交通类型代码,交通类型中文,shape_id,shape_pt_lat,shape_pt_lon,shape_pt_sequence
UNKNOWN,未分类／关联异常,4343,13.759316,100.572571,1
UNKNOWN,未分类／关联异常,4343,13.759259,100.572571,2
UNKNOWN,未分类／关联异常,4343,13.758435,100.57267,3
UNKNOWN,未分类／关联异常,4343,13.757118,100.572868,4
UNKNOWN,未分类／关联异常,4343,13.756652,100.572922,5
UNKNOWN,未分类／关联异常,4343,13.755563,100.573326,6
UNKNOWN,未分类／关联异常,4343,13.755342,100.573311,7
UNKNOWN,未分类／关联异常,4343,13.755478590061909,100.57152336510215,8
UNKNOWN,未分类／关联异常,4343,13.755479,100.571518,9
UNKNOWN,未分类／关联异常,4343,13.755734940979393,100.56832173706593,10
UNKNOWN,未分类／关联异常,4343,13.755735,100.568321,11
UNKNOWN,未分类／关联异常,4343,13.756012,100.564919,12
UNKNOWN,未分类／关联异常,4343,13.756136,100.564949,13
UNKNOWN,未分类／关联异常,4343,13.757311,100.565147,14
UNKNOWN,未分类／关联异常,4343,13.757681,100.565224,15
UNKNOWN,未分类／关联异常,4343,13.758791,100.565491,16
UNKNOWN,未分类／关联异常,4343,13.758791148654495,100.5654910368605,17
UNKNOWN,未分类／关联异常,4343,13.759404,100.565643,18
UNKNOWN,未分类／关联异常,4343,13.759887,100.565788,19
UNKNOWN,未分类／关联异常,4343,13.760174,100.565895,20
UNKNOWN,未分类／关联异常,4343,13.760799,100.566177,21
UNKNOWN,未分类／关联异常,4343,13.761573,100.566628,22
UNKNOWN,未分类／关联异常,4343,13.761573,100.566628,23
UNKNOWN,未分类／关联异常,4343,13.76202,100.566948,24
UNKNOWN,未分类／关联异常,4343,13.764926,100.569191,25
UNKNOWN,未分类／关联异常,4343,13.764926462159325,100.56919135424396,26
UNKNOWN,未分类／关联异常,4343,13.765911,100.569946,27
UNKNOWN,未分类／关联异常,4343,13.767152748992732,100.57091324660286,28
UNKNOWN,未分类／关联异常,4343,13.767155,100.570915,29
UNKNOWN,未分类／关联异常,4343,13.768779,100.572166,30
UNKNOWN,未分类／关联异常,4343,13.769178,100.572449,31
UNKNOWN,未分类／关联异常,4343,13.769506,100.572662,32
UNKNOWN,未分类／关联异常,4343,13.769814,100.572807,33
UNKNOWN,未分类／关联异常,4343,13.770473,100.573051,34
UNKNOWN,未分类／关联异常,4343,13.770989,100.573158,35
UNKNOWN,未分类／关联异常,4343,13.772112,100.573219,36
UNKNOWN,未分类／关联异常,4343,13.772368751247846,100.57321200677535,37
UNKNOWN,未分类／关联异常,4343,13.772369,100.573212,38
UNKNOWN,未分类／关联异常,4343,13.772623,100.573204,39
UNKNOWN,未分类／关联异常,4343,13.773403,100.573219,40
UNKNOWN,未分类／关联异常,4343,13.773863,100.573288,41
UNKNOWN,未分类／关联异常,4343,13.77499,100.573402,42
UNKNOWN,未分类／关联异常,4343,13.775193,100.57341,43
UNKNOWN,未分类／关联异常,4343,13.775209080616245,100.5734081958333,44
UNKNOWN,未分类／关联异常,4343,13.775603,100.573364,45
UNKNOWN,未分类／关联异常,4343,13.775723,100.57338,46
UNKNOWN,未分类／关联异常,4343,13.776394,100.573425,47
UNKNOWN,未分类／关联异常,4343,13.777179,100.57341,48
UNKNOWN,未分类／关联异常,4343,13.777742,100.573502,49
UNKNOWN,未分类／关联异常,4343,13.778153,100.573555,50
UNKNOWN,未分类／关联异常,4343,13.778295,100.57341,51
UNKNOWN,未分类／关联异常,4343,13.778366,100.573257,52
UNKNOWN,未分类／关联异常,4343,13.778235,100.572823,53
UNKNOWN,未分类／关联异常,4343,13.77809,100.572067,54
UNKNOWN,未分类／关联异常,4343,13.778082,100.571945,55
UNKNOWN,未分类／关联异常,4343,13.778128,100.571281,56
UNKNOWN,未分类／关联异常,4343,13.778247,100.570587,57
UNKNOWN,未分类／关联异常,4343,13.777476274437754,100.57052602171298,58
UNKNOWN,未分类／关联异常,4343,13.777476,100.570526,59
UNKNOWN,未分类／关联异常,4343,13.778247,100.570587,60
UNKNOWN,未分类／关联异常,4343,13.77828,100.570358,61
UNKNOWN,未分类／关联异常,4343,13.778277,100.569572,62
UNKNOWN,未分类／关联异常,4343,13.778277,100.569572,63
UNKNOWN,未分类／关联异常,4343,13.778395,100.568085,64
UNKNOWN,未分类／关联异常,4343,13.778425987591216,100.56742926258586,65
UNKNOWN,未分类／关联异常,4343,13.778426,100.567429,66
UNKNOWN,未分类／关联异常,4343,13.778426,100.567429,67
UNKNOWN,未分类／关联异常,4343,13.778425988,100.567429263,68
UNKNOWN,未分类／关联异常,4343,13.778425988,100.567429263,69
UNKNOWN,未分类／关联异常,4343,13.778425988,100.567429263,70
UNKNOWN,未分类／关联异常,4343,13.778425988,100.567429263,71
UNKNOWN,未分类／关联异常,4343,13.778425988,100.567429263,72
UNKNOWN,未分类／关联异常,4343,13.778425988,100.567429263,73
UNKNOWN,未分类／关联异常,4343,13.778425991,100.567429202,74
UNKNOWN,未分类／关联异常,4343,13.778426,100.567429,75
UNKNOWN,未分类／关联异常,4343,13.778449,100.566978,76
UNKNOWN,未分类／关联异常,4343,13.778482,100.566887,77
UNKNOWN,未分类／关联异常,4343,13.778528,100.566826,78
UNKNOWN,未分类／关联异常,4343,13.778546,100.566818,79
UNKNOWN,未分类／关联异常,4343,13.778592,100.566811,80
UNKNOWN,未分类／关联异常,4343,13.779609,100.567093,81
UNKNOWN,未分类／关联异常,4343,13.779609594,100.567093165,82
UNKNOWN,未分类／关联异常,4343,13.779609594,100.567093165,83
UNKNOWN,未分类／关联异常,4343,13.779609594,100.567093165,84
UNKNOWN,未分类／关联异常,4343,13.779609594,100.567093165,85
UNKNOWN,未分类／关联异常,4343,13.779609594,100.567093165,86
UNKNOWN,未分类／关联异常,4343,13.779609594,100.567093165,87
UNKNOWN,未分类／关联异常,4343,13.779609594,100.567093165,88
UNKNOWN,未分类／关联异常,4343,13.779609594,100.567093165,89
UNKNOWN,未分类／关联异常,4343,13.779609594,100.567093165,90
UNKNOWN,未分类／关联异常,4343,13.779609594,100.567093165,91
UNKNOWN,未分类／关联异常,4343,13.780184,100.567253,92
UNKNOWN,未分类／关联异常,4343,13.780741,100.567253,93
UNKNOWN,未分类／关联异常,4343,13.781420507,100.567230017,94
UNKNOWN,未分类／关联异常,4343,13.781420507,100.567230017,95
UNKNOWN,未分类／关联异常,4343,13.781420507,100.567230017,96
UNKNOWN,未分类／关联异常,4343,13.781420507,100.567230017,97
UNKNOWN,未分类／关联异常,4343,13.781420507,100.567230017,98
UNKNOWN,未分类／关联异常,4343,13.781420507,100.567230017,99
UNKNOWN,未分类／关联异常,4343,13.781420579,100.567230015,100
UNKNOWN,未分类／关联异常,4343,13.781421,100.56723,101
UNKNOWN,未分类／关联异常,4343,13.782022,100.567207,102
UNKNOWN,未分类／关联异常,4343,13.782315,100.567207,103
UNKNOWN,未分类／关联异常,4343,13.782868,100.567184,104
UNKNOWN,未分类／关联异常,4343,13.78355,100.567169,105
UNKNOWN,未分类／关联异常,4343,13.78355,100.567169,106
UNKNOWN,未分类／关联异常,4343,13.78355,100.567169,107
UNKNOWN,未分类／关联异常,4343,13.78355,100.567169,108
UNKNOWN,未分类／关联异常,4343,13.78355,100.567169,109
UNKNOWN,未分类／关联异常,4343,13.78355,100.567169,110
UNKNOWN,未分类／关联异常,4343,13.78355,100.567169,111
UNKNOWN,未分类／关联异常,4343,13.78355,100.567169,112
UNKNOWN,未分类／关联异常,4343,13.78355,100.567169,113
UNKNOWN,未分类／关联异常,4343,13.78355,100.567169,114
UNKNOWN,未分类／关联异常,4343,13.783744,100.567169,115
UNKNOWN,未分类／关联异常,4343,13.785286,100.567123,116
UNKNOWN,未分类／关联异常,4343,13.786087,100.567093,117
UNKNOWN,未分类／关联异常,4343,13.786485,100.56707,118
UNKNOWN,未分类／关联异常,4343,13.786486691,100.567069846,119
UNKNOWN,未分类／关联异常,4343,13.786486691,100.567069846,120
UNKNOWN,未分类／关联异常,4343,13.786486691,100.567069846,121
UNKNOWN,未分类／关联异常,4343,13.786486691,100.567069846,122
UNKNOWN,未分类／关联异常,4343,13.786486691,100.567069846,123
UNKNOWN,未分类／关联异常,4343,13.786486691,100.567069846,124
UNKNOWN,未分类／关联异常,4343,13.786486691,100.567069846,125
UNKNOWN,未分类／关联异常,4343,13.786486691,100.567069846,126
UNKNOWN,未分类／关联异常,4343,13.786486703,100.567069845,127
UNKNOWN,未分类／关联异常,4343,13.786989,100.567024,128
UNKNOWN,未分类／关联异常,4343,13.788395,100.566933,129
UNKNOWN,未分类／关联异常,4343,13.788699,100.566963,130
UNKNOWN,未分类／关联异常,4343,13.7887,100.566872,131
UNKNOWN,未分类／关联异常,4343,13.7887,100.566872,132
UNKNOWN,未分类／关联异常,4343,13.7887,100.566872,133
UNKNOWN,未分类／关联异常,4343,13.7887,100.566872,134
UNKNOWN,未分类／关联异常,4343,13.7887,100.566872,135
UNKNOWN,未分类／关联异常,4343,13.7887,100.566872,136
UNKNOWN,未分类／关联异常,4343,13.7887,100.566872,137
UNKNOWN,未分类／关联异常,4343,13.7887,100.566872,138
UNKNOWN,未分类／关联异常,4343,13.7887,100.566872,139
UNKNOWN,未分类／关联异常,4343,13.7887,100.566872,140
UNKNOWN,未分类／关联异常,4343,13.7887,100.566872,141
UNKNOWN,未分类／关联异常,4343,13.7887,100.566872,142
UNKNOWN,未分类／关联异常,4343,13.7887,100.566872,143
UNKNOWN,未分类／关联异常,4343,13.7887,100.566872,144
UNKNOWN,未分类／关联异常,4343,13.788699,100.566963,145
UNKNOWN,未分类／关联异常,4343,13.789547,100.567001,146
UNKNOWN,未分类／关联异常,4343,13.789498016,100.566017317,147
UNKNOWN,未分类／关联异常,4343,13.789498016,100.566017317,148
UNKNOWN,未分类／关联异常,4343,13.789498016,100.566017317,149
UNKNOWN,未分类／关联异常,4343,13.789498016,100.566017317,150
UNKNOWN,未分类／关联异常,4343,13.789498014,100.566017273,151
UNKNOWN,未分类／关联异常,4343,13.789498,100.566017,152
UNKNOWN,未分类／关联异常,4343,13.789371,100.563309,153
UNKNOWN,未分类／关联异常,4343,13.789345,100.562607,154
UNKNOWN,未分类／关联异常,4343,13.789344892006161,100.5626027542422,155
UNKNOWN,未分类／关联异常,4343,13.789344892,100.562602754,156
UNKNOWN,未分类／关联异常,4343,13.789344892,100.562602754,157
UNKNOWN,未分类／关联异常,4343,13.789344892,100.562602754,158
UNKNOWN,未分类／关联异常,4343,13.789344892,100.562602754,159
UNKNOWN,未分类／关联异常,4343,13.789344892,100.562602754,160
UNKNOWN,未分类／关联异常,4343,13.789344892,100.562602754,161
UNKNOWN,未分类／关联异常,4343,13.789344892,100.562602754,162
UNKNOWN,未分类／关联异常,4343,13.789344892,100.562602754,163
UNKNOWN,未分类／关联异常,4343,13.789344892,100.562602754,164
UNKNOWN,未分类／关联异常,4343,13.789344892,100.562602754,165
UNKNOWN,未分类／关联异常,4343,13.789325,100.561821,166
UNKNOWN,未分类／关联异常,4343,13.789291,100.561333,167
UNKNOWN,未分类／关联异常,4343,13.789268012,100.560806282,168
UNKNOWN,未分类／关联异常,4343,13.789268012,100.560806282,169
UNKNOWN,未分类／关联异常,4343,13.789268012,100.560806282,170
UNKNOWN,未分类／关联异常,4343,13.789268012,100.560806282,171
UNKNOWN,未分类／关联异常,4343,13.789268012,100.560806282,172
UNKNOWN,未分类／关联异常,4343,13.789268012,100.560806282,173
UNKNOWN,未分类／关联异常,4343,13.789268012,100.560806282,174
UNKNOWN,未分类／关联异常,4343,13.789268,100.560806,175
UNKNOWN,未分类／关联异常,4343,13.789204,100.559113,176
UNKNOWN,未分类／关联异常,4343,13.789186,100.558891,177
UNKNOWN,未分类／关联异常,4343,13.789153,100.558228,178
UNKNOWN,未分类／关联异常,4343,13.789152967,100.558227357,179
UNKNOWN,未分类／关联异常,4343,13.789152967,100.558227357,180
UNKNOWN,未分类／关联异常,4343,13.789152967,100.558227357,181
UNKNOWN,未分类／关联异常,4343,13.789152967,100.558227357,182
UNKNOWN,未分类／关联异常,4343,13.789152967,100.558227357,183
UNKNOWN,未分类／关联异常,4343,13.789152967,100.558227357,184
UNKNOWN,未分类／关联异常,4343,13.789152967,100.558227357,185
UNKNOWN,未分类／关联异常,4343,13.789152967,100.558227357,186
UNKNOWN,未分类／关联异常,4343,13.789152967,100.558227357,187
UNKNOWN,未分类／关联异常,4343,13.789094,100.557076,188
UNKNOWN,未分类／关联异常,4343,13.789078,100.55645,189
UNKNOWN,未分类／关联异常,4343,13.789052114004082,100.5558805020898,190
UNKNOWN,未分类／关联异常,4343,13.789052114,100.555880502,191
UNKNOWN,未分类／关联异常,4343,13.789052114,100.555880502,192
UNKNOWN,未分类／关联异常,4343,13.789052114,100.555880502,193
UNKNOWN,未分类／关联异常,4343,13.789052114,100.555880502,194
UNKNOWN,未分类／关联异常,4343,13.789052114,100.555880502,195
UNKNOWN,未分类／关联异常,4343,13.789052114,100.555880502,196
UNKNOWN,未分类／关联异常,4343,13.789052114,100.555880502,197
UNKNOWN,未分类／关联异常,4343,13.789052114,100.555880502,198
UNKNOWN,未分类／关联异常,4343,13.789052114,100.5558805,199
UNKNOWN,未分类／关联异常,4343,13.789052,100.555878,200
UNKNOWN,未分类／关联异常,4343,13.788973039,100.554169834,201
UNKNOWN,未分类／关联异常,4343,13.788973038,100.554169815,202
UNKNOWN,未分类／关联异常,4343,13.788973038,100.554169815,203
UNKNOWN,未分类／关联异常,4343,13.788973038,100.554169815,204
UNKNOWN,未分类／关联异常,4343,13.788973038,100.554169815,205
UNKNOWN,未分类／关联异常,4343,13.788973038,100.554169815,206
UNKNOWN,未分类／关联异常,4343,13.788973038,100.554169815,207
UNKNOWN,未分类／关联异常,4343,13.788973038,100.554169815,208
UNKNOWN,未分类／关联异常,4343,13.788973,100.554169,209
UNKNOWN,未分类／关联异常,4343,13.788913,100.552925,210
UNKNOWN,未分类／关联异常,4343,13.788868,100.552338,211
UNKNOWN,未分类／关联异常,4343,13.788869,100.552139,212
UNKNOWN,未分类／关联异常,4343,13.789057908983754,100.55074367012,213
UNKNOWN,未分类／关联异常,4343,13.789057909,100.55074367,214
UNKNOWN,未分类／关联异常,4343,13.789057909,100.55074367,215
UNKNOWN,未分类／关联异常,4343,13.789057909,100.55074367,216
UNKNOWN,未分类／关联异常,4343,13.789057909,100.55074367,217
UNKNOWN,未分类／关联异常,4343,13.789057909,100.55074367,218
UNKNOWN,未分类／关联异常,4343,13.789057909,100.55074367,219
UNKNOWN,未分类／关联异常,4343,13.789057909,100.55074367,220
UNKNOWN,未分类／关联异常,4343,13.789057909,100.55074367,221
UNKNOWN,未分类／关联异常,4343,13.789057909,100.55074367,222
UNKNOWN,未分类／关联异常,4343,13.789057909,100.55074367,223
UNKNOWN,未分类／关联异常,4343,13.789058,100.550743,224
UNKNOWN,未分类／关联异常,4343,13.789157,100.550011,225
UNKNOWN,未分类／关联异常,4343,13.789246483,100.549259339,226
UNKNOWN,未分类／关联异常,4343,13.789246483,100.549259339,227
UNKNOWN,未分类／关联异常,4343,13.789246483,100.549259339,228
UNKNOWN,未分类／关联异常,4343,13.789246483,100.549259339,229
UNKNOWN,未分类／关联异常,4343,13.789246483,100.549259339,230
UNKNOWN,未分类／关联异常,4343,13.789246483,100.549259339,231
UNKNOWN,未分类／关联异常,4343,13.789246483,100.549259339,232
UNKNOWN,未分类／关联异常,4343,13.789247,100.549255,233
UNKNOWN,未分类／关联异常,4343,13.789167,100.549927,234
UNKNOWN,未分类／关联异常,4343,13.789542,100.549965,235
UNKNOWN,未分类／关联异常,4343,13.789527,100.549751,236
UNKNOWN,未分类／关联异常,4343,13.789699,100.54837,237
UNKNOWN,未分类／关联异常,4343,13.786203902,100.547104326,238
UNKNOWN,未分类／关联异常,4343,13.786203902,100.547104326,239
UNKNOWN,未分类／关联异常,4343,13.786203902,100.547104326,240
UNKNOWN,未分类／关联异常,4343,13.786203902,100.547104326,241
UNKNOWN,未分类／关联异常,4343,13.786203902,100.547104326,242
UNKNOWN,未分类／关联异常,4343,13.786203902,100.547104326,243
UNKNOWN,未分类／关联异常,4343,13.786203902,100.547104326,244
UNKNOWN,未分类／关联异常,4343,13.786203902,100.547104326,245
UNKNOWN,未分类／关联异常,4343,13.786203891,100.547104322,246
UNKNOWN,未分类／关联异常,4343,13.786203,100.547104,247
UNKNOWN,未分类／关联异常,4343,13.783854,100.546249,248
UNKNOWN,未分类／关联异常,4343,13.783852476,100.546248443,249
UNKNOWN,未分类／关联异常,4343,13.783852476,100.546248443,250
UNKNOWN,未分类／关联异常,4343,13.783852476,100.546248443,251
UNKNOWN,未分类／关联异常,4343,13.783852476,100.546248443,252
UNKNOWN,未分类／关联异常,4343,13.783852476,100.546248443,253
UNKNOWN,未分类／关联异常,4343,13.783852476,100.546248443,254
UNKNOWN,未分类／关联异常,4343,13.783852476,100.546248443,255
UNKNOWN,未分类／关联异常,4343,13.783852476,100.546248443,256
UNKNOWN,未分类／关联异常,4343,13.783852475,100.546248443,257
UNKNOWN,未分类／关联异常,4343,13.779787226339064,100.54476208312397,258
UNKNOWN,未分类／关联异常,4343,13.779787226,100.544762083,259
UNKNOWN,未分类／关联异常,4343,13.779787226,100.544762083,260
UNKNOWN,未分类／关联异常,4343,13.779787226,100.544762083,261
UNKNOWN,未分类／关联异常,4343,13.779787226,100.544762083,262
UNKNOWN,未分类／关联异常,4343,13.779787226,100.544762083,263
UNKNOWN,未分类／关联异常,4343,13.779787226,100.544762083,264
UNKNOWN,未分类／关联异常,4343,13.779787226,100.544762083,265
UNKNOWN,未分类／关联异常,4343,13.779787226,100.544762083,266
UNKNOWN,未分类／关联异常,4343,13.779787,100.544762,267
UNKNOWN,未分类／关联异常,4343,13.778928,100.544449,268
UNKNOWN,未分类／关联异常,4343,13.777351862,100.543892305,269
UNKNOWN,未分类／关联异常,4343,13.777351862,100.543892305,270
UNKNOWN,未分类／关联异常,4343,13.777351862,100.543892305,271
UNKNOWN,未分类／关联异常,4343,13.777351862,100.543892305,272
UNKNOWN,未分类／关联异常,4343,13.777351862,100.543892305,273
UNKNOWN,未分类／关联异常,4343,13.777351862,100.543892305,274
UNKNOWN,未分类／关联异常,4343,13.777351862,100.543892305,275
UNKNOWN,未分类／关联异常,4343,13.777351862,100.543892305,276
UNKNOWN,未分类／关联异常,4343,13.777351862,100.543892305,277
UNKNOWN,未分类／关联异常,4343,13.777351,100.543892,278
UNKNOWN,未分类／关联异常,4343,13.775581,100.543259,279
UNKNOWN,未分类／关联异常,4343,13.775155,100.543114,280
UNKNOWN,未分类／关联异常,4343,13.774621647,100.542915613,281
UNKNOWN,未分类／关联异常,4343,13.774621647,100.542915613,282
UNKNOWN,未分类／关联异常,4343,13.774621647,100.542915613,283
UNKNOWN,未分类／关联异常,4343,13.774621647,100.542915613,284
UNKNOWN,未分类／关联异常,4343,13.774621647,100.542915613,285
UNKNOWN,未分类／关联异常,4343,13.774621647,100.542915613,286
UNKNOWN,未分类／关联异常,4343,13.774621647,100.542915613,287
UNKNOWN,未分类／关联异常,4343,13.774621647,100.542915613,288
UNKNOWN,未分类／关联异常,4343,13.774621647,100.542915613,289
UNKNOWN,未分类／关联异常,4343,13.774621647,100.542915613,290
UNKNOWN,未分类／关联异常,4343,13.77462,100.542915,291
UNKNOWN,未分类／关联异常,4343,13.774446,100.542862,292
UNKNOWN,未分类／关联异常,4343,13.774186,100.542763,293
UNKNOWN,未分类／关联异常,4343,13.772964,100.542336,294
UNKNOWN,未分类／关联异常,4343,13.772962739,100.542335546,295
UNKNOWN,未分类／关联异常,4343,13.772962739,100.542335546,296
UNKNOWN,未分类／关联异常,4343,13.772962739,100.542335546,297
UNKNOWN,未分类／关联异常,4343,13.772962739,100.542335546,298
UNKNOWN,未分类／关联异常,4343,13.772962739,100.542335546,299
UNKNOWN,未分类／关联异常,4343,13.772962739,100.542335546,300
UNKNOWN,未分类／关联异常,4343,13.772962739,100.542335546,301
UNKNOWN,未分类／关联异常,4343,13.772962739,100.542335546,302
UNKNOWN,未分类／关联异常,4343,13.770378,100.541405,303
UNKNOWN,未分类／关联异常,4343,13.769634,100.541,304
UNKNOWN,未分类／关联异常,4343,13.769633377,100.540999658,305
UNKNOWN,未分类／关联异常,4343,13.769633376,100.540999658,306
UNKNOWN,未分类／关联异常,4343,13.769633376,100.540999658,307
UNKNOWN,未分类／关联异常,4343,13.769633376,100.540999658,308
UNKNOWN,未分类／关联异常,4343,13.769633376,100.540999658,309
UNKNOWN,未分类／关联异常,4343,13.769633376,100.540999658,310
UNKNOWN,未分类／关联异常,4343,13.769633376,100.540999658,311
UNKNOWN,未分类／关联异常,4343,13.769633376,100.540999658,312
UNKNOWN,未分类／关联异常,4343,13.769633376,100.540999658,313
UNKNOWN,未分类／关联异常,4343,13.767398,100.539772,314
UNKNOWN,未分类／关联异常,4343,13.767397447,100.539771698,315
UNKNOWN,未分类／关联异常,4343,13.767397447,100.539771698,316
UNKNOWN,未分类／关联异常,4343,13.767397447,100.539771698,317
UNKNOWN,未分类／关联异常,4343,13.767397447,100.539771698,318
UNKNOWN,未分类／关联异常,4343,13.767397447,100.539771698,319
UNKNOWN,未分类／关联异常,4343,13.767397447,100.539771698,320
UNKNOWN,未分类／关联异常,4343,13.767397447,100.539771698,321
UNKNOWN,未分类／关联异常,4343,13.767397447,100.539771698,322
UNKNOWN,未分类／关联异常,4343,13.767397422,100.539771684,323
UNKNOWN,未分类／关联异常,4343,13.766224,100.539131,324
UNKNOWN,未分类／关联异常,4343,13.765858,100.53891,325
UNKNOWN,未分类／关联异常,4343,13.765704,100.538826,326
UNKNOWN,未分类／关联异常,4343,13.765614,100.538803,327
UNKNOWN,未分类／关联异常,4343,13.765283,100.538795,328
UNKNOWN,未分类／关联异常,4343,13.765155,100.538834,329
UNKNOWN,未分类／关联异常,4343,13.765036,100.538834,330
UNKNOWN,未分类／关联异常,4343,13.765004,100.538826,331
UNKNOWN,未分类／关联异常,4343,13.764877,100.538925,332
UNKNOWN,未分类／关联异常,4343,13.764758,100.538902,333
UNKNOWN,未分类／关联异常,4343,13.764672,100.538872,334
UNKNOWN,未分类／关联异常,4343,13.764568,100.538811,335
UNKNOWN,未分类／关联异常,4343,13.764451,100.538712,336
UNKNOWN,未分类／关联异常,4343,13.764389,100.538605,337
UNKNOWN,未分类／关联异常,4343,13.764352,100.538498,338
UNKNOWN,未分类／关联异常,4343,13.764343195,100.538476938,339
UNKNOWN,未分类／关联异常,4343,13.764343195,100.538476938,340
UNKNOWN,未分类／关联异常,4343,13.764343195,100.538476938,341
UNKNOWN,未分类／关联异常,4343,13.764343195,100.538476938,342
UNKNOWN,未分类／关联异常,4343,13.764343195,100.538476938,343
UNKNOWN,未分类／关联异常,4343,13.764343195,100.538476938,344
UNKNOWN,未分类／关联异常,4343,13.764343195,100.538476938,345
UNKNOWN,未分类／关联异常,4343,13.764343195,100.538476938,346
UNKNOWN,未分类／关联异常,4343,13.764343195,100.538476938,347
UNKNOWN,未分类／关联异常,4343,13.764301,100.538376,348
UNKNOWN,未分类／关联异常,4343,13.76428,100.538284,349
UNKNOWN,未分类／关联异常,4343,13.764052,100.53791,350
UNKNOWN,未分类／关联异常,4343,13.763988,100.537834,351
UNKNOWN,未分类／关联异常,4343,13.763895,100.537758,352
UNKNOWN,未分类／关联异常,4343,13.763715,100.537651,353
UNKNOWN,未分类／关联异常,4343,13.762877,100.537239,354
UNKNOWN,未分类／关联异常,4343,13.761851,100.536667,355
UNKNOWN,未分类／关联异常,4343,13.761848139,100.536665334,356
UNKNOWN,未分类／关联异常,4343,13.761848139,100.536665334,357
UNKNOWN,未分类／关联异常,4343,13.761848139,100.536665334,358
UNKNOWN,未分类／关联异常,4343,13.761848139,100.536665334,359
UNKNOWN,未分类／关联异常,4343,13.761848139,100.536665334,360
UNKNOWN,未分类／关联异常,4343,13.761848139,100.536665334,361
UNKNOWN,未分类／关联异常,4343,13.761848139,100.536665334,362
UNKNOWN,未分类／关联异常,4343,13.761848139,100.536665334,363
UNKNOWN,未分类／关联异常,4343,13.761848139,100.536665334,364
UNKNOWN,未分类／关联异常,4343,13.761432,100.536423,365
UNKNOWN,未分类／关联异常,4343,13.759558,100.535378,366
UNKNOWN,未分类／关联异常,4343,13.759557126,100.535377509,367
UNKNOWN,未分类／关联异常,4343,13.759557126,100.535377509,368
UNKNOWN,未分类／关联异常,4343,13.757874,100.534431,369
UNKNOWN,未分类／关联异常,4343,13.756328,100.533577,370
UNKNOWN,未分类／关联异常,4343,13.754780136861454,100.53270763852129,371
UNKNOWN,未分类／关联异常,4343,13.754779,100.532707,372
UNKNOWN,未分类／关联异常,4343,13.754780122,100.532707629,373
UNKNOWN,未分类／关联异常,4343,13.754780122,100.532707629,374
UNKNOWN,未分类／关联异常,4343,13.754780122,100.532707629,375
UNKNOWN,未分类／关联异常,4343,13.754780122,100.532707629,376
UNKNOWN,未分类／关联异常,4343,13.754780122,100.532707629,377
UNKNOWN,未分类／关联异常,4343,13.754780122,100.532707629,378
UNKNOWN,未分类／关联异常,4343,13.754780122,100.532707629,379
UNKNOWN,未分类／关联异常,4343,13.754779,100.532707,380
UNKNOWN,未分类／关联异常,4343,13.753399,100.531929,381
UNKNOWN,未分类／关联异常,4343,13.753289,100.531898,382
UNKNOWN,未分类／关联异常,4343,13.753214,100.531868,383
UNKNOWN,未分类／关联异常,4343,13.753096,100.531845,384
UNKNOWN,未分类／关联异常,4343,13.752481,100.531746,385
UNKNOWN,未分类／关联异常,4343,13.751509,100.531609,386
UNKNOWN,未分类／关联异常,4343,13.751508088,100.53160887,387
UNKNOWN,未分类／关联异常,4343,13.751508078,100.531608869,388
UNKNOWN,未分类／关联异常,4343,13.751508078,100.531608869,389
UNKNOWN,未分类／关联异常,4343,13.751508078,100.531608869,390
UNKNOWN,未分类／关联异常,4343,13.751508078,100.531608869,391
UNKNOWN,未分类／关联异常,4343,13.751508078,100.531608869,392
UNKNOWN,未分类／关联异常,4343,13.751508078,100.531608869,393
UNKNOWN,未分类／关联异常,4343,13.751508078,100.531608869,394
UNKNOWN,未分类／关联异常,4343,13.751508078,100.531608869,395
UNKNOWN,未分类／关联异常,4343,13.750373,100.531448,396
UNKNOWN,未分类／关联异常,4343,13.750047,100.531311,397
UNKNOWN,未分类／关联异常,4343,13.748127,100.531029,398
UNKNOWN,未分类／关联异常,4343,13.747409,100.530937,399
UNKNOWN,未分类／关联异常,4343,13.747185,100.530991,400
UNKNOWN,未分类／关联异常,4343,13.746838,100.530922,401
UNKNOWN,未分类／关联异常,4343,13.746781,100.53093,402
UNKNOWN,未分类／关联异常,4343,13.746672,100.53096,403
UNKNOWN,未分类／关联异常,4343,13.746566,100.531006,404
UNKNOWN,未分类／关联异常,4343,13.746515,100.531029,405
UNKNOWN,未分类／关联异常,4343,13.746424,100.53109,406
UNKNOWN,未分类／关联异常,4343,13.746272,100.531242,407
UNKNOWN,未分类／关联异常,4343,13.746161,100.531425,408
UNKNOWN,未分类／关联异常,4343,13.746122,100.531525,409
UNKNOWN,未分类／关联异常,4343,13.745887,100.532898,410
UNKNOWN,未分类／关联异常,4343,13.745857544,100.532977816,411
UNKNOWN,未分类／关联异常,4343,13.745857544,100.532977817,412
UNKNOWN,未分类／关联异常,4343,13.745857544,100.532977817,413
UNKNOWN,未分类／关联异常,4343,13.745857544,100.532977817,414
UNKNOWN,未分类／关联异常,4343,13.745857544,100.532977817,415
UNKNOWN,未分类／关联异常,4343,13.745857544,100.532977817,416
UNKNOWN,未分类／关联异常,4343,13.745857544,100.532977817,417
UNKNOWN,未分类／关联异常,4343,13.745857544,100.532977817,418
UNKNOWN,未分类／关联异常,4343,13.745857544,100.532977817,419
UNKNOWN,未分类／关联异常,4343,13.745856,100.532982,420
UNKNOWN,未分类／关联异常,4343,13.745793,100.533142,421
UNKNOWN,未分类／关联异常,4343,13.745705,100.533707,422
UNKNOWN,未分类／关联异常,4343,13.74536,100.535637,423
UNKNOWN,未分类／关联异常,4343,13.74536,100.535797,424
UNKNOWN,未分类／关联异常,4343,13.745224,100.536591,425
UNKNOWN,未分类／关联异常,4343,13.745223991,100.536591054,426
UNKNOWN,未分类／关联异常,4343,13.745223991,100.536591054,427
UNKNOWN,未分类／关联异常,4343,13.745223991,100.536591054,428
UNKNOWN,未分类／关联异常,4343,13.745223991,100.536591054,429
UNKNOWN,未分类／关联异常,4343,13.745223991,100.536591054,430
UNKNOWN,未分类／关联异常,4343,13.745223991,100.536591054,431
UNKNOWN,未分类／关联异常,4343,13.745223991,100.536591054,432
UNKNOWN,未分类／关联异常,4343,13.745223991,100.536591054,433
UNKNOWN,未分类／关联异常,4343,13.745223991,100.536591054,434
UNKNOWN,未分类／关联异常,4343,13.744994,100.537918,435
UNKNOWN,未分类／关联异常,4343,13.744611,100.540245,436
UNKNOWN,未分类／关联异常,4343,13.746456799873146,100.54052696898061,437
UNKNOWN,未分类／关联异常,4343,13.7464568,100.540526969,438
UNKNOWN,未分类／关联异常,4343,13.7464568,100.540526969,439
UNKNOWN,未分类／关联异常,4343,13.7464568,100.540526969,440
UNKNOWN,未分类／关联异常,4343,13.7464568,100.540526969,441
UNKNOWN,未分类／关联异常,4343,13.7464568,100.540526969,442
UNKNOWN,未分类／关联异常,4343,13.7464568,100.540526969,443
UNKNOWN,未分类／关联异常,4343,13.7464568,100.540526969,444
UNKNOWN,未分类／关联异常,4343,13.7464568,100.540526969,445
UNKNOWN,未分类／关联异常,4343,13.7464568,100.540526969,446
UNKNOWN,未分类／关联异常,4343,13.7464568,100.540526969,447
UNKNOWN,未分类／关联异常,4343,13.746457,100.540527,448
UNKNOWN,未分类／关联异常,4343,13.747513216,100.540687729,449
UNKNOWN,未分类／关联异常,4343,13.747513216,100.540687729,450
UNKNOWN,未分类／关联异常,4343,13.747513216,100.540687729,451
UNKNOWN,未分类／关联异常,4343,13.747513216,100.540687729,452
UNKNOWN,未分类／关联异常,4343,13.747513216,100.540687729,453
UNKNOWN,未分类／关联异常,4343,13.747513216,100.540687729,454
UNKNOWN,未分类／关联异常,4343,13.747513233,100.540687732,455
UNKNOWN,未分类／关联异常,4343,13.747515,100.540688,456
UNKNOWN,未分类／关联异常,4343,13.749962,100.541061,457
UNKNOWN,未分类／关联异常,4343,13.752067,100.541473,458
UNKNOWN,未分类／关联异常,4343,13.752635,100.541595,459
UNKNOWN,未分类／关联异常,4343,13.753384098696678,100.54177078792881,460
UNKNOWN,未分类／关联异常,4343,13.753384099,100.541770788,461
UNKNOWN,未分类／关联异常,4343,13.753384099,100.541770788,462
UNKNOWN,未分类／关联异常,4343,13.753384099,100.541770788,463
UNKNOWN,未分类／关联异常,4343,13.753384099,100.541770788,464
UNKNOWN,未分类／关联异常,4343,13.753384099,100.541770788,465
UNKNOWN,未分类／关联异常,4343,13.753384099,100.541770788,466
UNKNOWN,未分类／关联异常,4343,13.753384099,100.541770788,467
UNKNOWN,未分类／关联异常,4343,13.753384099,100.541770788,468
UNKNOWN,未分类／关联异常,4343,13.753385,100.541771,469
UNKNOWN,未分类／关联异常,4343,13.753727,100.54184,470
UNKNOWN,未分类／关联异常,4343,13.754392,100.541992,471
UNKNOWN,未分类／关联异常,4343,13.755768,100.542343,472
UNKNOWN,未分类／关联异常,4343,13.755994,100.542381,473
UNKNOWN,未分类／关联异常,4343,13.756319,100.542419,474
UNKNOWN,未分类／关联异常,4343,13.756945,100.542435,475
UNKNOWN,未分类／关联异常,4343,13.757879,100.542442,476
UNKNOWN,未分类／关联异常,4343,13.757879,100.542442,477
UNKNOWN,未分类／关联异常,4343,13.757879,100.542442,478
UNKNOWN,未分类／关联异常,4343,13.757879,100.542442,479
UNKNOWN,未分类／关联异常,4343,13.757879,100.542442,480
UNKNOWN,未分类／关联异常,4343,13.757879,100.542442,481
UNKNOWN,未分类／关联异常,4343,13.757879,100.542442,482
UNKNOWN,未分类／关联异常,4343,13.757879,100.542442,483
UNKNOWN,未分类／关联异常,4343,13.757879,100.542442,484
UNKNOWN,未分类／关联异常,4343,13.757879,100.542442,485
UNKNOWN,未分类／关联异常,4343,13.758826,100.542458,486
UNKNOWN,未分类／关联异常,4343,13.760821262,100.542458,487
UNKNOWN,未分类／关联异常,4343,13.760821262,100.542458,488
UNKNOWN,未分类／关联异常,4343,13.760821262,100.542458,489
UNKNOWN,未分类／关联异常,4343,13.760821262,100.542458,490
UNKNOWN,未分类／关联异常,4343,13.760821262,100.542458,491
UNKNOWN,未分类／关联异常,4343,13.760821262,100.542458,492
UNKNOWN,未分类／关联异常,4343,13.760821262,100.542458,493
UNKNOWN,未分类／关联异常,4343,13.760821262,100.542458,494
UNKNOWN,未分类／关联异常,4343,13.760821262,100.542458,495
UNKNOWN,未分类／关联异常,4343,13.760822,100.542458,496
UNKNOWN,未分类／关联异常,4343,13.761164,100.54245,497
UNKNOWN,未分类／关联异常,4343,13.762193,100.54245,498
UNKNOWN,未分类／关联异常,4343,13.762368,100.54248,499
UNKNOWN,未分类／关联异常,4343,13.762551,100.542557,500
UNKNOWN,未分类／关联异常,4343,13.762605,100.542595,501
UNKNOWN,未分类／关联异常,4343,13.762637,100.542625,502
UNKNOWN,未分类／关联异常,4343,13.762774,100.542816,503
UNKNOWN,未分类／关联异常,4343,13.762836,100.542938,504
UNKNOWN,未分类／关联异常,4343,13.762847,100.543228,505
UNKNOWN,未分类／关联异常,4343,13.763162,100.54435,506
UNKNOWN,未分类／关联异常,4343,13.763271,100.544693,507
UNKNOWN,未分类／关联异常,4343,13.763272745,100.54469856,508
UNKNOWN,未分类／关联异常,4343,13.763272745,100.54469856,509
UNKNOWN,未分类／关联异常,4343,13.763272745,100.54469856,510
UNKNOWN,未分类／关联异常,4343,13.763272745,100.54469856,511
UNKNOWN,未分类／关联异常,4343,13.763272745,100.54469856,512
UNKNOWN,未分类／关联异常,4343,13.763272745,100.54469856,513
UNKNOWN,未分类／关联异常,4343,13.763272745,100.54469856,514
UNKNOWN,未分类／关联异常,4343,13.763272745,100.54469856,515
UNKNOWN,未分类／关联异常,4343,13.763272745,100.54469856,516
UNKNOWN,未分类／关联异常,4343,13.763453,100.545273,517
UNKNOWN,未分类／关联异常,4343,13.763515,100.545677,518
UNKNOWN,未分类／关联异常,4343,13.763726,100.546471,519
UNKNOWN,未分类／关联异常,4343,13.763972,100.547318,520
UNKNOWN,未分类／关联异常,4343,13.764039,100.5476,521
UNKNOWN,未分类／关联异常,4343,13.764059,100.547737,522
UNKNOWN,未分类／关联异常,4343,13.764044,100.547966,523
UNKNOWN,未分类／关联异常,4343,13.764027,100.548058,524
UNKNOWN,未分类／关联异常,4343,13.764003,100.548126,525
UNKNOWN,未分类／关联异常,4343,13.763916,100.548271,526
UNKNOWN,未分类／关联异常,4343,13.763872,100.54834,527
UNKNOWN,未分类／关联异常,4343,13.763627,100.548653,528
UNKNOWN,未分类／关联异常,4343,13.763476,100.548889,529
UNKNOWN,未分类／关联异常,4343,13.762807,100.55027,530
UNKNOWN,未分类／关联异常,4343,13.762716,100.550491,531
UNKNOWN,未分类／关联异常,4343,13.762414,100.551102,532
UNKNOWN,未分类／关联异常,4343,13.762413782,100.55110244,533
UNKNOWN,未分类／关联异常,4343,13.762413782,100.55110244,534
UNKNOWN,未分类／关联异常,4343,13.762413782,100.55110244,535
UNKNOWN,未分类／关联异常,4343,13.762413782,100.55110244,536
UNKNOWN,未分类／关联异常,4343,13.762413782,100.55110244,537
UNKNOWN,未分类／关联异常,4343,13.762413782,100.55110244,538
UNKNOWN,未分类／关联异常,4343,13.762413782,100.55110244,539
UNKNOWN,未分类／关联异常,4343,13.762413782,100.55110244,540
UNKNOWN,未分类／关联异常,4343,13.762413782,100.55110244,541
UNKNOWN,未分类／关联异常,4343,13.761588,100.552765,542
UNKNOWN,未分类／关联异常,4343,13.761353833,100.553259242,543
UNKNOWN,未分类／关联异常,4343,13.761353833,100.553259242,544
UNKNOWN,未分类／关联异常,4343,13.760411,100.555252,545
UNKNOWN,未分类／关联异常,4343,13.760257128665206,100.55553988830381,546
UNKNOWN,未分类／关联异常,4343,13.760256,100.555542,547
UNKNOWN,未分类／关联异常,4343,13.760097,100.555832,548
UNKNOWN,未分类／关联异常,4343,13.759913,100.556122,549
UNKNOWN,未分类／关联异常,4343,13.759825,100.556229,550
UNKNOWN,未分类／关联异常,4343,13.759748,100.556305,551
UNKNOWN,未分类／关联异常,4343,13.759526,100.556473,552
UNKNOWN,未分类／关联异常,4343,13.758819,100.556839,553
UNKNOWN,未分类／关联异常,4343,13.758053,100.55719,554
UNKNOWN,未分类／关联异常,4343,13.757795,100.557335,555
UNKNOWN,未分类／关联异常,4343,13.757492,100.557579,556
UNKNOWN,未分类／关联异常,4343,13.757403,100.557663,557
UNKNOWN,未分类／关联异常,4343,13.757197,100.557884,558
UNKNOWN,未分类／关联异常,4343,13.757120213966939,100.5579854334017,559
UNKNOWN,未分类／关联异常,4343,13.757116,100.557991,560
UNKNOWN,未分类／关联异常,4343,13.756951,100.55822,561
UNKNOWN,未分类／关联异常,4343,13.756813,100.558456,562
UNKNOWN,未分类／关联异常,4343,13.756731,100.55864,563
UNKNOWN,未分类／关联异常,4343,13.756653,100.558884,564
UNKNOWN,未分类／关联异常,4343,13.756593,100.559166,565
UNKNOWN,未分类／关联异常,4343,13.756549,100.559456,566
UNKNOWN,未分类／关联异常,4343,13.756445,100.56073,567
UNKNOWN,未分类／关联异常,4343,13.756340298632209,100.56229752904923,568
UNKNOWN,未分类／关联异常,4343,13.75634,100.562302,569
UNKNOWN,未分类／关联异常,4343,13.756225,100.564087,570
UNKNOWN,未分类／关联异常,4343,13.755944425785232,100.56797210416248,571
UNKNOWN,未分类／关联异常,4343,13.755944,100.567978,572
UNKNOWN,未分类／关联异常,4343,13.755653,100.571686,573
UNKNOWN,未分类／关联异常,4344,13.759316,100.572571,1
UNKNOWN,未分类／关联异常,4344,13.759259,100.572571,2
UNKNOWN,未分类／关联异常,4344,13.758435,100.57267,3
UNKNOWN,未分类／关联异常,4344,13.757118,100.572868,4
UNKNOWN,未分类／关联异常,4344,13.756652,100.572922,5
UNKNOWN,未分类／关联异常,4344,13.755563,100.573326,6
UNKNOWN,未分类／关联异常,4344,13.755342,100.573311,7
UNKNOWN,未分类／关联异常,4344,13.755478590061909,100.57152336510215,8
UNKNOWN,未分类／关联异常,4344,13.755479,100.571518,9
UNKNOWN,未分类／关联异常,4344,13.755734940979393,100.56832173706593,10
UNKNOWN,未分类／关联异常,4344,13.755735,100.568321,11
UNKNOWN,未分类／关联异常,4344,13.756012,100.564919,12
UNKNOWN,未分类／关联异常,4344,13.756136,100.564949,13
UNKNOWN,未分类／关联异常,4344,13.757311,100.565147,14
UNKNOWN,未分类／关联异常,4344,13.757681,100.565224,15
UNKNOWN,未分类／关联异常,4344,13.758791,100.565491,16
UNKNOWN,未分类／关联异常,4344,13.758791148654495,100.5654910368605,17
UNKNOWN,未分类／关联异常,4344,13.759404,100.565643,18
UNKNOWN,未分类／关联异常,4344,13.759887,100.565788,19
UNKNOWN,未分类／关联异常,4344,13.760174,100.565895,20
UNKNOWN,未分类／关联异常,4344,13.760799,100.566177,21
UNKNOWN,未分类／关联异常,4344,13.761573,100.566628,22
UNKNOWN,未分类／关联异常,4344,13.761573,100.566628,23
UNKNOWN,未分类／关联异常,4344,13.76202,100.566948,24
UNKNOWN,未分类／关联异常,4344,13.764926,100.569191,25
UNKNOWN,未分类／关联异常,4344,13.764926462159325,100.56919135424396,26
UNKNOWN,未分类／关联异常,4344,13.765911,100.569946,27
UNKNOWN,未分类／关联异常,4344,13.767152748992732,100.57091324660286,28
UNKNOWN,未分类／关联异常,4344,13.767155,100.570915,29
UNKNOWN,未分类／关联异常,4344,13.768779,100.572166,30
UNKNOWN,未分类／关联异常,4344,13.769178,100.572449,31
UNKNOWN,未分类／关联异常,4344,13.769506,100.572662,32
UNKNOWN,未分类／关联异常,4344,13.769814,100.572807,33
UNKNOWN,未分类／关联异常,4344,13.770473,100.573051,34
UNKNOWN,未分类／关联异常,4344,13.770989,100.573158,35
UNKNOWN,未分类／关联异常,4344,13.772112,100.573219,36
UNKNOWN,未分类／关联异常,4344,13.772368751247846,100.57321200677535,37
UNKNOWN,未分类／关联异常,4344,13.772369,100.573212,38
UNKNOWN,未分类／关联异常,4344,13.772623,100.573204,39
UNKNOWN,未分类／关联异常,4344,13.773403,100.573219,40
UNKNOWN,未分类／关联异常,4344,13.773863,100.573288,41
UNKNOWN,未分类／关联异常,4344,13.77499,100.573402,42
UNKNOWN,未分类／关联异常,4344,13.775193,100.57341,43
UNKNOWN,未分类／关联异常,4344,13.775209080616245,100.5734081958333,44
UNKNOWN,未分类／关联异常,4344,13.775603,100.573364,45
UNKNOWN,未分类／关联异常,4344,13.775723,100.57338,46
UNKNOWN,未分类／关联异常,4344,13.776394,100.573425,47
UNKNOWN,未分类／关联异常,4344,13.777179,100.57341,48
UNKNOWN,未分类／关联异常,4344,13.777742,100.573502,49
UNKNOWN,未分类／关联异常,4344,13.778153,100.573555,50
UNKNOWN,未分类／关联异常,4344,13.778295,100.57341,51
UNKNOWN,未分类／关联异常,4344,13.778366,100.573257,52
UNKNOWN,未分类／关联异常,4344,13.778235,100.572823,53
UNKNOWN,未分类／关联异常,4344,13.77809,100.572067,54
UNKNOWN,未分类／关联异常,4344,13.778082,100.571945,55
UNKNOWN,未分类／关联异常,4344,13.778128,100.571281,56
UNKNOWN,未分类／关联异常,4344,13.778247,100.570587,57
UNKNOWN,未分类／关联异常,4344,13.777476274437754,100.57052602171298,58
UNKNOWN,未分类／关联异常,4344,13.777476,100.570526,59
UNKNOWN,未分类／关联异常,4344,13.778247,100.570587,60
UNKNOWN,未分类／关联异常,4344,13.77828,100.570358,61
UNKNOWN,未分类／关联异常,4344,13.778277,100.569572,62
UNKNOWN,未分类／关联异常,4344,13.778277,100.569572,63
UNKNOWN,未分类／关联异常,4344,13.778395,100.568085,64
UNKNOWN,未分类／关联异常,4344,13.778425987591216,100.56742926258586,65
UNKNOWN,未分类／关联异常,4344,13.778426,100.567429,66
UNKNOWN,未分类／关联异常,4344,13.778426,100.567429,67
UNKNOWN,未分类／关联异常,4344,13.778425988,100.567429263,68
UNKNOWN,未分类／关联异常,4344,13.778425988,100.567429263,69
UNKNOWN,未分类／关联异常,4344,13.778425988,100.567429263,70
UNKNOWN,未分类／关联异常,4344,13.778425988,100.567429263,71
UNKNOWN,未分类／关联异常,4344,13.778425988,100.567429263,72
UNKNOWN,未分类／关联异常,4344,13.778425988,100.567429263,73
UNKNOWN,未分类／关联异常,4344,13.778425991,100.567429202,74
UNKNOWN,未分类／关联异常,4344,13.778426,100.567429,75
UNKNOWN,未分类／关联异常,4344,13.778449,100.566978,76
UNKNOWN,未分类／关联异常,4344,13.778482,100.566887,77
UNKNOWN,未分类／关联异常,4344,13.778528,100.566826,78
UNKNOWN,未分类／关联异常,4344,13.778546,100.566818,79
UNKNOWN,未分类／关联异常,4344,13.778592,100.566811,80
UNKNOWN,未分类／关联异常,4344,13.779609,100.567093,81
UNKNOWN,未分类／关联异常,4344,13.779609594,100.567093165,82
UNKNOWN,未分类／关联异常,4344,13.779609594,100.567093165,83
UNKNOWN,未分类／关联异常,4344,13.779609594,100.567093165,84
UNKNOWN,未分类／关联异常,4344,13.779609594,100.567093165,85
UNKNOWN,未分类／关联异常,4344,13.779609594,100.567093165,86
UNKNOWN,未分类／关联异常,4344,13.779609594,100.567093165,87
UNKNOWN,未分类／关联异常,4344,13.779609594,100.567093165,88
UNKNOWN,未分类／关联异常,4344,13.779609594,100.567093165,89
UNKNOWN,未分类／关联异常,4344,13.779609594,100.567093165,90
UNKNOWN,未分类／关联异常,4344,13.779609594,100.567093165,91
UNKNOWN,未分类／关联异常,4344,13.780184,100.567253,92
UNKNOWN,未分类／关联异常,4344,13.780741,100.567253,93
UNKNOWN,未分类／关联异常,4344,13.781420507,100.567230017,94
UNKNOWN,未分类／关联异常,4344,13.781420507,100.567230017,95
UNKNOWN,未分类／关联异常,4344,13.781420507,100.567230017,96
UNKNOWN,未分类／关联异常,4344,13.781420507,100.567230017,97
UNKNOWN,未分类／关联异常,4344,13.781420507,100.567230017,98
UNKNOWN,未分类／关联异常,4344,13.781420507,100.567230017,99
UNKNOWN,未分类／关联异常,4344,13.781420579,100.567230015,100
UNKNOWN,未分类／关联异常,4344,13.781421,100.56723,101
UNKNOWN,未分类／关联异常,4344,13.782022,100.567207,102
UNKNOWN,未分类／关联异常,4344,13.782315,100.567207,103
UNKNOWN,未分类／关联异常,4344,13.782868,100.567184,104
UNKNOWN,未分类／关联异常,4344,13.78355,100.567169,105
UNKNOWN,未分类／关联异常,4344,13.78355,100.567169,106
UNKNOWN,未分类／关联异常,4344,13.78355,100.567169,107
UNKNOWN,未分类／关联异常,4344,13.78355,100.567169,108
UNKNOWN,未分类／关联异常,4344,13.78355,100.567169,109
UNKNOWN,未分类／关联异常,4344,13.78355,100.567169,110
UNKNOWN,未分类／关联异常,4344,13.78355,100.567169,111
UNKNOWN,未分类／关联异常,4344,13.78355,100.567169,112
UNKNOWN,未分类／关联异常,4344,13.78355,100.567169,113
UNKNOWN,未分类／关联异常,4344,13.78355,100.567169,114
UNKNOWN,未分类／关联异常,4344,13.783744,100.567169,115
UNKNOWN,未分类／关联异常,4344,13.785286,100.567123,116
UNKNOWN,未分类／关联异常,4344,13.786087,100.567093,117
UNKNOWN,未分类／关联异常,4344,13.786485,100.56707,118
UNKNOWN,未分类／关联异常,4344,13.786486691,100.567069846,119
UNKNOWN,未分类／关联异常,4344,13.786486691,100.567069846,120
UNKNOWN,未分类／关联异常,4344,13.786486691,100.567069846,121
UNKNOWN,未分类／关联异常,4344,13.786486691,100.567069846,122
UNKNOWN,未分类／关联异常,4344,13.786486691,100.567069846,123
UNKNOWN,未分类／关联异常,4344,13.786486691,100.567069846,124
UNKNOWN,未分类／关联异常,4344,13.786486691,100.567069846,125
UNKNOWN,未分类／关联异常,4344,13.786486691,100.567069846,126
UNKNOWN,未分类／关联异常,4344,13.786486703,100.567069845,127
UNKNOWN,未分类／关联异常,4344,13.786989,100.567024,128
UNKNOWN,未分类／关联异常,4344,13.788395,100.566933,129
UNKNOWN,未分类／关联异常,4344,13.788699,100.566963,130
UNKNOWN,未分类／关联异常,4344,13.7887,100.566872,131
UNKNOWN,未分类／关联异常,4344,13.7887,100.566872,132
UNKNOWN,未分类／关联异常,4344,13.7887,100.566872,133
UNKNOWN,未分类／关联异常,4344,13.7887,100.566872,134
UNKNOWN,未分类／关联异常,4344,13.7887,100.566872,135
UNKNOWN,未分类／关联异常,4344,13.7887,100.566872,136
UNKNOWN,未分类／关联异常,4344,13.7887,100.566872,137
UNKNOWN,未分类／关联异常,4344,13.7887,100.566872,138
UNKNOWN,未分类／关联异常,4344,13.7887,100.566872,139
UNKNOWN,未分类／关联异常,4344,13.7887,100.566872,140
UNKNOWN,未分类／关联异常,4344,13.7887,100.566872,141
UNKNOWN,未分类／关联异常,4344,13.7887,100.566872,142
UNKNOWN,未分类／关联异常,4344,13.7887,100.566872,143
UNKNOWN,未分类／关联异常,4344,13.7887,100.566872,144
UNKNOWN,未分类／关联异常,4344,13.788699,100.566963,145
UNKNOWN,未分类／关联异常,4344,13.789547,100.567001,146
UNKNOWN,未分类／关联异常,4344,13.789498016,100.566017317,147
UNKNOWN,未分类／关联异常,4344,13.789498016,100.566017317,148
UNKNOWN,未分类／关联异常,4344,13.789498016,100.566017317,149
UNKNOWN,未分类／关联异常,4344,13.789498016,100.566017317,150
UNKNOWN,未分类／关联异常,4344,13.789498014,100.566017273,151
UNKNOWN,未分类／关联异常,4344,13.789498,100.566017,152
UNKNOWN,未分类／关联异常,4344,13.789371,100.563309,153
UNKNOWN,未分类／关联异常,4344,13.789345,100.562607,154
UNKNOWN,未分类／关联异常,4344,13.789344892006161,100.5626027542422,155
UNKNOWN,未分类／关联异常,4344,13.789344892,100.562602754,156
UNKNOWN,未分类／关联异常,4344,13.789344892,100.562602754,157
UNKNOWN,未分类／关联异常,4344,13.789344892,100.562602754,158
UNKNOWN,未分类／关联异常,4344,13.789344892,100.562602754,159
UNKNOWN,未分类／关联异常,4344,13.789344892,100.562602754,160
UNKNOWN,未分类／关联异常,4344,13.789344892,100.562602754,161
UNKNOWN,未分类／关联异常,4344,13.789344892,100.562602754,162
UNKNOWN,未分类／关联异常,4344,13.789344892,100.562602754,163
UNKNOWN,未分类／关联异常,4344,13.789344892,100.562602754,164
UNKNOWN,未分类／关联异常,4344,13.789344892,100.562602754,165
UNKNOWN,未分类／关联异常,4344,13.789325,100.561821,166
UNKNOWN,未分类／关联异常,4344,13.789291,100.561333,167
UNKNOWN,未分类／关联异常,4344,13.789268012,100.560806282,168
UNKNOWN,未分类／关联异常,4344,13.789268012,100.560806282,169
UNKNOWN,未分类／关联异常,4344,13.789268012,100.560806282,170
UNKNOWN,未分类／关联异常,4344,13.789268012,100.560806282,171
UNKNOWN,未分类／关联异常,4344,13.789268012,100.560806282,172
UNKNOWN,未分类／关联异常,4344,13.789268012,100.560806282,173
UNKNOWN,未分类／关联异常,4344,13.789268012,100.560806282,174
UNKNOWN,未分类／关联异常,4344,13.789268,100.560806,175
UNKNOWN,未分类／关联异常,4344,13.789204,100.559113,176
UNKNOWN,未分类／关联异常,4344,13.789186,100.558891,177
UNKNOWN,未分类／关联异常,4344,13.789153,100.558228,178
UNKNOWN,未分类／关联异常,4344,13.789152967,100.558227357,179
UNKNOWN,未分类／关联异常,4344,13.789152967,100.558227357,180
UNKNOWN,未分类／关联异常,4344,13.789152967,100.558227357,181
UNKNOWN,未分类／关联异常,4344,13.789152967,100.558227357,182
UNKNOWN,未分类／关联异常,4344,13.789152967,100.558227357,183
UNKNOWN,未分类／关联异常,4344,13.789152967,100.558227357,184
UNKNOWN,未分类／关联异常,4344,13.789152967,100.558227357,185
UNKNOWN,未分类／关联异常,4344,13.789152967,100.558227357,186
UNKNOWN,未分类／关联异常,4344,13.789152967,100.558227357,187
UNKNOWN,未分类／关联异常,4344,13.789094,100.557076,188
UNKNOWN,未分类／关联异常,4344,13.789078,100.55645,189
UNKNOWN,未分类／关联异常,4344,13.789052114004082,100.5558805020898,190
UNKNOWN,未分类／关联异常,4344,13.789052114,100.555880502,191
UNKNOWN,未分类／关联异常,4344,13.789052114,100.555880502,192
UNKNOWN,未分类／关联异常,4344,13.789052114,100.555880502,193
UNKNOWN,未分类／关联异常,4344,13.789052114,100.555880502,194
UNKNOWN,未分类／关联异常,4344,13.789052114,100.555880502,195
UNKNOWN,未分类／关联异常,4344,13.789052114,100.555880502,196
UNKNOWN,未分类／关联异常,4344,13.789052114,100.555880502,197
UNKNOWN,未分类／关联异常,4344,13.789052114,100.555880502,198
UNKNOWN,未分类／关联异常,4344,13.789052114,100.5558805,199
UNKNOWN,未分类／关联异常,4344,13.789052,100.555878,200
UNKNOWN,未分类／关联异常,4344,13.788973039,100.554169834,201
UNKNOWN,未分类／关联异常,4344,13.788973038,100.554169815,202
UNKNOWN,未分类／关联异常,4344,13.788973038,100.554169815,203
UNKNOWN,未分类／关联异常,4344,13.788973038,100.554169815,204
UNKNOWN,未分类／关联异常,4344,13.788973038,100.554169815,205
UNKNOWN,未分类／关联异常,4344,13.788973038,100.554169815,206
UNKNOWN,未分类／关联异常,4344,13.788973038,100.554169815,207
UNKNOWN,未分类／关联异常,4344,13.788973038,100.554169815,208
UNKNOWN,未分类／关联异常,4344,13.788973,100.554169,209
UNKNOWN,未分类／关联异常,4344,13.788913,100.552925,210
UNKNOWN,未分类／关联异常,4344,13.788868,100.552338,211
UNKNOWN,未分类／关联异常,4344,13.788869,100.552139,212
UNKNOWN,未分类／关联异常,4344,13.789057908983754,100.55074367012,213
UNKNOWN,未分类／关联异常,4344,13.789057909,100.55074367,214
UNKNOWN,未分类／关联异常,4344,13.789057909,100.55074367,215
UNKNOWN,未分类／关联异常,4344,13.789057909,100.55074367,216
UNKNOWN,未分类／关联异常,4344,13.789057909,100.55074367,217
UNKNOWN,未分类／关联异常,4344,13.789057909,100.55074367,218
UNKNOWN,未分类／关联异常,4344,13.789057909,100.55074367,219
UNKNOWN,未分类／关联异常,4344,13.789057909,100.55074367,220
UNKNOWN,未分类／关联异常,4344,13.789057909,100.55074367,221
UNKNOWN,未分类／关联异常,4344,13.789057909,100.55074367,222
UNKNOWN,未分类／关联异常,4344,13.789057909,100.55074367,223
UNKNOWN,未分类／关联异常,4344,13.789058,100.550743,224
UNKNOWN,未分类／关联异常,4344,13.789157,100.550011,225
UNKNOWN,未分类／关联异常,4344,13.789246483,100.549259339,226
UNKNOWN,未分类／关联异常,4344,13.789246483,100.549259339,227
UNKNOWN,未分类／关联异常,4344,13.789246483,100.549259339,228
UNKNOWN,未分类／关联异常,4344,13.789246483,100.549259339,229
UNKNOWN,未分类／关联异常,4344,13.789246483,100.549259339,230
UNKNOWN,未分类／关联异常,4344,13.789246483,100.549259339,231
UNKNOWN,未分类／关联异常,4344,13.789246483,100.549259339,232
UNKNOWN,未分类／关联异常,4344,13.789247,100.549255,233
UNKNOWN,未分类／关联异常,4344,13.789167,100.549927,234
UNKNOWN,未分类／关联异常,4344,13.789542,100.549965,235
UNKNOWN,未分类／关联异常,4344,13.789527,100.549751,236
UNKNOWN,未分类／关联异常,4344,13.789699,100.54837,237
UNKNOWN,未分类／关联异常,4344,13.786203902,100.547104326,238
UNKNOWN,未分类／关联异常,4344,13.786203902,100.547104326,239
UNKNOWN,未分类／关联异常,4344,13.786203902,100.547104326,240
UNKNOWN,未分类／关联异常,4344,13.786203902,100.547104326,241
UNKNOWN,未分类／关联异常,4344,13.786203902,100.547104326,242
UNKNOWN,未分类／关联异常,4344,13.786203902,100.547104326,243
UNKNOWN,未分类／关联异常,4344,13.786203902,100.547104326,244
UNKNOWN,未分类／关联异常,4344,13.786203902,100.547104326,245
UNKNOWN,未分类／关联异常,4344,13.786203891,100.547104322,246
UNKNOWN,未分类／关联异常,4344,13.786203,100.547104,247
UNKNOWN,未分类／关联异常,4344,13.783854,100.546249,248
UNKNOWN,未分类／关联异常,4344,13.783852476,100.546248443,249
UNKNOWN,未分类／关联异常,4344,13.783852476,100.546248443,250
UNKNOWN,未分类／关联异常,4344,13.783852476,100.546248443,251
UNKNOWN,未分类／关联异常,4344,13.783852476,100.546248443,252
UNKNOWN,未分类／关联异常,4344,13.783852476,100.546248443,253
UNKNOWN,未分类／关联异常,4344,13.783852476,100.546248443,254
UNKNOWN,未分类／关联异常,4344,13.783852476,100.546248443,255
UNKNOWN,未分类／关联异常,4344,13.783852476,100.546248443,256
UNKNOWN,未分类／关联异常,4344,13.783852475,100.546248443,257
UNKNOWN,未分类／关联异常,4344,13.779787226339064,100.54476208312397,258
UNKNOWN,未分类／关联异常,4344,13.779787226,100.544762083,259
UNKNOWN,未分类／关联异常,4344,13.779787226,100.544762083,260
UNKNOWN,未分类／关联异常,4344,13.779787226,100.544762083,261
UNKNOWN,未分类／关联异常,4344,13.779787226,100.544762083,262
UNKNOWN,未分类／关联异常,4344,13.779787226,100.544762083,263
UNKNOWN,未分类／关联异常,4344,13.779787226,100.544762083,264
UNKNOWN,未分类／关联异常,4344,13.779787226,100.544762083,265
UNKNOWN,未分类／关联异常,4344,13.779787226,100.544762083,266
UNKNOWN,未分类／关联异常,4344,13.779787,100.544762,267
UNKNOWN,未分类／关联异常,4344,13.778928,100.544449,268
UNKNOWN,未分类／关联异常,4344,13.777351862,100.543892305,269
UNKNOWN,未分类／关联异常,4344,13.777351862,100.543892305,270
UNKNOWN,未分类／关联异常,4344,13.777351862,100.543892305,271
UNKNOWN,未分类／关联异常,4344,13.777351862,100.543892305,272
UNKNOWN,未分类／关联异常,4344,13.777351862,100.543892305,273
UNKNOWN,未分类／关联异常,4344,13.777351862,100.543892305,274
UNKNOWN,未分类／关联异常,4344,13.777351862,100.543892305,275
UNKNOWN,未分类／关联异常,4344,13.777351862,100.543892305,276
UNKNOWN,未分类／关联异常,4344,13.777351862,100.543892305,277
UNKNOWN,未分类／关联异常,4344,13.777351,100.543892,278
UNKNOWN,未分类／关联异常,4344,13.775581,100.543259,279
UNKNOWN,未分类／关联异常,4344,13.775155,100.543114,280
UNKNOWN,未分类／关联异常,4344,13.774621647,100.542915613,281
UNKNOWN,未分类／关联异常,4344,13.774621647,100.542915613,282
UNKNOWN,未分类／关联异常,4344,13.774621647,100.542915613,283
UNKNOWN,未分类／关联异常,4344,13.774621647,100.542915613,284
UNKNOWN,未分类／关联异常,4344,13.774621647,100.542915613,285
UNKNOWN,未分类／关联异常,4344,13.774621647,100.542915613,286
UNKNOWN,未分类／关联异常,4344,13.774621647,100.542915613,287
UNKNOWN,未分类／关联异常,4344,13.774621647,100.542915613,288
UNKNOWN,未分类／关联异常,4344,13.774621647,100.542915613,289
UNKNOWN,未分类／关联异常,4344,13.774621647,100.542915613,290
UNKNOWN,未分类／关联异常,4344,13.77462,100.542915,291
UNKNOWN,未分类／关联异常,4344,13.774446,100.542862,292
UNKNOWN,未分类／关联异常,4344,13.774186,100.542763,293
UNKNOWN,未分类／关联异常,4344,13.772964,100.542336,294
UNKNOWN,未分类／关联异常,4344,13.772962739,100.542335546,295
UNKNOWN,未分类／关联异常,4344,13.772962739,100.542335546,296
UNKNOWN,未分类／关联异常,4344,13.772962739,100.542335546,297
UNKNOWN,未分类／关联异常,4344,13.772962739,100.542335546,298
UNKNOWN,未分类／关联异常,4344,13.772962739,100.542335546,299
UNKNOWN,未分类／关联异常,4344,13.772962739,100.542335546,300
UNKNOWN,未分类／关联异常,4344,13.772962739,100.542335546,301
UNKNOWN,未分类／关联异常,4344,13.772962739,100.542335546,302
UNKNOWN,未分类／关联异常,4344,13.770378,100.541405,303
UNKNOWN,未分类／关联异常,4344,13.769634,100.541,304
UNKNOWN,未分类／关联异常,4344,13.769633377,100.540999658,305
UNKNOWN,未分类／关联异常,4344,13.769633376,100.540999658,306
UNKNOWN,未分类／关联异常,4344,13.769633376,100.540999658,307
UNKNOWN,未分类／关联异常,4344,13.769633376,100.540999658,308
UNKNOWN,未分类／关联异常,4344,13.769633376,100.540999658,309
UNKNOWN,未分类／关联异常,4344,13.769633376,100.540999658,310
UNKNOWN,未分类／关联异常,4344,13.769633376,100.540999658,311
UNKNOWN,未分类／关联异常,4344,13.769633376,100.540999658,312
UNKNOWN,未分类／关联异常,4344,13.769633376,100.540999658,313
UNKNOWN,未分类／关联异常,4344,13.767398,100.539772,314
UNKNOWN,未分类／关联异常,4344,13.767397447,100.539771698,315
UNKNOWN,未分类／关联异常,4344,13.767397447,100.539771698,316
UNKNOWN,未分类／关联异常,4344,13.767397447,100.539771698,317
UNKNOWN,未分类／关联异常,4344,13.767397447,100.539771698,318
UNKNOWN,未分类／关联异常,4344,13.767397447,100.539771698,319
UNKNOWN,未分类／关联异常,4344,13.767397447,100.539771698,320
UNKNOWN,未分类／关联异常,4344,13.767397447,100.539771698,321
UNKNOWN,未分类／关联异常,4344,13.767397447,100.539771698,322
UNKNOWN,未分类／关联异常,4344,13.767397422,100.539771684,323
UNKNOWN,未分类／关联异常,4344,13.766224,100.539131,324
UNKNOWN,未分类／关联异常,4344,13.765858,100.53891,325
UNKNOWN,未分类／关联异常,4344,13.765704,100.538826,326
UNKNOWN,未分类／关联异常,4344,13.765614,100.538803,327
UNKNOWN,未分类／关联异常,4344,13.765283,100.538795,328
UNKNOWN,未分类／关联异常,4344,13.765155,100.538834,329
UNKNOWN,未分类／关联异常,4344,13.765036,100.538834,330
UNKNOWN,未分类／关联异常,4344,13.765004,100.538826,331
UNKNOWN,未分类／关联异常,4344,13.764877,100.538925,332
UNKNOWN,未分类／关联异常,4344,13.764758,100.538902,333
UNKNOWN,未分类／关联异常,4344,13.764672,100.538872,334
UNKNOWN,未分类／关联异常,4344,13.764568,100.538811,335
UNKNOWN,未分类／关联异常,4344,13.764451,100.538712,336
UNKNOWN,未分类／关联异常,4344,13.764389,100.538605,337
UNKNOWN,未分类／关联异常,4344,13.764352,100.538498,338
UNKNOWN,未分类／关联异常,4344,13.764343195,100.538476938,339
UNKNOWN,未分类／关联异常,4344,13.764343195,100.538476938,340
UNKNOWN,未分类／关联异常,4344,13.764343195,100.538476938,341
UNKNOWN,未分类／关联异常,4344,13.764343195,100.538476938,342
UNKNOWN,未分类／关联异常,4344,13.764343195,100.538476938,343
UNKNOWN,未分类／关联异常,4344,13.764343195,100.538476938,344
UNKNOWN,未分类／关联异常,4344,13.764343195,100.538476938,345
UNKNOWN,未分类／关联异常,4344,13.764343195,100.538476938,346
UNKNOWN,未分类／关联异常,4344,13.764343195,100.538476938,347
UNKNOWN,未分类／关联异常,4344,13.764301,100.538376,348
UNKNOWN,未分类／关联异常,4344,13.76428,100.538284,349
UNKNOWN,未分类／关联异常,4344,13.764052,100.53791,350
UNKNOWN,未分类／关联异常,4344,13.763988,100.537834,351
UNKNOWN,未分类／关联异常,4344,13.763895,100.537758,352
UNKNOWN,未分类／关联异常,4344,13.763715,100.537651,353
UNKNOWN,未分类／关联异常,4344,13.762877,100.537239,354
UNKNOWN,未分类／关联异常,4344,13.761851,100.536667,355
UNKNOWN,未分类／关联异常,4344,13.761848139,100.536665334,356
UNKNOWN,未分类／关联异常,4344,13.761848139,100.536665334,357
UNKNOWN,未分类／关联异常,4344,13.761848139,100.536665334,358
UNKNOWN,未分类／关联异常,4344,13.761848139,100.536665334,359
UNKNOWN,未分类／关联异常,4344,13.761848139,100.536665334,360
UNKNOWN,未分类／关联异常,4344,13.761848139,100.536665334,361
UNKNOWN,未分类／关联异常,4344,13.761848139,100.536665334,362
UNKNOWN,未分类／关联异常,4344,13.761848139,100.536665334,363
UNKNOWN,未分类／关联异常,4344,13.761848139,100.536665334,364
UNKNOWN,未分类／关联异常,4344,13.761432,100.536423,365
UNKNOWN,未分类／关联异常,4344,13.759558,100.535378,366
UNKNOWN,未分类／关联异常,4344,13.759557126,100.535377509,367
UNKNOWN,未分类／关联异常,4344,13.759557126,100.535377509,368
UNKNOWN,未分类／关联异常,4344,13.757874,100.534431,369
UNKNOWN,未分类／关联异常,4344,13.756328,100.533577,370
UNKNOWN,未分类／关联异常,4344,13.754780136861454,100.53270763852129,371
UNKNOWN,未分类／关联异常,4344,13.754779,100.532707,372
UNKNOWN,未分类／关联异常,4344,13.754780122,100.532707629,373
UNKNOWN,未分类／关联异常,4344,13.754780122,100.532707629,374
UNKNOWN,未分类／关联异常,4344,13.754780122,100.532707629,375
UNKNOWN,未分类／关联异常,4344,13.754780122,100.532707629,376
UNKNOWN,未分类／关联异常,4344,13.754780122,100.532707629,377
UNKNOWN,未分类／关联异常,4344,13.754780122,100.532707629,378
UNKNOWN,未分类／关联异常,4344,13.754780122,100.532707629,379
UNKNOWN,未分类／关联异常,4344,13.754779,100.532707,380
UNKNOWN,未分类／关联异常,4344,13.753399,100.531929,381
UNKNOWN,未分类／关联异常,4344,13.753289,100.531898,382
UNKNOWN,未分类／关联异常,4344,13.753214,100.531868,383
UNKNOWN,未分类／关联异常,4344,13.753096,100.531845,384
UNKNOWN,未分类／关联异常,4344,13.752481,100.531746,385
UNKNOWN,未分类／关联异常,4344,13.751509,100.531609,386
UNKNOWN,未分类／关联异常,4344,13.751508088,100.53160887,387
UNKNOWN,未分类／关联异常,4344,13.751508078,100.531608869,388
UNKNOWN,未分类／关联异常,4344,13.751508078,100.531608869,389
UNKNOWN,未分类／关联异常,4344,13.751508078,100.531608869,390
UNKNOWN,未分类／关联异常,4344,13.751508078,100.531608869,391
UNKNOWN,未分类／关联异常,4344,13.751508078,100.531608869,392
UNKNOWN,未分类／关联异常,4344,13.751508078,100.531608869,393
UNKNOWN,未分类／关联异常,4344,13.751508078,100.531608869,394
UNKNOWN,未分类／关联异常,4344,13.751508078,100.531608869,395
UNKNOWN,未分类／关联异常,4344,13.750373,100.531448,396
UNKNOWN,未分类／关联异常,4344,13.750047,100.531311,397
UNKNOWN,未分类／关联异常,4344,13.748127,100.531029,398
UNKNOWN,未分类／关联异常,4344,13.747409,100.530937,399
UNKNOWN,未分类／关联异常,4344,13.747185,100.530991,400
UNKNOWN,未分类／关联异常,4344,13.746838,100.530922,401
UNKNOWN,未分类／关联异常,4344,13.746781,100.53093,402
UNKNOWN,未分类／关联异常,4344,13.746672,100.53096,403
UNKNOWN,未分类／关联异常,4344,13.746566,100.531006,404
UNKNOWN,未分类／关联异常,4344,13.746515,100.531029,405
UNKNOWN,未分类／关联异常,4344,13.746424,100.53109,406
UNKNOWN,未分类／关联异常,4344,13.746272,100.531242,407
UNKNOWN,未分类／关联异常,4344,13.746161,100.531425,408
UNKNOWN,未分类／关联异常,4344,13.746122,100.531525,409
UNKNOWN,未分类／关联异常,4344,13.745887,100.532898,410
UNKNOWN,未分类／关联异常,4344,13.745857544,100.532977816,411
UNKNOWN,未分类／关联异常,4344,13.745857544,100.532977817,412
UNKNOWN,未分类／关联异常,4344,13.745857544,100.532977817,413
UNKNOWN,未分类／关联异常,4344,13.745857544,100.532977817,414
UNKNOWN,未分类／关联异常,4344,13.745857544,100.532977817,415
UNKNOWN,未分类／关联异常,4344,13.745857544,100.532977817,416
UNKNOWN,未分类／关联异常,4344,13.745857544,100.532977817,417
UNKNOWN,未分类／关联异常,4344,13.745857544,100.532977817,418
UNKNOWN,未分类／关联异常,4344,13.745857544,100.532977817,419
UNKNOWN,未分类／关联异常,4344,13.745856,100.532982,420
UNKNOWN,未分类／关联异常,4344,13.745793,100.533142,421
UNKNOWN,未分类／关联异常,4344,13.745705,100.533707,422
UNKNOWN,未分类／关联异常,4344,13.74536,100.535637,423
UNKNOWN,未分类／关联异常,4344,13.74536,100.535797,424
UNKNOWN,未分类／关联异常,4344,13.745224,100.536591,425
UNKNOWN,未分类／关联异常,4344,13.745223991,100.536591054,426
UNKNOWN,未分类／关联异常,4344,13.745223991,100.536591054,427
UNKNOWN,未分类／关联异常,4344,13.745223991,100.536591054,428
UNKNOWN,未分类／关联异常,4344,13.745223991,100.536591054,429
UNKNOWN,未分类／关联异常,4344,13.745223991,100.536591054,430
UNKNOWN,未分类／关联异常,4344,13.745223991,100.536591054,431
UNKNOWN,未分类／关联异常,4344,13.745223991,100.536591054,432
UNKNOWN,未分类／关联异常,4344,13.745223991,100.536591054,433
UNKNOWN,未分类／关联异常,4344,13.745223991,100.536591054,434
UNKNOWN,未分类／关联异常,4344,13.744994,100.537918,435
UNKNOWN,未分类／关联异常,4344,13.744611,100.540245,436
UNKNOWN,未分类／关联异常,4344,13.746456799873146,100.54052696898061,437
UNKNOWN,未分类／关联异常,4344,13.7464568,100.540526969,438
UNKNOWN,未分类／关联异常,4344,13.7464568,100.540526969,439
UNKNOWN,未分类／关联异常,4344,13.7464568,100.540526969,440
UNKNOWN,未分类／关联异常,4344,13.7464568,100.540526969,441
UNKNOWN,未分类／关联异常,4344,13.7464568,100.540526969,442
UNKNOWN,未分类／关联异常,4344,13.7464568,100.540526969,443
UNKNOWN,未分类／关联异常,4344,13.7464568,100.540526969,444
UNKNOWN,未分类／关联异常,4344,13.7464568,100.540526969,445
UNKNOWN,未分类／关联异常,4344,13.7464568,100.540526969,446
UNKNOWN,未分类／关联异常,4344,13.7464568,100.540526969,447
UNKNOWN,未分类／关联异常,4344,13.746457,100.540527,448
UNKNOWN,未分类／关联异常,4344,13.747513216,100.540687729,449
UNKNOWN,未分类／关联异常,4344,13.747513216,100.540687729,450
UNKNOWN,未分类／关联异常,4344,13.747513216,100.540687729,451
UNKNOWN,未分类／关联异常,4344,13.747513216,100.540687729,452
UNKNOWN,未分类／关联异常,4344,13.747513216,100.540687729,453
UNKNOWN,未分类／关联异常,4344,13.747513216,100.540687729,454
UNKNOWN,未分类／关联异常,4344,13.747513233,100.540687732,455
UNKNOWN,未分类／关联异常,4344,13.747515,100.540688,456
UNKNOWN,未分类／关联异常,4344,13.749962,100.541061,457
UNKNOWN,未分类／关联异常,4344,13.752067,100.541473,458
UNKNOWN,未分类／关联异常,4344,13.752635,100.541595,459
UNKNOWN,未分类／关联异常,4344,13.753384098696678,100.54177078792881,460
UNKNOWN,未分类／关联异常,4344,13.753384099,100.541770788,461
UNKNOWN,未分类／关联异常,4344,13.753384099,100.541770788,462
UNKNOWN,未分类／关联异常,4344,13.753384099,100.541770788,463
UNKNOWN,未分类／关联异常,4344,13.753384099,100.541770788,464
UNKNOWN,未分类／关联异常,4344,13.753384099,100.541770788,465
UNKNOWN,未分类／关联异常,4344,13.753384099,100.541770788,466
UNKNOWN,未分类／关联异常,4344,13.753384099,100.541770788,467
UNKNOWN,未分类／关联异常,4344,13.753384099,100.541770788,468
UNKNOWN,未分类／关联异常,4344,13.753385,100.541771,469
UNKNOWN,未分类／关联异常,4344,13.753727,100.54184,470
UNKNOWN,未分类／关联异常,4344,13.754392,100.541992,471
UNKNOWN,未分类／关联异常,4344,13.755768,100.542343,472
UNKNOWN,未分类／关联异常,4344,13.755994,100.542381,473
UNKNOWN,未分类／关联异常,4344,13.756319,100.542419,474
UNKNOWN,未分类／关联异常,4344,13.756945,100.542435,475
UNKNOWN,未分类／关联异常,4344,13.757879,100.542442,476
UNKNOWN,未分类／关联异常,4344,13.757879,100.542442,477
UNKNOWN,未分类／关联异常,4344,13.757879,100.542442,478
UNKNOWN,未分类／关联异常,4344,13.757879,100.542442,479
UNKNOWN,未分类／关联异常,4344,13.757879,100.542442,480
UNKNOWN,未分类／关联异常,4344,13.757879,100.542442,481
UNKNOWN,未分类／关联异常,4344,13.757879,100.542442,482
UNKNOWN,未分类／关联异常,4344,13.757879,100.542442,483
UNKNOWN,未分类／关联异常,4344,13.757879,100.542442,484
UNKNOWN,未分类／关联异常,4344,13.757879,100.542442,485
UNKNOWN,未分类／关联异常,4344,13.758826,100.542458,486
UNKNOWN,未分类／关联异常,4344,13.760821262,100.542458,487
UNKNOWN,未分类／关联异常,4344,13.760821262,100.542458,488
UNKNOWN,未分类／关联异常,4344,13.760821262,100.542458,489
UNKNOWN,未分类／关联异常,4344,13.760821262,100.542458,490
UNKNOWN,未分类／关联异常,4344,13.760821262,100.542458,491
UNKNOWN,未分类／关联异常,4344,13.760821262,100.542458,492
UNKNOWN,未分类／关联异常,4344,13.760821262,100.542458,493
UNKNOWN,未分类／关联异常,4344,13.760821262,100.542458,494
UNKNOWN,未分类／关联异常,4344,13.760821262,100.542458,495
UNKNOWN,未分类／关联异常,4344,13.760822,100.542458,496
UNKNOWN,未分类／关联异常,4344,13.761164,100.54245,497
UNKNOWN,未分类／关联异常,4344,13.762193,100.54245,498
UNKNOWN,未分类／关联异常,4344,13.762368,100.54248,499
UNKNOWN,未分类／关联异常,4344,13.762551,100.542557,500
UNKNOWN,未分类／关联异常,4344,13.762605,100.542595,501
UNKNOWN,未分类／关联异常,4344,13.762637,100.542625,502
UNKNOWN,未分类／关联异常,4344,13.762774,100.542816,503
UNKNOWN,未分类／关联异常,4344,13.762836,100.542938,504
UNKNOWN,未分类／关联异常,4344,13.762847,100.543228,505
UNKNOWN,未分类／关联异常,4344,13.763162,100.54435,506
UNKNOWN,未分类／关联异常,4344,13.763271,100.544693,507
UNKNOWN,未分类／关联异常,4344,13.763272745,100.54469856,508
UNKNOWN,未分类／关联异常,4344,13.763272745,100.54469856,509
UNKNOWN,未分类／关联异常,4344,13.763272745,100.54469856,510
UNKNOWN,未分类／关联异常,4344,13.763272745,100.54469856,511
UNKNOWN,未分类／关联异常,4344,13.763272745,100.54469856,512
UNKNOWN,未分类／关联异常,4344,13.763272745,100.54469856,513
UNKNOWN,未分类／关联异常,4344,13.763272745,100.54469856,514
UNKNOWN,未分类／关联异常,4344,13.763272745,100.54469856,515
UNKNOWN,未分类／关联异常,4344,13.763272745,100.54469856,516
UNKNOWN,未分类／关联异常,4344,13.763453,100.545273,517
UNKNOWN,未分类／关联异常,4344,13.763515,100.545677,518
UNKNOWN,未分类／关联异常,4344,13.763726,100.546471,519
UNKNOWN,未分类／关联异常,4344,13.763972,100.547318,520
UNKNOWN,未分类／关联异常,4344,13.764039,100.5476,521
UNKNOWN,未分类／关联异常,4344,13.764059,100.547737,522
UNKNOWN,未分类／关联异常,4344,13.764044,100.547966,523
UNKNOWN,未分类／关联异常,4344,13.764027,100.548058,524
UNKNOWN,未分类／关联异常,4344,13.764003,100.548126,525
UNKNOWN,未分类／关联异常,4344,13.763916,100.548271,526
UNKNOWN,未分类／关联异常,4344,13.763872,100.54834,527
UNKNOWN,未分类／关联异常,4344,13.763627,100.548653,528
UNKNOWN,未分类／关联异常,4344,13.763476,100.548889,529
UNKNOWN,未分类／关联异常,4344,13.762807,100.55027,530
UNKNOWN,未分类／关联异常,4344,13.762716,100.550491,531
UNKNOWN,未分类／关联异常,4344,13.762414,100.551102,532
UNKNOWN,未分类／关联异常,4344,13.762413782,100.55110244,533
UNKNOWN,未分类／关联异常,4344,13.762413782,100.55110244,534
UNKNOWN,未分类／关联异常,4344,13.762413782,100.55110244,535
UNKNOWN,未分类／关联异常,4344,13.762413782,100.55110244,536
UNKNOWN,未分类／关联异常,4344,13.762413782,100.55110244,537
UNKNOWN,未分类／关联异常,4344,13.762413782,100.55110244,538
UNKNOWN,未分类／关联异常,4344,13.762413782,100.55110244,539
UNKNOWN,未分类／关联异常,4344,13.762413782,100.55110244,540
UNKNOWN,未分类／关联异常,4344,13.762413782,100.55110244,541
UNKNOWN,未分类／关联异常,4344,13.761588,100.552765,542
UNKNOWN,未分类／关联异常,4344,13.761353833,100.553259242,543
UNKNOWN,未分类／关联异常,4344,13.761353833,100.553259242,544
UNKNOWN,未分类／关联异常,4344,13.760411,100.555252,545
UNKNOWN,未分类／关联异常,4344,13.760257128665206,100.55553988830381,546
UNKNOWN,未分类／关联异常,4344,13.760256,100.555542,547
UNKNOWN,未分类／关联异常,4344,13.760097,100.555832,548
UNKNOWN,未分类／关联异常,4344,13.759913,100.556122,549
UNKNOWN,未分类／关联异常,4344,13.759825,100.556229,550
UNKNOWN,未分类／关联异常,4344,13.759748,100.556305,551
UNKNOWN,未分类／关联异常,4344,13.759526,100.556473,552
UNKNOWN,未分类／关联异常,4344,13.758819,100.556839,553
UNKNOWN,未分类／关联异常,4344,13.758053,100.55719,554
UNKNOWN,未分类／关联异常,4344,13.757795,100.557335,555
UNKNOWN,未分类／关联异常,4344,13.757492,100.557579,556
UNKNOWN,未分类／关联异常,4344,13.757403,100.557663,557
UNKNOWN,未分类／关联异常,4344,13.757197,100.557884,558
UNKNOWN,未分类／关联异常,4344,13.757120213966939,100.5579854334017,559
UNKNOWN,未分类／关联异常,4344,13.757116,100.557991,560
UNKNOWN,未分类／关联异常,4344,13.756951,100.55822,561
UNKNOWN,未分类／关联异常,4344,13.756813,100.558456,562
UNKNOWN,未分类／关联异常,4344,13.756731,100.55864,563
UNKNOWN,未分类／关联异常,4344,13.756653,100.558884,564
UNKNOWN,未分类／关联异常,4344,13.756593,100.559166,565
UNKNOWN,未分类／关联异常,4344,13.756549,100.559456,566
UNKNOWN,未分类／关联异常,4344,13.756445,100.56073,567
UNKNOWN,未分类／关联异常,4344,13.756340298632209,100.56229752904923,568
UNKNOWN,未分类／关联异常,4344,13.75634,100.562302,569
UNKNOWN,未分类／关联异常,4344,13.756225,100.564087,570
UNKNOWN,未分类／关联异常,4344,13.755944425785232,100.56797210416248,571
UNKNOWN,未分类／关联异常,4344,13.755944,100.567978,572
UNKNOWN,未分类／关联异常,4344,13.755653,100.571686,573
UNKNOWN,未分类／关联异常,4345,13.759316,100.572571,1
UNKNOWN,未分类／关联异常,4345,13.759259,100.572571,2
UNKNOWN,未分类／关联异常,4345,13.758435,100.57267,3
UNKNOWN,未分类／关联异常,4345,13.757118,100.572868,4
UNKNOWN,未分类／关联异常,4345,13.756652,100.572922,5
UNKNOWN,未分类／关联异常,4345,13.755563,100.573326,6
UNKNOWN,未分类／关联异常,4345,13.755342,100.573311,7
UNKNOWN,未分类／关联异常,4345,13.755478590061909,100.57152336510215,8
UNKNOWN,未分类／关联异常,4345,13.755479,100.571518,9
UNKNOWN,未分类／关联异常,4345,13.755734940979393,100.56832173706593,10
UNKNOWN,未分类／关联异常,4345,13.755735,100.568321,11
UNKNOWN,未分类／关联异常,4345,13.756012,100.564919,12
UNKNOWN,未分类／关联异常,4345,13.756136,100.564949,13
UNKNOWN,未分类／关联异常,4345,13.757311,100.565147,14
UNKNOWN,未分类／关联异常,4345,13.757681,100.565224,15
UNKNOWN,未分类／关联异常,4345,13.758791,100.565491,16
UNKNOWN,未分类／关联异常,4345,13.758791148654495,100.5654910368605,17
UNKNOWN,未分类／关联异常,4345,13.759404,100.565643,18
UNKNOWN,未分类／关联异常,4345,13.759887,100.565788,19
UNKNOWN,未分类／关联异常,4345,13.760174,100.565895,20
UNKNOWN,未分类／关联异常,4345,13.760799,100.566177,21
UNKNOWN,未分类／关联异常,4345,13.761573,100.566628,22
UNKNOWN,未分类／关联异常,4345,13.761573,100.566628,23
UNKNOWN,未分类／关联异常,4345,13.76202,100.566948,24
UNKNOWN,未分类／关联异常,4345,13.764926,100.569191,25
UNKNOWN,未分类／关联异常,4345,13.764926462159325,100.56919135424396,26
UNKNOWN,未分类／关联异常,4345,13.765911,100.569946,27
UNKNOWN,未分类／关联异常,4345,13.767152748992732,100.57091324660286,28
UNKNOWN,未分类／关联异常,4345,13.767155,100.570915,29
UNKNOWN,未分类／关联异常,4345,13.768779,100.572166,30
UNKNOWN,未分类／关联异常,4345,13.769178,100.572449,31
UNKNOWN,未分类／关联异常,4345,13.769506,100.572662,32
UNKNOWN,未分类／关联异常,4345,13.769814,100.572807,33
UNKNOWN,未分类／关联异常,4345,13.770473,100.573051,34
UNKNOWN,未分类／关联异常,4345,13.770989,100.573158,35
UNKNOWN,未分类／关联异常,4345,13.772112,100.573219,36
UNKNOWN,未分类／关联异常,4345,13.772368751247846,100.57321200677535,37
UNKNOWN,未分类／关联异常,4345,13.772369,100.573212,38
UNKNOWN,未分类／关联异常,4345,13.772623,100.573204,39
UNKNOWN,未分类／关联异常,4345,13.773403,100.573219,40
UNKNOWN,未分类／关联异常,4345,13.773863,100.573288,41
UNKNOWN,未分类／关联异常,4345,13.77499,100.573402,42
UNKNOWN,未分类／关联异常,4345,13.775193,100.57341,43
UNKNOWN,未分类／关联异常,4345,13.775209080616245,100.5734081958333,44
UNKNOWN,未分类／关联异常,4345,13.775603,100.573364,45
UNKNOWN,未分类／关联异常,4345,13.775723,100.57338,46
UNKNOWN,未分类／关联异常,4345,13.776394,100.573425,47
UNKNOWN,未分类／关联异常,4345,13.777179,100.57341,48
UNKNOWN,未分类／关联异常,4345,13.777742,100.573502,49
UNKNOWN,未分类／关联异常,4345,13.778153,100.573555,50
UNKNOWN,未分类／关联异常,4345,13.778295,100.57341,51
UNKNOWN,未分类／关联异常,4345,13.778366,100.573257,52
UNKNOWN,未分类／关联异常,4345,13.778235,100.572823,53
UNKNOWN,未分类／关联异常,4345,13.77809,100.572067,54
UNKNOWN,未分类／关联异常,4345,13.778082,100.571945,55
UNKNOWN,未分类／关联异常,4345,13.778128,100.571281,56
UNKNOWN,未分类／关联异常,4345,13.778247,100.570587,57
UNKNOWN,未分类／关联异常,4345,13.777476274437754,100.57052602171298,58
UNKNOWN,未分类／关联异常,4345,13.777476,100.570526,59
UNKNOWN,未分类／关联异常,4345,13.778247,100.570587,60
UNKNOWN,未分类／关联异常,4345,13.77828,100.570358,61
UNKNOWN,未分类／关联异常,4345,13.778277,100.569572,62
UNKNOWN,未分类／关联异常,4345,13.778277,100.569572,63
UNKNOWN,未分类／关联异常,4345,13.778395,100.568085,64
UNKNOWN,未分类／关联异常,4345,13.778425987591216,100.56742926258586,65
UNKNOWN,未分类／关联异常,4345,13.778426,100.567429,66
UNKNOWN,未分类／关联异常,4345,13.778426,100.567429,67
UNKNOWN,未分类／关联异常,4345,13.778425988,100.567429263,68
UNKNOWN,未分类／关联异常,4345,13.778425988,100.567429263,69
UNKNOWN,未分类／关联异常,4345,13.778425988,100.567429263,70
UNKNOWN,未分类／关联异常,4345,13.778425988,100.567429263,71
UNKNOWN,未分类／关联异常,4345,13.778425988,100.567429263,72
UNKNOWN,未分类／关联异常,4345,13.778425988,100.567429263,73
UNKNOWN,未分类／关联异常,4345,13.778425991,100.567429202,74
UNKNOWN,未分类／关联异常,4345,13.778426,100.567429,75
UNKNOWN,未分类／关联异常,4345,13.778449,100.566978,76
UNKNOWN,未分类／关联异常,4345,13.778482,100.566887,77
UNKNOWN,未分类／关联异常,4345,13.778528,100.566826,78
UNKNOWN,未分类／关联异常,4345,13.778546,100.566818,79
UNKNOWN,未分类／关联异常,4345,13.778592,100.566811,80
UNKNOWN,未分类／关联异常,4345,13.779609,100.567093,81
UNKNOWN,未分类／关联异常,4345,13.779609594,100.567093165,82
UNKNOWN,未分类／关联异常,4345,13.779609594,100.567093165,83
UNKNOWN,未分类／关联异常,4345,13.779609594,100.567093165,84
UNKNOWN,未分类／关联异常,4345,13.779609594,100.567093165,85
UNKNOWN,未分类／关联异常,4345,13.779609594,100.567093165,86
UNKNOWN,未分类／关联异常,4345,13.779609594,100.567093165,87
UNKNOWN,未分类／关联异常,4345,13.779609594,100.567093165,88
UNKNOWN,未分类／关联异常,4345,13.779609594,100.567093165,89
UNKNOWN,未分类／关联异常,4345,13.779609594,100.567093165,90
UNKNOWN,未分类／关联异常,4345,13.779609594,100.567093165,91
UNKNOWN,未分类／关联异常,4345,13.780184,100.567253,92
UNKNOWN,未分类／关联异常,4345,13.780741,100.567253,93
UNKNOWN,未分类／关联异常,4345,13.781420507,100.567230017,94
UNKNOWN,未分类／关联异常,4345,13.781420507,100.567230017,95
UNKNOWN,未分类／关联异常,4345,13.781420507,100.567230017,96
UNKNOWN,未分类／关联异常,4345,13.781420507,100.567230017,97
UNKNOWN,未分类／关联异常,4345,13.781420507,100.567230017,98
UNKNOWN,未分类／关联异常,4345,13.781420507,100.567230017,99
UNKNOWN,未分类／关联异常,4345,13.781420579,100.567230015,100
UNKNOWN,未分类／关联异常,4345,13.781421,100.56723,101
UNKNOWN,未分类／关联异常,4345,13.782022,100.567207,102
UNKNOWN,未分类／关联异常,4345,13.782315,100.567207,103
UNKNOWN,未分类／关联异常,4345,13.782868,100.567184,104
UNKNOWN,未分类／关联异常,4345,13.78355,100.567169,105
UNKNOWN,未分类／关联异常,4345,13.78355,100.567169,106
UNKNOWN,未分类／关联异常,4345,13.78355,100.567169,107
UNKNOWN,未分类／关联异常,4345,13.78355,100.567169,108
UNKNOWN,未分类／关联异常,4345,13.78355,100.567169,109
UNKNOWN,未分类／关联异常,4345,13.78355,100.567169,110
UNKNOWN,未分类／关联异常,4345,13.78355,100.567169,111
UNKNOWN,未分类／关联异常,4345,13.78355,100.567169,112
UNKNOWN,未分类／关联异常,4345,13.78355,100.567169,113
UNKNOWN,未分类／关联异常,4345,13.78355,100.567169,114
UNKNOWN,未分类／关联异常,4345,13.783744,100.567169,115
UNKNOWN,未分类／关联异常,4345,13.785286,100.567123,116
UNKNOWN,未分类／关联异常,4345,13.786087,100.567093,117
UNKNOWN,未分类／关联异常,4345,13.786485,100.56707,118
UNKNOWN,未分类／关联异常,4345,13.786486691,100.567069846,119
UNKNOWN,未分类／关联异常,4345,13.786486691,100.567069846,120
UNKNOWN,未分类／关联异常,4345,13.786486691,100.567069846,121
UNKNOWN,未分类／关联异常,4345,13.786486691,100.567069846,122
UNKNOWN,未分类／关联异常,4345,13.786486691,100.567069846,123
UNKNOWN,未分类／关联异常,4345,13.786486691,100.567069846,124
UNKNOWN,未分类／关联异常,4345,13.786486691,100.567069846,125
UNKNOWN,未分类／关联异常,4345,13.786486691,100.567069846,126
UNKNOWN,未分类／关联异常,4345,13.786486703,100.567069845,127
UNKNOWN,未分类／关联异常,4345,13.786989,100.567024,128
UNKNOWN,未分类／关联异常,4345,13.788395,100.566933,129
UNKNOWN,未分类／关联异常,4345,13.788699,100.566963,130
UNKNOWN,未分类／关联异常,4345,13.7887,100.566872,131
UNKNOWN,未分类／关联异常,4345,13.7887,100.566872,132
UNKNOWN,未分类／关联异常,4345,13.7887,100.566872,133
UNKNOWN,未分类／关联异常,4345,13.7887,100.566872,134
UNKNOWN,未分类／关联异常,4345,13.7887,100.566872,135
UNKNOWN,未分类／关联异常,4345,13.7887,100.566872,136
UNKNOWN,未分类／关联异常,4345,13.7887,100.566872,137
UNKNOWN,未分类／关联异常,4345,13.7887,100.566872,138
UNKNOWN,未分类／关联异常,4345,13.7887,100.566872,139
UNKNOWN,未分类／关联异常,4345,13.7887,100.566872,140
UNKNOWN,未分类／关联异常,4345,13.7887,100.566872,141
UNKNOWN,未分类／关联异常,4345,13.7887,100.566872,142
UNKNOWN,未分类／关联异常,4345,13.7887,100.566872,143
UNKNOWN,未分类／关联异常,4345,13.7887,100.566872,144
UNKNOWN,未分类／关联异常,4345,13.788699,100.566963,145
UNKNOWN,未分类／关联异常,4345,13.789547,100.567001,146
UNKNOWN,未分类／关联异常,4345,13.789498016,100.566017317,147
UNKNOWN,未分类／关联异常,4345,13.789498016,100.566017317,148
UNKNOWN,未分类／关联异常,4345,13.789498016,100.566017317,149
UNKNOWN,未分类／关联异常,4345,13.789498016,100.566017317,150
UNKNOWN,未分类／关联异常,4345,13.789498014,100.566017273,151
UNKNOWN,未分类／关联异常,4345,13.789498,100.566017,152
UNKNOWN,未分类／关联异常,4345,13.789371,100.563309,153
UNKNOWN,未分类／关联异常,4345,13.789345,100.562607,154
UNKNOWN,未分类／关联异常,4345,13.789344892006161,100.5626027542422,155
UNKNOWN,未分类／关联异常,4345,13.789344892,100.562602754,156
UNKNOWN,未分类／关联异常,4345,13.789344892,100.562602754,157
UNKNOWN,未分类／关联异常,4345,13.789344892,100.562602754,158
UNKNOWN,未分类／关联异常,4345,13.789344892,100.562602754,159
UNKNOWN,未分类／关联异常,4345,13.789344892,100.562602754,160
UNKNOWN,未分类／关联异常,4345,13.789344892,100.562602754,161
UNKNOWN,未分类／关联异常,4345,13.789344892,100.562602754,162
UNKNOWN,未分类／关联异常,4345,13.789344892,100.562602754,163
UNKNOWN,未分类／关联异常,4345,13.789344892,100.562602754,164
UNKNOWN,未分类／关联异常,4345,13.789344892,100.562602754,165
UNKNOWN,未分类／关联异常,4345,13.789325,100.561821,166
UNKNOWN,未分类／关联异常,4345,13.789291,100.561333,167
UNKNOWN,未分类／关联异常,4345,13.789268012,100.560806282,168
UNKNOWN,未分类／关联异常,4345,13.789268012,100.560806282,169
UNKNOWN,未分类／关联异常,4345,13.789268012,100.560806282,170
UNKNOWN,未分类／关联异常,4345,13.789268012,100.560806282,171
UNKNOWN,未分类／关联异常,4345,13.789268012,100.560806282,172
UNKNOWN,未分类／关联异常,4345,13.789268012,100.560806282,173
UNKNOWN,未分类／关联异常,4345,13.789268012,100.560806282,174
UNKNOWN,未分类／关联异常,4345,13.789268,100.560806,175
UNKNOWN,未分类／关联异常,4345,13.789204,100.559113,176
UNKNOWN,未分类／关联异常,4345,13.789186,100.558891,177
UNKNOWN,未分类／关联异常,4345,13.789153,100.558228,178
UNKNOWN,未分类／关联异常,4345,13.789152967,100.558227357,179
UNKNOWN,未分类／关联异常,4345,13.789152967,100.558227357,180
UNKNOWN,未分类／关联异常,4345,13.789152967,100.558227357,181
UNKNOWN,未分类／关联异常,4345,13.789152967,100.558227357,182
UNKNOWN,未分类／关联异常,4345,13.789152967,100.558227357,183
UNKNOWN,未分类／关联异常,4345,13.789152967,100.558227357,184
UNKNOWN,未分类／关联异常,4345,13.789152967,100.558227357,185
UNKNOWN,未分类／关联异常,4345,13.789152967,100.558227357,186
UNKNOWN,未分类／关联异常,4345,13.789152967,100.558227357,187
UNKNOWN,未分类／关联异常,4345,13.789094,100.557076,188
UNKNOWN,未分类／关联异常,4345,13.789078,100.55645,189
UNKNOWN,未分类／关联异常,4345,13.789052114004082,100.5558805020898,190
UNKNOWN,未分类／关联异常,4345,13.789052114,100.555880502,191
UNKNOWN,未分类／关联异常,4345,13.789052114,100.555880502,192
UNKNOWN,未分类／关联异常,4345,13.789052114,100.555880502,193
UNKNOWN,未分类／关联异常,4345,13.789052114,100.555880502,194
UNKNOWN,未分类／关联异常,4345,13.789052114,100.555880502,195
UNKNOWN,未分类／关联异常,4345,13.789052114,100.555880502,196
UNKNOWN,未分类／关联异常,4345,13.789052114,100.555880502,197
UNKNOWN,未分类／关联异常,4345,13.789052114,100.555880502,198
UNKNOWN,未分类／关联异常,4345,13.789052114,100.5558805,199
UNKNOWN,未分类／关联异常,4345,13.789052,100.555878,200
UNKNOWN,未分类／关联异常,4345,13.788973039,100.554169834,201
UNKNOWN,未分类／关联异常,4345,13.788973038,100.554169815,202
UNKNOWN,未分类／关联异常,4345,13.788973038,100.554169815,203
UNKNOWN,未分类／关联异常,4345,13.788973038,100.554169815,204
UNKNOWN,未分类／关联异常,4345,13.788973038,100.554169815,205
UNKNOWN,未分类／关联异常,4345,13.788973038,100.554169815,206
UNKNOWN,未分类／关联异常,4345,13.788973038,100.554169815,207
UNKNOWN,未分类／关联异常,4345,13.788973038,100.554169815,208
UNKNOWN,未分类／关联异常,4345,13.788973,100.554169,209
UNKNOWN,未分类／关联异常,4345,13.788913,100.552925,210
UNKNOWN,未分类／关联异常,4345,13.788868,100.552338,211
UNKNOWN,未分类／关联异常,4345,13.788869,100.552139,212
UNKNOWN,未分类／关联异常,4345,13.789057908983754,100.55074367012,213
UNKNOWN,未分类／关联异常,4345,13.789057909,100.55074367,214
UNKNOWN,未分类／关联异常,4345,13.789057909,100.55074367,215
UNKNOWN,未分类／关联异常,4345,13.789057909,100.55074367,216
UNKNOWN,未分类／关联异常,4345,13.789057909,100.55074367,217
UNKNOWN,未分类／关联异常,4345,13.789057909,100.55074367,218
UNKNOWN,未分类／关联异常,4345,13.789057909,100.55074367,219
UNKNOWN,未分类／关联异常,4345,13.789057909,100.55074367,220
UNKNOWN,未分类／关联异常,4345,13.789057909,100.55074367,221
UNKNOWN,未分类／关联异常,4345,13.789057909,100.55074367,222
UNKNOWN,未分类／关联异常,4345,13.789057909,100.55074367,223
UNKNOWN,未分类／关联异常,4345,13.789058,100.550743,224
UNKNOWN,未分类／关联异常,4345,13.789157,100.550011,225
UNKNOWN,未分类／关联异常,4345,13.789246483,100.549259339,226
UNKNOWN,未分类／关联异常,4345,13.789246483,100.549259339,227
UNKNOWN,未分类／关联异常,4345,13.789246483,100.549259339,228
UNKNOWN,未分类／关联异常,4345,13.789246483,100.549259339,229
UNKNOWN,未分类／关联异常,4345,13.789246483,100.549259339,230
UNKNOWN,未分类／关联异常,4345,13.789246483,100.549259339,231
UNKNOWN,未分类／关联异常,4345,13.789246483,100.549259339,232
UNKNOWN,未分类／关联异常,4345,13.789247,100.549255,233
UNKNOWN,未分类／关联异常,4345,13.789167,100.549927,234
UNKNOWN,未分类／关联异常,4345,13.789542,100.549965,235
UNKNOWN,未分类／关联异常,4345,13.789527,100.549751,236
UNKNOWN,未分类／关联异常,4345,13.789699,100.54837,237
UNKNOWN,未分类／关联异常,4345,13.786203902,100.547104326,238
UNKNOWN,未分类／关联异常,4345,13.786203902,100.547104326,239
UNKNOWN,未分类／关联异常,4345,13.786203902,100.547104326,240
UNKNOWN,未分类／关联异常,4345,13.786203902,100.547104326,241
UNKNOWN,未分类／关联异常,4345,13.786203902,100.547104326,242
UNKNOWN,未分类／关联异常,4345,13.786203902,100.547104326,243
UNKNOWN,未分类／关联异常,4345,13.786203902,100.547104326,244
UNKNOWN,未分类／关联异常,4345,13.786203902,100.547104326,245
UNKNOWN,未分类／关联异常,4345,13.786203891,100.547104322,246
UNKNOWN,未分类／关联异常,4345,13.786203,100.547104,247
UNKNOWN,未分类／关联异常,4345,13.783854,100.546249,248
UNKNOWN,未分类／关联异常,4345,13.783852476,100.546248443,249
UNKNOWN,未分类／关联异常,4345,13.783852476,100.546248443,250
UNKNOWN,未分类／关联异常,4345,13.783852476,100.546248443,251
UNKNOWN,未分类／关联异常,4345,13.783852476,100.546248443,252
UNKNOWN,未分类／关联异常,4345,13.783852476,100.546248443,253
UNKNOWN,未分类／关联异常,4345,13.783852476,100.546248443,254
UNKNOWN,未分类／关联异常,4345,13.783852476,100.546248443,255
UNKNOWN,未分类／关联异常,4345,13.783852476,100.546248443,256
UNKNOWN,未分类／关联异常,4345,13.783852475,100.546248443,257
UNKNOWN,未分类／关联异常,4345,13.779787226339064,100.54476208312397,258
UNKNOWN,未分类／关联异常,4345,13.779787226,100.544762083,259
UNKNOWN,未分类／关联异常,4345,13.779787226,100.544762083,260
UNKNOWN,未分类／关联异常,4345,13.779787226,100.544762083,261
UNKNOWN,未分类／关联异常,4345,13.779787226,100.544762083,262
UNKNOWN,未分类／关联异常,4345,13.779787226,100.544762083,263
UNKNOWN,未分类／关联异常,4345,13.779787226,100.544762083,264
UNKNOWN,未分类／关联异常,4345,13.779787226,100.544762083,265
UNKNOWN,未分类／关联异常,4345,13.779787226,100.544762083,266
UNKNOWN,未分类／关联异常,4345,13.779787,100.544762,267
UNKNOWN,未分类／关联异常,4345,13.778928,100.544449,268
UNKNOWN,未分类／关联异常,4345,13.777351862,100.543892305,269
UNKNOWN,未分类／关联异常,4345,13.777351862,100.543892305,270
UNKNOWN,未分类／关联异常,4345,13.777351862,100.543892305,271
UNKNOWN,未分类／关联异常,4345,13.777351862,100.543892305,272
UNKNOWN,未分类／关联异常,4345,13.777351862,100.543892305,273
UNKNOWN,未分类／关联异常,4345,13.777351862,100.543892305,274
UNKNOWN,未分类／关联异常,4345,13.777351862,100.543892305,275
UNKNOWN,未分类／关联异常,4345,13.777351862,100.543892305,276
UNKNOWN,未分类／关联异常,4345,13.777351862,100.543892305,277
UNKNOWN,未分类／关联异常,4345,13.777351,100.543892,278
UNKNOWN,未分类／关联异常,4345,13.775581,100.543259,279
UNKNOWN,未分类／关联异常,4345,13.775155,100.543114,280
UNKNOWN,未分类／关联异常,4345,13.774621647,100.542915613,281
UNKNOWN,未分类／关联异常,4345,13.774621647,100.542915613,282
UNKNOWN,未分类／关联异常,4345,13.774621647,100.542915613,283
UNKNOWN,未分类／关联异常,4345,13.774621647,100.542915613,284
UNKNOWN,未分类／关联异常,4345,13.774621647,100.542915613,285
UNKNOWN,未分类／关联异常,4345,13.774621647,100.542915613,286
UNKNOWN,未分类／关联异常,4345,13.774621647,100.542915613,287
UNKNOWN,未分类／关联异常,4345,13.774621647,100.542915613,288
UNKNOWN,未分类／关联异常,4345,13.774621647,100.542915613,289
UNKNOWN,未分类／关联异常,4345,13.774621647,100.542915613,290
UNKNOWN,未分类／关联异常,4345,13.77462,100.542915,291
UNKNOWN,未分类／关联异常,4345,13.774446,100.542862,292
UNKNOWN,未分类／关联异常,4345,13.774186,100.542763,293
UNKNOWN,未分类／关联异常,4345,13.772964,100.542336,294
UNKNOWN,未分类／关联异常,4345,13.772962739,100.542335546,295
UNKNOWN,未分类／关联异常,4345,13.772962739,100.542335546,296
UNKNOWN,未分类／关联异常,4345,13.772962739,100.542335546,297
UNKNOWN,未分类／关联异常,4345,13.772962739,100.542335546,298
UNKNOWN,未分类／关联异常,4345,13.772962739,100.542335546,299
UNKNOWN,未分类／关联异常,4345,13.772962739,100.542335546,300
UNKNOWN,未分类／关联异常,4345,13.772962739,100.542335546,301
UNKNOWN,未分类／关联异常,4345,13.772962739,100.542335546,302
UNKNOWN,未分类／关联异常,4345,13.770378,100.541405,303
UNKNOWN,未分类／关联异常,4345,13.769634,100.541,304
UNKNOWN,未分类／关联异常,4345,13.769633377,100.540999658,305
UNKNOWN,未分类／关联异常,4345,13.769633376,100.540999658,306
UNKNOWN,未分类／关联异常,4345,13.769633376,100.540999658,307
UNKNOWN,未分类／关联异常,4345,13.769633376,100.540999658,308
UNKNOWN,未分类／关联异常,4345,13.769633376,100.540999658,309
UNKNOWN,未分类／关联异常,4345,13.769633376,100.540999658,310
UNKNOWN,未分类／关联异常,4345,13.769633376,100.540999658,311
UNKNOWN,未分类／关联异常,4345,13.769633376,100.540999658,312
UNKNOWN,未分类／关联异常,4345,13.769633376,100.540999658,313
UNKNOWN,未分类／关联异常,4345,13.767398,100.539772,314
UNKNOWN,未分类／关联异常,4345,13.767397447,100.539771698,315
UNKNOWN,未分类／关联异常,4345,13.767397447,100.539771698,316
UNKNOWN,未分类／关联异常,4345,13.767397447,100.539771698,317
UNKNOWN,未分类／关联异常,4345,13.767397447,100.539771698,318
UNKNOWN,未分类／关联异常,4345,13.767397447,100.539771698,319
UNKNOWN,未分类／关联异常,4345,13.767397447,100.539771698,320
UNKNOWN,未分类／关联异常,4345,13.767397447,100.539771698,321
UNKNOWN,未分类／关联异常,4345,13.767397447,100.539771698,322
UNKNOWN,未分类／关联异常,4345,13.767397422,100.539771684,323
UNKNOWN,未分类／关联异常,4345,13.766224,100.539131,324
UNKNOWN,未分类／关联异常,4345,13.765858,100.53891,325
UNKNOWN,未分类／关联异常,4345,13.765704,100.538826,326
UNKNOWN,未分类／关联异常,4345,13.765614,100.538803,327
UNKNOWN,未分类／关联异常,4345,13.765283,100.538795,328
UNKNOWN,未分类／关联异常,4345,13.765155,100.538834,329
UNKNOWN,未分类／关联异常,4345,13.765036,100.538834,330
UNKNOWN,未分类／关联异常,4345,13.765004,100.538826,331
UNKNOWN,未分类／关联异常,4345,13.764877,100.538925,332
UNKNOWN,未分类／关联异常,4345,13.764758,100.538902,333
UNKNOWN,未分类／关联异常,4345,13.764672,100.538872,334
UNKNOWN,未分类／关联异常,4345,13.764568,100.538811,335
UNKNOWN,未分类／关联异常,4345,13.764451,100.538712,336
UNKNOWN,未分类／关联异常,4345,13.764389,100.538605,337
UNKNOWN,未分类／关联异常,4345,13.764352,100.538498,338
UNKNOWN,未分类／关联异常,4345,13.764343195,100.538476938,339
UNKNOWN,未分类／关联异常,4345,13.764343195,100.538476938,340
UNKNOWN,未分类／关联异常,4345,13.764343195,100.538476938,341
UNKNOWN,未分类／关联异常,4345,13.764343195,100.538476938,342
UNKNOWN,未分类／关联异常,4345,13.764343195,100.538476938,343
UNKNOWN,未分类／关联异常,4345,13.764343195,100.538476938,344
UNKNOWN,未分类／关联异常,4345,13.764343195,100.538476938,345
UNKNOWN,未分类／关联异常,4345,13.764343195,100.538476938,346
UNKNOWN,未分类／关联异常,4345,13.764343195,100.538476938,347
UNKNOWN,未分类／关联异常,4345,13.764301,100.538376,348
UNKNOWN,未分类／关联异常,4345,13.76428,100.538284,349
UNKNOWN,未分类／关联异常,4345,13.764052,100.53791,350
UNKNOWN,未分类／关联异常,4345,13.763988,100.537834,351
UNKNOWN,未分类／关联异常,4345,13.763895,100.537758,352
UNKNOWN,未分类／关联异常,4345,13.763715,100.537651,353
UNKNOWN,未分类／关联异常,4345,13.762877,100.537239,354
UNKNOWN,未分类／关联异常,4345,13.761851,100.536667,355
UNKNOWN,未分类／关联异常,4345,13.761848139,100.536665334,356
UNKNOWN,未分类／关联异常,4345,13.761848139,100.536665334,357
UNKNOWN,未分类／关联异常,4345,13.761848139,100.536665334,358
UNKNOWN,未分类／关联异常,4345,13.761848139,100.536665334,359
UNKNOWN,未分类／关联异常,4345,13.761848139,100.536665334,360
UNKNOWN,未分类／关联异常,4345,13.761848139,100.536665334,361
UNKNOWN,未分类／关联异常,4345,13.761848139,100.536665334,362
UNKNOWN,未分类／关联异常,4345,13.761848139,100.536665334,363
UNKNOWN,未分类／关联异常,4345,13.761848139,100.536665334,364
UNKNOWN,未分类／关联异常,4345,13.761432,100.536423,365
UNKNOWN,未分类／关联异常,4345,13.759558,100.535378,366
UNKNOWN,未分类／关联异常,4345,13.759557126,100.535377509,367
UNKNOWN,未分类／关联异常,4345,13.759557126,100.535377509,368
UNKNOWN,未分类／关联异常,4345,13.757874,100.534431,369
UNKNOWN,未分类／关联异常,4345,13.756328,100.533577,370
UNKNOWN,未分类／关联异常,4345,13.754780136861454,100.53270763852129,371
UNKNOWN,未分类／关联异常,4345,13.754779,100.532707,372
UNKNOWN,未分类／关联异常,4345,13.754780122,100.532707629,373
UNKNOWN,未分类／关联异常,4345,13.754780122,100.532707629,374
UNKNOWN,未分类／关联异常,4345,13.754780122,100.532707629,375
UNKNOWN,未分类／关联异常,4345,13.754780122,100.532707629,376
UNKNOWN,未分类／关联异常,4345,13.754780122,100.532707629,377
UNKNOWN,未分类／关联异常,4345,13.754780122,100.532707629,378
UNKNOWN,未分类／关联异常,4345,13.754780122,100.532707629,379
UNKNOWN,未分类／关联异常,4345,13.754779,100.532707,380
UNKNOWN,未分类／关联异常,4345,13.753399,100.531929,381
UNKNOWN,未分类／关联异常,4345,13.753289,100.531898,382
UNKNOWN,未分类／关联异常,4345,13.753214,100.531868,383
UNKNOWN,未分类／关联异常,4345,13.753096,100.531845,384
UNKNOWN,未分类／关联异常,4345,13.752481,100.531746,385
UNKNOWN,未分类／关联异常,4345,13.751509,100.531609,386
UNKNOWN,未分类／关联异常,4345,13.751508088,100.53160887,387
UNKNOWN,未分类／关联异常,4345,13.751508078,100.531608869,388
UNKNOWN,未分类／关联异常,4345,13.751508078,100.531608869,389
UNKNOWN,未分类／关联异常,4345,13.751508078,100.531608869,390
UNKNOWN,未分类／关联异常,4345,13.751508078,100.531608869,391
UNKNOWN,未分类／关联异常,4345,13.751508078,100.531608869,392
UNKNOWN,未分类／关联异常,4345,13.751508078,100.531608869,393
UNKNOWN,未分类／关联异常,4345,13.751508078,100.531608869,394
UNKNOWN,未分类／关联异常,4345,13.751508078,100.531608869,395
UNKNOWN,未分类／关联异常,4345,13.750373,100.531448,396
UNKNOWN,未分类／关联异常,4345,13.750047,100.531311,397
UNKNOWN,未分类／关联异常,4345,13.748127,100.531029,398
UNKNOWN,未分类／关联异常,4345,13.747409,100.530937,399
UNKNOWN,未分类／关联异常,4345,13.747185,100.530991,400
UNKNOWN,未分类／关联异常,4345,13.746838,100.530922,401
UNKNOWN,未分类／关联异常,4345,13.746781,100.53093,402
UNKNOWN,未分类／关联异常,4345,13.746672,100.53096,403
UNKNOWN,未分类／关联异常,4345,13.746566,100.531006,404
UNKNOWN,未分类／关联异常,4345,13.746515,100.531029,405
UNKNOWN,未分类／关联异常,4345,13.746424,100.53109,406
UNKNOWN,未分类／关联异常,4345,13.746272,100.531242,407
UNKNOWN,未分类／关联异常,4345,13.746161,100.531425,408
UNKNOWN,未分类／关联异常,4345,13.746122,100.531525,409
UNKNOWN,未分类／关联异常,4345,13.745887,100.532898,410
UNKNOWN,未分类／关联异常,4345,13.745857544,100.532977816,411
UNKNOWN,未分类／关联异常,4345,13.745857544,100.532977817,412
UNKNOWN,未分类／关联异常,4345,13.745857544,100.532977817,413
UNKNOWN,未分类／关联异常,4345,13.745857544,100.532977817,414
UNKNOWN,未分类／关联异常,4345,13.745857544,100.532977817,415
UNKNOWN,未分类／关联异常,4345,13.745857544,100.532977817,416
UNKNOWN,未分类／关联异常,4345,13.745857544,100.532977817,417
UNKNOWN,未分类／关联异常,4345,13.745857544,100.532977817,418
UNKNOWN,未分类／关联异常,4345,13.745857544,100.532977817,419
UNKNOWN,未分类／关联异常,4345,13.745856,100.532982,420
UNKNOWN,未分类／关联异常,4345,13.745793,100.533142,421
UNKNOWN,未分类／关联异常,4345,13.745705,100.533707,422
UNKNOWN,未分类／关联异常,4345,13.74536,100.535637,423
UNKNOWN,未分类／关联异常,4345,13.74536,100.535797,424
UNKNOWN,未分类／关联异常,4345,13.745224,100.536591,425
UNKNOWN,未分类／关联异常,4345,13.745223991,100.536591054,426
UNKNOWN,未分类／关联异常,4345,13.745223991,100.536591054,427
UNKNOWN,未分类／关联异常,4345,13.745223991,100.536591054,428
UNKNOWN,未分类／关联异常,4345,13.745223991,100.536591054,429
UNKNOWN,未分类／关联异常,4345,13.745223991,100.536591054,430
UNKNOWN,未分类／关联异常,4345,13.745223991,100.536591054,431
UNKNOWN,未分类／关联异常,4345,13.745223991,100.536591054,432
UNKNOWN,未分类／关联异常,4345,13.745223991,100.536591054,433
UNKNOWN,未分类／关联异常,4345,13.745223991,100.536591054,434
UNKNOWN,未分类／关联异常,4345,13.744994,100.537918,435
UNKNOWN,未分类／关联异常,4345,13.744611,100.540245,436
UNKNOWN,未分类／关联异常,4345,13.746456799873146,100.54052696898061,437
UNKNOWN,未分类／关联异常,4345,13.7464568,100.540526969,438
UNKNOWN,未分类／关联异常,4345,13.7464568,100.540526969,439
UNKNOWN,未分类／关联异常,4345,13.7464568,100.540526969,440
UNKNOWN,未分类／关联异常,4345,13.7464568,100.540526969,441
UNKNOWN,未分类／关联异常,4345,13.7464568,100.540526969,442
UNKNOWN,未分类／关联异常,4345,13.7464568,100.540526969,443
UNKNOWN,未分类／关联异常,4345,13.7464568,100.540526969,444
UNKNOWN,未分类／关联异常,4345,13.7464568,100.540526969,445
UNKNOWN,未分类／关联异常,4345,13.7464568,100.540526969,446
UNKNOWN,未分类／关联异常,4345,13.7464568,100.540526969,447
UNKNOWN,未分类／关联异常,4345,13.746457,100.540527,448
UNKNOWN,未分类／关联异常,4345,13.747513216,100.540687729,449
UNKNOWN,未分类／关联异常,4345,13.747513216,100.540687729,450
UNKNOWN,未分类／关联异常,4345,13.747513216,100.540687729,451
UNKNOWN,未分类／关联异常,4345,13.747513216,100.540687729,452
UNKNOWN,未分类／关联异常,4345,13.747513216,100.540687729,453
UNKNOWN,未分类／关联异常,4345,13.747513216,100.540687729,454
UNKNOWN,未分类／关联异常,4345,13.747513233,100.540687732,455
UNKNOWN,未分类／关联异常,4345,13.747515,100.540688,456
UNKNOWN,未分类／关联异常,4345,13.749962,100.541061,457
UNKNOWN,未分类／关联异常,4345,13.752067,100.541473,458
UNKNOWN,未分类／关联异常,4345,13.752635,100.541595,459
UNKNOWN,未分类／关联异常,4345,13.753384098696678,100.54177078792881,460
UNKNOWN,未分类／关联异常,4345,13.753384099,100.541770788,461
UNKNOWN,未分类／关联异常,4345,13.753384099,100.541770788,462
UNKNOWN,未分类／关联异常,4345,13.753384099,100.541770788,463
UNKNOWN,未分类／关联异常,4345,13.753384099,100.541770788,464
UNKNOWN,未分类／关联异常,4345,13.753384099,100.541770788,465
UNKNOWN,未分类／关联异常,4345,13.753384099,100.541770788,466
UNKNOWN,未分类／关联异常,4345,13.753384099,100.541770788,467
UNKNOWN,未分类／关联异常,4345,13.753384099,100.541770788,468
UNKNOWN,未分类／关联异常,4345,13.753385,100.541771,469
UNKNOWN,未分类／关联异常,4345,13.753727,100.54184,470
UNKNOWN,未分类／关联异常,4345,13.754392,100.541992,471
UNKNOWN,未分类／关联异常,4345,13.755768,100.542343,472
UNKNOWN,未分类／关联异常,4345,13.755994,100.542381,473
UNKNOWN,未分类／关联异常,4345,13.756319,100.542419,474
UNKNOWN,未分类／关联异常,4345,13.756945,100.542435,475
UNKNOWN,未分类／关联异常,4345,13.757879,100.542442,476
UNKNOWN,未分类／关联异常,4345,13.757879,100.542442,477
UNKNOWN,未分类／关联异常,4345,13.757879,100.542442,478
UNKNOWN,未分类／关联异常,4345,13.757879,100.542442,479
UNKNOWN,未分类／关联异常,4345,13.757879,100.542442,480
UNKNOWN,未分类／关联异常,4345,13.757879,100.542442,481
UNKNOWN,未分类／关联异常,4345,13.757879,100.542442,482
UNKNOWN,未分类／关联异常,4345,13.757879,100.542442,483
UNKNOWN,未分类／关联异常,4345,13.757879,100.542442,484
UNKNOWN,未分类／关联异常,4345,13.757879,100.542442,485
UNKNOWN,未分类／关联异常,4345,13.758826,100.542458,486
UNKNOWN,未分类／关联异常,4345,13.760821262,100.542458,487
UNKNOWN,未分类／关联异常,4345,13.760821262,100.542458,488
UNKNOWN,未分类／关联异常,4345,13.760821262,100.542458,489
UNKNOWN,未分类／关联异常,4345,13.760821262,100.542458,490
UNKNOWN,未分类／关联异常,4345,13.760821262,100.542458,491
UNKNOWN,未分类／关联异常,4345,13.760821262,100.542458,492
UNKNOWN,未分类／关联异常,4345,13.760821262,100.542458,493
UNKNOWN,未分类／关联异常,4345,13.760821262,100.542458,494
UNKNOWN,未分类／关联异常,4345,13.760821262,100.542458,495
UNKNOWN,未分类／关联异常,4345,13.760822,100.542458,496
UNKNOWN,未分类／关联异常,4345,13.761164,100.54245,497
UNKNOWN,未分类／关联异常,4345,13.762193,100.54245,498
UNKNOWN,未分类／关联异常,4345,13.762368,100.54248,499
UNKNOWN,未分类／关联异常,4345,13.762551,100.542557,500
UNKNOWN,未分类／关联异常,4345,13.762605,100.542595,501
UNKNOWN,未分类／关联异常,4345,13.762637,100.542625,502
UNKNOWN,未分类／关联异常,4345,13.762774,100.542816,503
UNKNOWN,未分类／关联异常,4345,13.762836,100.542938,504
UNKNOWN,未分类／关联异常,4345,13.762847,100.543228,505
UNKNOWN,未分类／关联异常,4345,13.763162,100.54435,506
UNKNOWN,未分类／关联异常,4345,13.763271,100.544693,507
UNKNOWN,未分类／关联异常,4345,13.763272745,100.54469856,508
UNKNOWN,未分类／关联异常,4345,13.763272745,100.54469856,509
UNKNOWN,未分类／关联异常,4345,13.763272745,100.54469856,510
UNKNOWN,未分类／关联异常,4345,13.763272745,100.54469856,511
UNKNOWN,未分类／关联异常,4345,13.763272745,100.54469856,512
UNKNOWN,未分类／关联异常,4345,13.763272745,100.54469856,513
UNKNOWN,未分类／关联异常,4345,13.763272745,100.54469856,514
UNKNOWN,未分类／关联异常,4345,13.763272745,100.54469856,515
UNKNOWN,未分类／关联异常,4345,13.763272745,100.54469856,516
UNKNOWN,未分类／关联异常,4345,13.763453,100.545273,517
UNKNOWN,未分类／关联异常,4345,13.763515,100.545677,518
UNKNOWN,未分类／关联异常,4345,13.763726,100.546471,519
UNKNOWN,未分类／关联异常,4345,13.763972,100.547318,520
UNKNOWN,未分类／关联异常,4345,13.764039,100.5476,521
UNKNOWN,未分类／关联异常,4345,13.764059,100.547737,522
UNKNOWN,未分类／关联异常,4345,13.764044,100.547966,523
UNKNOWN,未分类／关联异常,4345,13.764027,100.548058,524
UNKNOWN,未分类／关联异常,4345,13.764003,100.548126,525
UNKNOWN,未分类／关联异常,4345,13.763916,100.548271,526
UNKNOWN,未分类／关联异常,4345,13.763872,100.54834,527
UNKNOWN,未分类／关联异常,4345,13.763627,100.548653,528
UNKNOWN,未分类／关联异常,4345,13.763476,100.548889,529
UNKNOWN,未分类／关联异常,4345,13.762807,100.55027,530
UNKNOWN,未分类／关联异常,4345,13.762716,100.550491,531
UNKNOWN,未分类／关联异常,4345,13.762414,100.551102,532
UNKNOWN,未分类／关联异常,4345,13.762413782,100.55110244,533
UNKNOWN,未分类／关联异常,4345,13.762413782,100.55110244,534
UNKNOWN,未分类／关联异常,4345,13.762413782,100.55110244,535
UNKNOWN,未分类／关联异常,4345,13.762413782,100.55110244,536
UNKNOWN,未分类／关联异常,4345,13.762413782,100.55110244,537
UNKNOWN,未分类／关联异常,4345,13.762413782,100.55110244,538
UNKNOWN,未分类／关联异常,4345,13.762413782,100.55110244,539
UNKNOWN,未分类／关联异常,4345,13.762413782,100.55110244,540
UNKNOWN,未分类／关联异常,4345,13.762413782,100.55110244,541
UNKNOWN,未分类／关联异常,4345,13.761588,100.552765,542
UNKNOWN,未分类／关联异常,4345,13.761353833,100.553259242,543
UNKNOWN,未分类／关联异常,4345,13.761353833,100.553259242,544
UNKNOWN,未分类／关联异常,4345,13.760411,100.555252,545
UNKNOWN,未分类／关联异常,4345,13.760257128665206,100.55553988830381,546
UNKNOWN,未分类／关联异常,4345,13.760256,100.555542,547
UNKNOWN,未分类／关联异常,4345,13.760097,100.555832,548
UNKNOWN,未分类／关联异常,4345,13.759913,100.556122,549
UNKNOWN,未分类／关联异常,4345,13.759825,100.556229,550
UNKNOWN,未分类／关联异常,4345,13.759748,100.556305,551
UNKNOWN,未分类／关联异常,4345,13.759526,100.556473,552
UNKNOWN,未分类／关联异常,4345,13.758819,100.556839,553
UNKNOWN,未分类／关联异常,4345,13.758053,100.55719,554
UNKNOWN,未分类／关联异常,4345,13.757795,100.557335,555
UNKNOWN,未分类／关联异常,4345,13.757492,100.557579,556
UNKNOWN,未分类／关联异常,4345,13.757403,100.557663,557
UNKNOWN,未分类／关联异常,4345,13.757197,100.557884,558
UNKNOWN,未分类／关联异常,4345,13.757120213966939,100.5579854334017,559
UNKNOWN,未分类／关联异常,4345,13.757116,100.557991,560
UNKNOWN,未分类／关联异常,4345,13.756951,100.55822,561
UNKNOWN,未分类／关联异常,4345,13.756813,100.558456,562
UNKNOWN,未分类／关联异常,4345,13.756731,100.55864,563
UNKNOWN,未分类／关联异常,4345,13.756653,100.558884,564
UNKNOWN,未分类／关联异常,4345,13.756593,100.559166,565
UNKNOWN,未分类／关联异常,4345,13.756549,100.559456,566
UNKNOWN,未分类／关联异常,4345,13.756445,100.56073,567
UNKNOWN,未分类／关联异常,4345,13.756340298632209,100.56229752904923,568
UNKNOWN,未分类／关联异常,4345,13.75634,100.562302,569
UNKNOWN,未分类／关联异常,4345,13.756225,100.564087,570
UNKNOWN,未分类／关联异常,4345,13.755944425785232,100.56797210416248,571
UNKNOWN,未分类／关联异常,4345,13.755944,100.567978,572
UNKNOWN,未分类／关联异常,4345,13.755653,100.571686,573
UNKNOWN,未分类／关联异常,4346,13.759316,100.572571,1
UNKNOWN,未分类／关联异常,4346,13.759259,100.572571,2
UNKNOWN,未分类／关联异常,4346,13.758435,100.57267,3
UNKNOWN,未分类／关联异常,4346,13.757118,100.572868,4
UNKNOWN,未分类／关联异常,4346,13.756652,100.572922,5
UNKNOWN,未分类／关联异常,4346,13.755563,100.573326,6
UNKNOWN,未分类／关联异常,4346,13.755342,100.573311,7
UNKNOWN,未分类／关联异常,4346,13.755478590061909,100.57152336510215,8
UNKNOWN,未分类／关联异常,4346,13.755479,100.571518,9
UNKNOWN,未分类／关联异常,4346,13.755734940979393,100.56832173706593,10
UNKNOWN,未分类／关联异常,4346,13.755735,100.568321,11
UNKNOWN,未分类／关联异常,4346,13.756012,100.564919,12
UNKNOWN,未分类／关联异常,4346,13.756136,100.564949,13
UNKNOWN,未分类／关联异常,4346,13.757311,100.565147,14
UNKNOWN,未分类／关联异常,4346,13.757681,100.565224,15
UNKNOWN,未分类／关联异常,4346,13.758791,100.565491,16
UNKNOWN,未分类／关联异常,4346,13.758791148654495,100.5654910368605,17
UNKNOWN,未分类／关联异常,4346,13.759404,100.565643,18
UNKNOWN,未分类／关联异常,4346,13.759887,100.565788,19
UNKNOWN,未分类／关联异常,4346,13.760174,100.565895,20
UNKNOWN,未分类／关联异常,4346,13.760799,100.566177,21
UNKNOWN,未分类／关联异常,4346,13.761573,100.566628,22
UNKNOWN,未分类／关联异常,4346,13.761573,100.566628,23
UNKNOWN,未分类／关联异常,4346,13.76202,100.566948,24
UNKNOWN,未分类／关联异常,4346,13.764926,100.569191,25
UNKNOWN,未分类／关联异常,4346,13.764926462159325,100.56919135424396,26
UNKNOWN,未分类／关联异常,4346,13.765911,100.569946,27
UNKNOWN,未分类／关联异常,4346,13.767152748992732,100.57091324660286,28
UNKNOWN,未分类／关联异常,4346,13.767155,100.570915,29
UNKNOWN,未分类／关联异常,4346,13.768779,100.572166,30
UNKNOWN,未分类／关联异常,4346,13.769178,100.572449,31
UNKNOWN,未分类／关联异常,4346,13.769506,100.572662,32
UNKNOWN,未分类／关联异常,4346,13.769814,100.572807,33
UNKNOWN,未分类／关联异常,4346,13.770473,100.573051,34
UNKNOWN,未分类／关联异常,4346,13.770989,100.573158,35
UNKNOWN,未分类／关联异常,4346,13.772112,100.573219,36
UNKNOWN,未分类／关联异常,4346,13.772368751247846,100.57321200677535,37
UNKNOWN,未分类／关联异常,4346,13.772369,100.573212,38
UNKNOWN,未分类／关联异常,4346,13.772623,100.573204,39
UNKNOWN,未分类／关联异常,4346,13.773403,100.573219,40
UNKNOWN,未分类／关联异常,4346,13.773863,100.573288,41
UNKNOWN,未分类／关联异常,4346,13.77499,100.573402,42
UNKNOWN,未分类／关联异常,4346,13.775193,100.57341,43
UNKNOWN,未分类／关联异常,4346,13.775209080616245,100.5734081958333,44
UNKNOWN,未分类／关联异常,4346,13.775603,100.573364,45
UNKNOWN,未分类／关联异常,4346,13.775723,100.57338,46
UNKNOWN,未分类／关联异常,4346,13.776394,100.573425,47
UNKNOWN,未分类／关联异常,4346,13.777179,100.57341,48
UNKNOWN,未分类／关联异常,4346,13.777742,100.573502,49
UNKNOWN,未分类／关联异常,4346,13.778153,100.573555,50
UNKNOWN,未分类／关联异常,4346,13.778295,100.57341,51
UNKNOWN,未分类／关联异常,4346,13.778366,100.573257,52
UNKNOWN,未分类／关联异常,4346,13.778235,100.572823,53
UNKNOWN,未分类／关联异常,4346,13.77809,100.572067,54
UNKNOWN,未分类／关联异常,4346,13.778082,100.571945,55
UNKNOWN,未分类／关联异常,4346,13.778128,100.571281,56
UNKNOWN,未分类／关联异常,4346,13.778247,100.570587,57
UNKNOWN,未分类／关联异常,4346,13.777476274437754,100.57052602171298,58
UNKNOWN,未分类／关联异常,4346,13.777476,100.570526,59
UNKNOWN,未分类／关联异常,4346,13.778247,100.570587,60
UNKNOWN,未分类／关联异常,4346,13.77828,100.570358,61
UNKNOWN,未分类／关联异常,4346,13.778277,100.569572,62
UNKNOWN,未分类／关联异常,4346,13.778277,100.569572,63
UNKNOWN,未分类／关联异常,4346,13.778395,100.568085,64
UNKNOWN,未分类／关联异常,4346,13.778425987591216,100.56742926258586,65
UNKNOWN,未分类／关联异常,4346,13.778426,100.567429,66
UNKNOWN,未分类／关联异常,4346,13.778426,100.567429,67
UNKNOWN,未分类／关联异常,4346,13.778425988,100.567429263,68
UNKNOWN,未分类／关联异常,4346,13.778425988,100.567429263,69
UNKNOWN,未分类／关联异常,4346,13.778425988,100.567429263,70
UNKNOWN,未分类／关联异常,4346,13.778425988,100.567429263,71
UNKNOWN,未分类／关联异常,4346,13.778425988,100.567429263,72
UNKNOWN,未分类／关联异常,4346,13.778425988,100.567429263,73
UNKNOWN,未分类／关联异常,4346,13.778425991,100.567429202,74
UNKNOWN,未分类／关联异常,4346,13.778426,100.567429,75
UNKNOWN,未分类／关联异常,4346,13.778449,100.566978,76
UNKNOWN,未分类／关联异常,4346,13.778482,100.566887,77
UNKNOWN,未分类／关联异常,4346,13.778528,100.566826,78
UNKNOWN,未分类／关联异常,4346,13.778546,100.566818,79
UNKNOWN,未分类／关联异常,4346,13.778592,100.566811,80
UNKNOWN,未分类／关联异常,4346,13.779609,100.567093,81
UNKNOWN,未分类／关联异常,4346,13.779609594,100.567093165,82
UNKNOWN,未分类／关联异常,4346,13.779609594,100.567093165,83
UNKNOWN,未分类／关联异常,4346,13.779609594,100.567093165,84
UNKNOWN,未分类／关联异常,4346,13.779609594,100.567093165,85
UNKNOWN,未分类／关联异常,4346,13.779609594,100.567093165,86
UNKNOWN,未分类／关联异常,4346,13.779609594,100.567093165,87
UNKNOWN,未分类／关联异常,4346,13.779609594,100.567093165,88
UNKNOWN,未分类／关联异常,4346,13.779609594,100.567093165,89
UNKNOWN,未分类／关联异常,4346,13.779609594,100.567093165,90
UNKNOWN,未分类／关联异常,4346,13.779609594,100.567093165,91
UNKNOWN,未分类／关联异常,4346,13.780184,100.567253,92
UNKNOWN,未分类／关联异常,4346,13.780741,100.567253,93
UNKNOWN,未分类／关联异常,4346,13.781420507,100.567230017,94
UNKNOWN,未分类／关联异常,4346,13.781420507,100.567230017,95
UNKNOWN,未分类／关联异常,4346,13.781420507,100.567230017,96
UNKNOWN,未分类／关联异常,4346,13.781420507,100.567230017,97
UNKNOWN,未分类／关联异常,4346,13.781420507,100.567230017,98
UNKNOWN,未分类／关联异常,4346,13.781420507,100.567230017,99
UNKNOWN,未分类／关联异常,4346,13.781420579,100.567230015,100
UNKNOWN,未分类／关联异常,4346,13.781421,100.56723,101
UNKNOWN,未分类／关联异常,4346,13.782022,100.567207,102
UNKNOWN,未分类／关联异常,4346,13.782315,100.567207,103
UNKNOWN,未分类／关联异常,4346,13.782868,100.567184,104
UNKNOWN,未分类／关联异常,4346,13.78355,100.567169,105
UNKNOWN,未分类／关联异常,4346,13.78355,100.567169,106
UNKNOWN,未分类／关联异常,4346,13.78355,100.567169,107
UNKNOWN,未分类／关联异常,4346,13.78355,100.567169,108
UNKNOWN,未分类／关联异常,4346,13.78355,100.567169,109
UNKNOWN,未分类／关联异常,4346,13.78355,100.567169,110
UNKNOWN,未分类／关联异常,4346,13.78355,100.567169,111
UNKNOWN,未分类／关联异常,4346,13.78355,100.567169,112
UNKNOWN,未分类／关联异常,4346,13.78355,100.567169,113
UNKNOWN,未分类／关联异常,4346,13.78355,100.567169,114
UNKNOWN,未分类／关联异常,4346,13.783744,100.567169,115
UNKNOWN,未分类／关联异常,4346,13.785286,100.567123,116
UNKNOWN,未分类／关联异常,4346,13.786087,100.567093,117
UNKNOWN,未分类／关联异常,4346,13.786485,100.56707,118
UNKNOWN,未分类／关联异常,4346,13.786486691,100.567069846,119
UNKNOWN,未分类／关联异常,4346,13.786486691,100.567069846,120
UNKNOWN,未分类／关联异常,4346,13.786486691,100.567069846,121
UNKNOWN,未分类／关联异常,4346,13.786486691,100.567069846,122
UNKNOWN,未分类／关联异常,4346,13.786486691,100.567069846,123
UNKNOWN,未分类／关联异常,4346,13.786486691,100.567069846,124
UNKNOWN,未分类／关联异常,4346,13.786486691,100.567069846,125
UNKNOWN,未分类／关联异常,4346,13.786486691,100.567069846,126
UNKNOWN,未分类／关联异常,4346,13.786486703,100.567069845,127
UNKNOWN,未分类／关联异常,4346,13.786989,100.567024,128
UNKNOWN,未分类／关联异常,4346,13.788395,100.566933,129
UNKNOWN,未分类／关联异常,4346,13.788699,100.566963,130
UNKNOWN,未分类／关联异常,4346,13.7887,100.566872,131
UNKNOWN,未分类／关联异常,4346,13.7887,100.566872,132
UNKNOWN,未分类／关联异常,4346,13.7887,100.566872,133
UNKNOWN,未分类／关联异常,4346,13.7887,100.566872,134
UNKNOWN,未分类／关联异常,4346,13.7887,100.566872,135
UNKNOWN,未分类／关联异常,4346,13.7887,100.566872,136
UNKNOWN,未分类／关联异常,4346,13.7887,100.566872,137
UNKNOWN,未分类／关联异常,4346,13.7887,100.566872,138
UNKNOWN,未分类／关联异常,4346,13.7887,100.566872,139
UNKNOWN,未分类／关联异常,4346,13.7887,100.566872,140
UNKNOWN,未分类／关联异常,4346,13.7887,100.566872,141
UNKNOWN,未分类／关联异常,4346,13.7887,100.566872,142
UNKNOWN,未分类／关联异常,4346,13.7887,100.566872,143
UNKNOWN,未分类／关联异常,4346,13.7887,100.566872,144
UNKNOWN,未分类／关联异常,4346,13.788699,100.566963,145
UNKNOWN,未分类／关联异常,4346,13.789547,100.567001,146
UNKNOWN,未分类／关联异常,4346,13.789498016,100.566017317,147
UNKNOWN,未分类／关联异常,4346,13.789498016,100.566017317,148
UNKNOWN,未分类／关联异常,4346,13.789498016,100.566017317,149
UNKNOWN,未分类／关联异常,4346,13.789498016,100.566017317,150
UNKNOWN,未分类／关联异常,4346,13.789498014,100.566017273,151
UNKNOWN,未分类／关联异常,4346,13.789498,100.566017,152
UNKNOWN,未分类／关联异常,4346,13.789371,100.563309,153
UNKNOWN,未分类／关联异常,4346,13.789345,100.562607,154
UNKNOWN,未分类／关联异常,4346,13.789344892006161,100.5626027542422,155
UNKNOWN,未分类／关联异常,4346,13.789344892,100.562602754,156
UNKNOWN,未分类／关联异常,4346,13.789344892,100.562602754,157
UNKNOWN,未分类／关联异常,4346,13.789344892,100.562602754,158
UNKNOWN,未分类／关联异常,4346,13.789344892,100.562602754,159
UNKNOWN,未分类／关联异常,4346,13.789344892,100.562602754,160
UNKNOWN,未分类／关联异常,4346,13.789344892,100.562602754,161
UNKNOWN,未分类／关联异常,4346,13.789344892,100.562602754,162
UNKNOWN,未分类／关联异常,4346,13.789344892,100.562602754,163
UNKNOWN,未分类／关联异常,4346,13.789344892,100.562602754,164
UNKNOWN,未分类／关联异常,4346,13.789344892,100.562602754,165
UNKNOWN,未分类／关联异常,4346,13.789325,100.561821,166
UNKNOWN,未分类／关联异常,4346,13.789291,100.561333,167
UNKNOWN,未分类／关联异常,4346,13.789268012,100.560806282,168
UNKNOWN,未分类／关联异常,4346,13.789268012,100.560806282,169
UNKNOWN,未分类／关联异常,4346,13.789268012,100.560806282,170
UNKNOWN,未分类／关联异常,4346,13.789268012,100.560806282,171
UNKNOWN,未分类／关联异常,4346,13.789268012,100.560806282,172
UNKNOWN,未分类／关联异常,4346,13.789268012,100.560806282,173
UNKNOWN,未分类／关联异常,4346,13.789268012,100.560806282,174
UNKNOWN,未分类／关联异常,4346,13.789268,100.560806,175
UNKNOWN,未分类／关联异常,4346,13.789204,100.559113,176
UNKNOWN,未分类／关联异常,4346,13.789186,100.558891,177
UNKNOWN,未分类／关联异常,4346,13.789153,100.558228,178
UNKNOWN,未分类／关联异常,4346,13.789152967,100.558227357,179
UNKNOWN,未分类／关联异常,4346,13.789152967,100.558227357,180
UNKNOWN,未分类／关联异常,4346,13.789152967,100.558227357,181
UNKNOWN,未分类／关联异常,4346,13.789152967,100.558227357,182
UNKNOWN,未分类／关联异常,4346,13.789152967,100.558227357,183
UNKNOWN,未分类／关联异常,4346,13.789152967,100.558227357,184
UNKNOWN,未分类／关联异常,4346,13.789152967,100.558227357,185
UNKNOWN,未分类／关联异常,4346,13.789152967,100.558227357,186
UNKNOWN,未分类／关联异常,4346,13.789152967,100.558227357,187
UNKNOWN,未分类／关联异常,4346,13.789094,100.557076,188
UNKNOWN,未分类／关联异常,4346,13.789078,100.55645,189
UNKNOWN,未分类／关联异常,4346,13.789052114004082,100.5558805020898,190
UNKNOWN,未分类／关联异常,4346,13.789052114,100.555880502,191
UNKNOWN,未分类／关联异常,4346,13.789052114,100.555880502,192
UNKNOWN,未分类／关联异常,4346,13.789052114,100.555880502,193
UNKNOWN,未分类／关联异常,4346,13.789052114,100.555880502,194
UNKNOWN,未分类／关联异常,4346,13.789052114,100.555880502,195
UNKNOWN,未分类／关联异常,4346,13.789052114,100.555880502,196
UNKNOWN,未分类／关联异常,4346,13.789052114,100.555880502,197
UNKNOWN,未分类／关联异常,4346,13.789052114,100.555880502,198
UNKNOWN,未分类／关联异常,4346,13.789052114,100.5558805,199
UNKNOWN,未分类／关联异常,4346,13.789052,100.555878,200
UNKNOWN,未分类／关联异常,4346,13.788973039,100.554169834,201
UNKNOWN,未分类／关联异常,4346,13.788973038,100.554169815,202
UNKNOWN,未分类／关联异常,4346,13.788973038,100.554169815,203
UNKNOWN,未分类／关联异常,4346,13.788973038,100.554169815,204
UNKNOWN,未分类／关联异常,4346,13.788973038,100.554169815,205
UNKNOWN,未分类／关联异常,4346,13.788973038,100.554169815,206
UNKNOWN,未分类／关联异常,4346,13.788973038,100.554169815,207
UNKNOWN,未分类／关联异常,4346,13.788973038,100.554169815,208
UNKNOWN,未分类／关联异常,4346,13.788973,100.554169,209
UNKNOWN,未分类／关联异常,4346,13.788913,100.552925,210
UNKNOWN,未分类／关联异常,4346,13.788868,100.552338,211
UNKNOWN,未分类／关联异常,4346,13.788869,100.552139,212
UNKNOWN,未分类／关联异常,4346,13.789057908983754,100.55074367012,213
UNKNOWN,未分类／关联异常,4346,13.789057909,100.55074367,214
UNKNOWN,未分类／关联异常,4346,13.789057909,100.55074367,215
UNKNOWN,未分类／关联异常,4346,13.789057909,100.55074367,216
UNKNOWN,未分类／关联异常,4346,13.789057909,100.55074367,217
UNKNOWN,未分类／关联异常,4346,13.789057909,100.55074367,218
UNKNOWN,未分类／关联异常,4346,13.789057909,100.55074367,219
UNKNOWN,未分类／关联异常,4346,13.789057909,100.55074367,220
UNKNOWN,未分类／关联异常,4346,13.789057909,100.55074367,221
UNKNOWN,未分类／关联异常,4346,13.789057909,100.55074367,222
UNKNOWN,未分类／关联异常,4346,13.789057909,100.55074367,223
UNKNOWN,未分类／关联异常,4346,13.789058,100.550743,224
UNKNOWN,未分类／关联异常,4346,13.789157,100.550011,225
UNKNOWN,未分类／关联异常,4346,13.789246483,100.549259339,226
UNKNOWN,未分类／关联异常,4346,13.789246483,100.549259339,227
UNKNOWN,未分类／关联异常,4346,13.789246483,100.549259339,228
UNKNOWN,未分类／关联异常,4346,13.789246483,100.549259339,229
UNKNOWN,未分类／关联异常,4346,13.789246483,100.549259339,230
UNKNOWN,未分类／关联异常,4346,13.789246483,100.549259339,231
UNKNOWN,未分类／关联异常,4346,13.789246483,100.549259339,232
UNKNOWN,未分类／关联异常,4346,13.789247,100.549255,233
UNKNOWN,未分类／关联异常,4346,13.789167,100.549927,234
UNKNOWN,未分类／关联异常,4346,13.789542,100.549965,235
UNKNOWN,未分类／关联异常,4346,13.789527,100.549751,236
UNKNOWN,未分类／关联异常,4346,13.789699,100.54837,237
UNKNOWN,未分类／关联异常,4346,13.786203902,100.547104326,238
UNKNOWN,未分类／关联异常,4346,13.786203902,100.547104326,239
UNKNOWN,未分类／关联异常,4346,13.786203902,100.547104326,240
UNKNOWN,未分类／关联异常,4346,13.786203902,100.547104326,241
UNKNOWN,未分类／关联异常,4346,13.786203902,100.547104326,242
UNKNOWN,未分类／关联异常,4346,13.786203902,100.547104326,243
UNKNOWN,未分类／关联异常,4346,13.786203902,100.547104326,244
UNKNOWN,未分类／关联异常,4346,13.786203902,100.547104326,245
UNKNOWN,未分类／关联异常,4346,13.786203891,100.547104322,246
UNKNOWN,未分类／关联异常,4346,13.786203,100.547104,247
UNKNOWN,未分类／关联异常,4346,13.783854,100.546249,248
UNKNOWN,未分类／关联异常,4346,13.783852476,100.546248443,249
UNKNOWN,未分类／关联异常,4346,13.783852476,100.546248443,250
UNKNOWN,未分类／关联异常,4346,13.783852476,100.546248443,251
UNKNOWN,未分类／关联异常,4346,13.783852476,100.546248443,252
UNKNOWN,未分类／关联异常,4346,13.783852476,100.546248443,253
UNKNOWN,未分类／关联异常,4346,13.783852476,100.546248443,254
UNKNOWN,未分类／关联异常,4346,13.783852476,100.546248443,255
UNKNOWN,未分类／关联异常,4346,13.783852476,100.546248443,256
UNKNOWN,未分类／关联异常,4346,13.783852475,100.546248443,257
UNKNOWN,未分类／关联异常,4346,13.779787226339064,100.54476208312397,258
UNKNOWN,未分类／关联异常,4346,13.779787226,100.544762083,259
UNKNOWN,未分类／关联异常,4346,13.779787226,100.544762083,260
UNKNOWN,未分类／关联异常,4346,13.779787226,100.544762083,261
UNKNOWN,未分类／关联异常,4346,13.779787226,100.544762083,262
UNKNOWN,未分类／关联异常,4346,13.779787226,100.544762083,263
UNKNOWN,未分类／关联异常,4346,13.779787226,100.544762083,264
UNKNOWN,未分类／关联异常,4346,13.779787226,100.544762083,265
UNKNOWN,未分类／关联异常,4346,13.779787226,100.544762083,266
UNKNOWN,未分类／关联异常,4346,13.779787,100.544762,267
UNKNOWN,未分类／关联异常,4346,13.778928,100.544449,268
UNKNOWN,未分类／关联异常,4346,13.777351862,100.543892305,269
UNKNOWN,未分类／关联异常,4346,13.777351862,100.543892305,270
UNKNOWN,未分类／关联异常,4346,13.777351862,100.543892305,271
UNKNOWN,未分类／关联异常,4346,13.777351862,100.543892305,272
UNKNOWN,未分类／关联异常,4346,13.777351862,100.543892305,273
UNKNOWN,未分类／关联异常,4346,13.777351862,100.543892305,274
UNKNOWN,未分类／关联异常,4346,13.777351862,100.543892305,275
UNKNOWN,未分类／关联异常,4346,13.777351862,100.543892305,276
UNKNOWN,未分类／关联异常,4346,13.777351862,100.543892305,277
UNKNOWN,未分类／关联异常,4346,13.777351,100.543892,278
UNKNOWN,未分类／关联异常,4346,13.775581,100.543259,279
UNKNOWN,未分类／关联异常,4346,13.775155,100.543114,280
UNKNOWN,未分类／关联异常,4346,13.774621647,100.542915613,281
UNKNOWN,未分类／关联异常,4346,13.774621647,100.542915613,282
UNKNOWN,未分类／关联异常,4346,13.774621647,100.542915613,283
UNKNOWN,未分类／关联异常,4346,13.774621647,100.542915613,284
UNKNOWN,未分类／关联异常,4346,13.774621647,100.542915613,285
UNKNOWN,未分类／关联异常,4346,13.774621647,100.542915613,286
UNKNOWN,未分类／关联异常,4346,13.774621647,100.542915613,287
UNKNOWN,未分类／关联异常,4346,13.774621647,100.542915613,288
UNKNOWN,未分类／关联异常,4346,13.774621647,100.542915613,289
UNKNOWN,未分类／关联异常,4346,13.774621647,100.542915613,290
UNKNOWN,未分类／关联异常,4346,13.77462,100.542915,291
UNKNOWN,未分类／关联异常,4346,13.774446,100.542862,292
UNKNOWN,未分类／关联异常,4346,13.774186,100.542763,293
UNKNOWN,未分类／关联异常,4346,13.772964,100.542336,294
UNKNOWN,未分类／关联异常,4346,13.772962739,100.542335546,295
UNKNOWN,未分类／关联异常,4346,13.772962739,100.542335546,296
UNKNOWN,未分类／关联异常,4346,13.772962739,100.542335546,297
UNKNOWN,未分类／关联异常,4346,13.772962739,100.542335546,298
UNKNOWN,未分类／关联异常,4346,13.772962739,100.542335546,299
UNKNOWN,未分类／关联异常,4346,13.772962739,100.542335546,300
UNKNOWN,未分类／关联异常,4346,13.772962739,100.542335546,301
UNKNOWN,未分类／关联异常,4346,13.772962739,100.542335546,302
UNKNOWN,未分类／关联异常,4346,13.770378,100.541405,303
UNKNOWN,未分类／关联异常,4346,13.769634,100.541,304
UNKNOWN,未分类／关联异常,4346,13.769633377,100.540999658,305
UNKNOWN,未分类／关联异常,4346,13.769633376,100.540999658,306
UNKNOWN,未分类／关联异常,4346,13.769633376,100.540999658,307
UNKNOWN,未分类／关联异常,4346,13.769633376,100.540999658,308
UNKNOWN,未分类／关联异常,4346,13.769633376,100.540999658,309
UNKNOWN,未分类／关联异常,4346,13.769633376,100.540999658,310
UNKNOWN,未分类／关联异常,4346,13.769633376,100.540999658,311
UNKNOWN,未分类／关联异常,4346,13.769633376,100.540999658,312
UNKNOWN,未分类／关联异常,4346,13.769633376,100.540999658,313
UNKNOWN,未分类／关联异常,4346,13.767398,100.539772,314
UNKNOWN,未分类／关联异常,4346,13.767397447,100.539771698,315
UNKNOWN,未分类／关联异常,4346,13.767397447,100.539771698,316
UNKNOWN,未分类／关联异常,4346,13.767397447,100.539771698,317
UNKNOWN,未分类／关联异常,4346,13.767397447,100.539771698,318
UNKNOWN,未分类／关联异常,4346,13.767397447,100.539771698,319
UNKNOWN,未分类／关联异常,4346,13.767397447,100.539771698,320
UNKNOWN,未分类／关联异常,4346,13.767397447,100.539771698,321
UNKNOWN,未分类／关联异常,4346,13.767397447,100.539771698,322
UNKNOWN,未分类／关联异常,4346,13.767397422,100.539771684,323
UNKNOWN,未分类／关联异常,4346,13.766224,100.539131,324
UNKNOWN,未分类／关联异常,4346,13.765858,100.53891,325
UNKNOWN,未分类／关联异常,4346,13.765704,100.538826,326
UNKNOWN,未分类／关联异常,4346,13.765614,100.538803,327
UNKNOWN,未分类／关联异常,4346,13.765283,100.538795,328
UNKNOWN,未分类／关联异常,4346,13.765155,100.538834,329
UNKNOWN,未分类／关联异常,4346,13.765036,100.538834,330
UNKNOWN,未分类／关联异常,4346,13.765004,100.538826,331
UNKNOWN,未分类／关联异常,4346,13.764877,100.538925,332
UNKNOWN,未分类／关联异常,4346,13.764758,100.538902,333
UNKNOWN,未分类／关联异常,4346,13.764672,100.538872,334
UNKNOWN,未分类／关联异常,4346,13.764568,100.538811,335
UNKNOWN,未分类／关联异常,4346,13.764451,100.538712,336
UNKNOWN,未分类／关联异常,4346,13.764389,100.538605,337
UNKNOWN,未分类／关联异常,4346,13.764352,100.538498,338
UNKNOWN,未分类／关联异常,4346,13.764343195,100.538476938,339
UNKNOWN,未分类／关联异常,4346,13.764343195,100.538476938,340
UNKNOWN,未分类／关联异常,4346,13.764343195,100.538476938,341
UNKNOWN,未分类／关联异常,4346,13.764343195,100.538476938,342
UNKNOWN,未分类／关联异常,4346,13.764343195,100.538476938,343
UNKNOWN,未分类／关联异常,4346,13.764343195,100.538476938,344
UNKNOWN,未分类／关联异常,4346,13.764343195,100.538476938,345
UNKNOWN,未分类／关联异常,4346,13.764343195,100.538476938,346
UNKNOWN,未分类／关联异常,4346,13.764343195,100.538476938,347
UNKNOWN,未分类／关联异常,4346,13.764301,100.538376,348
UNKNOWN,未分类／关联异常,4346,13.76428,100.538284,349
UNKNOWN,未分类／关联异常,4346,13.764052,100.53791,350
UNKNOWN,未分类／关联异常,4346,13.763988,100.537834,351
UNKNOWN,未分类／关联异常,4346,13.763895,100.537758,352
UNKNOWN,未分类／关联异常,4346,13.763715,100.537651,353
UNKNOWN,未分类／关联异常,4346,13.762877,100.537239,354
UNKNOWN,未分类／关联异常,4346,13.761851,100.536667,355
UNKNOWN,未分类／关联异常,4346,13.761848139,100.536665334,356
UNKNOWN,未分类／关联异常,4346,13.761848139,100.536665334,357
UNKNOWN,未分类／关联异常,4346,13.761848139,100.536665334,358
UNKNOWN,未分类／关联异常,4346,13.761848139,100.536665334,359
UNKNOWN,未分类／关联异常,4346,13.761848139,100.536665334,360
UNKNOWN,未分类／关联异常,4346,13.761848139,100.536665334,361
UNKNOWN,未分类／关联异常,4346,13.761848139,100.536665334,362
UNKNOWN,未分类／关联异常,4346,13.761848139,100.536665334,363
UNKNOWN,未分类／关联异常,4346,13.761848139,100.536665334,364
UNKNOWN,未分类／关联异常,4346,13.761432,100.536423,365
UNKNOWN,未分类／关联异常,4346,13.759558,100.535378,366
UNKNOWN,未分类／关联异常,4346,13.759557126,100.535377509,367
UNKNOWN,未分类／关联异常,4346,13.759557126,100.535377509,368
UNKNOWN,未分类／关联异常,4346,13.757874,100.534431,369
UNKNOWN,未分类／关联异常,4346,13.756328,100.533577,370
UNKNOWN,未分类／关联异常,4346,13.754780136861454,100.53270763852129,371
UNKNOWN,未分类／关联异常,4346,13.754779,100.532707,372
UNKNOWN,未分类／关联异常,4346,13.754780122,100.532707629,373
UNKNOWN,未分类／关联异常,4346,13.754780122,100.532707629,374
UNKNOWN,未分类／关联异常,4346,13.754780122,100.532707629,375
UNKNOWN,未分类／关联异常,4346,13.754780122,100.532707629,376
UNKNOWN,未分类／关联异常,4346,13.754780122,100.532707629,377
UNKNOWN,未分类／关联异常,4346,13.754780122,100.532707629,378
UNKNOWN,未分类／关联异常,4346,13.754780122,100.532707629,379
UNKNOWN,未分类／关联异常,4346,13.754779,100.532707,380
UNKNOWN,未分类／关联异常,4346,13.753399,100.531929,381
UNKNOWN,未分类／关联异常,4346,13.753289,100.531898,382
UNKNOWN,未分类／关联异常,4346,13.753214,100.531868,383
UNKNOWN,未分类／关联异常,4346,13.753096,100.531845,384
UNKNOWN,未分类／关联异常,4346,13.752481,100.531746,385
UNKNOWN,未分类／关联异常,4346,13.751509,100.531609,386
UNKNOWN,未分类／关联异常,4346,13.751508088,100.53160887,387
UNKNOWN,未分类／关联异常,4346,13.751508078,100.531608869,388
UNKNOWN,未分类／关联异常,4346,13.751508078,100.531608869,389
UNKNOWN,未分类／关联异常,4346,13.751508078,100.531608869,390
UNKNOWN,未分类／关联异常,4346,13.751508078,100.531608869,391
UNKNOWN,未分类／关联异常,4346,13.751508078,100.531608869,392
UNKNOWN,未分类／关联异常,4346,13.751508078,100.531608869,393
UNKNOWN,未分类／关联异常,4346,13.751508078,100.531608869,394
UNKNOWN,未分类／关联异常,4346,13.751508078,100.531608869,395
UNKNOWN,未分类／关联异常,4346,13.750373,100.531448,396
UNKNOWN,未分类／关联异常,4346,13.750047,100.531311,397
UNKNOWN,未分类／关联异常,4346,13.748127,100.531029,398
UNKNOWN,未分类／关联异常,4346,13.747409,100.530937,399
UNKNOWN,未分类／关联异常,4346,13.747185,100.530991,400
UNKNOWN,未分类／关联异常,4346,13.746838,100.530922,401
UNKNOWN,未分类／关联异常,4346,13.746781,100.53093,402
UNKNOWN,未分类／关联异常,4346,13.746672,100.53096,403
UNKNOWN,未分类／关联异常,4346,13.746566,100.531006,404
UNKNOWN,未分类／关联异常,4346,13.746515,100.531029,405
UNKNOWN,未分类／关联异常,4346,13.746424,100.53109,406
UNKNOWN,未分类／关联异常,4346,13.746272,100.531242,407
UNKNOWN,未分类／关联异常,4346,13.746161,100.531425,408
UNKNOWN,未分类／关联异常,4346,13.746122,100.531525,409
UNKNOWN,未分类／关联异常,4346,13.745887,100.532898,410
UNKNOWN,未分类／关联异常,4346,13.745857544,100.532977816,411
UNKNOWN,未分类／关联异常,4346,13.745857544,100.532977817,412
UNKNOWN,未分类／关联异常,4346,13.745857544,100.532977817,413
UNKNOWN,未分类／关联异常,4346,13.745857544,100.532977817,414
UNKNOWN,未分类／关联异常,4346,13.745857544,100.532977817,415
UNKNOWN,未分类／关联异常,4346,13.745857544,100.532977817,416
UNKNOWN,未分类／关联异常,4346,13.745857544,100.532977817,417
UNKNOWN,未分类／关联异常,4346,13.745857544,100.532977817,418
UNKNOWN,未分类／关联异常,4346,13.745857544,100.532977817,419
UNKNOWN,未分类／关联异常,4346,13.745856,100.532982,420
UNKNOWN,未分类／关联异常,4346,13.745793,100.533142,421
UNKNOWN,未分类／关联异常,4346,13.745705,100.533707,422
UNKNOWN,未分类／关联异常,4346,13.74536,100.535637,423
UNKNOWN,未分类／关联异常,4346,13.74536,100.535797,424
UNKNOWN,未分类／关联异常,4346,13.745224,100.536591,425
UNKNOWN,未分类／关联异常,4346,13.745223991,100.536591054,426
UNKNOWN,未分类／关联异常,4346,13.745223991,100.536591054,427
UNKNOWN,未分类／关联异常,4346,13.745223991,100.536591054,428
UNKNOWN,未分类／关联异常,4346,13.745223991,100.536591054,429
UNKNOWN,未分类／关联异常,4346,13.745223991,100.536591054,430
UNKNOWN,未分类／关联异常,4346,13.745223991,100.536591054,431
UNKNOWN,未分类／关联异常,4346,13.745223991,100.536591054,432
UNKNOWN,未分类／关联异常,4346,13.745223991,100.536591054,433
UNKNOWN,未分类／关联异常,4346,13.745223991,100.536591054,434
UNKNOWN,未分类／关联异常,4346,13.744994,100.537918,435
UNKNOWN,未分类／关联异常,4346,13.744611,100.540245,436
UNKNOWN,未分类／关联异常,4346,13.746456799873146,100.54052696898061,437
UNKNOWN,未分类／关联异常,4346,13.7464568,100.540526969,438
UNKNOWN,未分类／关联异常,4346,13.7464568,100.540526969,439
UNKNOWN,未分类／关联异常,4346,13.7464568,100.540526969,440
UNKNOWN,未分类／关联异常,4346,13.7464568,100.540526969,441
UNKNOWN,未分类／关联异常,4346,13.7464568,100.540526969,442
UNKNOWN,未分类／关联异常,4346,13.7464568,100.540526969,443
UNKNOWN,未分类／关联异常,4346,13.7464568,100.540526969,444
UNKNOWN,未分类／关联异常,4346,13.7464568,100.540526969,445
UNKNOWN,未分类／关联异常,4346,13.7464568,100.540526969,446
UNKNOWN,未分类／关联异常,4346,13.7464568,100.540526969,447
UNKNOWN,未分类／关联异常,4346,13.746457,100.540527,448
UNKNOWN,未分类／关联异常,4346,13.747513216,100.540687729,449
UNKNOWN,未分类／关联异常,4346,13.747513216,100.540687729,450
UNKNOWN,未分类／关联异常,4346,13.747513216,100.540687729,451
UNKNOWN,未分类／关联异常,4346,13.747513216,100.540687729,452
UNKNOWN,未分类／关联异常,4346,13.747513216,100.540687729,453
UNKNOWN,未分类／关联异常,4346,13.747513216,100.540687729,454
UNKNOWN,未分类／关联异常,4346,13.747513233,100.540687732,455
UNKNOWN,未分类／关联异常,4346,13.747515,100.540688,456
UNKNOWN,未分类／关联异常,4346,13.749962,100.541061,457
UNKNOWN,未分类／关联异常,4346,13.752067,100.541473,458
UNKNOWN,未分类／关联异常,4346,13.752635,100.541595,459
UNKNOWN,未分类／关联异常,4346,13.753384098696678,100.54177078792881,460
UNKNOWN,未分类／关联异常,4346,13.753384099,100.541770788,461
UNKNOWN,未分类／关联异常,4346,13.753384099,100.541770788,462
UNKNOWN,未分类／关联异常,4346,13.753384099,100.541770788,463
UNKNOWN,未分类／关联异常,4346,13.753384099,100.541770788,464
UNKNOWN,未分类／关联异常,4346,13.753384099,100.541770788,465
UNKNOWN,未分类／关联异常,4346,13.753384099,100.541770788,466
UNKNOWN,未分类／关联异常,4346,13.753384099,100.541770788,467
UNKNOWN,未分类／关联异常,4346,13.753384099,100.541770788,468
UNKNOWN,未分类／关联异常,4346,13.753385,100.541771,469
UNKNOWN,未分类／关联异常,4346,13.753727,100.54184,470
UNKNOWN,未分类／关联异常,4346,13.754392,100.541992,471
UNKNOWN,未分类／关联异常,4346,13.755768,100.542343,472
UNKNOWN,未分类／关联异常,4346,13.755994,100.542381,473
UNKNOWN,未分类／关联异常,4346,13.756319,100.542419,474
UNKNOWN,未分类／关联异常,4346,13.756945,100.542435,475
UNKNOWN,未分类／关联异常,4346,13.757879,100.542442,476
UNKNOWN,未分类／关联异常,4346,13.757879,100.542442,477
UNKNOWN,未分类／关联异常,4346,13.757879,100.542442,478
UNKNOWN,未分类／关联异常,4346,13.757879,100.542442,479
UNKNOWN,未分类／关联异常,4346,13.757879,100.542442,480
UNKNOWN,未分类／关联异常,4346,13.757879,100.542442,481
UNKNOWN,未分类／关联异常,4346,13.757879,100.542442,482
UNKNOWN,未分类／关联异常,4346,13.757879,100.542442,483
UNKNOWN,未分类／关联异常,4346,13.757879,100.542442,484
UNKNOWN,未分类／关联异常,4346,13.757879,100.542442,485
UNKNOWN,未分类／关联异常,4346,13.758826,100.542458,486
UNKNOWN,未分类／关联异常,4346,13.760821262,100.542458,487
UNKNOWN,未分类／关联异常,4346,13.760821262,100.542458,488
UNKNOWN,未分类／关联异常,4346,13.760821262,100.542458,489
UNKNOWN,未分类／关联异常,4346,13.760821262,100.542458,490
UNKNOWN,未分类／关联异常,4346,13.760821262,100.542458,491
UNKNOWN,未分类／关联异常,4346,13.760821262,100.542458,492
UNKNOWN,未分类／关联异常,4346,13.760821262,100.542458,493
UNKNOWN,未分类／关联异常,4346,13.760821262,100.542458,494
UNKNOWN,未分类／关联异常,4346,13.760821262,100.542458,495
UNKNOWN,未分类／关联异常,4346,13.760822,100.542458,496
UNKNOWN,未分类／关联异常,4346,13.761164,100.54245,497
UNKNOWN,未分类／关联异常,4346,13.762193,100.54245,498
UNKNOWN,未分类／关联异常,4346,13.762368,100.54248,499
UNKNOWN,未分类／关联异常,4346,13.762551,100.542557,500
UNKNOWN,未分类／关联异常,4346,13.762605,100.542595,501
UNKNOWN,未分类／关联异常,4346,13.762637,100.542625,502
UNKNOWN,未分类／关联异常,4346,13.762774,100.542816,503
UNKNOWN,未分类／关联异常,4346,13.762836,100.542938,504
UNKNOWN,未分类／关联异常,4346,13.762847,100.543228,505
UNKNOWN,未分类／关联异常,4346,13.763162,100.54435,506
UNKNOWN,未分类／关联异常,4346,13.763271,100.544693,507
UNKNOWN,未分类／关联异常,4346,13.763272745,100.54469856,508
UNKNOWN,未分类／关联异常,4346,13.763272745,100.54469856,509
UNKNOWN,未分类／关联异常,4346,13.763272745,100.54469856,510
UNKNOWN,未分类／关联异常,4346,13.763272745,100.54469856,511
UNKNOWN,未分类／关联异常,4346,13.763272745,100.54469856,512
UNKNOWN,未分类／关联异常,4346,13.763272745,100.54469856,513
UNKNOWN,未分类／关联异常,4346,13.763272745,100.54469856,514
UNKNOWN,未分类／关联异常,4346,13.763272745,100.54469856,515
UNKNOWN,未分类／关联异常,4346,13.763272745,100.54469856,516
UNKNOWN,未分类／关联异常,4346,13.763453,100.545273,517
UNKNOWN,未分类／关联异常,4346,13.763515,100.545677,518
UNKNOWN,未分类／关联异常,4346,13.763726,100.546471,519
UNKNOWN,未分类／关联异常,4346,13.763972,100.547318,520
UNKNOWN,未分类／关联异常,4346,13.764039,100.5476,521
UNKNOWN,未分类／关联异常,4346,13.764059,100.547737,522
UNKNOWN,未分类／关联异常,4346,13.764044,100.547966,523
UNKNOWN,未分类／关联异常,4346,13.764027,100.548058,524
UNKNOWN,未分类／关联异常,4346,13.764003,100.548126,525
UNKNOWN,未分类／关联异常,4346,13.763916,100.548271,526
UNKNOWN,未分类／关联异常,4346,13.763872,100.54834,527
UNKNOWN,未分类／关联异常,4346,13.763627,100.548653,528
UNKNOWN,未分类／关联异常,4346,13.763476,100.548889,529
UNKNOWN,未分类／关联异常,4346,13.762807,100.55027,530
UNKNOWN,未分类／关联异常,4346,13.762716,100.550491,531
UNKNOWN,未分类／关联异常,4346,13.762414,100.551102,532
UNKNOWN,未分类／关联异常,4346,13.762413782,100.55110244,533
UNKNOWN,未分类／关联异常,4346,13.762413782,100.55110244,534
UNKNOWN,未分类／关联异常,4346,13.762413782,100.55110244,535
UNKNOWN,未分类／关联异常,4346,13.762413782,100.55110244,536
UNKNOWN,未分类／关联异常,4346,13.762413782,100.55110244,537
UNKNOWN,未分类／关联异常,4346,13.762413782,100.55110244,538
UNKNOWN,未分类／关联异常,4346,13.762413782,100.55110244,539
UNKNOWN,未分类／关联异常,4346,13.762413782,100.55110244,540
UNKNOWN,未分类／关联异常,4346,13.762413782,100.55110244,541
UNKNOWN,未分类／关联异常,4346,13.761588,100.552765,542
UNKNOWN,未分类／关联异常,4346,13.761353833,100.553259242,543
UNKNOWN,未分类／关联异常,4346,13.761353833,100.553259242,544
UNKNOWN,未分类／关联异常,4346,13.760411,100.555252,545
UNKNOWN,未分类／关联异常,4346,13.760257128665206,100.55553988830381,546
UNKNOWN,未分类／关联异常,4346,13.760256,100.555542,547
UNKNOWN,未分类／关联异常,4346,13.760097,100.555832,548
UNKNOWN,未分类／关联异常,4346,13.759913,100.556122,549
UNKNOWN,未分类／关联异常,4346,13.759825,100.556229,550
UNKNOWN,未分类／关联异常,4346,13.759748,100.556305,551
UNKNOWN,未分类／关联异常,4346,13.759526,100.556473,552
UNKNOWN,未分类／关联异常,4346,13.758819,100.556839,553
UNKNOWN,未分类／关联异常,4346,13.758053,100.55719,554
UNKNOWN,未分类／关联异常,4346,13.757795,100.557335,555
UNKNOWN,未分类／关联异常,4346,13.757492,100.557579,556
UNKNOWN,未分类／关联异常,4346,13.757403,100.557663,557
UNKNOWN,未分类／关联异常,4346,13.757197,100.557884,558
UNKNOWN,未分类／关联异常,4346,13.757120213966939,100.5579854334017,559
UNKNOWN,未分类／关联异常,4346,13.757116,100.557991,560
UNKNOWN,未分类／关联异常,4346,13.756951,100.55822,561
UNKNOWN,未分类／关联异常,4346,13.756813,100.558456,562
UNKNOWN,未分类／关联异常,4346,13.756731,100.55864,563
UNKNOWN,未分类／关联异常,4346,13.756653,100.558884,564
UNKNOWN,未分类／关联异常,4346,13.756593,100.559166,565
UNKNOWN,未分类／关联异常,4346,13.756549,100.559456,566
UNKNOWN,未分类／关联异常,4346,13.756445,100.56073,567
UNKNOWN,未分类／关联异常,4346,13.756340298632209,100.56229752904923,568
UNKNOWN,未分类／关联异常,4346,13.75634,100.562302,569
UNKNOWN,未分类／关联异常,4346,13.756225,100.564087,570
UNKNOWN,未分类／关联异常,4346,13.755944425785232,100.56797210416248,571
UNKNOWN,未分类／关联异常,4346,13.755944,100.567978,572
UNKNOWN,未分类／关联异常,4346,13.755653,100.571686,573
UNKNOWN,未分类／关联异常,4347,13.759316,100.572571,1
UNKNOWN,未分类／关联异常,4347,13.759259,100.572571,2
UNKNOWN,未分类／关联异常,4347,13.758435,100.57267,3
UNKNOWN,未分类／关联异常,4347,13.757118,100.572868,4
UNKNOWN,未分类／关联异常,4347,13.756652,100.572922,5
UNKNOWN,未分类／关联异常,4347,13.755563,100.573326,6
UNKNOWN,未分类／关联异常,4347,13.755342,100.573311,7
UNKNOWN,未分类／关联异常,4347,13.755478590061909,100.57152336510215,8
UNKNOWN,未分类／关联异常,4347,13.755479,100.571518,9
UNKNOWN,未分类／关联异常,4347,13.755734940979393,100.56832173706593,10
UNKNOWN,未分类／关联异常,4347,13.755735,100.568321,11
UNKNOWN,未分类／关联异常,4347,13.756012,100.564919,12
UNKNOWN,未分类／关联异常,4347,13.756136,100.564949,13
UNKNOWN,未分类／关联异常,4347,13.757311,100.565147,14
UNKNOWN,未分类／关联异常,4347,13.757681,100.565224,15
UNKNOWN,未分类／关联异常,4347,13.758791,100.565491,16
UNKNOWN,未分类／关联异常,4347,13.758791148654495,100.5654910368605,17
UNKNOWN,未分类／关联异常,4347,13.759404,100.565643,18
UNKNOWN,未分类／关联异常,4347,13.759887,100.565788,19
UNKNOWN,未分类／关联异常,4347,13.760174,100.565895,20
UNKNOWN,未分类／关联异常,4347,13.760799,100.566177,21
UNKNOWN,未分类／关联异常,4347,13.761573,100.566628,22
UNKNOWN,未分类／关联异常,4347,13.761573,100.566628,23
UNKNOWN,未分类／关联异常,4347,13.76202,100.566948,24
UNKNOWN,未分类／关联异常,4347,13.764926,100.569191,25
UNKNOWN,未分类／关联异常,4347,13.764926462159325,100.56919135424396,26
UNKNOWN,未分类／关联异常,4347,13.765911,100.569946,27
UNKNOWN,未分类／关联异常,4347,13.767152748992732,100.57091324660286,28
UNKNOWN,未分类／关联异常,4347,13.767155,100.570915,29
UNKNOWN,未分类／关联异常,4347,13.768779,100.572166,30
UNKNOWN,未分类／关联异常,4347,13.769178,100.572449,31
UNKNOWN,未分类／关联异常,4347,13.769506,100.572662,32
UNKNOWN,未分类／关联异常,4347,13.769814,100.572807,33
UNKNOWN,未分类／关联异常,4347,13.770473,100.573051,34
UNKNOWN,未分类／关联异常,4347,13.770989,100.573158,35
UNKNOWN,未分类／关联异常,4347,13.772112,100.573219,36
UNKNOWN,未分类／关联异常,4347,13.772368751247846,100.57321200677535,37
UNKNOWN,未分类／关联异常,4347,13.772369,100.573212,38
UNKNOWN,未分类／关联异常,4347,13.772623,100.573204,39
UNKNOWN,未分类／关联异常,4347,13.773403,100.573219,40
UNKNOWN,未分类／关联异常,4347,13.773863,100.573288,41
UNKNOWN,未分类／关联异常,4347,13.77499,100.573402,42
UNKNOWN,未分类／关联异常,4347,13.775193,100.57341,43
UNKNOWN,未分类／关联异常,4347,13.775209080616245,100.5734081958333,44
UNKNOWN,未分类／关联异常,4347,13.775603,100.573364,45
UNKNOWN,未分类／关联异常,4347,13.775723,100.57338,46
UNKNOWN,未分类／关联异常,4347,13.776394,100.573425,47
UNKNOWN,未分类／关联异常,4347,13.777179,100.57341,48
UNKNOWN,未分类／关联异常,4347,13.777742,100.573502,49
UNKNOWN,未分类／关联异常,4347,13.778153,100.573555,50
UNKNOWN,未分类／关联异常,4347,13.778295,100.57341,51
UNKNOWN,未分类／关联异常,4347,13.778366,100.573257,52
UNKNOWN,未分类／关联异常,4347,13.778235,100.572823,53
UNKNOWN,未分类／关联异常,4347,13.77809,100.572067,54
UNKNOWN,未分类／关联异常,4347,13.778082,100.571945,55
UNKNOWN,未分类／关联异常,4347,13.778128,100.571281,56
UNKNOWN,未分类／关联异常,4347,13.778247,100.570587,57
UNKNOWN,未分类／关联异常,4347,13.777476274437754,100.57052602171298,58
UNKNOWN,未分类／关联异常,4347,13.777476,100.570526,59
UNKNOWN,未分类／关联异常,4347,13.778247,100.570587,60
UNKNOWN,未分类／关联异常,4347,13.77828,100.570358,61
UNKNOWN,未分类／关联异常,4347,13.778277,100.569572,62
UNKNOWN,未分类／关联异常,4347,13.778277,100.569572,63
UNKNOWN,未分类／关联异常,4347,13.778395,100.568085,64
UNKNOWN,未分类／关联异常,4347,13.778425987591216,100.56742926258586,65
UNKNOWN,未分类／关联异常,4347,13.778426,100.567429,66
UNKNOWN,未分类／关联异常,4347,13.778426,100.567429,67
UNKNOWN,未分类／关联异常,4347,13.778425988,100.567429263,68
UNKNOWN,未分类／关联异常,4347,13.778425988,100.567429263,69
UNKNOWN,未分类／关联异常,4347,13.778425988,100.567429263,70
UNKNOWN,未分类／关联异常,4347,13.778425988,100.567429263,71
UNKNOWN,未分类／关联异常,4347,13.778425988,100.567429263,72
UNKNOWN,未分类／关联异常,4347,13.778425988,100.567429263,73
UNKNOWN,未分类／关联异常,4347,13.778425991,100.567429202,74
UNKNOWN,未分类／关联异常,4347,13.778426,100.567429,75
UNKNOWN,未分类／关联异常,4347,13.778449,100.566978,76
UNKNOWN,未分类／关联异常,4347,13.778482,100.566887,77
UNKNOWN,未分类／关联异常,4347,13.778528,100.566826,78
UNKNOWN,未分类／关联异常,4347,13.778546,100.566818,79
UNKNOWN,未分类／关联异常,4347,13.778592,100.566811,80
UNKNOWN,未分类／关联异常,4347,13.779609,100.567093,81
UNKNOWN,未分类／关联异常,4347,13.779609594,100.567093165,82
UNKNOWN,未分类／关联异常,4347,13.779609594,100.567093165,83
UNKNOWN,未分类／关联异常,4347,13.779609594,100.567093165,84
UNKNOWN,未分类／关联异常,4347,13.779609594,100.567093165,85
UNKNOWN,未分类／关联异常,4347,13.779609594,100.567093165,86
UNKNOWN,未分类／关联异常,4347,13.779609594,100.567093165,87
UNKNOWN,未分类／关联异常,4347,13.779609594,100.567093165,88
UNKNOWN,未分类／关联异常,4347,13.779609594,100.567093165,89
UNKNOWN,未分类／关联异常,4347,13.779609594,100.567093165,90
UNKNOWN,未分类／关联异常,4347,13.779609594,100.567093165,91
UNKNOWN,未分类／关联异常,4347,13.780184,100.567253,92
UNKNOWN,未分类／关联异常,4347,13.780741,100.567253,93
UNKNOWN,未分类／关联异常,4347,13.781420507,100.567230017,94
UNKNOWN,未分类／关联异常,4347,13.781420507,100.567230017,95
UNKNOWN,未分类／关联异常,4347,13.781420507,100.567230017,96
UNKNOWN,未分类／关联异常,4347,13.781420507,100.567230017,97
UNKNOWN,未分类／关联异常,4347,13.781420507,100.567230017,98
UNKNOWN,未分类／关联异常,4347,13.781420507,100.567230017,99
UNKNOWN,未分类／关联异常,4347,13.781420579,100.567230015,100
UNKNOWN,未分类／关联异常,4347,13.781421,100.56723,101
UNKNOWN,未分类／关联异常,4347,13.782022,100.567207,102
UNKNOWN,未分类／关联异常,4347,13.782315,100.567207,103
UNKNOWN,未分类／关联异常,4347,13.782868,100.567184,104
UNKNOWN,未分类／关联异常,4347,13.78355,100.567169,105
UNKNOWN,未分类／关联异常,4347,13.78355,100.567169,106
UNKNOWN,未分类／关联异常,4347,13.78355,100.567169,107
UNKNOWN,未分类／关联异常,4347,13.78355,100.567169,108
UNKNOWN,未分类／关联异常,4347,13.78355,100.567169,109
UNKNOWN,未分类／关联异常,4347,13.78355,100.567169,110
UNKNOWN,未分类／关联异常,4347,13.78355,100.567169,111
UNKNOWN,未分类／关联异常,4347,13.78355,100.567169,112
UNKNOWN,未分类／关联异常,4347,13.78355,100.567169,113
UNKNOWN,未分类／关联异常,4347,13.78355,100.567169,114
UNKNOWN,未分类／关联异常,4347,13.783744,100.567169,115
UNKNOWN,未分类／关联异常,4347,13.785286,100.567123,116
UNKNOWN,未分类／关联异常,4347,13.786087,100.567093,117
UNKNOWN,未分类／关联异常,4347,13.786485,100.56707,118
UNKNOWN,未分类／关联异常,4347,13.786486691,100.567069846,119
UNKNOWN,未分类／关联异常,4347,13.786486691,100.567069846,120
UNKNOWN,未分类／关联异常,4347,13.786486691,100.567069846,121
UNKNOWN,未分类／关联异常,4347,13.786486691,100.567069846,122
UNKNOWN,未分类／关联异常,4347,13.786486691,100.567069846,123
UNKNOWN,未分类／关联异常,4347,13.786486691,100.567069846,124
UNKNOWN,未分类／关联异常,4347,13.786486691,100.567069846,125
UNKNOWN,未分类／关联异常,4347,13.786486691,100.567069846,126
UNKNOWN,未分类／关联异常,4347,13.786486703,100.567069845,127
UNKNOWN,未分类／关联异常,4347,13.786989,100.567024,128
UNKNOWN,未分类／关联异常,4347,13.788395,100.566933,129
UNKNOWN,未分类／关联异常,4347,13.788699,100.566963,130
UNKNOWN,未分类／关联异常,4347,13.7887,100.566872,131
UNKNOWN,未分类／关联异常,4347,13.7887,100.566872,132
UNKNOWN,未分类／关联异常,4347,13.7887,100.566872,133
UNKNOWN,未分类／关联异常,4347,13.7887,100.566872,134
UNKNOWN,未分类／关联异常,4347,13.7887,100.566872,135
UNKNOWN,未分类／关联异常,4347,13.7887,100.566872,136
UNKNOWN,未分类／关联异常,4347,13.7887,100.566872,137
UNKNOWN,未分类／关联异常,4347,13.7887,100.566872,138
UNKNOWN,未分类／关联异常,4347,13.7887,100.566872,139
UNKNOWN,未分类／关联异常,4347,13.7887,100.566872,140
UNKNOWN,未分类／关联异常,4347,13.7887,100.566872,141
UNKNOWN,未分类／关联异常,4347,13.7887,100.566872,142
UNKNOWN,未分类／关联异常,4347,13.7887,100.566872,143
UNKNOWN,未分类／关联异常,4347,13.7887,100.566872,144
UNKNOWN,未分类／关联异常,4347,13.788699,100.566963,145
UNKNOWN,未分类／关联异常,4347,13.789547,100.567001,146
UNKNOWN,未分类／关联异常,4347,13.789498016,100.566017317,147
UNKNOWN,未分类／关联异常,4347,13.789498016,100.566017317,148
UNKNOWN,未分类／关联异常,4347,13.789498016,100.566017317,149
UNKNOWN,未分类／关联异常,4347,13.789498016,100.566017317,150
UNKNOWN,未分类／关联异常,4347,13.789498014,100.566017273,151
UNKNOWN,未分类／关联异常,4347,13.789498,100.566017,152
UNKNOWN,未分类／关联异常,4347,13.789371,100.563309,153
UNKNOWN,未分类／关联异常,4347,13.789345,100.562607,154
UNKNOWN,未分类／关联异常,4347,13.789344892006161,100.5626027542422,155
UNKNOWN,未分类／关联异常,4347,13.789344892,100.562602754,156
UNKNOWN,未分类／关联异常,4347,13.789344892,100.562602754,157
UNKNOWN,未分类／关联异常,4347,13.789344892,100.562602754,158
UNKNOWN,未分类／关联异常,4347,13.789344892,100.562602754,159
UNKNOWN,未分类／关联异常,4347,13.789344892,100.562602754,160
UNKNOWN,未分类／关联异常,4347,13.789344892,100.562602754,161
UNKNOWN,未分类／关联异常,4347,13.789344892,100.562602754,162
UNKNOWN,未分类／关联异常,4347,13.789344892,100.562602754,163
UNKNOWN,未分类／关联异常,4347,13.789344892,100.562602754,164
UNKNOWN,未分类／关联异常,4347,13.789344892,100.562602754,165
UNKNOWN,未分类／关联异常,4347,13.789325,100.561821,166
UNKNOWN,未分类／关联异常,4347,13.789291,100.561333,167
UNKNOWN,未分类／关联异常,4347,13.789268012,100.560806282,168
UNKNOWN,未分类／关联异常,4347,13.789268012,100.560806282,169
UNKNOWN,未分类／关联异常,4347,13.789268012,100.560806282,170
UNKNOWN,未分类／关联异常,4347,13.789268012,100.560806282,171
UNKNOWN,未分类／关联异常,4347,13.789268012,100.560806282,172
UNKNOWN,未分类／关联异常,4347,13.789268012,100.560806282,173
UNKNOWN,未分类／关联异常,4347,13.789268012,100.560806282,174
UNKNOWN,未分类／关联异常,4347,13.789268,100.560806,175
UNKNOWN,未分类／关联异常,4347,13.789204,100.559113,176
UNKNOWN,未分类／关联异常,4347,13.789186,100.558891,177
UNKNOWN,未分类／关联异常,4347,13.789153,100.558228,178
UNKNOWN,未分类／关联异常,4347,13.789152967,100.558227357,179
UNKNOWN,未分类／关联异常,4347,13.789152967,100.558227357,180
UNKNOWN,未分类／关联异常,4347,13.789152967,100.558227357,181
UNKNOWN,未分类／关联异常,4347,13.789152967,100.558227357,182
UNKNOWN,未分类／关联异常,4347,13.789152967,100.558227357,183
UNKNOWN,未分类／关联异常,4347,13.789152967,100.558227357,184
UNKNOWN,未分类／关联异常,4347,13.789152967,100.558227357,185
UNKNOWN,未分类／关联异常,4347,13.789152967,100.558227357,186
UNKNOWN,未分类／关联异常,4347,13.789152967,100.558227357,187
UNKNOWN,未分类／关联异常,4347,13.789094,100.557076,188
UNKNOWN,未分类／关联异常,4347,13.789078,100.55645,189
UNKNOWN,未分类／关联异常,4347,13.789052114004082,100.5558805020898,190
UNKNOWN,未分类／关联异常,4347,13.789052114,100.555880502,191
UNKNOWN,未分类／关联异常,4347,13.789052114,100.555880502,192
UNKNOWN,未分类／关联异常,4347,13.789052114,100.555880502,193
UNKNOWN,未分类／关联异常,4347,13.789052114,100.555880502,194
UNKNOWN,未分类／关联异常,4347,13.789052114,100.555880502,195
UNKNOWN,未分类／关联异常,4347,13.789052114,100.555880502,196
UNKNOWN,未分类／关联异常,4347,13.789052114,100.555880502,197
UNKNOWN,未分类／关联异常,4347,13.789052114,100.555880502,198
UNKNOWN,未分类／关联异常,4347,13.789052114,100.5558805,199
UNKNOWN,未分类／关联异常,4347,13.789052,100.555878,200
UNKNOWN,未分类／关联异常,4347,13.788973039,100.554169834,201
UNKNOWN,未分类／关联异常,4347,13.788973038,100.554169815,202
UNKNOWN,未分类／关联异常,4347,13.788973038,100.554169815,203
UNKNOWN,未分类／关联异常,4347,13.788973038,100.554169815,204
UNKNOWN,未分类／关联异常,4347,13.788973038,100.554169815,205
UNKNOWN,未分类／关联异常,4347,13.788973038,100.554169815,206
UNKNOWN,未分类／关联异常,4347,13.788973038,100.554169815,207
UNKNOWN,未分类／关联异常,4347,13.788973038,100.554169815,208
UNKNOWN,未分类／关联异常,4347,13.788973,100.554169,209
UNKNOWN,未分类／关联异常,4347,13.788913,100.552925,210
UNKNOWN,未分类／关联异常,4347,13.788868,100.552338,211
UNKNOWN,未分类／关联异常,4347,13.788869,100.552139,212
UNKNOWN,未分类／关联异常,4347,13.789057908983754,100.55074367012,213
UNKNOWN,未分类／关联异常,4347,13.789057909,100.55074367,214
UNKNOWN,未分类／关联异常,4347,13.789057909,100.55074367,215
UNKNOWN,未分类／关联异常,4347,13.789057909,100.55074367,216
UNKNOWN,未分类／关联异常,4347,13.789057909,100.55074367,217
UNKNOWN,未分类／关联异常,4347,13.789057909,100.55074367,218
UNKNOWN,未分类／关联异常,4347,13.789057909,100.55074367,219
UNKNOWN,未分类／关联异常,4347,13.789057909,100.55074367,220
UNKNOWN,未分类／关联异常,4347,13.789057909,100.55074367,221
UNKNOWN,未分类／关联异常,4347,13.789057909,100.55074367,222
UNKNOWN,未分类／关联异常,4347,13.789057909,100.55074367,223
UNKNOWN,未分类／关联异常,4347,13.789058,100.550743,224
UNKNOWN,未分类／关联异常,4347,13.789157,100.550011,225
UNKNOWN,未分类／关联异常,4347,13.789246483,100.549259339,226
UNKNOWN,未分类／关联异常,4347,13.789246483,100.549259339,227
UNKNOWN,未分类／关联异常,4347,13.789246483,100.549259339,228
UNKNOWN,未分类／关联异常,4347,13.789246483,100.549259339,229
UNKNOWN,未分类／关联异常,4347,13.789246483,100.549259339,230
UNKNOWN,未分类／关联异常,4347,13.789246483,100.549259339,231
UNKNOWN,未分类／关联异常,4347,13.789246483,100.549259339,232
UNKNOWN,未分类／关联异常,4347,13.789247,100.549255,233
UNKNOWN,未分类／关联异常,4347,13.789167,100.549927,234
UNKNOWN,未分类／关联异常,4347,13.789542,100.549965,235
UNKNOWN,未分类／关联异常,4347,13.789527,100.549751,236
UNKNOWN,未分类／关联异常,4347,13.789699,100.54837,237
UNKNOWN,未分类／关联异常,4347,13.786203902,100.547104326,238
UNKNOWN,未分类／关联异常,4347,13.786203902,100.547104326,239
UNKNOWN,未分类／关联异常,4347,13.786203902,100.547104326,240
UNKNOWN,未分类／关联异常,4347,13.786203902,100.547104326,241
UNKNOWN,未分类／关联异常,4347,13.786203902,100.547104326,242
UNKNOWN,未分类／关联异常,4347,13.786203902,100.547104326,243
UNKNOWN,未分类／关联异常,4347,13.786203902,100.547104326,244
UNKNOWN,未分类／关联异常,4347,13.786203902,100.547104326,245
UNKNOWN,未分类／关联异常,4347,13.786203891,100.547104322,246
UNKNOWN,未分类／关联异常,4347,13.786203,100.547104,247
UNKNOWN,未分类／关联异常,4347,13.783854,100.546249,248
UNKNOWN,未分类／关联异常,4347,13.783852476,100.546248443,249
UNKNOWN,未分类／关联异常,4347,13.783852476,100.546248443,250
UNKNOWN,未分类／关联异常,4347,13.783852476,100.546248443,251
UNKNOWN,未分类／关联异常,4347,13.783852476,100.546248443,252
UNKNOWN,未分类／关联异常,4347,13.783852476,100.546248443,253
UNKNOWN,未分类／关联异常,4347,13.783852476,100.546248443,254
UNKNOWN,未分类／关联异常,4347,13.783852476,100.546248443,255
UNKNOWN,未分类／关联异常,4347,13.783852476,100.546248443,256
UNKNOWN,未分类／关联异常,4347,13.783852475,100.546248443,257
UNKNOWN,未分类／关联异常,4347,13.779787226339064,100.54476208312397,258
UNKNOWN,未分类／关联异常,4347,13.779787226,100.544762083,259
UNKNOWN,未分类／关联异常,4347,13.779787226,100.544762083,260
UNKNOWN,未分类／关联异常,4347,13.779787226,100.544762083,261
UNKNOWN,未分类／关联异常,4347,13.779787226,100.544762083,262
UNKNOWN,未分类／关联异常,4347,13.779787226,100.544762083,263
UNKNOWN,未分类／关联异常,4347,13.779787226,100.544762083,264
UNKNOWN,未分类／关联异常,4347,13.779787226,100.544762083,265
UNKNOWN,未分类／关联异常,4347,13.779787226,100.544762083,266
UNKNOWN,未分类／关联异常,4347,13.779787,100.544762,267
UNKNOWN,未分类／关联异常,4347,13.778928,100.544449,268
UNKNOWN,未分类／关联异常,4347,13.777351862,100.543892305,269
UNKNOWN,未分类／关联异常,4347,13.777351862,100.543892305,270
UNKNOWN,未分类／关联异常,4347,13.777351862,100.543892305,271
UNKNOWN,未分类／关联异常,4347,13.777351862,100.543892305,272
UNKNOWN,未分类／关联异常,4347,13.777351862,100.543892305,273
UNKNOWN,未分类／关联异常,4347,13.777351862,100.543892305,274
UNKNOWN,未分类／关联异常,4347,13.777351862,100.543892305,275
UNKNOWN,未分类／关联异常,4347,13.777351862,100.543892305,276
UNKNOWN,未分类／关联异常,4347,13.777351862,100.543892305,277
UNKNOWN,未分类／关联异常,4347,13.777351,100.543892,278
UNKNOWN,未分类／关联异常,4347,13.775581,100.543259,279
UNKNOWN,未分类／关联异常,4347,13.775155,100.543114,280
UNKNOWN,未分类／关联异常,4347,13.774621647,100.542915613,281
UNKNOWN,未分类／关联异常,4347,13.774621647,100.542915613,282
UNKNOWN,未分类／关联异常,4347,13.774621647,100.542915613,283
UNKNOWN,未分类／关联异常,4347,13.774621647,100.542915613,284
UNKNOWN,未分类／关联异常,4347,13.774621647,100.542915613,285
UNKNOWN,未分类／关联异常,4347,13.774621647,100.542915613,286
UNKNOWN,未分类／关联异常,4347,13.774621647,100.542915613,287
UNKNOWN,未分类／关联异常,4347,13.774621647,100.542915613,288
UNKNOWN,未分类／关联异常,4347,13.774621647,100.542915613,289
UNKNOWN,未分类／关联异常,4347,13.774621647,100.542915613,290
UNKNOWN,未分类／关联异常,4347,13.77462,100.542915,291
UNKNOWN,未分类／关联异常,4347,13.774446,100.542862,292
UNKNOWN,未分类／关联异常,4347,13.774186,100.542763,293
UNKNOWN,未分类／关联异常,4347,13.772964,100.542336,294
UNKNOWN,未分类／关联异常,4347,13.772962739,100.542335546,295
UNKNOWN,未分类／关联异常,4347,13.772962739,100.542335546,296
UNKNOWN,未分类／关联异常,4347,13.772962739,100.542335546,297
UNKNOWN,未分类／关联异常,4347,13.772962739,100.542335546,298
UNKNOWN,未分类／关联异常,4347,13.772962739,100.542335546,299
UNKNOWN,未分类／关联异常,4347,13.772962739,100.542335546,300
UNKNOWN,未分类／关联异常,4347,13.772962739,100.542335546,301
UNKNOWN,未分类／关联异常,4347,13.772962739,100.542335546,302
UNKNOWN,未分类／关联异常,4347,13.770378,100.541405,303
UNKNOWN,未分类／关联异常,4347,13.769634,100.541,304
UNKNOWN,未分类／关联异常,4347,13.769633377,100.540999658,305
UNKNOWN,未分类／关联异常,4347,13.769633376,100.540999658,306
UNKNOWN,未分类／关联异常,4347,13.769633376,100.540999658,307
UNKNOWN,未分类／关联异常,4347,13.769633376,100.540999658,308
UNKNOWN,未分类／关联异常,4347,13.769633376,100.540999658,309
UNKNOWN,未分类／关联异常,4347,13.769633376,100.540999658,310
UNKNOWN,未分类／关联异常,4347,13.769633376,100.540999658,311
UNKNOWN,未分类／关联异常,4347,13.769633376,100.540999658,312
UNKNOWN,未分类／关联异常,4347,13.769633376,100.540999658,313
UNKNOWN,未分类／关联异常,4347,13.767398,100.539772,314
UNKNOWN,未分类／关联异常,4347,13.767397447,100.539771698,315
UNKNOWN,未分类／关联异常,4347,13.767397447,100.539771698,316
UNKNOWN,未分类／关联异常,4347,13.767397447,100.539771698,317
UNKNOWN,未分类／关联异常,4347,13.767397447,100.539771698,318
UNKNOWN,未分类／关联异常,4347,13.767397447,100.539771698,319
UNKNOWN,未分类／关联异常,4347,13.767397447,100.539771698,320
UNKNOWN,未分类／关联异常,4347,13.767397447,100.539771698,321
UNKNOWN,未分类／关联异常,4347,13.767397447,100.539771698,322
UNKNOWN,未分类／关联异常,4347,13.767397422,100.539771684,323
UNKNOWN,未分类／关联异常,4347,13.766224,100.539131,324
UNKNOWN,未分类／关联异常,4347,13.765858,100.53891,325
UNKNOWN,未分类／关联异常,4347,13.765704,100.538826,326
UNKNOWN,未分类／关联异常,4347,13.765614,100.538803,327
UNKNOWN,未分类／关联异常,4347,13.765283,100.538795,328
UNKNOWN,未分类／关联异常,4347,13.765155,100.538834,329
UNKNOWN,未分类／关联异常,4347,13.765036,100.538834,330
UNKNOWN,未分类／关联异常,4347,13.765004,100.538826,331
UNKNOWN,未分类／关联异常,4347,13.764877,100.538925,332
UNKNOWN,未分类／关联异常,4347,13.764758,100.538902,333
UNKNOWN,未分类／关联异常,4347,13.764672,100.538872,334
UNKNOWN,未分类／关联异常,4347,13.764568,100.538811,335
UNKNOWN,未分类／关联异常,4347,13.764451,100.538712,336
UNKNOWN,未分类／关联异常,4347,13.764389,100.538605,337
UNKNOWN,未分类／关联异常,4347,13.764352,100.538498,338
UNKNOWN,未分类／关联异常,4347,13.764343195,100.538476938,339
UNKNOWN,未分类／关联异常,4347,13.764343195,100.538476938,340
UNKNOWN,未分类／关联异常,4347,13.764343195,100.538476938,341
UNKNOWN,未分类／关联异常,4347,13.764343195,100.538476938,342
UNKNOWN,未分类／关联异常,4347,13.764343195,100.538476938,343
UNKNOWN,未分类／关联异常,4347,13.764343195,100.538476938,344
UNKNOWN,未分类／关联异常,4347,13.764343195,100.538476938,345
UNKNOWN,未分类／关联异常,4347,13.764343195,100.538476938,346
UNKNOWN,未分类／关联异常,4347,13.764343195,100.538476938,347
UNKNOWN,未分类／关联异常,4347,13.764301,100.538376,348
UNKNOWN,未分类／关联异常,4347,13.76428,100.538284,349
UNKNOWN,未分类／关联异常,4347,13.764052,100.53791,350
UNKNOWN,未分类／关联异常,4347,13.763988,100.537834,351
UNKNOWN,未分类／关联异常,4347,13.763895,100.537758,352
UNKNOWN,未分类／关联异常,4347,13.763715,100.537651,353
UNKNOWN,未分类／关联异常,4347,13.762877,100.537239,354
UNKNOWN,未分类／关联异常,4347,13.761851,100.536667,355
UNKNOWN,未分类／关联异常,4347,13.761848139,100.536665334,356
UNKNOWN,未分类／关联异常,4347,13.761848139,100.536665334,357
UNKNOWN,未分类／关联异常,4347,13.761848139,100.536665334,358
UNKNOWN,未分类／关联异常,4347,13.761848139,100.536665334,359
UNKNOWN,未分类／关联异常,4347,13.761848139,100.536665334,360
UNKNOWN,未分类／关联异常,4347,13.761848139,100.536665334,361
UNKNOWN,未分类／关联异常,4347,13.761848139,100.536665334,362
UNKNOWN,未分类／关联异常,4347,13.761848139,100.536665334,363
UNKNOWN,未分类／关联异常,4347,13.761848139,100.536665334,364
UNKNOWN,未分类／关联异常,4347,13.761432,100.536423,365
UNKNOWN,未分类／关联异常,4347,13.759558,100.535378,366
UNKNOWN,未分类／关联异常,4347,13.759557126,100.535377509,367
UNKNOWN,未分类／关联异常,4347,13.759557126,100.535377509,368
UNKNOWN,未分类／关联异常,4347,13.757874,100.534431,369
UNKNOWN,未分类／关联异常,4347,13.756328,100.533577,370
UNKNOWN,未分类／关联异常,4347,13.754780136861454,100.53270763852129,371
UNKNOWN,未分类／关联异常,4347,13.754779,100.532707,372
UNKNOWN,未分类／关联异常,4347,13.754780122,100.532707629,373
UNKNOWN,未分类／关联异常,4347,13.754780122,100.532707629,374
UNKNOWN,未分类／关联异常,4347,13.754780122,100.532707629,375
UNKNOWN,未分类／关联异常,4347,13.754780122,100.532707629,376
UNKNOWN,未分类／关联异常,4347,13.754780122,100.532707629,377
UNKNOWN,未分类／关联异常,4347,13.754780122,100.532707629,378
UNKNOWN,未分类／关联异常,4347,13.754780122,100.532707629,379
UNKNOWN,未分类／关联异常,4347,13.754779,100.532707,380
UNKNOWN,未分类／关联异常,4347,13.753399,100.531929,381
UNKNOWN,未分类／关联异常,4347,13.753289,100.531898,382
UNKNOWN,未分类／关联异常,4347,13.753214,100.531868,383
UNKNOWN,未分类／关联异常,4347,13.753096,100.531845,384
UNKNOWN,未分类／关联异常,4347,13.752481,100.531746,385
UNKNOWN,未分类／关联异常,4347,13.751509,100.531609,386
UNKNOWN,未分类／关联异常,4347,13.751508088,100.53160887,387
UNKNOWN,未分类／关联异常,4347,13.751508078,100.531608869,388
UNKNOWN,未分类／关联异常,4347,13.751508078,100.531608869,389
UNKNOWN,未分类／关联异常,4347,13.751508078,100.531608869,390
UNKNOWN,未分类／关联异常,4347,13.751508078,100.531608869,391
UNKNOWN,未分类／关联异常,4347,13.751508078,100.531608869,392
UNKNOWN,未分类／关联异常,4347,13.751508078,100.531608869,393
UNKNOWN,未分类／关联异常,4347,13.751508078,100.531608869,394
UNKNOWN,未分类／关联异常,4347,13.751508078,100.531608869,395
UNKNOWN,未分类／关联异常,4347,13.750373,100.531448,396
UNKNOWN,未分类／关联异常,4347,13.750047,100.531311,397
UNKNOWN,未分类／关联异常,4347,13.748127,100.531029,398
UNKNOWN,未分类／关联异常,4347,13.747409,100.530937,399
UNKNOWN,未分类／关联异常,4347,13.747185,100.530991,400
UNKNOWN,未分类／关联异常,4347,13.746838,100.530922,401
UNKNOWN,未分类／关联异常,4347,13.746781,100.53093,402
UNKNOWN,未分类／关联异常,4347,13.746672,100.53096,403
UNKNOWN,未分类／关联异常,4347,13.746566,100.531006,404
UNKNOWN,未分类／关联异常,4347,13.746515,100.531029,405
UNKNOWN,未分类／关联异常,4347,13.746424,100.53109,406
UNKNOWN,未分类／关联异常,4347,13.746272,100.531242,407
UNKNOWN,未分类／关联异常,4347,13.746161,100.531425,408
UNKNOWN,未分类／关联异常,4347,13.746122,100.531525,409
UNKNOWN,未分类／关联异常,4347,13.745887,100.532898,410
UNKNOWN,未分类／关联异常,4347,13.745857544,100.532977816,411
UNKNOWN,未分类／关联异常,4347,13.745857544,100.532977817,412
UNKNOWN,未分类／关联异常,4347,13.745857544,100.532977817,413
UNKNOWN,未分类／关联异常,4347,13.745857544,100.532977817,414
UNKNOWN,未分类／关联异常,4347,13.745857544,100.532977817,415
UNKNOWN,未分类／关联异常,4347,13.745857544,100.532977817,416
UNKNOWN,未分类／关联异常,4347,13.745857544,100.532977817,417
UNKNOWN,未分类／关联异常,4347,13.745857544,100.532977817,418
UNKNOWN,未分类／关联异常,4347,13.745857544,100.532977817,419
UNKNOWN,未分类／关联异常,4347,13.745856,100.532982,420
UNKNOWN,未分类／关联异常,4347,13.745793,100.533142,421
UNKNOWN,未分类／关联异常,4347,13.745705,100.533707,422
UNKNOWN,未分类／关联异常,4347,13.74536,100.535637,423
UNKNOWN,未分类／关联异常,4347,13.74536,100.535797,424
UNKNOWN,未分类／关联异常,4347,13.745224,100.536591,425
UNKNOWN,未分类／关联异常,4347,13.745223991,100.536591054,426
UNKNOWN,未分类／关联异常,4347,13.745223991,100.536591054,427
UNKNOWN,未分类／关联异常,4347,13.745223991,100.536591054,428
UNKNOWN,未分类／关联异常,4347,13.745223991,100.536591054,429
UNKNOWN,未分类／关联异常,4347,13.745223991,100.536591054,430
UNKNOWN,未分类／关联异常,4347,13.745223991,100.536591054,431
UNKNOWN,未分类／关联异常,4347,13.745223991,100.536591054,432
UNKNOWN,未分类／关联异常,4347,13.745223991,100.536591054,433
UNKNOWN,未分类／关联异常,4347,13.745223991,100.536591054,434
UNKNOWN,未分类／关联异常,4347,13.744994,100.537918,435
UNKNOWN,未分类／关联异常,4347,13.744611,100.540245,436
UNKNOWN,未分类／关联异常,4347,13.746456799873146,100.54052696898061,437
UNKNOWN,未分类／关联异常,4347,13.7464568,100.540526969,438
UNKNOWN,未分类／关联异常,4347,13.7464568,100.540526969,439
UNKNOWN,未分类／关联异常,4347,13.7464568,100.540526969,440
UNKNOWN,未分类／关联异常,4347,13.7464568,100.540526969,441
UNKNOWN,未分类／关联异常,4347,13.7464568,100.540526969,442
UNKNOWN,未分类／关联异常,4347,13.7464568,100.540526969,443
UNKNOWN,未分类／关联异常,4347,13.7464568,100.540526969,444
UNKNOWN,未分类／关联异常,4347,13.7464568,100.540526969,445
UNKNOWN,未分类／关联异常,4347,13.7464568,100.540526969,446
UNKNOWN,未分类／关联异常,4347,13.7464568,100.540526969,447
UNKNOWN,未分类／关联异常,4347,13.746457,100.540527,448
UNKNOWN,未分类／关联异常,4347,13.747513216,100.540687729,449
UNKNOWN,未分类／关联异常,4347,13.747513216,100.540687729,450
UNKNOWN,未分类／关联异常,4347,13.747513216,100.540687729,451
UNKNOWN,未分类／关联异常,4347,13.747513216,100.540687729,452
UNKNOWN,未分类／关联异常,4347,13.747513216,100.540687729,453
UNKNOWN,未分类／关联异常,4347,13.747513216,100.540687729,454
UNKNOWN,未分类／关联异常,4347,13.747513233,100.540687732,455
UNKNOWN,未分类／关联异常,4347,13.747515,100.540688,456
UNKNOWN,未分类／关联异常,4347,13.749962,100.541061,457
UNKNOWN,未分类／关联异常,4347,13.752067,100.541473,458
UNKNOWN,未分类／关联异常,4347,13.752635,100.541595,459
UNKNOWN,未分类／关联异常,4347,13.753384098696678,100.54177078792881,460
UNKNOWN,未分类／关联异常,4347,13.753384099,100.541770788,461
UNKNOWN,未分类／关联异常,4347,13.753384099,100.541770788,462
UNKNOWN,未分类／关联异常,4347,13.753384099,100.541770788,463
UNKNOWN,未分类／关联异常,4347,13.753384099,100.541770788,464
UNKNOWN,未分类／关联异常,4347,13.753384099,100.541770788,465
UNKNOWN,未分类／关联异常,4347,13.753384099,100.541770788,466
UNKNOWN,未分类／关联异常,4347,13.753384099,100.541770788,467
UNKNOWN,未分类／关联异常,4347,13.753384099,100.541770788,468
UNKNOWN,未分类／关联异常,4347,13.753385,100.541771,469
UNKNOWN,未分类／关联异常,4347,13.753727,100.54184,470
UNKNOWN,未分类／关联异常,4347,13.754392,100.541992,471
UNKNOWN,未分类／关联异常,4347,13.755768,100.542343,472
UNKNOWN,未分类／关联异常,4347,13.755994,100.542381,473
UNKNOWN,未分类／关联异常,4347,13.756319,100.542419,474
UNKNOWN,未分类／关联异常,4347,13.756945,100.542435,475
UNKNOWN,未分类／关联异常,4347,13.757879,100.542442,476
UNKNOWN,未分类／关联异常,4347,13.757879,100.542442,477
UNKNOWN,未分类／关联异常,4347,13.757879,100.542442,478
UNKNOWN,未分类／关联异常,4347,13.757879,100.542442,479
UNKNOWN,未分类／关联异常,4347,13.757879,100.542442,480
UNKNOWN,未分类／关联异常,4347,13.757879,100.542442,481
UNKNOWN,未分类／关联异常,4347,13.757879,100.542442,482
UNKNOWN,未分类／关联异常,4347,13.757879,100.542442,483
UNKNOWN,未分类／关联异常,4347,13.757879,100.542442,484
UNKNOWN,未分类／关联异常,4347,13.757879,100.542442,485
UNKNOWN,未分类／关联异常,4347,13.758826,100.542458,486
UNKNOWN,未分类／关联异常,4347,13.760821262,100.542458,487
UNKNOWN,未分类／关联异常,4347,13.760821262,100.542458,488
UNKNOWN,未分类／关联异常,4347,13.760821262,100.542458,489
UNKNOWN,未分类／关联异常,4347,13.760821262,100.542458,490
UNKNOWN,未分类／关联异常,4347,13.760821262,100.542458,491
UNKNOWN,未分类／关联异常,4347,13.760821262,100.542458,492
UNKNOWN,未分类／关联异常,4347,13.760821262,100.542458,493
UNKNOWN,未分类／关联异常,4347,13.760821262,100.542458,494
UNKNOWN,未分类／关联异常,4347,13.760821262,100.542458,495
UNKNOWN,未分类／关联异常,4347,13.760822,100.542458,496
UNKNOWN,未分类／关联异常,4347,13.761164,100.54245,497
UNKNOWN,未分类／关联异常,4347,13.762193,100.54245,498
UNKNOWN,未分类／关联异常,4347,13.762368,100.54248,499
UNKNOWN,未分类／关联异常,4347,13.762551,100.542557,500
UNKNOWN,未分类／关联异常,4347,13.762605,100.542595,501
UNKNOWN,未分类／关联异常,4347,13.762637,100.542625,502
UNKNOWN,未分类／关联异常,4347,13.762774,100.542816,503
UNKNOWN,未分类／关联异常,4347,13.762836,100.542938,504
UNKNOWN,未分类／关联异常,4347,13.762847,100.543228,505
UNKNOWN,未分类／关联异常,4347,13.763162,100.54435,506
UNKNOWN,未分类／关联异常,4347,13.763271,100.544693,507
UNKNOWN,未分类／关联异常,4347,13.763272745,100.54469856,508
UNKNOWN,未分类／关联异常,4347,13.763272745,100.54469856,509
UNKNOWN,未分类／关联异常,4347,13.763272745,100.54469856,510
UNKNOWN,未分类／关联异常,4347,13.763272745,100.54469856,511
UNKNOWN,未分类／关联异常,4347,13.763272745,100.54469856,512
UNKNOWN,未分类／关联异常,4347,13.763272745,100.54469856,513
UNKNOWN,未分类／关联异常,4347,13.763272745,100.54469856,514
UNKNOWN,未分类／关联异常,4347,13.763272745,100.54469856,515
UNKNOWN,未分类／关联异常,4347,13.763272745,100.54469856,516
UNKNOWN,未分类／关联异常,4347,13.763453,100.545273,517
UNKNOWN,未分类／关联异常,4347,13.763515,100.545677,518
UNKNOWN,未分类／关联异常,4347,13.763726,100.546471,519
UNKNOWN,未分类／关联异常,4347,13.763972,100.547318,520
UNKNOWN,未分类／关联异常,4347,13.764039,100.5476,521
UNKNOWN,未分类／关联异常,4347,13.764059,100.547737,522
UNKNOWN,未分类／关联异常,4347,13.764044,100.547966,523
UNKNOWN,未分类／关联异常,4347,13.764027,100.548058,524
UNKNOWN,未分类／关联异常,4347,13.764003,100.548126,525
UNKNOWN,未分类／关联异常,4347,13.763916,100.548271,526
UNKNOWN,未分类／关联异常,4347,13.763872,100.54834,527
UNKNOWN,未分类／关联异常,4347,13.763627,100.548653,528
UNKNOWN,未分类／关联异常,4347,13.763476,100.548889,529
UNKNOWN,未分类／关联异常,4347,13.762807,100.55027,530
UNKNOWN,未分类／关联异常,4347,13.762716,100.550491,531
UNKNOWN,未分类／关联异常,4347,13.762414,100.551102,532
UNKNOWN,未分类／关联异常,4347,13.762413782,100.55110244,533
UNKNOWN,未分类／关联异常,4347,13.762413782,100.55110244,534
UNKNOWN,未分类／关联异常,4347,13.762413782,100.55110244,535
UNKNOWN,未分类／关联异常,4347,13.762413782,100.55110244,536
UNKNOWN,未分类／关联异常,4347,13.762413782,100.55110244,537
UNKNOWN,未分类／关联异常,4347,13.762413782,100.55110244,538
UNKNOWN,未分类／关联异常,4347,13.762413782,100.55110244,539
UNKNOWN,未分类／关联异常,4347,13.762413782,100.55110244,540
UNKNOWN,未分类／关联异常,4347,13.762413782,100.55110244,541
UNKNOWN,未分类／关联异常,4347,13.761588,100.552765,542
UNKNOWN,未分类／关联异常,4347,13.761353833,100.553259242,543
UNKNOWN,未分类／关联异常,4347,13.761353833,100.553259242,544
UNKNOWN,未分类／关联异常,4347,13.760411,100.555252,545
UNKNOWN,未分类／关联异常,4347,13.760257128665206,100.55553988830381,546
UNKNOWN,未分类／关联异常,4347,13.760256,100.555542,547
UNKNOWN,未分类／关联异常,4347,13.760097,100.555832,548
UNKNOWN,未分类／关联异常,4347,13.759913,100.556122,549
UNKNOWN,未分类／关联异常,4347,13.759825,100.556229,550
UNKNOWN,未分类／关联异常,4347,13.759748,100.556305,551
UNKNOWN,未分类／关联异常,4347,13.759526,100.556473,552
UNKNOWN,未分类／关联异常,4347,13.758819,100.556839,553
UNKNOWN,未分类／关联异常,4347,13.758053,100.55719,554
UNKNOWN,未分类／关联异常,4347,13.757795,100.557335,555
UNKNOWN,未分类／关联异常,4347,13.757492,100.557579,556
UNKNOWN,未分类／关联异常,4347,13.757403,100.557663,557
UNKNOWN,未分类／关联异常,4347,13.757197,100.557884,558
UNKNOWN,未分类／关联异常,4347,13.757120213966939,100.5579854334017,559
UNKNOWN,未分类／关联异常,4347,13.757116,100.557991,560
UNKNOWN,未分类／关联异常,4347,13.756951,100.55822,561
UNKNOWN,未分类／关联异常,4347,13.756813,100.558456,562
UNKNOWN,未分类／关联异常,4347,13.756731,100.55864,563
UNKNOWN,未分类／关联异常,4347,13.756653,100.558884,564
UNKNOWN,未分类／关联异常,4347,13.756593,100.559166,565
UNKNOWN,未分类／关联异常,4347,13.756549,100.559456,566
UNKNOWN,未分类／关联异常,4347,13.756445,100.56073,567
UNKNOWN,未分类／关联异常,4347,13.756340298632209,100.56229752904923,568
UNKNOWN,未分类／关联异常,4347,13.75634,100.562302,569
UNKNOWN,未分类／关联异常,4347,13.756225,100.564087,570
UNKNOWN,未分类／关联异常,4347,13.755944425785232,100.56797210416248,571
UNKNOWN,未分类／关联异常,4347,13.755944,100.567978,572
UNKNOWN,未分类／关联异常,4347,13.755653,100.571686,573
UNKNOWN,未分类／关联异常,4349,13.759316,100.572571,1
UNKNOWN,未分类／关联异常,4349,13.759259,100.572571,2
UNKNOWN,未分类／关联异常,4349,13.758435,100.57267,3
UNKNOWN,未分类／关联异常,4349,13.757118,100.572868,4
UNKNOWN,未分类／关联异常,4349,13.756652,100.572922,5
UNKNOWN,未分类／关联异常,4349,13.755563,100.573326,6
UNKNOWN,未分类／关联异常,4349,13.755342,100.573311,7
UNKNOWN,未分类／关联异常,4349,13.755478590061909,100.57152336510215,8
UNKNOWN,未分类／关联异常,4349,13.755479,100.571518,9
UNKNOWN,未分类／关联异常,4349,13.755734940979393,100.56832173706593,10
UNKNOWN,未分类／关联异常,4349,13.755735,100.568321,11
UNKNOWN,未分类／关联异常,4349,13.756012,100.564919,12
UNKNOWN,未分类／关联异常,4349,13.756136,100.564949,13
UNKNOWN,未分类／关联异常,4349,13.757311,100.565147,14
UNKNOWN,未分类／关联异常,4349,13.757681,100.565224,15
UNKNOWN,未分类／关联异常,4349,13.758791,100.565491,16
UNKNOWN,未分类／关联异常,4349,13.758791148654495,100.5654910368605,17
UNKNOWN,未分类／关联异常,4349,13.759404,100.565643,18
UNKNOWN,未分类／关联异常,4349,13.759887,100.565788,19
UNKNOWN,未分类／关联异常,4349,13.760174,100.565895,20
UNKNOWN,未分类／关联异常,4349,13.760799,100.566177,21
UNKNOWN,未分类／关联异常,4349,13.761573,100.566628,22
UNKNOWN,未分类／关联异常,4349,13.761573,100.566628,23
UNKNOWN,未分类／关联异常,4349,13.76202,100.566948,24
UNKNOWN,未分类／关联异常,4349,13.764926,100.569191,25
UNKNOWN,未分类／关联异常,4349,13.764926462159325,100.56919135424396,26
UNKNOWN,未分类／关联异常,4349,13.765911,100.569946,27
UNKNOWN,未分类／关联异常,4349,13.767152748992732,100.57091324660286,28
UNKNOWN,未分类／关联异常,4349,13.767155,100.570915,29
UNKNOWN,未分类／关联异常,4349,13.768779,100.572166,30
UNKNOWN,未分类／关联异常,4349,13.769178,100.572449,31
UNKNOWN,未分类／关联异常,4349,13.769506,100.572662,32
UNKNOWN,未分类／关联异常,4349,13.769814,100.572807,33
UNKNOWN,未分类／关联异常,4349,13.770473,100.573051,34
UNKNOWN,未分类／关联异常,4349,13.770989,100.573158,35
UNKNOWN,未分类／关联异常,4349,13.772112,100.573219,36
UNKNOWN,未分类／关联异常,4349,13.772368751247846,100.57321200677535,37
UNKNOWN,未分类／关联异常,4349,13.772369,100.573212,38
UNKNOWN,未分类／关联异常,4349,13.772623,100.573204,39
UNKNOWN,未分类／关联异常,4349,13.773403,100.573219,40
UNKNOWN,未分类／关联异常,4349,13.773863,100.573288,41
UNKNOWN,未分类／关联异常,4349,13.77499,100.573402,42
UNKNOWN,未分类／关联异常,4349,13.775193,100.57341,43
UNKNOWN,未分类／关联异常,4349,13.775209080616245,100.5734081958333,44
UNKNOWN,未分类／关联异常,4349,13.775603,100.573364,45
UNKNOWN,未分类／关联异常,4349,13.775723,100.57338,46
UNKNOWN,未分类／关联异常,4349,13.776394,100.573425,47
UNKNOWN,未分类／关联异常,4349,13.777179,100.57341,48
UNKNOWN,未分类／关联异常,4349,13.777742,100.573502,49
UNKNOWN,未分类／关联异常,4349,13.778153,100.573555,50
UNKNOWN,未分类／关联异常,4349,13.778295,100.57341,51
UNKNOWN,未分类／关联异常,4349,13.778366,100.573257,52
UNKNOWN,未分类／关联异常,4349,13.778235,100.572823,53
UNKNOWN,未分类／关联异常,4349,13.77809,100.572067,54
UNKNOWN,未分类／关联异常,4349,13.778082,100.571945,55
UNKNOWN,未分类／关联异常,4349,13.778128,100.571281,56
UNKNOWN,未分类／关联异常,4349,13.778247,100.570587,57
UNKNOWN,未分类／关联异常,4349,13.777476274437754,100.57052602171298,58
UNKNOWN,未分类／关联异常,4349,13.777476,100.570526,59
UNKNOWN,未分类／关联异常,4349,13.778247,100.570587,60
UNKNOWN,未分类／关联异常,4349,13.77828,100.570358,61
UNKNOWN,未分类／关联异常,4349,13.778277,100.569572,62
UNKNOWN,未分类／关联异常,4349,13.778277,100.569572,63
UNKNOWN,未分类／关联异常,4349,13.778395,100.568085,64
UNKNOWN,未分类／关联异常,4349,13.778425987591216,100.56742926258586,65
UNKNOWN,未分类／关联异常,4349,13.778426,100.567429,66
UNKNOWN,未分类／关联异常,4349,13.778426,100.567429,67
UNKNOWN,未分类／关联异常,4349,13.778425988,100.567429263,68
UNKNOWN,未分类／关联异常,4349,13.778425988,100.567429263,69
UNKNOWN,未分类／关联异常,4349,13.778425988,100.567429263,70
UNKNOWN,未分类／关联异常,4349,13.778425988,100.567429263,71
UNKNOWN,未分类／关联异常,4349,13.778425988,100.567429263,72
UNKNOWN,未分类／关联异常,4349,13.778425988,100.567429263,73
UNKNOWN,未分类／关联异常,4349,13.778425991,100.567429202,74
UNKNOWN,未分类／关联异常,4349,13.778426,100.567429,75
UNKNOWN,未分类／关联异常,4349,13.778449,100.566978,76
UNKNOWN,未分类／关联异常,4349,13.778482,100.566887,77
UNKNOWN,未分类／关联异常,4349,13.778528,100.566826,78
UNKNOWN,未分类／关联异常,4349,13.778546,100.566818,79
UNKNOWN,未分类／关联异常,4349,13.778592,100.566811,80
UNKNOWN,未分类／关联异常,4349,13.779609,100.567093,81
UNKNOWN,未分类／关联异常,4349,13.779609594,100.567093165,82
UNKNOWN,未分类／关联异常,4349,13.779609594,100.567093165,83
UNKNOWN,未分类／关联异常,4349,13.779609594,100.567093165,84
UNKNOWN,未分类／关联异常,4349,13.779609594,100.567093165,85
UNKNOWN,未分类／关联异常,4349,13.779609594,100.567093165,86
UNKNOWN,未分类／关联异常,4349,13.779609594,100.567093165,87
UNKNOWN,未分类／关联异常,4349,13.779609594,100.567093165,88
UNKNOWN,未分类／关联异常,4349,13.779609594,100.567093165,89
UNKNOWN,未分类／关联异常,4349,13.779609594,100.567093165,90
UNKNOWN,未分类／关联异常,4349,13.779609594,100.567093165,91
UNKNOWN,未分类／关联异常,4349,13.780184,100.567253,92
UNKNOWN,未分类／关联异常,4349,13.780741,100.567253,93
UNKNOWN,未分类／关联异常,4349,13.781420507,100.567230017,94
UNKNOWN,未分类／关联异常,4349,13.781420507,100.567230017,95
UNKNOWN,未分类／关联异常,4349,13.781420507,100.567230017,96
UNKNOWN,未分类／关联异常,4349,13.781420507,100.567230017,97
UNKNOWN,未分类／关联异常,4349,13.781420507,100.567230017,98
UNKNOWN,未分类／关联异常,4349,13.781420507,100.567230017,99
UNKNOWN,未分类／关联异常,4349,13.781420579,100.567230015,100
UNKNOWN,未分类／关联异常,4349,13.781421,100.56723,101
UNKNOWN,未分类／关联异常,4349,13.782022,100.567207,102
UNKNOWN,未分类／关联异常,4349,13.782315,100.567207,103
UNKNOWN,未分类／关联异常,4349,13.782868,100.567184,104
UNKNOWN,未分类／关联异常,4349,13.78355,100.567169,105
UNKNOWN,未分类／关联异常,4349,13.78355,100.567169,106
UNKNOWN,未分类／关联异常,4349,13.78355,100.567169,107
UNKNOWN,未分类／关联异常,4349,13.78355,100.567169,108
UNKNOWN,未分类／关联异常,4349,13.78355,100.567169,109
UNKNOWN,未分类／关联异常,4349,13.78355,100.567169,110
UNKNOWN,未分类／关联异常,4349,13.78355,100.567169,111
UNKNOWN,未分类／关联异常,4349,13.78355,100.567169,112
UNKNOWN,未分类／关联异常,4349,13.78355,100.567169,113
UNKNOWN,未分类／关联异常,4349,13.78355,100.567169,114
UNKNOWN,未分类／关联异常,4349,13.783744,100.567169,115
UNKNOWN,未分类／关联异常,4349,13.785286,100.567123,116
UNKNOWN,未分类／关联异常,4349,13.786087,100.567093,117
UNKNOWN,未分类／关联异常,4349,13.786485,100.56707,118
UNKNOWN,未分类／关联异常,4349,13.786486691,100.567069846,119
UNKNOWN,未分类／关联异常,4349,13.786486691,100.567069846,120
UNKNOWN,未分类／关联异常,4349,13.786486691,100.567069846,121
UNKNOWN,未分类／关联异常,4349,13.786486691,100.567069846,122
UNKNOWN,未分类／关联异常,4349,13.786486691,100.567069846,123
UNKNOWN,未分类／关联异常,4349,13.786486691,100.567069846,124
UNKNOWN,未分类／关联异常,4349,13.786486691,100.567069846,125
UNKNOWN,未分类／关联异常,4349,13.786486691,100.567069846,126
UNKNOWN,未分类／关联异常,4349,13.786486703,100.567069845,127
UNKNOWN,未分类／关联异常,4349,13.786989,100.567024,128
UNKNOWN,未分类／关联异常,4349,13.788395,100.566933,129
UNKNOWN,未分类／关联异常,4349,13.788699,100.566963,130
UNKNOWN,未分类／关联异常,4349,13.7887,100.566872,131
UNKNOWN,未分类／关联异常,4349,13.7887,100.566872,132
UNKNOWN,未分类／关联异常,4349,13.7887,100.566872,133
UNKNOWN,未分类／关联异常,4349,13.7887,100.566872,134
UNKNOWN,未分类／关联异常,4349,13.7887,100.566872,135
UNKNOWN,未分类／关联异常,4349,13.7887,100.566872,136
UNKNOWN,未分类／关联异常,4349,13.7887,100.566872,137
UNKNOWN,未分类／关联异常,4349,13.7887,100.566872,138
UNKNOWN,未分类／关联异常,4349,13.7887,100.566872,139
UNKNOWN,未分类／关联异常,4349,13.7887,100.566872,140
UNKNOWN,未分类／关联异常,4349,13.7887,100.566872,141
UNKNOWN,未分类／关联异常,4349,13.7887,100.566872,142
UNKNOWN,未分类／关联异常,4349,13.7887,100.566872,143
UNKNOWN,未分类／关联异常,4349,13.7887,100.566872,144
UNKNOWN,未分类／关联异常,4349,13.788699,100.566963,145
UNKNOWN,未分类／关联异常,4349,13.789547,100.567001,146
UNKNOWN,未分类／关联异常,4349,13.789498016,100.566017317,147
UNKNOWN,未分类／关联异常,4349,13.789498016,100.566017317,148
UNKNOWN,未分类／关联异常,4349,13.789498016,100.566017317,149
UNKNOWN,未分类／关联异常,4349,13.789498016,100.566017317,150
UNKNOWN,未分类／关联异常,4349,13.789498014,100.566017273,151
UNKNOWN,未分类／关联异常,4349,13.789498,100.566017,152
UNKNOWN,未分类／关联异常,4349,13.789371,100.563309,153
UNKNOWN,未分类／关联异常,4349,13.789345,100.562607,154
UNKNOWN,未分类／关联异常,4349,13.789344892006161,100.5626027542422,155
UNKNOWN,未分类／关联异常,4349,13.789344892,100.562602754,156
UNKNOWN,未分类／关联异常,4349,13.789344892,100.562602754,157
UNKNOWN,未分类／关联异常,4349,13.789344892,100.562602754,158
UNKNOWN,未分类／关联异常,4349,13.789344892,100.562602754,159
UNKNOWN,未分类／关联异常,4349,13.789344892,100.562602754,160
UNKNOWN,未分类／关联异常,4349,13.789344892,100.562602754,161
UNKNOWN,未分类／关联异常,4349,13.789344892,100.562602754,162
UNKNOWN,未分类／关联异常,4349,13.789344892,100.562602754,163
UNKNOWN,未分类／关联异常,4349,13.789344892,100.562602754,164
UNKNOWN,未分类／关联异常,4349,13.789344892,100.562602754,165
UNKNOWN,未分类／关联异常,4349,13.789325,100.561821,166
UNKNOWN,未分类／关联异常,4349,13.789291,100.561333,167
UNKNOWN,未分类／关联异常,4349,13.789268012,100.560806282,168
UNKNOWN,未分类／关联异常,4349,13.789268012,100.560806282,169
UNKNOWN,未分类／关联异常,4349,13.789268012,100.560806282,170
UNKNOWN,未分类／关联异常,4349,13.789268012,100.560806282,171
UNKNOWN,未分类／关联异常,4349,13.789268012,100.560806282,172
UNKNOWN,未分类／关联异常,4349,13.789268012,100.560806282,173
UNKNOWN,未分类／关联异常,4349,13.789268012,100.560806282,174
UNKNOWN,未分类／关联异常,4349,13.789268,100.560806,175
UNKNOWN,未分类／关联异常,4349,13.789204,100.559113,176
UNKNOWN,未分类／关联异常,4349,13.789186,100.558891,177
UNKNOWN,未分类／关联异常,4349,13.789153,100.558228,178
UNKNOWN,未分类／关联异常,4349,13.789152967,100.558227357,179
UNKNOWN,未分类／关联异常,4349,13.789152967,100.558227357,180
UNKNOWN,未分类／关联异常,4349,13.789152967,100.558227357,181
UNKNOWN,未分类／关联异常,4349,13.789152967,100.558227357,182
UNKNOWN,未分类／关联异常,4349,13.789152967,100.558227357,183
UNKNOWN,未分类／关联异常,4349,13.789152967,100.558227357,184
UNKNOWN,未分类／关联异常,4349,13.789152967,100.558227357,185
UNKNOWN,未分类／关联异常,4349,13.789152967,100.558227357,186
UNKNOWN,未分类／关联异常,4349,13.789152967,100.558227357,187
UNKNOWN,未分类／关联异常,4349,13.789094,100.557076,188
UNKNOWN,未分类／关联异常,4349,13.789078,100.55645,189
UNKNOWN,未分类／关联异常,4349,13.789052114004082,100.5558805020898,190
UNKNOWN,未分类／关联异常,4349,13.789052114,100.555880502,191
UNKNOWN,未分类／关联异常,4349,13.789052114,100.555880502,192
UNKNOWN,未分类／关联异常,4349,13.789052114,100.555880502,193
UNKNOWN,未分类／关联异常,4349,13.789052114,100.555880502,194
UNKNOWN,未分类／关联异常,4349,13.789052114,100.555880502,195
UNKNOWN,未分类／关联异常,4349,13.789052114,100.555880502,196
UNKNOWN,未分类／关联异常,4349,13.789052114,100.555880502,197
UNKNOWN,未分类／关联异常,4349,13.789052114,100.555880502,198
UNKNOWN,未分类／关联异常,4349,13.789052114,100.5558805,199
UNKNOWN,未分类／关联异常,4349,13.789052,100.555878,200
UNKNOWN,未分类／关联异常,4349,13.788973039,100.554169834,201
UNKNOWN,未分类／关联异常,4349,13.788973038,100.554169815,202
UNKNOWN,未分类／关联异常,4349,13.788973038,100.554169815,203
UNKNOWN,未分类／关联异常,4349,13.788973038,100.554169815,204
UNKNOWN,未分类／关联异常,4349,13.788973038,100.554169815,205
UNKNOWN,未分类／关联异常,4349,13.788973038,100.554169815,206
UNKNOWN,未分类／关联异常,4349,13.788973038,100.554169815,207
UNKNOWN,未分类／关联异常,4349,13.788973038,100.554169815,208
UNKNOWN,未分类／关联异常,4349,13.788973,100.554169,209
UNKNOWN,未分类／关联异常,4349,13.788913,100.552925,210
UNKNOWN,未分类／关联异常,4349,13.788868,100.552338,211
UNKNOWN,未分类／关联异常,4349,13.788869,100.552139,212
UNKNOWN,未分类／关联异常,4349,13.789057908983754,100.55074367012,213
UNKNOWN,未分类／关联异常,4349,13.789057909,100.55074367,214
UNKNOWN,未分类／关联异常,4349,13.789057909,100.55074367,215
UNKNOWN,未分类／关联异常,4349,13.789057909,100.55074367,216
UNKNOWN,未分类／关联异常,4349,13.789057909,100.55074367,217
UNKNOWN,未分类／关联异常,4349,13.789057909,100.55074367,218
UNKNOWN,未分类／关联异常,4349,13.789057909,100.55074367,219
UNKNOWN,未分类／关联异常,4349,13.789057909,100.55074367,220
UNKNOWN,未分类／关联异常,4349,13.789057909,100.55074367,221
UNKNOWN,未分类／关联异常,4349,13.789057909,100.55074367,222
UNKNOWN,未分类／关联异常,4349,13.789057909,100.55074367,223
UNKNOWN,未分类／关联异常,4349,13.789058,100.550743,224
UNKNOWN,未分类／关联异常,4349,13.789157,100.550011,225
UNKNOWN,未分类／关联异常,4349,13.789246483,100.549259339,226
UNKNOWN,未分类／关联异常,4349,13.789246483,100.549259339,227
UNKNOWN,未分类／关联异常,4349,13.789246483,100.549259339,228
UNKNOWN,未分类／关联异常,4349,13.789246483,100.549259339,229
UNKNOWN,未分类／关联异常,4349,13.789246483,100.549259339,230
UNKNOWN,未分类／关联异常,4349,13.789246483,100.549259339,231
UNKNOWN,未分类／关联异常,4349,13.789246483,100.549259339,232
UNKNOWN,未分类／关联异常,4349,13.789247,100.549255,233
UNKNOWN,未分类／关联异常,4349,13.789167,100.549927,234
UNKNOWN,未分类／关联异常,4349,13.789542,100.549965,235
UNKNOWN,未分类／关联异常,4349,13.789527,100.549751,236
UNKNOWN,未分类／关联异常,4349,13.789699,100.54837,237
UNKNOWN,未分类／关联异常,4349,13.786203902,100.547104326,238
UNKNOWN,未分类／关联异常,4349,13.786203902,100.547104326,239
UNKNOWN,未分类／关联异常,4349,13.786203902,100.547104326,240
UNKNOWN,未分类／关联异常,4349,13.786203902,100.547104326,241
UNKNOWN,未分类／关联异常,4349,13.786203902,100.547104326,242
UNKNOWN,未分类／关联异常,4349,13.786203902,100.547104326,243
UNKNOWN,未分类／关联异常,4349,13.786203902,100.547104326,244
UNKNOWN,未分类／关联异常,4349,13.786203902,100.547104326,245
UNKNOWN,未分类／关联异常,4349,13.786203891,100.547104322,246
UNKNOWN,未分类／关联异常,4349,13.786203,100.547104,247
UNKNOWN,未分类／关联异常,4349,13.783854,100.546249,248
UNKNOWN,未分类／关联异常,4349,13.783852476,100.546248443,249
UNKNOWN,未分类／关联异常,4349,13.783852476,100.546248443,250
UNKNOWN,未分类／关联异常,4349,13.783852476,100.546248443,251
UNKNOWN,未分类／关联异常,4349,13.783852476,100.546248443,252
UNKNOWN,未分类／关联异常,4349,13.783852476,100.546248443,253
UNKNOWN,未分类／关联异常,4349,13.783852476,100.546248443,254
UNKNOWN,未分类／关联异常,4349,13.783852476,100.546248443,255
UNKNOWN,未分类／关联异常,4349,13.783852476,100.546248443,256
UNKNOWN,未分类／关联异常,4349,13.783852475,100.546248443,257
UNKNOWN,未分类／关联异常,4349,13.779787226339064,100.54476208312397,258
UNKNOWN,未分类／关联异常,4349,13.779787226,100.544762083,259
UNKNOWN,未分类／关联异常,4349,13.779787226,100.544762083,260
UNKNOWN,未分类／关联异常,4349,13.779787226,100.544762083,261
UNKNOWN,未分类／关联异常,4349,13.779787226,100.544762083,262
UNKNOWN,未分类／关联异常,4349,13.779787226,100.544762083,263
UNKNOWN,未分类／关联异常,4349,13.779787226,100.544762083,264
UNKNOWN,未分类／关联异常,4349,13.779787226,100.544762083,265
UNKNOWN,未分类／关联异常,4349,13.779787226,100.544762083,266
UNKNOWN,未分类／关联异常,4349,13.779787,100.544762,267
UNKNOWN,未分类／关联异常,4349,13.778928,100.544449,268
UNKNOWN,未分类／关联异常,4349,13.777351862,100.543892305,269
UNKNOWN,未分类／关联异常,4349,13.777351862,100.543892305,270
UNKNOWN,未分类／关联异常,4349,13.777351862,100.543892305,271
UNKNOWN,未分类／关联异常,4349,13.777351862,100.543892305,272
UNKNOWN,未分类／关联异常,4349,13.777351862,100.543892305,273
UNKNOWN,未分类／关联异常,4349,13.777351862,100.543892305,274
UNKNOWN,未分类／关联异常,4349,13.777351862,100.543892305,275
UNKNOWN,未分类／关联异常,4349,13.777351862,100.543892305,276
UNKNOWN,未分类／关联异常,4349,13.777351862,100.543892305,277
UNKNOWN,未分类／关联异常,4349,13.777351,100.543892,278
UNKNOWN,未分类／关联异常,4349,13.775581,100.543259,279
UNKNOWN,未分类／关联异常,4349,13.775155,100.543114,280
UNKNOWN,未分类／关联异常,4349,13.774621647,100.542915613,281
UNKNOWN,未分类／关联异常,4349,13.774621647,100.542915613,282
UNKNOWN,未分类／关联异常,4349,13.774621647,100.542915613,283
UNKNOWN,未分类／关联异常,4349,13.774621647,100.542915613,284
UNKNOWN,未分类／关联异常,4349,13.774621647,100.542915613,285
UNKNOWN,未分类／关联异常,4349,13.774621647,100.542915613,286
UNKNOWN,未分类／关联异常,4349,13.774621647,100.542915613,287
UNKNOWN,未分类／关联异常,4349,13.774621647,100.542915613,288
UNKNOWN,未分类／关联异常,4349,13.774621647,100.542915613,289
UNKNOWN,未分类／关联异常,4349,13.774621647,100.542915613,290
UNKNOWN,未分类／关联异常,4349,13.77462,100.542915,291
UNKNOWN,未分类／关联异常,4349,13.774446,100.542862,292
UNKNOWN,未分类／关联异常,4349,13.774186,100.542763,293
UNKNOWN,未分类／关联异常,4349,13.772964,100.542336,294
UNKNOWN,未分类／关联异常,4349,13.772962739,100.542335546,295
UNKNOWN,未分类／关联异常,4349,13.772962739,100.542335546,296
UNKNOWN,未分类／关联异常,4349,13.772962739,100.542335546,297
UNKNOWN,未分类／关联异常,4349,13.772962739,100.542335546,298
UNKNOWN,未分类／关联异常,4349,13.772962739,100.542335546,299
UNKNOWN,未分类／关联异常,4349,13.772962739,100.542335546,300
UNKNOWN,未分类／关联异常,4349,13.772962739,100.542335546,301
UNKNOWN,未分类／关联异常,4349,13.772962739,100.542335546,302
UNKNOWN,未分类／关联异常,4349,13.770378,100.541405,303
UNKNOWN,未分类／关联异常,4349,13.769634,100.541,304
UNKNOWN,未分类／关联异常,4349,13.769633377,100.540999658,305
UNKNOWN,未分类／关联异常,4349,13.769633376,100.540999658,306
UNKNOWN,未分类／关联异常,4349,13.769633376,100.540999658,307
UNKNOWN,未分类／关联异常,4349,13.769633376,100.540999658,308
UNKNOWN,未分类／关联异常,4349,13.769633376,100.540999658,309
UNKNOWN,未分类／关联异常,4349,13.769633376,100.540999658,310
UNKNOWN,未分类／关联异常,4349,13.769633376,100.540999658,311
UNKNOWN,未分类／关联异常,4349,13.769633376,100.540999658,312
UNKNOWN,未分类／关联异常,4349,13.769633376,100.540999658,313
UNKNOWN,未分类／关联异常,4349,13.767398,100.539772,314
UNKNOWN,未分类／关联异常,4349,13.767397447,100.539771698,315
UNKNOWN,未分类／关联异常,4349,13.767397447,100.539771698,316
UNKNOWN,未分类／关联异常,4349,13.767397447,100.539771698,317
UNKNOWN,未分类／关联异常,4349,13.767397447,100.539771698,318
UNKNOWN,未分类／关联异常,4349,13.767397447,100.539771698,319
UNKNOWN,未分类／关联异常,4349,13.767397447,100.539771698,320
UNKNOWN,未分类／关联异常,4349,13.767397447,100.539771698,321
UNKNOWN,未分类／关联异常,4349,13.767397447,100.539771698,322
UNKNOWN,未分类／关联异常,4349,13.767397422,100.539771684,323
UNKNOWN,未分类／关联异常,4349,13.766224,100.539131,324
UNKNOWN,未分类／关联异常,4349,13.765858,100.53891,325
UNKNOWN,未分类／关联异常,4349,13.765704,100.538826,326
UNKNOWN,未分类／关联异常,4349,13.765614,100.538803,327
UNKNOWN,未分类／关联异常,4349,13.765283,100.538795,328
UNKNOWN,未分类／关联异常,4349,13.765155,100.538834,329
UNKNOWN,未分类／关联异常,4349,13.765036,100.538834,330
UNKNOWN,未分类／关联异常,4349,13.765004,100.538826,331
UNKNOWN,未分类／关联异常,4349,13.764877,100.538925,332
UNKNOWN,未分类／关联异常,4349,13.764758,100.538902,333
UNKNOWN,未分类／关联异常,4349,13.764672,100.538872,334
UNKNOWN,未分类／关联异常,4349,13.764568,100.538811,335
UNKNOWN,未分类／关联异常,4349,13.764451,100.538712,336
UNKNOWN,未分类／关联异常,4349,13.764389,100.538605,337
UNKNOWN,未分类／关联异常,4349,13.764352,100.538498,338
UNKNOWN,未分类／关联异常,4349,13.764343195,100.538476938,339
UNKNOWN,未分类／关联异常,4349,13.764343195,100.538476938,340
UNKNOWN,未分类／关联异常,4349,13.764343195,100.538476938,341
UNKNOWN,未分类／关联异常,4349,13.764343195,100.538476938,342
UNKNOWN,未分类／关联异常,4349,13.764343195,100.538476938,343
UNKNOWN,未分类／关联异常,4349,13.764343195,100.538476938,344
UNKNOWN,未分类／关联异常,4349,13.764343195,100.538476938,345
UNKNOWN,未分类／关联异常,4349,13.764343195,100.538476938,346
UNKNOWN,未分类／关联异常,4349,13.764343195,100.538476938,347
UNKNOWN,未分类／关联异常,4349,13.764301,100.538376,348
UNKNOWN,未分类／关联异常,4349,13.76428,100.538284,349
UNKNOWN,未分类／关联异常,4349,13.764052,100.53791,350
UNKNOWN,未分类／关联异常,4349,13.763988,100.537834,351
UNKNOWN,未分类／关联异常,4349,13.763895,100.537758,352
UNKNOWN,未分类／关联异常,4349,13.763715,100.537651,353
UNKNOWN,未分类／关联异常,4349,13.762877,100.537239,354
UNKNOWN,未分类／关联异常,4349,13.761851,100.536667,355
UNKNOWN,未分类／关联异常,4349,13.761848139,100.536665334,356
UNKNOWN,未分类／关联异常,4349,13.761848139,100.536665334,357
UNKNOWN,未分类／关联异常,4349,13.761848139,100.536665334,358
UNKNOWN,未分类／关联异常,4349,13.761848139,100.536665334,359
UNKNOWN,未分类／关联异常,4349,13.761848139,100.536665334,360
UNKNOWN,未分类／关联异常,4349,13.761848139,100.536665334,361
UNKNOWN,未分类／关联异常,4349,13.761848139,100.536665334,362
UNKNOWN,未分类／关联异常,4349,13.761848139,100.536665334,363
UNKNOWN,未分类／关联异常,4349,13.761848139,100.536665334,364
UNKNOWN,未分类／关联异常,4349,13.761432,100.536423,365
UNKNOWN,未分类／关联异常,4349,13.759558,100.535378,366
UNKNOWN,未分类／关联异常,4349,13.759557126,100.535377509,367
UNKNOWN,未分类／关联异常,4349,13.759557126,100.535377509,368
UNKNOWN,未分类／关联异常,4349,13.757874,100.534431,369
UNKNOWN,未分类／关联异常,4349,13.756328,100.533577,370
UNKNOWN,未分类／关联异常,4349,13.754780136861454,100.53270763852129,371
UNKNOWN,未分类／关联异常,4349,13.754779,100.532707,372
UNKNOWN,未分类／关联异常,4349,13.754780122,100.532707629,373
UNKNOWN,未分类／关联异常,4349,13.754780122,100.532707629,374
UNKNOWN,未分类／关联异常,4349,13.754780122,100.532707629,375
UNKNOWN,未分类／关联异常,4349,13.754780122,100.532707629,376
UNKNOWN,未分类／关联异常,4349,13.754780122,100.532707629,377
UNKNOWN,未分类／关联异常,4349,13.754780122,100.532707629,378
UNKNOWN,未分类／关联异常,4349,13.754780122,100.532707629,379
UNKNOWN,未分类／关联异常,4349,13.754779,100.532707,380
UNKNOWN,未分类／关联异常,4349,13.753399,100.531929,381
UNKNOWN,未分类／关联异常,4349,13.753289,100.531898,382
UNKNOWN,未分类／关联异常,4349,13.753214,100.531868,383
UNKNOWN,未分类／关联异常,4349,13.753096,100.531845,384
UNKNOWN,未分类／关联异常,4349,13.752481,100.531746,385
UNKNOWN,未分类／关联异常,4349,13.751509,100.531609,386
UNKNOWN,未分类／关联异常,4349,13.751508088,100.53160887,387
UNKNOWN,未分类／关联异常,4349,13.751508078,100.531608869,388
UNKNOWN,未分类／关联异常,4349,13.751508078,100.531608869,389
UNKNOWN,未分类／关联异常,4349,13.751508078,100.531608869,390
UNKNOWN,未分类／关联异常,4349,13.751508078,100.531608869,391
UNKNOWN,未分类／关联异常,4349,13.751508078,100.531608869,392
UNKNOWN,未分类／关联异常,4349,13.751508078,100.531608869,393
UNKNOWN,未分类／关联异常,4349,13.751508078,100.531608869,394
UNKNOWN,未分类／关联异常,4349,13.751508078,100.531608869,395
UNKNOWN,未分类／关联异常,4349,13.750373,100.531448,396
UNKNOWN,未分类／关联异常,4349,13.750047,100.531311,397
UNKNOWN,未分类／关联异常,4349,13.748127,100.531029,398
UNKNOWN,未分类／关联异常,4349,13.747409,100.530937,399
UNKNOWN,未分类／关联异常,4349,13.747185,100.530991,400
UNKNOWN,未分类／关联异常,4349,13.746838,100.530922,401
UNKNOWN,未分类／关联异常,4349,13.746781,100.53093,402
UNKNOWN,未分类／关联异常,4349,13.746672,100.53096,403
UNKNOWN,未分类／关联异常,4349,13.746566,100.531006,404
UNKNOWN,未分类／关联异常,4349,13.746515,100.531029,405
UNKNOWN,未分类／关联异常,4349,13.746424,100.53109,406
UNKNOWN,未分类／关联异常,4349,13.746272,100.531242,407
UNKNOWN,未分类／关联异常,4349,13.746161,100.531425,408
UNKNOWN,未分类／关联异常,4349,13.746122,100.531525,409
UNKNOWN,未分类／关联异常,4349,13.745887,100.532898,410
UNKNOWN,未分类／关联异常,4349,13.745857544,100.532977816,411
UNKNOWN,未分类／关联异常,4349,13.745857544,100.532977817,412
UNKNOWN,未分类／关联异常,4349,13.745857544,100.532977817,413
UNKNOWN,未分类／关联异常,4349,13.745857544,100.532977817,414
UNKNOWN,未分类／关联异常,4349,13.745857544,100.532977817,415
UNKNOWN,未分类／关联异常,4349,13.745857544,100.532977817,416
UNKNOWN,未分类／关联异常,4349,13.745857544,100.532977817,417
UNKNOWN,未分类／关联异常,4349,13.745857544,100.532977817,418
UNKNOWN,未分类／关联异常,4349,13.745857544,100.532977817,419
UNKNOWN,未分类／关联异常,4349,13.745856,100.532982,420
UNKNOWN,未分类／关联异常,4349,13.745793,100.533142,421
UNKNOWN,未分类／关联异常,4349,13.745705,100.533707,422
UNKNOWN,未分类／关联异常,4349,13.74536,100.535637,423
UNKNOWN,未分类／关联异常,4349,13.74536,100.535797,424
UNKNOWN,未分类／关联异常,4349,13.745224,100.536591,425
UNKNOWN,未分类／关联异常,4349,13.745223991,100.536591054,426
UNKNOWN,未分类／关联异常,4349,13.745223991,100.536591054,427
UNKNOWN,未分类／关联异常,4349,13.745223991,100.536591054,428
UNKNOWN,未分类／关联异常,4349,13.745223991,100.536591054,429
UNKNOWN,未分类／关联异常,4349,13.745223991,100.536591054,430
UNKNOWN,未分类／关联异常,4349,13.745223991,100.536591054,431
UNKNOWN,未分类／关联异常,4349,13.745223991,100.536591054,432
UNKNOWN,未分类／关联异常,4349,13.745223991,100.536591054,433
UNKNOWN,未分类／关联异常,4349,13.745223991,100.536591054,434
UNKNOWN,未分类／关联异常,4349,13.744994,100.537918,435
UNKNOWN,未分类／关联异常,4349,13.744611,100.540245,436
UNKNOWN,未分类／关联异常,4349,13.746456799873146,100.54052696898061,437
UNKNOWN,未分类／关联异常,4349,13.7464568,100.540526969,438
UNKNOWN,未分类／关联异常,4349,13.7464568,100.540526969,439
UNKNOWN,未分类／关联异常,4349,13.7464568,100.540526969,440
UNKNOWN,未分类／关联异常,4349,13.7464568,100.540526969,441
UNKNOWN,未分类／关联异常,4349,13.7464568,100.540526969,442
UNKNOWN,未分类／关联异常,4349,13.7464568,100.540526969,443
UNKNOWN,未分类／关联异常,4349,13.7464568,100.540526969,444
UNKNOWN,未分类／关联异常,4349,13.7464568,100.540526969,445
UNKNOWN,未分类／关联异常,4349,13.7464568,100.540526969,446
UNKNOWN,未分类／关联异常,4349,13.7464568,100.540526969,447
UNKNOWN,未分类／关联异常,4349,13.746457,100.540527,448
UNKNOWN,未分类／关联异常,4349,13.747513216,100.540687729,449
UNKNOWN,未分类／关联异常,4349,13.747513216,100.540687729,450
UNKNOWN,未分类／关联异常,4349,13.747513216,100.540687729,451
UNKNOWN,未分类／关联异常,4349,13.747513216,100.540687729,452
UNKNOWN,未分类／关联异常,4349,13.747513216,100.540687729,453
UNKNOWN,未分类／关联异常,4349,13.747513216,100.540687729,454
UNKNOWN,未分类／关联异常,4349,13.747513233,100.540687732,455
UNKNOWN,未分类／关联异常,4349,13.747515,100.540688,456
UNKNOWN,未分类／关联异常,4349,13.749962,100.541061,457
UNKNOWN,未分类／关联异常,4349,13.752067,100.541473,458
UNKNOWN,未分类／关联异常,4349,13.752635,100.541595,459
UNKNOWN,未分类／关联异常,4349,13.753384098696678,100.54177078792881,460
UNKNOWN,未分类／关联异常,4349,13.753384099,100.541770788,461
UNKNOWN,未分类／关联异常,4349,13.753384099,100.541770788,462
UNKNOWN,未分类／关联异常,4349,13.753384099,100.541770788,463
UNKNOWN,未分类／关联异常,4349,13.753384099,100.541770788,464
UNKNOWN,未分类／关联异常,4349,13.753384099,100.541770788,465
UNKNOWN,未分类／关联异常,4349,13.753384099,100.541770788,466
UNKNOWN,未分类／关联异常,4349,13.753384099,100.541770788,467
UNKNOWN,未分类／关联异常,4349,13.753384099,100.541770788,468
UNKNOWN,未分类／关联异常,4349,13.753385,100.541771,469
UNKNOWN,未分类／关联异常,4349,13.753727,100.54184,470
UNKNOWN,未分类／关联异常,4349,13.754392,100.541992,471
UNKNOWN,未分类／关联异常,4349,13.755768,100.542343,472
UNKNOWN,未分类／关联异常,4349,13.755994,100.542381,473
UNKNOWN,未分类／关联异常,4349,13.756319,100.542419,474
UNKNOWN,未分类／关联异常,4349,13.756945,100.542435,475
UNKNOWN,未分类／关联异常,4349,13.757879,100.542442,476
UNKNOWN,未分类／关联异常,4349,13.757879,100.542442,477
UNKNOWN,未分类／关联异常,4349,13.757879,100.542442,478
UNKNOWN,未分类／关联异常,4349,13.757879,100.542442,479
UNKNOWN,未分类／关联异常,4349,13.757879,100.542442,480
UNKNOWN,未分类／关联异常,4349,13.757879,100.542442,481
UNKNOWN,未分类／关联异常,4349,13.757879,100.542442,482
UNKNOWN,未分类／关联异常,4349,13.757879,100.542442,483
UNKNOWN,未分类／关联异常,4349,13.757879,100.542442,484
UNKNOWN,未分类／关联异常,4349,13.757879,100.542442,485
UNKNOWN,未分类／关联异常,4349,13.758826,100.542458,486
UNKNOWN,未分类／关联异常,4349,13.760821262,100.542458,487
UNKNOWN,未分类／关联异常,4349,13.760821262,100.542458,488
UNKNOWN,未分类／关联异常,4349,13.760821262,100.542458,489
UNKNOWN,未分类／关联异常,4349,13.760821262,100.542458,490
UNKNOWN,未分类／关联异常,4349,13.760821262,100.542458,491
UNKNOWN,未分类／关联异常,4349,13.760821262,100.542458,492
UNKNOWN,未分类／关联异常,4349,13.760821262,100.542458,493
UNKNOWN,未分类／关联异常,4349,13.760821262,100.542458,494
UNKNOWN,未分类／关联异常,4349,13.760821262,100.542458,495
UNKNOWN,未分类／关联异常,4349,13.760822,100.542458,496
UNKNOWN,未分类／关联异常,4349,13.761164,100.54245,497
UNKNOWN,未分类／关联异常,4349,13.762193,100.54245,498
UNKNOWN,未分类／关联异常,4349,13.762368,100.54248,499
UNKNOWN,未分类／关联异常,4349,13.762551,100.542557,500
UNKNOWN,未分类／关联异常,4349,13.762605,100.542595,501
UNKNOWN,未分类／关联异常,4349,13.762637,100.542625,502
UNKNOWN,未分类／关联异常,4349,13.762774,100.542816,503
UNKNOWN,未分类／关联异常,4349,13.762836,100.542938,504
UNKNOWN,未分类／关联异常,4349,13.762847,100.543228,505
UNKNOWN,未分类／关联异常,4349,13.763162,100.54435,506
UNKNOWN,未分类／关联异常,4349,13.763271,100.544693,507
UNKNOWN,未分类／关联异常,4349,13.763272745,100.54469856,508
UNKNOWN,未分类／关联异常,4349,13.763272745,100.54469856,509
UNKNOWN,未分类／关联异常,4349,13.763272745,100.54469856,510
UNKNOWN,未分类／关联异常,4349,13.763272745,100.54469856,511
UNKNOWN,未分类／关联异常,4349,13.763272745,100.54469856,512
UNKNOWN,未分类／关联异常,4349,13.763272745,100.54469856,513
UNKNOWN,未分类／关联异常,4349,13.763272745,100.54469856,514
UNKNOWN,未分类／关联异常,4349,13.763272745,100.54469856,515
UNKNOWN,未分类／关联异常,4349,13.763272745,100.54469856,516
UNKNOWN,未分类／关联异常,4349,13.763453,100.545273,517
UNKNOWN,未分类／关联异常,4349,13.763515,100.545677,518
UNKNOWN,未分类／关联异常,4349,13.763726,100.546471,519
UNKNOWN,未分类／关联异常,4349,13.763972,100.547318,520
UNKNOWN,未分类／关联异常,4349,13.764039,100.5476,521
UNKNOWN,未分类／关联异常,4349,13.764059,100.547737,522
UNKNOWN,未分类／关联异常,4349,13.764044,100.547966,523
UNKNOWN,未分类／关联异常,4349,13.764027,100.548058,524
UNKNOWN,未分类／关联异常,4349,13.764003,100.548126,525
UNKNOWN,未分类／关联异常,4349,13.763916,100.548271,526
UNKNOWN,未分类／关联异常,4349,13.763872,100.54834,527
UNKNOWN,未分类／关联异常,4349,13.763627,100.548653,528
UNKNOWN,未分类／关联异常,4349,13.763476,100.548889,529
UNKNOWN,未分类／关联异常,4349,13.762807,100.55027,530
UNKNOWN,未分类／关联异常,4349,13.762716,100.550491,531
UNKNOWN,未分类／关联异常,4349,13.762414,100.551102,532
UNKNOWN,未分类／关联异常,4349,13.762413782,100.55110244,533
UNKNOWN,未分类／关联异常,4349,13.762413782,100.55110244,534
UNKNOWN,未分类／关联异常,4349,13.762413782,100.55110244,535
UNKNOWN,未分类／关联异常,4349,13.762413782,100.55110244,536
UNKNOWN,未分类／关联异常,4349,13.762413782,100.55110244,537
UNKNOWN,未分类／关联异常,4349,13.762413782,100.55110244,538
UNKNOWN,未分类／关联异常,4349,13.762413782,100.55110244,539
UNKNOWN,未分类／关联异常,4349,13.762413782,100.55110244,540
UNKNOWN,未分类／关联异常,4349,13.762413782,100.55110244,541
UNKNOWN,未分类／关联异常,4349,13.761588,100.552765,542
UNKNOWN,未分类／关联异常,4349,13.761353833,100.553259242,543
UNKNOWN,未分类／关联异常,4349,13.761353833,100.553259242,544
UNKNOWN,未分类／关联异常,4349,13.760411,100.555252,545
UNKNOWN,未分类／关联异常,4349,13.760257128665206,100.55553988830381,546
UNKNOWN,未分类／关联异常,4349,13.760256,100.555542,547
UNKNOWN,未分类／关联异常,4349,13.760097,100.555832,548
UNKNOWN,未分类／关联异常,4349,13.759913,100.556122,549
UNKNOWN,未分类／关联异常,4349,13.759825,100.556229,550
UNKNOWN,未分类／关联异常,4349,13.759748,100.556305,551
UNKNOWN,未分类／关联异常,4349,13.759526,100.556473,552
UNKNOWN,未分类／关联异常,4349,13.758819,100.556839,553
UNKNOWN,未分类／关联异常,4349,13.758053,100.55719,554
UNKNOWN,未分类／关联异常,4349,13.757795,100.557335,555
UNKNOWN,未分类／关联异常,4349,13.757492,100.557579,556
UNKNOWN,未分类／关联异常,4349,13.757403,100.557663,557
UNKNOWN,未分类／关联异常,4349,13.757197,100.557884,558
UNKNOWN,未分类／关联异常,4349,13.757120213966939,100.5579854334017,559
UNKNOWN,未分类／关联异常,4349,13.757116,100.557991,560
UNKNOWN,未分类／关联异常,4349,13.756951,100.55822,561
UNKNOWN,未分类／关联异常,4349,13.756813,100.558456,562
UNKNOWN,未分类／关联异常,4349,13.756731,100.55864,563
UNKNOWN,未分类／关联异常,4349,13.756653,100.558884,564
UNKNOWN,未分类／关联异常,4349,13.756593,100.559166,565
UNKNOWN,未分类／关联异常,4349,13.756549,100.559456,566
UNKNOWN,未分类／关联异常,4349,13.756445,100.56073,567
UNKNOWN,未分类／关联异常,4349,13.756340298632209,100.56229752904923,568
UNKNOWN,未分类／关联异常,4349,13.75634,100.562302,569
UNKNOWN,未分类／关联异常,4349,13.756225,100.564087,570
UNKNOWN,未分类／关联异常,4349,13.755944425785232,100.56797210416248,571
UNKNOWN,未分类／关联异常,4349,13.755944,100.567978,572
UNKNOWN,未分类／关联异常,4349,13.755653,100.571686,573
UNKNOWN,未分类／关联异常,4350,13.759316,100.572571,1
UNKNOWN,未分类／关联异常,4350,13.759259,100.572571,2
UNKNOWN,未分类／关联异常,4350,13.758435,100.57267,3
UNKNOWN,未分类／关联异常,4350,13.757118,100.572868,4
UNKNOWN,未分类／关联异常,4350,13.756652,100.572922,5
UNKNOWN,未分类／关联异常,4350,13.755563,100.573326,6
UNKNOWN,未分类／关联异常,4350,13.755342,100.573311,7
UNKNOWN,未分类／关联异常,4350,13.755478590061909,100.57152336510215,8
UNKNOWN,未分类／关联异常,4350,13.755479,100.571518,9
UNKNOWN,未分类／关联异常,4350,13.755734940979393,100.56832173706593,10
UNKNOWN,未分类／关联异常,4350,13.755735,100.568321,11
UNKNOWN,未分类／关联异常,4350,13.756012,100.564919,12
UNKNOWN,未分类／关联异常,4350,13.756136,100.564949,13
UNKNOWN,未分类／关联异常,4350,13.757311,100.565147,14
UNKNOWN,未分类／关联异常,4350,13.757681,100.565224,15
UNKNOWN,未分类／关联异常,4350,13.758791,100.565491,16
UNKNOWN,未分类／关联异常,4350,13.758791148654495,100.5654910368605,17
UNKNOWN,未分类／关联异常,4350,13.759404,100.565643,18
UNKNOWN,未分类／关联异常,4350,13.759887,100.565788,19
UNKNOWN,未分类／关联异常,4350,13.760174,100.565895,20
UNKNOWN,未分类／关联异常,4350,13.760799,100.566177,21
UNKNOWN,未分类／关联异常,4350,13.761573,100.566628,22
UNKNOWN,未分类／关联异常,4350,13.761573,100.566628,23
UNKNOWN,未分类／关联异常,4350,13.76202,100.566948,24
UNKNOWN,未分类／关联异常,4350,13.764926,100.569191,25
UNKNOWN,未分类／关联异常,4350,13.764926462159325,100.56919135424396,26
UNKNOWN,未分类／关联异常,4350,13.765911,100.569946,27
UNKNOWN,未分类／关联异常,4350,13.767152748992732,100.57091324660286,28
UNKNOWN,未分类／关联异常,4350,13.767155,100.570915,29
UNKNOWN,未分类／关联异常,4350,13.768779,100.572166,30
UNKNOWN,未分类／关联异常,4350,13.769178,100.572449,31
UNKNOWN,未分类／关联异常,4350,13.769506,100.572662,32
UNKNOWN,未分类／关联异常,4350,13.769814,100.572807,33
UNKNOWN,未分类／关联异常,4350,13.770473,100.573051,34
UNKNOWN,未分类／关联异常,4350,13.770989,100.573158,35
UNKNOWN,未分类／关联异常,4350,13.772112,100.573219,36
UNKNOWN,未分类／关联异常,4350,13.772368751247846,100.57321200677535,37
UNKNOWN,未分类／关联异常,4350,13.772369,100.573212,38
UNKNOWN,未分类／关联异常,4350,13.772623,100.573204,39
UNKNOWN,未分类／关联异常,4350,13.773403,100.573219,40
UNKNOWN,未分类／关联异常,4350,13.773863,100.573288,41
UNKNOWN,未分类／关联异常,4350,13.77499,100.573402,42
UNKNOWN,未分类／关联异常,4350,13.775193,100.57341,43
UNKNOWN,未分类／关联异常,4350,13.775209080616245,100.5734081958333,44
UNKNOWN,未分类／关联异常,4350,13.775603,100.573364,45
UNKNOWN,未分类／关联异常,4350,13.775723,100.57338,46
UNKNOWN,未分类／关联异常,4350,13.776394,100.573425,47
UNKNOWN,未分类／关联异常,4350,13.777179,100.57341,48
UNKNOWN,未分类／关联异常,4350,13.777742,100.573502,49
UNKNOWN,未分类／关联异常,4350,13.778153,100.573555,50
UNKNOWN,未分类／关联异常,4350,13.778295,100.57341,51
UNKNOWN,未分类／关联异常,4350,13.778366,100.573257,52
UNKNOWN,未分类／关联异常,4350,13.778235,100.572823,53
UNKNOWN,未分类／关联异常,4350,13.77809,100.572067,54
UNKNOWN,未分类／关联异常,4350,13.778082,100.571945,55
UNKNOWN,未分类／关联异常,4350,13.778128,100.571281,56
UNKNOWN,未分类／关联异常,4350,13.778247,100.570587,57
UNKNOWN,未分类／关联异常,4350,13.777476274437754,100.57052602171298,58
UNKNOWN,未分类／关联异常,4350,13.777476,100.570526,59
UNKNOWN,未分类／关联异常,4350,13.778247,100.570587,60
UNKNOWN,未分类／关联异常,4350,13.77828,100.570358,61
UNKNOWN,未分类／关联异常,4350,13.778277,100.569572,62
UNKNOWN,未分类／关联异常,4350,13.778277,100.569572,63
UNKNOWN,未分类／关联异常,4350,13.778395,100.568085,64
UNKNOWN,未分类／关联异常,4350,13.778425987591216,100.56742926258586,65
UNKNOWN,未分类／关联异常,4350,13.778426,100.567429,66
UNKNOWN,未分类／关联异常,4350,13.778426,100.567429,67
UNKNOWN,未分类／关联异常,4350,13.778425988,100.567429263,68
UNKNOWN,未分类／关联异常,4350,13.778425988,100.567429263,69
UNKNOWN,未分类／关联异常,4350,13.778425988,100.567429263,70
UNKNOWN,未分类／关联异常,4350,13.778425988,100.567429263,71
UNKNOWN,未分类／关联异常,4350,13.778425988,100.567429263,72
UNKNOWN,未分类／关联异常,4350,13.778425988,100.567429263,73
UNKNOWN,未分类／关联异常,4350,13.778425991,100.567429202,74
UNKNOWN,未分类／关联异常,4350,13.778426,100.567429,75
UNKNOWN,未分类／关联异常,4350,13.778449,100.566978,76
UNKNOWN,未分类／关联异常,4350,13.778482,100.566887,77
UNKNOWN,未分类／关联异常,4350,13.778528,100.566826,78
UNKNOWN,未分类／关联异常,4350,13.778546,100.566818,79
UNKNOWN,未分类／关联异常,4350,13.778592,100.566811,80
UNKNOWN,未分类／关联异常,4350,13.779609,100.567093,81
UNKNOWN,未分类／关联异常,4350,13.779609594,100.567093165,82
UNKNOWN,未分类／关联异常,4350,13.779609594,100.567093165,83
UNKNOWN,未分类／关联异常,4350,13.779609594,100.567093165,84
UNKNOWN,未分类／关联异常,4350,13.779609594,100.567093165,85
UNKNOWN,未分类／关联异常,4350,13.779609594,100.567093165,86
UNKNOWN,未分类／关联异常,4350,13.779609594,100.567093165,87
UNKNOWN,未分类／关联异常,4350,13.779609594,100.567093165,88
UNKNOWN,未分类／关联异常,4350,13.779609594,100.567093165,89
UNKNOWN,未分类／关联异常,4350,13.779609594,100.567093165,90
UNKNOWN,未分类／关联异常,4350,13.779609594,100.567093165,91
UNKNOWN,未分类／关联异常,4350,13.780184,100.567253,92
UNKNOWN,未分类／关联异常,4350,13.780741,100.567253,93
UNKNOWN,未分类／关联异常,4350,13.781420507,100.567230017,94
UNKNOWN,未分类／关联异常,4350,13.781420507,100.567230017,95
UNKNOWN,未分类／关联异常,4350,13.781420507,100.567230017,96
UNKNOWN,未分类／关联异常,4350,13.781420507,100.567230017,97
UNKNOWN,未分类／关联异常,4350,13.781420507,100.567230017,98
UNKNOWN,未分类／关联异常,4350,13.781420507,100.567230017,99
UNKNOWN,未分类／关联异常,4350,13.781420579,100.567230015,100
UNKNOWN,未分类／关联异常,4350,13.781421,100.56723,101
UNKNOWN,未分类／关联异常,4350,13.782022,100.567207,102
UNKNOWN,未分类／关联异常,4350,13.782315,100.567207,103
UNKNOWN,未分类／关联异常,4350,13.782868,100.567184,104
UNKNOWN,未分类／关联异常,4350,13.78355,100.567169,105
UNKNOWN,未分类／关联异常,4350,13.78355,100.567169,106
UNKNOWN,未分类／关联异常,4350,13.78355,100.567169,107
UNKNOWN,未分类／关联异常,4350,13.78355,100.567169,108
UNKNOWN,未分类／关联异常,4350,13.78355,100.567169,109
UNKNOWN,未分类／关联异常,4350,13.78355,100.567169,110
UNKNOWN,未分类／关联异常,4350,13.78355,100.567169,111
UNKNOWN,未分类／关联异常,4350,13.78355,100.567169,112
UNKNOWN,未分类／关联异常,4350,13.78355,100.567169,113
UNKNOWN,未分类／关联异常,4350,13.78355,100.567169,114
UNKNOWN,未分类／关联异常,4350,13.783744,100.567169,115
UNKNOWN,未分类／关联异常,4350,13.785286,100.567123,116
UNKNOWN,未分类／关联异常,4350,13.786087,100.567093,117
UNKNOWN,未分类／关联异常,4350,13.786485,100.56707,118
UNKNOWN,未分类／关联异常,4350,13.786486691,100.567069846,119
UNKNOWN,未分类／关联异常,4350,13.786486691,100.567069846,120
UNKNOWN,未分类／关联异常,4350,13.786486691,100.567069846,121
UNKNOWN,未分类／关联异常,4350,13.786486691,100.567069846,122
UNKNOWN,未分类／关联异常,4350,13.786486691,100.567069846,123
UNKNOWN,未分类／关联异常,4350,13.786486691,100.567069846,124
UNKNOWN,未分类／关联异常,4350,13.786486691,100.567069846,125
UNKNOWN,未分类／关联异常,4350,13.786486691,100.567069846,126
UNKNOWN,未分类／关联异常,4350,13.786486703,100.567069845,127
UNKNOWN,未分类／关联异常,4350,13.786989,100.567024,128
UNKNOWN,未分类／关联异常,4350,13.788395,100.566933,129
UNKNOWN,未分类／关联异常,4350,13.788699,100.566963,130
UNKNOWN,未分类／关联异常,4350,13.7887,100.566872,131
UNKNOWN,未分类／关联异常,4350,13.7887,100.566872,132
UNKNOWN,未分类／关联异常,4350,13.7887,100.566872,133
UNKNOWN,未分类／关联异常,4350,13.7887,100.566872,134
UNKNOWN,未分类／关联异常,4350,13.7887,100.566872,135
UNKNOWN,未分类／关联异常,4350,13.7887,100.566872,136
UNKNOWN,未分类／关联异常,4350,13.7887,100.566872,137
UNKNOWN,未分类／关联异常,4350,13.7887,100.566872,138
UNKNOWN,未分类／关联异常,4350,13.7887,100.566872,139
UNKNOWN,未分类／关联异常,4350,13.7887,100.566872,140
UNKNOWN,未分类／关联异常,4350,13.7887,100.566872,141
UNKNOWN,未分类／关联异常,4350,13.7887,100.566872,142
UNKNOWN,未分类／关联异常,4350,13.7887,100.566872,143
UNKNOWN,未分类／关联异常,4350,13.7887,100.566872,144
UNKNOWN,未分类／关联异常,4350,13.788699,100.566963,145
UNKNOWN,未分类／关联异常,4350,13.789547,100.567001,146
UNKNOWN,未分类／关联异常,4350,13.789498016,100.566017317,147
UNKNOWN,未分类／关联异常,4350,13.789498016,100.566017317,148
UNKNOWN,未分类／关联异常,4350,13.789498016,100.566017317,149
UNKNOWN,未分类／关联异常,4350,13.789498016,100.566017317,150
UNKNOWN,未分类／关联异常,4350,13.789498014,100.566017273,151
UNKNOWN,未分类／关联异常,4350,13.789498,100.566017,152
UNKNOWN,未分类／关联异常,4350,13.789371,100.563309,153
UNKNOWN,未分类／关联异常,4350,13.789345,100.562607,154
UNKNOWN,未分类／关联异常,4350,13.789344892006161,100.5626027542422,155
UNKNOWN,未分类／关联异常,4350,13.789344892,100.562602754,156
UNKNOWN,未分类／关联异常,4350,13.789344892,100.562602754,157
UNKNOWN,未分类／关联异常,4350,13.789344892,100.562602754,158
UNKNOWN,未分类／关联异常,4350,13.789344892,100.562602754,159
UNKNOWN,未分类／关联异常,4350,13.789344892,100.562602754,160
UNKNOWN,未分类／关联异常,4350,13.789344892,100.562602754,161
UNKNOWN,未分类／关联异常,4350,13.789344892,100.562602754,162
UNKNOWN,未分类／关联异常,4350,13.789344892,100.562602754,163
UNKNOWN,未分类／关联异常,4350,13.789344892,100.562602754,164
UNKNOWN,未分类／关联异常,4350,13.789344892,100.562602754,165
UNKNOWN,未分类／关联异常,4350,13.789325,100.561821,166
UNKNOWN,未分类／关联异常,4350,13.789291,100.561333,167
UNKNOWN,未分类／关联异常,4350,13.789268012,100.560806282,168
UNKNOWN,未分类／关联异常,4350,13.789268012,100.560806282,169
UNKNOWN,未分类／关联异常,4350,13.789268012,100.560806282,170
UNKNOWN,未分类／关联异常,4350,13.789268012,100.560806282,171
UNKNOWN,未分类／关联异常,4350,13.789268012,100.560806282,172
UNKNOWN,未分类／关联异常,4350,13.789268012,100.560806282,173
UNKNOWN,未分类／关联异常,4350,13.789268012,100.560806282,174
UNKNOWN,未分类／关联异常,4350,13.789268,100.560806,175
UNKNOWN,未分类／关联异常,4350,13.789204,100.559113,176
UNKNOWN,未分类／关联异常,4350,13.789186,100.558891,177
UNKNOWN,未分类／关联异常,4350,13.789153,100.558228,178
UNKNOWN,未分类／关联异常,4350,13.789152967,100.558227357,179
UNKNOWN,未分类／关联异常,4350,13.789152967,100.558227357,180
UNKNOWN,未分类／关联异常,4350,13.789152967,100.558227357,181
UNKNOWN,未分类／关联异常,4350,13.789152967,100.558227357,182
UNKNOWN,未分类／关联异常,4350,13.789152967,100.558227357,183
UNKNOWN,未分类／关联异常,4350,13.789152967,100.558227357,184
UNKNOWN,未分类／关联异常,4350,13.789152967,100.558227357,185
UNKNOWN,未分类／关联异常,4350,13.789152967,100.558227357,186
UNKNOWN,未分类／关联异常,4350,13.789152967,100.558227357,187
UNKNOWN,未分类／关联异常,4350,13.789094,100.557076,188
UNKNOWN,未分类／关联异常,4350,13.789078,100.55645,189
UNKNOWN,未分类／关联异常,4350,13.789052114004082,100.5558805020898,190
UNKNOWN,未分类／关联异常,4350,13.789052114,100.555880502,191
UNKNOWN,未分类／关联异常,4350,13.789052114,100.555880502,192
UNKNOWN,未分类／关联异常,4350,13.789052114,100.555880502,193
UNKNOWN,未分类／关联异常,4350,13.789052114,100.555880502,194
UNKNOWN,未分类／关联异常,4350,13.789052114,100.555880502,195
UNKNOWN,未分类／关联异常,4350,13.789052114,100.555880502,196
UNKNOWN,未分类／关联异常,4350,13.789052114,100.555880502,197
UNKNOWN,未分类／关联异常,4350,13.789052114,100.555880502,198
UNKNOWN,未分类／关联异常,4350,13.789052114,100.5558805,199
UNKNOWN,未分类／关联异常,4350,13.789052,100.555878,200
UNKNOWN,未分类／关联异常,4350,13.788973039,100.554169834,201
UNKNOWN,未分类／关联异常,4350,13.788973038,100.554169815,202
UNKNOWN,未分类／关联异常,4350,13.788973038,100.554169815,203
UNKNOWN,未分类／关联异常,4350,13.788973038,100.554169815,204
UNKNOWN,未分类／关联异常,4350,13.788973038,100.554169815,205
UNKNOWN,未分类／关联异常,4350,13.788973038,100.554169815,206
UNKNOWN,未分类／关联异常,4350,13.788973038,100.554169815,207
UNKNOWN,未分类／关联异常,4350,13.788973038,100.554169815,208
UNKNOWN,未分类／关联异常,4350,13.788973,100.554169,209
UNKNOWN,未分类／关联异常,4350,13.788913,100.552925,210
UNKNOWN,未分类／关联异常,4350,13.788868,100.552338,211
UNKNOWN,未分类／关联异常,4350,13.788869,100.552139,212
UNKNOWN,未分类／关联异常,4350,13.789057908983754,100.55074367012,213
UNKNOWN,未分类／关联异常,4350,13.789057909,100.55074367,214
UNKNOWN,未分类／关联异常,4350,13.789057909,100.55074367,215
UNKNOWN,未分类／关联异常,4350,13.789057909,100.55074367,216
UNKNOWN,未分类／关联异常,4350,13.789057909,100.55074367,217
UNKNOWN,未分类／关联异常,4350,13.789057909,100.55074367,218
UNKNOWN,未分类／关联异常,4350,13.789057909,100.55074367,219
UNKNOWN,未分类／关联异常,4350,13.789057909,100.55074367,220
UNKNOWN,未分类／关联异常,4350,13.789057909,100.55074367,221
UNKNOWN,未分类／关联异常,4350,13.789057909,100.55074367,222
UNKNOWN,未分类／关联异常,4350,13.789057909,100.55074367,223
UNKNOWN,未分类／关联异常,4350,13.789058,100.550743,224
UNKNOWN,未分类／关联异常,4350,13.789157,100.550011,225
UNKNOWN,未分类／关联异常,4350,13.789246483,100.549259339,226
UNKNOWN,未分类／关联异常,4350,13.789246483,100.549259339,227
UNKNOWN,未分类／关联异常,4350,13.789246483,100.549259339,228
UNKNOWN,未分类／关联异常,4350,13.789246483,100.549259339,229
UNKNOWN,未分类／关联异常,4350,13.789246483,100.549259339,230
UNKNOWN,未分类／关联异常,4350,13.789246483,100.549259339,231
UNKNOWN,未分类／关联异常,4350,13.789246483,100.549259339,232
UNKNOWN,未分类／关联异常,4350,13.789247,100.549255,233
UNKNOWN,未分类／关联异常,4350,13.789167,100.549927,234
UNKNOWN,未分类／关联异常,4350,13.789542,100.549965,235
UNKNOWN,未分类／关联异常,4350,13.789527,100.549751,236
UNKNOWN,未分类／关联异常,4350,13.789699,100.54837,237
UNKNOWN,未分类／关联异常,4350,13.786203902,100.547104326,238
UNKNOWN,未分类／关联异常,4350,13.786203902,100.547104326,239
UNKNOWN,未分类／关联异常,4350,13.786203902,100.547104326,240
UNKNOWN,未分类／关联异常,4350,13.786203902,100.547104326,241
UNKNOWN,未分类／关联异常,4350,13.786203902,100.547104326,242
UNKNOWN,未分类／关联异常,4350,13.786203902,100.547104326,243
UNKNOWN,未分类／关联异常,4350,13.786203902,100.547104326,244
UNKNOWN,未分类／关联异常,4350,13.786203902,100.547104326,245
UNKNOWN,未分类／关联异常,4350,13.786203891,100.547104322,246
UNKNOWN,未分类／关联异常,4350,13.786203,100.547104,247
UNKNOWN,未分类／关联异常,4350,13.783854,100.546249,248
UNKNOWN,未分类／关联异常,4350,13.783852476,100.546248443,249
UNKNOWN,未分类／关联异常,4350,13.783852476,100.546248443,250
UNKNOWN,未分类／关联异常,4350,13.783852476,100.546248443,251
UNKNOWN,未分类／关联异常,4350,13.783852476,100.546248443,252
UNKNOWN,未分类／关联异常,4350,13.783852476,100.546248443,253
UNKNOWN,未分类／关联异常,4350,13.783852476,100.546248443,254
UNKNOWN,未分类／关联异常,4350,13.783852476,100.546248443,255
UNKNOWN,未分类／关联异常,4350,13.783852476,100.546248443,256
UNKNOWN,未分类／关联异常,4350,13.783852475,100.546248443,257
UNKNOWN,未分类／关联异常,4350,13.779787226339064,100.54476208312397,258
UNKNOWN,未分类／关联异常,4350,13.779787226,100.544762083,259
UNKNOWN,未分类／关联异常,4350,13.779787226,100.544762083,260
UNKNOWN,未分类／关联异常,4350,13.779787226,100.544762083,261
UNKNOWN,未分类／关联异常,4350,13.779787226,100.544762083,262
UNKNOWN,未分类／关联异常,4350,13.779787226,100.544762083,263
UNKNOWN,未分类／关联异常,4350,13.779787226,100.544762083,264
UNKNOWN,未分类／关联异常,4350,13.779787226,100.544762083,265
UNKNOWN,未分类／关联异常,4350,13.779787226,100.544762083,266
UNKNOWN,未分类／关联异常,4350,13.779787,100.544762,267
UNKNOWN,未分类／关联异常,4350,13.778928,100.544449,268
UNKNOWN,未分类／关联异常,4350,13.777351862,100.543892305,269
UNKNOWN,未分类／关联异常,4350,13.777351862,100.543892305,270
UNKNOWN,未分类／关联异常,4350,13.777351862,100.543892305,271
UNKNOWN,未分类／关联异常,4350,13.777351862,100.543892305,272
UNKNOWN,未分类／关联异常,4350,13.777351862,100.543892305,273
UNKNOWN,未分类／关联异常,4350,13.777351862,100.543892305,274
UNKNOWN,未分类／关联异常,4350,13.777351862,100.543892305,275
UNKNOWN,未分类／关联异常,4350,13.777351862,100.543892305,276
UNKNOWN,未分类／关联异常,4350,13.777351862,100.543892305,277
UNKNOWN,未分类／关联异常,4350,13.777351,100.543892,278
UNKNOWN,未分类／关联异常,4350,13.775581,100.543259,279
UNKNOWN,未分类／关联异常,4350,13.775155,100.543114,280
UNKNOWN,未分类／关联异常,4350,13.774621647,100.542915613,281
UNKNOWN,未分类／关联异常,4350,13.774621647,100.542915613,282
UNKNOWN,未分类／关联异常,4350,13.774621647,100.542915613,283
UNKNOWN,未分类／关联异常,4350,13.774621647,100.542915613,284
UNKNOWN,未分类／关联异常,4350,13.774621647,100.542915613,285
UNKNOWN,未分类／关联异常,4350,13.774621647,100.542915613,286
UNKNOWN,未分类／关联异常,4350,13.774621647,100.542915613,287
UNKNOWN,未分类／关联异常,4350,13.774621647,100.542915613,288
UNKNOWN,未分类／关联异常,4350,13.774621647,100.542915613,289
UNKNOWN,未分类／关联异常,4350,13.774621647,100.542915613,290
UNKNOWN,未分类／关联异常,4350,13.77462,100.542915,291
UNKNOWN,未分类／关联异常,4350,13.774446,100.542862,292
UNKNOWN,未分类／关联异常,4350,13.774186,100.542763,293
UNKNOWN,未分类／关联异常,4350,13.772964,100.542336,294
UNKNOWN,未分类／关联异常,4350,13.772962739,100.542335546,295
UNKNOWN,未分类／关联异常,4350,13.772962739,100.542335546,296
UNKNOWN,未分类／关联异常,4350,13.772962739,100.542335546,297
UNKNOWN,未分类／关联异常,4350,13.772962739,100.542335546,298
UNKNOWN,未分类／关联异常,4350,13.772962739,100.542335546,299
UNKNOWN,未分类／关联异常,4350,13.772962739,100.542335546,300
UNKNOWN,未分类／关联异常,4350,13.772962739,100.542335546,301
UNKNOWN,未分类／关联异常,4350,13.772962739,100.542335546,302
UNKNOWN,未分类／关联异常,4350,13.770378,100.541405,303
UNKNOWN,未分类／关联异常,4350,13.769634,100.541,304
UNKNOWN,未分类／关联异常,4350,13.769633377,100.540999658,305
UNKNOWN,未分类／关联异常,4350,13.769633376,100.540999658,306
UNKNOWN,未分类／关联异常,4350,13.769633376,100.540999658,307
UNKNOWN,未分类／关联异常,4350,13.769633376,100.540999658,308
UNKNOWN,未分类／关联异常,4350,13.769633376,100.540999658,309
UNKNOWN,未分类／关联异常,4350,13.769633376,100.540999658,310
UNKNOWN,未分类／关联异常,4350,13.769633376,100.540999658,311
UNKNOWN,未分类／关联异常,4350,13.769633376,100.540999658,312
UNKNOWN,未分类／关联异常,4350,13.769633376,100.540999658,313
UNKNOWN,未分类／关联异常,4350,13.767398,100.539772,314
UNKNOWN,未分类／关联异常,4350,13.767397447,100.539771698,315
UNKNOWN,未分类／关联异常,4350,13.767397447,100.539771698,316
UNKNOWN,未分类／关联异常,4350,13.767397447,100.539771698,317
UNKNOWN,未分类／关联异常,4350,13.767397447,100.539771698,318
UNKNOWN,未分类／关联异常,4350,13.767397447,100.539771698,319
UNKNOWN,未分类／关联异常,4350,13.767397447,100.539771698,320
UNKNOWN,未分类／关联异常,4350,13.767397447,100.539771698,321
UNKNOWN,未分类／关联异常,4350,13.767397447,100.539771698,322
UNKNOWN,未分类／关联异常,4350,13.767397422,100.539771684,323
UNKNOWN,未分类／关联异常,4350,13.766224,100.539131,324
UNKNOWN,未分类／关联异常,4350,13.765858,100.53891,325
UNKNOWN,未分类／关联异常,4350,13.765704,100.538826,326
UNKNOWN,未分类／关联异常,4350,13.765614,100.538803,327
UNKNOWN,未分类／关联异常,4350,13.765283,100.538795,328
UNKNOWN,未分类／关联异常,4350,13.765155,100.538834,329
UNKNOWN,未分类／关联异常,4350,13.765036,100.538834,330
UNKNOWN,未分类／关联异常,4350,13.765004,100.538826,331
UNKNOWN,未分类／关联异常,4350,13.764877,100.538925,332
UNKNOWN,未分类／关联异常,4350,13.764758,100.538902,333
UNKNOWN,未分类／关联异常,4350,13.764672,100.538872,334
UNKNOWN,未分类／关联异常,4350,13.764568,100.538811,335
UNKNOWN,未分类／关联异常,4350,13.764451,100.538712,336
UNKNOWN,未分类／关联异常,4350,13.764389,100.538605,337
UNKNOWN,未分类／关联异常,4350,13.764352,100.538498,338
UNKNOWN,未分类／关联异常,4350,13.764343195,100.538476938,339
UNKNOWN,未分类／关联异常,4350,13.764343195,100.538476938,340
UNKNOWN,未分类／关联异常,4350,13.764343195,100.538476938,341
UNKNOWN,未分类／关联异常,4350,13.764343195,100.538476938,342
UNKNOWN,未分类／关联异常,4350,13.764343195,100.538476938,343
UNKNOWN,未分类／关联异常,4350,13.764343195,100.538476938,344
UNKNOWN,未分类／关联异常,4350,13.764343195,100.538476938,345
UNKNOWN,未分类／关联异常,4350,13.764343195,100.538476938,346
UNKNOWN,未分类／关联异常,4350,13.764343195,100.538476938,347
UNKNOWN,未分类／关联异常,4350,13.764301,100.538376,348
UNKNOWN,未分类／关联异常,4350,13.76428,100.538284,349
UNKNOWN,未分类／关联异常,4350,13.764052,100.53791,350
UNKNOWN,未分类／关联异常,4350,13.763988,100.537834,351
UNKNOWN,未分类／关联异常,4350,13.763895,100.537758,352
UNKNOWN,未分类／关联异常,4350,13.763715,100.537651,353
UNKNOWN,未分类／关联异常,4350,13.762877,100.537239,354
UNKNOWN,未分类／关联异常,4350,13.761851,100.536667,355
UNKNOWN,未分类／关联异常,4350,13.761848139,100.536665334,356
UNKNOWN,未分类／关联异常,4350,13.761848139,100.536665334,357
UNKNOWN,未分类／关联异常,4350,13.761848139,100.536665334,358
UNKNOWN,未分类／关联异常,4350,13.761848139,100.536665334,359
UNKNOWN,未分类／关联异常,4350,13.761848139,100.536665334,360
UNKNOWN,未分类／关联异常,4350,13.761848139,100.536665334,361
UNKNOWN,未分类／关联异常,4350,13.761848139,100.536665334,362
UNKNOWN,未分类／关联异常,4350,13.761848139,100.536665334,363
UNKNOWN,未分类／关联异常,4350,13.761848139,100.536665334,364
UNKNOWN,未分类／关联异常,4350,13.761432,100.536423,365
UNKNOWN,未分类／关联异常,4350,13.759558,100.535378,366
UNKNOWN,未分类／关联异常,4350,13.759557126,100.535377509,367
UNKNOWN,未分类／关联异常,4350,13.759557126,100.535377509,368
UNKNOWN,未分类／关联异常,4350,13.757874,100.534431,369
UNKNOWN,未分类／关联异常,4350,13.756328,100.533577,370
UNKNOWN,未分类／关联异常,4350,13.754780136861454,100.53270763852129,371
UNKNOWN,未分类／关联异常,4350,13.754779,100.532707,372
UNKNOWN,未分类／关联异常,4350,13.754780122,100.532707629,373
UNKNOWN,未分类／关联异常,4350,13.754780122,100.532707629,374
UNKNOWN,未分类／关联异常,4350,13.754780122,100.532707629,375
UNKNOWN,未分类／关联异常,4350,13.754780122,100.532707629,376
UNKNOWN,未分类／关联异常,4350,13.754780122,100.532707629,377
UNKNOWN,未分类／关联异常,4350,13.754780122,100.532707629,378
UNKNOWN,未分类／关联异常,4350,13.754780122,100.532707629,379
UNKNOWN,未分类／关联异常,4350,13.754779,100.532707,380
UNKNOWN,未分类／关联异常,4350,13.753399,100.531929,381
UNKNOWN,未分类／关联异常,4350,13.753289,100.531898,382
UNKNOWN,未分类／关联异常,4350,13.753214,100.531868,383
UNKNOWN,未分类／关联异常,4350,13.753096,100.531845,384
UNKNOWN,未分类／关联异常,4350,13.752481,100.531746,385
UNKNOWN,未分类／关联异常,4350,13.751509,100.531609,386
UNKNOWN,未分类／关联异常,4350,13.751508088,100.53160887,387
UNKNOWN,未分类／关联异常,4350,13.751508078,100.531608869,388
UNKNOWN,未分类／关联异常,4350,13.751508078,100.531608869,389
UNKNOWN,未分类／关联异常,4350,13.751508078,100.531608869,390
UNKNOWN,未分类／关联异常,4350,13.751508078,100.531608869,391
UNKNOWN,未分类／关联异常,4350,13.751508078,100.531608869,392
UNKNOWN,未分类／关联异常,4350,13.751508078,100.531608869,393
UNKNOWN,未分类／关联异常,4350,13.751508078,100.531608869,394
UNKNOWN,未分类／关联异常,4350,13.751508078,100.531608869,395
UNKNOWN,未分类／关联异常,4350,13.750373,100.531448,396
UNKNOWN,未分类／关联异常,4350,13.750047,100.531311,397
UNKNOWN,未分类／关联异常,4350,13.748127,100.531029,398
UNKNOWN,未分类／关联异常,4350,13.747409,100.530937,399
UNKNOWN,未分类／关联异常,4350,13.747185,100.530991,400
UNKNOWN,未分类／关联异常,4350,13.746838,100.530922,401
UNKNOWN,未分类／关联异常,4350,13.746781,100.53093,402
UNKNOWN,未分类／关联异常,4350,13.746672,100.53096,403
UNKNOWN,未分类／关联异常,4350,13.746566,100.531006,404
UNKNOWN,未分类／关联异常,4350,13.746515,100.531029,405
UNKNOWN,未分类／关联异常,4350,13.746424,100.53109,406
UNKNOWN,未分类／关联异常,4350,13.746272,100.531242,407
UNKNOWN,未分类／关联异常,4350,13.746161,100.531425,408
UNKNOWN,未分类／关联异常,4350,13.746122,100.531525,409
UNKNOWN,未分类／关联异常,4350,13.745887,100.532898,410
UNKNOWN,未分类／关联异常,4350,13.745857544,100.532977816,411
UNKNOWN,未分类／关联异常,4350,13.745857544,100.532977817,412
UNKNOWN,未分类／关联异常,4350,13.745857544,100.532977817,413
UNKNOWN,未分类／关联异常,4350,13.745857544,100.532977817,414
UNKNOWN,未分类／关联异常,4350,13.745857544,100.532977817,415
UNKNOWN,未分类／关联异常,4350,13.745857544,100.532977817,416
UNKNOWN,未分类／关联异常,4350,13.745857544,100.532977817,417
UNKNOWN,未分类／关联异常,4350,13.745857544,100.532977817,418
UNKNOWN,未分类／关联异常,4350,13.745857544,100.532977817,419
UNKNOWN,未分类／关联异常,4350,13.745856,100.532982,420
UNKNOWN,未分类／关联异常,4350,13.745793,100.533142,421
UNKNOWN,未分类／关联异常,4350,13.745705,100.533707,422
UNKNOWN,未分类／关联异常,4350,13.74536,100.535637,423
UNKNOWN,未分类／关联异常,4350,13.74536,100.535797,424
UNKNOWN,未分类／关联异常,4350,13.745224,100.536591,425
UNKNOWN,未分类／关联异常,4350,13.745223991,100.536591054,426
UNKNOWN,未分类／关联异常,4350,13.745223991,100.536591054,427
UNKNOWN,未分类／关联异常,4350,13.745223991,100.536591054,428
UNKNOWN,未分类／关联异常,4350,13.745223991,100.536591054,429
UNKNOWN,未分类／关联异常,4350,13.745223991,100.536591054,430
UNKNOWN,未分类／关联异常,4350,13.745223991,100.536591054,431
UNKNOWN,未分类／关联异常,4350,13.745223991,100.536591054,432
UNKNOWN,未分类／关联异常,4350,13.745223991,100.536591054,433
UNKNOWN,未分类／关联异常,4350,13.745223991,100.536591054,434
UNKNOWN,未分类／关联异常,4350,13.744994,100.537918,435
UNKNOWN,未分类／关联异常,4350,13.744611,100.540245,436
UNKNOWN,未分类／关联异常,4350,13.746456799873146,100.54052696898061,437
UNKNOWN,未分类／关联异常,4350,13.7464568,100.540526969,438
UNKNOWN,未分类／关联异常,4350,13.7464568,100.540526969,439
UNKNOWN,未分类／关联异常,4350,13.7464568,100.540526969,440
UNKNOWN,未分类／关联异常,4350,13.7464568,100.540526969,441
UNKNOWN,未分类／关联异常,4350,13.7464568,100.540526969,442
UNKNOWN,未分类／关联异常,4350,13.7464568,100.540526969,443
UNKNOWN,未分类／关联异常,4350,13.7464568,100.540526969,444
UNKNOWN,未分类／关联异常,4350,13.7464568,100.540526969,445
UNKNOWN,未分类／关联异常,4350,13.7464568,100.540526969,446
UNKNOWN,未分类／关联异常,4350,13.7464568,100.540526969,447
UNKNOWN,未分类／关联异常,4350,13.746457,100.540527,448
UNKNOWN,未分类／关联异常,4350,13.747513216,100.540687729,449
UNKNOWN,未分类／关联异常,4350,13.747513216,100.540687729,450
UNKNOWN,未分类／关联异常,4350,13.747513216,100.540687729,451
UNKNOWN,未分类／关联异常,4350,13.747513216,100.540687729,452
UNKNOWN,未分类／关联异常,4350,13.747513216,100.540687729,453
UNKNOWN,未分类／关联异常,4350,13.747513216,100.540687729,454
UNKNOWN,未分类／关联异常,4350,13.747513233,100.540687732,455
UNKNOWN,未分类／关联异常,4350,13.747515,100.540688,456
UNKNOWN,未分类／关联异常,4350,13.749962,100.541061,457
UNKNOWN,未分类／关联异常,4350,13.752067,100.541473,458
UNKNOWN,未分类／关联异常,4350,13.752635,100.541595,459
UNKNOWN,未分类／关联异常,4350,13.753384098696678,100.54177078792881,460
UNKNOWN,未分类／关联异常,4350,13.753384099,100.541770788,461
UNKNOWN,未分类／关联异常,4350,13.753384099,100.541770788,462
UNKNOWN,未分类／关联异常,4350,13.753384099,100.541770788,463
UNKNOWN,未分类／关联异常,4350,13.753384099,100.541770788,464
UNKNOWN,未分类／关联异常,4350,13.753384099,100.541770788,465
UNKNOWN,未分类／关联异常,4350,13.753384099,100.541770788,466
UNKNOWN,未分类／关联异常,4350,13.753384099,100.541770788,467
UNKNOWN,未分类／关联异常,4350,13.753384099,100.541770788,468
UNKNOWN,未分类／关联异常,4350,13.753385,100.541771,469
UNKNOWN,未分类／关联异常,4350,13.753727,100.54184,470
UNKNOWN,未分类／关联异常,4350,13.754392,100.541992,471
UNKNOWN,未分类／关联异常,4350,13.755768,100.542343,472
UNKNOWN,未分类／关联异常,4350,13.755994,100.542381,473
UNKNOWN,未分类／关联异常,4350,13.756319,100.542419,474
UNKNOWN,未分类／关联异常,4350,13.756945,100.542435,475
UNKNOWN,未分类／关联异常,4350,13.757879,100.542442,476
UNKNOWN,未分类／关联异常,4350,13.757879,100.542442,477
UNKNOWN,未分类／关联异常,4350,13.757879,100.542442,478
UNKNOWN,未分类／关联异常,4350,13.757879,100.542442,479
UNKNOWN,未分类／关联异常,4350,13.757879,100.542442,480
UNKNOWN,未分类／关联异常,4350,13.757879,100.542442,481
UNKNOWN,未分类／关联异常,4350,13.757879,100.542442,482
UNKNOWN,未分类／关联异常,4350,13.757879,100.542442,483
UNKNOWN,未分类／关联异常,4350,13.757879,100.542442,484
UNKNOWN,未分类／关联异常,4350,13.757879,100.542442,485
UNKNOWN,未分类／关联异常,4350,13.758826,100.542458,486
UNKNOWN,未分类／关联异常,4350,13.760821262,100.542458,487
UNKNOWN,未分类／关联异常,4350,13.760821262,100.542458,488
UNKNOWN,未分类／关联异常,4350,13.760821262,100.542458,489
UNKNOWN,未分类／关联异常,4350,13.760821262,100.542458,490
UNKNOWN,未分类／关联异常,4350,13.760821262,100.542458,491
UNKNOWN,未分类／关联异常,4350,13.760821262,100.542458,492
UNKNOWN,未分类／关联异常,4350,13.760821262,100.542458,493
UNKNOWN,未分类／关联异常,4350,13.760821262,100.542458,494
UNKNOWN,未分类／关联异常,4350,13.760821262,100.542458,495
UNKNOWN,未分类／关联异常,4350,13.760822,100.542458,496
UNKNOWN,未分类／关联异常,4350,13.761164,100.54245,497
UNKNOWN,未分类／关联异常,4350,13.762193,100.54245,498
UNKNOWN,未分类／关联异常,4350,13.762368,100.54248,499
UNKNOWN,未分类／关联异常,4350,13.762551,100.542557,500
UNKNOWN,未分类／关联异常,4350,13.762605,100.542595,501
UNKNOWN,未分类／关联异常,4350,13.762637,100.542625,502
UNKNOWN,未分类／关联异常,4350,13.762774,100.542816,503
UNKNOWN,未分类／关联异常,4350,13.762836,100.542938,504
UNKNOWN,未分类／关联异常,4350,13.762847,100.543228,505
UNKNOWN,未分类／关联异常,4350,13.763162,100.54435,506
UNKNOWN,未分类／关联异常,4350,13.763271,100.544693,507
UNKNOWN,未分类／关联异常,4350,13.763272745,100.54469856,508
UNKNOWN,未分类／关联异常,4350,13.763272745,100.54469856,509
UNKNOWN,未分类／关联异常,4350,13.763272745,100.54469856,510
UNKNOWN,未分类／关联异常,4350,13.763272745,100.54469856,511
UNKNOWN,未分类／关联异常,4350,13.763272745,100.54469856,512
UNKNOWN,未分类／关联异常,4350,13.763272745,100.54469856,513
UNKNOWN,未分类／关联异常,4350,13.763272745,100.54469856,514
UNKNOWN,未分类／关联异常,4350,13.763272745,100.54469856,515
UNKNOWN,未分类／关联异常,4350,13.763272745,100.54469856,516
UNKNOWN,未分类／关联异常,4350,13.763453,100.545273,517
UNKNOWN,未分类／关联异常,4350,13.763515,100.545677,518
UNKNOWN,未分类／关联异常,4350,13.763726,100.546471,519
UNKNOWN,未分类／关联异常,4350,13.763972,100.547318,520
UNKNOWN,未分类／关联异常,4350,13.764039,100.5476,521
UNKNOWN,未分类／关联异常,4350,13.764059,100.547737,522
UNKNOWN,未分类／关联异常,4350,13.764044,100.547966,523
UNKNOWN,未分类／关联异常,4350,13.764027,100.548058,524
UNKNOWN,未分类／关联异常,4350,13.764003,100.548126,525
UNKNOWN,未分类／关联异常,4350,13.763916,100.548271,526
UNKNOWN,未分类／关联异常,4350,13.763872,100.54834,527
UNKNOWN,未分类／关联异常,4350,13.763627,100.548653,528
UNKNOWN,未分类／关联异常,4350,13.763476,100.548889,529
UNKNOWN,未分类／关联异常,4350,13.762807,100.55027,530
UNKNOWN,未分类／关联异常,4350,13.762716,100.550491,531
UNKNOWN,未分类／关联异常,4350,13.762414,100.551102,532
UNKNOWN,未分类／关联异常,4350,13.762413782,100.55110244,533
UNKNOWN,未分类／关联异常,4350,13.762413782,100.55110244,534
UNKNOWN,未分类／关联异常,4350,13.762413782,100.55110244,535
UNKNOWN,未分类／关联异常,4350,13.762413782,100.55110244,536
UNKNOWN,未分类／关联异常,4350,13.762413782,100.55110244,537
UNKNOWN,未分类／关联异常,4350,13.762413782,100.55110244,538
UNKNOWN,未分类／关联异常,4350,13.762413782,100.55110244,539
UNKNOWN,未分类／关联异常,4350,13.762413782,100.55110244,540
UNKNOWN,未分类／关联异常,4350,13.762413782,100.55110244,541
UNKNOWN,未分类／关联异常,4350,13.761588,100.552765,542
UNKNOWN,未分类／关联异常,4350,13.761353833,100.553259242,543
UNKNOWN,未分类／关联异常,4350,13.761353833,100.553259242,544
UNKNOWN,未分类／关联异常,4350,13.760411,100.555252,545
UNKNOWN,未分类／关联异常,4350,13.760257128665206,100.55553988830381,546
UNKNOWN,未分类／关联异常,4350,13.760256,100.555542,547
UNKNOWN,未分类／关联异常,4350,13.760097,100.555832,548
UNKNOWN,未分类／关联异常,4350,13.759913,100.556122,549
UNKNOWN,未分类／关联异常,4350,13.759825,100.556229,550
UNKNOWN,未分类／关联异常,4350,13.759748,100.556305,551
UNKNOWN,未分类／关联异常,4350,13.759526,100.556473,552
UNKNOWN,未分类／关联异常,4350,13.758819,100.556839,553
UNKNOWN,未分类／关联异常,4350,13.758053,100.55719,554
UNKNOWN,未分类／关联异常,4350,13.757795,100.557335,555
UNKNOWN,未分类／关联异常,4350,13.757492,100.557579,556
UNKNOWN,未分类／关联异常,4350,13.757403,100.557663,557
UNKNOWN,未分类／关联异常,4350,13.757197,100.557884,558
UNKNOWN,未分类／关联异常,4350,13.757120213966939,100.5579854334017,559
UNKNOWN,未分类／关联异常,4350,13.757116,100.557991,560
UNKNOWN,未分类／关联异常,4350,13.756951,100.55822,561
UNKNOWN,未分类／关联异常,4350,13.756813,100.558456,562
UNKNOWN,未分类／关联异常,4350,13.756731,100.55864,563
UNKNOWN,未分类／关联异常,4350,13.756653,100.558884,564
UNKNOWN,未分类／关联异常,4350,13.756593,100.559166,565
UNKNOWN,未分类／关联异常,4350,13.756549,100.559456,566
UNKNOWN,未分类／关联异常,4350,13.756445,100.56073,567
UNKNOWN,未分类／关联异常,4350,13.756340298632209,100.56229752904923,568
UNKNOWN,未分类／关联异常,4350,13.75634,100.562302,569
UNKNOWN,未分类／关联异常,4350,13.756225,100.564087,570
UNKNOWN,未分类／关联异常,4350,13.755944425785232,100.56797210416248,571
UNKNOWN,未分类／关联异常,4350,13.755944,100.567978,572
UNKNOWN,未分类／关联异常,4350,13.755653,100.571686,573
