问题ID,优先级,主题,区域,信息目标,问题,交叉验证次数,备注,问题来源
GYTRAVEL-HV-20260916-0001,P0,餐饮美食-标准POI精确证据核实,南明区,核实标准实体“黔大叔大牌档(甲秀楼店)”近24个月小红书直接体验来源，并严格区分同名和分店,这是独立的贵州省贵阳市高价值 POI 小红书证据核实任务，与前面问题无关。本题只核实一个标准实体：黔大叔大牌档(甲秀楼店)；业务类型为餐饮美食；行政区为南明区；参考地址为富水南路186号泰祥国际B1层。请只依据近24个月来贵阳旅游的中国大陆游客发布的小红书真实到访笔记和实拍内容；证据不足时可放宽到36个月并明确说明，不足勿凑数，不设最低数量。只接受标题或正文能够直接指向该实体的帖子；同品牌不同分店必须依靠完整分店名、地址、商圈或附近地标区分，无法确认具体分店时写未确认，不得把品牌其他分店或同名地点的帖子归入本实体。只核实地图可定位、具有固定运营地址或稳定边界的这个实体，不要扩展推荐其他同类地点。第一行原样保留点点 AI 页面显示的“搜索并总结N人真实经验”“搜索并总结N篇笔记生成”或“ai总结N篇笔记生成”证据标记；第二行原样写“核实范围：南明区”。若存在可核实来源，只输出该实体一行，严格使用：POI名称｜外文/地图名｜POI业务类型｜POI细分类型｜行政区｜地理位置描述｜游客需求场景｜证据强度。POI名称必须对应“黔大叔大牌档(甲秀楼店)”，POI业务类型必须写“餐饮美食”。没有来源依据的字段写未确认；不得凭名称、常识或地图资料补写小红书体验，不得用点赞量代表独立笔记数或热度。如果没有任何可打开且正文直接提及该实体的小红书来源，请明确写“未发现可核实小红书来源”，不要生成实体行。最后单独列出疑似关闭、搬迁、改名、同名或分店混淆风险；没有可靠来源则写未确认。,1,graphId=food_4039cbf8-f08b-4ae2-8442-36c87f234d8a；score=94.0；existingEvidence=0；target=补齐首条直接体验证据,现行图谱高价值POI分层补采
GYTRAVEL-HV-20260916-0002,P0,餐饮美食-标准POI精确证据核实,南明区,核实标准实体“8号花园餐厅(甲秀楼店)”近24个月小红书直接体验来源，并严格区分同名和分店,这是独立的贵州省贵阳市高价值 POI 小红书证据核实任务，与前面问题无关。本题只核实一个标准实体：8号花园餐厅(甲秀楼店)；业务类型为餐饮美食；行政区为南明区；参考地址为中南社区服务中心阳明路8号公馆4楼。请只依据近24个月来贵阳旅游的中国大陆游客发布的小红书真实到访笔记和实拍内容；证据不足时可放宽到36个月并明确说明，不足勿凑数，不设最低数量。只接受标题或正文能够直接指向该实体的帖子；同品牌不同分店必须依靠完整分店名、地址、商圈或附近地标区分，无法确认具体分店时写未确认，不得把品牌其他分店或同名地点的帖子归入本实体。只核实地图可定位、具有固定运营地址或稳定边界的这个实体，不要扩展推荐其他同类地点。第一行原样保留点点 AI 页面显示的“搜索并总结N人真实经验”“搜索并总结N篇笔记生成”或“ai总结N篇笔记生成”证据标记；第二行原样写“核实范围：南明区”。若存在可核实来源，只输出该实体一行，严格使用：POI名称｜外文/地图名｜POI业务类型｜POI细分类型｜行政区｜地理位置描述｜游客需求场景｜证据强度。POI名称必须对应“8号花园餐厅(甲秀楼店)”，POI业务类型必须写“餐饮美食”。没有来源依据的字段写未确认；不得凭名称、常识或地图资料补写小红书体验，不得用点赞量代表独立笔记数或热度。如果没有任何可打开且正文直接提及该实体的小红书来源，请明确写“未发现可核实小红书来源”，不要生成实体行。最后单独列出疑似关闭、搬迁、改名、同名或分店混淆风险；没有可靠来源则写未确认。,1,graphId=food_6ff1be14-40bd-4679-9032-99dc77f90812；score=92.0；existingEvidence=0；target=补齐首条直接体验证据,现行图谱高价值POI分层补采
GYTRAVEL-HV-20260916-0003,P0,餐饮美食-标准POI精确证据核实,南明区,核实标准实体“李兰英胖姨妈粉面店(护国路店)”近24个月小红书直接体验来源，并严格区分同名和分店,这是独立的贵州省贵阳市高价值 POI 小红书证据核实任务，与前面问题无关。本题只核实一个标准实体：李兰英胖姨妈粉面店(护国路店)；业务类型为餐饮美食；行政区为南明区；参考地址为护国路151号。请只依据近24个月来贵阳旅游的中国大陆游客发布的小红书真实到访笔记和实拍内容；证据不足时可放宽到36个月并明确说明，不足勿凑数，不设最低数量。只接受标题或正文能够直接指向该实体的帖子；同品牌不同分店必须依靠完整分店名、地址、商圈或附近地标区分，无法确认具体分店时写未确认，不得把品牌其他分店或同名地点的帖子归入本实体。只核实地图可定位、具有固定运营地址或稳定边界的这个实体，不要扩展推荐其他同类地点。第一行原样保留点点 AI 页面显示的“搜索并总结N人真实经验”“搜索并总结N篇笔记生成”或“ai总结N篇笔记生成”证据标记；第二行原样写“核实范围：南明区”。若存在可核实来源，只输出该实体一行，严格使用：POI名称｜外文/地图名｜POI业务类型｜POI细分类型｜行政区｜地理位置描述｜游客需求场景｜证据强度。POI名称必须对应“李兰英胖姨妈粉面店(护国路店)”，POI业务类型必须写“餐饮美食”。没有来源依据的字段写未确认；不得凭名称、常识或地图资料补写小红书体验，不得用点赞量代表独立笔记数或热度。如果没有任何可打开且正文直接提及该实体的小红书来源，请明确写“未发现可核实小红书来源”，不要生成实体行。最后单独列出疑似关闭、搬迁、改名、同名或分店混淆风险；没有可靠来源则写未确认。,1,graphId=food_e5387afd-85f0-4cab-8629-974318135888；score=92.0；existingEvidence=0；target=补齐首条直接体验证据,现行图谱高价值POI分层补采
GYTRAVEL-HV-20260916-0004,P0,餐饮美食-标准POI精确证据核实,南明区,核实标准实体“花园烧烤”近24个月小红书直接体验来源，并严格区分同名和分店,这是独立的贵州省贵阳市高价值 POI 小红书证据核实任务，与前面问题无关。本题只核实一个标准实体：花园烧烤；业务类型为餐饮美食；行政区为南明区；参考地址为下护国路ABC栋负二层。请只依据近24个月来贵阳旅游的中国大陆游客发布的小红书真实到访笔记和实拍内容；证据不足时可放宽到36个月并明确说明，不足勿凑数，不设最低数量。只接受标题或正文能够直接指向该实体的帖子；同品牌不同分店必须依靠完整分店名、地址、商圈或附近地标区分，无法确认具体分店时写未确认，不得把品牌其他分店或同名地点的帖子归入本实体。只核实地图可定位、具有固定运营地址或稳定边界的这个实体，不要扩展推荐其他同类地点。第一行原样保留点点 AI 页面显示的“搜索并总结N人真实经验”“搜索并总结N篇笔记生成”或“ai总结N篇笔记生成”证据标记；第二行原样写“核实范围：南明区”。若存在可核实来源，只输出该实体一行，严格使用：POI名称｜外文/地图名｜POI业务类型｜POI细分类型｜行政区｜地理位置描述｜游客需求场景｜证据强度。POI名称必须对应“花园烧烤”，POI业务类型必须写“餐饮美食”。没有来源依据的字段写未确认；不得凭名称、常识或地图资料补写小红书体验，不得用点赞量代表独立笔记数或热度。如果没有任何可打开且正文直接提及该实体的小红书来源，请明确写“未发现可核实小红书来源”，不要生成实体行。最后单独列出疑似关闭、搬迁、改名、同名或分店混淆风险；没有可靠来源则写未确认。,1,graphId=food_15f21042-41cd-4a8d-8b41-343317c2daf3；score=92.0；existingEvidence=0；target=补齐首条直接体验证据,现行图谱高价值POI分层补采
GYTRAVEL-HV-20260916-0005,P0,餐饮美食-标准POI精确证据核实,花溪区,核实标准实体“西街食府(青岩古镇店)”近24个月小红书直接体验来源，并严格区分同名和分店,这是独立的贵州省贵阳市高价值 POI 小红书证据核实任务，与前面问题无关。本题只核实一个标准实体：西街食府(青岩古镇店)；业务类型为餐饮美食；行政区为花溪区；参考地址为青岩古镇西街村四组36A号。请只依据近24个月来贵阳旅游的中国大陆游客发布的小红书真实到访笔记和实拍内容；证据不足时可放宽到36个月并明确说明，不足勿凑数，不设最低数量。只接受标题或正文能够直接指向该实体的帖子；同品牌不同分店必须依靠完整分店名、地址、商圈或附近地标区分，无法确认具体分店时写未确认，不得把品牌其他分店或同名地点的帖子归入本实体。只核实地图可定位、具有固定运营地址或稳定边界的这个实体，不要扩展推荐其他同类地点。第一行原样保留点点 AI 页面显示的“搜索并总结N人真实经验”“搜索并总结N篇笔记生成”或“ai总结N篇笔记生成”证据标记；第二行原样写“核实范围：花溪区”。若存在可核实来源，只输出该实体一行，严格使用：POI名称｜外文/地图名｜POI业务类型｜POI细分类型｜行政区｜地理位置描述｜游客需求场景｜证据强度。POI名称必须对应“西街食府(青岩古镇店)”，POI业务类型必须写“餐饮美食”。没有来源依据的字段写未确认；不得凭名称、常识或地图资料补写小红书体验，不得用点赞量代表独立笔记数或热度。如果没有任何可打开且正文直接提及该实体的小红书来源，请明确写“未发现可核实小红书来源”，不要生成实体行。最后单独列出疑似关闭、搬迁、改名、同名或分店混淆风险；没有可靠来源则写未确认。,1,graphId=food_87c2bc2a-d2f5-4851-9b9c-49f2d69c10e7；score=92.0；existingEvidence=0；target=补齐首条直接体验证据,现行图谱高价值POI分层补采
GYTRAVEL-HV-20260916-0006,P0,餐饮美食-标准POI精确证据核实,南明区,核实标准实体“大虎老火锅(博爱路店)”近24个月小红书直接体验来源，并严格区分同名和分店,这是独立的贵州省贵阳市高价值 POI 小红书证据核实任务，与前面问题无关。本题只核实一个标准实体：大虎老火锅(博爱路店)；业务类型为餐饮美食；行政区为南明区；参考地址为博爱路31号(豪客来旁)。请只依据近24个月来贵阳旅游的中国大陆游客发布的小红书真实到访笔记和实拍内容；证据不足时可放宽到36个月并明确说明，不足勿凑数，不设最低数量。只接受标题或正文能够直接指向该实体的帖子；同品牌不同分店必须依靠完整分店名、地址、商圈或附近地标区分，无法确认具体分店时写未确认，不得把品牌其他分店或同名地点的帖子归入本实体。只核实地图可定位、具有固定运营地址或稳定边界的这个实体，不要扩展推荐其他同类地点。第一行原样保留点点 AI 页面显示的“搜索并总结N人真实经验”“搜索并总结N篇笔记生成”或“ai总结N篇笔记生成”证据标记；第二行原样写“核实范围：南明区”。若存在可核实来源，只输出该实体一行，严格使用：POI名称｜外文/地图名｜POI业务类型｜POI细分类型｜行政区｜地理位置描述｜游客需求场景｜证据强度。POI名称必须对应“大虎老火锅(博爱路店)”，POI业务类型必须写“餐饮美食”。没有来源依据的字段写未确认；不得凭名称、常识或地图资料补写小红书体验，不得用点赞量代表独立笔记数或热度。如果没有任何可打开且正文直接提及该实体的小红书来源，请明确写“未发现可核实小红书来源”，不要生成实体行。最后单独列出疑似关闭、搬迁、改名、同名或分店混淆风险；没有可靠来源则写未确认。,1,graphId=food_3d5ad18d-0e1a-4f7c-91e7-6c7911b1be21；score=91.0；existingEvidence=0；target=补齐首条直接体验证据,现行图谱高价值POI分层补采
GYTRAVEL-HV-20260916-0007,P0,餐饮美食-标准POI精确证据核实,南明区,核实标准实体“姜JIANG'S餐厅(南浦路店)”近24个月小红书直接体验来源，并严格区分同名和分店,这是独立的贵州省贵阳市高价值 POI 小红书证据核实任务，与前面问题无关。本题只核实一个标准实体：姜JIANG'S餐厅(南浦路店)；业务类型为餐饮美食；行政区为南明区；参考地址为东新区路63号昱华金果园1幢负1层1号。请只依据近24个月来贵阳旅游的中国大陆游客发布的小红书真实到访笔记和实拍内容；证据不足时可放宽到36个月并明确说明，不足勿凑数，不设最低数量。只接受标题或正文能够直接指向该实体的帖子；同品牌不同分店必须依靠完整分店名、地址、商圈或附近地标区分，无法确认具体分店时写未确认，不得把品牌其他分店或同名地点的帖子归入本实体。只核实地图可定位、具有固定运营地址或稳定边界的这个实体，不要扩展推荐其他同类地点。第一行原样保留点点 AI 页面显示的“搜索并总结N人真实经验”“搜索并总结N篇笔记生成”或“ai总结N篇笔记生成”证据标记；第二行原样写“核实范围：南明区”。若存在可核实来源，只输出该实体一行，严格使用：POI名称｜外文/地图名｜POI业务类型｜POI细分类型｜行政区｜地理位置描述｜游客需求场景｜证据强度。POI名称必须对应“姜JIANG'S餐厅(南浦路店)”，POI业务类型必须写“餐饮美食”。没有来源依据的字段写未确认；不得凭名称、常识或地图资料补写小红书体验，不得用点赞量代表独立笔记数或热度。如果没有任何可打开且正文直接提及该实体的小红书来源，请明确写“未发现可核实小红书来源”，不要生成实体行。最后单独列出疑似关闭、搬迁、改名、同名或分店混淆风险；没有可靠来源则写未确认。,1,graphId=food_73045659-c439-4354-9272-521a6dc84596；score=91.0；existingEvidence=0；target=补齐首条直接体验证据,现行图谱高价值POI分层补采
GYTRAVEL-HV-20260916-0008,P0,餐饮美食-标准POI精确证据核实,南明区,核实标准实体“毛辣果虾酸牛肉(甲秀楼店)”近24个月小红书直接体验来源，并严格区分同名和分店,这是独立的贵州省贵阳市高价值 POI 小红书证据核实任务，与前面问题无关。本题只核实一个标准实体：毛辣果虾酸牛肉(甲秀楼店)；业务类型为餐饮美食；行政区为南明区；参考地址为护国路180号2层2单元2号。请只依据近24个月来贵阳旅游的中国大陆游客发布的小红书真实到访笔记和实拍内容；证据不足时可放宽到36个月并明确说明，不足勿凑数，不设最低数量。只接受标题或正文能够直接指向该实体的帖子；同品牌不同分店必须依靠完整分店名、地址、商圈或附近地标区分，无法确认具体分店时写未确认，不得把品牌其他分店或同名地点的帖子归入本实体。只核实地图可定位、具有固定运营地址或稳定边界的这个实体，不要扩展推荐其他同类地点。第一行原样保留点点 AI 页面显示的“搜索并总结N人真实经验”“搜索并总结N篇笔记生成”或“ai总结N篇笔记生成”证据标记；第二行原样写“核实范围：南明区”。若存在可核实来源，只输出该实体一行，严格使用：POI名称｜外文/地图名｜POI业务类型｜POI细分类型｜行政区｜地理位置描述｜游客需求场景｜证据强度。POI名称必须对应“毛辣果虾酸牛肉(甲秀楼店)”，POI业务类型必须写“餐饮美食”。没有来源依据的字段写未确认；不得凭名称、常识或地图资料补写小红书体验，不得用点赞量代表独立笔记数或热度。如果没有任何可打开且正文直接提及该实体的小红书来源，请明确写“未发现可核实小红书来源”，不要生成实体行。最后单独列出疑似关闭、搬迁、改名、同名或分店混淆风险；没有可靠来源则写未确认。,1,graphId=food_53bbe12f-08cf-463c-85da-b5c3b5978159；score=91.0；existingEvidence=0；target=补齐首条直接体验证据,现行图谱高价值POI分层补采
GYTRAVEL-HV-20260916-0009,P0,餐饮美食-标准POI精确证据核实,南明区,核实标准实体“煮意现舂鲜货火锅(南浦路店)”近24个月小红书直接体验来源，并严格区分同名和分店,这是独立的贵州省贵阳市高价值 POI 小红书证据核实任务，与前面问题无关。本题只核实一个标准实体：煮意现舂鲜货火锅(南浦路店)；业务类型为餐饮美食；行政区为南明区；参考地址为南浦路17号(鲤精膳旁边)。请只依据近24个月来贵阳旅游的中国大陆游客发布的小红书真实到访笔记和实拍内容；证据不足时可放宽到36个月并明确说明，不足勿凑数，不设最低数量。只接受标题或正文能够直接指向该实体的帖子；同品牌不同分店必须依靠完整分店名、地址、商圈或附近地标区分，无法确认具体分店时写未确认，不得把品牌其他分店或同名地点的帖子归入本实体。只核实地图可定位、具有固定运营地址或稳定边界的这个实体，不要扩展推荐其他同类地点。第一行原样保留点点 AI 页面显示的“搜索并总结N人真实经验”“搜索并总结N篇笔记生成”或“ai总结N篇笔记生成”证据标记；第二行原样写“核实范围：南明区”。若存在可核实来源，只输出该实体一行，严格使用：POI名称｜外文/地图名｜POI业务类型｜POI细分类型｜行政区｜地理位置描述｜游客需求场景｜证据强度。POI名称必须对应“煮意现舂鲜货火锅(南浦路店)”，POI业务类型必须写“餐饮美食”。没有来源依据的字段写未确认；不得凭名称、常识或地图资料补写小红书体验，不得用点赞量代表独立笔记数或热度。如果没有任何可打开且正文直接提及该实体的小红书来源，请明确写“未发现可核实小红书来源”，不要生成实体行。最后单独列出疑似关闭、搬迁、改名、同名或分店混淆风险；没有可靠来源则写未确认。,1,graphId=food_5ed05f5c-2152-4a67-a714-f3e80775eef6；score=91.0；existingEvidence=0；target=补齐首条直接体验证据,现行图谱高价值POI分层补采
GYTRAVEL-HV-20260916-0010,P0,餐饮美食-标准POI精确证据核实,南明区,核实标准实体“兴隆餐馆(兴隆街店)”近24个月小红书直接体验来源，并严格区分同名和分店,这是独立的贵州省贵阳市高价值 POI 小红书证据核实任务，与前面问题无关。本题只核实一个标准实体：兴隆餐馆(兴隆街店)；业务类型为餐饮美食；行政区为南明区；参考地址为新华社区服务中心兴隆街米市巷。请只依据近24个月来贵阳旅游的中国大陆游客发布的小红书真实到访笔记和实拍内容；证据不足时可放宽到36个月并明确说明，不足勿凑数，不设最低数量。只接受标题或正文能够直接指向该实体的帖子；同品牌不同分店必须依靠完整分店名、地址、商圈或附近地标区分，无法确认具体分店时写未确认，不得把品牌其他分店或同名地点的帖子归入本实体。只核实地图可定位、具有固定运营地址或稳定边界的这个实体，不要扩展推荐其他同类地点。第一行原样保留点点 AI 页面显示的“搜索并总结N人真实经验”“搜索并总结N篇笔记生成”或“ai总结N篇笔记生成”证据标记；第二行原样写“核实范围：南明区”。若存在可核实来源，只输出该实体一行，严格使用：POI名称｜外文/地图名｜POI业务类型｜POI细分类型｜行政区｜地理位置描述｜游客需求场景｜证据强度。POI名称必须对应“兴隆餐馆(兴隆街店)”，POI业务类型必须写“餐饮美食”。没有来源依据的字段写未确认；不得凭名称、常识或地图资料补写小红书体验，不得用点赞量代表独立笔记数或热度。如果没有任何可打开且正文直接提及该实体的小红书来源，请明确写“未发现可核实小红书来源”，不要生成实体行。最后单独列出疑似关闭、搬迁、改名、同名或分店混淆风险；没有可靠来源则写未确认。,1,graphId=food_af31d179-da81-4383-ba18-932c75f2bc06；score=90.0；existingEvidence=0；target=补齐首条直接体验证据,现行图谱高价值POI分层补采
GYTRAVEL-HV-20260916-0011,P0,餐饮美食-标准POI精确证据核实,南明区,核实标准实体“包整(甲秀楼店)”近24个月小红书直接体验来源，并严格区分同名和分店,这是独立的贵州省贵阳市高价值 POI 小红书证据核实任务，与前面问题无关。本题只核实一个标准实体：包整(甲秀楼店)；业务类型为餐饮美食；行政区为南明区；参考地址为西湖路甲秀新村1栋1单元(西湖社区)。请只依据近24个月来贵阳旅游的中国大陆游客发布的小红书真实到访笔记和实拍内容；证据不足时可放宽到36个月并明确说明，不足勿凑数，不设最低数量。只接受标题或正文能够直接指向该实体的帖子；同品牌不同分店必须依靠完整分店名、地址、商圈或附近地标区分，无法确认具体分店时写未确认，不得把品牌其他分店或同名地点的帖子归入本实体。只核实地图可定位、具有固定运营地址或稳定边界的这个实体，不要扩展推荐其他同类地点。第一行原样保留点点 AI 页面显示的“搜索并总结N人真实经验”“搜索并总结N篇笔记生成”或“ai总结N篇笔记生成”证据标记；第二行原样写“核实范围：南明区”。若存在可核实来源，只输出该实体一行，严格使用：POI名称｜外文/地图名｜POI业务类型｜POI细分类型｜行政区｜地理位置描述｜游客需求场景｜证据强度。POI名称必须对应“包整(甲秀楼店)”，POI业务类型必须写“餐饮美食”。没有来源依据的字段写未确认；不得凭名称、常识或地图资料补写小红书体验，不得用点赞量代表独立笔记数或热度。如果没有任何可打开且正文直接提及该实体的小红书来源，请明确写“未发现可核实小红书来源”，不要生成实体行。最后单独列出疑似关闭、搬迁、改名、同名或分店混淆风险；没有可靠来源则写未确认。,1,graphId=food_c3b08b70-e757-47f8-b2c8-220bea8fab23；score=90.0；existingEvidence=0；target=补齐首条直接体验证据,现行图谱高价值POI分层补采
GYTRAVEL-HV-20260916-0012,P0,餐饮美食-标准POI精确证据核实,南明区,核实标准实体“聚谊堂老北京涮羊肉(林城大厦店)”近24个月小红书直接体验来源，并严格区分同名和分店,这是独立的贵州省贵阳市高价值 POI 小红书证据核实任务，与前面问题无关。本题只核实一个标准实体：聚谊堂老北京涮羊肉(林城大厦店)；业务类型为餐饮美食；行政区为南明区；参考地址为护国路91号林城大厦F3层。请只依据近24个月来贵阳旅游的中国大陆游客发布的小红书真实到访笔记和实拍内容；证据不足时可放宽到36个月并明确说明，不足勿凑数，不设最低数量。只接受标题或正文能够直接指向该实体的帖子；同品牌不同分店必须依靠完整分店名、地址、商圈或附近地标区分，无法确认具体分店时写未确认，不得把品牌其他分店或同名地点的帖子归入本实体。只核实地图可定位、具有固定运营地址或稳定边界的这个实体，不要扩展推荐其他同类地点。第一行原样保留点点 AI 页面显示的“搜索并总结N人真实经验”“搜索并总结N篇笔记生成”或“ai总结N篇笔记生成”证据标记；第二行原样写“核实范围：南明区”。若存在可核实来源，只输出该实体一行，严格使用：POI名称｜外文/地图名｜POI业务类型｜POI细分类型｜行政区｜地理位置描述｜游客需求场景｜证据强度。POI名称必须对应“聚谊堂老北京涮羊肉(林城大厦店)”，POI业务类型必须写“餐饮美食”。没有来源依据的字段写未确认；不得凭名称、常识或地图资料补写小红书体验，不得用点赞量代表独立笔记数或热度。如果没有任何可打开且正文直接提及该实体的小红书来源，请明确写“未发现可核实小红书来源”，不要生成实体行。最后单独列出疑似关闭、搬迁、改名、同名或分店混淆风险；没有可靠来源则写未确认。,1,graphId=food_3b7dff4d-db06-442b-b30a-49643757041d；score=90.0；existingEvidence=0；target=补齐首条直接体验证据,现行图谱高价值POI分层补采
GYTRAVEL-HV-20260916-0013,P0,餐饮美食-标准POI精确证据核实,南明区,核实标准实体“阿萨中东料理·清真(贵阳万象城店)”近24个月小红书直接体验来源，并严格区分同名和分店,这是独立的贵州省贵阳市高价值 POI 小红书证据核实任务，与前面问题无关。本题只核实一个标准实体：阿萨中东料理·清真(贵阳万象城店)；业务类型为餐饮美食；行政区为南明区；参考地址为遵义路贵阳万象城L534号。请只依据近24个月来贵阳旅游的中国大陆游客发布的小红书真实到访笔记和实拍内容；证据不足时可放宽到36个月并明确说明，不足勿凑数，不设最低数量。只接受标题或正文能够直接指向该实体的帖子；同品牌不同分店必须依靠完整分店名、地址、商圈或附近地标区分，无法确认具体分店时写未确认，不得把品牌其他分店或同名地点的帖子归入本实体。只核实地图可定位、具有固定运营地址或稳定边界的这个实体，不要扩展推荐其他同类地点。第一行原样保留点点 AI 页面显示的“搜索并总结N人真实经验”“搜索并总结N篇笔记生成”或“ai总结N篇笔记生成”证据标记；第二行原样写“核实范围：南明区”。若存在可核实来源，只输出该实体一行，严格使用：POI名称｜外文/地图名｜POI业务类型｜POI细分类型｜行政区｜地理位置描述｜游客需求场景｜证据强度。POI名称必须对应“阿萨中东料理·清真(贵阳万象城店)”，POI业务类型必须写“餐饮美食”。没有来源依据的字段写未确认；不得凭名称、常识或地图资料补写小红书体验，不得用点赞量代表独立笔记数或热度。如果没有任何可打开且正文直接提及该实体的小红书来源，请明确写“未发现可核实小红书来源”，不要生成实体行。最后单独列出疑似关闭、搬迁、改名、同名或分店混淆风险；没有可靠来源则写未确认。,1,graphId=food_8a0f0d91-d551-4fa5-ab6d-90ca744c99a8；score=90.0；existingEvidence=0；target=补齐首条直接体验证据,现行图谱高价值POI分层补采
GYTRAVEL-HV-20260916-0014,P0,餐饮美食-标准POI精确证据核实,花溪区,核实标准实体“王万妈卤猪脚(青岩老店)”近24个月小红书直接体验来源，并严格区分同名和分店,这是独立的贵州省贵阳市高价值 POI 小红书证据核实任务，与前面问题无关。本题只核实一个标准实体：王万妈卤猪脚(青岩老店)；业务类型为餐饮美食；行政区为花溪区；参考地址为青岩镇余庆路。请只依据近24个月来贵阳旅游的中国大陆游客发布的小红书真实到访笔记和实拍内容；证据不足时可放宽到36个月并明确说明，不足勿凑数，不设最低数量。只接受标题或正文能够直接指向该实体的帖子；同品牌不同分店必须依靠完整分店名、地址、商圈或附近地标区分，无法确认具体分店时写未确认，不得把品牌其他分店或同名地点的帖子归入本实体。只核实地图可定位、具有固定运营地址或稳定边界的这个实体，不要扩展推荐其他同类地点。第一行原样保留点点 AI 页面显示的“搜索并总结N人真实经验”“搜索并总结N篇笔记生成”或“ai总结N篇笔记生成”证据标记；第二行原样写“核实范围：花溪区”。若存在可核实来源，只输出该实体一行，严格使用：POI名称｜外文/地图名｜POI业务类型｜POI细分类型｜行政区｜地理位置描述｜游客需求场景｜证据强度。POI名称必须对应“王万妈卤猪脚(青岩老店)”，POI业务类型必须写“餐饮美食”。没有来源依据的字段写未确认；不得凭名称、常识或地图资料补写小红书体验，不得用点赞量代表独立笔记数或热度。如果没有任何可打开且正文直接提及该实体的小红书来源，请明确写“未发现可核实小红书来源”，不要生成实体行。最后单独列出疑似关闭、搬迁、改名、同名或分店混淆风险；没有可靠来源则写未确认。,1,graphId=food_f9c35abd-fa10-477e-9c7f-09afa7f2bcec；score=90.0；existingEvidence=0；target=补齐首条直接体验证据,现行图谱高价值POI分层补采
GYTRAVEL-HV-20260916-0015,P0,餐饮美食-标准POI精确证据核实,花溪区,核实标准实体“花溪王记牛肉粉店(十字街总店)”近24个月小红书直接体验来源，并严格区分同名和分店,这是独立的贵州省贵阳市高价值 POI 小红书证据核实任务，与前面问题无关。本题只核实一个标准实体：花溪王记牛肉粉店(十字街总店)；业务类型为餐饮美食；行政区为花溪区；参考地址为金榕商住楼东门西北90米。请只依据近24个月来贵阳旅游的中国大陆游客发布的小红书真实到访笔记和实拍内容；证据不足时可放宽到36个月并明确说明，不足勿凑数，不设最低数量。只接受标题或正文能够直接指向该实体的帖子；同品牌不同分店必须依靠完整分店名、地址、商圈或附近地标区分，无法确认具体分店时写未确认，不得把品牌其他分店或同名地点的帖子归入本实体。只核实地图可定位、具有固定运营地址或稳定边界的这个实体，不要扩展推荐其他同类地点。第一行原样保留点点 AI 页面显示的“搜索并总结N人真实经验”“搜索并总结N篇笔记生成”或“ai总结N篇笔记生成”证据标记；第二行原样写“核实范围：花溪区”。若存在可核实来源，只输出该实体一行，严格使用：POI名称｜外文/地图名｜POI业务类型｜POI细分类型｜行政区｜地理位置描述｜游客需求场景｜证据强度。POI名称必须对应“花溪王记牛肉粉店(十字街总店)”，POI业务类型必须写“餐饮美食”。没有来源依据的字段写未确认；不得凭名称、常识或地图资料补写小红书体验，不得用点赞量代表独立笔记数或热度。如果没有任何可打开且正文直接提及该实体的小红书来源，请明确写“未发现可核实小红书来源”，不要生成实体行。最后单独列出疑似关闭、搬迁、改名、同名或分店混淆风险；没有可靠来源则写未确认。,1,graphId=food_0af64cc7-da51-49ee-ad4e-5814b7a88155；score=90.0；existingEvidence=0；target=补齐首条直接体验证据,现行图谱高价值POI分层补采
GYTRAVEL-HV-20260916-0016,P0,餐饮美食-标准POI精确证据核实,南明区,核实标准实体“NEED创意韩国料理(贵阳万象城店)”近24个月小红书直接体验来源，并严格区分同名和分店,这是独立的贵州省贵阳市高价值 POI 小红书证据核实任务，与前面问题无关。本题只核实一个标准实体：NEED创意韩国料理(贵阳万象城店)；业务类型为餐饮美食；行政区为南明区；参考地址为遵义路328号万象城1层街区L179号(4号门对面)。请只依据近24个月来贵阳旅游的中国大陆游客发布的小红书真实到访笔记和实拍内容；证据不足时可放宽到36个月并明确说明，不足勿凑数，不设最低数量。只接受标题或正文能够直接指向该实体的帖子；同品牌不同分店必须依靠完整分店名、地址、商圈或附近地标区分，无法确认具体分店时写未确认，不得把品牌其他分店或同名地点的帖子归入本实体。只核实地图可定位、具有固定运营地址或稳定边界的这个实体，不要扩展推荐其他同类地点。第一行原样保留点点 AI 页面显示的“搜索并总结N人真实经验”“搜索并总结N篇笔记生成”或“ai总结N篇笔记生成”证据标记；第二行原样写“核实范围：南明区”。若存在可核实来源，只输出该实体一行，严格使用：POI名称｜外文/地图名｜POI业务类型｜POI细分类型｜行政区｜地理位置描述｜游客需求场景｜证据强度。POI名称必须对应“NEED创意韩国料理(贵阳万象城店)”，POI业务类型必须写“餐饮美食”。没有来源依据的字段写未确认；不得凭名称、常识或地图资料补写小红书体验，不得用点赞量代表独立笔记数或热度。如果没有任何可打开且正文直接提及该实体的小红书来源，请明确写“未发现可核实小红书来源”，不要生成实体行。最后单独列出疑似关闭、搬迁、改名、同名或分店混淆风险；没有可靠来源则写未确认。,1,graphId=food_2f3250c9-1978-48b4-abd2-7215e28e2b8f；score=89.6；existingEvidence=0；target=补齐首条直接体验证据,现行图谱高价值POI分层补采
GYTRAVEL-HV-20260916-0017,P0,餐饮美食-标准POI精确证据核实,南明区,核实标准实体“罗小二贵州烙锅烤肉(甲秀楼总店)”近24个月小红书直接体验来源，并严格区分同名和分店,这是独立的贵州省贵阳市高价值 POI 小红书证据核实任务，与前面问题无关。本题只核实一个标准实体：罗小二贵州烙锅烤肉(甲秀楼总店)；业务类型为餐饮美食；行政区为南明区；参考地址为护国商住楼103号。请只依据近24个月来贵阳旅游的中国大陆游客发布的小红书真实到访笔记和实拍内容；证据不足时可放宽到36个月并明确说明，不足勿凑数，不设最低数量。只接受标题或正文能够直接指向该实体的帖子；同品牌不同分店必须依靠完整分店名、地址、商圈或附近地标区分，无法确认具体分店时写未确认，不得把品牌其他分店或同名地点的帖子归入本实体。只核实地图可定位、具有固定运营地址或稳定边界的这个实体，不要扩展推荐其他同类地点。第一行原样保留点点 AI 页面显示的“搜索并总结N人真实经验”“搜索并总结N篇笔记生成”或“ai总结N篇笔记生成”证据标记；第二行原样写“核实范围：南明区”。若存在可核实来源，只输出该实体一行，严格使用：POI名称｜外文/地图名｜POI业务类型｜POI细分类型｜行政区｜地理位置描述｜游客需求场景｜证据强度。POI名称必须对应“罗小二贵州烙锅烤肉(甲秀楼总店)”，POI业务类型必须写“餐饮美食”。没有来源依据的字段写未确认；不得凭名称、常识或地图资料补写小红书体验，不得用点赞量代表独立笔记数或热度。如果没有任何可打开且正文直接提及该实体的小红书来源，请明确写“未发现可核实小红书来源”，不要生成实体行。最后单独列出疑似关闭、搬迁、改名、同名或分店混淆风险；没有可靠来源则写未确认。,1,graphId=food_0107ecfd-c15d-4aea-8c6e-79873a5e7331；score=89.2；existingEvidence=0；target=补齐首条直接体验证据,现行图谱高价值POI分层补采
GYTRAVEL-HV-20260916-0018,P0,餐饮美食-标准POI精确证据核实,云岩区,核实标准实体“乔治公社(文昌路)”近24个月小红书直接体验来源，并严格区分同名和分店,这是独立的贵州省贵阳市高价值 POI 小红书证据核实任务，与前面问题无关。本题只核实一个标准实体：乔治公社(文昌路)；业务类型为餐饮美食；行政区为云岩区；参考地址为文昌北路文昌阁1-4号。请只依据近24个月来贵阳旅游的中国大陆游客发布的小红书真实到访笔记和实拍内容；证据不足时可放宽到36个月并明确说明，不足勿凑数，不设最低数量。只接受标题或正文能够直接指向该实体的帖子；同品牌不同分店必须依靠完整分店名、地址、商圈或附近地标区分，无法确认具体分店时写未确认，不得把品牌其他分店或同名地点的帖子归入本实体。只核实地图可定位、具有固定运营地址或稳定边界的这个实体，不要扩展推荐其他同类地点。第一行原样保留点点 AI 页面显示的“搜索并总结N人真实经验”“搜索并总结N篇笔记生成”或“ai总结N篇笔记生成”证据标记；第二行原样写“核实范围：云岩区”。若存在可核实来源，只输出该实体一行，严格使用：POI名称｜外文/地图名｜POI业务类型｜POI细分类型｜行政区｜地理位置描述｜游客需求场景｜证据强度。POI名称必须对应“乔治公社(文昌路)”，POI业务类型必须写“餐饮美食”。没有来源依据的字段写未确认；不得凭名称、常识或地图资料补写小红书体验，不得用点赞量代表独立笔记数或热度。如果没有任何可打开且正文直接提及该实体的小红书来源，请明确写“未发现可核实小红书来源”，不要生成实体行。最后单独列出疑似关闭、搬迁、改名、同名或分店混淆风险；没有可靠来源则写未确认。,1,graphId=food_5022c4b8-07ce-4b55-872e-ef10c57233ba；score=89.0；existingEvidence=0；target=补齐首条直接体验证据,现行图谱高价值POI分层补采
GYTRAVEL-HV-20260916-0019,P0,餐饮美食-标准POI精确证据核实,云岩区,核实标准实体“佳乡烟火·织金土烙锅(小十字全国总店)”近24个月小红书直接体验来源，并严格区分同名和分店,这是独立的贵州省贵阳市高价值 POI 小红书证据核实任务，与前面问题无关。本题只核实一个标准实体：佳乡烟火·织金土烙锅(小十字全国总店)；业务类型为餐饮美食；行政区为云岩区；参考地址为富水中路104号。请只依据近24个月来贵阳旅游的中国大陆游客发布的小红书真实到访笔记和实拍内容；证据不足时可放宽到36个月并明确说明，不足勿凑数，不设最低数量。只接受标题或正文能够直接指向该实体的帖子；同品牌不同分店必须依靠完整分店名、地址、商圈或附近地标区分，无法确认具体分店时写未确认，不得把品牌其他分店或同名地点的帖子归入本实体。只核实地图可定位、具有固定运营地址或稳定边界的这个实体，不要扩展推荐其他同类地点。第一行原样保留点点 AI 页面显示的“搜索并总结N人真实经验”“搜索并总结N篇笔记生成”或“ai总结N篇笔记生成”证据标记；第二行原样写“核实范围：云岩区”。若存在可核实来源，只输出该实体一行，严格使用：POI名称｜外文/地图名｜POI业务类型｜POI细分类型｜行政区｜地理位置描述｜游客需求场景｜证据强度。POI名称必须对应“佳乡烟火·织金土烙锅(小十字全国总店)”，POI业务类型必须写“餐饮美食”。没有来源依据的字段写未确认；不得凭名称、常识或地图资料补写小红书体验，不得用点赞量代表独立笔记数或热度。如果没有任何可打开且正文直接提及该实体的小红书来源，请明确写“未发现可核实小红书来源”，不要生成实体行。最后单独列出疑似关闭、搬迁、改名、同名或分店混淆风险；没有可靠来源则写未确认。,1,graphId=food_6568089b-12d2-4429-9bd9-16df76b99b2c；score=89.0；existingEvidence=0；target=补齐首条直接体验证据,现行图谱高价值POI分层补采
GYTRAVEL-HV-20260916-0020,P0,餐饮美食-标准POI精确证据核实,云岩区,核实标准实体“新大新豆米火锅1993(南国花锦店)”近24个月小红书直接体验来源，并严格区分同名和分店,这是独立的贵州省贵阳市高价值 POI 小红书证据核实任务，与前面问题无关。本题只核实一个标准实体：新大新豆米火锅1993(南国花锦店)；业务类型为餐饮美食；行政区为云岩区；参考地址为南国花锦购物中心7楼(喷水池地铁站H口步行300米)。请只依据近24个月来贵阳旅游的中国大陆游客发布的小红书真实到访笔记和实拍内容；证据不足时可放宽到36个月并明确说明，不足勿凑数，不设最低数量。只接受标题或正文能够直接指向该实体的帖子；同品牌不同分店必须依靠完整分店名、地址、商圈或附近地标区分，无法确认具体分店时写未确认，不得把品牌其他分店或同名地点的帖子归入本实体。只核实地图可定位、具有固定运营地址或稳定边界的这个实体，不要扩展推荐其他同类地点。第一行原样保留点点 AI 页面显示的“搜索并总结N人真实经验”“搜索并总结N篇笔记生成”或“ai总结N篇笔记生成”证据标记；第二行原样写“核实范围：云岩区”。若存在可核实来源，只输出该实体一行，严格使用：POI名称｜外文/地图名｜POI业务类型｜POI细分类型｜行政区｜地理位置描述｜游客需求场景｜证据强度。POI名称必须对应“新大新豆米火锅1993(南国花锦店)”，POI业务类型必须写“餐饮美食”。没有来源依据的字段写未确认；不得凭名称、常识或地图资料补写小红书体验，不得用点赞量代表独立笔记数或热度。如果没有任何可打开且正文直接提及该实体的小红书来源，请明确写“未发现可核实小红书来源”，不要生成实体行。最后单独列出疑似关闭、搬迁、改名、同名或分店混淆风险；没有可靠来源则写未确认。,1,graphId=food_15eeb09d-62ad-4c98-a0ef-9659f77dfa14；score=89.0；existingEvidence=0；target=补齐首条直接体验证据,现行图谱高价值POI分层补采
GYTRAVEL-HV-20260916-0021,P0,餐饮美食-标准POI精确证据核实,云岩区,核实标准实体“新大新豆米火锅1993(恒峰店)”近24个月小红书直接体验来源，并严格区分同名和分店,这是独立的贵州省贵阳市高价值 POI 小红书证据核实任务，与前面问题无关。本题只核实一个标准实体：新大新豆米火锅1993(恒峰店)；业务类型为餐饮美食；行政区为云岩区；参考地址为中山西路58号恒峰步行街4楼4-C10号。请只依据近24个月来贵阳旅游的中国大陆游客发布的小红书真实到访笔记和实拍内容；证据不足时可放宽到36个月并明确说明，不足勿凑数，不设最低数量。只接受标题或正文能够直接指向该实体的帖子；同品牌不同分店必须依靠完整分店名、地址、商圈或附近地标区分，无法确认具体分店时写未确认，不得把品牌其他分店或同名地点的帖子归入本实体。只核实地图可定位、具有固定运营地址或稳定边界的这个实体，不要扩展推荐其他同类地点。第一行原样保留点点 AI 页面显示的“搜索并总结N人真实经验”“搜索并总结N篇笔记生成”或“ai总结N篇笔记生成”证据标记；第二行原样写“核实范围：云岩区”。若存在可核实来源，只输出该实体一行，严格使用：POI名称｜外文/地图名｜POI业务类型｜POI细分类型｜行政区｜地理位置描述｜游客需求场景｜证据强度。POI名称必须对应“新大新豆米火锅1993(恒峰店)”，POI业务类型必须写“餐饮美食”。没有来源依据的字段写未确认；不得凭名称、常识或地图资料补写小红书体验，不得用点赞量代表独立笔记数或热度。如果没有任何可打开且正文直接提及该实体的小红书来源，请明确写“未发现可核实小红书来源”，不要生成实体行。最后单独列出疑似关闭、搬迁、改名、同名或分店混淆风险；没有可靠来源则写未确认。,1,graphId=food_b30bfc3b-6db8-4eb6-af5b-0c7269f6b94a；score=89.0；existingEvidence=0；target=补齐首条直接体验证据,现行图谱高价值POI分层补采
GYTRAVEL-HV-20260916-0022,P0,餐饮美食-标准POI精确证据核实,云岩区,核实标准实体“陈氏人家豆米火锅(文昌阁店)”近24个月小红书直接体验来源，并严格区分同名和分店,这是独立的贵州省贵阳市高价值 POI 小红书证据核实任务，与前面问题无关。本题只核实一个标准实体：陈氏人家豆米火锅(文昌阁店)；业务类型为餐饮美食；行政区为云岩区；参考地址为文昌北路宏泰文锦阁B区2-2号门面。请只依据近24个月来贵阳旅游的中国大陆游客发布的小红书真实到访笔记和实拍内容；证据不足时可放宽到36个月并明确说明，不足勿凑数，不设最低数量。只接受标题或正文能够直接指向该实体的帖子；同品牌不同分店必须依靠完整分店名、地址、商圈或附近地标区分，无法确认具体分店时写未确认，不得把品牌其他分店或同名地点的帖子归入本实体。只核实地图可定位、具有固定运营地址或稳定边界的这个实体，不要扩展推荐其他同类地点。第一行原样保留点点 AI 页面显示的“搜索并总结N人真实经验”“搜索并总结N篇笔记生成”或“ai总结N篇笔记生成”证据标记；第二行原样写“核实范围：云岩区”。若存在可核实来源，只输出该实体一行，严格使用：POI名称｜外文/地图名｜POI业务类型｜POI细分类型｜行政区｜地理位置描述｜游客需求场景｜证据强度。POI名称必须对应“陈氏人家豆米火锅(文昌阁店)”，POI业务类型必须写“餐饮美食”。没有来源依据的字段写未确认；不得凭名称、常识或地图资料补写小红书体验，不得用点赞量代表独立笔记数或热度。如果没有任何可打开且正文直接提及该实体的小红书来源，请明确写“未发现可核实小红书来源”，不要生成实体行。最后单独列出疑似关闭、搬迁、改名、同名或分店混淆风险；没有可靠来源则写未确认。,1,graphId=food_80737871-1ac5-4765-8204-0de239944939；score=89.0；existingEvidence=0；target=补齐首条直接体验证据,现行图谱高价值POI分层补采
GYTRAVEL-HV-20260916-0023,P0,餐饮美食-标准POI精确证据核实,南明区,核实标准实体“三孃豌杂面(贵棉小区店)”近24个月小红书直接体验来源，并严格区分同名和分店,这是独立的贵州省贵阳市高价值 POI 小红书证据核实任务，与前面问题无关。本题只核实一个标准实体：三孃豌杂面(贵棉小区店)；业务类型为餐饮美食；行政区为南明区；参考地址为兴关路42号1单元1楼4号(兴关社区)。请只依据近24个月来贵阳旅游的中国大陆游客发布的小红书真实到访笔记和实拍内容；证据不足时可放宽到36个月并明确说明，不足勿凑数，不设最低数量。只接受标题或正文能够直接指向该实体的帖子；同品牌不同分店必须依靠完整分店名、地址、商圈或附近地标区分，无法确认具体分店时写未确认，不得把品牌其他分店或同名地点的帖子归入本实体。只核实地图可定位、具有固定运营地址或稳定边界的这个实体，不要扩展推荐其他同类地点。第一行原样保留点点 AI 页面显示的“搜索并总结N人真实经验”“搜索并总结N篇笔记生成”或“ai总结N篇笔记生成”证据标记；第二行原样写“核实范围：南明区”。若存在可核实来源，只输出该实体一行，严格使用：POI名称｜外文/地图名｜POI业务类型｜POI细分类型｜行政区｜地理位置描述｜游客需求场景｜证据强度。POI名称必须对应“三孃豌杂面(贵棉小区店)”，POI业务类型必须写“餐饮美食”。没有来源依据的字段写未确认；不得凭名称、常识或地图资料补写小红书体验，不得用点赞量代表独立笔记数或热度。如果没有任何可打开且正文直接提及该实体的小红书来源，请明确写“未发现可核实小红书来源”，不要生成实体行。最后单独列出疑似关闭、搬迁、改名、同名或分店混淆风险；没有可靠来源则写未确认。,1,graphId=food_ee54f358-fcf4-45c1-9a87-e20ac97ec643；score=89.0；existingEvidence=0；target=补齐首条直接体验证据,现行图谱高价值POI分层补采
GYTRAVEL-HV-20260916-0024,P0,餐饮美食-标准POI精确证据核实,南明区,核实标准实体“北京御铺烤鸭(油榨街店)”近24个月小红书直接体验来源，并严格区分同名和分店,这是独立的贵州省贵阳市高价值 POI 小红书证据核实任务，与前面问题无关。本题只核实一个标准实体：北京御铺烤鸭(油榨街店)；业务类型为餐饮美食；行政区为南明区；参考地址为油榨社区服务中心市南路85号。请只依据近24个月来贵阳旅游的中国大陆游客发布的小红书真实到访笔记和实拍内容；证据不足时可放宽到36个月并明确说明，不足勿凑数，不设最低数量。只接受标题或正文能够直接指向该实体的帖子；同品牌不同分店必须依靠完整分店名、地址、商圈或附近地标区分，无法确认具体分店时写未确认，不得把品牌其他分店或同名地点的帖子归入本实体。只核实地图可定位、具有固定运营地址或稳定边界的这个实体，不要扩展推荐其他同类地点。第一行原样保留点点 AI 页面显示的“搜索并总结N人真实经验”“搜索并总结N篇笔记生成”或“ai总结N篇笔记生成”证据标记；第二行原样写“核实范围：南明区”。若存在可核实来源，只输出该实体一行，严格使用：POI名称｜外文/地图名｜POI业务类型｜POI细分类型｜行政区｜地理位置描述｜游客需求场景｜证据强度。POI名称必须对应“北京御铺烤鸭(油榨街店)”，POI业务类型必须写“餐饮美食”。没有来源依据的字段写未确认；不得凭名称、常识或地图资料补写小红书体验，不得用点赞量代表独立笔记数或热度。如果没有任何可打开且正文直接提及该实体的小红书来源，请明确写“未发现可核实小红书来源”，不要生成实体行。最后单独列出疑似关闭、搬迁、改名、同名或分店混淆风险；没有可靠来源则写未确认。,1,graphId=food_d7230f03-6d20-47d5-87e0-351257780912；score=89.0；existingEvidence=0；target=补齐首条直接体验证据,现行图谱高价值POI分层补采
GYTRAVEL-HV-20260916-0025,P0,餐饮美食-标准POI精确证据核实,南明区,核实标准实体“大胖刘烙锅(青云市集店)”近24个月小红书直接体验来源，并严格区分同名和分店,这是独立的贵州省贵阳市高价值 POI 小红书证据核实任务，与前面问题无关。本题只核实一个标准实体：大胖刘烙锅(青云市集店)；业务类型为餐饮美食；行政区为南明区；参考地址为青云路123号神奇路社区。请只依据近24个月来贵阳旅游的中国大陆游客发布的小红书真实到访笔记和实拍内容；证据不足时可放宽到36个月并明确说明，不足勿凑数，不设最低数量。只接受标题或正文能够直接指向该实体的帖子；同品牌不同分店必须依靠完整分店名、地址、商圈或附近地标区分，无法确认具体分店时写未确认，不得把品牌其他分店或同名地点的帖子归入本实体。只核实地图可定位、具有固定运营地址或稳定边界的这个实体，不要扩展推荐其他同类地点。第一行原样保留点点 AI 页面显示的“搜索并总结N人真实经验”“搜索并总结N篇笔记生成”或“ai总结N篇笔记生成”证据标记；第二行原样写“核实范围：南明区”。若存在可核实来源，只输出该实体一行，严格使用：POI名称｜外文/地图名｜POI业务类型｜POI细分类型｜行政区｜地理位置描述｜游客需求场景｜证据强度。POI名称必须对应“大胖刘烙锅(青云市集店)”，POI业务类型必须写“餐饮美食”。没有来源依据的字段写未确认；不得凭名称、常识或地图资料补写小红书体验，不得用点赞量代表独立笔记数或热度。如果没有任何可打开且正文直接提及该实体的小红书来源，请明确写“未发现可核实小红书来源”，不要生成实体行。最后单独列出疑似关闭、搬迁、改名、同名或分店混淆风险；没有可靠来源则写未确认。,1,graphId=food_0d7d1649-cab7-4150-b613-52e44a3ccbfd；score=89.0；existingEvidence=0；target=补齐首条直接体验证据,现行图谱高价值POI分层补采
GYTRAVEL-HV-20260916-0026,P0,餐饮美食-标准POI精确证据核实,南明区,核实标准实体“广味园(青云路店)”近24个月小红书直接体验来源，并严格区分同名和分店,这是独立的贵州省贵阳市高价值 POI 小红书证据核实任务，与前面问题无关。本题只核实一个标准实体：广味园(青云路店)；业务类型为餐饮美食；行政区为南明区；参考地址为青云路45号。请只依据近24个月来贵阳旅游的中国大陆游客发布的小红书真实到访笔记和实拍内容；证据不足时可放宽到36个月并明确说明，不足勿凑数，不设最低数量。只接受标题或正文能够直接指向该实体的帖子；同品牌不同分店必须依靠完整分店名、地址、商圈或附近地标区分，无法确认具体分店时写未确认，不得把品牌其他分店或同名地点的帖子归入本实体。只核实地图可定位、具有固定运营地址或稳定边界的这个实体，不要扩展推荐其他同类地点。第一行原样保留点点 AI 页面显示的“搜索并总结N人真实经验”“搜索并总结N篇笔记生成”或“ai总结N篇笔记生成”证据标记；第二行原样写“核实范围：南明区”。若存在可核实来源，只输出该实体一行，严格使用：POI名称｜外文/地图名｜POI业务类型｜POI细分类型｜行政区｜地理位置描述｜游客需求场景｜证据强度。POI名称必须对应“广味园(青云路店)”，POI业务类型必须写“餐饮美食”。没有来源依据的字段写未确认；不得凭名称、常识或地图资料补写小红书体验，不得用点赞量代表独立笔记数或热度。如果没有任何可打开且正文直接提及该实体的小红书来源，请明确写“未发现可核实小红书来源”，不要生成实体行。最后单独列出疑似关闭、搬迁、改名、同名或分店混淆风险；没有可靠来源则写未确认。,1,graphId=food_9dd6bb39-e7f3-40c0-b6b3-ad3b76f245bb；score=89.0；existingEvidence=0；target=补齐首条直接体验证据,现行图谱高价值POI分层补采
GYTRAVEL-HV-20260916-0027,P0,餐饮美食-标准POI精确证据核实,南明区,核实标准实体“新侗家食府(蟠桃宫店)”近24个月小红书直接体验来源，并严格区分同名和分店,这是独立的贵州省贵阳市高价值 POI 小红书证据核实任务，与前面问题无关。本题只核实一个标准实体：新侗家食府(蟠桃宫店)；业务类型为餐饮美食；行政区为南明区；参考地址为宝山南路27号东山大厦F3层。请只依据近24个月来贵阳旅游的中国大陆游客发布的小红书真实到访笔记和实拍内容；证据不足时可放宽到36个月并明确说明，不足勿凑数，不设最低数量。只接受标题或正文能够直接指向该实体的帖子；同品牌不同分店必须依靠完整分店名、地址、商圈或附近地标区分，无法确认具体分店时写未确认，不得把品牌其他分店或同名地点的帖子归入本实体。只核实地图可定位、具有固定运营地址或稳定边界的这个实体，不要扩展推荐其他同类地点。第一行原样保留点点 AI 页面显示的“搜索并总结N人真实经验”“搜索并总结N篇笔记生成”或“ai总结N篇笔记生成”证据标记；第二行原样写“核实范围：南明区”。若存在可核实来源，只输出该实体一行，严格使用：POI名称｜外文/地图名｜POI业务类型｜POI细分类型｜行政区｜地理位置描述｜游客需求场景｜证据强度。POI名称必须对应“新侗家食府(蟠桃宫店)”，POI业务类型必须写“餐饮美食”。没有来源依据的字段写未确认；不得凭名称、常识或地图资料补写小红书体验，不得用点赞量代表独立笔记数或热度。如果没有任何可打开且正文直接提及该实体的小红书来源，请明确写“未发现可核实小红书来源”，不要生成实体行。最后单独列出疑似关闭、搬迁、改名、同名或分店混淆风险；没有可靠来源则写未确认。,1,graphId=food_0143c400-ac61-4887-8da7-f8d4f9e6d7ca；score=89.0；existingEvidence=0；target=补齐首条直接体验证据,现行图谱高价值POI分层补采
GYTRAVEL-HV-20260916-0028,P0,餐饮美食-标准POI精确证据核实,南明区,核实标准实体“盛意食府(省医家属区宿舍店)”近24个月小红书直接体验来源，并严格区分同名和分店,这是独立的贵州省贵阳市高价值 POI 小红书证据核实任务，与前面问题无关。本题只核实一个标准实体：盛意食府(省医家属区宿舍店)；业务类型为餐饮美食；行政区为南明区；参考地址为西湖社区服务中心宝山南路2号。请只依据近24个月来贵阳旅游的中国大陆游客发布的小红书真实到访笔记和实拍内容；证据不足时可放宽到36个月并明确说明，不足勿凑数，不设最低数量。只接受标题或正文能够直接指向该实体的帖子；同品牌不同分店必须依靠完整分店名、地址、商圈或附近地标区分，无法确认具体分店时写未确认，不得把品牌其他分店或同名地点的帖子归入本实体。只核实地图可定位、具有固定运营地址或稳定边界的这个实体，不要扩展推荐其他同类地点。第一行原样保留点点 AI 页面显示的“搜索并总结N人真实经验”“搜索并总结N篇笔记生成”或“ai总结N篇笔记生成”证据标记；第二行原样写“核实范围：南明区”。若存在可核实来源，只输出该实体一行，严格使用：POI名称｜外文/地图名｜POI业务类型｜POI细分类型｜行政区｜地理位置描述｜游客需求场景｜证据强度。POI名称必须对应“盛意食府(省医家属区宿舍店)”，POI业务类型必须写“餐饮美食”。没有来源依据的字段写未确认；不得凭名称、常识或地图资料补写小红书体验，不得用点赞量代表独立笔记数或热度。如果没有任何可打开且正文直接提及该实体的小红书来源，请明确写“未发现可核实小红书来源”，不要生成实体行。最后单独列出疑似关闭、搬迁、改名、同名或分店混淆风险；没有可靠来源则写未确认。,1,graphId=food_d42e9917-a98e-4c14-8f29-e88d59343177；score=89.0；existingEvidence=0；target=补齐首条直接体验证据,现行图谱高价值POI分层补采
GYTRAVEL-HV-20260916-0029,P0,餐饮美食-标准POI精确证据核实,观山湖区,核实标准实体“7号花园餐厅(北站店)”近24个月小红书直接体验来源，并严格区分同名和分店,这是独立的贵州省贵阳市高价值 POI 小红书证据核实任务，与前面问题无关。本题只核实一个标准实体：7号花园餐厅(北站店)；业务类型为餐饮美食；行政区为观山湖区；参考地址为北大资源梦想城7号地A05栋4楼。请只依据近24个月来贵阳旅游的中国大陆游客发布的小红书真实到访笔记和实拍内容；证据不足时可放宽到36个月并明确说明，不足勿凑数，不设最低数量。只接受标题或正文能够直接指向该实体的帖子；同品牌不同分店必须依靠完整分店名、地址、商圈或附近地标区分，无法确认具体分店时写未确认，不得把品牌其他分店或同名地点的帖子归入本实体。只核实地图可定位、具有固定运营地址或稳定边界的这个实体，不要扩展推荐其他同类地点。第一行原样保留点点 AI 页面显示的“搜索并总结N人真实经验”“搜索并总结N篇笔记生成”或“ai总结N篇笔记生成”证据标记；第二行原样写“核实范围：观山湖区”。若存在可核实来源，只输出该实体一行，严格使用：POI名称｜外文/地图名｜POI业务类型｜POI细分类型｜行政区｜地理位置描述｜游客需求场景｜证据强度。POI名称必须对应“7号花园餐厅(北站店)”，POI业务类型必须写“餐饮美食”。没有来源依据的字段写未确认；不得凭名称、常识或地图资料补写小红书体验，不得用点赞量代表独立笔记数或热度。如果没有任何可打开且正文直接提及该实体的小红书来源，请明确写“未发现可核实小红书来源”，不要生成实体行。最后单独列出疑似关闭、搬迁、改名、同名或分店混淆风险；没有可靠来源则写未确认。,1,graphId=food_4ea271e8-1f30-45c2-8d24-e765a43f02ce；score=89.0；existingEvidence=0；target=补齐首条直接体验证据,现行图谱高价值POI分层补采
GYTRAVEL-HV-20260916-0030,P0,餐饮美食-标准POI精确证据核实,观山湖区,核实标准实体“老凯俚酸汤鱼— —苗岭风情园(会展城)”近24个月小红书直接体验来源，并严格区分同名和分店,这是独立的贵州省贵阳市高价值 POI 小红书证据核实任务，与前面问题无关。本题只核实一个标准实体：老凯俚酸汤鱼— —苗岭风情园(会展城)；业务类型为餐饮美食；行政区为观山湖区；参考地址为中天会展城风情商业街1-20C。请只依据近24个月来贵阳旅游的中国大陆游客发布的小红书真实到访笔记和实拍内容；证据不足时可放宽到36个月并明确说明，不足勿凑数，不设最低数量。只接受标题或正文能够直接指向该实体的帖子；同品牌不同分店必须依靠完整分店名、地址、商圈或附近地标区分，无法确认具体分店时写未确认，不得把品牌其他分店或同名地点的帖子归入本实体。只核实地图可定位、具有固定运营地址或稳定边界的这个实体，不要扩展推荐其他同类地点。第一行原样保留点点 AI 页面显示的“搜索并总结N人真实经验”“搜索并总结N篇笔记生成”或“ai总结N篇笔记生成”证据标记；第二行原样写“核实范围：观山湖区”。若存在可核实来源，只输出该实体一行，严格使用：POI名称｜外文/地图名｜POI业务类型｜POI细分类型｜行政区｜地理位置描述｜游客需求场景｜证据强度。POI名称必须对应“老凯俚酸汤鱼— —苗岭风情园(会展城)”，POI业务类型必须写“餐饮美食”。没有来源依据的字段写未确认；不得凭名称、常识或地图资料补写小红书体验，不得用点赞量代表独立笔记数或热度。如果没有任何可打开且正文直接提及该实体的小红书来源，请明确写“未发现可核实小红书来源”，不要生成实体行。最后单独列出疑似关闭、搬迁、改名、同名或分店混淆风险；没有可靠来源则写未确认。,1,graphId=food_273716bf-8187-4051-ab11-dd7822a25216；score=89.0；existingEvidence=0；target=补齐首条直接体验证据,现行图谱高价值POI分层补采
GYTRAVEL-HV-20260916-0031,P0,餐饮美食-标准POI精确证据核实,观山湖区,核实标准实体“老吴烧烤徐州羊肉串(红华新天地店)”近24个月小红书直接体验来源，并严格区分同名和分店,这是独立的贵州省贵阳市高价值 POI 小红书证据核实任务，与前面问题无关。本题只核实一个标准实体：老吴烧烤徐州羊肉串(红华新天地店)；业务类型为餐饮美食；行政区为观山湖区；参考地址为观山东路338号红华新天地。请只依据近24个月来贵阳旅游的中国大陆游客发布的小红书真实到访笔记和实拍内容；证据不足时可放宽到36个月并明确说明，不足勿凑数，不设最低数量。只接受标题或正文能够直接指向该实体的帖子；同品牌不同分店必须依靠完整分店名、地址、商圈或附近地标区分，无法确认具体分店时写未确认，不得把品牌其他分店或同名地点的帖子归入本实体。只核实地图可定位、具有固定运营地址或稳定边界的这个实体，不要扩展推荐其他同类地点。第一行原样保留点点 AI 页面显示的“搜索并总结N人真实经验”“搜索并总结N篇笔记生成”或“ai总结N篇笔记生成”证据标记；第二行原样写“核实范围：观山湖区”。若存在可核实来源，只输出该实体一行，严格使用：POI名称｜外文/地图名｜POI业务类型｜POI细分类型｜行政区｜地理位置描述｜游客需求场景｜证据强度。POI名称必须对应“老吴烧烤徐州羊肉串(红华新天地店)”，POI业务类型必须写“餐饮美食”。没有来源依据的字段写未确认；不得凭名称、常识或地图资料补写小红书体验，不得用点赞量代表独立笔记数或热度。如果没有任何可打开且正文直接提及该实体的小红书来源，请明确写“未发现可核实小红书来源”，不要生成实体行。最后单独列出疑似关闭、搬迁、改名、同名或分店混淆风险；没有可靠来源则写未确认。,1,graphId=food_dfb63692-79ab-4949-b443-d058bb505ddd；score=89.0；existingEvidence=0；target=补齐首条直接体验证据,现行图谱高价值POI分层补采
GYTRAVEL-HV-20260916-0032,P0,餐饮美食-标准POI精确证据核实,观山湖区,核实标准实体“观山湖区祥粤楼餐饮店”近24个月小红书直接体验来源，并严格区分同名和分店,这是独立的贵州省贵阳市高价值 POI 小红书证据核实任务，与前面问题无关。本题只核实一个标准实体：观山湖区祥粤楼餐饮店；业务类型为餐饮美食；行政区为观山湖区；参考地址为东原财富广场欢朋希尔顿3楼。请只依据近24个月来贵阳旅游的中国大陆游客发布的小红书真实到访笔记和实拍内容；证据不足时可放宽到36个月并明确说明，不足勿凑数，不设最低数量。只接受标题或正文能够直接指向该实体的帖子；同品牌不同分店必须依靠完整分店名、地址、商圈或附近地标区分，无法确认具体分店时写未确认，不得把品牌其他分店或同名地点的帖子归入本实体。只核实地图可定位、具有固定运营地址或稳定边界的这个实体，不要扩展推荐其他同类地点。第一行原样保留点点 AI 页面显示的“搜索并总结N人真实经验”“搜索并总结N篇笔记生成”或“ai总结N篇笔记生成”证据标记；第二行原样写“核实范围：观山湖区”。若存在可核实来源，只输出该实体一行，严格使用：POI名称｜外文/地图名｜POI业务类型｜POI细分类型｜行政区｜地理位置描述｜游客需求场景｜证据强度。POI名称必须对应“观山湖区祥粤楼餐饮店”，POI业务类型必须写“餐饮美食”。没有来源依据的字段写未确认；不得凭名称、常识或地图资料补写小红书体验，不得用点赞量代表独立笔记数或热度。如果没有任何可打开且正文直接提及该实体的小红书来源，请明确写“未发现可核实小红书来源”，不要生成实体行。最后单独列出疑似关闭、搬迁、改名、同名或分店混淆风险；没有可靠来源则写未确认。,1,graphId=food_34f3da1d-c3fa-4c8a-98b4-15c00c4393e7；score=89.0；existingEvidence=0；target=补齐首条直接体验证据,现行图谱高价值POI分层补采
GYTRAVEL-HV-20260916-0033,P0,餐饮美食-标准POI精确证据核实,南明区,核实标准实体“醉苗侗凯里酸汤鱼(护国路店)”近24个月小红书直接体验来源，并严格区分同名和分店,这是独立的贵州省贵阳市高价值 POI 小红书证据核实任务，与前面问题无关。本题只核实一个标准实体：醉苗侗凯里酸汤鱼(护国路店)；业务类型为餐饮美食；行政区为南明区；参考地址为下护国路152号。请只依据近24个月来贵阳旅游的中国大陆游客发布的小红书真实到访笔记和实拍内容；证据不足时可放宽到36个月并明确说明，不足勿凑数，不设最低数量。只接受标题或正文能够直接指向该实体的帖子；同品牌不同分店必须依靠完整分店名、地址、商圈或附近地标区分，无法确认具体分店时写未确认，不得把品牌其他分店或同名地点的帖子归入本实体。只核实地图可定位、具有固定运营地址或稳定边界的这个实体，不要扩展推荐其他同类地点。第一行原样保留点点 AI 页面显示的“搜索并总结N人真实经验”“搜索并总结N篇笔记生成”或“ai总结N篇笔记生成”证据标记；第二行原样写“核实范围：南明区”。若存在可核实来源，只输出该实体一行，严格使用：POI名称｜外文/地图名｜POI业务类型｜POI细分类型｜行政区｜地理位置描述｜游客需求场景｜证据强度。POI名称必须对应“醉苗侗凯里酸汤鱼(护国路店)”，POI业务类型必须写“餐饮美食”。没有来源依据的字段写未确认；不得凭名称、常识或地图资料补写小红书体验，不得用点赞量代表独立笔记数或热度。如果没有任何可打开且正文直接提及该实体的小红书来源，请明确写“未发现可核实小红书来源”，不要生成实体行。最后单独列出疑似关闭、搬迁、改名、同名或分店混淆风险；没有可靠来源则写未确认。,1,graphId=food_ada1f2ae-269e-48a7-be18-49b0b6700b9e；score=88.8；existingEvidence=0；target=补齐首条直接体验证据,现行图谱高价值POI分层补采
GYTRAVEL-HV-20260916-0034,P0,餐饮美食-标准POI精确证据核实,南明区,核实标准实体“丁姨妈贵州臭豆腐烙锅(甲秀楼店)”近24个月小红书直接体验来源，并严格区分同名和分店,这是独立的贵州省贵阳市高价值 POI 小红书证据核实任务，与前面问题无关。本题只核实一个标准实体：丁姨妈贵州臭豆腐烙锅(甲秀楼店)；业务类型为餐饮美食；行政区为南明区；参考地址为正谊路21号。请只依据近24个月来贵阳旅游的中国大陆游客发布的小红书真实到访笔记和实拍内容；证据不足时可放宽到36个月并明确说明，不足勿凑数，不设最低数量。只接受标题或正文能够直接指向该实体的帖子；同品牌不同分店必须依靠完整分店名、地址、商圈或附近地标区分，无法确认具体分店时写未确认，不得把品牌其他分店或同名地点的帖子归入本实体。只核实地图可定位、具有固定运营地址或稳定边界的这个实体，不要扩展推荐其他同类地点。第一行原样保留点点 AI 页面显示的“搜索并总结N人真实经验”“搜索并总结N篇笔记生成”或“ai总结N篇笔记生成”证据标记；第二行原样写“核实范围：南明区”。若存在可核实来源，只输出该实体一行，严格使用：POI名称｜外文/地图名｜POI业务类型｜POI细分类型｜行政区｜地理位置描述｜游客需求场景｜证据强度。POI名称必须对应“丁姨妈贵州臭豆腐烙锅(甲秀楼店)”，POI业务类型必须写“餐饮美食”。没有来源依据的字段写未确认；不得凭名称、常识或地图资料补写小红书体验，不得用点赞量代表独立笔记数或热度。如果没有任何可打开且正文直接提及该实体的小红书来源，请明确写“未发现可核实小红书来源”，不要生成实体行。最后单独列出疑似关闭、搬迁、改名、同名或分店混淆风险；没有可靠来源则写未确认。,1,graphId=food_08f5b598-1598-4a64-973b-3efec76228b2；score=88.0；existingEvidence=0；target=补齐首条直接体验证据,现行图谱高价值POI分层补采
GYTRAVEL-HV-20260916-0035,P0,餐饮美食-标准POI精确证据核实,南明区,核实标准实体“醉苗侗酸汤火锅(甲秀楼店)”近24个月小红书直接体验来源，并严格区分同名和分店,这是独立的贵州省贵阳市高价值 POI 小红书证据核实任务，与前面问题无关。本题只核实一个标准实体：醉苗侗酸汤火锅(甲秀楼店)；业务类型为餐饮美食；行政区为南明区；参考地址为西湖路街道西湖路甲秀新村1幢3层1号(西湖办事处)。请只依据近24个月来贵阳旅游的中国大陆游客发布的小红书真实到访笔记和实拍内容；证据不足时可放宽到36个月并明确说明，不足勿凑数，不设最低数量。只接受标题或正文能够直接指向该实体的帖子；同品牌不同分店必须依靠完整分店名、地址、商圈或附近地标区分，无法确认具体分店时写未确认，不得把品牌其他分店或同名地点的帖子归入本实体。只核实地图可定位、具有固定运营地址或稳定边界的这个实体，不要扩展推荐其他同类地点。第一行原样保留点点 AI 页面显示的“搜索并总结N人真实经验”“搜索并总结N篇笔记生成”或“ai总结N篇笔记生成”证据标记；第二行原样写“核实范围：南明区”。若存在可核实来源，只输出该实体一行，严格使用：POI名称｜外文/地图名｜POI业务类型｜POI细分类型｜行政区｜地理位置描述｜游客需求场景｜证据强度。POI名称必须对应“醉苗侗酸汤火锅(甲秀楼店)”，POI业务类型必须写“餐饮美食”。没有来源依据的字段写未确认；不得凭名称、常识或地图资料补写小红书体验，不得用点赞量代表独立笔记数或热度。如果没有任何可打开且正文直接提及该实体的小红书来源，请明确写“未发现可核实小红书来源”，不要生成实体行。最后单独列出疑似关闭、搬迁、改名、同名或分店混淆风险；没有可靠来源则写未确认。,1,graphId=food_aa3a2c4f-8cb3-412d-8aea-216f9995e608；score=88.0；existingEvidence=0；target=补齐首条直接体验证据,现行图谱高价值POI分层补采
GYTRAVEL-HV-20260916-0036,P0,餐饮美食-标准POI精确证据核实,南明区,核实标准实体“锦蓝苑私房菜”近24个月小红书直接体验来源，并严格区分同名和分店,这是独立的贵州省贵阳市高价值 POI 小红书证据核实任务，与前面问题无关。本题只核实一个标准实体：锦蓝苑私房菜；业务类型为餐饮美食；行政区为南明区；参考地址为西湖巷26号院对面。请只依据近24个月来贵阳旅游的中国大陆游客发布的小红书真实到访笔记和实拍内容；证据不足时可放宽到36个月并明确说明，不足勿凑数，不设最低数量。只接受标题或正文能够直接指向该实体的帖子；同品牌不同分店必须依靠完整分店名、地址、商圈或附近地标区分，无法确认具体分店时写未确认，不得把品牌其他分店或同名地点的帖子归入本实体。只核实地图可定位、具有固定运营地址或稳定边界的这个实体，不要扩展推荐其他同类地点。第一行原样保留点点 AI 页面显示的“搜索并总结N人真实经验”“搜索并总结N篇笔记生成”或“ai总结N篇笔记生成”证据标记；第二行原样写“核实范围：南明区”。若存在可核实来源，只输出该实体一行，严格使用：POI名称｜外文/地图名｜POI业务类型｜POI细分类型｜行政区｜地理位置描述｜游客需求场景｜证据强度。POI名称必须对应“锦蓝苑私房菜”，POI业务类型必须写“餐饮美食”。没有来源依据的字段写未确认；不得凭名称、常识或地图资料补写小红书体验，不得用点赞量代表独立笔记数或热度。如果没有任何可打开且正文直接提及该实体的小红书来源，请明确写“未发现可核实小红书来源”，不要生成实体行。最后单独列出疑似关闭、搬迁、改名、同名或分店混淆风险；没有可靠来源则写未确认。,1,graphId=food_86abf321-cdf8-424c-9ad1-b9fd51f6a081；score=88.0；existingEvidence=0；target=补齐首条直接体验证据,现行图谱高价值POI分层补采
GYTRAVEL-HV-20260916-0037,P0,餐饮美食-标准POI精确证据核实,南明区,核实标准实体“麦当劳(大南门餐厅)”近24个月小红书直接体验来源，并严格区分同名和分店,这是独立的贵州省贵阳市高价值 POI 小红书证据核实任务，与前面问题无关。本题只核实一个标准实体：麦当劳(大南门餐厅)；业务类型为餐饮美食；行政区为南明区；参考地址为富水南路251号恒丰一品一层1E号。请只依据近24个月来贵阳旅游的中国大陆游客发布的小红书真实到访笔记和实拍内容；证据不足时可放宽到36个月并明确说明，不足勿凑数，不设最低数量。只接受标题或正文能够直接指向该实体的帖子；同品牌不同分店必须依靠完整分店名、地址、商圈或附近地标区分，无法确认具体分店时写未确认，不得把品牌其他分店或同名地点的帖子归入本实体。只核实地图可定位、具有固定运营地址或稳定边界的这个实体，不要扩展推荐其他同类地点。第一行原样保留点点 AI 页面显示的“搜索并总结N人真实经验”“搜索并总结N篇笔记生成”或“ai总结N篇笔记生成”证据标记；第二行原样写“核实范围：南明区”。若存在可核实来源，只输出该实体一行，严格使用：POI名称｜外文/地图名｜POI业务类型｜POI细分类型｜行政区｜地理位置描述｜游客需求场景｜证据强度。POI名称必须对应“麦当劳(大南门餐厅)”，POI业务类型必须写“餐饮美食”。没有来源依据的字段写未确认；不得凭名称、常识或地图资料补写小红书体验，不得用点赞量代表独立笔记数或热度。如果没有任何可打开且正文直接提及该实体的小红书来源，请明确写“未发现可核实小红书来源”，不要生成实体行。最后单独列出疑似关闭、搬迁、改名、同名或分店混淆风险；没有可靠来源则写未确认。,1,graphId=food_958d4005-db2a-40cf-858a-28b2df550991；score=88.0；existingEvidence=0；target=补齐首条直接体验证据,现行图谱高价值POI分层补采
GYTRAVEL-HV-20260916-0038,P0,餐饮美食-标准POI精确证据核实,花溪区,核实标准实体“城南状元食府”近24个月小红书直接体验来源，并严格区分同名和分店,这是独立的贵州省贵阳市高价值 POI 小红书证据核实任务，与前面问题无关。本题只核实一个标准实体：城南状元食府；业务类型为餐饮美食；行政区为花溪区；参考地址为青岩古镇南门塘上街2号。请只依据近24个月来贵阳旅游的中国大陆游客发布的小红书真实到访笔记和实拍内容；证据不足时可放宽到36个月并明确说明，不足勿凑数，不设最低数量。只接受标题或正文能够直接指向该实体的帖子；同品牌不同分店必须依靠完整分店名、地址、商圈或附近地标区分，无法确认具体分店时写未确认，不得把品牌其他分店或同名地点的帖子归入本实体。只核实地图可定位、具有固定运营地址或稳定边界的这个实体，不要扩展推荐其他同类地点。第一行原样保留点点 AI 页面显示的“搜索并总结N人真实经验”“搜索并总结N篇笔记生成”或“ai总结N篇笔记生成”证据标记；第二行原样写“核实范围：花溪区”。若存在可核实来源，只输出该实体一行，严格使用：POI名称｜外文/地图名｜POI业务类型｜POI细分类型｜行政区｜地理位置描述｜游客需求场景｜证据强度。POI名称必须对应“城南状元食府”，POI业务类型必须写“餐饮美食”。没有来源依据的字段写未确认；不得凭名称、常识或地图资料补写小红书体验，不得用点赞量代表独立笔记数或热度。如果没有任何可打开且正文直接提及该实体的小红书来源，请明确写“未发现可核实小红书来源”，不要生成实体行。最后单独列出疑似关闭、搬迁、改名、同名或分店混淆风险；没有可靠来源则写未确认。,1,graphId=food_007de76c-1030-47f9-8059-a9e929a492fa；score=88.0；existingEvidence=0；target=补齐首条直接体验证据,现行图谱高价值POI分层补采
GYTRAVEL-HV-20260916-0039,P0,餐饮美食-标准POI精确证据核实,花溪区,核实标准实体“柏拉图西餐厅(花溪店)”近24个月小红书直接体验来源，并严格区分同名和分店,这是独立的贵州省贵阳市高价值 POI 小红书证据核实任务，与前面问题无关。本题只核实一个标准实体：柏拉图西餐厅(花溪店)；业务类型为餐饮美食；行政区为花溪区；参考地址为园亭路9号(花溪公园地铁站D口步行300米)。请只依据近24个月来贵阳旅游的中国大陆游客发布的小红书真实到访笔记和实拍内容；证据不足时可放宽到36个月并明确说明，不足勿凑数，不设最低数量。只接受标题或正文能够直接指向该实体的帖子；同品牌不同分店必须依靠完整分店名、地址、商圈或附近地标区分，无法确认具体分店时写未确认，不得把品牌其他分店或同名地点的帖子归入本实体。只核实地图可定位、具有固定运营地址或稳定边界的这个实体，不要扩展推荐其他同类地点。第一行原样保留点点 AI 页面显示的“搜索并总结N人真实经验”“搜索并总结N篇笔记生成”或“ai总结N篇笔记生成”证据标记；第二行原样写“核实范围：花溪区”。若存在可核实来源，只输出该实体一行，严格使用：POI名称｜外文/地图名｜POI业务类型｜POI细分类型｜行政区｜地理位置描述｜游客需求场景｜证据强度。POI名称必须对应“柏拉图西餐厅(花溪店)”，POI业务类型必须写“餐饮美食”。没有来源依据的字段写未确认；不得凭名称、常识或地图资料补写小红书体验，不得用点赞量代表独立笔记数或热度。如果没有任何可打开且正文直接提及该实体的小红书来源，请明确写“未发现可核实小红书来源”，不要生成实体行。最后单独列出疑似关闭、搬迁、改名、同名或分店混淆风险；没有可靠来源则写未确认。,1,graphId=food_8e716e5c-a211-4a2b-8eee-2b18fb02e6e6；score=88.0；existingEvidence=0；target=补齐首条直接体验证据,现行图谱高价值POI分层补采
GYTRAVEL-HV-20260916-0040,P0,餐饮美食-标准POI精确证据核实,云岩区,核实标准实体“江边渔村(小十字总店)”近24个月小红书直接体验来源，并严格区分同名和分店,这是独立的贵州省贵阳市高价值 POI 小红书证据核实任务，与前面问题无关。本题只核实一个标准实体：江边渔村(小十字总店)；业务类型为餐饮美食；行政区为云岩区；参考地址为中山东路58号2楼。请只依据近24个月来贵阳旅游的中国大陆游客发布的小红书真实到访笔记和实拍内容；证据不足时可放宽到36个月并明确说明，不足勿凑数，不设最低数量。只接受标题或正文能够直接指向该实体的帖子；同品牌不同分店必须依靠完整分店名、地址、商圈或附近地标区分，无法确认具体分店时写未确认，不得把品牌其他分店或同名地点的帖子归入本实体。只核实地图可定位、具有固定运营地址或稳定边界的这个实体，不要扩展推荐其他同类地点。第一行原样保留点点 AI 页面显示的“搜索并总结N人真实经验”“搜索并总结N篇笔记生成”或“ai总结N篇笔记生成”证据标记；第二行原样写“核实范围：云岩区”。若存在可核实来源，只输出该实体一行，严格使用：POI名称｜外文/地图名｜POI业务类型｜POI细分类型｜行政区｜地理位置描述｜游客需求场景｜证据强度。POI名称必须对应“江边渔村(小十字总店)”，POI业务类型必须写“餐饮美食”。没有来源依据的字段写未确认；不得凭名称、常识或地图资料补写小红书体验，不得用点赞量代表独立笔记数或热度。如果没有任何可打开且正文直接提及该实体的小红书来源，请明确写“未发现可核实小红书来源”，不要生成实体行。最后单独列出疑似关闭、搬迁、改名、同名或分店混淆风险；没有可靠来源则写未确认。,1,graphId=food_0852724a-75ae-447c-b21e-e8cbf63e176b；score=87.8；existingEvidence=0；target=补齐首条直接体验证据,现行图谱高价值POI分层补采
GYTRAVEL-HV-20260916-0041,P0,餐饮美食-标准POI精确证据核实,云岩区,核实标准实体“虎岚和牛寿喜烧日料自助”近24个月小红书直接体验来源，并严格区分同名和分店,这是独立的贵州省贵阳市高价值 POI 小红书证据核实任务，与前面问题无关。本题只核实一个标准实体：虎岚和牛寿喜烧日料自助；业务类型为餐饮美食；行政区为云岩区；参考地址为勇烈路泰联大厦B座负一楼。请只依据近24个月来贵阳旅游的中国大陆游客发布的小红书真实到访笔记和实拍内容；证据不足时可放宽到36个月并明确说明，不足勿凑数，不设最低数量。只接受标题或正文能够直接指向该实体的帖子；同品牌不同分店必须依靠完整分店名、地址、商圈或附近地标区分，无法确认具体分店时写未确认，不得把品牌其他分店或同名地点的帖子归入本实体。只核实地图可定位、具有固定运营地址或稳定边界的这个实体，不要扩展推荐其他同类地点。第一行原样保留点点 AI 页面显示的“搜索并总结N人真实经验”“搜索并总结N篇笔记生成”或“ai总结N篇笔记生成”证据标记；第二行原样写“核实范围：云岩区”。若存在可核实来源，只输出该实体一行，严格使用：POI名称｜外文/地图名｜POI业务类型｜POI细分类型｜行政区｜地理位置描述｜游客需求场景｜证据强度。POI名称必须对应“虎岚和牛寿喜烧日料自助”，POI业务类型必须写“餐饮美食”。没有来源依据的字段写未确认；不得凭名称、常识或地图资料补写小红书体验，不得用点赞量代表独立笔记数或热度。如果没有任何可打开且正文直接提及该实体的小红书来源，请明确写“未发现可核实小红书来源”，不要生成实体行。最后单独列出疑似关闭、搬迁、改名、同名或分店混淆风险；没有可靠来源则写未确认。,1,graphId=food_60d891e1-975d-491f-a1a3-2a3f93cf8aae；score=87.8；existingEvidence=0；target=补齐首条直接体验证据,现行图谱高价值POI分层补采
GYTRAVEL-HV-20260916-0042,P0,餐饮美食-标准POI精确证据核实,南明区,核实标准实体“川心美蛙鱼头火锅(护国路店)”近24个月小红书直接体验来源，并严格区分同名和分店,这是独立的贵州省贵阳市高价值 POI 小红书证据核实任务，与前面问题无关。本题只核实一个标准实体：川心美蛙鱼头火锅(护国路店)；业务类型为餐饮美食；行政区为南明区；参考地址为尚武小区西南门北80米。请只依据近24个月来贵阳旅游的中国大陆游客发布的小红书真实到访笔记和实拍内容；证据不足时可放宽到36个月并明确说明，不足勿凑数，不设最低数量。只接受标题或正文能够直接指向该实体的帖子；同品牌不同分店必须依靠完整分店名、地址、商圈或附近地标区分，无法确认具体分店时写未确认，不得把品牌其他分店或同名地点的帖子归入本实体。只核实地图可定位、具有固定运营地址或稳定边界的这个实体，不要扩展推荐其他同类地点。第一行原样保留点点 AI 页面显示的“搜索并总结N人真实经验”“搜索并总结N篇笔记生成”或“ai总结N篇笔记生成”证据标记；第二行原样写“核实范围：南明区”。若存在可核实来源，只输出该实体一行，严格使用：POI名称｜外文/地图名｜POI业务类型｜POI细分类型｜行政区｜地理位置描述｜游客需求场景｜证据强度。POI名称必须对应“川心美蛙鱼头火锅(护国路店)”，POI业务类型必须写“餐饮美食”。没有来源依据的字段写未确认；不得凭名称、常识或地图资料补写小红书体验，不得用点赞量代表独立笔记数或热度。如果没有任何可打开且正文直接提及该实体的小红书来源，请明确写“未发现可核实小红书来源”，不要生成实体行。最后单独列出疑似关闭、搬迁、改名、同名或分店混淆风险；没有可靠来源则写未确认。,1,graphId=food_f3336565-46c9-41a7-bec9-13f19e672cb2；score=87.8；existingEvidence=0；target=补齐首条直接体验证据,现行图谱高价值POI分层补采
GYTRAVEL-HV-20260916-0043,P0,餐饮美食-标准POI精确证据核实,南明区,核实标准实体“灌木咖啡(万象城店)”近24个月小红书直接体验来源，并严格区分同名和分店,这是独立的贵州省贵阳市高价值 POI 小红书证据核实任务，与前面问题无关。本题只核实一个标准实体：灌木咖啡(万象城店)；业务类型为餐饮美食；行政区为南明区；参考地址为遵义路328号贵阳万象城L277。请只依据近24个月来贵阳旅游的中国大陆游客发布的小红书真实到访笔记和实拍内容；证据不足时可放宽到36个月并明确说明，不足勿凑数，不设最低数量。只接受标题或正文能够直接指向该实体的帖子；同品牌不同分店必须依靠完整分店名、地址、商圈或附近地标区分，无法确认具体分店时写未确认，不得把品牌其他分店或同名地点的帖子归入本实体。只核实地图可定位、具有固定运营地址或稳定边界的这个实体，不要扩展推荐其他同类地点。第一行原样保留点点 AI 页面显示的“搜索并总结N人真实经验”“搜索并总结N篇笔记生成”或“ai总结N篇笔记生成”证据标记；第二行原样写“核实范围：南明区”。若存在可核实来源，只输出该实体一行，严格使用：POI名称｜外文/地图名｜POI业务类型｜POI细分类型｜行政区｜地理位置描述｜游客需求场景｜证据强度。POI名称必须对应“灌木咖啡(万象城店)”，POI业务类型必须写“餐饮美食”。没有来源依据的字段写未确认；不得凭名称、常识或地图资料补写小红书体验，不得用点赞量代表独立笔记数或热度。如果没有任何可打开且正文直接提及该实体的小红书来源，请明确写“未发现可核实小红书来源”，不要生成实体行。最后单独列出疑似关闭、搬迁、改名、同名或分店混淆风险；没有可靠来源则写未确认。,1,graphId=food_e71a88b5-4ba6-42b4-9174-6635cd0a3115；score=87.6；existingEvidence=0；target=补齐首条直接体验证据,现行图谱高价值POI分层补采
GYTRAVEL-HV-20260916-0044,P0,餐饮美食-标准POI精确证据核实,南明区,核实标准实体“黔小豆豆米豆豉酸汤火锅”近24个月小红书直接体验来源，并严格区分同名和分店,这是独立的贵州省贵阳市高价值 POI 小红书证据核实任务，与前面问题无关。本题只核实一个标准实体：黔小豆豆米豆豉酸汤火锅；业务类型为餐饮美食；行政区为南明区；参考地址为兴隆西巷146号。请只依据近24个月来贵阳旅游的中国大陆游客发布的小红书真实到访笔记和实拍内容；证据不足时可放宽到36个月并明确说明，不足勿凑数，不设最低数量。只接受标题或正文能够直接指向该实体的帖子；同品牌不同分店必须依靠完整分店名、地址、商圈或附近地标区分，无法确认具体分店时写未确认，不得把品牌其他分店或同名地点的帖子归入本实体。只核实地图可定位、具有固定运营地址或稳定边界的这个实体，不要扩展推荐其他同类地点。第一行原样保留点点 AI 页面显示的“搜索并总结N人真实经验”“搜索并总结N篇笔记生成”或“ai总结N篇笔记生成”证据标记；第二行原样写“核实范围：南明区”。若存在可核实来源，只输出该实体一行，严格使用：POI名称｜外文/地图名｜POI业务类型｜POI细分类型｜行政区｜地理位置描述｜游客需求场景｜证据强度。POI名称必须对应“黔小豆豆米豆豉酸汤火锅”，POI业务类型必须写“餐饮美食”。没有来源依据的字段写未确认；不得凭名称、常识或地图资料补写小红书体验，不得用点赞量代表独立笔记数或热度。如果没有任何可打开且正文直接提及该实体的小红书来源，请明确写“未发现可核实小红书来源”，不要生成实体行。最后单独列出疑似关闭、搬迁、改名、同名或分店混淆风险；没有可靠来源则写未确认。,1,graphId=food_f874c4f6-0494-40aa-ad47-1b417eeaf3fe；score=87.6；existingEvidence=0；target=补齐首条直接体验证据,现行图谱高价值POI分层补采
GYTRAVEL-HV-20260916-0045,P0,餐饮美食-标准POI精确证据核实,南明区,核实标准实体“喜多·漫食界·宴会厅”近24个月小红书直接体验来源，并严格区分同名和分店,这是独立的贵州省贵阳市高价值 POI 小红书证据核实任务，与前面问题无关。本题只核实一个标准实体：喜多·漫食界·宴会厅；业务类型为餐饮美食；行政区为南明区；参考地址为文化路98号(实验中学对面)。请只依据近24个月来贵阳旅游的中国大陆游客发布的小红书真实到访笔记和实拍内容；证据不足时可放宽到36个月并明确说明，不足勿凑数，不设最低数量。只接受标题或正文能够直接指向该实体的帖子；同品牌不同分店必须依靠完整分店名、地址、商圈或附近地标区分，无法确认具体分店时写未确认，不得把品牌其他分店或同名地点的帖子归入本实体。只核实地图可定位、具有固定运营地址或稳定边界的这个实体，不要扩展推荐其他同类地点。第一行原样保留点点 AI 页面显示的“搜索并总结N人真实经验”“搜索并总结N篇笔记生成”或“ai总结N篇笔记生成”证据标记；第二行原样写“核实范围：南明区”。若存在可核实来源，只输出该实体一行，严格使用：POI名称｜外文/地图名｜POI业务类型｜POI细分类型｜行政区｜地理位置描述｜游客需求场景｜证据强度。POI名称必须对应“喜多·漫食界·宴会厅”，POI业务类型必须写“餐饮美食”。没有来源依据的字段写未确认；不得凭名称、常识或地图资料补写小红书体验，不得用点赞量代表独立笔记数或热度。如果没有任何可打开且正文直接提及该实体的小红书来源，请明确写“未发现可核实小红书来源”，不要生成实体行。最后单独列出疑似关闭、搬迁、改名、同名或分店混淆风险；没有可靠来源则写未确认。,1,graphId=food_b241007b-c285-4f15-a932-47ffeabe6d75；score=87.4；existingEvidence=0；target=补齐首条直接体验证据,现行图谱高价值POI分层补采
GYTRAVEL-HV-20260916-0046,P0,餐饮美食-标准POI精确证据核实,云岩区,核实标准实体“一烙锅(友谊店)”近24个月小红书直接体验来源，并严格区分同名和分店,这是独立的贵州省贵阳市高价值 POI 小红书证据核实任务，与前面问题无关。本题只核实一个标准实体：一烙锅(友谊店)；业务类型为餐饮美食；行政区为云岩区；参考地址为友谊路89号(阿一鲍鱼斜对面)。请只依据近24个月来贵阳旅游的中国大陆游客发布的小红书真实到访笔记和实拍内容；证据不足时可放宽到36个月并明确说明，不足勿凑数，不设最低数量。只接受标题或正文能够直接指向该实体的帖子；同品牌不同分店必须依靠完整分店名、地址、商圈或附近地标区分，无法确认具体分店时写未确认，不得把品牌其他分店或同名地点的帖子归入本实体。只核实地图可定位、具有固定运营地址或稳定边界的这个实体，不要扩展推荐其他同类地点。第一行原样保留点点 AI 页面显示的“搜索并总结N人真实经验”“搜索并总结N篇笔记生成”或“ai总结N篇笔记生成”证据标记；第二行原样写“核实范围：云岩区”。若存在可核实来源，只输出该实体一行，严格使用：POI名称｜外文/地图名｜POI业务类型｜POI细分类型｜行政区｜地理位置描述｜游客需求场景｜证据强度。POI名称必须对应“一烙锅(友谊店)”，POI业务类型必须写“餐饮美食”。没有来源依据的字段写未确认；不得凭名称、常识或地图资料补写小红书体验，不得用点赞量代表独立笔记数或热度。如果没有任何可打开且正文直接提及该实体的小红书来源，请明确写“未发现可核实小红书来源”，不要生成实体行。最后单独列出疑似关闭、搬迁、改名、同名或分店混淆风险；没有可靠来源则写未确认。,1,graphId=food_1d759efd-43ad-49e9-a003-0dd9f2f19939；score=87.25；existingEvidence=0；target=补齐首条直接体验证据,现行图谱高价值POI分层补采
GYTRAVEL-HV-20260916-0047,P0,餐饮美食-标准POI精确证据核实,云岩区,核实标准实体“大胖刘烙锅(煤矿村全国总店)”近24个月小红书直接体验来源，并严格区分同名和分店,这是独立的贵州省贵阳市高价值 POI 小红书证据核实任务，与前面问题无关。本题只核实一个标准实体：大胖刘烙锅(煤矿村全国总店)；业务类型为餐饮美食；行政区为云岩区；参考地址为云岩区政府旭东小区西门南60米。请只依据近24个月来贵阳旅游的中国大陆游客发布的小红书真实到访笔记和实拍内容；证据不足时可放宽到36个月并明确说明，不足勿凑数，不设最低数量。只接受标题或正文能够直接指向该实体的帖子；同品牌不同分店必须依靠完整分店名、地址、商圈或附近地标区分，无法确认具体分店时写未确认，不得把品牌其他分店或同名地点的帖子归入本实体。只核实地图可定位、具有固定运营地址或稳定边界的这个实体，不要扩展推荐其他同类地点。第一行原样保留点点 AI 页面显示的“搜索并总结N人真实经验”“搜索并总结N篇笔记生成”或“ai总结N篇笔记生成”证据标记；第二行原样写“核实范围：云岩区”。若存在可核实来源，只输出该实体一行，严格使用：POI名称｜外文/地图名｜POI业务类型｜POI细分类型｜行政区｜地理位置描述｜游客需求场景｜证据强度。POI名称必须对应“大胖刘烙锅(煤矿村全国总店)”，POI业务类型必须写“餐饮美食”。没有来源依据的字段写未确认；不得凭名称、常识或地图资料补写小红书体验，不得用点赞量代表独立笔记数或热度。如果没有任何可打开且正文直接提及该实体的小红书来源，请明确写“未发现可核实小红书来源”，不要生成实体行。最后单独列出疑似关闭、搬迁、改名、同名或分店混淆风险；没有可靠来源则写未确认。,1,graphId=food_f8b2841e-b6a2-4387-96bf-9464ce7e65b5；score=87.25；existingEvidence=0；target=补齐首条直接体验证据,现行图谱高价值POI分层补采
GYTRAVEL-HV-20260916-0048,P0,餐饮美食-标准POI精确证据核实,南明区,核实标准实体“去茶山(贵阳万象城店)”近24个月小红书直接体验来源，并严格区分同名和分店,这是独立的贵州省贵阳市高价值 POI 小红书证据核实任务，与前面问题无关。本题只核实一个标准实体：去茶山(贵阳万象城店)；业务类型为餐饮美食；行政区为南明区；参考地址为遵义路328号贵阳万象城L218号2层。请只依据近24个月来贵阳旅游的中国大陆游客发布的小红书真实到访笔记和实拍内容；证据不足时可放宽到36个月并明确说明，不足勿凑数，不设最低数量。只接受标题或正文能够直接指向该实体的帖子；同品牌不同分店必须依靠完整分店名、地址、商圈或附近地标区分，无法确认具体分店时写未确认，不得把品牌其他分店或同名地点的帖子归入本实体。只核实地图可定位、具有固定运营地址或稳定边界的这个实体，不要扩展推荐其他同类地点。第一行原样保留点点 AI 页面显示的“搜索并总结N人真实经验”“搜索并总结N篇笔记生成”或“ai总结N篇笔记生成”证据标记；第二行原样写“核实范围：南明区”。若存在可核实来源，只输出该实体一行，严格使用：POI名称｜外文/地图名｜POI业务类型｜POI细分类型｜行政区｜地理位置描述｜游客需求场景｜证据强度。POI名称必须对应“去茶山(贵阳万象城店)”，POI业务类型必须写“餐饮美食”。没有来源依据的字段写未确认；不得凭名称、常识或地图资料补写小红书体验，不得用点赞量代表独立笔记数或热度。如果没有任何可打开且正文直接提及该实体的小红书来源，请明确写“未发现可核实小红书来源”，不要生成实体行。最后单独列出疑似关闭、搬迁、改名、同名或分店混淆风险；没有可靠来源则写未确认。,1,graphId=food_4b81d0b1-5d56-44ee-a11b-1dfd1196177c；score=87.2；existingEvidence=0；target=补齐首条直接体验证据,现行图谱高价值POI分层补采
GYTRAVEL-HV-20260916-0049,P0,餐饮美食-标准POI精确证据核实,云岩区,核实标准实体“他先生豆米豆豉酸辣烫(恒丰步行街店)”近24个月小红书直接体验来源，并严格区分同名和分店,这是独立的贵州省贵阳市高价值 POI 小红书证据核实任务，与前面问题无关。本题只核实一个标准实体：他先生豆米豆豉酸辣烫(恒丰步行街店)；业务类型为餐饮美食；行政区为云岩区；参考地址为恒峰步行街1层-D25号门面(停车场入口前行20米)。请只依据近24个月来贵阳旅游的中国大陆游客发布的小红书真实到访笔记和实拍内容；证据不足时可放宽到36个月并明确说明，不足勿凑数，不设最低数量。只接受标题或正文能够直接指向该实体的帖子；同品牌不同分店必须依靠完整分店名、地址、商圈或附近地标区分，无法确认具体分店时写未确认，不得把品牌其他分店或同名地点的帖子归入本实体。只核实地图可定位、具有固定运营地址或稳定边界的这个实体，不要扩展推荐其他同类地点。第一行原样保留点点 AI 页面显示的“搜索并总结N人真实经验”“搜索并总结N篇笔记生成”或“ai总结N篇笔记生成”证据标记；第二行原样写“核实范围：云岩区”。若存在可核实来源，只输出该实体一行，严格使用：POI名称｜外文/地图名｜POI业务类型｜POI细分类型｜行政区｜地理位置描述｜游客需求场景｜证据强度。POI名称必须对应“他先生豆米豆豉酸辣烫(恒丰步行街店)”，POI业务类型必须写“餐饮美食”。没有来源依据的字段写未确认；不得凭名称、常识或地图资料补写小红书体验，不得用点赞量代表独立笔记数或热度。如果没有任何可打开且正文直接提及该实体的小红书来源，请明确写“未发现可核实小红书来源”，不要生成实体行。最后单独列出疑似关闭、搬迁、改名、同名或分店混淆风险；没有可靠来源则写未确认。,1,graphId=food_e73e12a0-7c7c-4794-a69a-5c35fa3f2fbc；score=87.0；existingEvidence=0；target=补齐首条直接体验证据,现行图谱高价值POI分层补采
GYTRAVEL-HV-20260916-0050,P0,餐饮美食-标准POI精确证据核实,云岩区,核实标准实体“侗家食府(北京路店)”近24个月小红书直接体验来源，并严格区分同名和分店,这是独立的贵州省贵阳市高价值 POI 小红书证据核实任务，与前面问题无关。本题只核实一个标准实体：侗家食府(北京路店)；业务类型为餐饮美食；行政区为云岩区；参考地址为北京路242号二层(黔灵山公园地铁站C口步行450米)。请只依据近24个月来贵阳旅游的中国大陆游客发布的小红书真实到访笔记和实拍内容；证据不足时可放宽到36个月并明确说明，不足勿凑数，不设最低数量。只接受标题或正文能够直接指向该实体的帖子；同品牌不同分店必须依靠完整分店名、地址、商圈或附近地标区分，无法确认具体分店时写未确认，不得把品牌其他分店或同名地点的帖子归入本实体。只核实地图可定位、具有固定运营地址或稳定边界的这个实体，不要扩展推荐其他同类地点。第一行原样保留点点 AI 页面显示的“搜索并总结N人真实经验”“搜索并总结N篇笔记生成”或“ai总结N篇笔记生成”证据标记；第二行原样写“核实范围：云岩区”。若存在可核实来源，只输出该实体一行，严格使用：POI名称｜外文/地图名｜POI业务类型｜POI细分类型｜行政区｜地理位置描述｜游客需求场景｜证据强度。POI名称必须对应“侗家食府(北京路店)”，POI业务类型必须写“餐饮美食”。没有来源依据的字段写未确认；不得凭名称、常识或地图资料补写小红书体验，不得用点赞量代表独立笔记数或热度。如果没有任何可打开且正文直接提及该实体的小红书来源，请明确写“未发现可核实小红书来源”，不要生成实体行。最后单独列出疑似关闭、搬迁、改名、同名或分店混淆风险；没有可靠来源则写未确认。,1,graphId=food_b689720a-c251-428a-b97a-952eeb9f6375；score=87.0；existingEvidence=0；target=补齐首条直接体验证据,现行图谱高价值POI分层补采
GYTRAVEL-HV-20260916-0051,P0,餐饮美食-标准POI精确证据核实,云岩区,核实标准实体“土家风味豆米火锅·干锅剔骨鸡(黔灵山公园店)”近24个月小红书直接体验来源，并严格区分同名和分店,这是独立的贵州省贵阳市高价值 POI 小红书证据核实任务，与前面问题无关。本题只核实一个标准实体：土家风味豆米火锅·干锅剔骨鸡(黔灵山公园店)；业务类型为餐饮美食；行政区为云岩区；参考地址为北京路260号万科公园5号3层野福林炭火鸡宗煲3层28号扶手电梯左边。请只依据近24个月来贵阳旅游的中国大陆游客发布的小红书真实到访笔记和实拍内容；证据不足时可放宽到36个月并明确说明，不足勿凑数，不设最低数量。只接受标题或正文能够直接指向该实体的帖子；同品牌不同分店必须依靠完整分店名、地址、商圈或附近地标区分，无法确认具体分店时写未确认，不得把品牌其他分店或同名地点的帖子归入本实体。只核实地图可定位、具有固定运营地址或稳定边界的这个实体，不要扩展推荐其他同类地点。第一行原样保留点点 AI 页面显示的“搜索并总结N人真实经验”“搜索并总结N篇笔记生成”或“ai总结N篇笔记生成”证据标记；第二行原样写“核实范围：云岩区”。若存在可核实来源，只输出该实体一行，严格使用：POI名称｜外文/地图名｜POI业务类型｜POI细分类型｜行政区｜地理位置描述｜游客需求场景｜证据强度。POI名称必须对应“土家风味豆米火锅·干锅剔骨鸡(黔灵山公园店)”，POI业务类型必须写“餐饮美食”。没有来源依据的字段写未确认；不得凭名称、常识或地图资料补写小红书体验，不得用点赞量代表独立笔记数或热度。如果没有任何可打开且正文直接提及该实体的小红书来源，请明确写“未发现可核实小红书来源”，不要生成实体行。最后单独列出疑似关闭、搬迁、改名、同名或分店混淆风险；没有可靠来源则写未确认。,1,graphId=food_ca2c0a4a-24da-4434-8438-0fc34df0e8f8；score=87.0；existingEvidence=0；target=补齐首条直接体验证据,现行图谱高价值POI分层补采
GYTRAVEL-HV-20260916-0052,P0,餐饮美食-标准POI精确证据核实,云岩区,核实标准实体“拐角楼食府”近24个月小红书直接体验来源，并严格区分同名和分店,这是独立的贵州省贵阳市高价值 POI 小红书证据核实任务，与前面问题无关。本题只核实一个标准实体：拐角楼食府；业务类型为餐饮美食；行政区为云岩区；参考地址为文昌阁街道东新路70号。请只依据近24个月来贵阳旅游的中国大陆游客发布的小红书真实到访笔记和实拍内容；证据不足时可放宽到36个月并明确说明，不足勿凑数，不设最低数量。只接受标题或正文能够直接指向该实体的帖子；同品牌不同分店必须依靠完整分店名、地址、商圈或附近地标区分，无法确认具体分店时写未确认，不得把品牌其他分店或同名地点的帖子归入本实体。只核实地图可定位、具有固定运营地址或稳定边界的这个实体，不要扩展推荐其他同类地点。第一行原样保留点点 AI 页面显示的“搜索并总结N人真实经验”“搜索并总结N篇笔记生成”或“ai总结N篇笔记生成”证据标记；第二行原样写“核实范围：云岩区”。若存在可核实来源，只输出该实体一行，严格使用：POI名称｜外文/地图名｜POI业务类型｜POI细分类型｜行政区｜地理位置描述｜游客需求场景｜证据强度。POI名称必须对应“拐角楼食府”，POI业务类型必须写“餐饮美食”。没有来源依据的字段写未确认；不得凭名称、常识或地图资料补写小红书体验，不得用点赞量代表独立笔记数或热度。如果没有任何可打开且正文直接提及该实体的小红书来源，请明确写“未发现可核实小红书来源”，不要生成实体行。最后单独列出疑似关闭、搬迁、改名、同名或分店混淆风险；没有可靠来源则写未确认。,1,graphId=food_299bf1ef-60d8-4159-a7d1-ae359b74aba2；score=87.0；existingEvidence=0；target=补齐首条直接体验证据,现行图谱高价值POI分层补采
GYTRAVEL-HV-20260916-0053,P0,餐饮美食-标准POI精确证据核实,云岩区,核实标准实体“榕江牛瘪牛肉火锅”近24个月小红书直接体验来源，并严格区分同名和分店,这是独立的贵州省贵阳市高价值 POI 小红书证据核实任务，与前面问题无关。本题只核实一个标准实体：榕江牛瘪牛肉火锅；业务类型为餐饮美食；行政区为云岩区；参考地址为东新路15-1-1号(中医一附院后门附近)。请只依据近24个月来贵阳旅游的中国大陆游客发布的小红书真实到访笔记和实拍内容；证据不足时可放宽到36个月并明确说明，不足勿凑数，不设最低数量。只接受标题或正文能够直接指向该实体的帖子；同品牌不同分店必须依靠完整分店名、地址、商圈或附近地标区分，无法确认具体分店时写未确认，不得把品牌其他分店或同名地点的帖子归入本实体。只核实地图可定位、具有固定运营地址或稳定边界的这个实体，不要扩展推荐其他同类地点。第一行原样保留点点 AI 页面显示的“搜索并总结N人真实经验”“搜索并总结N篇笔记生成”或“ai总结N篇笔记生成”证据标记；第二行原样写“核实范围：云岩区”。若存在可核实来源，只输出该实体一行，严格使用：POI名称｜外文/地图名｜POI业务类型｜POI细分类型｜行政区｜地理位置描述｜游客需求场景｜证据强度。POI名称必须对应“榕江牛瘪牛肉火锅”，POI业务类型必须写“餐饮美食”。没有来源依据的字段写未确认；不得凭名称、常识或地图资料补写小红书体验，不得用点赞量代表独立笔记数或热度。如果没有任何可打开且正文直接提及该实体的小红书来源，请明确写“未发现可核实小红书来源”，不要生成实体行。最后单独列出疑似关闭、搬迁、改名、同名或分店混淆风险；没有可靠来源则写未确认。,1,graphId=food_3483c5b1-7d35-4a47-93e9-57d773338509；score=87.0；existingEvidence=0；target=补齐首条直接体验证据,现行图谱高价值POI分层补采
GYTRAVEL-HV-20260916-0054,P0,餐饮美食-标准POI精确证据核实,云岩区,核实标准实体“牛健佳土黄牛肉粉总店”近24个月小红书直接体验来源，并严格区分同名和分店,这是独立的贵州省贵阳市高价值 POI 小红书证据核实任务，与前面问题无关。本题只核实一个标准实体：牛健佳土黄牛肉粉总店；业务类型为餐饮美食；行政区为云岩区；参考地址为文昌北路6栋(103号商铺)。请只依据近24个月来贵阳旅游的中国大陆游客发布的小红书真实到访笔记和实拍内容；证据不足时可放宽到36个月并明确说明，不足勿凑数，不设最低数量。只接受标题或正文能够直接指向该实体的帖子；同品牌不同分店必须依靠完整分店名、地址、商圈或附近地标区分，无法确认具体分店时写未确认，不得把品牌其他分店或同名地点的帖子归入本实体。只核实地图可定位、具有固定运营地址或稳定边界的这个实体，不要扩展推荐其他同类地点。第一行原样保留点点 AI 页面显示的“搜索并总结N人真实经验”“搜索并总结N篇笔记生成”或“ai总结N篇笔记生成”证据标记；第二行原样写“核实范围：云岩区”。若存在可核实来源，只输出该实体一行，严格使用：POI名称｜外文/地图名｜POI业务类型｜POI细分类型｜行政区｜地理位置描述｜游客需求场景｜证据强度。POI名称必须对应“牛健佳土黄牛肉粉总店”，POI业务类型必须写“餐饮美食”。没有来源依据的字段写未确认；不得凭名称、常识或地图资料补写小红书体验，不得用点赞量代表独立笔记数或热度。如果没有任何可打开且正文直接提及该实体的小红书来源，请明确写“未发现可核实小红书来源”，不要生成实体行。最后单独列出疑似关闭、搬迁、改名、同名或分店混淆风险；没有可靠来源则写未确认。,1,graphId=food_3652869c-59d4-4b68-9f6b-95760e34b743；score=87.0；existingEvidence=0；target=补齐首条直接体验证据,现行图谱高价值POI分层补采
GYTRAVEL-HV-20260916-0055,P0,餐饮美食-标准POI精确证据核实,云岩区,核实标准实体“田棒棒重庆火锅(贵阳店)”近24个月小红书直接体验来源，并严格区分同名和分店,这是独立的贵州省贵阳市高价值 POI 小红书证据核实任务，与前面问题无关。本题只核实一个标准实体：田棒棒重庆火锅(贵阳店)；业务类型为餐饮美食；行政区为云岩区；参考地址为省府路4号。请只依据近24个月来贵阳旅游的中国大陆游客发布的小红书真实到访笔记和实拍内容；证据不足时可放宽到36个月并明确说明，不足勿凑数，不设最低数量。只接受标题或正文能够直接指向该实体的帖子；同品牌不同分店必须依靠完整分店名、地址、商圈或附近地标区分，无法确认具体分店时写未确认，不得把品牌其他分店或同名地点的帖子归入本实体。只核实地图可定位、具有固定运营地址或稳定边界的这个实体，不要扩展推荐其他同类地点。第一行原样保留点点 AI 页面显示的“搜索并总结N人真实经验”“搜索并总结N篇笔记生成”或“ai总结N篇笔记生成”证据标记；第二行原样写“核实范围：云岩区”。若存在可核实来源，只输出该实体一行，严格使用：POI名称｜外文/地图名｜POI业务类型｜POI细分类型｜行政区｜地理位置描述｜游客需求场景｜证据强度。POI名称必须对应“田棒棒重庆火锅(贵阳店)”，POI业务类型必须写“餐饮美食”。没有来源依据的字段写未确认；不得凭名称、常识或地图资料补写小红书体验，不得用点赞量代表独立笔记数或热度。如果没有任何可打开且正文直接提及该实体的小红书来源，请明确写“未发现可核实小红书来源”，不要生成实体行。最后单独列出疑似关闭、搬迁、改名、同名或分店混淆风险；没有可靠来源则写未确认。,1,graphId=food_ce010292-ebf2-4a7d-a31f-83806222cd44；score=87.0；existingEvidence=0；target=补齐首条直接体验证据,现行图谱高价值POI分层补采
GYTRAVEL-HV-20260916-0056,P0,餐饮美食-标准POI精确证据核实,云岩区,核实标准实体“福九水派重庆火锅(原灶上鲜)”近24个月小红书直接体验来源，并严格区分同名和分店,这是独立的贵州省贵阳市高价值 POI 小红书证据核实任务，与前面问题无关。本题只核实一个标准实体：福九水派重庆火锅(原灶上鲜)；业务类型为餐饮美食；行政区为云岩区；参考地址为毓秀街道飞山街88号凯发大厦负1层5号。请只依据近24个月来贵阳旅游的中国大陆游客发布的小红书真实到访笔记和实拍内容；证据不足时可放宽到36个月并明确说明，不足勿凑数，不设最低数量。只接受标题或正文能够直接指向该实体的帖子；同品牌不同分店必须依靠完整分店名、地址、商圈或附近地标区分，无法确认具体分店时写未确认，不得把品牌其他分店或同名地点的帖子归入本实体。只核实地图可定位、具有固定运营地址或稳定边界的这个实体，不要扩展推荐其他同类地点。第一行原样保留点点 AI 页面显示的“搜索并总结N人真实经验”“搜索并总结N篇笔记生成”或“ai总结N篇笔记生成”证据标记；第二行原样写“核实范围：云岩区”。若存在可核实来源，只输出该实体一行，严格使用：POI名称｜外文/地图名｜POI业务类型｜POI细分类型｜行政区｜地理位置描述｜游客需求场景｜证据强度。POI名称必须对应“福九水派重庆火锅(原灶上鲜)”，POI业务类型必须写“餐饮美食”。没有来源依据的字段写未确认；不得凭名称、常识或地图资料补写小红书体验，不得用点赞量代表独立笔记数或热度。如果没有任何可打开且正文直接提及该实体的小红书来源，请明确写“未发现可核实小红书来源”，不要生成实体行。最后单独列出疑似关闭、搬迁、改名、同名或分店混淆风险；没有可靠来源则写未确认。,1,graphId=food_fd96ffdd-b806-4fe8-947b-6cf8693c4b81；score=87.0；existingEvidence=0；target=补齐首条直接体验证据,现行图谱高价值POI分层补采
GYTRAVEL-HV-20260916-0057,P0,餐饮美食-标准POI精确证据核实,云岩区,核实标准实体“菌极鲜野生菌火锅店”近24个月小红书直接体验来源，并严格区分同名和分店,这是独立的贵州省贵阳市高价值 POI 小红书证据核实任务，与前面问题无关。本题只核实一个标准实体：菌极鲜野生菌火锅店；业务类型为餐饮美食；行政区为云岩区；参考地址为东新路3号1栋2楼附4号。请只依据近24个月来贵阳旅游的中国大陆游客发布的小红书真实到访笔记和实拍内容；证据不足时可放宽到36个月并明确说明，不足勿凑数，不设最低数量。只接受标题或正文能够直接指向该实体的帖子；同品牌不同分店必须依靠完整分店名、地址、商圈或附近地标区分，无法确认具体分店时写未确认，不得把品牌其他分店或同名地点的帖子归入本实体。只核实地图可定位、具有固定运营地址或稳定边界的这个实体，不要扩展推荐其他同类地点。第一行原样保留点点 AI 页面显示的“搜索并总结N人真实经验”“搜索并总结N篇笔记生成”或“ai总结N篇笔记生成”证据标记；第二行原样写“核实范围：云岩区”。若存在可核实来源，只输出该实体一行，严格使用：POI名称｜外文/地图名｜POI业务类型｜POI细分类型｜行政区｜地理位置描述｜游客需求场景｜证据强度。POI名称必须对应“菌极鲜野生菌火锅店”，POI业务类型必须写“餐饮美食”。没有来源依据的字段写未确认；不得凭名称、常识或地图资料补写小红书体验，不得用点赞量代表独立笔记数或热度。如果没有任何可打开且正文直接提及该实体的小红书来源，请明确写“未发现可核实小红书来源”，不要生成实体行。最后单独列出疑似关闭、搬迁、改名、同名或分店混淆风险；没有可靠来源则写未确认。,1,graphId=food_9910f4f1-7883-42f1-a587-fb58052e04c3；score=87.0；existingEvidence=0；target=补齐首条直接体验证据,现行图谱高价值POI分层补采
GYTRAVEL-HV-20260916-0058,P0,餐饮美食-标准POI精确证据核实,观山湖区,核实标准实体“侗家老贵州黔菜馆”近24个月小红书直接体验来源，并严格区分同名和分店,这是独立的贵州省贵阳市高价值 POI 小红书证据核实任务，与前面问题无关。本题只核实一个标准实体：侗家老贵州黔菜馆；业务类型为餐饮美食；行政区为观山湖区；参考地址为金岭社区新寨村八组。请只依据近24个月来贵阳旅游的中国大陆游客发布的小红书真实到访笔记和实拍内容；证据不足时可放宽到36个月并明确说明，不足勿凑数，不设最低数量。只接受标题或正文能够直接指向该实体的帖子；同品牌不同分店必须依靠完整分店名、地址、商圈或附近地标区分，无法确认具体分店时写未确认，不得把品牌其他分店或同名地点的帖子归入本实体。只核实地图可定位、具有固定运营地址或稳定边界的这个实体，不要扩展推荐其他同类地点。第一行原样保留点点 AI 页面显示的“搜索并总结N人真实经验”“搜索并总结N篇笔记生成”或“ai总结N篇笔记生成”证据标记；第二行原样写“核实范围：观山湖区”。若存在可核实来源，只输出该实体一行，严格使用：POI名称｜外文/地图名｜POI业务类型｜POI细分类型｜行政区｜地理位置描述｜游客需求场景｜证据强度。POI名称必须对应“侗家老贵州黔菜馆”，POI业务类型必须写“餐饮美食”。没有来源依据的字段写未确认；不得凭名称、常识或地图资料补写小红书体验，不得用点赞量代表独立笔记数或热度。如果没有任何可打开且正文直接提及该实体的小红书来源，请明确写“未发现可核实小红书来源”，不要生成实体行。最后单独列出疑似关闭、搬迁、改名、同名或分店混淆风险；没有可靠来源则写未确认。,1,graphId=food_bc682d5a-9dce-45f4-a855-59954bd50a53；score=87.0；existingEvidence=0；target=补齐首条直接体验证据,现行图谱高价值POI分层补采
GYTRAVEL-HV-20260916-0059,P0,餐饮美食-标准POI精确证据核实,观山湖区,核实标准实体“好雅味黔菜”近24个月小红书直接体验来源，并严格区分同名和分店,这是独立的贵州省贵阳市高价值 POI 小红书证据核实任务，与前面问题无关。本题只核实一个标准实体：好雅味黔菜；业务类型为餐饮美食；行政区为观山湖区；参考地址为美的·林城时代北区1号门东60米。请只依据近24个月来贵阳旅游的中国大陆游客发布的小红书真实到访笔记和实拍内容；证据不足时可放宽到36个月并明确说明，不足勿凑数，不设最低数量。只接受标题或正文能够直接指向该实体的帖子；同品牌不同分店必须依靠完整分店名、地址、商圈或附近地标区分，无法确认具体分店时写未确认，不得把品牌其他分店或同名地点的帖子归入本实体。只核实地图可定位、具有固定运营地址或稳定边界的这个实体，不要扩展推荐其他同类地点。第一行原样保留点点 AI 页面显示的“搜索并总结N人真实经验”“搜索并总结N篇笔记生成”或“ai总结N篇笔记生成”证据标记；第二行原样写“核实范围：观山湖区”。若存在可核实来源，只输出该实体一行，严格使用：POI名称｜外文/地图名｜POI业务类型｜POI细分类型｜行政区｜地理位置描述｜游客需求场景｜证据强度。POI名称必须对应“好雅味黔菜”，POI业务类型必须写“餐饮美食”。没有来源依据的字段写未确认；不得凭名称、常识或地图资料补写小红书体验，不得用点赞量代表独立笔记数或热度。如果没有任何可打开且正文直接提及该实体的小红书来源，请明确写“未发现可核实小红书来源”，不要生成实体行。最后单独列出疑似关闭、搬迁、改名、同名或分店混淆风险；没有可靠来源则写未确认。,1,graphId=food_125ae11f-f0b2-4879-bcb0-a0717f1711bb；score=87.0；existingEvidence=0；target=补齐首条直接体验证据,现行图谱高价值POI分层补采
GYTRAVEL-HV-20260916-0060,P0,餐饮美食-标准POI精确证据核实,观山湖区,核实标准实体“燎垣烤肉”近24个月小红书直接体验来源，并严格区分同名和分店,这是独立的贵州省贵阳市高价值 POI 小红书证据核实任务，与前面问题无关。本题只核实一个标准实体：燎垣烤肉；业务类型为餐饮美食；行政区为观山湖区；参考地址为悦然广场。请只依据近24个月来贵阳旅游的中国大陆游客发布的小红书真实到访笔记和实拍内容；证据不足时可放宽到36个月并明确说明，不足勿凑数，不设最低数量。只接受标题或正文能够直接指向该实体的帖子；同品牌不同分店必须依靠完整分店名、地址、商圈或附近地标区分，无法确认具体分店时写未确认，不得把品牌其他分店或同名地点的帖子归入本实体。只核实地图可定位、具有固定运营地址或稳定边界的这个实体，不要扩展推荐其他同类地点。第一行原样保留点点 AI 页面显示的“搜索并总结N人真实经验”“搜索并总结N篇笔记生成”或“ai总结N篇笔记生成”证据标记；第二行原样写“核实范围：观山湖区”。若存在可核实来源，只输出该实体一行，严格使用：POI名称｜外文/地图名｜POI业务类型｜POI细分类型｜行政区｜地理位置描述｜游客需求场景｜证据强度。POI名称必须对应“燎垣烤肉”，POI业务类型必须写“餐饮美食”。没有来源依据的字段写未确认；不得凭名称、常识或地图资料补写小红书体验，不得用点赞量代表独立笔记数或热度。如果没有任何可打开且正文直接提及该实体的小红书来源，请明确写“未发现可核实小红书来源”，不要生成实体行。最后单独列出疑似关闭、搬迁、改名、同名或分店混淆风险；没有可靠来源则写未确认。,1,graphId=food_295925ca-6403-49b6-bdb3-b2a6f356508b；score=87.0；existingEvidence=0；target=补齐首条直接体验证据,现行图谱高价值POI分层补采
GYTRAVEL-HV-20260916-0061,P0,住宿酒店-标准POI精确证据核实,南明区,核实标准实体“SANHE叁合酒店(贵阳甲秀楼青云市集店)”近24个月小红书直接体验来源，并严格区分同名和分店,这是独立的贵州省贵阳市高价值 POI 小红书证据核实任务，与前面问题无关。本题只核实一个标准实体：SANHE叁合酒店(贵阳甲秀楼青云市集店)；业务类型为住宿酒店；行政区为南明区；参考地址为贵州贵阳南明区西湖巷4号。请只依据近24个月来贵阳旅游的中国大陆游客发布的小红书真实到访笔记和实拍内容；证据不足时可放宽到36个月并明确说明，不足勿凑数，不设最低数量。只接受标题或正文能够直接指向该实体的帖子；同品牌不同分店必须依靠完整分店名、地址、商圈或附近地标区分，无法确认具体分店时写未确认，不得把品牌其他分店或同名地点的帖子归入本实体。只核实地图可定位、具有固定运营地址或稳定边界的这个实体，不要扩展推荐其他同类地点。第一行原样保留点点 AI 页面显示的“搜索并总结N人真实经验”“搜索并总结N篇笔记生成”或“ai总结N篇笔记生成”证据标记；第二行原样写“核实范围：南明区”。若存在可核实来源，只输出该实体一行，严格使用：POI名称｜外文/地图名｜POI业务类型｜POI细分类型｜行政区｜地理位置描述｜游客需求场景｜证据强度。POI名称必须对应“SANHE叁合酒店(贵阳甲秀楼青云市集店)”，POI业务类型必须写“住宿酒店”。没有来源依据的字段写未确认；不得凭名称、常识或地图资料补写小红书体验，不得用点赞量代表独立笔记数或热度。如果没有任何可打开且正文直接提及该实体的小红书来源，请明确写“未发现可核实小红书来源”，不要生成实体行。最后单独列出疑似关闭、搬迁、改名、同名或分店混淆风险；没有可靠来源则写未确认。,1,graphId=hotel_ctrip_108795351；score=88.77；existingEvidence=0；target=补齐首条直接体验证据,现行图谱高价值POI分层补采
GYTRAVEL-HV-20260916-0062,P0,住宿酒店-标准POI精确证据核实,观山湖区,核实标准实体“贵阳会展中心希尔顿欢朋酒店(阿云朵仓店)”近24个月小红书直接体验来源，并严格区分同名和分店,这是独立的贵州省贵阳市高价值 POI 小红书证据核实任务，与前面问题无关。本题只核实一个标准实体：贵阳会展中心希尔顿欢朋酒店(阿云朵仓店)；业务类型为住宿酒店；行政区为观山湖区；参考地址为贵州贵阳观山湖区长岭北路6号阿云朵仓4号栋。请只依据近24个月来贵阳旅游的中国大陆游客发布的小红书真实到访笔记和实拍内容；证据不足时可放宽到36个月并明确说明，不足勿凑数，不设最低数量。只接受标题或正文能够直接指向该实体的帖子；同品牌不同分店必须依靠完整分店名、地址、商圈或附近地标区分，无法确认具体分店时写未确认，不得把品牌其他分店或同名地点的帖子归入本实体。只核实地图可定位、具有固定运营地址或稳定边界的这个实体，不要扩展推荐其他同类地点。第一行原样保留点点 AI 页面显示的“搜索并总结N人真实经验”“搜索并总结N篇笔记生成”或“ai总结N篇笔记生成”证据标记；第二行原样写“核实范围：观山湖区”。若存在可核实来源，只输出该实体一行，严格使用：POI名称｜外文/地图名｜POI业务类型｜POI细分类型｜行政区｜地理位置描述｜游客需求场景｜证据强度。POI名称必须对应“贵阳会展中心希尔顿欢朋酒店(阿云朵仓店)”，POI业务类型必须写“住宿酒店”。没有来源依据的字段写未确认；不得凭名称、常识或地图资料补写小红书体验，不得用点赞量代表独立笔记数或热度。如果没有任何可打开且正文直接提及该实体的小红书来源，请明确写“未发现可核实小红书来源”，不要生成实体行。最后单独列出疑似关闭、搬迁、改名、同名或分店混淆风险；没有可靠来源则写未确认。,1,graphId=hotel_ctrip_51814634；score=88.39；existingEvidence=0；target=补齐首条直接体验证据,现行图谱高价值POI分层补采
GYTRAVEL-HV-20260916-0063,P0,住宿酒店-标准POI精确证据核实,南明区,核实标准实体“贵阳南明吉源希尔顿惠庭酒店”近24个月小红书直接体验来源，并严格区分同名和分店,这是独立的贵州省贵阳市高价值 POI 小红书证据核实任务，与前面问题无关。本题只核实一个标准实体：贵阳南明吉源希尔顿惠庭酒店；业务类型为住宿酒店；行政区为南明区；参考地址为贵州贵阳南明区西南环线96号。请只依据近24个月来贵阳旅游的中国大陆游客发布的小红书真实到访笔记和实拍内容；证据不足时可放宽到36个月并明确说明，不足勿凑数，不设最低数量。只接受标题或正文能够直接指向该实体的帖子；同品牌不同分店必须依靠完整分店名、地址、商圈或附近地标区分，无法确认具体分店时写未确认，不得把品牌其他分店或同名地点的帖子归入本实体。只核实地图可定位、具有固定运营地址或稳定边界的这个实体，不要扩展推荐其他同类地点。第一行原样保留点点 AI 页面显示的“搜索并总结N人真实经验”“搜索并总结N篇笔记生成”或“ai总结N篇笔记生成”证据标记；第二行原样写“核实范围：南明区”。若存在可核实来源，只输出该实体一行，严格使用：POI名称｜外文/地图名｜POI业务类型｜POI细分类型｜行政区｜地理位置描述｜游客需求场景｜证据强度。POI名称必须对应“贵阳南明吉源希尔顿惠庭酒店”，POI业务类型必须写“住宿酒店”。没有来源依据的字段写未确认；不得凭名称、常识或地图资料补写小红书体验，不得用点赞量代表独立笔记数或热度。如果没有任何可打开且正文直接提及该实体的小红书来源，请明确写“未发现可核实小红书来源”，不要生成实体行。最后单独列出疑似关闭、搬迁、改名、同名或分店混淆风险；没有可靠来源则写未确认。,1,graphId=hotel_ctrip_100964056；score=87.84；existingEvidence=0；target=补齐首条直接体验证据,现行图谱高价值POI分层补采
GYTRAVEL-HV-20260916-0064,P0,住宿酒店-标准POI精确证据核实,云岩区,核实标准实体“中濠国际酒店(贵阳喷水池甲秀楼店)”近24个月小红书直接体验来源，并严格区分同名和分店,这是独立的贵州省贵阳市高价值 POI 小红书证据核实任务，与前面问题无关。本题只核实一个标准实体：中濠国际酒店(贵阳喷水池甲秀楼店)；业务类型为住宿酒店；行政区为云岩区；参考地址为贵州贵阳云岩区中华中路38号时代广场北楼23楼。请只依据近24个月来贵阳旅游的中国大陆游客发布的小红书真实到访笔记和实拍内容；证据不足时可放宽到36个月并明确说明，不足勿凑数，不设最低数量。只接受标题或正文能够直接指向该实体的帖子；同品牌不同分店必须依靠完整分店名、地址、商圈或附近地标区分，无法确认具体分店时写未确认，不得把品牌其他分店或同名地点的帖子归入本实体。只核实地图可定位、具有固定运营地址或稳定边界的这个实体，不要扩展推荐其他同类地点。第一行原样保留点点 AI 页面显示的“搜索并总结N人真实经验”“搜索并总结N篇笔记生成”或“ai总结N篇笔记生成”证据标记；第二行原样写“核实范围：云岩区”。若存在可核实来源，只输出该实体一行，严格使用：POI名称｜外文/地图名｜POI业务类型｜POI细分类型｜行政区｜地理位置描述｜游客需求场景｜证据强度。POI名称必须对应“中濠国际酒店(贵阳喷水池甲秀楼店)”，POI业务类型必须写“住宿酒店”。没有来源依据的字段写未确认；不得凭名称、常识或地图资料补写小红书体验，不得用点赞量代表独立笔记数或热度。如果没有任何可打开且正文直接提及该实体的小红书来源，请明确写“未发现可核实小红书来源”，不要生成实体行。最后单独列出疑似关闭、搬迁、改名、同名或分店混淆风险；没有可靠来源则写未确认。,1,graphId=hotel_ctrip_101173416；score=87.49；existingEvidence=0；target=补齐首条直接体验证据,现行图谱高价值POI分层补采
GYTRAVEL-HV-20260916-0065,P0,住宿酒店-标准POI精确证据核实,观山湖区,核实标准实体“贵阳北站西广场美仑酒店”近24个月小红书直接体验来源，并严格区分同名和分店,这是独立的贵州省贵阳市高价值 POI 小红书证据核实任务，与前面问题无关。本题只核实一个标准实体：贵阳北站西广场美仑酒店；业务类型为住宿酒店；行政区为观山湖区；参考地址为贵州贵阳观山湖区北大资源梦想城9号地块A01栋。请只依据近24个月来贵阳旅游的中国大陆游客发布的小红书真实到访笔记和实拍内容；证据不足时可放宽到36个月并明确说明，不足勿凑数，不设最低数量。只接受标题或正文能够直接指向该实体的帖子；同品牌不同分店必须依靠完整分店名、地址、商圈或附近地标区分，无法确认具体分店时写未确认，不得把品牌其他分店或同名地点的帖子归入本实体。只核实地图可定位、具有固定运营地址或稳定边界的这个实体，不要扩展推荐其他同类地点。第一行原样保留点点 AI 页面显示的“搜索并总结N人真实经验”“搜索并总结N篇笔记生成”或“ai总结N篇笔记生成”证据标记；第二行原样写“核实范围：观山湖区”。若存在可核实来源，只输出该实体一行，严格使用：POI名称｜外文/地图名｜POI业务类型｜POI细分类型｜行政区｜地理位置描述｜游客需求场景｜证据强度。POI名称必须对应“贵阳北站西广场美仑酒店”，POI业务类型必须写“住宿酒店”。没有来源依据的字段写未确认；不得凭名称、常识或地图资料补写小红书体验，不得用点赞量代表独立笔记数或热度。如果没有任何可打开且正文直接提及该实体的小红书来源，请明确写“未发现可核实小红书来源”，不要生成实体行。最后单独列出疑似关闭、搬迁、改名、同名或分店混淆风险；没有可靠来源则写未确认。,1,graphId=hotel_ctrip_112369895；score=87.46；existingEvidence=0；target=补齐首条直接体验证据,现行图谱高价值POI分层补采
GYTRAVEL-HV-20260916-0066,P0,住宿酒店-标准POI精确证据核实,南明区,核实标准实体“贵阳凯宾斯基大酒店(甲秀楼护国路店)”近24个月小红书直接体验来源，并严格区分同名和分店,这是独立的贵州省贵阳市高价值 POI 小红书证据核实任务，与前面问题无关。本题只核实一个标准实体：贵阳凯宾斯基大酒店(甲秀楼护国路店)；业务类型为住宿酒店；行政区为南明区；参考地址为贵州贵阳南明区护国路68号。请只依据近24个月来贵阳旅游的中国大陆游客发布的小红书真实到访笔记和实拍内容；证据不足时可放宽到36个月并明确说明，不足勿凑数，不设最低数量。只接受标题或正文能够直接指向该实体的帖子；同品牌不同分店必须依靠完整分店名、地址、商圈或附近地标区分，无法确认具体分店时写未确认，不得把品牌其他分店或同名地点的帖子归入本实体。只核实地图可定位、具有固定运营地址或稳定边界的这个实体，不要扩展推荐其他同类地点。第一行原样保留点点 AI 页面显示的“搜索并总结N人真实经验”“搜索并总结N篇笔记生成”或“ai总结N篇笔记生成”证据标记；第二行原样写“核实范围：南明区”。若存在可核实来源，只输出该实体一行，严格使用：POI名称｜外文/地图名｜POI业务类型｜POI细分类型｜行政区｜地理位置描述｜游客需求场景｜证据强度。POI名称必须对应“贵阳凯宾斯基大酒店(甲秀楼护国路店)”，POI业务类型必须写“住宿酒店”。没有来源依据的字段写未确认；不得凭名称、常识或地图资料补写小红书体验，不得用点赞量代表独立笔记数或热度。如果没有任何可打开且正文直接提及该实体的小红书来源，请明确写“未发现可核实小红书来源”，不要生成实体行。最后单独列出疑似关闭、搬迁、改名、同名或分店混淆风险；没有可靠来源则写未确认。,1,graphId=hotel_ctrip_419905；score=87.16；existingEvidence=0；target=补齐首条直接体验证据,现行图谱高价值POI分层补采
GYTRAVEL-HV-20260916-0067,P0,住宿酒店-标准POI精确证据核实,南明区,核实标准实体“贵阳半山酒店(甲秀楼青云市集店)”近24个月小红书直接体验来源，并严格区分同名和分店,这是独立的贵州省贵阳市高价值 POI 小红书证据核实任务，与前面问题无关。本题只核实一个标准实体：贵阳半山酒店(甲秀楼青云市集店)；业务类型为住宿酒店；行政区为南明区；参考地址为贵州贵阳南明区瑞金南路308号。请只依据近24个月来贵阳旅游的中国大陆游客发布的小红书真实到访笔记和实拍内容；证据不足时可放宽到36个月并明确说明，不足勿凑数，不设最低数量。只接受标题或正文能够直接指向该实体的帖子；同品牌不同分店必须依靠完整分店名、地址、商圈或附近地标区分，无法确认具体分店时写未确认，不得把品牌其他分店或同名地点的帖子归入本实体。只核实地图可定位、具有固定运营地址或稳定边界的这个实体，不要扩展推荐其他同类地点。第一行原样保留点点 AI 页面显示的“搜索并总结N人真实经验”“搜索并总结N篇笔记生成”或“ai总结N篇笔记生成”证据标记；第二行原样写“核实范围：南明区”。若存在可核实来源，只输出该实体一行，严格使用：POI名称｜外文/地图名｜POI业务类型｜POI细分类型｜行政区｜地理位置描述｜游客需求场景｜证据强度。POI名称必须对应“贵阳半山酒店(甲秀楼青云市集店)”，POI业务类型必须写“住宿酒店”。没有来源依据的字段写未确认；不得凭名称、常识或地图资料补写小红书体验，不得用点赞量代表独立笔记数或热度。如果没有任何可打开且正文直接提及该实体的小红书来源，请明确写“未发现可核实小红书来源”，不要生成实体行。最后单独列出疑似关闭、搬迁、改名、同名或分店混淆风险；没有可靠来源则写未确认。,1,graphId=hotel_ctrip_130110283；score=87.02；existingEvidence=0；target=补齐首条直接体验证据,现行图谱高价值POI分层补采
GYTRAVEL-HV-20260916-0068,P0,住宿酒店-标准POI精确证据核实,南明区,核实标准实体“贵阳雅高铂尔曼大酒店(甲秀楼鸿通城购物中心店)”近24个月小红书直接体验来源，并严格区分同名和分店,这是独立的贵州省贵阳市高价值 POI 小红书证据核实任务，与前面问题无关。本题只核实一个标准实体：贵阳雅高铂尔曼大酒店(甲秀楼鸿通城购物中心店)；业务类型为住宿酒店；行政区为南明区；参考地址为贵州贵阳南明区解放路100号。请只依据近24个月来贵阳旅游的中国大陆游客发布的小红书真实到访笔记和实拍内容；证据不足时可放宽到36个月并明确说明，不足勿凑数，不设最低数量。只接受标题或正文能够直接指向该实体的帖子；同品牌不同分店必须依靠完整分店名、地址、商圈或附近地标区分，无法确认具体分店时写未确认，不得把品牌其他分店或同名地点的帖子归入本实体。只核实地图可定位、具有固定运营地址或稳定边界的这个实体，不要扩展推荐其他同类地点。第一行原样保留点点 AI 页面显示的“搜索并总结N人真实经验”“搜索并总结N篇笔记生成”或“ai总结N篇笔记生成”证据标记；第二行原样写“核实范围：南明区”。若存在可核实来源，只输出该实体一行，严格使用：POI名称｜外文/地图名｜POI业务类型｜POI细分类型｜行政区｜地理位置描述｜游客需求场景｜证据强度。POI名称必须对应“贵阳雅高铂尔曼大酒店(甲秀楼鸿通城购物中心店)”，POI业务类型必须写“住宿酒店”。没有来源依据的字段写未确认；不得凭名称、常识或地图资料补写小红书体验，不得用点赞量代表独立笔记数或热度。如果没有任何可打开且正文直接提及该实体的小红书来源，请明确写“未发现可核实小红书来源”，不要生成实体行。最后单独列出疑似关闭、搬迁、改名、同名或分店混淆风险；没有可靠来源则写未确认。,1,graphId=hotel_ctrip_428581；score=87.02；existingEvidence=0；target=补齐首条直接体验证据,现行图谱高价值POI分层补采
GYTRAVEL-HV-20260916-0069,P0,住宿酒店-标准POI精确证据核实,云岩区,核实标准实体“贵阳大十字广场喷水池高空亚朵酒店”近24个月小红书直接体验来源，并严格区分同名和分店,这是独立的贵州省贵阳市高价值 POI 小红书证据核实任务，与前面问题无关。本题只核实一个标准实体：贵阳大十字广场喷水池高空亚朵酒店；业务类型为住宿酒店；行政区为云岩区；参考地址为贵州贵阳云岩区中华中路1号峰会国际大厦B座1楼。请只依据近24个月来贵阳旅游的中国大陆游客发布的小红书真实到访笔记和实拍内容；证据不足时可放宽到36个月并明确说明，不足勿凑数，不设最低数量。只接受标题或正文能够直接指向该实体的帖子；同品牌不同分店必须依靠完整分店名、地址、商圈或附近地标区分，无法确认具体分店时写未确认，不得把品牌其他分店或同名地点的帖子归入本实体。只核实地图可定位、具有固定运营地址或稳定边界的这个实体，不要扩展推荐其他同类地点。第一行原样保留点点 AI 页面显示的“搜索并总结N人真实经验”“搜索并总结N篇笔记生成”或“ai总结N篇笔记生成”证据标记；第二行原样写“核实范围：云岩区”。若存在可核实来源，只输出该实体一行，严格使用：POI名称｜外文/地图名｜POI业务类型｜POI细分类型｜行政区｜地理位置描述｜游客需求场景｜证据强度。POI名称必须对应“贵阳大十字广场喷水池高空亚朵酒店”，POI业务类型必须写“住宿酒店”。没有来源依据的字段写未确认；不得凭名称、常识或地图资料补写小红书体验，不得用点赞量代表独立笔记数或热度。如果没有任何可打开且正文直接提及该实体的小红书来源，请明确写“未发现可核实小红书来源”，不要生成实体行。最后单独列出疑似关闭、搬迁、改名、同名或分店混淆风险；没有可靠来源则写未确认。,1,graphId=hotel_ctrip_102608903；score=86.69；existingEvidence=0；target=补齐首条直接体验证据,现行图谱高价值POI分层补采
GYTRAVEL-HV-20260916-0070,P0,住宿酒店-标准POI精确证据核实,观山湖区,核实标准实体“Grandnite Hotel·顾奈城市酒店(贵阳观山湖会展城金融城店)”近24个月小红书直接体验来源，并严格区分同名和分店,这是独立的贵州省贵阳市高价值 POI 小红书证据核实任务，与前面问题无关。本题只核实一个标准实体：Grandnite Hotel·顾奈城市酒店(贵阳观山湖会展城金融城店)；业务类型为住宿酒店；行政区为观山湖区；参考地址为贵州贵阳观山湖区金融城E区派公寓D座13楼。请只依据近24个月来贵阳旅游的中国大陆游客发布的小红书真实到访笔记和实拍内容；证据不足时可放宽到36个月并明确说明，不足勿凑数，不设最低数量。只接受标题或正文能够直接指向该实体的帖子；同品牌不同分店必须依靠完整分店名、地址、商圈或附近地标区分，无法确认具体分店时写未确认，不得把品牌其他分店或同名地点的帖子归入本实体。只核实地图可定位、具有固定运营地址或稳定边界的这个实体，不要扩展推荐其他同类地点。第一行原样保留点点 AI 页面显示的“搜索并总结N人真实经验”“搜索并总结N篇笔记生成”或“ai总结N篇笔记生成”证据标记；第二行原样写“核实范围：观山湖区”。若存在可核实来源，只输出该实体一行，严格使用：POI名称｜外文/地图名｜POI业务类型｜POI细分类型｜行政区｜地理位置描述｜游客需求场景｜证据强度。POI名称必须对应“Grandnite Hotel·顾奈城市酒店(贵阳观山湖会展城金融城店)”，POI业务类型必须写“住宿酒店”。没有来源依据的字段写未确认；不得凭名称、常识或地图资料补写小红书体验，不得用点赞量代表独立笔记数或热度。如果没有任何可打开且正文直接提及该实体的小红书来源，请明确写“未发现可核实小红书来源”，不要生成实体行。最后单独列出疑似关闭、搬迁、改名、同名或分店混淆风险；没有可靠来源则写未确认。,1,graphId=hotel_ctrip_78385390；score=86.64；existingEvidence=0；target=补齐首条直接体验证据,现行图谱高价值POI分层补采
GYTRAVEL-HV-20260916-0071,P0,住宿酒店-标准POI精确证据核实,观山湖区,核实标准实体“贵阳中天凯悦酒店”近24个月小红书直接体验来源，并严格区分同名和分店,这是独立的贵州省贵阳市高价值 POI 小红书证据核实任务，与前面问题无关。本题只核实一个标准实体：贵阳中天凯悦酒店；业务类型为住宿酒店；行政区为观山湖区；参考地址为贵州贵阳观山湖区中天路7号。请只依据近24个月来贵阳旅游的中国大陆游客发布的小红书真实到访笔记和实拍内容；证据不足时可放宽到36个月并明确说明，不足勿凑数，不设最低数量。只接受标题或正文能够直接指向该实体的帖子；同品牌不同分店必须依靠完整分店名、地址、商圈或附近地标区分，无法确认具体分店时写未确认，不得把品牌其他分店或同名地点的帖子归入本实体。只核实地图可定位、具有固定运营地址或稳定边界的这个实体，不要扩展推荐其他同类地点。第一行原样保留点点 AI 页面显示的“搜索并总结N人真实经验”“搜索并总结N篇笔记生成”或“ai总结N篇笔记生成”证据标记；第二行原样写“核实范围：观山湖区”。若存在可核实来源，只输出该实体一行，严格使用：POI名称｜外文/地图名｜POI业务类型｜POI细分类型｜行政区｜地理位置描述｜游客需求场景｜证据强度。POI名称必须对应“贵阳中天凯悦酒店”，POI业务类型必须写“住宿酒店”。没有来源依据的字段写未确认；不得凭名称、常识或地图资料补写小红书体验，不得用点赞量代表独立笔记数或热度。如果没有任何可打开且正文直接提及该实体的小红书来源，请明确写“未发现可核实小红书来源”，不要生成实体行。最后单独列出疑似关闭、搬迁、改名、同名或分店混淆风险；没有可靠来源则写未确认。,1,graphId=hotel_ctrip_386659；score=86.64；existingEvidence=0；target=补齐首条直接体验证据,现行图谱高价值POI分层补采
GYTRAVEL-HV-20260916-0072,P0,住宿酒店-标准POI精确证据核实,南明区,核实标准实体“丽橙酒店·悦(贵阳大十字广场甲秀楼店)”近24个月小红书直接体验来源，并严格区分同名和分店,这是独立的贵州省贵阳市高价值 POI 小红书证据核实任务，与前面问题无关。本题只核实一个标准实体：丽橙酒店·悦(贵阳大十字广场甲秀楼店)；业务类型为住宿酒店；行政区为南明区；参考地址为贵州贵阳南明区中华南路与都司路交界处和丰国际商办楼5楼 (中南社区)。请只依据近24个月来贵阳旅游的中国大陆游客发布的小红书真实到访笔记和实拍内容；证据不足时可放宽到36个月并明确说明，不足勿凑数，不设最低数量。只接受标题或正文能够直接指向该实体的帖子；同品牌不同分店必须依靠完整分店名、地址、商圈或附近地标区分，无法确认具体分店时写未确认，不得把品牌其他分店或同名地点的帖子归入本实体。只核实地图可定位、具有固定运营地址或稳定边界的这个实体，不要扩展推荐其他同类地点。第一行原样保留点点 AI 页面显示的“搜索并总结N人真实经验”“搜索并总结N篇笔记生成”或“ai总结N篇笔记生成”证据标记；第二行原样写“核实范围：南明区”。若存在可核实来源，只输出该实体一行，严格使用：POI名称｜外文/地图名｜POI业务类型｜POI细分类型｜行政区｜地理位置描述｜游客需求场景｜证据强度。POI名称必须对应“丽橙酒店·悦(贵阳大十字广场甲秀楼店)”，POI业务类型必须写“住宿酒店”。没有来源依据的字段写未确认；不得凭名称、常识或地图资料补写小红书体验，不得用点赞量代表独立笔记数或热度。如果没有任何可打开且正文直接提及该实体的小红书来源，请明确写“未发现可核实小红书来源”，不要生成实体行。最后单独列出疑似关闭、搬迁、改名、同名或分店混淆风险；没有可靠来源则写未确认。,1,graphId=hotel_ctrip_26690794；score=86.43；existingEvidence=0；target=补齐首条直接体验证据,现行图谱高价值POI分层补采
GYTRAVEL-HV-20260916-0073,P0,住宿酒店-标准POI精确证据核实,南明区,核实标准实体“贵阳南明火车站希尔顿欢朋酒店”近24个月小红书直接体验来源，并严格区分同名和分店,这是独立的贵州省贵阳市高价值 POI 小红书证据核实任务，与前面问题无关。本题只核实一个标准实体：贵阳南明火车站希尔顿欢朋酒店；业务类型为住宿酒店；行政区为南明区；参考地址为贵州贵阳南明区花溪大道北段262号万科翡翠滨江A1楼。请只依据近24个月来贵阳旅游的中国大陆游客发布的小红书真实到访笔记和实拍内容；证据不足时可放宽到36个月并明确说明，不足勿凑数，不设最低数量。只接受标题或正文能够直接指向该实体的帖子；同品牌不同分店必须依靠完整分店名、地址、商圈或附近地标区分，无法确认具体分店时写未确认，不得把品牌其他分店或同名地点的帖子归入本实体。只核实地图可定位、具有固定运营地址或稳定边界的这个实体，不要扩展推荐其他同类地点。第一行原样保留点点 AI 页面显示的“搜索并总结N人真实经验”“搜索并总结N篇笔记生成”或“ai总结N篇笔记生成”证据标记；第二行原样写“核实范围：南明区”。若存在可核实来源，只输出该实体一行，严格使用：POI名称｜外文/地图名｜POI业务类型｜POI细分类型｜行政区｜地理位置描述｜游客需求场景｜证据强度。POI名称必须对应“贵阳南明火车站希尔顿欢朋酒店”，POI业务类型必须写“住宿酒店”。没有来源依据的字段写未确认；不得凭名称、常识或地图资料补写小红书体验，不得用点赞量代表独立笔记数或热度。如果没有任何可打开且正文直接提及该实体的小红书来源，请明确写“未发现可核实小红书来源”，不要生成实体行。最后单独列出疑似关闭、搬迁、改名、同名或分店混淆风险；没有可靠来源则写未确认。,1,graphId=hotel_ctrip_115067409；score=86.33；existingEvidence=0；target=补齐首条直接体验证据,现行图谱高价值POI分层补采
GYTRAVEL-HV-20260916-0074,P0,住宿酒店-标准POI精确证据核实,云岩区,核实标准实体“YSEE悦见酒店(贵阳喷水池民生路店)”近24个月小红书直接体验来源，并严格区分同名和分店,这是独立的贵州省贵阳市高价值 POI 小红书证据核实任务，与前面问题无关。本题只核实一个标准实体：YSEE悦见酒店(贵阳喷水池民生路店)；业务类型为住宿酒店；行政区为云岩区；参考地址为贵州贵阳云岩区勇烈路31号。请只依据近24个月来贵阳旅游的中国大陆游客发布的小红书真实到访笔记和实拍内容；证据不足时可放宽到36个月并明确说明，不足勿凑数，不设最低数量。只接受标题或正文能够直接指向该实体的帖子；同品牌不同分店必须依靠完整分店名、地址、商圈或附近地标区分，无法确认具体分店时写未确认，不得把品牌其他分店或同名地点的帖子归入本实体。只核实地图可定位、具有固定运营地址或稳定边界的这个实体，不要扩展推荐其他同类地点。第一行原样保留点点 AI 页面显示的“搜索并总结N人真实经验”“搜索并总结N篇笔记生成”或“ai总结N篇笔记生成”证据标记；第二行原样写“核实范围：云岩区”。若存在可核实来源，只输出该实体一行，严格使用：POI名称｜外文/地图名｜POI业务类型｜POI细分类型｜行政区｜地理位置描述｜游客需求场景｜证据强度。POI名称必须对应“YSEE悦见酒店(贵阳喷水池民生路店)”，POI业务类型必须写“住宿酒店”。没有来源依据的字段写未确认；不得凭名称、常识或地图资料补写小红书体验，不得用点赞量代表独立笔记数或热度。如果没有任何可打开且正文直接提及该实体的小红书来源，请明确写“未发现可核实小红书来源”，不要生成实体行。最后单独列出疑似关闭、搬迁、改名、同名或分店混淆风险；没有可靠来源则写未确认。,1,graphId=hotel_ctrip_126993360；score=86.1；existingEvidence=0；target=补齐首条直接体验证据,现行图谱高价值POI分层补采
GYTRAVEL-HV-20260916-0075,P0,住宿酒店-标准POI精确证据核实,南明区,核实标准实体“See GuiYang·雲翼高空酒店(贵阳甲秀楼民生路店)”近24个月小红书直接体验来源，并严格区分同名和分店,这是独立的贵州省贵阳市高价值 POI 小红书证据核实任务，与前面问题无关。本题只核实一个标准实体：See GuiYang·雲翼高空酒店(贵阳甲秀楼民生路店)；业务类型为住宿酒店；行政区为南明区；参考地址为贵州贵阳南明区都司高架桥路33号亨特国际金融中心33楼。请只依据近24个月来贵阳旅游的中国大陆游客发布的小红书真实到访笔记和实拍内容；证据不足时可放宽到36个月并明确说明，不足勿凑数，不设最低数量。只接受标题或正文能够直接指向该实体的帖子；同品牌不同分店必须依靠完整分店名、地址、商圈或附近地标区分，无法确认具体分店时写未确认，不得把品牌其他分店或同名地点的帖子归入本实体。只核实地图可定位、具有固定运营地址或稳定边界的这个实体，不要扩展推荐其他同类地点。第一行原样保留点点 AI 页面显示的“搜索并总结N人真实经验”“搜索并总结N篇笔记生成”或“ai总结N篇笔记生成”证据标记；第二行原样写“核实范围：南明区”。若存在可核实来源，只输出该实体一行，严格使用：POI名称｜外文/地图名｜POI业务类型｜POI细分类型｜行政区｜地理位置描述｜游客需求场景｜证据强度。POI名称必须对应“See GuiYang·雲翼高空酒店(贵阳甲秀楼民生路店)”，POI业务类型必须写“住宿酒店”。没有来源依据的字段写未确认；不得凭名称、常识或地图资料补写小红书体验，不得用点赞量代表独立笔记数或热度。如果没有任何可打开且正文直接提及该实体的小红书来源，请明确写“未发现可核实小红书来源”，不要生成实体行。最后单独列出疑似关闭、搬迁、改名、同名或分店混淆风险；没有可靠来源则写未确认。,1,graphId=hotel_ctrip_96808096；score=86.04；existingEvidence=0；target=补齐首条直接体验证据,现行图谱高价值POI分层补采
GYTRAVEL-HV-20260916-0076,P0,住宿酒店-标准POI精确证据核实,观山湖区,核实标准实体“ANDZO·安屿洲酒店(贵阳观山湖公园林城西路地铁站店)”近24个月小红书直接体验来源，并严格区分同名和分店,这是独立的贵州省贵阳市高价值 POI 小红书证据核实任务，与前面问题无关。本题只核实一个标准实体：ANDZO·安屿洲酒店(贵阳观山湖公园林城西路地铁站店)；业务类型为住宿酒店；行政区为观山湖区；参考地址为贵州贵阳观山湖区诚信路群升千禧广场06栋。请只依据近24个月来贵阳旅游的中国大陆游客发布的小红书真实到访笔记和实拍内容；证据不足时可放宽到36个月并明确说明，不足勿凑数，不设最低数量。只接受标题或正文能够直接指向该实体的帖子；同品牌不同分店必须依靠完整分店名、地址、商圈或附近地标区分，无法确认具体分店时写未确认，不得把品牌其他分店或同名地点的帖子归入本实体。只核实地图可定位、具有固定运营地址或稳定边界的这个实体，不要扩展推荐其他同类地点。第一行原样保留点点 AI 页面显示的“搜索并总结N人真实经验”“搜索并总结N篇笔记生成”或“ai总结N篇笔记生成”证据标记；第二行原样写“核实范围：观山湖区”。若存在可核实来源，只输出该实体一行，严格使用：POI名称｜外文/地图名｜POI业务类型｜POI细分类型｜行政区｜地理位置描述｜游客需求场景｜证据强度。POI名称必须对应“ANDZO·安屿洲酒店(贵阳观山湖公园林城西路地铁站店)”，POI业务类型必须写“住宿酒店”。没有来源依据的字段写未确认；不得凭名称、常识或地图资料补写小红书体验，不得用点赞量代表独立笔记数或热度。如果没有任何可打开且正文直接提及该实体的小红书来源，请明确写“未发现可核实小红书来源”，不要生成实体行。最后单独列出疑似关闭、搬迁、改名、同名或分店混淆风险；没有可靠来源则写未确认。,1,graphId=hotel_ctrip_119370169；score=85.97；existingEvidence=0；target=补齐首条直接体验证据,现行图谱高价值POI分层补采
GYTRAVEL-HV-20260916-0077,P0,住宿酒店-标准POI精确证据核实,云岩区,核实标准实体“贵州饭店·贵宾楼(黔灵公园北京路地铁站店)”近24个月小红书直接体验来源，并严格区分同名和分店,这是独立的贵州省贵阳市高价值 POI 小红书证据核实任务，与前面问题无关。本题只核实一个标准实体：贵州饭店·贵宾楼(黔灵公园北京路地铁站店)；业务类型为住宿酒店；行政区为云岩区；参考地址为贵州贵阳云岩区北京路66号。请只依据近24个月来贵阳旅游的中国大陆游客发布的小红书真实到访笔记和实拍内容；证据不足时可放宽到36个月并明确说明，不足勿凑数，不设最低数量。只接受标题或正文能够直接指向该实体的帖子；同品牌不同分店必须依靠完整分店名、地址、商圈或附近地标区分，无法确认具体分店时写未确认，不得把品牌其他分店或同名地点的帖子归入本实体。只核实地图可定位、具有固定运营地址或稳定边界的这个实体，不要扩展推荐其他同类地点。第一行原样保留点点 AI 页面显示的“搜索并总结N人真实经验”“搜索并总结N篇笔记生成”或“ai总结N篇笔记生成”证据标记；第二行原样写“核实范围：云岩区”。若存在可核实来源，只输出该实体一行，严格使用：POI名称｜外文/地图名｜POI业务类型｜POI细分类型｜行政区｜地理位置描述｜游客需求场景｜证据强度。POI名称必须对应“贵州饭店·贵宾楼(黔灵公园北京路地铁站店)”，POI业务类型必须写“住宿酒店”。没有来源依据的字段写未确认；不得凭名称、常识或地图资料补写小红书体验，不得用点赞量代表独立笔记数或热度。如果没有任何可打开且正文直接提及该实体的小红书来源，请明确写“未发现可核实小红书来源”，不要生成实体行。最后单独列出疑似关闭、搬迁、改名、同名或分店混淆风险；没有可靠来源则写未确认。,1,graphId=hotel_ctrip_91549604；score=85.79；existingEvidence=1；target=将独立直接体验证据补到至少3篇,现行图谱高价值POI分层补采
GYTRAVEL-HV-20260916-0078,P0,住宿酒店-标准POI精确证据核实,南明区,核实标准实体“贵阳亨特索菲特酒店(甲秀楼民生路店)”近24个月小红书直接体验来源，并严格区分同名和分店,这是独立的贵州省贵阳市高价值 POI 小红书证据核实任务，与前面问题无关。本题只核实一个标准实体：贵阳亨特索菲特酒店(甲秀楼民生路店)；业务类型为住宿酒店；行政区为南明区；参考地址为贵州贵阳南明区都司高架桥路33号。请只依据近24个月来贵阳旅游的中国大陆游客发布的小红书真实到访笔记和实拍内容；证据不足时可放宽到36个月并明确说明，不足勿凑数，不设最低数量。只接受标题或正文能够直接指向该实体的帖子；同品牌不同分店必须依靠完整分店名、地址、商圈或附近地标区分，无法确认具体分店时写未确认，不得把品牌其他分店或同名地点的帖子归入本实体。只核实地图可定位、具有固定运营地址或稳定边界的这个实体，不要扩展推荐其他同类地点。第一行原样保留点点 AI 页面显示的“搜索并总结N人真实经验”“搜索并总结N篇笔记生成”或“ai总结N篇笔记生成”证据标记；第二行原样写“核实范围：南明区”。若存在可核实来源，只输出该实体一行，严格使用：POI名称｜外文/地图名｜POI业务类型｜POI细分类型｜行政区｜地理位置描述｜游客需求场景｜证据强度。POI名称必须对应“贵阳亨特索菲特酒店(甲秀楼民生路店)”，POI业务类型必须写“住宿酒店”。没有来源依据的字段写未确认；不得凭名称、常识或地图资料补写小红书体验，不得用点赞量代表独立笔记数或热度。如果没有任何可打开且正文直接提及该实体的小红书来源，请明确写“未发现可核实小红书来源”，不要生成实体行。最后单独列出疑似关闭、搬迁、改名、同名或分店混淆风险；没有可靠来源则写未确认。,1,graphId=hotel_ctrip_6561071；score=85.56；existingEvidence=1；target=将独立直接体验证据补到至少3篇,现行图谱高价值POI分层补采
GYTRAVEL-HV-20260916-0079,P0,住宿酒店-标准POI精确证据核实,南明区,核实标准实体“贵州峰润喀斯特酒店(甲秀楼青云市集店)”近24个月小红书直接体验来源，并严格区分同名和分店,这是独立的贵州省贵阳市高价值 POI 小红书证据核实任务，与前面问题无关。本题只核实一个标准实体：贵州峰润喀斯特酒店(甲秀楼青云市集店)；业务类型为住宿酒店；行政区为南明区；参考地址为贵州贵阳南明区瑞金南路149号。请只依据近24个月来贵阳旅游的中国大陆游客发布的小红书真实到访笔记和实拍内容；证据不足时可放宽到36个月并明确说明，不足勿凑数，不设最低数量。只接受标题或正文能够直接指向该实体的帖子；同品牌不同分店必须依靠完整分店名、地址、商圈或附近地标区分，无法确认具体分店时写未确认，不得把品牌其他分店或同名地点的帖子归入本实体。只核实地图可定位、具有固定运营地址或稳定边界的这个实体，不要扩展推荐其他同类地点。第一行原样保留点点 AI 页面显示的“搜索并总结N人真实经验”“搜索并总结N篇笔记生成”或“ai总结N篇笔记生成”证据标记；第二行原样写“核实范围：南明区”。若存在可核实来源，只输出该实体一行，严格使用：POI名称｜外文/地图名｜POI业务类型｜POI细分类型｜行政区｜地理位置描述｜游客需求场景｜证据强度。POI名称必须对应“贵州峰润喀斯特酒店(甲秀楼青云市集店)”，POI业务类型必须写“住宿酒店”。没有来源依据的字段写未确认；不得凭名称、常识或地图资料补写小红书体验，不得用点赞量代表独立笔记数或热度。如果没有任何可打开且正文直接提及该实体的小红书来源，请明确写“未发现可核实小红书来源”，不要生成实体行。最后单独列出疑似关闭、搬迁、改名、同名或分店混淆风险；没有可靠来源则写未确认。,1,graphId=hotel_ctrip_437432；score=85.16；existingEvidence=0；target=补齐首条直接体验证据,现行图谱高价值POI分层补采
GYTRAVEL-HV-20260916-0080,P0,住宿酒店-标准POI精确证据核实,云岩区,核实标准实体“贵阳云岩喷水池地铁站亚朵轻居酒店”近24个月小红书直接体验来源，并严格区分同名和分店,这是独立的贵州省贵阳市高价值 POI 小红书证据核实任务，与前面问题无关。本题只核实一个标准实体：贵阳云岩喷水池地铁站亚朵轻居酒店；业务类型为住宿酒店；行政区为云岩区；参考地址为贵州贵阳云岩区黔灵西路11号。请只依据近24个月来贵阳旅游的中国大陆游客发布的小红书真实到访笔记和实拍内容；证据不足时可放宽到36个月并明确说明，不足勿凑数，不设最低数量。只接受标题或正文能够直接指向该实体的帖子；同品牌不同分店必须依靠完整分店名、地址、商圈或附近地标区分，无法确认具体分店时写未确认，不得把品牌其他分店或同名地点的帖子归入本实体。只核实地图可定位、具有固定运营地址或稳定边界的这个实体，不要扩展推荐其他同类地点。第一行原样保留点点 AI 页面显示的“搜索并总结N人真实经验”“搜索并总结N篇笔记生成”或“ai总结N篇笔记生成”证据标记；第二行原样写“核实范围：云岩区”。若存在可核实来源，只输出该实体一行，严格使用：POI名称｜外文/地图名｜POI业务类型｜POI细分类型｜行政区｜地理位置描述｜游客需求场景｜证据强度。POI名称必须对应“贵阳云岩喷水池地铁站亚朵轻居酒店”，POI业务类型必须写“住宿酒店”。没有来源依据的字段写未确认；不得凭名称、常识或地图资料补写小红书体验，不得用点赞量代表独立笔记数或热度。如果没有任何可打开且正文直接提及该实体的小红书来源，请明确写“未发现可核实小红书来源”，不要生成实体行。最后单独列出疑似关闭、搬迁、改名、同名或分店混淆风险；没有可靠来源则写未确认。,1,graphId=hotel_ctrip_2365773；score=84.91；existingEvidence=0；target=补齐首条直接体验证据,现行图谱高价值POI分层补采
GYTRAVEL-HV-20260916-0081,P0,住宿酒店-标准POI精确证据核实,观山湖区,核实标准实体“贵阳东景希尔顿酒店”近24个月小红书直接体验来源，并严格区分同名和分店,这是独立的贵州省贵阳市高价值 POI 小红书证据核实任务，与前面问题无关。本题只核实一个标准实体：贵阳东景希尔顿酒店；业务类型为住宿酒店；行政区为观山湖区；参考地址为贵州贵阳观山湖区金阳北路277号。请只依据近24个月来贵阳旅游的中国大陆游客发布的小红书真实到访笔记和实拍内容；证据不足时可放宽到36个月并明确说明，不足勿凑数，不设最低数量。只接受标题或正文能够直接指向该实体的帖子；同品牌不同分店必须依靠完整分店名、地址、商圈或附近地标区分，无法确认具体分店时写未确认，不得把品牌其他分店或同名地点的帖子归入本实体。只核实地图可定位、具有固定运营地址或稳定边界的这个实体，不要扩展推荐其他同类地点。第一行原样保留点点 AI 页面显示的“搜索并总结N人真实经验”“搜索并总结N篇笔记生成”或“ai总结N篇笔记生成”证据标记；第二行原样写“核实范围：观山湖区”。若存在可核实来源，只输出该实体一行，严格使用：POI名称｜外文/地图名｜POI业务类型｜POI细分类型｜行政区｜地理位置描述｜游客需求场景｜证据强度。POI名称必须对应“贵阳东景希尔顿酒店”，POI业务类型必须写“住宿酒店”。没有来源依据的字段写未确认；不得凭名称、常识或地图资料补写小红书体验，不得用点赞量代表独立笔记数或热度。如果没有任何可打开且正文直接提及该实体的小红书来源，请明确写“未发现可核实小红书来源”，不要生成实体行。最后单独列出疑似关闭、搬迁、改名、同名或分店混淆风险；没有可靠来源则写未确认。,1,graphId=hotel_ctrip_50282883；score=84.5；existingEvidence=0；target=补齐首条直接体验证据,现行图谱高价值POI分层补采
GYTRAVEL-HV-20260916-0082,P0,住宿酒店-标准POI精确证据核实,观山湖区,核实标准实体“贵阳温德姆花园酒店(观山湖会展中心金融城店)”近24个月小红书直接体验来源，并严格区分同名和分店,这是独立的贵州省贵阳市高价值 POI 小红书证据核实任务，与前面问题无关。本题只核实一个标准实体：贵阳温德姆花园酒店(观山湖会展中心金融城店)；业务类型为住宿酒店；行政区为观山湖区；参考地址为贵州贵阳观山湖区贵阳国际金融中心一期商务区4幢。请只依据近24个月来贵阳旅游的中国大陆游客发布的小红书真实到访笔记和实拍内容；证据不足时可放宽到36个月并明确说明，不足勿凑数，不设最低数量。只接受标题或正文能够直接指向该实体的帖子；同品牌不同分店必须依靠完整分店名、地址、商圈或附近地标区分，无法确认具体分店时写未确认，不得把品牌其他分店或同名地点的帖子归入本实体。只核实地图可定位、具有固定运营地址或稳定边界的这个实体，不要扩展推荐其他同类地点。第一行原样保留点点 AI 页面显示的“搜索并总结N人真实经验”“搜索并总结N篇笔记生成”或“ai总结N篇笔记生成”证据标记；第二行原样写“核实范围：观山湖区”。若存在可核实来源，只输出该实体一行，严格使用：POI名称｜外文/地图名｜POI业务类型｜POI细分类型｜行政区｜地理位置描述｜游客需求场景｜证据强度。POI名称必须对应“贵阳温德姆花园酒店(观山湖会展中心金融城店)”，POI业务类型必须写“住宿酒店”。没有来源依据的字段写未确认；不得凭名称、常识或地图资料补写小红书体验，不得用点赞量代表独立笔记数或热度。如果没有任何可打开且正文直接提及该实体的小红书来源，请明确写“未发现可核实小红书来源”，不要生成实体行。最后单独列出疑似关闭、搬迁、改名、同名或分店混淆风险；没有可靠来源则写未确认。,1,graphId=hotel_ctrip_45900425；score=84.37；existingEvidence=0；target=补齐首条直接体验证据,现行图谱高价值POI分层补采
GYTRAVEL-HV-20260916-0083,P0,住宿酒店-标准POI精确证据核实,云岩区,核实标准实体“贵阳喷水池桔子水晶酒店”近24个月小红书直接体验来源，并严格区分同名和分店,这是独立的贵州省贵阳市高价值 POI 小红书证据核实任务，与前面问题无关。本题只核实一个标准实体：贵阳喷水池桔子水晶酒店；业务类型为住宿酒店；行政区为云岩区；参考地址为贵州贵阳云岩区延安东路18号。请只依据近24个月来贵阳旅游的中国大陆游客发布的小红书真实到访笔记和实拍内容；证据不足时可放宽到36个月并明确说明，不足勿凑数，不设最低数量。只接受标题或正文能够直接指向该实体的帖子；同品牌不同分店必须依靠完整分店名、地址、商圈或附近地标区分，无法确认具体分店时写未确认，不得把品牌其他分店或同名地点的帖子归入本实体。只核实地图可定位、具有固定运营地址或稳定边界的这个实体，不要扩展推荐其他同类地点。第一行原样保留点点 AI 页面显示的“搜索并总结N人真实经验”“搜索并总结N篇笔记生成”或“ai总结N篇笔记生成”证据标记；第二行原样写“核实范围：云岩区”。若存在可核实来源，只输出该实体一行，严格使用：POI名称｜外文/地图名｜POI业务类型｜POI细分类型｜行政区｜地理位置描述｜游客需求场景｜证据强度。POI名称必须对应“贵阳喷水池桔子水晶酒店”，POI业务类型必须写“住宿酒店”。没有来源依据的字段写未确认；不得凭名称、常识或地图资料补写小红书体验，不得用点赞量代表独立笔记数或热度。如果没有任何可打开且正文直接提及该实体的小红书来源，请明确写“未发现可核实小红书来源”，不要生成实体行。最后单独列出疑似关闭、搬迁、改名、同名或分店混淆风险；没有可靠来源则写未确认。,1,graphId=hotel_ctrip_54847596；score=84.25；existingEvidence=0；target=补齐首条直接体验证据,现行图谱高价值POI分层补采
GYTRAVEL-HV-20260916-0084,P0,住宿酒店-标准POI精确证据核实,观山湖区,核实标准实体“HUACHENG华呈·V时光漫步酒店(观山湖公园林城西路地铁站店)”近24个月小红书直接体验来源，并严格区分同名和分店,这是独立的贵州省贵阳市高价值 POI 小红书证据核实任务，与前面问题无关。本题只核实一个标准实体：HUACHENG华呈·V时光漫步酒店(观山湖公园林城西路地铁站店)；业务类型为住宿酒店；行政区为观山湖区；参考地址为贵州贵阳观山湖区诚信北路81号富力中心A4栋负1楼。请只依据近24个月来贵阳旅游的中国大陆游客发布的小红书真实到访笔记和实拍内容；证据不足时可放宽到36个月并明确说明，不足勿凑数，不设最低数量。只接受标题或正文能够直接指向该实体的帖子；同品牌不同分店必须依靠完整分店名、地址、商圈或附近地标区分，无法确认具体分店时写未确认，不得把品牌其他分店或同名地点的帖子归入本实体。只核实地图可定位、具有固定运营地址或稳定边界的这个实体，不要扩展推荐其他同类地点。第一行原样保留点点 AI 页面显示的“搜索并总结N人真实经验”“搜索并总结N篇笔记生成”或“ai总结N篇笔记生成”证据标记；第二行原样写“核实范围：观山湖区”。若存在可核实来源，只输出该实体一行，严格使用：POI名称｜外文/地图名｜POI业务类型｜POI细分类型｜行政区｜地理位置描述｜游客需求场景｜证据强度。POI名称必须对应“HUACHENG华呈·V时光漫步酒店(观山湖公园林城西路地铁站店)”，POI业务类型必须写“住宿酒店”。没有来源依据的字段写未确认；不得凭名称、常识或地图资料补写小红书体验，不得用点赞量代表独立笔记数或热度。如果没有任何可打开且正文直接提及该实体的小红书来源，请明确写“未发现可核实小红书来源”，不要生成实体行。最后单独列出疑似关闭、搬迁、改名、同名或分店混淆风险；没有可靠来源则写未确认。,1,graphId=hotel_ctrip_70428431；score=84.22；existingEvidence=0；target=补齐首条直接体验证据,现行图谱高价值POI分层补采
GYTRAVEL-HV-20260916-0085,P0,住宿酒店-标准POI精确证据核实,南明区,核实标准实体“贵阳雅高诺富特酒店(喷水池甲秀楼店)”近24个月小红书直接体验来源，并严格区分同名和分店,这是独立的贵州省贵阳市高价值 POI 小红书证据核实任务，与前面问题无关。本题只核实一个标准实体：贵阳雅高诺富特酒店(喷水池甲秀楼店)；业务类型为住宿酒店；行政区为南明区；参考地址为贵州贵阳南明区中华南路8号。请只依据近24个月来贵阳旅游的中国大陆游客发布的小红书真实到访笔记和实拍内容；证据不足时可放宽到36个月并明确说明，不足勿凑数，不设最低数量。只接受标题或正文能够直接指向该实体的帖子；同品牌不同分店必须依靠完整分店名、地址、商圈或附近地标区分，无法确认具体分店时写未确认，不得把品牌其他分店或同名地点的帖子归入本实体。只核实地图可定位、具有固定运营地址或稳定边界的这个实体，不要扩展推荐其他同类地点。第一行原样保留点点 AI 页面显示的“搜索并总结N人真实经验”“搜索并总结N篇笔记生成”或“ai总结N篇笔记生成”证据标记；第二行原样写“核实范围：南明区”。若存在可核实来源，只输出该实体一行，严格使用：POI名称｜外文/地图名｜POI业务类型｜POI细分类型｜行政区｜地理位置描述｜游客需求场景｜证据强度。POI名称必须对应“贵阳雅高诺富特酒店(喷水池甲秀楼店)”，POI业务类型必须写“住宿酒店”。没有来源依据的字段写未确认；不得凭名称、常识或地图资料补写小红书体验，不得用点赞量代表独立笔记数或热度。如果没有任何可打开且正文直接提及该实体的小红书来源，请明确写“未发现可核实小红书来源”，不要生成实体行。最后单独列出疑似关闭、搬迁、改名、同名或分店混淆风险；没有可靠来源则写未确认。,1,graphId=hotel_ctrip_430142；score=84.09；existingEvidence=0；target=补齐首条直接体验证据,现行图谱高价值POI分层补采
GYTRAVEL-HV-20260916-0086,P0,住宿酒店-标准POI精确证据核实,观山湖区,核实标准实体“和光·ALIENSPACE外星人电竞酒店(贵阳火车北站国际会展中心店)”近24个月小红书直接体验来源，并严格区分同名和分店,这是独立的贵州省贵阳市高价值 POI 小红书证据核实任务，与前面问题无关。本题只核实一个标准实体：和光·ALIENSPACE外星人电竞酒店(贵阳火车北站国际会展中心店)；业务类型为住宿酒店；行政区为观山湖区；参考地址为贵州贵阳观山湖区长岭南路2号1组团美的悦然广场T1栋21楼。请只依据近24个月来贵阳旅游的中国大陆游客发布的小红书真实到访笔记和实拍内容；证据不足时可放宽到36个月并明确说明，不足勿凑数，不设最低数量。只接受标题或正文能够直接指向该实体的帖子；同品牌不同分店必须依靠完整分店名、地址、商圈或附近地标区分，无法确认具体分店时写未确认，不得把品牌其他分店或同名地点的帖子归入本实体。只核实地图可定位、具有固定运营地址或稳定边界的这个实体，不要扩展推荐其他同类地点。第一行原样保留点点 AI 页面显示的“搜索并总结N人真实经验”“搜索并总结N篇笔记生成”或“ai总结N篇笔记生成”证据标记；第二行原样写“核实范围：观山湖区”。若存在可核实来源，只输出该实体一行，严格使用：POI名称｜外文/地图名｜POI业务类型｜POI细分类型｜行政区｜地理位置描述｜游客需求场景｜证据强度。POI名称必须对应“和光·ALIENSPACE外星人电竞酒店(贵阳火车北站国际会展中心店)”，POI业务类型必须写“住宿酒店”。没有来源依据的字段写未确认；不得凭名称、常识或地图资料补写小红书体验，不得用点赞量代表独立笔记数或热度。如果没有任何可打开且正文直接提及该实体的小红书来源，请明确写“未发现可核实小红书来源”，不要生成实体行。最后单独列出疑似关闭、搬迁、改名、同名或分店混淆风险；没有可靠来源则写未确认。,1,graphId=hotel_ctrip_109887776；score=84.01；existingEvidence=0；target=补齐首条直接体验证据,现行图谱高价值POI分层补采
GYTRAVEL-HV-20260916-0087,P0,住宿酒店-标准POI精确证据核实,花溪区,核实标准实体“木玖居·花叙|莫奈花园Holiday Villa观景美宿(青岩古镇店)”近24个月小红书直接体验来源，并严格区分同名和分店,这是独立的贵州省贵阳市高价值 POI 小红书证据核实任务，与前面问题无关。本题只核实一个标准实体：木玖居·花叙|莫奈花园Holiday Villa观景美宿(青岩古镇店)；业务类型为住宿酒店；行政区为花溪区；参考地址为贵州贵阳花溪区青岩古镇西门西街村四组四十号。请只依据近24个月来贵阳旅游的中国大陆游客发布的小红书真实到访笔记和实拍内容；证据不足时可放宽到36个月并明确说明，不足勿凑数，不设最低数量。只接受标题或正文能够直接指向该实体的帖子；同品牌不同分店必须依靠完整分店名、地址、商圈或附近地标区分，无法确认具体分店时写未确认，不得把品牌其他分店或同名地点的帖子归入本实体。只核实地图可定位、具有固定运营地址或稳定边界的这个实体，不要扩展推荐其他同类地点。第一行原样保留点点 AI 页面显示的“搜索并总结N人真实经验”“搜索并总结N篇笔记生成”或“ai总结N篇笔记生成”证据标记；第二行原样写“核实范围：花溪区”。若存在可核实来源，只输出该实体一行，严格使用：POI名称｜外文/地图名｜POI业务类型｜POI细分类型｜行政区｜地理位置描述｜游客需求场景｜证据强度。POI名称必须对应“木玖居·花叙|莫奈花园Holiday Villa观景美宿(青岩古镇店)”，POI业务类型必须写“住宿酒店”。没有来源依据的字段写未确认；不得凭名称、常识或地图资料补写小红书体验，不得用点赞量代表独立笔记数或热度。如果没有任何可打开且正文直接提及该实体的小红书来源，请明确写“未发现可核实小红书来源”，不要生成实体行。最后单独列出疑似关闭、搬迁、改名、同名或分店混淆风险；没有可靠来源则写未确认。,1,graphId=hotel_ctrip_104266230；score=83.94；existingEvidence=0；target=补齐首条直接体验证据,现行图谱高价值POI分层补采
GYTRAVEL-HV-20260916-0088,P0,住宿酒店-标准POI精确证据核实,观山湖区,核实标准实体“晚枫酒店·MAPLE HOTEL(万象汇购物中心奥林匹克体育中心店)”近24个月小红书直接体验来源，并严格区分同名和分店,这是独立的贵州省贵阳市高价值 POI 小红书证据核实任务，与前面问题无关。本题只核实一个标准实体：晚枫酒店·MAPLE HOTEL(万象汇购物中心奥林匹克体育中心店)；业务类型为住宿酒店；行政区为观山湖区；参考地址为贵州贵阳观山湖区金阳南路明诚景怡东苑。请只依据近24个月来贵阳旅游的中国大陆游客发布的小红书真实到访笔记和实拍内容；证据不足时可放宽到36个月并明确说明，不足勿凑数，不设最低数量。只接受标题或正文能够直接指向该实体的帖子；同品牌不同分店必须依靠完整分店名、地址、商圈或附近地标区分，无法确认具体分店时写未确认，不得把品牌其他分店或同名地点的帖子归入本实体。只核实地图可定位、具有固定运营地址或稳定边界的这个实体，不要扩展推荐其他同类地点。第一行原样保留点点 AI 页面显示的“搜索并总结N人真实经验”“搜索并总结N篇笔记生成”或“ai总结N篇笔记生成”证据标记；第二行原样写“核实范围：观山湖区”。若存在可核实来源，只输出该实体一行，严格使用：POI名称｜外文/地图名｜POI业务类型｜POI细分类型｜行政区｜地理位置描述｜游客需求场景｜证据强度。POI名称必须对应“晚枫酒店·MAPLE HOTEL(万象汇购物中心奥林匹克体育中心店)”，POI业务类型必须写“住宿酒店”。没有来源依据的字段写未确认；不得凭名称、常识或地图资料补写小红书体验，不得用点赞量代表独立笔记数或热度。如果没有任何可打开且正文直接提及该实体的小红书来源，请明确写“未发现可核实小红书来源”，不要生成实体行。最后单独列出疑似关闭、搬迁、改名、同名或分店混淆风险；没有可靠来源则写未确认。,1,graphId=hotel_ctrip_128158533；score=83.94；existingEvidence=0；target=补齐首条直接体验证据,现行图谱高价值POI分层补采
GYTRAVEL-HV-20260916-0089,P0,住宿酒店-标准POI精确证据核实,云岩区,核实标准实体“贵阳泊联汇酒店(喷水池大十字店)”近24个月小红书直接体验来源，并严格区分同名和分店,这是独立的贵州省贵阳市高价值 POI 小红书证据核实任务，与前面问题无关。本题只核实一个标准实体：贵阳泊联汇酒店(喷水池大十字店)；业务类型为住宿酒店；行政区为云岩区；参考地址为贵州贵阳云岩区文昌北路102号。请只依据近24个月来贵阳旅游的中国大陆游客发布的小红书真实到访笔记和实拍内容；证据不足时可放宽到36个月并明确说明，不足勿凑数，不设最低数量。只接受标题或正文能够直接指向该实体的帖子；同品牌不同分店必须依靠完整分店名、地址、商圈或附近地标区分，无法确认具体分店时写未确认，不得把品牌其他分店或同名地点的帖子归入本实体。只核实地图可定位、具有固定运营地址或稳定边界的这个实体，不要扩展推荐其他同类地点。第一行原样保留点点 AI 页面显示的“搜索并总结N人真实经验”“搜索并总结N篇笔记生成”或“ai总结N篇笔记生成”证据标记；第二行原样写“核实范围：云岩区”。若存在可核实来源，只输出该实体一行，严格使用：POI名称｜外文/地图名｜POI业务类型｜POI细分类型｜行政区｜地理位置描述｜游客需求场景｜证据强度。POI名称必须对应“贵阳泊联汇酒店(喷水池大十字店)”，POI业务类型必须写“住宿酒店”。没有来源依据的字段写未确认；不得凭名称、常识或地图资料补写小红书体验，不得用点赞量代表独立笔记数或热度。如果没有任何可打开且正文直接提及该实体的小红书来源，请明确写“未发现可核实小红书来源”，不要生成实体行。最后单独列出疑似关闭、搬迁、改名、同名或分店混淆风险；没有可靠来源则写未确认。,1,graphId=hotel_ctrip_29663837；score=83.88；existingEvidence=0；target=补齐首条直接体验证据,现行图谱高价值POI分层补采
GYTRAVEL-HV-20260916-0090,P0,住宿酒店-标准POI精确证据核实,云岩区,核实标准实体“全季酒店(贵阳甲秀楼民生路好吃街店)”近24个月小红书直接体验来源，并严格区分同名和分店,这是独立的贵州省贵阳市高价值 POI 小红书证据核实任务，与前面问题无关。本题只核实一个标准实体：全季酒店(贵阳甲秀楼民生路好吃街店)；业务类型为住宿酒店；行政区为云岩区；参考地址为贵州贵阳云岩区中山东路16号中山大厦五楼。请只依据近24个月来贵阳旅游的中国大陆游客发布的小红书真实到访笔记和实拍内容；证据不足时可放宽到36个月并明确说明，不足勿凑数，不设最低数量。只接受标题或正文能够直接指向该实体的帖子；同品牌不同分店必须依靠完整分店名、地址、商圈或附近地标区分，无法确认具体分店时写未确认，不得把品牌其他分店或同名地点的帖子归入本实体。只核实地图可定位、具有固定运营地址或稳定边界的这个实体，不要扩展推荐其他同类地点。第一行原样保留点点 AI 页面显示的“搜索并总结N人真实经验”“搜索并总结N篇笔记生成”或“ai总结N篇笔记生成”证据标记；第二行原样写“核实范围：云岩区”。若存在可核实来源，只输出该实体一行，严格使用：POI名称｜外文/地图名｜POI业务类型｜POI细分类型｜行政区｜地理位置描述｜游客需求场景｜证据强度。POI名称必须对应“全季酒店(贵阳甲秀楼民生路好吃街店)”，POI业务类型必须写“住宿酒店”。没有来源依据的字段写未确认；不得凭名称、常识或地图资料补写小红书体验，不得用点赞量代表独立笔记数或热度。如果没有任何可打开且正文直接提及该实体的小红书来源，请明确写“未发现可核实小红书来源”，不要生成实体行。最后单独列出疑似关闭、搬迁、改名、同名或分店混淆风险；没有可靠来源则写未确认。,1,graphId=hotel_ctrip_49707998；score=83.74；existingEvidence=0；target=补齐首条直接体验证据,现行图谱高价值POI分层补采
GYTRAVEL-HV-20260916-0091,P0,住宿酒店-标准POI精确证据核实,观山湖区,核实标准实体“贵阳北站西广场亚朵酒店”近24个月小红书直接体验来源，并严格区分同名和分店,这是独立的贵州省贵阳市高价值 POI 小红书证据核实任务，与前面问题无关。本题只核实一个标准实体：贵阳北站西广场亚朵酒店；业务类型为住宿酒店；行政区为观山湖区；参考地址为贵州贵阳观山湖区北大资源梦想城7-A13栋。请只依据近24个月来贵阳旅游的中国大陆游客发布的小红书真实到访笔记和实拍内容；证据不足时可放宽到36个月并明确说明，不足勿凑数，不设最低数量。只接受标题或正文能够直接指向该实体的帖子；同品牌不同分店必须依靠完整分店名、地址、商圈或附近地标区分，无法确认具体分店时写未确认，不得把品牌其他分店或同名地点的帖子归入本实体。只核实地图可定位、具有固定运营地址或稳定边界的这个实体，不要扩展推荐其他同类地点。第一行原样保留点点 AI 页面显示的“搜索并总结N人真实经验”“搜索并总结N篇笔记生成”或“ai总结N篇笔记生成”证据标记；第二行原样写“核实范围：观山湖区”。若存在可核实来源，只输出该实体一行，严格使用：POI名称｜外文/地图名｜POI业务类型｜POI细分类型｜行政区｜地理位置描述｜游客需求场景｜证据强度。POI名称必须对应“贵阳北站西广场亚朵酒店”，POI业务类型必须写“住宿酒店”。没有来源依据的字段写未确认；不得凭名称、常识或地图资料补写小红书体验，不得用点赞量代表独立笔记数或热度。如果没有任何可打开且正文直接提及该实体的小红书来源，请明确写“未发现可核实小红书来源”，不要生成实体行。最后单独列出疑似关闭、搬迁、改名、同名或分店混淆风险；没有可靠来源则写未确认。,1,graphId=hotel_ctrip_6286939；score=83.7；existingEvidence=0；target=补齐首条直接体验证据,现行图谱高价值POI分层补采
GYTRAVEL-HV-20260916-0092,P0,住宿酒店-标准POI精确证据核实,南明区,核实标准实体“贵阳南明兴业希尔顿欢朋酒店”近24个月小红书直接体验来源，并严格区分同名和分店,这是独立的贵州省贵阳市高价值 POI 小红书证据核实任务，与前面问题无关。本题只核实一个标准实体：贵阳南明兴业希尔顿欢朋酒店；业务类型为住宿酒店；行政区为南明区；参考地址为贵州贵阳南明区永兴街3号。请只依据近24个月来贵阳旅游的中国大陆游客发布的小红书真实到访笔记和实拍内容；证据不足时可放宽到36个月并明确说明，不足勿凑数，不设最低数量。只接受标题或正文能够直接指向该实体的帖子；同品牌不同分店必须依靠完整分店名、地址、商圈或附近地标区分，无法确认具体分店时写未确认，不得把品牌其他分店或同名地点的帖子归入本实体。只核实地图可定位、具有固定运营地址或稳定边界的这个实体，不要扩展推荐其他同类地点。第一行原样保留点点 AI 页面显示的“搜索并总结N人真实经验”“搜索并总结N篇笔记生成”或“ai总结N篇笔记生成”证据标记；第二行原样写“核实范围：南明区”。若存在可核实来源，只输出该实体一行，严格使用：POI名称｜外文/地图名｜POI业务类型｜POI细分类型｜行政区｜地理位置描述｜游客需求场景｜证据强度。POI名称必须对应“贵阳南明兴业希尔顿欢朋酒店”，POI业务类型必须写“住宿酒店”。没有来源依据的字段写未确认；不得凭名称、常识或地图资料补写小红书体验，不得用点赞量代表独立笔记数或热度。如果没有任何可打开且正文直接提及该实体的小红书来源，请明确写“未发现可核实小红书来源”，不要生成实体行。最后单独列出疑似关闭、搬迁、改名、同名或分店混淆风险；没有可靠来源则写未确认。,1,graphId=hotel_ctrip_125382389；score=83.69；existingEvidence=0；target=补齐首条直接体验证据,现行图谱高价值POI分层补采
GYTRAVEL-HV-20260916-0093,P0,住宿酒店-标准POI精确证据核实,南明区,核实标准实体“喆啡JAMES JOYCE COFFETEL酒店(贵阳火车站地铁站青云市集店)”近24个月小红书直接体验来源，并严格区分同名和分店,这是独立的贵州省贵阳市高价值 POI 小红书证据核实任务，与前面问题无关。本题只核实一个标准实体：喆啡JAMES JOYCE COFFETEL酒店(贵阳火车站地铁站青云市集店)；业务类型为住宿酒店；行政区为南明区；参考地址为贵州贵阳南明区遵义路326号。请只依据近24个月来贵阳旅游的中国大陆游客发布的小红书真实到访笔记和实拍内容；证据不足时可放宽到36个月并明确说明，不足勿凑数，不设最低数量。只接受标题或正文能够直接指向该实体的帖子；同品牌不同分店必须依靠完整分店名、地址、商圈或附近地标区分，无法确认具体分店时写未确认，不得把品牌其他分店或同名地点的帖子归入本实体。只核实地图可定位、具有固定运营地址或稳定边界的这个实体，不要扩展推荐其他同类地点。第一行原样保留点点 AI 页面显示的“搜索并总结N人真实经验”“搜索并总结N篇笔记生成”或“ai总结N篇笔记生成”证据标记；第二行原样写“核实范围：南明区”。若存在可核实来源，只输出该实体一行，严格使用：POI名称｜外文/地图名｜POI业务类型｜POI细分类型｜行政区｜地理位置描述｜游客需求场景｜证据强度。POI名称必须对应“喆啡JAMES JOYCE COFFETEL酒店(贵阳火车站地铁站青云市集店)”，POI业务类型必须写“住宿酒店”。没有来源依据的字段写未确认；不得凭名称、常识或地图资料补写小红书体验，不得用点赞量代表独立笔记数或热度。如果没有任何可打开且正文直接提及该实体的小红书来源，请明确写“未发现可核实小红书来源”，不要生成实体行。最后单独列出疑似关闭、搬迁、改名、同名或分店混淆风险；没有可靠来源则写未确认。,1,graphId=hotel_ctrip_73689228；score=83.66；existingEvidence=0；target=补齐首条直接体验证据,现行图谱高价值POI分层补采
GYTRAVEL-HV-20260916-0094,P0,住宿酒店-标准POI精确证据核实,南明区,核实标准实体“美岸·燕舍|南明河畔·溯野度假观景民宿(贵阳青云市集甲秀楼店)”近24个月小红书直接体验来源，并严格区分同名和分店,这是独立的贵州省贵阳市高价值 POI 小红书证据核实任务，与前面问题无关。本题只核实一个标准实体：美岸·燕舍|南明河畔·溯野度假观景民宿(贵阳青云市集甲秀楼店)；业务类型为住宿酒店；行政区为南明区；参考地址为贵州贵阳南明区翠微巷3号1-3层。请只依据近24个月来贵阳旅游的中国大陆游客发布的小红书真实到访笔记和实拍内容；证据不足时可放宽到36个月并明确说明，不足勿凑数，不设最低数量。只接受标题或正文能够直接指向该实体的帖子；同品牌不同分店必须依靠完整分店名、地址、商圈或附近地标区分，无法确认具体分店时写未确认，不得把品牌其他分店或同名地点的帖子归入本实体。只核实地图可定位、具有固定运营地址或稳定边界的这个实体，不要扩展推荐其他同类地点。第一行原样保留点点 AI 页面显示的“搜索并总结N人真实经验”“搜索并总结N篇笔记生成”或“ai总结N篇笔记生成”证据标记；第二行原样写“核实范围：南明区”。若存在可核实来源，只输出该实体一行，严格使用：POI名称｜外文/地图名｜POI业务类型｜POI细分类型｜行政区｜地理位置描述｜游客需求场景｜证据强度。POI名称必须对应“美岸·燕舍|南明河畔·溯野度假观景民宿(贵阳青云市集甲秀楼店)”，POI业务类型必须写“住宿酒店”。没有来源依据的字段写未确认；不得凭名称、常识或地图资料补写小红书体验，不得用点赞量代表独立笔记数或热度。如果没有任何可打开且正文直接提及该实体的小红书来源，请明确写“未发现可核实小红书来源”，不要生成实体行。最后单独列出疑似关闭、搬迁、改名、同名或分店混淆风险；没有可靠来源则写未确认。,1,graphId=hotel_ctrip_45052036；score=83.64；existingEvidence=0；target=补齐首条直接体验证据,现行图谱高价值POI分层补采
GYTRAVEL-HV-20260916-0095,P0,住宿酒店-标准POI精确证据核实,云岩区,核实标准实体“一池 APOOL(喷水池民生路店)”近24个月小红书直接体验来源，并严格区分同名和分店,这是独立的贵州省贵阳市高价值 POI 小红书证据核实任务，与前面问题无关。本题只核实一个标准实体：一池 APOOL(喷水池民生路店)；业务类型为住宿酒店；行政区为云岩区；参考地址为贵州贵阳云岩区正新街20号。请只依据近24个月来贵阳旅游的中国大陆游客发布的小红书真实到访笔记和实拍内容；证据不足时可放宽到36个月并明确说明，不足勿凑数，不设最低数量。只接受标题或正文能够直接指向该实体的帖子；同品牌不同分店必须依靠完整分店名、地址、商圈或附近地标区分，无法确认具体分店时写未确认，不得把品牌其他分店或同名地点的帖子归入本实体。只核实地图可定位、具有固定运营地址或稳定边界的这个实体，不要扩展推荐其他同类地点。第一行原样保留点点 AI 页面显示的“搜索并总结N人真实经验”“搜索并总结N篇笔记生成”或“ai总结N篇笔记生成”证据标记；第二行原样写“核实范围：云岩区”。若存在可核实来源，只输出该实体一行，严格使用：POI名称｜外文/地图名｜POI业务类型｜POI细分类型｜行政区｜地理位置描述｜游客需求场景｜证据强度。POI名称必须对应“一池 APOOL(喷水池民生路店)”，POI业务类型必须写“住宿酒店”。没有来源依据的字段写未确认；不得凭名称、常识或地图资料补写小红书体验，不得用点赞量代表独立笔记数或热度。如果没有任何可打开且正文直接提及该实体的小红书来源，请明确写“未发现可核实小红书来源”，不要生成实体行。最后单独列出疑似关闭、搬迁、改名、同名或分店混淆风险；没有可靠来源则写未确认。,1,graphId=hotel_ctrip_131826024；score=83.6；existingEvidence=0；target=补齐首条直接体验证据,现行图谱高价值POI分层补采
GYTRAVEL-HV-20260916-0096,P0,住宿酒店-标准POI精确证据核实,南明区,核实标准实体“如家酒店(贵阳青云市集火车站店)”近24个月小红书直接体验来源，并严格区分同名和分店,这是独立的贵州省贵阳市高价值 POI 小红书证据核实任务，与前面问题无关。本题只核实一个标准实体：如家酒店(贵阳青云市集火车站店)；业务类型为住宿酒店；行政区为南明区；参考地址为贵州贵阳南明区四通街8号。请只依据近24个月来贵阳旅游的中国大陆游客发布的小红书真实到访笔记和实拍内容；证据不足时可放宽到36个月并明确说明，不足勿凑数，不设最低数量。只接受标题或正文能够直接指向该实体的帖子；同品牌不同分店必须依靠完整分店名、地址、商圈或附近地标区分，无法确认具体分店时写未确认，不得把品牌其他分店或同名地点的帖子归入本实体。只核实地图可定位、具有固定运营地址或稳定边界的这个实体，不要扩展推荐其他同类地点。第一行原样保留点点 AI 页面显示的“搜索并总结N人真实经验”“搜索并总结N篇笔记生成”或“ai总结N篇笔记生成”证据标记；第二行原样写“核实范围：南明区”。若存在可核实来源，只输出该实体一行，严格使用：POI名称｜外文/地图名｜POI业务类型｜POI细分类型｜行政区｜地理位置描述｜游客需求场景｜证据强度。POI名称必须对应“如家酒店(贵阳青云市集火车站店)”，POI业务类型必须写“住宿酒店”。没有来源依据的字段写未确认；不得凭名称、常识或地图资料补写小红书体验，不得用点赞量代表独立笔记数或热度。如果没有任何可打开且正文直接提及该实体的小红书来源，请明确写“未发现可核实小红书来源”，不要生成实体行。最后单独列出疑似关闭、搬迁、改名、同名或分店混淆风险；没有可靠来源则写未确认。,1,graphId=hotel_ctrip_749658；score=83.51；existingEvidence=0；target=补齐首条直接体验证据,现行图谱高价值POI分层补采
GYTRAVEL-HV-20260916-0097,P0,住宿酒店-标准POI精确证据核实,观山湖区,核实标准实体“贵阳恒世纪酒店(观山湖区诚信路地铁站店)”近24个月小红书直接体验来源，并严格区分同名和分店,这是独立的贵州省贵阳市高价值 POI 小红书证据核实任务，与前面问题无关。本题只核实一个标准实体：贵阳恒世纪酒店(观山湖区诚信路地铁站店)；业务类型为住宿酒店；行政区为观山湖区；参考地址为贵州贵阳观山湖区金朱路1号。请只依据近24个月来贵阳旅游的中国大陆游客发布的小红书真实到访笔记和实拍内容；证据不足时可放宽到36个月并明确说明，不足勿凑数，不设最低数量。只接受标题或正文能够直接指向该实体的帖子；同品牌不同分店必须依靠完整分店名、地址、商圈或附近地标区分，无法确认具体分店时写未确认，不得把品牌其他分店或同名地点的帖子归入本实体。只核实地图可定位、具有固定运营地址或稳定边界的这个实体，不要扩展推荐其他同类地点。第一行原样保留点点 AI 页面显示的“搜索并总结N人真实经验”“搜索并总结N篇笔记生成”或“ai总结N篇笔记生成”证据标记；第二行原样写“核实范围：观山湖区”。若存在可核实来源，只输出该实体一行，严格使用：POI名称｜外文/地图名｜POI业务类型｜POI细分类型｜行政区｜地理位置描述｜游客需求场景｜证据强度。POI名称必须对应“贵阳恒世纪酒店(观山湖区诚信路地铁站店)”，POI业务类型必须写“住宿酒店”。没有来源依据的字段写未确认；不得凭名称、常识或地图资料补写小红书体验，不得用点赞量代表独立笔记数或热度。如果没有任何可打开且正文直接提及该实体的小红书来源，请明确写“未发现可核实小红书来源”，不要生成实体行。最后单独列出疑似关闭、搬迁、改名、同名或分店混淆风险；没有可靠来源则写未确认。,1,graphId=hotel_ctrip_1340370；score=83.46；existingEvidence=0；target=补齐首条直接体验证据,现行图谱高价值POI分层补采
GYTRAVEL-HV-20260916-0098,P0,住宿酒店-标准POI精确证据核实,观山湖区,核实标准实体“贵阳观山湖公园兴义路亚朵酒店”近24个月小红书直接体验来源，并严格区分同名和分店,这是独立的贵州省贵阳市高价值 POI 小红书证据核实任务，与前面问题无关。本题只核实一个标准实体：贵阳观山湖公园兴义路亚朵酒店；业务类型为住宿酒店；行政区为观山湖区；参考地址为贵州贵阳观山湖区兴义路7号润鑫广场B栋。请只依据近24个月来贵阳旅游的中国大陆游客发布的小红书真实到访笔记和实拍内容；证据不足时可放宽到36个月并明确说明，不足勿凑数，不设最低数量。只接受标题或正文能够直接指向该实体的帖子；同品牌不同分店必须依靠完整分店名、地址、商圈或附近地标区分，无法确认具体分店时写未确认，不得把品牌其他分店或同名地点的帖子归入本实体。只核实地图可定位、具有固定运营地址或稳定边界的这个实体，不要扩展推荐其他同类地点。第一行原样保留点点 AI 页面显示的“搜索并总结N人真实经验”“搜索并总结N篇笔记生成”或“ai总结N篇笔记生成”证据标记；第二行原样写“核实范围：观山湖区”。若存在可核实来源，只输出该实体一行，严格使用：POI名称｜外文/地图名｜POI业务类型｜POI细分类型｜行政区｜地理位置描述｜游客需求场景｜证据强度。POI名称必须对应“贵阳观山湖公园兴义路亚朵酒店”，POI业务类型必须写“住宿酒店”。没有来源依据的字段写未确认；不得凭名称、常识或地图资料补写小红书体验，不得用点赞量代表独立笔记数或热度。如果没有任何可打开且正文直接提及该实体的小红书来源，请明确写“未发现可核实小红书来源”，不要生成实体行。最后单独列出疑似关闭、搬迁、改名、同名或分店混淆风险；没有可靠来源则写未确认。,1,graphId=hotel_ctrip_66732670；score=83.35；existingEvidence=0；target=补齐首条直接体验证据,现行图谱高价值POI分层补采
GYTRAVEL-HV-20260916-0099,P0,住宿酒店-标准POI精确证据核实,观山湖区,核实标准实体“全季酒店(贵阳北站西广场店)”近24个月小红书直接体验来源，并严格区分同名和分店,这是独立的贵州省贵阳市高价值 POI 小红书证据核实任务，与前面问题无关。本题只核实一个标准实体：全季酒店(贵阳北站西广场店)；业务类型为住宿酒店；行政区为观山湖区；参考地址为贵州贵阳观山湖区观山街道观山东路观山开磷城一组团7号。请只依据近24个月来贵阳旅游的中国大陆游客发布的小红书真实到访笔记和实拍内容；证据不足时可放宽到36个月并明确说明，不足勿凑数，不设最低数量。只接受标题或正文能够直接指向该实体的帖子；同品牌不同分店必须依靠完整分店名、地址、商圈或附近地标区分，无法确认具体分店时写未确认，不得把品牌其他分店或同名地点的帖子归入本实体。只核实地图可定位、具有固定运营地址或稳定边界的这个实体，不要扩展推荐其他同类地点。第一行原样保留点点 AI 页面显示的“搜索并总结N人真实经验”“搜索并总结N篇笔记生成”或“ai总结N篇笔记生成”证据标记；第二行原样写“核实范围：观山湖区”。若存在可核实来源，只输出该实体一行，严格使用：POI名称｜外文/地图名｜POI业务类型｜POI细分类型｜行政区｜地理位置描述｜游客需求场景｜证据强度。POI名称必须对应“全季酒店(贵阳北站西广场店)”，POI业务类型必须写“住宿酒店”。没有来源依据的字段写未确认；不得凭名称、常识或地图资料补写小红书体验，不得用点赞量代表独立笔记数或热度。如果没有任何可打开且正文直接提及该实体的小红书来源，请明确写“未发现可核实小红书来源”，不要生成实体行。最后单独列出疑似关闭、搬迁、改名、同名或分店混淆风险；没有可靠来源则写未确认。,1,graphId=hotel_ctrip_130296102；score=83.3；existingEvidence=0；target=补齐首条直接体验证据,现行图谱高价值POI分层补采
GYTRAVEL-HV-20260916-0100,P0,住宿酒店-标准POI精确证据核实,花溪区,核实标准实体“贵阳循美·栖溪院子(花溪公园十里河滩度假店)”近24个月小红书直接体验来源，并严格区分同名和分店,这是独立的贵州省贵阳市高价值 POI 小红书证据核实任务，与前面问题无关。本题只核实一个标准实体：贵阳循美·栖溪院子(花溪公园十里河滩度假店)；业务类型为住宿酒店；行政区为花溪区；参考地址为贵州贵阳花溪区十里河滩麦翁布依古寨。请只依据近24个月来贵阳旅游的中国大陆游客发布的小红书真实到访笔记和实拍内容；证据不足时可放宽到36个月并明确说明，不足勿凑数，不设最低数量。只接受标题或正文能够直接指向该实体的帖子；同品牌不同分店必须依靠完整分店名、地址、商圈或附近地标区分，无法确认具体分店时写未确认，不得把品牌其他分店或同名地点的帖子归入本实体。只核实地图可定位、具有固定运营地址或稳定边界的这个实体，不要扩展推荐其他同类地点。第一行原样保留点点 AI 页面显示的“搜索并总结N人真实经验”“搜索并总结N篇笔记生成”或“ai总结N篇笔记生成”证据标记；第二行原样写“核实范围：花溪区”。若存在可核实来源，只输出该实体一行，严格使用：POI名称｜外文/地图名｜POI业务类型｜POI细分类型｜行政区｜地理位置描述｜游客需求场景｜证据强度。POI名称必须对应“贵阳循美·栖溪院子(花溪公园十里河滩度假店)”，POI业务类型必须写“住宿酒店”。没有来源依据的字段写未确认；不得凭名称、常识或地图资料补写小红书体验，不得用点赞量代表独立笔记数或热度。如果没有任何可打开且正文直接提及该实体的小红书来源，请明确写“未发现可核实小红书来源”，不要生成实体行。最后单独列出疑似关闭、搬迁、改名、同名或分店混淆风险；没有可靠来源则写未确认。,1,graphId=hotel_ctrip_68108441；score=83.22；existingEvidence=0；target=补齐首条直接体验证据,现行图谱高价值POI分层补采
GYTRAVEL-HV-20260916-0101,P0,景点观光-标准POI精确证据核实,花溪区,核实标准实体“天河潭风景区”近24个月小红书直接体验来源，并严格区分同名和分店,这是独立的贵州省贵阳市高价值 POI 小红书证据核实任务，与前面问题无关。本题只核实一个标准实体：天河潭风景区；业务类型为景点观光；行政区为花溪区；参考地址为贵州省贵阳市花溪区石板镇。请只依据近24个月来贵阳旅游的中国大陆游客发布的小红书真实到访笔记和实拍内容；证据不足时可放宽到36个月并明确说明，不足勿凑数，不设最低数量。只接受标题或正文能够直接指向该实体的帖子；同品牌不同分店必须依靠完整分店名、地址、商圈或附近地标区分，无法确认具体分店时写未确认，不得把品牌其他分店或同名地点的帖子归入本实体。只核实地图可定位、具有固定运营地址或稳定边界的这个实体，不要扩展推荐其他同类地点。第一行原样保留点点 AI 页面显示的“搜索并总结N人真实经验”“搜索并总结N篇笔记生成”或“ai总结N篇笔记生成”证据标记；第二行原样写“核实范围：花溪区”。若存在可核实来源，只输出该实体一行，严格使用：POI名称｜外文/地图名｜POI业务类型｜POI细分类型｜行政区｜地理位置描述｜游客需求场景｜证据强度。POI名称必须对应“天河潭风景区”，POI业务类型必须写“景点观光”。没有来源依据的字段写未确认；不得凭名称、常识或地图资料补写小红书体验，不得用点赞量代表独立笔记数或热度。如果没有任何可打开且正文直接提及该实体的小红书来源，请明确写“未发现可核实小红书来源”，不要生成实体行。最后单独列出疑似关闭、搬迁、改名、同名或分店混淆风险；没有可靠来源则写未确认。,1,graphId=sa_4898566；score=88.09；existingEvidence=0；target=补齐首条直接体验证据,现行图谱高价值POI分层补采
GYTRAVEL-HV-20260916-0102,P0,景点观光-标准POI精确证据核实,花溪区,核实标准实体“青岩古镇”近24个月小红书直接体验来源，并严格区分同名和分店,这是独立的贵州省贵阳市高价值 POI 小红书证据核实任务，与前面问题无关。本题只核实一个标准实体：青岩古镇；业务类型为景点观光；行政区为花溪区；参考地址为贵州省 贵阳市 花溪区 南部。请只依据近24个月来贵阳旅游的中国大陆游客发布的小红书真实到访笔记和实拍内容；证据不足时可放宽到36个月并明确说明，不足勿凑数，不设最低数量。只接受标题或正文能够直接指向该实体的帖子；同品牌不同分店必须依靠完整分店名、地址、商圈或附近地标区分，无法确认具体分店时写未确认，不得把品牌其他分店或同名地点的帖子归入本实体。只核实地图可定位、具有固定运营地址或稳定边界的这个实体，不要扩展推荐其他同类地点。第一行原样保留点点 AI 页面显示的“搜索并总结N人真实经验”“搜索并总结N篇笔记生成”或“ai总结N篇笔记生成”证据标记；第二行原样写“核实范围：花溪区”。若存在可核实来源，只输出该实体一行，严格使用：POI名称｜外文/地图名｜POI业务类型｜POI细分类型｜行政区｜地理位置描述｜游客需求场景｜证据强度。POI名称必须对应“青岩古镇”，POI业务类型必须写“景点观光”。没有来源依据的字段写未确认；不得凭名称、常识或地图资料补写小红书体验，不得用点赞量代表独立笔记数或热度。如果没有任何可打开且正文直接提及该实体的小红书来源，请明确写“未发现可核实小红书来源”，不要生成实体行。最后单独列出疑似关闭、搬迁、改名、同名或分店混淆风险；没有可靠来源则写未确认。,1,graphId=sa_404936；score=84.99；existingEvidence=1；target=将独立直接体验证据补到至少3篇,现行图谱高价值POI分层补采
GYTRAVEL-HV-20260916-0103,P0,景点观光-标准POI精确证据核实,花溪区,核实标准实体“花溪公园”近24个月小红书直接体验来源，并严格区分同名和分店,这是独立的贵州省贵阳市高价值 POI 小红书证据核实任务，与前面问题无关。本题只核实一个标准实体：花溪公园；业务类型为景点观光；行政区为花溪区；参考地址为贵阳市花溪区花溪大道南段3108号。请只依据近24个月来贵阳旅游的中国大陆游客发布的小红书真实到访笔记和实拍内容；证据不足时可放宽到36个月并明确说明，不足勿凑数，不设最低数量。只接受标题或正文能够直接指向该实体的帖子；同品牌不同分店必须依靠完整分店名、地址、商圈或附近地标区分，无法确认具体分店时写未确认，不得把品牌其他分店或同名地点的帖子归入本实体。只核实地图可定位、具有固定运营地址或稳定边界的这个实体，不要扩展推荐其他同类地点。第一行原样保留点点 AI 页面显示的“搜索并总结N人真实经验”“搜索并总结N篇笔记生成”或“ai总结N篇笔记生成”证据标记；第二行原样写“核实范围：花溪区”。若存在可核实来源，只输出该实体一行，严格使用：POI名称｜外文/地图名｜POI业务类型｜POI细分类型｜行政区｜地理位置描述｜游客需求场景｜证据强度。POI名称必须对应“花溪公园”，POI业务类型必须写“景点观光”。没有来源依据的字段写未确认；不得凭名称、常识或地图资料补写小红书体验，不得用点赞量代表独立笔记数或热度。如果没有任何可打开且正文直接提及该实体的小红书来源，请明确写“未发现可核实小红书来源”，不要生成实体行。最后单独列出疑似关闭、搬迁、改名、同名或分店混淆风险；没有可靠来源则写未确认。,1,graphId=sa_112398；score=81.49；existingEvidence=1；target=将独立直接体验证据补到至少3篇,现行图谱高价值POI分层补采
GYTRAVEL-HV-20260916-0104,P0,景点观光-标准POI精确证据核实,云岩区,核实标准实体“黔灵山公园”近24个月小红书直接体验来源，并严格区分同名和分店,这是独立的贵州省贵阳市高价值 POI 小红书证据核实任务，与前面问题无关。本题只核实一个标准实体：黔灵山公园；业务类型为景点观光；行政区为云岩区；参考地址为贵州省贵阳市云岩区枣山路187号。请只依据近24个月来贵阳旅游的中国大陆游客发布的小红书真实到访笔记和实拍内容；证据不足时可放宽到36个月并明确说明，不足勿凑数，不设最低数量。只接受标题或正文能够直接指向该实体的帖子；同品牌不同分店必须依靠完整分店名、地址、商圈或附近地标区分，无法确认具体分店时写未确认，不得把品牌其他分店或同名地点的帖子归入本实体。只核实地图可定位、具有固定运营地址或稳定边界的这个实体，不要扩展推荐其他同类地点。第一行原样保留点点 AI 页面显示的“搜索并总结N人真实经验”“搜索并总结N篇笔记生成”或“ai总结N篇笔记生成”证据标记；第二行原样写“核实范围：云岩区”。若存在可核实来源，只输出该实体一行，严格使用：POI名称｜外文/地图名｜POI业务类型｜POI细分类型｜行政区｜地理位置描述｜游客需求场景｜证据强度。POI名称必须对应“黔灵山公园”，POI业务类型必须写“景点观光”。没有来源依据的字段写未确认；不得凭名称、常识或地图资料补写小红书体验，不得用点赞量代表独立笔记数或热度。如果没有任何可打开且正文直接提及该实体的小红书来源，请明确写“未发现可核实小红书来源”，不要生成实体行。最后单独列出疑似关闭、搬迁、改名、同名或分店混淆风险；没有可靠来源则写未确认。,1,graphId=sa_6479802；score=80.04；existingEvidence=1；target=将独立直接体验证据补到至少3篇,现行图谱高价值POI分层补采
GYTRAVEL-HV-20260916-0105,P0,景点观光-标准POI精确证据核实,花溪区,核实标准实体“花溪夜郎谷”近24个月小红书直接体验来源，并严格区分同名和分店,这是独立的贵州省贵阳市高价值 POI 小红书证据核实任务，与前面问题无关。本题只核实一个标准实体：花溪夜郎谷；业务类型为景点观光；行政区为花溪区；参考地址为贵州省 贵阳市花溪区党武乡。请只依据近24个月来贵阳旅游的中国大陆游客发布的小红书真实到访笔记和实拍内容；证据不足时可放宽到36个月并明确说明，不足勿凑数，不设最低数量。只接受标题或正文能够直接指向该实体的帖子；同品牌不同分店必须依靠完整分店名、地址、商圈或附近地标区分，无法确认具体分店时写未确认，不得把品牌其他分店或同名地点的帖子归入本实体。只核实地图可定位、具有固定运营地址或稳定边界的这个实体，不要扩展推荐其他同类地点。第一行原样保留点点 AI 页面显示的“搜索并总结N人真实经验”“搜索并总结N篇笔记生成”或“ai总结N篇笔记生成”证据标记；第二行原样写“核实范围：花溪区”。若存在可核实来源，只输出该实体一行，严格使用：POI名称｜外文/地图名｜POI业务类型｜POI细分类型｜行政区｜地理位置描述｜游客需求场景｜证据强度。POI名称必须对应“花溪夜郎谷”，POI业务类型必须写“景点观光”。没有来源依据的字段写未确认；不得凭名称、常识或地图资料补写小红书体验，不得用点赞量代表独立笔记数或热度。如果没有任何可打开且正文直接提及该实体的小红书来源，请明确写“未发现可核实小红书来源”，不要生成实体行。最后单独列出疑似关闭、搬迁、改名、同名或分店混淆风险；没有可靠来源则写未确认。,1,graphId=sa_956442；score=70.51；existingEvidence=1；target=将独立直接体验证据补到至少3篇,现行图谱高价值POI分层补采
GYTRAVEL-HV-20260916-0106,P0,景点观光-标准POI精确证据核实,南明区,核实标准实体“甲秀楼”近24个月小红书直接体验来源，并严格区分同名和分店,这是独立的贵州省贵阳市高价值 POI 小红书证据核实任务，与前面问题无关。本题只核实一个标准实体：甲秀楼；业务类型为景点观光；行政区为南明区；参考地址为贵州省贵阳市南明区翠微巷135号。请只依据近24个月来贵阳旅游的中国大陆游客发布的小红书真实到访笔记和实拍内容；证据不足时可放宽到36个月并明确说明，不足勿凑数，不设最低数量。只接受标题或正文能够直接指向该实体的帖子；同品牌不同分店必须依靠完整分店名、地址、商圈或附近地标区分，无法确认具体分店时写未确认，不得把品牌其他分店或同名地点的帖子归入本实体。只核实地图可定位、具有固定运营地址或稳定边界的这个实体，不要扩展推荐其他同类地点。第一行原样保留点点 AI 页面显示的“搜索并总结N人真实经验”“搜索并总结N篇笔记生成”或“ai总结N篇笔记生成”证据标记；第二行原样写“核实范围：南明区”。若存在可核实来源，只输出该实体一行，严格使用：POI名称｜外文/地图名｜POI业务类型｜POI细分类型｜行政区｜地理位置描述｜游客需求场景｜证据强度。POI名称必须对应“甲秀楼”，POI业务类型必须写“景点观光”。没有来源依据的字段写未确认；不得凭名称、常识或地图资料补写小红书体验，不得用点赞量代表独立笔记数或热度。如果没有任何可打开且正文直接提及该实体的小红书来源，请明确写“未发现可核实小红书来源”，不要生成实体行。最后单独列出疑似关闭、搬迁、改名、同名或分店混淆风险；没有可靠来源则写未确认。,1,graphId=sa_412694；score=69.29；existingEvidence=1；target=将独立直接体验证据补到至少3篇,现行图谱高价值POI分层补采
GYTRAVEL-HV-20260916-0107,P0,景点观光-标准POI精确证据核实,南明区,核实标准实体“贵阳森林公园”近24个月小红书直接体验来源，并严格区分同名和分店,这是独立的贵州省贵阳市高价值 POI 小红书证据核实任务，与前面问题无关。本题只核实一个标准实体：贵阳森林公园；业务类型为景点观光；行政区为南明区；参考地址为园林路90号。请只依据近24个月来贵阳旅游的中国大陆游客发布的小红书真实到访笔记和实拍内容；证据不足时可放宽到36个月并明确说明，不足勿凑数，不设最低数量。只接受标题或正文能够直接指向该实体的帖子；同品牌不同分店必须依靠完整分店名、地址、商圈或附近地标区分，无法确认具体分店时写未确认，不得把品牌其他分店或同名地点的帖子归入本实体。只核实地图可定位、具有固定运营地址或稳定边界的这个实体，不要扩展推荐其他同类地点。第一行原样保留点点 AI 页面显示的“搜索并总结N人真实经验”“搜索并总结N篇笔记生成”或“ai总结N篇笔记生成”证据标记；第二行原样写“核实范围：南明区”。若存在可核实来源，只输出该实体一行，严格使用：POI名称｜外文/地图名｜POI业务类型｜POI细分类型｜行政区｜地理位置描述｜游客需求场景｜证据强度。POI名称必须对应“贵阳森林公园”，POI业务类型必须写“景点观光”。没有来源依据的字段写未确认；不得凭名称、常识或地图资料补写小红书体验，不得用点赞量代表独立笔记数或热度。如果没有任何可打开且正文直接提及该实体的小红书来源，请明确写“未发现可核实小红书来源”，不要生成实体行。最后单独列出疑似关闭、搬迁、改名、同名或分店混淆风险；没有可靠来源则写未确认。,1,graphId=scenic_amap_B035301FIE；score=67.57；existingEvidence=0；target=补齐首条直接体验证据,现行图谱高价值POI分层补采
GYTRAVEL-HV-20260916-0108,P0,景点观光-标准POI精确证据核实,花溪区,核实标准实体“孔学堂”近24个月小红书直接体验来源，并严格区分同名和分店,这是独立的贵州省贵阳市高价值 POI 小红书证据核实任务，与前面问题无关。本题只核实一个标准实体：孔学堂；业务类型为景点观光；行政区为花溪区；参考地址为董家堰。请只依据近24个月来贵阳旅游的中国大陆游客发布的小红书真实到访笔记和实拍内容；证据不足时可放宽到36个月并明确说明，不足勿凑数，不设最低数量。只接受标题或正文能够直接指向该实体的帖子；同品牌不同分店必须依靠完整分店名、地址、商圈或附近地标区分，无法确认具体分店时写未确认，不得把品牌其他分店或同名地点的帖子归入本实体。只核实地图可定位、具有固定运营地址或稳定边界的这个实体，不要扩展推荐其他同类地点。第一行原样保留点点 AI 页面显示的“搜索并总结N人真实经验”“搜索并总结N篇笔记生成”或“ai总结N篇笔记生成”证据标记；第二行原样写“核实范围：花溪区”。若存在可核实来源，只输出该实体一行，严格使用：POI名称｜外文/地图名｜POI业务类型｜POI细分类型｜行政区｜地理位置描述｜游客需求场景｜证据强度。POI名称必须对应“孔学堂”，POI业务类型必须写“景点观光”。没有来源依据的字段写未确认；不得凭名称、常识或地图资料补写小红书体验，不得用点赞量代表独立笔记数或热度。如果没有任何可打开且正文直接提及该实体的小红书来源，请明确写“未发现可核实小红书来源”，不要生成实体行。最后单独列出疑似关闭、搬迁、改名、同名或分店混淆风险；没有可靠来源则写未确认。,1,graphId=scenic_amap_B03530RNBF；score=67.23；existingEvidence=0；target=补齐首条直接体验证据,现行图谱高价值POI分层补采
GYTRAVEL-HV-20260916-0109,P0,景点观光-标准POI精确证据核实,乌当区,核实标准实体“香纸沟”近24个月小红书直接体验来源，并严格区分同名和分店,这是独立的贵州省贵阳市高价值 POI 小红书证据核实任务，与前面问题无关。本题只核实一个标准实体：香纸沟；业务类型为景点观光；行政区为乌当区；参考地址为新堡布依族乡103县道附近。请只依据近24个月来贵阳旅游的中国大陆游客发布的小红书真实到访笔记和实拍内容；证据不足时可放宽到36个月并明确说明，不足勿凑数，不设最低数量。只接受标题或正文能够直接指向该实体的帖子；同品牌不同分店必须依靠完整分店名、地址、商圈或附近地标区分，无法确认具体分店时写未确认，不得把品牌其他分店或同名地点的帖子归入本实体。只核实地图可定位、具有固定运营地址或稳定边界的这个实体，不要扩展推荐其他同类地点。第一行原样保留点点 AI 页面显示的“搜索并总结N人真实经验”“搜索并总结N篇笔记生成”或“ai总结N篇笔记生成”证据标记；第二行原样写“核实范围：乌当区”。若存在可核实来源，只输出该实体一行，严格使用：POI名称｜外文/地图名｜POI业务类型｜POI细分类型｜行政区｜地理位置描述｜游客需求场景｜证据强度。POI名称必须对应“香纸沟”，POI业务类型必须写“景点观光”。没有来源依据的字段写未确认；不得凭名称、常识或地图资料补写小红书体验，不得用点赞量代表独立笔记数或热度。如果没有任何可打开且正文直接提及该实体的小红书来源，请明确写“未发现可核实小红书来源”，不要生成实体行。最后单独列出疑似关闭、搬迁、改名、同名或分店混淆风险；没有可靠来源则写未确认。,1,graphId=scenic_amap_B03530Q0QW；score=64.0；existingEvidence=0；target=补齐首条直接体验证据,现行图谱高价值POI分层补采
GYTRAVEL-HV-20260916-0110,P0,景点观光-标准POI精确证据核实,花溪区,核实标准实体“贵阳市十里河滩国家湿地公园”近24个月小红书直接体验来源，并严格区分同名和分店,这是独立的贵州省贵阳市高价值 POI 小红书证据核实任务，与前面问题无关。本题只核实一个标准实体：贵阳市十里河滩国家湿地公园；业务类型为景点观光；行政区为花溪区；参考地址为花溪大道南段辅路与郎萝桥交叉口东220米。请只依据近24个月来贵阳旅游的中国大陆游客发布的小红书真实到访笔记和实拍内容；证据不足时可放宽到36个月并明确说明，不足勿凑数，不设最低数量。只接受标题或正文能够直接指向该实体的帖子；同品牌不同分店必须依靠完整分店名、地址、商圈或附近地标区分，无法确认具体分店时写未确认，不得把品牌其他分店或同名地点的帖子归入本实体。只核实地图可定位、具有固定运营地址或稳定边界的这个实体，不要扩展推荐其他同类地点。第一行原样保留点点 AI 页面显示的“搜索并总结N人真实经验”“搜索并总结N篇笔记生成”或“ai总结N篇笔记生成”证据标记；第二行原样写“核实范围：花溪区”。若存在可核实来源，只输出该实体一行，严格使用：POI名称｜外文/地图名｜POI业务类型｜POI细分类型｜行政区｜地理位置描述｜游客需求场景｜证据强度。POI名称必须对应“贵阳市十里河滩国家湿地公园”，POI业务类型必须写“景点观光”。没有来源依据的字段写未确认；不得凭名称、常识或地图资料补写小红书体验，不得用点赞量代表独立笔记数或热度。如果没有任何可打开且正文直接提及该实体的小红书来源，请明确写“未发现可核实小红书来源”，不要生成实体行。最后单独列出疑似关闭、搬迁、改名、同名或分店混淆风险；没有可靠来源则写未确认。,1,graphId=scenic_amap_B03530OTGJ；score=64.0；existingEvidence=0；target=补齐首条直接体验证据,现行图谱高价值POI分层补采
GYTRAVEL-HV-20260916-0111,P0,景点观光-标准POI精确证据核实,观山湖区,核实标准实体“观山湖公园”近24个月小红书直接体验来源，并严格区分同名和分店,这是独立的贵州省贵阳市高价值 POI 小红书证据核实任务，与前面问题无关。本题只核实一个标准实体：观山湖公园；业务类型为景点观光；行政区为观山湖区；参考地址为观山大桥南北两侧。请只依据近24个月来贵阳旅游的中国大陆游客发布的小红书真实到访笔记和实拍内容；证据不足时可放宽到36个月并明确说明，不足勿凑数，不设最低数量。只接受标题或正文能够直接指向该实体的帖子；同品牌不同分店必须依靠完整分店名、地址、商圈或附近地标区分，无法确认具体分店时写未确认，不得把品牌其他分店或同名地点的帖子归入本实体。只核实地图可定位、具有固定运营地址或稳定边界的这个实体，不要扩展推荐其他同类地点。第一行原样保留点点 AI 页面显示的“搜索并总结N人真实经验”“搜索并总结N篇笔记生成”或“ai总结N篇笔记生成”证据标记；第二行原样写“核实范围：观山湖区”。若存在可核实来源，只输出该实体一行，严格使用：POI名称｜外文/地图名｜POI业务类型｜POI细分类型｜行政区｜地理位置描述｜游客需求场景｜证据强度。POI名称必须对应“观山湖公园”，POI业务类型必须写“景点观光”。没有来源依据的字段写未确认；不得凭名称、常识或地图资料补写小红书体验，不得用点赞量代表独立笔记数或热度。如果没有任何可打开且正文直接提及该实体的小红书来源，请明确写“未发现可核实小红书来源”，不要生成实体行。最后单独列出疑似关闭、搬迁、改名、同名或分店混淆风险；没有可靠来源则写未确认。,1,graphId=scenic_amap_B03530OZ78；score=63.37；existingEvidence=1；target=将独立直接体验证据补到至少3篇,现行图谱高价值POI分层补采
GYTRAVEL-HV-20260916-0112,P0,景点观光-标准POI精确证据核实,乌当区,核实标准实体“情人谷”近24个月小红书直接体验来源，并严格区分同名和分店,这是独立的贵州省贵阳市高价值 POI 小红书证据核实任务，与前面问题无关。本题只核实一个标准实体：情人谷；业务类型为景点观光；行政区为乌当区；参考地址为情人谷路。请只依据近24个月来贵阳旅游的中国大陆游客发布的小红书真实到访笔记和实拍内容；证据不足时可放宽到36个月并明确说明，不足勿凑数，不设最低数量。只接受标题或正文能够直接指向该实体的帖子；同品牌不同分店必须依靠完整分店名、地址、商圈或附近地标区分，无法确认具体分店时写未确认，不得把品牌其他分店或同名地点的帖子归入本实体。只核实地图可定位、具有固定运营地址或稳定边界的这个实体，不要扩展推荐其他同类地点。第一行原样保留点点 AI 页面显示的“搜索并总结N人真实经验”“搜索并总结N篇笔记生成”或“ai总结N篇笔记生成”证据标记；第二行原样写“核实范围：乌当区”。若存在可核实来源，只输出该实体一行，严格使用：POI名称｜外文/地图名｜POI业务类型｜POI细分类型｜行政区｜地理位置描述｜游客需求场景｜证据强度。POI名称必须对应“情人谷”，POI业务类型必须写“景点观光”。没有来源依据的字段写未确认；不得凭名称、常识或地图资料补写小红书体验，不得用点赞量代表独立笔记数或热度。如果没有任何可打开且正文直接提及该实体的小红书来源，请明确写“未发现可核实小红书来源”，不要生成实体行。最后单独列出疑似关闭、搬迁、改名、同名或分店混淆风险；没有可靠来源则写未确认。,1,graphId=scenic_amap_B0FFGYAZIA；score=59.79；existingEvidence=0；target=补齐首条直接体验证据,现行图谱高价值POI分层补采
GYTRAVEL-HV-20260916-0113,P0,交通服务-标准POI精确证据核实,南明区,核实标准实体“贵阳龙洞堡国际机场”近24个月小红书直接体验来源，并严格区分同名和分店,这是独立的贵州省贵阳市高价值 POI 小红书证据核实任务，与前面问题无关。本题只核实一个标准实体：贵阳龙洞堡国际机场；业务类型为交通服务；行政区为南明区；参考地址为机场路1号。请只依据近24个月来贵阳旅游的中国大陆游客发布的小红书真实到访笔记和实拍内容；证据不足时可放宽到36个月并明确说明，不足勿凑数，不设最低数量。只接受标题或正文能够直接指向该实体的帖子；同品牌不同分店必须依靠完整分店名、地址、商圈或附近地标区分，无法确认具体分店时写未确认，不得把品牌其他分店或同名地点的帖子归入本实体。只核实地图可定位、具有固定运营地址或稳定边界的这个实体，不要扩展推荐其他同类地点。第一行原样保留点点 AI 页面显示的“搜索并总结N人真实经验”“搜索并总结N篇笔记生成”或“ai总结N篇笔记生成”证据标记；第二行原样写“核实范围：南明区”。若存在可核实来源，只输出该实体一行，严格使用：POI名称｜外文/地图名｜POI业务类型｜POI细分类型｜行政区｜地理位置描述｜游客需求场景｜证据强度。POI名称必须对应“贵阳龙洞堡国际机场”，POI业务类型必须写“交通服务”。没有来源依据的字段写未确认；不得凭名称、常识或地图资料补写小红书体验，不得用点赞量代表独立笔记数或热度。如果没有任何可打开且正文直接提及该实体的小红书来源，请明确写“未发现可核实小红书来源”，不要生成实体行。最后单独列出疑似关闭、搬迁、改名、同名或分店混淆风险；没有可靠来源则写未确认。,1,graphId=transithub_airport_B035302E3I；score=100；existingEvidence=0；target=补齐首条直接体验证据,现行图谱高价值POI分层补采
GYTRAVEL-HV-20260916-0114,P0,交通服务-标准POI精确证据核实,南明区,核实标准实体“贵阳站”近24个月小红书直接体验来源，并严格区分同名和分店,这是独立的贵州省贵阳市高价值 POI 小红书证据核实任务，与前面问题无关。本题只核实一个标准实体：贵阳站；业务类型为交通服务；行政区为南明区；参考地址为遵义路。请只依据近24个月来贵阳旅游的中国大陆游客发布的小红书真实到访笔记和实拍内容；证据不足时可放宽到36个月并明确说明，不足勿凑数，不设最低数量。只接受标题或正文能够直接指向该实体的帖子；同品牌不同分店必须依靠完整分店名、地址、商圈或附近地标区分，无法确认具体分店时写未确认，不得把品牌其他分店或同名地点的帖子归入本实体。只核实地图可定位、具有固定运营地址或稳定边界的这个实体，不要扩展推荐其他同类地点。第一行原样保留点点 AI 页面显示的“搜索并总结N人真实经验”“搜索并总结N篇笔记生成”或“ai总结N篇笔记生成”证据标记；第二行原样写“核实范围：南明区”。若存在可核实来源，只输出该实体一行，严格使用：POI名称｜外文/地图名｜POI业务类型｜POI细分类型｜行政区｜地理位置描述｜游客需求场景｜证据强度。POI名称必须对应“贵阳站”，POI业务类型必须写“交通服务”。没有来源依据的字段写未确认；不得凭名称、常识或地图资料补写小红书体验，不得用点赞量代表独立笔记数或热度。如果没有任何可打开且正文直接提及该实体的小红书来源，请明确写“未发现可核实小红书来源”，不要生成实体行。最后单独列出疑似关闭、搬迁、改名、同名或分店混淆风险；没有可靠来源则写未确认。,1,graphId=transithub_rail_036cee120df5af5ffc3f；score=95；existingEvidence=0；target=补齐首条直接体验证据,现行图谱高价值POI分层补采
GYTRAVEL-HV-20260916-0115,P0,交通服务-标准POI精确证据核实,观山湖区,核实标准实体“贵阳北站”近24个月小红书直接体验来源，并严格区分同名和分店,这是独立的贵州省贵阳市高价值 POI 小红书证据核实任务，与前面问题无关。本题只核实一个标准实体：贵阳北站；业务类型为交通服务；行政区为观山湖区；参考地址为观山街道创新东路与西二环交叉口东北侧。请只依据近24个月来贵阳旅游的中国大陆游客发布的小红书真实到访笔记和实拍内容；证据不足时可放宽到36个月并明确说明，不足勿凑数，不设最低数量。只接受标题或正文能够直接指向该实体的帖子；同品牌不同分店必须依靠完整分店名、地址、商圈或附近地标区分，无法确认具体分店时写未确认，不得把品牌其他分店或同名地点的帖子归入本实体。只核实地图可定位、具有固定运营地址或稳定边界的这个实体，不要扩展推荐其他同类地点。第一行原样保留点点 AI 页面显示的“搜索并总结N人真实经验”“搜索并总结N篇笔记生成”或“ai总结N篇笔记生成”证据标记；第二行原样写“核实范围：观山湖区”。若存在可核实来源，只输出该实体一行，严格使用：POI名称｜外文/地图名｜POI业务类型｜POI细分类型｜行政区｜地理位置描述｜游客需求场景｜证据强度。POI名称必须对应“贵阳北站”，POI业务类型必须写“交通服务”。没有来源依据的字段写未确认；不得凭名称、常识或地图资料补写小红书体验，不得用点赞量代表独立笔记数或热度。如果没有任何可打开且正文直接提及该实体的小红书来源，请明确写“未发现可核实小红书来源”，不要生成实体行。最后单独列出疑似关闭、搬迁、改名、同名或分店混淆风险；没有可靠来源则写未确认。,1,graphId=transithub_rail_0dbfaa60581647b5c786；score=82.5；existingEvidence=1；target=将独立直接体验证据补到至少3篇,现行图谱高价值POI分层补采
GYTRAVEL-HV-20260916-0116,P0,交通服务-标准POI精确证据核实,乌当区,核实标准实体“贵阳东站”近24个月小红书直接体验来源，并严格区分同名和分店,这是独立的贵州省贵阳市高价值 POI 小红书证据核实任务，与前面问题无关。本题只核实一个标准实体：贵阳东站；业务类型为交通服务；行政区为乌当区；参考地址为东二环。请只依据近24个月来贵阳旅游的中国大陆游客发布的小红书真实到访笔记和实拍内容；证据不足时可放宽到36个月并明确说明，不足勿凑数，不设最低数量。只接受标题或正文能够直接指向该实体的帖子；同品牌不同分店必须依靠完整分店名、地址、商圈或附近地标区分，无法确认具体分店时写未确认，不得把品牌其他分店或同名地点的帖子归入本实体。只核实地图可定位、具有固定运营地址或稳定边界的这个实体，不要扩展推荐其他同类地点。第一行原样保留点点 AI 页面显示的“搜索并总结N人真实经验”“搜索并总结N篇笔记生成”或“ai总结N篇笔记生成”证据标记；第二行原样写“核实范围：乌当区”。若存在可核实来源，只输出该实体一行，严格使用：POI名称｜外文/地图名｜POI业务类型｜POI细分类型｜行政区｜地理位置描述｜游客需求场景｜证据强度。POI名称必须对应“贵阳东站”，POI业务类型必须写“交通服务”。没有来源依据的字段写未确认；不得凭名称、常识或地图资料补写小红书体验，不得用点赞量代表独立笔记数或热度。如果没有任何可打开且正文直接提及该实体的小红书来源，请明确写“未发现可核实小红书来源”，不要生成实体行。最后单独列出疑似关闭、搬迁、改名、同名或分店混淆风险；没有可靠来源则写未确认。,1,graphId=transithub_rail_a5b7a470997456fa4fd4；score=72.0；existingEvidence=2；target=将独立直接体验证据补到至少3篇,现行图谱高价值POI分层补采
GYTRAVEL-HV-20260916-0117,P1,餐饮美食-标准POI精确证据核实,云岩区,核实标准实体“觉园素斋”近24个月小红书直接体验来源，并严格区分同名和分店,这是独立的贵州省贵阳市高价值 POI 小红书证据核实任务，与前面问题无关。本题只核实一个标准实体：觉园素斋；业务类型为餐饮美食；行政区为云岩区；参考地址为中华社区服务中心富水北路49号。请只依据近24个月来贵阳旅游的中国大陆游客发布的小红书真实到访笔记和实拍内容；证据不足时可放宽到36个月并明确说明，不足勿凑数，不设最低数量。只接受标题或正文能够直接指向该实体的帖子；同品牌不同分店必须依靠完整分店名、地址、商圈或附近地标区分，无法确认具体分店时写未确认，不得把品牌其他分店或同名地点的帖子归入本实体。只核实地图可定位、具有固定运营地址或稳定边界的这个实体，不要扩展推荐其他同类地点。第一行原样保留点点 AI 页面显示的“搜索并总结N人真实经验”“搜索并总结N篇笔记生成”或“ai总结N篇笔记生成”证据标记；第二行原样写“核实范围：云岩区”。若存在可核实来源，只输出该实体一行，严格使用：POI名称｜外文/地图名｜POI业务类型｜POI细分类型｜行政区｜地理位置描述｜游客需求场景｜证据强度。POI名称必须对应“觉园素斋”，POI业务类型必须写“餐饮美食”。没有来源依据的字段写未确认；不得凭名称、常识或地图资料补写小红书体验，不得用点赞量代表独立笔记数或热度。如果没有任何可打开且正文直接提及该实体的小红书来源，请明确写“未发现可核实小红书来源”，不要生成实体行。最后单独列出疑似关闭、搬迁、改名、同名或分店混淆风险；没有可靠来源则写未确认。,1,graphId=food_ae789f8d-2aeb-41f1-a8b2-ecd4e18e282e；score=87.0；existingEvidence=0；target=补齐首条直接体验证据,现行图谱高价值POI分层补采
GYTRAVEL-HV-20260916-0118,P1,餐饮美食-标准POI精确证据核实,云岩区,核实标准实体“银鹤料理(太平路店)”近24个月小红书直接体验来源，并严格区分同名和分店,这是独立的贵州省贵阳市高价值 POI 小红书证据核实任务，与前面问题无关。本题只核实一个标准实体：银鹤料理(太平路店)；业务类型为餐饮美食；行政区为云岩区；参考地址为公园2008店(喷水池地铁站G口步行270米)。请只依据近24个月来贵阳旅游的中国大陆游客发布的小红书真实到访笔记和实拍内容；证据不足时可放宽到36个月并明确说明，不足勿凑数，不设最低数量。只接受标题或正文能够直接指向该实体的帖子；同品牌不同分店必须依靠完整分店名、地址、商圈或附近地标区分，无法确认具体分店时写未确认，不得把品牌其他分店或同名地点的帖子归入本实体。只核实地图可定位、具有固定运营地址或稳定边界的这个实体，不要扩展推荐其他同类地点。第一行原样保留点点 AI 页面显示的“搜索并总结N人真实经验”“搜索并总结N篇笔记生成”或“ai总结N篇笔记生成”证据标记；第二行原样写“核实范围：云岩区”。若存在可核实来源，只输出该实体一行，严格使用：POI名称｜外文/地图名｜POI业务类型｜POI细分类型｜行政区｜地理位置描述｜游客需求场景｜证据强度。POI名称必须对应“银鹤料理(太平路店)”，POI业务类型必须写“餐饮美食”。没有来源依据的字段写未确认；不得凭名称、常识或地图资料补写小红书体验，不得用点赞量代表独立笔记数或热度。如果没有任何可打开且正文直接提及该实体的小红书来源，请明确写“未发现可核实小红书来源”，不要生成实体行。最后单独列出疑似关闭、搬迁、改名、同名或分店混淆风险；没有可靠来源则写未确认。,1,graphId=food_a7558bf5-2fe0-4764-82f9-c6d1972d7689；score=87.0；existingEvidence=0；target=补齐首条直接体验证据,现行图谱高价值POI分层补采
GYTRAVEL-HV-20260916-0119,P1,餐饮美食-标准POI精确证据核实,花溪区,核实标准实体“陈氏人家豆米火锅(花溪店)”近24个月小红书直接体验来源，并严格区分同名和分店,这是独立的贵州省贵阳市高价值 POI 小红书证据核实任务，与前面问题无关。本题只核实一个标准实体：陈氏人家豆米火锅(花溪店)；业务类型为餐饮美食；行政区为花溪区；参考地址为贵筑路77号。请只依据近24个月来贵阳旅游的中国大陆游客发布的小红书真实到访笔记和实拍内容；证据不足时可放宽到36个月并明确说明，不足勿凑数，不设最低数量。只接受标题或正文能够直接指向该实体的帖子；同品牌不同分店必须依靠完整分店名、地址、商圈或附近地标区分，无法确认具体分店时写未确认，不得把品牌其他分店或同名地点的帖子归入本实体。只核实地图可定位、具有固定运营地址或稳定边界的这个实体，不要扩展推荐其他同类地点。第一行原样保留点点 AI 页面显示的“搜索并总结N人真实经验”“搜索并总结N篇笔记生成”或“ai总结N篇笔记生成”证据标记；第二行原样写“核实范围：花溪区”。若存在可核实来源，只输出该实体一行，严格使用：POI名称｜外文/地图名｜POI业务类型｜POI细分类型｜行政区｜地理位置描述｜游客需求场景｜证据强度。POI名称必须对应“陈氏人家豆米火锅(花溪店)”，POI业务类型必须写“餐饮美食”。没有来源依据的字段写未确认；不得凭名称、常识或地图资料补写小红书体验，不得用点赞量代表独立笔记数或热度。如果没有任何可打开且正文直接提及该实体的小红书来源，请明确写“未发现可核实小红书来源”，不要生成实体行。最后单独列出疑似关闭、搬迁、改名、同名或分店混淆风险；没有可靠来源则写未确认。,1,graphId=food_35d02479-2d16-45af-900c-bdd96f18e12e；score=86.8；existingEvidence=0；target=补齐首条直接体验证据,现行图谱高价值POI分层补采
GYTRAVEL-HV-20260916-0120,P1,餐饮美食-标准POI精确证据核实,云岩区,核实标准实体“黔凤辣子鸡(黔灵公园店)”近24个月小红书直接体验来源，并严格区分同名和分店,这是独立的贵州省贵阳市高价值 POI 小红书证据核实任务，与前面问题无关。本题只核实一个标准实体：黔凤辣子鸡(黔灵公园店)；业务类型为餐饮美食；行政区为云岩区；参考地址为八鸽岩路IFS3号(贵州广播电视大学对面)。请只依据近24个月来贵阳旅游的中国大陆游客发布的小红书真实到访笔记和实拍内容；证据不足时可放宽到36个月并明确说明，不足勿凑数，不设最低数量。只接受标题或正文能够直接指向该实体的帖子；同品牌不同分店必须依靠完整分店名、地址、商圈或附近地标区分，无法确认具体分店时写未确认，不得把品牌其他分店或同名地点的帖子归入本实体。只核实地图可定位、具有固定运营地址或稳定边界的这个实体，不要扩展推荐其他同类地点。第一行原样保留点点 AI 页面显示的“搜索并总结N人真实经验”“搜索并总结N篇笔记生成”或“ai总结N篇笔记生成”证据标记；第二行原样写“核实范围：云岩区”。若存在可核实来源，只输出该实体一行，严格使用：POI名称｜外文/地图名｜POI业务类型｜POI细分类型｜行政区｜地理位置描述｜游客需求场景｜证据强度。POI名称必须对应“黔凤辣子鸡(黔灵公园店)”，POI业务类型必须写“餐饮美食”。没有来源依据的字段写未确认；不得凭名称、常识或地图资料补写小红书体验，不得用点赞量代表独立笔记数或热度。如果没有任何可打开且正文直接提及该实体的小红书来源，请明确写“未发现可核实小红书来源”，不要生成实体行。最后单独列出疑似关闭、搬迁、改名、同名或分店混淆风险；没有可靠来源则写未确认。,1,graphId=food_8f1ba967-1539-415d-a459-cd02c13af3ba；score=86.6；existingEvidence=0；target=补齐首条直接体验证据,现行图谱高价值POI分层补采
GYTRAVEL-HV-20260916-0121,P1,餐饮美食-标准POI精确证据核实,云岩区,核实标准实体“黔肠旺面馆”近24个月小红书直接体验来源，并严格区分同名和分店,这是独立的贵州省贵阳市高价值 POI 小红书证据核实任务，与前面问题无关。本题只核实一个标准实体：黔肠旺面馆；业务类型为餐饮美食；行政区为云岩区；参考地址为八鸽岩路145号(八鸽岩地铁站A口步行370米)。请只依据近24个月来贵阳旅游的中国大陆游客发布的小红书真实到访笔记和实拍内容；证据不足时可放宽到36个月并明确说明，不足勿凑数，不设最低数量。只接受标题或正文能够直接指向该实体的帖子；同品牌不同分店必须依靠完整分店名、地址、商圈或附近地标区分，无法确认具体分店时写未确认，不得把品牌其他分店或同名地点的帖子归入本实体。只核实地图可定位、具有固定运营地址或稳定边界的这个实体，不要扩展推荐其他同类地点。第一行原样保留点点 AI 页面显示的“搜索并总结N人真实经验”“搜索并总结N篇笔记生成”或“ai总结N篇笔记生成”证据标记；第二行原样写“核实范围：云岩区”。若存在可核实来源，只输出该实体一行，严格使用：POI名称｜外文/地图名｜POI业务类型｜POI细分类型｜行政区｜地理位置描述｜游客需求场景｜证据强度。POI名称必须对应“黔肠旺面馆”，POI业务类型必须写“餐饮美食”。没有来源依据的字段写未确认；不得凭名称、常识或地图资料补写小红书体验，不得用点赞量代表独立笔记数或热度。如果没有任何可打开且正文直接提及该实体的小红书来源，请明确写“未发现可核实小红书来源”，不要生成实体行。最后单独列出疑似关闭、搬迁、改名、同名或分店混淆风险；没有可靠来源则写未确认。,1,graphId=food_c9a69f99-82a1-4c56-b1bc-2ec5ad7b5846；score=86.6；existingEvidence=0；target=补齐首条直接体验证据,现行图谱高价值POI分层补采
GYTRAVEL-HV-20260916-0122,P1,餐饮美食-标准POI精确证据核实,花溪区,核实标准实体“鸟撞云 WaveBird”近24个月小红书直接体验来源，并严格区分同名和分店,这是独立的贵州省贵阳市高价值 POI 小红书证据核实任务，与前面问题无关。本题只核实一个标准实体：鸟撞云 WaveBird；业务类型为餐饮美食；行政区为花溪区；参考地址为溪北街道响尾蛇街舞连锁教育(花溪校区)溪畔·乡贤里内(西侧)。请只依据近24个月来贵阳旅游的中国大陆游客发布的小红书真实到访笔记和实拍内容；证据不足时可放宽到36个月并明确说明，不足勿凑数，不设最低数量。只接受标题或正文能够直接指向该实体的帖子；同品牌不同分店必须依靠完整分店名、地址、商圈或附近地标区分，无法确认具体分店时写未确认，不得把品牌其他分店或同名地点的帖子归入本实体。只核实地图可定位、具有固定运营地址或稳定边界的这个实体，不要扩展推荐其他同类地点。第一行原样保留点点 AI 页面显示的“搜索并总结N人真实经验”“搜索并总结N篇笔记生成”或“ai总结N篇笔记生成”证据标记；第二行原样写“核实范围：花溪区”。若存在可核实来源，只输出该实体一行，严格使用：POI名称｜外文/地图名｜POI业务类型｜POI细分类型｜行政区｜地理位置描述｜游客需求场景｜证据强度。POI名称必须对应“鸟撞云 WaveBird”，POI业务类型必须写“餐饮美食”。没有来源依据的字段写未确认；不得凭名称、常识或地图资料补写小红书体验，不得用点赞量代表独立笔记数或热度。如果没有任何可打开且正文直接提及该实体的小红书来源，请明确写“未发现可核实小红书来源”，不要生成实体行。最后单独列出疑似关闭、搬迁、改名、同名或分店混淆风险；没有可靠来源则写未确认。,1,graphId=food_6a95b52d-c5e7-4952-937d-542b69041b32；score=86.4；existingEvidence=0；target=补齐首条直接体验证据,现行图谱高价值POI分层补采
GYTRAVEL-HV-20260916-0123,P1,餐饮美食-标准POI精确证据核实,云岩区,核实标准实体“陈氏人家豆米火锅(恒丰步行街总店)”近24个月小红书直接体验来源，并严格区分同名和分店,这是独立的贵州省贵阳市高价值 POI 小红书证据核实任务，与前面问题无关。本题只核实一个标准实体：陈氏人家豆米火锅(恒丰步行街总店)；业务类型为餐饮美食；行政区为云岩区；参考地址为贵阳市第二十四中学南门旁。请只依据近24个月来贵阳旅游的中国大陆游客发布的小红书真实到访笔记和实拍内容；证据不足时可放宽到36个月并明确说明，不足勿凑数，不设最低数量。只接受标题或正文能够直接指向该实体的帖子；同品牌不同分店必须依靠完整分店名、地址、商圈或附近地标区分，无法确认具体分店时写未确认，不得把品牌其他分店或同名地点的帖子归入本实体。只核实地图可定位、具有固定运营地址或稳定边界的这个实体，不要扩展推荐其他同类地点。第一行原样保留点点 AI 页面显示的“搜索并总结N人真实经验”“搜索并总结N篇笔记生成”或“ai总结N篇笔记生成”证据标记；第二行原样写“核实范围：云岩区”。若存在可核实来源，只输出该实体一行，严格使用：POI名称｜外文/地图名｜POI业务类型｜POI细分类型｜行政区｜地理位置描述｜游客需求场景｜证据强度。POI名称必须对应“陈氏人家豆米火锅(恒丰步行街总店)”，POI业务类型必须写“餐饮美食”。没有来源依据的字段写未确认；不得凭名称、常识或地图资料补写小红书体验，不得用点赞量代表独立笔记数或热度。如果没有任何可打开且正文直接提及该实体的小红书来源，请明确写“未发现可核实小红书来源”，不要生成实体行。最后单独列出疑似关闭、搬迁、改名、同名或分店混淆风险；没有可靠来源则写未确认。,1,graphId=food_2561c80a-b920-4f5e-ab51-70bc5f353008；score=86.0；existingEvidence=1；target=将独立直接体验证据补到至少3篇,现行图谱高价值POI分层补采
GYTRAVEL-HV-20260916-0124,P1,餐饮美食-标准POI精确证据核实,花溪区,核实标准实体“冯记卤猪脚”近24个月小红书直接体验来源，并严格区分同名和分店,这是独立的贵州省贵阳市高价值 POI 小红书证据核实任务，与前面问题无关。本题只核实一个标准实体：冯记卤猪脚；业务类型为餐饮美食；行政区为花溪区；参考地址为青岩古镇交通路49号。请只依据近24个月来贵阳旅游的中国大陆游客发布的小红书真实到访笔记和实拍内容；证据不足时可放宽到36个月并明确说明，不足勿凑数，不设最低数量。只接受标题或正文能够直接指向该实体的帖子；同品牌不同分店必须依靠完整分店名、地址、商圈或附近地标区分，无法确认具体分店时写未确认，不得把品牌其他分店或同名地点的帖子归入本实体。只核实地图可定位、具有固定运营地址或稳定边界的这个实体，不要扩展推荐其他同类地点。第一行原样保留点点 AI 页面显示的“搜索并总结N人真实经验”“搜索并总结N篇笔记生成”或“ai总结N篇笔记生成”证据标记；第二行原样写“核实范围：花溪区”。若存在可核实来源，只输出该实体一行，严格使用：POI名称｜外文/地图名｜POI业务类型｜POI细分类型｜行政区｜地理位置描述｜游客需求场景｜证据强度。POI名称必须对应“冯记卤猪脚”，POI业务类型必须写“餐饮美食”。没有来源依据的字段写未确认；不得凭名称、常识或地图资料补写小红书体验，不得用点赞量代表独立笔记数或热度。如果没有任何可打开且正文直接提及该实体的小红书来源，请明确写“未发现可核实小红书来源”，不要生成实体行。最后单独列出疑似关闭、搬迁、改名、同名或分店混淆风险；没有可靠来源则写未确认。,1,graphId=food_a7cc02b3-086a-4e3f-989f-87f073bb0d3a；score=86.0；existingEvidence=0；target=补齐首条直接体验证据,现行图谱高价值POI分层补采
GYTRAVEL-HV-20260916-0125,P1,餐饮美食-标准POI精确证据核实,花溪区,核实标准实体“梓木山庄”近24个月小红书直接体验来源，并严格区分同名和分店,这是独立的贵州省贵阳市高价值 POI 小红书证据核实任务，与前面问题无关。本题只核实一个标准实体：梓木山庄；业务类型为餐饮美食；行政区为花溪区；参考地址为董家堰村三组(麦翁)1-2号。请只依据近24个月来贵阳旅游的中国大陆游客发布的小红书真实到访笔记和实拍内容；证据不足时可放宽到36个月并明确说明，不足勿凑数，不设最低数量。只接受标题或正文能够直接指向该实体的帖子；同品牌不同分店必须依靠完整分店名、地址、商圈或附近地标区分，无法确认具体分店时写未确认，不得把品牌其他分店或同名地点的帖子归入本实体。只核实地图可定位、具有固定运营地址或稳定边界的这个实体，不要扩展推荐其他同类地点。第一行原样保留点点 AI 页面显示的“搜索并总结N人真实经验”“搜索并总结N篇笔记生成”或“ai总结N篇笔记生成”证据标记；第二行原样写“核实范围：花溪区”。若存在可核实来源，只输出该实体一行，严格使用：POI名称｜外文/地图名｜POI业务类型｜POI细分类型｜行政区｜地理位置描述｜游客需求场景｜证据强度。POI名称必须对应“梓木山庄”，POI业务类型必须写“餐饮美食”。没有来源依据的字段写未确认；不得凭名称、常识或地图资料补写小红书体验，不得用点赞量代表独立笔记数或热度。如果没有任何可打开且正文直接提及该实体的小红书来源，请明确写“未发现可核实小红书来源”，不要生成实体行。最后单独列出疑似关闭、搬迁、改名、同名或分店混淆风险；没有可靠来源则写未确认。,1,graphId=food_92aa5f83-7be2-4875-9eb3-7c27ccdddd71；score=86.0；existingEvidence=0；target=补齐首条直接体验证据,现行图谱高价值POI分层补采
GYTRAVEL-HV-20260916-0126,P1,餐饮美食-标准POI精确证据核实,花溪区,核实标准实体“翰林苑(北明清街)”近24个月小红书直接体验来源，并严格区分同名和分店,这是独立的贵州省贵阳市高价值 POI 小红书证据核实任务，与前面问题无关。本题只核实一个标准实体：翰林苑(北明清街)；业务类型为餐饮美食；行政区为花溪区；参考地址为青岩镇青岩古镇(东北角)。请只依据近24个月来贵阳旅游的中国大陆游客发布的小红书真实到访笔记和实拍内容；证据不足时可放宽到36个月并明确说明，不足勿凑数，不设最低数量。只接受标题或正文能够直接指向该实体的帖子；同品牌不同分店必须依靠完整分店名、地址、商圈或附近地标区分，无法确认具体分店时写未确认，不得把品牌其他分店或同名地点的帖子归入本实体。只核实地图可定位、具有固定运营地址或稳定边界的这个实体，不要扩展推荐其他同类地点。第一行原样保留点点 AI 页面显示的“搜索并总结N人真实经验”“搜索并总结N篇笔记生成”或“ai总结N篇笔记生成”证据标记；第二行原样写“核实范围：花溪区”。若存在可核实来源，只输出该实体一行，严格使用：POI名称｜外文/地图名｜POI业务类型｜POI细分类型｜行政区｜地理位置描述｜游客需求场景｜证据强度。POI名称必须对应“翰林苑(北明清街)”，POI业务类型必须写“餐饮美食”。没有来源依据的字段写未确认；不得凭名称、常识或地图资料补写小红书体验，不得用点赞量代表独立笔记数或热度。如果没有任何可打开且正文直接提及该实体的小红书来源，请明确写“未发现可核实小红书来源”，不要生成实体行。最后单独列出疑似关闭、搬迁、改名、同名或分店混淆风险；没有可靠来源则写未确认。,1,graphId=food_c11d06ca-9b29-4815-8cae-19e71fbf03c6；score=86.0；existingEvidence=0；target=补齐首条直接体验证据,现行图谱高价值POI分层补采
GYTRAVEL-HV-20260916-0127,P1,餐饮美食-标准POI精确证据核实,云岩区,核实标准实体“忆苗香酸汤火锅(银座店)”近24个月小红书直接体验来源，并严格区分同名和分店,这是独立的贵州省贵阳市高价值 POI 小红书证据核实任务，与前面问题无关。本题只核实一个标准实体：忆苗香酸汤火锅(银座店)；业务类型为餐饮美食；行政区为云岩区；参考地址为中山东路32号银座商务大厦1层负18号。请只依据近24个月来贵阳旅游的中国大陆游客发布的小红书真实到访笔记和实拍内容；证据不足时可放宽到36个月并明确说明，不足勿凑数，不设最低数量。只接受标题或正文能够直接指向该实体的帖子；同品牌不同分店必须依靠完整分店名、地址、商圈或附近地标区分，无法确认具体分店时写未确认，不得把品牌其他分店或同名地点的帖子归入本实体。只核实地图可定位、具有固定运营地址或稳定边界的这个实体，不要扩展推荐其他同类地点。第一行原样保留点点 AI 页面显示的“搜索并总结N人真实经验”“搜索并总结N篇笔记生成”或“ai总结N篇笔记生成”证据标记；第二行原样写“核实范围：云岩区”。若存在可核实来源，只输出该实体一行，严格使用：POI名称｜外文/地图名｜POI业务类型｜POI细分类型｜行政区｜地理位置描述｜游客需求场景｜证据强度。POI名称必须对应“忆苗香酸汤火锅(银座店)”，POI业务类型必须写“餐饮美食”。没有来源依据的字段写未确认；不得凭名称、常识或地图资料补写小红书体验，不得用点赞量代表独立笔记数或热度。如果没有任何可打开且正文直接提及该实体的小红书来源，请明确写“未发现可核实小红书来源”，不要生成实体行。最后单独列出疑似关闭、搬迁、改名、同名或分店混淆风险；没有可靠来源则写未确认。,1,graphId=food_75be9c40-cbed-41b0-a4ac-5f16cbb2ee1a；score=85.8；existingEvidence=0；target=补齐首条直接体验证据,现行图谱高价值POI分层补采
GYTRAVEL-HV-20260916-0128,P1,餐饮美食-标准POI精确证据核实,云岩区,核实标准实体“胡烙也·酱香烙锅(喷水池店)”近24个月小红书直接体验来源，并严格区分同名和分店,这是独立的贵州省贵阳市高价值 POI 小红书证据核实任务，与前面问题无关。本题只核实一个标准实体：胡烙也·酱香烙锅(喷水池店)；业务类型为餐饮美食；行政区为云岩区；参考地址为太平路街区南广场(开心麻花剧场东侧)。请只依据近24个月来贵阳旅游的中国大陆游客发布的小红书真实到访笔记和实拍内容；证据不足时可放宽到36个月并明确说明，不足勿凑数，不设最低数量。只接受标题或正文能够直接指向该实体的帖子；同品牌不同分店必须依靠完整分店名、地址、商圈或附近地标区分，无法确认具体分店时写未确认，不得把品牌其他分店或同名地点的帖子归入本实体。只核实地图可定位、具有固定运营地址或稳定边界的这个实体，不要扩展推荐其他同类地点。第一行原样保留点点 AI 页面显示的“搜索并总结N人真实经验”“搜索并总结N篇笔记生成”或“ai总结N篇笔记生成”证据标记；第二行原样写“核实范围：云岩区”。若存在可核实来源，只输出该实体一行，严格使用：POI名称｜外文/地图名｜POI业务类型｜POI细分类型｜行政区｜地理位置描述｜游客需求场景｜证据强度。POI名称必须对应“胡烙也·酱香烙锅(喷水池店)”，POI业务类型必须写“餐饮美食”。没有来源依据的字段写未确认；不得凭名称、常识或地图资料补写小红书体验，不得用点赞量代表独立笔记数或热度。如果没有任何可打开且正文直接提及该实体的小红书来源，请明确写“未发现可核实小红书来源”，不要生成实体行。最后单独列出疑似关闭、搬迁、改名、同名或分店混淆风险；没有可靠来源则写未确认。,1,graphId=food_1850c646-8b65-4e96-922e-859fe6db1c78；score=85.8；existingEvidence=0；target=补齐首条直接体验证据,现行图谱高价值POI分层补采
GYTRAVEL-HV-20260916-0129,P1,餐饮美食-标准POI精确证据核实,花溪区,核实标准实体“珍味鲜野生菌火锅(乡贤里店)”近24个月小红书直接体验来源，并严格区分同名和分店,这是独立的贵州省贵阳市高价值 POI 小红书证据核实任务，与前面问题无关。本题只核实一个标准实体：珍味鲜野生菌火锅(乡贤里店)；业务类型为餐饮美食；行政区为花溪区；参考地址为溪北街道溪北路270号。请只依据近24个月来贵阳旅游的中国大陆游客发布的小红书真实到访笔记和实拍内容；证据不足时可放宽到36个月并明确说明，不足勿凑数，不设最低数量。只接受标题或正文能够直接指向该实体的帖子；同品牌不同分店必须依靠完整分店名、地址、商圈或附近地标区分，无法确认具体分店时写未确认，不得把品牌其他分店或同名地点的帖子归入本实体。只核实地图可定位、具有固定运营地址或稳定边界的这个实体，不要扩展推荐其他同类地点。第一行原样保留点点 AI 页面显示的“搜索并总结N人真实经验”“搜索并总结N篇笔记生成”或“ai总结N篇笔记生成”证据标记；第二行原样写“核实范围：花溪区”。若存在可核实来源，只输出该实体一行，严格使用：POI名称｜外文/地图名｜POI业务类型｜POI细分类型｜行政区｜地理位置描述｜游客需求场景｜证据强度。POI名称必须对应“珍味鲜野生菌火锅(乡贤里店)”，POI业务类型必须写“餐饮美食”。没有来源依据的字段写未确认；不得凭名称、常识或地图资料补写小红书体验，不得用点赞量代表独立笔记数或热度。如果没有任何可打开且正文直接提及该实体的小红书来源，请明确写“未发现可核实小红书来源”，不要生成实体行。最后单独列出疑似关闭、搬迁、改名、同名或分店混淆风险；没有可靠来源则写未确认。,1,graphId=food_73266f97-ba6b-4ba1-af95-522ee0b548ef；score=85.6；existingEvidence=0；target=补齐首条直接体验证据,现行图谱高价值POI分层补采
GYTRAVEL-HV-20260916-0130,P1,餐饮美食-标准POI精确证据核实,花溪区,核实标准实体“蒋记龙府大竹签烤肉(花溪店)”近24个月小红书直接体验来源，并严格区分同名和分店,这是独立的贵州省贵阳市高价值 POI 小红书证据核实任务，与前面问题无关。本题只核实一个标准实体：蒋记龙府大竹签烤肉(花溪店)；业务类型为餐饮美食；行政区为花溪区；参考地址为溪北街道花溪公园1号门旁乡贤里项目6-4号楼一层6-4-1/2/3/4/5号。请只依据近24个月来贵阳旅游的中国大陆游客发布的小红书真实到访笔记和实拍内容；证据不足时可放宽到36个月并明确说明，不足勿凑数，不设最低数量。只接受标题或正文能够直接指向该实体的帖子；同品牌不同分店必须依靠完整分店名、地址、商圈或附近地标区分，无法确认具体分店时写未确认，不得把品牌其他分店或同名地点的帖子归入本实体。只核实地图可定位、具有固定运营地址或稳定边界的这个实体，不要扩展推荐其他同类地点。第一行原样保留点点 AI 页面显示的“搜索并总结N人真实经验”“搜索并总结N篇笔记生成”或“ai总结N篇笔记生成”证据标记；第二行原样写“核实范围：花溪区”。若存在可核实来源，只输出该实体一行，严格使用：POI名称｜外文/地图名｜POI业务类型｜POI细分类型｜行政区｜地理位置描述｜游客需求场景｜证据强度。POI名称必须对应“蒋记龙府大竹签烤肉(花溪店)”，POI业务类型必须写“餐饮美食”。没有来源依据的字段写未确认；不得凭名称、常识或地图资料补写小红书体验，不得用点赞量代表独立笔记数或热度。如果没有任何可打开且正文直接提及该实体的小红书来源，请明确写“未发现可核实小红书来源”，不要生成实体行。最后单独列出疑似关闭、搬迁、改名、同名或分店混淆风险；没有可靠来源则写未确认。,1,graphId=food_8305840e-d7d2-4e5d-bdf3-ab2c704e0754；score=85.6；existingEvidence=0；target=补齐首条直接体验证据,现行图谱高价值POI分层补采
GYTRAVEL-HV-20260916-0131,P1,餐饮美食-标准POI精确证据核实,观山湖区,核实标准实体“黔牛阁酸汤牛肉(观山湖店)”近24个月小红书直接体验来源，并严格区分同名和分店,这是独立的贵州省贵阳市高价值 POI 小红书证据核实任务，与前面问题无关。本题只核实一个标准实体：黔牛阁酸汤牛肉(观山湖店)；业务类型为餐饮美食；行政区为观山湖区；参考地址为长岭北路美的林城财智中心B座1楼。请只依据近24个月来贵阳旅游的中国大陆游客发布的小红书真实到访笔记和实拍内容；证据不足时可放宽到36个月并明确说明，不足勿凑数，不设最低数量。只接受标题或正文能够直接指向该实体的帖子；同品牌不同分店必须依靠完整分店名、地址、商圈或附近地标区分，无法确认具体分店时写未确认，不得把品牌其他分店或同名地点的帖子归入本实体。只核实地图可定位、具有固定运营地址或稳定边界的这个实体，不要扩展推荐其他同类地点。第一行原样保留点点 AI 页面显示的“搜索并总结N人真实经验”“搜索并总结N篇笔记生成”或“ai总结N篇笔记生成”证据标记；第二行原样写“核实范围：观山湖区”。若存在可核实来源，只输出该实体一行，严格使用：POI名称｜外文/地图名｜POI业务类型｜POI细分类型｜行政区｜地理位置描述｜游客需求场景｜证据强度。POI名称必须对应“黔牛阁酸汤牛肉(观山湖店)”，POI业务类型必须写“餐饮美食”。没有来源依据的字段写未确认；不得凭名称、常识或地图资料补写小红书体验，不得用点赞量代表独立笔记数或热度。如果没有任何可打开且正文直接提及该实体的小红书来源，请明确写“未发现可核实小红书来源”，不要生成实体行。最后单独列出疑似关闭、搬迁、改名、同名或分店混淆风险；没有可靠来源则写未确认。,1,graphId=food_87973bfb-30b1-46c7-ab2d-32cfc7348931；score=85.4；existingEvidence=0；target=补齐首条直接体验证据,现行图谱高价值POI分层补采
GYTRAVEL-HV-20260916-0132,P1,餐饮美食-标准POI精确证据核实,观山湖区,核实标准实体“绫罗宴”近24个月小红书直接体验来源，并严格区分同名和分店,这是独立的贵州省贵阳市高价值 POI 小红书证据核实任务，与前面问题无关。本题只核实一个标准实体：绫罗宴；业务类型为餐饮美食；行政区为观山湖区；参考地址为都匀路34号通号·云璟台。请只依据近24个月来贵阳旅游的中国大陆游客发布的小红书真实到访笔记和实拍内容；证据不足时可放宽到36个月并明确说明，不足勿凑数，不设最低数量。只接受标题或正文能够直接指向该实体的帖子；同品牌不同分店必须依靠完整分店名、地址、商圈或附近地标区分，无法确认具体分店时写未确认，不得把品牌其他分店或同名地点的帖子归入本实体。只核实地图可定位、具有固定运营地址或稳定边界的这个实体，不要扩展推荐其他同类地点。第一行原样保留点点 AI 页面显示的“搜索并总结N人真实经验”“搜索并总结N篇笔记生成”或“ai总结N篇笔记生成”证据标记；第二行原样写“核实范围：观山湖区”。若存在可核实来源，只输出该实体一行，严格使用：POI名称｜外文/地图名｜POI业务类型｜POI细分类型｜行政区｜地理位置描述｜游客需求场景｜证据强度。POI名称必须对应“绫罗宴”，POI业务类型必须写“餐饮美食”。没有来源依据的字段写未确认；不得凭名称、常识或地图资料补写小红书体验，不得用点赞量代表独立笔记数或热度。如果没有任何可打开且正文直接提及该实体的小红书来源，请明确写“未发现可核实小红书来源”，不要生成实体行。最后单独列出疑似关闭、搬迁、改名、同名或分店混淆风险；没有可靠来源则写未确认。,1,graphId=food_f337d77a-a5c0-4018-8f8b-4088802cbc29；score=85.25；existingEvidence=0；target=补齐首条直接体验证据,现行图谱高价值POI分层补采
GYTRAVEL-HV-20260916-0133,P1,餐饮美食-标准POI精确证据核实,花溪区,核实标准实体“雪咖啡(花溪朝阳村店)”近24个月小红书直接体验来源，并严格区分同名和分店,这是独立的贵州省贵阳市高价值 POI 小红书证据核实任务，与前面问题无关。本题只核实一个标准实体：雪咖啡(花溪朝阳村店)；业务类型为餐饮美食；行政区为花溪区；参考地址为朝阳村羊城西饼2楼202室。请只依据近24个月来贵阳旅游的中国大陆游客发布的小红书真实到访笔记和实拍内容；证据不足时可放宽到36个月并明确说明，不足勿凑数，不设最低数量。只接受标题或正文能够直接指向该实体的帖子；同品牌不同分店必须依靠完整分店名、地址、商圈或附近地标区分，无法确认具体分店时写未确认，不得把品牌其他分店或同名地点的帖子归入本实体。只核实地图可定位、具有固定运营地址或稳定边界的这个实体，不要扩展推荐其他同类地点。第一行原样保留点点 AI 页面显示的“搜索并总结N人真实经验”“搜索并总结N篇笔记生成”或“ai总结N篇笔记生成”证据标记；第二行原样写“核实范围：花溪区”。若存在可核实来源，只输出该实体一行，严格使用：POI名称｜外文/地图名｜POI业务类型｜POI细分类型｜行政区｜地理位置描述｜游客需求场景｜证据强度。POI名称必须对应“雪咖啡(花溪朝阳村店)”，POI业务类型必须写“餐饮美食”。没有来源依据的字段写未确认；不得凭名称、常识或地图资料补写小红书体验，不得用点赞量代表独立笔记数或热度。如果没有任何可打开且正文直接提及该实体的小红书来源，请明确写“未发现可核实小红书来源”，不要生成实体行。最后单独列出疑似关闭、搬迁、改名、同名或分店混淆风险；没有可靠来源则写未确认。,1,graphId=food_ec12aeb6-5f7c-4909-b45d-a160eb731b00；score=85.0；existingEvidence=0；target=补齐首条直接体验证据,现行图谱高价值POI分层补采
GYTRAVEL-HV-20260916-0134,P1,餐饮美食-标准POI精确证据核实,观山湖区,核实标准实体“Docki²甜品集合店”近24个月小红书直接体验来源，并严格区分同名和分店,这是独立的贵州省贵阳市高价值 POI 小红书证据核实任务，与前面问题无关。本题只核实一个标准实体：Docki²甜品集合店；业务类型为餐饮美食；行政区为观山湖区；参考地址为悦然时光舞台旁B1层G1179号。请只依据近24个月来贵阳旅游的中国大陆游客发布的小红书真实到访笔记和实拍内容；证据不足时可放宽到36个月并明确说明，不足勿凑数，不设最低数量。只接受标题或正文能够直接指向该实体的帖子；同品牌不同分店必须依靠完整分店名、地址、商圈或附近地标区分，无法确认具体分店时写未确认，不得把品牌其他分店或同名地点的帖子归入本实体。只核实地图可定位、具有固定运营地址或稳定边界的这个实体，不要扩展推荐其他同类地点。第一行原样保留点点 AI 页面显示的“搜索并总结N人真实经验”“搜索并总结N篇笔记生成”或“ai总结N篇笔记生成”证据标记；第二行原样写“核实范围：观山湖区”。若存在可核实来源，只输出该实体一行，严格使用：POI名称｜外文/地图名｜POI业务类型｜POI细分类型｜行政区｜地理位置描述｜游客需求场景｜证据强度。POI名称必须对应“Docki²甜品集合店”，POI业务类型必须写“餐饮美食”。没有来源依据的字段写未确认；不得凭名称、常识或地图资料补写小红书体验，不得用点赞量代表独立笔记数或热度。如果没有任何可打开且正文直接提及该实体的小红书来源，请明确写“未发现可核实小红书来源”，不要生成实体行。最后单独列出疑似关闭、搬迁、改名、同名或分店混淆风险；没有可靠来源则写未确认。,1,graphId=food_f2cd9d6d-0a07-4e5f-a904-fbe9c8337c26；score=85.0；existingEvidence=0；target=补齐首条直接体验证据,现行图谱高价值POI分层补采
GYTRAVEL-HV-20260916-0135,P1,餐饮美食-标准POI精确证据核实,观山湖区,核实标准实体“杨丫老鸭汤(会展城店)”近24个月小红书直接体验来源，并严格区分同名和分店,这是独立的贵州省贵阳市高价值 POI 小红书证据核实任务，与前面问题无关。本题只核实一个标准实体：杨丫老鸭汤(会展城店)；业务类型为餐饮美食；行政区为观山湖区；参考地址为会展城会展东路B座贵盐大厦一楼10号。请只依据近24个月来贵阳旅游的中国大陆游客发布的小红书真实到访笔记和实拍内容；证据不足时可放宽到36个月并明确说明，不足勿凑数，不设最低数量。只接受标题或正文能够直接指向该实体的帖子；同品牌不同分店必须依靠完整分店名、地址、商圈或附近地标区分，无法确认具体分店时写未确认，不得把品牌其他分店或同名地点的帖子归入本实体。只核实地图可定位、具有固定运营地址或稳定边界的这个实体，不要扩展推荐其他同类地点。第一行原样保留点点 AI 页面显示的“搜索并总结N人真实经验”“搜索并总结N篇笔记生成”或“ai总结N篇笔记生成”证据标记；第二行原样写“核实范围：观山湖区”。若存在可核实来源，只输出该实体一行，严格使用：POI名称｜外文/地图名｜POI业务类型｜POI细分类型｜行政区｜地理位置描述｜游客需求场景｜证据强度。POI名称必须对应“杨丫老鸭汤(会展城店)”，POI业务类型必须写“餐饮美食”。没有来源依据的字段写未确认；不得凭名称、常识或地图资料补写小红书体验，不得用点赞量代表独立笔记数或热度。如果没有任何可打开且正文直接提及该实体的小红书来源，请明确写“未发现可核实小红书来源”，不要生成实体行。最后单独列出疑似关闭、搬迁、改名、同名或分店混淆风险；没有可靠来源则写未确认。,1,graphId=food_d698efe4-07d3-4a0a-98f3-5caccc1ea2c4；score=85.0；existingEvidence=0；target=补齐首条直接体验证据,现行图谱高价值POI分层补采
GYTRAVEL-HV-20260916-0136,P1,餐饮美食-标准POI精确证据核实,观山湖区,核实标准实体“渡江鱼府(生态鱼)”近24个月小红书直接体验来源，并严格区分同名和分店,这是独立的贵州省贵阳市高价值 POI 小红书证据核实任务，与前面问题无关。本题只核实一个标准实体：渡江鱼府(生态鱼)；业务类型为餐饮美食；行政区为观山湖区；参考地址为中心环线。请只依据近24个月来贵阳旅游的中国大陆游客发布的小红书真实到访笔记和实拍内容；证据不足时可放宽到36个月并明确说明，不足勿凑数，不设最低数量。只接受标题或正文能够直接指向该实体的帖子；同品牌不同分店必须依靠完整分店名、地址、商圈或附近地标区分，无法确认具体分店时写未确认，不得把品牌其他分店或同名地点的帖子归入本实体。只核实地图可定位、具有固定运营地址或稳定边界的这个实体，不要扩展推荐其他同类地点。第一行原样保留点点 AI 页面显示的“搜索并总结N人真实经验”“搜索并总结N篇笔记生成”或“ai总结N篇笔记生成”证据标记；第二行原样写“核实范围：观山湖区”。若存在可核实来源，只输出该实体一行，严格使用：POI名称｜外文/地图名｜POI业务类型｜POI细分类型｜行政区｜地理位置描述｜游客需求场景｜证据强度。POI名称必须对应“渡江鱼府(生态鱼)”，POI业务类型必须写“餐饮美食”。没有来源依据的字段写未确认；不得凭名称、常识或地图资料补写小红书体验，不得用点赞量代表独立笔记数或热度。如果没有任何可打开且正文直接提及该实体的小红书来源，请明确写“未发现可核实小红书来源”，不要生成实体行。最后单独列出疑似关闭、搬迁、改名、同名或分店混淆风险；没有可靠来源则写未确认。,1,graphId=food_1b799c7d-e70b-4177-82bc-8f8ab41e61da；score=85.0；existingEvidence=0；target=补齐首条直接体验证据,现行图谱高价值POI分层补采
GYTRAVEL-HV-20260916-0137,P1,餐饮美食-标准POI精确证据核实,观山湖区,核实标准实体“菌鲜森(美的财智中心店)”近24个月小红书直接体验来源，并严格区分同名和分店,这是独立的贵州省贵阳市高价值 POI 小红书证据核实任务，与前面问题无关。本题只核实一个标准实体：菌鲜森(美的财智中心店)；业务类型为餐饮美食；行政区为观山湖区；参考地址为美的·财智中心B座2层。请只依据近24个月来贵阳旅游的中国大陆游客发布的小红书真实到访笔记和实拍内容；证据不足时可放宽到36个月并明确说明，不足勿凑数，不设最低数量。只接受标题或正文能够直接指向该实体的帖子；同品牌不同分店必须依靠完整分店名、地址、商圈或附近地标区分，无法确认具体分店时写未确认，不得把品牌其他分店或同名地点的帖子归入本实体。只核实地图可定位、具有固定运营地址或稳定边界的这个实体，不要扩展推荐其他同类地点。第一行原样保留点点 AI 页面显示的“搜索并总结N人真实经验”“搜索并总结N篇笔记生成”或“ai总结N篇笔记生成”证据标记；第二行原样写“核实范围：观山湖区”。若存在可核实来源，只输出该实体一行，严格使用：POI名称｜外文/地图名｜POI业务类型｜POI细分类型｜行政区｜地理位置描述｜游客需求场景｜证据强度。POI名称必须对应“菌鲜森(美的财智中心店)”，POI业务类型必须写“餐饮美食”。没有来源依据的字段写未确认；不得凭名称、常识或地图资料补写小红书体验，不得用点赞量代表独立笔记数或热度。如果没有任何可打开且正文直接提及该实体的小红书来源，请明确写“未发现可核实小红书来源”，不要生成实体行。最后单独列出疑似关闭、搬迁、改名、同名或分店混淆风险；没有可靠来源则写未确认。,1,graphId=food_beff4472-d1a1-437d-9036-cb2b1beaeaa7；score=85.0；existingEvidence=0；target=补齐首条直接体验证据,现行图谱高价值POI分层补采
GYTRAVEL-HV-20260916-0138,P1,餐饮美食-标准POI精确证据核实,观山湖区,核实标准实体“虎岚和牛烧肉海鲜料理自助”近24个月小红书直接体验来源，并严格区分同名和分店,这是独立的贵州省贵阳市高价值 POI 小红书证据核实任务，与前面问题无关。本题只核实一个标准实体：虎岚和牛烧肉海鲜料理自助；业务类型为餐饮美食；行政区为观山湖区；参考地址为会展城七米路嗨玩街C6号。请只依据近24个月来贵阳旅游的中国大陆游客发布的小红书真实到访笔记和实拍内容；证据不足时可放宽到36个月并明确说明，不足勿凑数，不设最低数量。只接受标题或正文能够直接指向该实体的帖子；同品牌不同分店必须依靠完整分店名、地址、商圈或附近地标区分，无法确认具体分店时写未确认，不得把品牌其他分店或同名地点的帖子归入本实体。只核实地图可定位、具有固定运营地址或稳定边界的这个实体，不要扩展推荐其他同类地点。第一行原样保留点点 AI 页面显示的“搜索并总结N人真实经验”“搜索并总结N篇笔记生成”或“ai总结N篇笔记生成”证据标记；第二行原样写“核实范围：观山湖区”。若存在可核实来源，只输出该实体一行，严格使用：POI名称｜外文/地图名｜POI业务类型｜POI细分类型｜行政区｜地理位置描述｜游客需求场景｜证据强度。POI名称必须对应“虎岚和牛烧肉海鲜料理自助”，POI业务类型必须写“餐饮美食”。没有来源依据的字段写未确认；不得凭名称、常识或地图资料补写小红书体验，不得用点赞量代表独立笔记数或热度。如果没有任何可打开且正文直接提及该实体的小红书来源，请明确写“未发现可核实小红书来源”，不要生成实体行。最后单独列出疑似关闭、搬迁、改名、同名或分店混淆风险；没有可靠来源则写未确认。,1,graphId=food_157b0606-244a-4ed9-b2f7-2e6936faab49；score=85.0；existingEvidence=0；target=补齐首条直接体验证据,现行图谱高价值POI分层补采
GYTRAVEL-HV-20260916-0139,P1,餐饮美食-标准POI精确证据核实,花溪区,核实标准实体“黔鸭坊(思雅美食工厂店)”近24个月小红书直接体验来源，并严格区分同名和分店,这是独立的贵州省贵阳市高价值 POI 小红书证据核实任务，与前面问题无关。本题只核实一个标准实体：黔鸭坊(思雅美食工厂店)；业务类型为餐饮美食；行政区为花溪区；参考地址为思雅路12号思雅美食工厂城1层8号。请只依据近24个月来贵阳旅游的中国大陆游客发布的小红书真实到访笔记和实拍内容；证据不足时可放宽到36个月并明确说明，不足勿凑数，不设最低数量。只接受标题或正文能够直接指向该实体的帖子；同品牌不同分店必须依靠完整分店名、地址、商圈或附近地标区分，无法确认具体分店时写未确认，不得把品牌其他分店或同名地点的帖子归入本实体。只核实地图可定位、具有固定运营地址或稳定边界的这个实体，不要扩展推荐其他同类地点。第一行原样保留点点 AI 页面显示的“搜索并总结N人真实经验”“搜索并总结N篇笔记生成”或“ai总结N篇笔记生成”证据标记；第二行原样写“核实范围：花溪区”。若存在可核实来源，只输出该实体一行，严格使用：POI名称｜外文/地图名｜POI业务类型｜POI细分类型｜行政区｜地理位置描述｜游客需求场景｜证据强度。POI名称必须对应“黔鸭坊(思雅美食工厂店)”，POI业务类型必须写“餐饮美食”。没有来源依据的字段写未确认；不得凭名称、常识或地图资料补写小红书体验，不得用点赞量代表独立笔记数或热度。如果没有任何可打开且正文直接提及该实体的小红书来源，请明确写“未发现可核实小红书来源”，不要生成实体行。最后单独列出疑似关闭、搬迁、改名、同名或分店混淆风险；没有可靠来源则写未确认。,1,graphId=food_2e4337ab-85c1-464b-92c2-d5ef52efbda6；score=84.6；existingEvidence=0；target=补齐首条直接体验证据,现行图谱高价值POI分层补采
GYTRAVEL-HV-20260916-0140,P1,餐饮美食-标准POI精确证据核实,花溪区,核实标准实体“李火辣老火锅(花溪店)”近24个月小红书直接体验来源，并严格区分同名和分店,这是独立的贵州省贵阳市高价值 POI 小红书证据核实任务，与前面问题无关。本题只核实一个标准实体：李火辣老火锅(花溪店)；业务类型为餐饮美食；行政区为花溪区；参考地址为花溪大道南端花溪大道南段与西北路交叉口东南100米。请只依据近24个月来贵阳旅游的中国大陆游客发布的小红书真实到访笔记和实拍内容；证据不足时可放宽到36个月并明确说明，不足勿凑数，不设最低数量。只接受标题或正文能够直接指向该实体的帖子；同品牌不同分店必须依靠完整分店名、地址、商圈或附近地标区分，无法确认具体分店时写未确认，不得把品牌其他分店或同名地点的帖子归入本实体。只核实地图可定位、具有固定运营地址或稳定边界的这个实体，不要扩展推荐其他同类地点。第一行原样保留点点 AI 页面显示的“搜索并总结N人真实经验”“搜索并总结N篇笔记生成”或“ai总结N篇笔记生成”证据标记；第二行原样写“核实范围：花溪区”。若存在可核实来源，只输出该实体一行，严格使用：POI名称｜外文/地图名｜POI业务类型｜POI细分类型｜行政区｜地理位置描述｜游客需求场景｜证据强度。POI名称必须对应“李火辣老火锅(花溪店)”，POI业务类型必须写“餐饮美食”。没有来源依据的字段写未确认；不得凭名称、常识或地图资料补写小红书体验，不得用点赞量代表独立笔记数或热度。如果没有任何可打开且正文直接提及该实体的小红书来源，请明确写“未发现可核实小红书来源”，不要生成实体行。最后单独列出疑似关闭、搬迁、改名、同名或分店混淆风险；没有可靠来源则写未确认。,1,graphId=food_e3715038-0a1b-4ce4-92c5-cb211dca958d；score=84.2；existingEvidence=0；target=补齐首条直接体验证据,现行图谱高价值POI分层补采
GYTRAVEL-HV-20260916-0141,P1,餐饮美食-标准POI精确证据核实,观山湖区,核实标准实体“品悦·融合菜(金融MAX·D座店)”近24个月小红书直接体验来源，并严格区分同名和分店,这是独立的贵州省贵阳市高价值 POI 小红书证据核实任务，与前面问题无关。本题只核实一个标准实体：品悦·融合菜(金融MAX·D座店)；业务类型为餐饮美食；行政区为观山湖区；参考地址为金融城1期MAXD座(公积金办证大厅斜对面)。请只依据近24个月来贵阳旅游的中国大陆游客发布的小红书真实到访笔记和实拍内容；证据不足时可放宽到36个月并明确说明，不足勿凑数，不设最低数量。只接受标题或正文能够直接指向该实体的帖子；同品牌不同分店必须依靠完整分店名、地址、商圈或附近地标区分，无法确认具体分店时写未确认，不得把品牌其他分店或同名地点的帖子归入本实体。只核实地图可定位、具有固定运营地址或稳定边界的这个实体，不要扩展推荐其他同类地点。第一行原样保留点点 AI 页面显示的“搜索并总结N人真实经验”“搜索并总结N篇笔记生成”或“ai总结N篇笔记生成”证据标记；第二行原样写“核实范围：观山湖区”。若存在可核实来源，只输出该实体一行，严格使用：POI名称｜外文/地图名｜POI业务类型｜POI细分类型｜行政区｜地理位置描述｜游客需求场景｜证据强度。POI名称必须对应“品悦·融合菜(金融MAX·D座店)”，POI业务类型必须写“餐饮美食”。没有来源依据的字段写未确认；不得凭名称、常识或地图资料补写小红书体验，不得用点赞量代表独立笔记数或热度。如果没有任何可打开且正文直接提及该实体的小红书来源，请明确写“未发现可核实小红书来源”，不要生成实体行。最后单独列出疑似关闭、搬迁、改名、同名或分店混淆风险；没有可靠来源则写未确认。,1,graphId=food_967d4936-c2af-4809-80c9-8059211ba159；score=84.2；existingEvidence=0；target=补齐首条直接体验证据,现行图谱高价值POI分层补采
GYTRAVEL-HV-20260916-0142,P1,餐饮美食-标准POI精确证据核实,观山湖区,核实标准实体“老凯俚酸汤鱼(夜郎国店)”近24个月小红书直接体验来源，并严格区分同名和分店,这是独立的贵州省贵阳市高价值 POI 小红书证据核实任务，与前面问题无关。本题只核实一个标准实体：老凯俚酸汤鱼(夜郎国店)；业务类型为餐饮美食；行政区为观山湖区；参考地址为梦想天街南门旁。请只依据近24个月来贵阳旅游的中国大陆游客发布的小红书真实到访笔记和实拍内容；证据不足时可放宽到36个月并明确说明，不足勿凑数，不设最低数量。只接受标题或正文能够直接指向该实体的帖子；同品牌不同分店必须依靠完整分店名、地址、商圈或附近地标区分，无法确认具体分店时写未确认，不得把品牌其他分店或同名地点的帖子归入本实体。只核实地图可定位、具有固定运营地址或稳定边界的这个实体，不要扩展推荐其他同类地点。第一行原样保留点点 AI 页面显示的“搜索并总结N人真实经验”“搜索并总结N篇笔记生成”或“ai总结N篇笔记生成”证据标记；第二行原样写“核实范围：观山湖区”。若存在可核实来源，只输出该实体一行，严格使用：POI名称｜外文/地图名｜POI业务类型｜POI细分类型｜行政区｜地理位置描述｜游客需求场景｜证据强度。POI名称必须对应“老凯俚酸汤鱼(夜郎国店)”，POI业务类型必须写“餐饮美食”。没有来源依据的字段写未确认；不得凭名称、常识或地图资料补写小红书体验，不得用点赞量代表独立笔记数或热度。如果没有任何可打开且正文直接提及该实体的小红书来源，请明确写“未发现可核实小红书来源”，不要生成实体行。最后单独列出疑似关闭、搬迁、改名、同名或分店混淆风险；没有可靠来源则写未确认。,1,graphId=food_5ef55e68-748a-4965-8308-be63d2aad4a1；score=84.2；existingEvidence=0；target=补齐首条直接体验证据,现行图谱高价值POI分层补采
GYTRAVEL-HV-20260916-0143,P1,餐饮美食-标准POI精确证据核实,观山湖区,核实标准实体“贵阳市·黔城香蹄花粉面馆”近24个月小红书直接体验来源，并严格区分同名和分店,这是独立的贵州省贵阳市高价值 POI 小红书证据核实任务，与前面问题无关。本题只核实一个标准实体：贵阳市·黔城香蹄花粉面馆；业务类型为餐饮美食；行政区为观山湖区；参考地址为北大资源梦想城第2-S01栋单元1层33号。请只依据近24个月来贵阳旅游的中国大陆游客发布的小红书真实到访笔记和实拍内容；证据不足时可放宽到36个月并明确说明，不足勿凑数，不设最低数量。只接受标题或正文能够直接指向该实体的帖子；同品牌不同分店必须依靠完整分店名、地址、商圈或附近地标区分，无法确认具体分店时写未确认，不得把品牌其他分店或同名地点的帖子归入本实体。只核实地图可定位、具有固定运营地址或稳定边界的这个实体，不要扩展推荐其他同类地点。第一行原样保留点点 AI 页面显示的“搜索并总结N人真实经验”“搜索并总结N篇笔记生成”或“ai总结N篇笔记生成”证据标记；第二行原样写“核实范围：观山湖区”。若存在可核实来源，只输出该实体一行，严格使用：POI名称｜外文/地图名｜POI业务类型｜POI细分类型｜行政区｜地理位置描述｜游客需求场景｜证据强度。POI名称必须对应“贵阳市·黔城香蹄花粉面馆”，POI业务类型必须写“餐饮美食”。没有来源依据的字段写未确认；不得凭名称、常识或地图资料补写小红书体验，不得用点赞量代表独立笔记数或热度。如果没有任何可打开且正文直接提及该实体的小红书来源，请明确写“未发现可核实小红书来源”，不要生成实体行。最后单独列出疑似关闭、搬迁、改名、同名或分店混淆风险；没有可靠来源则写未确认。,1,graphId=food_73daef61-950b-4389-9e66-25659d5eef29；score=84.2；existingEvidence=0；target=补齐首条直接体验证据,现行图谱高价值POI分层补采
GYTRAVEL-HV-20260916-0144,P1,餐饮美食-标准POI精确证据核实,观山湖区,核实标准实体“黔上黔(阿云朵仓店)”近24个月小红书直接体验来源，并严格区分同名和分店,这是独立的贵州省贵阳市高价值 POI 小红书证据核实任务，与前面问题无关。本题只核实一个标准实体：黔上黔(阿云朵仓店)；业务类型为餐饮美食；行政区为观山湖区；参考地址为长岭北路6号大唐财富广场1层。请只依据近24个月来贵阳旅游的中国大陆游客发布的小红书真实到访笔记和实拍内容；证据不足时可放宽到36个月并明确说明，不足勿凑数，不设最低数量。只接受标题或正文能够直接指向该实体的帖子；同品牌不同分店必须依靠完整分店名、地址、商圈或附近地标区分，无法确认具体分店时写未确认，不得把品牌其他分店或同名地点的帖子归入本实体。只核实地图可定位、具有固定运营地址或稳定边界的这个实体，不要扩展推荐其他同类地点。第一行原样保留点点 AI 页面显示的“搜索并总结N人真实经验”“搜索并总结N篇笔记生成”或“ai总结N篇笔记生成”证据标记；第二行原样写“核实范围：观山湖区”。若存在可核实来源，只输出该实体一行，严格使用：POI名称｜外文/地图名｜POI业务类型｜POI细分类型｜行政区｜地理位置描述｜游客需求场景｜证据强度。POI名称必须对应“黔上黔(阿云朵仓店)”，POI业务类型必须写“餐饮美食”。没有来源依据的字段写未确认；不得凭名称、常识或地图资料补写小红书体验，不得用点赞量代表独立笔记数或热度。如果没有任何可打开且正文直接提及该实体的小红书来源，请明确写“未发现可核实小红书来源”，不要生成实体行。最后单独列出疑似关闭、搬迁、改名、同名或分店混淆风险；没有可靠来源则写未确认。,1,graphId=food_9cb23756-2cfe-4989-90f6-c5e31b6a9555；score=84.2；existingEvidence=0；target=补齐首条直接体验证据,现行图谱高价值POI分层补采
GYTRAVEL-HV-20260916-0145,P1,餐饮美食-标准POI精确证据核实,花溪区,核实标准实体“胖子烤鱼”近24个月小红书直接体验来源，并严格区分同名和分店,这是独立的贵州省贵阳市高价值 POI 小红书证据核实任务，与前面问题无关。本题只核实一个标准实体：胖子烤鱼；业务类型为餐饮美食；行政区为花溪区；参考地址为贵安新区大学城党武镇群升大智慧综合体智慧社区AC负2一9一10。请只依据近24个月来贵阳旅游的中国大陆游客发布的小红书真实到访笔记和实拍内容；证据不足时可放宽到36个月并明确说明，不足勿凑数，不设最低数量。只接受标题或正文能够直接指向该实体的帖子；同品牌不同分店必须依靠完整分店名、地址、商圈或附近地标区分，无法确认具体分店时写未确认，不得把品牌其他分店或同名地点的帖子归入本实体。只核实地图可定位、具有固定运营地址或稳定边界的这个实体，不要扩展推荐其他同类地点。第一行原样保留点点 AI 页面显示的“搜索并总结N人真实经验”“搜索并总结N篇笔记生成”或“ai总结N篇笔记生成”证据标记；第二行原样写“核实范围：花溪区”。若存在可核实来源，只输出该实体一行，严格使用：POI名称｜外文/地图名｜POI业务类型｜POI细分类型｜行政区｜地理位置描述｜游客需求场景｜证据强度。POI名称必须对应“胖子烤鱼”，POI业务类型必须写“餐饮美食”。没有来源依据的字段写未确认；不得凭名称、常识或地图资料补写小红书体验，不得用点赞量代表独立笔记数或热度。如果没有任何可打开且正文直接提及该实体的小红书来源，请明确写“未发现可核实小红书来源”，不要生成实体行。最后单独列出疑似关闭、搬迁、改名、同名或分店混淆风险；没有可靠来源则写未确认。,1,graphId=food_a43b0f77-ba28-4321-8ae8-39f33bcfb1a2；score=84.05；existingEvidence=0；target=补齐首条直接体验证据,现行图谱高价值POI分层补采
GYTRAVEL-HV-20260916-0146,P1,餐饮美食-标准POI精确证据核实,观山湖区,核实标准实体“珍味鲜野生菌火锅(华润分店)”近24个月小红书直接体验来源，并严格区分同名和分店,这是独立的贵州省贵阳市高价值 POI 小红书证据核实任务，与前面问题无关。本题只核实一个标准实体：珍味鲜野生菌火锅(华润分店)；业务类型为餐饮美食；行政区为观山湖区；参考地址为华润国际社区二期F区第F1-F8栋一层7172号。请只依据近24个月来贵阳旅游的中国大陆游客发布的小红书真实到访笔记和实拍内容；证据不足时可放宽到36个月并明确说明，不足勿凑数，不设最低数量。只接受标题或正文能够直接指向该实体的帖子；同品牌不同分店必须依靠完整分店名、地址、商圈或附近地标区分，无法确认具体分店时写未确认，不得把品牌其他分店或同名地点的帖子归入本实体。只核实地图可定位、具有固定运营地址或稳定边界的这个实体，不要扩展推荐其他同类地点。第一行原样保留点点 AI 页面显示的“搜索并总结N人真实经验”“搜索并总结N篇笔记生成”或“ai总结N篇笔记生成”证据标记；第二行原样写“核实范围：观山湖区”。若存在可核实来源，只输出该实体一行，严格使用：POI名称｜外文/地图名｜POI业务类型｜POI细分类型｜行政区｜地理位置描述｜游客需求场景｜证据强度。POI名称必须对应“珍味鲜野生菌火锅(华润分店)”，POI业务类型必须写“餐饮美食”。没有来源依据的字段写未确认；不得凭名称、常识或地图资料补写小红书体验，不得用点赞量代表独立笔记数或热度。如果没有任何可打开且正文直接提及该实体的小红书来源，请明确写“未发现可核实小红书来源”，不要生成实体行。最后单独列出疑似关闭、搬迁、改名、同名或分店混淆风险；没有可靠来源则写未确认。,1,graphId=food_03632766-aba2-469b-ae8f-58ca05cc63a7；score=84.05；existingEvidence=0；target=补齐首条直接体验证据,现行图谱高价值POI分层补采
GYTRAVEL-HV-20260916-0147,P1,餐饮美食-标准POI精确证据核实,观山湖区,核实标准实体“称盘鲜黄牛肉”近24个月小红书直接体验来源，并严格区分同名和分店,这是独立的贵州省贵阳市高价值 POI 小红书证据核实任务，与前面问题无关。本题只核实一个标准实体：称盘鲜黄牛肉；业务类型为餐饮美食；行政区为观山湖区；参考地址为观山街道长岭南路33号天一国际广场。请只依据近24个月来贵阳旅游的中国大陆游客发布的小红书真实到访笔记和实拍内容；证据不足时可放宽到36个月并明确说明，不足勿凑数，不设最低数量。只接受标题或正文能够直接指向该实体的帖子；同品牌不同分店必须依靠完整分店名、地址、商圈或附近地标区分，无法确认具体分店时写未确认，不得把品牌其他分店或同名地点的帖子归入本实体。只核实地图可定位、具有固定运营地址或稳定边界的这个实体，不要扩展推荐其他同类地点。第一行原样保留点点 AI 页面显示的“搜索并总结N人真实经验”“搜索并总结N篇笔记生成”或“ai总结N篇笔记生成”证据标记；第二行原样写“核实范围：观山湖区”。若存在可核实来源，只输出该实体一行，严格使用：POI名称｜外文/地图名｜POI业务类型｜POI细分类型｜行政区｜地理位置描述｜游客需求场景｜证据强度。POI名称必须对应“称盘鲜黄牛肉”，POI业务类型必须写“餐饮美食”。没有来源依据的字段写未确认；不得凭名称、常识或地图资料补写小红书体验，不得用点赞量代表独立笔记数或热度。如果没有任何可打开且正文直接提及该实体的小红书来源，请明确写“未发现可核实小红书来源”，不要生成实体行。最后单独列出疑似关闭、搬迁、改名、同名或分店混淆风险；没有可靠来源则写未确认。,1,graphId=food_0d101851-925d-427e-bb08-8775d0c79b0f；score=84.05；existingEvidence=0；target=补齐首条直接体验证据,现行图谱高价值POI分层补采
GYTRAVEL-HV-20260916-0148,P1,餐饮美食-标准POI精确证据核实,花溪区,核实标准实体“金必轩(北街)”近24个月小红书直接体验来源，并严格区分同名和分店,这是独立的贵州省贵阳市高价值 POI 小红书证据核实任务，与前面问题无关。本题只核实一个标准实体：金必轩(北街)；业务类型为餐饮美食；行政区为花溪区；参考地址为青岩镇青岩古镇北明清街116号。请只依据近24个月来贵阳旅游的中国大陆游客发布的小红书真实到访笔记和实拍内容；证据不足时可放宽到36个月并明确说明，不足勿凑数，不设最低数量。只接受标题或正文能够直接指向该实体的帖子；同品牌不同分店必须依靠完整分店名、地址、商圈或附近地标区分，无法确认具体分店时写未确认，不得把品牌其他分店或同名地点的帖子归入本实体。只核实地图可定位、具有固定运营地址或稳定边界的这个实体，不要扩展推荐其他同类地点。第一行原样保留点点 AI 页面显示的“搜索并总结N人真实经验”“搜索并总结N篇笔记生成”或“ai总结N篇笔记生成”证据标记；第二行原样写“核实范围：花溪区”。若存在可核实来源，只输出该实体一行，严格使用：POI名称｜外文/地图名｜POI业务类型｜POI细分类型｜行政区｜地理位置描述｜游客需求场景｜证据强度。POI名称必须对应“金必轩(北街)”，POI业务类型必须写“餐饮美食”。没有来源依据的字段写未确认；不得凭名称、常识或地图资料补写小红书体验，不得用点赞量代表独立笔记数或热度。如果没有任何可打开且正文直接提及该实体的小红书来源，请明确写“未发现可核实小红书来源”，不要生成实体行。最后单独列出疑似关闭、搬迁、改名、同名或分店混淆风险；没有可靠来源则写未确认。,1,graphId=food_991a8ea5-fb10-424d-aa77-9c27c1fb6500；score=84.0；existingEvidence=0；target=补齐首条直接体验证据,现行图谱高价值POI分层补采
GYTRAVEL-HV-20260916-0149,P1,餐饮美食-标准POI精确证据核实,花溪区,核实标准实体“鲜源龙虾馆(烧烤海鲜)”近24个月小红书直接体验来源，并严格区分同名和分店,这是独立的贵州省贵阳市高价值 POI 小红书证据核实任务，与前面问题无关。本题只核实一个标准实体：鲜源龙虾馆(烧烤海鲜)；业务类型为餐饮美食；行政区为花溪区；参考地址为贵筑路七里香溪二期项目B栋1层7号班芙商业广场西门旁。请只依据近24个月来贵阳旅游的中国大陆游客发布的小红书真实到访笔记和实拍内容；证据不足时可放宽到36个月并明确说明，不足勿凑数，不设最低数量。只接受标题或正文能够直接指向该实体的帖子；同品牌不同分店必须依靠完整分店名、地址、商圈或附近地标区分，无法确认具体分店时写未确认，不得把品牌其他分店或同名地点的帖子归入本实体。只核实地图可定位、具有固定运营地址或稳定边界的这个实体，不要扩展推荐其他同类地点。第一行原样保留点点 AI 页面显示的“搜索并总结N人真实经验”“搜索并总结N篇笔记生成”或“ai总结N篇笔记生成”证据标记；第二行原样写“核实范围：花溪区”。若存在可核实来源，只输出该实体一行，严格使用：POI名称｜外文/地图名｜POI业务类型｜POI细分类型｜行政区｜地理位置描述｜游客需求场景｜证据强度。POI名称必须对应“鲜源龙虾馆(烧烤海鲜)”，POI业务类型必须写“餐饮美食”。没有来源依据的字段写未确认；不得凭名称、常识或地图资料补写小红书体验，不得用点赞量代表独立笔记数或热度。如果没有任何可打开且正文直接提及该实体的小红书来源，请明确写“未发现可核实小红书来源”，不要生成实体行。最后单独列出疑似关闭、搬迁、改名、同名或分店混淆风险；没有可靠来源则写未确认。,1,graphId=food_4fd75b44-ff11-4a2e-aa01-aac0abbbbdb8；score=83.8；existingEvidence=0；target=补齐首条直接体验证据,现行图谱高价值POI分层补采
GYTRAVEL-HV-20260916-0150,P1,餐饮美食-标准POI精确证据核实,花溪区,核实标准实体“乡贤小院(花溪公园店)”近24个月小红书直接体验来源，并严格区分同名和分店,这是独立的贵州省贵阳市高价值 POI 小红书证据核实任务，与前面问题无关。本题只核实一个标准实体：乡贤小院(花溪公园店)；业务类型为餐饮美食；行政区为花溪区；参考地址为溪北街道花溪公园1号门旁乡贤里项目6号楼二层6-6-9号。请只依据近24个月来贵阳旅游的中国大陆游客发布的小红书真实到访笔记和实拍内容；证据不足时可放宽到36个月并明确说明，不足勿凑数，不设最低数量。只接受标题或正文能够直接指向该实体的帖子；同品牌不同分店必须依靠完整分店名、地址、商圈或附近地标区分，无法确认具体分店时写未确认，不得把品牌其他分店或同名地点的帖子归入本实体。只核实地图可定位、具有固定运营地址或稳定边界的这个实体，不要扩展推荐其他同类地点。第一行原样保留点点 AI 页面显示的“搜索并总结N人真实经验”“搜索并总结N篇笔记生成”或“ai总结N篇笔记生成”证据标记；第二行原样写“核实范围：花溪区”。若存在可核实来源，只输出该实体一行，严格使用：POI名称｜外文/地图名｜POI业务类型｜POI细分类型｜行政区｜地理位置描述｜游客需求场景｜证据强度。POI名称必须对应“乡贤小院(花溪公园店)”，POI业务类型必须写“餐饮美食”。没有来源依据的字段写未确认；不得凭名称、常识或地图资料补写小红书体验，不得用点赞量代表独立笔记数或热度。如果没有任何可打开且正文直接提及该实体的小红书来源，请明确写“未发现可核实小红书来源”，不要生成实体行。最后单独列出疑似关闭、搬迁、改名、同名或分店混淆风险；没有可靠来源则写未确认。,1,graphId=food_3bae7b2d-8ce3-4022-a231-d09cf7479c1f；score=83.2；existingEvidence=0；target=补齐首条直接体验证据,现行图谱高价值POI分层补采
GYTRAVEL-HV-20260916-0151,P1,餐饮美食-标准POI精确证据核实,花溪区,核实标准实体“黔布衣班家院子(花溪旗舰店)”近24个月小红书直接体验来源，并严格区分同名和分店,这是独立的贵州省贵阳市高价值 POI 小红书证据核实任务，与前面问题无关。本题只核实一个标准实体：黔布衣班家院子(花溪旗舰店)；业务类型为餐饮美食；行政区为花溪区；参考地址为阳光街道花溪十字民主路A1区9号。请只依据近24个月来贵阳旅游的中国大陆游客发布的小红书真实到访笔记和实拍内容；证据不足时可放宽到36个月并明确说明，不足勿凑数，不设最低数量。只接受标题或正文能够直接指向该实体的帖子；同品牌不同分店必须依靠完整分店名、地址、商圈或附近地标区分，无法确认具体分店时写未确认，不得把品牌其他分店或同名地点的帖子归入本实体。只核实地图可定位、具有固定运营地址或稳定边界的这个实体，不要扩展推荐其他同类地点。第一行原样保留点点 AI 页面显示的“搜索并总结N人真实经验”“搜索并总结N篇笔记生成”或“ai总结N篇笔记生成”证据标记；第二行原样写“核实范围：花溪区”。若存在可核实来源，只输出该实体一行，严格使用：POI名称｜外文/地图名｜POI业务类型｜POI细分类型｜行政区｜地理位置描述｜游客需求场景｜证据强度。POI名称必须对应“黔布衣班家院子(花溪旗舰店)”，POI业务类型必须写“餐饮美食”。没有来源依据的字段写未确认；不得凭名称、常识或地图资料补写小红书体验，不得用点赞量代表独立笔记数或热度。如果没有任何可打开且正文直接提及该实体的小红书来源，请明确写“未发现可核实小红书来源”，不要生成实体行。最后单独列出疑似关闭、搬迁、改名、同名或分店混淆风险；没有可靠来源则写未确认。,1,graphId=food_8649f725-8886-4fb1-a74a-d851b3bdade8；score=83.2；existingEvidence=0；target=补齐首条直接体验证据,现行图谱高价值POI分层补采
GYTRAVEL-HV-20260916-0152,P1,餐饮美食-标准POI精确证据核实,乌当区,核实标准实体“贵州龙(正德家邦店)”近24个月小红书直接体验来源，并严格区分同名和分店,这是独立的贵州省贵阳市高价值 POI 小红书证据核实任务，与前面问题无关。本题只核实一个标准实体：贵州龙(正德家邦店)；业务类型为餐饮美食；行政区为乌当区；参考地址为育新路2号正德家邦新天卫城卫央生活广场LG层LG-02号。请只依据近24个月来贵阳旅游的中国大陆游客发布的小红书真实到访笔记和实拍内容；证据不足时可放宽到36个月并明确说明，不足勿凑数，不设最低数量。只接受标题或正文能够直接指向该实体的帖子；同品牌不同分店必须依靠完整分店名、地址、商圈或附近地标区分，无法确认具体分店时写未确认，不得把品牌其他分店或同名地点的帖子归入本实体。只核实地图可定位、具有固定运营地址或稳定边界的这个实体，不要扩展推荐其他同类地点。第一行原样保留点点 AI 页面显示的“搜索并总结N人真实经验”“搜索并总结N篇笔记生成”或“ai总结N篇笔记生成”证据标记；第二行原样写“核实范围：乌当区”。若存在可核实来源，只输出该实体一行，严格使用：POI名称｜外文/地图名｜POI业务类型｜POI细分类型｜行政区｜地理位置描述｜游客需求场景｜证据强度。POI名称必须对应“贵州龙(正德家邦店)”，POI业务类型必须写“餐饮美食”。没有来源依据的字段写未确认；不得凭名称、常识或地图资料补写小红书体验，不得用点赞量代表独立笔记数或热度。如果没有任何可打开且正文直接提及该实体的小红书来源，请明确写“未发现可核实小红书来源”，不要生成实体行。最后单独列出疑似关闭、搬迁、改名、同名或分店混淆风险；没有可靠来源则写未确认。,1,graphId=food_de97b496-e294-4a79-ac85-2a692d961e44；score=81.5；existingEvidence=0；target=补齐首条直接体验证据,现行图谱高价值POI分层补采
GYTRAVEL-HV-20260916-0153,P1,餐饮美食-标准POI精确证据核实,乌当区,核实标准实体“兄弟毛肚(火炬大道店)”近24个月小红书直接体验来源，并严格区分同名和分店,这是独立的贵州省贵阳市高价值 POI 小红书证据核实任务，与前面问题无关。本题只核实一个标准实体：兄弟毛肚(火炬大道店)；业务类型为餐饮美食；行政区为乌当区；参考地址为高新路地铁站B口步行330米。请只依据近24个月来贵阳旅游的中国大陆游客发布的小红书真实到访笔记和实拍内容；证据不足时可放宽到36个月并明确说明，不足勿凑数，不设最低数量。只接受标题或正文能够直接指向该实体的帖子；同品牌不同分店必须依靠完整分店名、地址、商圈或附近地标区分，无法确认具体分店时写未确认，不得把品牌其他分店或同名地点的帖子归入本实体。只核实地图可定位、具有固定运营地址或稳定边界的这个实体，不要扩展推荐其他同类地点。第一行原样保留点点 AI 页面显示的“搜索并总结N人真实经验”“搜索并总结N篇笔记生成”或“ai总结N篇笔记生成”证据标记；第二行原样写“核实范围：乌当区”。若存在可核实来源，只输出该实体一行，严格使用：POI名称｜外文/地图名｜POI业务类型｜POI细分类型｜行政区｜地理位置描述｜游客需求场景｜证据强度。POI名称必须对应“兄弟毛肚(火炬大道店)”，POI业务类型必须写“餐饮美食”。没有来源依据的字段写未确认；不得凭名称、常识或地图资料补写小红书体验，不得用点赞量代表独立笔记数或热度。如果没有任何可打开且正文直接提及该实体的小红书来源，请明确写“未发现可核实小红书来源”，不要生成实体行。最后单独列出疑似关闭、搬迁、改名、同名或分店混淆风险；没有可靠来源则写未确认。,1,graphId=food_2afbaef4-e67c-4afc-b5c1-7bbbf441e510；score=79.5；existingEvidence=0；target=补齐首条直接体验证据,现行图谱高价值POI分层补采
GYTRAVEL-HV-20260916-0154,P1,餐饮美食-标准POI精确证据核实,乌当区,核实标准实体“新天一烤大排档(乌当店)”近24个月小红书直接体验来源，并严格区分同名和分店,这是独立的贵州省贵阳市高价值 POI 小红书证据核实任务，与前面问题无关。本题只核实一个标准实体：新天一烤大排档(乌当店)；业务类型为餐饮美食；行政区为乌当区；参考地址为火炬大道7号(高新路地铁站B口步行170米)。请只依据近24个月来贵阳旅游的中国大陆游客发布的小红书真实到访笔记和实拍内容；证据不足时可放宽到36个月并明确说明，不足勿凑数，不设最低数量。只接受标题或正文能够直接指向该实体的帖子；同品牌不同分店必须依靠完整分店名、地址、商圈或附近地标区分，无法确认具体分店时写未确认，不得把品牌其他分店或同名地点的帖子归入本实体。只核实地图可定位、具有固定运营地址或稳定边界的这个实体，不要扩展推荐其他同类地点。第一行原样保留点点 AI 页面显示的“搜索并总结N人真实经验”“搜索并总结N篇笔记生成”或“ai总结N篇笔记生成”证据标记；第二行原样写“核实范围：乌当区”。若存在可核实来源，只输出该实体一行，严格使用：POI名称｜外文/地图名｜POI业务类型｜POI细分类型｜行政区｜地理位置描述｜游客需求场景｜证据强度。POI名称必须对应“新天一烤大排档(乌当店)”，POI业务类型必须写“餐饮美食”。没有来源依据的字段写未确认；不得凭名称、常识或地图资料补写小红书体验，不得用点赞量代表独立笔记数或热度。如果没有任何可打开且正文直接提及该实体的小红书来源，请明确写“未发现可核实小红书来源”，不要生成实体行。最后单独列出疑似关闭、搬迁、改名、同名或分店混淆风险；没有可靠来源则写未确认。,1,graphId=food_f6e64ef4-51e6-49d3-99ff-c5bb280c43b3；score=79.5；existingEvidence=0；target=补齐首条直接体验证据,现行图谱高价值POI分层补采
GYTRAVEL-HV-20260916-0155,P1,餐饮美食-标准POI精确证据核实,乌当区,核实标准实体“聚鑫·私厨(新天国际店)”近24个月小红书直接体验来源，并严格区分同名和分店,这是独立的贵州省贵阳市高价值 POI 小红书证据核实任务，与前面问题无关。本题只核实一个标准实体：聚鑫·私厨(新天国际店)；业务类型为餐饮美食；行政区为乌当区；参考地址为新添大道北段397号蒋家肠旺面三楼。请只依据近24个月来贵阳旅游的中国大陆游客发布的小红书真实到访笔记和实拍内容；证据不足时可放宽到36个月并明确说明，不足勿凑数，不设最低数量。只接受标题或正文能够直接指向该实体的帖子；同品牌不同分店必须依靠完整分店名、地址、商圈或附近地标区分，无法确认具体分店时写未确认，不得把品牌其他分店或同名地点的帖子归入本实体。只核实地图可定位、具有固定运营地址或稳定边界的这个实体，不要扩展推荐其他同类地点。第一行原样保留点点 AI 页面显示的“搜索并总结N人真实经验”“搜索并总结N篇笔记生成”或“ai总结N篇笔记生成”证据标记；第二行原样写“核实范围：乌当区”。若存在可核实来源，只输出该实体一行，严格使用：POI名称｜外文/地图名｜POI业务类型｜POI细分类型｜行政区｜地理位置描述｜游客需求场景｜证据强度。POI名称必须对应“聚鑫·私厨(新天国际店)”，POI业务类型必须写“餐饮美食”。没有来源依据的字段写未确认；不得凭名称、常识或地图资料补写小红书体验，不得用点赞量代表独立笔记数或热度。如果没有任何可打开且正文直接提及该实体的小红书来源，请明确写“未发现可核实小红书来源”，不要生成实体行。最后单独列出疑似关闭、搬迁、改名、同名或分店混淆风险；没有可靠来源则写未确认。,1,graphId=food_77f6cfb8-d2a9-421e-a814-5931de75123c；score=79.5；existingEvidence=0；target=补齐首条直接体验证据,现行图谱高价值POI分层补采
GYTRAVEL-HV-20260916-0156,P1,餐饮美食-标准POI精确证据核实,白云区,核实标准实体“喜香园酒楼(白云店)”近24个月小红书直接体验来源，并严格区分同名和分店,这是独立的贵州省贵阳市高价值 POI 小红书证据核实任务，与前面问题无关。本题只核实一个标准实体：喜香园酒楼(白云店)；业务类型为餐饮美食；行政区为白云区；参考地址为金园路2号附3号。请只依据近24个月来贵阳旅游的中国大陆游客发布的小红书真实到访笔记和实拍内容；证据不足时可放宽到36个月并明确说明，不足勿凑数，不设最低数量。只接受标题或正文能够直接指向该实体的帖子；同品牌不同分店必须依靠完整分店名、地址、商圈或附近地标区分，无法确认具体分店时写未确认，不得把品牌其他分店或同名地点的帖子归入本实体。只核实地图可定位、具有固定运营地址或稳定边界的这个实体，不要扩展推荐其他同类地点。第一行原样保留点点 AI 页面显示的“搜索并总结N人真实经验”“搜索并总结N篇笔记生成”或“ai总结N篇笔记生成”证据标记；第二行原样写“核实范围：白云区”。若存在可核实来源，只输出该实体一行，严格使用：POI名称｜外文/地图名｜POI业务类型｜POI细分类型｜行政区｜地理位置描述｜游客需求场景｜证据强度。POI名称必须对应“喜香园酒楼(白云店)”，POI业务类型必须写“餐饮美食”。没有来源依据的字段写未确认；不得凭名称、常识或地图资料补写小红书体验，不得用点赞量代表独立笔记数或热度。如果没有任何可打开且正文直接提及该实体的小红书来源，请明确写“未发现可核实小红书来源”，不要生成实体行。最后单独列出疑似关闭、搬迁、改名、同名或分店混淆风险；没有可靠来源则写未确认。,1,graphId=food_fb95e72c-54dd-4172-8bde-b5c292ba0436；score=79.5；existingEvidence=0；target=补齐首条直接体验证据,现行图谱高价值POI分层补采
GYTRAVEL-HV-20260916-0157,P1,餐饮美食-标准POI精确证据核实,白云区,核实标准实体“大天元翠岭酒楼”近24个月小红书直接体验来源，并严格区分同名和分店,这是独立的贵州省贵阳市高价值 POI 小红书证据核实任务，与前面问题无关。本题只核实一个标准实体：大天元翠岭酒楼；业务类型为餐饮美食；行政区为白云区；参考地址为南湖东路6号(西南家居城旁)。请只依据近24个月来贵阳旅游的中国大陆游客发布的小红书真实到访笔记和实拍内容；证据不足时可放宽到36个月并明确说明，不足勿凑数，不设最低数量。只接受标题或正文能够直接指向该实体的帖子；同品牌不同分店必须依靠完整分店名、地址、商圈或附近地标区分，无法确认具体分店时写未确认，不得把品牌其他分店或同名地点的帖子归入本实体。只核实地图可定位、具有固定运营地址或稳定边界的这个实体，不要扩展推荐其他同类地点。第一行原样保留点点 AI 页面显示的“搜索并总结N人真实经验”“搜索并总结N篇笔记生成”或“ai总结N篇笔记生成”证据标记；第二行原样写“核实范围：白云区”。若存在可核实来源，只输出该实体一行，严格使用：POI名称｜外文/地图名｜POI业务类型｜POI细分类型｜行政区｜地理位置描述｜游客需求场景｜证据强度。POI名称必须对应“大天元翠岭酒楼”，POI业务类型必须写“餐饮美食”。没有来源依据的字段写未确认；不得凭名称、常识或地图资料补写小红书体验，不得用点赞量代表独立笔记数或热度。如果没有任何可打开且正文直接提及该实体的小红书来源，请明确写“未发现可核实小红书来源”，不要生成实体行。最后单独列出疑似关闭、搬迁、改名、同名或分店混淆风险；没有可靠来源则写未确认。,1,graphId=food_abf88bfa-46be-4aa6-acda-294b9afe6705；score=79.5；existingEvidence=0；target=补齐首条直接体验证据,现行图谱高价值POI分层补采
GYTRAVEL-HV-20260916-0158,P1,餐饮美食-标准POI精确证据核实,乌当区,核实标准实体“柴味烤肉(嘉馨花园店)”近24个月小红书直接体验来源，并严格区分同名和分店,这是独立的贵州省贵阳市高价值 POI 小红书证据核实任务，与前面问题无关。本题只核实一个标准实体：柴味烤肉(嘉馨花园店)；业务类型为餐饮美食；行政区为乌当区；参考地址为新创路天骄瑞园8号。请只依据近24个月来贵阳旅游的中国大陆游客发布的小红书真实到访笔记和实拍内容；证据不足时可放宽到36个月并明确说明，不足勿凑数，不设最低数量。只接受标题或正文能够直接指向该实体的帖子；同品牌不同分店必须依靠完整分店名、地址、商圈或附近地标区分，无法确认具体分店时写未确认，不得把品牌其他分店或同名地点的帖子归入本实体。只核实地图可定位、具有固定运营地址或稳定边界的这个实体，不要扩展推荐其他同类地点。第一行原样保留点点 AI 页面显示的“搜索并总结N人真实经验”“搜索并总结N篇笔记生成”或“ai总结N篇笔记生成”证据标记；第二行原样写“核实范围：乌当区”。若存在可核实来源，只输出该实体一行，严格使用：POI名称｜外文/地图名｜POI业务类型｜POI细分类型｜行政区｜地理位置描述｜游客需求场景｜证据强度。POI名称必须对应“柴味烤肉(嘉馨花园店)”，POI业务类型必须写“餐饮美食”。没有来源依据的字段写未确认；不得凭名称、常识或地图资料补写小红书体验，不得用点赞量代表独立笔记数或热度。如果没有任何可打开且正文直接提及该实体的小红书来源，请明确写“未发现可核实小红书来源”，不要生成实体行。最后单独列出疑似关闭、搬迁、改名、同名或分店混淆风险；没有可靠来源则写未确认。,1,graphId=food_84154f38-2133-4106-bc88-593a36456efc；score=78.3；existingEvidence=0；target=补齐首条直接体验证据,现行图谱高价值POI分层补采
GYTRAVEL-HV-20260916-0159,P1,餐饮美食-标准POI精确证据核实,乌当区,核实标准实体“魏家麻辣烫(新天商业中心店)”近24个月小红书直接体验来源，并严格区分同名和分店,"这是独立的贵州省贵阳市高价值 POI 小红书证据核实任务，与前面问题无关。本题只核实一个标准实体：魏家麻辣烫(新天商业中心店)；业务类型为餐饮美食；行政区为乌当区；参考地址为新光路4号(新光路路口,从新添大道转入新光路约15米左右)。请只依据近24个月来贵阳旅游的中国大陆游客发布的小红书真实到访笔记和实拍内容；证据不足时可放宽到36个月并明确说明，不足勿凑数，不设最低数量。只接受标题或正文能够直接指向该实体的帖子；同品牌不同分店必须依靠完整分店名、地址、商圈或附近地标区分，无法确认具体分店时写未确认，不得把品牌其他分店或同名地点的帖子归入本实体。只核实地图可定位、具有固定运营地址或稳定边界的这个实体，不要扩展推荐其他同类地点。第一行原样保留点点 AI 页面显示的“搜索并总结N人真实经验”“搜索并总结N篇笔记生成”或“ai总结N篇笔记生成”证据标记；第二行原样写“核实范围：乌当区”。若存在可核实来源，只输出该实体一行，严格使用：POI名称｜外文/地图名｜POI业务类型｜POI细分类型｜行政区｜地理位置描述｜游客需求场景｜证据强度。POI名称必须对应“魏家麻辣烫(新天商业中心店)”，POI业务类型必须写“餐饮美食”。没有来源依据的字段写未确认；不得凭名称、常识或地图资料补写小红书体验，不得用点赞量代表独立笔记数或热度。如果没有任何可打开且正文直接提及该实体的小红书来源，请明确写“未发现可核实小红书来源”，不要生成实体行。最后单独列出疑似关闭、搬迁、改名、同名或分店混淆风险；没有可靠来源则写未确认。",1,graphId=food_03c81520-79ab-476d-a8c8-8800f9f112f6；score=77.9；existingEvidence=0；target=补齐首条直接体验证据,现行图谱高价值POI分层补采
GYTRAVEL-HV-20260916-0160,P1,餐饮美食-标准POI精确证据核实,乌当区,核实标准实体“竹庄黔竹盛宴”近24个月小红书直接体验来源，并严格区分同名和分店,这是独立的贵州省贵阳市高价值 POI 小红书证据核实任务，与前面问题无关。本题只核实一个标准实体：竹庄黔竹盛宴；业务类型为餐饮美食；行政区为乌当区；参考地址为高新路街道高新路中段(天安药业正对面)。请只依据近24个月来贵阳旅游的中国大陆游客发布的小红书真实到访笔记和实拍内容；证据不足时可放宽到36个月并明确说明，不足勿凑数，不设最低数量。只接受标题或正文能够直接指向该实体的帖子；同品牌不同分店必须依靠完整分店名、地址、商圈或附近地标区分，无法确认具体分店时写未确认，不得把品牌其他分店或同名地点的帖子归入本实体。只核实地图可定位、具有固定运营地址或稳定边界的这个实体，不要扩展推荐其他同类地点。第一行原样保留点点 AI 页面显示的“搜索并总结N人真实经验”“搜索并总结N篇笔记生成”或“ai总结N篇笔记生成”证据标记；第二行原样写“核实范围：乌当区”。若存在可核实来源，只输出该实体一行，严格使用：POI名称｜外文/地图名｜POI业务类型｜POI细分类型｜行政区｜地理位置描述｜游客需求场景｜证据强度。POI名称必须对应“竹庄黔竹盛宴”，POI业务类型必须写“餐饮美食”。没有来源依据的字段写未确认；不得凭名称、常识或地图资料补写小红书体验，不得用点赞量代表独立笔记数或热度。如果没有任何可打开且正文直接提及该实体的小红书来源，请明确写“未发现可核实小红书来源”，不要生成实体行。最后单独列出疑似关闭、搬迁、改名、同名或分店混淆风险；没有可靠来源则写未确认。,1,graphId=food_903ef84b-7ac3-41e1-b9fb-b6c62fb7d39d；score=77.5；existingEvidence=0；target=补齐首条直接体验证据,现行图谱高价值POI分层补采
GYTRAVEL-HV-20260916-0161,P1,餐饮美食-标准POI精确证据核实,乌当区,核实标准实体“肯德基(新添大道店)”近24个月小红书直接体验来源，并严格区分同名和分店,这是独立的贵州省贵阳市高价值 POI 小红书证据核实任务，与前面问题无关。本题只核实一个标准实体：肯德基(新添大道店)；业务类型为餐饮美食；行政区为乌当区；参考地址为新添大道北段197号泉天下购物中心1层。请只依据近24个月来贵阳旅游的中国大陆游客发布的小红书真实到访笔记和实拍内容；证据不足时可放宽到36个月并明确说明，不足勿凑数，不设最低数量。只接受标题或正文能够直接指向该实体的帖子；同品牌不同分店必须依靠完整分店名、地址、商圈或附近地标区分，无法确认具体分店时写未确认，不得把品牌其他分店或同名地点的帖子归入本实体。只核实地图可定位、具有固定运营地址或稳定边界的这个实体，不要扩展推荐其他同类地点。第一行原样保留点点 AI 页面显示的“搜索并总结N人真实经验”“搜索并总结N篇笔记生成”或“ai总结N篇笔记生成”证据标记；第二行原样写“核实范围：乌当区”。若存在可核实来源，只输出该实体一行，严格使用：POI名称｜外文/地图名｜POI业务类型｜POI细分类型｜行政区｜地理位置描述｜游客需求场景｜证据强度。POI名称必须对应“肯德基(新添大道店)”，POI业务类型必须写“餐饮美食”。没有来源依据的字段写未确认；不得凭名称、常识或地图资料补写小红书体验，不得用点赞量代表独立笔记数或热度。如果没有任何可打开且正文直接提及该实体的小红书来源，请明确写“未发现可核实小红书来源”，不要生成实体行。最后单独列出疑似关闭、搬迁、改名、同名或分店混淆风险；没有可靠来源则写未确认。,1,graphId=food_64e1bb87-c47e-4f5b-9e54-10b7919523b7；score=77.5；existingEvidence=0；target=补齐首条直接体验证据,现行图谱高价值POI分层补采
GYTRAVEL-HV-20260916-0162,P1,餐饮美食-标准POI精确证据核实,乌当区,核实标准实体“麦当劳(贵阳新添大道北段餐厅)”近24个月小红书直接体验来源，并严格区分同名和分店,这是独立的贵州省贵阳市高价值 POI 小红书证据核实任务，与前面问题无关。本题只核实一个标准实体：麦当劳(贵阳新添大道北段餐厅)；业务类型为餐饮美食；行政区为乌当区；参考地址为新添大道北段99号蓝波湾-新天卫城麦当劳餐厅。请只依据近24个月来贵阳旅游的中国大陆游客发布的小红书真实到访笔记和实拍内容；证据不足时可放宽到36个月并明确说明，不足勿凑数，不设最低数量。只接受标题或正文能够直接指向该实体的帖子；同品牌不同分店必须依靠完整分店名、地址、商圈或附近地标区分，无法确认具体分店时写未确认，不得把品牌其他分店或同名地点的帖子归入本实体。只核实地图可定位、具有固定运营地址或稳定边界的这个实体，不要扩展推荐其他同类地点。第一行原样保留点点 AI 页面显示的“搜索并总结N人真实经验”“搜索并总结N篇笔记生成”或“ai总结N篇笔记生成”证据标记；第二行原样写“核实范围：乌当区”。若存在可核实来源，只输出该实体一行，严格使用：POI名称｜外文/地图名｜POI业务类型｜POI细分类型｜行政区｜地理位置描述｜游客需求场景｜证据强度。POI名称必须对应“麦当劳(贵阳新添大道北段餐厅)”，POI业务类型必须写“餐饮美食”。没有来源依据的字段写未确认；不得凭名称、常识或地图资料补写小红书体验，不得用点赞量代表独立笔记数或热度。如果没有任何可打开且正文直接提及该实体的小红书来源，请明确写“未发现可核实小红书来源”，不要生成实体行。最后单独列出疑似关闭、搬迁、改名、同名或分店混淆风险；没有可靠来源则写未确认。,1,graphId=food_36255f5f-3425-46cd-bf22-d37d651507dc；score=77.5；existingEvidence=0；target=补齐首条直接体验证据,现行图谱高价值POI分层补采
GYTRAVEL-HV-20260916-0163,P1,餐饮美食-标准POI精确证据核实,白云区,核实标准实体“云诺宴(紫境府店)”近24个月小红书直接体验来源，并严格区分同名和分店,这是独立的贵州省贵阳市高价值 POI 小红书证据核实任务，与前面问题无关。本题只核实一个标准实体：云诺宴(紫境府店)；业务类型为餐饮美食；行政区为白云区；参考地址为艳山红镇龙井路363号紫境府泉湖天街27栋2F/3。请只依据近24个月来贵阳旅游的中国大陆游客发布的小红书真实到访笔记和实拍内容；证据不足时可放宽到36个月并明确说明，不足勿凑数，不设最低数量。只接受标题或正文能够直接指向该实体的帖子；同品牌不同分店必须依靠完整分店名、地址、商圈或附近地标区分，无法确认具体分店时写未确认，不得把品牌其他分店或同名地点的帖子归入本实体。只核实地图可定位、具有固定运营地址或稳定边界的这个实体，不要扩展推荐其他同类地点。第一行原样保留点点 AI 页面显示的“搜索并总结N人真实经验”“搜索并总结N篇笔记生成”或“ai总结N篇笔记生成”证据标记；第二行原样写“核实范围：白云区”。若存在可核实来源，只输出该实体一行，严格使用：POI名称｜外文/地图名｜POI业务类型｜POI细分类型｜行政区｜地理位置描述｜游客需求场景｜证据强度。POI名称必须对应“云诺宴(紫境府店)”，POI业务类型必须写“餐饮美食”。没有来源依据的字段写未确认；不得凭名称、常识或地图资料补写小红书体验，不得用点赞量代表独立笔记数或热度。如果没有任何可打开且正文直接提及该实体的小红书来源，请明确写“未发现可核实小红书来源”，不要生成实体行。最后单独列出疑似关闭、搬迁、改名、同名或分店混淆风险；没有可靠来源则写未确认。,1,graphId=food_e97e871d-ddcb-4f5f-a602-6d01a0577ed7；score=77.5；existingEvidence=0；target=补齐首条直接体验证据,现行图谱高价值POI分层补采
GYTRAVEL-HV-20260916-0164,P1,餐饮美食-标准POI精确证据核实,白云区,核实标准实体“德克士(阳光花园店)”近24个月小红书直接体验来源，并严格区分同名和分店,这是独立的贵州省贵阳市高价值 POI 小红书证据核实任务，与前面问题无关。本题只核实一个标准实体：德克士(阳光花园店)；业务类型为餐饮美食；行政区为白云区；参考地址为泉湖街道白云南路483号阳光花园2楼。请只依据近24个月来贵阳旅游的中国大陆游客发布的小红书真实到访笔记和实拍内容；证据不足时可放宽到36个月并明确说明，不足勿凑数，不设最低数量。只接受标题或正文能够直接指向该实体的帖子；同品牌不同分店必须依靠完整分店名、地址、商圈或附近地标区分，无法确认具体分店时写未确认，不得把品牌其他分店或同名地点的帖子归入本实体。只核实地图可定位、具有固定运营地址或稳定边界的这个实体，不要扩展推荐其他同类地点。第一行原样保留点点 AI 页面显示的“搜索并总结N人真实经验”“搜索并总结N篇笔记生成”或“ai总结N篇笔记生成”证据标记；第二行原样写“核实范围：白云区”。若存在可核实来源，只输出该实体一行，严格使用：POI名称｜外文/地图名｜POI业务类型｜POI细分类型｜行政区｜地理位置描述｜游客需求场景｜证据强度。POI名称必须对应“德克士(阳光花园店)”，POI业务类型必须写“餐饮美食”。没有来源依据的字段写未确认；不得凭名称、常识或地图资料补写小红书体验，不得用点赞量代表独立笔记数或热度。如果没有任何可打开且正文直接提及该实体的小红书来源，请明确写“未发现可核实小红书来源”，不要生成实体行。最后单独列出疑似关闭、搬迁、改名、同名或分店混淆风险；没有可靠来源则写未确认。,1,graphId=food_b3a4810a-bb3a-4121-82f9-88538aeeaa93；score=77.5；existingEvidence=0；target=补齐首条直接体验证据,现行图谱高价值POI分层补采
GYTRAVEL-HV-20260916-0165,P1,餐饮美食-标准POI精确证据核实,白云区,核实标准实体“豪享来(白云南路店)”近24个月小红书直接体验来源，并严格区分同名和分店,这是独立的贵州省贵阳市高价值 POI 小红书证据核实任务，与前面问题无关。本题只核实一个标准实体：豪享来(白云南路店)；业务类型为餐饮美食；行政区为白云区；参考地址为白云南路218号云泰广场2F。请只依据近24个月来贵阳旅游的中国大陆游客发布的小红书真实到访笔记和实拍内容；证据不足时可放宽到36个月并明确说明，不足勿凑数，不设最低数量。只接受标题或正文能够直接指向该实体的帖子；同品牌不同分店必须依靠完整分店名、地址、商圈或附近地标区分，无法确认具体分店时写未确认，不得把品牌其他分店或同名地点的帖子归入本实体。只核实地图可定位、具有固定运营地址或稳定边界的这个实体，不要扩展推荐其他同类地点。第一行原样保留点点 AI 页面显示的“搜索并总结N人真实经验”“搜索并总结N篇笔记生成”或“ai总结N篇笔记生成”证据标记；第二行原样写“核实范围：白云区”。若存在可核实来源，只输出该实体一行，严格使用：POI名称｜外文/地图名｜POI业务类型｜POI细分类型｜行政区｜地理位置描述｜游客需求场景｜证据强度。POI名称必须对应“豪享来(白云南路店)”，POI业务类型必须写“餐饮美食”。没有来源依据的字段写未确认；不得凭名称、常识或地图资料补写小红书体验，不得用点赞量代表独立笔记数或热度。如果没有任何可打开且正文直接提及该实体的小红书来源，请明确写“未发现可核实小红书来源”，不要生成实体行。最后单独列出疑似关闭、搬迁、改名、同名或分店混淆风险；没有可靠来源则写未确认。,1,graphId=food_f4373ceb-143f-4337-8b6c-75ec9bc89e82；score=77.5；existingEvidence=0；target=补齐首条直接体验证据,现行图谱高价值POI分层补采
GYTRAVEL-HV-20260916-0166,P1,餐饮美食-标准POI精确证据核实,白云区,核实标准实体“麦当劳(白云七冶餐厅)”近24个月小红书直接体验来源，并严格区分同名和分店,这是独立的贵州省贵阳市高价值 POI 小红书证据核实任务，与前面问题无关。本题只核实一个标准实体：麦当劳(白云七冶餐厅)；业务类型为餐饮美食；行政区为白云区；参考地址为云泰广场西南门旁。请只依据近24个月来贵阳旅游的中国大陆游客发布的小红书真实到访笔记和实拍内容；证据不足时可放宽到36个月并明确说明，不足勿凑数，不设最低数量。只接受标题或正文能够直接指向该实体的帖子；同品牌不同分店必须依靠完整分店名、地址、商圈或附近地标区分，无法确认具体分店时写未确认，不得把品牌其他分店或同名地点的帖子归入本实体。只核实地图可定位、具有固定运营地址或稳定边界的这个实体，不要扩展推荐其他同类地点。第一行原样保留点点 AI 页面显示的“搜索并总结N人真实经验”“搜索并总结N篇笔记生成”或“ai总结N篇笔记生成”证据标记；第二行原样写“核实范围：白云区”。若存在可核实来源，只输出该实体一行，严格使用：POI名称｜外文/地图名｜POI业务类型｜POI细分类型｜行政区｜地理位置描述｜游客需求场景｜证据强度。POI名称必须对应“麦当劳(白云七冶餐厅)”，POI业务类型必须写“餐饮美食”。没有来源依据的字段写未确认；不得凭名称、常识或地图资料补写小红书体验，不得用点赞量代表独立笔记数或热度。如果没有任何可打开且正文直接提及该实体的小红书来源，请明确写“未发现可核实小红书来源”，不要生成实体行。最后单独列出疑似关闭、搬迁、改名、同名或分店混淆风险；没有可靠来源则写未确认。,1,graphId=food_c3183883-8c45-4964-9fb7-c9b9abd309fa；score=77.5；existingEvidence=0；target=补齐首条直接体验证据,现行图谱高价值POI分层补采
GYTRAVEL-HV-20260916-0167,P1,餐饮美食-标准POI精确证据核实,白云区,核实标准实体“伴山别院食鲜记餐厅”近24个月小红书直接体验来源，并严格区分同名和分店,这是独立的贵州省贵阳市高价值 POI 小红书证据核实任务，与前面问题无关。本题只核实一个标准实体：伴山别院食鲜记餐厅；业务类型为餐饮美食；行政区为白云区；参考地址为都拉乡奔土村后坝组107号。请只依据近24个月来贵阳旅游的中国大陆游客发布的小红书真实到访笔记和实拍内容；证据不足时可放宽到36个月并明确说明，不足勿凑数，不设最低数量。只接受标题或正文能够直接指向该实体的帖子；同品牌不同分店必须依靠完整分店名、地址、商圈或附近地标区分，无法确认具体分店时写未确认，不得把品牌其他分店或同名地点的帖子归入本实体。只核实地图可定位、具有固定运营地址或稳定边界的这个实体，不要扩展推荐其他同类地点。第一行原样保留点点 AI 页面显示的“搜索并总结N人真实经验”“搜索并总结N篇笔记生成”或“ai总结N篇笔记生成”证据标记；第二行原样写“核实范围：白云区”。若存在可核实来源，只输出该实体一行，严格使用：POI名称｜外文/地图名｜POI业务类型｜POI细分类型｜行政区｜地理位置描述｜游客需求场景｜证据强度。POI名称必须对应“伴山别院食鲜记餐厅”，POI业务类型必须写“餐饮美食”。没有来源依据的字段写未确认；不得凭名称、常识或地图资料补写小红书体验，不得用点赞量代表独立笔记数或热度。如果没有任何可打开且正文直接提及该实体的小红书来源，请明确写“未发现可核实小红书来源”，不要生成实体行。最后单独列出疑似关闭、搬迁、改名、同名或分店混淆风险；没有可靠来源则写未确认。,1,graphId=food_f67d61a4-337d-4216-b304-3792333f889f；score=77.25；existingEvidence=0；target=补齐首条直接体验证据,现行图谱高价值POI分层补采
GYTRAVEL-HV-20260916-0168,P1,餐饮美食-标准POI精确证据核实,乌当区,核实标准实体“食话说辣(乌当店)”近24个月小红书直接体验来源，并严格区分同名和分店,这是独立的贵州省贵阳市高价值 POI 小红书证据核实任务，与前面问题无关。本题只核实一个标准实体：食话说辣(乌当店)；业务类型为餐饮美食；行政区为乌当区；参考地址为创新社区服务中心新添大道113号宜尚酒店二楼。请只依据近24个月来贵阳旅游的中国大陆游客发布的小红书真实到访笔记和实拍内容；证据不足时可放宽到36个月并明确说明，不足勿凑数，不设最低数量。只接受标题或正文能够直接指向该实体的帖子；同品牌不同分店必须依靠完整分店名、地址、商圈或附近地标区分，无法确认具体分店时写未确认，不得把品牌其他分店或同名地点的帖子归入本实体。只核实地图可定位、具有固定运营地址或稳定边界的这个实体，不要扩展推荐其他同类地点。第一行原样保留点点 AI 页面显示的“搜索并总结N人真实经验”“搜索并总结N篇笔记生成”或“ai总结N篇笔记生成”证据标记；第二行原样写“核实范围：乌当区”。若存在可核实来源，只输出该实体一行，严格使用：POI名称｜外文/地图名｜POI业务类型｜POI细分类型｜行政区｜地理位置描述｜游客需求场景｜证据强度。POI名称必须对应“食话说辣(乌当店)”，POI业务类型必须写“餐饮美食”。没有来源依据的字段写未确认；不得凭名称、常识或地图资料补写小红书体验，不得用点赞量代表独立笔记数或热度。如果没有任何可打开且正文直接提及该实体的小红书来源，请明确写“未发现可核实小红书来源”，不要生成实体行。最后单独列出疑似关闭、搬迁、改名、同名或分店混淆风险；没有可靠来源则写未确认。,1,graphId=food_1f313d7b-97f9-4997-947c-20eea4e3628f；score=77.1；existingEvidence=0；target=补齐首条直接体验证据,现行图谱高价值POI分层补采
GYTRAVEL-HV-20260916-0169,P1,餐饮美食-标准POI精确证据核实,清镇市,核实标准实体“叉叉裤老火锅(阳光市场店)”近24个月小红书直接体验来源，并严格区分同名和分店,这是独立的贵州省贵阳市高价值 POI 小红书证据核实任务，与前面问题无关。本题只核实一个标准实体：叉叉裤老火锅(阳光市场店)；业务类型为餐饮美食；行政区为清镇市；参考地址为云岭东路麒龙新天地路口。请只依据近24个月来贵阳旅游的中国大陆游客发布的小红书真实到访笔记和实拍内容；证据不足时可放宽到36个月并明确说明，不足勿凑数，不设最低数量。只接受标题或正文能够直接指向该实体的帖子；同品牌不同分店必须依靠完整分店名、地址、商圈或附近地标区分，无法确认具体分店时写未确认，不得把品牌其他分店或同名地点的帖子归入本实体。只核实地图可定位、具有固定运营地址或稳定边界的这个实体，不要扩展推荐其他同类地点。第一行原样保留点点 AI 页面显示的“搜索并总结N人真实经验”“搜索并总结N篇笔记生成”或“ai总结N篇笔记生成”证据标记；第二行原样写“核实范围：清镇市”。若存在可核实来源，只输出该实体一行，严格使用：POI名称｜外文/地图名｜POI业务类型｜POI细分类型｜行政区｜地理位置描述｜游客需求场景｜证据强度。POI名称必须对应“叉叉裤老火锅(阳光市场店)”，POI业务类型必须写“餐饮美食”。没有来源依据的字段写未确认；不得凭名称、常识或地图资料补写小红书体验，不得用点赞量代表独立笔记数或热度。如果没有任何可打开且正文直接提及该实体的小红书来源，请明确写“未发现可核实小红书来源”，不要生成实体行。最后单独列出疑似关闭、搬迁、改名、同名或分店混淆风险；没有可靠来源则写未确认。,1,graphId=food_09948eb4-d8d9-4a96-a1b7-fc6d4ca5ee39；score=74.6；existingEvidence=0；target=补齐首条直接体验证据,现行图谱高价值POI分层补采
GYTRAVEL-HV-20260916-0170,P1,餐饮美食-标准POI精确证据核实,清镇市,核实标准实体“丝意丝娃娃(海通步行街店)”近24个月小红书直接体验来源，并严格区分同名和分店,这是独立的贵州省贵阳市高价值 POI 小红书证据核实任务，与前面问题无关。本题只核实一个标准实体：丝意丝娃娃(海通步行街店)；业务类型为餐饮美食；行政区为清镇市；参考地址为清镇市海通步行街35-37号。请只依据近24个月来贵阳旅游的中国大陆游客发布的小红书真实到访笔记和实拍内容；证据不足时可放宽到36个月并明确说明，不足勿凑数，不设最低数量。只接受标题或正文能够直接指向该实体的帖子；同品牌不同分店必须依靠完整分店名、地址、商圈或附近地标区分，无法确认具体分店时写未确认，不得把品牌其他分店或同名地点的帖子归入本实体。只核实地图可定位、具有固定运营地址或稳定边界的这个实体，不要扩展推荐其他同类地点。第一行原样保留点点 AI 页面显示的“搜索并总结N人真实经验”“搜索并总结N篇笔记生成”或“ai总结N篇笔记生成”证据标记；第二行原样写“核实范围：清镇市”。若存在可核实来源，只输出该实体一行，严格使用：POI名称｜外文/地图名｜POI业务类型｜POI细分类型｜行政区｜地理位置描述｜游客需求场景｜证据强度。POI名称必须对应“丝意丝娃娃(海通步行街店)”，POI业务类型必须写“餐饮美食”。没有来源依据的字段写未确认；不得凭名称、常识或地图资料补写小红书体验，不得用点赞量代表独立笔记数或热度。如果没有任何可打开且正文直接提及该实体的小红书来源，请明确写“未发现可核实小红书来源”，不要生成实体行。最后单独列出疑似关闭、搬迁、改名、同名或分店混淆风险；没有可靠来源则写未确认。,1,graphId=food_9e4aa887-0685-4249-a38b-d18d48f136a5；score=73.0；existingEvidence=0；target=补齐首条直接体验证据,现行图谱高价值POI分层补采
GYTRAVEL-HV-20260916-0171,P1,餐饮美食-标准POI精确证据核实,清镇市,核实标准实体“中环烙锅美食广场”近24个月小红书直接体验来源，并严格区分同名和分店,这是独立的贵州省贵阳市高价值 POI 小红书证据核实任务，与前面问题无关。本题只核实一个标准实体：中环烙锅美食广场；业务类型为餐饮美食；行政区为清镇市；参考地址为中环国际B2区。请只依据近24个月来贵阳旅游的中国大陆游客发布的小红书真实到访笔记和实拍内容；证据不足时可放宽到36个月并明确说明，不足勿凑数，不设最低数量。只接受标题或正文能够直接指向该实体的帖子；同品牌不同分店必须依靠完整分店名、地址、商圈或附近地标区分，无法确认具体分店时写未确认，不得把品牌其他分店或同名地点的帖子归入本实体。只核实地图可定位、具有固定运营地址或稳定边界的这个实体，不要扩展推荐其他同类地点。第一行原样保留点点 AI 页面显示的“搜索并总结N人真实经验”“搜索并总结N篇笔记生成”或“ai总结N篇笔记生成”证据标记；第二行原样写“核实范围：清镇市”。若存在可核实来源，只输出该实体一行，严格使用：POI名称｜外文/地图名｜POI业务类型｜POI细分类型｜行政区｜地理位置描述｜游客需求场景｜证据强度。POI名称必须对应“中环烙锅美食广场”，POI业务类型必须写“餐饮美食”。没有来源依据的字段写未确认；不得凭名称、常识或地图资料补写小红书体验，不得用点赞量代表独立笔记数或热度。如果没有任何可打开且正文直接提及该实体的小红书来源，请明确写“未发现可核实小红书来源”，不要生成实体行。最后单独列出疑似关闭、搬迁、改名、同名或分店混淆风险；没有可靠来源则写未确认。,1,graphId=food_fbd82092-5c12-4b08-8007-4bb88cf6675c；score=73.0；existingEvidence=0；target=补齐首条直接体验证据,现行图谱高价值POI分层补采
GYTRAVEL-HV-20260916-0172,P1,餐饮美食-标准POI精确证据核实,清镇市,核实标准实体“CHAGEE霸王茶姬(云岭中路店)”近24个月小红书直接体验来源，并严格区分同名和分店,这是独立的贵州省贵阳市高价值 POI 小红书证据核实任务，与前面问题无关。本题只核实一个标准实体：CHAGEE霸王茶姬(云岭中路店)；业务类型为餐饮美食；行政区为清镇市；参考地址为青龙山街道云岭中路130号。请只依据近24个月来贵阳旅游的中国大陆游客发布的小红书真实到访笔记和实拍内容；证据不足时可放宽到36个月并明确说明，不足勿凑数，不设最低数量。只接受标题或正文能够直接指向该实体的帖子；同品牌不同分店必须依靠完整分店名、地址、商圈或附近地标区分，无法确认具体分店时写未确认，不得把品牌其他分店或同名地点的帖子归入本实体。只核实地图可定位、具有固定运营地址或稳定边界的这个实体，不要扩展推荐其他同类地点。第一行原样保留点点 AI 页面显示的“搜索并总结N人真实经验”“搜索并总结N篇笔记生成”或“ai总结N篇笔记生成”证据标记；第二行原样写“核实范围：清镇市”。若存在可核实来源，只输出该实体一行，严格使用：POI名称｜外文/地图名｜POI业务类型｜POI细分类型｜行政区｜地理位置描述｜游客需求场景｜证据强度。POI名称必须对应“CHAGEE霸王茶姬(云岭中路店)”，POI业务类型必须写“餐饮美食”。没有来源依据的字段写未确认；不得凭名称、常识或地图资料补写小红书体验，不得用点赞量代表独立笔记数或热度。如果没有任何可打开且正文直接提及该实体的小红书来源，请明确写“未发现可核实小红书来源”，不要生成实体行。最后单独列出疑似关闭、搬迁、改名、同名或分店混淆风险；没有可靠来源则写未确认。,1,graphId=food_3211c4a5-bb08-4afa-9796-a412a4a078f1；score=71.0；existingEvidence=0；target=补齐首条直接体验证据,现行图谱高价值POI分层补采
GYTRAVEL-HV-20260916-0173,P1,餐饮美食-标准POI精确证据核实,清镇市,核实标准实体“德克士(清镇鸿丰店)”近24个月小红书直接体验来源，并严格区分同名和分店,这是独立的贵州省贵阳市高价值 POI 小红书证据核实任务，与前面问题无关。本题只核实一个标准实体：德克士(清镇鸿丰店)；业务类型为餐饮美食；行政区为清镇市；参考地址为富强路金色湖城2层。请只依据近24个月来贵阳旅游的中国大陆游客发布的小红书真实到访笔记和实拍内容；证据不足时可放宽到36个月并明确说明，不足勿凑数，不设最低数量。只接受标题或正文能够直接指向该实体的帖子；同品牌不同分店必须依靠完整分店名、地址、商圈或附近地标区分，无法确认具体分店时写未确认，不得把品牌其他分店或同名地点的帖子归入本实体。只核实地图可定位、具有固定运营地址或稳定边界的这个实体，不要扩展推荐其他同类地点。第一行原样保留点点 AI 页面显示的“搜索并总结N人真实经验”“搜索并总结N篇笔记生成”或“ai总结N篇笔记生成”证据标记；第二行原样写“核实范围：清镇市”。若存在可核实来源，只输出该实体一行，严格使用：POI名称｜外文/地图名｜POI业务类型｜POI细分类型｜行政区｜地理位置描述｜游客需求场景｜证据强度。POI名称必须对应“德克士(清镇鸿丰店)”，POI业务类型必须写“餐饮美食”。没有来源依据的字段写未确认；不得凭名称、常识或地图资料补写小红书体验，不得用点赞量代表独立笔记数或热度。如果没有任何可打开且正文直接提及该实体的小红书来源，请明确写“未发现可核实小红书来源”，不要生成实体行。最后单独列出疑似关闭、搬迁、改名、同名或分店混淆风险；没有可靠来源则写未确认。,1,graphId=food_baacdaff-3b27-44b2-a9c5-f5593cec5004；score=71.0；existingEvidence=0；target=补齐首条直接体验证据,现行图谱高价值POI分层补采
GYTRAVEL-HV-20260916-0174,P1,餐饮美食-标准POI精确证据核实,清镇市,核实标准实体“美桦家常菜馆”近24个月小红书直接体验来源，并严格区分同名和分店,这是独立的贵州省贵阳市高价值 POI 小红书证据核实任务，与前面问题无关。本题只核实一个标准实体：美桦家常菜馆；业务类型为餐饮美食；行政区为清镇市；参考地址为耀境华府A组组团B1层1-1。请只依据近24个月来贵阳旅游的中国大陆游客发布的小红书真实到访笔记和实拍内容；证据不足时可放宽到36个月并明确说明，不足勿凑数，不设最低数量。只接受标题或正文能够直接指向该实体的帖子；同品牌不同分店必须依靠完整分店名、地址、商圈或附近地标区分，无法确认具体分店时写未确认，不得把品牌其他分店或同名地点的帖子归入本实体。只核实地图可定位、具有固定运营地址或稳定边界的这个实体，不要扩展推荐其他同类地点。第一行原样保留点点 AI 页面显示的“搜索并总结N人真实经验”“搜索并总结N篇笔记生成”或“ai总结N篇笔记生成”证据标记；第二行原样写“核实范围：清镇市”。若存在可核实来源，只输出该实体一行，严格使用：POI名称｜外文/地图名｜POI业务类型｜POI细分类型｜行政区｜地理位置描述｜游客需求场景｜证据强度。POI名称必须对应“美桦家常菜馆”，POI业务类型必须写“餐饮美食”。没有来源依据的字段写未确认；不得凭名称、常识或地图资料补写小红书体验，不得用点赞量代表独立笔记数或热度。如果没有任何可打开且正文直接提及该实体的小红书来源，请明确写“未发现可核实小红书来源”，不要生成实体行。最后单独列出疑似关闭、搬迁、改名、同名或分店混淆风险；没有可靠来源则写未确认。,1,graphId=food_7172678a-c403-4d7c-af29-9a7c6d1ad0d4；score=69.8；existingEvidence=0；target=补齐首条直接体验证据,现行图谱高价值POI分层补采
GYTRAVEL-HV-20260916-0175,P1,餐饮美食-标准POI精确证据核实,清镇市,核实标准实体“乐阅咖啡(清镇店)”近24个月小红书直接体验来源，并严格区分同名和分店,这是独立的贵州省贵阳市高价值 POI 小红书证据核实任务，与前面问题无关。本题只核实一个标准实体：乐阅咖啡(清镇店)；业务类型为餐饮美食；行政区为清镇市；参考地址为云岭东路君悦国际二楼。请只依据近24个月来贵阳旅游的中国大陆游客发布的小红书真实到访笔记和实拍内容；证据不足时可放宽到36个月并明确说明，不足勿凑数，不设最低数量。只接受标题或正文能够直接指向该实体的帖子；同品牌不同分店必须依靠完整分店名、地址、商圈或附近地标区分，无法确认具体分店时写未确认，不得把品牌其他分店或同名地点的帖子归入本实体。只核实地图可定位、具有固定运营地址或稳定边界的这个实体，不要扩展推荐其他同类地点。第一行原样保留点点 AI 页面显示的“搜索并总结N人真实经验”“搜索并总结N篇笔记生成”或“ai总结N篇笔记生成”证据标记；第二行原样写“核实范围：清镇市”。若存在可核实来源，只输出该实体一行，严格使用：POI名称｜外文/地图名｜POI业务类型｜POI细分类型｜行政区｜地理位置描述｜游客需求场景｜证据强度。POI名称必须对应“乐阅咖啡(清镇店)”，POI业务类型必须写“餐饮美食”。没有来源依据的字段写未确认；不得凭名称、常识或地图资料补写小红书体验，不得用点赞量代表独立笔记数或热度。如果没有任何可打开且正文直接提及该实体的小红书来源，请明确写“未发现可核实小红书来源”，不要生成实体行。最后单独列出疑似关闭、搬迁、改名、同名或分店混淆风险；没有可靠来源则写未确认。,1,graphId=food_7bd60e42-6700-4cc0-942b-13aa75b5c044；score=69.4；existingEvidence=0；target=补齐首条直接体验证据,现行图谱高价值POI分层补采
GYTRAVEL-HV-20260916-0176,P1,餐饮美食-标准POI精确证据核实,清镇市,核实标准实体“何记1994(中环旗舰店)”近24个月小红书直接体验来源，并严格区分同名和分店,这是独立的贵州省贵阳市高价值 POI 小红书证据核实任务，与前面问题无关。本题只核实一个标准实体：何记1994(中环旗舰店)；业务类型为餐饮美食；行政区为清镇市；参考地址为中环国际B3区9栋下沉商业。请只依据近24个月来贵阳旅游的中国大陆游客发布的小红书真实到访笔记和实拍内容；证据不足时可放宽到36个月并明确说明，不足勿凑数，不设最低数量。只接受标题或正文能够直接指向该实体的帖子；同品牌不同分店必须依靠完整分店名、地址、商圈或附近地标区分，无法确认具体分店时写未确认，不得把品牌其他分店或同名地点的帖子归入本实体。只核实地图可定位、具有固定运营地址或稳定边界的这个实体，不要扩展推荐其他同类地点。第一行原样保留点点 AI 页面显示的“搜索并总结N人真实经验”“搜索并总结N篇笔记生成”或“ai总结N篇笔记生成”证据标记；第二行原样写“核实范围：清镇市”。若存在可核实来源，只输出该实体一行，严格使用：POI名称｜外文/地图名｜POI业务类型｜POI细分类型｜行政区｜地理位置描述｜游客需求场景｜证据强度。POI名称必须对应“何记1994(中环旗舰店)”，POI业务类型必须写“餐饮美食”。没有来源依据的字段写未确认；不得凭名称、常识或地图资料补写小红书体验，不得用点赞量代表独立笔记数或热度。如果没有任何可打开且正文直接提及该实体的小红书来源，请明确写“未发现可核实小红书来源”，不要生成实体行。最后单独列出疑似关闭、搬迁、改名、同名或分店混淆风险；没有可靠来源则写未确认。,1,graphId=food_aef3c963-0920-4b76-885f-d540d0daa30e；score=69.4；existingEvidence=0；target=补齐首条直接体验证据,现行图谱高价值POI分层补采
GYTRAVEL-HV-20260916-0177,P1,住宿酒店-标准POI精确证据核实,南明区,核实标准实体“ANDZO·安屿洲X酒店(贵阳甲秀楼青云市集店)”近24个月小红书直接体验来源，并严格区分同名和分店,这是独立的贵州省贵阳市高价值 POI 小红书证据核实任务，与前面问题无关。本题只核实一个标准实体：ANDZO·安屿洲X酒店(贵阳甲秀楼青云市集店)；业务类型为住宿酒店；行政区为南明区；参考地址为贵州贵阳南明区兴关路67号。请只依据近24个月来贵阳旅游的中国大陆游客发布的小红书真实到访笔记和实拍内容；证据不足时可放宽到36个月并明确说明，不足勿凑数，不设最低数量。只接受标题或正文能够直接指向该实体的帖子；同品牌不同分店必须依靠完整分店名、地址、商圈或附近地标区分，无法确认具体分店时写未确认，不得把品牌其他分店或同名地点的帖子归入本实体。只核实地图可定位、具有固定运营地址或稳定边界的这个实体，不要扩展推荐其他同类地点。第一行原样保留点点 AI 页面显示的“搜索并总结N人真实经验”“搜索并总结N篇笔记生成”或“ai总结N篇笔记生成”证据标记；第二行原样写“核实范围：南明区”。若存在可核实来源，只输出该实体一行，严格使用：POI名称｜外文/地图名｜POI业务类型｜POI细分类型｜行政区｜地理位置描述｜游客需求场景｜证据强度。POI名称必须对应“ANDZO·安屿洲X酒店(贵阳甲秀楼青云市集店)”，POI业务类型必须写“住宿酒店”。没有来源依据的字段写未确认；不得凭名称、常识或地图资料补写小红书体验，不得用点赞量代表独立笔记数或热度。如果没有任何可打开且正文直接提及该实体的小红书来源，请明确写“未发现可核实小红书来源”，不要生成实体行。最后单独列出疑似关闭、搬迁、改名、同名或分店混淆风险；没有可靠来源则写未确认。,1,graphId=hotel_ctrip_127024005；score=83.06；existingEvidence=1；target=将独立直接体验证据补到至少3篇,现行图谱高价值POI分层补采
GYTRAVEL-HV-20260916-0178,P1,住宿酒店-标准POI精确证据核实,南明区,核实标准实体“LIFE境·美术馆(贵阳花果园购物中心松花路地铁站店)”近24个月小红书直接体验来源，并严格区分同名和分店,这是独立的贵州省贵阳市高价值 POI 小红书证据核实任务，与前面问题无关。本题只核实一个标准实体：LIFE境·美术馆(贵阳花果园购物中心松花路地铁站店)；业务类型为住宿酒店；行政区为南明区；参考地址为贵州贵阳南明区花果园中央商务3号楼17-18层。请只依据近24个月来贵阳旅游的中国大陆游客发布的小红书真实到访笔记和实拍内容；证据不足时可放宽到36个月并明确说明，不足勿凑数，不设最低数量。只接受标题或正文能够直接指向该实体的帖子；同品牌不同分店必须依靠完整分店名、地址、商圈或附近地标区分，无法确认具体分店时写未确认，不得把品牌其他分店或同名地点的帖子归入本实体。只核实地图可定位、具有固定运营地址或稳定边界的这个实体，不要扩展推荐其他同类地点。第一行原样保留点点 AI 页面显示的“搜索并总结N人真实经验”“搜索并总结N篇笔记生成”或“ai总结N篇笔记生成”证据标记；第二行原样写“核实范围：南明区”。若存在可核实来源，只输出该实体一行，严格使用：POI名称｜外文/地图名｜POI业务类型｜POI细分类型｜行政区｜地理位置描述｜游客需求场景｜证据强度。POI名称必须对应“LIFE境·美术馆(贵阳花果园购物中心松花路地铁站店)”，POI业务类型必须写“住宿酒店”。没有来源依据的字段写未确认；不得凭名称、常识或地图资料补写小红书体验，不得用点赞量代表独立笔记数或热度。如果没有任何可打开且正文直接提及该实体的小红书来源，请明确写“未发现可核实小红书来源”，不要生成实体行。最后单独列出疑似关闭、搬迁、改名、同名或分店混淆风险；没有可靠来源则写未确认。,1,graphId=hotel_ctrip_100589991；score=82.76；existingEvidence=0；target=补齐首条直接体验证据,现行图谱高价值POI分层补采
GYTRAVEL-HV-20260916-0179,P1,住宿酒店-标准POI精确证据核实,花溪区,核实标准实体“维也纳酒店(贵阳花溪公园学士路地铁站店)”近24个月小红书直接体验来源，并严格区分同名和分店,这是独立的贵州省贵阳市高价值 POI 小红书证据核实任务，与前面问题无关。本题只核实一个标准实体：维也纳酒店(贵阳花溪公园学士路地铁站店)；业务类型为住宿酒店；行政区为花溪区；参考地址为贵州贵阳花溪区清溪路278号。请只依据近24个月来贵阳旅游的中国大陆游客发布的小红书真实到访笔记和实拍内容；证据不足时可放宽到36个月并明确说明，不足勿凑数，不设最低数量。只接受标题或正文能够直接指向该实体的帖子；同品牌不同分店必须依靠完整分店名、地址、商圈或附近地标区分，无法确认具体分店时写未确认，不得把品牌其他分店或同名地点的帖子归入本实体。只核实地图可定位、具有固定运营地址或稳定边界的这个实体，不要扩展推荐其他同类地点。第一行原样保留点点 AI 页面显示的“搜索并总结N人真实经验”“搜索并总结N篇笔记生成”或“ai总结N篇笔记生成”证据标记；第二行原样写“核实范围：花溪区”。若存在可核实来源，只输出该实体一行，严格使用：POI名称｜外文/地图名｜POI业务类型｜POI细分类型｜行政区｜地理位置描述｜游客需求场景｜证据强度。POI名称必须对应“维也纳酒店(贵阳花溪公园学士路地铁站店)”，POI业务类型必须写“住宿酒店”。没有来源依据的字段写未确认；不得凭名称、常识或地图资料补写小红书体验，不得用点赞量代表独立笔记数或热度。如果没有任何可打开且正文直接提及该实体的小红书来源，请明确写“未发现可核实小红书来源”，不要生成实体行。最后单独列出疑似关闭、搬迁、改名、同名或分店混淆风险；没有可靠来源则写未确认。,1,graphId=hotel_ctrip_72915758；score=82.66；existingEvidence=0；target=补齐首条直接体验证据,现行图谱高价值POI分层补采
GYTRAVEL-HV-20260916-0180,P1,住宿酒店-标准POI精确证据核实,南明区,核实标准实体“朵兰达LAB酒店(贵阳喷水池民生路店)”近24个月小红书直接体验来源，并严格区分同名和分店,这是独立的贵州省贵阳市高价值 POI 小红书证据核实任务，与前面问题无关。本题只核实一个标准实体：朵兰达LAB酒店(贵阳喷水池民生路店)；业务类型为住宿酒店；行政区为南明区；参考地址为贵州贵阳南明区中山东路2号。请只依据近24个月来贵阳旅游的中国大陆游客发布的小红书真实到访笔记和实拍内容；证据不足时可放宽到36个月并明确说明，不足勿凑数，不设最低数量。只接受标题或正文能够直接指向该实体的帖子；同品牌不同分店必须依靠完整分店名、地址、商圈或附近地标区分，无法确认具体分店时写未确认，不得把品牌其他分店或同名地点的帖子归入本实体。只核实地图可定位、具有固定运营地址或稳定边界的这个实体，不要扩展推荐其他同类地点。第一行原样保留点点 AI 页面显示的“搜索并总结N人真实经验”“搜索并总结N篇笔记生成”或“ai总结N篇笔记生成”证据标记；第二行原样写“核实范围：南明区”。若存在可核实来源，只输出该实体一行，严格使用：POI名称｜外文/地图名｜POI业务类型｜POI细分类型｜行政区｜地理位置描述｜游客需求场景｜证据强度。POI名称必须对应“朵兰达LAB酒店(贵阳喷水池民生路店)”，POI业务类型必须写“住宿酒店”。没有来源依据的字段写未确认；不得凭名称、常识或地图资料补写小红书体验，不得用点赞量代表独立笔记数或热度。如果没有任何可打开且正文直接提及该实体的小红书来源，请明确写“未发现可核实小红书来源”，不要生成实体行。最后单独列出疑似关闭、搬迁、改名、同名或分店混淆风险；没有可靠来源则写未确认。,1,graphId=hotel_ctrip_130402317；score=82.6；existingEvidence=0；target=补齐首条直接体验证据,现行图谱高价值POI分层补采
GYTRAVEL-HV-20260916-0181,P1,住宿酒店-标准POI精确证据核实,云岩区,核实标准实体“城市便捷酒店(贵阳黔灵山公园喷水池店)”近24个月小红书直接体验来源，并严格区分同名和分店,这是独立的贵州省贵阳市高价值 POI 小红书证据核实任务，与前面问题无关。本题只核实一个标准实体：城市便捷酒店(贵阳黔灵山公园喷水池店)；业务类型为住宿酒店；行政区为云岩区；参考地址为贵州贵阳云岩区北京路232号。请只依据近24个月来贵阳旅游的中国大陆游客发布的小红书真实到访笔记和实拍内容；证据不足时可放宽到36个月并明确说明，不足勿凑数，不设最低数量。只接受标题或正文能够直接指向该实体的帖子；同品牌不同分店必须依靠完整分店名、地址、商圈或附近地标区分，无法确认具体分店时写未确认，不得把品牌其他分店或同名地点的帖子归入本实体。只核实地图可定位、具有固定运营地址或稳定边界的这个实体，不要扩展推荐其他同类地点。第一行原样保留点点 AI 页面显示的“搜索并总结N人真实经验”“搜索并总结N篇笔记生成”或“ai总结N篇笔记生成”证据标记；第二行原样写“核实范围：云岩区”。若存在可核实来源，只输出该实体一行，严格使用：POI名称｜外文/地图名｜POI业务类型｜POI细分类型｜行政区｜地理位置描述｜游客需求场景｜证据强度。POI名称必须对应“城市便捷酒店(贵阳黔灵山公园喷水池店)”，POI业务类型必须写“住宿酒店”。没有来源依据的字段写未确认；不得凭名称、常识或地图资料补写小红书体验，不得用点赞量代表独立笔记数或热度。如果没有任何可打开且正文直接提及该实体的小红书来源，请明确写“未发现可核实小红书来源”，不要生成实体行。最后单独列出疑似关闭、搬迁、改名、同名或分店混淆风险；没有可靠来源则写未确认。,1,graphId=hotel_ctrip_110851780；score=82.46；existingEvidence=0；target=补齐首条直接体验证据,现行图谱高价值POI分层补采
GYTRAVEL-HV-20260916-0182,P1,住宿酒店-标准POI精确证据核实,南明区,核实标准实体“溢彩甲秀美宿(贵阳甲秀楼青云市集店)”近24个月小红书直接体验来源，并严格区分同名和分店,这是独立的贵州省贵阳市高价值 POI 小红书证据核实任务，与前面问题无关。本题只核实一个标准实体：溢彩甲秀美宿(贵阳甲秀楼青云市集店)；业务类型为住宿酒店；行政区为南明区；参考地址为贵州贵阳南明区翠微巷4号。请只依据近24个月来贵阳旅游的中国大陆游客发布的小红书真实到访笔记和实拍内容；证据不足时可放宽到36个月并明确说明，不足勿凑数，不设最低数量。只接受标题或正文能够直接指向该实体的帖子；同品牌不同分店必须依靠完整分店名、地址、商圈或附近地标区分，无法确认具体分店时写未确认，不得把品牌其他分店或同名地点的帖子归入本实体。只核实地图可定位、具有固定运营地址或稳定边界的这个实体，不要扩展推荐其他同类地点。第一行原样保留点点 AI 页面显示的“搜索并总结N人真实经验”“搜索并总结N篇笔记生成”或“ai总结N篇笔记生成”证据标记；第二行原样写“核实范围：南明区”。若存在可核实来源，只输出该实体一行，严格使用：POI名称｜外文/地图名｜POI业务类型｜POI细分类型｜行政区｜地理位置描述｜游客需求场景｜证据强度。POI名称必须对应“溢彩甲秀美宿(贵阳甲秀楼青云市集店)”，POI业务类型必须写“住宿酒店”。没有来源依据的字段写未确认；不得凭名称、常识或地图资料补写小红书体验，不得用点赞量代表独立笔记数或热度。如果没有任何可打开且正文直接提及该实体的小红书来源，请明确写“未发现可核实小红书来源”，不要生成实体行。最后单独列出疑似关闭、搬迁、改名、同名或分店混淆风险；没有可靠来源则写未确认。,1,graphId=hotel_ctrip_6025105；score=82.44；existingEvidence=0；target=补齐首条直接体验证据,现行图谱高价值POI分层补采
GYTRAVEL-HV-20260916-0183,P1,住宿酒店-标准POI精确证据核实,南明区,核实标准实体“贵阳甲秀楼猴子酒店(喷水池地铁站店)”近24个月小红书直接体验来源，并严格区分同名和分店,这是独立的贵州省贵阳市高价值 POI 小红书证据核实任务，与前面问题无关。本题只核实一个标准实体：贵阳甲秀楼猴子酒店(喷水池地铁站店)；业务类型为住宿酒店；行政区为南明区；参考地址为贵州贵阳南明区富水南路2号五楼。请只依据近24个月来贵阳旅游的中国大陆游客发布的小红书真实到访笔记和实拍内容；证据不足时可放宽到36个月并明确说明，不足勿凑数，不设最低数量。只接受标题或正文能够直接指向该实体的帖子；同品牌不同分店必须依靠完整分店名、地址、商圈或附近地标区分，无法确认具体分店时写未确认，不得把品牌其他分店或同名地点的帖子归入本实体。只核实地图可定位、具有固定运营地址或稳定边界的这个实体，不要扩展推荐其他同类地点。第一行原样保留点点 AI 页面显示的“搜索并总结N人真实经验”“搜索并总结N篇笔记生成”或“ai总结N篇笔记生成”证据标记；第二行原样写“核实范围：南明区”。若存在可核实来源，只输出该实体一行，严格使用：POI名称｜外文/地图名｜POI业务类型｜POI细分类型｜行政区｜地理位置描述｜游客需求场景｜证据强度。POI名称必须对应“贵阳甲秀楼猴子酒店(喷水池地铁站店)”，POI业务类型必须写“住宿酒店”。没有来源依据的字段写未确认；不得凭名称、常识或地图资料补写小红书体验，不得用点赞量代表独立笔记数或热度。如果没有任何可打开且正文直接提及该实体的小红书来源，请明确写“未发现可核实小红书来源”，不要生成实体行。最后单独列出疑似关闭、搬迁、改名、同名或分店混淆风险；没有可靠来源则写未确认。,1,graphId=hotel_ctrip_134810469；score=82.31；existingEvidence=0；target=补齐首条直接体验证据,现行图谱高价值POI分层补采
GYTRAVEL-HV-20260916-0184,P1,住宿酒店-标准POI精确证据核实,花溪区,核实标准实体“贵阳禧竹山房|国风庭院|亲子民宿(青岩古镇西门店)”近24个月小红书直接体验来源，并严格区分同名和分店,这是独立的贵州省贵阳市高价值 POI 小红书证据核实任务，与前面问题无关。本题只核实一个标准实体：贵阳禧竹山房|国风庭院|亲子民宿(青岩古镇西门店)；业务类型为住宿酒店；行政区为花溪区；参考地址为贵州贵阳花溪区青岩古镇西街村四组30号。请只依据近24个月来贵阳旅游的中国大陆游客发布的小红书真实到访笔记和实拍内容；证据不足时可放宽到36个月并明确说明，不足勿凑数，不设最低数量。只接受标题或正文能够直接指向该实体的帖子；同品牌不同分店必须依靠完整分店名、地址、商圈或附近地标区分，无法确认具体分店时写未确认，不得把品牌其他分店或同名地点的帖子归入本实体。只核实地图可定位、具有固定运营地址或稳定边界的这个实体，不要扩展推荐其他同类地点。第一行原样保留点点 AI 页面显示的“搜索并总结N人真实经验”“搜索并总结N篇笔记生成”或“ai总结N篇笔记生成”证据标记；第二行原样写“核实范围：花溪区”。若存在可核实来源，只输出该实体一行，严格使用：POI名称｜外文/地图名｜POI业务类型｜POI细分类型｜行政区｜地理位置描述｜游客需求场景｜证据强度。POI名称必须对应“贵阳禧竹山房|国风庭院|亲子民宿(青岩古镇西门店)”，POI业务类型必须写“住宿酒店”。没有来源依据的字段写未确认；不得凭名称、常识或地图资料补写小红书体验，不得用点赞量代表独立笔记数或热度。如果没有任何可打开且正文直接提及该实体的小红书来源，请明确写“未发现可核实小红书来源”，不要生成实体行。最后单独列出疑似关闭、搬迁、改名、同名或分店混淆风险；没有可靠来源则写未确认。,1,graphId=hotel_ctrip_95121849；score=82.25；existingEvidence=0；target=补齐首条直接体验证据,现行图谱高价值POI分层补采
GYTRAVEL-HV-20260916-0185,P1,住宿酒店-标准POI精确证据核实,花溪区,核实标准实体“贵阳十里河滩花溪公园地铁站亚朵酒店”近24个月小红书直接体验来源，并严格区分同名和分店,这是独立的贵州省贵阳市高价值 POI 小红书证据核实任务，与前面问题无关。本题只核实一个标准实体：贵阳十里河滩花溪公园地铁站亚朵酒店；业务类型为住宿酒店；行政区为花溪区；参考地址为贵州贵阳花溪区清华路C4栋。请只依据近24个月来贵阳旅游的中国大陆游客发布的小红书真实到访笔记和实拍内容；证据不足时可放宽到36个月并明确说明，不足勿凑数，不设最低数量。只接受标题或正文能够直接指向该实体的帖子；同品牌不同分店必须依靠完整分店名、地址、商圈或附近地标区分，无法确认具体分店时写未确认，不得把品牌其他分店或同名地点的帖子归入本实体。只核实地图可定位、具有固定运营地址或稳定边界的这个实体，不要扩展推荐其他同类地点。第一行原样保留点点 AI 页面显示的“搜索并总结N人真实经验”“搜索并总结N篇笔记生成”或“ai总结N篇笔记生成”证据标记；第二行原样写“核实范围：花溪区”。若存在可核实来源，只输出该实体一行，严格使用：POI名称｜外文/地图名｜POI业务类型｜POI细分类型｜行政区｜地理位置描述｜游客需求场景｜证据强度。POI名称必须对应“贵阳十里河滩花溪公园地铁站亚朵酒店”，POI业务类型必须写“住宿酒店”。没有来源依据的字段写未确认；不得凭名称、常识或地图资料补写小红书体验，不得用点赞量代表独立笔记数或热度。如果没有任何可打开且正文直接提及该实体的小红书来源，请明确写“未发现可核实小红书来源”，不要生成实体行。最后单独列出疑似关闭、搬迁、改名、同名或分店混淆风险；没有可靠来源则写未确认。,1,graphId=hotel_ctrip_132012638；score=82.09；existingEvidence=0；target=补齐首条直接体验证据,现行图谱高价值POI分层补采
GYTRAVEL-HV-20260916-0186,P1,住宿酒店-标准POI精确证据核实,观山湖区,核实标准实体“安奈高空汤池AT·NIGHT(贵阳华润万象汇店)”近24个月小红书直接体验来源，并严格区分同名和分店,这是独立的贵州省贵阳市高价值 POI 小红书证据核实任务，与前面问题无关。本题只核实一个标准实体：安奈高空汤池AT·NIGHT(贵阳华润万象汇店)；业务类型为住宿酒店；行政区为观山湖区；参考地址为贵州贵阳观山湖区兴筑西路华润国际社区二期F区F11栋2601-2612。请只依据近24个月来贵阳旅游的中国大陆游客发布的小红书真实到访笔记和实拍内容；证据不足时可放宽到36个月并明确说明，不足勿凑数，不设最低数量。只接受标题或正文能够直接指向该实体的帖子；同品牌不同分店必须依靠完整分店名、地址、商圈或附近地标区分，无法确认具体分店时写未确认，不得把品牌其他分店或同名地点的帖子归入本实体。只核实地图可定位、具有固定运营地址或稳定边界的这个实体，不要扩展推荐其他同类地点。第一行原样保留点点 AI 页面显示的“搜索并总结N人真实经验”“搜索并总结N篇笔记生成”或“ai总结N篇笔记生成”证据标记；第二行原样写“核实范围：观山湖区”。若存在可核实来源，只输出该实体一行，严格使用：POI名称｜外文/地图名｜POI业务类型｜POI细分类型｜行政区｜地理位置描述｜游客需求场景｜证据强度。POI名称必须对应“安奈高空汤池AT·NIGHT(贵阳华润万象汇店)”，POI业务类型必须写“住宿酒店”。没有来源依据的字段写未确认；不得凭名称、常识或地图资料补写小红书体验，不得用点赞量代表独立笔记数或热度。如果没有任何可打开且正文直接提及该实体的小红书来源，请明确写“未发现可核实小红书来源”，不要生成实体行。最后单独列出疑似关闭、搬迁、改名、同名或分店混淆风险；没有可靠来源则写未确认。,1,graphId=hotel_ctrip_85458168；score=82.08；existingEvidence=0；target=补齐首条直接体验证据,现行图谱高价值POI分层补采
GYTRAVEL-HV-20260916-0187,P1,住宿酒店-标准POI精确证据核实,观山湖区,核实标准实体“贵阳北站西广场锦江都城酒店”近24个月小红书直接体验来源，并严格区分同名和分店,这是独立的贵州省贵阳市高价值 POI 小红书证据核实任务，与前面问题无关。本题只核实一个标准实体：贵阳北站西广场锦江都城酒店；业务类型为住宿酒店；行政区为观山湖区；参考地址为贵州贵阳观山湖区北大资源梦想城8号地块A02栋19层。请只依据近24个月来贵阳旅游的中国大陆游客发布的小红书真实到访笔记和实拍内容；证据不足时可放宽到36个月并明确说明，不足勿凑数，不设最低数量。只接受标题或正文能够直接指向该实体的帖子；同品牌不同分店必须依靠完整分店名、地址、商圈或附近地标区分，无法确认具体分店时写未确认，不得把品牌其他分店或同名地点的帖子归入本实体。只核实地图可定位、具有固定运营地址或稳定边界的这个实体，不要扩展推荐其他同类地点。第一行原样保留点点 AI 页面显示的“搜索并总结N人真实经验”“搜索并总结N篇笔记生成”或“ai总结N篇笔记生成”证据标记；第二行原样写“核实范围：观山湖区”。若存在可核实来源，只输出该实体一行，严格使用：POI名称｜外文/地图名｜POI业务类型｜POI细分类型｜行政区｜地理位置描述｜游客需求场景｜证据强度。POI名称必须对应“贵阳北站西广场锦江都城酒店”，POI业务类型必须写“住宿酒店”。没有来源依据的字段写未确认；不得凭名称、常识或地图资料补写小红书体验，不得用点赞量代表独立笔记数或热度。如果没有任何可打开且正文直接提及该实体的小红书来源，请明确写“未发现可核实小红书来源”，不要生成实体行。最后单独列出疑似关闭、搬迁、改名、同名或分店混淆风险；没有可靠来源则写未确认。,1,graphId=hotel_ctrip_123063195；score=82.05；existingEvidence=0；target=补齐首条直接体验证据,现行图谱高价值POI分层补采
GYTRAVEL-HV-20260916-0188,P1,住宿酒店-标准POI精确证据核实,云岩区,核实标准实体“谷莫尼丨Metro 高空城景酒店(贵阳喷水池地铁站太平路网红街店)”近24个月小红书直接体验来源，并严格区分同名和分店,这是独立的贵州省贵阳市高价值 POI 小红书证据核实任务，与前面问题无关。本题只核实一个标准实体：谷莫尼丨Metro 高空城景酒店(贵阳喷水池地铁站太平路网红街店)；业务类型为住宿酒店；行政区为云岩区；参考地址为贵州贵阳云岩区文昌阁街道中华中路117号百盛购物中心1层1号。请只依据近24个月来贵阳旅游的中国大陆游客发布的小红书真实到访笔记和实拍内容；证据不足时可放宽到36个月并明确说明，不足勿凑数，不设最低数量。只接受标题或正文能够直接指向该实体的帖子；同品牌不同分店必须依靠完整分店名、地址、商圈或附近地标区分，无法确认具体分店时写未确认，不得把品牌其他分店或同名地点的帖子归入本实体。只核实地图可定位、具有固定运营地址或稳定边界的这个实体，不要扩展推荐其他同类地点。第一行原样保留点点 AI 页面显示的“搜索并总结N人真实经验”“搜索并总结N篇笔记生成”或“ai总结N篇笔记生成”证据标记；第二行原样写“核实范围：云岩区”。若存在可核实来源，只输出该实体一行，严格使用：POI名称｜外文/地图名｜POI业务类型｜POI细分类型｜行政区｜地理位置描述｜游客需求场景｜证据强度。POI名称必须对应“谷莫尼丨Metro 高空城景酒店(贵阳喷水池地铁站太平路网红街店)”，POI业务类型必须写“住宿酒店”。没有来源依据的字段写未确认；不得凭名称、常识或地图资料补写小红书体验，不得用点赞量代表独立笔记数或热度。如果没有任何可打开且正文直接提及该实体的小红书来源，请明确写“未发现可核实小红书来源”，不要生成实体行。最后单独列出疑似关闭、搬迁、改名、同名或分店混淆风险；没有可靠来源则写未确认。,1,graphId=hotel_ctrip_114978806；score=81.96；existingEvidence=0；target=补齐首条直接体验证据,现行图谱高价值POI分层补采
GYTRAVEL-HV-20260916-0189,P1,住宿酒店-标准POI精确证据核实,云岩区,核实标准实体“贵阳花果园延安西路地铁站亚朵X酒店”近24个月小红书直接体验来源，并严格区分同名和分店,这是独立的贵州省贵阳市高价值 POI 小红书证据核实任务，与前面问题无关。本题只核实一个标准实体：贵阳花果园延安西路地铁站亚朵X酒店；业务类型为住宿酒店；行政区为云岩区；参考地址为贵州贵阳云岩区浣纱路19号。请只依据近24个月来贵阳旅游的中国大陆游客发布的小红书真实到访笔记和实拍内容；证据不足时可放宽到36个月并明确说明，不足勿凑数，不设最低数量。只接受标题或正文能够直接指向该实体的帖子；同品牌不同分店必须依靠完整分店名、地址、商圈或附近地标区分，无法确认具体分店时写未确认，不得把品牌其他分店或同名地点的帖子归入本实体。只核实地图可定位、具有固定运营地址或稳定边界的这个实体，不要扩展推荐其他同类地点。第一行原样保留点点 AI 页面显示的“搜索并总结N人真实经验”“搜索并总结N篇笔记生成”或“ai总结N篇笔记生成”证据标记；第二行原样写“核实范围：云岩区”。若存在可核实来源，只输出该实体一行，严格使用：POI名称｜外文/地图名｜POI业务类型｜POI细分类型｜行政区｜地理位置描述｜游客需求场景｜证据强度。POI名称必须对应“贵阳花果园延安西路地铁站亚朵X酒店”，POI业务类型必须写“住宿酒店”。没有来源依据的字段写未确认；不得凭名称、常识或地图资料补写小红书体验，不得用点赞量代表独立笔记数或热度。如果没有任何可打开且正文直接提及该实体的小红书来源，请明确写“未发现可核实小红书来源”，不要生成实体行。最后单独列出疑似关闭、搬迁、改名、同名或分店混淆风险；没有可靠来源则写未确认。,1,graphId=hotel_ctrip_103830251；score=81.91；existingEvidence=0；target=补齐首条直接体验证据,现行图谱高价值POI分层补采
GYTRAVEL-HV-20260916-0190,P1,住宿酒店-标准POI精确证据核实,观山湖区,核实标准实体“和润国际酒店(贵阳市人民政府贵州省人民医院店)”近24个月小红书直接体验来源，并严格区分同名和分店,这是独立的贵州省贵阳市高价值 POI 小红书证据核实任务，与前面问题无关。本题只核实一个标准实体：和润国际酒店(贵阳市人民政府贵州省人民医院店)；业务类型为住宿酒店；行政区为观山湖区；参考地址为贵州贵阳观山湖区金朱东路观府壹号售楼中心旁。请只依据近24个月来贵阳旅游的中国大陆游客发布的小红书真实到访笔记和实拍内容；证据不足时可放宽到36个月并明确说明，不足勿凑数，不设最低数量。只接受标题或正文能够直接指向该实体的帖子；同品牌不同分店必须依靠完整分店名、地址、商圈或附近地标区分，无法确认具体分店时写未确认，不得把品牌其他分店或同名地点的帖子归入本实体。只核实地图可定位、具有固定运营地址或稳定边界的这个实体，不要扩展推荐其他同类地点。第一行原样保留点点 AI 页面显示的“搜索并总结N人真实经验”“搜索并总结N篇笔记生成”或“ai总结N篇笔记生成”证据标记；第二行原样写“核实范围：观山湖区”。若存在可核实来源，只输出该实体一行，严格使用：POI名称｜外文/地图名｜POI业务类型｜POI细分类型｜行政区｜地理位置描述｜游客需求场景｜证据强度。POI名称必须对应“和润国际酒店(贵阳市人民政府贵州省人民医院店)”，POI业务类型必须写“住宿酒店”。没有来源依据的字段写未确认；不得凭名称、常识或地图资料补写小红书体验，不得用点赞量代表独立笔记数或热度。如果没有任何可打开且正文直接提及该实体的小红书来源，请明确写“未发现可核实小红书来源”，不要生成实体行。最后单独列出疑似关闭、搬迁、改名、同名或分店混淆风险；没有可靠来源则写未确认。,1,graphId=hotel_ctrip_16944298；score=81.89；existingEvidence=0；target=补齐首条直接体验证据,现行图谱高价值POI分层补采
GYTRAVEL-HV-20260916-0191,P1,住宿酒店-标准POI精确证据核实,观山湖区,核实标准实体“在叙·缦居(观山湖区国际生态会议中心地铁站店)”近24个月小红书直接体验来源，并严格区分同名和分店,这是独立的贵州省贵阳市高价值 POI 小红书证据核实任务，与前面问题无关。本题只核实一个标准实体：在叙·缦居(观山湖区国际生态会议中心地铁站店)；业务类型为住宿酒店；行政区为观山湖区；参考地址为贵州贵阳观山湖区国际金融中心B区金融SOHO西座11楼。请只依据近24个月来贵阳旅游的中国大陆游客发布的小红书真实到访笔记和实拍内容；证据不足时可放宽到36个月并明确说明，不足勿凑数，不设最低数量。只接受标题或正文能够直接指向该实体的帖子；同品牌不同分店必须依靠完整分店名、地址、商圈或附近地标区分，无法确认具体分店时写未确认，不得把品牌其他分店或同名地点的帖子归入本实体。只核实地图可定位、具有固定运营地址或稳定边界的这个实体，不要扩展推荐其他同类地点。第一行原样保留点点 AI 页面显示的“搜索并总结N人真实经验”“搜索并总结N篇笔记生成”或“ai总结N篇笔记生成”证据标记；第二行原样写“核实范围：观山湖区”。若存在可核实来源，只输出该实体一行，严格使用：POI名称｜外文/地图名｜POI业务类型｜POI细分类型｜行政区｜地理位置描述｜游客需求场景｜证据强度。POI名称必须对应“在叙·缦居(观山湖区国际生态会议中心地铁站店)”，POI业务类型必须写“住宿酒店”。没有来源依据的字段写未确认；不得凭名称、常识或地图资料补写小红书体验，不得用点赞量代表独立笔记数或热度。如果没有任何可打开且正文直接提及该实体的小红书来源，请明确写“未发现可核实小红书来源”，不要生成实体行。最后单独列出疑似关闭、搬迁、改名、同名或分店混淆风险；没有可靠来源则写未确认。,1,graphId=hotel_ctrip_73725056；score=81.87；existingEvidence=0；target=补齐首条直接体验证据,现行图谱高价值POI分层补采
GYTRAVEL-HV-20260916-0192,P1,住宿酒店-标准POI精确证据核实,观山湖区,核实标准实体“公羽家·设计师轻奢艺术酒店(观山湖公园林城西路地铁站店)”近24个月小红书直接体验来源，并严格区分同名和分店,这是独立的贵州省贵阳市高价值 POI 小红书证据核实任务，与前面问题无关。本题只核实一个标准实体：公羽家·设计师轻奢艺术酒店(观山湖公园林城西路地铁站店)；业务类型为住宿酒店；行政区为观山湖区；参考地址为贵州贵阳观山湖区梨园路富力新天地一期3栋12层。请只依据近24个月来贵阳旅游的中国大陆游客发布的小红书真实到访笔记和实拍内容；证据不足时可放宽到36个月并明确说明，不足勿凑数，不设最低数量。只接受标题或正文能够直接指向该实体的帖子；同品牌不同分店必须依靠完整分店名、地址、商圈或附近地标区分，无法确认具体分店时写未确认，不得把品牌其他分店或同名地点的帖子归入本实体。只核实地图可定位、具有固定运营地址或稳定边界的这个实体，不要扩展推荐其他同类地点。第一行原样保留点点 AI 页面显示的“搜索并总结N人真实经验”“搜索并总结N篇笔记生成”或“ai总结N篇笔记生成”证据标记；第二行原样写“核实范围：观山湖区”。若存在可核实来源，只输出该实体一行，严格使用：POI名称｜外文/地图名｜POI业务类型｜POI细分类型｜行政区｜地理位置描述｜游客需求场景｜证据强度。POI名称必须对应“公羽家·设计师轻奢艺术酒店(观山湖公园林城西路地铁站店)”，POI业务类型必须写“住宿酒店”。没有来源依据的字段写未确认；不得凭名称、常识或地图资料补写小红书体验，不得用点赞量代表独立笔记数或热度。如果没有任何可打开且正文直接提及该实体的小红书来源，请明确写“未发现可核实小红书来源”，不要生成实体行。最后单独列出疑似关闭、搬迁、改名、同名或分店混淆风险；没有可靠来源则写未确认。,1,graphId=hotel_ctrip_80906263；score=81.78；existingEvidence=0；target=补齐首条直接体验证据,现行图谱高价值POI分层补采
GYTRAVEL-HV-20260916-0193,P1,住宿酒店-标准POI精确证据核实,观山湖区,核实标准实体“贵阳北站高新区桔子水晶酒店”近24个月小红书直接体验来源，并严格区分同名和分店,这是独立的贵州省贵阳市高价值 POI 小红书证据核实任务，与前面问题无关。本题只核实一个标准实体：贵阳北站高新区桔子水晶酒店；业务类型为住宿酒店；行政区为观山湖区；参考地址为贵州贵阳观山湖区阳关大道麒龙商务港B地块3号楼。请只依据近24个月来贵阳旅游的中国大陆游客发布的小红书真实到访笔记和实拍内容；证据不足时可放宽到36个月并明确说明，不足勿凑数，不设最低数量。只接受标题或正文能够直接指向该实体的帖子；同品牌不同分店必须依靠完整分店名、地址、商圈或附近地标区分，无法确认具体分店时写未确认，不得把品牌其他分店或同名地点的帖子归入本实体。只核实地图可定位、具有固定运营地址或稳定边界的这个实体，不要扩展推荐其他同类地点。第一行原样保留点点 AI 页面显示的“搜索并总结N人真实经验”“搜索并总结N篇笔记生成”或“ai总结N篇笔记生成”证据标记；第二行原样写“核实范围：观山湖区”。若存在可核实来源，只输出该实体一行，严格使用：POI名称｜外文/地图名｜POI业务类型｜POI细分类型｜行政区｜地理位置描述｜游客需求场景｜证据强度。POI名称必须对应“贵阳北站高新区桔子水晶酒店”，POI业务类型必须写“住宿酒店”。没有来源依据的字段写未确认；不得凭名称、常识或地图资料补写小红书体验，不得用点赞量代表独立笔记数或热度。如果没有任何可打开且正文直接提及该实体的小红书来源，请明确写“未发现可核实小红书来源”，不要生成实体行。最后单独列出疑似关闭、搬迁、改名、同名或分店混淆风险；没有可靠来源则写未确认。,1,graphId=hotel_ctrip_43579161；score=81.77；existingEvidence=0；target=补齐首条直接体验证据,现行图谱高价值POI分层补采
GYTRAVEL-HV-20260916-0194,P1,住宿酒店-标准POI精确证据核实,云岩区,核实标准实体“YSEE悦见酒店(贵阳黔灵山公园喷水池店)”近24个月小红书直接体验来源，并严格区分同名和分店,这是独立的贵州省贵阳市高价值 POI 小红书证据核实任务，与前面问题无关。本题只核实一个标准实体：YSEE悦见酒店(贵阳黔灵山公园喷水池店)；业务类型为住宿酒店；行政区为云岩区；参考地址为贵州贵阳云岩区瑞金北路143号。请只依据近24个月来贵阳旅游的中国大陆游客发布的小红书真实到访笔记和实拍内容；证据不足时可放宽到36个月并明确说明，不足勿凑数，不设最低数量。只接受标题或正文能够直接指向该实体的帖子；同品牌不同分店必须依靠完整分店名、地址、商圈或附近地标区分，无法确认具体分店时写未确认，不得把品牌其他分店或同名地点的帖子归入本实体。只核实地图可定位、具有固定运营地址或稳定边界的这个实体，不要扩展推荐其他同类地点。第一行原样保留点点 AI 页面显示的“搜索并总结N人真实经验”“搜索并总结N篇笔记生成”或“ai总结N篇笔记生成”证据标记；第二行原样写“核实范围：云岩区”。若存在可核实来源，只输出该实体一行，严格使用：POI名称｜外文/地图名｜POI业务类型｜POI细分类型｜行政区｜地理位置描述｜游客需求场景｜证据强度。POI名称必须对应“YSEE悦见酒店(贵阳黔灵山公园喷水池店)”，POI业务类型必须写“住宿酒店”。没有来源依据的字段写未确认；不得凭名称、常识或地图资料补写小红书体验，不得用点赞量代表独立笔记数或热度。如果没有任何可打开且正文直接提及该实体的小红书来源，请明确写“未发现可核实小红书来源”，不要生成实体行。最后单独列出疑似关闭、搬迁、改名、同名或分店混淆风险；没有可靠来源则写未确认。,1,graphId=hotel_ctrip_135335634；score=81.75；existingEvidence=0；target=补齐首条直接体验证据,现行图谱高价值POI分层补采
GYTRAVEL-HV-20260916-0195,P1,住宿酒店-标准POI精确证据核实,云岩区,核实标准实体“猫的远方｜日式高空设计酒店(贵阳喷水池地铁站民生路好吃街店)”近24个月小红书直接体验来源，并严格区分同名和分店,这是独立的贵州省贵阳市高价值 POI 小红书证据核实任务，与前面问题无关。本题只核实一个标准实体：猫的远方｜日式高空设计酒店(贵阳喷水池地铁站民生路好吃街店)；业务类型为住宿酒店；行政区为云岩区；参考地址为贵州贵阳云岩区延安中路1号虹祥大厦19层。请只依据近24个月来贵阳旅游的中国大陆游客发布的小红书真实到访笔记和实拍内容；证据不足时可放宽到36个月并明确说明，不足勿凑数，不设最低数量。只接受标题或正文能够直接指向该实体的帖子；同品牌不同分店必须依靠完整分店名、地址、商圈或附近地标区分，无法确认具体分店时写未确认，不得把品牌其他分店或同名地点的帖子归入本实体。只核实地图可定位、具有固定运营地址或稳定边界的这个实体，不要扩展推荐其他同类地点。第一行原样保留点点 AI 页面显示的“搜索并总结N人真实经验”“搜索并总结N篇笔记生成”或“ai总结N篇笔记生成”证据标记；第二行原样写“核实范围：云岩区”。若存在可核实来源，只输出该实体一行，严格使用：POI名称｜外文/地图名｜POI业务类型｜POI细分类型｜行政区｜地理位置描述｜游客需求场景｜证据强度。POI名称必须对应“猫的远方｜日式高空设计酒店(贵阳喷水池地铁站民生路好吃街店)”，POI业务类型必须写“住宿酒店”。没有来源依据的字段写未确认；不得凭名称、常识或地图资料补写小红书体验，不得用点赞量代表独立笔记数或热度。如果没有任何可打开且正文直接提及该实体的小红书来源，请明确写“未发现可核实小红书来源”，不要生成实体行。最后单独列出疑似关闭、搬迁、改名、同名或分店混淆风险；没有可靠来源则写未确认。,1,graphId=hotel_ctrip_125782433；score=81.41；existingEvidence=0；target=补齐首条直接体验证据,现行图谱高价值POI分层补采
GYTRAVEL-HV-20260916-0196,P1,住宿酒店-标准POI精确证据核实,花溪区,核实标准实体“贵阳千山和悦酒店(花溪大学城店)”近24个月小红书直接体验来源，并严格区分同名和分店,这是独立的贵州省贵阳市高价值 POI 小红书证据核实任务，与前面问题无关。本题只核实一个标准实体：贵阳千山和悦酒店(花溪大学城店)；业务类型为住宿酒店；行政区为花溪区；参考地址为贵州贵阳花溪区田园路驾捷乐汽车养护向北50米。请只依据近24个月来贵阳旅游的中国大陆游客发布的小红书真实到访笔记和实拍内容；证据不足时可放宽到36个月并明确说明，不足勿凑数，不设最低数量。只接受标题或正文能够直接指向该实体的帖子；同品牌不同分店必须依靠完整分店名、地址、商圈或附近地标区分，无法确认具体分店时写未确认，不得把品牌其他分店或同名地点的帖子归入本实体。只核实地图可定位、具有固定运营地址或稳定边界的这个实体，不要扩展推荐其他同类地点。第一行原样保留点点 AI 页面显示的“搜索并总结N人真实经验”“搜索并总结N篇笔记生成”或“ai总结N篇笔记生成”证据标记；第二行原样写“核实范围：花溪区”。若存在可核实来源，只输出该实体一行，严格使用：POI名称｜外文/地图名｜POI业务类型｜POI细分类型｜行政区｜地理位置描述｜游客需求场景｜证据强度。POI名称必须对应“贵阳千山和悦酒店(花溪大学城店)”，POI业务类型必须写“住宿酒店”。没有来源依据的字段写未确认；不得凭名称、常识或地图资料补写小红书体验，不得用点赞量代表独立笔记数或热度。如果没有任何可打开且正文直接提及该实体的小红书来源，请明确写“未发现可核实小红书来源”，不要生成实体行。最后单独列出疑似关闭、搬迁、改名、同名或分店混淆风险；没有可靠来源则写未确认。,1,graphId=hotel_ctrip_131301691；score=81.4；existingEvidence=0；target=补齐首条直接体验证据,现行图谱高价值POI分层补采
GYTRAVEL-HV-20260916-0197,P1,住宿酒店-标准POI精确证据核实,云岩区,核实标准实体“贵阳东邻溪舍酒店(甲秀楼民生路店)”近24个月小红书直接体验来源，并严格区分同名和分店,这是独立的贵州省贵阳市高价值 POI 小红书证据核实任务，与前面问题无关。本题只核实一个标准实体：贵阳东邻溪舍酒店(甲秀楼民生路店)；业务类型为住宿酒店；行政区为云岩区；参考地址为贵州贵阳云岩区中山东路58号。请只依据近24个月来贵阳旅游的中国大陆游客发布的小红书真实到访笔记和实拍内容；证据不足时可放宽到36个月并明确说明，不足勿凑数，不设最低数量。只接受标题或正文能够直接指向该实体的帖子；同品牌不同分店必须依靠完整分店名、地址、商圈或附近地标区分，无法确认具体分店时写未确认，不得把品牌其他分店或同名地点的帖子归入本实体。只核实地图可定位、具有固定运营地址或稳定边界的这个实体，不要扩展推荐其他同类地点。第一行原样保留点点 AI 页面显示的“搜索并总结N人真实经验”“搜索并总结N篇笔记生成”或“ai总结N篇笔记生成”证据标记；第二行原样写“核实范围：云岩区”。若存在可核实来源，只输出该实体一行，严格使用：POI名称｜外文/地图名｜POI业务类型｜POI细分类型｜行政区｜地理位置描述｜游客需求场景｜证据强度。POI名称必须对应“贵阳东邻溪舍酒店(甲秀楼民生路店)”，POI业务类型必须写“住宿酒店”。没有来源依据的字段写未确认；不得凭名称、常识或地图资料补写小红书体验，不得用点赞量代表独立笔记数或热度。如果没有任何可打开且正文直接提及该实体的小红书来源，请明确写“未发现可核实小红书来源”，不要生成实体行。最后单独列出疑似关闭、搬迁、改名、同名或分店混淆风险；没有可靠来源则写未确认。,1,graphId=hotel_ctrip_104454713；score=81.39；existingEvidence=0；target=补齐首条直接体验证据,现行图谱高价值POI分层补采
GYTRAVEL-HV-20260916-0198,P1,住宿酒店-标准POI精确证据核实,花溪区,核实标准实体“贵阳青岩假日度假酒店(青岩古镇店)”近24个月小红书直接体验来源，并严格区分同名和分店,这是独立的贵州省贵阳市高价值 POI 小红书证据核实任务，与前面问题无关。本题只核实一个标准实体：贵阳青岩假日度假酒店(青岩古镇店)；业务类型为住宿酒店；行政区为花溪区；参考地址为贵州贵阳花溪区青岩镇龙井村191号A。请只依据近24个月来贵阳旅游的中国大陆游客发布的小红书真实到访笔记和实拍内容；证据不足时可放宽到36个月并明确说明，不足勿凑数，不设最低数量。只接受标题或正文能够直接指向该实体的帖子；同品牌不同分店必须依靠完整分店名、地址、商圈或附近地标区分，无法确认具体分店时写未确认，不得把品牌其他分店或同名地点的帖子归入本实体。只核实地图可定位、具有固定运营地址或稳定边界的这个实体，不要扩展推荐其他同类地点。第一行原样保留点点 AI 页面显示的“搜索并总结N人真实经验”“搜索并总结N篇笔记生成”或“ai总结N篇笔记生成”证据标记；第二行原样写“核实范围：花溪区”。若存在可核实来源，只输出该实体一行，严格使用：POI名称｜外文/地图名｜POI业务类型｜POI细分类型｜行政区｜地理位置描述｜游客需求场景｜证据强度。POI名称必须对应“贵阳青岩假日度假酒店(青岩古镇店)”，POI业务类型必须写“住宿酒店”。没有来源依据的字段写未确认；不得凭名称、常识或地图资料补写小红书体验，不得用点赞量代表独立笔记数或热度。如果没有任何可打开且正文直接提及该实体的小红书来源，请明确写“未发现可核实小红书来源”，不要生成实体行。最后单独列出疑似关闭、搬迁、改名、同名或分店混淆风险；没有可靠来源则写未确认。,1,graphId=hotel_ctrip_97979946；score=81.06；existingEvidence=0；target=补齐首条直接体验证据,现行图谱高价值POI分层补采
GYTRAVEL-HV-20260916-0199,P1,住宿酒店-标准POI精确证据核实,花溪区,核实标准实体“贵阳泊屿·COVE溪隐度假民宿(花溪公园十里河滩店)”近24个月小红书直接体验来源，并严格区分同名和分店,这是独立的贵州省贵阳市高价值 POI 小红书证据核实任务，与前面问题无关。本题只核实一个标准实体：贵阳泊屿·COVE溪隐度假民宿(花溪公园十里河滩店)；业务类型为住宿酒店；行政区为花溪区；参考地址为贵州贵阳花溪区民主路65号5楼。请只依据近24个月来贵阳旅游的中国大陆游客发布的小红书真实到访笔记和实拍内容；证据不足时可放宽到36个月并明确说明，不足勿凑数，不设最低数量。只接受标题或正文能够直接指向该实体的帖子；同品牌不同分店必须依靠完整分店名、地址、商圈或附近地标区分，无法确认具体分店时写未确认，不得把品牌其他分店或同名地点的帖子归入本实体。只核实地图可定位、具有固定运营地址或稳定边界的这个实体，不要扩展推荐其他同类地点。第一行原样保留点点 AI 页面显示的“搜索并总结N人真实经验”“搜索并总结N篇笔记生成”或“ai总结N篇笔记生成”证据标记；第二行原样写“核实范围：花溪区”。若存在可核实来源，只输出该实体一行，严格使用：POI名称｜外文/地图名｜POI业务类型｜POI细分类型｜行政区｜地理位置描述｜游客需求场景｜证据强度。POI名称必须对应“贵阳泊屿·COVE溪隐度假民宿(花溪公园十里河滩店)”，POI业务类型必须写“住宿酒店”。没有来源依据的字段写未确认；不得凭名称、常识或地图资料补写小红书体验，不得用点赞量代表独立笔记数或热度。如果没有任何可打开且正文直接提及该实体的小红书来源，请明确写“未发现可核实小红书来源”，不要生成实体行。最后单独列出疑似关闭、搬迁、改名、同名或分店混淆风险；没有可靠来源则写未确认。,1,graphId=hotel_ctrip_130332640；score=80.92；existingEvidence=0；target=补齐首条直接体验证据,现行图谱高价值POI分层补采
GYTRAVEL-HV-20260916-0200,P1,住宿酒店-标准POI精确证据核实,花溪区,核实标准实体“丽致芥子园酒店(青岩古镇店)”近24个月小红书直接体验来源，并严格区分同名和分店,这是独立的贵州省贵阳市高价值 POI 小红书证据核实任务，与前面问题无关。本题只核实一个标准实体：丽致芥子园酒店(青岩古镇店)；业务类型为住宿酒店；行政区为花溪区；参考地址为贵州贵阳花溪区青岩古镇诗乡路碧桂园龙溪里A栋1-2号。请只依据近24个月来贵阳旅游的中国大陆游客发布的小红书真实到访笔记和实拍内容；证据不足时可放宽到36个月并明确说明，不足勿凑数，不设最低数量。只接受标题或正文能够直接指向该实体的帖子；同品牌不同分店必须依靠完整分店名、地址、商圈或附近地标区分，无法确认具体分店时写未确认，不得把品牌其他分店或同名地点的帖子归入本实体。只核实地图可定位、具有固定运营地址或稳定边界的这个实体，不要扩展推荐其他同类地点。第一行原样保留点点 AI 页面显示的“搜索并总结N人真实经验”“搜索并总结N篇笔记生成”或“ai总结N篇笔记生成”证据标记；第二行原样写“核实范围：花溪区”。若存在可核实来源，只输出该实体一行，严格使用：POI名称｜外文/地图名｜POI业务类型｜POI细分类型｜行政区｜地理位置描述｜游客需求场景｜证据强度。POI名称必须对应“丽致芥子园酒店(青岩古镇店)”，POI业务类型必须写“住宿酒店”。没有来源依据的字段写未确认；不得凭名称、常识或地图资料补写小红书体验，不得用点赞量代表独立笔记数或热度。如果没有任何可打开且正文直接提及该实体的小红书来源，请明确写“未发现可核实小红书来源”，不要生成实体行。最后单独列出疑似关闭、搬迁、改名、同名或分店混淆风险；没有可靠来源则写未确认。,1,graphId=hotel_ctrip_113535851；score=80.07；existingEvidence=0；target=补齐首条直接体验证据,现行图谱高价值POI分层补采
GYTRAVEL-HV-20260916-0201,P1,住宿酒店-标准POI精确证据核实,花溪区,核实标准实体“风华酒店(贵阳花溪公园贵州大学花溪南校区店)”近24个月小红书直接体验来源，并严格区分同名和分店,这是独立的贵州省贵阳市高价值 POI 小红书证据核实任务，与前面问题无关。本题只核实一个标准实体：风华酒店(贵阳花溪公园贵州大学花溪南校区店)；业务类型为住宿酒店；行政区为花溪区；参考地址为贵州贵阳花溪区贵筑路班芙小镇。请只依据近24个月来贵阳旅游的中国大陆游客发布的小红书真实到访笔记和实拍内容；证据不足时可放宽到36个月并明确说明，不足勿凑数，不设最低数量。只接受标题或正文能够直接指向该实体的帖子；同品牌不同分店必须依靠完整分店名、地址、商圈或附近地标区分，无法确认具体分店时写未确认，不得把品牌其他分店或同名地点的帖子归入本实体。只核实地图可定位、具有固定运营地址或稳定边界的这个实体，不要扩展推荐其他同类地点。第一行原样保留点点 AI 页面显示的“搜索并总结N人真实经验”“搜索并总结N篇笔记生成”或“ai总结N篇笔记生成”证据标记；第二行原样写“核实范围：花溪区”。若存在可核实来源，只输出该实体一行，严格使用：POI名称｜外文/地图名｜POI业务类型｜POI细分类型｜行政区｜地理位置描述｜游客需求场景｜证据强度。POI名称必须对应“风华酒店(贵阳花溪公园贵州大学花溪南校区店)”，POI业务类型必须写“住宿酒店”。没有来源依据的字段写未确认；不得凭名称、常识或地图资料补写小红书体验，不得用点赞量代表独立笔记数或热度。如果没有任何可打开且正文直接提及该实体的小红书来源，请明确写“未发现可核实小红书来源”，不要生成实体行。最后单独列出疑似关闭、搬迁、改名、同名或分店混淆风险；没有可靠来源则写未确认。,1,graphId=hotel_ctrip_6846704；score=79.84；existingEvidence=0；target=补齐首条直接体验证据,现行图谱高价值POI分层补采
GYTRAVEL-HV-20260916-0202,P1,住宿酒店-标准POI精确证据核实,乌当区,核实标准实体“贵阳保利国际温泉酒店”近24个月小红书直接体验来源，并严格区分同名和分店,这是独立的贵州省贵阳市高价值 POI 小红书证据核实任务，与前面问题无关。本题只核实一个标准实体：贵阳保利国际温泉酒店；业务类型为住宿酒店；行政区为乌当区；参考地址为贵州贵阳乌当区顺海中路88号保利温泉新城内。请只依据近24个月来贵阳旅游的中国大陆游客发布的小红书真实到访笔记和实拍内容；证据不足时可放宽到36个月并明确说明，不足勿凑数，不设最低数量。只接受标题或正文能够直接指向该实体的帖子；同品牌不同分店必须依靠完整分店名、地址、商圈或附近地标区分，无法确认具体分店时写未确认，不得把品牌其他分店或同名地点的帖子归入本实体。只核实地图可定位、具有固定运营地址或稳定边界的这个实体，不要扩展推荐其他同类地点。第一行原样保留点点 AI 页面显示的“搜索并总结N人真实经验”“搜索并总结N篇笔记生成”或“ai总结N篇笔记生成”证据标记；第二行原样写“核实范围：乌当区”。若存在可核实来源，只输出该实体一行，严格使用：POI名称｜外文/地图名｜POI业务类型｜POI细分类型｜行政区｜地理位置描述｜游客需求场景｜证据强度。POI名称必须对应“贵阳保利国际温泉酒店”，POI业务类型必须写“住宿酒店”。没有来源依据的字段写未确认；不得凭名称、常识或地图资料补写小红书体验，不得用点赞量代表独立笔记数或热度。如果没有任何可打开且正文直接提及该实体的小红书来源，请明确写“未发现可核实小红书来源”，不要生成实体行。最后单独列出疑似关闭、搬迁、改名、同名或分店混淆风险；没有可靠来源则写未确认。,1,graphId=hotel_ctrip_432050；score=79.68；existingEvidence=0；target=补齐首条直接体验证据,现行图谱高价值POI分层补采
GYTRAVEL-HV-20260916-0203,P1,住宿酒店-标准POI精确证据核实,乌当区,核实标准实体“欧曼·地中海酒店(贵阳高铁东站店)”近24个月小红书直接体验来源，并严格区分同名和分店,这是独立的贵州省贵阳市高价值 POI 小红书证据核实任务，与前面问题无关。本题只核实一个标准实体：欧曼·地中海酒店(贵阳高铁东站店)；业务类型为住宿酒店；行政区为乌当区；参考地址为贵州贵阳乌当区贵阳东站东广场进站口一楼。请只依据近24个月来贵阳旅游的中国大陆游客发布的小红书真实到访笔记和实拍内容；证据不足时可放宽到36个月并明确说明，不足勿凑数，不设最低数量。只接受标题或正文能够直接指向该实体的帖子；同品牌不同分店必须依靠完整分店名、地址、商圈或附近地标区分，无法确认具体分店时写未确认，不得把品牌其他分店或同名地点的帖子归入本实体。只核实地图可定位、具有固定运营地址或稳定边界的这个实体，不要扩展推荐其他同类地点。第一行原样保留点点 AI 页面显示的“搜索并总结N人真实经验”“搜索并总结N篇笔记生成”或“ai总结N篇笔记生成”证据标记；第二行原样写“核实范围：乌当区”。若存在可核实来源，只输出该实体一行，严格使用：POI名称｜外文/地图名｜POI业务类型｜POI细分类型｜行政区｜地理位置描述｜游客需求场景｜证据强度。POI名称必须对应“欧曼·地中海酒店(贵阳高铁东站店)”，POI业务类型必须写“住宿酒店”。没有来源依据的字段写未确认；不得凭名称、常识或地图资料补写小红书体验，不得用点赞量代表独立笔记数或热度。如果没有任何可打开且正文直接提及该实体的小红书来源，请明确写“未发现可核实小红书来源”，不要生成实体行。最后单独列出疑似关闭、搬迁、改名、同名或分店混淆风险；没有可靠来源则写未确认。,1,graphId=hotel_ctrip_80920328；score=78.05；existingEvidence=0；target=补齐首条直接体验证据,现行图谱高价值POI分层补采
GYTRAVEL-HV-20260916-0204,P1,住宿酒店-标准POI精确证据核实,乌当区,核实标准实体“欢漫酒店(贵阳师范学院地铁站店)”近24个月小红书直接体验来源，并严格区分同名和分店,这是独立的贵州省贵阳市高价值 POI 小红书证据核实任务，与前面问题无关。本题只核实一个标准实体：欢漫酒店(贵阳师范学院地铁站店)；业务类型为住宿酒店；行政区为乌当区；参考地址为贵州贵阳乌当区高新路新庄幸福小区AFS6栋。请只依据近24个月来贵阳旅游的中国大陆游客发布的小红书真实到访笔记和实拍内容；证据不足时可放宽到36个月并明确说明，不足勿凑数，不设最低数量。只接受标题或正文能够直接指向该实体的帖子；同品牌不同分店必须依靠完整分店名、地址、商圈或附近地标区分，无法确认具体分店时写未确认，不得把品牌其他分店或同名地点的帖子归入本实体。只核实地图可定位、具有固定运营地址或稳定边界的这个实体，不要扩展推荐其他同类地点。第一行原样保留点点 AI 页面显示的“搜索并总结N人真实经验”“搜索并总结N篇笔记生成”或“ai总结N篇笔记生成”证据标记；第二行原样写“核实范围：乌当区”。若存在可核实来源，只输出该实体一行，严格使用：POI名称｜外文/地图名｜POI业务类型｜POI细分类型｜行政区｜地理位置描述｜游客需求场景｜证据强度。POI名称必须对应“欢漫酒店(贵阳师范学院地铁站店)”，POI业务类型必须写“住宿酒店”。没有来源依据的字段写未确认；不得凭名称、常识或地图资料补写小红书体验，不得用点赞量代表独立笔记数或热度。如果没有任何可打开且正文直接提及该实体的小红书来源，请明确写“未发现可核实小红书来源”，不要生成实体行。最后单独列出疑似关闭、搬迁、改名、同名或分店混淆风险；没有可靠来源则写未确认。,1,graphId=hotel_ctrip_130061959；score=76.98；existingEvidence=0；target=补齐首条直接体验证据,现行图谱高价值POI分层补采
GYTRAVEL-HV-20260916-0205,P1,住宿酒店-标准POI精确证据核实,白云区,核实标准实体“维也纳国际酒店(贵阳高铁北站俊发城店)”近24个月小红书直接体验来源，并严格区分同名和分店,这是独立的贵州省贵阳市高价值 POI 小红书证据核实任务，与前面问题无关。本题只核实一个标准实体：维也纳国际酒店(贵阳高铁北站俊发城店)；业务类型为住宿酒店；行政区为白云区；参考地址为贵州贵阳白云区都拉营街道俊杰路269号俊发城F区4栋一楼。请只依据近24个月来贵阳旅游的中国大陆游客发布的小红书真实到访笔记和实拍内容；证据不足时可放宽到36个月并明确说明，不足勿凑数，不设最低数量。只接受标题或正文能够直接指向该实体的帖子；同品牌不同分店必须依靠完整分店名、地址、商圈或附近地标区分，无法确认具体分店时写未确认，不得把品牌其他分店或同名地点的帖子归入本实体。只核实地图可定位、具有固定运营地址或稳定边界的这个实体，不要扩展推荐其他同类地点。第一行原样保留点点 AI 页面显示的“搜索并总结N人真实经验”“搜索并总结N篇笔记生成”或“ai总结N篇笔记生成”证据标记；第二行原样写“核实范围：白云区”。若存在可核实来源，只输出该实体一行，严格使用：POI名称｜外文/地图名｜POI业务类型｜POI细分类型｜行政区｜地理位置描述｜游客需求场景｜证据强度。POI名称必须对应“维也纳国际酒店(贵阳高铁北站俊发城店)”，POI业务类型必须写“住宿酒店”。没有来源依据的字段写未确认；不得凭名称、常识或地图资料补写小红书体验，不得用点赞量代表独立笔记数或热度。如果没有任何可打开且正文直接提及该实体的小红书来源，请明确写“未发现可核实小红书来源”，不要生成实体行。最后单独列出疑似关闭、搬迁、改名、同名或分店混淆风险；没有可靠来源则写未确认。,1,graphId=hotel_ctrip_120852780；score=76.73；existingEvidence=0；target=补齐首条直接体验证据,现行图谱高价值POI分层补采
GYTRAVEL-HV-20260916-0206,P1,住宿酒店-标准POI精确证据核实,乌当区,核实标准实体“格林豪泰酒店(贵阳乌当区高铁东站店)”近24个月小红书直接体验来源，并严格区分同名和分店,这是独立的贵州省贵阳市高价值 POI 小红书证据核实任务，与前面问题无关。本题只核实一个标准实体：格林豪泰酒店(贵阳乌当区高铁东站店)；业务类型为住宿酒店；行政区为乌当区；参考地址为贵州贵阳乌当区花都路20号商业广场。请只依据近24个月来贵阳旅游的中国大陆游客发布的小红书真实到访笔记和实拍内容；证据不足时可放宽到36个月并明确说明，不足勿凑数，不设最低数量。只接受标题或正文能够直接指向该实体的帖子；同品牌不同分店必须依靠完整分店名、地址、商圈或附近地标区分，无法确认具体分店时写未确认，不得把品牌其他分店或同名地点的帖子归入本实体。只核实地图可定位、具有固定运营地址或稳定边界的这个实体，不要扩展推荐其他同类地点。第一行原样保留点点 AI 页面显示的“搜索并总结N人真实经验”“搜索并总结N篇笔记生成”或“ai总结N篇笔记生成”证据标记；第二行原样写“核实范围：乌当区”。若存在可核实来源，只输出该实体一行，严格使用：POI名称｜外文/地图名｜POI业务类型｜POI细分类型｜行政区｜地理位置描述｜游客需求场景｜证据强度。POI名称必须对应“格林豪泰酒店(贵阳乌当区高铁东站店)”，POI业务类型必须写“住宿酒店”。没有来源依据的字段写未确认；不得凭名称、常识或地图资料补写小红书体验，不得用点赞量代表独立笔记数或热度。如果没有任何可打开且正文直接提及该实体的小红书来源，请明确写“未发现可核实小红书来源”，不要生成实体行。最后单独列出疑似关闭、搬迁、改名、同名或分店混淆风险；没有可靠来源则写未确认。,1,graphId=hotel_ctrip_38808444；score=76.61；existingEvidence=0；target=补齐首条直接体验证据,现行图谱高价值POI分层补采
GYTRAVEL-HV-20260916-0207,P1,住宿酒店-标准POI精确证据核实,白云区,核实标准实体“那墅OT Villa·花园泳池酒店(贵阳泉湖公园店)”近24个月小红书直接体验来源，并严格区分同名和分店,这是独立的贵州省贵阳市高价值 POI 小红书证据核实任务，与前面问题无关。本题只核实一个标准实体：那墅OT Villa·花园泳池酒店(贵阳泉湖公园店)；业务类型为住宿酒店；行政区为白云区；参考地址为贵州贵阳白云区云峰大道115号54栋1号。请只依据近24个月来贵阳旅游的中国大陆游客发布的小红书真实到访笔记和实拍内容；证据不足时可放宽到36个月并明确说明，不足勿凑数，不设最低数量。只接受标题或正文能够直接指向该实体的帖子；同品牌不同分店必须依靠完整分店名、地址、商圈或附近地标区分，无法确认具体分店时写未确认，不得把品牌其他分店或同名地点的帖子归入本实体。只核实地图可定位、具有固定运营地址或稳定边界的这个实体，不要扩展推荐其他同类地点。第一行原样保留点点 AI 页面显示的“搜索并总结N人真实经验”“搜索并总结N篇笔记生成”或“ai总结N篇笔记生成”证据标记；第二行原样写“核实范围：白云区”。若存在可核实来源，只输出该实体一行，严格使用：POI名称｜外文/地图名｜POI业务类型｜POI细分类型｜行政区｜地理位置描述｜游客需求场景｜证据强度。POI名称必须对应“那墅OT Villa·花园泳池酒店(贵阳泉湖公园店)”，POI业务类型必须写“住宿酒店”。没有来源依据的字段写未确认；不得凭名称、常识或地图资料补写小红书体验，不得用点赞量代表独立笔记数或热度。如果没有任何可打开且正文直接提及该实体的小红书来源，请明确写“未发现可核实小红书来源”，不要生成实体行。最后单独列出疑似关闭、搬迁、改名、同名或分店混淆风险；没有可靠来源则写未确认。,1,graphId=hotel_ctrip_82541650；score=76.09；existingEvidence=0；target=补齐首条直接体验证据,现行图谱高价值POI分层补采
GYTRAVEL-HV-20260916-0208,P1,住宿酒店-标准POI精确证据核实,乌当区,核实标准实体“仟纳时尚酒店(贵阳东站保利公园店)”近24个月小红书直接体验来源，并严格区分同名和分店,这是独立的贵州省贵阳市高价值 POI 小红书证据核实任务，与前面问题无关。本题只核实一个标准实体：仟纳时尚酒店(贵阳东站保利公园店)；业务类型为住宿酒店；行政区为乌当区；参考地址为贵州贵阳乌当区新天路172号保利公园20103-1区3号商业1层11号、12号。请只依据近24个月来贵阳旅游的中国大陆游客发布的小红书真实到访笔记和实拍内容；证据不足时可放宽到36个月并明确说明，不足勿凑数，不设最低数量。只接受标题或正文能够直接指向该实体的帖子；同品牌不同分店必须依靠完整分店名、地址、商圈或附近地标区分，无法确认具体分店时写未确认，不得把品牌其他分店或同名地点的帖子归入本实体。只核实地图可定位、具有固定运营地址或稳定边界的这个实体，不要扩展推荐其他同类地点。第一行原样保留点点 AI 页面显示的“搜索并总结N人真实经验”“搜索并总结N篇笔记生成”或“ai总结N篇笔记生成”证据标记；第二行原样写“核实范围：乌当区”。若存在可核实来源，只输出该实体一行，严格使用：POI名称｜外文/地图名｜POI业务类型｜POI细分类型｜行政区｜地理位置描述｜游客需求场景｜证据强度。POI名称必须对应“仟纳时尚酒店(贵阳东站保利公园店)”，POI业务类型必须写“住宿酒店”。没有来源依据的字段写未确认；不得凭名称、常识或地图资料补写小红书体验，不得用点赞量代表独立笔记数或热度。如果没有任何可打开且正文直接提及该实体的小红书来源，请明确写“未发现可核实小红书来源”，不要生成实体行。最后单独列出疑似关闭、搬迁、改名、同名或分店混淆风险；没有可靠来源则写未确认。,1,graphId=hotel_ctrip_52949405；score=75.96；existingEvidence=0；target=补齐首条直接体验证据,现行图谱高价值POI分层补采
GYTRAVEL-HV-20260916-0209,P1,住宿酒店-标准POI精确证据核实,白云区,核实标准实体“桔子酒店(贵阳泉湖公园店)”近24个月小红书直接体验来源，并严格区分同名和分店,这是独立的贵州省贵阳市高价值 POI 小红书证据核实任务，与前面问题无关。本题只核实一个标准实体：桔子酒店(贵阳泉湖公园店)；业务类型为住宿酒店；行政区为白云区；参考地址为贵州贵阳白云区泉湖街道龙井路泉湖公馆18栋。请只依据近24个月来贵阳旅游的中国大陆游客发布的小红书真实到访笔记和实拍内容；证据不足时可放宽到36个月并明确说明，不足勿凑数，不设最低数量。只接受标题或正文能够直接指向该实体的帖子；同品牌不同分店必须依靠完整分店名、地址、商圈或附近地标区分，无法确认具体分店时写未确认，不得把品牌其他分店或同名地点的帖子归入本实体。只核实地图可定位、具有固定运营地址或稳定边界的这个实体，不要扩展推荐其他同类地点。第一行原样保留点点 AI 页面显示的“搜索并总结N人真实经验”“搜索并总结N篇笔记生成”或“ai总结N篇笔记生成”证据标记；第二行原样写“核实范围：白云区”。若存在可核实来源，只输出该实体一行，严格使用：POI名称｜外文/地图名｜POI业务类型｜POI细分类型｜行政区｜地理位置描述｜游客需求场景｜证据强度。POI名称必须对应“桔子酒店(贵阳泉湖公园店)”，POI业务类型必须写“住宿酒店”。没有来源依据的字段写未确认；不得凭名称、常识或地图资料补写小红书体验，不得用点赞量代表独立笔记数或热度。如果没有任何可打开且正文直接提及该实体的小红书来源，请明确写“未发现可核实小红书来源”，不要生成实体行。最后单独列出疑似关闭、搬迁、改名、同名或分店混淆风险；没有可靠来源则写未确认。,1,graphId=hotel_ctrip_122391821；score=74.87；existingEvidence=0；target=补齐首条直接体验证据,现行图谱高价值POI分层补采
GYTRAVEL-HV-20260916-0210,P1,住宿酒店-标准POI精确证据核实,白云区,核实标准实体“维也纳酒店(贵阳欢乐世界云泰广场店)”近24个月小红书直接体验来源，并严格区分同名和分店,这是独立的贵州省贵阳市高价值 POI 小红书证据核实任务，与前面问题无关。本题只核实一个标准实体：维也纳酒店(贵阳欢乐世界云泰广场店)；业务类型为住宿酒店；行政区为白云区；参考地址为贵州贵阳白云区白云南路云泰广场3号楼1层。请只依据近24个月来贵阳旅游的中国大陆游客发布的小红书真实到访笔记和实拍内容；证据不足时可放宽到36个月并明确说明，不足勿凑数，不设最低数量。只接受标题或正文能够直接指向该实体的帖子；同品牌不同分店必须依靠完整分店名、地址、商圈或附近地标区分，无法确认具体分店时写未确认，不得把品牌其他分店或同名地点的帖子归入本实体。只核实地图可定位、具有固定运营地址或稳定边界的这个实体，不要扩展推荐其他同类地点。第一行原样保留点点 AI 页面显示的“搜索并总结N人真实经验”“搜索并总结N篇笔记生成”或“ai总结N篇笔记生成”证据标记；第二行原样写“核实范围：白云区”。若存在可核实来源，只输出该实体一行，严格使用：POI名称｜外文/地图名｜POI业务类型｜POI细分类型｜行政区｜地理位置描述｜游客需求场景｜证据强度。POI名称必须对应“维也纳酒店(贵阳欢乐世界云泰广场店)”，POI业务类型必须写“住宿酒店”。没有来源依据的字段写未确认；不得凭名称、常识或地图资料补写小红书体验，不得用点赞量代表独立笔记数或热度。如果没有任何可打开且正文直接提及该实体的小红书来源，请明确写“未发现可核实小红书来源”，不要生成实体行。最后单独列出疑似关闭、搬迁、改名、同名或分店混淆风险；没有可靠来源则写未确认。,1,graphId=hotel_ctrip_99543199；score=74.84；existingEvidence=0；target=补齐首条直接体验证据,现行图谱高价值POI分层补采
GYTRAVEL-HV-20260916-0211,P1,住宿酒店-标准POI精确证据核实,清镇市,核实标准实体“优范酒店(清镇职教城时光贵州古镇店)”近24个月小红书直接体验来源，并严格区分同名和分店,这是独立的贵州省贵阳市高价值 POI 小红书证据核实任务，与前面问题无关。本题只核实一个标准实体：优范酒店(清镇职教城时光贵州古镇店)；业务类型为住宿酒店；行政区为清镇市；参考地址为贵州清镇青龙山街鲤鱼塘村清镇兴邦大厦1层。请只依据近24个月来贵阳旅游的中国大陆游客发布的小红书真实到访笔记和实拍内容；证据不足时可放宽到36个月并明确说明，不足勿凑数，不设最低数量。只接受标题或正文能够直接指向该实体的帖子；同品牌不同分店必须依靠完整分店名、地址、商圈或附近地标区分，无法确认具体分店时写未确认，不得把品牌其他分店或同名地点的帖子归入本实体。只核实地图可定位、具有固定运营地址或稳定边界的这个实体，不要扩展推荐其他同类地点。第一行原样保留点点 AI 页面显示的“搜索并总结N人真实经验”“搜索并总结N篇笔记生成”或“ai总结N篇笔记生成”证据标记；第二行原样写“核实范围：清镇市”。若存在可核实来源，只输出该实体一行，严格使用：POI名称｜外文/地图名｜POI业务类型｜POI细分类型｜行政区｜地理位置描述｜游客需求场景｜证据强度。POI名称必须对应“优范酒店(清镇职教城时光贵州古镇店)”，POI业务类型必须写“住宿酒店”。没有来源依据的字段写未确认；不得凭名称、常识或地图资料补写小红书体验，不得用点赞量代表独立笔记数或热度。如果没有任何可打开且正文直接提及该实体的小红书来源，请明确写“未发现可核实小红书来源”，不要生成实体行。最后单独列出疑似关闭、搬迁、改名、同名或分店混淆风险；没有可靠来源则写未确认。,1,graphId=hotel_ctrip_114338850；score=71.8；existingEvidence=0；target=补齐首条直接体验证据,现行图谱高价值POI分层补采
GYTRAVEL-HV-20260916-0212,P1,住宿酒店-标准POI精确证据核实,清镇市,核实标准实体“悦心上品影院酒店(清镇职教城时光贵州店)”近24个月小红书直接体验来源，并严格区分同名和分店,这是独立的贵州省贵阳市高价值 POI 小红书证据核实任务，与前面问题无关。本题只核实一个标准实体：悦心上品影院酒店(清镇职教城时光贵州店)；业务类型为住宿酒店；行政区为清镇市；参考地址为贵州清镇青龙山街道云岭西路39号。请只依据近24个月来贵阳旅游的中国大陆游客发布的小红书真实到访笔记和实拍内容；证据不足时可放宽到36个月并明确说明，不足勿凑数，不设最低数量。只接受标题或正文能够直接指向该实体的帖子；同品牌不同分店必须依靠完整分店名、地址、商圈或附近地标区分，无法确认具体分店时写未确认，不得把品牌其他分店或同名地点的帖子归入本实体。只核实地图可定位、具有固定运营地址或稳定边界的这个实体，不要扩展推荐其他同类地点。第一行原样保留点点 AI 页面显示的“搜索并总结N人真实经验”“搜索并总结N篇笔记生成”或“ai总结N篇笔记生成”证据标记；第二行原样写“核实范围：清镇市”。若存在可核实来源，只输出该实体一行，严格使用：POI名称｜外文/地图名｜POI业务类型｜POI细分类型｜行政区｜地理位置描述｜游客需求场景｜证据强度。POI名称必须对应“悦心上品影院酒店(清镇职教城时光贵州店)”，POI业务类型必须写“住宿酒店”。没有来源依据的字段写未确认；不得凭名称、常识或地图资料补写小红书体验，不得用点赞量代表独立笔记数或热度。如果没有任何可打开且正文直接提及该实体的小红书来源，请明确写“未发现可核实小红书来源”，不要生成实体行。最后单独列出疑似关闭、搬迁、改名、同名或分店混淆风险；没有可靠来源则写未确认。,1,graphId=hotel_ctrip_106418444；score=71.32；existingEvidence=0；target=补齐首条直接体验证据,现行图谱高价值POI分层补采
GYTRAVEL-HV-20260916-0213,P1,住宿酒店-标准POI精确证据核实,清镇市,核实标准实体“桔子酒店(贵阳清镇君悦国际店)”近24个月小红书直接体验来源，并严格区分同名和分店,这是独立的贵州省贵阳市高价值 POI 小红书证据核实任务，与前面问题无关。本题只核实一个标准实体：桔子酒店(贵阳清镇君悦国际店)；业务类型为住宿酒店；行政区为清镇市；参考地址为贵州清镇云岭东路君悦国际2栋。请只依据近24个月来贵阳旅游的中国大陆游客发布的小红书真实到访笔记和实拍内容；证据不足时可放宽到36个月并明确说明，不足勿凑数，不设最低数量。只接受标题或正文能够直接指向该实体的帖子；同品牌不同分店必须依靠完整分店名、地址、商圈或附近地标区分，无法确认具体分店时写未确认，不得把品牌其他分店或同名地点的帖子归入本实体。只核实地图可定位、具有固定运营地址或稳定边界的这个实体，不要扩展推荐其他同类地点。第一行原样保留点点 AI 页面显示的“搜索并总结N人真实经验”“搜索并总结N篇笔记生成”或“ai总结N篇笔记生成”证据标记；第二行原样写“核实范围：清镇市”。若存在可核实来源，只输出该实体一行，严格使用：POI名称｜外文/地图名｜POI业务类型｜POI细分类型｜行政区｜地理位置描述｜游客需求场景｜证据强度。POI名称必须对应“桔子酒店(贵阳清镇君悦国际店)”，POI业务类型必须写“住宿酒店”。没有来源依据的字段写未确认；不得凭名称、常识或地图资料补写小红书体验，不得用点赞量代表独立笔记数或热度。如果没有任何可打开且正文直接提及该实体的小红书来源，请明确写“未发现可核实小红书来源”，不要生成实体行。最后单独列出疑似关闭、搬迁、改名、同名或分店混淆风险；没有可靠来源则写未确认。,1,graphId=hotel_ctrip_103982872；score=70.06；existingEvidence=1；target=将独立直接体验证据补到至少3篇,现行图谱高价值POI分层补采
GYTRAVEL-HV-20260916-0214,P1,住宿酒店-标准POI精确证据核实,清镇市,核实标准实体“维也纳国际酒店(贵阳清镇高原明珠君悦国际店)”近24个月小红书直接体验来源，并严格区分同名和分店,这是独立的贵州省贵阳市高价值 POI 小红书证据核实任务，与前面问题无关。本题只核实一个标准实体：维也纳国际酒店(贵阳清镇高原明珠君悦国际店)；业务类型为住宿酒店；行政区为清镇市；参考地址为贵州清镇云岭东路高原明珠 (二期) 项目3栋27层1-10号。请只依据近24个月来贵阳旅游的中国大陆游客发布的小红书真实到访笔记和实拍内容；证据不足时可放宽到36个月并明确说明，不足勿凑数，不设最低数量。只接受标题或正文能够直接指向该实体的帖子；同品牌不同分店必须依靠完整分店名、地址、商圈或附近地标区分，无法确认具体分店时写未确认，不得把品牌其他分店或同名地点的帖子归入本实体。只核实地图可定位、具有固定运营地址或稳定边界的这个实体，不要扩展推荐其他同类地点。第一行原样保留点点 AI 页面显示的“搜索并总结N人真实经验”“搜索并总结N篇笔记生成”或“ai总结N篇笔记生成”证据标记；第二行原样写“核实范围：清镇市”。若存在可核实来源，只输出该实体一行，严格使用：POI名称｜外文/地图名｜POI业务类型｜POI细分类型｜行政区｜地理位置描述｜游客需求场景｜证据强度。POI名称必须对应“维也纳国际酒店(贵阳清镇高原明珠君悦国际店)”，POI业务类型必须写“住宿酒店”。没有来源依据的字段写未确认；不得凭名称、常识或地图资料补写小红书体验，不得用点赞量代表独立笔记数或热度。如果没有任何可打开且正文直接提及该实体的小红书来源，请明确写“未发现可核实小红书来源”，不要生成实体行。最后单独列出疑似关闭、搬迁、改名、同名或分店混淆风险；没有可靠来源则写未确认。,1,graphId=hotel_ctrip_40270532；score=69.96；existingEvidence=0；target=补齐首条直接体验证据,现行图谱高价值POI分层补采
GYTRAVEL-HV-20260916-0215,P1,住宿酒店-标准POI精确证据核实,清镇市,核实标准实体“悦橙泛娱酒店(清镇君悦国际店)”近24个月小红书直接体验来源，并严格区分同名和分店,这是独立的贵州省贵阳市高价值 POI 小红书证据核实任务，与前面问题无关。本题只核实一个标准实体：悦橙泛娱酒店(清镇君悦国际店)；业务类型为住宿酒店；行政区为清镇市；参考地址为贵州清镇云岭东路君悦国际2栋1楼。请只依据近24个月来贵阳旅游的中国大陆游客发布的小红书真实到访笔记和实拍内容；证据不足时可放宽到36个月并明确说明，不足勿凑数，不设最低数量。只接受标题或正文能够直接指向该实体的帖子；同品牌不同分店必须依靠完整分店名、地址、商圈或附近地标区分，无法确认具体分店时写未确认，不得把品牌其他分店或同名地点的帖子归入本实体。只核实地图可定位、具有固定运营地址或稳定边界的这个实体，不要扩展推荐其他同类地点。第一行原样保留点点 AI 页面显示的“搜索并总结N人真实经验”“搜索并总结N篇笔记生成”或“ai总结N篇笔记生成”证据标记；第二行原样写“核实范围：清镇市”。若存在可核实来源，只输出该实体一行，严格使用：POI名称｜外文/地图名｜POI业务类型｜POI细分类型｜行政区｜地理位置描述｜游客需求场景｜证据强度。POI名称必须对应“悦橙泛娱酒店(清镇君悦国际店)”，POI业务类型必须写“住宿酒店”。没有来源依据的字段写未确认；不得凭名称、常识或地图资料补写小红书体验，不得用点赞量代表独立笔记数或热度。如果没有任何可打开且正文直接提及该实体的小红书来源，请明确写“未发现可核实小红书来源”，不要生成实体行。最后单独列出疑似关闭、搬迁、改名、同名或分店混淆风险；没有可靠来源则写未确认。,1,graphId=hotel_ctrip_122740382；score=68.96；existingEvidence=0；target=补齐首条直接体验证据,现行图谱高价值POI分层补采
GYTRAVEL-HV-20260916-0216,P1,住宿酒店-标准POI精确证据核实,清镇市,核实标准实体“贵州雅天大酒店”近24个月小红书直接体验来源，并严格区分同名和分店,这是独立的贵州省贵阳市高价值 POI 小红书证据核实任务，与前面问题无关。本题只核实一个标准实体：贵州雅天大酒店；业务类型为住宿酒店；行政区为清镇市；参考地址为贵州清镇云岭东路1号。请只依据近24个月来贵阳旅游的中国大陆游客发布的小红书真实到访笔记和实拍内容；证据不足时可放宽到36个月并明确说明，不足勿凑数，不设最低数量。只接受标题或正文能够直接指向该实体的帖子；同品牌不同分店必须依靠完整分店名、地址、商圈或附近地标区分，无法确认具体分店时写未确认，不得把品牌其他分店或同名地点的帖子归入本实体。只核实地图可定位、具有固定运营地址或稳定边界的这个实体，不要扩展推荐其他同类地点。第一行原样保留点点 AI 页面显示的“搜索并总结N人真实经验”“搜索并总结N篇笔记生成”或“ai总结N篇笔记生成”证据标记；第二行原样写“核实范围：清镇市”。若存在可核实来源，只输出该实体一行，严格使用：POI名称｜外文/地图名｜POI业务类型｜POI细分类型｜行政区｜地理位置描述｜游客需求场景｜证据强度。POI名称必须对应“贵州雅天大酒店”，POI业务类型必须写“住宿酒店”。没有来源依据的字段写未确认；不得凭名称、常识或地图资料补写小红书体验，不得用点赞量代表独立笔记数或热度。如果没有任何可打开且正文直接提及该实体的小红书来源，请明确写“未发现可核实小红书来源”，不要生成实体行。最后单独列出疑似关闭、搬迁、改名、同名或分店混淆风险；没有可靠来源则写未确认。,1,graphId=hotel_ctrip_2703357；score=68.69；existingEvidence=0；target=补齐首条直接体验证据,现行图谱高价值POI分层补采
