Google地点ID,业务类别,地点名称,泰文名称,Google主要类型,主要类别,评分,评价数量,完整地址,纬度,经度,县区中文名,乡分区中文名,每周营业时间,电话,官方网站,设施与服务标签,编辑简介,Google地图链接
ChIJPzZsMU6Z4jARQUzvk913bCo,景点,大皇宫,พระบรมมหาราชวัง,castle,城堡,4.6,79769,"Phra Borom Maha Ratchawang, Phra Nakhon, Bangkok 10200",13.749856,100.491576,拍那空县,大皇宫区,星期一: 08:30–15:30 | 星期二: 08:30–15:30 | 星期三: 08:30–15:30 | 星期四: 08:30–15:30 | 星期五: 08:30–15:30 | 星期六: 08:30–15:30 | 星期日: 08:30–15:30,,https://www.royalgrandpalace.th/th/home,适合儿童|无障碍入口|无障碍停车|无障碍洗手间|无障碍座位,这个建于 1782 年的华丽皇宫现是向游客开放的博物馆。,https://maps.google.com/?cid=3056950040631135297&g_mp=CiVnb29nbGUubWFwcy5wbGFjZXMudjEuUGxhY2VzLkdldFBsYWNlEAIYBCAA
ChIJXV_mMACZ4jAR5zeAnZdSdgE,景点,河濱夜市,เอเชียทีค เดอะ ริเวอร์ฟร้อนท์,,旅游胜地,4.5,75453,"2194 ถ. เจริญกรุง Wat Phraya Krai, Bang Kho Laem, Bangkok 10120泰国",13.705176,100.502485,曼柯廉县,Wat Phraya Krai,,,,,,https://www.google.com/maps/place/%E6%B2%B3%E6%BF%B1%E5%A4%9C%E5%B8%82/data=!4m7!3m6!1s0x30e2990030e65f5d:0x17652979d8037e7!8m2!3d13.705176!4d100.502485!16s%2Fg%2F11mm6m3kc9!19sChIJXV_mMACZ4jAR5zeAnZdSdgE?authuser=0&hl=zh-CN&g_ep=EgoyMDI2MDgyNS4wIJJjKgBIAVAD&rclk=1
ChIJtepc75aY4jARVvgRfYrM38s,景点,码头夜市,เอเชียทีค เดอะ ริเวอร์ฟร้อนท์,,夜市,4.4,75453,"2194 ถ. เจริญกรุง Wat Phraya Krai, Bang Kho Laem, Bangkok 10120泰国",13.704419,100.503267,曼柯廉县,Wat Phraya Krai,星期一 11:00-00:00 | 星期二 11:00-00:00 | 星期三 11:00-00:00 | 星期四 11:00-00:00 | 星期五 11:00-00:00 | 星期六 11:00-00:00 | 星期日 11:00-00:00,+66 92 246 0812,https://asiatiquethailand.com,,,https://www.google.com/maps/place/%E7%A0%81%E5%A4%B4%E5%A4%9C%E5%B8%82/data=!4m7!3m6!1s0x30e29896ef5ceab5:0xcbdfcc8a7d11f856!8m2!3d13.7044191!4d100.5032671!16s%2Fm%2F0vb404w!19sChIJtepc75aY4jARVvgRfYrM38s?authuser=0&hl=zh-CN&g_ep=EgoyMDI2MDgyNS4wIJJjKgBIAVAD&rclk=1
ChIJ3fiD6BSc4jARS324hNeR8ZE,景点,扎度扎周末市场,ตลาดนัดจตุจักร,,传统市场,4.4,56313,"587, 10 Kamphaeng Phet 2 Rd, Khwaeng Chatuchak, Chatuchak, Bangkok 10900泰国",13.799781,100.550425,乍都节县,Chatuchak,,+66 2 272 4270,https://facebook.com,,,https://www.google.com/maps/place/%E6%89%8E%E5%BA%A6%E6%89%8E%E5%91%A8%E6%9C%AB%E5%B8%82%E5%9C%BA/data=!4m7!3m6!1s0x30e29c14e883f8dd:0x91f191d784b87d4b!8m2!3d13.799781!4d100.5504245!16zL20vMDE1Zzh5!19sChIJ3fiD6BSc4jARS324hNeR8ZE?authuser=0&hl=zh-CN&g_ep=EgoyMDI2MDgyNS4wIJJjKgBIAVAD&rclk=1
ChIJc50ygA1jHTERbHsyFbmUFV0,景点,Safari World,ซาฟารีเวิลด์,,动物园,4.4,49417,"99 Panya Indra Rd, Sam Wa Tawan Tok, Khlong Sam Wa, Bangkok 10510泰国",13.866109,100.705252,空三华县,Sam Wa Tawan Tok,星期一 休息 | 星期二 09:00-16:30 | 星期三 09:00-16:30 | 星期四 09:00-16:30 | 星期五 09:00-16:30 | 星期六 09:00-17:00 | 星期日 09:00-17:00,+66 2 518 1000,https://safariworld.online,,,https://www.google.com/maps/place/Safari+World/data=!4m7!3m6!1s0x311d630d80329d73:0x5d1594b915327b6c!8m2!3d13.8661089!4d100.7052516!16s%2Fm%2F047sllp!19sChIJc50ygA1jHTERbHsyFbmUFV0?authuser=0&hl=zh-CN&g_ep=EgoyMDI2MDgyNS4wIJJjKgBIAVAD&rclk=1
ChIJaSv_6gaZ4jARnbiUVn6Z_YY,景点,郑王庙,วัดอรุณราชวรารามราชวรมหาวิหาร,buddhist_temple,佛教寺庙,4.7,45132,"158 Thanon Wang Doem, Wat Arun, Bangkok Yai, Bangkok 10600泰国",13.743865,100.488444,曼谷艾县,Wat Arun,星期一 08:00-18:00 | 星期二 08:00-18:00 | 星期三 08:00-18:00 | 星期四 08:00-18:00 | 星期五 08:00-18:00 | 星期六 08:00-18:00 | 星期日 08:00-18:00,+66 2 891 2185,https://facebook.com,有洗手间|无障碍入口|无障碍洗手间,水边的巨大佛寺，有铺设华丽瓷砖的标志性中央尖顶。,https://www.google.com/maps/place/%E9%83%91%E7%8E%8B%E5%BA%99/data=!4m7!3m6!1s0x30e29906eaff2b69:0x86fd997e5694b89d!8m2!3d13.7438652!4d100.488444!16zL20vMDVzNjl0!19sChIJaSv_6gaZ4jARnbiUVn6Z_YY?authuser=0&hl=zh-CN&g_ep=EgoyMDI2MDgyNS4wIJJjKgBIAVAD&rclk=1
ChIJ5Wl37g6Z4jARiP4itarBPDQ,景点,玉佛寺,วัดพระศรีรัตนศาสดาราม,buddhist_temple,佛教寺庙,4.7,43722,"Na Phra Lan Rd, Khwaeng Phra Borom Maha Ratchawang, Khet Phra Nakhon, Krung Thep Maha Nakhon 10200",13.751644,100.492704,拍那空县,大皇宫区,星期一: 08:30–15:30 | 星期二: 08:30–15:30 | 星期三: 08:30–15:30 | 星期四: 08:30–15:30 | 星期五: 08:30–15:30 | 星期六: 08:30–15:30 | 星期日: 08:30–15:30,,https://www.royalgrandpalace.th/th/home,有洗手间|无障碍停车|无障碍洗手间,这座神圣的寺庙位于大皇宫内，以其供奉的玉佛而闻名。,https://maps.google.com/?cid=3764096327502462600&g_mp=CiVnb29nbGUubWFwcy5wbGFjZXMudjEuUGxhY2VzLkdldFBsYWNlEAIYBCAA
ChIJG7BL7Saf4jARNmn5AQiyAaw,景点,伦披尼公园,สวนลุมพินี,,城市公园,4.5,40864,"Lumphini, Pathum Wan, Bangkok 10330泰国",13.731428,100.541698,巴吞旺县,Lumphini,星期一 04:30-22:00 | 星期二 04:30-22:00 | 星期三 04:30-22:00 | 星期四 04:30-22:00 | 星期五 04:30-22:00 | 星期六 04:30-22:00 | 星期日 04:30-22:00,+66 2 252 7006,,,,https://www.google.com/maps/place/%E4%BC%A6%E6%8A%AB%E5%B0%BC%E5%85%AC%E5%9B%AD/data=!4m7!3m6!1s0x30e29f26ed4bb01b:0xac01b20801f96936!8m2!3d13.7314281!4d100.5416984!16zL20vMDlyeGN6!19sChIJG7BL7Saf4jARNmn5AQiyAaw?authuser=0&hl=zh-CN&g_ep=EgoyMDI2MDgyNS4wIJJjKgBIAVAD&rclk=1
ChIJgcxFcQWZ4jARLsIR9Qia9H0,景点,卧佛寺,วัดพระเชตุพนวิมลมังคลาราม ราชวรมหาวิหาร,buddhist_temple,佛教寺庙,4.7,38035,"2 Thanon Sanam Chai, Khwaeng Phra Borom Maha Ratchawang, Khet Phra Nakhon, Krung Thep Maha Nakhon 10200",13.746424,100.492773,拍那空县,大皇宫区,星期一: 08:00–19:30 | 星期二: 08:00–19:30 | 星期三: 08:00–19:30 | 星期四: 08:00–19:30 | 星期五: 08:00–19:30 | 星期六: 08:00–19:30 | 星期日: 08:00–19:30,+66 83 057 7100,https://www.watpho.com/th/home#Page1,有洗手间|无障碍入口|无障碍停车|无障碍洗手间,大型地标寺庙，环境清幽，内有巨型卧佛、历史悠久的艺术品和雕像。,https://maps.google.com/?cid=9076048512320389678&g_mp=CiVnb29nbGUubWFwcy5wbGFjZXMudjEuUGxhY2VzLkdldFBsYWNlEAIYBCAA
ChIJrdfOcJOZ4jAR1Grh5w74V1g,景点,唐人街 (耀华力路),ไชน่าทาวน์ (เยาวราช),tourist_attraction,旅游胜地,4.5,34368,"Yaowarat Rd, Khwaeng Chakkrawat, Khet Samphanthawong, Krung Thep Maha Nakhon 10100",13.740862,100.508677,三攀他旺县,差甲瓦區,星期一: 24小时营业 | 星期二: 24小时营业 | 星期三: 24小时营业 | 星期四: 24小时营业 | 星期五: 24小时营业 | 星期六: 24小时营业 | 星期日: 24小时营业,,https://expresstickets.shop/bangkok-tour/,适合儿童|有洗手间|无障碍洗手间,,https://maps.google.com/?cid=6365829341215025876&g_mp=CiVnb29nbGUubWFwcy5wbGFjZXMudjEuUGxhY2VzLkdldFBsYWNlEAIYBCAA
ChIJH4I85c2e4jARUMYLeiqfBd0,景点,SEA LIFE Bangkok Ocean World,ซีไลฟ์ แบงคอก โอเชียน เวิลด์,aquarium,水族馆,4.5,30599,"ชั้น บี1 บี2 สยามพารากอน 991 Rama I Rd, Pathum Wan, Bangkok 10330泰国",13.745935,100.535206,巴吞旺县,Pathum Wan,星期一 10:00-20:00 | 星期二 10:00-20:00 | 星期三 10:00-20:00 | 星期四 10:00-20:00 | 星期五 10:00-20:00 | 星期六 10:00-20:00 | 星期日 10:00-20:00,+66 2 842 2000,https://visitsealife.com,适合儿童|无障碍入口|无障碍停车|无障碍座位,大型水族馆，提供数百种海洋生物展览、4D 电影和水下体验。,https://www.google.com/maps/place/SEA+LIFE+Bangkok+Ocean+World/data=!4m7!3m6!1s0x30e29ecde53c821f:0xdd059f2a7a0bc650!8m2!3d13.7459351!4d100.5352057!16s%2Fm%2F0c3ympw!19sChIJH4I85c2e4jARUMYLeiqfBd0?authuser=0&hl=zh-CN&g_ep=EgoyMDI2MDgyNS4wIJJjKgBIAVAD&rclk=1
ChIJGzV2mdKY4jARdIb62T7BoE4,景点,王权大京都大厦,คิง เพาเวอร์ มหานคร,tourist_attraction,旅游胜地,4.7,29905,"114 Naradhiwas Rajanagarindra Rd, Si Lom, Bang Rak, Bangkok 10500泰国",13.724011,100.528477,挽叻县,是隆,星期一: 10:00–00:00 | 星期二: 10:00–00:00 | 星期三: 10:00–00:00 | 星期四: 10:00–00:00 | 星期五: 10:00–00:00 | 星期六: 10:00–00:00 | 星期日: 10:00–00:00,+66 2 677 8721,https://kingpowermahanakhon.co.th,适合儿童|适合团体|有洗手间|无障碍入口|无障碍停车|无障碍洗手间|无障碍座位,内有酒店客房及零售店的 78 层玻璃镜面大厦，拥有位于 1030 英尺高空的观景台。,https://www.google.com/maps/place/%E7%8E%8B%E6%9D%83%E5%A4%A7%E4%BA%AC%E9%83%BD%E5%A4%A7%E5%8E%A6/data=!4m7!3m6!1s0x30e298d29976351b:0x4ea0c13ed9fa8674!8m2!3d13.7240107!4d100.5284771!16s%2Fg%2F11gxgx3503!19sChIJGzV2mdKY4jARdIb62T7BoE4?authuser=0&hl=zh-CN&g_ep=EgoyMDI2MDgyNS4wIJJjKgBIAVAD&rclk=1
ChIJ-WOptA2Z4jARRFoeZFcz_Gk,景点,皇家田广场,ท้องสนามหลวง,state_park,州立公园,4.6,27227,"QF4V+88R, Thanon Ratchadamnoen Klang, Khwaeng Phra Borom Maha Ratchawang, Khet Phra Nakhon, Krung Thep Maha Nakhon 10200",13.755869,100.49328,拍那空县,大皇宫区,星期一: 08:30–15:30 | 星期二: 08:30–15:30 | 星期三: 08:30–15:30 | 星期四: 08:30–15:30 | 星期五: 08:30–15:30 | 星期六: 08:30–15:30 | 星期日: 08:30–15:30,,,适合儿童|无障碍入口|无障碍停车,绿草如茵的标志性城市公园，有时用作社区和皇家活动的举办场所。,https://maps.google.com/?cid=7637035518548400708&g_mp=Cilnb29nbGUubWFwcy5wbGFjZXMudjEuUGxhY2VzLlNlYXJjaE5lYXJieRACGAQgAA
ChIJWaoiBdmY4jAReVIX1maq_-I,景点,金佛寺,วัดไตรมิตรวิทยารามวรวิหาร,buddhist_temple,佛教寺庙,4.6,22417,"661 ถ. เจริญกรุง Khwaeng Talat Noi, Khet Samphanthawong, Krung Thep Maha Nakhon 10100",13.737707,100.513454,三攀他旺县,噠叻仔區,星期一: 08:00–17:00 | 星期二: 08:00–17:00 | 星期三: 08:00–17:00 | 星期四: 08:00–17:00 | 星期五: 08:00–17:00 | 星期六: 08:00–17:00 | 星期日: 08:00–17:00,+66 89 002 2700,https://www.facebook.com/WatTrimitrWithayaramWorawihan?mibextid=ZbWKwL,有洗手间|无障碍入口|无障碍停车|无障碍洗手间,历史悠久的寺庙，拥有镀金外饰和巨大的金佛雕像，另设展览。,https://maps.google.com/?cid=16356979730288169593&g_mp=Cilnb29nbGUubWFwcy5wbGFjZXMudjEuUGxhY2VzLlNlYXJjaE5lYXJieRACGAQgAA
ChIJfWxvUM2e4jARCxWWp4sC0B4,景点,曼谷文化艺术中心,หอศิลปวัฒนธรรมแห่งกรุงเทพมหานคร,,艺术中心,4.6,20450,"939 Rama I Rd, Wang Mai, Pathum Wan, Bangkok 10330泰国",13.746734,100.530217,巴吞旺县,Wang Mai,星期一 休息 | 星期二 10:00-20:00 | 星期三 10:00-20:00 | 星期四 10:00-20:00 | 星期五 10:00-20:00 | 星期六 10:00-20:00 | 星期日 10:00-20:00,+66 2 214 6630,https://bacc.or.th,,,https://www.google.com/maps/place/%E6%9B%BC%E8%B0%B7%E6%96%87%E5%8C%96%E8%89%BA%E6%9C%AF%E4%B8%AD%E5%BF%83/data=!4m7!3m6!1s0x30e29ecd506f6c7d:0x1ed0028ba796150b!8m2!3d13.7467339!4d100.5302168!16s%2Fm%2F043rs1m!19sChIJfWxvUM2e4jARCxWWp4sC0B4?authuser=0&hl=zh-CN&g_ep=EgoyMDI2MDgyNS4wIJJjKgBIAVAD&rclk=1
ChIJJdaveyuf4jARV6YL9OLNNR8,景点,拍蓬街夜市,ตลาดนัดกลางคืนถนนพัฒน์พงษ์,,夜市,3.7,19912,"61, ซอย Thanon Phat Phong, Suriya Wong, Bang Rak, Bangkok 10500泰国",13.729249,100.531574,挽叻县,Suriyawong,星期一 18:00-01:00 | 星期二 18:00-01:00 | 星期三 18:00-01:00 | 星期四 18:00-01:00 | 星期五 18:00-01:00 | 星期六 18:00-01:00 | 星期日 18:00-01:00,+66 91 778 7793,,,,https://www.google.com/maps/place/%E6%8B%8D%E8%93%AC%E8%A1%97%E5%A4%9C%E5%B8%82/data=!4m7!3m6!1s0x30e29f2b7bafd625:0x1f35cde2f40ba657!8m2!3d13.7292485!4d100.531574!16s%2Fg%2F12hrm8nl_!19sChIJJdaveyuf4jARV6YL9OLNNR8?authuser=0&hl=zh-CN&g_ep=EgoyMDI2MDgyNS4wIJJjKgBIAVAD&rclk=1
ChIJu1mpMZRgHTERRNTicTdIHxg,景点,Suan Luang Rama IX,สวนหลวง ร.9,,国家公园,4.7,19441,"Chaloem Phrakiat Ratchakan Thi 9 Rd, เเขวงหนองบอน Prawet, Bangkok 10250泰国",13.688319,100.664194,巴威县,Nong Bon,星期一 05:00-19:00 | 星期二 05:00-19:00 | 星期三 05:00-19:00 | 星期四 05:00-19:00 | 星期五 05:00-19:00 | 星期六 05:00-19:00 | 星期日 05:00-19:00,+66 2 106 2674,https://suanluangrama9.or.th,,,https://www.google.com/maps/place/Suan+Luang+Rama+IX/data=!4m7!3m6!1s0x311d609431a959bb:0x181f483771e2d444!8m2!3d13.688319!4d100.6641942!16s%2Fg%2F120ylh4_!19sChIJu1mpMZRgHTERRNTicTdIHxg?authuser=0&hl=zh-CN&g_ep=EgoyMDI2MDgyNS4wIJJjKgBIAVAD&rclk=1
ChIJDYDMLHBgHTERm8DRBile97w,景点,Train Night Market Srinagarindra,ตลาดนัดรถไฟศรีนครินทร์,,夜市,4.4,18314,"1, 4 Srinagarindra Rd, Nong Bon, Prawet, Bangkok 10250泰国",13.693892,100.65118,巴威县,Nong Bon,星期一 休息 | 星期二 休息 | 星期三 休息 | 星期四 17:00-01:00 | 星期五 17:00-01:00 | 星期六 17:00-01:00 | 星期日 17:00-01:00,+66 81 827 5885,https://facebook.com,,,https://www.google.com/maps/place/Train+Night+Market+Srinagarindra/data=!4m7!3m6!1s0x311d60702ccc800d:0xbcf75e2906d1c09b!8m2!3d13.6938923!4d100.6511801!16s%2Fg%2F1pp2txn70!19sChIJDYDMLHBgHTERm8DRBile97w?authuser=0&hl=zh-CN&g_ep=EgoyMDI2MDgyNS4wIJJjKgBIAVAD&rclk=1
ChIJZ-IlRCKZ4jARzgWVA3vA_0k,景点,Wat Mangkon Kamalawat (Wat Leng Noei Yi),วัดมังกรกมลาวาส (วัดเล่งเน่ยยี่),buddhist_temple,佛教寺庙,4.6,17571,"423 ถ. เจริญกรุง Khwaeng Pom Prap, Khet Pom Prap Sattru Phai, Krung Thep Maha Nakhon 10100",13.743029,100.50916,邦巴沙都拍县,Pom Prap,星期一: 08:00–16:30 | 星期二: 08:00–16:30 | 星期三: 08:00–16:30 | 星期四: 08:00–16:30 | 星期五: 08:00–16:30 | 星期六: 08:00–17:30 | 星期日: 08:00–17:30,+66 2 222 3975,https://www.facebook.com/Wat.Mangkonkamalawat.Temple/,有洗手间|无障碍入口|无障碍洗手间,中式佛教寺庙，设有众多庭院和通道，以新年节庆而闻名。,https://maps.google.com/?cid=5332192118403565006&g_mp=CiVnb29nbGUubWFwcy5wbGFjZXMudjEuUGxhY2VzLkdldFBsYWNlEAIYBCAA
ChIJWVT7hDKZ4jARGJOhe21RhOk,景点,吉姆 · 汤普森博物馆,พิพิธภัณฑ์จิม ทอมป์สัน,museum,文化博物馆,4.5,17433,"6 Kasem San 2 Alley, Wang Mai, Pathum Wan, Bangkok 10330泰国",13.749357,100.528161,巴吞旺县,Wang Mai,星期一 10:00-17:00 | 星期二 10:00-17:00 | 星期三 10:00-17:00 | 星期四 10:00-17:00 | 星期五 10:00-17:00 | 星期六 10:00-17:00 | 星期日 10:00-17:00,+66 2 216 7368,https://jimthompsonhouse.org,适合儿童|有洗手间|无障碍入口|无障碍停车|无障碍洗手间,美国企业家 Jim Thompson 兴建的泰式柚木屋，提供多种语言的导览服务。,https://www.google.com/maps/place/%E5%90%89%E5%A7%86+%C2%B7+%E6%B1%A4%E6%99%AE%E6%A3%AE%E5%8D%9A%E7%89%A9%E9%A6%86/data=!4m7!3m6!1s0x30e2993284fb5459:0xe984516d7ba19318!8m2!3d13.7493569!4d100.5281613!16s%2Fm%2F03hlbr1!19sChIJWVT7hDKZ4jARGJOhe21RhOk?authuser=0&hl=zh-CN&g_ep=EgoyMDI2MDgyNS4wIJJjKgBIAVAD&rclk=1
ChIJrc78zJBjHTERdLG8EciM5Qs,景点,暹罗水世界,ซีไลฟ์ แบงคอก โอเชียน เวิลด์,,游乐场,4.2,17348,"203 Suan Sayam Rd, Khan Na Yao, Bangkok 10230泰国",13.806291,100.692527,汉那尧县,Khan Na Yao,星期一 10:00-18:00 | 星期二 10:00-18:00 | 星期三 10:00-18:00 | 星期四 10:00-18:00 | 星期五 10:00-18:00 | 星期六 10:00-18:00 | 星期日 10:00-18:00,+66 2 105 4294,https://siamamazingpark.com,,,https://www.google.com/maps/place/%E6%9A%B9%E7%BD%97%E6%B0%B4%E4%B8%96%E7%95%8C/data=!4m7!3m6!1s0x311d6390ccfccead:0xbe58cc811bcb174!8m2!3d13.8062906!4d100.692527!16s%2Fm%2F03nr91r!19sChIJrc78zJBjHTERdLG8EciM5Qs?authuser=0&hl=zh-CN&g_ep=EgoyMDI2MDgyNS4wIJJjKgBIAVAD&rclk=1
ChIJk31AdLKf4jARXwt8iVGkqwI,景点,Jodd Fairs Ratchada,จ๊อดแฟร์ รัชดา,,夜市,4.2,16801,"129 Ratchadaphisek Rd, Din Daeng, Bangkok 10400泰国",13.76792,100.571198,汇权县,Din Daeng,星期一 17:00-01:00 | 星期二 17:00-01:00 | 星期三 17:00-01:00 | 星期四 17:00-01:00 | 星期五 17:00-01:00 | 星期六 17:00-01:00 | 星期日 17:00-01:00,+66 92 713 5599,https://facebook.com,,,https://www.google.com/maps/place/Jodd+Fairs+Ratchada/data=!4m7!3m6!1s0x30e29fb274407d93:0x2aba451897c0b5f!8m2!3d13.76792!4d100.5711979!16s%2Fg%2F11s0cx585k!19sChIJk31AdLKf4jARXwt8iVGkqwI?authuser=0&hl=zh-CN&g_ep=EgoyMDI2MDgyNS4wIJJjKgBIAVAD&rclk=1
ChIJgV6P8rCe4jARDeGu63VNWdQ,景点,胜利纪念碑,อนุสาวรีย์ชัยสมรภูมิ,monument,纪念碑,4.4,14757,"QG7Q+X87, Phahonyothin Rd, Thanon Phaya Thai, Ratchathewi, Bangkok 10400泰国",13.764911,100.538285,拉差贴威县,Thung Phaya Thai,,+66 85 590 2146,,适合儿童,这座高耸的方尖碑设有军人雕像，为纪念泰国在法泰战争中的胜利而兴建。,https://www.google.com/maps/place/%E8%83%9C%E5%88%A9%E7%BA%AA%E5%BF%B5%E7%A2%91/data=!4m7!3m6!1s0x30e29eb0f28f5e81:0xd4594d75ebaee10d!8m2!3d13.7649109!4d100.5382853!16zL20vMDk3Zngx!19sChIJgV6P8rCe4jARDeGu63VNWdQ?authuser=0&hl=zh-CN&g_ep=EgoyMDI2MDgyNS4wIJJjKgBIAVAD&rclk=1
ChIJzddV98ed4jARsZ7Bi-51v2k,景点,Khlong Lad Mayom Floating Market,ตลาดน้ำคลองลัดมะยม,,水上市场,4.3,11689,"30/1 หมู่ที่ 15 Bang Ramat Rd, Bang Ramat, Taling Chan, Bangkok 10170泰国",13.761665,100.415789,打邻仓县,Bang Ramat,星期一 休息 | 星期二 休息 | 星期三 休息 | 星期四 休息 | 星期五 休息 | 星期六 08:00-17:00 | 星期日 08:00-17:00,+66 2 422 4270,https://facebook.com,,,https://www.google.com/maps/place/Khlong+Lad+Mayom+Floating+Market/data=!4m7!3m6!1s0x30e29dc7f755d7cd:0x69bf75ee8bc19eb1!8m2!3d13.7616655!4d100.4157885!16s%2Fg%2F11h7fz3vtp!19sChIJzddV98ed4jARsZ7Bi-51v2k?authuser=0&hl=zh-CN&g_ep=EgoyMDI2MDgyNS4wIJJjKgBIAVAD&rclk=1
ChIJS_XISm2Z4jARadeK2M9ds6c,景点,考山路夜市,ถนนข้าวสาร,tourist_attraction,旅游胜地,4.3,11611,"161, 163 Thanon Khao San, Khwaeng Talat Yot, Khet Phra Nakhon, Krung Thep Maha Nakhon 10200",13.758107,100.498978,拍那空县,哒叻裕区,星期一: 14:00–23:00 | 星期二: 14:00–23:00 | 星期三: 14:00–23:00 | 星期四: 14:00–23:00 | 星期五: 14:00–23:00 | 星期六: 14:00–23:00 | 星期日: 14:00–23:00,+66 95 847 0706,,有洗手间|配送|无障碍入口|无障碍洗手间,,https://maps.google.com/?cid=12084105372437763945&g_mp=Cilnb29nbGUubWFwcy5wbGFjZXMudjEuUGxhY2VzLlNlYXJjaE5lYXJieRACGAQgAA
ChIJmfMfvBuf4jAR9rugvZd5Lyc,景点,班嘉琦缇皇后公园,สวนสมเด็จพระนางเจ้าฯ,,国家公园,4.6,11204,"Ratchadaphisek Rd, Khlong Toei, Bangkok 10110泰国",13.729248,100.558565,孔提县,Khlong Toei,星期一 04:30-22:00 | 星期二 04:30-22:00 | 星期三 04:30-22:00 | 星期四 04:30-22:00 | 星期五 04:30-22:00 | 星期六 04:30-22:00 | 星期日 04:30-22:00,+66 64 556 6793,https://facebook.com,,,https://www.google.com/maps/place/%E7%8F%AD%E5%98%89%E7%90%A6%E7%BC%87%E7%9A%87%E5%90%8E%E5%85%AC%E5%9B%AD/data=!4m7!3m6!1s0x30e29f1bbc1ff399:0x272f7997bda0bbf6!8m2!3d13.7292483!4d100.5585653!16s%2Fg%2F121qyt78!19sChIJmfMfvBuf4jAR9rugvZd5Lyc?authuser=0&hl=zh-CN&g_ep=EgoyMDI2MDgyNS4wIJJjKgBIAVAD&rclk=1
ChIJg-IqNBGZ4jAR0dPx_MR-gTk,景点,Wat Suthat Thepwararam Ratchaworamahawihan,วัดสุทัศนเทพวรารามราชวรมหาวิหาร,buddhist_temple,佛教寺庙,4.8,10783,"146 Thanon Bamrung Mueang, Khwaeng Wat Ratchabophit, Khet Phra Nakhon, Krung Thep Maha Nakhon 10200",13.751045,100.501093,拍那空县,拉差博披寺区,星期一: 08:30–20:00 | 星期二: 08:30–20:00 | 星期三: 08:30–20:00 | 星期四: 08:30–20:00 | 星期五: 08:30–20:00 | 星期六: 08:30–20:00 | 星期日: 08:30–20:00,+66 63 654 6829,,有洗手间|无障碍入口|无障碍停车|无障碍洗手间,庄严华丽的 19 世纪佛教寺庙，以 20 米高的红色柚木巨型秋千和 8 米高青铜佛像而闻名。,https://maps.google.com/?cid=4143732516679963601&g_mp=CiVnb29nbGUubWFwcy5wbGFjZXMudjEuUGxhY2VzLkdldFBsYWNlEAIYBCAA
ChIJbXZLwgyZ4jARO_0Exd6l_lU,景点,曼谷国家博物馆,พิพิธภัณฑสถานแห่งชาติ พระนคร,museum,博物馆,4.7,9786,"4 Soi Na Phra That, Khwaeng Phra Borom Maha Ratchawang, Khet Phra Nakhon, Krung Thep Maha Nakhon 10200",13.757617,100.492517,拍那空县,大皇宫区,星期一: 休息 | 星期二: 休息 | 星期三: 08:30–16:00 | 星期四: 08:30–16:00 | 星期五: 08:30–16:00 | 星期六: 08:30–16:00 | 星期日: 08:30–16:00,+66 2 224 1370,http://www.virtualmuseum.finearts.go.th/bangkoknationalmuseums/index.php/th/,适合儿童|有洗手间|无障碍入口|无障碍停车|无障碍洗手间,这座博物馆建于 18 世纪，各个殿堂中陈列着数百年历史的暹罗珍宝、武器和皇家古董。,https://maps.google.com/?cid=6196572513515142459&g_mp=Cilnb29nbGUubWFwcy5wbGFjZXMudjEuUGxhY2VzLlNlYXJjaE5lYXJieRACGAQgAA
ChIJHQcCZM2e4jARaESgxhA9-HM,景点,Madame Tussauds BANGKOK,มาดามทุสโซ กรุงเทพฯ,museum,蜡像馆,4.5,9293,"Krung Thep Maha Nakhon, Pathum Wan, Krung Thep Maha Nakhon, Rama I Rd, 暹罗探索购物中心邮政编码: 10330",13.746418,100.531671,巴吞旺县,Pathum Wan,星期一: 10:00–19:00 | 星期二: 10:00–19:00 | 星期三: 10:00–19:00 | 星期四: 10:00–19:00 | 星期五: 10:00–19:00 | 星期六: 10:00–19:00 | 星期日: 10:00–19:00,+66 2 658 0060,https://www.madametussauds.com/bangkok/,适合儿童|有洗手间|无障碍入口|无障碍停车|无障碍洗手间,连锁博物馆分主题展区，展示美国名人及历史人物的真人尺寸蜡像。,https://maps.google.com/?cid=8356496250847118440&g_mp=Cilnb29nbGUubWFwcy5wbGFjZXMudjEuUGxhY2VzLlNlYXJjaE5lYXJieRACGAQgAA
ChIJTw-JsUKc4jAREpXc3JmuyAE,景点,瓦琦拉班哲塔公园,สวนวชิรพรรณเศรษฐ์,,国家公园,4.6,8676,"Kamphaeng Phet 3 Rd, แขวง ลาดยาว, Chatuchak, Bangkok 10900泰国",13.81107,100.553657,乍都节县,Chatuchak,,+66 2 537 9221,,,,https://www.google.com/maps/place/%E7%93%A6%E7%90%A6%E6%8B%89%E7%8F%AD%E5%93%B2%E5%A1%94%E5%85%AC%E5%9B%AD/data=!4m7!3m6!1s0x30e29c42b1890f4f:0x1c8ae99dcdc9512!8m2!3d13.81107!4d100.5536575!16s%2Fg%2F120vbw_y!19sChIJTw-JsUKc4jAREpXc3JmuyAE?authuser=0&hl=zh-CN&g_ep=EgoyMDI2MDgyNS4wIJJjKgBIAVAD&rclk=1
ChIJu2YM5gSZ4jARoL7Fey_yXy0,景点,暹罗博物馆,มิวเซียมสยาม,museum,博物馆,4.5,8304,"4 Thanon Sanam Chai, Khwaeng Phra Borom Maha Ratchawang, Khet Phra Nakhon, Krung Thep Maha Nakhon 10200",13.744147,100.494137,拍那空县,大皇宫区,星期一: 休息 | 星期二: 10:00–18:00 | 星期三: 10:00–18:00 | 星期四: 10:00–18:00 | 星期五: 10:00–18:00 | 星期六: 10:00–18:00 | 星期日: 10:00–18:00,+66 2 225 2777,https://museumsiam.org/,适合儿童|有洗手间|无障碍入口|无障碍停车|无障碍洗手间,这家博物馆位于 19 世纪的建筑内，提供操作体验型展品以及探索该国历史的项目。,https://maps.google.com/?cid=3269598140248211104&g_mp=CiVnb29nbGUubWFwcy5wbGFjZXMudjEuUGxhY2VzLkdldFBsYWNlEAIYBCAA
ChIJmaPD7i6Z4jARf0QKa2FrGhc,景点,The Reclining Buddha,พระวิหารพระพุทธไสยาส,buddhist_temple,佛教寺庙,4.8,8272,"2 Thanon Sanam Chai, Khwaeng Phra Borom Maha Ratchawang, Khet Phra Nakhon, Krung Thep Maha Nakhon 10200",13.746525,100.491661,拍那空县,大皇宫区,星期一: 08:30–19:30 | 星期二: 08:30–19:30 | 星期三: 08:30–19:30 | 星期四: 08:30–19:30 | 星期五: 08:30–19:30 | 星期六: 08:30–19:30 | 星期日: 08:30–19:30,+66 83 057 7100,http://www.watpho.com/en,有洗手间|无障碍入口|无障碍停车|无障碍洗手间,,https://maps.google.com/?cid=1664761078418654335&g_mp=CiVnb29nbGUubWFwcy5wbGFjZXMudjEuUGxhY2VzLkdldFBsYWNlEAIYBCAA
ChIJP-MtN12Z4jARlEBmga-oF4w,景点,金山寺,วัดสระเกศราชวรมหาวิหาร,buddhist_temple,佛教寺庙,4.7,8071,"344 Thanon Chakkraphatdi Phong, Khwaeng Ban Bat, Khet Pom Prap Sattru Phai, Krung Thep Maha Nakhon 10100",13.752769,100.506674,邦巴沙都拍县,班巴区,星期一: 07:00–19:00 | 星期二: 07:00–19:00 | 星期三: 07:00–19:00 | 星期四: 07:00–19:00 | 星期五: 07:00–19:00 | 星期六: 07:00–19:00 | 星期日: 07:00–19:00,,https://thai.tourismthailand.org/Attraction/%E0%B8%A7%E0%B8%B1%E0%B8%94%E0%B8%AA%E0%B8%A3%E0%B8%B0%E0%B9%80%E0%B8%81%E0%B8%A8-%E0%B8%A3%E0%B8%B2%E0%B8%8A%E0%B8%A7%E0%B8%A3%E0%B8%A1%E0%B8%AB%E0%B8%B2%E0%B8%A7%E0%B8%B4%E0%B8%AB%E0%B8%B2%E0%B8%A3-%E0%B8%A7%E0%B8%B1%E0%B8%94%E0%B8%A0%E0%B8%B9%E0%B9%80%E0%B8%82%E0%B8%B2%E0%B8%97%E0%B8%AD%E0%B8%87,有洗手间|无障碍入口|无障碍停车,这个大城时代 (1350-1767) 的佛教寺庙和朝圣地拥有广阔的城市景观。,https://maps.google.com/?cid=10094722561517961364&g_mp=CiVnb29nbGUubWFwcy5wbGFjZXMudjEuUGxhY2VzLkdldFBsYWNlEAIYBCAA
ChIJUz2Lksee4jARRfdBI1BIKOQ,景点,水门铂金夜市,ตลาดกลางคืนประตูน้ำแพลทินัม,,夜市,4.2,7681,"487 Phetchaburi Rd, Makkasan, Ratchathewi, Bangkok 10400泰国",13.750751,100.54132,拉差贴威县,Makkasan,星期一 16:00-01:00 | 星期二 16:00-01:00 | 星期三 16:00-01:00 | 星期四 16:00-01:00 | 星期五 16:00-01:00 | 星期六 16:00-01:00 | 星期日 16:00-01:00,,https://facebook.com,,,https://www.google.com/maps/place/%E6%B0%B4%E9%97%A8%E9%93%82%E9%87%91%E5%A4%9C%E5%B8%82/data=!4m7!3m6!1s0x30e29ec7928b3d53:0xe42848502341f745!8m2!3d13.7507508!4d100.5413195!16s%2Fg%2F11c2lt5v93!19sChIJUz2Lksee4jARRfdBI1BIKOQ?authuser=0&hl=zh-CN&g_ep=EgoyMDI2MDgyNS4wIJJjKgBIAVAD&rclk=1
ChIJQWwK59-Y4jARMzM5lcfA4eU,景点,廊1919文化创意园区,แกลเลอรี่ 1919 อุทยานวัฒนธรรมและความคิดสร้างสรรค์,,旅游胜地,4.2,7351,"248 Chiang Mai Rd, Khlong San, Bangkok 10600泰国",13.734361,100.507616,三攀他旺县,Khlong San,,,https://facebook.com,,,https://www.google.com/maps/place/%E5%BB%8A1919%E6%96%87%E5%8C%96%E5%88%9B%E6%84%8F%E5%9B%AD%E5%8C%BA/data=!4m7!3m6!1s0x30e298dfe70a6c41:0xe5e1c0c795393333!8m2!3d13.7343611!4d100.5076162!16s%2Fg%2F11f0213shh!19sChIJQWwK59-Y4jARMzM5lcfA4eU?authuser=0&hl=zh-CN&g_ep=EgoyMDI2MDgyNS4wIJJjKgBIAVAD&rclk=1
ChIJt9HTSwKf4jARsDoLPbMAAQ8,景点,班嘉诗丽皇后公园,สวนสมเด็จพระนางเจ้าสิริกิติ์,,城市公园,4.5,6768,"Sukhumvit Rd, Khlong Tan, Khlong Toei, Bangkok 10110泰国",13.730678,100.567501,宛他那县,Khlong Tan,星期一 04:30-22:00 | 星期二 04:30-22:00 | 星期三 04:30-22:00 | 星期四 04:30-22:00 | 星期五 04:30-22:00 | 星期六 04:30-22:00 | 星期日 04:30-22:00,+66 2 262 0810,,,,https://www.google.com/maps/place/%E7%8F%AD%E5%98%89%E8%AF%97%E4%B8%BD%E7%9A%87%E5%90%8E%E5%85%AC%E5%9B%AD/data=!4m7!3m6!1s0x30e29f024bd3d1b7:0xf0100b33d0b3ab0!8m2!3d13.7306775!4d100.5675008!16s%2Fm%2F04ydz7_!19sChIJt9HTSwKf4jARsDoLPbMAAQ8?authuser=0&hl=zh-CN&g_ep=EgoyMDI2MDgyNS4wIJJjKgBIAVAD&rclk=1
ChIJR5NzOMOc4jAR-zcXjSL3h84,景点,曼谷当代艺术馆,พิพิธภัณฑ์ศิลปะไทยร่วมสมัย,,美术馆,4.7,6679,"499 Kamphaeng Phet 6 Rd, Lat Yao, Chatuchak, Bangkok 10900泰国",13.85232,100.563009,乍都节县,Lat Yao,星期一 休息 | 星期二 10:00-18:00 | 星期三 10:00-18:00 | 星期四 10:00-18:00 | 星期五 10:00-18:00 | 星期六 10:00-18:00 | 星期日 10:00-18:00,+66 2 016 5666,https://mocabangkok.com,,,https://www.google.com/maps/place/%E6%9B%BC%E8%B0%B7%E5%BD%93%E4%BB%A3%E8%89%BA%E6%9C%AF%E9%A6%86/data=!4m7!3m6!1s0x30e29cc338739347:0xce87f7228d1737fb!8m2!3d13.8523198!4d100.5630092!16s%2Fg%2F11fjz2cjsv!19sChIJR5NzOMOc4jAR-zcXjSL3h84?authuser=0&hl=zh-CN&g_ep=EgoyMDI2MDgyNS4wIJJjKgBIAVAD&rclk=1
ChIJI9TeGYmf4jARlg5uqppFqHc,景点,Pratunam Night Market,ตลาดกลางคืนประตูน้ำ,,夜市,4.4,6573,"Unnamed Road Thanon Phaya Thai, Ratchathewi, Bangkok 10400泰国",13.753552,100.539727,拉差贴威县,Thanon Phaya Thai,星期一 09:00-23:30 | 星期二 09:00-23:30 | 星期三 09:00-23:30 | 星期四 09:00-23:30 | 星期五 09:00-23:30 | 星期六 09:00-23:30 | 星期日 09:00-23:30,,https://facebook.com,,,https://www.google.com/maps/place/Pratunam+Night+Market/data=!4m7!3m6!1s0x30e29f8919ded423:0x77a8459aaa6e0e96!8m2!3d13.7535518!4d100.5397266!16s%2Fg%2F11gxt5v45b!19sChIJI9TeGYmf4jARlg5uqppFqHc?authuser=0&hl=zh-CN&g_ep=EgoyMDI2MDgyNS4wIJJjKgBIAVAD&rclk=1
ChIJnZuu10Oc4jAR0DkLPbMAAQ8,景点,乍都乍公园,สวนจตุจักร,,国家公园,4.5,6353,"Kamphaeng Phet Rd, Chatuchak, Bangkok 10900泰国",13.807484,100.55542,乍都节县,Chatuchak,星期一 04:30-22:00 | 星期二 04:30-22:00 | 星期三 04:30-22:00 | 星期四 04:30-22:00 | 星期五 04:30-22:00 | 星期六 04:30-22:00 | 星期日 04:30-22:00,,,,,https://www.google.com/maps/place/%E4%B9%8D%E9%83%BD%E4%B9%8D%E5%85%AC%E5%9B%AD/data=!4m7!3m6!1s0x30e29c43d7ae9b9d:0xf0100b33d0b39d0!8m2!3d13.807484!4d100.5554198!16zL20vMDlkbmo1!19sChIJnZuu10Oc4jAR0DkLPbMAAQ8?authuser=0&hl=zh-CN&g_ep=EgoyMDI2MDgyNS4wIJJjKgBIAVAD&rclk=1
ChIJiYe3uWuc4jARYAJGPbMAAR0,景点,诗丽吉王后公园,สวนสมเด็จพระนางเจ้าสิริกิติ์,,国家公园,4.6,6108,"200/1 Kamphaeng Phet 2 Rd, Chatuchak, Bangkok 10900泰国",13.807512,100.550558,乍都节县,Chatuchak,星期一 05:00-19:00 | 星期二 05:00-19:00 | 星期三 05:00-19:00 | 星期四 05:00-19:00 | 星期五 05:00-19:00 | 星期六 05:00-19:00 | 星期日 05:00-19:00,,,,,https://www.google.com/maps/place/%E8%AF%97%E4%B8%BD%E5%90%89%E7%8E%8B%E5%90%8E%E5%85%AC%E5%9B%AD/data=!4m7!3m6!1s0x30e29c6bb9b78789:0x1d0100b33d460260!8m2!3d13.8075119!4d100.5505577!16zL20vMDZ3X3J3!19sChIJiYe3uWuc4jARYAJGPbMAAR0?authuser=0&hl=zh-CN&g_ep=EgoyMDI2MDgyNS4wIJJjKgBIAVAD&rclk=1
ChIJQZtiTIxhHTERNaxHAt0cVlY,景点,Bang Kapi Market,ตลาดบางกะปิ,,生鲜市场,4.2,5636,"Lat Phrao Rd, Khlong Chan, Bang Kapi, Bangkok 10240泰国",13.767229,100.646292,邦甲比县,Khlong Chan,星期一 24小时营业 | 星期二 24小时营业 | 星期三 24小时营业 | 星期四 24小时营业 | 星期五 24小时营业 | 星期六 24小时营业 | 星期日 24小时营业,,,,,https://www.google.com/maps/place/Bang+Kapi+Market/data=!4m7!3m6!1s0x311d618c4c629b41:0x56561cdd0247ac35!8m2!3d13.7672294!4d100.6462916!16s%2Fg%2F1tnpbwww!19sChIJQZtiTIxhHTERNaxHAt0cVlY?authuser=0&hl=zh-CN&g_ep=EgoyMDI2MDgyNS4wIJJjKgBIAVAD&rclk=1
ChIJN428LQCf4jARAh6PFFqBBhU,景点,One Bangkok Park,หนึ่งบางกอกพาร์ค,,公园,5.0,5448,"PGGW+QRF One Bangkok Boulevard Lumphini, Pathum Wan, Bangkok 10330泰国",13.72698,100.547354,巴吞旺县,Lumphini,,,,,,https://www.google.com/maps/place/One+Bangkok+Park/data=!4m7!3m6!1s0x30e29f002dbc8d37:0x1506815a148f1e02!8m2!3d13.7269805!4d100.5473541!16s%2Fg%2F11z53l923h!19sChIJN428LQCf4jARAh6PFFqBBhU?authuser=0&hl=zh-CN&g_ep=EgoyMDI2MDgyNS4wIJJjKgBIAVAD&rclk=1
ChIJcSDAnBSZ4jARttNZeRA3Wec,景点,民主纪念碑,อนุสาวรีย์ประชาธิปไตย,monument,纪念碑,4.3,5344,"Thanon Ratchadamnoen Klang, Khwaeng Wat Bowon Niwet, Khet Phra Nakhon, Krung Thep Maha Nakhon 10200",13.756712,100.501844,拍那空县,波稳尼威区,星期一: 24小时营业 | 星期二: 24小时营业 | 星期三: 24小时营业 | 星期四: 24小时营业 | 星期五: 24小时营业 | 星期六: 24小时营业 | 星期日: 24小时营业,,,适合儿童,这座泰国立宪革命纪念碑坐落于城市公园中，周围有高耸的背光雕塑和喷泉。,https://maps.google.com/?cid=16670416039583536054&g_mp=Cilnb29nbGUubWFwcy5wbGFjZXMudjEuUGxhY2VzLlNlYXJjaE5lYXJieRACGAQgAA
ChIJxT5_co6e4jARocW49sK8GUA,景点,Wat Rakhang Khositaram Woramahawihan,วัดระฆังโฆสิตาราม วรมหาวิหาร,buddhist_temple,佛教寺庙,4.7,5329,"250 Thanon Arun Amarin, Khwaeng Siriraj, Khet Bangkok Noi, Krung Thep Maha Nakhon 10700",13.752685,100.485441,曼谷蓮縣,Sirirat,星期一: 08:00–17:00 | 星期二: 08:00–17:00 | 星期三: 08:00–17:00 | 星期四: 08:00–17:00 | 星期五: 08:00–17:00 | 星期六: 08:00–17:00 | 星期日: 08:00–17:00,,https://www.facebook.com/profile.php?id=100069254087755&mibextid=ZbWKwL,适合儿童|有洗手间|无障碍入口|无障碍停车|无障碍洗手间,湄南河畔的佛教建筑群，内有镀金大钟和华丽的寺庙。,https://maps.google.com/?cid=4618930438394135969&g_mp=Cilnb29nbGUubWFwcy5wbGFjZXMudjEuUGxhY2VzLlNlYXJjaE5lYXJieRACGAQgAA
ChIJYw5KDoie4jAR3YdTGCyu0kY,景点,泰国文化中心,ศูนย์วัฒนธรรมแห่งประเทศไทย,,文化中心,4.5,5269,"14 Thiam Ruam Mit Rd, Huai Khwang, Bangkok 10310泰国",13.766677,100.574196,汇权县,Huai Khwang,星期一 08:30-16:30 | 星期二 08:30-16:30 | 星期三 08:30-16:30 | 星期四 08:30-16:30 | 星期五 08:30-16:30 | 星期六 休息 | 星期日 休息,+66 2 247 0028,https://facebook.com,,,https://www.google.com/maps/place/%E6%B3%B0%E5%9B%BD%E6%96%87%E5%8C%96%E4%B8%AD%E5%BF%83/data=!4m7!3m6!1s0x30e29e880e4a0e63:0x46d2ae2c185387dd!8m2!3d13.7666767!4d100.574196!16zL20vMDR6d2M5!19sChIJYw5KDoie4jAR3YdTGCyu0kY?authuser=0&hl=zh-CN&g_ep=EgoyMDI2MDgyNS4wIJJjKgBIAVAD&rclk=1
ChIJdVyFquif4jARGn8fUTV28PM,景点,Pratunam Market,ตลาดประตูน้ำ,,市场,4.4,5135,"Soi Phetchaburi 21, Thanon Phaya Thai, Ratchathewi, Bangkok 10400泰国",13.752804,100.540598,拉差贴威县,Thanon Phaya Thai,星期一 09:00-20:00 | 星期二 09:00-20:00 | 星期三 09:00-20:00 | 星期四 09:00-20:00 | 星期五 09:00-20:00 | 星期六 09:00-20:00 | 星期日 09:00-20:00,,,,,https://www.google.com/maps/place/Pratunam+Market/data=!4m7!3m6!1s0x30e29fe8aa855c75:0xf3f07635511f7f1a!8m2!3d13.7528035!4d100.5405977!16zL20vMGZnMjJk!19sChIJdVyFquif4jARGn8fUTV28PM?authuser=0&hl=zh-CN&g_ep=EgoyMDI2MDgyNS4wIJJjKgBIAVAD&rclk=1
ChIJiYe3uWuc4jARtODfpOuyAhQ,景点,曼谷儿童探索博物馆,พิพิธภัณฑ์เด็กกรุงเทพมหานคร,,儿童博物馆,4.5,5006,"810 Kamphaeng Phet 4 Rd, Chatuchak, Bangkok 10900泰国",13.80311,100.551352,乍都节县,Chatuchak,星期一 休息 | 星期二 10:00-16:00 | 星期三 10:00-16:00 | 星期四 10:00-16:00 | 星期五 10:00-16:00 | 星期六 10:00-16:00 | 星期日 10:00-16:00,+66 2 272 4500,https://bkk-cdm.com,,,https://www.google.com/maps/place/%E6%9B%BC%E8%B0%B7%E5%84%BF%E7%AB%A5%E6%8E%A2%E7%B4%A2%E5%8D%9A%E7%89%A9%E9%A6%86/data=!4m7!3m6!1s0x30e29c6bb9b78789:0x1402b2eba4dfe0b4!8m2!3d13.8031103!4d100.5513518!16s%2Fm%2F043lgyp!19sChIJiYe3uWuc4jARtODfpOuyAhQ?authuser=0&hl=zh-CN&g_ep=EgoyMDI2MDgyNS4wIJJjKgBIAVAD&rclk=1
ChIJ_1wg6Xqf4jARwu_tBPmKbmU,景点,Sri Nakhon Khuean Khan Park and Botanical Garden,สวนสาธารณะและสวนพฤกษศาสตร์ศรีนครเขื่อนขันธ์,,国家公园,4.6,4951,"73 Soi Wat Rat Rangsan, Bang Kachao, Phra Pradaeng District, Samut Prakan 10130泰国",13.696837,100.564924,,,星期一 05:00-19:00 | 星期二 05:00-19:00 | 星期三 05:00-19:00 | 星期四 05:00-19:00 | 星期五 05:00-19:00 | 星期六 05:00-19:00 | 星期日 05:00-19:00,+66 2 461 0972,https://suansri-bangkachao.com,,,https://www.google.com/maps/place/Sri+Nakhon+Khuean+Khan+Park+and+Botanical+Garden/data=!4m7!3m6!1s0x30e29f7ae9205cff:0x656e8af904edefc2!8m2!3d13.6968366!4d100.5649237!16s%2Fg%2F12hlhpzsl!19sChIJ_1wg6Xqf4jARwu_tBPmKbmU?authuser=0&hl=zh-CN&g_ep=EgoyMDI2MDgyNS4wIJJjKgBIAVAD&rclk=1
ChIJG3NE3m-Z4jARYgTQb3MpaqY,景点,Taling Chan Floating Market,ตลาดน้ำตลิ่งชัน,,水上市场,4.2,4810,"333 Chak Phra Rd, Khlong Chak Phra, Taling Chan, Bangkok 10170泰国",13.77627,100.456598,打邻仓县,Khlong Chak Phra,星期一 休息 | 星期二 休息 | 星期三 休息 | 星期四 休息 | 星期五 休息 | 星期六 08:00-17:30 | 星期日 08:00-17:30,,https://gobuyticket.com,,,https://www.google.com/maps/place/Taling+Chan+Floating+Market/data=!4m7!3m6!1s0x30e2996fde44731b:0xa66a29736fd00462!8m2!3d13.7762696!4d100.4565981!16s%2Fg%2F122vxy44!19sChIJG3NE3m-Z4jARYgTQb3MpaqY?authuser=0&hl=zh-CN&g_ep=EgoyMDI2MDgyNS4wIJJjKgBIAVAD&rclk=1
ChIJX49VWsWZ4jARwEYBM0MDXnE,景点,大秋千,เสาชิงช้า,tourist_attraction,旅游胜地,4.6,4048,"QG22+PGF, Dinso Rd, แขวง บางขุนพรหม, Khet Phra Nakhon, Krung Thep Maha Nakhon 10200",13.751808,100.501283,拍那空县,拉差博披寺区,,,,适合儿童|有洗手间|无障碍入口|无障碍洗手间,这座地标性纪念碑是一个高大的鲜红色框架结构，俯瞰着一座 19 世纪的佛教寺庙。,https://maps.google.com/?cid=8168970361250072256&g_mp=CiVnb29nbGUubWFwcy5wbGFjZXMudjEuUGxhY2VzLkdldFBsYWNlEAIYBCAA
ChIJD-NLSWyZ4jARCQ3OoWjiHYs,景点,唐人街夜市,ตลาดกลางคืนเยาวราช,,夜市,4.5,4002,"148 Maha Chak Rd, Chakkrawat, Samphanthawong, Bangkok 10100泰国",13.741004,100.508474,三攀他旺县,差甲瓦區,星期一 16:00-02:00 | 星期二 16:00-02:00 | 星期三 16:00-02:00 | 星期四 16:00-02:00 | 星期五 16:00-02:00 | 星期六 16:00-02:00 | 星期日 16:00-02:00,,,,,https://www.google.com/maps/place/%E5%94%90%E4%BA%BA%E8%A1%97%E5%A4%9C%E5%B8%82/data=!4m7!3m6!1s0x30e2996c494be30f:0x8b1de268a1ce0d09!8m2!3d13.7410037!4d100.5084738!16s%2Fg%2F11h99p5v0h!19sChIJD-NLSWyZ4jARCQ3OoWjiHYs?authuser=0&hl=zh-CN&g_ep=EgoyMDI2MDgyNS4wIJJjKgBIAVAD&rclk=1
ChIJYTbBTBSZ4jARYTUWfRRhB8I,景点,Wat Ratchanatdaram Worawihan,วัด​ราชนัดดารามวรวิหาร​,buddhist_temple,佛教寺庙,4.7,3909,"2 Maha Chai Rd, Khwaeng Wat Bowon Niwet, Khet Phra Nakhon, Krung Thep Maha Nakhon 10200",13.754817,100.504155,拍那空县,波稳尼威区,星期一: 08:00–17:00 | 星期二: 08:00–17:00 | 星期三: 08:00–17:00 | 星期四: 08:00–17:00 | 星期五: 08:00–17:00 | 星期六: 08:00–17:00 | 星期日: 08:00–17:00,+66 2 224 8807,https://www.facebook.com/watratchanadda/,有洗手间|无障碍入口|无障碍停车|无障碍洗手间,这个佛教寺庙建筑群内有一座“金属城堡”，这种建筑因其 37 座铁质尖塔而得名。,https://maps.google.com/?cid=13981250308820841825&g_mp=Cilnb29nbGUubWFwcy5wbGFjZXMudjEuUGxhY2VzLlNlYXJjaE5lYXJieRACGAQgAA
ChIJezKV7O5fHTERivA9WfWzK64,景点,Pororo Aqua Park Bangkok,สวนน้ำโพโรโระ กรุงเทพฯ,,水上乐园,4.3,3864,"ชั้น 6 ศูนย์การค้าเซ็นทรัลพลาซา บางนา 585 ซอย บางนา-ตราด 42 Bang Na Nuea, Bang Na, Bangkok 10260泰国",13.668852,100.634701,挽那县,Bang Na Nuea,,+66 2 745 7377,https://pororoaquapark.com,,,https://www.google.com/maps/place/Pororo+Aqua+Park+Bangkok/data=!4m7!3m6!1s0x311d5feeec95327b:0xae2bb3f5593df08a!8m2!3d13.6688522!4d100.6347013!16s%2Fg%2F11ckvttbjv!19sChIJezKV7O5fHTERivA9WfWzK64?authuser=0&hl=zh-CN&g_ep=EgoyMDI2MDgyNS4wIJJjKgBIAVAD&rclk=1
ChIJ-XXkE3CZ4jAR4ucrmOJpLgI,景点,Suan Luang Rama VIII Park,อุทยานหลวง ร. ๘,park,公园,4.5,3844,"QF9V+PX9, Thanon Arun Amarin, Khwaeng Bang Yi Khan, Khet Bang Phlat, Krung Thep Maha Nakhon 10700",13.769299,100.494978,挽拍县,Bang Yi Khan,星期一 05:00-21:00 | 星期二 05:00-21:00 | 星期三 05:00-21:00 | 星期四 05:00-21:00 | 星期五 05:00-21:00 | 星期六 05:00-21:00 | 星期日 05:00-21:00,+66 95 456 6643,,适合儿童|无障碍入口|无障碍停车,河畔绿地，内有草地、游乐场、运动设备及纪念碑。,https://maps.google.com/?cid=157179458941085666&g_mp=Cilnb29nbGUubWFwcy5wbGFjZXMudjEuUGxhY2VzLlNlYXJjaE5lYXJieRACGAQgAA
ChIJa4tZORCZ4jARdCUEjuI59eo,景点,Wat Ratchabophit Sathitmahasimaram Ratchaworawihan,วัดราชบพิธสถิตมหาสีมารามราชวรวิหาร,buddhist_temple,佛教寺庙,4.7,3519,"2 Thanon Fueang Nakhon, แขวง วัดราชบพิธ Khet Phra Nakhon, Krung Thep Maha Nakhon 10200",13.749109,100.497346,拍那空县,拉差博披寺区,星期一: 06:00–18:00 | 星期二: 06:00–18:00 | 星期三: 06:00–18:00 | 星期四: 06:00–18:00 | 星期五: 06:00–18:00 | 星期六: 06:00–18:00 | 星期日: 06:00–18:00,,https://www.facebook.com/WatRajabopit2412/,有洗手间|无障碍入口|无障碍停车|无障碍洗手间,这座华丽的佛教寺庙建于 19 世纪，拥有五彩缤纷的瓷砖外墙，坐落着泰国皇室陵墓。,https://maps.google.com/?cid=16930502019377276276&g_mp=CiVnb29nbGUubWFwcy5wbGFjZXMudjEuUGxhY2VzLkdldFBsYWNlEAIYBCAA
ChIJ144wX7ee4jARIDsLPbMAAQ8,景点,Santiphap Park,สวนสันติภาพ,city_park,城市公园,4.5,3493,"QG7R+4HR, Ratchawithi Rd, Thanon Phaya Thai, Ratchathewi, Bangkok 10400泰国",13.76285,100.541393,拉差贴威县,Thanon Phaya Thai,星期一 05:00-21:00 | 星期二 05:00-21:00 | 星期三 05:00-21:00 | 星期四 05:00-21:00 | 星期五 05:00-21:00 | 星期六 05:00-21:00 | 星期日 05:00-21:00,+66 2 245 2461,,适合儿童|无障碍入口|无障碍停车,市中心绿地，内有慢跑跑道、池塘、花园和游乐场，还提供健身课程。,https://www.google.com/maps/place/Santiphap+Park/data=!4m7!3m6!1s0x30e29eb75f308ed7:0xf0100b33d0b3b20!8m2!3d13.76285!4d100.5413934!16s%2Fm%2F05mxgl_!19sChIJ144wX7ee4jARIDsLPbMAAQ8?authuser=0&hl=zh-CN&g_ep=EgoyMDI2MDgyNS4wIJJjKgBIAVAD&rclk=1
ChIJq8s5zwOZ4jARTWSUwdydTfg,景点,善友寺,วัดซานหยู,buddhist_temple,佛教寺庙,4.7,3458,"371 ซอย อรุณอมรินทร์ 6 เเขวง วัดกัลยาณ์ วัดกัลยานิมิตร 371/2 Soi Wat Kanlaya, Khwaeng Wat Kanlaya, Khet Thon Buri, Krung Thep Maha Nakhon 10600",13.740282,100.491085,吞武里县,越干拉耶区,星期一: 07:00–17:00 | 星期二: 07:00–17:00 | 星期三: 07:00–17:00 | 星期四: 07:00–17:00 | 星期五: 07:00–17:00 | 星期六: 07:00–17:00 | 星期日: 07:00–17:00,+66 96 362 5354,https://www.facebook.com/WatKanlayanamitra/,有洗手间|无障碍入口|无障碍停车|无障碍洗手间,宁静的佛教寺庙，建于 1825 年，拥有巨大的坐式佛像和巨型青铜钟。,https://maps.google.com/?cid=17892130466078942285&g_mp=Cilnb29nbGUubWFwcy5wbGFjZXMudjEuUGxhY2VzLlNlYXJjaE5lYXJieRACGAQgAA
ChIJ4VPDiQKZ4jARdfHoseVonFk,景点,印卓威汉寺,วัดอินโดรวิหาร,buddhist_temple,佛教寺庙,4.6,3272,"144 ถ. วิสุทธิกษัตริย์ Khwaeng Bang Khun Phrom, Khet Phra Nakhon, Krung Thep Maha Nakhon 10200",13.766659,100.502967,拍那空县,邦坤蓬区,星期一: 06:00–18:00 | 星期二: 06:00–18:00 | 星期三: 06:00–18:00 | 星期四: 06:00–18:00 | 星期五: 06:00–18:00 | 星期六: 06:00–18:00 | 星期日: 06:00–18:00,+66 2 282 3173,https://www.facebook.com/WatIndharaviharn/,有洗手间|无障碍入口|无障碍停车|无障碍洗手间,建于 14 或 15 世纪的寺庙，以其 32 米高的金色佛像而闻名。,https://maps.google.com/?cid=6457151301484081525&g_mp=Cilnb29nbGUubWFwcy5wbGFjZXMudjEuUGxhY2VzLlNlYXJjaE5lYXJieRACGAQgAA
ChIJF6uVAzt9HTEROKM0WKZMU7M,景点,The Artist House Bangkok,ดิ อาร์ติสท์ เฮาส์ กรุงเทพฯ,,旅游胜地,4.6,3270,"309 Phet Kasem Rd, Khuha Sawan, Phasi Charoen, Bangkok 10160泰国",13.731232,100.463334,帕世乍能县,Pak Khlong Phasi Charoen,星期一 10:00-18:00 | 星期二 10:00-18:00 | 星期三 10:00-18:00 | 星期四 10:00-18:00 | 星期五 10:00-18:00 | 星期六 10:00-19:00 | 星期日 10:00-18:00,+66 65 691 5655,https://artisthousebangkok.com,,,https://www.google.com/maps/place/The+Artist+House+Bangkok/data=!4m7!3m6!1s0x311d7d3b0395ab17:0xb3534ca65834a338!8m2!3d13.731232!4d100.4633342!16s%2Fg%2F1hm4tj4g6!19sChIJF6uVAzt9HTEROKM0WKZMU7M?authuser=0&hl=zh-CN&g_ep=EgoyMDI2MDgyNS4wIJJjKgBIAVAD&rclk=1
ChIJKds06CuZ4jAREX4LxxCQBbg,景点,朱拉隆功大学百年世纪公园,อุทยานร้อยปีแห่งจุฬาลงกรณ์มหาวิทยาลัย,state_park,国家公园,4.6,3257,"254 Phaya Thai Rd, Wang Mai, Pathum Wan, Bangkok 10330泰国",13.73943,100.523753,巴吞旺县,Wang Mai,星期一 05:00-22:00 | 星期二 05:00-22:00 | 星期三 05:00-22:00 | 星期四 05:00-22:00 | 星期五 05:00-22:00 | 星期六 05:00-22:00 | 星期日 05:00-22:00,+66 2 218 1689,https://cu100.chula.ac.th,允许携带宠物|适合儿童|无障碍入口|无障碍停车,这个宁静的现代公园最初是为了泄洪而设计的，内有瀑布池和倾斜的人行道。,https://www.google.com/maps/place/%E6%9C%B1%E6%8B%89%E9%9A%86%E5%8A%9F%E5%A4%A7%E5%AD%A6%E7%99%BE%E5%B9%B4%E4%B8%96%E7%BA%AA%E5%85%AC%E5%9B%AD/data=!4m7!3m6!1s0x30e2992be834db29:0xb8059010c70b7e11!8m2!3d13.7394304!4d100.5237535!16s%2Fg%2F11g9s_q0w5!19sChIJKds06CuZ4jAREX4LxxCQBbg?authuser=0&hl=zh-CN&g_ep=EgoyMDI2MDgyNS4wIJJjKgBIAVAD&rclk=1
ChIJXcCcKxmZ4jARrxccBExkbdc,景点,Wat Chakrawatrachawat Woramahawihan,วัดจักรวรรดิราชาวาส วรมหาวิหาร,buddhist_temple,佛教寺庙,4.4,3177,"225 ถนน จักรวรรดิ Khwaeng Chakkrawat, Khet Samphanthawong, Krung Thep Maha Nakhon 10100",13.742338,100.503839,三攀他旺县,差甲瓦區,星期一: 24小时营业 | 星期二: 24小时营业 | 星期三: 24小时营业 | 星期四: 24小时营业 | 星期五: 24小时营业 | 星期六: 24小时营业 | 星期日: 24小时营业,+66 2 222 7742,https://www.facebook.com/watcharkrawatrachawatworamahawihan/?mibextid=ZbWKwL,有洗手间|无障碍入口|无障碍停车|无障碍洗手间|无障碍座位,这座建于 19 世纪的佛教寺庙以栖息着鳄鱼的池塘而闻名。,https://maps.google.com/?cid=15523173768265209775&g_mp=CiVnb29nbGUubWFwcy5wbGFjZXMudjEuUGxhY2VzLkdldFBsYWNlEAIYBCAA
ChIJtYZ3-3FgHTERuOoRx5YL8as,景点,YoYo Land Seacon Square Srinakarin,โยโย่แลนด์ ซีคอนสแควร์ ศรีนครินทร์,,游乐场,4.5,3019,"ชั้น 4 อาคาร ซีคอนสแควร์ Srinagarindra Rd, Nong Bon, Prawet, Bangkok 10250泰国",13.692936,100.648447,巴威县,Nong Bon,星期一 11:00-20:00 | 星期二 11:00-20:00 | 星期三 11:00-20:00 | 星期四 11:00-20:00 | 星期五 11:00-20:00 | 星期六 11:00-20:00 | 星期日 11:00-20:00,+66 2 721 8888,https://yoyoland.com,,,https://www.google.com/maps/place/YoYo+Land+Seacon+Square+Srinakarin/data=!4m7!3m6!1s0x311d6071fb7786b5:0xabf10b96c711eab8!8m2!3d13.6929356!4d100.6484466!16s%2Fg%2F1yh4g7b1p!19sChIJtYZ3-3FgHTERuOoRx5YL8as?authuser=0&hl=zh-CN&g_ep=EgoyMDI2MDgyNS4wIJJjKgBIAVAD&rclk=1
ChIJ_0J6BXKZ4jAREKhaPbMAAR0,景点,圣堤差帕甘公园,สวนสันติภาพ,state_park,州立公园,4.5,2969,"QF7W+J29, Thanon Phra Athit, Khwaeng Chana Songkhram, Khet Phra Nakhon, Krung Thep Maha Nakhon 10200",13.764037,100.49511,拍那空县,查那松康区,星期一: 05:00–21:00 | 星期二: 05:00–21:00 | 星期三: 05:00–21:00 | 星期四: 05:00–21:00 | 星期五: 05:00–21:00 | 星期六: 05:00–21:00 | 星期日: 05:00–21:00,,,适合儿童|无障碍入口|无障碍停车,宁静的小型河滨公园，坐落着巴苏孟要塞，可远眺拉玛八世大桥的壮丽景观。,https://maps.google.com/?cid=2089952471905118224&g_mp=Cilnb29nbGUubWFwcy5wbGFjZXMudjEuUGxhY2VzLlNlYXJjaE5lYXJieRACGAQgAA
ChIJU9Py5ZaY4jARtPRPFWYj6vE,景点,Asiatique Sky,เอเชียทีค สกาย,,摩天轮,4.5,2955,"2194 ถ. เจริญกรุง Wat Phraya Krai, Bang Kho Laem, Bangkok 10120泰国",13.705269,100.503183,曼柯廉县,Wat Phraya Krai,星期一 16:00-00:00 | 星期二 16:00-00:00 | 星期三 16:00-00:00 | 星期四 16:00-00:00 | 星期五 16:00-00:00 | 星期六 15:00-00:00 | 星期日 15:00-00:00,+66 82 053 0881,https://asiatique-sky.com,,,https://www.google.com/maps/place/Asiatique+Sky/data=!4m7!3m6!1s0x30e29896e5f2d353:0xf1ea2366154ff4b4!8m2!3d13.7052689!4d100.5031826!16s%2Fg%2F11g03j1_yc!19sChIJU9Py5ZaY4jARtPRPFWYj6vE?authuser=0&hl=zh-CN&g_ep=EgoyMDI2MDgyNS4wIJJjKgBIAVAD&rclk=1
ChIJb_OyCXKZ4jARN3QMU-Tnx8I,景点,巴苏孟要塞,ป้อมบาสุมง,,堡垒,4.4,2936,"QF7W+H7W, Phra Athit Rd, Chana Songkhram, Phra Nakhon, Bangkok 10200泰国",13.763978,100.495698,拍那空县,查那松康区,星期一 08:00-21:00 | 星期二 08:00-21:00 | 星期三 08:00-21:00 | 星期四 08:00-21:00 | 星期五 08:00-21:00 | 星期六 08:00-21:00 | 星期日 08:00-21:00,,,,,https://www.google.com/maps/place/%E5%B7%B4%E8%8B%8F%E5%AD%9F%E8%A6%81%E5%A1%9E/data=!4m7!3m6!1s0x30e2997209b2f36f:0xc2c7e7e4530c7437!8m2!3d13.7639776!4d100.4956975!16s%2Fg%2F1213p0_m!19sChIJb_OyCXKZ4jARN3QMU-Tnx8I?authuser=0&hl=zh-CN&g_ep=EgoyMDI2MDgyNS4wIJJjKgBIAVAD&rclk=1
ChIJIWA15UCZ4jARvq0RB-4OijQ,景点,Wat Sommanat Ratchaworawihan,วัดโสมนัสราชวรวิหาร,buddhist_temple,佛教寺庙,4.5,2885,"646 Krung Kasem Rd, Khwaeng Wat Sommanat, Khet Pom Prap Sattru Phai, Krung Thep Maha Nakhon 10100",13.760005,100.510042,邦巴沙都拍县,Wat Sommanat,,,,有洗手间|无障碍入口|无障碍停车|无障碍洗手间,建于 1853 年的大型修道院建筑群，内有佛教遗迹、2 座宝塔和一个军用火葬场。,https://maps.google.com/?cid=3785854852241927614&g_mp=Cilnb29nbGUubWFwcy5wbGFjZXMudjEuUGxhY2VzLlNlYXJjaE5lYXJieRACGAQgAA
ChIJ29xTHBCZ4jARW6fp8aK8I-Q,景点,莎兰隆公园,สวนสราญรมย์,city_park,城市公园,4.4,2880,"PFXW+667 Between the intersection of New Road and Rajini ถ. เจริญกรุง Khwaeng Phra Borom Maha Ratchawang, Khet Phra Nakhon, Krung Thep Maha Nakhon 10200",13.748049,100.495555,拍那空县,大皇宫区,星期一: 04:30–21:00 | 星期二: 04:30–21:00 | 星期三: 04:30–21:00 | 星期四: 04:30–21:00 | 星期五: 04:30–21:00 | 星期六: 04:30–21:00 | 星期日: 04:30–21:00,,,允许携带宠物|适合儿童|无障碍入口|无障碍停车,景观公园，内有喷泉、凉亭、温室、纪念碑等。,https://maps.google.com/?cid=16439190472861787995&g_mp=CiVnb29nbGUubWFwcy5wbGFjZXMudjEuUGxhY2VzLkdldFBsYWNlEAIYBCAA
ChIJX_JYLId9HTERCTFTP3xpi6c,景点,Royal Thai Air Force and National Aviation Museum,กองทัพอากาศ และพิพิธภัณฑ์การบินแห่งชาติ,,博物馆,4.7,2789,"171 Phahonyothin Rd, Sanam Bin, Don Mueang, Bangkok 10210泰国",13.919751,100.621975,晒迈县,Sanambin,星期一 休息 | 星期二 09:00-15:30 | 星期三 09:00-15:30 | 星期四 09:00-15:30 | 星期五 09:00-15:30 | 星期六 09:00-15:30 | 星期日 09:00-15:30,+66 2 534 1764,https://museum.rtaf.mi.th,,,https://www.google.com/maps/place/Royal+Thai+Air+Force+and+National+Aviation+Museum/data=!4m7!3m6!1s0x311d7d872c58f25f:0xa78b697c3f533109!8m2!3d13.9197513!4d100.6219748!16s%2Fm%2F043ktfb!19sChIJX_JYLId9HTERCTFTP3xpi6c?authuser=0&hl=zh-CN&g_ep=EgoyMDI2MDgyNS4wIJJjKgBIAVAD&rclk=1
ChIJKwJFMuOh4jARjfm5FZkCxxY,景点,Bang Nam Phueng Floating Market,ตลาดน้ำบางน้ำผึ้ง,,水上市场,4.5,2691,"98 Bang Nam Phueng, Phra Pradaeng District, Samut Prakan 10130泰国",13.679745,100.57374,,,,+66 2 461 3254,https://facebook.com,,,https://www.google.com/maps/place/Bang+Nam+Phueng+Floating+Market/data=!4m7!3m6!1s0x30e2a1e33245022b:0x16c7029915b9f98d!8m2!3d13.6797455!4d100.5737398!16s%2Fm%2F012652q7!19sChIJKwJFMuOh4jARjfm5FZkCxxY?authuser=0&hl=zh-CN&g_ep=EgoyMDI2MDgyNS4wIJJjKgBIAVAD&rclk=1
ChIJA7PG9AuZ4jARIyvh-TR_wkA,景点,玛哈泰寺,วัดมหาธาตุยุวราชรังสฤษฎิ์ราชวรมหาวิหาร,buddhist_temple,佛教寺庙,4.6,2572,"3, 5 Thanon Maha Rat, Khwaeng Phra Borom Maha Ratchawang, Khet Phra Nakhon, Krung Thep Maha Nakhon 10200",13.754838,100.491453,拍那空县,大皇宫区,星期一: 08:00–18:00 | 星期二: 08:00–18:00 | 星期三: 08:00–18:00 | 星期四: 08:00–18:00 | 星期五: 08:00–18:00 | 星期六: 08:00–18:00 | 星期日: 08:00–18:00,+66 93 549 9251,https://watmahathat.org/,有洗手间|无障碍入口|无障碍停车|无障碍洗手间,历史悠久的皇家佛寺，内有圣物箱，现为大学和禅修中心所在地。,https://maps.google.com/?cid=4666432029416565539&g_mp=Cilnb29nbGUubWFwcy5wbGFjZXMudjEuUGxhY2VzLlNlYXJjaE5lYXJieRACGAQgAA
ChIJGe2dNRSZ4jARXs-hTwCQmFI,景点,Rattanakosin Exhibition Hall,นิทรรศน์รัตนโกสินทร์,museum,博物馆,4.6,2558,"100 Thanon Ratchadamnoen Klang, Khwaeng Wat Bowon Niwet, Khet Phra Nakhon, Krung Thep Maha Nakhon 10200",13.755854,100.503822,拍那空县,波稳尼威区,星期一: 休息 | 星期二: 09:00–17:00 | 星期三: 09:00–17:00 | 星期四: 09:00–17:00 | 星期五: 09:00–17:00 | 星期六: 09:00–17:00 | 星期日: 09:00–17:00,+66 2 621 0044,https://www.nitasrattanakosin.com/,适合儿童|有洗手间|无障碍入口|无障碍停车|无障碍洗手间,这座装饰漂亮的博物馆内陈列着介绍拉达那哥欣时代的多媒体展览，还带有咖啡厅和图书馆。,https://maps.google.com/?cid=5951665238580514654&g_mp=Cilnb29nbGUubWFwcy5wbGFjZXMudjEuUGxhY2VzLlNlYXJjaE5lYXJieRACGAQgAA
ChIJSxKhERaZ4jARNspMJpi4kDg,景点,暹罗天地河滨广场,สยามสแควร์ ริเวอร์ไซด์ พลาซ่า,,活动场地,4.8,2470,"299 Charoen Nakhon 5 Alley, Khlong Ton Sai, Khlong San, Bangkok 10600泰国",13.72647,100.511543,空訕縣,Khlong Ton Sai,星期一 10:00-23:00 | 星期二 10:00-23:00 | 星期三 10:00-23:00 | 星期四 10:00-23:00 | 星期五 10:00-23:00 | 星期六 10:00-23:00 | 星期日 10:00-23:00,+66 2 495 7000,https://iconsiam.com,,,https://www.google.com/maps/place/%E6%9A%B9%E7%BD%97%E5%A4%A9%E5%9C%B0%E6%B2%B3%E6%BB%A8%E5%B9%BF%E5%9C%BA/data=!4m7!3m6!1s0x30e2991611a1124b:0x3890b898264cca36!8m2!3d13.7264702!4d100.5115427!16s%2Fg%2F11gt8t8qr4!19sChIJSxKhERaZ4jARNspMJpi4kDg?authuser=0&hl=zh-CN&g_ep=EgoyMDI2MDgyNS4wIJJjKgBIAVAD&rclk=1
ChIJP4cGNCeZ4jARESXRlmAAC6k,景点,ซุ้มประตูเฉลิมพระเกียรติ 6 รอบพระชนมพรรษา,ซุ้มประตูเฉลิมพระเกียรติ 6 รอบพระชนมพรรษา,historical_landmark,古迹地标,4.4,2397,"322 Tri Mit Rd, Talat Noi, Samphanthawong, Bangkok 10100泰国",13.737193,100.512981,三攀他旺县,Samphanthawong,星期一 24小时营业 | 星期二 24小时营业 | 星期三 24小时营业 | 星期四 24小时营业 | 星期五 24小时营业 | 星期六 24小时营业 | 星期日 24小时营业,,,适合儿童,这座华丽的门坊是唐人街的入口，建于 1999 年，用来纪念阿杜德国王。,https://www.google.com/maps/place/%E0%B8%8B%E0%B8%B8%E0%B9%89%E0%B8%A1%E0%B8%9B%E0%B8%A3%E0%B8%B0%E0%B8%95%E0%B8%B9%E0%B9%80%E0%B8%89%E0%B8%A5%E0%B8%B4%E0%B8%A1%E0%B8%9E%E0%B8%A3%E0%B8%B0%E0%B9%80%E0%B8%81%E0%B8%B5%E0%B8%A2%E0%B8%A3%E0%B8%95%E0%B8%B4+6+%E0%B8%A3%E0%B8%AD%E0%B8%9A%E0%B8%9E%E0%B8%A3%E0%B8%B0%E0%B8%8A%E0%B8%99%E0%B8%A1%E0%B8%9E%E0%B8%A3%E0%B8%A3%E0%B8%A9%E0%B8%B2/data=!4m7!3m6!1s0x30e299273406873f:0xa90b006096d12511!8m2!3d13.7371929!4d100.5129813!16s%2Fg%2F11c7505xvq!19sChIJP4cGNCeZ4jARESXRlmAAC6k?authuser=0&hl=zh-CN&g_ep=EgoyMDI2MDgyNS4wIJJjKgBIAVAD&rclk=1
ChIJS7pg-tiY4jARZz6TpYihORk,景点,Talat Noi,ตลาดน้อย,tourist_attraction,旅游胜地,4.5,2388,"22 ถ. เจริญกรุง Talat Noi, Samphanthawong, Bangkok 10100泰国",13.734084,100.512108,三攀他旺县,噠叻仔區,,,,适合儿童|有洗手间,,https://www.google.com/maps/place/Talat+Noi/data=!4m7!3m6!1s0x30e298d8fa60ba4b:0x1939a188a5933e67!8m2!3d13.7340836!4d100.5121079!16s%2Fg%2F11c2nsy6wd!19sChIJS7pg-tiY4jARZz6TpYihORk?authuser=0&hl=zh-CN&g_ep=EgoyMDI2MDgyNS4wIJJjKgBIAVAD&rclk=1
ChIJDflLT11oHTERnScGdDussIw,景点,Siam Serpentarium,สยาม เซอร์เพนทาเรียม,,博物馆,4.4,2344,"969 Luang Phaeng Rd, Thap Yao, Lat Krabang, Bangkok 10520泰国",13.710404,100.82336,叻甲挽县,Thap Yao,星期一 09:00-15:00 | 星期二 09:00-15:00 | 星期三 09:00-15:00 | 星期四 09:00-15:00 | 星期五 09:00-15:00 | 星期六 09:00-17:00 | 星期日 09:00-17:00,+66 2 326 5800,https://siamserpentarium.com,,,https://www.google.com/maps/place/Siam+Serpentarium/data=!4m7!3m6!1s0x311d685d4f4bf90d:0x8cb0ac3b7406279d!8m2!3d13.7104041!4d100.8233597!16s%2Fg%2F11d_db2yw9!19sChIJDflLT11oHTERnScGdDussIw?authuser=0&hl=zh-CN&g_ep=EgoyMDI2MDgyNS4wIJJjKgBIAVAD&rclk=1
ChIJfxYWbuWZ4jARGBwZ7Nf-s-s,景点,ICONSIAM PARK,ไอคอนสยาม พาร์ค,observation_deck,观景台,4.7,2222,"ชั้น 2 ICONSIAM, 299 ซอย เจริญนคร 5 แขวงคลองต้นไทร คลองสาน กรุงเทพมหานคร 10600",13.726461,100.5111,空訕縣,Khlong Ton Sai,星期一: 10:00–22:00 | 星期二: 10:00–22:00 | 星期三: 10:00–22:00 | 星期四: 10:00–22:00 | 星期五: 10:00–22:00 | 星期六: 10:00–22:00 | 星期日: 10:00–22:00,+66 2 495 7000,https://advibo.com/iconsiam-park/,适合儿童|无障碍入口|无障碍停车,,https://maps.google.com/?cid=16984198823076764696&g_mp=Cilnb29nbGUubWFwcy5wbGFjZXMudjEuUGxhY2VzLlNlYXJjaE5lYXJieRACGAQgAA
ChIJqdO6PACZ4jARPsmRMJG9iWM,景点,Jurassic World: The Experience Bangkok,จูราสสิค เวิลด์: ดิ เอ็กซ์พีเรียนซ์ กรุงเทพฯ,,旅游胜地,4.4,2018,"เอเชียทีค เดอะ ริเวอร์ฟร้อนท์ เดสติเนชั่น 2194 ถ. เจริญกรุง Wat Phraya Krai, Bang Kho Laem, Bangkok 10120泰国",13.70436,100.502191,曼柯廉县,Wat Phraya Krai,星期一 11:00-22:00 | 星期二 11:00-22:00 | 星期三 11:00-22:00 | 星期四 11:00-22:00 | 星期五 11:00-22:00 | 星期六 11:00-22:00 | 星期日 11:00-22:00,,https://jurassicworldexperience.com,,,https://www.google.com/maps/place/Jurassic+World:+The+Experience+Bangkok/data=!4m7!3m6!1s0x30e299003cbad3a9:0x6389bd913091c93e!8m2!3d13.7043602!4d100.5021914!16s%2Fg%2F11xdpyt3ln!19sChIJqdO6PACZ4jARPsmRMJG9iWM?authuser=0&hl=zh-CN&g_ep=EgoyMDI2MDgyNS4wIJJjKgBIAVAD&rclk=1
ChIJgfeT-4lhHTERRu-2k45MFzc,景点,Arboretum Klongchan Park,สวนรุกขชาติคลองจั่น,,公园,4.3,1939,"QJGX+G4M, Khlong Chan, Bang Kapi, Bangkok 10240泰国",13.77635,100.6478,邦甲比县,Khlong Chan,星期一 05:30-20:00 | 星期二 05:30-20:00 | 星期三 05:30-20:00 | 星期四 05:30-20:00 | 星期五 05:30-20:00 | 星期六 05:30-20:00 | 星期日 05:30-20:00,,,,,https://www.google.com/maps/place/Arboretum+Klongchan+Park/data=!4m7!3m6!1s0x311d6189fb93f781:0x37174c8e93b6ef46!8m2!3d13.7763497!4d100.6478002!16s%2Fg%2F1ydpvbxm8!19sChIJgfeT-4lhHTERRu-2k45MFzc?authuser=0&hl=zh-CN&g_ep=EgoyMDI2MDgyNS4wIJJjKgBIAVAD&rclk=1
ChIJBWSj7Vd9HTERcPgtlZiDX40,景点,Ramintra Sports Park,สวนกีฬารามอินทรา,,国家公园,4.5,1883,"141/5 ถนน รามอินทรา, Anusawari, Bang Khen, Bangkok 10220泰国",13.877878,100.620622,挽卿县,Anusawari,星期一 05:00-21:00 | 星期二 05:00-21:00 | 星期三 05:00-21:00 | 星期四 05:00-21:00 | 星期五 05:00-21:00 | 星期六 05:00-21:00 | 星期日 05:00-21:00,+66 2 551 0612,,,,https://www.google.com/maps/place/Ramintra+Sports+Park/data=!4m7!3m6!1s0x311d7d57eda36405:0x8d5f8398952df870!8m2!3d13.877878!4d100.620622!16s%2Fg%2F119wcvfgp!19sChIJBWSj7Vd9HTERcPgtlZiDX40?authuser=0&hl=zh-CN&g_ep=EgoyMDI2MDgyNS4wIJJjKgBIAVAD&rclk=1
ChIJ_89sxRaZ4jARi32ZRwnrrB4,景点,隆玛尼那公园,สวนรมณีนาถ,park,公园,4.3,1869,"PGX3+H25, Maha Chai Rd, Khwaeng Samran Rat, Khet Phra Nakhon, Krung Thep Maha Nakhon 10200",13.748882,100.502603,拍那空县,巴杜披,星期一: 04:00–21:00 | 星期二: 04:00–21:00 | 星期三: 04:00–21:00 | 星期四: 04:00–21:00 | 星期五: 04:00–21:00 | 星期六: 04:00–21:00 | 星期日: 04:00–21:00,,,允许携带宠物|适合儿童|无障碍入口|无障碍停车,这里拥有户外健身中心、滑板公园和游乐场，由设有破旧哨塔的监狱改造而成。,https://maps.google.com/?cid=2210399942220545419&g_mp=CiVnb29nbGUubWFwcy5wbGFjZXMudjEuUGxhY2VzLkdldFBsYWNlEAIYBCAA
ChIJI-48yBmZ4jARSp4ZQSZ-3Yc,景点,Ong Ang Canal,คลองโอ่งอ่าง (คลองรอบกรุง),tourist_attraction,旅游胜地,4.3,1856,"ถ. คนเดินคลองโอ่งอ่าง Khwaeng Wang Burapha Phirom, Khet Samphanthawong, Krung Thep Maha Nakhon 10200",13.744237,100.502671,三攀他旺县,三王府区,星期一: 08:00–17:00 | 星期二: 08:00–17:00 | 星期三: 08:00–17:00 | 星期四: 08:00–17:00 | 星期五: 08:00–17:00 | 星期六: 08:00–17:00 | 星期日: 08:00–17:00,,https://tripaye.com/ong-ang-canal/,适合儿童|有洗手间,,https://maps.google.com/?cid=9790119867739381322&g_mp=CiVnb29nbGUubWFwcy5wbGFjZXMudjEuUGxhY2VzLkdldFBsYWNlEAIYBCAA
ChIJ1REypjJmHTERSLyIkybmlPY,景点,Hua Takhe Old Market,ตลาดเก่าหัวตะเข้,,市场,4.4,1805,"Soi Lat Krabang 17, Khwaeng Lat Krabang, Lat Krabang, Bangkok 10520泰国",13.724152,100.788356,叻甲挽县,Lat Krabang,星期一 06:00-17:00 | 星期二 06:00-17:00 | 星期三 06:00-17:00 | 星期四 06:00-17:00 | 星期五 06:00-17:00 | 星期六 06:00-18:00 | 星期日 06:00-17:00,,https://facebook.com,,,https://www.google.com/maps/place/Hua+Takhe+Old+Market/data=!4m7!3m6!1s0x311d6632a63211d5:0xf694e6269388bc48!8m2!3d13.7241522!4d100.788356!16s%2Fg%2F11fm35t9c3!19sChIJ1REypjJmHTERSLyIkybmlPY?authuser=0&hl=zh-CN&g_ep=EgoyMDI2MDgyNS4wIJJjKgBIAVAD&rclk=1
ChIJU_T3ewCZ4jARwYoxl2kVA1A,景点,MEA SPARK พิพิธภัณฑ์การไฟฟ้าไทย,MEA SPARK พิพิธภัณฑ์การไฟฟ้าไทย,museum,博物馆,5.0,1674,"121 Chakkraphet Rd, Khwaeng Wang Burapha Phirom, Khet Phra Nakhon, Krung Thep Maha Nakhon 10200",13.741428,100.499587,拍那空县,三王府区,星期一: 休息 | 星期二: 09:00–17:00 | 星期三: 09:00–17:00 | 星期四: 09:00–17:00 | 星期五: 09:00–17:00 | 星期六: 09:00–17:00 | 星期日: 09:00–17:00,+66 2 220 5200,http://measpark.mea.or.th/,适合儿童|有洗手间|无障碍入口|无障碍停车|无障碍洗手间,,https://maps.google.com/?cid=5765475491216722625&g_mp=CiVnb29nbGUubWFwcy5wbGFjZXMudjEuUGxhY2VzLkdldFBsYWNlEAIYBCAA
ChIJhbRNuNuY4jARnvfgK79ciCM,景点,Warehouse 30,โกดัง 30,art_gallery,画廊,4.2,1659,"48 Charoen Krung 30, Bang Rak, Bangkok 10500泰国",13.728367,100.514585,挽叻县,Bang Rak,星期一 09:00-18:00 | 星期二 09:00-18:00 | 星期三 09:00-18:00 | 星期四 09:00-18:00 | 星期五 09:00-18:00 | 星期六 09:00-18:00 | 星期日 09:00-18:00,+66 2 237 5087,https://warehouse30.com,适合儿童|有洗手间|无障碍入口|无障碍停车|无障碍洗手间,雅致的工业风仓库，设有社区艺术空间，内设摊贩、画廊、餐厅及电影院。,https://www.google.com/maps/place/Warehouse+30/data=!4m7!3m6!1s0x30e298dbb84db485:0x23885cbf2be0f79e!8m2!3d13.7283667!4d100.5145846!16s%2Fg%2F11g6x4gthr!19sChIJhbRNuNuY4jARnvfgK79ciCM?authuser=0&hl=zh-CN&g_ep=EgoyMDI2MDgyNS4wIJJjKgBIAVAD&rclk=1
ChIJnUa-d6Wf4jARp1M-LNKpKCw,景点,曼谷科学教育中心,ศูนย์ศึกษาวิทยาศาสตร์กรุงเทพ,,科学博物馆,4.2,1636,"928 Sukhumvit Rd, Phra Khanong, Khlong Toei, Bangkok 10110泰国",13.719542,100.582781,宛他那县,Phra Khanong,星期一 休息 | 星期二 09:00-16:00 | 星期三 09:00-16:00 | 星期四 09:00-16:00 | 星期五 09:00-16:00 | 星期六 09:00-16:00 | 星期日 09:00-16:00,+66 2 391 0544,https://sciplanet.org,,,https://www.google.com/maps/place/%E6%9B%BC%E8%B0%B7%E7%A7%91%E5%AD%A6%E6%95%99%E8%82%B2%E4%B8%AD%E5%BF%83/data=!4m7!3m6!1s0x30e29fa577be469d:0x2c28a9d22c3e53a7!8m2!3d13.7195424!4d100.5827807!16s%2Fm%2F043rwjv!19sChIJnUa-d6Wf4jARp1M-LNKpKCw?authuser=0&hl=zh-CN&g_ep=EgoyMDI2MDgyNS4wIJJjKgBIAVAD&rclk=1
ChIJB4SLWsOe4jAR_eDkedHm7aw,景点,奈乐庄园,คฤหาสน์ไนล์,,博物馆,4.6,1573,"4 ซอย สมคิด Lumphini, Pathum Wan, Bangkok 10330泰国",13.74622,100.54708,巴吞旺县,Lumphini,星期一 休息 | 星期二 休息 | 星期三 09:30-16:30 | 星期四 09:30-16:30 | 星期五 09:30-16:30 | 星期六 09:30-16:30 | 星期日 09:30-16:30,+66 2 253 0123,https://nailertgroup.com,,,https://www.google.com/maps/place/%E5%A5%88%E4%B9%90%E5%BA%84%E5%9B%AD/data=!4m7!3m6!1s0x30e29ec35a8b8407:0xacede6d179e4e0fd!8m2!3d13.7462204!4d100.5470802!16s%2Fg%2F11bzywsr2h!19sChIJB4SLWsOe4jAR_eDkedHm7aw?authuser=0&hl=zh-CN&g_ep=EgoyMDI2MDgyNS4wIJJjKgBIAVAD&rclk=1
ChIJ4Z0aebKe4jARPd4qGdUFvaA,景点,披耶泰宫,พระราชวังพญาไท,historical_landmark,古迹地标,4.6,1513,"315 Ratchawithi Rd, Thung Phaya Thai, Ratchathewi, Bangkok 10400泰国",13.768626,100.5329,拉差贴威县,Thung Phaya Thai,"星期一 休息 | 星期二 休息 | 星期三 休息 | 星期四 休息 | 星期五 休息 | 星期六 09:30-11:00, 13:30-15:00 | 星期日 09:30-11:00, 13:30-15:00",+66 2 354 7987,https://phyathaipalace.org,适合儿童|无障碍入口|无障碍停车,建于 1909 年的皇家庄园，拥有多个宝座大厅，园内郁郁葱葱，还设有喷泉。,https://www.google.com/maps/place/%E6%8A%AB%E8%80%B6%E6%B3%B0%E5%AE%AB/data=!4m7!3m6!1s0x30e29eb2791a9de1:0xa0bd05d5192ade3d!8m2!3d13.7686261!4d100.5329005!16s%2Fm%2F027t1rp!19sChIJ4Z0aebKe4jARPd4qGdUFvaA?authuser=0&hl=zh-CN&g_ep=EgoyMDI2MDgyNS4wIJJjKgBIAVAD&rclk=1
ChIJZw8RGRiZ4jARqZiM1Mlv3lM,景点,Wat Phra Phiren,วัดพระพิเรนทร์,buddhist_temple,佛教寺庙,4.4,1486,"326 Worachak Rd, Khwaeng Ban Bat, Khet Pom Prap Sattru Phai, Krung Thep Maha Nakhon 10100",13.747817,100.506354,邦巴沙都拍县,班巴区,星期一: 08:00–17:00 | 星期二: 08:00–17:00 | 星期三: 08:00–17:00 | 星期四: 08:00–17:00 | 星期五: 08:00–17:00 | 星期六: 08:00–17:00 | 星期日: 08:00–17:00,+66 2 221 4050,https://www.facebook.com/watphrapiren,有洗手间|无障碍入口|无障碍停车|无障碍洗手间,这座小型城市寺庙采用红色装潢，内有多座鎏金佛塔和雕像，包括一尊金佛。,https://maps.google.com/?cid=6043390662622877865&g_mp=CiVnb29nbGUubWFwcy5wbGFjZXMudjEuUGxhY2VzLkdldFBsYWNlEAIYBCAA
ChIJN1kUQ1yc4jARjpGEPYyF0S0,景点,Bangkok Butterfly Garden and Insectarium,สวนผีเสื้อและพิพิธภัณฑ์แมลงกรุงเทพ,,博物馆,4.3,1418,"RH53+RXC สวนวิชรเบญจทิศ(สวนรถไฟ Kamphaeng Phet 3 Rd, Lat Yao, Chatuchak, Bangkok 10900泰国",13.809551,100.554901,乍都节县,Chatuchak,星期一 休息 | 星期二 08:30-16:30 | 星期三 08:30-16:30 | 星期四 08:30-16:30 | 星期五 08:30-16:30 | 星期六 08:30-16:30 | 星期日 08:30-16:30,+66 2 272 4359,,,,https://www.google.com/maps/place/Bangkok+Butterfly+Garden+and+Insectarium/data=!4m7!3m6!1s0x30e29c5c43145937:0x2dd1858c3d84918e!8m2!3d13.8095512!4d100.5549011!16s%2Fg%2F1hm3b6sb5!19sChIJN1kUQ1yc4jARjpGEPYyF0S0?authuser=0&hl=zh-CN&g_ep=EgoyMDI2MDgyNS4wIJJjKgBIAVAD&rclk=1
ChIJc8C7ApmZ4jARaWUbVK5YpQM,景点,Wat Devaraj Kunchon,วัดเทวราชกุญชร,buddhist_temple,佛教寺庙,4.8,1412,"90 ถนนศรีอยุธยา แขวงวชิรพยาบาล Khwaeng Dusit, Khet Dusit, Krung Thep Maha Nakhon 10300",13.772252,100.501906,都实县,Wachira Phayaban,星期一: 09:00–17:00 | 星期二: 09:00–17:00 | 星期三: 09:00–17:00 | 星期四: 09:00–17:00 | 星期五: 09:00–17:00 | 星期六: 09:00–17:00 | 星期日: 09:00–17:00,+66 2 281 2430,https://watdevaraj.org/,有洗手间|无障碍入口|无障碍停车|无障碍洗手间,这座寺庙兼昔日的皇家修道院旨在纪念印度教众神之王因陀罗，内有许多华丽的雕像。,https://maps.google.com/?cid=262713659029677417&g_mp=Cilnb29nbGUubWFwcy5wbGFjZXMudjEuUGxhY2VzLlNlYXJjaE5lYXJieRACGAQgAA
ChIJR899CdqY4jAR9k0sJXIVHC4,景点,Bangkokian Museum,พิพิธภัณฑ์ชาวบางกอก,museum,当地历史博物馆,4.6,1398,"273 Saphan Yao Alley, Si Phraya, Bang Rak, Bangkok 10500泰国",13.728143,100.518207,挽叻县,Si Phraya,星期一 休息 | 星期二 09:00-16:00 | 星期三 09:00-16:00 | 星期四 09:00-16:00 | 星期五 09:00-16:00 | 星期六 09:00-16:00 | 星期日 09:00-16:00,+66 2 233 7027,https://facebook.com,适合儿童|有洗手间,小巧玲珑的博物馆，主要关注 20 世纪初的 2 座重建房屋。,https://www.google.com/maps/place/Bangkokian+Museum/data=!4m7!3m6!1s0x30e298da097dcf47:0x2e1c1572252c4df6!8m2!3d13.7281433!4d100.5182074!16s%2Fm%2F043pp7k!19sChIJR899CdqY4jAR9k0sJXIVHC4?authuser=0&hl=zh-CN&g_ep=EgoyMDI2MDgyNS4wIJJjKgBIAVAD&rclk=1
ChIJ6dUQpoKZ4jARVWDH6kSvwGE,景点,Pata Zoo Company Limited,บริษัท สวนสัตว์พาต้า จำกัด,zoo,动物园,3.6,1266,"QFCM+MPP, Thanon Somdet Phra Pin Klao, Khwaeng Bang Yi Khan, Khet Bang Phlat, Krung Thep Maha Nakhon 10700",13.771704,100.484335,挽拍县,Bang Yi Khan,星期一: 休息 | 星期二: 休息 | 星期三: 休息 | 星期四: 休息 | 星期五: 10:00–18:00 | 星期六: 10:00–18:00 | 星期日: 10:00–18:00,,https://www.facebook.com/Patazoo67,适合儿童|无障碍入口|无障碍停车,"Compact animal display at the top of a department store, with caged chimps, orangutans & birds.",https://maps.google.com/?cid=7043822527739027541&g_mp=Cilnb29nbGUubWFwcy5wbGFjZXMudjEuUGxhY2VzLlNlYXJjaE5lYXJieRACGAQgAA
ChIJQeSz1Cqf4jAR4GxPW_MIUbI,景点,华喃空寺,วัดหัวนคร,buddhist_temple,佛教寺庙,4.5,1208,"728 Rama IV Rd, Khwaeng Si Phraya, Khet Bang Rak, Bangkok 10500泰国",13.731997,100.529077,挽叻县,Si Phraya,星期一 24小时营业 | 星期二 24小时营业 | 星期三 24小时营业 | 星期四 24小时营业 | 星期五 24小时营业 | 星期六 24小时营业 | 星期日 24小时营业,+66 2 233 8109,https://facebook.com,有洗手间|无障碍入口|无障碍停车|无障碍洗手间,这座皇家佛寺是僧侣居所，采用精致华丽的装饰，拥有五彩缤纷、悬挂枝形吊灯的祈祷殿。,https://www.google.com/maps/place/%E5%8D%8E%E5%96%83%E7%A9%BA%E5%AF%BA/data=!4m7!3m6!1s0x30e29f2ad4b3e441:0xb25108f35b4f6ce0!8m2!3d13.7319972!4d100.5290765!16s%2Fm%2F0cz8hw8!19sChIJQeSz1Cqf4jAR4GxPW_MIUbI?authuser=0&hl=zh-CN&g_ep=EgoyMDI2MDgyNS4wIJJjKgBIAVAD&rclk=1
ChIJyWD3_ZGZ4jARhgRMB7PZMxY,景点,สวนเฉลิมพระเกียรติ 80 พรรษา พระบาทสมเด็จพระเจ้าอยู่หัว,สวนเฉลิมพระเกียรติ 80 พรรษา พระบาทสมเด็จพระเจ้าอยู่หัว,state_park,国家公园,4.5,1192,"QFC9+P7V, Thanon Bang Khun Non, Khwaeng Bang Khun Non, Khet Bangkok Noi, Krung Thep Maha Nakhon 10700",13.77187,100.468159,曼谷蓮縣,Bang Khun Non,星期一: 05:00–21:00 | 星期二: 05:00–21:00 | 星期三: 05:00–21:00 | 星期四: 05:00–21:00 | 星期五: 05:00–21:00 | 星期六: 05:00–21:00 | 星期日: 05:00–21:00,+66 2 433 9848,,适合儿童|无障碍入口|无障碍停车,,https://maps.google.com/?cid=1599861655591453830&g_mp=Cilnb29nbGUubWFwcy5wbGFjZXMudjEuUGxhY2VzLlNlYXJjaE5lYXJieRACGAQgAA
ChIJF1sbjx2Z4jARYDkLPbMAAQ8,景点,王妃母亲纪念公园,อุทยานเฉลิมพระเกียรติสมเด็จย่า,state_park,国家公园,4.6,1138,"PFPX+MQ4, Soi Somdet Chao Phraya 3, Khwaeng Somdet Chao Phraya, Khet Khlong San, Krung Thep Maha Nakhon 10600",13.736635,100.49946,空訕縣,Somdet Chao Phraya,星期一: 06:00–18:00 | 星期二: 06:00–18:00 | 星期三: 06:00–18:00 | 星期四: 06:00–18:00 | 星期五: 06:00–18:00 | 星期六: 06:00–18:00 | 星期日: 06:00–18:00,+66 2 439 0902,http://www.theprincessmothermemorialpark.org/,适合儿童|无障碍入口|无障碍停车,献给泰国公主的城市公园，其内绿树成荫，设有花园、雕像及展览厅。,https://maps.google.com/?cid=1081146155368921440&g_mp=Cilnb29nbGUubWFwcy5wbGFjZXMudjEuUGxhY2VzLlNlYXJjaE5lYXJieRACGAQgAA
ChIJudQQOt-Y4jAR6aKSDieB5YA,景点,苏恒泰故居,บ้านพักเก่าของซูเหิงไถ,,咖啡馆,3.8,1138,"282 Soi Wanit 2, Talat Noi, Samphanthawong, Bangkok 10100泰国",13.733629,100.512016,三攀他旺县,噠叻仔區,星期一 休息 | 星期二 09:00-18:00 | 星期三 09:00-18:00 | 星期四 09:00-18:00 | 星期五 09:00-18:00 | 星期六 09:00-18:00 | 星期日 09:00-18:00,,https://facebook.com,,,https://www.google.com/maps/place/%E8%8B%8F%E6%81%92%E6%B3%B0%E6%95%85%E5%B1%85/data=!4m7!3m6!1s0x30e298df3a10d4b9:0x80e581270e92a2e9!8m2!3d13.7336292!4d100.5120163!16s%2Fg%2F11gy24y10p!19sChIJudQQOt-Y4jAR6aKSDieB5YA?authuser=0&hl=zh-CN&g_ep=EgoyMDI2MDgyNS4wIJJjKgBIAVAD&rclk=1
ChIJAcuELQ2Z4jAR3q0DmU_NKkQ,景点,曼谷国家美术馆,หอศิลป์แห่งชาติกรุงเทพ,art_museum,艺术博物馆,4.1,1087,"4 Chao Fa Rd, Khwaeng Chana Songkhram, Khet Phra Nakhon, Krung Thep Maha Nakhon 10200",13.759074,100.493967,拍那空县,查那松康区,星期一 休息 | 星期二 休息 | 星期三 09:00-16:00 | 星期四 09:00-16:00 | 星期五 09:00-16:00 | 星期六 09:00-16:00 | 星期日 09:00-16:00,+66 2 282 8525,https://virtualmuseum.finearts.go.th,适合儿童|有洗手间|无障碍入口|无障碍停车|无障碍洗手间,这个多建筑综合场馆展出种类繁多的泰国手工艺品、历史立体模型和艺术品。,https://maps.google.com/?cid=4911964085354212830&g_mp=Cilnb29nbGUubWFwcy5wbGFjZXMudjEuUGxhY2VzLlNlYXJjaE5lYXJieRACGAQgAA
ChIJuQxlKwCf4jARhBH0bCE0vDs,景点,Dib Bangkok,ดิบบางกอก,,美术馆,4.2,1065,"111 Soi Sukhumvit 40, Phra Khanong, Khlong Toei, Bangkok 10110泰国",13.712913,100.579765,孔提县,Phra Khanong,,,https://dibbangkok.org,,,https://www.google.com/maps/place/Dib+Bangkok/data=!4m7!3m6!1s0x30e29f002b650cb9:0x3bbc34216cf41184!8m2!3d13.7129126!4d100.5797653!16s%2Fg%2F11w2fk9nct!19sChIJuQxlKwCf4jARhBH0bCE0vDs?authuser=0&hl=zh-CN&g_ep=EgoyMDI2MDgyNS4wIJJjKgBIAVAD&rclk=1
ChIJ7QWAYaKf4jARSvYK1MqFhs4,景点,At Narong Night Bazaar,ณ ณรงค์ไนท์บาซาร์,,夜市,4.2,1022,"300/4 Sukhumvit 42 Rd, Phra Khanong, Khlong Toei, Bangkok 10110泰国",13.71055,100.583224,孔提县,Phra Khanong,星期一 07:00-23:00 | 星期二 07:00-23:00 | 星期三 07:00-23:00 | 星期四 07:00-23:00 | 星期五 07:00-23:00 | 星期六 07:00-23:00 | 星期日 07:00-23:00,+66 92 432 8000,,,,https://www.google.com/maps/place/At+Narong+Night+Bazaar/data=!4m7!3m6!1s0x30e29fa2618005ed:0xce8685cad40af64a!8m2!3d13.7105498!4d100.5832242!16s%2Fg%2F11b7gt1vhn!19sChIJ7QWAYaKf4jARSvYK1MqFhs4?authuser=0&hl=zh-CN&g_ep=EgoyMDI2MDgyNS4wIJJjKgBIAVAD&rclk=1
ChIJxaWxmWyZ4jARfSL0xbybyzw,景点,Bang Lamphu Museum,พิพิธภัณฑ์บางลำภู,museum,博物馆,4.5,1011,"Thanon Phra Sumen, Khwaeng Chana Songkhram, Khet Phra Nakhon, Krung Thep Maha Nakhon 10200",13.763596,100.496324,拍那空县,查那松康区,星期一 休息 | 星期二 08:30-16:30 | 星期三 08:30-16:30 | 星期四 08:30-16:30 | 星期五 08:30-16:30 | 星期六 10:00-18:00 | 星期日 10:00-18:00,+66 2 281 9828,https://treasury.go.th,适合儿童|有洗手间|无障碍入口|无障碍洗手间,这家当地历史博物馆内有考古发现物品、皇室人员的照片和立体模型，另设图书馆和礼品店。,https://maps.google.com/?cid=4380766297625207421&g_mp=Cilnb29nbGUubWFwcy5wbGFjZXMudjEuUGxhY2VzLlNlYXJjaE5lYXJieRACGAQgAA
ChIJKe8xeXWZ4jARqJpZQhKighg,景点,曼谷皇家御舟博物馆,พิพิธภัณฑ์เรือหลวงกรุงเทพ,museum,博物馆,4.3,953,"80, 1 Thanon Arun Amarin, Khwaeng Arun Amarin, Khet Bangkok Noi, Krung Thep Maha Nakhon 10700",13.761947,100.484594,曼谷蓮縣,Arun Ammarin,星期一: 09:00–16:30 | 星期二: 09:00–16:30 | 星期三: 09:00–16:30 | 星期四: 09:00–16:30 | 星期五: 09:00–16:30 | 星期六: 09:00–16:30 | 星期日: 09:00–16:30,+66 2 424 0004,http://www.virtualmuseum.finearts.go.th/royalbarges/360/boat_1.html,适合儿童|有洗手间|无障碍洗手间,船库博物馆收藏有一些精心雕刻的仪式专用御舟。,https://maps.google.com/?cid=1766152203188935336&g_mp=Cilnb29nbGUubWFwcy5wbGFjZXMudjEuUGxhY2VzLlNlYXJjaE5lYXJieRACGAQgAA
ChIJ0ej1ESSZ4jAReqBCJn97QFw,景点,Wong Wian Yisipsong Karakadakhom,วงเวียน ยี่สิบสอง กรกะดาคม,park,陵园,4.2,943,"293 Thanon Wong Wian Yi Sip Song Karakada Khom, Khwaeng Pom Prap, Khet Pom Prap Sattru Phai, Krung Thep Maha Nakhon 10100",13.742199,100.513541,邦巴沙都拍县,Pom Prap,星期一: 05:00–21:00 | 星期二: 05:00–21:00 | 星期三: 05:00–21:00 | 星期四: 05:00–21:00 | 星期五: 05:00–21:00 | 星期六: 05:00–21:00 | 星期日: 05:00–21:00,,,适合儿童,大型环岛，内有一个中央公园和数座喷泉，周围街道上有许多美食摊档。,https://maps.google.com/?cid=6647448836031815802&g_mp=Cilnb29nbGUubWFwcy5wbGFjZXMudjEuUGxhY2VzLlNlYXJjaE5lYXJieRACGAQgAA
ChIJu5bnneqZ4jARHVg2S_H2pIg,景点,Wat Hong Rattanaram Ratchaworawihan,วัดหงษ์รัตนารามราชวรวิหาร,buddhist_temple,佛教寺庙,4.8,925,"72 Thanon Wang Doem, Khwaeng Wat Arun, Khet Bangkok Yai, Krung Thep Maha Nakhon 10600",13.73974,100.487837,曼谷艾县,Wat Arun,星期一: 08:00–17:00 | 星期二: 08:00–17:00 | 星期三: 08:00–17:00 | 星期四: 08:00–17:00 | 星期五: 08:00–17:00 | 星期六: 08:00–17:00 | 星期日: 08:00–17:00,+66 89 062 8924,https://www.facebook.com/%E0%B8%A7%E0%B8%B1%E0%B8%94%E0%B8%AB%E0%B8%87%E0%B8%AA%E0%B9%8C%E0%B8%A3%E0%B8%B1%E0%B8%95%E0%B8%99%E0%B8%B2%E0%B8%A3%E0%B8%B2%E0%B8%A1-%E0%B8%A3%E0%B8%B2%E0%B8%8A%E0%B8%A7%E0%B8%A3%E0%B8%A7%E0%B8%B4%E0%B8%AB%E0%B8%B2%E0%B8%A3-199092176891202/,有洗手间|无障碍入口|无障碍停车|无障碍洗手间,,https://maps.google.com/?cid=9846266201548150813&g_mp=Cilnb29nbGUubWFwcy5wbGFjZXMudjEuUGxhY2VzLlNlYXJjaE5lYXJieRACGAQgAA
ChIJZyEqQ3KZ4jARn3WpkmqvQl0,景点,卧佛寺码头,ท่าเรือวัดโพธิ์,tourist_attraction,旅游胜地,4.7,909,"PFVR+QGM, Thanon Maha Rat, Khwaeng Phra Borom Maha Ratchawang, Khet Phra Nakhon, Krung Thep Maha Nakhon 10200",13.744461,100.491282,拍那空县,大皇宫区,,,,适合儿童,,https://maps.google.com/?cid=6720126466252174751&g_mp=CiVnb29nbGUubWFwcy5wbGFjZXMudjEuUGxhY2VzLkdldFBsYWNlEAIYBCAA
ChIJyw029fqY4jARIt_zI6YfFbY,景点,King Taksin the Great Monument,อนุสาวรีย์พระเจ้าตากสินมหาราช,monument,纪念碑,4.6,839,"86 Lat Ya Rd, Khwaeng Khlong San, Khet Thon Buri, Krung Thep Maha Nakhon 10600",13.726301,100.493113,吞武里县,Bang Yi Ruea,,,,适合儿童|无障碍入口,这座 18 世纪郑王骑马雕像气势雄伟，周围环绕着景观花园。,https://maps.google.com/?cid=13120427887842025250&g_mp=Cilnb29nbGUubWFwcy5wbGFjZXMudjEuUGxhY2VzLlNlYXJjaE5lYXJieRACGAQgAA
ChIJQ4oFJxCZ4jAR9yYUnLy-aS0,景点,拉差巴迪寺,วัดราชประดิษฐสถิตมหาสีมาราม,buddhist_temple,佛教寺庙,4.7,802,"2 Saranrom Rd, Khwaeng Phra Borom Maha Ratchawang, Khet Phra Nakhon, Krung Thep Maha Nakhon 10200",13.749657,100.495483,拍那空县,大皇宫区,星期一: 08:00–18:00 | 星期二: 08:00–18:00 | 星期三: 08:00–18:00 | 星期四: 08:00–18:00 | 星期五: 08:00–18:00 | 星期六: 08:00–18:00 | 星期日: 08:00–18:00,+66 86 500 6123,https://www.facebook.com/223794347671542,适合儿童|有洗手间|无障碍入口|无障碍洗手间,建于 19 世纪的宏伟寺庙和皇家修道院建筑群，装饰着大理石瓷砖、镀金柚木和生动的马赛克。,https://maps.google.com/?cid=3272356321543071479&g_mp=CiVnb29nbGUubWFwcy5wbGFjZXMudjEuUGxhY2VzLkdldFBsYWNlEAIYBCAA
ChIJD4qvhBuZ4jARt49cJ-InzXk,景点,Wat Ratchaburana Ratchaworawihan (Wat Liap),วัดราชบุรณราชวรวิหาร (วัดเลียบ),buddhist_temple,佛教寺庙,4.5,789,"119 Chakkraphet Rd, Khwaeng Wang Burapha Phirom, Khet Phra Nakhon, Krung Thep Maha Nakhon 10200",13.742363,100.499018,拍那空县,三王府区,,,https://www.facebook.com/Watliab/,有洗手间|无障碍入口|无障碍停车|无障碍洗手间,,https://maps.google.com/?cid=8776715101091434423&g_mp=CiVnb29nbGUubWFwcy5wbGFjZXMudjEuUGxhY2VzLkdldFBsYWNlEAIYBCAA
ChIJnYDfpAaZ4jARcN8dBuD-IS8,景点,Phra Racha Wang Derm (Thonburi Palace),พระราชาวังเดิม (พระราชวังธนบุรี),museum,历史博物馆,4.6,786,"2 Thanon Wang Doem, Wat Arun, Bangkok Yai, Bangkok 10600泰国",13.742255,100.489951,曼谷艾县,Wat Arun,星期一 08:30-16:00 | 星期二 08:30-16:00 | 星期三 08:30-16:00 | 星期四 08:30-16:00 | 星期五 08:30-16:00 | 星期六 休息 | 星期日 休息,,,适合儿童|有洗手间|无障碍洗手间,达信大帝的宫殿建于 18 世纪，另有 2 座中式住宅和一座鲸头神殿。,https://www.google.com/maps/place/Phra+Racha+Wang+Derm+%28Thonburi+Palace%29/data=!4m7!3m6!1s0x30e29906a4df809d:0x2f21fee0061ddf70!8m2!3d13.742255!4d100.4899511!16s%2Fm%2F0j2699n!19sChIJnYDfpAaZ4jARcN8dBuD-IS8?authuser=0&hl=zh-CN&g_ep=EgoyMDI2MDgyNS4wIJJjKgBIAVAD&rclk=1
ChIJN4PkjhSZ4jAR3WolPOGAXxE,景点,Ratchadamnoen Contemporary Art Center,หอศิลป์ร่วมสมัยราชดำเนิน,,艺术中心,4.5,772,"84 Ratchadamnoen Klang Rd, Wat Bowon Niwet, Phra Nakhon, Bangkok 10200泰国",13.756026,100.502985,拍那空县,波稳尼威区,星期一 休息 | 星期二 10:00-19:00 | 星期三 10:00-19:00 | 星期四 10:00-19:00 | 星期五 10:00-19:00 | 星期六 10:00-19:00 | 星期日 10:00-19:00,+66 2 224 8030,https://rcac84.com,,,https://www.google.com/maps/place/Ratchadamnoen+Contemporary+Art+Center/data=!4m7!3m6!1s0x30e299148ee48337:0x115f80e13c256add!8m2!3d13.7560263!4d100.5029847!16s%2Fg%2F1pp2vb9z6!19sChIJN4PkjhSZ4jAR3WolPOGAXxE?authuser=0&hl=zh-CN&g_ep=EgoyMDI2MDgyNS4wIJJjKgBIAVAD&rclk=1
ChIJA9tOYRqZ4jARdeZ_usUJwLc,景点,Wat Thipphaya Warin Wihan,วัดทิพยวารีวิหาร,buddhist_temple,佛教寺庙,4.6,742,"119 Soi Thip Wari, Khwaeng Wang Burapha Phirom, Khet Phra Nakhon, Krung Thep Maha Nakhon 10200",13.746095,100.49862,拍那空县,三王府区,星期一: 06:00–17:00 | 星期二: 06:00–17:00 | 星期三: 06:00–17:00 | 星期四: 06:00–17:00 | 星期五: 06:00–17:00 | 星期六: 06:00–17:00 | 星期日: 06:00–17:00,+66 2 623 8949,https://www.facebook.com/WatDibayaVariVihara,有洗手间|无障碍洗手间,,https://maps.google.com/?cid=13240593649311409781&g_mp=CiVnb29nbGUubWFwcy5wbGFjZXMudjEuUGxhY2VzLkdldFBsYWNlEAIYBCAA
ChIJ9ZMumAeZ4jAR4BMuyRuPWNc,景点,昭披耶天空公园,เจ้าพระยาสกายปาร์ค,state_park,国家公园,4.5,709,"PFQX+J95, Phra Pokklao Brg, Wang Burapha Phirom, Phra Nakhon, Bangkok 10200泰国",13.739016,100.498487,拍那空县,Somdet Chao Phraya,星期一 05:00-20:00 | 星期二 05:00-20:00 | 星期三 05:00-20:00 | 星期四 05:00-20:00 | 星期五 05:00-20:00 | 星期六 05:00-20:00 | 星期日 05:00-20:00,,https://bangkok.go.th,适合儿童|无障碍入口|无障碍停车|无障碍座位,,https://www.google.com/maps/place/%E6%98%AD%E6%8A%AB%E8%80%B6%E5%A4%A9%E7%A9%BA%E5%85%AC%E5%9B%AD/data=!4m7!3m6!1s0x30e29907982e93f5:0xd7588f1bc92e13e0!8m2!3d13.7390161!4d100.4984869!16s%2Fg%2F11fvx9ddw8!19sChIJ9ZMumAeZ4jAR4BMuyRuPWNc?authuser=0&hl=zh-CN&g_ep=EgoyMDI2MDgyNS4wIJJjKgBIAVAD&rclk=1
ChIJq6BkoviZ4jARz5h-IvOGsGw,景点,Wat Arun Viewing Point,จุดชมวิววัดอรุณ,tourist_attraction,旅游胜地,4.6,681,"89 Maharat Rd, Phra Borom Maha Ratchawang, Phra Nakhon, Bangkok 10200泰国",13.744866,100.490954,拍那空县,大皇宫区,星期一 24小时营业 | 星期二 24小时营业 | 星期三 24小时营业 | 星期四 24小时营业 | 星期五 24小时营业 | 星期六 24小时营业 | 星期日 24小时营业,,,适合儿童|有洗手间|无障碍入口|无障碍停车,,https://www.google.com/maps/place/Wat+Arun+Viewing+Point/data=!4m7!3m6!1s0x30e299f8a264a0ab:0x6cb086f3227e98cf!8m2!3d13.7448659!4d100.4909543!16s%2Fg%2F11srgjpxx5!19sChIJq6BkoviZ4jARz5h-IvOGsGw?authuser=0&hl=zh-CN&g_ep=EgoyMDI2MDgyNS4wIJJjKgBIAVAD&rclk=1
ChIJl1NxyA6Z4jARJFwEMEw9eyE,景点,Queen Sirikit Museum of Textiles,พิพิธภัณฑ์ผ้าสมเด็จพระนางเจ้าสิริกิติ์,museum,博物馆,4.6,646,"The Grand Palace, Na Phra Lan Rd, Phra Borom Maha Ratchawang, Phra Nakhon, Bangkok 10200泰国",13.751914,100.490729,拍那空县,大皇宫区,星期一 09:00-16:30 | 星期二 09:00-16:30 | 星期三 09:00-16:30 | 星期四 09:00-16:30 | 星期五 09:00-16:30 | 星期六 09:00-16:30 | 星期日 09:00-16:30,+66 2 225 9430,https://qsmtthailand.org,适合儿童|无障碍入口|无障碍停车|无障碍洗手间|无障碍座位,时尚的现代博物馆，藏有一系列令人惊艳的传统纺织品。,https://www.google.com/maps/place/Queen+Sirikit+Museum+of+Textiles/data=!4m7!3m6!1s0x30e2990ec8715397:0x217b3d4c30045c24!8m2!3d13.7519144!4d100.4907287!16s%2Fg%2F12hn3jxp6!19sChIJl1NxyA6Z4jARJFwEMEw9eyE?authuser=0&hl=zh-CN&g_ep=EgoyMDI2MDgyNS4wIJJjKgBIAVAD&rclk=1
ChIJ_2a1LQKf4jAR8ya-XxsPfCg,景点,泰国创意设计中心,ศูนย์สร้างสรรค์งานออกแบบแห่งประเทศไทย,,学习中心,4.6,632,"Central Post Office, 1160 ถ. เจริญกรุง Bang Rak, Bangkok 10500泰国",13.726698,100.515624,挽叻县,Bang Rak,星期一 休息 | 星期二 10:30-19:00 | 星期三 10:30-19:00 | 星期四 10:30-19:00 | 星期五 10:30-19:00 | 星期六 10:30-19:00 | 星期日 10:30-19:00,+66 2 105 7400,https://tcdc.or.th,,,https://www.google.com/maps/place/%E6%B3%B0%E5%9B%BD%E5%88%9B%E6%84%8F%E8%AE%BE%E8%AE%A1%E4%B8%AD%E5%BF%83/data=!4m7!3m6!1s0x30e29f022db566ff:0x287c0f1b5fbe26f3!8m2!3d13.7266985!4d100.5156235!16s%2Fg%2F121y9w5m!19sChIJ_2a1LQKf4jAR8ya-XxsPfCg?authuser=0&hl=zh-CN&g_ep=EgoyMDI2MDgyNS4wIJJjKgBIAVAD&rclk=1
ChIJ-eyyhHyZ4jARotCdwRuntM4,景点,Tha Tian Pier,ท่าเรือท่าเตียน,tourist_attraction,旅游胜地,4.4,601,"PFWR+93X, Thanon Thai Wang, Khwaeng Phra Borom Maha Ratchawang, Khet Phra Nakhon, Krung Thep Maha Nakhon 10200",13.745976,100.490219,拍那空县,大皇宫区,,,,适合儿童|有洗手间,,https://maps.google.com/?cid=14894713605275373730&g_mp=Cilnb29nbGUubWFwcy5wbGFjZXMudjEuUGxhY2VzLlNlYXJjaE5lYXJieRACGAQgAA
ChIJTRW2qRWZ4jARw3lH35FZ5Hg,景点,Royal Pavilion Mahajetsadabadin,ลานพลับพลามหาเจษฎาบดินทร์,park,公园,4.7,578,"2 Thanon Ratchadamnoen Klang, Khwaeng Wat Bowon Niwet, Khet Phra Nakhon, Krung Thep Maha Nakhon 10200",13.75574,100.504576,拍那空县,波稳尼威区,,,,适合儿童|无障碍入口,,https://maps.google.com/?cid=8711186062292515267&g_mp=Cilnb29nbGUubWFwcy5wbGFjZXMudjEuUGxhY2VzLlNlYXJjaE5lYXJieRACGAQgAA
ChIJ-V9rqgOZ4jARjvFHGX8Q3fk,景点,Baan Kudichin Museum,พิพิธภัณฑ์บ้านกุฎีจีน,museum,博物馆,4.7,571,"271 Thetsaban Sai 1 Rd, Wat Kanlaya, Thon Buri, Bangkok 10600泰国",13.739346,100.492973,吞武里县,越干拉耶区,星期一 休息 | 星期二 10:00-17:30 | 星期三 10:00-17:30 | 星期四 10:00-17:30 | 星期五 10:00-17:30 | 星期六 10:00-17:30 | 星期日 10:00-17:30,+66 81 772 5184,https://baankudichinmuseum.com,适合儿童|有洗手间|无障碍洗手间,,https://www.google.com/maps/place/Baan+Kudichin+Museum/data=!4m7!3m6!1s0x30e29903aa6b5ff9:0xf9dd107f1947f18e!8m2!3d13.739346!4d100.4929733!16s%2Fg%2F11byhm4k6x!19sChIJ-V9rqgOZ4jARjvFHGX8Q3fk?authuser=0&hl=zh-CN&g_ep=EgoyMDI2MDgyNS4wIJJjKgBIAVAD&rclk=1
ChIJQ5p2ehWZ4jARGmpX6vHMs5k,景点,King Prajadhipok Museum,พิพิธภัณฑ์พระบาทสมเด็จพระปกเกล้าเจ้าอยู่หัว,history_museum,历史博物馆,4.7,561,"2 Lan Luang Rd, Khwaeng Ban Bat, Khet Pom Prap Sattru Phai, Krung Thep Maha Nakhon 10100",13.75614,100.506407,拍那空县,班巴区,,+66 2 280 3413,http://www.kpi.ac.th/,有洗手间,致敬泰国国王拉玛七世的博物馆，设有呈现国王个人生活及政治生涯的展览。,https://maps.google.com/?cid=11075421248024963610&g_mp=Cilnb29nbGUubWFwcy5wbGFjZXMudjEuUGxhY2VzLlNlYXJjaE5lYXJieRACGAQgAA
ChIJhUnURACZ4jARwb3dT5UiytA,景点,mahanakhon skywalk,สกายวอล์คมหานคร,observation_deck,观景台,4.7,559,"114 Thanon Naradhiwat Rajanagarindra, Si Lom, Khet Bang Rak, Krung Thep Maha Nakhon 10500",13.724011,100.528477,挽叻县,是隆,星期一: 10:00–00:00 | 星期二: 10:00–00:00 | 星期三: 10:00–00:00 | 星期四: 10:00–00:00 | 星期五: 10:00–00:00 | 星期六: 10:00–00:00 | 星期日: 10:00–00:00,,https://kingpowermahanakhon.co.th/,适合儿童|无障碍入口|无障碍停车,,https://maps.google.com/?cid=15044875529869966785&g_mp=Cilnb29nbGUubWFwcy5wbGFjZXMudjEuUGxhY2VzLlNlYXJjaE5lYXJieRACGAQgAA
ChIJp3mcSQaZ4jARaI29SG46vZM,景点,Public View Point,จุดชมวิวสาธารณะ,,景点,4.7,551,"44 Maharat Rd, Phra Borom Maha Ratchawang, Phra Nakhon, Bangkok 10200泰国",13.744678,100.49126,拍那空县,大皇宫区,,,,,,https://www.google.com/maps/place/Public+View+Point/data=!4m7!3m6!1s0x30e29906499c79a7:0x93bd3a6e48bd8d68!8m2!3d13.7446785!4d100.4912604!16s%2Fg%2F11tjlvj8h9!19sChIJp3mcSQaZ4jARaI29SG46vZM?authuser=0&hl=zh-CN&g_ep=EgoyMDI2MDgyNS4wIJJjKgBIAVAD&rclk=1
ChIJq6qqqoaZ4jARanST2cxGKOk,景点,Siriraj Medical Museum,พิพิธภัณฑ์การแพทย์ศิริราช,museum,博物馆,4.3,533,"2 Thanon Wang Lang, Khwaeng Siriraj, Khet Bangkok Noi, Krung Thep Maha Nakhon 10700",13.758794,100.485113,曼谷蓮縣,Sirirat,星期一 10:00-17:00 | 星期二 休息 | 星期三 10:00-17:00 | 星期四 10:00-17:00 | 星期五 10:00-17:00 | 星期六 10:00-17:00 | 星期日 10:00-17:00,+66 2 414 1476,https://sirirajmuseum.com,有洗手间|无障碍入口|无障碍停车|无障碍洗手间,博物馆，涉及五个医学分支：寄生虫学、病理学、解剖学、法医学和医学史。,https://maps.google.com/?cid=16800756255543227498&g_mp=Cilnb29nbGUubWFwcy5wbGFjZXMudjEuUGxhY2VzLlNlYXJjaE5lYXJieRACGAQgAA
ChIJjbXHJSeZ4jARMekgCHrnANk,景点,耀华力唐人街历史中心,ศูนย์ประวัติศาสตร์เยาวราชไชน่าทาวน์,,当地历史博物馆,4.5,521,"661 ถ. เจริญกรุง Talat Noi, Samphanthawong, Bangkok 10100泰国",13.737728,100.513561,三攀他旺县,噠叻仔區,星期一 休息 | 星期二 08:30-16:30 | 星期三 08:30-16:30 | 星期四 08:30-16:30 | 星期五 08:30-16:30 | 星期六 08:30-16:30 | 星期日 08:30-16:30,+66 89 002 2700,https://facebook.com,,,https://www.google.com/maps/place/%E8%80%80%E5%8D%8E%E5%8A%9B%E5%94%90%E4%BA%BA%E8%A1%97%E5%8E%86%E5%8F%B2%E4%B8%AD%E5%BF%83/data=!4m7!3m6!1s0x30e2992725c7b58d:0xd900e77a0820e931!8m2!3d13.737728!4d100.5135606!16s%2Fg%2F11b5zrxl2r!19sChIJjbXHJSeZ4jARMekgCHrnANk?authuser=0&hl=zh-CN&g_ep=EgoyMDI2MDgyNS4wIJJjKgBIAVAD&rclk=1
ChIJFy2NQgCZ4jARohQQnlHuJ8M,景点,Song Wat Street Art,ทรงวัดสตรีทอาร์ต,tourist_attraction,旅游胜地,4.6,519,"PGP5+XFP, Song Wat Rd, Samphanthawong, Bangkok 10100泰国",13.737462,100.508717,三攀他旺县,Samphanthawong,星期一 24小时营业 | 星期二 24小时营业 | 星期三 24小时营业 | 星期四 24小时营业 | 星期五 24小时营业 | 星期六 24小时营业 | 星期日 24小时营业,,,有洗手间,,https://www.google.com/maps/place/Song+Wat+Street+Art/data=!4m7!3m6!1s0x30e29900428d2d17:0xc327ee519e1014a2!8m2!3d13.7374619!4d100.5087166!16s%2Fg%2F11ygz42smz!19sChIJFy2NQgCZ4jARohQQnlHuJ8M?authuser=0&hl=zh-CN&g_ep=EgoyMDI2MDgyNS4wIJJjKgBIAVAD&rclk=1
ChIJbfiHISmf4jAROlU59vpyopA,景点,King Rama VI Monument,อนุสาวรีย์พระบาทสมเด็จพระมงกุฎเกล้าเจ้าอยู่หัว,monument,纪念碑,4.5,510,"192 Rama IV Rd, Lumphini, Pathum Wan, Bangkok 10330泰国",13.729951,100.537674,巴吞旺县,Lumphini,星期一 24小时营业 | 星期二 24小时营业 | 星期三 24小时营业 | 星期四 24小时营业 | 星期五 24小时营业 | 星期六 24小时营业 | 星期日 24小时营业,,,适合儿童|无障碍入口|无障碍停车,这座拉玛六世国王的历史雕像于 1942 年建成，旨在纪念旁边伦披尼公园的开放。,https://www.google.com/maps/place/King+Rama+VI+Monument/data=!4m7!3m6!1s0x30e29f292187f86d:0x90a272faf639553a!8m2!3d13.7299508!4d100.5376744!16s%2Fg%2F11rs0nkgj!19sChIJbfiHISmf4jAROlU59vpyopA?authuser=0&hl=zh-CN&g_ep=EgoyMDI2MDgyNS4wIJJjKgBIAVAD&rclk=1
ChIJr73LyROZ4jARdUijhDjAjPw,景点,Wat Mahannapharam Worawihan,วัดมหรรณพารามวรวิหาร,buddhist_temple,佛教寺庙,4.6,503,"261 Thanon Tanao, Khwaeng Sao Chingcha, Khet Phra Nakhon, Krung Thep Maha Nakhon 10200",13.754736,100.499328,拍那空县,大秋千区,星期一: 08:00–17:00 | 星期二: 08:00–17:00 | 星期三: 08:00–17:00 | 星期四: 08:00–17:00 | 星期五: 08:00–17:00 | 星期六: 08:00–17:00 | 星期日: 08:00–17:00,+66 86 688 3429,https://www.facebook.com/%E0%B8%A7%E0%B8%B1%E0%B8%94%E0%B8%A1%E0%B8%AB%E0%B8%A3%E0%B8%A3%E0%B8%93%E0%B8%9E%E0%B8%B2%E0%B8%A3%E0%B8%B2%E0%B8%A1-%E0%B8%A7%E0%B8%A3%E0%B8%A7%E0%B8%B4%E0%B8%AB%E0%B8%B2%E0%B8%A3-241057176763358/,有洗手间|无障碍入口|无障碍停车|无障碍洗手间,,https://maps.google.com/?cid=18198131543273326709&g_mp=Cilnb29nbGUubWFwcy5wbGFjZXMudjEuUGxhY2VzLlNlYXJjaE5lYXJieRACGAQgAA
ChIJW6dIDhWZ4jARS2gURqMBgH4,景点,王后画廊,หอศิลป์สมเด็จพระนางเจ้าสิริกิติ์ พระบรมราชินีนาถ,art_museum,Art museum,4.4,494,"101 Thanon Ratchadamnoen Klang, Khwaeng Wat Bowon Niwet, Khet Phra Nakhon, Krung Thep Maha Nakhon 10200",13.756527,100.505155,拍那空县,波稳尼威区,星期一: 10:00–19:00 | 星期二: 10:00–19:00 | 星期三: 休息 | 星期四: 10:00–19:00 | 星期五: 10:00–19:00 | 星期六: 10:00–19:00 | 星期日: 10:00–19:00,+66 2 281 5360,https://www.museumthailand.com/en/museum/The-Queen-Gallery,适合儿童|有洗手间|无障碍入口|无障碍停车|无障碍洗手间,Works by Thai artists are on display at this gallery set up after a request by Queen Sirikit.,https://maps.google.com/?cid=9115287446564923467&g_mp=Cilnb29nbGUubWFwcy5wbGFjZXMudjEuUGxhY2VzLlNlYXJjaE5lYXJieRACGAQgAA
ChIJcebuTx5jHTERPpA79qxC77Y,景点,Bangkok World,บางกอกเวิลด์,,旅游胜地,4.5,491,"203 Suan Sayam Rd, คันนายาว Khan Na Yao, Bangkok 10230泰国",13.805311,100.69235,汉那尧县,Khan Na Yao,星期一 10:00-20:00 | 星期二 10:00-20:00 | 星期三 10:00-20:00 | 星期四 10:00-20:00 | 星期五 10:00-20:00 | 星期六 10:00-20:00 | 星期日 10:00-20:00,+66 2 105 4294,https://siamamazingpark.com,,,https://www.google.com/maps/place/Bangkok+World/data=!4m7!3m6!1s0x311d631e4feee671:0xb6ef42acf63b903e!8m2!3d13.8053114!4d100.6923497!16s%2Fg%2F11n62kqv6y!19sChIJcebuTx5jHTERPpA79qxC77Y?authuser=0&hl=zh-CN&g_ep=EgoyMDI2MDgyNS4wIJJjKgBIAVAD&rclk=1
ChIJbzaVuumZ4jAR20fzg5KbiAw,景点,Song Khlong Floating Market (Wat Talingchan),ตลาดน้ำสองคลอง (วัดตลิ่งชัน),,水上市场,4.4,483,"111 วัดตลิ่งชัน 300 Chak Phra Rd, Khlong Chak Phra, Taling Chan, Bangkok 10170泰国",13.777951,100.458207,打邻仓县,Khlong Chak Phra,星期一 休息 | 星期二 休息 | 星期三 休息 | 星期四 休息 | 星期五 休息 | 星期六 08:00-15:00 | 星期日 08:00-15:00,+66 89 205 7532,https://facebook.com,,,https://www.google.com/maps/place/Song+Khlong+Floating+Market+%28Wat+Talingchan%29/data=!4m7!3m6!1s0x30e299e9ba95366f:0xc889b9283f347db!8m2!3d13.7779512!4d100.4582069!16s%2Fg%2F11h6r6fxk9!19sChIJbzaVuumZ4jAR20fzg5KbiAw?authuser=0&hl=zh-CN&g_ep=EgoyMDI2MDgyNS4wIJJjKgBIAVAD&rclk=1
ChIJxUbo7Imf4jARjxZw5VuoZQM,景点,The Street Ratchada Night Market,ตลาดนัดกลางคืนเดอะสตรีทรัชดา,,夜市,4.4,483,"169 Ratchadaphisek Rd, Din Daeng, Bangkok 10400泰国",13.769833,100.572476,汇权县,Din Daeng,,,,,,https://www.google.com/maps/place/The+Street+Ratchada+Night+Market/data=!4m7!3m6!1s0x30e29f89ece846c5:0x365a85be570168f!8m2!3d13.7698334!4d100.5724757!16s%2Fg%2F11rvgst3q8!19sChIJxUbo7Imf4jARjxZw5VuoZQM?authuser=0&hl=zh-CN&g_ep=EgoyMDI2MDgyNS4wIJJjKgBIAVAD&rclk=1
ChIJcTKWSsKY4jAR0FjgeEpiUOs,景点,Chaloem Phra Kiat Forest Park,วนอุทยานเฉลิมพระเกียรติ,park,公园,4.4,481,"PGC5+4W6, Khlong Ton Sai, Khlong San, Bangkok 10600",13.720279,100.509757,空訕縣,Khlong Ton Sai,星期一: 05:00–21:00 | 星期二: 05:00–21:00 | 星期三: 05:00–21:00 | 星期四: 05:00–21:00 | 星期五: 05:00–21:00 | 星期六: 05:00–21:00 | 星期日: 05:00–21:00,,,适合儿童|无障碍入口|无障碍停车,,https://maps.google.com/?cid=16956160669044988112&g_mp=Cilnb29nbGUubWFwcy5wbGFjZXMudjEuUGxhY2VzLlNlYXJjaE5lYXJieRACGAQgAA
ChIJZTT0LnWZ4jAR_yN5TakeAkQ,景点,Siriraj Bimuksthan Museum,พิพิธภัณฑ์ศิริราชพิมุขสถาน,museum,博物馆,4.7,468,"2 ซอย วังหลัง Khwaeng Siriraj, Khet Bangkok Noi, Krung Thep Maha Nakhon 10700",13.759696,100.486936,曼谷蓮縣,Sirirat,星期一: 10:00–17:00 | 星期二: 休息 | 星期三: 10:00–17:00 | 星期四: 10:00–17:00 | 星期五: 10:00–17:00 | 星期六: 10:00–17:00 | 星期日: 10:00–17:00,+66 2 419 2617,https://www.facebook.com/siriraj.museum,适合儿童|有洗手间|无障碍入口|无障碍停车|无障碍洗手间,,https://maps.google.com/?cid=4900513057030611967&g_mp=Cilnb29nbGUubWFwcy5wbGFjZXMudjEuUGxhY2VzLlNlYXJjaE5lYXJieRACGAQgAA
ChIJCZI4aKWf4jARwIdwPlgvImY,景点,Harborland Gateway Ekamai,ฮาร์เบอร์แลนด์ เกตเวย์ เอกมัย,,室内游乐场,4.2,460,"Gateway Ekamai, Phra Khanong, Khlong Toei, Bangkok 10110泰国",13.718546,100.585351,宛他那县,Phra Khanong,星期一 10:30-19:30 | 星期二 10:30-19:30 | 星期三 10:30-19:30 | 星期四 10:30-19:30 | 星期五 10:30-19:30 | 星期六 10:30-19:30 | 星期日 10:30-19:30,+66 65 848 2000,https://harborlandgroup.com,,,https://www.google.com/maps/place/Harborland+Gateway+Ekamai/data=!4m7!3m6!1s0x30e29fa568389209:0x66222f583e7087c0!8m2!3d13.7185461!4d100.5853509!16s%2Fg%2F11h7n80cbt!19sChIJCZI4aKWf4jARwIdwPlgvImY?authuser=0&hl=zh-CN&g_ep=EgoyMDI2MDgyNS4wIJJjKgBIAVAD&rclk=1
ChIJfx96zk-Z4jAReV15DDQTHmY,景点,吉拉达宫,พระราชวังกิรัลดา,historical_landmark,古迹地标,4.4,433,"QG9C+P8W, Suan Chitlada, Dusit District, Bangkok 10300泰国",13.769369,100.520816,都实县,Suan Chit Lada,星期一 08:30-16:30 | 星期二 08:30-16:30 | 星期三 08:30-16:30 | 星期四 08:30-16:30 | 星期五 08:30-16:30 | 星期六 休息 | 星期日 休息,+66 82 774 0292,https://kanchanapisek.or.th,无障碍入口|无障碍停车,国王的豪华宫殿以及专门用于农业发展的土地，有稻田和养鱼场。,https://www.google.com/maps/place/%E5%90%89%E6%8B%89%E8%BE%BE%E5%AE%AB/data=!4m7!3m6!1s0x30e2994fce7a1f7f:0x661e13340c795d79!8m2!3d13.7693694!4d100.520816!16zL20vMDcxZG5f!19sChIJfx96zk-Z4jAReV15DDQTHmY?authuser=0&hl=zh-CN&g_ep=EgoyMDI2MDgyNS4wIJJjKgBIAVAD&rclk=1
ChIJp3C95dKY4jAROlVYB03slTs,景点,是隆广场商业区,ย่านธุรกิจสีลมพลาซ่า,plaza,广场,4.0,431,"491, 20 Si Lom Rd, Si Lom, Khet Bang Rak, Krung Thep Maha Nakhon 10500",13.725575,100.527717,挽叻县,是隆,星期一: 12:00–20:30 | 星期二: 12:00–20:30 | 星期三: 12:00–20:30 | 星期四: 12:00–20:30 | 星期五: 12:00–20:30 | 星期六: 12:00–20:30 | 星期日: 12:00–20:30,,,无障碍入口|无障碍停车,,https://maps.google.com/?cid=4293597635347502394&g_mp=Cilnb29nbGUubWFwcy5wbGFjZXMudjEuUGxhY2VzLlNlYXJjaE5lYXJieRACGAQgAA
ChIJxz7AVBSZ4jARN1_W35voh7M,景点,ATT 19,อัฏฐ 19,art_gallery,画廊,4.7,420,"19 Charoen Krung 30, Khwaeng Bang Rak, Khet Bang Rak, Krung Thep Maha Nakhon 10500",13.72891,100.515145,挽叻县,Bang Rak,星期一: 休息 | 星期二: 11:00–18:00 | 星期三: 11:00–18:00 | 星期四: 11:00–18:00 | 星期五: 11:00–18:00 | 星期六: 11:00–18:00 | 星期日: 11:00–18:00,+66 62 887 6161,https://www.instagram.com/att19.bkk,有洗手间|外带,,https://maps.google.com/?cid=12936564210817982263&g_mp=Cilnb29nbGUubWFwcy5wbGFjZXMudjEuUGxhY2VzLlNlYXJjaE5lYXJieRACGAQgAA
ChIJfb8GfDGf4jARDP6tiVyw0hE,景点,Baiyoke Observation Deck,จุดชมวิวใบหยก,observation_deck,观景台,4.5,409,"Baiyoke Tower II, 222 Ratchaprarop Rd, Thanon Phaya Thai, Ratchathewi, Bangkok 10400泰国",13.754295,100.540383,拉差贴威县,Thanon Phaya Thai,星期一 10:00-22:00 | 星期二 10:00-22:00 | 星期三 10:00-22:00 | 星期四 10:00-22:00 | 星期五 10:00-22:00 | 星期六 10:00-22:00 | 星期日 10:00-22:00,+66 2 656 3000,https://gotripticket.com,适合儿童|无障碍入口|无障碍停车,,https://www.google.com/maps/place/Baiyoke+Observation+Deck/data=!4m7!3m6!1s0x30e29f317c06bf7d:0x11d2b05c89adfe0c!8m2!3d13.7542947!4d100.5403828!16s%2Fg%2F11gr3748pm!19sChIJfb8GfDGf4jARDP6tiVyw0hE?authuser=0&hl=zh-CN&g_ep=EgoyMDI2MDgyNS4wIJJjKgBIAVAD&rclk=1
ChIJvRrYdxWZ4jARp3JWoSGK8Wo,景点,Mahakan Fort,ป้อมมหากาฬ,,堡垒,4.4,404,"QG44+66R, Maha Chai Rd, Khwaeng Wat Bowon Niwet, Phra Nakhon, Bangkok 10200泰国",13.755616,100.505507,拍那空县,波稳尼威区,星期一 24小时营业 | 星期二 24小时营业 | 星期三 24小时营业 | 星期四 24小时营业 | 星期五 24小时营业 | 星期六 24小时营业 | 星期日 24小时营业,,,,,https://www.google.com/maps/place/Mahakan+Fort/data=!4m7!3m6!1s0x30e2991577d81abd:0x6af18a21a15672a7!8m2!3d13.7556156!4d100.5055074!16s%2Fg%2F1221mxdq!19sChIJvRrYdxWZ4jARp3JWoSGK8Wo?authuser=0&hl=zh-CN&g_ep=EgoyMDI2MDgyNS4wIJJjKgBIAVAD&rclk=1
ChIJQ8n35wiZ4jARQpUckqAfs_s,景点,Ratchaworadit Pier (Tha Rat),ท่าราชวรดิษฐ์ (ท่าราช),historical_landmark,古迹地标,4.5,392,"PFXQ+RHC แม่น้ำเจ้าพระยา Khwaeng Phra Borom Maha Ratchawang, Khet Phra Nakhon, Krung Thep Maha Nakhon 10200",13.749554,100.488901,拍那空县,大皇宫区,,,,适合儿童|无障碍入口|无障碍停车,,https://maps.google.com/?cid=18136874898857694530&g_mp=Cilnb29nbGUubWFwcy5wbGFjZXMudjEuUGxhY2VzLlNlYXJjaE5lYXJieRACGAQgAA
ChIJWY8BJACf4jAR1kOZ2_ZN9oI,景点,Dusit Arun Park,สวนดุสิตอรุณ,garden,花园,4.8,390,"946 Thanon Rama IV, Si Lom, Khet Bang Rak, Krung Thep Maha Nakhon 10500",13.728511,100.537578,挽叻县,是隆,星期一: 06:00–22:00 | 星期二: 06:00–22:00 | 星期三: 06:00–22:00 | 星期四: 06:00–22:00 | 星期五: 06:00–22:00 | 星期六: 06:00–22:00 | 星期日: 06:00–22:00,,https://dusitcentralpark.com/,无障碍入口|无障碍停车,,https://maps.google.com/?cid=9436815791843001302&g_mp=Cilnb29nbGUubWFwcy5wbGFjZXMudjEuUGxhY2VzLlNlYXJjaE5lYXJieRACGAQgAA
ChIJQR3Sbj-Z4jARIoHAni6iOH8,景点,Wat Sunthon Thammathan (Wat Khae Nang Loeng),วัดสุนทรธรรมทาน (วัดแคนางเลิ้ง),buddhist_temple,佛教寺庙,4.2,389,"QG46+WJF, Phaniang Rd, Khwaeng Wat Sommanat, Khet Pom Prap Sattru Phai, Krung Thep Maha Nakhon 10100",13.757306,100.511543,邦巴沙都拍县,Wat Sommanat,星期一: 06:00–18:00 | 星期二: 06:00–18:00 | 星期三: 06:00–18:00 | 星期四: 06:00–18:00 | 星期五: 06:00–18:00 | 星期六: 06:00–18:00 | 星期日: 06:00–18:00,+66 2 281 8822,https://www.facebook.com/share/1XaUTqHEoU/,有洗手间|无障碍入口|无障碍停车|无障碍洗手间,Small Buddhist temple with ornate windows & white columns capped by a golden filigreed roof.,https://maps.google.com/?cid=9167255362628256034&g_mp=Cilnb29nbGUubWFwcy5wbGFjZXMudjEuUGxhY2VzLlNlYXJjaE5lYXJieRACGAQgAA
ChIJ__8vLA-Z4jARQinQa7LGTsc,景点,Dusit Maha Prasat Throne Hall,พระที่นั่งดุสิตมหาปราสาท,historical_landmark,古迹地标,4.9,388,"พระที่นั่งจักรีมหาปราสาท 202 Maharat Rd, Phra Borom Maha Ratchawang, Phra Nakhon, Bangkok 10200泰国",13.750111,100.490526,拍那空县,大皇宫区,星期一 08:30-17:00 | 星期二 08:30-17:00 | 星期三 08:30-17:00 | 星期四 08:30-17:00 | 星期五 08:30-17:00 | 星期六 08:30-17:00 | 星期日 08:30-17:00,+66 2 623 5500,https://royalgrandpalace.th,适合儿童|无障碍入口|无障碍停车|无障碍洗手间|无障碍座位,,https://www.google.com/maps/place/Dusit+Maha+Prasat+Throne+Hall/data=!4m7!3m6!1s0x30e2990f2c2fffff:0xc74ec6b26bd02942!8m2!3d13.7501107!4d100.4905262!16s%2Fg%2F121r2cw6!19sChIJ__8vLA-Z4jARQinQa7LGTsc?authuser=0&hl=zh-CN&g_ep=EgoyMDI2MDgyNS4wIJJjKgBIAVAD&rclk=1
ChIJobyO3cOf4jARPQkpRZv8O94,景点,Wat Mahabut (Mae Nak Phra Khanong),วัดมหาบุศย์ (แม่นาคพระโขนง),,佛教寺庙,4.6,388,"749 On Nut 7 Alley, On Nut, Suan Luang, Bangkok 10250泰国",13.715545,100.607009,萱銮县,On Nut,星期一 07:30-17:30 | 星期二 07:30-17:30 | 星期三 07:30-17:30 | 星期四 07:30-17:30 | 星期五 07:30-17:30 | 星期六 07:30-17:30 | 星期日 07:30-17:30,+66 80 414 2442,https://watmahabutyanak.com,,,https://www.google.com/maps/place/Wat+Mahabut+%28Mae+Nak+Phra+Khanong%29/data=!4m7!3m6!1s0x30e29fc3dd8ebca1:0xde3bfc9b4529093d!8m2!3d13.7155449!4d100.6070091!16s%2Fg%2F1hc8lw0dz!19sChIJobyO3cOf4jARPQkpRZv8O94?authuser=0&hl=zh-CN&g_ep=EgoyMDI2MDgyNS4wIJJjKgBIAVAD&rclk=1
ChIJkYPEGm-Z4jARJxSHpxLxx08,景点,Bang Khun Phrom Palace,พระราชวังบางขุนพรหม,historical_landmark,历史地标,4.6,376,"273 Thanon Samsen, Khwaeng Wat Sam Phraya, Khet Phra Nakhon, Krung Thep Maha Nakhon 10200",13.768458,100.499685,拍那空县,讪披耶寺区,星期一 休息 | 星期二 休息 | 星期三 休息 | 星期四 休息 | 星期五 休息 | 星期六 10:30-16:00 | 星期日 10:30-16:00,,https://botlc.or.th,适合儿童|有洗手间|无障碍入口|无障碍停车|无障碍洗手间,Historic palace complex & museum known for its ornamental stucco details & elaborate interiors.,https://maps.google.com/?cid=5748828511784080423&g_mp=Cilnb29nbGUubWFwcy5wbGFjZXMudjEuUGxhY2VzLlNlYXJjaE5lYXJieRACGAQgAA
ChIJ8evyP3KZ4jAR1QgVpP_W5KA,景点,Baan Chao Phraya Art Gallery,หอศิลป์บ้านเจ้าพระยา,art_gallery,美术馆,4.7,375,"49 Thanon Phra Athit, Khwaeng Chana Songkhram, Khet Phra Nakhon, Krung Thep Maha Nakhon 10200",13.763382,100.494935,拍那空县,查那松康区,星期一: 休息 | 星期二: 10:00–18:00 | 星期三: 10:00–18:00 | 星期四: 10:00–18:00 | 星期五: 10:00–18:00 | 星期六: 10:00–18:00 | 星期日: 10:00–18:00,+66 98 258 5678,https://www.facebook.com/PTTArtGalleryAtBanChaoPhraya/,适合儿童|有洗手间|无障碍洗手间,,https://maps.google.com/?cid=11593627734216345813&g_mp=Cilnb29nbGUubWFwcy5wbGFjZXMudjEuUGxhY2VzLlNlYXJjaE5lYXJieRACGAQgAA
ChIJDXW01_GZ4jARK2zJ21FeJtU,景点,Wat Khanikaphon,วัดคณิกาผล,buddhist_temple,佛教寺庙,4.5,374,"416 Phlap Phla Chai Rd, Khwaeng Pom Prap, Khet Pom Prap Sattru Phai, Krung Thep Maha Nakhon 10100",13.744489,100.510268,邦巴沙都拍县,Pom Prap,,,https://www.facebook.com/profile.php?id=61558510618043&mibextid=ZbWKwL,有洗手间|无障碍入口|无障碍停车,,https://maps.google.com/?cid=15359067284866427947&g_mp=CiVnb29nbGUubWFwcy5wbGFjZXMudjEuUGxhY2VzLkdldFBsYWNlEAIYBCAA
ChIJFyOI0b6Z4jARsfP9cjpVXeU,景点,Amphon Sathan Residential Hall (Ambara Villa),หอพักอัมพรสถาน (อัมพรวิลล่า),historical_landmark,古迹地标,4.7,366,"904 Soi Nakhon Ratchasima, Khwaeng Dusit, Khet Dusit, Krung Thep Maha Nakhon 10300",13.772429,100.511339,都实县,Dusit,星期一: 24小时营业 | 星期二: 24小时营业 | 星期三: 24小时营业 | 星期四: 24小时营业 | 星期五: 24小时营业 | 星期六: 24小时营业 | 星期日: 24小时营业,,,无障碍入口|无障碍停车,,https://maps.google.com/?cid=16527459917045298097&g_mp=Cilnb29nbGUubWFwcy5wbGFjZXMudjEuUGxhY2VzLlNlYXJjaE5lYXJieRACGAQgAA
ChIJP9bfTdOe4jARMrloPFFfmgg,景点,朱拉隆功大学自然历史博物馆,พิพิธภัณฑ์ประวัติศาสตร์ธรรมชาติแห่งจุฬาลงกรณ์มหาวิทยาลัย,museum,自然历史博物馆,4.6,358,"254 Phaya Thai Rd, Khwaeng Wang Mai, Pathum Wan, Krung Thep Maha Nakhon 10330",13.737509,100.530002,巴吞旺县,Pathum Wan,星期一: 09:00–16:00 | 星期二: 09:00–16:00 | 星期三: 09:00–16:00 | 星期四: 09:00–16:00 | 星期五: 09:00–16:00 | 星期六: 休息 | 星期日: 休息,+66 2 218 5266,https://www.chula.ac.th/museum/757/,适合儿童|有洗手间|无障碍洗手间,,https://maps.google.com/?cid=619912701227350322&g_mp=Cilnb29nbGUubWFwcy5wbGFjZXMudjEuUGxhY2VzLlNlYXJjaE5lYXJieRACGAQgAA
ChIJkT7sFfeZ4jARHU75KHV7kh8,景点,Tha Chang Pier,ท่าเรือท่าช้าง,tourist_attraction,旅游胜地,4.2,354,"198 Thanon Maha Rat, Khwaeng Phra Borom Maha Ratchawang, Khet Phra Nakhon, Krung Thep Maha Nakhon 10200",13.752636,100.488456,曼谷蓮縣,大皇宫区,,,,适合儿童|有洗手间|无障碍入口,,https://maps.google.com/?cid=2275016504904338973&g_mp=Cilnb29nbGUubWFwcy5wbGFjZXMudjEuUGxhY2VzLlNlYXJjaE5lYXJieRACGAQgAA
ChIJXZp-jm6Z4jARbEu0bneis4s,景点,Wat Samphaya Worawihan (Wat Bang Khun Phrom),วัดสัมพยาวรวิหาร (วัดบางขุนพรหม),buddhist_temple,佛教寺庙,4.4,349,"165 Thanon Samsen, Khwaeng Wat Sam Phraya, Khet Phra Nakhon, Krung Thep Maha Nakhon 10200",13.76568,100.499338,拍那空县,讪披耶寺区,星期一: 08:00–17:00 | 星期二: 08:00–17:00 | 星期三: 08:00–17:00 | 星期四: 08:00–17:00 | 星期五: 08:00–17:00 | 星期六: 08:00–17:00 | 星期日: 08:00–17:00,+66 2 628 9130,https://www.facebook.com/watsamphraya/,有洗手间|无障碍入口|无障碍停车|无障碍洗手间,,https://maps.google.com/?cid=10066568225945308012&g_mp=Cilnb29nbGUubWFwcy5wbGFjZXMudjEuUGxhY2VzLlNlYXJjaE5lYXJieRACGAQgAA
ChIJS_mG_NyZ4jARFkLEJfnhQ90,景点,ศาลปู่ดำ168-ตราแผ่นดิน,ศาลปู่ดำ168-ตราแผ่นดิน,historical_landmark,古迹地标,4.9,347,"79 Thanon Maha Rat, Khwaeng Phra Borom Maha Ratchawang, Khet Phra Nakhon, Krung Thep Maha Nakhon 10200",13.74337,100.494624,拍那空县,大皇宫区,星期一: 08:00–20:00 | 星期二: 08:00–20:00 | 星期三: 08:00–20:00 | 星期四: 08:00–20:00 | 星期五: 08:00–20:00 | 星期六: 08:00–20:00 | 星期日: 08:00–20:00,+66 83 042 1070,http://www.ศาลปู่ดําตราแผ่นดิน.com/,,,https://maps.google.com/?cid=15943835566018413078&g_mp=CiVnb29nbGUubWFwcy5wbGFjZXMudjEuUGxhY2VzLkdldFBsYWNlEAIYBCAA
ChIJI9Z5omiZ4jARJfcelEMoqwM,景点,Wat Noranat Suntharikaram,วัดนรนาถสุนทรีการาม,buddhist_temple,佛教寺庙,4.1,339,"QG93+V52, Krung Kasem Rd, Khwaeng Wat Sam Phraya, Khet Phra Nakhon, Krung Thep Maha Nakhon 10200",13.769646,100.502884,都实县,讪披耶寺区,星期一: 07:00–18:30 | 星期二: 07:00–18:30 | 星期三: 07:00–18:30 | 星期四: 07:00–18:30 | 星期五: 07:00–18:30 | 星期六: 07:00–18:30 | 星期日: 07:00–18:30,+66 2 282 3543,https://www.facebook.com/pages/%E0%B8%A7%E0%B8%B1%E0%B8%94%E0%B8%99%E0%B8%A3%E0%B8%99%E0%B8%B2%E0%B8%96%E0%B8%AA%E0%B8%B8%E0%B8%99%E0%B8%97%E0%B8%A3%E0%B8%B4%E0%B8%81%E0%B8%B2%E0%B8%A3%E0%B8%B2%E0%B8%A1/302752096595557/,有洗手间|无障碍入口|无障碍停车|无障碍洗手间,,https://maps.google.com/?cid=264349273844283173&g_mp=Cilnb29nbGUubWFwcy5wbGFjZXMudjEuUGxhY2VzLlNlYXJjaE5lYXJieRACGAQgAA
ChIJP_lnL2iZ4jARW00e-2law60,景点,Parutsakawan Palace,พระราชวังปารุสกวัน,historical_landmark,历史地标,4.7,327,"323 Thanon Si Ayutthaya, Khwaeng Dusit, Khet Dusit, Krung Thep Maha Nakhon 10300",13.768025,100.510666,都实县,Dusit,星期一 休息 | 星期二 10:00-16:00 | 星期三 10:00-16:00 | 星期四 10:00-16:00 | 星期五 10:00-16:00 | 星期六 10:00-16:00 | 星期日 休息,+66 2 282 5057,https://facebook.com,适合儿童|无障碍洗手间,,https://maps.google.com/?cid=12520950800251243867&g_mp=Cilnb29nbGUubWFwcy5wbGFjZXMudjEuUGxhY2VzLlNlYXJjaE5lYXJieRACGAQgAA
ChIJH1bYY9GY4jAR_FWlfQ5kgek,景点,Neilson Hays Library,ห้องสมุดเนลสัน เฮย์ส,,图书馆,4.5,316,"195 Surawong Rd, Suriya Wong, Bang Rak, Bangkok 10500泰国",13.727025,100.523154,挽叻县,Suriyawong,星期一 休息 | 星期二 09:30-17:00 | 星期三 09:30-17:00 | 星期四 09:30-17:00 | 星期五 09:30-17:00 | 星期六 09:30-17:00 | 星期日 09:30-17:00,+66 2 233 4999,https://neilsonhayslibrary.org,,,https://www.google.com/maps/place/Neilson+Hays+Library/data=!4m7!3m6!1s0x30e298d163d8561f:0xe981640e7da555fc!8m2!3d13.7270247!4d100.5231542!16s%2Fg%2F1218ltzt!19sChIJH1bYY9GY4jAR_FWlfQ5kgek?authuser=0&hl=zh-CN&g_ep=EgoyMDI2MDgyNS4wIJJjKgBIAVAD&rclk=1
ChIJnyXs5dGY4jARxAURliWpDZg,景点,马里安曼印度庙,วัดฮินดูมาเรียมมัน,,印度教寺庙,4.7,315,"2 Pan Rd, Bang Rak, Bangkok 10500泰国",13.724248,100.522917,挽叻县,是隆,星期一 06:00-20:00 | 星期二 06:00-20:00 | 星期三 06:00-20:00 | 星期四 06:00-20:00 | 星期五 06:00-21:00 | 星期六 06:00-20:30 | 星期日 06:00-20:30,+66 97 315 9569,https://facebook.com,,,https://www.google.com/maps/place/%E9%A9%AC%E9%87%8C%E5%AE%89%E6%9B%BC%E5%8D%B0%E5%BA%A6%E5%BA%99/data=!4m7!3m6!1s0x30e298d1e5ec259f:0x980da925961105c4!8m2!3d13.7242482!4d100.5229171!16s%2Fm%2F04yhfs8!19sChIJnyXs5dGY4jARxAURliWpDZg?authuser=0&hl=zh-CN&g_ep=EgoyMDI2MDgyNS4wIJJjKgBIAVAD&rclk=1
ChIJbfBLtsmY4jARxPixVfAen98,景点,Teochew Cemetery Park,อุทยานสุสานแต้จิ๋ว,,公园,4.4,314,"1 Soi Charoen Rat 3, Thung Wat Don, Sathon, Bangkok 10120泰国",13.713663,100.52157,沙吞县,Thung Wat Don,星期一 05:00-19:00 | 星期二 05:00-19:00 | 星期三 05:00-19:00 | 星期四 05:00-19:00 | 星期五 05:00-19:00 | 星期六 05:00-19:00 | 星期日 05:00-19:00,,,,,https://www.google.com/maps/place/Teochew+Cemetery+Park/data=!4m7!3m6!1s0x30e298c9b64bf06d:0xdf9f1ef055b1f8c4!8m2!3d13.7136635!4d100.5215697!16s%2Fg%2F11gl62r9pf!19sChIJbfBLtsmY4jARxPixVfAen98?authuser=0&hl=zh-CN&g_ep=EgoyMDI2MDgyNS4wIJJjKgBIAVAD&rclk=1
ChIJNfNuJA-Z4jARGLI_yKuNzYs,景点,Chakri Maha Prasat Throne Hall,พระที่นั่งจักรีมหาปราสาท,tourist_attraction,旅游胜地,4.6,308,"200 Thanon Maha Rat, Khwaeng Phra Borom Maha Ratchawang, Khet Phra Nakhon, Krung Thep Maha Nakhon 10200",13.750061,100.491285,拍那空县,大皇宫区,星期一: 08:30–16:30 | 星期二: 08:30–16:30 | 星期三: 08:30–16:30 | 星期四: 08:30–16:30 | 星期五: 08:30–16:30 | 星期六: 08:30–16:30 | 星期日: 08:30–16:30,,https://www.royalgrandpalace.th/,适合儿童|有洗手间|无障碍入口|无障碍停车|无障碍洗手间,,https://maps.google.com/?cid=10073863710436209176&g_mp=CiVnb29nbGUubWFwcy5wbGFjZXMudjEuUGxhY2VzLkdldFBsYWNlEAIYBCAA
ChIJBzomXx2Z4jARULuYblBhabw,景点,Chaloem Phra Kiat Forest Park,วนอุทยานเฉลิมพระเกียรติ,park,公园,4.4,308,"Krung Thep Maha Nakhon, Khlong San, Krung Thep Maha Nakhon, Phaya Mai Rd, Chaloem Phra Kiat Forest Park邮政编码: 10600",13.737468,100.497627,吞武里县,Somdet Chao Phraya,星期一: 05:00–20:00 | 星期二: 05:00–20:00 | 星期三: 05:00–20:00 | 星期四: 05:00–20:00 | 星期五: 05:00–20:00 | 星期六: 05:00–20:00 | 星期日: 05:00–20:00,,,适合儿童|无障碍入口,,https://maps.google.com/?cid=13576489549765851984&g_mp=Cilnb29nbGUubWFwcy5wbGFjZXMudjEuUGxhY2VzLlNlYXJjaE5lYXJieRACGAQgAA
ChIJrxZPr9Cf4jARU8CUKdVjObs,景点,Suan Pakkad Palace Museum,พิพิธภัณฑ์วังสวนผักกาด,,博物馆,4.6,297,"352 Thanon Si Ayutthaya, Thanon Phaya Thai, Ratchathewi, Bangkok 10400泰国",13.756817,100.537402,拉差贴威县,Thanon Phaya Thai,,+66 2 245 4934,https://suanpakkad.com,,,https://www.google.com/maps/place/Suan+Pakkad+Palace+Museum/data=!4m7!3m6!1s0x30e29fd0af4f16af:0xbb3963d52994c053!8m2!3d13.7568173!4d100.5374022!16zL20vMDlyd3ly!19sChIJrxZPr9Cf4jARU8CUKdVjObs?authuser=0&hl=zh-CN&g_ep=EgoyMDI2MDgyNS4wIJJjKgBIAVAD&rclk=1
ChIJ43xEIpGZ4jARS-qS_JI6uBo,景点,Wat Thep Thidaram Worawihan,วัดเทพธิดารามวรวิหาร,buddhist_temple,佛教寺庙,4.7,294,"70 Maha Chai Rd, Khwaeng Samran Rat, Khet Phra Nakhon, Krung Thep Maha Nakhon 10200",13.753399,100.504239,拍那空县,巴杜披,星期一: 09:00–18:00 | 星期二: 09:00–18:00 | 星期三: 09:00–18:00 | 星期四: 09:00–18:00 | 星期五: 09:00–18:00 | 星期六: 09:00–18:00 | 星期日: 09:00–18:00,+66 85 120 8914,,有洗手间|无障碍入口|无障碍停车|无障碍洗手间,,https://maps.google.com/?cid=1925353243678009931&g_mp=Cilnb29nbGUubWFwcy5wbGFjZXMudjEuUGxhY2VzLlNlYXJjaE5lYXJieRACGAQgAA
ChIJ-_-z4X2Z4jARPK7__B821s4,景点,Charoen Krung 32 Street Art,เจริญกรุง 32 สตรีทอาร์ต,tourist_attraction,旅游胜地,4.2,277,"PGG7+XR6, Charoen Krung 32 Alley, Bang Rak, Bangkok 10500泰国",13.727408,100.514522,挽叻县,Bang Rak,星期一 24小时营业 | 星期二 24小时营业 | 星期三 24小时营业 | 星期四 24小时营业 | 星期五 24小时营业 | 星期六 24小时营业 | 星期日 24小时营业,,,,,https://www.google.com/maps/place/Charoen+Krung+32+Street+Art/data=!4m7!3m6!1s0x30e2997de1b3fffb:0xced6361ffcffae3c!8m2!3d13.7274085!4d100.5145219!16s%2Fg%2F11h4yd8vkq!19sChIJ-_-z4X2Z4jARPK7__B821s4?authuser=0&hl=zh-CN&g_ep=EgoyMDI2MDgyNS4wIJJjKgBIAVAD&rclk=1
ChIJc7ShOYie4jARHd_OYOeDHXw,景点,曼谷中国文化中心,ศูนย์วัฒนธรรมจีนกรุงเทพ,,文化中心,4.5,277,"18 Thiam Ruam Mit Rd, Huai Khwang, Bangkok 10310泰国",13.765141,100.5734,汇权县,Huai Khwang,星期一 08:30-17:30 | 星期二 08:30-17:30 | 星期三 08:30-17:30 | 星期四 08:30-17:30 | 星期五 08:30-17:30 | 星期六 休息 | 星期日 休息,+66 2 246 1666,https://cccbkk.org,,,https://www.google.com/maps/place/%E6%9B%BC%E8%B0%B7%E4%B8%AD%E5%9B%BD%E6%96%87%E5%8C%96%E4%B8%AD%E5%BF%83/data=!4m7!3m6!1s0x30e29e8839a1b473:0x7c1d83e760cedf1d!8m2!3d13.7651409!4d100.5734004!16s%2Fg%2F11b6dnph48!19sChIJc7ShOYie4jARHd_OYOeDHXw?authuser=0&hl=zh-CN&g_ep=EgoyMDI2MDgyNS4wIJJjKgBIAVAD&rclk=1
ChIJ6eJPESKZ4jAR8ptHlk1lXY0,景点,Wat Kan Matuyaram,วัดกันมาตุยาราม,buddhist_temple,佛教寺庙,4.3,273,"800 Mangkon Rd, Khwaeng Samphanthawong, Khet Samphanthawong, Krung Thep Maha Nakhon 10100",13.742167,100.508245,三攀他旺县,Samphanthawong,星期一: 05:00–18:00 | 星期二: 05:00–18:00 | 星期三: 05:00–18:00 | 星期四: 05:00–18:00 | 星期五: 05:00–18:00 | 星期六: 05:00–18:00 | 星期日: 05:00–18:00,+66 2 222 2890,https://sites.google.com/view/bangkokdistricts/home,有洗手间|无障碍停车|无障碍洗手间,,https://maps.google.com/?cid=10186409316090092530&g_mp=CiVnb29nbGUubWFwcy5wbGFjZXMudjEuUGxhY2VzLkdldFBsYWNlEAIYBCAA
ChIJM7T_V9Ke4jARcIBMq7Co9hA,景点,暹罗广场公园,สยามสแควร์ปาร์ค,state_park,国家公园,4.3,270,"254 Phaya Thai Rd, Khwaeng Wang Mai, Pathum Wan, Krung Thep Maha Nakhon 10330",13.74365,100.532328,巴吞旺县,Pathum Wan,星期一: 08:00–20:00 | 星期二: 08:00–20:00 | 星期三: 08:00–20:00 | 星期四: 08:00–20:00 | 星期五: 08:00–20:00 | 星期六: 08:00–20:00 | 星期日: 08:00–20:00,,,适合儿童|无障碍入口|无障碍停车,,https://maps.google.com/?cid=1222349825619296368&g_mp=Cilnb29nbGUubWFwcy5wbGFjZXMudjEuUGxhY2VzLlNlYXJjaE5lYXJieRACGAQgAA
ChIJXXOfj_6Z4jARqXJZcMJrcNY,景点,曼谷龍城,บางกอกดราก้อนมาร์ท,tourist_attraction,旅游胜地,4.5,259,"188 74 Soi Chulalongkorn 5, Khwaeng Wang Mai, Pathum Wan, Krung Thep Maha Nakhon 10330",13.741183,100.524424,巴吞旺县,Wang Mai,星期一: 24小时营业 | 星期二: 24小时营业 | 星期三: 24小时营业 | 星期四: 24小时营业 | 星期五: 24小时营业 | 星期六: 24小时营业 | 星期日: 24小时营业,+66 99 226 8115,,适合儿童|有洗手间|无障碍入口|无障碍停车,,https://maps.google.com/?cid=15451968804360909481&g_mp=Cilnb29nbGUubWFwcy5wbGFjZXMudjEuUGxhY2VzLlNlYXJjaE5lYXJieRACGAQgAA
ChIJXbDAhJCZ4jARTeN7tkUudxA,景点,Museum Pier,ท่าเรือพิพิธภัณฑ์,art_museum,Art museum,4.4,258,"166 Thanon Maha Rat, Khwaeng Phra Borom Maha Ratchawang, Khet Phra Nakhon, Krung Thep Maha Nakhon 10200",13.752727,100.489128,曼谷蓮縣,大皇宫区,星期一: 10:00–18:00 | 星期二: 10:00–18:00 | 星期三: 10:00–18:00 | 星期四: 10:00–18:00 | 星期五: 10:00–18:00 | 星期六: 10:00–18:00 | 星期日: 10:00–18:00,,http://www.museumpier.com/,适合儿童|有洗手间|无障碍入口|无障碍停车|无障碍洗手间,,https://maps.google.com/?cid=1186467903784608589&g_mp=Cilnb29nbGUubWFwcy5wbGFjZXMudjEuUGxhY2VzLlNlYXJjaE5lYXJieRACGAQgAA
ChIJzR9zihiZ4jARIxYT6Qz3zhs,景点,Wat Chai Chana Songkhram (Wat Tuek),วัดชัยชนะสงคราม (วัดตึก),buddhist_temple,佛教寺庙,4.4,255,"83 Maha Chak Rd, Khwaeng Samphanthawong, Khet Samphanthawong, Krung Thep Maha Nakhon 10100",13.74442,100.505734,三攀他旺县,Samphanthawong,星期一: 05:00–18:00 | 星期二: 05:00–18:00 | 星期三: 05:00–18:00 | 星期四: 05:00–18:00 | 星期五: 05:00–18:00 | 星期六: 05:00–18:00 | 星期日: 05:00–18:00,,https://www.facebook.com/profile.php?id=100022057423849,有洗手间|无障碍入口|无障碍停车|无障碍洗手间,,https://maps.google.com/?cid=2003810519048459811&g_mp=CiVnb29nbGUubWFwcy5wbGFjZXMudjEuUGxhY2VzLkdldFBsYWNlEAIYBCAA
ChIJqaPEJCaZ4jARkUlRpamzRTs,景点,Thai Railway Museum,พิพิธภัณฑ์รถไฟไทย,,铁路博物馆,4.4,243,"191 Rong Mueang Rd, Rong Mueang, Pathum Wan, Bangkok 10330泰国",13.738707,100.516521,巴吞旺县,Rong Mueang,星期一 休息 | 星期二 休息 | 星期三 08:30-16:30 | 星期四 08:30-16:30 | 星期五 08:30-16:30 | 星期六 08:30-16:30 | 星期日 08:30-16:30,+66 82 219 2194,https://museumthailand.com,,,https://www.google.com/maps/place/Thai+Railway+Museum/data=!4m7!3m6!1s0x30e2992624c4a3a9:0x3b45b3a9a5514991!8m2!3d13.7387073!4d100.5165214!16s%2Fg%2F11ghrjq4nb!19sChIJqaPEJCaZ4jARkUlRpamzRTs?authuser=0&hl=zh-CN&g_ep=EgoyMDI2MDgyNS4wIJJjKgBIAVAD&rclk=1
ChIJQe2fw3ZnHTER0ZAJrbUDR3c,景点,Suvarnabhumi Airport Museum,พิพิธภัณฑ์ท่าอากาศยานสุวรรณภูมิ,,博物馆,4.6,241,"999 Suvarnabhumi 8 Rd, Nong Prue, Bang Phli District, Samut Prakan 10540泰国",13.694691,100.750271,,,星期一 09:00-16:00 | 星期二 09:00-16:00 | 星期三 09:00-16:00 | 星期四 09:00-16:00 | 星期五 09:00-16:00 | 星期六 休息 | 星期日 休息,+66 62 593 9996,https://museumthailand.com,,,https://www.google.com/maps/place/Suvarnabhumi+Airport+Museum/data=!4m7!3m6!1s0x311d6776c39fed41:0x774703b5ad0990d1!8m2!3d13.6946913!4d100.7502713!16s%2Fg%2F11c6dxy9z1!19sChIJQe2fw3ZnHTER0ZAJrbUDR3c?authuser=0&hl=zh-CN&g_ep=EgoyMDI2MDgyNS4wIJJjKgBIAVAD&rclk=1
ChIJ33FxTj6Z4jARKbA4Z8_NsOc,景点,JWD Art Space,เจดับบลิวดี อาร์ต สเปซ,art_gallery,画廊,4.6,233,"188, 72 ชั้น 3 ซ. จุฬาลงกรณ์ 16 Khwaeng Wang Mai, Pathum Wan, Krung Thep Maha Nakhon 10330",13.741767,100.52491,巴吞旺县,Wang Mai,星期一: 休息 | 星期二: 10:00–19:00 | 星期三: 10:00–19:00 | 星期四: 10:00–19:00 | 星期五: 10:00–19:00 | 星期六: 10:00–19:00 | 星期日: 10:00–19:00,+66 2 710 4060,https://www.jwd-artspace.com/,有洗手间|无障碍入口|无障碍停车,,https://maps.google.com/?cid=16695070109336121385&g_mp=Cilnb29nbGUubWFwcy5wbGFjZXMudjEuUGxhY2VzLlNlYXJjaE5lYXJieRACGAQgAA
ChIJ-QKQOyqZ4jARoVb3D6UmIsg,景点,Na Phra Lan Tunnel Gate 1,อุโมงค์หน้าพระลาน ประตู 1,tourist_attraction,旅游胜地,4.7,226,"QF3R+7P8, Na Phra Lan Rd, Khwaeng Phra Borom Maha Ratchawang, Khet Phra Nakhon, Krung Thep Maha Nakhon 10200",13.753163,100.491818,拍那空县,大皇宫区,星期一: 08:00–18:00 | 星期二: 08:00–18:00 | 星期三: 08:00–18:00 | 星期四: 08:00–18:00 | 星期五: 08:00–18:00 | 星期六: 08:00–18:00 | 星期日: 08:00–18:00,,,适合儿童|有洗手间|无障碍入口|无障碍停车,,https://maps.google.com/?cid=14421131447173076641&g_mp=CiVnb29nbGUubWFwcy5wbGFjZXMudjEuUGxhY2VzLkdldFBsYWNlEAIYBCAA
ChIJadv1_2uZ4jARDieGLTtnsc8,景点,Wat Mai Armataros,วัดใหม่อารมาทรส,buddhist_temple,佛教寺庙,4.5,224,"วัดใหม่อมตรส, 132 Thanon Rachini, Khwaeng Ban Phan Thom, Khet Phra Nakhon, Krung Thep Maha Nakhon 10200",13.764371,100.501482,拍那空县,班潘通,星期一: 08:00–20:00 | 星期二: 08:00–20:00 | 星期三: 08:00–20:00 | 星期四: 08:00–20:00 | 星期五: 08:00–20:00 | 星期六: 08:00–20:00 | 星期日: 08:00–20:00,+66 2 281 8058,https://www.facebook.com/watmaiamataross/,有洗手间|无障碍入口|无障碍停车|无障碍洗手间,,https://maps.google.com/?cid=14965856540593366798&g_mp=Cilnb29nbGUubWFwcy5wbGFjZXMudjEuUGxhY2VzLlNlYXJjaE5lYXJieRACGAQgAA
ChIJH0VOPheZ4jARqJGe0Cs1YFI,景点,Romaneenart Park,อุทยานรมณีนาถ,park,公园,4.5,221,"649 665 Maha Chai Rd, Khwaeng Samran Rat, Khet Phra Nakhon, Krung Thep Maha Nakhon 10200",13.748881,100.502602,拍那空县,巴杜披,星期一: 05:00–21:00 | 星期二: 05:00–21:00 | 星期三: 05:00–21:00 | 星期四: 05:00–21:00 | 星期五: 05:00–21:00 | 星期六: 05:00–21:00 | 星期日: 05:00–21:00,,,适合儿童|无障碍入口|无障碍停车,由监狱改建的都市花园，内设游乐场、水景和喷泉。,https://maps.google.com/?cid=5935802771174232488&g_mp=CiVnb29nbGUubWFwcy5wbGFjZXMudjEuUGxhY2VzLkdldFBsYWNlEAIYBCAA
ChIJvwXXwEWY4jARC2dj117syBA,景点,Wat Paknam Phasi Charoen,วัดปากน้ำภาษีเจริญ,,佛教寺庙,4.7,221,"300, Ratchamongkhon Prasat Alley, Pak Khlong Phasi Charoen, Phasi Charoen, Bangkok 10160泰国",13.721776,100.470358,帕世乍能县,Pak Khlong Phasi Charoen,,+66 2 467 0811,https://facebook.com,,,https://www.google.com/maps/place/Wat+Paknam+Phasi+Charoen/data=!4m7!3m6!1s0x30e29845c0d705bf:0x10c8ec5ed763670b!8m2!3d13.7217762!4d100.4703579!16zL20vMDhuMXk4!19sChIJvwXXwEWY4jARC2dj117syBA?authuser=0&hl=zh-CN&g_ep=EgoyMDI2MDgyNS4wIJJjKgBIAVAD&rclk=1
ChIJQzJ5AmqZ4jARYlUiSAS7d6o,景点,Makut Kasatriyaram Ratchaworawihan Temple,วัดมกุฎกษัตริยารามราชวรวิหาร,buddhist_temple,佛教寺庙,4.6,220,"330 Krung Kasem Rd, Khwaeng Bang Khun Phrom, Khet Phra Nakhon, Krung Thep Maha Nakhon 10200",13.764428,100.506964,拍那空县,邦坤蓬区,星期一 08:00-18:30 | 星期二 08:00-18:30 | 星期三 08:00-18:30 | 星期四 08:00-18:30 | 星期五 08:00-18:30 | 星期六 08:00-18:30 | 星期日 08:00-18:30,+66 2 281 2089,https://m.facebook.com,有洗手间|无障碍入口|无障碍停车|无障碍洗手间,为国王蒙固建造的佛教寺庙，建于 19 世纪，装饰有皇冠标志和绘画。,https://maps.google.com/?cid=12283492135740790114&g_mp=Cilnb29nbGUubWFwcy5wbGFjZXMudjEuUGxhY2VzLlNlYXJjaE5lYXJieRACGAQgAA
ChIJYbz_xs-Y4jAR47MqwMDY87c,景点,Number 1 Gallery,แกลเลอรี่หมายเลข 1,art_museum,现代美术馆,4.5,216,"19 Soi Silom 21, Si Lom, Khet Bang Rak, Krung Thep Maha Nakhon 10500",13.721127,100.518613,挽叻县,是隆,星期一: 休息 | 星期二: 10:00–19:00 | 星期三: 10:00–19:00 | 星期四: 10:00–17:00 | 星期五: 10:00–19:00 | 星期六: 10:00–19:00 | 星期日: 10:00–19:00,+66 83 445 8333,http://www.number1gallery.com/,适合儿童|有洗手间,温馨画廊，内有当代艺术品轮展和休闲咖啡厅。,https://maps.google.com/?cid=13255176450650846179&g_mp=Cilnb29nbGUubWFwcy5wbGFjZXMudjEuUGxhY2VzLlNlYXJjaE5lYXJieRACGAQgAA
ChIJX7kBNqWf4jARFJAXy8V61PI,景点,Wat That Thong,วัดธาตุทอง,,佛教寺庙,4.4,216,"1325 Sukhumvit Rd, Phra Khanong Nuea, Watthana, Bangkok 10110泰国",13.719409,100.585786,宛他那县,Phra Khanong Nuea,星期一 08:00-17:00 | 星期二 08:00-17:00 | 星期三 08:00-17:00 | 星期四 08:00-17:00 | 星期五 08:00-17:00 | 星期六 08:00-17:00 | 星期日 08:00-17:00,+66 2 391 9616,https://facebook.com,,,https://www.google.com/maps/place/Wat+That+Thong/data=!4m7!3m6!1s0x30e29fa53601b95f:0xf2d47ac5cb179014!8m2!3d13.7194087!4d100.5857861!16s%2Fg%2F11h1t_vbm!19sChIJX7kBNqWf4jARFJAXy8V61PI?authuser=0&hl=zh-CN&g_ep=EgoyMDI2MDgyNS4wIJJjKgBIAVAD&rclk=1
ChIJPZgFZ9-Y4jARrlLchpFWC90,景点,Bhanurangsi Pier,ท่าเรือภานุรังษี,tourist_attraction,旅游胜地,4.5,212,"PGM6+X9C, Talat Noi, Samphanthawong, Bangkok 10100",13.734936,100.510879,三攀他旺县,Samphanthawong,,,,适合儿童|无障碍入口,,https://maps.google.com/?cid=15927919690158723758&g_mp=Cilnb29nbGUubWFwcy5wbGFjZXMudjEuUGxhY2VzLlNlYXJjaE5lYXJieRACGAQgAA
ChIJQWNLSw2Z4jARukmqw8Kywss,景点,Coin Museum,พิพิธภัณฑ์เหรียญกษาปณานุรักษ์,history_museum,历史博物馆,4.5,208,"31 Chakrabongse Rd, Khwaeng Chana Songkhram, Khet Phra Nakhon, Krung Thep Maha Nakhon 10200",13.758888,100.494792,拍那空县,查那松康区,星期一: 休息 | 星期二: 08:30–16:30 | 星期三: 08:30–16:30 | 星期四: 08:30–16:30 | 星期五: 08:30–16:30 | 星期六: 10:00–18:00 | 星期日: 10:00–18:00,+66 2 282 0818,https://emuseum-coin.treasury.go.th/,适合儿童|有洗手间|无障碍入口|无障碍停车|无障碍洗手间,Contemporary showcase of national & international currency & the history of the Thai Mint.,https://maps.google.com/?cid=14682494284757354938&g_mp=Cilnb29nbGUubWFwcy5wbGFjZXMudjEuUGxhY2VzLlNlYXJjaE5lYXJieRACGAQgAA
ChIJuXCunUeZ4jARRpdg767QSLA,景点,Wat Samananam Borihan (Wat Yuan Saphan Khao),วัดสมณานามบริหาร (วัดยวนสะพานขาว),buddhist_temple,佛教寺庙,4.6,208,"416 Luk Luang Rd, Khwaeng Si Yaek Maha Nak, Khet Dusit, Krung Thep Maha Nakhon 10300",13.759083,100.515717,都实县,Si Yaek Maha Nak,星期一: 08:00–16:00 | 星期二: 08:00–16:00 | 星期三: 08:00–16:00 | 星期四: 08:00–16:00 | 星期五: 08:00–16:00 | 星期六: 08:00–16:00 | 星期日: 08:00–16:00,+66 95 296 5453,https://www.facebook.com/SamananamBorihanTemple/,有洗手间|无障碍入口|无障碍停车|无障碍洗手间,,https://maps.google.com/?cid=12702632198757455686&g_mp=Cilnb29nbGUubWFwcy5wbGFjZXMudjEuUGxhY2VzLlNlYXJjaE5lYXJieRACGAQgAA
ChIJs2xgqW-Z4jAR91IRm1-2y3M,景点,泰国银行博物馆,พิพิธภัณฑ์ธนาคารแห่งประเทศไทย,museum,博物馆,4.7,204,"QF9X+475, 273 Thanon Samsen, Khwaeng Wat Sam Phraya, Khet Phra Nakhon, Krung Thep Maha Nakhon 10200",13.767833,100.49842,拍那空县,讪披耶寺区,星期一 休息 | 星期二 10:00-16:00 | 星期三 10:00-16:00 | 星期四 10:00-16:00 | 星期五 10:00-16:00 | 星期六 10:00-16:00 | 星期日 10:00-16:00,+66 2 356 7766,https://botlc.or.th,,,https://maps.google.com/?cid=8343963256373727991&g_mp=Cilnb29nbGUubWFwcy5wbGFjZXMudjEuUGxhY2VzLlNlYXJjaE5lYXJieRACGAQgAA
ChIJa3ZkkSGZ4jAROdYxEMN5fBs,景点,翠岸寺,วัดชัยภูมิการาม (วัดตี๊หง่านตื่อ),buddhist_temple,佛教寺庙,4.3,197,"30 Thanon Yaowaphanit, Khwaeng Samphanthawong, Khet Samphanthawong, Krung Thep Maha Nakhon 10100",13.740255,100.508928,三攀他旺县,差甲瓦區,,,https://www.facebook.com/ChuaThuyNgan/?mibextid=ZbWKwL,有洗手间|无障碍入口|无障碍停车|无障碍洗手间,,https://maps.google.com/?cid=1980591814833460793&g_mp=CiVnb29nbGUubWFwcy5wbGFjZXMudjEuUGxhY2VzLkdldFBsYWNlEAIYBCAA
ChIJjYnhdQCZ4jARep6Bj9lI2mI,景点,Thanon Khao Lam Circle Talat Noi (Optimus Prime),วงเวียนถนนข้าวหลามตลาดน้อย (Optimus Prime),tourist_attraction,旅游胜地,4.6,192,"471, แขวงตลาดน้อย เขตสัมพันธวงศ์ กรุงเทพมหานคร 10120",13.736193,100.513552,三攀他旺县,噠叻仔區,,,,,,https://maps.google.com/?cid=7123085859892600442&g_mp=Cilnb29nbGUubWFwcy5wbGFjZXMudjEuUGxhY2VzLlNlYXJjaE5lYXJieRACGAQgAA
ChIJObgsEg6f4jAR7ZJFYLfFtko,景点,巴吞哇那努拉公园,อุทยานปทุมวนานุรา,state_park,国家公园,4.4,192,"5/1-5/40 Thanon Ratchadamri, Khwaeng Pathum Wan, Pathum Wan, Krung Thep Maha Nakhon 10330",13.748709,100.540151,巴吞旺县,Pathum Wan,星期一: 06:00–18:00 | 星期二: 06:00–18:00 | 星期三: 06:00–18:00 | 星期四: 06:00–18:00 | 星期五: 06:00–18:00 | 星期六: 10:00–18:00 | 星期日: 10:00–18:00,,http://www.bangkok.go.th/,允许携带宠物|适合儿童|无障碍入口|无障碍停车,,https://maps.google.com/?cid=5383707795952866029&g_mp=Cilnb29nbGUubWFwcy5wbGFjZXMudjEuUGxhY2VzLlNlYXJjaE5lYXJieRACGAQgAA
ChIJpTCsUxmZ4jARuCJWFLX8ZCE,景点,Wat Bophit Phimuk Worawihan,วัดบพิตรพิมุขวรวิหาร,buddhist_temple,佛教寺庙,4.4,191,"266 ถนน จักรวรรดิ Khwaeng Chakkrawat, Khet Samphanthawong, Krung Thep Maha Nakhon 10100",13.741816,100.502025,三攀他旺县,差甲瓦區,星期一: 08:00–18:00 | 星期二: 08:00–18:00 | 星期三: 08:00–18:00 | 星期四: 08:00–18:00 | 星期五: 08:00–18:00 | 星期六: 08:00–18:00 | 星期日: 08:00–18:00,,https://www.facebook.com/WadBphitrphimukh/,有洗手间|无障碍停车|无障碍洗手间,,https://maps.google.com/?cid=2406325955583156920&g_mp=CiVnb29nbGUubWFwcy5wbGFjZXMudjEuUGxhY2VzLkdldFBsYWNlEAIYBCAA
ChIJAfI3tQ-Z4jAR0q5ZQgnV8DE,景点,沙南龙宫,พระราชวังสราญรมย์,historical_landmark,古迹地标,4.5,189,"QF2V+4RV, Thanon Sanam Chai, Khwaeng Phra Borom Maha Ratchawang, Khet Phra Nakhon, Krung Thep Maha Nakhon 10200",13.750351,100.494552,拍那空县,大皇宫区,星期一: 07:30–16:30 | 星期二: 07:30–16:30 | 星期三: 07:30–16:30 | 星期四: 07:30–16:30 | 星期五: 07:30–16:30 | 星期六: 07:30–16:30 | 星期日: 07:30–16:30,,,适合儿童,,https://maps.google.com/?cid=3598610338013621970&g_mp=CiVnb29nbGUubWFwcy5wbGFjZXMudjEuUGxhY2VzLkdldFBsYWNlEAIYBCAA
ChIJQWfSr7qZ4jARbHQ6tMCpZks,景点,Talad Noi Museum,พิพิธภัณฑ์ตลาดน้อย,museum,当地历史博物馆,4.6,188,"พิพิธตลาดน้อย Soi Phanu Rangsi, Khwaeng Talat Noi, Khet Samphanthawong, Krung Thep Maha Nakhon 10100",13.734982,100.51122,三攀他旺县,噠叻仔區,星期一: 休息 | 星期二: 08:30–16:30 | 星期三: 08:30–16:30 | 星期四: 08:30–16:30 | 星期五: 08:30–16:30 | 星期六: 10:00–18:00 | 星期日: 10:00–18:00,+66 2 233 7390,https://www.facebook.com/pipittaladnoi?mibextid=ZbWKwL,适合儿童|有洗手间|无障碍入口|无障碍洗手间,,https://maps.google.com/?cid=5433216645591626860&g_mp=Cilnb29nbGUubWFwcy5wbGFjZXMudjEuUGxhY2VzLlNlYXJjaE5lYXJieRACGAQgAA
ChIJc9DijRyZ4jARQa-8R7LgroI,景点,King Rama I Monument,พระบรมราชานุสาวรีย์พระบาทสมเด็จพระพุทธยอดฟ้าจุฬาโลกมหาราช,monument,纪念碑,4.5,187,"PFRX+767, Thanon Prajadhipok, Khwaeng Wang Burapha Phirom, Khet Phra Nakhon, Krung Thep Maha Nakhon 10200",13.740656,100.498058,拍那空县,三王府区,星期一: 24小时营业 | 星期二: 24小时营业 | 星期三: 24小时营业 | 星期四: 24小时营业 | 星期五: 24小时营业 | 星期六: 24小时营业 | 星期日: 24小时营业,,,适合儿童|无障碍入口,,https://maps.google.com/?cid=9416710927190634305&g_mp=CiVnb29nbGUubWFwcy5wbGFjZXMudjEuUGxhY2VzLkdldFBsYWNlEAIYBCAA
ChIJh0KmoPCZ4jAR884D3kHWnww,景点,Yodpiman Riverwalk,ยอดพิมานริเวอร์วอล์ค,tourist_attraction,旅游胜地,4.1,187,"392 Soi Empire, Khwaeng Wang Burapha Phirom, Khet Phra Nakhon, Krung Thep Maha Nakhon 10200",13.740506,100.49667,拍那空县,三王府区,星期一: 08:00–23:00 | 星期二: 08:00–23:00 | 星期三: 08:00–23:00 | 星期四: 08:00–23:00 | 星期五: 08:00–23:00 | 星期六: 08:00–23:00 | 星期日: 08:00–23:00,,,适合儿童|有洗手间|无障碍入口|无障碍停车,,https://maps.google.com/?cid=909681228138139379&g_mp=CiVnb29nbGUubWFwcy5wbGFjZXMudjEuUGxhY2VzLkdldFBsYWNlEAIYBCAA
ChIJPYs-Ez-Z4jARD0moEmgPlmA,景点,The Temple of The Emerald Buddha Museum (Wat Phra Keo Museum),พิพิธภัณฑ์วัดพระแก้ว (พิพิธภัณฑ์วัดพระแก้ว),museum,博物馆,4.6,186,"The Grand Palace, พิพิธภัณฑ์วัดพระศรีรัตนศาสดาราม Na Phra Lan Rd, Phra Borom Maha Ratchawang, Phra Nakhon, Bangkok 10200泰国",13.75094,100.490157,拍那空县,大皇宫区,星期一 08:30-15:30 | 星期二 08:30-15:30 | 星期三 08:30-15:30 | 星期四 08:30-15:30 | 星期五 08:30-15:30 | 星期六 08:30-15:30 | 星期日 08:30-15:30,,https://royalgrandpalace.th,适合儿童|有洗手间|无障碍入口|无障碍停车|无障碍洗手间,,https://www.google.com/maps/place/The+Temple+of+The+Emerald+Buddha+Museum+%28Wat+Phra+Keo+Museum%29/data=!4m7!3m6!1s0x30e2993f133e8b3d:0x60960f6812a8490f!8m2!3d13.7509399!4d100.4901572!16s%2Fg%2F11h2n0rgsd!19sChIJPYs-Ez-Z4jARD0moEmgPlmA?authuser=0&hl=zh-CN&g_ep=EgoyMDI2MDgyNS4wIJJjKgBIAVAD&rclk=1
ChIJ_8JQ86-f4jARXWFAXQwEGlA,景点,Train Night Market Ratchada,ตลาดนัดรถไฟรัชดา,,夜市,3.5,179,"Ratchadaphisek Rd, Khwaeng Din Daeng, Din Daeng, Bangkok 10400泰国",13.766877,100.568665,汇权县,Din Daeng,星期一 17:00-01:00 | 星期二 17:00-01:00 | 星期三 17:00-01:00 | 星期四 17:00-01:00 | 星期五 17:00-01:00 | 星期六 17:00-01:00 | 星期日 17:00-01:00,+66 80 078 0918,,,,https://www.google.com/maps/place/Train+Night+Market+Ratchada/data=!4m7!3m6!1s0x30e29faff350c2ff:0x501a040c5d40615d!8m2!3d13.7668766!4d100.5686649!16s%2Fg%2F11xl3tpysg!19sChIJ_8JQ86-f4jARXWFAXQwEGlA?authuser=0&hl=zh-CN&g_ep=EgoyMDI2MDgyNS4wIJJjKgBIAVAD&rclk=1
ChIJVVVVVeSe4jARhfy8f6qXCpE,景点,曼谷堪廷彦博物馆,พิพิธภัณฑ์กันติงญาณกรุงเทพ,,博物馆,3.9,177,"131 Asok Montri Rd, Khlong Toei Nuea, Watthana, Bangkok 10110泰国",13.739328,100.56129,宛他那县,Khlong Toei Nuea,,+66 2 661 6470,https://thesiamsociety.org,,,https://www.google.com/maps/place/%E6%9B%BC%E8%B0%B7%E5%A0%AA%E5%BB%B7%E5%BD%A6%E5%8D%9A%E7%89%A9%E9%A6%86/data=!4m7!3m6!1s0x30e29ee455555555:0x910a97aa7fbcfc85!8m2!3d13.7393284!4d100.5612902!16s%2Fm%2F03hlbtt!19sChIJVVVVVeSe4jARhfy8f6qXCpE?authuser=0&hl=zh-CN&g_ep=EgoyMDI2MDgyNS4wIJJjKgBIAVAD&rclk=1
ChIJvUqFbDuZ4jARe02ncvrP4nM,景点,PLAY art house,เพลย์อาร์ตเฮาส์,art_gallery,画廊,4.7,173,"993 Song Wat Rd, Khwaeng Samphanthawong, Khet Samphanthawong, Krung Thep Maha Nakhon 10100",13.737679,100.508437,三攀他旺县,Samphanthawong,星期一: 休息 | 星期二: 10:00–18:00 | 星期三: 10:00–17:00 | 星期四: 10:00–18:00 | 星期五: 10:00–18:00 | 星期六: 10:00–18:00 | 星期日: 10:00–18:00,+66 91 048 7187,,适合儿童|无障碍入口|无障碍座位,,https://maps.google.com/?cid=8350465333670661499&g_mp=Cilnb29nbGUubWFwcy5wbGFjZXMudjEuUGxhY2VzLlNlYXJjaE5lYXJieRACGAQgAA
ChIJ1_9KLxCZ4jARNVFsNQSbq7k,景点,Pig Memorial,อนุสาวรีย์หมู (อนุสาวรีย์สหชาติ),monument,纪念碑,4.5,163,"จังหวัด กรุงเทพมหานคร Phra Nakhon, 曼谷 Banglamphu PFXW+WFX邮政编码: 10200",13.749872,100.496224,拍那空县,大皇宫区,星期一: 24小时营业 | 星期二: 24小时营业 | 星期三: 24小时营业 | 星期四: 24小时营业 | 星期五: 24小时营业 | 星期六: 24小时营业 | 星期日: 24小时营业,,http://www.bangkok.go.th/,适合儿童,,https://maps.google.com/?cid=13378957560412655925&g_mp=CiVnb29nbGUubWFwcy5wbGFjZXMudjEuUGxhY2VzLkdldFBsYWNlEAIYBCAA
ChIJgQTA_VOY4jARnAu5_Wzdp2E,景点,Bangkok Yai Park,สวนสาธารณะบางกอกใหญ่,park,公园,4.3,162,"PFJH+M98, Wat Tha Phra, Bangkok Yai, Bangkok 10600",13.731662,100.478462,曼谷艾县,Wat Tha Phra,星期一: 05:00–20:00 | 星期二: 05:00–20:00 | 星期三: 05:00–20:00 | 星期四: 05:00–20:00 | 星期五: 05:00–20:00 | 星期六: 05:00–20:00 | 星期日: 05:00–20:00,,,允许携带宠物|适合儿童|无障碍入口|无障碍停车,,https://maps.google.com/?cid=7036836402972658588&g_mp=Cilnb29nbGUubWFwcy5wbGFjZXMudjEuUGxhY2VzLlNlYXJjaE5lYXJieRACGAQgAA
ChIJtQnBbm2Z4jARtZRoAMhvdKw,景点,Wat Chana Songkhram Ratchaworamahawihan,วัดชนะสงครามราชวรมหาวิหาร,buddhist_temple,佛教寺庙,4.6,156,"77 Chakrabongse Rd, Khwaeng Chana Songkhram, Khet Phra Nakhon, Krung Thep Maha Nakhon 10200",13.760384,100.495574,拍那空县,查那松康区,星期一 07:30-18:30 | 星期二 07:30-18:00 | 星期三 07:30-18:00 | 星期四 07:30-18:00 | 星期五 07:30-18:00 | 星期六 07:30-18:00 | 星期日 07:30-18:00,+66 93 126 4000,https://facebook.com,,,https://maps.google.com/?cid=12426680176613037237&g_mp=Cilnb29nbGUubWFwcy5wbGFjZXMudjEuUGxhY2VzLlNlYXJjaE5lYXJieRACGAQgAA
ChIJozVF9o-Z4jARJD0Ovhim5mM,景点,Mahanakhon sculpture park,สวนประติมากรรมมหานคร,tourist_attraction,旅游胜地,4.5,152,"MahaNakhon, 114 Naradhiwas Rajanagarindra Rd, Si Lom, Bang Rak, Bangkok 10500泰国",13.723852,100.528649,挽叻县,是隆,星期一 24小时营业 | 星期二 24小时营业 | 星期三 24小时营业 | 星期四 24小时营业 | 星期五 24小时营业 | 星期六 24小时营业 | 星期日 24小时营业,,,适合儿童|有洗手间|无障碍入口|无障碍停车,,https://www.google.com/maps/place/Mahanakhon+sculpture+park/data=!4m7!3m6!1s0x30e2998ff64535a3:0x63e6a618be0e3d24!8m2!3d13.7238515!4d100.5286494!16s%2Fg%2F11tj10z79d!19sChIJozVF9o-Z4jARJD0Ovhim5mM?authuser=0&hl=zh-CN&g_ep=EgoyMDI2MDgyNS4wIJJjKgBIAVAD&rclk=1
ChIJhfwkjA6Z4jARYpdkDKLGFuE,景点,Manee Nopparat Gate,ประตูมณีนพรัตน์,historical_landmark,古迹地标,4.7,148,"2 Na Phra Lan Rd, Khwaeng Phra Borom Maha Ratchawang, Khet Phra Nakhon, Krung Thep Maha Nakhon 10200",13.752286,100.492585,拍那空县,大皇宫区,,,,适合儿童|无障碍入口|无障碍停车,,https://maps.google.com/?cid=16219369507316340578&g_mp=CiVnb29nbGUubWFwcy5wbGFjZXMudjEuUGxhY2VzLkdldFBsYWNlEAIYBCAA
ChIJbVcYpGyZ4jARmLarY8YEtx0,景点,The Museum & Library of Abbots of Wat Bovoranives Vihara,พิพิธภัณฑ์และห้องสมุดเจ้าอาวาสวัดบวรนิเวศวิหาร,museum,博物馆,4.8,148,"248 Thanon Phra Sumen, Khwaeng Wat Bowon Niwet, Khet Phra Nakhon, Krung Thep Maha Nakhon 10200",13.759687,100.501157,拍那空县,波稳尼威区,星期一: 休息 | 星期二: 休息 | 星期三: 休息 | 星期四: 休息 | 星期五: 休息 | 星期六: 09:00–16:00 | 星期日: 09:00–16:00,+66 89 441 0488,http://www.watbowonabbotmuseum.org/th/contact-us.php,适合儿童|有洗手间|无障碍入口|无障碍停车|无障碍洗手间|无障碍座位,,https://maps.google.com/?cid=2141185397960193688&g_mp=Cilnb29nbGUubWFwcy5wbGFjZXMudjEuUGxhY2VzLlNlYXJjaE5lYXJieRACGAQgAA
ChIJHW6dszGZ4jARrlu3vwjN0C0,景点,Alangkarn Waterfall,น้ำตกอลังการ,tourist_attraction,旅游胜地,4.5,142,"〒10600 Bangkok, Khlong San, Bangkok, 6th Floor",13.72628,100.510166,空訕縣,Khlong Ton Sai,星期一: 10:00–22:00 | 星期二: 10:00–22:00 | 星期三: 10:00–22:00 | 星期四: 10:00–22:00 | 星期五: 10:00–22:00 | 星期六: 10:00–22:00 | 星期日: 10:00–22:00,,,适合儿童|有洗手间|无障碍入口|无障碍停车,,https://maps.google.com/?cid=3301363964322470830&g_mp=Cilnb29nbGUubWFwcy5wbGFjZXMudjEuUGxhY2VzLlNlYXJjaE5lYXJieRACGAQgAA
ChIJSUyBWQCZ4jARtQykUR0nE20,景点,Sané Phuthong,เสน่ห์ ภู่ทอง,art_gallery,画廊,4.7,142,"72, 5-8 Thanon Damrong Rak, Khwaeng Ban Bat, Khet Pom Prap Sattru Phai, Krung Thep Maha Nakhon 10100",13.755376,100.507621,邦巴沙都拍县,班巴区,,,,可预约|外带|供应早餐|供应咖啡|供应甜品,,https://maps.google.com/?cid=7859668781568887989&g_mp=Cilnb29nbGUubWFwcy5wbGFjZXMudjEuUGxhY2VzLlNlYXJjaE5lYXJieRACGAQgAA
ChIJOWvyMRSZ4jARLle5iiMQuoM,景点,Sunthon Phu Museum,พิพิธภัณฑ์สุนทรภู่,museum,博物馆,4.6,138,"70 ซอย วัดเทพธิดาราม Khwaeng Samran Rat, Khet Phra Nakhon, Krung Thep Maha Nakhon 10200",13.753604,100.503844,拍那空县,巴杜披,星期一: 10:00–17:00 | 星期二: 10:00–17:00 | 星期三: 10:00–17:00 | 星期四: 10:00–17:00 | 星期五: 10:00–17:00 | 星期六: 10:00–17:00 | 星期日: 10:00–17:00,+66 85 120 8914,https://travel.mthai.com/blog/29694.html,适合儿童|有洗手间,,https://maps.google.com/?cid=9491916909474043694&g_mp=Cilnb29nbGUubWFwcy5wbGFjZXMudjEuUGxhY2VzLlNlYXJjaE5lYXJieRACGAQgAA
ChIJM57fN9yZ4jARN-XRsjzb92Q,景点,Asiatique Waterfront Area,บริเวณริมน้ำเอเชียทีค,,旅游胜地,4.5,135,"PG32+XPQ ถ. เจริญกรุง Wat Phraya Krai, Bang Kho Laem, Bangkok 10120泰国",13.705045,100.501961,曼柯廉县,Wat Phraya Krai,星期一 11:00-22:00 | 星期二 11:00-22:00 | 星期三 23:00-00:00 | 星期四 00:00-22:00 | 星期五 23:00-00:00 | 星期六 00:00-22:00 | 星期日 11:00-22:00,+66 61 420 0047,https://advance-ticket.com,,,https://www.google.com/maps/place/Asiatique+Waterfront+Area/data=!4m7!3m6!1s0x30e299dc37df9e33:0x64f7db3cb2d1e537!8m2!3d13.7050446!4d100.5019615!16s%2Fg%2F11k50fdcvb!19sChIJM57fN9yZ4jARN-XRsjzb92Q?authuser=0&hl=zh-CN&g_ep=EgoyMDI2MDgyNS4wIJJjKgBIAVAD&rclk=1
ChIJU_CKrxWZ4jARAul-S3lTaX8,景点,Statue of King Nangklao (Rama III),พระบรมราชานุสาวรีย์พระบาทสมเด็จพระนั่งเกล้าเจ้าอยู่หัว,monument,纪念碑,4.5,131,"2 Thanon Ratchadamnoen Klang, Wat Bowonniwet , 10200, Khet Phra Nakhon, Krung Thep Maha Nakhon 10200",13.755385,100.504966,拍那空县,波稳尼威区,星期一: 24小时营业 | 星期二: 24小时营业 | 星期三: 24小时营业 | 星期四: 24小时营业 | 星期五: 24小时营业 | 星期六: 24小时营业 | 星期日: 24小时营业,,,适合儿童,,https://maps.google.com/?cid=9180961095794223362&g_mp=Cilnb29nbGUubWFwcy5wbGFjZXMudjEuUGxhY2VzLlNlYXJjaE5lYXJieRACGAQgAA
ChIJvccM01iZ4jARPwr8_uBuM_8,景点,云石寺,วัดหยุนซี,buddhist_temple,佛教寺庙,4.7,124,"69 Thanon Rama V, Khwaeng Dusit, Khet Dusit, Krung Thep Maha Nakhon 10300",13.766528,100.514117,都实县,Dusit,星期一 06:00-18:00 | 星期二 06:00-18:00 | 星期三 06:00-18:00 | 星期四 06:00-18:00 | 星期五 06:00-18:00 | 星期六 06:00-18:00 | 星期日 06:00-18:00,+66 98 395 4289,https://watben5.com,适合儿童|有洗手间|无障碍入口|无障碍停车|无障碍洗手间,华丽的寺庙，使用白色的意大利大理石建造，融合了欧洲和泰国设计风格。,https://maps.google.com/?cid=18389163616113527359&g_mp=Cilnb29nbGUubWFwcy5wbGFjZXMudjEuUGxhY2VzLlNlYXJjaE5lYXJieRACGAQgAA
ChIJFTZxq9KZ4jARyANfo4Ni3wk,景点,Maen Sri Waterworks,ประปาแม้นศรี (หลังเก่า),historical_landmark,古迹地标,4.5,123,"QG25+G8X, Ban Bat, Pom Prap Sattru Phai, Bangkok 10100",13.751363,100.508348,邦巴沙都拍县,班巴区,星期一: 11:00–21:00 | 星期二: 11:00–21:00 | 星期三: 11:00–21:00 | 星期四: 11:00–21:00 | 星期五: 11:00–21:00 | 星期六: 11:00–21:00 | 星期日: 11:00–21:00,,,,,https://maps.google.com/?cid=711395583668978632&g_mp=CiVnb29nbGUubWFwcy5wbGFjZXMudjEuUGxhY2VzLkdldFBsYWNlEAIYBCAA
ChIJQeImlR2Z4jARHveRPXq6vgU,景点,關帝古廟,วัดโบราณกวนตี้,,圣地,4.8,122,"251 Somdet Chao Phraya 3 Alley, Somdet Chao Phraya, Khlong San, Bangkok 10600泰国",13.737398,100.500061,空訕縣,Somdet Chao Phraya,星期一 07:30-17:30 | 星期二 07:30-17:30 | 星期三 07:30-17:30 | 星期四 07:30-17:30 | 星期五 07:30-17:30 | 星期六 07:30-17:30 | 星期日 07:30-17:30,+66 2 439 6309,https://facebook.com,,,https://www.google.com/maps/place/%E9%97%9C%E5%B8%9D%E5%8F%A4%E5%BB%9F/data=!4m7!3m6!1s0x30e2991d9526e241:0x5beba7a3d91f71e!8m2!3d13.7373984!4d100.5000611!16s%2Fg%2F11bvt8mcl8!19sChIJQeImlR2Z4jARHveRPXq6vgU?authuser=0&hl=zh-CN&g_ep=EgoyMDI2MDgyNS4wIJJjKgBIAVAD&rclk=1
ChIJUSXWgGaZ4jARO_Kdze7bbt4,景点,Mahakan Fort Park,สวนสาธารณะป้อมมหากาฬ,city_park,城市公园,4.5,121,"QG34+R5M, Maha Chai Rd, Khwaeng Wat Bowon Niwet, Khet Phra Nakhon, Krung Thep Maha Nakhon 10200",13.754582,100.505428,拍那空县,波稳尼威区,星期一: 05:00–21:00 | 星期二: 05:00–21:00 | 星期三: 05:00–21:00 | 星期四: 05:00–21:00 | 星期五: 05:00–21:00 | 星期六: 05:00–21:00 | 星期日: 05:00–21:00,,,允许携带宠物|适合儿童|无障碍入口,,https://maps.google.com/?cid=16027989942556553787&g_mp=Cilnb29nbGUubWFwcy5wbGFjZXMudjEuUGxhY2VzLlNlYXJjaE5lYXJieRACGAQgAA
ChIJ6Whn4Cif4jARpzSH7kaWgw0,景点,Gate 4,ประตู 4,state_park,国家公园,4.5,119,"192 Thanon Rama IV, Khwaeng Lumphini, Pathum Wan, Krung Thep Maha Nakhon 10330",13.730123,100.538197,巴吞旺县,Lumphini,星期一: 04:30–21:00 | 星期二: 04:30–21:00 | 星期三: 04:30–21:00 | 星期四: 04:30–21:00 | 星期五: 04:30–21:00 | 星期六: 04:30–21:00 | 星期日: 04:30–21:00,+66 95 549 2999,,适合儿童|无障碍入口|无障碍停车,,https://maps.google.com/?cid=973787175835874471&g_mp=Cilnb29nbGUubWFwcy5wbGFjZXMudjEuUGxhY2VzLlNlYXJjaE5lYXJieRACGAQgAA
ChIJKbDwDiyf4jARFcqO_YhqTc8,景点,Nepal Arts Gallery (อารยา อาร์ต),Nepal Arts Gallery (อารยา อาร์ต),art_gallery,画廊,5.0,118,"5th Floor, Big C Supercenter Ratchadamri, 97/11 Thanon Ratchadamri, Khwaeng Lumphini, Patumwan, Krung Thep Maha Nakhon 10330",13.747055,100.541129,巴吞旺县,Lumphini,星期一: 10:00–20:30 | 星期二: 10:00–20:30 | 星期三: 10:00–20:30 | 星期四: 10:00–20:30 | 星期五: 10:00–20:30 | 星期六: 10:00–20:30 | 星期日: 10:00–20:30,+66 87 042 6994,http://www.arayanepal.blogspot.com/,适合儿童|有洗手间|无障碍入口|无障碍停车|无障碍洗手间|无障碍座位,,https://maps.google.com/?cid=14937712675659893269&g_mp=Cilnb29nbGUubWFwcy5wbGFjZXMudjEuUGxhY2VzLlNlYXJjaE5lYXJieRACGAQgAA
ChIJWUyF482e4jAR12sAcrWRIiY,景点,アクアリウム Siam Paragon,อควาเรียมสยามพารากอน,aquarium,水族馆,4.5,116,"968 Rama I Rd, Khwaeng Pathum Wan, Pathum Wan, Krung Thep Maha Nakhon 10330",13.74683,100.534928,巴吞旺县,Pathum Wan,,+66 2 687 2000,http://www.sealifebangkok.com/,适合儿童|无障碍入口|无障碍停车,,https://maps.google.com/?cid=2747918931137162199&g_mp=Cilnb29nbGUubWFwcy5wbGFjZXMudjEuUGxhY2VzLlNlYXJjaE5lYXJieRACGAQgAA
ChIJMTBhx9SZ4jAR3RW47ElQWzk,景点,Joyman Gallery,จอยแมน แกลเลอรี่,art_gallery,画廊,4.7,115,"357 359 Maha Chai Rd, Khwaeng Samran Rat, Khet Phra Nakhon, Krung Thep Maha Nakhon 10200",13.751859,100.50455,拍那空县,巴杜披,星期一: 休息 | 星期二: 11:00–18:00 | 星期三: 11:00–18:00 | 星期四: 11:00–18:00 | 星期五: 11:00–18:00 | 星期六: 11:00–18:00 | 星期日: 11:00–18:00,+66 65 124 1111,http://www.joymangallery.com/,适合儿童|有洗手间,,https://maps.google.com/?cid=4132985361476883933&g_mp=CiVnb29nbGUubWFwcy5wbGFjZXMudjEuUGxhY2VzLkdldFBsYWNlEAIYBCAA
ChIJA6WfpGuZ4jARGHEeYBQPxb0,景点,Wat Tri Thotsathep Worawihan,วัดตรีทศเทพวรวิหาร,buddhist_temple,佛教寺庙,4.4,114,"167 Prachathipatai Rd, Khwaeng Ban Phan Thom, Khet Phra Nakhon, Krung Thep Maha Nakhon 10200",13.761875,100.503021,拍那空县,班潘通,星期一 07:00-21:00 | 星期二 07:00-21:00 | 星期三 07:00-21:00 | 星期四 07:00-21:00 | 星期五 07:00-21:00 | 星期六 07:00-21:00 | 星期日 07:00-21:00,+66 2 282 4453,,有洗手间|无障碍入口|无障碍停车|无障碍洗手间,这座佛教寺庙宁静清幽，以镀金佛塔、屋顶尖塔以及精美的壁画和绘画而闻名。,https://maps.google.com/?cid=13674352423766749464&g_mp=Cilnb29nbGUubWFwcy5wbGFjZXMudjEuUGxhY2VzLlNlYXJjaE5lYXJieRACGAQgAA
ChIJr1UBJw2Z4jARZ5tidTivoDA,景点,World War I Volunteer Monument,อนุสาวรีย์อาสาสมัครสงครามโลกครั้งที่ 1,monument,纪念碑,4.0,113,"4 Soi Na Phra That, Khwaeng Phra Borom Maha Ratchawang, Khet Phra Nakhon, Krung Thep Maha Nakhon 10200",13.758207,100.493283,拍那空县,大皇宫区,星期一: 24小时营业 | 星期二: 24小时营业 | 星期三: 24小时营业 | 星期四: 24小时营业 | 星期五: 24小时营业 | 星期六: 24小时营业 | 星期日: 24小时营业,,http://www.resource.lib.su.ac.th/rattanakosin/index.php/2014-10-27-08-52-05/2015-10-19-03-54-00/2015-10-19-04-17-51,适合儿童|无障碍入口|无障碍停车,,https://maps.google.com/?cid=3503993167116671847&g_mp=Cilnb29nbGUubWFwcy5wbGFjZXMudjEuUGxhY2VzLlNlYXJjaE5lYXJieRACGAQgAA
ChIJbZSxHMSY4jARoHjW7iRjv1Y,景点,Saphan Taksin Public Park,สวนสาธารณะสะพานตากสิน,park,公园,4.2,110,"PG97+8RM, Yan Nawa, Sathon, Bangkok 10120",13.718349,100.514551,沙吞县,Yan Nawa,星期一: 05:30–18:30 | 星期二: 05:30–18:30 | 星期三: 05:30–18:30 | 星期四: 05:30–18:30 | 星期五: 05:30–18:30 | 星期六: 05:30–18:30 | 星期日: 24小时营业,,,允许携带宠物|适合儿童|无障碍入口,,https://maps.google.com/?cid=6250823818090543264&g_mp=Cilnb29nbGUubWFwcy5wbGFjZXMudjEuUGxhY2VzLlNlYXJjaE5lYXJieRACGAQgAA
ChIJqR0gi8iY4jARw_8HLFUUsRk,景点,"80th Anniversary Celebration Park, Sathon",สวนเฉลิมพระเกียรติ 80 พรรษา สาทร,state_park,国家公园,4.2,108,"สวนเฉลิมพระเกียรติ 80 พรรษา, ซอย เจริญราษฎร์ 1 แขวงทุ่งวัดดอน เขตสาทร กรุงเทพมหานคร 10120",13.716874,100.519679,沙吞县,Yan Nawa,星期一: 09:00–19:00 | 星期二: 09:00–19:00 | 星期三: 09:00–19:00 | 星期四: 09:00–19:00 | 星期五: 09:00–19:00 | 星期六: 09:00–19:00 | 星期日: 09:00–19:00,+66 65 771 4202,http://203.155.220.118/green-parks-admin/index.php?m=green_parks&op=detaildata&NUID=7144,适合儿童|无障碍入口|无障碍停车,,https://maps.google.com/?cid=1851283277869481923&g_mp=Cilnb29nbGUubWFwcy5wbGFjZXMudjEuUGxhY2VzLlNlYXJjaE5lYXJieRACGAQgAA
ChIJ55VCtrphHTERAdBuK5LRG1A,景点,Prasart博物馆,พิพิธภัณฑ์ปราสาท,,博物馆,4.3,107,"PMR3+R88, Krungthep Kritha, Khwaeng Hua Mak, Khet Bang Kapi, Bangkok 10240泰国",13.742039,100.653341,邦甲比县,Hua Mak,星期一 休息 | 星期二 09:00-14:00 | 星期三 09:00-14:00 | 星期四 09:00-14:00 | 星期五 09:00-14:00 | 星期六 09:00-14:00 | 星期日 09:00-14:00,+66 2 379 3601,https://museumthailand.com,,,https://www.google.com/maps/place/Prasart%E5%8D%9A%E7%89%A9%E9%A6%86/data=!4m7!3m6!1s0x311d61bab64295e7:0x501bd1922b6ed001!8m2!3d13.742039!4d100.6533406!16s%2Fm%2F03hlbmm!19sChIJ55VCtrphHTERAdBuK5LRG1A?authuser=0&hl=zh-CN&g_ep=EgoyMDI2MDgyNS4wIJJjKgBIAVAD&rclk=1
ChIJ0a20osaY4jARn4MDBNAhVtM,景点,Yannawa Temple,วัดยานนาวา,,佛教寺庙,4.5,105,"40 ถ. เจริญกรุง Yan Nawa, Sathon, Bangkok 10120泰国",13.717264,100.513796,沙吞县,Yan Nawa,星期一 07:00-18:00 | 星期二 07:00-18:00 | 星期三 07:00-18:00 | 星期四 07:00-18:00 | 星期五 07:00-18:00 | 星期六 07:00-18:00 | 星期日 07:00-18:00,+66 92 669 2516,https://facebook.com,,,https://www.google.com/maps/place/Yannawa+Temple/data=!4m7!3m6!1s0x30e298c6a2b4add1:0xd35621d00403839f!8m2!3d13.7172642!4d100.5137964!16s%2Fm%2F02rznsb!19sChIJ0a20osaY4jARn4MDBNAhVtM?authuser=0&hl=zh-CN&g_ep=EgoyMDI2MDgyNS4wIJJjKgBIAVAD&rclk=1
ChIJO8hO_J6Z4jAR5jC7PER8JlQ,景点,Siwamokhaphiman Hall,พระที่นั่งศิวโมกขพิมาน,museum,博物馆,4.8,103,"4 Soi Na Phra That, Khwaeng Phra Borom Maha Ratchawang, Khet Phra Nakhon, Krung Thep Maha Nakhon 10200",13.757425,100.492341,拍那空县,大皇宫区,星期一: 休息 | 星期二: 休息 | 星期三: 09:00–16:00 | 星期四: 09:00–16:00 | 星期五: 09:00–16:00 | 星期六: 09:00–16:00 | 星期日: 09:00–16:00,,http://www.virtualmuseum.finearts.go.th/bangkoknationalmuseums/360/siwamok-thai.html,适合儿童|有洗手间|无障碍入口|无障碍停车|无障碍洗手间,,https://maps.google.com/?cid=6063670580819472614&g_mp=Cilnb29nbGUubWFwcy5wbGFjZXMudjEuUGxhY2VzLlNlYXJjaE5lYXJieRACGAQgAA
ChIJWYxfmSGZ4jARmHGTlWlBOlM,景点,Wiset Chai Si Gate,ประตูวิเศษไชยสี,historical_landmark,古迹地标,4.6,103,"2 Na Phra Lan Rd, Khwaeng Phra Borom Maha Ratchawang, Khet Phra Nakhon, Krung Thep Maha Nakhon 10200",13.752254,100.491183,拍那空县,大皇宫区,星期一: 08:30–15:30 | 星期二: 08:30–15:30 | 星期三: 08:30–15:30 | 星期四: 08:30–15:30 | 星期五: 08:30–15:30 | 星期六: 08:30–15:30 | 星期日: 08:30–15:30,,https://www.royalgrandpalace.th/,适合儿童,,https://maps.google.com/?cid=5997177775534076312&g_mp=Cilnb29nbGUubWFwcy5wbGFjZXMudjEuUGxhY2VzLlNlYXJjaE5lYXJieRACGAQgAA
ChIJ13k5-g6Z4jARu_H6cvBJDvE,景点,Phra Ubosot (The Chapel),พระอุโบสถ วัดพระศรีรัตนศาสดาราม,buddhist_temple,佛教寺庙,4.6,101,"QF2V+F36, Na Phra Lan Rd, Khwaeng Phra Borom Maha Ratchawang, Khet Phra Nakhon, Krung Thep Maha Nakhon 10200",13.751162,100.492648,拍那空县,大皇宫区,星期一: 08:30–15:30 | 星期二: 08:30–15:30 | 星期三: 08:30–15:30 | 星期四: 08:30–15:30 | 星期五: 08:30–15:30 | 星期六: 休息 | 星期日: 08:30–15:30,,https://www.royalgrandpalace.th/en/home,有洗手间|无障碍停车|无障碍洗手间,,https://maps.google.com/?cid=17369902109884608955&g_mp=CiVnb29nbGUubWFwcy5wbGFjZXMudjEuUGxhY2VzLkdldFBsYWNlEAIYBCAA
ChIJ_bd56myZ4jAROGViXBy9vP0,景点,巴翁僧王寺,วัดป่าอ๋อง,buddhist_temple,佛教寺庙,4.7,101,"248 Thanon Phra Sumen, Khwaeng Wat Bowon Niwet, Khet Phra Nakhon, Krung Thep Maha Nakhon 10200",13.760275,100.499871,拍那空县,波稳尼威区,星期一 08:00-16:00 | 星期二 08:00-16:00 | 星期三 08:00-16:00 | 星期四 08:00-16:00 | 星期五 08:00-16:00 | 星期六 08:00-16:00 | 星期日 08:00-16:00,+66 2 629 5854,https://facebook.com,有洗手间|无障碍入口|无障碍停车|无障碍洗手间,这座佛寺是王子出家修行的地方，且收藏有可追溯至 13 世纪的雕像。,https://maps.google.com/?cid=18283696516724057400&g_mp=Cilnb29nbGUubWFwcy5wbGFjZXMudjEuUGxhY2VzLlNlYXJjaE5lYXJieRACGAQgAA
ChIJuyuYVgCZ4jARYCFdCDEop5k,景点,Pub crawl monster Bangkok,ผับคลานมอนสเตอร์กรุงเทพ,garden,花园,5.0,100,"196 199 Thanon Ratchadamnoen Klang, Borwornnives Khet Phra Nakhon, Krung Thep Maha Nakhon 10200",13.755691,100.503581,拍那空县,波稳尼威区,星期一: 20:30–00:00 | 星期二: 20:30–00:00 | 星期三: 20:30–00:00 | 星期四: 20:30–00:00 | 星期五: 20:30–00:00 | 星期六: 20:30–00:00 | 星期日: 20:30–00:00,+66 93 198 8118,,,,https://maps.google.com/?cid=11071862399972483424&g_mp=Cilnb29nbGUubWFwcy5wbGFjZXMudjEuUGxhY2VzLlNlYXJjaE5lYXJieRACGAQgAA
ChIJFaDi12WZ4jARPkbyBQZUHGs,景点,Golden Teak Museum,พิพิธภัณฑ์ไม้สักทอง,,博物馆,4.5,99,"วัดเทวราชกุญชรวรวิหาร เลขที่ 90 Thanon Si Ayutthaya, Wachira Phayaban, Dusit District, Bangkok 10300泰国",13.772516,100.501556,都实县,Wachira Phayaban,星期一 09:00-17:00 | 星期二 09:00-17:00 | 星期三 09:00-17:00 | 星期四 09:00-17:00 | 星期五 09:00-17:00 | 星期六 09:00-17:00 | 星期日 09:00-17:00,+66 2 282 5793,https://facebook.com,,,https://www.google.com/maps/place/Golden+Teak+Museum/data=!4m7!3m6!1s0x30e29965d7e2a015:0x6b1c540605f2463e!8m2!3d13.7725161!4d100.5015564!16s%2Fg%2F1ptzlqhjj!19sChIJFaDi12WZ4jARPkbyBQZUHGs?authuser=0&hl=zh-CN&g_ep=EgoyMDI2MDgyNS4wIJJjKgBIAVAD&rclk=1
ChIJzbmcz7GZ4jARpMQfnRNXBa0,景点,Pagodas of Wat Pho,เจดีย์วัดโพธิ์,buddhist_temple,佛教寺庙,4.7,98,"PFWV+G24, Phra Borom Maha Ratchawang, Phra Nakhon, Bangkok 10200",13.746268,100.492565,拍那空县,大皇宫区,,,,有洗手间,,https://maps.google.com/?cid=12467466885197186212&g_mp=CiVnb29nbGUubWFwcy5wbGFjZXMudjEuUGxhY2VzLkdldFBsYWNlEAIYBCAA
ChIJMx1MyW6Z4jARXBiTn1GAT5g,景点,วัดเอี่ยมวรนุช,วัดเอี่ยมวรนุช,buddhist_temple,佛教寺庙,4.8,97,"178 Thanon Samsen, Khwaeng Ban Phan Thom, Khet Phra Nakhon, Krung Thep Maha Nakhon 10200",13.766231,100.501036,拍那空县,班潘通,星期一: 24小时营业 | 星期二: 24小时营业 | 星期三: 24小时营业 | 星期四: 24小时营业 | 星期五: 24小时营业 | 星期六: 24小时营业 | 星期日: 24小时营业,+66 2 628 7906,https://www.facebook.com/WatIamWoranutch?,有洗手间,,https://maps.google.com/?cid=10975131904983111772&g_mp=Cilnb29nbGUubWFwcy5wbGFjZXMudjEuUGxhY2VzLlNlYXJjaE5lYXJieRACGAQgAA
ChIJbc0cWQKZ4jARgUvi4O1GgU4,景点,Luenrit Yaowarat,เลื่อนฤทธิ์ เยาวราช,tourist_attraction,旅游胜地,4.6,93,"196, 198 Yaowarat Rd, Khwaeng Chakkrawat, Khet Samphanthawong, Krung Thep Maha Nakhon 10100",13.743421,100.505184,三攀他旺县,差甲瓦區,星期一: 09:00–17:00 | 星期二: 09:00–17:00 | 星期三: 09:00–17:00 | 星期四: 09:00–17:00 | 星期五: 09:00–17:00 | 星期六: 休息 | 星期日: 休息,+66 95 101 9860,https://www.facebook.com/Luenrit/?locale=th_TH,适合儿童|有洗手间,,https://maps.google.com/?cid=5656880594448173953&g_mp=CiVnb29nbGUubWFwcy5wbGFjZXMudjEuUGxhY2VzLkdldFBsYWNlEAIYBCAA
ChIJwdXyXmuZ4jARDeVE4xm24ps,景点,Ancient City Wall,กำแพงเมืองโบราณ,historical_landmark,历史地标,4.0,91,"365 10 Thanon Phra Sumen, Khwaeng Wat Bowon Niwet, Khet Phra Nakhon, Krung Thep Maha Nakhon 10200",13.759968,100.501753,拍那空县,波稳尼威区,星期一: 24小时营业 | 星期二: 24小时营业 | 星期三: 24小时营业 | 星期四: 24小时营业 | 星期五: 24小时营业 | 星期六: 24小时营业 | 星期日: 24小时营业,,,适合儿童,,https://maps.google.com/?cid=11232740642918819085&g_mp=Cilnb29nbGUubWFwcy5wbGFjZXMudjEuUGxhY2VzLlNlYXJjaE5lYXJieRACGAQgAA
ChIJL2ZRF2iZ4jARu81YlQbhvoE,景点,Elephants by ROA in bangkok,ช้างโดย ROA ในกรุงเทพฯ,,旅游胜地,4.4,91,"1067 Song Wat Rd, Samphanthawong, Bangkok 10100泰国",13.737105,100.508962,三攀他旺县,Samphanthawong,星期一 05:00-20:00 | 星期二 05:00-20:00 | 星期三 05:00-20:00 | 星期四 05:00-20:00 | 星期五 05:00-20:00 | 星期六 05:00-20:00 | 星期日 05:00-20:00,,,,,https://www.google.com/maps/place/Elephants+by+ROA+in+bangkok/data=!4m7!3m6!1s0x30e299681751662f:0x81bee1069558cdbb!8m2!3d13.737105!4d100.5089621!16s%2Fg%2F11fr110g30!19sChIJL2ZRF2iZ4jARu81YlQbhvoE?authuser=0&hl=zh-CN&g_ep=EgoyMDI2MDgyNS4wIJJjKgBIAVAD&rclk=1
ChIJc_YtfxKZ4jARQfrsWTP-MBI,景点,Wat Buranasiri Mattayaram,วัดบุรณศิริมาตยาราม,buddhist_temple,佛教寺庙,4.3,88,"ศาล เจ้าพ่อ เสือ, 5 Thanon Atsadang, Khwaeng San Chao Pho Sua, Khet Phra Nakhon, Krung Thep Maha Nakhon 10200",13.755342,100.495982,拍那空县,虎神庙区,,+66 2 225 8482,https://www.facebook.com/WatBuranasiriMattayaram/?ref=page_internal,有洗手间|无障碍入口|无障碍停车|无障碍洗手间,,https://maps.google.com/?cid=1310826988070304321&g_mp=Cilnb29nbGUubWFwcy5wbGFjZXMudjEuUGxhY2VzLlNlYXJjaE5lYXJieRACGAQgAA
ChIJsd5AnUSY4jARmL0oDwnbEew,景点,坤禅寺,วัดคุนเซ็น,,佛教寺庙,4.5,86,"วัดขุนจันทร์ 1144 Soi Thoet Thai 28, Talat Phlu, Thon Buri, Bangkok 10600泰国",13.720269,100.471564,吞武里县,Talat Phlu,星期一 06:30-21:00 | 星期二 06:30-21:00 | 星期三 06:30-21:00 | 星期四 06:30-21:00 | 星期五 06:30-21:00 | 星期六 06:30-21:00 | 星期日 06:30-21:00,+66 89 033 1059,https://facebook.com,,,https://www.google.com/maps/place/%E5%9D%A4%E7%A6%85%E5%AF%BA/data=!4m7!3m6!1s0x30e298449d40deb1:0xec11db090f28bd98!8m2!3d13.7202693!4d100.4715645!16s%2Fg%2F1tgft1n9!19sChIJsd5AnUSY4jARmL0oDwnbEew?authuser=0&hl=zh-CN&g_ep=EgoyMDI2MDgyNS4wIJJjKgBIAVAD&rclk=1
ChIJ5y4FH9qZ4jAR6_WNc3nAcew,景点,Wat Sitaram,วัดสิตาราม (วัดคอกหมู),buddhist_temple,佛教寺庙,4.3,85,"21 Thanon Damrong Rak, Khwaeng Khlong Maha Nak, Khet Pom Prap Sattru Phai, Krung Thep Maha Nakhon 10100",13.755486,100.510547,邦巴沙都拍县,Khlong Maha Nak,星期一: 24小时营业 | 星期二: 24小时营业 | 星期三: 24小时营业 | 星期四: 24小时营业 | 星期五: 24小时营业 | 星期六: 24小时营业 | 星期日: 24小时营业,,https://www.facebook.com/naza.naza.52831,有洗手间|无障碍入口|无障碍停车|无障碍洗手间,,https://maps.google.com/?cid=17037610493181556203&g_mp=Cilnb29nbGUubWFwcy5wbGFjZXMudjEuUGxhY2VzLlNlYXJjaE5lYXJieRACGAQgAA
ChIJc7lxERef4jAR-Fcvy-LoL-w,景点,Hope of Bangkok Church,คริสตจักรความหวังกรุงเทพ,,教堂,4.7,82,"1200 Rama IV Rd, Khlong Toei, Bangkok 10110泰国",13.720457,100.556228,孔提县,Khlong Toei,星期一 08:30-16:30 | 星期二 08:30-16:30 | 星期三 08:30-16:30 | 星期四 08:30-16:30 | 星期五 08:30-16:30 | 星期六 休息 | 星期日 09:30-14:00,+66 2 240 2865,,,,https://www.google.com/maps/place/Hope+of+Bangkok+Church/data=!4m7!3m6!1s0x30e29f171171b973:0xec2fe8e2cb2f57f8!8m2!3d13.7204572!4d100.5562279!16s%2Fg%2F119vycs_4!19sChIJc7lxERef4jAR-Fcvy-LoL-w?authuser=0&hl=zh-CN&g_ep=EgoyMDI2MDgyNS4wIJJjKgBIAVAD&rclk=1
ChIJVVUFixSZ4jARDOa_GlXDB_o,景点,"ASEAN Cultural Center, Ministry of Culture",ศูนย์วัฒนธรรมอาเซียน กระทรวงวัฒนธรรม,museum,博物馆,4.4,79,"ชั้น 3 หอศิลป์ 84 Thanon Ratchadamnoen Klang, Khwaeng Wat Bowon Niwet, Khet Phra Nakhon, Krung Thep Maha Nakhon 10200",13.756061,100.50278,拍那空县,波稳尼威区,星期一: 休息 | 星期二: 09:00–17:00 | 星期三: 09:00–17:00 | 星期四: 10:00–17:00 | 星期五: 10:00–17:00 | 星期六: 10:00–17:00 | 星期日: 10:00–17:00,+66 2 224 4279,,适合儿童|有洗手间|无障碍入口|无障碍停车|无障碍洗手间,,https://maps.google.com/?cid=18016583604607378956&g_mp=Cilnb29nbGUubWFwcy5wbGFjZXMudjEuUGxhY2VzLlNlYXJjaE5lYXJieRACGAQgAA
ChIJB0SIECKZ4jARDEVRe_OeV2s,景点,敕賜永福寺,วัดบำเพ็ญจีนพรต (วัดย่งฮกยี่),buddhist_temple,佛教寺庙,4.7,78,"324 ซอย Yaowarat 8, Khwaeng Samphanthawong, Khet Samphanthawong, Krung Thep Maha Nakhon 10100",13.742011,100.507644,三攀他旺县,Samphanthawong,星期一: 07:00–17:00 | 星期二: 07:00–17:00 | 星期三: 07:00–17:00 | 星期四: 07:00–17:00 | 星期五: 07:00–17:00 | 星期六: 07:00–17:00 | 星期日: 07:00–17:00,+66 2 222 4789,https://www.facebook.com/WatBampenchinprot/,有洗手间|无障碍洗手间,,https://maps.google.com/?cid=7734825653615281420&g_mp=CiVnb29nbGUubWFwcy5wbGFjZXMudjEuUGxhY2VzLkdldFBsYWNlEAIYBCAA
ChIJyRIIMnOZ4jARvTenBpOAZbc,景点,Office of National Museums,สำนักงานพิพิธภัณฑสถานแห่งชาติ,museum,博物馆,4.5,77,"81 1 Thanon Si Ayutthaya, Khwaeng Wachira Phayaban, Khet Dusit, Krung Thep Maha Nakhon 10300",13.771827,100.504123,都实县,Wachira Phayaban,星期一: 08:30–16:30 | 星期二: 08:30–16:30 | 星期三: 08:30–16:30 | 星期四: 08:30–16:30 | 星期五: 08:30–16:30 | 星期六: 休息 | 星期日: 休息,+66 2 628 5028,http://www.finearts.go.th/thailandmuseum/,有洗手间|无障碍入口|无障碍停车|无障碍洗手间,,https://maps.google.com/?cid=13215110050548758461&g_mp=Cilnb29nbGUubWFwcy5wbGFjZXMudjEuUGxhY2VzLlNlYXJjaE5lYXJieRACGAQgAA
ChIJDas4ca5jHTER2obqOfiJCPA,景点,Siangpure Park เซียงเพียว พาร์ค,Siangpure Park เซียงเพียว พาร์ค,,公园,4.5,77,"127 Soi Yothin Phattana 3, Khlong Chan, Bang Kapi, Bangkok 10240泰国",13.81633,100.62917,汶昆县,Khlong Chan,星期一 06:00-20:00 | 星期二 休息 | 星期三 06:00-20:00 | 星期四 06:00-20:00 | 星期五 06:00-20:00 | 星期六 06:00-20:00 | 星期日 06:00-20:00,+66 90 980 1368,https://bertram1958.com,,,https://www.google.com/maps/place/Siangpure+Park+%E0%B9%80%E0%B8%8B%E0%B8%B5%E0%B8%A2%E0%B8%87%E0%B9%80%E0%B8%9E%E0%B8%B5%E0%B8%A2%E0%B8%A7+%E0%B8%9E%E0%B8%B2%E0%B8%A3%E0%B9%8C%E0%B8%84/data=!4m7!3m6!1s0x311d63ae7138ab0d:0xf00889f839ea86da!8m2!3d13.8163305!4d100.6291703!16s%2Fg%2F11sgdyl68c!19sChIJDas4ca5jHTER2obqOfiJCPA?authuser=0&hl=zh-CN&g_ep=EgoyMDI2MDgyNS4wIJJjKgBIAVAD&rclk=1
ChIJ9QNnDCKZ4jARx-iEGcZqsR0,景点,敕賜普福寺,วัดกุศลสมาคร,buddhist_temple,佛教寺庙,4.5,77,"PGV5+22W, Trok Wat Kuson Samakhon, Khwaeng Samphanthawong, Khet Samphanthawong, Krung Thep Maha Nakhon 10100",13.742606,100.507571,三攀他旺县,Samphanthawong,星期一: 06:00–21:00 | 星期二: 06:00–21:00 | 星期三: 06:00–21:00 | 星期四: 06:00–21:00 | 星期五: 06:00–21:00 | 星期六: 06:00–21:00 | 星期日: 06:00–21:00,+66 2 623 3124,https://www.facebook.com/watkusolsamakorn?mibextid=ZbWKwL,有洗手间|无障碍洗手间,,https://maps.google.com/?cid=2139608697041905863&g_mp=CiVnb29nbGUubWFwcy5wbGFjZXMudjEuUGxhY2VzLkdldFBsYWNlEAIYBCAA
ChIJ1Vk4Wdee4jARti6xbr7k2no,景点,Nova Contemporary,โนวา คอนเทมโพรารี,art_gallery,画廊,4.5,76,"86 Si Phraya Rd, Khwaeng Maha Phruttharam, Khet Bang Rak, Krung Thep Maha Nakhon 10500",13.73214,100.526183,挽叻县,玛哈拍他喃区,星期一: 休息 | 星期二: 11:00–19:00 | 星期三: 11:00–19:00 | 星期四: 11:00–19:00 | 星期五: 11:00–19:00 | 星期六: 11:00–19:00 | 星期日: 休息,+66 90 910 6863,http://www.novacontemporary.com/,有洗手间,,https://maps.google.com/?cid=8852639524102155958&g_mp=Cilnb29nbGUubWFwcy5wbGFjZXMudjEuUGxhY2VzLlNlYXJjaE5lYXJieRACGAQgAA
ChIJtwjWdNue4jARvwyk6IAzoFc,景点,100 Ton Son Foundation,มูลนิธิ 100 ต้นสน,art_gallery,画廊,4.4,75,"100 Soi Ton Son, Khwaeng Lumphini, Pathum Wan, Krung Thep Maha Nakhon 10330",13.739023,100.54453,巴吞旺县,Lumphini,星期一: 休息 | 星期二: 休息 | 星期三: 休息 | 星期四: 10:00–18:00 | 星期五: 10:00–18:00 | 星期六: 11:00–19:00 | 星期日: 11:00–19:00,+66 98 789 6100,http://www.100tonsonfoundation.org/,有洗手间,,https://maps.google.com/?cid=6314103306325331135&g_mp=Cilnb29nbGUubWFwcy5wbGFjZXMudjEuUGxhY2VzLlNlYXJjaE5lYXJieRACGAQgAA
ChIJMXBg8w6Z4jARdcIae9ZHqBQ,景点,Phra Wiharn Yod Chapel,พระเศวตกุฏาคารวิหารยอด,buddhist_temple,佛教寺庙,4.6,75,"QF2V+Q2J, Na Phra Lan Rd, Khwaeng Phra Borom Maha Ratchawang, Khet Phra Nakhon, Krung Thep Maha Nakhon 10200",13.751968,100.492512,拍那空县,大皇宫区,星期一: 08:30–15:30 | 星期二: 08:30–15:30 | 星期三: 08:30–15:30 | 星期四: 08:30–15:30 | 星期五: 08:30–15:30 | 星期六: 08:30–15:30 | 星期日: 08:30–15:30,+66 2 623 5500,https://www.royalgrandpalace.th/,有洗手间,,https://maps.google.com/?cid=1488518663359873653&g_mp=CiVnb29nbGUubWFwcy5wbGFjZXMudjEuUGxhY2VzLkdldFBsYWNlEAIYBCAA
ChIJX7Ql7tSe4jARdl1Wz-WSqIg,景点,双皇纪念雕像,อนุสาวรีย์สองจักรพรรดิ์,monument,纪念碑,4.7,75,"254 Phaya Thai Rd, Khwaeng Pathum Wan, Pathum Wan, Krung Thep Maha Nakhon 10330",13.738402,100.531698,巴吞旺县,Pathum Wan,星期一: 06:00–20:00 | 星期二: 06:00–20:00 | 星期三: 06:00–20:00 | 星期四: 06:00–20:00 | 星期五: 06:00–20:00 | 星期六: 06:00–20:00 | 星期日: 06:00–20:00,,http://www.chula.ac.th/,适合儿童|无障碍入口|无障碍停车,,https://maps.google.com/?cid=9847282100969299318&g_mp=Cilnb29nbGUubWFwcy5wbGFjZXMudjEuUGxhY2VzLlNlYXJjaE5lYXJieRACGAQgAA
ChIJswohro2Z4jARNt6_zExkf5s,景点,Old Town Gallery,หอศิลป์เมืองเก่า,art_gallery,画廊,4.6,74,"405 407, 409 Thanon Chakkraphatdi Phong, Khwaeng Ban Bat, Khet Pom Prap Sattru Phai, Krung Thep Maha Nakhon 10100",13.752021,100.508398,邦巴沙都拍县,班巴区,星期一: 休息 | 星期二: 10:00–18:00 | 星期三: 10:00–18:00 | 星期四: 10:00–18:00 | 星期五: 10:00–18:00 | 星期六: 10:00–18:00 | 星期日: 11:00–18:00,+66 89 118 5072,http://www.oldtowngallerybangkok.com/,适合儿童|有洗手间,,https://maps.google.com/?cid=11204784678936501814&g_mp=CiVnb29nbGUubWFwcy5wbGFjZXMudjEuUGxhY2VzLkdldFBsYWNlEAIYBCAA
ChIJz7qUkHKY4jARQu_p9G8xoCo,景点,王子寺,วัดปรินซ์,,佛教寺庙,4.8,74,"258 Ekkachai 4 Alley, Bang Khun Thian, Chom Thong, Bangkok 10150泰国",13.702818,100.464596,宗通县,Bang Khun Thian,星期一 06:00-18:00 | 星期二 06:00-18:00 | 星期三 06:00-18:00 | 星期四 06:00-18:00 | 星期五 06:00-18:00 | 星期六 06:00-18:00 | 星期日 06:00-18:00,,https://facebook.com,,,https://www.google.com/maps/place/%E7%8E%8B%E5%AD%90%E5%AF%BA/data=!4m7!3m6!1s0x30e298729094bacf:0x2aa0316ff4e9ef42!8m2!3d13.7028179!4d100.4645957!16zL20vMDhteDVn!19sChIJz7qUkHKY4jARQu_p9G8xoCo?authuser=0&hl=zh-CN&g_ep=EgoyMDI2MDgyNS4wIJJjKgBIAVAD&rclk=1
ChIJsQW2s6CZ4jARKCwV_40G50c,景点,"Art Centre, Silpakorn University",ศูนย์ศิลปะมหาวิทยาลัยศิลปากร,art_gallery,画廊,4.7,73,"31 Na Phra Lan Rd, Khwaeng Phra Borom Maha Ratchawang, Khet Phra Nakhon, Krung Thep Maha Nakhon 10200",13.752794,100.489975,拍那空县,大皇宫区,星期一: 09:00–18:00 | 星期二: 09:00–18:00 | 星期三: 09:00–18:00 | 星期四: 09:00–18:00 | 星期五: 09:00–18:00 | 星期六: 09:00–18:00 | 星期日: 休息,+66 2 221 3841,http://www.art-centre.su.ac.th/,适合儿童|有洗手间,,https://maps.google.com/?cid=5181117103252778024&g_mp=Cilnb29nbGUubWFwcy5wbGFjZXMudjEuUGxhY2VzLlNlYXJjaE5lYXJieRACGAQgAA
ChIJQxif_1Kb4jARl0BtmS_mTnE,景点,Kinjai contemporary,กินใจร่วมสมัย,art_gallery,画廊,4.6,73,"44 Thanon Ratchawithi, Khwaeng Bang Yi Khan, Khet Bang Phlat, Krung Thep Maha Nakhon 10700",13.784152,100.495077,挽拍县,Bang Yi Khan,星期一: 休息 | 星期二: 11:00–18:30 | 星期三: 11:00–18:30 | 星期四: 11:00–18:30 | 星期五: 11:00–18:30 | 星期六: 11:00–18:30 | 星期日: 11:00–18:30,+66 89 815 3082,https://www.facebook.com/Kinjaicontemporary/,有洗手间,,https://maps.google.com/?cid=8164716266581213335&g_mp=Cilnb29nbGUubWFwcy5wbGFjZXMudjEuUGxhY2VzLlNlYXJjaE5lYXJieRACGAQgAA
ChIJEfFbJYmZ4jARvd8Z0zwb-dw,景点,ASVIN,อัสวิน,art_gallery,画廊,4.7,72,"เลขที่ 9 Thanon Nakkharat, Khwaeng Khlong Maha Nak, Khet Pom Prap Sattru Phai, Krung Thep Maha Nakhon 10100",13.751311,100.514133,邦巴沙都拍县,Khlong Maha Nak,星期一: 11:00–18:00 | 星期二: 11:00–18:00 | 星期三: 11:00–18:00 | 星期四: 11:00–18:00 | 星期五: 11:00–18:00 | 星期六: 11:00–18:00 | 星期日: 11:00–18:00,+66 81 929 5844,http://asvinbangkok.com/,适合儿童|有洗手间,,https://maps.google.com/?cid=15922787905598775229&g_mp=Cilnb29nbGUubWFwcy5wbGFjZXMudjEuUGxhY2VzLlNlYXJjaE5lYXJieRACGAQgAA
ChIJBVRv0wqZ4jARFmpjWvbKKy8,景点,72nd Anniversary Park,อุทยานเฉลิมพระเกียรติ 72 พรรษา,state_park,州立公园,4.5,69,"QF5P+QRG, Soi Wang Lang Pier - The Rot Fai Pier, Khwaeng Siriraj, Khet Bangkok Noi, Krung Thep Maha Nakhon 10700",13.759443,100.487063,曼谷蓮縣,Sirirat,,+66 95 209 6105,,,,https://maps.google.com/?cid=3399033503208401430&g_mp=Cilnb29nbGUubWFwcy5wbGFjZXMudjEuUGxhY2VzLlNlYXJjaE5lYXJieRACGAQgAA
ChIJ44vx_w6Z4jARq0ertA38M0k,景点,曼谷武隆碧曼宫,พระที่นั่งบรมพิมาน,tourist_attraction,旅游胜地,4.6,68,"QF2V+667, 170/14 Thanon Maha Rat, Khwaeng Phra Borom Maha Ratchawang, Khet Phra Nakhon, Krung Thep Maha Nakhon 10200",13.75045,100.493054,拍那空县,大皇宫区,,,http://www.thaiheritage.net/king/grdpalace/index10.htm,适合儿童|有洗手间,,https://maps.google.com/?cid=5274836724376881067&g_mp=CiVnb29nbGUubWFwcy5wbGFjZXMudjEuUGxhY2VzLkdldFBsYWNlEAIYBCAA
ChIJs5NDdwCZ4jAR8VA3m3a9j8A,景点,Golden Mount,ภูเขาทอง,buddhist_temple,佛教寺庙,4.8,66,"QG34+GMF, Ban Bat, Pom Prap Sattru Phai, Bangkok 10100",13.753817,100.50667,邦巴沙都拍县,班巴区,星期一: 08:00–19:00 | 星期二: 08:00–19:00 | 星期三: 08:00–19:00 | 星期四: 08:00–19:00 | 星期五: 08:00–19:00 | 星期六: 08:00–19:00 | 星期日: 08:00–19:00,,,有洗手间,,https://maps.google.com/?cid=13875517294059671793&g_mp=Cilnb29nbGUubWFwcy5wbGFjZXMudjEuUGxhY2VzLlNlYXJjaE5lYXJieRACGAQgAA
ChIJZexvv1Wf4jAR7Mv4SGRxJxI,景点,SKY SCAPE,สกายสเคป,garden,花园,4.7,65,"สยามสแควร์, ซอย 1, Khwaeng Pathum Wan, Pathum Wan, Krung Thep Maha Nakhon 10330",13.744578,100.53079,巴吞旺县,Pathum Wan,星期一: 08:00–20:00 | 星期二: 08:00–20:00 | 星期三: 08:00–20:00 | 星期四: 08:00–20:00 | 星期五: 08:00–20:00 | 星期六: 08:00–20:00 | 星期日: 08:00–20:00,+66 91 545 3803,http://www.pmcu.co.th/,,,https://maps.google.com/?cid=1308138892309351404&g_mp=Cilnb29nbGUubWFwcy5wbGFjZXMudjEuUGxhY2VzLlNlYXJjaE5lYXJieRACGAQgAA
ChIJ3xvgaQWZ4jARDayBV82R8ow,景点,Royal Clock Tower,หอนาฬิกาหลวง,historical_landmark,古迹地标,4.5,62,"น.1 Thanon Sanam Chai, Khwaeng Phra Borom Maha Ratchawang, Khet Phra Nakhon, Krung Thep Maha Nakhon 10200",13.746626,100.494452,拍那空县,大皇宫区,星期一: 24小时营业 | 星期二: 24小时营业 | 星期三: 24小时营业 | 星期四: 24小时营业 | 星期五: 24小时营业 | 星期六: 24小时营业 | 星期日: 24小时营业,,,,,https://maps.google.com/?cid=10156340420796328973&g_mp=CiVnb29nbGUubWFwcy5wbGFjZXMudjEuUGxhY2VzLkdldFBsYWNlEAIYBCAA
ChIJKe5mSjCZ4jARnpP6cyjL1pM,景点,พระวิหาร พระอัฏฐารส ศรีสุคตทศพลญาณบพิตร วัดสระเกศ ราชวรมหาวิหาร,พระวิหาร พระอัฏฐารส ศรีสุคตทศพลญาณบพิตร วัดสระเกศ ราชวรมหาวิหาร,buddhist_temple,佛教寺庙,4.5,62,"QG35+G4H, Ban Bat, Pom Prap Sattru Phai, Bangkok 10100",13.753835,100.507785,邦巴沙都拍县,班巴区,星期一: 07:00–19:00 | 星期二: 07:00–19:00 | 星期三: 07:00–19:00 | 星期四: 07:00–19:00 | 星期五: 07:00–19:00 | 星期六: 07:00–19:00 | 星期日: 07:00–19:00,,https://www.facebook.com/watsraket,有洗手间,,https://maps.google.com/?cid=10652925343196418974&g_mp=Cilnb29nbGUubWFwcy5wbGFjZXMudjEuUGxhY2VzLlNlYXJjaE5lYXJieRACGAQgAA
ChIJQ7veH86e4jARQ4ENIGGlL0Y,景点,Wat Pathum Wanaram Rachaworawihan,วัดปทุมวนารามราชวรวิหาร,,佛教寺庙,4.7,61,"969 Rama I Rd, Khwaeng Pathum Wan, Pathum Wan, Bangkok 10330泰国",13.746002,100.537007,巴吞旺县,Pathum Wan,星期一 08:00-17:00 | 星期二 08:00-17:00 | 星期三 08:00-17:00 | 星期四 08:00-17:00 | 星期五 08:00-17:00 | 星期六 08:00-17:00 | 星期日 08:00-17:00,+66 2 251 6478,https://facebook.com,,,https://www.google.com/maps/place/Wat+Pathum+Wanaram+Rachaworawihan/data=!4m7!3m6!1s0x30e29ece1fdebb43:0x462fa561200d8143!8m2!3d13.7460018!4d100.5370069!16s%2Fm%2F0272p5h!19sChIJQ7veH86e4jARQ4ENIGGlL0Y?authuser=0&hl=zh-CN&g_ep=EgoyMDI2MDgyNS4wIJJjKgBIAVAD&rclk=1
ChIJo2HuqhiZ4jAR3KbV067Og6w,景点,Wat Lokanukroh,วัดโลกานุเคราะห์,buddhist_temple,佛教寺庙,4.4,60,"วัดโลกานุเคราะห์ Khwaeng Chakkrawat, Khet Samphanthawong, Krung Thep Maha Nakhon 10100",13.741477,100.506807,三攀他旺县,差甲瓦區,,,https://www.facebook.com/profile.php?id=100064459009366&mibextid=ZbWKwL,有洗手间|无障碍入口|无障碍停车|无障碍洗手间,,https://maps.google.com/?cid=12431006646746326748&g_mp=CiVnb29nbGUubWFwcy5wbGFjZXMudjEuUGxhY2VzLkdldFBsYWNlEAIYBCAA
ChIJcxZyIACZ4jAR7ee0JncP_aA,景点,왓아룬 조망 골목(골목뷰) Night view point watarun,ซอยวิววตารุณ (วิวซอย) จุดชมวิวกลางคืนวตารุณ,tourist_attraction,旅游胜地,4.7,58,"85 Soi Tha Suphan, Khwaeng Phra Borom Maha Ratchawang, Khet Phra Nakhon, Krung Thep Maha Nakhon 10200",13.74523,100.491545,拍那空县,大皇宫区,,,,,,https://maps.google.com/?cid=11600445219601180653&g_mp=CiVnb29nbGUubWFwcy5wbGFjZXMudjEuUGxhY2VzLkdldFBsYWNlEAIYBCAA
ChIJv7P6gsmZ4jARtMaDjoeJeYc,景点,333Gallery,333แกลเลอรี่,art_gallery,画廊,4.6,57,"52 Warehouse30, Soi Chroenkrung30, แขวงบางรัก Bangrak, กรุงเทพมหานคร 10500",13.727993,100.514664,挽叻县,Bang Rak,星期一: 休息 | 星期二: 11:00–18:00 | 星期三: 11:00–18:00 | 星期四: 11:00–18:00 | 星期五: 11:00–18:00 | 星期六: 11:00–18:00 | 星期日: 休息,,http://www.333gallery.com/,适合儿童|有洗手间|无障碍入口|无障碍停车,,https://maps.google.com/?cid=9761984882606851764&g_mp=Cilnb29nbGUubWFwcy5wbGFjZXMudjEuUGxhY2VzLlNlYXJjaE5lYXJieRACGAQgAA
ChIJ8a9rJQCZ4jAR3idyYZRkxZo,景点,Phra Sri Rattana Chedi,พระศรีรัตนเจดีย์,buddhist_temple,佛教寺庙,4.7,57,"2 Na Phra Lan Rd, Khwaeng Phra Borom Maha Ratchawang, Khet Phra Nakhon, Krung Thep Maha Nakhon 10200",13.751709,100.49251,拍那空县,大皇宫区,星期一: 08:30–15:30 | 星期二: 08:30–15:30 | 星期三: 08:30–15:30 | 星期四: 08:30–15:30 | 星期五: 08:30–15:30 | 星期六: 08:30–15:30 | 星期日: 08:30–15:30,,,有洗手间,,https://maps.google.com/?cid=11152430640705710046&g_mp=CiVnb29nbGUubWFwcy5wbGFjZXMudjEuUGxhY2VzLkdldFBsYWNlEAIYBCAA
ChIJV2YMt9We4jARQVscUzL6Bqw,景点,Larngear,ลาร์นเกียร์,garden,社区花园,4.5,56,"Krung Thep Maha Nakhon, Pathum Wan, Krung Thep Maha Nakhon, Thanon Henri Dunant, 朱拉隆功大学工程学院邮政编码: 10330",13.73672,100.533701,巴吞旺县,Pathum Wan,星期一: 24小时营业 | 星期二: 24小时营业 | 星期三: 24小时营业 | 星期四: 24小时营业 | 星期五: 24小时营业 | 星期六: 24小时营业 | 星期日: 24小时营业,,https://www.eng.chula.ac.th/,无障碍入口|无障碍停车,,https://maps.google.com/?cid=12395870118433545025&g_mp=Cilnb29nbGUubWFwcy5wbGFjZXMudjEuUGxhY2VzLlNlYXJjaE5lYXJieRACGAQgAA
ChIJMRXyBoBgHTERWQW9VZhSymk,景点,Chinese Garden,สวนจีน,,公园,4.4,55,"MMM7+RHM สวนหลวง ร.9 Nong Bon, Prawet, Bangkok 10250泰国",13.684594,100.663913,巴威县,Nong Bon,星期一 05:00-19:00 | 星期二 05:00-19:00 | 星期三 05:00-19:00 | 星期四 05:00-19:00 | 星期五 05:00-19:00 | 星期六 05:00-19:00 | 星期日 05:00-19:00,,https://suanluangrama9.or.th,,,https://www.google.com/maps/place/Chinese+Garden/data=!4m7!3m6!1s0x311d608006f21531:0x69ca529855bd0559!8m2!3d13.6845943!4d100.663913!16s%2Fg%2F11c482sg82!19sChIJMRXyBoBgHTERWQW9VZhSymk?authuser=0&hl=zh-CN&g_ep=EgoyMDI2MDgyNS4wIJJjKgBIAVAD&rclk=1
ChIJK10atQ-Z4jARCEGr-nAMMvs,景点,Statue of King Rama IV,พระบรมราชานุสาวรีย์พระบาทสมเด็จพระจอมเกล้าเจ้าอยู่หัว,historical_landmark,古迹地标,4.7,55,"Phra Borom Maha Ratchawang, Phra Nakhon, Bangkok 10200",13.750313,100.494279,拍那空县,大皇宫区,星期一: 24小时营业 | 星期二: 24小时营业 | 星期三: 24小时营业 | 星期四: 24小时营业 | 星期五: 24小时营业 | 星期六: 24小时营业 | 星期日: 24小时营业,,,适合儿童,,https://maps.google.com/?cid=18100543531736842504&g_mp=CiVnb29nbGUubWFwcy5wbGFjZXMudjEuUGxhY2VzLkdldFBsYWNlEAIYBCAA
ChIJ1dsqgSGZ4jARD3A1MkYoacg,景点,曼谷會慶寺,วัดมงคลสมาคม,buddhist_temple,佛教寺庙,4.3,53,"48, 48 Plaeng Nam Rd, Khwaeng Samphanthawong, Khet Samphanthawong, Krung Thep Maha Nakhon 10100",13.741232,100.509586,三攀他旺县,Samphanthawong,星期一: 05:00–22:00 | 星期二: 05:00–22:00 | 星期三: 05:00–22:00 | 星期四: 05:00–22:00 | 星期五: 05:00–22:00 | 星期六: 05:00–22:00 | 星期日: 05:00–22:00,,,有洗手间|无障碍停车,,https://maps.google.com/?cid=14441117962095390735&g_mp=CiVnb29nbGUubWFwcy5wbGFjZXMudjEuUGxhY2VzLkdldFBsYWNlEAIYBCAA
ChIJZYEQZbKe4jARMEhLjE7f8UQ,景点,Thewarat Saparom Throne Hall,พระที่นั่งเทวราชสภารมย์,castle,城堡,4.5,52,"Phaya Thai Palace, 315 Thanon Ratchawithi, Khwaeng Thung Phaya Thai, Khet Ratchathewi, Krung Thep Maha Nakhon 10400",13.767991,100.532961,拉差贴威县,Thung Phaya Thai,,,,适合儿童|有洗手间|无障碍洗手间,,https://maps.google.com/?cid=4967997392420554800&g_mp=Cilnb29nbGUubWFwcy5wbGFjZXMudjEuUGxhY2VzLlNlYXJjaE5lYXJieRACGAQgAA
ChIJVWy8_NCZ4jARdBX6pnKhDhI,景点,Art4C Art Centre,ศูนย์ศิลปะอาร์ตโฟร์ซี,art_gallery,画廊,4.5,51,"L5 Inches44 1553 1555 Thanon Rama IV, Khwaeng Wang Mai, Pathum Wan, Krung Thep Maha Nakhon 10330",13.733709,100.527215,巴吞旺县,Wang Mai,星期一: 休息 | 星期二: 10:00–19:00 | 星期三: 10:00–19:00 | 星期四: 10:00–19:00 | 星期五: 10:00–19:00 | 星期六: 10:00–19:00 | 星期日: 10:00–19:00,+66 87 681 3812,https://www.art4c.org/,适合儿童|有洗手间,,https://maps.google.com/?cid=1301154856156403060&g_mp=Cilnb29nbGUubWFwcy5wbGFjZXMudjEuUGxhY2VzLlNlYXJjaE5lYXJieRACGAQgAA
ChIJC-wiKvef4jARYe21rsJ_DMc,景点,Bangkok Linear Park,แบงค็อก ลิเนียร์ พาร์ค,,公园,4.5,51,"PHM2+8PV, Duang Phithak Rd, Khlong Toei, Bangkok 10110泰国",13.733363,100.551807,孔提县,Khlong Toei,星期一 05:00-22:00 | 星期二 05:00-22:00 | 星期三 05:00-22:00 | 星期四 05:00-22:00 | 星期五 05:00-22:00 | 星期六 05:00-22:00 | 星期日 05:00-22:00,,,,,https://www.google.com/maps/place/Bangkok+Linear+Park/data=!4m7!3m6!1s0x30e29ff72a22ec0b:0xc70c7fc2aeb5ed61!8m2!3d13.7333628!4d100.5518069!16s%2Fg%2F11tw_w26g5!19sChIJC-wiKvef4jARYe21rsJ_DMc?authuser=0&hl=zh-CN&g_ep=EgoyMDI2MDgyNS4wIJJjKgBIAVAD&rclk=1
ChIJl5_JyiOZ4jAR7PabW6q9MwI,景点,Charoen Chai Community Museum,บ้านเก่าเล่าเรื่อง ชุมชนเมืองเจริญไชย,museum,博物馆,4.2,51,"32 Soi Charoen Krung 23 (Chareon Chai Alley, ถนน พลับพลาไชย แขวงป้อมปราบ เขตป้อมปราบศัตรูพ่าย กรุงเทพมหานคร 10100",13.742579,100.509953,邦巴沙都拍县,Pom Prap,星期一: 09:30–17:00 | 星期二: 09:30–17:00 | 星期三: 09:30–17:00 | 星期四: 09:30–17:00 | 星期五: 09:30–17:00 | 星期六: 休息 | 星期日: 休息,+66 81 567 1142,https://www.facebook.com/charoenchaichinatown?mibextid=ZbWKwL,,,https://maps.google.com/?cid=158678951267137260&g_mp=CiVnb29nbGUubWFwcy5wbGFjZXMudjEuUGxhY2VzLkdldFBsYWNlEAIYBCAA
ChIJT-EGk9-e4jARJReRgSLeKRA,景点,Holy Redeemer Church Bangkok,คริสตจักรพระมหาไถ่กรุงเทพ,,天主教堂,4.7,51,"23, 15 Ruam Rudi 5 Alley, Lumphini, Pathum Wan, Bangkok 10330泰国",13.734656,100.54898,巴吞旺县,Lumphini,星期一 06:30-19:00 | 星期二 06:30-19:00 | 星期三 06:30-19:00 | 星期四 06:30-19:00 | 星期五 06:30-19:00 | 星期六 06:30-19:00 | 星期日 06:30-19:00,+66 2 651 5251,https://holyredeemerbangkok.org,,,https://www.google.com/maps/place/Holy+Redeemer+Church+Bangkok/data=!4m7!3m6!1s0x30e29edf9306e14f:0x1029de2281911725!8m2!3d13.7346555!4d100.5489802!16s%2Fg%2F11ckkx16xy!19sChIJT-EGk9-e4jARJReRgSLeKRA?authuser=0&hl=zh-CN&g_ep=EgoyMDI2MDgyNS4wIJJjKgBIAVAD&rclk=1
ChIJi6sAK8iY4jARDrD-hxJQTH0,景点,Vishnu Temple,วัดพระวิษณุ,,印度教寺庙,4.7,51,"Charoen Rat 1 Alley, Lane 5, Khwaeng Thung Wat Don, Sathon, Bangkok 10120泰国",13.712328,100.521386,沙吞县,Thung Wat Don,"星期一 05:00-12:00, 13:00-20:00 | 星期二 05:00-12:00, 13:00-20:00 | 星期三 05:00-12:00, 13:00-20:00 | 星期四 05:00-12:00, 13:00-20:00 | 星期五 05:00-12:00, 13:00-20:00 | 星期六 05:00-12:00, 13:00-20:00 | 星期日 05:00-12:00, 13:00-20:00",+66 2 211 3840,https://facebook.com,,,https://www.google.com/maps/place/Vishnu+Temple/data=!4m7!3m6!1s0x30e298c82b00ab8b:0x7d4c501287feb00e!8m2!3d13.7123281!4d100.521386!16s%2Fg%2F1tf90xw6!19sChIJi6sAK8iY4jARDrD-hxJQTH0?authuser=0&hl=zh-CN&g_ep=EgoyMDI2MDgyNS4wIJJjKgBIAVAD&rclk=1
ChIJozKHLjuZ4jARn5r5lu1l8dc,景点,特西林塔瓦寺,วัดเตสิลินตาวา,buddhist_temple,佛教寺庙,4.5,51,"1464 Krung Kasem Rd, Wat Thep Sirin, Pom Prap Sattru Phai, Bangkok 10100泰国",13.74649,100.513257,邦巴沙都拍县,Wat Thep Sirin,星期一 08:00-19:00 | 星期二 08:00-19:00 | 星期三 08:00-19:00 | 星期四 08:00-19:00 | 星期五 08:00-19:00 | 星期六 08:00-19:00 | 星期日 08:00-19:00,,,有洗手间|无障碍入口|无障碍停车|无障碍洗手间,建于 19 世纪的河畔镀金寺庙，这座建筑用于举行葬礼，拥有彩绘天花板和皇家文物。,https://www.google.com/maps/place/%E7%89%B9%E8%A5%BF%E6%9E%97%E5%A1%94%E7%93%A6%E5%AF%BA/data=!4m7!3m6!1s0x30e2993b2e8732a3:0xd7f165ed96f99a9f!8m2!3d13.74649!4d100.5132572!16s%2Fm%2F0472gx8!19sChIJozKHLjuZ4jARn5r5lu1l8dc?authuser=0&hl=zh-CN&g_ep=EgoyMDI2MDgyNS4wIJJjKgBIAVAD&rclk=1
ChIJU5O0cT2Z4jARoPE4m2ovH-U,景点,Wat Disa Nukaram,วัดดิสานุการาม,buddhist_temple,佛教寺庙,3.9,50,"237 Worachak Rd, Khwaeng Wat Thepsirin, Khet Pom Prap Sattru Phai, Krung Thep Maha Nakhon 10100",13.748927,100.508638,邦巴沙都拍县,Wat Thep Sirin,,+66 2 621 7055,,有洗手间|无障碍入口|无障碍洗手间,,https://maps.google.com/?cid=16509966893880766880&g_mp=CiVnb29nbGUubWFwcy5wbGFjZXMudjEuUGxhY2VzLkdldFBsYWNlEAIYBCAA
ChIJPd3SWyuZ4jARzZP95Mi5i2I,景点,เรือนจุฬานฤมิต,เรือนจุฬานฤมิต,historical_landmark,古迹地标,4.5,50,"254 Phaya Thai Rd, Khwaeng Wang Mai, Pathum Wan, Krung Thep Maha Nakhon 10330",13.740053,100.528728,巴吞旺县,Wang Mai,,+66 2 218 0101,http://www.prm.chula.ac.th/cen061.html,适合儿童,,https://maps.google.com/?cid=7100973509966140365&g_mp=Cilnb29nbGUubWFwcy5wbGFjZXMudjEuUGxhY2VzLlNlYXJjaE5lYXJieRACGAQgAA
ChIJtxeHMHCZ4jARxsjvSDW-wtE,景点,King Rama VIII Statue Monument,อนุสาวรีย์พระบรมรูปรัชกาลที่ 8,monument,纪念碑,4.6,49,"2008 Soi Suwannin, Khwaeng Bang Yi Khan, Khet Bang Phlat, Krung Thep Maha Nakhon 10700",13.76832,100.494997,挽拍县,Bang Yi Khan,星期一: 05:00–21:00 | 星期二: 05:00–21:00 | 星期三: 05:00–21:00 | 星期四: 05:00–21:00 | 星期五: 05:00–21:00 | 星期六: 05:00–21:00 | 星期日: 05:00–21:00,,,适合儿童|无障碍入口|无障碍停车,,https://maps.google.com/?cid=15114852435475024070&g_mp=Cilnb29nbGUubWFwcy5wbGFjZXMudjEuUGxhY2VzLlNlYXJjaE5lYXJieRACGAQgAA
ChIJRYZ_62aC4jARbDTGz6pHA-c,景点,廊曼寺,วัดดอนเมือง,,佛教寺庙,4.4,49,"1 Choet Wutthakat Rd, Don Mueang, Bangkok 10210泰国",13.922314,100.601293,廊曼區,Don Mueang,星期一 04:00-22:00 | 星期二 04:00-22:00 | 星期三 04:00-22:00 | 星期四 04:00-22:00 | 星期五 04:00-22:00 | 星期六 04:00-22:00 | 星期日 04:00-22:00,,https://facebook.com,,,https://www.google.com/maps/place/%E5%BB%8A%E6%9B%BC%E5%AF%BA/data=!4m7!3m6!1s0x30e28266eb7f8645:0xe70347aacfc6346c!8m2!3d13.9223144!4d100.6012934!16s%2Fg%2F1hc90lgsq!19sChIJRYZ_62aC4jARbDTGz6pHA-c?authuser=0&hl=zh-CN&g_ep=EgoyMDI2MDgyNS4wIJJjKgBIAVAD&rclk=1
ChIJq6bKPwWZ4jAROv8lj8v8Zro,景点,鼓楼,หอกลอง,historical_landmark,古迹地标,4.5,49,"PFWV+CR3, Phra Borom Maha Ratchawang, Phra Nakhon, Bangkok 10200",13.746022,100.494549,拍那空县,大皇宫区,,,,适合儿童,,https://maps.google.com/?cid=13431700889889275706&g_mp=CiVnb29nbGUubWFwcy5wbGFjZXMudjEuUGxhY2VzLkdldFBsYWNlEAIYBCAA
ChIJX4LX2cmZ4jARtLV9RRjCrVc,景点,Alex Face Art,อเล็กซ์ เฟซ อาร์ท,tourist_attraction,旅游胜地,4.5,48,"PGV3+J2J, Wang Burapha Phirom, Phra Nakhon, Bangkok 10200",13.744082,100.50253,三攀他旺县,三王府区,星期一: 24小时营业 | 星期二: 24小时营业 | 星期三: 24小时营业 | 星期四: 24小时营业 | 星期五: 24小时营业 | 星期六: 24小时营业 | 星期日: 24小时营业,,,适合儿童,,https://maps.google.com/?cid=6317919261771543988&g_mp=CiVnb29nbGUubWFwcy5wbGFjZXMudjEuUGxhY2VzLkdldFBsYWNlEAIYBCAA
ChIJAZu88wxiHTERBlVHWmrxUPg,景点,Wat Bueng Thong Lang,วัดบึงทองหลาง,,佛教寺庙,4.4,48,"291 Thanon Lat Phrao 101, Khlong Chan, Bang Kapi, Bangkok 10240泰国",13.796804,100.625478,邦甲比县,Khlong Chan,星期一 06:00-20:00 | 星期二 06:00-20:00 | 星期三 06:00-20:00 | 星期四 06:00-20:00 | 星期五 06:00-20:00 | 星期六 06:00-20:00 | 星期日 06:00-20:00,+66 86 786 5430,https://facebook.com,,,https://www.google.com/maps/place/Wat+Bueng+Thong+Lang/data=!4m7!3m6!1s0x311d620cf3bc9b01:0xf850f16a5a475506!8m2!3d13.7968043!4d100.625478!16s%2Fm%2F0wf_2d0!19sChIJAZu88wxiHTERBlVHWmrxUPg?authuser=0&hl=zh-CN&g_ep=EgoyMDI2MDgyNS4wIJJjKgBIAVAD&rclk=1
ChIJ1-SiLmyZ4jARuHkNt60VdVg,景点,Bangkok Local Museum Phra Nakorn District,พิพิธภัณฑ์ท้องถิ่นกรุงเทพมหานครเขตพระนคร,museum,博物馆,4.3,47,"78 Thanon Samsen, Khwaeng Wat Sam Phraya, Khet Phra Nakhon, Krung Thep Maha Nakhon 10200",13.764146,100.499067,拍那空县,讪披耶寺区,星期一 08:00-16:00 | 星期二 08:00-16:00 | 星期三 08:00-16:00 | 星期四 08:00-16:00 | 星期五 08:00-16:00 | 星期六 休息 | 星期日 休息,+66 2 282 8563,https://museumthailand.com,,,https://maps.google.com/?cid=6374024683457444280&g_mp=Cilnb29nbGUubWFwcy5wbGFjZXMudjEuUGxhY2VzLlNlYXJjaE5lYXJieRACGAQgAA
ChIJ3UePqriY4jARIiBMvTzrC8I,景点,Suthiwararam Temple,วัดสุทธิวราราม,,佛教寺庙,4.5,47,"223 ถ. เจริญกรุง Yan Nawa, Sathon, Bangkok 10120泰国",13.712465,100.513081,沙吞县,Yan Nawa,星期一 06:00-21:00 | 星期二 06:00-21:00 | 星期三 06:00-21:00 | 星期四 06:00-21:00 | 星期五 06:00-21:00 | 星期六 06:00-21:00 | 星期日 06:00-21:00,+66 2 211 1564,https://th-th.facebook.com,,,https://www.google.com/maps/place/Suthiwararam+Temple/data=!4m7!3m6!1s0x30e298b8aa8f47dd:0xc20beb3cbd4c2022!8m2!3d13.7124649!4d100.5130812!16s%2Fg%2F12z84p4nb!19sChIJ3UePqriY4jARIiBMvTzrC8I?authuser=0&hl=zh-CN&g_ep=EgoyMDI2MDgyNS4wIJJjKgBIAVAD&rclk=1
ChIJ-VQf70-f4jARAgwYRgMVAQ4,景点,Wat Bhoman Khunaram,วัดโพธิ์มานคุณาราม,,佛教寺庙,4.6,47,"323 ถนน สาธุประดิษฐ์ Chong Nonsi, Yan Nawa, Bangkok 10120泰国",13.700461,100.539395,然那哇县,Chong Nonsi,星期一 07:00-18:00 | 星期二 07:00-18:00 | 星期三 07:00-18:00 | 星期四 07:00-18:00 | 星期五 07:00-18:00 | 星期六 07:00-18:00 | 星期日 07:00-18:00,+66 2 211 2363,https://facebook.com,,,https://www.google.com/maps/place/Wat+Bhoman+Khunaram/data=!4m7!3m6!1s0x30e29f4fef1f54f9:0xe01150346180c02!8m2!3d13.7004606!4d100.539395!16s%2Fg%2F1224nn26!19sChIJ-VQf70-f4jARAgwYRgMVAQ4?authuser=0&hl=zh-CN&g_ep=EgoyMDI2MDgyNS4wIJJjKgBIAVAD&rclk=1
ChIJXQDOlw-Z4jARyudySCTmnMY,景点,Gate of Sak Chaisit,ประตูศักดิ์ไชยสิทธิ์,historical_landmark,古迹地标,4.7,46,"น.16 Thanon Sanam Chai, Khwaeng Phra Borom Maha Ratchawang, Khet Phra Nakhon, Krung Thep Maha Nakhon 10200",13.749041,100.493872,拍那空县,大皇宫区,,,,适合儿童,,https://maps.google.com/?cid=14311566759385294794&g_mp=CiVnb29nbGUubWFwcy5wbGFjZXMudjEuUGxhY2VzLkdldFBsYWNlEAIYBCAA
ChIJPf8hH62Z4jARCmmgbav4jJI,景点,Chinese Lantern Alley 中國燈衚衕,ตรอกโคมจีน,tourist_attraction,旅游胜地,4.2,45,"PGV2+6WQ, ริม, Khwaeng Chakkrawat, Khet Samphanthawong, Krung Thep Maha Nakhon 10100",13.743083,100.502368,三攀他旺县,差甲瓦區,星期一: 24小时营业 | 星期二: 24小时营业 | 星期三: 24小时营业 | 星期四: 24小时营业 | 星期五: 24小时营业 | 星期六: 24小时营业 | 星期日: 24小时营业,,,适合儿童,,https://maps.google.com/?cid=10560088641439295754&g_mp=CiVnb29nbGUubWFwcy5wbGFjZXMudjEuUGxhY2VzLkdldFBsYWNlEAIYBCAA
ChIJ2ykyVwmZ4jARcEFoydkmn64,景点,Silpa Bhirasri National Museum,พิพิธภัณฑสถานแห่งชาติ ศิลป์ พีระศรี,art_museum,Art museum,4.4,45,"192 Thanon Maha Rat, Khwaeng Phra Borom Maha Ratchawang, Khet Phra Nakhon, Krung Thep Maha Nakhon 10200",13.7527,100.49106,拍那空县,大皇宫区,星期一: 09:00–16:00 | 星期二: 09:00–16:00 | 星期三: 09:00–16:00 | 星期四: 09:00–16:00 | 星期五: 09:00–16:00 | 星期六: 休息 | 星期日: 休息,+66 2 223 6162,http://www.virtualmuseum.finearts.go.th/silpabhirasri/index.php/th/,适合儿童|有洗手间,,https://maps.google.com/?cid=12582818600725266800&g_mp=Cilnb29nbGUubWFwcy5wbGFjZXMudjEuUGxhY2VzLlNlYXJjaE5lYXJieRACGAQgAA
ChIJh75eVQCZ4jARo_I_L35UPrQ,景点,Fotospot Wat Arun,โฟโต้สปอต วัดอรุณ,tourist_attraction,旅游胜地,4.5,44,"392, 16 Thanon Maha Rat, Khwaeng Phra Borom Maha Ratchawang, Khet Phra Nakhon, Krung Thep Maha Nakhon 10200",13.744183,100.49162,拍那空县,大皇宫区,,,,,,https://maps.google.com/?cid=12987911276318421667&g_mp=CiVnb29nbGUubWFwcy5wbGFjZXMudjEuUGxhY2VzLkdldFBsYWNlEAIYBCAA
ChIJ6_fZOBWZ4jARCaXxfZLuwIY,景点,Wat Parinayok Worawihan,วัดปรินายกวรวิหาร,buddhist_temple,佛教寺庙,4.3,44,"QG54+576, Thanon Ratchadamnoen Nok, Khwaeng Ban Phan Thom, Khet Phra Nakhon, Krung Thep Maha Nakhon 10200",13.757925,100.505644,拍那空县,班潘通,星期一: 05:00–20:00 | 星期二: 05:00–20:00 | 星期三: 05:00–20:00 | 星期四: 05:00–20:00 | 星期五: 05:00–20:00 | 星期六: 05:00–20:00 | 星期日: 05:00–20:00,+66 2 282 0880,https://www.facebook.com/profile.php?id=100034134680785,有洗手间|无障碍停车|无障碍洗手间,,https://maps.google.com/?cid=9710023109556413705&g_mp=Cilnb29nbGUubWFwcy5wbGFjZXMudjEuUGxhY2VzLlNlYXJjaE5lYXJieRACGAQgAA
ChIJyYc2LhCZ4jAR9qdybhMZ_P4,景点,Pi Kun Bridge,สะพานปีกุน,historical_landmark,古迹地标,4.5,43,"曼谷都会区 Phra Nakhon, 曼谷 Banglamphu PFXW+VG9邮政编码: 10200",13.749667,100.496365,拍那空县,大皇宫区,星期一: 24小时营业 | 星期二: 24小时营业 | 星期三: 24小时营业 | 星期四: 24小时营业 | 星期五: 24小时营业 | 星期六: 24小时营业 | 星期日: 24小时营业,,,适合儿童,,https://maps.google.com/?cid=18373588151012861942&g_mp=CiVnb29nbGUubWFwcy5wbGFjZXMudjEuUGxhY2VzLkdldFBsYWNlEAIYBCAA
ChIJccNQThGZ4jAR5AQAkROwMlM,景点,Thewasathan Samrup Pranakorn ( Bot Phram ),เทวสถาน สำราญ พระนคร ( บอท พราม ),,印度教寺庙,4.7,43,"268 Dinso Rd, Sao Chingcha, Phra Nakhon, Bangkok 10200泰国",13.752249,100.500683,拍那空县,大秋千区,星期一 09:00-16:30 | 星期二 09:00-16:30 | 星期三 09:00-16:30 | 星期四 09:00-16:30 | 星期五 09:00-16:30 | 星期六 09:00-16:30 | 星期日 09:00-16:30,+66 2 222 6951,https://facebook.com,,,https://www.google.com/maps/place/Thewasathan+Samrup+Pranakorn+%28+Bot+Phram+%29/data=!4m7!3m6!1s0x30e299114e50c371:0x5332b013910004e4!8m2!3d13.7522492!4d100.5006827!16s%2Fg%2F1232hs4h!19sChIJccNQThGZ4jAR5AQAkROwMlM?authuser=0&hl=zh-CN&g_ep=EgoyMDI2MDgyNS4wIJJjKgBIAVAD&rclk=1
ChIJw2I3_jyZ4jARBkZdqG12vCc,景点,Wat Thewi Worayat,วัดเทวีวรญาติ,buddhist_temple,佛教寺庙,4.2,43,"PGX5+RMW, Soi Suan Mali 1, Khwaeng Wat Thepsirin, Khet Pom Prap Sattru Phai, Krung Thep Maha Nakhon 10100",13.749607,100.509209,邦巴沙都拍县,Wat Thep Sirin,星期一: 04:30–20:00 | 星期二: 04:30–20:00 | 星期三: 04:30–20:00 | 星期四: 04:30–20:00 | 星期五: 04:30–20:00 | 星期六: 04:30–20:00 | 星期日: 04:30–20:00,+66 2 621 6431,https://phop2456.simdif.com/,有洗手间|无障碍停车|无障碍洗手间,,https://maps.google.com/?cid=2863293676448990726&g_mp=CiVnb29nbGUubWFwcy5wbGFjZXMudjEuUGxhY2VzLkdldFBsYWNlEAIYBCAA
ChIJ0TfnEdWe4jARBTKKG01uSlM,景点,Chakkrabhong Square,จัตุรัสจักรพรรดิ์,garden,社区花园,4.4,42,"254 Phaya Thai Rd, Khwaeng Pathum Wan, Pathum Wan, Krung Thep Maha Nakhon 10330",13.736472,100.531697,巴吞旺县,Pathum Wan,,,,无障碍入口|无障碍停车,,https://maps.google.com/?cid=6001730730878185989&g_mp=Cilnb29nbGUubWFwcy5wbGFjZXMudjEuUGxhY2VzLlNlYXJjaE5lYXJieRACGAQgAA
ChIJ1ZMYqFKZ4jARpWTusQ43CNw,景点,ART Space by MOCA BANGKOK,อาร์ต สเปซ โดย MOCA BANGKOK,,画廊,4.6,41,"300/1 ถ. เจริญกรุง Yan Nawa, Sathon, Bangkok 10120泰国",13.712025,100.510284,沙吞县,Yan Nawa,,+66 2 032 0888,https://mocabangkok.com,,,https://www.google.com/maps/place/ART+Space+by+MOCA+BANGKOK/data=!4m7!3m6!1s0x30e29952a81893d5:0xdc08370eb1ee64a5!8m2!3d13.7120249!4d100.510284!16s%2Fg%2F11q2xqhbjm!19sChIJ1ZMYqFKZ4jARpWTusQ43CNw?authuser=0&hl=zh-CN&g_ep=EgoyMDI2MDgyNS4wIJJjKgBIAVAD&rclk=1
ChIJP2Mhy-Wf4jAR2WSrvzyGNek,景点,Living Plant Museum,พิพิธภัณฑ์พืชมีชีวิต,botanical_garden,植物园,4.7,39,"Living plant museum, department of botany, faculty of science Chulalongkorn university, Khwaeng Pathum Wan, Pathum Wan, Krung Thep Maha Nakhon 10330",13.735536,100.530432,巴吞旺县,Pathum Wan,星期一: 08:30–15:30 | 星期二: 08:30–15:30 | 星期三: 08:30–15:30 | 星期四: 08:30–15:30 | 星期五: 08:30–15:30 | 星期六: 休息 | 星期日: 休息,+66 2 218 5502,https://www.facebook.com/profile.php?id=61550814794448&mibextid=LQQJ4d,适合儿童|有洗手间,,https://maps.google.com/?cid=16804485180074714329&g_mp=Cilnb29nbGUubWFwcy5wbGFjZXMudjEuUGxhY2VzLlNlYXJjaE5lYXJieRACGAQgAA
ChIJaa0SQgyZ4jARTqlP5jXvB_M,景点,Maha Sura Singhanat Monument,อนุสาวรีย์มหาสุราสิงหนาท,monument,纪念碑,4.6,39,"วัดมหาธาตุยุวราชรังสฤษฎิ์ ราชวรมหาวิหาร 3 Thanon Maha Rat, Khwaeng Phra Borom Maha Ratchawang, Khet Phra Nakhon, Krung Thep Maha Nakhon 10200",13.755284,100.491864,拍那空县,大皇宫区,星期一: 24小时营业 | 星期二: 24小时营业 | 星期三: 24小时营业 | 星期四: 24小时营业 | 星期五: 24小时营业 | 星期六: 24小时营业 | 星期日: 24小时营业,,,适合儿童,,https://maps.google.com/?cid=17512228690829748558&g_mp=Cilnb29nbGUubWFwcy5wbGFjZXMudjEuUGxhY2VzLlNlYXJjaE5lYXJieRACGAQgAA
ChIJgyOEeT6Z4jAR79gKkiuv270,景点,Photo spot for the Big Buddha at Paknam Temple (Phra Buddha Dhammakaya Thep Mongkol),จุดถ่ายรูปพระใหญ่วัดปากน้ำ (พระพุทธธรรมกายเทพมงคล),,宗教场所,4.7,39,"838 Thanon Thoet Thai, Talat Phlu, Thon Buri, Bangkok 10600泰国",13.722033,100.471718,吞武里县,Talat Phlu,,,,,,https://www.google.com/maps/place/Photo+spot+for+the+Big+Buddha+at+Paknam+Temple+%28Phra+Buddha+Dhammakaya+Thep+Mongkol%29/data=!4m7!3m6!1s0x30e2993e79842383:0xbddbaf2b920ad8ef!8m2!3d13.7220334!4d100.4717178!16s%2Fg%2F11kbl6hqjr!19sChIJgyOEeT6Z4jAR79gKkiuv270?authuser=0&hl=zh-CN&g_ep=EgoyMDI2MDgyNS4wIJJjKgBIAVAD&rclk=1
ChIJNbw0_QKZ4jARWPgw6sUx4hs,景点,Santa Cruz Church,โบสถ์ซานตาครูซ,,天主教堂,4.5,39,"112 Soi Kudeejeen, Wat Kanlaya, Thon Buri, Bangkok 10600泰国",13.739117,100.493833,吞武里县,越干拉耶区,"星期一 05:00-10:00, 17:00-19:00 | 星期二 05:00-10:00, 17:00-19:00 | 星期三 05:00-10:00, 17:00-19:00 | 星期四 05:00-10:00, 17:00-19:00 | 星期五 05:00-10:00, 17:00-19:00 | 星期六 05:00-10:00, 17:00-19:00 | 星期日 05:00-10:00, 17:00-19:00",+66 2 472 0154,https://facebook.com,,,https://www.google.com/maps/place/Santa+Cruz+Church/data=!4m7!3m6!1s0x30e29902fd34bc35:0x1be231c5ea30f858!8m2!3d13.7391169!4d100.4938326!16s%2Fg%2F11cncnfr90!19sChIJNbw0_QKZ4jARWPgw6sUx4hs?authuser=0&hl=zh-CN&g_ep=EgoyMDI2MDgyNS4wIJJjKgBIAVAD&rclk=1
ChIJl7VOeKaf4jARMoGNH0MlFnI,景点,Ruenrudee Palace,พระราชวังรื่นฤดี,,古迹地标,4.7,37,"69 ถนน สุขุมวิท Phra Khanong, Khlong Toei, Bangkok 10110泰国",13.718917,100.579661,孔提县,Phra Khanong,星期一 08:30-16:30 | 星期二 08:30-16:30 | 星期三 08:30-16:30 | 星期四 08:30-16:30 | 星期五 08:30-16:30 | 星期六 休息 | 星期日 休息,,,,,https://www.google.com/maps/place/Ruenrudee+Palace/data=!4m7!3m6!1s0x30e29fa6784eb597:0x721625431f8d8132!8m2!3d13.7189167!4d100.5796606!16s%2Fg%2F121ybkwn!19sChIJl7VOeKaf4jARMoGNH0MlFnI?authuser=0&hl=zh-CN&g_ep=EgoyMDI2MDgyNS4wIJJjKgBIAVAD&rclk=1
ChIJkWq4ug-Z4jAR5tOC957WIIU,景点,Deva Phithak Gate,ประตูเทวาพิทักษ์,historical_landmark,古迹地标,4.6,36,"15 Thanon Sanam Chai, Khwaeng Phra Borom Maha Ratchawang, Khet Phra Nakhon, Krung Thep Maha Nakhon 10200",13.749717,100.493809,拍那空县,大皇宫区,,,,适合儿童,,https://maps.google.com/?cid=9592903184544879590&g_mp=CiVnb29nbGUubWFwcy5wbGFjZXMudjEuUGxhY2VzLkdldFBsYWNlEAIYBCAA
ChIJiceRzdyZ4jARh1N3Ecfr3Ks,景点,L’On,ลอน,art_gallery,美术馆,4.9,36,"140,142, 144 Thanon Chakkraphatdi Phong, Khwaeng Wat Sommanat, Khet Pom Prap Sattru Phai, Krung Thep Maha Nakhon 10100",13.757147,100.509569,邦巴沙都拍县,Wat Sommanat,星期一: 休息 | 星期二: 11:00–01:00 | 星期三: 11:00–01:00 | 星期四: 11:00–01:00 | 星期五: 11:00–01:00 | 星期六: 11:00–01:00 | 星期日: 11:00–01:00,+66 80 096 2226,,有洗手间,,https://maps.google.com/?cid=12384032315586073479&g_mp=Cilnb29nbGUubWFwcy5wbGFjZXMudjEuUGxhY2VzLlNlYXJjaE5lYXJieRACGAQgAA
ChIJKc-D8Q6Z4jARBFrJCnj601s,景点,Phra Mondop,พระมณฑป,buddhist_temple,佛教寺庙,4.6,36,"2 Na Phra Lan Rd, Khwaeng Phra Borom Maha Ratchawang, Khet Phra Nakhon, Krung Thep Maha Nakhon 10200",13.751658,100.492529,拍那空县,大皇宫区,星期一: 08:30–15:30 | 星期二: 08:30–15:30 | 星期三: 08:30–15:30 | 星期四: 08:30–15:30 | 星期五: 08:30–15:30 | 星期六: 08:30–15:30 | 星期日: 08:30–15:30,+66 2 623 5500,https://www.royalgrandpalace.th/th/discover/architecture,有洗手间|无障碍洗手间,,https://maps.google.com/?cid=6616907671021378052&g_mp=CiVnb29nbGUubWFwcy5wbGFjZXMudjEuUGxhY2VzLkdldFBsYWNlEAIYBCAA
ChIJFaYtSACZ4jARm-7axEujrTg,景点,ท่าเรือวัดขุนจันทร์ Wat Khunchan Pier 坤昌寺码头 (Kūnchāng Sì Mǎtóu) クンチャン寺埠頭 (Kunchanji Futō),ท่าเรือวัดขุนจันทร์ กุญชางสี หมอโถว คุนจังจิฟูโต,,旅游胜地,4.7,36,"140 ถ. เทอดไท Pak Khlong Phasi Charoen, Phasi Charoen, Bangkok 10160泰国",13.720195,100.470941,吞武里县,Talat Phlu,星期一 10:30-18:00 | 星期二 10:30-18:00 | 星期三 10:30-18:00 | 星期四 10:30-18:00 | 星期五 10:30-18:00 | 星期六 10:30-18:00 | 星期日 10:30-18:00,+66 80 299 5233,,,,https://www.google.com/maps/place/%E0%B8%97%E0%B9%88%E0%B8%B2%E0%B9%80%E0%B8%A3%E0%B8%B7%E0%B8%AD%E0%B8%A7%E0%B8%B1%E0%B8%94%E0%B8%82%E0%B8%B8%E0%B8%99%E0%B8%88%E0%B8%B1%E0%B8%99%E0%B8%97%E0%B8%A3%E0%B9%8C+Wat+Khunchan+Pier+%E5%9D%A4%E6%98%8C%E5%AF%BA%E7%A0%81%E5%A4%B4+%28K%C5%ABnch%C4%81ng+S%C3%AC+M%C7%8Et%C3%B3u%29+%E3%82%AF%E3%83%B3%E3%83%81%E3%83%A3%E3%83%B3%E5%AF%BA%E5%9F%A0%E9%A0%AD+%28Kunchanji+Fut%C5%8D%29/data=!4m7!3m6!1s0x30e29900482da615:0x38ada34bc4daee9b!8m2!3d13.7201951!4d100.4709413!16s%2Fg%2F11vqtv81wv!19sChIJFaYtSACZ4jARm-7axEujrTg?authuser=0&hl=zh-CN&g_ep=EgoyMDI2MDgyNS4wIJJjKgBIAVAD&rclk=1
ChIJAXguFdeY4jARKyW7f62xT7M,景点,Wat Kaeo Chaem Fa,วัดแก้วแจ่มฟ้า,,佛教寺庙,4.3,35,"476 Si Phraya Rd, Maha Phruttharam, Bang Rak, Bangkok 10500泰国",13.731458,100.519618,挽叻县,玛哈拍他喃区,星期一 07:00-17:00 | 星期二 07:00-17:00 | 星期三 07:00-17:00 | 星期四 07:00-17:00 | 星期五 07:00-17:00 | 星期六 07:00-17:00 | 星期日 07:00-17:00,+66 2 236 1294,,,,https://www.google.com/maps/place/Wat+Kaeo+Chaem+Fa/data=!4m7!3m6!1s0x30e298d7152e7801:0xb34fb1ad7fbb252b!8m2!3d13.7314577!4d100.519618!16s%2Fg%2F1yg4ltjsb!19sChIJAXguFdeY4jARKyW7f62xT7M?authuser=0&hl=zh-CN&g_ep=EgoyMDI2MDgyNS4wIJJjKgBIAVAD&rclk=1
ChIJQxYWD5mZ4jARX0fmB7938Jc,景点,Wat Suwannaram Ratchaworawihan,วัดสุวรรณารามราชวรวิหาร,,佛教寺庙,4.6,35,"ซอย จรัญสนิทวงศ์ 32 Siriraj, Bangkok Noi, Bangkok 10700泰国",13.763302,100.476825,曼谷蓮縣,Sirirat,星期一 08:00-18:00 | 星期二 08:00-18:00 | 星期三 08:00-18:00 | 星期四 08:00-18:00 | 星期五 08:00-18:00 | 星期六 08:00-18:00 | 星期日 08:00-18:00,+66 89 815 6985,https://facebook.com,,,https://www.google.com/maps/place/Wat+Suwannaram+Ratchaworawihan/data=!4m7!3m6!1s0x30e299990f161643:0x97f077bf07e6475f!8m2!3d13.7633017!4d100.4768254!16s%2Fm%2F0472fyt!19sChIJQxYWD5mZ4jARX0fmB7938Jc?authuser=0&hl=zh-CN&g_ep=EgoyMDI2MDgyNS4wIJJjKgBIAVAD&rclk=1
ChIJDwTQGw-Z4jARL1emEK5bYQI,景点,Amarindra Winitchai Throne Hall,พระที่นั่งอมรินทรวินิจฉัย,historical_landmark,古迹地标,4.7,34,"พระที่นั่งไพศาลทักษิณ 200 Thanon Maha Rat, Khwaeng Phra Borom Maha Ratchawang, Khet Phra Nakhon, Krung Thep Maha Nakhon 10200",13.750393,100.492043,拍那空县,大皇宫区,星期一: 休息 | 星期二: 08:30–15:30 | 星期三: 08:30–15:30 | 星期四: 08:30–15:30 | 星期五: 08:30–15:30 | 星期六: 08:30–15:30 | 星期日: 休息,,,适合儿童,,https://maps.google.com/?cid=171519063978563375&g_mp=CiVnb29nbGUubWFwcy5wbGFjZXMudjEuUGxhY2VzLkdldFBsYWNlEAIYBCAA
ChIJp96NEgCZ4jARGXzPmScLd5Q,景点,New World Banglamphu,นิวเวิลด์ บางลำภู,tourist_attraction,旅游景点,4.6,34,"228/3 Chakrabongse Rd, Khwaeng Talat Yot, Khet Phra Nakhon, Krung Thep Maha Nakhon 10200",13.761933,100.498316,拍那空县,哒叻裕区,,+66 98 342 7470,,,,https://maps.google.com/?cid=10698031704554044441&g_mp=Cilnb29nbGUubWFwcy5wbGFjZXMudjEuUGxhY2VzLlNlYXJjaE5lYXJieRACGAQgAA
ChIJi0KULSSf4jAR7WKYGQfOwss,景点,中華鐘塔,หอนาฬิกาจีน,,古迹地标,4.4,34,"456 Witthayu Rd, Lumphini, Pathum Wan, Bangkok 10330泰国",13.727721,100.543924,巴吞旺县,Lumphini,星期一 24小时营业 | 星期二 24小时营业 | 星期三 24小时营业 | 星期四 24小时营业 | 星期五 24小时营业 | 星期六 24小时营业 | 星期日 24小时营业,,,,,https://www.google.com/maps/place/%E4%B8%AD%E8%8F%AF%E9%90%98%E5%A1%94/data=!4m7!3m6!1s0x30e29f242d94428b:0xcbc2ce07199862ed!8m2!3d13.7277214!4d100.5439244!16s%2Fg%2F11dxqjrz50!19sChIJi0KULSSf4jAR7WKYGQfOwss?authuser=0&hl=zh-CN&g_ep=EgoyMDI2MDgyNS4wIJJjKgBIAVAD&rclk=1
ChIJv5GbUJyZ4jARIAFCZp8ZYes,景点,Samyan Mitrtown Sky Garden,สวนลอยฟ้าสามย่านมิตรทาวน์,garden,花园,4.8,33,"PGMH+HCF, Phaya Thai Rd, Khwaeng Wang Mai, Pathum Wan, Krung Thep Maha Nakhon 10330",13.733934,100.52854,巴吞旺县,Wang Mai,星期一: 10:00–22:00 | 星期二: 10:00–22:00 | 星期三: 10:00–22:00 | 星期四: 10:00–22:00 | 星期五: 10:00–22:00 | 星期六: 10:00–22:00 | 星期日: 10:00–22:00,+66 2 033 8900,http://samyanmitrtown.com/,,,https://maps.google.com/?cid=16960865844060094752&g_mp=Cilnb29nbGUubWFwcy5wbGFjZXMudjEuUGxhY2VzLlNlYXJjaE5lYXJieRACGAQgAA
ChIJFferBgCZ4jARwOv36_iZA_8,景点,Supreme Patriarch Residence Museum,พิพิธภัณฑ์ตำหนักสมเด็จพระสังฆราช (แพ ติสสเทวมหาเถร),museum,博物馆,4.9,33,"PGX2+XPR, Thanon Siri Phong, Khwaeng Wat Ratchabophit, Khet Phra Nakhon, Krung Thep Maha Nakhon 10200",13.749805,100.501108,拍那空县,拉差博披寺区,星期一: 休息 | 星期二: 休息 | 星期三: 休息 | 星期四: 休息 | 星期五: 09:30–16:30 | 星期六: 09:30–16:30 | 星期日: 09:30–16:30,,https://www.facebook.com/share/19uABoCGPv/,适合儿童|有洗手间,,https://maps.google.com/?cid=18375700198991588288&g_mp=CiVnb29nbGUubWFwcy5wbGFjZXMudjEuUGxhY2VzLkdldFBsYWNlEAIYBCAA
ChIJDXKclCCZ4jARitwTyc69iho,景点,Wat Pathum Khongkha Ratchaworawihan,วัดปทุมคงคาราชวรวิหาร,,佛教寺庙,4.5,32,"1620 Song Wat Rd, Samphanthawong, Bangkok 10100泰国",13.735676,100.51119,三攀他旺县,Samphanthawong,星期一 05:00-21:00 | 星期二 05:00-21:00 | 星期三 05:00-21:00 | 星期四 05:00-21:00 | 星期五 05:00-21:00 | 星期六 05:00-21:00 | 星期日 05:00-21:00,+66 2 233 3236,https://facebook.com,,,https://www.google.com/maps/place/Wat+Pathum+Khongkha+Ratchaworawihan/data=!4m7!3m6!1s0x30e29920949c720d:0x1a8abdcec913dc8a!8m2!3d13.7356763!4d100.5111903!16s%2Fm%2F0472gs7!19sChIJDXKclCCZ4jARitwTyc69iho?authuser=0&hl=zh-CN&g_ep=EgoyMDI2MDgyNS4wIJJjKgBIAVAD&rclk=1
ChIJ9QUAOdmY4jARzf2kyvhWZ7w,景点,圣玫瑰堂,โบสถ์โฮลี่โรซารี่,,天主教堂,4.6,32,"PGJ7+CF4, 1318 Yotha Rd, Talat Noi, Samphanthawong, Bangkok 10100泰国",13.731221,100.513294,挽叻县,噠叻仔區,"星期一 16:30-18:30 | 星期二 16:30-18:30 | 星期三 16:30-18:30 | 星期四 16:30-18:30 | 星期五 16:30-18:30 | 星期六 16:30-18:30 | 星期日 07:00-11:00, 16:30-18:30",+66 2 266 4849,https://facebook.com,,,https://www.google.com/maps/place/%E5%9C%A3%E7%8E%AB%E7%91%B0%E5%A0%82/data=!4m7!3m6!1s0x30e298d9390005f5:0xbc6756f8caa4fdcd!8m2!3d13.7312207!4d100.5132944!16s%2Fg%2F11b6pmg5v9!19sChIJ9QUAOdmY4jARzf2kyvhWZ7w?authuser=0&hl=zh-CN&g_ep=EgoyMDI2MDgyNS4wIJJjKgBIAVAD&rclk=1
ChIJB-bMhZWZ4jAR30heGJ2etuE,景点,我杯,ถ้วยของฉัน,,古迹地标,4.4,32,"244, 236 Ratchawong Rd, Chakkrawat, Samphanthawong, Bangkok 10100泰国",13.739608,100.504868,三攀他旺县,差甲瓦區,,,,,,https://www.google.com/maps/place/%E6%88%91%E6%9D%AF/data=!4m7!3m6!1s0x30e2999585cce607:0xe1b69e9d185e48df!8m2!3d13.7396079!4d100.5048675!16s%2Fg%2F11ns3_s5p1!19sChIJB-bMhZWZ4jAR30heGJ2etuE?authuser=0&hl=zh-CN&g_ep=EgoyMDI2MDgyNS4wIJJjKgBIAVAD&rclk=1
ChIJ6S11-Xqf4jAR2nn8VfBirGE,景点,Chaloem La Art House,บ้านเฉลิมหล้าศิลป์,art_gallery,画廊,4.9,31,"121, 120 Soi Srisurut, Khwaeng Thanon Phetchaburi, Khet Ratchathewi, Krung Thep Maha Nakhon 10400",13.749862,100.531864,巴吞旺县,Thanon Phetchaburi,星期一: 休息 | 星期二: 休息 | 星期三: 12:00–18:00 | 星期四: 12:00–18:00 | 星期五: 12:00–18:00 | 星期六: 12:00–18:00 | 星期日: 12:00–18:00,+66 81 045 6454,http://www.chaloemla.com/,,,https://maps.google.com/?cid=7038109102047525338&g_mp=Cilnb29nbGUubWFwcy5wbGFjZXMudjEuUGxhY2VzLlNlYXJjaE5lYXJieRACGAQgAA
ChIJDZWUDtOZ4jARyaYnSMd1-NU,景点,Liverpool Mural,จิตรกรรมฝาผนังลิเวอร์พูล,,旅游胜地,4.2,30,"68 Soi Chareonkrung 22, Talat Noi, Samphanthawong, Bangkok 10100泰国",13.733222,100.5145,挽叻县,噠叻仔區,星期一 24小时营业 | 星期二 24小时营业 | 星期三 24小时营业 | 星期四 24小时营业 | 星期五 24小时营业 | 星期六 24小时营业 | 星期日 24小时营业,,,,,https://www.google.com/maps/place/Liverpool+Mural/data=!4m7!3m6!1s0x30e299d30e94950d:0xd5f875c74827a6c9!8m2!3d13.7332222!4d100.5145!16s%2Fg%2F11s4xg2vwj!19sChIJDZWUDtOZ4jARyaYnSMd1-NU?authuser=0&hl=zh-CN&g_ep=EgoyMDI2MDgyNS4wIJJjKgBIAVAD&rclk=1
ChIJJcaQQqiZ4jARXLCkKIqqvwQ,景点,Na Phra Lan Tunnel: Gate 2,อุโมงค์หน้าพระลาน ประตู 2,tourist_attraction,旅游胜地,4.4,30,"QF3R+7HM, Phra Borom Maha Ratchawang, Phra Nakhon, Bangkok 10200",13.753204,100.491418,拍那空县,大皇宫区,星期一: 08:00–18:00 | 星期二: 08:00–18:00 | 星期三: 08:00–18:00 | 星期四: 08:00–18:00 | 星期五: 08:00–18:00 | 星期六: 08:00–18:00 | 星期日: 08:00–18:00,,,适合儿童,,https://maps.google.com/?cid=342179607067537500&g_mp=CiVnb29nbGUubWFwcy5wbGFjZXMudjEuUGxhY2VzLkdldFBsYWNlEAIYBCAA
ChIJIxnyeVKY4jAR5iQQF0MgxZc,景点,Wat Tha Phra,วัดท่าพระ,,佛教寺庙,4.5,29,"20/1 Charan Sanit Wong Rd, Wat Tha Phra, Bangkok Yai, Bangkok 10600泰国",13.733768,100.473894,曼谷艾县,Wat Tha Phra,星期一 08:00-17:30 | 星期二 08:00-17:30 | 星期三 08:00-17:30 | 星期四 08:00-17:30 | 星期五 08:00-17:30 | 星期六 08:00-17:30 | 星期日 08:00-17:30,,https://facebook.com,,,https://www.google.com/maps/place/Wat+Tha+Phra/data=!4m7!3m6!1s0x30e2985279f21923:0x97c52043171024e6!8m2!3d13.7337678!4d100.4738935!16s%2Fg%2F11c46403t1!19sChIJIxnyeVKY4jAR5iQQF0MgxZc?authuser=0&hl=zh-CN&g_ep=EgoyMDI2MDgyNS4wIJJjKgBIAVAD&rclk=1
ChIJzdYEJQCZ4jAR47jl11kFXEc,景点,ประตูสวัสดิโสภา,ประตูสวัสดิโสภา,tourist_attraction,旅游胜地,4.9,29,"* QF2V+M9X, Khwaeng Phra Borom Maha Ratchawang, Khet Phra Nakhon, Krung Thep Maha Nakhon 10200",13.751726,100.493482,拍那空县,大皇宫区,,,,,,https://maps.google.com/?cid=5141990757982648547&g_mp=CiVnb29nbGUubWFwcy5wbGFjZXMudjEuUGxhY2VzLkdldFBsYWNlEAIYBCAA
ChIJLRw87jSZ4jAR71p-Xm5oPGU,景点,The First Post Office Monument,ไปรสนียาคาร,museum,博物馆,4.6,28,"PFQX+XWF Public Park, Khwaeng Wang Burapha Phirom, Khet Phra Nakhon, Krung Thep Maha Nakhon 10200",13.739954,100.499712,拍那空县,三王府区,,,,有洗手间|无障碍洗手间,,https://maps.google.com/?cid=7294820319674391279&g_mp=CiVnb29nbGUubWFwcy5wbGFjZXMudjEuUGxhY2VzLkdldFBsYWNlEAIYBCAA
ChIJ2yZ6aACZ4jARgZMM3AZCx6s,景点,Wat Khun Chan Bridge,สะพานวัดขุนจันทร์,,旅游胜地,4.6,28,"140 Soi Wat Apsorn, Pak Khlong Phasi Charoen, Phasi Charoen, Bangkok 10160泰国",13.720099,100.470641,帕世乍能县,Pak Khlong Phasi Charoen,,,,,,https://www.google.com/maps/place/Wat+Khun+Chan+Bridge/data=!4m7!3m6!1s0x30e29900687a26db:0xabc74206dc0c9381!8m2!3d13.7200993!4d100.4706409!16s%2Fg%2F11mt8n13qj!19sChIJ2yZ6aACZ4jARgZMM3AZCx6s?authuser=0&hl=zh-CN&g_ep=EgoyMDI2MDgyNS4wIJJjKgBIAVAD&rclk=1
ChIJn6da2RaZ4jAROhdfiSB9D3U,景点,Dev Mandir Temple Hindu Samaj Bangkok,วัดเทพมณเฑียร วัดฮินดูมาจ กรุงเทพมหานคร,,印度教寺庙,4.8,27,"136, สำราญราษฎร์ 1-2 Siri Phong Rd, Sao Chingcha, Phra Nakhon, Bangkok 10200泰国",13.750567,100.50248,拍那空县,巴杜披,星期一 07:00-19:00 | 星期二 07:00-19:00 | 星期三 07:00-19:00 | 星期四 07:00-19:00 | 星期五 07:00-19:00 | 星期六 07:00-19:00 | 星期日 07:00-19:00,+66 2 223 8494,https://devmandirbangkok.com,,,https://www.google.com/maps/place/Dev+Mandir+Temple+Hindu+Samaj+Bangkok/data=!4m7!3m6!1s0x30e29916d95aa79f:0x750f7d20895f173a!8m2!3d13.7505674!4d100.5024803!16s%2Fg%2F1hf1pr0q9!19sChIJn6da2RaZ4jAROhdfiSB9D3U?authuser=0&hl=zh-CN&g_ep=EgoyMDI2MDgyNS4wIJJjKgBIAVAD&rclk=1
ChIJO1r-JFyZ4jARKwQiHeOxolY,景点,Ladawan Palace,พระราชวังลดาวัลย์,historical_landmark,历史地标,5.0,27,"173 Soi Nakhon Ratchasima, Khwaeng Dusit, Khet Dusit, Krung Thep Maha Nakhon 10300",13.767808,100.506598,都实县,Dusit,,+66 2 687 3448,,适合儿童|无障碍入口|无障碍洗手间|无障碍座位,,https://maps.google.com/?cid=6242747622493389867&g_mp=Cilnb29nbGUubWFwcy5wbGFjZXMudjEuUGxhY2VzLlNlYXJjaE5lYXJieRACGAQgAA
ChIJtcF0p9thHTERXBJ8EetSlgQ,景点,Rommani Garden,สวนรมณี,,植物园,4.5,27,"MMP7+7HR, Suan Luang Rama IX, Nong Bon, Prawet, Bangkok 10250泰国",13.685733,100.663896,巴威县,Nong Bon,星期一 05:00-19:00 | 星期二 05:00-19:00 | 星期三 05:00-19:00 | 星期四 05:00-19:00 | 星期五 05:00-19:00 | 星期六 05:00-19:00 | 星期日 05:00-19:00,,,,,https://www.google.com/maps/place/Rommani+Garden/data=!4m7!3m6!1s0x311d61dba774c1b5:0x49652eb117c125c!8m2!3d13.6857328!4d100.6638958!16s%2Fg%2F11fhzf8xqy!19sChIJtcF0p9thHTERXBJ8EetSlgQ?authuser=0&hl=zh-CN&g_ep=EgoyMDI2MDgyNS4wIJJjKgBIAVAD&rclk=1
ChIJSVOcJA-Z4jAR4CCMqH58uDU,景点,The Pavilion of Regalia Royal Decorations and Coins,ศาลาเครื่องราชอิสริยยศ เครื่องราชอิสริยาภรณ์ และเหรียญกษาปณ์ไทย,museum,博物馆,4.7,27,"The Grand Palace Na Phra Lan Rd, Khwaeng Phra Borom Maha Ratchawang, Khet Phra Nakhon, Krung Thep Maha Nakhon 10200",13.751644,100.492704,拍那空县,大皇宫区,星期一: 休息 | 星期二: 10:00–18:00 | 星期三: 10:00–18:00 | 星期四: 10:00–18:00 | 星期五: 10:00–18:00 | 星期六: 10:00–18:00 | 星期日: 10:00–18:00,,,适合儿童|有洗手间|无障碍入口,,https://maps.google.com/?cid=3870980763160420576&g_mp=CiVnb29nbGUubWFwcy5wbGFjZXMudjEuUGxhY2VzLkdldFBsYWNlEAIYBCAA
ChIJpcKcDx2Z4jARdeQbK_M_khA,景点,Wongwian Lek Clock Tower,หอนาฬิกาวงเวียนเล็ก,historical_landmark,古迹地标,4.6,27,"43 Thanon Prajadhipok, Khwaeng Somdet Chao Phraya, Khet Khlong San, Krung Thep Maha Nakhon 10600",13.734166,100.496143,吞武里县,Somdet Chao Phraya,星期一: 24小时营业 | 星期二: 24小时营业 | 星期三: 24小时营业 | 星期四: 24小时营业 | 星期五: 24小时营业 | 星期六: 24小时营业 | 星期日: 24小时营业,+66 81 488 7888,,,,https://maps.google.com/?cid=1194087164839453813&g_mp=Cilnb29nbGUubWFwcy5wbGFjZXMudjEuUGxhY2VzLlNlYXJjaE5lYXJieRACGAQgAA
ChIJhQd6YxGZ4jARuyv9csz4aZ4,景点,Jamadin St.,จามาดิน ถ.,tourist_attraction,旅游胜地,4.5,26,"344 Boriphat Rd, Khwaeng Ban Bat, Khet Pom Prap Sattru Phai, Krung Thep Maha Nakhon 10100",13.753349,100.506744,邦巴沙都拍县,班巴区,,,,适合儿童,,https://maps.google.com/?cid=11414928287533444027&g_mp=Cilnb29nbGUubWFwcy5wbGFjZXMudjEuUGxhY2VzLlNlYXJjaE5lYXJieRACGAQgAA
ChIJxfy7HASZ4jAR2fzTTHXeJMk,景点,King Taksin Monument,อนุสาวรีย์สมเด็จพระเจ้าตากสิน,monument,纪念碑,4.7,26,"Old Library Building, Khwaeng Wat Arun, Khet Bangkok Yai, Krung Thep Maha Nakhon 10600",13.74286,100.49044,曼谷艾县,Wat Arun,,,,适合儿童,,https://maps.google.com/?cid=14493954096166599897&g_mp=Cilnb29nbGUubWFwcy5wbGFjZXMudjEuUGxhY2VzLlNlYXJjaE5lYXJieRACGAQgAA
ChIJ5a2tbkyZ4jARYlaDbZpfjfM,景点,Red Lanterns Alley,ตรอกโคมแดงอาม่า,tourist_attraction,旅游胜地,4.5,26,"147 ถนน จักรวรรดิ Khwaeng Chakkrawat, Khet Samphanthawong, Krung Thep Maha Nakhon 10100",13.743149,100.502272,三攀他旺县,差甲瓦區,,,,,,https://maps.google.com/?cid=17549788439799617122&g_mp=CiVnb29nbGUubWFwcy5wbGFjZXMudjEuUGxhY2VzLkdldFBsYWNlEAIYBCAA
ChIJi6kvZwCZ4jAR-m5WfPPfpMc,景点,โอ่งอ่าง Street Art,โอ่งอ่าง Street Art,tourist_attraction,旅游胜地,4.5,26,"曼谷都会区 Samphanthawong, 曼谷PGW3+7F6邮政编码: 10100",13.745671,100.503652,三攀他旺县,Samphanthawong,星期一: 24小时营业 | 星期二: 24小时营业 | 星期三: 24小时营业 | 星期四: 24小时营业 | 星期五: 24小时营业 | 星期六: 24小时营业 | 星期日: 24小时营业,,,适合儿童,,https://maps.google.com/?cid=14385869346584293114&g_mp=CiVnb29nbGUubWFwcy5wbGFjZXMudjEuUGxhY2VzLkdldFBsYWNlEAIYBCAA
ChIJrYJJxhqZ4jARxVG4sqGOodI,景点,万茂宫,วังบ้านหม้อ,historical_landmark,古迹地标,4.7,26,"10200 128 Thanon Atsadang, Khwaeng Wang Burapha Phirom, Khet Phra Nakhon, Krung Thep Maha Nakhon 10200",13.745996,100.496854,拍那空县,三王府区,,,,适合儿童,,https://maps.google.com/?cid=15177569044354585029&g_mp=CiVnb29nbGUubWFwcy5wbGFjZXMudjEuUGxhY2VzLkdldFBsYWNlEAIYBCAA
ChIJNzrs1wOZ4jARLsGuTptwVXU,景点,CURU Gallery,คิวรุ แกลเลอรี่,art_gallery,画廊,4.5,25,"9-2F 52, Warehouse 30 (โกดัง, 9 ซอย เจริญกรุง 36 แขวงบางรัก เขตบางรัก กรุงเทพมหานคร 10500",13.727649,100.514937,挽叻县,Bang Rak,星期一: 休息 | 星期二: 休息 | 星期三: 12:00–17:00 | 星期四: 12:00–17:00 | 星期五: 12:00–17:00 | 星期六: 12:00–17:00 | 星期日: 12:00–17:00,,http://gallery-curu.com/,有洗手间,,https://maps.google.com/?cid=8454787687800291630&g_mp=Cilnb29nbGUubWFwcy5wbGFjZXMudjEuUGxhY2VzLlNlYXJjaE5lYXJieRACGAQgAA
ChIJf366vA-Z4jARQfAum-kZzss,景点,Suddhai Sawan Prasad Hall,พระที่นั่งสุทไธสวรรย์ปราสาท,castle,城堡,4.9,25,"พระที่นั่งสุทไธสวรรยปราสาท น.16 Thanon Sanam Chai, Khwaeng Phra Borom Maha Ratchawang, Khet Phra Nakhon, Krung Thep Maha Nakhon 10200",13.749384,100.493816,拍那空县,大皇宫区,星期一: 24小时营业 | 星期二: 24小时营业 | 星期三: 24小时营业 | 星期四: 24小时营业 | 星期五: 24小时营业 | 星期六: 休息 | 星期日: 24小时营业,,,适合儿童|无障碍入口|无障碍停车,,https://maps.google.com/?cid=14685703926023385153&g_mp=CiVnb29nbGUubWFwcy5wbGFjZXMudjEuUGxhY2VzLkdldFBsYWNlEAIYBCAA
ChIJezNTCwGZ4jARsZux4erypHA,景点,Ton Son Jami Mosque Wat Arun,มัสยิดโตนสนจามี วัดอรุณ,,清真寺,4.7,25,"447 Arun Amarin Rd, Wat Arun, Bangkok Yai, Bangkok 10600泰国",13.739989,100.48876,曼谷艾县,Wat Arun,星期一 10:00-16:00 | 星期二 10:00-16:00 | 星期三 10:00-16:00 | 星期四 10:00-16:00 | 星期五 10:00-16:00 | 星期六 10:00-16:00 | 星期日 10:00-16:00,+66 2 466 5326,,,,https://www.google.com/maps/place/Ton+Son+Jami+Mosque+Wat+Arun/data=!4m7!3m6!1s0x30e299010b53337b:0x70a4f2eae1b19bb1!8m2!3d13.7399892!4d100.4887602!16s%2Fg%2F121wt3yz!19sChIJezNTCwGZ4jARsZux4erypHA?authuser=0&hl=zh-CN&g_ep=EgoyMDI2MDgyNS4wIJJjKgBIAVAD&rclk=1
ChIJLfRRXAWZ4jARqRiQcNqWOas,景点,Territorial Defense Command,พิพิธภัณฑ์พระบาทสมเด็จพระปรมินทรมหาภูมิพลอดุลยเดช บรมนาถบพิตร,history_museum,历史博物馆,3.3,24,"Territorial Defense Command, Military Reserve General Headquarter, 2 ถ. เจริญกรุง Khwaeng Phra Borom Maha Ratchawang, Khet Phra Nakhon, Krung Thep Maha Nakhon 10200",13.74708,100.495226,拍那空县,大皇宫区,星期一: 休息 | 星期二: 09:00–18:00 | 星期三: 09:00–18:00 | 星期四: 09:00–18:00 | 星期五: 09:00–18:00 | 星期六: 休息 | 星期日: 休息,,,适合儿童|有洗手间|无障碍入口|无障碍洗手间,,https://maps.google.com/?cid=12338058519093713065&g_mp=CiVnb29nbGUubWFwcy5wbGFjZXMudjEuUGxhY2VzLkdldFBsYWNlEAIYBCAA
ChIJu6KTBdSZ4jARGhMfegYyKA8,景点,The Shophouse 1527,อาคารพาณิชย์ 1527,art_museum,Art museum,4.7,24,"1527 Thanon Rama IV, Khwaeng Wang Mai, Pathum Wan, Krung Thep Maha Nakhon 10330",13.733885,100.526621,巴吞旺县,Wang Mai,星期一: 休息 | 星期二: 10:00–18:00 | 星期三: 10:00–18:00 | 星期四: 10:00–18:00 | 星期五: 10:00–18:00 | 星期六: 10:00–18:00 | 星期日: 10:00–18:00,+66 80 296 4965,,有洗手间,,https://maps.google.com/?cid=1092177913037394714&g_mp=Cilnb29nbGUubWFwcy5wbGFjZXMudjEuUGxhY2VzLlNlYXJjaE5lYXJieRACGAQgAA
ChIJmWzanm2Z4jAR7qD3U67XeFk,景点,Chakraphong Mosque,มัสยิดจักรพงศ์,,清真寺,4.7,23,"QF6W+PRJ, Talat Yot, Phra Nakhon, Bangkok 10200泰国",13.761844,100.497008,拍那空县,查那松康区,星期一 04:45-19:45 | 星期二 04:45-19:45 | 星期三 04:45-19:45 | 星期四 04:45-19:45 | 星期五 04:45-19:45 | 星期六 04:45-19:45 | 星期日 04:45-19:45,+66 2 282 5333,,,,https://www.google.com/maps/place/Chakraphong+Mosque/data=!4m7!3m6!1s0x30e2996d9eda6c99:0x5978d7ae53f7a0ee!8m2!3d13.761844!4d100.497008!16s%2Fg%2F11hz370m2m!19sChIJmWzanm2Z4jAR7qD3U67XeFk?authuser=0&hl=zh-CN&g_ep=EgoyMDI2MDgyNS4wIJJjKgBIAVAD&rclk=1
ChIJdWwJFQCZ4jARyKjFa-x9PKI,景点,Entrance to the Grand Palace,ทางเข้าพระบรมมหาราชวัง,historical_landmark,古迹地标,4.3,22,"2 Na Phra Lan Rd, Borom Maha Ratchawang, Khet Phra Nakhon, Krung Thep Maha Nakhon 10200",13.752369,100.492583,拍那空县,大皇宫区,星期一: 08:30–15:30 | 星期二: 08:30–15:30 | 星期三: 08:30–15:30 | 星期四: 08:30–15:30 | 星期五: 08:30–15:30 | 星期六: 08:30–15:30 | 星期日: 08:30–15:30,,https://earth.google.com/earth/d/14jRPXqFX1BFu4S6D_yiWyANrbk19V3Ij?usp=sharing,适合儿童,,https://maps.google.com/?cid=11690357187120834760&g_mp=CiVnb29nbGUubWFwcy5wbGFjZXMudjEuUGxhY2VzLkdldFBsYWNlEAIYBCAA
ChIJs750xEmY4jAR0pz8XUqUhxU,景点,Wat Kamphaeng Bangchak,วัดกำแพงบางจาก,,佛教寺庙,4.6,22,"271 Soi Phet Kasem 20, Pak Khlong Phasi Charoen, Phasi Charoen, Bangkok 10160泰国",13.730167,100.463295,帕世乍能县,Pak Khlong Phasi Charoen,星期一 08:00-18:00 | 星期二 08:00-18:00 | 星期三 08:00-18:00 | 星期四 08:00-18:00 | 星期五 08:00-18:00 | 星期六 08:00-18:00 | 星期日 08:00-18:00,+66 85 123 4760,https://facebook.com,,,https://www.google.com/maps/place/Wat+Kamphaeng+Bangchak/data=!4m7!3m6!1s0x30e29849c474beb3:0x1587944a5dfc9cd2!8m2!3d13.730167!4d100.4632946!16s%2Fg%2F11c5qt5df1!19sChIJs750xEmY4jAR0pz8XUqUhxU?authuser=0&hl=zh-CN&g_ep=EgoyMDI2MDgyNS4wIJJjKgBIAVAD&rclk=1
ChIJZWQoKQBnHTERUXU6T5OfVmA,景点,Wat Lat Krabang,วัดลาดกระบัง,,佛教寺庙,4.5,22,"7 ซอย วัดลาดกระบัง Lat Krabang, Bangkok 10520泰国",13.725319,100.752899,叻甲挽县,Lat Krabang,星期一 07:30-18:00 | 星期二 07:30-18:00 | 星期三 07:30-18:00 | 星期四 07:30-18:00 | 星期五 07:30-18:00 | 星期六 07:30-18:00 | 星期日 07:30-18:00,+66 2 326 7078,,,,https://www.google.com/maps/place/Wat+Lat+Krabang/data=!4m7!3m6!1s0x311d670029286465:0x60569f934f3a7551!8m2!3d13.7253185!4d100.752899!16s%2Fg%2F1hc2433ll!19sChIJZWQoKQBnHTERUXU6T5OfVmA?authuser=0&hl=zh-CN&g_ep=EgoyMDI2MDgyNS4wIJJjKgBIAVAD&rclk=1
ChIJq4fjG4uZ4jAR96Gc8aCzan0,景点,พระอุโบสถ วัดสระเกศราชวรมหาวิหาร,พระอุโบสถ วัดสระเกศราชวรมหาวิหาร,buddhist_temple,佛教寺庙,5.0,22,"QG35+H96, Worachak Rd, Khwaeng Ban Bat, Khet Pom Prap Sattru Phai, Krung Thep Maha Nakhon 10100",13.753916,100.508394,邦巴沙都拍县,班巴区,,,https://www.facebook.com/watsraket?mibextid=ZbWKwL,有洗手间|无障碍停车,,https://maps.google.com/?cid=9037233106102034935&g_mp=CiVnb29nbGUubWFwcy5wbGFjZXMudjEuUGxhY2VzLkdldFBsYWNlEAIYBCAA
ChIJAQAEZbKe4jARQv3E_5JAsyY,景点,Mekalarujee Palace,พระราชวังเมฆารุจี,castle,城堡,4.6,21,"Phaya Thai Palace, Khwaeng Thung Phaya Thai, Khet Ratchathewi, Krung Thep Maha Nakhon 10400",13.768956,100.53256,拉差贴威县,Thung Phaya Thai,星期一: 24小时营业 | 星期二: 24小时营业 | 星期三: 24小时营业 | 星期四: 24小时营业 | 星期五: 24小时营业 | 星期六: 24小时营业 | 星期日: 24小时营业,,,适合儿童|有洗手间|无障碍入口|无障碍停车,,https://maps.google.com/?cid=2788643594372971842&g_mp=Cilnb29nbGUubWFwcy5wbGFjZXMudjEuUGxhY2VzLlNlYXJjaE5lYXJieRACGAQgAA
ChIJCXdT5w6Z4jARevjm6M711JQ,景点,National Treasury Bureau,สำนักทรัพย์สินมีค่าแห่งชาติ,museum,国家博物馆,4.5,21,"Pavilion of Regalia, Royal Decorations and Coins, Na Phra Lan Rd, Khwaeng Phra Borom Maha Ratchawang, Khet Phra Nakhon, Krung Thep Maha Nakhon 10200",13.751004,100.491782,拍那空县,大皇宫区,星期一: 24小时营业 | 星期二: 24小时营业 | 星期三: 24小时营业 | 星期四: 24小时营业 | 星期五: 24小时营业 | 星期六: 24小时营业 | 星期日: 24小时营业,+66 2 226 0251,http://www.treasury.go.th/,适合儿童|有洗手间|无障碍入口,,https://maps.google.com/?cid=10724466881695512698&g_mp=CiVnb29nbGUubWFwcy5wbGFjZXMudjEuUGxhY2VzLkdldFBsYWNlEAIYBCAA
ChIJOWw7XwCZ4jARqQDFs_ulllE,景点,Little India Walking Street,ถนนคนเดินลิตเติ้ลอินเดีย,tourist_attraction,旅游胜地,4.5,20,"357 Chakkraphet Rd, Khwaeng Wang Burapha Phirom, Khet Phra Nakhon, Krung Thep Maha Nakhon 10200",13.743346,100.50152,拍那空县,三王府区,星期一: 24小时营业 | 星期二: 24小时营业 | 星期三: 24小时营业 | 星期四: 24小时营业 | 星期五: 24小时营业 | 星期六: 24小时营业 | 星期日: 24小时营业,,,适合儿童,,https://maps.google.com/?cid=5879068864050167977&g_mp=CiVnb29nbGUubWFwcy5wbGFjZXMudjEuUGxhY2VzLkdldFBsYWNlEAIYBCAA
ChIJZ_sbTACZ4jAR3NbMl3LWnU8,景点,Phiman Deves Gate,ประตูพิมานเทเวศน์,historical_landmark,古迹地标,4.7,20,"30 Na Phra Lan Rd, Khwaeng Phra Borom Maha Ratchawang, Khet Phra Nakhon, Krung Thep Maha Nakhon 10200",13.752221,100.490234,拍那空县,大皇宫区,星期一: 24小时营业 | 星期二: 24小时营业 | 星期三: 24小时营业 | 星期四: 24小时营业 | 星期五: 24小时营业 | 星期六: 24小时营业 | 星期日: 24小时营业,,,,,https://maps.google.com/?cid=5736977288001279708&g_mp=Cilnb29nbGUubWFwcy5wbGFjZXMudjEuUGxhY2VzLlNlYXJjaE5lYXJieRACGAQgAA
ChIJo26t19CZ4jARPwho87gAbMI,景点,Sam Phraeng,สามแพร่ง,garden,社区花园,4.9,20,"QF2X+Q37, San Chao Pho Sua, Phra Nakhon, Bangkok 10200",13.751905,100.49766,拍那空县,虎神庙区,星期一: 休息 | 星期二: 休息 | 星期三: 休息 | 星期四: 休息 | 星期五: 休息 | 星期六: 17:00–21:00 | 星期日: 17:00–21:00,+66 86 623 2000,https://www.facebook.com/sampraengfacestreet/,,,https://maps.google.com/?cid=14009573335200434239&g_mp=CiVnb29nbGUubWFwcy5wbGFjZXMudjEuUGxhY2VzLkdldFBsYWNlEAIYBCAA
ChIJET6scwCZ4jARCJ-mJhplA7I,景点,พิพิธภัณฑ์ศาลรัฐธรรมนูญ,พิพิธภัณฑ์ศาลรัฐธรรมนูญ,museum,博物馆,4.8,20,"326 Chakkraphet Rd, Khwaeng Wang Burapha Phirom, Khet Phra Nakhon, Krung Thep Maha Nakhon 10200",13.742021,100.500866,拍那空县,三王府区,星期一: 09:00–16:00 | 星期二: 09:00–16:00 | 星期三: 09:00–16:00 | 星期四: 09:00–16:00 | 星期五: 09:00–16:00 | 星期六: 休息 | 星期日: 休息,,https://www.constitutionalcourt.or.th/th/library_occ/,适合儿童,,https://maps.google.com/?cid=12827207326673313544&g_mp=CiVnb29nbGUubWFwcy5wbGFjZXMudjEuUGxhY2VzLkdldFBsYWNlEAIYBCAA
ChIJb-E5G06Z4jAR4NZd8urVWnY,景点,龙婆宋本,LP เวอร์ชั่นเพลง,,佛教寺庙,4.6,20,"PFQQ+P3J, Wang Doem 2, Wat Arun, Bangkok Yai, Bangkok 10600泰国",13.739337,100.487645,曼谷艾县,Wat Arun,星期一 24小时营业 | 星期二 24小时营业 | 星期三 24小时营业 | 星期四 24小时营业 | 星期五 24小时营业 | 星期六 休息 | 星期日 休息,,,,,https://www.google.com/maps/place/%E9%BE%99%E5%A9%86%E5%AE%8B%E6%9C%AC/data=!4m7!3m6!1s0x30e2994e1b39e16f:0x765ad5eaf25dd6e0!8m2!3d13.7393372!4d100.4876451!16s%2Fg%2F11k45tbsy3!19sChIJb-E5G06Z4jAR4NZd8urVWnY?authuser=0&hl=zh-CN&g_ep=EgoyMDI2MDgyNS4wIJJjKgBIAVAD&rclk=1
ChIJvR3_XACZ4jARUm03g4C3LS8,景点,10 10 Art Space,10 10 พื้นที่ศิลปะ,art_gallery,美术馆,4.7,19,"The Standard X, Bangkok, 45/1 Thanon Phra Athit, Khwaeng Chana Songkhram, Khet Phra Nakhon, Krung Thep Maha Nakhon 10200",13.762977,100.494495,拍那空县,查那松康区,星期一: 24小时营业 | 星期二: 24小时营业 | 星期三: 24小时营业 | 星期四: 24小时营业 | 星期五: 24小时营业 | 星期六: 24小时营业 | 星期日: 24小时营业,,https://www.instagram.com/1010artspace?igsh=Z25obzk3dWd6MnY3,适合儿童|有洗手间|无障碍入口|无障碍洗手间|无障碍座位,,https://maps.google.com/?cid=3399575056319737170&g_mp=Cilnb29nbGUubWFwcy5wbGFjZXMudjEuUGxhY2VzLlNlYXJjaE5lYXJieRACGAQgAA
ChIJ7VqU9JSe4jARo7et3OekYHM,景点,Our Lady of Fatima Church,โบสถ์แม่พระฟาติมา,,天主教堂,4.7,19,"4080 Soi Bot Mae Phra Fatima, Din Daeng, Bangkok 10400泰国",13.759648,100.555902,鄰鈴縣,Din Daeng,星期一 08:00-17:00 | 星期二 08:00-17:00 | 星期三 08:00-17:00 | 星期四 08:00-17:00 | 星期五 08:00-17:00 | 星期六 08:00-17:00 | 星期日 07:00-18:30,+66 2 245 1039,https://facebook.com,,,https://www.google.com/maps/place/Our+Lady+of+Fatima+Church/data=!4m7!3m6!1s0x30e29e94f4945aed:0x7360a4e7dcadb7a3!8m2!3d13.7596479!4d100.5559016!16s%2Fg%2F1hfdndzbh!19sChIJ7VqU9JSe4jARo7et3OekYHM?authuser=0&hl=zh-CN&g_ep=EgoyMDI2MDgyNS4wIJJjKgBIAVAD&rclk=1
ChIJCbH39dSZ4jAR31qa_XfuaAQ,景点,Phan Loha Fountain,น้ำพุพานโลหะ,state_park,国家公园,4.6,19,"PFXW+35M, Phra Borom Maha Ratchawang, Phra Nakhon, Bangkok 10200",13.747716,100.495411,拍那空县,大皇宫区,星期一: 04:30–21:00 | 星期二: 04:30–21:00 | 星期三: 04:30–21:00 | 星期四: 04:30–21:00 | 星期五: 04:30–21:00 | 星期六: 04:30–21:00 | 星期日: 04:30–21:00,,,适合儿童,,https://maps.google.com/?cid=317765972852890335&g_mp=CiVnb29nbGUubWFwcy5wbGFjZXMudjEuUGxhY2VzLkdldFBsYWNlEAIYBCAA
ChIJKUV6ewyf4jAR-nKbq_5agaM,景点,YOLO Forest Community,ชุมชนป่า YOLO,garden,社区花园,4.9,19,"14 ซอย สมคิด Khwaeng Lumphini, Pathum Wan, Krung Thep Maha Nakhon 10330",13.747063,100.54604,巴吞旺县,Lumphini,星期一: 07:00–11:00 | 星期二: 07:00–23:00 | 星期三: 07:00–23:00 | 星期四: 07:00–23:00 | 星期五: 07:00–23:00 | 星期六: 07:00–23:00 | 星期日: 07:00–23:00,,http://www.facebook.com/yoloforestcommunity,,,https://maps.google.com/?cid=11781798150025212666&g_mp=Cilnb29nbGUubWFwcy5wbGFjZXMudjEuUGxhY2VzLlNlYXJjaE5lYXJieRACGAQgAA
ChIJPWuskwGZ4jAR3MceUP9sfNc,景点,Masjid Bang Luang,มัสยิดบางหลวง,,清真寺,4.6,18,"สถานอบรมศาสนาอิสลาม 151 Arun Amarin Rd, Wat Kanlaya, Thon Buri, Bangkok 10600泰国",13.738032,100.489341,吞武里县,越干拉耶区,星期一 04:45-19:45 | 星期二 04:45-19:45 | 星期三 04:45-19:45 | 星期四 04:45-19:45 | 星期五 04:45-19:45 | 星期六 04:45-19:45 | 星期日 04:45-19:45,,,,,https://www.google.com/maps/place/Masjid+Bang+Luang/data=!4m7!3m6!1s0x30e2990193ac6b3d:0xd77c6cff501ec7dc!8m2!3d13.7380325!4d100.4893406!16s%2Fg%2F11b6vc0vw3!19sChIJPWuskwGZ4jAR3MceUP9sfNc?authuser=0&hl=zh-CN&g_ep=EgoyMDI2MDgyNS4wIJJjKgBIAVAD&rclk=1
ChIJcR7UZw-Z4jARPMqVMR7_bSg,景点,Prince of Chumphon Momument,อนุสาวรีย์กรมหลวงชุมพร,park,公园,5.0,18,"Phitsanulok Road , Suan Chitlada , 10300 Dusit , Bangkok, แขวงสี่แยกมหานาค เขตดุสิต กรุงเทพมหานคร 10300",13.762953,100.513509,都实县,Suan Chit Lada,,,,适合儿童,,https://maps.google.com/?cid=2913265039124580924&g_mp=Cilnb29nbGUubWFwcy5wbGFjZXMudjEuUGxhY2VzLlNlYXJjaE5lYXJieRACGAQgAA
ChIJX0mUYQCZ4jARtlj3WomIYUw,景点,วงเวียนหน้าวัดบวรนิเวศวิหาร,วงเวียนหน้าวัดบวรนิเวศวิหาร,tourist_attraction,旅游景点,4.7,18,"QF5X+WHR, Thanon Ram Buttri, Khwaeng Talat Yot, Khet Phra Nakhon, Krung Thep Maha Nakhon 10200",13.759963,100.499053,拍那空县,波稳尼威区,星期一: 24小时营业 | 星期二: 24小时营业 | 星期三: 24小时营业 | 星期四: 24小时营业 | 星期五: 24小时营业 | 星期六: 24小时营业 | 星期日: 24小时营业,,,适合儿童,,https://maps.google.com/?cid=5503830343141513398&g_mp=Cilnb29nbGUubWFwcy5wbGFjZXMudjEuUGxhY2VzLlNlYXJjaE5lYXJieRACGAQgAA
ChIJY9JLEQmZ4jARZik3QjWYkss,景点,สวนสาธารณะคลองช่องนนทรี (เฟส 2),สวนสาธารณะคลองช่องนนทรี (เฟส 2),city_park,城市公园,4.3,18,"PGGH+X22, Suriya Wong, Bang Rak, Bangkok 10500",13.727381,100.527521,挽叻县,Suriyawong,,,https://bangkokhealthpark.weebly.com/,适合儿童,,https://maps.google.com/?cid=14668954290810726758&g_mp=Cilnb29nbGUubWFwcy5wbGFjZXMudjEuUGxhY2VzLlNlYXJjaE5lYXJieRACGAQgAA
ChIJ64HkdlqZ4jAR1dmQbljIWiQ,景点,ワットポー 東入り口,ทางเข้าวัดโพธิ์ทิศตะวันออก,tourist_attraction,旅游胜地,4.8,18,"PFWV+RJG, Thanon Sanam Chai, Khwaeng Phra Borom Maha Ratchawang, Khet Phra Nakhon, Krung Thep Maha Nakhon 10200",13.747052,100.49408,拍那空县,大皇宫区,,,,适合儿童,,https://maps.google.com/?cid=2619626415407028693&g_mp=CiVnb29nbGUubWFwcy5wbGFjZXMudjEuUGxhY2VzLkdldFBsYWNlEAIYBCAA
ChIJ4X0nGQCZ4jARUBAbsomzTs0,景点,專門騙人去坐船,เชี่ยวชาญในการหลอกคนให้นั่งเรือ,tourist_attraction,旅游胜地,1.7,18,"Security Scanner 4, Khwaeng Khwaeng Phra Borom Maha Ratchawang, Khet Phra Nakhon, Krung Thep Maha Nakhon 10200",13.743847,100.494659,拍那空县,大皇宫区,,,,,,https://maps.google.com/?cid=14793959229938667600&g_mp=CiVnb29nbGUubWFwcy5wbGFjZXMudjEuUGxhY2VzLkdldFBsYWNlEAIYBCAA
ChIJ73NTAtWe4jARg4D2H_pY6hA,景点,"Clock Tower, Chulalongkorn University",หอนาฬิกา จุฬาลงกรณ์มหาวิทยาลัย,historical_landmark,古迹地标,4.8,17,"จุฬาลงกรณ์มหาวิทยาลัย Phaya Thai Rd, Khwaeng Pathum Wan, Pathum Wan, Krung Thep Maha Nakhon 10330",13.737311,100.531913,巴吞旺县,Pathum Wan,星期一: 24小时营业 | 星期二: 24小时营业 | 星期三: 24小时营业 | 星期四: 24小时营业 | 星期五: 24小时营业 | 星期六: 24小时营业 | 星期日: 24小时营业,,https://sites.google.com/view/chulalongkornuniversity/home,无障碍入口,,https://maps.google.com/?cid=1218884480458457219&g_mp=Cilnb29nbGUubWFwcy5wbGFjZXMudjEuUGxhY2VzLlNlYXJjaE5lYXJieRACGAQgAA
ChIJFaBuyWSf4jARGfQJMvQx0ms,景点,HARE KRISHNA TEMPLE,วัดฮาเรกฤษณะ,,印度教寺庙,4.8,16,"72/4-5 Soi Puttha Osot, Si Phraya, Bang Rak, Bangkok 10500泰国",13.727094,100.517968,挽叻县,Si Phraya,星期一 06:00-20:30 | 星期二 06:00-20:30 | 星期三 06:00-20:30 | 星期四 06:00-20:30 | 星期五 06:00-20:30 | 星期六 06:00-20:30 | 星期日 06:00-20:30,+66 86 995 0227,,,,https://www.google.com/maps/place/HARE+KRISHNA+TEMPLE/data=!4m7!3m6!1s0x30e29f64c96ea015:0x6bd231f43209f419!8m2!3d13.7270936!4d100.5179682!16s%2Fg%2F11kbcz7mtq!19sChIJFaBuyWSf4jARGfQJMvQx0ms?authuser=0&hl=zh-CN&g_ep=EgoyMDI2MDgyNS4wIJJjKgBIAVAD&rclk=1
ChIJV1IuJt-Y4jARPT2vTiO3JvM,景点,Horseshoe Shrine,ศาลเกือกม้า,,宗教场所,4.5,16,"1192 Soi Chareonkrung 22, Talat Noi, Samphanthawong, Bangkok 10100泰国",13.732812,100.512176,三攀他旺县,噠叻仔區,星期一 24小时营业 | 星期二 24小时营业 | 星期三 06:00-18:00 | 星期四 06:00-18:00 | 星期五 06:00-18:00 | 星期六 06:00-18:00 | 星期日 06:00-18:00,+66 85 117 1304,,,,https://www.google.com/maps/place/Horseshoe+Shrine/data=!4m7!3m6!1s0x30e298df262e5257:0xf326b7234eaf3d3d!8m2!3d13.7328119!4d100.5121759!16s%2Fg%2F1tf72zgz!19sChIJV1IuJt-Y4jARPT2vTiO3JvM?authuser=0&hl=zh-CN&g_ep=EgoyMDI2MDgyNS4wIJJjKgBIAVAD&rclk=1
ChIJr7UvyAyZ4jARQGMClhJCxjs,景点,Ishresh Raja Nusharana Throne Hall,พระที่นั่งอิชเรช ราชา นุชารานา,castle,城堡,4.7,16,"4 Soi Na Phra That, Khwaeng Phra Borom Maha Ratchawang, Khet Phra Nakhon, Krung Thep Maha Nakhon 10200",13.758589,100.491646,拍那空县,大皇宫区,星期一: 休息 | 星期二: 休息 | 星期三: 09:00–16:00 | 星期四: 09:00–16:00 | 星期五: 09:00–16:00 | 星期六: 09:00–16:00 | 星期日: 09:00–16:00,,,适合儿童|有洗手间,,https://maps.google.com/?cid=4307202741220041536&g_mp=Cilnb29nbGUubWFwcy5wbGFjZXMudjEuUGxhY2VzLlNlYXJjaE5lYXJieRACGAQgAA
ChIJ8825fLKe4jAR4OhUee1Kyfc,景点,King Rama VI Monument,อนุสาวรีย์พระบาทสมเด็จพระมงกุฎเกล้าเจ้าอยู่หัว,monument,纪念碑,4.6,16,"315 Thanon Ratchawithi, Khwaeng Thung Phaya Thai, Khet Ratchathewi, Krung Thep Maha Nakhon 10400",13.768184,100.532695,拉差贴威县,Thung Phaya Thai,星期一: 24小时营业 | 星期二: 24小时营业 | 星期三: 24小时营业 | 星期四: 24小时营业 | 星期五: 24小时营业 | 星期六: 24小时营业 | 星期日: 24小时营业,,,适合儿童,,https://maps.google.com/?cid=17854884581490354400&g_mp=Cilnb29nbGUubWFwcy5wbGFjZXMudjEuUGxhY2VzLlNlYXJjaE5lYXJieRACGAQgAA
ChIJHRpzYguZ4jARHCJGDtjG7mE,景点,Pridi Banomyong Monument,อนุสาวรีย์ปรีดีพนมยงค์,monument,纪念碑,4.7,16,"2 Soi Na Phra That, Khwaeng Phra Borom Maha Ratchawang, Khet Phra Nakhon, Krung Thep Maha Nakhon 10200",13.757489,100.489637,曼谷蓮縣,大皇宫区,,,,适合儿童,,https://maps.google.com/?cid=7056796297390858780&g_mp=Cilnb29nbGUubWFwcy5wbGFjZXMudjEuUGxhY2VzLlNlYXJjaE5lYXJieRACGAQgAA
ChIJd848t5-Z4jAR1tdmIn4GANQ,景点,Rooftop Samyan Mitrtown,Rooftop สามย่านมิตรทาวน์,botanical_garden,植物园,4.1,16,"สามย่านมิตรทาวน์ ชั้น 5 Thanon Rama IV, Khwaeng Wang Mai, Pathum Wan, Krung Thep Maha Nakhon 10500",13.733767,100.528646,巴吞旺县,Wang Mai,,,,有洗手间,,https://maps.google.com/?cid=15276217074853533654&g_mp=Cilnb29nbGUubWFwcy5wbGFjZXMudjEuUGxhY2VzLlNlYXJjaE5lYXJieRACGAQgAA
ChIJNQISRumZ4jARmLXSdLmBDtw,景点,The King Prajadhipok Park,สวนพระปกเกล้า,park,公园,3.8,16,"147-151, Tree Petch Rd Khwaeng Wang Burapha Phirom, Khet Phra Nakhon, Krung Thep Maha Nakhon 10200",13.74061,100.499129,拍那空县,三王府区,,,,适合儿童,,https://maps.google.com/?cid=15856753971546994072&g_mp=CiVnb29nbGUubWFwcy5wbGFjZXMudjEuUGxhY2VzLkdldFBsYWNlEAIYBCAA
ChIJaTTZsQ-Z4jAReX-GzvBPgLU,景点,Singkhon Khanth Fort,ป้อมสิงขรขันฑ์,historical_landmark,古迹地标,4.5,15,"QF2V+2G6, Phra Borom Maha Ratchawang, Phra Nakhon, Bangkok 10200",13.750047,100.493775,拍那空县,大皇宫区,星期一: 24小时营业 | 星期二: 24小时营业 | 星期三: 24小时营业 | 星期四: 24小时营业 | 星期五: 24小时营业 | 星期六: 24小时营业 | 星期日: 24小时营业,,https://earth.google.com/earth/d/1QJGa0EiX6kqHpKdYQBa7b73E-wgEdXyq?usp=sharing,,,https://maps.google.com/?cid=13078541213559586681&g_mp=CiVnb29nbGUubWFwcy5wbGFjZXMudjEuUGxhY2VzLkdldFBsYWNlEAIYBCAA
ChIJH5lSQkSZ4jARb0Nw70vrhJY,景点,Song Tham Throne Hall,พระที่นั่งทรงธรรม,buddhist_temple,佛教寺庙,4.7,15,"QG87+8MW, Nakhon Pathom Rd, Khwaeng Dusit, Khet Dusit, Krung Thep Maha Nakhon 10300",13.765869,100.514206,都实县,Dusit,星期一: 24小时营业 | 星期二: 24小时营业 | 星期三: 24小时营业 | 星期四: 24小时营业 | 星期五: 24小时营业 | 星期六: 24小时营业 | 星期日: 24小时营业,,,有洗手间|无障碍停车,,https://maps.google.com/?cid=10846052513987183471&g_mp=Cilnb29nbGUubWFwcy5wbGFjZXMudjEuUGxhY2VzLlNlYXJjaE5lYXJieRACGAQgAA
ChIJYURmDuqZ4jARsrkOlK12MFg,景点,Street Art Tung Wat Don @ Sathorn,Street Art ทุ่งวัดดอน @ สาทร,,旅游胜地,4.0,15,"Charoen Krung 57, Khwaeng Yan Nawa, Sathon, Bangkok 10120泰国",13.714898,100.516145,沙吞县,Yan Nawa,星期一 24小时营业 | 星期二 24小时营业 | 星期三 24小时营业 | 星期四 24小时营业 | 星期五 24小时营业 | 星期六 24小时营业 | 星期日 24小时营业,+66 97 002 6334,,,,https://www.google.com/maps/place/Street+Art+Tung+Wat+Don+@+Sathorn/data=!4m7!3m6!1s0x30e299ea0e664461:0x583076ad940eb9b2!8m2!3d13.7148983!4d100.5161449!16s%2Fg%2F11kq_8rgx3!19sChIJYURmDuqZ4jARsrkOlK12MFg?authuser=0&hl=zh-CN&g_ep=EgoyMDI2MDgyNS4wIJJjKgBIAVAD&rclk=1
ChIJl13Nsvae4jARpZvJt35yvmo,景点,Wat Uthai Tharam,วัดอุทัยธาราม,,佛教寺庙,4.5,15,"2 Kamphaeng Phet 7 Rd, Bang Kapi, Huai Khwang, Bangkok 10310泰国",13.750052,100.57147,汇权县,Bang Kapi,,,https://facebook.com,,,https://www.google.com/maps/place/Wat+Uthai+Tharam/data=!4m7!3m6!1s0x30e29ef6b2cd5d97:0x6abe727eb7c99ba5!8m2!3d13.7500522!4d100.5714701!16s%2Fg%2F1thxsp02!19sChIJl13Nsvae4jARpZvJt35yvmo?authuser=0&hl=zh-CN&g_ep=EgoyMDI2MDgyNS4wIJJjKgBIAVAD&rclk=1
ChIJawzAcgCZ4jARbIzGDz33xQo,景点,พระมหาเจดีย์ศรีสรรเพชดาญาณ,พระมหาเจดีย์ศรีสรรเพชดาญาณ,buddhist_temple,佛教寺庙,4.7,15,"PFWR+FXV พระบรมมหาราชวัง Khwaeng Phra Borom Maha Ratchawang, Khet Phra Nakhon, Krung Thep Maha Nakhon 10200",13.746236,100.492417,拍那空县,大皇宫区,,,,有洗手间,,https://maps.google.com/?cid=776298352421014636&g_mp=CiVnb29nbGUubWFwcy5wbGFjZXMudjEuUGxhY2VzLkdldFBsYWNlEAIYBCAA
ChIJq0LzpdaZ4jARsyleFmXcpC4,景点,สำนักปฏิบัติธรรมวัดโพธิ์,สำนักปฏิบัติธรรมวัดโพธิ์,buddhist_temple,佛教寺庙,4.7,15,"น.23 Thanon Sanam Chai, Khwaeng Phra Borom Maha Ratchawang, Khet Phra Nakhon, Krung Thep Maha Nakhon 10200",13.745629,100.492202,拍那空县,大皇宫区,,,https://www.facebook.com/watpho.meditation?mibextid=ZbWKwL,有洗手间|无障碍停车,,https://maps.google.com/?cid=3361053548650310067&g_mp=CiVnb29nbGUubWFwcy5wbGFjZXMudjEuUGxhY2VzLkdldFBsYWNlEAIYBCAA
ChIJR4KhG8WY4jARVI7JXj9Fnno,景点,哇萱蒲寺,วัดวาซวนผู่,,佛教寺庙,4.4,15,"58 Charoen Krung 42/1 Alley, Bang Rak, Bangkok 10500泰国",13.721552,100.515318,挽叻县,Bang Rak,,,,,,https://www.google.com/maps/place/%E5%93%87%E8%90%B1%E8%92%B2%E5%AF%BA/data=!4m7!3m6!1s0x30e298c51ba18247:0x7a9e453f5ec98e54!8m2!3d13.7215521!4d100.5153183!16s%2Fg%2F155qnjd8!19sChIJR4KhG8WY4jARVI7JXj9Fnno?authuser=0&hl=zh-CN&g_ep=EgoyMDI2MDgyNS4wIJJjKgBIAVAD&rclk=1
ChIJ1ZdnTwCZ4jARuxoE2_c8t4g,景点,Big Buddha Photospot,จุดชมวิวพระใหญ่,observation_deck,观景台,4.4,14,"PFCG+VMV, Talat Phlu, Thon Buri, Bangkok 10600",13.722508,100.476703,吞武里县,Wat Tha Phra,星期一: 24小时营业 | 星期二: 24小时营业 | 星期三: 24小时营业 | 星期四: 24小时营业 | 星期五: 24小时营业 | 星期六: 24小时营业 | 星期日: 24小时营业,,,,,https://maps.google.com/?cid=9851409745125317307&g_mp=Cilnb29nbGUubWFwcy5wbGFjZXMudjEuUGxhY2VzLlNlYXJjaE5lYXJieRACGAQgAA
ChIJW89rWg6Z4jAR4kT332A0obQ,景点,Chai Chumphon Hall,พระที่นั่งไชยชุมพล,historical_landmark,古迹地标,4.6,14,"QF2V+GC7, Na Phra Lan Rd, Khwaeng Phra Borom Maha Ratchawang, Khet Phra Nakhon, Krung Thep Maha Nakhon 10200",13.751281,100.493534,拍那空县,大皇宫区,星期一: 24小时营业 | 星期二: 24小时营业 | 星期三: 24小时营业 | 星期四: 24小时营业 | 星期五: 24小时营业 | 星期六: 24小时营业 | 星期日: 24小时营业,,,,,https://maps.google.com/?cid=13015741988756473058&g_mp=CiVnb29nbGUubWFwcy5wbGFjZXMudjEuUGxhY2VzLkdldFBsYWNlEAIYBCAA
ChIJaduyMh-Z4jARFamufeP78y8,景点,Queen Sunanda Kumariratana Monument,อนุสาวรีย์สมเด็จพระนางเจ้าสุนันทากุมารีรัตน์,cultural_landmark,文化地标,4.6,14,"Sai 2 Bus Terminal (Pak Khlong Talat, แขวงพระบรมมหาราชวัง เขตพระนคร กรุงเทพมหานคร 10200",13.748419,100.495351,拍那空县,大皇宫区,,,,,,https://maps.google.com/?cid=3455382293608048917&g_mp=CiVnb29nbGUubWFwcy5wbGFjZXMudjEuUGxhY2VzLkdldFBsYWNlEAIYBCAA
ChIJe9rSRiSZ4jARFK2uhwNSd3g,景点,ศูนย์การเรียนรู้ประชาธิปไตย,ศูนย์การเรียนรู้ประชาธิปไตย,museum,博物馆,4.9,14,"2 Lan Luang Rd, Khwaeng Ban Bat, Khet Pom Prap Sattru Phai, Krung Thep Maha Nakhon 10100",13.756088,100.506608,拍那空县,班巴区,,+66 2 280 3413,https://democracylearningcenter.kingprajadhipokmuseum.com/,有洗手间,,https://maps.google.com/?cid=8680496981894671636&g_mp=Cilnb29nbGUubWFwcy5wbGFjZXMudjEuUGxhY2VzLlNlYXJjaE5lYXJieRACGAQgAA
ChIJpYTP2-iZ4jARE5xeXAnWiOM,景点,Ananta Khiri Fort,ป้อมอนันตคีรี,historical_landmark,古迹地标,4.5,13,"25 Thanon Thai Wang, Khwaeng Phra Borom Maha Ratchawang, Khet Phra Nakhon, Krung Thep Maha Nakhon 10200",13.748089,100.494067,拍那空县,大皇宫区,,,https://sites.google.com/view/thailandgrandpalace/home,,,https://maps.google.com/?cid=16395589779135044627&g_mp=CiVnb29nbGUubWFwcy5wbGFjZXMudjEuUGxhY2VzLkdldFBsYWNlEAIYBCAA
ChIJJyjuiQ-Z4jARzm79X0-DhkY,景点,Mani Prakan Fort,ป้อมมณีปราการ,historical_landmark,古迹地标,4.8,12,"#15-07 The Metropolis Tower 2 Khwaeng Phra Borom Maha Ratchawang, Khet Phra Nakhon, Krung Thep Maha Nakhon 138589",13.747719,100.494057,拍那空县,大皇宫区,,,,,,https://maps.google.com/?cid=5081893606470282958&g_mp=CiVnb29nbGUubWFwcy5wbGFjZXMudjEuUGxhY2VzLkdldFBsYWNlEAIYBCAA
ChIJGYQ4Wk6Z4jARnX8CqcZ3YhA,景点,Phimanchaisri Gate,ประตูพิมานไชยศรี,historical_landmark,古迹地标,4.4,12,"Phra Borom Maha Ratchawang, Phra Nakhon, Bangkok 10200",13.750764,100.491336,拍那空县,大皇宫区,星期一: 24小时营业 | 星期二: 24小时营业 | 星期三: 24小时营业 | 星期四: 24小时营业 | 星期五: 24小时营业 | 星期六: 24小时营业 | 星期日: 24小时营业,,,,,https://maps.google.com/?cid=1180637747447234461&g_mp=CiVnb29nbGUubWFwcy5wbGFjZXMudjEuUGxhY2VzLkdldFBsYWNlEAIYBCAA
ChIJ8XGAeMqf4jARS2q9DS3eoBs,景点,Wat Hua Lamphong Rukkhaniwet Park,อุทยานวัดหัวลำโพงรักคนิเวศน์,,公园,4.3,12,"116 Soi Na Wat Hua Lamphong, Si Phraya, Bang Rak, Bangkok 10500泰国",13.730887,100.530657,挽叻县,Si Phraya,星期一 05:00-20:00 | 星期二 05:00-20:00 | 星期三 05:00-20:00 | 星期四 05:00-20:00 | 星期五 05:00-20:00 | 星期六 05:00-20:00 | 星期日 05:00-20:00,,,,,https://www.google.com/maps/place/Wat+Hua+Lamphong+Rukkhaniwet+Park/data=!4m7!3m6!1s0x30e29fca788071f1:0x1ba0de2d0dbd6a4b!8m2!3d13.7308872!4d100.530657!16s%2Fg%2F11rcq7f202!19sChIJ8XGAeMqf4jARS2q9DS3eoBs?authuser=0&hl=zh-CN&g_ep=EgoyMDI2MDgyNS4wIJJjKgBIAVAD&rclk=1
ChIJmcSYIPaZ4jARJ2kUoA_cns8,景点,Department of Lands Museum,พิพิธภัณฑ์กรมที่ดิน,museum,博物馆,4.3,11,"Bangkok Metropolitan Land Office, ชั้น 2 เลขที่ 4 Thanon Rachini, Khwaeng Phra Borom Maha Ratchawang, Khet Phra Nakhon, Krung Thep Maha Nakhon 10200",13.744156,100.496057,拍那空县,大皇宫区,星期一: 休息 | 星期二: 09:00–15:00 | 星期三: 休息 | 星期四: 休息 | 星期五: 休息 | 星期六: 休息 | 星期日: 休息,+66 2 225 5758 ext. 27,https://www.dol.go.th/museum/,有洗手间|无障碍入口|无障碍停车|无障碍洗手间,,https://maps.google.com/?cid=14960636971839678759&g_mp=CiVnb29nbGUubWFwcy5wbGFjZXMudjEuUGxhY2VzLkdldFBsYWNlEAIYBCAA
ChIJZ8voZACZ4jARejPQWOYTv7A,景点,King Rama IX (Bhumibol Adulyadej The Great) Memorial Park,อุทยานพระบรมราชานุสาวรีย์พระบาทสมเด็จพระปรมินทรมหาภูมิพลอดุลยเดชมหาราช บรมนาถบพิตร,state_park,州立公园,4.5,11,"QG79+959 สนามม้านางเลิ้งเดิม Thanon Si Ayutthaya, Khwaeng Suan Chitlada, Khet Dusit, Krung Thep Maha Nakhon 10300",13.763405,100.517978,都实县,Suan Chit Lada,,,,,,https://maps.google.com/?cid=12735920151280497530&g_mp=Cilnb29nbGUubWFwcy5wbGFjZXMudjEuUGxhY2VzLlNlYXJjaE5lYXJieRACGAQgAA
ChIJE9ePeQCZ4jAR81qyQHKPLf0,景点,Replica of Angkor Wat,นครวัดจำลอง,historical_landmark,古迹地标,5.0,11,"QF2R+PXH, Na Phra Lan Rd, Khwaeng Phra Borom Maha Ratchawang, Khet Phra Nakhon, Krung Thep Maha Nakhon 10200",13.751812,100.492497,拍那空县,大皇宫区,星期一: 08:30–15:30 | 星期二: 08:30–15:30 | 星期三: 08:30–15:30 | 星期四: 08:30–15:30 | 星期五: 08:30–15:30 | 星期六: 08:30–15:30 | 星期日: 08:30–15:30,,https://earth.google.com/earth/d/1QJGa0EiX6kqHpKdYQBa7b73E-wgEdXyq?usp=sharing,适合儿童,,https://maps.google.com/?cid=18243395386422221555&g_mp=CiVnb29nbGUubWFwcy5wbGFjZXMudjEuUGxhY2VzLkdldFBsYWNlEAIYBCAA
ChIJMw41SgCZ4jAROmvOvXlb4uA,景点,SOOK SMALL WORLD by SOOKSIAM,สุขสมอลล์เวิลด์ โดย สุขสยาม,,旅游胜地,4.9,11,"Central Region zone, 299 Charoen Nakhon 5 Alley, Khlong Ton Sai, Khlong San, Bangkok 10600 SOOKSIAM @ ICONSIAM, UG Fl, Khlong Ton Sai, Khlong San, Bangkok 10600泰国",13.726677,100.509902,空訕縣,Khlong Ton Sai,星期一 10:00-22:00 | 星期二 10:00-22:00 | 星期三 10:00-22:00 | 星期四 10:00-22:00 | 星期五 10:00-22:00 | 星期六 10:00-22:00 | 星期日 10:00-22:00,+66 2 437 0711,https://sooksiam.com,,,https://www.google.com/maps/place/SOOK+SMALL+WORLD+by+SOOKSIAM/data=!4m7!3m6!1s0x30e299004a350e33:0xe0e25b79bdce6b3a!8m2!3d13.7266769!4d100.5099018!16s%2Fg%2F11z5sqztr3!19sChIJMw41SgCZ4jAROmvOvXlb4uA?authuser=0&hl=zh-CN&g_ep=EgoyMDI2MDgyNS4wIJJjKgBIAVAD&rclk=1
ChIJB_ujkgWZ4jAR3fSOXSRI7zU,景点,The Onkarak Gate,ประตูอนงคารักษ์,historical_landmark,古迹地标,4.6,11,"PFWR+RM4, Phra Borom Maha Ratchawang, Phra Nakhon, Bangkok 10200",13.747008,100.491719,拍那空县,大皇宫区,,,,适合儿童,,https://maps.google.com/?cid=3886404324469699805&g_mp=CiVnb29nbGUubWFwcy5wbGFjZXMudjEuUGxhY2VzLkdldFBsYWNlEAIYBCAA
ChIJtUwOCQCZ4jARp3_-s4uMgyw,景点,Watprakaeomorakot,วัดพระแก้วมรกต,buddhist_temple,佛教寺庙,4.8,11,"PFXR+WJW, Phra Borom Maha Ratchawang, Phra Nakhon, Bangkok 10200",13.751819,100.492792,拍那空县,大皇宫区,,,https://earth.google.com/earth/d/1w-HmQvKE9ksUQ_Xn6dRMwgoe27_sj-8u?usp=sharing,有洗手间,,https://maps.google.com/?cid=3207561891266068391&g_mp=CiVnb29nbGUubWFwcy5wbGFjZXMudjEuUGxhY2VzLkdldFBsYWNlEAIYBCAA
ChIJJa0pCgCZ4jAR8zmzTEISLgM,景点,พระเมรุมาศ พระเมรุ,พระเมรุมาศ พระเมรุ,historical_landmark,古迹地标,4.6,11,"QF3V+P4P, Phra Borom Maha Ratchawang, Phra Nakhon, Bangkok 10200",13.75439,100.49299,拍那空县,大皇宫区,,,,适合儿童,,https://maps.google.com/?cid=229140707006429683&g_mp=Cilnb29nbGUubWFwcy5wbGFjZXMudjEuUGxhY2VzLlNlYXJjaE5lYXJieRACGAQgAA
ChIJ681gfw6Z4jARQdrjJcz248I,景点,วัดโสมนัสฯ ศาลา 5,วัดโสมนัสฯ ศาลา 5,buddhist_temple,佛教寺庙,4.5,11,"646 Krung Kasem Rd, Khwaeng Wat Sommanat, Khet Pom Prap Sattru Phai, Krung Thep Maha Nakhon 10100",13.759835,100.509798,邦巴沙都拍县,Wat Sommanat,星期一: 24小时营业 | 星期二: 24小时营业 | 星期三: 24小时营业 | 星期四: 24小时营业 | 星期五: 24小时营业 | 星期六: 24小时营业 | 星期日: 24小时营业,,,有洗手间,,https://maps.google.com/?cid=14043339419740789313&g_mp=Cilnb29nbGUubWFwcy5wbGFjZXMudjEuUGxhY2VzLlNlYXJjaE5lYXJieRACGAQgAA
ChIJAblBleyZ4jARQESEWVvdE3s,景点,แยกเรือนจำ - Ruan Cham Junction,แยกเรือนจำ - Ruan Cham Junction,park,公园,4.2,11,"PGX3+MG6, Maha Chai Rd, Khwaeng Samran Rat, Khet Phra Nakhon, Krung Thep Maha Nakhon 10200",13.749171,100.50377,拍那空县,巴杜披,星期一: 24小时营业 | 星期二: 24小时营业 | 星期三: 24小时营业 | 星期四: 24小时营业 | 星期五: 24小时营业 | 星期六: 24小时营业 | 星期日: 24小时营业,,,,,https://maps.google.com/?cid=8868675475636241472&g_mp=CiVnb29nbGUubWFwcy5wbGFjZXMudjEuUGxhY2VzLkdldFBsYWNlEAIYBCAA
ChIJ_zgNy8KY4jARN3vL7VssQGc,景点,哇素温寺,วัดสุวินทร์,,佛教寺庙,4.4,11,"2 ซอย เจริญนคร Khlong Ton Sai, Khlong San, Bangkok 10600泰国",13.724028,100.508853,空訕縣,Khlong Ton Sai,星期一 05:00-00:00 | 星期二 05:00-00:00 | 星期三 05:00-00:00 | 星期四 05:00-00:00 | 星期五 05:00-00:00 | 星期六 05:00-00:00 | 星期日 05:00-00:00,+66 2 438 1389,https://m.facebook.com,,,https://www.google.com/maps/place/%E5%93%87%E7%B4%A0%E6%B8%A9%E5%AF%BA/data=!4m7!3m6!1s0x30e298c2cb0d38ff:0x67402c5bedcb7b37!8m2!3d13.7240279!4d100.5088531!16s%2Fg%2F155qbqpf!19sChIJ_zgNy8KY4jARN3vL7VssQGc?authuser=0&hl=zh-CN&g_ep=EgoyMDI2MDgyNS4wIJJjKgBIAVAD&rclk=1
ChIJm4cUkT-Z4jARBcOmfA7I2Qo,景点,Duplicate Account - will be deleted soon. Please use Bangkok 1899 instead!,บัญชีซ้ำ - จะถูกลบเร็วๆ นี้ กรุณาใช้กรุงเทพ 1899 แทน!,cultural_landmark,文化地标,4.6,10,"134 Nakhon Sawan Rd, Khwaeng Wat Sommanat, Khet Pom Prap Sattru Phai, Krung Thep Maha Nakhon 10100",13.757347,100.508476,邦巴沙都拍县,Wat Sommanat,,,http://bangkok1899.org/,有洗手间,,https://maps.google.com/?cid=781875974871892741&g_mp=Cilnb29nbGUubWFwcy5wbGFjZXMudjEuUGxhY2VzLlNlYXJjaE5lYXJieRACGAQgAA
ChIJdzGN_d2Z4jARSC8zHVuF-V8,景点,FAZAL Unlimited,FAZAL ไม่จำกัด,art_gallery,画廊,5.0,10,"1 Thanon Bamrung Mueang, Khwaeng San Chao Pho Sua, Khet Phra Nakhon, Krung Thep Maha Nakhon 10200",13.751382,100.496496,拍那空县,虎神庙区,星期一: 休息 | 星期二: 14:00–18:00 | 星期三: 14:00–18:00 | 星期四: 14:00–18:00 | 星期五: 14:00–18:00 | 星期六: 14:00–18:00 | 星期日: 14:00–18:00,,https://thisisunlimited.com/fazal/,,,https://maps.google.com/?cid=6915705329182519112&g_mp=CiVnb29nbGUubWFwcy5wbGFjZXMudjEuUGxhY2VzLkdldFBsYWNlEAIYBCAA
ChIJC1uY-pOf4jARhR5AiSki0IA,景点,Meditation Garden in Wat Pathum Wanaram Rachaworawihan,สวนปฏิบัติธรรม วัดปทุมวนารามราชวรวิหาร,garden,花园,4.9,10,"147/6 Thanon Ratchadamri, Khwaeng Pathum Wan, Pathum Wan, Krung Thep Maha Nakhon 10330",13.747047,100.537274,巴吞旺县,Pathum Wan,星期一: 07:00–19:00 | 星期二: 07:00–19:00 | 星期三: 07:00–19:00 | 星期四: 07:00–19:00 | 星期五: 07:00–19:00 | 星期六: 08:00–18:00 | 星期日: 休息,,,,,https://maps.google.com/?cid=9281956393802276485&g_mp=Cilnb29nbGUubWFwcy5wbGFjZXMudjEuUGxhY2VzLlNlYXJjaE5lYXJieRACGAQgAA
ChIJW2-nwVuZ4jARIQ8SmFAmUqY,景点,Phra Buddha Dhammakaya Thep Mongkol,พระพุทธธรรมกายเทพมงคล,,宗教场所,4.7,10,"PFCC+GG6, Pak Nam Alley, Pak Khlong Phasi Charoen, Phasi Charoen, Bangkok 10160泰国",13.72127,100.471213,吞武里县,Pak Khlong Phasi Charoen,星期一 07:00-18:00 | 星期二 07:00-18:00 | 星期三 07:00-18:00 | 星期四 07:00-18:00 | 星期五 07:00-18:00 | 星期六 07:00-18:00 | 星期日 07:00-18:00,,https://facebook.com,,,https://www.google.com/maps/place/Phra+Buddha+Dhammakaya+Thep+Mongkol/data=!4m7!3m6!1s0x30e2995bc1a76f5b:0xa652265098120f21!8m2!3d13.7212702!4d100.4712126!16s%2Fg%2F11trq5rptx!19sChIJW2-nwVuZ4jARIQ8SmFAmUqY?authuser=0&hl=zh-CN&g_ep=EgoyMDI2MDgyNS4wIJJjKgBIAVAD&rclk=1
ChIJR2gG7wqZ4jAR3xWhJ8kDqDw,景点,Sathan Phimuk Garden,สวนสถานภิมุข,garden,花园,4.3,10,"QF4P+XMP, Siriraj, Bangkok Noi, Bangkok 10700",13.757473,100.486711,曼谷蓮縣,Sirirat,星期一: 24小时营业 | 星期二: 24小时营业 | 星期三: 24小时营业 | 星期四: 24小时营业 | 星期五: 24小时营业 | 星期六: 24小时营业 | 星期日: 24小时营业,+66 95 789 3737,,,,https://maps.google.com/?cid=4370747600851244511&g_mp=Cilnb29nbGUubWFwcy5wbGFjZXMudjEuUGxhY2VzLlNlYXJjaE5lYXJieRACGAQgAA
ChIJTYAaeQ6f4jAR5a6NbpotQSA,景点,The Church of Jesus Christ of Latter-day Saints,ศาสนจักรของพระเยซูคริสต์แห่งวิสุทธิชนยุคสุดท้าย,,教堂,4.8,10,"1645/6 Phetchaburi Rd, Makkasan, Ratchathewi, Bangkok 10400泰国",13.749955,100.562581,拉差贴威县,Makkasan,星期一 休息 | 星期二 休息 | 星期三 休息 | 星期四 休息 | 星期五 休息 | 星期六 休息 | 星期日 09:00-14:00,+66 2 021 7250,https://churchofjesuschrist.org,,,https://www.google.com/maps/place/The+Church+of+Jesus+Christ+of+Latter-day+Saints/data=!4m7!3m6!1s0x30e29f0e791a804d:0x20412d9a6e8daee5!8m2!3d13.7499552!4d100.5625807!16s%2Fg%2F11fkth9cq6!19sChIJTYAaeQ6f4jAR5a6NbpotQSA?authuser=0&hl=zh-CN&g_ep=EgoyMDI2MDgyNS4wIJJjKgBIAVAD&rclk=1
ChIJO13ugBeZ4jARZX-_q1Suc5c,景点,ลานอเนกประสงค์ใต้สะพานพระราม 8,ลานอเนกประสงค์ใต้สะพานพระราม 8,park,公园,5.0,10,"Thanon Arun Amarin, Khwaeng Bang Yi Khan, Khet Bang Phlat, Krung Thep Maha Nakhon 10700",13.769618,100.495655,挽拍县,Bang Yi Khan,星期一: 24小时营业 | 星期二: 24小时营业 | 星期三: 24小时营业 | 星期四: 24小时营业 | 星期五: 24小时营业 | 星期六: 24小时营业 | 星期日: 24小时营业,,,适合儿童,,https://maps.google.com/?cid=10913258000730783589&g_mp=Cilnb29nbGUubWFwcy5wbGFjZXMudjEuUGxhY2VzLlNlYXJjaE5lYXJieRACGAQgAA
ChIJf1BXHwCZ4jARGVP-EQrJHRk,景点,วังสมมตอมรพันธ์,วังสมมตอมรพันธ์,historical_landmark,古迹地标,4.2,10,"QG23+W9X, Samran Rat, Phra Nakhon, Bangkok 10200",13.752357,100.50349,拍那空县,巴杜披,,,,,,https://maps.google.com/?cid=1809823670361543449&g_mp=CiVnb29nbGUubWFwcy5wbGFjZXMudjEuUGxhY2VzLkdldFBsYWNlEAIYBCAA
ChIJv7S_pHyZ4jARNtHVl4ksWh4,景点,สวนพัฒน์ 1 อุรุพงษ์,สวนพัฒน์ 1 อุรุพงษ์,city_park,城市公园,4.7,10,"QG3F+66C, Soi Phaya Nak, Khwaeng Thanon Phetchaburi, Khet Ratchathewi, Krung Thep Maha Nakhon 10400",13.753058,100.523,拉差贴威县,Thanon Phetchaburi,星期一: 05:00–21:00 | 星期二: 05:00–21:00 | 星期三: 05:00–21:00 | 星期四: 05:00–21:00 | 星期五: 05:00–21:00 | 星期六: 05:00–21:00 | 星期日: 05:00–21:00,,https://bangkokhealthpark.weebly.com/,适合儿童,,https://maps.google.com/?cid=2187109538511311158&g_mp=Cilnb29nbGUubWFwcy5wbGFjZXMudjEuUGxhY2VzLlNlYXJjaE5lYXJieRACGAQgAA
ChIJv6TmBgqZ4jARXm7EaZAQnzQ,景点,Old City Wall,กำแพงเมืองเก่า,historical_landmark,古迹地标,4.4,9,"89 Maha Chai Rd, Khwaeng Wat Bowon Niwet, Khet Phra Nakhon, Krung Thep Maha Nakhon 10200",13.754694,100.505269,拍那空县,波稳尼威区,星期一: 24小时营业 | 星期二: 24小时营业 | 星期三: 24小时营业 | 星期四: 24小时营业 | 星期五: 24小时营业 | 星期六: 24小时营业 | 星期日: 24小时营业,,,适合儿童,,https://maps.google.com/?cid=3791767623705063006&g_mp=Cilnb29nbGUubWFwcy5wbGFjZXMudjEuUGxhY2VzLlNlYXJjaE5lYXJieRACGAQgAA
ChIJ39Oo7WCZ4jARTYeVIxH17u0,景点,St. Francis Xavier Church,โบสถ์เซนต์ฟรานซิสเซเวียร์,,天主教堂,4.6,9,"94 Soi Samsen 11, Wachira Phayaban, Dusit District, Bangkok 10300泰国",13.777861,100.50517,都实县,Wachira Phayaban,星期一 24小时营业 | 星期二 24小时营业 | 星期三 24小时营业 | 星期四 24小时营业 | 星期五 24小时营业 | 星期六 24小时营业 | 星期日 24小时营业,+66 2 243 0060,https://facebook.com,,,https://www.google.com/maps/place/St.+Francis+Xavier+Church/data=!4m7!3m6!1s0x30e29960eda8d3df:0xedeef5112395874d!8m2!3d13.7778612!4d100.5051698!16s%2Fg%2F1hm355b7k!19sChIJ39Oo7WCZ4jARTYeVIxH17u0?authuser=0&hl=zh-CN&g_ep=EgoyMDI2MDgyNS4wIJJjKgBIAVAD&rclk=1
ChIJ0ej72-SZ4jARM2bCHBu9l5g,景点,The Gate of Phraeng Sanphasat,ประตูแพรงสรรพสัตว์,historical_landmark,古迹地标,4.8,9,"3 Thanon Tanao, Khwaeng Sao Chingcha, Khet Phra Nakhon, Krung Thep Maha Nakhon 10200",13.753281,100.498373,拍那空县,虎神庙区,,,,,,https://maps.google.com/?cid=10995464939392624179&g_mp=Cilnb29nbGUubWFwcy5wbGFjZXMudjEuUGxhY2VzLlNlYXJjaE5lYXJieRACGAQgAA
ChIJk_tzgTiZ4jARsgLedrR1128,景点,The Pinnacle ICONSIAM,เดอะ พินนาเคิล ไอคอนสยาม,art_museum,Art museum,3.4,9,"ชั้น 8 299 Soi Charoen Nakhon 5, Khwaeng Khlong Ton Sai, Khet Khlong San, Krung Thep Maha Nakhon 10600",13.726032,100.510261,空訕縣,Khlong Ton Sai,星期一: 12:00–19:00 | 星期二: 12:00–19:00 | 星期三: 12:00–19:00 | 星期四: 12:00–19:00 | 星期五: 12:00–19:00 | 星期六: 12:00–19:00 | 星期日: 12:00–19:00,+66 2 495 7080,http://www.iconsiam.com/,适合儿童|有洗手间|无障碍入口|无障碍停车|无障碍洗手间,,https://maps.google.com/?cid=8059039476151616178&g_mp=Cilnb29nbGUubWFwcy5wbGFjZXMudjEuUGxhY2VzLlNlYXJjaE5lYXJieRACGAQgAA
ChIJQ_IMeQCZ4jARjkRSn5D--X4,景点,Wat Pho Main Entrance,ทางเข้าหลักวัดโพธิ์,buddhist_temple,佛教寺庙,4.6,9,"PFWR+HF5, Phra Borom Maha Ratchawang, Phra Nakhon, Bangkok 10200",13.746384,100.49123,拍那空县,大皇宫区,,,,有洗手间,,https://maps.google.com/?cid=9149624015081587854&g_mp=CiVnb29nbGUubWFwcy5wbGFjZXMudjEuUGxhY2VzLkdldFBsYWNlEAIYBCAA
ChIJN6L-BgCZ4jARMFa61ImxskI,景点,ซุ้มประตูมหาเฮง,ซุ้มประตูมหาเฮง,buddhist_temple,佛教寺庙,4.2,9,"2 Thanon Sanam Chai, Khwaeng Phra Borom Maha Ratchawang, Khet Phra Nakhon, Krung Thep Maha Nakhon 10200",13.746615,100.493623,拍那空县,大皇宫区,,,,有洗手间,,https://maps.google.com/?cid=4806098957895358000&g_mp=CiVnb29nbGUubWFwcy5wbGFjZXMudjEuUGxhY2VzLkdldFBsYWNlEAIYBCAA
ChIJA8h4ZGuZ4jARuAdOA1WWyBU,景点,สวน 15 นาที สี่แยกตากสิน,สวน 15 นาที สี่แยกตากสิน,state_park,国家公园,4.4,9,"PFCQ+3X2, Bukkhalo, Thon Buri, Bangkok 10600",13.720284,100.489851,吞武里县,Bukkhalo,星期一: 24小时营业 | 星期二: 24小时营业 | 星期三: 24小时营业 | 星期四: 24小时营业 | 星期五: 24小时营业 | 星期六: 24小时营业 | 星期日: 24小时营业,,https://doctorlovely.weebly.com/,适合儿童,,https://maps.google.com/?cid=1569669762010449848&g_mp=Cilnb29nbGUubWFwcy5wbGFjZXMudjEuUGxhY2VzLlNlYXJjaE5lYXJieRACGAQgAA
ChIJj66N1fqf4jARM7dcPZ_Gqd4,景点,เเยกราชประสงค์ Ratchaprasong Intersection,เเยกราชประสงค์ Ratchaprasong Intersection,cultural_landmark,文化地标,4.4,9,"PGVR+R3Q, Rama I Rd, Khwaeng Lumphini, Pathum Wan, Krung Thep Maha Nakhon 10330",13.744579,100.540248,巴吞旺县,Pathum Wan,星期一: 24小时营业 | 星期二: 24小时营业 | 星期三: 24小时营业 | 星期四: 24小时营业 | 星期五: 24小时营业 | 星期六: 24小时营业 | 星期日: 24小时营业,,,,,https://maps.google.com/?cid=16044573534715688755&g_mp=Cilnb29nbGUubWFwcy5wbGFjZXMudjEuUGxhY2VzLlNlYXJjaE5lYXJieRACGAQgAA
ChIJt31aI9BhHTERcBtKxX9RvEQ,景点,法鼓山泰國護法會,ธรรมกลองภูเขา สมาคมพิทักษ์ธรรมไทย,,佛教寺庙,4.4,9,"Phatthanakan 31/1 Alley, Khwaeng Suan Luang, Khet Suan Luang, Bangkok 10250泰国",13.738593,100.620869,萱銮县,Suan Luang,,+66 2 013 5651,https://ddm.org.tw,,,https://www.google.com/maps/place/%E6%B3%95%E9%BC%93%E5%B1%B1%E6%B3%B0%E5%9C%8B%E8%AD%B7%E6%B3%95%E6%9C%83/data=!4m7!3m6!1s0x311d61d0235a7db7:0x44bc517fc54a1b70!8m2!3d13.738593!4d100.620869!16s%2Fg%2F11sr8tc51_!19sChIJt31aI9BhHTERcBtKxX9RvEQ?authuser=0&hl=zh-CN&g_ep=EgoyMDI2MDgyNS4wIJJjKgBIAVAD&rclk=1
ChIJZ6t4oCqc4jARG387exBKL6g,景点,象神（匯款）讀音,การออกเสียง Xiangshen (โอนเงิน),,印度教寺庙,5.0,9,"QHHF+C89, Ratchadaphisek Rd, Ratchadaphisek, Din Daeng, Bangkok 10400泰国",13.778541,100.573369,汇权县,Ratchadaphisek,星期一 12:00-22:00 | 星期二 12:00-22:00 | 星期三 12:00-22:00 | 星期四 12:00-22:00 | 星期五 12:00-22:00 | 星期六 12:00-22:00 | 星期日 12:00-22:00,,,,,https://www.google.com/maps/place/%E8%B1%A1%E7%A5%9E%EF%BC%88%E5%8C%AF%E6%AC%BE%EF%BC%89%E8%AE%80%E9%9F%B3/data=!4m7!3m6!1s0x30e29c2aa078ab67:0xa82f4a107b3b7f1b!8m2!3d13.778541!4d100.573369!16s%2Fg%2F11hd7r1k7h!19sChIJZ6t4oCqc4jARG387exBKL6g?authuser=0&hl=zh-CN&g_ep=EgoyMDI2MDgyNS4wIJJjKgBIAVAD&rclk=1
ChIJWZklj1qZ4jARoi3zCbKZPZ0,景点,205 classroom whiteboard,ไวท์บอร์ดห้องเรียน 205,art_museum,Art museum,4.4,8,"88 Tri Phet Rd, Khwaeng Wang Burapha Phirom, Khet Phra Nakhon, Krung Thep Maha Nakhon 10100",13.743426,100.498074,拍那空县,三王府区,星期一: 11:00–11:50 | 星期二: 11:00–11:50 | 星期三: 11:00–11:50 | 星期四: 11:00–11:50 | 星期五: 11:00–11:50 | 星期六: 休息 | 星期日: 休息,,,,,https://maps.google.com/?cid=11330381227484196258&g_mp=CiVnb29nbGUubWFwcy5wbGFjZXMudjEuUGxhY2VzLkdldFBsYWNlEAIYBCAA
ChIJ6UgYKACZ4jARWWDjTlPfgu0,景点,Banglamphu Square,บางลำพูสแควร์,park,公园,5.0,8,"QF6X+4MG Wat Bowonniwet (Bowonniwet side, Khwaeng Wat Bowon Niwet, Khet Phra Nakhon, Krung Thep Maha Nakhon 10200",13.760304,100.499191,拍那空县,哒叻裕区,星期一: 24小时营业 | 星期二: 24小时营业 | 星期三: 24小时营业 | 星期四: 24小时营业 | 星期五: 24小时营业 | 星期六: 24小时营业 | 星期日: 24小时营业,,,适合儿童,,https://maps.google.com/?cid=17114487082860109913&g_mp=Cilnb29nbGUubWFwcy5wbGFjZXMudjEuUGxhY2VzLlNlYXJjaE5lYXJieRACGAQgAA
ChIJuzUVaACZ4jAR3aSEkDTOwKY,景点,Chao Phraya riverside promenade under Memorial Bridge,ทางเดินริมแม่น้ำเจ้าพระยาใต้สะพานพุทธ,state_park,国家公园,4.9,8,"PFQX+RWC, Wang Burapha Phirom, Phra Nakhon, Bangkok 10200",13.739573,100.499758,拍那空县,三王府区,,,,,,https://maps.google.com/?cid=12015830530982716637&g_mp=Cilnb29nbGUubWFwcy5wbGFjZXMudjEuUGxhY2VzLlNlYXJjaE5lYXJieRACGAQgAA
ChIJFxkLmeSY4jARQHWps6kmhRU,景点,ISKCON Temple in Bangkok,วัด ISKCON ในกรุงเทพฯ,,印度教寺庙,4.8,8,"428 6 Krung Thon Buri Road, Bang Lamphu Lang, Khlong San, Krung Thep Maha Nakhon 10600泰国",13.7182,100.500088,空訕縣,Bang Lamphu Lang,"星期一 04:30-12:30, 16:30-19:30 | 星期二 04:30-12:30, 16:30-19:30 | 星期三 04:30-12:30, 16:30-19:30 | 星期四 04:30-12:30, 16:30-19:30 | 星期五 04:30-12:30, 16:30-19:30 | 星期六 04:30-12:30, 16:30-19:30 | 星期日 04:30-12:30, 16:30-20:30",+66 87 332 8680,https://iskconbangkok.com,,,https://www.google.com/maps/place/ISKCON+Temple+in+Bangkok/data=!4m7!3m6!1s0x30e298e4990b1917:0x158526a9b3a97540!8m2!3d13.7182004!4d100.5000882!16s%2Fg%2F11b822bk02!19sChIJFxkLmeSY4jARQHWps6kmhRU?authuser=0&hl=zh-CN&g_ep=EgoyMDI2MDgyNS4wIJJjKgBIAVAD&rclk=1
ChIJgVENKwCZ4jARyKTbo3Hhz8s,景点,"Kopee, the Chonk Cat",โกปี้ แมวชอง,tourist_attraction,旅游胜地,5.0,8,"17, 23 Soi Tha Tian, Khwaeng Phra Borom Maha Ratchawang, Khet Phra Nakhon, Krung Thep Maha Nakhon 10200",13.745725,100.49144,拍那空县,大皇宫区,星期一: 24小时营业 | 星期二: 24小时营业 | 星期三: 24小时营业 | 星期四: 24小时营业 | 星期五: 24小时营业 | 星期六: 24小时营业 | 星期日: 24小时营业,,,,,https://maps.google.com/?cid=14686204788075111624&g_mp=CiVnb29nbGUubWFwcy5wbGFjZXMudjEuUGxhY2VzLkdldFBsYWNlEAIYBCAA
ChIJz7glig-f4jAR_3CGM4NYp3Y,景点,Live Park Rama 9 Road,ไลฟ์พาร์ค ถ.พระราม 9,,公园,5.0,8,"QH2X+5VW, Bang Kapi, Huai Khwang, Bangkok 10310泰国",13.750445,100.600074,汇权县,Bang Kapi,,,,,,https://www.google.com/maps/place/Live+Park+Rama+9+Road/data=!4m7!3m6!1s0x30e29f0f8a25b8cf:0x76a75883338670ff!8m2!3d13.7504449!4d100.6000737!16s%2Fg%2F11k9ddksjr!19sChIJz7glig-f4jAR_3CGM4NYp3Y?authuser=0&hl=zh-CN&g_ep=EgoyMDI2MDgyNS4wIJJjKgBIAVAD&rclk=1
ChIJr2RyCc6Z4jAR4W9Y78xhzhw,景点,Nav Durga Mandir Bangkok,นวทุรคา มณเฑียร กรุงเทพมหานคร,,印度教寺庙,5.0,8,"577/23 Phanitchayakan Thon Buri 9 Alley, Wat Tha Phra, Bangkok Yai, Bangkok 10600泰国",13.739796,100.466038,曼谷艾县,Wat Tha Phra,星期一 06:00-20:00 | 星期二 06:00-20:00 | 星期三 06:00-20:00 | 星期四 06:00-20:00 | 星期五 06:00-20:00 | 星期六 06:00-20:00 | 星期日 06:00-20:00,+66 89 122 4209,,,,https://www.google.com/maps/place/Nav+Durga+Mandir+Bangkok/data=!4m7!3m6!1s0x30e299ce097264af:0x1cce61ccef586fe1!8m2!3d13.7397958!4d100.4660376!16s%2Fg%2F11t5cylsxg!19sChIJr2RyCc6Z4jAR4W9Y78xhzhw?authuser=0&hl=zh-CN&g_ep=EgoyMDI2MDgyNS4wIJJjKgBIAVAD&rclk=1
ChIJRfBCG2iZ4jARp8TpV1wG4MQ,景点,Sam Phraya Park,อุทยานสามพระยา,state_park,州立公园,3.9,8,"11 Soi Sam Phraya, Khwaeng Wat Sam Phraya, Khet Phra Nakhon, Krung Thep Maha Nakhon 10200",13.76701,100.497283,拍那空县,讪披耶寺区,,,,适合儿童,,https://maps.google.com/?cid=14186345819898758311&g_mp=Cilnb29nbGUubWFwcy5wbGFjZXMudjEuUGxhY2VzLlNlYXJjaE5lYXJieRACGAQgAA
ChIJwXNoTQmZ4jAR3PBcHnhDwkk,景点,Suan Kaew,สวนแก้ว,garden,花园,4.8,8,"30 Na Phra Lan Rd, Khwaeng Phra Borom Maha Ratchawang, Khet Phra Nakhon, Krung Thep Maha Nakhon 10200",13.75277,100.490151,拍那空县,大皇宫区,,,,,,https://maps.google.com/?cid=5314884693435150556&g_mp=Cilnb29nbGUubWFwcy5wbGFjZXMudjEuUGxhY2VzLlNlYXJjaE5lYXJieRACGAQgAA
ChIJm9fULQCZ4jARrXzQ7YHlIYc,景点,บ้านตันติเวชกุล (Tantivejkul’s House),บ้านตันติเวชกุล (Tantivejkul’s House),art_gallery,画廊,4.5,8,"734, 736 Soi Wanit 2, Khwaeng Talat Noi, Khet Samphanthawong, Krung Thep Maha Nakhon 10100",13.73476,100.511593,三攀他旺县,噠叻仔區,,,,,,https://maps.google.com/?cid=9737316215555128493&g_mp=Cilnb29nbGUubWFwcy5wbGFjZXMudjEuUGxhY2VzLlNlYXJjaE5lYXJieRACGAQgAA
ChIJvXbdt6WZ4jARwr_5oVuJm3g,景点,พระวิหาร หลวงพ่อพระร่วงทองคำ,พระวิหาร หลวงพ่อพระร่วงทองคำ,buddhist_temple,佛教寺庙,4.5,8,"261 5 Thanon Tanao, Khwaeng Sao Chingcha, Khet Phra Nakhon, Krung Thep Maha Nakhon 10200",13.754456,100.499223,拍那空县,大秋千区,星期一: 08:00–17:50 | 星期二: 08:00–17:50 | 星期三: 08:00–17:50 | 星期四: 08:00–17:50 | 星期五: 08:00–17:50 | 星期六: 08:00–17:50 | 星期日: 08:00–17:50,,,有洗手间,,https://maps.google.com/?cid=8690690932594032578&g_mp=Cilnb29nbGUubWFwcy5wbGFjZXMudjEuUGxhY2VzLlNlYXJjaE5lYXJieRACGAQgAA
ChIJXZ8NSDyd4jARwuta8oUQtIM,景点,วัดพระศิวะเจ้า,วัดพระศิวะเจ้า,,印度教寺庙,5.0,8,"115 Pradiphat 21 Alley, Phaya Thai, Bangkok 10400泰国",13.792663,100.546433,拍耶泰县,Phaya Thai,星期一 09:00-00:00 | 星期二 09:00-00:00 | 星期三 09:00-00:00 | 星期四 09:00-00:00 | 星期五 09:00-00:00 | 星期六 09:00-00:00 | 星期日 休息,+66 85 377 5555,https://m.facebook.com,,,https://www.google.com/maps/place/%E0%B8%A7%E0%B8%B1%E0%B8%94%E0%B8%9E%E0%B8%A3%E0%B8%B0%E0%B8%A8%E0%B8%B4%E0%B8%A7%E0%B8%B0%E0%B9%80%E0%B8%88%E0%B9%89%E0%B8%B2/data=!4m7!3m6!1s0x30e29d3c480d9f5d:0x83b41085f25aebc2!8m2!3d13.7926633!4d100.5464331!16s%2Fg%2F11sqfqchb_!19sChIJXZ8NSDyd4jARwuta8oUQtIM?authuser=0&hl=zh-CN&g_ep=EgoyMDI2MDgyNS4wIJJjKgBIAVAD&rclk=1
ChIJFUxr57KZ4jARGkkuhh7auzs,景点,สำนักสงฆ์กั๊กฮึ้งเนี่ยมฮุกลิ้ม,สำนักสงฆ์กั๊กฮึ้งเนี่ยมฮุกลิ้ม,buddhist_temple,佛教寺庙,4.6,8,"192 ซ แม้นศรี 1 Khwaeng Khlong Maha Nak, Khet Pom Prap Sattru Phai, Krung Thep Maha Nakhon 10100",13.752587,100.510317,邦巴沙都拍县,Khlong Maha Nak,星期一: 08:00–18:00 | 星期二: 08:00–18:00 | 星期三: 08:00–18:00 | 星期四: 08:00–18:00 | 星期五: 08:00–18:00 | 星期六: 08:00–18:00 | 星期日: 08:00–18:00,+66 81 644 9397,https://www.facebook.com/%E0%B8%AA%E0%B8%B3%E0%B8%99%E0%B8%B1%E0%B8%81%E0%B8%AA%E0%B8%87%E0%B8%86%E0%B9%8C%E0%B8%81%E0%B8%B1%E0%B9%8A%E0%B8%81%E0%B8%AE%E0%B8%B6%E0%B9%89%E0%B8%87%E0%B9%80%E0%B8%99%E0%B8%B5%E0%B9%88%E0%B8%A2%E0%B8%A1%E0%B8%AE%E0%B8%B8%E0%B8%81%E0%B8%A5%E0%B8%B4%E0%B9%89%E0%B8%A1-1518288044969314/?modal=admin_todo_tour,有洗手间|无障碍停车,,https://maps.google.com/?cid=4304273693517695258&g_mp=CiVnb29nbGUubWFwcy5wbGFjZXMudjEuUGxhY2VzLkdldFBsYWNlEAIYBCAA
ChIJg5uVFgCZ4jARG0Ue-x14Dxw,景点,MIDO GALLERY BANGKOK,ไมโด้ แกลเลอรี่ กรุงเทพฯ,art_museum,Art museum,4.4,7,"734 Soi Phanu Rangsi, Khwaeng Wang Burapha Phirom, Khet Phra Nakhon, Krung Thep Maha Nakhon 10200",13.746158,100.501873,拍那空县,三王府区,星期一: 11:00–18:00 | 星期二: 11:00–18:00 | 星期三: 11:00–18:00 | 星期四: 11:00–18:00 | 星期五: 11:00–18:00 | 星期六: 11:00–18:00 | 星期日: 11:00–18:00,,,适合儿童|有洗手间,,https://maps.google.com/?cid=2021966827875091739&g_mp=CiVnb29nbGUubWFwcy5wbGFjZXMudjEuUGxhY2VzLkdldFBsYWNlEAIYBCAA
ChIJWXb2JtWZ4jARyzMDt-z_7VQ,景点,Observation Tower,หอสังเกตการณ์,historical_landmark,古迹地标,5.0,7,"เลขที่ 49-50 ถนนหน้าพระลาน แขวงพระบรมมหาราชวัง Khwaeng Wang Burapha Phirom, Khet Phra Nakhon, Krung Thep Maha Nakhon 10200",13.748093,100.502395,拍那空县,巴杜披,星期一: 04:30–21:00 | 星期二: 04:30–21:00 | 星期三: 04:30–21:00 | 星期四: 04:30–21:00 | 星期五: 04:30–21:00 | 星期六: 04:30–21:00 | 星期日: 04:30–21:00,,,,,https://maps.google.com/?cid=6119828860814177227&g_mp=CiVnb29nbGUubWFwcy5wbGFjZXMudjEuUGxhY2VzLkdldFBsYWNlEAIYBCAA
ChIJVfgvAGqZ4jARHITMd3WtF1s,景点,Street Art,สตรีทอาร์ต,,旅游胜地,3.6,7,"327 พัฒนาการ Pak Khlong Phasi Charoen, Phasi Charoen, Bangkok 10160泰国",13.718288,100.458852,帕世乍能县,Pak Khlong Phasi Charoen,,,,,,https://www.google.com/maps/place/Street+Art/data=!4m7!3m6!1s0x30e2996a002ff855:0x5b17ad7577cc841c!8m2!3d13.7182875!4d100.4588516!16s%2Fg%2F11mv9x9t8d!19sChIJVfgvAGqZ4jARHITMd3WtF1s?authuser=0&hl=zh-CN&g_ep=EgoyMDI2MDgyNS4wIJJjKgBIAVAD&rclk=1
ChIJM0pJ05GZ4jART_a4hRNccKA,景点,Viharn Luang Pho To,วิหารหลวงพ่อโต,buddhist_temple,佛教寺庙,4.3,7,"344 Thanon Chakkraphatdi Phong, Khwaeng Ban Bat, Khet Pom Prap Sattru Phai, Krung Thep Maha Nakhon 10100",13.754308,100.506791,邦巴沙都拍县,班巴区,,,,有洗手间,,https://maps.google.com/?cid=11560841482377688655&g_mp=Cilnb29nbGUubWFwcy5wbGFjZXMudjEuUGxhY2VzLlNlYXJjaE5lYXJieRACGAQgAA
ChIJmb4Smn6Z4jARKXCfpQDKOTU,景点,พระวิหารน้อยโพธิ์ลังกา วัดมหาธาตุท่าพระจันทร์,พระวิหารน้อยโพธิ์ลังกา วัดมหาธาตุท่าพระจันทร์,buddhist_temple,佛教寺庙,4.6,7,"3 Soi Na Phra That, Khwaeng Phra Borom Maha Ratchawang, Khet Phra Nakhon, Krung Thep Maha Nakhon 10200",13.75531,100.491735,拍那空县,大皇宫区,星期一: 07:00–18:00 | 星期二: 07:00–18:00 | 星期三: 07:00–18:00 | 星期四: 07:00–18:00 | 星期五: 07:00–18:00 | 星期六: 07:00–18:00 | 星期日: 07:00–18:00,,https://watthailandbuddhanayo.blogspot.com/,有洗手间,,https://maps.google.com/?cid=3835318661810188329&g_mp=Cilnb29nbGUubWFwcy5wbGFjZXMudjEuUGxhY2VzLlNlYXJjaE5lYXJieRACGAQgAA
ChIJB7l4QwCZ4jARWG-KyHCNpFU,景点,สะพาน3dPrint โดย SCG,สะพาน3dPrint โดย SCG,tourist_attraction,旅游胜地,4.6,7,"ถ. คนเดินคลองโอ่งอ่าง Khwaeng Wang Burapha Phirom, Khet Phra Nakhon, Krung Thep Maha Nakhon 10100",13.746043,100.503682,三攀他旺县,三王府区,星期一: 24小时营业 | 星期二: 24小时营业 | 星期三: 24小时营业 | 星期四: 24小时营业 | 星期五: 24小时营业 | 星期六: 24小时营业 | 星期日: 24小时营业,,,,,https://maps.google.com/?cid=6171212904944791384&g_mp=CiVnb29nbGUubWFwcy5wbGFjZXMudjEuUGxhY2VzLkdldFBsYWNlEAIYBCAA
ChIJcafNnYue4jARrf4vdUFBhPs,景点,泰佛寺,วัดไทโพธิ์,,佛教寺庙,4.3,7,"91 Soi Rong Phayaban Phra Ram 9, Bang Kapi, Huai Khwang, Bangkok 10310泰国",13.753804,100.570713,汇权县,Bang Kapi,星期一 09:00-21:00 | 星期二 09:00-21:00 | 星期三 09:00-21:00 | 星期四 09:00-21:00 | 星期五 09:00-21:00 | 星期六 09:00-21:00 | 星期日 09:00-21:00,+66 2 641 4119,https://ctcmbkk.org,,,https://www.google.com/maps/place/%E6%B3%B0%E4%BD%9B%E5%AF%BA/data=!4m7!3m6!1s0x30e29e8b9dcda771:0xfb844141752ffead!8m2!3d13.7538036!4d100.5707131!16s%2Fg%2F1pty_mjtw!19sChIJcafNnYue4jARrf4vdUFBhPs?authuser=0&hl=zh-CN&g_ep=EgoyMDI2MDgyNS4wIJJjKgBIAVAD&rclk=1
ChIJC2FKSWDTHTERAvoAqukVoRQ,景点,987 Art Shop,ร้าน 987 อาร์ท,art_museum,Art museum,3.0,6,"987 Art Shop เลขที่ 9 Soi Kasem San 2, Khwaeng Wang Mai, Pathum Wan, Krung Thep Maha Nakhon 10330",13.748388,100.528852,巴吞旺县,Wang Mai,星期一: 09:00–18:00 | 星期二: 09:00–18:00 | 星期三: 09:00–18:00 | 星期四: 09:00–18:00 | 星期五: 09:00–18:00 | 星期六: 09:00–18:00 | 星期日: 09:00–18:00,+66 64 161 5665,https://www.facebook.com/sw6871?mibextid=LQQJ4d,适合儿童|有洗手间,,https://maps.google.com/?cid=1486493445332728322&g_mp=Cilnb29nbGUubWFwcy5wbGFjZXMudjEuUGxhY2VzLlNlYXJjaE5lYXJieRACGAQgAA
ChIJj6hTtkyZ4jARTudixnbAj38,景点,King Rama IV Monument,อนุสาวรีย์รัชกาลที่ 4,monument,纪念碑,4.7,6,"75/7 Thanon Yothi, Khwaeng Thung Phaya Thai, Khet Ratchathewi, Krung Thep Maha Nakhon 10400",13.764577,100.529096,拉差贴威县,Thung Phaya Thai,,,,适合儿童|无障碍入口,,https://maps.google.com/?cid=9191776980853516110&g_mp=Cilnb29nbGUubWFwcy5wbGFjZXMudjEuUGxhY2VzLlNlYXJjaE5lYXJieRACGAQgAA
ChIJQwiy79uZ4jAR7h264hGMq6g,景点,Pahurat intersection,แยกพาหุรัด,tourist_attraction,旅游胜地,4.3,6,"PFWX+3P9, Tri Phet Rd, Khwaeng Wang Burapha Phirom, Khet Phra Nakhon, Krung Thep Maha Nakhon 10200",13.745152,100.499368,拍那空县,三王府区,星期一: 24小时营业 | 星期二: 24小时营业 | 星期三: 24小时营业 | 星期四: 24小时营业 | 星期五: 24小时营业 | 星期六: 24小时营业 | 星期日: 24小时营业,,,,,https://maps.google.com/?cid=12153962027835596270&g_mp=CiVnb29nbGUubWFwcy5wbGFjZXMudjEuUGxhY2VzLkdldFBsYWNlEAIYBCAA
ChIJ9d9HQACf4jARl6rSnIwddJ0,景点,Shiva Devalaya @BigC Ratchadamri@ சிவாலயம்,ศิวะเทวาลัย @บิ๊กซี ราชดำริ@ ศิวาลัย,,印度教寺庙,4.9,6,"Big C Supercenter, Ratchadamri Rd, Khwaeng Lumphini, Pathum Wan, Bangkok 10330泰国",13.74731,100.541114,巴吞旺县,Lumphini,星期一 09:00-20:00 | 星期二 09:00-20:00 | 星期三 09:00-20:00 | 星期四 09:00-20:00 | 星期五 09:00-20:00 | 星期六 09:00-20:00 | 星期日 09:00-20:00,,,,,https://www.google.com/maps/place/Shiva+Devalaya+@BigC+Ratchadamri@+%E0%AE%9A%E0%AE%BF%E0%AE%B5%E0%AE%BE%E0%AE%B2%E0%AE%AF%E0%AE%AE%E0%AF%8D/data=!4m7!3m6!1s0x30e29f004047dff5:0x9d741d8c9cd2aa97!8m2!3d13.7473098!4d100.541114!16s%2Fg%2F11whwshh2s!19sChIJ9d9HQACf4jARl6rSnIwddJ0?authuser=0&hl=zh-CN&g_ep=EgoyMDI2MDgyNS4wIJJjKgBIAVAD&rclk=1
ChIJU0ww6FljHTER3JJwlArrezQ,景点,Siam Park Bangkok World Market,สยามปาร์ค กรุงเทพฯ เวิลด์มาร์เก็ต,,市场,5.0,6,"60/1 Suan Sayam Rd, Khan Na Yao, Bangkok 10230泰国",13.805904,100.692051,汉那尧县,Khan Na Yao,星期一 10:00-22:00 | 星期二 10:00-22:00 | 星期三 10:00-22:00 | 星期四 10:00-22:00 | 星期五 10:00-22:00 | 星期六 10:00-22:00 | 星期日 10:00-22:00,,https://facebook.com,,,https://www.google.com/maps/place/Siam+Park+Bangkok+World+Market/data=!4m7!3m6!1s0x311d6359e8304c53:0x347beb0a947092dc!8m2!3d13.8059038!4d100.6920513!16s%2Fg%2F11jybgwjbd!19sChIJU0ww6FljHTER3JJwlArrezQ?authuser=0&hl=zh-CN&g_ep=EgoyMDI2MDgyNS4wIJJjKgBIAVAD&rclk=1
ChIJ6Y8zcgCZ4jAR5JUeq7Yg1YY,景点,Wat Benchamabophit,วัดเบญจมบพิตร,historical_landmark,历史地标,4.5,6,"69 Nakhon Pathom Rd, Khwaeng Dusit, Khet Dusit, Krung Thep Maha Nakhon 10300",13.765276,100.513403,都实县,Dusit,,,,,,https://maps.google.com/?cid=9715707740048758244&g_mp=Cilnb29nbGUubWFwcy5wbGFjZXMudjEuUGxhY2VzLlNlYXJjaE5lYXJieRACGAQgAA
ChIJ_-etBACZ4jARmyxjnYifetw,景点,Wingo Memorial Park (Palm Park),อุทยานอนุสรณ์ Wingo (สวนปาล์ม),garden,花园,5.0,6,"曼谷都会区 Bang Rak, 曼谷PGCF+H44邮政编码: 10500",13.721387,100.522828,沙吞县,是隆,,,,,,https://maps.google.com/?cid=15887186044607736987&g_mp=Cilnb29nbGUubWFwcy5wbGFjZXMudjEuUGxhY2VzLlNlYXJjaE5lYXJieRACGAQgAA
ChIJ22KaKnKZ4jAR_9yqGvHIYfw,景点,ตึกดอกไม้ (อาคารโบราณถนนทรงวาด),ตึกดอกไม้ (อาคารโบราณถนนทรงวาด),,旅游胜地,4.3,6,"937 939 Song Wat Rd, Khwaeng Samphanthawong, Samphanthawong, Bangkok 10100泰国",13.73813,100.50761,三攀他旺县,Samphanthawong,,,,,,https://www.google.com/maps/place/%E0%B8%95%E0%B8%B6%E0%B8%81%E0%B8%94%E0%B8%AD%E0%B8%81%E0%B9%84%E0%B8%A1%E0%B9%89+%28%E0%B8%AD%E0%B8%B2%E0%B8%84%E0%B8%B2%E0%B8%A3%E0%B9%82%E0%B8%9A%E0%B8%A3%E0%B8%B2%E0%B8%93%E0%B8%96%E0%B8%99%E0%B8%99%E0%B8%97%E0%B8%A3%E0%B8%87%E0%B8%A7%E0%B8%B2%E0%B8%94%29/data=!4m7!3m6!1s0x30e299722a9a62db:0xfc61c8f11aaadcff!8m2!3d13.7381302!4d100.5076095!16s%2Fg%2F11l6r5k57_!19sChIJ22KaKnKZ4jAR_9yqGvHIYfw?authuser=0&hl=zh-CN&g_ep=EgoyMDI2MDgyNS4wIJJjKgBIAVAD&rclk=1
ChIJN-v33QyZ4jARQtQk7mnHUCs,景点,บ้านดิเรกดำรงค์,บ้านดิเรกดำรงค์,art_gallery,画廊,4.7,6,"Thanon Damrong Rak, Khwaeng Ban Bat, Khet Pom Prap Sattru Phai, Krung Thep Maha Nakhon 10100",13.755406,100.50758,邦巴沙都拍县,班巴区,星期一: 09:00–16:00 | 星期二: 09:00–16:00 | 星期三: 休息 | 星期四: 09:00–16:00 | 星期五: 09:00–16:00 | 星期六: 09:00–16:00 | 星期日: 09:00–16:00,+66 65 632 6569,,有洗手间|外带|配送|堂食,,https://maps.google.com/?cid=3121213799548638274&g_mp=Cilnb29nbGUubWFwcy5wbGFjZXMudjEuUGxhY2VzLlNlYXJjaE5lYXJieRACGAQgAA
ChIJsUjRW2aZ4jAR_bDXR5orjBU,景点,พิฆเนศวรเทวาลัย กรุงเทพฯ,พิฆเนศวรเทวาลัย กรุงเทพฯ,,印度教寺庙,5.0,6,"Phran Nok Phutthamonthon Sai 4 Rd, Bang Khun Si, Bangkok Noi, Bangkok 10700泰国",13.75468,100.46737,曼谷蓮縣,Bang Khun Si,,,,,,https://www.google.com/maps/place/%E0%B8%9E%E0%B8%B4%E0%B8%86%E0%B9%80%E0%B8%99%E0%B8%A8%E0%B8%A7%E0%B8%A3%E0%B9%80%E0%B8%97%E0%B8%A7%E0%B8%B2%E0%B8%A5%E0%B8%B1%E0%B8%A2+%E0%B8%81%E0%B8%A3%E0%B8%B8%E0%B8%87%E0%B9%80%E0%B8%97%E0%B8%9E%E0%B8%AF/data=!4m7!3m6!1s0x30e299665bd148b1:0x158c2b9a47d7b0fd!8m2!3d13.7546797!4d100.4673696!16s%2Fg%2F11nyqhmd32!19sChIJsUjRW2aZ4jAR_bDXR5orjBU?authuser=0&hl=zh-CN&g_ep=EgoyMDI2MDgyNS4wIJJjKgBIAVAD&rclk=1
ChIJk5GDAgCZ4jARiHvW22Fr93Y,景点,มิวเซียมวัดโพธิ์,มิวเซียมวัดโพธิ์,museum,博物馆,4.7,6,"曼谷都会区 Phra Nakhon, 曼谷PFWV+69邮政编码: 10200",13.745563,100.493437,拍那空县,大皇宫区,,,https://www.tiktok.com/@museumwatpho/photo/7621497800408255752,适合儿童,,https://maps.google.com/?cid=8572438483767294856&g_mp=CiVnb29nbGUubWFwcy5wbGFjZXMudjEuUGxhY2VzLkdldFBsYWNlEAIYBCAA
ChIJe5pF1oeZ4jARNYzVQidFj80,景点,ศาลาการเปรียญ วัดสระเกศราชวรมหาวิหาร,ศาลาการเปรียญ วัดสระเกศราชวรมหาวิหาร,buddhist_temple,佛教寺庙,5.0,6,"344 Thanon Chakkraphatdi Phong, Khwaeng Ban Bat, Khet Pom Prap Sattru Phai, Krung Thep Maha Nakhon 10100",13.753808,100.506593,邦巴沙都拍县,班巴区,,,,有洗手间,,https://maps.google.com/?cid=14812133734372183093&g_mp=Cilnb29nbGUubWFwcy5wbGFjZXMudjEuUGxhY2VzLlNlYXJjaE5lYXJieRACGAQgAA
ChIJPeNGt35nHTERBb6N6iroABI,景点,หลักแบ่งเขตกรุงเทพ,หลักแบ่งเขตกรุงเทพ,,旅游胜地,3.8,6,"21 Lat Krabang 14/1 Alley, Bangkok, Lat Krabang, Krung Thep Maha Nakhon 10520泰国",13.718393,100.716225,叻甲挽县,Lat Krabang,,,,,,https://www.google.com/maps/place/%E0%B8%AB%E0%B8%A5%E0%B8%B1%E0%B8%81%E0%B9%81%E0%B8%9A%E0%B9%88%E0%B8%87%E0%B9%80%E0%B8%82%E0%B8%95%E0%B8%81%E0%B8%A3%E0%B8%B8%E0%B8%87%E0%B9%80%E0%B8%97%E0%B8%9E/data=!4m7!3m6!1s0x311d677eb746e33d:0x1200e82aea8dbe05!8m2!3d13.7183933!4d100.7162246!16s%2Fg%2F11sk2rb26_!19sChIJPeNGt35nHTERBb6N6iroABI?authuser=0&hl=zh-CN&g_ep=EgoyMDI2MDgyNS4wIJJjKgBIAVAD&rclk=1
ChIJu0ZobACf4jARzuRuABJ5Yu8,景点,曼谷静心学堂 Mindful Peace Bangkok,สติ พีซ กรุงเทพฯ,,佛教寺庙,4.7,6,"泰国 Bangkok, Huai Khwang, Krung Thep Maha Nakhon, Rama IX Soi 7, 邮政编码: 10310",13.756504,100.570046,汇权县,Huai Khwang,星期一 休息 | 星期二 07:00-21:00 | 星期三 07:00-21:00 | 星期四 07:00-21:00 | 星期五 07:00-21:00 | 星期六 07:00-21:00 | 星期日 07:00-21:00,+66 98 222 9150,https://mindfulpeace.org,,,https://www.google.com/maps/place/%E6%9B%BC%E8%B0%B7%E9%9D%99%E5%BF%83%E5%AD%A6%E5%A0%82+Mindful+Peace+Bangkok/data=!4m7!3m6!1s0x30e29f006c6846bb:0xef627912006ee4ce!8m2!3d13.7565044!4d100.5700455!16s%2Fg%2F11x5kk5mgx!19sChIJu0ZobACf4jARzuRuABJ5Yu8?authuser=0&hl=zh-CN&g_ep=EgoyMDI2MDgyNS4wIJJjKgBIAVAD&rclk=1
ChIJIYed0qaf4jARS26jfEoj5IE,景点,All Nations Church Bangkok,คริสตจักรออลเนชั่นกรุงเทพ,,新教教堂,5.0,5,"328 Phaya Thai Rd, Thanon Phetchaburi, Ratchathewi, Bangkok 10400泰国",13.750519,100.530696,巴吞旺县,Thanon Phetchaburi,星期一 休息 | 星期二 休息 | 星期三 休息 | 星期四 休息 | 星期五 休息 | 星期六 休息 | 星期日 10:00-13:00,+66 96 735 7375,https://instagram.com,,,https://www.google.com/maps/place/All+Nations+Church+Bangkok/data=!4m7!3m6!1s0x30e29fa6d29d8721:0x81e4234a7ca36e4b!8m2!3d13.7505189!4d100.5306959!16s%2Fg%2F11flbwbzrl!19sChIJIYed0qaf4jARS26jfEoj5IE?authuser=0&hl=zh-CN&g_ep=EgoyMDI2MDgyNS4wIJJjKgBIAVAD&rclk=1
ChIJvzexf9Ke4jARAQf_qyz6V_0,景点,LifeChurch Bangkok - Siam,คริสตจักรไลฟ์เชิร์ชกรุงเทพ-สยาม,,教堂,5.0,5,"7th Floor, Siam Square One, 238 Rama I Rd, Khwaeng Pathum Wan, Pathum Wan, Bangkok 10330泰国",13.744965,100.533881,巴吞旺县,Pathum Wan,星期一 休息 | 星期二 休息 | 星期三 休息 | 星期四 休息 | 星期五 休息 | 星期六 休息 | 星期日 10:30-12:00,,https://lifecenter.asia,,,https://www.google.com/maps/place/LifeChurch+Bangkok+-+Siam/data=!4m7!3m6!1s0x30e29ed27fb137bf:0xfd57fa2cabff0701!8m2!3d13.7449649!4d100.5338814!16s%2Fg%2F11df7ln5jx!19sChIJvzexf9Ke4jARAQf_qyz6V_0?authuser=0&hl=zh-CN&g_ep=EgoyMDI2MDgyNS4wIJJjKgBIAVAD&rclk=1
ChIJOWCmTSmf4jARKtfLZy7_2i4,景点,"Reefscape Asia Aquatic Services Co., Ltd",บริษัท รีฟสเคป เอเชีย อควาติก เซอร์วิส จำกัด,aquarium,水族馆,3.4,5,"Lvl 8 & 9 Zuellig House, 1 Silom Road, แขวงสีลม Bang Rak, Bangkok 10500",13.728896,100.536061,挽叻县,是隆,星期一: 09:00–17:00 | 星期二: 09:00–17:00 | 星期三: 09:00–17:00 | 星期四: 09:00–17:00 | 星期五: 09:00–17:00 | 星期六: 休息 | 星期日: 休息,+66 2 231 8418,,适合儿童,,https://maps.google.com/?cid=3376291445442598698&g_mp=Cilnb29nbGUubWFwcy5wbGFjZXMudjEuUGxhY2VzLlNlYXJjaE5lYXJieRACGAQgAA
ChIJ3b3zYu6e4jARpMMSRUEVkl8,景点,Saint Don Bosco Church Bangkok,คริสตจักรนักบุญดอนบอสโก กรุงเทพฯ,,天主教堂,4.8,5,"1643/3 Phetchaburi Rd, Makkasan, Ratchathewi, Bangkok 10400泰国",13.749844,100.56052,拉差贴威县,Makkasan,"星期一 休息 | 星期二 休息 | 星期三 休息 | 星期四 休息 | 星期五 休息 | 星期六 18:00-19:00 | 星期日 07:00-08:00, 09:30-10:30",+66 2 652 9625,https://facebook.com,,,https://www.google.com/maps/place/Saint+Don+Bosco+Church+Bangkok/data=!4m7!3m6!1s0x30e29eee62f3bddd:0x5f9215414512c3a4!8m2!3d13.7498437!4d100.5605197!16s%2Fg%2F11c5q89wn0!19sChIJ3b3zYu6e4jARpMMSRUEVkl8?authuser=0&hl=zh-CN&g_ep=EgoyMDI2MDgyNS4wIJJjKgBIAVAD&rclk=1
ChIJwdO8PgCZ4jARscKEQDrfhV4,景点,Sunset rajinee pier,ซันเซ็ทท่าเรือราชินี,tourist_attraction,旅游胜地,4.2,5,"PFRV+PPR, Phra Borom Maha Ratchawang, Phra Nakhon, Bangkok 10200",13.741865,100.494254,拍那空县,大皇宫区,,,,适合儿童,,https://maps.google.com/?cid=6811095452751282865&g_mp=CiVnb29nbGUubWFwcy5wbGFjZXMudjEuUGxhY2VzLkdldFBsYWNlEAIYBCAA
ChIJW4DBwrWe4jARW915FqaN4yU,景点,Wat Ditsahongsaram (Wat Makkasan),วัดดิศโหงศาราม (วัดมักกะสัน),,佛教寺庙,4.1,5,"509 Phetchaburi Rd, Makkasan, Ratchathewi, Bangkok 10400泰国",13.748743,100.551167,拉差贴威县,Makkasan,星期一 04:30-21:30 | 星期二 04:30-21:30 | 星期三 04:30-21:30 | 星期四 04:30-21:30 | 星期五 04:30-21:30 | 星期六 04:30-21:30 | 星期日 04:30-21:30,+66 2 251 3507,https://facebook.com,,,https://www.google.com/maps/place/Wat+Ditsahongsaram+%28Wat+Makkasan%29/data=!4m7!3m6!1s0x30e29eb5c2c1805b:0x25e38da61679dd5b!8m2!3d13.7487425!4d100.5511668!16s%2Fg%2F1pzwshqcm!19sChIJW4DBwrWe4jARW915FqaN4yU?authuser=0&hl=zh-CN&g_ep=EgoyMDI2MDgyNS4wIJJjKgBIAVAD&rclk=1
ChIJcUebUQCZ4jAROW9-HxnP11E,景点,Wat Mangkon Guard Cat,แมวเฝ้าวัดมังกร,tourist_attraction,旅游胜地,5.0,5,"530 Wat Mangkon, Khwaeng Samphanthawong, Khet Samphanthawong, Krung Thep Maha Nakhon 10100",13.742001,100.51022,三攀他旺县,Samphanthawong,,,,,,https://maps.google.com/?cid=5897409943874465593&g_mp=CiVnb29nbGUubWFwcy5wbGFjZXMudjEuUGxhY2VzLkdldFBsYWNlEAIYBCAA
ChIJx40aEr2Z4jARK_js0M9S-9U,景点,กวงเม้งเจ็งเสี่ย,กวงเม้งเจ็งเสี่ย,buddhist_temple,佛教寺庙,5.0,5,"149 Worachak Rd, Khwaeng Wat Thepsirin, Khet Pom Prap Sattru Phai, Krung Thep Maha Nakhon 10100",13.749882,100.508365,邦巴沙都拍县,Wat Thep Sirin,星期一: 07:30–16:00 | 星期二: 07:30–16:00 | 星期三: 07:30–16:00 | 星期四: 07:30–16:00 | 星期五: 07:30–16:00 | 星期六: 07:30–16:00 | 星期日: 07:30–16:00,+66 80 241 5539,,有洗手间,,https://maps.google.com/?cid=15419008801749923883&g_mp=CiVnb29nbGUubWFwcy5wbGFjZXMudjEuUGxhY2VzLkdldFBsYWNlEAIYBCAA
ChIJpdmgXQCZ4jARwC521jv8dUU,景点,พระอุโบสถวัดราชนัดดาวรวิหาร,พระอุโบสถวัดราชนัดดาวรวิหาร,buddhist_temple,佛教寺庙,5.0,5,"70 Maha Chai Rd, Khwaeng Wat Bowon Niwet, Khet Phra Nakhon, Krung Thep Maha Nakhon 10200",13.754739,100.504585,拍那空县,波稳尼威区,,,,有洗手间,,https://maps.google.com/?cid=5005183894823513792&g_mp=Cilnb29nbGUubWFwcy5wbGFjZXMudjEuUGxhY2VzLlNlYXJjaE5lYXJieRACGAQgAA
ChIJf9p0IwCZ4jARef6pNhDGNlQ,景点,พิพิธภัณฑ์เฉลิมพระเกียรติหกรอบ ร.9 หอสมุดสมเด็จ ว.ผ.ต.,พิพิธภัณฑ์เฉลิมพระเกียรติหกรอบ ร.9 หอสมุดสมเด็จ ว.ผ.ต.,museum,博物馆,5.0,5,"2 Thanon Sanam Chai, Khwaeng Phra Borom Maha Ratchawang, Khet Phra Nakhon, Krung Thep Maha Nakhon 10200",13.745589,100.493429,拍那空县,大皇宫区,星期一: 08:30–16:30 | 星期二: 08:30–16:30 | 星期三: 08:30–16:30 | 星期四: 08:30–16:30 | 星期五: 08:30–16:30 | 星期六: 08:30–16:30 | 星期日: 08:30–16:30,,,适合儿童,,https://maps.google.com/?cid=6068255320867208825&g_mp=CiVnb29nbGUubWFwcy5wbGFjZXMudjEuUGxhY2VzLkdldFBsYWNlEAIYBCAA
ChIJtfwWWwCZ4jAREtkRQbukFsk,景点,ศาลาทิศปัญจวัคคีย์,ศาลาทิศปัญจวัคคีย์,buddhist_temple,佛教寺庙,5.0,5,"PFWV+C98, Thanon Maha Rat, Khwaeng Phra Borom Maha Ratchawang, Khet Phra Nakhon, Krung Thep Maha Nakhon 10200",13.746045,100.49346,拍那空县,大皇宫区,,,,有洗手间,,https://maps.google.com/?cid=14489949975268677906&g_mp=CiVnb29nbGUubWFwcy5wbGFjZXMudjEuUGxhY2VzLkdldFBsYWNlEAIYBCAA
ChIJPX8zOACZ4jARyAE18GwXKJQ,景点,ဘာပက်ဏာံ,ช่างเป็นมาตรฐาน,,佛教寺庙,4.8,5,"PFCC+88G, Pak Khlong Phasi Charoen, Phasi Charoen, Bangkok 10600泰国",13.720948,100.470736,帕世乍能县,Pak Khlong Phasi Charoen,星期一 08:00-18:00 | 星期二 08:00-18:00 | 星期三 08:00-18:00 | 星期四 08:00-18:00 | 星期五 08:00-18:00 | 星期六 08:00-18:00 | 星期日 08:00-18:00,,,,,https://www.google.com/maps/place/%E1%80%98%E1%80%AC%E1%80%95%E1%80%80%E1%80%BA%E1%80%8F%E1%80%AC%E1%80%B6/data=!4m7!3m6!1s0x30e2990038337f3d:0x9428176cf03501c8!8m2!3d13.7209484!4d100.4707361!16s%2Fg%2F11wtztslpp!19sChIJPX8zOACZ4jARyAE18GwXKJQ?authuser=0&hl=zh-CN&g_ep=EgoyMDI2MDgyNS4wIJJjKgBIAVAD&rclk=1
ChIJ1cDFvQqZ4jAR7pNZfzG6AAE,景点,왓포 북쪽 입구,ทางเข้าวัดโพธิ์ทิศเหนือ,buddhist_temple,佛教寺庙,4.6,5,"PFWR+PPH, Phra Borom Maha Ratchawang, Phra Nakhon, Bangkok 10200",13.746804,100.491849,拍那空县,大皇宫区,,,,,,https://maps.google.com/?cid=72262315790668782&g_mp=CiVnb29nbGUubWFwcy5wbGFjZXMudjEuUGxhY2VzLkdldFBsYWNlEAIYBCAA
ChIJCwSNuZuZ4jARmpVVVaAcUWM,景点,Baan Nang Loeng,บ้านนางเลิ้ง,museum,博物馆,4.8,4,"137 Lan Luang Rd, Khwaeng Wat Sommanat, Khet Pom Prap Sattru Phai, Krung Thep Maha Nakhon 10100",13.756666,100.511197,邦巴沙都拍县,Wat Sommanat,星期一: 10:00–16:00 | 星期二: 10:00–16:00 | 星期三: 10:00–16:00 | 星期四: 10:00–16:00 | 星期五: 10:00–16:00 | 星期六: 10:00–16:00 | 星期日: 10:00–16:00,+66 81 622 9885,https://www.facebook.com/BaanNanglerng,适合儿童|有洗手间,,https://maps.google.com/?cid=7156532757820446106&g_mp=Cilnb29nbGUubWFwcy5wbGFjZXMudjEuUGxhY2VzLlNlYXJjaE5lYXJieRACGAQgAA
ChIJT3Nc87GZ4jARGTx9Sh0x1j8,景点,Donate Coffin Temple,บริจาควัดโลงศพ,,佛教寺庙,4.7,4,"PGJH+WGH, Lang Wat Hua Lumphong Alley, Si Phraya, Bang Rak, Bangkok 10500泰国",13.732305,100.528869,挽叻县,Si Phraya,,,,,,https://www.google.com/maps/place/Donate+Coffin+Temple/data=!4m7!3m6!1s0x30e299b1f35c734f:0x3fd6311d4a7d3c19!8m2!3d13.732305!4d100.528869!16s%2Fg%2F11fj4c52xn!19sChIJT3Nc87GZ4jARGTx9Sh0x1j8?authuser=0&hl=zh-CN&g_ep=EgoyMDI2MDgyNS4wIJJjKgBIAVAD&rclk=1
ChIJ6WbG43eZ4jARgz6pWs2CRZk,景点,INFINITY FOREST@ICONSIAM,อินฟินิตี้ ฟอเรสต์@ไอคอนสยาม,observation_deck,观景台,5.0,4,"299 Soi Charoen Nakhon 5, Khwaeng Khlong Ton Sai, Khet Khlong San, Krung Thep Maha Nakhon 10600",13.727125,100.510337,空訕縣,Khlong Ton Sai,星期一: 00:00–22:00 | 星期二: 00:00–22:00 | 星期三: 00:00–22:00 | 星期四: 00:00–22:00 | 星期五: 00:00–22:00 | 星期六: 00:00–22:00 | 星期日: 00:00–22:00,,,适合儿童,,https://maps.google.com/?cid=11044377479696957059&g_mp=Cilnb29nbGUubWFwcy5wbGFjZXMudjEuUGxhY2VzLlNlYXJjaE5lYXJieRACGAQgAA
ChIJveHbaeqb4jARi2Ap66okBhA,景点,Kiddyland,คิดดี้แลนด์,amusement_center,主题公园,2.0,4,"Tesco Lotus, Bang Phlat, Bangkok 10700泰国",13.787877,100.502569,挽拍县,Bang Phlat,,,,适合儿童,,https://www.google.com/maps/place/Kiddyland/data=!4m7!3m6!1s0x30e29bea69dbe1bd:0x100624aaeb29608b!8m2!3d13.7878771!4d100.5025689!16s%2Fg%2F11qn79v38x!19sChIJveHbaeqb4jARi2Ap66okBhA?authuser=0&hl=zh-CN&g_ep=EgoyMDI2MDgyNS4wIJJjKgBIAVAD&rclk=1
ChIJt_eOuhdhHTERhEAm1uVd7k4,景点,L.O.F. Gallery,แอล.โอ.เอฟ. แกลเลอรี่,art_gallery,画廊,5.0,4,"338 ซ. จุฬาลงกรณ์ 50 Khwaeng Wang Mai, Pathum Wan, Krung Thep Maha Nakhon 10330",13.734126,100.526764,巴吞旺县,Wang Mai,星期一: 休息 | 星期二: 11:00–19:00 | 星期三: 11:00–19:00 | 星期四: 11:00–19:00 | 星期五: 11:00–19:00 | 星期六: 11:00–19:00 | 星期日: 11:00–19:00,+66 98 052 9444,,,,https://maps.google.com/?cid=5687586621137240196&g_mp=Cilnb29nbGUubWFwcy5wbGFjZXMudjEuUGxhY2VzLlNlYXJjaE5lYXJieRACGAQgAA
ChIJ42_9orqf4jARNXXWo8TWuHc,景点,Lord Ganesha Shrine,ศาลพระพิฆเนศ,,印度教寺庙,3.8,4,"1511 Sukhumvit Rd, Khwaeng Phra Khanong, Khet Khlong Toei, Bangkok 10110泰国",13.715318,100.591139,宛他那县,Phra Khanong,,,,,,https://www.google.com/maps/place/Lord+Ganesha+Shrine/data=!4m7!3m6!1s0x30e29fbaa2fd6fe3:0x77b8d6c4a3d67535!8m2!3d13.7153182!4d100.5911386!16s%2Fg%2F11qq2n3rg4!19sChIJ42_9orqf4jARNXXWo8TWuHc?authuser=0&hl=zh-CN&g_ep=EgoyMDI2MDgyNS4wIJJjKgBIAVAD&rclk=1
ChIJf4rQ2gaZ4jARBeB-cjQDpd0,景点,Muse Shop by Museum Siam,มิวส์ช็อป บาย มิวเซียมสยาม,museum,博物馆,4.0,4,"Krung Thep Maha Nakhon, Phra Nakhon, Krung Thep Maha Nakhon, Thanon Sanam Chai, 暹罗博物馆邮政编码: 10200",13.744147,100.494137,拍那空县,大皇宫区,星期一: 休息 | 星期二: 10:00–18:00 | 星期三: 10:00–18:00 | 星期四: 10:00–18:00 | 星期五: 10:00–18:00 | 星期六: 10:00–18:00 | 星期日: 10:00–18:00,+66 2 225 2777 ext. 122,http://www.museshop.org/,适合儿童|有洗手间,,https://maps.google.com/?cid=15971175177333432325&g_mp=CiVnb29nbGUubWFwcy5wbGFjZXMudjEuUGxhY2VzLkdldFBsYWNlEAIYBCAA
ChIJq_UbS7Ce4jARu3YSlkk8MfE,景点,Xavier Hall Church,โบสถ์เซเวียร์ฮอลล์,,天主教堂,4.7,4,"43 Ratchawithi 12 Alley, Samsen Nai, Phaya Thai, Bangkok 10400泰国",13.767077,100.53816,拍耶泰县,Phaya Thai,星期一 07:00-19:00 | 星期二 07:00-19:00 | 星期三 07:00-19:00 | 星期四 07:00-19:00 | 星期五 07:00-19:00 | 星期六 休息 | 星期日 休息,+66 2 354 9091,https://facebook.com,,,https://www.google.com/maps/place/Xavier+Hall+Church/data=!4m7!3m6!1s0x30e29eb04b1bf5ab:0xf1313c49961276bb!8m2!3d13.7670769!4d100.5381595!16s%2Fg%2F1ptxmfnnx!19sChIJq_UbS7Ce4jARu3YSlkk8MfE?authuser=0&hl=zh-CN&g_ep=EgoyMDI2MDgyNS4wIJJjKgBIAVAD&rclk=1
ChIJaX1PZwCZ4jARzODayY6KjNY,景点,บรรทัดทอง 4 แยกแลนด์มาร์คที่ถ่ายรูปสวยที่สุด,บรรทัดทอง 4 แยกแลนด์มาร์คที่ถ่ายรูปสวยที่สุด,cultural_landmark,文化地标,4.8,4,"1284 Banthat Thong Rd, Khwaeng Rong Muang, Pathum Wan, Krung Thep Maha Nakhon 10330",13.742986,100.523387,巴吞旺县,Wang Mai,,,,,,https://maps.google.com/?cid=15459883966732624076&g_mp=Cilnb29nbGUubWFwcy5wbGFjZXMudjEuUGxhY2VzLlNlYXJjaE5lYXJieRACGAQgAA
ChIJq3N0VQCZ4jARip5DjJEUSQA,景点,พระตำหนัก สมเด็จพระศรีสวรินทิราบรมราชเทวี พระพันวัสสาอัยยิกาเจ้า,พระตำหนัก สมเด็จพระศรีสวรินทิราบรมราชเทวี พระพันวัสสาอัยยิกาเจ้า,castle,城堡,5.0,4,"PFXR+CHJ, Phra Borom Maha Ratchawang, Phra Nakhon, Bangkok 10200",13.748586,100.491394,拍那空县,大皇宫区,,,,,,https://maps.google.com/?cid=20570288655933066&g_mp=CiVnb29nbGUubWFwcy5wbGFjZXMudjEuUGxhY2VzLkdldFBsYWNlEAIYBCAA
ChIJL9-zHQCZ4jARypnYjvq3YdY,景点,พระตำหนักราชฤทธิ์รุ่งโรจน์,พระตำหนักราชฤทธิ์รุ่งโรจน์,castle,城堡,4.0,4,"QGF6+5X5, Dusit, Dusit District, Bangkok 10300",13.772874,100.512491,都实县,Dusit,,,,,,https://maps.google.com/?cid=15447830483623778762&g_mp=Cilnb29nbGUubWFwcy5wbGFjZXMudjEuUGxhY2VzLlNlYXJjaE5lYXJieRACGAQgAA
ChIJa5wLF22Z4jARckyHYYNbpjE,景点,พลาซ่า บางลำภู,พลาซ่า บางลำภู,plaza,广场,4.0,4,"85/1 Thanon Tani, Khwaeng Talat Yot, Khet Phra Nakhon, Krung Thep Maha Nakhon 10200",13.760443,100.498055,拍那空县,哒叻裕区,,+66 2 282 5336,,,,https://maps.google.com/?cid=3577647573827538034&g_mp=Cilnb29nbGUubWFwcy5wbGFjZXMudjEuUGxhY2VzLlNlYXJjaE5lYXJieRACGAQgAA
ChIJSy0WhuGZ4jARKpf3kEOFMIU,景点,พิพิธภัณฑ์การศึกษาไทย,พิพิธภัณฑ์การศึกษาไทย,museum,博物馆,5.0,4,"พิพิธภัณฑ์การศึกษาไทย Thanon Ratchadamnoen Nok, Khwaeng Dusit, Khet Dusit, Krung Thep Maha Nakhon 10300",13.765586,100.508722,都实县,Dusit,星期一: 08:00–17:00 | 星期二: 08:00–17:00 | 星期三: 08:00–17:00 | 星期四: 08:00–17:00 | 星期五: 08:00–17:00 | 星期六: 休息 | 星期日: 休息,+66 2 281 7399,https://somphopthai.simdif.com/,适合儿童|有洗手间|无障碍洗手间,,https://maps.google.com/?cid=9597317331167975210&g_mp=Cilnb29nbGUubWFwcy5wbGFjZXMudjEuUGxhY2VzLlNlYXJjaE5lYXJieRACGAQgAA
ChIJAwLdmheZ4jARudUz0BaNkp4,景点,ร้านตุ๊แพรวา​ ห้างดิโอลด์​สยาม​พลาซ่า​,ร้านตุ๊แพรวา​ ห้างดิโอลด์​สยาม​พลาซ่า​,plaza,广场,4.8,4,"Unnamed Road PGW2+F3C, Khwaeng Wang Burapha Phirom, Khet Phra Nakhon, Krung Thep Maha Nakhon 10200",13.746195,100.500144,拍那空县,三王府区,星期一: 10:00–18:30 | 星期二: 10:00–18:30 | 星期三: 10:00–18:30 | 星期四: 10:00–18:30 | 星期五: 10:00–18:30 | 星期六: 10:00–18:30 | 星期日: 10:00–18:30,+66 2 221 4424,http://www.facebook.com/TUHPRAEWA,,,https://maps.google.com/?cid=11426350333714224569&g_mp=CiVnb29nbGUubWFwcy5wbGFjZXMudjEuUGxhY2VzLkdldFBsYWNlEAIYBCAA
ChIJfeafXB6f4jARarjF8IxYZPQ,景点,ลานเสรีภาพ คณะรัฐศาสตร์ จุฬาฯ,ลานเสรีภาพ คณะรัฐศาสตร์ จุฬาฯ,garden,花园,4.5,4,"254 Thanon Henri Dunant, Khwaeng Pathum Wan, Pathum Wan, Krung Thep Maha Nakhon 10330",13.734896,100.53342,巴吞旺县,Pathum Wan,,,,,,https://maps.google.com/?cid=17610297805283637354&g_mp=Cilnb29nbGUubWFwcy5wbGFjZXMudjEuUGxhY2VzLlNlYXJjaE5lYXJieRACGAQgAA
ChIJQ0Nm-KmZ4jARneZ08x-32yA,景点,ลานแพร่งภูธร,ลานแพร่งภูธร,park,公园,4.8,4,"QF2X+Q3J, San Chao Pho Sua, Phra Nakhon, Bangkok 10200",13.751956,100.497637,拍那空县,虎神庙区,,,,适合儿童,,https://maps.google.com/?cid=2367687376969721501&g_mp=CiVnb29nbGUubWFwcy5wbGFjZXMudjEuUGxhY2VzLkdldFBsYWNlEAIYBCAA
ChIJX9OsPQCZ4jAR8DSPCtKL3zM,景点,ศาลาแม่ซื้อ,ศาลาแม่ซื้อ,historical_landmark,古迹地标,4.3,4,"PFWV+G24, Phra Borom Maha Ratchawang, Phra Nakhon, Bangkok 10200",13.746117,100.492604,拍那空县,大皇宫区,,,,适合儿童,,https://maps.google.com/?cid=3737859949977351408&g_mp=CiVnb29nbGUubWFwcy5wbGFjZXMudjEuUGxhY2VzLkdldFBsYWNlEAIYBCAA
ChIJ2bvFh-qZ4jARCe0sD9pRSfU,景点,象頭神廟,วัดพระพิฆเนศ,,印度教寺庙,4.7,4,"447 Phlap Phla Chai Rd, Pom Prap, Pom Prap Sattru Phai, Bangkok 10100泰国",13.74416,100.510522,邦巴沙都拍县,Pom Prap,,+66 2 226 2144,,,,https://www.google.com/maps/place/%E8%B1%A1%E9%A0%AD%E7%A5%9E%E5%BB%9F/data=!4m7!3m6!1s0x30e299ea87c5bbd9:0xf54951da0f2ced09!8m2!3d13.7441597!4d100.5105219!16s%2Fg%2F11pkc_ywmj!19sChIJ2bvFh-qZ4jARCe0sD9pRSfU?authuser=0&hl=zh-CN&g_ep=EgoyMDI2MDgyNS4wIJJjKgBIAVAD&rclk=1
ChIJT-HFj0yZ4jARCazFYP_lXU0,景点,Block28 Graffiti,บล็อก 28 กราฟฟิตี้,cultural_landmark,文化地标,4.3,3,"1131 Thanon Rama IV, Khwaeng Wang Mai, Pathum Wan, Krung Thep Maha Nakhon 10330",13.73607,100.523108,巴吞旺县,Wang Mai,,,,,,https://maps.google.com/?cid=5574864798757530633&g_mp=Cilnb29nbGUubWFwcy5wbGFjZXMudjEuUGxhY2VzLlNlYXJjaE5lYXJieRACGAQgAA
ChIJMxgfK5Wf4jARW3JsCQNRduM,景点,Geeta Ashram Thailand,คีตาอาศรมประเทศไทย,,宗教场所,4.9,3,"442 Sukhumvit 50 Aly, Phra Khanong, Khlong Toei, Bangkok 10110泰国",13.706345,100.597153,孔提县,Phra Khanong,星期一 09:00-18:00 | 星期二 09:00-18:00 | 星期三 09:00-18:00 | 星期四 09:00-18:00 | 星期五 09:00-18:00 | 星期六 09:00-18:00 | 星期日 09:00-18:00,,,,,https://www.google.com/maps/place/Geeta+Ashram+Thailand/data=!4m7!3m6!1s0x30e29f952b1f1833:0xe3765103096c725b!8m2!3d13.7063452!4d100.597153!16s%2Fg%2F11bw2_h3nj!19sChIJMxgfK5Wf4jARW3JsCQNRduM?authuser=0&hl=zh-CN&g_ep=EgoyMDI2MDgyNS4wIJJjKgBIAVAD&rclk=1
ChIJl4s6rESZ4jARFnmAxNem8Sg,景点,Ho trai,หอไตร,buddhist_temple,佛教寺庙,4.7,3,"344 Thanon Chakkraphatdi Phong, Khwaeng Ban Bat, Khet Pom Prap Sattru Phai, Krung Thep Maha Nakhon 10100",13.753808,100.506593,邦巴沙都拍县,班巴区,,,,有洗手间,,https://maps.google.com/?cid=2950322676549318934&g_mp=Cilnb29nbGUubWFwcy5wbGFjZXMudjEuUGxhY2VzLlNlYXJjaE5lYXJieRACGAQgAA
ChIJU8TDeNWZ4jARViYnjrBQWgI,景点,Legacy Art Gallery,หอศิลป์เลกาซี่,art_gallery,画廊,3.7,3,"933 Maha Chai Rd, Khwaeng Wang Burapha Phirom, Khet Phra Nakhon, Krung Thep Maha Nakhon 10220",13.745189,100.503065,拍那空县,三王府区,星期一: 09:00–22:00 | 星期二: 09:00–22:00 | 星期三: 09:00–22:00 | 星期四: 09:00–22:00 | 星期五: 09:00–22:00 | 星期六: 09:00–22:00 | 星期日: 09:00–22:00,+66 81 922 4312,https://www.facebook.com/profile.php?id=61565549145598,有洗手间,,https://maps.google.com/?cid=169536655209211478&g_mp=CiVnb29nbGUubWFwcy5wbGFjZXMudjEuUGxhY2VzLkdldFBsYWNlEAIYBCAA
ChIJlVqa2HWZ4jARFq_qKVa3I-A,景点,Pinklao Garden,สวนปิ่นเกล้า,garden,花园,4.3,3,"99, 25 Somdet Phra Pin Klao, Khwaeng Arun Amarin, Khet Bangkok Noi, Krung Thep Maha Nakhon 10700",13.765076,100.486511,曼谷蓮縣,Arun Ammarin,,,,,,https://maps.google.com/?cid=16150954269379047190&g_mp=Cilnb29nbGUubWFwcy5wbGFjZXMudjEuUGxhY2VzLlNlYXJjaE5lYXJieRACGAQgAA
ChIJuWm7cFGe4jARAh4225K-8bs,景点,Prem Prakash Mandir Foundation,มูลนิธิเปรมปรากาศมณเฑียร,,印度教寺庙,4.9,3,"8 Thonglor 1 Thong Lo 25 Alley, Khlong Tan Nuea, Watthana, Bangkok 10110泰国",13.738809,100.58266,宛他那县,Khlong Tan Nuea,,+66 81 866 7613,https://premprakashpanth.com,,,https://www.google.com/maps/place/Prem+Prakash+Mandir+Foundation/data=!4m7!3m6!1s0x30e29e5170bb69b9:0xbbf1be92db361e02!8m2!3d13.7388087!4d100.5826603!16s%2Fg%2F11bw1xxbcz!19sChIJuWm7cFGe4jARAh4225K-8bs?authuser=0&hl=zh-CN&g_ep=EgoyMDI2MDgyNS4wIJJjKgBIAVAD&rclk=1
ChIJbROvFgCf4jARnSbEYd_0nPk,景点,Sky Mirror of Bangkok,กระจกเงาแห่งกรุงเทพฯ,,旅游胜地,5.0,3,"946 Rama IV Rd, Si Lom, Bang Rak, Bangkok 10500泰国",13.728449,100.53747,挽叻县,是隆,星期一 06:00-22:00 | 星期二 06:00-22:00 | 星期三 06:00-22:00 | 星期四 06:00-22:00 | 星期五 06:00-22:00 | 星期六 06:00-22:00 | 星期日 06:00-22:00,,,,,https://www.google.com/maps/place/Sky+Mirror+of+Bangkok/data=!4m7!3m6!1s0x30e29f0016af136d:0xf99cf4df61c4269d!8m2!3d13.7284488!4d100.5374703!16s%2Fg%2F11msdr4064!19sChIJbROvFgCf4jARnSbEYd_0nPk?authuser=0&hl=zh-CN&g_ep=EgoyMDI2MDgyNS4wIJJjKgBIAVAD&rclk=1
ChIJ4Vb4UoaZ4jARkxn7ZaT-GdU,景点,Sri Umadevi Temple,วัดศรีอุมาเทวี,,印度教寺庙,4.7,3,"4, 2 (18/613 Borommaratchachonnani Rd, Bang Bumru, Bang Phlat, Bangkok 10700泰国",13.779756,100.475579,挽拍县,Arun Ammarin,星期一 24小时营业 | 星期二 24小时营业 | 星期三 24小时营业 | 星期四 24小时营业 | 星期五 24小时营业 | 星期六 24小时营业 | 星期日 24小时营业,,,,,https://www.google.com/maps/place/Sri+Umadevi+Temple/data=!4m7!3m6!1s0x30e2998652f856e1:0xd519fea465fb1993!8m2!3d13.7797559!4d100.4755791!16s%2Fg%2F11b_045fhk!19sChIJ4Vb4UoaZ4jARkxn7ZaT-GdU?authuser=0&hl=zh-CN&g_ep=EgoyMDI2MDgyNS4wIJJjKgBIAVAD&rclk=1
ChIJhYtjJ6aZ4jARW95EUPPerPk,景点,กุฏิฉัตรลีลา คณะ12 วัดสระเกศราชวรมหาวิหาร (ภูเขาทอง),กุฏิฉัตรลีลา คณะ12 วัดสระเกศราชวรมหาวิหาร (ภูเขาทอง),buddhist_temple,佛教寺庙,4.7,3,"344/12กุฏิฉัตรลีลา คณะ12 วัดสระเกศราชวรมหาวิหาร (ภูเขาทอง ป้อมปราบปราม Soi Ban Bat, Khwaeng Ban Bat, Khet Pom Prap Sattru Phai, Krung Thep Maha Nakhon 10100",13.752542,100.506958,邦巴沙都拍县,班巴区,星期一: 08:00–17:00 | 星期二: 08:00–17:00 | 星期三: 08:00–17:00 | 星期四: 08:00–17:00 | 星期五: 08:00–17:00 | 星期六: 08:00–17:00 | 星期日: 08:00–17:00,,,有洗手间,,https://maps.google.com/?cid=17990999748043398747&g_mp=CiVnb29nbGUubWFwcy5wbGFjZXMudjEuUGxhY2VzLkdldFBsYWNlEAIYBCAA
ChIJ4XJOFgCZ4jARw_6_5xAQcUQ,景点,คณะ ต.34 วัดโพธิ์ ท่าเตียน (วัดพระเชตุพนวิมลมังคลาราม),คณะ ต.34 วัดโพธิ์ ท่าเตียน (วัดพระเชตุพนวิมลมังคลาราม),buddhist_temple,佛教寺庙,4.7,3,"ต.34 Thanon Sanam Chai, Khwaeng Phra Borom Maha Ratchawang, Khet Phra Nakhon, Krung Thep Maha Nakhon 10200",13.745205,100.494279,拍那空县,大皇宫区,星期一: 24小时营业 | 星期二: 24小时营业 | 星期三: 24小时营业 | 星期四: 24小时营业 | 星期五: 24小时营业 | 星期六: 24小时营业 | 星期日: 24小时营业,,,有洗手间,,https://maps.google.com/?cid=4931740731741044419&g_mp=CiVnb29nbGUubWFwcy5wbGFjZXMudjEuUGxhY2VzLkdldFBsYWNlEAIYBCAA
ChIJQ7N2QBuZ4jARpyHSA3o8Q1Q,景点,บุคคลัภย์,บุคคลัภย์,historical_landmark,古迹地标,5.0,3,"Wang Burapha Phirom, Phra Nakhon, Bangkok 10200",13.743143,100.497194,拍那空县,三王府区,星期一: 24小时营业 | 星期二: 24小时营业 | 星期三: 24小时营业 | 星期四: 24小时营业 | 星期五: 24小时营业 | 星期六: 24小时营业 | 星期日: 24小时营业,,,,,https://maps.google.com/?cid=6071763217373340071&g_mp=CiVnb29nbGUubWFwcy5wbGFjZXMudjEuUGxhY2VzLkdldFBsYWNlEAIYBCAA
ChIJm1XmZPWZ4jARLMipMDnelFM,景点,บ้านนกแก้วฮาชิฮาคิน,บ้านนกแก้วฮาชิฮาคิน,zoo,动物园,4.7,3,"87 49 Thanon Nakhon Chaisi Rd, Khwaeng Thanon Nakhon Chai Si, Khet Dusit, Krung Thep Maha Nakhon 10300",13.780646,100.520845,都实县,Thanon Nakhon Chai Si,星期一: 08:00–22:30 | 星期二: 08:00–22:30 | 星期三: 08:00–22:30 | 星期四: 08:00–22:30 | 星期五: 08:00–22:30 | 星期六: 24小时营业 | 星期日: 24小时营业,,,适合儿童,,https://maps.google.com/?cid=6022682938912131116&g_mp=Cilnb29nbGUubWFwcy5wbGFjZXMudjEuUGxhY2VzLlNlYXJjaE5lYXJieRACGAQgAA
ChIJfeofKQCZ4jARCP1VtuO7HpU,景点,ป้อมสัญจรวิง,ป้อมสัญจรวิง,historical_landmark,古迹地标,5.0,3,"15 Thanon Sanam Chai, Khwaeng Phra Borom Maha Ratchawang, Khet Phra Nakhon, Krung Thep Maha Nakhon 10200",13.751013,100.493599,拍那空县,大皇宫区,星期一: 24小时营业 | 星期二: 24小时营业 | 星期三: 24小时营业 | 星期四: 24小时营业 | 星期五: 24小时营业 | 星期六: 24小时营业 | 星期日: 24小时营业,,,,,https://maps.google.com/?cid=10745232347643641096&g_mp=CiVnb29nbGUubWFwcy5wbGFjZXMudjEuUGxhY2VzLkdldFBsYWNlEAIYBCAA
ChIJ4ZDeMC2Z4jAR7fINQeuz52Y,景点,พระบรมราชานุสาวรีย์สมเด็จพระเจ้าตากสินมหาราช,พระบรมราชานุสาวรีย์สมเด็จพระเจ้าตากสินมหาราช,monument,纪念碑,3.7,3,"PFMW+QF6, Somdet Chao Phraya, Khlong San, Bangkok 10600",13.734419,100.496132,吞武里县,Somdet Chao Phraya,星期一: 24小时营业 | 星期二: 24小时营业 | 星期三: 24小时营业 | 星期四: 24小时营业 | 星期五: 24小时营业 | 星期六: 24小时营业 | 星期日: 24小时营业,,,适合儿童,,https://maps.google.com/?cid=7415093134478930669&g_mp=Cilnb29nbGUubWFwcy5wbGFjZXMudjEuUGxhY2VzLlNlYXJjaE5lYXJieRACGAQgAA
ChIJOSBmkcuf4jARdUAq4RJWP80,景点,พระลักษมี lakshmi shrine 吉祥天女拉克什米,พระลักษมีพระลักษมีเทวาลัยเจ้าแม่ลักษมี,,印度教寺庙,4.7,3,"10330泰国 Bangkok, 888/160-1 Mahatun Plaza Building, 4th Floor,, Ploenjit Rd",13.744743,100.540514,巴吞旺县,Lumphini,星期一 10:00-18:00 | 星期二 10:00-18:00 | 星期三 10:00-18:00 | 星期四 10:00-18:00 | 星期五 10:00-18:00 | 星期六 10:00-18:00 | 星期日 10:00-18:00,,,,,https://www.google.com/maps/place/%E0%B8%9E%E0%B8%A3%E0%B8%B0%E0%B8%A5%E0%B8%B1%E0%B8%81%E0%B8%A9%E0%B8%A1%E0%B8%B5+lakshmi+shrine+%E5%90%89%E7%A5%A5%E5%A4%A9%E5%A5%B3%E6%8B%89%E5%85%8B%E4%BB%80%E7%B1%B3/data=!4m7!3m6!1s0x30e29fcb91662039:0xcd3f5612e12a4075!8m2!3d13.7447431!4d100.5405141!16s%2Fg%2F11fq5ycqyy!19sChIJOSBmkcuf4jARdUAq4RJWP80?authuser=0&hl=zh-CN&g_ep=EgoyMDI2MDgyNS4wIJJjKgBIAVAD&rclk=1
ChIJ5yqF4oyZ4jAR6StRdyeB7jg,景点,ศาลา 11 วัดมกุฏกษัตริยารามราชวรวิหาร,ศาลา 11 วัดมกุฏกษัตริยารามราชวรวิหาร,buddhist_temple,佛教寺庙,4.7,3,"330 Prachathipatai Rd, Khwaeng Bang Khun Phrom, Khet Phra Nakhon, Krung Thep Maha Nakhon 10200",13.763315,100.506539,拍那空县,邦坤蓬区,星期一: 24小时营业 | 星期二: 24小时营业 | 星期三: 24小时营业 | 星期四: 24小时营业 | 星期五: 24小时营业 | 星期六: 24小时营业 | 星期日: 24小时营业,,https://www.facebook.com/Watmakutkasat?mibextid=ZbWKwL,有洗手间|无障碍停车,,https://maps.google.com/?cid=4102358317086616553&g_mp=Cilnb29nbGUubWFwcy5wbGFjZXMudjEuUGxhY2VzLlNlYXJjaE5lYXJieRACGAQgAA
ChIJC6TK6yKZ4jAR-nLUpT8LhRE,景点,ศาลาเอนกประสงค์ วัดราชนัดดารามวรวิหาร (โลหะประสาท),ศาลาเอนกประสงค์ วัดราชนัดดารามวรวิหาร (โลหะประสาท),buddhist_temple,佛教寺庙,4.7,3,"2 Thanon Ratchadamnoen Klang, Khwaeng Wat Bowon Niwet, Khet Phra Nakhon, Krung Thep Maha Nakhon 10200",13.755065,100.50447,拍那空县,波稳尼威区,,,,有洗手间,,https://maps.google.com/?cid=1262427638540301050&g_mp=Cilnb29nbGUubWFwcy5wbGFjZXMudjEuUGxhY2VzLlNlYXJjaE5lYXJieRACGAQgAA
ChIJ_5okewCZ4jARhpiLe5TDbOA,景点,หอพระสุราลัยพิมาน,หอพระสุราลัยพิมาน,castle,城堡,5.0,3,"พระที่นั่งไพศาลทักษิณ Khwaeng Phra Borom Maha Ratchawang, Khet Phra Nakhon, Krung Thep Maha Nakhon 10200",13.750101,100.492191,拍那空县,大皇宫区,,,,,,https://maps.google.com/?cid=16171515404475930758&g_mp=CiVnb29nbGUubWFwcy5wbGFjZXMudjEuUGxhY2VzLkdldFBsYWNlEAIYBCAA
ChIJgbpb0RSZ4jARX0BGmIb4wO8,景点,ห้องศิลป์สหภาพ | foto united art gallery,ห้องศิลป์สหภาพ | foto united art gallery,museum,博物馆,4.0,3,"519 Thanon Phra Sumen, Khwaeng Wat Bowon Niwet, Khet Phra Nakhon, Krung Thep Maha Nakhon 10200",13.758309,100.503958,拍那空县,波稳尼威区,星期一: 休息 | 星期二: 11:00–19:00 | 星期三: 11:00–19:00 | 星期四: 11:00–19:00 | 星期五: 11:00–19:00 | 星期六: 11:00–19:00 | 星期日: 11:00–19:00,+66 2 629 2841,http://facebook.com/fotounited,适合儿童|有洗手间,,https://maps.google.com/?cid=17276081427557269599&g_mp=Cilnb29nbGUubWFwcy5wbGFjZXMudjEuUGxhY2VzLlNlYXJjaE5lYXJieRACGAQgAA
ChIJ-4gYUACf4jARh41Kpq6JcIg,景点,泰国耆那教协会,สมาคมเชนแห่งประเทศไทย,,耆那教寺庙,4.9,3,"351 Soi Wat Pho Maen, Chong Nonsi, Yan Nawa, Bangkok 10120泰国",13.70107,100.538991,然那哇县,Chong Nonsi,星期一 06:00-20:30 | 星期二 06:00-20:30 | 星期三 06:00-20:30 | 星期四 06:00-20:30 | 星期五 06:00-20:30 | 星期六 06:00-20:30 | 星期日 06:00-20:30,+66 92 773 5597,,,,https://www.google.com/maps/place/%E6%B3%B0%E5%9B%BD%E8%80%86%E9%82%A3%E6%95%99%E5%8D%8F%E4%BC%9A/data=!4m7!3m6!1s0x30e29f00501888fb:0x887089aea64a8d87!8m2!3d13.7010696!4d100.5389912!16s%2Fg%2F11w1cq3h6y!19sChIJ-4gYUACf4jARh41Kpq6JcIg?authuser=0&hl=zh-CN&g_ep=EgoyMDI2MDgyNS4wIJJjKgBIAVAD&rclk=1
ChIJDeZ7JgCZ4jARrcn2kkJAhzs,景点,52 Bhikkunis statues พระวิหารภิกษุณี 52 องค์,52 Bhikkunis statues พระวิหารภิกษุณี 52 องค์,buddhist_temple,佛教寺庙,5.0,2,"70 Maha Chai Rd, Khwaeng Samran Rat, Khet Phra Nakhon, Krung Thep Maha Nakhon 10200",13.753068,100.504177,拍那空县,巴杜披,星期一: 09:00–18:00 | 星期二: 09:00–18:00 | 星期三: 09:00–18:00 | 星期四: 09:00–18:00 | 星期五: 09:00–18:00 | 星期六: 09:00–18:00 | 星期日: 09:00–18:00,+66 64 282 5959,,有洗手间,,https://maps.google.com/?cid=4289467824771353005&g_mp=CiVnb29nbGUubWFwcy5wbGFjZXMudjEuUGxhY2VzLkdldFBsYWNlEAIYBCAA
ChIJrftmBwCZ4jARxACtNdcQTvo,景点,Arya Samaj bangkok temple,วัดอารยามาจกรุงเทพฯ,,印度教寺庙,5.0,2,"160, 970 Chan Rd, Thung Wat Don, Sathon, Bangkok 10120泰国",13.7124,100.520325,沙吞县,Thung Wat Don,,,,,,https://www.google.com/maps/place/Arya+Samaj+bangkok+temple/data=!4m7!3m6!1s0x30e299000766fbad:0xfa4e10d735ad00c4!8m2!3d13.7124004!4d100.5203252!16s%2Fg%2F11x7kcnr8h!19sChIJrftmBwCZ4jARxACtNdcQTvo?authuser=0&hl=zh-CN&g_ep=EgoyMDI2MDgyNS4wIJJjKgBIAVAD&rclk=1
ChIJ6-K1kNCY4jARkmynV6aqB00,景点,"Bhagavan 1008 Shri Vardhamana Mahaveera Tirthankar Digambara Jaina Basadi / Temple, Bangkok.",ภะคะวัน 1008 ศรีวาร์ธมานา มหาวีระ ติรถังการ์ ทิกัมบาระ ชัยนา บาสะดี / วัด กรุงเทพฯ,,耆那教寺庙,4.8,2,"143/2-3 Soi Phuttha Osot, Suriya Wong, Bang Rak, Bangkok 10500泰国",13.727575,100.519162,挽叻县,Si Phraya,,+66 2 233 7894,,,,"https://www.google.com/maps/place/Bhagavan+1008+Shri+Vardhamana+Mahaveera+Tirthankar+Digambara+Jaina+Basadi+%2F+Temple,+Bangkok./data=!4m7!3m6!1s0x30e298d090b5e2eb:0x4d07aaa657a76c92!8m2!3d13.7275754!4d100.5191623!16s%2Fg%2F11c52983dy!19sChIJ6-K1kNCY4jARkmynV6aqB00?authuser=0&hl=zh-CN&g_ep=EgoyMDI2MDgyNS4wIJJjKgBIAVAD&rclk=1"
ChIJVTnsIzSZ4jARTbw9IACV2I4,景点,Brass Band Pavilion,ศาลากระโจมแตร,state_park,国家公园,3.5,2,"PFXW+663, Phra Borom Maha Ratchawang, Phra Nakhon, Bangkok 10200",13.74802,100.495558,拍那空县,大皇宫区,星期一: 04:30–17:00 | 星期二: 04:30–17:00 | 星期三: 04:30–17:00 | 星期四: 04:30–17:00 | 星期五: 04:30–17:00 | 星期六: 04:30–17:00 | 星期日: 04:30–17:00,,,适合儿童,,https://maps.google.com/?cid=10293140776128724045&g_mp=CiVnb29nbGUubWFwcy5wbGFjZXMudjEuUGxhY2VzLkdldFBsYWNlEAIYBCAA
ChIJ8V8bNeKY4jAR2P9JpEsAfxw,景点,Durga Mandir Bangkok,ทุรคามันดีร์ กรุงเทพฯ,,印度教寺庙,4.6,2,"113 Somdet Chao Phraya Rd, Somdet Chao Phraya, Khlong San, Bangkok 10600泰国",13.73322,100.500239,空訕縣,Somdet Chao Phraya,星期一 08:00-21:00 | 星期二 08:00-21:00 | 星期三 08:00-21:00 | 星期四 08:00-21:00 | 星期五 08:00-21:00 | 星期六 08:00-21:00 | 星期日 08:00-21:00,+66 2 438 9299,https://devmandirbangkok.com,,,https://www.google.com/maps/place/Durga+Mandir+Bangkok/data=!4m7!3m6!1s0x30e298e2351b5ff1:0x1c7f004ba449ffd8!8m2!3d13.7332202!4d100.5002388!16s%2Fg%2F11bvt555sb!19sChIJ8V8bNeKY4jAR2P9JpEsAfxw?authuser=0&hl=zh-CN&g_ep=EgoyMDI2MDgyNS4wIJJjKgBIAVAD&rclk=1
ChIJQXRaaQCZ4jARGt50Vrt7__Y,景点,Green Park in Wat Po,กรีนพาร์คในวัดโพธิ์,historical_landmark,古迹地标,4.0,2,"น.23 Thanon Sanam Chai, Khwaeng Phra Borom Maha Ratchawang, Khet Phra Nakhon, Krung Thep Maha Nakhon 10200",13.745809,100.49207,拍那空县,大皇宫区,星期一: 09:00–19:30 | 星期二: 09:00–19:30 | 星期三: 09:00–19:30 | 星期四: 09:00–19:30 | 星期五: 09:00–19:30 | 星期六: 09:00–19:30 | 星期日: 09:00–19:30,,,适合儿童,,https://maps.google.com/?cid=17798080296931089946&g_mp=CiVnb29nbGUubWFwcy5wbGFjZXMudjEuUGxhY2VzLkdldFBsYWNlEAIYBCAA
ChIJA-FYVgCf4jAR-xwwXCAQ2WY,景点,Jain sthanak bangkok,เจน สตานัก กรุงเทพมหานคร,,耆那教寺庙,5.0,2,"507/238 Nakhon Thai 14 Alley, Chong Nonsi, Yan Nawa, Bangkok 10120泰国",13.697968,100.535033,然那哇县,Chong Nonsi,,,,,,https://www.google.com/maps/place/Jain+sthanak+bangkok/data=!4m7!3m6!1s0x30e29f005658e103:0x66d910205c301cfb!8m2!3d13.6979683!4d100.5350327!16s%2Fg%2F11w505wj4j!19sChIJA-FYVgCf4jAR-xwwXCAQ2WY?authuser=0&hl=zh-CN&g_ep=EgoyMDI2MDgyNS4wIJJjKgBIAVAD&rclk=1
ChIJt9J4fiuf4jAR0XbGXOYigDs,景点,Kings Gardens,สวนคิงส์,garden,花园,4.5,2,"3 Thanon Phat Phong, Khwaeng Suriya Wong, Khet Bang Rak, Krung Thep Maha Nakhon 10500",13.728258,100.531901,挽叻县,Suriyawong,,+66 2 233 4624,,,,https://maps.google.com/?cid=4287465218051045073&g_mp=Cilnb29nbGUubWFwcy5wbGFjZXMudjEuUGxhY2VzLlNlYXJjaE5lYXJieRACGAQgAA
ChIJ8aI3QACZ4jARes5cg-xNxRo,景点,La Lanta@River City Bangkok,ลา ลันตา แอท ริเวอร์ ซิตี้ กรุงเทพฯ,art_museum,Art museum,5.0,2,"118 Soi Charoen Krung 24, Khwaeng Talat Noi, Khet Samphanthawong, Krung Thep Maha Nakhon 10100",13.730002,100.513149,挽叻县,噠叻仔區,星期一: 休息 | 星期二: 10:00–19:00 | 星期三: 10:00–19:00 | 星期四: 10:00–19:00 | 星期五: 10:00–19:00 | 星期六: 10:00–19:00 | 星期日: 10:00–19:00,+66 96 261 8389,https://lalanta.com/,适合儿童|有洗手间,,https://maps.google.com/?cid=1929033693609643642&g_mp=Cilnb29nbGUubWFwcy5wbGFjZXMudjEuUGxhY2VzLlNlYXJjaE5lYXJieRACGAQgAA
ChIJ5ddONgCZ4jARblD5RkEy7y4,景点,Makers' Loft,เมกเกอร์ส ลอฟท์,tourist_attraction,旅游胜地,5.0,2,"390 18 Thanon Ban Mo, Khwaeng Wang Burapha Phirom, Khet Phra Nakhon, Krung Thep Maha Nakhon 10200",13.742143,100.49528,拍那空县,三王府区,星期一: 10:00–22:00 | 星期二: 10:00–22:00 | 星期三: 10:00–22:00 | 星期四: 10:00–22:00 | 星期五: 10:00–22:00 | 星期六: 10:00–22:00 | 星期日: 10:00–22:00,+66 65 737 1571,https://www.facebook.com/share/18VfdEUsTE/,,,https://maps.google.com/?cid=3381977101123539054&g_mp=CiVnb29nbGUubWFwcy5wbGFjZXMudjEuUGxhY2VzLkdldFBsYWNlEAIYBCAA
ChIJ4dmHAQCZ4jARPvzNLUqcKSI,景点,Mega Thai bridgeสะพานข้ามเมก้าพลาซ่าสะพานเหล็ก,Mega Thai bridgeสะพานข้ามเมก้าพลาซ่าสะพานเหล็ก,tourist_attraction,旅游胜地,5.0,2,"เลขที่ 908/18 ห้อง A118 ชั้น1, ห้างเมก้าพลาซ่า สะพานเหล็ก, Maha Chai Rd, Khwaeng Wang Burapha Phirom, Khet Phra Nakhon, Krung Thep Maha Nakhon 10200",13.745242,100.502691,拍那空县,三王府区,星期一: 24小时营业 | 星期二: 24小时营业 | 星期三: 24小时营业 | 星期四: 24小时营业 | 星期五: 24小时营业 | 星期六: 24小时营业 | 星期日: 24小时营业,,,,,https://maps.google.com/?cid=2461670513744673854&g_mp=CiVnb29nbGUubWFwcy5wbGFjZXMudjEuUGxhY2VzLkdldFBsYWNlEAIYBCAA
ChIJVy4R8r2b4jARyxOmkDv9r9o,景点,Pru’s Pretty Plants,พืชสวยของพรู,botanical_garden,植物园,5.0,2,"42 Charan Sanit Wong Rd, Khwaeng Bang Phlat, Khet Bang Phlat, Krung Thep Maha Nakhon 10700",13.788789,100.505523,挽拍县,Bang Phlat,,,,适合儿童,,https://maps.google.com/?cid=15758092053464355787&g_mp=Cilnb29nbGUubWFwcy5wbGFjZXMudjEuUGxhY2VzLlNlYXJjaE5lYXJieRACGAQgAA
ChIJi4e5WFKZ4jARctS8pGz0Ta8,景点,Saranrom Park Office,สำนักงานสวนสราญรมย์,state_park,国家公园,5.0,2,"PFXW+292 ป้ายรถประจำทาง วังสรานรมย์ Khwaeng Phra Borom Maha Ratchawang, Khet Phra Nakhon, Krung Thep Maha Nakhon 10200",13.747509,100.495886,拍那空县,大皇宫区,星期一: 04:30–21:00 | 星期二: 04:30–21:00 | 星期三: 04:30–21:00 | 星期四: 04:30–21:00 | 星期五: 04:30–21:00 | 星期六: 04:30–21:00 | 星期日: 04:30–21:00,,,,,https://maps.google.com/?cid=12632021277301593202&g_mp=CiVnb29nbGUubWFwcy5wbGFjZXMudjEuUGxhY2VzLkdldFBsYWNlEAIYBCAA
ChIJvd4g-0uZ4jARlmWmh6A1R5k,景点,Storage Art Space,พื้นที่จัดเก็บศิลปะ,art_gallery,画廊,5.0,2,"3rd floor, 469 ถนน พระสุเมรุ แขวงวัดบวรนิเวศ เขตพระนคร กรุงเทพมหานคร 10200",13.758816,100.503633,拍那空县,波稳尼威区,星期一: 休息 | 星期二: 休息 | 星期三: 休息 | 星期四: 14:00–19:00 | 星期五: 14:00–19:00 | 星期六: 14:00–19:00 | 星期日: 14:00–19:00,,http://www.storagebkk.com/,有洗手间,,https://maps.google.com/?cid=11044855574736299414&g_mp=Cilnb29nbGUubWFwcy5wbGFjZXMudjEuUGxhY2VzLlNlYXJjaE5lYXJieRACGAQgAA
ChIJ-9Ckiimf4jARMCaueFdwm34,景点,Trinity Bangkok,ทรินิตี้กรุงเทพ,,神召会教堂,5.0,2,"1317 Rama IV Rd, Wang Mai, Pathum Wan, Bangkok 10330泰国",13.734688,100.524711,巴吞旺县,Wang Mai,星期一 09:00-13:00 | 星期二 休息 | 星期三 09:00-17:00 | 星期四 09:00-17:00 | 星期五 09:00-17:00 | 星期六 09:00-17:00 | 星期日 09:00-17:00,+66 97 250 7875,https://trinity.sg,,,https://www.google.com/maps/place/Trinity+Bangkok/data=!4m7!3m6!1s0x30e29f298aa4d0fb:0x7e9b705778ae2630!8m2!3d13.7346877!4d100.5247106!16s%2Fg%2F11j3rhg9rk!19sChIJ-9Ckiimf4jARMCaueFdwm34?authuser=0&hl=zh-CN&g_ep=EgoyMDI2MDgyNS4wIJJjKgBIAVAD&rclk=1
ChIJJTBJjmGZ4jARHYN4hKXirF4,景点,Wat Arun the whole monestary,วัดอรุณฯทั้งวัด,,佛教寺庙,4.7,2,"2 Thanon Wang Doem, Wat Arun, Bangkok Yai, Bangkok 10600泰国",13.74349,100.489803,曼谷艾县,Wat Arun,星期一 08:00-18:00 | 星期二 08:00-18:00 | 星期三 08:00-18:00 | 星期四 08:00-18:00 | 星期五 08:00-18:00 | 星期六 08:00-18:00 | 星期日 08:00-18:00,,,,,https://www.google.com/maps/place/Wat+Arun+the+whole+monestary/data=!4m7!3m6!1s0x30e299618e493025:0x5eace2a58478831d!8m2!3d13.7434899!4d100.4898027!16s%2Fg%2F11s7zwg6bz!19sChIJJTBJjmGZ4jARHYN4hKXirF4?authuser=0&hl=zh-CN&g_ep=EgoyMDI2MDgyNS4wIJJjKgBIAVAD&rclk=1
ChIJReckCACZ4jARJW4JFsKDatM,景点,ทางออกสถานีสนามไชย,ทางออกสถานีสนามไชย,tourist_attraction,旅游胜地,5.0,2,"PFVW+74J พระบรมมหาราชวัง Khwaeng Phra Borom Maha Ratchawang, Khet Phra Nakhon, Krung Thep Maha Nakhon 10200",13.743225,100.495261,拍那空县,大皇宫区,,,,,,https://maps.google.com/?cid=15234133559150734885&g_mp=CiVnb29nbGUubWFwcy5wbGFjZXMudjEuUGxhY2VzLkdldFBsYWNlEAIYBCAA
ChIJPVbyUgCZ4jARyL9xuazYYCk,景点,ป้อมพิศาลสีมา,ป้อมพิศาลสีมา,historical_landmark,古迹地标,5.0,2,"25 Thanon Thai Wang, Khwaeng Phra Borom Maha Ratchawang, Khet Phra Nakhon, Krung Thep Maha Nakhon 10200",13.747223,100.492507,拍那空县,大皇宫区,,,,,,https://maps.google.com/?cid=2981621189676482504&g_mp=CiVnb29nbGUubWFwcy5wbGFjZXMudjEuUGxhY2VzLkdldFBsYWNlEAIYBCAA
ChIJf_2rbQCZ4jAROHiUsd8WG-A,景点,พระตำหนักเจ้าดารารัศมี พระราชชายา,พระตำหนักเจ้าดารารัศมี พระราชชายา,castle,城堡,5.0,2,"PFXV+M29, Phra Borom Maha Ratchawang, Phra Nakhon, Bangkok 10200",13.748731,100.492286,拍那空县,大皇宫区,,,,,,https://maps.google.com/?cid=16148526038879860792&g_mp=CiVnb29nbGUubWFwcy5wbGFjZXMudjEuUGxhY2VzLkdldFBsYWNlEAIYBCAA
ChIJaysCTQCZ4jARPItH_TLTVk4,景点,พิพิธภัณฑ์เครื่องมุก พระวิหารทิศใต้,พิพิธภัณฑ์เครื่องมุก พระวิหารทิศใต้,museum,博物馆,4.5,2,"PFWV+C98, Thanon Maha Rat, Khwaeng Phra Borom Maha Ratchawang, Khet Phra Nakhon, Krung Thep Maha Nakhon 10200",13.746107,100.493436,拍那空县,大皇宫区,星期一: 08:00–17:00 | 星期二: 08:00–17:00 | 星期三: 08:00–17:00 | 星期四: 08:00–17:00 | 星期五: 08:00–17:00 | 星期六: 08:00–17:00 | 星期日: 08:00–17:00,,,适合儿童,,https://maps.google.com/?cid=5644931398906645308&g_mp=CiVnb29nbGUubWFwcy5wbGFjZXMudjEuUGxhY2VzLkdldFBsYWNlEAIYBCAA
ChIJd92B3PSZ4jARQIxfBTxzIE0,景点,รัตนฆรเจดีย์(Ratana Ghara Cetiya),รัตนฆรเจดีย์(Ratana Ghara Cetiya),buddhist_temple,佛教寺庙,5.0,2,"126 Thanon Siri Phong, Khwaeng Wat Ratchabophit, Khet Phra Nakhon, Krung Thep Maha Nakhon 10200",13.750638,100.50197,拍那空县,巴杜披,星期一: 09:00–21:00 | 星期二: 09:00–21:00 | 星期三: 09:00–21:00 | 星期四: 09:00–21:00 | 星期五: 09:00–21:00 | 星期六: 09:00–21:00 | 星期日: 09:00–21:00,,,有洗手间,,https://maps.google.com/?cid=5557568641800571968&g_mp=CiVnb29nbGUubWFwcy5wbGFjZXMudjEuUGxhY2VzLkdldFBsYWNlEAIYBCAA
ChIJiUWjBACZ4jAR6AhT6AwA9UY,景点,ศาลาการเปรียญวัดราชนัดดาราม,ศาลาการเปรียญวัดราชนัดดาราม,buddhist_temple,佛教寺庙,5.0,2,"2 Thanon Ratchadamnoen Klang, Khwaeng Wat Bowon Niwet, Khet Phra Nakhon, Krung Thep Maha Nakhon 10200",13.755069,100.504659,拍那空县,波稳尼威区,,,,有洗手间,,https://maps.google.com/?cid=5112993007386429672&g_mp=Cilnb29nbGUubWFwcy5wbGFjZXMudjEuUGxhY2VzLlNlYXJjaE5lYXJieRACGAQgAA
ChIJ3flvZQCZ4jARc7_NOdByOi0,景点,สวนหย่อมจักรพรรดิพงษ์,สวนหย่อมจักรพรรดิพงษ์,park,公园,5.0,2,"178 Nakhon Sawan Rd, Khwaeng Wat Sommanat, Khet Pom Prap Sattru Phai, Krung Thep Maha Nakhon 10100",13.758011,100.509238,邦巴沙都拍县,Wat Sommanat,星期一: 24小时营业 | 星期二: 24小时营业 | 星期三: 24小时营业 | 星期四: 24小时营业 | 星期五: 24小时营业 | 星期六: 24小时营业 | 星期日: 24小时营业,,,适合儿童,,https://maps.google.com/?cid=3259043519004524403&g_mp=Cilnb29nbGUubWFwcy5wbGFjZXMudjEuUGxhY2VzLlNlYXJjaE5lYXJieRACGAQgAA
ChIJD6VQiReZ4jARqC9Gd1jQKWs,景点,"หลักอนุสรณ์ ""ที่เกิดภาพยนตร์ในสยาม""","หลักอนุสรณ์ ""ที่เกิดภาพยนตร์ในสยาม""",historical_landmark,古迹地标,4.5,2,"492 Maha Chai Rd, Khwaeng Wang Burapha Phirom, Khet Phra Nakhon, Krung Thep Maha Nakhon 10200",13.747435,100.50318,拍那空县,三王府区,,,,,,https://maps.google.com/?cid=7721932114480213928&g_mp=CiVnb29nbGUubWFwcy5wbGFjZXMudjEuUGxhY2VzLkdldFBsYWNlEAIYBCAA
ChIJx-cWGU2Z4jAR4Ur9kAtm5iI,景点,อนุสาวรีย์ ดร.ตั้ว ลพานุกรม องค์การเภสัชกรรม,อนุสาวรีย์ ดร.ตั้ว ลพานุกรม องค์การเภสัชกรรม,monument,纪念碑,3.5,2,"QG8H+M59, Thung Phaya Thai, Ratchathewi, Bangkok 10400",13.766665,100.527972,拉差贴威县,Thung Phaya Thai,,,,,,https://maps.google.com/?cid=2514809641796192993&g_mp=Cilnb29nbGUubWFwcy5wbGFjZXMudjEuUGxhY2VzLlNlYXJjaE5lYXJieRACGAQgAA
ChIJSZXHAwCZ4jARx9QdP1P-bhU,景点,อาคารตั้งสิน วัดสระเกศ ราชวรมหาวิหาร,อาคารตั้งสิน วัดสระเกศ ราชวรมหาวิหาร,buddhist_temple,佛教寺庙,5.0,2,"วัดสระเกศ 344 Thanon Chakkraphatdi Phong, Khwaeng Ban Bat, Khet Pom Prap Sattru Phai, Krung Thep Maha Nakhon 10100",13.753864,100.506546,邦巴沙都拍县,班巴区,,,,有洗手间,,https://maps.google.com/?cid=1544451355729319111&g_mp=Cilnb29nbGUubWFwcy5wbGFjZXMudjEuUGxhY2VzLlNlYXJjaE5lYXJieRACGAQgAA
ChIJY57iX7aZ4jARFSRydP2t4MY,景点,เทวาลัย พระศิวมหาเทพ ปิ่นเกล้า,เทวาลัย พระศิวมหาเทพ ปิ่นเกล้า,,印度教寺庙,5.0,2,"79 ซอย 17, Arun Amarin, Bangkok Noi, Bangkok 10700泰国",13.779676,100.475679,挽拍县,Arun Ammarin,星期一 08:00-22:00 | 星期二 08:00-22:00 | 星期三 08:00-22:00 | 星期四 08:00-22:00 | 星期五 08:00-22:00 | 星期六 08:00-22:00 | 星期日 08:00-22:00,,,,,https://www.google.com/maps/place/%E0%B9%80%E0%B8%97%E0%B8%A7%E0%B8%B2%E0%B8%A5%E0%B8%B1%E0%B8%A2+%E0%B8%9E%E0%B8%A3%E0%B8%B0%E0%B8%A8%E0%B8%B4%E0%B8%A7%E0%B8%A1%E0%B8%AB%E0%B8%B2%E0%B9%80%E0%B8%97%E0%B8%9E+%E0%B8%9B%E0%B8%B4%E0%B9%88%E0%B8%99%E0%B9%80%E0%B8%81%E0%B8%A5%E0%B9%89%E0%B8%B2/data=!4m7!3m6!1s0x30e299b65fe29e63:0xc6e0adfd74722415!8m2!3d13.7796758!4d100.4756791!16s%2Fg%2F11trqnjd9s!19sChIJY57iX7aZ4jARFSRydP2t4MY?authuser=0&hl=zh-CN&g_ep=EgoyMDI2MDgyNS4wIJJjKgBIAVAD&rclk=1
ChIJB595pXiZ4jARP5hNzlExdTE,景点,โรงเจโพ่วอี่ฮุกตึ๊ง,โรงเจโพ่วอี่ฮุกตึ๊ง,cultural_landmark,文化地标,5.0,2,"55/1 ซอย สุขสันต์ แขวงสี่พระยา แขวงสี่พระยา เขตบางรัก จังหวัด Khwaeng Si Phraya, Khet Bang Rak, Krung Thep Maha Nakhon 10500",13.730728,100.528314,挽叻县,Si Phraya,星期一: 08:00–17:00 | 星期二: 08:00–17:00 | 星期三: 08:00–17:00 | 星期四: 08:00–17:00 | 星期五: 08:00–17:00 | 星期六: 08:00–17:00 | 星期日: 08:00–17:00,+66 2 234 1173,https://youtube.com/@imkxent?si=D9vm9XtHlYj6HUyz,,,https://maps.google.com/?cid=3563808907556919359&g_mp=Cilnb29nbGUubWFwcy5wbGFjZXMudjEuUGxhY2VzLlNlYXJjaE5lYXJieRACGAQgAA
ChIJu4ESGMyY4jARvuln2tGKXH4,景点,圣 · 路易斯医院教堂,เซนต์ โบสถ์โรงพยาบาลหลุยส์,,天主教堂,4.7,2,"215 S Sathon Rd, Yan Nawa, Sathon, Bangkok 10120泰国",13.719103,100.524634,沙吞县,Yan Nawa,星期一 休息 | 星期二 休息 | 星期三 休息 | 星期四 休息 | 星期五 11:30-13:30 | 星期六 休息 | 星期日 10:59-13:30,+66 2 211 0220,https://saintlouis.or.th,,,https://www.google.com/maps/place/%E5%9C%A3+%C2%B7+%E8%B7%AF%E6%98%93%E6%96%AF%E5%8C%BB%E9%99%A2%E6%95%99%E5%A0%82/data=!4m7!3m6!1s0x30e298cc181281bb:0x7e5c8ad1da67e9be!8m2!3d13.7191029!4d100.5246338!16s%2Fg%2F11gxssjlck!19sChIJu4ESGMyY4jARvuln2tGKXH4?authuser=0&hl=zh-CN&g_ep=EgoyMDI2MDgyNS4wIJJjKgBIAVAD&rclk=1
ChIJ01jpSwCZ4jARjE8JcSRM_1s,景点,臥佛寺,วัดโพธิ์,buddhist_temple,佛教寺庙,5.0,2,"2 Thanon Sanam Chai, Khwaeng Phra Borom Maha Ratchawang, Khet Phra Nakhon, Krung Thep Maha Nakhon 10200",13.746536,100.491772,拍那空县,大皇宫区,,,,有洗手间,,https://maps.google.com/?cid=6629100895911628684&g_mp=CiVnb29nbGUubWFwcy5wbGFjZXMudjEuUGxhY2VzLkdldFBsYWNlEAIYBCAA
ChIJlXs-UgCZ4jARCESsGbep37c,景点,金佛殿,หอพระทอง,buddhist_temple,佛教寺庙,5.0,2,"2 Thanon Sanam Chai, Khwaeng Phra Borom Maha Ratchawang, Khet Phra Nakhon, Krung Thep Maha Nakhon 10200",13.746582,100.493318,拍那空县,大皇宫区,星期一: 08:00–19:30 | 星期二: 08:00–19:30 | 星期三: 08:00–19:30 | 星期四: 08:00–19:30 | 星期五: 08:00–19:30 | 星期六: 08:00–19:30 | 星期日: 08:00–19:30,,,有洗手间,,https://maps.google.com/?cid=13249495232622117896&g_mp=CiVnb29nbGUubWFwcy5wbGFjZXMudjEuUGxhY2VzLkdldFBsYWNlEAIYBCAA
ChIJgXjgQwCZ4jARC-U-50gm0H4,景点,왓포 남쪽 출입구,ทางเข้าวัดโพธิ์ใต้,buddhist_temple,佛教寺庙,4.5,2,"PFWV+874, Phra Borom Maha Ratchawang, Phra Nakhon, Bangkok 10200",13.745754,100.493195,拍那空县,大皇宫区,,,,有洗手间,,https://maps.google.com/?cid=9137845738493895947&g_mp=CiVnb29nbGUubWFwcy5wbGFjZXMudjEuUGxhY2VzLkdldFBsYWNlEAIYBCAA
ChIJvY0bUgCZ4jAR1x3Qk95KgDY,景点,344 วัดสระเกศราชวรมหาวิหาร,344 วัดสระเกศราชวรมหาวิหาร,buddhist_temple,佛教寺庙,5.0,1,"344 Boriphat Rd, Khwaeng Ban Bat, Khet Pom Prap Sattru Phai, Krung Thep Maha Nakhon 10100",13.753346,100.505889,拍那空县,班巴区,,,,有洗手间,,https://maps.google.com/?cid=3927221194890157527&g_mp=Cilnb29nbGUubWFwcy5wbGFjZXMudjEuUGxhY2VzLlNlYXJjaE5lYXJieRACGAQgAA
ChIJfdhFRGKl4jARcbRK-O_9yrA,景点,Bad Camera Man Studio,สตูดิโอ Bad Camera Man,art_museum,现代美术馆,5.0,1,"134 Amnuay Songkhram Rd, Khwaeng Thanon Nakhon Chai Si, Khet Dusit, Krung Thep Maha Nakhon 10300",13.786224,100.51875,都实县,Thanon Nakhon Chai Si,星期一: 24小时营业 | 星期二: 24小时营业 | 星期三: 24小时营业 | 星期四: 24小时营业 | 星期五: 24小时营业 | 星期六: 24小时营业 | 星期日: 24小时营业,+66 84 004 4556,,有洗手间|无障碍入口,,https://maps.google.com/?cid=12739273703075525745&g_mp=Cilnb29nbGUubWFwcy5wbGFjZXMudjEuUGxhY2VzLlNlYXJjaE5lYXJieRACGAQgAA
ChIJ8TMOaQCZ4jARuqrVFHs305M,景点,Berlin Museum,พิพิธภัณฑ์เบอร์ลิน,museum,博物馆,4.0,1,"359 ถ. เจริญกรุง Khwaeng Pom Prap, Khet Pom Prap Sattru Phai, Krung Thep Maha Nakhon 10100",13.743809,100.508193,邦巴沙都拍县,Pom Prap,,,,,,https://maps.google.com/?cid=10651918545431407290&g_mp=CiVnb29nbGUubWFwcy5wbGFjZXMudjEuUGxhY2VzLkdldFBsYWNlEAIYBCAA
ChIJzVSgZwCZ4jAReNI9xCFDZxg,景点,Canal Garden,สวนคลอง,garden,花园,5.0,1,"30 ถ. หลวง Khwaeng Samran Rat, Khet Phra Nakhon, Krung Thep Maha Nakhon 10200",13.7488,100.504346,拍那空县,班巴区,,,,,,https://maps.google.com/?cid=1758447991816835704&g_mp=CiVnb29nbGUubWFwcy5wbGFjZXMudjEuUGxhY2VzLkdldFBsYWNlEAIYBCAA
ChIJ4Xjb7c2Z4jARIXT0Rp9wTSY,景点,Chalet Forest Market Festival,เทศกาลตลาดป่าชาเล่ต์,tourist_attraction,旅游胜地,1.0,1,"ถนนสนามบินหาดใหญ๋ ควนลัง หาดใหญ๋ Khwaeng Wat Bowon Niwet, Khet Phra Nakhon, สงขลา 10200",13.756331,100.501765,拍那空县,波稳尼威区,星期一: 10:00–20:00 | 星期二: 10:00–20:00 | 星期三: 10:00–20:00 | 星期四: 10:00–20:00 | 星期五: 10:00–20:00 | 星期六: 10:00–20:00 | 星期日: 10:00–20:00,+66 81 823 9384,,,,https://maps.google.com/?cid=2759985976040518689&g_mp=Cilnb29nbGUubWFwcy5wbGFjZXMudjEuUGxhY2VzLlNlYXJjaE5lYXJieRACGAQgAA
ChIJr9Eigc2e4jAR5H-gEWSC2DE,景点,Garden Fiynow III,สวน Fiynow III,garden,花园,5.0,1,"339/1 อาคาร สยามเซ็นเตอร์ Rama I Rd, Khwaeng Pathum Wan, Pathum Wan, Krung Thep Maha Nakhon 10330",13.746213,100.532697,巴吞旺县,Pathum Wan,星期一: 10:00–22:00 | 星期二: 10:00–22:00 | 星期三: 10:00–22:00 | 星期四: 10:00–22:00 | 星期五: 10:00–22:00 | 星期六: 10:00–22:00 | 星期日: 10:00–22:00,+66 2 658 1707,,,,https://maps.google.com/?cid=3591764069132042212&g_mp=Cilnb29nbGUubWFwcy5wbGFjZXMudjEuUGxhY2VzLlNlYXJjaE5lYXJieRACGAQgAA
ChIJfarrQwCf4jARRSFy7WbCOpQ,景点,INTERNATIONAL MIRACLE MAKERS CHURCH BANGKOK,คริสตจักรอัศจรรย์นานาชาติ กรุงเทพฯ,,教堂,5.0,1,"City Link Building (A),6th Floor,1091, 241 Phetchaburi 35 Alley, Makkasan, Ratchathewi, Bangkok 10400泰国",13.751506,100.547139,拉差贴威县,Makkasan,星期一 24小时营业 | 星期二 24小时营业 | 星期三 24小时营业 | 星期四 24小时营业 | 星期五 24小时营业 | 星期六 24小时营业 | 星期日 24小时营业,+66 98 069 8825,,,,https://www.google.com/maps/place/INTERNATIONAL+MIRACLE+MAKERS+CHURCH+BANGKOK/data=!4m7!3m6!1s0x30e29f0043ebaa7d:0x943ac266ed722145!8m2!3d13.7515057!4d100.5471392!16s%2Fg%2F11y_glxwmq!19sChIJfarrQwCf4jARRSFy7WbCOpQ?authuser=0&hl=zh-CN&g_ep=EgoyMDI2MDgyNS4wIJJjKgBIAVAD&rclk=1
ChIJEYRBJNaZ4jAReAexbRSMaVU,景点,Jumpland Office,สำนักงานจั๊มแลนด์,amusement_park,游乐场,5.0,1,"ปิ่นเกล้า (ในโซนร้านบ้านเพื่อน คาเฟ่ Soi Charan Sanitwong 36, Khwaeng Arun Amarin, Khet Bangkok Noi, Krung Thep Maha Nakhon 10700",13.771383,100.480579,曼谷蓮縣,Arun Ammarin,星期一: 09:00–20:00 | 星期二: 09:00–20:00 | 星期三: 09:00–20:00 | 星期四: 09:00–20:00 | 星期五: 09:00–20:00 | 星期六: 09:00–20:00 | 星期日: 09:00–20:00,+66 98 042 4019,,有洗手间,,https://maps.google.com/?cid=6154604385146046328&g_mp=Cilnb29nbGUubWFwcy5wbGFjZXMudjEuUGxhY2VzLlNlYXJjaE5lYXJieRACGAQgAA
ChIJDRBfNACZ4jAR7tSkVpfr4qY,景点,Khaosod City Hall Park,อุทยานศาลากลางเขาสด,park,公园,5.0,1,"208 ถ. วิทยุ, Khwaeng Sao Chingcha, Khet Phra Nakhon, Krung Thep Maha Nakhon 10330",13.754096,100.501879,拍那空县,大秋千区,星期一: 08:00–18:00 | 星期二: 08:00–18:00 | 星期三: 08:00–18:00 | 星期四: 08:00–18:00 | 星期五: 08:00–18:00 | 星期六: 08:00–18:00 | 星期日: 08:00–18:00,,,适合儿童,,https://maps.google.com/?cid=12025432990258877678&g_mp=CiVnb29nbGUubWFwcy5wbGFjZXMudjEuUGxhY2VzLkdldFBsYWNlEAIYBCAA
ChIJIaUSP_-f4jARHBk4m2rMJxE,景点,Lord Ganesha Shrine,ศาลพระพิฆเนศ,,印度教寺庙,5.0,1,"140, อาคารวัน แปซิฟิคเพลส ชั้น 15 ห้องเลขที่ 1505-6, Sukhumvit Rd, แขวงคลองเตย, Khlong Toei, Bangkok 10110泰国",13.738713,100.558361,宛他那县,Khlong Toei Nuea,,,,,,https://www.google.com/maps/place/Lord+Ganesha+Shrine/data=!4m7!3m6!1s0x30e29fff3f12a521:0x1127cc6a9b38191c!8m2!3d13.7387135!4d100.5583611!16s%2Fg%2F11y2147rwv!19sChIJIaUSP_-f4jARHBk4m2rMJxE?authuser=0&hl=zh-CN&g_ep=EgoyMDI2MDgyNS4wIJJjKgBIAVAD&rclk=1
ChIJV5R9MACZ4jARY-CVK2apdo8,景点,"Mural grafiti pequeña Tailandesa,Bestror🇹🇭","จิตรกรรมฝาผนังกราฟฟิตี้ pequeña Tailandesa, Bestror🇹🇭",art_gallery,画廊,5.0,1,"137/2 Thanon Khao San, Khwaeng Talat Yot, Khet Phra Nakhon, Krung Thep Maha Nakhon 10200",13.758698,100.498062,拍那空县,哒叻裕区,星期一: 24小时营业 | 星期二: 24小时营业 | 星期三: 24小时营业 | 星期四: 24小时营业 | 星期五: 24小时营业 | 星期六: 24小时营业 | 星期日: 24小时营业,,,,,https://maps.google.com/?cid=10337636250958553187&g_mp=Cilnb29nbGUubWFwcy5wbGFjZXMudjEuUGxhY2VzLlNlYXJjaE5lYXJieRACGAQgAA
ChIJ548mutaZ4jARQubtlOzmj-M,景点,Nimit Villas,นิมิตรวิลล่า,castle,Manor house,5.0,1,"295 Thoet Thai 19 Alley, Bangyirua Khet Thon Buri, Krung Thep Maha Nakhon 10600",13.721335,100.484849,吞武里县,Bang Yi Ruea,,+66 98 265 5645,,,,https://maps.google.com/?cid=16397578672064554562&g_mp=Cilnb29nbGUubWFwcy5wbGFjZXMudjEuUGxhY2VzLlNlYXJjaE5lYXJieRACGAQgAA
ChIJeTmdDdCZ4jARuMDkfRRpasc,景点,Prince of Ratchaburi Monument,อนุเสาวรีย์กรมหลวงราชบุรีดิเรกฤทธิ์,park,公园,4.0,1,"QF4V+6WG, Phra Borom Maha Ratchawang, Phra Nakhon, Bangkok 10200",13.755558,100.494822,拍那空县,大皇宫区,,,,适合儿童,,https://maps.google.com/?cid=14369413097811394744&g_mp=Cilnb29nbGUubWFwcy5wbGFjZXMudjEuUGxhY2VzLlNlYXJjaE5lYXJieRACGAQgAA
ChIJO9wzVgCZ4jARbWs4Wo7ymug,景点,Public Park,สวนสาธารณะ,park,公园,5.0,1,"199 Krung Kasem Rd, Khwaeng Wat Sommanat, Khet Pom Prap Sattru Phai, Krung Thep Maha Nakhon 10100",13.759418,100.512666,都实县,Wat Sommanat,,,,适合儿童,,https://maps.google.com/?cid=16760975656425646957&g_mp=Cilnb29nbGUubWFwcy5wbGFjZXMudjEuUGxhY2VzLlNlYXJjaE5lYXJieRACGAQgAA
ChIJbTPfLACZ4jARgfdm0WaoDK8,景点,Rama VI Museum,พิพิธภัณฑ์พระรามหก,museum,博物馆,5.0,1,"2 ถ. เจริญกรุง Khwaeng Phra Borom Maha Ratchawang, Khet Phra Nakhon, Krung Thep Maha Nakhon 10200",13.74694,100.494573,拍那空县,大皇宫区,,,,适合儿童,,https://maps.google.com/?cid=12613641815911233409&g_mp=CiVnb29nbGUubWFwcy5wbGFjZXMudjEuUGxhY2VzLkdldFBsYWNlEAIYBCAA
ChIJ34b_eACZ4jAR2j7D3bs2ifg,景点,San Prabhumi and murals,สันพระภูมิและจิตรกรรมฝาผนัง,tourist_attraction,旅游胜地,5.0,1,"176 Thanon Siri Phong, Khwaeng Samran Rat, Khet Phra Nakhon, Krung Thep Maha Nakhon 10200",13.75259,100.50428,拍那空县,巴杜披,,,,适合儿童,,https://maps.google.com/?cid=17908905573722832602&g_mp=CiVnb29nbGUubWFwcy5wbGFjZXMudjEuUGxhY2VzLkdldFBsYWNlEAIYBCAA
ChIJW9XNAQCf4jAR9BsTjH5C7Pg,景点,Santi Bawan Buddhist Temple,วัดสันติบาวัน,,佛教寺庙,5.0,1,"165 On Nut Rd, Suan Luang, Bangkok 10250泰国",13.708859,100.604539,宛他那县,On Nut,,,,,,https://www.google.com/maps/place/Santi+Bawan+Buddhist+Temple/data=!4m7!3m6!1s0x30e29f0001cdd55b:0xf8ec427e8c131bf4!8m2!3d13.7088588!4d100.6045392!16s%2Fg%2F11xt5xc_v9!19sChIJW9XNAQCf4jAR9BsTjH5C7Pg?authuser=0&hl=zh-CN&g_ep=EgoyMDI2MDgyNS4wIJJjKgBIAVAD&rclk=1
ChIJj3GEVACZ4jARAturjUysEF8,景点,The Ancient City,เมืองโบราณ,historical_landmark,古迹地标,5.0,1,"曼谷都会区 Phra Nakhon, 曼谷 Banglamphu QG42+GPJ邮政编码: 10200",13.756331,100.501765,拍那空县,波稳尼威区,,,,,,https://maps.google.com/?cid=6850164478024866562&g_mp=Cilnb29nbGUubWFwcy5wbGFjZXMudjEuUGxhY2VzLlNlYXJjaE5lYXJieRACGAQgAA
ChIJrW0mUwCZ4jARTwIgrcL1B84,景点,The Great Temple of Thailand,วัดใหญ่แห่งประเทศไทย,,佛教寺庙,5.0,1,"PGQ7+39P, Talat Noi, Samphanthawong, Bangkok 10100泰国",13.737706,100.513456,三攀他旺县,噠叻仔區,,,,,,https://www.google.com/maps/place/The+Great+Temple+of+Thailand/data=!4m7!3m6!1s0x30e2990053266dad:0xce07f5c2ad20024f!8m2!3d13.7377062!4d100.5134564!16s%2Fg%2F11zchkz2tg!19sChIJrW0mUwCZ4jARTwIgrcL1B84?authuser=0&hl=zh-CN&g_ep=EgoyMDI2MDgyNS4wIJJjKgBIAVAD&rclk=1
ChIJYz8waACZ4jARsv-ajJ9htwg,景点,Tuk Tuk Mural - Street Art,ตุ๊กตุ๊กจิตรกรรมฝาผนัง - สตรีทอาร์ต,tourist_attraction,旅游胜地,5.0,1,"543/8 Maha Chai Rd, Khwaeng Samran Rat, Khet Phra Nakhon, Krung Thep Maha Nakhon 10200",13.749794,100.504522,拍那空县,巴杜披,星期一: 24小时营业 | 星期二: 24小时营业 | 星期三: 24小时营业 | 星期四: 24小时营业 | 星期五: 24小时营业 | 星期六: 24小时营业 | 星期日: 24小时营业,,,,,https://maps.google.com/?cid=628078010928136114&g_mp=CiVnb29nbGUubWFwcy5wbGFjZXMudjEuUGxhY2VzLkdldFBsYWNlEAIYBCAA
ChIJu_TpVH-Z4jARyYIZs07tUm4,景点,Xsence,เอ็กซ์เซนซ์,castle,Manor house,5.0,1,"979, 11-14 Soi Fraser And Neave, Mahapruttaram, Khet Bang Rak, Krung Thep Maha Nakhon 10500",13.731132,100.515746,挽叻县,玛哈拍他喃区,星期一: 24小时营业 | 星期二: 24小时营业 | 星期三: 24小时营业 | 星期四: 24小时营业 | 星期五: 24小时营业 | 星期六: 24小时营业 | 星期日: 24小时营业,+66 65 796 4999,,,,https://maps.google.com/?cid=7949677214530372297&g_mp=Cilnb29nbGUubWFwcy5wbGFjZXMudjEuUGxhY2VzLlNlYXJjaE5lYXJieRACGAQgAA
ChIJN6MlWgCZ4jARrSOuFRjuFVw,景点,คณะ 8 วัดสระเกศ,คณะ 8 วัดสระเกศ,buddhist_temple,佛教寺庙,3.0,1,"344 Boriphat Rd, Khwaeng Ban Bat, Khet Pom Prap Sattru Phai, Krung Thep Maha Nakhon 10100",13.752879,100.506707,邦巴沙都拍县,班巴区,,,,有洗手间,,https://maps.google.com/?cid=6635471413210653613&g_mp=CiVnb29nbGUubWFwcy5wbGFjZXMudjEuUGxhY2VzLkdldFBsYWNlEAIYBCAA
ChIJv5LWPQCZ4jARY9H60cLLMuI,景点,ตำหนักพระองค์เจ้าวรลักษณาวดี,ตำหนักพระองค์เจ้าวรลักษณาวดี,castle,城堡,5.0,1,"396/2 Thanon Maha Rat, Khwaeng Phra Borom Maha Ratchawang, Khet Phra Nakhon, Krung Thep Maha Nakhon 10200",13.749155,100.490381,拍那空县,大皇宫区,,,,,,https://maps.google.com/?cid=16299314039014216035&g_mp=Cilnb29nbGUubWFwcy5wbGFjZXMudjEuUGxhY2VzLlNlYXJjaE5lYXJieRACGAQgAA
ChIJaQKQDgCZ4jARPtvfc2JsTZ0,景点,ตำหนักพระองค์เจ้าอาทรทิพยนิภา พระองค์เจ้า สุจิตราภรณีและเจ้าจอมมารดาชุ่ม,ตำหนักพระองค์เจ้าอาทรทิพยนิภา พระองค์เจ้า สุจิตราภรณีและเจ้าจอมมารดาชุ่ม,castle,城堡,5.0,1,"200 Thanon Maha Rat, Khwaeng Phra Borom Maha Ratchawang, Khet Phra Nakhon, Krung Thep Maha Nakhon 10200",13.748283,100.490697,拍那空县,大皇宫区,,,,适合儿童,,https://maps.google.com/?cid=11334835007268051774&g_mp=Cilnb29nbGUubWFwcy5wbGFjZXMudjEuUGxhY2VzLlNlYXJjaE5lYXJieRACGAQgAA
ChIJOzzUhsSZ4jARHvYmqFCNWc0,景点,บริษัท ปากคลองตลาด 999 จำกัด,บริษัท ปากคลองตลาด 999 จำกัด,buddhist_temple,佛教寺庙,5.0,1,"441 1 Chakkraphet Rd, Khwaeng Wang Burapha Phirom, Khet Phra Nakhon, Krung Thep Maha Nakhon 10200",13.741816,100.497067,拍那空县,三王府区,星期一: 24小时营业 | 星期二: 24小时营业 | 星期三: 24小时营业 | 星期四: 24小时营业 | 星期五: 24小时营业 | 星期六: 24小时营业 | 星期日: 24小时营业,+66 81 837 7614,,有洗手间,,https://maps.google.com/?cid=14797013428260501022&g_mp=CiVnb29nbGUubWFwcy5wbGFjZXMudjEuUGxhY2VzLkdldFBsYWNlEAIYBCAA
ChIJid2lFUic4jARG9LwkMpdo3k,景点,บริษัท พีเพิล พลาซ่า จำกัด,บริษัท พีเพิล พลาซ่า จำกัด,plaza,广场,5.0,1,"1 Soi Loet Punya, Khwaeng Thanon Phaya Thai, Khet Ratchathewi, Krung Thep Maha Nakhon 10400",13.764431,100.539345,拉差贴威县,Thanon Phaya Thai,,+66 2 246 1831,,,,https://maps.google.com/?cid=8764952424389595675&g_mp=Cilnb29nbGUubWFwcy5wbGFjZXMudjEuUGxhY2VzLlNlYXJjaE5lYXJieRACGAQgAA
ChIJZ61JfQCZ4jAR1QCynv678C8,景点,ปราสาทเทพปิดร,ปราสาทเทพปิดร,castle,城堡,5.0,1,"QF2V+M34, Na Phra Lan Rd, Khwaeng Phra Borom Maha Ratchawang, Khet Phra Nakhon, Krung Thep Maha Nakhon 10200",13.751654,100.492756,拍那空县,大皇宫区,,,,,,https://maps.google.com/?cid=3454467616451723477&g_mp=CiVnb29nbGUubWFwcy5wbGFjZXMudjEuUGxhY2VzLkdldFBsYWNlEAIYBCAA
ChIJPUBfUEKZ4jARzuEyyKf4w7o,景点,พระอุโบสถ หลวงพ่อบุญฤทธิ์,พระอุโบสถ หลวงพ่อบุญฤทธิ์,buddhist_temple,佛教寺庙,4.0,1,"261 5 Thanon Tanao, Khwaeng Sao Chingcha, Khet Phra Nakhon, Krung Thep Maha Nakhon 10200",13.754774,100.499327,拍那空县,大秋千区,,,,有洗手间,,https://maps.google.com/?cid=13457873511015178702&g_mp=Cilnb29nbGUubWFwcy5wbGFjZXMudjEuUGxhY2VzLlNlYXJjaE5lYXJieRACGAQgAA
ChIJBQleNwCZ4jARu4o_8OMgJL0,景点,วัดดวงแข,วัดดวงแข,buddhist_temple,佛教寺庙,5.0,1,"曼谷都会区 Phra Nakhon, 曼谷 Banglamphu QG42+GPJ邮政编码: 10200",13.756331,100.501765,拍那空县,波稳尼威区,,,,有洗手间,,https://maps.google.com/?cid=13629054535690324667&g_mp=Cilnb29nbGUubWFwcy5wbGFjZXMudjEuUGxhY2VzLlNlYXJjaE5lYXJieRACGAQgAA
ChIJTewFHZuZ4jARQcY1aWPj6yo,景点,วัดโสมนัสฯ ศาลา 6,วัดโสมนัสฯ ศาลา 6,buddhist_temple,佛教寺庙,5.0,1,"646 Krung Kasem Rd, Khwaeng Wat Sommanat, Khet Pom Prap Sattru Phai, Krung Thep Maha Nakhon 10100",13.759867,100.510211,邦巴沙都拍县,Wat Sommanat,,,,有洗手间,,https://maps.google.com/?cid=3092815585226376769&g_mp=Cilnb29nbGUubWFwcy5wbGFjZXMudjEuUGxhY2VzLlNlYXJjaE5lYXJieRACGAQgAA
ChIJx9CEKrGZ4jARtwTqk2DJkbA,景点,สวนนกเงือก,สวนนกเงือก,botanical_garden,植物园,5.0,1,"QG7G+RGG, Thung Phaya Thai, Ratchathewi, Bangkok 10400",13.764566,100.526324,拉差贴威县,Thung Phaya Thai,,,,,,https://maps.google.com/?cid=12723171838933992631&g_mp=Cilnb29nbGUubWFwcy5wbGFjZXMudjEuUGxhY2VzLlNlYXJjaE5lYXJieRACGAQgAA
ChIJ3zy_i8aZ4jARvWMx-7aD13s,景点,สวนไม้ทันยา,สวนไม้ทันยา,botanical_garden,植物园,5.0,1,"125/27 สวนไม้ทันยา Khwaeng Bang Khun Non, Khet Bangkok Noi, Krung Thep Maha Nakhon 10700",13.769875,100.464311,打邻仓县,Bang Khun Non,,+66 80 551 9929,,,,https://maps.google.com/?cid=8923746008579531709&g_mp=Cilnb29nbGUubWFwcy5wbGFjZXMudjEuUGxhY2VzLlNlYXJjaE5lYXJieRACGAQgAA
ChIJ9zWvQACZ4jARC4qchiQ32VE,景点,สำนักงานฌาปนสถาน-สุสานเมรุวัดจักรวรรดิ,สำนักงานฌาปนสถาน-สุสานเมรุวัดจักรวรรดิ,buddhist_temple,佛教寺庙,5.0,1,"225 Khwaeng Chakkrawat, Khet Samphanthawong, Krung Thep Maha Nakhon 10100",13.741603,100.504115,三攀他旺县,差甲瓦區,星期一: 08:00–20:00 | 星期二: 08:00–20:00 | 星期三: 08:00–20:00 | 星期四: 08:00–20:00 | 星期五: 08:00–20:00 | 星期六: 08:00–20:00 | 星期日: 08:00–20:00,+66 2 222 7742,,有洗手间,,https://maps.google.com/?cid=5897805817035131403&g_mp=CiVnb29nbGUubWFwcy5wbGFjZXMudjEuUGxhY2VzLkdldFBsYWNlEAIYBCAA
ChIJB9OJZn2Z4jARSTIk9htGOpQ,景点,ส่วนตัว,ส่วนตัว,tourist_attraction,旅游胜地,5.0,1,"曼谷都会区 Phra Nakhon, 曼谷 Banglamphu",13.756331,100.501765,拍那空县,波稳尼威区,,+66 89 061 6383,,,,https://maps.google.com/?cid=10680926552170181193&g_mp=Cilnb29nbGUubWFwcy5wbGFjZXMudjEuUGxhY2VzLlNlYXJjaE5lYXJieRACGAQgAA
ChIJH89kAwCZ4jARRee-Wi0kCgY,景点,ห้องจัดแสดงเครื่องถ้วยและเครื่องแก้ว ศาลาพระมณฑป (ทิศตะวันตก),ห้องจัดแสดงเครื่องถ้วยและเครื่องแก้ว ศาลาพระมณฑป (ทิศตะวันตก),museum,博物馆,5.0,1,"2 Thanon Sanam Chai, Khwaeng Phra Borom Maha Ratchawang, Khet Phra Nakhon, Krung Thep Maha Nakhon 10200",13.746028,100.491861,拍那空县,大皇宫区,星期一: 08:00–18:30 | 星期二: 08:00–18:30 | 星期三: 08:00–18:30 | 星期四: 08:00–18:30 | 星期五: 08:00–18:30 | 星期六: 08:00–18:30 | 星期日: 08:00–18:30,,,适合儿童,,https://maps.google.com/?cid=435200091209262917&g_mp=CiVnb29nbGUubWFwcy5wbGFjZXMudjEuUGxhY2VzLkdldFBsYWNlEAIYBCAA
ChIJiaNDUACZ4jARLHmFwExD7s4,景点,โรงเรียนสุขุมาลย์ธรรมานุทิศ,โรงเรียนสุขุมาลย์ธรรมานุทิศ,buddhist_temple,佛教寺庙,5.0,1,"2 Thanon Sanam Chai, Khwaeng Phra Borom Maha Ratchawang, Khet Phra Nakhon, Krung Thep Maha Nakhon 10200",13.74484,100.494294,拍那空县,大皇宫区,星期一: 24小时营业 | 星期二: 24小时营业 | 星期三: 24小时营业 | 星期四: 24小时营业 | 星期五: 24小时营业 | 星期六: 24小时营业 | 星期日: 24小时营业,,,有洗手间,,https://maps.google.com/?cid=14910929413196839212&g_mp=CiVnb29nbGUubWFwcy5wbGFjZXMudjEuUGxhY2VzLkdldFBsYWNlEAIYBCAA
ChIJYQmTKwCZ4jARAbeRJ09tftc,景点,曼谷昭披耶河拍照點,จุดถ่ายรูปแม่น้ำเจ้าพระยา กทม,,旅游胜地,5.0,1,"111 Phra Pokklao Brg, Wang Burapha Phirom, Phra Nakhon, Bangkok 10200泰国",13.73951,100.498879,拍那空县,三王府区,,,,,,https://www.google.com/maps/place/%E6%9B%BC%E8%B0%B7%E6%98%AD%E6%8A%AB%E8%80%B6%E6%B2%B3%E6%8B%8D%E7%85%A7%E9%BB%9E/data=!4m7!3m6!1s0x30e299002b930961:0xd77e6d4f2791b701!8m2!3d13.73951!4d100.498879!16s%2Fg%2F11n9v41jxf!19sChIJYQmTKwCZ4jARAbeRJ09tftc?authuser=0&hl=zh-CN&g_ep=EgoyMDI2MDgyNS4wIJJjKgBIAVAD&rclk=1
ChIJbdONUwCZ4jAR1l_v5PKv3dE,景点,沙吞广场迷你树林,สาทรสแควร์ มินิฟอเรสต์,garden,社区花园,5.0,1,"PGFH+4MH, Si Lom, Bang Rak, Bangkok 10500",13.722908,100.529251,沙吞县,是隆,星期一: 24小时营业 | 星期二: 24小时营业 | 星期三: 24小时营业 | 星期四: 24小时营业 | 星期五: 24小时营业 | 星期六: 24小时营业 | 星期日: 24小时营业,,,,,https://maps.google.com/?cid=15122436581537832918&g_mp=Cilnb29nbGUubWFwcy5wbGFjZXMudjEuUGxhY2VzLlNlYXJjaE5lYXJieRACGAQgAA
ChIJi5hZNgCZ4jARUmu9W1oG8zY,景点,189 Rich and Happy Home,189 บ้านรวยสุข,garden,花园,,,"189, Petchaheung 57 Road, Khwaeng Talat Yot, Khet Phra Nakhon, Chang Wat Samut Prakan 10130",13.761583,100.499996,拍那空县,哒叻裕区,,,,,,https://maps.google.com/?cid=3959515482544761682&g_mp=Cilnb29nbGUubWFwcy5wbGFjZXMudjEuUGxhY2VzLlNlYXJjaE5lYXJieRACGAQgAA
ChIJB9LU9AyZ4jARBd1NEESN28c,景点,1976 Thammasat Massacre Memorial,อนุสรณ์สถานการสังหารหมู่ที่ธรรมศาสตร์ พ.ศ. 2519,park,公园,,,"2 Soi Na Phra That, Khwaeng Phra Borom Maha Ratchawang, Khet Phra Nakhon, Krung Thep Maha Nakhon 10200",13.757176,100.491963,拍那空县,大皇宫区,,,,,,https://maps.google.com/?cid=14401259556918123781&g_mp=Cilnb29nbGUubWFwcy5wbGFjZXMudjEuUGxhY2VzLlNlYXJjaE5lYXJieRACGAQgAA
ChIJA8pIeACZ4jARGwZPArgQK00,景点,Abhidhammajotika Vidyalaya,อภิธรรมโชติกวิทยา,buddhist_temple,佛教寺庙,,,"3 Trok Maha That, Khwaeng Phra Borom Maha Ratchawang, Khet Phra Nakhon, Krung Thep Maha Nakhon 10200",13.755247,100.489942,拍那空县,大皇宫区,,,,,,https://maps.google.com/?cid=5560556547417769499&g_mp=Cilnb29nbGUubWFwcy5wbGFjZXMudjEuUGxhY2VzLlNlYXJjaE5lYXJieRACGAQgAA
ChIJZTdjN1mZ4jARR1_cIxEKjiY,景点,Alex Face Art,อเล็กซ์ เฟซ อาร์ท,tourist_attraction,旅游景点,,,"136 Soi Samsen 4, Khwaeng Ban Phan Thom, Khet Phra Nakhon, Krung Thep Maha Nakhon 10200",13.763933,100.500442,拍那空县,班潘通,,,,,,https://maps.google.com/?cid=2778169088866541383&g_mp=Cilnb29nbGUubWFwcy5wbGFjZXMudjEuUGxhY2VzLlNlYXJjaE5lYXJieRACGAQgAA
ChIJ8fhAHgCZ4jARXSSkMlEKIss,景点,Altes Haus mit Holzfassade,อัลเทส เฮาส์ มิต โฮลซ์ฟาสซาเดอ,historical_landmark,古迹地标,,,"262 Maha Chai Rd, Khwaeng Samran Rat, Khet Phra Nakhon, Krung Thep Maha Nakhon 10200",13.752062,100.504995,拍那空县,巴杜披,,,,,,https://maps.google.com/?cid=14637273082765780061&g_mp=CiVnb29nbGUubWFwcy5wbGFjZXMudjEuUGxhY2VzLkdldFBsYWNlEAIYBCAA
ChIJcUjaPXWZ4jARNkLo1WNPeJA,景点,Ancient Ship Building อาคารเรือโบราณ,Ancient Ship Building อาคารเรือโบราณ,museum,博物馆,,,"QF6P+7HM, Siriraj, Bangkok Noi, Bangkok 10700",13.760712,100.486408,曼谷蓮縣,Sirirat,,,,,,https://maps.google.com/?cid=10410157828876026422&g_mp=Cilnb29nbGUubWFwcy5wbGFjZXMudjEuUGxhY2VzLlNlYXJjaE5lYXJieRACGAQgAA
ChIJWduIFT-Z4jAR_0djnTBFJAQ,景点,Ban Narasilp,บ้านนราศิลป์,tourist_attraction,旅游景点,,,"173 Lan Luang Rd, Khwaeng Wat Sommanat, Khet Pom Prap Sattru Phai, Krung Thep Maha Nakhon 10100",13.75668,100.511314,邦巴沙都拍县,Wat Sommanat,,,,,,https://maps.google.com/?cid=298439550414571519&g_mp=Cilnb29nbGUubWFwcy5wbGFjZXMudjEuUGxhY2VzLlNlYXJjaE5lYXJieRACGAQgAA
ChIJp-qLmcCZ4jARYoCSpq8q75M,景点,Bangkok elephant ethical sanctuary (living green),เขตอนุรักษ์จริยธรรมช้างกรุงเทพ (สีเขียวมีชีวิต),tourist_attraction,旅游景点,,,"154, 1 Thanon Ram Buttri, Khwaeng Talat Yot, Khet Phra Nakhon, Krung Thep Maha Nakhon 10200",13.759367,100.498637,拍那空县,哒叻裕区,,,,,,https://maps.google.com/?cid=10659785776911515746&g_mp=Cilnb29nbGUubWFwcy5wbGFjZXMudjEuUGxhY2VzLlNlYXJjaE5lYXJieRACGAQgAA
ChIJcaa9f1OZ4jARZMgr89C2y50,景点,Buddhaisawan Chapel,โบสถ์พุทธิศวรรย์,buddhist_temple,佛教寺庙,,,"4 Soi Na Phra That, Khwaeng Phra Borom Maha Ratchawang, Khet Phra Nakhon, Krung Thep Maha Nakhon 10200",13.757831,100.492238,拍那空县,大皇宫区,,,,,,https://maps.google.com/?cid=11370382692776134756&g_mp=Cilnb29nbGUubWFwcy5wbGFjZXMudjEuUGxhY2VzLlNlYXJjaE5lYXJieRACGAQgAA
ChIJ-bVTKpmZ4jARIz-nDaC-bQY,景点,Buddhaisawan Hall,ศาลาพุทธิศวรรย์,museum,博物馆,,,"4 Soi Na Phra That, Khwaeng Phra Borom Maha Ratchawang, Khet Phra Nakhon, Krung Thep Maha Nakhon 10200",13.757959,100.492077,拍那空县,大皇宫区,,,,,,https://maps.google.com/?cid=463235931322138403&g_mp=Cilnb29nbGUubWFwcy5wbGFjZXMudjEuUGxhY2VzLlNlYXJjaE5lYXJieRACGAQgAA
ChIJEbIeEgCZ4jARtUeaPNY6cYQ,景点,Chao Phraya Promenade,เจ้าพระยาพรอมนาด,park,公园,,,"QF7V+7F5, Banglamphu, Khwaeng Chana Songkhram, Khet Phra Nakhon, Krung Thep Maha Nakhon 10200",13.763145,100.49375,拍那空县,查那松康区,,,,,,https://maps.google.com/?cid=9543473777188947893&g_mp=Cilnb29nbGUubWFwcy5wbGFjZXMudjEuUGxhY2VzLlNlYXJjaE5lYXJieRACGAQgAA
ChIJyQiKswyZ4jARGw2erO6smrU,景点,Chao Phraya Yommarat Hall,ศาลาเจ้าพระยายมราช,museum,博物馆,,,"Krung Thep Maha Nakhon, Phra Nakhon, Krung Thep Maha Nakhon, 曼谷国家博物馆邮政编码: 10200",13.75895,100.491298,拍那空县,大皇宫区,,,,,,https://maps.google.com/?cid=13085961808376630555&g_mp=Cilnb29nbGUubWFwcy5wbGFjZXMudjEuUGxhY2VzLlNlYXJjaE5lYXJieRACGAQgAA
ChIJRVi3E_mZ4jARkO74IHA2uB4,景点,Chùa Thai,เชื้อไทย,buddhist_temple,佛教寺庙,,,"96 Thanon Atsadang, Khwaeng Wang Burapha Phirom, Khet Phra Nakhon, Krung Thep Maha Nakhon 10200",13.747091,100.498139,拍那空县,三王府区,,,,有洗手间,,https://maps.google.com/?cid=2213579072070020752&g_mp=CiVnb29nbGUubWFwcy5wbGFjZXMudjEuUGxhY2VzLkdldFBsYWNlEAIYBCAA
ChIJs3lCvwqZ4jAR7zKytV46jlk,景点,Congdon Anatomical Museum,พิพิธภัณฑ์กายวิภาคคองดอน,museum,博物馆,,,"ตึก กายวิภาค เก่า Anatomy Building Hospital Chang Wat จังหวัด, QF5P+7C6 แขวงศิริราช เขตบางกอกน้อย กรุงเทพมหานคร 10700",13.758165,100.486019,曼谷蓮縣,Sirirat,,,,,,https://maps.google.com/?cid=6453159494518190831&g_mp=Cilnb29nbGUubWFwcy5wbGFjZXMudjEuUGxhY2VzLlNlYXJjaE5lYXJieRACGAQgAA
ChIJxR7n4p-Z4jARGwYb-PLBBY0,景点,DC Collection Dinso House,ดีซี คอลเลคชั่น ดินสอเฮาส์,historical_landmark,历史地标,,,"149 Dinso Rd, Khwaeng Wat Bowon Niwet, Khet Phra Nakhon, Krung Thep Maha Nakhon 10200",13.757396,100.502141,拍那空县,波稳尼威区,,,,,,https://maps.google.com/?cid=10161741383520159259&g_mp=Cilnb29nbGUubWFwcy5wbGFjZXMudjEuUGxhY2VzLlNlYXJjaE5lYXJieRACGAQgAA
ChIJ9SBH2WWZ4jARxqVzpdfQ0II,景点,Devaraj Dhamma Sala,เทวราชธรรมศาลา,buddhist_temple,佛教寺庙,,,"90 Si Ayutthaya Rd, Khwaeng Wachira Phayaban, Khet Dusit, Krung Thep Maha Nakhon 10300",13.772059,100.501196,都实县,Wachira Phayaban,,,,,,https://maps.google.com/?cid=9426263644698813894&g_mp=Cilnb29nbGUubWFwcy5wbGFjZXMudjEuUGxhY2VzLlNlYXJjaE5lYXJieRACGAQgAA
ChIJ39nNYwuZ4jARJXwlkR665EE,景点,"Dome Building, Thammasat University",อาคารโดม มหาวิทยาลัยธรรมศาสตร์,historical_landmark,历史地标,,,"2 Phra Chan Alley, Khwaeng Phra Borom Maha Ratchawang, Khet Phra Nakhon, Krung Thep Maha Nakhon 10200",13.757457,100.489948,曼谷蓮縣,大皇宫区,,,,,,https://maps.google.com/?cid=4748124547602283557&g_mp=Cilnb29nbGUubWFwcy5wbGFjZXMudjEuUGxhY2VzLlNlYXJjaE5lYXJieRACGAQgAA
ChIJdVXyLQCZ4jARxcu7WcBy3Y0,景点,Duckie the cat,ดั๊กกี้แมว,tourist_attraction,旅游景点,,,"62 Thanon Tani, Khwaeng Talat Yot, Khet Phra Nakhon, Krung Thep Maha Nakhon 10200",13.7604,100.497984,拍那空县,哒叻裕区,,,,,,https://maps.google.com/?cid=10222452899665660869&g_mp=Cilnb29nbGUubWFwcy5wbGFjZXMudjEuUGxhY2VzLlNlYXJjaE5lYXJieRACGAQgAA
ChIJuThdFQCZ4jAROfqTai0uvuo,景点,Elephant Santuary,เขตรักษาพันธุ์ช้าง,tourist_attraction,旅游胜地,,,"曼谷都会区 Phra Nakhon, 曼谷 Banglamphu QG42+GPJ邮政编码: 10200",13.756331,100.501765,拍那空县,波稳尼威区,,,,,,https://maps.google.com/?cid=16915008023046650425&g_mp=Cilnb29nbGUubWFwcy5wbGFjZXMudjEuUGxhY2VzLlNlYXJjaE5lYXJieRACGAQgAA
ChIJHX9urAqZ4jARZxdgQDK4B80,景点,Ellis Pathological Museum,พิพิธภัณฑ์พยาธิวิทยาเอลลิส,museum,博物馆,,,"QF5P+G36, Siriraj, Bangkok Noi, Bangkok 10700",13.758788,100.485145,曼谷蓮縣,Sirirat,,,,,,https://maps.google.com/?cid=14773979628580116327&g_mp=Cilnb29nbGUubWFwcy5wbGFjZXMudjEuUGxhY2VzLlNlYXJjaE5lYXJieRACGAQgAA
ChIJ93JQ89-Z4jARfi7hmi6NRVw,景点,FAS SSRU Art Gallery,หอศิลป์ FAS SSRU,art_museum,现代美术馆,,,"1 Thanon U Thong Nok, Khwaeng Dusit, Khet Dusit, Krung Thep Maha Nakhon 10300",13.775779,100.509046,都实县,Dusit,星期一: 09:00–18:00 | 星期二: 09:00–18:00 | 星期三: 09:00–18:00 | 星期四: 09:00–18:00 | 星期五: 09:00–18:00 | 星期六: 09:00–18:00 | 星期日: 09:00–18:00,,,有洗手间|无障碍入口|无障碍洗手间,,https://maps.google.com/?cid=6648875656188866174&g_mp=Cilnb29nbGUubWFwcy5wbGFjZXMudjEuUGxhY2VzLlNlYXJjaE5lYXJieRACGAQgAA
ChIJy_3YYwCZ4jARn_5obmSh-mw,景点,Fiko Rest Area,พื้นที่พักผ่อนฟิโก้,garden,花园,,,"QF7V+HX2, Banglamphu, Khwaeng Chana Songkhram, Khet Phra Nakhon, Krung Thep Maha Nakhon 10200",13.763879,100.494906,拍那空县,查那松康区,,,,,,https://maps.google.com/?cid=7852766352995057311&g_mp=Cilnb29nbGUubWFwcy5wbGFjZXMudjEuUGxhY2VzLlNlYXJjaE5lYXJieRACGAQgAA
ChIJJz82RACZ4jARsANURSfpxPo,景点,Graffiti Alley,ตรอกกราฟฟิตี,art_gallery,画廊,,,"298 Thanon Ban Mo, Khwaeng Wang Burapha Phirom, Khet Phra Nakhon, Krung Thep Maha Nakhon 10200",13.743059,100.496859,拍那空县,三王府区,,,,,,https://maps.google.com/?cid=18069823959793402800&g_mp=CiVnb29nbGUubWFwcy5wbGFjZXMudjEuUGxhY2VzLkdldFBsYWNlEAIYBCAA
ChIJp7lSNAGZ4jARzixjNYWQ_Ek,景点,Graffiti Art Walls,กำแพงศิลปะกราฟฟิตี,tourist_attraction,旅游景点,,,"112 Thanon Khao San, Khwaeng Talat Yot, Khet Phra Nakhon, Krung Thep Maha Nakhon 10200",13.759149,100.498299,拍那空县,哒叻裕区,,,,,,https://maps.google.com/?cid=5331294960700566734&g_mp=Cilnb29nbGUubWFwcy5wbGFjZXMudjEuUGxhY2VzLlNlYXJjaE5lYXJieRACGAQgAA
ChIJ83VCxgyZ4jARIkQW35UF5LU,景点,Hangar of Thai Royal Funeral Chariot,โรงเก็บรถม้าพระราชทานพระศพ,museum,博物馆,,,"Krung Thep Maha Nakhon, Phra Nakhon, Krung Thep Maha Nakhon, Soi Na Phra That, 曼谷国家博物馆邮政编码: 10200",13.75848,100.491912,拍那空县,大皇宫区,,,,,,https://maps.google.com/?cid=13106606956806030370&g_mp=Cilnb29nbGUubWFwcy5wbGFjZXMudjEuUGxhY2VzLlNlYXJjaE5lYXJieRACGAQgAA
ChIJsU-7YQCZ4jARFTqhqFRR974,景点,Hidden artist,ศิลปินที่ซ่อนอยู่,tourist_attraction,旅游胜地,,,"364 330 Yaowarat Rd, Khwaeng Samphanthawong, Khet Samphanthawong, Krung Thep Maha Nakhon 10100",13.741097,100.508344,三攀他旺县,差甲瓦區,,,,,,https://maps.google.com/?cid=13760556610502081045&g_mp=CiVnb29nbGUubWFwcy5wbGFjZXMudjEuUGxhY2VzLkdldFBsYWNlEAIYBCAA
ChIJ9VJmWQCZ4jARQtkOWu0PqkE,景点,Htet ko,เท็ตโก้,garden,花园,,,"曼谷都会区 Phra Nakhon, 曼谷 Banglamphu QG42+GPJ邮政编码: 10200",13.756331,100.501765,拍那空县,波稳尼威区,,,,,,https://maps.google.com/?cid=4731611870598715714&g_mp=Cilnb29nbGUubWFwcy5wbGFjZXMudjEuUGxhY2VzLlNlYXJjaE5lYXJieRACGAQgAA
ChIJhTAMCLKZ4jARrjPVt8JN5HE,景点,"Indra on his three-head elephant mount, Airavata",พระอินทร์บนช้างสามเศียร,buddhist_temple,佛教寺庙,,,"วัดเทวราชกุญชรวรวิหาร เลขที่ 90 Si Ayutthaya Rd, Khwaeng Wachira Phayaban, Khet Dusit, Krung Thep Maha Nakhon 10300",13.772475,100.501516,都实县,Wachira Phayaban,,,,,,https://maps.google.com/?cid=8206769919679083438&g_mp=Cilnb29nbGUubWFwcy5wbGFjZXMudjEuUGxhY2VzLlNlYXJjaE5lYXJieRACGAQgAA
ChIJoQ2pwAyZ4jARJTISsZvv9sA,景点,Ishra Vinijaya Throne Hall,พระที่นั่งอิศราวิชัย,museum,博物馆,,,"Krung Thep Maha Nakhon, Phra Nakhon, Krung Thep Maha Nakhon, Soi Na Phra That, 曼谷国家博物馆邮政编码: 10200",13.758144,100.491595,拍那空县,大皇宫区,,,,,,https://maps.google.com/?cid=13904564351522714149&g_mp=Cilnb29nbGUubWFwcy5wbGFjZXMudjEuUGxhY2VzLlNlYXJjaE5lYXJieRACGAQgAA
ChIJsUZyLW2Z4jARbxecOJJta_U,景点,KHAOSAN MUSEUMS,พิพิธภัณฑ์ข้าวสาร,museum,博物馆,,,"265 อาคารบัดดี้ลอดจ์ ถนนข้าวสาร แขวงตลาดยอด Khwaeng Talat Yot, Khet Phra Nakhon, Krung Thep Maha Nakhon 10200",13.759142,100.497773,拍那空县,哒叻裕区,,,,,,https://maps.google.com/?cid=17684348836582791023&g_mp=Cilnb29nbGUubWFwcy5wbGFjZXMudjEuUGxhY2VzLlNlYXJjaE5lYXJieRACGAQgAA
ChIJoZcIBxWZ4jARy5lhqd6lVc8,景点,Khao San Road Directory,สารบบถนนข้าวสาร,tourist_attraction,旅游胜地,,,"161, 163 Thanon Khao San, Khwaeng Talat Yot, Khet Phra Nakhon, Krung Thep Maha Nakhon 10200",13.759167,100.497222,拍那空县,哒叻裕区,星期一: 09:00–18:00 | 星期二: 09:00–18:00 | 星期三: 09:00–18:00 | 星期四: 09:00–18:00 | 星期五: 09:00–18:00 | 星期六: 休息 | 星期日: 休息,+66 92 547 7064,https://khaosanroad.org/,适合儿童|有洗手间,,https://maps.google.com/?cid=14940029714614557131&g_mp=Cilnb29nbGUubWFwcy5wbGFjZXMudjEuUGxhY2VzLlNlYXJjaE5lYXJieRACGAQgAA
ChIJx_rvVACb4jARohdCbD92wZI,景点,Khiao Khai Ka Intersection,แยกเขียวไข่กา,cultural_landmark,文化地标,,,"1002 Thanon Samsen, Khwaeng Thanon Nakhon Chai Si, Khet Dusit, Krung Thep Maha Nakhon 10300",13.789425,100.514587,都实县,Thanon Nakhon Chai Si,,,,,,https://maps.google.com/?cid=10574863414813923234&g_mp=Cilnb29nbGUubWFwcy5wbGFjZXMudjEuUGxhY2VzLlNlYXJjaE5lYXJieRACGAQgAA
ChIJf1xgeNyf4jAR7JMOArTcoXs,景点,Kiddee's Condo,คิดดี คอนโด,castle,城堡,,,"QG7W+8JV Lumpini Suite, Ratchaprarop Rd, Khwaeng Din Daeng, Khet Din Daeng, Krung Thep Maha Nakhon 10400",13.763362,100.546561,鄰鈴縣,Din Daeng,,,,适合儿童,,https://maps.google.com/?cid=8908644203602285548&g_mp=Cilnb29nbGUubWFwcy5wbGFjZXMudjEuUGxhY2VzLlNlYXJjaE5lYXJieRACGAQgAA
ChIJ6cyuLgCZ4jARh9v0LnyBYLQ,景点,Location Vélo,ที่ตั้ง เวโล,tourist_attraction,旅游景点,,,"10200, 102/1 Thanon Phra Athit, Khwaeng Chana Songkhram, Khet Phra Nakhon, Krung Thep Maha Nakhon 10200",13.763555,100.495291,拍那空县,查那松康区,,,,,,https://maps.google.com/?cid=12997530894954978183&g_mp=Cilnb29nbGUubWFwcy5wbGFjZXMudjEuUGxhY2VzLlNlYXJjaE5lYXJieRACGAQgAA
ChIJJUMIrMqZ4jARgHu1YrnHaS8,景点,Maha Surasinghanat Building (อาคารมหาสุรสิงหนาท),Maha Surasinghanat Building (อาคารมหาสุรสิงหนาท),museum,博物馆,,,"4 Soi Na Phra That, Khwaeng Phra Borom Maha Ratchawang, Khet Phra Nakhon, Krung Thep Maha Nakhon 10200",13.757874,100.490975,拍那空县,大皇宫区,,,,,,https://maps.google.com/?cid=3416481391376169856&g_mp=Cilnb29nbGUubWFwcy5wbGFjZXMudjEuUGxhY2VzLlNlYXJjaE5lYXJieRACGAQgAA
ChIJBaP-aACZ4jARZGZRDVVbXtk,景点,Marina park,มารีน่าพาร์ค,tourist_attraction,旅游胜地,,,"曼谷都会区 Phra Nakhon, 曼谷 Banglamphu QG42+GPJ邮政编码: 10200",13.756331,100.501765,拍那空县,波稳尼威区,,,,,,https://maps.google.com/?cid=15663056974894949988&g_mp=Cilnb29nbGUubWFwcy5wbGFjZXMudjEuUGxhY2VzLlNlYXJjaE5lYXJieRACGAQgAA
ChIJ_UQjr-mZ4jARcBdekBXTYDI,景点,Meditation Guidance,แนวทางการทำสมาธิ,buddhist_temple,佛教寺庙,,,"Tha Tian - Wat Arun, Phraborommaharachawang, Khet Phra Nakhon, Krung Thep Maha Nakhon 10200",13.755089,100.490754,拍那空县,大皇宫区,,,,,,https://maps.google.com/?cid=3630133389230479216&g_mp=Cilnb29nbGUubWFwcy5wbGFjZXMudjEuUGxhY2VzLlNlYXJjaE5lYXJieRACGAQgAA
ChIJewV7T-yZ4jARPJSdp4FO0r0,景点,Mini lLs (LoveinLoves),มินิ lLs (LoveinLoves),art_gallery,美术馆,,,"64 Thanon Phra Sumen, Khwaeng Chana Songkhram, Khet Phra Nakhon, Krung Thep Maha Nakhon 10200",13.762032,100.496845,拍那空县,查那松康区,,,,,,https://maps.google.com/?cid=13678081337047487548&g_mp=Cilnb29nbGUubWFwcy5wbGFjZXMudjEuUGxhY2VzLlNlYXJjaE5lYXJieRACGAQgAA
ChIJQ-UTSQCZ4jARAzsjHpyP8Dc,景点,Mya pagoda,เจดีย์เมียหลวง,buddhist_temple,佛教寺庙,,,"185 Thanon Atsadang, Khwaeng Wang Burapha Phirom, Khet Phra Nakhon, Krung Thep Maha Nakhon 10200",13.743471,100.496042,拍那空县,三王府区,,,,,,https://maps.google.com/?cid=4030879567179889411&g_mp=CiVnb29nbGUubWFwcy5wbGFjZXMudjEuUGxhY2VzLkdldFBsYWNlEAIYBCAA
ChIJATARKwCZ4jARD9wnp5r7XTk,景点,N13,น13,tourist_attraction,旅游景点,,,"100 Thanon Phra Athit, Khwaeng Chana Songkhram, Khet Phra Nakhon, Krung Thep Maha Nakhon 10200",13.7627,100.494375,拍那空县,查那松康区,,,,,,https://maps.google.com/?cid=4133736674643926031&g_mp=Cilnb29nbGUubWFwcy5wbGFjZXMudjEuUGxhY2VzLlNlYXJjaE5lYXJieRACGAQgAA
ChIJ-76OIFGZ4jARWE2lmBq3vn4,景点,NEW ORLEANS,นิวออร์ลีนส์,art_gallery,画廊,,,"วัดบวรนิเวศ 522 Thanon Phra Sumen, Khwaeng Wat Bowon Niwet, Khet Phra Nakhon, Krung Thep Maha Nakhon 10200",13.757234,100.50392,拍那空县,波稳尼威区,,+66 93 141 5336,,,,https://maps.google.com/?cid=9132938419211947352&g_mp=Cilnb29nbGUubWFwcy5wbGFjZXMudjEuUGxhY2VzLlNlYXJjaE5lYXJieRACGAQgAA
ChIJHaHuVmWZ4jARLAqr0APhcjI,景点,"Old Brazier, Ban Pune Community",เตาอั้งโล่เก่า ชุมชนบ้านปูเน่,museum,博物馆,,,"759 จรัญสนิทวงศ์ Khwaeng Bang Yi Khan, Khet Bang Phlat, Krung Thep Maha Nakhon 10700",13.77062,100.496314,挽拍县,Bang Yi Khan,,,,,,https://maps.google.com/?cid=3635215255743433260&g_mp=Cilnb29nbGUubWFwcy5wbGFjZXMudjEuUGxhY2VzLlNlYXJjaE5lYXJieRACGAQgAA
ChIJpTYfAnCZ4jARyHHwgYho7IY,景点,Old Tea Kappa Palace Wall,กำแพงพระราชวังชาคัปปะเก่า,historical_landmark,历史地标,,,"2319 จรัญสนิทวงศ์ Khwaeng Bang Yi Khan, Khet Bang Phlat, Krung Thep Maha Nakhon 10700",13.770063,100.495787,挽拍县,Bang Yi Khan,,,,,,https://maps.google.com/?cid=9722260631090917832&g_mp=Cilnb29nbGUubWFwcy5wbGFjZXMudjEuUGxhY2VzLlNlYXJjaE5lYXJieRACGAQgAA
ChIJLzWtPgCZ4jARZYZ671N7aKo,景点,Pagoda,เจดีย์,buddhist_temple,佛教寺庙,,,"508 ถ. เจริญกรุง Khwaeng Phra Borom Maha Ratchawang, Khet Phra Nakhon, Krung Thep Maha Nakhon 10200",13.747271,100.495097,拍那空县,大皇宫区,,,,,,https://maps.google.com/?cid=12279199984455943781&g_mp=CiVnb29nbGUubWFwcy5wbGFjZXMudjEuUGxhY2VzLkdldFBsYWNlEAIYBCAA
ChIJaXNzrAqZ4jARS7GMPo9a-zU,景点,Parasitology Museum,พิพิธภัณฑ์ปรสิตวิทยา,museum,博物馆,,,"QF5M+GX7, Siriraj, Bangkok Noi, Bangkok 10700",13.758789,100.484912,曼谷蓮縣,Sirirat,,,,,,https://maps.google.com/?cid=3889802274440786251&g_mp=Cilnb29nbGUubWFwcy5wbGFjZXMudjEuUGxhY2VzLlNlYXJjaE5lYXJieRACGAQgAA
ChIJC9B-FwCZ4jARMygh_5Y73Z8,景点,Park samsen,ปาร์คสามเสน,garden,花园,,,"681 Thanon Samsen, Khwaeng Wachira Phayaban, Khet Dusit, Krung Thep Maha Nakhon 10300",13.780748,100.508964,都实县,Wachira Phayaban,星期一: 24小时营业 | 星期二: 24小时营业 | 星期三: 24小时营业 | 星期四: 24小时营业 | 星期五: 24小时营业 | 星期六: 24小时营业 | 星期日: 24小时营业,,,,,https://maps.google.com/?cid=11519428941595093043&g_mp=Cilnb29nbGUubWFwcy5wbGFjZXMudjEuUGxhY2VzLlNlYXJjaE5lYXJieRACGAQgAA
ChIJpUOEfUSZ4jARCooI2gHdcSA,景点,Phra Anuson Museum,พิพิธภัณฑ์พระอนุสรณ์,museum,博物馆,,,"69/1 Thanon Si Ayutthaya, Khwaeng Dusit, Khet Dusit, Krung Thep Maha Nakhon 10300",13.766736,100.513318,都实县,Dusit,,,,,,https://maps.google.com/?cid=2337892681604696586&g_mp=Cilnb29nbGUubWFwcy5wbGFjZXMudjEuUGxhY2VzLlNlYXJjaE5lYXJieRACGAQgAA
ChIJoUUwqIOZ4jARR_9gfiyajbc,景点,Phra Putthabat Wat Bowon Niwet,พระพุทธบาท วัดบวรนิเวศน์,buddhist_temple,佛教寺庙,,,"248 Thanon Phra Sumen, Khwaeng Wat Bowon Niwet, Khet Phra Nakhon, Krung Thep Maha Nakhon 10200",13.760771,100.499823,拍那空县,波稳尼威区,,,,,,https://maps.google.com/?cid=13226397196546539335&g_mp=Cilnb29nbGUubWFwcy5wbGFjZXMudjEuUGxhY2VzLlNlYXJjaE5lYXJieRACGAQgAA
ChIJ_f2H6gyZ4jARueZlV8nZ3s8,景点,Phra Tamnak Daeng (The Red House),พระตำหนักแดง(บ้านแดง),historical_landmark,历史地标,,,"4 Soi Na Phra That, Khwaeng Phra Borom Maha Ratchawang, Khet Phra Nakhon, Krung Thep Maha Nakhon 10200",13.757729,100.491795,拍那空县,大皇宫区,,,,,,https://maps.google.com/?cid=14978648869458798265&g_mp=Cilnb29nbGUubWFwcy5wbGFjZXMudjEuUGxhY2VzLlNlYXJjaE5lYXJieRACGAQgAA
ChIJ38XFGACZ4jARGg4lB7AsPN8,景点,Pink street Bangkok,ถนนสีชมพูกรุงเทพ,tourist_attraction,旅游景点,,,"197 Nakhon Sawan Rd, Khwaeng Wat Sommanat, Khet Pom Prap Sattru Phai, Krung Thep Maha Nakhon 10100",13.759001,100.510858,邦巴沙都拍县,Wat Sommanat,,,,,,https://maps.google.com/?cid=16085781103606304282&g_mp=Cilnb29nbGUubWFwcy5wbGFjZXMudjEuUGxhY2VzLlNlYXJjaE5lYXJieRACGAQgAA
ChIJTwJ9sQyZ4jARkgK8lNvOu8g,景点,Praphat Phiphithaphan Building,อาคารประพัทธ์พิพิธพันธ์,museum,博物馆,,,"Krung Thep Maha Nakhon, Phra Nakhon, Krung Thep Maha Nakhon, Soi Na Phra That, 曼谷国家博物馆邮政编码: 10200",13.758769,100.491256,拍那空县,大皇宫区,,,,,,https://maps.google.com/?cid=14464382070718988946&g_mp=Cilnb29nbGUubWFwcy5wbGFjZXMudjEuUGxhY2VzLlNlYXJjaE5lYXJieRACGAQgAA
ChIJtTvM7jCZ4jARZ-DNE37ox8E,景点,Pridi Banomyong Square,จัตุรัสปรีดีพนมยงค์,park,公园,,,"2 Phra Chan Alley, Khwaeng Phra Borom Maha Ratchawang, Khet Phra Nakhon, Krung Thep Maha Nakhon 10200",13.757536,100.489436,曼谷蓮縣,大皇宫区,,,,,,https://maps.google.com/?cid=13963384797881294951&g_mp=Cilnb29nbGUubWFwcy5wbGFjZXMudjEuUGxhY2VzLlNlYXJjaE5lYXJieRACGAQgAA
ChIJERMcVQCZ4jARNXjg4-bilg8,景点,Puppup Space parklet@ Samranrat,Puppup Space parklet@สำราญราษฎร์,garden,花园,,,"70 Maha Chai Rd, Khwaeng Samran Rat, Khet Phra Nakhon, Krung Thep Maha Nakhon 10200",13.752962,100.503527,拍那空县,巴杜披,星期一: 24小时营业 | 星期二: 24小时营业 | 星期三: 24小时营业 | 星期四: 24小时营业 | 星期五: 24小时营业 | 星期六: 24小时营业 | 星期日: 24小时营业,,https://www.facebook.com/UrbanAlly.SU,,,https://maps.google.com/?cid=1123334638369011765&g_mp=CiVnb29nbGUubWFwcy5wbGFjZXMudjEuUGxhY2VzLkdldFBsYWNlEAIYBCAA
ChIJZYYnMACZ4jARGv7JUjVs_40,景点,River Cruise Pier,ท่าเรือล่องแม่น้ำ,tourist_attraction,旅游景点,,,"QF6R+HM5, Chana Songkhram, Phra Nakhon, Bangkok 10200",13.761263,100.491735,拍那空县,查那松康区,,,,,,https://maps.google.com/?cid=10232015854687092250&g_mp=Cilnb29nbGUubWFwcy5wbGFjZXMudjEuUGxhY2VzLlNlYXJjaE5lYXJieRACGAQgAA
ChIJw0tcXQCZ4jAREg2BPnYYodw,景点,Rocco Khao San Monument,อนุสาวรีย์ร็อคโค่ข้าวสาร,tourist_attraction,旅游景点,,,"2 Thanon Khao San, Khwaeng Talat Yot, Khet Phra Nakhon, Krung Thep Maha Nakhon 10200",13.75966,100.495629,拍那空县,哒叻裕区,,,,,,https://maps.google.com/?cid=15898015055728413970&g_mp=Cilnb29nbGUubWFwcy5wbGFjZXMudjEuUGxhY2VzLlNlYXJjaE5lYXJieRACGAQgAA
ChIJV6U43ISZ4jARzO_PqgAYD88,景点,SUPH Art Space,ทรัพย์ อาร์ต สเปซ,art_gallery,美术馆,,,"ซอย สมเด็จพระปิ่นเกล้า 9 Khwaeng Arun Amarin, Khet Bangkok Noi, Krung Thep Maha Nakhon 10700",13.76626,100.486125,曼谷蓮縣,Arun Ammarin,,,,,,https://maps.google.com/?cid=14920170481646563276&g_mp=Cilnb29nbGUubWFwcy5wbGFjZXMudjEuUGxhY2VzLlNlYXJjaE5lYXJieRACGAQgAA
ChIJayuT5wyZ4jARiJ8QTZILqLM,景点,Sala Long Song,ศาลาลองเพลง,historical_landmark,历史地标,,,"4 Soi Na Phra That, Khwaeng Phra Borom Maha Ratchawang, Khet Phra Nakhon, Krung Thep Maha Nakhon 10200",13.757664,100.492442,拍那空县,大皇宫区,,,,,,https://maps.google.com/?cid=12945609851862556552&g_mp=Cilnb29nbGUubWFwcy5wbGFjZXMudjEuUGxhY2VzLlNlYXJjaE5lYXJieRACGAQgAA
ChIJPcDMJACZ4jAR8qVU4fwxckc,景点,Samyod Square,จัตุรัสสามยอด,tourist_attraction,旅游胜地,,,"PFWX+HW5, Wang Burapha Phirom, Phra Nakhon, Bangkok 10200",13.746489,100.500066,拍那空县,三王府区,星期一: 24小时营业 | 星期二: 24小时营业 | 星期三: 24小时营业 | 星期四: 24小时营业 | 星期五: 24小时营业 | 星期六: 24小时营业 | 星期日: 24小时营业,,,适合儿童,,https://maps.google.com/?cid=5148232286219838962&g_mp=CiVnb29nbGUubWFwcy5wbGFjZXMudjEuUGxhY2VzLkdldFBsYWNlEAIYBCAA
ChIJU-t1RACZ4jARUaZ20yy2Ea8,景点,Section5 Meditation Center,ศูนย์ปฏิบัติธรรมหมวดที่ 5,buddhist_temple,佛教寺庙,,,"3 Soi Na Phra That, Khwaeng Phra Borom Maha Ratchawang, Khet Phra Nakhon, Krung Thep Maha Nakhon 10200",13.754313,100.489892,拍那空县,大皇宫区,,,,,,https://maps.google.com/?cid=12615064334884054609&g_mp=Cilnb29nbGUubWFwcy5wbGFjZXMudjEuUGxhY2VzLlNlYXJjaE5lYXJieRACGAQgAA
ChIJnRU3lwqZ4jAREWY0QQmXoQs,景点,Siriraj Archive,หอจดหมายเหตุศิริราช,museum,博物馆,,,"2 Thanon Arun Amarin, Khwaeng Siriraj, Khet Bangkok Noi, Krung Thep Maha Nakhon 10700",13.757701,100.48543,曼谷蓮縣,Sirirat,,,,,,https://maps.google.com/?cid=838117071672075793&g_mp=Cilnb29nbGUubWFwcy5wbGFjZXMudjEuUGxhY2VzLlNlYXJjaE5lYXJieRACGAQgAA
ChIJkea1LgCZ4jARtB275Tsa3Zc,景点,Site Museum พิพิธภัณฑ์ใต้ดิน,Site Museum พิพิธภัณฑ์ใต้ดิน,museum,博物馆,,,"PFVV+RQ6, Phra Borom Maha Ratchawang, Phra Nakhon, Bangkok 10200",13.744564,100.494341,拍那空县,大皇宫区,星期一: 06:00–00:00 | 星期二: 06:00–00:00 | 星期三: 06:00–00:00 | 星期四: 06:00–00:00 | 星期五: 06:00–00:00 | 星期六: 06:00–00:00 | 星期日: 06:00–00:00,,,,,https://maps.google.com/?cid=10942931514139811252&g_mp=CiVnb29nbGUubWFwcy5wbGFjZXMudjEuUGxhY2VzLkdldFBsYWNlEAIYBCAA
ChIJi9v-UIeZ4jARPDuWbT-iGUc,景点,Songkran Niyomsane Forensic Medicine Museum & Parasite Museum,พิพิธภัณฑ์นิติเวชศาสตร์สงกรานต์ นิยมเสน และพิพิธภัณฑ์ปรสิต,museum,博物馆,,,"2nd, Bldg, Siriraj Hospital, แขวงศิริราช เขตบางกอกน้อย กรุงเทพมหานคร 10700",13.758794,100.485113,曼谷蓮縣,Sirirat,,,,,,https://maps.google.com/?cid=5123304444415851324&g_mp=Cilnb29nbGUubWFwcy5wbGFjZXMudjEuUGxhY2VzLlNlYXJjaE5lYXJieRACGAQgAA
ChIJZ6cfrwqZ4jAREe9gueU-7uQ,景点,Songkran Niyomsen Forensic Medicine Museum,พิพิธภัณฑ์นิติเวชศาสตร์สงกรานต์ นิยมเสน,museum,博物馆,,,"2 Thanon Wang Lang, Khwaeng Siriraj, Khet Bangkok Noi, Krung Thep Maha Nakhon 10700",13.759018,100.484634,曼谷蓮縣,Sirirat,,,,,,https://maps.google.com/?cid=16496191641483276049&g_mp=Cilnb29nbGUubWFwcy5wbGFjZXMudjEuUGxhY2VzLlNlYXJjaE5lYXJieRACGAQgAA
ChIJCz7VvgqZ4jARvIY6IOHvS3s,景点,Sood Sangvichien Prehistoric Museum & Laboratory,พิพิธภัณฑ์และห้องปฏิบัติการก่อนประวัติศาสตร์สุดแสงวิเชียร,museum,博物馆,,,"2, Siriraj Hospital, Anatomy Building, Ground Floor, Phran Nok, Siri Rat, Khet Bangkok Noi, Bangkok, 10700, แขวงศิริราช เขตบางกอกน้อย กรุงเทพมหานคร 10700",13.758233,100.485821,曼谷蓮縣,Sirirat,,,,,,https://maps.google.com/?cid=8884458440105821884&g_mp=Cilnb29nbGUubWFwcy5wbGFjZXMudjEuUGxhY2VzLlNlYXJjaE5lYXJieRACGAQgAA
ChIJuX6O0X-Z4jARcSRCNteoW9Q,景点,Steam Locomotive No. 950,รถจักรไอน้ำหมายเลข 950,museum,博物馆,,,"QF5P+VWC พลับพลาสยามินทราศิริราชานุสรณีย์ Khwaeng Siriraj, Khet Bangkok Noi, Krung Thep Maha Nakhon 10700",13.760022,100.487282,曼谷蓮縣,Sirirat,,,,,,https://maps.google.com/?cid=15302009801203131505&g_mp=Cilnb29nbGUubWFwcy5wbGFjZXMudjEuUGxhY2VzLlNlYXJjaE5lYXJieRACGAQgAA
ChIJmzEHYACZ4jAReAWxeBCamLs,景点,Sunset & River View,วิวพระอาทิตย์ตกและแม่น้ำ,park,公园,,,"49, 1 Thanon Phra Sumen, Khwaeng Chana Songkhram, Khet Phra Nakhon, Krung Thep Maha Nakhon 10200",13.763975,100.494674,拍那空县,查那松康区,,,,,,https://maps.google.com/?cid=13517723677087565176&g_mp=Cilnb29nbGUubWFwcy5wbGFjZXMudjEuUGxhY2VzLlNlYXJjaE5lYXJieRACGAQgAA
ChIJMSGk7DiZ4jARlANP_VTGohI,景点,Suriyanuwat Museum,พิพิธภัณฑ์สุริยนุวัตร,museum,博物馆,,,"QG47+WR5, Lan Luang Rd, Khwaeng Wat Sommanat, Khet Pom Prap Sattru Phai, Krung Thep Maha Nakhon 10100",13.757262,100.514619,都实县,Wat Sommanat,,,,,,https://maps.google.com/?cid=1342853707239195540&g_mp=Cilnb29nbGUubWFwcy5wbGFjZXMudjEuUGxhY2VzLlNlYXJjaE5lYXJieRACGAQgAA
ChIJHwUPMUOZ4jARJi66sHKEwWY,景点,Tafel Castle,ปราสาททาเฟล,garden,花园,,,"曼谷都会区 Phra Nakhon, 曼谷 Banglamphu QG42+GPJ邮政编码: 10200",13.756331,100.501765,拍那空县,波稳尼威区,,,,,,https://maps.google.com/?cid=7404344890499935782&g_mp=Cilnb29nbGUubWFwcy5wbGFjZXMudjEuUGxhY2VzLlNlYXJjaE5lYXJieRACGAQgAA
ChIJLwD8NQCZ4jAR7U8sN4I_sLg,景点,Tamisanon House,บ้านทามิซานนท์,castle,Manor house,,,"526 Lat Ya Rd, Khwaeng Khlong San, Khet Khlong San, Krung Thep Maha Nakhon 10600",13.728507,100.503358,空訕縣,Khlong San,,,,,,https://maps.google.com/?cid=13308206727383764973&g_mp=Cilnb29nbGUubWFwcy5wbGFjZXMudjEuUGxhY2VzLlNlYXJjaE5lYXJieRACGAQgAA
ChIJl9l83bWZ4jARmr04gNTOaRI,景点,Temple,วัด,buddhist_temple,佛教寺庙,,,"126 Soi Phalit Phon, จักรวรรดิ์ Khet Samphanthawong, Krung Thep Maha Nakhon 10100",13.741639,100.506609,三攀他旺县,差甲瓦區,星期一: 08:00–17:00 | 星期二: 08:00–17:00 | 星期三: 08:00–17:00 | 星期四: 08:00–17:00 | 星期五: 08:00–17:00 | 星期六: 08:00–17:00 | 星期日: 08:00–17:00,+66 81 640 8285,,,,https://maps.google.com/?cid=1326818977316912538&g_mp=CiVnb29nbGUubWFwcy5wbGFjZXMudjEuUGxhY2VzLkdldFBsYWNlEAIYBCAA
ChIJzTBirwqZ4jARjN3SUrsD33Y,景点,Thai Nursing Museum and Archives,พิพิธภัณฑ์การพยาบาลและหอจดหมายเหตุไทย,museum,博物馆,,,"Faculty of Nursing, Mahidol University (Bangkok Noi), 2 Thanon Wang Lang, Khwaeng Siriraj, Khet Bangkok Noi, Krung Thep Maha Nakhon 10700",13.756678,100.486389,曼谷蓮縣,Sirirat,,,,,,https://maps.google.com/?cid=8565569119365291404&g_mp=Cilnb29nbGUubWFwcy5wbGFjZXMudjEuUGxhY2VzLlNlYXJjaE5lYXJieRACGAQgAA
ChIJk_yAWwuZ4jARJJRArZ_mtM8,景点,Thammasat University 60 Year Anniversary Square,จัตุรัส 60 ปี มหาวิทยาลัยธรรมศาสตร์,park,公园,,,"2 Soi Na Phra That, Khwaeng Phra Borom Maha Ratchawang, Khet Phra Nakhon, Krung Thep Maha Nakhon 10200",13.757514,100.489589,曼谷蓮縣,大皇宫区,,,,,,https://maps.google.com/?cid=14966841035139879972&g_mp=Cilnb29nbGUubWFwcy5wbGFjZXMudjEuUGxhY2VzLlNlYXJjaE5lYXJieRACGAQgAA
ChIJD1qSdACZ4jAR5X7wIXpe-aM,景点,The Manor of White Hall,คฤหาสน์ไวท์ฮอลล์,cultural_landmark,文化地标,,,"1 Soi Thoet Thai 23, Khwaeng Talat Phlu, Khet Thon Buri, Krung Thep Maha Nakhon 10600",13.720615,100.479159,吞武里县,Bang Yi Ruea,,,,,,https://maps.google.com/?cid=11815578976031637221&g_mp=Cilnb29nbGUubWFwcy5wbGFjZXMudjEuUGxhY2VzLlNlYXJjaE5lYXJieRACGAQgAA
ChIJawnaSOuZ4jARWa9hrTNBZ3w,景点,The Royal Thai Orders and Decorations Museum,พิพิธภัณฑ์เครื่องราชอิสริยาภรณ์ไทย,museum,博物馆,,,"ทำเนียบรัฐบาลไทย Khwaeng Dusit, Khet Dusit, Krung Thep Maha Nakhon 10300",13.764817,100.511014,都实县,Dusit,,,,,,https://maps.google.com/?cid=8964205273512259417&g_mp=Cilnb29nbGUubWFwcy5wbGFjZXMudjEuUGxhY2VzLlNlYXJjaE5lYXJieRACGAQgAA
ChIJ-zAPeQCZ4jARLWoBC7vaKzQ,景点,Thu Rain Oo,พฤ เรน อู,garden,花园,,,"2 Lak Muang Rd, Khwaeng Phra Borom Maha Ratchawang, Khet Phra Nakhon, Krung Thep Maha Nakhon 10200",13.752557,100.494221,拍那空县,大皇宫区,,,,,,https://maps.google.com/?cid=3759338810849192493&g_mp=CiVnb29nbGUubWFwcy5wbGFjZXMudjEuUGxhY2VzLkdldFBsYWNlEAIYBCAA
ChIJ-YeW_aaZ4jARUjpNaDxEaK0,景点,Tiny Museum,พิพิธภัณฑ์จิ๋ว,museum,博物馆,,,"646 Krung Kasem Rd, Khwaeng Wat Sommanat, Khet Pom Prap Sattru Phai, Krung Thep Maha Nakhon 10100",13.760535,100.510922,邦巴沙都拍县,Wat Sommanat,,,,,,https://maps.google.com/?cid=12495312192378059346&g_mp=Cilnb29nbGUubWFwcy5wbGFjZXMudjEuUGxhY2VzLlNlYXJjaE5lYXJieRACGAQgAA
ChIJp9dXbQCZ4jARiGMFDMwEac4,景点,University,มหาวิทยาลัย,buddhist_temple,佛教寺庙,,,"44 Thanon Maha Rat, Khwaeng Phra Borom Maha Ratchawang, Khet Phra Nakhon, Krung Thep Maha Nakhon 10200",13.755348,100.489469,曼谷蓮縣,大皇宫区,,,,,,https://maps.google.com/?cid=14873424518789292936&g_mp=Cilnb29nbGUubWFwcy5wbGFjZXMudjEuUGxhY2VzLlNlYXJjaE5lYXJieRACGAQgAA
ChIJN7MUXQCZ4jARDnxLuJHpxns,景点,Untitled pier (white egret),ท่าเรือไม่มีชื่อ (นกกระยางขาว),tourist_attraction,旅游胜地,,,"曼谷都会区 Phra Nakhon, 曼谷PFRV+JH4邮政编码: 10200",13.741502,100.49394,拍那空县,大皇宫区,,,,,,https://maps.google.com/?cid=8919072924125330446&g_mp=CiVnb29nbGUubWFwcy5wbGFjZXMudjEuUGxhY2VzLkdldFBsYWNlEAIYBCAA
ChIJX3lW40yZ4jAREYPakmPIZro,景点,V Garden Management,วี การ์เด้น แมเนจเมนท์,garden,花园,,,"Charoen Nakhon Rd, Khwaeng Khlong Ton Sai, Khet Khlong San, Krung Thep Maha Nakhon 10600",13.72788,100.509109,空訕縣,Khlong Ton Sai,,,,,,https://maps.google.com/?cid=13431643268670194449&g_mp=Cilnb29nbGUubWFwcy5wbGFjZXMudjEuUGxhY2VzLlNlYXJjaE5lYXJieRACGAQgAA
ChIJ5yKi29CZ4jARkeH8iHPrALs,景点,Vilaionduty,หน้าที่ฝ่าฝืน,tourist_attraction,旅游胜地,,,"曼谷都会区 Phra Nakhon, 曼谷 Banglamphu",13.756331,100.501765,拍那空县,波稳尼威区,,,,,,https://maps.google.com/?cid=13475028966544564625&g_mp=Cilnb29nbGUubWFwcy5wbGFjZXMudjEuUGxhY2VzLlNlYXJjaE5lYXJieRACGAQgAA
ChIJw597OHOZ4jARAlcrgF8so08,景点,Wangnar Arts Gallery,หอศิลป์วังน้ำ,art_gallery,美术馆,,,"4 Thanon Rachini, Khwaeng Phra Borom Maha Ratchawang, Khet Phra Nakhon, Krung Thep Maha Nakhon 10200",13.760048,100.491683,拍那空县,大皇宫区,,,,,,https://maps.google.com/?cid=5738479138883983106&g_mp=Cilnb29nbGUubWFwcy5wbGFjZXMudjEuUGxhY2VzLlNlYXJjaE5lYXJieRACGAQgAA
ChIJrYNf8HmZ4jARSTesl8Yai9M,景点,Wat Amon Khiri,วัดอมรคีรี,buddhist_temple,佛教寺庙,,,"1065 Thanon Rama VIII, Khwaeng Bang Yi Khan, Khet Bang Phlat, Krung Thep Maha Nakhon 10700",13.77158,100.48969,挽拍县,Bang Yi Khan,,,,,,https://maps.google.com/?cid=15243306804016068425&g_mp=Cilnb29nbGUubWFwcy5wbGFjZXMudjEuUGxhY2VzLlNlYXJjaE5lYXJieRACGAQgAA
ChIJLwFl-3mZ4jARZtC7JflDsgY,景点,Wat Bang Yi Khan,วัดบางยี่ขัน,buddhist_temple,佛教寺庙,,,"558 Charan Sanit Wong Rd, Khwaeng Bang Yi Khan, Khet Bang Phlat, Krung Thep Maha Nakhon 10700",13.770639,100.489349,挽拍县,Bang Yi Khan,,,,,,https://maps.google.com/?cid=482522847441047654&g_mp=Cilnb29nbGUubWFwcy5wbGFjZXMudjEuUGxhY2VzLlNlYXJjaE5lYXJieRACGAQgAA
ChIJedCf5nCZ4jARq3nUszyIDWI,景点,Wat Chaturamit Praditharam,วัดจตุรมิตรประดิษฐาราม,buddhist_temple,佛教寺庙,,,"379 Wat Daowaduengsaram, Khwaeng Bang Yi Khan, Khet Bang Phlat, Krung Thep Maha Nakhon 10700",13.767809,100.492668,挽拍县,Bang Yi Khan,,,,,,https://maps.google.com/?cid=7065453184710637995&g_mp=Cilnb29nbGUubWFwcy5wbGFjZXMudjEuUGxhY2VzLlNlYXJjaE5lYXJieRACGAQgAA
ChIJf7vII3GZ4jARlSi09AeU4m8,景点,Wat Daowaduengsaram,วัดดาวดึงส์ราม,buddhist_temple,佛教寺庙,,,"872 ซอย Wat Daowaduengsaram, Khwaeng Bang Yi Khan, Khet Bang Phlat, Krung Thep Maha Nakhon 10700",13.767655,100.491351,挽拍县,Bang Yi Khan,,,,,,https://maps.google.com/?cid=8062169044837738645&g_mp=Cilnb29nbGUubWFwcy5wbGFjZXMudjEuUGxhY2VzLlNlYXJjaE5lYXJieRACGAQgAA
ChIJ7xIvSnSZ4jARxclN6Eev_ns,景点,Wat Dusidaram Worawihan,วัดดุสิดารามวรวิหาร,buddhist_temple,佛教寺庙,,,"7 เชิงสะพาน, Phra Pin Klao Bridge - Thonburi Railway, Khwaeng Bang Yi Khan, Khet Bangkok Noi, Krung Thep Maha Nakhon 10700",13.763363,100.487761,曼谷蓮縣,Arun Ammarin,,,,,,https://maps.google.com/?cid=8934771434124593605&g_mp=Cilnb29nbGUubWFwcy5wbGFjZXMudjEuUGxhY2VzLlNlYXJjaE5lYXJieRACGAQgAA
ChIJiXSZNmWZ4jAR89ZH7ePwPUo,景点,Wat Kharuehabodi,วัดคฤหบดี,buddhist_temple,佛教寺庙,,,"489 ซอย จรัญสนิทวงศ์ 42 QFCW+JMR 222 จรัญสนิทวงศ์ Khwaeng Bang Yi Khan, Khet Bang Phlat, Krung Thep Maha Nakhon 10700",13.772201,100.495979,挽拍县,Bang Yi Khan,,,,,,https://maps.google.com/?cid=5349696794115167987&g_mp=Cilnb29nbGUubWFwcy5wbGFjZXMudjEuUGxhY2VzLlNlYXJjaE5lYXJieRACGAQgAA
ChIJ48iRv2iZ4jAR8H8RJgA_fJM,景点,Wat Na Ranat Suntha Rika Ram,วัดหน้าระนาดสุนทรริการาม,buddhist_temple,佛教寺庙,,,"Samsen Road, Wat Sam Phra Ya, Khet Phra Nakhonk, Bangkok, 10200, แขวงวัดสามพระยา เขตพระนคร กรุงเทพมหานคร 10200",13.768762,100.502778,拍那空县,讪披耶寺区,,,,,,https://maps.google.com/?cid=10627438490558758896&g_mp=Cilnb29nbGUubWFwcy5wbGFjZXMudjEuUGxhY2VzLlNlYXJjaE5lYXJieRACGAQgAA
ChIJY1hgOH2Z4jARXnQNKUpSWrE,景点,Wat Noi Nang Hong (Wat Hong Arunratsamee),วัดน้อยนางหงส์ (วัดหงส์อรุณรัศมี),buddhist_temple,佛教寺庙,,,"346 ซอย อรุณอมรินทร์ 49 รัญสนิทวงค ์40 แยก 2 Khwaeng Bang Yi Khan, Khet Bang Phlat, Krung Thep Maha Nakhon 10700",13.772237,100.488863,挽拍县,Bang Yi Khan,,,,,,https://maps.google.com/?cid=12779617371087008862&g_mp=Cilnb29nbGUubWFwcy5wbGFjZXMudjEuUGxhY2VzLlNlYXJjaE5lYXJieRACGAQgAA
ChIJB1CarL-Z4jAR5UBJLtrEa90,景点,Wat Noi Thong Yu,วัดน้อยทองอยู่,historical_landmark,历史地标,,,"QF7Q+FH7 ถนนสมเด็จพระปิ่นเกล้า Khwaeng Arun Amarin, Khet Bangkok Noi, Krung Thep Maha Nakhon 10700",13.76366,100.488925,曼谷蓮縣,Arun Ammarin,,,,,,https://maps.google.com/?cid=15955062546248581349&g_mp=Cilnb29nbGUubWFwcy5wbGFjZXMudjEuUGxhY2VzLlNlYXJjaE5lYXJieRACGAQgAA
ChIJfYpTWACZ4jAR8zI8EmbSfiQ,景点,Wat Pho; Drop off-Pick up,วัดโพธิ์; ฝาก-รับ,tourist_attraction,旅游胜地,,,"PFWV+874, Phra Borom Maha Ratchawang, Phra Nakhon, Bangkok 10200",13.745612,100.492952,拍那空县,大皇宫区,,,,适合儿童,,https://maps.google.com/?cid=2629770568265380595&g_mp=CiVnb29nbGUubWFwcy5wbGFjZXMudjEuUGxhY2VzLkdldFBsYWNlEAIYBCAA
ChIJDS5u9XCZ4jARP189niH51hs,景点,Wat Phraya Siri Aisawan,วัดพระยาสิริไอศวรรย์,buddhist_temple,佛教寺庙,,,"QF9V+G52, Soi Suwannin, Khwaeng Bang Yi Khan, Khet Bang Phlat, Krung Thep Maha Nakhon 10700",13.768764,100.492888,挽拍县,Bang Yi Khan,,,,,,https://maps.google.com/?cid=2006064606824193855&g_mp=Cilnb29nbGUubWFwcy5wbGFjZXMudjEuUGxhY2VzLlNlYXJjaE5lYXJieRACGAQgAA
ChIJ1Wu1MXSZ4jARXkmazQiFfUE,景点,Wat Phumarin Ratchapaksi,วัดภูมินทร์ราชปักษี,buddhist_temple,佛教寺庙,,,"7 Thanon Somdet Phra Pin Klao, Khwaeng Arun Amarin, Khet Bangkok Noi, Krung Thep Maha Nakhon 10700",13.763995,100.487538,曼谷蓮縣,Arun Ammarin,,,,,,https://maps.google.com/?cid=4719074257409821022&g_mp=Cilnb29nbGUubWFwcy5wbGFjZXMudjEuUGxhY2VzLlNlYXJjaE5lYXJieRACGAQgAA
ChIJy-Lc2W2Z4jARFQs5Yr6LtVE,景点,Wat Sangwet Witsayaram,วัดสังเวชวิทยาราม,buddhist_temple,佛教寺庙,,,"110 Samsen 1 Alley, Khwaeng Wat Sam Phraya, Khet Phra Nakhon, Krung Thep Maha Nakhon 10200",13.764341,100.497622,拍那空县,讪披耶寺区,,,,,,https://maps.google.com/?cid=5887765737664744213&g_mp=Cilnb29nbGUubWFwcy5wbGFjZXMudjEuUGxhY2VzLlNlYXJjaE5lYXJieRACGAQgAA
ChIJDcmTwnqZ4jARsjnYQSGDZ08,景点,Wat Suaansawan,วัดสวนสวรรค์,buddhist_temple,佛教寺庙,,,"242/ จรัญสนิทวงศ์, 2 ซอย จรัญสนิทวงศ์ 44 แขวงบางยี่ขัน บางพลัด กรุงเทพมหานคร 10700",13.772489,100.494518,挽拍县,Bang Yi Khan,,,,,,https://maps.google.com/?cid=5721686030459353522&g_mp=Cilnb29nbGUubWFwcy5wbGFjZXMudjEuUGxhY2VzLlNlYXJjaE5lYXJieRACGAQgAA
ChIJ2-x4omiZ4jARkJW4MKMbONw,景点,Wat Woranat,วัดวรนาถ,buddhist_temple,佛教寺庙,,,"QG93+V52, 66 Krung Kasem Rd, Khwaeng Wat Sam Phraya, Khet Phra Nakhon, Krung Thep Maha Nakhon 10200",13.769631,100.502891,都实县,讪披耶寺区,,,,,,https://maps.google.com/?cid=15868463674750965136&g_mp=Cilnb29nbGUubWFwcy5wbGFjZXMudjEuUGxhY2VzLlNlYXJjaE5lYXJieRACGAQgAA
ChIJewzdEgCZ4jARxv-cU0MtILg,景点,Wat arun,วัดอรุณ,buddhist_temple,佛教寺庙,,,"曼谷都会区 Phra Nakhon, 曼谷 Banglamphu QG42+GPJ邮政编码: 10200",13.756331,100.501765,拍那空县,波稳尼威区,,,,,,https://maps.google.com/?cid=13267654269422337990&g_mp=Cilnb29nbGUubWFwcy5wbGFjZXMudjEuUGxhY2VzLlNlYXJjaE5lYXJieRACGAQgAA
ChIJ42uVvdyZ4jARJXsYWdboxMs,景点,Yue Keng Kwan Yin Gong,เย่ว์เก่งกวานหยินกง,buddhist_temple,佛教寺庙,,,"798, 1 Mangkon Rd, Khwaeng Samphanthawong, Khet Samphanthawong, Krung Thep Maha Nakhon 10100",13.74351,100.509068,邦巴沙都拍县,Pom Prap,,,,有洗手间,,https://maps.google.com/?cid=14683116692450081573&g_mp=CiVnb29nbGUubWFwcy5wbGFjZXMudjEuUGxhY2VzLkdldFBsYWNlEAIYBCAA
ChIJRw8zSwCZ4jARzbXfm6_xVjI,景点,sato so good,ซาโต้ดีมาก,tourist_attraction,旅游胜地,,,"PFRV+GWR, Wang Burapha Phirom, Phra Nakhon, Bangkok 10200",13.741355,100.494757,拍那空县,三王府区,,,,,,https://maps.google.com/?cid=3627352286430213581&g_mp=CiVnb29nbGUubWFwcy5wbGFjZXMudjEuUGxhY2VzLkdldFBsYWNlEAIYBCAA
ChIJl62DYACZ4jARykw4ett0gHo,景点,spotlight shop,ร้านสปอตไลท์,buddhist_temple,佛教寺庙,,,"曼谷都会区 Phra Nakhon, 曼谷 Banglamphu QG42+GPJ邮政编码: 10200",13.756331,100.501765,拍那空县,波稳尼威区,,,,有洗手间,,https://maps.google.com/?cid=8827183755643342026&g_mp=Cilnb29nbGUubWFwcy5wbGFjZXMudjEuUGxhY2VzLlNlYXJjaE5lYXJieRACGAQgAA
ChIJ3f27MQCZ4jARWZDZJbCnFDg,景点,سوق الورد بنكوك,ซูโก้ อลอร์ดาร์ กรุงเทพมหานคร,park,公园,,,"390/17 Chakkraphet Rd, Khwaeng Wang Burapha Phirom, Khet Phra Nakhon, Krung Thep Maha Nakhon 10200",13.741639,100.496333,拍那空县,三王府区,,,,,,https://maps.google.com/?cid=4041039140649275481&g_mp=CiVnb29nbGUubWFwcy5wbGFjZXMudjEuUGxhY2VzLkdldFBsYWNlEAIYBCAA
ChIJOzBYlhiZ4jARc0ZqTL3RkY8,景点,ก.๓๔,ก.๓๔,buddhist_temple,佛教寺庙,,,"2 Thanon Sanam Chai, Khwaeng Phra Borom Maha Ratchawang, Khet Phra Nakhon, Krung Thep Maha Nakhon 10200",13.74642,100.492779,拍那空县,大皇宫区,,+66 93 035 1282,,,,https://maps.google.com/?cid=10345280430007797363&g_mp=CiVnb29nbGUubWFwcy5wbGFjZXMudjEuUGxhY2VzLkdldFBsYWNlEAIYBCAA
ChIJwdeCNhmZ4jARZWKfHvcCsOw,景点,กุฎิสงฆ์คณะ 10,กุฎิสงฆ์คณะ 10,buddhist_temple,佛教寺庙,,,"255/10 ถนน จักรวรรดิ Khwaeng Chakkrawat, Khet Samphanthawong, Krung Thep Maha Nakhon 10100",13.741896,100.503135,三攀他旺县,差甲瓦區,,+66 87 070 0042,,有洗手间,,https://maps.google.com/?cid=17055135049246007909&g_mp=CiVnb29nbGUubWFwcy5wbGFjZXMudjEuUGxhY2VzLkdldFBsYWNlEAIYBCAA
ChIJyfnOF02Z4jARfpC7GZFS5xo,景点,กุฎิหลวงพ่อผล พระอาจาารย์อึ่ง,กุฎิหลวงพ่อผล พระอาจาารย์อึ่ง,buddhist_temple,佛教寺庙,,,"กุฎิหลวงพ่อผล พระอาจารย์อึ่ง Khwaeng Wat Thepsirin, Khet Pom Prap Sattru Phai, Krung Thep Maha Nakhon 10100",13.747109,100.510025,邦巴沙都拍县,Wat Thep Sirin,,,,有洗手间,,https://maps.google.com/?cid=1938608947761746046&g_mp=CiVnb29nbGUubWFwcy5wbGFjZXMudjEuUGxhY2VzLkdldFBsYWNlEAIYBCAA
ChIJEycyLLuZ4jARAEbcIqB8qRk,景点,กุฏิ บุณยะรัตเวช,กุฏิ บุณยะรัตเวช,buddhist_temple,佛教寺庙,,,"248 Thanon Phra Sumen, Khwaeng Wat Bowon Niwet, Khet Phra Nakhon, Krung Thep Maha Nakhon 10200",13.759365,100.499902,拍那空县,波稳尼威区,,,,,,https://maps.google.com/?cid=1849146149233772032&g_mp=Cilnb29nbGUubWFwcy5wbGFjZXMudjEuUGxhY2VzLlNlYXJjaE5lYXJieRACGAQgAA
ChIJsS5edACZ4jARSkdUw0e9pqo,景点,กุฏิพระครูประสาทพุทธปริต (จเรพล ฐิตาจาโร),กุฏิพระครูประสาทพุทธปริต (จเรพล ฐิตาจาโร),buddhist_temple,佛教寺庙,,,"248 Thanon Phra Sumen, Khwaeng Wat Bowon Niwet, Khet Phra Nakhon, Krung Thep Maha Nakhon 10200",13.760002,100.499547,拍那空县,波稳尼威区,,,,,,https://maps.google.com/?cid=12296723948499126090&g_mp=Cilnb29nbGUubWFwcy5wbGFjZXMudjEuUGxhY2VzLlNlYXJjaE5lYXJieRACGAQgAA
ChIJLexz4LqZ4jARtC1b0lSTOwI,景点,กุฏิพระธรรมโกศาจารย์,กุฏิพระธรรมโกศาจารย์,buddhist_temple,佛教寺庙,,,"กุฏิพระธรรมโกศาจารย์ 3 วัดมหาธาตุยุวราชรังสฤษฎิ์ คณะ 1 พระบรมมหาราชวัง Khwaeng Phra Borom Maha Ratchawang, Khet Phra Nakhon, Krung Thep Maha Nakhon 10200",13.75478,100.489903,拍那空县,大皇宫区,,,,,,https://maps.google.com/?cid=160884204217511348&g_mp=Cilnb29nbGUubWFwcy5wbGFjZXMudjEuUGxhY2VzLlNlYXJjaE5lYXJieRACGAQgAA
ChIJWSK7bwCZ4jARw_1Ql1ilIO0,景点,คณะ 7 วัดสระเกศ,คณะ 7 วัดสระเกศ,buddhist_temple,佛教寺庙,,,"QG34+6PV เวัสระเหขต Banglamphu Khwaeng Ban Bat, Khet Pom Prap Sattru Phai, Krung Thep Maha Nakhon 10100",13.753122,100.506783,邦巴沙都拍县,班巴区,,,,有洗手间,,https://maps.google.com/?cid=17086838786158034371&g_mp=CiVnb29nbGUubWFwcy5wbGFjZXMudjEuUGxhY2VzLkdldFBsYWNlEAIYBCAA
ChIJpYEQKByZ4jARp2mHe3vXISs,景点,คณะ ๔ พระมหาวิฑูรย์ กิตติปาโล,คณะ ๔ พระมหาวิฑูรย์ กิตติปาโล,buddhist_temple,佛教寺庙,,,"165 ซอย วัดสามพระยา Khwaeng Wat Sam Phraya, Khet Phra Nakhon, Krung Thep Maha Nakhon 10200",13.766044,100.500041,拍那空县,讪披耶寺区,,,,,,https://maps.google.com/?cid=3108002143215774119&g_mp=Cilnb29nbGUubWFwcy5wbGFjZXMudjEuUGxhY2VzLlNlYXJjaE5lYXJieRACGAQgAA
ChIJe1vxMgCZ4jAR-nfi5OOEGtQ,景点,คณะ2 วัดสระเกศ,คณะ2 วัดสระเกศ,buddhist_temple,佛教寺庙,,,"344 Boriphat Rd, Khwaeng Ban Bat, Khet Pom Prap Sattru Phai, Krung Thep Maha Nakhon 10100",13.752815,100.50612,邦巴沙都拍县,班巴区,,,,,,https://maps.google.com/?cid=15283674399767689210&g_mp=CiVnb29nbGUubWFwcy5wbGFjZXMudjEuUGxhY2VzLkdldFBsYWNlEAIYBCAA
ChIJecp4dACZ4jAR8kymkEG3hDc,景点,คณะกุฎิ วัดบวรฯ,คณะกุฎิ วัดบวรฯ,buddhist_temple,佛教寺庙,,,"248 Thanon Phra Sumen, Khwaeng Wat Bowon Niwet, Khet Phra Nakhon, Krung Thep Maha Nakhon 10200",13.75988,100.499497,拍那空县,波稳尼威区,,,,,,https://maps.google.com/?cid=4000523861239418098&g_mp=Cilnb29nbGUubWFwcy5wbGFjZXMudjEuUGxhY2VzLlNlYXJjaE5lYXJieRACGAQgAA
ChIJCzoUfhaZ4jARRU9Q6iAvHhs,景点,คณะบัญจบเบญจมา วัดบวรฯ,คณะบัญจบเบญจมา วัดบวรฯ,buddhist_temple,佛教寺庙,,,"248 Thanon Phra Sumen, Khwaeng Wat Bowon Niwet, Khet Phra Nakhon, Krung Thep Maha Nakhon 10200",13.759418,100.500413,拍那空县,波稳尼威区,,,,,,https://maps.google.com/?cid=1954051106741964613&g_mp=Cilnb29nbGUubWFwcy5wbGFjZXMudjEuUGxhY2VzLlNlYXJjaE5lYXJieRACGAQgAA
ChIJ_84iWACZ4jARl0WuYE-MPSk,景点,คณะสูง (ลออ),คณะสูง (ลออ),buddhist_temple,佛教寺庙,,,"248 Thanon Phra Sumen, Khwaeng Wat Bowon Niwet, Khet Phra Nakhon, Krung Thep Maha Nakhon 10200",13.759222,100.500067,拍那空县,波稳尼威区,,,,,,https://maps.google.com/?cid=2971685601686734231&g_mp=Cilnb29nbGUubWFwcy5wbGFjZXMudjEuUGxhY2VzLlNlYXJjaE5lYXJieRACGAQgAA
ChIJsRVBUACZ4jARw7CuoppJHKk,景点,คณะเขียวบวร,คณะเขียวบวร,buddhist_temple,佛教寺庙,,,"248 Thanon Phra Sumen, Khwaeng Wat Bowon Niwet, Khet Phra Nakhon, Krung Thep Maha Nakhon 10200",13.759752,100.500608,拍那空县,波稳尼威区,,,,,,https://maps.google.com/?cid=12185695620260868291&g_mp=Cilnb29nbGUubWFwcy5wbGFjZXMudjEuUGxhY2VzLlNlYXJjaE5lYXJieRACGAQgAA
ChIJYdNuMwCZ4jARM0NIwdTbfCo,景点,คณะเขียวรังษี,คณะเขียวรังษี,buddhist_temple,佛教寺庙,,,"248 Thanon Phra Sumen, Khwaeng Wat Bowon Niwet, Khet Phra Nakhon, Krung Thep Maha Nakhon 10200",13.758888,100.501367,拍那空县,波稳尼威区,,,,,,https://maps.google.com/?cid=3061563553527382835&g_mp=Cilnb29nbGUubWFwcy5wbGFjZXMudjEuUGxhY2VzLlNlYXJjaE5lYXJieRACGAQgAA
ChIJVwkLDwCZ4jARWCIQfyOVLU4,景点,จุดทิ้ง,จุดทิ้ง,buddhist_temple,佛教寺庙,,,"QF4V+88R, Thanon Ratchadamnoen Klang, Khwaeng Phra Borom Maha Ratchawang, Khet Phra Nakhon, Krung Thep Maha Nakhon 10200",13.755869,100.49328,拍那空县,大皇宫区,,,,,,https://maps.google.com/?cid=5633322688598516312&g_mp=Cilnb29nbGUubWFwcy5wbGFjZXMudjEuUGxhY2VzLlNlYXJjaE5lYXJieRACGAQgAA
ChIJW8b0WACZ4jAR6mQzoP7ftQ0,景点,จุดเช่าวัตถุมงคลวัดสุทัศน์,จุดเช่าวัตถุมงคลวัดสุทัศน์,buddhist_temple,佛教寺庙,,,"QG22+9PX Benjamarachalai School, Khwaeng Wat Ratchabophit, Khet Phra Nakhon, Krung Thep Maha Nakhon 10200",13.750979,100.501865,拍那空县,巴杜披,,,,有洗手间,,https://maps.google.com/?cid=987941977980101866&g_mp=CiVnb29nbGUubWFwcy5wbGFjZXMudjEuUGxhY2VzLkdldFBsYWNlEAIYBCAA
ChIJLRldCgCZ4jARbdnw_bt7wPE,景点,ซอยวัดอินทรวิหาร,ซอยวัดอินทรวิหาร,buddhist_temple,佛教寺庙,,,"QG93+7CX ซ. วัดอินทรวิหาร Khwaeng Bang Khun Phrom, Khet Phra Nakhon, Krung Thep Maha Nakhon 10200",13.768228,100.503613,拍那空县,邦坤蓬区,,,,,,https://maps.google.com/?cid=17420059406018599277&g_mp=Cilnb29nbGUubWFwcy5wbGFjZXMudjEuUGxhY2VzLlNlYXJjaE5lYXJieRACGAQgAA
ChIJQ2dyOACZ4jARbl0qW2QAITw,景点,ซุ้มประตูตลาดบ้านหม้อ,ซุ้มประตูตลาดบ้านหม้อ,historical_landmark,古迹地标,,,"125 Thanon Ban Mo, Khwaeng Wang Burapha Phirom, Khet Phra Nakhon, Krung Thep Maha Nakhon 10200",13.745583,100.49749,拍那空县,三王府区,,,,适合儿童,,https://maps.google.com/?cid=4332744747533360494&g_mp=CiVnb29nbGUubWFwcy5wbGFjZXMudjEuUGxhY2VzLkdldFBsYWNlEAIYBCAA
ChIJY1zVWgCZ4jAR8s5MrfSF8Do,景点,ซุ้มประตูทางเข้า-ออก ตลาดบ้านหม้อ,ซุ้มประตูทางเข้า-ออก ตลาดบ้านหม้อ,historical_landmark,古迹地标,,,"113, 115 Thanon Ban Mo, Khwaeng Wang Burapha Phirom, Khet Phra Nakhon, Krung Thep Maha Nakhon 10200",13.745866,100.497575,拍那空县,三王府区,,,,适合儿童,,https://maps.google.com/?cid=4247041734536384242&g_mp=CiVnb29nbGUubWFwcy5wbGFjZXMudjEuUGxhY2VzLkdldFBsYWNlEAIYBCAA
ChIJBdNxXQCZ4jARwA4I9WZsnUE,景点,ตำหนัก สมเด็จพระนางเจ้าสุขุมาลมารศรีพระราชเทวี,ตำหนัก สมเด็จพระนางเจ้าสุขุมาลมารศรีพระราชเทวี,castle,城堡,,,"พระที่นั่งบรมราชสถิตยมโหฬาร 200 Thanon Maha Rat, Khwaeng Phra Borom Maha Ratchawang, Khet Phra Nakhon, Krung Thep Maha Nakhon 10200",13.749337,100.491327,拍那空县,大皇宫区,,,,,,https://maps.google.com/?cid=4728054373262298816&g_mp=CiVnb29nbGUubWFwcy5wbGFjZXMudjEuUGxhY2VzLkdldFBsYWNlEAIYBCAA
ChIJb5UNKgCZ4jAROmf4yAehpto,景点,ตำหนักพิพิธภัณฑ์ (ท่านผู้หญิงตุ่น) วัดมกุฎฯ,ตำหนักพิพิธภัณฑ์ (ท่านผู้หญิงตุ่น) วัดมกุฎฯ,buddhist_temple,佛教寺庙,,,"330 Prachathipatai Rd, Khwaeng Bang Khun Phrom, Khet Phra Nakhon, Krung Thep Maha Nakhon 10200",13.764495,100.506242,拍那空县,邦坤蓬区,,,,,,https://maps.google.com/?cid=15755457401210824506&g_mp=Cilnb29nbGUubWFwcy5wbGFjZXMudjEuUGxhY2VzLlNlYXJjaE5lYXJieRACGAQgAA
ChIJL7X98QmZ4jARLR_uYuG7nJk,景点,ติรุมารัย แกเลอเรีย Thirumalai Galleria,ติรุมารัย แกเลอเรีย Thirumalai Galleria,buddhist_temple,佛教寺庙,,,"อาคารตลาดพาหุรัด อาคาร D ห้อง D131 , D138 ถนน ตรีเพชร แขวง Khwaeng Wang Burapha Phirom, Khet Phra Nakhon, Krung Thep Maha Nakhon 10200",13.744513,100.499617,拍那空县,三王府区,,+66 85 995 6495,https://www.facebook.com/thirumalaigalleria/,有洗手间|无障碍停车,,https://maps.google.com/?cid=11068928560871644973&g_mp=CiVnb29nbGUubWFwcy5wbGFjZXMudjEuUGxhY2VzLkdldFBsYWNlEAIYBCAA
ChIJmxPdNk2Z4jAReh5znjlnlKk,景点,ตึกมนุษยนาควิทยาทาน,ตึกมนุษยนาควิทยาทาน,museum,博物馆,,,"248 Thanon Phra Sumen, Khwaeng Wat Bowon Niwet, Khet Phra Nakhon, Krung Thep Maha Nakhon 10200",13.759759,100.501127,拍那空县,波稳尼威区,,,,,,https://maps.google.com/?cid=12219505186132139642&g_mp=Cilnb29nbGUubWFwcy5wbGFjZXMudjEuUGxhY2VzLlNlYXJjaE5lYXJieRACGAQgAA
ChIJ826HXQCZ4jAR-301XBXq3Bk,景点,ต้นยูงทอง (ต้นหางนกยูงฝรั่ง) ที่พระบาทสมเด็จพระเจ้าอยู่หัว รัชกาลที่ 9 ทรงปลูก,ต้นยูงทอง (ต้นหางนกยูงฝรั่ง) ที่พระบาทสมเด็จพระเจ้าอยู่หัว รัชกาลที่ 9 ทรงปลูก,historical_landmark,历史地标,,,"2 Soi Na Phra That, Khwaeng Phra Borom Maha Ratchawang, Khet Phra Nakhon, Krung Thep Maha Nakhon 10200",13.757193,100.49203,拍那空县,大皇宫区,,,,,,https://maps.google.com/?cid=1863621723286765051&g_mp=Cilnb29nbGUubWFwcy5wbGFjZXMudjEuUGxhY2VzLlNlYXJjaE5lYXJieRACGAQgAA
ChIJvYbxGQCZ4jARLisjy76Y5Qw,景点,ต้นโพธิ์ด้านประตูหลังวัดสามพระยา,ต้นโพธิ์ด้านประตูหลังวัดสามพระยา,buddhist_temple,佛教寺庙,,,"QF8X+G5Q, Wat Sam Phraya, Phra Nakhon, Bangkok 10200",13.766346,100.497995,拍那空县,讪披耶寺区,,,,,,https://maps.google.com/?cid=929316843341163310&g_mp=Cilnb29nbGUubWFwcy5wbGFjZXMudjEuUGxhY2VzLlNlYXJjaE5lYXJieRACGAQgAA
ChIJe2tMZwCZ4jARKRqGmqFbU54,景点,ที่จอดรถใกล้วัดราชบพิตร,ที่จอดรถใกล้วัดราชบพิตร,buddhist_temple,佛教寺庙,,,"PFWW+WGC Mon Bridge (สะพานมอญ กรุงเทพฯ ถ. เจริญกรุง Khwaeng Phra Borom Maha Ratchawang, Khet Phra Nakhon, Krung Thep Maha Nakhon 10200",13.747651,100.496096,拍那空县,大皇宫区,,,,有洗手间,,https://maps.google.com/?cid=11408563030699940393&g_mp=CiVnb29nbGUubWFwcy5wbGFjZXMudjEuUGxhY2VzLkdldFBsYWNlEAIYBCAA
ChIJjUdRRgCZ4jAR_dyXSKXl6MQ,景点,น้ำพุวัดเทวราชกุญชร วรวิหาร เขตดุสิต กรุงเทพมหานคร,น้ำพุวัดเทวราชกุญชร วรวิหาร เขตดุสิต กรุงเทพมหานคร,buddhist_temple,佛教寺庙,,,"90 ซ. วัดเทวราชกุญชร Khwaeng Wachira Phayaban, Khet Dusit, Krung Thep Maha Nakhon 10300",13.771985,100.501639,都实县,Wachira Phayaban,,,,,,https://maps.google.com/?cid=14188843124081024253&g_mp=Cilnb29nbGUubWFwcy5wbGFjZXMudjEuUGxhY2VzLlNlYXJjaE5lYXJieRACGAQgAA
ChIJuaVj-JaZ4jARuB4qLoshq-o,景点,บจก. เค แอนด์ เอ็น แลนด์แคป,บจก. เค แอนด์ เอ็น แลนด์แคป,botanical_garden,植物园,,,"เลขที่ 901/1252 ซอย จรัญสนิทวงศ์3 Charan Sanit Wong Rd, Khwaeng Wat Tha Phra, Khet Bangkok Yai, Krung Thep Maha Nakhon 10600",13.733849,100.46957,曼谷艾县,Wat Tha Phra,星期一: 09:00–17:00 | 星期二: 09:00–17:00 | 星期三: 09:00–17:00 | 星期四: 09:00–17:00 | 星期五: 09:00–17:00 | 星期六: 09:00–17:00 | 星期日: 休息,+66 92 119 0581,,,,https://maps.google.com/?cid=16909646107551342264&g_mp=Cilnb29nbGUubWFwcy5wbGFjZXMudjEuUGxhY2VzLlNlYXJjaE5lYXJieRACGAQgAA
ChIJlyOm8sWe4jARTZbRrslunsk,景点,บริษัทมอง อควาเรียม จำกัด,บริษัทมอง อควาเรียม จำกัด,aquarium,水族馆,,,"302 ถนนเพชรบุรี Khwaeng Thung Phaya Thai, Khet Ratchathewi, Krung Thep Maha Nakhon 10400",13.75391,100.538815,拉差贴威县,Thanon Phaya Thai,,+66 81 948 7879,,,,https://maps.google.com/?cid=14528171260444251725&g_mp=Cilnb29nbGUubWFwcy5wbGFjZXMudjEuUGxhY2VzLlNlYXJjaE5lYXJieRACGAQgAA
ChIJqwwLdc2Z4jARnbjYAFAqDFw,景点,บ้านบานเย็น,บ้านบานเย็น,historical_landmark,历史地标,,,"54 ซอย เทเวศร์ 1 Khwaeng Bang Khun Phrom, Khet Phra Nakhon, Krung Thep Maha Nakhon 10200",13.767355,100.504206,拍那空县,邦坤蓬区,,,,,,https://maps.google.com/?cid=6632722874309851293&g_mp=Cilnb29nbGUubWFwcy5wbGFjZXMudjEuUGxhY2VzLlNlYXJjaE5lYXJieRACGAQgAA
ChIJTRsxZwCZ4jARvvHgzl06fBs,景点,บ้านพระยาศุภกรณ์บรรณสาร,บ้านพระยาศุภกรณ์บรรณสาร,historical_landmark,历史地标,,,"35/3 Lan Luang Rd, Khwaeng Wat Sommanat, Khet Pom Prap Sattru Phai, Krung Thep Maha Nakhon 10100",13.757519,100.514055,都实县,Wat Sommanat,,,,,,https://maps.google.com/?cid=1980522110713393598&g_mp=Cilnb29nbGUubWFwcy5wbGFjZXMudjEuUGxhY2VzLlNlYXJjaE5lYXJieRACGAQgAA
ChIJt8LgIQCZ4jARYoSDF3Kbbtc,景点,บ้านพระราม8,บ้านพระราม8,historical_landmark,历史地标,,,"1153 ซอย อรุณอัมรินทร์ Khwaeng Bang Yi Khan, Khet Bang Phlat, Krung Thep Maha Nakhon 10700",13.766975,100.488068,挽拍县,Bang Yi Khan,,,,,,https://maps.google.com/?cid=15523515879915750498&g_mp=Cilnb29nbGUubWFwcy5wbGFjZXMudjEuUGxhY2VzLlNlYXJjaE5lYXJieRACGAQgAA
ChIJ0aTpFD-Z4jARdvCzbTbl4Ac,景点,บ้านเต้นรำ,บ้านเต้นรำ,museum,博物馆,,,"133 Lan Luang Rd, Khwaeng Wat Sommanat, Khet Pom Prap Sattru Phai, Krung Thep Maha Nakhon 10100",13.756824,100.511098,邦巴沙都拍县,Wat Sommanat,,,,,,https://maps.google.com/?cid=567705574980186230&g_mp=Cilnb29nbGUubWFwcy5wbGFjZXMudjEuUGxhY2VzLlNlYXJjaE5lYXJieRACGAQgAA
ChIJ6bSpQQCZ4jARpY3tRTeTJ9I,景点,พระตำหนัก สมเด็จพระบรมราชมาตามหัยยิกาเธอ กรมพระยาสุดารัตนราชประยูร,พระตำหนัก สมเด็จพระบรมราชมาตามหัยยิกาเธอ กรมพระยาสุดารัตนราชประยูร,castle,城堡,,,"PFXR+FG9, Phra Borom Maha Ratchawang, Phra Nakhon, Bangkok 10200",13.748779,100.490686,拍那空县,大皇宫区,,,,,,https://maps.google.com/?cid=15143234137662262693&g_mp=Cilnb29nbGUubWFwcy5wbGFjZXMudjEuUGxhY2VzLlNlYXJjaE5lYXJieRACGAQgAA
ChIJs5T4XgCZ4jARU2HbHEZthCg,景点,พระตำหนักบดินทรวชิรภักดิ์,พระตำหนักบดินทรวชิรภักดิ์,historical_landmark,历史地标,,,"Dusit, Dusit District, Bangkok 10300",13.772441,100.510595,都实县,Dusit,,,,,,https://maps.google.com/?cid=2919578606342201683&g_mp=Cilnb29nbGUubWFwcy5wbGFjZXMudjEuUGxhY2VzLlNlYXJjaE5lYXJieRACGAQgAA
ChIJzaGzMQCZ4jARZTs2hXC2X0o,景点,พระที่นั่งบรมราชสถิตมโหฬาร,พระที่นั่งบรมราชสถิตมโหฬาร,castle,城堡,,,"พระที่นั่งบรมราชสถิตยมโหฬาร 200 Thanon Maha Rat, Khwaeng Phra Borom Maha Ratchawang, Khet Phra Nakhon, Krung Thep Maha Nakhon 10200",13.749446,100.491352,拍那空县,大皇宫区,,,,,,https://maps.google.com/?cid=5359202675981695845&g_mp=CiVnb29nbGUubWFwcy5wbGFjZXMudjEuUGxhY2VzLkdldFBsYWNlEAIYBCAA
ChIJy1CrRQCZ4jARQF3Wt-Z-tAk,景点,พระที่นั่งสนามจันทร์,พระที่นั่งสนามจันทร์,castle,城堡,,,"หมู่พระมหามณเฑียร Khwaeng Phra Borom Maha Ratchawang, Khet Phra Nakhon, Krung Thep Maha Nakhon 10200",13.750393,100.492043,拍那空县,大皇宫区,,,,,,https://maps.google.com/?cid=699323371541126464&g_mp=CiVnb29nbGUubWFwcy5wbGFjZXMudjEuUGxhY2VzLkdldFBsYWNlEAIYBCAA
ChIJGUzbVACZ4jARgLtLfJhSrig,景点,พระบรมสารีริกธาตุ วัดคฤหบดี,พระบรมสารีริกธาตุ วัดคฤหบดี,buddhist_temple,佛教寺庙,,,"222 จรัญสนิทวงศ์ Khwaeng Bang Yi Khan, Khet Bang Phlat, Krung Thep Maha Nakhon 10700",13.771615,100.496652,挽拍县,Bang Yi Khan,,,,,,https://maps.google.com/?cid=2931371222338616192&g_mp=Cilnb29nbGUubWFwcy5wbGFjZXMudjEuUGxhY2VzLlNlYXJjaE5lYXJieRACGAQgAA
ChIJB6-RIwCZ4jAR3VCABEd_hYA,景点,พระพุทธรูปประจำสกุลวรรณโกวิท,พระพุทธรูปประจำสกุลวรรณโกวิท,buddhist_temple,佛教寺庙,,,"วัดโพธิ์, Khwaeng Phra Borom Maha Ratchawang, Khet Phra Nakhon, Krung Thep Maha Nakhon 10200",13.746122,100.493524,拍那空县,大皇宫区,,,,,,https://maps.google.com/?cid=9260948151752216797&g_mp=CiVnb29nbGUubWFwcy5wbGFjZXMudjEuUGxhY2VzLkdldFBsYWNlEAIYBCAA
ChIJyzcYsFeZ4jARtKjH2yQbYNE,景点,พระมาใส่กรอบใหญ่,พระมาใส่กรอบใหญ่,buddhist_temple,佛教寺庙,,,"3 Thanon Maha Rat, Khwaeng Phra Borom Maha Ratchawang, Khet Phra Nakhon, Krung Thep Maha Nakhon 10200",13.755286,100.48985,拍那空县,大皇宫区,,,,,,https://maps.google.com/?cid=15087088596811229364&g_mp=Cilnb29nbGUubWFwcy5wbGFjZXMudjEuUGxhY2VzLlNlYXJjaE5lYXJieRACGAQgAA
ChIJt83ORQCZ4jARXySmCztkkrs,景点,พระอุโบสถ,พระอุโบสถ,buddhist_temple,佛教寺庙,,,"พระอุโบสถ 248 Thanon Phra Sumen, Khwaeng Wat Bowon Niwet, Khet Phra Nakhon, Krung Thep Maha Nakhon 10200",13.760625,100.50002,拍那空县,波稳尼威区,,,,,,https://maps.google.com/?cid=13515975636453565535&g_mp=Cilnb29nbGUubWFwcy5wbGFjZXMudjEuUGxhY2VzLlNlYXJjaE5lYXJieRACGAQgAA
ChIJYU7h1XSZ4jARYui8ZpaDKfI,景点,พลับพลาสยามินทราศิริราชานุสรณีย์,พลับพลาสยามินทราศิริราชานุสรณีย์,park,公园,,,"QF5P+VWC, Siriraj, Bangkok Noi, Bangkok 10700",13.759686,100.487253,曼谷蓮縣,Sirirat,,,,,,https://maps.google.com/?cid=17449622913215686754&g_mp=Cilnb29nbGUubWFwcy5wbGFjZXMudjEuUGxhY2VzLlNlYXJjaE5lYXJieRACGAQgAA
ChIJC4V3AgCZ4jARYZsOhrC-K0k,景点,พิพิธภัณฑ์นวดไทย (พระวิหารขาว),พิพิธภัณฑ์นวดไทย (พระวิหารขาว),museum,博物馆,,,"PFWR+FVC, Thanon Sanam Chai, Khwaeng Phra Borom Maha Ratchawang, Khet Phra Nakhon, Krung Thep Maha Nakhon 10200",13.74613,100.492142,拍那空县,大皇宫区,星期一: 08:00–17:00 | 星期二: 08:00–17:00 | 星期三: 08:00–17:00 | 星期四: 08:00–17:00 | 星期五: 08:00–17:00 | 星期六: 08:00–17:00 | 星期日: 08:00–17:00,,,,,https://maps.google.com/?cid=5272517454139923297&g_mp=CiVnb29nbGUubWFwcy5wbGFjZXMudjEuUGxhY2VzLkdldFBsYWNlEAIYBCAA
ChIJXRf1MgCZ4jAR8pkgiBW2DJU,景点,พิพิธภัณฑ์วัดบวรนิเวศวิหาร,พิพิธภัณฑ์วัดบวรนิเวศวิหาร,museum,博物馆,,,"พิพิธภัณฑ์วัดบวรนิเวศวิหาร อาคาร ภปร Thanon Phra Sumen, Khwaeng Wat Bowon Niwet, Khet Phra Nakhon, Krung Thep Maha Nakhon 10200",13.760029,100.500779,拍那空县,波稳尼威区,,,,,,https://maps.google.com/?cid=10740159414966196722&g_mp=Cilnb29nbGUubWFwcy5wbGFjZXMudjEuUGxhY2VzLlNlYXJjaE5lYXJieRACGAQgAA
ChIJ2R4cfgCZ4jARpypPHdZaC6g,景点,พิพิธภัณฑ์โบราณวัตถุพระมหาเจดีย์สี่รัชกาล พระวิหารทิศตะวันตก,พิพิธภัณฑ์โบราณวัตถุพระมหาเจดีย์สี่รัชกาล พระวิหารทิศตะวันตก,museum,博物馆,,,"2 Thanon Sanam Chai, Khwaeng Phra Borom Maha Ratchawang, Khet Phra Nakhon, Krung Thep Maha Nakhon 10200",13.746427,100.492867,拍那空县,大皇宫区,,,,,,https://maps.google.com/?cid=12108871898776939175&g_mp=CiVnb29nbGUubWFwcy5wbGFjZXMudjEuUGxhY2VzLkdldFBsYWNlEAIYBCAA
ChIJSe_ak0yZ4jAR7gWwHeHzBUo,景点,ยุ กรอบพระท่าพระจันทร์,ยุ กรอบพระท่าพระจันทร์,museum,博物馆,,,"Krung Thep Maha Nakhon, Phra Nakhon, Krung Thep Maha Nakhon, Tha Maharaj邮政编码: 10200",13.755632,100.48868,曼谷蓮縣,大皇宫区,,,,,,https://maps.google.com/?cid=5333937481881486830&g_mp=Cilnb29nbGUubWFwcy5wbGFjZXMudjEuUGxhY2VzLlNlYXJjaE5lYXJieRACGAQgAA
ChIJJUQ_OAGZ4jAR2r3ttjYyH4s,景点,รับซิ้อเหรียญจีนโบราณทุกชนิดราคาสูงครับ,รับซิ้อเหรียญจีนโบราณทุกชนิดราคาสูงครับ,museum,博物馆,,,"曼谷都会区 Phra Nakhon, 曼谷 Banglamphu QG42+GPJ邮政编码: 10200",13.756331,100.501765,拍那空县,波稳尼威区,星期一: 24小时营业 | 星期二: 24小时营业 | 星期三: 24小时营业 | 星期四: 24小时营业 | 星期五: 24小时营业 | 星期六: 24小时营业 | 星期日: 24小时营业,+66 61 212 0321,https://www.facebook.com/ByCoin/,,,https://maps.google.com/?cid=10024786506128670170&g_mp=Cilnb29nbGUubWFwcy5wbGFjZXMudjEuUGxhY2VzLlNlYXJjaE5lYXJieRACGAQgAA
ChIJoSpE1TyZ4jAR7kLyg8AAAsA,景点,ร่ำรวยเงินทอง,ร่ำรวยเงินทอง,buddhist_temple,佛教寺庙,,,"222 ศรีวรจักร ถ. หลวง Khwaeng Wat Thepsirin, แขวงป้อมปราบฯ Krung Thep Maha Nakhon 10100",13.746891,100.510352,邦巴沙都拍县,Pom Prap,,+66 2 217 8444,,有洗手间|无障碍停车,,https://maps.google.com/?cid=13835621832082997998&g_mp=CiVnb29nbGUubWFwcy5wbGFjZXMudjEuUGxhY2VzLkdldFBsYWNlEAIYBCAA
ChIJ091h16yZ4jARxzxiNVyKVOw,景点,ร้านมาลัยยายอ้อย,ร้านมาลัยยายอ้อย,buddhist_temple,佛教寺庙,,,"2 Thanon Unakan, Khwaeng Wat Ratchabophit, Khet Phra Nakhon, Krung Thep Maha Nakhon 10200",13.750979,100.501865,拍那空县,巴杜披,星期一: 24小时营业 | 星期二: 24小时营业 | 星期三: 24小时营业 | 星期四: 24小时营业 | 星期五: 24小时营业 | 星期六: 24小时营业 | 星期日: 24小时营业,+66 95 662 5181,,,,https://maps.google.com/?cid=17029388219631942855&g_mp=CiVnb29nbGUubWFwcy5wbGFjZXMudjEuUGxhY2VzLkdldFBsYWNlEAIYBCAA
ChIJwelkXc2Z4jARMJwfRB9oM-g,景点,ร้านศักติปุตรา (B327) ชั้น 3 เมก้า พลาซ่า สะพานเหล็ก,ร้านศักติปุตรา (B327) ชั้น 3 เมก้า พลาซ่า สะพานเหล็ก,museum,博物馆,,,"900 Maha Chai Rd, Khwaeng Wang Burapha Phirom, Khet Phra Nakhon, Krung Thep Maha Nakhon 10200",13.74535,100.502449,拍那空县,三王府区,,+66 95 624 6241,https://m.facebook.com/SaktiputtraShop/,适合儿童|有洗手间,,https://maps.google.com/?cid=16731831524107721776&g_mp=CiVnb29nbGUubWFwcy5wbGFjZXMudjEuUGxhY2VzLkdldFBsYWNlEAIYBCAA
ChIJqS2qRgCZ4jARjFn2LVkHKWg,景点,ลานประติมากรรม,ลานประติมากรรม,tourist_attraction,旅游胜地,,,"2 Soi Na Phra That, Khwaeng Phra Borom Maha Ratchawang, Khet Phra Nakhon, Krung Thep Maha Nakhon 10200",13.757167,100.492076,拍那空县,大皇宫区,,,,适合儿童,,https://maps.google.com/?cid=7505538333594245516&g_mp=Cilnb29nbGUubWFwcy5wbGFjZXMudjEuUGxhY2VzLlNlYXJjaE5lYXJieRACGAQgAA
ChIJF6rJewCZ4jARYqgsWQQ9U2M,景点,ลานพระรัตนตรัยเทวราช วัดเทวราชกุญชรวรวิหาร,ลานพระรัตนตรัยเทวราช วัดเทวราชกุญชรวรวิหาร,buddhist_temple,佛教寺庙,,,"90 Si Ayutthaya Rd, Khwaeng Wachira Phayaban, Khet Dusit, Krung Thep Maha Nakhon 10300",13.772331,100.502164,都实县,Wachira Phayaban,,,,,,https://maps.google.com/?cid=7157131321707112546&g_mp=Cilnb29nbGUubWFwcy5wbGFjZXMudjEuUGxhY2VzLlNlYXJjaE5lYXJieRACGAQgAA
ChIJZW4NZwCZ4jARUbFl3hyVRLU,景点,ลานโพธิ์และต้นโพธิ์ มหาวิทยาลัยธรรมศาสตร์,ลานโพธิ์และต้นโพธิ์ มหาวิทยาลัยธรรมศาสตร์,historical_landmark,历史地标,,,"2 Phra Chan Alley, Khwaeng Phra Borom Maha Ratchawang, Khet Phra Nakhon, Krung Thep Maha Nakhon 10200",13.756824,100.48955,曼谷蓮縣,大皇宫区,,,,,,https://maps.google.com/?cid=13061728770504110417&g_mp=Cilnb29nbGUubWFwcy5wbGFjZXMudjEuUGxhY2VzLlNlYXJjaE5lYXJieRACGAQgAA
ChIJ5RsiHwCZ4jARxUvoMhPBfZE,景点,ลิฟต์แดง คณะศิลปศาสตร์ มหาวิทยาลัยธรรมศาสตร์,ลิฟต์แดง คณะศิลปศาสตร์ มหาวิทยาลัยธรรมศาสตร์,historical_landmark,历史地标,,,"QF4Q+JMC, Phra Chan Alley, Khwaeng Phra Borom Maha Ratchawang, Khet Phra Nakhon, Krung Thep Maha Nakhon 10200",13.756716,100.489043,曼谷蓮縣,大皇宫区,,,,,,https://maps.google.com/?cid=10483747795791006661&g_mp=Cilnb29nbGUubWFwcy5wbGFjZXMudjEuUGxhY2VzLlNlYXJjaE5lYXJieRACGAQgAA
ChIJe1CrcACZ4jARRzTNTKMGAeU,景点,วงเวียน SiMR,วงเวียน SiMR,park,公园,,,"QF5M+VWH, Gymnasium, Khwaeng Siriraj, Khet Bangkok Noi, Krung Thep Maha Nakhon 10700",13.759685,100.484874,曼谷蓮縣,Sirirat,,,,,,https://maps.google.com/?cid=16501477808100160583&g_mp=Cilnb29nbGUubWFwcy5wbGFjZXMudjEuUGxhY2VzLlNlYXJjaE5lYXJieRACGAQgAA
ChIJF4CN44yZ4jARkMP4IUteXKs,景点,วังบางยี่ขัน,วังบางยี่ขัน,museum,博物馆,,,"279 จรัญสนิทวงศ์ Khwaeng Bang Yi Khan, Khet Bang Phlat, Krung Thep Maha Nakhon 10700",13.770127,100.495839,挽拍县,Bang Yi Khan,,,,,,https://maps.google.com/?cid=12347847955128566672&g_mp=Cilnb29nbGUubWFwcy5wbGFjZXMudjEuUGxhY2VzLlNlYXJjaE5lYXJieRACGAQgAA
ChIJYwaxFwCZ4jARGGF1DTr2c6M,景点,วัดกัลยา ณ มิตร,วัดกัลยา ณ มิตร,buddhist_temple,佛教寺庙,,,"曼谷都会区 Phra Nakhon, 曼谷 Banglamphu QG42+GPJ邮政编码: 10200",13.756331,100.501765,拍那空县,波稳尼威区,,,,,,https://maps.google.com/?cid=11778028179698311448&g_mp=Cilnb29nbGUubWFwcy5wbGFjZXMudjEuUGxhY2VzLlNlYXJjaE5lYXJieRACGAQgAA
ChIJa-uzCwCZ4jARaWdmPsgpD2I,景点,วัดบวรสถานสุทธาวาส (วัดพระแก้ววังหน้า),วัดบวรสถานสุทธาวาส (วัดพระแก้ววังหน้า),buddhist_temple,佛教寺庙,,,"4 Thanon Rachini, Khwaeng Phra Borom Maha Ratchawang, Khet Phra Nakhon, Krung Thep Maha Nakhon 10200",13.759481,100.491556,拍那空县,大皇宫区,,,,,,https://maps.google.com/?cid=7065912280384694121&g_mp=Cilnb29nbGUubWFwcy5wbGFjZXMudjEuUGxhY2VzLlNlYXJjaE5lYXJieRACGAQgAA
ChIJy1YLbwCZ4jAR-Z512PsHFv8,景点,วัดพระพิเรนทร์,วัดพระพิเรนทร์,buddhist_temple,佛教寺庙,,,"ดิโอลด์สยามพลาซ่า 35-4 Thanon Burapha, Khwaeng Wang Burapha Phirom, Khet Phra Nakhon, Krung Thep Maha Nakhon 10200",13.745235,100.500533,拍那空县,三王府区,,,,,,https://maps.google.com/?cid=18380887707409030905&g_mp=CiVnb29nbGUubWFwcy5wbGFjZXMudjEuUGxhY2VzLkdldFBsYWNlEAIYBCAA
ChIJ1ZGaAgCZ4jARzbym1fuYl78,景点,วัดพระยาศิริไอยสวรรค์ Park,วัดพระยาศิริไอยสวรรค์ Park,garden,花园,,,"373 Soi Suwannin, Khwaeng Bang Yi Khan, Khet Bang Phlat, Krung Thep Maha Nakhon 10700",13.768616,100.493127,挽拍县,Bang Yi Khan,,,,,,https://maps.google.com/?cid=13805671390116232397&g_mp=Cilnb29nbGUubWFwcy5wbGFjZXMudjEuUGxhY2VzLlNlYXJjaE5lYXJieRACGAQgAA
ChIJ9bqJNhqZ4jARASN_NE8kD5g,景点,วัดศิริคุรุซิงห์สภา,วัดศิริคุรุซิงห์สภา,buddhist_temple,佛教寺庙,,,"565 พาหุรัด Phahurat Rd, Khwaeng Wang Burapha Phirom, Khet Phra Nakhon, Krung Thep Maha Nakhon 10200",13.745029,100.499809,拍那空县,三王府区,,+66 2 221 0111,,有洗手间,,https://maps.google.com/?cid=10957016341017469697&g_mp=CiVnb29nbGUubWFwcy5wbGFjZXMudjEuUGxhY2VzLkdldFBsYWNlEAIYBCAA
ChIJ8TLJYNOZ4jARAZz3EdlpPV0,景点,วัดโสมนัสฯ ศาลา 1,วัดโสมนัสฯ ศาลา 1,buddhist_temple,佛教寺庙,,,"646 Krung Kasem Rd, Khwaeng Wat Sommanat, Khet Pom Prap Sattru Phai, Krung Thep Maha Nakhon 10100",13.75997,100.510132,邦巴沙都拍县,Wat Sommanat,,,,,,https://maps.google.com/?cid=6718642600136907777&g_mp=Cilnb29nbGUubWFwcy5wbGFjZXMudjEuUGxhY2VzLlNlYXJjaE5lYXJieRACGAQgAA
ChIJA5kpqCSZ4jARHAmn6b1Puso,景点,วัดโสมนัสฯ ศาลา 10,วัดโสมนัสฯ ศาลา 10,buddhist_temple,佛教寺庙,,,"646 Krung Kasem Road, Wat Sommanat, Pom Prap Sattru Phai, Bangkok, ThailandWat Sommanat, เขตป้อมปราบศัตรูพ่าย กรุงเทพมหานคร 10100",13.759616,100.510669,邦巴沙都拍县,Wat Sommanat,,,,,,https://maps.google.com/?cid=14608076018417076508&g_mp=Cilnb29nbGUubWFwcy5wbGFjZXMudjEuUGxhY2VzLlNlYXJjaE5lYXJieRACGAQgAA
ChIJQ4y0tm6Z4jARt83JO3LQaMo,景点,วัดโสมนัสฯ ศาลา 4,วัดโสมนัสฯ ศาลา 4,buddhist_temple,佛教寺庙,,,"646 Krung Kasem Rd, Khwaeng Wat Sommanat, Khet Pom Prap Sattru Phai, Krung Thep Maha Nakhon 10100",13.75974,100.510405,邦巴沙都拍县,Wat Sommanat,,,,,,https://maps.google.com/?cid=14585136582287281591&g_mp=Cilnb29nbGUubWFwcy5wbGFjZXMudjEuUGxhY2VzLlNlYXJjaE5lYXJieRACGAQgAA
ChIJodn5yseZ4jAR05wCXQyAT4c,景点,วัดโสมนัสฯ ศาลา 7,วัดโสมนัสฯ ศาลา 7,buddhist_temple,佛教寺庙,,,"646 Krung Kasem Road, Wat Sommanat, Pom Prap Sattru Phai, ThailandWat Sommanat, Pomprab, กรุงเทพมหานคร 10100",13.759561,100.510072,邦巴沙都拍县,Wat Sommanat,,,,,,https://maps.google.com/?cid=9750152508868828371&g_mp=Cilnb29nbGUubWFwcy5wbGFjZXMudjEuUGxhY2VzLlNlYXJjaE5lYXJieRACGAQgAA
ChIJ18O4T5uZ4jARRZvgGINEziI,景点,วัดโสมนัสฯ ศาลา 8,วัดโสมนัสฯ ศาลา 8,buddhist_temple,佛教寺庙,,,"646 Krung Kasem Road, Wat Sommanat, Pom Prap Sattru Phai, ThailandWat Sommanat, Pomprab, กรุงเทพมหานคร 10100",13.75946,100.510177,邦巴沙都拍县,Wat Sommanat,,,,,,https://maps.google.com/?cid=2508017372340722501&g_mp=Cilnb29nbGUubWFwcy5wbGFjZXMudjEuUGxhY2VzLlNlYXJjaE5lYXJieRACGAQgAA
ChIJ3Snr7_mZ4jARnUO42IZoShQ,景点,วันนี้แพรพีทำอะไร,วันนี้แพรพีทำอะไร,tourist_attraction,旅游胜地,,,"ฺ, Khwaeng Wat Bowon Niwet, Khet Phra Nakhon, Krung Thep Maha Nakhon 10200",13.756331,100.501765,拍那空县,波稳尼威区,,,,,,https://maps.google.com/?cid=1462095957406008221&g_mp=Cilnb29nbGUubWFwcy5wbGFjZXMudjEuUGxhY2VzLlNlYXJjaE5lYXJieRACGAQgAA
ChIJC0ai45qZ4jARmZEE33IxeUU,景点,วิหารจุฬามณีเจดีย์ วัดดาวดึงษาราม,วิหารจุฬามณีเจดีย์ วัดดาวดึงษาราม,buddhist_temple,佛教寺庙,,,"872 Wat Daowaduengsaram, Khwaeng Bang Yi Khan, Khet Bang Phlat, Krung Thep Maha Nakhon 10700",13.767804,100.490562,挽拍县,Bang Yi Khan,,,,,,https://maps.google.com/?cid=5006086830236668313&g_mp=Cilnb29nbGUubWFwcy5wbGFjZXMudjEuUGxhY2VzLlNlYXJjaE5lYXJieRACGAQgAA
ChIJHfXDFQCZ4jARF6LETSiU5VA,景点,ศาลาธรรมชินราชปัญจบพิธ,ศาลาธรรมชินราชปัญจบพิธ,buddhist_temple,佛教寺庙,,,"QG87+283, Likhit Rd, Khwaeng Dusit, Khet Dusit, Krung Thep Maha Nakhon 10300",13.765048,100.513228,都实县,Dusit,,,,,,https://maps.google.com/?cid=5829228193525309975&g_mp=Cilnb29nbGUubWFwcy5wbGFjZXMudjEuUGxhY2VzLlNlYXJjaE5lYXJieRACGAQgAA
ChIJ7yyWPwCZ4jARaHfItkG-iWc,景点,ศาลาบัณณรศภาค,ศาลาบัณณรศภาค,buddhist_temple,佛教寺庙,,,"69 Nakhon Pathom Rd, Khwaeng Dusit, Khet Dusit, Krung Thep Maha Nakhon 10300",13.765577,100.514089,都实县,Dusit,,,,,,https://maps.google.com/?cid=7460703447164680040&g_mp=Cilnb29nbGUubWFwcy5wbGFjZXMudjEuUGxhY2VzLlNlYXJjaE5lYXJieRACGAQgAA
ChIJpRIqDACZ4jARv9WQu7or9T4,景点,ศาลาปฏิบัติธรรม วัดโสมนัสวรราชวิหาร,ศาลาปฏิบัติธรรม วัดโสมนัสวรราชวิหาร,buddhist_temple,佛教寺庙,,,"646 Phaniang Rd, Khwaeng Wat Sommanat, Khet Pom Prap Sattru Phai, Krung Thep Maha Nakhon 10100",13.760466,100.510041,邦巴沙都拍县,Wat Sommanat,,,,,,https://maps.google.com/?cid=4536580280656385471&g_mp=Cilnb29nbGUubWFwcy5wbGFjZXMudjEuUGxhY2VzLlNlYXJjaE5lYXJieRACGAQgAA
ChIJ52XTDgCZ4jARP3cqeV0sCz8,景点,ศาลาปิยชาติ,ศาลาปิยชาติ,buddhist_temple,佛教寺庙,,,"344 Boriphat Rd, Khwaeng Ban Bat, Khet Pom Prap Sattru Phai, Krung Thep Maha Nakhon 10100",13.753223,100.507259,邦巴沙都拍县,班巴区,星期一: 24小时营业 | 星期二: 24小时营业 | 星期三: 24小时营业 | 星期四: 24小时营业 | 星期五: 24小时营业 | 星期六: 24小时营业 | 星期日: 24小时营业,,,有洗手间,,https://maps.google.com/?cid=4542773429109684031&g_mp=CiVnb29nbGUubWFwcy5wbGFjZXMudjEuUGxhY2VzLkdldFBsYWNlEAIYBCAA
ChIJF7ked3GZ4jAR6QJGLtxDs5g,景点,ศาลาพระเครื่องวัดเอี่ยมวรนุช,ศาลาพระเครื่องวัดเอี่ยมวรนุช,buddhist_temple,佛教寺庙,,,"178 Thanon Samsen, Khwaeng Ban Phan Thom, Khet Phra Nakhon, Krung Thep Maha Nakhon 10200",13.76652,100.50114,拍那空县,班潘通,,,,,,https://maps.google.com/?cid=11003212927544460009&g_mp=Cilnb29nbGUubWFwcy5wbGFjZXMudjEuUGxhY2VzLlNlYXJjaE5lYXJieRACGAQgAA
ChIJu_V0HQCZ4jARDXcUq_KYmbg,景点,ศาลาวัตถุมงคล วัดบวรนิเวศวิหาร,ศาลาวัตถุมงคล วัดบวรนิเวศวิหาร,buddhist_temple,佛教寺庙,,,"248 Thanon Phra Sumen, Khwaeng Wat Bowon Niwet, Khet Phra Nakhon, Krung Thep Maha Nakhon 10200",13.759794,100.500096,拍那空县,波稳尼威区,,,,,,https://maps.google.com/?cid=13301831142435223309&g_mp=Cilnb29nbGUubWFwcy5wbGFjZXMudjEuUGxhY2VzLlNlYXJjaE5lYXJieRACGAQgAA
ChIJW2W0agCZ4jARyjUqB2K8MMU,景点,ศาลาสี่สมเด็จ,ศาลาสี่สมเด็จ,buddhist_temple,佛教寺庙,,,"69 Nakhon Pathom Rd, Khwaeng Dusit, Khet Dusit, Krung Thep Maha Nakhon 10300",13.766067,100.514026,都实县,Dusit,,,,,,https://maps.google.com/?cid=14209063953566938570&g_mp=Cilnb29nbGUubWFwcy5wbGFjZXMudjEuUGxhY2VzLlNlYXJjaE5lYXJieRACGAQgAA
ChIJE-oROgCZ4jAR-x7W2y_JpwQ,景点,ศาลาโรงธรรม บ้านปูน,ศาลาโรงธรรม บ้านปูน,historical_landmark,历史地标,,,"904 จรัญสนิทวงศ์ Khwaeng Bang Yi Khan, Khet Bang Phlat, Krung Thep Maha Nakhon 10700",13.770843,100.495527,挽拍县,Bang Yi Khan,,,,,,https://maps.google.com/?cid=335457904651280123&g_mp=Cilnb29nbGUubWFwcy5wbGFjZXMudjEuUGxhY2VzLlNlYXJjaE5lYXJieRACGAQgAA
ChIJpZsaMACZ4jARe4qoQRXDNHA,景点,ศูนย์กลางวัดน้อยทองอยู่,ศูนย์กลางวัดน้อยทองอยู่,buddhist_temple,佛教寺庙,,,"QF7Q+7J3, Thanon Arun Amarin, Khwaeng Arun Amarin, Khet Bangkok Noi, Krung Thep Maha Nakhon 10700",13.763138,100.489034,曼谷蓮縣,Arun Ammarin,,,,,,https://maps.google.com/?cid=8085301727100177019&g_mp=Cilnb29nbGUubWFwcy5wbGFjZXMudjEuUGxhY2VzLlNlYXJjaE5lYXJieRACGAQgAA
ChIJr7EBOwCZ4jARPSC8wO0lnjU,景点,สถานที่ชมนกปากห่าง,สถานที่ชมนกปากห่าง,tourist_attraction,旅游景点,,,"QG88+G3H, Suan Chitlada, Dusit District, Bangkok 10300",13.766582,100.515454,都实县,Suan Chit Lada,,,,,,https://maps.google.com/?cid=3863567233401495613&g_mp=Cilnb29nbGUubWFwcy5wbGFjZXMudjEuUGxhY2VzLlNlYXJjaE5lYXJieRACGAQgAA
ChIJZ93LHACZ4jARoc77jhtyctc,景点,สถาบันพลังจิตตานุภาพ สาขา30วัดใหม่อมตรส(บางขุนพรหม),สถาบันพลังจิตตานุภาพ สาขา30วัดใหม่อมตรส(บางขุนพรหม),buddhist_temple,佛教寺庙,,,"132 ถ. วิสุทธิกษัตริย์ Khwaeng Ban Phan Thom, Khet Phra Nakhon, Krung Thep Maha Nakhon 10200",13.764173,100.501864,拍那空县,班潘通,,,,,,https://maps.google.com/?cid=15524596328188071585&g_mp=Cilnb29nbGUubWFwcy5wbGFjZXMudjEuUGxhY2VzLlNlYXJjaE5lYXJieRACGAQgAA
ChIJVz2OEgCZ4jARg4lwOA4eQlk,景点,สวน 15 นาที สัมพันธวงศ์,สวน 15 นาที สัมพันธวงศ์,park,公园,,,"PGR3+47X, Anuwong Rd, Khwaeng Chakkrawat, Khet Samphanthawong, Krung Thep Maha Nakhon 10100",13.740112,100.503019,三攀他旺县,差甲瓦區,,,,适合儿童,,https://maps.google.com/?cid=6431736264263764355&g_mp=CiVnb29nbGUubWFwcy5wbGFjZXMudjEuUGxhY2VzLkdldFBsYWNlEAIYBCAA
ChIJeVStHYKZ4jARGnSrUbh4JY8,景点,สวนวันครู สพฐ.,สวนวันครู สพฐ.,garden,花园,,,"319 Thanon Ratchadamnoen Nok, Khwaeng Dusit, Khet Dusit, Krung Thep Maha Nakhon 10300",13.766111,100.509861,都实县,Dusit,星期一: 24小时营业 | 星期二: 24小时营业 | 星期三: 24小时营业 | 星期四: 24小时营业 | 星期五: 24小时营业 | 星期六: 休息 | 星期日: 休息,,,无障碍入口|无障碍停车|无障碍洗手间|无障碍座位,,https://maps.google.com/?cid=10314783254601495578&g_mp=Cilnb29nbGUubWFwcy5wbGFjZXMudjEuUGxhY2VzLlNlYXJjaE5lYXJieRACGAQgAA
ChIJE_3mzgGZ4jARNpWUgEMYYew,景点,สวพฝ,สวพฝ,park,公园,,,"曼谷都会区 Phra Nakhon, 曼谷 Banglamphu QG42+GPJ邮政编码: 10200",13.756331,100.501765,拍那空县,波稳尼威区,,,,,,https://maps.google.com/?cid=17032921943891023158&g_mp=Cilnb29nbGUubWFwcy5wbGFjZXMudjEuUGxhY2VzLlNlYXJjaE5lYXJieRACGAQgAA
ChIJWY2mWs2Z4jARTCOpnmO7FRc,景点,สำนักงานกลาง กองการวิปัสสนาธุระ คณะ 5,สำนักงานกลาง กองการวิปัสสนาธุระ คณะ 5,buddhist_temple,佛教寺庙,,,"3 Soi Na Phra That, Khwaeng Phra Borom Maha Ratchawang, Khet Phra Nakhon, Krung Thep Maha Nakhon 10200",13.754214,100.489892,拍那空县,大皇宫区,,,,,,https://maps.google.com/?cid=1663441673921307468&g_mp=Cilnb29nbGUubWFwcy5wbGFjZXMudjEuUGxhY2VzLlNlYXJjaE5lYXJieRACGAQgAA
ChIJxfgpRmCZ4jARFmIx-qy_KQc,景点,สำนักงานกองงานเลขาเจ้าคณะกรุงเทพมหานคร,สำนักงานกองงานเลขาเจ้าคณะกรุงเทพมหานคร,buddhist_temple,佛教寺庙,,,"3 Thanon Maha Rat, Khwaeng Phra Borom Maha Ratchawang, Khet Phra Nakhon, Krung Thep Maha Nakhon 10200",13.754376,100.491249,拍那空县,大皇宫区,星期一: 08:00–17:00 | 星期二: 08:00–17:00 | 星期三: 08:00–17:00 | 星期四: 08:00–17:00 | 星期五: 08:00–17:00 | 星期六: 08:00–17:00 | 星期日: 08:00–17:00,+66 2 000 3388,https://oksgov.org/,有洗手间|无障碍停车,,https://maps.google.com/?cid=516154381963452950&g_mp=Cilnb29nbGUubWFwcy5wbGFjZXMudjEuUGxhY2VzLlNlYXJjaE5lYXJieRACGAQgAA
ChIJH0e3WgCZ4jARVdtT8NpM0dc,景点,หมุดคณะราษฎรจำลอง,หมุดคณะราษฎรจำลอง,tourist_attraction,旅游景点,,,"อยู่ติดกับ 1976 Thammasat Massacre Memorial และอยู่ด้านหน้าห้องสมุดสัญญา ธรรมศักดิ์ 2 Soi Na Phra That, Khwaeng Phra Borom Maha Ratchawang, Khet Phra Nakhon, Krung Thep Maha Nakhon 10200",13.757176,100.491963,拍那空县,大皇宫区,,,,,,https://maps.google.com/?cid=15551295491505642325&g_mp=Cilnb29nbGUubWFwcy5wbGFjZXMudjEuUGxhY2VzLlNlYXJjaE5lYXJieRACGAQgAA
ChIJt9g-WQCZ4jAR5k_c-1SnTRY,景点,หมู่พระวิมานเมืองสรวง,หมู่พระวิมานเมืองสรวง,museum,博物馆,,,"พิพิธภัณฑสถานแห่งชาติ พระนคร National Museum, 4 Soi Na Phra That, Khwaeng Phra Borom Maha Ratchawang, Khet Phra Nakhon, Krung Thep Maha Nakhon 10200",13.75824,100.491353,拍那空县,大皇宫区,,,,,,https://maps.google.com/?cid=1607124625485746150&g_mp=Cilnb29nbGUubWFwcy5wbGFjZXMudjEuUGxhY2VzLlNlYXJjaE5lYXJieRACGAQgAA
ChIJ-2hBenyZ4jARm2rdifUpTq4,景点,หลักกิโลเมตรที่ 0 (Thailand's Kilometer 0 Marker),หลักกิโลเมตรที่ 0 (Thailand's Kilometer 0 Marker),historical_landmark,历史地标,,,"149 Prachathipatai Rd, Khwaeng Wat Bowon Niwet, Khet Phra Nakhon, Krung Thep Maha Nakhon 10200",13.757142,100.502161,拍那空县,波稳尼威区,,,,,,https://maps.google.com/?cid=12560022545339607707&g_mp=Cilnb29nbGUubWFwcy5wbGFjZXMudjEuUGxhY2VzLlNlYXJjaE5lYXJieRACGAQgAA
ChIJEz0gOQCZ4jARbq_5xJVz3UY,景点,หัวรถจักร ร ฟ ท 950,หัวรถจักร ร ฟ ท 950,historical_landmark,历史地标,,,"QF5P+VWC พลับพลาสยามินทราศิริราชานุสรณีย์, Khwaeng Siriraj, Khet Bangkok Noi, Krung Thep Maha Nakhon 10700",13.75955,100.487295,曼谷蓮縣,Sirirat,,,,,,https://maps.google.com/?cid=5106364639600029550&g_mp=Cilnb29nbGUubWFwcy5wbGFjZXMudjEuUGxhY2VzLlNlYXJjaE5lYXJieRACGAQgAA
ChIJjcVDawCZ4jAR-PwRvI1L1J0,景点,ห้องน้ำ วัดจักรวรร,ห้องน้ำ วัดจักรวรร,buddhist_temple,佛教寺庙,,,"550 Maha Chak Rd, Khwaeng Chakkrawat, Khet Samphanthawong, Krung Thep Maha Nakhon 10100",13.741776,100.504236,三攀他旺县,差甲瓦區,,,,有洗手间,,https://maps.google.com/?cid=11372798031135112440&g_mp=CiVnb29nbGUubWFwcy5wbGFjZXMudjEuUGxhY2VzLkdldFBsYWNlEAIYBCAA
ChIJx9oEGQCZ4jARKHZxy6aCSc0,景点,ห้องน้ำวัดชัยภูมิการาม และที่จอดรถ,ห้องน้ำวัดชัยภูมิการาม และที่จอดรถ,buddhist_temple,佛教寺庙,,,"28 Thanon Yaowaphanit, Khwaeng Chakkrawat, Khet Samphanthawong, Krung Thep Maha Nakhon 10100",13.740233,100.508825,三攀他旺县,差甲瓦區,,,,有洗手间,,https://maps.google.com/?cid=14792498103964497448&g_mp=CiVnb29nbGUubWFwcy5wbGFjZXMudjEuUGxhY2VzLkdldFBsYWNlEAIYBCAA
ChIJ9yxGYgCZ4jARj2urMbtDP90,景点,ห้องส้วมสาธารณะวังปารุสกวัน (พิพิธภัณฑ์ตำรวจ),ห้องส้วมสาธารณะวังปารุสกวัน (พิพิธภัณฑ์ตำรวจ),museum,博物馆,,,"323 Thanon Si Ayutthaya, Khwaeng Dusit, Khet Dusit, Krung Thep Maha Nakhon 10300",13.768045,100.510646,都实县,Dusit,,,,,,https://maps.google.com/?cid=15942535677186108303&g_mp=Cilnb29nbGUubWFwcy5wbGFjZXMudjEuUGxhY2VzLlNlYXJjaE5lYXJieRACGAQgAA
ChIJnbfyrxOZ4jARke70kSec33c,景点,อชปาลนิโครธ(Ajapala Banyan),อชปาลนิโครธ(Ajapala Banyan),buddhist_temple,佛教寺庙,,,"126 Thanon Siri Phong, Khwaeng Samran Rat, Khet Phra Nakhon, Krung Thep Maha Nakhon 10200",13.75071,100.501976,拍那空县,巴杜披,星期一: 24小时营业 | 星期二: 24小时营业 | 星期三: 24小时营业 | 星期四: 24小时营业 | 星期五: 24小时营业 | 星期六: 24小时营业 | 星期日: 24小时营业,,,有洗手间,,https://maps.google.com/?cid=8637794304086306449&g_mp=CiVnb29nbGUubWFwcy5wbGFjZXMudjEuUGxhY2VzLkdldFBsYWNlEAIYBCAA
ChIJcXQL3sOZ4jARmAs6mPZG8N8,景点,อาคาร สว ธรรมนิเวศ僧王,อาคารสวธรรมนิเวศสมเด็จพระสังฆราช,buddhist_temple,佛教寺庙,,,"248 Thanon Phra Sumen, Khwaeng Wat Bowon Niwet, Khet Phra Nakhon, Krung Thep Maha Nakhon 10200",13.758865,100.501618,拍那空县,波稳尼威区,,,,,,https://maps.google.com/?cid=16136475489798327192&g_mp=Cilnb29nbGUubWFwcy5wbGFjZXMudjEuUGxhY2VzLlNlYXJjaE5lYXJieRACGAQgAA
ChIJ_1VrBgCZ4jARadScAJ6tKlo,景点,อาคารปฏิบัติธรรมเฉลิมพระเกียรติ วัดอินทรวิหาร,อาคารปฏิบัติธรรมเฉลิมพระเกียรติ วัดอินทรวิหาร,buddhist_temple,佛教寺庙,,,"144 ถ. วิสุทธิกษัตริย์ Khwaeng Bang Khun Phrom, Khet Phra Nakhon, Krung Thep Maha Nakhon 10200",13.766166,100.502479,拍那空县,邦坤蓬区,,,,,,https://maps.google.com/?cid=6497196306562077801&g_mp=Cilnb29nbGUubWFwcy5wbGFjZXMudjEuUGxhY2VzLlNlYXJjaE5lYXJieRACGAQgAA
ChIJCyNzWACZ4jARXHW-9A2XAEo,景点,อาคารปิยะสมบัติกุล วัดบวรนิเวศวิหาร,อาคารปิยะสมบัติกุล วัดบวรนิเวศวิหาร,buddhist_temple,佛教寺庙,,,"วัดบวรนิเวศวิหาร Khwaeng Wat Bowon Niwet, Khet Phra Nakhon, Krung Thep Maha Nakhon 10200",13.759137,100.50036,拍那空县,波稳尼威区,,,,,,https://maps.google.com/?cid=5332428045003158876&g_mp=Cilnb29nbGUubWFwcy5wbGFjZXMudjEuUGxhY2VzLlNlYXJjaE5lYXJieRACGAQgAA
ChIJt6d4NgCZ4jAR2fhBauVYxjs,景点,อาคารอุไรศรี คนึงสุขเกษม,อาคารอุไรศรี คนึงสุขเกษม,buddhist_temple,佛教寺庙,,,"77 Chakrabongse Rd, Khwaeng Chana Songkhram, Khet Phra Nakhon, Krung Thep Maha Nakhon 10200",13.76103,100.495552,拍那空县,查那松康区,,,,,,https://maps.google.com/?cid=4307227835979921625&g_mp=Cilnb29nbGUubWFwcy5wbGFjZXMudjEuUGxhY2VzLlNlYXJjaE5lYXJieRACGAQgAA
ChIJJ9KD_ymZ4jAR7pz8JPWRnWM,景点,อาคารเฉลิมพระเกียรติ มวก.,อาคารเฉลิมพระเกียรติ มวก.,buddhist_temple,佛教寺庙,,,"90 Si Ayutthaya Rd, Khwaeng Wachira Phayaban, Khet Dusit, Krung Thep Maha Nakhon 10300",13.77194,100.501612,都实县,Wachira Phayaban,,,,,,https://maps.google.com/?cid=7178053863171988718&g_mp=Cilnb29nbGUubWFwcy5wbGFjZXMudjEuUGxhY2VzLlNlYXJjaE5lYXJieRACGAQgAA
ChIJESiwMwCZ4jARb6TAIAM4mpw,景点,ฮุกตึ้ง หลานหลวง,ฮุกตึ้ง หลานหลวง,buddhist_temple,佛教寺庙,,,"222/30 Lan Luang Rd, Khwaeng Khlong Maha Nak, Khet Pom Prap Sattru Phai, Krung Thep Maha Nakhon 10100",13.756038,100.514182,邦巴沙都拍县,Khlong Maha Nak,,,,,,https://maps.google.com/?cid=11284393402415752303&g_mp=Cilnb29nbGUubWFwcy5wbGFjZXMudjEuUGxhY2VzLlNlYXJjaE5lYXJieRACGAQgAA
ChIJG4A7hwGZ4jARruaZsz4ABhM,景点,เกือบสุด แต่หลุดก่อน,เกือบสุด แต่หลุดก่อน,observation_deck,观景台,,,"Thanon Charoen Rat, Khwaeng Khlong Ton Sai, Khet Khlong San, Krung Thep Maha Nakhon 10600",13.726647,100.500784,空訕縣,Khlong Ton Sai,,,,,,https://maps.google.com/?cid=1370783405882074798&g_mp=Cilnb29nbGUubWFwcy5wbGFjZXMudjEuUGxhY2VzLlNlYXJjaE5lYXJieRACGAQgAA
ChIJeS2YJwCZ4jARYX6Lwzr0KJE,景点,เสาระดับน้ำท่วมสูงสุด,เสาระดับน้ำท่วมสูงสุด,historical_landmark,古迹地标,,,"4 Soi Na Phra That, Khwaeng Phra Borom Maha Ratchawang, Khet Phra Nakhon, Krung Thep Maha Nakhon 10200",13.757559,100.492568,拍那空县,大皇宫区,,,,,,https://maps.google.com/?cid=10459878667793956449&g_mp=Cilnb29nbGUubWFwcy5wbGFjZXMudjEuUGxhY2VzLlNlYXJjaE5lYXJieRACGAQgAA
ChIJ7Tf6TwCZ4jARfJk_XfQKtS8,景点,โบราณสถานฐานป้อมพระราชวังหลัง,โบราณสถานฐานป้อมพระราชวังหลัง,historical_landmark,历史地标,,,"ชั้น B1 โรงพยาบาลศิริราช อาคารปิยมหาราชการุณย์ เลขที่ 2 Phran Nok Road, Khwaeng Siriraj, Khet Bangkok Noi, Krung Thep Maha Nakhon 10700",13.759638,100.486689,曼谷蓮縣,Sirirat,,,,,,https://maps.google.com/?cid=3437665935219988860&g_mp=Cilnb29nbGUubWFwcy5wbGFjZXMudjEuUGxhY2VzLlNlYXJjaE5lYXJieRACGAQgAA
ChIJpwgAYgCZ4jARfMNkduu91U8,景点,ไอคอนสยาม เเม่น้ำเจ้าพระยา,ไอคอนสยาม เเม่น้ำเจ้าพระยา,tourist_attraction,旅游胜地,,,"曼谷都会区 Phra Nakhon, 曼谷 Banglamphu QG42+GPJ邮政编码: 10200",13.756331,100.501765,拍那空县,波稳尼威区,,,,适合儿童,,https://maps.google.com/?cid=5752712918036956028&g_mp=Cilnb29nbGUubWFwcy5wbGFjZXMudjEuUGxhY2VzLlNlYXJjaE5lYXJieRACGAQgAA
ChIJH0meMACZ4jAR8H-DTZDrAkY,景点,ワットポー入口,ทางเข้าวัดโพธิ์,buddhist_temple,佛教寺庙,,,"PFWR+MJC, Phra Borom Maha Ratchawang, Phra Nakhon, Bangkok 10200",13.746693,100.491502,拍那空县,大皇宫区,,,,有洗手间,,https://maps.google.com/?cid=5044853537616658416&g_mp=CiVnb29nbGUubWFwcy5wbGFjZXMudjEuUGxhY2VzLkdldFBsYWNlEAIYBCAA
ChIJ62uqIwCZ4jARW3HGnwgEYG0,景点,中国佛教福牛僧才计划培养中心（曼谷办事处）,ศูนย์ฝึกอบรมผู้มีความสามารถพิเศษ Fu Niu Seng ชาวจีนพุทธ (สำนักงานกรุงเทพฯ),buddhist_temple,佛教寺庙,,,"345 Boriphat Rd, Khwaeng Ban Bat, Khet Pom Prap Sattru Phai, Krung Thep Maha Nakhon 10100",13.745969,100.50402,三攀他旺县,Samphanthawong,,,,有洗手间,,https://maps.google.com/?cid=7881303782985199963&g_mp=CiVnb29nbGUubWFwcy5wbGFjZXMudjEuUGxhY2VzLkdldFBsYWNlEAIYBCAA
ChIJFal_OQCZ4jARqaTX7pOavW8,景点,佛寺,วัดพุทธ,buddhist_temple,佛教寺庙,,,10200 กรุงเทพมหานคร พระนคร กรุงเทพมหานคร Banglamphu 63,13.7559,100.505444,拍那空县,波稳尼威区,,,,有洗手间,,https://maps.google.com/?cid=8051761668966294697&g_mp=Cilnb29nbGUubWFwcy5wbGFjZXMudjEuUGxhY2VzLlNlYXJjaE5lYXJieRACGAQgAA
ChIJ3-BpPgCZ4jARyHdwY--zSvo,景点,黄州安国寺曼谷办事处,สำนักงานวัดหวงโจวอังโกว กรุงเทพฯ,buddhist_temple,佛教寺庙,,,"344 Boriphat Rd, Khwaeng Ban Bat, Khet Pom Prap Sattru Phai, Krung Thep Maha Nakhon 10100",13.752813,100.507687,邦巴沙都拍县,班巴区,,,,有洗手间,,https://maps.google.com/?cid=18035425498505443272&g_mp=CiVnb29nbGUubWFwcy5wbGFjZXMudjEuUGxhY2VzLkdldFBsYWNlEAIYBCAA
