Google地点ID,地点名称,Google评论ID,评论评分,评论文字,评论语言,发布时间,作者名称,Google评论链接
ChIJrdfOcJOZ4jAR1Grh5w74V1g,唐人街 (耀华力路),Ci9DQUlRQUNvZENodHljRjlvT205NVkxb3RNRFJQYXpWb01YQmlXbTB5TVhWa2NIYxAB,4.0,热闹喧嚣的唐人街，唐人街探案1的取景地，曼谷华裔华侨的老牌聚集地，就是那种标准的海外老城唐人街形象，街道熙熙攘攘，楼房破破旧旧，各种中文招牌霓虹闪烁，目前这里更多是个观光景点，来看看还行，主路和沿街人会很多游览体验一般,zh,Sat Jul 18 2026 18:50:10 GMT-0700 (Pacific Daylight Time),Ikushin Shi,https://www.google.com/maps/reviews/data=!4m6!14m5!1m4!2m3!1sCi9DQUlRQUNvZENodHljRjlvT205NVkxb3RNRFJQYXpWb01YQmlXbTB5TVhWa2NIYxAB!2m1!1s0x30e2999370ced7ad:0x5857f80ee7e16ad4
ChIJrdfOcJOZ4jAR1Grh5w74V1g,唐人街 (耀华力路),Ci9DQUlRQUNvZENodHljRjlvT2tkdU9XeHRUWGMzYnpGQ2JURXpURzkwTTFGbU9IYxAB,4.0,拍照可以，吃饭就算了。哈哈哈。毕竟你出国了还惦记吃中餐会不会太怪了。打车很堵，最好走一段避开主街就好多了。记得多拍照！简直就是电影画面。,zh,Fri May 15 2026 11:46:30 GMT-0700 (Pacific Daylight Time),Tom H,https://www.google.com/maps/reviews/data=!4m6!14m5!1m4!2m3!1sCi9DQUlRQUNvZENodHljRjlvT2tkdU9XeHRUWGMzYnpGQ2JURXpURzkwTTFGbU9IYxAB!2m1!1s0x30e2999370ced7ad:0x5857f80ee7e16ad4
ChIJrdfOcJOZ4jAR1Grh5w74V1g,唐人街 (耀华力路),Ci9DQUlRQUNvZENodHljRjlvT21jMFlrSTNTR2RCWWpkaFVtTkVaRk42VUhBeGMzYxAB,4.0,就是一条上个世纪九十年代风格的老街，都是各种小吃，但是还是以泰式风味为主，我们只买了一袋芒果吃，还挺新鲜的，比较好吃。不过也没啥逛的,zh,Tue Aug 04 2026 20:23:18 GMT-0700 (Pacific Daylight Time),KeRu Guo,https://www.google.com/maps/reviews/data=!4m6!14m5!1m4!2m3!1sCi9DQUlRQUNvZENodHljRjlvT21jMFlrSTNTR2RCWWpkaFVtTkVaRk42VUhBeGMzYxAB!2m1!1s0x30e2999370ced7ad:0x5857f80ee7e16ad4
ChIJrdfOcJOZ4jAR1Grh5w74V1g,唐人街 (耀华力路),Ci9DQUlRQUNvZENodHljRjlvT2xKMWNHbEpjMFYzTkRkeWIxbGFRbEIxYkZJME5YYxAB,5.0,好大的中国城，比伦敦那个还大，这种大排档式的餐厅很有感觉，到处都是燕窝和金店,zh,Tue Jul 21 2026 17:15:38 GMT-0700 (Pacific Daylight Time),凶恶双黄蛋,https://www.google.com/maps/reviews/data=!4m6!14m5!1m4!2m3!1sCi9DQUlRQUNvZENodHljRjlvT2xKMWNHbEpjMFYzTkRkeWIxbGFRbEIxYkZJME5YYxAB!2m1!1s0x30e2999370ced7ad:0x5857f80ee7e16ad4
ChIJrdfOcJOZ4jAR1Grh5w74V1g,唐人街 (耀华力路),Ci9DQUlRQUNvZENodHljRjlvT2xCcVJVZDBRMk5WUkZrd00wdHVlVmhMY1c5a01uYxAB,5.0,中国春节期间晚上非常热闹，车都走不动。 人流很大，从MRT出来很近可以到。 两边吃喝都很多。很有过年气氛，彩灯霓虹招牌漂亮。,zh,Tue Feb 17 2026 01:13:21 GMT-0800 (Pacific Standard Time),xiaoyi zhang,https://www.google.com/maps/reviews/data=!4m6!14m5!1m4!2m3!1sCi9DQUlRQUNvZENodHljRjlvT2xCcVJVZDBRMk5WUkZrd00wdHVlVmhMY1c5a01uYxAB!2m1!1s0x30e2999370ced7ad:0x5857f80ee7e16ad4
ChIJGzV2mdKY4jARdIb62T7BoE4,王权大京都大厦,Ci9DQUlRQUNvZENodHljRjlvT2s1MWJVZFRYMncwUXpGVFNWOTRaV05XZW5ST01XYxAB,5.0,一座游览体验非常用心的摩天大楼，本身高度一般，但你可以直接登顶室外平台，并且有一个全玻璃的透明平台供人游览，在全球的摩天楼中都很罕见。,zh,Wed Oct 29 2025 10:00:45 GMT-0700 (Pacific Daylight Time),Hao,https://www.google.com/maps/reviews/data=!4m6!14m5!1m4!2m3!1sCi9DQUlRQUNvZENodHljRjlvT2s1MWJVZFRYMncwUXpGVFNWOTRaV05XZW5ST01XYxAB!2m1!1s0x30e298d29976351b:0x4ea0c13ed9fa8674
ChIJGzV2mdKY4jARdIb62T7BoE4,王权大京都大厦,Ci9DQUlRQUNvZENodHljRjlvT2tkVGNEQm1SRjlTY1RZeVkxRldjVlpWUVZSSFQzYxAB,5.0,这已经是我第二次来这里了， 这次是带我带着我的一个好朋友来的， 非常棒的体验 楼顶的视野非常好 现在和几年前不同的是 大楼又增加了一些新的娱乐设施 会有一些套票的售卖 如果说你没有门票 到现场的话，我觉得选套餐更划算 当然了，泰国旅游局以及王权免税店经常会有各种送票的活动 建议大家可以先看看有没有活动 可以帮你省下不少钱,zh,Wed Nov 19 2025 20:44:20 GMT-0800 (Pacific Standard Time),maxxie,https://www.google.com/maps/reviews/data=!4m6!14m5!1m4!2m3!1sCi9DQUlRQUNvZENodHljRjlvT2tkVGNEQm1SRjlTY1RZeVkxRldjVlpWUVZSSFQzYxAB!2m1!1s0x30e298d29976351b:0x4ea0c13ed9fa8674
ChIJGzV2mdKY4jARdIb62T7BoE4,王权大京都大厦,Ci9DQUlRQUNvZENodHljRjlvT2xoWFFYQTJMVGRMVUdKbmNESldTMkV0VDA5TlUzYxAB,4.0,有专人帮停车取车，只需在门口等着就可以了。楼上空中走廊视野开阔，上去需要门票,zh,Sun Nov 16 2025 00:35:06 GMT-0800 (Pacific Standard Time),WANG AMY (Amy),https://www.google.com/maps/reviews/data=!4m6!14m5!1m4!2m3!1sCi9DQUlRQUNvZENodHljRjlvT2xoWFFYQTJMVGRMVUdKbmNESldTMkV0VDA5TlUzYxAB!2m1!1s0x30e298d29976351b:0x4ea0c13ed9fa8674
ChIJGzV2mdKY4jARdIb62T7BoE4,王权大京都大厦,Ci9DQUlRQUNvZENodHljRjlvT204MFpVTkVkSFp4VDA1bGVWVnVha1p2WkZobVpsRRAB,5.0,很早就知道这里，这次终于抽空上来了，因为是工作日，不用排队也不拥挤，很快就上去了。曼谷城市风景一览无余，能俯瞰大皇宫，暹罗天地，湄南河，摩天轮夜市等著名地标，上去时候刚好快要日落，简直不要太美。原本恐高的我到透明玻璃这里一点也不怕，晚上还碰到一对澳大利亚和菲律宾夫妻，聊了一会儿，他们每年都来曼谷旅游，以后我也期望每年能来玩玩，这座城市太美，充满了浪漫、包容、开放的气息，让人来了就不想走。,zh,Mon Jun 30 2025 11:08:23 GMT-0700 (Pacific Daylight Time),inho Ronald,https://www.google.com/maps/reviews/data=!4m6!14m5!1m4!2m3!1sCi9DQUlRQUNvZENodHljRjlvT204MFpVTkVkSFp4VDA1bGVWVnVha1p2WkZobVpsRRAB!2m1!1s0x30e298d29976351b:0x4ea0c13ed9fa8674
ChIJGzV2mdKY4jARdIb62T7BoE4,王权大京都大厦,ChZDSUhNMG9nS0VOM0I2YVN6dU1IMEZBEAE,3.0,1月尾去的 不能带水跟食物进去，随身小包包可以带，74楼是室内观景，冷气很冷，再往上就是室外，白天去好晒，室外要进回去的话就是直接出去了，没法回去室内景观，是one way，各位拍好照再走😂门票蛮贵，除非你在上面点水喝茶什么的，不然一个小时就走了,zh,Fri May 16 2025 09:36:16 GMT-0700 (Pacific Daylight Time),No Name 1123,https://www.google.com/maps/reviews/data=!4m6!14m5!1m4!2m3!1sChZDSUhNMG9nS0VOM0I2YVN6dU1IMEZBEAE!2m1!1s0x30e298d29976351b:0x4ea0c13ed9fa8674
ChIJS7pg-tiY4jARZz6TpYihORk,Talat Noi,Ci9DQUlRQUNvZENodHljRjlvT25kb05saGlSbk5LVXpGeE9Gb3lOVkZVVGxGclpVRRAB,4.0,Talat Noi是个充满惊喜的老街区，小巷里的墙画和咖啡店很有味道，适合慢慢逛。建议白天去，晚上灯光不足，注意避让拍照的人。,zh,Thu Jul 16 2026 05:14:25 GMT-0700 (Pacific Daylight Time),河内学妹兼职Escort Vietnam看主页,https://www.google.com/maps/reviews/data=!4m6!14m5!1m4!2m3!1sCi9DQUlRQUNvZENodHljRjlvT25kb05saGlSbk5LVXpGeE9Gb3lOVkZVVGxGclpVRRAB!2m1!1s0x30e298d8fa60ba4b:0x1939a188a5933e67
ChIJS7pg-tiY4jARZz6TpYihORk,Talat Noi,ChdDSUhNMG9nS0VJQ0FnSUQ4bF9fMDdRRRAB,4.0,Talat Noi ตลาดน้อย墙画街 地址：22 ถนน เจริญกรุง แขวง ตลาดน้อย เขตสัมพันธวงศ์ กรุงเทพมหานคร 10100 营业时间：是一个小箱子，没太有灯光，晚上就不要去了. 喜欢穿这种小巷子，很舒服的感觉，今天刚好下了一点小雨，这边可以看到各种有特色的墙画，穿过这条街还可以走到汉王庙，今天这边有手工集市，汉王庙的对面可以看到河景. 最后可以穿到大家打卡最多的咖啡厅，充满了年代的破旧感，这边还有一排小的摄影作品展. 从这个地方步行大概1公里可以到MRT站，交通很方便，反方向步行1公里可以到唐人街区域.,zh,Mon Nov 02 2020 02:49:05 GMT-0800 (Pacific Standard Time),Eat and travel By Holly,https://www.google.com/maps/reviews/data=!4m6!14m5!1m4!2m3!1sChdDSUhNMG9nS0VJQ0FnSUQ4bF9fMDdRRRAB!2m1!1s0x30e298d8fa60ba4b:0x1939a188a5933e67
ChIJS7pg-tiY4jARZz6TpYihORk,Talat Noi,Ci9DQUlRQUNvZENodHljRjlvT25sdVN6VmxNRVpZT1ZWVlYyczBNbU5CTVdaVloxRRAB,3.0,"好看~ chill, localist, artistic chino-Thai",zh,Sat Dec 27 2025 23:58:31 GMT-0800 (Pacific Standard Time),Nuttraporn Tammajak,https://www.google.com/maps/reviews/data=!4m6!14m5!1m4!2m3!1sCi9DQUlRQUNvZENodHljRjlvT25sdVN6VmxNRVpZT1ZWVlYyczBNbU5CTVdaVloxRRAB!2m1!1s0x30e298d8fa60ba4b:0x1939a188a5933e67
ChIJS7pg-tiY4jARZz6TpYihORk,Talat Noi,ChdDSUhNMG9nS0VJQ0FnSUNYLTRTaHZRRRAB,5.0,我来过这里四次，每次都能发现一些新的东西。适合拍照，喝咖啡，随便逛逛，度过一个慵懒的下午,zh,Sun Oct 20 2024 19:10:14 GMT-0700 (Pacific Daylight Time),Yirong Li,https://www.google.com/maps/reviews/data=!4m6!14m5!1m4!2m3!1sChdDSUhNMG9nS0VJQ0FnSUNYLTRTaHZRRRAB!2m1!1s0x30e298d8fa60ba4b:0x1939a188a5933e67
ChIJS7pg-tiY4jARZz6TpYihORk,Talat Noi,Ci9DQUlRQUNvZENodHljRjlvT2pVeGVHaHJUSFZGWVZGM2VXTm1NM2xrWTNkUVFXYxAB,5.0,文青老街 很好拍,zh,Mon Jun 23 2025 00:08:40 GMT-0700 (Pacific Daylight Time),Vivian Hsu,https://www.google.com/maps/reviews/data=!4m6!14m5!1m4!2m3!1sCi9DQUlRQUNvZENodHljRjlvT2pVeGVHaHJUSFZGWVZGM2VXTm1NM2xrWTNkUVFXYxAB!2m1!1s0x30e298d8fa60ba4b:0x1939a188a5933e67
ChIJZyEqQ3KZ4jARn3WpkmqvQl0,卧佛寺码头,Ci9DQUlRQUNvZENodHljRjlvT2xkblFYTXhRVWxvTVVWUk1EVmtZV0pHYldRM04yYxAB,5.0,景色绝美，佛塔的神秘感庄严感拉满。要是坐上夜游船就更棒了,zh,Sat Jun 06 2026 05:43:21 GMT-0700 (Pacific Daylight Time),leuang chihoo,https://www.google.com/maps/reviews/data=!4m6!14m5!1m4!2m3!1sCi9DQUlRQUNvZENodHljRjlvT2xkblFYTXhRVWxvTVVWUk1EVmtZV0pHYldRM04yYxAB!2m1!1s0x30e29972432a2167:0x5d42af6a92a9759f
ChIJZyEqQ3KZ4jARn3WpkmqvQl0,卧佛寺码头,Ci9DQUlRQUNvZENodHljRjlvT25WNmFtTTBkbk0xV1c1UUxWbFdSek5IYlROWlUzYxAB,5.0,在这里傍晚看黎明寺，景色非常好。附近交通方便，去各处都便捷。,zh,Sat Sep 27 2025 06:38:35 GMT-0700 (Pacific Daylight Time),yu chen,https://www.google.com/maps/reviews/data=!4m6!14m5!1m4!2m3!1sCi9DQUlRQUNvZENodHljRjlvT25WNmFtTTBkbk0xV1c1UUxWbFdSek5IYlROWlUzYxAB!2m1!1s0x30e29972432a2167:0x5d42af6a92a9759f
ChIJZyEqQ3KZ4jARn3WpkmqvQl0,卧佛寺码头,ChZDSUhNMG9nS0VJQ0FnSUR0bU8zVUx3EAE,5.0,值得去的 即使是不买门票进去 可以在外面拍的 制作超级推荐 日落一定要拍 位置选在河对岸,zh,Fri Feb 02 2024 01:59:37 GMT-0800 (Pacific Standard Time),ooo Leo,https://www.google.com/maps/reviews/data=!4m6!14m5!1m4!2m3!1sChZDSUhNMG9nS0VJQ0FnSUR0bU8zVUx3EAE!2m1!1s0x30e29972432a2167:0x5d42af6a92a9759f
ChIJZyEqQ3KZ4jARn3WpkmqvQl0,卧佛寺码头,ChdDSUhNMG9nS0VJQ0FnSURKcWN1YTFBRRAB,5.0,免费观景点，郑王庙就要在河对面才最好看，傍晚十分灯亮起来很有感觉,zh,Wed Jul 19 2023 10:20:08 GMT-0700 (Pacific Daylight Time),Charlie Song,https://www.google.com/maps/reviews/data=!4m6!14m5!1m4!2m3!1sChdDSUhNMG9nS0VJQ0FnSURKcWN1YTFBRRAB!2m1!1s0x30e29972432a2167:0x5d42af6a92a9759f
ChIJZyEqQ3KZ4jARn3WpkmqvQl0,卧佛寺码头,Ci9DQUlRQUNvZENodHljRjlvT2xsMU1tZFJhazQxTTJST1prSlpla2h2UjFaUFQwRRAB,4.0,没有日出就很一般,zh,Fri Feb 20 2026 05:36:50 GMT-0800 (Pacific Standard Time),吃饭不想排队,https://www.google.com/maps/reviews/data=!4m6!14m5!1m4!2m3!1sCi9DQUlRQUNvZENodHljRjlvT2xsMU1tZFJhazQxTTJST1prSlpla2h2UjFaUFQwRRAB!2m1!1s0x30e29972432a2167:0x5d42af6a92a9759f
ChIJXXOfj_6Z4jARqXJZcMJrcNY,曼谷龍城,Ci9DQUlRQUNvZENodHljRjlvT21OU00yVkhSVUpxVURZMVdsaGFPWGhaU0hNNVpVRRAB,5.0,这个地方太美了，拍出来的照片效果惊艳！这里有一家服装租赁店，服务一流，服装款式也很多。氛围很好，艺术品也很漂亮。,zh-CN,Fri May 08 2026 23:00:17 GMT-0700 (Pacific Daylight Time),Thipphawan Nillawan,https://www.google.com/maps/reviews/data=!4m6!14m5!1m4!2m3!1sCi9DQUlRQUNvZENodHljRjlvT21OU00yVkhSVUpxVURZMVdsaGFPWGhaU0hNNVpVRRAB!2m1!1s0x30e299fe8f9f735d:0xd6706bc2705972a9
ChIJXXOfj_6Z4jARqXJZcMJrcNY,曼谷龍城,Ci9DQUlRQUNvZENodHljRjlvT2pGa1YwZDRTVTlMZGpadmNuY3RYMDkwUW0xTGVVRRAB,5.0,地理位置优越，出行便利，项目内部氛围极佳。非常适合休闲放松、拍照留念或与朋友聚餐。,zh-CN,Sun Mar 29 2026 20:39:40 GMT-0700 (Pacific Daylight Time),Kaitom,https://www.google.com/maps/reviews/data=!4m6!14m5!1m4!2m3!1sCi9DQUlRQUNvZENodHljRjlvT2pGa1YwZDRTVTlMZGpadmNuY3RYMDkwUW0xTGVVRRAB!2m1!1s0x30e299fe8f9f735d:0xd6706bc2705972a9
ChIJXXOfj_6Z4jARqXJZcMJrcNY,曼谷龍城,Ci9DQUlRQUNvZENodHljRjlvT2pkUVZEUTVNMnR6YjI1NWJYQk1Xa1p0T1RWaVpYYxAB,5.0,你可以花很多时间拍照，还会看到穿着传统服饰的当地人也在拍照。我特别喜欢那栋有着红色窗户的白宫（我觉得它是中葡风格）。可惜我既不上相，也不适合发到Instagram上😖 夜市里有各种各样的美食摊位，而且街上到处都是餐厅和咖啡馆。这里色彩缤纷的建筑与曼谷其他地方形成了鲜明的对比，感觉就像置身于上海、香港或马六甲。,zh-CN,Tue Jun 30 2026 12:43:58 GMT-0700 (Pacific Daylight Time),Willy el de Fog,https://www.google.com/maps/reviews/data=!4m6!14m5!1m4!2m3!1sCi9DQUlRQUNvZENodHljRjlvT2pkUVZEUTVNMnR6YjI1NWJYQk1Xa1p0T1RWaVpYYxAB!2m1!1s0x30e299fe8f9f735d:0xd6706bc2705972a9
ChIJXXOfj_6Z4jARqXJZcMJrcNY,曼谷龍城,Ci9DQUlRQUNvZENodHljRjlvT214alVYZGZPR3RvTTNoM1VXeGhlRTlRU2pWelNVRRAB,5.0,这里是办理入住、拍照和找点吃的的好地方。,zh-CN,Sun Mar 29 2026 21:05:02 GMT-0700 (Pacific Daylight Time),Chob Kumtone,https://www.google.com/maps/reviews/data=!4m6!14m5!1m4!2m3!1sCi9DQUlRQUNvZENodHljRjlvT214alVYZGZPR3RvTTNoM1VXeGhlRTlRU2pWelNVRRAB!2m1!1s0x30e299fe8f9f735d:0xd6706bc2705972a9
ChIJXXOfj_6Z4jARqXJZcMJrcNY,曼谷龍城,Ci9DQUlRQUNvZENodHljRjlvT2swMk5DMVZUM0ZJWkZRMFJXRmpXbEJwWmtRNFZtYxAB,5.0,这里氛围极佳，空气清新，是放松身心的完美之选。每个角落都适合拍照。交通便利，停车也很方便。强烈推荐来这里！,zh-CN,Fri Feb 20 2026 07:56:55 GMT-0800 (Pacific Standard Time),Sutida Pimpasri,https://www.google.com/maps/reviews/data=!4m6!14m5!1m4!2m3!1sCi9DQUlRQUNvZENodHljRjlvT2swMk5DMVZUM0ZJWkZRMFJXRmpXbEJwWmtRNFZtYxAB!2m1!1s0x30e299fe8f9f735d:0xd6706bc2705972a9
ChIJ-eyyhHyZ4jARotCdwRuntM4,Tha Tian Pier,Ci9DQUlRQUNvZENodHljRjlvT201T01VTjZXR3g0ZWpFeGQzZHZTalIxZGkxeFZVRRAB,5.0,Tha Tian Pier码头左边的那一个码头是专门前往郑王庙的，票价一个人5.5泰铢，总行驶时间约2分钟，特别的快,zh,Wed May 13 2026 09:12:09 GMT-0700 (Pacific Daylight Time),yilin wang,https://www.google.com/maps/reviews/data=!4m6!14m5!1m4!2m3!1sCi9DQUlRQUNvZENodHljRjlvT201T01VTjZXR3g0ZWpFeGQzZHZTalIxZGkxeFZVRRAB!2m1!1s0x30e2997c84b2ecf9:0xceb4a71bc19dd0a2
ChIJ-eyyhHyZ4jARotCdwRuntM4,Tha Tian Pier,Ci9DQUlRQUNvZENodHljRjlvT2tremVrdzBZMlJyYVhwcFkydFBNVzg1Y0dJMGNHYxAB,1.0,骗子，船票两个人是四十六，我给了她一百，她说要走没有零钱，我在给她寻找零钱的时候她偷偷把一百藏起来了，说已经还给我了,zh,Sat Jul 11 2026 23:29:18 GMT-0700 (Pacific Daylight Time),Peimei Li,https://www.google.com/maps/reviews/data=!4m6!14m5!1m4!2m3!1sCi9DQUlRQUNvZENodHljRjlvT2tremVrdzBZMlJyYVhwcFkydFBNVzg1Y0dJMGNHYxAB!2m1!1s0x30e2997c84b2ecf9:0xceb4a71bc19dd0a2
ChIJ-eyyhHyZ4jARotCdwRuntM4,Tha Tian Pier,Ci9DQUlRQUNvZENodHljRjlvT2tsRlFXOXVNbmc0VmpWWGMyTnlkbU5DYjJwdVZuYxAB,5.0,船游湄南河，一种不错的体验,zh,Sat Jun 21 2025 20:18:38 GMT-0700 (Pacific Daylight Time),yu zhang,https://www.google.com/maps/reviews/data=!4m6!14m5!1m4!2m3!1sCi9DQUlRQUNvZENodHljRjlvT2tsRlFXOXVNbmc0VmpWWGMyTnlkbU5DYjJwdVZuYxAB!2m1!1s0x30e2997c84b2ecf9:0xceb4a71bc19dd0a2
ChIJ-eyyhHyZ4jARotCdwRuntM4,Tha Tian Pier,ChdDSUhNMG9nS0VJQ0FnSURKakkySG9RRRAB,5.0,搭船便宜又方便,zh,Tue Jul 11 2023 20:54:37 GMT-0700 (Pacific Daylight Time),Ant,https://www.google.com/maps/reviews/data=!4m6!14m5!1m4!2m3!1sChdDSUhNMG9nS0VJQ0FnSURKakkySG9RRRAB!2m1!1s0x30e2997c84b2ecf9:0xceb4a71bc19dd0a2
ChIJ-eyyhHyZ4jARotCdwRuntM4,Tha Tian Pier,Ci9DQUlRQUNvZENodHljRjlvT2xOalZIaGxlVGhET0dkWGIySnRMVFZ5UmxSdk5VRRAB,4.0,很漂亮,zh,Sat Jan 10 2026 22:41:40 GMT-0800 (Pacific Standard Time),JK,https://www.google.com/maps/reviews/data=!4m6!14m5!1m4!2m3!1sCi9DQUlRQUNvZENodHljRjlvT2xOalZIaGxlVGhET0dkWGIySnRMVFZ5UmxSdk5VRRAB!2m1!1s0x30e2997c84b2ecf9:0xceb4a71bc19dd0a2
ChIJq6BkoviZ4jARz5h-IvOGsGw,Wat Arun Viewing Point,Ci9DQUlRQUNvZENodHljRjlvT2xFMlYxaHJhelZuTFhCRk1HaEdTRGs1V1d4cGJVRRAB,5.0,非常漂亮的地方 而且这个河对面观景点是免费的 夜色非常迷人 很享受 这里灯光也不错 白天去很晒 下午晚上刚刚好 打卡拍照 很不错的地点 值得一去 曼谷必来的景点之一,zh,Fri Jan 02 2026 16:46:01 GMT-0800 (Pacific Standard Time),Andy TH,https://www.google.com/maps/reviews/data=!4m6!14m5!1m4!2m3!1sCi9DQUlRQUNvZENodHljRjlvT2xFMlYxaHJhelZuTFhCRk1HaEdTRGs1V1d4cGJVRRAB!2m1!1s0x30e299f8a264a0ab:0x6cb086f3227e98cf
ChIJq6BkoviZ4jARz5h-IvOGsGw,Wat Arun Viewing Point,Ci9DQUlRQUNvZENodHljRjlvT2taSVVteHNVREp3Y0ZaVU5tMXNUMGswV1ZKWlFtYxAB,3.0,近看挺糙的去过其他寺庙没必要买票进，可以在大皇宫这边远观拍两张,zh,Thu Oct 30 2025 00:29:41 GMT-0700 (Pacific Daylight Time),高古汉,https://www.google.com/maps/reviews/data=!4m6!14m5!1m4!2m3!1sCi9DQUlRQUNvZENodHljRjlvT2taSVVteHNVREp3Y0ZaVU5tMXNUMGswV1ZKWlFtYxAB!2m1!1s0x30e299f8a264a0ab:0x6cb086f3227e98cf
ChIJq6BkoviZ4jARz5h-IvOGsGw,Wat Arun Viewing Point,Ci9DQUlRQUNvZENodHljRjlvT2sxcllsWkVURTlFYkROSE5GTk9NamxtZFZWaVdGRRAB,4.0,夜景很美。在前一个巷子进去也可以拍到，且拍照区域更宽阔。,zh,Fri Mar 06 2026 06:49:54 GMT-0800 (Pacific Standard Time),Agyness Pan,https://www.google.com/maps/reviews/data=!4m6!14m5!1m4!2m3!1sCi9DQUlRQUNvZENodHljRjlvT2sxcllsWkVURTlFYkROSE5GTk9NamxtZFZWaVdGRRAB!2m1!1s0x30e299f8a264a0ab:0x6cb086f3227e98cf
ChIJq6BkoviZ4jARz5h-IvOGsGw,Wat Arun Viewing Point,Ci9DQUlRQUNvZENodHljRjlvT2tJemFFeE1ibFpMY1dkYU5XVjFMVXRSVUdSeVluYxAB,5.0,拍邓王庙的最佳地点,zh,Wed Jan 07 2026 12:31:33 GMT-0800 (Pacific Standard Time),猫粽,https://www.google.com/maps/reviews/data=!4m6!14m5!1m4!2m3!1sCi9DQUlRQUNvZENodHljRjlvT2tJemFFeE1ibFpMY1dkYU5XVjFMVXRSVUdSeVluYxAB!2m1!1s0x30e299f8a264a0ab:0x6cb086f3227e98cf
ChIJq6BkoviZ4jARz5h-IvOGsGw,Wat Arun Viewing Point,ChdDSUhNMG9nS0VJQ0FnSUN0N3J6b19RRRAB,3.0,就是只能隔着很远看，晚上还是很漂亮的其他的也没什么了，不能近距离的靠着水边,zh,Tue Jan 30 2024 02:54:18 GMT-0800 (Pacific Standard Time),ut “lut” l,https://www.google.com/maps/reviews/data=!4m6!14m5!1m4!2m3!1sChdDSUhNMG9nS0VJQ0FnSUN0N3J6b19RRRAB!2m1!1s0x30e299f8a264a0ab:0x6cb086f3227e98cf
ChIJkT7sFfeZ4jARHU75KHV7kh8,Tha Chang Pier,Ci9DQUlRQUNvZENodHljRjlvT2t4T01YcHJVbVpwTW1SVWNrcEhSek55U0VzemVGRRAB,4.0,外表看起来不错，内部就设施陈旧，渡轮也不提供救生衣。泰国旅游最大的障碍就是语言，准备翻译神器是必备,zh,Fri Mar 13 2026 14:07:09 GMT-0700 (Pacific Daylight Time),茉莉星晴,https://www.google.com/maps/reviews/data=!4m6!14m5!1m4!2m3!1sCi9DQUlRQUNvZENodHljRjlvT2t4T01YcHJVbVpwTW1SVWNrcEhSek55U0VzemVGRRAB!2m1!1s0x30e299f715ec3e91:0x1f927b7528f94e1d
ChIJkT7sFfeZ4jARHU75KHV7kh8,Tha Chang Pier,Ci9DQUlRQUNvZENodHljRjlvT2t4M09XVjROa0Y1VjNKRVdFRnVNV3RFWVVKRVJYYxAB,4.0,"​A scenic and traffic-free way to explore Bangkok! ​Tha Chang Pier is a very convenient hub to access Chinatown, Wat Arun, and ICONSIAM without dealing with road traffic. I visited in the evening, and the view of the sunset over the Chao Phraya River was absolutely amazing. ​Tips for your visit: ​Tickets: You can buy tickets at the counter. Even with a bit of a language barrier, it's easy—just show the staff a photo or the name of your destination. ​Boat Types: They offer both Blue Flag (Tourist) and Orange Flag (Local) boats. Your ticket will clearly show which color boat you should board. ​Facilities: The pier looks nice inside and out, though seating is quite limited. Public washrooms are available just outside the pier building. ​Taking a boat ride is a must-do experience in Bangkok. It's efficient and offers a beautiful perspective of the city!",en,Thu Apr 30 2026 09:57:21 GMT-0700 (Pacific Daylight Time),Ravindra Indrajith,https://www.google.com/maps/reviews/data=!4m6!14m5!1m4!2m3!1sCi9DQUlRQUNvZENodHljRjlvT2t4M09XVjROa0Y1VjNKRVdFRnVNV3RFWVVKRVJYYxAB!2m1!1s0x30e299f715ec3e91:0x1f927b7528f94e1d
ChIJkT7sFfeZ4jARHU75KHV7kh8,Tha Chang Pier,Ci9DQUlRQUNvZENodHljRjlvT2pocWFtMWxhVXA0VURSdldscHlaekpaUVRSa1IxRRAB,3.0,1. 不要从塔昌码头的街头小贩那里买票。他们有时会站在售票处门口招揽游客。为了避免误会和虚假承诺，请务必进入官方售票处购票。 2. 尽量避免在水位较高时乘坐游船。船闸需要时间注水和排水，这会导致船只拥堵。您可能会浪费大量时间等待进出运河。 不幸的是，我们当时通过街头小贩预订了游船，船夫并不知道我们想去大佛运河，所以他直接开过去了，没有进入。当我们返回时，不得不与售票员争论，因为票上承诺过船会进入大佛运河。 在我们的旅程中，船闸的等待时间相当长——进入运河大约需要20分钟，离开运河大约需要10分钟——这大大缩短了我们的实际游船时间。游船本身还是不错的，值得体验一次，但请务必只在官方售票处购票，并尽量选择水位正常的时候出行，以避免长时间的延误。,zh-CN,Wed Feb 25 2026 03:13:22 GMT-0800 (Pacific Standard Time),Ramon Müller,https://www.google.com/maps/reviews/data=!4m6!14m5!1m4!2m3!1sCi9DQUlRQUNvZENodHljRjlvT2pocWFtMWxhVXA0VURSdldscHlaekpaUVRSa1IxRRAB!2m1!1s0x30e299f715ec3e91:0x1f927b7528f94e1d
ChIJkT7sFfeZ4jARHU75KHV7kh8,Tha Chang Pier,Ci9DQUlRQUNvZENodHljRjlvT20xQ1dqUlNUMUpvTkV4TVpsOHhlVWREYUhsbVVtYxAB,5.0,塔昌码头（编号：N9）位于曼谷帕那空区帕博隆玛哈拉查旺街道那帕兰路尽头，湄南河畔。 拉玛一世国王统治时期，这片区域被称为“塔帕”或“普拉图塔帕”（塔帕门），因为这里曾是将释迦牟尼佛像运往素泰特瓦拉拉姆拉查沃拉玛哈维汉寺供奉的入口。然而，佛像最终未能运入，因此塔帕门和部分宫墙被拆毁。但“塔帕”这个名称并不像“塔昌”那样常用，因为“塔昌”也是大皇宫大象沐浴的入口，因此也被称为“塔昌旺銮”（大皇宫大象码头）。后来，在1808年，拉玛一世国王下令……释迦牟尼佛像从素可泰用木筏运来，供奉在素泰寺（Wat Suthat Thep Wararam）。木筏停泊在塔昌旺銮码头（Tha Chang Wang Luang），举行为期三天的皇家庆典。然而，佛像无法通过此处的城门。因此，国王下令拆除部分城门和城墙，并建造了一座新城门，命名为“塔帕门”（Pratu Tha Phra）。但人们仍然称其为塔昌或塔昌旺銮。如今，这里是曼谷市政府租用的渡轮码头。“塔帕”一词现在既指塔昌旺銮附近的码头，也指位于塔昌旺銮附近的王塔帕宫（Wang Tha Phra），这座宫殿曾是纳里萨拉·努瓦提翁王子（Prince Narisara Nuwattiwong）的住所。如今，这座宫殿是曼谷艺术大学（Silpakorn University）。塔昌旺銮地区的住宅和商业建筑均为新古典主义风格。上层建筑为坡屋顶，覆盖水泥瓦。下层建筑正面设有波纹锌板雨篷，由铁架和木椽支撑。两层的外墙和支撑柱均采用这种风格建造。墙面装饰有灰泥线条和水平凹槽。所有门窗均采用柚木。底层前门为折叠门，顶部设有通风口；后门为双开实心门。上层前窗为双开实心窗，顶部设有弧形雕花木质通风口；后窗为双开矩形窗，无通风口。建筑的尽头单元，包括位于马哈拉特路拐角处的单元，具有一个显著特征：突出的门廊。底层门廊由独立立柱支撑上层阳台，底层雨篷呈弧形。山墙上装饰着灰泥雕饰或拱形门廊。2001年底，泰国艺术厅将位于玛哈拉特路（Maharat Road）靠近塔昌旺銮（Tha Chang Wang Luang）的这34栋商业建筑登记为历史遗迹。此后，这些建筑经过修复和翻新，以保持其美观，并在景观美化方面进行了改进，使其摆脱了岁月侵蚀的痕迹。,zh-CN,Sat Feb 07 2026 01:08:33 GMT-0800 (Pacific Standard Time),opas wongtaweesap,https://www.google.com/maps/reviews/data=!4m6!14m5!1m4!2m3!1sCi9DQUlRQUNvZENodHljRjlvT20xQ1dqUlNUMUpvTkV4TVpsOHhlVWREYUhsbVVtYxAB!2m1!1s0x30e299f715ec3e91:0x1f927b7528f94e1d
ChIJkT7sFfeZ4jARHU75KHV7kh8,Tha Chang Pier,Ci9DQUlRQUNvZENodHljRjlvT2s5aUxXMVBSalozVmtSS1gwVnJVbmh2T0ZrelptYxAB,5.0,塔昌码头绝对是曼谷的一大亮点！这座位于湄南河畔的热闹码头交通便利，充满活力——船只往来穿梭，当地小贩兜售小吃和纪念品，处处洋溢着活力。 从这里步行即可轻松抵达壮丽的大皇宫和玉佛寺，是乘船游览的理想起点。我喜欢搭乘湄南河快船，或者换乘渡轮前往其他寺庙。这里气氛热闹却又不失便利，提供冰镇饮品、街头小吃，还能欣赏到美丽的河景。 如果您正在探索老城区，不妨从这里开始或结束您的一天——这里既方便又风景优美，还能让您真正体验到曼谷水上生活的乐趣。 强烈推荐！建议早点去，避开酷暑，尽情享受旅程。❤️⛴️,zh-CN,Sat Mar 28 2026 04:07:17 GMT-0700 (Pacific Daylight Time),Lorelay Licata,https://www.google.com/maps/reviews/data=!4m6!14m5!1m4!2m3!1sCi9DQUlRQUNvZENodHljRjlvT2s5aUxXMVBSalozVmtSS1gwVnJVbmh2T0ZrelptYxAB!2m1!1s0x30e299f715ec3e91:0x1f927b7528f94e1d
ChIJ-_-z4X2Z4jARPK7__B821s4,Charoen Krung 32 Street Art,Ci9DQUlRQUNvZENodHljRjlvT2xCR2VrdE5TWEpxU210clJXSTBkazVOUjBKMkxYYxAB,4.0,"这条石龙军路塗鸦街是在2016年时,由泰国与外国著名艺术家合作打造而成的壁画街。 我这门外汉看壁画,觉得作品的水准有些参差不齐,而且让人失望的是,这些壁画都没受到很好的保护,有些壁画已脱色了,有些壁画则被小贩摊档遮挡了,更多的壁画是被铁架,垃圾桶等遮挡住。 更重要的是,这里给人最大的印象就是有点杂乱无章。",zh,Thu Jul 03 2025 08:46:36 GMT-0700 (Pacific Daylight Time),YAP FLY,https://www.google.com/maps/reviews/data=!4m6!14m5!1m4!2m3!1sCi9DQUlRQUNvZENodHljRjlvT2xCR2VrdE5TWEpxU210clJXSTBkazVOUjBKMkxYYxAB!2m1!1s0x30e2997de1b3fffb:0xced6361ffcffae3c
ChIJ-_-z4X2Z4jARPK7__B821s4,Charoen Krung 32 Street Art,Ci9DQUlRQUNvZENodHljRjlvT2t4QlFUSlVObVpYV0ZZeWExSXpUM0Z2VDFkTVkwRRAB,1.0,可以用“差”来形容所谓的艺术街区。不要祈祷有很多很漂亮很独特的作品，仅此而已。,zh,Mon Sep 29 2025 00:20:31 GMT-0700 (Pacific Daylight Time),Chi4 bin iyun,https://www.google.com/maps/reviews/data=!4m6!14m5!1m4!2m3!1sCi9DQUlRQUNvZENodHljRjlvT2t4QlFUSlVObVpYV0ZZeWExSXpUM0Z2VDFkTVkwRRAB!2m1!1s0x30e2997de1b3fffb:0xced6361ffcffae3c
ChIJ-_-z4X2Z4jARPK7__B821s4,Charoen Krung 32 Street Art,ChdDSUhNMG9nS0VJQ0FnSUN6MkozY2dBRRAB,5.0,不错的涂鸦,zh,Thu May 30 2024 08:51:15 GMT-0700 (Pacific Daylight Time),朱学文,https://www.google.com/maps/reviews/data=!4m6!14m5!1m4!2m3!1sChdDSUhNMG9nS0VJQ0FnSUN6MkozY2dBRRAB!2m1!1s0x30e2997de1b3fffb:0xced6361ffcffae3c
ChIJ-_-z4X2Z4jARPK7__B821s4,Charoen Krung 32 Street Art,Ci9DQUlRQUNvZENodHljRjlvT2xKU1NFaE1PWGt0U2xRMU0wVmtZVTB4TVhKclJWRRAB,5.0,曼谷 Charoen Krung 32 街的街头艺术 最近在曼谷的时候，我偶然漫步于 Charoen Krung 32 街——真是令人惊喜！这条不起眼的小巷只有大约 250 米长，却摇身一变，成为一座露天街头艺术画廊，用鲜艳的色彩和创意十足的设计，为 Bang Rak 的老街注入了新的活力。在这里，Alex Face、Roa 和 Bonus TMC 等国际和本土艺术家的作品交相辉映，墙上布满了趣味盎然的人物、抽象的图案以及具有社会意识的主题。它仿佛是闹市中的一颗隐藏的宝石，远离熙熙攘攘的游客。 步行探索绝对是体验​​这里的最佳方式——您可以悠闲地漫步在狭窄的小巷中，每个转角都能邂逅新的壁画和涂鸦，与 Charoen Krung 路的历史氛围完美融合。这些艺术作品都非常上镜：从色彩斑斓的动物形象到捕捉阳光的抽象构图，都是 Instagram 或个人相册的绝佳素材。我拍了无数张照片，感觉无比放松——这就像一场免费的艺术之旅，颂扬着创意和街头文化。 街头艺术如何让这片老街区重焕生机，尤其令我印象深刻：曾经平淡无奇的小巷，如今已成为创意人士的聚集地，也是任何想要探索曼谷现代风貌的人的必游之地。 无论你是独自一人还是与朋友结伴，这段漫步都绝对值得——它不费时，免费，而且充满灵感。附近还有咖啡馆和画廊，例如 Warehouse 30 或 ATT 19，可以轻松地将它们与街头艺术之旅结合起来。 简而言之：Charoen Krung 32 是街头艺术爱好者和摄影爱好者的必游之地。 如果你在曼谷，不妨抽出时间来这里走走——它能让你暂时远离城市的喧嚣，绝对值得你步行探索！,zh-CN,Fri Jan 09 2026 02:47:54 GMT-0800 (Pacific Standard Time),Let it Roll,https://www.google.com/maps/reviews/data=!4m6!14m5!1m4!2m3!1sCi9DQUlRQUNvZENodHljRjlvT2xKU1NFaE1PWGt0U2xRMU0wVmtZVTB4TVhKclJWRRAB!2m1!1s0x30e2997de1b3fffb:0xced6361ffcffae3c
ChIJ-_-z4X2Z4jARPK7__B821s4,Charoen Krung 32 Street Art,Ci9DQUlRQUNvZENodHljRjlvT2tSQlRHZ3lUSFZOU0hOVlkxUkdaRk5FV1VGSVJuYxAB,5.0,在曼谷漫步时，偶然发现的街头艺术（壁画）是一处充满乐趣的休闲好去处。虽然这里并非大型的旅游开发区，但街巷间不时出现的壁画却格外引人注目，漫步其中，发现它们的乐趣无穷。 这些艺术作品色彩缤纷、独具匠心，描绘了动物、人物和幽默的图案，令人着迷。许多作品并不张扬，而是充满当地风情，给人一种“艺术融入城市”的感觉，而非精心打造的旅游景点。它们也非常上镜，您可以随时驻足欣赏任何吸引您目光的壁画。 这里最大的优点是无需门票，也没有时间限制，全天24小时开放。尤其推荐白天前往，自然光线会让壁画的色彩更加绚丽。不过，由于是在户外，防晒必不可少。白天阳光强烈，所以一定要戴帽子并注意补充水分。 规模不算特别大，所以最好将参观与探索周边咖啡馆和其他景点结合起来，而不是将其作为唯一的目的地。即使时间有限，也能玩得很开心，因此很容易安排到行程中。,zh-CN,Sat Dec 20 2025 06:25:11 GMT-0800 (Pacific Standard Time),Yuki Matsuoka,https://www.google.com/maps/reviews/data=!4m6!14m5!1m4!2m3!1sCi9DQUlRQUNvZENodHljRjlvT2tSQlRHZ3lUSFZOU0hOVlkxUkdaRk5FV1VGSVJuYxAB!2m1!1s0x30e2997de1b3fffb:0xced6361ffcffae3c
ChIJjYnhdQCZ4jARep6Bj9lI2mI,Thanon Khao Lam Circle Talat Noi (Optimus Prime),Ci9DQUlRQUNvZENodHljRjlvT21oYU1rRkdMUzFQZW5WalRXNWthMmw2ZWxJd2RGRRAB,4.0,🤖 考林路环岛 – 塔拉诺伊 位于塔拉诺伊-耀华力地区中心地带的一处小型地标，矗立着一座由汽车零件和金属部件制成的擎天柱雕像。它体现了旧汽车零件区的独特风貌和当地社区的传统生活方式。 🛠️ 起源 这座雕像由当地居民共同创作，他们将旧汽车零件组装成一件社区艺术品。如今，它已成为一个独特而引人注目的打卡点。 🙏 祈求什么 尽管雕像的设计现代，但人们仍然会前来祈求好运、生意兴隆和财富自由。有些人甚至会在拍照前点燃香烛，展现了现代信仰与传统信仰的奇妙融合。 📸 亮点 ✨ 热门拍照点 ✨ 融合社区艺术与传统信仰 ✨ 探索塔拉诺伊的绝佳休憩之所 📍 打卡、拍照留念、体验塔拉诺伊独特魅力的理想之地。👍,zh-CN,Sat Jan 10 2026 20:18:10 GMT-0800 (Pacific Standard Time),pat nok,https://www.google.com/maps/reviews/data=!4m6!14m5!1m4!2m3!1sCi9DQUlRQUNvZENodHljRjlvT21oYU1rRkdMUzFQZW5WalRXNWthMmw2ZWxJd2RGRRAB!2m1!1s0x30e2990075e1898d:0x62da48d98f819e7a
ChIJjYnhdQCZ4jARep6Bj9lI2mI,Thanon Khao Lam Circle Talat Noi (Optimus Prime),Ci9DQUlRQUNvZENodHljRjlvT21WQ1RYZHZWbVpsVEdnNFdFOVNOMWMxUkhWaVkyYxAB,4.0,考林路环岛 擎天柱机器人……美观独特。这里是休闲漫步的理想之地，餐饮选择丰富，停车方便，而且有很多拍照留念的好地方。位于塔拉诺伊地区。,zh-CN,Fri Feb 06 2026 21:43:50 GMT-0800 (Pacific Standard Time),Sailor Mars,https://www.google.com/maps/reviews/data=!4m6!14m5!1m4!2m3!1sCi9DQUlRQUNvZENodHljRjlvT21WQ1RYZHZWbVpsVEdnNFdFOVNOMWMxUkhWaVkyYxAB!2m1!1s0x30e2990075e1898d:0x62da48d98f819e7a
ChIJjYnhdQCZ4jARep6Bj9lI2mI,Thanon Khao Lam Circle Talat Noi (Optimus Prime),Ci9DQUlRQUNvZENodHljRjlvT25nMFZscGxaV2h0TW1oMVltSnFjR3BtVERSVFoyYxAB,5.0,曼谷最佳观光景点🤪 “汽车人，变形！”😂 附近还有一座美丽的中国神社💎💯和一座寺庙。,zh-CN,Sat Jun 13 2026 02:10:47 GMT-0700 (Pacific Daylight Time),MARTIN,https://www.google.com/maps/reviews/data=!4m6!14m5!1m4!2m3!1sCi9DQUlRQUNvZENodHljRjlvT25nMFZscGxaV2h0TW1oMVltSnFjR3BtVERSVFoyYxAB!2m1!1s0x30e2990075e1898d:0x62da48d98f819e7a
ChIJjYnhdQCZ4jARep6Bj9lI2mI,Thanon Khao Lam Circle Talat Noi (Optimus Prime),Ci9DQUlRQUNvZENodHljRjlvT25sblQxWm1lVVJPUWw5bFlWTkJRVjkzYVUxSWFXYxAB,4.0,📍：考林路环岛，塔拉诺伊 这个环岛是塔拉诺伊地区的标志性建筑之一。 环岛中央矗立着擎天柱的雕像🤩 这里是热门的拍照地点，曾经一度有人前来祭拜祈祷🙏🏻 附近遍布咖啡馆和美食餐厅，非常适合漫步拍照📷 #1stEyeView,zh-CN,Wed Feb 11 2026 13:10:51 GMT-0800 (Pacific Standard Time),Tananun Na sai,https://www.google.com/maps/reviews/data=!4m6!14m5!1m4!2m3!1sCi9DQUlRQUNvZENodHljRjlvT25sblQxWm1lVVJPUWw5bFlWTkJRVjkzYVUxSWFXYxAB!2m1!1s0x30e2990075e1898d:0x62da48d98f819e7a
ChIJjYnhdQCZ4jARep6Bj9lI2mI,Thanon Khao Lam Circle Talat Noi (Optimus Prime),Ci9DQUlRQUNvZENodHljRjlvT2pGdmFtdDVkMjlPVjNkNVh6bFljWEpEWTBwM1kzYxAB,5.0,去耀华力路？ 去双溪路？ 去塔拉诺伊？ 这里就像一个十字路口，道路会根据你的目的地分岔。我撞见了擎天柱的雕像，就是电影《变形金刚》里的汽车人，它成了这里的地标（哈哈）。 据说，这座雕像是由摩托车和旧汽车的钢材零件制成的，这些零件也象征着这片区域。 我走着走着，就能闻到一股浓烈的油味从街上传来。 这里虽然是热门旅游景点，但同时也是一个工业区，老旧的车库、回收店、摩托车修理店和零件商店构成了其历史风貌的一部分。 或许是被油熏黑的店面让街道显得有些昏暗。（不过今天阴天，哈哈）我还看到一家独特的修理店，展示着用零件制作的艺术品，比如外星人和机器人。 仔细想想，在曼谷，同样的店铺并排而立可能很常见。 塔拉特诺伊尤其保留着浓郁的复古气息，与当时的城市景观极为相似。每条小巷里都布满了精美的壁画，与周围环境完美融合，漫步其中令人流连忘返。 这里既是旅游景点，又能让人一窥当地人的生活，这种感觉与韩国的红国或日本的京都颇为相似……不过要小心，如果你太过沉浸其中，深入探索，可能会误入居民区（哈哈）。 杂货店和咖啡馆、壁画和日常生活、小巷和猫咪，一只接一只的猫，还有一座大象雕塑。 这片曾经繁荣的华侨贸易中心，如今依然保留着浓郁的风味，就像美味的涮涮锅一样，每一口都带来不同的体验。 我正犹豫着该去哪家咖啡馆，眼看太阳就要落山了，我开始有些焦虑，但看不到任何路灯，所以还是决定留出充足的时间出发。,zh-CN,Thu Dec 04 2025 21:38:50 GMT-0800 (Pacific Standard Time),チカ（チカぷ）,https://www.google.com/maps/reviews/data=!4m6!14m5!1m4!2m3!1sCi9DQUlRQUNvZENodHljRjlvT2pGdmFtdDVkMjlPVjNkNVh6bFljWEpEWTBwM1kzYxAB!2m1!1s0x30e2990075e1898d:0x62da48d98f819e7a
ChIJFy2NQgCZ4jARohQQnlHuJ8M,Song Wat Street Art,Ci9DQUlRQUNvZENodHljRjlvT21WUWRtWnNSa3ROWDNoTmNrMXBlR2wyV1VjMVdFRRAB,5.0,很香！,zh,Tue Jan 27 2026 01:25:45 GMT-0800 (Pacific Standard Time),古峻安,https://www.google.com/maps/reviews/data=!4m6!14m5!1m4!2m3!1sCi9DQUlRQUNvZENodHljRjlvT21WUWRtWnNSa3ROWDNoTmNrMXBlR2wyV1VjMVdFRRAB!2m1!1s0x30e29900428d2d17:0xc327ee519e1014a2
ChIJFy2NQgCZ4jARohQQnlHuJ8M,Song Wat Street Art,Ci9DQUlRQUNvZENodHljRjlvT21wUVZWcDZlamxwTWtSMWExVmpaekkzVFZveU1uYxAB,5.0,如果您游览耀华力路，千万别错过宋瓦路——步行只需3-5分钟。我建议您在中午到傍晚之间前往，那时大部分店铺都已开门营业，气氛也最为热闹。 这一带遍布着迷人的老建筑、复古商店、温馨的咖啡馆和独具特色的本地小店。您还可以欣赏河畔美景，沿途发现许多适合拍照的地点。这里是漫步、探索和拍照的绝佳去处！📸✨,zh-CN,Mon Jul 13 2026 01:18:16 GMT-0700 (Pacific Daylight Time),Kmns,https://www.google.com/maps/reviews/data=!4m6!14m5!1m4!2m3!1sCi9DQUlRQUNvZENodHljRjlvT21wUVZWcDZlamxwTWtSMWExVmpaekkzVFZveU1uYxAB!2m1!1s0x30e29900428d2d17:0xc327ee519e1014a2
ChIJFy2NQgCZ4jARohQQnlHuJ8M,Song Wat Street Art,Ci9DQUlRQUNvZENodHljRjlvT2sxMFUyOXZZVE5xUjNWdGIwdFNRMmgwY3paU04xRRAB,5.0,⭐⭐⭐⭐⭐ 传统与现代街头艺术的完美融合！ 宋瓦路 (Song Wat Road) 绝对是曼谷的一处隐秘瑰宝，令人耳目一新！这条街区巧妙地融合了老式商业建筑的怀旧魅力和现代街头艺术的活力与青春气息。 漫步街头，你会发现处处皆是绝佳的拍照地点：从贴满色彩缤纷的波普艺术海报（例如“毛茸茸的怪兽”和“鲁道夫”系列）的墙壁，到贴满涂鸦的灯柱，再到明亮醒目的独立风格店铺门面。除了艺术之外，宋瓦路还拥有众多极具美感的咖啡馆和精心布置的匠人商店，展示着精美的手工艺品和陶瓷。 这里是热爱探索狭窄巷弄、喜欢摄影，或者只是想在城市中心寻找一丝轻松惬意氛围的理想之地。强烈建议您抽出几个小时，慢慢漫步，细细品味！,zh-CN,Wed Jun 24 2026 00:03:19 GMT-0700 (Pacific Daylight Time),Thanh Thanh Dat Nguyen (David Nguyen),https://www.google.com/maps/reviews/data=!4m6!14m5!1m4!2m3!1sCi9DQUlRQUNvZENodHljRjlvT2sxMFUyOXZZVE5xUjNWdGIwdFNRMmgwY3paU04xRRAB!2m1!1s0x30e29900428d2d17:0xc327ee519e1014a2
ChIJFy2NQgCZ4jARohQQnlHuJ8M,Song Wat Street Art,Ci9DQUlRQUNvZENodHljRjlvT2xSWFpXOTZVbVJPTlVKRmVVRjVlWFJ6UjNrNGMwRRAB,5.0,这里的街头艺术太棒了，我非常喜欢。它是唐人街附近很受欢迎的旅游景点之一。这里有一些小咖啡馆，可以享用饮品和食物，不过价格比普通商店略贵一些。 此外，这里还有很多纪念品商店，可以找到各种独特的礼物和纪念品。你可以四处逛逛，拍一些很棒的照片。如果你热爱艺术、手工艺和摄影，这里绝对值得一去。,zh-CN,Thu Jan 01 2026 08:01:12 GMT-0800 (Pacific Standard Time),Piyumi Premathilake,https://www.google.com/maps/reviews/data=!4m6!14m5!1m4!2m3!1sCi9DQUlRQUNvZENodHljRjlvT2xSWFpXOTZVbVJPTlVKRmVVRjVlWFJ6UjNrNGMwRRAB!2m1!1s0x30e29900428d2d17:0xc327ee519e1014a2
ChIJFy2NQgCZ4jARohQQnlHuJ8M,Song Wat Street Art,Ci9DQUlRQUNvZENodHljRjlvT21oVVFucDVVVmRGVW5kMGNGODJja1V3Y2xOclJuYxAB,5.0,曼谷最棒的街道之一，绝对不容错过！😍 宋瓦街 (Song Wat Street) 充满活力、创意和令人惊艳的氛围。你会发现这里遍布着美丽的咖啡馆、酷炫的商店、新鲜的果汁、美味的食物，以及可以欣赏迷人河景的绝佳地点。🍹🍜🌊 咖啡馆和建筑风格独特而美丽，完美融合了曼谷的古老魅力和现代美学。✨ 这里是散步、探访咖啡馆、拍照留念以及感受氛围的理想之地。 一个隐藏的宝藏，蕴藏着无限能量——绝对是我在曼谷最喜欢的地方之一！⭐⭐⭐⭐⭐,zh-CN,Tue May 19 2026 03:36:18 GMT-0700 (Pacific Daylight Time),Mehul Batra,https://www.google.com/maps/reviews/data=!4m6!14m5!1m4!2m3!1sCi9DQUlRQUNvZENodHljRjlvT21oVVFucDVVVmRGVW5kMGNGODJja1V3Y2xOclJuYxAB!2m1!1s0x30e29900428d2d17:0xc327ee519e1014a2
ChIJozVF9o-Z4jARJD0Ovhim5mM,Mahanakhon sculpture park,Ci9DQUlRQUNvZENodHljRjlvT25Oc1JITTNkRXgwYzJRMFJreFBhM281TTJGbVNGRRAB,5.0,This was definitely a bucketlist experience and well worth the 1000 baht. You are up 315m at the top and can see out all over bangkok. The biggest place i ever visited. The skywalk was another beast walking on the glass looking down was unreal. Definitely worth getting up here and checking out this place while in Bangkok.,en,Fri Jan 23 2026 19:27:58 GMT-0800 (Pacific Standard Time),jared jeffery,https://www.google.com/maps/reviews/data=!4m6!14m5!1m4!2m3!1sCi9DQUlRQUNvZENodHljRjlvT25Oc1JITTNkRXgwYzJRMFJreFBhM281TTJGbVNGRRAB!2m1!1s0x30e2998ff64535a3:0x63e6a618be0e3d24
ChIJozVF9o-Z4jARJD0Ovhim5mM,Mahanakhon sculpture park,Ci9DQUlRQUNvZENodHljRjlvT2pVM1owWTBha2swYTBoUmFsbDBNbnBvUTFCMFVGRRAB,5.0,在曼谷最棒的体验之一就是从这栋楼欣赏日落。那时人很多，大家都来这里看风景和日落，我们觉得还好，但其他人可能会抱怨。我们强烈推荐大家来这里体验。,zh-CN,Mon Nov 24 2025 22:46:21 GMT-0800 (Pacific Standard Time),Mergim Beqaj,https://www.google.com/maps/reviews/data=!4m6!14m5!1m4!2m3!1sCi9DQUlRQUNvZENodHljRjlvT2pVM1owWTBha2swYTBoUmFsbDBNbnBvUTFCMFVGRRAB!2m1!1s0x30e2998ff64535a3:0x63e6a618be0e3d24
ChIJozVF9o-Z4jARJD0Ovhim5mM,Mahanakhon sculpture park,ChZDSUhNMG9nS0VJQ0FnSURfbnFtdFFREAE,5.0,如果你不恐高，你一定会喜欢这里，四周景色都很棒，而且可以俯瞰玻璃地板。我们老年人还能享受特别优惠价格，这算是一个额外的福利。,zh-CN,Fri Jan 24 2025 03:55:53 GMT-0800 (Pacific Standard Time),Alan Walters,https://www.google.com/maps/reviews/data=!4m6!14m5!1m4!2m3!1sChZDSUhNMG9nS0VJQ0FnSURfbnFtdFFREAE!2m1!1s0x30e2998ff64535a3:0x63e6a618be0e3d24
ChIJozVF9o-Z4jARJD0Ovhim5mM,Mahanakhon sculpture park,Ci9DQUlRQUNvZENodHljRjlvT2pKSWNYSklURVl0TW5rMVFsVnpjbTFxUnpaSmFGRRAB,5.0,这是一次很棒的体验。那里有咖啡和饮料供应，有很多活动可以参加，还有商店，最重要的是，住在那里感觉很棒，而且它目前是泰国最高的建筑。,zh-CN,Mon Jun 22 2026 03:16:34 GMT-0700 (Pacific Daylight Time),เจ้านางอาย เฉยเฉย,https://www.google.com/maps/reviews/data=!4m6!14m5!1m4!2m3!1sCi9DQUlRQUNvZENodHljRjlvT2pKSWNYSklURVl0TW5rMVFsVnpjbTFxUnpaSmFGRRAB!2m1!1s0x30e2998ff64535a3:0x63e6a618be0e3d24
ChIJozVF9o-Z4jARJD0Ovhim5mM,Mahanakhon sculpture park,Ci9DQUlRQUNvZENodHljRjlvT21ZNU5ETnJSMjFsVVZCbVoycHlURXQxT1hKQ2IyYxAB,5.0,这地方真不错，不过这类景点一向不便宜。买最便宜的票就行了，其他的都不值得花钱。景色美极了，观景台也棒极了！,zh-CN,Tue Sep 16 2025 06:14:13 GMT-0700 (Pacific Daylight Time),Phillip Burmester,https://www.google.com/maps/reviews/data=!4m6!14m5!1m4!2m3!1sCi9DQUlRQUNvZENodHljRjlvT21ZNU5ETnJSMjFsVVZCbVoycHlURXQxT1hKQ2IyYxAB!2m1!1s0x30e2998ff64535a3:0x63e6a618be0e3d24
ChIJHW6dszGZ4jARrlu3vwjN0C0,Alangkarn Waterfall,ChZDSUhNMG9nS0VJQ0FnTUNvNnZUbUdREAE,5.0,这个瀑布还是比较好看的，值得去看一下，里面的环境也挺好，美食，购物一站式享受！,zh,Wed Apr 16 2025 03:19:14 GMT-0700 (Pacific Daylight Time),王从健,https://www.google.com/maps/reviews/data=!4m6!14m5!1m4!2m3!1sChZDSUhNMG9nS0VJQ0FnTUNvNnZUbUdREAE!2m1!1s0x30e29931b39d6e1d:0x2dd0cd08bfb75bae
ChIJHW6dszGZ4jARrlu3vwjN0C0,Alangkarn Waterfall,Ci9DQUlRQUNvZENodHljRjlvT2xWUmFXaHdSRGRUVGxCSGEwRjRYMDV3T0RSYWVGRRAB,4.0,2025年11月27日，星期四 暹罗天地 (ICONSIAM) 曼谷空讪区，Charoen Nakhon路 6楼，Alangkarn区 该区域的餐厅以泰式稻田风格装饰，完美融合了建筑与雕塑。 该区域的亮点是“Fontip瀑布”， 高达15米。 其独特之处在于瀑布底部精雕细琢的各种形状。 瀑布顶部由Ghesa Water & Art设计，雕刻成数字“9”的形状，并配以与其名称相符的壮观装饰。 “魔幻瀑布”表演时长15分钟，中间有5分钟休息时间。 周一至周四：12:00-14:00 和 17:00-20:00 周五至周日及公众假期：11:00-20:00 我晚上8点左右到访，瀑布表演已经结束了。在等待演出期间，不妨漫步河畔。 湄南河畔公园（River Park）是一条沿河而建的滨河步道和活动场地，其“喷泉广场”是“东南亚最长水上舞蹈表演”——“标志性多媒体水舞秀”的举办地。该表演每日晚上7点、8点和9点上演，不容错过。 2025年11月9日至12月25日，敬请欣赏精彩绝伦的灯光秀“湄南河2025——暹罗之光，国母”。 14号点将上演“泰式灯光交响曲”，一场震撼人心的音乐表演。 “光影交织”的概念通过一棵会随着音乐节奏摇曳的发光圣诞树来展现，同时，每天下午6:55、7:55和8:55还会上演一场标志性的多媒体水景表演。 这一切共同营造出湄南河畔欢乐祥和的氛围。,zh-CN,Sat Nov 29 2025 02:12:40 GMT-0800 (Pacific Standard Time),Chonlanet S.,https://www.google.com/maps/reviews/data=!4m6!14m5!1m4!2m3!1sCi9DQUlRQUNvZENodHljRjlvT2xWUmFXaHdSRGRUVGxCSGEwRjRYMDV3T0RSYWVGRRAB!2m1!1s0x30e29931b39d6e1d:0x2dd0cd08bfb75bae
ChIJHW6dszGZ4jARrlu3vwjN0C0,Alangkarn Waterfall,Ci9DQUlRQUNvZENodHljRjlvT25oc1VVeFVRM2gxVkRCdlRuSXRlWGhXU0U1WWRWRRAB,5.0,ICONSIAM 的 Alangkarn 瀑布区简直美得令人窒息！✨ 灵感源自泰国稻田和农耕文化，这里与其说是餐厅，不如说更像一座艺术画廊🎨 15 米高的室内瀑布从上方倾泻而下，象征着“天降甘霖”，是对大自然滋养生命的致敬🌾💧 每个用餐亭都造型独特，巧妙地融合了米粒、蚕茧、南瓜等元素，完美地结合了传统韵味与现代金属工艺。这真是一场视觉与心灵的双重盛宴📸 宁静、优雅、充满个性——这绝对是我在曼谷最爱的角落之一🇹🇭,zh-CN,Tue Oct 07 2025 04:03:57 GMT-0700 (Pacific Daylight Time),Susan Chai,https://www.google.com/maps/reviews/data=!4m6!14m5!1m4!2m3!1sCi9DQUlRQUNvZENodHljRjlvT25oc1VVeFVRM2gxVkRCdlRuSXRlWGhXU0U1WWRWRRAB!2m1!1s0x30e29931b39d6e1d:0x2dd0cd08bfb75bae
ChIJHW6dszGZ4jARrlu3vwjN0C0,Alangkarn Waterfall,Ci9DQUlRQUNvZENodHljRjlvT2xGclZGUjRORGRWWWpCcGRFZFFSMmhVVUdRNU9IYxAB,4.0,六楼的喷泉非常漂亮，而且食物种类也很丰富！,zh-CN,Fri Apr 03 2026 03:45:19 GMT-0700 (Pacific Daylight Time),Danny 8,https://www.google.com/maps/reviews/data=!4m6!14m5!1m4!2m3!1sCi9DQUlRQUNvZENodHljRjlvT2xGclZGUjRORGRWWWpCcGRFZFFSMmhVVUdRNU9IYxAB!2m1!1s0x30e29931b39d6e1d:0x2dd0cd08bfb75bae
ChIJHW6dszGZ4jARrlu3vwjN0C0,Alangkarn Waterfall,ChdDSUhNMG9nS0VJQ0FnSUQzajVERG9RRRAB,5.0,绝佳的设计亮点，置身于一流的购物环境中。表演持续时间较长，所以如果您无法准时到达，也无需着急。不妨在旁边的咖啡馆里坐下来，放松身心，尽情欣赏。 摄影爱好者们，需要一台广角镜头才能从地面捕捉到整个瀑布的壮观景象。,zh-CN,Tue Nov 19 2024 18:17:56 GMT-0800 (Pacific Standard Time),Mike JJ,https://www.google.com/maps/reviews/data=!4m6!14m5!1m4!2m3!1sChdDSUhNMG9nS0VJQ0FnSUQzajVERG9RRRAB!2m1!1s0x30e29931b39d6e1d:0x2dd0cd08bfb75bae
ChIJ-QKQOyqZ4jARoVb3D6UmIsg,Na Phra Lan Tunnel Gate 1,ChZDSUhNMG9nS0VJQ0FnSURac2VhU0ZnEAE,5.0,外面太热了，正好过来休息一会儿，有空调,zh,Tue Oct 03 2023 00:30:05 GMT-0700 (Pacific Daylight Time),Wu abika,https://www.google.com/maps/reviews/data=!4m6!14m5!1m4!2m3!1sChZDSUhNMG9nS0VJQ0FnSURac2VhU0ZnEAE!2m1!1s0x30e2992a3b9002f9:0xc82226a50ff756a1
ChIJ-QKQOyqZ4jARoVb3D6UmIsg,Na Phra Lan Tunnel Gate 1,ChdDSUhNMG9nS0VJQ0FnSURiZ3Q2RDhnRRAB,5.0,凉爽空旷，可以在这休息一下,zh,Sat Aug 03 2024 02:47:45 GMT-0700 (Pacific Daylight Time),Pingjing Wang,https://www.google.com/maps/reviews/data=!4m6!14m5!1m4!2m3!1sChdDSUhNMG9nS0VJQ0FnSURiZ3Q2RDhnRRAB!2m1!1s0x30e2992a3b9002f9:0xc82226a50ff756a1
ChIJ-QKQOyqZ4jARoVb3D6UmIsg,Na Phra Lan Tunnel Gate 1,Ci9DQUlRQUNvZENodHljRjlvT2pGSFpqZFZVamhJYjJjM2NFSkhNa05GZDNaaWNHYxAB,5.0,🚇 纳帕兰隧道（1号门） 纳帕兰隧道（1号门）位于大皇宫前方，纳帕兰路一侧，是一条地下通道。它连接着皇家田广场和大皇宫，方便行人和游客安全过马路。 隧道位于： 大皇宫前方 皇家田广场附近 以及玉佛寺（Wat Phra Sri Rattana Satsadaram）正门前方。 📜 背景： 这条隧道是皇家田广场及周边地区景观改善项目的一部分。 该项目由曼谷市政府承建，旨在提升道路安全秩序。 隧道在皇家田广场大规模翻新后投入使用，时间约为2017年至2019年。 隧道建成前，该地区交通拥堵严重，尤其是在皇家庆典和旅游旺季，过马路十分危险。修建地下通道正是为了解决这个问题。 🏗 主要目标： 提高公共安全。 容纳大量游客。 保护皇家宫殿周围的景观。 规范游客热门景点“1号门”的出入。 📍 目前作用： 作为游客进入大皇宫的主要通道。 在加强安保措施期间作为安检点。 为皇家仪式和重要国家活动提供支持。,zh-CN,Thu Feb 19 2026 06:08:10 GMT-0800 (Pacific Standard Time),ศิวะรัตน์ ศุภจิตกุลชัย,https://www.google.com/maps/reviews/data=!4m6!14m5!1m4!2m3!1sCi9DQUlRQUNvZENodHljRjlvT2pGSFpqZFZVamhJYjJjM2NFSkhNa05GZDNaaWNHYxAB!2m1!1s0x30e2992a3b9002f9:0xc82226a50ff756a1
ChIJ-QKQOyqZ4jARoVb3D6UmIsg,Na Phra Lan Tunnel Gate 1,Ci9DQUlRQUNvZENodHljRjlvT21aUFJrbHlhWFZPWjBkcE5GTk5TM1ZIYm01aFoxRRAB,1.0,正在施工，无法进入。 您可以从 4 号出口进入。 现在好像有很多活动正在进行。 这只是一条地下通道，很酷，风景如画。我拍了一些照片，请参考照片。,zh-CN,Wed May 06 2026 23:36:06 GMT-0700 (Pacific Daylight Time),김혁,https://www.google.com/maps/reviews/data=!4m6!14m5!1m4!2m3!1sCi9DQUlRQUNvZENodHljRjlvT21aUFJrbHlhWFZPWjBkcE5GTk5TM1ZIYm01aFoxRRAB!2m1!1s0x30e2992a3b9002f9:0xc82226a50ff756a1
ChIJ-QKQOyqZ4jARoVb3D6UmIsg,Na Phra Lan Tunnel Gate 1,Ci9DQUlRQUNvZENodHljRjlvT2paRldETm5OamhDV25sVFFXNHlPREZQTkV0WFFWRRAB,5.0,偶然发现了这个隐秘的隧道——在卧佛寺和大皇宫之后，这里绝对是必游之地——凉爽舒适，逛完皇宫后可以去洗手间休息一下😍,zh-CN,Sat Apr 25 2026 00:47:44 GMT-0700 (Pacific Daylight Time),봄미레,https://www.google.com/maps/reviews/data=!4m6!14m5!1m4!2m3!1sCi9DQUlRQUNvZENodHljRjlvT2paRldETm5OamhDV25sVFFXNHlPREZQTkV0WFFWRRAB!2m1!1s0x30e2992a3b9002f9:0xc82226a50ff756a1
ChIJPZgFZ9-Y4jARrlLchpFWC90,Bhanurangsi Pier,ChdDSUhNMG9nS0VJQ0FnSUMxc3ItMDVRRRAB,3.0,就是一个普通的码头，顺路可以看看,zh,Tue Dec 26 2023 18:37:31 GMT-0800 (Pacific Standard Time),Chi Zhang,https://www.google.com/maps/reviews/data=!4m6!14m5!1m4!2m3!1sChdDSUhNMG9nS0VJQ0FnSUMxc3ItMDVRRRAB!2m1!1s0x30e298df6705983d:0xdd0b569186dc52ae
ChIJPZgFZ9-Y4jARrlLchpFWC90,Bhanurangsi Pier,ChZDSUhNMG9nS0VJQ0FnSURacmVTUWRnEAE,5.0,最喜欢的湄南河观景点,zh,Fri Oct 06 2023 04:38:41 GMT-0700 (Pacific Daylight Time),Cui dee,https://www.google.com/maps/reviews/data=!4m6!14m5!1m4!2m3!1sChZDSUhNMG9nS0VJQ0FnSURacmVTUWRnEAE!2m1!1s0x30e298df6705983d:0xdd0b569186dc52ae
ChIJPZgFZ9-Y4jARrlLchpFWC90,Bhanurangsi Pier,Ci9DQUlRQUNvZENodHljRjlvT210S1lWcHNiMVpPYkdoU09WTlJkRXBOU0hwUGNVRRAB,4.0,从唐人街步行即可轻松到达，附近有一家小型博物馆（Talad Noi Museum），咖啡馆（hong sieng khong）也在那里。,zh-CN,Wed Jul 15 2026 02:37:26 GMT-0700 (Pacific Daylight Time),Riza Adrian,https://www.google.com/maps/reviews/data=!4m6!14m5!1m4!2m3!1sCi9DQUlRQUNvZENodHljRjlvT210S1lWcHNiMVpPYkdoU09WTlJkRXBOU0hwUGNVRRAB!2m1!1s0x30e298df6705983d:0xdd0b569186dc52ae
ChIJPZgFZ9-Y4jARrlLchpFWC90,Bhanurangsi Pier,Ci9DQUlRQUNvZENodHljRjlvT2pSbGQyaGphVWQzZEdsMVJuaEdTbTlmYlY5WmExRRAB,5.0,环境优美，绿树成荫，设有小花园和长椅供人休憩。毗邻塔拉特诺伊博物馆。,zh-CN,Sun May 17 2026 08:21:20 GMT-0700 (Pacific Daylight Time),Kwanta Thansa,https://www.google.com/maps/reviews/data=!4m6!14m5!1m4!2m3!1sCi9DQUlRQUNvZENodHljRjlvT2pSbGQyaGphVWQzZEdsMVJuaEdTbTlmYlY5WmExRRAB!2m1!1s0x30e298df6705983d:0xdd0b569186dc52ae
ChIJPZgFZ9-Y4jARrlLchpFWC90,Bhanurangsi Pier,Ci9DQUlRQUNvZENodHljRjlvT214WGVEbGZXRlp6UW1OcldFTlFkbVJEVG1KdGNFRRAB,5.0,帕努朗西码头是位于曼谷湄南河畔塔拉诺伊社区的一座重要码头。它具有重要的历史意义，反映了拉达那哥欣王朝时期曼谷的早期定居历史。该码头是水上旅游的中心枢纽，连接湄南河两岸的吞武里和帕那空，同时也是多处历史遗迹的所在地。帕努朗西码头周边有许多历史景点，例如帕努朗西码头社区博物馆和普伊翁帕空艺术公园。这里也是每月举办活动的塔拉基亚市场的所在地。码头毗邻帕通孔卡拉拉吉沃拉维汉寺，是散步、拍照、欣赏美景和锻炼的理想场所。海洋厅已将该码头开发成水上旅游的中心枢纽，连接塔拉诺伊、帕空桑和王里码头（建于1919年）等重要的历史遗迹和社区。,zh-CN,Sun Nov 02 2025 06:29:35 GMT-0800 (Pacific Standard Time),สัน On the way,https://www.google.com/maps/reviews/data=!4m6!14m5!1m4!2m3!1sCi9DQUlRQUNvZENodHljRjlvT214WGVEbGZXRlp6UW1OcldFTlFkbVJEVG1KdGNFRRAB!2m1!1s0x30e298df6705983d:0xdd0b569186dc52ae
ChIJbXZLwgyZ4jARO_0Exd6l_lU,曼谷国家博物馆,Ci9DQUlRQUNvZENodHljRjlvT2pnNUxUbDJaMk5NV0ZjMVRIbFNlV3hoY2pOWVVXYxAB,4.0,很不错的目的地，我去的场馆都是免费的。但是很遗憾，我对泰国的文化历史不是很感兴趣。有一些场馆没有空调，很热。,zh,Mon Apr 06 2026 00:15:20 GMT-0700 (Pacific Daylight Time),meimei pan,https://www.google.com/maps/reviews/data=!4m6!14m5!1m4!2m3!1sCi9DQUlRQUNvZENodHljRjlvT2pnNUxUbDJaMk5NV0ZjMVRIbFNlV3hoY2pOWVVXYxAB!2m1!1s0x30e2990cc24b766d:0x55fea5dec504fd3b
ChIJbXZLwgyZ4jARO_0Exd6l_lU,曼谷国家博物馆,Ci9DQUlRQUNvZENodHljRjlvT2tSdGRHdFBPRmwzZFVZM1ZVNTNVR3RSY2pGd1kwRRAB,5.0,很大很好逛，很多藏品配有可互动的电子屏，有些有二维码。很用心布展了。,zh,Wed Jul 22 2026 05:07:20 GMT-0700 (Pacific Daylight Time),Yang Guangyu,https://www.google.com/maps/reviews/data=!4m6!14m5!1m4!2m3!1sCi9DQUlRQUNvZENodHljRjlvT2tSdGRHdFBPRmwzZFVZM1ZVNTNVR3RSY2pGd1kwRRAB!2m1!1s0x30e2990cc24b766d:0x55fea5dec504fd3b
ChIJbXZLwgyZ4jARO_0Exd6l_lU,曼谷国家博物馆,Ci9DQUlRQUNvZENodHljRjlvT214WlprVklaV1JIYUVSM2NVcHZVVU42U21SVVFrRRAB,5.0,藏品珍稀度很高，布展很用心，非常好的体验。走马观花大约需要2小时。 唯一就是公共交通不是很方便。渡船下来有封闭道路施工，需要步行1.5公里才能到达。 回程需要坐公交车到达Mrt等待时间非常久。,zh,Fri Dec 19 2025 18:02:22 GMT-0800 (Pacific Standard Time),YANG YANG,https://www.google.com/maps/reviews/data=!4m6!14m5!1m4!2m3!1sCi9DQUlRQUNvZENodHljRjlvT214WlprVklaV1JIYUVSM2NVcHZVVU42U21SVVFrRRAB!2m1!1s0x30e2990cc24b766d:0x55fea5dec504fd3b
ChIJbXZLwgyZ4jARO_0Exd6l_lU,曼谷国家博物馆,Ci9DQUlRQUNvZENodHljRjlvT2tsVlExUTFOakZCU2tOek5VMUZZakI2ZDAxT1lrRRAB,5.0,售票处买票便宜过网上 里面很多佛像建筑都很漂亮 记得带空本子去盖章 没带就去售票处旁边的纪念品店购买即可,zh,Thu Jul 02 2026 02:27:42 GMT-0700 (Pacific Daylight Time),yq,https://www.google.com/maps/reviews/data=!4m6!14m5!1m4!2m3!1sCi9DQUlRQUNvZENodHljRjlvT2tsVlExUTFOakZCU2tOek5VMUZZakI2ZDAxT1lrRRAB!2m1!1s0x30e2990cc24b766d:0x55fea5dec504fd3b
ChIJbXZLwgyZ4jARO_0Exd6l_lU,曼谷国家博物馆,Ci9DQUlRQUNvZENodHljRjlvT2pOdGMwVllOVVZsUnpGelVIaFVOMXBTVEhOblJrRRAB,4.0,20251001这么多年竟然都没去过这个博物馆，还不錯，历史比较少，滿屋子的佛像，來自中国的或东南亚的，南亚的，泰国人的宗教真的是刻在基因里的，博物馆的佛像都有人会尊敬地拜拜,zh,Mon Jan 19 2026 00:44:13 GMT-0800 (Pacific Standard Time),queenaloveu L,https://www.google.com/maps/reviews/data=!4m6!14m5!1m4!2m3!1sCi9DQUlRQUNvZENodHljRjlvT2pOdGMwVllOVVZsUnpGelVIaFVOMXBTVEhOblJrRRAB!2m1!1s0x30e2990cc24b766d:0x55fea5dec504fd3b
ChIJWVT7hDKZ4jARGJOhe21RhOk,吉姆 · 汤普森博物馆,Ci9DQUlRQUNvZENodHljRjlvT214blNFTkdURTF5VGpsemMwdDVkMk5PYjJkZlVGRRAB,5.0,热带森林与木式建筑的结合，非常的漂亮美观，推荐来这里拍照打卡，如果你很年轻可以获得买门票优惠，我19岁是150泰铢，有不同语言的导游，金先生的房子里需要跟着导游走，其他地区可以自由探索，这个博物馆内设有厕所，咖啡厅，和卖纪念物的地方，我比较推荐来这里，真的很漂亮,zh,Tue May 12 2026 08:30:42 GMT-0700 (Pacific Daylight Time),yilin wang,https://www.google.com/maps/reviews/data=!4m6!14m5!1m4!2m3!1sCi9DQUlRQUNvZENodHljRjlvT214blNFTkdURTF5VGpsemMwdDVkMk5PYjJkZlVGRRAB!2m1!1s0x30e2993284fb5459:0xe984516d7ba19318
ChIJWVT7hDKZ4jARGJOhe21RhOk,吉姆 · 汤普森博物馆,Ci9DQUlRQUNvZENodHljRjlvT25VemNFUklRMDVzU0hwQ1dpMDJVakJTV1UwNVZrRRAB,5.0,吉姆汤普森博物馆—曼谷必去小众博物馆 太喜欢这里了，这是吉姆汤普森先生的故居，坐落在运河一侧，我们是步行穿过运河对面的一片贫民区后看到这座建筑，红色的建筑掩映在茂密的绿植中，更添了一种神秘色彩。 故居内家居和陈设多是收藏的艺术品，品味高雅。导览人员带着参观完室内，院落可以自由参观，这里的门和窗户的形状都是梯形，加上一圈门框，怎么看都像是一面镜框或者画框，而门内的人或物就像是一幅画，很是有意思。,zh,Sat Feb 21 2026 07:56:41 GMT-0800 (Pacific Standard Time),G,https://www.google.com/maps/reviews/data=!4m6!14m5!1m4!2m3!1sCi9DQUlRQUNvZENodHljRjlvT25VemNFUklRMDVzU0hwQ1dpMDJVakJTV1UwNVZrRRAB!2m1!1s0x30e2993284fb5459:0xe984516d7ba19318
ChIJWVT7hDKZ4jARGJOhe21RhOk,吉姆 · 汤普森博物馆,Ci9DQUlRQUNvZENodHljRjlvT21Sa1FUSklUWE52UVVGR2RsUkpWRGhXWlVVeUxWRRAB,4.0,整体参观体验还不错，是了解泰国建筑和风土人情的好地方。 关于门票与流程： 门票只能现场购买。买完票后，工作人员会根据你选择的语言偏好安排专门的讲解员。由于是分批次进入，所以需要等待一段时间。之后全程会跟着讲解员进行参观，讲解内容很详实。 参观亮点： 馆内有很多精美的私人收藏，建筑本身非常有特色，能深刻感受到那个时代泰国的建筑风格和生活气息。参观过程中是可以拍照的，非常出片。 小建议： 唯一的缺点是室内没有空调，非常炎热。建议大家尽量早一点去，避开正午的高温，体验感会更好。,zh,Tue Mar 24 2026 10:06:24 GMT-0700 (Pacific Daylight Time),Yushen Huang (Ethan),https://www.google.com/maps/reviews/data=!4m6!14m5!1m4!2m3!1sCi9DQUlRQUNvZENodHljRjlvT21Sa1FUSklUWE52UVVGR2RsUkpWRGhXWlVVeUxWRRAB!2m1!1s0x30e2993284fb5459:0xe984516d7ba19318
ChIJWVT7hDKZ4jARGJOhe21RhOk,吉姆 · 汤普森博物馆,Ci9DQUlRQUNvZENodHljRjlvT2xkU1JIUkNMVXhTVjBscWRHaFVPVll0YlVGVWFIYxAB,4.0,旧时的人和物，也恰因其旧而落在市中心，因而造成了参观的昂贵、低性价比。如果不是专业人士或对古旧真有兴趣，不推荐。,zh,Sun May 24 2026 02:03:59 GMT-0700 (Pacific Daylight Time),Nest Lewis,https://www.google.com/maps/reviews/data=!4m6!14m5!1m4!2m3!1sCi9DQUlRQUNvZENodHljRjlvT2xkU1JIUkNMVXhTVjBscWRHaFVPVll0YlVGVWFIYxAB!2m1!1s0x30e2993284fb5459:0xe984516d7ba19318
ChIJWVT7hDKZ4jARGJOhe21RhOk,吉姆 · 汤普森博物馆,Ci9DQUlRQUNvZENodHljRjlvT2xOS1RUWjROVWRYY21sTFgwUkZTVjlEVEZaTWRFRRAB,5.0,离siam商圈不远，很棒的游览体验，讲解很不错，工作人员非常友好，人不算很多，不需要排队，建筑和内部陈设包括各种展品还是很有特色的，来曼谷一定要来看一看,zh,Tue Nov 25 2025 17:57:31 GMT-0800 (Pacific Standard Time),Lechuan Wang,https://www.google.com/maps/reviews/data=!4m6!14m5!1m4!2m3!1sCi9DQUlRQUNvZENodHljRjlvT2xOS1RUWjROVWRYY21sTFgwUkZTVjlEVEZaTWRFRRAB!2m1!1s0x30e2993284fb5459:0xe984516d7ba19318
ChIJHQcCZM2e4jARaESgxhA9-HM,Madame Tussauds BANGKOK,ChZDSUhNMG9nS0VJQ0FnSURKNXZQNUV3EAE,4.0,去了很多家的蜡像馆 原来不是每个都一样的 FB 创办人穿的衣服不一样 Tigerwoods 在三藩市的是站起来，这里的是蹲着。 如果时间足够的话 可以先online买票，水族馆和蜡像馆一起的套票 两馆2小时就可以走完了,zh,Sun Jul 16 2023 01:55:20 GMT-0700 (Pacific Daylight Time),PikWan,https://www.google.com/maps/reviews/data=!4m6!14m5!1m4!2m3!1sChZDSUhNMG9nS0VJQ0FnSURKNXZQNUV3EAE!2m1!1s0x30e29ecd6402071d:0x73f83d10c6a04468
ChIJHQcCZM2e4jARaESgxhA9-HM,Madame Tussauds BANGKOK,ChZDSUhNMG9nS0VJQ0FnSURPcnRxY0ZREAE,5.0,没想到里面还挺大的，蜡像人物涵盖了不同国家政治，体育，电影，娱乐圈等等领域名人。还是很有看头，栩栩如生，比照片上更逼真。只是不太适合年龄太小的孩子，里面音乐会比较吵，而且太小也不认识这些人。整体而已还不错，值得去转转,zh,Tue Jul 05 2022 10:54:16 GMT-0700 (Pacific Daylight Time),fei Anna,https://www.google.com/maps/reviews/data=!4m6!14m5!1m4!2m3!1sChZDSUhNMG9nS0VJQ0FnSURPcnRxY0ZREAE!2m1!1s0x30e29ecd6402071d:0x73f83d10c6a04468
ChIJHQcCZM2e4jARaESgxhA9-HM,Madame Tussauds BANGKOK,Ci9DQUlRQUNvZENodHljRjlvT2xvNFZXeFFTR3MxZDI1Rk9HRmFSVlpRTlRBMGVWRRAB,4.0,整体感觉还不错，值得带孩子老人看看。,zh,Tue Jul 21 2026 00:29:34 GMT-0700 (Pacific Daylight Time),g zhu,https://www.google.com/maps/reviews/data=!4m6!14m5!1m4!2m3!1sCi9DQUlRQUNvZENodHljRjlvT2xvNFZXeFFTR3MxZDI1Rk9HRmFSVlpRTlRBMGVWRRAB!2m1!1s0x30e29ecd6402071d:0x73f83d10c6a04468
ChIJHQcCZM2e4jARaESgxhA9-HM,Madame Tussauds BANGKOK,ChdDSUhNMG9nS0VJQ0FnSURoMmYySnR3RRAB,4.0,还可以，做得非常逼真，出现恐怖谷效应了。 姚明居然那么高！,zh,Sun Mar 12 2023 11:16:19 GMT-0700 (Pacific Daylight Time),Leslie,https://www.google.com/maps/reviews/data=!4m6!14m5!1m4!2m3!1sChdDSUhNMG9nS0VJQ0FnSURoMmYySnR3RRAB!2m1!1s0x30e29ecd6402071d:0x73f83d10c6a04468
ChIJHQcCZM2e4jARaESgxhA9-HM,Madame Tussauds BANGKOK,ChZDSUhNMG9nS0VJQ0FnSUNBdmZpQ2ZnEAE,5.0,很棒，不过建议国内游客现在网络上订好票，要便宜很多哟,zh,Tue Oct 03 2017 17:50:07 GMT-0700 (Pacific Daylight Time),SERIES GT,https://www.google.com/maps/reviews/data=!4m6!14m5!1m4!2m3!1sChZDSUhNMG9nS0VJQ0FnSUNBdmZpQ2ZnEAE!2m1!1s0x30e29ecd6402071d:0x73f83d10c6a04468
ChIJq6qqqoaZ4jARanST2cxGKOk,Siriraj Medical Museum,Ci9DQUlRQUNvZENodHljRjlvT2xWeVdEVk5Sbko0VFhWNlRWbDFUM0J5Ym5FMmNWRRAB,5.0,200B的门票，很不错的人体博物馆，在我们国内很少能看到这么齐全的医学科普博物馆，里面的知识非常庞大，对小朋友和成人来说，都能很好的了解这些生理知识。展馆有几个不要漏掉了，不清楚的问一下，都愿意帮你指路。 在此纠正了博物馆里面展品的拼写错误，Black widow spider 写成了 Black window spider。,zh,Fri Sep 26 2025 20:16:58 GMT-0700 (Pacific Daylight Time),yu chen,https://www.google.com/maps/reviews/data=!4m6!14m5!1m4!2m3!1sCi9DQUlRQUNvZENodHljRjlvT2xWeVdEVk5Sbko0VFhWNlRWbDFUM0J5Ym5FMmNWRRAB!2m1!1s0x30e29986aaaaaaab:0xe92846ccd993746a
ChIJq6qqqoaZ4jARanST2cxGKOk,Siriraj Medical Museum,Ci9DQUlRQUNvZENodHljRjlvT2pWTGIyZFBUbXAzTjJWSGNraEZVemQxYWxKSlNGRRAB,5.0,和朋友一起才敢来，本质上是一个医学博物馆，很多畸形婴儿和刑事案件的受害者的遗体，内部不能拍照。包括不同楼栋里的3个馆，第三个馆可以拍照,zh,Wed Aug 13 2025 08:41:36 GMT-0700 (Pacific Daylight Time),chris wang,https://www.google.com/maps/reviews/data=!4m6!14m5!1m4!2m3!1sCi9DQUlRQUNvZENodHljRjlvT2pWTGIyZFBUbXAzTjJWSGNraEZVemQxYWxKSlNGRRAB!2m1!1s0x30e29986aaaaaaab:0xe92846ccd993746a
ChIJq6qqqoaZ4jARanST2cxGKOk,Siriraj Medical Museum,ChdDSUhNMG9nS0VJQ0FnSURIN3F6U21nRRAB,4.0,200泰铢可以看死亡博物馆，一共2层楼4个展厅，说实话比较适合医学生来看，有很多专业术语，普通人可能比较无法理解。但可以感受一下。其中一层楼空调很足，请确保你穿了外套过来，否则很冷。另一层楼只有风扇，非常热。全程没有人讲解，需要用谷歌翻译才能看懂上面的泰文。建议跟朋友一起来看，会有点害怕。不允许拍照。,zh,Wed Sep 18 2024 23:12:20 GMT-0700 (Pacific Daylight Time),Alexandra Fan,https://www.google.com/maps/reviews/data=!4m6!14m5!1m4!2m3!1sChdDSUhNMG9nS0VJQ0FnSURIN3F6U21nRRAB!2m1!1s0x30e29986aaaaaaab:0xe92846ccd993746a
ChIJq6qqqoaZ4jARanST2cxGKOk,Siriraj Medical Museum,Ci9DQUlRQUNvZENodHljRjlvT2s5aE5rVlphekZ5VmxsclZXRmZOekpSTmtSVFVFRRAB,5.0,很适合去参观 门票200株 有两个地方可以看,zh,Thu Jan 29 2026 08:44:13 GMT-0800 (Pacific Standard Time),cao思源,https://www.google.com/maps/reviews/data=!4m6!14m5!1m4!2m3!1sCi9DQUlRQUNvZENodHljRjlvT2s5aE5rVlphekZ5VmxsclZXRmZOekpSTmtSVFVFRRAB!2m1!1s0x30e29986aaaaaaab:0xe92846ccd993746a
ChIJq6qqqoaZ4jARanST2cxGKOk,Siriraj Medical Museum,Ci9DQUlRQUNvZENodHljRjlvT21keVp5MVNPR2R1VlRsUWVURjNNRjkxWmxacFRIYxAB,5.0,第三个博物馆不好找在一个红色的房子里面 门平时是关着的，我还以为不营业呢 里面很小小小的,zh,Thu Aug 21 2025 00:20:00 GMT-0700 (Pacific Daylight Time),马晓梦,https://www.google.com/maps/reviews/data=!4m6!14m5!1m4!2m3!1sCi9DQUlRQUNvZENodHljRjlvT21keVp5MVNPR2R1VlRsUWVURjNNRjkxWmxacFRIYxAB!2m1!1s0x30e29986aaaaaaab:0xe92846ccd993746a
ChIJR899CdqY4jAR9k0sJXIVHC4,Bangkokian Museum,ChZDSUhNMG9nS0VJQ0FnSURDdWV2TmZREAE,4.0,很安静的一个博物馆，今天正好去一家餐厅吃饭，吃完饭就溜达到这家博物馆了。一共三栋建筑。花园我很喜欢。就是特别热带那种花园。 因为带着小宝贝，然后工作人员很热情的帮我照顾小宝贝 这样我就可以四处参观。真好啊。 我喜欢泰式建筑，最重要是有很多窗户，每扇窗户打开都是很美的风景。,zh,Sat Oct 03 2020 06:46:14 GMT-0700 (Pacific Daylight Time),Jo Jo,https://www.google.com/maps/reviews/data=!4m6!14m5!1m4!2m3!1sChZDSUhNMG9nS0VJQ0FnSURDdWV2TmZREAE!2m1!1s0x30e298da097dcf47:0x2e1c1572252c4df6
ChIJR899CdqY4jAR9k0sJXIVHC4,Bangkokian Museum,ChZDSUhNMG9nS0VJQ0FnSUQ3aEpIOE1REAE,5.0,很棒的免费博物馆，可以通过这里窥见上世纪的曼谷人的居住生活，还了解了房屋主人的故事。进入只需要进行登记，会有专人引导和讲解。希望大家都可以来看看。,zh,Wed Aug 21 2024 02:21:27 GMT-0700 (Pacific Daylight Time),Lazarus Santa,https://www.google.com/maps/reviews/data=!4m6!14m5!1m4!2m3!1sChZDSUhNMG9nS0VJQ0FnSUQ3aEpIOE1REAE!2m1!1s0x30e298da097dcf47:0x2e1c1572252c4df6
ChIJR899CdqY4jAR9k0sJXIVHC4,Bangkokian Museum,ChZDSUhNMG9nS0VJQ0FnSUQtaGVUMWFnEAE,5.0,不需要门票，民办博物馆，空间虽然不大，但是讯息量很大… 值得推荐！可以通过展品窥探当年的历史情况…,zh,Sun Dec 04 2022 07:26:11 GMT-0800 (Pacific Standard Time),derek loo,https://www.google.com/maps/reviews/data=!4m6!14m5!1m4!2m3!1sChZDSUhNMG9nS0VJQ0FnSUQtaGVUMWFnEAE!2m1!1s0x30e298da097dcf47:0x2e1c1572252c4df6
ChIJR899CdqY4jAR9k0sJXIVHC4,Bangkokian Museum,ChZDSUhNMG9nS0VJQ0FnSURleXB6dUN3EAE,4.0,一个民俗博物馆，不大，2栋小楼。是一家子旧时的宅子，开放给游客参观。院子很静谧，参观免费，可以看到原来家庭里的样子，家具，器具，挺有趣,zh,Fri Oct 07 2022 03:19:08 GMT-0700 (Pacific Daylight Time),karen young,https://www.google.com/maps/reviews/data=!4m6!14m5!1m4!2m3!1sChZDSUhNMG9nS0VJQ0FnSURleXB6dUN3EAE!2m1!1s0x30e298da097dcf47:0x2e1c1572252c4df6
ChIJR899CdqY4jAR9k0sJXIVHC4,Bangkokian Museum,Ci9DQUlRQUNvZENodHljRjlvT2xFdFNXVlhjMkUwYmtwUFJFdGhTa3B3WWpoTFFWRRAB,5.0,门票免费 新年第一天去的 一个88年前的富裕家庭 中国人有关的故事,zh,Wed Dec 31 2025 22:34:37 GMT-0800 (Pacific Standard Time),Gi Gi,https://www.google.com/maps/reviews/data=!4m6!14m5!1m4!2m3!1sCi9DQUlRQUNvZENodHljRjlvT2xFdFNXVlhjMkUwYmtwUFJFdGhTa3B3WWpoTFFWRRAB!2m1!1s0x30e298da097dcf47:0x2e1c1572252c4df6
ChIJnYDfpAaZ4jARcN8dBuD-IS8,Phra Racha Wang Derm (Thonburi Palace),Ci9DQUlRQUNvZENodHljRjlvT2t0eFYyNUJaek5VYzFCelprZDRXRnBOYzJkcmFWRRAB,5.0,这是一个美丽、宁静且历史底蕴深厚的地方，位于泰国皇家海军基地内（毗邻郑王庙）。 内部氛围极佳，拥有众多古老建筑可供参观，工作人员也会提供热情周到的讲解。 特别之处在于，这里通常每年只对公众开放一次（请留意相关公告）。 任何历史爱好者或建筑鉴赏家都绝对应该找机会来此一游。,zh-CN,Tue Apr 28 2026 21:55:19 GMT-0700 (Pacific Daylight Time),RW.,https://www.google.com/maps/reviews/data=!4m6!14m5!1m4!2m3!1sCi9DQUlRQUNvZENodHljRjlvT2t0eFYyNUJaek5VYzFCelprZDRXRnBOYzJkcmFWRRAB!2m1!1s0x30e29906a4df809d:0x2f21fee0061ddf70
ChIJnYDfpAaZ4jARcN8dBuD-IS8,Phra Racha Wang Derm (Thonburi Palace),Ci9DQUlRQUNvZENodHljRjlvT2twNVRGOVlWMk5mTFVKb09XSk5ka1pCTlRodU5uYxAB,3.0,如果您在Grab上设置了目的地，司机会在入口前稍远的地方将您放下；如果您将目的地设置在入口稍远的地方，司机则会在入口正前方将您放下。这是因为单行道交通拥堵，司机们都想尽快接下一位乘客，所以他们更倾向于提前将您放下。,zh-CN,Mon May 04 2026 18:00:13 GMT-0700 (Pacific Daylight Time),Ta “ILS34R”,https://www.google.com/maps/reviews/data=!4m6!14m5!1m4!2m3!1sCi9DQUlRQUNvZENodHljRjlvT2twNVRGOVlWMk5mTFVKb09XSk5ka1pCTlRodU5uYxAB!2m1!1s0x30e29906a4df809d:0x2f21fee0061ddf70
ChIJnYDfpAaZ4jARcN8dBuD-IS8,Phra Racha Wang Derm (Thonburi Palace),ChdDSUhNMG9nS0VJQ0FnSUNmbjRiaHBnRRAB,5.0,每年仅对公众开放一次。请关注泰国皇家海军的公告以获取最新信息。交通方式：您可以乘坐地铁（MRT）至伊萨拉帕站（Isaraphab Station），然后乘坐摩托车出租车前往泰国皇家海军基地（车费30泰铢），基地紧邻郑王庙（Wat Arun，位于村庄边界）。或者，您可以乘坐地铁（MRT）至沙南猜站（Sanam Chai Station），步行至塔天码头（Tha Tien Pier），然后乘坐渡轮前往郑王庙。但是，您必须先在泰国皇家海军基地入口处登记并提供您的电话号码，以便申请进入这座昔日的皇宫。请务必穿着得体，并遵守皇宫的规章制度；宫殿内禁止拍照。第一站是绿色的泰式房屋博物馆，那里将播放一段20分钟的视频，并提供可扫描的详细信息。其他区域禁止拍照。接下来，您将参观两个大小不一的亭台楼阁，并在郑信王的神龛前致敬，士兵们会在那里供奉鲜花和香烛。附近是鲸鱼头神龛和主殿，您可以进去参观。最后，您会看到平克劳国王的亭子。这座建筑地面光滑，非常滑，行走时务必小心。虽然有警示标志，但游客常常忽略它们。再次提醒，这里并非每天都开放，请关注泰国皇家海军的公告以获取最新信息。最重要的是，请勿违反指定区域的拍照规定。我们希望您能欣赏泰国的历史和美景。,zh-CN,Thu Jan 02 2025 15:49:58 GMT-0800 (Pacific Standard Time),Narumon Sintawanukoon,https://www.google.com/maps/reviews/data=!4m6!14m5!1m4!2m3!1sChdDSUhNMG9nS0VJQ0FnSUNmbjRiaHBnRRAB!2m1!1s0x30e29906a4df809d:0x2f21fee0061ddf70
ChIJnYDfpAaZ4jARcN8dBuD-IS8,Phra Racha Wang Derm (Thonburi Palace),ChZDSUhNMG9nS0VJQ0FnSUNma29QMmV3EAE,5.0,这是一篇回顾性游记。我参观了郑信大帝的故宫，这里也曾是平克劳王子的住所。它位于湄南河吞武里一侧的海军基地内。如果您有更多信息，欢迎分享您的游记，因为明天，12月28日，是郑信大帝的加冕纪念日。让我们共同缅怀他。以下是我收集到的信息： 这座故宫目前位于海军基地内。它是郑信大帝于1768年在位期间建造的唯一一座宫殿。它坐落在湄南河畔，靠近威猜帕西堡。其中最古老、最重要的建筑是拥有250多年历史的御座厅，郑信大帝曾在此处理政务。御座厅最初完全由木材建造，现在已用砖瓦进行了修复。这里还有一座小型中式亭子，展示着吞武里时期的武器，例如燧发枪和日本刀。其他建筑包括平克劳王子的住所、鲸头神社、绿屋以及威猜普拉西堡，后者在纳莱大帝统治时期曾被用作海关检查站。,zh-CN,Fri Dec 27 2024 06:34:15 GMT-0800 (Pacific Standard Time),Suphakorn Panyangam,https://www.google.com/maps/reviews/data=!4m6!14m5!1m4!2m3!1sChZDSUhNMG9nS0VJQ0FnSUNma29QMmV3EAE!2m1!1s0x30e29906a4df809d:0x2f21fee0061ddf70
ChIJnYDfpAaZ4jARcN8dBuD-IS8,Phra Racha Wang Derm (Thonburi Palace),ChZDSUhNMG9nS0VJQ0FnSUMxdU9UekR3EAE,5.0,我心怀感激，由衷感谢 暹罗历代君王和我们先祖的恩泽 他们缔造了泰国，让我们拥有自己的土地和家园，至今仍能安居乐业，安享晚年。我能感受到 此地的神圣。 博物馆每年开放一次。目前由泰国皇家海军负责维护。 多年来，我一直渴望前来。 如今，我终于有机会在“郑信大帝陵”表达我的敬意。 🙏🌺🌿💛🇹🇭❤️🌿🌸🙏,zh-CN,Fri Dec 22 2023 02:21:12 GMT-0800 (Pacific Standard Time),P. 008 Adventure,https://www.google.com/maps/reviews/data=!4m6!14m5!1m4!2m3!1sChZDSUhNMG9nS0VJQ0FnSUMxdU9UekR3EAE!2m1!1s0x30e29906a4df809d:0x2f21fee0061ddf70
ChIJl1NxyA6Z4jARJFwEMEw9eyE,Queen Sirikit Museum of Textiles,Ci9DQUlRQUNvZENodHljRjlvT21ZNWJWTnVhVXhwVUdzNVFsVmhPVmROUjJGak1uYxAB,4.0,大皇宫฿500联票里的倒数第二站，从玉佛寺➕大皇宫走过来，吹吹空调，还是挺不错的。展品就那样的，不懂为啥光调得那么暗。倒是觉得皇室在推广泰文化方面，着实出力了。 建议自带盖章本，或者在门口拿一下盖章纸，因为这里的丝绸花样印章还挺别致的。文创店值得一逛，耳钉做得挺好，价格当然有些“皇家”了😆,zh,Mon Feb 16 2026 01:11:04 GMT-0800 (Pacific Standard Time),Loop,https://www.google.com/maps/reviews/data=!4m6!14m5!1m4!2m3!1sCi9DQUlRQUNvZENodHljRjlvT21ZNWJWTnVhVXhwVUdzNVFsVmhPVmROUjJGak1uYxAB!2m1!1s0x30e2990ec8715397:0x217b3d4c30045c24
ChIJl1NxyA6Z4jARJFwEMEw9eyE,Queen Sirikit Museum of Textiles,Ci9DQUlRQUNvZENodHljRjlvT21wclVrUlJWMWRTVFhCalNpMVphamgzU1VGdlQwRRAB,5.0,泰国的审美确实独树一帜,zh,Sat Apr 25 2026 03:14:28 GMT-0700 (Pacific Daylight Time),KIMi Kim,https://www.google.com/maps/reviews/data=!4m6!14m5!1m4!2m3!1sCi9DQUlRQUNvZENodHljRjlvT21wclVrUlJWMWRTVFhCalNpMVphamgzU1VGdlQwRRAB!2m1!1s0x30e2990ec8715397:0x217b3d4c30045c24
ChIJl1NxyA6Z4jARJFwEMEw9eyE,Queen Sirikit Museum of Textiles,ChdDSUhNMG9nS0VJQ0FnSURCNzQyRi1RRRAB,4.0,你们觉得应该如何评价呢？ 普通的皇家展罢了。,zh,Tue Jan 31 2023 23:44:56 GMT-0800 (Pacific Standard Time),大大大石头,https://www.google.com/maps/reviews/data=!4m6!14m5!1m4!2m3!1sChdDSUhNMG9nS0VJQ0FnSURCNzQyRi1RRRAB!2m1!1s0x30e2990ec8715397:0x217b3d4c30045c24
ChIJl1NxyA6Z4jARJFwEMEw9eyE,Queen Sirikit Museum of Textiles,Ci9DQUlRQUNvZENodHljRjlvT2sxbFQzRmtTekpCUlVOc1VGbGthM2QwVjI1YU0yYxAB,5.0,这座博物馆位于大皇宫建筑群内（靠近出口），坐落在一栋修复精美的历史皇家建筑中。馆内主要展出诗丽吉王太后数十年来收藏和穿着的精美泰式传统服饰和西式礼服。博物馆深入展现了泰国手工纺织品和皇家工艺的历史，是了解泰国丝绸文化和宫廷服饰的绝佳去处。 🌿 环境与重要规则： 与大皇宫庭院外的烈日和拥挤人潮不同，博物馆内部配备了强劲的空调，营造出宁静、优雅且舒适的氛围。这里是游览大皇宫后休憩放松的理想场所。然而，有两条严格的规则不容忽视：首先，展厅内严禁拍照和录像，请遵守相关规定；其次，由于博物馆位于大皇宫内，因此也需遵守大皇宫的着装要求，即不得露出肩膀或膝盖。 🎟️门票及实用贴士： 博物馆门票已包含在500泰铢的大皇宫联票中，无需额外付费。请务必记住这条重要提示：进入大皇宫后，切勿丢弃纸质门票！您需要再次出示门票才能通过博物馆的安检。许多人因为疏忽而丢弃门票，导致错过参观。博物馆下午3:30停止接待游客，因此在游览大皇宫和玉佛寺时，请务必合理安排时间。 🚗总结： 玉佛寺是一处常常被匆匆而过的游客忽略的宝藏之地。馆内精美的泰式丝绸礼服令人叹为观止，而且由于包含在联票中，无需额外付费，因此非常划算。在大皇宫汗流浃背之后，不妨随身携带门票，走进博物馆，享受清凉的空气，静静欣赏这场皇家时尚盛宴——绝对值得一游！,zh-CN,Sat Jul 18 2026 14:58:54 GMT-0700 (Pacific Daylight Time),Sanj,https://www.google.com/maps/reviews/data=!4m6!14m5!1m4!2m3!1sCi9DQUlRQUNvZENodHljRjlvT2sxbFQzRmtTekpCUlVOc1VGbGthM2QwVjI1YU0yYxAB!2m1!1s0x30e2990ec8715397:0x217b3d4c30045c24
ChIJl1NxyA6Z4jARJFwEMEw9eyE,Queen Sirikit Museum of Textiles,Ci9DQUlRQUNvZENodHljRjlvT2xkbFZFOW1VMjFRV1RCZmJuSnRZVEpoYW10TFluYxAB,5.0,这里汇集了历史，展示了诗丽吉王后陛下设计的八种泰国皇家服饰，这些服饰被奉为泰国国服。馆内设有三个展厅。第一个展厅名为“从宫廷到皇家风范的泰式服饰”，展出了这八种皇家服饰。第二个展厅名为“诗丽吉王后服饰”，展出了真正的皇家服饰，展现了丝绸之美与世界一流设计的完美融合。两个展厅均允许拍照，但禁止使用闪光灯。第三个展厅展出泰国古董锦缎，馆内禁止拍照。 通常情况下，这里需要购票入场，但自2025年10月27日起，泰国公民可免费入场。 着装要求：由于地处皇家园林内，参观者必须穿着得体（衬衫需有袖，裤子/裙子需遮住膝盖）。 交通方式： 乘坐地铁（MRT）至沙南猜站（Sanam Chai Station，1号出口），穿过玉佛寺（Wat Phra Kaew）的威塞猜西门（Wiset Chai Si Gate）即可到达。 如果您驾车前往，皇宫内没有停车位，但附近有收费停车场。 塔玛哈拉吉宫：提供室内停车场，距离博物馆最近。（按小时收费） 玛哈泰玉瓦拉朗瑞寺：寺庙内设有停车场（按小时收费） 泰国皇家海军俱乐部：玛哈拉路沿线设有室外停车场（按小时收费）,zh-CN,Sun Jun 07 2026 17:10:59 GMT-0700 (Pacific Daylight Time),Wannaporn Punudom,https://www.google.com/maps/reviews/data=!4m6!14m5!1m4!2m3!1sCi9DQUlRQUNvZENodHljRjlvT2xkbFZFOW1VMjFRV1RCZmJuSnRZVEpoYW10TFluYxAB!2m1!1s0x30e2990ec8715397:0x217b3d4c30045c24
ChIJKe8xeXWZ4jARqJpZQhKighg,曼谷皇家御舟博物馆,Ci9DQUlRQUNvZENodHljRjlvT205UGNsOVFjVlZ1YzJOU2NHNURWVkp6WXpGdFdtYxAB,4.0,博物馆入口再胡同里，不好找，博物馆很小，门票200泰铢。,zh,Sun Feb 01 2026 18:20:12 GMT-0800 (Pacific Standard Time),Bing Y,https://www.google.com/maps/reviews/data=!4m6!14m5!1m4!2m3!1sCi9DQUlRQUNvZENodHljRjlvT205UGNsOVFjVlZ1YzJOU2NHNURWVkp6WXpGdFdtYxAB!2m1!1s0x30e299757931ef29:0x1882a21242599aa8
ChIJKe8xeXWZ4jARqJpZQhKighg,曼谷皇家御舟博物馆,ChdDSUhNMG9nS0VJQ0FnSUN3Z3JHN2xnRRAB,1.0,非常垃圾，很难找，入口在一条曲折的小路终点，门票100泰铢，还不让拍照，估计是怕照片看过后就都不想来了。里面有只有大概10条龙舟，没啥看头。我认为应该免费。即使免费，也不值得专门去看。,zh,Sat Jul 11 2015 07:16:48 GMT-0700 (Pacific Daylight Time),Jin Xiaojing,https://www.google.com/maps/reviews/data=!4m6!14m5!1m4!2m3!1sChdDSUhNMG9nS0VJQ0FnSUN3Z3JHN2xnRRAB!2m1!1s0x30e299757931ef29:0x1882a21242599aa8
ChIJKe8xeXWZ4jARqJpZQhKighg,曼谷皇家御舟博物馆,Ci9DQUlRQUNvZENodHljRjlvT2pKMVkwOVpiRUl4WjNSRWFGRkxjbTVDVXpGMFozYxAB,5.0,我很高兴有机会参观这里——泰国国家皇家驳船博物馆。 博物馆展出了一些（并非全部，但都是最精美的）皇家船只。这里共有八艘船；最古老的一艘建于19世纪，而国王用于河上巡游的主船则建造时间较近，大约在20世纪80年代或90年代。 事实上，皇家巡游的年度传统由来已久。如今，国王在安保人员的簇拥下乘船沿河而行，全城民众都会聚集观看这一盛况。人们会提前占据最佳观赏位置。 这些船只非常漂亮，装饰风格充满泰式风情——金碧辉煌，镶嵌着镜面马赛克，并采用皇家配色。 建议请一位导游陪同参观，导游会为您讲解（至少会概括地）每艘船上所代表的人物或事物。在这里，您可以看到天鹅（天上的神鸟）、迦楼罗、龙以及许多其他动物形象。 您可以随意拍照，但录像需要额外付费。不过，对于普通的“居家”纪念而言，照片就足够了。 据我所知，这里只能乘船到达。如果您参加的观光旅游包含水上项目，那么这座博物馆应该列入行程。 这是一座规模虽小但趣味盎然的博物馆。 如果您有机会，我强烈推荐您去参观。,zh-CN,Wed Apr 29 2026 00:59:09 GMT-0700 (Pacific Daylight Time),Alexander Vladimirov,https://www.google.com/maps/reviews/data=!4m6!14m5!1m4!2m3!1sCi9DQUlRQUNvZENodHljRjlvT2pKMVkwOVpiRUl4WjNSRWFGRkxjbTVDVXpGMFozYxAB!2m1!1s0x30e299757931ef29:0x1882a21242599aa8
ChIJKe8xeXWZ4jARqJpZQhKighg,曼谷皇家御舟博物馆,Ci9DQUlRQUNvZENodHljRjlvT25Gc2RXVlBVR2Q2WVZkdmRVSkVabkJsZUhoS1IzYxAB,5.0,皇家驳船国家博物馆 自驾游客无法在此停车。 工作人员建议您将车停在附近的酒店。 请从舰队部门入口进入，入口位于桥下的U型弯道处。 告诉工作人员您要去皇家驳船博物馆。 直走，直到看到蓝色屋顶。 打开铁门，沿着小路走。 在红色标志处右转；博物馆就在您的左侧。 泰国公民拍照需支付20泰铢门票。 录像费用为200泰铢。 您可以自由参观博物馆内部。 我参观的那天，他们正在对驳船进行维护。 因此，有些照片显示的是金属结构。 我之前只在照片和电视上见过这些驳船，但亲眼见到它们真是令人惊叹。 它们非常漂亮，色彩鲜艳明亮，工作人员正在重新粉刷它们。 有些驳船建于拉玛一世国王统治时期， 但它们保养得很好，不愧为国家瑰​​宝。,zh-CN,Sat Jun 06 2026 21:51:09 GMT-0700 (Pacific Daylight Time),narong harusadeekul,https://www.google.com/maps/reviews/data=!4m6!14m5!1m4!2m3!1sCi9DQUlRQUNvZENodHljRjlvT25Gc2RXVlBVR2Q2WVZkdmRVSkVabkJsZUhoS1IzYxAB!2m1!1s0x30e299757931ef29:0x1882a21242599aa8
ChIJKe8xeXWZ4jARqJpZQhKighg,曼谷皇家御舟博物馆,Ci9DQUlRQUNvZENodHljRjlvT25sMmNWRTVWamx6ZFc1U05reEpkRUpmWVROVlZsRRAB,5.0,曼谷皇家驳船博物馆保存着泰国皇家水上交通工具传统的辉煌。该遗址最初是泰国皇家海军和皇家内务局的干船坞，在二战轰炸中遭到严重破坏。修复工作始于1949年，并于1972年在泰国艺术厅的管理下正式向公众开放。如今，它已成为一座生动的皇家盛典、精湛工艺和神话象征意义的宝库。 博物馆内陈列着八艘最具代表性的礼仪驳船，每艘都由巨大的柚木原木雕刻而成，并饰以金箔和玻璃马赛克。这些船只宛如漂浮的雕塑，每艘都饰有神话人物，并承担着独特的礼仪功能。其中，建于1911年拉玛六世国王统治时期的“素攀那鸿号”（Suphannahong）是国王的私人驳船，也是世界上最大的独木舟，外形酷似一只金色的天鹅。为庆祝拉玛九世国王登基五十周年而建的“纳莱颂苏班号”（Narai Song Suban HM Rama IX）于1996年建造，船身绘有毗湿奴骑乘迦楼罗、手持那伽的形象。其他展品包括：绘有七头那伽的“阿南塔纳卡拉特号”（Anantanakkharat）；绘有多条象征团结的那伽的“阿内卡恰特普琼号”（Anekkachatpuchong）；以及绘有食人魔与鸟的混合形象的“阿修罗瓦尤帕克号”（Asura Vayuphak）。“甲米普拉布芒玛恩号”（Krabi Prab Muang Marn）展示了白猴战士哈努曼，而“埃卡猜赫恩豪号”（Ekachai Hern How）及其那伽首龙则常用于辅助表演。 除了展品本身，博物馆还收藏了一系列礼仪文物。参观者可以欣赏到船夫的制服、退役船只上的古代船首像雕塑、宝座、船桨以及皇家游行中使用的各种服饰。一个完整的皇家驳船游行模型则让参观者深入了解这些珍贵活动的编排和象征意义。历史文献和修复记录为博物馆在保护这一传统中所扮演的角色提供了更多背景信息。 皇家驳船至今仍用于各种仪式游行，最近一次是在2019年和2024年，以纪念重要的皇家里程碑。这些活动再次彰显了泰国海洋遗产的深远影响，以及这些船只在国家认同中所扮演的重要角色。绝对值得一游！,zh-CN,Thu Mar 12 2026 03:21:10 GMT-0700 (Pacific Daylight Time),The Traveling Pug,https://www.google.com/maps/reviews/data=!4m6!14m5!1m4!2m3!1sCi9DQUlRQUNvZENodHljRjlvT25sMmNWRTVWamx6ZFc1U05reEpkRUpmWVROVlZsRRAB!2m1!1s0x30e299757931ef29:0x1882a21242599aa8
ChIJ-V9rqgOZ4jARjvFHGX8Q3fk,Baan Kudichin Museum,Ci9DQUlRQUNvZENodHljRjlvT25KbE5UQmtTMHhCVkRGRFV6SXpMUzFqWm5WSFFtYxAB,4.0,在一个社区里面。很小的博物馆。周围很多打卡点，全部不要门票。,zh,Wed May 13 2026 03:05:31 GMT-0700 (Pacific Daylight Time),Jing Ruan,https://www.google.com/maps/reviews/data=!4m6!14m5!1m4!2m3!1sCi9DQUlRQUNvZENodHljRjlvT25KbE5UQmtTMHhCVkRGRFV6SXpMUzFqWm5WSFFtYxAB!2m1!1s0x30e29903aa6b5ff9:0xf9dd107f1947f18e
ChIJ-V9rqgOZ4jARjvFHGX8Q3fk,Baan Kudichin Museum,ChdDSUhNMG9nS0VJQ0FnSURMb3Z5UDBBRRAB,5.0,非常值得一来，很有趣的历史，楼下咖啡店还有个超美的花园，走的时候别忘记在小巷的甜品店买上这个葡萄牙的点心，味道很不错,zh,Wed Jun 26 2024 05:36:32 GMT-0700 (Pacific Daylight Time),Mia W,https://www.google.com/maps/reviews/data=!4m6!14m5!1m4!2m3!1sChdDSUhNMG9nS0VJQ0FnSURMb3Z5UDBBRRAB!2m1!1s0x30e29903aa6b5ff9:0xf9dd107f1947f18e
ChIJ-V9rqgOZ4jARjvFHGX8Q3fk,Baan Kudichin Museum,Ci9DQUlRQUNvZENodHljRjlvT2toelV6bGxSRlE1ZUY5VVdHVkxZVXB1ZUVOU1NVRRAB,5.0,库迪钦是湄南河畔一个历史悠久的古老街区，充满了浓郁的文化魅力和引人入胜的故事。这里汇聚了不同种族和宗教信仰的人们——泰国人、华人、葡萄牙人和孟族人——和谐共处，使其在曼谷独树一帜。 漫步于此，游客可以欣赏到古老的房屋、体验传统的生活方式、漫步于迷人的小巷，并参观一些具有重要历史意义的景点，例如圣克鲁斯教堂、卡拉亚纳密寺和关羽庙。他们还可以品尝“库迪钦西式糕点”，这是一种代代相传的传统食谱。 库迪钦是那些热爱历史、文化、摄影以及喜欢悠闲漫步的人们的理想目的地。因为街区的每个角落都蕴藏着故事，并散发着温馨难忘的氛围。 库迪钦是曼谷最具魅力的历史街区之一，坐落在湄南河畔。库迪钦社区以其丰富的文化遗产和泰式、中式、葡式和孟式文化的独特融合而闻名，是历史爱好者和当地传统爱好者的理想目的地。 漫步于此，游客可以探索狭窄的巷道、传统的民居以及众多重要地标，例如圣克鲁斯教堂、卡拉亚纳密寺和关羽庙。该地区还以其传统的葡式糕点“库迪钦酥饼”（Khanom Farang Kudee Chin）而闻名，这种当地美食已传承数代。 库迪钦完美融合了历史、建筑、文化和地道的社区生活。无论您是摄影爱好者、文化探索者，还是仅仅想在曼谷发现一些隐藏的宝藏，这个社区都能为您带来难忘而丰富的体验。,zh-CN,Sun Aug 02 2026 18:17:22 GMT-0700 (Pacific Daylight Time),Thanakrit Sukkul,https://www.google.com/maps/reviews/data=!4m6!14m5!1m4!2m3!1sCi9DQUlRQUNvZENodHljRjlvT2toelV6bGxSRlE1ZUY5VVdHVkxZVXB1ZUVOU1NVRRAB!2m1!1s0x30e29903aa6b5ff9:0xf9dd107f1947f18e
ChIJ-V9rqgOZ4jARjvFHGX8Q3fk,Baan Kudichin Museum,Ci9DQUlRQUNvZENodHljRjlvT21aSmRrMXdRa2xzTkRaaFRrTkNlV0ZYUTI5VGQzYxAB,5.0,在曼谷，仿佛时间静止的一隅，库迪钦博物馆（Baan Kudichin Museum）是一处隐秘的瑰宝。它并非传统意义上冷冰冰的大型博物馆，而是一座温馨宜人的私人宅邸博物馆，坐落于历史悠久的库迪钦区中心地带，湄南河西岸。 葡萄牙与泰国的交融 博物馆（免费入场，但欢迎小额捐款以支持项目运营）讲述了200多年前定居于此的葡萄牙裔泰国天主教社群的故事。阿瑜陀耶王朝覆灭后，达信国王将这片土地赐予葡萄牙殖民者。这里融合了基督教圣像与传统东方装饰，展现了独特的文化交融，令人着迷。置身其中，仿佛穿越时光隧道，回到过去。博物馆位于一座美丽的淡蓝色木屋中，四周环绕着精心维护的花园。一楼设有舒适的咖啡馆，绿树成荫，环境清凉，是享用冰咖啡、放松身心的理想场所。楼上是真正的展览区，陈列着家族传家宝、老照片、地图和宗教物品，讲述着当地社区的日常生活和传统。库迪钦社区以其特色甜点“卡侬法朗”（Khanom Farang）而闻名，这种甜点完美地象征着文化的交融：外酥里嫩的海绵蛋糕。它的配方源自葡萄牙糕点，但根据当地食材进行了改良。 在博物馆和周围的小巷里，您可以亲眼目睹这种甜点是如何在传统烤炉中烘焙的。 与熙熙攘攘的大型寺庙不同，这里步行街的静谧令人心旷神怡。漫步在色彩缤纷的房屋之间，参观（如果开放的话）附近的圣克鲁斯教堂，仿佛发现了一个鲜为人知的秘密，这是一种原汁原味的体验。如果您想了解曼谷摩天大楼之外的另一面，感受充满家族历史、香气四溢的糕点和昔日宁静的时光，这里便是您的理想之选。,zh-CN,Sat Apr 11 2026 03:24:24 GMT-0700 (Pacific Daylight Time),Al,https://www.google.com/maps/reviews/data=!4m6!14m5!1m4!2m3!1sCi9DQUlRQUNvZENodHljRjlvT21aSmRrMXdRa2xzTkRaaFRrTkNlV0ZYUTI5VGQzYxAB!2m1!1s0x30e29903aa6b5ff9:0xf9dd107f1947f18e
ChIJ-V9rqgOZ4jARjvFHGX8Q3fk,Baan Kudichin Museum,Ci9DQUlRQUNvZENodHljRjlvT21OelpVaDFMVE4zWm1jNWJWQXpiRjlvU1VsYVRVRRAB,5.0,这里非常值得一游，为了表示礼貌并支持博物馆，请记得每人至少点一杯饮品。 库迪钦故居博物馆历史 库迪钦故居博物馆位于湄南河畔的库迪钦社区。它是一个展示曼谷泰葡社区历史和生活方式的学习中心。 库迪钦社区起源于郑信大帝统治时期，当时他将土地赐予曾协助他进行军事行动的葡萄牙人，允许他们在此定居。 博物馆本身是一座经过保护和翻新的老房子，现已改建为展览空间。馆内设有关于库迪钦社区历史、宗教、文化、美食以及当地居民生活方式的展览。 如今，库迪钦故居博物馆已成为重要的文化旅游景点，适合对当地历史和曼谷文化多样性感兴趣的游客。,zh-CN,Sat Apr 04 2026 17:33:47 GMT-0700 (Pacific Daylight Time),TanTan thailand RUTNITHIRUEANG,https://www.google.com/maps/reviews/data=!4m6!14m5!1m4!2m3!1sCi9DQUlRQUNvZENodHljRjlvT21OelpVaDFMVE4zWm1jNWJWQXpiRjlvU1VsYVRVRRAB!2m1!1s0x30e29903aa6b5ff9:0xf9dd107f1947f18e
ChIJZTT0LnWZ4jAR_yN5TakeAkQ,Siriraj Bimuksthan Museum,ChdDSUhNMG9nS0VJQ0FnSUNSdGNDXzVRRRAB,5.0,两个博物馆一起买，用驾照和学生证买，成人100泰铢，儿童30泰铢。室内有出土的船和泰国🇹🇭的特产，以及中国瓷器、纸等。 进来的时候先观看影片介绍，说明了医院的来历、泰国🇹🇭如何外交而不受到他国的侵略！,zh,Fri Apr 07 2023 01:42:30 GMT-0700 (Pacific Daylight Time),lan,https://www.google.com/maps/reviews/data=!4m6!14m5!1m4!2m3!1sChdDSUhNMG9nS0VJQ0FnSUNSdGNDXzVRRRAB!2m1!1s0x30e299752ef43465:0x44021ea94d7923ff
ChIJZTT0LnWZ4jAR_yN5TakeAkQ,Siriraj Bimuksthan Museum,Ci9DQUlRQUNvZENodHljRjlvT21WaVRHZG5UMkoxYm5SRFYwMWtRVXAwZURFM1IzYxAB,5.0,整个博物馆的展品虽然不多但是都很精美。工作人员都很热心，下雨天十分照顾游客。我们在结束展览后决定坐船离开，但是由于GoogleMap上的时间不准确导致我们并没有按时乘坐橙色船。在我们决定离开码头步行到地铁站的时候遇到了在博物馆门口工作的保安，他十分热情地帮我们查找游船的班次，并一直引导我们坐船。十分感恩❤️❤️❤️,zh,Sat Jul 19 2025 09:49:22 GMT-0700 (Pacific Daylight Time),Lubing Han,https://www.google.com/maps/reviews/data=!4m6!14m5!1m4!2m3!1sCi9DQUlRQUNvZENodHljRjlvT21WaVRHZG5UMkoxYm5SRFYwMWtRVXAwZURFM1IzYxAB!2m1!1s0x30e299752ef43465:0x44021ea94d7923ff
ChIJZTT0LnWZ4jAR_yN5TakeAkQ,Siriraj Bimuksthan Museum,Ci9DQUlRQUNvZENodHljRjlvT25aS2VHRjNUbGg0T0hoS1JUbHNSMHQ2TFdodVIwRRAB,5.0,医院的博物馆，人不太多,zh,Tue Aug 12 2025 08:15:49 GMT-0700 (Pacific Daylight Time),yu chen,https://www.google.com/maps/reviews/data=!4m6!14m5!1m4!2m3!1sCi9DQUlRQUNvZENodHljRjlvT25aS2VHRjNUbGg0T0hoS1JUbHNSMHQ2TFdodVIwRRAB!2m1!1s0x30e299752ef43465:0x44021ea94d7923ff
ChIJZTT0LnWZ4jAR_yN5TakeAkQ,Siriraj Bimuksthan Museum,Ci9DQUlRQUNvZENodHljRjlvT2tNdGNUQXRTVGRoUkRoeWFWSkhVbk5HTUdJME1VRRAB,4.0,诗丽叻·比穆克斯坦博物馆是诗丽叻医院医学院的下属博物馆。其前身是吞武里火车站（或称曼谷诺伊火车站），曾是南部铁路的首个终点站。博物馆通过珍贵稀有的文物，融合历史与科技元素，展现了该地区的历史。展品包括： - 诗丽叻·帕帕斯 - 诗丽叻·卡蒂亚皮曼 - 萨坦·比穆克·蒙科克赫特 - 博兰·拉贾萨斯特拉 - 科姆纳孔·班汉 - 诗丽叻·布拉纳帕瓦特 - 暹罗·维查萨特 - 尼瓦斯·西里纳韦斯,zh-CN,Thu Jul 16 2026 17:06:36 GMT-0700 (Pacific Daylight Time),Coke Somchai,https://www.google.com/maps/reviews/data=!4m6!14m5!1m4!2m3!1sCi9DQUlRQUNvZENodHljRjlvT2tNdGNUQXRTVGRoUkRoeWFWSkhVbk5HTUdJME1VRRAB!2m1!1s0x30e299752ef43465:0x44021ea94d7923ff
ChIJZTT0LnWZ4jAR_yN5TakeAkQ,Siriraj Bimuksthan Museum,Ci9DQUlRQUNvZENodHljRjlvT200NGFXNVFMV2hKWDJSNWEyRldiMU4wVDJoSVZuYxAB,5.0,该建筑位于（原）吞武里火车站旧址，曾是日军运送部队和物资的路线，直到被盟军飞机轰炸，车站大楼遭到严重破坏。,zh-CN,Tue Jun 16 2026 05:56:41 GMT-0700 (Pacific Daylight Time),S M,https://www.google.com/maps/reviews/data=!4m6!14m5!1m4!2m3!1sCi9DQUlRQUNvZENodHljRjlvT200NGFXNVFMV2hKWDJSNWEyRldiMU4wVDJoSVZuYxAB!2m1!1s0x30e299752ef43465:0x44021ea94d7923ff
ChIJP9bfTdOe4jARMrloPFFfmgg,朱拉隆功大学自然历史博物馆,Ci9DQUlRQUNvZENodHljRjlvT2taNlZ6bG5MV3cyVUhVelpsQXhSVmhETmxsUWJVRRAB,5.0,不用预约没有看守，直接进，东西挺丰富，但是看得出馆里挺穷的，很多东西没办法没地方展出就随便塞了。,zh,Sun Aug 02 2026 06:20:27 GMT-0700 (Pacific Daylight Time),Yi Geng,https://www.google.com/maps/reviews/data=!4m6!14m5!1m4!2m3!1sCi9DQUlRQUNvZENodHljRjlvT2taNlZ6bG5MV3cyVUhVelpsQXhSVmhETmxsUWJVRRAB!2m1!1s0x30e29ed34ddfd63f:0x89a5f513c68b932
ChIJP9bfTdOe4jARMrloPFFfmgg,朱拉隆功大学自然历史博物馆,Ci9DQUlRQUNvZENodHljRjlvT2tkUFRESm1aa3RFTVMxYVluYzJURzF6YTNJMmIxRRAB,5.0,标本做的很好，喜欢的来看看，不习惯标本的别来,zh,Fri May 15 2026 01:02:30 GMT-0700 (Pacific Daylight Time),韩启坤,https://www.google.com/maps/reviews/data=!4m6!14m5!1m4!2m3!1sCi9DQUlRQUNvZENodHljRjlvT2tkUFRESm1aa3RFTVMxYVluYzJURzF6YTNJMmIxRRAB!2m1!1s0x30e29ed34ddfd63f:0x89a5f513c68b932
ChIJP9bfTdOe4jARMrloPFFfmgg,朱拉隆功大学自然历史博物馆,ChdDSUhNMG9nS0VJQ0FnTUNJcXZlNzJnRRAB,5.0,带孩子去增长知识的最佳途径，很多生物都可以在这里看到。房间没有冷气，但是你不需要这些，展览就会吸引你的注意力,zh,Mon Mar 31 2025 21:39:35 GMT-0700 (Pacific Daylight Time),Guaerjia,https://www.google.com/maps/reviews/data=!4m6!14m5!1m4!2m3!1sChdDSUhNMG9nS0VJQ0FnTUNJcXZlNzJnRRAB!2m1!1s0x30e29ed34ddfd63f:0x89a5f513c68b932
ChIJP9bfTdOe4jARMrloPFFfmgg,朱拉隆功大学自然历史博物馆,ChdDSUhNMG9nS0VJQ0FnSUR1aHI2TWh3RRAB,4.0,一共去了四个不同的展馆，第一个内容相当丰富，就是稍微缺少一些介绍以及分类，摆放也有些随意。第二个昆虫蝴蝶展馆，有些标本挺惊人的。第三个海龟展馆，小而丰富。最后一个蜗牛展馆，大部分是模型或者同一个品种，比较敷衍。每个展馆都有怪怪的气味，可能是福尔马林。,zh,Fri Aug 19 2022 02:40:15 GMT-0700 (Pacific Daylight Time),Jaser Liu,https://www.google.com/maps/reviews/data=!4m6!14m5!1m4!2m3!1sChdDSUhNMG9nS0VJQ0FnSUR1aHI2TWh3RRAB!2m1!1s0x30e29ed34ddfd63f:0x89a5f513c68b932
ChIJP9bfTdOe4jARMrloPFFfmgg,朱拉隆功大学自然历史博物馆,Ci9DQUlRQUNvZENodHljRjlvT201Q1gxQkRlbmRRTW5wWmJFaEVlWGRhUzI5TmVVRRAB,5.0,免费的博物馆，藏品丰富，大约40分钟能逛完,zh,Wed Aug 13 2025 08:30:46 GMT-0700 (Pacific Daylight Time),chris wang,https://www.google.com/maps/reviews/data=!4m6!14m5!1m4!2m3!1sCi9DQUlRQUNvZENodHljRjlvT201Q1gxQkRlbmRRTW5wWmJFaEVlWGRhUzI5TmVVRRAB!2m1!1s0x30e29ed34ddfd63f:0x89a5f513c68b932
ChIJxaWxmWyZ4jARfSL0xbybyzw,Bang Lamphu Museum,ChdDSUhNMG9nS0VJQ0FnSUNJNjViN3ZnRRAB,2.0,陈列了一些皇室照片和历史,zh,Fri Dec 07 2018 20:49:17 GMT-0800 (Pacific Standard Time),孙俊敏,https://www.google.com/maps/reviews/data=!4m6!14m5!1m4!2m3!1sChdDSUhNMG9nS0VJQ0FnSUNJNjViN3ZnRRAB!2m1!1s0x30e2996c99b1a5c5:0x3ccb9bbcc5f4227d
ChIJxaWxmWyZ4jARfSL0xbybyzw,Bang Lamphu Museum,ChZDSUhNMG9nS0VJQ0FnSURpMFlhdEVnEAE,4.0,Rama 9皇后Pipit的博物館,zh,Sat Dec 05 2020 22:20:34 GMT-0800 (Pacific Standard Time),Tim Wei,https://www.google.com/maps/reviews/data=!4m6!14m5!1m4!2m3!1sChZDSUhNMG9nS0VJQ0FnSURpMFlhdEVnEAE!2m1!1s0x30e2996c99b1a5c5:0x3ccb9bbcc5f4227d
ChIJxaWxmWyZ4jARfSL0xbybyzw,Bang Lamphu Museum,ChdDSUhNMG9nS0VJQ0FnSUNNNFotNDBnRRAB,4.0,没收入门票,zh,Sat Nov 23 2019 01:53:57 GMT-0800 (Pacific Standard Time),T H Tee,https://www.google.com/maps/reviews/data=!4m6!14m5!1m4!2m3!1sChdDSUhNMG9nS0VJQ0FnSUNNNFotNDBnRRAB!2m1!1s0x30e2996c99b1a5c5:0x3ccb9bbcc5f4227d
ChIJxaWxmWyZ4jARfSL0xbybyzw,Bang Lamphu Museum,Ci9DQUlRQUNvZENodHljRjlvT2xoeE1WWTNWSEpoVlUxUlRUaEVOWHB3YVROMGFWRRAB,5.0,它就在我家附近，我几乎每天开车路过，但从来没停下来过，所以这次决定进去看看。那里的工作人员知识渊博，带领我们参观了不同的区域。他们很有礼貌，知识渊博，回答了我所有的问题。我印象非常深刻。（成人票价30泰铢，参观大约需要1小时。那里有摩托车停车位，但我不太确定汽车停车位的情况。）,zh-CN,Sun Jul 12 2026 04:04:12 GMT-0700 (Pacific Daylight Time),พรพิพัฒน์เอง,https://www.google.com/maps/reviews/data=!4m6!14m5!1m4!2m3!1sCi9DQUlRQUNvZENodHljRjlvT2xoeE1WWTNWSEpoVlUxUlRUaEVOWHB3YVROMGFWRRAB!2m1!1s0x30e2996c99b1a5c5:0x3ccb9bbcc5f4227d
ChIJxaWxmWyZ4jARfSL0xbybyzw,Bang Lamphu Museum,Ci9DQUlRQUNvZENodHljRjlvT2xKbGFrbHZlVTVFVDB4b1JIRmlRM2hCTUVkbWVFRRAB,5.0,目前，博物馆部分区域正在翻修，馆内停车位不足。我们一家人把车停在了附近的曼谷市政府停车场，停车费很便宜。步行大约400米，但我们看到的绝对值回票价。博物馆非常干净整洁，井然有序。有学生导游在现场讲解，周日参观的游客也不少。这让我们有机会了解该地区的历史和发展。如果您觉得讲解不错，可以给学生导游一些小费；他们看起来都非常敬业。,zh-CN,Wed May 20 2026 03:37:40 GMT-0700 (Pacific Daylight Time),Audy Adhinan,https://www.google.com/maps/reviews/data=!4m6!14m5!1m4!2m3!1sCi9DQUlRQUNvZENodHljRjlvT2xKbGFrbHZlVTVFVDB4b1JIRmlRM2hCTUVkbWVFRRAB!2m1!1s0x30e2996c99b1a5c5:0x3ccb9bbcc5f4227d
ChIJQWfSr7qZ4jARbHQ6tMCpZks,Talad Noi Museum,Ci9DQUlRQUNvZENodHljRjlvT25FMFVXRmZTR1ZOUjAxWVVtaHRNM0paYURaWGQyYxAB,4.0,小而精致，有中文影片介绍街区历史,zh,Sat Dec 13 2025 08:05:28 GMT-0800 (Pacific Standard Time),达万,https://www.google.com/maps/reviews/data=!4m6!14m5!1m4!2m3!1sCi9DQUlRQUNvZENodHljRjlvT25FMFVXRmZTR1ZOUjAxWVVtaHRNM0paYURaWGQyYxAB!2m1!1s0x30e299baafd26741:0x4b66a9c0b43a746c
ChIJQWfSr7qZ4jARbHQ6tMCpZks,Talad Noi Museum,Ci9DQUlRQUNvZENodHljRjlvT2s4MU4wNUdkMnQxVkRSNlluQjNUbEJOWldOZk5uYxAB,5.0,这里氛围极佳，河景也十分优美。对岸还能看到一座中国寺庙。博物馆免费入场。馆内有空调，凉爽舒适，展出了塔拉特诺伊的历史，并播放了相关的视频。工作人员热情友好，讲解也十分到位。他们还会提供带有路标的地图，方便游客参观。强烈推荐！,zh-CN,Thu Aug 06 2026 02:49:32 GMT-0700 (Pacific Daylight Time),Creamy cat,https://www.google.com/maps/reviews/data=!4m6!14m5!1m4!2m3!1sCi9DQUlRQUNvZENodHljRjlvT2s4MU4wNUdkMnQxVkRSNlluQjNUbEJOWldOZk5uYxAB!2m1!1s0x30e299baafd26741:0x4b66a9c0b43a746c
ChIJQWfSr7qZ4jARbHQ6tMCpZks,Talad Noi Museum,Ci9DQUlRQUNvZENodHljRjlvT25aUmVFYzRiM2wwZWtRMVgxQlJkbVpuUlVJd2FtYxAB,5.0,塔拉诺伊博物馆（Talad Noi Museum）是一座位于曼谷老城区塔拉诺伊（Talad Noi）河畔的小型博物馆。它隐匿于社区之中，需要沿着一条小巷步行一小段路程才能到达，这反而增添了它的魅力，让人感觉仿佛发现了一处特别的所在。 博物馆内，展品展现了长期居住在塔拉诺伊的泰籍华人的生活、信仰和文化。展品呈现方式简洁而富有魅力，让参观者能够了解过去以及社区与河流的深厚渊源。 尽管规模不大，但博物馆氛围温馨宜人，是那些喜欢了解当地历史或想要体验曼谷一处仍保留着传统韵味的静谧角落的游客的理想之选。 -------------------------- 塔拉诺伊博物馆（Pipit Talad Noi）是一座位于曼谷历史悠久的塔拉诺伊街区的河畔小型博物馆。它隐匿于社区之中，需要穿过狭窄的小巷才能到达，这为参观增添了一份独特的魅力和探索的乐趣。 博物馆内部精心呈现了世代居住在此地的泰国华裔的信仰、生活方式和文化遗产。展品简洁却引人入胜，让参观者清晰地了解了过去的生活方式以及社区与河流之间深厚的联系。 博物馆虽规模不大，却营造出温馨舒适的氛围。对于那些喜爱当地故事、渴望体验曼谷宁静而又保留着传统风貌的一面的人来说，这里是理想之选。,zh-CN,Thu Mar 19 2026 08:49:24 GMT-0700 (Pacific Daylight Time),NNP_NUT,https://www.google.com/maps/reviews/data=!4m6!14m5!1m4!2m3!1sCi9DQUlRQUNvZENodHljRjlvT25aUmVFYzRiM2wwZWtRMVgxQlJkbVpuUlVJd2FtYxAB!2m1!1s0x30e299baafd26741:0x4b66a9c0b43a746c
ChIJQWfSr7qZ4jARbHQ6tMCpZks,Talad Noi Museum,Ci9DQUlRQUNvZENodHljRjlvT25WTFFscHRPVTFZTlhNMWFIbFpjemN5V2xWZlgxRRAB,5.0,河边有一座小型博物馆，讲述了塔拉诺伊社区的历史。博物馆免费入场，展出了许多关于泰中文化和遗产的精彩作品。 此外，还有一个小花园，您可以在那里坐下来放松身心，稍作休息。这是一个安静而有意义的地方，让您在探索社区的同时，也能更多地了解当地文化。,zh-CN,Sat Mar 28 2026 02:53:37 GMT-0700 (Pacific Daylight Time),Cao Cao Akatsuki,https://www.google.com/maps/reviews/data=!4m6!14m5!1m4!2m3!1sCi9DQUlRQUNvZENodHljRjlvT25WTFFscHRPVTFZTlhNMWFIbFpjemN5V2xWZlgxRRAB!2m1!1s0x30e299baafd26741:0x4b66a9c0b43a746c
ChIJQWfSr7qZ4jARbHQ6tMCpZks,Talad Noi Museum,Ci9DQUlRQUNvZENodHljRjlvT2pneGJWTTNORGRwT1V4TFNqRXRVRzVKVkZCRmRGRRAB,4.0,塔拉诺伊博物馆（พิพิธภัณฑ์ตลาดน้อย）是一座文化博物馆，位于三攀他旺区塔拉诺伊附近的帕努朗西码头。它坐落在曼谷最古老的华人社区之一的湄南河畔一个美丽的小公园般的位置，历史上被称为“ตั๊กลักเกี้ย”。 它是根据财政部将未使用的国有财产转变为公共文化空间的计划而创建的，该建筑本身最初是国有土地上的一个旧车床车间（โรงกลึงเก่า）。该建筑由财政部、建筑师、学者和当地居民共同合作重新设计，既保留了原有工坊的元素，又新建了一座三层高的玻璃钢结构建筑。这座建筑不仅能映衬周围的树木，还巧妙地利用了旧建筑的回收木材，并提供了开放的公共区域供社区使用。整体设计浑然一体，相得益彰。这种建筑理念为该博物馆赢得了2019年暹罗建筑师协会颁发的“值得推广的新建筑”奖，表彰其“与历史悠久的城市肌理的巧妙融合”。该项目始于2015年左右，博物馆于2024年3月6日正式开放，成为财政部在国有土地上建立的第六座博物馆。 博物馆内部共有三层，展览面积约250平方米。一层是一个多功能公共区域，用于接待、访客登记、举办轮换展览、开展社区活动以及销售纪念币和纪念品。二楼设有主展览“Talad Noi：早期拉达那哥欣的中国工匠社区，一个多元文化的地方”。本书介绍了塔拉诺伊 (Talad Noi) 作为拉达那哥欣 (Rattanakosin) 早期中国手工艺和贸易社区的历史。该展览利用实物、档案照片和多媒体来探索建筑、信仰、仪式、当地智慧和日常生活，追溯社区从“บ้านโรงกระทะ”到“บ้านช่างหลอมจีน”再到当今的演变“ตะลักเกี้ยะ。”三楼设有展览“ย่านเชียงกง อัตลักษณ์ชุมชนตลาดน้อย”，重点展示Talad Noi作为曼谷相公区的身份，以发动机拆解和金属加工而闻名。该楼层包括泰语和英语的视频演示，每三十分钟循环播放十分钟，简要叙述了社区的工业遗产和文化特征。 博物馆内重点展示了几件重要的文化藏品，包括一块描绘周世公（ป้ายไม้รูปโจวซือกง）的木牌，他是塔拉诺伊（Talad Noi）周世公庙的主神；以及一卷写有吉祥咒语的“ปออุ่ง”，用于在庙中祈祷并祈求好运。一位讲解员提到，这些藏品强调了“博物馆与周边社区宗教生活的深厚联系”。此外，博物馆还精心策划了其他展览和线上展览，重点展示了中国传统甜点、祭祀用品以及其他当地文化元素。 博物馆周二至周五开放，周一闭馆。塔拉诺伊博物馆是了解周边社区及其历史的绝佳起点，它将为您揭示这片河畔华人聚居区如何发展成为曼谷重要的经济和文化中心！这座博物馆能帮助您更好地了解塔拉德诺伊的神社、小巷、作坊和河畔街道！,zh-CN,Mon Mar 30 2026 18:43:14 GMT-0700 (Pacific Daylight Time),The Traveling Pug,https://www.google.com/maps/reviews/data=!4m6!14m5!1m4!2m3!1sCi9DQUlRQUNvZENodHljRjlvT2pneGJWTTNORGRwT1V4TFNqRXRVRzVKVkZCRmRGRRAB!2m1!1s0x30e299baafd26741:0x4b66a9c0b43a746c
ChIJPYs-Ez-Z4jARD0moEmgPlmA,The Temple of The Emerald Buddha Museum (Wat Phra Keo Museum),Ci9DQUlRQUNvZENodHljRjlvT25STE1uUnFTWHBKVTNOSFlVaDBSazlSWmtGd1QwRRAB,5.0,这座寺庙非常漂亮，有很多塔楼，到处都是拍照的好地方。我尤其被它的装饰细节所震撼，它们精致而富有艺术气息。门票是500泰铢，包含参观皇宫。开放时间到下午4:30。进入寺庙必须穿着有袖衬衫和过膝长裤。,zh-CN,Tue Oct 07 2025 00:01:14 GMT-0700 (Pacific Daylight Time),Thy Thy Trần,https://www.google.com/maps/reviews/data=!4m6!14m5!1m4!2m3!1sCi9DQUlRQUNvZENodHljRjlvT25STE1uUnFTWHBKVTNOSFlVaDBSazlSWmtGd1QwRRAB!2m1!1s0x30e2993f133e8b3d:0x60960f6812a8490f
ChIJPYs-Ez-Z4jARD0moEmgPlmA,The Temple of The Emerald Buddha Museum (Wat Phra Keo Museum),Ci9DQUlRQUNvZENodHljRjlvT2xGSFdUbFpVbVZOTkRRdGF6UllXVzV0VW5GNmNFRRAB,5.0,这里风景优美，寺庙本身非常宁静祥和。您可以选择在外面脱鞋，然后进去参观。您可以坐下来稍作休息，欣赏佛像和其他景致。,zh-CN,Mon Jul 13 2026 07:02:22 GMT-0700 (Pacific Daylight Time),Ash,https://www.google.com/maps/reviews/data=!4m6!14m5!1m4!2m3!1sCi9DQUlRQUNvZENodHljRjlvT2xGSFdUbFpVbVZOTkRRdGF6UllXVzV0VW5GNmNFRRAB!2m1!1s0x30e2993f133e8b3d:0x60960f6812a8490f
ChIJPYs-Ez-Z4jARD0moEmgPlmA,The Temple of The Emerald Buddha Museum (Wat Phra Keo Museum),Ci9DQUlRQUNvZENodHljRjlvT201eGNGQXpaRXhsV1doSE1DMXdXbEI0YXpsSU1XYxAB,5.0,玉佛寺（Wat Phra Kaew）是泰国最神圣的寺庙，坐落于皇宫内，以其宏伟的金碧辉煌的建筑而闻名。门票500泰铢（约合40万越南盾），价格不菲，但绝对物有所值。宽敞的寺庙内部装饰精美绝伦，每一处细节都体现着泰国皇室的繁荣与权力。寺内，小巧却无比神圣的玉佛像令人心生宁静。我跪在佛像前，为自己和家人祈求平安幸福。尽管游客众多，寺庙依然保持着庄严肃穆的氛围，使其成为曼谷之行的必游之地。,zh-CN,Fri Aug 29 2025 04:35:17 GMT-0700 (Pacific Daylight Time),Tuấn Anh,https://www.google.com/maps/reviews/data=!4m6!14m5!1m4!2m3!1sCi9DQUlRQUNvZENodHljRjlvT201eGNGQXpaRXhsV1doSE1DMXdXbEI0YXpsSU1XYxAB!2m1!1s0x30e2993f133e8b3d:0x60960f6812a8490f
ChIJPYs-Ez-Z4jARD0moEmgPlmA,The Temple of The Emerald Buddha Museum (Wat Phra Keo Museum),Ci9DQUlRQUNvZENodHljRjlvT2xsR1gwNXpOazFPUVc5VFRsUkpTMnR3VlZaVE1HYxAB,5.0,没去过曼谷大皇宫的人真是错过了一大乐事。 门票500泰铢。,zh-CN,Sun Apr 12 2026 10:22:05 GMT-0700 (Pacific Daylight Time),Dietmar Moestchen,https://www.google.com/maps/reviews/data=!4m6!14m5!1m4!2m3!1sCi9DQUlRQUNvZENodHljRjlvT2xsR1gwNXpOazFPUVc5VFRsUkpTMnR3VlZaVE1HYxAB!2m1!1s0x30e2993f133e8b3d:0x60960f6812a8490f
ChIJPYs-Ez-Z4jARD0moEmgPlmA,The Temple of The Emerald Buddha Museum (Wat Phra Keo Museum),ChdDSUhNMG9nS0VJQ0FnSURsdzRPSTdBRRAB,5.0,这座寺庙群/大皇宫是您游览曼谷的必游之地！外国人门票为500泰铢，您可以在入口处购票。您将看到玉佛（他们会根据季节更换佛像的“衣袍”！）、大皇宫、王后织物博物馆、王座厅以及宫殿内其他一些精美的建筑！ 您可以自行参观（当然，您也可以聘请导游来讲解，因为景点很多！），我们花了大约1-2个小时，这还是因为我们走得比较快。您肯定会想拍很多照片，好好探索一番，不过进入寺庙时必须脱鞋。另外，请遵守他们的着装要求（穿着得体，不要穿背心）。 中午时分可能会比​​较热，建议您尽量早点去，但如果您来不及也不用担心……到处都有阴凉处。只需准备好帽子和水即可！ 整体而言，这是一处非常美丽、令人印象深刻的房产，拥有精美的建筑和丰富的历史！,zh-CN,Sun Dec 03 2023 06:01:51 GMT-0800 (Pacific Standard Time),Nitzan A,https://www.google.com/maps/reviews/data=!4m6!14m5!1m4!2m3!1sChdDSUhNMG9nS0VJQ0FnSURsdzRPSTdBRRAB!2m1!1s0x30e2993f133e8b3d:0x60960f6812a8490f
ChIJQWNLSw2Z4jARukmqw8Kywss,Coin Museum,Ci9DQUlRQUNvZENodHljRjlvT2tGWVFUSnBRMHRYYVcxM1JISkZaWFpsUlVOVGIwRRAB,5.0,很有意思的博物院，工作人员会按时间带领客人参观，每场一个小时。,zh,Mon Mar 16 2026 16:37:35 GMT-0700 (Pacific Daylight Time),Allan Tse,https://www.google.com/maps/reviews/data=!4m6!14m5!1m4!2m3!1sCi9DQUlRQUNvZENodHljRjlvT2tGWVFUSnBRMHRYYVcxM1JISkZaWFpsUlVOVGIwRRAB!2m1!1s0x30e2990d4b4b6341:0xcbc2b2c2c3aa49ba
ChIJQWNLSw2Z4jARukmqw8Kywss,Coin Museum,ChZDSUhNMG9nS0VJQ0FnSUNkOHNmd1dBEAE,5.0,建议要来参观，可以了解泰國钱币的历史，及和中国，东南亚等国家貿易钱币的故事，有一位姑娘会中文，她為我做了讲解，非常感谢她。,zh,Wed Feb 14 2024 01:02:12 GMT-0800 (Pacific Standard Time),lana luk,https://www.google.com/maps/reviews/data=!4m6!14m5!1m4!2m3!1sChZDSUhNMG9nS0VJQ0FnSUNkOHNmd1dBEAE!2m1!1s0x30e2990d4b4b6341:0xcbc2b2c2c3aa49ba
ChIJQWNLSw2Z4jARukmqw8Kywss,Coin Museum,ChZDSUhNMG9nS0VJQ0FnSURRcFBITUhREAE,3.0,没进去，外面看了下。怕听不懂。,zh,Mon Apr 30 2018 23:08:01 GMT-0700 (Pacific Daylight Time),Hongyu Liang,https://www.google.com/maps/reviews/data=!4m6!14m5!1m4!2m3!1sChZDSUhNMG9nS0VJQ0FnSURRcFBITUhREAE!2m1!1s0x30e2990d4b4b6341:0xcbc2b2c2c3aa49ba
ChIJQWNLSw2Z4jARukmqw8Kywss,Coin Museum,Ci9DQUlRQUNvZENodHljRjlvT2xWZk9VbFdMVnBRVldwM0xUVmlhMW93ZVU1MGFuYxAB,4.0,这是一个很棒的地方，它不仅讲解了泰国货币的发展历史，还介绍了整个亚洲的货币发展史。 参观过程很有趣，导游也尽力提供了详尽的信息。 我真诚地希望你们也能开设英语导览，特别是对于那些不会说泰语的游客。,zh-CN,Sun May 24 2026 08:54:41 GMT-0700 (Pacific Daylight Time),Kedar Joshi,https://www.google.com/maps/reviews/data=!4m6!14m5!1m4!2m3!1sCi9DQUlRQUNvZENodHljRjlvT2xWZk9VbFdMVnBRVldwM0xUVmlhMW93ZVU1MGFuYxAB!2m1!1s0x30e2990d4b4b6341:0xcbc2b2c2c3aa49ba
ChIJQWNLSw2Z4jARukmqw8Kywss,Coin Museum,Ci9DQUlRQUNvZENodHljRjlvT2xneVZFWnBUMjV5YUVOeFIyMDBlaTFRV2xNdGVsRRAB,5.0,这家博物馆真是太棒了！门票非常实惠，只要50泰铢。馆内干净整洁，空调凉爽舒适，工作人员热情友好，而且展品丰富有趣，信息量大。我以前从没想过钱币博物馆能这么好。强烈推荐大家去参观，真的非常棒！,zh-CN,Sat Mar 07 2026 01:10:09 GMT-0800 (Pacific Standard Time),apirak sengsoon,https://www.google.com/maps/reviews/data=!4m6!14m5!1m4!2m3!1sCi9DQUlRQUNvZENodHljRjlvT2xneVZFWnBUMjV5YUVOeFIyMDBlaTFRV2xNdGVsRRAB!2m1!1s0x30e2990d4b4b6341:0xcbc2b2c2c3aa49ba
ChIJAcuELQ2Z4jAR3q0DmU_NKkQ,曼谷国家美术馆,ChdDSUhNMG9nS0VJQ0FnSUMxMU4yMTFnRRAB,5.0,我们今天把来自中国美术馆的艺术品运到了泰国国家美术馆，希望大家能来这个小而美的美术馆观看展览。哈哈哈。举杯邀明月，对影成三人,zh,Sat Dec 23 2023 08:23:13 GMT-0800 (Pacific Standard Time),Zhengzi Chen,https://www.google.com/maps/reviews/data=!4m6!14m5!1m4!2m3!1sChdDSUhNMG9nS0VJQ0FnSUMxMU4yMTFnRRAB!2m1!1s0x30e2990d2d84cb01:0x442acd4f9903adde
ChIJAcuELQ2Z4jAR3q0DmU_NKkQ,曼谷国家美术馆,ChdDSUhNMG9nS0VJQ0FnSUNkOG9fQTN3RRAB,3.0,门票200铢，可能我艺术细胞少，覚得此博物館不值得一逛。唯一亮点我覚得殘疾人设施做得很好。旁边的值得去的地方很多。,zh,Wed Feb 14 2024 01:06:17 GMT-0800 (Pacific Standard Time),lana luk,https://www.google.com/maps/reviews/data=!4m6!14m5!1m4!2m3!1sChdDSUhNMG9nS0VJQ0FnSUNkOG9fQTN3RRAB!2m1!1s0x30e2990d2d84cb01:0x442acd4f9903adde
ChIJAcuELQ2Z4jAR3q0DmU_NKkQ,曼谷国家美术馆,ChdDSUhNMG9nS0VJQ0FnSURKcE9tVDlBRRAB,2.0,到了之后蛮失望的，场馆非常小，东西也不多，半个小时一个小时就能逛完，所以大家合理安排时间，可以跟旁边的国家博物馆一起看,zh,Tue Jul 11 2023 00:52:47 GMT-0700 (Pacific Daylight Time),默一,https://www.google.com/maps/reviews/data=!4m6!14m5!1m4!2m3!1sChdDSUhNMG9nS0VJQ0FnSURKcE9tVDlBRRAB!2m1!1s0x30e2990d2d84cb01:0x442acd4f9903adde
ChIJAcuELQ2Z4jAR3q0DmU_NKkQ,曼谷国家美术馆,ChZDSUhNMG9nS0VJQ0FnSUN0dDZlb2JBEAE,3.0,二层小楼，展室少，难以代表泰国本土艺术。,zh,Thu Feb 01 2024 05:36:27 GMT-0800 (Pacific Standard Time),sky net,https://www.google.com/maps/reviews/data=!4m6!14m5!1m4!2m3!1sChZDSUhNMG9nS0VJQ0FnSUN0dDZlb2JBEAE!2m1!1s0x30e2990d2d84cb01:0x442acd4f9903adde
ChIJAcuELQ2Z4jAR3q0DmU_NKkQ,曼谷国家美术馆,Ci9DQUlRQUNvZENodHljRjlvT2tSTE1rZE1WMVZvVEhZMlpERjRTSHBmYUhaS1ExRRAB,5.0,适合带孩子去,zh,Mon Jul 21 2025 22:21:58 GMT-0700 (Pacific Daylight Time),อําพล ชาย,https://www.google.com/maps/reviews/data=!4m6!14m5!1m4!2m3!1sCi9DQUlRQUNvZENodHljRjlvT2tSTE1rZE1WMVZvVEhZMlpERjRTSHBmYUhaS1ExRRAB!2m1!1s0x30e2990d2d84cb01:0x442acd4f9903adde
ChIJXbDAhJCZ4jARTeN7tkUudxA,Museum Pier,Ci9DQUlRQUNvZENodHljRjlvT2pOV0xVZzVZVlpEYVdOM05tVnRhV3hKWm5Ob2EwRRAB,5.0,我们的旅程 昨天，我有幸参观了纪念努·蒙蒂普·利皮松通（Nuu Montip Lipisunthorn，又名“绑架者努”）的展览。 展览讲述了她的人生故事、回忆， 以及她留给身边人的美好时光。 展览在塔昌码头附近的塔芒皮提潘（Tha Mueang Phithiphan）举行。 展览共有三层，展出了她一生创作的音乐、DJ作品、服装、 收藏品和艺术作品。 如果你想念努，不妨来这里看看。 展览将持续到4月30日。,zh-CN,Sat Mar 28 2026 05:26:43 GMT-0700 (Pacific Daylight Time),SPÄÇĚ MØŇKĘY,https://www.google.com/maps/reviews/data=!4m6!14m5!1m4!2m3!1sCi9DQUlRQUNvZENodHljRjlvT2pOV0xVZzVZVlpEYVdOM05tVnRhV3hKWm5Ob2EwRRAB!2m1!1s0x30e2999084c0b05d:0x10772e45b67be34d
ChIJXbDAhJCZ4jARTeN7tkUudxA,Museum Pier,Ci9DQUlRQUNvZENodHljRjlvT2xWME16TjZRekZHWVVWVmMybEdZbGR0VDJaeFdYYxAB,5.0,🏛️ 这是一座艺术博物馆。撰写这篇评论时，馆内正在举办艺术展览，但展览每三个月更换一次。博物馆共有三层，每层都展出不同的艺术作品，包括多位艺术家的绘画和雕塑。这是一家私人博物馆，门票为每人250泰铢。游客应自行考虑是否物有所值。如果您喜欢这种艺术风格，不妨一去。楼下有纪念品出售。博物馆位于塔昌码头附近，很容易找到。,zh-CN,Sun Jan 04 2026 13:05:41 GMT-0800 (Pacific Standard Time),M,https://www.google.com/maps/reviews/data=!4m6!14m5!1m4!2m3!1sCi9DQUlRQUNvZENodHljRjlvT2xWME16TjZRekZHWVVWVmMybEdZbGR0VDJaeFdYYxAB!2m1!1s0x30e2999084c0b05d:0x10772e45b67be34d
ChIJXbDAhJCZ4jARTeN7tkUudxA,Museum Pier,Ci9DQUlRQUNvZENodHljRjlvT2twbWFqWTJhMlIwTFRKbFdqTlZiV1JRTVhVNFZrRRAB,4.0,周四工作日，参观完曼谷国家博物馆后，我顺道去了这家店。新建的建筑很漂亮，但里面的咖啡馆和餐厅虽然有空调，价格却相当贵，汉堡包起价300泰铢（约合2026年5月的1500日元）。不过，外面的街边摊提供面条、炒饭、冬阴功汤和其他一些菜品，价格比较合理（大约70-150泰铢），甚至还有一家奶昔摊。幸运的是，露天用餐区有个圆顶屋顶，所以我可以避开阳光直射。照片里的饮料分别是西瓜奶昔和香蕉奶昔。摊主阿姨非常热情周到，会问一些诸如“可以加牛奶吗？要不要加糖？”之类的问题。 我去的时候，看到一个女孩，大概是中学生，正在唱歌挣学费。 那座神秘的兔耳雕塑近看有点吓人。（我回家后才知道它原来是个博物馆。）,zh-CN,Fri May 15 2026 03:49:02 GMT-0700 (Pacific Daylight Time),塩野七海,https://www.google.com/maps/reviews/data=!4m6!14m5!1m4!2m3!1sCi9DQUlRQUNvZENodHljRjlvT2twbWFqWTJhMlIwTFRKbFdqTlZiV1JRTVhVNFZrRRAB!2m1!1s0x30e2999084c0b05d:0x10772e45b67be34d
ChIJXbDAhJCZ4jARTeN7tkUudxA,Museum Pier,Ci9DQUlRQUNvZENodHljRjlvT2xGM2R6Wk1iR0pyZVZwM1dsSlROSEpITFZaVmRFRRAB,5.0,这家博物馆不大，只有三层楼，但我很喜欢这次展览。很明显，策展人想清晰地讲述泰国恐龙的故事及其演化历程，我觉得他们花了很多心思，通过制作的视频来呈现这个故事。恐龙模型也很漂亮，而且他们制作了等比例大小的模型，你可以站在模型周围，感受一下与这些生物近距离接触的感觉，这一点很棒。恐龙模型的姿态也很生动，让人感觉栩栩如生，仿佛恐龙们就在你身边互动。,zh-CN,Tue Sep 23 2025 03:03:36 GMT-0700 (Pacific Daylight Time),Roy Yi Ling Ngerng,https://www.google.com/maps/reviews/data=!4m6!14m5!1m4!2m3!1sCi9DQUlRQUNvZENodHljRjlvT2xGM2R6Wk1iR0pyZVZwM1dsSlROSEpITFZaVmRFRRAB!2m1!1s0x30e2999084c0b05d:0x10772e45b67be34d
ChIJXbDAhJCZ4jARTeN7tkUudxA,Museum Pier,Ci9DQUlRQUNvZENodHljRjlvT25aTFUwbFNVWGs1Y0ZkS1lsSmxiMUZHYVhSRFdXYxAB,5.0,现在这里正在举办纪念努·蒙提普的展览，同时也展出了一些泰国当代艺术家的作品。免费入场。可惜没有恐龙😔,zh-CN,Sat Mar 21 2026 09:09:13 GMT-0700 (Pacific Daylight Time),gavnina,https://www.google.com/maps/reviews/data=!4m6!14m5!1m4!2m3!1sCi9DQUlRQUNvZENodHljRjlvT25aTFUwbFNVWGs1Y0ZkS1lsSmxiMUZHYVhSRFdXYxAB!2m1!1s0x30e2999084c0b05d:0x10772e45b67be34d
ChIJYbz_xs-Y4jAR47MqwMDY87c,Number 1 Gallery,ChZDSUhNMG9nS0VJQ0FnSURDeWF6eUJ3EAE,4.0,基本信息： [礼花][礼花][礼花] 这一场大概是疫情之后第一次办展，为期一个月。小伙伴们即使来的晚没有赶上这一场，也会看到其他艺术家的作品。画廊几乎每个月会心开幕一次展览。 画廊环境很舒适。 开幕仪式： [加油][加油][加油] 虽然画廊风格我很喜欢，但是画廊总体而言比较小众，平时客人不多。开幕式这一天，到场的人数也比较有限。我还算不错。 [寿司][寿司][寿司]餐食： 这个厉害啦！人家在画廊门口摆了个汤面的食档！ [啤酒][啤酒][啤酒]酒水：啤酒和自调鸡尾酒。 [爱心][爱心][爱心]关于创作： 画家借助古希腊神话题材，探索与表达发生在泰国的那些政治事件以及背后的动因。 [玫瑰][玫瑰][玫瑰]画廊位置： 距离MRT很近，但位置隐蔽，有些小巷深藏的意思。 画廊也不大但周围比较安静。 画廊兼顾咖啡厅功能，虽然食物选择不多，但是价格十分惊喜！,zh,Thu Oct 01 2020 23:43:46 GMT-0700 (Pacific Daylight Time),Xun Qianzang,https://www.google.com/maps/reviews/data=!4m6!14m5!1m4!2m3!1sChZDSUhNMG9nS0VJQ0FnSURDeWF6eUJ3EAE!2m1!1s0x30e298cfc6ffbc61:0xb7f3d8c0c02ab3e3
ChIJYbz_xs-Y4jAR47MqwMDY87c,Number 1 Gallery,ChZDSUhNMG9nS0VJQ0FnSUNDcDhUVlRBEAE,5.0,我好喜欢这间Gallery，位置不算难找，从BTS Surasak站出来，顺着导航走大概10分钟可以找到。,zh,Sat Sep 05 2020 20:57:13 GMT-0700 (Pacific Daylight Time),_ Netabcdefg,https://www.google.com/maps/reviews/data=!4m6!14m5!1m4!2m3!1sChZDSUhNMG9nS0VJQ0FnSUNDcDhUVlRBEAE!2m1!1s0x30e298cfc6ffbc61:0xb7f3d8c0c02ab3e3
ChIJYbz_xs-Y4jAR47MqwMDY87c,Number 1 Gallery,Ci9DQUlRQUNvZENodHljRjlvT2xsT1VIUnVSM04xUTIxWmNWZ3pXV0p4VEVsNlVrRRAB,5.0,在曼谷发现这样的地方，真是让我惊喜。 展览免费参观，但没想到氛围如此宁静舒适。 厌倦了拥挤的咖啡馆，这里简直是完美的避世之所。 你可以在这里悠闲地待着，无忧无虑地欣赏艺术作品。 不过，由于这里会定期举办不同艺术家的展览，所以可能并非一直开放。 我最近去的时候，拍了一些风格独特的作品，它们既现代又似乎带有某种批判意味。我还捕捉到了画廊内部的氛围，让这里更添几分趣味。 你甚至还能看到一只猫咪在安睡。从画廊外的街景来看，这里似乎真的很爱猫。😻,zh-CN,Tue May 05 2026 03:00:14 GMT-0700 (Pacific Daylight Time),Nikoniko Thai (니코니코 타이),https://www.google.com/maps/reviews/data=!4m6!14m5!1m4!2m3!1sCi9DQUlRQUNvZENodHljRjlvT2xsT1VIUnVSM04xUTIxWmNWZ3pXV0p4VEVsNlVrRRAB!2m1!1s0x30e298cfc6ffbc61:0xb7f3d8c0c02ab3e3
ChIJYbz_xs-Y4jAR47MqwMDY87c,Number 1 Gallery,Ci9DQUlRQUNvZENodHljRjlvT2kxR1pVaFJaelF5UVZoVmJsZDFia3B0Ym14WldtYxAB,5.0,很棒的小画廊/咖啡馆。虽然空间不大，但他们找到了一些有趣的艺术品来装饰。如果你在附近，值得一去。,zh-CN,Wed Dec 17 2025 16:53:12 GMT-0800 (Pacific Standard Time),Dan B,https://www.google.com/maps/reviews/data=!4m6!14m5!1m4!2m3!1sCi9DQUlRQUNvZENodHljRjlvT2kxR1pVaFJaelF5UVZoVmJsZDFia3B0Ym14WldtYxAB!2m1!1s0x30e298cfc6ffbc61:0xb7f3d8c0c02ab3e3
ChIJYbz_xs-Y4jAR47MqwMDY87c,Number 1 Gallery,Ci9DQUlRQUNvZENodHljRjlvT2xoTWFqSnlTMFZ1UWpZNVQwSk1aMUkzZEhGdGRGRRAB,5.0,这绝对是我在曼谷参观过的最美的画廊。它是一栋两层楼的深色木质建筑，空间布局和灯光设计都很有意思。展览也精彩绝伦。 而且，一只温顺可爱的猫咪在这里生活了很多年。,zh-CN,Tue Jul 22 2025 21:12:25 GMT-0700 (Pacific Daylight Time),Mila Azhnikova (БА ГД),https://www.google.com/maps/reviews/data=!4m6!14m5!1m4!2m3!1sCi9DQUlRQUNvZENodHljRjlvT2xoTWFqSnlTMFZ1UWpZNVQwSk1aMUkzZEhGdGRGRRAB!2m1!1s0x30e298cfc6ffbc61:0xb7f3d8c0c02ab3e3
ChIJu6KTBdSZ4jARGhMfegYyKA8,The Shophouse 1527,Ci9DQUlRQUNvZENodHljRjlvT21WalgwUXpjWE5aUlhob1lXZEdTRk51YnpSYU9FRRAB,5.0,那天上午天气炎热，我们一进门就感觉到空调吹出的凉风，这才偶然发现了这家店。这地方挺有意思的，咖啡馆里又带点酒吧的氛围。 店里的装潢很有工业风，地面铺的是碎石而不是常见的水泥。楼上是展览区（我11月8日去的时候没有展览）。这个概念挺酷的。店里还有一本小册子，详细介绍了空间的用途，以及它如何兼具艺术空间和咖啡馆的功能。我点了一杯名为“酸梅”的无酒精鸡尾酒，里面加了一份浓缩咖啡和梅子汁，装在一个类似威士忌酒杯的杯子里，味道很特别。我很喜欢这里的灯光和整体氛围，是个放松的好去处。,zh-CN,Tue Nov 11 2025 00:51:05 GMT-0800 (Pacific Standard Time),Sharine Tan,https://www.google.com/maps/reviews/data=!4m6!14m5!1m4!2m3!1sCi9DQUlRQUNvZENodHljRjlvT21WalgwUXpjWE5aUlhob1lXZEdTRk51YnpSYU9FRRAB!2m1!1s0x30e299d40593a2bb:0xf2832067a1f131a
ChIJu6KTBdSZ4jARGhMfegYyKA8,The Shophouse 1527,Ci9DQUlRQUNvZENodHljRjlvT25GQmVWWlNUakpCU0hWSVRrRnZURzlNVTNoSGJtYxAB,5.0,这里是欣赏艺术展览、喝杯咖啡的好去处！强烈推荐！！“11：群展”正在展出，展期至2026年7月18日，但这里一直都有很棒的展览！,zh-CN,Tue Jul 07 2026 00:34:49 GMT-0700 (Pacific Daylight Time),Rafiq Ridzwan,https://www.google.com/maps/reviews/data=!4m6!14m5!1m4!2m3!1sCi9DQUlRQUNvZENodHljRjlvT25GQmVWWlNUakpCU0hWSVRrRnZURzlNVTNoSGJtYxAB!2m1!1s0x30e299d40593a2bb:0xf2832067a1f131a
ChIJu6KTBdSZ4jARGhMfegYyKA8,The Shophouse 1527,Ci9DQUlRQUNvZENodHljRjlvT2pCVFRUWjBiWGhpVUhGTFdYbFJOMlpSU25ndGRYYxAB,5.0,太酷了！我只能这么说。店主：艺术家 咖啡店：艺术 空间：展览,zh-CN,Wed Jan 14 2026 03:00:07 GMT-0800 (Pacific Standard Time),Orape,https://www.google.com/maps/reviews/data=!4m6!14m5!1m4!2m3!1sCi9DQUlRQUNvZENodHljRjlvT2pCVFRUWjBiWGhpVUhGTFdYbFJOMlpSU25ndGRYYxAB!2m1!1s0x30e299d40593a2bb:0xf2832067a1f131a
ChIJu6KTBdSZ4jARGhMfegYyKA8,The Shophouse 1527,Ci9DQUlRQUNvZENodHljRjlvT2pRNFZIWktOMjl2YTJsQ2RreEpUME0yVFd4YVQyYxAB,5.0,气氛很好,zh-CN,Tue Jul 07 2026 07:15:00 GMT-0700 (Pacific Daylight Time),Oaky Jew,https://www.google.com/maps/reviews/data=!4m6!14m5!1m4!2m3!1sCi9DQUlRQUNvZENodHljRjlvT2pRNFZIWktOMjl2YTJsQ2RreEpUME0yVFd4YVQyYxAB!2m1!1s0x30e299d40593a2bb:0xf2832067a1f131a
ChIJu6KTBdSZ4jARGhMfegYyKA8,The Shophouse 1527,ChdDSUhNMG9nS0VJQ0FnSUNXbVlpeTRnRRAB,5.0,非常棒的艺术空间！整体风格很有工业风，地下室还有一家不错的咖啡馆。展览本身是免费的，但是规模很小！尽管如此，参观体验还是很不错的！,zh-CN,Tue Mar 01 2022 18:38:53 GMT-0800 (Pacific Standard Time),Christoph Hoesch,https://www.google.com/maps/reviews/data=!4m6!14m5!1m4!2m3!1sChdDSUhNMG9nS0VJQ0FnSUNXbVlpeTRnRRAB!2m1!1s0x30e299d40593a2bb:0xf2832067a1f131a
ChIJk_tzgTiZ4jARsgLedrR1128,The Pinnacle ICONSIAM,ChdDSUhNMG9nS0VLYk5vcURjbUxtTTVBRRAB,5.0,“DOM LAND”在ICONSIAM：个人艺术展“迷失在DOM LAND” 作者：乌东·泰帕尼奇（Nose Udom Taepanich） 本次展览将展出这位泰国著名喜剧演员兼艺术家超过1000件的艺术作品。 “迷失在DOM LAND”在ICONSIAM的重要信息： 展览日期：2025年6月7日至2025年8月3日 地点：ICONSIAM八楼巅峰厅 开放时间：上午11:00至晚上9:00 门票： 成人票：850泰铢 儿童票（身高低于100厘米）：250泰铢 （门票仅限现场购买） 您也可以在7-Eleven便利店的售票处购买门票。 本次展览将隆重而精彩地展示乌东·泰帕尼奇的艺术作品，还将包括咖啡区、贴纸摊位和纪念品商店。,zh-CN,Sun Jun 08 2025 19:20:20 GMT-0700 (Pacific Daylight Time),Backpacker Story,https://www.google.com/maps/reviews/data=!4m6!14m5!1m4!2m3!1sChdDSUhNMG9nS0VLYk5vcURjbUxtTTVBRRAB!2m1!1s0x30e299388173fb93:0x6fd775b476de02b2
ChIJk_tzgTiZ4jARsgLedrR1128,The Pinnacle ICONSIAM,ChdDSUhNMG9nS0VJQ0FnSUNYdjZPVzJnRRAB,4.0,这是一家令人愉快的餐厅，这要归功于其美味的菜肴和Wawa的友好，尤其是老板Christophe，他非常专业，对岛上的情况非常了解，非常适合游客。,zh-CN,Tue Oct 22 2024 05:44:10 GMT-0700 (Pacific Daylight Time),GERARD COZE,https://www.google.com/maps/reviews/data=!4m6!14m5!1m4!2m3!1sChdDSUhNMG9nS0VJQ0FnSUNYdjZPVzJnRRAB!2m1!1s0x30e299388173fb93:0x6fd775b476de02b2
ChIJk_tzgTiZ4jARsgLedrR1128,The Pinnacle ICONSIAM,ChZDSUhNMG9nS0VJQ0FnTUNBOS1TTkVREAE,1.0,令人绝望。专为游客打造的虚假奢华。晚上通讯不便。我不推荐。,zh-CN,Wed Feb 05 2025 02:37:07 GMT-0800 (Pacific Standard Time),Paweł Bielerzewski,https://www.google.com/maps/reviews/data=!4m6!14m5!1m4!2m3!1sChZDSUhNMG9nS0VJQ0FnTUNBOS1TTkVREAE!2m1!1s0x30e299388173fb93:0x6fd775b476de02b2
ChIJk_tzgTiZ4jARsgLedrR1128,The Pinnacle ICONSIAM,ChdDSUhNMG9nS0VJQ0FnSUQydnVuRzR3RRAB,5.0,请搭乘C大堂电梯前往。房间非常宽敞，可欣赏湄南河美景。,zh-CN,Sun May 15 2022 22:23:27 GMT-0700 (Pacific Daylight Time),Nuttha Phijitplakas,https://www.google.com/maps/reviews/data=!4m6!14m5!1m4!2m3!1sChdDSUhNMG9nS0VJQ0FnSUQydnVuRzR3RRAB!2m1!1s0x30e299388173fb93:0x6fd775b476de02b2
ChIJk_tzgTiZ4jARsgLedrR1128,The Pinnacle ICONSIAM,Ci9DQUlRQUNvZENodHljRjlvT205ZlJrcHZTaTFWV2t4ak9FMU1lWFpLWVU5R09XYxAB,1.0,地方很近！非常令人失望 别去！,zh-CN,Fri Sep 19 2025 23:12:12 GMT-0700 (Pacific Daylight Time),amr abo el magd,https://www.google.com/maps/reviews/data=!4m6!14m5!1m4!2m3!1sCi9DQUlRQUNvZENodHljRjlvT205ZlJrcHZTaTFWV2t4ak9FMU1lWFpLWVU5R09XYxAB!2m1!1s0x30e299388173fb93:0x6fd775b476de02b2
ChIJ2ykyVwmZ4jARcEFoydkmn64,Silpa Bhirasri National Museum,ChdDSUhNMG9nS0VJQ0FnSUNLbU5UcGdBRRAB,5.0,这座博物馆展示了西尔帕·比拉斯里教授的工作环境和个人物品。 馆内还展出了他早期学生的作品，他们都是泰国知名的艺术家。 博物馆由美术系管理，在正常办公时间内开放。 虽然规模不大，但艺术价值极高。 工作人员热情友好，乐于提供信息并协助参观者。 建议您将这座博物馆与附近的模型艺术馆/雕塑博物馆一同参观。 相信您会更加印象深刻。,zh-CN,Thu Jun 09 2022 07:54:54 GMT-0700 (Pacific Daylight Time),pattanin sukaroj,https://www.google.com/maps/reviews/data=!4m6!14m5!1m4!2m3!1sChdDSUhNMG9nS0VJQ0FnSUNLbU5UcGdBRRAB!2m1!1s0x30e29909573229db:0xae9f26d9c9684170
ChIJ2ykyVwmZ4jARcEFoydkmn64,Silpa Bhirasri National Museum,Ci9DQUlRQUNvZENodHljRjlvT25SRFNsOVpZVzl1Vm1vd2NEZDVhWFZPYmxGVFYxRRAB,5.0,国家艺术博物馆，Silpa Bhirasri #aday #adaybangkok100hiddenplaces #dmu100hiddenplace #91,zh-CN,Thu Jul 16 2026 18:54:39 GMT-0700 (Pacific Daylight Time),nawa siri,https://www.google.com/maps/reviews/data=!4m6!14m5!1m4!2m3!1sCi9DQUlRQUNvZENodHljRjlvT25SRFNsOVpZVzl1Vm1vd2NEZDVhWFZPYmxGVFYxRRAB!2m1!1s0x30e29909573229db:0xae9f26d9c9684170
ChIJ2ykyVwmZ4jARcEFoydkmn64,Silpa Bhirasri National Museum,ChdDSUhNMG9nS0VJQ0FnSURVcXMtazdnRRAB,4.0,我不会称它为博物馆，它只是两个小房间，里面陈列着希尔帕·比拉斯里（Silpa Bhirasri）的艺术作品和他的工具。布置得很用心，如果你对雕塑和绘画感兴趣，绝对值得一看。免费入场，所以不要抱太大期望。,zh-CN,Sun Jan 26 2020 09:43:45 GMT-0800 (Pacific Standard Time),Arik Rokita,https://www.google.com/maps/reviews/data=!4m6!14m5!1m4!2m3!1sChdDSUhNMG9nS0VJQ0FnSURVcXMtazdnRRAB!2m1!1s0x30e29909573229db:0xae9f26d9c9684170
ChIJ2ykyVwmZ4jARcEFoydkmn64,Silpa Bhirasri National Museum,ChdDSUhNMG9nS0VJQ0FnSUNLOXFhR3d3RRAB,5.0,一位泰国现代艺术之父的工作室里精心保存着一批精美的艺术收藏品。,zh-CN,Mon Apr 05 2021 01:33:29 GMT-0700 (Pacific Daylight Time),V K,https://www.google.com/maps/reviews/data=!4m6!14m5!1m4!2m3!1sChdDSUhNMG9nS0VJQ0FnSUNLOXFhR3d3RRAB!2m1!1s0x30e29909573229db:0xae9f26d9c9684170
ChIJ2ykyVwmZ4jARcEFoydkmn64,Silpa Bhirasri National Museum,ChdDSUhNMG9nS0VJQ0FnSURBNklhSXJnRRAB,5.0,这里是泰国现代艺术之父的工作室。他几乎创作了泰国所有的大型雕塑作品。附近的雕塑馆收藏了他所有的雕塑作品。您还可以漫步于校园画廊，欣赏一些学生、教职员工和校友的作品。,zh-CN,Mon Sep 21 2015 00:11:18 GMT-0700 (Pacific Daylight Time),Dherapat “Note” Sanguandeekul,https://www.google.com/maps/reviews/data=!4m6!14m5!1m4!2m3!1sChdDSUhNMG9nS0VJQ0FnSURBNklhSXJnRRAB!2m1!1s0x30e29909573229db:0xae9f26d9c9684170
ChIJC2FKSWDTHTERAvoAqukVoRQ,987 Art Shop,ChdDSUhNMG9nS0VJQ0FnTURBZ2ItV3l3RRAB,5.0,我在附近闲逛时偶然发现了这家画廊。他们提供绘画工作坊，还出售手工饰品。工作人员非常友好，最棒的是，他们还会说韩语！真是太棒了！我强烈推荐给所有想找点乐子的人。^^,zh-CN,Tue Feb 11 2025 08:50:06 GMT-0800 (Pacific Standard Time),Chrysya J.,https://www.google.com/maps/reviews/data=!4m6!14m5!1m4!2m3!1sChdDSUhNMG9nS0VJQ0FnTURBZ2ItV3l3RRAB!2m1!1s0x311dd360494a610b:0x14a115e9aa00fa02
ChIJC2FKSWDTHTERAvoAqukVoRQ,987 Art Shop,ChZDSUhNMG9nS0VJQ0FnTURBNUxTRFRnEAE,5.0,这真是个完美的假期活动！我们偶然发现了这个绘画工作室，就直接走了进去。工作人员全程都在帮我们倒颜料、调颜料。太好玩了！,zh-CN,Thu Feb 06 2025 20:13:21 GMT-0800 (Pacific Standard Time),Nasrin Alice Yeedoloh,https://www.google.com/maps/reviews/data=!4m6!14m5!1m4!2m3!1sChZDSUhNMG9nS0VJQ0FnTURBNUxTRFRnEAE!2m1!1s0x311dd360494a610b:0x14a115e9aa00fa02
ChIJC2FKSWDTHTERAvoAqukVoRQ,987 Art Shop,ChZDSUhNMG9nS0VJQ0FnTUNBOTl6akpnEAE,1.0,服务人员态度恶劣。他们似乎很不情愿服务，说话的语气好像想把我们赶走。他们大声打电话，还烦人地嘟囔着顾客的话，反复确认我们是否能听见。他们很不礼貌，情绪控制能力差，还多次过来抱怨我们。这严重破坏了用餐氛围。,zh-CN,Wed Feb 05 2025 02:46:46 GMT-0800 (Pacific Standard Time),Mild Mild,https://www.google.com/maps/reviews/data=!4m6!14m5!1m4!2m3!1sChZDSUhNMG9nS0VJQ0FnTUNBOTl6akpnEAE!2m1!1s0x311dd360494a610b:0x14a115e9aa00fa02
ChIJC2FKSWDTHTERAvoAqukVoRQ,987 Art Shop,ChZDSUhNMG9nS0VJQ0FnSURmMlpEQ0hnEAE,1.0,我于2025年1月8日上午参观了这家画廊。我原本想看看靠墙的一幅大型画作，但它前面被另一幅大型画作挡住了视线。工作人员说前面的画作太大，无法移动，态度很不耐烦。我认为画廊老板应该知道这种糟糕的服务。如果不把艺术品展示给潜在客户，就很难卖出去。,zh-CN,Tue Jan 07 2025 21:12:27 GMT-0800 (Pacific Standard Time),William Ruffing,https://www.google.com/maps/reviews/data=!4m6!14m5!1m4!2m3!1sChZDSUhNMG9nS0VJQ0FnSURmMlpEQ0hnEAE!2m1!1s0x311dd360494a610b:0x14a115e9aa00fa02
ChIJC2FKSWDTHTERAvoAqukVoRQ,987 Art Shop,ChZDSUhNMG9nS0VJQ0FnTURBZ2M2QlZBEAE,5.0,这是一项很有趣的活动，非常放松。商店氛围很好，前面还有一家咖啡厅，可以点饮料。店员服务周到。总的来说，体验很棒。,zh-CN,Sun Feb 09 2025 04:45:53 GMT-0800 (Pacific Standard Time),onjira Totong,https://www.google.com/maps/reviews/data=!4m6!14m5!1m4!2m3!1sChZDSUhNMG9nS0VJQ0FnTURBZ2M2QlZBEAE!2m1!1s0x311dd360494a610b:0x14a115e9aa00fa02
ChIJ8aI3QACZ4jARes5cg-xNxRo,La Lanta@River City Bangkok,Ci9DQUlRQUNvZENodHljRjlvT21wTWNqZDVkbmMxVWt4bFREZ3pjRFJ2YTFNNE9YYxAB,5.0,那里经常举办高雅艺术展览。,zh-CN,Wed Oct 29 2025 19:51:45 GMT-0700 (Pacific Daylight Time),V K,https://www.google.com/maps/reviews/data=!4m6!14m5!1m4!2m3!1sCi9DQUlRQUNvZENodHljRjlvT21wTWNqZDVkbmMxVWt4bFREZ3pjRFJ2YTFNNE9YYxAB!2m1!1s0x30e299004037a2f1:0x1ac54dec835cce7a
ChIJ8aI3QACZ4jARes5cg-xNxRo,La Lanta@River City Bangkok,ChdDSUhNMG9nS0VJQ0FnTUR3b2JXQnBBRRAB,5.0,这家画廊真是太棒了！我给它五星好评。我非常喜欢。工作人员很友善，还给我讲了很多故事。,zh-CN,Wed Mar 26 2025 04:38:46 GMT-0700 (Pacific Daylight Time),Waemam Momo,https://www.google.com/maps/reviews/data=!4m6!14m5!1m4!2m3!1sChdDSUhNMG9nS0VJQ0FnTUR3b2JXQnBBRRAB!2m1!1s0x30e299004037a2f1:0x1ac54dec835cce7a
ChIJfdhFRGKl4jARcbRK-O_9yrA,Bad Camera Man Studio,Ci9DQUlRQUNvZENodHljRjlvT21ReVVsRXdWRlJXU1ZKcFdYUlNRalZZTFdWbWMwRRAB,5.0,,,Sun Jan 04 2026 06:49:52 GMT-0800 (Pacific Standard Time),gmail Boyacom,https://www.google.com/maps/reviews/data=!4m6!14m5!1m4!2m3!1sCi9DQUlRQUNvZENodHljRjlvT21ReVVsRXdWRlJXU1ZKcFdYUlNRalZZTFdWbWMwRRAB!2m1!1s0x30e2a5624445d87d:0xb0cafdeff84ab471
ChIJhbRNuNuY4jARnvfgK79ciCM,Warehouse 30,ChdDSUhNMG9nS0VJQ0FnSUNtaHNPMzlBRRAB,3.0,"✔️ 30号仓库文创园 เเวร์เฮาส์ 30 地址：48 Charoen Krung 30, Bang Rak, Bangkok 10500 营业时间：11:00-20:00每天 有古董店、咖啡店、杂货服饰店的文创区，整体是长方形的仓库，整体整洁干净，每家店都有自己的特色，一直走出门还可以看到很酷的涂鸦. 📷一部分店铺不允许拍照",zh,Sun Dec 26 2021 11:27:24 GMT-0800 (Pacific Standard Time),Eat and travel By Holly,https://www.google.com/maps/reviews/data=!4m6!14m5!1m4!2m3!1sChdDSUhNMG9nS0VJQ0FnSUNtaHNPMzlBRRAB!2m1!1s0x30e298dbb84db485:0x23885cbf2be0f79e
ChIJhbRNuNuY4jARnvfgK79ciCM,Warehouse 30,ChZDSUhNMG9nS0VJQ0FnSUNtaVpEbUFnEAE,5.0,适合文艺青年的好去处！ 整个园区氛围很好！ 拍照好看！ 有展览馆，cafe店，古董店,zh,Sat Jan 01 2022 05:10:28 GMT-0800 (Pacific Standard Time),lin lin,https://www.google.com/maps/reviews/data=!4m6!14m5!1m4!2m3!1sChZDSUhNMG9nS0VJQ0FnSUNtaVpEbUFnEAE!2m1!1s0x30e298dbb84db485:0x23885cbf2be0f79e
ChIJhbRNuNuY4jARnvfgK79ciCM,Warehouse 30,ChZDSUhNMG9nS0VJQ0FnTUNJeExDT05BEAE,4.0,小资画廊，路边有猫咪散步,zh,Sun Mar 30 2025 02:28:57 GMT-0700 (Pacific Daylight Time),xliu liu,https://www.google.com/maps/reviews/data=!4m6!14m5!1m4!2m3!1sChZDSUhNMG9nS0VJQ0FnTUNJeExDT05BEAE!2m1!1s0x30e298dbb84db485:0x23885cbf2be0f79e
ChIJhbRNuNuY4jARnvfgK79ciCM,Warehouse 30,ChdDSUhNMG9nS0VLYlVuZTNCaDVqR2x3RRAB,1.0,垃圾中的战斗机欧耶！一共9家店，东西的价格让人无法理解！最重要的是停车费100/小时，你不如去抢,zh,Mon May 26 2025 01:35:10 GMT-0700 (Pacific Daylight Time),刘健源,https://www.google.com/maps/reviews/data=!4m6!14m5!1m4!2m3!1sChdDSUhNMG9nS0VLYlVuZTNCaDVqR2x3RRAB!2m1!1s0x30e298dbb84db485:0x23885cbf2be0f79e
ChIJhbRNuNuY4jARnvfgK79ciCM,Warehouse 30,ChdDSUhNMG9nS0VJQ0FnSUMxcnZfTnlBRRAB,5.0,漂亮的展览秀，我和我的伴侣都非常喜欢，好看👍,zh,Fri Dec 29 2023 21:59:58 GMT-0800 (Pacific Standard Time),Cheng Wang (ippopotamo),https://www.google.com/maps/reviews/data=!4m6!14m5!1m4!2m3!1sChdDSUhNMG9nS0VJQ0FnSUMxcnZfTnlBRRAB!2m1!1s0x30e298dbb84db485:0x23885cbf2be0f79e
ChIJxz7AVBSZ4jARN1_W35voh7M,ATT 19,Ci9DQUlRQUNvZENodHljRjlvT2todU1EWlhiekJhTjBGWVZsWkVSRkpsYzBGTVJtYxAB,5.0,从Warehouse 30出来的路上，偶然间的发现，没有任何标识，在路边需要进入长长的植物过道才能进入。感觉能在里面呆上一天，室内外的空间布局，选品和摆设真的很绝，感叹老板的taste！！！很少能看到一个空间能把当代艺术，Vintage，咖啡厅，商业空间融合的这么好！很多东西应该是来自日本，好奇的我，用淘宝搜了一些，有一个盘子是能找到一模一样的同款的。唯一的遗憾是二楼由于在调整没有对外开放，好可惜！！！隔壁的Lek Gallery Art看起来也很棒，也是他们家的，但是需要提前预约，也没有去上，可惜+2！！！,zh,Sat Apr 18 2026 01:16:48 GMT-0700 (Pacific Daylight Time),Z C,https://www.google.com/maps/reviews/data=!4m6!14m5!1m4!2m3!1sCi9DQUlRQUNvZENodHljRjlvT2todU1EWlhiekJhTjBGWVZsWkVSRkpsYzBGTVJtYxAB!2m1!1s0x30e2991454c03ec7:0xb387e89bdfd65f37
ChIJxz7AVBSZ4jARN1_W35voh7M,ATT 19,ChZDSUhNMG9nS0VJQ0FnSUNtaTR2SkFREAE,5.0,集古着艺术空间咖啡店一体美术馆！ 沉迷在这里无法自拔！ 隐藏的小巷进去后豁然开朗… 周日的下午在这里消磨时间 真是一个让人着迷的地方 这里的东西也可出售，价钱不便宜，但是真的喜欢也要拥有的！ 毕竟中国人有句老话，千金难买心头好！,zh,Sun Jan 09 2022 03:52:47 GMT-0800 (Pacific Standard Time),lin lin,https://www.google.com/maps/reviews/data=!4m6!14m5!1m4!2m3!1sChZDSUhNMG9nS0VJQ0FnSUNtaTR2SkFREAE!2m1!1s0x30e2991454c03ec7:0xb387e89bdfd65f37
ChIJxz7AVBSZ4jARN1_W35voh7M,ATT 19,ChdDSUhNMG9nS0VJQ0FnSUNtaHNPYjNBRRAB,4.0,"✔️ ATT 19美术馆 地址：19 Charoen Krung 30, Khwaeng Bang Rak, Bang Rak, Bangkok 10500 营业时间：11:00-18:00 每周一休 入口比较隐蔽，里面是一间咖啡厅和一间美术馆，收藏了来自（中国、日本、泰国、印度、越南等国家的藏品），免费进入，二层小楼整体设计简洁，店员服务态度超好. 📷允许拍照",zh,Sun Dec 26 2021 11:27:50 GMT-0800 (Pacific Standard Time),Eat and travel By Holly,https://www.google.com/maps/reviews/data=!4m6!14m5!1m4!2m3!1sChdDSUhNMG9nS0VJQ0FnSUNtaHNPYjNBRRAB!2m1!1s0x30e2991454c03ec7:0xb387e89bdfd65f37
ChIJxz7AVBSZ4jARN1_W35voh7M,ATT 19,ChdDSUhNMG9nS0VJQ0FnSURWeGZHdXFRRRAB,5.0,很艺術气息的一家咖啡店,zh,Wed Dec 13 2023 23:12:38 GMT-0800 (Pacific Standard Time),Ip Kennly,https://www.google.com/maps/reviews/data=!4m6!14m5!1m4!2m3!1sChdDSUhNMG9nS0VJQ0FnSURWeGZHdXFRRRAB!2m1!1s0x30e2991454c03ec7:0xb387e89bdfd65f37
ChIJxz7AVBSZ4jARN1_W35voh7M,ATT 19,ChZDSUhNMG9nS0VJQ0FnSUMxb0lLUEFREAE,5.0,很酷，不错,zh,Wed Dec 20 2023 01:17:22 GMT-0800 (Pacific Standard Time),Song Yan,https://www.google.com/maps/reviews/data=!4m6!14m5!1m4!2m3!1sChZDSUhNMG9nS0VJQ0FnSUMxb0lLUEFREAE!2m1!1s0x30e2991454c03ec7:0xb387e89bdfd65f37
ChIJ33FxTj6Z4jARKbA4Z8_NsOc,JWD Art Space,ChZDSUhNMG9nS0VJQ0FnSURuazZ6WkZnEAE,5.0,离中国游客爆满的朱拉隆功美食街很近，但画廊开在很低调的写字楼里，我是在7点快闭馆前进入的，除了我别无他人，可以安静地欣赏作品。现在正在进行的展色彩丰富，但打卡的人较少，推一个,zh,Wed Oct 09 2024 07:51:53 GMT-0700 (Pacific Daylight Time),徐雷,https://www.google.com/maps/reviews/data=!4m6!14m5!1m4!2m3!1sChZDSUhNMG9nS0VJQ0FnSURuazZ6WkZnEAE!2m1!1s0x30e2993e4e7171df:0xe7b0cdcf6738b029
ChIJ33FxTj6Z4jARKbA4Z8_NsOc,JWD Art Space,ChZDSUhNMG9nS0VJQ0FnSURCczRMTVNREAE,5.0,很有趣的地方,zh,Fri Jan 27 2023 22:48:58 GMT-0800 (Pacific Standard Time),Adam A,https://www.google.com/maps/reviews/data=!4m6!14m5!1m4!2m3!1sChZDSUhNMG9nS0VJQ0FnSURCczRMTVNREAE!2m1!1s0x30e2993e4e7171df:0xe7b0cdcf6738b029
ChIJ33FxTj6Z4jARKbA4Z8_NsOc,JWD Art Space,Ci9DQUlRQUNvZENodHljRjlvT2tkZlpsOVJkM1F4TURGM1IyaHJOazVxWDFRelduYxAB,1.0,太令人失望了。 我和一个男的在一楼转来转去，问他：“你也想找画廊吧？”可是……画廊到底在哪儿啊？ 我们足足转了十分钟。 结果发现画廊在三楼。 费了这么大劲……展览的质量…… 真是差强人意。看完之后感觉空虚寂寞。,zh-CN,Wed Dec 03 2025 14:52:04 GMT-0800 (Pacific Standard Time),yesran,https://www.google.com/maps/reviews/data=!4m6!14m5!1m4!2m3!1sCi9DQUlRQUNvZENodHljRjlvT2tkZlpsOVJkM1F4TURGM1IyaHJOazVxWDFRelduYxAB!2m1!1s0x30e2993e4e7171df:0xe7b0cdcf6738b029
ChIJ33FxTj6Z4jARKbA4Z8_NsOc,JWD Art Space,ChdDSUhNMG9nS0VJQ0FnTUNRbEpQSmx3RRAB,5.0,氛围：空调凉爽舒适，空间宽敞明亮，采光良好。 活动：今天我来看“盘子的使命+伊甸园”展览（我躲在后面）。展览将持续到3月16日。,zh-CN,Sat Mar 01 2025 22:47:10 GMT-0800 (Pacific Standard Time),สุดาพร นัยเนตร,https://www.google.com/maps/reviews/data=!4m6!14m5!1m4!2m3!1sChdDSUhNMG9nS0VJQ0FnTUNRbEpQSmx3RRAB!2m1!1s0x30e2993e4e7171df:0xe7b0cdcf6738b029
ChIJ33FxTj6Z4jARKbA4Z8_NsOc,JWD Art Space,ChZDSUhNMG9nS0VJQ0FnTURBa0pqV0ZnEAE,5.0,空间和展出的艺术品都很漂亮。 三楼展出的是艺术家Yuree Kensaku的作品。,zh-CN,Wed Feb 05 2025 22:31:44 GMT-0800 (Pacific Standard Time),Tanasan Pattanasuttichonlakun,https://www.google.com/maps/reviews/data=!4m6!14m5!1m4!2m3!1sChZDSUhNMG9nS0VJQ0FnTURBa0pqV0ZnEAE!2m1!1s0x30e2993e4e7171df:0xe7b0cdcf6738b029
ChIJ8evyP3KZ4jAR1QgVpP_W5KA,Baan Chao Phraya Art Gallery,Ci9DQUlRQUNvZENodHljRjlvT2pOSlVIRjNlVXBRY3pnMlRYZzRkWEpPYnpJMFUxRRAB,3.0,场馆设施很赞，传统河畔别墅带花园，本次PPT颁奖展览较为一般传统的艺术媒介，有些偏幼稚低龄。,zh,Fri Oct 31 2025 08:50:35 GMT-0700 (Pacific Daylight Time),Leo Bönutz Huang,https://www.google.com/maps/reviews/data=!4m6!14m5!1m4!2m3!1sCi9DQUlRQUNvZENodHljRjlvT2pOSlVIRjNlVXBRY3pnMlRYZzRkWEpPYnpJMFUxRRAB!2m1!1s0x30e299723ff2ebf1:0xa0e4d6ffa41508d5
ChIJ8evyP3KZ4jAR1QgVpP_W5KA,Baan Chao Phraya Art Gallery,ChZDSUhNMG9nS0VJQ0FnSURIakxHcElBEAE,5.0,非常棒的美术馆！工作人员温和有礼貌，艺术展的作品很有趣，美中不足的是作品标题没有英文版，因此我只能依照看画的内容和我自己的感觉来解读作品🤣🤣🤣,zh,Fri Sep 13 2024 00:14:19 GMT-0700 (Pacific Daylight Time),沈慧涓,https://www.google.com/maps/reviews/data=!4m6!14m5!1m4!2m3!1sChZDSUhNMG9nS0VJQ0FnSURIakxHcElBEAE!2m1!1s0x30e299723ff2ebf1:0xa0e4d6ffa41508d5
ChIJ8evyP3KZ4jAR1QgVpP_W5KA,Baan Chao Phraya Art Gallery,ChdDSUhNMG9nS0VJQ0FnSUNScnRYYnNBRRAB,5.0,非常棒，值得一去,zh,Sun Apr 02 2023 02:40:37 GMT-0700 (Pacific Daylight Time),Liang梁希瑶,https://www.google.com/maps/reviews/data=!4m6!14m5!1m4!2m3!1sChdDSUhNMG9nS0VJQ0FnSUNScnRYYnNBRRAB!2m1!1s0x30e299723ff2ebf1:0xa0e4d6ffa41508d5
ChIJ8evyP3KZ4jAR1QgVpP_W5KA,Baan Chao Phraya Art Gallery,Ci9DQUlRQUNvZENodHljRjlvT25wdlExUnpablZCTkdKTmFsWnRibFF3VjIxeVJrRRAB,5.0,湄南河畔一家很棒的小型艺术画廊。环境干净凉爽，而且免费入场。工作人员热情友好，展品丰富。部分作品出售，是绝佳的纪念品。如果您住在附近，强烈推荐您去看看。,zh-CN,Fri Jun 12 2026 08:28:46 GMT-0700 (Pacific Daylight Time),Stevie Alice Grantham,https://www.google.com/maps/reviews/data=!4m6!14m5!1m4!2m3!1sCi9DQUlRQUNvZENodHljRjlvT25wdlExUnpablZCTkdKTmFsWnRibFF3VjIxeVJrRRAB!2m1!1s0x30e299723ff2ebf1:0xa0e4d6ffa41508d5
ChIJ8evyP3KZ4jAR1QgVpP_W5KA,Baan Chao Phraya Art Gallery,Ci9DQUlRQUNvZENodHljRjlvT21VdGJFaFFZMFZGTlMxa1ZGQlZUV3QxY2xoVmFtYxAB,5.0,每次来这里都很有意思。展览轮换，而且免费入场。工作人员超级友好，参观完之后还可以去外面的咖啡馆喝杯饮料放松一下。这周的展览是大学艺术系学生在一楼的作品，他们的老师在二楼的作品。我们甚至还买了一幅作品！,zh-CN,Sat Jul 11 2026 23:01:36 GMT-0700 (Pacific Daylight Time),Maruschka Loupis,https://www.google.com/maps/reviews/data=!4m6!14m5!1m4!2m3!1sCi9DQUlRQUNvZENodHljRjlvT21VdGJFaFFZMFZGTlMxa1ZGQlZUV3QxY2xoVmFtYxAB!2m1!1s0x30e299723ff2ebf1:0xa0e4d6ffa41508d5
ChIJEfFbJYmZ4jARvd8Z0zwb-dw,ASVIN,Ci9DQUlRQUNvZENodHljRjlvT21OTGFXSndNVmhMYUdKNldFdGZWbDl1ZW5oemJYYxAB,4.0,这里曾是泰国娱乐史上领先的电影和音乐公司之一——阿斯温电影公司（Aswin Film）的办公和剪辑工作室。该公司由国王的长子巴努潘·尤加拉王子殿下在二战后期创立，制作了许多被列入国家电影遗产名录的经典影片，例如《Ruen Pae》（1961）、《Phan Thai Norasingh》（1950）以及电影《Baan Sai Thong》的主题曲《Hak Ru Sak Nit》（这首歌被无数次翻唱）。 尽管已关闭超过30年，但建筑、设备、文物和标志都保存完好。目前，其后代已对其进行了修复和翻新，并将其开放为咖啡馆、TANK Store（一家户外装备商店）的展厅以及轮换举办当代艺术和文化活动的场所（最近，他们与泰国电影资料馆（公共组织）合作，组织了“曼谷露天电影院”，放映泰国传奇电影）。,zh-CN,Sat Feb 21 2026 11:12:43 GMT-0800 (Pacific Standard Time),Chanin Makarukpinyo,https://www.google.com/maps/reviews/data=!4m6!14m5!1m4!2m3!1sCi9DQUlRQUNvZENodHljRjlvT21OTGFXSndNVmhMYUdKNldFdGZWbDl1ZW5oemJYYxAB!2m1!1s0x30e29989255bf111:0xdcf91b3cd319dfbd
ChIJEfFbJYmZ4jARvd8Z0zwb-dw,ASVIN,Ci9DQUlRQUNvZENodHljRjlvT2xCVk9WSjFabmxhTWtGclJWOVRNRXh5UzBod04xRRAB,5.0,踏入这里，仿佛穿越回了过去——这里真可谓是曼谷电影历史的缩影。从胶片到放映机，所有古董物件都是值得珍藏的珍贵文物。这里还有一家舒适的咖啡馆，非常适合小憩。楼梯更是独一无二，我从未见过如此设计。这里经常举办音乐表演，与视觉艺术完美融合，营造出沉浸式的艺术氛围。建筑本身也充满了复古的时尚气息，保留了原有的结构——独特、永恒，散发着浓郁的复古魅力。这里甚至还有一个户外探险区，陈列着精美的装备。,zh-CN,Sat Sep 06 2025 16:57:26 GMT-0700 (Pacific Daylight Time),Whereaimsavor,https://www.google.com/maps/reviews/data=!4m6!14m5!1m4!2m3!1sCi9DQUlRQUNvZENodHljRjlvT2xCVk9WSjFabmxhTWtGclJWOVRNRXh5UzBod04xRRAB!2m1!1s0x30e29989255bf111:0xdcf91b3cd319dfbd
ChIJEfFbJYmZ4jARvd8Z0zwb-dw,ASVIN,ChdDSUhNMG9nS0VJQ0FnTUR3N3Z5MmhnRRAB,5.0,这里曾是泰国的“好莱坞”，也是重要的电影制作基地，如今已改造成艺术空间，并巧妙地融合了复古咖啡馆和商店。艺术空间、咖啡馆和商店都竭尽全力，甚至超越预期，努力维护这片土地的精神，精心保护其历史、物质和精神遗产，并将各自的业务巧妙地融入到这个独特的地点。做得好！,zh-CN,Tue Mar 25 2025 17:41:41 GMT-0700 (Pacific Daylight Time),V K,https://www.google.com/maps/reviews/data=!4m6!14m5!1m4!2m3!1sChdDSUhNMG9nS0VJQ0FnTUR3N3Z5MmhnRRAB!2m1!1s0x30e29989255bf111:0xdcf91b3cd319dfbd
ChIJEfFbJYmZ4jARvd8Z0zwb-dw,ASVIN,Ci9DQUlRQUNvZENodHljRjlvT2twQlNuRlVNVGxOU1V0SU5HaFdWVFYzTTJ0cGVYYxAB,5.0,这里是泰国电影产业发展史上的重要场所。目前正在举办微型乐器展览，展期至2026年2月，非常值得一看！,zh-CN,Sun Dec 21 2025 08:14:05 GMT-0800 (Pacific Standard Time),Ros Phoasavadi,https://www.google.com/maps/reviews/data=!4m6!14m5!1m4!2m3!1sCi9DQUlRQUNvZENodHljRjlvT2twQlNuRlVNVGxOU1V0SU5HaFdWVFYzTTJ0cGVYYxAB!2m1!1s0x30e29989255bf111:0xdcf91b3cd319dfbd
ChIJEfFbJYmZ4jARvd8Z0zwb-dw,ASVIN,ChdDSUhNMG9nS0VJQ0FnSUQzdGZtUXV3RRAB,5.0,当历史与时尚相遇，便成就了经典。这家历史悠久的电影公司经过改造，成为一家拥有匠心独具的Tank商店。这里处处皆是适合拍照打卡的网红打卡点。,zh-CN,Sun Nov 17 2024 01:53:14 GMT-0800 (Pacific Standard Time),Werapol Swanpitak,https://www.google.com/maps/reviews/data=!4m6!14m5!1m4!2m3!1sChdDSUhNMG9nS0VJQ0FnSUQzdGZtUXV3RRAB!2m1!1s0x30e29989255bf111:0xdcf91b3cd319dfbd
ChIJvUqFbDuZ4jARe02ncvrP4nM,PLAY art house,Ci9DQUlRQUNvZENodHljRjlvT2sxNE1GbHZaV3N3T1RkRWFqVldZazlhZFU0MFVIYxAB,5.0,我踏入这个地方，立刻就感受到一种干净宁静的氛围，尽管空间本身并不大。我去的时候，这里正在举办一位定居墨尔本的泰国艺术家关于在新城市生活的展览。据说，每个月都会有一位不同的本地艺术家入驻这里，所以每次来都会有独特的体验。无论你是艺术爱好者，还是只是想进来透透气，这里都让人感到宾至如归。这正是宋瓦街（Song Wat）的精髓所在：在街头打造艺术空间，让人们自然而然地被吸引而来。,zh-CN,Fri Jun 05 2026 03:28:44 GMT-0700 (Pacific Daylight Time),leotrails,https://www.google.com/maps/reviews/data=!4m6!14m5!1m4!2m3!1sCi9DQUlRQUNvZENodHljRjlvT2sxNE1GbHZaV3N3T1RkRWFqVldZazlhZFU0MFVIYxAB!2m1!1s0x30e2993b6c854abd:0x73e2cffa72a74d7b
ChIJvUqFbDuZ4jARe02ncvrP4nM,PLAY art house,Ci9DQUlRQUNvZENodHljRjlvT210RVYzRm1Ta2h4WXpobGQxTjJaRzU2Y0hGUU5YYxAB,5.0,那天我想欣赏艺术，于是从河城（River City）走了大约1公里，来到宋卡路（Songkhla Road）上的Playhouse。这次看到的艺术作品是Mr. P和Ms. B的，色彩鲜艳，充满怀旧气息，画中人物活泼可爱，在泰国已经流行很久了，他们以前在暹罗探索中心（Siam Discovery）开过店。Playhouse面积不大，有空调，泰国人和游客络绎不绝地前来参观。,zh-CN,Sun Jun 07 2026 06:53:34 GMT-0700 (Pacific Daylight Time),Padchy K.,https://www.google.com/maps/reviews/data=!4m6!14m5!1m4!2m3!1sCi9DQUlRQUNvZENodHljRjlvT210RVYzRm1Ta2h4WXpobGQxTjJaRzU2Y0hGUU5YYxAB!2m1!1s0x30e2993b6c854abd:0x73e2cffa72a74d7b
ChIJvUqFbDuZ4jARe02ncvrP4nM,PLAY art house,Ci9DQUlRQUNvZENodHljRjlvT21RMFNqUnBXREptVkdkS2JXdEdja2d0TkVkUlNtYxAB,5.0,这家博物馆展出精美的艺术作品。它规模不大，而且免费入场。馆内还出售纪念品，建议您去他们的商店逛逛，以示支持。博物馆里人很多，是艺术爱好者的理想去处。,zh-CN,Sun Feb 01 2026 10:09:32 GMT-0800 (Pacific Standard Time),M,https://www.google.com/maps/reviews/data=!4m6!14m5!1m4!2m3!1sCi9DQUlRQUNvZENodHljRjlvT21RMFNqUnBXREptVkdkS2JXdEdja2d0TkVkUlNtYxAB!2m1!1s0x30e2993b6c854abd:0x73e2cffa72a74d7b
ChIJvUqFbDuZ4jARe02ncvrP4nM,PLAY art house,Ci9DQUlRQUNvZENodHljRjlvT2xsWlVqTkNPR3hoWjBkMFMzRk1hREJJUzNSWGFuYxAB,4.0,免費展覽畫作的店，有販售文創商品，但不便宜，冷氣很強，路過可以來參觀一下,zh-Hant,Sat Mar 07 2026 19:53:15 GMT-0800 (Pacific Standard Time),arragon liu,https://www.google.com/maps/reviews/data=!4m6!14m5!1m4!2m3!1sCi9DQUlRQUNvZENodHljRjlvT2xsWlVqTkNPR3hoWjBkMFMzRk1hREJJUzNSWGFuYxAB!2m1!1s0x30e2993b6c854abd:0x73e2cffa72a74d7b
ChIJvUqFbDuZ4jARe02ncvrP4nM,PLAY art house,Ci9DQUlRQUNvZENodHljRjlvT200NVRFTm9hamRzVUdrM1QxRldUVE16UTFST1pWRRAB,5.0,免费让人参观，里面有好几幅画很赞，也有点小东西在卖，有喜欢也能购买。,zh-CN,Tue Mar 10 2026 06:45:08 GMT-0700 (Pacific Daylight Time),美食地圖,https://www.google.com/maps/reviews/data=!4m6!14m5!1m4!2m3!1sCi9DQUlRQUNvZENodHljRjlvT200NVRFTm9hamRzVUdrM1QxRldUVE16UTFST1pWRRAB!2m1!1s0x30e2993b6c854abd:0x73e2cffa72a74d7b
ChIJQxif_1Kb4jARl0BtmS_mTnE,Kinjai contemporary,Ci9DQUlRQUNvZENodHljRjlvT25jNWR6TTJiMFJ1WVhoSlpHNXVkVFpXTlhKWFVGRRAB,5.0,我喜欢这个空间允许独立团体进行创作。即使是第一次来，我也能感受到组织者和所有者致力于将突破常规的想法变为现实的热情。这里离BTS轻轨站很近，步行即可到达。,zh-CN,Sun Jul 12 2026 04:43:30 GMT-0700 (Pacific Daylight Time),Sakrunkaew,https://www.google.com/maps/reviews/data=!4m6!14m5!1m4!2m3!1sCi9DQUlRQUNvZENodHljRjlvT25jNWR6TTJiMFJ1WVhoSlpHNXVkVFpXTlhKWFVGRRAB!2m1!1s0x30e29b52ff9f1843:0x714ee62f996d4097
ChIJQxif_1Kb4jARl0BtmS_mTnE,Kinjai contemporary,Ci9DQUlRQUNvZENodHljRjlvT2pnNFlURnJjWGw1U210aWJURllaVkpOWDJSQ1dVRRAB,5.0,这个场地太棒了！氛围非常适合举办活动，他们真的做得很好。这是一个多功能的设计空间，而且离地铁站很近。附近的咖啡馆也很棒。,zh-CN,Tue Nov 18 2025 22:29:38 GMT-0800 (Pacific Standard Time),Kanlayawee W,https://www.google.com/maps/reviews/data=!4m6!14m5!1m4!2m3!1sCi9DQUlRQUNvZENodHljRjlvT2pnNFlURnJjWGw1U210aWJURllaVkpOWDJSQ1dVRRAB!2m1!1s0x30e29b52ff9f1843:0x714ee62f996d4097
ChIJQxif_1Kb4jARl0BtmS_mTnE,Kinjai contemporary,Ci9DQUlRQUNvZENodHljRjlvT25SU09FMW5aMUpOT0d4TVYxRkpaV3BzUTJwRVduYxAB,4.0,สถานที่เล็กแต่สามารถใช้ประโยชน์ได้เต็มที่ ข้อเสียคือป้ายแกลอรี่เล็ก ไม่เด่นทำให้เดินเลยไป ถ้าไม่สังเกตุจะมองไม่เห็นเพราะเป็นตึกแถวริมถนนกลืนกับห้องข้างๆ,th,Sat Mar 21 2026 19:53:32 GMT-0700 (Pacific Daylight Time),Dada M,https://www.google.com/maps/reviews/data=!4m6!14m5!1m4!2m3!1sCi9DQUlRQUNvZENodHljRjlvT25SU09FMW5aMUpOT0d4TVYxRkpaV3BzUTJwRVduYxAB!2m1!1s0x30e29b52ff9f1843:0x714ee62f996d4097
ChIJQxif_1Kb4jARl0BtmS_mTnE,Kinjai contemporary,ChdDSUhNMG9nS0VJQ0FnTUNna3FqQTF3RRAB,5.0,这里真是太棒了！这栋楼有四层楼和一个屋顶露台。内部干净时尚（正如您在图片中所见）。氛围很好，而且交通非常便利，离地铁站只有几步之遥。 如果您开车前往，可以停在开泰银行旁边的停车场。,zh-CN,Sat Feb 15 2025 05:12:43 GMT-0800 (Pacific Standard Time),iannn nn,https://www.google.com/maps/reviews/data=!4m6!14m5!1m4!2m3!1sChdDSUhNMG9nS0VJQ0FnTUNna3FqQTF3RRAB!2m1!1s0x30e29b52ff9f1843:0x714ee62f996d4097
ChIJQxif_1Kb4jARl0BtmS_mTnE,Kinjai contemporary,ChZDSUhNMG9nS0VJQ0FnTUNndXRESUJBEAE,4.0,sa-ard 的展览正在展出。 展览名为“2475 图像小说展：Sa-ard 的希望之笔”，展期为 2 月 15 日至 3 月 16 日，开放时间为上午 11:00 至下午 7:00（周一闭馆）。 驾车前往可能不太方便；您需要将车停在展馆前的指定停车场，然后步行前往。展馆位于街道两旁的一排店屋中，没有停车位。,zh-CN,Sun Feb 16 2025 01:42:40 GMT-0800 (Pacific Standard Time),Anon La,https://www.google.com/maps/reviews/data=!4m6!14m5!1m4!2m3!1sChZDSUhNMG9nS0VJQ0FnTUNndXRESUJBEAE!2m1!1s0x30e29b52ff9f1843:0x714ee62f996d4097
ChIJv7P6gsmZ4jARtMaDjoeJeYc,333Gallery,Ci9DQUlRQUNvZENodHljRjlvT21kRGJVbGtWRU16UTFaYVpYZEZkSE5YTTFoU2VXYxAB,4.0,这地方逛逛挺好的，我觉得人不多，而且有很多我挺喜欢的东西在那里陈列的,zh,Mon Sep 08 2025 08:58:36 GMT-0700 (Pacific Daylight Time),dong gu,https://www.google.com/maps/reviews/data=!4m6!14m5!1m4!2m3!1sCi9DQUlRQUNvZENodHljRjlvT21kRGJVbGtWRU16UTFaYVpYZEZkSE5YTTFoU2VXYxAB!2m1!1s0x30e299c982fab3bf:0x877989878e83c6b4
ChIJv7P6gsmZ4jARtMaDjoeJeYc,333Gallery,Ci9DQUlRQUNvZENodHljRjlvT25OS0xXWjFRalJ6YkU5VExYUjVUbTFqYkVrd00xRRAB,4.0,画廊环境优美，主人热情友好，他们都是艺术爱好者。 展览每两到三个月轮换一次。免费入场。 空间宽敞，光线充足，氛围极佳。,zh-CN,Mon Nov 17 2025 15:22:30 GMT-0800 (Pacific Standard Time),Donny Boonyamanop,https://www.google.com/maps/reviews/data=!4m6!14m5!1m4!2m3!1sCi9DQUlRQUNvZENodHljRjlvT25OS0xXWjFRalJ6YkU5VExYUjVUbTFqYkVrd00xRRAB!2m1!1s0x30e299c982fab3bf:0x877989878e83c6b4
ChIJv7P6gsmZ4jARtMaDjoeJeYc,333Gallery,Ci9DQUlRQUNvZENodHljRjlvT21Oa1NVSXdjM293ZFdwaWRWZE1SbmxHUkhKWmFsRRAB,3.0,我很少写差评，所以给了三星，算是中规中矩。我10月18日到的，只看到右边有个小摊位卖东西。左边我看到一些关于宠物的东西，所以就没再往前看。我当时想“难道根本没有画廊吗？”，就离开了。后来我在网上查了一下，才知道他们其实有个画廊，是我错过了。 是的，这完全是我的错。不过，相比我这次曼谷之行参观的其他画廊，其他地方的工作人员都更热情，给了我很多有用的建议。 我来Warehouse30的主要目的就是为了333Gallery和Curu Gallery。有点失望。还好Curu的工作人员非常热心。,zh-CN,Thu Oct 23 2025 21:56:36 GMT-0700 (Pacific Daylight Time),Duong Nguyen H.,https://www.google.com/maps/reviews/data=!4m6!14m5!1m4!2m3!1sCi9DQUlRQUNvZENodHljRjlvT21Oa1NVSXdjM293ZFdwaWRWZE1SbmxHUkhKWmFsRRAB!2m1!1s0x30e299c982fab3bf:0x877989878e83c6b4
ChIJv7P6gsmZ4jARtMaDjoeJeYc,333Gallery,ChdDSUhNMG9nS0VJQ0FnSURQd3VEWTJRRRAB,5.0,CARBON BLACK 的“安全屋 7 号”展览诚邀您穿越时空，重温电子游戏童年的美好时光。每一件充满活力的作品都如同一扇窗户，将我们带入流行文化盛行的时代。明亮的色彩、放大的像素以及对经典游戏的致敬，瞬间将我们带入一个充满趣味和怀旧的世界。我们仿佛置身于昔日英雄的世界中，并被赋予了一丝讽刺和现代感。就我而言，我甚至注意到了它对我偶像史酷比的致敬🤣。 “安全屋 7 号”不仅仅是一场展览，更是一场唤醒我们内心童真的沉浸式体验。从这个平行宇宙中走出来，我们既感到怀旧，又充满能量，准备以全新的视角应对当下的挑战。这段穿越时光的旅程之所以格外引人注目，是因为它发生在30号仓库的独特环境中。这座由工业建筑改造而成的综合体，为复古和原创爱好者提供了众多珍品。漫步于此地及其周边街道，您会发现概念精品店、艺术家工作室以及致力于城市文化的空间（后街墙壁上的街头艺术涂鸦）。 另一条街上的L'Atelier 119，拥有原创艺术品和非常酷炫（也非常棒）的咖啡馆理念，提供各种小吃。 对于那些寻找独特藏品的人来说（当然，前提是钱包鼓鼓！！），30号仓库里的Horse Unit，以及它改装的军用剩余物资，是一个不容错过、令人难以抗拒的去处。,zh-CN,Mon Dec 02 2024 01:24:32 GMT-0800 (Pacific Standard Time),Vincent D,https://www.google.com/maps/reviews/data=!4m6!14m5!1m4!2m3!1sChdDSUhNMG9nS0VJQ0FnSURQd3VEWTJRRRAB!2m1!1s0x30e299c982fab3bf:0x877989878e83c6b4
ChIJv7P6gsmZ4jARtMaDjoeJeYc,333Gallery,Ci9DQUlRQUNvZENodHljRjlvT2t4UVR6QndVbk41U0Vjd09GUldlVmx1TXpWcE9WRRAB,4.0,这家画廊很不错，可惜照片拍不出它的美。你可能去了之后会错过谷歌地图上显示的装置艺术或画作，因为这完全取决于你是否看过某个特定艺术家的展览。有时候，你可能像我一样运气不好。而且，这里也没有什么特别的展览。,zh-CN,Wed Mar 25 2026 13:10:50 GMT-0700 (Pacific Daylight Time),Nik Turley,https://www.google.com/maps/reviews/data=!4m6!14m5!1m4!2m3!1sCi9DQUlRQUNvZENodHljRjlvT2t4UVR6QndVbk41U0Vjd09GUldlVmx1TXpWcE9WRRAB!2m1!1s0x30e299c982fab3bf:0x877989878e83c6b4
ChIJsQW2s6CZ4jARKCwV_40G50c,"Art Centre, Silpakorn University",ChZDSUhNMG9nS0VJQ0FnSURuazZTUFRREAE,5.0,可能是泰国最好的艺术大学，以一个意大利艺术家命名（被称作泰国当代艺术之父），里面的画廊经常举办高质量的展览，游客也可以进去花20baht去参观他们的图书馆,zh,Wed Oct 09 2024 07:44:41 GMT-0700 (Pacific Daylight Time),徐雷,https://www.google.com/maps/reviews/data=!4m6!14m5!1m4!2m3!1sChZDSUhNMG9nS0VJQ0FnSURuazZTUFRREAE!2m1!1s0x30e299a0b3b605b1:0x47e7068dff152c28
ChIJsQW2s6CZ4jARKCwV_40G50c,"Art Centre, Silpakorn University",ChdDSUhNMG9nS0VJQ0FnSUNfLXF6bzZ3RRAB,5.0,非常舒服的校园 很棒的展览！去完大皇宫非常建议过来走走,zh,Wed Jan 15 2025 04:04:13 GMT-0800 (Pacific Standard Time),Huidi Zhan,https://www.google.com/maps/reviews/data=!4m6!14m5!1m4!2m3!1sChdDSUhNMG9nS0VJQ0FnSUNfLXF6bzZ3RRAB!2m1!1s0x30e299a0b3b605b1:0x47e7068dff152c28
ChIJsQW2s6CZ4jARKCwV_40G50c,"Art Centre, Silpakorn University",ChZDSUhNMG9nS0VJQ0FnSUQzcWV6bmJREAE,5.0,这是一个非常有趣的艺术空间……在那里你可以看到学生和泰国艺术家的作品……展览内容经常更换，所以你可以看到从纯艺术到应用艺术等各种不同的艺术风格……我也很喜欢那里的东西……他们非常专业，看得出来他们很喜欢展览，也对各种主题都很了解，而且对展出的艺术作品也了如指掌。,zh-CN,Sat Nov 16 2024 01:32:51 GMT-0800 (Pacific Standard Time),Klaus Slippens,https://www.google.com/maps/reviews/data=!4m6!14m5!1m4!2m3!1sChZDSUhNMG9nS0VJQ0FnSUQzcWV6bmJREAE!2m1!1s0x30e299a0b3b605b1:0x47e7068dff152c28
ChIJsQW2s6CZ4jARKCwV_40G50c,"Art Centre, Silpakorn University",ChZDSUhNMG9nS0VJQ0FnSUROLWZpYmN3EAE,5.0,这座历史建筑（画廊）完美融合了泰国传统与泰国当代艺术的现在和未来。即使你并非艺术爱好者，也只需前来参观，探索画廊空间的优美氛围，便会感到无比惬意。,zh-CN,Tue Jan 23 2024 19:27:01 GMT-0800 (Pacific Standard Time),Oum Bhumichitra,https://www.google.com/maps/reviews/data=!4m6!14m5!1m4!2m3!1sChZDSUhNMG9nS0VJQ0FnSUROLWZpYmN3EAE!2m1!1s0x30e299a0b3b605b1:0x47e7068dff152c28
ChIJsQW2s6CZ4jARKCwV_40G50c,"Art Centre, Silpakorn University",ChdDSUhNMG9nS0VJQ0FnSURoaE5YanV3RRAB,4.0,作为一家免费入场的艺术博物馆，展览定期更换，只要时间安排得当，就能欣赏到相当不错的展览。由于它坐落在一栋古老的建筑内，你还能额外欣赏到其内部装潢。,zh-CN,Wed Mar 01 2023 05:07:19 GMT-0800 (Pacific Standard Time),백경민,https://www.google.com/maps/reviews/data=!4m6!14m5!1m4!2m3!1sChdDSUhNMG9nS0VJQ0FnSURoaE5YanV3RRAB!2m1!1s0x30e299a0b3b605b1:0x47e7068dff152c28
ChIJVWy8_NCZ4jARdBX6pnKhDhI,Art4C Art Centre,Ci9DQUlRQUNvZENodHljRjlvT21Wd2JuRTFiMlJMVkc1eGRFUmxhMEl0Ym5JM05GRRAB,5.0,2026年2月26日，我偶然参观了苏梅特·蓬钦里特教授的画展，由此发现了这个地方。这是曼谷市中心最有趣的艺术展览之一。虽然没有停车位，但乘坐地铁蓝线即可轻松抵达。 一楼是一家专营优质可可和巧克力的咖啡馆，价格也反映了这一点。,zh-CN,Sun Mar 01 2026 19:50:29 GMT-0800 (Pacific Standard Time),Srunnont Phanarkas,https://www.google.com/maps/reviews/data=!4m6!14m5!1m4!2m3!1sCi9DQUlRQUNvZENodHljRjlvT21Wd2JuRTFiMlJMVkc1eGRFUmxhMEl0Ym5JM05GRRAB!2m1!1s0x30e299d0fcbc6c55:0x120ea172a6fa1574
ChIJVWy8_NCZ4jARdBX6pnKhDhI,Art4C Art Centre,Ci9DQUlRQUNvZENodHljRjlvT2pWeVEwbHZPRXhGTnkxUGIycEViRU5CYVhnNU0wRRAB,5.0,这家店很可爱，而且交通便利。,zh-CN,Tue Apr 14 2026 19:00:04 GMT-0700 (Pacific Daylight Time),Jr. go.go.,https://www.google.com/maps/reviews/data=!4m6!14m5!1m4!2m3!1sCi9DQUlRQUNvZENodHljRjlvT2pWeVEwbHZPRXhGTnkxUGIycEViRU5CYVhnNU0wRRAB!2m1!1s0x30e299d0fcbc6c55:0x120ea172a6fa1574
ChIJVWy8_NCZ4jARdBX6pnKhDhI,Art4C Art Centre,Ci9DQUlRQUNvZENodHljRjlvT2tSQ1ZtVkJXV3RUU2tSNmNHMHpPVkZ1VWpGUE4xRRAB,5.0,一家很棒的画廊，里面还附设一家小商店和咖啡馆。 策展人很有创意，展览也常常别具一格。 三楼有一个汇集多位艺术家作品的综合展览和销售区，其中不乏一些新锐艺术家，非常值得一看。 一楼则出售各种各样的商品——各种手工制品（画作、明信片、贴纸、首饰等等），还有手工巧克力。绝对不容错过！,zh-CN,Tue Jul 22 2025 21:06:18 GMT-0700 (Pacific Daylight Time),Mila Azhnikova (БА ГД),https://www.google.com/maps/reviews/data=!4m6!14m5!1m4!2m3!1sCi9DQUlRQUNvZENodHljRjlvT2tSQ1ZtVkJXV3RUU2tSNmNHMHpPVkZ1VWpGUE4xRRAB!2m1!1s0x30e299d0fcbc6c55:0x120ea172a6fa1574
ChIJVWy8_NCZ4jARdBX6pnKhDhI,Art4C Art Centre,Ci9DQUlRQUNvZENodHljRjlvT2pOdFRrSXllVVpuVUVKMldtNUJVRXhWVGxGUlExRRAB,5.0,这是我第一次来，我是来参加画廊之夜活动，参观艺术展览的。主咖啡厅和整个空间都非常有趣。我很喜欢这种为小型艺术家提供展示作品空间的理念。,zh-CN,Sat Nov 22 2025 05:03:46 GMT-0800 (Pacific Standard Time),Z.Mantayaray,https://www.google.com/maps/reviews/data=!4m6!14m5!1m4!2m3!1sCi9DQUlRQUNvZENodHljRjlvT2pOdFRrSXllVVpuVUVKMldtNUJVRXhWVGxGUlExRRAB!2m1!1s0x30e299d0fcbc6c55:0x120ea172a6fa1574
ChIJVWy8_NCZ4jARdBX6pnKhDhI,Art4C Art Centre,ChZDSUhNMG9nS0VJQ0FnSURtMDl5TEl3EAE,5.0,这是一家位于拉玛四路（Rama IV Road）的路边画廊，靠近三岩城（Samyan Mitrtown）。从三岩地铁站（Samyan MRT station）下车，步行一小段路即可到达。一楼是一家咖啡厅，提供米饭、羊角面包、茶和咖啡等简餐，味道都很不错。二楼和三楼则用于举办轮换艺术展览。这是一个非常有趣的空间。,zh-CN,Tue Feb 08 2022 04:45:42 GMT-0800 (Pacific Standard Time),Tarn Pailin,https://www.google.com/maps/reviews/data=!4m6!14m5!1m4!2m3!1sChZDSUhNMG9nS0VJQ0FnSURtMDl5TEl3EAE!2m1!1s0x30e299d0fcbc6c55:0x120ea172a6fa1574
ChIJ1Vk4Wdee4jARti6xbr7k2no,Nova Contemporary,Ci9DQUlRQUNvZENodHljRjlvT2tWME1YWmhNWE5rVmxFNGJIVm1PVGszU0haek5sRRAB,5.0,曼谷必去的当代艺术画廊之一。 您总能在这里欣赏到泰国艺术家的高质量精彩展览。,zh-CN,Tue May 12 2026 04:45:35 GMT-0700 (Pacific Daylight Time),Anna Kato,https://www.google.com/maps/reviews/data=!4m6!14m5!1m4!2m3!1sCi9DQUlRQUNvZENodHljRjlvT2tWME1YWmhNWE5rVmxFNGJIVm1PVGszU0haek5sRRAB!2m1!1s0x30e29ed7593859d5:0x7adae4be6eb12eb6
ChIJ1Vk4Wdee4jARti6xbr7k2no,Nova Contemporary,ChZDSUhNMG9nS0VMVDVqdG5yNjhydUt3EAE,5.0,Nova新艺廊坐落于曼谷热闹的街边，这次前往不只是为了参观展览，更是为了感受全新空间的能量。空间设计保留了城市的粗犷质地，却又加入极简的线条与光影变化，让作品在其中自然呼吸。展览本身延续Nova一贯当代视角，作品在空间中的编排显得克制而深刻，观者得以缓慢移动、逐层感受其思想层次。无论是对空间的掌握、作品的挑选，或是整体的氛围营造，Nova都展现了对当代艺术语境的敏锐回应。这是一个值得再三造访的场域，每一次都会留下新的感知与想像。,zh-CN,Fri May 16 2025 11:06:51 GMT-0700 (Pacific Daylight Time),Cc,https://www.google.com/maps/reviews/data=!4m6!14m5!1m4!2m3!1sChZDSUhNMG9nS0VMVDVqdG5yNjhydUt3EAE!2m1!1s0x30e29ed7593859d5:0x7adae4be6eb12eb6
ChIJ1Vk4Wdee4jARti6xbr7k2no,Nova Contemporary,Ci9DQUlRQUNvZENodHljRjlvT25WTVFscDRXbWRGYkRkQ1QyVm5OR3hFTkRsT05WRRAB,5.0,非常现代，虽然不大，但值得一去。,zh-CN,Thu Dec 18 2025 02:29:37 GMT-0800 (Pacific Standard Time),Rocky Lee,https://www.google.com/maps/reviews/data=!4m6!14m5!1m4!2m3!1sCi9DQUlRQUNvZENodHljRjlvT25WTVFscDRXbWRGYkRkQ1QyVm5OR3hFTkRsT05WRRAB!2m1!1s0x30e29ed7593859d5:0x7adae4be6eb12eb6
ChIJ1Vk4Wdee4jARti6xbr7k2no,Nova Contemporary,Ci9DQUlRQUNvZENodHljRjlvT2xWUFprbFdhM2x0Y1cxS1QzcG1YM1J1UVdwUk0yYxAB,5.0,位于曼谷市中心，小巧精致的超现代艺术画廊。,zh-CN,Mon Nov 10 2025 23:57:23 GMT-0800 (Pacific Standard Time),V K,https://www.google.com/maps/reviews/data=!4m6!14m5!1m4!2m3!1sCi9DQUlRQUNvZENodHljRjlvT2xWUFprbFdhM2x0Y1cxS1QzcG1YM1J1UVdwUk0yYxAB!2m1!1s0x30e29ed7593859d5:0x7adae4be6eb12eb6
ChIJ1Vk4Wdee4jARti6xbr7k2no,Nova Contemporary,ChZDSUhNMG9nS0VJQ0FnSUNpbUtMbExBEAE,4.0,氛围很好，厨房空间也很舒适。虽然不算很大，但它位于曼谷市中心，交通非常便利。,zh-CN,Tue Oct 20 2020 04:57:55 GMT-0700 (Pacific Daylight Time),PATTO Ch,https://www.google.com/maps/reviews/data=!4m6!14m5!1m4!2m3!1sChZDSUhNMG9nS0VJQ0FnSUNpbUtMbExBEAE!2m1!1s0x30e29ed7593859d5:0x7adae4be6eb12eb6
ChIJ6S11-Xqf4jAR2nn8VfBirGE,Chaloem La Art House,Ci9DQUlRQUNvZENodHljRjlvT25kTmNqWklUVzV2UTBablNHNHpURzVGVDNSa2JsRRAB,5.0,在这条小巷里发现这样一家迷人的画廊，真是个惊喜。 这里正在举办一场泰国艺术家作品的混合展，风格各异。所有画作均可出售，价格最高可达2万泰铢。 此外，画廊还出售纪念品、明信片和珠宝。 除了艺术品，画廊本身的装饰也别具一格，非常值得一去。,zh-CN,Thu Jun 18 2026 06:49:33 GMT-0700 (Pacific Daylight Time),Mila Azhnikova (БА ГД),https://www.google.com/maps/reviews/data=!4m6!14m5!1m4!2m3!1sCi9DQUlRQUNvZENodHljRjlvT25kTmNqWklUVzV2UTBablNHNHpURzVGVDNSa2JsRRAB!2m1!1s0x30e29f7af9752de9:0x61ac62f055fc79da
ChIJ6S11-Xqf4jAR2nn8VfBirGE,Chaloem La Art House,Ci9DQUlRQUNvZENodHljRjlvT2pCbk16Z3diRWx1UVVZdGRHeFZYMHh4YkhCdU5GRRAB,5.0,多么令人着迷的画廊！ 这家画廊绝对是拉差贴威区的一颗隐藏的宝石！我对它的第一印象是：这里太特别了！我喜欢这里的街头艺术，以及它那种原始的质感！ 如果你喜欢当代艺术和酷炫的美学，一定要来这家画廊看看。 最重要的是，它还是免费入场的！ 我最近去看了他们的展览，照片真的太棒了。我还幸运地见到了摄影师本人 Jesper Haynes！真希望更多人知道这个神奇的地方！ 工作人员非常热情友好，他们帮助我更好地了解展览，我还买了两幅他们的摄影作品！ 下次展览我一定还会再来！,zh-CN,Sat Feb 14 2026 23:31:07 GMT-0800 (Pacific Standard Time),Zyndel Federick,https://www.google.com/maps/reviews/data=!4m6!14m5!1m4!2m3!1sCi9DQUlRQUNvZENodHljRjlvT2pCbk16Z3diRWx1UVVZdGRHeFZYMHh4YkhCdU5GRRAB!2m1!1s0x30e29f7af9752de9:0x61ac62f055fc79da
ChIJ6S11-Xqf4jAR2nn8VfBirGE,Chaloem La Art House,Ci9DQUlRQUNvZENodHljRjlvT25KcGVtWjNUVVk1YW5OV1IxWmpVVVZNU3pKZloxRRAB,5.0,在距离拉差得威轻轨站步行五分钟的这家三层画廊，我赶上了“纽约暗室”（杰斯珀·海恩斯）展览的倒数第二天。 画廊免费入场，我非常喜欢这些照片，它们展现了我曾在八十年代末期在纽约生活过几个月的景象。展览展出了八九十年代的黑白照片，完美地捕捉了这座充满活力、略带叛逆的城市——犯罪、夜生活、享乐和颓废。 照片精彩绝伦，我很高兴自己费心找到了这家名为“Chaloem La Art House”的画廊。以后我会继续关注这里的展览。,zh-CN,Fri Feb 13 2026 17:07:50 GMT-0800 (Pacific Standard Time),D J,https://www.google.com/maps/reviews/data=!4m6!14m5!1m4!2m3!1sCi9DQUlRQUNvZENodHljRjlvT25KcGVtWjNUVVk1YW5OV1IxWmpVVVZNU3pKZloxRRAB!2m1!1s0x30e29f7af9752de9:0x61ac62f055fc79da
ChIJ6S11-Xqf4jAR2nn8VfBirGE,Chaloem La Art House,Ci9DQUlRQUNvZENodHljRjlvT2tJNFFWZzFTREpoUkRWNU56WTJhR1ZxYVhNeFYwRRAB,5.0,这家超酷的艺术馆藏身于拉差贴威区，氛围极佳，强烈推荐！从暹罗广场和曼谷艺术文化中心步行即可轻松到达。,zh-CN,Wed Jun 10 2026 17:57:24 GMT-0700 (Pacific Daylight Time),SURA TUCK,https://www.google.com/maps/reviews/data=!4m6!14m5!1m4!2m3!1sCi9DQUlRQUNvZENodHljRjlvT2tJNFFWZzFTREpoUkRWNU56WTJhR1ZxYVhNeFYwRRAB!2m1!1s0x30e29f7af9752de9:0x61ac62f055fc79da
ChIJ6S11-Xqf4jAR2nn8VfBirGE,Chaloem La Art House,Ci9DQUlRQUNvZENodHljRjlvT2tveGFUZEhUbTFMVTJjMWFqYzVRWG8yU0VONWQyYxAB,5.0,นิทรรศการหมุนเวียน รอบนี้สวยดี แอร์เย็น มีห้องน้ำให้บริการ มี 3 ชั้น มุมถ่ายรูปเยอะ ไม่มีที่จอดรถ แนะนำ รฟฟ แล้วเดินมาไม่ไกล,th,Mon Mar 23 2026 21:59:27 GMT-0700 (Pacific Daylight Time),Robert RW,https://www.google.com/maps/reviews/data=!4m6!14m5!1m4!2m3!1sCi9DQUlRQUNvZENodHljRjlvT2tveGFUZEhUbTFMVTJjMWFqYzVRWG8yU0VONWQyYxAB!2m1!1s0x30e29f7af9752de9:0x61ac62f055fc79da
ChIJvR3_XACZ4jARUm03g4C3LS8,10 10 Art Space,Ci9DQUlRQUNvZENodHljRjlvT2xFMVUzUktNWEJYWVhOVWVqRjFOVEJZVGpKMVNGRRAB,5.0,很棒的免费艺术画廊。我们很喜欢那些猫咪画作。那里还有咖啡馆、免费洗手间和纪念品商店。,zh-CN,Tue Sep 30 2025 02:09:57 GMT-0700 (Pacific Daylight Time),Alina Schmidt-Fischer,https://www.google.com/maps/reviews/data=!4m6!14m5!1m4!2m3!1sCi9DQUlRQUNvZENodHljRjlvT2xFMVUzUktNWEJYWVhOVWVqRjFOVEJZVGpKMVNGRRAB!2m1!1s0x30e299005cff1dbd:0x2f2db78083376d52
ChIJvR3_XACZ4jARUm03g4C3LS8,10 10 Art Space,Ci9DQUlRQUNvZENodHljRjlvT2pGMGJuVnhTRk5aT1RaemRGOUdRVWgxY1c0elZGRRAB,5.0,位于帕阿提路，恰约帕亚河畔，是一个很酷很有趣的艺术空间。你可以在这里自由漫步，如果喜欢，还可以在河边喝杯咖啡或吃点小吃。,zh-CN,Fri Sep 19 2025 19:40:42 GMT-0700 (Pacific Daylight Time),Dr. Subhasree Ray,https://www.google.com/maps/reviews/data=!4m6!14m5!1m4!2m3!1sCi9DQUlRQUNvZENodHljRjlvT2pGMGJuVnhTRk5aT1RaemRGOUdRVWgxY1c0elZGRRAB!2m1!1s0x30e299005cff1dbd:0x2f2db78083376d52
ChIJvR3_XACZ4jARUm03g4C3LS8,10 10 Art Space,Ci9DQUlRQUNvZENodHljRjlvT2s5YUxUaHFhMmwyYTJORE5rNDRZV3hUVXpsUVIyYxAB,5.0,这里非常安静凉爽，空气清新。你可以在这里欣赏到近期艺术家的作品。这里还有一家纪念品商店。,zh-CN,Sat Oct 04 2025 06:13:55 GMT-0700 (Pacific Daylight Time),麻衣,https://www.google.com/maps/reviews/data=!4m6!14m5!1m4!2m3!1sCi9DQUlRQUNvZENodHljRjlvT2s5YUxUaHFhMmwyYTJORE5rNDRZV3hUVXpsUVIyYxAB!2m1!1s0x30e299005cff1dbd:0x2f2db78083376d52
ChIJvR3_XACZ4jARUm03g4C3LS8,10 10 Art Space,Ci9DQUlRQUNvZENodHljRjlvT2xvNU0zQjZSM2wwUVhvM1UwUm9Vek5JU0Y5b05IYxAB,5.0,我来这里是因为ChatGPT推荐这里是个艺术/创意空间。但这里似乎没什么适合普通公众/游客参观的东西。,zh-CN,Fri Feb 27 2026 01:36:47 GMT-0800 (Pacific Standard Time),Michael,https://www.google.com/maps/reviews/data=!4m6!14m5!1m4!2m3!1sCi9DQUlRQUNvZENodHljRjlvT2xvNU0zQjZSM2wwUVhvM1UwUm9Vek5JU0Y5b05IYxAB!2m1!1s0x30e299005cff1dbd:0x2f2db78083376d52
ChIJvR3_XACZ4jARUm03g4C3LS8,10 10 Art Space,Ci9DQUlRQUNvZENodHljRjlvT25sTU0yaDBOSGxJY1RoelpWSnJURVkyUW1kMFIyYxAB,5.0,我参观了非常棒的“CAT-A-LOGUE”展览。 不错的艺术画廊，免费入场。,zh-CN,Tue Sep 30 2025 08:40:10 GMT-0700 (Pacific Daylight Time),Gala Starazhylava,https://www.google.com/maps/reviews/data=!4m6!14m5!1m4!2m3!1sCi9DQUlRQUNvZENodHljRjlvT25sTU0yaDBOSGxJY1RoelpWSnJURVkyUW1kMFIyYxAB!2m1!1s0x30e299005cff1dbd:0x2f2db78083376d52
ChIJtwjWdNue4jARvwyk6IAzoFc,100 Ton Son Foundation,ChZDSUhNMG9nS0VJQ0FnSUNXOC12d1Z3EAE,3.0,什么也不是的画廊…,zh,Sun Mar 06 2022 05:18:15 GMT-0800 (Pacific Standard Time),lin lin,https://www.google.com/maps/reviews/data=!4m6!14m5!1m4!2m3!1sChZDSUhNMG9nS0VJQ0FnSUNXOC12d1Z3EAE!2m1!1s0x30e29edb74d608b7:0x57a03380e8a40cbf
ChIJtwjWdNue4jARvwyk6IAzoFc,100 Ton Son Foundation,Ci9DQUlRQUNvZENodHljRjlvT21Ka1ZYZzFNalJ3YlVKcWQxaFhaVzUzTFV0VVVWRRAB,5.0,我于2026年5月28日参观了这家画廊。它位于曼谷市中心一个别具一格的街区，坐落在一栋令人印象深刻的小建筑内。当时正在举办Araya Rasdjarmrearnsook的新书发布会：《花束与花环》。我花了两个小时，反复观看了几次视听展示，感觉非常值得。之后，我在附近的Central Embassy购物中心享用了晚餐，为这一天画上了圆满的句号。,zh-CN,Mon Jun 01 2026 19:57:39 GMT-0700 (Pacific Daylight Time),Yeong Seo,https://www.google.com/maps/reviews/data=!4m6!14m5!1m4!2m3!1sCi9DQUlRQUNvZENodHljRjlvT21Ka1ZYZzFNalJ3YlVKcWQxaFhaVzUzTFV0VVVWRRAB!2m1!1s0x30e29edb74d608b7:0x57a03380e8a40cbf
ChIJtwjWdNue4jARvwyk6IAzoFc,100 Ton Son Foundation,Ci9DQUlRQUNvZENodHljRjlvT2xaQlRrNDRSa0ZrYkZGRFNHTnJaWEUzV1UxMVgzYxAB,5.0,我很高兴能参观这个收藏了众多艺术家珍稀作品的基金会。,zh-CN,Fri Apr 10 2026 23:26:45 GMT-0700 (Pacific Daylight Time),Somroek Anansitthichok,https://www.google.com/maps/reviews/data=!4m6!14m5!1m4!2m3!1sCi9DQUlRQUNvZENodHljRjlvT2xaQlRrNDRSa0ZrYkZGRFNHTnJaWEUzV1UxMVgzYxAB!2m1!1s0x30e29edb74d608b7:0x57a03380e8a40cbf
ChIJtwjWdNue4jARvwyk6IAzoFc,100 Ton Son Foundation,ChdDSUhNMG9nS0VJQ0FnSUQtbnZ5WHFnRRAB,5.0,"NOVEMBER 26, 2022 - MAY 28, 2023 FIELD COLLAPSE Artist(s) Savinee Buranasilapin Tom Dannecker At 100 Tonson Foundation ,Bangkok ,Thailand Field Collapse is a gallery-based environment inspired by construction sites, where the details of a work-in-progress communicate social, economic, and aesthetic messages that often go unread.",en,Wed Nov 30 2022 05:29:22 GMT-0800 (Pacific Standard Time),rajchasate sornkom,https://www.google.com/maps/reviews/data=!4m6!14m5!1m4!2m3!1sChdDSUhNMG9nS0VJQ0FnSUQtbnZ5WHFnRRAB!2m1!1s0x30e29edb74d608b7:0x57a03380e8a40cbf
ChIJtwjWdNue4jARvwyk6IAzoFc,100 Ton Son Foundation,ChdDSUhNMG9nS0VJQ0FnTUNnb3FXZ3ZBRRAB,5.0,这家小巧却别致的画廊，在炎炎夏日里着实令人惊喜。我们在凉爽的画廊里欣赏了一系列泰国录像艺术作品。这真是一次深入了解曼谷当代艺术的绝佳机会。下次来曼谷我一定还会再来。而且，画廊毗邻本查基蒂公园，是消磨曼谷美好下午时光的理想去处。,zh-CN,Sat Feb 15 2025 02:39:35 GMT-0800 (Pacific Standard Time),funkycitizen,https://www.google.com/maps/reviews/data=!4m6!14m5!1m4!2m3!1sChdDSUhNMG9nS0VJQ0FnTUNnb3FXZ3ZBRRAB!2m1!1s0x30e29edb74d608b7:0x57a03380e8a40cbf
ChIJt_eOuhdhHTERhEAm1uVd7k4,L.O.F. Gallery,Ci9DQUlRQUNvZENodHljRjlvT2tKNWFHNVVUeTFLVm1kTWIwbFJNbWhJYVZjdGRtYxAB,5.0,气氛很好。这是一间小公寓，附近还有几家可爱的咖啡馆。,zh-CN,Wed Nov 19 2025 16:11:09 GMT-0800 (Pacific Standard Time),The street walker,https://www.google.com/maps/reviews/data=!4m6!14m5!1m4!2m3!1sCi9DQUlRQUNvZENodHljRjlvT2tKNWFHNVVUeTFLVm1kTWIwbFJNbWhJYVZjdGRtYxAB!2m1!1s0x311d6117ba8ef7b7:0x4eee5de5d6264084
ChIJt_eOuhdhHTERhEAm1uVd7k4,L.O.F. Gallery,ChZDSUhNMG9nS0VOYThfY1NpcXZlOE9nEAE,5.0,舒适的地方 停车有点困难，但还能应付。,zh-CN,Thu May 29 2025 03:33:08 GMT-0700 (Pacific Daylight Time),ray sachaskuldesh,https://www.google.com/maps/reviews/data=!4m6!14m5!1m4!2m3!1sChZDSUhNMG9nS0VOYThfY1NpcXZlOE9nEAE!2m1!1s0x311d6117ba8ef7b7:0x4eee5de5d6264084
ChIJt_eOuhdhHTERhEAm1uVd7k4,L.O.F. Gallery,Ci9DQUlRQUNvZENodHljRjlvT21KUVNHdHZSelJtTWpGb2JHbzFjMDFsYlU5R0xWRRAB,5.0,,,Sun Dec 21 2025 02:39:20 GMT-0800 (Pacific Standard Time),Supachok Phonchaiyasit,https://www.google.com/maps/reviews/data=!4m6!14m5!1m4!2m3!1sCi9DQUlRQUNvZENodHljRjlvT21KUVNHdHZSelJtTWpGb2JHbzFjMDFsYlU5R0xWRRAB!2m1!1s0x311d6117ba8ef7b7:0x4eee5de5d6264084
ChIJt_eOuhdhHTERhEAm1uVd7k4,L.O.F. Gallery,Ci9DQUlRQUNvZENodHljRjlvT25aSFRrTTNTVTUyTjBGYVZGRndiWFp4ZWtGNGVWRRAB,5.0,,,Sun Oct 05 2025 23:55:30 GMT-0700 (Pacific Daylight Time),Er Got,https://www.google.com/maps/reviews/data=!4m6!14m5!1m4!2m3!1sCi9DQUlRQUNvZENodHljRjlvT25aSFRrTTNTVTUyTjBGYVZGRndiWFp4ZWtGNGVWRRAB!2m1!1s0x311d6117ba8ef7b7:0x4eee5de5d6264084
ChIJm9fULQCZ4jARrXzQ7YHlIYc,บ้านตันติเวชกุล (Tantivejkul’s House),ChdDSUhNMG9nS0VJQ0FnTUNRek9LeS1BRRAB,3.0,我是在曼谷设计周期间去的。那里很热，而且比较老旧，所以上楼梯的时候要小心。不过，楼下有一些空房间和开放空间，很适合举办艺术展览。,zh-CN,Sun Mar 02 2025 06:10:17 GMT-0800 (Pacific Standard Time),G Nawa,https://www.google.com/maps/reviews/data=!4m6!14m5!1m4!2m3!1sChdDSUhNMG9nS0VJQ0FnTUNRek9LeS1BRRAB!2m1!1s0x30e299002dd4d79b:0x8721e581edd07cad
ChIJm9fULQCZ4jARrXzQ7YHlIYc,บ้านตันติเวชกุล (Tantivejkul’s House),ChdDSUhNMG9nS0VJQ0FnTUN3aDlXRXRnRRAB,4.0,,,Fri Mar 21 2025 07:52:48 GMT-0700 (Pacific Daylight Time),Padkaprao,https://www.google.com/maps/reviews/data=!4m6!14m5!1m4!2m3!1sChdDSUhNMG9nS0VJQ0FnTUN3aDlXRXRnRRAB!2m1!1s0x30e299002dd4d79b:0x8721e581edd07cad
ChIJm9fULQCZ4jARrXzQ7YHlIYc,บ้านตันติเวชกุล (Tantivejkul’s House),ChdDSUhNMG9nS0VJQ0FnTUNnMDQzQmlnRRAB,4.0,,,Thu Feb 20 2025 07:00:07 GMT-0800 (Pacific Standard Time),Nopmanee Kahraman,https://www.google.com/maps/reviews/data=!4m6!14m5!1m4!2m3!1sChdDSUhNMG9nS0VJQ0FnTUNnMDQzQmlnRRAB!2m1!1s0x30e299002dd4d79b:0x8721e581edd07cad
ChIJm9fULQCZ4jARrXzQ7YHlIYc,บ้านตันติเวชกุล (Tantivejkul’s House),ChdDSUhNMG9nS0VJQ0FnTUNnNWVDbndnRRAB,5.0,,,Wed Feb 19 2025 01:47:13 GMT-0800 (Pacific Standard Time),PEERA “P”,https://www.google.com/maps/reviews/data=!4m6!14m5!1m4!2m3!1sChdDSUhNMG9nS0VJQ0FnTUNnNWVDbndnRRAB!2m1!1s0x30e299002dd4d79b:0x8721e581edd07cad
ChIJm9fULQCZ4jARrXzQ7YHlIYc,บ้านตันติเวชกุล (Tantivejkul’s House),ChZDSUhNMG9nS0VJQ0FnTUNnb3AyOExnEAE,5.0,,,Sat Feb 15 2025 02:48:40 GMT-0800 (Pacific Standard Time),Naphatsanan,https://www.google.com/maps/reviews/data=!4m6!14m5!1m4!2m3!1sChZDSUhNMG9nS0VJQ0FnTUNnb3AyOExnEAE!2m1!1s0x30e299002dd4d79b:0x8721e581edd07cad
ChIJNzrs1wOZ4jARLsGuTptwVXU,CURU Gallery,Ci9DQUlRQUNvZENodHljRjlvT2pCVlZVNUdWMXA2VUU5SmFsTTJUWGhNTjJNMFVHYxAB,5.0,免费画廊，免费艺术品！很喜欢这个空间。如果你要去30号仓库，不妨顺道来看看。画廊位于楼上。没有电梯，所以轮椅无法通行♿️🚫,zh-CN,Wed Nov 19 2025 17:24:02 GMT-0800 (Pacific Standard Time),Kevin Kwok,https://www.google.com/maps/reviews/data=!4m6!14m5!1m4!2m3!1sCi9DQUlRQUNvZENodHljRjlvT2pCVlZVNUdWMXA2VUU5SmFsTTJUWGhNTjJNMFVHYxAB!2m1!1s0x30e29903d7ec3a37:0x7555709b4eaec12e
ChIJNzrs1wOZ4jARLsGuTptwVXU,CURU Gallery,ChdDSUhNMG9nS0VJQ0FnSURuM2VHcXl3RRAB,4.0,我有幸参观了Yuta的展览，印象非常深刻。作品精美绝伦，我拍了很多照片。展览地点很容易找到。我先搭乘BTS轻轨到Saphan Taksin站，然后转乘摩托车出租车到Charoen Krung Soi 32巷。沿着巷子走了一小段路，画廊就在仓库区的右侧，紧邻Bang Rak中央邮局。,zh-CN,Tue Oct 08 2024 17:43:24 GMT-0700 (Pacific Daylight Time),montaporn bamrungchon,https://www.google.com/maps/reviews/data=!4m6!14m5!1m4!2m3!1sChdDSUhNMG9nS0VJQ0FnSURuM2VHcXl3RRAB!2m1!1s0x30e29903d7ec3a37:0x7555709b4eaec12e
ChIJNzrs1wOZ4jARLsGuTptwVXU,CURU Gallery,ChdDSUhNMG9nS0VJQ0FnSUNuOGRiYXNnRRAB,5.0,这是一家来自日本的艺术画廊。位置有点难找，但环境安静舒适。 画廊的规模和氛围与代官山的LURF GALLERY非常相似，感觉似曾相识。,zh-CN,Fri Sep 27 2024 00:16:37 GMT-0700 (Pacific Daylight Time),F galerie,https://www.google.com/maps/reviews/data=!4m6!14m5!1m4!2m3!1sChdDSUhNMG9nS0VJQ0FnSUNuOGRiYXNnRRAB!2m1!1s0x30e29903d7ec3a37:0x7555709b4eaec12e
ChIJNzrs1wOZ4jARLsGuTptwVXU,CURU Gallery,ChdDSUhNMG9nS0VJQ0FnSUNIbHZudXpBRRAB,5.0,I love gallery’s and this one is very accessible hence why I came to imbibe the culture. Located within warehouse 30 in Bangkok — I happened to be around for the “Defective” showing by Kosuke Kawamura.,en,Wed Sep 04 2024 08:52:41 GMT-0700 (Pacific Daylight Time),Ulixes,https://www.google.com/maps/reviews/data=!4m6!14m5!1m4!2m3!1sChdDSUhNMG9nS0VJQ0FnSUNIbHZudXpBRRAB!2m1!1s0x30e29903d7ec3a37:0x7555709b4eaec12e
ChIJNzrs1wOZ4jARLsGuTptwVXU,CURU Gallery,Ci9DQUlRQUNvZENodHljRjlvT2xCbWRuRndURmxNU2pKVk4wVnJVbFkxWkRCVmVVRRAB,5.0,我原本打算去那里买一张雷姆卡，但我被科拉洪的作品深深打动了。,zh-CN,Sun Jul 27 2025 04:16:06 GMT-0700 (Pacific Daylight Time),Panu “PLA” Watebucha,https://www.google.com/maps/reviews/data=!4m6!14m5!1m4!2m3!1sCi9DQUlRQUNvZENodHljRjlvT2xCbWRuRndURmxNU2pKVk4wVnJVbFkxWkRCVmVVRRAB!2m1!1s0x30e29903d7ec3a37:0x7555709b4eaec12e
ChIJKbDwDiyf4jARFcqO_YhqTc8,Nepal Arts Gallery (อารยา อาร์ต),Ci9DQUlRQUNvZENodHljRjlvT25wU1VXNXpVRmxuZWxGMGMzTklOVGgzU1dkS2VYYxAB,5.0,我在这家颂钵店的体验非常棒。店主巴拉特（Bharat）极其耐心，全程指导我挑选合适的颂钵。他详细讲解了每个颂钵的区别，并演示了不同颂钵独特的音色和共鸣，直到我找到真正让我心动的那一款。 他还向我展示了颂钵的音调如何与不同的脉轮相连，并细致地解释了每种音调如何帮助平衡能量和促进冥想。 我还为女儿买了两个颂钵，并了解到颂钵如何帮助她们进行冥想和提升身心健康。 这不仅仅是一次购物，更是一次意义非凡的学习体验。离开时，我对颂钵及其用途有了更深的理解，也更加确信自己为自己和家人选择了合适的颂钵。我强烈推荐这家店给所有对正宗高品质颂钵和一位真正用心指导的老师感兴趣的人。,zh-CN,Sat Sep 27 2025 05:01:35 GMT-0700 (Pacific Daylight Time),F K,https://www.google.com/maps/reviews/data=!4m6!14m5!1m4!2m3!1sCi9DQUlRQUNvZENodHljRjlvT25wU1VXNXpVRmxuZWxGMGMzTklOVGgzU1dkS2VYYxAB!2m1!1s0x30e29f2c0ef0b029:0xcf4d6a88fd8eca15
ChIJKbDwDiyf4jARFcqO_YhqTc8,Nepal Arts Gallery (อารยา อาร์ต),Ci9DQUlRQUNvZENodHljRjlvT2toNFRsVjNUV2cyUlVONFJEWmFTSEZvVVhsTmNYYxAB,5.0,我开始对这类颂钵产生了兴趣，之前去泰国度假时，有人推荐我去Central World旁边的Big C购物中心里的一家店，那里有手工制作的精美正宗颂钵。店里有一位男士（抱歉我不知道他的名字），他非常热情、乐于助人，而且非常有耐心。他向我介绍了尼泊尔的文化，颂钵的制作方法和地点，以及一些相关的信仰、经文和标记。在那家店里感觉很特别，我被深深吸引，在那里买了我人生中第一个非常漂亮的手工颂钵，那是一个18.5厘米的B调三八度颂钵。 他很友好地帮我聆听并演奏颂钵，还解释了不同的脉轮以及使用方法，因为他自己接受过声音疗愈方面的培训。 下次我真的很想再去那家店，再见见他，再买一个颂钵🙏 感谢您对声音疗愈的耐心和专业，以及为像我这样的新手讲解的一切。 我会再来的🙏😊,zh-CN,Thu Jun 18 2026 21:09:40 GMT-0700 (Pacific Daylight Time),Alexander Toome,https://www.google.com/maps/reviews/data=!4m6!14m5!1m4!2m3!1sCi9DQUlRQUNvZENodHljRjlvT2toNFRsVjNUV2cyUlVONFJEWmFTSEZvVVhsTmNYYxAB!2m1!1s0x30e29f2c0ef0b029:0xcf4d6a88fd8eca15
ChIJKbDwDiyf4jARFcqO_YhqTc8,Nepal Arts Gallery (อารยา อาร์ต),Ci9DQUlRQUNvZENodHljRjlvT25vNGMwZGxlSE5JWlVGcWFHZHNkM3BTY2s1UGQyYxAB,5.0,很棒的店铺！这里有很多优质的藏式颂钵可供选择，无论是专业用途还是装饰/纪念品都非常合适。 店主非常热情友好，帮我挑选了一套七脉轮颂钵，还赠送了木槌和垫子。 说实话，我可以在那里待上好几个小时，尽情享受声音疗愈的乐趣。 非常专业，品质一流！💚🕉️,zh-CN,Thu Dec 18 2025 04:09:34 GMT-0800 (Pacific Standard Time),Chrome Red,https://www.google.com/maps/reviews/data=!4m6!14m5!1m4!2m3!1sCi9DQUlRQUNvZENodHljRjlvT25vNGMwZGxlSE5JWlVGcWFHZHNkM3BTY2s1UGQyYxAB!2m1!1s0x30e29f2c0ef0b029:0xcf4d6a88fd8eca15
ChIJKbDwDiyf4jARFcqO_YhqTc8,Nepal Arts Gallery (อารยา อาร์ต),Ci9DQUlRQUNvZENodHljRjlvT2s1RWNXdGthWEpGUkRSQ1dqWnpOelE0U21seGJGRRAB,5.0,我在这家店的体验非常棒。店主Bharat和他的员工都非常专业、友好、细心！ 这是我第一次接触喜马拉雅颂钵，他们在引导我与颂钵建立连接的过程中都非常有耐心。他们不会强行推销或强迫你购买不需要的产品。店面环境优美，有足够的空间供你练习和体验，还有很多颂钵和其他商品可供选择。氛围也非常好！ 希望不久的将来能再次光临。 感谢你们的支持和鼓励！我对这次购买非常满意。,zh-CN,Wed Apr 22 2026 10:26:35 GMT-0700 (Pacific Daylight Time),Dani Lemon,https://www.google.com/maps/reviews/data=!4m6!14m5!1m4!2m3!1sCi9DQUlRQUNvZENodHljRjlvT2s1RWNXdGthWEpGUkRSQ1dqWnpOelE0U21seGJGRRAB!2m1!1s0x30e29f2c0ef0b029:0xcf4d6a88fd8eca15
ChIJKbDwDiyf4jARFcqO_YhqTc8,Nepal Arts Gallery (อารยา อาร์ต),Ci9DQUlRQUNvZENodHljRjlvT2psNGIwRXlZMTlxT1RScFh6ZHdiV2R2U1hWQlQxRRAB,5.0,我在店里的体验非常棒。Khun Balat 会给你足够的时间去挑选合适的颂钵。我坐在地上试了将近两个小时，体验了各种不同的颂钵。他是一位非常友善且知识渊博的人。我强烈推荐大家去他的店里逛逛！而且，因为他店里有各种各样的声疗设备，所以我最后还买了一些其他的东西。我一定会再来的✨,zh-CN,Fri Dec 05 2025 07:35:02 GMT-0800 (Pacific Standard Time),Carmen Fakler,https://www.google.com/maps/reviews/data=!4m6!14m5!1m4!2m3!1sCi9DQUlRQUNvZENodHljRjlvT2psNGIwRXlZMTlxT1RScFh6ZHdiV2R2U1hWQlQxRRAB!2m1!1s0x30e29f2c0ef0b029:0xcf4d6a88fd8eca15
ChIJZYEQZbKe4jARMEhLjE7f8UQ,Thewarat Saparom Throne Hall,ChdDSUhNMG9nS0VNSHZ2dmpveVpMSHNnRRAB,5.0,宫殿位于帕亚泰宫内，毗邻帕蒙库克劳医院，您可以将车停在医院，然后步行前往。宫殿建筑精美。虽然宫殿并非每天都对公众开放，但您可以参观并拍照留念。,zh-CN,Mon May 12 2025 07:36:37 GMT-0700 (Pacific Daylight Time),Gofu_Gif,https://www.google.com/maps/reviews/data=!4m6!14m5!1m4!2m3!1sChdDSUhNMG9nS0VNSHZ2dmpveVpMSHNnRRAB!2m1!1s0x30e29eb265108165:0x44f1df4e8c4b4830
ChIJZYEQZbKe4jARMEhLjE7f8UQ,Thewarat Saparom Throne Hall,ChZDSUhNMG9nS0VJQ0FnSURiMzZDSFR3EAE,5.0,"“德瓦拉杰·萨巴隆王座厅”（Devaraj Sabharom Throne Hall）或称“S.P.王座厅”（位于帕亚泰宫内）建于拉玛五世国王驾崩后的1910年末。王太后斯里·帕查琳德拉·博隆拉吉尼·纳特（Sri Patcharindra Boromrajini Nat）曾居住于此。 - 斯里·帕查琳德拉·博隆拉吉尼·纳特王太后（1864-1919），原名萨瓦帕·蓬斯里王后（Saovabha Phongsri，首字母缩写为“S.P.”），是朱拉隆功国王（拉玛五世）的王后。她的儿子是瓦吉拉伍德国王（拉玛六世）。 - 她是第一位被册封为王太后的泰国人，也是泰国红十字会的首任会长。 - 这座建筑由一位意大利建筑师设计，采用经典的西方建筑风格，是一座位于“Vaikunthepyasathan 宝座厅”前的两层建筑。 - 这是一座矩形混凝土建筑，底层屋顶面积长32米，宽15米。屋檐饰有灰泥图案。 - 四面山墙（包括内外墙）均以蓝色为底，饰以花卉图案。中心是一个环绕着皇家字母“S.P.”的圆圈。 - 屋顶沿长度方向呈弧形弯曲，与宽度方向形成对比，构成泰语符号“Mai Chatwa”（+）。交汇处，即宝座厅的中心，是一个罗马式穹顶。 - 四面墙均为绿色木门，上方装有玻璃框。打开后，可见一个宽敞的大厅。 - 通往屋檐的门上方是带有玻璃面板的木框。 - 二楼设有环绕式阳台，可俯瞰下方的宝座厅。 - 有一扇通往室外的门。 - 室内天花板呈弧形，与屋顶相呼应，图案规整，色彩鲜艳，营造出优雅的氛围。 - 这里是举行皇家宗教仪式、慈善活动、接待宾客、戏剧表演和电影放映的场所。 - 北侧有一个圆形喷泉，喷泉中央有一尊罗马风格的儿童与鹅雕塑（复制品）。原件由大理石制成，现已移至“披曼·扎克里王座厅”。 拍摄于2024年8月6日星期二下午2:01至2:16。 曼谷拉差贴威区通帕亚泰街道拉差威提路帕亚泰宫，泰瓦拉·萨帕隆王座厅。 北纬13°46'05.1""，东经100°31'58.8""（13.768083, 100.533000），海拔6.5米。 发布时间：2024年8月11日 上午6:53。",zh-CN,Sat Aug 10 2024 16:53:17 GMT-0700 (Pacific Daylight Time),Satjarthip Thusneyapan,https://www.google.com/maps/reviews/data=!4m6!14m5!1m4!2m3!1sChZDSUhNMG9nS0VJQ0FnSURiMzZDSFR3EAE!2m1!1s0x30e29eb265108165:0x44f1df4e8c4b4830
ChIJZYEQZbKe4jARMEhLjE7f8UQ,Thewarat Saparom Throne Hall,ChdDSUhNMG9nS0VJQ0FnSUMxM3VlV3F3RRAB,5.0,泰瓦拉特·萨帕罗姆王座大厅 是一座主要由木结构构成的王座大厅， 这在当时实属罕见。 它最初是披耶泰宫的一部分。 现在位于帕蒙库特克劳医院内。 它由一位意大利工程师设计， 并受到拜占庭艺术的影响， 中央有一个穹顶。 该建筑的墙壁可以完全打开。它曾用于重要的皇家仪式，例如生日庆典。有时，它也被用作剧院。,zh-CN,Sat Dec 30 2023 08:09:07 GMT-0800 (Pacific Standard Time),naruemon sumano,https://www.google.com/maps/reviews/data=!4m6!14m5!1m4!2m3!1sChdDSUhNMG9nS0VJQ0FnSUMxM3VlV3F3RRAB!2m1!1s0x30e29eb265108165:0x44f1df4e8c4b4830
ChIJZYEQZbKe4jARMEhLjE7f8UQ,Thewarat Saparom Throne Hall,ChdDSUhNMG9nS0VJQ0FnSUNDd2RxZjVRRRAB,5.0,德瓦拉杰·萨巴罗姆王座厅是1910年太后斯里·帕查林德拉巴罗米（Sri Patcharindrabaromi）在帕亚泰宫居住时期的原始王座厅。她的皇家徽章“S.P.”（她之前的姓名是萨瓦帕·蓬斯里王后）至今仍清晰可见。这座王座厅位于维昆塔·特皮亚·萨坦王座厅的前方。 王座厅的建筑风格深受拜占庭式建筑的影响，其特色在于中央穹顶由四个拱形屋顶支撑。墙壁上装饰着人物和花卉图案的绘画。过去，这里曾用于举行皇家慈善活动（例如生日庆典）期间的宗教仪式。平日里，这里则用于接待私人宾客，有时也会根据场合用作剧院或电影院。,zh-CN,Tue Aug 25 2020 03:28:22 GMT-0700 (Pacific Daylight Time),นาย กาแฟ,https://www.google.com/maps/reviews/data=!4m6!14m5!1m4!2m3!1sChdDSUhNMG9nS0VJQ0FnSUNDd2RxZjVRRRAB!2m1!1s0x30e29eb265108165:0x44f1df4e8c4b4830
ChIJZYEQZbKe4jARMEhLjE7f8UQ,Thewarat Saparom Throne Hall,ChZDSUhNMG9nS0VOT2N3NmlHaXQ2VFZBEAE,5.0,FWD公司在王座厅举行了表彰服务超过10年的代理商的仪式和晚宴。王座厅非常漂亮，我们很喜欢。所有人都穿着拉玛六世时期的服饰，场面令人叹为观止。我们印象非常深刻，也十分享受这次活动。,zh-CN,Wed May 07 2025 16:56:26 GMT-0700 (Pacific Daylight Time),วรนันต์ งามขําสิทธิสีห์,https://www.google.com/maps/reviews/data=!4m6!14m5!1m4!2m3!1sChZDSUhNMG9nS0VOT2N3NmlHaXQ2VFZBEAE!2m1!1s0x30e29eb265108165:0x44f1df4e8c4b4830
ChIJu_TpVH-Z4jARyYIZs07tUm4,Xsence,ChdDSUhNMG9nS0VJQ0FnSUNub0pQbTdBRRAB,5.0,,,Sat Sep 21 2024 10:20:44 GMT-0700 (Pacific Daylight Time),KUB Craft Studio,https://www.google.com/maps/reviews/data=!4m6!14m5!1m4!2m3!1sChdDSUhNMG9nS0VJQ0FnSUNub0pQbTdBRRAB!2m1!1s0x30e2997f54e9f4bb:0x6e52ed4eb31982c9
ChIJAQAEZbKe4jARQv3E_5JAsyY,Mekalarujee Palace,Ci9DQUlRQUNvZENodHljRjlvT2xjMU5TMTFRbVJPWWxsbVVUTmllV1Y2Y2tsUmRYYxAB,5.0,""" พระตำหนักเมขลารูจี "" อยู่ทางด้านทิศตะวันตกของพระที่นั่งพิมานจักรี ซึ่งพระบาทสมเด็จพระมงกุฎเกล้าเจ้าอยู่หัว โปรดเกล้าฯ ให้สร้างขึ้นหนึ่งองค์ที่ริมคลองพญาไทตอนกลางพระราชทานนามว่า พระตำหนักอุดมวนาภรณ์ เป็นเรือนไม้ 2 ชั้น ลักษณะสถาปัตยกรรมแบบกระท่อมของยุโรป สร้างด้วยไม้ทั้งหมดตั้งแต่โครงสร้างพื้นและผนัง ผังอาคารมีลักษณะคล้ายกับเรือนไทยโดยมีโถงใหญ่อยู่ตรงกลางและมีเรือนพักอาศัยชั้นเดียวขนาบข้างซ้ายและขวา โดยทิศเหนือเป็นห้องเครื่องและห้องเสวย ทิศใต้เป็นเรือนวางในแนวทแยง ประกอบด้วยห้องทรงเครื่องใหญ่ (ตัดผม) และห้องสรง ติดคลองทิศตะวันตกของห้องโถงเป็นเรือน 2 ชั้น หลังคาจุกตรงกลาง เป็นห้องพระบรรทมมีเฉลียงด้านหน้าลักษณะเด่นของพระตำหนักนี้คือหลังคาที่มีหลายรูปแบบทั้งทรงจั่ว ทรงปั้นหยา ทรงจุกปิรามิด และทรงเพิง หน้าต่างเป็นวงโค้งครึ่งวงกลมขนาดใหญ่ของห้องสรงที่ติดกับคลองพญาไทและกระจกลายเขียนสีรูปนก นกยูง ลายพรรณพฤกษาและเรขาคณิตแบบอาร์ต นูโวและได้เสด็จมาประทับอยู่ชั่วคราวตั้งแต่วันที่ 22 สิงหาคม 2463 เป็นต้นมา ซึ่งเป็นที่ประทับแห่งแรกในพระราชวังแห่งนี้โดยได้ใช้เป็นที่ทรงงานวางโครงการสร้างพระราชมณเฑียรสถานสำหรับประทับถาวรอีกด้วยต่อมา เมื่อการก่อสร้างพระราชมณเฑียรสถานอื่น ๆ ในพระราชวังแห่งนี้แล้วเสร็จและมีพระราชประสงค์ให้พระที่นั่งด้านตะวันออกซึ่งเชื่อมต่อกับพระที่นั่งไวกูณฐเทพยสถานใช้นามว่าพระที่นั่งอุดมวนาภรณ์จึงได้โปรดเกล้าฯ ให้เปลี่ยนนามพระตำหนักแห่งนี้ใหม่เป็น พระตำหนักเมขลารูจี",th,Sun Feb 08 2026 01:35:21 GMT-0800 (Pacific Standard Time),natthaphon,https://www.google.com/maps/reviews/data=!4m6!14m5!1m4!2m3!1sCi9DQUlRQUNvZENodHljRjlvT2xjMU5TMTFRbVJPWWxsbVVUTmllV1Y2Y2tsUmRYYxAB!2m1!1s0x30e29eb265040001:0x26b34092ffc4fd42
ChIJAQAEZbKe4jARQv3E_5JAsyY,Mekalarujee Palace,Ci9DQUlRQUNvZENodHljRjlvT25aM00wTk9aMDlMTVZkbWVIUm9WSFZQZDFCTU5rRRAB,5.0,我们参加了导览团，参观了拉玛六世国王的故居，了解了他的历史和许多个人经历。,zh-CN,Tue Nov 11 2025 07:57:03 GMT-0800 (Pacific Standard Time),Xue feng,https://www.google.com/maps/reviews/data=!4m6!14m5!1m4!2m3!1sCi9DQUlRQUNvZENodHljRjlvT25aM00wTk9aMDlMTVZkbWVIUm9WSFZQZDFCTU5rRRAB!2m1!1s0x30e29eb265040001:0x26b34092ffc4fd42
ChIJAQAEZbKe4jARQv3E_5JAsyY,Mekalarujee Palace,ChZDSUhNMG9nS0VJQ0FnSUR4Ni1qNkZREAE,5.0,这是拉玛六世时期的一座小型宫殿，部分已改建为医院。 导览游仅在周六和周日提供，时间为上午 9 点和下午 1 点。门票为​​ 40 泰铢。,zh-CN,Thu Jun 15 2023 02:32:48 GMT-0700 (Pacific Daylight Time),Henny,https://www.google.com/maps/reviews/data=!4m6!14m5!1m4!2m3!1sChZDSUhNMG9nS0VJQ0FnSUR4Ni1qNkZREAE!2m1!1s0x30e29eb265040001:0x26b34092ffc4fd42
ChIJAQAEZbKe4jARQv3E_5JAsyY,Mekalarujee Palace,Ci9DQUlRQUNvZENodHljRjlvT2t0NlJXSTRPRFpsWms5R01FVXpUblpLVVZOclMyYxAB,5.0,如果你们一起在周围散步，那也挺值得的。,zh-CN,Mon Sep 29 2025 01:39:14 GMT-0700 (Pacific Daylight Time),1004 JH,https://www.google.com/maps/reviews/data=!4m6!14m5!1m4!2m3!1sCi9DQUlRQUNvZENodHljRjlvT2t0NlJXSTRPRFpsWms5R01FVXpUblpLVVZOclMyYxAB!2m1!1s0x30e29eb265040001:0x26b34092ffc4fd42
ChIJAQAEZbKe4jARQv3E_5JAsyY,Mekalarujee Palace,ChZDSUhNMG9nS0VJQ0FnSURtMTRlaER3EAE,5.0,งดงาม สวยงามจริงๆ ด้านข้างพระราชวัง. ริมคลอง,th,Fri Feb 11 2022 22:45:29 GMT-0800 (Pacific Standard Time),Prasit Pichayasoontorn,https://www.google.com/maps/reviews/data=!4m6!14m5!1m4!2m3!1sChZDSUhNMG9nS0VJQ0FnSURtMTRlaER3EAE!2m1!1s0x30e29eb265040001:0x26b34092ffc4fd42
ChIJr7UvyAyZ4jARQGMClhJCxjs,Ishresh Raja Nusharana Throne Hall,Ci9DQUlRQUNvZENodHljRjlvT21FeVZHRmhhMlZYWjBSSmF6TTBURGRaY1VkaGQzYxAB,5.0,伊萨雷斯·拉贾努森王座厅 平克劳国王（1808-1865 年）下令建造这座西式宫殿。他一直居住于此，直至 1865 年去世。,zh-CN,Thu Apr 02 2026 00:16:45 GMT-0700 (Pacific Daylight Time),ChubbyArin,https://www.google.com/maps/reviews/data=!4m6!14m5!1m4!2m3!1sCi9DQUlRQUNvZENodHljRjlvT21FeVZHRmhhMlZYWjBSSmF6TTBURGRaY1VkaGQzYxAB!2m1!1s0x30e2990cc82fb5af:0x3bc6421296026340
ChIJr7UvyAyZ4jARQGMClhJCxjs,Ishresh Raja Nusharana Throne Hall,ChZDSUhNMG9nS0VJQ0FnSURLaXMyMFNREAE,3.0,"The Issaretrachanusorn Hall 。拉玛4世时二王宾告( Pinklao)的住所。西式，两层。二楼大厅设二王宾告灵坛，放置大小中式灵位，大的写""镇王府显神灵位""；小的写“显考正郑二王...”。原来扎克里王朝(Chakri dynasty)从拉玛1世始，便沿用吞武里王郑昭郑姓。",zh-CN,Thu May 06 2021 20:25:52 GMT-0700 (Pacific Daylight Time),Wing k,https://www.google.com/maps/reviews/data=!4m6!14m5!1m4!2m3!1sChZDSUhNMG9nS0VJQ0FnSURLaXMyMFNREAE!2m1!1s0x30e2990cc82fb5af:0x3bc6421296026340
ChIJr7UvyAyZ4jARQGMClhJCxjs,Ishresh Raja Nusharana Throne Hall,Ci9DQUlRQUNvZENodHljRjlvT2sxNlpVZGpVWFF4Um5kUE9WZERNR05LWlZseVVIYxAB,5.0,一场展示拉玛四世国王生平的展览。,zh-CN,Sun Jun 21 2026 08:24:27 GMT-0700 (Pacific Daylight Time),Kwanta Thansa,https://www.google.com/maps/reviews/data=!4m6!14m5!1m4!2m3!1sCi9DQUlRQUNvZENodHljRjlvT2sxNlpVZGpVWFF4Um5kUE9WZERNR05LWlZseVVIYxAB!2m1!1s0x30e2990cc82fb5af:0x3bc6421296026340
ChIJr7UvyAyZ4jARQGMClhJCxjs,Ishresh Raja Nusharana Throne Hall,ChZDSUhNMG9nS0VJQ0FnSUNRcjVUVVVnEAE,5.0,平克劳国王（1808-1865 年）下令建造这座西式宫殿。他一直将这座宫殿作为自己的住所，直至 1865 年去世。,zh-CN,Sat Mar 10 2018 01:16:23 GMT-0800 (Pacific Standard Time),Rawiwan Buathong,https://www.google.com/maps/reviews/data=!4m6!14m5!1m4!2m3!1sChZDSUhNMG9nS0VJQ0FnSUNRcjVUVVVnEAE!2m1!1s0x30e2990cc82fb5af:0x3bc6421296026340
ChIJr7UvyAyZ4jARQGMClhJCxjs,Ishresh Raja Nusharana Throne Hall,Ci9DQUlRQUNvZENodHljRjlvT2pKQ1lUZHdUVmhuWVVoblptMUtRemxoWlY5MlJVRRAB,4.0,有趣的！,zh-CN,Mon Aug 18 2025 12:58:19 GMT-0700 (Pacific Daylight Time),Paul Ciprian,https://www.google.com/maps/reviews/data=!4m6!14m5!1m4!2m3!1sCi9DQUlRQUNvZENodHljRjlvT2pKQ1lUZHdUVmhuWVVoblptMUtRemxoWlY5MlJVRRAB!2m1!1s0x30e2990cc82fb5af:0x3bc6421296026340
ChIJ548mutaZ4jARQubtlOzmj-M,Nimit Villas,Ci9DQUlRQUNvZENodHljRjlvT2s0MFMyUkplWGh6YVVSeFl6Um1TR3AyWDBWTlVIYxAB,5.0,,,Sat Aug 30 2025 04:10:33 GMT-0700 (Pacific Daylight Time),Chaiwiwat Sriraksa,https://www.google.com/maps/reviews/data=!4m6!14m5!1m4!2m3!1sCi9DQUlRQUNvZENodHljRjlvT2s0MFMyUkplWGh6YVVSeFl6Um1TR3AyWDBWTlVIYxAB!2m1!1s0x30e299d6ba268fe7:0xe38fe6ec94ede642
ChIJv5LWPQCZ4jARY9H60cLLMuI,ตำหนักพระองค์เจ้าวรลักษณาวดี,Ci9DQUlRQUNvZENodHljRjlvT213NVgyMVlTVVl3ZWpCRE1UQktURTVHUzFGS1JIYxAB,5.0,,,Sat Jul 04 2026 05:19:41 GMT-0700 (Pacific Daylight Time),เพชร ลือโลก,https://www.google.com/maps/reviews/data=!4m6!14m5!1m4!2m3!1sCi9DQUlRQUNvZENodHljRjlvT213NVgyMVlTVVl3ZWpCRE1UQktURTVHUzFGS1JIYxAB!2m1!1s0x30e299003dd692bf:0xe232cbc2d1fad163
ChIJaQKQDgCZ4jARPtvfc2JsTZ0,ตำหนักพระองค์เจ้าอาทรทิพยนิภา พระองค์เจ้า สุจิตราภรณีและเจ้าจอมมารดาชุ่ม,Ci9DQUlRQUNvZENodHljRjlvT210V01scHBXWFJ4Y2poWWRXTjJWbEZDVFVoV2VHYxAB,5.0,,,Fri Mar 20 2026 23:03:31 GMT-0700 (Pacific Daylight Time),เพชร ลือโลก,https://www.google.com/maps/reviews/data=!4m6!14m5!1m4!2m3!1sCi9DQUlRQUNvZENodHljRjlvT210V01scHBXWFJ4Y2poWWRXTjJWbEZDVFVoV2VHYxAB!2m1!1s0x30e299000e900269:0x9d4d6c6273dfdb3e
ChIJL9-zHQCZ4jARypnYjvq3YdY,พระตำหนักราชฤทธิ์รุ่งโรจน์,Ci9DQUlRQUNvZENodHljRjlvT2t3eGQyMUhPRkpEWmxwR2RHaGpUWEJrU1RSR2VsRRAB,1.0,我的房子在塔瓦查武里府。,zh-CN,Sun Jul 19 2026 09:49:29 GMT-0700 (Pacific Daylight Time),Por,https://www.google.com/maps/reviews/data=!4m6!14m5!1m4!2m3!1sCi9DQUlRQUNvZENodHljRjlvT2t3eGQyMUhPRkpEWmxwR2RHaGpUWEJrU1RSR2VsRRAB!2m1!1s0x30e299001db3df2f:0xd661b7fa8ed899ca
ChIJL9-zHQCZ4jARypnYjvq3YdY,พระตำหนักราชฤทธิ์รุ่งโรจน์,Ci9DQUlRQUNvZENodHljRjlvT25aNFZVaGlTazFCVnpGV1ZHUjROWFpvVGtKMGFsRRAB,5.0,,,Thu Jun 04 2026 02:19:41 GMT-0700 (Pacific Daylight Time),Zebra 999,https://www.google.com/maps/reviews/data=!4m6!14m5!1m4!2m3!1sCi9DQUlRQUNvZENodHljRjlvT25aNFZVaGlTazFCVnpGV1ZHUjROWFpvVGtKMGFsRRAB!2m1!1s0x30e299001db3df2f:0xd661b7fa8ed899ca
ChIJL9-zHQCZ4jARypnYjvq3YdY,พระตำหนักราชฤทธิ์รุ่งโรจน์,Ci9DQUlRQUNvZENodHljRjlvT2xWb1lXdFNjMjVwUWtsak1DMWpSbnBLYkRCTlRGRRAB,5.0,,,Tue Apr 21 2026 22:12:33 GMT-0700 (Pacific Daylight Time),สมหมาย วงศ์สวัสดิ์,https://www.google.com/maps/reviews/data=!4m6!14m5!1m4!2m3!1sCi9DQUlRQUNvZENodHljRjlvT2xWb1lXdFNjMjVwUWtsak1DMWpSbnBLYkRCTlRGRRAB!2m1!1s0x30e299001db3df2f:0xd661b7fa8ed899ca
ChIJL9-zHQCZ4jARypnYjvq3YdY,พระตำหนักราชฤทธิ์รุ่งโรจน์,Ci9DQUlRQUNvZENodHljRjlvT2xab1QzbDJRMWxuUWpkclRXWk5aUzEwYkhoS2VuYxAB,5.0,,,Fri Mar 20 2026 00:03:10 GMT-0700 (Pacific Daylight Time),เพชร ลือโลก,https://www.google.com/maps/reviews/data=!4m6!14m5!1m4!2m3!1sCi9DQUlRQUNvZENodHljRjlvT2xab1QzbDJRMWxuUWpkclRXWk5aUzEwYkhoS2VuYxAB!2m1!1s0x30e299001db3df2f:0xd661b7fa8ed899ca
ChIJgV6P8rCe4jARDeGu63VNWdQ,胜利纪念碑,Ci9DQUlRQUNvZENodHljRjlvT21KUlNtTnBPVkIyYjBkWllVMU1XVUZxZDB4RWFWRRAB,5.0,我是来自中国河北省石家庄市的游客，曼谷胜利纪念碑：历史与现代交融的地标 踏入曼谷，胜利纪念碑绝对是不可错过的一站，它承载着泰国的历史记忆，又散发着现代都市的活力。 这座纪念碑建于1941年，为纪念泰法战争的胜利而建，主体是象征军剑的方尖碑，融合了埃及风格，周边环绕着代表陆军、海军、空军、警察及文职人员的铜像 ，庄重肃穆，让人不禁回想起那段波澜壮阔的历史，站在碑下，对先辈的敬意油然而生。 从交通上看，它堪称曼谷的交通枢纽心脏。BTS轻轨在此设站，26条公交线路在此交汇 ，还有连接外府的长途小巴，每天运送着数十万乘客，不管是去曼谷的热门景点，还是前往周边城市，从这里出发都十分便捷。 胜利纪念碑周边的美食更是一绝。船面一条街一定不能错过，一碗碗鲜美的船面，汤头浓郁，面条劲道，配上鲜嫩的肉和爽口的蔬菜，只要十几泰铢，就能让味蕾沉浸在泰式风味中。还有各种街头小吃，烤肉串滋滋冒油，泰式春卷清爽可口，芒果糯米饭香甜软糯，每一口都是地道的泰国味道 。 这里的购物氛围也很浓厚，附近有不少商场和小店，能买到特色纪念品、时尚服饰和手工艺品。夜幕降临后，夜市热闹起来，熙熙攘攘的人群、琳琅满目的商品，充满了人间烟火气。唯一不足的是，高峰时段这里交通有些拥堵。但瑕不掩瑜，胜利纪念碑集历史意义、交通便捷、美食购物于一体，是感受曼谷魅力的绝佳窗口。,zh,Fri Aug 01 2025 09:54:50 GMT-0700 (Pacific Daylight Time),张伟强,https://www.google.com/maps/reviews/data=!4m6!14m5!1m4!2m3!1sCi9DQUlRQUNvZENodHljRjlvT21KUlNtTnBPVkIyYjBkWllVMU1XVUZxZDB4RWFWRRAB!2m1!1s0x30e29eb0f28f5e81:0xd4594d75ebaee10d
ChIJgV6P8rCe4jARDeGu63VNWdQ,胜利纪念碑,ChdDSUhNMG9nS0VJQ0FnTURROThPRXRBRRAB,5.0,曼谷的地标性建筑是一个圆环形状，中间类似于一把锋利的剑的纪念碑。 下面有五种士兵的形状，分别是警察，空军，陆军，海军以及民兵。 据说是纪念1941年暹罗和法国战争胜利是修建的，虽然这场胜利在历史上面有很多争议。,zh,Sat Mar 15 2025 01:41:17 GMT-0700 (Pacific Daylight Time),BAMBOO SHEN,https://www.google.com/maps/reviews/data=!4m6!14m5!1m4!2m3!1sChdDSUhNMG9nS0VJQ0FnTURROThPRXRBRRAB!2m1!1s0x30e29eb0f28f5e81:0xd4594d75ebaee10d
ChIJgV6P8rCe4jARDeGu63VNWdQ,胜利纪念碑,Ci9DQUlRQUNvZENodHljRjlvT25nelRVbFVhV05aYmpJeU1XVjBUM0V4UlZKd1JIYxAB,4.0,"The monument was installed in June 1941 to commemorate the Thai victory in the Franco-Thai War. Today it had became a landmark in this area. Is easy to reach here. Just board a BTS Sky train to ""Victory monument"" station. Many famous food stall & restaurants below the Sky Train overhead bridge. Mini bus station to Amphawa also at this area. 1941年六月竖立的法泰战争泰国胜利纪念碑。已成为了曼谷的一个地标。也是这区的交通转盘。 来这里非常方便。乘坐BTS高架天铁到”Victory monument” 站下车就到了。 这附近有很多有名气的小吃店在高架天桥下。 到水上市厂安啪哇（Amphawa）的迷你公交站也在高架天桥下。",zh,Tue Dec 02 2025 03:06:32 GMT-0800 (Pacific Standard Time),AdamCEI,https://www.google.com/maps/reviews/data=!4m6!14m5!1m4!2m3!1sCi9DQUlRQUNvZENodHljRjlvT25nelRVbFVhV05aYmpJeU1XVjBUM0V4UlZKd1JIYxAB!2m1!1s0x30e29eb0f28f5e81:0xd4594d75ebaee10d
ChIJgV6P8rCe4jARDeGu63VNWdQ,胜利纪念碑,ChZDSUhNMG9nS0VJQ0FnSUNJaDhtQ0tREAE,4.0,很美麗的地方，沿著中心徒步在外圍晃了一圈，周邊人潮店家很多，買買小吃邊走邊吃，看看泰國當地人的生活，邊有一番風味！,zh,Sun Dec 09 2018 20:58:02 GMT-0800 (Pacific Standard Time),CL Tian,https://www.google.com/maps/reviews/data=!4m6!14m5!1m4!2m3!1sChZDSUhNMG9nS0VJQ0FnSUNJaDhtQ0tREAE!2m1!1s0x30e29eb0f28f5e81:0xd4594d75ebaee10d
ChIJgV6P8rCe4jARDeGu63VNWdQ,胜利纪念碑,ChZDSUhNMG9nS0VJQ0FnSURtOGQ2X2JREAE,5.0,周边商铺，餐饮，咖啡店（好吃的不少，而且非常便宜）很多，可以在附近消磨一整天,zh,Mon Jan 31 2022 21:31:24 GMT-0800 (Pacific Standard Time),YU CHEN,https://www.google.com/maps/reviews/data=!4m6!14m5!1m4!2m3!1sChZDSUhNMG9nS0VJQ0FnSURtOGQ2X2JREAE!2m1!1s0x30e29eb0f28f5e81:0xd4594d75ebaee10d
ChIJbfiHISmf4jAROlU59vpyopA,King Rama VI Monument,ChdDSUhNMG9nS0VJQ0FnSURRdDlmRmxBRRAB,4.0,跑步的好地方，到了傍晚会有很多人跳健身操，有网球场，有点破，没维护好可惜了！有湖、有大量的健身器械！地理位置得天独厚！附近有很多大使馆、酒店，医院，商场，银行，还有大量的酒吧！😘 红灯区之一和同性恋酒吧街也在附近不远处！（在SILOM 夜市附近，BTS SALA DAENG 站 1号出口，地铁站 SILOM站走几分钟就你找到）🤪 2018年1月17到21号在这公园举半泰国盛大的旅游节！从中午十二点开始到晚上十点结束！😜这几天都会有大型歌舞表演！还有泰国各地的美食，服装，艺术作品等等！不要错过了！😎,zh,Tue Jan 16 2018 13:04:18 GMT-0800 (Pacific Standard Time),Jessica Woods,https://www.google.com/maps/reviews/data=!4m6!14m5!1m4!2m3!1sChdDSUhNMG9nS0VJQ0FnSURRdDlmRmxBRRAB!2m1!1s0x30e29f292187f86d:0x90a272faf639553a
ChIJbfiHISmf4jAROlU59vpyopA,King Rama VI Monument,ChZDSUhNMG9nS0VJQ0FnSUNUeXJxY2J3EAE,5.0,"味道还可以,价格有点小贵,不过曼谷的中餐馆都比较 贵。门前可以停4辆车,门店新开的,装修干净清爽, 座椅比较舒适",zh,Mon May 13 2024 01:25:55 GMT-0700 (Pacific Daylight Time),Go West,https://www.google.com/maps/reviews/data=!4m6!14m5!1m4!2m3!1sChZDSUhNMG9nS0VJQ0FnSUNUeXJxY2J3EAE!2m1!1s0x30e29f292187f86d:0x90a272faf639553a
ChIJbfiHISmf4jAROlU59vpyopA,King Rama VI Monument,ChdDSUhNMG9nS0VJQ0FnSURBbWREVDFnRRAB,5.0,曼谷市区唯一的大片绿地！,zh,Tue Jun 28 2016 09:25:51 GMT-0700 (Pacific Daylight Time),如影随行,https://www.google.com/maps/reviews/data=!4m6!14m5!1m4!2m3!1sChdDSUhNMG9nS0VJQ0FnSURBbWREVDFnRRAB!2m1!1s0x30e29f292187f86d:0x90a272faf639553a
ChIJbfiHISmf4jAROlU59vpyopA,King Rama VI Monument,ChdDSUhNMG9nS0VJQ0FnSUN3M28zRmdBRRAB,3.0,イシ久 在夕本手(月る),zh,Sun Dec 31 2017 01:21:29 GMT-0800 (Pacific Standard Time),นาย รุ่งศักดิ์ เทียมจันทร์ /อรพันธ์ภร,https://www.google.com/maps/reviews/data=!4m6!14m5!1m4!2m3!1sChdDSUhNMG9nS0VJQ0FnSUN3M28zRmdBRRAB!2m1!1s0x30e29f292187f86d:0x90a272faf639553a
ChIJbfiHISmf4jAROlU59vpyopA,King Rama VI Monument,Ci9DQUlRQUNvZENodHljRjlvT21ZdGJ6VkpjMjlSYldWbk5UQTFNbmxyV0VsMFVHYxAB,5.0,干净的公园，野生动物种类繁多。我来这里是为了练习摄影，结果发现这个公园相当不错。这里有很多野生和家养鸟类，还有一些爬行动物。,zh-CN,Mon Jun 29 2026 03:50:11 GMT-0700 (Pacific Daylight Time),JT A,https://www.google.com/maps/reviews/data=!4m6!14m5!1m4!2m3!1sCi9DQUlRQUNvZENodHljRjlvT21ZdGJ6VkpjMjlSYldWbk5UQTFNbmxyV0VsMFVHYxAB!2m1!1s0x30e29f292187f86d:0x90a272faf639553a
ChIJX7Ql7tSe4jARdl1Wz-WSqIg,双皇纪念雕像,ChZDSUhNMG9nS0VJQ0FnSUNmamVTSmV3EAE,5.0,新年假期宁静的校园,zh,Tue Dec 31 2024 04:14:13 GMT-0800 (Pacific Standard Time),AL ST,https://www.google.com/maps/reviews/data=!4m6!14m5!1m4!2m3!1sChZDSUhNMG9nS0VJQ0FnSUNmamVTSmV3EAE!2m1!1s0x30e29ed4ee25b45f:0x88a892e5cf565d76
ChIJX7Ql7tSe4jARdl1Wz-WSqIg,双皇纪念雕像,Ci9DQUlRQUNvZENodHljRjlvT2xaWFUzQkhWMVo1UzJaTFZHSlZZMUZyWlZSYU0xRRAB,5.0,我曾多次前往两位君主的纪念碑致敬。那里神圣而美丽。每次我去朱拉隆功大学，我都会去那里瞻仰，现在我也被那里录取了。,zh-CN,Mon May 18 2026 20:59:53 GMT-0700 (Pacific Daylight Time),ฉายวิชญ์ รุ่งเรือง,https://www.google.com/maps/reviews/data=!4m6!14m5!1m4!2m3!1sCi9DQUlRQUNvZENodHljRjlvT2xaWFUzQkhWMVo1UzJaTFZHSlZZMUZyWlZSYU0xRRAB!2m1!1s0x30e29ed4ee25b45f:0x88a892e5cf565d76
ChIJX7Ql7tSe4jARdl1Wz-WSqIg,双皇纪念雕像,Ci9DQUlRQUNvZENodHljRjlvT2kxRmJtaHdORmwwTjFSWVR5MXlNVVJQY3kxSVNXYxAB,5.0,我已经去过了。我是来瞻仰两位君主的纪念碑的。附注：停车要收费，我不记得具体多少钱了。那里的氛围非常宁静祥和。 推荐：十六朵花（第一次去的话），泰式甜点，玫瑰。,zh-CN,Thu Apr 23 2026 12:45:55 GMT-0700 (Pacific Daylight Time),303-20 Tharathip Julmusi,https://www.google.com/maps/reviews/data=!4m6!14m5!1m4!2m3!1sCi9DQUlRQUNvZENodHljRjlvT2kxRmJtaHdORmwwTjFSWVR5MXlNVVJQY3kxSVNXYxAB!2m1!1s0x30e29ed4ee25b45f:0x88a892e5cf565d76
ChIJX7Ql7tSe4jARdl1Wz-WSqIg,双皇纪念雕像,Ci9DQUlRQUNvZENodHljRjlvT25wcFlWUkVia2x3TlhabFNUSkZRbWxOY21wVmRGRRAB,4.0,来这里参观校园。中心区域很漂亮，有喷泉和绿草。花园和博物馆关门比较早，大概三四点就关了。不过书店还开着。本来想买朱拉隆功大学的短裤，结果只有T恤。,zh-CN,Thu Sep 25 2025 07:21:32 GMT-0700 (Pacific Daylight Time),Anna Huynh,https://www.google.com/maps/reviews/data=!4m6!14m5!1m4!2m3!1sCi9DQUlRQUNvZENodHljRjlvT25wcFlWUkVia2x3TlhabFNUSkZRbWxOY21wVmRGRRAB!2m1!1s0x30e29ed4ee25b45f:0x88a892e5cf565d76
ChIJX7Ql7tSe4jARdl1Wz-WSqIg,双皇纪念雕像,ChZDSUhNMG9nS0VJQ0FnSUNabl95dFFnEAE,5.0,大学校园环境优美，氛围极佳。毗邻旅游购物中心，校园内动植物种类繁多，建筑风格独特，非常值得漫步欣赏。即使身处繁华都市，漫步校园也能让人忘却身在何处。,zh-CN,Wed Sep 20 2023 22:17:35 GMT-0700 (Pacific Daylight Time),PD,https://www.google.com/maps/reviews/data=!4m6!14m5!1m4!2m3!1sChZDSUhNMG9nS0VJQ0FnSUNabl95dFFnEAE!2m1!1s0x30e29ed4ee25b45f:0x88a892e5cf565d76
ChIJyw029fqY4jARIt_zI6YfFbY,King Taksin the Great Monument,Ci9DQUlRQUNvZENodHljRjlvT25FelJEWTROMWxzZERCSk9EbE5MV3gzTUZWYVkyYxAB,5.0,达信国王纪念碑的历史：达信大帝皇家纪念碑（Wongwian Yai）是为了纪念他恢复泰国独立时的英勇事迹而建。该纪念碑于1954年4月17日由銮披汶颂堪元帅政府竣工并落成，由西尔帕·比拉斯里教授担任设计总监和铸造监理。建造简史：动机：建造这座纪念碑是为了让吞武里人民铭记国王的仁慈，同时也体现了銮披汶颂堪元帅在曼哈顿叛乱中幸存下来后，通过在旧皇宫瞻仰国王画像来表达个人信念。纪念碑特征：纪念碑描绘了身着皇家服饰、骑在马上的国王，右手持剑，剑尖指向前方。方位：他的脸朝向东南方，正是他率军进攻尖竹汶府，建立基地，最终夺回独立的方向。除了翁维安亚的郑信国王纪念碑外，还有另一座重要的皇家纪念碑。位于尖竹汶府通那芝的郑信大帝纪念碑，是为了纪念他集结军队、恢复国家独立的重要战略要地而建。,zh-CN,Tue Jun 16 2026 02:18:59 GMT-0700 (Pacific Daylight Time),Puneak Pisitpunpond,https://www.google.com/maps/reviews/data=!4m6!14m5!1m4!2m3!1sCi9DQUlRQUNvZENodHljRjlvT25FelJEWTROMWxzZERCSk9EbE5MV3gzTUZWYVkyYxAB!2m1!1s0x30e298faf5360dcb:0xb6151fa623f3df22
ChIJyw029fqY4jARIt_zI6YfFbY,King Taksin the Great Monument,Ci9DQUlRQUNvZENodHljRjlvT2trM2VHczJhM0pHVW04MVdrWjFXbWxQUzNsWlltYxAB,5.0,园区干净整洁。我看到其他评论提到在环岛处过马路比较困难，特此提醒：有一段楼梯通往地下，可以到达纪念碑。,zh-CN,Sun Feb 22 2026 22:13:42 GMT-0800 (Pacific Standard Time),Patrick Cochenour,https://www.google.com/maps/reviews/data=!4m6!14m5!1m4!2m3!1sCi9DQUlRQUNvZENodHljRjlvT2trM2VHczJhM0pHVW04MVdrWjFXbWxQUzNsWlltYxAB!2m1!1s0x30e298faf5360dcb:0xb6151fa623f3df22
ChIJyw029fqY4jARIt_zI6YfFbY,King Taksin the Great Monument,ChdDSUhNMG9nS0VJQ0FnSUNfdHQ3XzZBRRAB,5.0,位于旺威亚伊的达信国王纪念碑目前由曼谷市政府用各种鲜花精心装饰。游客可以瞻仰达信大帝的遗容，并与环绕纪念碑的精美花卉合影留念。这座纪念碑建于1953年，当时正值銮披汶颂堪元帅执政时期，由西尔帕·比拉斯里教授设计并监督，由桑·颂蒙米先生雕刻。纪念碑描绘了达信国王骑马的形象，他头戴礼帽，面向东南方向的尖竹汶府。他右手高举宝剑，左手握缰绳，摆出率领军队冲锋陷阵的姿态。 政府曾向公众募集资金用于建造这座纪念碑，并让公众投票决定纪念碑的设计方案。最终，大多数人选择了现在的设计。 纪念碑已由皇家法令正式揭幕并举行了隆重的落成典礼。第一次纪念仪式于1954年4月17日举行，第二次正式的国事仪式于同年12月28日举行，泰国国王普密蓬·阿杜德陛下敬献花圈并致敬。 自1767年12月28日以来，这一天是吞武里国王郑信在第二次阿瑜陀耶陷落后重夺泰国独立并加冕为吞武里国王的日子，泰国政府将每年的12月28日定为郑信国王纪念碑纪念日。在位于旺威安亚的纪念碑前会举行纪念仪式，缅怀郑信国王的精神。,zh-CN,Fri Jan 17 2025 06:17:23 GMT-0800 (Pacific Standard Time),ธวัชชัย อารีย์,https://www.google.com/maps/reviews/data=!4m6!14m5!1m4!2m3!1sChdDSUhNMG9nS0VJQ0FnSUNfdHQ3XzZBRRAB!2m1!1s0x30e298faf5360dcb:0xb6151fa623f3df22
ChIJyw029fqY4jARIt_zI6YfFbY,King Taksin the Great Monument,ChdDSUhNMG9nS0VJQ0FnSUNwNzVpWHZRRRAB,5.0,优点： - 大型环岛可供跑步、散步、休憩、聊天、锻炼和进行宗教仪式。 - 环岛干净整洁，绿树成荫，环境优美，非常便利。 - 环岛内设有供奉达信国王的场所。 - 地下通道开放时间为早上 5 点至晚上 10 点。 缺点及建议： - 没有洗手间。 - 没有存放物品的地方。 - 我希望曼谷市政府或相关机构能够协助修建更多的人行横道，因为目前地下通道只有楼梯。,zh-CN,Sat Aug 12 2023 20:06:29 GMT-0700 (Pacific Daylight Time),Kamonphun Kosta,https://www.google.com/maps/reviews/data=!4m6!14m5!1m4!2m3!1sChdDSUhNMG9nS0VJQ0FnSUNwNzVpWHZRRRAB!2m1!1s0x30e298faf5360dcb:0xb6151fa623f3df22
ChIJyw029fqY4jARIt_zI6YfFbY,King Taksin the Great Monument,ChdDSUhNMG9nS0VJQ0FnSURHeXRPYjZ3RRAB,5.0,54年来，我每次开车经过这里都会路过，但这是我生平第一次有机会亲临此地——大环岛（Wongwian Yai）——缅怀泰国伟大的英雄郑信国王。我最近才知道，原来可以穿过地下通道，直接走到环岛中央。这里名副其实——大环岛，宽敞、干净，还有美丽的公园。感谢曼谷市政府维护好这片土地，让泰国的子孙后代永远铭记郑信国王。🙏,zh-CN,Wed Nov 24 2021 00:20:27 GMT-0800 (Pacific Standard Time),Happy OWL,https://www.google.com/maps/reviews/data=!4m6!14m5!1m4!2m3!1sChdDSUhNMG9nS0VJQ0FnSURHeXRPYjZ3RRAB!2m1!1s0x30e298faf5360dcb:0xb6151fa623f3df22
ChIJtxeHMHCZ4jARxsjvSDW-wtE,King Rama VIII Statue Monument,ChdDSUhNMG9nS0VJQ0FnSUNJeHJ6cXBnRRAB,5.0,下午好去处,zh,Sun Nov 11 2018 02:25:17 GMT-0800 (Pacific Standard Time),Tai Ar,https://www.google.com/maps/reviews/data=!4m6!14m5!1m4!2m3!1sChdDSUhNMG9nS0VJQ0FnSUNJeHJ6cXBnRRAB!2m1!1s0x30e29970308717b7:0xd1c2be3548efc8c6
ChIJtxeHMHCZ4jARxsjvSDW-wtE,King Rama VIII Statue Monument,Ci9DQUlRQUNvZENodHljRjlvT2tSWVVrbzJRMUJ0T1hodlRGQjVNUzAxTTFSTFVVRRAB,5.0,我大约下午6点到的。天气凉爽舒适，宁静阴凉，但天色已渐渐暗了下来。 大约6点半，灯光开始亮起，营造出一种别样的美妙氛围。我感觉色彩更加丰富，也涌动着某种能量。 …… 2026年4月14日 晚上8:39 在泼水节的夜晚，我仍然可以看到湄南河上船只往来穿梭。这里的风很大，凉爽宜人。坐在凉亭里真是太舒服了，真想打个盹儿。 可惜快要关门了！,zh-CN,Tue Apr 14 2026 06:39:20 GMT-0700 (Pacific Daylight Time),ปีเตอร์,https://www.google.com/maps/reviews/data=!4m6!14m5!1m4!2m3!1sCi9DQUlRQUNvZENodHljRjlvT2tSWVVrbzJRMUJ0T1hodlRGQjVNUzAxTTFSTFVVRRAB!2m1!1s0x30e29970308717b7:0xd1c2be3548efc8c6
ChIJtxeHMHCZ4jARxsjvSDW-wtE,King Rama VIII Statue Monument,Ci9DQUlRQUNvZENodHljRjlvT21vNVFtMW5ZV0Z5UkRWSmFqWkxUVXRNU25aWU9WRRAB,4.0,2025年12月3日，星期三 拉玛八世国王阿南达·玛希敦皇家纪念碑 位于曼谷拉玛八世公园 曼谷邦帕区 这座拉玛八世国王纪念碑是真人大小的三倍。高度：雕像：5.4米（18英尺），含底座：15.8米（52英尺）。 面向湄南河 高大雄伟 位于拉玛八世公园内 毗邻拉玛八世大桥 每日开放时间：上午5:00至晚上9:00 停车位不太好找。公园前的拉玛八世大桥下或周边地区有路边停车位。 这是一个沿湄南河而建的宜人公园。园内设有凉亭供游客休憩放松，绿树成荫，吸引着许多人前来慢跑和锻炼。花园外设有洗手间、保安、7-Eleven便利店、商店和餐车。 这座雕像由西尔帕·比拉斯里（头部）和派通·蒙松汶（身体）设计， 雕像为一位身着元帅制服的站立人物。他右手持元帅权杖，左手持剑。 曼谷市政府委托建造了这座雕像，艺术厅参与了安放雕像的建筑的设计和建造。 泰国国王普密蓬·阿杜德（拉玛九世）陛下携王太后诗丽吉陛下和玛哈·扎克里·诗琳通公主殿下出席了安放雕像的活动。玛哈·扎克里·诗琳通公主殿下于2012年6月9日正式为拉玛八世国王纪念碑揭幕。 自此以后，每年6月9日，即“阿南达·玛希隆日”，都会举行庆祝活动，这一天自2013年起至今。 关于却克里王朝，玛哈·哇集拉隆功国王陛下（拉玛十世）已恩准玛哈·扎克里·诗琳通公主殿下为新任君主。玛哈·扎克里·诗琳通公主殿下代表国王陛下，每年都会在皇家纪念碑敬献花圈。此外，在某些特殊场合，各机构也会在9月20日，即拉玛八世国王的诞辰日，向他敬献鲜花。例如，2025年将庆祝拉玛八世国王诞辰100周年。 位于皇家纪念碑基​​座下方的查伦帕基亚特大楼内，设有一间展厅，记录着阿南达·玛希敦国王的生平及其功绩，供对国王生平感兴趣的公众参观学习。 皇家纪念碑的设计与每年12月21日和22日地球绕太阳公转的轨道相对应。 清晨，太阳从拉玛八世大桥（位于曼谷东部）中央的地平线上高高升起，直冲皇家纪念碑，仿佛是指示太阳椭圆轨道方向的指示器。这与传统观念中太阳在二维平面上的旋转轨迹相呼应。 此外，这里也是“2025年湄南河奇观——暹罗之光，大地之母”灯光秀的15个主要地点之一，这场灯光秀将持续45天，精彩纷呈。 📍曼谷湄南河两岸（拉玛八世大桥 - 拉玛三世大桥） 🗓️2025年11月9日至12月23日 ⏱️下午6:00 - 晚上10:00 第一站：拉玛八世大桥，以“皇家风范，奔流至拉玛八世”为主题，通过激光灯光秀展现湄南河的壮丽景色。每日六场，每场12分钟，时间分别为：晚上7:00、7:30、8:00、8:30、9:00和9:30。,zh-CN,Thu Dec 04 2025 06:01:11 GMT-0800 (Pacific Standard Time),Chonlanet S.,https://www.google.com/maps/reviews/data=!4m6!14m5!1m4!2m3!1sCi9DQUlRQUNvZENodHljRjlvT21vNVFtMW5ZV0Z5UkRWSmFqWkxUVXRNU25aWU9WRRAB!2m1!1s0x30e29970308717b7:0xd1c2be3548efc8c6
ChIJtxeHMHCZ4jARxsjvSDW-wtE,King Rama VIII Statue Monument,ChdDSUhNMG9nS0VJQ0FnSUNMaG8zeGxnRRAB,5.0,2024年6月9日，星期日，我有幸前往拉玛八世桥脚下的拉玛八世国王阿南达·玛希敦皇家纪念碑致敬。 我非常钦佩国王陛下的雕像；它高大、雄伟、精美绝伦。,zh-CN,Tue Jun 18 2024 07:04:47 GMT-0700 (Pacific Daylight Time),Panya Bunthi,https://www.google.com/maps/reviews/data=!4m6!14m5!1m4!2m3!1sChdDSUhNMG9nS0VJQ0FnSUNMaG8zeGxnRRAB!2m1!1s0x30e29970308717b7:0xd1c2be3548efc8c6
ChIJtxeHMHCZ4jARxsjvSDW-wtE,King Rama VIII Statue Monument,ChdDSUhNMG9nS0VJQ0FnSUNsNnV2T2dRRRAB,5.0,雄伟的拉玛八世国王雕像面向湄南河。拉玛八世桥位于一座公园内，这里是休闲娱乐的好去处，可以欣赏美丽的河景，享受宜人的气候。,zh-CN,Thu Nov 16 2023 00:45:04 GMT-0800 (Pacific Standard Time),arinrada_ruk,https://www.google.com/maps/reviews/data=!4m6!14m5!1m4!2m3!1sChdDSUhNMG9nS0VJQ0FnSUNsNnV2T2dRRRAB!2m1!1s0x30e29970308717b7:0xd1c2be3548efc8c6
ChIJr1UBJw2Z4jARZ5tidTivoDA,World War I Volunteer Monument,ChZDSUhNMG9nS0VJQ0FnSUNzNnBEOVpREAE,3.0,附近可步行到大皇宫，郑王庙，可作廊曼机场A4直达，比较方便。,zh,Tue Jan 28 2020 19:35:11 GMT-0800 (Pacific Standard Time),yanting Yi,https://www.google.com/maps/reviews/data=!4m6!14m5!1m4!2m3!1sChZDSUhNMG9nS0VJQ0FnSUNzNnBEOVpREAE!2m1!1s0x30e2990d270155af:0x30a0af3875629b67
ChIJr1UBJw2Z4jARZ5tidTivoDA,World War I Volunteer Monument,Ci9DQUlRQUNvZENodHljRjlvT2xWc2JXZGxNMWh0ZEdKSk5HNU1RMlpYZURaNVZsRRAB,5.0,第一次世界大战志愿军纪念碑由拉玛六世国王建造，用于安葬1918年在欧洲阵亡的19名志愿军士兵的骨灰，并纪念他们。纪念碑位于曼谷皇家田广场（Sanam Luang）一角，是展现泰国加入协约国军队、促成不公平条约的废除以及加入国际联盟的重要纪念场所。每年11月11日（军人悼念日），都会举行敬献花圈仪式，缅怀这些英勇战士。,zh-CN,Sun Dec 21 2025 04:59:49 GMT-0800 (Pacific Standard Time),ธวัชชัย อารีย์,https://www.google.com/maps/reviews/data=!4m6!14m5!1m4!2m3!1sCi9DQUlRQUNvZENodHljRjlvT2xWc2JXZGxNMWh0ZEdKSk5HNU1RMlpYZURaNVZsRRAB!2m1!1s0x30e2990d270155af:0x30a0af3875629b67
ChIJr1UBJw2Z4jARZ5tidTivoDA,World War I Volunteer Monument,Ci9DQUlRQUNvZENodHljRjlvT21RdGRuSm5SVVpKTW1wVldscHNWazVVVWpWU1pIYxAB,5.0,这座纪念碑是为了纪念在第一次世界大战中于法国和比利时牺牲的泰国同胞而建。永志不忘🌺🌺🌺🌺,zh-CN,Wed Dec 31 2025 20:00:20 GMT-0800 (Pacific Standard Time),GEE MAC,https://www.google.com/maps/reviews/data=!4m6!14m5!1m4!2m3!1sCi9DQUlRQUNvZENodHljRjlvT21RdGRuSm5SVVpKTW1wVldscHNWazVVVWpWU1pIYxAB!2m1!1s0x30e2990d270155af:0x30a0af3875629b67
ChIJr1UBJw2Z4jARZ5tidTivoDA,World War I Volunteer Monument,ChZDSUhNMG9nS0VJQ0FnSUMxbE0tSllREAE,4.0,อนุสาวรีย์ทหารอาสาสงครามโลกครั้งที่ 1 สร้างขึ้นตามพระราชดำริของพระบาทสมเด็จพระมงกุฎเกล้าเจ้าอยู่หัว รัชกาลที่ 6 เพื่อใช้เป็นอนุสรณ์สถานรำลึกถึงการเสียสละครั้งยิ่งใหญ่และใช้เป็นที่บรรจุอัฐิของเหล่าทหารผู้กล้า ที่เข้าร่วมรบกับฝ่ายสัมพันธมิตรในสมัยสงครามโลกครั้งที่ 1 โดยครั้งนั้นมีนายพลตรี พระยาพิไชยชาญฤทธิ์ (ผาด เทพหัสดินทร์ ณ อยุธยา) เป็นหัวหน้าทูตทหาร ภายหลังเมื่อสงครามสงบ ฝ่ายสัมพันธมิตรได้รับชัยชนะ จึงเดินทางกลับประเทศไทย โดยมีจำนวนทหารผู้เสียชีวิตจากเหตุการณ์ครั้งนั้นเป็นจำนวนมาก อนุสาวรีย์ทหารอาสาได้รับการออกแบบโดย สมเด็จพระเจ้าบรมวงศ์เธอ เจ้าฟ้ากรมพระยานริศรานุวัติวงศ์ ตัวอนุสาวรีย์เป็นเจดีย์ที่มีลักษณะแบบศิลปะประยุกต์จากสถาปัตยกรรมแบบศรีวิชัย ซึ่งมีต้นเค้าจากศาสนสถานของชวาภาคกลางที่เรียกว่า จันทิ มีจารึกกล่าวถึงสาเหตุที่ไทยต้องเข้าร่วมสงคราม พร้อมทั้งรายนามผู้เสียชีวิต โดยพระบาทสมเด็จพระมงกุฎเกล้าเจ้าอยู่หัวเสด็จพระราชดำเนิน ไปทรงประกอบพิธีบรรจุอัฐิทหารอาสาที่ฐานอนุสาวรีย์ เมื่อวันที่ 24 กันยายน พ.ศ. 2462 และโปรดพระราชทานนามเป็นอนุสรณ์ ถึงเหตุการณ์ครั้งนั้นว่า อนุสาวรีย์ทหารอาสาสงครามโลกครั้งที่ 1และทางราชการได้ถือเอาวันที่ 11 พฤศจิกายน เป็นวันประกอบพิธีวางพวงมาลา,th,Sat Dec 23 2023 05:40:29 GMT-0800 (Pacific Standard Time),ChubbyArin,https://www.google.com/maps/reviews/data=!4m6!14m5!1m4!2m3!1sChZDSUhNMG9nS0VJQ0FnSUMxbE0tSllREAE!2m1!1s0x30e2990d270155af:0x30a0af3875629b67
ChIJr1UBJw2Z4jARZ5tidTivoDA,World War I Volunteer Monument,ChdDSUhNMG9nS0VJQ0FnSUNaanE3THNBRRAB,5.0,那是我母亲以前开车路过却从未驻足观看的地方。今天，她有时间仔细探访，发现这是一座由拉玛六世国王下令建造的纪念碑，安葬着19位在第一次世界大战中作为志愿兵英勇牺牲的士兵的骨灰。纪念碑的四面都镌刻着他们的生平事迹、细节以及姓名。母亲被他们的英勇和牺牲深深感动，他们代表泰国参战，为国家赢得了荣誉和福祉，这份精神至今仍在延续。,zh-CN,Sun Sep 10 2023 06:33:55 GMT-0700 (Pacific Daylight Time),รัตนธร,https://www.google.com/maps/reviews/data=!4m6!14m5!1m4!2m3!1sChdDSUhNMG9nS0VJQ0FnSUNaanE3THNBRRAB!2m1!1s0x30e2990d270155af:0x30a0af3875629b67
ChIJ8825fLKe4jAR4OhUee1Kyfc,King Rama VI Monument,Ci9DQUlRQUNvZENodHljRjlvT2xkeE5HZFZORTVGYVV0NWMxcHFNRUpPUkUxTVFtYxAB,5.0,瓦吉拉伍德国王（拉玛六世）皇家纪念碑位于帕亚泰宫（帕蒙库克劳医院内）前。该纪念碑为纪念国王而建，始建于1937年左右。这座青铜雕像描绘了国王的站立姿态，以此致敬他多年来对这座宫殿的建造和居住所做出的贡献。,zh-CN,Sat Apr 25 2026 18:33:28 GMT-0700 (Pacific Daylight Time),natthaphon,https://www.google.com/maps/reviews/data=!4m6!14m5!1m4!2m3!1sCi9DQUlRQUNvZENodHljRjlvT2xkeE5HZFZORTVGYVV0NWMxcHFNRUpPUkUxTVFtYxAB!2m1!1s0x30e29eb27cb9cdf3:0xf7c94aed7954e8e0
ChIJ8825fLKe4jAR4OhUee1Kyfc,King Rama VI Monument,ChdDSUhNMG9nS0VPRzZtS3VFNl9XYm53RRAB,5.0,拉玛六世国王纪念碑位于帕亚泰宫前，其后是诺辛咖啡馆和宫殿建筑，毗邻帕蒙库克劳医院。您可以将车停在医院停车场，然后步行前往纪念碑。,zh-CN,Mon May 12 2025 07:43:57 GMT-0700 (Pacific Daylight Time),Gofu_Gif,https://www.google.com/maps/reviews/data=!4m6!14m5!1m4!2m3!1sChdDSUhNMG9nS0VPRzZtS3VFNl9XYm53RRAB!2m1!1s0x30e29eb27cb9cdf3:0xf7c94aed7954e8e0
ChIJ8825fLKe4jAR4OhUee1Kyfc,King Rama VI Monument,Ci9DQUlRQUNvZENodHljRjlvT25saFRrOXpWbVZEZFV4MFNXczNjRk5PZG1OMlEyYxAB,5.0,一起在附近散步。,zh-CN,Mon Sep 29 2025 01:42:06 GMT-0700 (Pacific Daylight Time),1004 JH,https://www.google.com/maps/reviews/data=!4m6!14m5!1m4!2m3!1sCi9DQUlRQUNvZENodHljRjlvT25saFRrOXpWbVZEZFV4MFNXczNjRk5PZG1OMlEyYxAB!2m1!1s0x30e29eb27cb9cdf3:0xf7c94aed7954e8e0
ChIJ8825fLKe4jAR4OhUee1Kyfc,King Rama VI Monument,ChZDSUhNMG9nS0VJQ0FnTURBbWRfelhBEAE,5.0,🙏,zh-CN,Sun Feb 09 2025 23:07:26 GMT-0800 (Pacific Standard Time),Supachok “吴”,https://www.google.com/maps/reviews/data=!4m6!14m5!1m4!2m3!1sChZDSUhNMG9nS0VJQ0FnTURBbWRfelhBEAE!2m1!1s0x30e29eb27cb9cdf3:0xf7c94aed7954e8e0
ChIJ8825fLKe4jAR4OhUee1Kyfc,King Rama VI Monument,ChZDSUhNMG9nS0VJQ0FnSUNRZ00zbFdBEAE,4.0,他备受尊敬和崇拜。他以帮助他人而闻名，人们会根据情况向他献上祭品和祈祷。,zh-CN,Sat Nov 18 2017 06:07:12 GMT-0800 (Pacific Standard Time),Kiattipss Cha,https://www.google.com/maps/reviews/data=!4m6!14m5!1m4!2m3!1sChZDSUhNMG9nS0VJQ0FnSUNRZ00zbFdBEAE!2m1!1s0x30e29eb27cb9cdf3:0xf7c94aed7954e8e0
ChIJxfy7HASZ4jAR2fzTTHXeJMk,King Taksin Monument,ChdDSUhNMG9nS0VJQ0FnSUNmcFBmMzhRRRAB,4.0,2024年12月25日，星期三 郑信大帝纪念碑 位于泰国皇家海军码头，旧皇宫 根据底座铭牌记载： 郑信大帝，原名辛，生于阿瑜陀耶王朝末期，佛历2277年。 他曾任达府总督。 在埃卡塔国王统治时期。 佛历2308年，缅甸军队逼近阿瑜陀耶，意图摧毁泰国。当时，郑信大帝 奉命前来保卫都城。 战火迅速蔓延， 一直持续到佛历2310年。 泰国军队实力削弱，士气低落，缺乏团结，无力抵挡残暴的敌军，即使是最勇敢的士兵也忧心忡忡。阿瑜陀耶城内一片混乱，百姓四散逃亡。 郑信大帝深知阿瑜陀耶即将陷落，果断集结五百兵力，突破重重包围，向东进发。他们沿邦巴功河、班昭罗、北柳府、宗滴海滩、芭堤雅、春武里府、罗勇府、尖竹汶府和达叻府等地，与缅甸巡逻队和敌对的泰军交战。凭借王权，他统一了沿海各府的臣民。 他在尖竹汶府建立军事基地，加快集结兵力和武器，准备发动突袭。佛历2310年11月，郑信大帝（公元1767年）率领强大的海军进入泰国湾，直抵湄南河口，在吞武里和普三通营地击败缅甸军队，仅用七个多月便重获独立。 这一英勇之举造福了泰国及其人民。 1768年，郑信大帝定都吞武里，并登基成为暹罗国王。 他勤勉尽责、坚韧不拔，在其统治期间确保了国家统一，维护了泰国的主权。 郑信大帝于1782年逝世。 --------------- 您知道郑信大帝创作了《拉玛坚》的四个章节吗？ 因此，在旧皇宫的大亭中，陈列着一幅描绘哈努曼求爱南婉琳的复制品。,zh-CN,Wed Dec 25 2024 22:11:10 GMT-0800 (Pacific Standard Time),Chonlanet S.,https://www.google.com/maps/reviews/data=!4m6!14m5!1m4!2m3!1sChdDSUhNMG9nS0VJQ0FnSUNmcFBmMzhRRRAB!2m1!1s0x30e299041cbbfcc5:0xc924de754cd3fcd9
ChIJxfy7HASZ4jAR2fzTTHXeJMk,King Taksin Monument,ChZDSUhNMG9nS0VJQ0FnSUNma3FuU0ZnEAE,5.0,回顾：我之前曾到访并瞻仰过位于湄公河吞武里一侧海军基地内的郑信大帝雕像。我认为，除了在纳莱王统治时期曾是堡垒，以及郑信大帝的旧王宫之外，这里可能还是当年军队登陆攻占吞武里，然后启程前往阿瑜陀耶的地点。如果我的理解有误，敬请谅解。明天，12月28日，是郑信大帝的加冕纪念日，欢迎知情者分享相关信息，以此纪念他。我收集到的历史资料如下： 攻占威猜帕西堡（吞武里）：1767年10月下旬，一支由约100艘船组成的舰队，每艘船载有约100名士兵（Sang Phatthanothai，无日期：159），满载补给和装备，以及4000名泰国和中国士兵，从尖竹汶河口出发，进入泰国湾，驶向湄南河口。舰队抵达威猜帕西堡……攻占该堡的两栖登陆计划完全按照预定执行。攻占威猜帕西堡后，舰队将沿湄南河乘船前往最终目的地。在攻占各营地的初期阶段，郑信国王几乎在每个地点都采用了两栖登陆战术。为了更好地理解这一事件，《泰缅战争》一书中的一段摘录生动地描述了当时的情形：“缅甸人派驻守吞武里的奈通因（又名本颂，Praphat Trinaronk，2000：3）得知郑信王正率领海军舰队驶入河口。他立即前往普萨姆顿营地，通知指挥官素基，并命令部下守卫威猜普拉西堡和吞武里城墙，做好战斗准备。郑信王的军队抵达后，守城的士兵见是泰军，便不愿应战。经过短暂的交战，郑信王攻占了吞武里，俘虏了奈通因，并将其处决。”,zh-CN,Fri Dec 27 2024 06:15:15 GMT-0800 (Pacific Standard Time),Suphakorn Panyangam,https://www.google.com/maps/reviews/data=!4m6!14m5!1m4!2m3!1sChZDSUhNMG9nS0VJQ0FnSUNma3FuU0ZnEAE!2m1!1s0x30e299041cbbfcc5:0xc924de754cd3fcd9
ChIJxfy7HASZ4jAR2fzTTHXeJMk,King Taksin Monument,ChZDSUhNMG9nS0VJQ0FnSUMxb05pVmVBEAE,5.0,这个独特且鲜为人知的景点仅在十二月对公众开放。 普密蓬·阿杜德纪念碑位于湄南河畔，雕像比真人还要高大。 这里是游客瞻仰佛像的热门地点。纪念碑旁是一片绿草茵茵的区域，人们可以在此休憩，欣赏湄南河的美景。 此外，这里环境清幽凉爽。,zh-CN,Wed Dec 20 2023 00:45:24 GMT-0800 (Pacific Standard Time),Prayat Keram,https://www.google.com/maps/reviews/data=!4m6!14m5!1m4!2m3!1sChZDSUhNMG9nS0VJQ0FnSUMxb05pVmVBEAE!2m1!1s0x30e299041cbbfcc5:0xc924de754cd3fcd9
ChIJxfy7HASZ4jAR2fzTTHXeJMk,King Taksin Monument,ChdDSUhNMG9nS0VJQ0FnSURac2VmdHB3RRAB,5.0,郑信大帝的雕像为全身青铜雕塑，纪念他为恢复泰国独立、保障国家主权至今所作出的伟大贡献。建议在进入旧皇宫前先瞻仰他的雕像。纪念碑面向湄南河，位于曼谷一侧。 纪念碑坐落于湄南河畔，环境宜人，景色优美，是一个非常吉祥的地点。,zh-CN,Tue Oct 03 2023 02:06:38 GMT-0700 (Pacific Daylight Time),ChubbyArin,https://www.google.com/maps/reviews/data=!4m6!14m5!1m4!2m3!1sChdDSUhNMG9nS0VJQ0FnSURac2VmdHB3RRAB!2m1!1s0x30e299041cbbfcc5:0xc924de754cd3fcd9
ChIJxfy7HASZ4jAR2fzTTHXeJMk,King Taksin Monument,ChdDSUhNMG9nS0VJQ0FnSUR2dWNUMTVnRRAB,5.0,请在此缅怀他。 郑信大帝纪念碑位于旧皇宫前，这座皇宫是郑信大帝在位期间建造的。目前，旧皇宫位于泰国皇家海军的管辖范围内。,zh-CN,Sat Dec 21 2024 17:17:39 GMT-0800 (Pacific Standard Time),arinrada_ruk,https://www.google.com/maps/reviews/data=!4m6!14m5!1m4!2m3!1sChdDSUhNMG9nS0VJQ0FnSUR2dWNUMTVnRRAB!2m1!1s0x30e299041cbbfcc5:0xc924de754cd3fcd9
ChIJj6hTtkyZ4jARTudixnbAj38,King Rama IV Monument,Ci9DQUlRQUNvZENodHljRjlvT21NNExXNUNia2x2ZUZSUmMyY3lVR1ZHVDJ0R2FWRRAB,5.0,68.08.18_参加敬献花圈，以纪念泰国科学之父拉玛四世国王陛下。,zh-CN,Mon Aug 18 2025 07:04:00 GMT-0700 (Pacific Daylight Time),ห๊ะะะ,https://www.google.com/maps/reviews/data=!4m6!14m5!1m4!2m3!1sCi9DQUlRQUNvZENodHljRjlvT21NNExXNUNia2x2ZUZSUmMyY3lVR1ZHVDJ0R2FWRRAB!2m1!1s0x30e2994cb653a88f:0x7f8fc076c662e74e
ChIJj6hTtkyZ4jARTudixnbAj38,King Rama IV Monument,ChZDSUhNMG9nS0VJQ0FnTURnNnZudUtREAE,5.0,泰国科学之父蒙固国王的皇家纪念碑。,zh-CN,Sun Feb 23 2025 20:23:44 GMT-0800 (Pacific Standard Time),ChubbyArin,https://www.google.com/maps/reviews/data=!4m6!14m5!1m4!2m3!1sChZDSUhNMG9nS0VJQ0FnTURnNnZudUtREAE!2m1!1s0x30e2994cb653a88f:0x7f8fc076c662e74e
ChIJj6hTtkyZ4jARTudixnbAj38,King Rama IV Monument,ChdDSUhNMG9nS0VJQ0FnSUNFbjhPUnl3RRAB,5.0,这里非常漂亮，而且绿树成荫。,zh-CN,Mon Jun 17 2019 21:05:21 GMT-0700 (Pacific Daylight Time),Pat Suphakhong,https://www.google.com/maps/reviews/data=!4m6!14m5!1m4!2m3!1sChdDSUhNMG9nS0VJQ0FnSUNFbjhPUnl3RRAB!2m1!1s0x30e2994cb653a88f:0x7f8fc076c662e74e
ChIJj6hTtkyZ4jARTudixnbAj38,King Rama IV Monument,ChZDSUhNMG9nS0VJQ0FnSUNWak1tUVRBEAE,5.0,,,Tue Dec 05 2023 13:33:11 GMT-0800 (Pacific Standard Time),topduck entertian,https://www.google.com/maps/reviews/data=!4m6!14m5!1m4!2m3!1sChZDSUhNMG9nS0VJQ0FnSUNWak1tUVRBEAE!2m1!1s0x30e2994cb653a88f:0x7f8fc076c662e74e
ChIJj6hTtkyZ4jARTudixnbAj38,King Rama IV Monument,ChZDSUhNMG9nS0VJQ0FnSUNRcGJpaE9BEAE,5.0,,,Wed Sep 13 2017 03:25:19 GMT-0700 (Pacific Daylight Time),Teepat Sutabutra,https://www.google.com/maps/reviews/data=!4m6!14m5!1m4!2m3!1sChZDSUhNMG9nS0VJQ0FnSUNRcGJpaE9BEAE!2m1!1s0x30e2994cb653a88f:0x7f8fc076c662e74e
ChIJHRpzYguZ4jARHCJGDtjG7mE,Pridi Banomyong Monument,ChdDSUhNMG9nS0VQTzJzTTJRdlphWnFRRRAB,5.0,这座普里迪·帕侬荣的雕像位于法政大学河畔广场，并非矗立在校园正门前，而是隐匿于校园一处静谧之地。普里迪是泰国历史上的重要人物，他领导了1932年推翻君主专制的革命，并创立了法政大学。 雕像周围绿树环绕，河风习习，给人一种静谧而庄严之感。这里不仅是学生驻足沉思的好去处，也是所有关注泰国民主与正义之路的人们的理想之地。,zh-CN,Fri May 16 2025 23:44:57 GMT-0700 (Pacific Daylight Time),em emmm,https://www.google.com/maps/reviews/data=!4m6!14m5!1m4!2m3!1sChdDSUhNMG9nS0VQTzJzTTJRdlphWnFRRRAB!2m1!1s0x30e2990b62731a1d:0x61eec6d80e46221c
ChIJHRpzYguZ4jARHCJGDtjG7mE,Pridi Banomyong Monument,ChdDSUhNMG9nS0VJQ0FnSUQ2dGNIQnBBRRAB,5.0,以歌曲《自由精神》中提到的那位前政治家、前总理比里·帕侬荣命名的地方。位于泰国法政大学湄南河畔的纪念广场上，矗立着比里·帕侬荣教授的铜像，他端坐于河畔，眺望着邦銮运河。,zh-CN,Wed Oct 06 2021 12:52:58 GMT-0700 (Pacific Daylight Time),kati 1789,https://www.google.com/maps/reviews/data=!4m6!14m5!1m4!2m3!1sChdDSUhNMG9nS0VJQ0FnSUQ2dGNIQnBBRRAB!2m1!1s0x30e2990b62731a1d:0x61eec6d80e46221c
ChIJHRpzYguZ4jARHCJGDtjG7mE,Pridi Banomyong Monument,ChdDSUhNMG9nS0VJQ0FnSURIcEtMY3dBRRAB,5.0,位于曼谷的普里迪·帕侬荣纪念碑是一座重要的地标性建筑，旨在纪念泰国杰出的政治家和思想家普里迪·帕侬荣的卓越贡献。这座纪念碑是对他在泰国历史上的关键作用及其对泰国政治和社会发展影响的致敬。 历史意义：普里迪·帕侬荣是泰国现代史上的重要人物，以其在20世纪中期塑造泰国政治格局的努力而闻名。作为二战期间自由泰国运动的领导成员和民主改革的倡导者，他的贡献在泰国政治和社会中留下了深远的影响。这座纪念碑是纪念他的成就和反思其影响的中心。 建筑特色：纪念碑本身是一座令人印象深刻的建筑，其设计庄严肃穆。纪念碑通常以普里迪·帕侬荣的雕像为特色，雕像通常以沉思或沉思的姿态呈现，背景则以象征其对泰国社会贡献的元素为衬托。纪念碑的设计旨在表达敬意和尊崇，体现其重要意义。 周边环境：纪念碑位于显要位置，通常坐落于维护良好的场地内，包括景观花园或公共空间。周围环境旨在营造一种庄严肃穆的氛围，使参观者能够思考普里迪·帕侬荣的历史贡献。 参观体验：参观普里迪·帕侬荣纪念碑，可以了解泰国历史以及塑造国家的重要人物。这里经常吸引对泰国政治和历史感兴趣的人士，以及希望表达敬意的当地居民。纪念碑位于公共区域，交通便利，方便参观。 总体印象：普里迪·帕侬荣纪念碑是一座重要的地标，它展现了泰国现代史以及一位重要历史人物的丰功伟绩。其庄严的设计、重要的历史意义和庄重的环境，使其成为一个兼具教育和纪念价值的场所。无论你是对泰国历史感兴趣，还是仅仅想了解该国的政治发展，这座纪念碑都能为你提供有意义且丰富的体验。,zh-CN,Thu Sep 12 2024 09:38:33 GMT-0700 (Pacific Daylight Time),Sithavut Kayuraphan,https://www.google.com/maps/reviews/data=!4m6!14m5!1m4!2m3!1sChdDSUhNMG9nS0VJQ0FnSURIcEtMY3dBRRAB!2m1!1s0x30e2990b62731a1d:0x61eec6d80e46221c
ChIJHRpzYguZ4jARHCJGDtjG7mE,Pridi Banomyong Monument,ChdDSUhNMG9nS0VJQ0FnSUNRN0lUeDlRRRAB,3.0,坐标正确。圆顶大楼是法政大学的标志性建筑。这座建筑独具特色，其前方湄南河畔矗立着比里·普罗米永纪念碑。,zh-CN,Tue Mar 15 2016 09:01:03 GMT-0700 (Pacific Daylight Time),Rattana C (Ratt),https://www.google.com/maps/reviews/data=!4m6!14m5!1m4!2m3!1sChdDSUhNMG9nS0VJQ0FnSUNRN0lUeDlRRRAB!2m1!1s0x30e2990b62731a1d:0x61eec6d80e46221c
ChIJHRpzYguZ4jARHCJGDtjG7mE,Pridi Banomyong Monument,ChdDSUhNMG9nS0VJQ0FnSUQ3NVl1QzlBRRAB,5.0,作为游客，我不知道这是什么类型的纪念碑，但我环顾学校时看到了这座纪念碑。,zh-CN,Mon Aug 26 2024 08:14:56 GMT-0700 (Pacific Daylight Time),Life Green Juju,https://www.google.com/maps/reviews/data=!4m6!14m5!1m4!2m3!1sChdDSUhNMG9nS0VJQ0FnSUQ3NVl1QzlBRRAB!2m1!1s0x30e2990b62731a1d:0x61eec6d80e46221c
ChIJaa0SQgyZ4jARTqlP5jXvB_M,Maha Sura Singhanat Monument,Ci9DQUlRQUNvZENodHljRjlvT21oT2NpMXVhRFZLWmtKV2FrZEVPV05XYVRWbldIYxAB,5.0,位于玛哈泰寺（Wat Mahathat Yuwaratrangsarit Ratchaworamahawihan）的颂德帕博沃拉查昭玛哈苏拉辛哈纳特（Somdet Phra Boworacha Chao Maha Surasinghanat，又名王那帕亚苏亚）纪念碑，是一尊真人大小一倍半的雕像，描绘了王子端坐于佛门之上，高举宝剑，行佛教礼仪的姿态。该纪念碑由玛哈泰寺校友会委托建造，并于1979年11月3日由拉玛九世国王陛下亲自揭幕，以纪念创建该寺庙的王子。 值得一提的是，纪念碑的基座上供奉着从王子曾到访过的二十八个地点采集的泥土。这里还珍藏着具有重要历史意义的“帕桑拉奥天”（Phra Saeng Rao Thian），这把王子的皇家宝剑后来被奉为佛教仪式用的烛台——这件价值连城的文物曾一度被认为遗失，直到2023年底才被寻回并重新向公众展出。 • 目的：纪念玛哈泰寺（Wat Mahathat）的创始人颂德帕博沃拉查·昭玛哈苏拉辛哈纳（Somdet Phra Boworacha Chao Maha Surasinghanat）。 • 特色：一尊真人大小（约1.5倍）的立像，王子以仪式性的姿势举起皇家宝剑，面向皇家田广场（Sanam Luang）。 • 底座材质：取自与王子旅程相关的28处圣地和历史遗址的土壤。 • 落成：由拉玛九世国王陛下于1979年11月3日正式揭幕。 • 历史意义：这里珍藏着备受尊崇的“帕桑拉奥天”，这件皇家传家宝在遗失数代后重获新生，并被重新安放在寺庙中。 地点： 位于玛哈泰寺 Yuwaratrangsarit Ratchaworamahawihan 的 Phothilanka Vihara 前面。,zh-CN,Sun Dec 07 2025 02:57:48 GMT-0800 (Pacific Standard Time),Kamollak Pitt,https://www.google.com/maps/reviews/data=!4m6!14m5!1m4!2m3!1sCi9DQUlRQUNvZENodHljRjlvT21oT2NpMXVhRFZLWmtKV2FrZEVPV05XYVRWbldIYxAB!2m1!1s0x30e2990c4212ad69:0xf307ef35e64fa94e
ChIJaa0SQgyZ4jARTqlP5jXvB_M,Maha Sura Singhanat Monument,Ci9DQUlRQUNvZENodHljRjlvT2xoZlZUVnJhVk0zU0dKaFpVWXhVblZyU0VKTk5IYxAB,5.0,位于玛哈泰寺的崇迪帕博隆拉查昭苏拉辛哈纳纪念碑由玛哈泰寺校友会于1979年建造，旨在纪念该寺的创建者崇迪帕博隆拉查昭苏拉辛哈纳。纪念碑位于菩提兰卡精舍前，是真人大小的1.5倍，描绘了他手持宝剑，呈供奉状的姿态。纪念碑内部盛放着从他曾率军征战的28个地点采集的泥土。1979年11月3日，普密蓬·阿杜德国王（拉玛九世）主持了纪念碑的落成典礼。,zh-CN,Mon Oct 27 2025 00:07:15 GMT-0700 (Pacific Daylight Time),ธวัชชัย อารีย์,https://www.google.com/maps/reviews/data=!4m6!14m5!1m4!2m3!1sCi9DQUlRQUNvZENodHljRjlvT2xoZlZUVnJhVk0zU0dKaFpVWXhVblZyU0VKTk5IYxAB!2m1!1s0x30e2990c4212ad69:0xf307ef35e64fa94e
ChIJaa0SQgyZ4jARTqlP5jXvB_M,Maha Sura Singhanat Monument,Ci9DQUlRQUNvZENodHljRjlvT2tGZkxVUkpORXN5UlZkck5UaEJXa1k1WWpGNGJHYxAB,5.0,崇迪帕博隆拉昭玛哈苏拉辛哈纳特皇家纪念碑 这座为纪念崇迪帕博隆拉昭玛哈苏拉辛哈纳特而建的纪念碑位于三銮公园前，玛哈泰尤瓦拉拉朗斯里寺内，维护良好，干净整洁，保存完好。,zh-CN,Sun Nov 09 2025 05:48:11 GMT-0800 (Pacific Standard Time),Tete Young,https://www.google.com/maps/reviews/data=!4m6!14m5!1m4!2m3!1sCi9DQUlRQUNvZENodHljRjlvT2tGZkxVUkpORXN5UlZkck5UaEJXa1k1WWpGNGJHYxAB!2m1!1s0x30e2990c4212ad69:0xf307ef35e64fa94e
ChIJaa0SQgyZ4jARTqlP5jXvB_M,Maha Sura Singhanat Monument,ChZDSUhNMG9nS0VJQ0FnSURiOTlHMEl3EAE,5.0,在皇家田广场西侧，帕占路和那帕塔路的交汇处，矗立着一尊真人大小的国王雕像。玛哈·苏拉辛哈纳王子修复了玛哈泰寺（原名萨拉克寺），并建造了博隆玛哈拉查旺宫。阿瑜陀耶王朝陷落后，他曾躲在萨拉克寺前的一艘船下，祈求平安抵达与郑信王会合。因此，他一直支持玛哈泰寺的修建。临终前，他将自己的剑作为烛台献给主殿内的佛像。这把剑和烛​​台一度遗失，但最近已被寻回。雕像后方是一座小型戒堂，这是一座传统的建筑，带有尖顶和装饰性的屋檐。戒堂只有一扇朝东的门，正对着皇家田广场。主佛像前供奉着一尊受龙护法姿态的佛像。小型戒堂后方有一棵菩提树。除了皇家纪念碑上的皇家雕像外，位于主殿后廊外的讲经堂也采用传统风格，带有尖顶、装饰性屋檐和小山墙。山墙上绘有天神在莲花上祈祷的图案，面向东方的主殿。这里还有颂德·帕·拉查旺·博翁·玛哈·苏拉辛哈纳特及其妃嫔和女儿的半身像。新年之前，我先前往皇家田广场（Sanam Luang）参拜了从中国迎请而来的佛牙舍利，之后又前往玛哈泰寺（Wat Mahathat）参拜，最后到达玉佛寺（Wat Phra Kaew）。,zh-CN,Wed Jan 08 2025 18:10:24 GMT-0800 (Pacific Standard Time),Suporn Kulwatnantachai,https://www.google.com/maps/reviews/data=!4m6!14m5!1m4!2m3!1sChZDSUhNMG9nS0VJQ0FnSURiOTlHMEl3EAE!2m1!1s0x30e2990c4212ad69:0xf307ef35e64fa94e
ChIJaa0SQgyZ4jARTqlP5jXvB_M,Maha Sura Singhanat Monument,ChZDSUhNMG9nS0VJQ0FnSURad0lxSmZBEAE,5.0,通俗地说，这座纪念碑是拉玛一世国王的弟弟的雕像，拉玛一世建立了却克里王朝和拉达那哥欣时代。他在将首都从吞武里迁至曼谷的过程中发挥了重要作用。,zh-CN,Thu Sep 21 2023 15:45:49 GMT-0700 (Pacific Daylight Time),Prayat Keram,https://www.google.com/maps/reviews/data=!4m6!14m5!1m4!2m3!1sChZDSUhNMG9nS0VJQ0FnSURad0lxSmZBEAE!2m1!1s0x30e2990c4212ad69:0xf307ef35e64fa94e
ChIJ4ZDeMC2Z4jAR7fINQeuz52Y,พระบรมราชานุสาวรีย์สมเด็จพระเจ้าตากสินมหาราช,Ci9DQUlRQUNvZENodHljRjlvT2toUVRtd3hiMDAyTFZCZmNUaFpYMk5IUXpaWWRVRRAB,5.0,郑信大帝纪念碑,zh-CN,Thu Jan 01 2026 18:42:24 GMT-0800 (Pacific Standard Time),Sailor Mars,https://www.google.com/maps/reviews/data=!4m6!14m5!1m4!2m3!1sCi9DQUlRQUNvZENodHljRjlvT2toUVRtd3hiMDAyTFZCZmNUaFpYMk5IUXpaWWRVRRAB!2m1!1s0x30e2992d30de90e1:0x66e7b3eb410df2ed
ChIJ4ZDeMC2Z4jAR7fINQeuz52Y,พระบรมราชานุสาวรีย์สมเด็จพระเจ้าตากสินมหาราช,ChZDSUhNMG9nS0VJQ0FnTURRekxtdWZ3EAE,5.0,郑信大帝纪念碑,zh-CN,Sun Mar 09 2025 05:08:38 GMT-0700 (Pacific Daylight Time),ChubbyArin,https://www.google.com/maps/reviews/data=!4m6!14m5!1m4!2m3!1sChZDSUhNMG9nS0VJQ0FnTURRekxtdWZ3EAE!2m1!1s0x30e2992d30de90e1:0x66e7b3eb410df2ed
ChIJ4ZDeMC2Z4jAR7fINQeuz52Y,พระบรมราชานุสาวรีย์สมเด็จพระเจ้าตากสินมหาราช,ChdDSUhNMG9nS0VJQ0FnSURsd1pEal9nRRAB,1.0,,,Fri Dec 01 2023 23:34:50 GMT-0800 (Pacific Standard Time),ประสบชัย ทะวงค์นา,https://www.google.com/maps/reviews/data=!4m6!14m5!1m4!2m3!1sChdDSUhNMG9nS0VJQ0FnSURsd1pEal9nRRAB!2m1!1s0x30e2992d30de90e1:0x66e7b3eb410df2ed
ChIJx-cWGU2Z4jAR4Ur9kAtm5iI,อนุสาวรีย์ ดร.ตั้ว ลพานุกรม องค์การเภสัชกรรม,ChdDSUhNMG9nS0VJQ0FnSUNRajlXb2hnRRAB,4.0,为纪念杜拉帕努克罗姆博士而建的纪念碑位于政府制药组织院内。,zh-CN,Fri Nov 03 2017 17:36:10 GMT-0700 (Pacific Daylight Time),Paradorn Tonthong,https://www.google.com/maps/reviews/data=!4m6!14m5!1m4!2m3!1sChdDSUhNMG9nS0VJQ0FnSUNRajlXb2hnRRAB!2m1!1s0x30e2994d1916e7c7:0x22e6660b90fd4ae1
ChIJx-cWGU2Z4jAR4Ur9kAtm5iI,อนุสาวรีย์ ดร.ตั้ว ลพานุกรม องค์การเภสัชกรรม,ChZDSUhNMG9nS0VJQ0FnSURSa19xYkpREAE,3.0,,,Tue May 02 2023 15:37:35 GMT-0700 (Pacific Daylight Time),สมพร ไหมสุข,https://www.google.com/maps/reviews/data=!4m6!14m5!1m4!2m3!1sChZDSUhNMG9nS0VJQ0FnSURSa19xYkpREAE!2m1!1s0x30e2994d1916e7c7:0x22e6660b90fd4ae1
ChIJP4cGNCeZ4jARESXRlmAAC6k,ซุ้มประตูเฉลิมพระเกียรติ 6 รอบพระชนมพรรษา,Ci9DQUlRQUNvZENodHljRjlvT201b1RVSndXVzVrTjJRdGEyOVlkRGR0YmtoWk5XYxAB,4.0,唐人街崇圣牌楼 曼谷唐人街入口 每逢中国春节 泰国皇室都会在这向华人拜年,zh,Mon Feb 02 2026 20:07:54 GMT-0800 (Pacific Standard Time),方龙,https://www.google.com/maps/reviews/data=!4m6!14m5!1m4!2m3!1sCi9DQUlRQUNvZENodHljRjlvT201b1RVSndXVzVrTjJRdGEyOVlkRGR0YmtoWk5XYxAB!2m1!1s0x30e299273406873f:0xa90b006096d12511
ChIJP4cGNCeZ4jARESXRlmAAC6k,ซุ้มประตูเฉลิมพระเกียรติ 6 รอบพระชนมพรรษา,Ci9DQUlRQUNvZENodHljRjlvT2xwcGRDMUxiR3RrYUdrMGJreE5TVEZPYmtoM2FFRRAB,5.0,"1999年时,泰国的华侨各姓氏宗亲总会筹划制作这个牌楼作为当时泰国的君主拉玛九世72岁时的生日贺礼。 崇圣牌楼又名“中国门”（China Gate）位于泰国首都曼谷唐人街入口处。 这是一座传统中国建筑的牌楼,每当农历年初一,这里会举行春节庆祝活动,泰国君主家族成员都会出席仪式,并沿着耀华力路向泰国的华侨们拜年。",zh,Wed Jul 09 2025 02:24:31 GMT-0700 (Pacific Daylight Time),YAP FLY,https://www.google.com/maps/reviews/data=!4m6!14m5!1m4!2m3!1sCi9DQUlRQUNvZENodHljRjlvT2xwcGRDMUxiR3RrYUdrMGJreE5TVEZPYmtoM2FFRRAB!2m1!1s0x30e299273406873f:0xa90b006096d12511
ChIJP4cGNCeZ4jARESXRlmAAC6k,ซุ้มประตูเฉลิมพระเกียรติ 6 รอบพระชนมพรรษา,ChdDSUhNMG9nS0VJQ0FnSUM5NGZLUDd3RRAB,4.0,"很有特色的chinatown,在泰国中国人必去的地方！农历新年节日气氛浓厚👍",zh,Wed Mar 06 2024 05:03:17 GMT-0800 (Pacific Standard Time),Uncle Danny,https://www.google.com/maps/reviews/data=!4m6!14m5!1m4!2m3!1sChdDSUhNMG9nS0VJQ0FnSUM5NGZLUDd3RRAB!2m1!1s0x30e299273406873f:0xa90b006096d12511
ChIJP4cGNCeZ4jARESXRlmAAC6k,ซุ้มประตูเฉลิมพระเกียรติ 6 รอบพระชนมพรรษา,ChZDSUhNMG9nS0VJQ0FnSURNbkxHWVZBEAE,5.0,修建于1999年，作为九世皇72岁生日的贺礼。为表彰华人为曼谷发展所作出的贡献，泰国三公主诗琳通亲笔提写祝福汉字，高悬于龙门之上，这里也成了唐人街一带风水最佳之处。,zh,Fri Dec 20 2019 12:34:48 GMT-0800 (Pacific Standard Time),张琨,https://www.google.com/maps/reviews/data=!4m6!14m5!1m4!2m3!1sChZDSUhNMG9nS0VJQ0FnSURNbkxHWVZBEAE!2m1!1s0x30e299273406873f:0xa90b006096d12511
ChIJP4cGNCeZ4jARESXRlmAAC6k,ซุ้มประตูเฉลิมพระเกียรติ 6 รอบพระชนมพรรษา,ChdDSUhNMG9nS0VJQ0FnSURRdDdPVnV3RRAB,4.0,在国外，这种建筑牌坊就是代表中国的传统文化！对海外的华人华侨是一种思乡的情节和缅怀！😎 去了很多国家的唐人街，曼谷的唐人街是最拥挤和有特色的！想要什么这里应有尽有！气氛浓郁！来到曼谷不可错过的地方！😘😎,zh,Sun Nov 26 2017 13:55:51 GMT-0800 (Pacific Standard Time),Jessica Woods,https://www.google.com/maps/reviews/data=!4m6!14m5!1m4!2m3!1sChdDSUhNMG9nS0VJQ0FnSURRdDdPVnV3RRAB!2m1!1s0x30e299273406873f:0xa90b006096d12511
ChIJFyOI0b6Z4jARsfP9cjpVXeU,Amphon Sathan Residential Hall (Ambara Villa),Ci9DQUlRQUNvZENodHljRjlvT201WFVUZHFkblZ6Y25GR2EydHVXVlZDTUd4WE9GRRAB,5.0,我10月23日去的。那里人很多，但我可以从远处看到它。,zh-CN,Fri Oct 24 2025 23:21:47 GMT-0700 (Pacific Daylight Time),W. W.,https://www.google.com/maps/reviews/data=!4m6!14m5!1m4!2m3!1sCi9DQUlRQUNvZENodHljRjlvT201WFVUZHFkblZ6Y25GR2EydHVXVlZDTUd4WE9GRRAB!2m1!1s0x30e299bed1882317:0xe55d553a72fdf3b1
ChIJFyOI0b6Z4jARsfP9cjpVXeU,Amphon Sathan Residential Hall (Ambara Villa),Ci9DQUlRQUNvZENodHljRjlvT25WblUwRkVMVWd4YldsbVoyeHJTSEJsWTNWcVUyYxAB,5.0,每年安蓬花园都会举办泰拳比赛。那里有很多商店，可以买到植物、有机农产品、沙拉食材，从食品到家居用品应有尽有。我小时候去过都实动物园，也去过曼谷拉差威提路附近的儿童医院。开车去很方便，走大通桥到暖武里府就可以了。,zh-CN,Wed May 06 2026 05:35:58 GMT-0700 (Pacific Daylight Time),บุญชนะ ปุณณะเวส,https://www.google.com/maps/reviews/data=!4m6!14m5!1m4!2m3!1sCi9DQUlRQUNvZENodHljRjlvT25WblUwRkVMVWd4YldsbVoyeHJTSEJsWTNWcVUyYxAB!2m1!1s0x30e299bed1882317:0xe55d553a72fdf3b1
ChIJFyOI0b6Z4jARsfP9cjpVXeU,Amphon Sathan Residential Hall (Ambara Villa),ChdDSUhNMG9nS0VJQ0FnSUR4MlB1dDF3RRAB,5.0,参观泰国王室首领的工作场所，与中国、越南等一些国家不同，泰国国王的工作场所完全独立，并不位于王室住所的同一区域。,zh-CN,Thu Jun 01 2023 02:27:31 GMT-0700 (Pacific Daylight Time),Mai Hthao,https://www.google.com/maps/reviews/data=!4m6!14m5!1m4!2m3!1sChdDSUhNMG9nS0VJQ0FnSUR4MlB1dDF3RRAB!2m1!1s0x30e299bed1882317:0xe55d553a72fdf3b1
ChIJFyOI0b6Z4jARsfP9cjpVXeU,Amphon Sathan Residential Hall (Ambara Villa),Ci9DQUlRQUNvZENodHljRjlvT2tKdFlsOVlORGQxVW0xNU9VdDFaRmxVTkU4MlpsRRAB,5.0,我肯定要在7月26日或27日去。,zh-CN,Thu Jun 25 2026 17:17:33 GMT-0700 (Pacific Daylight Time),พงศกร อําลอย (JONNY),https://www.google.com/maps/reviews/data=!4m6!14m5!1m4!2m3!1sCi9DQUlRQUNvZENodHljRjlvT2tKdFlsOVlORGQxVW0xNU9VdDFaRmxVTkU4MlpsRRAB!2m1!1s0x30e299bed1882317:0xe55d553a72fdf3b1
ChIJFyOI0b6Z4jARsfP9cjpVXeU,Amphon Sathan Residential Hall (Ambara Villa),Ci9DQUlRQUNvZENodHljRjlvT2toZlJUUkpObWRKWkdKSFIyeGxUR1JsYmpjdGJHYxAB,5.0,เป็นสถานที่ต้องห้ามบุคคลภายนอกเข้าเป็นวังที่สวยและเงียบสงบ,th,Wed Mar 11 2026 21:44:29 GMT-0700 (Pacific Daylight Time),Suwan Chaisingh,https://www.google.com/maps/reviews/data=!4m6!14m5!1m4!2m3!1sCi9DQUlRQUNvZENodHljRjlvT2toZlJUUkpObWRKWkdKSFIyeGxUR1JsYmpjdGJHYxAB!2m1!1s0x30e299bed1882317:0xe55d553a72fdf3b1
ChIJfx96zk-Z4jAReV15DDQTHmY,吉拉达宫,Ci9DQUlRQUNvZENodHljRjlvT21aYVYycDBWMUZ4T0d0MFUzbGpUR0Y2VmsxclgwRRAB,3.0,没能进入，刚一靠近大门，警卫就是更警惕的走出来，对我们做了一个关闭的手势。,zh,Mon Jul 28 2025 00:53:18 GMT-0700 (Pacific Daylight Time),yu chen,https://www.google.com/maps/reviews/data=!4m6!14m5!1m4!2m3!1sCi9DQUlRQUNvZENodHljRjlvT21aYVYycDBWMUZ4T0d0MFUzbGpUR0Y2VmsxclgwRRAB!2m1!1s0x30e2994fce7a1f7f:0x661e13340c795d79
ChIJfx96zk-Z4jAReV15DDQTHmY,吉拉达宫,ChdDSUhNMG9nS0VJQ0FnSUN3Z29ucmtBRRAB,2.0,不让进，外面实在没看头，周围一圈都是水沟。,zh,Fri May 08 2015 09:47:55 GMT-0700 (Pacific Daylight Time),Jin Xiaojing,https://www.google.com/maps/reviews/data=!4m6!14m5!1m4!2m3!1sChdDSUhNMG9nS0VJQ0FnSUN3Z29ucmtBRRAB!2m1!1s0x30e2994fce7a1f7f:0x661e13340c795d79
ChIJfx96zk-Z4jAReV15DDQTHmY,吉拉达宫,ChdDSUhNMG9nS0VJQ0FnSUN6eHZqcnFnRRAB,1.0,无法到达，不开放。,zh,Sat Jun 01 2024 09:07:24 GMT-0700 (Pacific Daylight Time),孤城鸢尾,https://www.google.com/maps/reviews/data=!4m6!14m5!1m4!2m3!1sChdDSUhNMG9nS0VJQ0FnSUN6eHZqcnFnRRAB!2m1!1s0x30e2994fce7a1f7f:0x661e13340c795d79
ChIJfx96zk-Z4jAReV15DDQTHmY,吉拉达宫,Ci9DQUlRQUNvZENodHljRjlvT21nelNWaFVNR1JSTVVVNE55MXRkWFpOUm5wT1VYYxAB,5.0,夜晚在皇宫周围散步，感觉格外温暖宜人。环绕皇宫的池塘景色清澈，令人心旷神怡。看到值班的工作人员，让人感到安心放松。这里有两条路：一条是自行车道，一条是步行/跑步道。自行车道比较平坦，但晚上走路要小心，因为偶尔会有自行车经过，大概是给像我一样晚上锻炼的人用的吧。穿过皇宫，朝着南隆赛马场的方向，我看到了美丽的黄色灯光——那是拉玛九世国王纪念公园，听说今年要开放了。我一定要找机会去看看。今晚能拍到这么多美丽的夜景照片，真是太棒了。,zh-CN,Wed Apr 29 2026 10:57:32 GMT-0700 (Pacific Daylight Time),ปีเตอร์,https://www.google.com/maps/reviews/data=!4m6!14m5!1m4!2m3!1sCi9DQUlRQUNvZENodHljRjlvT21nelNWaFVNR1JSTVVVNE55MXRkWFpOUm5wT1VYYxAB!2m1!1s0x30e2994fce7a1f7f:0x661e13340c795d79
ChIJfx96zk-Z4jAReV15DDQTHmY,吉拉达宫,Ci9DQUlRQUNvZENodHljRjlvT21GRGFqSlhWRTh4VlU5TGFtdElNM04zVTBoclkzYxAB,5.0,皇宫周围有步行道，我看到一些当地跑步者在那里。您可以体验泰式皇宫跑！,zh-CN,Tue Jan 06 2026 20:04:55 GMT-0800 (Pacific Standard Time),Manabu F,https://www.google.com/maps/reviews/data=!4m6!14m5!1m4!2m3!1sCi9DQUlRQUNvZENodHljRjlvT21GRGFqSlhWRTh4VlU5TGFtdElNM04zVTBoclkzYxAB!2m1!1s0x30e2994fce7a1f7f:0x661e13340c795d79
ChIJ4Z0aebKe4jARPd4qGdUFvaA,披耶泰宫,ChZDSUhNMG9nS0VJQ0FnTURROV91NUR3EAE,5.0,一个需要预约才可以进去的皇宫，这个也是普通人了解泰国皇室最好的渠道。 虽然说泰国国王的正式皇宫是大皇宫，不过自从拉玛五世以后就不居住在那里了。 拉玛六世在拉玛五世的小别院后又修建了一个以欧洲为风格的皇宫建筑。就是披耶泰宫。 在这里可以看到很多关于拉玛六世的介绍，以及对于泰国当时历史的讲解，虽然外国人肯定是听不懂的，但是借助翻译可以了解一个大概。 这座建筑本身也是命途多舛，后来做过医院也做过旅馆，也做过泰国最早的广播中心的办公室，几经荒废后，再后来皇室又将它重新装修活化，也成为了一些举办重要活动的场所，平时只有周六周日可供游人前往参观。,zh,Sat Mar 15 2025 01:56:47 GMT-0700 (Pacific Daylight Time),BAMBOO SHEN,https://www.google.com/maps/reviews/data=!4m6!14m5!1m4!2m3!1sChZDSUhNMG9nS0VJQ0FnTURROV91NUR3EAE!2m1!1s0x30e29eb2791a9de1:0xa0bd05d5192ade3d
ChIJ4Z0aebKe4jARPd4qGdUFvaA,披耶泰宫,Ci9DQUlRQUNvZENodHljRjlvT25FMlQyeG1kVE54YmxBNVVYTmxOSFpSUzA1S2EyYxAB,4.0,参观皇宫很有教育意义，但我建议改进导览，使其更加简洁、快速且信息丰富。皇宫需要门票，每次导览限30人。门票可在商店购买。老年人30泰铢，成人60泰铢，儿童免费。我们参观了拉玛六世国王的卧室和休息室。这里以前曾是医院和酒店。,zh-CN,Wed Feb 11 2026 14:57:02 GMT-0800 (Pacific Standard Time),Ler鍾樂,https://www.google.com/maps/reviews/data=!4m6!14m5!1m4!2m3!1sCi9DQUlRQUNvZENodHljRjlvT25FMlQyeG1kVE54YmxBNVVYTmxOSFpSUzA1S2EyYxAB!2m1!1s0x30e29eb2791a9de1:0xa0bd05d5192ade3d
ChIJ4Z0aebKe4jARPd4qGdUFvaA,披耶泰宫,Ci9DQUlRQUNvZENodHljRjlvT2pGeGRXNVljRE40Y214eWFGQnFkV2swU0VWbFZXYxAB,1.0,เจ้าหน้าที่ที่เป็นไกด์ทำตัวไม่สุภาพเลยค่ะ ทั้งกระชากแขนเพื่อนที่ไปด้วย เพื่อจะใส่กำไลกระดาษ เราแต่งตัวแขนกุดก็มาจ้องเขม็งจับผิดตลอดเวลา (ตั้งแต่เราเดินรอบวัง ไปคาเฟ่ และจะเข้าชมวัง) ทั้งที่เราก็เตรียมเสื้อคลุมมาใส่เพื่อเข้าชมวัง ก็มาจิ้มตัวชี้หน้าใส่ แถมพูดห้วนใส่กับทุกคน แม้กระทั้งคนแก่ที่ไม่ได้ยินตอนเขาพูด ไม่ประทับใจเลยค่ะ ทำลายวันดีๆ ของคนอื่น แต่จนท.ที่ขายตั๋วกับคนอื่นๆ สุภาพค่ะ มีแค่คนที่เป็นไกด์ที่ควรปรับปรุงอย่างหนัก เล่าประวัติก็นาน ไม่กระชับ กลับบ้านมายังมีความรู้สึกแย่กับปสก.ที่ไปมามากๆ ค่ะ คือวนในหัวไม่หยุดว่าทำไมถึงต้องเจอคนแบบนี้จะไม่กลับไปเหยียบอีกจริงๆค่ะ,th,Sat Jun 13 2026 10:57:29 GMT-0700 (Pacific Daylight Time),Bay Bee,https://www.google.com/maps/reviews/data=!4m6!14m5!1m4!2m3!1sCi9DQUlRQUNvZENodHljRjlvT2pGeGRXNVljRE40Y214eWFGQnFkV2swU0VWbFZXYxAB!2m1!1s0x30e29eb2791a9de1:0xa0bd05d5192ade3d
ChIJ4Z0aebKe4jARPd4qGdUFvaA,披耶泰宫,Ci9DQUlRQUNvZENodHljRjlvT25sWE9USTBjMjVRUkV3MlpteFFiRkV4ZW5oSmVtYxAB,4.0,这家餐厅位于拉玛五世时期建造的古老建筑内， 坐落在帕蒙库克劳医院内。 它既保留了古典韵味，又显得崭新。 餐厅干净整洁，游客众多。 咖啡和食物都很美味，虽然价格略高，但可以接受。 有机会的话，一定要去看看。,zh-CN,Wed May 27 2026 22:27:36 GMT-0700 (Pacific Daylight Time),Ng 999,https://www.google.com/maps/reviews/data=!4m6!14m5!1m4!2m3!1sCi9DQUlRQUNvZENodHljRjlvT25sWE9USTBjMjVRUkV3MlpteFFiRkV4ZW5oSmVtYxAB!2m1!1s0x30e29eb2791a9de1:0xa0bd05d5192ade3d
ChIJ4Z0aebKe4jARPd4qGdUFvaA,披耶泰宫,Ci9DQUlRQUNvZENodHljRjlvT25CalRXZDZhWFJCZDNFMFIwVXdURTVqT0RWWGExRRAB,5.0,不知道没参观导览可以进去参观吗？ ！ 我快一点半到，因不确定入口在哪里问了柜台的女士，就傻傻的参加了导览团，她们说只有泰文，我听不懂但可以跟这团走，才60元我想说没关系就参加了 导览团约2小时，导览女士非常认真在讲解虽然我听不懂，跟着上楼看了各个房间很有历史也很华丽，很值得 不确定是否可以拍照，但导览团的泰国人都在拍，导览女士也没制止，我就跟着拍好拍满了！ 另要去参观皇宫的女生请注意不可以穿无袖跟短裤，我不知道穿了无袖洋装就被要求要租围巾遮一下手臂，不过也不贵，先付100元参观完归还围巾回还给80元,zh-CN,Sun Apr 05 2026 06:37:31 GMT-0700 (Pacific Daylight Time),polly peng,https://www.google.com/maps/reviews/data=!4m6!14m5!1m4!2m3!1sCi9DQUlRQUNvZENodHljRjlvT25CalRXZDZhWFJCZDNFMFIwVXdURTVqT0RWWGExRRAB!2m1!1s0x30e29eb2791a9de1:0xa0bd05d5192ade3d
ChIJQ8n35wiZ4jARQpUckqAfs_s,Ratchaworadit Pier (Tha Rat),ChZDSUhNMG9nS0VJQ0FnSUNad3Y3ZGV3EAE,5.0,大皇宫出口出来后，左转沿着马路走几分钟就到码头，N9码头，船票35泰铢，下一站就是郑王庙码头，N8码头，十分钟就到了。去房子里面找官方工作人员买票，坐官方的大型客轮。不要买私人售票的小型游船，他们的船票是卖1500泰铢，用2，3小时带你游玩几个特定景点。,zh,Wed Sep 06 2023 15:13:13 GMT-0700 (Pacific Daylight Time),Jason,https://www.google.com/maps/reviews/data=!4m6!14m5!1m4!2m3!1sChZDSUhNMG9nS0VJQ0FnSUNad3Y3ZGV3EAE!2m1!1s0x30e29908e7f7c943:0xfbb31fa0921c9542
ChIJQ8n35wiZ4jARQpUckqAfs_s,Ratchaworadit Pier (Tha Rat),ChZDSUhNMG9nS0VJQ0FnSURmelpuZ1hREAE,1.0,我被那边的人诈骗了，竟然收了我一个人1500泰铢，实际上体验非常差，什么都没有，就只有你的坐船体验，,zh,Wed Jan 08 2025 22:13:35 GMT-0800 (Pacific Standard Time),徐世陪,https://www.google.com/maps/reviews/data=!4m6!14m5!1m4!2m3!1sChZDSUhNMG9nS0VJQ0FnSURmelpuZ1hREAE!2m1!1s0x30e29908e7f7c943:0xfbb31fa0921c9542
ChIJQ8n35wiZ4jARQpUckqAfs_s,Ratchaworadit Pier (Tha Rat),ChdDSUhNMG9nS0VJQ0FnSUNnazY3OGxRRRAB,4.0,很棒,zh,Sun Jan 28 2018 19:45:41 GMT-0800 (Pacific Standard Time),蔡秉毅,https://www.google.com/maps/reviews/data=!4m6!14m5!1m4!2m3!1sChdDSUhNMG9nS0VJQ0FnSUNnazY3OGxRRRAB!2m1!1s0x30e29908e7f7c943:0xfbb31fa0921c9542
ChIJQ8n35wiZ4jARQpUckqAfs_s,Ratchaworadit Pier (Tha Rat),Ci9DQUlRQUNvZENodHljRjlvT2poWGVGTnFjVkptVFhCd1IwRkZSM1ZqVjBjMVUxRRAB,5.0,在大皇宫律实玛哈巴萨宫拜谒已故诗丽吉王太后后，您可以在这里等候前往皇家田广场的免费班车。这里还有一些军嫂经营的摊位，提供各种美味佳肴，您也可以穿过隧道过马路。,zh-CN,Tue Jan 13 2026 05:45:48 GMT-0800 (Pacific Standard Time),Toom Wongprasert,https://www.google.com/maps/reviews/data=!4m6!14m5!1m4!2m3!1sCi9DQUlRQUNvZENodHljRjlvT2poWGVGTnFjVkptVFhCd1IwRkZSM1ZqVjBjMVUxRRAB!2m1!1s0x30e29908e7f7c943:0xfbb31fa0921c9542
ChIJQ8n35wiZ4jARQpUckqAfs_s,Ratchaworadit Pier (Tha Rat),ChdDSUhNMG9nS0VJQ0FnSURRa2NDbXdnRRAB,5.0,这是一个位置优越的码头，步行即可到达许多主要景点。码头入口附近有一些商店，方便候船时购物，而且逛逛也很有意思。这里还有不错的旅游线路，可以带您从不同的角度欣赏这片区域，从富丽堂皇的大皇宫到水边简陋的小屋，应有尽有。,zh-CN,Sat Apr 28 2018 15:11:13 GMT-0700 (Pacific Daylight Time),Leigh Strong,https://www.google.com/maps/reviews/data=!4m6!14m5!1m4!2m3!1sChdDSUhNMG9nS0VJQ0FnSURRa2NDbXdnRRAB!2m1!1s0x30e29908e7f7c943:0xfbb31fa0921c9542
ChIJ__8vLA-Z4jARQinQa7LGTsc,Dusit Maha Prasat Throne Hall,ChZDSUhNMG9nS0VJQ0FnSUQ5ME1TeVpREAE,4.0,大皇宫，曼谷旅游必去景点,zh,Tue Mar 12 2024 03:55:36 GMT-0700 (Pacific Daylight Time),Song Yang,https://www.google.com/maps/reviews/data=!4m6!14m5!1m4!2m3!1sChZDSUhNMG9nS0VJQ0FnSUQ5ME1TeVpREAE!2m1!1s0x30e2990f2c2fffff:0xc74ec6b26bd02942
ChIJ__8vLA-Z4jARQinQa7LGTsc,Dusit Maha Prasat Throne Hall,Ci9DQUlRQUNvZENodHljRjlvT25OQlpWbHlTV2xOV25WQlZVNUlhMUpPTTFwUE1XYxAB,5.0,（更多评论和推荐请见Facebook主页“Aew Muan Chuan Kin”） 🙏🏼 瞻仰皇室葬礼（诗丽吉王太后陛下） 抵达后流程： 1️⃣ 前往皇家田广场（Sanam Luang）的等候区。 2️⃣ 工作人员将引导您穿过那帕兰路（Na Phra Lan Road）的地下通道。 3️⃣ 通过安检： * 行李检查 * 通过安检扫描仪 * 人身检查 4️⃣ 出示身份证进行登记。 5️⃣ 从工作人员处领取贴纸或徽章。 6️⃣ 根据您的排队号码就座等候。 7️⃣ 工作人员将引导您沿着指定路线，经由玛尼诺帕拉门（Mani Nopparat Gate）进入大皇宫，然后前往律实玛哈巴萨宫（Dusit Maha Prasat Throne Hall）瞻仰。,zh-CN,Thu Jul 30 2026 22:38:12 GMT-0700 (Pacific Daylight Time),Dion.nakorn. p,https://www.google.com/maps/reviews/data=!4m6!14m5!1m4!2m3!1sCi9DQUlRQUNvZENodHljRjlvT25OQlpWbHlTV2xOV25WQlZVNUlhMUpPTTFwUE1XYxAB!2m1!1s0x30e2990f2c2fffff:0xc74ec6b26bd02942
ChIJ__8vLA-Z4jARQinQa7LGTsc,Dusit Maha Prasat Throne Hall,Ci9DQUlRQUNvZENodHljRjlvT2w5b2FHazJZa1pwY1VoRWIyUkNkblYxY1UwelVYYxAB,5.0,我与公司同事一同前往那里，参与已故深受爱戴的诗丽吉王后（王太后）的皇家葬礼。王座厅无疑富丽堂皇，装饰得庄严肃穆。我们都尊敬王太后，并铭记她为国家做出的不懈努力和贡献。我们祈祷她的灵魂安息。谨以此文缅怀王太后。,zh-CN,Sun May 31 2026 21:07:18 GMT-0700 (Pacific Daylight Time),Wasit Hanvittayakul,https://www.google.com/maps/reviews/data=!4m6!14m5!1m4!2m3!1sCi9DQUlRQUNvZENodHljRjlvT2w5b2FHazJZa1pwY1VoRWIyUkNkblYxY1UwelVYYxAB!2m1!1s0x30e2990f2c2fffff:0xc74ec6b26bd02942
ChIJ__8vLA-Z4jARQinQa7LGTsc,Dusit Maha Prasat Throne Hall,Ci9DQUlRQUNvZENodHljRjlvT2xaSlNHaGZTMGRLUzA5VGR6aFVhemROVVd3NVNHYxAB,5.0,律实玛哈帕萨特大殿是曼谷大皇宫内另一处极其重要的场所。它建于拉玛一世国王统治时期，是一座宏伟的四面宫殿式建筑杰作，曾是曼谷其他宫殿的典范。过去，这里是皇家接见民众的场所，如今，它作为君主和王室高级成员的安息之地，具有至高无上的地位。“律实玛哈帕萨特”之名与菩萨的居所——律实天相近，象征着皇室成员升天的庄严仪式。,zh-CN,Mon Mar 30 2026 10:28:58 GMT-0700 (Pacific Daylight Time),Panjapon Khamsajja,https://www.google.com/maps/reviews/data=!4m6!14m5!1m4!2m3!1sCi9DQUlRQUNvZENodHljRjlvT2xaSlNHaGZTMGRLUzA5VGR6aFVhemROVVd3NVNHYxAB!2m1!1s0x30e2990f2c2fffff:0xc74ec6b26bd02942
ChIJ__8vLA-Z4jARQinQa7LGTsc,Dusit Maha Prasat Throne Hall,Ci9DQUlRQUNvZENodHljRjlvT2kxcmJHTlVWMmREVkdWUmQxWm9Vemd5WmpOc1JHYxAB,5.0,2025年12月18日，叻丕府代表团向诗丽吉王太后遗体致敬，表达了对她无尽仁慈的深深感激之情。,zh-CN,Sat Jun 13 2026 17:12:12 GMT-0700 (Pacific Daylight Time),sornsawan nu,https://www.google.com/maps/reviews/data=!4m6!14m5!1m4!2m3!1sCi9DQUlRQUNvZENodHljRjlvT2kxcmJHTlVWMmREVkdWUmQxWm9Vemd5WmpOc1JHYxAB!2m1!1s0x30e2990f2c2fffff:0xc74ec6b26bd02942
ChIJkYPEGm-Z4jARJxSHpxLxx08,Bang Khun Phrom Palace,ChZDSUhNMG9nS0VJQ0FnSURrZy1EblhnEAE,1.0,已经关了,zh,Fri Jul 05 2019 11:26:28 GMT-0700 (Pacific Daylight Time),Sim Teong yih,https://www.google.com/maps/reviews/data=!4m6!14m5!1m4!2m3!1sChZDSUhNMG9nS0VJQ0FnSURrZy1EblhnEAE!2m1!1s0x30e2996f1ac48391:0x4fc7f112a7871427
ChIJkYPEGm-Z4jARJxSHpxLxx08,Bang Khun Phrom Palace,ChdDSUhNMG9nS0VJQ0FnTURvdWZ1OHFBRRAB,5.0,邦坤蓬宫是泰国最美丽的宫殿之一。它曾是波里帕·素坤潘亲王的住所，目前由泰国银行管理。宫殿庭院宽敞葱郁，遍植各种树木。参观需提前预约，且免费。游客请着装得体。前往邦坤蓬宫交通十分便利。,zh-CN,Sat Apr 26 2025 10:02:20 GMT-0700 (Pacific Daylight Time),ยอดพธู JK,https://www.google.com/maps/reviews/data=!4m6!14m5!1m4!2m3!1sChdDSUhNMG9nS0VJQ0FnTURvdWZ1OHFBRRAB!2m1!1s0x30e2996f1ac48391:0x4fc7f112a7871427
ChIJkYPEGm-Z4jARJxSHpxLxx08,Bang Khun Phrom Palace,ChZDSUhNMG9nS0VJQ0FnTUNBbWJPd1dBEAE,5.0,การเข้าชมวังบางขุนพรหมต้องลงทะเบียนล่วงหน้าเป็นรอบ ๆ มีไกด์พาชมและบรรยายประวัติความเป็นมา (เป็นภาษาไทย) การเข้าชมต้องปฏิบัติตามระเบียบการใช้สถานที่ เรากับเพื่อนสาวมารอยังจุดนัดพบที่ศูนย์การเรียนรู้ของแบงค์ชาติ ริมเจ้าพระยา ซึ่งที่นี่ชั้นสองเป็นพิพิธภัณฑ์ธนาคารแห่งประเทศไทยด้วย วังแห่งนี้เคยเป็นบ้านของกรมพระนครสวรรค์วรพินิต กาลเวลาที่แปรเปลี่ยนปัจจุบันเป็นทรัพย์สินของแบงค์ชาติ งานสถาปัตยกรรมของอาคารที่ออกแบบอย่างตะวันตกสวยและมีเสน่ห์ แถมบรรยากาศที่ทำให้เราอดจินตนาการย้อนหลับไปยังอดีตเสียไม่ได้เป็นมนต์ขลังในการเที่ยวชม บรรดากลุ่มผู้ชมตั้งอกตั้งใจฟังไกด์ซึ่งน้องมีความมืออาชีพและรอยยิ้มน่ารัก เราประทับใจมาก ๆ ขอบคุณแบงค์ชาติที่ดูแลสมบัติของชาติอย่างดี🙏,th,Sat Feb 01 2025 23:15:33 GMT-0800 (Pacific Standard Time),narisara nawakul,https://www.google.com/maps/reviews/data=!4m6!14m5!1m4!2m3!1sChZDSUhNMG9nS0VJQ0FnTUNBbWJPd1dBEAE!2m1!1s0x30e2996f1ac48391:0x4fc7f112a7871427
ChIJkYPEGm-Z4jARJxSHpxLxx08,Bang Khun Phrom Palace,Ci9DQUlRQUNvZENodHljRjlvT2tGcmRsbFNiamM1VHpoclIybFdNbk5vZUU4eU1tYxAB,5.0,วังบางขุนพรหมคือหนึ่งในวังที่มีประวัติศาสตร์สำคัญกับประเทศไทย อยู่ในโซนธนาคารแห่งประเทศไทย ซึ่งปัจจุบันเปิดให้เข้าชมได้โดยการลงทะเบียนออนไลน์ เจ้าหน้าที่ดูแลคณะทัวร์เป็นอย่างดี ด้วยการให้ควรรู้เชิงประวัติศาสตร์ที่เกี่ยวกับวงแห่งนี้ นำพาคณะทัวร์เช้าพื้นที่แนะนำโดยละเอียด แนะนำให้จองช่วงบ่าย ส่วนช่วงเช้าเข้าชมพิพิธภัณฑ์ธนาคารแห่งประเทศไทย มาวันเดียวเที่ยวเต็มๆ,th,Sun Jul 13 2025 06:59:09 GMT-0700 (Pacific Daylight Time),Torpong Chiamtawongse,https://www.google.com/maps/reviews/data=!4m6!14m5!1m4!2m3!1sCi9DQUlRQUNvZENodHljRjlvT2tGcmRsbFNiamM1VHpoclIybFdNbk5vZUU4eU1tYxAB!2m1!1s0x30e2996f1ac48391:0x4fc7f112a7871427
ChIJkYPEGm-Z4jARJxSHpxLxx08,Bang Khun Phrom Palace,ChdDSUhNMG9nS0VJQ0FnTUNvbk83Q3hnRRAB,5.0,这座建筑非常漂亮，是西式风格。一切都保存完好。感谢泰国银行保护了这份国家遗产。❤️,zh-CN,Tue Apr 15 2025 02:18:24 GMT-0700 (Pacific Daylight Time),ChaCha Peach,https://www.google.com/maps/reviews/data=!4m6!14m5!1m4!2m3!1sChdDSUhNMG9nS0VJQ0FnTUNvbk83Q3hnRRAB!2m1!1s0x30e2996f1ac48391:0x4fc7f112a7871427
ChIJWYxfmSGZ4jARmHGTlWlBOlM,Wiset Chai Si Gate,Ci9DQUlRQUNvZENodHljRjlvT200d1Z6SnlSamg0VXpSWFRrVlNiMlJDUm1sbVMyYxAB,5.0,入口,zh,Fri Feb 27 2026 05:44:06 GMT-0800 (Pacific Standard Time),跟著史丹利去旅行,https://www.google.com/maps/reviews/data=!4m6!14m5!1m4!2m3!1sCi9DQUlRQUNvZENodHljRjlvT200d1Z6SnlSamg0VXpSWFRrVlNiMlJDUm1sbVMyYxAB!2m1!1s0x30e29921995f8c59:0x533a416995937198
ChIJWYxfmSGZ4jARmHGTlWlBOlM,Wiset Chai Si Gate,Ci9DQUlRQUNvZENodHljRjlvT2xVM1ZtbEdPWEYzVVZwR1gwRnNhRkF3TjBSdU5XYxAB,5.0,威塞猜西门（Wiset Chai Si Gate）是泰国曼谷大皇宫建筑群的入口。 这座城门是环绕大皇宫的庞大城墙的一部分，大皇宫一直是泰国国王的官邸和礼仪住所。 它是重要的建筑特色，也是通往皇宫外院的主要入口之一，外院内设有多个政府机关。,zh-CN,Fri Jan 23 2026 22:40:31 GMT-0800 (Pacific Standard Time),Quiet Navigator,https://www.google.com/maps/reviews/data=!4m6!14m5!1m4!2m3!1sCi9DQUlRQUNvZENodHljRjlvT2xVM1ZtbEdPWEYzVVZwR1gwRnNhRkF3TjBSdU5XYxAB!2m1!1s0x30e29921995f8c59:0x533a416995937198
ChIJWYxfmSGZ4jARmHGTlWlBOlM,Wiset Chai Si Gate,ChdDSUhNMG9nS0VJQ0FnSUR4dmJLZHh3RRAB,5.0,这是大皇宫的入口，您可以在里面购票。 非常棒的地方，绝对值得一游！！ 骗子会说：大皇宫对外国人开放时间是10:30，对​​本地人是8:30。跟我来，附近有个好地方😝。,zh-CN,Tue Jun 13 2023 19:37:41 GMT-0700 (Pacific Daylight Time),Nitish Shrestha,https://www.google.com/maps/reviews/data=!4m6!14m5!1m4!2m3!1sChdDSUhNMG9nS0VJQ0FnSUR4dmJLZHh3RRAB!2m1!1s0x30e29921995f8c59:0x533a416995937198
ChIJWYxfmSGZ4jARmHGTlWlBOlM,Wiset Chai Si Gate,ChZDSUhNMG9nS0VJekttYXZJMnRDT0FnEAE,5.0,曼谷大皇宫非常值得一游。白天天气炎热，可能会让人感到不适。如果您前一天晚上饮酒后感觉身体不适，游览可能会比较困难。有人说停车场很远，但其实距离很近，乘坐嘟嘟车并不远。不过，上下嘟嘟车的时候您可能会觉得有点晕。最好先参观大皇宫，然后再去卧佛寺。卧佛寺西侧有很多咖啡馆之类的场所，可以避开炎热的天气。大皇宫和卧佛寺是类似的旅游景点，所以我建议您快速游览。希望您不要在前半段消耗太多精力。我租了一辆车，停在了大皇宫西侧的停车场。那里的停车位似乎很充足。对了，大皇宫内不允许穿短裤和背心。卧佛寺……大皇宫比卧佛寺更令人震撼。无论您是男士还是女士，都要注意着装得体。否则，你就会像我一样，在宫殿门口兜售自己的短裤……哈哈。,zh-CN,Tue May 27 2025 05:32:46 GMT-0700 (Pacific Daylight Time),정규용,https://www.google.com/maps/reviews/data=!4m6!14m5!1m4!2m3!1sChZDSUhNMG9nS0VJekttYXZJMnRDT0FnEAE!2m1!1s0x30e29921995f8c59:0x533a416995937198
ChIJWYxfmSGZ4jARmHGTlWlBOlM,Wiset Chai Si Gate,ChZDSUhNMG9nS0VJQ0FnSURWcTdlc1J3EAE,4.0,"Highly recommend to book the guide trip for this place. Definitely interesting place but I didn't take the guide tour, I didn't think I could feel the interesting and enjoyable moment. 와그에서 한국어 투어 가능한 현지분 가이드 투어 예약해서 갔는데 진짜 대만족입니다!! 사진 맛집 위치나 각도도 너무 잘 아셔서 인생샷도 빠르게 많이 건졌어어ㅡ!",ko,Sat Dec 16 2023 01:28:17 GMT-0800 (Pacific Standard Time),Jang Nayeong,https://www.google.com/maps/reviews/data=!4m6!14m5!1m4!2m3!1sChZDSUhNMG9nS0VJQ0FnSURWcTdlc1J3EAE!2m1!1s0x30e29921995f8c59:0x533a416995937198
ChIJpcKcDx2Z4jARdeQbK_M_khA,Wongwian Lek Clock Tower,ChdDSUhNMG9nS0VJQ0FnSUN5eFp5OG5nRRAB,4.0,这座小巧精致的钟楼位于帕佛塔约法桥桥头，靠近披猜亚寺的侧门。这里以前是一个环岛，但为了修建帕波克劳桥，需要开辟一条更宽的道路才能通行。幸运的是，这座钟楼得以保存至今，供后人欣赏。如果您前往披猜亚卡拉姆沃拉维汉寺，就会在侧门附近找到这座钟楼。,zh-CN,Sat Feb 06 2021 03:05:20 GMT-0800 (Pacific Standard Time),Yeepae Tui Gridbram,https://www.google.com/maps/reviews/data=!4m6!14m5!1m4!2m3!1sChdDSUhNMG9nS0VJQ0FnSUN5eFp5OG5nRRAB!2m1!1s0x30e2991d0f9cc2a5:0x10923ff32b1be475
ChIJpcKcDx2Z4jARdeQbK_M_khA,Wongwian Lek Clock Tower,ChdDSUhNMG9nS0VJQ0FnSUNfck9UNHV3RRAB,5.0,中央耸立着钟楼的小型环岛，过去的确是一个环岛。如今，这里已改造成一条带人行道的小路，但钟楼依然完好无损，供路人欣赏。它目前仍正常运转。（2024年7月17日）,zh-CN,Mon Jan 13 2025 08:35:42 GMT-0800 (Pacific Standard Time),P. Sergiu,https://www.google.com/maps/reviews/data=!4m6!14m5!1m4!2m3!1sChdDSUhNMG9nS0VJQ0FnSUNfck9UNHV3RRAB!2m1!1s0x30e2991d0f9cc2a5:0x10923ff32b1be475
ChIJpcKcDx2Z4jARdeQbK_M_khA,Wongwian Lek Clock Tower,ChZDSUhNMG9nS0VJQ0FnTURRalBucFFnEAE,4.0,Wat Phichayatikaram 前环岛上的小钟楼。,zh-CN,Thu Jan 01 2026 08:08:30 GMT-0800 (Pacific Standard Time),ChubbyArin,https://www.google.com/maps/reviews/data=!4m6!14m5!1m4!2m3!1sChZDSUhNMG9nS0VJQ0FnTURRalBucFFnEAE!2m1!1s0x30e2991d0f9cc2a5:0x10923ff32b1be475
ChIJpcKcDx2Z4jARdeQbK_M_khA,Wongwian Lek Clock Tower,ChdDSUhNMG9nS0VJQ0FnSURXOV95WHl3RRAB,5.0,这里的钟楼与过去位于路中央的那座钟楼相似。从颂德昭披耶路 (Somdet Chao Phraya Road) 驶来的车辆若想前往帕那空 (Phra Nakhon) 一侧，必须绕过钟楼环岛才能通过帕佛塔桥 (Phra Phuttha Bridge)。早高峰时段，交通非常拥堵，两条车道供公交车使用，三条车道供小汽车使用。警方会将车流分成一条车道供公交车通行，一条车道供小汽车通行，以便车辆能够通过帕佛塔桥前往帕那空一侧。随着城市扩张，交通状况也随之调整。此外，在新钟楼旁还将设立一座达信王 (King Taksin) 的纪念碑，这样附近的居民就无需前往位于翁维安亚 (Wongwian Yai) 的纪念碑，即可表达敬意。,zh-CN,Wed Apr 06 2022 22:21:56 GMT-0700 (Pacific Daylight Time),Jittidej Sriphen,https://www.google.com/maps/reviews/data=!4m6!14m5!1m4!2m3!1sChdDSUhNMG9nS0VJQ0FnSURXOV95WHl3RRAB!2m1!1s0x30e2991d0f9cc2a5:0x10923ff32b1be475
ChIJpcKcDx2Z4jARdeQbK_M_khA,Wongwian Lek Clock Tower,ChdDSUhNMG9nS0VJQ0FnSUNDcUxqZzRRRRAB,5.0,暹罗天地 (ICON SIAM) 经过精心的景观改造，营造出赏心悦目的氛围，与其历史底蕴相得益彰。附近矗立着郑信大帝的雕像，方便游客瞻仰。当地社区和区政府在维护该地区的清洁方面做得非常出色。从小型环岛步行即可轻松抵达佛陀约法桥 (Phra Phuttha Yodfa Bridge)。,zh-CN,Sun Aug 09 2020 06:12:31 GMT-0700 (Pacific Daylight Time),ยุทธพันธุ์ ธีรซื่อตรง (BIG),https://www.google.com/maps/reviews/data=!4m6!14m5!1m4!2m3!1sChdDSUhNMG9nS0VJQ0FnSUNDcUxqZzRRRRAB!2m1!1s0x30e2991d0f9cc2a5:0x10923ff32b1be475
ChIJ73NTAtWe4jARg4D2H_pY6hA,"Clock Tower, Chulalongkorn University",ChdDSUhNMG9nS0VJQ0FnSUNYM01IejR3RRAB,5.0,这是一个绝佳的会面地点，非常显眼！,zh-CN,Sun Oct 13 2024 23:42:59 GMT-0700 (Pacific Daylight Time),channie t,https://www.google.com/maps/reviews/data=!4m6!14m5!1m4!2m3!1sChdDSUhNMG9nS0VJQ0FnSUNYM01IejR3RRAB!2m1!1s0x30e29ed5025373ef:0x10ea58fa1ff68083
ChIJ73NTAtWe4jARg4D2H_pY6hA,"Clock Tower, Chulalongkorn University",ChdDSUhNMG9nS0VJQ0FnSURYOE4yRmt3RRAB,5.0,好地方。,zh-CN,Wed Oct 23 2024 01:38:50 GMT-0700 (Pacific Daylight Time),Nat,https://www.google.com/maps/reviews/data=!4m6!14m5!1m4!2m3!1sChdDSUhNMG9nS0VJQ0FnSURYOE4yRmt3RRAB!2m1!1s0x30e29ed5025373ef:0x10ea58fa1ff68083
ChIJ73NTAtWe4jARg4D2H_pY6hA,"Clock Tower, Chulalongkorn University",ChdDSUhNMG9nS0VJQ0FnSUNmbzV6QjZRRRAB,5.0,位于大学校园内,zh-CN,Tue Dec 31 2024 20:51:45 GMT-0800 (Pacific Standard Time),Nikolas,https://www.google.com/maps/reviews/data=!4m6!14m5!1m4!2m3!1sChdDSUhNMG9nS0VJQ0FnSUNmbzV6QjZRRRAB!2m1!1s0x30e29ed5025373ef:0x10ea58fa1ff68083
ChIJ73NTAtWe4jARg4D2H_pY6hA,"Clock Tower, Chulalongkorn University",ChdDSUhNMG9nS0VJQ0FnSUNvOFlUbHp3RRAB,5.0,这里宁静祥和，是放松身心的理想之地。,zh-CN,Tue Feb 19 2019 22:49:42 GMT-0800 (Pacific Standard Time),beekung010,https://www.google.com/maps/reviews/data=!4m6!14m5!1m4!2m3!1sChdDSUhNMG9nS0VJQ0FnSUNvOFlUbHp3RRAB!2m1!1s0x30e29ed5025373ef:0x10ea58fa1ff68083
ChIJ73NTAtWe4jARg4D2H_pY6hA,"Clock Tower, Chulalongkorn University",ChdDSUhNMG9nS0VJQ0FnSURDdC0tRnBRRRAB,5.0,这里是毕业生们绝佳的聚会场所。,zh-CN,Thu Oct 15 2020 06:12:17 GMT-0700 (Pacific Daylight Time),parinya Chaitaimwong,https://www.google.com/maps/reviews/data=!4m6!14m5!1m4!2m3!1sChdDSUhNMG9nS0VJQ0FnSURDdC0tRnBRRRAB!2m1!1s0x30e29ed5025373ef:0x10ea58fa1ff68083
ChIJZ_sbTACZ4jAR3NbMl3LWnU8,Phiman Deves Gate,Ci9DQUlRQUNvZENodHljRjlvT2xkSVUxbFZXWGRaTkZwcVEzWnlhbE5MUkRod1puYxAB,5.0,出口,zh,Fri Feb 27 2026 05:44:47 GMT-0800 (Pacific Standard Time),跟著史丹利去旅行,https://www.google.com/maps/reviews/data=!4m6!14m5!1m4!2m3!1sCi9DQUlRQUNvZENodHljRjlvT2xkSVUxbFZXWGRaTkZwcVEzWnlhbE5MUkRod1puYxAB!2m1!1s0x30e299004c1bfb67:0x4f9dd67297ccd6dc
ChIJZ_sbTACZ4jAR3NbMl3LWnU8,Phiman Deves Gate,Ci9DQUlRQUNvZENodHljRjlvT210amNGcGhiazk0TjIxelVXVnFYelptVVZkSFdVRRAB,5.0,这里风景优美，保安人员非常友好热情，街道也不拥挤，拍照也很方便。,zh-CN,Mon Jan 19 2026 03:09:21 GMT-0800 (Pacific Standard Time),tram ngoc,https://www.google.com/maps/reviews/data=!4m6!14m5!1m4!2m3!1sCi9DQUlRQUNvZENodHljRjlvT210amNGcGhiazk0TjIxelVXVnFYelptVVZkSFdVRRAB!2m1!1s0x30e299004c1bfb67:0x4f9dd67297ccd6dc
ChIJZ_sbTACZ4jAR3NbMl3LWnU8,Phiman Deves Gate,Ci9DQUlRQUNvZENodHljRjlvT2t0Qk1WZEdNVEZGTjI0eWFWbEhUVkpVZWpWNWEyYxAB,5.0,这是一个方便的出口，您不能进去。左右两侧都有小路通往带空调的休息区，或者您可以过马路，那里有很多商店、餐馆和便利店。那里有很多东西出售，包括纪念品。不过，您需要讨价还价。,zh-CN,Sat Aug 02 2025 01:53:12 GMT-0700 (Pacific Daylight Time),Suruchratha - Ch,https://www.google.com/maps/reviews/data=!4m6!14m5!1m4!2m3!1sCi9DQUlRQUNvZENodHljRjlvT2t0Qk1WZEdNVEZGTjI0eWFWbEhUVkpVZWpWNWEyYxAB!2m1!1s0x30e299004c1bfb67:0x4f9dd67297ccd6dc
ChIJZ_sbTACZ4jAR3NbMl3LWnU8,Phiman Deves Gate,ChdDSUhNMG9nS0VJQ0FnSURuaVotZDZBRRAB,5.0,ประตูวิมานเทเวศร์ ประตูที่ใช้เปนทางออกสำหรับนักท่องเที่ยว,th,Sun Oct 06 2024 23:32:54 GMT-0700 (Pacific Daylight Time),ChubbyArin,https://www.google.com/maps/reviews/data=!4m6!14m5!1m4!2m3!1sChdDSUhNMG9nS0VJQ0FnSURuaVotZDZBRRAB!2m1!1s0x30e299004c1bfb67:0x4f9dd67297ccd6dc
ChIJZ_sbTACZ4jAR3NbMl3LWnU8,Phiman Deves Gate,Ci9DQUlRQUNvZENodHljRjlvT2pkRWNuRnFSVTVuY0RneGFWOWtVSGMxTUZGa05WRRAB,5.0,这是一个地标：这里是前往孔剧表演的免费班车停靠点 :),zh-CN,Tue Mar 17 2026 00:05:26 GMT-0700 (Pacific Daylight Time),Nurettin Heybeli,https://www.google.com/maps/reviews/data=!4m6!14m5!1m4!2m3!1sCi9DQUlRQUNvZENodHljRjlvT2pkRWNuRnFSVTVuY0RneGFWOWtVSGMxTUZGa05WRRAB!2m1!1s0x30e299004c1bfb67:0x4f9dd67297ccd6dc
ChIJPd3SWyuZ4jARzZP95Mi5i2I,เรือนจุฬานฤมิต,Ci9DQUlRQUNvZENodHljRjlvT2xkZldGUTVOMWhTY2s5allVdFpVVmxKTlV4eVMxRRAB,4.0,朱拉纳鲁米特楼是一座美丽的建筑，由原示范学校（我猜是）修复而成。目前，它用于举办活动和接待贵宾。,zh-CN,Thu Jan 29 2026 17:26:30 GMT-0800 (Pacific Standard Time),sumpun Thammacharoen,https://www.google.com/maps/reviews/data=!4m6!14m5!1m4!2m3!1sCi9DQUlRQUNvZENodHljRjlvT2xkZldGUTVOMWhTY2s5allVdFpVVmxKTlV4eVMxRRAB!2m1!1s0x30e2992b5bd2dd3d:0x628bb9c8e4fd93cd
ChIJPd3SWyuZ4jARzZP95Mi5i2I,เรือนจุฬานฤมิต,ChdDSUhNMG9nS0VJQ0FnSUNRdU1DSDBBRRAB,5.0,宏伟的建筑和巨大的雨树提供了荫凉和令人心旷神怡的景色，与朱拉隆功大学相得益彰，成为永恒的国家瑰宝。,zh-CN,Mon Sep 05 2016 22:49:29 GMT-0700 (Pacific Daylight Time),Uncle Van,https://www.google.com/maps/reviews/data=!4m6!14m5!1m4!2m3!1sChdDSUhNMG9nS0VJQ0FnSUNRdU1DSDBBRRAB!2m1!1s0x30e2992b5bd2dd3d:0x628bb9c8e4fd93cd
ChIJPd3SWyuZ4jARzZP95Mi5i2I,เรือนจุฬานฤมิต,ChdDSUhNMG9nS0VJQ0FnSUN1cVptM2hnRRAB,4.0,这座古老的建筑坐落在泰国第一所大学宁静优美的区域，该大学于2017年刚刚庆祝了建校100周年。校方曾在此举办过庆祝活动和聚会。 建筑周围环绕着几棵大树和一个小花园。 这里是观光漫步的好去处。,zh-CN,Wed Aug 03 2022 02:07:52 GMT-0700 (Pacific Daylight Time),Cholnapa Anukul,https://www.google.com/maps/reviews/data=!4m6!14m5!1m4!2m3!1sChdDSUhNMG9nS0VJQ0FnSUN1cVptM2hnRRAB!2m1!1s0x30e2992b5bd2dd3d:0x628bb9c8e4fd93cd
ChIJPd3SWyuZ4jARzZP95Mi5i2I,เรือนจุฬานฤมิต,ChdDSUhNMG9nS0VJQ0FnSURDOEpYdnRRRRAB,5.0,两座美得令人窒息的传统泰式房屋，宛如一幅幅画作。 这里是朱拉隆功大学拍照和签到的绝佳地点之一。,zh-CN,Sun Sep 10 2023 05:17:01 GMT-0700 (Pacific Daylight Time),Somsit Sukkrasanti,https://www.google.com/maps/reviews/data=!4m6!14m5!1m4!2m3!1sChdDSUhNMG9nS0VJQ0FnSURDOEpYdnRRRRAB!2m1!1s0x30e2992b5bd2dd3d:0x628bb9c8e4fd93cd
ChIJPd3SWyuZ4jARzZP95Mi5i2I,เรือนจุฬานฤมิต,ChZDSUhNMG9nS0VJQ0FnSUN4dk42QUpnEAE,5.0,我们参观了朱拉隆功大学零废弃物中心，了解他们的垃圾减量、处理和回收利用举措。中心环境凉爽宜人，我们不仅学习到了丰富的垃圾管理知识，还了解了学生与当地私营机构的合作模式。,zh-CN,Fri May 12 2023 19:34:49 GMT-0700 (Pacific Daylight Time),Kennii71,https://www.google.com/maps/reviews/data=!4m6!14m5!1m4!2m3!1sChZDSUhNMG9nS0VJQ0FnSUN4dk42QUpnEAE!2m1!1s0x30e2992b5bd2dd3d:0x628bb9c8e4fd93cd
ChIJj66N1fqf4jARM7dcPZ_Gqd4,เเยกราชประสงค์ Ratchaprasong Intersection,ChdDSUhNMG9nS0VJQ0FnSUNmODhLUHhnRRAB,4.0,这是曼谷最繁忙的交通路口之一。它位于许多景点的中心地带，而且在新年夜禁止车辆通行时更有意思！,zh-CN,Wed Jan 01 2025 04:41:44 GMT-0800 (Pacific Standard Time),Simon Carter,https://www.google.com/maps/reviews/data=!4m6!14m5!1m4!2m3!1sChdDSUhNMG9nS0VJQ0FnSUNmODhLUHhnRRAB!2m1!1s0x30e29ffad58dae8f:0xdea9c69f3d5cb733
ChIJj66N1fqf4jARM7dcPZ_Gqd4,เเยกราชประสงค์ Ratchaprasong Intersection,ChdDSUhNMG9nS0VJQ0FnSUR4OXZHbW1RRRAB,5.0,密集的和稀疏的。,zh-CN,Wed Jun 07 2023 17:35:51 GMT-0700 (Pacific Daylight Time),Charin Saipatchara,https://www.google.com/maps/reviews/data=!4m6!14m5!1m4!2m3!1sChdDSUhNMG9nS0VJQ0FnSUR4OXZHbW1RRRAB!2m1!1s0x30e29ffad58dae8f:0xdea9c69f3d5cb733
ChIJj66N1fqf4jARM7dcPZ_Gqd4,เเยกราชประสงค์ Ratchaprasong Intersection,Ci9DQUlRQUNvZENodHljRjlvT2tSR1QxQmhSMDF5UkROV1ozSkdTMk52Wmxob1JVRRAB,1.0,,,Tue Mar 03 2026 03:52:07 GMT-0800 (Pacific Standard Time),พงศธร ปรารภ,https://www.google.com/maps/reviews/data=!4m6!14m5!1m4!2m3!1sCi9DQUlRQUNvZENodHljRjlvT2tSR1QxQmhSMDF5UkROV1ozSkdTMk52Wmxob1JVRRAB!2m1!1s0x30e29ffad58dae8f:0xdea9c69f3d5cb733
ChIJj66N1fqf4jARM7dcPZ_Gqd4,เเยกราชประสงค์ Ratchaprasong Intersection,ChZDSUhNMG9nS0VJQ0FnSUNCemNyT093EAE,5.0,设有空中步道。,zh-CN,Sun Jan 01 2023 02:37:51 GMT-0800 (Pacific Standard Time),Izz,https://www.google.com/maps/reviews/data=!4m6!14m5!1m4!2m3!1sChZDSUhNMG9nS0VJQ0FnSUNCemNyT093EAE!2m1!1s0x30e29ffad58dae8f:0xdea9c69f3d5cb733
ChIJj66N1fqf4jARM7dcPZ_Gqd4,เเยกราชประสงค์ Ratchaprasong Intersection,ChdDSUhNMG9nS0VJQ0FnTUR3Z3FTMm5nRRAB,5.0,,,Mon Mar 24 2025 10:15:55 GMT-0700 (Pacific Daylight Time),Puvanat Ghabkham,https://www.google.com/maps/reviews/data=!4m6!14m5!1m4!2m3!1sChdDSUhNMG9nS0VJQ0FnTUR3Z3FTMm5nRRAB!2m1!1s0x30e29ffad58dae8f:0xdea9c69f3d5cb733
ChIJaX1PZwCZ4jARzODayY6KjNY,บรรทัดทอง 4 แยกแลนด์มาร์คที่ถ่ายรูปสวยที่สุด,ChdDSUhNMG9nS0VJQ0FnTUNJNDR2UDNnRRAB,5.0,在 Chula Soi 3 再往前走一点，您会发现一家照相馆，里面有漂亮的照片和大量的道具。商店在二楼。 再往前走一点，在朱拉第3巷有一家摄影店，照片拍得很美，还有很多恐怖道具。店铺位于二楼。,zh-CN,Fri Apr 04 2025 04:19:20 GMT-0700 (Pacific Daylight Time),andy fine,https://www.google.com/maps/reviews/data=!4m6!14m5!1m4!2m3!1sChdDSUhNMG9nS0VJQ0FnTUNJNDR2UDNnRRAB!2m1!1s0x30e29900674f7d69:0xd68c8a8ec9dae0cc
ChIJaX1PZwCZ4jARzODayY6KjNY,บรรทัดทอง 4 แยกแลนด์มาร์คที่ถ่ายรูปสวยที่สุด,Ci9DQUlRQUNvZENodHljRjlvT2paWlVuaHpTRFJIZUVaek1URTRjbFUxYVVwRWNGRRAB,5.0,❤️爱泰国,zh-CN,Thu Sep 18 2025 01:51:14 GMT-0700 (Pacific Daylight Time),Leo Crackerjack,https://www.google.com/maps/reviews/data=!4m6!14m5!1m4!2m3!1sCi9DQUlRQUNvZENodHljRjlvT2paWlVuaHpTRFJIZUVaek1URTRjbFUxYVVwRWNGRRAB!2m1!1s0x30e29900674f7d69:0xd68c8a8ec9dae0cc
ChIJaX1PZwCZ4jARzODayY6KjNY,บรรทัดทอง 4 แยกแลนด์มาร์คที่ถ่ายรูปสวยที่สุด,ChZDSUhNMG9nS0VJQ0FnSUNfMS1XaU9nEAE,5.0,2025年1月，一如既往的精彩体验。,zh-CN,Sun Jan 19 2025 12:01:17 GMT-0800 (Pacific Standard Time),Dawud,https://www.google.com/maps/reviews/data=!4m6!14m5!1m4!2m3!1sChZDSUhNMG9nS0VJQ0FnSUNfMS1XaU9nEAE!2m1!1s0x30e29900674f7d69:0xd68c8a8ec9dae0cc
ChIJaX1PZwCZ4jARzODayY6KjNY,บรรทัดทอง 4 แยกแลนด์มาร์คที่ถ่ายรูปสวยที่สุด,Ci9DQUlRQUNvZENodHljRjlvT2pORlJWQjFXRlIyYzJZelUyVkthRGhrTUMxcFMxRRAB,4.0,,,Mon Apr 06 2026 11:06:48 GMT-0700 (Pacific Daylight Time),Fabrice Lesquereux,https://www.google.com/maps/reviews/data=!4m6!14m5!1m4!2m3!1sCi9DQUlRQUNvZENodHljRjlvT2pORlJWQjFXRlIyYzJZelUyVkthRGhrTUMxcFMxRRAB!2m1!1s0x30e29900674f7d69:0xd68c8a8ec9dae0cc
ChIJm4cUkT-Z4jARBcOmfA7I2Qo,Duplicate Account - will be deleted soon. Please use Bangkok 1899 instead!,ChdDSUhNMG9nS0VJQ0FnSURVb2V6Y2hBRRAB,5.0,#Chao Phraya Thammasakmontri House 位于曼谷 Pom Prap Sattru Phai 区 Nakhon Sawan 路。它坐落在路边，虽然没有咖啡馆的招牌，但大门始终敞开，欢迎您的到来。这里已经对外开放约五六个月了。目前，由其后人经营，并将其作为全球非政府组织的住宿场所，同时还开设了一家小巧精致、充满自然气息的咖啡馆，处处体现着独特的巧思。您可以在谷歌上搜索这家咖啡馆的信息，相信您会被它的魅力所折服。位于 Bangkok 1899 的 Na coffee 也非常值得一提。很抱歉在这里提及咖啡馆的名字，但既然您已经来到这里，不妨进去放松一下，喝杯饮品或咖啡。 这里没有停车位，所以乘坐公共交通工具前往最为便捷。您可以停放摩托车和自行车，也可以乘船抵达，在潘法码头下船后沿着那空沙旺路步行前往。#每周一闭馆。#周二至周日开放，时间为上午10:00至下午7:00。您可以随时参观。夜晚，灯光将建筑照亮，景色优美。#请注意，这里没有停车场。建议乘坐公共交通工具、骑自行车或骑摩托车前往。如果您开车，可以将车停在索玛纳寺（Wat Sommanat）。您可以步行前往，但路程较远。或者，您可以将车停在帕东功卡森运河（Khlong Phadung Krung Kasem）附近的道路旁，但停车时间仅限周一至周五上午9:00至下午3:00。周六和周日可以全天停车。之后您可以步行前往。如果您想参观昭披耶·塔玛萨克蒙特里 (Chao Phraya Thammasakmontri) 的故居，最好选择周六或周日前往，因为届时帕东功卡森运河 (Khlong Phadung Krung Kasem) 沿岸的停车位会比较少。您可以漫步于南良市场 (Nang Leong Market) 并在那里用餐。不过，周六和周日市场比较冷清，很多店铺都关门了。游览南良市场的最佳时间是周一至周五的上午。如果您下午之后前往，市场会比较安静，店铺也会陆续关门。如果您想品尝美食，最佳游览时间是周一至周五的上午 7:00 至下午 1:00。但是，工作日帕东功卡森运河沿岸的停车位非常难找。附注：由于此处位于昭披耶王妃的家族领地，因此该地区的房屋更像是昭披耶王妃家族的，而非泰帕哈斯廷 (Thephahastin) 皇室家族的。一百多年前，帕亚·斯里·普里普里查（卡蒙·萨拉拉克）为他的长女塔维尔小姐和萨南·特帕斯廷·纳·阿育他亚先生（昭帕亚·塔玛萨克蒙特里）建造了这座房子作为他们的婚礼住所。建造工程始于1899年（佛历2442年）。,zh-CN,Sun Aug 25 2019 10:21:40 GMT-0700 (Pacific Daylight Time),Krisakan Watchakapong,https://www.google.com/maps/reviews/data=!4m6!14m5!1m4!2m3!1sChdDSUhNMG9nS0VJQ0FnSURVb2V6Y2hBRRAB!2m1!1s0x30e2993f9114879b:0xad9c80e7ca6c305
ChIJm4cUkT-Z4jARBcOmfA7I2Qo,Duplicate Account - will be deleted soon. Please use Bangkok 1899 instead!,ChZDSUhNMG9nS0VJQ0FnSUNja1ppVEVREAE,2.0,这家餐厅经常更换厨师，但我去的时机不太好。菜上得非常慢，更重要的是，味道也不好。又咸又贵。,zh-CN,Sun Mar 29 2020 05:15:57 GMT-0700 (Pacific Daylight Time),Kosit Boonroungkaw,https://www.google.com/maps/reviews/data=!4m6!14m5!1m4!2m3!1sChZDSUhNMG9nS0VJQ0FnSUNja1ppVEVREAE!2m1!1s0x30e2993f9114879b:0xad9c80e7ca6c305
ChIJm4cUkT-Z4jARBcOmfA7I2Qo,Duplicate Account - will be deleted soon. Please use Bangkok 1899 instead!,ChZDSUhNMG9nS0VJQ0FnSUNvME5iY0dnEAE,5.0,,,Thu Jan 31 2019 23:10:04 GMT-0800 (Pacific Standard Time),Utain Pummarin,https://www.google.com/maps/reviews/data=!4m6!14m5!1m4!2m3!1sChZDSUhNMG9nS0VJQ0FnSUNvME5iY0dnEAE!2m1!1s0x30e2993f9114879b:0xad9c80e7ca6c305
ChIJm4cUkT-Z4jARBcOmfA7I2Qo,Duplicate Account - will be deleted soon. Please use Bangkok 1899 instead!,ChZDSUhNMG9nS0VJQ0FnSURvNkxHWWNREAE,4.0,刚开业，尚未全面投入运营。,zh-CN,Sun Mar 10 2019 08:46:54 GMT-0700 (Pacific Daylight Time),Pemika C (Maem),https://www.google.com/maps/reviews/data=!4m6!14m5!1m4!2m3!1sChZDSUhNMG9nS0VJQ0FnSURvNkxHWWNREAE!2m1!1s0x30e2993f9114879b:0xad9c80e7ca6c305
ChIJm4cUkT-Z4jARBcOmfA7I2Qo,Duplicate Account - will be deleted soon. Please use Bangkok 1899 instead!,Ci9DQUlRQUNvZENodHljRjlvT21sVE5HTnhMVVJrVVVkRmNURjNRMWRGUnkxQmMzYxAB,5.0,,,Sat Oct 18 2025 00:24:08 GMT-0700 (Pacific Daylight Time),ไพโรจน์ สกลุสาครชัย,https://www.google.com/maps/reviews/data=!4m6!14m5!1m4!2m3!1sCi9DQUlRQUNvZENodHljRjlvT21sVE5HTnhMVVJrVVVkRmNURjNRMWRGUnkxQmMzYxAB!2m1!1s0x30e2993f9114879b:0xad9c80e7ca6c305
ChIJT-HFj0yZ4jARCazFYP_lXU0,Block28 Graffiti,ChdDSUhNMG9nS0VJQ0FnSURYc29xS3pnRRAB,3.0,户外停车场内一面由当地艺术家设计的涂鸦墙创意十足，但随着时间的推移，墙面已略显陈旧破损。为了吸引更多游客驻足欣赏，进行一些小规模的翻新改造势在必行。 全新彩绘与设计：与当地艺术家合作，创作反映当下主题和潮流的全新壁画。这将有助于重新激发人们的兴趣，并为艺术家们的创作提供新的灵感。 照明升级：在夜间巧妙地安装照明设备，突出涂鸦作品，使该区域在夜晚更具吸引力，并以全新的视角展现艺术家的作品。 社区活动：在停车场举办社区活动或艺术展览。这些活动不仅能够推广当地人才，增强社区凝聚力，还能为该区域带来更多人流。 维护计划：制定定期维护计划，确保涂鸦墙保持良好状态。这可能包括定期进行修补和清洁，以保护涂鸦作品，使其始终保持鲜艳亮丽。 宣传推广：利用社交媒体和当地新闻媒体宣传翻新后的空间。重点宣传即将举办的活动和特色项目，以吸引关注并鼓励游客参观。 通过这些改造，28号街区的涂鸦墙可以转变为一个充满活力的创意中心和社区互动场所，吸引更多游客，并提升该区域的整体氛围。,zh-CN,Fri Oct 25 2024 12:38:38 GMT-0700 (Pacific Daylight Time),Thitichai Intarasirisawat,https://www.google.com/maps/reviews/data=!4m6!14m5!1m4!2m3!1sChdDSUhNMG9nS0VJQ0FnSURYc29xS3pnRRAB!2m1!1s0x30e2994c8fc5e14f:0x4d5de5ff60c5ac09
ChIJT-HFj0yZ4jARCazFYP_lXU0,Block28 Graffiti,ChZDSUhNMG9nS0VJQ0FnSUNYeXBERmV3EAE,5.0,这家餐厅和它的名字一样令人惊艳！,zh-CN,Mon Oct 14 2024 22:39:41 GMT-0700 (Pacific Daylight Time),วิทวัฒน์ ไชยภาพ,https://www.google.com/maps/reviews/data=!4m6!14m5!1m4!2m3!1sChZDSUhNMG9nS0VJQ0FnSUNYeXBERmV3EAE!2m1!1s0x30e2994c8fc5e14f:0x4d5de5ff60c5ac09
ChIJT-HFj0yZ4jARCazFYP_lXU0,Block28 Graffiti,ChdDSUhNMG9nS0VJQ0FnSURuay1qLW93RRAB,5.0,,,Wed Oct 09 2024 07:37:47 GMT-0700 (Pacific Daylight Time),Yair min,https://www.google.com/maps/reviews/data=!4m6!14m5!1m4!2m3!1sChdDSUhNMG9nS0VJQ0FnSURuay1qLW93RRAB!2m1!1s0x30e2994c8fc5e14f:0x4d5de5ff60c5ac09
ChIJB595pXiZ4jARP5hNzlExdTE,โรงเจโพ่วอี่ฮุกตึ๊ง,Ci9DQUlRQUNvZENodHljRjlvT2xWNlJuSk1XblJOUzFGck5GOUlTR1U0TVVGdlNtYxAB,5.0,人们曾向祥国寻求商业帮助，并取得了成功。,zh-CN,Fri Oct 03 2025 19:42:40 GMT-0700 (Pacific Daylight Time),Vut Sapagon,https://www.google.com/maps/reviews/data=!4m6!14m5!1m4!2m3!1sCi9DQUlRQUNvZENodHljRjlvT2xWNlJuSk1XblJOUzFGck5GOUlTR1U0TVVGdlNtYxAB!2m1!1s0x30e29978a5799f07:0x31753151ce4d983f
ChIJB595pXiZ4jARP5hNzlExdTE,โรงเจโพ่วอี่ฮุกตึ๊ง,Ci9DQUlRQUNvZENodHljRjlvT2poVGRHMURYMnRTVG10TFNXRk1OemN3UW01bVpIYxAB,5.0,,,Thu Feb 26 2026 04:25:39 GMT-0800 (Pacific Standard Time),Suphawut,https://www.google.com/maps/reviews/data=!4m6!14m5!1m4!2m3!1sCi9DQUlRQUNvZENodHljRjlvT2poVGRHMURYMnRTVG10TFNXRk1OemN3UW01bVpIYxAB!2m1!1s0x30e29978a5799f07:0x31753151ce4d983f
ChIJaSv_6gaZ4jARnbiUVn6Z_YY,郑王庙,Ci9DQUlRQUNvZENodHljRjlvT25kSVZFdGxWM2R6VERGV1F6aDNhWGxsZVRGamFVRRAB,5.0,曼谷的地标之一，位于卧佛寺和大皇宫的湄南河对岸，是一个印度教兼具佛教和中华文化的景点，高塔象征印度教世界的须弥山，楼梯比较陡峭攀爬时要注意，郑王庙有渡轮和游船码头，下船出了码头就可以买票，可以获赠一瓶矿泉水和手臂盖章，这里是拍照出片的好地方，尤其是傍晚时阳光洒下来很美丽,zh,Mon Jul 20 2026 01:18:12 GMT-0700 (Pacific Daylight Time),Ikushin Shi,https://www.google.com/maps/reviews/data=!4m6!14m5!1m4!2m3!1sCi9DQUlRQUNvZENodHljRjlvT25kSVZFdGxWM2R6VERGV1F6aDNhWGxsZVRGamFVRRAB!2m1!1s0x30e29906eaff2b69:0x86fd997e5694b89d
ChIJaSv_6gaZ4jARnbiUVn6Z_YY,郑王庙,Ci9DQUlRQUNvZENodHljRjlvT2kwM1prWXRTR2hEWkU1d04yVjRSMEpSV2xVdGMyYxAB,5.0,【曼谷郑王庙】 2026年3月18日星期三，下午四点多搭乘BTS空轨转MRT，再步行约十分钟，花了一个小时，终于来到这座矗立在湄南河畔的经典地标——郑王庙。 阳光洒在白色塔身上，闪着细致的光泽，真的有种说不出的庄严与美感。这里几乎人人都会租上一套泰服拍照，走在寺庙之间，仿佛穿越回旧时暹罗。 如果你来到曼谷，这里绝对值得专程造访。不只是拍照打卡，坐在河岸边发发呆，看着湄南河两岸的景色缓缓流动，也是一种很特别的体验。 返程搭乘游船，只要你不怕晕，也是一种很好的体验。,zh,Wed Mar 18 2026 19:46:52 GMT-0700 (Pacific Daylight Time),Charlie Wang,https://www.google.com/maps/reviews/data=!4m6!14m5!1m4!2m3!1sCi9DQUlRQUNvZENodHljRjlvT2kwM1prWXRTR2hEWkU1d04yVjRSMEpSV2xVdGMyYxAB!2m1!1s0x30e29906eaff2b69:0x86fd997e5694b89d
ChIJaSv_6gaZ4jARnbiUVn6Z_YY,郑王庙,Ci9DQUlRQUNvZENodHljRjlvT214eVNXRndNRWR6VFRKRVJVcEZlR0Z4VDNZeU5IYxAB,5.0,郑王庙的门票一个人200泰铢，售票点往前走一米就会有一个人要看你的票，然后你可以免费获得一小瓶水。推荐从Tha Tian Pier坐船前往，船票仅需5.5泰铢，行驶时间约2分钟就能到，下船后左手边走几步就是郑王庙的售票处。我游览的总时间约1小时,zh,Wed May 13 2026 10:29:18 GMT-0700 (Pacific Daylight Time),yilin wang,https://www.google.com/maps/reviews/data=!4m6!14m5!1m4!2m3!1sCi9DQUlRQUNvZENodHljRjlvT214eVNXRndNRWR6VFRKRVJVcEZlR0Z4VDNZeU5IYxAB!2m1!1s0x30e29906eaff2b69:0x86fd997e5694b89d
ChIJaSv_6gaZ4jARnbiUVn6Z_YY,郑王庙,Ci9DQUlRQUNvZENodHljRjlvT25KSWRqUnRPV0V4ZVRseWJsaFBXRVJtU1Y5VlJGRRAB,5.0,漫步在曼谷的午后，被古老建筑的细节治愈。鄭王廟是來曼谷必看的,zh,Sat Jun 20 2026 23:33:05 GMT-0700 (Pacific Daylight Time),Slime e DIY,https://www.google.com/maps/reviews/data=!4m6!14m5!1m4!2m3!1sCi9DQUlRQUNvZENodHljRjlvT25KSWRqUnRPV0V4ZVRseWJsaFBXRVJtU1Y5VlJGRRAB!2m1!1s0x30e29906eaff2b69:0x86fd997e5694b89d
ChIJaSv_6gaZ4jARnbiUVn6Z_YY,郑王庙,Ci9DQUlRQUNvZENodHljRjlvT2kxV1IxWldUWEJXVldZeGRrSjNjRWRLYlZOWVVuYxAB,4.0,"总体来说，这里的建筑还是非常有特色，但如果你已经逛完曼谷的大部分寺庙，那很有可能会审美疲劳。租服装是推荐的，但不推荐请店里的摄影师，他们基本没有审美，没有构图，出来的图片都是废品(literally),如果你有朋友同行，我认为live photo加上个人的摄影技巧的呈现效果可能会更加好。",zh,Mon Jun 01 2026 06:17:39 GMT-0700 (Pacific Daylight Time),ArtistFox,https://www.google.com/maps/reviews/data=!4m6!14m5!1m4!2m3!1sCi9DQUlRQUNvZENodHljRjlvT2kxV1IxWldUWEJXVldZeGRrSjNjRWRLYlZOWVVuYxAB!2m1!1s0x30e29906eaff2b69:0x86fd997e5694b89d
ChIJWaoiBdmY4jAReVIX1maq_-I,金佛寺,Ci9DQUlRQUNvZENodHljRjlvT2taNGNqaENTVmhNVlc5eU5WaFVaV2hCYkhNd1ZuYxAB,4.0,唐人街入口旁边 外观颜色绚丽 停车位比较困难,zh,Mon Feb 02 2026 19:44:35 GMT-0800 (Pacific Standard Time),方龙,https://www.google.com/maps/reviews/data=!4m6!14m5!1m4!2m3!1sCi9DQUlRQUNvZENodHljRjlvT2taNGNqaENTVmhNVlc5eU5WaFVaV2hCYkhNd1ZuYxAB!2m1!1s0x30e298d90522aa59:0xe2ffaa66d6175279
ChIJWaoiBdmY4jAReVIX1maq_-I,金佛寺,ChdDSUhNMG9nS0VJQ0FnSUNla2ZEVHZBRRAB,4.0,金佛和寺庙建筑都很壮观。但是2楼的唐人街历史展览，刚进去的用的感应灯，时候弄得跟鬼屋一样吓人一跳，后面进去的孩子都惊叫起来了。要改进！,zh,Fri Sep 16 2022 01:56:03 GMT-0700 (Pacific Daylight Time),Allan Tse,https://www.google.com/maps/reviews/data=!4m6!14m5!1m4!2m3!1sChdDSUhNMG9nS0VJQ0FnSUNla2ZEVHZBRRAB!2m1!1s0x30e298d90522aa59:0xe2ffaa66d6175279
ChIJWaoiBdmY4jAReVIX1maq_-I,金佛寺,Ci9DQUlRQUNvZENodHljRjlvT2pkYWFYTlNObEZCTVd4cGRtMURka3BOTmtGS04zYxAB,5.0,金佛，大底座很气派,zh,Tue May 05 2026 01:59:17 GMT-0700 (Pacific Daylight Time),LynxChiLL,https://www.google.com/maps/reviews/data=!4m6!14m5!1m4!2m3!1sCi9DQUlRQUNvZENodHljRjlvT2pkYWFYTlNObEZCTVd4cGRtMURka3BOTmtGS04zYxAB!2m1!1s0x30e298d90522aa59:0xe2ffaa66d6175279
ChIJWaoiBdmY4jAReVIX1maq_-I,金佛寺,ChZDSUhNMG9nS0VJQ0FnTURnamVERkNBEAE,5.0,"这里供奉着泰国五大佛之一的大金佛,也是世上最大的纯金佛像。",zh,Wed Feb 26 2025 04:07:18 GMT-0800 (Pacific Standard Time),Chee Wei Then,https://www.google.com/maps/reviews/data=!4m6!14m5!1m4!2m3!1sChZDSUhNMG9nS0VJQ0FnTURnamVERkNBEAE!2m1!1s0x30e298d90522aa59:0xe2ffaa66d6175279
ChIJWaoiBdmY4jAReVIX1maq_-I,金佛寺,ChZDSUhNMG9nS0VJQ0FnSUREa09ycFZBEAE,4.0,纪念品店有很多有意思的小东西，超级便宜，拍照也好看,zh,Thu Apr 04 2024 05:49:19 GMT-0700 (Pacific Daylight Time),衡璟轩,https://www.google.com/maps/reviews/data=!4m6!14m5!1m4!2m3!1sChZDSUhNMG9nS0VJQ0FnSUREa09ycFZBEAE!2m1!1s0x30e298d90522aa59:0xe2ffaa66d6175279
ChIJZ-IlRCKZ4jARzgWVA3vA_0k,Wat Mangkon Kamalawat (Wat Leng Noei Yi),Ci9DQUlRQUNvZENodHljRjlvT2xkR1VXVnpRVE5sWlRnMGRUSlZTRU5GTlVwM01FRRAB,1.0,不是所有人来这里都不消费的最近来这里比较多两个人晚饭也在这里吃，经常吃海鲜炒饭➕两个椰子，两瓶水。今天前台工作人员出现只给1.5 小时或者 2 个小时，后面我说要两个两小时她只给我了一个 1.5 小时加一个 2 小时，那这样的话我只能喝两瓶水就走了因为晚饭时候我的时间刚好结束，不是所有人来这里都不消费的，而且我们两个人一个位置更会消费非要分开我们买两个位置吗，不想再来这里了,zh,Sun Jan 04 2026 01:25:22 GMT-0800 (Pacific Standard Time),汤沁,https://www.google.com/maps/reviews/data=!4m6!14m5!1m4!2m3!1sCi9DQUlRQUNvZENodHljRjlvT2xkR1VXVnpRVE5sWlRnMGRUSlZTRU5GTlVwM01FRRAB!2m1!1s0x30e299224425e267:0x49ffc07b039505ce
ChIJZ-IlRCKZ4jARzgWVA3vA_0k,Wat Mangkon Kamalawat (Wat Leng Noei Yi),ChZDSUhNMG9nS0VJQ0FnSUR1Zy02Vll3EAE,5.0,在泰国快三年了，第一次来到这个龍连寺，应该是在扩建什么，所以导致每次路过这个庙都不知道里面另有美景，进到庙里面，我就被头上的一排排的黄色灯笼🏮吸引住了，不禁感叹好美呀！话说回来，里面有好多我不认识的神😂但是都礼貌性的拜了一遍，香一个人三根，以捐款香形势投入箱内，多少都可以，如果要买红色或者黄色大香以及其它的，需要在入口旁边的小店铺购买，价格都不贵^_^,zh,Sat Aug 27 2022 16:17:44 GMT-0700 (Pacific Daylight Time),ซิน ถัง,https://www.google.com/maps/reviews/data=!4m6!14m5!1m4!2m3!1sChZDSUhNMG9nS0VJQ0FnSUR1Zy02Vll3EAE!2m1!1s0x30e299224425e267:0x49ffc07b039505ce
ChIJZ-IlRCKZ4jARzgWVA3vA_0k,Wat Mangkon Kamalawat (Wat Leng Noei Yi),ChdDSUhNMG9nS0VJQ0FnTURBX29EZTFRRRAB,5.0,是在农历新年期间过来逛逛的，一切都很漂亮，壮观，但如果你希望能拥有宁静的感觉，就不可能得到了，因为来这里朝圣，祈福和拍照的游客和本地人实在太多了。,zh,Sun Feb 09 2025 02:37:25 GMT-0800 (Pacific Standard Time),YansenPattaya555,https://www.google.com/maps/reviews/data=!4m6!14m5!1m4!2m3!1sChdDSUhNMG9nS0VJQ0FnTURBX29EZTFRRRAB!2m1!1s0x30e299224425e267:0x49ffc07b039505ce
ChIJZ-IlRCKZ4jARzgWVA3vA_0k,Wat Mangkon Kamalawat (Wat Leng Noei Yi),ChdDSUhNMG9nS0VJQ0FnTUNBLW9UQ3ZnRRAB,5.0,龙莲寺。曼谷最有名的寺庙之一。中古式建筑无论规划设计方面都达到一定的水平。这里更是每年化太岁的热点。人流量惊人。不建议开车来。,zh,Thu Jan 30 2025 22:36:42 GMT-0800 (Pacific Standard Time),Happitel Apartment,https://www.google.com/maps/reviews/data=!4m6!14m5!1m4!2m3!1sChdDSUhNMG9nS0VJQ0FnTUNBLW9UQ3ZnRRAB!2m1!1s0x30e299224425e267:0x49ffc07b039505ce
ChIJZ-IlRCKZ4jARzgWVA3vA_0k,Wat Mangkon Kamalawat (Wat Leng Noei Yi),Ci9DQUlRQUNvZENodHljRjlvT2paS1VHOVpablZDV0RKbFpWVlpNRXBoT1RkUWJsRRAB,5.0,祈福平安喜乐 愿 来年顺心如意 身体健康🙏 香火鼎盛之寺庙 ♥️,zh,Sun Jan 18 2026 06:07:43 GMT-0800 (Pacific Standard Time),W BOBO,https://www.google.com/maps/reviews/data=!4m6!14m5!1m4!2m3!1sCi9DQUlRQUNvZENodHljRjlvT2paS1VHOVpablZDV0RKbFpWVlpNRXBoT1RkUWJsRRAB!2m1!1s0x30e299224425e267:0x49ffc07b039505ce
ChIJQeSz1Cqf4jAR4GxPW_MIUbI,华喃空寺,ChZDSUhNMG9nS0VJQ0FnSUNvcXZ6UUFnEAE,3.0,寺庙旁边义德堂，24小时开放，有捐棺。,zh,Sun Feb 10 2019 06:59:11 GMT-0800 (Pacific Standard Time),邓Deng姐เจ้,https://www.google.com/maps/reviews/data=!4m6!14m5!1m4!2m3!1sChZDSUhNMG9nS0VJQ0FnSUNvcXZ6UUFnEAE!2m1!1s0x30e29f2ad4b3e441:0xb25108f35b4f6ce0
ChIJQeSz1Cqf4jAR4GxPW_MIUbI,华喃空寺,ChdDSUhNMG9nS0VJQ0FnSUQ5Mi11QzlnRRAB,5.0,同我老婆做善事 第二次,zh,Thu Mar 21 2024 05:59:53 GMT-0700 (Pacific Daylight Time),Noi Sa-artsri,https://www.google.com/maps/reviews/data=!4m6!14m5!1m4!2m3!1sChdDSUhNMG9nS0VJQ0FnSUQ5Mi11QzlnRRAB!2m1!1s0x30e29f2ad4b3e441:0xb25108f35b4f6ce0
ChIJQeSz1Cqf4jAR4GxPW_MIUbI,华喃空寺,ChZDSUhNMG9nS0VJQ0FnSURyNjd5SUxBEAE,5.0,很好,zh,Sat Jul 20 2024 03:25:06 GMT-0700 (Pacific Daylight Time),Wee Chuan Ivan Tan,https://www.google.com/maps/reviews/data=!4m6!14m5!1m4!2m3!1sChZDSUhNMG9nS0VJQ0FnSURyNjd5SUxBEAE!2m1!1s0x30e29f2ad4b3e441:0xb25108f35b4f6ce0
ChIJQeSz1Cqf4jAR4GxPW_MIUbI,华喃空寺,Ci9DQUlRQUNvZENodHljRjlvT2xGbmMyVmFNaTFyVDBKMmMxTTJkVmwxZEdsMmVuYxAB,5.0,本地人上香拜佛的寺庙,zh,Fri Jan 02 2026 00:39:39 GMT-0800 (Pacific Standard Time),Ran AN,https://www.google.com/maps/reviews/data=!4m6!14m5!1m4!2m3!1sCi9DQUlRQUNvZENodHljRjlvT2xGbmMyVmFNaTFyVDBKMmMxTTJkVmwxZEdsMmVuYxAB!2m1!1s0x30e29f2ad4b3e441:0xb25108f35b4f6ce0
ChIJQeSz1Cqf4jAR4GxPW_MIUbI,华喃空寺,ChdDSUhNMG9nS0VJQ0FnSUNfNnRTOTRBRRAB,5.0,Ancient temple 曼谷的古老寺庙,zh,Tue Jan 14 2025 19:58:13 GMT-0800 (Pacific Standard Time),akarapon kunsamorin,https://www.google.com/maps/reviews/data=!4m6!14m5!1m4!2m3!1sChdDSUhNMG9nS0VJQ0FnSUNfNnRTOTRBRRAB!2m1!1s0x30e29f2ad4b3e441:0xb25108f35b4f6ce0
ChIJq8s5zwOZ4jARTWSUwdydTfg,善友寺,ChZDSUhNMG9nS0VJQ0FnSURROThqNkVBEAE,4.0,今天（2018年1月30号）去到这，庙很美也挺大的！可惜在修善中！如修善完后很直得来看看！这庙坐落于眉南河傍，你可沿着河岸走过来，河景尽收眼底，美不胜收！😘,zh,Tue Jan 30 2018 08:10:20 GMT-0800 (Pacific Standard Time),Jessica Woods,https://www.google.com/maps/reviews/data=!4m6!14m5!1m4!2m3!1sChZDSUhNMG9nS0VJQ0FnSURROThqNkVBEAE!2m1!1s0x30e29903cf39cbab:0xf84d9ddcc194644d
ChIJq8s5zwOZ4jARTWSUwdydTfg,善友寺,ChdDSUhNMG9nS0VJQ0FnSURBN3RiemdnRRAB,4.0,三宝公廟，悠靜没有这样多游客,zh,Wed May 18 2016 00:49:00 GMT-0700 (Pacific Daylight Time),kok peng ang,https://www.google.com/maps/reviews/data=!4m6!14m5!1m4!2m3!1sChdDSUhNMG9nS0VJQ0FnSURBN3RiemdnRRAB!2m1!1s0x30e29903cf39cbab:0xf84d9ddcc194644d
ChIJq8s5zwOZ4jARTWSUwdydTfg,善友寺,ChZDSUhNMG9nS0VJQ0FnSUNZOFpld0hBEAE,5.0,值得来看看,zh,Sat Apr 13 2019 23:55:59 GMT-0700 (Pacific Daylight Time),陈明,https://www.google.com/maps/reviews/data=!4m6!14m5!1m4!2m3!1sChZDSUhNMG9nS0VJQ0FnSUNZOFpld0hBEAE!2m1!1s0x30e29903cf39cbab:0xf84d9ddcc194644d
ChIJq8s5zwOZ4jARTWSUwdydTfg,善友寺,ChdDSUhNMG9nS0VJQ0FnSURtdkpta2dBRRAB,5.0,过年祭祀僧众,zh,Fri Jan 21 2022 23:06:17 GMT-0800 (Pacific Standard Time),Panumes.Kantarot,https://www.google.com/maps/reviews/data=!4m6!14m5!1m4!2m3!1sChdDSUhNMG9nS0VJQ0FnSURtdkpta2dBRRAB!2m1!1s0x30e29903cf39cbab:0xf84d9ddcc194644d
ChIJq8s5zwOZ4jARTWSUwdydTfg,善友寺,ChZDSUhNMG9nS0VJQ0FnSUN3Z3FuYlNBEAE,4.0,人少，建筑常见,zh,Thu Apr 30 2015 22:36:21 GMT-0700 (Pacific Daylight Time),Jin Xiaojing,https://www.google.com/maps/reviews/data=!4m6!14m5!1m4!2m3!1sChZDSUhNMG9nS0VJQ0FnSUN3Z3FuYlNBEAE!2m1!1s0x30e29903cf39cbab:0xf84d9ddcc194644d
ChIJc8C7ApmZ4jARaWUbVK5YpQM,Wat Devaraj Kunchon,Ci9DQUlRQUNvZENodHljRjlvT2t0UE5rTjVUbTR6Y3kxTFFUUmpNVll3TUdOb2NuYxAB,1.0,这是我第二次来这里，一直找不到停车位。不过这次停车位少了，因为之前的地方都被树木取代了。👎🏻,zh,Wed Jul 30 2025 19:04:41 GMT-0700 (Pacific Daylight Time),Miguel Fersou,https://www.google.com/maps/reviews/data=!4m6!14m5!1m4!2m3!1sCi9DQUlRQUNvZENodHljRjlvT2t0UE5rTjVUbTR6Y3kxTFFUUmpNVll3TUdOb2NuYxAB!2m1!1s0x30e2999902bbc073:0x3a558ae541b6569
ChIJc8C7ApmZ4jARaWUbVK5YpQM,Wat Devaraj Kunchon,Ci9DQUlRQUNvZENodHljRjlvT2pKRldHZEdTV052UjJSeVQxb3pTV055ZWt4blIwRRAB,5.0,这座位于湄南河畔的古老寺庙，拥有宁静祥和、魅力十足的氛围。寺庙环境优美整洁，泰式建筑风格精美绝伦，尤其是主殿和柚木建筑群。河畔微风习习，令人心旷神怡，吸引着众多信徒前来参拜。这里是祈福、求事业有成、好运连连的热门地点。,zh-CN,Thu May 07 2026 08:55:09 GMT-0700 (Pacific Daylight Time),Gofu_Gif,https://www.google.com/maps/reviews/data=!4m6!14m5!1m4!2m3!1sCi9DQUlRQUNvZENodHljRjlvT2pKRldHZEdTV052UjJSeVQxb3pTV055ZWt4blIwRRAB!2m1!1s0x30e2999902bbc073:0x3a558ae541b6569
ChIJc8C7ApmZ4jARaWUbVK5YpQM,Wat Devaraj Kunchon,Ci9DQUlRQUNvZENodHljRjlvT21KemQzQkVVMWhVYVZKbVgyVjZTVmxLUlRkNWVXYxAB,5.0,德瓦拉杰昆春沃拉维汉寺（Wat Devaraj Kunchon Worawihan）是一座保存完好的三级皇家寺院，坐落于曼谷律实区湄南河畔。该寺始建于阿瑜陀耶王朝时期，原名萨莫克朗寺（Wat Samor Kraeng），后由拉玛四世国王为纪念昆春王子而更名，以表彰他主持的寺院大规模修缮工作。 我们推荐您前往这座美丽而宁静的寺庙参观朝拜。您还可以参观寺内的柚木博物馆，增长见识。,zh-CN,Sat Apr 25 2026 08:10:33 GMT-0700 (Pacific Daylight Time),Sarah somz,https://www.google.com/maps/reviews/data=!4m6!14m5!1m4!2m3!1sCi9DQUlRQUNvZENodHljRjlvT21KemQzQkVVMWhVYVZKbVgyVjZTVmxLUlRkNWVXYxAB!2m1!1s0x30e2999902bbc073:0x3a558ae541b6569
ChIJc8C7ApmZ4jARaWUbVK5YpQM,Wat Devaraj Kunchon,Ci9DQUlRQUNvZENodHljRjlvT2tSMmQzRnFSMU5WYVhNd01uZDFja0l0TlcweFFWRRAB,5.0,这座美丽、宁静、洁净的寺庙是积德行善、进行各种宗教活动的绝佳场所。它位于拉贾曼加拉科技大学（Rajamangala University of Technology）的特韦特（Thewet）校区内，毗邻市场、码头和众多商店。如果您饿了或需要什么东西，特韦特市场就在附近！寺庙本身只有大约四个祈祷位。寺庙每天早上8点开放，僧侣和沙弥会在主殿进行晨祷。欢迎公众参与。,zh-CN,Sat Apr 18 2026 01:53:23 GMT-0700 (Pacific Daylight Time),Punyarput Chaiyapornangkul,https://www.google.com/maps/reviews/data=!4m6!14m5!1m4!2m3!1sCi9DQUlRQUNvZENodHljRjlvT2tSMmQzRnFSMU5WYVhNd01uZDFja0l0TlcweFFWRRAB!2m1!1s0x30e2999902bbc073:0x3a558ae541b6569
ChIJc8C7ApmZ4jARaWUbVK5YpQM,Wat Devaraj Kunchon,Ci9DQUlRQUNvZENodHljRjlvT25jNWVsWjBSekI1TTJWRlRqbENjMmRHY25GbmVGRRAB,5.0,我从那位卖花环的老太太那里得到了很好的建议，也收获了很棒的体验。如果你是第一次来这里，不知道该怎么做，码头附近巷子里花环店的叔叔阿姨会为你指路。目前，在向坦塔吉佛像许愿时，不允许站在台上或触摸佛像；你仍然需要像往常一样在下方许愿。,zh-CN,Wed May 06 2026 22:47:29 GMT-0700 (Pacific Daylight Time),Hana K,https://www.google.com/maps/reviews/data=!4m6!14m5!1m4!2m3!1sCi9DQUlRQUNvZENodHljRjlvT25jNWVsWjBSekI1TTJWRlRqbENjMmRHY25GbmVGRRAB!2m1!1s0x30e2999902bbc073:0x3a558ae541b6569
ChIJxT5_co6e4jARocW49sK8GUA,Wat Rakhang Khositaram Woramahawihan,Ci9DQUlRQUNvZENodHljRjlvT2xaTlRGZzBRVlZhWmpFelFrUnVSVEJMTVdOa1NsRRAB,5.0,非常神圣且宁静祥和的寺庙，2026年7月31日我来到这里祈福并求取了佛牌，希望能得到佛祖的保佑🙏🙏🙏,zh,Fri Jul 31 2026 06:29:03 GMT-0700 (Pacific Daylight Time),Eric How,https://www.google.com/maps/reviews/data=!4m6!14m5!1m4!2m3!1sCi9DQUlRQUNvZENodHljRjlvT2xaTlRGZzBRVlZhWmpFelFrUnVSVEJMTVdOa1NsRRAB!2m1!1s0x30e29e8e727f3ec5:0x4019bcc2f6b8c5a1
ChIJxT5_co6e4jARocW49sK8GUA,Wat Rakhang Khositaram Woramahawihan,ChZDSUhNMG9nS0VPX0w1NXJPellpY0F3EAE,5.0,每次去曼谷一定会去的寺院，进入大殿让人感觉心里非常的平静🙏🏼,zh,Thu Jun 05 2025 05:11:03 GMT-0700 (Pacific Daylight Time),Thomas T,https://www.google.com/maps/reviews/data=!4m6!14m5!1m4!2m3!1sChZDSUhNMG9nS0VPX0w1NXJPellpY0F3EAE!2m1!1s0x30e29e8e727f3ec5:0x4019bcc2f6b8c5a1
ChIJxT5_co6e4jARocW49sK8GUA,Wat Rakhang Khositaram Woramahawihan,ChZDSUhNMG9nS0VJQ0FnSUQtbGVLNVFREAE,5.0,很美丽的庙，每次来曼谷都会过来拜拜。他们的somdej佛牌很有名。庙外面有个码头可以去到khao San road 和大皇宫。,zh,Thu Feb 13 2025 23:11:25 GMT-0800 (Pacific Standard Time),Issha Tang,https://www.google.com/maps/reviews/data=!4m6!14m5!1m4!2m3!1sChZDSUhNMG9nS0VJQ0FnSUQtbGVLNVFREAE!2m1!1s0x30e29e8e727f3ec5:0x4019bcc2f6b8c5a1
ChIJxT5_co6e4jARocW49sK8GUA,Wat Rakhang Khositaram Woramahawihan,ChdDSUhNMG9nS0VJQ0FnSUNjeGVLZXRBRRAB,5.0,从amulet market佛牌一条街过去只需要走到牌街尽头，再搭渡船过去就可以的！那边渡船3.5B很便宜的！进去请了一个崇迪佛，感觉还是挺好的！相对外面卖的感觉有区别，,zh,Mon Mar 16 2020 20:33:28 GMT-0700 (Pacific Daylight Time),yanling wang,https://www.google.com/maps/reviews/data=!4m6!14m5!1m4!2m3!1sChdDSUhNMG9nS0VJQ0FnSUNjeGVLZXRBRRAB!2m1!1s0x30e29e8e727f3ec5:0x4019bcc2f6b8c5a1
ChIJxT5_co6e4jARocW49sK8GUA,Wat Rakhang Khositaram Woramahawihan,ChZDSUhNMG9nS0VJQ0FnSURJX2NPYVhBEAE,5.0,阿赞多 2319-2415 寺庙：瓦拉康 接触过泰国佛牌的人，都知道崇笛佛牌的大名，崇笛佛牌是泰国五大古佛之一，他便是由阿赞多大师创造的。亚赞多本身有皇族血统，曾任拉康寺的第二任主持。除创造崇迪佛牌的神奇故事之外，大师还有一个广为人知的故事，就是收伏鬼妻。,zh,Fri Jan 18 2019 00:45:01 GMT-0800 (Pacific Standard Time),Junxi Ma,https://www.google.com/maps/reviews/data=!4m6!14m5!1m4!2m3!1sChZDSUhNMG9nS0VJQ0FnSURJX2NPYVhBEAE!2m1!1s0x30e29e8e727f3ec5:0x4019bcc2f6b8c5a1
ChIJu5bnneqZ4jARHVg2S_H2pIg,Wat Hong Rattanaram Ratchaworawihan,Ci9DQUlRQUNvZENodHljRjlvT2prNGFFVnVhRlZ0U214eldrbHhWazUzU2xsQmFuYxAB,5.0,🙏 **瓦洪拉达那拉姆拉查沃拉维汉寺** 位于曼谷吞武里区，是一座古老的寺庙，以其精美的建筑和悠久的历史而闻名。 寺庙氛围宁静祥和，是行善积德、敬拜佛陀、远离喧嚣的理想之地。主殿内供奉着一尊精美神圣的**摩罗毗荼式佛像**，为前来参拜的信众带来喜悦和祝福。 除了其优美的外观，这座寺庙也具有重要的历史意义，其历史可以追溯到吞武里王朝和拉达那哥欣王朝早期，因此对于宗教信徒和喜欢探索古老寺庙的游客来说，这里都是绝佳的选择。 如果您有机会到访吞武里，我们强烈推荐您参观**瓦洪拉达那拉姆拉查沃拉维汉寺**。您将体验到这座保存完好的古老寺庙所散发的宁静、美丽和魅力。 🙏🤍 #夫妻旅行 #瓦洪拉达那拉姆拉查沃拉维汉寺 #寺庙参拜 #致敬 #吞武里之旅 #曼谷之旅 #宗教之旅,zh-CN,Sun Jun 28 2026 06:58:08 GMT-0700 (Pacific Daylight Time),Watcharapun Thangwitmonai,https://www.google.com/maps/reviews/data=!4m6!14m5!1m4!2m3!1sCi9DQUlRQUNvZENodHljRjlvT2prNGFFVnVhRlZ0U214eldrbHhWazUzU2xsQmFuYxAB!2m1!1s0x30e299ea9de796bb:0x88a4f6f14b36581d
ChIJu5bnneqZ4jARHVg2S_H2pIg,Wat Hong Rattanaram Ratchaworawihan,Ci9DQUlRQUNvZENodHljRjlvT2xVeVNXeFNZVkJ2Um1aRFR6UTNXVVEwZUZWa05FRRAB,5.0,瓦洪拉达那拉姆拉查沃拉维汉寺是一座具有深远历史意义的二级皇家寺庙。它建于阿瑜陀耶王朝时期，其历史及各时期的重要事件如下：阿瑜陀耶时期：最初是一座私人寺庙，村民们称之为“瓦昭苏阿洪寺”或“瓦克鲁阿洪寺”，以纪念建造该寺庙的中国富商。吞武里时期：当郑信王将吞武里定为都城后，由于该寺庙毗邻皇宫，因此成为皇家寺庙。1771年，郑信王是该寺庙的赞助人，并对其进行了大规模翻修，将其更名为“瓦洪阿瓦斯维汉寺”。他经常前来主殿冥想。拉达那哥欣时期： 拉玛一世至拉玛三世统治时期：寺庙分别更名为“瓦洪阿瓦斯博翁维汉寺”（Wat Hong Awas Bowon Wihan）和“瓦洪阿瓦斯沃拉维汉寺”（Wat Hong Awas Worawihan），并对多座寺院建筑进行了修缮。拉玛四世统治时期：蒙固王（拉玛四世）修缮了寺庙，并将其更名为“瓦洪拉达那兰寺”（Wat Hong Rattanaram），沿用至今。寺庙内的圣物和重要景点：龙婆帕森佛像：一尊精美的铜佛像，呈马拉维贾亚姿势，澜沧风格，供奉于主殿，是寺庙的主尊佛像。圣水池：据信是郑信大帝沐浴过的池塘。池中藏有神奇的石头，人们前来朝拜以求好运。郑信大帝陵墓：建于据信是郑信大帝被处决时鲜血洒落之处。如果您计划前来瞻仰这些圣物，或者想了解更多关于这尊重要佛像的历史，请随时询问更多信息。,zh-CN,Sun Jun 14 2026 03:21:20 GMT-0700 (Pacific Daylight Time),Puneak Pisitpunpond,https://www.google.com/maps/reviews/data=!4m6!14m5!1m4!2m3!1sCi9DQUlRQUNvZENodHljRjlvT2xVeVNXeFNZVkJ2Um1aRFR6UTNXVVEwZUZWa05FRRAB!2m1!1s0x30e299ea9de796bb:0x88a4f6f14b36581d
ChIJu5bnneqZ4jARHVg2S_H2pIg,Wat Hong Rattanaram Ratchaworawihan,Ci9DQUlRQUNvZENodHljRjlvT2xCaFJHRlVRWGQwZDJZeVZIZGFTWEZKUkVaSk9GRRAB,4.0,九十九座寺庙朝圣计划 - 第六年，2026年 第十五座寺庙：曼谷大寺（郑王庙），曼谷亚伊 据信，曼谷大寺（Wat Hong Rattanaram Rajavaravihara）建于阿瑜陀耶王朝时期，约公元1757年（佛历2300年），由一位名叫洪先生（或称昭苏洪）的中国富商建造。因此，它也被称为昭苏洪寺（Wat Chao Sua Hong）或克鲁阿洪寺（Wat Khrua Hong）。当郑信大帝将吞武里定为都城后，他将这座寺庙纳入自己的皇家庇护之下，对其进行了修缮，并将其提升为皇家寺庙，赐名“洪阿瓦寺”（Wat Hong Awat Vihara）。后来，在拉达那哥欣王朝拉玛四世统治时期，它被更名为“曼谷大寺”（Wat Hong Rattanaram）。寺庙中重要的佛像包括銮坡山佛像，这是一尊清盛风格的摩罗毗荼式铜像。这尊古老的佛像在拉玛四世国王统治时期从清腾迎请而来，供奉于主殿，是寺庙的主尊佛像。此外，寺内还有古老的金佛像、郑信大帝的神龛以及一处圣水池。传说郑信大帝在出征前常来此池沐浴并加持圣水。 寺内的卧佛像与代表一周七天的佛像一同供奉。这尊卧佛像长约1米，由石头雕刻而成，描绘了佛陀降伏阿修罗的场景。佛像面带微笑，身着简朴的僧袍，双脚合十。卧佛像安卧于莲花座上，位于圣水池旁的基座上。 附近景点：黎明寺（Wat Arun Ratchawararam Ratchaworamahaviharn），原名玛阁寺（Wat Makok），建于阿瑜陀耶王朝时期。郑信大帝迁都时，黎明时分抵达此寺，故得名黎明寺（Wat Chaeng）。此寺曾供奉玉佛，后移至玉佛寺（Wat Phra Kaew），如今已成为曼谷的象征。 下一处寺庙：曼谷帕那空区潘通村的艾安沃拉努寺（Wat Eiam Woranuch）。 上一处寺庙：曼谷大区曼谷亚伊村的迈威占寺（Wat Mai Wichian）或塔帕寺（Wat Tha Phra）。,zh-CN,Wed Jun 10 2026 18:36:22 GMT-0700 (Pacific Daylight Time),Danai Winairat,https://www.google.com/maps/reviews/data=!4m6!14m5!1m4!2m3!1sCi9DQUlRQUNvZENodHljRjlvT2xCaFJHRlVRWGQwZDJZeVZIZGFTWEZKUkVaSk9GRRAB!2m1!1s0x30e299ea9de796bb:0x88a4f6f14b36581d
ChIJu5bnneqZ4jARHVg2S_H2pIg,Wat Hong Rattanaram Ratchaworawihan,Ci9DQUlRQUNvZENodHljRjlvT21KSE1rcG5ia1JTYkVsMGJuZE1ibGwzWjJGSFQwRRAB,5.0,瓦洪拉达那拉姆拉查沃拉维汉寺（Wat Hong Rattanaram Ratchaworawihan）是一座拉查沃拉维汉式的二级皇家寺庙，位于曼谷大区郑王庙（Wat Arun）旺登路（Wang Daem Road）。该寺庙由一位名叫“洪”的中国富商在阿瑜陀耶王朝时期建造，当地人俗称“瓦昭苏阿洪寺”（Wat Chao Sua Hong）或“瓦切苏阿洪寺”（Wat Che Sua Hong）。郑信大帝将吞武里定为都城后，该寺庙被提升为皇家寺庙，并更名为“瓦洪阿瓦维汉寺”（Wat Hong Awat Wihan）。由于其毗邻皇宫，该寺庙成为郑信大帝经常前来举行宗教仪式和给予赞助的重要场所。拉玛四世统治时期，该寺庙被重新命名为“瓦洪拉达那拉姆寺”（Wat Hong Rattanaram）。此后，该寺庙经历了多次大规模翻修，尤其是在拉玛三世和拉玛四世统治时期。其主殿是吞武里河畔最大的寺庙之一，以其门窗上的灰泥装饰和天鹅（hong）雕刻而闻名。殿内供奉着“龙婆盛”（Luang Pho Saen），这是一尊从万象请来的澜沧风格的玛拉维贾亚式青铜佛像。此外，寺庙内还设有金佛精舍（Golden Buddha Vihara），供奉着一尊素可泰风格的金佛像。这尊佛像与金佛寺（Wat Traimit）的龙婆通坎（Luang Pho Thong Kham，金佛）相似，但尺寸较小。碑文显示，这尊佛像铸造于佛历1966年（公元1966年），并刻有铸造者的名字。,zh-CN,Tue May 19 2026 06:34:00 GMT-0700 (Pacific Daylight Time),ธวัชชัย อารีย์,https://www.google.com/maps/reviews/data=!4m6!14m5!1m4!2m3!1sCi9DQUlRQUNvZENodHljRjlvT21KSE1rcG5ia1JTYkVsMGJuZE1ibGwzWjJGSFQwRRAB!2m1!1s0x30e299ea9de796bb:0x88a4f6f14b36581d
ChIJu5bnneqZ4jARHVg2S_H2pIg,Wat Hong Rattanaram Ratchaworawihan,Ci9DQUlRQUNvZENodHljRjlvT2tjMlRXZFFka3haVWtSbGNUQk1XRlp4YTFKc1FuYxAB,5.0,拉查沃拉维汉寺（Wat Hong Rattanaram Ratchaworawihan） 寺内供奉着帕乌通（Phra Uthong）、帕通坎（Phra Thongkham）、帕萨恩（Phra Saen）三尊守护神像、达信王（King Taksin）像、圣池以及昭克鲁阿洪（Chao Khrua Hong）像。 这座二级皇家寺庙（Ratchaworawihan）位于曼谷大运河（Khlong Bangkok Yai）北岸，是一座始建于阿瑜陀耶王朝时期的古老寺庙。寺庙最初名为昭苏阿洪寺（Wat Chao Sua Hong）或昭克鲁阿洪寺（Wat Chao Khrua Hong），以纪念建造寺庙的中国富商昭克鲁阿洪。约公元1771年（佛历2314年），达信王下令修缮扩建寺庙，并将其更名为拉玛一世王（King Rama I）王（King Rama ...拉玛三世国王携王后斯里苏里延德拉（当时的公主本罗德）和国王平克劳曾到访此寺。他当时以伊萨雷斯·朗桑王子的称号主持寺庙的修复工作，但不幸在修复完成前驾崩。之后，蒙固国王（拉玛四世）接手并完成了修复工作。后来，在1915年，瓦吉拉伍德国王（拉玛六世）统治时期，寺庙更名为瓦洪拉塔纳拉姆寺，即今日之名。,zh-CN,Mon Jun 29 2026 04:37:47 GMT-0700 (Pacific Daylight Time),S M,https://www.google.com/maps/reviews/data=!4m6!14m5!1m4!2m3!1sCi9DQUlRQUNvZENodHljRjlvT2tjMlRXZFFka3haVWtSbGNUQk1XRlp4YTFKc1FuYxAB!2m1!1s0x30e299ea9de796bb:0x88a4f6f14b36581d
ChIJDXW01_GZ4jARK2zJ21FeJtU,Wat Khanikaphon,ChZDSUhNMG9nS0VJQ0FnSURybS0zZEZ3EAE,5.0,老庙,zh,Sat Jul 20 2024 05:36:30 GMT-0700 (Pacific Daylight Time),Wee Chuan Ivan Tan,https://www.google.com/maps/reviews/data=!4m6!14m5!1m4!2m3!1sChZDSUhNMG9nS0VJQ0FnSURybS0zZEZ3EAE!2m1!1s0x30e299f1d7b4750d:0xd5265e51dbc96c2b
ChIJDXW01_GZ4jARK2zJ21FeJtU,Wat Khanikaphon,Ci9DQUlRQUNvZENodHljRjlvT25wV1l5MTFSMWxwYm1SaE5HMHdVamxqUVdKc1JrRRAB,4.0,（谷歌翻译）唐人街隐藏的瑰宝，拥有独特的历史 参观卡尼卡蓬寺 (Wat Khanikaphon) 是我曼谷之旅最令人惊喜的发现之一。与熙熙攘攘的寺庙不同，在这里您可以感受到一种原汁原味的当地宁静。令人着迷的是，这座寺庙是由一位女性（Mae Lao Daeng）创建的，其建筑风格也体现了该地区特有的多元文化融合。 寺庙维护得无可挑剔，精美的陶瓷装饰和引人深思的建筑结构令人心旷神怡。这里是暂时逃离唐人街喧嚣，感受这座城市更具灵性、更少游客气息的一面的完美去处。如果您正在寻找原汁原味的体验，强烈推荐这里。 （原文） 唐人街隐藏的瑰宝，拥有独特的历史 参观卡尼卡蓬寺 (Wat Khanikaphon) 是我曼谷之旅最令人惊喜的发现之一。与熙熙攘攘的寺庙不同，在这里您可以感受到一种原汁原味的当地宁静。令人着迷的是，这座寺庙是由一位女性（Mae Lao Daeng）创建的，其建筑风格也体现了该地区独特的文化融合。 寺庙维护得无可挑剔，精美的陶瓷细节令人叹为观止，其建筑结构也引人深思。这里是暂时远离唐人街喧嚣，感受城市更具灵性、更少游客气息的理想之地。如果您正在寻找原汁原味的体验，强烈推荐这里。,zh-CN,Fri Apr 24 2026 12:54:37 GMT-0700 (Pacific Daylight Time),Alejandra Arias,https://www.google.com/maps/reviews/data=!4m6!14m5!1m4!2m3!1sCi9DQUlRQUNvZENodHljRjlvT25wV1l5MTFSMWxwYm1SaE5HMHdVamxqUVdKc1JrRRAB!2m1!1s0x30e299f1d7b4750d:0xd5265e51dbc96c2b
ChIJDXW01_GZ4jARK2zJ21FeJtU,Wat Khanikaphon,Ci9DQUlRQUNvZENodHljRjlvT2paQ1VVMVhRME01VlhKaGNHSmxlakZTVVdGcGEzYxAB,5.0,卡尼卡蓬寺 (Wat Khanikaphon) 是一座宁静而独特的寺庙，与周围熙熙攘攘的街道截然不同。这里氛围静谧，是放慢脚步、积德行善、体验泰国当地文化的绝佳去处。如果您正在寻找一座人流较少、原汁原味的寺庙，那么卡尼卡蓬寺绝对值得您列入曼谷行程。 我强烈推荐您体验一下“卡尼卡蓬”（Kau Cim，泰语称作xin xăm或幸运签）。如果您不确定如何操作或看不懂泰语，也无需担心，只需询问当地的游客即可。泰国人非常友善，通常会有人乐于为您讲解流程或翻译签文。这绝对是一次意义非凡、令人难忘的文化体验。,zh-CN,Thu Jul 02 2026 06:50:05 GMT-0700 (Pacific Daylight Time),ProTalk English Center,https://www.google.com/maps/reviews/data=!4m6!14m5!1m4!2m3!1sCi9DQUlRQUNvZENodHljRjlvT2paQ1VVMVhRME01VlhKaGNHSmxlakZTVVdGcGEzYxAB!2m1!1s0x30e299f1d7b4750d:0xd5265e51dbc96c2b
ChIJDXW01_GZ4jARK2zJ21FeJtU,Wat Khanikaphon,Ci9DQUlRQUNvZENodHljRjlvT2pKd016VkRTR2d4U21RemNWRkJZMXBaV2tOSlZGRRAB,5.0,这座古老的寺庙建于拉玛三世时期，位于帕拉帕猜（Phlapphla Chai）地区。寺庙内部氛围宁静祥和，令人惊喜。交通便利，却并不拥挤，是祈福祈福的理想场所。 📍寺庙入口处设有专门区域，免费提供供品和花环。 📍如果您想专注于特定方面，寺庙提供售价100泰铢的祈祷套餐，分为事业/财运和爱情两大类。您可以根据自身需求选择最合适的套餐。,zh-CN,Tue Jul 28 2026 21:46:22 GMT-0700 (Pacific Daylight Time),Grin Days,https://www.google.com/maps/reviews/data=!4m6!14m5!1m4!2m3!1sCi9DQUlRQUNvZENodHljRjlvT2pKd016VkRTR2d4U21RemNWRkJZMXBaV2tOSlZGRRAB!2m1!1s0x30e299f1d7b4750d:0xd5265e51dbc96c2b
ChIJDXW01_GZ4jARK2zJ21FeJtU,Wat Khanikaphon,Ci9DQUlRQUNvZENodHljRjlvT2xWSk9FaHlSRFIyTldSM2FEaGtURzFIYzNkeVVVRRAB,5.0,妓院老鸨庙：一段独特的历史。一处不容错过的隐秘瑰宝，背后蕴藏着传奇故事！ 卡尼卡蓬寺 (Wat Kanikaphon) 位于唐人街（耀华力路），是一处引人入胜的景点。与其他寺庙不同，这座寺庙由虔诚的佛教徒、富有的妓院老板娘雅凤 (Yai Faeng) 于 1833 年创建。她用妓院的收入以及妓女们的捐款建造了这座寺庙，以积攒功德。寺庙的名字直译过来就是“妓女捐款建造的寺庙”。 必看景点： - 雅凤雕像：在主殿后面寻找供奉她的小神龛。当地人相信她能带来好运，因此雕像上贴满了金箔。 - 游客原因：这里是重要的“Mutelu”（精神）圣地。人们专程前来祈求爱情、灵魂伴侣、事业成功和魅力。氛围：相比附近那些大型旅游寺庙，这里更显本地风情，也更显私密。 实用贴士： - 夜间游览：曼谷为数不多开放至晚上10点左右的寺庙之一，非常适合在唐人街享用晚餐后，来此享受一段宁静的夜晚漫步。 - 停车：寺庙提供便捷的停车服务，每小时30泰铢，在这个拥挤的街区，这简直是救星。 强烈推荐给历史爱好者和寻求独特精神体验的人们！,zh-CN,Tue Mar 03 2026 03:08:34 GMT-0800 (Pacific Standard Time),Thanapoom Thongsamoot,https://www.google.com/maps/reviews/data=!4m6!14m5!1m4!2m3!1sCi9DQUlRQUNvZENodHljRjlvT2xWSk9FaHlSRFIyTldSM2FEaGtURzFIYzNkeVVVRRAB!2m1!1s0x30e299f1d7b4750d:0xd5265e51dbc96c2b
ChIJozKHLjuZ4jARn5r5lu1l8dc,特西林塔瓦寺,ChdDSUhNMG9nS0VJQ0FnSUNJdlBuczV3RRAB,5.0,皇家陵园。皇权老板,zh,Thu Nov 01 2018 16:00:16 GMT-0700 (Pacific Daylight Time),匆Nora,https://www.google.com/maps/reviews/data=!4m6!14m5!1m4!2m3!1sChdDSUhNMG9nS0VJQ0FnSUNJdlBuczV3RRAB!2m1!1s0x30e2993b2e8732a3:0xd7f165ed96f99a9f
ChIJozKHLjuZ4jARn5r5lu1l8dc,特西林塔瓦寺,Ci9DQUlRQUNvZENodHljRjlvT21oUk1FNXdjemd6V1ZCc2RtSnBURUpqWnpNMldVRRAB,5.0,这座寺庙及其建筑群非常精美。 它是朱拉隆功国王于1876年为献给德西琳德拉王后而建造的二级皇家寺庙。它以其精美的建筑、饰有皇家图案的镀金天花板、宏伟的授戒大厅而闻名，同时也是重要的皇家陵园和火葬场所在地。,zh-CN,Sat Feb 14 2026 21:12:28 GMT-0800 (Pacific Standard Time),S M,https://www.google.com/maps/reviews/data=!4m6!14m5!1m4!2m3!1sCi9DQUlRQUNvZENodHljRjlvT21oUk1FNXdjemd6V1ZCc2RtSnBURUpqWnpNMldVRRAB!2m1!1s0x30e2993b2e8732a3:0xd7f165ed96f99a9f
ChIJozKHLjuZ4jARn5r5lu1l8dc,特西林塔瓦寺,Ci9DQUlRQUNvZENodHljRjlvT25oVU4wOVNYMnRLUkVkeldWVkpaR3c0ZEY5TVJYYxAB,5.0,这座寺庙规模宏大，但大部分区域都用于祈祷大厅的葬礼仪式。主殿位于稍远的地方，周围环绕着一片宽阔的草坪。然而，寺庙通常不对外开放，只在早晚僧侣前来祈祷的短暂时间里才会开放。寺庙内有一座供奉龙婆诺的神龛，游客可以进入瞻仰，旁边还生长着一棵菩提树。,zh-CN,Sun Jan 04 2026 08:12:19 GMT-0800 (Pacific Standard Time),Earth Earth,https://www.google.com/maps/reviews/data=!4m6!14m5!1m4!2m3!1sCi9DQUlRQUNvZENodHljRjlvT25oVU4wOVNYMnRLUkVkeldWVkpaR3c0ZEY5TVJYYxAB!2m1!1s0x30e2993b2e8732a3:0xd7f165ed96f99a9f
ChIJozKHLjuZ4jARn5r5lu1l8dc,特西林塔瓦寺,Ci9DQUlRQUNvZENodHljRjlvT201c1VFVkxVMGhOTXpOWVlXaHVWMUpsVUVWZlpHYxAB,5.0,✨ 泰普西林寺 (Wat Thepsirin Ratchaworawihan) ✨ 曼谷，Pom Prap Sattru Phai 区 我们最近参观的简要介绍： 🛕 泰普西林寺皇家陵墓 这座寺庙供奉着四兄妹及其母亲： 朱拉隆功 → 旃陀罗蒙多 → 查图隆拉什米 → 巴努朗西·萨旺翁 以及泰普西林王后。 ✨ 寺庙氛围宁静祥和，是拍照留念的绝佳地点，也是欣赏古老精美艺术和建筑的理想场所。 🏯 曼谷阿罗汉佛殿 (Viharn Atthi Chao Khun Nor) 这座佛殿供奉着佛教僧侣帕亚·纳拉拉·拉查玛尼 (Phraya Nararat Ratchamanit) 的舍利。 人们经常前来瞻仰和缅怀阿罗汉。他是一位受人尊敬的僧侣，以严格遵守佛教戒律而闻名。 🏫 泰普西林寺学校庆祝建校140周年（公元1885年），它是暹罗四所男子学校之一： 1. 曼谷基督教学院（公元1852年），建校173年 2. 圣母升天学院（公元1877年），建校148年 3. 素坤拉学校（公元1882年），建校143年 🚙 寺庙设有停车场，但在大型活动期间可能比较难找到停车位。 🚉 搭乘地铁至华南蓬站，然后从那里乘坐短途车即可到达。 #泰普西林寺 #PaopaoStudio,zh-CN,Thu Sep 18 2025 09:24:02 GMT-0700 (Pacific Daylight Time),Paopao Studio,https://www.google.com/maps/reviews/data=!4m6!14m5!1m4!2m3!1sCi9DQUlRQUNvZENodHljRjlvT201c1VFVkxVMGhOTXpOWVlXaHVWMUpsVUVWZlpHYxAB!2m1!1s0x30e2993b2e8732a3:0xd7f165ed96f99a9f
ChIJozKHLjuZ4jARn5r5lu1l8dc,特西林塔瓦寺,Ci9DQUlRQUNvZENodHljRjlvT2tvNU1qbFFNbXRWU0MxSVluUTJOa00wZFMwek9WRRAB,5.0,曼谷市中心的阿罗汉酒店 龙婆诺 法相南无佛陀耶,zh-CN,Tue Jun 02 2026 22:17:02 GMT-0700 (Pacific Daylight Time),KUNG-JAO THE JOURNEY,https://www.google.com/maps/reviews/data=!4m6!14m5!1m4!2m3!1sCi9DQUlRQUNvZENodHljRjlvT2tvNU1qbFFNbXRWU0MxSVluUTJOa00wZFMwek9WRRAB!2m1!1s0x30e2993b2e8732a3:0xd7f165ed96f99a9f
ChIJ0ej1ESSZ4jAReqBCJn97QFw,Wong Wian Yisipsong Karakadakhom,Ci9DQUlRQUNvZENodHljRjlvT21zMGFuRnNjMk4wUldKTlptNHpVSGhZVlZkVVpIYxAB,5.0,适合简单的锻炼,zh,Wed Jul 02 2025 08:06:03 GMT-0700 (Pacific Daylight Time),史万水,https://www.google.com/maps/reviews/data=!4m6!14m5!1m4!2m3!1sCi9DQUlRQUNvZENodHljRjlvT21zMGFuRnNjMk4wUldKTlptNHpVSGhZVlZkVVpIYxAB!2m1!1s0x30e2992411f5e8d1:0x5c407b7f2642a07a
ChIJ0ej1ESSZ4jAReqBCJn97QFw,Wong Wian Yisipsong Karakadakhom,ChdDSUhNMG9nS0VJQ0FnSUNRMTgtSjFRRRAB,3.0,找不到,zh,Mon Jan 15 2018 06:00:11 GMT-0800 (Pacific Standard Time),陈Cheng,https://www.google.com/maps/reviews/data=!4m6!14m5!1m4!2m3!1sChdDSUhNMG9nS0VJQ0FnSUNRMTgtSjFRRRAB!2m1!1s0x30e2992411f5e8d1:0x5c407b7f2642a07a
ChIJ0ej1ESSZ4jAReqBCJn97QFw,Wong Wian Yisipsong Karakadakhom,Ci9DQUlRQUNvZENodHljRjlvT2xod1VrRmtObXBETFRReFMweHVTREF6TFdKYWNXYxAB,5.0,第22环岛是几代人出生的地方，拥有悠久的历史。它是为了纪念拉玛六世国王于1917年7月22日宣布泰国加入第一次世界大战而建。但今天，我们来这里是为了品尝美食！这里有很多选择，比如卤鹅、Hom Dee面条和饺子、Setthi的泰式甜点Khanom Krok、韭菜炒饭、Tang Bak Seng（泰式甜点），以及Lek阿姨和Yai阿姨的糯米饭。,zh-CN,Thu Apr 16 2026 22:45:09 GMT-0700 (Pacific Daylight Time),Vao Onair,https://www.google.com/maps/reviews/data=!4m6!14m5!1m4!2m3!1sCi9DQUlRQUNvZENodHljRjlvT2xod1VrRmtObXBETFRReFMweHVTREF6TFdKYWNXYxAB!2m1!1s0x30e2992411f5e8d1:0x5c407b7f2642a07a
ChIJ0ej1ESSZ4jAReqBCJn97QFw,Wong Wian Yisipsong Karakadakhom,Ci9DQUlRQUNvZENodHljRjlvT21WblZqaEhRMU5KT0ZoMmRXRkdlalI0YUVzdE5VRRAB,5.0,这家店很干净，服务很好，按摩手法也很到位。我之前脖子、肩膀和背部的疼痛，甚至会放射到头部，按摩之后完全消失了。我肯定会再来的。,zh-CN,Mon Mar 09 2026 21:50:53 GMT-0700 (Pacific Daylight Time),ชิดชล เกิดผล,https://www.google.com/maps/reviews/data=!4m6!14m5!1m4!2m3!1sCi9DQUlRQUNvZENodHljRjlvT21WblZqaEhRMU5KT0ZoMmRXRkdlalI0YUVzdE5VRRAB!2m1!1s0x30e2992411f5e8d1:0x5c407b7f2642a07a
ChIJ0ej1ESSZ4jAReqBCJn97QFw,Wong Wian Yisipsong Karakadakhom,Ci9DQUlRQUNvZENodHljRjlvT2tGRFYxRmFTRE0xVDBoRU4yUmFlRFZpU0drMmVuYxAB,4.0,这里是散步放松的好去处，尤其是在日落前的傍晚时分。 补充信息 7月22日环岛是曼谷重要的环岛之一。它位于蓬帕萨特鲁派区，是迈特里奇特路、米特拉潘路和桑提帕路的交汇处。 这个地方的历史很有趣，并且与世界历史息息相关，具体如下： 1. 7月22日的意义 该环岛以纪念1917年7月22日，瓦吉拉伍德国王（拉玛六世）正式宣布暹罗加入第一次世界大战的日子命名。 2. 历史原因 参战的决定是一项非常重要的政治战略，原因如下： 选择阵营：暹罗选择加入协约国（以英国、法国和美国为首），对抗同盟国（德国和奥匈帝国）。 修改条约：拉玛六世国王预见到，如果暹罗赢得战争，它将拥有谈判筹码，可以修改之前与西方国家签订的不公平条约，例如有关治外法权的条约。 3. 建设与建筑 战争结束后，暹罗作为盟军一方获胜，为了纪念这一胜利，修建了这座环岛。 设计：这是一个三条主干道（Maitrichit、Mitraphan、Santiphap）交汇的环岛，每条道路都寓意吉祥，象征着和平。 特色：环岛中心设有花园和喷泉。过去，这里曾是一个现代化街区，也是曼谷市民的聚集地。 今日的7月22日环岛 如今，这里已成为重要的商业中心，尤其体现在： 轮胎销售区：这里被认为是泰国轮胎和轮毂商店最集中的地区之一。 餐饮购物区：这里有很多老字号餐厅和批发商店，出售各种商品。 靠近耀华力路：步行即可到达唐人街。 趣闻：除了这个环岛，附近还有一座志愿兵纪念碑（位于皇家田广场附近），是为了纪念在第一次世界大战中作战的泰国士兵而建。,zh-CN,Wed Jan 07 2026 01:57:41 GMT-0800 (Pacific Standard Time),Boywatchara,https://www.google.com/maps/reviews/data=!4m6!14m5!1m4!2m3!1sCi9DQUlRQUNvZENodHljRjlvT2tGRFYxRmFTRE0xVDBoRU4yUmFlRFZpU0drMmVuYxAB!2m1!1s0x30e2992411f5e8d1:0x5c407b7f2642a07a
ChIJ-XXkE3CZ4jAR4ucrmOJpLgI,Suan Luang Rama VIII Park,ChZDSUhNMG9nS0VJQ0FnSUNIbE1QX1dBEAE,1.0,很小的地方。只有一座大桥。是当地人运动的公园。不值得游客专程来一趟。。。,zh,Sun Sep 01 2024 07:41:20 GMT-0700 (Pacific Daylight Time),Wang Tianlong,https://www.google.com/maps/reviews/data=!4m6!14m5!1m4!2m3!1sChZDSUhNMG9nS0VJQ0FnSUNIbE1QX1dBEAE!2m1!1s0x30e2997013e475f9:0x22e69e2982be7e2
ChIJ-XXkE3CZ4jAR4ucrmOJpLgI,Suan Luang Rama VIII Park,ChdDSUhNMG9nS0VJQ0FnSUNRd3JTOWp3RRAB,4.0,大热天，休闲好地方,zh,Sat Sep 16 2017 20:23:23 GMT-0700 (Pacific Daylight Time),Jams Wong,https://www.google.com/maps/reviews/data=!4m6!14m5!1m4!2m3!1sChdDSUhNMG9nS0VJQ0FnSUNRd3JTOWp3RRAB!2m1!1s0x30e2997013e475f9:0x22e69e2982be7e2
ChIJ-XXkE3CZ4jAR4ucrmOJpLgI,Suan Luang Rama VIII Park,ChZDSUhNMG9nS0VJQ0FnSUNJd3NyaUx3EAE,5.0,好休闲的地方,zh,Sat Nov 03 2018 03:34:07 GMT-0700 (Pacific Daylight Time),Tai Ar,https://www.google.com/maps/reviews/data=!4m6!14m5!1m4!2m3!1sChZDSUhNMG9nS0VJQ0FnSUNJd3NyaUx3EAE!2m1!1s0x30e2997013e475f9:0x22e69e2982be7e2
ChIJ-XXkE3CZ4jAR4ucrmOJpLgI,Suan Luang Rama VIII Park,ChdDSUhNMG9nS0VJQ0FnSURvcnVURjJ3RRAB,3.0,可以,zh,Sat Mar 16 2019 04:42:29 GMT-0700 (Pacific Daylight Time),黄炎阿昆,https://www.google.com/maps/reviews/data=!4m6!14m5!1m4!2m3!1sChdDSUhNMG9nS0VJQ0FnSURvcnVURjJ3RRAB!2m1!1s0x30e2997013e475f9:0x22e69e2982be7e2
ChIJ-XXkE3CZ4jAR4ucrmOJpLgI,Suan Luang Rama VIII Park,Ci9DQUlRQUNvZENodHljRjlvT2xWU1FWaGhUR3B5TFVSU2VFTXhTblpmTlVSTlZYYxAB,5.0,这里环境清幽，景色优美，还有可爱的毛茸茸小伙伴！ “这是一个放松身心或进行轻度锻炼的绝佳公园！河流和天际线的景色令人叹为观止，尤其是在日落时分，金色的阳光洒在水面上，美不胜收。如果你喜欢动物，那你一定会爱上这里——这里有很多超级可爱、性情温顺的流浪猫悠闲地待着（我看到一只像猫头鹰一样栖息在树上！）。如果你想保持活力，这里也是个好去处；公园里配备了简单的户外健身器材。强烈推荐来这里享受宁静的清晨或傍晚漫步！”,zh-CN,Sat Aug 01 2026 09:53:51 GMT-0700 (Pacific Daylight Time),Rassamee Bdr,https://www.google.com/maps/reviews/data=!4m6!14m5!1m4!2m3!1sCi9DQUlRQUNvZENodHljRjlvT2xWU1FWaGhUR3B5TFVSU2VFTXhTblpmTlVSTlZYYxAB!2m1!1s0x30e2997013e475f9:0x22e69e2982be7e2
ChIJcTKWSsKY4jAR0FjgeEpiUOs,Chaloem Phra Kiat Forest Park,ChZDSUhNMG9nS0VJQ0FnSURYLXVQRVlREAE,3.0,有藤球场，水平很高，但是附近的小路路灯照明不足，看不到一些台阶，人会摔倒,zh,Sat Oct 26 2024 06:58:03 GMT-0700 (Pacific Daylight Time),OSCAR TSUI,https://www.google.com/maps/reviews/data=!4m6!14m5!1m4!2m3!1sChZDSUhNMG9nS0VJQ0FnSURYLXVQRVlREAE!2m1!1s0x30e298c24a963271:0xeb50624a78e058d0
ChIJcTKWSsKY4jAR0FjgeEpiUOs,Chaloem Phra Kiat Forest Park,ChZDSUhNMG9nS0VJQ0FnTUNBLU9ER1J3EAE,5.0,1/25-2/2，好吃又好玩的新年市集,zh,Wed Jan 29 2025 05:14:32 GMT-0800 (Pacific Standard Time),yayun chou,https://www.google.com/maps/reviews/data=!4m6!14m5!1m4!2m3!1sChZDSUhNMG9nS0VJQ0FnTUNBLU9ER1J3EAE!2m1!1s0x30e298c24a963271:0xeb50624a78e058d0
ChIJcTKWSsKY4jAR0FjgeEpiUOs,Chaloem Phra Kiat Forest Park,Ci9DQUlRQUNvZENodHljRjlvT2tWSGJHRmlPV1ZwY1VGUlVuTnVWV0pPT1hOV2NVRRAB,5.0,位于湄南河畔的达信桥下的公园环境优美。许多人在清晨和傍晚来这里跑步锻炼。,zh-CN,Wed Feb 25 2026 23:59:33 GMT-0800 (Pacific Standard Time),อนันต์ มาลัย,https://www.google.com/maps/reviews/data=!4m6!14m5!1m4!2m3!1sCi9DQUlRQUNvZENodHljRjlvT2tWSGJHRmlPV1ZwY1VGUlVuTnVWV0pPT1hOV2NVRRAB!2m1!1s0x30e298c24a963271:0xeb50624a78e058d0
ChIJcTKWSsKY4jAR0FjgeEpiUOs,Chaloem Phra Kiat Forest Park,Ci9DQUlRQUNvZENodHljRjlvT25JM1dFUmtkbVZ1ZW1scVptSm9jV2c1ZUZKYU1VRRAB,5.0,我清晨慢跑，跑到桥下的这个公园。那里有一些健身器材，有些看起来很业余。有几个人在公园里慢跑，看起来大部分都是当地人。,zh-CN,Tue Apr 21 2026 07:28:00 GMT-0700 (Pacific Daylight Time),Anthony Mak,https://www.google.com/maps/reviews/data=!4m6!14m5!1m4!2m3!1sCi9DQUlRQUNvZENodHljRjlvT25JM1dFUmtkbVZ1ZW1scVptSm9jV2c1ZUZKYU1VRRAB!2m1!1s0x30e298c24a963271:0xeb50624a78e058d0
ChIJcTKWSsKY4jAR0FjgeEpiUOs,Chaloem Phra Kiat Forest Park,Ci9DQUlRQUNvZENodHljRjlvT21GNFZDMXhPRTR0U210WlZtOUVPRms1UVRJMExXYxAB,5.0,这里是锻炼和放松的好地方。,zh-CN,Sat May 09 2026 08:40:27 GMT-0700 (Pacific Daylight Time),เจยอน ชายนอนนา,https://www.google.com/maps/reviews/data=!4m6!14m5!1m4!2m3!1sCi9DQUlRQUNvZENodHljRjlvT21GNFZDMXhPRTR0U210WlZtOUVPRms1UVRJMExXYxAB!2m1!1s0x30e298c24a963271:0xeb50624a78e058d0
ChIJbZSxHMSY4jARoHjW7iRjv1Y,Saphan Taksin Public Park,ChZDSUhNMG9nS0VJQ0FnSUNQNGNXckN3EAE,5.0,沙吞路，金融中心，很重要，以前是富商捐的,zh,Mon Nov 25 2024 00:16:54 GMT-0800 (Pacific Standard Time),吳文,https://www.google.com/maps/reviews/data=!4m6!14m5!1m4!2m3!1sChZDSUhNMG9nS0VJQ0FnSUNQNGNXckN3EAE!2m1!1s0x30e298c41cb1946d:0x56bf6324eed678a0
ChIJbZSxHMSY4jARoHjW7iRjv1Y,Saphan Taksin Public Park,ChdDSUhNMG9nS0VJQ0FnSUQzdGJTa2tBRRAB,4.0,政府大楼前有一个小公园，河边就是船只停靠的码头。码头前有两段楼梯可以过河。上午晚些时候，政府大楼会开放大门，人们可以在花园里悠闲地散步或慢跑。公园很干净，但需要稍加维护。火车站和售票处就在公园入口右侧的楼梯上去。楼梯底部灌木丛里住着两只小猫，它们总是很饿（会从7-11便利店叼来猫粮）。,zh-CN,Fri Jan 24 2025 00:03:20 GMT-0800 (Pacific Standard Time),Arkk Smith,https://www.google.com/maps/reviews/data=!4m6!14m5!1m4!2m3!1sChdDSUhNMG9nS0VJQ0FnSUQzdGJTa2tBRRAB!2m1!1s0x30e298c41cb1946d:0x56bf6324eed678a0
ChIJbZSxHMSY4jARoHjW7iRjv1Y,Saphan Taksin Public Park,ChZDSUhNMG9nS0VJQ0FnSUR0ODR1NUlnEAE,1.0,*如图所示，请解决以下问题。该区域有很多学校。 （如果您看到这些改进，我将删除此评论。） 1）灌木丛太高，为学生提供了藏身之处和隐私空间。 我多次看到学生情侣举止亲密， 甚至穿着校服就有肢体接触。 2）一群青少年坐在灌木丛后， 躲藏起来进行不当活动。 3）花园周围，靠近围栏的地方，有团伙 坐着、站着，抽着香烟、电子烟， 以及其他毒品。请您亲自去看看。 4）花园里到处都是垃圾和杂物。 关于问题1）、2）和3）， 我希望看到更多重视 该区域的安全保障。 不应该有任何隐蔽的地方让青少年进行不当活动。 我恳请校方管理人员解决这些问题。如果您负责管理和维护这座花园， 请将此信息转发到另一个地点， 即达信桥下。 （如果您看到这些更改，我将删除此评论。）,zh-CN,Tue Feb 06 2024 16:11:05 GMT-0800 (Pacific Standard Time),Twelve TC,https://www.google.com/maps/reviews/data=!4m6!14m5!1m4!2m3!1sChZDSUhNMG9nS0VJQ0FnSUR0ODR1NUlnEAE!2m1!1s0x30e298c41cb1946d:0x56bf6324eed678a0
ChIJbZSxHMSY4jARoHjW7iRjv1Y,Saphan Taksin Public Park,ChZDSUhNMG9nS0VJQ0FnSUNYMGNXWEdREAE,5.0,สวนสาธารณะขนาดเล็กอยู่ด้านล่างสถานีรถไฟฟ้า BTS เหมาะกับการออกกำลังกายแบบเบาๆ,th,Thu Oct 17 2024 10:11:22 GMT-0700 (Pacific Daylight Time),vichayut sawet,https://www.google.com/maps/reviews/data=!4m6!14m5!1m4!2m3!1sChZDSUhNMG9nS0VJQ0FnSUNYMGNXWEdREAE!2m1!1s0x30e298c41cb1946d:0x56bf6324eed678a0
ChIJbZSxHMSY4jARoHjW7iRjv1Y,Saphan Taksin Public Park,Ci9DQUlRQUNvZENodHljRjlvT2w5WGFTMWtNVGQwU25KemJXUTVhQzFoVkhwelRuYxAB,5.0,曼谷市中心河畔静谧休憩之所 沙潘塔克辛公园 (Saphan Taksin Park) 是曼谷的一处隐秘瑰宝，尽管地处繁华都市中心，却以其宁静祥和的氛围令人惊喜。公园毗邻沙潘塔克辛轻轨站 (Saphan Taksin BTS Station)，俯瞰湄南河，为您提供了一处令人心旷神怡的休憩之所，让您放慢脚步，呼吸新鲜空气，以更静谧的视角欣赏这座城市。与曼谷一些大型公园相比，它面积虽小，却以其独特的魅力和宁静弥补了面积上的不足。 河畔步道是公园的亮点，您可以欣赏到船只在水面上缓缓滑行、夕阳映照在附近建筑上的美景，以及曼谷河流生活的韵律。无论您是在清晨还是在傍晚的黄金时段前来，这里的景色都令人心旷神怡，美不胜收。公园干净整洁，维护良好，是散步、轻度运动、摄影或只是坐在长椅上静静欣赏人来人往的理想场所。 由于人不多，这里环境宁静安全。对于需要片刻静谧的独行旅客、悠闲漫步的情侣，或是任何想要亲近自然却又不想离开市中心的人来说，这里都是绝佳之选。毗邻轻轨和渡轮码头，交通也十分便利。 总而言之，萨潘塔克辛公园或许并非热门旅游景点，但它却能提供同样珍贵的体验：一处静谧优美的世外桃源，让您以最简单、最放松的方式领略曼谷河畔的迷人风光。,zh-CN,Tue Nov 18 2025 23:08:33 GMT-0800 (Pacific Standard Time),Anirudh Naik,https://www.google.com/maps/reviews/data=!4m6!14m5!1m4!2m3!1sCi9DQUlRQUNvZENodHljRjlvT2w5WGFTMWtNVGQwU25KemJXUTVhQzFoVkhwelRuYxAB!2m1!1s0x30e298c41cb1946d:0x56bf6324eed678a0
ChIJBzomXx2Z4jARULuYblBhabw,Chaloem Phra Kiat Forest Park,Ci9DQUlRQUNvZENodHljRjlvT2pCR1FsQlBTR1pVV21OcGNIQmFTVll3VjJSdlJrRRAB,5.0,虽然人很多，但并不拥挤。我很喜欢看船、帕佛塔约法桥和日落。,zh-CN,Thu Apr 09 2026 00:56:00 GMT-0700 (Pacific Daylight Time),Paphada Panya-in,https://www.google.com/maps/reviews/data=!4m6!14m5!1m4!2m3!1sCi9DQUlRQUNvZENodHljRjlvT2pCR1FsQlBTR1pVV21OcGNIQmFTVll3VjJSdlJrRRAB!2m1!1s0x30e2991d5f263a07:0xbc6961506e98bb50
ChIJBzomXx2Z4jARULuYblBhabw,Chaloem Phra Kiat Forest Park,ChZDSUhNMG9nS0VQM2doNm5NM0oyNlRREAE,4.0,虽然只是桥下的一个小公园，但活动项目却很丰富。这里有跑道、篮球场、五人制足球场、藤球场、排球场和一些健身器材。树荫很多，是炎炎夏日放松身心的好去处。还有洗手间。,zh-CN,Sun May 25 2025 21:50:22 GMT-0700 (Pacific Daylight Time),stephen davis,https://www.google.com/maps/reviews/data=!4m6!14m5!1m4!2m3!1sChZDSUhNMG9nS0VQM2doNm5NM0oyNlRREAE!2m1!1s0x30e2991d5f263a07:0xbc6961506e98bb50
ChIJBzomXx2Z4jARULuYblBhabw,Chaloem Phra Kiat Forest Park,ChdDSUhNMG9nS0VJQ0FnSURKbXVHbjBnRRAB,5.0,“没什么好看的！”司机说。正合我意。这是一个迷人的高架桥下公园，里面有篮球场和排球场。沿着湄南河散步或坐坐，是个不错的去处。对面还有一家很棒的海南鸡饭店。,zh-CN,Fri Jul 14 2023 22:16:21 GMT-0700 (Pacific Daylight Time),Christopher burnell,https://www.google.com/maps/reviews/data=!4m6!14m5!1m4!2m3!1sChdDSUhNMG9nS0VJQ0FnSURKbXVHbjBnRRAB!2m1!1s0x30e2991d5f263a07:0xbc6961506e98bb50
ChIJBzomXx2Z4jARULuYblBhabw,Chaloem Phra Kiat Forest Park,ChdDSUhNMG9nS0VJQ0FnSUNnX0tIS2pBRRAB,5.0,ตอนนี้ในโซนสวนป่า มีปรับปรุงพื้นที่ใหม่เรียบร้อยแล้ว ทางเดินเรียบ ไม่ขรุขระ ไม่สะดุด แล้วค่าาา ทาสีพื้นสดใสชัดเจนด้วยค่ะ ........ถ้ามาช่วงก่อนเย็น โซนนี้จะเงียบสงบ ร่มรื่น คนน้อยมาก จะมานั่งรับลม ชมนกชมไม้ ดูกระรอกวิ่ง หรือนั่งเล่น ..ก็ดีนาา ****แต่ถ้าโชคดี!!!บางทีมีน้องหมาบ้าน เค้ามาเดินเล่นเองด้วยแหละ พอเดินจนพอใจก็เดินกลับบ้านของนางเอง ...น่ารักมากๆ ที่เห็นบ่อยๆมีน้องโกลเด้น กับน้องหมาสีขาวเดินแบบตุปั๊ตตุเป๋ แต่ก็เป็นมิตร น่าเอ็นดูทีเดียว🐕😺 น้องหมาน้องแมวที่สวนป่านี้ก็ไม่ยุ่ง หรือทำร้ายใครด้วยนะ ดีม๊วกๆๆๆๆๆๆเลย เราจะชอบมาช่วงเวลานี้มาก...มันเงียบดี พาน้องหมามาวิ่งเล่นออกกำลังกาย มาเหยียบดิน เหยียบหญ้า ตัวเราเองก็ได้มาเดินดูต้นไม้ ชมบรรยากาศธรรมชาติ มองอะไรสีเขียวๆให้สบายตา สบายใจค่ะ😊😊😊 ส่วนช่วงเย็นก็จะครึกครื้น มีผู้คนมาออกกำลังกาย มาพักผ่อนหย่อนใจ หรือพาลูกหลาน น้องหมาแมวมาเดินเล่นกัน🏃🏀💪 ต้องขอขอบคุณพี่ๆเจ้าหน้าที่ที่ดูแลรับผิดชอบพื้นที่แห่งนี้ด้วยนะคะ ที่ใส่ใจดูแล ถือว่าดีเลยค่ะ ที่สำคัญใจดี เมตตาให้น้องหมาน้องแมว เข้ามาเดินเล่นได้ด้วยค่ะ ด้านหน้าสวนจะมีที่จอดมอไซค์ค่ะ แต่รถยนต์ต้องหาจอดตามข้างทางค่ะ |||||||||||||||||||||||||||||||||🌲🌲🌲||||||||||||||||||||||||||||||||,th,Wed Nov 03 2021 06:30:08 GMT-0700 (Pacific Daylight Time),TH.tangmo ร่อน,https://www.google.com/maps/reviews/data=!4m6!14m5!1m4!2m3!1sChdDSUhNMG9nS0VJQ0FnSUNnX0tIS2pBRRAB!2m1!1s0x30e2991d5f263a07:0xbc6961506e98bb50
ChIJBzomXx2Z4jARULuYblBhabw,Chaloem Phra Kiat Forest Park,Ci9DQUlRQUNvZENodHljRjlvT2kwMGVtSkJTREJPVEdKeVQwMVNSRUUzWTJKWVJWRRAB,5.0,绿树成荫的城市花园，设有充足的座位区，靠近水滨，交通便利。,zh-CN,Wed Aug 06 2025 06:59:03 GMT-0700 (Pacific Daylight Time),Yani Nantha,https://www.google.com/maps/reviews/data=!4m6!14m5!1m4!2m3!1sCi9DQUlRQUNvZENodHljRjlvT2kwMGVtSkJTREJPVEdKeVQwMVNSRUUzWTJKWVJWRRAB!2m1!1s0x30e2991d5f263a07:0xbc6961506e98bb50
ChIJgQTA_VOY4jARnAu5_Wzdp2E,Bangkok Yai Park,Ci9DQUlRQUNvZENodHljRjlvT2sxSlR6RldXbkprTldkUk0zTlhXa3ROY2pKQ1dGRRAB,5.0,离火车站很近，但非常安静。真是个坐下来放松片刻的好地方。这里有洗手间、长椅，还能听到鸟儿的鸣叫声。感谢你们保持这里的清洁、绿化和清新。,zh-CN,Sat Feb 07 2026 21:48:27 GMT-0800 (Pacific Standard Time),Jack the ripper hahaha,https://www.google.com/maps/reviews/data=!4m6!14m5!1m4!2m3!1sCi9DQUlRQUNvZENodHljRjlvT2sxSlR6RldXbkprTldkUk0zTlhXa3ROY2pKQ1dGRRAB!2m1!1s0x30e29853fdc00481:0x61a7dd6cfdb90b9c
ChIJgQTA_VOY4jARnAu5_Wzdp2E,Bangkok Yai Park,ChdDSUhNMG9nS0VJQ0FnTUNveWVpbnRnRRAB,5.0,这个僻静的小区域位于地铁蓝线出口附近的一条小巷里。 这里有一座漂亮的凉亭和一排排象形灯笼。它有两个入口/出口，分别位于Charansanitwong路和Phetkasem路。,zh-CN,Thu Apr 17 2025 19:12:56 GMT-0700 (Pacific Daylight Time),Kongkrub,https://www.google.com/maps/reviews/data=!4m6!14m5!1m4!2m3!1sChdDSUhNMG9nS0VJQ0FnTUNveWVpbnRnRRAB!2m1!1s0x30e29853fdc00481:0x61a7dd6cfdb90b9c
ChIJgQTA_VOY4jARnAu5_Wzdp2E,Bangkok Yai Park,Ci9DQUlRQUNvZENodHljRjlvT25oa1NsRk1WalJQTTJ0aVYyWlpVblo1YkhKcFEwRRAB,3.0,这是一个隐蔽的小花园，入口很窄。独自一人走进去会很吓人。过十字路口时，你必须查看后视镜，看看对面有没有车，而且因为不确定对面是否有摩托车，你还得大声喊“有人在走路”。如果有摩托车，你必须先按喇叭示意。如果这个问题能得到解决就太好了。,zh-CN,Tue Aug 05 2025 01:41:50 GMT-0700 (Pacific Daylight Time),Sektinut S,https://www.google.com/maps/reviews/data=!4m6!14m5!1m4!2m3!1sCi9DQUlRQUNvZENodHljRjlvT25oa1NsRk1WalJQTTJ0aVYyWlpVblo1YkhKcFEwRRAB!2m1!1s0x30e29853fdc00481:0x61a7dd6cfdb90b9c
ChIJgQTA_VOY4jARnAu5_Wzdp2E,Bangkok Yai Park,Ci9DQUlRQUNvZENodHljRjlvT2xsVlNFOVJhRUZzWVdoUVZqSmFSbGhqWkVKU2NFRRAB,5.0,这个公园位于一条僻静小巷深处，空气清新，污染低，是锻炼的好去处。公园全长约500米，您可以绕着它慢跑一圈。这里有个儿童游乐场，您还会看到一些女士和老年妇女在跳舞。到了晚上，公园的灯光璀璨，营造出轻松惬意的氛围，是放松身心的理想场所。,zh-CN,Thu May 07 2026 19:42:18 GMT-0700 (Pacific Daylight Time),m m,https://www.google.com/maps/reviews/data=!4m6!14m5!1m4!2m3!1sCi9DQUlRQUNvZENodHljRjlvT2xsVlNFOVJhRUZzWVdoUVZqSmFSbGhqWkVKU2NFRRAB!2m1!1s0x30e29853fdc00481:0x61a7dd6cfdb90b9c
ChIJgQTA_VOY4jARnAu5_Wzdp2E,Bangkok Yai Park,ChZDSUhNMG9nS0VJQ0FnSUMwdnBEVE5BEAE,4.0,这个小型社区公园有很多游乐设施，而且都很新。跑道也很不错。他们甚至早上还开设健美操课程。,zh-CN,Sat Sep 28 2019 01:16:01 GMT-0700 (Pacific Daylight Time),พิษญา โขงคํา,https://www.google.com/maps/reviews/data=!4m6!14m5!1m4!2m3!1sChZDSUhNMG9nS0VJQ0FnSUMwdnBEVE5BEAE!2m1!1s0x30e29853fdc00481:0x61a7dd6cfdb90b9c
ChIJO13ugBeZ4jARZX-_q1Suc5c,ลานอเนกประสงค์ใต้สะพานพระราม 8,Ci9DQUlRQUNvZENodHljRjlvT201QllWSjJOMjR6TFhselVVMXdXRXRsTUdSQ0xXYxAB,5.0,跑步活动的场地很棒。交通便利，风景优美，跑步体验舒适，停车也很方便。我参加了泰国健康促进基金会（ThaiHPF）的跑步活动，一切都很完美。一边跑步一边欣赏日出，感觉无比充实。,zh-CN,Tue Feb 17 2026 21:46:06 GMT-0800 (Pacific Standard Time),JappyDucky,https://www.google.com/maps/reviews/data=!4m6!14m5!1m4!2m3!1sCi9DQUlRQUNvZENodHljRjlvT201QllWSjJOMjR6TFhselVVMXdXRXRsTUdSQ0xXYxAB!2m1!1s0x30e2991780ee5d3b:0x9773ae54abbf7f65
ChIJO13ugBeZ4jARZX-_q1Suc5c,ลานอเนกประสงค์ใต้สะพานพระราม 8,Ci9DQUlRQUNvZENodHljRjlvT25CRFVWOVNaMWMzVWxGVlMybERjVVJCTXpWelRIYxAB,5.0,2025年10月12日星期日，参加邦帕特城市跑吧！这是一场免费跑步活动，起点位于拉玛八世桥下的一家商店，终点位于拉玛八世桥上。虽然免费，但预计将有超过1000名跑者参加。,zh-CN,Sat Oct 11 2025 14:17:23 GMT-0700 (Pacific Daylight Time),Paul,https://www.google.com/maps/reviews/data=!4m6!14m5!1m4!2m3!1sCi9DQUlRQUNvZENodHljRjlvT25CRFVWOVNaMWMzVWxGVlMybERjVVJCTXpWelRIYxAB!2m1!1s0x30e2991780ee5d3b:0x9773ae54abbf7f65
ChIJO13ugBeZ4jARZX-_q1Suc5c,ลานอเนกประสงค์ใต้สะพานพระราม 8,Ci9DQUlRQUNvZENodHljRjlvT2w5Q2IwTldNazVyZUd4Q1pUQjBXRlpJT0c1S05YYxAB,5.0,洗手间很干净，有健身器材，还有一只猫。,zh-CN,Thu Mar 19 2026 01:38:33 GMT-0700 (Pacific Daylight Time),ปีเตอร์,https://www.google.com/maps/reviews/data=!4m6!14m5!1m4!2m3!1sCi9DQUlRQUNvZENodHljRjlvT2w5Q2IwTldNazVyZUd4Q1pUQjBXRlpJT0c1S05YYxAB!2m1!1s0x30e2991780ee5d3b:0x9773ae54abbf7f65
ChIJO13ugBeZ4jARZX-_q1Suc5c,ลานอเนกประสงค์ใต้สะพานพระราม 8,Ci9DQUlRQUNvZENodHljRjlvT21JMWFFZzBTRUYyVFVZMlUxWXROMEZPVGtRelYxRRAB,5.0,我将于1月18日星期日晚上6点15分至7点40分参加慈善舞蹈活动。,zh-CN,Wed Feb 04 2026 20:01:33 GMT-0800 (Pacific Standard Time),ปัณฑิตา ฝันกระโทก,https://www.google.com/maps/reviews/data=!4m6!14m5!1m4!2m3!1sCi9DQUlRQUNvZENodHljRjlvT21JMWFFZzBTRUYyVFVZMlUxWXROMEZPVGtRelYxRRAB!2m1!1s0x30e2991780ee5d3b:0x9773ae54abbf7f65
ChIJO13ugBeZ4jARZX-_q1Suc5c,ลานอเนกประสงค์ใต้สะพานพระราม 8,Ci9DQUlRQUNvZENodHljRjlvT2tKeVgxOVdXVzFXU1d4TGVuZ3hTV0ZNUVZkWGJHYxAB,5.0,傍晚时分，坐在水边是个绝佳的去处。,zh-CN,Sun Jun 07 2026 08:14:38 GMT-0700 (Pacific Daylight Time),Dmitrii Di,https://www.google.com/maps/reviews/data=!4m6!14m5!1m4!2m3!1sCi9DQUlRQUNvZENodHljRjlvT2tKeVgxOVdXVzFXU1d4TGVuZ3hTV0ZNUVZkWGJHYxAB!2m1!1s0x30e2991780ee5d3b:0x9773ae54abbf7f65
ChIJ144wX7ee4jARIDsLPbMAAQ8,Santiphap Park,ChdDSUhNMG9nS0VMSDY1LXo3ajRHY3JRRRAB,5.0,酒店出来斜对门有一家长条状城市公园 免费进 绿意盎然的 很安静 那么热的天气人走到树荫下能感受到一阵凉意 很舒服 不少本地人在里面安静的摆烂 公园头还有蜥蜴出没 不怕人也不得吃人 很温顺 遇到不打扰就好 鸽子满地都是也不怕人 也不晓得蜥蜴得不得吃它们,zh,Tue May 06 2025 00:12:52 GMT-0700 (Pacific Daylight Time),Z Z,https://www.google.com/maps/reviews/data=!4m6!14m5!1m4!2m3!1sChdDSUhNMG9nS0VMSDY1LXo3ajRHY3JRRRAB!2m1!1s0x30e29eb75f308ed7:0xf0100b33d0b3b20
ChIJ144wX7ee4jARIDsLPbMAAQ8,Santiphap Park,ChdDSUhNMG9nS0VJQ0FnSUQ5bGZ2amtBRRAB,5.0,"在闹市中难得的一片绿地,而且有湖有植物有大树，很阴凉。动物们都特别亲人。特别值得推荐在路过这里时，偶尔休息的一个休闲的地方。",zh,Tue Mar 19 2024 03:22:32 GMT-0700 (Pacific Daylight Time),王小粒（Li）,https://www.google.com/maps/reviews/data=!4m6!14m5!1m4!2m3!1sChdDSUhNMG9nS0VJQ0FnSUQ5bGZ2amtBRRAB!2m1!1s0x30e29eb75f308ed7:0xf0100b33d0b3b20
ChIJ144wX7ee4jARIDsLPbMAAQ8,Santiphap Park,ChdDSUhNMG9nS0VJQ0FnSURRdDRfVThBRRAB,4.0,很小，但管理和修剪得很好！在附近没什么绿地，在这么繁忙的地方有一个这样的公园，真的是方便了住在这附近人跑步和做运动！,zh,Wed Jul 26 2017 11:51:37 GMT-0700 (Pacific Daylight Time),Jessica Woods,https://www.google.com/maps/reviews/data=!4m6!14m5!1m4!2m3!1sChdDSUhNMG9nS0VJQ0FnSURRdDRfVThBRRAB!2m1!1s0x30e29eb75f308ed7:0xf0100b33d0b3b20
ChIJ144wX7ee4jARIDsLPbMAAQ8,Santiphap Park,ChZDSUhNMG9nS0VJQ0FnSUNNNGYzUFFREAE,5.0,一块绿地，适合散步，有个池塘，还有一个儿童滑梯，植物很美丽,zh,Sat Nov 23 2019 00:08:07 GMT-0800 (Pacific Standard Time),xiang song,https://www.google.com/maps/reviews/data=!4m6!14m5!1m4!2m3!1sChZDSUhNMG9nS0VJQ0FnSUNNNGYzUFFREAE!2m1!1s0x30e29eb75f308ed7:0xf0100b33d0b3b20
ChIJ144wX7ee4jARIDsLPbMAAQ8,Santiphap Park,ChdDSUhNMG9nS0VJQ0FnSURnamR1aHBRRRAB,5.0,位置很好，距离BTS三百米，胜利纪念碑三百米，King Power免税店一百米，公园门口四个酒店，非常方便 环境很好，公园里面有两个池塘，都养了很多鱼，其中一个有喷泉，还有很多鸽子，附近的草坪经常有人野餐或者睡觉，很干净 适合运动，公园内有750米的跑到，适合慢跑，下午5点到晚上9点有很多人跑步，另外6点开始有免费健身操，上百人参加，很壮观,zh,Fri Oct 06 2017 19:27:16 GMT-0700 (Pacific Daylight Time),MING D,https://www.google.com/maps/reviews/data=!4m6!14m5!1m4!2m3!1sChdDSUhNMG9nS0VJQ0FnSURnamR1aHBRRRAB!2m1!1s0x30e29eb75f308ed7:0xf0100b33d0b3b20
ChIJv7S_pHyZ4jARNtHVl4ksWh4,สวนพัฒน์ 1 อุรุพงษ์,ChdDSUhNMG9nS0VJQ0FnTUNnOS11SnVBRRAB,5.0,灯光不是很亮，但总体来说还不错。,zh-CN,Fri Feb 21 2025 06:17:15 GMT-0800 (Pacific Standard Time),MC king StudiO,https://www.google.com/maps/reviews/data=!4m6!14m5!1m4!2m3!1sChdDSUhNMG9nS0VJQ0FnTUNnOS11SnVBRRAB!2m1!1s0x30e2997ca4bfb4bf:0x1e5a2c8997d5d136
ChIJv7S_pHyZ4jARNtHVl4ksWh4,สวนพัฒน์ 1 อุรุพงษ์,ChdDSUhNMG9nS0VJQ0FnSUM5MFB5ZnFBRRAB,5.0,标志性,zh-CN,Thu Feb 29 2024 04:27:57 GMT-0800 (Pacific Standard Time),Dominik R C,https://www.google.com/maps/reviews/data=!4m6!14m5!1m4!2m3!1sChdDSUhNMG9nS0VJQ0FnSUM5MFB5ZnFBRRAB!2m1!1s0x30e2997ca4bfb4bf:0x1e5a2c8997d5d136
ChIJv7S_pHyZ4jARNtHVl4ksWh4,สวนพัฒน์ 1 อุรุพงษ์,ChdDSUhNMG9nS0VJQ0FnSURKdGZmcC1RRRAB,5.0,体育场,zh-CN,Fri Jul 21 2023 07:24:30 GMT-0700 (Pacific Daylight Time),ดวงเพชร เพียตุ,https://www.google.com/maps/reviews/data=!4m6!14m5!1m4!2m3!1sChdDSUhNMG9nS0VJQ0FnSURKdGZmcC1RRRAB!2m1!1s0x30e2997ca4bfb4bf:0x1e5a2c8997d5d136
ChIJv7S_pHyZ4jARNtHVl4ksWh4,สวนพัฒน์ 1 อุรุพงษ์,Ci9DQUlRQUNvZENodHljRjlvT25CcGNWaDVPVTkzU0daYVpFMWpka0ZYZVRSVmRsRRAB,5.0,,,Fri Mar 13 2026 19:26:07 GMT-0700 (Pacific Daylight Time),Sam (US),https://www.google.com/maps/reviews/data=!4m6!14m5!1m4!2m3!1sCi9DQUlRQUNvZENodHljRjlvT25CcGNWaDVPVTkzU0daYVpFMWpka0ZYZVRSVmRsRRAB!2m1!1s0x30e2997ca4bfb4bf:0x1e5a2c8997d5d136
ChIJv7S_pHyZ4jARNtHVl4ksWh4,สวนพัฒน์ 1 อุรุพงษ์,Ci9DQUlRQUNvZENodHljRjlvT2s1bVRrSjVSVkZ6YTBGMmIwVm1NamxFTVRaRFlrRRAB,4.0,,,Wed Feb 04 2026 01:00:58 GMT-0800 (Pacific Standard Time),Kbxing,https://www.google.com/maps/reviews/data=!4m6!14m5!1m4!2m3!1sCi9DQUlRQUNvZENodHljRjlvT2s1bVRrSjVSVkZ6YTBGMmIwVm1NamxFTVRaRFlrRRAB!2m1!1s0x30e2997ca4bfb4bf:0x1e5a2c8997d5d136
ChIJY9JLEQmZ4jARZik3QjWYkss,สวนสาธารณะคลองช่องนนทรี (เฟส 2),Ci9DQUlRQUNvZENodHljRjlvT21WMlRrSk5PUzFZVW0wM1ZXaFVVWGsyYnpGUFkxRRAB,5.0,从桥上可以欣赏到玛哈纳空大厦的美丽景色。周围绿树成荫，景色宜人。 非常值得一游！,zh-CN,Fri Jul 31 2026 16:25:25 GMT-0700 (Pacific Daylight Time),Marco Bonin,https://www.google.com/maps/reviews/data=!4m6!14m5!1m4!2m3!1sCi9DQUlRQUNvZENodHljRjlvT21WMlRrSk5PUzFZVW0wM1ZXaFVVWGsyYnpGUFkxRRAB!2m1!1s0x30e29909114bd263:0xcb92983542372966
ChIJY9JLEQmZ4jARZik3QjWYkss,สวนสาธารณะคลองช่องนนทรี (เฟส 2),Ci9DQUlRQUNvZENodHljRjlvT205cldYQlVOWHBmWmt4UVVtcFJiVkI2YjFWUWRIYxAB,5.0,I appreciate the design of this cozy park which made good use of the river side land. Jogging around the park in the early morning was really good. Yet the unpleasant smell from the river made it quite an uncomfortable experience to visit during mid-day.,en,Sun Jun 21 2026 16:59:56 GMT-0700 (Pacific Daylight Time),Anthony Mak,https://www.google.com/maps/reviews/data=!4m6!14m5!1m4!2m3!1sCi9DQUlRQUNvZENodHljRjlvT205cldYQlVOWHBmWmt4UVVtcFJiVkI2YjFWUWRIYxAB!2m1!1s0x30e29909114bd263:0xcb92983542372966
ChIJY9JLEQmZ4jARZik3QjWYkss,สวนสาธารณะคลองช่องนนทรี (เฟส 2),Ci9DQUlRQUNvZENodHljRjlvT21aVU5uTlVOVXBRUW1KdlpsOW1MVGgyYkVaYWFHYxAB,4.0,这个小花园很特别，但不如第一个花园漂亮。花园里几乎没有树荫。,zh-CN,Tue Aug 05 2025 07:30:34 GMT-0700 (Pacific Daylight Time),Wan Jai,https://www.google.com/maps/reviews/data=!4m6!14m5!1m4!2m3!1sCi9DQUlRQUNvZENodHljRjlvT21aVU5uTlVOVXBRUW1KdlpsOW1MVGgyYkVaYWFHYxAB!2m1!1s0x30e29909114bd263:0xcb92983542372966
ChIJY9JLEQmZ4jARZik3QjWYkss,สวนสาธารณะคลองช่องนนทรี (เฟส 2),ChZDSUhNMG9nS0VJQ0FnSUMzbGFYeVpBEAE,5.0,"我钟意渠, 渠系一条桥过运河同过一条绿色道路。 你可以沿住条路行",zh-CN,Thu Nov 07 2024 08:24:13 GMT-0800 (Pacific Standard Time),Jane Luna7,https://www.google.com/maps/reviews/data=!4m6!14m5!1m4!2m3!1sChZDSUhNMG9nS0VJQ0FnSUMzbGFYeVpBEAE!2m1!1s0x30e29909114bd263:0xcb92983542372966
ChIJY9JLEQmZ4jARZik3QjWYkss,สวนสาธารณะคลองช่องนนทรี (เฟส 2),ChZDSUhNMG9nS0VJQ0FnSUNIc3RYZFdREAE,4.0,这个设计不如第一条运河好，也缺乏氛围。也许随着植被生长，情况会有所改善。,zh-CN,Tue Sep 03 2024 03:21:48 GMT-0700 (Pacific Daylight Time),PD,https://www.google.com/maps/reviews/data=!4m6!14m5!1m4!2m3!1sChZDSUhNMG9nS0VJQ0FnSUNIc3RYZFdREAE!2m1!1s0x30e29909114bd263:0xcb92983542372966
ChIJ-WOptA2Z4jARRFoeZFcz_Gk,皇家田广场,Ci9DQUlRQUNvZENodHljRjlvT2xkS1EyY3liR1pHYjNkQ2VGOXBWSEo2TUhKQ2FtYxAB,4.0,"At year 2002, place use to be a empty Sandy ground. I was having great fun here during Songkran day. During evening there was a live concert performance. Lot of street food. No violence water splashing, only gentle play using body powder & tiny cup water, traditional ways. Photo was taken year 2002 late noon Songkran. Near by attraction including Wat Pho, Wat Arun & Emerald buddah temple Wat Pha Kaew. 2002年当年这里还是个空阔的沙地。我在这里过了一个难忘的泰国泼水节新年。 当晚有乐队现场表演。还有好多大排档。没有强暴的泼水。只有用少量的爽身粉之类和小杯水。传统的泼水节。 照片是2002年泼水节旁晚拍下来的。 附近景点有睡佛寺（Wat Pho），阿伦寺（Wat Arun）和绿玉佛寺（Wat Pha Kaew）。",zh,Mon Dec 15 2025 19:38:29 GMT-0800 (Pacific Standard Time),AdamCEI,https://www.google.com/maps/reviews/data=!4m6!14m5!1m4!2m3!1sCi9DQUlRQUNvZENodHljRjlvT2xkS1EyY3liR1pHYjNkQ2VGOXBWSEo2TUhKQ2FtYxAB!2m1!1s0x30e2990db4a963f9:0x69fc3357641e5a44
ChIJ-WOptA2Z4jARRFoeZFcz_Gk,皇家田广场,ChdDSUhNMG9nS0VJQ0FnTUNvc19DcG53RRAB,5.0,Good！泼水节很热闹的活动场地。,zh,Sat Apr 19 2025 11:25:32 GMT-0700 (Pacific Daylight Time),Eat with Catt阿猫爱吃余,https://www.google.com/maps/reviews/data=!4m6!14m5!1m4!2m3!1sChdDSUhNMG9nS0VJQ0FnTUNvc19DcG53RRAB!2m1!1s0x30e2990db4a963f9:0x69fc3357641e5a44
ChIJ-WOptA2Z4jARRFoeZFcz_Gk,皇家田广场,ChZDSUhNMG9nS0VJQ0FnSURFaHRlSUtREAE,5.0,非常幸运地参加了此次活动——十世皇登基大典,zh,Wed Jun 19 2019 04:35:34 GMT-0700 (Pacific Daylight Time),Kaeo Ging,https://www.google.com/maps/reviews/data=!4m6!14m5!1m4!2m3!1sChZDSUhNMG9nS0VJQ0FnSURFaHRlSUtREAE!2m1!1s0x30e2990db4a963f9:0x69fc3357641e5a44
ChIJ-WOptA2Z4jARRFoeZFcz_Gk,皇家田广场,ChZDSUhNMG9nS0VJQ0FnTUNncWFUb0NREAE,5.0,"那一天,是我一生中最美好的一天。在哪，竟然有机缘可以顶礼到来自中国灵光寺佛牙舍利，而且只为期三个月。从 04/12/2024 - 15/02/2025。这也是配合泰国国王哇叽拉隆功72岁寿辰以及2025 泰国和中国建交50周年。除了高兴，赞叹和惊喜，就是说不出的喜悦。里面是不能进去的，除非是出家人。场地很大，天气又热，但是一进去，好像仙境，不热，不烦躁。",zh,Tue Feb 18 2025 07:54:18 GMT-0800 (Pacific Standard Time),William Pua,https://www.google.com/maps/reviews/data=!4m6!14m5!1m4!2m3!1sChZDSUhNMG9nS0VJQ0FnTUNncWFUb0NREAE!2m1!1s0x30e2990db4a963f9:0x69fc3357641e5a44
ChIJ-WOptA2Z4jARRFoeZFcz_Gk,皇家田广场,ChdDSUhNMG9nS0VJQ0FnTUNna2ZEWHNRRRAB,3.0,参拜在曼谷王家田的佛牙舍利，不仅是对于佛教信仰的尊重和虔诚，更是一种心灵的洗礼和精神的寄托，佛牙舍利是整个东南亚地区的重要佛教文化遗产，参拜需要按照规定的礼仪进行参拜，佛牙舍利代表了佛教文化也具有深远的意义，它不仅体现了佛教的智慧和教义，还传承了佛教的历史，可以感受佛教文化的魅力和力量。,zh,Mon Feb 17 2025 20:31:45 GMT-0800 (Pacific Standard Time),H M CHAN,https://www.google.com/maps/reviews/data=!4m6!14m5!1m4!2m3!1sChdDSUhNMG9nS0VJQ0FnTUNna2ZEWHNRRRAB!2m1!1s0x30e2990db4a963f9:0x69fc3357641e5a44
ChIJKds06CuZ4jAREX4LxxCQBbg,朱拉隆功大学百年世纪公园,Ci9DQUlRQUNvZENodHljRjlvT21nMVJFeG5TbGhVWVc5U2VtVlVWMUZqZDJkV05GRRAB,4.0,我是夜晚去的那里，公园整体不大，阶梯式草坪有很多年轻人坐在草坪上面睡觉，聊天，或者弹吉他。整体氛围比较放松。,zh,Mon Jun 01 2026 07:29:20 GMT-0700 (Pacific Daylight Time),ArtistFox,https://www.google.com/maps/reviews/data=!4m6!14m5!1m4!2m3!1sCi9DQUlRQUNvZENodHljRjlvT21nMVJFeG5TbGhVWVc5U2VtVlVWMUZqZDJkV05GRRAB!2m1!1s0x30e2992be834db29:0xb8059010c70b7e11
ChIJKds06CuZ4jAREX4LxxCQBbg,朱拉隆功大学百年世纪公园,ChZDSUhNMG9nS0VJQ0FnSURlNHBpOUxnEAE,4.0,公园在大学区，公园不大，也没什么能玩的，可以散散步跑跑步,zh,Wed Oct 05 2022 20:24:38 GMT-0700 (Pacific Daylight Time),karen young,https://www.google.com/maps/reviews/data=!4m6!14m5!1m4!2m3!1sChZDSUhNMG9nS0VJQ0FnSURlNHBpOUxnEAE!2m1!1s0x30e2992be834db29:0xb8059010c70b7e11
ChIJKds06CuZ4jAREX4LxxCQBbg,朱拉隆功大学百年世纪公园,ChZDSUhNMG9nS0VJQ0FnSURTLXRpZURnEAE,3.0,不是很大！但够跑步用的了。这公园没有打理的太好，有些地方已是杂草丛生了！它的设计是斜坡型的，有一个人工小湖，有一个小孩的玩乐场所，还有些很有特色的水单车，第一次看到！这公园因为就在大学旁边，几乎都是学生再这玩，或锻炼。,zh,Tue Dec 22 2020 09:41:11 GMT-0800 (Pacific Standard Time),Jess戏说国际旅居,https://www.google.com/maps/reviews/data=!4m6!14m5!1m4!2m3!1sChZDSUhNMG9nS0VJQ0FnSURTLXRpZURnEAE!2m1!1s0x30e2992be834db29:0xb8059010c70b7e11
ChIJKds06CuZ4jAREX4LxxCQBbg,朱拉隆功大学百年世纪公园,ChZDSUhNMG9nS0VJQ0FnSURKNGNXdFNnEAE,5.0,曼谷朱拉隆功大学百年世纪公园（Chulalongkorn Centenary Park）位于泰国曼谷朱拉隆功大学商业街区，朱拉隆功大学在成立100周年之际，希望在大学商业区划分一块土地来创建一个新的绿色景观区域，使之成为曼谷人和周围社区居民使用的城市绿洲，提供一个市民度过休闲时光的郁郁葱葱、环境宜人的场所.,zh,Mon Aug 07 2023 09:46:11 GMT-0700 (Pacific Daylight Time),Duffy C,https://www.google.com/maps/reviews/data=!4m6!14m5!1m4!2m3!1sChZDSUhNMG9nS0VJQ0FnSURKNGNXdFNnEAE!2m1!1s0x30e2992be834db29:0xb8059010c70b7e11
ChIJKds06CuZ4jAREX4LxxCQBbg,朱拉隆功大学百年世纪公园,ChdDSUhNMG9nS0VJQ0FnSURZMFA3YjV3RRAB,5.0,是我比较喜欢的曼谷公园了，适合饭后散步，挺大的，还有秋千。,zh,Fri Apr 26 2019 07:40:44 GMT-0700 (Pacific Daylight Time),王玧汐,https://www.google.com/maps/reviews/data=!4m6!14m5!1m4!2m3!1sChdDSUhNMG9nS0VJQ0FnSURZMFA3YjV3RRAB!2m1!1s0x30e2992be834db29:0xb8059010c70b7e11
ChIJ9ZMumAeZ4jAR4BMuyRuPWNc,昭披耶天空公园,ChdDSUhNMG9nS0VJQ0FnSURacFk3bjdRRRAB,5.0,冷门隐藏景点中的精品！绝对值得一来。泰国的设计还是厉害的，将废弃的轨道桥设计成skywalk，而且通过巧思让人们可以方便无障碍的从两个方向都能看到河景，除了晴天可能晒了点之外，没任何其他缺点，强烈推荐。,zh,Tue Jan 02 2024 01:05:41 GMT-0800 (Pacific Standard Time),Oliver Tong,https://www.google.com/maps/reviews/data=!4m6!14m5!1m4!2m3!1sChdDSUhNMG9nS0VJQ0FnSURacFk3bjdRRRAB!2m1!1s0x30e29907982e93f5:0xd7588f1bc92e13e0
ChIJ9ZMumAeZ4jAR4BMuyRuPWNc,昭披耶天空公园,ChdDSUhNMG9nS0VJQ0FnSUM4OTdQMDNRRRAB,5.0,挺独特的地方，公园狭长，像一座桥，横跨昭披耶河。在公园里可以望到两面的江景，以及江边的建筑群落们，感觉不错！,zh,Thu Jul 16 2020 05:18:55 GMT-0700 (Pacific Daylight Time),Liu Tangyuyang,https://www.google.com/maps/reviews/data=!4m6!14m5!1m4!2m3!1sChdDSUhNMG9nS0VJQ0FnSUM4OTdQMDNRRRAB!2m1!1s0x30e29907982e93f5:0xd7588f1bc92e13e0
ChIJ9ZMumAeZ4jAR4BMuyRuPWNc,昭披耶天空公园,Ci9DQUlRQUNvZENodHljRjlvT2pCUmMwaFRjMmRFVUhRemIxTnNjVmwyYVVOU1JtYxAB,5.0,适合晚上散步 比较凉爽 灯光美气氛佳,zh,Mon Mar 16 2026 21:52:01 GMT-0700 (Pacific Daylight Time),K C,https://www.google.com/maps/reviews/data=!4m6!14m5!1m4!2m3!1sCi9DQUlRQUNvZENodHljRjlvT2pCUmMwaFRjMmRFVUhRemIxTnNjVmwyYVVOU1JtYxAB!2m1!1s0x30e29907982e93f5:0xd7588f1bc92e13e0
ChIJ9ZMumAeZ4jAR4BMuyRuPWNc,昭披耶天空公园,Ci9DQUlRQUNvZENodHljRjlvT2sxTFUzUnRTemxKUkRBd1lYRjZiWEF5T1ZGVmVGRRAB,5.0,该空中花园前后都有两个桥。不要从那两个桥过，上不来。要到马路一侧的院子里，有个专门上桥的地方,zh,Sun Dec 14 2025 02:42:39 GMT-0800 (Pacific Standard Time),邱道,https://www.google.com/maps/reviews/data=!4m6!14m5!1m4!2m3!1sCi9DQUlRQUNvZENodHljRjlvT2sxTFUzUnRTemxKUkRBd1lYRjZiWEF5T1ZGVmVGRRAB!2m1!1s0x30e29907982e93f5:0xd7588f1bc92e13e0
ChIJ9ZMumAeZ4jAR4BMuyRuPWNc,昭披耶天空公园,ChdDSUhNMG9nS0VJS1IxdHFMMU9tTXBnRRAB,5.0,记得带上好心情和冰啤酒！,zh,Thu Jun 05 2025 08:08:36 GMT-0700 (Pacific Daylight Time),Niko WANG,https://www.google.com/maps/reviews/data=!4m6!14m5!1m4!2m3!1sChdDSUhNMG9nS0VJS1IxdHFMMU9tTXBnRRAB!2m1!1s0x30e29907982e93f5:0xd7588f1bc92e13e0
ChIJ_0J6BXKZ4jAREKhaPbMAAR0,圣堤差帕甘公园,Ci9DQUlRQUNvZENodHljRjlvT2tWelVTMU5aemMyYVRSWmVrOTBhRjlRWm14eE5XYxAB,5.0,非常适合傍晚时光歇歇脚，也适合亲子活动，打羽球，还可以看落日余晖,zh,Sat May 30 2026 00:38:22 GMT-0700 (Pacific Daylight Time),逸辰（在路上2810）,https://www.google.com/maps/reviews/data=!4m6!14m5!1m4!2m3!1sCi9DQUlRQUNvZENodHljRjlvT2tWelVTMU5aemMyYVRSWmVrOTBhRjlRWm14eE5XYxAB!2m1!1s0x30e29972057a42ff:0x1d0100b33d5aa810
ChIJ_0J6BXKZ4jAREKhaPbMAAR0,圣堤差帕甘公园,Ci9DQUlRQUNvZENodHljRjlvT21wQlMxQjFOMXA0VTJOUWRuSlFkRk5vZUVvMlJWRRAB,5.0,"圣堤差帕甘公园虽然不算是一个比较著名的公园,但个人觉得这个公园打理得很好,而且面对河景,闲暇之余坐在这里发呆观河也是蛮不错的。 同时公园内有一座华丽的泰式亭式建筑，名为圣堤差帕甘宫,一般是用于举行皇家仪式,如与湄南河相关的各种皇家节日(泼水节或水灯节等等)。 公园内有青青绿绿的树木和草坪,景色非常宜人。而且在这里游客可以欣赏到拉玛八世大桥、湄南河和巴苏孟要塞的景色。",zh,Sun Jun 29 2025 09:28:08 GMT-0700 (Pacific Daylight Time),YAP FLY,https://www.google.com/maps/reviews/data=!4m6!14m5!1m4!2m3!1sCi9DQUlRQUNvZENodHljRjlvT21wQlMxQjFOMXA0VTJOUWRuSlFkRk5vZUVvMlJWRRAB!2m1!1s0x30e29972057a42ff:0x1d0100b33d5aa810
ChIJ_0J6BXKZ4jAREKhaPbMAAR0,圣堤差帕甘公园,Ci9DQUlRQUNvZENodHljRjlvT21JMWJ6TjNSa2xoVERsTE1tSk5SekI1ZVdGc2EyYxAB,3.0,路过可以看看拍拍照,zh,Tue Feb 24 2026 01:34:55 GMT-0800 (Pacific Standard Time),Jim Mo (Jim.),https://www.google.com/maps/reviews/data=!4m6!14m5!1m4!2m3!1sCi9DQUlRQUNvZENodHljRjlvT21JMWJ6TjNSa2xoVERsTE1tSk5SekI1ZVdGc2EyYxAB!2m1!1s0x30e29972057a42ff:0x1d0100b33d5aa810
ChIJ_0J6BXKZ4jAREKhaPbMAAR0,圣堤差帕甘公园,ChZDSUhNMG9nS0VJQ0FnSUNoemVfOUVREAE,5.0,位于河岸边的一个公园，休闲的好去处！今天就遇上了演出。,zh,Sun Feb 19 2023 03:04:01 GMT-0800 (Pacific Standard Time),CS TAN,https://www.google.com/maps/reviews/data=!4m6!14m5!1m4!2m3!1sChZDSUhNMG9nS0VJQ0FnSUNoemVfOUVREAE!2m1!1s0x30e29972057a42ff:0x1d0100b33d5aa810
ChIJ_0J6BXKZ4jAREKhaPbMAAR0,圣堤差帕甘公园,ChdDSUhNMG9nS0VJQ0FnSUMtbTVxYV93RRAB,4.0,可以看到对岸的雨,zh,Mon Nov 14 2022 00:32:22 GMT-0800 (Pacific Standard Time),ǐň ū,https://www.google.com/maps/reviews/data=!4m6!14m5!1m4!2m3!1sChdDSUhNMG9nS0VJQ0FnSUMtbTVxYV93RRAB!2m1!1s0x30e29972057a42ff:0x1d0100b33d5aa810
ChIJF1sbjx2Z4jARYDkLPbMAAQ8,王妃母亲纪念公园,Ci9DQUlRQUNvZENodHljRjlvT21aTU1EZzFWRnAxWVZGZmFFeHlVbTlMYW1oeWFXYxAB,5.0,风景优美，绿树成荫。除了参观园内的历史遗迹和博物馆外，您还可以在户外锻炼。公园下午6点关闭。这里有停车场，工作人员非常热情友好，会为您推荐值得一游的好去处。,zh-CN,Thu May 14 2026 22:51:51 GMT-0700 (Pacific Daylight Time),umaporn,https://www.google.com/maps/reviews/data=!4m6!14m5!1m4!2m3!1sCi9DQUlRQUNvZENodHljRjlvT21aTU1EZzFWRnAxWVZGZmFFeHlVbTlMYW1oeWFXYxAB!2m1!1s0x30e2991d8f1b5b17:0xf0100b33d0b3960
ChIJF1sbjx2Z4jARYDkLPbMAAQ8,王妃母亲纪念公园,Ci9DQUlRQUNvZENodHljRjlvT25SalFXRlhOMmhwVm5aR1NuWjBSbU5MUlhGUVoyYxAB,4.0,一个宁静祥和的好去处。我们漫步其中，欣赏美景，聆听鸟鸣。这里是放松身心、休憩的好地方。穿过空中步道公园后，在附近的街道上散步，与当地居民交流，感觉非常惬意。总之，这是一次非常棒的体验。,zh-CN,Sun Mar 29 2026 01:01:18 GMT-0700 (Pacific Daylight Time),Giselle Topper,https://www.google.com/maps/reviews/data=!4m6!14m5!1m4!2m3!1sCi9DQUlRQUNvZENodHljRjlvT25SalFXRlhOMmhwVm5aR1NuWjBSbU5MUlhGUVoyYxAB!2m1!1s0x30e2991d8f1b5b17:0xf0100b33d0b3960
ChIJF1sbjx2Z4jARYDkLPbMAAQ8,王妃母亲纪念公园,Ci9DQUlRQUNvZENodHljRjlvT25OU01ETTBObEk1ZDJNdFRHbFhPV3MxVGxZd1FuYxAB,4.0,口袋花园。非常安静，种植着各种珍稀树木和植物，并附有名称牌。鸟儿鸣叫声各异，有些甚至有些沙哑。没有拥挤的人群。除了工作人员，我只遇到了两三个游客。厕所干净且免费。这里还有一座雕塑和展览，纪念出身平民却最终成为皇室成员的王太后。,zh-CN,Tue Dec 16 2025 00:51:27 GMT-0800 (Pacific Standard Time),Viktor Vijay,https://www.google.com/maps/reviews/data=!4m6!14m5!1m4!2m3!1sCi9DQUlRQUNvZENodHljRjlvT25OU01ETTBObEk1ZDJNdFRHbFhPV3MxVGxZd1FuYxAB!2m1!1s0x30e2991d8f1b5b17:0xf0100b33d0b3960
ChIJF1sbjx2Z4jARYDkLPbMAAQ8,王妃母亲纪念公园,Ci9DQUlRQUNvZENodHljRjlvT2tvNE4wOUNZa2d4YTBsQk1UbE1RbkpXTUUxVllrRRAB,5.0,顾名思义，这里是大比纪念公园。公园内设有一个展览馆，免费向人们展示王太后的生平。虽然它是为纪念王太后而建的公园，位置可能略显偏僻，但它比我在曼谷参观过的任何其他公园都更具地道的泰式风情。尽管园林景观并不繁复，但那些饱经风霜的建筑散发着一种古老而神秘的气息。此外，免费的展览馆令人耳目一新，是休憩放松的好去处。公园里处处皆是拍照的好地方，绝对值得一游。附近的“祖父母故居咖啡馆”和关羽庙也是不错的选择，可以安排在同一行程中游览。,zh-CN,Tue Dec 30 2025 00:27:58 GMT-0800 (Pacific Standard Time),Joseph White,https://www.google.com/maps/reviews/data=!4m6!14m5!1m4!2m3!1sCi9DQUlRQUNvZENodHljRjlvT2tvNE4wOUNZa2d4YTBsQk1UbE1RbkpXTUUxVllrRRAB!2m1!1s0x30e2991d8f1b5b17:0xf0100b33d0b3960
ChIJF1sbjx2Z4jARYDkLPbMAAQ8,王妃母亲纪念公园,Ci9DQUlRQUNvZENodHljRjlvT2tGeFFWWm5kVWxJY1hsYVptWnJkRjh6UmpWZmRYYxAB,4.0,🇹🇭 泰语评论 诗丽纳迦琳公主纪念公园 (Somdej Phra Srinagarindra Boromarajajonani Memorial Park) 绿树环绕，环境清幽宁静，是散步、锻炼或与家人共度美好时光的理想场所。公园拥有优美的景观、整洁的环境，以及温馨而富有意义的氛围，以此缅怀诗丽纳迦琳公主殿下仁慈的统治。这里既能让人放松身心，又具有教育意义。 --- 🇬🇧 英语评论 诗丽纳迦琳公主纪念公园 (Somdej Phra Srinagarindra Boromarajajonani Park) 是一处宁静优美的绿地，是放松身心和进行户外活动的绝佳去处。公园四周绿树环绕，环境清幽，是散步、锻炼或与家人共度美好时光的理想场所。公园景观设计精巧、整洁有序，体现了对公主殿下的深切敬意和缅怀。这是一个将宁静、学习和文化意义和谐地结合在一起的地方。,zh-CN,Thu Dec 18 2025 03:24:34 GMT-0800 (Pacific Standard Time),Jobey Wang,https://www.google.com/maps/reviews/data=!4m6!14m5!1m4!2m3!1sCi9DQUlRQUNvZENodHljRjlvT2tGeFFWWm5kVWxJY1hsYVptWnJkRjh6UmpWZmRYYxAB!2m1!1s0x30e2991d8f1b5b17:0xf0100b33d0b3960
ChIJObgsEg6f4jAR7ZJFYLfFtko,巴吞哇那努拉公园,Ci9DQUlRQUNvZENodHljRjlvT2xCWU1VaFNVMXBXYVRrelZUQkxPV2xuYkZOalNHYxAB,4.0,🌿 在曼谷最繁华的区域中心，隐藏着一片难得的宁静。 它位于巴吞瓦纳努拉克公园 (Pathum Wananurak Park) 内，介于中央世界购物中心 (CentralWorld) 和水门市场 (Pratunam Market) 之间。 虽然这里并非绿意盎然，但在曼谷市中心，它却被誉为一片“稀有”的绿洲。 这座公园于2023年正式开放。 它从一片被忽视的区域，蜕变为一座城市公园，为人们提供远离喧嚣的休憩之所。 这里氛围宁静祥和，非常适合悠闲漫步。公园内设有步行道、树荫遮蔽处以及可供休憩的座椅。 ✨ 最特别的是这里的氛围。 成群的鸟儿飞来🐦，池塘里游弋着许多鱼儿🐟。 而且，这里的人们并不害怕与人接触。 它给人一种非常自然放松的感觉，仿佛与城市之间隔了一层薄纱。 🚶‍♂️ 适合： 散步/轻度运动/放松/小型野餐。 您也可以直接从空中步道穿过，非常方便。 ⚠️ 不过说实话： 树木还不多，所以遮荫效果不太好。 部分草坪干枯泛黄，池塘看起来不太干净，有藻类。 公园后方尚未开放，而且看起来有人居住在那里。您可能会感觉不太安全。 👉 图片： 未来，世界上最美丽的人 如果您想知道如何做到这一点，您可以自己尝试。 ⸻ 🔥 # 关键字 #曼谷购物 #BangkokPark #PathumWananurak Park #PathumWananurakPark #CentralWorld #水门市场 #曼谷绿洲 #BangkokLife #城市绿地 #曼谷散步 #泰国自由行 #ChillSpot #放松日常,zh-CN,Mon Apr 20 2026 03:18:28 GMT-0700 (Pacific Daylight Time),yufu sun,https://www.google.com/maps/reviews/data=!4m6!14m5!1m4!2m3!1sCi9DQUlRQUNvZENodHljRjlvT2xCWU1VaFNVMXBXYVRrelZUQkxPV2xuYkZOalNHYxAB!2m1!1s0x30e29f0e122cb839:0x4ab6c5b7604592ed
ChIJObgsEg6f4jAR7ZJFYLfFtko,巴吞哇那努拉公园,Ci9DQUlRQUNvZENodHljRjlvT2poeU9XWTNZV0pFZWkxSGFIQllUbEpyUlV0NGIxRRAB,4.0,经过数年的期盼，这片区域于2023年正式开放，取代了之前破败的区域，成为喧嚣都市中的一片宁静绿洲。 它毗邻CentralWorld购物中心和Saen Saep运河，从连接Ratchaprasong地区各大购物中心的空中走廊即可轻松抵达。 这里氛围轻松惬意，绿树成荫的小径和幽静的角落，是阅读或远眺城市街景的理想场所。 这里是散步放松的绝佳去处，长椅和维护良好的绿地，让您可以驻足呼吸新鲜空气，远离购物中心的喧嚣和拥挤。,zh-CN,Sat Feb 28 2026 09:49:36 GMT-0800 (Pacific Standard Time),Tibor,https://www.google.com/maps/reviews/data=!4m6!14m5!1m4!2m3!1sCi9DQUlRQUNvZENodHljRjlvT2poeU9XWTNZV0pFZWkxSGFIQllUbEpyUlV0NGIxRRAB!2m1!1s0x30e29f0e122cb839:0x4ab6c5b7604592ed
ChIJObgsEg6f4jAR7ZJFYLfFtko,巴吞哇那努拉公园,Ci9DQUlRQUNvZENodHljRjlvT2t4MGFuRkROVUZFUWs5M1ZGQlNTM1F5TW1OTmMxRRAB,5.0,这是一个非常棒的休憩公园。树荫下和阳光下都有很多座位。我很喜欢连接公园各处的桥梁。虽然它位于市中心，但不知何故，公园里交通噪音被很好地隔绝了，还能听到鸟儿的歌唱。真是个不错的休憩场所。,zh-CN,Thu Jan 29 2026 03:24:59 GMT-0800 (Pacific Standard Time),Alicia Brant,https://www.google.com/maps/reviews/data=!4m6!14m5!1m4!2m3!1sCi9DQUlRQUNvZENodHljRjlvT2t4MGFuRkROVUZFUWs5M1ZGQlNTM1F5TW1OTmMxRRAB!2m1!1s0x30e29f0e122cb839:0x4ab6c5b7604592ed
ChIJObgsEg6f4jAR7ZJFYLfFtko,巴吞哇那努拉公园,Ci9DQUlRQUNvZENodHljRjlvT2xGSlVsZGtlazQwTlZsUVpra3dTRmhvYldZeVdtYxAB,3.0,公园景色优美，地理位置优越，毗邻市中心的CentralWorld购物中心（CTW）。这里适合锻炼、散步和野餐，但树木不够茂盛，遮荫效果欠佳，而且维护状况似乎也欠佳。草坪泛黄，池塘看起来脏兮兮的，藻类丛生。公园后院似乎有建筑工人居住，让人感觉不太安全（后花园目前尚未对外开放）。,zh-CN,Tue Jan 13 2026 05:35:19 GMT-0800 (Pacific Standard Time),Alisa Chobisara,https://www.google.com/maps/reviews/data=!4m6!14m5!1m4!2m3!1sCi9DQUlRQUNvZENodHljRjlvT2xGSlVsZGtlazQwTlZsUVpra3dTRmhvYldZeVdtYxAB!2m1!1s0x30e29f0e122cb839:0x4ab6c5b7604592ed
ChIJObgsEg6f4jAR7ZJFYLfFtko,巴吞哇那努拉公园,Ci9DQUlRQUNvZENodHljRjlvT21KaFZGSXdNWE5FTWtKNU0yOTFkbkl4U1RScFdGRRAB,5.0,巴吞瓦纳努拉克公园（Pathum Wananurak Park）位于曼谷市中心，拉差丹利区，紧邻中央世界购物中心（CentralWorld）。公园地理位置优越，坐落于暹罗广场（Siam）和拉差帕颂（Ratchaprasong）购物区之间，是人们逛完周边商场后休憩的热门去处。公园内设有步行道、开放式座椅区和大片绿地，与周围林立的高楼大厦和购物中心形成鲜明对比。其景观设计灵感源自泰国象征数字“九”，以此纪念拉玛九世国王，赋予公园独特的个性。公园宁静祥和的氛围与周围熙熙攘攘的街道形成鲜明对比，吸引着众多游客前来漫步、休憩，或只是享受这片城市中心的开阔空间。公园通常从早到晚开放，因此建议在白天或午后暹罗广场人潮涌动时前往游览。,zh-CN,Sat Mar 14 2026 08:21:15 GMT-0700 (Pacific Daylight Time),Rahman Hilmy Nugroho,https://www.google.com/maps/reviews/data=!4m6!14m5!1m4!2m3!1sCi9DQUlRQUNvZENodHljRjlvT21KaFZGSXdNWE5FTWtKNU0yOTFkbkl4U1RScFdGRRAB!2m1!1s0x30e29f0e122cb839:0x4ab6c5b7604592ed
ChIJyWD3_ZGZ4jARhgRMB7PZMxY,สวนเฉลิมพระเกียรติ 80 พรรษา พระบาทสมเด็จพระเจ้าอยู่หัว,Ci9DQUlRQUNvZENodHljRjlvT2xkeFJ6bG1iWEZ3VTNkRVJVdHdhV2hQV1d0MFpsRRAB,5.0,这个公园真是个锻炼和放松身心的好去处。我喜欢这里宁静的绿色环境和干净的跑步道，让整个过程轻松惬意。公园里还有户外健身器材，方便你快速进行额外的锻炼。停车也很方便，让你的停留非常轻松。,zh-CN,Wed Jul 22 2026 10:30:14 GMT-0700 (Pacific Daylight Time),Rosario Needham,https://www.google.com/maps/reviews/data=!4m6!14m5!1m4!2m3!1sCi9DQUlRQUNvZENodHljRjlvT2xkeFJ6bG1iWEZ3VTNkRVJVdHdhV2hQV1d0MFpsRRAB!2m1!1s0x30e29991fdf760c9:0x1633d9b3074c0486
ChIJyWD3_ZGZ4jARhgRMB7PZMxY,สวนเฉลิมพระเกียรติ 80 พรรษา พระบาทสมเด็จพระเจ้าอยู่หัว,Ci9DQUlRQUNvZENodHljRjlvT25oelgybDZaV1ZVYlZWMVUybExVbkpqVG1acWRFRRAB,5.0,塔林禅公园虽然不大，但设施齐全。公园内设有约600米长的跑道、儿童游乐场和环绕式花园。公园沿运河而建，环境宜人。不过，由于周末晚上前来锻炼的人数众多，停车位可能比较紧张。停车免费。,zh-CN,Mon Jun 22 2026 03:38:37 GMT-0700 (Pacific Daylight Time),jeab srimart,https://www.google.com/maps/reviews/data=!4m6!14m5!1m4!2m3!1sCi9DQUlRQUNvZENodHljRjlvT25oelgybDZaV1ZVYlZWMVUybExVbkpqVG1acWRFRRAB!2m1!1s0x30e29991fdf760c9:0x1633d9b3074c0486
ChIJyWD3_ZGZ4jARhgRMB7PZMxY,สวนเฉลิมพระเกียรติ 80 พรรษา พระบาทสมเด็จพระเจ้าอยู่หัว,Ci9DQUlRQUNvZENodHljRjlvT2xRMlEyaHFaMjltVGs5RWEyeHlhQzAxY25WeFpYYxAB,3.0,植物遗传保护中心已改建为一座公共公园，内设步行道、儿童活动区、体育器材、休息区、洗手间、停车场等。,zh-CN,Mon Jul 13 2026 19:13:35 GMT-0700 (Pacific Daylight Time),Man Kitti,https://www.google.com/maps/reviews/data=!4m6!14m5!1m4!2m3!1sCi9DQUlRQUNvZENodHljRjlvT2xRMlEyaHFaMjltVGs5RWEyeHlhQzAxY25WeFpYYxAB!2m1!1s0x30e29991fdf760c9:0x1633d9b3074c0486
ChIJyWD3_ZGZ4jARhgRMB7PZMxY,สวนเฉลิมพระเกียรติ 80 พรรษา พระบาทสมเด็จพระเจ้าอยู่หัว,Ci9DQUlRQUNvZENodHljRjlvT2twWmNIWnlVbmRyWnpsV2NqWjNVV2gwYWsxeGQxRRAB,5.0,交通便利，离家近，入口处停车位有限。就在泰国橡胶管理局对面。这是一个小型公园，适合跑步锻炼。公园内有多个多功能区域，包括奈荣寺对面运河边的一片区域。这里绿树成荫，粉色莲花池点缀其间，一座小桥连接着两岸，还有五彩缤纷的鲜花。公园里有力量训练器材、障碍物、秋千和适合幼儿及大龄儿童的滑梯。所有设施都维护良好。 公园周围设有长椅和洗手间。 保安人员驻守在僻静的角落，让人在跑步经过时感到安心。我感觉很安全，有人在守护着这片区域。这给我留下了深刻的印象。这是一个非常适合家庭锻炼和放松的小公园。即使是周一早上（节假日），人也不多。,zh-CN,Sun Apr 05 2026 19:40:11 GMT-0700 (Pacific Daylight Time),Wow Shop,https://www.google.com/maps/reviews/data=!4m6!14m5!1m4!2m3!1sCi9DQUlRQUNvZENodHljRjlvT2twWmNIWnlVbmRyWnpsV2NqWjNVV2gwYWsxeGQxRRAB!2m1!1s0x30e29991fdf760c9:0x1633d9b3074c0486
ChIJyWD3_ZGZ4jARhgRMB7PZMxY,สวนเฉลิมพระเกียรติ 80 พรรษา พระบาทสมเด็จพระเจ้าอยู่หัว,Ci9DQUlRQUNvZENodHljRjlvT21wdVVXeENPQzFyWlhaTWNYTmlVbFk1Tlc1bVpWRRAB,3.0,跑步道不错，但路肩很深，步行穿过可能会受伤。洗手间维护不善，而且有异味。没有摩托车停车位，也没有工作人员值班。这里经常很拥挤。希望能够改进一下，例如增加座位和清洁洗手间。,zh-CN,Fri May 15 2026 17:36:28 GMT-0700 (Pacific Daylight Time),Pisit Borvornthananunt,https://www.google.com/maps/reviews/data=!4m6!14m5!1m4!2m3!1sCi9DQUlRQUNvZENodHljRjlvT21wdVVXeENPQzFyWlhaTWNYTmlVbFk1Tlc1bVpWRRAB!2m1!1s0x30e29991fdf760c9:0x1633d9b3074c0486
ChIJM7T_V9Ke4jARcIBMq7Co9hA,暹罗广场公园,ChZDSUhNMG9nS0VJQ0FnSURIeHVicElnEAE,5.0,"Super small and quiet park at Siam. Not a lot of places to walk, but also it is not really crowded, even on the weekend. Nice trees at the entrance. Some sitting is available in multiple locations. Also there is an Amazon Cafe right in the park, so you can get coffee or something for your visit. Also a nice shrine is located on the front side.",en,Sun Sep 15 2024 01:59:09 GMT-0700 (Pacific Daylight Time),Ivan Dragomiretskiy,https://www.google.com/maps/reviews/data=!4m6!14m5!1m4!2m3!1sChZDSUhNMG9nS0VJQ0FnSURIeHVicElnEAE!2m1!1s0x30e29ed257ffb433:0x10f6a8b0ab4c8070
ChIJM7T_V9Ke4jARcIBMq7Co9hA,暹罗广场公园,ChZDSUhNMG9nS0VJQ0FnSUNzd2RpZWN3EAE,5.0,如果你去了伦披尼公园，你会感觉好像已经把曼谷所有的公园都逛遍了。它离暹罗轻轨站很近，就连通往公园的小路都风景如画。公园不大，里面有一家亚马逊咖啡馆，园林景观可爱、漂亮又时尚。如果我住在附近，我每天早上都会来这里慢跑或散步。公园里有两条狭窄的小路，即使只有一个人也很容易挤在一起。这里非常适合情侣散步。这是一个完美的休闲场所，我推荐给所有人：家庭、情侣、朋友，或者独自旅行者。🥰,zh-CN,Mon Feb 03 2020 20:04:27 GMT-0800 (Pacific Standard Time),DH,https://www.google.com/maps/reviews/data=!4m6!14m5!1m4!2m3!1sChZDSUhNMG9nS0VJQ0FnSUNzd2RpZWN3EAE!2m1!1s0x30e29ed257ffb433:0x10f6a8b0ab4c8070
ChIJM7T_V9Ke4jARcIBMq7Co9hA,暹罗广场公园,Ci9DQUlRQUNvZENodHljRjlvT20xMVgyTkRhelpDTURab2IyeFpSMUZYTjB4NVVuYxAB,5.0,宁静祥和。适合周日早晨在公园散步。,zh-CN,Sat Mar 07 2026 18:32:28 GMT-0800 (Pacific Standard Time),OY LEE,https://www.google.com/maps/reviews/data=!4m6!14m5!1m4!2m3!1sCi9DQUlRQUNvZENodHljRjlvT20xMVgyTkRhelpDTURab2IyeFpSMUZYTjB4NVVuYxAB!2m1!1s0x30e29ed257ffb433:0x10f6a8b0ab4c8070
ChIJM7T_V9Ke4jARcIBMq7Co9hA,暹罗广场公园,ChZDSUhNMG9nS0VJQ0FnSUNXMmRMMGF3EAE,1.0,暹罗广场公园 “绿地……禁区” 一个实际上并不对外开放的公园……它毗邻暹罗广场（位于维塔亚吉停车场和朱拉隆功大学药学院之间）。公园里有很多高大的古树和一些新栽的树木，绿树成荫，空气清新。还有一块绿茵茵的草坪，像个足球场，却从未有人使用过…… 今天……我在维塔亚吉大楼一楼吃完午饭后，路过这个公园，决定坐下来休息一下，消化食物，呼吸新鲜空气。不到十分钟，一个身穿黑西装的男人就让我离开，理由是这里禁止坐下，只能走动。我理解他们的做法……但我无法理解他们的逻辑和行为方式。欢迎任何想体验此地的人……我已标记位置…… 须知禁忌： - 禁止拍照 - 禁止慢跑 - 禁止骑自行车 - 禁止坐下 等等。 就在几周前，我路过这里，看到一个巨大的神龛矗立在那里……难道在那里问彩票号码也是禁忌吗？！,zh-CN,Wed Mar 02 2022 00:26:29 GMT-0800 (Pacific Standard Time),Nimit Khumtong,https://www.google.com/maps/reviews/data=!4m6!14m5!1m4!2m3!1sChZDSUhNMG9nS0VJQ0FnSUNXMmRMMGF3EAE!2m1!1s0x30e29ed257ffb433:0x10f6a8b0ab4c8070
ChIJM7T_V9Ke4jARcIBMq7Co9hA,暹罗广场公园,Ci9DQUlRQUNvZENodHljRjlvT2pSTVNHczNURzVhZUZwaFVraG9WVVF5WVZOMllVRRAB,5.0,打造一个可爱温馨的设计，非常适合放松和散步。,zh-CN,Sun Mar 01 2026 01:14:57 GMT-0800 (Pacific Standard Time),nitchanan sanlak,https://www.google.com/maps/reviews/data=!4m6!14m5!1m4!2m3!1sCi9DQUlRQUNvZENodHljRjlvT2pSTVNHczNURzVhZUZwaFVraG9WVVF5WVZOMllVRRAB!2m1!1s0x30e29ed257ffb433:0x10f6a8b0ab4c8070
ChIJBVRv0wqZ4jARFmpjWvbKKy8,72nd Anniversary Park,Ci9DQUlRQUNvZENodHljRjlvT2xSVWRXRmhWa3MzZG05V1JteHdWQzFLWWtSdVgzYxAB,5.0,这座位于湄南河畔的河滨公园占地约 29 莱（约 19.5 英亩），绿树成荫，环境宜人，全天凉风习习。,zh-CN,Sun May 03 2026 15:09:06 GMT-0700 (Pacific Daylight Time),Yu ยุ Kong ก๋ง,https://www.google.com/maps/reviews/data=!4m6!14m5!1m4!2m3!1sCi9DQUlRQUNvZENodHljRjlvT2xSVWRXRmhWa3MzZG05V1JteHdWQzFLWWtSdVgzYxAB!2m1!1s0x30e2990ad36f5405:0x2f2bcaf65a636a16
ChIJBVRv0wqZ4jARFmpjWvbKKy8,72nd Anniversary Park,ChdDSUhNMG9nS0VLU25zLXZYN0o2b3RnRRAB,4.0,2025年6月到访。公园位于诗丽吉医院区域内，一侧毗邻诗丽吉比穆克斯坦博物馆，另一侧濒临湄南河。园内有一座类似寺庙的建筑和一辆老式火车。公园空间开阔，空气清新。,zh-CN,Fri Oct 31 2025 22:34:06 GMT-0700 (Pacific Daylight Time),Mahbubul Islam,https://www.google.com/maps/reviews/data=!4m6!14m5!1m4!2m3!1sChdDSUhNMG9nS0VLU25zLXZYN0o2b3RnRRAB!2m1!1s0x30e2990ad36f5405:0x2f2bcaf65a636a16
ChIJBVRv0wqZ4jARFmpjWvbKKy8,72nd Anniversary Park,Ci9DQUlRQUNvZENodHljRjlvT2xoNlYwaGpTREV5VTB4d1psSlROM1ZyWXpkVFQwRRAB,4.0,เป็นสวนขนาดย่อม ๆ ติดกับพิพิธภัณฑ์ศิริราชพิมุขสถาน ที่เป็นอาคารเดิมของการรถไฟธนบุรี และปากคลองบางกอกน้อย ที่ทะลุออกแม่น้ำเจ้าพระยาอีกที รวมถึงท่าเรือที่ชื่อว่าท่ารถไฟด้วยเช่นกัน ช่วงเย็น ๆ บรรยากาศดี มีคนมาวิ่งออกกำลังกายกันพอสมควร,th,Sun Dec 07 2025 09:21:59 GMT-0800 (Pacific Standard Time),Khun Arms,https://www.google.com/maps/reviews/data=!4m6!14m5!1m4!2m3!1sCi9DQUlRQUNvZENodHljRjlvT2xoNlYwaGpTREV5VTB4d1psSlROM1ZyWXpkVFQwRRAB!2m1!1s0x30e2990ad36f5405:0x2f2bcaf65a636a16
ChIJBVRv0wqZ4jARFmpjWvbKKy8,72nd Anniversary Park,ChdDSUhNMG9nS0VJQ0FnSURYbGNHY3VRRRAB,5.0,这里有……毗邻诗丽吉医院的博物馆、草药园、纪念碑、老式机车和活动区。 开放空间非常宽敞，空气清新。正面是湄南河，侧面是曼谷诺伊运河。 吞武里火车站，或称 （沙拉南隆火车站），曾经是一个旧火车市场。 欢迎前来观看水道上的皇家驳船游行，以及在2024年7月28日拉玛十世国王陛下60岁寿辰之际，将皇家袈裟送往黎明寺的仪式。 🙏🌸💛💜🇹🇭💙🧡🙏🥰,zh-CN,Tue Oct 29 2024 12:35:50 GMT-0700 (Pacific Daylight Time),P. 008 Adventure,https://www.google.com/maps/reviews/data=!4m6!14m5!1m4!2m3!1sChdDSUhNMG9nS0VJQ0FnSURYbGNHY3VRRRAB!2m1!1s0x30e2990ad36f5405:0x2f2bcaf65a636a16
ChIJBVRv0wqZ4jARFmpjWvbKKy8,72nd Anniversary Park,ChZDSUhNMG9nS0VJQ0FnSUNNNjhhZllBEAE,5.0,依我之见，这里是进行有氧运动和户外活动的理想场所，尤其适合早晚时分。下午最好避免剧烈运动，除非你觉得中暑是小事一桩。公园中心有一座宏伟的凉亭，你或许应该亲眼目睹一番。,zh-CN,Thu Nov 05 2020 04:12:22 GMT-0800 (Pacific Standard Time),Chawin OMFS,https://www.google.com/maps/reviews/data=!4m6!14m5!1m4!2m3!1sChZDSUhNMG9nS0VJQ0FnSUNNNjhhZllBEAE!2m1!1s0x30e2990ad36f5405:0x2f2bcaf65a636a16
ChIJ6Whn4Cif4jARpzSH7kaWgw0,Gate 4,Ci9DQUlRQUNvZENodHljRjlvT2twcFkycFJNamt3WDJoQ05sOXJkbXBMUlVGT1ZHYxAB,5.0,说实话，我一开始以为这只是个公园——有什么好看的呢？但是！它却有着自己独特的氛围。有人在慢跑，巨蜥在附近爬行，透过公园周围的树木还能看到摩天大楼。感觉非常惬意。地铁站就在一分钟路程之外。柏油路面非常好，散步很舒服。长椅很多，总能找到地方坐下来。在这座喧嚣的大都市里，这里是你可以静静聆听大自然声音的好去处。真是太棒了！,zh-CN,Tue Apr 21 2026 19:05:46 GMT-0700 (Pacific Daylight Time),SSSKILPET,https://www.google.com/maps/reviews/data=!4m6!14m5!1m4!2m3!1sCi9DQUlRQUNvZENodHljRjlvT2twcFkycFJNamt3WDJoQ05sOXJkbXBMUlVGT1ZHYxAB!2m1!1s0x30e29f28e06768e9:0xd839646ee8734a7
ChIJ6Whn4Cif4jARpzSH7kaWgw0,Gate 4,Ci9DQUlRQUNvZENodHljRjlvT21GMFdtVk5Ua1p5Ym1kc2R6bDBWbDlMWjI1blJrRRAB,5.0,红十字会博览会将于2025年12月11日至21日举行。今天天气凉爽宜人，非常适合悠闲漫步。请在是隆地铁站（Silom MRT）下车。 🇹🇭 红十字会博览会：历史与背景 红十字会博览会是由泰国红十字会主办的年度盛会，旨在宣传其各项活动并筹集资金，以支持其人道主义使命，帮助泰国的贫困民众和各类灾害的受害者。 📜 简史与背景 泰国红十字会（前身为暹罗国家红十字会）的起源：该组织于1893年4月26日（泰国历112年）在朱拉隆功国王（拉玛五世）统治时期，经国王批准成立。其最初的目标是援助在泰法冲突（泰国历112年危机）中受伤的士兵和平民。 首届红十字会博览会：首届红十字会博览会于1922年在泰国举行，当时正值瓦吉拉伍德国王（拉玛六世）统治时期。首届活动名为“会员招募”，在皇家田广场和沙兰隆公园举行，旨在招募会员并推广暹罗红十字会（后更名为泰国红十字会）的各项活动。 主要目标：招募会员并为泰国红十字会的活动筹集资金。 过往活动：早期活动包括游行、展览、各类比赛，以及后来一些广为人知的活动，例如始于1929年的“Kanlapaphruek Tree”（后来演变为红十字会的彩票/赌博游戏）。 举办地点：该活动曾根据需要多次更换举办地点，包括皇家田广场、沙兰隆公园、莎瓦帕王后纪念馆、安蓬公园和素阿帕广场。 如今：一年一度的红十字会集市通常在隆披尼公园举行，近年来也同时举办线上版本，以延续支持红十字会的精神。 因此，红十字会集市是泰国人民一年一度的重要节日，它融合了娱乐、文化表演、购物、游戏，而最重要的是，它让人们有机会行善积德，支持泰国红十字会的人道主义使命。,zh-CN,Thu Dec 11 2025 06:53:58 GMT-0800 (Pacific Standard Time),Boywatchara,https://www.google.com/maps/reviews/data=!4m6!14m5!1m4!2m3!1sCi9DQUlRQUNvZENodHljRjlvT21GMFdtVk5Ua1p5Ym1kc2R6bDBWbDlMWjI1blJrRRAB!2m1!1s0x30e29f28e06768e9:0xd839646ee8734a7
ChIJ6Whn4Cif4jARpzSH7kaWgw0,Gate 4,Ci9DQUlRQUNvZENodHljRjlvT21KNk4xWmFRMkkyU1dwWldWZDVVazFoYTBwMVJHYxAB,5.0,美丽的公园，乘坐地铁即可轻松抵达。时隔两年再次造访，部分区域仍在修缮。 公园内有树荫遮蔽，入口处边缘有售卖茶点，洗手间数量充足。,zh-CN,Mon Feb 16 2026 19:20:41 GMT-0800 (Pacific Standard Time),Jitka Bala Vandlíčková,https://www.google.com/maps/reviews/data=!4m6!14m5!1m4!2m3!1sCi9DQUlRQUNvZENodHljRjlvT21KNk4xWmFRMkkyU1dwWldWZDVVazFoYTBwMVJHYxAB!2m1!1s0x30e29f28e06768e9:0xd839646ee8734a7
ChIJ6Whn4Cif4jARpzSH7kaWgw0,Gate 4,Ci9DQUlRQUNvZENodHljRjlvT2tGTU9FUjVRVVpaTUZSV1ZHWlJWa05FU0MxUGFGRRAB,5.0,这里有个健美操俱乐部，可以每天锻炼；这对你的健康有好处。,zh-CN,Wed Jul 22 2026 04:20:59 GMT-0700 (Pacific Daylight Time),Monwipha Leelavutikulrangsee,https://www.google.com/maps/reviews/data=!4m6!14m5!1m4!2m3!1sCi9DQUlRQUNvZENodHljRjlvT2tGTU9FUjVRVVpaTUZSV1ZHWlJWa05FU0MxUGFGRRAB!2m1!1s0x30e29f28e06768e9:0xd839646ee8734a7
ChIJ6Whn4Cif4jARpzSH7kaWgw0,Gate 4,Ci9DQUlRQUNvZENodHljRjlvT21GWlVXWmxlVmhPTjNodU9YUm9aa3BmZURCUFEzYxAB,5.0,"Venez le soir à 19h 🕖 c’est l’heure où beaucoup de monde se réunit pour danser sur la place ! C’est important de faire du sport, et c’est encore mieux dans la bonne humeur 😙",fr,Sat Apr 11 2026 03:46:03 GMT-0700 (Pacific Daylight Time),Tiny Doe,https://www.google.com/maps/reviews/data=!4m6!14m5!1m4!2m3!1sCi9DQUlRQUNvZENodHljRjlvT21GWlVXWmxlVmhPTjNodU9YUm9aa3BmZURCUFEzYxAB!2m1!1s0x30e29f28e06768e9:0xd839646ee8734a7
ChIJqR0gi8iY4jARw_8HLFUUsRk,"80th Anniversary Celebration Park, Sathon",ChdDSUhNMG9nS0VJQ0FnSURZclp6U2dnRRAB,5.0,不得不说，你在其他公园可能找不到这种氛围。这里虽然不大，但感觉就像家一样。,zh-CN,Sat May 18 2019 01:52:23 GMT-0700 (Pacific Daylight Time),Cununya Chaeng-Aya (Nattiez),https://www.google.com/maps/reviews/data=!4m6!14m5!1m4!2m3!1sChdDSUhNMG9nS0VJQ0FnSURZclp6U2dnRRAB!2m1!1s0x30e298c88b201da9:0x19b114552c07ffc3
ChIJqR0gi8iY4jARw_8HLFUUsRk,"80th Anniversary Celebration Park, Sathon",ChZDSUhNMG9nS0VJQ0FnSUNsemRlTFdBEAE,5.0,正如其他人所说……它只是个健身公园。对当地人来说很棒……但外国游客可能不会感兴趣。不过……可以去看看公园南侧的运河步道……就是那条向西通往河边的步道。沿着它漫步穿过当地居民区，感觉很不错。,zh-CN,Fri Nov 24 2023 02:11:07 GMT-0800 (Pacific Standard Time),Din,https://www.google.com/maps/reviews/data=!4m6!14m5!1m4!2m3!1sChZDSUhNMG9nS0VJQ0FnSUNsemRlTFdBEAE!2m1!1s0x30e298c88b201da9:0x19b114552c07ffc3
ChIJqR0gi8iY4jARw_8HLFUUsRk,"80th Anniversary Celebration Park, Sathon",ChZDSUhNMG9nS0VJQ0FnSURZdU1PN1pBEAE,3.0,地方虽小，但猫很多。,zh-CN,Sun Apr 28 2019 23:16:40 GMT-0700 (Pacific Daylight Time),Warongchanok Tiemtinkrit (NANA),https://www.google.com/maps/reviews/data=!4m6!14m5!1m4!2m3!1sChZDSUhNMG9nS0VJQ0FnSURZdU1PN1pBEAE!2m1!1s0x30e298c88b201da9:0x19b114552c07ffc3
ChIJqR0gi8iY4jARw_8HLFUUsRk,"80th Anniversary Celebration Park, Sathon",ChZDSUhNMG9nS0VJQ0FnSURVbmJ5MkNnEAE,4.0,这是很多人晚上锻炼的地方。,zh-CN,Sat Aug 31 2019 23:53:48 GMT-0700 (Pacific Daylight Time),ummu cat,https://www.google.com/maps/reviews/data=!4m6!14m5!1m4!2m3!1sChZDSUhNMG9nS0VJQ0FnSURVbmJ5MkNnEAE!2m1!1s0x30e298c88b201da9:0x19b114552c07ffc3
ChIJqR0gi8iY4jARw_8HLFUUsRk,"80th Anniversary Celebration Park, Sathon",ChdDSUhNMG9nS0VJQ0FnSUNvdWRLb21RRRAB,5.0,那里是个锻炼身体的好地方。我想我会去那里锻炼。,zh-CN,Wed Nov 21 2018 02:20:58 GMT-0800 (Pacific Standard Time),Yot Food,https://www.google.com/maps/reviews/data=!4m6!14m5!1m4!2m3!1sChdDSUhNMG9nS0VJQ0FnSUNvdWRLb21RRRAB!2m1!1s0x30e298c88b201da9:0x19b114552c07ffc3
ChIJA8h4ZGuZ4jARuAdOA1WWyBU,สวน 15 นาที สี่แยกตากสิน,Ci9DQUlRQUNvZENodHljRjlvT2sxb2NrRnZPWGc0TTB0b1prSjBibmhhTmtGRlNXYxAB,4.0,高峰时段的好去处。 一圈大约150米。 配备1-2台健身器材。 有一株小植物和一些花卉，虽然不是大树，但被高速公路遮挡。 可从BTS Wongwian Yai站4号出口通过天桥到达。,zh-CN,Fri Nov 21 2025 19:59:12 GMT-0800 (Pacific Standard Time),Stefanie Christine Santoso,https://www.google.com/maps/reviews/data=!4m6!14m5!1m4!2m3!1sCi9DQUlRQUNvZENodHljRjlvT2sxb2NrRnZPWGc0TTB0b1prSjBibmhhTmtGRlNXYxAB!2m1!1s0x30e2996b6478c803:0x15c89655034e07b8
ChIJA8h4ZGuZ4jARuAdOA1WWyBU,สวน 15 นาที สี่แยกตากสิน,Ci9DQUlRQUNvZENodHljRjlvT2pJM2RGZExWMHhuTjNKT1lVVjBjMFZxUTJjNU9WRRAB,5.0,BTS轻轨站下有个很不错的小公园。它不是森林，而是一个社区公园。公园里有慢跑道、桌椅、健身器材和锻炼区。如果你沿着人行道往黄圆屋站方向走，会看到另一个公园的入口，那里有洗手间、篮球场和滑板区。此外，那里还有一家合气道学校，晚上会在那里上课。,zh-CN,Tue Apr 28 2026 23:12:53 GMT-0700 (Pacific Daylight Time),Liminal Sanctuary,https://www.google.com/maps/reviews/data=!4m6!14m5!1m4!2m3!1sCi9DQUlRQUNvZENodHljRjlvT2pJM2RGZExWMHhuTjNKT1lVVjBjMFZxUTJjNU9WRRAB!2m1!1s0x30e2996b6478c803:0x15c89655034e07b8
ChIJA8h4ZGuZ4jARuAdOA1WWyBU,สวน 15 นาที สี่แยกตากสิน,ChdDSUhNMG9nS0VJQ0FnSUNaemR2OF9RRRAB,5.0,位于吞武里府布卡洛街道达信路口附近的公园正在扩建绿地并安装防尘墙。公园内绿树成荫，灌木丛生，种植观赏植物，还设有儿童游乐场和一条150米长的步行/慢跑道。 步道沿线每隔一段距离就设有25米、50米、75米、100米、125米和150米的标记，地面上的数字清晰可见。 公园内还设有成人健身器材和供公众使用的秋千。但目前尚未配备公共洗手间。,zh-CN,Mon Sep 18 2023 07:45:50 GMT-0700 (Pacific Daylight Time),Sombat Honghem,https://www.google.com/maps/reviews/data=!4m6!14m5!1m4!2m3!1sChdDSUhNMG9nS0VJQ0FnSUNaemR2OF9RRRAB!2m1!1s0x30e2996b6478c803:0x15c89655034e07b8
ChIJA8h4ZGuZ4jARuAdOA1WWyBU,สวน 15 นาที สี่แยกตากสิน,ChdDSUhNMG9nS0VJQ0FnSUNQM0l1cDh3RRAB,5.0,一个小巧、美丽、令人放松的花园，有平坦的长路、健身器材、长椅和回收箱。,zh-CN,Fri Nov 22 2024 02:36:41 GMT-0800 (Pacific Standard Time),Kamol Wisuthseriwong,https://www.google.com/maps/reviews/data=!4m6!14m5!1m4!2m3!1sChdDSUhNMG9nS0VJQ0FnSUNQM0l1cDh3RRAB!2m1!1s0x30e2996b6478c803:0x15c89655034e07b8
ChIJA8h4ZGuZ4jARuAdOA1WWyBU,สวน 15 นาที สี่แยกตากสิน,Ci9DQUlRQUNvZENodHljRjlvT2tGaWFVSmxiMGxLYVdKa2RXNVNaMncxZGtGSVdXYxAB,5.0,我可以把车停在哪里？,zh-CN,Mon Nov 24 2025 22:15:53 GMT-0800 (Pacific Standard Time),khunpang,https://www.google.com/maps/reviews/data=!4m6!14m5!1m4!2m3!1sCi9DQUlRQUNvZENodHljRjlvT2tGaWFVSmxiMGxLYVdKa2RXNVNaMncxZGtGSVdXYxAB!2m1!1s0x30e2996b6478c803:0x15c89655034e07b8
ChIJRfBCG2iZ4jARp8TpV1wG4MQ,Sam Phraya Park,ChZDSUhNMG9nS0VJQ0FnSUQ5clBfTFB3EAE,2.0,这是帕那空区政府的公园，但却是个隐蔽的角落。要进入公园，必须穿过金隆乔姆萨潘餐厅，而且要直接穿过整个餐厅。地面全是泥土，没有一丝草坪。这明明是个公共空间，却丝毫没有公共氛围，尤其是餐厅的人就在旁边。,zh-CN,Wed Mar 13 2024 21:43:41 GMT-0700 (Pacific Daylight Time),Nitiphat,https://www.google.com/maps/reviews/data=!4m6!14m5!1m4!2m3!1sChZDSUhNMG9nS0VJQ0FnSUQ5clBfTFB3EAE!2m1!1s0x30e299681b42f045:0xc4e0065c57e9c4a7
ChIJRfBCG2iZ4jARp8TpV1wG4MQ,Sam Phraya Park,ChdDSUhNMG9nS0VJQ0FnSUM3Nk52bXNRRRAB,1.0,公园以前挺漂亮的。现在跟这个美好国家的其他一切一样，成了个垃圾场。餐厅停车场的保安——我能理解。但如果你喜欢住在垃圾场，那就祝你好运吧。,zh-CN,Sun Aug 11 2024 22:16:51 GMT-0700 (Pacific Daylight Time),Vitaly Kozlov,https://www.google.com/maps/reviews/data=!4m6!14m5!1m4!2m3!1sChdDSUhNMG9nS0VJQ0FnSUM3Nk52bXNRRRAB!2m1!1s0x30e299681b42f045:0xc4e0065c57e9c4a7
ChIJRfBCG2iZ4jARp8TpV1wG4MQ,Sam Phraya Park,ChdDSUhNMG9nS0VJQ0FnSUMtck52aWhnRRAB,5.0,你可以看到拉玛八世大桥的景色。,zh-CN,Fri Oct 28 2022 21:00:07 GMT-0700 (Pacific Daylight Time),สุชาดา เกตุอ่อน,https://www.google.com/maps/reviews/data=!4m6!14m5!1m4!2m3!1sChdDSUhNMG9nS0VJQ0FnSUMtck52aWhnRRAB!2m1!1s0x30e299681b42f045:0xc4e0065c57e9c4a7
ChIJRfBCG2iZ4jARp8TpV1wG4MQ,Sam Phraya Park,ChdDSUhNMG9nS0VJQ0FnSUNXbHNQT2dRRRAB,3.0,气氛很好，景色很美，食物也很美味。,zh-CN,Tue May 31 2022 02:01:41 GMT-0700 (Pacific Daylight Time),รักมากนะ คิดถึง,https://www.google.com/maps/reviews/data=!4m6!14m5!1m4!2m3!1sChdDSUhNMG9nS0VJQ0FnSUNXbHNQT2dRRRAB!2m1!1s0x30e299681b42f045:0xc4e0065c57e9c4a7
ChIJRfBCG2iZ4jARp8TpV1wG4MQ,Sam Phraya Park,Ci9DQUlRQUNvZENodHljRjlvT2pBME9UVnhiRmRXTVRsUE1tMUZURVF4VjBjNFZWRRAB,5.0,,,Sat May 30 2026 09:09:43 GMT-0700 (Pacific Daylight Time),Madushan Maheshwara,https://www.google.com/maps/reviews/data=!4m6!14m5!1m4!2m3!1sCi9DQUlRQUNvZENodHljRjlvT2pBME9UVnhiRmRXTVRsUE1tMUZURVF4VjBjNFZWRRAB!2m1!1s0x30e299681b42f045:0xc4e0065c57e9c4a7
ChIJuzUVaACZ4jAR3aSEkDTOwKY,Chao Phraya riverside promenade under Memorial Bridge,Ci9DQUlRQUNvZENodHljRjlvT25WclpWSXlNVll5VTJGeGMwODNUbTl6VEhad05YYxAB,5.0,河畔,zh,Tue Apr 07 2026 11:05:56 GMT-0700 (Pacific Daylight Time),Lovely Banana,https://www.google.com/maps/reviews/data=!4m6!14m5!1m4!2m3!1sCi9DQUlRQUNvZENodHljRjlvT25WclpWSXlNVll5VTJGeGMwODNUbTl6VEhad05YYxAB!2m1!1s0x30e29900681535bb:0xa6c0ce349084a4dd
ChIJuzUVaACZ4jAR3aSEkDTOwKY,Chao Phraya riverside promenade under Memorial Bridge,Ci9DQUlRQUNvZENodHljRjlvT2tFMmRGSlRURGR0YVV0cFJXUXlhR1puYmpoaWExRRAB,5.0,气氛非常好。,zh-CN,Tue Jan 13 2026 02:46:17 GMT-0800 (Pacific Standard Time),Somkamol V,https://www.google.com/maps/reviews/data=!4m6!14m5!1m4!2m3!1sCi9DQUlRQUNvZENodHljRjlvT2tFMmRGSlRURGR0YVV0cFJXUXlhR1puYmpoaWExRRAB!2m1!1s0x30e29900681535bb:0xa6c0ce349084a4dd
ChIJuzUVaACZ4jAR3aSEkDTOwKY,Chao Phraya riverside promenade under Memorial Bridge,Ci9DQUlRQUNvZENodHljRjlvT2toa1pXTmZZVVZPUmtkWE0wZFBXSFU0VjJWZk4xRRAB,5.0,บรรยากาศสวยงาม,th,Wed Feb 04 2026 08:57:57 GMT-0800 (Pacific Standard Time),krissadee sitthibutr,https://www.google.com/maps/reviews/data=!4m6!14m5!1m4!2m3!1sCi9DQUlRQUNvZENodHljRjlvT2toa1pXTmZZVVZPUmtkWE0wZFBXSFU0VjJWZk4xRRAB!2m1!1s0x30e29900681535bb:0xa6c0ce349084a4dd
ChIJuzUVaACZ4jAR3aSEkDTOwKY,Chao Phraya riverside promenade under Memorial Bridge,Ci9DQUlRQUNvZENodHljRjlvT2xjM1NXTlpTa0l3TFV0Q2FsSkxZVTVSTmt0V1gxRRAB,5.0,曼谷天际线景色绝佳,zh-CN,Fri Jul 31 2026 16:04:55 GMT-0700 (Pacific Daylight Time),Marco Bonin,https://www.google.com/maps/reviews/data=!4m6!14m5!1m4!2m3!1sCi9DQUlRQUNvZENodHljRjlvT2xjM1NXTlpTa0l3TFV0Q2FsSkxZVTVSTmt0V1gxRRAB!2m1!1s0x30e29900681535bb:0xa6c0ce349084a4dd
ChIJuzUVaACZ4jAR3aSEkDTOwKY,Chao Phraya riverside promenade under Memorial Bridge,Ci9DQUlRQUNvZENodHljRjlvT2psTVZYVXRhMVphWkVnMGNIUnZkRFJrWWtVMlozYxAB,4.0,,,Sun Jun 14 2026 06:03:03 GMT-0700 (Pacific Daylight Time),lanny wijaya,https://www.google.com/maps/reviews/data=!4m6!14m5!1m4!2m3!1sCi9DQUlRQUNvZENodHljRjlvT2psTVZYVXRhMVphWkVnMGNIUnZkRFJrWWtVMlozYxAB!2m1!1s0x30e29900681535bb:0xa6c0ce349084a4dd
ChIJWY8BJACf4jAR1kOZ2_ZN9oI,Dusit Arun Park,Ci9DQUlRQUNvZENodHljRjlvT2s5NVZWZHpWR3BWZUZsV1Z6UmhlR290Y0hGM00xRRAB,5.0,"Dusit Arun Park is a true hidden gem in Bangkok. Directly across from the majestic Wat Arun (Temple of Dawn), it offers one of the most breathtaking views in the city. Especially at sunset, when the golden light reflects on the temple’s surface, the atmosphere feels almost magical. The park itself is clean, well-maintained, and perfect for a quiet break in the middle of the bustling city. Benches and shaded spots invite you to sit down, breathe, and simply enjoy the moment. It’s also a great place for photos – whether of the Chao Phraya River, the temple, or the lively boat traffic. Unlike many busy tourist spots, the vibe here is relaxed and welcoming. Both locals and visitors come to enjoy the calm, making it feel authentic and balanced. For me, Dusit Arun Park is not just a park – it’s a peaceful window to Bangkok’s soul, where tradition, nature, and the river’s rhythm come together. A must-visit if you’re exploring the historic heart of the city. Der Dusit Arun Park ist ein echtes Juwel in Bangkok. Direkt gegenüber vom majestätischen Wat Arun (Tempel der Morgenröte) genießt man hier einen der schönsten Ausblicke der Stadt. Besonders zum Sonnenuntergang, wenn das goldene Licht auf den Tempel fällt, entsteht eine fast magische Atmosphäre. Der Park ist sauber, gepflegt und bietet viele schattige Plätze zum Verweilen – perfekt, um dem Trubel der Stadt kurz zu entfliehen. Auch für Fotos ist er ideal: der Fluss, die Boote und natürlich der Tempel bilden eine traumhafte Kulisse. Im Gegensatz zu überfüllten Touristenorten wirkt es hier entspannt und authentisch. Für mich ist der Dusit Arun Park nicht nur ein Park, sondern ein Fenster zur Seele Bangkoks – eine gelungene Mischung aus Tradition, Natur und dem Rhythmus des Chao-Phraya-Flusses. 中文 (简体): 杜斯阿伦公园（Dusit Arun Park）是曼谷真正的隐藏宝藏。它正对着雄伟的 郑王庙（黎明寺 Wat Arun），在这里可以欣赏到全城最美的景色之一。特别是在日落时分，金色的阳光洒在寺庙上，氛围格外迷人。 公园干净整洁，维护良好，有许多阴凉的座位，非常适合在繁忙的城市中小憩片刻。这里也是拍照的绝佳地点——无论是湄南河、来往的船只，还是寺庙本身，都构成了一幅美丽的画面。 与一些拥挤的旅游景点不同，这里氛围轻松而真实。对我来说，杜斯阿伦公园不仅仅是一个公园，更是一个 窥见曼谷灵魂的窗口，在这里，传统、自然与河流的节奏完美融合。",zh,Sat Sep 20 2025 22:13:38 GMT-0700 (Pacific Daylight Time),bangkokrecomment “Food & Travel TikTok”,https://www.google.com/maps/reviews/data=!4m6!14m5!1m4!2m3!1sCi9DQUlRQUNvZENodHljRjlvT2s5NVZWZHpWR3BWZUZsV1Z6UmhlR290Y0hGM00xRRAB!2m1!1s0x30e29f0024018f59:0x82f64df6db9943d6
ChIJWY8BJACf4jAR1kOZ2_ZN9oI,Dusit Arun Park,Ci9DQUlRQUNvZENodHljRjlvT2xGTGFEWTJPRjkwZVd0SVExOUdRV0Z5ZVd3NWRWRRAB,4.0,这家猪脚饭味道还不错，份量也合适！,zh,Fri Jan 16 2026 08:01:52 GMT-0800 (Pacific Standard Time),杨珍利,https://www.google.com/maps/reviews/data=!4m6!14m5!1m4!2m3!1sCi9DQUlRQUNvZENodHljRjlvT2xGTGFEWTJPRjkwZVd0SVExOUdRV0Z5ZVd3NWRWRRAB!2m1!1s0x30e29f0024018f59:0x82f64df6db9943d6
ChIJWY8BJACf4jAR1kOZ2_ZN9oI,Dusit Arun Park,Ci9DQUlRQUNvZENodHljRjlvT2xGblMyUjFNWEZ4ZWxVMGRrSlRia2xIWTNOSE1uYxAB,5.0,曼谷市中心的隐藏瑰宝——绿洲公园 这座设计精美的公园位于购物中心的四楼和五楼。园内绿树成荫，植物繁茂，配备舒适的座椅和宽敞的开放空间，营造出宁静祥和的氛围。这里是远离喧嚣都市、放松身心的理想之地。 最令人叹为观止的是，这里可以俯瞰曼谷著名的伦披尼公园，以及延伸至素坤逸路的壮丽天际线。日落时分，当城市沐浴在金色的夕阳中，景色尤为迷人，令人难忘。 这座屋顶公园设计匠心独运，完美融合了自然风光、建筑之美和迷人的城市景观。曼谷之行，必游之地。 我强烈推荐！,zh-CN,Mon Jul 13 2026 02:07:27 GMT-0700 (Pacific Daylight Time),Jason Clayton,https://www.google.com/maps/reviews/data=!4m6!14m5!1m4!2m3!1sCi9DQUlRQUNvZENodHljRjlvT2xGblMyUjFNWEZ4ZWxVMGRrSlRia2xIWTNOSE1uYxAB!2m1!1s0x30e29f0024018f59:0x82f64df6db9943d6
ChIJWY8BJACf4jAR1kOZ2_ZN9oI,Dusit Arun Park,Ci9DQUlRQUNvZENodHljRjlvT2xwSVdIY3hWa1JhZDBwb1lrZGlXVWxaWlVkcFNVRRAB,5.0,如果您热爱都市绿地，那就一定要去都喜中央公园的都喜亚仑酒店 (Dusit Arun at Dusit Central Park) 看看。 它完美地融合了现代都市建筑与自然风光。酒店高达六楼，可饱览伦披尼公园 (Lumpini Park) 和是隆 (Silom) 天际线的 180 度壮丽景色。 酒店内设有舒适的座椅和咖啡厅，是您阅读、与朋友放松或拍照的理想场所。不妨在日落或夜晚前往，享受习习凉风和璀璨的城市灯光！,zh-CN,Wed May 20 2026 10:27:53 GMT-0700 (Pacific Daylight Time),Ravindra Indrajith,https://www.google.com/maps/reviews/data=!4m6!14m5!1m4!2m3!1sCi9DQUlRQUNvZENodHljRjlvT2xwSVdIY3hWa1JhZDBwb1lrZGlXVWxaWlVkcFNVRRAB!2m1!1s0x30e29f0024018f59:0x82f64df6db9943d6
ChIJWY8BJACf4jAR1kOZ2_ZN9oI,Dusit Arun Park,Ci9DQUlRQUNvZENodHljRjlvT25nMVRETklkR0kyVlVwUlIzTjFXRkZzVFU1eE9YYxAB,5.0,城市中心竟然藏着这么一片可爱的小绿地！这里宁静、干净、维护良好，是远离喧嚣街道的理想休憩之所。绿树成荫，步道优美，是放松身心、呼吸新鲜空气或拍照留念的绝佳去处。如果您在附近，绝对值得一游。,zh-CN,Fri Jul 24 2026 02:29:07 GMT-0700 (Pacific Daylight Time),giftzy_nana,https://www.google.com/maps/reviews/data=!4m6!14m5!1m4!2m3!1sCi9DQUlRQUNvZENodHljRjlvT25nMVRETklkR0kyVlVwUlIzTjFXRkZzVFU1eE9YYxAB!2m1!1s0x30e29f0024018f59:0x82f64df6db9943d6
ChIJZexvv1Wf4jAR7Mv4SGRxJxI,SKY SCAPE,ChdDSUhNMG9nS0VPYW8wcHJPaTctMW1RRRAB,3.0,不能算景点，也不能算公园，这是一个商场的十楼天台，可以拍照和休息，不允许带水进入天台范围，这栋楼有一个商学院business school，很多二十岁的学生，天台上有人在刷抖音和录视频直播等，短视频的渗透是全世界的 商场里吃饭真的便宜，韩国菜自助才329-399泰铢，昨天吃的自助是599泰铢੧😭੧೭😄౨,zh,Tue Jun 10 2025 03:28:45 GMT-0700 (Pacific Daylight Time),CPU Boy,https://www.google.com/maps/reviews/data=!4m6!14m5!1m4!2m3!1sChdDSUhNMG9nS0VPYW8wcHJPaTctMW1RRRAB!2m1!1s0x30e29f55bf6fec65:0x1227716448f8cbec
ChIJZexvv1Wf4jAR7Mv4SGRxJxI,SKY SCAPE,Ci9DQUlRQUNvZENodHljRjlvT25aaGRFZzVVRzFVTUVabWFrYzFWbEpxU0dNMVZHYxAB,5.0,从暹罗广场（Siam Scape）10楼，您可以穿过一扇门（需安保人员协助）前往屋顶花园，欣赏曼谷的壮丽景色。 注意：饮料和食物必须寄存在室外入口处的安保台。 免费入场。,zh-CN,Sat Jun 13 2026 05:20:47 GMT-0700 (Pacific Daylight Time),Đặng Len,https://www.google.com/maps/reviews/data=!4m6!14m5!1m4!2m3!1sCi9DQUlRQUNvZENodHljRjlvT25aaGRFZzVVRzFVTUVabWFrYzFWbEpxU0dNMVZHYxAB!2m1!1s0x30e29f55bf6fec65:0x1227716448f8cbec
ChIJZexvv1Wf4jAR7Mv4SGRxJxI,SKY SCAPE,Ci9DQUlRQUNvZENodHljRjlvT2s5aWNXZEtaREl5ZFZSNlVHTnplamxuWWtkVk9IYxAB,5.0,"The place it’s amazing, and it’s mind blowing they don’t charge nothing, it’s completely free. Unfortunately, for some reason they don’t allow you to bring drinks in the Sky Scape but overall it’s a good area to enjoy the view or a sunset.",en,Mon Jan 05 2026 19:51:07 GMT-0800 (Pacific Standard Time),Asggame,https://www.google.com/maps/reviews/data=!4m6!14m5!1m4!2m3!1sCi9DQUlRQUNvZENodHljRjlvT2s5aWNXZEtaREl5ZFZSNlVHTnplamxuWWtkVk9IYxAB!2m1!1s0x30e29f55bf6fec65:0x1227716448f8cbec
ChIJZexvv1Wf4jAR7Mv4SGRxJxI,SKY SCAPE,Ci9DQUlRQUNvZENodHljRjlvT2t0U05FaHVRbEJXYm1OalZtWldjSEJxTFZOaVYzYxAB,4.0,10楼有个空中小花园，楼下还有个挑高展区，去的时候刚好有一个建筑展，女儿在那免费做了个手工钥匙圈。,zh-CN,Sun Jul 13 2025 10:06:13 GMT-0700 (Pacific Daylight Time),YW CHEN (麥克風),https://www.google.com/maps/reviews/data=!4m6!14m5!1m4!2m3!1sCi9DQUlRQUNvZENodHljRjlvT2t0U05FaHVRbEJXYm1OalZtWldjSEJxTFZOaVYzYxAB!2m1!1s0x30e29f55bf6fec65:0x1227716448f8cbec
ChIJZexvv1Wf4jAR7Mv4SGRxJxI,SKY SCAPE,ChdDSUhNMG9nS0VJQ0FnSURlNktpVjNnRRAB,5.0,Siam(商圈)最新最夯打卡景点~~推荐必访！ Siam Scape是一栋新开幕不久的综合商业大楼，有办公室，补习班，以及各种购物商店的集合体 位于Siam Square商圈内，高耸建筑十分地醒目 而且就在MBK购物中心马路对面位置，前往交通便利，达成捷运BTS 在Siam站下车步行便能到达。 不只如此，大楼内从走进去一楼开始就很好拍 空间的白色灯光线条充满前卫时尚科技感 继续搭乘电扶梯上去到七楼又是另一惊艳地点 足足三层楼高的长方体天井是打卡网美拍照热门景点，在这里怎么拍都好看~~ 除此之外，九楼的室内空间以及十楼的户外休憩区也很厉害 灯光营造以及对于空间的运用都让人叹为观止 让人不需花钱就又高空景观视野可以欣赏，实在是“泰”佛心，所以很多学生造访这里休息 & 进修。 是一栋处处有亮点的特色建筑，值得造访。,zh-CN,Fri Sep 30 2022 16:15:09 GMT-0700 (Pacific Daylight Time),crosser,https://www.google.com/maps/reviews/data=!4m6!14m5!1m4!2m3!1sChdDSUhNMG9nS0VJQ0FnSURlNktpVjNnRRAB!2m1!1s0x30e29f55bf6fec65:0x1227716448f8cbec
ChIJ0TfnEdWe4jARBTKKG01uSlM,Chakkrabhong Square,Ci9DQUlRQUNvZENodHljRjlvT25aTmNYSkxXa3hNZEZrek5tcFpiMmhWZW1salYxRRAB,5.0,这所大学非常大，也很漂亮。🤯,zh-CN,Fri Jan 02 2026 05:59:27 GMT-0800 (Pacific Standard Time),Hieu Tran,https://www.google.com/maps/reviews/data=!4m6!14m5!1m4!2m3!1sCi9DQUlRQUNvZENodHljRjlvT25aTmNYSkxXa3hNZEZrek5tcFpiMmhWZW1salYxRRAB!2m1!1s0x30e29ed511e737d1:0x534a6e4d1b8a3205
ChIJ0TfnEdWe4jARBTKKG01uSlM,Chakkrabhong Square,ChdDSUhNMG9nS0VJQ0FnSUNwdDVEMHhnRRAB,4.0,学生应该能够以自己的方式使用这片公共空间，而不受大学学生事务部门的干预或干扰；另一方面，大学也应该支持学生在这里开展各种活动，包括参与政治活动、关注社会议题和推动社会运动。期待这所大学能够尽快更加开放地保障言论自由和集会自由。,zh-CN,Sat Aug 12 2023 02:24:50 GMT-0700 (Pacific Daylight Time),GARET,https://www.google.com/maps/reviews/data=!4m6!14m5!1m4!2m3!1sChdDSUhNMG9nS0VJQ0FnSUNwdDVEMHhnRRAB!2m1!1s0x30e29ed511e737d1:0x534a6e4d1b8a3205
ChIJ0TfnEdWe4jARBTKKG01uSlM,Chakkrabhong Square,ChZDSUhNMG9nS0VJQ0FnSUNLNmJpMlh3EAE,5.0,舒适、适合开会的地方、干净、漂亮、现代化。,zh-CN,Sat Apr 10 2021 07:13:02 GMT-0700 (Pacific Daylight Time),ありがと III,https://www.google.com/maps/reviews/data=!4m6!14m5!1m4!2m3!1sChZDSUhNMG9nS0VJQ0FnSUNLNmJpMlh3EAE!2m1!1s0x30e29ed511e737d1:0x534a6e4d1b8a3205
ChIJ0TfnEdWe4jARBTKKG01uSlM,Chakkrabhong Square,ChdDSUhNMG9nS0VJQ0FnSUNneGR1a3dBRRAB,5.0,工程学院和沙拉帕庆应寺附近有一个宁静优美的广场。,zh-CN,Fri Mar 10 2017 06:40:36 GMT-0800 (Pacific Standard Time),Stuart C (BKK),https://www.google.com/maps/reviews/data=!4m6!14m5!1m4!2m3!1sChdDSUhNMG9nS0VJQ0FnSUNneGR1a3dBRRAB!2m1!1s0x30e29ed511e737d1:0x534a6e4d1b8a3205
ChIJ0TfnEdWe4jARBTKKG01uSlM,Chakkrabhong Square,ChZDSUhNMG9nS0VJQ0FnSURJbEozY1VnEAE,3.0,这是一个小型活动区，外观类似于运动场，但面积要小得多。,zh-CN,Sat Dec 22 2018 18:13:28 GMT-0800 (Pacific Standard Time),Jinnaphat Kumhang,https://www.google.com/maps/reviews/data=!4m6!14m5!1m4!2m3!1sChZDSUhNMG9nS0VJQ0FnSURJbEozY1VnEAE!2m1!1s0x30e29ed511e737d1:0x534a6e4d1b8a3205
ChIJV2YMt9We4jARQVscUzL6Bqw,Larngear,Ci9DQUlRQUNvZENodHljRjlvT25KcmJrc3lVV2htWVVSb01qSnZiVTlmV1VwZlZuYxAB,5.0,-氛围良好 -树荫浓密,zh-CN,Sun Oct 12 2025 20:31:45 GMT-0700 (Pacific Daylight Time),Benzjie,https://www.google.com/maps/reviews/data=!4m6!14m5!1m4!2m3!1sCi9DQUlRQUNvZENodHljRjlvT25KcmJrc3lVV2htWVVSb01qSnZiVTlmV1VwZlZuYxAB!2m1!1s0x30e29ed5b70c6657:0xac06fa32531c5b41
ChIJV2YMt9We4jARQVscUzL6Bqw,Larngear,Ci9DQUlRQUNvZENodHljRjlvT2pCR1dtcG1RM2hNY1dkTU9VWjBiM1U0ZEhsNE4zYxAB,5.0,我们拍张照片吧。,zh-CN,Fri Sep 19 2025 06:48:26 GMT-0700 (Pacific Daylight Time),Yu ยุ Kong ก๋ง,https://www.google.com/maps/reviews/data=!4m6!14m5!1m4!2m3!1sCi9DQUlRQUNvZENodHljRjlvT2pCR1dtcG1RM2hNY1dkTU9VWjBiM1U0ZEhsNE4zYxAB!2m1!1s0x30e29ed5b70c6657:0xac06fa32531c5b41
ChIJV2YMt9We4jARQVscUzL6Bqw,Larngear,ChZDSUhNMG9nS0VJQ0FnSURab1BpdUF3EAE,4.0,正在装修，看起来惊艳壮观。,zh-CN,Thu Sep 21 2023 20:22:35 GMT-0700 (Pacific Daylight Time),BANLANG TAPSEN,https://www.google.com/maps/reviews/data=!4m6!14m5!1m4!2m3!1sChZDSUhNMG9nS0VJQ0FnSURab1BpdUF3EAE!2m1!1s0x30e29ed5b70c6657:0xac06fa32531c5b41
ChIJV2YMt9We4jARQVscUzL6Bqw,Larngear,ChdDSUhNMG9nS0VJQ0FnSURrNWFIbzBnRRAB,5.0,这里是每个工程系学生的必去之地！（其他院系的学生也可以来玩！）每年一月底，你都可以在这里观看CU Pompom的精彩表演！,zh-CN,Tue Jul 02 2019 05:07:07 GMT-0700 (Pacific Daylight Time),Marik Colussi,https://www.google.com/maps/reviews/data=!4m6!14m5!1m4!2m3!1sChdDSUhNMG9nS0VJQ0FnSURrNWFIbzBnRRAB!2m1!1s0x30e29ed5b70c6657:0xac06fa32531c5b41
ChIJV2YMt9We4jARQVscUzL6Bqw,Larngear,ChdDSUhNMG9nS0VJQ0FnSUNnMXJiRmlnRRAB,4.0,树荫下摆放着桌椅，可以坐下来小组讨论。这里环境凉爽舒适，绿树成荫。,zh-CN,Tue Aug 01 2017 20:09:34 GMT-0700 (Pacific Daylight Time),Anthony Apichart Meredith,https://www.google.com/maps/reviews/data=!4m6!14m5!1m4!2m3!1sChdDSUhNMG9nS0VJQ0FnSUNnMXJiRmlnRRAB!2m1!1s0x30e29ed5b70c6657:0xac06fa32531c5b41
ChIJKUV6ewyf4jAR-nKbq_5agaM,YOLO Forest Community,Ci9DQUlRQUNvZENodHljRjlvT21adk0wVmtWWE5hVTJ0Rk1VWlhlSEJ4WDNoRmNVRRAB,5.0,"Having visited YOLO Forest yesterday after more than ten years away, I found myself pleasantly surprised by how fully it has transformed — yet still retains a unique spirit. Located on Soi Somkid, the space now pulses with energy, curated dining, and a thoughtful blend of social setting and boutique discovery. What I love most: you sense immediately that people come here with intention—whether to savour a specific restaurant, meet a friend, or discover something new — not just to wander aimlessly while escaping the heat. That intentionality fits me well. The variety of food and beverage outlets is impressive. Stylish pizza places, cocktail bars, cozy coffee spots, chic boutiques: they all appear to have been picked with care. Sitting down at a table with a friend, choosing from among so many good options, felt like a genuine treat. Also noteworthy is the location’s convenience — easy access via BTS Chidlom or by car when traffic allows. The presence of a dedicated parking area for women near the elevator is a subtle but meaningful touch for comfort and security — I appreciated that refinement. On the flip side, if I were to name one minor reservation: while the overall layout and design feel modern and refreshing, some of the vehicular routes around the car-park appear a little narrow. If you’re driving into the deeper levels or exiting during peak hours, a measure of patience and skill is helpful. But this is a small caveat in what is otherwise a very enjoyable experience. In summary: YOLO Forest has reinvented itself into a destination of taste, style, and social ease — yet it remains authentic. For someone like me — who values travel, aesthetics, meaningful moments, and refined environments — it ranks as a delightful find in Bangkok’s urban tapestry. I’ll gladly return.",en,Sat Nov 08 2025 23:02:30 GMT-0800 (Pacific Standard Time),Nuchanart Saichompoo,https://www.google.com/maps/reviews/data=!4m6!14m5!1m4!2m3!1sCi9DQUlRQUNvZENodHljRjlvT21adk0wVmtWWE5hVTJ0Rk1VWlhlSEJ4WDNoRmNVRRAB!2m1!1s0x30e29f0c7b7a4529:0xa3815afeab9b72fa
ChIJKUV6ewyf4jAR-nKbq_5agaM,YOLO Forest Community,Ci9DQUlRQUNvZENodHljRjlvT2t4bmJFNTZOamx6T0dwUFowWmtVRk53TnpFMlJYYxAB,5.0,这是一个位于中央奇隆购物中心附近的小型迷人社区购物中心。这里汇集了众多健康养生商店，提供面部护理、美甲、美发和水疗服务。此外，还有几家精致餐厅，供应各式泰式和日式料理。 停车方便。,zh-CN,Thu Dec 18 2025 03:32:33 GMT-0800 (Pacific Standard Time),Little Pig and Hippo,https://www.google.com/maps/reviews/data=!4m6!14m5!1m4!2m3!1sCi9DQUlRQUNvZENodHljRjlvT2t4bmJFNTZOamx6T0dwUFowWmtVRk53TnpFMlJYYxAB!2m1!1s0x30e29f0c7b7a4529:0xa3815afeab9b72fa
ChIJKUV6ewyf4jAR-nKbq_5agaM,YOLO Forest Community,ChZDSUhNMG9nS0VJQ0FnSUN2MnAzZ2F3EAE,5.0,Omakase餐厅：新鲜、干净的食材，价格实惠，并提供多种套餐选择。,zh-CN,Mon Dec 09 2024 23:26:33 GMT-0800 (Pacific Standard Time),kritsadatham Thoopbucha,https://www.google.com/maps/reviews/data=!4m6!14m5!1m4!2m3!1sChZDSUhNMG9nS0VJQ0FnSUN2MnAzZ2F3EAE!2m1!1s0x30e29f0c7b7a4529:0xa3815afeab9b72fa
ChIJKUV6ewyf4jAR-nKbq_5agaM,YOLO Forest Community,ChdDSUhNMG9nS0VJQ0FnSUNYLWNpbXR3RRAB,5.0,在这里，您可以找到一家价格实惠的优质理发店。,zh-CN,Fri Oct 18 2024 05:40:21 GMT-0700 (Pacific Daylight Time),Stefan Marchitan,https://www.google.com/maps/reviews/data=!4m6!14m5!1m4!2m3!1sChdDSUhNMG9nS0VJQ0FnSUNYLWNpbXR3RRAB!2m1!1s0x30e29f0c7b7a4529:0xa3815afeab9b72fa
ChIJKUV6ewyf4jAR-nKbq_5agaM,YOLO Forest Community,ChZDSUhNMG9nS0VJQ0FnSUNONDlTOUp3EAE,4.0,好吃,zh-CN,Wed Jan 17 2024 04:32:09 GMT-0800 (Pacific Standard Time),south hindi mania,https://www.google.com/maps/reviews/data=!4m6!14m5!1m4!2m3!1sChZDSUhNMG9nS0VJQ0FnSUNONDlTOUp3EAE!2m1!1s0x30e29f0c7b7a4529:0xa3815afeab9b72fa
ChIJv5GbUJyZ4jARIAFCZp8ZYes,Samyan Mitrtown Sky Garden,Ci9DQUlRQUNvZENodHljRjlvT2psTWEwbGtaMEl3VXpSVVZuQmFXbkJoYkZsV1FWRRAB,5.0,📷 2025年3月6日，星期四，曼谷之旅 @ Samyan Mitrtown Sky Garden 这是一个视野极佳的城市景观花园，宽敞明亮，设有许多休息区。傍晚时分在此放松身心会非常惬意。花园内绿树成荫，阶梯纵横交错。我上传的照片是在下午拍摄的，当时阳光明媚，但仍有树荫遮蔽。,zh-CN,Sat May 16 2026 06:57:37 GMT-0700 (Pacific Daylight Time),ภาสกร สายวิรัช,https://www.google.com/maps/reviews/data=!4m6!14m5!1m4!2m3!1sCi9DQUlRQUNvZENodHljRjlvT2psTWEwbGtaMEl3VXpSVVZuQmFXbkJoYkZsV1FWRRAB!2m1!1s0x30e2999c509b91bf:0xeb61199f66420120
ChIJv5GbUJyZ4jARIAFCZp8ZYes,Samyan Mitrtown Sky Garden,ChZDSUhNMG9nS0VJQ0FnSURfOUlmelRnEAE,5.0,安静祥和。无论何时何地，我一到这里，就感觉这里熙熙攘攘。这里有很多座位可供选择，虽然日落不是直射，但这里仍然是一个观察天空变幻色彩的绝佳地点。我来这里已经有一段时间了，最近才发现这片宝地。,zh-CN,Tue Jan 21 2025 19:09:20 GMT-0800 (Pacific Standard Time),Ewa Tomczyk,https://www.google.com/maps/reviews/data=!4m6!14m5!1m4!2m3!1sChZDSUhNMG9nS0VJQ0FnSURfOUlmelRnEAE!2m1!1s0x30e2999c509b91bf:0xeb61199f66420120
ChIJv5GbUJyZ4jARIAFCZp8ZYes,Samyan Mitrtown Sky Garden,ChdDSUhNMG9nS0VJQ0FnSUR2ODktOGdBRRAB,5.0,这是曼谷市中心一处相对小众的拍照胜地，鲜为人知，游客也不多。我下午五点左右到访，当时非常安静，是拍照、小酌、欣赏风景的绝佳地点。 这里位于三岩（Samyan），距离是隆站（Silom）仅一站地铁（MRT Silom Station），靠近是隆、暹罗和朱拉隆功大学，交通十分便利。出地铁后，您可以直接通过连接通道进入三岩Mitrtown购物中心，然后搭乘电梯到五楼。 这里设有台阶、座椅和桌子，方便游客使用。从这里，您可以欣赏到标志性的“玉米塔”和其他高楼大厦、三岩十字路口的车水马龙，以及近在咫尺的寺庙。照片效果极佳，最棒的是这里人不多，营造出舒适放松的氛围。,zh-CN,Mon Dec 23 2024 17:33:34 GMT-0800 (Pacific Standard Time),Kenneth He,https://www.google.com/maps/reviews/data=!4m6!14m5!1m4!2m3!1sChdDSUhNMG9nS0VJQ0FnSUR2ODktOGdBRRAB!2m1!1s0x30e2999c509b91bf:0xeb61199f66420120
ChIJv5GbUJyZ4jARIAFCZp8ZYes,Samyan Mitrtown Sky Garden,ChdDSUhNMG9nS0VJQ0FnSUNCM2VpcDNBRRAB,5.0,ตั้งอยู่ชั้น 5 ชั้นเดียวกับ Hall เทียบจากชั้นแล้ว ไม่คิดว่าจะสูงจนเห็นวิวได้ทั่วแบบที่เห็นจากตึกระฟ้าทั้งหลาย แต่พอขึ้นไปจะพบว่ามีวิวที่โล่งสวยกว่าที่คิดไว้มาก ออกแบบได้ดีมากๆ การจัดบริเวณแบ่งออกเป็นส่วนที่เชื่อมต่อกับฮอลล์ เหมาะกับการพักเบรคสูดอากาศภายนอก ส่วนสักการะบูชาร ร.5 ร้านกาแฟ และแน่นอนบริเวณสวยที่มีที่นั่งหลายจุด ทั้งหันหน้าเข้าและออก แต่ละเวลาของวันได้สีและบรรยากาศที่แตกต่างไป เป็นจุดแวะชมที่ประทับใจจุดหนึ่งเลย,th,Sun Jan 01 2023 23:41:45 GMT-0800 (Pacific Standard Time),Ben The Pathfinder,https://www.google.com/maps/reviews/data=!4m6!14m5!1m4!2m3!1sChdDSUhNMG9nS0VJQ0FnSUNCM2VpcDNBRRAB!2m1!1s0x30e2999c509b91bf:0xeb61199f66420120
ChIJv5GbUJyZ4jARIAFCZp8ZYes,Samyan Mitrtown Sky Garden,ChdDSUhNMG9nS0VJQ0FnSUMzcThXUG1BRRAB,5.0,"Very nice view of the skyline of Bangkok. No entrance, it's free. It's on the 5th floor. Highly recommend visiting.",en,Sat Nov 09 2024 01:06:45 GMT-0800 (Pacific Standard Time),Matt G.,https://www.google.com/maps/reviews/data=!4m6!14m5!1m4!2m3!1sChdDSUhNMG9nS0VJQ0FnSUMzcThXUG1BRRAB!2m1!1s0x30e2999c509b91bf:0xeb61199f66420120
ChIJC1uY-pOf4jARhR5AiSki0IA,Meditation Garden in Wat Pathum Wanaram Rachaworawihan,ChZDSUhNMG9nS0VJQ0FnSUNUMnVxN2ZnEAE,5.0,尽管身处城市中心，这里却无比宁静祥和。周围高楼林立、购物中心鳞次栉比、人潮涌动，但置身其中，仿佛与世隔绝。这里绿树成荫，静谧安宁，是独处、亲近自然、冥想静思的理想之地。它位于帕通瓦纳兰寺 (Wat Pathum Wanaram) 后方，直接走进去即可。,zh-CN,Mon May 13 2024 10:20:43 GMT-0700 (Pacific Daylight Time),アラヤビヤ,https://www.google.com/maps/reviews/data=!4m6!14m5!1m4!2m3!1sChZDSUhNMG9nS0VJQ0FnSUNUMnVxN2ZnEAE!2m1!1s0x30e29f93fa985b0b:0x80d0222989401e85
ChIJC1uY-pOf4jARhR5AiSki0IA,Meditation Garden in Wat Pathum Wanaram Rachaworawihan,ChZDSUhNMG9nS0VJQ0FnSUNkaU5makV3EAE,5.0,如果你喜欢在大自然中冥想，这里绝对是必去之地。乍一看，在两大购物中心——中央世界购物中心和暹罗百丽宫——之间熙熙攘攘的区域，竟然藏着一座冥想花园，这简直令人难以置信。但你一定要来体验一下。它位于巴吞寺内。,zh-CN,Sat Feb 10 2024 08:37:16 GMT-0800 (Pacific Standard Time),BHARAT MAN SHRESTHA,https://www.google.com/maps/reviews/data=!4m6!14m5!1m4!2m3!1sChZDSUhNMG9nS0VJQ0FnSUNkaU5makV3EAE!2m1!1s0x30e29f93fa985b0b:0x80d0222989401e85
ChIJC1uY-pOf4jARhR5AiSki0IA,Meditation Garden in Wat Pathum Wanaram Rachaworawihan,ChdDSUhNMG9nS0VJQ0FnTURRNjlqMmtnRRAB,5.0,闹中取静 清幽 闲逸 能在曼谷蛋黄区有此冥想圣地 贵为难得 此生必到的冥想地之一 这次也在此许了愿 如顺利成真 年底将回此还愿顺便参加朱拉隆功泰语检定 I will be back ！,zh-CN,Sun Apr 20 2025 22:34:11 GMT-0700 (Pacific Daylight Time),Grace Lin,https://www.google.com/maps/reviews/data=!4m6!14m5!1m4!2m3!1sChdDSUhNMG9nS0VJQ0FnTURRNjlqMmtnRRAB!2m1!1s0x30e29f93fa985b0b:0x80d0222989401e85
ChIJC1uY-pOf4jARhR5AiSki0IA,Meditation Garden in Wat Pathum Wanaram Rachaworawihan,ChdDSUhNMG9nS0VJQ0FnTURBNnN6QXB3RRAB,4.0,改造后的区域很漂亮，但不如以前郁郁葱葱了。茂密的森林氛围完全消失了。,zh-CN,Fri Feb 07 2025 22:33:24 GMT-0800 (Pacific Standard Time),Arkom Pithakwirakun,https://www.google.com/maps/reviews/data=!4m6!14m5!1m4!2m3!1sChdDSUhNMG9nS0VJQ0FnTURBNnN6QXB3RRAB!2m1!1s0x30e29f93fa985b0b:0x80d0222989401e85
ChIJC1uY-pOf4jARhR5AiSki0IA,Meditation Garden in Wat Pathum Wanaram Rachaworawihan,ChZDSUhNMG9nS0VJQ0FnSUNWMzd2ZUpREAE,5.0,在曼谷的喧嚣中，冥想花园是一片宁静的绿洲。轻柔的音乐从扬声器中缓缓流淌。 花园位于中央世界百货公司（Central World）后方，毗邻暹罗百丽宫（Siam Paragon）百货公司，隶属于巴吞瓦纳拉姆寺（Wat Pathum Wanaram）。 园内禁止使用手机、大声喧哗和饮食。 寺庙后方设有指定的用餐区。 园内还设有干净的洗手间。 希望积攒来世福报的人可以拿起扫帚清扫地面。一些泰国人也会出于善心打扫洗手间。,zh-CN,Sat Dec 09 2023 19:32:04 GMT-0800 (Pacific Standard Time),Klaus XAXA,https://www.google.com/maps/reviews/data=!4m6!14m5!1m4!2m3!1sChZDSUhNMG9nS0VJQ0FnSUNWMzd2ZUpREAE!2m1!1s0x30e29f93fa985b0b:0x80d0222989401e85
ChIJwXNoTQmZ4jAR3PBcHnhDwkk,Suan Kaew,ChdDSUhNMG9nS0VJQ0FnSURtejQ3RnpBRRAB,4.0,玻璃花园（Suan Kaew）是旺塔帕寺（现为西那空大学）内的一座小型花园。它最初是皇室的休闲花园，因园内种植着许多“Kaew”树（一种茉莉花）而得名。花园​​内有一座名为萨拉东特里（Sala Dontri，音乐亭）的小型木制凉亭，采用开放式设计，仅有一面后墙，并饰以精美的姜饼风格木雕。,zh-CN,Sat Feb 12 2022 17:37:21 GMT-0800 (Pacific Standard Time),Yuu T.,https://www.google.com/maps/reviews/data=!4m6!14m5!1m4!2m3!1sChdDSUhNMG9nS0VJQ0FnSURtejQ3RnpBRRAB!2m1!1s0x30e299094d6873c1:0x49c243781e5cf0dc
ChIJwXNoTQmZ4jAR3PBcHnhDwkk,Suan Kaew,ChdDSUhNMG9nS0VJQ0FnSURGLW9ieGlRRRAB,5.0,这里是个凉爽宁静的夜晚休憩好去处。这里有一座建于拉玛三世国王统治时期的音乐亭，亭子外墙是美丽的绿色。,zh-CN,Mon Nov 06 2023 02:34:05 GMT-0800 (Pacific Standard Time),Narak TeewA,https://www.google.com/maps/reviews/data=!4m6!14m5!1m4!2m3!1sChdDSUhNMG9nS0VJQ0FnSURGLW9ieGlRRRAB!2m1!1s0x30e299094d6873c1:0x49c243781e5cf0dc
ChIJwXNoTQmZ4jAR3PBcHnhDwkk,Suan Kaew,ChZDSUhNMG9nS0VJQ0FnSUNBNzV5UFNREAE,5.0,这里非常适合带学生来写生；氛围很棒。如果你看到来自西那功大学的艺术系学生在这里写生，那就更有沉浸感了。,zh-CN,Mon Jan 29 2018 07:17:50 GMT-0800 (Pacific Standard Time),the Sw Eden Roadruncom,https://www.google.com/maps/reviews/data=!4m6!14m5!1m4!2m3!1sChZDSUhNMG9nS0VJQ0FnSUNBNzV5UFNREAE!2m1!1s0x30e299094d6873c1:0x49c243781e5cf0dc
ChIJwXNoTQmZ4jAR3PBcHnhDwkk,Suan Kaew,Ci9DQUlRQUNvZENodHljRjlvT21GNFJUQlhha1ZSYnkxZlkwZ3hlRTVrUnpKVVUyYxAB,5.0,,,Fri Feb 06 2026 20:10:21 GMT-0800 (Pacific Standard Time),opas wongtaweesap,https://www.google.com/maps/reviews/data=!4m6!14m5!1m4!2m3!1sCi9DQUlRQUNvZENodHljRjlvT21GNFJUQlhha1ZSYnkxZlkwZ3hlRTVrUnpKVVUyYxAB!2m1!1s0x30e299094d6873c1:0x49c243781e5cf0dc
ChIJwXNoTQmZ4jAR3PBcHnhDwkk,Suan Kaew,ChZDSUhNMG9nS0VJQ0FnSURVeEtqX1NREAE,4.0,目前因维护而关闭。如果您计划参观，我们建议您明年前来。,zh-CN,Wed Aug 14 2019 02:56:02 GMT-0700 (Pacific Daylight Time),Supanut Maiyos,https://www.google.com/maps/reviews/data=!4m6!14m5!1m4!2m3!1sChZDSUhNMG9nS0VJQ0FnSURVeEtqX1NREAE!2m1!1s0x30e299094d6873c1:0x49c243781e5cf0dc
ChIJR2gG7wqZ4jAR3xWhJ8kDqDw,Sathan Phimuk Garden,ChdDSUhNMG9nS0VJQ0FnSUNuLTc3eWpnRRAB,4.0,这是一个位于诗丽吉医院内，毗邻湄南河的小型休闲花园。园内设有凉亭供人休憩，可享受来自河面的习习凉风和宜人的景色。这里环境也相对安静。,zh-CN,Mon Sep 30 2024 05:44:28 GMT-0700 (Pacific Daylight Time),ธนกร รอดเนียม,https://www.google.com/maps/reviews/data=!4m6!14m5!1m4!2m3!1sChdDSUhNMG9nS0VJQ0FnSUNuLTc3eWpnRRAB!2m1!1s0x30e2990aef066847:0x3ca803c927a115df
ChIJR2gG7wqZ4jAR3xWhJ8kDqDw,Sathan Phimuk Garden,ChZDSUhNMG9nS0VJQ0FnSUR5OGRiTGF3EAE,3.0,这个小型健身公园位于诗丽吉医院院内，紧邻河边，环境非常宜人。,zh-CN,Thu Mar 11 2021 03:34:09 GMT-0800 (Pacific Standard Time),powtai charoensurasathon,https://www.google.com/maps/reviews/data=!4m6!14m5!1m4!2m3!1sChZDSUhNMG9nS0VJQ0FnSUR5OGRiTGF3EAE!2m1!1s0x30e2990aef066847:0x3ca803c927a115df
ChIJR2gG7wqZ4jAR3xWhJ8kDqDw,Sathan Phimuk Garden,Ci9DQUlRQUNvZENodHljRjlvT2pWNmR6UnBlVFI1ZFV0dVJuWXpRV2MyY1VSaVRXYxAB,4.0,这是一个环境优美、凉爽宜人的地方，可以坐下来欣赏水边的景色。,zh-CN,Fri Oct 17 2025 21:34:52 GMT-0700 (Pacific Daylight Time),Yokko Chill,https://www.google.com/maps/reviews/data=!4m6!14m5!1m4!2m3!1sCi9DQUlRQUNvZENodHljRjlvT2pWNmR6UnBlVFI1ZFV0dVJuWXpRV2MyY1VSaVRXYxAB!2m1!1s0x30e2990aef066847:0x3ca803c927a115df
ChIJR2gG7wqZ4jAR3xWhJ8kDqDw,Sathan Phimuk Garden,ChZDSUhNMG9nS0VJQ0FnSUMwejUzdklREAE,5.0,这真是一座令人惊艳的公共花园，地理位置绝佳，可直接俯瞰流经曼谷的主要河流。花园维护得无可挑剔，拥有多处绿树成荫、宁静祥和的休憩场所。,zh-CN,Mon Oct 14 2019 18:22:33 GMT-0700 (Pacific Daylight Time),Alessio Fauni,https://www.google.com/maps/reviews/data=!4m6!14m5!1m4!2m3!1sChZDSUhNMG9nS0VJQ0FnSUMwejUzdklREAE!2m1!1s0x30e2990aef066847:0x3ca803c927a115df
ChIJR2gG7wqZ4jAR3xWhJ8kDqDw,Sathan Phimuk Garden,ChZDSUhNMG9nS0VJQ0FnSUNRdDlqV0V3EAE,4.0,国王陛下慷慨地将皮穆克公园赐予诗丽吉医院，作为举办活动的多功能场所，以及医院员工、住院病人和公众的休闲场所。,zh-CN,Fri Jul 28 2017 17:43:29 GMT-0700 (Pacific Daylight Time),Paradorn Tonthong,https://www.google.com/maps/reviews/data=!4m6!14m5!1m4!2m3!1sChZDSUhNMG9nS0VJQ0FnSUNRdDlqV0V3EAE!2m1!1s0x30e2990aef066847:0x3ca803c927a115df
ChIJbdONUwCZ4jAR1l_v5PKv3dE,沙吞广场迷你树林,ChdDSUhNMG9nS0VJQ0FnSUNMOE1mczhRRRAB,5.0,"The garden outside Sathorn Square is a hidden gem for smokers and vapers. This smoking zone is equipped with outdoor seating, ash trays, and trash cans, all meticulously maintained by diligent cleaners. Partially concealed by lush plants and shrubs, it offers a convenient and serene spot for a rest break. Free to use and consistently clean, it's perfect for a quick recharge before heading back to work. As a frequent visitor for years, I highly recommend this tranquil space. 5 stars!",en,Fri Jun 14 2024 01:53:02 GMT-0700 (Pacific Daylight Time),Zainal,https://www.google.com/maps/reviews/data=!4m6!14m5!1m4!2m3!1sChdDSUhNMG9nS0VJQ0FnSUNMOE1mczhRRRAB!2m1!1s0x30e29900538dd36d:0xd1ddaff2e4ef5fd6
ChIJfeafXB6f4jARarjF8IxYZPQ,ลานเสรีภาพ คณะรัฐศาสตร์ จุฬาฯ,ChdDSUhNMG9nS0VJQ0FnSUNCM09UbTZRRRAB,5.0,这是供学生在大学内进行活动的公共空间。,zh-CN,Mon Dec 19 2022 11:50:11 GMT-0800 (Pacific Standard Time),GARET,https://www.google.com/maps/reviews/data=!4m6!14m5!1m4!2m3!1sChdDSUhNMG9nS0VJQ0FnSUNCM09UbTZRRRAB!2m1!1s0x30e29f1e5c9fe67d:0xf464588cf0c5b86a
ChIJfeafXB6f4jARarjF8IxYZPQ,ลานเสรีภาพ คณะรัฐศาสตร์ จุฬาฯ,ChdDSUhNMG9nS0VJQ0FnSUNsbnMybTF3RRAB,5.0,,,Sat Nov 18 2023 23:03:30 GMT-0800 (Pacific Standard Time),Suthira Suriwong,https://www.google.com/maps/reviews/data=!4m6!14m5!1m4!2m3!1sChdDSUhNMG9nS0VJQ0FnSUNsbnMybTF3RRAB!2m1!1s0x30e29f1e5c9fe67d:0xf464588cf0c5b86a
ChIJfeafXB6f4jARarjF8IxYZPQ,ลานเสรีภาพ คณะรัฐศาสตร์ จุฬาฯ,Ci9DQUlRQUNvZENodHljRjlvT2kwMk9GWTNaelZQTkV0WlkxZFdWR1owUnpKQlRXYxAB,5.0,,,Fri Mar 13 2026 09:12:03 GMT-0700 (Pacific Daylight Time),เด่น สืบรัมย์,https://www.google.com/maps/reviews/data=!4m6!14m5!1m4!2m3!1sCi9DQUlRQUNvZENodHljRjlvT2kwMk9GWTNaelZQTkV0WlkxZFdWR1owUnpKQlRXYxAB!2m1!1s0x30e29f1e5c9fe67d:0xf464588cf0c5b86a
ChIJfeafXB6f4jARarjF8IxYZPQ,ลานเสรีภาพ คณะรัฐศาสตร์ จุฬาฯ,ChZDSUhNMG9nS0VJQ0FnSURwXzdtbmRBEAE,3.0,,,Fri Sep 01 2023 07:44:50 GMT-0700 (Pacific Daylight Time),Ahmed Mamdouh,https://www.google.com/maps/reviews/data=!4m6!14m5!1m4!2m3!1sChZDSUhNMG9nS0VJQ0FnSURwXzdtbmRBEAE!2m1!1s0x30e29f1e5c9fe67d:0xf464588cf0c5b86a
ChIJt9J4fiuf4jAR0XbGXOYigDs,Kings Gardens,Ci9DQUlRQUNvZENodHljRjlvT2tzMVF6WkZSa2QwY2t0alV6aEZYMVpqY0hwdU9GRRAB,5.0,,,Tue Nov 04 2025 20:33:19 GMT-0800 (Pacific Standard Time),พงศกร อวกาศกุล,https://www.google.com/maps/reviews/data=!4m6!14m5!1m4!2m3!1sCi9DQUlRQUNvZENodHljRjlvT2tzMVF6WkZSa2QwY2t0alV6aEZYMVpqY0hwdU9GRRAB!2m1!1s0x30e29f2b7e78d2b7:0x3b8022e65cc676d1
ChIJt9J4fiuf4jAR0XbGXOYigDs,Kings Gardens,ChZDSUhNMG9nS0VJQ0FnSUNRLXF2R0VREAE,4.0,,,Wed Feb 17 2016 13:25:36 GMT-0800 (Pacific Standard Time),Anulak Khamkhen (Nudee),https://www.google.com/maps/reviews/data=!4m6!14m5!1m4!2m3!1sChZDSUhNMG9nS0VJQ0FnSUNRLXF2R0VREAE!2m1!1s0x30e29f2b7e78d2b7:0x3b8022e65cc676d1
ChIJlVqa2HWZ4jARFq_qKVa3I-A,Pinklao Garden,ChZDSUhNMG9nS0VJQ0FnSUNnLUkzSVB3EAE,5.0,ทำเลทองบนปิ่นเกล้า ที่ราคายังรับได้อยู่,th,Mon Jan 23 2017 23:36:43 GMT-0800 (Pacific Standard Time),Tiger Weng,https://www.google.com/maps/reviews/data=!4m6!14m5!1m4!2m3!1sChZDSUhNMG9nS0VJQ0FnSUNnLUkzSVB3EAE!2m1!1s0x30e29975d89a5a95:0xe023b75629eaaf16
ChIJlVqa2HWZ4jARFq_qKVa3I-A,Pinklao Garden,ChdDSUhNMG9nS0VJQ0FnSURBdXZpZW1nRRAB,3.0,停车位非常少 :P,zh-CN,Thu Aug 10 2017 19:58:59 GMT-0700 (Pacific Daylight Time),VincereSpesso oft,https://www.google.com/maps/reviews/data=!4m6!14m5!1m4!2m3!1sChdDSUhNMG9nS0VJQ0FnSURBdXZpZW1nRRAB!2m1!1s0x30e29975d89a5a95:0xe023b75629eaaf16
ChIJlVqa2HWZ4jARFq_qKVa3I-A,Pinklao Garden,ChdDSUhNMG9nS0VJQ0FnSUNTeThHeTdnRRAB,5.0,,,Wed Dec 16 2020 21:16:21 GMT-0800 (Pacific Standard Time),Song Song,https://www.google.com/maps/reviews/data=!4m6!14m5!1m4!2m3!1sChdDSUhNMG9nS0VJQ0FnSUNTeThHeTdnRRAB!2m1!1s0x30e29975d89a5a95:0xe023b75629eaaf16
ChIJ_-etBACZ4jARmyxjnYifetw,Wingo Memorial Park (Palm Park),Ci9DQUlRQUNvZENodHljRjlvT2xwSmRqQmlSSE5PUTBsSldtSmtRa2M0YjAxNmExRRAB,5.0,这里非常安静，是悠闲散步的绝佳去处。🤩,zh-CN,Sun Oct 05 2025 06:43:21 GMT-0700 (Pacific Daylight Time),Korn Sirithanakul,https://www.google.com/maps/reviews/data=!4m6!14m5!1m4!2m3!1sCi9DQUlRQUNvZENodHljRjlvT2xwSmRqQmlSSE5PUTBsSldtSmtRa2M0YjAxNmExRRAB!2m1!1s0x30e2990004ade7ff:0xdc7a9f889d632c9b
ChIJ_-etBACZ4jARmyxjnYifetw,Wingo Memorial Park (Palm Park),Ci9DQUlRQUNvZENodHljRjlvT2tKNFVETm5YMVp3YVc5WWIySlFOM2RtY1ZoS1JGRRAB,5.0,散步很有趣，尤其是长途散步。,zh-CN,Sat Sep 06 2025 12:25:40 GMT-0700 (Pacific Daylight Time),Phakorn Limaroon,https://www.google.com/maps/reviews/data=!4m6!14m5!1m4!2m3!1sCi9DQUlRQUNvZENodHljRjlvT2tKNFVETm5YMVp3YVc5WWIySlFOM2RtY1ZoS1JGRRAB!2m1!1s0x30e2990004ade7ff:0xdc7a9f889d632c9b
ChIJ_-etBACZ4jARmyxjnYifetw,Wingo Memorial Park (Palm Park),Ci9DQUlRQUNvZENodHljRjlvT21GWVh6Uk9SbDlpUVhOclQyeHZVVFZ5V2tWSk4wRRAB,5.0,ขาดนกครับ,th,Sat Sep 06 2025 13:16:21 GMT-0700 (Pacific Daylight Time),Thanapat Prasertsith,https://www.google.com/maps/reviews/data=!4m6!14m5!1m4!2m3!1sCi9DQUlRQUNvZENodHljRjlvT21GWVh6Uk9SbDlpUVhOclQyeHZVVFZ5V2tWSk4wRRAB!2m1!1s0x30e2990004ade7ff:0xdc7a9f889d632c9b
ChIJ_-etBACZ4jARmyxjnYifetw,Wingo Memorial Park (Palm Park),Ci9DQUlRQUNvZENodHljRjlvT2sweVptSnRkRXhPVVVjeGRGQldVVFl0VmsxbWEwRRAB,5.0,,,Tue Sep 30 2025 04:03:07 GMT-0700 (Pacific Daylight Time),Trin,https://www.google.com/maps/reviews/data=!4m6!14m5!1m4!2m3!1sCi9DQUlRQUNvZENodHljRjlvT2sweVptSnRkRXhPVVVjeGRGQldVVFl0VmsxbWEwRRAB!2m1!1s0x30e2990004ade7ff:0xdc7a9f889d632c9b
ChIJ_-etBACZ4jARmyxjnYifetw,Wingo Memorial Park (Palm Park),Ci9DQUlRQUNvZENodHljRjlvT2kxZmNYRktjaTE2ZEhwMWNrbFRhbUkwYTBGaFJHYxAB,5.0,,,Mon Feb 02 2026 08:20:01 GMT-0800 (Pacific Standard Time),Rata Surithpinyo,https://www.google.com/maps/reviews/data=!4m6!14m5!1m4!2m3!1sCi9DQUlRQUNvZENodHljRjlvT2kxZmNYRktjaTE2ZEhwMWNrbFRhbUkwYTBGaFJHYxAB!2m1!1s0x30e2990004ade7ff:0xdc7a9f889d632c9b
ChIJr9Eigc2e4jAR5H-gEWSC2DE,Garden Fiynow III,ChZDSUhNMG9nS0VJQ0FnSUR5bWN5cUVREAE,5.0,,,Fri Mar 12 2021 09:02:36 GMT-0800 (Pacific Standard Time),Salaya William,https://www.google.com/maps/reviews/data=!4m6!14m5!1m4!2m3!1sChZDSUhNMG9nS0VJQ0FnSUR5bWN5cUVREAE!2m1!1s0x30e29ecd8122d1af:0x31d8826411a07fe4
ChIJp3C95dKY4jAROlVYB03slTs,是隆广场商业区,ChdDSUhNMG9nS0VJQ0FnSURRM3RuODV3RRAB,3.0,中餐馆多,zh,Fri Jul 29 2016 07:18:16 GMT-0700 (Pacific Daylight Time),方龙,https://www.google.com/maps/reviews/data=!4m6!14m5!1m4!2m3!1sChdDSUhNMG9nS0VJQ0FnSURRM3RuODV3RRAB!2m1!1s0x30e298d2e5bd70a7:0x3b95ec4d0758553a
ChIJp3C95dKY4jAROlVYB03slTs,是隆广场商业区,ChZDSUhNMG9nS0VJQ0FnSUNRM3BMc1lnEAE,5.0,好地方,zh,Fri May 13 2016 21:29:15 GMT-0700 (Pacific Daylight Time),Robert Leung,https://www.google.com/maps/reviews/data=!4m6!14m5!1m4!2m3!1sChZDSUhNMG9nS0VJQ0FnSUNRM3BMc1lnEAE!2m1!1s0x30e298d2e5bd70a7:0x3b95ec4d0758553a
ChIJp3C95dKY4jAROlVYB03slTs,是隆广场商业区,Ci9DQUlRQUNvZENodHljRjlvT25CRWVtNWlUMUI0VlRKNlUxbENUMDFUV0d0aGRHYxAB,5.0,曼谷下一个「必打卡地标」 要来了 全新大型地标 Hatai（หทัย） 正式亮相 最吸睛的， 是这一栋栋像「泰国灯笼」堆叠起来的超狂建筑 🏮建筑灵感取自泰国传统灯笼工艺 🇬🇧由英国知名设计师 Thomas Heatherwick操刀 🏙️地点就在曼谷 Silom 🏨确定有顶级奢华酒店 Six Senses 六善酒店进驻 而且它不只是一间酒店 整个 Hatai 将结合酒店、零售商场、餐饮、休闲空间与大型户外公共区域 像巨型艺术品 📅 预计 2027 年底完工 你觉得它会不会成为下一个曼谷爆红地标？,zh,Fri Aug 14 2026 12:29:15 GMT-0700 (Pacific Daylight Time),Le Le,https://www.google.com/maps/reviews/data=!4m6!14m5!1m4!2m3!1sCi9DQUlRQUNvZENodHljRjlvT25CRWVtNWlUMUI0VlRKNlUxbENUMDFUV0d0aGRHYxAB!2m1!1s0x30e298d2e5bd70a7:0x3b95ec4d0758553a
ChIJp3C95dKY4jAROlVYB03slTs,是隆广场商业区,Ci9DQUlRQUNvZENodHljRjlvT2pFemVHbG5PWE5HV2xkS1VsTkZjVW95Y1ZNNWNXYxAB,5.0,一楼有餐饮场所和按摩店，顶层好像是豪华公寓。电梯视野不错。离大多数公共交通站点都很近。,zh-CN,Tue Dec 23 2025 22:40:48 GMT-0800 (Pacific Standard Time),Mojo,https://www.google.com/maps/reviews/data=!4m6!14m5!1m4!2m3!1sCi9DQUlRQUNvZENodHljRjlvT2pFemVHbG5PWE5HV2xkS1VsTkZjVW95Y1ZNNWNXYxAB!2m1!1s0x30e298d2e5bd70a7:0x3b95ec4d0758553a
ChIJp3C95dKY4jAROlVYB03slTs,是隆广场商业区,Ci9DQUlRQUNvZENodHljRjlvT204d2NGbFphR2hGYlVsV1RFRTNMVTV4UlRFM2RGRRAB,4.0,一楼有多家药店和美食广场快闪店。一楼还有美味的冰沙和鲜榨果汁！以及其他所有常见的广场购物体验。,zh-CN,Sun Dec 07 2025 19:17:55 GMT-0800 (Pacific Standard Time),Don MacAuslan,https://www.google.com/maps/reviews/data=!4m6!14m5!1m4!2m3!1sCi9DQUlRQUNvZENodHljRjlvT204d2NGbFphR2hGYlVsV1RFRTNMVTV4UlRFM2RGRRAB!2m1!1s0x30e298d2e5bd70a7:0x3b95ec4d0758553a
ChIJa5wLF22Z4jARckyHYYNbpjE,พลาซ่า บางลำภู,ChdDSUhNMG9nS0VJQ0FnSURJbnBuN3ZnRRAB,4.0,即使是工作日，这里也很拥挤。有很多外国人，街边也有很多商店可以逛。查纳颂堪寺也在附近的市区内。,zh-CN,Sat Jan 05 2019 19:31:43 GMT-0800 (Pacific Standard Time),Saran R.,https://www.google.com/maps/reviews/data=!4m6!14m5!1m4!2m3!1sChdDSUhNMG9nS0VJQ0FnSURJbnBuN3ZnRRAB!2m1!1s0x30e2996d170b9c6b:0x31a65b8361874c72
ChIJa5wLF22Z4jARckyHYYNbpjE,พลาซ่า บางลำภู,ChdDSUhNMG9nS0VJQ0FnSUN3N19iX29RRRAB,5.0,这里是购买各种制服或服装的好地方。店铺众多，款式多样，而且价格也不贵。,zh-CN,Wed Aug 15 2018 18:18:53 GMT-0700 (Pacific Daylight Time),Nutt Bk,https://www.google.com/maps/reviews/data=!4m6!14m5!1m4!2m3!1sChdDSUhNMG9nS0VJQ0FnSUN3N19iX29RRRAB!2m1!1s0x30e2996d170b9c6b:0x31a65b8361874c72
ChIJa5wLF22Z4jARckyHYYNbpjE,พลาซ่า บางลำภู,ChdDSUhNMG9nS0VJQ0FnSURLbXBiVi1RRRAB,3.0,,,Fri May 07 2021 22:19:16 GMT-0700 (Pacific Daylight Time),ภนิตา สังเมฆ,https://www.google.com/maps/reviews/data=!4m6!14m5!1m4!2m3!1sChdDSUhNMG9nS0VJQ0FnSURLbXBiVi1RRRAB!2m1!1s0x30e2996d170b9c6b:0x31a65b8361874c72
ChIJa5wLF22Z4jARckyHYYNbpjE,พลาซ่า บางลำภู,ChZDSUhNMG9nS0VJQ0FnSUNRaS0zMEdBEAE,4.0,,,Thu Feb 05 2015 05:35:26 GMT-0800 (Pacific Standard Time),Nrung Korsuwan,https://www.google.com/maps/reviews/data=!4m6!14m5!1m4!2m3!1sChZDSUhNMG9nS0VJQ0FnSUNRaS0zMEdBEAE!2m1!1s0x30e2996d170b9c6b:0x31a65b8361874c72
ChIJid2lFUic4jARG9LwkMpdo3k,บริษัท พีเพิล พลาซ่า จำกัด,ChdDSUhNMG9nS0VJQ0FnSUNnODZETl9BRRAB,5.0,,,Wed Jun 21 2017 06:45:33 GMT-0700 (Pacific Daylight Time),นาย ภูมภัสส์ สุขรัตน์นวโชติ,https://www.google.com/maps/reviews/data=!4m6!14m5!1m4!2m3!1sChdDSUhNMG9nS0VJQ0FnSUNnODZETl9BRRAB!2m1!1s0x30e29c4815a5dd89:0x79a35dca90f0d21b
ChIJ6dUQpoKZ4jARVWDH6kSvwGE,Pata Zoo Company Limited,Ci9DQUlRQUNvZENodHljRjlvT2xNMlNqVmtlRkIyT1dOaFFsWXpRV05mZFZkeVpYYxAB,5.0,在一栋几近废弃的商业楼的7楼和6楼，动物的品种还是有点多的，但是观看大猩猩需要另外付费。蟒蛇展示有点看头。门票泰国人120泰铢，外国人300泰铢，停车费3小时20泰铢。停车场入口有麦当劳和肯德基。,zh,Mon Mar 16 2026 16:41:38 GMT-0700 (Pacific Daylight Time),Allan Tse,https://www.google.com/maps/reviews/data=!4m6!14m5!1m4!2m3!1sCi9DQUlRQUNvZENodHljRjlvT2xNMlNqVmtlRkIyT1dOaFFsWXpRV05mZFZkeVpYYxAB!2m1!1s0x30e29982a610d5e9:0x61c0af44eac76055
ChIJ6dUQpoKZ4jARVWDH6kSvwGE,Pata Zoo Company Limited,Ci9DQUlRQUNvZENodHljRjlvT25sSWJHUk5ZVVZRU1cxdFZYTTRUR2hrV0dNM2VFRRAB,1.0,本地人120泰铢 外国人成人是300泰铢 也不是什么非去不可得地方🙅,zh,Sun Sep 28 2025 01:52:46 GMT-0700 (Pacific Daylight Time),YU YU,https://www.google.com/maps/reviews/data=!4m6!14m5!1m4!2m3!1sCi9DQUlRQUNvZENodHljRjlvT25sSWJHUk5ZVVZRU1cxdFZYTTRUR2hrV0dNM2VFRRAB!2m1!1s0x30e29982a610d5e9:0x61c0af44eac76055
ChIJ6dUQpoKZ4jARVWDH6kSvwGE,Pata Zoo Company Limited,ChZDSUhNMG9nS0VJQ0FnSURWNE5yQlVREAE,5.0,周末休闲小去处，40年的迷你动物园。值得一去。,zh,Sun Dec 10 2023 01:56:22 GMT-0800 (Pacific Standard Time),LEO LUO,https://www.google.com/maps/reviews/data=!4m6!14m5!1m4!2m3!1sChZDSUhNMG9nS0VJQ0FnSURWNE5yQlVREAE!2m1!1s0x30e29982a610d5e9:0x61c0af44eac76055
ChIJ6dUQpoKZ4jARVWDH6kSvwGE,Pata Zoo Company Limited,ChZDSUhNMG9nS0VJQ0FnSUNLb2U2SVBBEAE,1.0,环境很差,zh,Wed Apr 07 2021 23:14:17 GMT-0700 (Pacific Daylight Time),Rong,https://www.google.com/maps/reviews/data=!4m6!14m5!1m4!2m3!1sChZDSUhNMG9nS0VJQ0FnSUNLb2U2SVBBEAE!2m1!1s0x30e29982a610d5e9:0x61c0af44eac76055
ChIJ6dUQpoKZ4jARVWDH6kSvwGE,Pata Zoo Company Limited,Ci9DQUlRQUNvZENodHljRjlvT2pWTmIwaFFUMDFETmpSalMwNXZNa0p3UWxKRGRrRRAB,5.0,四十年过去了，这座美丽的动物园依然如故。建筑或许略显陈旧，但动物园的整体比例依然完美。可惜的是，当我们上到七楼买票时（买票时会赠送餐饮折扣券，省了不少钱！），也就是室外鸟类展区，却突然下起了雨。于是我们下到五楼吃午饭。食物美味可口，分量十足——物超所值！之后，我们上到六楼去看动物。动物们井然有序、干净整洁，而且没有异味。它们看起来都很快乐。下午两点和四点都有舞台表演，每次的表演者都不一样。纪念品商店附近有一家很棒的咖啡馆。所有工作人员都彬彬有礼、热情友好，服务周到。我强烈推荐带孩子和孙子孙女来这里参观。希望它能一直运营下去！目前，动物园只在周五、周六、周日和公众假期开放。门票价格非常便宜，成人只需120泰铢。如果它再次关闭，那将是一大损失。请继续经营下去！,zh-CN,Mon May 11 2026 03:50:40 GMT-0700 (Pacific Daylight Time),Audy Adhinan,https://www.google.com/maps/reviews/data=!4m6!14m5!1m4!2m3!1sCi9DQUlRQUNvZENodHljRjlvT2pWTmIwaFFUMDFETmpSalMwNXZNa0p3UWxKRGRrRRAB!2m1!1s0x30e29982a610d5e9:0x61c0af44eac76055
ChIJm1XmZPWZ4jARLMipMDnelFM,บ้านนกแก้วฮาชิฮาคิน,Ci9DQUlRQUNvZENodHljRjlvT2pWRFdVNVVhRlpyYURaRWEzQktiR3QzT1dKTE4wRRAB,5.0,,,Sat Jun 27 2026 19:46:34 GMT-0700 (Pacific Daylight Time),Anan Thanomram,https://www.google.com/maps/reviews/data=!4m6!14m5!1m4!2m3!1sCi9DQUlRQUNvZENodHljRjlvT2pWRFdVNVVhRlpyYURaRWEzQktiR3QzT1dKTE4wRRAB!2m1!1s0x30e299f564e6559b:0x5394de3930a9c82c
ChIJm1XmZPWZ4jARLMipMDnelFM,บ้านนกแก้วฮาชิฮาคิน,ChdDSUhNMG9nS0VJQ0FnSUQ3MnIteXhBRRAB,5.0,,,Fri Aug 23 2024 08:38:12 GMT-0700 (Pacific Daylight Time),Nikkhah A,https://www.google.com/maps/reviews/data=!4m6!14m5!1m4!2m3!1sChdDSUhNMG9nS0VJQ0FnSUQ3MnIteXhBRRAB!2m1!1s0x30e299f564e6559b:0x5394de3930a9c82c
ChIJm1XmZPWZ4jARLMipMDnelFM,บ้านนกแก้วฮาชิฮาคิน,ChdDSUhNMG9nS0VJQ0FnSUR6bDVicXhnRRAB,4.0,,,Wed Jun 12 2024 20:42:01 GMT-0700 (Pacific Daylight Time),Wong Cheukhin,https://www.google.com/maps/reviews/data=!4m6!14m5!1m4!2m3!1sChdDSUhNMG9nS0VJQ0FnSUR6bDVicXhnRRAB!2m1!1s0x30e299f564e6559b:0x5394de3930a9c82c
ChIJH4I85c2e4jARUMYLeiqfBd0,SEA LIFE Bangkok Ocean World,Ci9DQUlRQUNvZENodHljRjlvT21RMVdXNW1XWEU0YW5Sa2NVRnJWV2htY1doRFZrRRAB,3.0,"Visit: April 2026 The layout is decent enough, but for an aquarium of this size, the nearly 1,300 baht admission (around 1,100 for kids) feels like a stretch and that's before you find out many of the activities　inside require additional fees on top. That said, the ocean tunnel is genuinely immersive, and the touch pools and otter feeding show stood out as highlights. If you're going specifically for the penguins, though, temper your expectations — there weren't many on display that day, and they mostly just swam in circles with little interaction between them. —————————— 造訪時間:2026/04 費用部分:館內規畫得還算完善，只不過以這種規模的水族館，我認為近1300元的高昂門票票價非常不值得(幼童1100元左右)，貴就算了，館內還有許多活動都需要額外付高昂的費用才得以參與。 海底隧道相當有沉浸感，互動觸摸池與水獺餵食秀是館內相對特別的活動，要看企鵝的可能會有點失落，當天看到館內的企鵝數量不算多，也少有同族之間的互動，至多就是在水裡游泳轉圈。",zh,Wed Apr 08 2026 00:12:57 GMT-0700 (Pacific Daylight Time),Jason Chen,https://www.google.com/maps/reviews/data=!4m6!14m5!1m4!2m3!1sCi9DQUlRQUNvZENodHljRjlvT21RMVdXNW1XWEU0YW5Sa2NVRnJWV2htY1doRFZrRRAB!2m1!1s0x30e29ecde53c821f:0xdd059f2a7a0bc650
ChIJH4I85c2e4jARUMYLeiqfBd0,SEA LIFE Bangkok Ocean World,Ci9DQUlRQUNvZENodHljRjlvT2pGeU5tZFNiVXhHY1ZscFZrbFFVbk5SZFRkelVFRRAB,4.0,地方有点小，票价有点贵，如果能在商场大厅中央竖起来一个大的缸就很壮观,zh,Thu May 21 2026 17:12:51 GMT-0700 (Pacific Daylight Time),张大虎（Abiu）,https://www.google.com/maps/reviews/data=!4m6!14m5!1m4!2m3!1sCi9DQUlRQUNvZENodHljRjlvT2pGeU5tZFNiVXhHY1ZscFZrbFFVbk5SZFRkelVFRRAB!2m1!1s0x30e29ecde53c821f:0xdd059f2a7a0bc650
ChIJH4I85c2e4jARUMYLeiqfBd0,SEA LIFE Bangkok Ocean World,Ci9DQUlRQUNvZENodHljRjlvT25OeGJqRTRkWEIzV1hwdlMxQTVibEpYUjBOU2JrRRAB,3.0,"I’m giving 3 stars because the penguins are really cute, and the sharks look very active and well taken care of. However, the ticket price is hard to justify. I paid around 1200 THB via Klook, and at the entrance there are photographers who take two photos of you. You then have to pay extra at the exit — 499 THB for digital copies, 699 THB for printed photos, and the premium packages can go up to 2000 THB. Overall, the scale of the aquarium does not match the price. I’ve visited places like SEA LIFE Sydney Aquarium, Okinawa Churaumi Aquarium, National Museum of Marine Biology and Aquarium, Xpark, and none of them felt this expensive for what they offer. I understand that maintaining marine animals requires high costs, but charging extra for photos at this level feels excessive and not very customer-friendly. It ends up feeling more like a one-time tourist attraction designed to maximize spending. 給三個星是因為企鵝很可愛，鯊魚很認真游泳 門票購買By klook要1200，門口有攝影師拍兩張照片，出口收取費用（光是數位照片499/洗出來699/最貴甚至要2000） 整個規模與票價不成比例，去過雪梨的Sea life/沖繩的美麗海洋館/台灣的海生館/X park/海洋館都沒有如此高昂的票價 可以理解動物需要很多費用支撐，但連照片都如此沒有誠意，就是剝觀光客的一次性景點",zh,Sun May 03 2026 04:37:25 GMT-0700 (Pacific Daylight Time),kfcprincipal1 123,https://www.google.com/maps/reviews/data=!4m6!14m5!1m4!2m3!1sCi9DQUlRQUNvZENodHljRjlvT25OeGJqRTRkWEIzV1hwdlMxQTVibEpYUjBOU2JrRRAB!2m1!1s0x30e29ecde53c821f:0xdd059f2a7a0bc650
ChIJH4I85c2e4jARUMYLeiqfBd0,SEA LIFE Bangkok Ocean World,Ci9DQUlRQUNvZENodHljRjlvT2w5c2JuSm1VVWN0WDBScllYZFhkR2RPWlZSb01uYxAB,5.0,地方比想象中要大，海洋生物种类很多，色彩鲜艳，都很漂亮，我最喜欢水母、魔鬼鱼、鲨鱼、企鹅，路线中间还有休息区，特别值得逛，但注意去那边有点堵车。,zh,Fri Oct 10 2025 00:55:26 GMT-0700 (Pacific Daylight Time),inho Ronald,https://www.google.com/maps/reviews/data=!4m6!14m5!1m4!2m3!1sCi9DQUlRQUNvZENodHljRjlvT2w5c2JuSm1VVWN0WDBScllYZFhkR2RPWlZSb01uYxAB!2m1!1s0x30e29ecde53c821f:0xdd059f2a7a0bc650
ChIJH4I85c2e4jARUMYLeiqfBd0,SEA LIFE Bangkok Ocean World,Ci9DQUlRQUNvZENodHljRjlvT2tkSWFUbFljMnRFTTFOMk9IazBUbmd5YjNOWVYyYxAB,5.0,暹罗海洋世界 不愧是东南亚最大的水族馆，总共有30000多只各种各样的海洋生物～ 包括鲨鱼、企鹅、海豹、蓝圈八爪鱼、锯峰齿鲛、魟、灰鲨、象鼻鲨、狮子鱼、叶形海龙和巨型蜘蛛蟹等400个品种～ 非常适合亲子互动，教育+游玩～ ✅场内有爆米花，棉花糖，饮料等 ✅入口处打卡拍照，出口处结账取照片 ✅每个区域都有中文注解 ✅场内有大海星，大海马等玩偶互动拍照 ✅出口处有各种的礼品店 ✅票价 成人💰1549 小孩💰1327 ✅可以买票预约坐小船参观 💰1775 有动物表演等 ✅场内冷气十足，个人建议带件外套 ✅4D电影 📍地址s泰国曼谷八仙湾区八仙湾拉玛一路991号B1暹罗模范大厦B2楼 ⏰时间： 周一-周日 上午10:00-晚上8:00 🅿️交通非常方便,zh,Sat Jun 28 2025 06:02:41 GMT-0700 (Pacific Daylight Time),Le Le,https://www.google.com/maps/reviews/data=!4m6!14m5!1m4!2m3!1sCi9DQUlRQUNvZENodHljRjlvT2tkSWFUbFljMnRFTTFOMk9IazBUbmd5YjNOWVYyYxAB!2m1!1s0x30e29ecde53c821f:0xdd059f2a7a0bc650
ChIJWUyF482e4jAR12sAcrWRIiY,アクアリウム Siam Paragon,Ci9DQUlRQUNvZENodHljRjlvT2xKSFFqbDFjREJLTUV4eE5WQjFVR2g2V1RGT1pGRRAB,4.0,我们也找了好久才找到，它就在最底下。你需要找到写着“Paragon Park”的地方，然后找到美食广场后面的扶梯下去。我们先进去，然后走了一个小时，穿过了商店区。水族馆里很冷，所以最好带件雨衣。成人票在售票处卖1499泰铢，据说网上买更便宜。我们很喜欢那里的一切，所以还会继续去。,zh-CN,Sun Apr 26 2026 03:26:36 GMT-0700 (Pacific Daylight Time),Ja Lo,https://www.google.com/maps/reviews/data=!4m6!14m5!1m4!2m3!1sCi9DQUlRQUNvZENodHljRjlvT2xKSFFqbDFjREJLTUV4eE5WQjFVR2g2V1RGT1pGRRAB!2m1!1s0x30e29ecde3854c59:0x262291b572006bd7
ChIJWUyF482e4jAR12sAcrWRIiY,アクアリウム Siam Paragon,Ci9DQUlRQUNvZENodHljRjlvT2sxTlQzVjRaVGh0VEhsaU4xaE9OV3RYUjFZd1FXYxAB,5.0,我非常喜欢它。虽然这个水族馆本身不是我见过的最大的，但就细节、灯光和展厅布局而言，它绝对是设计最精巧的。它非常漂亮。,zh-CN,Tue Apr 28 2026 05:17:36 GMT-0700 (Pacific Daylight Time),Павел Кочанов,https://www.google.com/maps/reviews/data=!4m6!14m5!1m4!2m3!1sCi9DQUlRQUNvZENodHljRjlvT2sxTlQzVjRaVGh0VEhsaU4xaE9OV3RYUjFZd1FXYxAB!2m1!1s0x30e29ecde3854c59:0x262291b572006bd7
ChIJWUyF482e4jAR12sAcrWRIiY,アクアリウム Siam Paragon,Ci9DQUlRQUNvZENodHljRjlvT2xKd1ptdG5aMXBJT1RkVVExUjRZMnM1UmxodVNuYxAB,4.0,一个很有趣的地方，我们玩得很开心…… 那为什么只给4星而不是5星呢？ 1. 很难找到。 2. 价格是全世界水族馆里最高的。 两个大人加一个9岁小孩的票价是3850泰铢——大约是8560卢布。 太棒了👎！在我去过的所有地方里，水族馆是最贵的！！！ 整个参观过程需要1.5到2个小时，这还包括在咖啡馆吃点东西的时间…… 孩子们很喜欢（两个男孩，一个14岁，一个9岁——我14岁的儿子是第二个大人），我也很喜欢……尤其是那个有奥兰多（一条金鱼——我的最爱）的漂亮水族箱🐠 值得去吗？当然值得。我们喜欢像水族馆这样的地方。我不想做比较，因为……我觉得所有水族馆都很漂亮……而且各有特色……每个水族馆都有其独特的魅力…… 虽然鱼类种类不算多，但非常有趣，而且设计得非常用心。水族馆本身的设计也很棒🔥 企鹅们非常可爱🐧……你会忍不住一直盯着它们的笼子看…… 在工作人员的指导下，你还可以触摸一些水生生物…… 总而言之，我强烈推荐大家来参观🔥👍,zh-CN,Fri Nov 07 2025 00:58:49 GMT-0800 (Pacific Standard Time),Ger Morgov,https://www.google.com/maps/reviews/data=!4m6!14m5!1m4!2m3!1sCi9DQUlRQUNvZENodHljRjlvT2xKd1ptdG5aMXBJT1RkVVExUjRZMnM1UmxodVNuYxAB!2m1!1s0x30e29ecde3854c59:0x262291b572006bd7
ChIJWUyF482e4jAR12sAcrWRIiY,アクアリウム Siam Paragon,ChZDSUhNMG9nS0VJQ0FnTURnNU9lWEZBEAE,5.0,我们玩得非常开心！一切都很棒。水族馆很干净，有小吃区和儿童绘画区。 你可以免费抚摸海星。 美丽的鳐鱼非常亲人，如果你用手指轻轻触碰玻璃，它们会立刻游过来。这里还有企鹅，以及所有主要的海洋生物。 你还可以使用潜水装备与鲨鱼一起游泳，费用大约是200美元。不过我们没有游泳，所以无法评价。 这里还有一种服务，你可以乘坐玻璃底船，近距离体验海底世界。 水族馆所有区域的通风都非常好。 门票可以直接在售票处购买。 接受俄罗斯联邦农业银行的银联卡。入口处会提供拍照服务，出口处可以打印照片并购买。 总而言之，我向所有人推荐这里！您将拥有最愉快的体验。 水族馆楼上还有一个很棒的美食广场，您可以在那里找到各种价位的美食。所有食物都干净美味。,zh-CN,Sat Feb 22 2025 08:58:34 GMT-0800 (Pacific Standard Time),Helen Berger,https://www.google.com/maps/reviews/data=!4m6!14m5!1m4!2m3!1sChZDSUhNMG9nS0VJQ0FnTURnNU9lWEZBEAE!2m1!1s0x30e29ecde3854c59:0x262291b572006bd7
ChIJWUyF482e4jAR12sAcrWRIiY,アクアリウム Siam Paragon,ChZDSUhNMG9nS0VJQ0FnSUQ3X2NpQkJ3EAE,5.0,它位于暹罗百丽宫（Siam Paragon）地下一、二层，与BTS暹罗站直接相连。 开放时间为上午10:00至晚上8:00。 如果您至少有一个半小时的时间，就有足够的时间好好参观了！ 通过Klook提前购票更优惠。 提前购票的游客可以使用密码直接入场。 请注意，工作人员可能会偶尔检查您的护照。 不要因为水族馆位于室内就小瞧它！ 它非常大，拥有种类繁多的鱼类。 我看到了一些在日本看不到的鱼。 此外，只需150泰铢，您就可以乘坐玻璃底船游览巨大的水族箱。 考虑到这是一次非常宝贵的体验，150泰铢简直太划算了！！！（笑）,zh-CN,Tue Aug 27 2024 09:21:04 GMT-0700 (Pacific Daylight Time),Suama,https://www.google.com/maps/reviews/data=!4m6!14m5!1m4!2m3!1sChZDSUhNMG9nS0VJQ0FnSUQ3X2NpQkJ3EAE!2m1!1s0x30e29ecde3854c59:0x262291b572006bd7
ChIJOWCmTSmf4jARKtfLZy7_2i4,"Reefscape Asia Aquatic Services Co., Ltd",ChdDSUhNMG9nS0VJQ0FnSURZdnZQeWhBRRAB,1.0,โทรศัพท์ติดต่อไม่ได้,th,Mon May 13 2019 22:44:35 GMT-0700 (Pacific Daylight Time),โสมนัส พริ้มแก้ว,https://www.google.com/maps/reviews/data=!4m6!14m5!1m4!2m3!1sChdDSUhNMG9nS0VJQ0FnSURZdnZQeWhBRRAB!2m1!1s0x30e29f294da66039:0x2edaff2e67cbd72a
ChIJOWCmTSmf4jARKtfLZy7_2i4,"Reefscape Asia Aquatic Services Co., Ltd",Ci9DQUlRQUNvZENodHljRjlvT2xKZmJFSmpWRU5JWTJweU16WlZPR2hhT1ZWVVNtYxAB,5.0,,,Mon Dec 08 2025 09:40:23 GMT-0800 (Pacific Standard Time),Ruediger Will,https://www.google.com/maps/reviews/data=!4m6!14m5!1m4!2m3!1sCi9DQUlRQUNvZENodHljRjlvT2xKZmJFSmpWRU5JWTJweU16WlZPR2hhT1ZWVVNtYxAB!2m1!1s0x30e29f294da66039:0x2edaff2e67cbd72a
ChIJOWCmTSmf4jARKtfLZy7_2i4,"Reefscape Asia Aquatic Services Co., Ltd",ChdDSUhNMG9nS0VJQ0FnSUNYNzlIN3pnRRAB,5.0,,,Mon Oct 21 2024 23:35:58 GMT-0700 (Pacific Daylight Time),Phutipong Worakunpiset gd,https://www.google.com/maps/reviews/data=!4m6!14m5!1m4!2m3!1sChdDSUhNMG9nS0VJQ0FnSUNYNzlIN3pnRRAB!2m1!1s0x30e29f294da66039:0x2edaff2e67cbd72a
ChIJOWCmTSmf4jARKtfLZy7_2i4,"Reefscape Asia Aquatic Services Co., Ltd",ChdDSUhNMG9nS0VJQ0FnSUNFNHQyUW5nRRAB,1.0,,,Sat Jun 15 2019 22:25:46 GMT-0700 (Pacific Daylight Time),man fat sze,https://www.google.com/maps/reviews/data=!4m6!14m5!1m4!2m3!1sChdDSUhNMG9nS0VJQ0FnSUNFNHQyUW5nRRAB!2m1!1s0x30e29f294da66039:0x2edaff2e67cbd72a
ChIJOWCmTSmf4jARKtfLZy7_2i4,"Reefscape Asia Aquatic Services Co., Ltd",ChZDSUhNMG9nS0VJQ0FnSURvdDhlZVl3EAE,5.0,,,Mon Mar 25 2019 02:06:16 GMT-0700 (Pacific Daylight Time),Ria Tw,https://www.google.com/maps/reviews/data=!4m6!14m5!1m4!2m3!1sChZDSUhNMG9nS0VJQ0FnSURvdDhlZVl3EAE!2m1!1s0x30e29f294da66039:0x2edaff2e67cbd72a
ChIJP2Mhy-Wf4jAR2WSrvzyGNek,Living Plant Museum,Ci9DQUlRQUNvZENodHljRjlvT2tkclYwVnlTRTlqVkRsUE9IaG1RaTE1ZERSSGJIYxAB,5.0,位于朱拉龙贡大学里的世外桃源，集合好多特殊植物，十分赏心悦目～ 很推荐来走走 。,zh-CN,Wed Jan 14 2026 08:59:25 GMT-0800 (Pacific Standard Time),S. Ahmad,https://www.google.com/maps/reviews/data=!4m6!14m5!1m4!2m3!1sCi9DQUlRQUNvZENodHljRjlvT2tkclYwVnlTRTlqVkRsUE9IaG1RaTE1ZERSSGJIYxAB!2m1!1s0x30e29fe5cb21633f:0xe935863cbfab64d9
ChIJP2Mhy-Wf4jAR2WSrvzyGNek,Living Plant Museum,ChZDSUhNMG9nS0VJQ0FnSUNmbnVuRWRnEAE,5.0,如果你喜欢植物，一定会爱上这座植物园。每株植物都标有泰语、英语、拉丁文名称和植物科属，还有一个二维码，扫描后可以获取更多信息。 工作人员非常友好，会带你参观植物园，讲解植物的产地，并介绍大学植物研究所的研究工作。 它或许不如其他一些植物园那么大，但在我参观过的所有植物园中，它是我最喜欢的。 谢谢你们让我度过了一个美好的下午❤️,zh-CN,Sun Dec 29 2024 02:02:19 GMT-0800 (Pacific Standard Time),Mountain Squirrel,https://www.google.com/maps/reviews/data=!4m6!14m5!1m4!2m3!1sChZDSUhNMG9nS0VJQ0FnSUNmbnVuRWRnEAE!2m1!1s0x30e29fe5cb21633f:0xe935863cbfab64d9
ChIJP2Mhy-Wf4jAR2WSrvzyGNek,Living Plant Museum,Ci9DQUlRQUNvZENodHljRjlvT2xKME1WSlRNemx1ZG5jMVh6ZE9UbnA1V21SVmJuYxAB,3.0,我们当时只是想找个植物园去逛逛。这个地方就出现在搜索结果里，而且它就在大学校园里。不过，它规模真的很小，与其说是植物园，不如说更像个苗圃。,zh-CN,Sun Jun 22 2025 21:02:23 GMT-0700 (Pacific Daylight Time),Nick Manley,https://www.google.com/maps/reviews/data=!4m6!14m5!1m4!2m3!1sCi9DQUlRQUNvZENodHljRjlvT2xKME1WSlRNemx1ZG5jMVh6ZE9UbnA1V21SVmJuYxAB!2m1!1s0x30e29fe5cb21633f:0xe935863cbfab64d9
ChIJP2Mhy-Wf4jAR2WSrvzyGNek,Living Plant Museum,ChdDSUhNMG9nS0VJQ0FnSURQLU8zdG1BRRAB,5.0,不大，但干净整洁。 最好下午或上午来，因为阳光直射下温室效应很强，会很热。 免费入场。,zh-CN,Thu Nov 28 2024 18:57:48 GMT-0800 (Pacific Standard Time),Annalyce S. A.,https://www.google.com/maps/reviews/data=!4m6!14m5!1m4!2m3!1sChdDSUhNMG9nS0VJQ0FnSURQLU8zdG1BRRAB!2m1!1s0x30e29fe5cb21633f:0xe935863cbfab64d9
ChIJP2Mhy-Wf4jAR2WSrvzyGNek,Living Plant Museum,ChZDSUhNMG9nS0VJQ0FnSUNYcVlLSWZnEAE,5.0,这是一个非常可爱的小型植物博物馆，而且免费入场。展品不多，所以如果你正好在附近，可能就值得顺道去看看。温室设计得非常用心，植物之间还时不时地贴着小标签。🌱✨,zh-CN,Thu Oct 17 2024 20:29:37 GMT-0700 (Pacific Daylight Time),Nikos Engel,https://www.google.com/maps/reviews/data=!4m6!14m5!1m4!2m3!1sChZDSUhNMG9nS0VJQ0FnSUNYcVlLSWZnEAE!2m1!1s0x30e29fe5cb21633f:0xe935863cbfab64d9
ChIJd848t5-Z4jAR1tdmIn4GANQ,Rooftop Samyan Mitrtown,Ci9DQUlRQUNvZENodHljRjlvT2xOUlQweHlNMU52TkVWVFdVWnpUWFpwYzI1eVpIYxAB,5.0,在这个屋顶露台玩得很开心！虽然不算太高，但摩天大楼的景色真是太棒了。很喜欢这里的建筑风格，整体氛围也非常好。而且人很少，非常安静。咖啡馆里也有一些不错的点心。唯一的缺点是看不到日落，但仍然是一次很棒的体验👍,zh-CN,Mon Apr 06 2026 20:26:40 GMT-0700 (Pacific Daylight Time),Romina Tocci,https://www.google.com/maps/reviews/data=!4m6!14m5!1m4!2m3!1sCi9DQUlRQUNvZENodHljRjlvT2xOUlQweHlNMU52TkVWVFdVWnpUWFpwYzI1eVpIYxAB!2m1!1s0x30e2999fb73cce77:0xd400067e2266d7d6
ChIJd848t5-Z4jAR1tdmIn4GANQ,Rooftop Samyan Mitrtown,Ci9DQUlRQUNvZENodHljRjlvT21oV1NGWm9lRkpHTFZCb2VUa3pWV3A1UjNoeUxWRRAB,5.0,"屋顶花园由 Landscape Collaboration Co., Ltd. 设计——该团队也负责公寓绿化和购物中心周边空间的设计。主体建筑设计则由 Plan Associates Co., Ltd. 完成。 屋顶花园位于购物中心五楼。您可以乘坐电梯轻松抵达，或者如果您想在上楼途中逛逛购物区，也可以选择搭乘扶梯。 这里无需门票，而且允许自带食物和饮料，让您的休憩时光更加惬意。 这里环境宁静祥和，拥有赏心悦目的景观设计，还能欣赏到曼谷大都会大厦 (Mahanakhon Tower) 的美景。（如果您想拍照，建议使用带长焦功能的相机。） 这里是与朋友、伴侣，甚至独自一人放松身心、放慢节奏、欣赏曼谷繁华街道上空日落美景的绝佳去处。 强烈推荐给所有对景观设计感兴趣的人，或者只是想在城市中寻找一片绿洲的人。",zh-CN,Thu Jun 12 2025 18:56:12 GMT-0700 (Pacific Daylight Time),Sergey Кulik,https://www.google.com/maps/reviews/data=!4m6!14m5!1m4!2m3!1sCi9DQUlRQUNvZENodHljRjlvT21oV1NGWm9lRkpHTFZCb2VUa3pWV3A1UjNoeUxWRRAB!2m1!1s0x30e2999fb73cce77:0xd400067e2266d7d6
ChIJd848t5-Z4jAR1tdmIn4GANQ,Rooftop Samyan Mitrtown,ChdDSUhNMG9nS0VJQ0FnSURybWRxRTV3RRAB,5.0,"Střešní terasa v pátém patře obchodního domu nabízí pěkný výhled na New town. Lze si tu sednout s kávou nebo snackem a odpočinout si, vstup zdarma.",cs,Thu Jul 18 2024 07:01:48 GMT-0700 (Pacific Daylight Time),Markéta Čechová,https://www.google.com/maps/reviews/data=!4m6!14m5!1m4!2m3!1sChdDSUhNMG9nS0VJQ0FnSURybWRxRTV3RRAB!2m1!1s0x30e2999fb73cce77:0xd400067e2266d7d6
ChIJd848t5-Z4jAR1tdmIn4GANQ,Rooftop Samyan Mitrtown,Ci9DQUlRQUNvZENodHljRjlvT2paYWJHZElOVkp4YkdOUVRXNXNUV3QyWDJkNkxWRRAB,3.0,"Rozhodně zajímavý výhled, je to celé zadara a i toalety v nakupaku, je to čisté a pěkné ale! Ukazuje to smutno stránku Bangkoku. Bez klimatizace a modernich budov je to znečištěné a chudé město. I přesto krásné.",cs,Mon Mar 09 2026 08:49:46 GMT-0700 (Pacific Daylight Time),Evelína Karlíková,https://www.google.com/maps/reviews/data=!4m6!14m5!1m4!2m3!1sCi9DQUlRQUNvZENodHljRjlvT2paYWJHZElOVkp4YkdOUVRXNXNUV3QyWDJkNkxWRRAB!2m1!1s0x30e2999fb73cce77:0xd400067e2266d7d6
ChIJd848t5-Z4jAR1tdmIn4GANQ,Rooftop Samyan Mitrtown,ChZDSUhNMG9nS0VJQ0FnSURXOS1EbUFnEAE,5.0,我选择在一个晴朗的日子去参观，景色令人心旷神怡。,zh-CN,Wed Apr 06 2022 20:29:36 GMT-0700 (Pacific Daylight Time),バンコクしゅん,https://www.google.com/maps/reviews/data=!4m6!14m5!1m4!2m3!1sChZDSUhNMG9nS0VJQ0FnSURXOS1EbUFnEAE!2m1!1s0x30e2999fb73cce77:0xd400067e2266d7d6
ChIJVy4R8r2b4jARyxOmkDv9r9o,Pru’s Pretty Plants,ChZDSUhNMG9nS0VJQ0FnSURyX09yNkZ3EAE,5.0,谨致问候，并感谢您为划船队员提供的饮用水。 （2024年7月16日，星期二）,zh-CN,Mon Jul 15 2024 20:00:00 GMT-0700 (Pacific Daylight Time),Anon Khongarthan,https://www.google.com/maps/reviews/data=!4m6!14m5!1m4!2m3!1sChZDSUhNMG9nS0VJQ0FnSURyX09yNkZ3EAE!2m1!1s0x30e29bbdf2112e57:0xdaaffd3b90a613cb
ChIJVy4R8r2b4jARyxOmkDv9r9o,Pru’s Pretty Plants,Ci9DQUlRQUNvZENodHljRjlvT21oaFJGbDBhM2hsU3pWakxVTlZNWGRvYUdwd1VHYxAB,5.0,,,Sat Dec 27 2025 08:04:13 GMT-0800 (Pacific Standard Time),HSan Maung Oo,https://www.google.com/maps/reviews/data=!4m6!14m5!1m4!2m3!1sCi9DQUlRQUNvZENodHljRjlvT21oaFJGbDBhM2hsU3pWakxVTlZNWGRvYUdwd1VHYxAB!2m1!1s0x30e29bbdf2112e57:0xdaaffd3b90a613cb
ChIJx9CEKrGZ4jARtwTqk2DJkbA,สวนนกเงือก,ChdDSUhNMG9nS0VJQ0FnSUNpcEpINzVRRRAB,5.0,这是一个阴凉的地方，圆形建筑附近有一个神龛，是读书的好去处。,zh-CN,Wed Oct 21 2020 22:31:12 GMT-0700 (Pacific Daylight Time),wallop hamethanon,https://www.google.com/maps/reviews/data=!4m6!14m5!1m4!2m3!1sChdDSUhNMG9nS0VJQ0FnSUNpcEpINzVRRRAB!2m1!1s0x30e299b12a84d0c7:0xb091c96093ea04b7
ChIJ3zy_i8aZ4jARvWMx-7aD13s,สวนไม้ทันยา,ChZDSUhNMG9nS0VJQ0FnSURobTQzdWVBEAE,5.0,非常好。,zh-CN,Sat Mar 18 2023 05:56:01 GMT-0700 (Pacific Daylight Time),กรกฎ หาเหล็ก,https://www.google.com/maps/reviews/data=!4m6!14m5!1m4!2m3!1sChZDSUhNMG9nS0VJQ0FnSURobTQzdWVBEAE!2m1!1s0x30e299c68bbf3cdf:0x7bd783b6fb3163bd
ChIJfxYWbuWZ4jARGBwZ7Nf-s-s,ICONSIAM PARK,ChdDSUhNMG9nS0VJQ0FnSURfb2V6M3pRRRAB,5.0,【Iconsiam喜迎中国年】 2025年1月24日下午六时许 Iconsiam（暹罗天地）于湄南河畔音乐喷泉广场隆重举办庆祝中泰建交五十周年庆典 现场锣鼓喧天、龙腾虎跃 八方游客共赏中国年俗、共庆中泰友谊 🎉🎉🎉 泰华九属会馆首长：泰国潮州会馆主席徐惠深、泰国客家总会理事长黄建华、泰国海南会馆理事长符祥笈、泰国福建会馆理事长苏承智、泰国江浙会馆代理事长邱烨、泰国云南会馆理事长刘德明、泰国广西总会主席陈宏锦偕理事同仁出席庆典 🏮🏮🏮 该活动无疑是为期十天的Iconsiam2025“好运中国年”盛大主题活动的“首映式” 以“繁荣鼓乐”惊艳开场，无论是舞美、服饰、音乐、布景……都无懈可击； 第二部分“两国龙舞”，让中国Dragon与泰国Naga融合共舞，歌颂“中泰友谊金色五十年”，可见主办方的满满用心 🌷🌷🌷 压轴部分是享誉中泰两国的泰国当红人气组合：Zee&NuNew。他们手中舞动的经扇均印有两国国旗，细节满分 💯💯💯 2025“好运中国年”自1月24日举办至2月2日 除了有精彩纷呈的长沙歌舞团表演 还有展示各种中华传统文化的“中国城”步行街 🇨🇳🇨🇳🇨🇳 泰华九属会馆作为活动的协办单位，特别甄选泰国客家总会梅菜扣肉、泰国海南会馆海南粉、泰国福建会馆中式点心亮相“中国城”。 该“城”专为“好运中国年”而设，紧邻Iconsiam 4号码头，全球游客可在此一边饕餮中华传统美食，一边享受璀璨江景 ✨✨✨ 值得一提的是，Iconsiam不远千里地恭请到广州千年仁威庙的60太岁爷 同时，泰国海南会馆从泰国乌泰他尼府水尾圣娘庙请来水尾圣娘与天后圣母神像，祈福天佑的同时，亦让全球游客一同感受浓浓的中国年俗 据悉，海南会馆所有的香油收入都将捐赠给泰国医院、慈善机构，让“好运中国年”、中泰友谊的硕果惠及更多民众 👏👏👏 此次活动也是庆祝“中泰建交五十周年”的系列活动之一 欢迎各位前往Iconsiam“过年” 也敬请期待更多“中泰友谊金色五十年”的礼赞 🎊🎊🎊,zh,Fri Jan 24 2025 11:19:31 GMT-0800 (Pacific Standard Time),丁丁在泰国ติงติง,https://www.google.com/maps/reviews/data=!4m6!14m5!1m4!2m3!1sChdDSUhNMG9nS0VJQ0FnSURfb2V6M3pRRRAB!2m1!1s0x30e299e56e16167f:0xebb3fed7ec191c18
ChIJfxYWbuWZ4jARGBwZ7Nf-s-s,ICONSIAM PARK,Ci9DQUlRQUNvZENodHljRjlvT2xnME1IUmFkRUkxU1dkMFV6RlZPSEJEUkZwcFpIYxAB,5.0,漂亮好逛,zh,Wed Oct 01 2025 08:24:56 GMT-0700 (Pacific Daylight Time),Carmen,https://www.google.com/maps/reviews/data=!4m6!14m5!1m4!2m3!1sCi9DQUlRQUNvZENodHljRjlvT2xnME1IUmFkRUkxU1dkMFV6RlZPSEJEUkZwcFpIYxAB!2m1!1s0x30e299e56e16167f:0xebb3fed7ec191c18
ChIJfxYWbuWZ4jARGBwZ7Nf-s-s,ICONSIAM PARK,Ci9DQUlRQUNvZENodHljRjlvT25VdFZVcFBiVlJIV21aUVZrNTVXVmt4WkZreWVHYxAB,5.0,非常大的商场，泰国第一。,zh,Fri Sep 26 2025 20:41:25 GMT-0700 (Pacific Daylight Time),yu chen,https://www.google.com/maps/reviews/data=!4m6!14m5!1m4!2m3!1sCi9DQUlRQUNvZENodHljRjlvT25VdFZVcFBiVlJIV21aUVZrNTVXVmt4WkZreWVHYxAB!2m1!1s0x30e299e56e16167f:0xebb3fed7ec191c18
ChIJfxYWbuWZ4jARGBwZ7Nf-s-s,ICONSIAM PARK,Ci9DQUlRQUNvZENodHljRjlvT205UFVWWmtRMGhQVXpOTFdFeDVaekp2U25KVUxYYxAB,5.0,很大的廣场，一天都逛不完,zh,Wed Jul 02 2025 23:37:23 GMT-0700 (Pacific Daylight Time),Toh H M,https://www.google.com/maps/reviews/data=!4m6!14m5!1m4!2m3!1sCi9DQUlRQUNvZENodHljRjlvT205UFVWWmtRMGhQVXpOTFdFeDVaekp2U25KVUxYYxAB!2m1!1s0x30e299e56e16167f:0xebb3fed7ec191c18
ChIJfxYWbuWZ4jARGBwZ7Nf-s-s,ICONSIAM PARK,ChdDSUhNMG9nS0VJQ0FnSUNwNXVmbHhnRRAB,5.0,好多吃的喝的，好看的背景，也有奢侈品,zh,Wed Aug 02 2023 19:39:16 GMT-0700 (Pacific Daylight Time),火力蝶,https://www.google.com/maps/reviews/data=!4m6!14m5!1m4!2m3!1sChdDSUhNMG9nS0VJQ0FnSUNwNXVmbHhnRRAB!2m1!1s0x30e299e56e16167f:0xebb3fed7ec191c18
ChIJfb8GfDGf4jARDP6tiVyw0hE,Baiyoke Observation Deck,Ci9DQUlRQUNvZENodHljRjlvT25GcWIxOUdZV1ZxUzNGdFNFdHhhVzgyVjB4cGFYYxAB,5.0,在84楼有旋转360观景台可以看到整个曼谷 我买了个加20分钟按摩套餐包含饮料总共500泰铢 特别划算,zh,Sat Jan 03 2026 00:48:59 GMT-0800 (Pacific Standard Time),ALEX,https://www.google.com/maps/reviews/data=!4m6!14m5!1m4!2m3!1sCi9DQUlRQUNvZENodHljRjlvT25GcWIxOUdZV1ZxUzNGdFNFdHhhVzgyVjB4cGFYYxAB!2m1!1s0x30e29f317c06bf7d:0x11d2b05c89adfe0c
ChIJfb8GfDGf4jARDP6tiVyw0hE,Baiyoke Observation Deck,Ci9DQUlRQUNvZENodHljRjlvT2xkUGJIWmlXbmxWVms5cGRXNTBOMGwwTlhScFdHYxAB,5.0,我们是在享用自助晚餐时顺便去了观景台，但您也可以单独前往。观景台是一个室内区域，不受天气影响，可以360度全方位欣赏曼谷美景。白天景色已经很迷人，日落或夜晚更是美不胜收。这里有很多适合拍照打卡的地方，比如秋千、热气球吊篮，甚至还有嘟嘟车，让您可以尽情摆拍。如果您在曼谷，这里绝对值得一去。我建议您将观景台和自助晚餐结合起来，因为自助餐也很棒。,zh-CN,Sat Dec 20 2025 15:14:36 GMT-0800 (Pacific Standard Time),Andy Smith,https://www.google.com/maps/reviews/data=!4m6!14m5!1m4!2m3!1sCi9DQUlRQUNvZENodHljRjlvT2xkUGJIWmlXbmxWVms5cGRXNTBOMGwwTlhScFdHYxAB!2m1!1s0x30e29f317c06bf7d:0x11d2b05c89adfe0c
ChIJfb8GfDGf4jARDP6tiVyw0hE,Baiyoke Observation Deck,Ci9DQUlRQUNvZENodHljRjlvT25Kbk9WaFhlalIzZGxWNGJUbGlRekZsUWxOZlRXYxAB,5.0,这是一次令人叹为观止的攀登之旅，绝对值得。曼谷的景色美不胜收，尤其是在夜晚，金色的穹顶和灯火辉煌的摩天大楼交相辉映。面对这片璀璨夺目的都市景观，你会感到自己的渺小。电梯固然方便，但真正令人惊艳的是在高处：一个悬于天地之间的阳台，你会犹豫不决，不知是该驻足沉思还是该按下快门，拍下无数张照片。这真是一次令人眩晕的体验……而且是那种令人愉悦的眩晕。,zh-CN,Mon Feb 09 2026 07:48:41 GMT-0800 (Pacific Standard Time),GAC Feider,https://www.google.com/maps/reviews/data=!4m6!14m5!1m4!2m3!1sCi9DQUlRQUNvZENodHljRjlvT25Kbk9WaFhlalIzZGxWNGJUbGlRekZsUWxOZlRXYxAB!2m1!1s0x30e29f317c06bf7d:0x11d2b05c89adfe0c
ChIJfb8GfDGf4jARDP6tiVyw0hE,Baiyoke Observation Deck,Ci9DQUlRQUNvZENodHljRjlvT2pseFZHNXZibTl0YVV4ZlFsRjRXVUUwTkZWTFgzYxAB,5.0,我相信很多人都不知道这个地方。观景台位于88层的彩虹云霄酒店（Baiyoke Sky Hotel）顶层，这家酒店曾经是泰国最高的酒店。 您可以购买多种类型的门票。有些门票包含观景台门票以及酒店内的餐厅或酒吧。 首先，您可以到达77层的观景台。从那里您可以继续前往84层，那里是旋转观景台的所在地。它会缓慢地360度旋转，让您可以欣赏到整个城市的全景。 从顶层，您可以俯瞰曼谷全景，感受这座城市的庞大和多元。我记得没有严格的时间限制，所以您可以在那里停留一段时间，尽情欣赏美景。 最佳游览时间是日落时分，那时城市灯光逐渐从白昼过渡到夜晚。 强烈推荐！,zh-CN,Tue Apr 21 2026 23:26:15 GMT-0700 (Pacific Daylight Time),Sergey Кulik,https://www.google.com/maps/reviews/data=!4m6!14m5!1m4!2m3!1sCi9DQUlRQUNvZENodHljRjlvT2pseFZHNXZibTl0YVV4ZlFsRjRXVUUwTkZWTFgzYxAB!2m1!1s0x30e29f317c06bf7d:0x11d2b05c89adfe0c
ChIJfb8GfDGf4jARDP6tiVyw0hE,Baiyoke Observation Deck,Ci9DQUlRQUNvZENodHljRjlvT25oR04wOUlUa1paYVZkUmRrWkdZakZtYmtWT01WRRAB,4.0,曼谷彩虹云霄酒店（Baiyoke Sky Hotel）的观景台位于酒店77层，据称是泰国最高的酒店。整个77层都是观景台，因此您可以从各个角度欣赏曼谷的城市美景。观景台上还摆放着各种艺术品、自拍点和其他当地特色物品，是绝佳的拍照地点。如果您入住彩虹云霄酒店，这里绝对值得一去。如果您没有入住酒店，84层的旋转观景台也能提供更佳的视野，同样是一次很棒的体验。,zh-CN,Tue Apr 14 2026 00:45:56 GMT-0700 (Pacific Daylight Time),Trevor Saldanha,https://www.google.com/maps/reviews/data=!4m6!14m5!1m4!2m3!1sCi9DQUlRQUNvZENodHljRjlvT25oR04wOUlUa1paYVZkUmRrWkdZakZtYmtWT01WRRAB!2m1!1s0x30e29f317c06bf7d:0x11d2b05c89adfe0c
ChIJ6WbG43eZ4jARgz6pWs2CRZk,INFINITY FOREST@ICONSIAM,Ci9DQUlRQUNvZENodHljRjlvT2psTmVETnNTV0YyTnpWTmNIcHpXRmxJVGtOSVEyYxAB,5.0,无限森林位于五楼的屋顶。我晚上去的时候，屋顶酒吧里有DJ在打碟，漫步在森林中，随着音乐翩翩起舞，感觉非常棒。夜晚的灯光、五彩斑斓的光束和动听的音乐营造出一种令人沉浸其中的美妙体验，让人流连忘返，同时还能欣赏屋顶的城市美景。,zh-CN,Tue Sep 23 2025 19:58:12 GMT-0700 (Pacific Daylight Time),Roy Yi Ling Ngerng,https://www.google.com/maps/reviews/data=!4m6!14m5!1m4!2m3!1sCi9DQUlRQUNvZENodHljRjlvT2psTmVETnNTV0YyTnpWTmNIcHpXRmxJVGtOSVEyYxAB!2m1!1s0x30e29977e3c666e9:0x994582cd5aa93e83
ChIJ6WbG43eZ4jARgz6pWs2CRZk,INFINITY FOREST@ICONSIAM,ChZDSUhNMG9nS0VJQ0FnSUNadHVYelFnEAE,5.0,这是位于暹罗天地 (ICONSIAM) 7 楼的绝佳免费观景台。这里空间宽敞，您可以尽情欣赏美景，或在长椅上放松身心。白天，景色充满浓郁的泰式风情，融合了都市的精致与当地的魅力；而到了夜晚，湄南河则摇身一变，呈现出更加成熟的氛围，璀璨的霓虹灯营造出浪漫的气息！让人忍不住想要盛装打扮，前往一探究竟！☺︎♪,zh-CN,Sun Sep 10 2023 01:03:48 GMT-0700 (Pacific Daylight Time),a t,https://www.google.com/maps/reviews/data=!4m6!14m5!1m4!2m3!1sChZDSUhNMG9nS0VJQ0FnSUNadHVYelFnEAE!2m1!1s0x30e29977e3c666e9:0x994582cd5aa93e83
ChIJ6WbG43eZ4jARgz6pWs2CRZk,INFINITY FOREST@ICONSIAM,ChZDSUhNMG9nS0VJQ0FnSUNLeFo3QkFREAE,5.0,由纽约设计工作室“SOFTlab”打造的世界级装置艺术作品，以多媒体光影室雕塑为特色，在整个区域熠熠生辉。位于暹罗天地（ICONSIAM）7楼的纳帕莱露台（Napalai Terrace），每日12:00至22:00开放。夜幕降临后，景色尤为壮观。,zh-CN,Mon May 03 2021 08:22:43 GMT-0700 (Pacific Daylight Time),Ekaterina LUX,https://www.google.com/maps/reviews/data=!4m6!14m5!1m4!2m3!1sChZDSUhNMG9nS0VJQ0FnSUNLeFo3QkFREAE!2m1!1s0x30e29977e3c666e9:0x994582cd5aa93e83
ChIJ6WbG43eZ4jARgz6pWs2CRZk,INFINITY FOREST@ICONSIAM,ChdDSUhNMG9nS0VJQ0FnSUREMzZMdjBBRRAB,5.0,好的,zh-CN,Mon Apr 15 2024 23:20:57 GMT-0700 (Pacific Daylight Time),Riop Dfh,https://www.google.com/maps/reviews/data=!4m6!14m5!1m4!2m3!1sChdDSUhNMG9nS0VJQ0FnSUREMzZMdjBBRRAB!2m1!1s0x30e29977e3c666e9:0x994582cd5aa93e83
ChIJhUnURACZ4jARwb3dT5UiytA,mahanakhon skywalk,Ci9DQUlRQUNvZENodHljRjlvT25Rd2FVOXFNMHBwYWtSVVVHTm1SM3BKZVROMVZGRRAB,5.0,高空美景超震撼,zh,Thu Jul 02 2026 08:54:16 GMT-0700 (Pacific Daylight Time),Elton Chung,https://www.google.com/maps/reviews/data=!4m6!14m5!1m4!2m3!1sCi9DQUlRQUNvZENodHljRjlvT25Rd2FVOXFNMHBwYWtSVVVHTm1SM3BKZVROMVZGRRAB!2m1!1s0x30e2990044d44985:0xd0ca22954fddbdc1
ChIJhUnURACZ4jARwb3dT5UiytA,mahanakhon skywalk,Ci9DQUlRQUNvZENodHljRjlvT21FdGVFRkxWWEZ5T1dscGNtSmpRbXhhZDJsSVZFRRAB,4.0,总体来说体验很棒。从山顶看到的日落景色壮观，令人难忘。食物价格略高，不过考虑到地段，也算可以接受。门票价格也偏高，但体验本身绝对物有所值。唯一的缺点是日落时分人比较多。空中步道的体验也很不错。,zh-CN,Sat Feb 14 2026 01:15:23 GMT-0800 (Pacific Standard Time),Vipul Sharma,https://www.google.com/maps/reviews/data=!4m6!14m5!1m4!2m3!1sCi9DQUlRQUNvZENodHljRjlvT21FdGVFRkxWWEZ5T1dscGNtSmpRbXhhZDJsSVZFRRAB!2m1!1s0x30e2990044d44985:0xd0ca22954fddbdc1
ChIJhUnURACZ4jARwb3dT5UiytA,mahanakhon skywalk,Ci9DQUlRQUNvZENodHljRjlvT2xaTmIyWkZlbEpNVFMxc2RVd3dTRkF4UldSUWJIYxAB,4.0,绝佳美景，精彩体验，但千万别买酒水套餐！ 曼谷皇权大皇宫酒店拥有曼谷最美的景色。在曼谷其他任何地方都看不到这样的美景。这里绝对是必游之地！ 我们喜欢的地方： 最佳游览时间：预订下午 4 点至 7 点的时段。务必在下午 5 点前到达顶层。这样您就有足够的时间欣赏日落和夜晚的城市灯光秀。 空中漫步和空中诗篇：漫步在玻璃地板上是一种独特的体验，每个人都应该尝试一次。我们也很喜欢空中诗篇内的镜面房间。（给工作人员的建议：5 号房间没有工作人员帮我们把画扫描到屏幕上！） 雨天小贴士：计划中最好预留一天作为备选日期，以防遇到大雨。如果天气不好，工作人员会非常乐意为您更改门票时间。 我们不喜欢的地方（警告）： 不要在线购买包含酒水套餐的门票。天空海滩酒吧的套餐酒水很差劲。它们都是预调鸡尾酒，几乎没有酒精味，而且选择很少。还不如买张普通门票，去屋顶酒吧点杯啤酒或饮料。那里的选择要好得多！,zh-CN,Mon Jun 15 2026 00:59:37 GMT-0700 (Pacific Daylight Time),sagar ingle,https://www.google.com/maps/reviews/data=!4m6!14m5!1m4!2m3!1sCi9DQUlRQUNvZENodHljRjlvT2xaTmIyWkZlbEpNVFMxc2RVd3dTRkF4UldSUWJIYxAB!2m1!1s0x30e2990044d44985:0xd0ca22954fddbdc1
ChIJhUnURACZ4jARwb3dT5UiytA,mahanakhon skywalk,Ci9DQUlRQUNvZENodHljRjlvT2taQ1ZXUldlbTU2Tm5Wc1JYVlpNRGhqT0ZoNFFuYxAB,5.0,景色太美了！！这是曼谷一个很棒的景点。我和妈妈玩得非常开心。我们下午两三点左右去的，但我认为最好在日落前去（避开下午的烈日）。那里有很多拍照的好地方，空中步道的体验也很棒。工作人员非常热情周到，服务一流。☺️ 我觉得门票价格很合理，如果你喜欢台北101，那你一定要去曼谷大都会空中步道看看。,zh-CN,Sun Jun 21 2026 06:39:50 GMT-0700 (Pacific Daylight Time),Trizza Del Sanchez,https://www.google.com/maps/reviews/data=!4m6!14m5!1m4!2m3!1sCi9DQUlRQUNvZENodHljRjlvT2taQ1ZXUldlbTU2Tm5Wc1JYVlpNRGhqT0ZoNFFuYxAB!2m1!1s0x30e2990044d44985:0xd0ca22954fddbdc1
ChIJhUnURACZ4jARwb3dT5UiytA,mahanakhon skywalk,Ci9DQUlRQUNvZENodHljRjlvT2xKUmFrSmhkRzg0UzJKV1REUlZNbUZwZFUxa1EyYxAB,5.0,7月18日中午刚过，我们就去了这里。我们在Klook上买了票，一张成人票和一张老年人票，大约44美元，包含参观Skyverse。 我们把背包和水瓶放在楼下的免费储物柜里，收据就是钥匙。工作人员扫描了我们的门票，带我们通过了金属探测器，然后我们就乘电梯上去了。 楼顶的景色当然令人惊叹。即使天空有些雾蒙蒙的，我们也能看得很远。我们看到了伦披尼公园和本杰基蒂公园，看到了BTS轻轨延伸很远，还看到了湄南河蜿蜒流淌在这座迷人的城市中。楼顶有一个很棒的休息区，播放着动感的音乐，还有一个玻璃地板，供胆大的人体验。曼谷大都会大厦是游览曼谷的必游之地。从BTS轻轨站可以直接到达，非常方便。强烈推荐！,zh-CN,Sat Jul 18 2026 04:41:40 GMT-0700 (Pacific Daylight Time),Dan Pieloch,https://www.google.com/maps/reviews/data=!4m6!14m5!1m4!2m3!1sCi9DQUlRQUNvZENodHljRjlvT2xKUmFrSmhkRzg0UzJKV1REUlZNbUZwZFUxa1EyYxAB!2m1!1s0x30e2990044d44985:0xd0ca22954fddbdc1
ChIJ1ZdnTwCZ4jARuxoE2_c8t4g,Big Buddha Photospot,Ci9DQUlRQUNvZENodHljRjlvT25selpuZExibTFyYVc5TlQxRm5kVUpTZHpreWFGRRAB,5.0,摄影的圣地在桥上，河流两岸都有台阶通往桥面。桥下正忙碌着施工，得在泥泞的小径与施工机械之间寻觅台阶的入口。,zh,Mon Feb 09 2026 19:20:39 GMT-0800 (Pacific Standard Time),hareic,https://www.google.com/maps/reviews/data=!4m6!14m5!1m4!2m3!1sCi9DQUlRQUNvZENodHljRjlvT25selpuZExibTFyYVc5TlQxRm5kVUpTZHpreWFGRRAB!2m1!1s0x30e299004f6797d5:0x88b73cf7db041abb
ChIJ1ZdnTwCZ4jARuxoE2_c8t4g,Big Buddha Photospot,Ci9DQUlRQUNvZENodHljRjlvT25odlptRm9iMEZsWjIxUFpWRXdUVnB0Ym10VFNsRRAB,5.0,它位于一条繁忙喧闹的公路旁的一座桥上。景色很美，但如果你的伴侣个子不够高，他就什么也看不到了;),zh-CN,Sat Apr 25 2026 15:11:12 GMT-0700 (Pacific Daylight Time),Elias Grewe,https://www.google.com/maps/reviews/data=!4m6!14m5!1m4!2m3!1sCi9DQUlRQUNvZENodHljRjlvT25odlptRm9iMEZsWjIxUFpWRXdUVnB0Ym10VFNsRRAB!2m1!1s0x30e299004f6797d5:0x88b73cf7db041abb
ChIJ1ZdnTwCZ4jARuxoE2_c8t4g,Big Buddha Photospot,Ci9DQUlRQUNvZENodHljRjlvT2tKa1dpMVdaMUJZY2pOVFJIaHJaRWg0V1dscmExRRAB,4.0,景色优美,zh-CN,Sat Mar 28 2026 05:48:56 GMT-0700 (Pacific Daylight Time),Karina J,https://www.google.com/maps/reviews/data=!4m6!14m5!1m4!2m3!1sCi9DQUlRQUNvZENodHljRjlvT2tKa1dpMVdaMUJZY2pOVFJIaHJaRWg0V1dscmExRRAB!2m1!1s0x30e299004f6797d5:0x88b73cf7db041abb
ChIJ1ZdnTwCZ4jARuxoE2_c8t4g,Big Buddha Photospot,Ci9DQUlRQUNvZENodHljRjlvT25ORFVHMXVVRmM1Wm5rNVVHZGhkazVGZDFWbVdFRRAB,3.0,现在这观点真奇怪,zh-CN,Tue Feb 17 2026 23:36:30 GMT-0800 (Pacific Standard Time),Nastya Molchanova,https://www.google.com/maps/reviews/data=!4m6!14m5!1m4!2m3!1sCi9DQUlRQUNvZENodHljRjlvT25ORFVHMXVVRmM1Wm5rNVVHZGhkazVGZDFWbVdFRRAB!2m1!1s0x30e299004f6797d5:0x88b73cf7db041abb
ChIJ1ZdnTwCZ4jARuxoE2_c8t4g,Big Buddha Photospot,Ci9DQUlRQUNvZENodHljRjlvT21wTlVWRkNMVXB3WVRWU1ZYVTFVekk1TFhCa1QzYxAB,5.0,,,Tue Feb 24 2026 04:44:09 GMT-0800 (Pacific Standard Time),jarusyut satirasilpin,https://www.google.com/maps/reviews/data=!4m6!14m5!1m4!2m3!1sCi9DQUlRQUNvZENodHljRjlvT21wTlVWRkNMVXB3WVRWU1ZYVTFVekk1TFhCa1QzYxAB!2m1!1s0x30e299004f6797d5:0x88b73cf7db041abb
ChIJEYRBJNaZ4jAReAexbRSMaVU,Jumpland Office,ChdDSUhNMG9nS0VJQ0FnSUR2eG9YaDF3RRAB,5.0,太好玩了！人越多越好玩。,zh-CN,Thu Dec 19 2024 18:40:45 GMT-0800 (Pacific Standard Time),ฮอล์ค&ธอร์ The Twin,https://www.google.com/maps/reviews/data=!4m6!14m5!1m4!2m3!1sChdDSUhNMG9nS0VJQ0FnSUR2eG9YaDF3RRAB!2m1!1s0x30e299d624418411:0x55698c146db10778
ChIJveHbaeqb4jARi2Ap66okBhA,Kiddyland,ChdDSUhNMG9nS0VJQ0FnSUNTOEtYTHBnRRAB,5.0,……这里有一个儿童游乐区：球池、小火车、抓娃娃机和投币游戏应有尽有。 虽然空间不大，但足够爸爸们看着孩子们玩耍，妈妈们也能安心购物。,zh-CN,Sun Dec 13 2020 03:22:30 GMT-0800 (Pacific Standard Time),Mr.Herokung,https://www.google.com/maps/reviews/data=!4m6!14m5!1m4!2m3!1sChdDSUhNMG9nS0VJQ0FnSUNTOEtYTHBnRRAB!2m1!1s0x30e29bea69dbe1bd:0x100624aaeb29608b
ChIJveHbaeqb4jARi2Ap66okBhA,Kiddyland,ChdDSUhNMG9nS0VJQ0FnTUNROUxyZmt3RRAB,1.0,每次去，店员都显得很不热情。他们至少应该笑一笑，尤其是在接待年轻人的时候。还卡的时候，他们连看都不看我一眼，直接递给我，根本没搭理我。他们好像懒得回答问题，只顾着自己干活，完全把顾客抛在脑后。勤奋不是问题，但他们的服务态度真的需要改进。,zh-CN,Sun Mar 02 2025 02:55:03 GMT-0800 (Pacific Standard Time),Araya Pathomrat,https://www.google.com/maps/reviews/data=!4m6!14m5!1m4!2m3!1sChdDSUhNMG9nS0VJQ0FnTUNROUxyZmt3RRAB!2m1!1s0x30e29bea69dbe1bd:0x100624aaeb29608b
ChIJveHbaeqb4jARi2Ap66okBhA,Kiddyland,Ci9DQUlRQUNvZENodHljRjlvT2xkVGVtTnhRVTFsY0RGSE56bFdWMjVuZDNwcFJtYxAB,1.0,工作人员很不礼貌，在等候的家长头顶上大声互相喊叫，任由自己的孩子自由玩耍，跑进跑出，好像玩得很开心。,zh-CN,Tue Jul 29 2025 00:37:23 GMT-0700 (Pacific Daylight Time),ภารดี เอื้อทวีพร,https://www.google.com/maps/reviews/data=!4m6!14m5!1m4!2m3!1sCi9DQUlRQUNvZENodHljRjlvT2xkVGVtTnhRVTFsY0RGSE56bFdWMjVuZDNwcFJtYxAB!2m1!1s0x30e29bea69dbe1bd:0x100624aaeb29608b
ChIJveHbaeqb4jARi2Ap66okBhA,Kiddyland,Ci9DQUlRQUNvZENodHljRjlvT25SbE9WZzFhaTFsVVVWbGJFTm1UMkp5ZEU5eVNXYxAB,1.0,员工服务态度差。,zh-CN,Mon Jul 28 2025 02:55:24 GMT-0700 (Pacific Daylight Time),Rut Rox Chicken,https://www.google.com/maps/reviews/data=!4m6!14m5!1m4!2m3!1sCi9DQUlRQUNvZENodHljRjlvT25SbE9WZzFhaTFsVVVWbGJFTm1UMkp5ZEU5eVNXYxAB!2m1!1s0x30e29bea69dbe1bd:0x100624aaeb29608b
ChIJS_XISm2Z4jARadeK2M9ds6c,考山路夜市,Ci9DQUlRQUNvZENodHljRjlvT21kaGJWZEdjMlZ5VVhkRmFFNWZZM1JQWW1SMGRXYxAB,4.0,"考山路是曼谷最有名的背包客街，整条街从白天到晚上氛围完全不同。 白天相对普通，可以随便逛逛、吃点东西；但一到晚上就完全变成另一种世界，各种酒吧、音乐、街头表演一起爆发，非常热闹。 这里适合来感受气氛、喝一杯、看看热闹，但如果不喜欢吵或者人多，可能会觉得有点太拥挤。 整体来说，很适合体验一次，但不一定适合久待。 Khao San Road is one of the most famous backpacker streets in Bangkok, with a completely different vibe between day and night. During the day, it’s relatively calm and good for a casual walk or quick bite. At night, it turns into a lively party street with bars, loud music, and street performances everywhere. It’s a great place to experience the atmosphere, grab a drink, and people-watch. However, it can get very crowded and noisy, so it may not suit everyone. Overall, it’s definitely worth visiting once, but not necessarily a place to stay for too long.",zh,Sun Apr 05 2026 01:57:06 GMT-0700 (Pacific Daylight Time),Jayden & Qing 一起看世界 jnqjourney.com,https://www.google.com/maps/reviews/data=!4m6!14m5!1m4!2m3!1sCi9DQUlRQUNvZENodHljRjlvT21kaGJWZEdjMlZ5VVhkRmFFNWZZM1JQWW1SMGRXYxAB!2m1!1s0x30e2996d4ac8f54b:0xa7b35dcfd88ad769
ChIJS_XISm2Z4jARadeK2M9ds6c,考山路夜市,Ci9DQUlRQUNvZENodHljRjlvT2pkdFkxSjFRVGxpZVZOVFRHUmlVMmx4V1RWWmJVRRAB,5.0,曼谷考山路是电影《海滩》（The Beach）的取景地之一。这部电影由莱昂纳多·迪卡普里奥主演，讲述了主角在曼谷考山路的背包客栈落脚后，追寻传说中神秘海滩的故事。考山路作为背包客聚集地的特色在影片中得以展现，吸引了大量游客前来打卡。 我慕名而来参观考山路夜市，白天太阳炙热，一些游客过来参观和在两旁美食街美食，超市购物，冰咖啡，饮料果汁，肯德基点餐，纹身…… 夜幕降临下，热浪逐渐散去，整条街道人潮涌动，热闹非凡，坐满了欧美国家背包客和行走亦或站着的世界各国友人，注视观望着街道两旁酒吧舞台DS（Dancer）表演热辣Hip-Hop舞.雷鬼舞（Dancehall）吸引游客嗨皮消费，晚上各种美食冰啤饮料和夜市摊烧烤应有尽有，满足所有到访游客需求，这里也是朋友聚会游玩必打卡的地方，在热闹里不失平静，在狂欢中保持安静。,zh,Wed Sep 24 2025 12:44:08 GMT-0700 (Pacific Daylight Time),yi Xiong,https://www.google.com/maps/reviews/data=!4m6!14m5!1m4!2m3!1sCi9DQUlRQUNvZENodHljRjlvT2pkdFkxSjFRVGxpZVZOVFRHUmlVMmx4V1RWWmJVRRAB!2m1!1s0x30e2996d4ac8f54b:0xa7b35dcfd88ad769
ChIJS_XISm2Z4jARadeK2M9ds6c,考山路夜市,ChZDSUhNMG9nS0VJQ0FnTUNvNzUtWFBREAE,3.0,体验感一般，都是酒吧，全是老外，周围吃的不是很多，商品是义乌小商品,zh,Sun Apr 20 2025 17:40:36 GMT-0700 (Pacific Daylight Time),Mishop,https://www.google.com/maps/reviews/data=!4m6!14m5!1m4!2m3!1sChZDSUhNMG9nS0VJQ0FnTUNvNzUtWFBREAE!2m1!1s0x30e2996d4ac8f54b:0xa7b35dcfd88ad769
ChIJS_XISm2Z4jARadeK2M9ds6c,考山路夜市,ChdDSUhNMG9nS0VJQ0FnSUNSeE5QSW5BRRAB,5.0,考山路是很多人想放松的地方，喝喝酒按按摩💆🏻‍♂️也有很多美食，可以看到不一样的夜市都是喝酒街的地方，跳跳舞💃🏼也可以看到有人在卖大麻,zh,Sat Mar 25 2023 06:19:21 GMT-0700 (Pacific Daylight Time),ALBERT TEY,https://www.google.com/maps/reviews/data=!4m6!14m5!1m4!2m3!1sChdDSUhNMG9nS0VJQ0FnSUNSeE5QSW5BRRAB!2m1!1s0x30e2996d4ac8f54b:0xa7b35dcfd88ad769
ChIJS_XISm2Z4jARadeK2M9ds6c,考山路夜市,Ci9DQUlRQUNvZENodHljRjlvT21GdmVrbE5PRmxFVmxoaWIwaFRaVEF4Y0U5aVZHYxAB,5.0,免费夜市 挺不错的。就是消费量力而行。价格并不实惠,zh,Fri Feb 06 2026 07:28:40 GMT-0800 (Pacific Standard Time),XIAOLIANG LOU (JoJoLou),https://www.google.com/maps/reviews/data=!4m6!14m5!1m4!2m3!1sCi9DQUlRQUNvZENodHljRjlvT21GdmVrbE5PRmxFVmxoaWIwaFRaVEF4Y0U5aVZHYxAB!2m1!1s0x30e2996d4ac8f54b:0xa7b35dcfd88ad769
ChIJX49VWsWZ4jARwEYBM0MDXnE,大秋千,Ci9DQUlRQUNvZENodHljRjlvT204eFlVUmtjMGhTYTNOb1NUWnpXRUpHYkZaNVgyYxAB,5.0,"大秋千是属于拉差博披寺区的建筑,同时也是曼谷的地标之一。 大秋千建于1784年的拉玛一世时期,原址位于波罗僧庙前,是用来举行源于婆罗门教的秋千仪式。拉玛二世统治时期，大秋千曾遭雷击,所以秋千仪式也就停办了。后来大秋千在1920年完成修复,並搬到现址。由于举行仪式时时常发生意外而导致人员伤亡,所以在1935年泰国政府决定停办秋千仪式。 大秋千也曾在1959年翻新,然而经过45年的风吹雨打也有所损坏,泰国政府于2005年开始重建的大秋千,主要用6根柚木树干作为原材,重建工程于2006年12月完工,2007年由当时的国王普密蓬亲自主持落成典礼。 旧有的大秋千被拆除后，如今保存在曼谷国立博物馆。",zh,Sun Jun 29 2025 19:59:25 GMT-0700 (Pacific Daylight Time),YAP FLY,https://www.google.com/maps/reviews/data=!4m6!14m5!1m4!2m3!1sCi9DQUlRQUNvZENodHljRjlvT204eFlVUmtjMGhTYTNOb1NUWnpXRUpHYkZaNVgyYxAB!2m1!1s0x30e299c55a558f5f:0x715e0343330146c0
ChIJX49VWsWZ4jARwEYBM0MDXnE,大秋千,ChdDSUhNMG9nS0VJQ0FnSUNqNllTOWd3RRAB,5.0,附近有一家swing bar可以俯瞰周围的景色，4月下午还是非常热，从卧佛寺走一段时间走到这里，沿途经过一些佛教用品商店，是这次曼谷旅行中有趣的经历,zh,Tue Apr 23 2024 02:50:29 GMT-0700 (Pacific Daylight Time),SIHUI LI,https://www.google.com/maps/reviews/data=!4m6!14m5!1m4!2m3!1sChdDSUhNMG9nS0VJQ0FnSUNqNllTOWd3RRAB!2m1!1s0x30e299c55a558f5f:0x715e0343330146c0
ChIJX49VWsWZ4jARwEYBM0MDXnE,大秋千,ChdDSUhNMG9nS0VJQ0FnSUN1emZIZHdBRRAB,3.0,大秋千就在苏泰寺门外，名声很大，但其实视觉效果平平，如果逛到了苏泰寺可以顺便一看，但如果单独为了它而来我认为并不值得,zh,Wed Aug 03 2022 05:44:00 GMT-0700 (Pacific Daylight Time),Francisque Tang,https://www.google.com/maps/reviews/data=!4m6!14m5!1m4!2m3!1sChdDSUhNMG9nS0VJQ0FnSUN1emZIZHdBRRAB!2m1!1s0x30e299c55a558f5f:0x715e0343330146c0
ChIJX49VWsWZ4jARwEYBM0MDXnE,大秋千,Ci9DQUlRQUNvZENodHljRjlvT2toNFVsQnpVR0ZWVFZaM09GZERRVVExVkVsS1RXYxAB,1.0,这不是一个很值得打卡的旅游景点，很枯燥无趣，不建议特意过来一趟。,zh,Sun Aug 10 2025 22:06:47 GMT-0700 (Pacific Daylight Time),ZEMING KONG,https://www.google.com/maps/reviews/data=!4m6!14m5!1m4!2m3!1sCi9DQUlRQUNvZENodHljRjlvT2toNFVsQnpVR0ZWVFZaM09GZERRVVExVkVsS1RXYxAB!2m1!1s0x30e299c55a558f5f:0x715e0343330146c0
ChIJX49VWsWZ4jARwEYBM0MDXnE,大秋千,ChZDSUhNMG9nS0VJQ0FnSUQyN2JEa2RREAE,5.0,非常不错，宏伟壮观，但是建议叫出租，别自己开车去，周围基本没停车位，很难停车。,zh,Sat May 21 2022 22:05:23 GMT-0700 (Pacific Daylight Time),Tony,https://www.google.com/maps/reviews/data=!4m6!14m5!1m4!2m3!1sChZDSUhNMG9nS0VJQ0FnSUQyN2JEa2RREAE!2m1!1s0x30e299c55a558f5f:0x715e0343330146c0
ChIJI-48yBmZ4jARSp4ZQSZ-3Yc,Ong Ang Canal,Ci9DQUlRQUNvZENodHljRjlvT25oM1FXdERWRGxhZUd0SWFYVkRNbWxpVDBsVlVrRRAB,4.0,适合白天散步或周末夜市，街头艺术和河岸氛围不错，但逛得太快，目前夜市已取消。建议上午或工作日前往，感受本地生活气息。,zh,Thu Jul 16 2026 13:17:56 GMT-0700 (Pacific Daylight Time),越南高端兼职上门Escort Vietnam看主页,https://www.google.com/maps/reviews/data=!4m6!14m5!1m4!2m3!1sCi9DQUlRQUNvZENodHljRjlvT25oM1FXdERWRGxhZUd0SWFYVkRNbWxpVDBsVlVrRRAB!2m1!1s0x30e29919c83cee23:0x87dd7e2641199e4a
ChIJI-48yBmZ4jARSp4ZQSZ-3Yc,Ong Ang Canal,Ci9DQUlRQUNvZENodHljRjlvT25aS01rNWtkMFJyVldobFpVMHhkVjlqWnpGWmQxRRAB,4.0,适合Citywalk，上午十一点前😌就是太快逛完😄,zh,Mon Aug 18 2025 20:02:59 GMT-0700 (Pacific Daylight Time),echo lei,https://www.google.com/maps/reviews/data=!4m6!14m5!1m4!2m3!1sCi9DQUlRQUNvZENodHljRjlvT25aS01rNWtkMFJyVldobFpVMHhkVjlqWnpGWmQxRRAB!2m1!1s0x30e29919c83cee23:0x87dd7e2641199e4a
ChIJI-48yBmZ4jARSp4ZQSZ-3Yc,Ong Ang Canal,ChdDSUhNMG9nS0VJQ0FnSUNLeFBUZ2hnRRAB,5.0,富有生活和艺术气息的本地夜市，沿着河岸两边摆设，起初是市政府为了展示河道治理成果而开设。mrt坐到samyot下走两步就到，每周五六日下午四点到晚十点开放。,zh,Sun Mar 28 2021 07:03:58 GMT-0700 (Pacific Daylight Time),Kefeng Zhou,https://www.google.com/maps/reviews/data=!4m6!14m5!1m4!2m3!1sChdDSUhNMG9nS0VJQ0FnSUNLeFBUZ2hnRRAB!2m1!1s0x30e29919c83cee23:0x87dd7e2641199e4a
ChIJI-48yBmZ4jARSp4ZQSZ-3Yc,Ong Ang Canal,ChZDSUhNMG9nS0VJQ0FnSUNLN2RhLUpBEAE,3.0,"Khlong Ong Ang walking street originally part of east inner city moat, dug in the reign of Rama 1. The walking street streching along the cannel between Damong Sathit bridge and to the bridge in front of Chao Phraya Skypark entrance. Street art graffiti were painted along the section between Charoen Krung road and Yaowarat road, that is the most colourful section, a taking pictures hot spot. Food stalls and small restaurants scatters along. It woule be a night market or events in weekend. Canoe ride could be found. But it was quiet and activities were halted in the pandemic April 2021. 孔阿東昂沿河步行街場(Khlong Ong Ang walking street)原是東面內城河一部分，拉瑪1世時期開拓。沿河步行街北起Damong Sathit bridge橋，南至昭披取天空公園(Chao Phraya Skypark )入口前的橋為止。河通穿越石龍軍道(Charoen Krung road)，耀華力道(Yaowarat road)，三聘市場和小印度(Phahutat market)。石龍軍道與耀華力道一段，漆上街頭藝術壁畫，色彩豐富，反映這區不同族群文化和生活，唐人街居民生活寫照，充滿生活氣息。2021年4月疫情 宋干節(sokrang )節間，步行街店舖食肆零星開著，獨木舟槳橹等擱在河岸邊。",zh,Fri Apr 16 2021 01:21:11 GMT-0700 (Pacific Daylight Time),Wing k,https://www.google.com/maps/reviews/data=!4m6!14m5!1m4!2m3!1sChZDSUhNMG9nS0VJQ0FnSUNLN2RhLUpBEAE!2m1!1s0x30e29919c83cee23:0x87dd7e2641199e4a
ChIJI-48yBmZ4jARSp4ZQSZ-3Yc,Ong Ang Canal,ChdDSUhNMG9nS0VJQ0FnSUNMaWRLeGlBRRAB,2.0,这里已经没有夜市了，当地的人说政府不允许夜市摆摊了。,zh,Thu Jun 20 2024 08:36:35 GMT-0700 (Pacific Daylight Time),朱苏畅,https://www.google.com/maps/reviews/data=!4m6!14m5!1m4!2m3!1sChdDSUhNMG9nS0VJQ0FnSUNMaWRLeGlBRRAB!2m1!1s0x30e29919c83cee23:0x87dd7e2641199e4a
ChIJPzZsMU6Z4jARQUzvk913bCo,大皇宫,ChZDSUhNMG9nS0VJQ0FnSUROc3BEY2ZBEAE,2.0,外国人票价是500铢/人。入口最左侧是泰国人专门通道，当没有泰国人通过时，工作人员也会指挥在旁边排队的外国人利用泰国人专门通道通行。但在入口扫描票上二维码之前坐着的工作人员居然以极为厌烦的表情直接伸手扒拨游客，在泰国生活已近6年的我感到非常惊讶与愤怒，这种行为举止在泰国太罕见了，在曼谷游玩吃喝采购的兴致全无。这样的工作人员不应该出现在著名的游客众多的大皇宫。,zh,Sun Jan 21 2024 00:15:51 GMT-0800 (Pacific Standard Time),hangpeng tom,https://www.google.com/maps/reviews/data=!4m6!14m5!1m4!2m3!1sChZDSUhNMG9nS0VJQ0FnSUROc3BEY2ZBEAE!2m1!1s0x30e2999e32b9ba9d:0x71ad937d4c7b09b7
ChIJPzZsMU6Z4jARQUzvk913bCo,大皇宫,ChdDSUhNMG9nS0VJQ0FnTUNBM3JQNGtnRRAB,5.0,令人惊叹的艺术王宫，辉煌大气的建筑，亚洲的特色标志性建筑。美轮美奂，赞叹！,zh,Fri Jan 31 2025 22:15:59 GMT-0800 (Pacific Standard Time),bill adam,https://www.google.com/maps/reviews/data=!4m6!14m5!1m4!2m3!1sChdDSUhNMG9nS0VJQ0FnTUNBM3JQNGtnRRAB!2m1!1s0x30e2999e32b9ba9d:0x71ad937d4c7b09b7
ChIJPzZsMU6Z4jARQUzvk913bCo,大皇宫,ChZDSUhNMG9nS0VJQ0FnSURUb0xXSldBEAE,5.0,金碧辉煌，人山人海。,zh,Tue May 21 2024 02:38:25 GMT-0700 (Pacific Daylight Time),April Nikki,https://www.google.com/maps/reviews/data=!4m6!14m5!1m4!2m3!1sChZDSUhNMG9nS0VJQ0FnSURUb0xXSldBEAE!2m1!1s0x30e2999e32b9ba9d:0x71ad937d4c7b09b7
ChIJPzZsMU6Z4jARQUzvk913bCo,大皇宫,ChdDSUhNMG9nS0VJQ0FnSUQzdE1Ebmx3RRAB,5.0,震撼,zh,Tue Nov 12 2024 07:22:45 GMT-0800 (Pacific Standard Time),min,https://www.google.com/maps/reviews/data=!4m6!14m5!1m4!2m3!1sChdDSUhNMG9nS0VJQ0FnSUQzdE1Ebmx3RRAB!2m1!1s0x30e2999e32b9ba9d:0x71ad937d4c7b09b7
ChIJPzZsMU6Z4jARQUzvk913bCo,大皇宫,ChdDSUhNMG9nS0VJQ0FnSUQ5Z01ISjdnRRAB,5.0,也,zh,Mon Mar 11 2024 18:20:36 GMT-0700 (Pacific Daylight Time),燕芬,https://www.google.com/maps/reviews/data=!4m6!14m5!1m4!2m3!1sChdDSUhNMG9nS0VJQ0FnSUQ5Z01ISjdnRRAB!2m1!1s0x30e2999e32b9ba9d:0x71ad937d4c7b09b7
ChIJNfNuJA-Z4jARGLI_yKuNzYs,Chakri Maha Prasat Throne Hall,Ci9DQUlRQUNvZENodHljRjlvT2tGdVlrYzNUazlwZG5GdVRuVjBjRTloUkhoeFZtYxAB,2.0,开放区域很小，票价很贵，不值得。不如中国故宫1/10的区域但是票价是好几倍,zh,Sun Oct 05 2025 07:18:16 GMT-0700 (Pacific Daylight Time),cola hu,https://www.google.com/maps/reviews/data=!4m6!14m5!1m4!2m3!1sCi9DQUlRQUNvZENodHljRjlvT2tGdVlrYzNUazlwZG5GdVRuVjBjRTloUkhoeFZtYxAB!2m1!1s0x30e2990f246ef335:0x8bcd8dabc83fb218
ChIJNfNuJA-Z4jARGLI_yKuNzYs,Chakri Maha Prasat Throne Hall,Ci9DQUlRQUNvZENodHljRjlvT2tocGFGaG5RWFp0VUZsc1NVNVVZalIyTlY5dE4zYxAB,5.0,查克里玛哈帕萨特王座厅堪称令人叹为观止的杰作，完美融合了泰式和欧式建筑风格。其精巧的细节、金色的装饰以及整体的宏伟气势，使其成为大皇宫中最令人印象深刻的景点之一。这里氛围庄严肃穆，历史底蕴深厚，绝对是曼谷之行的必游之地。 强烈推荐！,zh-CN,Tue Apr 07 2026 02:49:36 GMT-0700 (Pacific Daylight Time),Noamane.,https://www.google.com/maps/reviews/data=!4m6!14m5!1m4!2m3!1sCi9DQUlRQUNvZENodHljRjlvT2tocGFGaG5RWFp0VUZsc1NVNVVZalIyTlY5dE4zYxAB!2m1!1s0x30e2990f246ef335:0x8bcd8dabc83fb218
ChIJNfNuJA-Z4jARGLI_yKuNzYs,Chakri Maha Prasat Throne Hall,Ci9DQUlRQUNvZENodHljRjlvT21aTVQweERjVkJ3VmxCZlEyOVJNMjR5TVRKTmVHYxAB,5.0,今天，我有幸在诗丽吉王太后陛下的皇家葬礼上担任志愿者。借此机会，我拍摄了一些却克里玛哈帕萨特王座厅的美丽照片，想与大家分享。 王座厅位于大皇宫内，建于1876年拉玛五世国王统治时期。它完美融合了泰式和欧式建筑风格。建筑本身是欧式风格，但屋顶却是传统的泰式三尖塔，因此也被称为“戴着泰式王冠的欧洲人”。如今，这里是接待外国政要和举行重要皇家仪式的场所。虽然王座厅内部通常对公众开放，但由于它分隔了内外两层皇家住所，因此只允许在外部拍照。,zh-CN,Mon Mar 30 2026 10:19:13 GMT-0700 (Pacific Daylight Time),Panjapon Khamsajja,https://www.google.com/maps/reviews/data=!4m6!14m5!1m4!2m3!1sCi9DQUlRQUNvZENodHljRjlvT21aTVQweERjVkJ3VmxCZlEyOVJNMjR5TVRKTmVHYxAB!2m1!1s0x30e2990f246ef335:0x8bcd8dabc83fb218
ChIJNfNuJA-Z4jARGLI_yKuNzYs,Chakri Maha Prasat Throne Hall,Ci9DQUlRQUNvZENodHljRjlvT2t0dFZuZ3hYemQ2VDBFeE9WWlJiRE5WUVdSNlJYYxAB,5.0,能够有机会在查克里玛哈巴萨特宫做义工，对我来说是一份莫大的荣幸。我对君主制有了更深的敬意。皇宫的工作人员都非常友善，给我留下了深刻的印象。,zh-CN,Tue Jan 27 2026 22:40:12 GMT-0800 (Pacific Standard Time),Love chaya,https://www.google.com/maps/reviews/data=!4m6!14m5!1m4!2m3!1sCi9DQUlRQUNvZENodHljRjlvT2t0dFZuZ3hYemQ2VDBFeE9WWlJiRE5WUVdSNlJYYxAB!2m1!1s0x30e2990f246ef335:0x8bcd8dabc83fb218
ChIJNfNuJA-Z4jARGLI_yKuNzYs,Chakri Maha Prasat Throne Hall,Ci9DQUlRQUNvZENodHljRjlvT2xFdFUzbGtURTR3TTBKbVJuSnFUa05oYjJkWVowRRAB,3.0,从玉佛寺出口走到大皇宫经过 听别人的导游说一边是宿卫队 一边是内宫 这栋是泰皇迎亲的地方 不知有没听错,zh-CN,Tue Dec 09 2025 03:31:58 GMT-0800 (Pacific Standard Time),山海幸,https://www.google.com/maps/reviews/data=!4m6!14m5!1m4!2m3!1sCi9DQUlRQUNvZENodHljRjlvT2xFdFUzbGtURTR3TTBKbVJuSnFUa05oYjJkWVowRRAB!2m1!1s0x30e2990f246ef335:0x8bcd8dabc83fb218
ChIJbc0cWQKZ4jARgUvi4O1GgU4,Luenrit Yaowarat,Ci9DQUlRQUNvZENodHljRjlvT205cWJYcENWMUpyVkZORk1WUmtkMXBmUmkwMVNGRRAB,5.0,🏫 勒安日特社区拥有众多商店、咖啡馆、餐厅和美丽的拍照景点。这里经过全新装修，非常适合漫步。周末人潮涌动，如果您在该地区，这里绝对是必游之地。,zh-CN,Wed Jan 07 2026 23:24:11 GMT-0800 (Pacific Standard Time),M,https://www.google.com/maps/reviews/data=!4m6!14m5!1m4!2m3!1sCi9DQUlRQUNvZENodHljRjlvT205cWJYcENWMUpyVkZORk1WUmtkMXBmUmkwMVNGRRAB!2m1!1s0x30e29902591ccd6d:0x4e8146ede0e24b81
ChIJbc0cWQKZ4jARgUvi4O1GgU4,Luenrit Yaowarat,Ci9DQUlRQUNvZENodHljRjlvT2toeFVGRm1abk5RWHpBNFZtRkJWRUo1Y1RoQk1sRRAB,5.0,勒安瑞社区建于拉玛五世国王统治时期。最初，这片土地属于銮日王后坤英勒安所有，后将其出售给皇家财政厅，改建为商业建筑。如今，这里已成为耀华力路一带迷人的新兴打卡点，拥有百年历史的建筑，且人流相对较少。这些保存完好的拉玛五世时期绿色店屋建筑风格独特，散发着古典韵味。您可以搭乘捷运，在三耀站1号出口或芒坤站下车即可到达。,zh-CN,Thu May 07 2026 20:58:24 GMT-0700 (Pacific Daylight Time),Simon Lawasut (Simon sayS Burger ราชพฤกษ์),https://www.google.com/maps/reviews/data=!4m6!14m5!1m4!2m3!1sCi9DQUlRQUNvZENodHljRjlvT2toeFVGRm1abk5RWHpBNFZtRkJWRUo1Y1RoQk1sRRAB!2m1!1s0x30e29902591ccd6d:0x4e8146ede0e24b81
ChIJbc0cWQKZ4jARgUvi4O1GgU4,Luenrit Yaowarat,Ci9DQUlRQUNvZENodHljRjlvT2tkT2NUUllRVTlxUmxGUFJXdElRVlpGWDNwTVEwRRAB,4.0,这是一个新项目，每周的活动都不一样。这里有现场音乐表演和商店。气氛很棒，所以最好在傍晚或晚上来。,zh-CN,Thu Feb 19 2026 02:35:29 GMT-0800 (Pacific Standard Time),Annie Chotiros Nipitvittaya,https://www.google.com/maps/reviews/data=!4m6!14m5!1m4!2m3!1sCi9DQUlRQUNvZENodHljRjlvT2tkT2NUUllRVTlxUmxGUFJXdElRVlpGWDNwTVEwRRAB!2m1!1s0x30e29902591ccd6d:0x4e8146ede0e24b81
ChIJbc0cWQKZ4jARgUvi4O1GgU4,Luenrit Yaowarat,Ci9DQUlRQUNvZENodHljRjlvT25remVESkxZMFp1VFdaNFNtbDRSVWM1VUZGVVJGRRAB,5.0,翻新后的建筑美观迷人，将老建筑的魅力与现代设计完美融合。,zh-CN,Thu Apr 30 2026 22:58:03 GMT-0700 (Pacific Daylight Time),wirat buranathavonesom,https://www.google.com/maps/reviews/data=!4m6!14m5!1m4!2m3!1sCi9DQUlRQUNvZENodHljRjlvT25remVESkxZMFp1VFdaNFNtbDRSVWM1VUZGVVJGRRAB!2m1!1s0x30e29902591ccd6d:0x4e8146ede0e24b81
ChIJbc0cWQKZ4jARgUvi4O1GgU4,Luenrit Yaowarat,Ci9DQUlRQUNvZENodHljRjlvT2s5MmRqUXdNRWxMVFdOSVIzaDRNUzFCWTIxeVEwRRAB,5.0,新建筑保留了原有的设计和氛围。目前，入驻的商铺并不多。,zh-CN,Sun Feb 01 2026 05:30:43 GMT-0800 (Pacific Standard Time),WW Holmes,https://www.google.com/maps/reviews/data=!4m6!14m5!1m4!2m3!1sCi9DQUlRQUNvZENodHljRjlvT2s5MmRqUXdNRWxMVFdOSVIzaDRNUzFCWTIxeVEwRRAB!2m1!1s0x30e29902591ccd6d:0x4e8146ede0e24b81
ChIJPf8hH62Z4jARCmmgbav4jJI,Chinese Lantern Alley 中國燈衚衕,Ci9DQUlRQUNvZENodHljRjlvT2pKdWJVcElOelZ0Wm1sMWRVUXplVVpNYkc4eVdXYxAB,4.0,灯笼巷夜景很美，适合拍照，旁边运河边也有不少好餐馆。如果是顺路或晚上想找个有氛围的地方逛逛，值得一探。,zh,Thu Jul 16 2026 21:21:26 GMT-0700 (Pacific Daylight Time),河内上门Escort Vietnam看主页,https://www.google.com/maps/reviews/data=!4m6!14m5!1m4!2m3!1sCi9DQUlRQUNvZENodHljRjlvT2pKdWJVcElOelZ0Wm1sMWRVUXplVVpNYkc4eVdXYxAB!2m1!1s0x30e299ad1f21ff3d:0x928cf8ab6da0690a
ChIJPf8hH62Z4jARCmmgbav4jJI,Chinese Lantern Alley 中國燈衚衕,Ci9DQUlRQUNvZENodHljRjlvT25aR09Xd3daekZaZGxoWmN6QnlUbnAyTkY5T1YxRRAB,5.0,阿妈红灯笼巷是一条隐藏在楼宇间的小巷，巷内挂满了美丽的红灯笼。 沿途还有许多精美的壁画，是拍照的绝佳地点。,zh-CN,Thu Feb 19 2026 19:34:53 GMT-0800 (Pacific Standard Time),ChubbyArin,https://www.google.com/maps/reviews/data=!4m6!14m5!1m4!2m3!1sCi9DQUlRQUNvZENodHljRjlvT25aR09Xd3daekZaZGxoWmN6QnlUbnAyTkY5T1YxRRAB!2m1!1s0x30e299ad1f21ff3d:0x928cf8ab6da0690a
ChIJPf8hH62Z4jARCmmgbav4jJI,Chinese Lantern Alley 中國燈衚衕,Ci9DQUlRQUNvZENodHljRjlvT2pNdFUyaGlNRjl0WVhsQlNFSm9kak5hYVdkaFJXYxAB,4.0,"In a small alleyway,red lanterns illuminate the street,where a mural can also be seen .A good spot for a short stop and few photos.",en,Sun Feb 22 2026 10:07:33 GMT-0800 (Pacific Standard Time),Matthias Schröter,https://www.google.com/maps/reviews/data=!4m6!14m5!1m4!2m3!1sCi9DQUlRQUNvZENodHljRjlvT2pNdFUyaGlNRjl0WVhsQlNFSm9kak5hYVdkaFJXYxAB!2m1!1s0x30e299ad1f21ff3d:0x928cf8ab6da0690a
ChIJPf8hH62Z4jARCmmgbav4jJI,Chinese Lantern Alley 中國燈衚衕,ChZDSUhNMG9nS0VJQ0FnSUR0LXFxTkFREAE,5.0,我们当时想找个地方练习夜间摄影，这里正好出现在我们的考虑范围内。我们穿过几个不同的区域，最终来到了这条灯笼巷。它很容易错过，不过谷歌地图会直接带你到那里。灯笼巷别具一格，装饰精美。灯笼巷附近的一条运河沿岸有很多餐厅。,zh-CN,Sat Feb 03 2024 18:43:13 GMT-0800 (Pacific Standard Time),Mark Phillips,https://www.google.com/maps/reviews/data=!4m6!14m5!1m4!2m3!1sChZDSUhNMG9nS0VJQ0FnSUR0LXFxTkFREAE!2m1!1s0x30e299ad1f21ff3d:0x928cf8ab6da0690a
ChIJPf8hH62Z4jARCmmgbav4jJI,Chinese Lantern Alley 中國燈衚衕,ChdDSUhNMG9nS0VJQ0FnSURmeGFlbTlBRRAB,4.0,如果你在附近，晚上去看看还不错，但没必要为此跑好几公里……不过，这附近环境优美，有很多很棒的餐厅，氛围轻松惬意。,zh-CN,Wed Jan 08 2025 06:16:42 GMT-0800 (Pacific Standard Time),Pascal antoci,https://www.google.com/maps/reviews/data=!4m6!14m5!1m4!2m3!1sChdDSUhNMG9nS0VJQ0FnSURmeGFlbTlBRRAB!2m1!1s0x30e299ad1f21ff3d:0x928cf8ab6da0690a
ChIJi6kvZwCZ4jAR-m5WfPPfpMc,โอ่งอ่าง Street Art,ChdDSUhNMG9nS0VJQ0FnTUNBN0ozNWhBRRAB,5.0,令人惊叹的各种风格街头艺术。我不明白为什么有人会给这么精彩的免费艺术作品打低分。作为一名壁画艺术家，我可以负责任地说，这些作品的质量和技艺都非常出色。,zh-CN,Wed Jan 29 2025 20:03:21 GMT-0800 (Pacific Standard Time),Andreas Güntensperger,https://www.google.com/maps/reviews/data=!4m6!14m5!1m4!2m3!1sChdDSUhNMG9nS0VJQ0FnTUNBN0ozNWhBRRAB!2m1!1s0x30e29900672fa98b:0xc7a4dff37c566efa
ChIJi6kvZwCZ4jAR-m5WfPPfpMc,โอ่งอ่าง Street Art,Ci9DQUlRQUNvZENodHljRjlvT21rdFltWlZUMnM0Tm1wdWNtVjJMVGRmU2xaUFRXYxAB,4.0,这个想法很好，但执行得不够好。而且沿途遇到的流浪汉也让这次参观体验大打折扣……,zh-CN,Sat Apr 25 2026 00:03:08 GMT-0700 (Pacific Daylight Time),david birota,https://www.google.com/maps/reviews/data=!4m6!14m5!1m4!2m3!1sCi9DQUlRQUNvZENodHljRjlvT21rdFltWlZUMnM0Tm1wdWNtVjJMVGRmU2xaUFRXYxAB!2m1!1s0x30e29900672fa98b:0xc7a4dff37c566efa
ChIJi6kvZwCZ4jAR-m5WfPPfpMc,โอ่งอ่าง Street Art,ChdDSUhNMG9nS0VLYWF6b1dPekpLYXBnRRAB,3.0,街头艺术本身很棒，但附近街区治安不太好，路上有很多无家可归的人。,zh-CN,Sun Jun 08 2025 21:05:17 GMT-0700 (Pacific Daylight Time),Urtė,https://www.google.com/maps/reviews/data=!4m6!14m5!1m4!2m3!1sChdDSUhNMG9nS0VLYWF6b1dPekpLYXBnRRAB!2m1!1s0x30e29900672fa98b:0xc7a4dff37c566efa
ChIJi6kvZwCZ4jAR-m5WfPPfpMc,โอ่งอ่าง Street Art,Ci9DQUlRQUNvZENodHljRjlvT2pOQ1puVkVlV2g2WmpocWFsZFFOa2xuVjNVMVMyYxAB,4.0,别具一格，绝对值得一去。,zh-CN,Sat Nov 15 2025 03:49:18 GMT-0800 (Pacific Standard Time),STEFAN SCHEERERS,https://www.google.com/maps/reviews/data=!4m6!14m5!1m4!2m3!1sCi9DQUlRQUNvZENodHljRjlvT2pOQ1puVkVlV2g2WmpocWFsZFFOa2xuVjNVMVMyYxAB!2m1!1s0x30e29900672fa98b:0xc7a4dff37c566efa
ChIJi6kvZwCZ4jAR-m5WfPPfpMc,โอ่งอ่าง Street Art,ChdDSUhNMG9nS0VJQ0FnTUNZN0xEYnJ3RRAB,4.0,美丽的,zh-CN,Fri May 02 2025 00:06:59 GMT-0700 (Pacific Daylight Time),Abo Abdullah795,https://www.google.com/maps/reviews/data=!4m6!14m5!1m4!2m3!1sChdDSUhNMG9nS0VJQ0FnTUNZN0xEYnJ3RRAB!2m1!1s0x30e29900672fa98b:0xc7a4dff37c566efa
ChIJ44vx_w6Z4jARq0ertA38M0k,曼谷武隆碧曼宫,ChdDSUhNMG9nS0VJQ0FnTUNnbnF6dDVBRRAB,4.0,以前使用的宫殿的华丽场地和建筑。 没有入口，但有很多建筑可以漫步，完美的花园和较小的寺庙。,zh-CN,Mon Feb 17 2025 06:26:06 GMT-0800 (Pacific Standard Time),Hiu Fung Yuen,https://www.google.com/maps/reviews/data=!4m6!14m5!1m4!2m3!1sChdDSUhNMG9nS0VJQ0FnTUNnbnF6dDVBRRAB!2m1!1s0x30e2990efff18be3:0x4933fc0db4ab47ab
ChIJ44vx_w6Z4jARq0ertA38M0k,曼谷武隆碧曼宫,ChZDSUhNMG9nS0VJQ0FnSUNMbGNlOFRREAE,5.0,昔日宫殿的庭院和建筑都非常漂亮。虽然不对外开放，但可以漫步参观许多建筑、精致的花园和小型寺庙。,zh-CN,Fri Jun 21 2024 14:51:25 GMT-0700 (Pacific Daylight Time),Stephanie G,https://www.google.com/maps/reviews/data=!4m6!14m5!1m4!2m3!1sChZDSUhNMG9nS0VJQ0FnSUNMbGNlOFRREAE!2m1!1s0x30e2990efff18be3:0x4933fc0db4ab47ab
ChIJ44vx_w6Z4jARq0ertA38M0k,曼谷武隆碧曼宫,ChZDSUhNMG9nS0VOTEZsN2pKb01mQlV3EAE,5.0,这里绝对值得一游，值得好好走走。对于泰国人民来说，这里风景优美，意义非凡。,zh-CN,Tue May 13 2025 07:38:24 GMT-0700 (Pacific Daylight Time),arsen,https://www.google.com/maps/reviews/data=!4m6!14m5!1m4!2m3!1sChZDSUhNMG9nS0VOTEZsN2pKb01mQlV3EAE!2m1!1s0x30e2990efff18be3:0x4933fc0db4ab47ab
ChIJ44vx_w6Z4jARq0ertA38M0k,曼谷武隆碧曼宫,ChZDSUhNMG9nS0VJQ0FnSUREZzR5X1h3EAE,3.0,哦，好大啊！ 我去的那天阳光很强烈。 很多地方都封锁了。 他们不让你进去。 只有博物馆在阴凉处开放。 洗手间很远。 门票500泰铢。 请记住不要穿短裙或短裤。 那里人非常多。,zh-CN,Sat Apr 13 2024 04:54:12 GMT-0700 (Pacific Daylight Time),Thủy Phạm,https://www.google.com/maps/reviews/data=!4m6!14m5!1m4!2m3!1sChZDSUhNMG9nS0VJQ0FnSUREZzR5X1h3EAE!2m1!1s0x30e2990efff18be3:0x4933fc0db4ab47ab
ChIJ44vx_w6Z4jARq0ertA38M0k,曼谷武隆碧曼宫,ChdDSUhNMG9nS0VJQ0FnSURmeGRiRnJnRRAB,3.0,价格昂贵，要求穿长裤和T恤，而且总是人山人海……这座寺庙是为游客准备的……值得去，但其实并不值得。,zh-CN,Wed Jan 08 2025 05:23:34 GMT-0800 (Pacific Standard Time),diego meex martin,https://www.google.com/maps/reviews/data=!4m6!14m5!1m4!2m3!1sChdDSUhNMG9nS0VJQ0FnSURmeGRiRnJnRRAB!2m1!1s0x30e2990efff18be3:0x4933fc0db4ab47ab
ChIJX4LX2cmZ4jARtLV9RRjCrVc,Alex Face Art,Ci9DQUlRQUNvZENodHljRjlvT21GVFRFWTNUV2hDVVVkNGRrVndjMWxMZEhaU1QxRRAB,5.0,"泰国著名街头艺术家Alex Face于Ong Ang Walking Street的著名三眼壁画。 这是一幅巨大而又保存完好的壁画,而且又处于显眼的位置,所以很多人来到这里都会被吸引过来拍照打卡。",zh,Wed Jun 25 2025 08:57:32 GMT-0700 (Pacific Daylight Time),YAP FLY,https://www.google.com/maps/reviews/data=!4m6!14m5!1m4!2m3!1sCi9DQUlRQUNvZENodHljRjlvT21GVFRFWTNUV2hDVVVkNGRrVndjMWxMZEhaU1QxRRAB!2m1!1s0x30e299c9d9d7825f:0x57adc218457db5b4
ChIJX4LX2cmZ4jARtLV9RRjCrVc,Alex Face Art,Ci9DQUlRQUNvZENodHljRjlvT2pJNU1WZDBOamxDV0V0Vlp6TnlTVWRUVjFSUmRIYxAB,5.0,这是艺术家Alex Face在三彭地区创作的一幅街头艺术作品。作品描绘了一个头部夸张、花朵盛开、双眼不对称的著名人物，整体设计充满活力，美轮美奂。其巨大的尺寸使其格外引人注目，令人过目难忘。,zh-CN,Fri Feb 20 2026 18:24:03 GMT-0800 (Pacific Standard Time),arinrada_ruk,https://www.google.com/maps/reviews/data=!4m6!14m5!1m4!2m3!1sCi9DQUlRQUNvZENodHljRjlvT2pJNU1WZDBOamxDV0V0Vlp6TnlTVWRUVjFSUmRIYxAB!2m1!1s0x30e299c9d9d7825f:0x57adc218457db5b4
ChIJX4LX2cmZ4jARtLV9RRjCrVc,Alex Face Art,Ci9DQUlRQUNvZENodHljRjlvT2pWd00wZFlaWE5wTUhGb05Xa3hkblEzT1dkYWJIYxAB,5.0,"이 곳은 사진 한 장만 찍으면 끝나지만, 근처의 식당들은 가격도 저렴하고, 주위에 개천이 있어서 분위기도 좋습니다. 이 곳을 와 보고, 유명 드라마 '킹더랜드'를 촬영했던 촬영지였던 것을 알게 되었습니다. 이 곳이 아직 유명해지지 않은 것이 의아합니다. 해 질녁에 가면 정말 분위기 좋고 시원합니다. 방콕의 숨은 핫플레이스 입니다.",ko,Fri Mar 20 2026 20:46:06 GMT-0700 (Pacific Daylight Time),채널TF [Travel & Food](채널티에프),https://www.google.com/maps/reviews/data=!4m6!14m5!1m4!2m3!1sCi9DQUlRQUNvZENodHljRjlvT2pWd00wZFlaWE5wTUhGb05Xa3hkblEzT1dkYWJIYxAB!2m1!1s0x30e299c9d9d7825f:0x57adc218457db5b4
ChIJX4LX2cmZ4jARtLV9RRjCrVc,Alex Face Art,Ci9DQUlRQUNvZENodHljRjlvT2xwU1NtbDJjbnB3VWpCT1JXcHpSM1kwYUZWVVVWRRAB,4.0,Alex Face Art 真的很棒。,zh-CN,Fri Feb 20 2026 18:05:10 GMT-0800 (Pacific Standard Time),ChubbyArin,https://www.google.com/maps/reviews/data=!4m6!14m5!1m4!2m3!1sCi9DQUlRQUNvZENodHljRjlvT2xwU1NtbDJjbnB3VWpCT1JXcHpSM1kwYUZWVVVWRRAB!2m1!1s0x30e299c9d9d7825f:0x57adc218457db5b4
ChIJX4LX2cmZ4jARtLV9RRjCrVc,Alex Face Art,ChZDSUhNMG9nS0VJQ0FnSURubXUzMVZnEAE,5.0,这幅壁画绝对惊艳，值得专程前往。尤其如果能把这里和市场里的商店和餐厅一起逛逛，那就更完美了。作为一名街头艺术爱好者，我强烈推荐这里。,zh-CN,Fri Oct 04 2024 21:12:17 GMT-0700 (Pacific Daylight Time),Reiseblog Couchabenteurer (Couchabenteurer),https://www.google.com/maps/reviews/data=!4m6!14m5!1m4!2m3!1sChZDSUhNMG9nS0VJQ0FnSURubXUzMVZnEAE!2m1!1s0x30e299c9d9d7825f:0x57adc218457db5b4
ChIJ64HkdlqZ4jAR1dmQbljIWiQ,ワットポー 東入り口,Ci9DQUlRQUNvZENodHljRjlvT2xWU2REbE5helZmYURSU1VqRm5WVGgxV0RsaU5tYxAB,5.0,방콕으 상징 왓포 꼭가봐야함,ko,Sun Aug 17 2025 23:47:56 GMT-0700 (Pacific Daylight Time),Muhamad Ally,https://www.google.com/maps/reviews/data=!4m6!14m5!1m4!2m3!1sCi9DQUlRQUNvZENodHljRjlvT2xWU2REbE5helZmYURSU1VqRm5WVGgxV0RsaU5tYxAB!2m1!1s0x30e2995a76e481eb:0x245ac8586e90d9d5
ChIJ64HkdlqZ4jAR1dmQbljIWiQ,ワットポー 東入り口,ChZDSUhNMG9nS0VJQ0FnSUNyeWFTZ1ZREAE,4.0,这座寺庙是曼谷必游之地。然而，它似乎对外国游客不够重视。虽然它是一处重要的文化遗产，但高昂的门票和缺乏面向过去和现在游客的设施，是扣掉一颗星的原因。^^,zh-CN,Mon Jul 08 2024 09:34:52 GMT-0700 (Pacific Daylight Time),Tony,https://www.google.com/maps/reviews/data=!4m6!14m5!1m4!2m3!1sChZDSUhNMG9nS0VJQ0FnSUNyeWFTZ1ZREAE!2m1!1s0x30e2995a76e481eb:0x245ac8586e90d9d5
ChIJ64HkdlqZ4jAR1dmQbljIWiQ,ワットポー 東入り口,Ci9DQUlRQUNvZENodHljRjlvT25KelZEY3dNRnBDZVdaUWQxSjFMWFptWldKNlFuYxAB,5.0,卧佛像令人印象深刻。,zh-CN,Sun Mar 01 2026 00:14:18 GMT-0800 (Pacific Standard Time),Rafał,https://www.google.com/maps/reviews/data=!4m6!14m5!1m4!2m3!1sCi9DQUlRQUNvZENodHljRjlvT25KelZEY3dNRnBDZVdaUWQxSjFMWFptWldKNlFuYxAB!2m1!1s0x30e2995a76e481eb:0x245ac8586e90d9d5
ChIJ64HkdlqZ4jAR1dmQbljIWiQ,ワットポー 東入り口,Ci9DQUlRQUNvZENodHljRjlvT25sVmJtdGhkekpVVFVFM1VHSkJURFprVUhNMFRVRRAB,5.0,,,Fri May 29 2026 18:10:47 GMT-0700 (Pacific Daylight Time),Andrew,https://www.google.com/maps/reviews/data=!4m6!14m5!1m4!2m3!1sCi9DQUlRQUNvZENodHljRjlvT25sVmJtdGhkekpVVFVFM1VHSkJURFprVUhNMFRVRRAB!2m1!1s0x30e2995a76e481eb:0x245ac8586e90d9d5
ChIJ64HkdlqZ4jAR1dmQbljIWiQ,ワットポー 東入り口,Ci9DQUlRQUNvZENodHljRjlvT213NWRERk1ha3RMT1VaTGVUSjRlbXBhVVZnMGVFRRAB,5.0,,,Tue Aug 19 2025 16:21:35 GMT-0700 (Pacific Daylight Time),Michael Su,https://www.google.com/maps/reviews/data=!4m6!14m5!1m4!2m3!1sCi9DQUlRQUNvZENodHljRjlvT213NWRERk1ha3RMT1VaTGVUSjRlbXBhVVZnMGVFRRAB!2m1!1s0x30e2995a76e481eb:0x245ac8586e90d9d5
ChIJzdYEJQCZ4jAR47jl11kFXEc,ประตูสวัสดิโสภา,Ci9DQUlRQUNvZENodHljRjlvT2psdlJqZE5UM0puYUU5eVpGZENjVU5aWW14eVIwRRAB,5.0,ประตูสวัสดิโสภา เป็นประตูเก่าแก่ของพระบรมมหาราชวังที่มีความสำคัญทางประวัติศาสตร์มาตั้งแต่สมัยรัชกาลที่ 1 โดดเด่นด้วยสถาปัตยกรรมอันงดงามและบรรยากาศที่สะท้อนเรื่องราวของกรุงรัตนโกสินทร์ เหมาะสำหรับผู้ที่สนใจประวัติศาสตร์และต้องการสัมผัสเสน่ห์ของสถานที่สำคัญใจกลางกรุงเทพฯ,th,Tue Jun 02 2026 08:41:21 GMT-0700 (Pacific Daylight Time),Omiiigod CJ.,https://www.google.com/maps/reviews/data=!4m6!14m5!1m4!2m3!1sCi9DQUlRQUNvZENodHljRjlvT2psdlJqZE5UM0puYUU5eVpGZENjVU5aWW14eVIwRRAB!2m1!1s0x30e299002504d6cd:0x475c0559d7e5b8e3
ChIJzdYEJQCZ4jAR47jl11kFXEc,ประตูสวัสดิโสภา,Ci9DQUlRQUNvZENodHljRjlvT2s5R04yNVJhbU5PYVVGWmQzbDZSVXhEWlZack5IYxAB,5.0,我们来到这座大门前敬献蜡烛，它就在部委对面。这座大门只在特定的场合和活动时开放。,zh-CN,Tue Jun 16 2026 11:33:36 GMT-0700 (Pacific Daylight Time),Amieko brand,https://www.google.com/maps/reviews/data=!4m6!14m5!1m4!2m3!1sCi9DQUlRQUNvZENodHljRjlvT2s5R04yNVJhbU5PYVVGWmQzbDZSVXhEWlZack5IYxAB!2m1!1s0x30e299002504d6cd:0x475c0559d7e5b8e3
ChIJzdYEJQCZ4jAR47jl11kFXEc,ประตูสวัสดิโสภา,Ci9DQUlRQUNvZENodHljRjlvT21WV2EzSTJUa3hFZVVwTVpXSmFWME52YmxGb2QyYxAB,5.0,ประตูสวัสดิโสภา ประตูที่ถูกใช่เปนจุดเข้าชมพระบรมมหาราชวังในเวลาเช้า ก่อนประตูหลักจะเปิด และกรณีพิเศษๆ ตามโอกาส,th,Sun Jun 28 2026 00:13:37 GMT-0700 (Pacific Daylight Time),ChubbyArin,https://www.google.com/maps/reviews/data=!4m6!14m5!1m4!2m3!1sCi9DQUlRQUNvZENodHljRjlvT21WV2EzSTJUa3hFZVVwTVpXSmFWME52YmxGb2QyYxAB!2m1!1s0x30e299002504d6cd:0x475c0559d7e5b8e3
ChIJzdYEJQCZ4jAR47jl11kFXEc,ประตูสวัสดิโสภา,Ci9DQUlRQUNvZENodHljRjlvT2pjMk5tOVlTV1JPU2tjd2JqVnpRa3BhY1RNeU9YYxAB,5.0,我去了玉佛寺（Wat Phra Kaew），从萨瓦迪索帕门（Sawatdisopha Gate）进入。我看到皇家内务局的官员正在监督供奉灯笼的登记工作，这些灯笼将在2026年卫塞节（Visakha Bucha Day）当天点亮，作为佛教供品。组织工作非常出色。许多人带来了灯笼前来登记。寺庙非常干净漂亮，令人赏心悦目，心旷神怡。,zh-CN,Thu May 28 2026 08:34:07 GMT-0700 (Pacific Daylight Time),Thidakorn P,https://www.google.com/maps/reviews/data=!4m6!14m5!1m4!2m3!1sCi9DQUlRQUNvZENodHljRjlvT2pjMk5tOVlTV1JPU2tjd2JqVnpRa3BhY1RNeU9YYxAB!2m1!1s0x30e299002504d6cd:0x475c0559d7e5b8e3
ChIJzdYEJQCZ4jAR47jl11kFXEc,ประตูสวัสดิโสภา,Ci9DQUlRQUNvZENodHljRjlvT2s5RWVsUXdPRVl4UTFOWmJWZ3lZMWhTTXpjd1lrRRAB,5.0,前往玉佛最便捷的方式。我建议早上前往，比较安静，可以更好地欣赏佛像内部的历史遗迹。,zh-CN,Fri Dec 05 2025 19:56:16 GMT-0800 (Pacific Standard Time),Pinyaphat Nusila,https://www.google.com/maps/reviews/data=!4m6!14m5!1m4!2m3!1sCi9DQUlRQUNvZENodHljRjlvT2s5RWVsUXdPRVl4UTFOWmJWZ3lZMWhTTXpjd1lrRRAB!2m1!1s0x30e299002504d6cd:0x475c0559d7e5b8e3
ChIJOWw7XwCZ4jARqQDFs_ulllE,Little India Walking Street,Ci9DQUlRQUNvZENodHljRjlvT2pSaVREUjVNVFpYWlVSRk4ySnRaM2d6VlhkWWFFRRAB,5.0,这个地方在我心中有着特殊的地位，它让我想起印度。这里的气味、色彩和熙熙攘攘的人群都充满活力，令人惊叹不已。我发现了很多有趣的印度美食和印度特产。,zh-CN,Mon Jun 01 2026 20:57:18 GMT-0700 (Pacific Daylight Time),Tommy DesignArt,https://www.google.com/maps/reviews/data=!4m6!14m5!1m4!2m3!1sCi9DQUlRQUNvZENodHljRjlvT2pSaVREUjVNVFpYWlVSRk4ySnRaM2d6VlhkWWFFRRAB!2m1!1s0x30e299005f3b6c39:0x5196a5fbb3c500a9
ChIJOWw7XwCZ4jARqQDFs_ulllE,Little India Walking Street,Ci9DQUlRQUNvZENodHljRjlvT21welJUSnFUemRQVW5NMU0zUnFTRWx4ZUdVNVlVRRAB,5.0,"Sehr beeindruckend, unmengen Stoffe - tolles Essen",de,Thu Jan 08 2026 07:06:07 GMT-0800 (Pacific Standard Time),Silvia S.,https://www.google.com/maps/reviews/data=!4m6!14m5!1m4!2m3!1sCi9DQUlRQUNvZENodHljRjlvT21welJUSnFUemRQVW5NMU0zUnFTRWx4ZUdVNVlVRRAB!2m1!1s0x30e299005f3b6c39:0x5196a5fbb3c500a9
ChIJOWw7XwCZ4jARqQDFs_ulllE,Little India Walking Street,Ci9DQUlRQUNvZENodHljRjlvT2tJeVFVeEZNRzVLTTJoWFprb3djbWt4WkZkdk4wRRAB,1.0,这家店不是24小时营业，别浪费时间来这里。如果想堂食，请查看具体餐厅的信息。,zh-CN,Mon Jul 28 2025 09:01:38 GMT-0700 (Pacific Daylight Time),Kiran Sai,https://www.google.com/maps/reviews/data=!4m6!14m5!1m4!2m3!1sCi9DQUlRQUNvZENodHljRjlvT2tJeVFVeEZNRzVLTTJoWFprb3djbWt4WkZkdk4wRRAB!2m1!1s0x30e299005f3b6c39:0x5196a5fbb3c500a9
ChIJOWw7XwCZ4jARqQDFs_ulllE,Little India Walking Street,ChdDSUhNMG9nS0VQeVgzNEtfaTd1cnVnRRAB,2.0,当地市场 购买小糕点,zh-CN,Fri May 30 2025 07:00:24 GMT-0700 (Pacific Daylight Time),Celine,https://www.google.com/maps/reviews/data=!4m6!14m5!1m4!2m3!1sChdDSUhNMG9nS0VQeVgzNEtfaTd1cnVnRRAB!2m1!1s0x30e299005f3b6c39:0x5196a5fbb3c500a9
ChIJOWw7XwCZ4jARqQDFs_ulllE,Little India Walking Street,ChZDSUhNMG9nS0VJQ0FnTURJNXZTVWJnEAE,5.0,这里是购买印度产品和优质香薰的好地方。,zh-CN,Wed Apr 09 2025 03:55:05 GMT-0700 (Pacific Daylight Time),Sweet Jane,https://www.google.com/maps/reviews/data=!4m6!14m5!1m4!2m3!1sChZDSUhNMG9nS0VJQ0FnTURJNXZTVWJnEAE!2m1!1s0x30e299005f3b6c39:0x5196a5fbb3c500a9
ChIJ5a2tbkyZ4jARYlaDbZpfjfM,Red Lanterns Alley,Ci9DQUlRQUNvZENodHljRjlvT2toVmVsQmpOREJrYWkxTlpHcHVZVEJVTlhKYVNXYxAB,4.0,阿妈红灯笼巷是一条隐藏在楼宇间的小巷，两旁挂满了美丽的红灯笼。 沿途还有许多精美的壁画，是拍照的绝佳地点。,zh-CN,Thu Jul 23 2026 18:23:03 GMT-0700 (Pacific Daylight Time),ChubbyArin,https://www.google.com/maps/reviews/data=!4m6!14m5!1m4!2m3!1sCi9DQUlRQUNvZENodHljRjlvT2toVmVsQmpOREJrYWkxTlpHcHVZVEJVTlhKYVNXYxAB!2m1!1s0x30e2994c6eadade5:0xf38d5f9a6d835662
ChIJ5a2tbkyZ4jARYlaDbZpfjfM,Red Lanterns Alley,Ci9DQUlRQUNvZENodHljRjlvT2t4UE0xTlhOWFI1V0c1VFoyMWtZamc0Y2xORk5sRRAB,5.0,感觉就像身处香港或台湾；小巷里隐藏着独特的魅力，还有很多美丽的拍照地点。,zh-CN,Sat May 30 2026 09:04:39 GMT-0700 (Pacific Daylight Time),Kade Zaa Pa Tour,https://www.google.com/maps/reviews/data=!4m6!14m5!1m4!2m3!1sCi9DQUlRQUNvZENodHljRjlvT2t4UE0xTlhOWFI1V0c1VFoyMWtZamc0Y2xORk5sRRAB!2m1!1s0x30e2994c6eadade5:0xf38d5f9a6d835662
ChIJ5a2tbkyZ4jARYlaDbZpfjfM,Red Lanterns Alley,ChZDSUhNMG9nS0VJQ0FnSURMLXNlcEJ3EAE,5.0,มุมถ่ายรูป กึ่งลับ แถวๆ คลองโอ่งอ่าง มี AMA Hostel เป็นสถานที่เด่นของตรอกนี้ ตรอกประดับโคมแดงสไตล์จีน ตัดกับหน้าต่างสีเขียว มีภาพประดับริมกำแพง . ตรอกนี้ใช้เป็นเส้นทางที่เดินทะลุจากเลียบคลองโอ่งอ่าง มาสำเพ็งได้ หน้าปากทางเข้าด้านริมคลองโอ่งอ่าง มีเจ้าหน้าที่คุมแผงเหล็กกั้นอยู่แต่เราเดินผ่านไปมาได้ . หากใครแวะถ่ายรูป อย่าใช้เวลานาน เพราะมีคนผ่านไปมาอยู่ตลอด,th,Fri Jun 28 2024 10:16:40 GMT-0700 (Pacific Daylight Time),Ning Nanta,https://www.google.com/maps/reviews/data=!4m6!14m5!1m4!2m3!1sChZDSUhNMG9nS0VJQ0FnSURMLXNlcEJ3EAE!2m1!1s0x30e2994c6eadade5:0xf38d5f9a6d835662
ChIJ5a2tbkyZ4jARYlaDbZpfjfM,Red Lanterns Alley,ChdDSUhNMG9nS0VJQ0FnSUMtb2NuUTFBRRAB,4.0,这里环境优美，非常适合游客。巷子里有一家可爱的咖啡馆。不过，灯笼有些老旧，应该更换了。,zh-CN,Sat Nov 05 2022 18:07:38 GMT-0700 (Pacific Daylight Time),Béatrice De Nève,https://www.google.com/maps/reviews/data=!4m6!14m5!1m4!2m3!1sChdDSUhNMG9nS0VJQ0FnSUMtb2NuUTFBRRAB!2m1!1s0x30e2994c6eadade5:0xf38d5f9a6d835662
ChIJ5a2tbkyZ4jARYlaDbZpfjfM,Red Lanterns Alley,ChZDSUhNMG9nS0VJQ0FnSUNGd1luYUpBEAE,5.0,风景如画的小巷，挂满了红灯笼……就在步行街旁边，紧邻运河。,zh-CN,Wed Oct 02 2024 06:37:56 GMT-0700 (Pacific Daylight Time),Jon,https://www.google.com/maps/reviews/data=!4m6!14m5!1m4!2m3!1sChZDSUhNMG9nS0VJQ0FnSUNGd1luYUpBEAE!2m1!1s0x30e2994c6eadade5:0xf38d5f9a6d835662
ChIJQwiy79uZ4jAR7h264hGMq6g,Pahurat intersection,ChZDSUhNMG9nS0VJQ0FnSURaMnVETFl3EAE,5.0,十字路口东北方向是老暹罗购物广场，西北方向是夜莺奥林匹克购物中心，再往北是曼谷大都会警察局第六分局。东南方向是帕胡拉特市场，如果一直往南走，就会到达沙潘普特。,zh-CN,Tue Feb 10 2026 18:33:02 GMT-0800 (Pacific Standard Time),THAI SANPO FUJII,https://www.google.com/maps/reviews/data=!4m6!14m5!1m4!2m3!1sChZDSUhNMG9nS0VJQ0FnSURaMnVETFl3EAE!2m1!1s0x30e299dbefb20843:0xa8ab8c11e2ba1dee
ChIJQwiy79uZ4jAR7h264hGMq6g,Pahurat intersection,ChZDSUhNMG9nS0VJQ0FnSUNmaDRPQk9REAE,5.0,人们纷纷返乡庆祝泼水节，导致交通拥堵。,zh-CN,Wed Jan 01 2025 20:21:28 GMT-0800 (Pacific Standard Time),สมยศ จ่าบาล,https://www.google.com/maps/reviews/data=!4m6!14m5!1m4!2m3!1sChZDSUhNMG9nS0VJQ0FnSUNmaDRPQk9REAE!2m1!1s0x30e299dbefb20843:0xa8ab8c11e2ba1dee
ChIJQwiy79uZ4jAR7h264hGMq6g,Pahurat intersection,ChdDSUhNMG9nS0VJQ0FnSURUenVxT3p3RRAB,5.0,太棒了！这里有好多实用物品。,zh-CN,Fri May 24 2024 10:58:16 GMT-0700 (Pacific Daylight Time),นกเขาใหญ่ หลังสวน,https://www.google.com/maps/reviews/data=!4m6!14m5!1m4!2m3!1sChdDSUhNMG9nS0VJQ0FnSURUenVxT3p3RRAB!2m1!1s0x30e299dbefb20843:0xa8ab8c11e2ba1dee
ChIJQwiy79uZ4jAR7h264hGMq6g,Pahurat intersection,ChZDSUhNMG9nS0VJQ0FnTUNJX0lTMEZnEAE,4.0,气氛依旧如故。,zh-CN,Mon Mar 31 2025 01:48:15 GMT-0700 (Pacific Daylight Time),Nattapol Onsa,https://www.google.com/maps/reviews/data=!4m6!14m5!1m4!2m3!1sChZDSUhNMG9nS0VJQ0FnTUNJX0lTMEZnEAE!2m1!1s0x30e299dbefb20843:0xa8ab8c11e2ba1dee
ChIJQwiy79uZ4jAR7h264hGMq6g,Pahurat intersection,Ci9DQUlRQUNvZENodHljRjlvT2pkbk9GOTNZMFJOZVVjd2NGbHdObVY1YmsxNE5FRRAB,2.0,,,Thu Apr 02 2026 04:24:16 GMT-0700 (Pacific Daylight Time),สิทธิพร ศรีชัยศรี,https://www.google.com/maps/reviews/data=!4m6!14m5!1m4!2m3!1sCi9DQUlRQUNvZENodHljRjlvT2pkbk9GOTNZMFJOZVVjd2NGbHdObVY1YmsxNE5FRRAB!2m1!1s0x30e299dbefb20843:0xa8ab8c11e2ba1dee
ChIJ4X0nGQCZ4jARUBAbsomzTs0,專門騙人去坐船,Ci9DQUlRQUNvZENodHljRjlvT2xKSmFVZHNUWE5SUzNWM05HUkhlVFo0VTNjM04zYxAB,1.0,支援好心人士,zh,Thu Nov 06 2025 17:48:32 GMT-0800 (Pacific Standard Time),沖田宗次（Owen Okita）,https://www.google.com/maps/reviews/data=!4m6!14m5!1m4!2m3!1sCi9DQUlRQUNvZENodHljRjlvT2xKSmFVZHNUWE5SUzNWM05HUkhlVFo0VTNjM04zYxAB!2m1!1s0x30e2990019277de1:0xcd4eb389b21b1050
ChIJ4X0nGQCZ4jARUBAbsomzTs0,專門騙人去坐船,Ci9DQUlRQUNvZENodHljRjlvT21JdE5uSkxVMVZrTXpsbmIxazJhbEZCVDB0M1psRRAB,1.0,感谢提醒，当心在这里被坑,zh,Wed Aug 26 2026 13:27:45 GMT-0700 (Pacific Daylight Time),/ Ming,https://www.google.com/maps/reviews/data=!4m6!14m5!1m4!2m3!1sCi9DQUlRQUNvZENodHljRjlvT21JdE5uSkxVMVZrTXpsbmIxazJhbEZCVDB0M1psRRAB!2m1!1s0x30e2990019277de1:0xcd4eb389b21b1050
ChIJ4X0nGQCZ4jARUBAbsomzTs0,專門騙人去坐船,Ci9DQUlRQUNvZENodHljRjlvT2pRelYxcFBWR04wYzNwUldubFVaelZOVmtkU2RtYxAB,1.0,在被骗的路上，去码头，坐臭船，收我们3500两个人💩,zh,Sat Aug 15 2026 09:50:26 GMT-0700 (Pacific Daylight Time),赵娜,https://www.google.com/maps/reviews/data=!4m6!14m5!1m4!2m3!1sCi9DQUlRQUNvZENodHljRjlvT2pRelYxcFBWR04wYzNwUldubFVaelZOVmtkU2RtYxAB!2m1!1s0x30e2990019277de1:0xcd4eb389b21b1050
ChIJ4X0nGQCZ4jARUBAbsomzTs0,專門騙人去坐船,Ci9DQUlRQUNvZENodHljRjlvT2xab1VrOW9hbTVFU0Y5NVptazBaMFZHWDNCc0xYYxAB,1.0,感谢好心人✊✊✊,zh,Wed Aug 12 2026 11:57:32 GMT-0700 (Pacific Daylight Time),yz T,https://www.google.com/maps/reviews/data=!4m6!14m5!1m4!2m3!1sCi9DQUlRQUNvZENodHljRjlvT2xab1VrOW9hbTVFU0Y5NVptazBaMFZHWDNCc0xYYxAB!2m1!1s0x30e2990019277de1:0xcd4eb389b21b1050
ChIJ4X0nGQCZ4jARUBAbsomzTs0,專門騙人去坐船,Ci9DQUlRQUNvZENodHljRjlvT2xoSGJXMUtUWFZDWWw5S1JWaHdVSGx2YW1wTmFFRRAB,1.0,十分好提醒,zh,Sat Jul 18 2026 06:47:31 GMT-0700 (Pacific Daylight Time),湯翔,https://www.google.com/maps/reviews/data=!4m6!14m5!1m4!2m3!1sCi9DQUlRQUNvZENodHljRjlvT2xoSGJXMUtUWFZDWWw5S1JWaHdVSGx2YW1wTmFFRRAB!2m1!1s0x30e2990019277de1:0xcd4eb389b21b1050
ChIJ4Xjb7c2Z4jARIXT0Rp9wTSY,Chalet Forest Market Festival,ChdDSUhNMG9nS0VJQ0FnSURfaXZtUV93RRAB,1.0,那边没有市场。,zh-CN,Mon Apr 06 2026 08:26:05 GMT-0700 (Pacific Daylight Time),Prashanth Ganta,https://www.google.com/maps/reviews/data=!4m6!14m5!1m4!2m3!1sChdDSUhNMG9nS0VJQ0FnSURfaXZtUV93RRAB!2m1!1s0x30e299cdeddb78e1:0x264d709f46f47421
ChIJ34b_eACZ4jAR2j7D3bs2ifg,San Prabhumi and murals,ChdDSUhNMG9nS0VJQ0FnSUNyeklhSTFBRRAB,5.0,一条氛围独特的巷子里，有一幅美丽的壁画。,zh-CN,Thu Jul 04 2024 09:28:54 GMT-0700 (Pacific Daylight Time),Елена Борецкая,https://www.google.com/maps/reviews/data=!4m6!14m5!1m4!2m3!1sChdDSUhNMG9nS0VJQ0FnSUNyeklhSTFBRRAB!2m1!1s0x30e2990078ff86df:0xf88936bbddc33eda
ChIJu2YM5gSZ4jARoL7Fey_yXy0,暹罗博物馆,Ci9DQUlRQUNvZENodHljRjlvT21KRE1YSk9iRXRpZGtaR2JETlZZWHBCZGtkdlNWRRAB,5.0,刚逛完暹罗博物馆，挺震撼的。不是说它叙事有多宏伟，其实它是把泰国人从古到今的小事儿都拿出来说，反而让我感受到一股子真切的民族自豪感。 🏫比如说吧，有个展厅还原了泰国学校教室的变化，大到桌椅板凳，让我去坐坐；小到黑板报、教科书，让我去亲手触摸……不仅让我觉得泰国人很为自己的教育而自豪，我会想，哇，原来教育也是值得对外展示的啊！也很开放，让我作为外国人也对泰国文化产生了亲近感。 🙌哪怕是讲历史，也会做一些仿真物件，还巧妙地设置了抽屉，没听到一个点就可以去拉开抽屉看看物件，很有沉浸感、互动感，泰文化立刻生动了起来！ 🎫暹罗博物馆门票฿100，不贵，还免费提供多语种语音讲解器。收费的博物馆就该主动提供讲解！,zh,Thu Feb 12 2026 23:50:58 GMT-0800 (Pacific Standard Time),Loop,https://www.google.com/maps/reviews/data=!4m6!14m5!1m4!2m3!1sCi9DQUlRQUNvZENodHljRjlvT21KRE1YSk9iRXRpZGtaR2JETlZZWHBCZGtkdlNWRRAB!2m1!1s0x30e29904e60c66bb:0x2d5ff22f7bc5bea0
ChIJu2YM5gSZ4jARoL7Fey_yXy0,暹罗博物馆,Ci9DQUlRQUNvZENodHljRjlvT25kUU1Ia3dSbTFxTlMxUWMyUktjMjloZDE5TFkxRRAB,4.0,博物馆很有趣 但是小心地铁出口有人打扮成导游的样子 说博物馆11点开门。拿着小地图推荐你去他说的景点,zh,Fri Jun 12 2026 02:36:28 GMT-0700 (Pacific Daylight Time),J L,https://www.google.com/maps/reviews/data=!4m6!14m5!1m4!2m3!1sCi9DQUlRQUNvZENodHljRjlvT25kUU1Ia3dSbTFxTlMxUWMyUktjMjloZDE5TFkxRRAB!2m1!1s0x30e29904e60c66bb:0x2d5ff22f7bc5bea0
ChIJu2YM5gSZ4jARoL7Fey_yXy0,暹罗博物馆,Ci9DQUlRQUNvZENodHljRjlvT2tsWU1rZFFkblpuVUV3elFUUjBWblI0VTE5ZmNIYxAB,5.0,互动性非常强，很适合青少年来体会什么是泰文化，内容涉及衣食住行各个方面,zh,Sat Aug 23 2025 02:15:40 GMT-0700 (Pacific Daylight Time),QW Jin,https://www.google.com/maps/reviews/data=!4m6!14m5!1m4!2m3!1sCi9DQUlRQUNvZENodHljRjlvT2tsWU1rZFFkblpuVUV3elFUUjBWblI0VTE5ZmNIYxAB!2m1!1s0x30e29904e60c66bb:0x2d5ff22f7bc5bea0
ChIJu2YM5gSZ4jARoL7Fey_yXy0,暹罗博物馆,Ci9DQUlRQUNvZENodHljRjlvT2xWNFpTMUVZM2c0WTJaemRsUmFlSE5aWjFsb1gxRRAB,5.0,非常惊喜的博物馆！体量不大但是充满了小巧思。展览融入了很多交互和机关非常新颖有趣😄整个博物馆围绕泰国人的吃穿住行展开介绍，很有生活气息！工作人员很热情，免费的语音导览也很赞👍值得一看！,zh,Sat Jul 05 2025 02:27:32 GMT-0700 (Pacific Daylight Time),闲闲,https://www.google.com/maps/reviews/data=!4m6!14m5!1m4!2m3!1sCi9DQUlRQUNvZENodHljRjlvT2xWNFpTMUVZM2c0WTJaemRsUmFlSE5aWjFsb1gxRRAB!2m1!1s0x30e29904e60c66bb:0x2d5ff22f7bc5bea0
ChIJu2YM5gSZ4jARoL7Fey_yXy0,暹罗博物馆,Ci9DQUlRQUNvZENodHljRjlvT2tWSmMyeDJRMjVhUW1nMllXOWpZVlp2UzE5b05GRRAB,4.0,挺好的小博物馆,zh,Wed May 06 2026 01:14:15 GMT-0700 (Pacific Daylight Time),Zeng Wei,https://www.google.com/maps/reviews/data=!4m6!14m5!1m4!2m3!1sCi9DQUlRQUNvZENodHljRjlvT2tWSmMyeDJRMjVhUW1nMllXOWpZVlp2UzE5b05GRRAB!2m1!1s0x30e29904e60c66bb:0x2d5ff22f7bc5bea0
ChIJU_T3ewCZ4jARwYoxl2kVA1A,MEA SPARK พิพิธภัณฑ์การไฟฟ้าไทย,Ci9DQUlRQUNvZENodHljRjlvT2paclpIWkNjRTh6WlhFMGEwSlpRWEpuVEY5bE1GRRAB,5.0,非常舒服，强烈推荐。,zh,Mon Feb 09 2026 01:42:54 GMT-0800 (Pacific Standard Time),A Y,https://www.google.com/maps/reviews/data=!4m6!14m5!1m4!2m3!1sCi9DQUlRQUNvZENodHljRjlvT2paclpIWkNjRTh6WlhFMGEwSlpRWEpuVEY5bE1GRRAB!2m1!1s0x30e299007bf7f453:0x5003156997318ac1
ChIJU_T3ewCZ4jARwYoxl2kVA1A,MEA SPARK พิพิธภัณฑ์การไฟฟ้าไทย,Ci9DQUlRQUNvZENodHljRjlvT2tsVlRrczVSVmhWVG5ab1RrUnhSbGxTY0VwbFExRRAB,5.0,免费入场。由于参观时间有限，建议提前预约。工作人员会在您预约的参观日期前与您联系确认参观时间。建议您尽早到达。工作人员将引导您参观每个房间并详细讲解，为您提供丰富的知识。您还可以购买纪念品。工作人员热情友好，乐于助人。设有行李寄存处。馆内禁止饮食。儿童可以在等候参观期间到涂色玩耍。,zh-CN,Sat Jul 18 2026 15:39:39 GMT-0700 (Pacific Daylight Time),Jarawee Chaiyarach,https://www.google.com/maps/reviews/data=!4m6!14m5!1m4!2m3!1sCi9DQUlRQUNvZENodHljRjlvT2tsVlRrczVSVmhWVG5ab1RrUnhSbGxTY0VwbFExRRAB!2m1!1s0x30e299007bf7f453:0x5003156997318ac1
ChIJU_T3ewCZ4jARwYoxl2kVA1A,MEA SPARK พิพิธภัณฑ์การไฟฟ้าไทย,Ci9DQUlRQUNvZENodHljRjlvT2poQ2JHOXhORE5CYmtKVFlpMHRWWGd5YW5CNFExRRAB,5.0,博物馆很棒，也很有趣。里面有很多活动可以参加，而且全程都有导游讲解，提供丰富的信息。馆内设有专用停车场，交通非常便利。我强烈推荐给有孩子的家庭。,zh-CN,Wed Jul 01 2026 20:07:49 GMT-0700 (Pacific Daylight Time),Fixtoys,https://www.google.com/maps/reviews/data=!4m6!14m5!1m4!2m3!1sCi9DQUlRQUNvZENodHljRjlvT2poQ2JHOXhORE5CYmtKVFlpMHRWWGd5YW5CNFExRRAB!2m1!1s0x30e299007bf7f453:0x5003156997318ac1
ChIJU_T3ewCZ4jARwYoxl2kVA1A,MEA SPARK พิพิธภัณฑ์การไฟฟ้าไทย,Ci9DQUlRQUNvZENodHljRjlvT2xKZlozaFRYMGROVFVGYVZISnZPVFJ3VTFCMVgyYxAB,5.0,这里很干净，空调很凉爽，建筑风格经典而古朴，但又经过翻新，更显现代气息。工作人员热情周到，全程讲解清晰易懂。这里也是拍照的好地方。不过，由于互动设施不多，可能不太适合带孩子来玩。 停车比较困难，而且从地铁站走过去有点远，但沿途会经过帕空塔拉特（Pak Khlong Talat），所以散步也挺惬意的。走到尽头时，你可能会有点迷路，不知道该往哪走。建议还是打车比较方便。,zh-CN,Wed Mar 18 2026 08:17:01 GMT-0700 (Pacific Daylight Time),Goople review,https://www.google.com/maps/reviews/data=!4m6!14m5!1m4!2m3!1sCi9DQUlRQUNvZENodHljRjlvT2xKZlozaFRYMGROVFVGYVZISnZPVFJ3VTFCMVgyYxAB!2m1!1s0x30e299007bf7f453:0x5003156997318ac1
ChIJU_T3ewCZ4jARwYoxl2kVA1A,MEA SPARK พิพิธภัณฑ์การไฟฟ้าไทย,Ci9DQUlRQUNvZENodHljRjlvT25ZdGRXZGFaRlJKY1cwMVYyMXdkazV4TmxVelVIYxAB,5.0,周末逃离曼谷的喧嚣，真是太棒了！我们学到了很多新知识。展览很不错，尤其是室内还有凉爽的空调。,zh-CN,Sat Jun 27 2026 23:02:22 GMT-0700 (Pacific Daylight Time),Aei Chin,https://www.google.com/maps/reviews/data=!4m6!14m5!1m4!2m3!1sCi9DQUlRQUNvZENodHljRjlvT25ZdGRXZGFaRlJKY1cwMVYyMXdkazV4TmxVelVIYxAB!2m1!1s0x30e299007bf7f453:0x5003156997318ac1
ChIJLRw87jSZ4jAR71p-Xm5oPGU,The First Post Office Monument,ChZDSUhNMG9nS0VJQ0FnSUNoaW8zR0pBEAE,5.0,2023曼谷设计周 活动将持续至2月12日。 活动地点位于Pak Khlong Talat地区的邮局大楼内。展览将参观者涂色并扫描的花卉图像投影到大楼墙面上。展览美轮美奂，强烈推荐，绝对不会让您失望。,zh-CN,Thu Feb 09 2023 14:59:07 GMT-0800 (Pacific Standard Time),SOMPOL TK CHANNEL,https://www.google.com/maps/reviews/data=!4m6!14m5!1m4!2m3!1sChZDSUhNMG9nS0VJQ0FnSUNoaW8zR0pBEAE!2m1!1s0x30e29934ee3c1c2d:0x653c686e5e7e5aef
ChIJLRw87jSZ4jAR71p-Xm5oPGU,The First Post Office Monument,ChdDSUhNMG9nS0VJQ0FnSURybjg3bGxRRRAB,4.0,我是在2024年曼谷设计周期间去的。当时天气还不太热，所以很容易到达。,zh-CN,Sun Jul 21 2024 08:54:24 GMT-0700 (Pacific Daylight Time),Pakon Laopreecha,https://www.google.com/maps/reviews/data=!4m6!14m5!1m4!2m3!1sChdDSUhNMG9nS0VJQ0FnSURybjg3bGxRRRAB!2m1!1s0x30e29934ee3c1c2d:0x653c686e5e7e5aef
ChIJLRw87jSZ4jAR71p-Xm5oPGU,The First Post Office Monument,ChdDSUhNMG9nS0VJQ0FnSUNoLXJ1WGp3RRAB,5.0,这里原先属于邮政电报部，是泰国第一家邮局。如今，这里已成为一座博物馆，展示泰国邮政服务的历史。 我最近才通过2023年曼谷设计周发现了这座博物馆。建筑本身非常漂亮。 然而，它的位置不太好找。我开车绕了好几圈，还跨过好几座桥，结果迷路了。 有机会的话，我会进去参观一下，之后再写一篇更详细的游记。,zh-CN,Sat Feb 11 2023 01:54:44 GMT-0800 (Pacific Standard Time),Taddykingdom,https://www.google.com/maps/reviews/data=!4m6!14m5!1m4!2m3!1sChdDSUhNMG9nS0VJQ0FnSUNoLXJ1WGp3RRAB!2m1!1s0x30e29934ee3c1c2d:0x653c686e5e7e5aef
ChIJLRw87jSZ4jAR71p-Xm5oPGU,The First Post Office Monument,Ci9DQUlRQUNvZENodHljRjlvT2tOS1lVaFRTWGhHZDJ4eFdXbG1TRnBaYUZKNlFYYxAB,2.0,看起来像是废弃的，窗户也严重损坏。,zh-CN,Sun Jun 28 2026 00:34:31 GMT-0700 (Pacific Daylight Time),luke adamek,https://www.google.com/maps/reviews/data=!4m6!14m5!1m4!2m3!1sCi9DQUlRQUNvZENodHljRjlvT2tOS1lVaFRTWGhHZDJ4eFdXbG1TRnBaYUZKNlFYYxAB!2m1!1s0x30e29934ee3c1c2d:0x653c686e5e7e5aef
ChIJLRw87jSZ4jAR71p-Xm5oPGU,The First Post Office Monument,Ci9DQUlRQUNvZENodHljRjlvT2pFMlQwaFRWVzFyWkRVdFpVdFVSbUptY0hkclFuYxAB,5.0,它靠近河边，是个放松的好地方，步行即可到达。,zh-CN,Sat Dec 20 2025 09:11:43 GMT-0800 (Pacific Standard Time),สมบัติ แซ่กอ,https://www.google.com/maps/reviews/data=!4m6!14m5!1m4!2m3!1sCi9DQUlRQUNvZENodHljRjlvT2pFMlQwaFRWVzFyWkRVdFpVdFVSbUptY0hkclFuYxAB!2m1!1s0x30e29934ee3c1c2d:0x653c686e5e7e5aef
ChIJOWvyMRSZ4jARLle5iiMQuoM,Sunthon Phu Museum,Ci9DQUlRQUNvZENodHljRjlvT21oNmVVVTFkQzB3VlRNNGRucEJSa1JMTlhRelUyYxAB,5.0,这里是孙通普剃度出家三年的地方。寺内陈列着拉玛三世国王统治时期的真品文物，保存完好。还有导游讲解历史。虽然地方不大，但能学到很多东西。,zh-CN,Wed May 06 2026 09:02:01 GMT-0700 (Pacific Daylight Time),S.SUPAWADEE,https://www.google.com/maps/reviews/data=!4m6!14m5!1m4!2m3!1sCi9DQUlRQUNvZENodHljRjlvT21oNmVVVTFkQzB3VlRNNGRucEJSa1JMTlhRelUyYxAB!2m1!1s0x30e2991431f26b39:0x83ba10238ab9572e
ChIJOWvyMRSZ4jARLle5iiMQuoM,Sunthon Phu Museum,Ci9DQUlRQUNvZENodHljRjlvT2tkU1ZEUkZNMWhCWlMxT1h5MVRXR1UyU1ZrNFJXYxAB,5.0,这座博物馆讲述了泰国最伟大的诗人之一孙通普的故事。他的作品反映了他所处的时代、卓越的语言造诣以及对诗歌和政治事务的精湛掌握，极具价值。博物馆工作人员热情周到，不仅讲解历史知识，还会教授诗歌游戏，甚至现场朗诵泰语诗歌！这是一次真正全面的体验，您绝对不容错过！,zh-CN,Thu Jul 10 2025 07:38:50 GMT-0700 (Pacific Daylight Time),Torpong Chiamtawongse,https://www.google.com/maps/reviews/data=!4m6!14m5!1m4!2m3!1sCi9DQUlRQUNvZENodHljRjlvT2tkU1ZEUkZNMWhCWlMxT1h5MVRXR1UyU1ZrNFJXYxAB!2m1!1s0x30e2991431f26b39:0x83ba10238ab9572e
ChIJOWvyMRSZ4jARLle5iiMQuoM,Sunthon Phu Museum,Ci9DQUlRQUNvZENodHljRjlvT21JME5VZEVaRmR1V1dGcU5tSm9RWFZOVkcxTFkyYxAB,5.0,我于2026年1月1日参观了这里。这是一个位于寺庙内的宁静之地。工作人员会讲解各种知识并分享故事。那里有一棵枝繁叶茂的莲雾树，树龄已有187年。,zh-CN,Wed Dec 31 2025 21:03:46 GMT-0800 (Pacific Standard Time),BIRD vanilla,https://www.google.com/maps/reviews/data=!4m6!14m5!1m4!2m3!1sCi9DQUlRQUNvZENodHljRjlvT21JME5VZEVaRmR1V1dGcU5tSm9RWFZOVkcxTFkyYxAB!2m1!1s0x30e2991431f26b39:0x83ba10238ab9572e
ChIJOWvyMRSZ4jARLle5iiMQuoM,Sunthon Phu Museum,ChdDSUhNMG9nS0VJQ0FnSURWNUo3emt3RRAB,5.0,位于瓦特提达拉姆寺内的孙通普博物馆，展示了他的生平、作品以及他居住在该寺庙期间的遗物。博物馆的各个房间由年轻的学生提供导览服务，他们大多是瓦拉查那达拉姆学校的四年级学生。导览大约需要30分钟，参观结束后，他们会通过LINE发送您参观时的照片。瓦拉查那达拉姆寺的另一个必游之地是主殿的内部。,zh-CN,Sun Dec 10 2023 20:28:09 GMT-0800 (Pacific Standard Time),Duangden Nrr.,https://www.google.com/maps/reviews/data=!4m6!14m5!1m4!2m3!1sChdDSUhNMG9nS0VJQ0FnSURWNUo3emt3RRAB!2m1!1s0x30e2991431f26b39:0x83ba10238ab9572e
ChIJOWvyMRSZ4jARLle5iiMQuoM,Sunthon Phu Museum,Ci9DQUlRQUNvZENodHljRjlvT2twc1YzZG5VRE5OZW5BM01qWlVVVFpQZVVaV1IxRRAB,5.0,备受尊敬的诗人孙通普，一位横跨四朝的诗人，创作了许多历史剧（泰国民间故事），可以证实这些剧作起源于泰国，并非抄袭自他人，而是由泰国人民自己创作的。里面还有一些学生演讲者，他们风趣幽默，知识渊博。,zh-CN,Sat Aug 16 2025 03:02:30 GMT-0700 (Pacific Daylight Time),Suruchratha - Ch,https://www.google.com/maps/reviews/data=!4m6!14m5!1m4!2m3!1sCi9DQUlRQUNvZENodHljRjlvT2twc1YzZG5VRE5OZW5BM01qWlVVVFpQZVVaV1IxRRAB!2m1!1s0x30e2991431f26b39:0x83ba10238ab9572e
ChIJVVUFixSZ4jARDOa_GlXDB_o,"ASEAN Cultural Center, Ministry of Culture",ChdDSUhNMG9nS0VJQ0FnSUQwdW96Mmd3RRAB,4.0,有一些很新颖的展示,zh,Fri Nov 01 2019 20:05:51 GMT-0700 (Pacific Daylight Time),周芊晴,https://www.google.com/maps/reviews/data=!4m6!14m5!1m4!2m3!1sChdDSUhNMG9nS0VJQ0FnSUQwdW96Mmd3RRAB!2m1!1s0x30e299148b055555:0xfa07c3551abfe60c
ChIJVVUFixSZ4jARDOa_GlXDB_o,"ASEAN Cultural Center, Ministry of Culture",ChdDSUhNMG9nS0VJQ0FnTURJdm9iZHdRRRAB,5.0,这是一个内容丰富、形式多样的东盟国家文化互动展览，非常值得一看，可以让你体验一次精彩的虚拟之旅。展览免费入场，并运用了许多现代化的视听和互动技术。,zh-CN,Thu Apr 10 2025 00:02:54 GMT-0700 (Pacific Daylight Time),V K,https://www.google.com/maps/reviews/data=!4m6!14m5!1m4!2m3!1sChdDSUhNMG9nS0VJQ0FnTURJdm9iZHdRRRAB!2m1!1s0x30e299148b055555:0xfa07c3551abfe60c
ChIJVVUFixSZ4jARDOa_GlXDB_o,"ASEAN Cultural Center, Ministry of Culture",ChZDSUhNMG9nS0VJQ0FnSUM3c3Z1b1ZBEAE,5.0,免费景点，在3楼，可搭电梯，也可走楼梯。 馆员很热情，5点关门。 1楼是Ratchdomnoen contemporary art center，有画展，7点关门。 里面有好几个小游戏，甚至还可以玩VR，是泰国跟南韩合作建立东协国家历史古迹的VR，一共有7个国家的景点，不用去到现场就能体验到，真的是很伟大的工程。 泰国是素可泰府的玛哈泰寺（不是大城府的玛哈泰寺，大城府的比较有名，有树中佛）。 越南是顺化省的启定皇陵（追踪我可看我去启定皇陵写的评论）。 除了VR之外，也可以体验AR虚拟试衣，有十个国家的传统服饰。此外，还有虚拟做菜教学。 我很喜欢这里，可以认识更多东协国家的文化、景点。 截至2024年，东协有10个正式的成员国，分别是五个创始国（印尼、马来西亚、新加坡、泰国、菲律宾）、汶莱、越南、寮国、缅甸、柬埔寨。 （按加入时间排序）。 我喜欢2号We are ASEAN展区，按球球上的贴纸，它会有讲解。 有免费导览地图可拿。,zh-CN,Wed Aug 14 2024 10:16:40 GMT-0700 (Pacific Daylight Time),河,https://www.google.com/maps/reviews/data=!4m6!14m5!1m4!2m3!1sChZDSUhNMG9nS0VJQ0FnSUM3c3Z1b1ZBEAE!2m1!1s0x30e299148b055555:0xfa07c3551abfe60c
ChIJVVUFixSZ4jARDOa_GlXDB_o,"ASEAN Cultural Center, Ministry of Culture",ChdDSUhNMG9nS0VJQ0FnSUMyOGFmLXF3RRAB,5.0,这是一个规模虽小但内容精彩的东盟国家展览。展览免费入场，建议从三楼开始参观。在那里，您将通过多媒体演示，深入了解东盟联盟、其起源和文化。如果您在附近，绝对值得一去。,zh-CN,Sat Apr 23 2022 18:49:45 GMT-0700 (Pacific Daylight Time),Matthias Henn,https://www.google.com/maps/reviews/data=!4m6!14m5!1m4!2m3!1sChdDSUhNMG9nS0VJQ0FnSUMyOGFmLXF3RRAB!2m1!1s0x30e299148b055555:0xfa07c3551abfe60c
ChIJVVUFixSZ4jARDOa_GlXDB_o,"ASEAN Cultural Center, Ministry of Culture",ChdDSUhNMG9nS0VJQ0FnSUNvZzd1c3F3RRAB,5.0,我非常喜欢这家博物馆。我组织了一次大学社团的参观活动，我们的导游非常棒，他为我们详细介绍了该地区的历史、东盟的历史以及十个成员国的文化特色。关于民族服饰和美食的互动展览也很有趣，可以尽情体验。博物馆提供多语种讲解，因此也欢迎游客参观。博物馆位于当代艺术中心二楼，靠近民主纪念碑，因此也是开启拉达那哥欣岛历史徒步之旅的绝佳起点。,zh-CN,Mon Feb 25 2019 07:46:43 GMT-0800 (Pacific Standard Time),Suthida Chang,https://www.google.com/maps/reviews/data=!4m6!14m5!1m4!2m3!1sChdDSUhNMG9nS0VJQ0FnSUNvZzd1c3F3RRAB!2m1!1s0x30e299148b055555:0xfa07c3551abfe60c
ChIJFferBgCZ4jARwOv36_iZA_8,Supreme Patriarch Residence Museum,Ci9DQUlRQUNvZENodHljRjlvT25Wak1GbE1ORUpQTVdoV1dHZEJUMGt0Y2tsV1NWRRAB,5.0,泰国最高僧王博物馆位于曼谷素泰寺（Wat Suthat Thepwararam）内。它并非为纪念某一位僧侣而建，而是为了纪念多位曾领导泰国僧伽的僧侣。僧伽是由受戒的佛教僧侣和尼姑组成的团体，他们通过严谨的修行生活和指导来保存和实践佛陀的教义。 博物馆位于寺庙建筑群内一座修复后的殿堂中，其建筑风格体现了传统的泰式建筑特色，例如木梁、高耸的坡屋顶和壁画装饰的室内空间。部分展品位于昔日僧侣的住所。 素泰寺是泰国皇家一级寺庙之一，由拉玛一世国王下令建造，以其供奉的释迦牟尼佛像和入口处的巨型秋千而闻名。长期以来，该寺庙一直是泰国佛教的精神和行政中心，因此这里也是博物馆的理想选址。 博物馆最重要的藏品包括宗教典籍和手稿。其中包括用巴利语书写的古代佛教经文的贝叶经，通常存放在漆盒中，以及用于僧侣学习的《三藏》印刷版。 《三藏经》由三部分组成：佛陀的教诲、对佛教教义的哲学和心理学分析以及僧侣生活的戒律。它共五十卷，占据了超过五英尺的书架空间！ 博物馆还展出僧侣的僧袍、青铜或铁制钵盂、绣有皇家徽章的法扇、礼伞以及象征僧侣尊严的拐杖等僧侣用品和仪式用品。这些物品用于日常仪式和正式庆典，彰显了僧侣严谨的生活。参观者还可以看到照片、雕像、手写信件、外国政要的礼物以及历代僧侣的讲经，从中可以了解他们的教义和思考。 “最高僧王”是指泰国地位最高的僧侣。泰语为“Somdet Phra Sangkharat”。萨空玛哈桑卡帕里纳约克（Sakonmahasangkhaparinayok），意为僧伽全体成员之首。最高僧王由国王任命，统领两大僧团：大尼迦耶（Maha Nikaya）和法宗尼迦耶（Thammayut Nikaya）。他领导最高僧伽委员会，是全国所有僧侣的精神领袖。现任最高僧王是颂德帕阿里亚翁萨加塔亚那九世（Somdet Phra Ariyavongsagatayana IX），于2017年被任命。 博物馆记录了这些僧侣的传承及其在塑造泰国佛教中所扮演的角色。它为参观者提供了一个反思泰国僧侣传统中体现的戒律、学识和慈悲价值观的机会。,zh-CN,Mon Mar 09 2026 08:23:40 GMT-0700 (Pacific Daylight Time),The Traveling Pug,https://www.google.com/maps/reviews/data=!4m6!14m5!1m4!2m3!1sCi9DQUlRQUNvZENodHljRjlvT25Wak1GbE1ORUpQTVdoV1dHZEJUMGt0Y2tsV1NWRRAB!2m1!1s0x30e2990006abf715:0xff0399f8ebf7ebc0
ChIJFferBgCZ4jARwOv36_iZA_8,Supreme Patriarch Residence Museum,Ci9DQUlRQUNvZENodHljRjlvT205NFpYSldPRVIxZGtwVGFXVXRWRzFqUVdOa2MyYxAB,5.0,我必须说，你这辈子至少要来一次！✨😄 展品令人叹为观止，尤其是摆放礼扇和餐具的房间。布置宏伟，极具文化价值。 餐具和瓷器精美绝伦，而且有很多房间可以参观学习。 房间的灯光恰到好处——既不太亮也不太暗。 氛围宁静祥和，非常干净整洁。 门票每人50泰铢（捐赠）。 曼谷市政厅设有停车场。 热爱古董和艺术的人千万不要错过这里！,zh-CN,Sun Mar 08 2026 09:13:46 GMT-0700 (Pacific Daylight Time),Anongsri Boon,https://www.google.com/maps/reviews/data=!4m6!14m5!1m4!2m3!1sCi9DQUlRQUNvZENodHljRjlvT205NFpYSldPRVIxZGtwVGFXVXRWRzFqUVdOa2MyYxAB!2m1!1s0x30e2990006abf715:0xff0399f8ebf7ebc0
ChIJFferBgCZ4jARwOv36_iZA_8,Supreme Patriarch Residence Museum,Ci9DQUlRQUNvZENodHljRjlvT2pScGQxSnJRV2QwYWxCb1JVOU9TMVpzY1RGblNVRRAB,5.0,参观位于素泰寺（Wat Suthat Thep Wararam Ratcha Woramahawihan）的颂德帕桑卡拉特帕宫博物馆，从踏入的那一刻起，便深深地打动了我。馆内氛围宁静而朴素，却又庄严肃穆，体现了佛教的兴盛和此地的历史意义。它让我心生敬畏，并强烈渴望了解博物馆的各个方面。 博物馆内陈列着颂德帕桑卡拉特帕的私人物品，包括日常用品、重要文件、佛经以及与他修行相关的器物。这些展品展现了一位高僧简朴、谦逊、自律的生活方式，堪称道德、无私和对佛教传承矢志不渝的典范。 通过在博物馆的研究，我了解到颂德帕桑卡拉特帕在泰国历史上的重要地位。他长期以来在传播佛教、教化僧侣和沙弥以及维护泰国社会的佛教教义方面发挥了至关重要的作用。这让我明白，僧侣的职责不仅限于宗教事务，他们对于塑造社会大众的思想和道德也同样重要。 此外，欣赏宫殿的建筑和内部展品让我了解了泰国过去的艺术和文化。建筑的风格、装饰和物品的摆放都体现了泰国古代人民的精湛技艺、对场所的尊重和智慧——这是一份值得保护并传承给子孙后代的文化遗产。 总而言之，参观颂德帕桑卡拉特佩宫博物馆不仅让我了解了历史和佛教，也让我对美德、简朴以及遵循佛教原则的生活产生了敬意。我觉得这次旅行是一次宝贵的经历，它开拓了我的视野，并启发我认识到宗教、文化和历史的重要性。,zh-CN,Sat Jan 24 2026 01:58:31 GMT-0800 (Pacific Standard Time),jettawat manthachitra,https://www.google.com/maps/reviews/data=!4m6!14m5!1m4!2m3!1sCi9DQUlRQUNvZENodHljRjlvT2pScGQxSnJRV2QwYWxCb1JVOU9TMVpzY1RGblNVRRAB!2m1!1s0x30e2990006abf715:0xff0399f8ebf7ebc0
ChIJFferBgCZ4jARwOv36_iZA_8,Supreme Patriarch Residence Museum,Ci9DQUlRQUNvZENodHljRjlvT2pWUlRucDRjMFk0VTNobFVteHpkak5CUWkxb2NYYxAB,5.0,你真的应该至少去一次，太棒了！我个人非常喜欢博物馆和古代文物，而且你可能很难再看到像这样的展品了。我推荐所有喜欢历史或者正在参观寺庙的人都去看看。门票也很便宜！😊😊😊,zh-CN,Thu Apr 16 2026 09:01:28 GMT-0700 (Pacific Daylight Time),Nalatt,https://www.google.com/maps/reviews/data=!4m6!14m5!1m4!2m3!1sCi9DQUlRQUNvZENodHljRjlvT2pWUlRucDRjMFk0VTNobFVteHpkak5CUWkxb2NYYxAB!2m1!1s0x30e2990006abf715:0xff0399f8ebf7ebc0
ChIJFferBgCZ4jARwOv36_iZA_8,Supreme Patriarch Residence Museum,Ci9DQUlRQUNvZENodHljRjlvT2xwTWQzTmtTMDVHV25OdFVXaHhUMmhzY1U1cmNFRRAB,5.0,博物馆收藏了大量属于崇迪帕帕的文物，特别是许多精美多样的仪式扇，以及包含大量祈祷文的贝叶经。,zh-CN,Fri May 01 2026 08:37:20 GMT-0700 (Pacific Daylight Time),Bunnarach Punnarach,https://www.google.com/maps/reviews/data=!4m6!14m5!1m4!2m3!1sCi9DQUlRQUNvZENodHljRjlvT2xwTWQzTmtTMDVHV25OdFVXaHhUMmhzY1U1cmNFRRAB!2m1!1s0x30e2990006abf715:0xff0399f8ebf7ebc0
ChIJmcSYIPaZ4jARJ2kUoA_cns8,Department of Lands Museum,Ci9DQUlRQUNvZENodHljRjlvT2pobVJtcHlXVmhrWkVwTVlVTXhURFpIZW10WmFrRRAB,4.0,走进位于帕披披路上的土地局博物馆，仿佛踏入了一部泰国主权史的编年史。博物馆坐落于一座历史悠久的柚木宅邸内，这座宅邸曾属于拉玛五世国王的妃子乌汶叻公主。最初是皇家住所，后来被农业部使用，最终于1941年成为土地局的总部。博物馆于2001年正式成立。与曼谷的许多地方一样，它也从私人宫殿转变为政府档案馆和博物馆。 博物馆内部规模适中，并不奢华，但却散发着一种温暖而迷人的韵味。博物馆分为四个主题展区，展现了泰国与土地的渊源。第一展区以拉玛五世的大幅画像和早期地图奠定了基础，这些地图记录了土地管理机构的诞生。第二展区则充满神圣的氛围，中心是一尊犍陀罗佛像。小巧而闪亮的雕像，一只手放在胸前，另一只手伸出祈求，据说可以祈求雨水和繁荣。附近摆放着一张狮足大臣桌，象征着政治权威。 对我而言，最精彩的部分出现在第三部分：泰国第一份土地契约的记录，这份契约于1901年10月1日颁发给拉玛五世国王。契约涵盖了邦芭茵的89莱（35英亩）土地，并由两位贵族官员签署。令我印象深刻的是，这份将土地登记在纸上的契约标志着泰国正式土地所有权的开始。在此之前，土地可以使用，但不能真正拥有。博物馆还展出了泰国记录在案的最小地块：仅0.1平方哇（4.3平方英尺），于2007年由母亲传给儿子。 除了这些历史文物，博物馆还揭示了更深层次的东西：土地如何不仅仅是领土，更是身份认同的象征。面对殖民威胁，土地所有权的法典化既是政治上的必然选择，也是一次深刻的文化变革。土地如今可以继承、投资，甚至抵押。它变得对法律，乃至对国家而言，都变得清晰可辨。经纬仪和薄纱地图布等测量工具被保存下来，作为这一转变的象征，象征着制图学的觉醒。 博物馆并不宏伟或华丽，但当我站在文物修复室里，想象着档案馆里那些尚未面世的文物时，我感到这座建筑本身就像一个容器：它不仅存放着记录……更承载着我们如何将自身与土地紧密相连的记忆。,zh-CN,Fri Apr 10 2026 04:37:07 GMT-0700 (Pacific Daylight Time),The Traveling Pug,https://www.google.com/maps/reviews/data=!4m6!14m5!1m4!2m3!1sCi9DQUlRQUNvZENodHljRjlvT2pobVJtcHlXVmhrWkVwTVlVTXhURFpIZW10WmFrRRAB!2m1!1s0x30e299f62098c499:0xcf9edc0fa0146927
ChIJmcSYIPaZ4jARJ2kUoA_cns8,Department of Lands Museum,ChZDSUhNMG9nS0VJQ0FnTURBeEp1M0JnEAE,5.0,它位于一栋毫不起眼的办公楼楼上的几个房间里。我们周一到的时候，只有主展厅开放；第二个展厅有空调，还挂着拉玛五世的大幅画像，据说只在特定的日子开放（据说是给喜欢在吉日参观的房地产人士准备的）。 从之前的照片和报道来看，它似乎已经从原先更宏伟的地点搬迁过来，而且在新冠疫情之前，它已经不如从前了。资深策展人伯德正在尽力让它焕发活力。他经验丰富，也很有趣，不过如果你懂泰语，那就更好了。 我们穿过前门上“装修暂停营业”的告示，走进一个大房间，里面摆放着各种各样的玻璃展柜。这里有很多有趣的历史文物，包括暹罗颁发的第一份现代土地所有权证书，以及泰国最小地块（0.4平方米）的所有权证书。虽然没有太多指示牌提供背景信息，但你可以用手机扫描二维码了解更多信息。 博物馆免费入场，就在皇家田广场地铁站对面，靠近卧佛寺和大皇宫。如果你正好在附近，又恰好是个历史爱好者，不妨去参观一下这座博物馆，表达你的支持，也希望能够促使政府将其修复至昔日辉煌。,zh-CN,Thu Feb 06 2025 19:08:04 GMT-0800 (Pacific Standard Time),T.K. Teoh,https://www.google.com/maps/reviews/data=!4m6!14m5!1m4!2m3!1sChZDSUhNMG9nS0VJQ0FnTURBeEp1M0JnEAE!2m1!1s0x30e299f62098c499:0xcf9edc0fa0146927
ChIJmcSYIPaZ4jARJ2kUoA_cns8,Department of Lands Museum,ChdDSUhNMG9nS0VJQ0FnSURUcHN1MHZRRRAB,1.0,这个地方根本不存在。我找不到任何博物馆的入口。根据谷歌地图，入口在两排单层建筑的尽头，但那却是死路一条，我当时吓坏了。事实上，那里没有任何指示牌。如果你们对外开放，请务必设置指示牌。,zh-CN,Fri May 24 2024 01:35:01 GMT-0700 (Pacific Daylight Time),Lim Ying,https://www.google.com/maps/reviews/data=!4m6!14m5!1m4!2m3!1sChdDSUhNMG9nS0VJQ0FnSURUcHN1MHZRRRAB!2m1!1s0x30e299f62098c499:0xcf9edc0fa0146927
ChIJmcSYIPaZ4jARJ2kUoA_cns8,Department of Lands Museum,ChZDSUhNMG9nS0VJQ0FnSUR6czlIV1FBEAE,4.0,ได้ความรู้จากผู้ที่ดูแล(คุณ เบิร์ด)...ถึงประวัติความเป็นมาและอีกหลายเรื่องราวครับ...,th,Wed Jun 12 2024 00:54:20 GMT-0700 (Pacific Daylight Time),Wattanai Khaimarn,https://www.google.com/maps/reviews/data=!4m6!14m5!1m4!2m3!1sChZDSUhNMG9nS0VJQ0FnSUR6czlIV1FBEAE!2m1!1s0x30e299f62098c499:0xcf9edc0fa0146927
ChIJmcSYIPaZ4jARJ2kUoA_cns8,Department of Lands Museum,ChdDSUhNMG9nS0VJQ0FnSURvNHByZ3V3RRAB,5.0,神圣之地，博大知识的宝库。,zh-CN,Thu Mar 14 2019 09:17:55 GMT-0700 (Pacific Daylight Time),Todd Vlog,https://www.google.com/maps/reviews/data=!4m6!14m5!1m4!2m3!1sChdDSUhNMG9nS0VJQ0FnSURvNHByZ3V3RRAB!2m1!1s0x30e299f62098c499:0xcf9edc0fa0146927
ChIJSVOcJA-Z4jAR4CCMqH58uDU,The Pavilion of Regalia Royal Decorations and Coins,ChZDSUhNMG9nS0VJQ0FnSURvaE1lTkxREAE,4.0,门票：500泰铢 请注意：禁止穿短裤（男士亦然）。肩膀必须遮盖。语音导览收费200泰铢。进入景区后可获取详细的文字导览（也有德语版）——在我看来，这些就足够了。景区内人很多，但景色优美，值得一看。许多建筑装饰华丽，金碧辉煌。,zh-CN,Tue Mar 12 2019 04:17:18 GMT-0700 (Pacific Daylight Time),Markus,https://www.google.com/maps/reviews/data=!4m6!14m5!1m4!2m3!1sChZDSUhNMG9nS0VJQ0FnSURvaE1lTkxREAE!2m1!1s0x30e2990f249c5349:0x35b87c7ea88c20e0
ChIJSVOcJA-Z4jAR4CCMqH58uDU,The Pavilion of Regalia Royal Decorations and Coins,ChdDSUhNMG9nS0VJQ0FnSURJLVo2UzV3RRAB,5.0,一座精美的寺庙建筑群，通体金碧辉煌，装饰华丽。简而言之，这是一处圣地。,zh-CN,Sat Jan 12 2019 06:06:40 GMT-0800 (Pacific Standard Time),Dmitriy Panchenko,https://www.google.com/maps/reviews/data=!4m6!14m5!1m4!2m3!1sChdDSUhNMG9nS0VJQ0FnSURJLVo2UzV3RRAB!2m1!1s0x30e2990f249c5349:0x35b87c7ea88c20e0
ChIJSVOcJA-Z4jAR4CCMqH58uDU,The Pavilion of Regalia Royal Decorations and Coins,ChdDSUhNMG9nS0VJQ0FnSURncFl1Y3RnRRAB,4.0,美丽而历史悠久的寺庙,zh-CN,Sat Aug 18 2018 05:09:24 GMT-0700 (Pacific Daylight Time),Ed,https://www.google.com/maps/reviews/data=!4m6!14m5!1m4!2m3!1sChdDSUhNMG9nS0VJQ0FnSURncFl1Y3RnRRAB!2m1!1s0x30e2990f249c5349:0x35b87c7ea88c20e0
ChIJSVOcJA-Z4jAR4CCMqH58uDU,The Pavilion of Regalia Royal Decorations and Coins,Ci9DQUlRQUNvZENodHljRjlvT201Sk1YWk1RME5rZDAxalEyOVhYM3BFVWpoQmIxRRAB,5.0,雄伟的佛像,zh-CN,Sat Feb 28 2026 21:19:47 GMT-0800 (Pacific Standard Time),Rafał,https://www.google.com/maps/reviews/data=!4m6!14m5!1m4!2m3!1sCi9DQUlRQUNvZENodHljRjlvT201Sk1YWk1RME5rZDAxalEyOVhYM3BFVWpoQmIxRRAB!2m1!1s0x30e2990f249c5349:0x35b87c7ea88c20e0
ChIJSVOcJA-Z4jAR4CCMqH58uDU,The Pavilion of Regalia Royal Decorations and Coins,ChZDSUhNMG9nS0VJQ0FnSUNvNjdHWEtREAE,5.0,必看！真是个奇迹,zh-CN,Fri Mar 01 2019 01:19:35 GMT-0800 (Pacific Standard Time),Alexis Jacquemin,https://www.google.com/maps/reviews/data=!4m6!14m5!1m4!2m3!1sChZDSUhNMG9nS0VJQ0FnSUNvNjdHWEtREAE!2m1!1s0x30e2990f249c5349:0x35b87c7ea88c20e0
ChIJf4rQ2gaZ4jARBeB-cjQDpd0,Muse Shop by Museum Siam,ChdDSUhNMG9nS0VJQ0FnSURqaVA2TDZBRRAB,4.0,我们走了很累的路后在这里吃了午饭。饭菜很美味。,zh-CN,Sun Apr 28 2024 08:18:06 GMT-0700 (Pacific Daylight Time),Tommy,https://www.google.com/maps/reviews/data=!4m6!14m5!1m4!2m3!1sChdDSUhNMG9nS0VJQ0FnSURqaVA2TDZBRRAB!2m1!1s0x30e29906dad08a7f:0xdda50334727ee005
ChIJf4rQ2gaZ4jARBeB-cjQDpd0,Muse Shop by Museum Siam,ChZDSUhNMG9nS0VJQ0FnSUN1NXVHTU5BEAE,4.0,如果你在附近，可以去看看。,zh-CN,Wed Jul 27 2022 05:58:23 GMT-0700 (Pacific Daylight Time),Kei Kang (Kei),https://www.google.com/maps/reviews/data=!4m6!14m5!1m4!2m3!1sChZDSUhNMG9nS0VJQ0FnSUN1NXVHTU5BEAE!2m1!1s0x30e29906dad08a7f:0xdda50334727ee005
ChIJf4rQ2gaZ4jARBeB-cjQDpd0,Muse Shop by Museum Siam,Ci9DQUlRQUNvZENodHljRjlvT21NMGVtazRVR1JFY2w5VmNWUnBNR1p0V0VwWlJtYxAB,3.0,,,Fri Sep 12 2025 01:09:05 GMT-0700 (Pacific Daylight Time),PUP DADDY TV CHANNEL,https://www.google.com/maps/reviews/data=!4m6!14m5!1m4!2m3!1sCi9DQUlRQUNvZENodHljRjlvT21NMGVtazRVR1JFY2w5VmNWUnBNR1p0V0VwWlJtYxAB!2m1!1s0x30e29906dad08a7f:0xdda50334727ee005
ChIJf4rQ2gaZ4jARBeB-cjQDpd0,Muse Shop by Museum Siam,ChdDSUhNMG9nS0VJQ0FnSURUNTl1NjN3RRAB,5.0,,,Tue May 28 2024 18:31:13 GMT-0700 (Pacific Daylight Time),Yair Cortés,https://www.google.com/maps/reviews/data=!4m6!14m5!1m4!2m3!1sChdDSUhNMG9nS0VJQ0FnSURUNTl1NjN3RRAB!2m1!1s0x30e29906dad08a7f:0xdda50334727ee005
ChIJET6scwCZ4jARCJ-mJhplA7I,พิพิธภัณฑ์ศาลรัฐธรรมนูญ,Ci9DQUlRQUNvZENodHljRjlvT21JMFdWZHRSakZIVGpsU1IwVnRja1ZIVTBaNGNYYxAB,5.0,泰国宪法法院博物馆新近开放，该建筑曾是2000年代中期之前的法院所在地。博物馆还设有教育服务中心，专门讲解宪法权利及其保护，尤其适合青少年参观。博物馆现代、互动性强、趣味盎然，但原有的历史展品不多。不过，令人印象深刻的法庭经过精心修复，并对外开放。,zh-CN,Fri Jul 10 2026 05:21:04 GMT-0700 (Pacific Daylight Time),V K,https://www.google.com/maps/reviews/data=!4m6!14m5!1m4!2m3!1sCi9DQUlRQUNvZENodHljRjlvT21JMFdWZHRSakZIVGpsU1IwVnRja1ZIVTBaNGNYYxAB!2m1!1s0x30e2990073ac3e11:0xb203651a26a69f08
ChIJET6scwCZ4jARCJ-mJhplA7I,พิพิธภัณฑ์ศาลรัฐธรรมนูญ,Ci9DQUlRQUNvZENodHljRjlvT2tkd1dWVmxPVFJKZURGb2QxSlFYMFJQT0UxUlQyYxAB,5.0,🏛️宪法法院博物馆：这座博物馆展示了宪法和宪法法院的历史，坐落于昭披耶·拉达那·蒂贝特（Chao Phraya Rattana Thibet）的旧址，这里曾是教育部和宪法法院所在地。博物馆免费入场，并提供精彩的导览服务。由于博物馆在工作时间内开放，所以人不多。每天上午和下午各有两场导览，馆内还设有游戏设施。这是一座全新的博物馆，能提供丰富的知识。馆内干净整洁，配备空调，对于喜欢博物馆和建筑的游客来说，这里是理想之选，因为昭披耶的故居已被完整地保存了下来。参观大约需要1小时30分钟。相信您一定不会失望。 🎁 博物馆概况 博物馆分为三层： 一层：101室 - 接待大厅 102室 - 走廊 103室 - 开启宪法守护者使命之旅 104室 - 宪法法院院长办公室 105室 - 宪法法院法官办公室 106室 - 纪念品商店 107室 - 轮换展览 二层：201室 - 立志铭刻 202室 - 为国家和人民服务的使命 203室 - 历史展厅 204室 - 接待室 205室 - 宪法案件开庭 206室 - 宪法法院的贡献 207室 - 与宪法守护者对话 208室 - 审判会议室 209室 - 审判室展厅 历史 3楼301室：皇家庇护下的泰国宪法 303室：名人堂 304室：泰国及海外藏品展厅 305室：宪法法院网络的下一步 306室：昭披耶·拉达那·蒂贝特故居：跨越时空的建筑 307室：追溯历史，讲述鲜活的传奇,zh-CN,Thu Feb 12 2026 10:15:58 GMT-0800 (Pacific Standard Time),M,https://www.google.com/maps/reviews/data=!4m6!14m5!1m4!2m3!1sCi9DQUlRQUNvZENodHljRjlvT2tkd1dWVmxPVFJKZURGb2QxSlFYMFJQT0UxUlQyYxAB!2m1!1s0x30e2990073ac3e11:0xb203651a26a69f08
ChIJET6scwCZ4jARCJ-mJhplA7I,พิพิธภัณฑ์ศาลรัฐธรรมนูญ,Ci9DQUlRQUNvZENodHljRjlvT21ORWVrbE9NVmt4Y25WU01HRTBVbFJMYzNBMVIzYxAB,5.0,宪法法院博物馆 这座位于帕那空区查克佩特路（Chak Phet Road）的黄色建筑，曾是拉玛五世国王时期一位高级官员昭披耶·拉达那·提贝（Phum Sri Chaiyan）的官邸。这座拥有百年历史的建筑，以其文艺复兴时期的建筑风格而闻名。 2000年，该建筑被改建为宪法法院，并在此审理了许多重要案件。 2025年，这座建筑正式成为宪法法院博物馆，向公众开放，供公众参观并了解宪法法院的职能。 宪法法院博物馆内部： 展品分布在20多个展厅，每个展厅都呈现不同的内容，涵盖从宪法解读到宪法法院的职能和程序等各个方面。 一层：了解宪法法院的基本情况和职能；院长办公室和历任宪法法院法官办公室。 二层：历史法庭；重现真实法庭氛围，设有法官席、原告席、被告席、证人席和旁听席。 三楼：泰国宪法皇家赞助厅；昭披耶·拉达那·西藏故居厅。建筑超越时空，迈向博物馆：追溯旧街区——空翁昂社区,zh-CN,Sat Dec 20 2025 19:35:04 GMT-0800 (Pacific Standard Time),narong harusadeekul,https://www.google.com/maps/reviews/data=!4m6!14m5!1m4!2m3!1sCi9DQUlRQUNvZENodHljRjlvT21ORWVrbE9NVmt4Y25WU01HRTBVbFJMYzNBMVIzYxAB!2m1!1s0x30e2990073ac3e11:0xb203651a26a69f08
ChIJET6scwCZ4jARCJ-mJhplA7I,พิพิธภัณฑ์ศาลรัฐธรรมนูญ,Ci9DQUlRQUNvZENodHljRjlvT2xSM1FqaG5ZMGxKWW1nd2VYYzNiamRaVlRWdWIyYxAB,5.0,宪法法院博物馆很遗憾只在工作日开放。如果您来这里参观，之后还可以顺道去参观位于Wat Liap寺旁边的泰国电力局博物馆。,zh-CN,Sat Feb 07 2026 23:03:47 GMT-0800 (Pacific Standard Time),Moo Sakchai T.,https://www.google.com/maps/reviews/data=!4m6!14m5!1m4!2m3!1sCi9DQUlRQUNvZENodHljRjlvT2xSM1FqaG5ZMGxKWW1nd2VYYzNiamRaVlRWdWIyYxAB!2m1!1s0x30e2990073ac3e11:0xb203651a26a69f08
ChIJET6scwCZ4jARCJ-mJhplA7I,พิพิธภัณฑ์ศาลรัฐธรรมนูญ,Ci9DQUlRQUNvZENodHljRjlvT2pGcWEzUkdSblExYWxFM2NIUTROR1JaWmxKNk9YYxAB,5.0,这里真是个好地方！博物馆太有趣了，远远超出我的预期。展陈方式现代又引人入胜，每个展厅都让人赏心悦目。 无需预约，欢迎直接入场，但必须准时到达才能参加导览。每天有四场导览。 空调很棒，洗手间干净整洁。这里有免费停车位，或者您也可以付费停在街对面的私人停车场。此外，您还可以搭乘捷运到三耀站，然后步行约10分钟即可到达。 博物馆建筑本身就是一座美丽且具有重要历史意义的古老建筑，已被列为历史遗迹。 工作人员非常热情友好，导览员知识渊博、细致周到，能够耐心解答各种问题。这是一次令人印象深刻的体验。 总而言之，这是一次非常棒的体验，非常适合带孩子和孙辈的家庭。强烈推荐！,zh-CN,Fri Oct 17 2025 06:04:45 GMT-0700 (Pacific Daylight Time),Naruemanat S.,https://www.google.com/maps/reviews/data=!4m6!14m5!1m4!2m3!1sCi9DQUlRQUNvZENodHljRjlvT2pGcWEzUkdSblExYWxFM2NIUTROR1JaWmxKNk9YYxAB!2m1!1s0x30e2990073ac3e11:0xb203651a26a69f08
ChIJCXdT5w6Z4jARevjm6M711JQ,National Treasury Bureau,ChZDSUhNMG9nS0VJQ0FnSURBdGFfZ1BREAE,4.0,宫殿外，国家美术馆旁边，也有这样的办公室。,zh-CN,Wed Oct 26 2016 20:37:04 GMT-0700 (Pacific Daylight Time),pond jaemsopon,https://www.google.com/maps/reviews/data=!4m6!14m5!1m4!2m3!1sChZDSUhNMG9nS0VJQ0FnSURBdGFfZ1BREAE!2m1!1s0x30e2990ee7537709:0x94d4f5cee8e6f87a
ChIJCXdT5w6Z4jARevjm6M711JQ,National Treasury Bureau,ChdDSUhNMG9nS0VJQ0FnSUNROE12Qmh3RRAB,4.0,从地理位置来看，我猜这里是皇家服饰、装饰品和钱币博物馆。这个博物馆的门票包含在玉佛寺和大皇宫的门票里。顾名思义，它主要展示泰国及其王室的钱币、服饰和装饰品。,zh-CN,Wed Feb 14 2018 04:44:03 GMT-0800 (Pacific Standard Time),Mahbubul Islam,https://www.google.com/maps/reviews/data=!4m6!14m5!1m4!2m3!1sChdDSUhNMG9nS0VJQ0FnSUNROE12Qmh3RRAB!2m1!1s0x30e2990ee7537709:0x94d4f5cee8e6f87a
ChIJCXdT5w6Z4jARevjm6M711JQ,National Treasury Bureau,ChdDSUhNMG9nS0VJQ0FnSURBak9YTHJBRRAB,4.0,我们谨致以崇高的敬意，并祈祷陛下永远活在泰国人民心中。,zh-CN,Wed Oct 11 2017 06:19:51 GMT-0700 (Pacific Daylight Time),มานัส บุญภักดั,https://www.google.com/maps/reviews/data=!4m6!14m5!1m4!2m3!1sChdDSUhNMG9nS0VJQ0FnSURBak9YTHJBRRAB!2m1!1s0x30e2990ee7537709:0x94d4f5cee8e6f87a
ChIJCXdT5w6Z4jARevjm6M711JQ,National Treasury Bureau,ChdDSUhNMG9nS0VJQ0FnSUNnd1ppQ25RRRAB,3.0,进屋需要穿裤子！,zh-CN,Thu Jun 21 2018 10:14:28 GMT-0700 (Pacific Daylight Time),Calvin Chow,https://www.google.com/maps/reviews/data=!4m6!14m5!1m4!2m3!1sChdDSUhNMG9nS0VJQ0FnSUNnd1ppQ25RRRAB!2m1!1s0x30e2990ee7537709:0x94d4f5cee8e6f87a
ChIJCXdT5w6Z4jARevjm6M711JQ,National Treasury Bureau,ChZDSUhNMG9nS0VJQ0FnSUNnOXFyR09BEAE,5.0,博物馆...,zh-CN,Wed Apr 12 2017 00:56:28 GMT-0700 (Pacific Daylight Time),Анатолий Сёмушкин,https://www.google.com/maps/reviews/data=!4m6!14m5!1m4!2m3!1sChZDSUhNMG9nS0VJQ0FnSUNnOXFyR09BEAE!2m1!1s0x30e2990ee7537709:0x94d4f5cee8e6f87a
ChIJLfRRXAWZ4jARqRiQcNqWOas,Territorial Defense Command,Ci9DQUlRQUNvZENodHljRjlvT21wM1JGZDRkRVJPYmxveU1IUmpia0ZWVnpkNGVsRRAB,1.0,我浪费了博物馆之夜半个晚上的时间，试图参观这个神秘的博物馆。它至少一度出现在英文宣传网站上。令人费解的是，拉吉尼码头和暹罗博物馆的咨询台竟然都不知道有这么个假博物馆，没提醒我不要去。曼谷的景点一直在变化，但谁会实时更新信息来告知我们呢？我去过的所有正规旅游咨询处都没有。真是令人失望。这导致越来越多的游客涌向那些老牌景点，人潮拥挤，也破坏了这些景点的体验。,zh-CN,Wed Jul 09 2025 19:27:19 GMT-0700 (Pacific Daylight Time),Dan,https://www.google.com/maps/reviews/data=!4m6!14m5!1m4!2m3!1sCi9DQUlRQUNvZENodHljRjlvT21wM1JGZDRkRVJPYmxveU1IUmpia0ZWVnpkNGVsRRAB!2m1!1s0x30e299055c51f42d:0xab3996da709018a9
ChIJLfRRXAWZ4jARqRiQcNqWOas,Territorial Defense Command,ChZDSUhNMG9nS0VJQ0FnSUNKbVBUekhBEAE,1.0,周二上午10点被拒绝入内。曼谷博物馆的告示上写着：“不要被守卫拱形入口的两名持枪哨兵吓到。” 很难不被两个身穿制服、手持步枪的人在军事用地里吓到。他们虽然没有威胁性，但也帮不上忙，没有提供任何关于博物馆开放时间（如果有的话）的信息。其中一人双臂交叉抱在胸前，说了句“Pid”，泰语是“关门”的意思。除非有懂泰语的人可以帮你指路，否则我不建议尝试。,zh-CN,Tue Jun 20 2023 00:52:40 GMT-0700 (Pacific Daylight Time),Mark Hinchman,https://www.google.com/maps/reviews/data=!4m6!14m5!1m4!2m3!1sChZDSUhNMG9nS0VJQ0FnSUNKbVBUekhBEAE!2m1!1s0x30e299055c51f42d:0xab3996da709018a9
ChIJLfRRXAWZ4jARqRiQcNqWOas,Territorial Defense Command,ChdDSUhNMG9nS0VJQ0FnTUN3bGVEVXhnRRAB,5.0,⭐️ยังไม่เคยเข้าไปชมภายใน แต่ภายนอกอาคารสวยงามสไตล์ตะวันตก,th,Wed Mar 19 2025 23:07:56 GMT-0700 (Pacific Daylight Time),ครีม ไม่กินเผ็ด,https://www.google.com/maps/reviews/data=!4m6!14m5!1m4!2m3!1sChdDSUhNMG9nS0VJQ0FnTUN3bGVEVXhnRRAB!2m1!1s0x30e299055c51f42d:0xab3996da709018a9
ChIJLfRRXAWZ4jARqRiQcNqWOas,Territorial Defense Command,ChdDSUhNMG9nS0VJQ0FnSUNndXVLLW1nRRAB,1.0,如果能进去的话或许还行！我们2017年3月28日上午11点左右去的。一开始门口的士兵告诉我们门关着。我们坚持要进去，他喊了一声让别人帮忙，然后让我们等着。过了一会儿，一个女人出现了，告诉我们她的上司说外国人不能穿拖鞋和短裤进去！我想如果我们穿着那样的衣服回去，肯定又会遇到麻烦。建议你把时间花在更有意义的事情上！,zh-CN,Mon Mar 27 2017 23:23:07 GMT-0700 (Pacific Daylight Time),John W,https://www.google.com/maps/reviews/data=!4m6!14m5!1m4!2m3!1sChdDSUhNMG9nS0VJQ0FnSUNndXVLLW1nRRAB!2m1!1s0x30e299055c51f42d:0xab3996da709018a9
ChIJLfRRXAWZ4jARqRiQcNqWOas,Territorial Defense Command,ChdDSUhNMG9nS0VJQ0FnSUNqeHV5UmxBRRAB,1.0,鉴于拉玛六世国王为泰国做出了巨大贡献，而且关于他有很多与泰国现代史相关的趣闻轶事值得了解，令人遗憾的是，尽管博物馆位置便利，靠近主要旅游景点和地铁站，但参观这座博物馆的机会却非常有限，因此很少有人能够进去了解更多关于他的信息。,zh-CN,Sat Apr 20 2024 13:23:23 GMT-0700 (Pacific Daylight Time),Ben Werakit,https://www.google.com/maps/reviews/data=!4m6!14m5!1m4!2m3!1sChdDSUhNMG9nS0VJQ0FnSUNqeHV5UmxBRRAB!2m1!1s0x30e299055c51f42d:0xab3996da709018a9
ChIJg5uVFgCZ4jARG0Ue-x14Dxw,MIDO GALLERY BANGKOK,Ci9DQUlRQUNvZENodHljRjlvT2tsblVVMVNlRVo1VEVjM1VsUjFUelYyTlhoZk5YYxAB,4.0,- 这是一家位于小巷（Soi）的联排别墅式艺术画廊，距离主干道不远。 - 一楼是咖啡厅，陈列着许多艺术玩具模型和人偶。 - 二楼和三楼是艺术展览区，有时也会出售一些艺术玩具。 - 艺术玩具展览的内容会根据画廊与艺术家的合作协议不定期更换。 - 所有工作人员都非常友善热情。 - 街边停车位有限。,zh-CN,Thu Nov 20 2025 01:48:04 GMT-0800 (Pacific Standard Time),Duangkamol L.,https://www.google.com/maps/reviews/data=!4m6!14m5!1m4!2m3!1sCi9DQUlRQUNvZENodHljRjlvT2tsblVVMVNlRVo1VEVjM1VsUjFUelYyTlhoZk5YYxAB!2m1!1s0x30e2990016959b83:0x1c0f781dfb1e451b
ChIJg5uVFgCZ4jARG0Ue-x14Dxw,MIDO GALLERY BANGKOK,ChZDSUhNMG9nS0VJQ0FnSUREOGQzN05nEAE,3.0,一家新开的画廊，承办各种艺术活动。很多展览都以玩具为主题，如果你在Mega Plaza附近，想看玩具展的话，这里绝对不容错过。,zh-CN,Wed Apr 10 2024 22:05:50 GMT-0700 (Pacific Daylight Time),Ken Tay,https://www.google.com/maps/reviews/data=!4m6!14m5!1m4!2m3!1sChZDSUhNMG9nS0VJQ0FnSUREOGQzN05nEAE!2m1!1s0x30e2990016959b83:0x1c0f781dfb1e451b
ChIJg5uVFgCZ4jARG0Ue-x14Dxw,MIDO GALLERY BANGKOK,Ci9DQUlRQUNvZENodHljRjlvT214aGFVbHpPR053YmxOSlVrUlNVMUY2VlRWNFpXYxAB,4.0,咖啡厅和画廊,zh-CN,Thu Nov 06 2025 01:07:45 GMT-0800 (Pacific Standard Time),Nutty Tk,https://www.google.com/maps/reviews/data=!4m6!14m5!1m4!2m3!1sCi9DQUlRQUNvZENodHljRjlvT214aGFVbHpPR053YmxOSlVrUlNVMUY2VlRWNFpXYxAB!2m1!1s0x30e2990016959b83:0x1c0f781dfb1e451b
ChIJg5uVFgCZ4jARG0Ue-x14Dxw,MIDO GALLERY BANGKOK,ChdDSUhNMG9nS0VJQ0FnTURJNUt1cG53RRAB,5.0,,,Mon Apr 07 2025 03:18:28 GMT-0700 (Pacific Daylight Time),Song Thai,https://www.google.com/maps/reviews/data=!4m6!14m5!1m4!2m3!1sChdDSUhNMG9nS0VJQ0FnTURJNUt1cG53RRAB!2m1!1s0x30e2990016959b83:0x1c0f781dfb1e451b
ChIJg5uVFgCZ4jARG0Ue-x14Dxw,MIDO GALLERY BANGKOK,ChdDSUhNMG9nS0VJQ0FnSUNYcmNHNHpBRRAB,5.0,,,Sat Oct 19 2024 04:15:49 GMT-0700 (Pacific Daylight Time),Papawin Tubtimsuwan,https://www.google.com/maps/reviews/data=!4m6!14m5!1m4!2m3!1sChdDSUhNMG9nS0VJQ0FnSUNYcmNHNHpBRRAB!2m1!1s0x30e2990016959b83:0x1c0f781dfb1e451b
ChIJWZklj1qZ4jARoi3zCbKZPZ0,205 classroom whiteboard,Ci9DQUlRQUNvZENodHljRjlvT21GR2IwSmpNR05XU1RsM09IbG5aMlF3VGxNM05tYxAB,5.0,我住在它的墙壁里，白板其实是有生命的,zh-CN,Tue Jun 23 2026 23:06:32 GMT-0700 (Pacific Daylight Time),Phanuwat Kamolmateesakul,https://www.google.com/maps/reviews/data=!4m6!14m5!1m4!2m3!1sCi9DQUlRQUNvZENodHljRjlvT21GR2IwSmpNR05XU1RsM09IbG5aMlF3VGxNM05tYxAB!2m1!1s0x30e2995a8f259959:0x9d3d99b209f32da2
ChIJWZklj1qZ4jARoi3zCbKZPZ0,205 classroom whiteboard,Ci9DQUlRQUNvZENodHljRjlvT2kxSWNtazJSbFUwVlRRMU1YTndMVXRvU3pBemNuYxAB,5.0,非常棒，不过关门很早。推荐给所有在附近想参观美术馆的人。免费入场是个亮点。,zh-CN,Tue Jul 29 2025 21:51:44 GMT-0700 (Pacific Daylight Time),Flying Tankers,https://www.google.com/maps/reviews/data=!4m6!14m5!1m4!2m3!1sCi9DQUlRQUNvZENodHljRjlvT2kxSWNtazJSbFUwVlRRMU1YTndMVXRvU3pBemNuYxAB!2m1!1s0x30e2995a8f259959:0x9d3d99b209f32da2
ChIJWZklj1qZ4jARoi3zCbKZPZ0,205 classroom whiteboard,Ci9DQUlRQUNvZENodHljRjlvT20xbUxUZFVkbWMwUkRCRGVHRlNVbGhsU2tsbWQzYxAB,3.0,没有免费的bo'oho'wa'er,zh-CN,Wed May 27 2026 19:47:59 GMT-0700 (Pacific Daylight Time),Nattapat Sricharoen,https://www.google.com/maps/reviews/data=!4m6!14m5!1m4!2m3!1sCi9DQUlRQUNvZENodHljRjlvT20xbUxUZFVkbWMwUkRCRGVHRlNVbGhsU2tsbWQzYxAB!2m1!1s0x30e2995a8f259959:0x9d3d99b209f32da2
ChIJWZklj1qZ4jARoi3zCbKZPZ0,205 classroom whiteboard,Ci9DQUlRQUNvZENodHljRjlvT21NMllrMDFha016VTBseldWQTJlRWxqWWpCNWJHYxAB,3.0,可惜的是，我见到它的时候，它已经被一块电子白板取代了。,zh-CN,Mon Dec 29 2025 03:47:53 GMT-0800 (Pacific Standard Time),Mizuki,https://www.google.com/maps/reviews/data=!4m6!14m5!1m4!2m3!1sCi9DQUlRQUNvZENodHljRjlvT21NMllrMDFha016VTBseldWQTJlRWxqWWpCNWJHYxAB!2m1!1s0x30e2995a8f259959:0x9d3d99b209f32da2
ChIJWZklj1qZ4jARoi3zCbKZPZ0,205 classroom whiteboard,Ci9DQUlRQUNvZENodHljRjlvT2s5aGNVdG5XRFZWYkRKSVdsQTRhVjlUUnpOVldYYxAB,5.0,非常山羊的地方,zh-CN,Wed Jun 17 2026 17:18:19 GMT-0700 (Pacific Daylight Time),parin sawangnate,https://www.google.com/maps/reviews/data=!4m6!14m5!1m4!2m3!1sCi9DQUlRQUNvZENodHljRjlvT2s5aGNVdG5XRFZWYkRKSVdsQTRhVjlUUnpOVldYYxAB!2m1!1s0x30e2995a8f259959:0x9d3d99b209f32da2
ChIJMTBhx9SZ4jAR3RW47ElQWzk,Joyman Gallery,Ci9DQUlRQUNvZENodHljRjlvT2tKV2VsVTRURXROZGtSSlZYaDFVbXR1VEhSNVNXYxAB,4.0,这是一家不错的、规模不大的画廊，距离三耀地铁站（MRT Sam Yot）步行约10分钟。画廊共有两层，主要展出临时展览。我去的时候，正好有两位才华横溢的艺术家——Tat Nattee和Nattan Kongmalikunkaew的作品展出。我觉得他们的作品都非常出色。前台工作人员热情友好。如果您在附近，不妨去看看。如果您预算充足，还可以购买一些艺术品！,zh-CN,Wed Jan 07 2026 04:47:32 GMT-0800 (Pacific Standard Time),Stuart Nicholas Green,https://www.google.com/maps/reviews/data=!4m6!14m5!1m4!2m3!1sCi9DQUlRQUNvZENodHljRjlvT2tKV2VsVTRURXROZGtSSlZYaDFVbXR1VEhSNVNXYxAB!2m1!1s0x30e299d4c7613031:0x395b5049ecb815dd
ChIJMTBhx9SZ4jAR3RW47ElQWzk,Joyman Gallery,Ci9DQUlRQUNvZENodHljRjlvT25oelduTkJNMjUyWmpCM1pFZFBOREF6TmpWa01YYxAB,5.0,乔伊曼画廊是欣赏当代艺术、享受宁静创意时光的绝佳去处。画廊周边也很有趣，毗邻的运河边还有一些不错的涂鸦。非常值得一游。,zh-CN,Sat Dec 20 2025 00:09:44 GMT-0800 (Pacific Standard Time),Farangondiet,https://www.google.com/maps/reviews/data=!4m6!14m5!1m4!2m3!1sCi9DQUlRQUNvZENodHljRjlvT25oelduTkJNMjUyWmpCM1pFZFBOREF6TmpWa01YYxAB!2m1!1s0x30e299d4c7613031:0x395b5049ecb815dd
ChIJMTBhx9SZ4jAR3RW47ElQWzk,Joyman Gallery,Ci9DQUlRQUNvZENodHljRjlvT2tSWVdWSnJaSFZxUms1NFdHdHpWbm8wUkcxdlVuYxAB,5.0,这里展出了许多不同艺术家的作品，风格各异，轮番展出，供我们欣赏。,zh-CN,Wed Mar 11 2026 15:46:05 GMT-0700 (Pacific Daylight Time),Thatsarid P,https://www.google.com/maps/reviews/data=!4m6!14m5!1m4!2m3!1sCi9DQUlRQUNvZENodHljRjlvT2tSWVdWSnJaSFZxUms1NFdHdHpWbm8wUkcxdlVuYxAB!2m1!1s0x30e299d4c7613031:0x395b5049ecb815dd
ChIJMTBhx9SZ4jAR3RW47ElQWzk,Joyman Gallery,ChZDSUhNMG9nS0VJQ0FnSUMxa09UTkt3EAE,5.0,Joyman Gallery是热爱艺术的青少年必去之地，这里持续展出新兴艺术家的精彩作品。 画廊位于市中心，毗邻众多旅游景点。撰写本文时，画廊正在举办名为“渴望光明”（Hunger for Light）的展览。您可以关注他们的Instagram和Facebook账号，了解展览日程安排——所有作品看起来都非常吸引人！ 画廊交通便利，乘坐公共交通或自驾均可轻松抵达。停车场位于： - Wat Thep Thidaram停车场 - Wat Saket Ratcha Woramahawihan（Wat Phu Khao Thong）停车场 以下是一些更多信息，供您进一步咨询： Line官方账号：https://lin.ee/J0I4Gbt1 Facebook私信：Joyman Gallery Instagram：Joyman_gallery,zh-CN,Thu Dec 21 2023 08:45:16 GMT-0800 (Pacific Standard Time),Arts Work,https://www.google.com/maps/reviews/data=!4m6!14m5!1m4!2m3!1sChZDSUhNMG9nS0VJQ0FnSUMxa09UTkt3EAE!2m1!1s0x30e299d4c7613031:0x395b5049ecb815dd
ChIJMTBhx9SZ4jAR3RW47ElQWzk,Joyman Gallery,ChZDSUhNMG9nS0VJQ0FnSURmanVPRUtnEAE,5.0,乔伊曼画廊是一家免费入场的艺术画廊。画廊定期举办不同主题的轮换艺术展览。游客可以购买艺术品等纪念品，并可根据展览主题预订作品。工作人员热情友好，热爱艺术，画廊还提供餐饮服务。（2024年10月3日）,zh-CN,Mon Jan 06 2025 06:59:03 GMT-0800 (Pacific Standard Time),P. Sergiu,https://www.google.com/maps/reviews/data=!4m6!14m5!1m4!2m3!1sChZDSUhNMG9nS0VJQ0FnSURmanVPRUtnEAE!2m1!1s0x30e299d4c7613031:0x395b5049ecb815dd
ChIJswohro2Z4jARNt6_zExkf5s,Old Town Gallery,Ci9DQUlRQUNvZENodHljRjlvT2w5VFJWZzBSQzFsUkdsa1UyRlRUWHBpVkd0bWNHYxAB,4.0,这家小巧的两层画廊定期举办艺术展览。画廊氛围温馨宜人，坐落于一栋传统、庄重而又气势恢宏的店屋之中。 从Wat Saket寺步行即可轻松抵达，停车十分便利。,zh-CN,Sat Jun 20 2026 09:28:58 GMT-0700 (Pacific Daylight Time),ลุงเหลิมล่องลอย,https://www.google.com/maps/reviews/data=!4m6!14m5!1m4!2m3!1sCi9DQUlRQUNvZENodHljRjlvT2w5VFJWZzBSQzFsUkdsa1UyRlRUWHBpVkd0bWNHYxAB!2m1!1s0x30e2998dae210ab3:0x9b7f644cccbfde36
ChIJswohro2Z4jARNt6_zExkf5s,Old Town Gallery,Ci9DQUlRQUNvZENodHljRjlvT2pSQ2JtTkxVbU5mYlROTmVtdE1OVlJrVEVjMVZHYxAB,4.0,这是一个很可爱的小画廊，但是停车比较困难。画廊后面其实有个停车场，但只能停几辆车。如果你想在金庙附近停车，一定要注意单双日停车限制，否则你的车轮可能会被锁住。画廊似乎会轮流展出不同艺术家的作品，所以值得一去。而且是免费的。,zh-CN,Sun Jan 04 2026 16:03:17 GMT-0800 (Pacific Standard Time),thanapatra chartburut,https://www.google.com/maps/reviews/data=!4m6!14m5!1m4!2m3!1sCi9DQUlRQUNvZENodHljRjlvT2pSQ2JtTkxVbU5mYlROTmVtdE1OVlJrVEVjMVZHYxAB!2m1!1s0x30e2998dae210ab3:0x9b7f644cccbfde36
ChIJswohro2Z4jARNt6_zExkf5s,Old Town Gallery,Ci9DQUlRQUNvZENodHljRjlvT21aaGIxcDRZMWQyWkV0VmMwazFUbFZYUm1oRVJGRRAB,5.0,探索泰国本土艺术家的世界，其中一些是国家级艺术家，通常隐居在自己的静谧空间。另一些则是来自顶尖大学的专业讲师，他们利用业余时间进行绘画创作，有些人则过于羞涩，不愿与人分享自己的才华。老城画廊是一个鲜为人知的秘密空间，主要在当地精英圈子中为人所知。在我看来，它就像泰国艺术的一股暗流。由于一些艺术家不愿被大众熟知，他们的作品往往不为人所赏识。我喜欢按照自己的节奏慢慢欣赏。,zh-CN,Fri Jun 06 2025 03:18:19 GMT-0700 (Pacific Daylight Time),Tamruja D.,https://www.google.com/maps/reviews/data=!4m6!14m5!1m4!2m3!1sCi9DQUlRQUNvZENodHljRjlvT21aaGIxcDRZMWQyWkV0VmMwazFUbFZYUm1oRVJGRRAB!2m1!1s0x30e2998dae210ab3:0x9b7f644cccbfde36
ChIJswohro2Z4jARNt6_zExkf5s,Old Town Gallery,Ci9DQUlRQUNvZENodHljRjlvT2xKM1NreHhVM1JLWTBGWUxYWllNVEpWVmxaYVgwRRAB,4.0,在曼斯里路口附近有一家画廊，展出了一些值得一看的优秀艺术作品。,zh-CN,Wed Sep 03 2025 09:41:50 GMT-0700 (Pacific Daylight Time),รักษ์ถิ่นรักษ์ไทย Rakthin-rakthai,https://www.google.com/maps/reviews/data=!4m6!14m5!1m4!2m3!1sCi9DQUlRQUNvZENodHljRjlvT2xKM1NreHhVM1JLWTBGWUxYWllNVEpWVmxaYVgwRRAB!2m1!1s0x30e2998dae210ab3:0x9b7f644cccbfde36
ChIJswohro2Z4jARNt6_zExkf5s,Old Town Gallery,ChdDSUhNMG9nS0VJQ0FnSUMtbGR2eDBnRRAB,5.0,今天我来参观了一个画展。这是我第一次来这里。这里虽然不大，但非常温馨舒适，是举办新兴艺术家展览的理想场所，也是他们迈向未来的第一步。感谢你们在曼谷市中心提供如此美好的场地。瓦萨格寺或附近都有停车场，之后可以搭乘公共交通工具。,zh-CN,Wed Nov 09 2022 04:23:06 GMT-0800 (Pacific Standard Time),สมชาย สุภิญโญกุล,https://www.google.com/maps/reviews/data=!4m6!14m5!1m4!2m3!1sChdDSUhNMG9nS0VJQ0FnSUMtbGR2eDBnRRAB!2m1!1s0x30e2998dae210ab3:0x9b7f644cccbfde36
ChIJdzGN_d2Z4jARSC8zHVuF-V8,FAZAL Unlimited,ChZDSUhNMG9nS0VJQ0FnSUN0X3VISkVREAE,5.0,法扎尔大厦，原为E.M. Katib百货商店（一座建于拉玛七世国王统治时期的老建筑）。 二楼和三楼目前用作艺术展览空间。值得注意的是，这座建筑的结构依然非常坚固。楼梯和木地板均采用硬木制成，行走时不会发出吱吱声。建筑采用混凝土柱梁结构支撑。天花板采用预制钢筋混凝土，运用了拉玛六世国王统治时期以来开发的现代技术和材料。 木质百叶窗已相当破旧，仅存少数几扇。 一楼和三楼的遮阳篷也采用预制钢筋混凝土，并以弧形浇筑而成，与建筑本身的弧度相呼应，因为建筑的设计旨在环绕街角。,zh-CN,Tue Jan 30 2024 05:45:07 GMT-0800 (Pacific Standard Time),Yuu T.,https://www.google.com/maps/reviews/data=!4m6!14m5!1m4!2m3!1sChZDSUhNMG9nS0VJQ0FnSUN0X3VISkVREAE!2m1!1s0x30e299ddfd8d3177:0x5ff9855b1d332f48
ChIJdzGN_d2Z4jARSC8zHVuF-V8,FAZAL Unlimited,ChZDSUhNMG9nS0VJQ0FnSURZbHZDclpnEAE,5.0,สร้างขึ้นในปีพ. ศ. 2439 ในสมัยรัชกาลที่ 5 อาคารแห่งนี้ได้ชื่อว่าอาคาร Fazal ในสมัยนั้นเป็นที่ตั้งของห้างสรรพสินค้า EM Katib เป็นร้านจำหน่ายขวดแก้วตัดเครื่องลายครามและน้ำหอมนำเข้าจากยุโรป ในช่วงพระราชพิธีราชาภิเษกพระบาทสมเด็จพระเจ้าอยู่หัวฯ รัชกาลที่ 10 ได้รับการตกแต่งนำภาพ ในหลวง ร.10 ขณะยังทรงพระเยาว์ กับราชวงศ์ เป็นจุดชมวิวสำหรับนักท่องเที่ยวอย่างสวยงาม,th,Fri May 10 2019 19:23:57 GMT-0700 (Pacific Daylight Time),เที่ยวสิปทิศ,https://www.google.com/maps/reviews/data=!4m6!14m5!1m4!2m3!1sChZDSUhNMG9nS0VJQ0FnSURZbHZDclpnEAE!2m1!1s0x30e299ddfd8d3177:0x5ff9855b1d332f48
ChIJdzGN_d2Z4jARSC8zHVuF-V8,FAZAL Unlimited,Ci9DQUlRQUNvZENodHljRjlvT2twS04yaFpWRzl2TW5kdlRGaFhUa2x1V0RKUWJWRRAB,5.0,美观且具有历史意义。,zh-CN,Wed Nov 19 2025 18:18:27 GMT-0800 (Pacific Standard Time),Kawin Suwantragul,https://www.google.com/maps/reviews/data=!4m6!14m5!1m4!2m3!1sCi9DQUlRQUNvZENodHljRjlvT2twS04yaFpWRzl2TW5kdlRGaFhUa2x1V0RKUWJWRRAB!2m1!1s0x30e299ddfd8d3177:0x5ff9855b1d332f48
ChIJdzGN_d2Z4jARSC8zHVuF-V8,FAZAL Unlimited,ChZDSUhNMG9nS0VJQ0FnSUN0d1piM2NnEAE,5.0,历史建筑，有机会在#BKKDW2024期间参观内部,zh-CN,Tue Jan 30 2024 07:03:19 GMT-0800 (Pacific Standard Time),Mote Oprasertsawat,https://www.google.com/maps/reviews/data=!4m6!14m5!1m4!2m3!1sChZDSUhNMG9nS0VJQ0FnSUN0d1piM2NnEAE!2m1!1s0x30e299ddfd8d3177:0x5ff9855b1d332f48
ChIJdzGN_d2Z4jARSC8zHVuF-V8,FAZAL Unlimited,Ci9DQUlRQUNvZENodHljRjlvT2xWQ2NsQlNUbmhOWVdZNU1Fc3dSVVZ4TVZOQ1MyYxAB,5.0,这是一座极具价值的建筑，散发着历史和魅力。可惜的是，您无法进入内部参观。,zh-CN,Tue Jan 06 2026 23:45:20 GMT-0800 (Pacific Standard Time),THAI SANPO FUJII,https://www.google.com/maps/reviews/data=!4m6!14m5!1m4!2m3!1sCi9DQUlRQUNvZENodHljRjlvT2xWQ2NsQlNUbmhOWVdZNU1Fc3dSVVZ4TVZOQ1MyYxAB!2m1!1s0x30e299ddfd8d3177:0x5ff9855b1d332f48
ChIJU8TDeNWZ4jARViYnjrBQWgI,Legacy Art Gallery,Ci9DQUlRQUNvZENodHljRjlvT2xGRGFuWklSVmxzTFZKM1FWZEdXREJLTFdKM1kwRRAB,1.0,白跑一趟，非常失望。店关门了，也没有任何信息！,zh-CN,Sun Feb 01 2026 23:39:02 GMT-0800 (Pacific Standard Time),Yann Moynat,https://www.google.com/maps/reviews/data=!4m6!14m5!1m4!2m3!1sCi9DQUlRQUNvZENodHljRjlvT2xGRGFuWklSVmxzTFZKM1FWZEdXREJLTFdKM1kwRRAB!2m1!1s0x30e299d578c3c453:0x25a50b08e272656
ChIJU8TDeNWZ4jARViYnjrBQWgI,Legacy Art Gallery,ChdDSUhNMG9nS0VJQ0FnTUNRc2UtSHVnRRAB,5.0,来看看梵高的画作。,zh-CN,Tue Mar 04 2025 22:35:00 GMT-0800 (Pacific Standard Time),Kawin Suwantragul,https://www.google.com/maps/reviews/data=!4m6!14m5!1m4!2m3!1sChdDSUhNMG9nS0VJQ0FnTUNRc2UtSHVnRRAB!2m1!1s0x30e299d578c3c453:0x25a50b08e272656
ChIJU8TDeNWZ4jARViYnjrBQWgI,Legacy Art Gallery,Ci9DQUlRQUNvZENodHljRjlvT2toamNsVlFSM1l4YjNwYVptZHdjR2QwTUhkbFFsRRAB,5.0,,,Mon Sep 01 2025 07:32:03 GMT-0700 (Pacific Daylight Time),נדב ברק,https://www.google.com/maps/reviews/data=!4m6!14m5!1m4!2m3!1sCi9DQUlRQUNvZENodHljRjlvT2toamNsVlFSM1l4YjNwYVptZHdjR2QwTUhkbFFsRRAB!2m1!1s0x30e299d578c3c453:0x25a50b08e272656
ChIJN-v33QyZ4jARQtQk7mnHUCs,บ้านดิเรกดำรงค์,ChZDSUhNMG9nS0VJQ0FnSURoajl5MEhBEAE,4.0,这家店很有复古风，是个很棒的拍照地点。店内摆放着很多复古家具。空间宽敞，而且就在运河边，天气好的时候来这里会很惬意。空调区的座位有限。我没尝过咖啡，所以对饮品不太了解，不过苏打水对我来说有点太甜了，尽管我已经点了少糖的。但是店员都很热情友好。,zh-CN,Mon Mar 20 2023 08:21:58 GMT-0700 (Pacific Daylight Time),Mai Naetima,https://www.google.com/maps/reviews/data=!4m6!14m5!1m4!2m3!1sChZDSUhNMG9nS0VJQ0FnSURoajl5MEhBEAE!2m1!1s0x30e2990cddf7eb37:0x2b50c769ee24d442
ChIJN-v33QyZ4jARQtQk7mnHUCs,บ้านดิเรกดำรงค์,ChdDSUhNMG9nS0VJQ0FnSURidjk3OHpBRRAB,5.0,曼谷最好的咖啡馆，环境安静放松，地理位置绝佳。咖啡馆就像一座博物馆，可以欣赏到金庙和繁忙的湄南河的美景。饮品和服务也都无可挑剔，满分10分！强烈推荐！,zh-CN,Sat Aug 10 2024 20:11:05 GMT-0700 (Pacific Daylight Time),Leeno,https://www.google.com/maps/reviews/data=!4m6!14m5!1m4!2m3!1sChdDSUhNMG9nS0VJQ0FnSURidjk3OHpBRRAB!2m1!1s0x30e2990cddf7eb37:0x2b50c769ee24d442
ChIJN-v33QyZ4jARQtQk7mnHUCs,บ้านดิเรกดำรงค์,ChdDSUhNMG9nS0VJQ0FnSURlbTZuRV9BRRAB,5.0,找到一家不错的咖啡馆☕️ 在城市里漫步真有趣。拿铁咖啡好喝😊 ☕️世界上最美好的事物☕️世界上最美好的事物。,zh-CN,Wed Oct 19 2022 23:10:38 GMT-0700 (Pacific Daylight Time),kikiniko,https://www.google.com/maps/reviews/data=!4m6!14m5!1m4!2m3!1sChdDSUhNMG9nS0VJQ0FnSURlbTZuRV9BRRAB!2m1!1s0x30e2990cddf7eb37:0x2b50c769ee24d442
ChIJN-v33QyZ4jARQtQk7mnHUCs,บ้านดิเรกดำรงค์,ChdDSUhNMG9nS0VJQ0FnSURlMl9MazJ3RRAB,5.0,真不错👍 有很多漂亮的家具🪑,zh-CN,Thu Oct 20 2022 02:30:59 GMT-0700 (Pacific Daylight Time),SATOMI UDO,https://www.google.com/maps/reviews/data=!4m6!14m5!1m4!2m3!1sChdDSUhNMG9nS0VJQ0FnSURlMl9MazJ3RRAB!2m1!1s0x30e2990cddf7eb37:0x2b50c769ee24d442
ChIJN-v33QyZ4jARQtQk7mnHUCs,บ้านดิเรกดำรงค์,ChZDSUhNMG9nS0VJQ0FnSURlOTVxRkFREAE,4.0,这家店在运河的另一边，名叫Saneh Phuthong。,zh-CN,Sat Oct 22 2022 01:11:10 GMT-0700 (Pacific Daylight Time),Somsuk Amornpongchai,https://www.google.com/maps/reviews/data=!4m6!14m5!1m4!2m3!1sChZDSUhNMG9nS0VJQ0FnSURlOTVxRkFREAE!2m1!1s0x30e2990cddf7eb37:0x2b50c769ee24d442
ChIJV5R9MACZ4jARY-CVK2apdo8,"Mural grafiti pequeña Tailandesa,Bestror🇹🇭",ChdDSUhNMG9nS0VJQ0FnSUR6OTRPazFRRRAB,5.0,这是我的壁画❤️🎨,zh-CN,Thu Jun 13 2024 02:06:34 GMT-0700 (Pacific Daylight Time),Bestrortherealgrafiti bestror,https://www.google.com/maps/reviews/data=!4m6!14m5!1m4!2m3!1sChdDSUhNMG9nS0VJQ0FnSUR6OTRPazFRRRAB!2m1!1s0x30e29900307d9457:0x8f76a9662b95e063
ChIJf366vA-Z4jARQfAum-kZzss,Suddhai Sawan Prasad Hall,Ci9DQUlRQUNvZENodHljRjlvT2xwd0xYQkJZV1ZMVDBka00zRmZibEpTT0c1d04wRRAB,5.0,这是一座位于宫殿东墙内的皇家亭阁，介于特瓦皮塔克门和萨克迪猜西特门之间。亭阁内设有一个皇家阳台，国王会在此向公众发表讲话，接受他们的敬意。,zh-CN,Wed Dec 17 2025 19:39:29 GMT-0800 (Pacific Standard Time),Tete Young,https://www.google.com/maps/reviews/data=!4m6!14m5!1m4!2m3!1sCi9DQUlRQUNvZENodHljRjlvT2xwd0xYQkJZV1ZMVDBka00zRmZibEpTT0c1d04wRRAB!2m1!1s0x30e2990fbcba7e7f:0xcbce19e99b2ef041
ChIJf366vA-Z4jARQfAum-kZzss,Suddhai Sawan Prasad Hall,ChdDSUhNMG9nS0VJQ0FnSURqc1oyanRRRRAB,5.0,素泰萨旺宫位于大皇宫东墙，介于提瓦皮塔门和萨猜西提猜门之间。这座宫殿由拉玛一世国王（帕佛塔约法·朱拉洛克）于1784年建造。它最初名为“帕拉普拉松”（意为“高亭”），后于1818年至1827年间被拉玛三世国王（帕南克劳）拆毁重建为宫殿，并命名为“素泰萨旺宫”。之后，拉玛四世国王（帕宗克劳）于1853年对其进行了修缮，并更名为“素泰萨旺宫”，将其纳入大皇宫建筑群内的皇家居所之一。 据《泰国青少年百科全书》记载，素泰萨旺宫是大皇宫内的众多宫殿之一。素泰萨旺宫是一座城堡式建筑，坐落于大皇宫东侧的城墙上，介于特瓦皮塔克门和萨克迪猜西提猜门之间。宫殿内有两层阶梯：南北两层阶梯从地面通往基座。从基座出发，东、西、北、南四面均有阶梯通往宫殿。东侧建于1949年的木质阳台，是国王接见民众的皇家阳台。 素泰萨旺宫原名“高亭”，建于拉玛一世国王统治时期，用于观看盛大的皇家仪式“萨萨南亚伊”（Sa Sanam Yai）期间的游行。仪式包括大象、骏马和皇家车辆的游行，接受圣水的祝福；以及由步兵、大象、骏马和战车组成的军队游行，从宫殿前经过，接受吉祥的祝福。它曾被用作观察大象训练的场所。后来，在拉玛三世国王统治时期，它被拆毁并重建为宫殿样式，并被命名为帕廷南苏塔萨万寺（Phra Thinang Sutthasawan）。之后，蒙固国王（拉玛四世）将其更名为帕廷南苏塔萨万寺（Phra Thinang Sutthaisawan Prasat）。,zh-CN,Sat May 04 2024 07:47:13 GMT-0700 (Pacific Daylight Time),ChubbyArin,https://www.google.com/maps/reviews/data=!4m6!14m5!1m4!2m3!1sChdDSUhNMG9nS0VJQ0FnSURqc1oyanRRRRAB!2m1!1s0x30e2990fbcba7e7f:0xcbce19e99b2ef041
ChIJf366vA-Z4jARQfAum-kZzss,Suddhai Sawan Prasad Hall,Ci9DQUlRQUNvZENodHljRjlvT2tOSmVFSmhNelV4ZFVGQmJsZFBSSG90YUZNeE5uYxAB,5.0,苏泰萨旺殿是位于大皇宫东墙的一座皇家亭阁，介于特瓦皮塔克门和萨柴西门之间。它最初由伟大的佛陀约法朱拉洛克国王（拉玛一世）于1784年建造，最初被称为“高亭”。后来，在1818年至1827年间，南克劳国王（拉玛三世）下令将其拆除并重建为一座寺庙式建筑，并命名为“苏泰萨旺殿”。之后，蒙固国王（拉玛四世）于1853年对其进行了修复，并再次将其命名为“苏泰萨旺殿”。他还将其列为阿菲瑙尼维特宫群中的一座皇家殿堂。 苏泰萨旺帕萨特礼堂曾多次作为皇家公开接见场所，具体如下： 1950年5月7日星期日，普密蓬·阿杜德国王陛下与诗丽吉王太后陛下在此出席加冕典礼。 1956年10月18日星期四，普密蓬·阿杜德国王陛下与诗丽吉王太后陛下再次在此出席皇家授戒典礼。 1977年1月3日星期一，时任王储玛哈·哇集拉隆功国王陛下与时任王妃颂沙瓦丽公主殿下在此举行皇家婚礼。 国王陛下2019 年 5 月 6 日星期一，哇集拉隆功与苏提达·巴查拉苏达比马拉拉沙那王后一同出席了加冕典礼。,zh-CN,Sun Apr 12 2026 19:02:28 GMT-0700 (Pacific Daylight Time),Phongchai Petsanghan,https://www.google.com/maps/reviews/data=!4m6!14m5!1m4!2m3!1sCi9DQUlRQUNvZENodHljRjlvT2tOSmVFSmhNelV4ZFVGQmJsZFBSSG90YUZNeE5uYxAB!2m1!1s0x30e2990fbcba7e7f:0xcbce19e99b2ef041
ChIJf366vA-Z4jARQfAum-kZzss,Suddhai Sawan Prasad Hall,ChZDSUhNMG9nS0VJQ0FnTUNJdnQ2akt3EAE,5.0,✨️这是一座位于皇宫东墙内的皇家亭阁，介于提瓦皮塔克门和萨克迪柴西提门之间。 ✨️亭阁内设有皇家阳台，国王和王后曾在此接见民众。 ⭐️亭阁紧邻皇宫城墙，景色优美。游客常在此拍照留念；从街对面望去，景色尤其迷人。,zh-CN,Wed Apr 02 2025 02:37:16 GMT-0700 (Pacific Daylight Time),JT.,https://www.google.com/maps/reviews/data=!4m6!14m5!1m4!2m3!1sChZDSUhNMG9nS0VJQ0FnTUNJdnQ2akt3EAE!2m1!1s0x30e2990fbcba7e7f:0xcbce19e99b2ef041
ChIJf366vA-Z4jARQfAum-kZzss,Suddhai Sawan Prasad Hall,ChdDSUhNMG9nS0VJQ0FnSUNpX3ZxVDdnRRAB,5.0,素泰萨旺宫位于大皇宫东墙，介于提瓦皮塔门和萨猜西提猜门之间。这座宫殿由拉玛一世国王（帕佛塔约法·朱拉洛克）于1784年建造。它最初名为“帕拉普拉松”（意为“高亭”），后于1818年至1827年间被拉玛三世国王（帕南克劳）拆毁重建为宫殿，并命名为“素泰萨旺宫”。之后，拉玛四世国王（帕宗克劳）于1853年对其进行了修缮，并更名为“素泰萨旺宫”，将其纳入大皇宫建筑群内的皇家居所之一。 据《泰国青少年百科全书》记载，素泰萨旺宫是大皇宫内的众多宫殿之一。素泰萨旺宫是一座城堡式建筑，坐落于大皇宫东侧的城墙上，介于特瓦皮塔克门和萨克迪猜西提猜门之间。宫殿内有两层阶梯：南北两层阶梯从地面通往基座。从基座出发，东、西、北、南四面均有阶梯通往宫殿。东侧建于1949年的木质阳台，是国王接见民众的皇家阳台。 素泰萨旺宫原名“高亭”，建于拉玛一世国王统治时期，用于观看盛大的皇家仪式“萨萨南亚伊”（Sa Sanam Yai）期间的游行。仪式包括大象、骏马和皇家车辆的游行，接受圣水的祝福；以及由步兵、大象、骏马和战车组成的军队游行，从宫殿前经过，接受吉祥的祝福。它曾被用于观察大象训练。后来，在拉玛三世国王统治时期，它被拆毁并重建为宫殿式建筑，并被命名为帕廷南苏塔萨万寺（Phra Thinang Sutthasawan）。之后，蒙固国王（拉玛四世）将其更名为帕廷南苏塔萨万寺（Phra Thinang Sutthaisawan Prasat）。 资料来源：维基百科，Workpointtoday.com,zh-CN,Wed Nov 04 2020 04:30:55 GMT-0800 (Pacific Standard Time),Jay Walker,https://www.google.com/maps/reviews/data=!4m6!14m5!1m4!2m3!1sChdDSUhNMG9nS0VJQ0FnSUNpX3ZxVDdnRRAB!2m1!1s0x30e2990fbcba7e7f:0xcbce19e99b2ef041
ChIJZ61JfQCZ4jAR1QCynv678C8,ปราสาทเทพปิดร,Ci9DQUlRQUNvZENodHljRjlvT25kbE9YZHZlblZHUkdKcE5GWXRPWGhZWDNwb1ExRRAB,5.0,气氛井然有序。宫廷工作人员彬彬有礼，乐于助人。,zh-CN,Wed Apr 15 2026 17:15:54 GMT-0700 (Pacific Daylight Time),นี่แหละ หนอน,https://www.google.com/maps/reviews/data=!4m6!14m5!1m4!2m3!1sCi9DQUlRQUNvZENodHljRjlvT25kbE9YZHZlblZHUkdKcE5GWXRPWGhZWDNwb1ExRRAB!2m1!1s0x30e299007d49ad67:0x2ff0bbfe9eb200d5
ChIJ_5okewCZ4jARhpiLe5TDbOA,หอพระสุราลัยพิมาน,Ci9DQUlRQUNvZENodHljRjlvT2xOSk9XTXpkakI1U1dGTFJtcHFVVFJGTjJwME9FRRAB,5.0,,,Tue Aug 25 2026 22:35:14 GMT-0700 (Pacific Daylight Time),Dushan Petkovski,https://www.google.com/maps/reviews/data=!4m6!14m5!1m4!2m3!1sCi9DQUlRQUNvZENodHljRjlvT2xOSk9XTXpkakI1U1dGTFJtcHFVVFJGTjJwME9FRRAB!2m1!1s0x30e299007b249aff:0xe06cc3947b8b9886
ChIJ_5okewCZ4jARhpiLe5TDbOA,หอพระสุราลัยพิมาน,Ci9DQUlRQUNvZENodHljRjlvT2pWMlIwOXpUemxHVVVGRE1FUjBNM2RYVVZFeWFsRRAB,5.0,Incrível experiência. Não há palavras para descrever o que eu vivenciei em 15 dias na Tailândia.,pt,Fri Jul 10 2026 14:47:46 GMT-0700 (Pacific Daylight Time),João Paulo Santos,https://www.google.com/maps/reviews/data=!4m6!14m5!1m4!2m3!1sCi9DQUlRQUNvZENodHljRjlvT2pWMlIwOXpUemxHVVVGRE1FUjBNM2RYVVZFeWFsRRAB!2m1!1s0x30e299007b249aff:0xe06cc3947b8b9886
ChIJ_5okewCZ4jARhpiLe5TDbOA,หอพระสุราลัยพิมาน,Ci9DQUlRQUNvZENodHljRjlvT2pOSVZFbDFVR280WmpSR1VGZFhkbWRzZGxwRlNFRRAB,5.0,,,Sat Jul 04 2026 05:07:31 GMT-0700 (Pacific Daylight Time),เพชร ลือโลก,https://www.google.com/maps/reviews/data=!4m6!14m5!1m4!2m3!1sCi9DQUlRQUNvZENodHljRjlvT2pOSVZFbDFVR280WmpSR1VGZFhkbWRzZGxwRlNFRRAB!2m1!1s0x30e299007b249aff:0xe06cc3947b8b9886
ChIJf_2rbQCZ4jAROHiUsd8WG-A,พระตำหนักเจ้าดารารัศมี พระราชชายา,Ci9DQUlRQUNvZENodHljRjlvT25OUGJFNDBkVWhYYWt3MVdrRm1kMFZzWlVsc2JGRRAB,5.0,,,Tue Apr 14 2026 17:24:43 GMT-0700 (Pacific Daylight Time),Boonsong Hengjaeng,https://www.google.com/maps/reviews/data=!4m6!14m5!1m4!2m3!1sCi9DQUlRQUNvZENodHljRjlvT25OUGJFNDBkVWhYYWt3MVdrRm1kMFZzWlVsc2JGRRAB!2m1!1s0x30e299006dabfd7f:0xe01b16dfb1947838
ChIJf_2rbQCZ4jAROHiUsd8WG-A,พระตำหนักเจ้าดารารัศมี พระราชชายา,Ci9DQUlRQUNvZENodHljRjlvT2pWYWVtaG9RV0ZWWDFjMlNsTjVkRk54TVhKZk5VRRAB,5.0,,,Thu Mar 19 2026 23:58:54 GMT-0700 (Pacific Daylight Time),เพชร ลือโลก,https://www.google.com/maps/reviews/data=!4m6!14m5!1m4!2m3!1sCi9DQUlRQUNvZENodHljRjlvT2pWYWVtaG9RV0ZWWDFjMlNsTjVkRk54TVhKZk5VRRAB!2m1!1s0x30e299006dabfd7f:0xe01b16dfb1947838
ChIJq3N0VQCZ4jARip5DjJEUSQA,พระตำหนัก สมเด็จพระศรีสวรินทิราบรมราชเทวี พระพันวัสสาอัยยิกาเจ้า,Ci9DQUlRQUNvZENodHljRjlvT21OR2QyUlBVR2xmWVdoU2VWRlZOVXhvU21aaGJIYxAB,5.0,,,Thu Mar 19 2026 23:57:09 GMT-0700 (Pacific Daylight Time),เพชร ลือโลก,https://www.google.com/maps/reviews/data=!4m6!14m5!1m4!2m3!1sCi9DQUlRQUNvZENodHljRjlvT21OR2QyUlBVR2xmWVdoU2VWRlZOVXhvU21aaGJIYxAB!2m1!1s0x30e29900557473ab:0x4914918c439e8a
ChIJq3N0VQCZ4jARip5DjJEUSQA,พระตำหนัก สมเด็จพระศรีสวรินทิราบรมราชเทวี พระพันวัสสาอัยยิกาเจ้า,Ci9DQUlRQUNvZENodHljRjlvT2pjNVowOW5XRmd5WHpseGJXMW9XWFJYYjJ4WmRuYxAB,5.0,,,Sun Dec 28 2025 08:37:02 GMT-0800 (Pacific Standard Time),Kevin,https://www.google.com/maps/reviews/data=!4m6!14m5!1m4!2m3!1sCi9DQUlRQUNvZENodHljRjlvT2pjNVowOW5XRmd5WHpseGJXMW9XWFJYYjJ4WmRuYxAB!2m1!1s0x30e29900557473ab:0x4914918c439e8a
ChIJq3N0VQCZ4jARip5DjJEUSQA,พระตำหนัก สมเด็จพระศรีสวรินทิราบรมราชเทวี พระพันวัสสาอัยยิกาเจ้า,ChRDSUhNMG9nS0VJQ0FnSUNacExzdBAB,5.0,,,Mon Sep 04 2023 09:02:18 GMT-0700 (Pacific Daylight Time),มาหามะ ยามะซิ,https://www.google.com/maps/reviews/data=!4m6!14m5!1m4!2m3!1sChRDSUhNMG9nS0VJQ0FnSUNacExzdBAB!2m1!1s0x30e29900557473ab:0x4914918c439e8a
ChIJq3N0VQCZ4jARip5DjJEUSQA,พระตำหนัก สมเด็จพระศรีสวรินทิราบรมราชเทวี พระพันวัสสาอัยยิกาเจ้า,ChZDSUhNMG9nS0VJQ0FnSURDMjlYR0V3EAE,5.0,,,Mon Oct 12 2020 23:31:18 GMT-0700 (Pacific Daylight Time),น้ำทิพย์ สังกรธนกิจ,https://www.google.com/maps/reviews/data=!4m6!14m5!1m4!2m3!1sChZDSUhNMG9nS0VJQ0FnSURDMjlYR0V3EAE!2m1!1s0x30e29900557473ab:0x4914918c439e8a
ChIJc9DijRyZ4jARQa-8R7LgroI,King Rama I Monument,ChZDSUhNMG9nS0VJQ0FnSURROThTcER3EAE,5.0,环境很好👍雕像背面就是桥，到桥上可看到美伦美幻的河景！！,zh,Thu Dec 28 2017 10:12:17 GMT-0800 (Pacific Standard Time),Jessica Woods,https://www.google.com/maps/reviews/data=!4m6!14m5!1m4!2m3!1sChZDSUhNMG9nS0VJQ0FnSURROThTcER3EAE!2m1!1s0x30e2991c8de2d073:0x82aee0b247bcaf41
ChIJc9DijRyZ4jARQa-8R7LgroI,King Rama I Monument,Ci9DQUlRQUNvZENodHljRjlvT21sRFZVNWljbkZKU1dzeVh6VkhWVU5LV1U5MU1IYxAB,5.0,抵达帕佛塔约法桥后，您还应该前往帕佛塔约法朱拉洛玛哈拉国王纪念碑致敬。 建议您在清晨或傍晚前往，因为白天非常炎热。由于是露天场所，最好待在阴凉处。,zh-CN,Sun Apr 19 2026 18:15:23 GMT-0700 (Pacific Daylight Time),ณัฐชนันท์ วงศ์ประภาส,https://www.google.com/maps/reviews/data=!4m6!14m5!1m4!2m3!1sCi9DQUlRQUNvZENodHljRjlvT21sRFZVNWljbkZKU1dzeVh6VkhWVU5LV1U5MU1IYxAB!2m1!1s0x30e2991c8de2d073:0x82aee0b247bcaf41
ChIJc9DijRyZ4jARQa-8R7LgroI,King Rama I Monument,ChdDSUhNMG9nS0VJQ0FnSURKOExxZnFBRRAB,5.0,这里有一座巨大的拉玛一世国王雕像，距离花市和空中公园仅几步之遥。公园面积很大，维护得也很好，是放松身心的好去处。公园入口处还有一个大型喷泉，但我去的时候里面没有水。不过，这座雕像非常干净、安静，而且维护得很好。如果您在附近，绝对值得一看。,zh-CN,Sun Jul 09 2023 07:39:36 GMT-0700 (Pacific Daylight Time),keegan k,https://www.google.com/maps/reviews/data=!4m6!14m5!1m4!2m3!1sChdDSUhNMG9nS0VJQ0FnSURKOExxZnFBRRAB!2m1!1s0x30e2991c8de2d073:0x82aee0b247bcaf41
ChIJc9DijRyZ4jARQa-8R7LgroI,King Rama I Monument,ChdDSUhNMG9nS0VJQ0FnSUM5bE5TM3lBRRAB,3.0,夜幕降临，大桥在光影的映衬下，更显壮丽，再加上其令人惊叹的装饰艺术风格建筑，使大桥和纪念碑都呈现出宏伟壮丽的景象。,zh-CN,Sat Mar 02 2024 11:07:29 GMT-0800 (Pacific Standard Time),Chaiyawat,https://www.google.com/maps/reviews/data=!4m6!14m5!1m4!2m3!1sChdDSUhNMG9nS0VJQ0FnSUM5bE5TM3lBRRAB!2m1!1s0x30e2991c8de2d073:0x82aee0b247bcaf41
ChIJc9DijRyZ4jARQa-8R7LgroI,King Rama I Monument,ChdDSUhNMG9nS0VJQ0FnSURabE11OHJRRRAB,5.0,曼谷和王室的历史就从我身后的这座雕像开始。我们借此机会去那里了解历史，并拍了一些很棒的照片。你也应该去那里表达敬意。当时有些人正在祈祷和祭拜，所以我们才离雕像远了一些才拍照。那真是一个值得一游的地方。,zh-CN,Sun Sep 24 2023 23:22:11 GMT-0700 (Pacific Daylight Time),Daniel Selga,https://www.google.com/maps/reviews/data=!4m6!14m5!1m4!2m3!1sChdDSUhNMG9nS0VJQ0FnSURabE11OHJRRRAB!2m1!1s0x30e2991c8de2d073:0x82aee0b247bcaf41
ChIJ1_9KLxCZ4jARNVFsNQSbq7k,Pig Memorial,ChdDSUhNMG9nS0VJQ0FnSUR3NUk3MTdnRRAB,5.0,屬豬🐷 可以來拜拜🙏🙏🙏,zh,Thu Oct 25 2018 03:22:44 GMT-0700 (Pacific Daylight Time),Weng Leong Cheah,https://www.google.com/maps/reviews/data=!4m6!14m5!1m4!2m3!1sChdDSUhNMG9nS0VJQ0FnSUR3NUk3MTdnRRAB!2m1!1s0x30e299102f4affd7:0xb9ab9b04356c5135
ChIJ1_9KLxCZ4jARNVFsNQSbq7k,Pig Memorial,ChdDSUhNMG9nS0VJQ0FnTUNZN0xmem9RRRAB,4.0,还可以,zh,Fri May 02 2025 02:07:11 GMT-0700 (Pacific Daylight Time),疯狂的拍黄瓜,https://www.google.com/maps/reviews/data=!4m6!14m5!1m4!2m3!1sChdDSUhNMG9nS0VJQ0FnTUNZN0xmem9RRRAB!2m1!1s0x30e299102f4affd7:0xb9ab9b04356c5135
ChIJ1_9KLxCZ4jARNVFsNQSbq7k,Pig Memorial,Ci9DQUlRQUNvZENodHljRjlvT2xKM05sZGhVbkE0TFhoSGRYQnhTRGxNUkZwSVJGRRAB,5.0,猪纪念碑（又称联合国纪念碑）是拉达那哥欣岛一处热门的历史遗迹和圣地。它以矗立在古城护城河（Khlong Lod）旁岩石上的黄铜猪雕像而闻名。 祈福者必游之地：人们常来此祈求好运、事业成功、一帆风顺（一切都“像猪一样轻松”）。尤其属猪的人，更常来此祈福，以求提升运势或驱邪避凶。 氛围：纪念碑位于猪桥桥头，运河边的氛围古朴典雅，是漫步古城、拍照留念的理想场所。 门票：免费入场，24小时开放。,zh-CN,Mon Mar 09 2026 03:39:21 GMT-0700 (Pacific Daylight Time),เชาว์ เจ็ดหก,https://www.google.com/maps/reviews/data=!4m6!14m5!1m4!2m3!1sCi9DQUlRQUNvZENodHljRjlvT2xKM05sZGhVbkE0TFhoSGRYQnhTRGxNUkZwSVJGRRAB!2m1!1s0x30e299102f4affd7:0xb9ab9b04356c5135
ChIJ1_9KLxCZ4jARNVFsNQSbq7k,Pig Memorial,Ci9DQUlRQUNvZENodHljRjlvT21wcVJYVlpkbGcxUkVwd2FYRjNNMlZKVEVjdFJGRRAB,4.0,它就在皮库尔桥附近。那是个很小的地方；如果你走过时不注意，可能会错过它。,zh-CN,Tue Dec 16 2025 16:37:23 GMT-0800 (Pacific Standard Time),Weeranart Thongpron,https://www.google.com/maps/reviews/data=!4m6!14m5!1m4!2m3!1sCi9DQUlRQUNvZENodHljRjlvT21wcVJYVlpkbGcxUkVwd2FYRjNNMlZKVEVjdFJGRRAB!2m1!1s0x30e299102f4affd7:0xb9ab9b04356c5135
ChIJ1_9KLxCZ4jARNVFsNQSbq7k,Pig Memorial,Ci9DQUlRQUNvZENodHljRjlvT25nemVFRnBkMjlQYkhVM1NEWTVWM0JMYVY5SmRGRRAB,5.0,它不大，如果不仔细找可能会错过。它就在皮库尔桥附近。最好清晨前往，因为附近没有遮荫的地方。祭坛下刻有祈祷文。停车有点困难。最好乘坐地铁，然后步行前往参拜。,zh-CN,Sat Aug 02 2025 00:52:06 GMT-0700 (Pacific Daylight Time),Suruchratha - Ch,https://www.google.com/maps/reviews/data=!4m6!14m5!1m4!2m3!1sCi9DQUlRQUNvZENodHljRjlvT25nemVFRnBkMjlQYkhVM1NEWTVWM0JMYVY5SmRGRRAB!2m1!1s0x30e299102f4affd7:0xb9ab9b04356c5135
ChIJPzZsMU6Z4jARQUzvk913bCo,大皇宫,Ci9DQUlRQUNvZENodHljRjlvT2tacllUVjNUV1YwT1VoMFRWOU5VRWxuT0RSTWFYYxAB,5.0,曼谷地标、外国人门票500珠。虽有点小贵但还是要来参观一次。毕尽是泰国宗教、文化艺术的代表。,zh,Sun Jul 12 2026 18:57:54 GMT-0700 (Pacific Daylight Time),Chee Wei Then,https://www.google.com/maps/reviews/data=!4m6!14m5!1m4!2m3!1sCi9DQUlRQUNvZENodHljRjlvT2tacllUVjNUV1YwT1VoMFRWOU5VRWxuT0RSTWFYYxAB!2m1!1s0x30e2994e316c363f:0x2a6c77dd93ef4c41
ChIJPzZsMU6Z4jARQUzvk913bCo,大皇宫,Ci9DQUlRQUNvZENodHljRjlvT2tablZrb3lSR2cwVlc1dFR6a3hUMFJ1UmpabFExRRAB,4.0,"第一次去曼谷觉得大皇宫是必去的地方 虽然觉得门票有点小贵😅 500泰铢一个人约（RM61+）去了之后发现是蛮值得的 毕竟是泰国具有代表性的建筑 简直金碧辉煌 以及宏伟壮观✨ 里面的建筑风格都是很华丽且精致的 门票也包含了诗丽吉王后纺织博物馆 可以进去参观和购买纪念品 总结来说值得参观👍🏻 ‼️值得注意的点是记得做好防晒措施 一个星期前去的 正值曼谷最热的时期 天气非常炎热 记得携带雨伞以及充足的水分🧢☂️ ‼️不能穿着暴露 不能露肩以及穿短裤 必须穿着得体🙅🏻‍♀️ ✅温馨提示 大皇宫大约8点这样就营业了 我和朋友9点这样才抵达就已经非常多人了 想要拍照好看的话可以提早来 My first time visiting Bangkok, I felt that the Grand Palace was a must-visit place. Although the entrance ticket felt a bit expensive at first 😅 — 500 THB per person (around RM61+) — I found it quite worth it after visiting. After all, it is one of the most representative landmarks of Thailand. The architecture is magnificent and truly dazzling, with buildings that are incredibly ornate and intricate.✨ The ticket also includes entry to the Queen Sirikit Museum of Textiles, where you can explore exhibitions and purchase souvenirs. Overall, I would say it’s definitely worth visiting👍🏻 ‼️ Things to note: Make sure to take proper sun protection. I visited about a week ago, which happened to be during the hottest period in Bangkok, and the weather was extremely hot. 🫠Remember to bring an umbrella and plenty of water 🧢☂️ ‼️ Dress code: You are not allowed to wear revealing clothes. No off-shoulder tops or shorts and you must dress appropriately ✅ Friendly tip: The The Grand Palace opens at around 8.30 am. My friends and I arrived around 9 am, and it was already very crowded. If you want to take nicer photos, it’s better to arrive earlier",zh,Fri Mar 13 2026 18:47:39 GMT-0700 (Pacific Daylight Time),Zi Wei Chong,https://www.google.com/maps/reviews/data=!4m6!14m5!1m4!2m3!1sCi9DQUlRQUNvZENodHljRjlvT2tablZrb3lSR2cwVlc1dFR6a3hUMFJ1UmpabFExRRAB!2m1!1s0x30e2994e316c363f:0x2a6c77dd93ef4c41
ChIJPzZsMU6Z4jARQUzvk913bCo,大皇宫,Ci9DQUlRQUNvZENodHljRjlvT21reVh6bFRZbWhhVkZsU2VsWlZZekIwYlZWd1UwRRAB,5.0,很震撼 值得一来🫳 很热 记得带伞 景区里面水卖的贵 打车不能打到门口 要走一段路 不要穿无袖吊带短裤 会检查衣物 一人500泰铢门票钱🎫 总结 没来过就来！ 宫殿闪亮亮的很好看✨以下是我拍的照片：,zh,Tue Feb 03 2026 20:34:17 GMT-0800 (Pacific Standard Time),tvr E,https://www.google.com/maps/reviews/data=!4m6!14m5!1m4!2m3!1sCi9DQUlRQUNvZENodHljRjlvT21reVh6bFRZbWhhVkZsU2VsWlZZekIwYlZWd1UwRRAB!2m1!1s0x30e2994e316c363f:0x2a6c77dd93ef4c41
ChIJPzZsMU6Z4jARQUzvk913bCo,大皇宫,Ci9DQUlRQUNvZENodHljRjlvT2w5MFRHZFFSR0Z3Wlc5QlpXRllZelpVTjAxcU9FRRAB,4.0,大皇宫门票฿500，看似贵，其实除了“大皇宫本宫”进不去，其他基本都能进😂 所以这张🎫≈ 玉佛寺＋纺织博物馆＋孔剧。 重点夸一句：最后的孔剧真的太精彩了，直接把性价比拉满。 大皇宫和玉佛寺院子里的大多数建筑，只能看外观，壮丽程度确实没法和国内顶级古建比，但也有很鲜明的泰式美学——满墙马赛克、色彩密到有点炫目。 玉佛寺进门处有免费的中文手册，Phra Ubosot玉佛殿翻译成大雄宝殿，着实草率了些！ 小提醒：景点之间的连接通道里才有卖水的，而且巨晒，记得自带一瓶水。,zh,Wed Feb 11 2026 01:51:18 GMT-0800 (Pacific Standard Time),Loop,https://www.google.com/maps/reviews/data=!4m6!14m5!1m4!2m3!1sCi9DQUlRQUNvZENodHljRjlvT2w5MFRHZFFSR0Z3Wlc5QlpXRllZelpVTjAxcU9FRRAB!2m1!1s0x30e2994e316c363f:0x2a6c77dd93ef4c41
ChIJPzZsMU6Z4jARQUzvk913bCo,大皇宫,Ci9DQUlRQUNvZENodHljRjlvT2tKdk1XdHNYMjFZZEhSSlV6WkNZelp1TFZCTFdVRRAB,5.0,泰国大皇宫位于曼谷市中心，紧邻湄南河，是泰国现存最完整的宫廷建筑 。 - 历史沿革：大皇宫由拉玛王朝第一代皇帝于1782年开始兴建，经历代国王修缮扩建，规模宏大。曼谷王朝从拉玛一世到拉玛八世均居于此，1946年拉玛八世遇刺后，拉玛九世搬至新宫，大皇宫对外开放。 - 建筑特色：大皇宫是暹罗式风格，汇集泰国绘画、雕刻和装饰艺术精华，被称为“泰国艺术大全”。宫廷建筑以白色为主，屋顶多为绿色瓷砖屋脊、紫红色琉璃瓦，凤头飞檐，色彩绚丽。 - 主要建筑：有阿玛林宫、节基宫、律实宫等宫殿，其中节基宫融合英国维多利亚时代建筑艺术与泰国式屋顶。宫内的玉佛寺是泰国最受尊敬的佛教寺庙之一，供奉着神圣的玉佛，寺内壁画、雕刻等装饰精美。 - 参观信息：大皇宫开放时间为8：30-16：30，门票约500泰铢，入内须着装得体。,zh,Sun Nov 23 2025 21:46:39 GMT-0800 (Pacific Standard Time),看世界Tom,https://www.google.com/maps/reviews/data=!4m6!14m5!1m4!2m3!1sCi9DQUlRQUNvZENodHljRjlvT2tKdk1XdHNYMjFZZEhSSlV6WkNZelp1TFZCTFdVRRAB!2m1!1s0x30e2994e316c363f:0x2a6c77dd93ef4c41
ChIJS_mG_NyZ4jARFkLEJfnhQ90,ศาลปู่ดำ168-ตราแผ่นดิน,Ci9DQUlRQUNvZENodHljRjlvT2sxU1FVWkhVRUp0U2taRFNVVkJNVEEzTVdkYU1GRRAB,5.0,这座佛龛位于帕拉查旺大都会警察局对面，环境清幽静谧，据说能为前来祈福的信徒带来事业上的好运。工作日前往人流较少。佛龛提供鲜花、香烛等供品，工作人员热情友好。前往最便捷的方式是搭乘地铁，在沙南猜站（Sanam Chai）3号或4号出口下车。驾车前往的话，佛龛对面设有停车场，但车位可能已满。卧佛寺（Wat Pho）就在附近，您可以先游览卧佛寺，然后步行前往佛龛。,zh-CN,Wed Jul 15 2026 23:27:31 GMT-0700 (Pacific Daylight Time),Thinnakorn Ngamchawee,https://www.google.com/maps/reviews/data=!4m6!14m5!1m4!2m3!1sCi9DQUlRQUNvZENodHljRjlvT2sxU1FVWkhVRUp0U2taRFNVVkJNVEEzTVdkYU1GRRAB!2m1!1s0x30e299dcfc86f94b:0xdd43e1f925c44216
ChIJS_mG_NyZ4jARFkLEJfnhQ90,ศาลปู่ดำ168-ตราแผ่นดิน,Ci9DQUlRQUNvZENodHljRjlvT2tNNVNIbzNUekZPYjNSbFprdEhOVTR0TTBKNk0xRRAB,5.0,✨ 探访位于帕拉查旺警察局的“拉玛五世国王皇家印章”神龛：在那里祈祷真的能带来事业成功吗？如今，任何有灵修习惯的人可能都听说过“拉玛五世国王皇家印章”。许多朋友都推荐过，说在那里祈祷能提升事业、获得晋升，甚至还能意想不到地解决生活中的难题！😆 所以……我决定去一探究竟！神龛位于玛哈拉路（Maharaj Road）上的帕拉查旺警察局内，离地铁站很近。在沙南猜站（Sanam Chai）3号出口下车，就能立刻找到。非常方便。神龛24小时开放，但我建议晚上7点前去，因为晚上8点左右，警察会封锁入口，所以只能在外面祈祷。🌸 环境与我的个人体验：我去的那天，神龛的负责人非常热情，详细地解释了祈祷、贴金箔和摆放鲜花的步骤。对我来说……在为我的事业祈祷之后，他们建议我经常行善，因为我需要处理很多人、很多事情，而且经常出差。如果我有机会去寺庙，应该向佛陀供奉水。这会保佑旅途平安，工作顺利。还有一件意想不到的事情……“我们有一间空房，还在还房贷。”我暗自担心什么时候才能还清贷款。去寺庙祈福之后，我们很快就找到了租客！🥹 所以我真的非常感谢神明！🪷 祈祷方法（简短易懂）：准备物品：• 花环/鲜花 • 或9支香 步骤：1. 设定你的意愿，说出你的姓名和出生日期。2. 念诵三遍“南无”。3. 祈求工作顺利、升职加薪，并解决生活中遇到的困难。4. 表达感恩。⚠️ 建议：不要发誓！！！这里只供祈祷。⸻🔮 常见祈求：• 升职加薪 • 公务员考试成功 • 政府/文件相关工作 • 化解厄运 • 获得上级青睐。附近还有“普丹神社”，是人们祈求公务员考试顺利通过的热门地点。🚇 交通方式：• 地铁沙南猜站，3号出口（最方便）• 自驾：停车位有限，建议停在附近步行前往。• 推荐时间：傍晚，天气凉爽，但请在晚上7点前到达。,zh-CN,Fri Feb 27 2026 20:33:37 GMT-0800 (Pacific Standard Time),Luna The Orange Cat,https://www.google.com/maps/reviews/data=!4m6!14m5!1m4!2m3!1sCi9DQUlRQUNvZENodHljRjlvT2tNNVNIbzNUekZPYjNSbFprdEhOVTR0TTBKNk0xRRAB!2m1!1s0x30e299dcfc86f94b:0xdd43e1f925c44216
ChIJS_mG_NyZ4jARFkLEJfnhQ90,ศาลปู่ดำ168-ตราแผ่นดิน,Ci9DQUlRQUNvZENodHljRjlvT2tFMWExWk5XSEZEVGtFMVdXdGFkM0JGWDNCM2MwRRAB,5.0,工作人员组织有序，并清晰地解释了各项流程。 地点靠近警察局。您可以乘坐地铁，从3号出口出来即可到达。不过，我们是自己开车去的，虽然有停车位，但为了方便起见，我们还是推荐乘坐地铁。,zh-CN,Sun May 31 2026 19:11:56 GMT-0700 (Pacific Daylight Time),Wln N.,https://www.google.com/maps/reviews/data=!4m6!14m5!1m4!2m3!1sCi9DQUlRQUNvZENodHljRjlvT2tFMWExWk5XSEZEVGtFMVdXdGFkM0JGWDNCM2MwRRAB!2m1!1s0x30e299dcfc86f94b:0xdd43e1f925c44216
ChIJS_mG_NyZ4jARFkLEJfnhQ90,ศาลปู่ดำ168-ตราแผ่นดิน,Ci9DQUlRQUNvZENodHljRjlvT2pRNVVqUk1SMmhaUnpsWmIySkdaR1ZuYkV3eVdYYxAB,4.0,当地人说，Poodam 168 神龛——带有拉玛五世国王统治时期的皇家印章——非常神圣，如今许多人都来这里朝拜。,zh-CN,Sat May 09 2026 17:44:35 GMT-0700 (Pacific Daylight Time),Sailor Mars,https://www.google.com/maps/reviews/data=!4m6!14m5!1m4!2m3!1sCi9DQUlRQUNvZENodHljRjlvT2pRNVVqUk1SMmhaUnpsWmIySkdaR1ZuYkV3eVdYYxAB!2m1!1s0x30e299dcfc86f94b:0xdd43e1f925c44216
ChIJS_mG_NyZ4jARFkLEJfnhQ90,ศาลปู่ดำ168-ตราแผ่นดิน,Ci9DQUlRQUNvZENodHljRjlvT2xGR1oyMXpUVVpLUlZSeWVUVm5aV05JZEZkQlUyYxAB,5.0,3月7日，我有幸参拜了位于帕拉查旺警察局的皇家徽章神龛、普丹神龛以及龙婆西拉。 3月5日，龙婆西拉·西里昌托在普丹神龛为信众祈福并举行了仪式。该神龛位于帕拉查旺警察局后方，靠近沙南猜地铁站。这是一处古老的圣地，其历史可追溯至拉玛五世和六世国王统治时期，据说不受任何诅咒的影响。这里深受政府官员、警察和士兵的欢迎，他们前来祈求事业晋升、事业成功。普丹神龛的独特之处在于它由檀香木建造，旁边还设有一座普丹神龛。,zh-CN,Sun Mar 08 2026 18:05:07 GMT-0700 (Pacific Daylight Time),narong harusadeekul,https://www.google.com/maps/reviews/data=!4m6!14m5!1m4!2m3!1sCi9DQUlRQUNvZENodHljRjlvT2xGR1oyMXpUVVpLUlZSeWVUVm5aV05JZEZkQlUyYxAB!2m1!1s0x30e299dcfc86f94b:0xdd43e1f925c44216
ChIJFTZxq9KZ4jARyANfo4Ni3wk,Maen Sri Waterworks,Ci9DQUlRQUNvZENodHljRjlvT21KV2FFbHpkSEJGWTJwMFUweHBRVTFtVkU1TWJYYxAB,5.0,水塔,zh,Tue Apr 07 2026 10:55:55 GMT-0700 (Pacific Daylight Time),Lovely Banana,https://www.google.com/maps/reviews/data=!4m6!14m5!1m4!2m3!1sCi9DQUlRQUNvZENodHljRjlvT21KV2FFbHpkSEJGWTJwMFUweHBRVTFtVkU1TWJYYxAB!2m1!1s0x30e299d2ab713615:0x9df6283a35f03c8
ChIJFTZxq9KZ4jARyANfo4Ni3wk,Maen Sri Waterworks,Ci9DQUlRQUNvZENodHljRjlvT2pkTmJEUXRNMDh4TTNKT1RqZzFPRTVOYVhaUGRXYxAB,4.0,曼谷湄西水厂是曼谷最早也是最重要的公共基础设施之一，至今仍在运行！它是曼谷首个现代化供水系统的一部分，由拉玛五世国王规划建造。该项目始于拉玛五世时期，他希望用一套卫生、符合欧洲标准的工程系统取代不安全的运河水和雨水。1905年，卫生部成立，并委托包括费尔南·迪迪埃在内的法国工程师设计现代化的供水网络。 淡水从巴吞他尼府的清叻县引来，通过一条新建的运河输送到位于三森的水处理厂，然后泵送到市区。湄西水厂被选为内城供水的终端储存和分配中心，并于1914年11月14日拉玛六世国王统治时期正式投入使用。这使得湄西水厂成为“การประปากรุงเทพฯ”（曼谷自来水厂）的运营中心，该水厂是如今曼谷大都会自来水管理局的前身。 该建筑群由两座大型高架水塔组成，它们是曼谷最早的此类水塔，至今仍保存完好！除了水泵外，厂区内还有一座L形欧式建筑。现存的建筑结构和当时的建造工艺表明，塔身采用砖或混凝土结构，支撑着钢制或铆接金属水箱。这里的建筑风格体现了“20世纪初暹罗的现代化精神”，将欧洲工业设计与快速发展的泰国首都的功能需求相融合。 选择湄西路口作为厂址，既有实际考量，也有历史意义。该厂址位于邦隆路（Bamrung Mueang Road）上，这条路是曼谷最早的正式道路之一，也是靠近金光寺（Wat Saket）的主要行政走廊。其优越的地理位置使其成为向人口稠密的拉达那哥欣地区输送处理水的理想场所，而宽敞的地块也允许建造水塔和服务楼。 “Maen Si”这个名字来源于Mom Maen Phanuphan na Ayutthaya，她是旺布拉帕王朝帕努朗西·萨旺翁斯王子的爱妻。Mom Maen Phanuphan na Ayutthaya去世时年仅三十岁，王子用捐款修建了一座以她名字命名的纪念桥，名为Saphan Maen Si。虽然这座桥后来在道路扩建中被拆除，但路口仍然保留了她的名字，自来水厂也沿用了这个名字。 Maen Si作为曼谷水务局总部的时间比我最初预想的要长得多。即使在20世纪60年代末70年代初，该系统扩展并发展成为曼谷大都会自来水管理局之后，湄西水库仍然作为总部继续运作至1986年左右。之后，位于邦肯的新总部于20世纪90年代初启用，湄西水库也随之停止运营。土地所有权归曼谷皇家财产管理局所有，并租赁给曼谷市政府。水塔和建筑物依然完好，但已不再用于任何技术供水功能。 该地也作为文化场所，举办曼谷设计周和曼谷恐怖电影节等活动。曼谷恐怖电影节的灵感来源于该地区的墓地历史和水塔引人注目的工业建筑风格。这里是漫步拍照的绝佳去处！,zh-CN,Tue Mar 31 2026 04:13:02 GMT-0700 (Pacific Daylight Time),The Traveling Pug,https://www.google.com/maps/reviews/data=!4m6!14m5!1m4!2m3!1sCi9DQUlRQUNvZENodHljRjlvT2pkTmJEUXRNMDh4TTNKT1RqZzFPRTVOYVhaUGRXYxAB!2m1!1s0x30e299d2ab713615:0x9df6283a35f03c8
ChIJFTZxq9KZ4jARyANfo4Ni3wk,Maen Sri Waterworks,Ci9DQUlRQUNvZENodHljRjlvT21saWVscDJOMHB2TkROaWFrcG9OMHRqTlU1aFFYYxAB,5.0,🗼我从小就见过这个地方。它以前是供水站，现在是曼谷市政府下属的流浪者收容中心。这里有两座高耸的水塔，非常漂亮，是以前的水厂建筑。 🏫今天，我有幸参观了1969年1月25日在曼斯里水厂举办的“骗局之屋”活动。这是我第一次来到这里。这是一座高耸的水塔，是曼谷第一座供水塔，也被认为是泰国第一座水厂。我从小就住在这附近，但从未有机会亲眼见过这座老建筑，尽管我每天都会路过。这是一座高耸的水塔，由两座供水塔组成，被认为是泰国第一座水厂。目前，它由曼谷市政府负责管理。,zh-CN,Mon Jan 26 2026 05:37:45 GMT-0800 (Pacific Standard Time),M,https://www.google.com/maps/reviews/data=!4m6!14m5!1m4!2m3!1sCi9DQUlRQUNvZENodHljRjlvT21saWVscDJOMHB2TkROaWFrcG9OMHRqTlU1aFFYYxAB!2m1!1s0x30e299d2ab713615:0x9df6283a35f03c8
ChIJFTZxq9KZ4jARyANfo4Ni3wk,Maen Sri Waterworks,Ci9DQUlRQUNvZENodHljRjlvT2xOS2VscDRiMFE1ZEdkYVRGWjJSM0ZKTms5d2JXYxAB,5.0,我曾到访此地参加2025年曼谷恐怖电影节，总体而言，这里是举办此类活动的绝佳场所。场地开阔宽敞，非常适合户外活动和节庆活动。 建筑和设计也相当独特有趣，为整体氛围和体验增色不少。,zh-CN,Sun Jul 13 2025 10:02:56 GMT-0700 (Pacific Daylight Time),Lê Hồ Bảo Châu (Ethan),https://www.google.com/maps/reviews/data=!4m6!14m5!1m4!2m3!1sCi9DQUlRQUNvZENodHljRjlvT2xOS2VscDRiMFE1ZEdkYVRGWjJSM0ZKTms5d2JXYxAB!2m1!1s0x30e299d2ab713615:0x9df6283a35f03c8
ChIJFTZxq9KZ4jARyANfo4Ni3wk,Maen Sri Waterworks,Ci9DQUlRQUNvZENodHljRjlvT2xOMFZFdG1WMjgyYkVoMGRGRkNPVnBMVUdsNWQyYxAB,5.0,这里以前是自来水厂的办公地点。现在，这里成了无家可归、食不果腹的人们排队领取免费食物的地方。,zh-CN,Sat Jul 11 2026 09:33:51 GMT-0700 (Pacific Daylight Time),Korrakot Warakunrak,https://www.google.com/maps/reviews/data=!4m6!14m5!1m4!2m3!1sCi9DQUlRQUNvZENodHljRjlvT2xOMFZFdG1WMjgyYkVoMGRGRkNPVnBMVUdsNWQyYxAB!2m1!1s0x30e299d2ab713615:0x9df6283a35f03c8
ChIJhfwkjA6Z4jARYpdkDKLGFuE,Manee Nopparat Gate,Ci9DQUlRQUNvZENodHljRjlvT2tkNE5uaDJVRzgzZDNjM2FFWkhiREkzYldSME9IYxAB,5.0,大皇宫的一个侧门，仅限工作人员进出。,zh,Mon Mar 02 2026 22:21:42 GMT-0800 (Pacific Standard Time),grant zou,https://www.google.com/maps/reviews/data=!4m6!14m5!1m4!2m3!1sCi9DQUlRQUNvZENodHljRjlvT2tkNE5uaDJVRzgzZDNjM2FFWkhiREkzYldSME9IYxAB!2m1!1s0x30e2990e8c24fc85:0xe116c6a20c649762
ChIJhfwkjA6Z4jARYpdkDKLGFuE,Manee Nopparat Gate,ChZDSUhNMG9nS0VJQ0FnSUR4bEppbENnEAE,5.0,曼谷必打卡景点,zh,Fri Jun 02 2023 03:47:25 GMT-0700 (Pacific Daylight Time),Christina,https://www.google.com/maps/reviews/data=!4m6!14m5!1m4!2m3!1sChZDSUhNMG9nS0VJQ0FnSUR4bEppbENnEAE!2m1!1s0x30e2990e8c24fc85:0xe116c6a20c649762
ChIJhfwkjA6Z4jARYpdkDKLGFuE,Manee Nopparat Gate,Ci9DQUlRQUNvZENodHljRjlvT21KQ2FrdDJWelZqU0hWTFVYQmFaalY0U1VWWlEyYxAB,5.0,ประตูมณีนพรัตน์ เป็นหนึ่งในประตูที่สวยและมีความสำคัญทางประวัติศาสตร์มาก ภายในบริเวณพระบรมมหาราชวัง ตัวประตูมีสถาปัตยกรรมแบบไทยโบราณที่ดูสง่างาม รายละเอียดลวดลายมีความประณีตมาก เห็นแล้วรู้สึกถึงความยิ่งใหญ่และความงดงามของศิลปกรรมไทยสมัยรัตนโกสินทร์ บริเวณรอบ ๆ สะอาด เป็นระเบียบ และเหมาะกับการเดินชมถ่ายรูปมาก โดยเฉพาะถ้าได้มาช่วงเช้าหรือช่วงแดดไม่แรง บรรยากาศจะดูสงบและสวยมาก นักท่องเที่ยวที่มาเที่ยวพระบรมมหาราชวังไม่ควรพลาดจุดนี้ เพราะเป็นอีกมุมหนึ่งที่สะท้อนความงดงามของสถานที่ได้ดีมาก 📸✨ โดยรวมเป็นจุดที่เหมาะทั้งสำหรับคนที่ชอบถ่ายภาพ ชอบประวัติศาสตร์ หรืออยากมาเดินชมความงดงามของสถาปัตยกรรมไทยแบบใกล้ ๆ แนะนำให้แวะมาดูด้วยตัวเอง รับรองประทับใจแน่นอน 🇹🇭😊,th,Sun Mar 22 2026 09:31:09 GMT-0700 (Pacific Daylight Time),Omiiigod CJ.,https://www.google.com/maps/reviews/data=!4m6!14m5!1m4!2m3!1sCi9DQUlRQUNvZENodHljRjlvT21KQ2FrdDJWelZqU0hWTFVYQmFaalY0U1VWWlEyYxAB!2m1!1s0x30e2990e8c24fc85:0xe116c6a20c649762
ChIJhfwkjA6Z4jARYpdkDKLGFuE,Manee Nopparat Gate,Ci9DQUlRQUNvZENodHljRjlvT2xaaVRHOTFkRFpDUjFoU1ZXSnVVVFZEWWpGSVIxRRAB,4.0,我真的很想详细解释一下如何从码头前往大皇宫和玉佛寺，因为我尽管看了很多旅游指南，还是找不到入口，而且周围的拉客人员也误导了我。所以，我在这里澄清一下。首先，下船后，跟着人群穿过马路，你会看到大皇宫的白墙。沿着白墙走；几分钟后，你会看到一个通往洗手间和游客聚集区的地下楼梯。上完洗手间后，沿着楼梯朝大皇宫方向走，再往前走一点，你会看到一个小门。跟着人群穿过小门，通过安检，继续往前走，直到看到售票处。买票后，你就可以进入玉佛寺了。参观完玉佛寺后，跟着大皇宫的指示牌走，穿过小门，你就到了大皇宫。按照出口指示牌离开皇宫，然后沿着白墙走回码头。,zh-CN,Tue Feb 17 2026 16:59:16 GMT-0800 (Pacific Standard Time),Zhang King,https://www.google.com/maps/reviews/data=!4m6!14m5!1m4!2m3!1sCi9DQUlRQUNvZENodHljRjlvT2xaaVRHOTFkRFpDUjFoU1ZXSnVVVFZEWWpGSVIxRRAB!2m1!1s0x30e2990e8c24fc85:0xe116c6a20c649762
ChIJhfwkjA6Z4jARYpdkDKLGFuE,Manee Nopparat Gate,Ci9DQUlRQUNvZENodHljRjlvT2pobk9WbFdha3hCTFRRd1RqRmljRmwzUzNWaGJFRRAB,5.0,"태국왕궁투어는 가이드 통해서 하시길 바랍니다.~ 설명을 들으면서 왕궁둘러보면 이해가 빠르고,태국 역사를 알수가 있습니다.",ko,Thu Apr 09 2026 02:11:09 GMT-0700 (Pacific Daylight Time),김성민,https://www.google.com/maps/reviews/data=!4m6!14m5!1m4!2m3!1sCi9DQUlRQUNvZENodHljRjlvT2pobk9WbFdha3hCTFRRd1RqRmljRmwzUzNWaGJFRRAB!2m1!1s0x30e2990e8c24fc85:0xe116c6a20c649762
ChIJAfI3tQ-Z4jAR0q5ZQgnV8DE,沙南龙宫,ChZDSUhNMG9nS0VJQ0FnSUN2ODZfMGZnEAE,4.0,我之前只听说过这座宫殿的名字，也路过过很多次，但直到最近才知道它就是沙兰隆宫。我不确定进去是否安全，但没看到其他游客，所以只拍了些外观照片留作纪念。,zh-CN,Sat Dec 14 2024 07:03:18 GMT-0800 (Pacific Standard Time),Panisa,https://www.google.com/maps/reviews/data=!4m6!14m5!1m4!2m3!1sChZDSUhNMG9nS0VJQ0FnSUN2ODZfMGZnEAE!2m1!1s0x30e2990fb537f201:0x31f0d5094259aed2
ChIJAfI3tQ-Z4jAR0q5ZQgnV8DE,沙南龙宫,ChdDSUhNMG9nS0VJQ0FnSURqaXFLTV93RRAB,5.0,萨兰隆宫位于大皇宫和拉差帕迪萨提玛哈西玛拉拉姆拉查沃拉维汉寺之间，在大皇宫东侧。它建于拉玛四世国王统治时期，曾是外交部所在地，也是皇家宾客的宾馆。 历史[编辑] [1954年萨兰隆宫作为外交部所在地时的照片] 萨兰隆宫是一座两层砖石结构的建筑，由亨利·阿拉巴斯特设计。它始建于1866年，由彭（Phraya Burusratanarajapallop）监督建造。拉玛四世国王委托建造这座宫殿作为自己的住所，并将其命名为萨兰隆宫，但他在宫殿竣工前便驾崩了。 在拉玛五世国王统治初期，萨兰隆宫被用作皇室成员离开大皇宫前的临时住所，直到他们的永久住所建成。例如，在布拉帕披罗姆宫建造期间，巴努朗西·萨旺翁斯王子于1876年至1881年间居住在萨兰隆宫。之后，该宫殿被用作接待外国皇室贵宾的住所，例如日本皇太子、俄罗斯皇储（后来的俄罗斯沙皇尼古拉二世）以及希腊乔治王子。首位下榻于此的皇室贵宾是奥斯卡王子，时间是1884年。 1885年，国王的弟弟德瓦翁斯·瓦罗普拉卡王子被任命为外交大臣。他请求将萨兰隆宫用作外交部办公场所。后来，它于 1887 年迁至大皇宫的拉查瓦洛普大楼。此后，萨兰罗姆宫一直被用作接待皇家宾客的住所，直到瓦吉拉伍德国王统治时期，他更喜欢称其为……自 1916 年 7 月 16 日起，“萨兰罗姆宫”被称为“萨兰罗姆皇家宫殿”。,zh-CN,Wed May 01 2024 07:32:45 GMT-0700 (Pacific Daylight Time),ChubbyArin,https://www.google.com/maps/reviews/data=!4m6!14m5!1m4!2m3!1sChdDSUhNMG9nS0VJQ0FnSURqaXFLTV93RRAB!2m1!1s0x30e2990fb537f201:0x31f0d5094259aed2
ChIJAfI3tQ-Z4jAR0q5ZQgnV8DE,沙南龙宫,ChdDSUhNMG9nS0VJQ0FnSUNUajRlLXh3RRAB,5.0,在这个区域散步非常惬意，环境干净整洁，而且离地铁站也很近。您可以参观玉佛寺和旧皇宫，它们彼此距离很近。,zh-CN,Tue May 21 2024 05:03:27 GMT-0700 (Pacific Daylight Time),Annie Vetchasart,https://www.google.com/maps/reviews/data=!4m6!14m5!1m4!2m3!1sChdDSUhNMG9nS0VJQ0FnSUNUajRlLXh3RRAB!2m1!1s0x30e2990fb537f201:0x31f0d5094259aed2
ChIJAfI3tQ-Z4jAR0q5ZQgnV8DE,沙南龙宫,ChdDSUhNMG9nS0VJQ0FnSUR3NHVLcXB3RRAB,4.0,“萨兰隆宫” 位于大皇宫和拉差帕迪萨提玛哈西玛拉拉姆拉查沃拉维汉寺之间，大皇宫东侧。它建于拉玛四世国王统治时期，曾用作外交部和皇家宾客的宾馆。 萨兰隆宫是一座两层砖石结构的建筑，由亨利·阿拉巴斯特设计。它始建于1866年。拉玛四世国王委托建造这座宫殿作为自己的住所，并将其命名为萨兰隆宫，但他在宫殿竣工前便驾崩了。,zh-CN,Mon Oct 15 2018 05:33:05 GMT-0700 (Pacific Daylight Time),Nannn Nyyy,https://www.google.com/maps/reviews/data=!4m6!14m5!1m4!2m3!1sChdDSUhNMG9nS0VJQ0FnSUR3NHVLcXB3RRAB!2m1!1s0x30e2990fb537f201:0x31f0d5094259aed2
ChIJAfI3tQ-Z4jAR0q5ZQgnV8DE,沙南龙宫,Ci9DQUlRQUNvZENodHljRjlvT21Jd1FUWmxhbnBFU0c5T1MyZEpVbWRHT1c5TlJWRRAB,5.0,在这个区域散步非常惬意，环境很干净，而且离地铁站很近。您可以参观玉佛寺和古迹，它们彼此距离很近。,zh-CN,Mon Jun 29 2026 14:53:30 GMT-0700 (Pacific Daylight Time),pei A,https://www.google.com/maps/reviews/data=!4m6!14m5!1m4!2m3!1sCi9DQUlRQUNvZENodHljRjlvT21Jd1FUWmxhbnBFU0c5T1MyZEpVbWRHT1c5TlJWRRAB!2m1!1s0x30e2990fb537f201:0x31f0d5094259aed2
ChIJXQDOlw-Z4jARyudySCTmnMY,Gate of Sak Chaisit,Ci9DQUlRQUNvZENodHljRjlvT2pFd1YwTnRYMjFsZGtKMlFXNXRZbnB5ZGxsRmJsRRAB,5.0,这里环境优美，毗邻宏伟的建筑，氛围宜人，是漫步探索的理想之地。周边地区历史悠久，文化底蕴深厚，令人流连忘返。此外，这里格外宁静祥和，是静心沉思的绝佳场所。总而言之，这里的确是一个令人心旷神怡的好去处。,zh-CN,Mon Aug 25 2025 21:49:44 GMT-0700 (Pacific Daylight Time),Duy Ton,https://www.google.com/maps/reviews/data=!4m6!14m5!1m4!2m3!1sCi9DQUlRQUNvZENodHljRjlvT2pFd1YwTnRYMjFsZGtKMlFXNXRZbnB5ZGxsRmJsRRAB!2m1!1s0x30e2990f97ce005d:0xc69ce6244872e7ca
ChIJXQDOlw-Z4jARyudySCTmnMY,Gate of Sak Chaisit,Ci9DQUlRQUNvZENodHljRjlvT2xoamNYWlFUM0Z6YXpkcVlsUkVRMUpDYzNZM2FIYxAB,5.0,沙迪猜寺门（ประตูศักดิ์ไชยสิทธิ์；Gate of Sak Chaisit）是大皇宫外墙一个重要入口，位于大皇宫的东北部。 沙迪猜寺门融合了泰式与欧式元素，拥有精致的雕刻和装饰，门顶有泰式屋檐和皇室徽记，设计庄严而实用，过去多用于皇室仪式。,zh-CN,Fri Jul 18 2025 05:02:16 GMT-0700 (Pacific Daylight Time),Chou Meizai (粗眉仔),https://www.google.com/maps/reviews/data=!4m6!14m5!1m4!2m3!1sCi9DQUlRQUNvZENodHljRjlvT2xoamNYWlFUM0Z6YXpkcVlsUkVRMUpDYzNZM2FIYxAB!2m1!1s0x30e2990f97ce005d:0xc69ce6244872e7ca
ChIJXQDOlw-Z4jARyudySCTmnMY,Gate of Sak Chaisit,ChZDSUhNMG9nS0VJQ0FnSURqaXVyWVJREAE,5.0,ประตูศักดิ์ไชยสิทธิ์ ประตูยอดปราสาท อยู่ทางด้านทิศตะวันออก ตรงข้ามกับวังสราญรมย์ ใต้พระที่นั่งสุทไธสวรรย์ปราสาท ติดกับป้อมฤทธิรุดโรมรัน ถัดเข้ามาเป็น ประตูราชสำราญ...,th,Thu Apr 24 2025 22:25:32 GMT-0700 (Pacific Daylight Time),ChubbyArin,https://www.google.com/maps/reviews/data=!4m6!14m5!1m4!2m3!1sChZDSUhNMG9nS0VJQ0FnSURqaXVyWVJREAE!2m1!1s0x30e2990f97ce005d:0xc69ce6244872e7ca
ChIJXQDOlw-Z4jARyudySCTmnMY,Gate of Sak Chaisit,ChdDSUhNMG9nS0VJQ0FnSUQzNWNIUzJ3RRAB,5.0,萨迪猜·西提猜门及周边地区 是暹罗市的另一处历史遗迹。 您可以白天或夜晚步行游览这座城市，感受不同的风情。 交通方式：您可以乘坐地铁（MRT）至沙南猜站（Sanam Chai）。除了寺庙之外，附近还有暹罗博物馆。,zh-CN,Sat Nov 16 2024 19:28:54 GMT-0800 (Pacific Standard Time),Supawut Saengrassamee,https://www.google.com/maps/reviews/data=!4m6!14m5!1m4!2m3!1sChdDSUhNMG9nS0VJQ0FnSUQzNWNIUzJ3RRAB!2m1!1s0x30e2990f97ce005d:0xc69ce6244872e7ca
ChIJXQDOlw-Z4jARyudySCTmnMY,Gate of Sak Chaisit,Ci9DQUlRQUNvZENodHljRjlvT25OWE4yNTRWa3d6VVVoT2RUUjBSekptU25WRWVIYxAB,5.0,曼谷寺庙的历史城墙是泰国建筑遗产的重要组成部分，它位于大皇宫附近，让游客得以一窥泰国的历史。,zh-CN,Mon Jan 19 2026 02:28:49 GMT-0800 (Pacific Standard Time),Plif,https://www.google.com/maps/reviews/data=!4m6!14m5!1m4!2m3!1sCi9DQUlRQUNvZENodHljRjlvT25OWE4yNTRWa3d6VVVoT2RUUjBSekptU25WRWVIYxAB!2m1!1s0x30e2990f97ce005d:0xc69ce6244872e7ca
ChIJkWq4ug-Z4jAR5tOC957WIIU,Deva Phithak Gate,ChdDSUhNMG9nS0VOXzNfTVBsOG95QXJRRRAB,4.0,德瓦披塔门是曼谷古城墙仅存的城门之一，建于拉玛一世国王统治时期。1782年，曼谷（当时称为拉达那哥欣大皇宫）被选为暹罗王国的新都。虽然不如大皇宫或郑王庙那样闻名遐迩，但德瓦披塔门却是一处重要的历史地标，见证了这座古老皇家城市的建设与守护。 洁白的城墙与绿茵茵的草坪交相辉映，环绕着红瓦屋顶的皇宫，景色令人叹为观止，即使从外面也能感受到它的魅力。沿着皇家田广场（Sanam Chai Road）漫步，您将依次经过沙兰隆宫（Saranrom Palace）、泰国国防部、萨猜西门（Sak Chaisit Gate）以及卧佛寺（Wat Pho）。,zh-CN,Wed May 07 2025 01:34:23 GMT-0700 (Pacific Daylight Time),Canh Le,https://www.google.com/maps/reviews/data=!4m6!14m5!1m4!2m3!1sChdDSUhNMG9nS0VOXzNfTVBsOG95QXJRRRAB!2m1!1s0x30e2990fbab86a91:0x8520d69ef782d3e6
ChIJkWq4ug-Z4jAR5tOC957WIIU,Deva Phithak Gate,ChdDSUhNMG9nS0VJQ0FnSURqc05DMzJRRRAB,5.0,Thewa Phithak 门是通往 Phutthaisawan 宝座殿的双子门，位于大皇宫的内侧。,zh-CN,Sun Apr 28 2024 03:27:10 GMT-0700 (Pacific Daylight Time),ChubbyArin,https://www.google.com/maps/reviews/data=!4m6!14m5!1m4!2m3!1sChdDSUhNMG9nS0VJQ0FnSURqc05DMzJRRRAB!2m1!1s0x30e2990fbab86a91:0x8520d69ef782d3e6
ChIJkWq4ug-Z4jAR5tOC957WIIU,Deva Phithak Gate,ChZDSUhNMG9nS0VJQ0FnTUNJdnFHb1hREAE,5.0,✨ 这是素泰沙旺宫的侧门，位于大皇宫东墙内。 ⭐️ 这座美丽的侧门毗邻皇宫，距离玉佛寺（Wat Phra Kaew）仅几步之遥。这里也是值得一游的地方。,zh-CN,Wed Apr 02 2025 02:41:45 GMT-0700 (Pacific Daylight Time),JT.,https://www.google.com/maps/reviews/data=!4m6!14m5!1m4!2m3!1sChZDSUhNMG9nS0VJQ0FnTUNJdnFHb1hREAE!2m1!1s0x30e2990fbab86a91:0x8520d69ef782d3e6
ChIJkWq4ug-Z4jAR5tOC957WIIU,Deva Phithak Gate,ChZDSUhNMG9nS0VJQ0FnSUNkcFlxRU1BEAE,4.0,大皇宫外的城门是醒目的白色！,zh-CN,Fri Feb 16 2024 11:39:56 GMT-0800 (Pacific Standard Time),Victor,https://www.google.com/maps/reviews/data=!4m6!14m5!1m4!2m3!1sChZDSUhNMG9nS0VJQ0FnSUNkcFlxRU1BEAE!2m1!1s0x30e2990fbab86a91:0x8520d69ef782d3e6
ChIJkWq4ug-Z4jAR5tOC957WIIU,Deva Phithak Gate,ChZDSUhNMG9nS0VJQ0FnSUNNMDRTM0hREAE,5.0,"Una struttura perfettamente inserita e in linea con il resto degli stili architettonici utilizzati nel complesso murario che circonda il Palazzo Reale, questo punto di ingresso permette di accedere direttamente ai Giardini di Shivalai, punto che personalmente non sono mai riuscito a trovare aperto al pubblico, ma che purtroppo ho ammirato solo in foto.",it,Wed Dec 04 2019 01:00:18 GMT-0800 (Pacific Standard Time),Alessio Fauni,https://www.google.com/maps/reviews/data=!4m6!14m5!1m4!2m3!1sChZDSUhNMG9nS0VJQ0FnSUNNMDRTM0hREAE!2m1!1s0x30e2990fbab86a91:0x8520d69ef782d3e6
ChIJ3xvgaQWZ4jARDayBV82R8ow,Royal Clock Tower,Ci9DQUlRQUNvZENodHljRjlvT2tOcFFURldWR3hQVEhaQ2QyVjZlWGxvTm1KV1kzYxAB,5.0,今日皇家钟塔（复制品） 如今矗立在沙南猜路（毗邻卧佛寺和国土防御部）上的这座白色欧式钟塔，并非拉玛四世国王时期的原塔，而是新建的“皇家钟塔复制品”。 建造年份：1982年，为纪念曼谷建城200周年而建。 建筑风格：由苏梅·楚姆赛·纳·阿育他亚博士设计，以拉玛四世国王时期的原塔为蓝本。这是一座高耸的方形塔楼，拥有尖顶，四面均设有钟面。 意义：它与鼓楼并肩而立，共同纪念泰国计时方式从“击鼓”时代到“钟表”时代的演变。 真正的钟：在拉玛五世国王统治时期被拆解的普瓦顿塔萨奈王座厅的钟表机械装置，目前保存在曼谷国家博物馆并展出。,zh-CN,Mon Mar 09 2026 01:32:51 GMT-0700 (Pacific Daylight Time),art tour eat & cafe,https://www.google.com/maps/reviews/data=!4m6!14m5!1m4!2m3!1sCi9DQUlRQUNvZENodHljRjlvT2tOcFFURldWR3hQVEhaQ2QyVjZlWGxvTm1KV1kzYxAB!2m1!1s0x30e2990569e01bdf:0x8cf291cd5781ac0d
ChIJ3xvgaQWZ4jARDayBV82R8ow,Royal Clock Tower,Ci9DQUlRQUNvZENodHljRjlvT20xTVRuUlJORmhIUWpGT1JtaFJTVk5KT0hsWVlsRRAB,5.0,目前在萨南柴路（国防部旁）上可以看到的这座美丽的白色欧式皇家钟塔，是原塔的复制品。它是为了纪念拉玛四世国王在天文方面的卓越成就而建造的，也是过去科技进步的象征。,zh-CN,Fri Feb 13 2026 06:54:23 GMT-0800 (Pacific Standard Time),ธวัชชัย อารีย์,https://www.google.com/maps/reviews/data=!4m6!14m5!1m4!2m3!1sCi9DQUlRQUNvZENodHljRjlvT20xTVRuUlJORmhIUWpGT1JtaFJTVk5KT0hsWVlsRRAB!2m1!1s0x30e2990569e01bdf:0x8cf291cd5781ac0d
ChIJ3xvgaQWZ4jARDayBV82R8ow,Royal Clock Tower,Ci9DQUlRQUNvZENodHljRjlvT2pGS2Vta3hWV1UzZURVMlNEUmhhREZ2T0VaRWRuYxAB,5.0,暹罗（泰国）第一座钟楼：“帕普瓦顿塔斯奈王座厅”，暹罗文明的钟楼，是在拉玛四世国王的皇家倡议下建造的，他希望暹罗成为一个文明国家并实现现代化，用钟楼取代了使用时标、锣和鼓来报时。,zh-CN,Sat Aug 16 2025 23:55:32 GMT-0700 (Pacific Daylight Time),Vitaya Kunavichayanont,https://www.google.com/maps/reviews/data=!4m6!14m5!1m4!2m3!1sCi9DQUlRQUNvZENodHljRjlvT2pGS2Vta3hWV1UzZURVMlNEUmhhREZ2T0VaRWRuYxAB!2m1!1s0x30e2990569e01bdf:0x8cf291cd5781ac0d
ChIJ3xvgaQWZ4jARDayBV82R8ow,Royal Clock Tower,ChdDSUhNMG9nS0VJQ0FnTURvNS1HSjRnRRAB,5.0,หอนาฬิกาแห่งแรกในสยาม (ประเทศไทย) อยู่ฝั่งตรงข้ามกับทางเข้าวัดโพธิ์ ถนนสนามไชย สร้างขึ้นในสมัยรัชกาลที่ 4 ใช้บอกเวลาให้แก่สาธารณะชนในอดีต แต่ปัจจุบันทุกคนมีนาฬิกาและโทรศัพท์มือถือเป็นของตัวเองความสำคัญจึงถูกลดลง แต่หอนาฬิกานี้ยังเต็มไปด้วยเรื่องราวทางประวัติศาสตร์ที่น่าจดจำ และสถาปัตยกรรมที่งดงาม,th,Tue Apr 29 2025 10:51:02 GMT-0700 (Pacific Daylight Time),Gofu_Gif,https://www.google.com/maps/reviews/data=!4m6!14m5!1m4!2m3!1sChdDSUhNMG9nS0VJQ0FnTURvNS1HSjRnRRAB!2m1!1s0x30e2990569e01bdf:0x8cf291cd5781ac0d
ChIJ3xvgaQWZ4jARDayBV82R8ow,Royal Clock Tower,ChdDSUhNMG9nS0VJQ0FnTUNRM1lDTHNRRRAB,5.0,หอนาฬิกาหลวงจำลอง กรุงเทพมหานคร โดยพระบาทสมเด็จพระจอมเกล้าเจ้าอยู่หัว ทรงสร้างหอนาฬิกาไว้ในเขตพระนคร เพื่อให้ผู้ที่เดินเรือเข้ามาทางแม่น้ำเจ้าพระยา หรือชาวบ้านได้ดูเวลาเห็นแต่ไกล และใช้เป็นเวลามาตรฐานของกรุงเทพฯ เรียกว่า Bangkok Time นาฬิกาหลวงนี้ตั้งอยู่ในเขตพระที่นั่งภูวดลทัศไนย ภายหลังถูกรื้อทิ้งและสร้างขึ้นมาใหม่ในสมัยรัชกาลที่ 5 เพราะของเก่าทรุดโทรม ปัจจุบันหอนาฬิกาหลวงไม่ได้มีไว้ดูเวลาของชาวเมืองอีกต่อไป เนื่องจากประชาชนแต่ละคนก็มีนาฬิกาใช้ และหอนาฬิกาก็ถูกปิดไว้ให้ชมความงดงามได้จากภายนอก ตั้งอยู่ริมถนนสนามไชย ด้านหลังวัดโพธิ์ และเป็นจุดถ่ายภาพของนักท่องเที่ยวที่มาแวะเวียนชมความงามของหมู่ปราสาทพระราชวัง และวัดพระแก้ว,th,Sat Mar 08 2025 06:03:31 GMT-0800 (Pacific Standard Time),Tete Young,https://www.google.com/maps/reviews/data=!4m6!14m5!1m4!2m3!1sChdDSUhNMG9nS0VJQ0FnTUNRM1lDTHNRRRAB!2m1!1s0x30e2990569e01bdf:0x8cf291cd5781ac0d
ChIJrYJJxhqZ4jARxVG4sqGOodI,万茂宫,ChZDSUhNMG9nS0VJQ0FnSURSM1pEZld3EAE,5.0,这是一座建于100多年前的宫殿，氛围宁静祥和。,zh-CN,Mon May 01 2023 11:25:09 GMT-0700 (Pacific Daylight Time),nuttaporn n,https://www.google.com/maps/reviews/data=!4m6!14m5!1m4!2m3!1sChZDSUhNMG9nS0VJQ0FnSURSM1pEZld3EAE!2m1!1s0x30e2991ac64982ad:0xd2a18ea1b2b851c5
ChIJrYJJxhqZ4jARxVG4sqGOodI,万茂宫,Ci9DQUlRQUNvZENodHljRjlvT2pRMVZHcFVhR3RmYkZoTk9WRk1ka3h5VUdvek1sRRAB,5.0,我们维修电器。,zh-CN,Wed May 13 2026 20:11:43 GMT-0700 (Pacific Daylight Time),num Mo kokkawong,https://www.google.com/maps/reviews/data=!4m6!14m5!1m4!2m3!1sCi9DQUlRQUNvZENodHljRjlvT2pRMVZHcFVhR3RmYkZoTk9WRk1ka3h5VUdvek1sRRAB!2m1!1s0x30e2991ac64982ad:0xd2a18ea1b2b851c5
ChIJrYJJxhqZ4jARxVG4sqGOodI,万茂宫,Ci9DQUlRQUNvZENodHljRjlvT2tSQ2FXbHRNelE0ZUV0eFYxRkxOelI0VWtscmRWRRAB,5.0,店主非常和善。每天早上，僧侣们会到镇子附近来化缘。,zh-CN,Wed Jul 09 2025 17:33:35 GMT-0700 (Pacific Daylight Time),วัชรินทร์ สินธนามราพันธ์,https://www.google.com/maps/reviews/data=!4m6!14m5!1m4!2m3!1sCi9DQUlRQUNvZENodHljRjlvT2tSQ2FXbHRNelE0ZUV0eFYxRkxOelI0VWtscmRWRRAB!2m1!1s0x30e2991ac64982ad:0xd2a18ea1b2b851c5
ChIJrYJJxhqZ4jARxVG4sqGOodI,万茂宫,ChZDSUhNMG9nS0VJQ0FnSUNjdDZYN1ZBEAE,5.0,这里空气清新凉爽，景色宜人。小树枝繁叶茂，而那些高大的枯树则别有一番韵味。,zh-CN,Mon Apr 27 2020 21:33:07 GMT-0700 (Pacific Daylight Time),เบ้ฟริโอ้ Frio ไอ้อ้วนออเจ้า,https://www.google.com/maps/reviews/data=!4m6!14m5!1m4!2m3!1sChZDSUhNMG9nS0VJQ0FnSUNjdDZYN1ZBEAE!2m1!1s0x30e2991ac64982ad:0xd2a18ea1b2b851c5
ChIJrYJJxhqZ4jARxVG4sqGOodI,万茂宫,ChdDSUhNMG9nS0VJQ0FnSUNjOWQ3bGtBRRAB,4.0,一个相当古老的地方。,zh-CN,Wed Mar 18 2020 20:57:55 GMT-0700 (Pacific Daylight Time),บัญชา ยิ่งรุ่งโรจน์,https://www.google.com/maps/reviews/data=!4m6!14m5!1m4!2m3!1sChdDSUhNMG9nS0VJQ0FnSUNjOWQ3bGtBRRAB!2m1!1s0x30e2991ac64982ad:0xd2a18ea1b2b851c5
ChIJq6bKPwWZ4jAROv8lj8v8Zro,鼓楼,Ci9DQUlRQUNvZENodHljRjlvT2pCTU1ERTRSMU50TkRaMWVuVkhOMjVNTm5Kbk5GRRAB,5.0,鼓楼始建于拉玛一世国王统治时期，即公元1782年。如今，它位于卧佛寺（Wat Phra Chetuphon，又称Wat Pho）前。 最初外观：这是一座三层塔楼，顶部呈圆顶状。塔内设有三个大鼓，每个鼓都有其独特的名称和功能。 过去，人们通过聆听鼓声来了解城中发生的事情，这些鼓根据吉祥的名称分为以下几类： 日出鼓（下层）：用于指示日出日落（也指示城门的开闭时间）。 灭火鼓（中层）：用于发出火灾警报，提醒村民和官员做好灭火准备。 歼敌鼓（上层）：用于发出战争或敌人来袭的信号，召集士兵。 变迁与修复 拉玛五世国王统治时期：随着西方科技的引进，钟楼的建造和现代通讯系统的出现削弱了鼓楼的重要性。此外，道路的扩建和政府建筑的兴建也促成了鼓楼的重建。因此，原有的鼓楼被拆除。 1982年：为庆祝曼谷建城200周年，泰国皇家陆军在原址附近（昭切公园区域）建造了一座复制的鼓楼，与钟楼一起作为历史古迹。,zh-CN,Mon Mar 09 2026 01:36:54 GMT-0700 (Pacific Daylight Time),art tour eat & cafe,https://www.google.com/maps/reviews/data=!4m6!14m5!1m4!2m3!1sCi9DQUlRQUNvZENodHljRjlvT2pCTU1ERTRSMU50TkRaMWVuVkhOMjVNTm5Kbk5GRRAB!2m1!1s0x30e299053fcaa6ab:0xba66fccb8f25ff3a
ChIJq6bKPwWZ4jAROv8lj8v8Zro,鼓楼,Ci9DQUlRQUNvZENodHljRjlvT2kxZlpGUnViVUZxWms5UmFuSmlWbkozTlhGSk1FRRAB,5.0,位于卧佛寺（Wat Pho）对面的鼓楼，建于拉玛一世国王统治时期（1782年），坐落于昭切花园内。它曾用于报时、防火和战争信号，最初存放着三面重要的鼓：Yam Phra Surasi、Akkhinat 和 Phikhat Phairi。如今，为了庆祝曼谷建城200周年，1982年重建了一座鼓楼，并安装了一套新的鼓，以传承这座古都的报时传统。,zh-CN,Fri Feb 13 2026 01:46:43 GMT-0800 (Pacific Standard Time),ธวัชชัย อารีย์,https://www.google.com/maps/reviews/data=!4m6!14m5!1m4!2m3!1sCi9DQUlRQUNvZENodHljRjlvT2kxZlpGUnViVUZxWms5UmFuSmlWbkozTlhGSk1FRRAB!2m1!1s0x30e299053fcaa6ab:0xba66fccb8f25ff3a
ChIJq6bKPwWZ4jAROv8lj8v8Zro,鼓楼,ChdDSUhNMG9nS0VJQ0FnSURGamZYMDBBRRAB,5.0,曼谷鼓楼（拉达那哥欣王朝时期） 鼓楼建于1782年，拉玛一世国王（帕佛陀约法·朱拉洛克）统治时期，位于佛塔兰寺（后改名为切图蓬·维蒙曼卡拉兰寺）前的墓地中。 鼓楼共有四层，有时也只有三层（不包括底座）。塔高约42-50米（1森10瓦），顶部有五层尖顶，上面悬挂着三面重要的鼓。 最底层悬挂着直径82厘米、鼓面为水牛皮的“雅姆·帕·苏里亚西”鼓，用于向城墙内的居民报时。 第二层悬挂着直径60厘米、鼓面为牛皮的“阿卡皮纳”鼓。它曾被用来向民众发出火警信号。 顶层放置着皮卡特·佩里鼓，直径44厘米，一面是熊皮，另一面是虎皮。它曾被用来发出敌军逼近首都的信号。 1967年6月7日 目前正在进行翻修和重新粉刷。,zh-CN,Fri Jul 05 2024 23:44:13 GMT-0700 (Pacific Daylight Time),ChubbyArin,https://www.google.com/maps/reviews/data=!4m6!14m5!1m4!2m3!1sChdDSUhNMG9nS0VJQ0FnSURGamZYMDBBRRAB!2m1!1s0x30e299053fcaa6ab:0xba66fccb8f25ff3a
ChIJq6bKPwWZ4jAROv8lj8v8Zro,鼓楼,ChZDSUhNMG9nS0VJQ0FnSURCMDhLZ05REAE,5.0,它非常漂亮。鼓楼附近的标牌上写道：“鼓楼建于拉玛一世国王统治时期，即1782年。他下令建造的鼓楼仿照阿瑜陀耶王朝时期的鼓楼样式。鼓楼用于传递日常生活的各种信息。甚至佛教寺庙也会在日常宗教仪式中使用鼓楼上的鼓来发出信号。鼓楼最初由木头制成，漆成红色，共有三层，每层都悬挂着一个大鼓：第一层名为Yam Phra Surasi，用于报时；第二层名为Akki Phinath，用于发出火警信号；第三层名为Phikhat Phairi，用于发出战争信号。拉玛三世国王统治时期，鼓楼顶部由亭子改建为中式尖顶。后来，在拉玛四世国王统治时期，又恢复了原有的亭子样式。拉玛五世国王统治时期，为了修建昭切皇家公园，鼓楼被拆除。之后，鼓楼又被重建。” 1982年的原始风格。,zh-CN,Fri Jan 27 2023 20:56:36 GMT-0800 (Pacific Standard Time),อมรรัตน์ กองสุทธิ์ใจ,https://www.google.com/maps/reviews/data=!4m6!14m5!1m4!2m3!1sChZDSUhNMG9nS0VJQ0FnSURCMDhLZ05REAE!2m1!1s0x30e299053fcaa6ab:0xba66fccb8f25ff3a
ChIJq6bKPwWZ4jAROv8lj8v8Zro,鼓楼,ChZDSUhNMG9nS0VJQ0FnTUNRM1lqbktnEAE,5.0,鼓楼共有三层。 它曾用于敲鼓报时、救火和战争时期。它位于卧佛寺附近，色彩绚丽……❤️,zh-CN,Sat May 09 2026 05:49:26 GMT-0700 (Pacific Daylight Time),Tete Young,https://www.google.com/maps/reviews/data=!4m6!14m5!1m4!2m3!1sChZDSUhNMG9nS0VJQ0FnTUNRM1lqbktnEAE!2m1!1s0x30e299053fcaa6ab:0xba66fccb8f25ff3a
ChIJJyjuiQ-Z4jARzm79X0-DhkY,Mani Prakan Fort,Ci9DQUlRQUNvZENodHljRjlvT2pKV2MwNVBWWEJKY2xsblVrcENjSEpwUWtsaU5WRRAB,5.0,2026/5/12 15:56路过 因为是搭乘Grab，我们只看到白色的墙壁,zh-CN,Tue May 12 2026 01:58:18 GMT-0700 (Pacific Daylight Time),海大豹,https://www.google.com/maps/reviews/data=!4m6!14m5!1m4!2m3!1sCi9DQUlRQUNvZENodHljRjlvT2pKV2MwNVBWWEJKY2xsblVrcENjSEpwUWtsaU5WRRAB!2m1!1s0x30e2990f89ee2827:0x4686834f5ffd6ece
ChIJJyjuiQ-Z4jARzm79X0-DhkY,Mani Prakan Fort,Ci9DQUlRQUNvZENodHljRjlvT2tVMlJqRkZiSFpTYlZwUWIxSlFVRkptTFhwU2NsRRAB,5.0,马尼普拉卡恩堡，位于宫殿角落的炮台，与萨兰罗姆相对。,zh-CN,Wed Dec 17 2025 19:38:07 GMT-0800 (Pacific Standard Time),Tete Young,https://www.google.com/maps/reviews/data=!4m6!14m5!1m4!2m3!1sCi9DQUlRQUNvZENodHljRjlvT2tVMlJqRkZiSFpTYlZwUWIxSlFVRkptTFhwU2NsRRAB!2m1!1s0x30e2990f89ee2827:0x4686834f5ffd6ece
ChIJJyjuiQ-Z4jARzm79X0-DhkY,Mani Prakan Fort,ChdDSUhNMG9nS0VJQ0FnSUNqeU12YTNBRRAB,5.0,ป้อมท้ายวัง ต่อกับวัดโพธิ์ ฝั่งรักษาดินแดน....,th,Sat Oct 25 2025 04:41:38 GMT-0700 (Pacific Daylight Time),ChubbyArin,https://www.google.com/maps/reviews/data=!4m6!14m5!1m4!2m3!1sChdDSUhNMG9nS0VJQ0FnSUNqeU12YTNBRRAB!2m1!1s0x30e2990f89ee2827:0x4686834f5ffd6ece
ChIJJyjuiQ-Z4jARzm79X0-DhkY,Mani Prakan Fort,ChZDSUhNMG9nS0VJQ0FnSUNNODhlYkxBEAE,5.0,"Struttura angolare perfettamente conservata, tanto che probabilmente rinfrescano la vernice ogni pochi anni, anche perchè è veramente più pulita e brillante di quella di casa mia. Ormai penso che tutte queste strutture difensive lungo le mura del palazzo reale rivestano un carattere ornamentale e non siano più utilizzate da decenni. Rimane comunque ben inserita nel complesso.",it,Thu Dec 05 2019 00:38:53 GMT-0800 (Pacific Standard Time),Alessio Fauni,https://www.google.com/maps/reviews/data=!4m6!14m5!1m4!2m3!1sChZDSUhNMG9nS0VJQ0FnSUNNODhlYkxBEAE!2m1!1s0x30e2990f89ee2827:0x4686834f5ffd6ece
ChIJJyjuiQ-Z4jARzm79X0-DhkY,Mani Prakan Fort,ChZDSUhNMG9nS0VJQ0FnSURYdUkyVkpnEAE,5.0,大皇宫的防御工事是白色的。,zh-CN,Wed Oct 23 2024 17:51:23 GMT-0700 (Pacific Daylight Time),Yu ยุ Kong ก๋ง,https://www.google.com/maps/reviews/data=!4m6!14m5!1m4!2m3!1sChZDSUhNMG9nS0VJQ0FnSURYdUkyVkpnEAE!2m1!1s0x30e2990f89ee2827:0x4686834f5ffd6ece
ChIJv6TmBgqZ4jARXm7EaZAQnzQ,Old City Wall,ChdDSUhNMG9nS0VJQ0FnSURoaGFDdWpnRRAB,5.0,古城墙（毗邻马哈卡恩堡）。 这段城墙建于1780年代左右，我猜和马哈卡恩堡是同一时期建造的，大约有100米长。 它看起来像是最近翻新过，保存完好，厚度大约有2-3米。 它仍然与马哈卡恩堡相连，所以你可以很好地了解它昔日的风貌。 你也可以登上城墙，至少在我2023年3月9日去的时候是可以的。 我有一个YouTube频道，里面有我用无人机和普通相机拍摄的不同堡垒和碉堡的视频。 希望你能去看看🙂 用户名： Tomo 08swe,zh-CN,Sun Mar 12 2023 23:26:11 GMT-0700 (Pacific Daylight Time),Tomo 08swe,https://www.google.com/maps/reviews/data=!4m6!14m5!1m4!2m3!1sChdDSUhNMG9nS0VJQ0FnSURoaGFDdWpnRRAB!2m1!1s0x30e2990a06e6a4bf:0x349f109069c46e5e
ChIJv6TmBgqZ4jARXm7EaZAQnzQ,Old City Wall,ChZDSUhNMG9nS0VJQ0FnSURSeXQzUGRREAE,3.0,与玛哈坎堡相连的曼谷城墙，是如今仅存的部分。,zh-CN,Sat Apr 22 2023 08:17:21 GMT-0700 (Pacific Daylight Time),ChubbyArin,https://www.google.com/maps/reviews/data=!4m6!14m5!1m4!2m3!1sChZDSUhNMG9nS0VJQ0FnSURSeXQzUGRREAE!2m1!1s0x30e2990a06e6a4bf:0x349f109069c46e5e
ChIJv6TmBgqZ4jARXm7EaZAQnzQ,Old City Wall,ChZDSUhNMG9nS0VJQ0FnSUM3eXNtOEZnEAE,5.0,老城墙，僧王寺那里也有一个。,zh-CN,Wed Aug 14 2024 10:30:49 GMT-0700 (Pacific Daylight Time),河,https://www.google.com/maps/reviews/data=!4m6!14m5!1m4!2m3!1sChZDSUhNMG9nS0VJQ0FnSUM3eXNtOEZnEAE!2m1!1s0x30e2990a06e6a4bf:0x349f109069c46e5e
ChIJv6TmBgqZ4jARXm7EaZAQnzQ,Old City Wall,ChdDSUhNMG9nS0VLenRvc0wyMWY3WWpRRRAB,5.0,这是必须保护的东西。,zh-CN,Wed May 07 2025 03:36:39 GMT-0700 (Pacific Daylight Time),Kawin Suwantragul,https://www.google.com/maps/reviews/data=!4m6!14m5!1m4!2m3!1sChdDSUhNMG9nS0VLenRvc0wyMWY3WWpRRRAB!2m1!1s0x30e2990a06e6a4bf:0x349f109069c46e5e
ChIJv6TmBgqZ4jARXm7EaZAQnzQ,Old City Wall,ChdDSUhNMG9nS0VJQ0FnSUQ3dl9Ia2d3RRAB,5.0,很美丽。,zh-CN,Fri Aug 30 2024 05:35:54 GMT-0700 (Pacific Daylight Time),นันทวัน เม่นทอง,https://www.google.com/maps/reviews/data=!4m6!14m5!1m4!2m3!1sChdDSUhNMG9nS0VJQ0FnSUQ3dl9Ia2d3RRAB!2m1!1s0x30e2990a06e6a4bf:0x349f109069c46e5e
ChIJDwTQGw-Z4jARL1emEK5bYQI,Amarindra Winitchai Throne Hall,Ci9DQUlRQUNvZENodHljRjlvT2paZlRWZFdlV053WDFRMFIwTXhWR00wWldsSFNsRRAB,5.0,阿玛林·维尼猜王座厅 这座位于大皇宫内、具有重要历史意义且美轮美奂的地标建筑，以其精湛的泰式建筑风格和错综复杂的细节，淋漓尽致地展现了泰国艺术与文化的精髓。 它作为皇家觐见厅，用于举行重要的皇家仪式和接见活动，营造出庄严肃穆的历史氛围。 虽然无法近距离欣赏其内部的每一个细节，但从外部观赏，依然能感受到它的宏伟壮丽和优雅格调。对于历史爱好者、泰国艺术爱好者，或是仅仅想要拍摄这座国家级地标的游客来说，这里都是理想之选。 ⭐,zh-CN,Sun Mar 22 2026 09:18:13 GMT-0700 (Pacific Daylight Time),Omiiigod CJ.,https://www.google.com/maps/reviews/data=!4m6!14m5!1m4!2m3!1sCi9DQUlRQUNvZENodHljRjlvT2paZlRWZFdlV053WDFRMFIwTXhWR00wWldsSFNsRRAB!2m1!1s0x30e2990f1bd0040f:0x2615bae10a6572f
ChIJDwTQGw-Z4jARL1emEK5bYQI,Amarindra Winitchai Throne Hall,Ci9DQUlRQUNvZENodHljRjlvT25aYVQycG1UVE5HZG5WRU9WbHVjMjl3TlZRemVIYxAB,5.0,摩天宫殿群（หมู่พระมหามณเฑียร；Mu Phra Maha Monthian）地处大皇宫中央，有矮墙包围，曾是泰王的起居处，为泰国传统风格建筑。 摩天宫殿群是大皇宫内最重要的宫殿群，三座宫殿皆坐南朝北，建筑物之间有走廊连接，分别用于谒见大臣和外宾、举办典礼和生活起居。 摩天宫殿群始建于1785年，自拉玛二世（ยพระบาทสมเด็จพระพุทธเลิศหล้านภาลั；Rama II，1767年至1824年）以来，历代泰王都在这里加冕。 摩天宫殿群由拉玛三世（พระบาทสมเด็จพระนั่งเกล้าเจ้าอยู่หัว；Rama III，1788年至1851年）赐名，其一生大部分时光都在这里渡过，在世期间亦大加修缮。摩天宫殿群的正门仅供泰王出入，其他人只能从侧门进入。,zh-CN,Sat Jul 19 2025 19:27:36 GMT-0700 (Pacific Daylight Time),Chou Meizai (粗眉仔),https://www.google.com/maps/reviews/data=!4m6!14m5!1m4!2m3!1sCi9DQUlRQUNvZENodHljRjlvT25aYVQycG1UVE5HZG5WRU9WbHVjMjl3TlZRemVIYxAB!2m1!1s0x30e2990f1bd0040f:0x2615bae10a6572f
ChIJDwTQGw-Z4jARL1emEK5bYQI,Amarindra Winitchai Throne Hall,Ci9DQUlRQUNvZENodHljRjlvT2xoMVFWTm5kRkJUVkdWRFN6bFNjWGRhTVVkSlZHYxAB,5.0,一个充满魔力的地方——曼谷必游之地！ 参观大皇宫的王座厅是我泰国之旅的绝对亮点。建筑精美绝伦，极尽奢华——每一栋建筑本身都是一件艺术品。几个世纪前在这里创造的精湛工艺令人叹为观止。金碧辉煌的外墙与邻近寺庙中的玉佛形成鲜明对比，使这里独具魅力。小贴士：务必在上午前往，避开人潮和酷暑，并注意着装！绝对是一次难忘的体验。,zh-CN,Thu Apr 09 2026 02:59:27 GMT-0700 (Pacific Daylight Time),Jakob Hofer,https://www.google.com/maps/reviews/data=!4m6!14m5!1m4!2m3!1sCi9DQUlRQUNvZENodHljRjlvT2xoMVFWTm5kRkJUVkdWRFN6bFNjWGRhTVVkSlZHYxAB!2m1!1s0x30e2990f1bd0040f:0x2615bae10a6572f
ChIJDwTQGw-Z4jARL1emEK5bYQI,Amarindra Winitchai Throne Hall,ChZDSUhNMG9nS0VJQ0FnSURIeGVDeGNREAE,5.0,大殿的主入口就在这座提婆毗婆罗门旁。门上装饰着色彩斑斓的中国陶瓷，顶部是泰式尖顶。两侧是中国风格的雕像、神话中的武士和狮子。,zh-CN,Tue Sep 17 2024 22:04:46 GMT-0700 (Pacific Daylight Time),L Chan,https://www.google.com/maps/reviews/data=!4m6!14m5!1m4!2m3!1sChZDSUhNMG9nS0VJQ0FnSURIeGVDeGNREAE!2m1!1s0x30e2990f1bd0040f:0x2615bae10a6572f
ChIJDwTQGw-Z4jARL1emEK5bYQI,Amarindra Winitchai Throne Hall,ChdDSUhNMG9nS0VJQ0FnSUQzZ3Z2QnJ3RRAB,5.0,泰国大皇宫金碧辉煌，相当漂亮！,zh-CN,Wed Nov 13 2024 03:25:49 GMT-0800 (Pacific Standard Time),李秘書長,https://www.google.com/maps/reviews/data=!4m6!14m5!1m4!2m3!1sChdDSUhNMG9nS0VJQ0FnSUQzZ3Z2QnJ3RRAB!2m1!1s0x30e2990f1bd0040f:0x2615bae10a6572f
ChIJK10atQ-Z4jARCEGr-nAMMvs,Statue of King Rama IV,ChdDSUhNMG9nS0VJQ0FnTURvNV95cWtnRRAB,5.0,拉玛四世国王纪念碑位于其前方宽敞的广场上。纪念碑后面的建筑是清晰可见的沙兰隆宫。它坐落在沙南猜路（Sanam Chai Road）上，与大皇宫隔路相望，靠近玉佛寺（Wat Phra Kaew）。从玉佛寺步行即可轻松抵达。从纪念碑步行不远即可到达沙兰隆公园，这是一个环境优美、绿树成荫的公园。,zh-CN,Tue Apr 29 2025 10:20:12 GMT-0700 (Pacific Daylight Time),Gofu_Gif,https://www.google.com/maps/reviews/data=!4m6!14m5!1m4!2m3!1sChdDSUhNMG9nS0VJQ0FnTURvNV95cWtnRRAB!2m1!1s0x30e2990fb51a5d2b:0xfb320c70faab4108
ChIJK10atQ-Z4jARCEGr-nAMMvs,Statue of King Rama IV,Ci9DQUlRQUNvZENodHljRjlvT25oR2VWaHRka2s1YW5kMmMwVlBZMGRwUmtKQlNFRRAB,5.0,หน้าวังสราญรมย์ ตรงข้ามวัดพระแห้ว อนุเสาวรี ร.4 อยู่นอกรั้ว สามารถเข้าไปไหว้ได้ ด้านหน้ามีต้นไม้ใหญ่ร่มรื่น มีกระรอกและนกพิราบให้ดูเล่น มาเช้าๆจะดีมาก เพราะโซนตรงนี้แดดแรงมาก ร่มก็แทบเอาไม่อยู่ ครีมกันแดดคือสิ่งที่สำคัญ,th,Sat Aug 02 2025 00:38:15 GMT-0700 (Pacific Daylight Time),Suruchratha - Ch,https://www.google.com/maps/reviews/data=!4m6!14m5!1m4!2m3!1sCi9DQUlRQUNvZENodHljRjlvT25oR2VWaHRka2s1YW5kMmMwVlBZMGRwUmtKQlNFRRAB!2m1!1s0x30e2990fb51a5d2b:0xfb320c70faab4108
ChIJK10atQ-Z4jARCEGr-nAMMvs,Statue of King Rama IV,Ci9DQUlRQUNvZENodHljRjlvT2s4MGQwb3dTREJDTlVOZmJGcENYMHhmYUd4bmJVRRAB,5.0,萨兰隆宫和蒙固王（拉玛四世）纪念碑,zh-CN,Sat May 02 2026 01:11:39 GMT-0700 (Pacific Daylight Time),Niran Tree,https://www.google.com/maps/reviews/data=!4m6!14m5!1m4!2m3!1sCi9DQUlRQUNvZENodHljRjlvT2s4MGQwb3dTREJDTlVOZmJGcENYMHhmYUd4bmJVRRAB!2m1!1s0x30e2990fb51a5d2b:0xfb320c70faab4108
ChIJK10atQ-Z4jARCEGr-nAMMvs,Statue of King Rama IV,ChZDSUhNMG9nS0VJQ0FnSUNodHM3c0ZnEAE,5.0,我前来瞻仰蒙固王（拉玛四世）的纪念碑…… 这座雕像比真人高出两倍，位于沙兰隆宫前。沙兰隆宫是蒙固王下令建造的私人住所，但在他去世前并未完工。拉玛五世即位后，下令完成沙兰隆宫的建造，之后又将其改作他用。 我再次路过这里，便停下来拍了几张照片。,zh-CN,Sun Apr 28 2024 03:24:44 GMT-0700 (Pacific Daylight Time),ChubbyArin,https://www.google.com/maps/reviews/data=!4m6!14m5!1m4!2m3!1sChZDSUhNMG9nS0VJQ0FnSUNodHM3c0ZnEAE!2m1!1s0x30e2990fb51a5d2b:0xfb320c70faab4108
ChIJK10atQ-Z4jARCEGr-nAMMvs,Statue of King Rama IV,ChZDSUhNMG9nS0VJQ0FnSURqaGEta013EAE,5.0,拉达那哥欣王国国王蒙固（拉玛四世）的皇家纪念碑，位于萨兰隆宫前。,zh-CN,Sun May 05 2024 05:15:03 GMT-0700 (Pacific Daylight Time),arinrada_ruk,https://www.google.com/maps/reviews/data=!4m6!14m5!1m4!2m3!1sChZDSUhNMG9nS0VJQ0FnSURqaGEta013EAE!2m1!1s0x30e2990fb51a5d2b:0xfb320c70faab4108
ChIJpYTP2-iZ4jARE5xeXAnWiOM,Ananta Khiri Fort,Ci9DQUlRQUNvZENodHljRjlvT2pOaU9GbE9XR2RyVW1zMlRuRlNXV0pYVjA5M0xXYxAB,5.0,这些地方充满了诉说过往故事的角落，等待着人们去发现。偶然邂逅一座历史建筑或一个传统市场，总是令人欣喜不已。探索这些地方，让我们能够以一种有意义的方式与这座城市的悠久历史建立联系。我希望每个人都有机会亲身感受这些隐藏的瑰宝！,zh-CN,Mon Aug 25 2025 21:55:09 GMT-0700 (Pacific Daylight Time),Duy Ton,https://www.google.com/maps/reviews/data=!4m6!14m5!1m4!2m3!1sCi9DQUlRQUNvZENodHljRjlvT2pOaU9GbE9XR2RyVW1zMlRuRlNXV0pYVjA5M0xXYxAB!2m1!1s0x30e299e8dbcf84a5:0xe388d6095c5e9c13
ChIJpYTP2-iZ4jARE5xeXAnWiOM,Ananta Khiri Fort,ChZDSUhNMG9nS0VJQ0FnTUNJdnJiZVlnEAE,5.0,✨ 这是一座位于大皇宫东侧的大型炮台。 ⭐️ 这是一座简洁、干净的白色两层堡垒。,zh-CN,Wed Apr 02 2025 02:29:02 GMT-0700 (Pacific Daylight Time),JT.,https://www.google.com/maps/reviews/data=!4m6!14m5!1m4!2m3!1sChZDSUhNMG9nS0VJQ0FnTUNJdnJiZVlnEAE!2m1!1s0x30e299e8dbcf84a5:0xe388d6095c5e9c13
ChIJpYTP2-iZ4jARE5xeXAnWiOM,Ananta Khiri Fort,ChdDSUhNMG9nS0VJQ0FnSUNqeUp2cDRBRRAB,5.0,这座古朴风格的塔楼，原本有屋顶，但后来被拆除了，它有着优美的极简主义设计。,zh-CN,Thu Apr 24 2025 22:27:07 GMT-0700 (Pacific Daylight Time),ChubbyArin,https://www.google.com/maps/reviews/data=!4m6!14m5!1m4!2m3!1sChdDSUhNMG9nS0VJQ0FnSUNqeUp2cDRBRRAB!2m1!1s0x30e299e8dbcf84a5:0xe388d6095c5e9c13
ChIJpYTP2-iZ4jARE5xeXAnWiOM,Ananta Khiri Fort,Ci9DQUlRQUNvZENodHljRjlvT25GWGRYRjZjRlpCU2pVeVlrTmpZbWRJUTA4eFpGRRAB,5.0,阿南塔·基里堡是一座非常美丽的堡垒，里面有很多大炮。,zh-CN,Tue Jan 13 2026 19:01:04 GMT-0800 (Pacific Standard Time),Sailor Mars,https://www.google.com/maps/reviews/data=!4m6!14m5!1m4!2m3!1sCi9DQUlRQUNvZENodHljRjlvT25GWGRYRjZjRlpCU2pVeVlrTmpZbWRJUTA4eFpGRRAB!2m1!1s0x30e299e8dbcf84a5:0xe388d6095c5e9c13
ChIJpYTP2-iZ4jARE5xeXAnWiOM,Ananta Khiri Fort,ChZDSUhNMG9nS0VJQ0FnSUNNODhmbVZnEAE,5.0,它的建筑风格和线性布局强烈地让人联想起19世纪英国殖民时期的风格，以及当时建造的防御工事，尤其是在港口附近，后来这些工事甚至被密集的炮台所环绕。我认为那个年代和那种文化的影响在这里显而易见。一切都保存得非常完好，在皇家宫殿的围墙内熠熠生辉。,zh-CN,Thu Dec 05 2019 00:36:50 GMT-0800 (Pacific Standard Time),Alessio Fauni,https://www.google.com/maps/reviews/data=!4m6!14m5!1m4!2m3!1sChZDSUhNMG9nS0VJQ0FnSUNNODhmbVZnEAE!2m1!1s0x30e299e8dbcf84a5:0xe388d6095c5e9c13
ChIJyYc2LhCZ4jAR9qdybhMZ_P4,Pi Kun Bridge,Ci9DQUlRQUNvZENodHljRjlvT2pKMFRFUmpPRmxpUlZSaFNXbDNWMFk1YVMxVU5GRRAB,5.0,สะพานข้ามคลองคูเมืองเดิม สะพานที่ไม่เล็ก ไม่ใหญ่ แต่สวยสะดุดตา สีขาว ราวสีเขียว ใกล้กับอนุเสาวรีหมู ดูดีๆ เพราะไม่ค่อยใหญ่เท่าไหร่ และมีศาลาบังไว้ มาเช้าๆจะดีกว่า เพราะบริเวณนั้นไม่ค่อยมีร่ม,th,Sat Aug 02 2025 00:54:41 GMT-0700 (Pacific Daylight Time),Suruchratha - Ch,https://www.google.com/maps/reviews/data=!4m6!14m5!1m4!2m3!1sCi9DQUlRQUNvZENodHljRjlvT2pKMFRFUmpPRmxpUlZSaFNXbDNWMFk1YVMxVU5GRRAB!2m1!1s0x30e299102e3687c9:0xfefc19136e72a7f6
ChIJyYc2LhCZ4jAR9qdybhMZ_P4,Pi Kun Bridge,Ci9DQUlRQUNvZENodHljRjlvT2pNMmMzRTVNbEJYVDFwQlVGaFZVWFJOWDBabVRHYxAB,4.0,拉差帕拉迪斯坦寺前的猪桥横跨古城护城河。这座桥虽小，但西式建筑风格、白色桥墙和绿色点缀使其格外引人注目。它位于猪纪念碑附近。,zh-CN,Tue Nov 18 2025 09:04:41 GMT-0800 (Pacific Standard Time),Tete Young,https://www.google.com/maps/reviews/data=!4m6!14m5!1m4!2m3!1sCi9DQUlRQUNvZENodHljRjlvT2pNMmMzRTVNbEJYVDFwQlVGaFZVWFJOWDBabVRHYxAB!2m1!1s0x30e299102e3687c9:0xfefc19136e72a7f6
ChIJyYc2LhCZ4jAR9qdybhMZ_P4,Pi Kun Bridge,Ci9DQUlRQUNvZENodHljRjlvT2xwR0xXZFpjWE50Wmt0cE16WjZkbFE0WDBvM2RuYxAB,5.0,สะพานปีกุน เป็นสะพานข้ามคลองคูเมืองเดิมหน้าวัดราชบพิธอยู่ใกล้ๆอนุสาวรีย์หมู ใช้ข้ามไปมาระหว่างวัดราชประดิษฐ◌าราม และวัดราชบพิธสถิตมหาสีมาราม ตัวสะพานสีขาวเรียบง่าย สไตล์ยุโรป,th,Tue Oct 21 2025 06:44:38 GMT-0700 (Pacific Daylight Time),Sailor Mars,https://www.google.com/maps/reviews/data=!4m6!14m5!1m4!2m3!1sCi9DQUlRQUNvZENodHljRjlvT2xwR0xXZFpjWE50Wmt0cE16WjZkbFE0WDBvM2RuYxAB!2m1!1s0x30e299102e3687c9:0xfefc19136e72a7f6
ChIJyYc2LhCZ4jAR9qdybhMZ_P4,Pi Kun Bridge,ChZDSUhNMG9nS0VJQ0FnSURqaHFlUUZnEAE,5.0,这是一座横跨运河的桥梁，为纪念拉玛五世国王的王后斯里·帕查琳德拉（Sri Patcharindra）的四周年诞辰而建。 它位于拉差波披寺（Wat Ratchabophit）和拉差帕迪坦寺（Wat Ratchapraditthan）之间，方便人们往返。🌁,zh-CN,Sat Oct 18 2025 21:11:06 GMT-0700 (Pacific Daylight Time),ChubbyArin,https://www.google.com/maps/reviews/data=!4m6!14m5!1m4!2m3!1sChZDSUhNMG9nS0VJQ0FnSURqaHFlUUZnEAE!2m1!1s0x30e299102e3687c9:0xfefc19136e72a7f6
ChIJyYc2LhCZ4jAR9qdybhMZ_P4,Pi Kun Bridge,ChZDSUhNMG9nS0VJQ0FnSUNIa0t2YlRREAE,4.0,猪桥（Pi Kun Bridge），又称猪桥，由拉玛五世国王的王后斯里·帕查林德拉巴罗米拉塔纳（Sri Patcharindrabaromiratana）于1911年（佛历2454年）建造。她捐资兴建此桥，以纪念她1911年的第四个轮回生日（40岁生日）。这座桥横跨旧城护城河，位于拉差波披寺（Wat Ratchabophit Sathit Mahasimararam）和内政部大楼前，是行人过河的通道。 猪桥是一座钢筋混凝土桥，桥身设有纵向的铁栏杆，栏杆间穿插着混凝土桥墩。虽然桥身外观简洁，却蕴含着许多精妙之处。桥墩底部两侧各有四根凹槽混凝土桥墩，象征着王后生日时点燃的蜡烛。桥墩顶部雕刻着杯状装饰和花环，每个装饰和花环上都有四个椭圆形圆环，代表着王后人生的四个轮回。桥梁两侧的引道均设有半圆形楼梯，每条楼梯有六级台阶。,zh-CN,Fri Aug 30 2024 19:57:12 GMT-0700 (Pacific Daylight Time),Osiris Pluto,https://www.google.com/maps/reviews/data=!4m6!14m5!1m4!2m3!1sChZDSUhNMG9nS0VJQ0FnSUNIa0t2YlRREAE!2m1!1s0x30e299102e3687c9:0xfefc19136e72a7f6
ChIJWXb2JtWZ4jARyzMDt-z_7VQ,Observation Tower,ChdDSUhNMG9nS0VJQ0FnSUNwbGNHaTJ3RRAB,5.0,厉害的健身公园，每个人进去都是运动的，跳舞，球类，健身房的健身器材直接在公园里。广场舞的跳法也是厉害，一律九点关园，就很安静了。听到泰国国歌，人民自动停止动作，吓一跳，大家好爱自己国家，很尊崇啊。 免费参观,zh-CN,Mon Aug 07 2023 08:43:42 GMT-0700 (Pacific Daylight Time),李Milly,https://www.google.com/maps/reviews/data=!4m6!14m5!1m4!2m3!1sChdDSUhNMG9nS0VJQ0FnSUNwbGNHaTJ3RRAB!2m1!1s0x30e299d526f67659:0x54edffecb70333cb
ChIJWXb2JtWZ4jARyzMDt-z_7VQ,Observation Tower,ChZDSUhNMG9nS0VJQ0FnSUREMWJHUGFBEAE,5.0,这是一个不错的公园，有运动场、大片绿地、水体和喷泉。,zh-CN,Fri Apr 12 2024 05:34:48 GMT-0700 (Pacific Daylight Time),Li St,https://www.google.com/maps/reviews/data=!4m6!14m5!1m4!2m3!1sChZDSUhNMG9nS0VJQ0FnSUREMWJHUGFBEAE!2m1!1s0x30e299d526f67659:0x54edffecb70333cb
ChIJWXb2JtWZ4jARyzMDt-z_7VQ,Observation Tower,Ci9DQUlRQUNvZENodHljRjlvT2tSS09FTjZkMHB0TWsxWmFuTkdNbEZoV0daQldFRRAB,5.0,美丽的花园，宜人的氛围。,zh-CN,Fri Jan 09 2026 02:03:09 GMT-0800 (Pacific Standard Time),ขยันเที่ยว,https://www.google.com/maps/reviews/data=!4m6!14m5!1m4!2m3!1sCi9DQUlRQUNvZENodHljRjlvT2tSS09FTjZkMHB0TWsxWmFuTkdNbEZoV0daQldFRRAB!2m1!1s0x30e299d526f67659:0x54edffecb70333cb
ChIJWXb2JtWZ4jARyzMDt-z_7VQ,Observation Tower,Ci9DQUlRQUNvZENodHljRjlvT25KRVdEZHdWRXh3VnpCd2VqSjNWWHBKZEd4ck1IYxAB,5.0,Free park with an excellent outdoor gym and public toilets.,en,Sun Aug 31 2025 21:36:41 GMT-0700 (Pacific Daylight Time),George Scoggin,https://www.google.com/maps/reviews/data=!4m6!14m5!1m4!2m3!1sCi9DQUlRQUNvZENodHljRjlvT25KRVdEZHdWRXh3VnpCd2VqSjNWWHBKZEd4ck1IYxAB!2m1!1s0x30e299d526f67659:0x54edffecb70333cb
ChIJWXb2JtWZ4jARyzMDt-z_7VQ,Observation Tower,ChdDSUhNMG9nS0VJQ0FnSURsOTZXdXVnRRAB,5.0,美丽的,zh-CN,Mon Dec 04 2023 04:15:37 GMT-0800 (Pacific Standard Time),art tour eat & cafe,https://www.google.com/maps/reviews/data=!4m6!14m5!1m4!2m3!1sChdDSUhNMG9nS0VJQ0FnSURsOTZXdXVnRRAB!2m1!1s0x30e299d526f67659:0x54edffecb70333cb
ChIJGYQ4Wk6Z4jARnX8CqcZ3YhA,Phimanchaisri Gate,Ci9DQUlRQUNvZENodHljRjlvT2pScU1IZENUV2wzTFdndFVGZHpaa0ZwVlc5b2JrRRAB,5.0,在此等人,zh,Wed Feb 18 2026 21:06:43 GMT-0800 (Pacific Standard Time),Sam Yang,https://www.google.com/maps/reviews/data=!4m6!14m5!1m4!2m3!1sCi9DQUlRQUNvZENodHljRjlvT2pScU1IZENUV2wzTFdndFVGZHpaa0ZwVlc5b2JrRRAB!2m1!1s0x30e2994e5a388419:0x106277c6a9027f9d
ChIJGYQ4Wk6Z4jARnX8CqcZ3YhA,Phimanchaisri Gate,ChdDSUhNMG9nS0VJQ0FnSURabEozZHNRRRAB,4.0,这里风景优美，历史文化底蕴深厚。请注意遮盖肩膀和腿部，留意需要脱鞋的地方，并注意哪些地方禁止拍照。我建议选择凉爽的日子前往，因为我们去的那天阳光非常强烈。总体来说，这是一次很棒的体验。,zh-CN,Sun Sep 24 2023 22:56:55 GMT-0700 (Pacific Daylight Time),Natasha W,https://www.google.com/maps/reviews/data=!4m6!14m5!1m4!2m3!1sChdDSUhNMG9nS0VJQ0FnSURabEozZHNRRRAB!2m1!1s0x30e2994e5a388419:0x106277c6a9027f9d
ChIJGYQ4Wk6Z4jARnX8CqcZ3YhA,Phimanchaisri Gate,ChdDSUhNMG9nS0VJQ0FnSURueWFDWW9RRRAB,5.0,ประตูพิมานไชยศรี จะตรงกับประตูวิเศษไชยศรีซึ่งเดืมใช้เปนจุดทางเข้าพระบรมมหาราชวัง... เป็นประตูที่เป็นส่วนเชื่อมระหว่างส่วนหน้า และส่วนในของพระบรมมหาราชวัง...เดิมเคยใช้เปนจุดที่เดินออก...ปัจจุบันเปนเส้นทางเดินใหม่แล้ว,th,Sun Oct 06 2024 23:38:07 GMT-0700 (Pacific Daylight Time),ChubbyArin,https://www.google.com/maps/reviews/data=!4m6!14m5!1m4!2m3!1sChdDSUhNMG9nS0VJQ0FnSURueWFDWW9RRRAB!2m1!1s0x30e2994e5a388419:0x106277c6a9027f9d
ChIJGYQ4Wk6Z4jARnX8CqcZ3YhA,Phimanchaisri Gate,ChZDSUhNMG9nS0VJQ0FnTUNRME5iUlhnEAE,5.0,体验美丽的泰国建筑和文化,zh-CN,Fri Feb 28 2025 23:28:15 GMT-0800 (Pacific Standard Time),wonsang lee,https://www.google.com/maps/reviews/data=!4m6!14m5!1m4!2m3!1sChZDSUhNMG9nS0VJQ0FnTUNRME5iUlhnEAE!2m1!1s0x30e2994e5a388419:0x106277c6a9027f9d
ChIJGYQ4Wk6Z4jARnX8CqcZ3YhA,Phimanchaisri Gate,ChdDSUhNMG9nS0VJQ0FnSUQ5OC0yMnBBRRAB,5.0,值的一来的庙宇,zh-CN,Wed Mar 20 2024 16:12:26 GMT-0700 (Pacific Daylight Time),廖泰甯,https://www.google.com/maps/reviews/data=!4m6!14m5!1m4!2m3!1sChdDSUhNMG9nS0VJQ0FnSUQ5OC0yMnBBRRAB!2m1!1s0x30e2994e5a388419:0x106277c6a9027f9d
ChIJB_ujkgWZ4jAR3fSOXSRI7zU,The Onkarak Gate,ChZDSUhNMG9nS0VJQ0FnSURqc2NYM0lBEAE,5.0,ประตูอนงคารักษ์ 1 ในหลายๆประตูของพระบรมมหาราชวัง อยู่ติดกันป้อมภูผาสุทัศน์ ตรงข้ามกับวิหารพระนอนของวัดโพธิ์,th,Sat May 04 2024 05:57:39 GMT-0700 (Pacific Daylight Time),ChubbyArin,https://www.google.com/maps/reviews/data=!4m6!14m5!1m4!2m3!1sChZDSUhNMG9nS0VJQ0FnSURqc2NYM0lBEAE!2m1!1s0x30e2990592a3fb07:0x35ef48245d8ef4dd
ChIJB_ujkgWZ4jAR3fSOXSRI7zU,The Onkarak Gate,ChdDSUhNMG9nS0VJQ0FnSUNRMTg2Y3VBRRAB,4.0,1ในประตูหลายๆประตูของพระบรมมหาราชวัง อยู่ติดกันป้อมภูผาสุทัศน์,th,Sat Sep 02 2017 03:38:18 GMT-0700 (Pacific Daylight Time),Paradorn Tonthong,https://www.google.com/maps/reviews/data=!4m6!14m5!1m4!2m3!1sChdDSUhNMG9nS0VJQ0FnSUNRMTg2Y3VBRRAB!2m1!1s0x30e2990592a3fb07:0x35ef48245d8ef4dd
ChIJB_ujkgWZ4jAR3fSOXSRI7zU,The Onkarak Gate,Ci9DQUlRQUNvZENodHljRjlvT2pZelYzWXpXa05rUXpBeVJXZExXVkJvTkVveWNFRRAB,4.0,其中一个主要入口,zh-CN,Mon Mar 09 2026 21:18:59 GMT-0700 (Pacific Daylight Time),Kanchana.Saewang,https://www.google.com/maps/reviews/data=!4m6!14m5!1m4!2m3!1sCi9DQUlRQUNvZENodHljRjlvT2pZelYzWXpXa05rUXpBeVJXZExXVkJvTkVveWNFRRAB!2m1!1s0x30e2990592a3fb07:0x35ef48245d8ef4dd
ChIJB_ujkgWZ4jAR3fSOXSRI7zU,The Onkarak Gate,Ci9DQUlRQUNvZENodHljRjlvT21kNExYcExkR3h2ZEY5c1pUTTVhSFZaZUdoWWIyYxAB,3.0,令人失望的大门,zh-CN,Mon Mar 23 2026 22:26:37 GMT-0700 (Pacific Daylight Time),Barney Bittner,https://www.google.com/maps/reviews/data=!4m6!14m5!1m4!2m3!1sCi9DQUlRQUNvZENodHljRjlvT21kNExYcExkR3h2ZEY5c1pUTTVhSFZaZUdoWWIyYxAB!2m1!1s0x30e2990592a3fb07:0x35ef48245d8ef4dd
ChIJB_ujkgWZ4jAR3fSOXSRI7zU,The Onkarak Gate,ChdDSUhNMG9nS0VJQ0FnTUNnbmJDXzVBRRAB,5.0,,,Wed Feb 19 2025 17:42:14 GMT-0800 (Pacific Standard Time),Berin N.,https://www.google.com/maps/reviews/data=!4m6!14m5!1m4!2m3!1sChdDSUhNMG9nS0VJQ0FnTUNnbmJDXzVBRRAB!2m1!1s0x30e2990592a3fb07:0x35ef48245d8ef4dd
ChIJD6VQiReZ4jARqC9Gd1jQKWs,"หลักอนุสรณ์ ""ที่เกิดภาพยนตร์ในสยาม""",ChdDSUhNMG9nS0VJQ0FnSUNDbEsyVnV3RRAB,4.0,暹罗电影诞生纪念碑 这座纪念碑位于三耀轻轨站（Sam Yot BTS）1号出口附近。出站后，您会看到美丽华酒店（Miramar Hotel）。左侧有一棵巨大的菩提树，纪念碑就坐落在这棵菩提树下。 在拉玛五世国王统治时期，这里曾是阿朗卡恩王子（Prince Alangkarn）的剧院，于1894年开业。这是电影首次在此放映，并收取门票。 为纪念泰国电影诞生一百周年，泰国电影基金会在阿努颂蒙科卡恩公主殿下的赞助下，建造了这座纪念碑，以纪念电影在暹罗的首次亮相。,zh-CN,Wed Aug 12 2020 12:34:42 GMT-0700 (Pacific Daylight Time),horsupawut jantasaro,https://www.google.com/maps/reviews/data=!4m6!14m5!1m4!2m3!1sChdDSUhNMG9nS0VJQ0FnSUNDbEsyVnV3RRAB!2m1!1s0x30e299178950a50f:0x6b29d05877462fa8
ChIJD6VQiReZ4jARqC9Gd1jQKWs,"หลักอนุสรณ์ ""ที่เกิดภาพยนตร์ในสยาม""",ChZDSUhNMG9nS0VJQ0FnSUNlMHRiemJnEAE,5.0,古迹,zh-CN,Sat Sep 10 2022 01:47:46 GMT-0700 (Pacific Daylight Time),Tawee Impoolsup,https://www.google.com/maps/reviews/data=!4m6!14m5!1m4!2m3!1sChZDSUhNMG9nS0VJQ0FnSUNlMHRiemJnEAE!2m1!1s0x30e299178950a50f:0x6b29d05877462fa8
ChIJW89rWg6Z4jAR4kT332A0obQ,Chai Chumphon Hall,ChZDSUhNMG9nS0VJQ0FnSURqc01EZElBEAE,5.0,猜春蓬王座厅位于大皇宫东墙，在皇家田广场路（Sanam Chai Road）上，与帕斯里拉达那萨萨达拉姆寺（Wat Phra Sri Rattana Satsadaram）的佛殿（Ubosot）隔街相望。这是一座单层亭阁，宽4.75米，长8.70米，屋顶为两层铅瓦，饰有尖顶、檐板和天鹅尾饰。蒙固国王下令建造此厅，用作皇家住所，以便观看“三叶草节”（Triyampavai）皇家仪式中帕亚钦查（Phraya Chingcha）的游行，并监督士兵的训练。[1] 此外，朱拉隆功国王于1880年下令在此王座厅举行向暹罗提瓦提拉（Phra Siam Thewathirat）和其他神灵献祭的皇家仪式，次年将仪式移至派山他信王座厅（Phaisan Thaksin Throne Hall）。……✨✨✨,zh-CN,Thu Sep 18 2025 01:34:48 GMT-0700 (Pacific Daylight Time),ChubbyArin,https://www.google.com/maps/reviews/data=!4m6!14m5!1m4!2m3!1sChZDSUhNMG9nS0VJQ0FnSURqc01EZElBEAE!2m1!1s0x30e2990e5a6bcf5b:0xb4a13460dff744e2
ChIJW89rWg6Z4jAR4kT332A0obQ,Chai Chumphon Hall,ChdDSUhNMG9nS0VJQ0FnSURqaFlfLTBBRRAB,5.0,大皇宫墙上还有另一个观景台，是观看历史阅兵式的绝佳地点。太美了。,zh-CN,Fri May 10 2024 05:33:35 GMT-0700 (Pacific Daylight Time),arinrada_ruk,https://www.google.com/maps/reviews/data=!4m6!14m5!1m4!2m3!1sChdDSUhNMG9nS0VJQ0FnSURqaFlfLTBBRRAB!2m1!1s0x30e2990e5a6bcf5b:0xb4a13460dff744e2
ChIJW89rWg6Z4jAR4kT332A0obQ,Chai Chumphon Hall,ChdDSUhNMG9nS0VJQ0FnTURvMFBEX2x3RRAB,5.0,หากเดินมาจากวัดโพธิ์​ จะเจอพระที่นั่งสุทไธสวรรย์ปราสาท ก่อนถึงจะเจอพระที่นั่งไชยชุมพล,th,Mon Apr 21 2025 03:59:55 GMT-0700 (Pacific Daylight Time),Nattapol Panchee,https://www.google.com/maps/reviews/data=!4m6!14m5!1m4!2m3!1sChdDSUhNMG9nS0VJQ0FnTURvMFBEX2x3RRAB!2m1!1s0x30e2990e5a6bcf5b:0xb4a13460dff744e2
ChIJW89rWg6Z4jAR4kT332A0obQ,Chai Chumphon Hall,Ci9DQUlRQUNvZENodHljRjlvT2xsWFRXTTNTa3N6YWtWWlJtdG9XSFZ3UWpkMmFYYxAB,5.0,泰国大皇宫很壮观，如果私人旅游或自由行来这里的话，建议可以找导游介绍会对泰国的建筑和历史有更多认识，里面不能使用自拍棒，会有军人检查，来参观记得戴帽子和水，因为真的很热，衣服不能袒胸露臂，其他的一般穿着都可以,zh-CN,Thu Oct 23 2025 07:50:01 GMT-0700 (Pacific Daylight Time),hawayana,https://www.google.com/maps/reviews/data=!4m6!14m5!1m4!2m3!1sCi9DQUlRQUNvZENodHljRjlvT2xsWFRXTTNTa3N6YWtWWlJtdG9XSFZ3UWpkMmFYYxAB!2m1!1s0x30e2990e5a6bcf5b:0xb4a13460dff744e2
ChIJW89rWg6Z4jAR4kT332A0obQ,Chai Chumphon Hall,Ci9DQUlRQUNvZENodHljRjlvT25wMlIyVXliVGRKUmpka2VYVTROalIzYzNaUmRVRRAB,5.0,柴春蓬王座厅,zh-CN,Thu Dec 18 2025 07:36:40 GMT-0800 (Pacific Standard Time),Tete Young,https://www.google.com/maps/reviews/data=!4m6!14m5!1m4!2m3!1sCi9DQUlRQUNvZENodHljRjlvT25wMlIyVXliVGRKUmpka2VYVTROalIzYzNaUmRVRRAB!2m1!1s0x30e2990e5a6bcf5b:0xb4a13460dff744e2
ChIJaduyMh-Z4jARFamufeP78y8,Queen Sunanda Kumariratana Monument,Ci9DQUlRQUNvZENodHljRjlvT2pWMlMybFNaVU5rVDNONk0yMWtNSGhoUVdSTFVsRRAB,5.0,这是一个绿树成荫、宁静祥和的公园和运动场所，有士兵执勤，安全无虞。公园中央矗立着一座纪念碑，缅怀在海难中丧生的女王；您可以前往那里表达敬意，无需携带鲜花、香烛或蜡烛，从而减轻清理工作的负担。,zh-CN,Sat Aug 02 2025 00:46:34 GMT-0700 (Pacific Daylight Time),Suruchratha - Ch,https://www.google.com/maps/reviews/data=!4m6!14m5!1m4!2m3!1sCi9DQUlRQUNvZENodHljRjlvT2pWMlMybFNaVU5rVDNONk0yMWtNSGhoUVdSTFVsRRAB!2m1!1s0x30e2991f32b2db69:0x2ff3fbe37daea915
ChIJaduyMh-Z4jARFamufeP78y8,Queen Sunanda Kumariratana Monument,ChdDSUhNMG9nS0VJQ0FnSUNEeDlUUWl3RRAB,5.0,这座纪念碑是为了纪念在海难中丧生的年轻女王而建。 其建筑风格以一座精美的五层白色大理石尖顶为特色，规模不大。,zh-CN,Mon Jun 09 2025 06:02:29 GMT-0700 (Pacific Daylight Time),ChubbyArin,https://www.google.com/maps/reviews/data=!4m6!14m5!1m4!2m3!1sChdDSUhNMG9nS0VJQ0FnSUNEeDlUUWl3RRAB!2m1!1s0x30e2991f32b2db69:0x2ff3fbe37daea915
ChIJaduyMh-Z4jARFamufeP78y8,Queen Sunanda Kumariratana Monument,ChZDSUhNMG9nS0VJQ0FnSUMtdmFxQUNBEAE,5.0,这是一座令人动容的纪念碑，因为这位年轻的王后年仅21岁，怀着身孕，与她2岁的女儿一同溺水身亡。1881年，除了国王之外，任何人都不允许触碰王后。拉玛五世从此一蹶不振。,zh-CN,Fri Nov 11 2022 02:58:13 GMT-0800 (Pacific Standard Time),Béatrice De Nève,https://www.google.com/maps/reviews/data=!4m6!14m5!1m4!2m3!1sChZDSUhNMG9nS0VJQ0FnSUMtdmFxQUNBEAE!2m1!1s0x30e2991f32b2db69:0x2ff3fbe37daea915
ChIJaduyMh-Z4jARFamufeP78y8,Queen Sunanda Kumariratana Monument,Ci9DQUlRQUNvZENodHljRjlvT2psRWRsOTVhblF6ZEVreGFuY3RZbTFQV25weGNYYxAB,5.0,苏南莎·库玛丽拉特女王纪念碑,zh-CN,Tue Mar 10 2026 20:44:36 GMT-0700 (Pacific Daylight Time),arinrada_ruk,https://www.google.com/maps/reviews/data=!4m6!14m5!1m4!2m3!1sCi9DQUlRQUNvZENodHljRjlvT2psRWRsOTVhblF6ZEVreGFuY3RZbTFQV25weGNYYxAB!2m1!1s0x30e2991f32b2db69:0x2ff3fbe37daea915
ChIJaduyMh-Z4jARFamufeP78y8,Queen Sunanda Kumariratana Monument,Ci9DQUlRQUNvZENodHljRjlvT25oVVJVdGxlbGhuT0U1SFYwVjBiRTgyWm5CU1NFRRAB,5.0,一座高棉风格的宝塔状纪念碑，位于公园的中心位置。,zh-CN,Tue Jan 06 2026 23:34:02 GMT-0800 (Pacific Standard Time),THAI SANPO FUJII,https://www.google.com/maps/reviews/data=!4m6!14m5!1m4!2m3!1sCi9DQUlRQUNvZENodHljRjlvT25oVVJVdGxlbGhuT0U1SFYwVjBiRTgyWm5CU1NFRRAB!2m1!1s0x30e2991f32b2db69:0x2ff3fbe37daea915
ChIJgcxFcQWZ4jARLsIR9Qia9H0,卧佛寺,Ci9DQUlRQUNvZENodHljRjlvT2kxbFJHeGZNWFJ6Y21Odk0ycFNVeTFYVDNac1JWRRAB,4.0,不错的地方，庙本身不是很大，这家寺庙的最大亮点应该是里面的卧佛雕像，仔细看的话佛像的脚底有非常繁复的图案，用非常漂亮的贝壳渐变色描绘。墙壁上的绘画也非常精美。景区内不推荐去里面的商店买任何东西，包括水，物价高的离谱。总体值得推荐一去。,zh,Mon Jun 01 2026 07:32:16 GMT-0700 (Pacific Daylight Time),ArtistFox,https://www.google.com/maps/reviews/data=!4m6!14m5!1m4!2m3!1sCi9DQUlRQUNvZENodHljRjlvT2kxbFJHeGZNWFJ6Y21Odk0ycFNVeTFYVDNac1JWRRAB!2m1!1s0x30e299057145cc81:0x7df49a08f511c22e
ChIJgcxFcQWZ4jARLsIR9Qia9H0,卧佛寺,Ci9DQUlRQUNvZENodHljRjlvT21GU1IyUk5UMkV3VldwcFIzaHRibFE1VkVsM2IyYxAB,4.0,没请讲解，所以比较无感吧。入口挺多的，卧佛其实就在一个殿里，卧得着实比较长了。其他建筑啥的都感觉挺新的，更像个园林，有雕塑和喷泉⛲花花草草啥的。甚至还有个泰式按摩学校 下午游览结束后，附近有个Tah Tian码头，฿10就可以坐船看日落,zh,Mon Feb 16 2026 01:40:36 GMT-0800 (Pacific Standard Time),Loop,https://www.google.com/maps/reviews/data=!4m6!14m5!1m4!2m3!1sCi9DQUlRQUNvZENodHljRjlvT21GU1IyUk5UMkV3VldwcFIzaHRibFE1VkVsM2IyYxAB!2m1!1s0x30e299057145cc81:0x7df49a08f511c22e
ChIJgcxFcQWZ4jARLsIR9Qia9H0,卧佛寺,Ci9DQUlRQUNvZENodHljRjlvT25CNlJtTldOVjl3V1dwbE5ubzVhekZQWWtGTk1sRRAB,5.0,曼谷卧佛寺（Wat Pho）是泰国曼谷最古老、规模最大的寺庙之一，也是泰国三大国宝之一，以其宏伟的卧佛像、丰富的历史文化遗迹和传统泰式按摩发源地而闻名。 卧佛寺始建于16世纪大城王朝时期，原名波他榄寺（Wat Photaram），指印度菩提伽耶的摩诃菩提树，佛陀曾在此树下修行并悟道。 1788年，拉玛一世下令修复已破旧不堪的波他榄寺，重建工程历时七年，期间将位于阿育塔雅、素可泰等地废弃寺庙中的佛像移至该寺。 1832年，拉玛三世对卧佛寺进行扩建，完成了包括卧佛殿在内的主要建筑，卧佛于1848年完工。 主要景点 卧佛殿（Viharn Phranorn）：寺内供奉着一尊斜卧金身大佛，长46米，高15米，每只脚的脚底长达5米，上刻有108个佛像图案，展示了佛陀进入涅槃的场景。佛像以砖芯为核心模制而成，然后镶嵌金箔装饰，是世界上最大的卧佛之一。 金佛殿（Phra Ubosot）：中央供奉由黄金和铜合金制成的佛像，据说是大城时期的作品，由国王拉玛一世从曼谷西南吞武里的萨拉西纳寺移至此，此外还供奉着拉玛一世的骨灰。 皇家佛塔：寺庙西侧有四座高耸的佛塔，用于纪念第一至第四任查克里国王，其中中间的佛塔内部有一座来自阿育陀耶的16米高立佛像。寺庙区域内还有91座较小的佛塔，部分存放着次要王室后裔的骨灰。 石碑与壁画：寺内走廊柱、墙壁及牌厅上刻有大量石碑，内容涵盖寺庙历史、佛史、药方、文学等方面，是研究泰国历史文化的重要资料。环绕金佛殿的低矮大理石墙上还刻画着152块壁画，描绘了泰国版本的《罗摩衍那》故事。 文化意义 传统泰式按摩发源地：卧佛寺被视为泰国第一座大学及传统泰式按摩的发源地。1831年至1841年间，拉玛三世和泰国学者添加了1431块石碑，用于保护文化遗产，其中包括泰式按摩知识。寺内至今仍有一家1957年开设的私立学校教授传统泰医学，游客也可在寺内体验泰式按摩服务。 佛教文化中心：作为曼谷最古老的寺庙之一，卧佛寺是佛教信徒朝圣的重要场所，寺内佛塔林立，大小佛塔近百座，形成了壮观的“万佛寺”景观，体现了泰国深厚的佛教文化底蕴。 参观须知 开放时间：每天上午8:30至下午6:30（具体时间可能因季节调整，建议提前确认）。 门票价格：2024年1月1日起调整为300泰铢。 着装要求：需穿着长裙/长裤和长袖衬衫，进入寺庙必须脱鞋，可在入口处领取塑料袋装鞋。 注意事项：寺内禁止拍照（部分区域除外），需保持安静和尊重，避免触摸佛像或文物。 这是我到访卧佛寺参观，看到世界上最大卧佛金身像之一，非常壮观和充满敬意，现在回想起来，历历在目，里面很大，环境优美，一座座宏伟华丽典雅的各种造型建筑佛塔，让人目不暇接，非常开心自己来到这里参观。很值得全世界有缘游客到此寺院参观访问。,zh,Thu Sep 25 2025 04:51:31 GMT-0700 (Pacific Daylight Time),yi Xiong,https://www.google.com/maps/reviews/data=!4m6!14m5!1m4!2m3!1sCi9DQUlRQUNvZENodHljRjlvT25CNlJtTldOVjl3V1dwbE5ubzVhekZQWWtGTk1sRRAB!2m1!1s0x30e299057145cc81:0x7df49a08f511c22e
ChIJgcxFcQWZ4jARLsIR9Qia9H0,卧佛寺,Ci9DQUlRQUNvZENodHljRjlvT25kS1EydElXR2MyWjJkdVptZE9NbXhsV0ZGak0xRRAB,3.0,300铢一张的门票是有点贵。不建议来,zh,Mon Jun 29 2026 06:17:27 GMT-0700 (Pacific Daylight Time),tao liu,https://www.google.com/maps/reviews/data=!4m6!14m5!1m4!2m3!1sCi9DQUlRQUNvZENodHljRjlvT25kS1EydElXR2MyWjJkdVptZE9NbXhsV0ZGak0xRRAB!2m1!1s0x30e299057145cc81:0x7df49a08f511c22e
ChIJgcxFcQWZ4jARLsIR9Qia9H0,卧佛寺,Ci9DQUlRQUNvZENodHljRjlvT2xabFYwaHZiM1V0WlZKdFNERnpSVTFNTVRoM2IwRRAB,5.0,慢步在异国的古建筑下，感受建筑与信仰交织的静谧之美。,zh,Sun Jun 21 2026 00:45:32 GMT-0700 (Pacific Daylight Time),Slime e DIY,https://www.google.com/maps/reviews/data=!4m6!14m5!1m4!2m3!1sCi9DQUlRQUNvZENodHljRjlvT2xabFYwaHZiM1V0WlZKdFNERnpSVTFNTVRoM2IwRRAB!2m1!1s0x30e299057145cc81:0x7df49a08f511c22e
ChIJP-MtN12Z4jARlEBmga-oF4w,金山寺,Ci9DQUlRQUNvZENodHljRjlvT25KNVRYZHNhVTVXZGpaSE1tUnJObmxCY3paelEyYxAB,5.0,在曼谷，最喜欢的一站是金山寺。 沿着阶梯慢慢往上走，耳边是风声和钟声，脚步也不自觉放慢了。到了山顶，整座曼谷就在眼前，金色佛塔在阳光下特别耀眼。那一刻真的会觉得，旅行最美的不是赶景点，而是遇见让自己安静下来的地方。 金山寺，是曼谷里很温柔的一处风景。 ✨ #曼谷 #曼谷旅游 #金山寺 #bangkok #thegoldenmount #三月的海 #贞来写生活 #SanYueDeHai,zh,Wed Apr 08 2026 17:28:06 GMT-0700 (Pacific Daylight Time),三月的海,https://www.google.com/maps/reviews/data=!4m6!14m5!1m4!2m3!1sCi9DQUlRQUNvZENodHljRjlvT25KNVRYZHNhVTVXZGpaSE1tUnJObmxCY3paelEyYxAB!2m1!1s0x30e2995d372de33f:0x8c17a8af81664094
ChIJP-MtN12Z4jARlEBmga-oF4w,金山寺,Ci9DQUlRQUNvZENodHljRjlvT2xRNWIxcG9Oelp3VDJWd1RWaGpNRGxRVXpCcGNuYxAB,5.0,泰国金山寺（Wat Saket）是曼谷著名的佛教寺庙，金山寺始建于18世纪末的拉玛一世时期，历经五代君主，耗时200年才最终建成。最初是为纪念大城时期的古寺而建，后因瘟疫肆虐，寺庙曾作为火葬场，周边一度被称为“鬼门”。拉玛五世时期，寺内供奉了从印度迎回的佛祖舍利，使其成为佛教圣地。 人造金山：寺庙建在一座78米高的人造山上，山体由佛塔倒塌后的碎片堆积而成，象征佛教宇宙观中的须弥山。 金色佛塔：山顶的镀金主佛塔是寺庙的标志性建筑，塔内供奉佛祖舍利，佛塔四周环绕着四座小金塔，金光闪耀。 大殿与铜佛：大殿内供奉着泰国最大的坐立释迦牟尼铜雕像，佛像庄严肃穆，后方壁画描绘地狱景象，警示世人。 作为泰国重要的佛教寺庙，吸引着众多信徒前来朝拜，佛塔内的舍利被视为神圣象征。 历经多个王朝的修建与修缮，见证了泰国历史的变迁，是暹罗王朝的珍贵文化遗产。 城市地标：因山势高耸，成为曼谷的“瞭望台”，可俯瞰曼谷全城，包括大皇宫、拉玛六世桥等标志性建筑。 游览体验 登山祈福：需攀登318级台阶到达山顶，沿途设有祈福区，游客可敲钟、撞锣祈求平安。 俯瞰全景：山顶平台视野开阔，可360度鸟瞰曼谷城市风光，日落时分景色尤为壮观。 周边文化：山脚下有洞窟、老铺、美食街等，可感受曼谷的市井生活与风土人情。 开放时间：8:00-20:00 交通方式：建议打车或使用Grab软件，附近无地铁或轻轨站。 注意事项：需着装得体，男性勿穿短裤，女性勿穿短裙，避免触碰僧侣。 金山寺不仅是宗教圣地，更是曼谷历史与文化的缩影，适合深度体验泰国文化的游客前往。 按照导航指示来到金山寺，在门口购买参观票，之后走过一段弯曲的小道，山水紧密相连，有部分建筑造型与自然景观相结合，运用了佛教形式的表现，佛像，佛塔，铜钟，转经轮，动物，流水与鲜花……使人顿感清凉与宁静，逐步登上山脚到山顶的台阶数量有318级。这些台阶寓意步步莲花、步步向上，象征着吉祥，眺望四周和通往金色佛塔路上，整座城市与众多寺庙映入眼帘，风光无限，景色很美，感觉轻松与想往，到达顶峰，金色的佛塔和天空连接在一起，感受到无比的壮观和气势磅礴，内心很欢喜充满了喜悦之情，我到访这里参观了两个多小时，真是一个古老神圣美妙的地方，沿着指示牌从另一侧路下山，一路上都有亡灵的墓地，佛像端坐或站立，看护着亡者给予力量的帮助，真是让人羡慕，这些亡者是幸运幸福的，我为他们感到高兴和祝福，同时内心默默祝福全世界所有人都有这样的因缘和福分，以自身的清净纯洁善恶有报获得佛陀的护佑。这里值得到访参观，是有意义的行程和直击心灵碰撞内心感受。,zh,Fri Sep 26 2025 19:25:36 GMT-0700 (Pacific Daylight Time),yi Xiong,https://www.google.com/maps/reviews/data=!4m6!14m5!1m4!2m3!1sCi9DQUlRQUNvZENodHljRjlvT2xRNWIxcG9Oelp3VDJWd1RWaGpNRGxRVXpCcGNuYxAB!2m1!1s0x30e2995d372de33f:0x8c17a8af81664094
ChIJP-MtN12Z4jARlEBmga-oF4w,金山寺,ChZDSUhNMG9nS0VJQ0FnSURicnFmSUlREAE,5.0,值得一去，但花不了太多时间，一个小时足够了。但在曼谷的雨季，你很难预计天气。我们上到制高点后，下起暴雨，和二三十个世界各地的游客一起度过一个半小时，接受佛祖的洗礼。风光很好，坐在地上打个盹也很好。但不要喧哗，也不要躺卧。,zh,Mon Aug 05 2024 08:39:05 GMT-0700 (Pacific Daylight Time),ing shn,https://www.google.com/maps/reviews/data=!4m6!14m5!1m4!2m3!1sChZDSUhNMG9nS0VJQ0FnSURicnFmSUlREAE!2m1!1s0x30e2995d372de33f:0x8c17a8af81664094
ChIJP-MtN12Z4jARlEBmga-oF4w,金山寺,ChZDSUhNMG9nS0VJQ0FnSUNXM3NtN2JREAE,5.0,没有什么可说，因为已经是 非常有名的 金山寺。 寺庙 因为新冠，在 工作日内 人很少，特别安静、环境也特别的好。 如果 在佛塔上 观看日落 非常漂亮。,zh,Sun Feb 27 2022 22:06:02 GMT-0800 (Pacific Standard Time),Thar Htet Naing,https://www.google.com/maps/reviews/data=!4m6!14m5!1m4!2m3!1sChZDSUhNMG9nS0VJQ0FnSUNXM3NtN2JREAE!2m1!1s0x30e2995d372de33f:0x8c17a8af81664094
ChIJP-MtN12Z4jARlEBmga-oF4w,金山寺,Ci9DQUlRQUNvZENodHljRjlvT21RelRsTnNSVUp3T1Vnek4zcFFkSFZvUmpZM1RXYxAB,4.0,不错的寺庙，不过外国人进入需要门票,zh,Sat Oct 04 2025 07:45:32 GMT-0700 (Pacific Daylight Time),chao pang,https://www.google.com/maps/reviews/data=!4m6!14m5!1m4!2m3!1sCi9DQUlRQUNvZENodHljRjlvT21RelRsTnNSVUp3T1Vnek4zcFFkSFZvUmpZM1RXYxAB!2m1!1s0x30e2995d372de33f:0x8c17a8af81664094
ChIJ5Wl37g6Z4jARiP4itarBPDQ,玉佛寺,Ci9DQUlRQUNvZENodHljRjlvT2tsUGJuQXllbWRuVldFMWNXeFVYMjFhV1VKblZYYxAB,4.0,玉佛寺是大皇宫฿500门票的第一站，还是有点东西的。泰国是上座部佛教（常被叫“小乘”），中国主要是汉传佛教（属大乘）；拜的是同一个佛——释迦牟尼佛，只是“理解方式、修行路径、审美表达”不一样。 玉佛寺进门处有免费的中文手册，Phra Ubosot玉佛殿翻译成大雄宝殿，着实草率了些！ 我从北京过来，作为山东人也去过青州，看这些，除了壁画，其他的说实话，觉得不够精美，而且差得不止一星半点。这里的优势是古建筑更小、和游客距离更近，随地大小坐地地方也充足，不会像在国内一样，站一天,zh,Wed Feb 11 2026 01:51:05 GMT-0800 (Pacific Standard Time),Loop,https://www.google.com/maps/reviews/data=!4m6!14m5!1m4!2m3!1sCi9DQUlRQUNvZENodHljRjlvT2tsUGJuQXllbWRuVldFMWNXeFVYMjFhV1VKblZYYxAB!2m1!1s0x30e2990eee7769e5:0x343cc1aab522fe88
ChIJ5Wl37g6Z4jARiP4itarBPDQ,玉佛寺,Ci9DQUlRQUNvZENodHljRjlvT2tkM2JEbGhXWFZqYUdsQ1lVaFJja3hpWWtVMUxYYxAB,5.0,金佛寺（Wat Traimit Witthayaram Worawihan）是泰国曼谷一座令人惊叹的佛教寺庙，以其主要景点而闻名：Phra Maha Suwan Patimakorn，一座重达5.5吨的纯金佛像。 这座佛像曾被石膏和彩色玻璃覆盖以掩盖其真实价值，是世界上最大的纯金佛像。直到1955年的一次搬迁中，石膏意外破裂，才露出了下面壮丽的金色。 金佛寺位于唐人街耀华力路（Yaowarat Road）的尽头，因其历史意义和金佛令人叹为观止的美丽而成为必游之地。 鄭王廟 วัดอรุณราชวรารามราชวรมหาวิหา ร 郑王庙 (Wat Arun Ratchawararam Ratchaworamahawihan)，又称“黎明寺”，是曼谷最著名的地标之一，坐落在昭披耶河西岸，以其宏伟的主塔和精美的建筑而闻名。 关于郑王庙： 历史悠久：该寺庙始建于大城王朝时期，在吞武里王朝时期被郑信（郑王）选为皇家寺庙，并将其更名为“黎明寺”。此后，寺庙经历了多次修缮和扩建，最终在拉玛二世和拉玛三世国王时期修建成了如今的宏大规模。 建筑特色：主塔高约82米，以精美的彩色瓷器和贝壳碎片镶嵌而成，在阳光下熠熠生辉，被誉为“泰国的艾菲尔铁塔”。这种独特的建筑风格融合了泰国和高棉的艺术特色。 文化象征：郑王庙不仅是重要的宗教场所，也是泰国文化的重要象征，甚至被印在了10泰铢硬币的背面和泰国旅游局的标志上。 最佳观赏时间：清晨和日落时分是参观郑王庙的最佳时间。此时的光线柔和，能拍出绝美的照片。在傍晚，你可以从河对岸的餐厅或酒吧欣赏到被灯光点亮的郑王庙，景色格外迷人。 实用信息： 门票：外国游客通常需要支付门票（请注意票价可能会有变动）。 着装要求：与大多数泰国寺庙一样，参观郑王庙有严格的着装要求，不能穿短裤、短裙或无袖上衣。 交通：最便捷的方式是乘坐昭披耶河渡轮，在 Tha Tian 码头（N8）下船，然后转乘小渡船过河即可到达。 曼谷大皇宮 曼谷大皇宮 (The Grand Palace)，泰語全名為 พระบรมมหาราชวัง，是泰國最著名的地標景點之一，也是泰國王室的官方住所，至今仍用於舉行重要的皇家典禮和接待國賓。這座建築群融合了泰國傳統與歐洲建築風格，是泰國歷史、文化和藝術的瑰寶。 大皇宮主要景點 大皇宮的建築群中包含了多個重要宮殿和寺廟，其中最著名的就是玉佛寺（Wat Phra Kaew）。 玉佛寺（Wat Phra Kaew）：這是泰國最神聖的寺廟，供奉著由一整塊翡翠雕刻而成的國寶級佛像——玉佛。每年泰國國王都會親自為玉佛更換不同季節的袈裟，以示尊崇。 節基殿（Chakri Maha Prasat Hall）：這座宮殿的建築風格獨特，其下部為維多利亞時代的歐式建築，但屋頂卻是泰式的金字尖頂，象徵著泰國與西方文化的融合。 兜率殿（Dusit Maha Prasat Hall）：這是一座典型的泰式建築，其精緻的尖頂和裝飾尤為引人注目，主要用於舉行重要的皇家儀式。,zh,Wed Sep 17 2025 17:21:38 GMT-0700 (Pacific Daylight Time),Jackson Lin,https://www.google.com/maps/reviews/data=!4m6!14m5!1m4!2m3!1sCi9DQUlRQUNvZENodHljRjlvT2tkM2JEbGhXWFZqYUdsQ1lVaFJja3hpWWtVMUxYYxAB!2m1!1s0x30e2990eee7769e5:0x343cc1aab522fe88
ChIJ5Wl37g6Z4jARiP4itarBPDQ,玉佛寺,Ci9DQUlRQUNvZENodHljRjlvT25WNU1HUlVZemgyZFRCclNrdGtValZyZEZGWlkxRRAB,5.0,泰国玉佛寺（Wat Phra Kaew）是泰国最著名的佛教寺庙之一，位于曼谷大皇宫内，是泰国王室供奉玉佛和举行重要宗教仪式的场所。 曼谷大皇宫内包含四座主要的寺庙，分别是： 1.玉佛寺(Wat Phra Kaeo)：这是大皇宫内最著名的寺庙，供奉着泰国的国宝——玉佛。 2.节基宫(Hakri Maha Prasad)：这是大皇宫的主要建筑之一，用于皇家仪式和活动。 3.律实宫(Dusit Maha Prasad)：同样是大皇宫的重要组成部分，历史上曾是国王的居所。 4.阿玛林宫(Amarin Winitchai Hall)：用于各种庆典和活动。 这些建筑不仅展示了泰国的建筑艺术，还是泰国历史和文化的重要象征。宗教遗产的象征。 玉佛寺建于1782年，由曼谷王朝的拉玛一世下令建造，是大皇宫的一部分。寺内供奉的玉佛高66厘米，由整块翡翠雕刻而成，被视为泰国的国宝。玉佛历经多次辗转，最终于1784年被迎请至曼谷供奉在玉佛寺内。 玉佛寺融合了泰国传统与佛教艺术风格，主要建筑包括玉佛殿、碧隆天神殿、藏经阁等。玉佛殿内四面绘有壁画，讲述释迦牟尼佛从诞生到涅槃的故事；碧隆天神殿呈十字形，殿顶有高棉塔；藏经阁屋檐呈特殊齿状，门口有夜叉守护。 宗教仪式每年季节更替时，泰国国王或王子会亲自为玉佛更换金缕衣，以保国泰民安。此外，泰国内阁更迭时，新政府阁员也会在玉佛寺向国王宣誓就职。 参观须知 着装要求：需穿着长袖上衣、长裤或长裙，禁止穿无袖、露脐、短裤等暴露服装。 禁止拍照：进入玉佛殿内需脱鞋，且不可拍照或使用闪光灯。 营业时间：通常为08:30-16:30，15:30停止售票。 玉佛寺不仅是泰国佛教的圣地，也是曼谷最具代表性的地标之一，其建筑艺术和宗教文化价值吸引着大量游客前来参观。 这次我一个人慕名前往泰国玉佛寺庙购票，以恭敬欢喜心到访参观，非常开心而充实愉悦，心灵的碰撞仿佛回到从前，这里的一切都似曾相识，佛像.神芪.壁画.佛塔.寺庙.……气势恢宏 ，典雅华丽，是全世界游客有缘之人必到此访问参观的神圣地方。,zh,Thu Sep 25 2025 11:44:47 GMT-0700 (Pacific Daylight Time),yi Xiong,https://www.google.com/maps/reviews/data=!4m6!14m5!1m4!2m3!1sCi9DQUlRQUNvZENodHljRjlvT25WNU1HUlVZemgyZFRCclNrdGtValZyZEZGWlkxRRAB!2m1!1s0x30e2990eee7769e5:0x343cc1aab522fe88
ChIJ5Wl37g6Z4jARiP4itarBPDQ,玉佛寺,ChdDSUhNMG9nS0VJQ0FnSUQ3b091ZXZnRRAB,4.0,曼谷玉佛寺（Wat Phra Kaew）是泰国最重要、最神圣的佛教寺庙之一，坐落于大皇宫内，是每一位游客和信徒到访曼谷时的必去之地。玉佛寺的核心是供奉在主殿中的玉佛，这尊佛像由整块翡翠雕刻而成，象征着泰国的国运和佛教信仰的坚固。玉佛被认为是泰国的守护神，每年国王会亲自为玉佛更换衣饰，以此祈求国泰民安。 寺庙的建筑群金碧辉煌，庙宇周围装饰着精美的镀金浮雕和彩色瓷砖，令人目不暇接。寺内有众多的壁画和雕塑，展示了泰国的宗教艺术与文化精髓，其中最引人注目的包括描绘《拉玛坚》（Ramayana）故事的长卷壁画，栩栩如生地展现了印度史诗中的英雄故事。寺庙内的每一个细节都体现了泰国工匠的技艺和对佛教的虔诚。 尽管玉佛寺每天都吸引着大量游客，但这里依然保持着一种庄严和宁静的氛围。无论你是来参拜还是参观，进入寺庙前都需要脱鞋，并穿着得体以示尊重。总的来说，曼谷玉佛寺不仅是泰国佛教文化的象征，也是深入了解泰国历史与信仰的最佳场所之一。,zh,Mon Aug 19 2024 21:19:08 GMT-0700 (Pacific Daylight Time),Febre,https://www.google.com/maps/reviews/data=!4m6!14m5!1m4!2m3!1sChdDSUhNMG9nS0VJQ0FnSUQ3b091ZXZnRRAB!2m1!1s0x30e2990eee7769e5:0x343cc1aab522fe88
ChIJ5Wl37g6Z4jARiP4itarBPDQ,玉佛寺,ChdDSUhNMG9nS0VJQ0FnSUR4ai1ERGtnRRAB,5.0,"玉佛寺建于1782年,同时也是座落曼谷大皇宫的范围内，佔了大皇宫内的四分之一面积，玉佛寺同时也被视为是泰国的三大寺庙之一。我们进入大皇宫范围内时,大部份时间都会是在参观玉佛寺,因为有开放的建筑,大部份都是在玉佛寺这区。 玉佛寺内的建筑群特色,全部加高的都是以白色大理石为基座,色彩缤纷的镶嵌画为装饰。 进入这区域的着装要求是,衣服不可以袒胸露臂,女仕是过膝的裙子或长裤,男仕则一定要长裤,鞋子则没有要求！进庙时则必须脱鞋(入口处会有工作人员指示的)。",zh,Fri Jun 23 2023 17:03:43 GMT-0700 (Pacific Daylight Time),YAP FLY,https://www.google.com/maps/reviews/data=!4m6!14m5!1m4!2m3!1sChdDSUhNMG9nS0VJQ0FnSUR4ai1ERGtnRRAB!2m1!1s0x30e2990eee7769e5:0x343cc1aab522fe88
ChIJg-IqNBGZ4jAR0dPx_MR-gTk,Wat Suthat Thepwararam Ratchaworamahawihan,Ci9DQUlRQUNvZENodHljRjlvT2pWTVNGZEZkMjlLZEdVdFJWOXJNR2hYWkRRNGRrRRAB,5.0,环境不错啊。舒服。走走看看雄伟的大殿。这里的药师佛最出名了。,zh,Wed Feb 04 2026 07:32:22 GMT-0800 (Pacific Standard Time),Ewe Pin Kong,https://www.google.com/maps/reviews/data=!4m6!14m5!1m4!2m3!1sCi9DQUlRQUNvZENodHljRjlvT2pWTVNGZEZkMjlLZEdVdFJWOXJNR2hYWkRRNGRrRRAB!2m1!1s0x30e29911342ae283:0x39817ec4fcf1d3d1
ChIJg-IqNBGZ4jAR0dPx_MR-gTk,Wat Suthat Thepwararam Ratchaworamahawihan,ChZDSUhNMG9nS0VJQ0FnSURXc3NER2ZnEAE,5.0,泰国朋友告诉我这也算皇家寺庙 非常的大和豪华 很漂亮 2022年说想要求财就一定要来这里！ 然而我们出来就在寺庙门口被罚款了！ 3-6点下午无法停车！ 然后罚款是有史以来最贵的， 单子上会写1700b！ 如果你是外国人，那么恭喜你1700b 如果是泰国人，700b 警察是不作为的，只有收钱的时候最快！,zh,Sat Mar 19 2022 18:53:27 GMT-0700 (Pacific Daylight Time),lin lin,https://www.google.com/maps/reviews/data=!4m6!14m5!1m4!2m3!1sChZDSUhNMG9nS0VJQ0FnSURXc3NER2ZnEAE!2m1!1s0x30e29911342ae283:0x39817ec4fcf1d3d1
ChIJg-IqNBGZ4jAR0dPx_MR-gTk,Wat Suthat Thepwararam Ratchaworamahawihan,ChZDSUhNMG9nS0VJQ0FnSUN1emJIdGJBEAE,5.0,整个院落可以参观的面积不算很大，但是建筑很精致，虽然没有大皇宫玉佛寺那样精致到繁复的装饰，胜在更加协调轻松，每一个装饰都恰到好处,zh,Wed Aug 03 2022 05:42:18 GMT-0700 (Pacific Daylight Time),Francisque Tang,https://www.google.com/maps/reviews/data=!4m6!14m5!1m4!2m3!1sChZDSUhNMG9nS0VJQ0FnSUN1emJIdGJBEAE!2m1!1s0x30e29911342ae283:0x39817ec4fcf1d3d1
ChIJg-IqNBGZ4jAR0dPx_MR-gTk,Wat Suthat Thepwararam Ratchaworamahawihan,ChdDSUhNMG9nS0VJQ0FnSUNBN0lHSDhRRRAB,5.0,跟团游是不会来这里的，但其实真的非常值得来，护法神很有意思。周围景点不少，旁边还有美食街,zh,Mon Nov 20 2017 08:51:42 GMT-0800 (Pacific Standard Time),陈清善,https://www.google.com/maps/reviews/data=!4m6!14m5!1m4!2m3!1sChdDSUhNMG9nS0VJQ0FnSUNBN0lHSDhRRRAB!2m1!1s0x30e29911342ae283:0x39817ec4fcf1d3d1
ChIJg-IqNBGZ4jAR0dPx_MR-gTk,Wat Suthat Thepwararam Ratchaworamahawihan,ChZDSUhNMG9nS0VJQ0FnSUQtb19faGRBEAE,5.0,中文名为药师佛寺，大雄宝殿的大佛像非常雄伟，灵气非凡。,zh,Thu Dec 08 2022 02:02:11 GMT-0800 (Pacific Standard Time),H M CHAN,https://www.google.com/maps/reviews/data=!4m6!14m5!1m4!2m3!1sChZDSUhNMG9nS0VJQ0FnSUQtb19faGRBEAE!2m1!1s0x30e29911342ae283:0x39817ec4fcf1d3d1
ChIJmaPD7i6Z4jARf0QKa2FrGhc,The Reclining Buddha,ChZDSUhNMG9nS0VJQ0FnSUQwdmU2c2RBEAE,5.0,壮观美丽 ，历史韵味，文化古迹,zh,Sat Nov 16 2019 19:27:28 GMT-0800 (Pacific Standard Time),陸建成,https://www.google.com/maps/reviews/data=!4m6!14m5!1m4!2m3!1sChZDSUhNMG9nS0VJQ0FnSUQwdmU2c2RBEAE!2m1!1s0x30e2992eeec3a399:0x171a6b616b0a447f
ChIJmaPD7i6Z4jARf0QKa2FrGhc,The Reclining Buddha,Ci9DQUlRQUNvZENodHljRjlvT20xeE5uUnNaVUV6UjI1NWFFNU1TRVJ6V2tsNGRYYxAB,4.0,大卧在西北角上的那个大屋子里。,zh,Sat Jan 24 2026 20:49:21 GMT-0800 (Pacific Standard Time),RayFi,https://www.google.com/maps/reviews/data=!4m6!14m5!1m4!2m3!1sCi9DQUlRQUNvZENodHljRjlvT20xeE5uUnNaVUV6UjI1NWFFNU1TRVJ6V2tsNGRYYxAB!2m1!1s0x30e2992eeec3a399:0x171a6b616b0a447f
ChIJmaPD7i6Z4jARf0QKa2FrGhc,The Reclining Buddha,ChdDSUhNMG9nS0VJQ0FnSURIamZiOW1BRRAB,5.0,很美很祥和。,zh,Wed Sep 18 2024 12:16:15 GMT-0700 (Pacific Daylight Time),Boris Chow,https://www.google.com/maps/reviews/data=!4m6!14m5!1m4!2m3!1sChdDSUhNMG9nS0VJQ0FnSURIamZiOW1BRRAB!2m1!1s0x30e2992eeec3a399:0x171a6b616b0a447f
ChIJmaPD7i6Z4jARf0QKa2FrGhc,The Reclining Buddha,ChZDSUhNMG9nS0VJQ0FnSUMweTRLcGZREAE,5.0,庄严无比的卧佛，金光闪闪，卧佛寺（Wat Pho、Wat Phra Chetuphon）位于玉佛寺后面，也是曼谷所有初次到访者的必游之地。它是城内最大的寺庙群之一，以其身长 46 米、镶满金箔的巨型卧佛而闻名于世。,zh,Thu Oct 10 2019 04:42:38 GMT-0700 (Pacific Daylight Time),CHUAN HIN LIM,https://www.google.com/maps/reviews/data=!4m6!14m5!1m4!2m3!1sChZDSUhNMG9nS0VJQ0FnSUMweTRLcGZREAE!2m1!1s0x30e2992eeec3a399:0x171a6b616b0a447f
ChIJmaPD7i6Z4jARf0QKa2FrGhc,The Reclining Buddha,ChdDSUhNMG9nS0VJQ0FnSURfbk5YczNnRRAB,5.0,很棒的地方。,zh,Wed Jan 22 2025 03:35:16 GMT-0800 (Pacific Standard Time),JIE SHENG SHR,https://www.google.com/maps/reviews/data=!4m6!14m5!1m4!2m3!1sChdDSUhNMG9nS0VJQ0FnSURfbk5YczNnRRAB!2m1!1s0x30e2992eeec3a399:0x171a6b616b0a447f
ChIJa4tZORCZ4jARdCUEjuI59eo,Wat Ratchabophit Sathitmahasimaram Ratchaworawihan,Ci9DQUlRQUNvZENodHljRjlvT21sMFEyRXdhMnA0TTNad2RHSmxOVnBGYVdocFEzYxAB,5.0,这是一座免费可以进入的寺庙。 里面的装饰和细节 是我这个中国人没见过的 泰国的佛教建筑都是这么大手笔吗 这上边的喷涂，镶嵌宝石，镜面，以及各种花纹，金碧辉煌的室内顶层 以及还看到了中国也有的螺钿工艺，（当然中国的螺钿工艺我很少在日常建筑里看到，作为普通打工人，也只有在工艺美术馆之类的免费场所看到过展品）而螺钿的贴面竟然只是这个免费佛寺的窗户上不起眼的角落 不得不佩服人类对建筑的追求啊？值得来参观 里面是可以拍照，我也不晓得是什么佛，保佑泰国人民什么。很不错。,zh,Sat Jun 21 2025 10:18:05 GMT-0700 (Pacific Daylight Time),ju Ranako,https://www.google.com/maps/reviews/data=!4m6!14m5!1m4!2m3!1sCi9DQUlRQUNvZENodHljRjlvT21sMFEyRXdhMnA0TTNad2RHSmxOVnBGYVdocFEzYxAB!2m1!1s0x30e2991039598b6b:0xeaf539e28e042574
ChIJa4tZORCZ4jARdCUEjuI59eo,Wat Ratchabophit Sathitmahasimaram Ratchaworawihan,ChdDSUhNMG9nS0VJQ0FnSUNEdHVtcjd3RRAB,5.0,请问这里泰服拍照有吗 多少钱一个人,zh,Wed Mar 27 2024 20:50:43 GMT-0700 (Pacific Daylight Time),何潇雨,https://www.google.com/maps/reviews/data=!4m6!14m5!1m4!2m3!1sChdDSUhNMG9nS0VJQ0FnSUNEdHVtcjd3RRAB!2m1!1s0x30e2991039598b6b:0xeaf539e28e042574
ChIJa4tZORCZ4jARdCUEjuI59eo,Wat Ratchabophit Sathitmahasimaram Ratchaworawihan,ChdDSUhNMG9nS0VJQ0FnSUNDdEo2VGxnRRAB,5.0,现任僧王原先做主持的庙,zh,Thu Aug 13 2020 04:21:20 GMT-0700 (Pacific Daylight Time),苏小懒,https://www.google.com/maps/reviews/data=!4m6!14m5!1m4!2m3!1sChdDSUhNMG9nS0VJQ0FnSUNDdEo2VGxnRRAB!2m1!1s0x30e2991039598b6b:0xeaf539e28e042574
ChIJa4tZORCZ4jARdCUEjuI59eo,Wat Ratchabophit Sathitmahasimaram Ratchaworawihan,ChZDSUhNMG9nS0VJQ0FnSUNnMFpPMGRREAE,4.0,豪華的佛寺~~~~不錯，，雕梁畫棟~,zh,Tue Oct 18 2016 20:58:44 GMT-0700 (Pacific Daylight Time),Jeston C,https://www.google.com/maps/reviews/data=!4m6!14m5!1m4!2m3!1sChZDSUhNMG9nS0VJQ0FnSUNnMFpPMGRREAE!2m1!1s0x30e2991039598b6b:0xeaf539e28e042574
ChIJa4tZORCZ4jARdCUEjuI59eo,Wat Ratchabophit Sathitmahasimaram Ratchaworawihan,ChdDSUhNMG9nS0VJQ0FnSURVMzhiVXhRRRAB,5.0,感恩师傅的祝福,zh,Mon Sep 09 2019 08:47:27 GMT-0700 (Pacific Daylight Time),CK Ang,https://www.google.com/maps/reviews/data=!4m6!14m5!1m4!2m3!1sChdDSUhNMG9nS0VJQ0FnSURVMzhiVXhRRRAB!2m1!1s0x30e2991039598b6b:0xeaf539e28e042574
ChIJXcCcKxmZ4jARrxccBExkbdc,Wat Chakrawatrachawat Woramahawihan,ChZDSUhNMG9nS0VJQ0FnSUNXMFlPdUNBEAE,4.0,去花市路过刚好日暮时分华灯初上佛塔庄严肃穆，阿弥陀佛善哉善哉。据说有鳄鱼以及鳄鱼的传说，停车收费也很便宜也算是为前往拜佛乃至倒周边购物游玩的人提供方便,zh,Tue Mar 01 2022 01:55:35 GMT-0800 (Pacific Standard Time),mobanche li,https://www.google.com/maps/reviews/data=!4m6!14m5!1m4!2m3!1sChZDSUhNMG9nS0VJQ0FnSUNXMFlPdUNBEAE!2m1!1s0x30e299192b9cc05d:0xd76d644c041c17af
ChIJXcCcKxmZ4jARrxccBExkbdc,Wat Chakrawatrachawat Woramahawihan,ChdDSUhNMG9nS0VJQ0FnSURZMUtfejNBRRAB,5.0,"多数不能减价,种类繁多.",zh,Wed May 01 2019 02:49:55 GMT-0700 (Pacific Daylight Time),Peng Hock Tan,https://www.google.com/maps/reviews/data=!4m6!14m5!1m4!2m3!1sChdDSUhNMG9nS0VJQ0FnSURZMUtfejNBRRAB!2m1!1s0x30e299192b9cc05d:0xd76d644c041c17af
ChIJXcCcKxmZ4jARrxccBExkbdc,Wat Chakrawatrachawat Woramahawihan,ChdDSUhNMG9nS0VJQ0FnSURDeV9leHBRRRAB,3.0,还行,zh,Sun Oct 11 2020 18:37:59 GMT-0700 (Pacific Daylight Time),Ittipong Shu,https://www.google.com/maps/reviews/data=!4m6!14m5!1m4!2m3!1sChdDSUhNMG9nS0VJQ0FnSURDeV9leHBRRRAB!2m1!1s0x30e299192b9cc05d:0xd76d644c041c17af
ChIJXcCcKxmZ4jARrxccBExkbdc,Wat Chakrawatrachawat Woramahawihan,ChZDSUhNMG9nS0VJQ0FnSURVb3ZTcWRBEAE,5.0,很棒,zh,Sun Aug 18 2019 00:45:05 GMT-0700 (Pacific Daylight Time),許家偉（牛糞）,https://www.google.com/maps/reviews/data=!4m6!14m5!1m4!2m3!1sChZDSUhNMG9nS0VJQ0FnSURVb3ZTcWRBEAE!2m1!1s0x30e299192b9cc05d:0xd76d644c041c17af
ChIJXcCcKxmZ4jARrxccBExkbdc,Wat Chakrawatrachawat Woramahawihan,ChZDSUhNMG9nS0VJQ0FnSURzNmFXNmNBEAE,3.0,还可,zh,Sun Mar 08 2020 07:44:42 GMT-0700 (Pacific Daylight Time),Jo As,https://www.google.com/maps/reviews/data=!4m6!14m5!1m4!2m3!1sChZDSUhNMG9nS0VJQ0FnSURzNmFXNmNBEAE!2m1!1s0x30e299192b9cc05d:0xd76d644c041c17af
ChIJZw8RGRiZ4jARqZiM1Mlv3lM,Wat Phra Phiren,Ci9DQUlRQUNvZENodHljRjlvT21OM1JrUmhjaTF2YzBKQ2NUaG1kamQyWkU5YVQwRRAB,5.0,帕披伦寺（Wat Phra Phiren，วัดพระพิเรนทร์）位于曼谷的蓬帕萨特鲁派区。该寺的历史可以追溯到阿瑜陀耶王朝晚期。拉玛三世国王统治时期，寺庙进行了修复，并更名为坎坎卡拉姆寺（Wat Kham Khemkaram）。最终，在拉玛五世国王统治时期，寺庙被正式列为古迹。2023年，该寺被正式列为古迹。 寺庙的建筑和圣殿融合了传统与现代，令人叹为观止。其主殿（ubosot）建于1891年至1892年间，融合了东西方风格，供奉着一尊静谧冥想姿态的主佛像。寺内最受尊崇的殿堂之一是供奉着龙婆丹（Luang Pho Dam）的精舍，这是一尊大型灰泥佛像，旁边是龙婆佩（Luang Pho Phet）的清盛风格金属佛像。附近矗立着一座建于1965年的宁静的中式亭阁，亭内供奉着象征智慧与满足的帕桑卡猜佛像。寺庙中还有一座兰卡风格的佛塔（或称舍利塔），其来历至今仍是个谜，更添几分神秘色彩。 尽管地处市中心，这座寺庙却出人意料地宁静祥和。绿树成荫的花园和精美的壁画营造出令人心旷神怡的冥想空间，我发现僧侣们也常常乐于分享祝福，与人交谈。,zh-CN,Sun Mar 15 2026 03:17:11 GMT-0700 (Pacific Daylight Time),The Traveling Pug,https://www.google.com/maps/reviews/data=!4m6!14m5!1m4!2m3!1sCi9DQUlRQUNvZENodHljRjlvT21OM1JrUmhjaTF2YzBKQ2NUaG1kamQyWkU5YVQwRRAB!2m1!1s0x30e2991819110f67:0x53de6fc9d48c98a9
ChIJZw8RGRiZ4jARqZiM1Mlv3lM,Wat Phra Phiren,Ci9DQUlRQUNvZENodHljRjlvT25JelNHSnZNRk5yY0ZVNGNrRkNia2h0Y2swd04wRRAB,4.0,这座寺庙的停车位比较紧张，尤其是在葬礼期间。如果您是来参加葬礼的，停车费会比较少，而且还会获得停车印章。,zh-CN,Fri Jun 12 2026 07:15:26 GMT-0700 (Pacific Daylight Time),Supada L.,https://www.google.com/maps/reviews/data=!4m6!14m5!1m4!2m3!1sCi9DQUlRQUNvZENodHljRjlvT25JelNHSnZNRk5yY0ZVNGNrRkNia2h0Y2swd04wRRAB!2m1!1s0x30e2991819110f67:0x53de6fc9d48c98a9
ChIJZw8RGRiZ4jARqZiM1Mlv3lM,Wat Phra Phiren,Ci9DQUlRQUNvZENodHljRjlvT210Rk1sRXRVM0JUWTJOV05IZzRkbGhNYUZCamEwRRAB,5.0,我们使用了亭子服务。负责的僧人非常热心周到，既不强迫也不干涉，而是让亲属们自己决定。 祈祷仪式很快就结束了；如果安排在下午6:30，最晚7点就结束了。,zh-CN,Sun Mar 15 2026 02:03:16 GMT-0700 (Pacific Daylight Time),Anuwat Anutaravanichkul,https://www.google.com/maps/reviews/data=!4m6!14m5!1m4!2m3!1sCi9DQUlRQUNvZENodHljRjlvT210Rk1sRXRVM0JUWTJOV05IZzRkbGhNYUZCamEwRRAB!2m1!1s0x30e2991819110f67:0x53de6fc9d48c98a9
ChIJZw8RGRiZ4jARqZiM1Mlv3lM,Wat Phra Phiren,Ci9DQUlRQUNvZENodHljRjlvT2xseE5VVkxPR3BuYjJwYU5GUkNaa0pyTUdSWE5WRRAB,5.0,帕披莲寺（Wat Phra Phiren）是一座小寺庙，位于空通（Khlong Thom）正对面。我们去的那天正好是拜师节（Wai Kru，佛教的祭祀仪式），祭拜的是隐士神灵。寺庙的工作人员都非常友好热情。进入寺庙后，我们感觉这里完全没有商业气息……停车也很方便。,zh-CN,Tue Sep 09 2025 19:50:05 GMT-0700 (Pacific Daylight Time),เมยาวีย์ อิทธิอริยเศวต,https://www.google.com/maps/reviews/data=!4m6!14m5!1m4!2m3!1sCi9DQUlRQUNvZENodHljRjlvT2xseE5VVkxPR3BuYjJwYU5GUkNaa0pyTUdSWE5WRRAB!2m1!1s0x30e2991819110f67:0x53de6fc9d48c98a9
ChIJZw8RGRiZ4jARqZiM1Mlv3lM,Wat Phra Phiren,ChZDSUhNMG9nS0VMX1d2TjNJcVpTWkJ3EAE,5.0,这里有很多寺庙可以付费拜见孔剧面具。停车15分钟免费，16分钟到2小时收费40泰铢。 我记不清2小时以上的收费标准了。我通常只停留一会儿就返回。 这里九月份会举办Krok Khru节（如果我没记错的话）。,zh-CN,Tue Jun 03 2025 09:07:56 GMT-0700 (Pacific Daylight Time),Bla bla,https://www.google.com/maps/reviews/data=!4m6!14m5!1m4!2m3!1sChZDSUhNMG9nS0VMX1d2TjNJcVpTWkJ3EAE!2m1!1s0x30e2991819110f67:0x53de6fc9d48c98a9
ChIJA9tOYRqZ4jARdeZ_usUJwLc,Wat Thipphaya Warin Wihan,ChdDSUhNMG9nS0VJQ0FnSURRc2ZuazNBRRAB,5.0,敕賜甘露寺是一座比较古老的中式寺庙，建于1776年。建筑格外优雅，这里也非常清净，是学佛修身的好地方。每到春节，许多潮州华裔都会来参拜，祈求天下太平、丰衣足食、风调雨顺。,zh,Wed Jun 28 2017 21:44:16 GMT-0700 (Pacific Daylight Time),Junxi Ma,https://www.google.com/maps/reviews/data=!4m6!14m5!1m4!2m3!1sChdDSUhNMG9nS0VJQ0FnSURRc2ZuazNBRRAB!2m1!1s0x30e2991a614edb03:0xb7c009c5ba7fe675
ChIJA9tOYRqZ4jARdeZ_usUJwLc,Wat Thipphaya Warin Wihan,ChZDSUhNMG9nS0VJQ0FnSUNVdGRqb0lBEAE,5.0,在买卖小电器的街道中突然出现,zh,Tue Jul 30 2019 20:18:20 GMT-0700 (Pacific Daylight Time),Ning Shao,https://www.google.com/maps/reviews/data=!4m6!14m5!1m4!2m3!1sChZDSUhNMG9nS0VJQ0FnSUNVdGRqb0lBEAE!2m1!1s0x30e2991a614edb03:0xb7c009c5ba7fe675
ChIJA9tOYRqZ4jARdeZ_usUJwLc,Wat Thipphaya Warin Wihan,ChZDSUhNMG9nS0VJQ0FnSUN5czc3V0FnEAE,5.0,气势宏大，禅意甚浓，值得来,zh,Fri Feb 12 2021 00:18:32 GMT-0800 (Pacific Standard Time),Difan Cui,https://www.google.com/maps/reviews/data=!4m6!14m5!1m4!2m3!1sChZDSUhNMG9nS0VJQ0FnSUN5czc3V0FnEAE!2m1!1s0x30e2991a614edb03:0xb7c009c5ba7fe675
ChIJA9tOYRqZ4jARdeZ_usUJwLc,Wat Thipphaya Warin Wihan,Ci9DQUlRQUNvZENodHljRjlvT2xJMllYRnpjakp6YWxVNGQxbGxkR3RzTkVGRFEwRRAB,5.0,我推荐大家去这座寺庙。我们很喜欢那里的氛围，非常宁静祥和。所有神明都在这里，所以任何想祈求什么的人都能在这里找到。千手千眼观音像充满了正能量，而且工作人员也很热情友好。祈祷结束后，你还可以带些点心回家，祈求好运。寺庙离三耀地铁站很近。,zh-CN,Tue Feb 03 2026 07:01:31 GMT-0800 (Pacific Standard Time),Kanjana,https://www.google.com/maps/reviews/data=!4m6!14m5!1m4!2m3!1sCi9DQUlRQUNvZENodHljRjlvT2xJMllYRnpjakp6YWxVNGQxbGxkR3RzTkVGRFEwRRAB!2m1!1s0x30e2991a614edb03:0xb7c009c5ba7fe675
ChIJA9tOYRqZ4jARdeZ_usUJwLc,Wat Thipphaya Warin Wihan,Ci9DQUlRQUNvZENodHljRjlvT2twVFFqRlRWMmRZZEV0eWEwTktRazFyVVRCMmVFRRAB,5.0,曼谷雄伟的灵修圣地与文化遗产：位于曼谷历史悠久的帕那空区的提帕里威汉寺（Wat Thipwari Wihan），俗称“青龙寺”（Kam Lo Wi Yi），是宏伟壮丽的大乘佛教文化遗产的见证。这座历史悠久的中国佛教寺庙为当地信徒和寻求真正文化体验的国际游客提供了一处深邃的精神圣地。步入寺庙，映入眼帘的是精湛的建筑工艺，错综复杂的多层屋顶、传统的中国图案以及描绘神圣神话故事的生动壁画，无不令人叹为观止。寺庙的精神核心是备受尊崇的青龙王（Chao Pho Mangkon Khiao）神龛，这位神祇因赐予繁荣、事业成功和健康而备受尊崇。此外，寺庙内有一处神圣的泉水，世代以来一直是当地信仰体系的核心，象征着源源不断的丰饶和心灵的净化。寺庙内的氛围在虔诚的宗教仪式和静谧的冥想之间达到了和谐的平衡。每逢传统节日，尤其是春节，这里都是人们的必游之地，届时寺庙将化身为热闹非凡的文化仪式和功德中心。对于现代旅行者而言，寺庙交通极其便利，可乘坐公共交通工具轻松抵达，距离MRT Sam Yot站仅几步之遥。如果您想探索曼谷多元文化遗产中蕴含的深厚精神内涵、宏伟的建筑和经久不衰的文化遗产，那么强烈推荐您前往瓦提帕里维汉寺 (Wat Thipwari Wihan)。,zh-CN,Sat Jun 06 2026 09:53:30 GMT-0700 (Pacific Daylight Time),P,https://www.google.com/maps/reviews/data=!4m6!14m5!1m4!2m3!1sCi9DQUlRQUNvZENodHljRjlvT2twVFFqRlRWMmRZZEV0eWEwTktRazFyVVRCMmVFRRAB!2m1!1s0x30e2991a614edb03:0xb7c009c5ba7fe675
ChIJzR9zihiZ4jARIxYT6Qz3zhs,Wat Chai Chana Songkhram (Wat Tuek),Ci9DQUlRQUNvZENodHljRjlvT2xZeWJ6TkJYMEp4Y1ZsM2VqVjBVM1F3UkhkQkxWRRAB,5.0,如果您开车前往，需要非常熟悉路况，因为道路是单行道且狭窄。乘坐公共交通工具或在附近找个停车位步行前往会更方便。寺庙仅对帕普塔猜禅那精舍（胜利佛寺）开放。,zh-CN,Sun Feb 01 2026 05:19:58 GMT-0800 (Pacific Standard Time),WW Holmes,https://www.google.com/maps/reviews/data=!4m6!14m5!1m4!2m3!1sCi9DQUlRQUNvZENodHljRjlvT2xZeWJ6TkJYMEp4Y1ZsM2VqVjBVM1F3UkhkQkxWRRAB!2m1!1s0x30e299188a731fcd:0x1bcef70ce9131623
ChIJzR9zihiZ4jARIxYT6Qz3zhs,Wat Chai Chana Songkhram (Wat Tuek),ChdDSUhNMG9nS0VKbjd3c1RnNEx6ZHl3RRAB,4.0,猜猜那颂堪寺（Wat Chai Chana Songkhram）是一座规模宏大的寺庙，距离冷内义寺（Wat Leng Neiy Yi）不远。我到访的那天，主殿关闭了，但胜利佛殿（Vihara of the Buddha of Victory）开放，它位于主殿后方，靠近一个仿瀑布，也是通往耀华力路（唐人街）的入口。猜猜那颂堪寺原名“瓦图寺”（Wat Tuek），建于拉玛三世国王统治时期一位杰出的将军昭披耶·博丁德查（Chao Phraya Bodindecha，又名辛辛哈塞尼）的土地和房产之上。他曾战胜越南和柬埔寨军队，凯旋归来后，将自己的土地和房屋捐赠出来，建成寺庙，并命名为“猜猜那颂堪寺”（Wat Chai Chana Songkhram，意为“战争胜利寺”），以纪念他的军事胜利。寺庙位于曼谷三攀他旺区空通路。昭披耶·博丁德查（辛·辛哈塞尼）是一位技艺精湛、英勇无畏的军事统帅，深受拉玛三世国王的器重。他甚至被誉为拉玛三世国王麾下最杰出的军事将领。在与越南长达14年的战争中，泰国最终取得胜利。作为最高统帅，昭披耶·博丁德查希望建造一座纪念碑来纪念这场胜利。他将拉玛三世国王赐予他的土地和房屋捐赠出来，用作寺庙，并命名为柴查纳颂堪寺（意为“战争胜利寺”）。寺庙建成并举行宗教仪式后，并未正式升格为皇家寺庙。它一直作为私人寺庙存在，直到现任泰国国王普密蓬·阿杜德陛下在位时，才被尊为三级皇家寺庙。除了与胜利相关的历史意义外，这座寺庙的另一个独特之处在于其非正式的“库提”（僧侣住所），这些住所全部由混凝土建造——这在当时是一种新颖而独特的建筑方法。时至今日，当地村民仍然称这座寺庙为“瓦猜查那颂堪寺”（战争胜利寺）或“瓦图寺”（建筑寺）。,zh-CN,Mon Jun 02 2025 20:28:04 GMT-0700 (Pacific Daylight Time),ธวัชชัย อารีย์,https://www.google.com/maps/reviews/data=!4m6!14m5!1m4!2m3!1sChdDSUhNMG9nS0VKbjd3c1RnNEx6ZHl3RRAB!2m1!1s0x30e299188a731fcd:0x1bcef70ce9131623
ChIJzR9zihiZ4jARIxYT6Qz3zhs,Wat Chai Chana Songkhram (Wat Tuek),Ci9DQUlRQUNvZENodHljRjlvT2tGVmIwRjBUREJ4TW00MWRuSnplR2RpY0RaM1lWRRAB,5.0,柴查那颂堪寺（Wat Chai Chana Songkhram），又称瓦图寺（Wat Tuek），建于拉玛三世国王统治时期。当时，皇室和贵族热衷于建造寺庙，以此表达对佛教的虔诚信仰，这也体现了拉玛三世国王的皇家信仰。柴查那颂堪寺位于曼谷三攀他旺区玛哈查克街，由拉玛三世国王的得力将领昭披耶·博丁德查（Chao Phraya Bodindecha，又名辛·辛哈塞尼）建造，旨在纪念暹罗与越南之间的“安南-暹罗战争”（约1833-1847年）。昭披耶·博丁德查于1848年左右返回暹罗，希望建造一座寺庙来纪念这场胜利。于是，他将自己在担任拉玛三世国王帕亚·拉查苏帕瓦迪（Phraya Ratchasupavadi）时期获赐的房屋和土地用于建造这座寺庙，并将其命名为柴查那颂堪寺。,zh-CN,Sat Aug 02 2025 03:20:09 GMT-0700 (Pacific Daylight Time),Vitaya Kunavichayanont,https://www.google.com/maps/reviews/data=!4m6!14m5!1m4!2m3!1sCi9DQUlRQUNvZENodHljRjlvT2tGVmIwRjBUREJ4TW00MWRuSnplR2RpY0RaM1lWRRAB!2m1!1s0x30e299188a731fcd:0x1bcef70ce9131623
ChIJzR9zihiZ4jARIxYT6Qz3zhs,Wat Chai Chana Songkhram (Wat Tuek),ChZDSUhNMG9nS0VJQ0FnTUR3ckpLZllBEAE,5.0,วัดเก่าแก่โดยท่านเจ้าพระยาบดินทรเดชาสิงห์ สิงหเสนี ให้บ้านและที่ดินของท่านผืนนี้เป็นวัด มีโรงเรียนประถมและโรงเรียนปริยัติธรรม มีลานจอดรถ ทางเข้าเป็นตรอกแคบๆ ต้องเข้าด้วยความระมัดระวัง,th,Sun Mar 23 2025 23:59:23 GMT-0700 (Pacific Daylight Time),Billy Than,https://www.google.com/maps/reviews/data=!4m6!14m5!1m4!2m3!1sChZDSUhNMG9nS0VJQ0FnTUR3ckpLZllBEAE!2m1!1s0x30e299188a731fcd:0x1bcef70ce9131623
ChIJzR9zihiZ4jARIxYT6Qz3zhs,Wat Chai Chana Songkhram (Wat Tuek),ChdDSUhNMG9nS0VJQ0FnSURuLXV5djFBRRAB,4.0,这座寺庙的主殿并非一直开放！ 这座规模相对较小的皇家寺庙，原名瓦图克寺（Wat Tuek，意为“叠叠楼”），由拉玛三世国王统治时期的一位杰出将军昭披耶·博丁德查（Chao Phraya Bodindecha，又名辛·辛哈塞尼）在其领地上建造。他将其命名为瓦柴查纳颂堪寺（Wat Chai Chana Songkhram，意为“战争胜利寺”），以纪念他战胜越南和柬埔寨军队的胜利。在拉玛九世国王统治时期，它被提升为皇家寺庙。寺庙位于威瓦特威昂路（Wiwat Wiang Road）上，介于查克拉瓦特路（Chakrawat Road）和玛哈查克路（Mahachak Road）之间。车辆必须在到达瓦图克寺路口之前从查克拉瓦特路转弯进入。进入寺庙后，您会看到传统的主殿，殿顶饰有尖顶和装饰性屋檐，朝向东方。主殿不对公众开放。两侧是较小的佛殿（vihara），里面供奉着几尊黑色立佛像。主殿前方则摆放着几尊金色坐佛像。寺庙前还有一座昭披耶菩提树菩提树的神龛…… 最新消息！！！,zh-CN,Sat Mar 14 2026 09:55:54 GMT-0700 (Pacific Daylight Time),ChubbyArin,https://www.google.com/maps/reviews/data=!4m6!14m5!1m4!2m3!1sChdDSUhNMG9nS0VJQ0FnSURuLXV5djFBRRAB!2m1!1s0x30e299188a731fcd:0x1bcef70ce9131623
ChIJD4qvhBuZ4jARt49cJ-InzXk,Wat Ratchaburana Ratchaworawihan (Wat Liap),Ci9DQUlRQUNvZENodHljRjlvT21KM01EWjFPRXR4UW1GdVVVWkZjME16U2tWdFpIYxAB,5.0,还行，比国内的寺庙清静很多，游客不多！,zh,Thu May 14 2026 22:18:03 GMT-0700 (Pacific Daylight Time),Jack Xu,https://www.google.com/maps/reviews/data=!4m6!14m5!1m4!2m3!1sCi9DQUlRQUNvZENodHljRjlvT21KM01EWjFPRXR4UW1GdVVVWkZjME16U2tWdFpIYxAB!2m1!1s0x30e2991b84af8a0f:0x79cd27e2275c8fb7
ChIJD4qvhBuZ4jARt49cJ-InzXk,Wat Ratchaburana Ratchaworawihan (Wat Liap),ChZDSUhNMG9nS0VJQ0FnSURROV9qeUp3EAE,4.0,这个庙不是很大，地理位置优越，靠近中国城，斜对面就是 KING RAMA l MEMORIAL BRIDGE 和漂亮的河景观！😘旁有一家大的花市，在河岸附近有多家餐饮店，咖啡店，码头也都在附近，没必要特意走来这庙参观，来到这附近顺便看看还行！😎,zh,Sun Jan 14 2018 09:45:07 GMT-0800 (Pacific Standard Time),Jessica Woods,https://www.google.com/maps/reviews/data=!4m6!14m5!1m4!2m3!1sChZDSUhNMG9nS0VJQ0FnSURROV9qeUp3EAE!2m1!1s0x30e2991b84af8a0f:0x79cd27e2275c8fb7
ChIJD4qvhBuZ4jARt49cJ-InzXk,Wat Ratchaburana Ratchaworawihan (Wat Liap),Ci9DQUlRQUNvZENodHljRjlvT21GNlNIUjVTM2hmWlVwd1ZXUk9iMkpqZVRCeGVIYxAB,2.0,寺庙很好，但是要警惕一些小孩骗局，他会跟你说没有钱读书，奶奶生病，他有癌症等,zh,Sun May 31 2026 00:44:05 GMT-0700 (Pacific Daylight Time),蔡龙城,https://www.google.com/maps/reviews/data=!4m6!14m5!1m4!2m3!1sCi9DQUlRQUNvZENodHljRjlvT21GNlNIUjVTM2hmWlVwd1ZXUk9iMkpqZVRCeGVIYxAB!2m1!1s0x30e2991b84af8a0f:0x79cd27e2275c8fb7
ChIJD4qvhBuZ4jARt49cJ-InzXk,Wat Ratchaburana Ratchaworawihan (Wat Liap),Ci9DQUlRQUNvZENodHljRjlvT25vM1JXaGxaVEF5VmxkRWRHaDZNR3BPTURWUmVtYxAB,5.0,该寺原名瓦利亚寺（Wat Liap），是一座古老的寺庙，据信建于阿瑜陀耶王朝时期，在吞武里王朝时期曾是皇家僧侣的驻寺。 拉玛一世国王登基曼谷后，泰帕里·拉萨王子（Prince Thephari Raksa）修复了瓦利亚寺，以求功德。他欣然接受了修复，并于1793年左右将其确立为皇家寺庙，更名为拉差布拉那·拉差沃拉维汉寺（Wat Ratchaburana Ratchaworawihan）[1]，沿袭了素可泰王朝以来曼谷皇家寺庙的传统。素可泰王朝时期，曼谷有三座重要的寺庙：拉差布拉那寺（Wat Ratchaburana）、玛哈泰寺（Wat Mahathat）和拉差普拉迪斯坦寺（Wat Ratchapradisthan）。 拉玛二世国王统治时期，旧界碑被移除，并建造了新的戒堂和精舍，戒堂周围环绕着回廊。寺内供奉着162尊佛像，这些佛像由拉玛一世国王下令从各个府府运来。 后来，拉玛三世国王下令在寺庙三面挖掘护城河，护城河口与城市护城河——翁昂水道相连。他还下令建造一座名为帕佛塔（Phra Phuttha Prang）的大型佛塔，通体饰以琉璃瓦。 拉玛四世国王统治时期，寺庙进行了另一次大规模修缮。由于特里佩特路（Tri Phet Road）穿过寺庙中心，他下令在寺庙周围修建围墙，并将位于特里佩特路西侧的僧舍迁至寺庙东侧，重新组合建造。在特里佩特路沿线，他下令建造排屋供民众出租居住，租金用于支持寺庙的运营。排屋后面的区域则被用作素坤逸威塔亚莱学校（Suankularb Wittayalai School）的校址。 二战期间，该寺庙位于战略要地附近：帕佛塔约法桥和瓦利亚普发电厂（现为曼谷瓦利亚普区电力局）。1945年4月14日，该寺庙遭到飞机轰炸，主殿、僧院、僧舍、其他建筑以及主殿内由Khrua Inkhong绘制的壁画均被摧毁。仅剩佛像、日本人墓地（用于存放日本人骨灰的建筑）和一些受损的佛像。寺庙几乎被彻底摧毁。僧伽委员会和内阁决定解散该寺庙。他们将此事呈报国王陛下，并根据教育部1945年7月30日的公告，该寺庙正式解散。 寺庙解散后，其他寺庙获准将佛像带走，并根据自身意愿供奉在各自的寺庙中。因此，所有佛像都被分发到全国各地的寺庙。寺庙中一尊重要的佛像——帕普塔·特瓦（Phra Phuttha Thewa），原为主殿的主佛像，被移至素攀武里府斯里巴占县的帕西查伦寺（Wat Pho Si Charoen）主殿供奉。 战争结束后……僧侣团体和虔诚的信徒们，在帕库·帕拉·苏瓦塔纳图塔坤（Phra Khru Palat Suwatthanathutakhun，后被授予帕拉查普鲁塔查恩（Phra Ratchaphrutthacharn，又名清因托乔托）的带领下，认为应该恢复拉查布拉那寺（Wat Ratchaburana）的寺庙地位。他们联系了当时的曼谷国会议员库安·阿拜翁（Khuang Abhaiwong）先生，请他将此事呈报给国王陛下，请求国王批准重建拉查布拉那寺。 1948年1月9日，寺庙解散的公告被撤销，并获准重建。随后，他们共同开展了寺庙的修复工作。 修复工作首先建造了僧舍和其他建筑，随后建造了主殿。1960年3月9日，普密蓬·阿杜德国王陛下主持了四面佛殿顶饰的竖立仪式和主佛像的铸造仪式，该佛像被命名为……帕普塔·玛哈拉特佛像。这座戒堂曾是当时最杰出工匠的聚集地，例如銮维桑·西帕空教授（楚·帕玛钦达）、傅阿南塔翁先生和桑加·玛尤拉先生。佛塔本身并未在轰炸中受损，但随着时间的推移逐渐损毁。因此，内政部于1962年对其进行了修复。 过去，拉差布拉那寺占地约35莱（rai），包括现在的素坤逸威塔亚莱学校和宝昌艺术学校的全部区域。这片区域曾是寺庙僧侣的住所和其他建筑所在地。目前，寺庙用地面积为5莱2恩甘（rai 2 ngan）。它于1970年3月26日获得了皇家特许状（Visungkamsima）。该特许状区域宽44米，长55米。,zh-CN,Tue Apr 14 2026 08:56:24 GMT-0700 (Pacific Daylight Time),๋jitraphorn_花卉市场,https://www.google.com/maps/reviews/data=!4m6!14m5!1m4!2m3!1sCi9DQUlRQUNvZENodHljRjlvT25vM1JXaGxaVEF5VmxkRWRHaDZNR3BPTURWUmVtYxAB!2m1!1s0x30e2991b84af8a0f:0x79cd27e2275c8fb7
ChIJD4qvhBuZ4jARt49cJ-InzXk,Wat Ratchaburana Ratchaworawihan (Wat Liap),Ci9DQUlRQUNvZENodHljRjlvT2t3eFVtaElMV0UxYW5SMmQwTldhVFppVGtGSWEyYxAB,4.0,412...18 02 2569 Wat Ratchaburana Ratchaworawihan（Wat Liap Saphan Phut），曼谷拍那空区 Wang Burapha Phirom 分区。大乘尼迦耶 类型：皇家寺庙，二级 创建时间：阿瑜陀耶王朝时期 主佛像：帕普塔玛哈拉特佛像 住持：帕坦瓦奇拉纳约克（普里查阿皮瓦诺）佛历九年 景点：佛塔内的佛像 四面戒堂 日本墓地 照片由 Natdanai Phakdiwirawong 拍摄，日期：2017年2月25日，共70张照片 此寺庙位于作者的相册 #412 中（作者所有相册中的所有照片均可使用。作者旨在传播佛教，促进宗教的广泛传播，无需获得许可。因此，扩大佛法的传播范围是确保佛教长存的一种方式。） 今天我原本打算在北榄府拍照，但下雨了，所以我决定参观一下路过的寺庙。在北榄府，我参观了利亚寺。天气阴沉多雨。下雨前我拍了几张照片。主殿关闭了，所以我在等待雨停的时候，拍了四面八方的窗户。之后，我去拍摄主佛像。这是一座拉玛三世时期建造的宝塔，由砖石砌成，装饰着精美的琉璃瓦。它最显著的特征是二十八边形的底座，底座由五层莲花花瓣构成，上面有魔罗的图案支撑，顶部是带冠的尖顶。它非常漂亮。之后，我走回了原来的位置。幸运的是，主殿开放了，因为有两位僧人在那里做功德。我接受了他们的祝福，他们告诉我我来得正是时候。我拍下了主佛像的照片，并在离开佛塔前向他们道谢。,zh-CN,Wed Apr 01 2026 04:35:28 GMT-0700 (Pacific Daylight Time),ณัฐดนัย ภักดีวีรวงศ์,https://www.google.com/maps/reviews/data=!4m6!14m5!1m4!2m3!1sCi9DQUlRQUNvZENodHljRjlvT2t3eFVtaElMV0UxYW5SMmQwTldhVFppVGtGSWEyYxAB!2m1!1s0x30e2991b84af8a0f:0x79cd27e2275c8fb7
ChIJpTCsUxmZ4jARuCJWFLX8ZCE,Wat Bophit Phimuk Worawihan,Ci9DQUlRQUNvZENodHljRjlvT25WSmMySm1XREEzWDNOelZIQlBURXB3WVhrMU9HYxAB,5.0,波披披寺（Wat Bophit Phimuk）是一座二等皇家寺庙，属于沃拉威汉（Worawihan）类型，位于曼谷三攀他旺区查克拉瓦路266号。该寺原名春伦寺（Wat Choeng Len）或丁伦寺（Wat Teen Len），其历史可追溯至阿瑜陀耶王朝时期。公元1785年（佛历2328年），拉玛一世国王在位期间，王储阿努拉克·特韦（Anurak Thewet，又称王郎）对寺庙进行了修缮，并将其作为皇家寺庙献给国王。国王为纪念他，将寺庙命名为波披披寺（Wat Bophit Phimuk）。波披披寺的庆典活动与首都帕斯里拉达那萨萨拉姆寺（Wat Phra Sri Rattanasasaram）及其他寺庙的庆典活动同时举行。然而，由于砖块和砂浆短缺（这些砖块和砂浆也用于建造更重要的城市和宫殿），翻新的建筑并没有维持多久，在拉玛三世国王统治时期不得不被拆除并完全重建。,zh-CN,Sat Jun 20 2026 07:02:59 GMT-0700 (Pacific Daylight Time),๋jitraphorn_花卉市场,https://www.google.com/maps/reviews/data=!4m6!14m5!1m4!2m3!1sCi9DQUlRQUNvZENodHljRjlvT25WSmMySm1XREEzWDNOelZIQlBURXB3WVhrMU9HYxAB!2m1!1s0x30e2991953ac30a5:0x2164fcb5145622b8
ChIJpTCsUxmZ4jARuCJWFLX8ZCE,Wat Bophit Phimuk Worawihan,Ci9DQUlRQUNvZENodHljRjlvT2taS1FXUk5jR2hKVkVOdmF6RkpOaTF2U2psUmJIYxAB,5.0,我来这里参加“查克拉瓦隐藏瑰宝”项目的集章活动。这是我护照上的第三个印章。我从公共图书馆大楼下方进入寺庙。印章在右侧的柜子上。这里的人们非常热情友好。我还在佛龛里拜见了龙婆凯。,zh-CN,Sat May 23 2026 18:25:59 GMT-0700 (Pacific Daylight Time),manita pru,https://www.google.com/maps/reviews/data=!4m6!14m5!1m4!2m3!1sCi9DQUlRQUNvZENodHljRjlvT2taS1FXUk5jR2hKVkVOdmF6RkpOaTF2U2psUmJIYxAB!2m1!1s0x30e2991953ac30a5:0x2164fcb5145622b8
ChIJpTCsUxmZ4jARuCJWFLX8ZCE,Wat Bophit Phimuk Worawihan,ChZDSUhNMG9nS0VJQ0FnSUM3bkxIV2NBEAE,5.0,这是一座小型皇家寺庙，原名Wat Choeng Len或Wat Teen Len。它由Krom Phra Ratchawang Bowon Sathan Phimuk王子（后宫）翻修，后升格为皇家寺庙。拉玛一世国王将其更名为Wat Bophit Phimuk。寺庙位于Chakrawat路，就在Chakrawat警察局前。入口处是一个小拱门。进入后，主殿位于左侧。主殿采用传统风格建造，带有尖顶、装饰性屋檐和八个方位的界碑。主殿朝南，不对公众开放。主殿前方是一座小佛堂（vihara），有一条小路通往此处，也不对公众开放。主殿后方是一座白色的兰纳风格宝塔和一座小佛堂，里面供奉着龙婆凯的塑像，寺庙的护身符也在此出售。再往里走，是一栋漂亮的泰式现代风格三层建筑，里面设有公共图书馆。上周，我参观了拉达那哥欣岛上的寺庙。今天，我继续在三鹏-耀华力地区参拜寺庙。首先是拉差布拉那寺，然后是波披披穆寺，最后是查克拉瓦寺。,zh-CN,Tue Aug 13 2024 07:11:28 GMT-0700 (Pacific Daylight Time),Suporn Kulwatnantachai,https://www.google.com/maps/reviews/data=!4m6!14m5!1m4!2m3!1sChZDSUhNMG9nS0VJQ0FnSUM3bkxIV2NBEAE!2m1!1s0x30e2991953ac30a5:0x2164fcb5145622b8
ChIJpTCsUxmZ4jARuCJWFLX8ZCE,Wat Bophit Phimuk Worawihan,ChZDSUhNMG9nS0VJQ0FnSUMtZ2FPUEx3EAE,3.0,波披披慕寺（Wat Bophit Phimuk Worawihan）是一座属于摩诃尼迦耶派的二等皇家寺庙，属于沃拉维汉式。该寺原名春伦寺（Wat Choeng Len）或丁伦寺（Wat Tin Len），其历史可追溯至阿瑜陀耶王朝时期。拉玛一世国王统治时期，其孙阿努拉克·特维斯王子（Prince Anurak Thewes）对寺庙进行了修缮，并将其作为皇家寺庙献给国王。国王为了纪念王储披慕王子，将寺庙更名为“波披披慕寺”（Wat Bophit Phimuk）。 寺庙主要供奉的佛像： 主殿内供奉着一尊贴金灰泥佛像，呈摩罗毗荼式（Maravijaya）。佛像名称不详。它与主要弟子的佛像供奉在同一基座上。据信，这尊佛像与主殿同时建造，其精美的造型体现了阿瑜陀耶王朝的建筑风格。有人称之为“年轻面容的阿瑜陀耶”或“女性面容的阿瑜陀耶”。 主殿内的佛像共有六尊，均为贴金箔的灰泥佛像，呈马拉维贾亚式坐姿，拉达那哥欣风格。它们供奉在同一基座上，但面容各异，表明并非同时制作。 - 一尊陀罗钵底时期的石雕佛像，呈禅定姿势。 - （乌通石佛）主殿内的主佛像为砂岩佛像（位于后方中央）。 - 帕佛塔波披蒙坤（龙婆延），位于主殿前方中央的小佛像。 - 一尊白玉佛像位于寺庙后方的公共图书馆下方。 - 龙婆凯殿位于主殿后方。 寺庙后方的运河边供奉着陶威素万（Thao Wessuwan）和帕亚·约玛拉（Phraya Yommaraj）的雕像。 龙婆凯因塔萨罗（Luang Pu Khai Inthasaro）是一位备受尊敬的佛教大师，拥有深厚的灵性。他精通内观禅修，修行之深，甚至能够预知未来。他还以讲解《摩诃恰》（Mahachat，意为“大诞生”）史诗而闻名。此外，他还精通传统医学。他的弟子包括泰国人、中国人以及锡克教徒。当他们生病时，常常前来求医，而他总是不分国籍、宗教或出身，一视同仁地帮助他们。他的佛牌在佛牌收藏界广受欢迎。,zh-CN,Sat Nov 05 2022 09:57:52 GMT-0700 (Pacific Daylight Time),Chanthawat Boonprasertsri,https://www.google.com/maps/reviews/data=!4m6!14m5!1m4!2m3!1sChZDSUhNMG9nS0VJQ0FnSUMtZ2FPUEx3EAE!2m1!1s0x30e2991953ac30a5:0x2164fcb5145622b8
ChIJpTCsUxmZ4jARuCJWFLX8ZCE,Wat Bophit Phimuk Worawihan,ChZDSUhNMG9nS0VJQ0FnSUR4a3V1LVBnEAE,4.0,今天，我们参观一座古老的寺庙，其历史可以追溯到阿瑜陀耶王朝时期，当时阿瑜陀耶是都城。这座寺庙最初名为瓦恩寺（Wat Ngoen）或瓦丁伦寺（Wat Teen Len），直到拉达那哥欣王朝时期，它才成为都城。在拉玛一世国王统治时期，克罗姆·帕·拉查旺·博翁·萨坦·皮穆克（Krom Phra Ratchawang Bowon Sathan Phimuk，意为“后宫”）对其进行了大规模的修复。之后，它被献给皇家寺庙，并被命名为瓦博皮皮穆克寺（Wat Bophit Phimuk），并沿用至今。 瓦博皮皮穆克寺戒堂内的主佛像为一尊贴金箔的灰泥佛像，其名称已不可考。佛像两侧各有一位主要弟子，同立于同一基座之上。这尊佛像采用阿瑜陀耶风格，被称为“面容柔美的阿瑜陀耶风格”。,zh-CN,Mon Mar 23 2026 08:24:21 GMT-0700 (Pacific Daylight Time),ChubbyArin,https://www.google.com/maps/reviews/data=!4m6!14m5!1m4!2m3!1sChZDSUhNMG9nS0VJQ0FnSUR4a3V1LVBnEAE!2m1!1s0x30e2991953ac30a5:0x2164fcb5145622b8
ChIJ43xEIpGZ4jARS-qS_JI6uBo,Wat Thep Thidaram Worawihan,Ci9DQUlRQUNvZENodHljRjlvT2tnNVYzVTNWRlowZW5CeVRYbExhRk5yZW01MFVHYxAB,5.0,瓦提达拉姆沃拉维汉寺（Wat Thep Thidaram Worawihan）是一座三级皇家寺庙，位于玛哈猜路（Maha Chai Road）上，靠近瓦拉查那达拉姆沃拉维汉寺（Wat Ratchanatdaram Worawihan）。该寺原名瓦班帕亚克莱苏安銮寺（Wat Ban Phraya Krai Suan Luang），据信其名称源于寺庙所在地，那里曾是一片稻田，很可能属于贵族或高级官员帕亚克莱佩·拉塔纳颂克拉姆（Phraya Kraiphet Rattanasongkram）。 瓦提达拉姆沃拉维汉寺由拉玛三世国王下令建造，以纪念他的长女阿普颂·苏达特普公主（Princess Apsorn Sudathep）。寺庙始建于1836年，于1839年竣工。 该寺庙的主要特色包括：四座方位尖顶，这是拉玛三世统治时期精湛工艺的杰作；戒堂内支撑主佛像的精美华盖；以及戒堂墙壁上描绘稻穗的壁画，其风格体现了拉玛三世时期的特色。 这座寺庙曾是泰国著名诗人孙通普的住所。在拉达那哥欣王朝时期（1840年至1842年），孙通普出家为僧，他的一处住所，即著名的“诗人之家”，被改建为孙通普博物馆。,zh-CN,Tue Apr 14 2026 10:22:33 GMT-0700 (Pacific Daylight Time),นาย กาแฟ,https://www.google.com/maps/reviews/data=!4m6!14m5!1m4!2m3!1sCi9DQUlRQUNvZENodHljRjlvT2tnNVYzVTNWRlowZW5CeVRYbExhRk5yZW01MFVHYxAB!2m1!1s0x30e2999122447ce3:0x1ab83a92fc92ea4b
ChIJ43xEIpGZ4jARS-qS_JI6uBo,Wat Thep Thidaram Worawihan,Ci9DQUlRQUNvZENodHljRjlvT21WcVdrZ3lWM0JKU0RsbVEyWklaMTltZFZGc2JWRRAB,3.0,拉玛三世国王于1836年为他的长女阿普森·苏达特普公主下令建造这座寺庙，并于1839年竣工。Thepthida意为天女或天之女。据说公主本人也资助了寺庙的建造费用。虽然有些评论说寺庙免费开放，但实际上门票是100泰铢。我参观时，我是唯一的外国游客，一位工作人员帮我用手机拍了一张纪念照。,zh-CN,Tue Jul 07 2026 03:02:00 GMT-0700 (Pacific Daylight Time),takashi suzuki,https://www.google.com/maps/reviews/data=!4m6!14m5!1m4!2m3!1sCi9DQUlRQUNvZENodHljRjlvT21WcVdrZ3lWM0JKU0RsbVEyWklaMTltZFZGc2JWRRAB!2m1!1s0x30e2999122447ce3:0x1ab83a92fc92ea4b
ChIJ43xEIpGZ4jARS-qS_JI6uBo,Wat Thep Thidaram Worawihan,Ci9DQUlRQUNvZENodHljRjlvT2xsZk1pMTZRMEUzU1dWeFNXZHBZMEZPUmpSMmFXYxAB,5.0,这是另一座非常美丽宁静的寺庙。与该地区的其他寺庙相比，其内部略显破旧。这座寺庙的建筑风格独特，融合了泰式和中式风格，缺少传统的尖顶、装饰性屋檐和天鹅尾饰。主殿周围环绕着许多精美的宝塔。如果您有机会来到这附近，一定要去参观这座寺庙。,zh-CN,Wed Apr 15 2026 06:09:49 GMT-0700 (Pacific Daylight Time),Verapat Sriwilas,https://www.google.com/maps/reviews/data=!4m6!14m5!1m4!2m3!1sCi9DQUlRQUNvZENodHljRjlvT2xsZk1pMTZRMEUzU1dWeFNXZHBZMEZPUmpSMmFXYxAB!2m1!1s0x30e2999122447ce3:0x1ab83a92fc92ea4b
ChIJ43xEIpGZ4jARS-qS_JI6uBo,Wat Thep Thidaram Worawihan,Ci9DQUlRQUNvZENodHljRjlvT2xBNGFXeG1TbEJZYUVsclpVaDBSRGQ0TVhwVE5FRRAB,5.0,位于曼谷帕那空区的瓦提达拉姆沃拉维汉寺（Wat Thepthidaram Worawihan）由拉玛三世国王于1836年创建，并于1839年竣工。该寺原名为瓦帕亚克莱苏安銮寺（Wat Phraya Krai Suan Luang），是为了纪念国王的女儿维拉斯公主而建，这在当时的皇室赞助中极为罕见，尤其以女性人物为中心。后来，这座寺庙因成为泰国最受尊敬的诗人孙通普（Sunthorn Phu）的僧院而具有了文学意义。孙通普曾在此剃度，进行个人反思。 寺庙的建筑遵循传统的泰式设计原则，布局对称，风格内敛优雅。主殿（ubosot）的四个角耸立着四座佛塔（prang），体现了阿瑜陀耶和高棉风格的影响。部分建筑上绘有精美的中国图案，而经堂（Ho Trai）保存尤为完好，并因其保护工作而获得国际认可。 佛殿内供奉着一尊罕见的白色大理石佛像，呈摩罗毗荼坐姿（降伏魔罗），象征着证悟成佛的时刻。这尊佛像在泰国寺庙艺术中极为罕见，因为泰国寺庙艺术中更常见的是青铜或灰泥镀金的佛像。使用大理石体现了对纯洁和永恒的追求，与寺庙的纪念目的相契合。佛像端坐于一个精美的雕塑底座之上，底座上装饰着一排排微型佛像，每尊佛像双手合十，结合祈祷印。这些小佛像直接雕刻在底座上，形成一个环绕中心佛像的韵律优美的队伍。它们的存在使底座成为一个公共的画面，象征着僧伽（佛教团体），并强化了集体敬畏和精神联结的主题。 在另一座名为比丘尼殿（Bhikkhuni Viharn）的大殿中，矗立着一尊金属佛像，周围环绕着52尊女僧（比丘尼）雕像。这些雕像呈对称排列，被认为代表着开悟的女弟子，这有力且罕见地展现了女性在佛教修行中的重要地位。这座大殿是泰国少数几座明确尊崇女僧侣的大殿之一，强化了寺庙包容的灵性理念及其对维拉斯公主的敬仰。 主殿（ubosot）内部装饰简洁而优雅，强调清晰、对称与宁静。摒弃繁复的装饰，使大理石佛像及其雕塑底座成为空间的主角，营造出一种专注而沉思的氛围。相比之下，比丘尼殿则提供了一种以女性灵性传承为中心的独特修行体验，使这座寺庙成为一处罕见的包容性灵修圣地。 该寺庙靠近玛哈坎堡和拉差那达寺，是曼谷老城历史走廊的一部分。由于毗邻众多市政和文学地标，这里是纪念性参观的理想场所，尤其适合对性别史、泰国文化遗产和孙通普诗歌遗产感兴趣的人。,zh-CN,Sat Apr 04 2026 19:33:20 GMT-0700 (Pacific Daylight Time),The Traveling Pug,https://www.google.com/maps/reviews/data=!4m6!14m5!1m4!2m3!1sCi9DQUlRQUNvZENodHljRjlvT2xBNGFXeG1TbEJZYUVsclpVaDBSRGQ0TVhwVE5FRRAB!2m1!1s0x30e2999122447ce3:0x1ab83a92fc92ea4b
ChIJ43xEIpGZ4jARS-qS_JI6uBo,Wat Thep Thidaram Worawihan,Ci9DQUlRQUNvZENodHljRjlvT2pOM2VYZFRaWEIzTWtaV2NVTkNTVkJEVFZOdGJYYxAB,5.0,这座寺庙历史悠久，是拉玛三世国王时期非常重要的一座寺庙。 他下令建造这座寺庙作为送给女儿的礼物，因此得名“Wat Thep Thidaram”（女神庙）。 这座寺庙的独特之处在于： • 它融合了泰式和中式建筑风格，体现了拉玛三世时期的建筑特色。 • 寺庙内珍藏着众多中国石像，代表了那个时期重要的艺术成就。 • 泰国著名诗人孙通普（Sunthorn Phu）晚年曾在此寺出家为僧，并在此居住。,zh-CN,Thu Mar 05 2026 23:08:30 GMT-0800 (Pacific Standard Time),Enjoyvips,https://www.google.com/maps/reviews/data=!4m6!14m5!1m4!2m3!1sCi9DQUlRQUNvZENodHljRjlvT2pOM2VYZFRaWEIzTWtaV2NVTkNTVkJEVFZOdGJYYxAB!2m1!1s0x30e2999122447ce3:0x1ab83a92fc92ea4b
ChIJQ4oFJxCZ4jAR9yYUnLy-aS0,拉差巴迪寺,ChdDSUhNMG9nS0VJQ0FnSUNJczkteDdRRRAB,5.0,非常美,zh,Thu Dec 06 2018 05:21:19 GMT-0800 (Pacific Standard Time),J Y Yanger LIN,https://www.google.com/maps/reviews/data=!4m6!14m5!1m4!2m3!1sChdDSUhNMG9nS0VJQ0FnSUNJczkteDdRRRAB!2m1!1s0x30e2991027058a43:0x2d69bebc9c1426f7
ChIJQ4oFJxCZ4jAR9yYUnLy-aS0,拉差巴迪寺,Ci9DQUlRQUNvZENodHljRjlvT2tocFJXRmthVkJuYkZvd1ZXSnNSVzFFYUVGaFEwRRAB,5.0,这座寺庙曾是罗摩四世国王的皇家寺庙。教堂和宝塔的外部全部用大理石装饰，非常漂亮，值得参观朝拜。,zh-CN,Tue Apr 14 2026 19:35:01 GMT-0700 (Pacific Daylight Time),Suttisak angkapanich,https://www.google.com/maps/reviews/data=!4m6!14m5!1m4!2m3!1sCi9DQUlRQUNvZENodHljRjlvT2tocFJXRmthVkJuYkZvd1ZXSnNSVzFFYUVGaFEwRRAB!2m1!1s0x30e2991027058a43:0x2d69bebc9c1426f7
ChIJQ4oFJxCZ4jAR9yYUnLy-aS0,拉差巴迪寺,Ci9DQUlRQUNvZENodHljRjlvT21Obk1HOTVjVXBTYzA0MGRqbGtVbU5HVUVkSWVYYxAB,5.0,拉差帕迪寺（Wat Ratchapradit）是一座位于帕那空府的皇家寺庙，曾是拉玛四世国王的寺庙。 不容错过的亮点： 主殿：建筑外墙和圆形立柱均以灰色大理石装饰，并饰以棋盘格纹。 壁画： 《十二个月的皇家仪式》创作于拉玛五世国王统治时期。 一幅描绘拉玛四世国王于1868年8月18日在巴蜀府班瓦哥村观测日食的壁画。,zh-CN,Fri Feb 13 2026 18:37:18 GMT-0800 (Pacific Standard Time),Wannaporn Punudom,https://www.google.com/maps/reviews/data=!4m6!14m5!1m4!2m3!1sCi9DQUlRQUNvZENodHljRjlvT21Obk1HOTVjVXBTYzA0MGRqbGtVbU5HVUVkSWVYYxAB!2m1!1s0x30e2991027058a43:0x2d69bebc9c1426f7
ChIJQ4oFJxCZ4jAR9yYUnLy-aS0,拉差巴迪寺,Ci9DQUlRQUNvZENodHljRjlvT2pFeU0yeFpTbVpZU1VsRmRXMWFiRU13ZW1GcGFGRRAB,5.0,拉差帕迪萨提玛哈西玛拉兰寺（Wat Ratchapradit Sathit Mahasimararam）是一座一级皇家寺庙，位于玉佛寺（Wat Phra Kaew）和拉差波披寺（Wat Ratchabophit）之间。您可以乘坐巴士、轻轨（BTS）或骑自行车轻松抵达。该寺庙建于拉玛四世国王统治时期，作为皇家寺庙而建，主佛像的佛座内供奉着拉玛四世国王的骨灰。戒堂内的壁画描绘了每月十二项皇家仪式。主佛像前的墙壁上绘有一幅日食景象，人们正透过望远镜观测日食，以此纪念国王曾到访瓦科寺（Wa Ko）观测日食。,zh-CN,Sat Dec 20 2025 03:32:51 GMT-0800 (Pacific Standard Time),Torpong Chiamtawongse,https://www.google.com/maps/reviews/data=!4m6!14m5!1m4!2m3!1sCi9DQUlRQUNvZENodHljRjlvT2pFeU0yeFpTbVpZU1VsRmRXMWFiRU13ZW1GcGFGRRAB!2m1!1s0x30e2991027058a43:0x2d69bebc9c1426f7
ChIJQ4oFJxCZ4jAR9yYUnLy-aS0,拉差巴迪寺,Ci9DQUlRQUNvZENodHljRjlvT25GVWRXUnFhRWc0WlV4b1ozWjNRVGxGZW1wbmQzYxAB,5.0,วัดพุทธเถรวาท พื้นที่ขนาดเล็ก หันตัวไปมา ได้เห็นครบทั้ง เจดีย์ โบสถ์ วิหาร กุฏิ มีลักษณะเด่น ของการริเริ่มสร้างวัดไทยแบบยุคที่แสดงถึงการใช้หินอ่อน และมีบานไม้ประดับมุกฝีมือช่างชาวญี่ปุ่น วัดมีเอกลักษณ์หลายอย่าง มีสินค้า ที่เป็นลักษณะ สุ่มลาย เพื่อนำรายได้ไปซ่อมวัด,th,Thu Feb 05 2026 23:16:32 GMT-0800 (Pacific Standard Time),Angie Srichai,https://www.google.com/maps/reviews/data=!4m6!14m5!1m4!2m3!1sCi9DQUlRQUNvZENodHljRjlvT25GVWRXUnFhRWc0WlV4b1ozWjNRVGxGZW1wbmQzYxAB!2m1!1s0x30e2991027058a43:0x2d69bebc9c1426f7
ChIJr73LyROZ4jARdUijhDjAjPw,Wat Mahannapharam Worawihan,ChdDSUhNMG9nS0VJQ0FnSUNfem9mSDZnRRAB,1.0,周四下午：佛堂没开,zh,Thu Jan 16 2025 00:05:01 GMT-0800 (Pacific Standard Time),Tangut Lu,https://www.google.com/maps/reviews/data=!4m6!14m5!1m4!2m3!1sChdDSUhNMG9nS0VJQ0FnSUNfem9mSDZnRRAB!2m1!1s0x30e29913c9cbbdaf:0xfc8cc03884a34875
ChIJr73LyROZ4jARdUijhDjAjPw,Wat Mahannapharam Worawihan,Ci9DQUlRQUNvZENodHljRjlvT21GVFpFVTRXRlZtVUhob1VuVm5MWGN0YkVSVExYYxAB,5.0,寺庙非常干净，氛围宁静祥和。您可以在这里祈祷许愿；寺庙提供香烛和鲜花。您可以根据自己的信仰进行捐赠，既可以现金捐赠，也可以通过扫描二维码捐赠。您可以四处走走，参观寺庙内的宗教场所。寺庙内设有干净的洗手间。停车比较困难，请注意不要让您的车被拖走。,zh-CN,Sat Jun 27 2026 11:24:56 GMT-0700 (Pacific Daylight Time),Worayut Klungniam,https://www.google.com/maps/reviews/data=!4m6!14m5!1m4!2m3!1sCi9DQUlRQUNvZENodHljRjlvT21GVFpFVTRXRlZtVUhob1VuVm5MWGN0YkVSVExYYxAB!2m1!1s0x30e29913c9cbbdaf:0xfc8cc03884a34875
ChIJr73LyROZ4jARdUijhDjAjPw,Wat Mahannapharam Worawihan,Ci9DQUlRQUNvZENodHljRjlvT2tNNVVtZzVXVVJVYlhsWVFWcDZSVFV4V0dzMVVXYxAB,4.0,（或俗称玛哈诺寺） 这座寺庙由拉玛三世国王之子玛哈诺王子在拉玛三世统治时期建造。 ✨️主殿内供奉着“帕鲁昂通坎佛像”，这是一尊精美的素可泰风格纯金佛像。 据信，它是泰国仅存的九尊此类佛像之一，已有700多年的历史。 🌟这里也是泰国第一所面向公众的政府学校所在地。该校于1884年拉玛五世国王统治时期建立，旨在响应国王鼓励在寺庙内设立学校的倡议。 🌟寺庙建筑风格融合了泰式和中式元素。主殿内部，天花板绘有精美的格子图案。 🙏热门祈福： 由于这是一尊象征繁荣的素可泰时期精美佛像，人们经常前来祈求生活顺遂、事业有成。 ✨️据说，供奉这尊纯金佛像能带来好运和财富。 ✨️帕銮佛被认为是解决问题或忧虑的精神慰藉之源。 🌟据说能带来好运的物品……“龙婆帕銮”特别喜爱…… 风筝🪁和藤球（一种踢球运动）🏐 ✨️主殿内还供奉着龙婆汶里佛像，这是阿瑜陀耶风格的马拉维贾亚式主佛像，也值得前来参拜祈福。 🙏😊请关注我！谢谢！,zh-CN,Tue Jan 06 2026 20:05:50 GMT-0800 (Pacific Standard Time),LNP SRM,https://www.google.com/maps/reviews/data=!4m6!14m5!1m4!2m3!1sCi9DQUlRQUNvZENodHljRjlvT2tNNVVtZzVXVVJVYlhsWVFWcDZSVFV4V0dzMVVXYxAB!2m1!1s0x30e29913c9cbbdaf:0xfc8cc03884a34875
ChIJr73LyROZ4jARdUijhDjAjPw,Wat Mahannapharam Worawihan,Ci9DQUlRQUNvZENodHljRjlvT2xOVWRFTlBkVmRYUTBVM1h6RXRjV1JQUVRacmNHYxAB,5.0,不错的寺庙，游客不多。干净、安静，可以四处走走，参观不同的建筑。,zh-CN,Fri Mar 20 2026 00:52:11 GMT-0700 (Pacific Daylight Time),Karin Leysen,https://www.google.com/maps/reviews/data=!4m6!14m5!1m4!2m3!1sCi9DQUlRQUNvZENodHljRjlvT2xOVWRFTlBkVmRYUTBVM1h6RXRjV1JQUVRacmNHYxAB!2m1!1s0x30e29913c9cbbdaf:0xfc8cc03884a34875
ChIJr73LyROZ4jARdUijhDjAjPw,Wat Mahannapharam Worawihan,Ci9DQUlRQUNvZENodHljRjlvT2pCdFVsVlNNWE5QTFhobGRtUnNkelZvYVdOb2IwRRAB,5.0,2014年2月69日_前来参拜主佛像。寺庙正在筹备明天的寺庙节庆活动。,zh-CN,Sat Feb 14 2026 06:17:54 GMT-0800 (Pacific Standard Time),ห๊ะะะ,https://www.google.com/maps/reviews/data=!4m6!14m5!1m4!2m3!1sCi9DQUlRQUNvZENodHljRjlvT2pCdFVsVlNNWE5QTFhobGRtUnNkelZvYVdOb2IwRRAB!2m1!1s0x30e29913c9cbbdaf:0xfc8cc03884a34875
ChIJ9QNnDCKZ4jARx-iEGcZqsR0,敕賜普福寺,Ci9DQUlRQUNvZENodHljRjlvT2pSMFVWaEdWbTVhT0ZOV2JrOXhhM1kyYzNVNFEyYxAB,5.0,วัดกุศลสมาคร เป็นวัดญวน (อนัมนิกาย) เก่าแก่กว่า 180 ปี ตั้งอยู่ใจกลางเยาวราช (ซอยกุศลสมาคร ถ.ราชวงศ์) ก่อตั้งเมื่อปี พ.ศ. 2384 ได้รับพระราชทานวิสุงคามสีมา พ.ศ. 2400 ในสมัย ร.5 โดยมีความโดดเด่นด้านศิลปะจีน-เวียดนาม มีเจดีย์ 7 ชั้นที่บรรจุอัฐิพระยาโชฎึกราชเศรษฐี เป็นศูนย์รวมศรัทธาชาวไทยเชื้อสายเวียดนาม วัดนี้ได้รับพระราชทานวิสุงคามสีมาในพ.ศ. 2400 (สมัย ร.4) และได้มีการบูรณปฏิสังขรณ์เรื่อยมาจนเป็นวัดที่สวยงามและเป็นสถานที่ท่องเที่ยวเชิงประวัติศาสตร์ในย่านเยาวราชในปัจจุบัน,th,Sun Mar 15 2026 06:52:16 GMT-0700 (Pacific Daylight Time),ChubbyArin,https://www.google.com/maps/reviews/data=!4m6!14m5!1m4!2m3!1sCi9DQUlRQUNvZENodHljRjlvT2pSMFVWaEdWbTVhT0ZOV2JrOXhhM1kyYzNVNFEyYxAB!2m1!1s0x30e299220c6703f5:0x1db16ac61984e8c7
ChIJ9QNnDCKZ4jARx-iEGcZqsR0,敕賜普福寺,Ci9DQUlRQUNvZENodHljRjlvT2xGQ2RqTlpVVk5YVVZFeFRrMTZaSGhNYVRkbU5IYxAB,5.0,Wat Kusonsamakorn（Pu Fu Si 普福寺或 Pho Hoc Yi（潮州语发音），越南语发音为（Pho Phuoc Tu））是一座越南寺庙，属于泰国安南尼卡亚派 19 座大乘寺庙之一。它始建于1841年，距今已有近200年的历史。 #VietnameseTemple #VietnameseTempleInThailand #WatKusonsamakorn #MahayanaTemple #AnnamNikaya #temple #buddhism #Bangkok #Sampanthawong,zh-CN,Tue Dec 02 2025 20:03:12 GMT-0800 (Pacific Standard Time),Osiris Pluto,https://www.google.com/maps/reviews/data=!4m6!14m5!1m4!2m3!1sCi9DQUlRQUNvZENodHljRjlvT2xGQ2RqTlpVVk5YVVZFeFRrMTZaSGhNYVRkbU5IYxAB!2m1!1s0x30e299220c6703f5:0x1db16ac61984e8c7
ChIJ9QNnDCKZ4jARx-iEGcZqsR0,敕賜普福寺,Ci9DQUlRQUNvZENodHljRjlvT2tKSU0yaFdTbmxUTFhOVlpVVXhhMlpJTlVabFIwRRAB,5.0,库索萨玛空寺（Wat Kusolsamakorn）是泰国一座属于安南尼迦耶（Annam Nikaya）宗的大乘佛教寺庙。该寺始建于1841年，1857年获得皇家特许状，并被命名为“库索萨玛空寺”（Wat Kusolsamakorn），意为“如海洋般纯净善良的寺庙”。寺庙位于曼谷三攀他旺区三攀他旺街道拉差旺路97号。该寺的安南尼迦耶宗别名为“萨塔洪奎普普阿图”（Sak Ta Hung Kwek Pho Phuak Tu）。前任住持是帕玛哈卡纳南·塔玛帕尼亚提瓦（Phra Maha Khananam Thammapanyathiwat，又名Charoen Kincheaw），他也是安南尼迦耶宗的前任首席住持。主殿内供奉着释迦牟尼佛像。后来，在安南尼迦耶寺前任住持帕玛哈卡纳南·塔玛帕尼亚提瓦特时期……当时的寺庙住持通过添加石膏来扩大雕像，然后用漆和金箔覆盖，使其变得美丽。,zh-CN,Wed Jul 02 2025 08:24:27 GMT-0700 (Pacific Daylight Time),Vitaya Kunavichayanont,https://www.google.com/maps/reviews/data=!4m6!14m5!1m4!2m3!1sCi9DQUlRQUNvZENodHljRjlvT2tKSU0yaFdTbmxUTFhOVlpVVXhhMlpJTlVabFIwRRAB!2m1!1s0x30e299220c6703f5:0x1db16ac61984e8c7
ChIJ9QNnDCKZ4jARx-iEGcZqsR0,敕賜普福寺,ChZDSUhNMG9nS0VJQ0FnSURuazR5Y0R3EAE,5.0,这是一座古老的小型大乘安南派寺庙，建于拉玛三世国王统治末期。它在拉玛四世国王统治时期获得皇家特许状，并被命名为库萨拉萨玛空寺（Wat Kusalasamakorn），意为“如海洋般纯净善良的寺庙”。安南人常称其为楚波派寺（Chua Po Piak），而中文则俗称波霍寺（Po Hok Yi）。由于部分文献毁于火灾，寺庙土地的捐赠者已无从考证。后来，在拉玛五世国王统治时期，第二任住持严芒（Yen Mang）与其他僧侣，包括居士茵（Im，帕查伦·拉查顿（Teng）的妻子）一起，对寺庙进行了修缮。寺庙位于拉查旺路（Ratchawong Road）旁的一条小巷内，在苏亚帕（Suea Pa）路口前的右侧。进入小巷后，您会看到一座中式风格的寺庙大门和一块刻有皇家名称的牌匾。正前方是主殿，这是一座单层建筑，屋顶为山墙式，铺着香蕉叶形瓦片，并饰以精美的中国瓷器。殿内供奉着主佛像，即龙婆多（或称帕佛陀拉达那育），两侧分别站着他的两位主要弟子：左侧是年轻的阿难陀，右侧是年长的摩诃迦叶。主殿左侧是一座七层高的中式宝塔，宝塔前方是一座中式亭阁。宝塔和亭阁的屋顶也铺着香蕉叶形瓦片，并饰以精美的中国瓷器。上个月，我参观了耀华力路地区的九座寺庙。今天是素食节，所以我要去参观大乘佛教寺庙，先去瓦提普瓦里寺、瓦洛卡努阿克罗寺和瓦班潘钦普罗寺，然后去瓦库索萨马空寺，最后去瓦芒孔卡马拉瓦寺。,zh-CN,Wed Oct 09 2024 07:49:37 GMT-0700 (Pacific Daylight Time),Suporn Kulwatnantachai,https://www.google.com/maps/reviews/data=!4m6!14m5!1m4!2m3!1sChZDSUhNMG9nS0VJQ0FnSURuazR5Y0R3EAE!2m1!1s0x30e299220c6703f5:0x1db16ac61984e8c7
ChIJ9QNnDCKZ4jARx-iEGcZqsR0,敕賜普福寺,ChZDSUhNMG9nS0VJQ0FnSURXNFlLQmVnEAE,3.0,建筑 - 4/10 维护 - 3/10 停车 - 3/10 推荐 - 位于唐人街中心的一座小型大乘佛教寺庙。 优点 - 环境清幽宁静。 缺点 - 停车位非常拥挤，而且时有时无。寺庙区域维护不善，环境脏乱（尤其是供奉祖先牌位的区域）。 不要感到惊讶 - 停车场非常小且拥挤，有时甚至会关闭。寺庙亟需维护保养（尤其是供奉祖先牌位的区域）。,zh-CN,Tue Apr 12 2022 09:56:12 GMT-0700 (Pacific Daylight Time),Thaweechot Tatiyapermpoon,https://www.google.com/maps/reviews/data=!4m6!14m5!1m4!2m3!1sChZDSUhNMG9nS0VJQ0FnSURXNFlLQmVnEAE!2m1!1s0x30e299220c6703f5:0x1db16ac61984e8c7
ChIJc_YtfxKZ4jARQfrsWTP-MBI,Wat Buranasiri Mattayaram,ChZDSUhNMG9nS0VJQ0FnSUNfenNmT1hBEAE,1.0,周四下午：佛堂没开,zh,Thu Jan 16 2025 00:05:31 GMT-0800 (Pacific Standard Time),Tangut Lu,https://www.google.com/maps/reviews/data=!4m6!14m5!1m4!2m3!1sChZDSUhNMG9nS0VJQ0FnSUNfenNmT1hBEAE!2m1!1s0x30e299127f2df673:0x1230fe3359ecfa41
ChIJc_YtfxKZ4jARQfrsWTP-MBI,Wat Buranasiri Mattayaram,Ci9DQUlRQUNvZENodHljRjlvT25Ka1ZUQkRaR0psTW5WM2MwWklXSE5TZVhaS0xXYxAB,3.0,布拉那西里玛提亚拉姆寺（Wat Buranasirimatyaram）是一座三级普通型皇家寺庙，位于曼谷帕那空区沙拉昭坡苏亚街道阿萨当路。该寺被认为是布拉那西里家族的家庙，该家族是瓦拉纳西婆罗门后裔，历史悠久。寺庙最初由颂德帕博隆拉查提拉玛哈苏拉辛哈纳特之子阿苏尼王子（Krom Muen Senithep）建造，但并未完工。后来，在拉玛三世国王统治时期，昭帕亚苏塔蒙特里（布恩斯里布拉那西里）担任帕亚玛哈阿玛特时，主持了寺庙的修复工作并最终完成。拉玛三世国王将其命名为“瓦西里阿玛提亚拉姆寺”（Wat Siri Ammatyaram）。之后，拉玛四世国王为了纪念建造者并祈求吉祥，将其更名为“瓦汶西里玛提亚拉姆寺”（Wat Boon Sirimatyaram，即如今的布拉那西里玛提亚拉姆寺）。佛塔内有一尊古老的立佛像，呈祈祷姿态，展现出印度犍陀罗艺术的影响。佛像头发盘成发髻，身着长袍。这种风格在拉达那哥欣王朝时期十分流行，尤其是在朱拉隆功国王（拉玛五世）统治时期（约公元1909年）。,zh-CN,Fri Dec 26 2025 21:05:49 GMT-0800 (Pacific Standard Time),ธวัชชัย อารีย์,https://www.google.com/maps/reviews/data=!4m6!14m5!1m4!2m3!1sCi9DQUlRQUNvZENodHljRjlvT25Ka1ZUQkRaR0psTW5WM2MwWklXSE5TZVhaS0xXYxAB!2m1!1s0x30e299127f2df673:0x1230fe3359ecfa41
ChIJc_YtfxKZ4jARQfrsWTP-MBI,Wat Buranasiri Mattayaram,Ci9DQUlRQUNvZENodHljRjlvT25aWGRrdG5RbXh3WTNNMFRIWnJNWHBVV0dSelNGRRAB,4.0,这是一座位于帕那空区的普通型三级皇家寺庙，历史悠久，建于拉玛三世国王统治时期。寺庙规模不大。可惜的是，它当时关闭，不对公众开放。**我们只能拍摄寺庙外观的照片。**,zh-CN,Sun Dec 28 2025 04:14:32 GMT-0800 (Pacific Standard Time),Gofu_Gif,https://www.google.com/maps/reviews/data=!4m6!14m5!1m4!2m3!1sCi9DQUlRQUNvZENodHljRjlvT25aWGRrdG5RbXh3WTNNMFRIWnJNWHBVV0dSelNGRRAB!2m1!1s0x30e299127f2df673:0x1230fe3359ecfa41
ChIJc_YtfxKZ4jARQfrsWTP-MBI,Wat Buranasiri Mattayaram,ChZDSUhNMG9nS0VJQ0FnSUNiMzZya0ZREAE,5.0,这是一座规模相对较小的皇家寺庙，始建于拉玛三世国王时期，竣工于拉玛四世国王时期。它位于阿萨当路（Atsadang Road）。从拉差丹农路（Ratchadamnoen Road）出发，经过拉达那哥欣酒店（Rattanakosin Hotel）后左转，寺庙就在您的左侧。继续前行，然后左转进入汶西里路（Boon Siri Road）。寺庙入口位于左侧第一条巷子。进入寺庙后，您会看到传统的戒堂，其屋檐饰有尖顶和装饰，但山墙则采用了中式花卉图案。戒堂朝东，前后均挂有花环。戒堂不对公众开放。戒堂后面的主塔是一座十二面截顶塔。上周，我参观了拉差那达寺（Wat Ratchanadda）、帖提达寺（Wat Thep Thida）、素泰寺（Wat Suthat）、博翁尼维寺（Wat Bowonniwet）和查那颂堪寺（Wat Chanasongkhram）。昨天，我参观了拉差波披寺（Wat Ratchabophit）、拉差帕迪寺（Wat Ratchapradit）和帕切图蓬寺（Wat Phra Chetuphon）。今天，我将继续在拉达那哥欣岛的寺庙参拜之旅，首先前往玛哈纳帕兰寺，然后去汶西里寺。之后我会回到查纳颂堪寺拍照，然后再前往博翁苏塔瓦寺。,zh-CN,Wed Jul 31 2024 06:42:30 GMT-0700 (Pacific Daylight Time),Suporn Kulwatnantachai,https://www.google.com/maps/reviews/data=!4m6!14m5!1m4!2m3!1sChZDSUhNMG9nS0VJQ0FnSUNiMzZya0ZREAE!2m1!1s0x30e299127f2df673:0x1230fe3359ecfa41
ChIJc_YtfxKZ4jARQfrsWTP-MBI,Wat Buranasiri Mattayaram,Ci9DQUlRQUNvZENodHljRjlvT2pnNFFUa3pNazl6TVdwVE9YTm1TMVpsYm1zeFUwRRAB,5.0,一座美丽而宁静的皇家寺庙。寺庙后方设有充足的停车位。,zh-CN,Sun Sep 21 2025 05:40:41 GMT-0700 (Pacific Daylight Time),WW Holmes,https://www.google.com/maps/reviews/data=!4m6!14m5!1m4!2m3!1sCi9DQUlRQUNvZENodHljRjlvT2pnNFFUa3pNazl6TVdwVE9YTm1TMVpsYm1zeFUwRRAB!2m1!1s0x30e299127f2df673:0x1230fe3359ecfa41
ChIJB0SIECKZ4jARDEVRe_OeV2s,敕賜永福寺,Ci9DQUlRQUNvZENodHljRjlvT21JM1JURjViMjl6VWpsaVZHOUdTRXhWUjNjdFlVRRAB,5.0,"Wat Bamphen Chin Phrot is a historic Chinese Buddhist temple located in Bangkok’s Chinatown. Likely established during the late Ayutthaya or early Rattanakosin period, it has long served as a spiritual and cultural center for the Chinese-Thai community. The temple practices Mahayana Buddhism, particularly in the Chan (Zen) tradition. The temple’s name, “Bamphen Chin Phrot” (บำเพ็ญจีนพรต), means “Cultivating Chinese Virtue,” symbolizing its role in promoting moral conduct and spiritual development among Chinese immigrants. The architecture is distinctly traditional Chinese, featuring ornate roofs, guardian statues, and intricate decorative elements, all reflecting a harmonious blend of religious devotion and cultural heritage. Today, the temple remains active, hosting festivals, rituals, and charitable events that help preserve both the spiritual and cultural legacy of Bangkok’s Chinese community. It’s an enriching site to visit for anyone interested in history, culture, or Buddhism. Pros: – Rich in historical and cultural value – Center for spiritual practice (Chan Buddhism) – Preserves Chinese-Thai heritage through festivals and rituals Cons: – None ワット・バンペン・チンプラットは、バンコクのチャイナタウンにある歴史ある中国仏教寺院です。創建はアユタヤ後期からラッタナコーシン初期と考えられており、長年にわたり中華系タイ人社会の精神的・文化的中心地として機能してきました。この寺院は、**大乗仏教（特に禅宗）**の教義を実践しています。 寺名の**「บำเพ็ญจีนพรต」（バンペン・チンプラット）**は「中国の徳を修める」という意味で、中国系移民の道徳や精神的成長を促す役割を担っています。建築様式は伝統的な中国様式で、美しい屋根や守護像があり、宗教的信仰と文化遺産が見事に融合されています。 現在も祭礼や儀式、慈善活動を通じて、中国系タイ人社会の精神文化を守り続けています。歴史・文化・仏教に関心のある方には、訪れる価値のある場所です。 長所： – 歴史的・文化的価値が高い – 禅宗を中心とした精神修行の場 – 伝統文化を保存する地域の中心 短所： – 特になし Wat Bamphen Chin Phrot（巴蓬禪院）是位於曼谷唐人街的歷史悠久的中國佛教寺廟，可能建於大城晚期或拉達那哥欣早期，長久以來是泰國華人社群的精神與文化中心。該寺院屬於大乘佛教，特別是禪宗傳統。 寺名**「บำเพ็ญจีนพรต」（Bamphen Chin Phrot）**意為「修習中華美德」，體現其致力於推廣道德修養與靈性修行的使命。建築風格為典型的中國傳統，擁有精緻的屋簷與守護神像，展現宗教信仰與文化傳承的完美結合。 如今，寺院仍舉辦節慶、法會與慈善活動，保存並延續曼谷華人社群的精神與文化遺產。對於歷史、文化與佛教有興趣者，非常值得參訪。 優點： – 具深厚歷史與文化價值 – 禪宗修行場所 – 維護華人文化傳統與精神 缺點： – 想不到 Wat Bamphen Chin Phrot ist ein historischer chinesischer buddhistischer Tempel im Herzen von Bangkoks Chinatown. Er wurde vermutlich in der späten Ayutthaya- oder frühen Rattanakosin-Zeit gegründet und dient seit Langem als geistiges und kulturelles Zentrum der chinesisch-thailändischen Gemeinschaft. Der Tempel folgt dem Mahayana-Buddhismus, insbesondere der Chan (Zen)-Tradition. Der Name „Bamphen Chin Phrot“ (บำเพ็ญจีนพรต) bedeutet „Chinesische Tugend kultivieren“ und spiegelt die moralischen und spirituellen Ziele des Tempels wider. Die Architektur zeigt klassisch chinesische Elemente – reich verzierte Dächer, Wächterstatuen – und vereint spirituelle Hingabe mit kulturellem Erbe. Heute ist der Tempel weiterhin aktiv mit Festen, Ritualen und Wohltätigkeitsveranstaltungen, die das spirituelle und kulturelle Erbe Bangkoks chinesischer Gemeinschaft bewahren. Sehr empfehlenswert für Interessierte an Geschichte, Kultur oder Buddhismus. Vorteile: – Historisch und kulturell bedeutend – Zentrum für spirituelle Praxis (Chan-Buddhismus) – Bewahrt das Erbe der chinesisch-thailändischen Gemeinschaft Nachteile: – Keine",zh,Tue Aug 05 2025 08:03:47 GMT-0700 (Pacific Daylight Time),ルーシャスLucius,https://www.google.com/maps/reviews/data=!4m6!14m5!1m4!2m3!1sCi9DQUlRQUNvZENodHljRjlvT21JM1JURjViMjl6VWpsaVZHOUdTRXhWUjNjdFlVRRAB!2m1!1s0x30e2992210884407:0x6b579ef37b51450c
ChIJB0SIECKZ4jARDEVRe_OeV2s,敕賜永福寺,Ci9DQUlRQUNvZENodHljRjlvT2pORmRWVTFRMDVSTmw5UWQxbE9VMjFDUW1seVpFRRAB,5.0,位于泰国的班本钦普罗寺（Wat Bampen Chin Phrot）是一座属于泰国华人佛教宗派的大乘佛教寺庙，也是泰国第一座华人寺庙，比龙寺（Wat Leng Neiy Yi）早建76年，始建于1795年，与曼谷建城时间大致相同。随着华人僧侣人数的增加，班本钦普罗寺的空间不足，因此于1871年在乍伦功路（Charoen Krung Road）上建造了一座新寺庙，即后来的龙寺。寺庙的建筑风格与拉玛一世国王统治时期建造的主殿周围新建的商业建筑相似，使其外观酷似耀华力路（曼谷唐人街）富商的旧式宅邸。进入寺庙，首先映入眼帘的是“三宝佛殿”，这是最小的主殿，宽仅7.80米，长10.20米。这座建筑是一座传统的中国式木结构建筑，砖墙抹灰，人字形屋顶覆盖着陶瓦，砖砌水泥屋脊饰以潮州风格。寺庙因此展现出一种古典之美，反映了泰国早期潮州建筑的特色。三尊主佛像——释迦牟尼佛、阿弥陀佛和药师佛——漆金精美。它们周围环绕着十八罗汉像，风格与传统中国寺庙相似，由技艺精湛的工匠精心制作。每尊罗汉像均以漆麻布制成，并饰以金箔。主佛像旁还有关羽和虎神的雕像。,zh-CN,Wed Jul 02 2025 08:07:48 GMT-0700 (Pacific Daylight Time),Vitaya Kunavichayanont,https://www.google.com/maps/reviews/data=!4m6!14m5!1m4!2m3!1sCi9DQUlRQUNvZENodHljRjlvT2pORmRWVTFRMDVSTmw5UWQxbE9VMjFDUW1seVpFRRAB!2m1!1s0x30e2992210884407:0x6b579ef37b51450c
ChIJB0SIECKZ4jARDEVRe_OeV2s,敕賜永福寺,Ci9DQUlRQUNvZENodHljRjlvT21sUU5XVTFOalZRVHpoSmJHWmhTVGR4Y0haTGFWRRAB,5.0,วัดจีนแห่งแรกในไทย ซ่อนตัวอยู่ในซอยเยาวราช 8 มองจากข้างหน้าเป็นเหมือนตึกแถว 3 คูหา ข้างในมีการจัดวางเหมือนวัดจีน โดยเฉพาะวัดมังกร เพียงแต่ขนาดย่อมกว่า ภายในเงียบสงบ แต่ซ่อนประวัติศาสตร์ไว้ภายใน การตกแต่งข้างในเป็นการตกแต่งแบบโบราณ ทั้งพื้น ผนังกำแพง,th,Sat Sep 06 2025 20:09:08 GMT-0700 (Pacific Daylight Time),T Jaroen,https://www.google.com/maps/reviews/data=!4m6!14m5!1m4!2m3!1sCi9DQUlRQUNvZENodHljRjlvT21sUU5XVTFOalZRVHpoSmJHWmhTVGR4Y0haTGFWRRAB!2m1!1s0x30e2992210884407:0x6b579ef37b51450c
ChIJB0SIECKZ4jARDEVRe_OeV2s,敕賜永福寺,ChdDSUhNMG9nS0VJQ0FnSURuNC1HZnpRRRAB,5.0,这是一座古老的小型大乘佛教寺庙，属于华人宗，至今仍有僧侣居住。寺庙原址是一座名为永福安（Yong Hok Am）的观音菩萨祠，后被毁。它由华人在拉玛一世国王早期，即古萨拉萨玛空寺（Wat Kusalasamakorn，即越南寺庙）建成之前建造。安南派僧侣曾在此短暂居住，之后迁往越南寺庙。后来，在拉玛五世国王统治初期，一位名叫索亨（Phra Ajarn Sok Heng）的僧人从中国来到这里，并在此居住。他修缮了祠堂，将其更名为永福义（Yong Hok Yi），并向拉玛五世国王请求赐予寺庙一个皇家名称。国王赐予寺庙“班潘钦普罗寺”（Wat Bamphen Chin Phrot），并授予索亨僧人“钦旺萨玛提瓦”（Phra Ajarn Chin Wangsamathiwat）的法号，使他成为华人宗大乘佛教的首任住持。这座寺庙位于耀华力路8巷，在拉差旺路口之前。沿着左侧的小路走一小段路，就能看到寺庙。进入寺庙后，首先映入眼帘的是一尊弥勒菩萨像（类似于泰国的桑卡猜佛像）。寺庙内有一座最小的佛殿，是一座中式木结构建筑，宽7.8米，长10.2米。佛殿上方有一块牌匾，上面刻着拉玛五世国王赐予寺庙的名字。殿内供奉着三尊主佛像，从左至右依次是：阿弥陀佛、释迦牟尼佛和胜乐佛。两侧各有一位主要弟子，左侧是阿难（一位年轻的僧人），右侧是摩诃迦叶（一位年长的僧人），这与上座部佛教的传统有所不同。寺庙墙壁两侧各有九位阿罗汉端坐，共十八位。主佛像前有三尊立佛像，风格为早期拉达那哥欣王朝时期的泰式风格。寺庙四角设有壁龛，左侧供奉关羽像，右侧供奉北极星神像。这两位神祇是当地村民极为敬仰的中国神灵。主佛像前还有许多其他神祇。主佛像对面是佛教护法神——斯堪达菩萨像。上个月，我参观了耀华力路地区的九座寺庙。今天正值素食节，所以我继续我的大乘佛教寺庙之旅，先去了提毗罗寺和洛卡努阿克罗寺，然后去了班彭钦波罗寺，最后去了库索萨玛空寺。,zh-CN,Sat Oct 12 2024 08:42:23 GMT-0700 (Pacific Daylight Time),Suporn Kulwatnantachai,https://www.google.com/maps/reviews/data=!4m6!14m5!1m4!2m3!1sChdDSUhNMG9nS0VJQ0FnSURuNC1HZnpRRRAB!2m1!1s0x30e2992210884407:0x6b579ef37b51450c
ChIJB0SIECKZ4jARDEVRe_OeV2s,敕賜永福寺,ChZDSUhNMG9nS0VJQ0FnTUNBbmJXeU9REAE,5.0,一座古老的中国寺庙，至今仍保留着原有的氛围。 它神秘而静谧，位于耀华力路8巷附近。寺庙只允许行人进入，车辆禁止通行。它通往乍伦功14巷。,zh-CN,Mon Feb 03 2025 02:40:47 GMT-0800 (Pacific Standard Time),Billy Than,https://www.google.com/maps/reviews/data=!4m6!14m5!1m4!2m3!1sChZDSUhNMG9nS0VJQ0FnTUNBbmJXeU9REAE!2m1!1s0x30e2992210884407:0x6b579ef37b51450c
ChIJ_89sxRaZ4jARi32ZRwnrrB4,隆玛尼那公园,ChZDSUhNMG9nS0VJQ0FnSUM3a0tXSld3EAE,5.0,很安静的小公园，里面健身设施还不少呢。,zh,Sun Aug 11 2024 07:12:23 GMT-0700 (Pacific Daylight Time),Bella,https://www.google.com/maps/reviews/data=!4m6!14m5!1m4!2m3!1sChZDSUhNMG9nS0VJQ0FnSUM3a0tXSld3EAE!2m1!1s0x30e29916c56ccfff:0x1eaceb0947997d8b
ChIJ_89sxRaZ4jARi32ZRwnrrB4,隆玛尼那公园,ChdDSUhNMG9nS0VJQ0FnSURRcUxYanVBRRAB,4.0,环境挺好的，很多当地人在这边锻炼，还有泰国版广场舞。适合徒步来这游玩。,zh,Sat Aug 20 2016 12:33:06 GMT-0700 (Pacific Daylight Time),曾炜,https://www.google.com/maps/reviews/data=!4m6!14m5!1m4!2m3!1sChdDSUhNMG9nS0VJQ0FnSURRcUxYanVBRRAB!2m1!1s0x30e29916c56ccfff:0x1eaceb0947997d8b
ChIJ_89sxRaZ4jARi32ZRwnrrB4,隆玛尼那公园,ChZDSUhNMG9nS0VJQ0FnSUNJenViN013EAE,5.0,有小松鼠,zh,Thu Nov 15 2018 00:55:32 GMT-0800 (Pacific Standard Time),Xyan Sama (XyanSAMA),https://www.google.com/maps/reviews/data=!4m6!14m5!1m4!2m3!1sChZDSUhNMG9nS0VJQ0FnSUNJenViN013EAE!2m1!1s0x30e29916c56ccfff:0x1eaceb0947997d8b
ChIJ_89sxRaZ4jARi32ZRwnrrB4,隆玛尼那公园,ChZDSUhNMG9nS0VJQ0FnSUNBdDZUaGF3EAE,4.0,老曼谷中心花园,zh,Mon May 01 2017 03:14:06 GMT-0700 (Pacific Daylight Time),Go West,https://www.google.com/maps/reviews/data=!4m6!14m5!1m4!2m3!1sChZDSUhNMG9nS0VJQ0FnSUNBdDZUaGF3EAE!2m1!1s0x30e29916c56ccfff:0x1eaceb0947997d8b
ChIJ_89sxRaZ4jARi32ZRwnrrB4,隆玛尼那公园,ChdDSUhNMG9nS0VJQ0FnSUNRa0x5RXhnRRAB,4.0,清幽,zh,Wed Jan 03 2018 03:43:35 GMT-0800 (Pacific Standard Time),阿Pau,https://www.google.com/maps/reviews/data=!4m6!14m5!1m4!2m3!1sChdDSUhNMG9nS0VJQ0FnSUNRa0x5RXhnRRAB!2m1!1s0x30e29916c56ccfff:0x1eaceb0947997d8b
ChIJH0VOPheZ4jARqJGe0Cs1YFI,Romaneenart Park,ChZDSUhNMG9nS0VJQ0FnSUNQX0pYYUhnEAE,5.0,有健身器械。免费的公共卫生间。空气清新,zh,Fri Nov 22 2024 05:09:02 GMT-0800 (Pacific Standard Time),史万水,https://www.google.com/maps/reviews/data=!4m6!14m5!1m4!2m3!1sChZDSUhNMG9nS0VJQ0FnSUNQX0pYYUhnEAE!2m1!1s0x30e299173e4e451f:0x5260352bd09e91a8
ChIJH0VOPheZ4jARqJGe0Cs1YFI,Romaneenart Park,ChdDSUhNMG9nS0VJQ0FnSUNibE9EdWdRRRAB,4.0,这座小公园是远离城市喧嚣的一片绿洲。罗曼尼纳特公园的前身是一座监狱，至今仍保留着几座瞭望塔和一个小型监狱博物馆。公园内绿树成荫，还有许多精致的小型花园。是观光购物之余休憩放松的好去处！,zh-CN,Tue Jul 23 2024 09:44:59 GMT-0700 (Pacific Daylight Time),Nigel Fowler Sutton,https://www.google.com/maps/reviews/data=!4m6!14m5!1m4!2m3!1sChdDSUhNMG9nS0VJQ0FnSUNibE9EdWdRRRAB!2m1!1s0x30e299173e4e451f:0x5260352bd09e91a8
ChIJH0VOPheZ4jARqJGe0Cs1YFI,Romaneenart Park,ChdDSUhNMG9nS0VJQ0FnSUNiMFp1ZHNBRRAB,4.0,紧邻拉差那达兰寺（Loha Prasat）的小公园非常漂亮。如果您想放慢节奏，远离喧嚣的游客，这里绝对值得一去！公园里绿树成荫，可以为您遮挡夏日的烈日。公园东南角设有洗手间。此外，公园内还设有小型足球场、健身器材、凉亭、亭子、中央祈祷区和儿童游乐场。公园各处还摆放着带凉亭的国际象棋桌。这里环境清幽，令人放松。强烈推荐！👌,zh-CN,Sun Jul 28 2024 01:45:27 GMT-0700 (Pacific Daylight Time),Buster Got it,https://www.google.com/maps/reviews/data=!4m6!14m5!1m4!2m3!1sChdDSUhNMG9nS0VJQ0FnSUNiMFp1ZHNBRRAB!2m1!1s0x30e299173e4e451f:0x5260352bd09e91a8
ChIJH0VOPheZ4jARqJGe0Cs1YFI,Romaneenart Park,ChdDSUhNMG9nS0VJQ0FnSUNYM3VEXzBBRRAB,5.0,这个公园宁静荫凉，是放松身心的理想场所。凉爽的微风和丰富的活动让人倍感愉悦。傍晚慢跑也是一种不错的体验。,zh-CN,Wed Oct 16 2024 17:29:17 GMT-0700 (Pacific Daylight Time),Tuch FreeTuchz,https://www.google.com/maps/reviews/data=!4m6!14m5!1m4!2m3!1sChdDSUhNMG9nS0VJQ0FnSUNYM3VEXzBBRRAB!2m1!1s0x30e299173e4e451f:0x5260352bd09e91a8
ChIJH0VOPheZ4jARqJGe0Cs1YFI,Romaneenart Park,ChdDSUhNMG9nS0VJQ0FnSUNLdDZqaml3RRAB,4.0,公园比看起来要大。我喜欢很多长椅都被灌木丛遮蔽着。公园里有个大型健身房，如果你想在户外锻炼的话，公园周围也有很多锻炼场所。,zh-CN,Thu Apr 22 2021 09:23:25 GMT-0700 (Pacific Daylight Time),Geordie boy lost in Asia,https://www.google.com/maps/reviews/data=!4m6!14m5!1m4!2m3!1sChdDSUhNMG9nS0VJQ0FnSUNLdDZqaml3RRAB!2m1!1s0x30e299173e4e451f:0x5260352bd09e91a8
ChIJAblBleyZ4jARQESEWVvdE3s,แยกเรือนจำ - Ruan Cham Junction,ChZDSUhNMG9nS0VJQ0FnSUQzNG9tbUVBEAE,3.0,那里的地铁正在施工，所以绝对不建议经过。,zh-CN,Wed Nov 13 2024 07:50:36 GMT-0800 (Pacific Standard Time),Pok Day Note TM.,https://www.google.com/maps/reviews/data=!4m6!14m5!1m4!2m3!1sChZDSUhNMG9nS0VJQ0FnSUQzNG9tbUVBEAE!2m1!1s0x30e299ec9541b901:0x7b13dd5b59844440
ChIJAblBleyZ4jARQESEWVvdE3s,แยกเรือนจำ - Ruan Cham Junction,ChZDSUhNMG9nS0VJYlhtcGFmdksyRVd3EAE,5.0,,,Mon Jun 02 2025 03:47:26 GMT-0700 (Pacific Daylight Time),NARONGCHAI WONGWAN,https://www.google.com/maps/reviews/data=!4m6!14m5!1m4!2m3!1sChZDSUhNMG9nS0VJYlhtcGFmdksyRVd3EAE!2m1!1s0x30e299ec9541b901:0x7b13dd5b59844440
ChIJAblBleyZ4jARQESEWVvdE3s,แยกเรือนจำ - Ruan Cham Junction,ChZDSUhNMG9nS0VJQ0FnTUNZbXRQclN3EAE,5.0,,,Sat May 03 2025 07:32:45 GMT-0700 (Pacific Daylight Time),EP VNYA EP VNYA,https://www.google.com/maps/reviews/data=!4m6!14m5!1m4!2m3!1sChZDSUhNMG9nS0VJQ0FnTUNZbXRQclN3EAE!2m1!1s0x30e299ec9541b901:0x7b13dd5b59844440
ChIJAblBleyZ4jARQESEWVvdE3s,แยกเรือนจำ - Ruan Cham Junction,ChdDSUhNMG9nS0VJQ0FnSUR2dGRtRDBBRRAB,4.0,,,Sun Dec 22 2024 08:26:02 GMT-0800 (Pacific Standard Time),โกบอย วิศวกรโยธา50,https://www.google.com/maps/reviews/data=!4m6!14m5!1m4!2m3!1sChdDSUhNMG9nS0VJQ0FnSUR2dGRtRDBBRRAB!2m1!1s0x30e299ec9541b901:0x7b13dd5b59844440
ChIJAblBleyZ4jARQESEWVvdE3s,แยกเรือนจำ - Ruan Cham Junction,ChdDSUhNMG9nS0VJQ0FnSUR2MlBMZzJ3RRAB,5.0,,,Tue Dec 17 2024 02:34:52 GMT-0800 (Pacific Standard Time),ประทวน อินทร์สุวรรณ,https://www.google.com/maps/reviews/data=!4m6!14m5!1m4!2m3!1sChdDSUhNMG9nS0VJQ0FnSUR2MlBMZzJ3RRAB!2m1!1s0x30e299ec9541b901:0x7b13dd5b59844440
ChIJNQISRumZ4jARmLXSdLmBDtw,The King Prajadhipok Park,Ci9DQUlRQUNvZENodHljRjlvT2pCQk0wMVVkVEpzVmtvd05VYzNVazVzV1cxRE5tYxAB,4.0,📌 帕波克劳桥下的公园是一片宽敞的区域，与湄南河空中花园相连。这里也是一处历史遗迹，曾是泰国第一家邮局的所在地。 🌟 2025年12月18日，曼谷2025觉醒活动将在此举行，今年的主题是“爱之城”，届时将呈现美丽的灯光艺术。,zh-CN,Mon Dec 22 2025 18:25:29 GMT-0800 (Pacific Standard Time),Lara Linh,https://www.google.com/maps/reviews/data=!4m6!14m5!1m4!2m3!1sCi9DQUlRQUNvZENodHljRjlvT2pCQk0wMVVkVEpzVmtvd05VYzNVazVzV1cxRE5tYxAB!2m1!1s0x30e299e946120235:0xdc0e81b974d2b598
ChIJNQISRumZ4jARmLXSdLmBDtw,The King Prajadhipok Park,Ci9DQUlRQUNvZENodHljRjlvT25kM1dFUjJkRVEyVkZjeE16Tk1YMlJUUzFSMFJrRRAB,4.0,虽然现在有很多地方在施工，但这个公园还算不错。绿树成荫，鲜花盛开。最棒的是，这里是通往空中花园的入口，而空中花园的景色令人叹为观止。,zh-CN,Sun Feb 08 2026 12:16:31 GMT-0800 (Pacific Standard Time),Victor,https://www.google.com/maps/reviews/data=!4m6!14m5!1m4!2m3!1sCi9DQUlRQUNvZENodHljRjlvT25kM1dFUjJkRVEyVkZjeE16Tk1YMlJUUzFSMFJrRRAB!2m1!1s0x30e299e946120235:0xdc0e81b974d2b598
ChIJNQISRumZ4jARmLXSdLmBDtw,The King Prajadhipok Park,ChdDSUhNMG9nS0VJQ0FnSURIeWZqZXlRRRAB,5.0,这个公园就藏在警察局附近！由于正在进行翻修工程，入口被遮挡，很容易错过。它其实是名为“空中公园”（Sky Park）的综合体的一部分，旨在连接湄南河两岸不同的交通要道，并规划有不同类型的步道。然而，很明显，翻修工程已经延期（原计划于2020年完工）。我相信，一旦建成，“空中公园”一定会非常壮观。我强烈建议您在游览公园绿地之前或之后，爬上楼梯（也有电梯）。湄南河、天空、河岸周围的建筑和建筑物，景色都非常优美。,zh-CN,Tue Sep 17 2024 05:19:53 GMT-0700 (Pacific Daylight Time),Fatimah Johnson,https://www.google.com/maps/reviews/data=!4m6!14m5!1m4!2m3!1sChdDSUhNMG9nS0VJQ0FnSURIeWZqZXlRRRAB!2m1!1s0x30e299e946120235:0xdc0e81b974d2b598
ChIJNQISRumZ4jARmLXSdLmBDtw,The King Prajadhipok Park,ChdDSUhNMG9nS0VJQ0FnSUM3eFpHbm1nRRAB,4.0,สวนที่เป็นทางขึ้นสวนลอยฟ้า กลางคืนมืด สถานที่ดูเป็นที่เก็บของมากกว่า ถ้าปรับปรุงดีดี ก็เป็นที่พักผ่อนหย่อนใจอีกที่นึงเลย ห้องน้ำมี เหมือนกำลังปรับปรุง ประตูปิด 20.00น.,th,Sat Aug 17 2024 02:54:51 GMT-0700 (Pacific Daylight Time),Nirvana key,https://www.google.com/maps/reviews/data=!4m6!14m5!1m4!2m3!1sChdDSUhNMG9nS0VJQ0FnSUM3eFpHbm1nRRAB!2m1!1s0x30e299e946120235:0xdc0e81b974d2b598
ChIJNQISRumZ4jARmLXSdLmBDtw,The King Prajadhipok Park,ChZDSUhNMG9nS0VJQ0FnSUNfcktMc1FBEAE,5.0,帕波克劳公园是一个小型公共公园，位于帕佛塔约法桥和帕佛塔约法桥下方。公园绿树成荫，喷泉优美，是通往湄南河空中花园的通道。(2024年7月17日),zh-CN,Mon Jan 13 2025 08:49:06 GMT-0800 (Pacific Standard Time),P. Sergiu,https://www.google.com/maps/reviews/data=!4m6!14m5!1m4!2m3!1sChZDSUhNMG9nS0VJQ0FnSUNfcktMc1FBEAE!2m1!1s0x30e299e946120235:0xdc0e81b974d2b598
ChIJDRBfNACZ4jAR7tSkVpfr4qY,Khaosod City Hall Park,ChZDSUhNMG9nS0VJQ0FnSURmNHR5QWFnEAE,5.0,非常值得一游的地方。,zh-CN,Sat Jan 04 2025 19:00:11 GMT-0800 (Pacific Standard Time),Nat,https://www.google.com/maps/reviews/data=!4m6!14m5!1m4!2m3!1sChZDSUhNMG9nS0VJQ0FnSURmNHR5QWFnEAE!2m1!1s0x30e29900345f100d:0xa6e2eb9756a4d4ee
ChIJeTmdDdCZ4jARuMDkfRRpasc,Prince of Ratchaburi Monument,Ci9DQUlRQUNvZENodHljRjlvT25SdlNrcERXRkJhV0VSQ04xUlZNMHg1ZFdaVGNuYxAB,4.0,拉杰布里·迪雷克·里迪王子纪念碑,zh-CN,Thu Oct 30 2025 22:49:17 GMT-0700 (Pacific Daylight Time),ChubbyArin,https://www.google.com/maps/reviews/data=!4m6!14m5!1m4!2m3!1sCi9DQUlRQUNvZENodHljRjlvT25SdlNrcERXRkJhV0VSQ04xUlZNMHg1ZFdaVGNuYxAB!2m1!1s0x30e299d00d9d3979:0xc76a69147de4c0b8
ChIJQ0Nm-KmZ4jARneZ08x-32yA,ลานแพร่งภูธร,Ci9DQUlRQUNvZENodHljRjlvT2s5bFdIUlpSVEZGWDBKVFVGUlhOR1JPTW1sWVlsRRAB,5.0,活历史,zh-CN,Mon Oct 20 2025 06:43:00 GMT-0700 (Pacific Daylight Time),ศุภัช ศุภภ์ณภาษิษฒ์,https://www.google.com/maps/reviews/data=!4m6!14m5!1m4!2m3!1sCi9DQUlRQUNvZENodHljRjlvT2s5bFdIUlpSVEZGWDBKVFVGUlhOR1JPTW1sWVlsRRAB!2m1!1s0x30e299a9f8664343:0x20dbb71ff374e69d
ChIJQ0Nm-KmZ4jARneZ08x-32yA,ลานแพร่งภูธร,ChdDSUhNMG9nS0VJQ0FnSUNneUxHSmdRRRAB,5.0,街上有很多小吃摊。🍴😋,zh-CN,Mon Jul 09 2018 13:18:24 GMT-0700 (Pacific Daylight Time),Sunny Roland,https://www.google.com/maps/reviews/data=!4m6!14m5!1m4!2m3!1sChdDSUhNMG9nS0VJQ0FnSUNneUxHSmdRRRAB!2m1!1s0x30e299a9f8664343:0x20dbb71ff374e69d
ChIJQ0Nm-KmZ4jARneZ08x-32yA,ลานแพร่งภูธร,ChZDSUhNMG9nS0VJQ0FnSUNMenRqdFpREAE,5.0,美丽的广场！,zh-CN,Tue Jun 18 2024 22:58:04 GMT-0700 (Pacific Daylight Time),andy maphrao,https://www.google.com/maps/reviews/data=!4m6!14m5!1m4!2m3!1sChZDSUhNMG9nS0VJQ0FnSUNMenRqdFpREAE!2m1!1s0x30e299a9f8664343:0x20dbb71ff374e69d
ChIJQ0Nm-KmZ4jARneZ08x-32yA,ลานแพร่งภูธร,Ci9DQUlRQUNvZENodHljRjlvT2t4T1FtZEJSMDFUUkdOcGNraHdhelkzU1ZCVU9FRRAB,4.0,吃完猪脑后，我们在这里休息了一会儿。,zh-CN,Sat Jul 18 2026 13:01:26 GMT-0700 (Pacific Daylight Time),Eminonu,https://www.google.com/maps/reviews/data=!4m6!14m5!1m4!2m3!1sCi9DQUlRQUNvZENodHljRjlvT2t4T1FtZEJSMDFUUkdOcGNraHdhelkzU1ZCVU9FRRAB!2m1!1s0x30e299a9f8664343:0x20dbb71ff374e69d
ChIJ29xTHBCZ4jARW6fp8aK8I-Q,莎兰隆公园,Ci9DQUlRQUNvZENodHljRjlvT2xsQmEyMWZla3hJTjA1UlpWUjRXa3RhZDFaYWFGRRAB,5.0,这个公园并不大但是打理的比较整洁。有很多当地人在慢跑。乌鸦也很多。喂的时候要当心他们成群结队的飞过来。,zh,Sun Aug 10 2025 16:01:36 GMT-0700 (Pacific Daylight Time),孙悟空,https://www.google.com/maps/reviews/data=!4m6!14m5!1m4!2m3!1sCi9DQUlRQUNvZENodHljRjlvT2xsQmEyMWZla3hJTjA1UlpWUjRXa3RhZDFaYWFGRRAB!2m1!1s0x30e299101c53dcdb:0xe423bca2f1e9a75b
ChIJ29xTHBCZ4jARW6fp8aK8I-Q,莎兰隆公园,Ci9DQUlRQUNvZENodHljRjlvT2xKVlNtWjJWbTFGYVU5cWRVeGhPVkZJY21sUVdIYxAB,5.0,这个公园很舒缓，很小，但是值得来,zh,Sat Jan 03 2026 00:49:23 GMT-0800 (Pacific Standard Time),Weifang Xu,https://www.google.com/maps/reviews/data=!4m6!14m5!1m4!2m3!1sCi9DQUlRQUNvZENodHljRjlvT2xKVlNtWjJWbTFGYVU5cWRVeGhPVkZJY21sUVdIYxAB!2m1!1s0x30e299101c53dcdb:0xe423bca2f1e9a75b
ChIJ29xTHBCZ4jARW6fp8aK8I-Q,莎兰隆公园,ChdDSUhNMG9nS0VJQ0FnTUNnM2NXRndRRRAB,4.0,一个小公园，会与巨蜥不期而遇,zh,Wed Feb 19 2025 20:44:56 GMT-0800 (Pacific Standard Time),Frank Yu,https://www.google.com/maps/reviews/data=!4m6!14m5!1m4!2m3!1sChdDSUhNMG9nS0VJQ0FnTUNnM2NXRndRRRAB!2m1!1s0x30e299101c53dcdb:0xe423bca2f1e9a75b
ChIJ29xTHBCZ4jARW6fp8aK8I-Q,莎兰隆公园,ChdDSUhNMG9nS0VJQ0FnSURpMHF6UW53RRAB,5.0,环境优美，鸟语花香。我经常来这里打乒乓球,zh,Mon Nov 30 2020 19:09:39 GMT-0800 (Pacific Standard Time),民รักThai,https://www.google.com/maps/reviews/data=!4m6!14m5!1m4!2m3!1sChdDSUhNMG9nS0VJQ0FnSURpMHF6UW53RRAB!2m1!1s0x30e299101c53dcdb:0xe423bca2f1e9a75b
ChIJ29xTHBCZ4jARW6fp8aK8I-Q,莎兰隆公园,ChZDSUhNMG9nS0VJQ0FnSURRbk51NWFREAE,4.0,有人喂鸽子，鱼和松鼠。有些小木屋，不知干啥的。,zh,Tue Mar 13 2018 02:35:01 GMT-0700 (Pacific Daylight Time),Ti Ti,https://www.google.com/maps/reviews/data=!4m6!14m5!1m4!2m3!1sChZDSUhNMG9nS0VJQ0FnSURRbk51NWFREAE!2m1!1s0x30e299101c53dcdb:0xe423bca2f1e9a75b
ChIJCbH39dSZ4jAR31qa_XfuaAQ,Phan Loha Fountain,Ci9DQUlRQUNvZENodHljRjlvT21aMmIzVXdTbGRFYVdRd1FqSnBkbGRIWldsSFlrRRAB,5.0,如果这座金属喷泉能一直喷水，那该有多美啊。,zh-CN,Tue Mar 10 2026 22:22:46 GMT-0700 (Pacific Daylight Time),Sailor Mars,https://www.google.com/maps/reviews/data=!4m6!14m5!1m4!2m3!1sCi9DQUlRQUNvZENodHljRjlvT21aMmIzVXdTbGRFYVdRd1FqSnBkbGRIWldsSFlrRRAB!2m1!1s0x30e299d4f5f7b109:0x468ee77fd9a5adf
ChIJCbH39dSZ4jAR31qa_XfuaAQ,Phan Loha Fountain,Ci9DQUlRQUNvZENodHljRjlvT2tsMlF6TlhkbVpPTlROalNUWlRWbTl1UjE4NGVYYxAB,4.0,一个可以放松身心的好公园。,zh-CN,Wed Mar 18 2026 22:55:50 GMT-0700 (Pacific Daylight Time),Sebastian K.,https://www.google.com/maps/reviews/data=!4m6!14m5!1m4!2m3!1sCi9DQUlRQUNvZENodHljRjlvT2tsMlF6TlhkbVpPTlROalNUWlRWbTl1UjE4NGVYYxAB!2m1!1s0x30e299d4f5f7b109:0x468ee77fd9a5adf
ChIJCbH39dSZ4jAR31qa_XfuaAQ,Phan Loha Fountain,ChdDSUhNMG9nS0VJQ0FnSURmal9ycHJnRRAB,5.0,我们非常喜欢这个公园。寺庙附近游客熙熙攘攘，而这里却宁静祥和，让人可以远离城市的喧嚣，在池塘边的树荫下放松身心。孩子们在游乐场玩耍，玩得不亦乐乎。我们入住期间，草坪正在浇水，这真是一项贴心的服务；我们可以趁机凉快一下，尽情玩耍。这绝对是一个很棒的公园。,zh-CN,Fri Jan 10 2025 19:40:36 GMT-0800 (Pacific Standard Time),Yulia Ziganshina,https://www.google.com/maps/reviews/data=!4m6!14m5!1m4!2m3!1sChdDSUhNMG9nS0VJQ0FnSURmal9ycHJnRRAB!2m1!1s0x30e299d4f5f7b109:0x468ee77fd9a5adf
ChIJCbH39dSZ4jAR31qa_XfuaAQ,Phan Loha Fountain,ChdDSUhNMG9nS0VJQ0FnSUNEeDdUNTV3RRAB,5.0,这座美丽的欧式喷泉一直是这座花园的一部分……,zh-CN,Mon Jun 09 2025 06:25:32 GMT-0700 (Pacific Daylight Time),ChubbyArin,https://www.google.com/maps/reviews/data=!4m6!14m5!1m4!2m3!1sChdDSUhNMG9nS0VJQ0FnSUNEeDdUNTV3RRAB!2m1!1s0x30e299d4f5f7b109:0x468ee77fd9a5adf
ChIJCbH39dSZ4jAR31qa_XfuaAQ,Phan Loha Fountain,ChdDSUhNMG9nS0VJQ0FnSUREMWNtR3lBRRAB,5.0,一座美丽的古老公园。绿树成荫，水景优美，公园建筑精美，鲜花盛开，还有松鼠和巨蜥。,zh-CN,Fri Apr 12 2024 05:36:57 GMT-0700 (Pacific Daylight Time),Li St,https://www.google.com/maps/reviews/data=!4m6!14m5!1m4!2m3!1sChdDSUhNMG9nS0VJQ0FnSUREMWNtR3lBRRAB!2m1!1s0x30e299d4f5f7b109:0x468ee77fd9a5adf
ChIJi4e5WFKZ4jARctS8pGz0Ta8,Saranrom Park Office,Ci9DQUlRQUNvZENodHljRjlvT21aUUxYUklaVGswYzBwR00zcE5OelZrZUhaVWJuYxAB,5.0,,,Fri Jul 31 2026 20:48:59 GMT-0700 (Pacific Daylight Time),17E,https://www.google.com/maps/reviews/data=!4m6!14m5!1m4!2m3!1sCi9DQUlRQUNvZENodHljRjlvT21aUUxYUklaVGswYzBwR00zcE5OelZrZUhaVWJuYxAB!2m1!1s0x30e2995258b9878b:0xaf4df46ca4bcd472
ChIJi4e5WFKZ4jARctS8pGz0Ta8,Saranrom Park Office,Ci9DQUlRQUNvZENodHljRjlvT201ak9VRlVWWEoyUjFkR1V6ZG1PVTFxTnpSU1lYYxAB,5.0,,,Sat Jul 26 2025 09:47:51 GMT-0700 (Pacific Daylight Time),Mobile Phpne,https://www.google.com/maps/reviews/data=!4m6!14m5!1m4!2m3!1sCi9DQUlRQUNvZENodHljRjlvT201ak9VRlVWWEoyUjFkR1V6ZG1PVTFxTnpSU1lYYxAB!2m1!1s0x30e2995258b9878b:0xaf4df46ca4bcd472
ChIJVTnsIzSZ4jARTbw9IACV2I4,Brass Band Pavilion,ChZDSUhNMG9nS0VJQ0FnSUN4dlltcENnEAE,2.0,萨兰罗姆公园内的一座凉亭。,zh-CN,Tue May 23 2023 23:43:00 GMT-0700 (Pacific Daylight Time),Valter Maccari,https://www.google.com/maps/reviews/data=!4m6!14m5!1m4!2m3!1sChZDSUhNMG9nS0VJQ0FnSUN4dlltcENnEAE!2m1!1s0x30e2993423ec3955:0x8ed89500203dbc4d
ChIJVTnsIzSZ4jARTbw9IACV2I4,Brass Band Pavilion,ChZDSUhNMG9nS0VJQ0FnSUQ5XzhXd1ZREAE,5.0,哇！我最喜欢这个！！！,zh-CN,Fri Mar 22 2024 17:15:19 GMT-0700 (Pacific Daylight Time),Fd Yf,https://www.google.com/maps/reviews/data=!4m6!14m5!1m4!2m3!1sChZDSUhNMG9nS0VJQ0FnSUQ5XzhXd1ZREAE!2m1!1s0x30e2993423ec3955:0x8ed89500203dbc4d
ChIJo26t19CZ4jARPwho87gAbMI,Sam Phraeng,Ci9DQUlRQUNvZENodHljRjlvT2tKTlFYQnFPVUZFTlRKRlVrVnhYemd6VG1VMVYyYxAB,5.0,看到这座建筑，往事历历在目。如今这里静谧安宁，没有举办任何活动。,zh-CN,Wed Jul 29 2026 20:11:48 GMT-0700 (Pacific Daylight Time),Wanchai Luon,https://www.google.com/maps/reviews/data=!4m6!14m5!1m4!2m3!1sCi9DQUlRQUNvZENodHljRjlvT2tKTlFYQnFPVUZFTlRKRlVrVnhYemd6VG1VMVYyYxAB!2m1!1s0x30e299d0d7ad6ea3:0xc26c00b8f368083f
ChIJo26t19CZ4jARPwho87gAbMI,Sam Phraeng,Ci9DQUlRQUNvZENodHljRjlvT205S1YxWktXRXgyYlVKd2VHWlhkSEJxTlVveVEzYxAB,5.0,我发现今天早晨的氛围充满当地特色，简单而迷人。我花了两个小时（包括午餐时间）漫步在这个古老街区的街道上，感受它依然保留的原始风貌。,zh-CN,Sat Nov 29 2025 03:59:44 GMT-0800 (Pacific Standard Time),Luca's,https://www.google.com/maps/reviews/data=!4m6!14m5!1m4!2m3!1sCi9DQUlRQUNvZENodHljRjlvT205S1YxWktXRXgyYlVKd2VHWlhkSEJxTlVveVEzYxAB!2m1!1s0x30e299d0d7ad6ea3:0xc26c00b8f368083f
ChIJo26t19CZ4jARPwho87gAbMI,Sam Phraeng,ChdDSUhNMG9nS0VJQ0FnSUQtMnNITHJRRRAB,5.0,“Sam Phraeng”（สามแพร่ง），其中“Phraeng”意为土地交汇处，指的是一条街道分成三条岔路，其中一条岔路与另一条岔路呈直角汇合而成。它包括“Phraeng Sapphasat”、“Phraeng Nara”和“Phraeng Phuthon”，三者都位于同一区域。这个街区的魅力在于那些至今仍保留着美丽古老建筑风格的老房子，令人流连忘返。 Phraeng Sapphasat：位于 Tanao 路和 Asadang 路之间。 从 Chao Pho Suea 神庙步行而来，您将到达“Phraeng Sapphasat 拱门”，这是一个醒目的地标，标志着您已到达当天的第一个目的地。 Phraeng Nara：位于 Wat Suthat Thep Wararam 和 Wat Mahannaparam 之间。 帕伦普通：位于塔瑙路和阿萨当路之间，沿克隆洛运河而建。 今天（2022年11月27日）是街头艺术展的最后一天。 尽情欣赏艺术，品尝美食吧！,zh-CN,Sun Nov 27 2022 06:46:54 GMT-0800 (Pacific Standard Time),Nirvana key,https://www.google.com/maps/reviews/data=!4m6!14m5!1m4!2m3!1sChdDSUhNMG9nS0VJQ0FnSUQtMnNITHJRRRAB!2m1!1s0x30e299d0d7ad6ea3:0xc26c00b8f368083f
ChIJo26t19CZ4jARPwho87gAbMI,Sam Phraeng,Ci9DQUlRQUNvZENodHljRjlvT200NFZuSTBjakJ5ZG14amJsZE9WVUZxV1VwT09GRRAB,5.0,失业、身无分文、无家可归、生活动荡不安，并且长期挨饿。,zh-CN,Wed Mar 04 2026 22:48:04 GMT-0800 (Pacific Standard Time),สมชาย ปากห้อย,https://www.google.com/maps/reviews/data=!4m6!14m5!1m4!2m3!1sCi9DQUlRQUNvZENodHljRjlvT200NFZuSTBjakJ5ZG14amJsZE9WVUZxV1VwT09GRRAB!2m1!1s0x30e299d0d7ad6ea3:0xc26c00b8f368083f
ChIJo26t19CZ4jARPwho87gAbMI,Sam Phraeng,ChZDSUhNMG9nS0VJQ0FnSURNNU9hQUNREAE,5.0,这里是个适合所有人的好去处，尤其适合孩子，而且有很多当地美食。,zh-CN,Tue Dec 17 2019 06:12:07 GMT-0800 (Pacific Standard Time),Rung Prateepmanowong,https://www.google.com/maps/reviews/data=!4m6!14m5!1m4!2m3!1sChZDSUhNMG9nS0VJQ0FnSURNNU9hQUNREAE!2m1!1s0x30e299d0d7ad6ea3:0xc26c00b8f368083f
ChIJzVSgZwCZ4jAReNI9xCFDZxg,Canal Garden,Ci9DQUlRQUNvZENodHljRjlvT2tWUlJWVm1SVWxRUkZCQ2RXZFhWVlpTUWxSc1YyYxAB,5.0,在一次短暂的散步中，我发现了一个风景优美的小花园。,zh-CN,Sat May 09 2026 06:48:18 GMT-0700 (Pacific Daylight Time),Kerstin H,https://www.google.com/maps/reviews/data=!4m6!14m5!1m4!2m3!1sCi9DQUlRQUNvZENodHljRjlvT2tWUlJWVm1SVWxRUkZCQ2RXZFhWVlpTUWxSc1YyYxAB!2m1!1s0x30e2990067a054cd:0x18674321c43dd278
ChIJAwLdmheZ4jARudUz0BaNkp4,ร้านตุ๊แพรวา​ ห้างดิโอลด์​สยาม​พลาซ่า​,ChZDSUhNMG9nS0VJQ0FnSURtaVl6b1ZBEAE,5.0,优质真丝，价格无与伦比。更有海量折扣和积分奖励等你来拿。,zh-CN,Tue Feb 01 2022 01:24:49 GMT-0800 (Pacific Standard Time),Worapat Namchuchai,https://www.google.com/maps/reviews/data=!4m6!14m5!1m4!2m3!1sChZDSUhNMG9nS0VJQ0FnSURtaVl6b1ZBEAE!2m1!1s0x30e299179add0203:0x9e928d16d033d5b9
ChIJAwLdmheZ4jARudUz0BaNkp4,ร้านตุ๊แพรวา​ ห้างดิโอลด์​สยาม​พลาซ่า​,ChZDSUhNMG9nS0VJQ0FnTUNnZ3MtMk53EAE,5.0,高品质泰国丝绸,zh-CN,Fri Feb 14 2025 23:43:46 GMT-0800 (Pacific Standard Time),Daw Su Su Daw Su Su,https://www.google.com/maps/reviews/data=!4m6!14m5!1m4!2m3!1sChZDSUhNMG9nS0VJQ0FnTUNnZ3MtMk53EAE!2m1!1s0x30e299179add0203:0x9e928d16d033d5b9
ChIJAwLdmheZ4jARudUz0BaNkp4,ร้านตุ๊แพรวา​ ห้างดิโอลด์​สยาม​พลาซ่า​,Ci9DQUlRQUNvZENodHljRjlvT25weFJVSm5iRXRmTm1WQ1EwRkZibk5XUkRKTmQxRRAB,4.0,,,Sat Mar 21 2026 04:27:14 GMT-0700 (Pacific Daylight Time),Pupa Penguin,https://www.google.com/maps/reviews/data=!4m6!14m5!1m4!2m3!1sCi9DQUlRQUNvZENodHljRjlvT25weFJVSm5iRXRmTm1WQ1EwRkZibk5XUkRKTmQxRRAB!2m1!1s0x30e299179add0203:0x9e928d16d033d5b9
ChIJQzJ5AmqZ4jARYlUiSAS7d6o,Makut Kasatriyaram Ratchaworawihan Temple,Ci9DQUlRQUNvZENodHljRjlvT2pWQldXWk5MVzV1WDJwV1ZYUlhZMHB6U0dsSmRXYxAB,5.0,玛库卡萨特里亚拉姆拉查沃拉维汉寺 (Makut Kasatriyaram Ratchaworawihan Temple) 宁静祥和的氛围让人很容易放慢脚步，静静欣赏。我尤其喜欢这座古老寺庙的古朴风貌和寺内精美的泰式绘画，非常值得细细品味。这里感觉像是一个静谧的沉思之地，我一定会再次造访。,zh-CN,Sat Jul 18 2026 06:35:50 GMT-0700 (Pacific Daylight Time),Alejandro George,https://www.google.com/maps/reviews/data=!4m6!14m5!1m4!2m3!1sCi9DQUlRQUNvZENodHljRjlvT2pWQldXWk5MVzV1WDJwV1ZYUlhZMHB6U0dsSmRXYxAB!2m1!1s0x30e2996a02793243:0xaa77bb0448225562
ChIJQzJ5AmqZ4jARYlUiSAS7d6o,Makut Kasatriyaram Ratchaworawihan Temple,Ci9DQUlRQUNvZENodHljRjlvT2xsemEweFBhSE4zUjJSTlowVk1VR0ZMVjBOQlVGRRAB,5.0,蒙固·拉玛四世国王下令建造玛库卡萨特里亚拉姆寺（Wat Makut Kasattriyaram），毗邻索玛纳斯寺（Wat Somanas），后者是为纪念索玛纳王后而建。这种为国王和王后建造寺庙的模式，沿袭了阿瑜陀耶王朝博罗玛科特国王的做法。博罗玛科特国王建造了库迪道寺（Wat Kudeedao）作为皇家寺庙，以及为王后建造的萨玛纳科特寺（Wat Samanakot）。此外，拉玛四世国王希望沿着他主持的运河工程——巴东克隆卡森运河（Padung Krung Kasem）沿线建造众多寺庙，效仿阿瑜陀耶城，该城的岛屿周围遍布寺庙。 拉玛四世国王任命颂德·昭披耶·博隆·玛哈·斯里·苏里亚翁斯为总建筑师，克罗姆·坤·拉贾西哈维克罗姆王子为建筑师。 在佛殿（Ubosot）内，有许多精美的壁画，描绘了佛陀十一位男性和九位女性主要弟子的生平事迹。壁画下方的石板上刻有铭文。 这座寺庙以其两段式的寺院（Sima）而闻名，是拉达那哥欣地区仅有的两座拥有此类结构的寺庙之一，另一座是索玛纳特·维汉·拉查沃拉维汉寺（Wat Sommanat Wihan Ratchaworawihan）。第一段寺院被称为大寺院（Maha Sima），位于环绕寺庙的围墙拐角处；而环绕佛殿的寺院则被称为坎塔寺院（Khantha Sima）。 奠基石于佛历2410年（公元1867年）安放，次年寺庙被命名为“玛库特·卡萨特里亚拉姆寺”（Wat Makut Kasattriyaram），意为“玛库特国王寺”。然而，民众称其为“Wat Phra Nam Banyad”，意为“国王之名寺”，因为他们认为以国王的名字“Makut”（意为“王冠”）命名寺庙并不合适。直到其子朱拉隆功国王（拉玛五世）在位时，才颁布皇家法令，将寺庙更名为“Wat Makut Kasattriyaram”，以符合蒙固国王（拉玛四世）的意愿。（“Makut”为巴利语，“Mongkut”为泰语。） 随后，蒙固国王邀请其弟子、尊者Candragocaraguna（Yim Chantarangsi）担任首任住持。寺庙僧舍建成后，国王于1868年7月26日（星期五）亲自主持开幕仪式，并向住持赠予了许多礼物。 蒙固国王于1868年10月1日因疟疾驾崩。 ........在泰国预留了骨灰安置所，以备将来使用。,zh-CN,Thu Jun 18 2026 00:47:14 GMT-0700 (Pacific Daylight Time),Ade Ho,https://www.google.com/maps/reviews/data=!4m6!14m5!1m4!2m3!1sCi9DQUlRQUNvZENodHljRjlvT2xsemEweFBhSE4zUjJSTlowVk1VR0ZMVjBOQlVGRRAB!2m1!1s0x30e2996a02793243:0xaa77bb0448225562
ChIJQzJ5AmqZ4jARYlUiSAS7d6o,Makut Kasatriyaram Ratchaworawihan Temple,Ci9DQUlRQUNvZENodHljRjlvT2kxblVtOTVXSE50VTFOa2FpMVVkVlJ5T0VsUVNIYxAB,5.0,专业的殡葬服务区。 干净整洁，环境优美。 配备空调的舒适洗手间。 提供停车位。 寺庙前的路边有餐厅。 2026年1月27日、29日,zh-CN,Sat Jan 31 2026 23:41:24 GMT-0800 (Pacific Standard Time),Pavielin 林美丽,https://www.google.com/maps/reviews/data=!4m6!14m5!1m4!2m3!1sCi9DQUlRQUNvZENodHljRjlvT2kxblVtOTVXSE50VTFOa2FpMVVkVlJ5T0VsUVNIYxAB!2m1!1s0x30e2996a02793243:0xaa77bb0448225562
ChIJQzJ5AmqZ4jARYlUiSAS7d6o,Makut Kasatriyaram Ratchaworawihan Temple,Ci9DQUlRQUNvZENodHljRjlvT201U2NUTnRkalF0ZFdScVFrNUdVRXhSWjFKMGRWRRAB,5.0,将车停在寺庙前的停车场后，您就能看到宏伟壮丽的主殿。这座寺庙建于罗摩四世国王统治时期，曾用于举行晚祷。我参观的那天，寺庙里仍然在举行晚祷。寺庙的门窗都精美绝伦。这次我没有机会参观寺庙内部，下次参观时我会分享照片。,zh-CN,Fri May 15 2026 01:10:36 GMT-0700 (Pacific Daylight Time),suchart cc,https://www.google.com/maps/reviews/data=!4m6!14m5!1m4!2m3!1sCi9DQUlRQUNvZENodHljRjlvT201U2NUTnRkalF0ZFdScVFrNUdVRXhSWjFKMGRWRRAB!2m1!1s0x30e2996a02793243:0xaa77bb0448225562
ChIJQzJ5AmqZ4jARYlUiSAS7d6o,Makut Kasatriyaram Ratchaworawihan Temple,Ci9DQUlRQUNvZENodHljRjlvT2tkc2RYaHdNMEpzWkRrdFZtSkxSVFJEUm1SYU1HYxAB,5.0,我参加了朋友母亲的火葬仪式。寺庙非常宽敞，气氛宁静祥和，别具一格。寺庙的洗手间配备自动门和空调，并且24小时都有工作人员值班。我对此表示赞赏。,zh-CN,Thu Feb 26 2026 23:37:19 GMT-0800 (Pacific Standard Time),Yongyuth Chailai,https://www.google.com/maps/reviews/data=!4m6!14m5!1m4!2m3!1sCi9DQUlRQUNvZENodHljRjlvT2tkc2RYaHdNMEpzWkRrdFZtSkxSVFJEUm1SYU1HYxAB!2m1!1s0x30e2996a02793243:0xaa77bb0448225562
ChIJ_bd56myZ4jAROGViXBy9vP0,巴翁僧王寺,Ci9DQUlRQUNvZENodHljRjlvT2kxaFpDMVZkM05RVDNaSlpVSkxlVUZUWm5kQldGRRAB,5.0,泰式融合中式，潮汕抑或闽南风格的雕塑和屋檐十分美丽。安静舒适 大殿内有壁画 可惜有隔挡只能看到前排的部分壁画希望能改善，给远道而来观看壁画的人欣赏的可能。 可以安静的待在这里很久，有很多打坐冥想的人。,zh,Mon Sep 08 2025 02:27:31 GMT-0700 (Pacific Daylight Time),yang xiao,https://www.google.com/maps/reviews/data=!4m6!14m5!1m4!2m3!1sCi9DQUlRQUNvZENodHljRjlvT2kxaFpDMVZkM05RVDNaSlpVSkxlVUZUWm5kQldGRRAB!2m1!1s0x30e2996cea79b7fd:0xfdbcbd1c5c626538
ChIJ_bd56myZ4jAROGViXBy9vP0,巴翁僧王寺,ChZDSUhNMG9nS0VJQ0FnSUNnaDZUYkJnEAE,5.0,非常美丽… 庄严典雅 金碧辉煌。逛到考山路的各位可以顺便来此一观… 进门需要拖鞋 不少人在打坐冥想… 神圣安宁 占地面积也大,zh,Sat Jun 25 2016 08:12:39 GMT-0700 (Pacific Daylight Time),信心,https://www.google.com/maps/reviews/data=!4m6!14m5!1m4!2m3!1sChZDSUhNMG9nS0VJQ0FnSUNnaDZUYkJnEAE!2m1!1s0x30e2996cea79b7fd:0xfdbcbd1c5c626538
ChIJ_bd56myZ4jAROGViXBy9vP0,巴翁僧王寺,ChdDSUhNMG9nS0VJQ0FnSURyNjVUQ3ZnRRAB,4.0,可惜没进到大雄宝殿,zh,Sat Jul 20 2024 03:18:39 GMT-0700 (Pacific Daylight Time),Wee Chuan Ivan Tan,https://www.google.com/maps/reviews/data=!4m6!14m5!1m4!2m3!1sChdDSUhNMG9nS0VJQ0FnSURyNjVUQ3ZnRRAB!2m1!1s0x30e2996cea79b7fd:0xfdbcbd1c5c626538
ChIJ_bd56myZ4jAROGViXBy9vP0,巴翁僧王寺,ChdDSUhNMG9nS0VJQ0FnSURzOGR5anZBRRAB,5.0,"这里可以安安静静拜佛,念佛经.",zh,Sat Mar 07 2020 09:47:27 GMT-0800 (Pacific Standard Time),Myo Thant,https://www.google.com/maps/reviews/data=!4m6!14m5!1m4!2m3!1sChdDSUhNMG9nS0VJQ0FnSURzOGR5anZBRRAB!2m1!1s0x30e2996cea79b7fd:0xfdbcbd1c5c626538
ChIJ_bd56myZ4jAROGViXBy9vP0,巴翁僧王寺,Ci9DQUlRQUNvZENodHljRjlvT2pRMGRqbE1OMFpQWTNwU1FYUnJaMkZTYjJKT1UyYxAB,1.0,优雅的氛围,zh,Tue Oct 14 2025 05:31:41 GMT-0700 (Pacific Daylight Time),蒋中轲,https://www.google.com/maps/reviews/data=!4m6!14m5!1m4!2m3!1sCi9DQUlRQUNvZENodHljRjlvT2pRMGRqbE1OMFpQWTNwU1FYUnJaMkZTYjJKT1UyYxAB!2m1!1s0x30e2996cea79b7fd:0xfdbcbd1c5c626538
ChIJvccM01iZ4jARPwr8_uBuM_8,云石寺,Ci9DQUlRQUNvZENodHljRjlvT21oNWFGcHpTbWR2Y0ZBd1pVaHhRekZCUlVGbFpGRRAB,5.0,很漂亮，很雄伟,zh,Thu Sep 18 2025 08:52:19 GMT-0700 (Pacific Daylight Time),yu chen,https://www.google.com/maps/reviews/data=!4m6!14m5!1m4!2m3!1sCi9DQUlRQUNvZENodHljRjlvT21oNWFGcHpTbWR2Y0ZBd1pVaHhRekZCUlVGbFpGRRAB!2m1!1s0x30e29958d30cc7bd:0xff336ee0fefc0a3f
ChIJvccM01iZ4jARPwr8_uBuM_8,云石寺,ChdDSUhNMG9nS0VJQ0FnSUQtODktWGt3RRAB,3.0,寺里的金纳那佛像是唯一看点，其余的也没有什么直得参观的。,zh,Fri Dec 09 2022 02:14:27 GMT-0800 (Pacific Standard Time),H M CHAN,https://www.google.com/maps/reviews/data=!4m6!14m5!1m4!2m3!1sChdDSUhNMG9nS0VJQ0FnSUQtODktWGt3RRAB!2m1!1s0x30e29958d30cc7bd:0xff336ee0fefc0a3f
ChIJvccM01iZ4jARPwr8_uBuM_8,云石寺,ChdDSUhNMG9nS0VJQ0FnSUNqbWJMRm5RRRAB,5.0,门票一百泰铢，傍晚寺庙大殿关闭后，可以免费进入，映衬着夕阳，拍照片会很好看。,zh,Tue Apr 23 2024 05:24:02 GMT-0700 (Pacific Daylight Time),Ha Z,https://www.google.com/maps/reviews/data=!4m6!14m5!1m4!2m3!1sChdDSUhNMG9nS0VJQ0FnSUNqbWJMRm5RRRAB!2m1!1s0x30e29958d30cc7bd:0xff336ee0fefc0a3f
ChIJvccM01iZ4jARPwr8_uBuM_8,云石寺,ChdDSUhNMG9nS0VJQ0FnSURsbXRIMXFnRRAB,2.0,位置较偏僻，而且相较于其他寺庙并无太大特色，如无太多闲暇时间，没有必要前往参观。,zh,Fri Dec 01 2023 04:13:42 GMT-0800 (Pacific Standard Time),周leo,https://www.google.com/maps/reviews/data=!4m6!14m5!1m4!2m3!1sChdDSUhNMG9nS0VJQ0FnSURsbXRIMXFnRRAB!2m1!1s0x30e29958d30cc7bd:0xff336ee0fefc0a3f
ChIJvccM01iZ4jARPwr8_uBuM_8,云石寺,ChdDSUhNMG9nS0VJQ0FnSURBdjkycWl3RRAB,5.0,"刻印于5฿泰铢硬币上经典佛寺, 寺廟主殿當中的內外殿牆壁、寺院梁柱、石獅，甚至全部的地板，通通都是由義大利進口的大理石打造. 大理石柱外牆的走廊，當中供奉了52尊泰國歷代不同時期的各式佛像，而且沒有重複.",zh,Wed Oct 26 2016 22:36:36 GMT-0700 (Pacific Daylight Time),王汝南,https://www.google.com/maps/reviews/data=!4m6!14m5!1m4!2m3!1sChdDSUhNMG9nS0VJQ0FnSURBdjkycWl3RRAB!2m1!1s0x30e29958d30cc7bd:0xff336ee0fefc0a3f
ChIJ4VPDiQKZ4jARdfHoseVonFk,印卓威汉寺,Ci9DQUlRQUNvZENodHljRjlvT2psRE1tRlBiSEJMWXpSbU1WVkZMVEJmWlVsdFkyYxAB,5.0,"Wat Intharawihan 印卓威汉寺 วัดอินทรวิหาร 印泰拉维汉寺或许不如曼谷一些大型寺庙闻名，但它却以其静谧的力量和优雅而独树一帜，这尤其归功于那尊高达32米的立佛，即龙普托（Luang Pho To）。这尊佛像身披金甲，高耸于寺院之上，既令人肃然起敬，又令人肃然起敬。它是泰国最高的立佛之一，近距离观赏，令人不禁感到内心的宁静与敬畏。 与熙熙攘攘的寺庙不同，印泰拉维汉寺的氛围更加轻松随意，商业气息淡薄。这里充满着浓郁的当地风情，人们依然前来祈祷、焚香、静静地沉思。寺院周围的庭院中分布着一些小型神龛、雕像和壁画，为参观者增添了层次丰富的细节，每个角落都蕴藏着泰国的精神和艺术遗产。 这座寺庙的历史可以追溯到大城王朝时期，您可以从其建筑风格和维护过程中感受到这份传承。 Wat Intharawihan 寺美不胜收，它提醒着我们，即使身处名声显赫的地方，也能感受到意义非凡的体验。对于那些希望在更安静、更私密的环境中更深入地体验泰国佛教文化的人来说，这里是理想之选, 远离喧嚣，却又充满心灵的体验。🙏🙏🙏 #印卓威汉寺 #วัดอินทรวิหาร #WatIntharawihan #阿赞哆",zh,Sun Aug 24 2025 17:17:49 GMT-0700 (Pacific Daylight Time),Weng Leong Cheah,https://www.google.com/maps/reviews/data=!4m6!14m5!1m4!2m3!1sCi9DQUlRQUNvZENodHljRjlvT2psRE1tRlBiSEJMWXpSbU1WVkZMVEJmWlVsdFkyYxAB!2m1!1s0x30e2990289c353e1:0x599c68e5b1e8f175
ChIJ4VPDiQKZ4jARdfHoseVonFk,印卓威汉寺,ChdDSUhNMG9nS0VJQ0FnSUQtMmR1aTZ3RRAB,5.0,瓦茵佛寺 一代神僧 崇德帕菩塔參哆上师于佛历2415年子夜圆寂于大佛脚下...,zh,Sun Dec 11 2022 04:50:48 GMT-0800 (Pacific Standard Time),H M CHAN,https://www.google.com/maps/reviews/data=!4m6!14m5!1m4!2m3!1sChdDSUhNMG9nS0VJQ0FnSUQtMmR1aTZ3RRAB!2m1!1s0x30e2990289c353e1:0x599c68e5b1e8f175
ChIJ4VPDiQKZ4jARdfHoseVonFk,印卓威汉寺,Ci9DQUlRQUNvZENodHljRjlvT2twT01IRkpOSFJ6UzJWdGEwcDZjRzFrTjJvMFZHYxAB,3.0,40泰铢门票，不建议,zh,Sat Mar 21 2026 09:14:31 GMT-0700 (Pacific Daylight Time),chen lin,https://www.google.com/maps/reviews/data=!4m6!14m5!1m4!2m3!1sCi9DQUlRQUNvZENodHljRjlvT2twT01IRkpOSFJ6UzJWdGEwcDZjRzFrTjJvMFZHYxAB!2m1!1s0x30e2990289c353e1:0x599c68e5b1e8f175
ChIJ4VPDiQKZ4jARdfHoseVonFk,印卓威汉寺,ChZDSUhNMG9nS0VJQ0FnSURQZzlYWFRREAE,5.0,第一次来这里 只有本地人知道的地方 环境很好 一点也不商业 很开心来到这里,zh,Wed Dec 04 2024 20:33:29 GMT-0800 (Pacific Standard Time),Bing Bing,https://www.google.com/maps/reviews/data=!4m6!14m5!1m4!2m3!1sChZDSUhNMG9nS0VJQ0FnSURQZzlYWFRREAE!2m1!1s0x30e2990289c353e1:0x599c68e5b1e8f175
ChIJ4VPDiQKZ4jARdfHoseVonFk,印卓威汉寺,ChZDSUhNMG9nS0VJQ0FnSURvdTVfU0F3EAE,4.0,陈师父是这里的管事，他为人和蔼可亲，少了一份敬畏多了一份亲切，对他的印象很好，这里的和尚，不拘小节，让我大开眼界。,zh,Fri Mar 22 2019 16:37:11 GMT-0700 (Pacific Daylight Time),Hue An Tran,https://www.google.com/maps/reviews/data=!4m6!14m5!1m4!2m3!1sChZDSUhNMG9nS0VJQ0FnSURvdTVfU0F3EAE!2m1!1s0x30e2990289c353e1:0x599c68e5b1e8f175
ChIJIWA15UCZ4jARvq0RB-4OijQ,Wat Sommanat Ratchaworawihan,Ci9DQUlRQUNvZENodHljRjlvT21kamVIcHhUbW8wTVhaaFEzUmhlazExUm1jNVRGRRAB,5.0,中午去寺庙祈祷🙏🏻，山雨欲来风满楼，铃铛声、雷声、诵经声，百感交集哭泣😭,zh,Wed May 13 2026 18:55:44 GMT-0700 (Pacific Daylight Time),Jingxuan Bao,https://www.google.com/maps/reviews/data=!4m6!14m5!1m4!2m3!1sCi9DQUlRQUNvZENodHljRjlvT21kamVIcHhUbW8wTVhaaFEzUmhlazExUm1jNVRGRRAB!2m1!1s0x30e29940e5356021:0x348a0eee0711adbe
ChIJIWA15UCZ4jARvq0RB-4OijQ,Wat Sommanat Ratchaworawihan,ChdDSUhNMG9nS0VJQ0FnSURrdTZ5dDh3RRAB,3.0,市中心,zh,Tue Jul 09 2019 02:30:12 GMT-0700 (Pacific Daylight Time),Ittipong Shu,https://www.google.com/maps/reviews/data=!4m6!14m5!1m4!2m3!1sChdDSUhNMG9nS0VJQ0FnSURrdTZ5dDh3RRAB!2m1!1s0x30e29940e5356021:0x348a0eee0711adbe
ChIJIWA15UCZ4jARvq0RB-4OijQ,Wat Sommanat Ratchaworawihan,Ci9DQUlRQUNvZENodHljRjlvT21wdE5UQjRRbFprVGpWcFgyWnNRMUpIVTFkR1psRRAB,5.0,索玛纳拉查沃拉维汉寺（Wat Sommanat Ratchaworawihan，วัดโสมนัสราชวรวิหาร）是一座位于曼谷Krung Kasem路（靠近Khlong Phadung Krung Kasem水道）的二级皇家寺庙。它由拉玛四世国王于公元1853年（佛历2396年）创建，以纪念他早逝的第一位王后索玛纳斯·瓦达纳瓦蒂（Somanass Waddhanawathy）。寺庙的名字直接取自她的名字，其设计体现了精致而庄严的纪念空间。 寺庙的建筑风格属于早期拉达那哥欣风格，并受到拉玛三世和拉玛四世统治时期的影响。戒堂（ubosot）建于高台上，并被双层围墙环绕。这座寺庙拥有多层屋顶，饰以鸟形尖顶（chofa）、锯齿状屋檐（bai raka）和弯曲的蛇尾纹饰（hang hong）。外墙采用白色灰泥和金色饰边，营造出明亮而庄重的氛围。主殿（ubosot）内部的墙壁与其他许多寺庙不同，涂有深黑色漆，这是这座寺庙的显著特征。黑色内饰象征着对索玛纳斯王后的哀悼，与金色的佛像和金色的彩绘形成鲜明的对比。 主佛像为帕佛陀西里蒙坤（Phra Buddha Siri Mongkhon），这是一尊素可泰风格的坐佛，呈降魔姿态。镀金的佛像端坐于多层宝座之上，其后深色的墙壁更衬托出佛像的光辉！内部装饰采用较为内敛的风格，包括金色的彩绘和传统图案，与这座纪念寺庙的庄严氛围相得益彰。 寺庙内矗立着一座斯里兰卡风格的大型佛塔，塔身呈光滑的钟形，塔尖镀金。这座佛塔供奉着神圣的舍利，体现了拉玛四世统治时期盛行的上座部佛教建筑风格。寺庙建筑群还包括一座佛殿（viharn）、一座经库（ho trai）、僧侣住所和围绕着静谧庭院而建的小型佛龛。与其他许多寺庙相比，这座寺庙的布局更为紧凑，但依然优雅，比例均衡，是19世纪中期皇家寺庙的典型特征。 尽管位于曼谷市中心，索玛纳寺却拥有宁静祥和的氛围。它或许不如其他皇家寺庙那样热门，但却能让人更深入地体验曼谷的历史。,zh-CN,Fri Apr 03 2026 01:32:19 GMT-0700 (Pacific Daylight Time),The Traveling Pug,https://www.google.com/maps/reviews/data=!4m6!14m5!1m4!2m3!1sCi9DQUlRQUNvZENodHljRjlvT21wdE5UQjRRbFprVGpWcFgyWnNRMUpIVTFkR1psRRAB!2m1!1s0x30e29940e5356021:0x348a0eee0711adbe
ChIJIWA15UCZ4jARvq0RB-4OijQ,Wat Sommanat Ratchaworawihan,Ci9DQUlRQUNvZENodHljRjlvT21VMWNYQlNUbHBZYXpoaWMybDNORXN3VlZKdFVtYxAB,3.0,这座寺庙被列为泰国第二大皇家寺院，由拉玛四世国王于1853年下令建造。当时，拉玛四世国王希望建造一座与大城寺（Krungsri Ayutthaya）类似的皇家寺庙。国王建造此寺是为了纪念崇迪帕南昭·颂玛纳瓦塔纳瓦迪（Somdej Phranangchao Sommanatwattanawadi），因此将其命名为颂玛纳维汉寺（Wat Sommanat Wihan）。寺庙建成150年后，它仍然是僧侣们修行佛法的理想场所。这是因为寺庙本身距离市区不远，正如《三藏经》中所记载的那样，这是寺庙的理想选址。寺庙内部的艺术风格明显带有拉达那哥欣王朝（Rattanakosin）的印记。佛殿（ubosot）和圣殿内都绘有精美的壁画。主殿（ubosot）的主佛像来自拉差提瓦寺（Wat Rachathiwat），名为帕三佛西里（Phra Sam Buddha Siri）；佛殿的主佛像名为帕三佛颂玛纳瓦塔纳瓦迪纳波披（Phra Sam Buddha Sommanat Wattanawadinartbophit）。寺庙周围还有两座佛塔。较大的佛塔内供奉着佛陀舍利（佛塔曾镀金），较小的佛塔（蒙切迪，Mon Chedi）与印度供奉佛陀舍利的佛塔一样精美。寺庙内还设有学校和军人公墓。,zh-CN,Fri May 01 2026 03:52:44 GMT-0700 (Pacific Daylight Time),Valter Maccari,https://www.google.com/maps/reviews/data=!4m6!14m5!1m4!2m3!1sCi9DQUlRQUNvZENodHljRjlvT21VMWNYQlNUbHBZYXpoaWMybDNORXN3VlZKdFVtYxAB!2m1!1s0x30e29940e5356021:0x348a0eee0711adbe
ChIJIWA15UCZ4jARvq0RB-4OijQ,Wat Sommanat Ratchaworawihan,Ci9DQUlRQUNvZENodHljRjlvT21oNk1VdERjVWhwYWtGYVVtaE1hR2h0VFc1VVdYYxAB,4.0,我发现索玛纳拉查沃拉维汉寺 (Wat Sommanat Ratchaworawihan) 是运河边一处静谧的休憩之所。寺内环境宁静整洁，让人可以轻松地在此消磨时光，不必像往常那样匆忙。这里氛围简朴而沉思，如果您想在城市中寻找一处较为安静的寺庙，这里是个不错的选择。,zh-CN,Fri Jul 17 2026 03:05:00 GMT-0700 (Pacific Daylight Time),Pete Lauer,https://www.google.com/maps/reviews/data=!4m6!14m5!1m4!2m3!1sCi9DQUlRQUNvZENodHljRjlvT21oNk1VdERjVWhwYWtGYVVtaE1hR2h0VFc1VVdYYxAB!2m1!1s0x30e29940e5356021:0x348a0eee0711adbe
ChIJYTbBTBSZ4jARYTUWfRRhB8I,Wat Ratchanatdaram Worawihan,ChdDSUhNMG9nS0VJQ0FnSUQ3d3VhR2dBRRAB,5.0,驾车离开曼谷，匆匆一瞥，在后视镜中看到了这个寺庙，只看一眼我就觉得必须掉头回去看一下。这次旅程能以这样精美的寺庙收尾，是一种幸运。,zh,Thu Aug 22 2024 09:35:55 GMT-0700 (Pacific Daylight Time),陈无缺,https://www.google.com/maps/reviews/data=!4m6!14m5!1m4!2m3!1sChdDSUhNMG9nS0VJQ0FnSUQ3d3VhR2dBRRAB!2m1!1s0x30e299144cc13661:0xc20761147d163561
ChIJYTbBTBSZ4jARYTUWfRRhB8I,Wat Ratchanatdaram Worawihan,ChZDSUhNMG9nS0VJQ0FnSUQxOFp2N1F3EAE,4.0,一般般，在这里不能拍到全貌，需要去远一点,zh,Sun Jan 07 2024 18:27:56 GMT-0800 (Pacific Standard Time),舞蹈大师,https://www.google.com/maps/reviews/data=!4m6!14m5!1m4!2m3!1sChZDSUhNMG9nS0VJQ0FnSUQxOFp2N1F3EAE!2m1!1s0x30e299144cc13661:0xc20761147d163561
ChIJYTbBTBSZ4jARYTUWfRRhB8I,Wat Ratchanatdaram Worawihan,ChdDSUhNMG9nS0VJQ0FnSUNaaHZtbDNBRRAB,4.0,中午热到爆，很热很热。。寺庙很漂亮，就是太热。。,zh,Sat Sep 09 2023 03:27:35 GMT-0700 (Pacific Daylight Time),Wong King Guang,https://www.google.com/maps/reviews/data=!4m6!14m5!1m4!2m3!1sChdDSUhNMG9nS0VJQ0FnSUNaaHZtbDNBRRAB!2m1!1s0x30e299144cc13661:0xc20761147d163561
ChIJYTbBTBSZ4jARYTUWfRRhB8I,Wat Ratchanatdaram Worawihan,ChdDSUhNMG9nS0VJQ0FnSUNIenZ6d3ZBRRAB,5.0,金碧辉煌的寺庙，一个塔，很古老的塔。很有历史感，门票20株。一定要上到塔顶去看看。在金山寺的对面。很近。,zh,Wed Sep 04 2024 19:32:18 GMT-0700 (Pacific Daylight Time),Nora O,https://www.google.com/maps/reviews/data=!4m6!14m5!1m4!2m3!1sChdDSUhNMG9nS0VJQ0FnSUNIenZ6d3ZBRRAB!2m1!1s0x30e299144cc13661:0xc20761147d163561
ChIJYTbBTBSZ4jARYTUWfRRhB8I,Wat Ratchanatdaram Worawihan,ChZDSUhNMG9nS0VJQ0FnSUNJdkotNVVREAE,5.0,游人很少，主殿是对称的结构，里面有一些科技项目的结合，非常的美！！！和金山寺隔河相望。我认为这个比一般的寺庙都要好看。 将来的老婆，我会带你过来这里。,zh,Thu Nov 01 2018 22:06:00 GMT-0700 (Pacific Daylight Time),Jackson Zhang,https://www.google.com/maps/reviews/data=!4m6!14m5!1m4!2m3!1sChZDSUhNMG9nS0VJQ0FnSUNJdkotNVVREAE!2m1!1s0x30e299144cc13661:0xc20761147d163561
ChIJ6_fZOBWZ4jARCaXxfZLuwIY,Wat Parinayok Worawihan,Ci9DQUlRQUNvZENodHljRjlvT25OcU0wWk1iVXBzUkVneVJHMVBXRGRSTVMxdmVFRRAB,4.0,这是一座位于老城区拉达那哥欣岛西北部的皇家寺庙。虽然距离金光寺（Wat Saket）和本查玛波披寺（Wat Benchamabophit）相对较近，但它却是一座宁静的寺庙，游客稀少，主要为当地信徒前来参拜。寺庙始建于1810年左右，由当时的“帕普罗姆苏林”（Phra Promsurin）——昭披耶·菩提德查（Chao Phraya Bodhindecha，又名辛辛哈塞尼，Sing Singhaseni）——建造。最初名为帕普罗姆苏林寺（Wat Promsurin），后为纪念其在越南和柬埔寨战役中的功绩，并因此晋升为最高行政长官（Samha Nayok），拉玛三世国王将其更名为“帕利纳约克寺”（Wat Palinayok）。寺内的佛像据信创作于素可泰时期（13至14世纪），是曼谷现存最古老的佛像之一。佛像造型优雅立体，神态温婉，因其艺术价值而备受推崇。 由于有禁止室内拍照的标志，所以只拍了外观。顺便一提，我是从兰甘亨乘船来的，在船上我问旁边一位女士关于这座寺庙的事，她很热情地陪我走到了入口。我想这也是缘分吧。,zh-CN,Sat Jul 04 2026 18:42:51 GMT-0700 (Pacific Daylight Time),takashi suzuki,https://www.google.com/maps/reviews/data=!4m6!14m5!1m4!2m3!1sCi9DQUlRQUNvZENodHljRjlvT25OcU0wWk1iVXBzUkVneVJHMVBXRGRSTVMxdmVFRRAB!2m1!1s0x30e2991538d9f7eb:0x86c0ee927df1a509
ChIJ6_fZOBWZ4jARCaXxfZLuwIY,Wat Parinayok Worawihan,Ci9DQUlRQUNvZENodHljRjlvT25OSWVFdHVhM2xJUkZWUVVIUm5hMEpqZFVOdWRtYxAB,5.0,这座寺庙原名素林寺（Wat Phrom Surin），由当时的帕普罗姆素林（Phra Phrom Surin）法师昭披耶·博丁德查（Chao Phraya Bodindecha，又名辛辛哈塞尼 Sing Singhaseni）于1810年建造，因此寺庙也以其法师的头衔命名。 “帕里纳约克”（Parinayok）之名源于“帕里纳约克卡拉特”（Parinayokkarat），意为“珠宝将军，伟大皇帝的侍从”。 1899年（朱拉隆功国王统治时期），拉差丹农路修建时侵占了寺庙的土地，导致寺庙面积大幅缩减。因此，朱拉隆功国王下令对帕里纳约克寺进行全面重建，建造新的戒堂，并将旧戒堂的界碑移至新戒堂周围。尽管寺庙面积有所缩小，但国王仍特许保留一对界碑，使帕里纳约克寺得以继续保持其皇家寺庙的地位。该寺庙于 1900 年获得皇家特许状（Visungkamsima）。,zh-CN,Wed Jul 08 2026 08:11:44 GMT-0700 (Pacific Daylight Time),S M,https://www.google.com/maps/reviews/data=!4m6!14m5!1m4!2m3!1sCi9DQUlRQUNvZENodHljRjlvT25OSWVFdHVhM2xJUkZWUVVIUm5hMEpqZFVOdWRtYxAB!2m1!1s0x30e2991538d9f7eb:0x86c0ee927df1a509
ChIJ6_fZOBWZ4jARCaXxfZLuwIY,Wat Parinayok Worawihan,Ci9DQUlRQUNvZENodHljRjlvT2t4SllsWTBMV2R5V1d0RlFVOVdRMjFQU1VkSFVrRRAB,3.0,388...2025年7月9日 帕里尼亚沃拉维汉寺（Wat Parinya Worawihan）是一座三级皇家寺庙，属于沃拉维汉类型，位于曼谷帕那空县班潘通镇帕里尼亚路1号。它属于摩诃尼迦派。 这座寺庙最初名为帕罗姆苏林寺（Wat Phrom Surin），是拉差丹能诺克路上的一座小寺庙。 纳达奈·帕德维拉翁（Natdanai Phakdevirawong）....拍摄于....2025年7月9日。共23张照片。 这座寺庙位于作者的第388张相册中。 （本相册所有照片均可免费使用。作者旨在弘扬佛法，促进更广泛的宗教交流，无需任何许可。通过让佛法进一步传播，也为佛教的长远传承做出了贡献。） 从索玛纳斯·拉查沃拉维汉寺出发，我们继续前往顺通·塔玛坦寺（又称卡南隆寺）。我们漫无目的地徘徊，希望能找到一座寺庙。我们走到帕林亚·沃拉维汉寺的后院，感觉有点迷茫，因为入口太小，感觉像是走进了一条小巷。最终，我们来到了我见过的最小的寺庙之一。人们以为它和之前的两座寺庙很像，在佛教圣日做功德。但事实并非如此。他的亲戚们可能感到疑惑，想知道这个人是谁，于是走上前去拍照。回头一看，并不是。 曼谷帕里纳亚克沃拉维汉寺，由昭披耶·波丁德查（Chao Phraya Bodindecha）建造 帕里纳亚克沃拉维汉寺是一座三级皇家寺庙，属于沃拉维汉类型，位于曼谷帕那空县班潘通（Ban Phan Thom）分区帕里纳亚克路1号，属于摩诃尼迦派。 该寺原名为帕罗姆苏林寺（Wat Phrom Surin），建于1810年（普塔洛特拉·纳帕莱国王在位期间），由拥有帕罗姆苏林头衔的昭披耶·波丁德查（Sing Singhaseni）建造。因此，该寺以当时的王室头衔命名。拉玛三世国王从越南战争归来后，曾对这座寺庙进行过翻修。然而，他在寺庙竣工前就去世了。拉玛三世国王随后授予了皇家许可，将其认定为皇家寺庙，并一直持续到竣工。帕里纳育寺的新名是为了纪念当时担任萨穆哈那约克（Samuhanayok）的昭披耶·波丁德查（Chaophraya Bodindecha）。“帕里纳育克”（Parinayok）一词源于“Parinayok”，意为“伟大的将军和伟大皇帝的伙伴”。帕里纳育克寺的土地与邦喃蒲运河（Bang Lamphu Canal）接壤，因此形成了一块狭长、呈旗帜状的区域，被称为“旗地”。旗杆位于西侧，与邦喃蒲运河接壤；旗杆位于东侧，与农业和合作社部（Ministry of Agriculture and Cooperatives）的土地接壤。最初的寺庙占地面积非常广阔，从玛哈坎堡（Mahakan Fort）对面、潘法利拉桥（Phan Fa Lilat Bridge）底部的兰銮路（Lan Luang Road）一直延伸到现在的寺庙遗址。 1899年（朱拉隆功国王统治时期），拉差丹能路（Ratchadamnoen Road）的修建，道路切入了帕里纳育克寺的土地，导致寺庙土地大量流失。因此，朱拉隆功国王下令建造一座全新的帕里纳约克寺。他建造了一座新的佛堂（戒堂），并将原佛堂上的蛇形叶片环绕在新的佛堂周围。 感谢信息来源……向泰国问好。,zh-CN,Thu Oct 16 2025 05:40:07 GMT-0700 (Pacific Daylight Time),ณัฐดนัย ภักดีวีรวงศ์,https://www.google.com/maps/reviews/data=!4m6!14m5!1m4!2m3!1sCi9DQUlRQUNvZENodHljRjlvT2t4SllsWTBMV2R5V1d0RlFVOVdRMjFQU1VkSFVrRRAB!2m1!1s0x30e2991538d9f7eb:0x86c0ee927df1a509
ChIJ6_fZOBWZ4jARCaXxfZLuwIY,Wat Parinayok Worawihan,ChZDSUhNMG9nS0VJQ0FnSUNINHI3WklBEAE,4.0,在考山路运河岸边，有一座小小的佛教寺庙，名为帕里纳约克沃拉维汉寺（Wat Parinayok Worawihan）。它并非严格意义上的旅游景点，但停下来欣赏一番也别有一番风味。这座寺庙的特别之处在于其木质主殿，这在泰国那些装饰华丽的寺庙建筑中并不常见。是沿着运河漫步时休憩的好去处。,zh-CN,Mon Sep 02 2024 19:18:33 GMT-0700 (Pacific Daylight Time),Hannu Toivanen,https://www.google.com/maps/reviews/data=!4m6!14m5!1m4!2m3!1sChZDSUhNMG9nS0VJQ0FnSUNINHI3WklBEAE!2m1!1s0x30e2991538d9f7eb:0x86c0ee927df1a509
ChIJ6_fZOBWZ4jARCaXxfZLuwIY,Wat Parinayok Worawihan,ChdDSUhNMG9nS0VJQ0FnSUNGNmFIWXlBRRAB,4.0,วัดไม่ใหญ่มาก สร้างมาแต่ครั้งรัชกาลที่ 3 โดยเจ้าพระยาบดินทรเดชา(สิงห์ สิงหเสนี) แต่ยังไม่แล้วเสร็จ ท่านได้เถิงแก่กรรมเสียก่อน รัชกาลที่ 3 จึงทรงรับไว้จนแล้วเสร็จ จึงพระราชทานนามว่า วัดปรินายก เพื่อเป็นอนุสรณ์แด่ท่านเจ้าพระยา โดยมีหน้าบรรณเปนรูปสิงห์ วันที่มาโบสถ์ก้อไม่เปิด น่าเสียดาย กลับมาอีกครั้งในวันปีใหม่ พระสุรภีพุทธพิมพ์ พระประธานในพระอุโบสถงดงามมาก,th,Mon Jan 01 2024 05:32:31 GMT-0800 (Pacific Standard Time),ChubbyArin,https://www.google.com/maps/reviews/data=!4m6!14m5!1m4!2m3!1sChdDSUhNMG9nS0VJQ0FnSUNGNmFIWXlBRRAB!2m1!1s0x30e2991538d9f7eb:0x86c0ee927df1a509
ChIJA6WfpGuZ4jARGHEeYBQPxb0,Wat Tri Thotsathep Worawihan,ChdDSUhNMG9nS0VJQ0FnSUMtMHIza213RRAB,3.0,曼谷居住几天附近的寺庙。,zh,Mon Oct 31 2022 02:06:25 GMT-0700 (Pacific Daylight Time),GUIDE NEW ZEALAND,https://www.google.com/maps/reviews/data=!4m6!14m5!1m4!2m3!1sChdDSUhNMG9nS0VJQ0FnSUMtMHIza213RRAB!2m1!1s0x30e2996ba49fa503:0xbdc50f14601e7118
ChIJA6WfpGuZ4jARGHEeYBQPxb0,Wat Tri Thotsathep Worawihan,ChdDSUhNMG9nS0VJQ0FnSURNcmN5cmdnRRAB,5.0,很好,zh,Tue Jan 07 2020 20:36:07 GMT-0800 (Pacific Standard Time),Suwimon Saekhow,https://www.google.com/maps/reviews/data=!4m6!14m5!1m4!2m3!1sChdDSUhNMG9nS0VJQ0FnSURNcmN5cmdnRRAB!2m1!1s0x30e2996ba49fa503:0xbdc50f14601e7118
ChIJA6WfpGuZ4jARGHEeYBQPxb0,Wat Tri Thotsathep Worawihan,ChZDSUhNMG9nS0VJQ0FnSUQ2Z09QMWNBEAE,1.0,▄︻̷̿┻̿═━一,zh,Fri Sep 17 2021 06:45:58 GMT-0700 (Pacific Daylight Time),purichaya kerdyord,https://www.google.com/maps/reviews/data=!4m6!14m5!1m4!2m3!1sChZDSUhNMG9nS0VJQ0FnSUQ2Z09QMWNBEAE!2m1!1s0x30e2996ba49fa503:0xbdc50f14601e7118
ChIJA6WfpGuZ4jARGHEeYBQPxb0,Wat Tri Thotsathep Worawihan,Ci9DQUlRQUNvZENodHljRjlvT2w4d05qZHpaV2RHVDBWQlYzQnlNekZXVEhkbWJtYxAB,5.0,🛕 特里托萨泰普沃拉维汉寺（Wat Tritotsathep Worawihan）是一座三级皇家寺庙。通常情况下，寺庙的主殿不对公众开放（本次参观是在卫塞节当天进行的）。寺庙以黑色装饰为主，因此大多数游客不会进入内部参观。寺庙规模不大，但供奉着我在曼谷几乎所有皇家寺庙中见过的最精美的佛像之一。这座寺庙历史悠久，但大多数人只是匆匆路过，并未过多关注。然而，它确实非常美丽，值得一游。 🎁 历史：特里托萨泰普寺是一座沃拉维汉式的三级皇家寺庙。据史料记载，其确切的建造年份已不可考。但据记载，克罗姆·穆恩·维斯努·尼帕通王子曾捐赠资金并指定土地用于建造这座寺庙，但他在寺庙动工前便已去世。克罗姆·穆恩·马赫苏安·西瓦维拉斯王子继续建造，完成了护城河、僧舍、亭台楼阁和食堂。但在寺庙、佛堂和讲经堂建成之前，他便去世了。蒙固国王随后亲自接手这项工程，任命帕亚·拉查颂堪监督建造，直至1867年龙年竣工，并赐名瓦特里托萨泰普寺，意为三位男神的寺庙（Tri（三）+ Tots（男）+ Thep）。,zh-CN,Sun Jul 05 2026 00:50:26 GMT-0700 (Pacific Daylight Time),M,https://www.google.com/maps/reviews/data=!4m6!14m5!1m4!2m3!1sCi9DQUlRQUNvZENodHljRjlvT2w4d05qZHpaV2RHVDBWQlYzQnlNekZXVEhkbWJtYxAB!2m1!1s0x30e2996ba49fa503:0xbdc50f14601e7118
ChIJA6WfpGuZ4jARGHEeYBQPxb0,Wat Tri Thotsathep Worawihan,Ci9DQUlRQUNvZENodHljRjlvT2xSQlJXbE1SRTExYVZsR2ExbHdTa2hMYWxoYVMyYxAB,4.0,"Quando fui estava fechado. Vi pessoas reunidas em um dia seguinte para um funeral. Mas a construção é bem bonita. No entanto achei a segurança falha, pois circulamos livremente lá",pt,Fri May 08 2026 06:43:44 GMT-0700 (Pacific Daylight Time),Stephanie Quadros Tonelli,https://www.google.com/maps/reviews/data=!4m6!14m5!1m4!2m3!1sCi9DQUlRQUNvZENodHljRjlvT2xSQlJXbE1SRTExYVZsR2ExbHdTa2hMYWxoYVMyYxAB!2m1!1s0x30e2996ba49fa503:0xbdc50f14601e7118
ChIJQR3Sbj-Z4jARIoHAni6iOH8,Wat Sunthon Thammathan (Wat Khae Nang Loeng),Ci9DQUlRQUNvZENodHljRjlvT2xONWVpMWFORkozTTBrelVFODJOR05ETVRCT1dIYxAB,2.0,这座寺庙，又名卡南隆寺（Wat Kanang Loeng），位于蓬帕萨派（Pom Prap Sat Phai）地区，是该市一座具有重要历史和艺术价值的著名寺庙。它坐落于曾经的南方人聚居区。寺庙外观为门廊式，前后均有围墙环绕。旁边是一座装饰着金色星星的倾斜式寺庙，以及一座绘有壁画的浮雕。寺庙内装饰着泰式金色图案的灰泥塑像，描绘了佛陀的诞生、成道和涅槃的故事。,zh-CN,Fri May 01 2026 03:34:56 GMT-0700 (Pacific Daylight Time),Valter Maccari,https://www.google.com/maps/reviews/data=!4m6!14m5!1m4!2m3!1sCi9DQUlRQUNvZENodHljRjlvT2xONWVpMWFORkozTTBrelVFODJOR05ETVRCT1dIYxAB!2m1!1s0x30e2993f6ed21d41:0x7f38a22e9ec08122
ChIJQR3Sbj-Z4jARIoHAni6iOH8,Wat Sunthon Thammathan (Wat Khae Nang Loeng),Ci9DQUlRQUNvZENodHljRjlvT2xsTlJHNVpTR1UwVFU4ME1IaEVUazk2YVVWZmJGRRAB,4.0,桑通塔玛坦寺（Wat Sunthorn Thammathan），又名凯南隆寺（Wat Kae Nang Loeng），位于曼谷蓬帕沙都派区索玛纳街道桑通塔玛坦路177号。该寺最初名为“凯寺”（Wat Kae，南部方言）和“萨南克拉布寺”（Wat Sanam Krabue，指萨南奎地区），后被授予皇家名称“桑通塔玛坦寺”。它由来自泰国南部博他仑府和那空是贪玛叻府的移民在拉玛三世国王统治时期建造。首任住持是著名僧侣銮普图肯西里（Luang Pu Thup Khemsiri）。寺庙最重要的建筑是銮波巴拉米佛像，这是一尊古老的佛像，曾供奉在菩提树下，五十多年来一直受到当地人的敬仰。吸引游客和影迷的一大亮点是米特柴班查神龛，因为这位著名演员的部分骨灰供奉在寺庙内的一座佛塔中。銮普图肯西里基金会内也设有神龛，人们可以在那里祈求好运。街对面是供奉观音、观世音菩萨和财神的神龛，游客也可以在那里祈福。请注意，寺庙主殿周围的区域即使在周六和周日也不对外开放。,zh-CN,Mon May 04 2026 22:41:32 GMT-0700 (Pacific Daylight Time),ธวัชชัย อารีย์,https://www.google.com/maps/reviews/data=!4m6!14m5!1m4!2m3!1sCi9DQUlRQUNvZENodHljRjlvT2xsTlJHNVpTR1UwVFU4ME1IaEVUazk2YVVWZmJGRRAB!2m1!1s0x30e2993f6ed21d41:0x7f38a22e9ec08122
ChIJQR3Sbj-Z4jARIoHAni6iOH8,Wat Sunthon Thammathan (Wat Khae Nang Loeng),Ci9DQUlRQUNvZENodHljRjlvT2tsVFJqVkVRMnQ2ZVdGWFNUUlNWbWxaYkhsT01HYxAB,5.0,南隆寺（Wat Nang Loeng），正式名称为桑通塔玛坦寺（Wat Sunthorn Thammathan），是一座始建于1837年拉玛三世国王统治时期的古老寺庙。它位于曼谷蓬帕萨图派区瓦索玛纳街道帕能街，靠近南隆市场。这座寺庙对当地老社区具有重要的历史和文化意义，并与泰国娱乐界的重要人物有着密切的联系。,zh-CN,Sun May 24 2026 01:21:46 GMT-0700 (Pacific Daylight Time),ร้านพวงหรีดดอกไม้สด พวงหรีดหน้าตาดี,https://www.google.com/maps/reviews/data=!4m6!14m5!1m4!2m3!1sCi9DQUlRQUNvZENodHljRjlvT2tsVFJqVkVRMnQ2ZVdGWFNUUlNWbWxaYkhsT01HYxAB!2m1!1s0x30e2993f6ed21d41:0x7f38a22e9ec08122
ChIJQR3Sbj-Z4jARIoHAni6iOH8,Wat Sunthon Thammathan (Wat Khae Nang Loeng),Ci9DQUlRQUNvZENodHljRjlvT21aTmJEWmxXRGxUTUZkUWFrOXJTbU53T1ZnNVJrRRAB,5.0,🛕 桑通塔玛坦寺（Wat Sunthorn Thammathan）（评测日期：2026年2月22日）是游览南隆（Nang Loeng）地区时必去的寺庙。这是一座公共寺庙，据信是“Wat Kae”（意为“附近的寺庙”）的变体。它最初的名字是Wat Sanam Krabue，因为它位于Sanam Krabue区。寺庙内部宽敞，拥有一个大型的戒堂。评测当天寺庙不对外开放，但周围环境优美。适合喜欢寺庙的游客。在南隆地区很容易找到。,zh-CN,Sun Feb 22 2026 05:55:00 GMT-0800 (Pacific Standard Time),M,https://www.google.com/maps/reviews/data=!4m6!14m5!1m4!2m3!1sCi9DQUlRQUNvZENodHljRjlvT21aTmJEWmxXRGxUTUZkUWFrOXJTbU53T1ZnNVJrRRAB!2m1!1s0x30e2993f6ed21d41:0x7f38a22e9ec08122
ChIJQR3Sbj-Z4jARIoHAni6iOH8,Wat Sunthon Thammathan (Wat Khae Nang Loeng),Ci9DQUlRQUNvZENodHljRjlvT21kMVFWRkJiWFJhVTFscFRtRkNXVk5KZG5KUFQwRRAB,4.0,"387...07-09-2568 วัดสุนทรธรรมทาน (วัดแคนางเลิ้ง) ที่อยู่ ถนน พะเนียง แขวงวัดโสมนัส เขตป้อมปราบศัตรูพ่าย กรุงเทพมหานคร 10100 เป็นวัดราษฎร์ สังกัดคณะสงฆ์ฝ่ายมหานิกาย พระประธาน พระพุทธสุนทรมุนี สร้างขึ้นในสมัยรัชกาลที่ 3 เดิมเรียกกันว่า ""วัดแค่"" บรรจุอัฐิของอดีตดาราดังในตำนาน มิตร ชัยบัญชา 8 ตุลาคม 2513 “มิตร ชัยบัญชา” พระเอกขวัญใจมหาชน อำลาโลก จึงนำมาลงในวันนี้ ณัฐดนัย ภักดีวีรวงศ์ .... ถ่ายภาพ.... 07-09-2568 มีทั้งหมด 49 ภาพ ลงไว้ 24 ภาพ เนื่องจากลงภาพมากจะถูกป้ดกั้นการมองเห็นเหมือนหลายอัลบั้มที่ผ่านมา วัดนี้อยู่ในอัลบั้มที่ 386 ของผู้เขียน (ภาพถ่ายของผู้เขียนทุกภาพทุกอัลบั้มสามารถนำไปใช้ได้ ผู้เขียนตั้งใจที่จะเผยแผ่พระพุทธศาสนา เพื่อประโยชน์ในการสื่อสารศาสนาในวงกว้าง โดยไม่ต้องขออนุญาติ การทำให้ธรรมะได้มีการเผยแพร่ขยายกว้างออกไปยิ่งขึ้นๆ จึงเป็นการสืบต่อพระพุทธศาสนาให้ยั่งยืนยาวนานออกไป) เดินเท้าจากวัด วัดโสมนัสวิหาร ก้าวไปเรื่อยๆสอบถามทางที่จะมาวัดเเคนางเลิ้ง วัดที่บรรจุอัฐิของอดีตดาราดังในตำนาน มิตร ชัยบัญชา ได้เห็นเรื่องราวต่างๆมากมาย ไม่ไกลจากวัดเเรกถ้านั่งรถมา เเต่ถ้าการเดินก็ไกลพอควร มาถึงก็ร่วมฟังเทศน์ฟังธรรม โชคดีอีกไม่เช่นนั้นอาจไม่เห็นพระประธาน พลันที่ฟังเทศน์เเละพระภิกษุกลับ ไฟก็เริ่มที่จะปิด โชคดีที่คุณป้าท่านเห็นก็เลยช่วยให้ได้เก็บภาพมา ช่วยถ่ายภาพให้ เล่าเรื่องของคุณ มิตร ให้ฟัง เป็นวัดที่เเม้ใครจะไปจะมา ก็จะได้ยินเรื่องราวของ พระเอกที่ดังที่สุดของไทย “มิตร ชัยบัญชา” พระเอกขวัญใจมหาชน ประวัติวัดสุนทรธรรมทาน มีตำนานว่า พระยาจ่าแสนยากร ได้พบพระพุทธรูปจมอยู่ใต้น้ำที่ตำบลบางคอแหลม จึงอุทิศบ้านให้เป็นที่ประดิษฐานพระพุทธรูป และได้สร้างเป็นวัดขึ้นในเวลาต่อมา พระยาสมบัติยาภิบาล ได้ถวายบ้านและที่ดินให้วัดอีก วัดสุนทรธรรมทานจึงตั้งขึ้นเมื่อปี พ.ศ. 2380 ได้รับพระราชทานวิสุงคามสีมา พ.ศ. 2502 ในสมัยรัชกาลที่ 4 พระเจ้าบรมวงศ์เธอ กรมหมื่นสุนทรธิบดี พระราชโอรสในรัชกาลที่ 3 และ พระธรรมทานาจารย์ เจ้าอาวาส วัดสระเกศวรมหาวิหาร รวมกันบูรณะปฏิสังขรณ์ ต่อมาพระบาทสมเด็จพระจอมเกล้าเจ้าอยู่หัวพระราชทานนามใหม่ว่า “วัดสุนทรธรรมทาน” ด้วยการเอาพระนามกรมหมื่นสุนทรธิบดีและนามพระธรรมทานาจารย์ วัดสระเกศ มาผสมกัน แต่ชาวบ้านยังคงเรียกวา “วัดแค” พระอุโบสถหลังใหม่ก่อสร้างแทนหลังเดิมที่ชำรุดทรุดโทรม ภายในประดิษฐาน พระพุทธสุนทรมุนีชินศรีสาสนุเทส พระประธานหน้าตักกว้าง 4 ศอก มีซุ้มเรือนแก้วประดับแบบพระพุทธชินราชลงรักปิดทองประดิษฐานอยู่บนฐานชุกชีหินอ่อน ภายนอกเป็นชานกำแพงแก้วประดับมุกด้านหน้าและด้านหลังโดยรอบพระอุโบสถ ประตูรั้วเป็นเหล็กหล่อรูปมงคล 8 ด้านข้างมีวิหารคดตกแต่งด้วยดวงดาวปิดทองล่องชาดที่มีภาพจิตรกรรมฝาผนัง ประดับภาพปูนปั้นลายไทยปิดทองล่องชาด แสดงภาพพุทธประวัติพระพุทธเจ้าขณะประสูติ ตรัสรู้ และปรินิพพาน วิหารหลวงพ่อบารมี ภายในประดิษฐานหลวงพ่อบารมี (พระประธานเก่า) เป็นพระพุทธรูปคู่บุญบารมีกับวัดสุนทรธรรมทานมากว่า 50 ปี นิยมมากราบไหว้ขอพรอันเป็นสิริมงคล และเสี่ยงเซียมซีกันก่อนกลับ นอกจากนี้ภายในวิหารนี้ ยังเป็นที่ตั้งของรูปหล่อมิตร ชัยบัญชา อดีตดาราดังของไทยในตำนาน เป็นที่นิยมมาขอโชคลาภจากพระเอกสายบุญในตำนานท่านนี้อีกด้วย ประวัติมิตร ชัยบัญชา มิตร ชัยบัญชา เคยอาศัยอยู่ในบริเวณตลาดนางเลิ้งกับแม่และพ่อเลี้ยงในช่วงปี 2485 – 2497 ซึ่งนับเป็นช่วงเวลาที่มิตรยังไม่ได้เข้าวงการภาพยนตร์ไทย เนื่องด้วยฐานะความเป็นอยู่ในช่วงนั้นไม่ค่อยดีนักจึงต้องลำบาก ทำงานหนักทุกอย่างมาโดยตลอด ณ ที่นางเลิ้งแห่งนี้ มิตรเข้ารับการศึกษาระดับมัธยมศึกษาที่โรงเรียนไทยประสาทวิทยา จนจบมัธยมศึกษาที่ 6 ภาพยนตร์เรื่องแรกที่มิตรแสดงคือ ชาติเสือ ซึ่งเป็นภาพยนตร์ที่ประสบความสำเร็จอย่างยิ่ง ต่อมาในปี 2504 ได้เริ่มแสดงคู่กับเพชรา เชาวราษฎร์ และโด่งดังเป็นดาราคู่พระคู่นางที่ผูกขาดความนิยมในวงการภาพยนตร์ไทยตั้งแต่นั้นมาเป็นเวลานาน กล่าวกันว่าช่วงเวลากว่า 15 ปีที่มิตรอยู่ในวงการหนังไทย มีภาพยนตร์ที่แสดงนำถึง 350 เรื่อง จนกระทั่งประสบอุบัติเหตุเสียชีวิตจากการตกเครื่องเฮลิคอปเตอร์ ·เมื่อวันที่ 8 ตุลาคม พ.ศ. 2513 ภายหลังการเสียชีวิต ได้นำศพของมิตรมาบำเพ็ญกุศลที่วัดแค และหลังจากพิธีพระราชทานเพลิงศพก็ได้น่าอัฐิมาบรรจุที่วัดแค ย่านนางเลิ้ง ปัจจุบันยังคงมีผู้คนมาทำบุญอุทิศสวนกุศลให้แก่มิตร ชัยบัญชาในวันครบรอบวันเสียชีวิตเป็นประจำทุกปี ขอขอบคุณเเหล่งข้อมูล...MTHAI",th,Wed Oct 08 2025 04:24:31 GMT-0700 (Pacific Daylight Time),ณัฐดนัย ภักดีวีรวงศ์,https://www.google.com/maps/reviews/data=!4m6!14m5!1m4!2m3!1sCi9DQUlRQUNvZENodHljRjlvT21kMVFWRkJiWFJhVTFscFRtRkNXVk5KZG5KUFQwRRAB!2m1!1s0x30e2993f6ed21d41:0x7f38a22e9ec08122
ChIJuXCunUeZ4jARRpdg767QSLA,Wat Samananam Borihan (Wat Yuan Saphan Khao),Ci9DQUlRQUNvZENodHljRjlvT2s5YVNYcEVPV0ZqYzJweE1uRnBWVGx5Vm5GdFYxRRAB,5.0,元沙潘考寺（Wat Yuan Saphan Khao，又名Wat Samananambharin）是一座越南寺庙，拥有众多圣地，供信徒前来参拜祈福。亮点包括： #銮婆宝英（Ong Soraphan Madhuras），这位著名的前住持以其通灵能力、慈悲心和治愈能力而闻名。人们前来祈求平安、幸福、富足和人生成功。 #吉瓦卡·科玛拉巴卡医生（Doctor Jivaka Komarabhacca），这位伟大的传统医学大师。人们主要祈求身体健康，治愈疾病。 #摩诃梵天·萨哈姆帕蒂（Mahabrahma Sahampati），一位备受尊崇的神祇。人们尤其祈求事业进步、工作成功和好运。 #戒堂中的主佛像（三尊佛）：根据大乘佛教的说法，它们分别是释迦牟尼佛、阿弥陀佛和药师祖师·毗度罗菩萨。人们祈求生活平安、宁静、吉祥。 #观音菩萨 这包括大乘佛教中受尊崇的其他菩萨，祈求家庭的祝福、慈悲、平安、和睦与幸福。,zh-CN,Thu May 28 2026 09:36:46 GMT-0700 (Pacific Daylight Time),กำพร พรพุทธคุณ,https://www.google.com/maps/reviews/data=!4m6!14m5!1m4!2m3!1sCi9DQUlRQUNvZENodHljRjlvT2s5YVNYcEVPV0ZqYzJweE1uRnBWVGx5Vm5GdFYxRRAB!2m1!1s0x30e299479dae70b9:0xb048d0aeef609746
ChIJuXCunUeZ4jARRpdg767QSLA,Wat Samananam Borihan (Wat Yuan Saphan Khao),Ci9DQUlRQUNvZENodHljRjlvT2taSlUxVkxNRk50YXpoblFuRk9WR2hwYmpsV05FRRAB,5.0,元沙潘考寺（Wat Yuan Saphan Khao），正式名称为萨玛纳南巴林寺（Wat Samananambharin），是泰国安南派佛教寺庙。它位于曼谷律实区西雅玛哈纳街道卢銮路，帕东功卡森河畔。其历史可追溯至拉玛三世国王统治时期，约1833年。在越南战争期间，昭披耶·博丁德查国王将信奉大乘佛教的越南家庭带到泰国。起初，他们被允许在北碧府定居。后来，在拉玛四世国王统治时期，一些来自北碧府的越南人请求返回曼谷。国王赐予他们土地建立社区，并于1875年左右在帕东功卡森河畔建造了这座寺庙。在寺庙建造初期，当地人称其为越南语名称。 “建福寺”（Wat Kien Phuoc Tu）或“坎福寺”（Wat Can Phuoc Tu）于1906年拉玛五世国王统治时期进行了翻修。朱拉隆功国王下令修复这座寺庙，并将其更名为“萨玛纳南巴林寺”（Wat Samananambharin），意为“由安南派僧侣管理的宗教场所”。他还将王冠纳入寺庙的徽章之中。民众通常称这座寺庙为“萨潘考寺”（Wat Yuan Saphan Khao），这个名称源于其地理位置。,zh-CN,Fri May 15 2026 06:35:29 GMT-0700 (Pacific Daylight Time),ธวัชชัย อารีย์,https://www.google.com/maps/reviews/data=!4m6!14m5!1m4!2m3!1sCi9DQUlRQUNvZENodHljRjlvT2taSlUxVkxNRk50YXpoblFuRk9WR2hwYmpsV05FRRAB!2m1!1s0x30e299479dae70b9:0xb048d0aeef609746
ChIJuXCunUeZ4jARRpdg767QSLA,Wat Samananam Borihan (Wat Yuan Saphan Khao),Ci9DQUlRQUNvZENodHljRjlvT2pobGNYbHpNbTFWYkcwM1RYSTVjSEJWZEVobFoxRRAB,5.0,"A Vietnamese Temple in Siem Reap SERIES: TRAVELING TO THAILAND TO VISIT TEMPLES - PART 3 - THE SHRINE OF THE FOUNDING MASTER OF THE AN NAM SECT IN THAILAND, “FOUNDER BAO AN,” RESPECTED BY THE VIETNAMESE-CHINESE CHINESE! 👉Prayer for Peace and Health - Very Sacred Here you can purchase items for peace from the temple at prices ranging from 200 baht to a few hundred baht to support the temple's construction (especially the statue of Doctor Jivaka and the Four-Faced God). In the heart of the magnificent capital Bangkok, there is an ancient temple called Wat Samananamborihan (416 Lan Luang Road, Sapankhao, Dusit District) – where the founding master practiced and followed the teachings until his passing on March 4, 1964. His remains are also enshrined in the memorial house in a very solemn and serene manner. Even more remarkably, many Buddhists, including Vietnamese expats, Chinese expats, and Thais, come daily to light incense and pray. 🇹🇭🇻🇳 A miraculous event occurred when Venerable Bảo Ân was invited to preside over the consecration ceremony for the four-faced deity at the Ratchaprasong intersection. Therefore, the people always believe that the four-faced statues of him are sacred. I came across this temple by chance while reading about the period when he studied and promoted Vietnamese Buddhism in Thailand. Furthermore, he was a patriot who helped the revolution purchase weapons for the resistance against the French. This temple is not large or magnificent like other temples in Bangkok, but it always retains a distinctly Vietnamese spirit. On December 11, 2017, Cảnh Phước Temple (Bangkok) held a blessing ceremony for the statue of Venerable Bảo Ân. And so, to date, Tổ Bảo Ân is the second Vietnamese monk whose statue has been erected and widely distributed by the Thais. The first was the statue of 'Bodhisattva Quảng Đức, who self-immolated for the Dharma,' donated by a Vietnamese expatriate in Thailand who also performed the blessing ceremony at Cảnh Phước Temple. If you're tired of the same old temples you've seen on various online forums over the years, try visiting this Vietnamese temple! 🇻🇳🇹🇭",zh-CN,Tue Feb 24 2026 02:43:19 GMT-0800 (Pacific Standard Time),Khánh Nguyễn,https://www.google.com/maps/reviews/data=!4m6!14m5!1m4!2m3!1sCi9DQUlRQUNvZENodHljRjlvT2pobGNYbHpNbTFWYkcwM1RYSTVjSEJWZEVobFoxRRAB!2m1!1s0x30e299479dae70b9:0xb048d0aeef609746
ChIJuXCunUeZ4jARRpdg767QSLA,Wat Samananam Borihan (Wat Yuan Saphan Khao),Ci9DQUlRQUNvZENodHljRjlvT25WamRsSmtibDlUUzJsVFpFMUtXV2R2UnpaTk1VRRAB,5.0,我顺道去参加寺庙修复的功德活动，并向龙婆宝英致敬，祈求祝福，也为家中的长辈早日康复而祈祷……积德行善。,zh-CN,Tue Apr 28 2026 20:21:30 GMT-0700 (Pacific Daylight Time),Ozone,https://www.google.com/maps/reviews/data=!4m6!14m5!1m4!2m3!1sCi9DQUlRQUNvZENodHljRjlvT25WamRsSmtibDlUUzJsVFpFMUtXV2R2UnpaTk1VRRAB!2m1!1s0x30e299479dae70b9:0xb048d0aeef609746
ChIJuXCunUeZ4jARRpdg767QSLA,Wat Samananam Borihan (Wat Yuan Saphan Khao),Ci9DQUlRQUNvZENodHljRjlvT2twdFRTMDFjR3BMU3kxRGFsRTBRVkF5Y25GRmNIYxAB,5.0,我建议大家前来拜谒龙婆包英、龙婆奥帕西和陶玛哈蓬，祈求他们的祝福。,zh-CN,Sat Mar 21 2026 18:37:54 GMT-0700 (Pacific Daylight Time),Natthawut Khemngean,https://www.google.com/maps/reviews/data=!4m6!14m5!1m4!2m3!1sCi9DQUlRQUNvZENodHljRjlvT2twdFRTMDFjR3BMU3kxRGFsRTBRVkF5Y25GRmNIYxAB!2m1!1s0x30e299479dae70b9:0xb048d0aeef609746
ChIJXZp-jm6Z4jARbEu0bneis4s,Wat Samphaya Worawihan (Wat Bang Khun Phrom),Ci9DQUlRQUNvZENodHljRjlvT25SdVIwMUhSRTB0VlZFMlJIQktTMFpPUjFVMVdtYxAB,5.0,晚课🙏🙏🙏2568/8/7,zh,Thu Aug 07 2025 04:23:13 GMT-0700 (Pacific Daylight Time),Weng Leong Cheah,https://www.google.com/maps/reviews/data=!4m6!14m5!1m4!2m3!1sCi9DQUlRQUNvZENodHljRjlvT25SdVIwMUhSRTB0VlZFMlJIQktTMFpPUjFVMVdtYxAB!2m1!1s0x30e2996e8e7e9a5d:0x8bb3a2776eb44b6c
ChIJXZp-jm6Z4jARbEu0bneis4s,Wat Samphaya Worawihan (Wat Bang Khun Phrom),Ci9DQUlRQUNvZENodHljRjlvT20xUFdqTllTMEowUmpkeVFVcEVlRWxUWjB4SE5YYxAB,4.0,九十九座寺庙朝圣计划，第六年，2026年（佛历2569年） 第17座寺庙：三帕亚沃拉维汉寺（Wat Sam Phraya Worawihan，又名Wat Bang Khun Phrom），位于曼谷帕那空区三帕亚路 三帕亚沃拉维汉寺最初是拉玛一世国王统治时期的一座私人寺庙，由孟族贵族銮威素提约塔玛（Luang Wisutthiyothamat，又名Trut）及其亲属建造。他们捐献了銮威素提约塔玛的弟弟坤蓬（Khun Phrom，又名Sart）（一位在监督建造沙拉武里佛塔寺时不幸去世的工匠）的土地和房屋，建造这座寺庙以纪念坤蓬。因此，村民们称其为坤蓬寺（Wat Khun Phrom）或邦坤蓬寺（Wat Bang Khun Phrom）。后来，在拉玛三世国王统治时期，三位帕亚兄弟——帕亚·拉查帕克迪（通玉）、帕亚·特普·奥拉春（通迪）和帕亚·拉查瓦拉努库尔（通坎）共同修缮了这座寺庙。拉玛三世国王将其收为皇家寺庙，并赐予其新名——三帕亚寺（Wat Sam Phraya）。寺内供奉着龙婆帕普塔克颂（卧佛）。主殿的主佛像为一尊镀金的摩罗毗荼式佛像，造型精美绝伦。主殿和僧院的建筑风格为拉玛三世国王统治时期的中国式风格，拥有优美的山墙和保存完好的壁画，描绘了佛教教义和古代的生活方式。这里还有一些美丽的古老木结构建筑值得欣赏，例如帕南佛寺（季节性佛寺），寺内供奉着銮婆南佛像，这是一尊镀金的石佛，呈接受布施的姿势；以及銮婆侬卧佛寺，寺内供奉着一尊拉玛五世国王统治时期建造的卧佛像。 这座寺庙的卧佛呈降伏阿修罗的姿势，面容慈悲祥和，面带微笑。据说，二战期间，这尊佛像庇佑着他们免受炸弹的袭击。佛像右手托着头，头枕在一个三角形的枕头上，双脚并拢，置于一个装饰精美的莲花座上。卧佛像前方还有一尊卧佛像，可能是复制品，与较大的卧佛像相似；此外，还有一尊与坐佛寺中布施姿势相似的接受布施的佛像。 附近景点：三帕亚公园（Sam Phraya Park）是由帕那空区政府将一片未开发的土地改造而成，成为曼谷的绿肺。公园坐落于湄南河畔，可欣赏到拉玛八世大桥的壮丽景色。 下一座寺庙：迈通森寺（Wat Mai Thong Sen），地址：曼谷律实区那空猜西路。 上一座寺庙：伊安沃拉努寺（Wat Eiam Woranuch），地址：曼谷帕那空区潘通村。,zh-CN,Thu Jun 11 2026 00:50:11 GMT-0700 (Pacific Daylight Time),Danai Winairat,https://www.google.com/maps/reviews/data=!4m6!14m5!1m4!2m3!1sCi9DQUlRQUNvZENodHljRjlvT20xUFdqTllTMEowUmpkeVFVcEVlRWxUWjB4SE5YYxAB!2m1!1s0x30e2996e8e7e9a5d:0x8bb3a2776eb44b6c
ChIJXZp-jm6Z4jARbEu0bneis4s,Wat Samphaya Worawihan (Wat Bang Khun Phrom),Ci9DQUlRQUNvZENodHljRjlvT25ad2VsSmxURU5xVW5nME1HRlJUV3h0ZFVseE4zYxAB,5.0,瓦三帕亚寺（Wat Sam Phraya，วัดสามพระยา），原名邦坤蓬寺（Wat Bang Khun Phrom），始建于1767年之前，是为纪念其弟坤蓬而建。坤蓬是一位建筑工匠，在监督建造一座供奉佛宝的皇家亭台时不幸殉难。 这片土地曾是他们的家族宅邸，如今被改建为一座饱含虔诚与哀思的寺庙。1823年，拉玛三世国王统治时期，三位贵族后裔修复了这座寺庙，并将其献给国王。作为回报，寺庙被更名为“三尊寺”。 殿内，戒堂（ubosot）内绘有花卉壁画，象征着无常与优雅；天花板附近绘有金色龙凤纹饰，象征着力量、重生与宇宙平衡。别具一格的是，墙上直接绘制了中式供桌，暗示着早期曼谷多元文化的融合。 戒堂中央供奉着龙婆帕普塔克松佛像，其名意为“花香”。他呈降魔印姿势，手触大地，召唤大地见证他的觉悟。 戒堂（ubost）周围环绕着25座佛塔，供奉着圣物和骨灰。每一座佛塔都承载着功德、纪念和宇宙象征意义。它们共同构成了一幅神圣的曼荼罗，用砖石勾勒出宇宙的图景。,zh-CN,Sun Mar 15 2026 02:34:26 GMT-0700 (Pacific Daylight Time),The Traveling Pug,https://www.google.com/maps/reviews/data=!4m6!14m5!1m4!2m3!1sCi9DQUlRQUNvZENodHljRjlvT25ad2VsSmxURU5xVW5nME1HRlJUV3h0ZFVseE4zYxAB!2m1!1s0x30e2996e8e7e9a5d:0x8bb3a2776eb44b6c
ChIJXZp-jm6Z4jARbEu0bneis4s,Wat Samphaya Worawihan (Wat Bang Khun Phrom),Ci9DQUlRQUNvZENodHljRjlvT21SbFRIQm5Tbk55VUdWV1dVVlliV1JmVjI1eWRuYxAB,5.0,顺道来此祈福，迎接新年。 三帕亚沃拉维汉寺（Wat Sam Phraya Worawihan）是一座古老的寺庙，其历史甚至早于曼谷建城。它在拉玛三世国王统治时期，由孟族贵族兄妹进行修缮，才得以恢复到如今的辉煌景象。主殿采用当时的皇家风格建造，融合了泰式和中式建筑元素，装饰着精美的壁画和中式花瓶。殿内供奉着备受尊崇的龙婆帕佛陀凯索（Luang Pho Phra Phuttha Kesor）。,zh-CN,Sun Jan 11 2026 03:48:32 GMT-0800 (Pacific Standard Time),Prevailing Wudd,https://www.google.com/maps/reviews/data=!4m6!14m5!1m4!2m3!1sCi9DQUlRQUNvZENodHljRjlvT21SbFRIQm5Tbk55VUdWV1dVVlliV1JmVjI1eWRuYxAB!2m1!1s0x30e2996e8e7e9a5d:0x8bb3a2776eb44b6c
ChIJXZp-jm6Z4jARbEu0bneis4s,Wat Samphaya Worawihan (Wat Bang Khun Phrom),Ci9DQUlRQUNvZENodHljRjlvT2tkbU4yVlhZMHhXZEdGNlExZHFiM2RXWkRCT2RXYxAB,3.0,由于是工作日，周围没有人，我可以安心祈祷。但是，寺庙内有很多地方正在施工，不太方便行走。,zh-CN,Fri Mar 13 2026 04:08:26 GMT-0700 (Pacific Daylight Time),Katsumi Okada,https://www.google.com/maps/reviews/data=!4m6!14m5!1m4!2m3!1sCi9DQUlRQUNvZENodHljRjlvT2tkbU4yVlhZMHhXZEdGNlExZHFiM2RXWkRCT2RXYxAB!2m1!1s0x30e2996e8e7e9a5d:0x8bb3a2776eb44b6c
ChIJ5y4FH9qZ4jAR6_WNc3nAcew,Wat Sitaram,Ci9DQUlRQUNvZENodHljRjlvT2pGNmRERjJTbmxQUzJsZlMxcFNZMW8wYWtkblpGRRAB,3.0,这座佛教寺庙的戒堂融合了中国建筑风格和泰国传统瓷砖（tattilandesi）。建筑特色在于装饰性的山墙，巧妙地结合了釉面陶瓷和花卉灰泥雕饰。寺庙始建于拉玛二世国王统治时期，并逐渐发展成为华人社区的精神中心。寺庙的设计体现了华人与缅甸人曾经共存的地区多元的文化遗产。人们可以感受到，这座寺庙至今仍服务于前来修行的信众。山墙上装饰着精美的中国釉面陶瓷和精致的泰国灰泥花卉，这种独特的组合生动地展现了早期寺庙中两个族群的紧密合作。寺庙毗邻波贝市场，交通便利。,zh-CN,Fri May 01 2026 03:19:02 GMT-0700 (Pacific Daylight Time),Valter Maccari,https://www.google.com/maps/reviews/data=!4m6!14m5!1m4!2m3!1sCi9DQUlRQUNvZENodHljRjlvT2pGNmRERjJTbmxQUzJsZlMxcFNZMW8wYWtkblpGRRAB!2m1!1s0x30e299da1f052ee7:0xec71c079738df5eb
ChIJ5y4FH9qZ4jAR6_WNc3nAcew,Wat Sitaram,Ci9DQUlRQUNvZENodHljRjlvT2t4T2RHUnFiVVJ6YUZoWExWbzRNa3h3UW1WcldtYxAB,4.0,西塔兰寺（Wat Sitaram，又名Wat Sri Tharam）是吞武里地区一处令人愉悦且原汁原味的寺庙。这座位于街区的寺庙远离喧嚣的旅游路线，氛围宁静祥和，充满泰式风情。寺庙保存完好，拥有优雅的戒堂（ubosot）和高耸的金色佛塔（chedi），散发着迷人的魅力。这里是体验泰国人日常精神生活的理想场所，环境清幽静谧。 寺庙建筑群维护良好，僧侣们友善亲切，氛围令人心旷神怡。如果您正在探索吞武里，不妨在此稍作停留，感受一下泰国的灵性。,zh-CN,Tue Dec 09 2025 09:00:48 GMT-0800 (Pacific Standard Time),Tibor,https://www.google.com/maps/reviews/data=!4m6!14m5!1m4!2m3!1sCi9DQUlRQUNvZENodHljRjlvT2t4T2RHUnFiVVJ6YUZoWExWbzRNa3h3UW1WcldtYxAB!2m1!1s0x30e299da1f052ee7:0xec71c079738df5eb
ChIJ5y4FH9qZ4jAR6_WNc3nAcew,Wat Sitaram,Ci9DQUlRQUNvZENodHljRjlvT2t4VGJWOUphR3A2VGpONFQyeFNiMmQ2V0c5d1RWRRAB,5.0,西塔兰寺（Wat Sitaram），又名猪圈寺（Wat Khok Mu），寺内有两座不对外开放的古老佛殿（vihara）。然而，主戒堂（ubosot）对信众开放，供其瞻仰并向主佛像祈福。戒堂旁矗立着许多大型佛像，姿态各异，有坐姿、站姿和威严的姿态，从进入寺庙的那一刻起便可一览无余。西塔兰寺是一座属于大乘佛教的私人寺庙，位于曼谷蓬帕沙都派区空玛哈那街道。据信，该寺建于佛历2340年（公元1797年）拉玛一世国王统治时期。其创建者是昭克罗姆·亚姆（Chao Krom Yaem），他鼓励当地的华人养猪户捐款修建寺庙，因此得名“猪圈寺”（Wat Khok Mu）。后来，崇迪帕玛哈萨玛纳昭·克罗姆·帕亚·瓦吉拉亚纳瓦罗拉萨将寺庙更名为“西塔兰寺”（Wat Sitaram），意为“昭克罗姆·亚姆建造的寺庙”。最初的戒堂山墙饰有藤蔓浮雕和中国琉璃瓦。它没有尖顶或装饰性屋檐，门廊坡度陡峭，门廊柱子没有装饰线条，大门上饰有鎏金图案。讲经堂是一座两层的泰式建筑。寺庙内供奉着一尊素可泰时期的摩罗毗荼式佛像，名为龙婆通卡亚西（Luang Pho Thong Kayasit）。在新佛堂的一侧，也供奉着各种姿态的大型佛像，例如行佛、卧佛和摩罗毗荼式佛像，这些佛像被放置在室外。这些都是素可泰时期佛像的复制品。,zh-CN,Thu Oct 02 2025 19:07:29 GMT-0700 (Pacific Daylight Time),ธวัชชัย อารีย์,https://www.google.com/maps/reviews/data=!4m6!14m5!1m4!2m3!1sCi9DQUlRQUNvZENodHljRjlvT2t4VGJWOUphR3A2VGpONFQyeFNiMmQ2V0c5d1RWRRAB!2m1!1s0x30e299da1f052ee7:0xec71c079738df5eb
ChIJ5y4FH9qZ4jAR6_WNc3nAcew,Wat Sitaram,ChdDSUhNMG9nS0VJQ0FnSURQX0xxRmlBRRAB,3.0,这是一座小巧而美丽的寺庙。主殿对外开放，供游客瞻仰主佛像。寺庙外，有站立、坐姿和卧姿的大型佛像，都非常精美。这里有一位著名的僧人，名叫帕阿赞图，他精通无阻的法术和纹身技艺。他住在学校一侧的红顶建筑里。我今天（星期六）没见到他。,zh-CN,Sat Nov 30 2024 01:19:10 GMT-0800 (Pacific Standard Time),Phurit Sitiiskuldech,https://www.google.com/maps/reviews/data=!4m6!14m5!1m4!2m3!1sChdDSUhNMG9nS0VJQ0FnSURQX0xxRmlBRRAB!2m1!1s0x30e299da1f052ee7:0xec71c079738df5eb
ChIJ5y4FH9qZ4jAR6_WNc3nAcew,Wat Sitaram,ChdDSUhNMG9nS0VJQ0FnSURocl9tazVnRRAB,4.0,2023年99座寺庙卧佛朝圣之旅 寺庙#3：曼谷帕拉沙都派区空玛哈那街西塔兰寺（Wat Sitaram，又名Wat Khok Mu） 此寺的卧佛名为帕佛陀伦罗牟尼佛（Phra Phuttha Rungroj Muni）。佛像供奉于一座敞廊式大殿内，殿顶呈弧形。大殿的深度仅与卧佛的底座齐平，卧佛略微抬离地面。殿壁饰以绿、红、金三色图案，衬托出卧佛的金色。佛像长约8米，具有典型的素可泰风格。佛像头顶光环如火焰般闪耀，面容圆润饱满，安卧于一个顶部呈弧形的三角形枕上，枕上饰以金箔雕刻。佛像右手张开，掌心托住头部。佛身下方并无三角形或山形装饰。这是一尊卧佛，呈四肢着地式（Sihasayanasana）。僧袍紧贴佛身，僧袍末端的雕刻精美。双脚平放，足底似乎刻有108个吉祥图案。它很可能与该地区的其他三尊大型佛像属于同一组。 这座寺庙空间有限。戒堂高耸，旁边有一个庭院。入口拱门前有一尊绿皮巨人像和一对那伽蛇像。戒堂旁的庭院里供奉着几尊大型佛像，包括卧佛（Phra Phuttha Rungroj Muni）、胜魔佛（Phra Phuttha Sukhomuni）、行佛（Phra Phuttha Chetcha Muni）和林佛（Phra Phuttha Barami Muni）。其中一尊特别精美的佛像名为帕通塞提（Phra Thung Setthi），这是一尊浅浮雕行走佛像，佛身洁白，身披金色袈裟，背景为红色，并饰以绿、红、金三色边框。佛像前方是一尊佛足印的复制品。此外，寺内还有帕普塔育牟尼（Phra Phuttha Yok Muni）佛像。这座寺庙的另一大特色是其原始的戒堂和精舍，这两座建筑没有尖顶、装饰性屋檐和天鹅尾饰。它们拥有山墙屋顶，山墙和门窗框上饰有精美的古老灰泥雕刻。外门上绘有镀金的守护神像，可惜现在大多已经褪色。这些雕刻曾被视为寺庙的珍贵遗产。 下一座寺庙：奥诺寺（Wat Ao Noi），位于巴蜀府奥诺伊。 上一座寺庙：素安普寺（Wat Suan Plu），位于曼谷挽叻县挽叻。,zh-CN,Tue Mar 21 2023 07:03:14 GMT-0700 (Pacific Daylight Time),Danai Winairat,https://www.google.com/maps/reviews/data=!4m6!14m5!1m4!2m3!1sChdDSUhNMG9nS0VJQ0FnSURocl9tazVnRRAB!2m1!1s0x30e299da1f052ee7:0xec71c079738df5eb
ChIJadv1_2uZ4jARDieGLTtnsc8,Wat Mai Armataros,ChZDSUhNMG9nS0VJQ0FnSUNJOW9EOE5nEAE,4.0,百年寺庙,zh,Tue Nov 13 2018 22:00:06 GMT-0800 (Pacific Standard Time),Tai Ar,https://www.google.com/maps/reviews/data=!4m6!14m5!1m4!2m3!1sChZDSUhNMG9nS0VJQ0FnSUNJOW9EOE5nEAE!2m1!1s0x30e2996bfff5db69:0xcfb1673b2d86270e
ChIJadv1_2uZ4jARDieGLTtnsc8,Wat Mai Armataros,ChdDSUhNMG9nS0VJQ0FnSUNneDYyQmpRRRAB,4.0,屈曼坤碰,zh,Mon Jul 09 2012 03:33:59 GMT-0700 (Pacific Daylight Time),Kayden Chan,https://www.google.com/maps/reviews/data=!4m6!14m5!1m4!2m3!1sChdDSUhNMG9nS0VJQ0FnSUNneDYyQmpRRRAB!2m1!1s0x30e2996bfff5db69:0xcfb1673b2d86270e
ChIJadv1_2uZ4jARDieGLTtnsc8,Wat Mai Armataros,ChZDSUhNMG9nS0VJQ0FnSUN3dlA3QWZREAE,5.0,2509 在此!,zh,Fri Jul 28 2017 04:32:05 GMT-0700 (Pacific Daylight Time),Lo Ping,https://www.google.com/maps/reviews/data=!4m6!14m5!1m4!2m3!1sChZDSUhNMG9nS0VJQ0FnSUN3dlA3QWZREAE!2m1!1s0x30e2996bfff5db69:0xcfb1673b2d86270e
ChIJadv1_2uZ4jARDieGLTtnsc8,Wat Mai Armataros,ChZDSUhNMG9nS0VJQ0FnSUN3ajZtLVJnEAE,5.0,屈曼坤碰,zh,Sun Mar 15 2015 11:50:07 GMT-0700 (Pacific Daylight Time),marco fai,https://www.google.com/maps/reviews/data=!4m6!14m5!1m4!2m3!1sChZDSUhNMG9nS0VJQ0FnSUN3ajZtLVJnEAE!2m1!1s0x30e2996bfff5db69:0xcfb1673b2d86270e
ChIJadv1_2uZ4jARDieGLTtnsc8,Wat Mai Armataros,Ci9DQUlRQUNvZENodHljRjlvT2w5U056RXljek4zYURrNU5rMVNjSFJ2ZVRBemIyYxAB,5.0,这座寺庙非常宁静祥和。作为龙婆多的信徒，我强烈推荐这里。寺庙内有一座佛塔，并收藏着价格实惠、灵力强大的崇迪邦坤蓬佛牌。佛牌种类繁多，包括“เส้นด้าย”（线纹）和“อกครุฑ”（金翅鸟胸像）等款式。您还可以参观崇迪邦坤蓬佛牌博物馆，并在供奉着正宗佛牌的佛塔前参拜。别忘了念诵钦班琼咒！寺庙设有便捷的免费停车场，可停放汽车和摩托车。,zh-CN,Fri Sep 05 2025 07:57:43 GMT-0700 (Pacific Daylight Time),Setthaphon Man,https://www.google.com/maps/reviews/data=!4m6!14m5!1m4!2m3!1sCi9DQUlRQUNvZENodHljRjlvT2w5U056RXljek4zYURrNU5rMVNjSFJ2ZVRBemIyYxAB!2m1!1s0x30e2996bfff5db69:0xcfb1673b2d86270e
ChIJI9Z5omiZ4jARJfcelEMoqwM,Wat Noranat Suntharikaram,ChZDSUhNMG9nS0VJQ0FnTURBcVl6d0V3EAE,5.0,好,zh,Wed Feb 19 2025 08:56:50 GMT-0800 (Pacific Standard Time),Pariyaphat Kunta,https://www.google.com/maps/reviews/data=!4m6!14m5!1m4!2m3!1sChZDSUhNMG9nS0VJQ0FnTURBcVl6d0V3EAE!2m1!1s0x30e29968a279d623:0x3ab2843941ef725
ChIJI9Z5omiZ4jARJfcelEMoqwM,Wat Noranat Suntharikaram,Ci9DQUlRQUNvZENodHljRjlvT2pRNGFYaGxNbEZDYjNJMmIwUnRaa2hVY0hwUU5rRRAB,5.0,诺拉纳寺（Wat Noranarth Soontarikaram，วัดนรนาถสุนทริการาม）是一座宁静祥和、历史悠久的佛教寺庙，位于曼谷帕那空区，靠近功德路（Krung Kasem Road）。该寺原名瓦特普利寺（Wat Thep Lee），据信建于拉玛一世国王末期或拉玛二世国王初期，即19世纪初，大约在1809年至1824年间。 诺拉纳寺的建筑风格融合了传统的泰式风格和微妙的西方元素。在一次大规模重建中建造的戒堂（ubosot）饰有金箔窗板和中国风格的花卉图案。寺庙建筑群还包括一座佛殿（viharn）和一座佛塔（chedi），两者都经过修复，重现了昔日的辉煌。寺庙最引人注目的特色之一是一座仿照西哥特式教堂风格的亭台楼阁，在周围传统的泰式建筑中格外醒目。寺庙环境清幽，绿树成荫，是远离城市喧嚣的理想去处，园内设有长椅和花园，供人静思冥想。 寺庙的核心是供奉在主殿中的主佛像。这尊佛像呈坐姿，右手置于膝上，指向地面，这是佛陀标志性的触地印（Bhumisparsha Mudra）。此印象征着佛陀在菩提树下证悟成佛的瞬间，他召唤大地见证自己战胜魔罗（Mara）的胜利。它象征着坚定不移的决心、精神的觉醒以及真理的永恒不变。佛像周围环绕着精美的金色装饰，更添神圣之感，吸引着信众和游客的目光。 佛殿内部装饰精美，天花板和门板上饰以精致的金箔和花卉图案，体现了泰式和中式艺术传统的和谐融合。这些装饰并非仅仅是装饰性的，它们蕴含着与佛教教义和宇宙观相关的象征意义，强化了寺庙作为精神反思场所的角色。 如今，诺拉纳寺（Wat Noranarth Soontarikaram）隶属于泰国佛教的法宗派，该宗派强调僧侣的戒律和冥想。它仍然是修行者的圣地、文化记忆的宝库，以及泰国传统韧性的象征。虽然不如曼谷那些更著名的寺庙那样广为人知，但对于那些寻求静谧冥想、想要一窥泰国鲜为人知的精神和艺术遗产的人来说，这里提供了一次意义非凡的体验。,zh-CN,Sat Mar 14 2026 06:05:23 GMT-0700 (Pacific Daylight Time),The Traveling Pug,https://www.google.com/maps/reviews/data=!4m6!14m5!1m4!2m3!1sCi9DQUlRQUNvZENodHljRjlvT2pRNGFYaGxNbEZDYjNJMmIwUnRaa2hVY0hwUU5rRRAB!2m1!1s0x30e29968a279d623:0x3ab2843941ef725
ChIJI9Z5omiZ4jARJfcelEMoqwM,Wat Noranat Suntharikaram,Ci9DQUlRQUNvZENodHljRjlvT2tsSGJVVkNUVXBLWkY5Qk9VWlRXRTFuYkcxMFVFRRAB,1.0,"Achtung, falls Sie ein Tuk Tuk Fahrer hierher bringt, ist große Gefahr, Opfer eines Betrugs zu werden. Der mir als angeblich so besonders beschriebene Tempel ist nur einer unter sehr vielen in Bangkok. Als ich ihn betrat kam kurz nach mir ein auffallend freundlicher Mann mittleren Alters herein, der von Glück und Hochzeit seines Bruders sprach und sich nach der langen Anreise aus Phuket deswegen extra einen neuen Anzug machen ließ. Der Spezialpreis bei ‚Thai-Export‘ wäre eine Aktion auch speziell für Touristen. Leider bin ich drauf reingefallen, hätte ich doch aufmerksam werden sollen auf die allzu offensichtlichen ‚Zufälle‘. Er versuchte auch, in Abstimmung mit dem Tuktuk-Fahrer und den anderen Beteiligten (insg. waren es 5) mir einen Besuch im vermeintlichen ‚Tourist Information‘ „gleich beim Polizeirevier“ anzudrehen, wo die auch noch abkassiert hätten.",de,Thu Jun 25 2026 22:22:57 GMT-0700 (Pacific Daylight Time),J K,https://www.google.com/maps/reviews/data=!4m6!14m5!1m4!2m3!1sCi9DQUlRQUNvZENodHljRjlvT2tsSGJVVkNUVXBLWkY5Qk9VWlRXRTFuYkcxMFVFRRAB!2m1!1s0x30e29968a279d623:0x3ab2843941ef725
ChIJI9Z5omiZ4jARJfcelEMoqwM,Wat Noranat Suntharikaram,Ci9DQUlRQUNvZENodHljRjlvT2pGU1prZDRTRXgyTlc1dmMxaENhVXd5TW5OdVFXYxAB,3.0,曼谷的寺庙数不胜数，而这只是其中之一。如果你参加嘟嘟车观光游，被告知要在这里停留，作为“超值优惠”的一部分，而且据说现在的价格比以往任何时候都低（真是讽刺），那么你就知道自己已经落入了旅游陷阱。所有关于这种销售骗局的评论都是真的，只是细节上略有不同——有时会增加一个中途停留点，或者换一家纪念品商店、裁缝店或珠宝店。归根结底，这是许多人精心策划的骗局，目的是宰客。不过，就这个价格而言，嘟嘟车本身还算不错；只是千万别让他们强迫你做任何事。,zh-CN,Sat Nov 15 2025 07:06:24 GMT-0800 (Pacific Standard Time),DP ABC,https://www.google.com/maps/reviews/data=!4m6!14m5!1m4!2m3!1sCi9DQUlRQUNvZENodHljRjlvT2pGU1prZDRTRXgyTlc1dmMxaENhVXd5TW5OdVFXYxAB!2m1!1s0x30e29968a279d623:0x3ab2843941ef725
ChIJI9Z5omiZ4jARJfcelEMoqwM,Wat Noranat Suntharikaram,Ci9DQUlRQUNvZENodHljRjlvT25kd2FtVlNaV1V6VkVKSGJXNVRNbEZ2V1hsMVdtYxAB,3.0,关羽祠至今已在此屹立80年。如果您途经素叻他尼府，不妨前往参拜这位神圣的神灵。,zh-CN,Thu Jan 22 2026 03:32:37 GMT-0800 (Pacific Standard Time),Sarun Vajranetra,https://www.google.com/maps/reviews/data=!4m6!14m5!1m4!2m3!1sCi9DQUlRQUNvZENodHljRjlvT25kd2FtVlNaV1V6VkVKSGJXNVRNbEZ2V1hsMVdtYxAB!2m1!1s0x30e29968a279d623:0x3ab2843941ef725
ChIJMx1MyW6Z4jARXBiTn1GAT5g,วัดเอี่ยมวรนุช,ChZDSUhNMG9nS0VJQ0FnSUQxd1plWE53EAE,5.0,我会常来看望的,zh,Sun Jan 07 2024 09:20:42 GMT-0800 (Pacific Standard Time),MING,https://www.google.com/maps/reviews/data=!4m6!14m5!1m4!2m3!1sChZDSUhNMG9nS0VJQ0FnSUQxd1plWE53EAE!2m1!1s0x30e2996ec94c1d33:0x984f80519f93185c
ChIJMx1MyW6Z4jARXBiTn1GAT5g,วัดเอี่ยมวรนุช,Ci9DQUlRQUNvZENodHljRjlvT2pab1pGcGtkbXB6WkMxUVZUSlJaVTVTV0d0dVlsRRAB,4.0,九十九座寺庙朝圣计划 - 第六年，2026年 第十六座寺庙：曼谷帕那空区潘通村伊安沃拉努寺 (Wat Eiam Woranuch) 伊安沃拉努寺建于拉玛一世国王统治时期，即1784年。最初名为通孔寺 (Wat Thong Khung)，反映了当地的地理特征。后来，当地官员普拉努 (Plad Nuch) 对其进行了翻修。村民们随后将其更名为普拉努寺 (Wat Plad Nuch)。拉玛五世国王统治时期，一位名叫雅伊安 (Yai Eiam) 的女信徒慷慨地建造了一座新的戒堂。朱拉隆功国王（拉玛五世）下令将建造者和赞助者的名字都写入寺庙名称，以表彰他们的善行。因此，寺庙被命名为伊安沃拉努寺。由于修建地铁站征地，该寺庙目前占地面积相对较小。进入寺庙后，您会看到位于戒堂后侧外墙上的龙婆帕邦帕西提乔克（帕伊邦），这是一尊站立的佛像，赐予人们祝福。主殿内供奉着一尊禅定佛像和一尊深受工匠和信徒敬仰的龙婆萨拉帕昌佛像。此外，寺庙内还供奉着龙婆托和观音菩萨。 寺庙中的卧佛像的特色在于，佛龛长约1.5米，龛内伸出一对佛足印。这象征着阿塔米节（Atthami Puja），佛陀在这一天涅槃，他的遗体被安放在金棺中，等待摩诃迦叶和其他僧侣的到来。佛陀圆寂八天后，摩诃迦叶抵达时，佛陀的双足分开五百层裹尸布，最后一次从金棺中伸出，僧侣们得以直接瞻仰佛足。摩诃迦叶致敬完毕后，佛足缩回金棺，准备火化。寺庙将带有佛足印的金棺供奉在涅槃佛塔内，即佛陀火化之处。 附近景点：泰国银行博物馆，位于泰国银行学习中心内。该博物馆以其对泰国货币历史（从古至今）的展示、对邦坤蓬宫古典建筑的保护以及其独特的位于湄南河水位以下的展览而闻名。 下一个寺庙：Wat Sam Phraya Worawihan (Wat Bang Khun Phrom)，Wat Sam Phraya，Phra Nakhon，曼谷。 以前的寺庙：Wat Hong Rattanaram Ratchaworawihan、Wat Arun、Bangkok Yai、曼谷。,zh-CN,Thu Jun 11 2026 00:05:40 GMT-0700 (Pacific Daylight Time),Danai Winairat,https://www.google.com/maps/reviews/data=!4m6!14m5!1m4!2m3!1sCi9DQUlRQUNvZENodHljRjlvT2pab1pGcGtkbXB6WkMxUVZUSlJaVTVTV0d0dVlsRRAB!2m1!1s0x30e2996ec94c1d33:0x984f80519f93185c
ChIJMx1MyW6Z4jARXBiTn1GAT5g,วัดเอี่ยมวรนุช,Ci9DQUlRQUNvZENodHljRjlvT21sSVRYUnZXRVI1VjNZelQxWlhabVJOUlZoV09GRRAB,5.0,瓦伊安沃拉努寺 (Wat Eiam Woranuch) 位于曼谷帕那空区邦坤蓬-邦兰普地区的一座古老寺庙。 始建于1784年。 原名“瓦通孔寺 (Wat Thong Khung)”。 后由普拉努 (Plad Nuch) 和亚伊安 (Yai Eiam) 修缮，并在拉玛五世国王统治时期建造了戒堂，故得此名。 寺内供奉着备受尊崇的龙婆托 (Luang Pu Thuat) 和龙婆帕邦 (Luang Pho Phra Bang)。龙婆托据说曾在淡水上行走，而龙婆帕邦则被认为能带来好运。 #瓦伊安沃拉努寺 #寺庙 #龙婆托 #功德 #曼谷,zh-CN,Sat Mar 07 2026 05:52:04 GMT-0800 (Pacific Standard Time),O YUREEWAN,https://www.google.com/maps/reviews/data=!4m6!14m5!1m4!2m3!1sCi9DQUlRQUNvZENodHljRjlvT21sSVRYUnZXRVI1VjNZelQxWlhabVJOUlZoV09GRRAB!2m1!1s0x30e2996ec94c1d33:0x984f80519f93185c
ChIJMx1MyW6Z4jARXBiTn1GAT5g,วัดเอี่ยมวรนุช,Ci9DQUlRQUNvZENodHljRjlvT25JM2RHbE5TRUUzYlZCblZWWXhZbVpWYTB0M2QxRRAB,5.0,我特意前来此地拜谒龙婆托，我的愿望实现了。 这是一座位于市中心的小寺庙。寺庙占地面积不大，但维护得很好，也很干净。 寺庙内有主殿、供奉阿空观音的亭子，以及供奉陶玛哈蓬的塑像。 住持的住所欢迎所有来访者。,zh-CN,Sun Jul 13 2025 00:22:33 GMT-0700 (Pacific Daylight Time),chitiwat korawis,https://www.google.com/maps/reviews/data=!4m6!14m5!1m4!2m3!1sCi9DQUlRQUNvZENodHljRjlvT25JM2RHbE5TRUUzYlZCblZWWXhZbVpWYTB0M2QxRRAB!2m1!1s0x30e2996ec94c1d33:0x984f80519f93185c
ChIJMx1MyW6Z4jARXBiTn1GAT5g,วัดเอี่ยมวรนุช,Ci9DQUlRQUNvZENodHljRjlvT25WeFpHVndkVU4zT1daNlNGSmZiV2RYVjJ4UlRVRRAB,5.0,瓦埃姆沃拉努寺（Wat Eiam Woranuch），简称瓦埃姆寺（Wat Eiam），始建于1784年。原名瓦通孔寺（Wat Thong Khung），后经帕拉努（Palat Nuch）修缮，村民称之为瓦帕拉努寺（Wat Palat Nuch）。朱拉隆功国王统治时期，亚伊埃姆（Yai Eiam）建造了主殿，国王下令将建造者的名字写入寺庙名称。寺庙随后更名为“瓦埃姆沃拉努寺”（Wat Eiam Woranuch）。1947年1月29日，该寺获得皇家特许状。 銮普托佛殿（Viharn Luang Pu Thuad）内供奉着銮普托法师的塑像， 该塑像于1954年在北大年府的瓦昌海寺（Wat Chang Hai）制作，至今已有约71年的历史。据史料记载，瓦昌海寺的銮普添（Luang Pu Tim）是瓦埃姆沃拉努寺住持的亲密法友。当时，龙婆添正在研究龙婆托的存在，经过内观禅修后，他确信了龙婆托的真实存在。1941年，龙婆添接任昌海寺住持，是因为他发现昌海寺看似荒废，却藏有一座佛塔，里面供奉着龙婆托的骨灰。于是，他禅修祈福，建造了一座戒堂，并铸造了一尊龙婆托的铜像，供奉在艾安沃拉努寺的戒堂内。后来，在1987年，艾安沃拉努寺又建造了一座亭子，供奉龙婆托的铜像。那些想要拜谒龙婆托，但无法前往北大年府昌海寺的人，可以在艾安沃拉努寺拜谒他。,zh-CN,Sun Jul 27 2025 00:10:29 GMT-0700 (Pacific Daylight Time),Vitaya Kunavichayanont,https://www.google.com/maps/reviews/data=!4m6!14m5!1m4!2m3!1sCi9DQUlRQUNvZENodHljRjlvT25WeFpHVndkVU4zT1daNlNGSmZiV2RYVjJ4UlRVRRAB!2m1!1s0x30e2996ec94c1d33:0x984f80519f93185c
ChIJKe5mSjCZ4jARnpP6cyjL1pM,พระวิหาร พระอัฏฐารส ศรีสุคตทศพลญาณบพิตร วัดสระเกศ ราชวรมหาวิหาร,Ci9DQUlRQUNvZENodHljRjlvT2pkNExVMHlWRTlZU25wWlZHcHNlRzVmTFZSdlkwRRAB,5.0,"✨พระอัฏฐารสศรีสุคตทศพลญาณบพิตร (พระอัฏฐารส)✨ ด้วย.. ✨องค์พระ มีความสูงตระหง่าน ทำให้เมื่อเข้าไปนั่ง 🙏🏻กราบสักการะ จะรู้สึกถึงความศักดิ์สิทธิ์ และเมตตาบารมีที่แผ่ลงมา✨ ผู้คนจึงมักมาขอพรเรื่องความเจริญรุ่งเรือง การมีสุขภาพแข็งแรง และความเป็นสิริมงคลในชีวิต อันเนื่องจากชื่อ✨ ""อัฏฐารส"" สื่อถึงโพธิปักขิยธรรม หรือหลักธรรมที่นำไปสู่ความหลุดพ้น..✨ 👉🏻ลักษณะพระพุทธรูป เป็นปางห้ามสมุทร (ยืนยกพระหัตถ์ขวา) ศิลปะสมัยสุโขทัยตอนต้น มีความสูงถึง 5 วา 1 ศอก 10 นิ้ว (ประมาณ 10.75 เมตร) ถือเป็นพระพุทธรูปหล่อด้วยทองสัมฤทธิ์ที่สูงที่สุดในกรุงเทพฯ",th,Sun Mar 22 2026 21:57:56 GMT-0700 (Pacific Daylight Time),กำพร พรพุทธคุณ,https://www.google.com/maps/reviews/data=!4m6!14m5!1m4!2m3!1sCi9DQUlRQUNvZENodHljRjlvT2pkNExVMHlWRTlZU25wWlZHcHNlRzVmTFZSdlkwRRAB!2m1!1s0x30e299304a66ee29:0x93d6cb2873fa939e
ChIJKe5mSjCZ4jARnpP6cyjL1pM,พระวิหาร พระอัฏฐารส ศรีสุคตทศพลญาณบพิตร วัดสระเกศ ราชวรมหาวิหาร,Ci9DQUlRQUNvZENodHljRjlvT2s5MGMxVnhOa015YmxGcFdGbFdjakptUmtWdlFYYxAB,5.0,“銮普·杜斯特” 其历史记载，它曾是杜斯特寺主殿的主佛像。杜斯特寺最初位于杜斯特宫的皇家庭院内，靠近莱姆寺（Wat Laem）， 莱姆寺当时被称为班查玛波披寺（Wat Benchamabophit）。朱拉隆功国王建造杜斯特宫和 杜斯特花园时，需要扩建，将班查玛波披寺和杜斯特寺都纳入其中。 因此，他决定建造一座新寺庙来弥补两座寺庙的空缺，即班查玛波披杜斯特瓦纳兰寺（Wat Benchamabophit Dusitwanaram）。 随后，他下令将杜斯特寺主殿的主佛像移至 帕阿塔拉斯精舍（Phra Attharas Vihara）的后殿，该后殿后来空置，并被称为……“銮普·杜斯特”至今仍供奉于此。 “銮波度斯特佛像” 据信，在过去，銮波度斯特佛像曾被供奉在度斯特寺的戒堂（或称佛殿）中，作为主佛像。 度斯特寺原位于 素安度斯特宫的内院，毗邻莱姆寺（又名本查玛波披寺）。 朱拉隆功国王下令建造度斯特宫时，素安度斯特宫的疆域 扩展至度斯特寺和 本查玛波披寺。随后，朱拉隆功国王建造了本查玛波披度斯特瓦纳兰寺， 以取代原有的两座寺庙。度斯特寺的主佛像——銮波度斯特佛像， 被移至 帕阿塔拉佛殿后方的房间内。此后，它被称为“銮波度斯特佛像”。,zh-CN,Fri May 08 2026 01:46:24 GMT-0700 (Pacific Daylight Time),Atthimate Teerabannaluck,https://www.google.com/maps/reviews/data=!4m6!14m5!1m4!2m3!1sCi9DQUlRQUNvZENodHljRjlvT2s5MGMxVnhOa015YmxGcFdGbFdjakptUmtWdlFYYxAB!2m1!1s0x30e299304a66ee29:0x93d6cb2873fa939e
ChIJKe5mSjCZ4jARnpP6cyjL1pM,พระวิหาร พระอัฏฐารส ศรีสุคตทศพลญาณบพิตร วัดสระเกศ ราชวรมหาวิหาร,Ci9DQUlRQUNvZENodHljRjlvT205MGVVZEdWa28zVm1GUU9GSmpUV3BQWDFKcFJsRRAB,5.0,十八臂佛像，帕阿塔拉斯·斯里·苏加塔·达萨巴拉尼亚纳·博皮特，萨格寺 十八臂佛像，全名帕阿塔拉斯·斯里·苏加塔·达萨巴拉尼亚纳·博皮特，是素可泰早期风格的艺术品，约有700年历史。它是曼谷最高的立佛像，佛像呈止息印，高5 wa 1 sok 10英寸（21 sok 1英寸）。佛像通体采用青铜铸造，无任何接缝，是泰国历史上第一尊大型佛像铸造作品。最初，它供奉在彭世洛府的维汉通寺，该寺是禅宫的皇家寺庙，禅宫曾是纳黎萱大帝的住所。 1825年，曼谷爆发霍乱疫情，造成数万人死亡，拉玛三世国王下令将这尊八臂佛像移至曼谷的萨格寺。直到拉玛四世国王统治时期，这尊佛像才被正式命名为帕阿塔拉斯·斯里·苏加塔·达萨巴拉尼亚纳·博皮特（Phra Attharas Sri Sugata Dasabalañana Bopit）。传说中，佛像被放置在一艘船上，顺着湄南河漂流，直到它踩在船上，导致船身沉没。人们被这一景象惊呆了，以为这是一尊漂浮在水面上的佛像。许多人聚集起来观看。当佛像被运到码头准备上岸时，估计有30万人前来瞻仰，因此该码头被命名为“三十万码头”（Tha Nam Sam Saen），后来演变为如今的“三森码头”（Sam Sen）。泰国君主过去在首都制作八臂佛像的传统是为了确保和平稳定，防止战争，防止分裂，促进人民之间的友爱和团结，并确保国家的持久稳定，仿佛佛像将永远屹立在那里。,zh-CN,Thu Oct 02 2025 20:48:55 GMT-0700 (Pacific Daylight Time),ธวัชชัย อารีย์,https://www.google.com/maps/reviews/data=!4m6!14m5!1m4!2m3!1sCi9DQUlRQUNvZENodHljRjlvT205MGVVZEdWa28zVm1GUU9GSmpUV3BQWDFKcFJsRRAB!2m1!1s0x30e299304a66ee29:0x93d6cb2873fa939e
ChIJKe5mSjCZ4jARnpP6cyjL1pM,พระวิหาร พระอัฏฐารส ศรีสุคตทศพลญาณบพิตร วัดสระเกศ ราชวรมหาวิหาร,ChZDSUhNMG9nS0VQcnZ0TzdfeGZHYVNnEAE,5.0,萨格寺主殿供奉着两尊重要的佛像：1）帕阿塔拉斯·斯里·苏加塔·达萨波利亚纳·博皮特佛像，是主殿的主尊佛像。此佛像呈劝诫亲友离间之姿，为早期素可泰风格，以青铜一体铸造，无接缝。原佛像供奉于彭世洛府维汉通寺内。由于维汉通寺年久失修，拉玛三世国王下令将佛像从维汉通寺移至萨格寺内。 2）銮坡·杜斯特佛像，呈摩罗毗荼式，为拉达那哥欣风格。原佛像供奉于杜斯特寺主殿。拉玛五世建造律实宫和律实花园时，需要扩建，因此包含了原属本查玛波披寺和律实寺的土地。于是，律实寺主殿的主佛像被移至十八佛寺后方的空房中供奉。这尊佛像后来被称为“律实龙婆”，并一直供奉于此。,zh-CN,Mon Jun 16 2025 09:40:04 GMT-0700 (Pacific Daylight Time),Vitaya Kunavichayanont,https://www.google.com/maps/reviews/data=!4m6!14m5!1m4!2m3!1sChZDSUhNMG9nS0VQcnZ0TzdfeGZHYVNnEAE!2m1!1s0x30e299304a66ee29:0x93d6cb2873fa939e
ChIJKe5mSjCZ4jARnpP6cyjL1pM,พระวิหาร พระอัฏฐารส ศรีสุคตทศพลญาณบพิตร วัดสระเกศ ราชวรมหาวิหาร,Ci9DQUlRQUNvZENodHljRjlvT2sxNFVuQk9UMnRMTmtKUFYyMWtWVFpRV0hwWlMxRRAB,5.0,我们傍晚抵达，寺庙已经关闭，所以无法入内参拜。不过，我们之前曾多次前来参拜。寺内供奉着帕阿塔拉斯佛像，其全名为帕阿塔拉斯·斯里·苏加塔·达萨波利亚纳·博皮特（Phra Attharas Sri Sugata Dasapolyana Bopit）。这是一尊早期素可泰风格的佛像，已有700年历史，是曼谷最高的立佛像，高5偈1肘10英寸（21肘1英寸）。佛像通体由青铜铸造，没有任何接缝，是泰国历史上铸造的第一尊也是最大的一尊青铜佛像。 最初，这尊佛像供奉在彭世洛府的维汉通寺（Wat Viharn Thong），该寺是禅宫的寺庙，禅宫曾是纳黎萱大帝的住所。 1825年，拉玛三世国王下令将其移至曼谷的萨格寺。拉玛四世国王统治时期，这尊帕阿塔拉斯佛像被命名为……十八头主斯里苏加塔达萨波利亚纳·博皮特陛下,zh-CN,Mon Jun 30 2025 03:36:40 GMT-0700 (Pacific Daylight Time),สมบัติ ทุตาสิทธิ์,https://www.google.com/maps/reviews/data=!4m6!14m5!1m4!2m3!1sCi9DQUlRQUNvZENodHljRjlvT2sxNFVuQk9UMnRMTmtKUFYyMWtWVFpRV0hwWlMxRRAB!2m1!1s0x30e299304a66ee29:0x93d6cb2873fa939e
ChIJH5lSQkSZ4jARb0Nw70vrhJY,Song Tham Throne Hall,ChdDSUhNMG9nS0VJQ0FnSUN4bXVtSmd3RRAB,5.0,帕通坦宝殿是一座两层建筑，由拉玛五世国王的王后斯里·萨瓦林迪拉于1902年建造，献给她的儿子，即王储玛哈·哇集伦希斯。后来，朱拉隆功国王在前来守持布萨日（佛教安息日）时，曾将此殿作为临时住所；之后，这里又成为僧伽理事会的会议场所、研习佛经的中心以及举办寺庙活动的场所。此外，它也曾作为皇家葬礼的重要人物的安息之地。这座建筑及其内部装饰只能从外部欣赏。屋顶覆盖着琉璃瓦，屋檐和装饰性檐口均饰以漆金，四个山墙上则装饰着各种雕刻精美、鎏金的图案，并镶嵌着玻璃马赛克。,zh-CN,Mon May 15 2023 09:24:36 GMT-0700 (Pacific Daylight Time),Lily Chan,https://www.google.com/maps/reviews/data=!4m6!14m5!1m4!2m3!1sChdDSUhNMG9nS0VJQ0FnSUN4bXVtSmd3RRAB!2m1!1s0x30e299444252991f:0x9684eb4bef70436f
ChIJH5lSQkSZ4jARb0Nw70vrhJY,Song Tham Throne Hall,ChdDSUhNMG9nS0VJQ0FnSURSeW9XX2d3RRAB,3.0,这座美丽的两层砖瓦建筑，屋顶为山墙式，采用传统的泰式风格，但不对公众开放，仅用于特定用途。,zh-CN,Sat Apr 22 2023 07:57:19 GMT-0700 (Pacific Daylight Time),ChubbyArin,https://www.google.com/maps/reviews/data=!4m6!14m5!1m4!2m3!1sChdDSUhNMG9nS0VJQ0FnSURSeW9XX2d3RRAB!2m1!1s0x30e299444252991f:0x9684eb4bef70436f
ChIJH5lSQkSZ4jARb0Nw70vrhJY,Song Tham Throne Hall,ChZDSUhNMG9nS0VJQ0FnSUNIcktuaGZ3EAE,5.0,王座厅内部不对公众开放。,zh-CN,Sun Sep 01 2024 21:33:28 GMT-0700 (Pacific Daylight Time),นันทวัน เม่นทอง,https://www.google.com/maps/reviews/data=!4m6!14m5!1m4!2m3!1sChZDSUhNMG9nS0VJQ0FnSUNIcktuaGZ3EAE!2m1!1s0x30e299444252991f:0x9684eb4bef70436f
ChIJH5lSQkSZ4jARb0Nw70vrhJY,Song Tham Throne Hall,ChdDSUhNMG9nS0VJQ0FnSURYMEwzRi1BRRAB,5.0,10月23日，朱拉隆功国王纪念日,zh-CN,Tue Oct 22 2024 20:42:01 GMT-0700 (Pacific Daylight Time),rawat duanyai,https://www.google.com/maps/reviews/data=!4m6!14m5!1m4!2m3!1sChdDSUhNMG9nS0VJQ0FnSURYMEwzRi1BRRAB!2m1!1s0x30e299444252991f:0x9684eb4bef70436f
ChIJH5lSQkSZ4jARb0Nw70vrhJY,Song Tham Throne Hall,ChdDSUhNMG9nS0VJQ0FnSURzdE9qZDNRRRAB,4.0,曼谷一个很棒的旅游景点，非常有趣。,zh-CN,Mon Feb 24 2020 15:06:20 GMT-0800 (Pacific Standard Time),Ilan Adler,https://www.google.com/maps/reviews/data=!4m6!14m5!1m4!2m3!1sChdDSUhNMG9nS0VJQ0FnSURzdE9qZDNRRRAB!2m1!1s0x30e299444252991f:0x9684eb4bef70436f
ChIJ681gfw6Z4jARQdrjJcz248I,วัดโสมนัสฯ ศาลา 5,Ci9DQUlRQUNvZENodHljRjlvT25SMGRtNW9WQzAzUmpWalgwdHVhRFpPWlZOaU5HYxAB,5.0,干净整洁。我喜欢不用脱鞋就能进去。不过，停车位很难找。,zh-CN,Wed Feb 04 2026 18:14:04 GMT-0800 (Pacific Standard Time),Netnapit A.,https://www.google.com/maps/reviews/data=!4m6!14m5!1m4!2m3!1sCi9DQUlRQUNvZENodHljRjlvT25SMGRtNW9WQzAzUmpWalgwdHVhRFpPWlZOaU5HYxAB!2m1!1s0x30e2990e7f60cdeb:0xc2e3f6cc25e3da41
ChIJ681gfw6Z4jARQdrjJcz248I,วัดโสมนัสฯ ศาลา 5,ChdDSUhNMG9nS0VJQ0FnSUNQdEtfSjl3RRAB,4.0,漂亮又干净。,zh-CN,Thu Nov 21 2024 15:19:36 GMT-0800 (Pacific Standard Time),Suraphan63,https://www.google.com/maps/reviews/data=!4m6!14m5!1m4!2m3!1sChdDSUhNMG9nS0VJQ0FnSUNQdEtfSjl3RRAB!2m1!1s0x30e2990e7f60cdeb:0xc2e3f6cc25e3da41
ChIJ681gfw6Z4jARQdrjJcz248I,วัดโสมนัสฯ ศาลา 5,ChdDSUhNMG9nS0VPVFhzNExybUxTUS1BRRAB,4.0,,,Sat May 31 2025 18:52:43 GMT-0700 (Pacific Daylight Time),Piyabhan Sethabutra,https://www.google.com/maps/reviews/data=!4m6!14m5!1m4!2m3!1sChdDSUhNMG9nS0VPVFhzNExybUxTUS1BRRAB!2m1!1s0x30e2990e7f60cdeb:0xc2e3f6cc25e3da41
ChIJ681gfw6Z4jARQdrjJcz248I,วัดโสมนัสฯ ศาลา 5,Ci9DQUlRQUNvZENodHljRjlvT21KbkxUSnRTbUpPT1dacE16RXpOSEpQTlY5c2JGRRAB,4.0,,,Tue Apr 21 2026 03:20:52 GMT-0700 (Pacific Daylight Time),Jarturon Tantivatana,https://www.google.com/maps/reviews/data=!4m6!14m5!1m4!2m3!1sCi9DQUlRQUNvZENodHljRjlvT21KbkxUSnRTbUpPT1dacE16RXpOSEpQTlY5c2JGRRAB!2m1!1s0x30e2990e7f60cdeb:0xc2e3f6cc25e3da41
ChIJ681gfw6Z4jARQdrjJcz248I,วัดโสมนัสฯ ศาลา 5,Ci9DQUlRQUNvZENodHljRjlvT2pKV1kwUkJRMU4yUkY4MWEzQjJVa3R3UW5RMVZXYxAB,4.0,,,Mon Feb 16 2026 06:29:11 GMT-0800 (Pacific Standard Time),Weerachai Rungsamher,https://www.google.com/maps/reviews/data=!4m6!14m5!1m4!2m3!1sCi9DQUlRQUNvZENodHljRjlvT2pKV1kwUkJRMU4yUkY4MWEzQjJVa3R3UW5RMVZXYxAB!2m1!1s0x30e2990e7f60cdeb:0xc2e3f6cc25e3da41
ChIJ5yqF4oyZ4jAR6StRdyeB7jg,ศาลา 11 วัดมกุฏกษัตริยารามราชวรวิหาร,Ci9DQUlRQUNvZENodHljRjlvT2xWWFMzcFVNR3R2Ylc5ME5UaFZUWGRHUzFCVU5VRRAB,5.0,,,Wed Jul 30 2025 19:16:00 GMT-0700 (Pacific Daylight Time),Woratep step,https://www.google.com/maps/reviews/data=!4m6!14m5!1m4!2m3!1sCi9DQUlRQUNvZENodHljRjlvT2xWWFMzcFVNR3R2Ylc5ME5UaFZUWGRHUzFCVU5VRRAB!2m1!1s0x30e2998ce2852ae7:0x38ee812777512be9
ChIJ5yqF4oyZ4jAR6StRdyeB7jg,ศาลา 11 วัดมกุฏกษัตริยารามราชวรวิหาร,ChdDSUhNMG9nS0VJQ0FnSUNwcXZpQ3NRRRAB,5.0,,,Tue Aug 01 2023 08:01:50 GMT-0700 (Pacific Daylight Time),saowaluk2 snow,https://www.google.com/maps/reviews/data=!4m6!14m5!1m4!2m3!1sChdDSUhNMG9nS0VJQ0FnSUNwcXZpQ3NRRRAB!2m1!1s0x30e2998ce2852ae7:0x38ee812777512be9
ChIJ5yqF4oyZ4jAR6StRdyeB7jg,ศาลา 11 วัดมกุฏกษัตริยารามราชวรวิหาร,ChZDSUhNMG9nS0VJQ0FnSURKajY3bkZREAE,4.0,,,Mon Jul 24 2023 23:04:40 GMT-0700 (Pacific Daylight Time),วรภัทร ยมนา,https://www.google.com/maps/reviews/data=!4m6!14m5!1m4!2m3!1sChZDSUhNMG9nS0VJQ0FnSURKajY3bkZREAE!2m1!1s0x30e2998ce2852ae7:0x38ee812777512be9
ChIJTewFHZuZ4jARQcY1aWPj6yo,วัดโสมนัสฯ ศาลา 6,Ci9DQUlRQUNvZENodHljRjlvT201QmRUTnJhMmw1TVZGaGRpMUxUazlxWld4Q2FVRRAB,5.0,,,Fri Feb 27 2026 22:52:45 GMT-0800 (Pacific Standard Time),Assamathorn Saroekdechakul (PuiTheWin),https://www.google.com/maps/reviews/data=!4m6!14m5!1m4!2m3!1sCi9DQUlRQUNvZENodHljRjlvT201QmRUTnJhMmw1TVZGaGRpMUxUazlxWld4Q2FVRRAB!2m1!1s0x30e2999b1d05ec4d:0x2aebe3636935c641
ChIJTRW2qRWZ4jARw3lH35FZ5Hg,Royal Pavilion Mahajetsadabadin,ChZDSUhNMG9nS0VJQ0FnSUNRdHBxNVdnEAE,5.0,很壮观,zh,Thu Apr 27 2017 05:23:44 GMT-0700 (Pacific Daylight Time),Austin Tan,https://www.google.com/maps/reviews/data=!4m6!14m5!1m4!2m3!1sChZDSUhNMG9nS0VJQ0FnSUNRdHBxNVdnEAE!2m1!1s0x30e29915a9b6154d:0x78e45991df4779c3
ChIJTRW2qRWZ4jARw3lH35FZ5Hg,Royal Pavilion Mahajetsadabadin,Ci9DQUlRQUNvZENodHljRjlvT25sSlFWUk1XbDkxWmw5TGFtNDRRVzFLVVdscWJFRRAB,5.0,曼谷兰帕拉玛哈切萨达博丁广场（Lan Phlapphla Maha Chedsadabodin）是一处宁静的公共广场，常常被游客忽略，但它却拥有欣赏曼谷历史街区壮丽景色的绝佳视角。 广场位于拉差丹农路（Ratchadamnoen Klang Road）和玛哈猜路（Maha Chai Road）的交汇处，广场上矗立着拉玛三世国王的雕像和一座精美的泰式皇家亭阁。这片开阔的空间在熙熙攘攘的老城区中营造出一片宁静祥和的氛围，是游览附近景点时休憩放松的理想场所。 广场的一大亮点是周围的景色。从广场上，游客可以欣赏到几处重要的历史遗迹，包括拉差那达兰寺（Wat Ratchanatdaram）的罗哈帕萨特（Loha Prasat）、玛哈坎堡（Mahakan Fort）以及萨格寺（Wat Saket）的金山（Phu Khao Thong）。传统建筑与历史古迹的交相辉映，使这里格外上镜。 我是在暴雨来临前不久到访的。乌云密布，笼罩着整座城市，形成了一幅壮丽的背景，更衬托出历史建筑的迷人风采。虽然最终雨水迫使我提前离开，但那里的氛围令人难忘。 无论您是对曼谷的历史、建筑还是摄影感兴趣，在探索老城区时，兰帕拉帕玛哈切萨达博丁都值得您稍作停留。它能让您以独特的视角欣赏曼谷一些最具标志性的地标，并提供一个静谧的空间，让您细细品味这片区域的历史文化。,zh-CN,Wed Jun 24 2026 17:05:44 GMT-0700 (Pacific Daylight Time),Bơ,https://www.google.com/maps/reviews/data=!4m6!14m5!1m4!2m3!1sCi9DQUlRQUNvZENodHljRjlvT25sSlFWUk1XbDkxWmw5TGFtNDRRVzFLVVdscWJFRRAB!2m1!1s0x30e29915a9b6154d:0x78e45991df4779c3
ChIJTRW2qRWZ4jARw3lH35FZ5Hg,Royal Pavilion Mahajetsadabadin,Ci9DQUlRQUNvZENodHljRjlvT2toeU1tWjVORzB5Y0ZCUU1ISktTMGt0VjBsRFpsRRAB,5.0,389...07 09 2568 玛哈切萨达波丁亭广场，地址：曼谷帕那空区瓦博翁尼维特街道拉差丹农克朗路2号，邮编10200 类型：亭广场 建筑风格：传统泰式建筑 摄影：Natdanai Phakdiwirawong .... 07-09-2568 共32张照片 这座寺庙位于作者的第389号相册中。（作者所有相册中的所有照片均可使用。作者旨在传播佛教，促进宗教的广泛传播，无需获得许可。让佛法传播得更广是确保佛教长存的一种方式。） 从索玛纳拉查沃拉维汉寺步行至顺通塔玛坦寺（又名凯南隆寺），然后前往普里纳约克沃拉维汉寺，再往前走一点，在马路对面即可到达玛哈切萨达波丁亭广场。广场上弥漫着即将下雨的气氛。拍了一会儿照片后，大雨倾盆而下。真可惜，我匆匆忙忙地在雨前拍下了这美景。 帕拉帕玛哈切萨达波丁广场（Phlabphla Maha Chetsadabodin Square）位于曼谷帕那空区博翁尼威街道，拉差丹农中央路和玛哈猜路的交汇处，是一座露天花园。它以拉玛三世国王在担任切萨达波丁亲王时的皇家称号命名。广场周围是一片开阔的空地，矗立着拉玛三世国王的皇家纪念碑。此外，这里还建有一座凉亭，供国王陛下接见外国政要。这座凉亭建于1989年，原址是因美观原因而被拆除的泰式礼堂（Sala Chalerm Thai）。 帕拉帕玛哈切萨达博丁广场周围坐落着几座重要的建筑和地标，例如罗哈帕萨（金属宫）、拉差那达拉姆沃拉维汉寺（罗哈帕萨寺）、玛哈坎堡以及萨格寺的帕博隆班波（金山）。 来源：维基百科,zh-CN,Fri Nov 07 2025 07:00:45 GMT-0800 (Pacific Standard Time),ณัฐดนัย ภักดีวีรวงศ์,https://www.google.com/maps/reviews/data=!4m6!14m5!1m4!2m3!1sCi9DQUlRQUNvZENodHljRjlvT2toeU1tWjVORzB5Y0ZCUU1ISktTMGt0VjBsRFpsRRAB!2m1!1s0x30e29915a9b6154d:0x78e45991df4779c3
ChIJTRW2qRWZ4jARw3lH35FZ5Hg,Royal Pavilion Mahajetsadabadin,Ci9DQUlRQUNvZENodHljRjlvT2tnMFRUQTVaRlJvUVROMkxYbG5kbFpOT0VFeU1tYxAB,5.0,在老城区民主纪念碑附近，这座亭子在夜晚显得格外美丽宁静，灯光、树木和鲜花都经过精心布置。这里夜晚很安静，但附近也有餐厅和咖啡馆，很方便。,zh-CN,Fri May 01 2026 11:48:57 GMT-0700 (Pacific Daylight Time),엔트로피,https://www.google.com/maps/reviews/data=!4m6!14m5!1m4!2m3!1sCi9DQUlRQUNvZENodHljRjlvT2tnMFRUQTVaRlJvUVROMkxYbG5kbFpOT0VFeU1tYxAB!2m1!1s0x30e29915a9b6154d:0x78e45991df4779c3
ChIJTRW2qRWZ4jARw3lH35FZ5Hg,Royal Pavilion Mahajetsadabadin,Ci9DQUlRQUNvZENodHljRjlvT213M2FYRkdhbWhoYkZkVE9UUjVhbWxWWm5ZM1FrRRAB,4.0,我们乘地铁过来，在三耀站2号出口下车，然后搭乘摩托车出租车。这里非常安静，但景色优美。,zh-CN,Tue May 05 2026 01:38:47 GMT-0700 (Pacific Daylight Time),PPear,https://www.google.com/maps/reviews/data=!4m6!14m5!1m4!2m3!1sCi9DQUlRQUNvZENodHljRjlvT213M2FYRkdhbWhoYkZkVE9UUjVhbWxWWm5ZM1FrRRAB!2m1!1s0x30e29915a9b6154d:0x78e45991df4779c3
ChIJ6UgYKACZ4jARWWDjTlPfgu0,Banglamphu Square,Ci9DQUlRQUNvZENodHljRjlvT21KVlJ6SXlkREZJVW1oYWNHeHdXRmR3UlRKVVpVRRAB,5.0,这里以前是电车站。目前，地下正在修建铁路。这里通常是个小公园，但偶尔也会举办一些街头小贩和其他娱乐活动。曼谷市政府旅游信息中心只在白天开放。,zh-CN,Sun Aug 02 2026 19:52:56 GMT-0700 (Pacific Daylight Time),THAI SANPO FUJII,https://www.google.com/maps/reviews/data=!4m6!14m5!1m4!2m3!1sCi9DQUlRQUNvZENodHljRjlvT21KVlJ6SXlkREZJVW1oYWNHeHdXRmR3UlRKVVpVRRAB!2m1!1s0x30e29900281848e9:0xed82df534ee36059
ChIJ6UgYKACZ4jARWWDjTlPfgu0,Banglamphu Square,ChdDSUhNMG9nS0VJQ0FnTUNJbnBlSHpnRRAB,5.0,我希望树龄更长一些，能遮阴更多，哈哈。这里是个城镇广场，有个信息亭，有座位，但是树荫不多😂,zh-CN,Tue Apr 01 2025 23:51:18 GMT-0700 (Pacific Daylight Time),michael Green,https://www.google.com/maps/reviews/data=!4m6!14m5!1m4!2m3!1sChdDSUhNMG9nS0VJQ0FnTUNJbnBlSHpnRRAB!2m1!1s0x30e29900281848e9:0xed82df534ee36059
ChIJ6UgYKACZ4jARWWDjTlPfgu0,Banglamphu Square,ChdDSUhNMG9nS0VJQ0FnSURuaHVfVHlBRRAB,5.0,晚上会开一个小夜市，卖印度煎饼和龙眼汁！他们也卖泰式烧烤。 地方不大，但什么都有。,zh-CN,Sat Oct 05 2024 02:14:42 GMT-0700 (Pacific Daylight Time),Seonja Im,https://www.google.com/maps/reviews/data=!4m6!14m5!1m4!2m3!1sChdDSUhNMG9nS0VJQ0FnSURuaHVfVHlBRRAB!2m1!1s0x30e29900281848e9:0xed82df534ee36059
ChIJ6UgYKACZ4jARWWDjTlPfgu0,Banglamphu Square,ChZDSUhNMG9nS0VJQ0FnTUNvOTgtZ2ZBEAE,5.0,你可以放松身心，享受这里的氛围。😆😆,zh-CN,Sun Apr 20 2025 12:09:34 GMT-0700 (Pacific Daylight Time),owadpia,https://www.google.com/maps/reviews/data=!4m6!14m5!1m4!2m3!1sChZDSUhNMG9nS0VJQ0FnTUNvOTgtZ2ZBEAE!2m1!1s0x30e29900281848e9:0xed82df534ee36059
ChIJ6UgYKACZ4jARWWDjTlPfgu0,Banglamphu Square,ChdDSUhNMG9nS0VJQ0FnSURONzhITnN3RRAB,5.0,曼谷老城区购物的好去处。,zh-CN,Sat Jan 27 2024 04:19:36 GMT-0800 (Pacific Standard Time),Nat,https://www.google.com/maps/reviews/data=!4m6!14m5!1m4!2m3!1sChdDSUhNMG9nS0VJQ0FnSURONzhITnN3RRAB!2m1!1s0x30e29900281848e9:0xed82df534ee36059
ChIJcR7UZw-Z4jARPMqVMR7_bSg,Prince of Chumphon Momument,Ci9DQUlRQUNvZENodHljRjlvT25CWlQyWm9kalpuYldSbk0wRlBNWFJKV1hCdExXYxAB,5.0,2025年12月19日，我前来祭拜已故国王普密蓬·阿杜德，庆祝阿帕空日，并参加帕那空商业学院的校友活动。,zh-CN,Fri Dec 19 2025 01:38:35 GMT-0800 (Pacific Standard Time),Paul,https://www.google.com/maps/reviews/data=!4m6!14m5!1m4!2m3!1sCi9DQUlRQUNvZENodHljRjlvT25CWlQyWm9kalpuYldSbk0wRlBNWFJKV1hCdExXYxAB!2m1!1s0x30e2990f67d41e71:0x286dff1e3195ca3c
ChIJcR7UZw-Z4jARPMqVMR7_bSg,Prince of Chumphon Momument,Ci9DQUlRQUNvZENodHljRjlvT2xobWRGRTNNa05hU2paaFZtbDJVQzFPVTA0d01VRRAB,5.0,它是人们敬畏和尊重的地方，而且环境干净宜人。,zh-CN,Sun Dec 21 2025 08:01:34 GMT-0800 (Pacific Standard Time),WW Holmes,https://www.google.com/maps/reviews/data=!4m6!14m5!1m4!2m3!1sCi9DQUlRQUNvZENodHljRjlvT2xobWRGRTNNa05hU2paaFZtbDJVQzFPVTA0d01VRRAB!2m1!1s0x30e2990f67d41e71:0x286dff1e3195ca3c
ChIJcR7UZw-Z4jARPMqVMR7_bSg,Prince of Chumphon Momument,ChRDSUhNMG9nS0VJQ0FnSUNtNHU5LRAB,5.0,在律师尼提通·拉姆鲁阿的带领下，一群泰国公民发起运动，要求前往阿帕空亲王海军上将的纪念碑致敬。,zh-CN,Wed Dec 22 2021 20:03:49 GMT-0800 (Pacific Standard Time),SEEN MOTO TUBE,https://www.google.com/maps/reviews/data=!4m6!14m5!1m4!2m3!1sChRDSUhNMG9nS0VJQ0FnSUNtNHU5LRAB!2m1!1s0x30e2990f67d41e71:0x286dff1e3195ca3c
ChIJcR7UZw-Z4jARPMqVMR7_bSg,Prince of Chumphon Momument,ChZDSUhNMG9nS0VJQ0FnSUNlbHNpcFB3EAE,5.0,用红玫瑰或美丽的茉莉花环向春蓬王子表达敬意和崇敬。,zh-CN,Mon Sep 12 2022 23:57:02 GMT-0700 (Pacific Daylight Time),EmilyPP,https://www.google.com/maps/reviews/data=!4m6!14m5!1m4!2m3!1sChZDSUhNMG9nS0VJQ0FnSUNlbHNpcFB3EAE!2m1!1s0x30e2990f67d41e71:0x286dff1e3195ca3c
ChIJcR7UZw-Z4jARPMqVMR7_bSg,Prince of Chumphon Momument,ChdDSUhNMG9nS0VJQ0FnSUQ5aXRlRHhBRRAB,5.0,它非常不起眼，但那里有一座神龛和一座青铜雕像，是献给一位泰国海军上将的。,zh-CN,Fri Mar 15 2024 01:48:53 GMT-0700 (Pacific Daylight Time),THAI SANPO FUJII,https://www.google.com/maps/reviews/data=!4m6!14m5!1m4!2m3!1sChdDSUhNMG9nS0VJQ0FnSUQ5aXRlRHhBRRAB!2m1!1s0x30e2990f67d41e71:0x286dff1e3195ca3c
ChIJ3flvZQCZ4jARc7_NOdByOi0,สวนหย่อมจักรพรรดิพงษ์,Ci9DQUlRQUNvZENodHljRjlvT2sxTGRWaE9jME5FUms5ck1ucE9ia2t6YlhWWGFuYxAB,5.0,,,Fri Aug 07 2026 00:14:42 GMT-0700 (Pacific Daylight Time),Elizabeth,https://www.google.com/maps/reviews/data=!4m6!14m5!1m4!2m3!1sCi9DQUlRQUNvZENodHljRjlvT2sxTGRWaE9jME5FUms5ck1ucE9ia2t6YlhWWGFuYxAB!2m1!1s0x30e29900656ff9dd:0x2d3a72d039cdbf73
ChIJ3flvZQCZ4jARc7_NOdByOi0,สวนหย่อมจักรพรรดิพงษ์,Ci9DQUlRQUNvZENodHljRjlvT21GeFVISlVhVjlLU0dkSGRVbEtVR2w2UzJWb2NrRRAB,5.0,,,Wed Jun 17 2026 03:43:43 GMT-0700 (Pacific Daylight Time),--,https://www.google.com/maps/reviews/data=!4m6!14m5!1m4!2m3!1sCi9DQUlRQUNvZENodHljRjlvT21GeFVISlVhVjlLU0dkSGRVbEtVR2w2UzJWb2NrRRAB!2m1!1s0x30e29900656ff9dd:0x2d3a72d039cdbf73
ChIJO9wzVgCZ4jARbWs4Wo7ymug,Public Park,Ci9DQUlRQUNvZENodHljRjlvT2kxM2NtUm1MVTlFVURCWlpXbFdMWE14UzNOT1JHYxAB,5.0,南銮市场旁边有一个广场和公园。那里没有遮荫的地方，所以白天很难在那里休息。,zh-CN,Mon Oct 06 2025 21:30:12 GMT-0700 (Pacific Daylight Time),THAI SANPO FUJII,https://www.google.com/maps/reviews/data=!4m6!14m5!1m4!2m3!1sCi9DQUlRQUNvZENodHljRjlvT2kxM2NtUm1MVTlFVURCWlpXbFdMWE14UzNOT1JHYxAB!2m1!1s0x30e299005633dc3b:0xe89af28e5a386b6d
ChIJUSXWgGaZ4jARO_Kdze7bbt4,Mahakan Fort Park,Ci9DQUlRQUNvZENodHljRjlvT2w5WVFtSnBRMnBXYjJKcmFURkxkRFI2WjNod2VFRRAB,5.0,非常舒服惬意的地方，早晨9点来几乎没人，一个人享受鸟语花香,zh,Fri Jan 09 2026 18:19:45 GMT-0800 (Pacific Standard Time),cheng liu,https://www.google.com/maps/reviews/data=!4m6!14m5!1m4!2m3!1sCi9DQUlRQUNvZENodHljRjlvT2w5WVFtSnBRMnBXYjJKcmFURkxkRFI2WjNod2VFRRAB!2m1!1s0x30e2996680d62551:0xde6edbeecd9df23b
ChIJUSXWgGaZ4jARO_Kdze7bbt4,Mahakan Fort Park,ChdDSUhNMG9nS0VJQ0FnTUNZbnBmOXl3RRAB,4.0,"在曼谷，任何绿地，无论大小，都令人欣喜。玛哈纳空堡公园 (Mahanakhon Fort Park, MFO) 就是一处位于金山寺 (Wat Saket) 附近的绝佳绿地。 公园内不仅有一座小型堡垒，还遍布修剪整齐的树木、灌木和色彩缤纷的鲜花。 许多人会穿过公园，沿着主路前往著名的 Jay Fai 餐厅。如今，公园与一条沿着运河 (klong) 的步行道相连。 这条新建的运河步道展现了这座城市鲜为人知的一面，附近也已开设了不少咖啡馆和酒吧。 沿着运河漫步是前往最近的地铁站（三育寺站）的好方法，我期待着看到这片区域未来的发展。",zh-CN,Sun May 04 2025 18:34:05 GMT-0700 (Pacific Daylight Time),Steve Meng Yee,https://www.google.com/maps/reviews/data=!4m6!14m5!1m4!2m3!1sChdDSUhNMG9nS0VJQ0FnTUNZbnBmOXl3RRAB!2m1!1s0x30e2996680d62551:0xde6edbeecd9df23b
ChIJUSXWgGaZ4jARO_Kdze7bbt4,Mahakan Fort Park,Ci9DQUlRQUNvZENodHljRjlvT2s1clZuWkxhVkpmUW05dWFqSnlhbnBCVFhwamRtYxAB,5.0,这座小公园为曼谷增添了一抹绿意。它毗邻玛哈坎堡，是休闲散步或避暑前往码头的理想场所。公园内绿树成荫，繁花似锦，还能欣赏到玛哈坎堡和拉差那达兰寺的迷人景色。曼谷市政府工作人员负责维护这些树木。这是曼谷市政府在指定区域内的另一座重要公园。,zh-CN,Thu Jul 10 2025 07:10:10 GMT-0700 (Pacific Daylight Time),Torpong Chiamtawongse,https://www.google.com/maps/reviews/data=!4m6!14m5!1m4!2m3!1sCi9DQUlRQUNvZENodHljRjlvT2s1clZuWkxhVkpmUW05dWFqSnlhbnBCVFhwamRtYxAB!2m1!1s0x30e2996680d62551:0xde6edbeecd9df23b
ChIJUSXWgGaZ4jARO_Kdze7bbt4,Mahakan Fort Park,ChdDSUhNMG9nS0VJQ0FnSUMzZ1ktdWxnRRAB,5.0,这座美丽的堡垒坐落在首都曼谷历史中心，毗邻曼谷一条风景如画的运河，将拉达那哥欣岛与城市的新兴区域分隔开来，堡垒旁最近还修建了一座焕然一新的公园。市政厅终于筹集到资金和人力，对这片美丽的区域进行重新绿化和修缮，真是太好了！,zh-CN,Thu Mar 27 2025 16:14:31 GMT-0700 (Pacific Daylight Time),V K,https://www.google.com/maps/reviews/data=!4m6!14m5!1m4!2m3!1sChdDSUhNMG9nS0VJQ0FnSUMzZ1ktdWxnRRAB!2m1!1s0x30e2996680d62551:0xde6edbeecd9df23b
ChIJUSXWgGaZ4jARO_Kdze7bbt4,Mahakan Fort Park,Ci9DQUlRQUNvZENodHljRjlvT2xCU1RucDZXVWxLUmxsd2VpMUJXSFE1Wm1OM2NsRRAB,5.0,Park and canals. A beautiful oasis under the Golden Mount temple.,en,Sat May 02 2026 13:17:55 GMT-0700 (Pacific Daylight Time),Daniel W,https://www.google.com/maps/reviews/data=!4m6!14m5!1m4!2m3!1sCi9DQUlRQUNvZENodHljRjlvT2xCU1RucDZXVWxLUmxsd2VpMUJXSFE1Wm1OM2NsRRAB!2m1!1s0x30e2996680d62551:0xde6edbeecd9df23b
ChIJZ8voZACZ4jARejPQWOYTv7A,King Rama IX (Bhumibol Adulyadej The Great) Memorial Park,Ci9DQUlRQUNvZENodHljRjlvT2xWVmNrMUtlVVJ2TTNScFoxVnNkVEpuTkc5RmRWRRAB,5.0,普密蓬·阿杜德国王陛下纪念公园 （原曼谷律实区南隆赛马场） 1. 开放状态 * 目前正在建设中，整体进度已超过80%。 * 预计将于2026年7月左右正式向公众开放。 * 目前尚未作为日常公共区域开放。1. 公园仅在不定期公布的重要节日开放，供公众进行宗教活动。 2. 项目亮点及特色 * 拉玛九世国王皇家纪念碑：位于公园中心，供公众进行宗教活动。 * 防洪区：旨在帮助管理水资源，缓解曼谷地区的洪涝灾害。 * 城市森林：种植了超过4500棵大型树木，体现了国王陛下“森林与水”的理念。 * 活动区：包括跑道、自行车道、河畔活动区、游乐场和健身区。 3. 交通与位置 * 位置：彭世洛路，素安吉拉达街道，律实郡。 * 火车：靠近耀玛拉特火车站。 * 未来交通：靠近耀玛拉特站，该站是橙线和深红线捷运的换乘站。 注：此处与素安銮拉玛九世公园（巴威郡）不同，后者每日开放。 --- 2026年4月29日 在吉拉达公园散步锻炼。远远地就看到了它；灯光很漂亮。夜晚的氛围很宜人。,zh-CN,Wed Apr 29 2026 11:05:03 GMT-0700 (Pacific Daylight Time),ปีเตอร์,https://www.google.com/maps/reviews/data=!4m6!14m5!1m4!2m3!1sCi9DQUlRQUNvZENodHljRjlvT2xWVmNrMUtlVVJ2TTNScFoxVnNkVEpuTkc5RmRWRRAB!2m1!1s0x30e2990064e8cb67:0xb0bf13e658d0337a
ChIJZ8voZACZ4jARejPQWOYTv7A,King Rama IX (Bhumibol Adulyadej The Great) Memorial Park,Ci9DQUlRQUNvZENodHljRjlvT210NFJYWlNielpIYkY5R1l6QmhVM05TU25OMU9GRRAB,5.0,我开车路过那里很多次了，也往里看过；看起来很适合跑步。我不确定它现在是否已经开放了。,zh-CN,Tue Dec 09 2025 20:51:20 GMT-0800 (Pacific Standard Time),Kreangkrai Tunwongsa,https://www.google.com/maps/reviews/data=!4m6!14m5!1m4!2m3!1sCi9DQUlRQUNvZENodHljRjlvT210NFJYWlNielpIYkY5R1l6QmhVM05TU25OMU9GRRAB!2m1!1s0x30e2990064e8cb67:0xb0bf13e658d0337a
ChIJZ8voZACZ4jARejPQWOYTv7A,King Rama IX (Bhumibol Adulyadej The Great) Memorial Park,Ci9DQUlRQUNvZENodHljRjlvT2xVeVQxWXdRVWxQVXpONVp6WlFZa2RuYlZoaE0xRRAB,5.0,位置优越,zh-CN,Sun May 31 2026 21:50:47 GMT-0700 (Pacific Daylight Time),Aston.J,https://www.google.com/maps/reviews/data=!4m6!14m5!1m4!2m3!1sCi9DQUlRQUNvZENodHljRjlvT2xVeVQxWXdRVWxQVXpONVp6WlFZa2RuYlZoaE0xRRAB!2m1!1s0x30e2990064e8cb67:0xb0bf13e658d0337a
ChIJZ8voZACZ4jARejPQWOYTv7A,King Rama IX (Bhumibol Adulyadej The Great) Memorial Park,Ci9DQUlRQUNvZENodHljRjlvT25aTFRHaExRbXRKV0VweE1YWlplVkJHVHpoQmFWRRAB,5.0,学习泰拳,zh-CN,Wed Feb 11 2026 05:16:15 GMT-0800 (Pacific Standard Time),bantak radio,https://www.google.com/maps/reviews/data=!4m6!14m5!1m4!2m3!1sCi9DQUlRQUNvZENodHljRjlvT25aTFRHaExRbXRKV0VweE1YWlplVkJHVHpoQmFWRRAB!2m1!1s0x30e2990064e8cb67:0xb0bf13e658d0337a
ChIJZ8voZACZ4jARejPQWOYTv7A,King Rama IX (Bhumibol Adulyadej The Great) Memorial Park,Ci9DQUlRQUNvZENodHljRjlvT25kMVRHTTJRMDg0ZEVsbVRrMUJXVEpUVGxaUlVtYxAB,5.0,,,Mon Aug 17 2026 04:16:59 GMT-0700 (Pacific Daylight Time),Tasha Kanjanapanyakom,https://www.google.com/maps/reviews/data=!4m6!14m5!1m4!2m3!1sCi9DQUlRQUNvZENodHljRjlvT25kMVRHTTJRMDg0ZEVsbVRrMUJXVEpUVGxaUlVtYxAB!2m1!1s0x30e2990064e8cb67:0xb0bf13e658d0337a
ChIJuyuYVgCZ4jARYCFdCDEop5k,Pub crawl monster Bangkok,Ci9DQUlRQUNvZENodHljRjlvT25GdFVtaFpYMG81V0ZWcE5UbHdkSGhCVEhCSFVWRRAB,5.0,参加这次酒吧巡游真是太棒了！🎉 不仅能免费畅饮，整晚啤酒还有折扣。最棒的是，你可以免费进入考山路附近四五家不同的酒吧和夜店，而且进去之后酒水价格也更便宜。气氛超级嗨，活力四射，也是结识来自世界各地新朋友的好机会。如果你想在曼谷度过一个精彩的夜晚，那这次酒吧巡游绝对值得一试！🍻,zh-CN,Sun Sep 21 2025 02:28:54 GMT-0700 (Pacific Daylight Time),Vicki Elia,https://www.google.com/maps/reviews/data=!4m6!14m5!1m4!2m3!1sCi9DQUlRQUNvZENodHljRjlvT25GdFVtaFpYMG81V0ZWcE5UbHdkSGhCVEhCSFVWRRAB!2m1!1s0x30e2990056982bbb:0x99a72831085d2160
ChIJuyuYVgCZ4jARYCFdCDEop5k,Pub crawl monster Bangkok,Ci9DQUlRQUNvZENodHljRjlvT25kTlFrMU1iMnRtZW5OQlNUbHJhakZKUzFKRUxWRRAB,5.0,参加 Pub Crawl Monster 真是太棒了！ 这是探索当地夜生活的绝佳方式。导游超级友好，确保每个人都能参与其中。我们去了热门景点和一些很棒的隐秘酒吧，还认识了很多新朋友。无论是独自旅行还是团体出行，都非常合适。强烈推荐！,zh-CN,Sun Feb 15 2026 01:58:50 GMT-0800 (Pacific Standard Time),Mam Jidanan,https://www.google.com/maps/reviews/data=!4m6!14m5!1m4!2m3!1sCi9DQUlRQUNvZENodHljRjlvT25kTlFrMU1iMnRtZW5OQlNUbHJhakZKUzFKRUxWRRAB!2m1!1s0x30e2990056982bbb:0x99a72831085d2160
ChIJuyuYVgCZ4jARYCFdCDEop5k,Pub crawl monster Bangkok,Ci9DQUlRQUNvZENodHljRjlvT2psdWJGRkZSVWhZUTBaQ1VYTlZRVUZhT0Mwek5uYxAB,5.0,超棒的体验！这趟酒吧之旅绝对是每个背包客来泰国必体验的项目。我强烈推荐！这里的氛围和热情友好的工作人员都非常棒。 我在这里玩得非常开心！希望你们也能玩得开心！,zh-CN,Thu Oct 02 2025 07:07:15 GMT-0700 (Pacific Daylight Time),Jelle Lübeck,https://www.google.com/maps/reviews/data=!4m6!14m5!1m4!2m3!1sCi9DQUlRQUNvZENodHljRjlvT2psdWJGRkZSVWhZUTBaQ1VYTlZRVUZhT0Mwek5uYxAB!2m1!1s0x30e2990056982bbb:0x99a72831085d2160
ChIJuyuYVgCZ4jARYCFdCDEop5k,Pub crawl monster Bangkok,Ci9DQUlRQUNvZENodHljRjlvT2kxTkxWOTVhblZmZGtVelpFaHJjVk51TjJWdFQyYxAB,5.0,感谢你们带给我那些难忘的夜晚。这是我经历过的最棒的酒吧之旅。,zh-CN,Sat Sep 20 2025 22:33:22 GMT-0700 (Pacific Daylight Time),Artidtaya Sangrasee,https://www.google.com/maps/reviews/data=!4m6!14m5!1m4!2m3!1sCi9DQUlRQUNvZENodHljRjlvT2kxTkxWOTVhblZmZGtVelpFaHJjVk51TjJWdFQyYxAB!2m1!1s0x30e2990056982bbb:0x99a72831085d2160
ChIJuyuYVgCZ4jARYCFdCDEop5k,Pub crawl monster Bangkok,Ci9DQUlRQUNvZENodHljRjlvT2xoWlJrMVFNakpoTWxsWmJqSjZZVXR1Vm1GNU0xRRAB,5.0,这是我第一次参加酒吧巡游，体验非常好，最重要的是，工作人员非常友善热情。,zh-CN,Sun Jun 21 2026 06:14:31 GMT-0700 (Pacific Daylight Time),uramexhi ’,https://www.google.com/maps/reviews/data=!4m6!14m5!1m4!2m3!1sCi9DQUlRQUNvZENodHljRjlvT2xoWlJrMVFNakpoTWxsWmJqSjZZVXR1Vm1GNU0xRRAB!2m1!1s0x30e2990056982bbb:0x99a72831085d2160
ChIJhQd6YxGZ4jARuyv9csz4aZ4,Jamadin St.,Ci9DQUlRQUNvZENodHljRjlvT21kcFVXbEJTMHM0V0RaUFluVnhaMkUyU1RRNVVIYxAB,5.0,金山寺,zh,Tue Apr 07 2026 10:58:06 GMT-0700 (Pacific Daylight Time),Lovely Banana,https://www.google.com/maps/reviews/data=!4m6!14m5!1m4!2m3!1sCi9DQUlRQUNvZENodHljRjlvT21kcFVXbEJTMHM0V0RaUFluVnhaMkUyU1RRNVVIYxAB!2m1!1s0x30e29911637a0785:0x9e69f8cc72fd2bbb
ChIJhQd6YxGZ4jARuyv9csz4aZ4,Jamadin St.,Ci9DQUlRQUNvZENodHljRjlvT2xwWWRERk9jMFZQT0dKVVlXZG5YelphT1haSU1WRRAB,5.0,氛围超棒的地方。我在那里待了四个小时。价格也很实惠，适合各种预算。门票只要100泰铢。,zh-CN,Mon Feb 02 2026 05:56:22 GMT-0800 (Pacific Standard Time),Мария Романовская,https://www.google.com/maps/reviews/data=!4m6!14m5!1m4!2m3!1sCi9DQUlRQUNvZENodHljRjlvT2xwWWRERk9jMFZQT0dKVVlXZG5YelphT1haSU1WRRAB!2m1!1s0x30e29911637a0785:0x9e69f8cc72fd2bbb
ChIJhQd6YxGZ4jARuyv9csz4aZ4,Jamadin St.,ChdDSUhNMG9nS0VJQ0FnTURnOWN5ZjNBRRAB,5.0,非常棒的体验！只要100泰铢，而且楼梯很容易爬😄350级台阶,zh-CN,Wed Feb 26 2025 02:58:06 GMT-0800 (Pacific Standard Time),Nino,https://www.google.com/maps/reviews/data=!4m6!14m5!1m4!2m3!1sChdDSUhNMG9nS0VJQ0FnTURnOWN5ZjNBRRAB!2m1!1s0x30e29911637a0785:0x9e69f8cc72fd2bbb
ChIJhQd6YxGZ4jARuyv9csz4aZ4,Jamadin St.,Ci9DQUlRQUNvZENodHljRjlvT2pGdmNXaHpPVlpDVTNoc1lWUnFabGRuWldoSmNuYxAB,5.0,Fantástica experiência adorei lindíssimo,pt,Wed Mar 25 2026 02:25:16 GMT-0700 (Pacific Daylight Time),Berta Garcia,https://www.google.com/maps/reviews/data=!4m6!14m5!1m4!2m3!1sCi9DQUlRQUNvZENodHljRjlvT2pGdmNXaHpPVlpDVTNoc1lWUnFabGRuWldoSmNuYxAB!2m1!1s0x30e29911637a0785:0x9e69f8cc72fd2bbb
ChIJhQd6YxGZ4jARuyv9csz4aZ4,Jamadin St.,ChdDSUhNMG9nS0VJQ0FnSUMxbG9MbV9BRRAB,5.0,"Remek kilátás fentről, nincs sok lépcső, könnyű felmenni.",hu,Thu Dec 28 2023 22:06:12 GMT-0800 (Pacific Standard Time),Gergő Sajben,https://www.google.com/maps/reviews/data=!4m6!14m5!1m4!2m3!1sChdDSUhNMG9nS0VJQ0FnSUMxbG9MbV9BRRAB!2m1!1s0x30e29911637a0785:0x9e69f8cc72fd2bbb
ChIJp96NEgCZ4jARGXzPmScLd5Q,New World Banglamphu,Ci9DQUlRQUNvZENodHljRjlvT2t4SFRUUkxSWFJUY2xwdlZXNDFWRTh3WkY5c2JuYxAB,5.0,这个都市传说指的是一座废弃的旧购物中心，通常出于安全原因而封闭，每年只开放一到两次举办艺术展览。如果你恰好在曼谷举办诸如曼谷设计周（BKKDW，每年举办一次）等公共活动期间身处曼谷，那么你或许有机会进去参观。,zh-CN,Tue Feb 03 2026 09:48:26 GMT-0800 (Pacific Standard Time),Charn Y,https://www.google.com/maps/reviews/data=!4m6!14m5!1m4!2m3!1sCi9DQUlRQUNvZENodHljRjlvT2t4SFRUUkxSWFJUY2xwdlZXNDFWRTh3WkY5c2JuYxAB!2m1!1s0x30e29900128ddea7:0x94770b2799cf7c19
ChIJp96NEgCZ4jARGXzPmScLd5Q,New World Banglamphu,Ci9DQUlRQUNvZENodHljRjlvT25kQ1dHaEpaR0Z1VTNCb00zZ3lRbTFKWW1WUFJuYxAB,5.0,展览将持续到3月31日。请从正门进入，然后前往废弃中心左侧的宾馆。门票每人200泰铢，但绝对物有所值。付款后五分钟，就有人来接待我们并带我们进去。,zh-CN,Wed Mar 11 2026 22:41:49 GMT-0700 (Pacific Daylight Time),Daniil Uryupin,https://www.google.com/maps/reviews/data=!4m6!14m5!1m4!2m3!1sCi9DQUlRQUNvZENodHljRjlvT25kQ1dHaEpaR0Z1VTNCb00zZ3lRbTFKWW1WUFJuYxAB!2m1!1s0x30e29900128ddea7:0x94770b2799cf7c19
ChIJp96NEgCZ4jARGXzPmScLd5Q,New World Banglamphu,Ci9DQUlRQUNvZENodHljRjlvT2xsZmVHbFZlbUprUTJ4MVJtSmhTRVJQTFhGZmVHYxAB,4.0,新世界（New World）是曼谷邦兰普路口的一家前购物中心和百货商店，从1983年营业至2004年。新世界与老城第二部分：2026曼谷设计周将展示另一个非常有趣且独具特色的地点。,zh-CN,Sat Jan 31 2026 17:49:20 GMT-0800 (Pacific Standard Time),anuwat Jack,https://www.google.com/maps/reviews/data=!4m6!14m5!1m4!2m3!1sCi9DQUlRQUNvZENodHljRjlvT2xsZmVHbFZlbUprUTJ4MVJtSmhTRVJQTFhGZmVHYxAB!2m1!1s0x30e29900128ddea7:0x94770b2799cf7c19
ChIJp96NEgCZ4jARGXzPmScLd5Q,New World Banglamphu,Ci9DQUlRQUNvZENodHljRjlvT2paRUxYRnFURU01U0ZNMlZYbHlRbUoyVGpKUExYYxAB,5.0,มาในช่วงของงาน BKKDW2026 งานข้างในสวยเลย มีค่าเข้าอยู่ที่คนละ 10 บาทค่ะ,th,Sat Feb 07 2026 18:14:06 GMT-0800 (Pacific Standard Time),TANAPORN K.,https://www.google.com/maps/reviews/data=!4m6!14m5!1m4!2m3!1sCi9DQUlRQUNvZENodHljRjlvT2paRUxYRnFURU01U0ZNMlZYbHlRbUoyVGpKUExYYxAB!2m1!1s0x30e29900128ddea7:0x94770b2799cf7c19
ChIJp96NEgCZ4jARGXzPmScLd5Q,New World Banglamphu,ChZDSUhNMG9nS0VJQ0FnTUNnenJpMFRREAE,5.0,这家位于曼谷邦兰普区、始建于20世纪80年代的著名百货公司，曾配备一部在当时堪称奢华的玻璃电梯。该百货公司于1983年开业，后因非法改建和部分建筑坍塌造成人员伤亡，于2004年永久关闭。上层建筑被拆除后，下层积水成池，成为蚊虫滋生的温床。当地居民想出了一个办法，往池子里放养鱼苗，鱼群数量逐渐增至数千条。这个池塘因此得名“王抹茶​​”（鱼塘），并引起了国际媒体的关注。许多人偷偷前往拍照，迫使曼谷市政府出于安全考虑禁止公众进入，并移除了鱼苗，排干了池水。 目前，该建筑正在进行翻新改造，将被改造成公共空间，但仍会举办各种活动。最近一次活动是2025年2月16日至23日举行的曼谷设计周，主题为“小食，大故事”，展示了邦兰普区著名的咸甜美食。 这座老建筑本身就蕴含着一段故事，拥有美丽的灯光和令人惊艳的纹理。任何热爱摄影的人都不容错过。,zh-CN,Sun Feb 23 2025 01:07:19 GMT-0800 (Pacific Standard Time),Chanin Makarukpinyo,https://www.google.com/maps/reviews/data=!4m6!14m5!1m4!2m3!1sChZDSUhNMG9nS0VJQ0FnTUNnenJpMFRREAE!2m1!1s0x30e29900128ddea7:0x94770b2799cf7c19
ChIJX0mUYQCZ4jARtlj3WomIYUw,วงเวียนหน้าวัดบวรนิเวศวิหาร,Ci9DQUlRQUNvZENodHljRjlvT2pNd1ZtdHRkVFZoVTNwTGFFWlJiRUkyVlhoUGEyYxAB,5.0,环岛已翻新，中央栽种了一棵灯心树，这棵树也因此得名。这里原是都电车站的所在地。目前地铁建设正在如火如荼地进行中。,zh-CN,Tue Dec 30 2025 01:03:34 GMT-0800 (Pacific Standard Time),THAI SANPO FUJII,https://www.google.com/maps/reviews/data=!4m6!14m5!1m4!2m3!1sCi9DQUlRQUNvZENodHljRjlvT2pNd1ZtdHRkVFZoVTNwTGFFWlJiRUkyVlhoUGEyYxAB!2m1!1s0x30e299006194495f:0x4c6188895af758b6
ChIJX0mUYQCZ4jARtlj3WomIYUw,วงเวียนหน้าวัดบวรนิเวศวิหาร,ChdDSUhNMG9nS0VJQ0FnTUNJbnFleWlnRRAB,5.0,不太确定该说些什么，我点击了我现在坐的这个位置，想着看看附近有什么景点。就我目前看到的景象来看，这里似乎是一个小镇广场，可以坐下来休息，周围绿树成荫。广场上还有一个小型游客信息咨询台。,zh-CN,Tue Apr 01 2025 23:48:32 GMT-0700 (Pacific Daylight Time),michael Green,https://www.google.com/maps/reviews/data=!4m6!14m5!1m4!2m3!1sChdDSUhNMG9nS0VJQ0FnTUNJbnFleWlnRRAB!2m1!1s0x30e299006194495f:0x4c6188895af758b6
ChIJX0mUYQCZ4jARtlj3WomIYUw,วงเวียนหน้าวัดบวรนิเวศวิหาร,Ci9DQUlRQUNvZENodHljRjlvT2s0MGRGQmhUR1JZY21zeU4yNWlMVFJ1Wmt0d1RtYxAB,5.0,喜欢,zh-CN,Tue Mar 03 2026 04:48:04 GMT-0800 (Pacific Standard Time),Ae Lita,https://www.google.com/maps/reviews/data=!4m6!14m5!1m4!2m3!1sCi9DQUlRQUNvZENodHljRjlvT2s0MGRGQmhUR1JZY21zeU4yNWlMVFJ1Wmt0d1RtYxAB!2m1!1s0x30e299006194495f:0x4c6188895af758b6
ChIJX0mUYQCZ4jARtlj3WomIYUw,วงเวียนหน้าวัดบวรนิเวศวิหาร,ChZDSUhNMG9nS0VJQ0FnTUN3LUlqcWNREAE,5.0,👍,zh-CN,Fri Nov 28 2025 18:46:24 GMT-0800 (Pacific Standard Time),Kumtorn Gmail,https://www.google.com/maps/reviews/data=!4m6!14m5!1m4!2m3!1sChZDSUhNMG9nS0VJQ0FnTUN3LUlqcWNREAE!2m1!1s0x30e299006194495f:0x4c6188895af758b6
ChIJX0mUYQCZ4jARtlj3WomIYUw,วงเวียนหน้าวัดบวรนิเวศวิหาร,Ci9DQUlRQUNvZENodHljRjlvT21wc1VFaHlXbFZ5VUhFNFpqUkxaR2t0YWtKTk1rRRAB,3.0,与出租车司机碰面的好地点,zh-CN,Wed Jan 14 2026 07:25:05 GMT-0800 (Pacific Standard Time),Eyal Achdut,https://www.google.com/maps/reviews/data=!4m6!14m5!1m4!2m3!1sCi9DQUlRQUNvZENodHljRjlvT21wc1VFaHlXbFZ5VUhFNFpqUkxaR2t0YWtKTk1rRRAB!2m1!1s0x30e299006194495f:0x4c6188895af758b6
ChIJGe2dNRSZ4jARXs-hTwCQmFI,Rattanakosin Exhibition Hall,ChdDSUhNMG9nS0VJQ0FnSURyd0xEZzVRRRAB,5.0,我觉得这是必须要去的地方，可以很好地了解泰国文化，国王的经历，历史的发展。 里面的工作人员非常专业，很有礼貌，非常耐心地全程英文陪同讲解。 有时还会有学校组织过来参观。 全程分为2场，每场2小时，中间休息可以去里面买饮料和零食。价格不贵。,zh,Fri Jul 12 2024 12:17:51 GMT-0700 (Pacific Daylight Time),G “axiba” A,https://www.google.com/maps/reviews/data=!4m6!14m5!1m4!2m3!1sChdDSUhNMG9nS0VJQ0FnSURyd0xEZzVRRRAB!2m1!1s0x30e29914359ded19:0x529890004fa1cf5e
ChIJGe2dNRSZ4jARXs-hTwCQmFI,Rattanakosin Exhibition Hall,ChZDSUhNMG9nS0VJQ0FnSUNnOWRyNFJBEAE,5.0,很棒的了解曼谷历史的地方，真挺特别多，工作人员也很周到。喜欢历史，英语还凑合的，强力推荐这个地方。尤其是在外边热坏了，来这里凉快的玩一下午。只是给我们自由看的时间有些短。全程英语解说，门票也不贵。建议增加中文的解说。,zh,Sat May 12 2018 01:40:06 GMT-0700 (Pacific Daylight Time),yesuisoccupied,https://www.google.com/maps/reviews/data=!4m6!14m5!1m4!2m3!1sChZDSUhNMG9nS0VJQ0FnSUNnOWRyNFJBEAE!2m1!1s0x30e29914359ded19:0x529890004fa1cf5e
ChIJGe2dNRSZ4jARXs-hTwCQmFI,Rattanakosin Exhibition Hall,ChZDSUhNMG9nS0VJQ0FnSURBcl96bFpnEAE,5.0,了解泰国曼谷王朝历史和宫廷生活的不二选择。,zh,Tue Nov 08 2016 13:41:48 GMT-0800 (Pacific Standard Time),hia chang,https://www.google.com/maps/reviews/data=!4m6!14m5!1m4!2m3!1sChZDSUhNMG9nS0VJQ0FnSURBcl96bFpnEAE!2m1!1s0x30e29914359ded19:0x529890004fa1cf5e
ChIJGe2dNRSZ4jARXs-hTwCQmFI,Rattanakosin Exhibition Hall,ChZDSUhNMG9nS0VJQ0FnSURvcjdpVVBREAE,5.0,一个非常好的历史博物馆 整个曼谷王朝的历史文化,zh,Tue Mar 26 2019 05:10:50 GMT-0700 (Pacific Daylight Time),feng shuping,https://www.google.com/maps/reviews/data=!4m6!14m5!1m4!2m3!1sChZDSUhNMG9nS0VJQ0FnSURvcjdpVVBREAE!2m1!1s0x30e29914359ded19:0x529890004fa1cf5e
ChIJGe2dNRSZ4jARXs-hTwCQmFI,Rattanakosin Exhibition Hall,ChdDSUhNMG9nS0VJQ0FnSUNNN2RPUjBnRRAB,5.0,非常好,zh,Sun Dec 01 2019 01:15:40 GMT-0800 (Pacific Standard Time),xuan miao,https://www.google.com/maps/reviews/data=!4m6!14m5!1m4!2m3!1sChdDSUhNMG9nS0VJQ0FnSUNNN2RPUjBnRRAB!2m1!1s0x30e29914359ded19:0x529890004fa1cf5e
ChIJe9rSRiSZ4jARFK2uhwNSd3g,ศูนย์การเรียนรู้ประชาธิปไตย,ChZDSUhNMG9nS0VJQ0FnSUM3eXB6dlRBEAE,5.0,免费博物馆，一个外国人都没有，但是正好遇上泰国当地学生团来参观！ 比想像中还惊艳，里面介绍的很详细，可以认识泰国民主化的过程，还可以看到很多当年的照片，而且都有文字解释，可以学到很多！ 里面冷气很凉。 我查的一些资料： Bowring Treaty 宝宁条约 Central Powers 一战同盟国 Allies 一战协约国 Khana Ratsadon 人民党 coalition government 联合政府 Phraya Phahonphonphayuhasena 披耶帕凤·丰派育哈色纳上将(第2任总理） Pibulsongkram 銮披汶·颂堪 Khuang Aphaiwong 宽·阿派旺（第4任总理） 1932年6月24日 暹罗立宪革命，泰国转为君主立宪制，之后成立泰国人民党。 拉达那哥欣王国，用以称呼却克里王朝统治时期内的君主专制政权。 这一时期的权力中心曼谷大王宫位于曼谷拉达那哥欣岛，因而得名。其从1782年拉玛一世建立却克里王朝开始，至1932年暹罗立宪革命止，共150年。 6月27日国王在曼谷签署了人民党起草的临时宪法。 沙立·他那叻 Sarit Thanarat 陆军元帅，独裁者。 1957年9月发动政变，推翻了銮披汶·颂堪政府，同时他的健康严重恶化飞往美国治疗，由副总理他侬·吉滴卡宗领导政府。 朱拉隆功任国王时禁止的王室跪拜礼也在此时期恢复。,zh-CN,Wed Aug 14 2024 09:52:55 GMT-0700 (Pacific Daylight Time),河,https://www.google.com/maps/reviews/data=!4m6!14m5!1m4!2m3!1sChZDSUhNMG9nS0VJQ0FnSUM3eXB6dlRBEAE!2m1!1s0x30e2992446d2da7b:0x7877520387aead14
ChIJe9rSRiSZ4jARFK2uhwNSd3g,ศูนย์การเรียนรู้ประชาธิปไตย,ChdDSUhNMG9nS0VJQ0FnSURIMU8yWm93RRAB,5.0,它紧邻另一家博物馆，免费入场，并提供不错的泰语和英语信息。这里也适合儿童进行一些互动体验，本地人和外国人均可免费入场。虽然可能不是每个人都喜欢，但如果你正好在附近遇到下雨天，这里强劲的空调会让你感觉很舒服。,zh-CN,Thu Sep 12 2024 20:39:34 GMT-0700 (Pacific Daylight Time),Mathew Fedley,https://www.google.com/maps/reviews/data=!4m6!14m5!1m4!2m3!1sChdDSUhNMG9nS0VJQ0FnSURIMU8yWm93RRAB!2m1!1s0x30e2992446d2da7b:0x7877520387aead14
ChIJe9rSRiSZ4jARFK2uhwNSd3g,ศูนย์การเรียนรู้ประชาธิปไตย,ChdDSUhNMG9nS0VJQ0FnSURweHBXaW93RRAB,5.0,我们一家人偶然发现了民主学习中心——真是个幸运的意外！当时我们正要去金庙，我丈夫在地图上看到帕拉迪波国王博物馆就在附近。我们拐进了这个中心所在的小角落，还以为已经到了博物馆（其实博物馆就在拐角处）。 这里免费入场，而且是完全互动式的体验。展品吸引了我四个孩子（8岁、11岁、13岁和15岁）的全部注意力。我也从中了解了很多关于泰国历史和政府的知识。我们在这里待了一个小时左右，而且是唯一的参观者。相比之下，之后我们只花了大约15分钟就逛完了（历史更悠久的）帕拉迪波国王博物馆。 我强烈推荐大家来这里！,zh-CN,Sun Aug 20 2023 18:14:41 GMT-0700 (Pacific Daylight Time),Jessica Smits,https://www.google.com/maps/reviews/data=!4m6!14m5!1m4!2m3!1sChdDSUhNMG9nS0VJQ0FnSURweHBXaW93RRAB!2m1!1s0x30e2992446d2da7b:0x7877520387aead14
ChIJe9rSRiSZ4jARFK2uhwNSd3g,ศูนย์การเรียนรู้ประชาธิปไตย,ChdDSUhNMG9nS0VJQ0FnSUNKb2E3TjdnRRAB,5.0,我印象非常深刻。这真是一座很棒的博物馆，它讲述了这个国家从君主专制时期到今天的全貌。 入场免费，工作人员热情友好，乐于助人。,zh-CN,Wed Jun 28 2023 12:39:07 GMT-0700 (Pacific Daylight Time),lhingie,https://www.google.com/maps/reviews/data=!4m6!14m5!1m4!2m3!1sChdDSUhNMG9nS0VJQ0FnSUNKb2E3TjdnRRAB!2m1!1s0x30e2992446d2da7b:0x7877520387aead14
ChIJe9rSRiSZ4jARFK2uhwNSd3g,ศูนย์การเรียนรู้ประชาธิปไตย,ChdDSUhNMG9nS0VJQ0FnSUMtbFlLcGlBRRAB,5.0,快来参观吧！这个中心设计精良，简单易懂，充满乐趣，一点也不枯燥！👍😊👏,zh-CN,Wed Nov 09 2022 01:43:30 GMT-0800 (Pacific Standard Time),Prasong Owatsak,https://www.google.com/maps/reviews/data=!4m6!14m5!1m4!2m3!1sChdDSUhNMG9nS0VJQ0FnSUMtbFlLcGlBRRAB!2m1!1s0x30e2992446d2da7b:0x7877520387aead14
ChIJyRIIMnOZ4jARvTenBpOAZbc,Office of National Museums,ChdDSUhNMG9nS0VJQ0FnSUMtM19UVTNnRRAB,5.0,展现了泰国的独特历史,zh,Tue Nov 22 2022 06:13:51 GMT-0800 (Pacific Standard Time),L. LV (Freedom is not free.),https://www.google.com/maps/reviews/data=!4m6!14m5!1m4!2m3!1sChdDSUhNMG9nS0VJQ0FnSUMtM19UVTNnRRAB!2m1!1s0x30e29973320812c9:0xb765809306a737bd
ChIJyRIIMnOZ4jARvTenBpOAZbc,Office of National Museums,Ci9DQUlRQUNvZENodHljRjlvT2w5cmFYTldlRkpaY21WdlIxWlhiMkY2ZDFRd2NHYxAB,3.0,หน่วยงานหลักของกรมศิลปากร อยู่ติดกับหอสมุทรแห่งชาติ เทเวศ์ มีศูนย์หนังสือของกรมศิลปากรอยู่ด้านหน้า แผนกพัสดุ ที่ขายของที่ระลึกอยู่ชั้น 3 แลกบัตร ลงชื่อแล้วขึ้นไปได้,th,Thu Jan 01 2026 09:35:26 GMT-0800 (Pacific Standard Time),savada shin,https://www.google.com/maps/reviews/data=!4m6!14m5!1m4!2m3!1sCi9DQUlRQUNvZENodHljRjlvT2w5cmFYTldlRkpaY21WdlIxWlhiMkY2ZDFRd2NHYxAB!2m1!1s0x30e29973320812c9:0xb765809306a737bd
ChIJyRIIMnOZ4jARvTenBpOAZbc,Office of National Museums,ChdDSUhNMG9nS0VJQ0FnSUMyaWFleXR3RRAB,5.0,这个历史遗址位于玉佛寺和大皇宫对面，是西那空大学塔帕宫建筑群的一部分。如果您对拉达那哥欣王朝早期历史和建筑感兴趣，那么这里绝对值得一游。它既美丽又富有教育意义。,zh-CN,Sun Apr 24 2022 00:45:08 GMT-0700 (Pacific Daylight Time),MercedesLover29,https://www.google.com/maps/reviews/data=!4m6!14m5!1m4!2m3!1sChdDSUhNMG9nS0VJQ0FnSUMyaWFleXR3RRAB!2m1!1s0x30e29973320812c9:0xb765809306a737bd
ChIJyRIIMnOZ4jARvTenBpOAZbc,Office of National Museums,ChZDSUhNMG9nS0VJQ0FnSURad3RIOGZBEAE,5.0,既然我是来参加会议的，就让我拍一张象头神伽内什的照片吧。,zh-CN,Thu Sep 28 2023 00:07:13 GMT-0700 (Pacific Daylight Time),Boonlert Aroonpiboon,https://www.google.com/maps/reviews/data=!4m6!14m5!1m4!2m3!1sChZDSUhNMG9nS0VJQ0FnSURad3RIOGZBEAE!2m1!1s0x30e29973320812c9:0xb765809306a737bd
ChIJyRIIMnOZ4jARvTenBpOAZbc,Office of National Museums,Ci9DQUlRQUNvZENodHljRjlvT2xCUVYySlVabnBHV0hZdGRtdDRVVlI1YzI5QlRVRRAB,1.0,这不是博物馆，而是一座行政大楼……多亏了谷歌……,zh-CN,Wed Sep 24 2025 05:43:51 GMT-0700 (Pacific Daylight Time),treasure hunter5613,https://www.google.com/maps/reviews/data=!4m6!14m5!1m4!2m3!1sCi9DQUlRQUNvZENodHljRjlvT2xCUVYySlVabnBHV0hZdGRtdDRVVlI1YzI5QlRVRRAB!2m1!1s0x30e29973320812c9:0xb765809306a737bd
ChIJbVcYpGyZ4jARmLarY8YEtx0,The Museum & Library of Abbots of Wat Bovoranives Vihara,Ci9DQUlRQUNvZENodHljRjlvT21kaVoyeFliamxmVEdjeWFuaExNMmhHVkVKa2RXYxAB,5.0,博物馆建筑位于寺庙旁，展示了博翁寺的佛教历史。 一位工作人员前来提供指导。欢迎有兴趣开展研究项目的人士前来咨询。 一楼收藏了历代住持的法扇（塔拉帕特拉），其中包括一些重要活动的纪念扇。 此外，这里还陈列着一些刻有佛经的布匹，工作人员解释说这些布匹是由村民捐赠的。在过去，布匹被视为珍贵的传家宝。还有许多布匹至今仍存放于库房中（此处未列出）。 二楼和三楼展出了各种活动的纪念用具，包括盘子、碗和钵盂盖。顶楼陈列着帕克林帕瓦雷佛牌。 无需门票。,zh-CN,Sun Jun 14 2026 04:46:02 GMT-0700 (Pacific Daylight Time),YSG,https://www.google.com/maps/reviews/data=!4m6!14m5!1m4!2m3!1sCi9DQUlRQUNvZENodHljRjlvT21kaVoyeFliamxmVEdjeWFuaExNMmhHVkVKa2RXYxAB!2m1!1s0x30e2996ca418576d:0x1db704c663abb698
ChIJbVcYpGyZ4jARmLarY8YEtx0,The Museum & Library of Abbots of Wat Bovoranives Vihara,Ci9DQUlRQUNvZENodHljRjlvT2sxc1JXWnhiQzFhV0dGc2FUQjNaM2RVVGw5V1EzYxAB,5.0,这里有一个展览，绝对值得您抽出时间去参观聆听……任何想要了解更多关于瓦博翁尼维寺、历代僧王以及帕克林帕瓦雷佛牌的人，都能在这里看到和体验到其他地方难得一见的景象……工作人员的讲解也非常清晰透彻，知识渊博…… 展览仅在2026年1月11日之前的每个星期五、星期六和星期日开放。,zh-CN,Wed Dec 17 2025 22:06:21 GMT-0800 (Pacific Standard Time),นาย มอง ผ่านเลนส์,https://www.google.com/maps/reviews/data=!4m6!14m5!1m4!2m3!1sCi9DQUlRQUNvZENodHljRjlvT2sxc1JXWnhiQzFhV0dGc2FUQjNaM2RVVGw5V1EzYxAB!2m1!1s0x30e2996ca418576d:0x1db704c663abb698
ChIJbVcYpGyZ4jARmLarY8YEtx0,The Museum & Library of Abbots of Wat Bovoranives Vihara,Ci9DQUlRQUNvZENodHljRjlvT25GVU1VRklOMll0VURNMllVZEpWbTVYU0hWZlVWRRAB,5.0,位于静谧的博沃拉尼维寺（Wat Bovoranives Vihara）内，住持博物馆及图书馆是泰国精神和皇室历史的宝库。这座精心布置的博物馆为参观者提供了难得的机会，得以一窥泰国历代君主和受人尊敬的住持所使用的法器、圣物和个人物品，每一件都蕴含着丰富的文化和宗教意义。 博物馆的展品维护细致，陈列巧妙，让参观者能够细细品味每件展品的工艺、象征意义和历史背景。从法衣到古代手稿，再到佛教仪式中使用的神圣器具，馆藏反映了几个世纪以来人们的虔诚信仰和传统。 博物馆最引人注目之处在于，它收藏了一些泰国佛教中最珍贵、最具精神意义的物品，让所有参观者都有机会在这些神圣的圣物面前祈祷，使参观体验不仅具有教育意义，更充满精神上的震撼。,zh-CN,Mon Jun 23 2025 21:23:18 GMT-0700 (Pacific Daylight Time),Krisana Varanyuwatana,https://www.google.com/maps/reviews/data=!4m6!14m5!1m4!2m3!1sCi9DQUlRQUNvZENodHljRjlvT25GVU1VRklOMll0VURNMllVZEpWbTVYU0hWZlVWRRAB!2m1!1s0x30e2996ca418576d:0x1db704c663abb698
ChIJbVcYpGyZ4jARmLarY8YEtx0,The Museum & Library of Abbots of Wat Bovoranives Vihara,ChdDSUhNMG9nS0VJQ0FnSUNfaU1UXzhnRRAB,5.0,这座寺庙美丽而干净。所有志愿者都热情友好，让我倍感亲切。他们经常组织各种活动，我参加过几次讲座，其中一次是关于泰国猫和寺庙历史的。我推荐大家来这里散步、拍照，并积德行善。,zh-CN,Sat Jan 11 2025 22:52:43 GMT-0800 (Pacific Standard Time),palmy caty,https://www.google.com/maps/reviews/data=!4m6!14m5!1m4!2m3!1sChdDSUhNMG9nS0VJQ0FnSUNfaU1UXzhnRRAB!2m1!1s0x30e2996ca418576d:0x1db704c663abb698
ChIJbVcYpGyZ4jARmLarY8YEtx0,The Museum & Library of Abbots of Wat Bovoranives Vihara,ChZDSUhNMG9nS0VJQ0FnSURYMnBqMVJnEAE,5.0,位于马努什亚纳卡维塔亚坦大楼的“博翁尼维寺住持博物馆及图书馆”旨在收集并展示博翁尼维寺历任住持的生平、成就、文物及个人物品，从首任住持拉玛四世国王（当时他还是僧侣）到现任住持。虽然藏品并非全部，但足以让参观者深入了解每位住持，并成为宝贵的学习资源，激励他们为保护和传承国家珍贵的艺术和文化贡献力量。,zh-CN,Sat Oct 26 2024 01:54:53 GMT-0700 (Pacific Daylight Time),Bird Byrd,https://www.google.com/maps/reviews/data=!4m6!14m5!1m4!2m3!1sChZDSUhNMG9nS0VJQ0FnSURYMnBqMVJnEAE!2m1!1s0x30e2996ca418576d:0x1db704c663abb698
ChIJSy0WhuGZ4jARKpf3kEOFMIU,พิพิธภัณฑ์การศึกษาไทย,Ci9DQUlRQUNvZENodHljRjlvT2t0eFpUTmZVa2hqTlhBd09VSlZYemxwZGxORk5sRRAB,5.0,位于曼谷历史悠久的拉差旺洛大厦内的教育部博物馆，是泰国教育发展历程中极具象征意义的珍贵档案。该建筑最初由朱拉隆功国王（拉玛五世）于1909年左右建造，作为王储哇集拉伍德（后来的拉玛六世）的住所，也是规模宏大的占塔拉卡森宫建筑群的一部分。其建筑风格融合了欧洲新古典主义设计和泰国装饰元素。 数十年来，这座建筑经历了从皇家住所到医务室，再到泰国传统音乐和表演艺术中心的转变，最终于1937年成为公共教育部（1941年更名为教育部）的总部。2016年，泰国皇家财产管理局、艺术厅和哇集拉伍德国王纪念基金会联合开展了一项大规模的修复工程，以保护建筑的结构和象征意义。该博物馆于2019年8月由玛哈·扎克里·诗琳通公主殿下正式揭幕。 博物馆的展品按照时间顺序排列，引导参观者了解泰国教育的发展历程，从素可泰时代开始，一直延续到当代的政策框架。馆藏档案资料包括皇家法令、课程教具、教学工具以及塑造泰国教育理念的君主画像。其中一个展厅着重展示课堂环境的演变，展出教科书、教学辅助用品以及历史学习空间的复原模型。另一个展厅则颂扬教师作为文化守护者的角色，展出他们的个人物品、奖项以及口述历史，彰显他们对国家发展的贡献。互动区域邀请参观者通过数字档案、沉浸式故事舱和触觉展品，深入了解各种教育理念。 该机构并非普通的博物馆，而是专注于档案研究，记录泰国教育如何受到皇家愿景、行政改革和不断发展的教学实践的影响。它以制度和政策为导向，为参观者提供了一个系统化的视角，深入了解国家课程、教师发展和国家主导的学习计划背后的机制。博物馆坐落于一座充满历史意义的建筑内，这进一步强化了它作为一座公共纪念碑和泰国教育治理历史记忆库的双重角色。,zh-CN,Thu Mar 12 2026 06:52:04 GMT-0700 (Pacific Daylight Time),The Traveling Pug,https://www.google.com/maps/reviews/data=!4m6!14m5!1m4!2m3!1sCi9DQUlRQUNvZENodHljRjlvT2t0eFpUTmZVa2hqTlhBd09VSlZYemxwZGxORk5sRRAB!2m1!1s0x30e299e186162d4b:0x8530854390f7972a
ChIJSy0WhuGZ4jARKpf3kEOFMIU,พิพิธภัณฑ์การศึกษาไทย,ChZDSUhNMG9nS0VJQ0FnSUR2OHFXVkdREAE,5.0,免费入场。周一至周五，上午 8:30 至下午 4:30 开放，公共假期除外。博物馆位于拉差瓦洛普大楼内，展示了泰国教育的历史，并展出了泰国第一本教科书《金达玛尼》。展览内容丰富，极具教育意义。,zh-CN,Wed Dec 18 2024 23:40:39 GMT-0800 (Pacific Standard Time),อมรรัตน์ กองสุทธิ์ใจ,https://www.google.com/maps/reviews/data=!4m6!14m5!1m4!2m3!1sChZDSUhNMG9nS0VJQ0FnSUR2OHFXVkdREAE!2m1!1s0x30e299e186162d4b:0x8530854390f7972a
ChIJSy0WhuGZ4jARKpf3kEOFMIU,พิพิธภัณฑ์การศึกษาไทย,ChdDSUhNMG9nS0VJQ0FnSURNXzlqQm1nRRAB,5.0,这是一个非常有趣且富有教育意义的博物馆，馆内图书馆藏书丰富，工作人员也非常友好热情。,zh-CN,Fri Jan 17 2020 10:03:06 GMT-0800 (Pacific Standard Time),Trisorn Triboon (Tri),https://www.google.com/maps/reviews/data=!4m6!14m5!1m4!2m3!1sChdDSUhNMG9nS0VJQ0FnSURNXzlqQm1nRRAB!2m1!1s0x30e299e186162d4b:0x8530854390f7972a
ChIJSy0WhuGZ4jARKpf3kEOFMIU,พิพิธภัณฑ์การศึกษาไทย,ChdDSUhNMG9nS0VJQ0FnSUNuN3R2OTlBRRAB,5.0,感谢这个地方，它至今仍保留着自身的价值，让后代能够欣赏和学习泰文。,zh-CN,Thu Sep 26 2024 01:09:23 GMT-0700 (Pacific Daylight Time),wimpwipa yuttisan,https://www.google.com/maps/reviews/data=!4m6!14m5!1m4!2m3!1sChdDSUhNMG9nS0VJQ0FnSUNuN3R2OTlBRRAB!2m1!1s0x30e299e186162d4b:0x8530854390f7972a
ChIJCwSNuZuZ4jARmpVVVaAcUWM,Baan Nang Loeng,ChZDSUhNMG9nS0VJQ0FnSUN2NWRDLVJ3EAE,4.0,我一行人来到这里，受到了非常热情的接待，在没有预约的情况下，他们带我们参观并做了一些讲解。我们很幸运，因为那里并非总是有人值守。这很可惜，因为它是南隆文化遗产的重要见证。,zh-CN,Thu Dec 12 2024 18:17:57 GMT-0800 (Pacific Standard Time),marion milliet,https://www.google.com/maps/reviews/data=!4m6!14m5!1m4!2m3!1sChZDSUhNMG9nS0VJQ0FnSUN2NWRDLVJ3EAE!2m1!1s0x30e2999bb98d040b:0x63511ca05555959a
ChIJCwSNuZuZ4jARmpVVVaAcUWM,Baan Nang Loeng,ChZDSUhNMG9nS0VJQ0FnSUNObEpyMUZREAE,5.0,你依然像以前一样美丽。,zh-CN,Fri Jan 12 2024 01:04:42 GMT-0800 (Pacific Standard Time),Prince nattapon Martburoom,https://www.google.com/maps/reviews/data=!4m6!14m5!1m4!2m3!1sChZDSUhNMG9nS0VJQ0FnSUNObEpyMUZREAE!2m1!1s0x30e2999bb98d040b:0x63511ca05555959a
ChIJCwSNuZuZ4jARmpVVVaAcUWM,Baan Nang Loeng,Ci9DQUlRQUNvZENodHljRjlvT2pGblUzY3dkakl4TFY4eE5ITk9ZbnB5TW5JelgyYxAB,5.0,,,Sat Jul 26 2025 20:58:39 GMT-0700 (Pacific Daylight Time),ชื่อ นาน,https://www.google.com/maps/reviews/data=!4m6!14m5!1m4!2m3!1sCi9DQUlRQUNvZENodHljRjlvT2pGblUzY3dkakl4TFY4eE5ITk9ZbnB5TW5JelgyYxAB!2m1!1s0x30e2999bb98d040b:0x63511ca05555959a
ChIJCwSNuZuZ4jARmpVVVaAcUWM,Baan Nang Loeng,ChdDSUhNMG9nS0VJQ0FnSUNKcWFxS21RRRAB,5.0,,,Thu Jun 29 2023 22:03:02 GMT-0700 (Pacific Daylight Time),ต้า ยังเขียวสด,https://www.google.com/maps/reviews/data=!4m6!14m5!1m4!2m3!1sChdDSUhNMG9nS0VJQ0FnSUNKcWFxS21RRRAB!2m1!1s0x30e2999bb98d040b:0x63511ca05555959a
ChIJW6dIDhWZ4jARS2gURqMBgH4,王后画廊,Ci9DQUlRQUNvZENodHljRjlvT2xSbFZGVlJRbVUwT0ZaSmVrMVhSbWR4VlhkMlpFRRAB,5.0,非常非常愉快的体验 有4层 每一幅作品认真审视的话可以看1-2h 前台小姐姐也很健谈,zh,Wed Apr 22 2026 18:00:31 GMT-0700 (Pacific Daylight Time),Young Fisher,https://www.google.com/maps/reviews/data=!4m6!14m5!1m4!2m3!1sCi9DQUlRQUNvZENodHljRjlvT2xSbFZGVlJRbVUwT0ZaSmVrMVhSbWR4VlhkMlpFRRAB!2m1!1s0x30e299150e48a75b:0x7e8001a34614684b
ChIJW6dIDhWZ4jARS2gURqMBgH4,王后画廊,ChZDSUhNMG9nS0VJQ0FnSURuazRTdU1nEAE,4.0,并不是特别当代风格的画廊，韩国游客好像很多，里面有韩语的介绍，门票50baht,zh,Wed Oct 09 2024 07:42:24 GMT-0700 (Pacific Daylight Time),徐雷,https://www.google.com/maps/reviews/data=!4m6!14m5!1m4!2m3!1sChZDSUhNMG9nS0VJQ0FnSURuazRTdU1nEAE!2m1!1s0x30e299150e48a75b:0x7e8001a34614684b
ChIJW6dIDhWZ4jARS2gURqMBgH4,王后画廊,ChZDSUhNMG9nS0VJQ0FnSUNwdE9TTlJBEAE,5.0,昨晚，晚饭后去看了一个关于植物的水彩战略安全。,zh,Sat Jul 29 2023 07:36:51 GMT-0700 (Pacific Daylight Time),yang yang,https://www.google.com/maps/reviews/data=!4m6!14m5!1m4!2m3!1sChZDSUhNMG9nS0VJQ0FnSUNwdE9TTlJBEAE!2m1!1s0x30e299150e48a75b:0x7e8001a34614684b
ChIJW6dIDhWZ4jARS2gURqMBgH4,王后画廊,ChdDSUhNMG9nS0VJQ0FnSUNVdzgtdXdBRRAB,5.0,皇后画廊👸艺术展览馆🎨,zh,Fri Aug 02 2019 22:11:45 GMT-0700 (Pacific Daylight Time),Jonah Chan,https://www.google.com/maps/reviews/data=!4m6!14m5!1m4!2m3!1sChdDSUhNMG9nS0VJQ0FnSUNVdzgtdXdBRRAB!2m1!1s0x30e299150e48a75b:0x7e8001a34614684b
ChIJW6dIDhWZ4jARS2gURqMBgH4,王后画廊,ChdDSUhNMG9nS0VJQ0FnSUR2OXE2cjRRRRAB,1.0,破地方太差了别去,zh,Fri Dec 20 2024 03:54:48 GMT-0800 (Pacific Standard Time),tong huo,https://www.google.com/maps/reviews/data=!4m6!14m5!1m4!2m3!1sChdDSUhNMG9nS0VJQ0FnSUR2OXE2cjRRRRAB!2m1!1s0x30e299150e48a75b:0x7e8001a34614684b
ChIJvd4g-0uZ4jARlmWmh6A1R5k,Storage Art Space,ChdDSUhNMG9nS0VJQ0FnSUQxbTlyQ2pRRRAB,5.0,这家画廊不太好找。如果你找到了Decommune俱乐部，然后从俱乐部后面左转，画廊就在这栋老楼的三楼。在那里你可以体验到独立艺术的魅力。,zh-CN,Wed Jan 10 2024 02:12:05 GMT-0800 (Pacific Standard Time),Mijeong Jeon,https://www.google.com/maps/reviews/data=!4m6!14m5!1m4!2m3!1sChdDSUhNMG9nS0VJQ0FnSUQxbTlyQ2pRRRAB!2m1!1s0x30e2994bfb20debd:0x994735a087a66596
ChIJvd4g-0uZ4jARlmWmh6A1R5k,Storage Art Space,Ci9DQUlRQUNvZENodHljRjlvT21kcVJtaEtjR3A0VmtwRVNUaG1lRWMwVGxOMmEyYxAB,5.0,,,Mon Jun 30 2025 07:53:42 GMT-0700 (Pacific Daylight Time),copygeniusful,https://www.google.com/maps/reviews/data=!4m6!14m5!1m4!2m3!1sCi9DQUlRQUNvZENodHljRjlvT21kcVJtaEtjR3A0VmtwRVNUaG1lRWMwVGxOMmEyYxAB!2m1!1s0x30e2994bfb20debd:0x994735a087a66596
ChIJSUyBWQCZ4jARtQykUR0nE20,Sané Phuthong,ChZDSUhNMG9nS0VJQ0FnSUNaeS1UWEt3EAE,4.0,这家咖啡馆位于老城区运河边的一栋泰式联排别墅内，是寻求安静场所放松身心或用笔记本电脑办公的理想之选。这里氛围宁静祥和，咖啡品质上乘，价格也相当合理。糕点都是新鲜出炉的，不过我的牛角包里的火腿似乎有点烤过头了，味道还可以更好一些。如果想欣赏运河的迷人景色，建议下午凉爽的时候来。楼上还有更多座位，内部装潢也很漂亮。我唯一建议的是，如果菜单能更简洁一些，或许能吸引更多顾客。尽管如此，这里的服务依然热情友好，我还是会推荐大家来这家迷人的咖啡馆体验一番。,zh-CN,Sun Sep 17 2023 23:14:08 GMT-0700 (Pacific Daylight Time),HL,https://www.google.com/maps/reviews/data=!4m6!14m5!1m4!2m3!1sChZDSUhNMG9nS0VJQ0FnSUNaeS1UWEt3EAE!2m1!1s0x30e2990059814c49:0x6d13271d51a40cb5
ChIJSUyBWQCZ4jARtQykUR0nE20,Sané Phuthong,ChdDSUhNMG9nS0VJQ0FnSURaeUxlZi1nRRAB,5.0,一家由旧家具店改造而成的咖啡馆。正如人们对家具店的预期，内部装潢时尚别致。店铺后部没有空调，因此非常适合拍照打卡。他们提供种类繁多的美味咖啡，就连塑料杯都很有格调。所有的大蛋糕都非常好吃。咖啡馆靠近普考通山，所以建议登山后来这里放松一下，缓解疲惫和炎热。,zh-CN,Sat Sep 23 2023 03:22:09 GMT-0700 (Pacific Daylight Time),Haru san,https://www.google.com/maps/reviews/data=!4m6!14m5!1m4!2m3!1sChdDSUhNMG9nS0VJQ0FnSURaeUxlZi1nRRAB!2m1!1s0x30e2990059814c49:0x6d13271d51a40cb5
ChIJSUyBWQCZ4jARtQykUR0nE20,Sané Phuthong,ChZDSUhNMG9nS0VJQ0FnSURob3Rlc2V3EAE,4.0,Sané Phuthong 是一家迷人的咖啡馆，由一栋老旧的运河边房屋改造而成。店内装饰以复古木制家具为主，氛围静谧，是放松身心的理想之所。 环境：咖啡馆宽敞明亮，设有多个区域，并摆放着许多桌椅。露天区域共有两层，是放松身心、欣赏运河风光和 Wat Phu Khao Thong 寺庙美景的绝佳场所。 - 提供种类丰富的饮品，包括咖啡和非咖啡饮品。 - 我到访的那天，烘焙食品种类不多。 口味：双拼拿铁（120 泰铢）：焙茶香气浓郁，甜度适中。 价格：略高，但可以接受（咖啡起价 60 泰铢）。 服务：店员热情友好，并能提供不错的饮品推荐。,zh-CN,Sat Mar 04 2023 16:18:10 GMT-0800 (Pacific Standard Time),Big OnLonelyRoads,https://www.google.com/maps/reviews/data=!4m6!14m5!1m4!2m3!1sChZDSUhNMG9nS0VJQ0FnSURob3Rlc2V3EAE!2m1!1s0x30e2990059814c49:0x6d13271d51a40cb5
ChIJSUyBWQCZ4jARtQykUR0nE20,Sané Phuthong,ChZDSUhNMG9nS0VJQ0FnSUN4X0l6ZlVnEAE,5.0,"Nice place to sit and relax from the heating sun. You can sit near the canal, but there is no air conditioning in that area, so not recommend during noon. There's good variety of coffee and tea including bakery. Coffee is ok and bakery is good. The staff is friendly and love to chat with us. We didn't see the dog today, due to he only come to this place on Sunday.",en,Fri May 12 2023 23:31:46 GMT-0700 (Pacific Daylight Time),Peeraphan Nantasukon,https://www.google.com/maps/reviews/data=!4m6!14m5!1m4!2m3!1sChZDSUhNMG9nS0VJQ0FnSUN4X0l6ZlVnEAE!2m1!1s0x30e2990059814c49:0x6d13271d51a40cb5
ChIJSUyBWQCZ4jARtQykUR0nE20,Sané Phuthong,ChdDSUhNMG9nS0VJQ0FnSUR5dC1EbGlRRRAB,5.0,一杯新鲜美味的美式咖啡。咖啡馆装潢精美，老板和员工都很友善。从咖啡馆可以欣赏到金山寺的壮丽景色。一只名叫Wanton的柯基犬住在咖啡馆外面的同一栋楼里，它真是太可爱了🐾,zh-CN,Sat Mar 20 2021 19:34:02 GMT-0700 (Pacific Daylight Time),Thuttai Keeratipongpaiboon,https://www.google.com/maps/reviews/data=!4m6!14m5!1m4!2m3!1sChdDSUhNMG9nS0VJQ0FnSUR5dC1EbGlRRRAB!2m1!1s0x30e2990059814c49:0x6d13271d51a40cb5
ChIJiceRzdyZ4jARh1N3Ecfr3Ks,L’On,Ci9DQUlRQUNvZENodHljRjlvT21OWlkycHVja2szWms0eE16SnlTSE5rYTFvMWFYYxAB,5.0,一个美丽的艺术空间兼画廊，拥有引人注目的红色墙面，非常适合展示您的作品。热情友好的主人……Lian 和 On 不定期举办各种艺术相关活动。 值得关注。,zh-CN,Mon Jul 27 2026 16:32:11 GMT-0700 (Pacific Daylight Time),Anjali Mandrekar,https://www.google.com/maps/reviews/data=!4m6!14m5!1m4!2m3!1sCi9DQUlRQUNvZENodHljRjlvT21OWlkycHVja2szWms0eE16SnlTSE5rYTFvMWFYYxAB!2m1!1s0x30e299dccd91c789:0xabdcebc711775387
ChIJiceRzdyZ4jARh1N3Ecfr3Ks,L’On,Ci9DQUlRQUNvZENodHljRjlvT2xOb2JXRmZibk5XYlc4MVlUSlZjbEYwUkRWWGFYYxAB,5.0,最好的艺术画廊兼低调酒吧，晚上还有超棒的音乐和现场表演。泰拳比赛前来这里放松一下，遇到了非常友善热情的老板，艺术品真的非常吸引人，饮品也很棒而且价格实惠。这个地方超赞，10/10！,zh-CN,Sat Jan 17 2026 01:56:03 GMT-0800 (Pacific Standard Time),Jade O'Donnell,https://www.google.com/maps/reviews/data=!4m6!14m5!1m4!2m3!1sCi9DQUlRQUNvZENodHljRjlvT2xOb2JXRmZibk5XYlc4MVlUSlZjbEYwUkRWWGFYYxAB!2m1!1s0x30e299dccd91c789:0xabdcebc711775387
ChIJiceRzdyZ4jARh1N3Ecfr3Ks,L’On,Ci9DQUlRQUNvZENodHljRjlvT2xWRVR6VlpTVUYyTW5ScGNtNXVUVlpYYUhOTVQyYxAB,5.0,在曼谷的一个晚上偶然发现了这家店，它简直是曼谷最棒的地方！ 氛围轻松惬意，我们去了好几次，在沙发上放松身心，欣赏楼上酷炫的艺术画廊。 这里有点像地下酒吧，氛围成熟稳重。 年轻的女老板们非常有趣，她们致力于支持曼谷的本土艺术，所以我们从她们那里了解了很多关于当地艺术家和艺术圈动态的信息。 一定要去看看！真希望我能在曼谷多待几天。,zh-CN,Mon Jun 15 2026 01:29:18 GMT-0700 (Pacific Daylight Time),GoodFred,https://www.google.com/maps/reviews/data=!4m6!14m5!1m4!2m3!1sCi9DQUlRQUNvZENodHljRjlvT2xWRVR6VlpTVUYyTW5ScGNtNXVUVlpYYUhOTVQyYxAB!2m1!1s0x30e299dccd91c789:0xabdcebc711775387
ChIJiceRzdyZ4jARh1N3Ecfr3Ks,L’On,Ci9DQUlRQUNvZENodHljRjlvT2pGdU9WWnBRVFJzYzBoQmMxcENNbk50U3pCRU5XYxAB,5.0,氛围极佳，葡萄酒品质上乘，还有令人眼前一亮的独特艺术品。员工热情友好，让人宾至如归。绝对值得一去。,zh-CN,Tue Jun 16 2026 08:35:29 GMT-0700 (Pacific Daylight Time),Aneth Traumann,https://www.google.com/maps/reviews/data=!4m6!14m5!1m4!2m3!1sCi9DQUlRQUNvZENodHljRjlvT2pGdU9WWnBRVFJzYzBoQmMxcENNbk50U3pCRU5XYxAB!2m1!1s0x30e299dccd91c789:0xabdcebc711775387
ChIJiceRzdyZ4jARh1N3Ecfr3Ks,L’On,Ci9DQUlRQUNvZENodHljRjlvT2s0NGFtaDFUelp5YUVoalpHcGhSRUZNYjB4WlZrRRAB,5.0,这里展出的艺术作品太棒了！而且免费入场。光为了这些艺术作品就值得来一趟。,zh-CN,Thu Apr 30 2026 03:29:00 GMT-0700 (Pacific Daylight Time),The select guy,https://www.google.com/maps/reviews/data=!4m6!14m5!1m4!2m3!1sCi9DQUlRQUNvZENodHljRjlvT2s0NGFtaDFUelp5YUVoalpHcGhSRUZNYjB4WlZrRRAB!2m1!1s0x30e299dccd91c789:0xabdcebc711775387
ChIJcSDAnBSZ4jARttNZeRA3Wec,民主纪念碑,ChdDSUhNMG9nS0VJQ0FnSUR1ak5pZmh3RRAB,3.0,处在街道中央环岛的一个纪念碑，如果在附近参观的话可以顺路来这里看一下，但是如果特意来这里就没有什么意思了。,zh,Sun Aug 14 2022 18:02:15 GMT-0700 (Pacific Daylight Time),Francisque Tang,https://www.google.com/maps/reviews/data=!4m6!14m5!1m4!2m3!1sChdDSUhNMG9nS0VJQ0FnSUR1ak5pZmh3RRAB!2m1!1s0x30e299149cc02071:0xe75937107959d3b6
ChIJcSDAnBSZ4jARttNZeRA3Wec,民主纪念碑,ChZDSUhNMG9nS0VJQ0FnSURMMUtYWEFnEAE,4.0,夜晚下雨很美,zh,Tue Jun 25 2024 11:56:17 GMT-0700 (Pacific Daylight Time),tammy Ho,https://www.google.com/maps/reviews/data=!4m6!14m5!1m4!2m3!1sChZDSUhNMG9nS0VJQ0FnSURMMUtYWEFnEAE!2m1!1s0x30e299149cc02071:0xe75937107959d3b6
ChIJcSDAnBSZ4jARttNZeRA3Wec,民主纪念碑,ChdDSUhNMG9nS0VJQ0FnSURROV9qeXhRRRAB,3.0,到考山路经过，没什么特别的，环境还是不错的！😎,zh,Thu Dec 28 2017 10:01:25 GMT-0800 (Pacific Standard Time),Jessica Woods,https://www.google.com/maps/reviews/data=!4m6!14m5!1m4!2m3!1sChdDSUhNMG9nS0VJQ0FnSURROV9qeXhRRRAB!2m1!1s0x30e299149cc02071:0xe75937107959d3b6
ChIJcSDAnBSZ4jARttNZeRA3Wec,民主纪念碑,ChZDSUhNMG9nS0VJQ0FnSURZX3NIeU9nEAE,4.0,路边的街头景点，晚上拍照还不錯，附近的麦当劳很正宗。,zh,Tue May 14 2019 03:51:17 GMT-0700 (Pacific Daylight Time),Andy H,https://www.google.com/maps/reviews/data=!4m6!14m5!1m4!2m3!1sChZDSUhNMG9nS0VJQ0FnSURZX3NIeU9nEAE!2m1!1s0x30e299149cc02071:0xe75937107959d3b6
ChIJcSDAnBSZ4jARttNZeRA3Wec,民主纪念碑,ChdDSUhNMG9nS0VJQ0FnSUQwNU1LQXRBRRAB,4.0,坐船到此,zh,Wed Oct 23 2019 09:21:00 GMT-0700 (Pacific Daylight Time),Kl Wu,https://www.google.com/maps/reviews/data=!4m6!14m5!1m4!2m3!1sChdDSUhNMG9nS0VJQ0FnSUQwNU1LQXRBRRAB!2m1!1s0x30e299149cc02071:0xe75937107959d3b6
ChIJU_CKrxWZ4jARAul-S3lTaX8,Statue of King Nangklao (Rama III),Ci9DQUlRQUNvZENodHljRjlvT25rd2FtOVpWbFpITlZoRFRsQTBUbDlxZVVOTmFtYxAB,5.0,很幽静的一个城市公园，旁边有交通船，可以快捷的去向Central World的方向，高峰堵车时段，挺好的选择。,zh,Fri Sep 26 2025 19:43:12 GMT-0700 (Pacific Daylight Time),yu chen,https://www.google.com/maps/reviews/data=!4m6!14m5!1m4!2m3!1sCi9DQUlRQUNvZENodHljRjlvT25rd2FtOVpWbFpITlZoRFRsQTBUbDlxZVVOTmFtYxAB!2m1!1s0x30e29915af8af053:0x7f6953794b7ee902
ChIJU_CKrxWZ4jARAul-S3lTaX8,Statue of King Nangklao (Rama III),ChdDSUhNMG9nS0VJQ0FnSUMwel9QRTVRRRAB,5.0,令人尊敬的地方,zh,Mon Oct 14 2019 20:06:35 GMT-0700 (Pacific Daylight Time),Mike Yuan,https://www.google.com/maps/reviews/data=!4m6!14m5!1m4!2m3!1sChdDSUhNMG9nS0VJQ0FnSUMwel9QRTVRRRAB!2m1!1s0x30e29915af8af053:0x7f6953794b7ee902
ChIJU_CKrxWZ4jARAul-S3lTaX8,Statue of King Nangklao (Rama III),ChdDSUhNMG9nS0VJQ0FnSUNobHBxODl3RRAB,5.0,非常安宁的地方 精美的建筑,zh,Sat Feb 11 2023 21:37:29 GMT-0800 (Pacific Standard Time),warezcg,https://www.google.com/maps/reviews/data=!4m6!14m5!1m4!2m3!1sChdDSUhNMG9nS0VJQ0FnSUNobHBxODl3RRAB!2m1!1s0x30e29915af8af053:0x7f6953794b7ee902
ChIJU_CKrxWZ4jARAul-S3lTaX8,Statue of King Nangklao (Rama III),ChZDSUhNMG9nS0VJQ0FnSURRNU9tUmJBEAE,3.0,在整修，只能拍照留念。,zh,Fri Oct 13 2017 05:25:39 GMT-0700 (Pacific Daylight Time),David You,https://www.google.com/maps/reviews/data=!4m6!14m5!1m4!2m3!1sChZDSUhNMG9nS0VJQ0FnSURRNU9tUmJBEAE!2m1!1s0x30e29915af8af053:0x7f6953794b7ee902
ChIJU_CKrxWZ4jARAul-S3lTaX8,Statue of King Nangklao (Rama III),Ci9DQUlRQUNvZENodHljRjlvT2pGT1ZYSkJURTFhU0c5MFVIcExWbU5EZFU5bmNsRRAB,5.0,拉玛三世国王的皇家纪念碑位于曼谷帕那空区拉差丹农中央路（Ratchadamnoen Central Road）的帕拉帕玛哈切萨达博丁（Phlabphla Maha Chetsadabodin），正对拉差那达兰寺（Wat Ratchanaddaram Worawihan，又称罗哈帕萨寺）。 拉玛三世国王被尊为在拉达那哥欣王朝早期，尤其是在拉差那达兰寺及其附近的罗哈帕萨寺的建设方面，在贸易、外交和城市重建方面发挥了重要作用的君主。,zh-CN,Tue May 12 2026 11:35:18 GMT-0700 (Pacific Daylight Time),Gofu_Gif,https://www.google.com/maps/reviews/data=!4m6!14m5!1m4!2m3!1sCi9DQUlRQUNvZENodHljRjlvT2pGT1ZYSkJURTFhU0c5MFVIcExWbU5EZFU5bmNsRRAB!2m1!1s0x30e29915af8af053:0x7f6953794b7ee902
ChIJP_lnL2iZ4jARW00e-2law60,Parutsakawan Palace,ChZDSUhNMG9nS0VJQ0FnSURoMU1tZlRnEAE,5.0,超美,zh,Thu Mar 02 2023 04:11:06 GMT-0800 (Pacific Standard Time),Oliver cho,https://www.google.com/maps/reviews/data=!4m6!14m5!1m4!2m3!1sChZDSUhNMG9nS0VJQ0FnSURoMU1tZlRnEAE!2m1!1s0x30e299682f67f93f:0xadc35a69fb1e4d5b
ChIJP_lnL2iZ4jARW00e-2law60,Parutsakawan Palace,Ci9DQUlRQUNvZENodHljRjlvT2xsaU4yeHpiRWxUYUVWVlpFbDBhMmRZVDFkRFQxRRAB,5.0,曼谷帕鲁斯加万宫的警察博物馆是曼谷历史和古建筑爱好者的绝佳去处，而且免费入场。宫殿本身融合了经典的欧式和泰式风格，环境宁静祥和。宫殿内允许拍照，但禁止录像。警察博物馆位于宫殿后方的建筑内，同样免费入场，非常值得一游。,zh-CN,Thu May 07 2026 09:23:17 GMT-0700 (Pacific Daylight Time),Gofu_Gif,https://www.google.com/maps/reviews/data=!4m6!14m5!1m4!2m3!1sCi9DQUlRQUNvZENodHljRjlvT2xsaU4yeHpiRWxUYUVWVlpFbDBhMmRZVDFkRFQxRRAB!2m1!1s0x30e299682f67f93f:0xadc35a69fb1e4d5b
ChIJP_lnL2iZ4jARW00e-2law60,Parutsakawan Palace,Ci9DQUlRQUNvZENodHljRjlvT25ad1IxODFlSEpIVDIxRFMxbGZTR281UkVsNlVWRRAB,5.0,奇特拉达宫和警察博物馆是两座独立的建筑，彼此距离很近。它们周一至周六开放，周日闭馆。门票免费。,zh-CN,Wed Jun 03 2026 08:14:25 GMT-0700 (Pacific Daylight Time),Sumate,https://www.google.com/maps/reviews/data=!4m6!14m5!1m4!2m3!1sCi9DQUlRQUNvZENodHljRjlvT25ad1IxODFlSEpIVDIxRFMxbGZTR281UkVsNlVWRRAB!2m1!1s0x30e299682f67f93f:0xadc35a69fb1e4d5b
ChIJP_lnL2iZ4jARW00e-2law60,Parutsakawan Palace,Ci9DQUlRQUNvZENodHljRjlvT2s0NVoxb3llalZRVlVkeE9GYzBhVmxqWlhaZmNWRRAB,5.0,帕鲁萨卡万宫（วังปารุสกวัน）建于朱拉隆功国王（拉玛五世）统治末期，即公元1903年至1905年（佛历2446年至2448年），是新建的律实府的一部分。它是分配给王室高级成员的住所之一，其中包括查克拉蓬王子，他曾居住在宫殿的一部分。宫廷导游通常将这座宫殿描述为王子及其乌克兰妻子卡佳的住所，强调卡佳对宫殿氛围和室内风格的影响，尽管许多档案资料显示，这对夫妇的正式住所是位于河边的查克拉蓬府。 从建筑风格上看，帕鲁萨卡万宫体现了当时塑造暹罗现代化进程的欧洲新古典主义风格。这座三层建筑拥有修长均衡的立面、高耸的拱形窗户，以及在热带阳光下柔和晕染的浅色外墙。其配色方案沿袭了当时都喜酒店的风格，采用温暖的奶油色、柔和的黄色和低调的石色，这些颜色都具有良好的隔热性能，有助于保持室内凉爽。百叶窗和窗框则涂以柔和的绿色和灰色，这种实用的选择既能与周围的树木融为一体，又能减少眩光。 建筑材料的使用体现了那个时代的混合理念。门、楼梯扶手、百叶窗和室内框架均采用质地致密的暹罗硬木，尤其是柚木。这些木材由厚实且拼接牢固的木板构成，旨在承受潮湿环境和频繁使用。室内氛围正式而明亮：高高的天花板有助于散热，高大的窗户引入自然光，宽敞的走廊促进空气流通，让人感受到习习凉风。抛光柚木地板铺设成长条状，在光线的映衬下熠熠生辉，营造出柔和的光影效果。装饰性的灰泥工艺简洁克制，纤细的檐口、朴素的壁柱和流畅的线条，体现了欧洲风格与暹罗气候和宫廷文化相融合的特色，而非简单的照搬。 当时的家具陈设包括欧式座椅、书桌、橱柜和进口灯具，布局宽敞，符合皇家住所的典型风格。这与查克拉蓬斯河畔住所的私密个性化风格截然不同，但宫殿依然散发着一种由其材质、比例和光线所塑造的静谧优雅。 1932年革命后，在向宪政过渡期间，帕鲁萨卡万宫成为拉萨顿宫的总部。1933年，它曾短暂地作为帕洪蓬帕尤哈塞纳首相的办公场所。之后，该建筑群归内政部所有，如今位于曼谷警察局辖区内。参观宫殿时，别忘了去看看位于宫殿后方现代建筑内的警察博物馆。,zh-CN,Sat Apr 11 2026 06:07:34 GMT-0700 (Pacific Daylight Time),The Traveling Pug,https://www.google.com/maps/reviews/data=!4m6!14m5!1m4!2m3!1sCi9DQUlRQUNvZENodHljRjlvT2s0NVoxb3llalZRVlVkeE9GYzBhVmxqWlhaZmNWRRAB!2m1!1s0x30e299682f67f93f:0xadc35a69fb1e4d5b
ChIJP_lnL2iZ4jARW00e-2law60,Parutsakawan Palace,Ci9DQUlRQUNvZENodHljRjlvT2tWWVpEbFBaRkUxZUhoak5rMW1VM0pvVUVWc09YYxAB,5.0,这些建筑包括一座警察训练中心和一座博物馆。 博物馆内有一座建于20世纪初的皇家建筑，以及一座专门介绍泰国警察的博物馆。 总而言之，这里提供了丰富的泰国文化信息。 免费入场；请查看开放时间和日期。,zh-CN,Tue Feb 10 2026 10:17:09 GMT-0800 (Pacific Standard Time),Luc De VERDIER,https://www.google.com/maps/reviews/data=!4m6!14m5!1m4!2m3!1sCi9DQUlRQUNvZENodHljRjlvT2tWWVpEbFBaRkUxZUhoak5rMW1VM0pvVUVWc09YYxAB!2m1!1s0x30e299682f67f93f:0xadc35a69fb1e4d5b
ChIJwdXyXmuZ4jARDeVE4xm24ps,Ancient City Wall,ChdDSUhNMG9nS0VJQ0FnSURCZzdHeXpnRRAB,4.0,这是拉达那哥欣古城墙仅存的两段之一，另一段位于不远处的玛哈干堡。 这座城墙建于18世纪80年代，全长约7.2公里，沿线设有14座堡垒和63座城门。 这段城墙厚1.8米，高6米，我猜想它原本的尺寸一直都一样，并且还保留着一座古老的城门。 这里其实没什么特别的，通往城墙的台阶还在，但城墙顶部已被封堵。 城墙经过修复和维护，在我2023年1月18日参观时，保存状况良好。 它靠近考山路，如果您在附近并且感兴趣，步行即可轻松到达😎 我有一个YouTube频道，里面有我用无人机和普通相机拍摄的不同堡垒和碉堡的视频。 希望您能看看 🙂 用户名： Tomo 08swe,zh-CN,Thu Jan 26 2023 20:53:06 GMT-0800 (Pacific Standard Time),Tomo 08swe,https://www.google.com/maps/reviews/data=!4m6!14m5!1m4!2m3!1sChdDSUhNMG9nS0VJQ0FnSURCZzdHeXpnRRAB!2m1!1s0x30e2996b5ef2d5c1:0x9be2b619e344e50d
ChIJwdXyXmuZ4jARDeVE4xm24ps,Ancient City Wall,ChZDSUhNMG9nS0VJQ0FnSUNGd2JPNmR3EAE,5.0,曼谷城墙和城门残存的部分，建于拉玛一世国王统治时期，至今依然屹立。 就我个人而言，从城墙的实际规模来看，它似乎一点也不碍事。如果当初只拆除一部分来修建道路或其他设施，那就更好了，只需保留一部分即可。可惜的是，如今只剩下这么多了……🏛️,zh-CN,Tue Nov 04 2025 05:13:59 GMT-0800 (Pacific Standard Time),ChubbyArin,https://www.google.com/maps/reviews/data=!4m6!14m5!1m4!2m3!1sChZDSUhNMG9nS0VJQ0FnSUNGd2JPNmR3EAE!2m1!1s0x30e2996b5ef2d5c1:0x9be2b619e344e50d
ChIJwdXyXmuZ4jARDeVE4xm24ps,Ancient City Wall,ChdDSUhNMG9nS0VJQ0FnSUNHay1YMWd3RRAB,3.0,这是位于著名的皇家寺庙瓦博翁尼维寺 (Wat Bowon Niwet) 对面的为数不多的古城墙遗址之一。虽然不高，但保存完好，展现了古城的魅力。请注意交通安全，因为附近没有人行道。,zh-CN,Mon Nov 08 2021 08:50:32 GMT-0800 (Pacific Standard Time),Jing • 泰京小旅行,https://www.google.com/maps/reviews/data=!4m6!14m5!1m4!2m3!1sChdDSUhNMG9nS0VJQ0FnSUNHay1YMWd3RRAB!2m1!1s0x30e2996b5ef2d5c1:0x9be2b619e344e50d
ChIJwdXyXmuZ4jARDeVE4xm24ps,Ancient City Wall,Ci9DQUlRQUNvZENodHljRjlvT204elpXaFhSSGxhVkdKRlpuZDVUREpLVWxjMVFXYxAB,1.0,据说这是一个具有重要历史意义的地方。,zh-CN,Wed Apr 29 2026 11:05:14 GMT-0700 (Pacific Daylight Time),김혁,https://www.google.com/maps/reviews/data=!4m6!14m5!1m4!2m3!1sCi9DQUlRQUNvZENodHljRjlvT204elpXaFhSSGxhVkdKRlpuZDVUREpLVWxjMVFXYxAB!2m1!1s0x30e2996b5ef2d5c1:0x9be2b619e344e50d
ChIJwdXyXmuZ4jARDeVE4xm24ps,Ancient City Wall,ChdDSUhNMG9nS0VJQ0FnSUQwX3Z6ODZRRRAB,4.0,曼谷城墙建于拉玛一世国王统治时期，总长约7公里。城墙环绕拉达那哥欣岛，设有16座主要城门、47座较小的城门或通道以及14座堡垒。泰国艺术厅于1981年对其进行了修复。（博翁尼维寺前）,zh-CN,Wed Nov 06 2019 23:33:22 GMT-0800 (Pacific Standard Time),นิวัฒน์ กิจรุ่งเรืองกุล,https://www.google.com/maps/reviews/data=!4m6!14m5!1m4!2m3!1sChdDSUhNMG9nS0VJQ0FnSUQwX3Z6ODZRRRAB!2m1!1s0x30e2996b5ef2d5c1:0x9be2b619e344e50d
ChIJ6Y8zcgCZ4jAR5JUeq7Yg1YY,Wat Benchamabophit,ChdDSUhNMG9nS0VLZW15SURHZ3F2b3pnRRAB,3.0,如果时间不多，不去参观也没关系。,zh-CN,Fri May 30 2025 18:57:30 GMT-0700 (Pacific Daylight Time),Juan Carlos,https://www.google.com/maps/reviews/data=!4m6!14m5!1m4!2m3!1sChdDSUhNMG9nS0VLZW15SURHZ3F2b3pnRRAB!2m1!1s0x30e2990072338fe9:0x86d520b6ab1e95e4
ChIJ6Y8zcgCZ4jAR5JUeq7Yg1YY,Wat Benchamabophit,Ci9DQUlRQUNvZENodHljRjlvT2pCVFZ6RTBaemR1V25rM2REVlFaR1pQYkdWVExXYxAB,5.0,沃特·本查马博菲特,zh-CN,Sat Sep 27 2025 12:17:07 GMT-0700 (Pacific Daylight Time),Jumbo,https://www.google.com/maps/reviews/data=!4m6!14m5!1m4!2m3!1sCi9DQUlRQUNvZENodHljRjlvT2pCVFZ6RTBaemR1V25rM2REVlFaR1pQYkdWVExXYxAB!2m1!1s0x30e2990072338fe9:0x86d520b6ab1e95e4
ChIJ6Y8zcgCZ4jAR5JUeq7Yg1YY,Wat Benchamabophit,ChdDSUhNMG9nS0VLM1lncHFqMGY2bDNnRRAB,5.0,,,Tue May 13 2025 02:50:26 GMT-0700 (Pacific Daylight Time),Kian Meng Lim,https://www.google.com/maps/reviews/data=!4m6!14m5!1m4!2m3!1sChdDSUhNMG9nS0VLM1lncHFqMGY2bDNnRRAB!2m1!1s0x30e2990072338fe9:0x86d520b6ab1e95e4
ChIJ6Y8zcgCZ4jAR5JUeq7Yg1YY,Wat Benchamabophit,ChdDSUhNMG9nS0VJQ0FnSUNYNFlhRGt3RRAB,5.0,,,Thu Oct 17 2024 06:05:22 GMT-0700 (Pacific Daylight Time),Nim Dorchi Sherpa,https://www.google.com/maps/reviews/data=!4m6!14m5!1m4!2m3!1sChdDSUhNMG9nS0VJQ0FnSUNYNFlhRGt3RRAB!2m1!1s0x30e2990072338fe9:0x86d520b6ab1e95e4
ChIJ6Y8zcgCZ4jAR5JUeq7Yg1YY,Wat Benchamabophit,Ci9DQUlRQUNvZENodHljRjlvT21wc1NtSlNRa2s1ZVVadlowUlhWa1pJTVRaUGJXYxAB,5.0,"Es muy bonito, merece la pena visitarlo. Cuesta 100 Baht",es,Wed Aug 26 2026 23:53:56 GMT-0700 (Pacific Daylight Time),Degrenette,https://www.google.com/maps/reviews/data=!4m6!14m5!1m4!2m3!1sCi9DQUlRQUNvZENodHljRjlvT21wc1NtSlNRa2s1ZVVadlowUlhWa1pJTVRaUGJXYxAB!2m1!1s0x30e2990072338fe9:0x86d520b6ab1e95e4
ChIJO1r-JFyZ4jARKwQiHeOxolY,Ladawan Palace,ChZDSUhNMG9nS0VJQ0FnSUM1NU1TN1hREAE,5.0,联系事宜包括租金支付、价格方案、潜在租户、租赁权竞标等商业咨询。,zh-CN,Tue Oct 10 2023 08:11:12 GMT-0700 (Pacific Daylight Time),Bank Th,https://www.google.com/maps/reviews/data=!4m6!14m5!1m4!2m3!1sChZDSUhNMG9nS0VJQ0FnSUM1NU1TN1hREAE!2m1!1s0x30e2995c24fe5a3b:0x56a2b1e31d22042b
ChIJO1r-JFyZ4jARKwQiHeOxolY,Ladawan Palace,ChZDSUhNMG9nS0VJQ0FnSURHcHFpZUlnEAE,5.0,这是一个很大很宽敞的地方，但可惜的是，我因为在皇家财产管理局处理公务，所以没能四处走走看看。,zh-CN,Fri Nov 26 2021 03:18:18 GMT-0800 (Pacific Standard Time),Rattanachai Sriphiw,https://www.google.com/maps/reviews/data=!4m6!14m5!1m4!2m3!1sChZDSUhNMG9nS0VJQ0FnSURHcHFpZUlnEAE!2m1!1s0x30e2995c24fe5a3b:0x56a2b1e31d22042b
ChIJO1r-JFyZ4jARKwQiHeOxolY,Ladawan Palace,ChZDSUhNMG9nS0VJQ0FnSURaMnFpTlV3EAE,5.0,这里交通便利，服务项目均可提前预约。,zh-CN,Thu Sep 28 2023 21:06:41 GMT-0700 (Pacific Daylight Time),Suchat Thawichaimongkhon,https://www.google.com/maps/reviews/data=!4m6!14m5!1m4!2m3!1sChZDSUhNMG9nS0VJQ0FnSURaMnFpTlV3EAE!2m1!1s0x30e2995c24fe5a3b:0x56a2b1e31d22042b
ChIJO1r-JFyZ4jARKwQiHeOxolY,Ladawan Palace,ChZDSUhNMG9nS0VJQ0FnSUNHbHF6cVR3EAE,5.0,尤加拉王室的诞生地——这座宫殿。,zh-CN,Thu Oct 28 2021 03:17:57 GMT-0700 (Pacific Daylight Time),Peerapong Suttavireesan,https://www.google.com/maps/reviews/data=!4m6!14m5!1m4!2m3!1sChZDSUhNMG9nS0VJQ0FnSUNHbHF6cVR3EAE!2m1!1s0x30e2995c24fe5a3b:0x56a2b1e31d22042b
ChIJO1r-JFyZ4jARKwQiHeOxolY,Ladawan Palace,Ci9DQUlRQUNvZENodHljRjlvT2pWVGVFOHhPSGd0VUd3emRtdFFUSE5FTnkxNWRrRRAB,5.0,食物种类丰富，新鲜美味。,zh-CN,Wed Oct 01 2025 05:52:23 GMT-0700 (Pacific Daylight Time),AMNAT NUAMEKIN,https://www.google.com/maps/reviews/data=!4m6!14m5!1m4!2m3!1sCi9DQUlRQUNvZENodHljRjlvT2pWVGVFOHhPSGd0VUd3emRtdFFUSE5FTnkxNWRrRRAB!2m1!1s0x30e2995c24fe5a3b:0x56a2b1e31d22042b
ChIJQ5p2ehWZ4jARGmpX6vHMs5k,King Prajadhipok Museum,Ci9DQUlRQUNvZENodHljRjlvT2xSWGQzVXRRVU5CZW10aGNVOWtVblZ6YjJwalVGRRAB,5.0,（博物馆目前正在进行翻修，预计将于2026年重新开放。但届时，您一定不要错过这座精彩的博物馆！） 帕拉迪波克国王博物馆坐落于曼谷蓬帕萨特鲁派区潘法利拉德路（Phan Fa Lilat）路口，是一座历史悠久的新古典主义建筑。该建筑始建于20世纪初，即拉玛六世和拉玛七世统治时期，至今已有百年历史！其最初是约翰·桑普森父子百货公司，这是一家英国零售商，专营定制鞋履、马具和精美商品。朱拉隆功国王亲自鼓励该公司在暹罗开设分店，这座建筑正是为此而建。公司解散后，这座建筑由銮迈特里瓦尼奇（Luang Maitriwanich）接管，并作为苏塔迪洛克百货公司（Suthadilok Department Store）经营至1933年。租约到期后，公共工程及城乡规划部租用了这座建筑，并将其用作办公场所数十年。该建筑的新古典主义设计，以其对称性、醒目的穹顶和均衡的比例而闻名，泰国建筑史学家认为其出自瑞士建筑师查尔斯·贝格林（Charles Béguelin）之手。贝格林于1900年至1933年间为暹罗政府服务，并经常采用这种风格进行创作。 2001年，该建筑及其未来博物馆的管理权移交给了国王普拉贾迪波克研究院（King Prajadhipok’s Institute），该研究院对其进行了全面修复。修复工程于2002年底竣工，博物馆也于同年正式开放。修复工作保留了建筑原有的建筑特色，包括穹顶、立面和内部比例，同时对内部空间进行了改造，使其更适合展览用途。如今，这座博物馆被认为是保存最完好、馆藏最丰富的拉玛七世（普拉贾迪波克国王）和兰拜·巴尼王后纪念馆之一，全面展示了他们的生平、个人物品以及他们所处时代的政治和文化变迁。 博物馆共有三层常设展览。一层通过照片、文献和个人物品，展现了兰拜·巴尼王后的生平及其王室职责。二层着重介绍普拉贾迪波克国王的一生，从他的童年和教育经历，到登基、游历、退位以及在英国的晚年生活。这一层还着重展现了他对音乐、体育、摄影和电影的兴趣，体现了他作为一位现代且求知欲强的君主的形象。三层展出国王的个人物品，包括……服装、帽子、鞋子、印章和礼仪用品。此外，展览还展示了他的主要成就，包括修订《泰国三藏经》、首次向大学毕业生颁发毕业证书、1932年颁布泰国第一部宪法以及拉玛一世国王大桥的开通。这些展览共同全面展现了泰国君主专制统治的最后阶段以及向君主立宪制过渡的历程。,zh-CN,Mon Mar 30 2026 19:21:24 GMT-0700 (Pacific Daylight Time),The Traveling Pug,https://www.google.com/maps/reviews/data=!4m6!14m5!1m4!2m3!1sCi9DQUlRQUNvZENodHljRjlvT2xSWGQzVXRRVU5CZW10aGNVOWtVblZ6YjJwalVGRRAB!2m1!1s0x30e299157a769a43:0x99b3ccf1ea576a1a
ChIJQ5p2ehWZ4jARGmpX6vHMs5k,King Prajadhipok Museum,ChZDSUhNMG9nS0VJQ0FnTURvdS1MWGNnEAE,5.0,多么棒的博物馆啊，信息量好丰富！我在这里学到了很多东西。 无需门票。把包寄存在储物柜里，并在小册子上登记。然后上楼开始参观。所以不需要买票。参观结束后，您还可以留下调查反馈。 好好参观至少需要1.5到2个多小时。此外，还可以参观女王博物馆。 建筑结构非常漂亮，信息也很丰富。 它就在潘法码头对面。乘运河船是最佳路线！在潘法码头下船后过马路即可。,zh-CN,Tue Apr 29 2025 01:21:55 GMT-0700 (Pacific Daylight Time),是无名,https://www.google.com/maps/reviews/data=!4m6!14m5!1m4!2m3!1sChZDSUhNMG9nS0VJQ0FnTURvdS1MWGNnEAE!2m1!1s0x30e299157a769a43:0x99b3ccf1ea576a1a
ChIJQ5p2ehWZ4jARGmpX6vHMs5k,King Prajadhipok Museum,Ci9DQUlRQUNvZENodHljRjlvT21ZNVFYSXpUMUIwWHpaemJtOUtUVFl3VUhKQlRrRRAB,5.0,曼谷老城区一家非常棒的博物馆。 如果您对泰国从君主专制向君主立宪制过渡的历史感兴趣，强烈推荐这里。博物馆氛围宁静（我参观时游客不多），您可以尽情享受拉玛七世国王及其王后的故事。 主楼则展示了泰国民主发展历程的相关信息。 博物馆免费入场。,zh-CN,Tue Aug 12 2025 03:15:41 GMT-0700 (Pacific Daylight Time),Natee Sakornyutthadej,https://www.google.com/maps/reviews/data=!4m6!14m5!1m4!2m3!1sCi9DQUlRQUNvZENodHljRjlvT21ZNVFYSXpUMUIwWHpaemJtOUtUVFl3VUhKQlRrRRAB!2m1!1s0x30e299157a769a43:0x99b3ccf1ea576a1a
ChIJQ5p2ehWZ4jARGmpX6vHMs5k,King Prajadhipok Museum,ChdDSUhNMG9nS0VLZXR5ZG5VbWNQMDZnRRAB,5.0,展览馆共有三层，是一座宽敞的博物馆，拥有众多展厅，参观起来非常方便。馆内空调凉爽舒适。除周一外，每天开放，无需门票。非常值得一游。您可以了解翁曼王的历史和皇家职责，以及泰国发生的变迁。**您可以拍照，但禁止使用闪光灯，也不允许录像。博物馆工作人员提供了非常好的建议和服务。,zh-CN,Mon May 12 2025 19:26:49 GMT-0700 (Pacific Daylight Time),Gofu_Gif,https://www.google.com/maps/reviews/data=!4m6!14m5!1m4!2m3!1sChdDSUhNMG9nS0VLZXR5ZG5VbWNQMDZnRRAB!2m1!1s0x30e299157a769a43:0x99b3ccf1ea576a1a
ChIJQ5p2ehWZ4jARGmpX6vHMs5k,King Prajadhipok Museum,Ci9DQUlRQUNvZENodHljRjlvT2paRWEwcEhTVU5vYWtGRVNHOVZaRWt4VFRGV09VRRAB,5.0,"Really interesting history. I can’t wait to find a documentary about this King Prajadhipok and his Queen Consort when I return home. Remarkable lives. I tried to give 40 baht for a donation to the museum but the incredibly dedicated staff would not accept. The best treatment I have ever had in a museum, ever!",en,Fri Aug 29 2025 04:30:32 GMT-0700 (Pacific Daylight Time),Holly M,https://www.google.com/maps/reviews/data=!4m6!14m5!1m4!2m3!1sCi9DQUlRQUNvZENodHljRjlvT2paRWEwcEhTVU5vYWtGRVNHOVZaRWt4VFRGV09VRRAB!2m1!1s0x30e299157a769a43:0x99b3ccf1ea576a1a
ChIJYz8waACZ4jARsv-ajJ9htwg,Tuk Tuk Mural - Street Art,Ci9DQUlRQUNvZENodHljRjlvT2pOa1gyeDRTbFpaUTFOQlltVjZPVkJMVWpWak4zYxAB,5.0,,,Fri Feb 06 2026 22:10:30 GMT-0800 (Pacific Standard Time),kujacy 23,https://www.google.com/maps/reviews/data=!4m6!14m5!1m4!2m3!1sCi9DQUlRQUNvZENodHljRjlvT2pOa1gyeDRTbFpaUTFOQlltVjZPVkJMVWpWak4zYxAB!2m1!1s0x30e2990068303f63:0x8b7619f8c9affb2
ChIJJcaQQqiZ4jARXLCkKIqqvwQ,Na Phra Lan Tunnel: Gate 2,ChZDSUhNMG9nS0VJQ0FnTURvemZlY2VREAE,5.0,2号门的隧道入口可直达大皇宫正门，位于玛哈泰寺（Wat Mahathat Yuwarat Rangsarit）一侧。隧道内设有休息长椅、洗手间和空调。这里人流熙攘。此外，隧道内还设有电源插座（数量有限，分布在部分区域），供游客为电子设备充电，并展出曼谷历史照片。,zh-CN,Sun Apr 27 2025 07:43:53 GMT-0700 (Pacific Daylight Time),Gofu_Gif,https://www.google.com/maps/reviews/data=!4m6!14m5!1m4!2m3!1sChZDSUhNMG9nS0VJQ0FnTURvemZlY2VREAE!2m1!1s0x30e299a84290c625:0x4bfaa8a28a4b05c
ChIJJcaQQqiZ4jARXLCkKIqqvwQ,Na Phra Lan Tunnel: Gate 2,Ci9DQUlRQUNvZENodHljRjlvT25nMWFGOTJiMGxEUjFRM05WSktRVkl5U1ZOQ2EzYxAB,5.0,在炎热的曼谷街头走到满身大汗后 参观完大皇宫和玉佛寺的全身疲惫 能够来到这里消暑是人生一大乐事 冷气够凉 可以充电 顺便上厕所 短暂休息后 恢复体力 继续旅人行程 请特别注意 只开到晚上六点 里面还有一些曼谷的早期空拍实景图和老照片 增加历史感 这是搭捷运到玉佛寺和大皇宫的必经之路 这一站 和这个休息空间 似乎是专门为了到大皇宫和与玉佛寺参观的人所设计的 空间非常宽敞 我猜假如坐满人的话 应该可以容纳1000个人以上 我想看到地底下有这样的平面空间 当作防空洞或者紧急避难空间 也是一个替代的选择 但希望不会用到这个用途 我跟你保证 每个走完玉佛寺和大皇宫的人 要搭捷运回家以前 绝对会想要在这里多待几分钟 只要记得来得及在晚上六点关门前离开就可以了,zh-CN,Mon Aug 11 2025 17:12:22 GMT-0700 (Pacific Daylight Time),Ben Chen,https://www.google.com/maps/reviews/data=!4m6!14m5!1m4!2m3!1sCi9DQUlRQUNvZENodHljRjlvT25nMWFGOTJiMGxEUjFRM05WSktRVkl5U1ZOQ2EzYxAB!2m1!1s0x30e299a84290c625:0x4bfaa8a28a4b05c
ChIJJcaQQqiZ4jARXLCkKIqqvwQ,Na Phra Lan Tunnel: Gate 2,ChZDSUhNMG9nS0VJQ0FnSUNUd2Z2R2VnEAE,4.0,ประตู 2 อุโมงค์หน้าพระลาน ติดแอร์เย็นฉ่ำๆ สบายมาก มีที่นั่งพักร้อน ประชาสัมพันธ์ และมีห้องน้ำชาย หญิง คนพิการ มีคนมาใช้งานตลอด ทั้งชาวไทย ชาวต่างชาติ แต่มีคนดูแลตลอด หอมสะอาด รวมถึงรูปภาพเก่าๆของบริเวณพระบรมมหาราชวัง ประทับใจ,th,Wed May 15 2024 08:26:04 GMT-0700 (Pacific Daylight Time),ChubbyArin,https://www.google.com/maps/reviews/data=!4m6!14m5!1m4!2m3!1sChZDSUhNMG9nS0VJQ0FnSUNUd2Z2R2VnEAE!2m1!1s0x30e299a84290c625:0x4bfaa8a28a4b05c
ChIJJcaQQqiZ4jARXLCkKIqqvwQ,Na Phra Lan Tunnel: Gate 2,ChZDSUhNMG9nS0VJQ0FnSURSNUlpc0pBEAE,5.0,大皇宫前的空调隧道非常舒适。隧道内设有休息区、咨询台，以及独立的男、女和无障碍洗手间。中国旅行团经常使用，但隧道维护得很好，气味也很清新。隧道里陈列的大皇宫老照片也令人印象深刻。,zh-CN,Tue Apr 18 2023 03:24:06 GMT-0700 (Pacific Daylight Time),Tadano Sundae,https://www.google.com/maps/reviews/data=!4m6!14m5!1m4!2m3!1sChZDSUhNMG9nS0VJQ0FnSURSNUlpc0pBEAE!2m1!1s0x30e299a84290c625:0x4bfaa8a28a4b05c
ChIJJcaQQqiZ4jARXLCkKIqqvwQ,Na Phra Lan Tunnel: Gate 2,ChZDSUhNMG9nS0VQRG5vWTNKbmZDX01REAE,4.0,门口有卖裤子的。但除此之外，这里是一个令人惊叹的文化和精神圣地。绝对值得一去。,zh-CN,Tue Jun 03 2025 11:43:27 GMT-0700 (Pacific Daylight Time),Sorin Suciu,https://www.google.com/maps/reviews/data=!4m6!14m5!1m4!2m3!1sChZDSUhNMG9nS0VQRG5vWTNKbmZDX01REAE!2m1!1s0x30e299a84290c625:0x4bfaa8a28a4b05c
ChIJcUebUQCZ4jAROW9-HxnP11E,Wat Mangkon Guard Cat,Ci9DQUlRQUNvZENodHljRjlvT2pOalUyMVlTR3d6Y1U5Q1MxOVRkRWhQTjJvM1FYYxAB,5.0,他做得非常出色,zh-CN,Sat Dec 20 2025 08:40:10 GMT-0800 (Pacific Standard Time),Austin F,https://www.google.com/maps/reviews/data=!4m6!14m5!1m4!2m3!1sCi9DQUlRQUNvZENodHljRjlvT2pOalUyMVlTR3d6Y1U5Q1MxOVRkRWhQTjJvM1FYYxAB!2m1!1s0x30e29900519b4771:0x51d7cf191f7e6f39
ChIJcUebUQCZ4jAROW9-HxnP11E,Wat Mangkon Guard Cat,Ci9DQUlRQUNvZENodHljRjlvT25wTGEwaGliR3BWZFRkRGFqUklYMWRIVWpKUFRtYxAB,5.0,,,Wed Jun 24 2026 23:59:00 GMT-0700 (Pacific Daylight Time),billy cms,https://www.google.com/maps/reviews/data=!4m6!14m5!1m4!2m3!1sCi9DQUlRQUNvZENodHljRjlvT25wTGEwaGliR3BWZFRkRGFqUklYMWRIVWpKUFRtYxAB!2m1!1s0x30e29900519b4771:0x51d7cf191f7e6f39
ChIJcUebUQCZ4jAROW9-HxnP11E,Wat Mangkon Guard Cat,Ci9DQUlRQUNvZENodHljRjlvT2pCQk5IVnhkek01VGsxTVRXeG9UVkIyWjBwMWRsRRAB,5.0,,,Fri May 29 2026 09:38:12 GMT-0700 (Pacific Daylight Time),กู้เกียรติ ชมสวัสดิ์,https://www.google.com/maps/reviews/data=!4m6!14m5!1m4!2m3!1sCi9DQUlRQUNvZENodHljRjlvT2pCQk5IVnhkek01VGsxTVRXeG9UVkIyWjBwMWRsRRAB!2m1!1s0x30e29900519b4771:0x51d7cf191f7e6f39
ChIJcUebUQCZ4jAROW9-HxnP11E,Wat Mangkon Guard Cat,Ci9DQUlRQUNvZENodHljRjlvT2s1NVprZDBVVlk1U1ZWVFdsRjBOSE16WDBaNE4yYxAB,5.0,,,Tue Mar 03 2026 08:07:09 GMT-0800 (Pacific Standard Time),Ernest Patera,https://www.google.com/maps/reviews/data=!4m6!14m5!1m4!2m3!1sCi9DQUlRQUNvZENodHljRjlvT2s1NVprZDBVVlk1U1ZWVFdsRjBOSE16WDBaNE4yYxAB!2m1!1s0x30e29900519b4771:0x51d7cf191f7e6f39
ChIJcUebUQCZ4jAROW9-HxnP11E,Wat Mangkon Guard Cat,Ci9DQUlRQUNvZENodHljRjlvT2toeWN6bHNSMUIyYzBWSFJ6RnhkbTlaZEdzNVgyYxAB,5.0,,,Tue Dec 30 2025 21:24:15 GMT-0800 (Pacific Standard Time),Animesh Jha,https://www.google.com/maps/reviews/data=!4m6!14m5!1m4!2m3!1sCi9DQUlRQUNvZENodHljRjlvT2toeWN6bHNSMUIyYzBWSFJ6RnhkbTlaZEdzNVgyYxAB!2m1!1s0x30e29900519b4771:0x51d7cf191f7e6f39
ChIJ4dmHAQCZ4jARPvzNLUqcKSI,Mega Thai bridgeสะพานข้ามเมก้าพลาซ่าสะพานเหล็ก,Ci9DQUlRQUNvZENodHljRjlvT2twT1YzSjRjWGRVTkZkTmNXTXRYMjlPTWw4NWMwRRAB,5.0,它让穿越复杂的十字路口变得非常轻松。而且我进屋后搭乘自动扶梯，避免了爬楼梯。,zh-CN,Tue Feb 10 2026 06:18:44 GMT-0800 (Pacific Standard Time),Pia Thompson,https://www.google.com/maps/reviews/data=!4m6!14m5!1m4!2m3!1sCi9DQUlRQUNvZENodHljRjlvT2twT1YzSjRjWGRVTkZkTmNXTXRYMjlPTWw4NWMwRRAB!2m1!1s0x30e299000187d9e1:0x22299c4a2dcdfc3e
ChIJ4dmHAQCZ4jARPvzNLUqcKSI,Mega Thai bridgeสะพานข้ามเมก้าพลาซ่าสะพานเหล็ก,Ci9DQUlRQUNvZENodHljRjlvT25NNVNqSktiR3QwTVVsTE1HcGFlVWc1VVMxeVUxRRAB,5.0,酷桥,zh-CN,Wed Jan 28 2026 04:41:44 GMT-0800 (Pacific Standard Time),Steve's Job,https://www.google.com/maps/reviews/data=!4m6!14m5!1m4!2m3!1sCi9DQUlRQUNvZENodHljRjlvT25NNVNqSktiR3QwTVVsTE1HcGFlVWc1VVMxeVUxRRAB!2m1!1s0x30e299000187d9e1:0x22299c4a2dcdfc3e
ChIJB7l4QwCZ4jARWG-KyHCNpFU,สะพาน3dPrint โดย SCG,Ci9DQUlRQUNvZENodHljRjlvT2poNFMxTnRhVjlUTkY4d2VXUTNUakZvZEVkNFdXYxAB,5.0,2025/11月新盖好的景点波浪桥，很像动画中出现的可爱建筑，静静的伫立在此，等着游客来欣赏。,zh-CN,Sun Mar 15 2026 20:03:57 GMT-0700 (Pacific Daylight Time),蔡小小,https://www.google.com/maps/reviews/data=!4m6!14m5!1m4!2m3!1sCi9DQUlRQUNvZENodHljRjlvT2poNFMxTnRhVjlUTkY4d2VXUTNUakZvZEVkNFdXYxAB!2m1!1s0x30e299004378b907:0x55a48d70c88a6f58
ChIJB7l4QwCZ4jARWG-KyHCNpFU,สะพาน3dPrint โดย SCG,Ci9DQUlRQUNvZENodHljRjlvT21od1NHTXpVVkpTUlVsWFZqTlhVa3hsV2pjdE5uYxAB,5.0,美丽的,zh-CN,Wed Apr 01 2026 19:25:36 GMT-0700 (Pacific Daylight Time),Sitthichate Jaruwacharadet,https://www.google.com/maps/reviews/data=!4m6!14m5!1m4!2m3!1sCi9DQUlRQUNvZENodHljRjlvT21od1NHTXpVVkpTUlVsWFZqTlhVa3hsV2pjdE5uYxAB!2m1!1s0x30e299004378b907:0x55a48d70c88a6f58
ChIJB7l4QwCZ4jARWG-KyHCNpFU,สะพาน3dPrint โดย SCG,Ci9DQUlRQUNvZENodHljRjlvT25ZMmFVdHBOV2RqWDNwNFZtaDFNekpsUzBGb09IYxAB,3.0,🤔,zh-Hant,Mon Jan 12 2026 22:42:41 GMT-0800 (Pacific Standard Time),Black L,https://www.google.com/maps/reviews/data=!4m6!14m5!1m4!2m3!1sCi9DQUlRQUNvZENodHljRjlvT25ZMmFVdHBOV2RqWDNwNFZtaDFNekpsUzBGb09IYxAB!2m1!1s0x30e299004378b907:0x55a48d70c88a6f58
ChIJB7l4QwCZ4jARWG-KyHCNpFU,สะพาน3dPrint โดย SCG,Ci9DQUlRQUNvZENodHljRjlvT2xCQ1J6YzBkR0ZaZUdWZmJXcDVRekF3YjFGbldtYxAB,5.0,出色的,zh-CN,Thu Dec 11 2025 06:56:33 GMT-0800 (Pacific Standard Time),Sailor Mars,https://www.google.com/maps/reviews/data=!4m6!14m5!1m4!2m3!1sCi9DQUlRQUNvZENodHljRjlvT2xCQ1J6YzBkR0ZaZUdWZmJXcDVRekF3YjFGbldtYxAB!2m1!1s0x30e299004378b907:0x55a48d70c88a6f58
ChIJB7l4QwCZ4jARWG-KyHCNpFU,สะพาน3dPrint โดย SCG,Ci9DQUlRQUNvZENodHljRjlvT2xCZlJHWTRUa1JLWDNkU2R6VlhRMFZXZDJoTlpGRRAB,4.0,艺术,zh-CN,Thu Apr 02 2026 04:01:16 GMT-0700 (Pacific Daylight Time),Hafid H,https://www.google.com/maps/reviews/data=!4m6!14m5!1m4!2m3!1sCi9DQUlRQUNvZENodHljRjlvT2xCZlJHWTRUa1JLWDNkU2R6VlhRMFZXZDJoTlpGRRAB!2m1!1s0x30e299004378b907:0x55a48d70c88a6f58
ChIJh0KmoPCZ4jAR884D3kHWnww,Yodpiman Riverwalk,Ci9DQUlRQUNvZENodHljRjlvT2pablJWOXFNMW90YTJsRFprUnNRbTlxUVhObWQxRRAB,5.0,这里看起来冷冷清清，我不知道是因为游客稀少而废弃，还是正在翻修。只有一家餐厅还在营业。然而，它的地理位置却绝佳。可以饱览湄南河的独特美景。地铁站就在旁边。真让人难以理解，这么好的地方竟然没有得到充分利用。,zh-CN,Sun Mar 08 2026 03:37:37 GMT-0700 (Pacific Daylight Time),fbdm75,https://www.google.com/maps/reviews/data=!4m6!14m5!1m4!2m3!1sCi9DQUlRQUNvZENodHljRjlvT2pablJWOXFNMW90YTJsRFprUnNRbTlxUVhObWQxRRAB!2m1!1s0x30e299f0a0a64287:0xc9fd641de03cef3
ChIJh0KmoPCZ4jAR884D3kHWnww,Yodpiman Riverwalk,Ci9DQUlRQUNvZENodHljRjlvT25SWFRXcFJTSGRqTVUxaGFUaE9UMEYwTkdGaWJWRRAB,4.0,我们在等待无人机表演的时候吃了晚餐。 氛围很好，菜品种类丰富——寿司、鱼、面条等等——都很好吃。 价格不算便宜，5000泰铢，包含一瓶酒。 服务员热情周到，笑容满面。 推荐。 无人机表演很精彩。,zh-CN,Tue Dec 02 2025 13:34:23 GMT-0800 (Pacific Standard Time),Pietro Armiento,https://www.google.com/maps/reviews/data=!4m6!14m5!1m4!2m3!1sCi9DQUlRQUNvZENodHljRjlvT25SWFRXcFJTSGRqTVUxaGFUaE9UMEYwTkdGaWJWRRAB!2m1!1s0x30e299f0a0a64287:0xc9fd641de03cef3
ChIJh0KmoPCZ4jAR884D3kHWnww,Yodpiman Riverwalk,Ci9DQUlRQUNvZENodHljRjlvT2taNVYzZG1ha0p3U0daVVgyVTVNbFp6ZFVwbVZXYxAB,5.0,📌 Yodpiman River Walk 位于曼谷 Burapha Phirom 区 Ban Mo 路 Khlong Talat 河口。该项目以新古典主义殖民风格建筑为特色，建筑内部装饰和名称均取材于阿瑜陀耶、吞武里和拉达那哥欣王朝的历史。这是一个环境优美、氛围极佳的河畔社区购物中心。 💥 2025 年 12 月 18 日，这里将举办“觉醒曼谷”活动，届时您可以前往参观各种艺术作品。,zh-CN,Thu Dec 18 2025 19:26:03 GMT-0800 (Pacific Standard Time),Lara Linh,https://www.google.com/maps/reviews/data=!4m6!14m5!1m4!2m3!1sCi9DQUlRQUNvZENodHljRjlvT2taNVYzZG1ha0p3U0daVVgyVTVNbFp6ZFVwbVZXYxAB!2m1!1s0x30e299f0a0a64287:0xc9fd641de03cef3
ChIJh0KmoPCZ4jAR884D3kHWnww,Yodpiman Riverwalk,Ci9DQUlRQUNvZENodHljRjlvT2swMk5uUXdNRWcyWmxOaE5XOUVRMHBpTW5WNGJIYxAB,5.0,我去那里看烟花。二楼露台收费50泰铢。洗手间5泰铢，而且那里还有餐厅。,zh-CN,Tue Dec 16 2025 03:21:49 GMT-0800 (Pacific Standard Time),Sはるちん,https://www.google.com/maps/reviews/data=!4m6!14m5!1m4!2m3!1sCi9DQUlRQUNvZENodHljRjlvT2swMk5uUXdNRWcyWmxOaE5XOUVRMHBpTW5WNGJIYxAB!2m1!1s0x30e299f0a0a64287:0xc9fd641de03cef3
ChIJh0KmoPCZ4jAR884D3kHWnww,Yodpiman Riverwalk,Ci9DQUlRQUNvZENodHljRjlvT2xGRmRHRmFXbE5WYTFKTWJqQnFaRXBIU1UxV1RXYxAB,5.0,我去逛了逛“觉醒曼谷”活动和维吉特·昭帕亚展览。气氛太棒了！,zh-CN,Mon Dec 22 2025 21:59:43 GMT-0800 (Pacific Standard Time),Thana Sorn,https://www.google.com/maps/reviews/data=!4m6!14m5!1m4!2m3!1sCi9DQUlRQUNvZENodHljRjlvT2xGRmRHRmFXbE5WYTFKTWJqQnFaRXBIU1UxV1RXYxAB!2m1!1s0x30e299f0a0a64287:0xc9fd641de03cef3
ChIJcxZyIACZ4jAR7ee0JncP_aA,왓아룬 조망 골목(골목뷰) Night view point watarun,Ci9DQUlRQUNvZENodHljRjlvT2pSWFRHOVlPRlJXWXpNNVZGcElWV0pFZG10Q0xYYxAB,5.0,黎明寺🤍 黎明寺（Wat Arun），意为“黎明之寺”，是曼谷的标志性建筑，坐落于湄南河畔。白天，它是一座在阳光下熠熠生辉的美丽寺庙；而当夕阳西下，灯光亮起时，它便会呈现出截然不同的景象。 河面上倒映的灯光与雄伟寺庙的轮廓交相辉映，构成了一幅宛如电影场景的绝美画面✨ 因此，我个人推荐在日落时分前往，欣赏日落美景，之后再去感受一下夜晚的迷人风光！,zh-CN,Sat Jun 27 2026 06:35:05 GMT-0700 (Pacific Daylight Time),Riya Chacha,https://www.google.com/maps/reviews/data=!4m6!14m5!1m4!2m3!1sCi9DQUlRQUNvZENodHljRjlvT2pSWFRHOVlPRlJXWXpNNVZGcElWV0pFZG10Q0xYYxAB!2m1!1s0x30e2990020721673:0xa0fd0f7726b4e7ed
ChIJcxZyIACZ4jAR7ee0JncP_aA,왓아룬 조망 골목(골목뷰) Night view point watarun,Ci9DQUlRQUNvZENodHljRjlvT25OTFRuSnFkMHBqUVRKYU5qTm5jWEJVTWtSM1VXYxAB,5.0,那天是泼水节的最后一天（4月16日），所以找停车位真是费了九牛二虎之力，不过我最终还是找到了。如果你想在曼谷欣赏最美的日落，不妨先把车停在泰国皇家海军俱乐部。然后，沿着清爽的傍晚小路漫步到素攀巷（Soi Tha Suphan）。你会欣赏到河对岸郑王庙（Wat Arun）令人叹为观止的景色。有趣的是，河畔餐厅闪烁的液晶广告牌也成了著名的前景元素，现代与传统交相辉映，吸引着来自世界各地的摄影师和游客。 尽量在下午6点准时到达。这是拍摄黎明寺（Wat Arun）的最佳时机，夕阳西下，金色的天空映衬着它，美不胜收。霓虹灯和液晶广告牌为古老的佛塔增添了一抹独特的都市气息，成就了一张极具标志性的“新曼谷”照片。当寺庙的灯光闪烁亮起，气氛顿时变得热烈起来，绝对值得您亲眼目睹。 如果您在下午6点左右将车停在泰国皇家海军俱乐部，然后向南步行约900米，到达一条名为Tha Suphan的小巷，您会发现一大群来自世界各地的游客，他们都面向西方。几乎每个人都在用手机拍摄这令人叹为观止的美景，它宛如一幅构图完美、色彩和谐、时代对比鲜明、比例协调的画作。在这里，想要拍出一张糟糕的照片都难。小巷的尽头是黎明寺（郑王庙），而小巷的入口处则可以看到玉佛寺（Wat Phra Chetuphon Wimonmangkhlaram）。它美得令人窒息，宛如夜生活中的一颗璀璨明珠。它太美了……美得让我心潮澎湃。真的。,zh-CN,Fri Apr 17 2026 06:55:32 GMT-0700 (Pacific Daylight Time),Kiatkorn Panyavuddhiwongg,https://www.google.com/maps/reviews/data=!4m6!14m5!1m4!2m3!1sCi9DQUlRQUNvZENodHljRjlvT25OTFRuSnFkMHBqUVRKYU5qTm5jWEJVTWtSM1VXYxAB!2m1!1s0x30e2990020721673:0xa0fd0f7726b4e7ed
ChIJcxZyIACZ4jAR7ee0JncP_aA,왓아룬 조망 골목(골목뷰) Night view point watarun,Ci9DQUlRQUNvZENodHljRjlvT2xCbmNuWldZeTFGZVRoQ2ExTktjMGRoTTJkbWEzYxAB,5.0,这次我没能看到夜景，但如果你住在考山路附近，步行大约20分钟就能到，所以很适合去看日出或者散步。那里清晨和夜晚都很美，无论什么时候去都是个好地方。 四月份天气很热，所以最好带点水。,zh-CN,Sun Apr 19 2026 21:36:16 GMT-0700 (Pacific Daylight Time),ᅳᅳ,https://www.google.com/maps/reviews/data=!4m6!14m5!1m4!2m3!1sCi9DQUlRQUNvZENodHljRjlvT2xCbmNuWldZeTFGZVRoQ2ExTktjMGRoTTJkbWEzYxAB!2m1!1s0x30e2990020721673:0xa0fd0f7726b4e7ed
ChIJcxZyIACZ4jAR7ee0JncP_aA,왓아룬 조망 골목(골목뷰) Night view point watarun,Ci9DQUlRQUNvZENodHljRjlvT2tKUGVFTm9ZbWRNWVVWcWRsbFBkSFZ3VFZKM1FsRRAB,5.0,由于很多人聚集在一起欣赏郑王庙的景色，所以很难拍到人像。 从巷子里可以看到郑王庙，景色非常优美。,zh-CN,Tue Jan 13 2026 16:26:09 GMT-0800 (Pacific Standard Time),김유정,https://www.google.com/maps/reviews/data=!4m6!14m5!1m4!2m3!1sCi9DQUlRQUNvZENodHljRjlvT2tKUGVFTm9ZbWRNWVVWcWRsbFBkSFZ3VFZKM1FsRRAB!2m1!1s0x30e2990020721673:0xa0fd0f7726b4e7ed
ChIJcxZyIACZ4jAR7ee0JncP_aA,왓아룬 조망 골목(골목뷰) Night view point watarun,Ci9DQUlRQUNvZENodHljRjlvT25SR01tWnZiM1pzZWxFMU1rUklWVTVHU1d3dFNIYxAB,5.0,如今，郑王庙被漆成粉红色，以佛塔为背景，成为街头摄影的绝佳地点。如果您在附近，千万不要错过这个拍照的好去处！,zh-CN,Sun Nov 09 2025 09:33:16 GMT-0800 (Pacific Standard Time),Phureephorn Suewattana,https://www.google.com/maps/reviews/data=!4m6!14m5!1m4!2m3!1sCi9DQUlRQUNvZENodHljRjlvT25SR01tWnZiM1pzZWxFMU1rUklWVTVHU1d3dFNIYxAB!2m1!1s0x30e2990020721673:0xa0fd0f7726b4e7ed
ChIJh75eVQCZ4jARo_I_L35UPrQ,Fotospot Wat Arun,Ci9DQUlRQUNvZENodHljRjlvT2sxbVRucFZiMVZCTlc0emVIaHBVMkZyYm1nd01FRRAB,5.0,今天守了半小时拍到粉色的云，真的好美哦🥰🥰🥰,zh,Fri Nov 28 2025 06:44:49 GMT-0800 (Pacific Standard Time),莫与风,https://www.google.com/maps/reviews/data=!4m6!14m5!1m4!2m3!1sCi9DQUlRQUNvZENodHljRjlvT2sxbVRucFZiMVZCTlc0emVIaHBVMkZyYm1nd01FRRAB!2m1!1s0x30e29900555ebe87:0xb43e547e2f3ff2a3
ChIJh75eVQCZ4jARo_I_L35UPrQ,Fotospot Wat Arun,Ci9DQUlRQUNvZENodHljRjlvT2xBME4zTnFOVUkxVW1SWVpYTldOR3BKVm5OTU1uYxAB,5.0,郑王庙也不错,zh,Sat Jun 21 2025 20:17:03 GMT-0700 (Pacific Daylight Time),yu zhang,https://www.google.com/maps/reviews/data=!4m6!14m5!1m4!2m3!1sCi9DQUlRQUNvZENodHljRjlvT2xBME4zTnFOVUkxVW1SWVpYTldOR3BKVm5OTU1uYxAB!2m1!1s0x30e29900555ebe87:0xb43e547e2f3ff2a3
ChIJh75eVQCZ4jARo_I_L35UPrQ,Fotospot Wat Arun,Ci9DQUlRQUNvZENodHljRjlvT2tWeFdqSmFRbHBLYXpaMlNuQlVaVWRLV1VKT2VGRRAB,5.0,郑王庙日落奇景：曼谷必游景点！ 想欣赏曼谷最令人叹为观止的景色之一吗？那就一定要去郑王庙！温馨提示：下午6点前到达，才能欣赏到光线神奇的过渡。这绝对是一场不容错过的视觉盛宴。,zh-CN,Sat Jan 17 2026 18:04:39 GMT-0800 (Pacific Standard Time),wasan k,https://www.google.com/maps/reviews/data=!4m6!14m5!1m4!2m3!1sCi9DQUlRQUNvZENodHljRjlvT2tWeFdqSmFRbHBLYXpaMlNuQlVaVWRLV1VKT2VGRRAB!2m1!1s0x30e29900555ebe87:0xb43e547e2f3ff2a3
ChIJh75eVQCZ4jARo_I_L35UPrQ,Fotospot Wat Arun,Ci9DQUlRQUNvZENodHljRjlvT2pCR1psSmFURVJJVWpkSlRtSlFNV3cyVDNWMmFHYxAB,5.0,黎明神庙在傍晚展现出它最迷人的一面：古老的瓷器和贝壳镶嵌而成的马赛克图案捕捉着最后一缕阳光，长尾船轻柔地滑过水面，雄伟的普朗塔在火红的夜空中勾勒出轮廓。 尽管日落时分这里可能会比较拥挤，但绝对值得一游。附近还有许多迷人的屋顶酒吧和餐厅，例如 The Deck 和 Above Riva。,zh-CN,Thu May 14 2026 23:31:00 GMT-0700 (Pacific Daylight Time),Tina U.,https://www.google.com/maps/reviews/data=!4m6!14m5!1m4!2m3!1sCi9DQUlRQUNvZENodHljRjlvT2pCR1psSmFURVJJVWpkSlRtSlFNV3cyVDNWMmFHYxAB!2m1!1s0x30e29900555ebe87:0xb43e547e2f3ff2a3
ChIJh75eVQCZ4jARo_I_L35UPrQ,Fotospot Wat Arun,Ci9DQUlRQUNvZENodHljRjlvT2t0M1ZVaHVTRUZJZURFNGVYTXdORjkyV2xSTFduYxAB,5.0,寺庙后方的日落景色美不胜收，是拍照或放松身心的绝佳地点。务必准时到达，才能尽情享受这番美景。,zh-CN,Thu Jan 15 2026 22:20:45 GMT-0800 (Pacific Standard Time),Teresa,https://www.google.com/maps/reviews/data=!4m6!14m5!1m4!2m3!1sCi9DQUlRQUNvZENodHljRjlvT2t0M1ZVaHVTRUZJZURFNGVYTXdORjkyV2xSTFduYxAB!2m1!1s0x30e29900555ebe87:0xb43e547e2f3ff2a3
ChIJReckCACZ4jARJW4JFsKDatM,ทางออกสถานีสนามไชย,Ci9DQUlRQUNvZENodHljRjlvT2xwYVVrZG5XV3R3VG5GclJtWXdTVmRJUlhScFNYYxAB,5.0,,,Sat May 23 2026 22:15:10 GMT-0700 (Pacific Daylight Time),พรศักดิ์สิทธิ สมหวังทุกประการ,https://www.google.com/maps/reviews/data=!4m6!14m5!1m4!2m3!1sCi9DQUlRQUNvZENodHljRjlvT2xwYVVrZG5XV3R3VG5GclJtWXdTVmRJUlhScFNYYxAB!2m1!1s0x30e299000824e745:0xd36a83c216096e25
ChIJReckCACZ4jARJW4JFsKDatM,ทางออกสถานีสนามไชย,Ci9DQUlRQUNvZENodHljRjlvT25STmJWTXdlR2RJWlZWTlRHaDNhRTVEUkcxUGIwRRAB,5.0,,,Tue Jan 06 2026 07:51:23 GMT-0800 (Pacific Standard Time),TM,https://www.google.com/maps/reviews/data=!4m6!14m5!1m4!2m3!1sCi9DQUlRQUNvZENodHljRjlvT25STmJWTXdlR2RJWlZWTlRHaDNhRTVEUkcxUGIwRRAB!2m1!1s0x30e299000824e745:0xd36a83c216096e25
ChIJ5ddONgCZ4jARblD5RkEy7y4,Makers' Loft,Ci9DQUlRQUNvZENodHljRjlvT2xGaVUxcDJSRFpxWTJkamNXZHZWRzQwVGxKdlMzYxAB,5.0,,,Thu Aug 13 2026 08:37:50 GMT-0700 (Pacific Daylight Time),Supatporn Posoknistakul,https://www.google.com/maps/reviews/data=!4m6!14m5!1m4!2m3!1sCi9DQUlRQUNvZENodHljRjlvT2xGaVUxcDJSRFpxWTJkamNXZHZWRzQwVGxKdlMzYxAB!2m1!1s0x30e29900364ed7e5:0x2eef324146f9506e
ChIJ5ddONgCZ4jARblD5RkEy7y4,Makers' Loft,Ci9DQUlRQUNvZENodHljRjlvT25OMk9IaFJjSFo2T1hoUGJEQnZRMlJrYmt4Uk4yYxAB,5.0,Makers’ Loft 是一个精心策划的空间，氛围宁静而私密。我最近去那里参观了 Supatporn Posoknistakul (Phon) 的展览“เศษศรัทธา (After Faith)”，该展览由 Phanchayanit Watchararat 策展。展览以其静谧而有力的视角，探讨了信仰、记忆以及时光流逝后留存的一切，给我留下了深刻的印象。 我尤其喜欢展览的呈现方式。空间布局让每件作品都得以舒展，你可以放慢脚步，细细品味作品背后的理念。Makers’ Loft 的氛围也让整个体验充满个人化和沉浸感，而非令人感到压迫。 对于任何热爱当代艺术和有意义的展览的人来说，这里都是一个绝佳去处。你可以感受到策展人和整体体验都倾注了大量心血。如果你欣赏那些充满思考、实验性和真诚的艺术空间，我强烈推荐你来这里看看。,zh-CN,Tue Jul 28 2026 03:51:58 GMT-0700 (Pacific Daylight Time),Nicha M.,https://www.google.com/maps/reviews/data=!4m6!14m5!1m4!2m3!1sCi9DQUlRQUNvZENodHljRjlvT25OMk9IaFJjSFo2T1hoUGJEQnZRMlJrYmt4Uk4yYxAB!2m1!1s0x30e29900364ed7e5:0x2eef324146f9506e
ChIJwdO8PgCZ4jARscKEQDrfhV4,Sunset rajinee pier,Ci9DQUlRQUNvZENodHljRjlvT21FeE4xRk5NVGx1TmpJM1EyUjZXVEpmWms1UVoxRRAB,5.0,出售日落美景的绝佳免费场所,zh-CN,Mon Jan 12 2026 02:51:14 GMT-0800 (Pacific Standard Time),Lu,https://www.google.com/maps/reviews/data=!4m6!14m5!1m4!2m3!1sCi9DQUlRQUNvZENodHljRjlvT21FeE4xRk5NVGx1TmpJM1EyUjZXVEpmWms1UVoxRRAB!2m1!1s0x30e299003ebcd3c1:0x5e85df3a4084c2b1
ChIJwdO8PgCZ4jARscKEQDrfhV4,Sunset rajinee pier,Ci9DQUlRQUNvZENodHljRjlvT2xWYVNVeGtVbGxVV0ZwTldsQkthekJ0UTI0eVgwRRAB,5.0,在湄南河上欣赏宁静日落，真是个绝佳的地点。,zh-CN,Sun Apr 26 2026 08:43:34 GMT-0700 (Pacific Daylight Time),Nat S.,https://www.google.com/maps/reviews/data=!4m6!14m5!1m4!2m3!1sCi9DQUlRQUNvZENodHljRjlvT2xWYVNVeGtVbGxVV0ZwTldsQkthekJ0UTI0eVgwRRAB!2m1!1s0x30e299003ebcd3c1:0x5e85df3a4084c2b1
ChIJwdO8PgCZ4jARscKEQDrfhV4,Sunset rajinee pier,Ci9DQUlRQUNvZENodHljRjlvT21KTVdXRklZVVpVWkhaUlkxSnJWRFZmTlZOTVRsRRAB,1.0,服务极差。票上写着我们必须在13:35到达，我们提前两分钟到了，结果船却把我们赶走了。工作人员让我们继续等，然后又说因为只有1小时的乘船时间，所以我们得再买一张票。,zh-CN,Sat Jul 04 2026 01:07:55 GMT-0700 (Pacific Daylight Time),Daniela Camargo,https://www.google.com/maps/reviews/data=!4m6!14m5!1m4!2m3!1sCi9DQUlRQUNvZENodHljRjlvT21KTVdXRklZVVpVWkhaUlkxSnJWRFZmTlZOTVRsRRAB!2m1!1s0x30e299003ebcd3c1:0x5e85df3a4084c2b1
ChIJwdO8PgCZ4jARscKEQDrfhV4,Sunset rajinee pier,Ci9DQUlRQUNvZENodHljRjlvT2paNlJsUldjblpLU2w5NGFXeEhTbkZMVTBsMU5HYxAB,5.0,我强烈推荐“Kem Free Way”的长尾船之旅。Kem是个非常可爱的人。他的招牌旁边挂着“反对战争”的牌子，我们聊得很开心，消磨了时间，也聊了聊人生。,zh-CN,Tue Apr 07 2026 07:33:09 GMT-0700 (Pacific Daylight Time),Chris Haughton,https://www.google.com/maps/reviews/data=!4m6!14m5!1m4!2m3!1sCi9DQUlRQUNvZENodHljRjlvT2paNlJsUldjblpLU2w5NGFXeEhTbkZMVTBsMU5HYxAB!2m1!1s0x30e299003ebcd3c1:0x5e85df3a4084c2b1
ChIJwdO8PgCZ4jARscKEQDrfhV4,Sunset rajinee pier,Ci9DQUlRQUNvZENodHljRjlvT2tKQlZuQTJZVTltZVhGelYxUkJjamhGTW1GVGFYYxAB,5.0,,,Wed Mar 11 2026 12:15:51 GMT-0700 (Pacific Daylight Time),D R,https://www.google.com/maps/reviews/data=!4m6!14m5!1m4!2m3!1sCi9DQUlRQUNvZENodHljRjlvT2tKQlZuQTJZVTltZVhGelYxUkJjamhGTW1GVGFYYxAB!2m1!1s0x30e299003ebcd3c1:0x5e85df3a4084c2b1
ChIJgVENKwCZ4jARyKTbo3Hhz8s,"Kopee, the Chonk Cat",Ci9DQUlRQUNvZENodHljRjlvT21saU9Gb3dUREZKYjI1aUxWRklSMWhXYWxwWWJFRRAB,5.0,在第三条巷子里找到Kopee。没错，就是他：胖乎乎的。他举止像一只胖猫，而且很有礼貌。我们发现他仰面躺着，肚皮朝上，好像身后的餐厅是他的（也许真是）。我们要求拍照时，他站起来伸了个懒腰。 真是只很酷的猫。一定要看看。,zh-CN,Mon Jan 19 2026 02:25:10 GMT-0800 (Pacific Standard Time),Chris Gerritz,https://www.google.com/maps/reviews/data=!4m6!14m5!1m4!2m3!1sCi9DQUlRQUNvZENodHljRjlvT21saU9Gb3dUREZKYjI1aUxWRklSMWhXYWxwWWJFRRAB!2m1!1s0x30e299002b0d5181:0xcbcfe171a3dba4c8
ChIJgVENKwCZ4jARyKTbo3Hhz8s,"Kopee, the Chonk Cat",Ci9DQUlRQUNvZENodHljRjlvT2prNWVEWXRNVlp0V0VreFoyZ3hRVTVXZDJKVGVVRRAB,5.0,太胖了，没法拍张照片 :(,zh-CN,Wed Jul 08 2026 20:51:42 GMT-0700 (Pacific Daylight Time),Martin Antonio,https://www.google.com/maps/reviews/data=!4m6!14m5!1m4!2m3!1sCi9DQUlRQUNvZENodHljRjlvT2prNWVEWXRNVlp0V0VreFoyZ3hRVTVXZDJKVGVVRRAB!2m1!1s0x30e299002b0d5181:0xcbcfe171a3dba4c8
ChIJgVENKwCZ4jARyKTbo3Hhz8s,"Kopee, the Chonk Cat",Ci9DQUlRQUNvZENodHljRjlvT2paYVYwb3RVVEpoUlhCT1QzRjVjVmg0YWpFek5VRRAB,5.0,我觉得这是一只很棒的猫，是泰国最棒的景点！,zh-CN,Thu Dec 25 2025 01:52:15 GMT-0800 (Pacific Standard Time),Liron Levy,https://www.google.com/maps/reviews/data=!4m6!14m5!1m4!2m3!1sCi9DQUlRQUNvZENodHljRjlvT2paYVYwb3RVVEpoUlhCT1QzRjVjVmg0YWpFek5VRRAB!2m1!1s0x30e299002b0d5181:0xcbcfe171a3dba4c8
ChIJgVENKwCZ4jARyKTbo3Hhz8s,"Kopee, the Chonk Cat",Ci9DQUlRQUNvZENodHljRjlvT2t0VVVXTmxObkUyV1dsQlprcFpRMUZVZGtaMWNtYxAB,5.0,胖乎乎的 ***** 友善的 ***** 毛茸茸的 *****,zh-CN,Tue Apr 07 2026 07:11:20 GMT-0700 (Pacific Daylight Time),Nanaho Chiharu,https://www.google.com/maps/reviews/data=!4m6!14m5!1m4!2m3!1sCi9DQUlRQUNvZENodHljRjlvT2t0VVVXTmxObkUyV1dsQlprcFpRMUZVZGtaMWNtYxAB!2m1!1s0x30e299002b0d5181:0xcbcfe171a3dba4c8
ChIJgVENKwCZ4jARyKTbo3Hhz8s,"Kopee, the Chonk Cat",Ci9DQUlRQUNvZENodHljRjlvT21JeE5qZHZkbXg2ZUhwTlZUQkdabTVxTnpOMVQzYxAB,5.0,传奇,zh-CN,Tue Jan 27 2026 00:27:59 GMT-0800 (Pacific Standard Time),Lotte Quinn,https://www.google.com/maps/reviews/data=!4m6!14m5!1m4!2m3!1sCi9DQUlRQUNvZENodHljRjlvT21JeE5qZHZkbXg2ZUhwTlZUQkdabTVxTnpOMVQzYxAB!2m1!1s0x30e299002b0d5181:0xcbcfe171a3dba4c8
ChIJl5_JyiOZ4jAR7PabW6q9MwI,Charoen Chai Community Museum,Ci9DQUlRQUNvZENodHljRjlvT25aMFdHUkhaV0Z2VjJZM1ZqVjFRVTkzT0hWRFVsRRAB,5.0,进入 21 巷（Soi Charoen Krung 21），穿过市场，然后右转。这里离龙寺（Wat Mangkon）不远。这是一座非常小的博物馆，原为民居，展示了当地居民的生活方式。**查伦猜（Charoenchai）城区已改建为博物馆。** 免费入场，允许拍照。,zh-CN,Sun Sep 07 2025 03:10:42 GMT-0700 (Pacific Daylight Time),Gofu_Gif,https://www.google.com/maps/reviews/data=!4m6!14m5!1m4!2m3!1sCi9DQUlRQUNvZENodHljRjlvT25aMFdHUkhaV0Z2VjJZM1ZqVjFRVTkzT0hWRFVsRRAB!2m1!1s0x30e29923cac99f97:0x233bdaa5b9bf6ec
ChIJl5_JyiOZ4jAR7PabW6q9MwI,Charoen Chai Community Museum,Ci9DQUlRQUNvZENodHljRjlvT2xsb05rcFlRbTVMVXpkclNuQm5hMjVzY0VwTVZYYxAB,4.0,跟着地图走，你到达入口时可能会有点迷路，因为这栋建筑位于一排商铺中间，周围居民仍然正常生活。沿着木质楼梯拾级而上，你会发现一个小型博物馆，布置得井井有条，讲述着它自己的故事——建筑本身和各种展品——仿佛能听到悠扬的中国古乐在耳边回荡。,zh-CN,Wed Jun 18 2025 19:11:35 GMT-0700 (Pacific Daylight Time),Bow MyShumi,https://www.google.com/maps/reviews/data=!4m6!14m5!1m4!2m3!1sCi9DQUlRQUNvZENodHljRjlvT2xsb05rcFlRbTVMVXpkclNuQm5hMjVzY0VwTVZYYxAB!2m1!1s0x30e29923cac99f97:0x233bdaa5b9bf6ec
ChIJl5_JyiOZ4jAR7PabW6q9MwI,Charoen Chai Community Museum,ChdDSUhNMG9nS0VJQ0FnSUNmOGZMNnVnRRAB,3.0,“老房子讲故事”博物馆位于Charoen Chai 2巷，距离Wat Leng Neiy Yi寺不远。这是一栋两层楼的百年老商业建筑，入口处是一段颇为陡峭的楼梯。馆内收藏着当地华人社区的文物和故事，保护着部分历史文化遗产，而另一些则正在逐渐消失。博物馆目前的状况略显陈旧，但这可以理解，因为它很可能是原主人的后代在没有任何资金支持的情况下，出于讲述家族故事的愿望而自发建造的。,zh-CN,Sun Dec 29 2024 21:21:29 GMT-0800 (Pacific Standard Time),Coke Somchai,https://www.google.com/maps/reviews/data=!4m6!14m5!1m4!2m3!1sChdDSUhNMG9nS0VJQ0FnSUNmOGZMNnVnRRAB!2m1!1s0x30e29923cac99f97:0x233bdaa5b9bf6ec
ChIJl5_JyiOZ4jAR7PabW6q9MwI,Charoen Chai Community Museum,ChZDSUhNMG9nS0VJQ0FnSURiaXBmME1REAE,5.0,พิพิธภัณฑ์ที่บอกเล่าวิถีชีวิตของชุมชนชาวจีน และความเชื่อเกี่ยวกับกระดาษไหว้ของชาวเจริญกรุง เปิดให้เข้าชมฟรี สามารถร่วมทำบุญบริจาคเพื่อสนับสนุนได้ ภายในจัดเรียงของเก่า และเล่าประวัติความเป็นมาของย่านเจริญกรุง รวมถึงบ้านหลังนี้ก็เป็นสถานที่อยู่จริง ๆ ของคนสมัยก่อน,th,Sat Aug 03 2024 19:39:14 GMT-0700 (Pacific Daylight Time),Supawut Saengrassamee,https://www.google.com/maps/reviews/data=!4m6!14m5!1m4!2m3!1sChZDSUhNMG9nS0VJQ0FnSURiaXBmME1REAE!2m1!1s0x30e29923cac99f97:0x233bdaa5b9bf6ec
ChIJl5_JyiOZ4jAR7PabW6q9MwI,Charoen Chai Community Museum,Ci9DQUlRQUNvZENodHljRjlvT25jNWVESjJZVTluVW04elRISlNaSEpLTWpKbVdGRRAB,3.0,这家博物馆位于一栋老建筑内，需要走几级台阶才能到达。 地方很小，也没什么可看的，不过免费入场，如果你正好在附近，还是值得一去的。,zh-CN,Thu Dec 18 2025 01:29:28 GMT-0800 (Pacific Standard Time),Ramón Solís García (Worldanimox),https://www.google.com/maps/reviews/data=!4m6!14m5!1m4!2m3!1sCi9DQUlRQUNvZENodHljRjlvT25jNWVESjJZVTluVW04elRISlNaSEpLTWpKbVdGRRAB!2m1!1s0x30e29923cac99f97:0x233bdaa5b9bf6ec
ChIJ8TMOaQCZ4jARuqrVFHs305M,Berlin Museum,Ci9DQUlRQUNvZENodHljRjlvT2tObllUQTBkME5ZVmtaUVQyTkNXRjlFZURkS1ZXYxAB,4.0,药学博物馆,zh-CN,Sun Aug 23 2026 07:55:52 GMT-0700 (Pacific Daylight Time),Chin CC,https://www.google.com/maps/reviews/data=!4m6!14m5!1m4!2m3!1sCi9DQUlRQUNvZENodHljRjlvT2tObllUQTBkME5ZVmtaUVQyTkNXRjlFZURkS1ZXYxAB!2m1!1s0x30e29900690e33f1:0x93d3377b14d5aaba
ChIJk5GDAgCZ4jARiHvW22Fr93Y,มิวเซียมวัดโพธิ์,Ci9DQUlRQUNvZENodHljRjlvT25ocmNVRTFTVEoxZGt0Wk5VWk9NRlpDUjNCbFkyYxAB,5.0,卧佛寺博物馆设有五个展区，分布在寺庙各处。目前有九枚收藏邮票可供购买，未来还将增加更多。每个展区都陈列着精美的文物。绝对值得一看！,zh-CN,Fri Jul 31 2026 00:57:41 GMT-0700 (Pacific Daylight Time),Phakphum Mariepitak,https://www.google.com/maps/reviews/data=!4m6!14m5!1m4!2m3!1sCi9DQUlRQUNvZENodHljRjlvT25ocmNVRTFTVEoxZGt0Wk5VWk9NRlpDUjNCbFkyYxAB!2m1!1s0x30e2990002839193:0x76f76b61dbd67b88
ChIJk5GDAgCZ4jARiHvW22Fr93Y,มิวเซียมวัดโพธิ์,Ci9DQUlRQUNvZENodHljRjlvT21Sdk56aFdTSEJoV1d0dldXVk9VVTlTWTFoV1YzYxAB,5.0,一家非常漂亮的瓷器和中国古董餐具博物馆。 我偶然发现了它，真是惊喜万分。博物馆干净又安全（入口处有保安，需要脱鞋才能进入）。,zh-CN,Sat Jun 27 2026 01:26:32 GMT-0700 (Pacific Daylight Time),Camille HL,https://www.google.com/maps/reviews/data=!4m6!14m5!1m4!2m3!1sCi9DQUlRQUNvZENodHljRjlvT21Sdk56aFdTSEJoV1d0dldXVk9VVTlTWTFoV1YzYxAB!2m1!1s0x30e2990002839193:0x76f76b61dbd67b88
ChIJk5GDAgCZ4jARiHvW22Fr93Y,มิวเซียมวัดโพธิ์,Ci9DQUlRQUNvZENodHljRjlvT21WS05XUkpTWFoyWWxkQk5uZ3hNR2hKYkdOdVIzYxAB,3.0,观看时间为5分钟。 这是一栋单层建筑。,zh-CN,Mon May 11 2026 03:52:59 GMT-0700 (Pacific Daylight Time),김혁,https://www.google.com/maps/reviews/data=!4m6!14m5!1m4!2m3!1sCi9DQUlRQUNvZENodHljRjlvT21WS05XUkpTWFoyWWxkQk5uZ3hNR2hKYkdOdVIzYxAB!2m1!1s0x30e2990002839193:0x76f76b61dbd67b88
ChIJk5GDAgCZ4jARiHvW22Fr93Y,มิวเซียมวัดโพธิ์,Ci9DQUlRQUNvZENodHljRjlvT21KcmFYZHZkekZSV1RCTlpXSTFSakV3WVVoU01IYxAB,5.0,体积虽小，但内含稀有有趣的藏品。,zh-CN,Sat Jun 06 2026 22:19:04 GMT-0700 (Pacific Daylight Time),bousakorn b,https://www.google.com/maps/reviews/data=!4m6!14m5!1m4!2m3!1sCi9DQUlRQUNvZENodHljRjlvT21KcmFYZHZkekZSV1RCTlpXSTFSakV3WVVoU01IYxAB!2m1!1s0x30e2990002839193:0x76f76b61dbd67b88
ChIJk5GDAgCZ4jARiHvW22Fr93Y,มิวเซียมวัดโพธิ์,Ci9DQUlRQUNvZENodHljRjlvT2pCYU9VTm5WREJsVVd0eGRrOWpTaTFEYVY5b2VIYxAB,5.0,,,Fri Aug 07 2026 00:46:58 GMT-0700 (Pacific Daylight Time),P Ch.,https://www.google.com/maps/reviews/data=!4m6!14m5!1m4!2m3!1sCi9DQUlRQUNvZENodHljRjlvT2pCYU9VTm5WREJsVVd0eGRrOWpTaTFEYVY5b2VIYxAB!2m1!1s0x30e2990002839193:0x76f76b61dbd67b88
ChIJf9p0IwCZ4jARef6pNhDGNlQ,พิพิธภัณฑ์เฉลิมพระเกียรติหกรอบ ร.9 หอสมุดสมเด็จ ว.ผ.ต.,Ci9DQUlRQUNvZENodHljRjlvT2t4bmQzYzBSa2RwY2xGaVdWSXlSRWhIVG1kb1VWRRAB,5.0,太美了！🙏🌿,zh-CN,Sat May 16 2026 22:53:37 GMT-0700 (Pacific Daylight Time),กัลยาณี อัคคะษร,https://www.google.com/maps/reviews/data=!4m6!14m5!1m4!2m3!1sCi9DQUlRQUNvZENodHljRjlvT2t4bmQzYzBSa2RwY2xGaVdWSXlSRWhIVG1kb1VWRRAB!2m1!1s0x30e299002374da7f:0x5436c61036a9fe79
ChIJf9p0IwCZ4jARef6pNhDGNlQ,พิพิธภัณฑ์เฉลิมพระเกียรติหกรอบ ร.9 หอสมุดสมเด็จ ว.ผ.ต.,Ci9DQUlRQUNvZENodHljRjlvT2pVNFdEbDFjR1puYVhwQ2JsOUdRV016YzI1WlIzYxAB,5.0,,,Sun Jun 07 2026 02:15:02 GMT-0700 (Pacific Daylight Time),Mesinee T.,https://www.google.com/maps/reviews/data=!4m6!14m5!1m4!2m3!1sCi9DQUlRQUNvZENodHljRjlvT2pVNFdEbDFjR1puYVhwQ2JsOUdRV016YzI1WlIzYxAB!2m1!1s0x30e299002374da7f:0x5436c61036a9fe79
ChIJf9p0IwCZ4jARef6pNhDGNlQ,พิพิธภัณฑ์เฉลิมพระเกียรติหกรอบ ร.9 หอสมุดสมเด็จ ว.ผ.ต.,Ci9DQUlRQUNvZENodHljRjlvT2tsWk4wWTFOaTFpT0ZOWVNsaFljV3BYYW01cFYxRRAB,5.0,这是一个收藏着一些极其珍贵物品的博物馆。,zh-CN,Wed Aug 12 2026 03:51:49 GMT-0700 (Pacific Daylight Time),anchana pinthongkum,https://www.google.com/maps/reviews/data=!4m6!14m5!1m4!2m3!1sCi9DQUlRQUNvZENodHljRjlvT2tsWk4wWTFOaTFpT0ZOWVNsaFljV3BYYW01cFYxRRAB!2m1!1s0x30e299002374da7f:0x5436c61036a9fe79
ChIJf9p0IwCZ4jARef6pNhDGNlQ,พิพิธภัณฑ์เฉลิมพระเกียรติหกรอบ ร.9 หอสมุดสมเด็จ ว.ผ.ต.,Ci9DQUlRQUNvZENodHljRjlvT2xCVFZFdzVWVlkwVjI5SVdITjRUWGRaVUdWYVJHYxAB,5.0,,,Tue Jul 21 2026 01:38:09 GMT-0700 (Pacific Daylight Time),Seri Yok,https://www.google.com/maps/reviews/data=!4m6!14m5!1m4!2m3!1sCi9DQUlRQUNvZENodHljRjlvT2xCVFZFdzVWVlkwVjI5SVdITjRUWGRaVUdWYVJHYxAB!2m1!1s0x30e299002374da7f:0x5436c61036a9fe79
ChIJf9p0IwCZ4jARef6pNhDGNlQ,พิพิธภัณฑ์เฉลิมพระเกียรติหกรอบ ร.9 หอสมุดสมเด็จ ว.ผ.ต.,Ci9DQUlRQUNvZENodHljRjlvT2pBd09XTm1VVjlFVVd4TGVHdHFVMUpGY2xZMFZHYxAB,5.0,,,Thu Apr 09 2026 01:06:10 GMT-0700 (Pacific Daylight Time),P Ch.,https://www.google.com/maps/reviews/data=!4m6!14m5!1m4!2m3!1sCi9DQUlRQUNvZENodHljRjlvT2pBd09XTm1VVjlFVVd4TGVHdHFVMUpGY2xZMFZHYxAB!2m1!1s0x30e299002374da7f:0x5436c61036a9fe79
ChIJbTPfLACZ4jARgfdm0WaoDK8,Rama VI Museum,Ci9DQUlRQUNvZENodHljRjlvT2pCeVZUbEhSMWhtU0hCTWVVUkxhV1pJWjJrMGVYYxAB,5.0,,,Tue Apr 21 2026 21:40:46 GMT-0700 (Pacific Daylight Time),bo chay,https://www.google.com/maps/reviews/data=!4m6!14m5!1m4!2m3!1sCi9DQUlRQUNvZENodHljRjlvT2pCeVZUbEhSMWhtU0hCTWVVUkxhV1pJWjJrMGVYYxAB!2m1!1s0x30e299002cdf336d:0xaf0ca866d166f781
ChIJaysCTQCZ4jARPItH_TLTVk4,พิพิธภัณฑ์เครื่องมุก พระวิหารทิศใต้,Ci9DQUlRQUNvZENodHljRjlvT21sYVMxOWFOa2hmYTJwMU5WUnZMVjlHYW1oRFQwRRAB,4.0,美丽的,zh-CN,Mon May 11 2026 01:45:09 GMT-0700 (Pacific Daylight Time),Wat,https://www.google.com/maps/reviews/data=!4m6!14m5!1m4!2m3!1sCi9DQUlRQUNvZENodHljRjlvT21sYVMxOWFOa2hmYTJwMU5WUnZMVjlHYW1oRFQwRRAB!2m1!1s0x30e299004d022b6b:0x4e56d332fd478b3c
ChIJaysCTQCZ4jARPItH_TLTVk4,พิพิธภัณฑ์เครื่องมุก พระวิหารทิศใต้,Ci9DQUlRQUNvZENodHljRjlvT2tGR2JuTTNSekpIU2xoTlltZDFTWFpuVDFsRmVHYxAB,5.0,,,Tue Apr 14 2026 03:24:05 GMT-0700 (Pacific Daylight Time),P Ch.,https://www.google.com/maps/reviews/data=!4m6!14m5!1m4!2m3!1sCi9DQUlRQUNvZENodHljRjlvT2tGR2JuTTNSekpIU2xoTlltZDFTWFpuVDFsRmVHYxAB!2m1!1s0x30e299004d022b6b:0x4e56d332fd478b3c
ChIJH89kAwCZ4jARRee-Wi0kCgY,ห้องจัดแสดงเครื่องถ้วยและเครื่องแก้ว ศาลาพระมณฑป (ทิศตะวันตก),Ci9DQUlRQUNvZENodHljRjlvT210bFgxQk1lSFJDZGtWbFFXVTRUVTgxY2xGZk5rRRAB,5.0,那栋小楼在西边，后门在大卧佛后面。里面有空调，空间有点小，但有很多漂亮的东西可以看。慢慢欣赏，跟着箭头走。这里人不多（因为其他人都迷路了！）。,zh-CN,Fri Jul 31 2026 01:19:13 GMT-0700 (Pacific Daylight Time),Phakphum Mariepitak,https://www.google.com/maps/reviews/data=!4m6!14m5!1m4!2m3!1sCi9DQUlRQUNvZENodHljRjlvT210bFgxQk1lSFJDZGtWbFFXVTRUVTgxY2xGZk5rRRAB!2m1!1s0x30e299000364cf1f:0x60a242d5abee745
ChIJf1BXHwCZ4jARGVP-EQrJHRk,วังสมมตอมรพันธ์,Ci9DQUlRQUNvZENodHljRjlvT2pFNFZqWk9TbTlCU1MxTWNtRmlkVmhMWDFkSWQxRRAB,5.0,在巴姆隆芒路（Bamrung Mueang Road）一排老旧店屋的背后，隐藏着一座鲜为人知的废弃宫殿。 这里曾是“萨瓦迪库尔”（Sawasdikul）王室创始人、拉玛四世国王第49子颂摩·阿蒙潘王子的住所。他曾担任皇家财政局局长（王室财产局）和拉玛五世国王的私人秘书。 随着时间的推移，这座宫殿曾先后作为宫殿、学生宿舍、二战时期阿姆努艾西尔巴学校（Amnuaysilpa School）的辅导中心、特维斯·维塔亚莱学校（Thewes Wittayalai School）、勒特普拉萨·维塔亚学校（Lertprasat Wittaya School）的校舍，甚至还曾被用作铸造厂存放佛像的仓库。之后，它便一直处于封闭状态。最初，宫殿有两个主殿；较大的主殿早已被拆除，为特维斯·维塔亚莱学校的建设腾出空间。如今，只剩下较小的主殿。 通常情况下，这座宫殿是不对外开放的。你可以绕着建筑外围走走，但它不对公众开放。不过，它偶尔会在曼谷设计周和UNFOLDING BANGKOK等活动中亮相。,zh-CN,Sun Feb 08 2026 07:31:53 GMT-0800 (Pacific Standard Time),Chanin Makarukpinyo,https://www.google.com/maps/reviews/data=!4m6!14m5!1m4!2m3!1sCi9DQUlRQUNvZENodHljRjlvT2pFNFZqWk9TbTlCU1MxTWNtRmlkVmhMWDFkSWQxRRAB!2m1!1s0x30e299001f57507f:0x191dc90a11fe5319
ChIJf1BXHwCZ4jARGVP-EQrJHRk,วังสมมตอมรพันธ์,ChdDSUhNMG9nS0VJQ0FnSUNSdHQzaGl3RRAB,5.0,我们是特维斯·维塔亚莱学校的校友，1983年至1989年就读于此。学生时代，我们只能偷偷地欣赏这座古老的建筑，它承载着我们童年无数精彩的故事。我们很高兴能够再次重温这些美好的回忆。感谢所有让这个社区重焕生机的人们。,zh-CN,Sat Apr 01 2023 21:04:20 GMT-0700 (Pacific Daylight Time),Duangden Nrr.,https://www.google.com/maps/reviews/data=!4m6!14m5!1m4!2m3!1sChdDSUhNMG9nS0VJQ0FnSUNSdHQzaGl3RRAB!2m1!1s0x30e299001f57507f:0x191dc90a11fe5319
ChIJf1BXHwCZ4jARGVP-EQrJHRk,วังสมมตอมรพันธ์,ChZDSUhNMG9nS0VJQ0FnSUNDam91eE9REAE,4.0,旺克罗姆帕颂摩阿蒙潘社区占地约1莱（约3.2公顷）。这片土地大部分原为克罗姆帕颂摩阿蒙潘的宫殿用地，他曾建造成排的房屋供仆人居住。克罗姆帕颂摩阿蒙潘去世后，土地归皇家财产局所有，该局至今仍将这些房屋出租给公众。社区前方的土地一部分为私人所有，一部分归瓦特提达拉姆寺所有。,zh-CN,Sat Aug 22 2020 08:14:46 GMT-0700 (Pacific Daylight Time),Inthira Vittayasomboon,https://www.google.com/maps/reviews/data=!4m6!14m5!1m4!2m3!1sChZDSUhNMG9nS0VJQ0FnSUNDam91eE9REAE!2m1!1s0x30e299001f57507f:0x191dc90a11fe5319
ChIJf1BXHwCZ4jARGVP-EQrJHRk,วังสมมตอมรพันธ์,ChdDSUhNMG9nS0VJQ0FnSUNSN29mejRnRRAB,4.0,老城区内珍贵的建筑。,zh-CN,Sun Apr 02 2023 07:43:09 GMT-0700 (Pacific Daylight Time),Dusadee Olarnlarp,https://www.google.com/maps/reviews/data=!4m6!14m5!1m4!2m3!1sChdDSUhNMG9nS0VJQ0FnSUNSN29mejRnRRAB!2m1!1s0x30e299001f57507f:0x191dc90a11fe5319
ChIJf1BXHwCZ4jARGVP-EQrJHRk,วังสมมตอมรพันธ์,Ci9DQUlRQUNvZENodHljRjlvT2pWd1pYRk1iazF6Y201YVFVVk5OWHBwVmtGVk5tYxAB,3.0,,,Sun Feb 08 2026 09:20:48 GMT-0800 (Pacific Standard Time),Kanokwan Apinantanasakul,https://www.google.com/maps/reviews/data=!4m6!14m5!1m4!2m3!1sCi9DQUlRQUNvZENodHljRjlvT2pWd1pYRk1iazF6Y201YVFVVk5OWHBwVmtGVk5tYxAB!2m1!1s0x30e299001f57507f:0x191dc90a11fe5319
ChIJdWwJFQCZ4jARyKjFa-x9PKI,Entrance to the Grand Palace,Ci9DQUlRQUNvZENodHljRjlvT25CSGRHeE5kVW8xYVZSRE1VNHhjRzlFYjB4aWEzYxAB,5.0,进入曼谷大皇宫本身就是一种独特的体验，即便你还没看到里面的寺庙。入口处人潮涌动，热闹非凡，来自世界各地的游客排着长队，只为一睹泰国最具标志性的地标之一。外国游客的门票为500泰铢，包含皇宫建筑群和玉佛寺的参观。 安检和行李检查井然有序，但队伍可能会很长，尤其是在上午晚些时候。最好在早上8:30左右大门开放时就到达，以避开人群和曼谷的酷暑。 进入大皇宫前需要注意的一点是严格的着装要求。游客必须穿着遮盖肩膀和腿部的服装；否则，保安可能会拒绝你入内，或者要求你在入口附近租借合适的服装。 入口外有很多小贩出售纪念品和长裤，供穿着短裤的游客使用。有些人可能会告诉你大皇宫已经关闭——这是一种常见的骗局，所以最好直接前往官方售票处。 总的来说，大皇宫入口管理有序，但非常拥挤。一旦穿过大门，金碧辉煌的建筑和寺庙便会立刻让你觉得不虚此行。 ⭐小贴士：穿着轻便但得体的衣服，并带上水——在外面等候时会非常炎热。,zh-CN,Thu Mar 12 2026 20:00:21 GMT-0700 (Pacific Daylight Time),Kenneth V.,https://www.google.com/maps/reviews/data=!4m6!14m5!1m4!2m3!1sCi9DQUlRQUNvZENodHljRjlvT25CSGRHeE5kVW8xYVZSRE1VNHhjRzlFYjB4aWEzYxAB!2m1!1s0x30e2990015096c75:0xa23c7dec6bc5a8c8
ChIJdWwJFQCZ4jARyKjFa-x9PKI,Entrance to the Grand Palace,Ci9DQUlRQUNvZENodHljRjlvT2xkS1duRm1lbEZwTTBKVGMwRlRhMDA1UlRsdWVGRRAB,3.0,皇宫本身并不值得专程前往，你主要是去看玉佛，玉佛才值得一看。 卫兵换岗仪式很有趣，但和其他小型卫兵换岗仪式没什么区别。没有军乐队，只有笛鼓乐队。,zh-CN,Sun Feb 08 2026 14:10:39 GMT-0800 (Pacific Standard Time),Marc Pawlowsky,https://www.google.com/maps/reviews/data=!4m6!14m5!1m4!2m3!1sCi9DQUlRQUNvZENodHljRjlvT2xkS1duRm1lbEZwTTBKVGMwRlRhMDA1UlRsdWVGRRAB!2m1!1s0x30e2990015096c75:0xa23c7dec6bc5a8c8
ChIJdWwJFQCZ4jARyKjFa-x9PKI,Entrance to the Grand Palace,Ci9DQUlRQUNvZENodHljRjlvT2pCbVpuaGlTR05ZVmtWRVNWbzRjRTFwYkcxR2QwRRAB,5.0,尽情探索这片区域的每个角落，并去参观出口附近的展览，即使你不喜欢时尚，你也会爱上这里的空调。,zh-CN,Fri Apr 10 2026 00:38:34 GMT-0700 (Pacific Daylight Time),Steph Foster,https://www.google.com/maps/reviews/data=!4m6!14m5!1m4!2m3!1sCi9DQUlRQUNvZENodHljRjlvT2pCbVpuaGlTR05ZVmtWRVNWbzRjRTFwYkcxR2QwRRAB!2m1!1s0x30e2990015096c75:0xa23c7dec6bc5a8c8
ChIJdWwJFQCZ4jARyKjFa-x9PKI,Entrance to the Grand Palace,Ci9DQUlRQUNvZENodHljRjlvT21ZeVNEUlVYMWxLVnpCMU9FTXhkME5oTjJOU1dYYxAB,5.0,人很多，预计会排队，但一旦排队问题解决，一切都很顺利。有很多精彩的景点值得一看。,zh-CN,Mon Feb 16 2026 23:38:17 GMT-0800 (Pacific Standard Time),Frode Veungen,https://www.google.com/maps/reviews/data=!4m6!14m5!1m4!2m3!1sCi9DQUlRQUNvZENodHljRjlvT21ZeVNEUlVYMWxLVnpCMU9FTXhkME5oTjJOU1dYYxAB!2m1!1s0x30e2990015096c75:0xa23c7dec6bc5a8c8
ChIJdWwJFQCZ4jARyKjFa-x9PKI,Entrance to the Grand Palace,Ci9DQUlRQUNvZENodHljRjlvT2t0bFFVRkJXalZxVlhCUk9YTlhZMFJOU1U5eFJtYxAB,5.0,挺酷的地方，有点火爆,zh-CN,Sat Jan 17 2026 03:51:20 GMT-0800 (Pacific Standard Time),Home D,https://www.google.com/maps/reviews/data=!4m6!14m5!1m4!2m3!1sCi9DQUlRQUNvZENodHljRjlvT2t0bFFVRkJXalZxVlhCUk9YTlhZMFJOU1U5eFJtYxAB!2m1!1s0x30e2990015096c75:0xa23c7dec6bc5a8c8
ChIJaTTZsQ-Z4jAReX-GzvBPgLU,Singkhon Khanth Fort,Ci9DQUlRQUNvZENodHljRjlvT21SaGFuZG9VSGhDZGtSSWIycEZhWFp1Y1hOQk9HYxAB,4.0,环绕皇宫的白色长墙纯净而美丽。,zh-CN,Sun Oct 05 2025 02:03:24 GMT-0700 (Pacific Daylight Time),Tomocaz Sight,https://www.google.com/maps/reviews/data=!4m6!14m5!1m4!2m3!1sCi9DQUlRQUNvZENodHljRjlvT21SaGFuZG9VSGhDZGtSSWIycEZhWFp1Y1hOQk9HYxAB!2m1!1s0x30e2990fb1d93469:0xb5804ff0ce867f79
ChIJaTTZsQ-Z4jAReX-GzvBPgLU,Singkhon Khanth Fort,ChdDSUhNMG9nS0VJQ0FnSUNNMDRUYTZBRRAB,5.0,"Decisamente in linea con gli altri punti di interesse architettonico che ho incontrato lungo le mura perimetrali di questo stupendo Palazzo Reale; un peccato non essere riuscito a trovare riferimenti storici più specifici riguardo alla storia e all'utilizzo originale di tutti questi punti di interesse. Ho provato a documentarmi, ma tutto quello che ho trovato ero solo in thailandese, un vero peccato, spero che prima o poi mettano una traduzione in inglese. Comunque veramente bello e tenuto molto bene.",it,Wed Dec 04 2019 00:57:56 GMT-0800 (Pacific Standard Time),Alessio Fauni,https://www.google.com/maps/reviews/data=!4m6!14m5!1m4!2m3!1sChdDSUhNMG9nS0VJQ0FnSUNNMDRUYTZBRRAB!2m1!1s0x30e2990fb1d93469:0xb5804ff0ce867f79
ChIJaTTZsQ-Z4jAReX-GzvBPgLU,Singkhon Khanth Fort,ChdDSUhNMG9nS0VJQ0FnSUN4dmQ2aXpBRRAB,2.0,环绕皇宫的堡垒。,zh-CN,Tue May 23 2023 23:17:47 GMT-0700 (Pacific Daylight Time),Valter Maccari,https://www.google.com/maps/reviews/data=!4m6!14m5!1m4!2m3!1sChdDSUhNMG9nS0VJQ0FnSUN4dmQ2aXpBRRAB!2m1!1s0x30e2990fb1d93469:0xb5804ff0ce867f79
ChIJaTTZsQ-Z4jAReX-GzvBPgLU,Singkhon Khanth Fort,ChZDSUhNMG9nS0VJQ0FnSUN3dFpMNkN3EAE,5.0,皇宫的后门……,zh-CN,Wed Feb 01 2017 09:09:42 GMT-0800 (Pacific Standard Time),Frank Balikok,https://www.google.com/maps/reviews/data=!4m6!14m5!1m4!2m3!1sChZDSUhNMG9nS0VJQ0FnSUN3dFpMNkN3EAE!2m1!1s0x30e2990fb1d93469:0xb5804ff0ce867f79
ChIJaTTZsQ-Z4jAReX-GzvBPgLU,Singkhon Khanth Fort,Ci9DQUlRQUNvZENodHljRjlvT2pjMVRubHBjblJmWVUxR1JubGtXSGhUVEVoTk5uYxAB,5.0,辛孔汗堡,zh-CN,Sun Jun 28 2026 00:00:50 GMT-0700 (Pacific Daylight Time),arinrada_ruk,https://www.google.com/maps/reviews/data=!4m6!14m5!1m4!2m3!1sCi9DQUlRQUNvZENodHljRjlvT2pjMVRubHBjblJmWVUxR1JubGtXSGhUVEVoTk5uYxAB!2m1!1s0x30e2990fb1d93469:0xb5804ff0ce867f79
ChIJE9ePeQCZ4jAR81qyQHKPLf0,Replica of Angkor Wat,Ci9DQUlRQUNvZENodHljRjlvT2tZMGRIUTRMV1ZJU2xFMloxOU5hVmhwTjFaaGIxRRAB,5.0,吴哥窟、大皇宫回顾研究，作者：Rungsun Klinkaeo 先生 吴哥窟复制品 历史 探究拉玛四世国王统治时期拆毁吴哥窟及其他高棉寺庙，最终在玉佛寺（Wat Phra Kaew）重建吴哥窟复制品的缘由…… 了解拉玛四世国王统治时期拆毁吴哥窟及其他高棉寺庙的失败尝试，以及最终在玉佛寺（Wat Phra Kaew）重建“吴哥窟复制品”的缘由。 昭披耶·提帕科拉翁（Chao Phraya Thipakorawong，1813-1870 年，坎文那）所著的《拉达那哥欣王朝皇家编年史：拉玛四世统治时期》记载了拉玛四世国王统治时期，柬埔寨高棉寺庙“吴哥窟”被拆毁并运往暹罗的奇特而引人入胜的事件。 具体来说，是拉玛四世国王……他下令拆除柬埔寨暹粒的吴哥窟，并将其迁至曼谷（以及碧差汶里府）。他派遣帕苏潘·皮桑·坤·查特维查（Phra Suphan Phisan Khun Chatwicha）前往曼谷、吴哥城和吴哥窟视察，视察后报告说……这些寺庙规模都非常庞大，拆除是不可能的。 因此，蒙固国王下令拆除塔布隆寺，这座寺庙比现在的吴哥窟规模小，但却深受游客欢迎（游客蜂拥而至拍照）。法国人没有修复这座寺庙，而是保留了其原始状态，寺庙内遍布树木和树根（香蒲树）。这里似乎还曾是电影《古墓丽影》的取景地，该片由美丽性感的安吉丽娜·朱莉主演。 皇家编年史继续记载，当时派出了四班各500人，分成小组负责拉拽和运输……并举行了仪式和祭祀活动。“寺庙的拆除始于农历六月九日。” 这次由2000人执行的拆除行动发生在1867年，当时正值柬埔寨国王诺罗敦（1859-1904）统治时期。那时，柬埔寨国力衰弱，先后沦为暹罗和越南的附庸国，最终于1867年成为法国的保护国。 在那段时期，暹粒和马德望直接受曼谷控制，由当地贵族阿巴亚翁家族统治。奉命率领拆除塔布隆寺的是来自该城的贵族帕苏潘·皮桑。 此次行动背后的确切原因至今仍是个谜。拉玛四世国王为何在那个时期下令拆除柬埔寨那座巨大的石庙？这一时期恰逢法国入侵印度支那，逐步殖民越南、柬埔寨和老挝（注意东西方体系中“殖民地”和“附庸国”的区别）。法国当时也在与英国竞争，英国已经占领了缅甸和马来亚的部分地区，暹罗则处于其包围圈内…… 然而，令人震惊的是，拆除行动最终失败了。《皇家编年史》记载，大约300名柬埔寨人从森林中冲出，袭击并杀害了帕苏潘皮桑（Phra Suphan Phisan）、一位帕旺（Phra Wang）及其子。他们还打伤了帕玛哈泰和帕约克拉巴，但平民百姓安然无恙，逃回了森林…… 似乎在那段时间，一些柬埔寨人组成了一支游击队，他们对寺庙遭到非法拆毁感到无比愤怒，于是袭击并打伤了负责拆毁寺庙的官员和首领。许多人在破坏中丧生，导致蒙固国王（拉玛四世）暂停了拆除这座石庙的计划。取而代之的是，他委托制作了一座吴哥窟的小型复制品，正如《皇家编年史》中所记载的那样： “工匠们根据照片制作了一座复制品，现在供奉在大皇宫内的玉佛寺（Wat Phra Sri Rattanasasaram）中。” 1989年，洪森首相访问泰国，当时正值东南亚政治谈判时期，东南亚正逐步转型为市场经济。洪森首相也曾要求参观这座复制品…… 版权所有 © 保留所有权利，吴哥窟复制品，Rungsun Klinkaeo 先生，2026年1月8日星期四下午1:20:44。,zh-CN,Thu Jan 08 2026 22:32:47 GMT-0800 (Pacific Standard Time),"The Grand Palace, Mr. Rungsun Klinkaeo",https://www.google.com/maps/reviews/data=!4m6!14m5!1m4!2m3!1sCi9DQUlRQUNvZENodHljRjlvT2tZMGRIUTRMV1ZJU2xFMloxOU5hVmhwTjFaaGIxRRAB!2m1!1s0x30e29900798fd713:0xfd2d8f7240b25af3
ChIJE9ePeQCZ4jAR81qyQHKPLf0,Replica of Angkor Wat,Ci9DQUlRQUNvZENodHljRjlvT2sxdU5tVTBhM1IzWWpoS2FHRnlTRmhUVjNkb01tYxAB,5.0,荣顺·克林凯奥先生所绘吴哥窟（帕西拉达那萨萨达拉姆）肖像 荣顺·克林凯奥先生所绘吴哥窟（大皇宫）肖像 吴哥窟复制品 历史 探究拉玛四世国王统治时期拆毁吴哥窟及其他高棉寺庙的计划，以及最终在玉佛寺（Wat Phra Kaew）建造吴哥窟复制品的缘由…… 了解拉玛四世国王统治时期拆毁吴哥窟及其他高棉寺庙的失败尝试，以及最终在玉佛寺（Wat Phra Kaew）建造“吴哥窟复制品”的缘由。 昭披耶·提帕科拉翁（Chao Phraya Thipakorawong，1813-1870 年，坎文那）所著的《拉达那哥欣王朝皇家编年史：拉玛四世统治时期》记载了许多奇闻轶事。这起事件与蒙固王（拉玛四世）统治时期，柬埔寨高棉寺庙“吴哥窟”被拆解并迁往暹罗有关。 蒙固王萌生了将位于柬埔寨暹粒的石质寺庙“吴哥窟”拆解并迁至曼谷（以及碧差汶里府）的想法。他派遣帕苏潘·皮桑·昆查特维查前往曼谷考察吴哥城和吴哥窟。考察报告指出：“……那里只有规模庞大的寺庙；拆解并运回并不现实。” 因此，蒙固王下令拆解了规模较小的“塔布隆寺”，这座寺庙深受游客欢迎（游客蜂拥而至拍照）。法国人并未修复这座寺庙，而是保留了其原始状态，寺庙内遍布树木和树根（斯蓬树）。它看起来就像电影《古墓丽影》中的场景，而这部电影的主演正是美艳动人的安吉丽娜·朱莉。 《皇家编年史》继续记载，人们被分成“四班，每班五百人，分成若干小组负责拉拽和运输……举行了祭祀仪式，寺庙的拆除工作于农历六月九日开始。” 这场由两千人组成的拆毁队伍于1867年拆除了这座寺庙。当时正值柬埔寨国王诺罗敦统治时期（1859年至1904年）。那时，柬埔寨国力衰弱，先后沦为暹罗和越南的附庸国，最终于1867年投靠法国，成为法国的保护国。 在此期间，暹粒（或称暹粒）和马德望直接受曼谷控制，由阿巴亚翁家族的当地贵族统治。奉命监督拆除塔布隆寺的是来自此城的贵族帕苏潘·皮桑。 拉玛四世国王下令拆除这座柬埔寨宏伟石庙的确切原因尚不清楚。这一时期正值法国入侵印度支那，逐步殖民越南、柬埔寨和老挝（注意东西方体系中“殖民地”和“附庸国”的区别），同时还要与已经占领缅甸和马来亚部分地区的英国展开竞争。这使得暹罗处于一个缓冲地带…… 然而，令人震惊的是，拆除行动失败了。《皇家编年史》记载，大约300名高棉人从森林中冲出，袭击并杀害了帕苏潘·皮桑及其子。帕玛哈泰和帕约克拉巴特等其他几名官员也受了伤。但平民百姓并未伤人，而是逃进了森林…… 恰巧在那段时间，一些柬埔寨人或高棉人组成了一支游击队，他们对寺庙遭到非法拆毁感到无比愤怒，于是枪杀了许多负责拆毁寺庙的贵族和首领。这导致蒙固国王（拉玛四世）暂停了拆毁石庙的计划，转而委托制作了一座吴哥窟的小型复制品，正如《皇家编年史》中所记载： “工匠们根据照片制作了复制品，如今供奉在大皇宫内的玉佛寺（Wat Phra Sri Rattanasasaram）中。” 1989年，洪森首相访问泰国，当时正值东南亚地区战火纷飞、政治博弈时期，他也曾要求参观这座复制的吴哥窟寺庙…… 版权所有 © 保留所有权利，吴哥窟复制品，Rungsun Klinkaeo 先生，2026年1月9日，星期五，下午1:37:27。,zh-CN,Thu Jan 08 2026 23:09:57 GMT-0800 (Pacific Standard Time),"Phra Si Rattana Satsadaram, Mr. Rungsun Klinkaeo",https://www.google.com/maps/reviews/data=!4m6!14m5!1m4!2m3!1sCi9DQUlRQUNvZENodHljRjlvT2sxdU5tVTBhM1IzWWpoS2FHRnlTRmhUVjNkb01tYxAB!2m1!1s0x30e29900798fd713:0xfd2d8f7240b25af3
ChIJE9ePeQCZ4jAR81qyQHKPLf0,Replica of Angkor Wat,Ci9DQUlRQUNvZENodHljRjlvT2xwMWNUWkthVEJ4Y2s1SFZFaHZVWFl4ZG1ObGFIYxAB,5.0,吴哥窟复制品 吴哥窟复制品建于拉玛四世统治时期，他下令建造一座复制品，并将其放置在曼谷，以提醒人们吴哥窟曾经是暹罗的一部分。,zh-CN,Thu Sep 18 2025 01:32:19 GMT-0700 (Pacific Daylight Time),ChubbyArin,https://www.google.com/maps/reviews/data=!4m6!14m5!1m4!2m3!1sCi9DQUlRQUNvZENodHljRjlvT2xwMWNUWkthVEJ4Y2s1SFZFaHZVWFl4ZG1ObGFIYxAB!2m1!1s0x30e29900798fd713:0xfd2d8f7240b25af3
ChIJE9ePeQCZ4jAR81qyQHKPLf0,Replica of Angkor Wat,Ci9DQUlRQUNvZENodHljRjlvT2xKSlRWZ3RWMUpXVUVkTmFsTkVka1YzYUdkbk5WRRAB,5.0,真可惜我们没能从上面看到景色。,zh-CN,Fri Aug 22 2025 22:58:54 GMT-0700 (Pacific Daylight Time),Anucha Thuvaphokai,https://www.google.com/maps/reviews/data=!4m6!14m5!1m4!2m3!1sCi9DQUlRQUNvZENodHljRjlvT2xKSlRWZ3RWMUpXVUVkTmFsTkVka1YzYUdkbk5WRRAB!2m1!1s0x30e29900798fd713:0xfd2d8f7240b25af3
ChIJE9ePeQCZ4jAR81qyQHKPLf0,Replica of Angkor Wat,Ci9DQUlRQUNvZENodHljRjlvT2pGTGQxWnhjMnRuU2xSWFREbDRWbEZNZEdjdFJrRRAB,5.0,美丽的,zh-CN,Sun Mar 22 2026 09:28:26 GMT-0700 (Pacific Daylight Time),Omiiigod CJ.,https://www.google.com/maps/reviews/data=!4m6!14m5!1m4!2m3!1sCi9DQUlRQUNvZENodHljRjlvT2pGTGQxWnhjMnRuU2xSWFREbDRWbEZNZEdjdFJrRRAB!2m1!1s0x30e29900798fd713:0xfd2d8f7240b25af3
ChIJfeofKQCZ4jARCP1VtuO7HpU,ป้อมสัญจรวิง,Ci9DQUlRQUNvZENodHljRjlvT2pRNGFFRlRaRmsxVUc5SWJYSnFNMll6UzFFd01WRRAB,5.0,最佳拍照角度是背对堡垒，朝着巨型秋千方向拍照。,zh-CN,Fri Feb 13 2026 00:54:36 GMT-0800 (Pacific Standard Time),Nooh Nuniam,https://www.google.com/maps/reviews/data=!4m6!14m5!1m4!2m3!1sCi9DQUlRQUNvZENodHljRjlvT2pRNGFFRlRaRmsxVUc5SWJYSnFNMll6UzFFd01WRRAB!2m1!1s0x30e29900291fea7d:0x951ebbe3b655fd08
ChIJfeofKQCZ4jARCP1VtuO7HpU,ป้อมสัญจรวิง,ChZDSUhNMG9nS0VJQ0FnTUNJbmVuTGZBEAE,5.0,🧱桑查恩猜翼堡位于大皇宫东侧，靠近春蓬府。 ⭐️堡垒本身坚固而美丽。,zh-CN,Thu Apr 03 2025 19:53:50 GMT-0700 (Pacific Daylight Time),JT.,https://www.google.com/maps/reviews/data=!4m6!14m5!1m4!2m3!1sChZDSUhNMG9nS0VJQ0FnTUNJbmVuTGZBEAE!2m1!1s0x30e29900291fea7d:0x951ebbe3b655fd08
ChIJfeofKQCZ4jARCP1VtuO7HpU,ป้อมสัญจรวิง,Ci9DQUlRQUNvZENodHljRjlvT2xkUlZIbGFUVlJ2Tmw5b2VURnVSelJQZFRaMlpYYxAB,5.0,三千猜翼堡是一座位于大皇宫东侧的炮台。,zh-CN,Sun Jun 28 2026 00:11:57 GMT-0700 (Pacific Daylight Time),ChubbyArin,https://www.google.com/maps/reviews/data=!4m6!14m5!1m4!2m3!1sCi9DQUlRQUNvZENodHljRjlvT2xkUlZIbGFUVlJ2Tmw5b2VURnVSelJQZFRaMlpYYxAB!2m1!1s0x30e29900291fea7d:0x951ebbe3b655fd08
ChIJPVbyUgCZ4jARyL9xuazYYCk,ป้อมพิศาลสีมา,Ci9DQUlRQUNvZENodHljRjlvT2w4MVExSTBNRjk1V1ZwdVFUTndUbWxWZUdaWFUzYxAB,5.0,,,Fri Feb 06 2026 22:22:04 GMT-0800 (Pacific Standard Time),Nattadej Punmanee,https://www.google.com/maps/reviews/data=!4m6!14m5!1m4!2m3!1sCi9DQUlRQUNvZENodHljRjlvT2w4MVExSTBNRjk1V1ZwdVFUTndUbWxWZUdaWFUzYxAB!2m1!1s0x30e2990052f2563d:0x2960d8acb971bfc8
ChIJPVbyUgCZ4jARyL9xuazYYCk,ป้อมพิศาลสีมา,Ci9DQUlRQUNvZENodHljRjlvT2xoTlh6Vm1jblkyWm5KcVZYSlNUSGhLUjIxV2VFRRAB,5.0,,,Mon Aug 04 2025 21:47:34 GMT-0700 (Pacific Daylight Time),Natee Seewaen (อ๊อฟ),https://www.google.com/maps/reviews/data=!4m6!14m5!1m4!2m3!1sCi9DQUlRQUNvZENodHljRjlvT2xoTlh6Vm1jblkyWm5KcVZYSlNUSGhLUjIxV2VFRRAB!2m1!1s0x30e2990052f2563d:0x2960d8acb971bfc8
ChIJQ7N2QBuZ4jARpyHSA3o8Q1Q,บุคคลัภย์,ChdDSUhNMG9nS0VJQ0FnSURnM2JmU3pnRRAB,5.0,我非常喜欢这座建筑，因为它是泰国银行业起源的地方，后来发展成为暹罗商业银行，也就是现在的暹罗商业银行（SCB）。在翻新之前，我就来过这里很多次。现在它真漂亮！很高兴有人如此用心维护它。你可以在这里买到鲜花；店主非常热情，他说很多人来这里参观拍照。,zh-CN,Sun Aug 05 2018 08:25:19 GMT-0700 (Pacific Daylight Time),Kawin Suwantragul,https://www.google.com/maps/reviews/data=!4m6!14m5!1m4!2m3!1sChdDSUhNMG9nS0VJQ0FnSURnM2JmU3pnRRAB!2m1!1s0x30e2991b4076b343:0x54433c7a03d221a7
ChIJQ7N2QBuZ4jARpyHSA3o8Q1Q,บุคคลัภย์,Ci9DQUlRQUNvZENodHljRjlvT2twbGMyVmZNamRwUWsxWWJreFJORGhPVkVFNU5GRRAB,5.0,,,Sat Sep 06 2025 21:23:50 GMT-0700 (Pacific Daylight Time),Guru Local,https://www.google.com/maps/reviews/data=!4m6!14m5!1m4!2m3!1sCi9DQUlRQUNvZENodHljRjlvT2twbGMyVmZNamRwUWsxWWJreFJORGhPVkVFNU5GRRAB!2m1!1s0x30e2991b4076b343:0x54433c7a03d221a7
ChIJQ7N2QBuZ4jARpyHSA3o8Q1Q,บุคคลัภย์,ChZDSUhNMG9nS0VJQ0FnSUN2N3JyZVFBEAE,5.0,,,Tue Dec 10 2024 22:43:30 GMT-0800 (Pacific Standard Time),Azucena Diaz,https://www.google.com/maps/reviews/data=!4m6!14m5!1m4!2m3!1sChZDSUhNMG9nS0VJQ0FnSUN2N3JyZVFBEAE!2m1!1s0x30e2991b4076b343:0x54433c7a03d221a7
ChIJX9OsPQCZ4jAR8DSPCtKL3zM,ศาลาแม่ซื้อ,Ci9DQUlRQUNvZENodHljRjlvT2pOMVQwVmZYMWRYVjJKb1lVNUtWbWRRU0V0S09FRRAB,5.0,位于卧佛寺（Wat Pho）内的湄苏亭，收藏着关于婴幼儿护理和疾病治疗的古代医学典籍，这些典籍均与“湄苏”（守护儿童的神灵）有关。该亭已被联合国教科文组织列为世界记忆名录。亭内壁画描绘了与一周七天相关的湄苏神灵，并刻有治疗婴幼儿疾病的方法。,zh-CN,Tue Feb 17 2026 06:02:57 GMT-0800 (Pacific Standard Time),ChubbyArin,https://www.google.com/maps/reviews/data=!4m6!14m5!1m4!2m3!1sCi9DQUlRQUNvZENodHljRjlvT2pOMVQwVmZYMWRYVjJKb1lVNUtWbWRRU0V0S09FRRAB!2m1!1s0x30e299003dacd35f:0x33df8bd20a8f34f0
ChIJX9OsPQCZ4jAR8DSPCtKL3zM,ศาลาแม่ซื้อ,Ci9DQUlRQUNvZENodHljRjlvT21oMmRrdHNUVU5RV20wdE9EUmFXbGxUVlhWaGFVRRAB,4.0,湄苏亭位于帕切图蓬维蒙芒卡拉兰寺（卧佛寺）内，四皇大佛塔东墙外。亭内绘有壁画，描绘了一周七天的湄苏神，以及驱邪避凶的神灵，还有铭文记载了湄苏所致的各种疾病。 湄苏是守护婴儿（出生至12个月）的神灵。然而，如果湄苏过度戏弄婴儿，则可能导致婴儿生病。 根据泰国传统医学典籍之一的《帕通钦达经》记载，湄苏的头部被描述为动物的头，代表九大行星神灵的日期。经中还提到，将婴儿的胎盘埋葬在湄苏的居所，可以得到她的庇佑，避免她骚扰、恐吓婴儿或使婴儿频繁生病。七位母神（Mae Sue）的特征和居所如下： 星期日出生的孩子的守护神： 名字：Wichitmawan，狮头。 居住在蚁穴中。将胎盘埋在蚁穴中被认为是吉祥的。 星期一出生的孩子的守护神： 名字：Wannanongkran，马头。 居住在井中。将胎盘埋在井边被认为是吉祥的。 星期二出生的孩子的守护神是： 名字：Nang Yak Borisut（无子女巨人），水牛头。 居住在神龛中。将胎盘埋在神龛附近被认为是吉祥的。 星期三出生的孩子的守护神是： 名字：Nang Samlatat（象头女巨人），象头。 居住在菩提树中。将胎盘埋在菩提树下被认为是吉祥的。 星期四出生的孩子的守护神是： 名字：南卡洛图克（鹿头女巨人），鹿头。 她居住在池塘里。将胎盘埋在池塘边被认为是吉祥的。 星期五出生的孩子的守护神是： 名字：南雅克农耀（牛头女巨人），牛头。 她居住在榕树里。将胎盘埋在榕树下被认为是吉祥的。 星期六出生的孩子的守护神是： 名字：南埃卡莱（虎头皇后），虎头。 她居住在神龛里。将胎盘埋在神龛附近被认为是吉祥的。,zh-CN,Fri Nov 21 2025 02:06:12 GMT-0800 (Pacific Standard Time),Journey Directory,https://www.google.com/maps/reviews/data=!4m6!14m5!1m4!2m3!1sCi9DQUlRQUNvZENodHljRjlvT21oMmRrdHNUVU5RV20wdE9EUmFXbGxUVlhWaGFVRRAB!2m1!1s0x30e299003dacd35f:0x33df8bd20a8f34f0
ChIJX9OsPQCZ4jAR8DSPCtKL3zM,ศาลาแม่ซื้อ,Ci9DQUlRQUNvZENodHljRjlvT25Sd01uRTBWM2h5YnpoYVpUQnFNekJPUTJ0b2QyYxAB,3.0,这是材料及说明展厅。 墙壁很长。,zh-CN,Mon May 11 2026 04:02:29 GMT-0700 (Pacific Daylight Time),김혁,https://www.google.com/maps/reviews/data=!4m6!14m5!1m4!2m3!1sCi9DQUlRQUNvZENodHljRjlvT25Sd01uRTBWM2h5YnpoYVpUQnFNekJPUTJ0b2QyYxAB!2m1!1s0x30e299003dacd35f:0x33df8bd20a8f34f0
ChIJX9OsPQCZ4jAR8DSPCtKL3zM,ศาลาแม่ซื้อ,Ci9DQUlRQUNvZENodHljRjlvT21oRFJXMVZNamcwV0doNWJraENjMVIwWHpkVGNVRRAB,5.0,,,Wed Dec 10 2025 09:16:47 GMT-0800 (Pacific Standard Time),Sneha Bhowmik,https://www.google.com/maps/reviews/data=!4m6!14m5!1m4!2m3!1sCi9DQUlRQUNvZENodHljRjlvT21oRFJXMVZNamcwV0doNWJraENjMVIwWHpkVGNVRRAB!2m1!1s0x30e299003dacd35f:0x33df8bd20a8f34f0
ChIJQXRaaQCZ4jARGt50Vrt7__Y,Green Park in Wat Po,Ci9DQUlRQUNvZENodHljRjlvT2tjd1FWQlFWRVZrYzBzNVYzQnBlRkJJTmtsQ2VFRRAB,5.0,鳄鱼池最初只是寺庙里的一个普通池塘。后来，人们引进鳄鱼饲养于此。在罗摩三世国王统治时期，寺庙进行了修缮和装饰，使其更加美丽，并建造了如今我们所见的鳄鱼池。 目前，池中并没有真正的鳄鱼，只有作为纪念的鳄鱼雕像。,zh-CN,Tue Feb 17 2026 21:10:35 GMT-0800 (Pacific Standard Time),ChubbyArin,https://www.google.com/maps/reviews/data=!4m6!14m5!1m4!2m3!1sCi9DQUlRQUNvZENodHljRjlvT2tjd1FWQlFWRVZrYzBzNVYzQnBlRkJJTmtsQ2VFRRAB!2m1!1s0x30e29900695a7441:0xf6ff7bbb5674de1a
ChIJQXRaaQCZ4jARGt50Vrt7__Y,Green Park in Wat Po,Ci9DQUlRQUNvZENodHljRjlvT25SMmNHRlNaVTVZY0hSbloybHJaelY0ZHpKNVZuYxAB,3.0,这是一个带鳄鱼喷水装置的小花园。 没什么好解释的。,zh-CN,Mon May 11 2026 03:54:56 GMT-0700 (Pacific Daylight Time),김혁,https://www.google.com/maps/reviews/data=!4m6!14m5!1m4!2m3!1sCi9DQUlRQUNvZENodHljRjlvT25SMmNHRlNaVTVZY0hSbloybHJaelY0ZHpKNVZuYxAB!2m1!1s0x30e29900695a7441:0xf6ff7bbb5674de1a
ChIJq4fjG4uZ4jAR96Gc8aCzan0,พระอุโบสถ วัดสระเกศราชวรมหาวิหาร,Ci9DQUlRQUNvZENodHljRjlvT2taNmRVaHBOMFpVVlc5NE1VaFJkVGRPWWxWVVYyYxAB,5.0,金山寺主拜堂,zh,Tue Apr 07 2026 10:59:46 GMT-0700 (Pacific Daylight Time),Lovely Banana,https://www.google.com/maps/reviews/data=!4m6!14m5!1m4!2m3!1sCi9DQUlRQUNvZENodHljRjlvT2taNmRVaHBOMFpVVlc5NE1VaFJkVGRPWWxWVVYyYxAB!2m1!1s0x30e2998b1be387ab:0x7d6ab3a0f19ca1f7
ChIJq4fjG4uZ4jAR96Gc8aCzan0,พระอุโบสถ วัดสระเกศราชวรมหาวิหาร,Ci9DQUlRQUNvZENodHljRjlvT2s0eVpXNXhXSFIyYVZNemMzcFpWMUJDYkZGNk4yYxAB,5.0,萨克特拉查沃拉玛哈维汉寺（原名萨凯寺）的主殿是一处重要的历史遗址，建于拉达那哥欣王朝早期，历经数位君主的多次修缮。其历史和建筑细节如下： 建造与修缮 拉玛一世时期：佛陀约法朱拉洛克国王下令对萨凯寺进行大规模修缮，并将其更名为“萨克特寺”，同时委托建造新的主殿。 拉玛三世时期：南克劳国王下令在主殿周围建造回廊，并委托艺术家在回廊内绘制壁画。 拉玛七世时期：帕拉迪波国王下令进行大规模修缮，包括移除受损的原始壁画并更换新的壁画。 主殿主佛像 皇家名称：2022年，哇集拉隆功国王（拉玛十世）陛下恩赐主殿主佛像为“帕佛陀蒙坤钦西瓦奇拉穆尼”（Phra Phuttha Mongkol Chin Si Wachiramuni）。 建造历史：拉玛一世国王统治时期建造新主殿时，由于基座过高，原先运来的石佛像显得较小，与殿堂比例失调。因此，拉玛一世国王下令工匠用水泥覆盖原佛像，使其看起来更大，同时保持原有的禅定姿态。之后，佛像被涂上漆，并贴上金箔。 佛教艺术风格：雕塑艺术风格传承自阿瑜陀耶王朝晚期。他的脸型比较方正，头发卷成小卷，僧袍披在身上，这是拉达那哥欣时代流行的装束。,zh-CN,Fri May 08 2026 01:50:22 GMT-0700 (Pacific Daylight Time),Atthimate Teerabannaluck,https://www.google.com/maps/reviews/data=!4m6!14m5!1m4!2m3!1sCi9DQUlRQUNvZENodHljRjlvT2s0eVpXNXhXSFIyYVZNemMzcFpWMUJDYkZGNk4yYxAB!2m1!1s0x30e2998b1be387ab:0x7d6ab3a0f19ca1f7
ChIJq4fjG4uZ4jAR96Gc8aCzan0,พระอุโบสถ วัดสระเกศราชวรมหาวิหาร,Ci9DQUlRQUNvZENodHljRjlvT2xVeGVXaElNM0JFVVVwV0xXSkZWMDAzTW01aFYwRRAB,5.0,萨克寺（Wat Saket Ratchaworamahaviharn）的主殿奉皇室之命进行了修缮。国王在萨克寺（Wat Sakae）周围开挖了一条运河，并将其命名为“玛哈纳克运河”（Khlong Mahanak）和“翁昂运河”（Khlong Ong Ang）。他还下令建造一座新的主殿，并雇佣了一万名高棉囚犯。在建造新殿的过程中，人们发现新殿的佛坛底座比原先高出许多，使得原先石雕的禅定佛像显得很小，与新殿的规模不成比例。因此，国王下令制作一尊新的佛像，用灰泥覆盖原佛像以保持其禅定姿态，并为其镀金。由此，萨克寺的主殿中便出现了两尊佛像重叠在一起的景象。由于最初没有赋予佛像皇家名称，萨格寺主殿中的主佛像通常被称为……“龙婆帕帕坦”（意为“父佛像”）这个名字代代相传。后来，尊贵的颂德帕普塔查恩（基乌乌帕塞诺）回忆说，他曾问尊贵的颂德帕桑卡拉吉（于亚诺塔亚玛哈长老）为何萨格寺的主佛像没有名字。尊德帕桑卡拉吉回答说，这可能是因为萨格寺戒堂中的主佛像是由拉玛一世国王亲自建造的，当时并没有命名。因此，自古以来就没有人给它取名，它就一直被称为“龙婆帕帕坦”。至于环绕在萨格寺（Wat Saket）戒堂主佛像周围的白色伞盖（Sawaetchat），尊者颂德帕普塔查恩（Kiew Upaseno）说，他从尊者颂德帕桑卡拉（Yu Yanothayamaha Thera）处得知，拉玛三世国王曾下令建造此伞盖，作为他某年乘船巡游期间供奉迦提那袈裟的礼物。国王在阿塔拉斯寺（Phra Attharas Temple）前的码头下船后，向他下令从彭世洛府（Phitsanulok）的披汉通寺（Wat Phiharn Thong）迎请来的阿塔拉斯佛像举行了供奉仪式。之后，国王进入主殿供奉迦提那袈裟。,zh-CN,Sat Oct 04 2025 21:09:10 GMT-0700 (Pacific Daylight Time),ธวัชชัย อารีย์,https://www.google.com/maps/reviews/data=!4m6!14m5!1m4!2m3!1sCi9DQUlRQUNvZENodHljRjlvT2xVeGVXaElNM0JFVVVwV0xXSkZWMDAzTW01aFYwRRAB!2m1!1s0x30e2998b1be387ab:0x7d6ab3a0f19ca1f7
ChIJq4fjG4uZ4jAR96Gc8aCzan0,พระอุโบสถ วัดสระเกศราชวรมหาวิหาร,Ci9DQUlRQUNvZENodHljRjlvT2taemNYaGxkRjlKV1U5a1NVbG1XVmhNWDNkTFUwRRAB,5.0,第七座寺庙是萨克特拉差瓦拉玛哈维哈恩寺（Wat Saket Ratchaworamahaviharn），又名普考通寺（Wat Phukhao Thong）。其主殿内的主佛像名为“帕佛陀蒙坤钦西哈瓦奇拉玛尼”（Phra Phuttha Mongkol Chin Siha Wachiramani）。 …… 这座寺庙最初是拉达那哥欣王朝第十五世僧王颂德帕桑卡拉玉（Somdet Phra Sangkharaj Yu）的住所。人们相信“在此祈祷可以培养吉祥的念头和积极的心态”。 …… #九寺朝圣之旅 #人生第一条路,zh-CN,Thu Jan 01 2026 22:03:03 GMT-0800 (Pacific Standard Time),opas wongtaweesap,https://www.google.com/maps/reviews/data=!4m6!14m5!1m4!2m3!1sCi9DQUlRQUNvZENodHljRjlvT2taemNYaGxkRjlKV1U5a1NVbG1XVmhNWDNkTFUwRRAB!2m1!1s0x30e2998b1be387ab:0x7d6ab3a0f19ca1f7
ChIJq4fjG4uZ4jAR96Gc8aCzan0,พระอุโบสถ วัดสระเกศราชวรมหาวิหาร,ChdDSUhNMG9nS0VLdTJzUHlOeXJQYnZnRRAB,5.0,萨格寺的主殿美轮美奂。若不参拜殿内的佛像，萨格寺之行便不算完整。主殿内供奉着“帕普塔蒙坤钦西瓦奇拉穆尼佛像”，这是一尊巨大的镀金灰泥佛像，呈禅定姿态。这尊佛像的制作工艺精湛，完全符合佛教教义。最初，这尊主佛像并无名字，直到2022年才被赋予“帕普塔蒙坤钦西瓦奇拉穆尼佛像”之名。环绕主殿的回廊设有四座拱形门，内供奉着163尊佛像，包括金属铸造和灰泥材质的佛像。镀金的木质山墙上雕刻精美，并镶嵌着玻璃马赛克，描绘了毗湿奴骑乘金翅鸟和诸神形象。主殿内还保存着拉玛三世国王统治时期的原始壁画。小教堂周围每个方向都有八个装饰华丽的界碑（sema），上面装饰着漂亮的瓷砖对。,zh-CN,Sun Jun 15 2025 07:17:35 GMT-0700 (Pacific Daylight Time),Vitaya Kunavichayanont,https://www.google.com/maps/reviews/data=!4m6!14m5!1m4!2m3!1sChdDSUhNMG9nS0VLdTJzUHlOeXJQYnZnRRAB!2m1!1s0x30e2998b1be387ab:0x7d6ab3a0f19ca1f7
ChIJhYtjJ6aZ4jARW95EUPPerPk,กุฏิฉัตรลีลา คณะ12 วัดสระเกศราชวรมหาวิหาร (ภูเขาทอง),Ci9DQUlRQUNvZENodHljRjlvT2psd1pGY3hUVEpRUTJweVlsWlpVMDR6YzJOb2JsRRAB,5.0,孩子,zh-CN,Sun Aug 10 2025 02:57:49 GMT-0700 (Pacific Daylight Time),that paing,https://www.google.com/maps/reviews/data=!4m6!14m5!1m4!2m3!1sCi9DQUlRQUNvZENodHljRjlvT2psd1pGY3hUVEpRUTJweVlsWlpVMDR6YzJOb2JsRRAB!2m1!1s0x30e299a627638b85:0xf9acdef35044de5b
ChIJhYtjJ6aZ4jARW95EUPPerPk,กุฏิฉัตรลีลา คณะ12 วัดสระเกศราชวรมหาวิหาร (ภูเขาทอง),ChZDSUhNMG9nS0VJQ0FnTURnMGEya2RBEAE,5.0,,,Tue Feb 25 2025 04:50:35 GMT-0800 (Pacific Standard Time),Thongphan Khunwitthaya,https://www.google.com/maps/reviews/data=!4m6!14m5!1m4!2m3!1sChZDSUhNMG9nS0VJQ0FnTURnMGEya2RBEAE!2m1!1s0x30e299a627638b85:0xf9acdef35044de5b
ChIJhYtjJ6aZ4jARW95EUPPerPk,กุฏิฉัตรลีลา คณะ12 วัดสระเกศราชวรมหาวิหาร (ภูเขาทอง),ChZDSUhNMG9nS0VJQ0FnSURQb3NibmNBEAE,4.0,,,Sat Nov 30 2024 03:44:20 GMT-0800 (Pacific Standard Time),Upatham Piyarat,https://www.google.com/maps/reviews/data=!4m6!14m5!1m4!2m3!1sChZDSUhNMG9nS0VJQ0FnSURQb3NibmNBEAE!2m1!1s0x30e299a627638b85:0xf9acdef35044de5b
ChIJFUxr57KZ4jARGkkuhh7auzs,สำนักสงฆ์กั๊กฮึ้งเนี่ยมฮุกลิ้ม,ChZDSUhNMG9nS0VJQ0FnTUNvaF9EZUNBEAE,5.0,觉雄念福林寺 寺名或许有些拗口，但寺内氛围却出奇地宁静祥和。这是一座小巧、简朴而静谧的中国式寺院。寺院建筑为简单的混凝土结构，周围没有树木或花园，因此可能不太适合那些寻求静谧自然环境的人。然而，寺院的宁静和秩序弥补了这一点。 寺内干净整洁，氛围宁静祥和，是静心修行或寻求自我反思的理想之所。 寺院坐落于一处远离尘嚣的世外桃源。这里静谧祥和，融合了中国和泰国佛教的精髓，散发着神圣的气息。 僧侣和寺院管理员友善亲切，会用浅显易懂的方式讲解佛法；他们不宣讲教义，而是鼓励修行者静心冥想。 如果您感到烦恼、需要内心的平静，或者只是想来拜访佛陀并表达敬意，不妨考虑来这里参观。,zh-CN,Sun Apr 20 2025 02:39:02 GMT-0700 (Pacific Daylight Time),Mr. Sandman,https://www.google.com/maps/reviews/data=!4m6!14m5!1m4!2m3!1sChZDSUhNMG9nS0VJQ0FnTUNvaF9EZUNBEAE!2m1!1s0x30e299b2e76b4c15:0x3bbbda1e862e491a
ChIJFUxr57KZ4jARGkkuhh7auzs,สำนักสงฆ์กั๊กฮึ้งเนี่ยมฮุกลิ้ม,ChdDSUhNMG9nS0VJQ0FnSUN1OEtYc3pBRRAB,5.0,曼斯里巷1号的华人寺庙,zh-CN,Tue Jul 19 2022 06:53:30 GMT-0700 (Pacific Daylight Time),vichayut sawet,https://www.google.com/maps/reviews/data=!4m6!14m5!1m4!2m3!1sChdDSUhNMG9nS0VJQ0FnSUN1OEtYc3pBRRAB!2m1!1s0x30e299b2e76b4c15:0x3bbbda1e862e491a
ChIJFUxr57KZ4jARGkkuhh7auzs,สำนักสงฆ์กั๊กฮึ้งเนี่ยมฮุกลิ้ม,Ci9DQUlRQUNvZENodHljRjlvT21aNVFrcE9XVFo0YzJVM1pEQnVWUzAyU1hGUk4zYxAB,5.0,,,Wed Aug 20 2025 03:04:26 GMT-0700 (Pacific Daylight Time),พลพัธน์ ภูรีสถิตย์,https://www.google.com/maps/reviews/data=!4m6!14m5!1m4!2m3!1sCi9DQUlRQUNvZENodHljRjlvT21aNVFrcE9XVFo0YzJVM1pEQnVWUzAyU1hGUk4zYxAB!2m1!1s0x30e299b2e76b4c15:0x3bbbda1e862e491a
ChIJFUxr57KZ4jARGkkuhh7auzs,สำนักสงฆ์กั๊กฮึ้งเนี่ยมฮุกลิ้ม,ChZDSUhNMG9nS0VJQ0FnSUNDa3NYRkJnEAE,5.0,,,Wed Feb 19 2025 03:51:48 GMT-0800 (Pacific Standard Time),Ven.Sheng-yin,https://www.google.com/maps/reviews/data=!4m6!14m5!1m4!2m3!1sChZDSUhNMG9nS0VJQ0FnSUNDa3NYRkJnEAE!2m1!1s0x30e299b2e76b4c15:0x3bbbda1e862e491a
ChIJFUxr57KZ4jARGkkuhh7auzs,สำนักสงฆ์กั๊กฮึ้งเนี่ยมฮุกลิ้ม,ChdDSUhNMG9nS0VJQ0FnSUNfb3VlbHBnRRAB,5.0,,,Tue Jan 14 2025 03:00:11 GMT-0800 (Pacific Standard Time),Tanakorn Thamcharoenkij,https://www.google.com/maps/reviews/data=!4m6!14m5!1m4!2m3!1sChdDSUhNMG9nS0VJQ0FnSUNfb3VlbHBnRRAB!2m1!1s0x30e299b2e76b4c15:0x3bbbda1e862e491a
ChIJx40aEr2Z4jARK_js0M9S-9U,กวงเม้งเจ็งเสี่ย,ChZDSUhNMG9nS0VJQ0FnSUM5NEpYamFBEAE,5.0,它舒适又放松。,zh-CN,Thu Feb 29 2024 01:22:54 GMT-0800 (Pacific Standard Time),ณัฐพงศ์ เตชานุเคราะห์,https://www.google.com/maps/reviews/data=!4m6!14m5!1m4!2m3!1sChZDSUhNMG9nS0VJQ0FnSUM5NEpYamFBEAE!2m1!1s0x30e299bd121a8dc7:0xd5fb52cfd0ecf82b
ChIJx40aEr2Z4jARK_js0M9S-9U,กวงเม้งเจ็งเสี่ย,Ci9DQUlRQUNvZENodHljRjlvT25sQmJTMTFRazFRVGtjM1ZrOHlVWGhDVFZaeU5rRRAB,5.0,这是一个非常有价值且宁静祥和的地方，僧侣们也很和蔼可亲。我推荐大家去那里积德行善。,zh-CN,Wed Jul 08 2026 20:48:08 GMT-0700 (Pacific Daylight Time),Thirat Ruangklad,https://www.google.com/maps/reviews/data=!4m6!14m5!1m4!2m3!1sCi9DQUlRQUNvZENodHljRjlvT25sQmJTMTFRazFRVGtjM1ZrOHlVWGhDVFZaeU5rRRAB!2m1!1s0x30e299bd121a8dc7:0xd5fb52cfd0ecf82b
ChIJx40aEr2Z4jARK_js0M9S-9U,กวงเม้งเจ็งเสี่ย,ChZDSUhNMG9nS0VJQ0FnSUQwM0tpZ2V3EAE,5.0,,,Sat Oct 26 2019 23:34:45 GMT-0700 (Pacific Daylight Time),Chin Jung,https://www.google.com/maps/reviews/data=!4m6!14m5!1m4!2m3!1sChZDSUhNMG9nS0VJQ0FnSUQwM0tpZ2V3EAE!2m1!1s0x30e299bd121a8dc7:0xd5fb52cfd0ecf82b
ChIJx40aEr2Z4jARK_js0M9S-9U,กวงเม้งเจ็งเสี่ย,ChZDSUhNMG9nS0VJQ0FnSUMwMDVTSUZnEAE,5.0,,,Wed Oct 09 2019 02:08:12 GMT-0700 (Pacific Daylight Time),สารยุทธ์ หงษ์ประเสริฐ,https://www.google.com/maps/reviews/data=!4m6!14m5!1m4!2m3!1sChZDSUhNMG9nS0VJQ0FnSUMwMDVTSUZnEAE!2m1!1s0x30e299bd121a8dc7:0xd5fb52cfd0ecf82b
ChIJx40aEr2Z4jARK_js0M9S-9U,กวงเม้งเจ็งเสี่ย,ChdDSUhNMG9nS0VJQ0FnSURJMUlUNjVBRRAB,5.0,,,Sat Dec 22 2018 22:02:21 GMT-0800 (Pacific Standard Time),Tan Wei Liang Calvert,https://www.google.com/maps/reviews/data=!4m6!14m5!1m4!2m3!1sChdDSUhNMG9nS0VJQ0FnSURJMUlUNjVBRRAB!2m1!1s0x30e299bd121a8dc7:0xd5fb52cfd0ecf82b
ChIJw2I3_jyZ4jARBkZdqG12vCc,Wat Thewi Worayat,ChdDSUhNMG9nS0VJQ0FnSUNEaGRHVnF3RRAB,3.0,337...11 02 2567 瓦特威沃拉亚寺（Wat Thewi Worayat，又名昌旺普昂寺），位于曼谷蓬帕沙都派区瓦特普西林街道。 隶属于大乘佛教宗派。 瓦吉拉伍德国王（拉玛六世）赐予寺庙“瓦特威沃拉亚寺”之名。 寺庙概况： 始建于佛历2393年（公元1850年）。于佛历2557年1月15日（公元2014年）获得寺庙界碑（Visungkamsima）。 戒堂独特，建于莲花座之上，前后均设有走廊。走廊饰以琉璃栏杆。 住持：帕库·西里塔玛空（Phra Khru Sirithammakorn）。 纳达奈·帕克迪维拉翁于佛历2567年2月11日（公元2023年1月1日）拍摄的照片，以及于佛历2566年1月1日（公元2023年1月1日）拍摄的原始照片。共17张照片。 这座寺庙位于作者的第337号相册中。（作者所有相册中的所有照片均可使用。作者旨在传播佛教。）（为了在无需许可的情况下向更广泛的受众传播宗教知识。） 这是坤·索姆努克带我去的另一座寺庙。我承认，如果不是他带我去，我可能就拍不到这座寺庙的照片了。还有一座寺庙在街对面，像一座隐秘的寺庙，不在主干道上。它位于一条小巷里，大约一公里远。尽管靠近居民区，这座寺庙却显得格外宁静。寺庙里没有供奉的圣物或雕像，只有主殿本身，而主殿本身就非常独特。此外，我尽力搜集了关于它历史的资料。简单来说，我们将看到每座寺庙的照片，每座寺庙都有其独特的特色和差异，这些地方若非亲眼所见，我们可能从未见过。 Wat Thewi Worayathi 寺建于 1850 年，由 Changwang Phuang 捐建，他将自己的房屋用作寺庙。早期，它是一座房屋与寺庙的混合体，没有主殿。因此，他们借用 Wat Disanukaram 或 Wat Changwang Dit 的殿堂举行宗教仪式。人们通常称其为 Wat Changwang Phuang。后来，在朱拉隆功国王统治时期，Phraya Phrutthathibodi 于 1909 年建造了主殿。在 Vajiravudh 国王统治时期，国王将其命名为 Wat Thewi Worayathi。寺庙名为“Wat Thewi Worayai”，因为寺庙的建造者昌旺普昂是拉玛三世国王的王室成员。[1] 该寺庙于1907年首次获得皇家维松甘西玛（Visungkamsima）奖章，并于2014年1月15日第二次获得该奖章。[2] 感谢维基百科（自由的百科全书）提供的信息。 感谢P' Somnuk推荐路线。,zh-CN,Sat Mar 30 2024 05:44:47 GMT-0700 (Pacific Daylight Time),ณัฐดนัย ภักดีวีรวงศ์,https://www.google.com/maps/reviews/data=!4m6!14m5!1m4!2m3!1sChdDSUhNMG9nS0VJQ0FnSUNEaGRHVnF3RRAB!2m1!1s0x30e2993cfe3762c3:0x27bc766da85d4606
ChIJw2I3_jyZ4jARBkZdqG12vCc,Wat Thewi Worayat,ChdDSUhNMG9nS0VJQ0FnSUQ5d2RxNG9BRRAB,5.0,没有专门接收供奉的亭子；仪式在僧侣住所的二楼举行。僧侣们不接受金钱捐赠。🙏🇹🇭👍,zh-CN,Sun Mar 17 2024 05:43:17 GMT-0700 (Pacific Daylight Time),sususu tha,https://www.google.com/maps/reviews/data=!4m6!14m5!1m4!2m3!1sChdDSUhNMG9nS0VJQ0FnSUQ5d2RxNG9BRRAB!2m1!1s0x30e2993cfe3762c3:0x27bc766da85d4606
ChIJw2I3_jyZ4jARBkZdqG12vCc,Wat Thewi Worayat,ChdDSUhNMG9nS0VJQ0FnSUNRd0xIeWpBRRAB,2.0,这是一座宏伟的建筑！然而，很少有人进去祈祷，所以你只能从外面欣赏它。,zh-CN,Wed Feb 22 2017 21:31:47 GMT-0800 (Pacific Standard Time),Hiroshima Wiki,https://www.google.com/maps/reviews/data=!4m6!14m5!1m4!2m3!1sChdDSUhNMG9nS0VJQ0FnSUNRd0xIeWpBRRAB!2m1!1s0x30e2993cfe3762c3:0x27bc766da85d4606
ChIJw2I3_jyZ4jARBkZdqG12vCc,Wat Thewi Worayat,ChdDSUhNMG9nS0VJQ0FnSUNtOWZTNnRBRRAB,5.0,这座寺庙环境清幽，建筑精美。,zh-CN,Tue Jan 04 2022 22:02:41 GMT-0800 (Pacific Standard Time),vichayut sawet,https://www.google.com/maps/reviews/data=!4m6!14m5!1m4!2m3!1sChdDSUhNMG9nS0VJQ0FnSUNtOWZTNnRBRRAB!2m1!1s0x30e2993cfe3762c3:0x27bc766da85d4606
ChIJw2I3_jyZ4jARBkZdqG12vCc,Wat Thewi Worayat,ChdDSUhNMG9nS0VJQ0FnSURJNXVhM3dBRRAB,4.0,令人印象深刻的高耸寺庙，隐匿于世,zh-CN,Thu Jan 03 2019 02:13:32 GMT-0800 (Pacific Standard Time),Stuart C (BKK),https://www.google.com/maps/reviews/data=!4m6!14m5!1m4!2m3!1sChdDSUhNMG9nS0VJQ0FnSURJNXVhM3dBRRAB!2m1!1s0x30e2993cfe3762c3:0x27bc766da85d4606
ChIJN6MlWgCZ4jARrSOuFRjuFVw,คณะ 8 วัดสระเกศ,Ci9DQUlRQUNvZENodHljRjlvT2taNE5rRlZRVE54TURCRE5HcHJjazkwVkhsMlJHYxAB,3.0,,,Wed Jun 03 2026 12:05:37 GMT-0700 (Pacific Daylight Time),Zwe Paing,https://www.google.com/maps/reviews/data=!4m6!14m5!1m4!2m3!1sCi9DQUlRQUNvZENodHljRjlvT2taNE5rRlZRVE54TURCRE5HcHJjazkwVkhsMlJHYxAB!2m1!1s0x30e299005a25a337:0x5c15ee1815ae23ad
ChIJDeZ7JgCZ4jARrcn2kkJAhzs,52 Bhikkunis statues พระวิหารภิกษุณี 52 องค์,ChdDSUhNMG9nS0VJQ0FnSUM3eXFXTm53RRAB,5.0,清幽，很少人，寻求心灵平静的好地方。 可以顺便参观顺通铺博物馆跟White Buddha。,zh-CN,Wed Aug 14 2024 10:39:41 GMT-0700 (Pacific Daylight Time),河,https://www.google.com/maps/reviews/data=!4m6!14m5!1m4!2m3!1sChdDSUhNMG9nS0VJQ0FnSUM3eXFXTm53RRAB!2m1!1s0x30e29900267be60d:0x3b87404292f6c9ad
ChIJDeZ7JgCZ4jARrcn2kkJAhzs,52 Bhikkunis statues พระวิหารภิกษุณี 52 องค์,ChZDSUhNMG9nS0VJQ0FnTUNJaFpfV1VREAE,5.0,这是我第一次来，能够表达我的敬意和膜拜，我感到无比高兴。,zh-CN,Thu Apr 03 2025 05:00:56 GMT-0700 (Pacific Daylight Time),Rungfa Chaiya,https://www.google.com/maps/reviews/data=!4m6!14m5!1m4!2m3!1sChZDSUhNMG9nS0VJQ0FnTUNJaFpfV1VREAE!2m1!1s0x30e29900267be60d:0x3b87404292f6c9ad
ChIJd92B3PSZ4jARQIxfBTxzIE0,รัตนฆรเจดีย์(Ratana Ghara Cetiya),Ci9DQUlRQUNvZENodHljRjlvT25Cbk4wRkhNMVZrTTBwbk1IRlhiRkEwYWxOYWRHYxAB,5.0,,,Sun Dec 28 2025 17:06:03 GMT-0800 (Pacific Standard Time),Michel Figueira,https://www.google.com/maps/reviews/data=!4m6!14m5!1m4!2m3!1sCi9DQUlRQUNvZENodHljRjlvT25Cbk4wRkhNMVZrTTBwbk1IRlhiRkEwYWxOYWRHYxAB!2m1!1s0x30e299f4dc81dd77:0x4d20733c055f8c40
ChIJd92B3PSZ4jARQIxfBTxzIE0,รัตนฆรเจดีย์(Ratana Ghara Cetiya),ChdDSUhNMG9nS0VJQ0FnSUQ5MUltUzFRRRAB,5.0,,,Wed Mar 13 2024 09:42:28 GMT-0700 (Pacific Daylight Time),Ronald Lemoine,https://www.google.com/maps/reviews/data=!4m6!14m5!1m4!2m3!1sChdDSUhNMG9nS0VJQ0FnSUQ5MUltUzFRRRAB!2m1!1s0x30e299f4dc81dd77:0x4d20733c055f8c40
ChIJ13k5-g6Z4jARu_H6cvBJDvE,Phra Ubosot (The Chapel),ChZDSUhNMG9nS0VJQ0FnSUNBbmV6MlJBEAE,5.0,非常漂亮的地方。,zh,Fri Nov 11 2016 21:36:55 GMT-0800 (Pacific Standard Time),王海,https://www.google.com/maps/reviews/data=!4m6!14m5!1m4!2m3!1sChZDSUhNMG9nS0VJQ0FnSUNBbmV6MlJBEAE!2m1!1s0x30e2990efa3979d7:0xf10e49f072faf1bb
ChIJ13k5-g6Z4jARu_H6cvBJDvE,Phra Ubosot (The Chapel),Ci9DQUlRQUNvZENodHljRjlvT2s5c2NIRTRWMVp0Vkdka2VubHVhM1pPUjIxR1VWRRAB,5.0,"พระอุโบสถ​วัดพระแก้ว รัชกาล​ที่​ 1​ ทรง​พระ​กรุณา​โปรดเกล้า​ฯ​ ให้​สร้าง​ขึ้นพร้อม​พระ​บรมมหา​ราช​วัง​​ ใช้เวลาก่อสร้างเพียง 2 ปี​ เมื่อเข้าประตูหน้าวัว​จะเห็นพระอุโบสถ​ แบบ​ขนบ​เดิม​ มี​ช่อฟ้า​ใบระกา​หางหงส์​ หน้าบัน​ไม้จำหลักรูป​พระนารายณ์​ทรง​ครุฑ​ หันหน้า​ไป​ทางทิศ​ตะวันออก​ ผ่านการปฏิสังขรณ์​ใหญ่ในสมัยรัชกาลที่​ 3​ และ​​4​ เสาย่อมุม​ไม้​สิบสอง​ หัว​เ​สา​ มี​บัว​แวง​ผนัง​ และเสาประดับกระจก มีระเบียงรอบ​ ​ประตู​ และหน้าต่างมี​ซุ้ม​ปราสาท​ ภาย​ในพระอุโบสถไม่​อนุญาต​ให้​ถ่ายภาพ​ ​ภาพพระแก้วมรกต​ผมถ่ายผ่านประตูกลาง เป็นพระปางสมาธิศิลปะเชียงแสน​ สลักจากหยกสีเขียว​มรกต​ ขนาดหน้าตัก 48 ซม.สูง​ 66 ซม.​มีเครื่องทรง​ 3 ฤดู​ สร้างขึ้นในสมัยรัชกาลที่​ 1 (ยกเว้นเครื่องทรงฤดูหนาว​สร้างขึ้นในสมัยรัชกาลที่​ 3) จัดแสดงอยู่​ ณ​ พิพิธภัณฑ์​วัดพระศรีรัตน​ศาสดา​ราม​ เครื่องทรงชุดใหม่สร้างขึ้นในโอกาส​ที่รัชกาลที่​ 9 ครองราชย์​ครบ 50 ปี​ มีพระราชพิธีเปลี่ยนเครื่องทรง ในวันแรม​ 1 ค่ำ​ เดือน​ 4, 8​ (วันเข้าพรรษา) และ​ 12 ของทุกปี​ หลักฐานระบุว่าพบพระแก้วมรกตครั้งแรก​ ถูกพอกปูนลงรักปิดทองอยู่ในเจดีย์​วัดพระแก้ว​เชียงราย​ เมื่อเจดีย์​พังทลายจึงอัญเชิญไว้ในวิหาร​ ต่อมาปูนกะเทาะเห็นเป็นเนื้อรัตนมณี พญาสามฝั่งแกนจะอัญเชิญไปเชียงใหม่​แต่ไม่สำเร็จ​ จึงได้ประดิษฐาน​ที่วัดพระแก้วดอนเต้าลำปาง​ ก่อนพระเจ้าติโลกราชอัญเชิญ​มา​ประดิษฐาน​ที่โลหะปราสาท​ และที่วัดเจดีย์​หลวง​ เชียงใหม่​ ต่อมาเมื่อพระ​เจ้าไชยเชษฐาได้​ครองเมืองหลวงพระบาง จึงอัญเชิญ​พระพุทธ​รูปสำคัญรวมถึงพระแก้วมรกตไปเมืองหลวงพระบาง​ เมื่อได้ย้ายเมืองหลวง​ จึงอัญเชิญมาประดิษฐาน​ที่หอพระแก้ว​ เวียง​จันทน์​ ต่อมา​สมัยกรุงธนบุรี​ เจ้าพระยาจักรี​ (รัชกาล​ที่​ 1)​ ยกทัพตีได้เมืองเวียงจันทน์​ พระแก้วมรกต จึงถูกอัญเชิญมาประดิษฐานที่วัดอรุณ​ฯ ​เมื่อทรงขึ้นครองราช​ จึงอัญเชิญข้ามฝั่งแม่น้ำมาที่วัดพระแก้ว​จนถึงปัจจุบัน​ ประดิษฐาน​ในบุษบก​ทองคำ​บนฐานเบญจาสามชั้น​ ซึ่งสร้างเพิ่มเติมในสมัยรัชกา​ล​ที่​ 3​ หนุนบุษบก​ให้สูงสมทรงพระอุโบสถ​ ข้างหน้ามีพระแก้ววังหน้า​ พระปางมารวิชัย​ศิลปะรัตน​โกสินทร์​ สลักจากหินสีหม่น ที่มุมของฐานมีพระ​พุทธ​รูป​ทรงเครื่องปางห้ามสมุทร​ เป็นพุทธ​ปฏิมากร​ฉลองพระองค์​ต้นราชวงศ์​จักรี​ โดยพระพุทธ​รูปฉลองพระองค์​รัชกาลที่​ 1 และ 2 ประดิษฐาน​บนฐานสูงด้านหน้า​ 2 ข้างพระนามว่า​ พระพุทธ​ยอด​ฟ้า​จุฬา​โลก​ย์​ และพระพุทธ​เลิศ​หล้า​สุราไลย​ (เปลี่ยนเป็นพระ​พุทธ​เลิศหล้านภาไลย​ ในสมัยรัชกาล​ที่​ 4) โปรดให้ออกพระนามแผ่นดินตาม​พระ​นามพระพุทธ​รูป​​ ภายในมีภาพจิตรกรรมฝาผนัง​ ฝั่งด้านหน้าพระแก้วมรกตเป็นภาพมารผจญ​ ด้านหลังเป็นภาพไตรภูมิ​ เขียนสมัยรัชกาลที่​ 1 ฝีมือพระอาจารย์​นาควัดระฆัง​ นอกนั้นเขียนขึ้นใหม่ในสมัยรัชกาลที่​ 3​ และ​ 4​ นอกพระอุโบสถ​มีกำแพงแก้ว​รอบ ใบเสมาหินชนวนคู่​ ฐานมีรูปสาม​เหลี่ยม​ มีแกนผ่าตรงกลาง​ มี​รูปดอก​พุดตาน​กลม 2 ข้าง ด้านบนเป็นรัดเกล้า​ ขอบ​มีกนกหงอนรูปเศียรนาค ​ตั้งอยู่ในซุ้มมณฑป​ยอดเจดีย์​ 8 ทิศ​ หน้า​กำแพงแก้วมีรูปสลักหินเจ้าแม่กวนอิม​ หันพระพักตร์​สู่พระอุโบสถ​ ด้านหลังมีเสาแปดเหลี่ยม​อย่างเสาตั้งธรรมจักร​สมัยทวาร​วดี​ มีจารึกอักษรขอม​ ยอดเสาหล่อเป็นรูปบัวคลุ่มบัว​ สันนิษฐาน​ว่ารัชกา​ลที่​ 4​ ทรงพบที่สุโขทัย​พร้อมศิลาจารึก​ ศาลาราย 12 หลัง​ มีช่อฟ้า​ใบระกา​หางหงส์​ หน้าบัน​มี​รูป​เทพ​พนม​ สร้างในสมัยรัชกา​ลที่​ 1​ ส่วนอาคาร​อื่นๆรอบพระอุโบสถ​ สร้างในสมัยรัชกาลที่​ 4 คือหอพระคันธารราษฎร์​และพระมณฑป​ยอดปรางค์​ ตั้งอยู่ด้านหน้าทางซ้ายของพระอุโบสถ​​ หันหน้า​ไป​ทาง​ทิศ​เหนือ​ หอพระคันธารราษฎร์​ เป็นอาคารก่ออิฐ​ถือปูน​ขนาดย่อม​ ทรงจตุร​มุข​ยอดปรางค์​ มีช่อฟ้าใบระกาหางหงส์​ปูนปั้น หน้าบัน​มุข ซุ้มประตู​และหน้าต่าง​เป็นซุ้มเรือนแก้ว​ ​ประดับด้วยกระเบื้องเคลือบทั้งหลัง​ เป็นที่ประดิษฐาน​พระ​คันธารราษฎร์​เพื่อใช้ในพิธีขอฝน​ ข้างหลังเป็นพระมณฑป​ยอดปรางค์​ ทรงย่อมุม​ไม้​สิบสอง​ ยอดและผนังประดับด้วยกระเบื้องเคลือบสี​ ตั้งอยู่​บนฐาน​ทักษิณ​ 2 ชั้น​ เป็นที่ประดิษฐาน​พระเจดีย์​โลหะโบราณ​ ถัดเข้าไปข้างซ้ายของพระอุโบสถ​มีหอระฆัง​ทรงบุษบก​ประดับกระจก ตั้งอยู่​บนคูหาย่อมุม​ประดับกระเบื้องถ้วย​ ข้างหลังพระอุโบสถ​มีพระโพธิธาตุพิมาน​​ทรงบุษบก​ ยอดมงกุฎ​กลม​ประดับกระเบื้องถ้วย​ ประดิษฐาน​พระปรางค์​โบราณบรรจุพระ​บรม​สา​รี​ริก​ธาตุ​ 2 ข้างมีหอพระราชกรมานุสรณ์​ และหอพระราชพงศานุสรณ์​ อาคารทรงไทยขนาดเล็ก​ มีช่อฟ้าใบระกา​หางหงส์​ หน้าบัน​มี​รูป​พระมหามงกุฎ​บนพาน​ ประดิษฐาน​พระ​พุทธ​รูป​ประจำรัชกาลสมัยอยุธยา​ธนบรี​ ​และรัตนโกสินทร์​ ใช้ในพระราชพิธีถือน้ำพระพิพัฒน์​สัตยา มุมซ้ายข้างหลังพระอุโบสถ​มีประตูศรีรัตนศาสดาราม​ ออกไปสู่พระบรมมหาราชวัง​ ข้างขวาเป็นฐานไพธี​ ผมขอไปลงรีวิวต่อที่พระมณฑป​ครับ",th,Fri Mar 06 2026 17:24:27 GMT-0800 (Pacific Standard Time),Suporn Kulwatnantachai,https://www.google.com/maps/reviews/data=!4m6!14m5!1m4!2m3!1sCi9DQUlRQUNvZENodHljRjlvT2s5c2NIRTRWMVp0Vkdka2VubHVhM1pPUjIxR1VWRRAB!2m1!1s0x30e2990efa3979d7:0xf10e49f072faf1bb
ChIJ13k5-g6Z4jARu_H6cvBJDvE,Phra Ubosot (The Chapel),Ci9DQUlRQUNvZENodHljRjlvT25KaVJsQnlRblJ6T0VkM2FrSlpUSEZWVldwVFIwRRAB,5.0,佛殿（Phra Ubosot），又称佛堂，是曼谷大皇宫建筑群内玉佛寺（Wat Phra Kaew，又称翡翠佛寺）和卧佛寺（Wat Pho）中重要的神圣建筑。 玉佛寺的佛殿被认为是泰国最神圣的建筑，因为寺内供奉着备受尊崇的翡翠佛像。 佛殿通常采用精美的泰式建筑风格，并饰以鎏金、彩色玻璃马赛克和描绘佛教故事及史诗的壁画。,zh-CN,Fri Jan 23 2026 22:20:02 GMT-0800 (Pacific Standard Time),Quiet Navigator,https://www.google.com/maps/reviews/data=!4m6!14m5!1m4!2m3!1sCi9DQUlRQUNvZENodHljRjlvT25KaVJsQnlRblJ6T0VkM2FrSlpUSEZWVldwVFIwRRAB!2m1!1s0x30e2990efa3979d7:0xf10e49f072faf1bb
ChIJ13k5-g6Z4jARu_H6cvBJDvE,Phra Ubosot (The Chapel),Ci9DQUlRQUNvZENodHljRjlvT25sSlp6RklZVlp0TVVKTVRrTTJRbFpTZGw5RFpWRRAB,4.0,供奉于泰国曼谷大皇宫玉佛寺（Wat Phra Kaeo）的玉佛（Pra Kaeo）是泰国国宝第一号。玉佛于15世纪在兰纳王国（清莱）被发现，之后辗转至清迈、老挝等地，最终于1779年由拉玛一世国王迁至如今的曼谷。玉佛由碧玉雕刻而成，于1784年玉佛寺建成后安放于此，是泰国皇室和国家守护的神圣象征。 玉佛的起源与历史变迁 起源与发现（15世纪）：玉佛于1434年首次被发现，当时一道闪电击中了泰国北部清莱府的玉佛寺。最初，玉佛被灰泥覆盖，人们并不知道其内部是由翡翠色的碧玉制成，但后来才被发现。历史路线：玉佛在清迈王国短暂停留后，于1551年被移至老挝琅勃拉邦，之后又被送往万象。 回归泰国并供奉（18世纪后期）：1779年，吞武里王朝的郑信王征服万象后，将玉佛带回泰国。1782年登基的拉玛一世国王在湄南河东岸建造了曼谷大皇宫，并于1784年建成玉佛寺，玉佛即供奉于此。 神圣象征：玉佛被认为是泰国最神圣的佛像，泰国国王每年都会亲自主持仪式，根据旱季、雨季和旱季更换玉佛的袈裟。 玉佛于 15 世纪在泰国北部被发现，之后辗转来到老挝清迈，最终于 18 世纪末抵达曼谷，并被尊为泰国第一国宝。,zh-CN,Tue Feb 03 2026 18:19:38 GMT-0800 (Pacific Standard Time),Seungjae,https://www.google.com/maps/reviews/data=!4m6!14m5!1m4!2m3!1sCi9DQUlRQUNvZENodHljRjlvT25sSlp6RklZVlp0TVVKTVRrTTJRbFpTZGw5RFpWRRAB!2m1!1s0x30e2990efa3979d7:0xf10e49f072faf1bb
ChIJ13k5-g6Z4jARu_H6cvBJDvE,Phra Ubosot (The Chapel),ChdDSUhNMG9nS0VLbXI2YUNWNGI3SGxBRRAB,5.0,玉佛，或称帕佛塔玛哈玛尼拉塔纳帕蒂玛科佛，是泰国的国宝，供奉于曼谷的玉佛寺（Wat Phra Sri Rattana Satsadaram，又称Wat Phra Kaew）。它并非如其名所示，由翠绿色玉石雕刻而成。 玉佛最初于1434年在清盛被发现，之后辗转于南邦、清迈、万象等多个城市，最终在拉玛一世国王统治时期被迎请至曼谷。,zh-CN,Tue Jun 02 2026 08:58:35 GMT-0700 (Pacific Daylight Time),Omiiigod CJ.,https://www.google.com/maps/reviews/data=!4m6!14m5!1m4!2m3!1sChdDSUhNMG9nS0VLbXI2YUNWNGI3SGxBRRAB!2m1!1s0x30e2990efa3979d7:0xf10e49f072faf1bb
ChIJMXBg8w6Z4jARdcIae9ZHqBQ,Phra Wiharn Yod Chapel,Ci9DQUlRQUNvZENodHljRjlvT21ONFZqSkpWVjlaZHpaVllVaGpTemRYVVc1dU9WRRAB,5.0,พระเศวตกุฏาคารวิหารยอด​ เป็นอาคารหลักของกลุ่มอาคารประกอบ​ แต่เดิมเป็นที่ตั้งของหอพระเชษฐบิดร​ หรือวิหารขาว​ สร้างในสมัยรัชกาลที่​ 1​ พร้อมพระอุโบสถ​ เพื่อประดิษฐาน​พระเทพบิดร​ ซึ่งแต่เดิมเป็นเทวรูปสมเด็จพระ​รามาธิปดี​ที่​ 1 ต่อมาในสมัยรัชกา​ลที่​ 3​ โปรดเกล้าฯ​ให้รื้อลง เนื่องจากทรุดโทรม​มาก​ แล้วโปรดฯให้สร้างใหม่เป็นวิหารมีหลังคายอดทรงมงกุฎ​ประดับด้วยกระเบื้องเคลือบ​ เรียกว่า​พระเศวตรเวชยันตะพิมานวิหารยอด​ หรือพระบวรมหาเศวตกุ​ฏ​าคารวิหารยอด​ และยังได้ย้ายพระนากจากหอพระนากมาประดิษฐาน​ภายใน​พระวิหารแห่งนี้​ เมื่อคราวฉลองสมโภช​พระนคร​ครบ​ 100 ปี​ รัชกา​ลที่​ 5​ โปรดเกล้าฯให้​บูรณปฏิสังขรณ์​พระวิหารยอด​ โดยซ่อมแซมหลังคา​ และยอดมงกุฎ​ ประดับกระเบื้องถ้วยขึ้นใหม่​ ซ่อมซุ้มประตูและบานหน้าต่าง​ พร้อมทั้งประดับพระปรมา​ภิไธย​ย่อ​ จปร.ภายใต้พระเกี้ยว​ บนยอดซุ้มโค้งรอบพระวิหาร​ มีประตูเข้าทางเดียวคือทางทิศเหนือ​ เป็นซุ้มทรงยอดมงกุฎ​ประดับกระเบื้องถ้วย​ เช่นเดียวกับซุ้มหน้าต่าง​ บานประตูประดับมุกลายช่องกลม​ ฝีมือช่างสมัยอยุธยา​แผ่นดิน​สมเด็จพระเจ้า​อยู่​หัว​บรม​โกศ​,th,Sun Feb 22 2026 05:41:19 GMT-0800 (Pacific Standard Time),Suporn Kulwatnantachai,https://www.google.com/maps/reviews/data=!4m6!14m5!1m4!2m3!1sCi9DQUlRQUNvZENodHljRjlvT21ONFZqSkpWVjlaZHpaVllVaGpTemRYVVc1dU9WRRAB!2m1!1s0x30e2990ef3607031:0x14a847d67b1ac275
ChIJMXBg8w6Z4jARdcIae9ZHqBQ,Phra Wiharn Yod Chapel,Ci9DQUlRQUNvZENodHljRjlvT2tOaWNGOXZhM1JxWTBsNk5GOTZjM0JVYm1wb1ZVRRAB,5.0,这个地方很棒 风吹过来你会听到挂在上方的铃铛声音 五颜六色的寺庙 有很多平台可以让你避暑休息 但切记要上平台必须要脱鞋这是一种尊重,zh-CN,Sat Jan 31 2026 00:51:40 GMT-0800 (Pacific Standard Time),地瓜,https://www.google.com/maps/reviews/data=!4m6!14m5!1m4!2m3!1sCi9DQUlRQUNvZENodHljRjlvT2tOaWNGOXZhM1JxWTBsNk5GOTZjM0JVYm1wb1ZVRRAB!2m1!1s0x30e2990ef3607031:0x14a847d67b1ac275
ChIJMXBg8w6Z4jARdcIae9ZHqBQ,Phra Wiharn Yod Chapel,ChdDSUhNMG9nS0VJQ0FnSUNSNzYtOW5RRRAB,5.0,白冠精舍（加冕佛寺）： 一座砖石结构的城堡式建筑，顶部尖顶形似皇冠，饰以精美琉璃瓦。 建于拉达那哥欣王朝拉玛三世时期。,zh-CN,Sun Apr 28 2024 02:55:44 GMT-0700 (Pacific Daylight Time),ChubbyArin,https://www.google.com/maps/reviews/data=!4m6!14m5!1m4!2m3!1sChdDSUhNMG9nS0VJQ0FnSUNSNzYtOW5RRRAB!2m1!1s0x30e2990ef3607031:0x14a847d67b1ac275
ChIJMXBg8w6Z4jARdcIae9ZHqBQ,Phra Wiharn Yod Chapel,ChdDSUhNMG9nS0VJQ0FnSURPdS1hMWd3RRAB,4.0,其实这里是个不错的地方，很适合了解泰国历史，但我在这里感觉不太好。因为我第一次来的时候，门口有个女保安，态度很差，很不公平，看我的眼神好像我是外星人一样👾天哪！她说不允许带三脚架进去，但之后我看到一个欧盟男士带了进去。我就问她，我可以把三脚架放在她那里吗？等我办完入住手续再拿回来。她一点都不友好，不过其他工作人员都挺好的，也很支持我。 关注我，我会更新所有信息😃 📲 Instagram ID：elipchannel 谢谢,zh-CN,Thu Jul 14 2022 21:00:36 GMT-0700 (Pacific Daylight Time),Callie Elip,https://www.google.com/maps/reviews/data=!4m6!14m5!1m4!2m3!1sChdDSUhNMG9nS0VJQ0FnSURPdS1hMWd3RRAB!2m1!1s0x30e2990ef3607031:0x14a847d67b1ac275
ChIJMXBg8w6Z4jARdcIae9ZHqBQ,Phra Wiharn Yod Chapel,ChZDSUhNMG9nS0VJQ0FnSUN4d1pqVWV3EAE,4.0,这座佛殿由拉玛三世国王建造，供奉着众多佛像，其中一尊是原先从帕那伽佛殿移来的帕那伽佛像。佛殿主体建筑呈泰式王冠形状，饰以来自中国的彩色瓷马赛克。,zh-CN,Thu May 18 2023 19:19:14 GMT-0700 (Pacific Daylight Time),glen jacobe,https://www.google.com/maps/reviews/data=!4m6!14m5!1m4!2m3!1sChZDSUhNMG9nS0VJQ0FnSUN4d1pqVWV3EAE!2m1!1s0x30e2990ef3607031:0x14a847d67b1ac275
ChIJKc-D8Q6Z4jARBFrJCnj601s,Phra Mondop,Ci9DQUlRQUNvZENodHljRjlvT21VdE5IUjZVbVpsZVZaS1RGcGphbHBmVVRkemIyYxAB,5.0,帕蒙多佛殿是整个建筑群的中心建筑，坐落于高台上。它最初是三藏经殿，又称帕蒙天殿，建于拉玛一世国王统治的第二阶段，以取代被大火烧毁的原帕蒙天殿。它位于主殿（乌博索）右侧，建于三层平台上。后来，在拉玛四世国王统治时期，土地向东西两侧扩展，建造了如今的两层基座。帕蒙多佛殿以须弥山为灵感建造，拥有七层城堡状的尖顶、十二面木柱（柱头为莲花形，饰以彩色玻璃）、瓷砖墙面以及拱形门廊（形似曼荼罗），门廊也饰以彩色玻璃和珍珠母贝镶嵌。佛殿不对公众开放，内藏有用棕榈叶书写的大型金版三藏经。有四条龙形阶梯通往基座。四个角落各有一尊石雕佛像，呈冥想姿态，手印各不相同。这些佛像为大乘风格，是拉玛五世国王第二次访问爪哇岛时购得的。一座镀金漆面的佛像龛立于两层方形基座之上。基座四角分别设有七层和五层伞盖，以及置于黑色底座上的金属象像，上面镌刻着拉玛一世至拉玛九世国王的皇家徽章和印章。原亭台东侧曾有一个砖砌池塘。后来，在拉玛四世国王统治时期，修建了一座佛殿供奉玉佛，名为帕佛塔帕朗帕萨特（Phra Phuttha Prang Prasat）。佛殿于拉玛五世国王统治时期竣工，赶在曼谷建城百年庆典之前。,zh-CN,Wed Mar 11 2026 18:33:23 GMT-0700 (Pacific Daylight Time),Suporn Kulwatnantachai,https://www.google.com/maps/reviews/data=!4m6!14m5!1m4!2m3!1sCi9DQUlRQUNvZENodHljRjlvT21VdE5IUjZVbVpsZVZaS1RGcGphbHBmVVRkemIyYxAB!2m1!1s0x30e2990ef183cf29:0x5bd3fa780ac95a04
ChIJKc-D8Q6Z4jARBFrJCnj601s,Phra Mondop,Ci9DQUlRQUNvZENodHljRjlvT2s5bWJXcHNkR1p4U0MwNFlrbHBNM1JuWDFaRVUwRRAB,5.0,拍蒙多殿位于派提平台中央，是寺内的藏经处，大致呈正方形，殿顶为蒙多式尖塔。 拍蒙多殿装饰华丽，有二十根缺角形方柱环绕殿身，柱身覆白色、绿色及红色琉璃片。 拍西拉达那塔位于派提平台西端，该塔建于1855年，呈钟形，由砖块砌成。,zh-CN,Sat Jul 19 2025 19:23:22 GMT-0700 (Pacific Daylight Time),Chou Meizai (粗眉仔),https://www.google.com/maps/reviews/data=!4m6!14m5!1m4!2m3!1sCi9DQUlRQUNvZENodHljRjlvT2s5bWJXcHNkR1p4U0MwNFlrbHBNM1JuWDFaRVUwRRAB!2m1!1s0x30e2990ef183cf29:0x5bd3fa780ac95a04
ChIJKc-D8Q6Z4jARBFrJCnj601s,Phra Mondop,ChZDSUhNMG9nS0VJQ0FnSURLbXBYQkt3EAE,5.0,这座美丽的柱廊式图书馆呈方形布局，屋顶呈尖锥形。 图书馆主体以金色为主色调，四周饰以色彩斑斓、错综复杂的图案。 它是大皇宫建筑群的一部分，可使用同一张门票进入。虽然可能无法进入内部参观，但其造型、色彩和精美的设计无论从哪个角度欣赏都令人叹为观止。,zh-CN,Sat May 08 2021 00:39:18 GMT-0700 (Pacific Daylight Time),Sudershan Singh Gusain,https://www.google.com/maps/reviews/data=!4m6!14m5!1m4!2m3!1sChZDSUhNMG9nS0VJQ0FnSURLbXBYQkt3EAE!2m1!1s0x30e2990ef183cf29:0x5bd3fa780ac95a04
ChIJKc-D8Q6Z4jARBFrJCnj601s,Phra Mondop,ChZDSUhNMG9nS0VJQ0FnSUN4d1pUb01REAE,4.0,这座建筑是佛教图书馆，泰语称作“帕蒙多”（Phra Mondop）。它建于1789年拉玛一世国王统治时期，用于存放一个镶嵌着精美珍珠母贝的大型书柜，里面珍藏着佛教经典。曼谷大皇宫内的每一座华丽建筑都引人注目，但我认为帕蒙多是最美的。,zh-CN,Thu May 18 2023 19:41:32 GMT-0700 (Pacific Daylight Time),glen jacobe,https://www.google.com/maps/reviews/data=!4m6!14m5!1m4!2m3!1sChZDSUhNMG9nS0VJQ0FnSUN4d1pUb01REAE!2m1!1s0x30e2990ef183cf29:0x5bd3fa780ac95a04
ChIJKc-D8Q6Z4jARBFrJCnj601s,Phra Mondop,ChdDSUhNMG9nS0VJQ0FnTUNJdnZfandBRRAB,5.0,✨ 这座亭子是玉佛寺（Wat Phra Sri Rattana Satsadaram）内的佛教图书馆。 ⭐️ 金色的亭子非常漂亮，外部设计精美绝伦。,zh-CN,Wed Apr 02 2025 03:28:54 GMT-0700 (Pacific Daylight Time),JT.,https://www.google.com/maps/reviews/data=!4m6!14m5!1m4!2m3!1sChdDSUhNMG9nS0VJQ0FnTUNJdnZfandBRRAB!2m1!1s0x30e2990ef183cf29:0x5bd3fa780ac95a04
ChIJ8a9rJQCZ4jAR3idyYZRkxZo,Phra Sri Rattana Chedi,Ci9DQUlRQUNvZENodHljRjlvT2pkRFNteHNMV0ZUWkhsUlIxTm1TbXhSVWpWalZWRRAB,5.0,一座蕴含深厚精神底蕴的金色杰作 帕斯里拉坦佛塔无疑是曼谷大皇宫（玉佛寺）建筑群中最令人叹为观止的景点之一。站在这座巨大的金瓦佛塔前，会给人一种超凡脱俗的体验——尤其是在阳光照射下，它散发出近乎超自然的光芒。 历史简介： 这座佛塔由拉玛四世国王（蒙固国王）于1855年下令建造。其经典的斯里兰卡钟形建筑风格，是对昔日都城阿瑜陀耶古城遗迹的致敬。对于寻求精神慰藉的人来说，这里是一个极其神圣的地方：据说佛塔内部供奉着佛陀的胸骨舍利。 不容错过的理由： 精湛工艺：佛塔外墙覆盖着数百万块从意大利进口的金色马赛克瓷砖，堪称19世纪艺术的杰作。 对比：它与帕蒙多普（图书馆）并肩而立​​，形成鲜明的建筑对比，是拍照的绝佳背景。 氛围：尽管人潮涌动，这座金色尖顶周围依然弥漫着一种庄严与宁静的气息。 温馨提示：务必早点到达（上午 8:30），避开酷暑和大型旅行团。此外，请记住，整个宫殿区域都严格遵守着装要求（遮盖肩膀和膝盖）！ 绝对是泰国之旅的五星级亮点。,zh-CN,Sun Mar 08 2026 07:42:27 GMT-0700 (Pacific Daylight Time),Marzella Arlt,https://www.google.com/maps/reviews/data=!4m6!14m5!1m4!2m3!1sCi9DQUlRQUNvZENodHljRjlvT2pkRFNteHNMV0ZUWkhsUlIxTm1TbXhSVWpWalZWRRAB!2m1!1s0x30e29900256baff1:0x9ac56494617227de
ChIJ8a9rJQCZ4jAR3idyYZRkxZo,Phra Sri Rattana Chedi,Ci9DQUlRQUNvZENodHljRjlvT25WVlpIRTJkRTkwWVZKb09GbEVhRnBKZG5aS2IxRRAB,5.0,พระศรีรัตนเจดีย์ เป็นหนึ่งในจุดไฮไลต์ที่งดงามที่สุดภายใน วัดพระศรีรัตนศาสดาราม หรือวัดพระแก้ว โดดเด่นด้วยองค์เจดีย์สีทองอร่ามที่สะท้อนแสงแดดระยิบระยับ เห็นแล้วรู้สึกถึงความยิ่งใหญ่และศักดิ์สิทธิ์ในทันที องค์เจดีย์สร้างขึ้นในสมัย พระบาทสมเด็จพระจอมเกล้าเจ้าอยู่หัว เพื่อประดิษฐานพระบรมสารีริกธาตุ รูปทรงเป็นเจดีย์แบบลังกา มีความอ่อนช้อย ผสมผสานศิลปะไทยได้อย่างลงตัว รายละเอียดของกระเบื้องโมเสกสีทองที่ประดับทั่วองค์เจดีย์ ยิ่งเพิ่มความวิจิตรตระการตาในทุกมุมมอง บรรยากาศโดยรอบเงียบสงบ เหมาะกับการเดินชมสถาปัตยกรรมและซึมซับความงามทางประวัติศาสตร์ นักท่องเที่ยวส่วนใหญ่มักหยุดถ่ายรูป เพราะไม่ว่าจะมองจากมุมไหนก็สวยงามราวกับภาพวาด โดยรวมแล้ว พระศรีรัตนเจดีย์เป็นสถานที่ที่ไม่ควรพลาดเมื่อมาเยือนกรุงเทพฯ ทั้งในแง่ความงดงามทางศิลปกรรม ความสำคัญทางศาสนา และคุณค่าทางประวัติศาสตร์ที่สะท้อนความรุ่งเรืองของประเทศไทยได้อย่างชัดเจน,th,Sun Mar 22 2026 09:26:48 GMT-0700 (Pacific Daylight Time),Omiiigod CJ.,https://www.google.com/maps/reviews/data=!4m6!14m5!1m4!2m3!1sCi9DQUlRQUNvZENodHljRjlvT25WVlpIRTJkRTkwWVZKb09GbEVhRnBKZG5aS2IxRRAB!2m1!1s0x30e29900256baff1:0x9ac56494617227de
ChIJ8a9rJQCZ4jAR3idyYZRkxZo,Phra Sri Rattana Chedi,Ci9DQUlRQUNvZENodHljRjlvT2xnNE0ycG5kVXN5WWpOME5ISm1aV3cxVWtwNFJVRRAB,5.0,"The Phra Si Ratana Chedi, a prominent golden stupa located within the complex of the Temple of the Emerald Buddha (Wat Phra Kaew) and the Grand Palace in Bangkok, Thailand. The structure is faced with small gold mirrored tiles, giving it a distinct, shiny appearance. It was built in the Ayutthaya style and is believed to house a piece of the Buddha's breastbone. Wat Phra Kaew is regarded as Thailand's most sacred and important Buddhist temple complex.",en,Tue Jan 20 2026 08:09:57 GMT-0800 (Pacific Standard Time),Quiet Navigator,https://www.google.com/maps/reviews/data=!4m6!14m5!1m4!2m3!1sCi9DQUlRQUNvZENodHljRjlvT2xnNE0ycG5kVXN5WWpOME5ISm1aV3cxVWtwNFJVRRAB!2m1!1s0x30e29900256baff1:0x9ac56494617227de
ChIJ8a9rJQCZ4jAR3idyYZRkxZo,Phra Sri Rattana Chedi,Ci9DQUlRQUNvZENodHljRjlvT2pCd05GZHhjRk5KU0ZKMVkwTjNlVXBRTms5NE1XYxAB,4.0,这是一座耀眼的金黄色建筑，即使从远处看也十分醒目。,zh-CN,Mon May 04 2026 23:52:52 GMT-0700 (Pacific Daylight Time),山本直孝,https://www.google.com/maps/reviews/data=!4m6!14m5!1m4!2m3!1sCi9DQUlRQUNvZENodHljRjlvT2pCd05GZHhjRk5KU0ZKMVkwTjNlVXBRTms5NE1XYxAB!2m1!1s0x30e29900256baff1:0x9ac56494617227de
ChIJ8a9rJQCZ4jAR3idyYZRkxZo,Phra Sri Rattana Chedi,Ci9DQUlRQUNvZENodHljRjlvT205dWNXUjZkVFpzTFZRdFMyWk9abVJKVWtoblJsRRAB,5.0,这个地方真是太壮观了；我们去的时候正好赶上暴雨和强雷暴。 🙏❤️🇹🇭❤️🙏,zh-CN,Tue Nov 18 2025 10:28:08 GMT-0800 (Pacific Standard Time),julien coqueret,https://www.google.com/maps/reviews/data=!4m6!14m5!1m4!2m3!1sCi9DQUlRQUNvZENodHljRjlvT205dWNXUjZkVFpzTFZRdFMyWk9abVJKVWtoblJsRRAB!2m1!1s0x30e29900256baff1:0x9ac56494617227de
ChIJtUwOCQCZ4jARp3_-s4uMgyw,Watprakaeomorakot,Ci9DQUlRQUNvZENodHljRjlvT2tadFpteGZiVUZvV0hkRVYxWnFlV3BEZDJGb1VrRRAB,5.0,牛,zh,Wed Feb 18 2026 21:06:47 GMT-0800 (Pacific Standard Time),Jianqiang Ma,https://www.google.com/maps/reviews/data=!4m6!14m5!1m4!2m3!1sCi9DQUlRQUNvZENodHljRjlvT2tadFpteGZiVUZvV0hkRVYxWnFlV3BEZDJGb1VrRRAB!2m1!1s0x30e29900090e4cb5:0x2c838c8bb3fe7fa7
ChIJtUwOCQCZ4jARp3_-s4uMgyw,Watprakaeomorakot,Ci9DQUlRQUNvZENodHljRjlvT205bk1rdDBRVk5yVkhkc1RHVk5XV1EzZEZRNExWRRAB,5.0,Phrakaeomorakot 大佛，大皇宫，Rungsun Klinkaeo 先生,zh-CN,Sun Nov 30 2025 23:56:27 GMT-0800 (Pacific Standard Time),"The Grand Palace, Mr. Rungsun Klinkaeo",https://www.google.com/maps/reviews/data=!4m6!14m5!1m4!2m3!1sCi9DQUlRQUNvZENodHljRjlvT205bk1rdDBRVk5yVkhkc1RHVk5XV1EzZEZRNExWRRAB!2m1!1s0x30e29900090e4cb5:0x2c838c8bb3fe7fa7
ChIJtUwOCQCZ4jARp3_-s4uMgyw,Watprakaeomorakot,Ci9DQUlRQUNvZENodHljRjlvT2taNE0xSm1aVWhzWW1JNWJFSXROalJaYms5Tk4xRRAB,4.0,美丽的地方,zh-CN,Thu Apr 16 2026 00:25:04 GMT-0700 (Pacific Daylight Time),Thar Hein,https://www.google.com/maps/reviews/data=!4m6!14m5!1m4!2m3!1sCi9DQUlRQUNvZENodHljRjlvT2taNE0xSm1aVWhzWW1JNWJFSXROalJaYms5Tk4xRRAB!2m1!1s0x30e29900090e4cb5:0x2c838c8bb3fe7fa7
ChIJtUwOCQCZ4jARp3_-s4uMgyw,Watprakaeomorakot,Ci9DQUlRQUNvZENodHljRjlvT2tGQ2JVOXFaREJGUVV4V1JqZEhNa3hOUlVSRVVYYxAB,5.0,,,Tue Aug 11 2026 07:53:27 GMT-0700 (Pacific Daylight Time),Wai Wai,https://www.google.com/maps/reviews/data=!4m6!14m5!1m4!2m3!1sCi9DQUlRQUNvZENodHljRjlvT2tGQ2JVOXFaREJGUVV4V1JqZEhNa3hOUlVSRVVYYxAB!2m1!1s0x30e29900090e4cb5:0x2c838c8bb3fe7fa7
ChIJtUwOCQCZ4jARp3_-s4uMgyw,Watprakaeomorakot,Ci9DQUlRQUNvZENodHljRjlvT2sxR2NUUldORWN3ZUVaNGJYUjVTRTFaYnpkME5VRRAB,5.0,,,Tue Aug 04 2026 08:20:48 GMT-0700 (Pacific Daylight Time),Soe Ei,https://www.google.com/maps/reviews/data=!4m6!14m5!1m4!2m3!1sCi9DQUlRQUNvZENodHljRjlvT2sxR2NUUldORWN3ZUVaNGJYUjVTRTFaYnpkME5VRRAB!2m1!1s0x30e29900090e4cb5:0x2c838c8bb3fe7fa7
ChIJU5O0cT2Z4jARoPE4m2ovH-U,Wat Disa Nukaram,Ci9DQUlRQUNvZENodHljRjlvT2twd1dFOWFWMEZvUWtScloyMVpZekJKU0ZOV01sRRAB,4.0,迪萨努卡兰寺（Wat Disanukaram） 是一座位于曼谷蓬帕萨特鲁派区（Pom Prap Sattru Phai District）的私人寺庙，属于佛教摩诃尼迦耶派（Maha Nikaya）。 据记载，该寺庙建于拉玛三世国王（南克劳国王）统治时期。寺庙最初以其创建者的名字命名为昌旺迪寺（Wat Changwangdit）或昌旺迪斯寺（Wat Changwangdis），始建于1807年（佛历2350年），并于1854年（佛历2397年）获得皇家特许状（Visungkamsima）。该寺庙的历史比附近的泰维沃拉亚寺（Wat Thewi Worayai）更为悠久，泰维沃拉亚寺最初借用了迪萨努卡兰寺的佛堂。后来，泰维沃拉亚寺被正式注册为寺庙，并命名为“迪萨努卡兰寺”。,zh-CN,Sat Jul 25 2026 21:21:37 GMT-0700 (Pacific Daylight Time),ChubbyArin,https://www.google.com/maps/reviews/data=!4m6!14m5!1m4!2m3!1sCi9DQUlRQUNvZENodHljRjlvT2twd1dFOWFWMEZvUWtScloyMVpZekJKU0ZOV01sRRAB!2m1!1s0x30e2993d71b49353:0xe51f2f6a9b38f1a0
ChIJU5O0cT2Z4jARoPE4m2ovH-U,Wat Disa Nukaram,ChZDSUhNMG9nS0VJQ0FnSUNEODhhNUFREAE,3.0,338...11 02 2567 迪萨努卡兰寺（Wat Disanukaram，又名Wat Changwangdit），位于曼谷蓬帕沙都派区瓦特普西林街道。 拉玛四世国王赐予此寺新名。 公共寺庙 · 宗派 · 大乘佛教 寺庙状况：始建于1807年，1854年获颁维颂甘西玛（Visungkamsima）。 照片由Natdanai Phakdiwirawong拍摄，日期为2567年11月2日。共25张照片。 此寺庙位于作者的第338号相册中。（作者所有相册中的所有照片均可使用。作者旨在传播佛教，促进广泛的宗教交流，无需获得许可。） 迪萨努卡兰寺位于瓦特威沃拉亚寺（Wat Thewi Worayai）的马路对面，略微偏离主路，位于一条内巷的拐角处。上次我路过这里，但没有进去。这次我特意进去参观。在管理员的允许下，我进入了寺庙主殿的区域。虽然寺庙位于内陆，但附近还有一所学校。这里显得宁静祥和，与瓦特威沃拉亚寺（Wat Thewi Worayai）并无太大区别，因为这里没有供奉任何神像。这里没有入口；如果不是管理员告诉我，我可能根本进不去。不过话说回来，只有亲身经历才能真正体会到其中的不同。 历史[编辑] 据信，瓦迪萨努卡拉姆寺（Wat Disanukaram）建于拉玛三世国王统治时期。该寺最初以其建造者的名字命名为Wat Changwangdit或Wat Changwangdis，据宗教事务部资料显示，它建于1807年，并于1854年获得Visungkamsima的皇家特许。这座寺庙的建造时间早于附近的Wat Thewi Worayai，最初不得不借用Wat Disanukaram的主殿。后来，它被正式注册为寺庙，并使用了“Wat Disanukaram”这个名称[1] 寺庙建筑[编辑] 主殿为双层屋顶，饰有尖顶、檐板和镀金玻璃装饰。山墙饰有花卉图案和彩色玻璃。拱门呈皇冠状，窗框上装饰着莲花灰泥浮雕。珍珠母贝大门上饰有浮雕花卉图案。窗框上绘有镀金图案和皇家纹饰。在教堂前，阳台台阶的底部，矗立着一尊灰泥狮子雕像。戒堂墙壁的下半部分覆盖着大理石板。壁画以铅笔为底，用粉状颜料绘制，并于2017年由美术部门进行了修复。窗户之间的绘画描绘了本生故事，即诸神集会的场景。主佛像对面的墙壁上绘有佛陀的生平故事，即佛陀分舍利的场景。主佛像后面是佛陀的生平故事，即佛陀受魔罗诱惑的场景。内门呈天轮形状，窗户则呈守护神形状。 精舍比戒堂小。山墙上绘有法轮，周围环绕着藤蔓图案。拱门和窗框上装饰着莲花灰泥浮雕。地面铺设着大理石。[2] 感谢维基百科（自由的百科全书）提供的信息。,zh-CN,Mon Apr 01 2024 05:32:01 GMT-0700 (Pacific Daylight Time),ณัฐดนัย ภักดีวีรวงศ์,https://www.google.com/maps/reviews/data=!4m6!14m5!1m4!2m3!1sChZDSUhNMG9nS0VJQ0FnSUNEODhhNUFREAE!2m1!1s0x30e2993d71b49353:0xe51f2f6a9b38f1a0
ChIJU5O0cT2Z4jARoPE4m2ovH-U,Wat Disa Nukaram,ChdDSUhNMG9nS0VJQ0FnSUM3bjVMbHpRRRAB,5.0,这是一座规模较大的寺庙，建于拉玛三世国王统治时期。最初以其建造者的名字命名为昌旺迪寺（Wat Changwangdit 或 Changwangdis），后在拉玛四世国王统治时期更名为迪萨努卡拉姆寺（Wat Disanukaram）。它位于迪萨马克路（Dismark Road，可能也以昌旺迪的名字命名）上，与沃拉查克市场（Worachak Market）隔路相望。在谷歌地图上，它就在迪萨马克路入口前。寺庙位于左侧，距离市场不远。进入寺庙后，主殿和小殿位于左侧，隔着一面玻璃墙。除早晚祈祷外，寺庙不对公众开放。主殿采用传统风格，带有尖顶、装饰性屋檐和八角形界碑，朝向东方的素安玛里路1号（Soi Suan Mali 1）。较小的小殿位于主殿的右侧。上周，我参观了三彭-耀华力地区的九座寺庙。今天，我继续在沃拉查-南隆地区参拜寺庙，先去了帕披伦寺，然后去了迪萨努卡拉姆寺。接下来我们将去泰维沃拉亚寺。,zh-CN,Mon Aug 19 2024 07:13:58 GMT-0700 (Pacific Daylight Time),Suporn Kulwatnantachai,https://www.google.com/maps/reviews/data=!4m6!14m5!1m4!2m3!1sChdDSUhNMG9nS0VJQ0FnSUM3bjVMbHpRRRAB!2m1!1s0x30e2993d71b49353:0xe51f2f6a9b38f1a0
ChIJU5O0cT2Z4jARoPE4m2ovH-U,Wat Disa Nukaram,Ci9DQUlRQUNvZENodHljRjlvT2toMVNWazJURk16YUdSbVdIVjBNMmhRU2xsaVExRRAB,5.0,เป็นวัดราษฎร์ที่เงียบสงบ ได้ไปถวายไตรจีวรและอาหารเพลกับหลวงพ่อเจ้าอาวาส ได้รับความรู้สึกว่าได้ทำบุญกับพระ เรียบง่าย ไม่มีพาณิช และมีโอกาสได้เข้ากราบพระในโบสถ์ซึ่งปกติทางวัดไม่ได้เปิด โชคดีที่ได้พบหลวงพี่ใจดีเปิดให้เข้าสักการะ หากมีโอกาสจะไปทำบุญอีก บางคนอาจมองว่าบริเวณวัดเป็นที่จอดรถ ใช่ วัดราษฎร์ แต่เราไปวัดไปกราบพระ ถ้าไปที่จอดรถคงไม่ได้ไปวัด,th,Sun Apr 12 2026 01:24:32 GMT-0700 (Pacific Daylight Time),Somkiat Unhajirangrak,https://www.google.com/maps/reviews/data=!4m6!14m5!1m4!2m3!1sCi9DQUlRQUNvZENodHljRjlvT2toMVNWazJURk16YUdSbVdIVjBNMmhRU2xsaVExRRAB!2m1!1s0x30e2993d71b49353:0xe51f2f6a9b38f1a0
ChIJU5O0cT2Z4jARoPE4m2ovH-U,Wat Disa Nukaram,ChdDSUhNMG9nS0VJQ0FnSURlMHRfTDdBRRAB,5.0,我有机会在寺庙里供养僧侣们一餐，以此积德行善。厨房干净宽敞。有兴趣的朋友可以联系寺庙安排供养事宜。🙏🙏,zh-CN,Thu Oct 06 2022 09:51:02 GMT-0700 (Pacific Daylight Time),Zwzc Duck,https://www.google.com/maps/reviews/data=!4m6!14m5!1m4!2m3!1sChdDSUhNMG9nS0VJQ0FnSURlMHRfTDdBRRAB!2m1!1s0x30e2993d71b49353:0xe51f2f6a9b38f1a0
ChIJa3ZkkSGZ4jAROdYxEMN5fBs,翠岸寺,Ci9DQUlRQUNvZENodHljRjlvT21SdlduVnlZekIzWTB4VVpXWmZMVkUwU2xkNU1WRRAB,4.0,一座位于七楼的小寺庙。 要到达那里，你需要先进入一个停车场，然后乘坐一部典型的恐怖电影里才会出现的电梯。 电梯上升后，你会进入一个相当奇怪的房间；向右走，爬上一段楼梯，就能到达寺庙。 下楼时，小心不要停留在四楼，因为那里可能有鬼魂出没🤣 这个地方很奇特，但也相当有趣。,zh-CN,Thu Dec 18 2025 19:30:10 GMT-0800 (Pacific Standard Time),Ramón Solís García (Worldanimox),https://www.google.com/maps/reviews/data=!4m6!14m5!1m4!2m3!1sCi9DQUlRQUNvZENodHljRjlvT21SdlduVnlZekIzWTB4VVpXWmZMVkUwU2xkNU1WRRAB!2m1!1s0x30e299219164766b:0x1b7c79c31031d639
ChIJa3ZkkSGZ4jAROdYxEMN5fBs,翠岸寺,Ci9DQUlRQUNvZENodHljRjlvT2xWTVprYzJhR3RIYTBWQlRXUTJSM3BxVjBGelFsRRAB,5.0,这座隐秘的寺庙，若不仔细观察，很容易被误认为是停车场。它实际上是一座六层高的停车楼，七楼被比作天堂，是主殿所在地，供奉着菩萨像。入口也十分隐蔽，可通过电梯直达七楼进行礼拜。六层停车楼内设有停车场，但需收费。停车楼下方便是熙熙攘攘的唐人街（耀华力街）。,zh-CN,Sun Nov 23 2025 00:37:52 GMT-0800 (Pacific Standard Time),Torpong Chiamtawongse,https://www.google.com/maps/reviews/data=!4m6!14m5!1m4!2m3!1sCi9DQUlRQUNvZENodHljRjlvT2xWTVprYzJhR3RIYTBWQlRXUTJSM3BxVjBGelFsRRAB!2m1!1s0x30e299219164766b:0x1b7c79c31031d639
ChIJa3ZkkSGZ4jAROdYxEMN5fBs,翠岸寺,Ci9DQUlRQUNvZENodHljRjlvT21ZeVVYRkNWVlEyY0c5bmJXOVVVR3ByVUVOb2JIYxAB,5.0,我们在寺庙里待了半个小时。人们的举止令人印象深刻。然而，有时感觉金钱似乎才是他们的主要动机。我不了解佛教信仰，所以不想妄加评论。,zh-CN,Wed Jan 28 2026 05:37:19 GMT-0800 (Pacific Standard Time),Thomas Bachmann,https://www.google.com/maps/reviews/data=!4m6!14m5!1m4!2m3!1sCi9DQUlRQUNvZENodHljRjlvT21ZeVVYRkNWVlEyY0c5bmJXOVVVR3ByVUVOb2JIYxAB!2m1!1s0x30e299219164766b:0x1b7c79c31031d639
ChIJa3ZkkSGZ4jAROdYxEMN5fBs,翠岸寺,Ci9DQUlRQUNvZENodHljRjlvT210WlUzbGtUMmhETjJoQmNVcFFNVkpEZVhRelJVRRAB,5.0,从7楼再上一层，你就会发现宁静和美丽。,zh-CN,Sun May 31 2026 09:54:31 GMT-0700 (Pacific Daylight Time),Kunio Kun,https://www.google.com/maps/reviews/data=!4m6!14m5!1m4!2m3!1sCi9DQUlRQUNvZENodHljRjlvT210WlUzbGtUMmhETjJoQmNVcFFNVkpEZVhRelJVRRAB!2m1!1s0x30e299219164766b:0x1b7c79c31031d639
ChIJa3ZkkSGZ4jAROdYxEMN5fBs,翠岸寺,ChZDSUhNMG9nS0VJQ0FnSURCOWR5S0J3EAE,5.0,通往水岩寺的道路两旁林立着众多鞋店，餐厅和水果摊也熙熙攘攘，热闹非凡。 穿过寺门后，从停车场后方搭乘电梯至七楼，然后沿着左右分岔的楼梯拾级而上，即可到达宽敞的大殿。寺内设有透明电梯，方便行动不便者或轮椅使用者，令人倍感安心。进入大殿，仿佛置身世外桃源，忘却了下方世界的喧嚣。 殿内天花板高耸，微风拂面，令人心旷神怡。缠绕在两根柱子上的龙形装饰精美绝伦，引人入胜。 大殿后方中央供奉着五尊金佛像、菩萨像和药师像，每尊佛像都带有铭牌，而且面容各异（自然如此）。 庄严肃穆的气氛笼罩着我，我平复了一下心情，把钱放进捐款箱，点燃一支大蜡烛，焚香祈祷，许下心愿。 捐款箱旁边有个二维码，用电子货币捐款和供奉都很方便。为了安全起见，我熄灭了蜡烛，走进了熙熙攘攘的城市。,zh-CN,Wed Jan 25 2023 04:31:29 GMT-0800 (Pacific Standard Time),兼古慎一,https://www.google.com/maps/reviews/data=!4m6!14m5!1m4!2m3!1sChZDSUhNMG9nS0VJQ0FnSURCOWR5S0J3EAE!2m1!1s0x30e299219164766b:0x1b7c79c31031d639
ChIJ6eJPESKZ4jAR8ptHlk1lXY0,Wat Kan Matuyaram,Ci9DQUlRQUNvZENodHljRjlvT2s1SVMzcHFURFJuV0ZKdmVWTm5NMDFwTW5Bd1FrRRAB,5.0,"In the heart of Chinatown is Wat Kanma Tuyaram. Founded in 1864 during the reign of King Mongkut (Rama IV). It was the creation of Mrs. Klin Sakhonwasi, who offered up her flower garden to build a temple in honor of her son, Kan Sakhonwasi who was a royal page in King Mongkut’s court. The temple’s name, bestowed by the king, translates to “Temple of Mr. Kan’s Mother,” imbuing the site with a tone of personal legacy and filial reverence. Set within Samphanthawong, the temple reflects the rich cultural intersections between Thai and Chinese traditions. Architecturally, Wat Kanma Tuyaram belongs to the Dhammayuttika Nikaya sect of Theravada Buddhism. Its ordination hall (Ubosot) is slender and tall, constructed from brick and lime cement. The roof is two tiered and crowned with gold leaf finials, that shimmer above the skyline. The gable is adorned with stucco motifs shaped like Khao Bin, rice balls offered in lotus form, which evoke spiritual nourishment and humble devotion. The doors and windows are sculpted with intricate floral stucco designs, gilded and inlaid with colored glass, enriching the facade with vibrant ceremonial grace. Within the temple complex, there lies a striking replica of the Dhamek Stupa in Lanka style, one of only two in Thailand. This chedi anchors the temple symbolically to Sarnath, India, where the Buddha delivered his first sermon. Nearby, a Guanyin shrine presses against the outer wall, an elegant homage to the Chinese Goddess of Mercy and a visible testament to the spiritual hybridity that defines Chinatown’s landscape. Inside the Ubosot, the atmosphere turns contemplative and richly symbolic. Murals painted between the windows recount scenes from the Buddha’s life, while the windows themselves are adorned with vertical floral motifs that suggest fruit trays surrounded by blossoms... a visual evocation of abundance, offering, and reverence. At the center stands the principal Buddha image, cast in bronze and gilded, seated within a wooden Busabok covered in gold leaf and glass chips. The base of this shrine-like structure features rows of Thep Phanom, angelic figures with their palms pressed together in eternal worship.",en,Thu Mar 12 2026 09:46:28 GMT-0700 (Pacific Daylight Time),The Traveling Pug,https://www.google.com/maps/reviews/data=!4m6!14m5!1m4!2m3!1sCi9DQUlRQUNvZENodHljRjlvT2s1SVMzcHFURFJuV0ZKdmVWTm5NMDFwTW5Bd1FrRRAB!2m1!1s0x30e29922114fe2e9:0x8d5d654d96479bf2
ChIJ6eJPESKZ4jAR8ptHlk1lXY0,Wat Kan Matuyaram,Ci9DQUlRQUNvZENodHljRjlvT25abFoyOVZiakUwVmkxUVRFOUhlWHBoYlhwSFJXYxAB,5.0,这是一座位于曼谷三攀他旺区耀华力街道芒贡路的中国寺庙。这里白天和晚上通常都非常热闹，尤其是在每年的春节期间。,zh-CN,Sun Mar 08 2026 22:57:23 GMT-0700 (Pacific Daylight Time),๋jitraphorn_花卉市场,https://www.google.com/maps/reviews/data=!4m6!14m5!1m4!2m3!1sCi9DQUlRQUNvZENodHljRjlvT25abFoyOVZiakUwVmkxUVRFOUhlWHBoYlhwSFJXYxAB!2m1!1s0x30e29922114fe2e9:0x8d5d654d96479bf2
ChIJ6eJPESKZ4jAR8ptHlk1lXY0,Wat Kan Matuyaram,Ci9DQUlRQUNvZENodHljRjlvT205MVNucEllREZQTlV3eldsWlhlbVJsTkUxUE1VRRAB,5.0,坎玛图亚拉姆寺（Wat Kanmatuyaram）由“南克利普”（Nang Kleep）建造，她是“雅法恩”（Yai Faeng，三彭一家妓院的老板）的女儿，雅法恩也建造了坎尼卡蓬寺（Wat Kanikaphon）。这座寺庙建于拉玛四世国王统治末期，即1864年，被命名为“坎玛图亚拉姆寺”（Wat Kanmatuyaram），意为“坎先生的母亲所建的寺庙”。“坎”（Kan）取自坎·萨孔瓦西先生（Mr. Kan Sakhonwasi）的名字，“玛图”（Matu）意为母亲。坎先生是南克利普（又名帕达伦拉克萨，即坎·萨孔瓦西）的儿子，他曾是拉玛四世国王的侍童。这是一座位于耀华力路（Yaowarat）地区的小寺庙。我小时候路过这里，但从未进去过。戒堂的主佛像名为“帕阿里亚坎特·玛哈牟尼”（Phra Ariyakant Mahamuni），佛像不大，上方装饰着华盖。坎玛图亚拉姆寺内还有一座“兰卡风格的倒钟形佛塔”，仿照佛陀在印度首次讲经的地方——达美克佛塔而建。,zh-CN,Wed Jul 02 2025 07:48:57 GMT-0700 (Pacific Daylight Time),Vitaya Kunavichayanont,https://www.google.com/maps/reviews/data=!4m6!14m5!1m4!2m3!1sCi9DQUlRQUNvZENodHljRjlvT205MVNucEllREZQTlV3eldsWlhlbVJsTkUxUE1VRRAB!2m1!1s0x30e29922114fe2e9:0x8d5d654d96479bf2
ChIJ6eJPESKZ4jAR8ptHlk1lXY0,Wat Kan Matuyaram,Ci9DQUlRQUNvZENodHljRjlvT2t4Nk4xcHlUVmhJWVhGTVUyZE9NbkZDYzNSYVZXYxAB,5.0,甘玛图亚拉姆寺（Wat Kanmatuyaram，வாட்க்க்முத்துயார்）是一座历史悠久的南传佛教寺庙，位于泰国曼谷唐人街附近。虽然不如该地区的其他寺庙那样广为人知，但它却拥有重要的文化和精神价值。 该寺庙的历史可能可以追溯到拉达那哥欣王朝早期，其建筑风格融合了传统的泰式元素，环境宁静祥和，并保留了菩提树等神圣的元素，象征着佛陀的觉悟。“甘玛图亚拉姆”这个名字据信来源于寺庙的创建者或捐赠者，但相关的详细历史文献有限。 甘玛图亚拉姆寺以其宁静祥和的氛围、重要的精神意义以及在保护泰国宗教和文化传统方面所发挥的作用而闻名。它至今仍是每日礼拜、积德行善和僧侣生活的重要场所，对当地社区的灵修生活做出了重要贡献。 优点： - 真实可靠，具有重要的历史意义 - 文化和精神价值丰富 - 被公认为真正的灵修场所 缺点： - 无 **坎玛图亚拉姆寺**是一座历史悠久的南传佛教寺庙，位于泰国曼谷唐人街附近。虽然鲜为人知，但它却是一座具有极高文化和精神价值的寺庙。 据信，该寺庙建于拉达那哥欣王朝早期，环境清幽，并保留了传统的泰式建筑风格和佛像等神圣元素。 坎玛图亚拉姆寺以其宁静祥和的氛围、深厚的精神内涵以及对宗教和文化遗产的保护而闻名。 长所： – 正统で历史价值 - 丰富的文化和精神价值 – 被称为务实精神的修行の场 学校： - 一点也不 **Wat Kanmatuyaram（Wat Kanmatuyaram）**是位于曼谷、近唐人街历史悠久的上座部佛教寺院。 该寺可建于拉达那哥欣王朝早期，表演传统泰式寺庙建篇风格、周边结果宁静、拥有象征佛陀觉悟的菩提树等。 Wat Kanmatuyaram 修祥和旅围，对当地社区的小明意义了对南教编程的老用老闻名。 优点： – 真实设计历史意义 – 丰富的文化和精神价值 – 被认可为精神修行的重要场所 缺点： – 无 Wat Kanmatuyaram (வாட்க்க்முத்துயார்) 是一座历史悠久的上座部佛教寺庙，位于泰国曼谷，位于 Stadtteil 唐人街。虽然它是一种文化，但它是一种文化和精神。 Tempel stammt vermutlich aus der frühen Rattanakosin-Zeit 和 weist 传统泰国建筑，eine Friedliche Umgebung 和 heilige Elemente Wie den Bodhi-Baum auf，der die Erlechtung Buddhas 象征。名称“Kanmatuyaram” 是 Tempels 的名称，也是历史的一部分。 Wat Kanmatuyaram 是一种氛围、精神和在泰国宗教和文化传统中的角色。 《圣殿》是一个关于生活、生活的集合和生活的场所，是一种精神生活中的生活。 优点： – 真实与历史的结合 – 帝国文化与精神 – Anerkannt 饰演 Ort Spiritueller Praxis 缺点： ——凯因 Wat Kanmatuyaram（வாட்க்க்முத்துயார்）是泰国曼谷一座历史悠久的上座部寺庙，位于唐人街附近。虽然鲜为人知，但这座寺庙具有巨大的文化和精神价值。 这座寺庙可能建于拉达那哥欣王朝早期，体现了传统的泰式建筑风格。周围环境宁静祥和，遍植神圣的树木，其中包括象征佛陀觉悟的菩提树。“Kanmatuyaram”这个名字据推测源于创建者或捐赠者的名字，但详细的历史资料有限。 这座寺庙以其宁静祥和的氛围、深厚的精神内涵以及对泰国宗教和文化传统的传承而闻名。它是人们日常礼拜、积攒功德和修行生活的场所，在当地社区的精神生活中扮演着重要的角色。 优点： - 真实性和历史意义 - 丰富的文化和精神遗产 - 公认的修行场所 缺点： - 无,zh-CN,Thu Aug 07 2025 05:16:21 GMT-0700 (Pacific Daylight Time),ルーシャスLucius,https://www.google.com/maps/reviews/data=!4m6!14m5!1m4!2m3!1sCi9DQUlRQUNvZENodHljRjlvT2t4Nk4xcHlUVmhJWVhGTVUyZE9NbkZDYzNSYVZXYxAB!2m1!1s0x30e29922114fe2e9:0x8d5d654d96479bf2
ChIJ6eJPESKZ4jAR8ptHlk1lXY0,Wat Kan Matuyaram,Ci9DQUlRQUNvZENodHljRjlvT214RFRFUkNiMVJDUlRaU1dUSkNSRjlzUjJWVk5sRRAB,5.0,Wat Kan Matuyaram วัดกันมาตุยาราม วันนี้...วันอาทิตย์ที่ ๑๐ สิงหาคม ๒๕๖๘ พระอุโบสถเปิด จึงได้เข้ามาชื่นชมจิตรกรรมฝาผนังด้านใน...สวยงามมาก พระประธานปางสมาธิงดงามมากๆ ภายในพระอุโบสถ มีประดิษฐานพระพุทธรูปปางต่างๆ อยู่ในช่องกำแพง อย่างสวย มาถึงจิตรกรรมฝาผนัง เป็นเรื่องราวพุทธประวัติของพระพุทธเจ้า ไล่เรียงมาตั้งแต่ประสูติจนถวายพระเพลิง หากสังเกตุดีๆจะเห็นภาพเปรตสองตนด้วยนะ #เที่ยววัดกับวัฒน์,th,Sun Aug 10 2025 02:40:49 GMT-0700 (Pacific Daylight Time),Jirawat Shinawatrawangso,https://www.google.com/maps/reviews/data=!4m6!14m5!1m4!2m3!1sCi9DQUlRQUNvZENodHljRjlvT214RFRFUkNiMVJDUlRaU1dUSkNSRjlzUjJWVk5sRRAB!2m1!1s0x30e29922114fe2e9:0x8d5d654d96479bf2
ChIJo2HuqhiZ4jAR3KbV067Og6w,Wat Lokanukroh,Ci9DQUlRQUNvZENodHljRjlvT2pWNlZqTjVkeTF5UjNWWVMwRk5PV2t4V1doSlNFRRAB,5.0,洛卡努阿克罗寺（Wat Lokanuakroh）， 或中文称作“祖祖寺”（Wat Tzu Tzu），是一座大乘佛教寺庙，由中国和越南商人于拉玛三世国王统治末期（约1851年）建造。它最初是作为僧侣中心而建，用于举行大乘佛教仪式。,zh-CN,Tue Mar 10 2026 04:09:07 GMT-0700 (Pacific Daylight Time),ChubbyArin,https://www.google.com/maps/reviews/data=!4m6!14m5!1m4!2m3!1sCi9DQUlRQUNvZENodHljRjlvT2pWNlZqTjVkeTF5UjNWWVMwRk5PV2t4V1doSlNFRRAB!2m1!1s0x30e29918aaee61a3:0xac83ceaed3d5a6dc
ChIJo2HuqhiZ4jAR3KbV067Og6w,Wat Lokanukroh,Ci9DQUlRQUNvZENodHljRjlvT21salJuWk1ZMnAwUW5CUWJ6bDRSVzFSWm1KUk1sRRAB,5.0,✨ 洛卡努阿克罗寺探访——三鹏的静谧圣地（心灵探索者的天堂）✨ 在熙熙攘攘的三鹏商业区，隐藏着一处令人惊喜的静谧角落：洛卡努阿克罗寺。这座小巧的寺庙充满神圣气息，风格简约质朴，完美融合了中国和泰国的信仰。 步入寺庙，与外面喧嚣的街道形成鲜明对比。商店的嘈杂声消失不见，取而代之的是一片宁静祥和的氛围。只有淡淡的香火气息和拂过树梢的暖风，仿佛置身于不夜城三鹏的另一个世界。 寺庙内的佛龛和圣物 洛卡努阿克罗寺内供奉着众多中式和泰式风格的佛像和圣物，使其成为商业区居民祈求事业、工作和身心健康的热门场所。人们相信这座寺庙能“带来好运和财富”，尤其是对于经常在开工前前来参拜的三鹏商贩而言。 寺庙的清洁与维护 寺庙环境整洁干净，维护良好。尽管地处大型市场中心，寺庙本身却井然有序、宁静祥和，是放松身心的绝佳去处。对于那些想要暂时逃离市场喧嚣的人来说，这里是理想的休憩之所，能带来深沉的平和与宁静。 总体印象： 参观洛卡努阿克罗寺 (Wat Lokanuakroh) 就像是在耀华力三鹏 (Yaowarat-Sampeng) 探索一处“秘密圣地”。这是一座充满魅力且神圣的寺庙，平易近人；它并不宏伟奢华，却蕴含着强大的信仰力量，带来一种奇特的平静感。 印象总结： ✔️ 尽管位于三鹏中心，但这座寺庙规模虽小，却非常宁静。 ✔️ 是祈求生意兴隆、事业有成、财源广进的理想场所。 ✔️ 氛围简洁、温馨、干净整洁。 ✔️ 在市场逛了一天或购物后，这里是寻求宁静的绝佳去处。 如果您有机会到访三鹏或​​耀华力路，我强烈推荐您去洛卡努阿克罗寺 (Wat Lokanuakroh)。这是找到内心平静最简单的方式，却能带来最温暖的感受。🙏✨,zh-CN,Mon Nov 24 2025 17:57:22 GMT-0800 (Pacific Standard Time),Dr Chanattee Poompruk,https://www.google.com/maps/reviews/data=!4m6!14m5!1m4!2m3!1sCi9DQUlRQUNvZENodHljRjlvT21salJuWk1ZMnAwUW5CUWJ6bDRSVzFSWm1KUk1sRRAB!2m1!1s0x30e29918aaee61a3:0xac83ceaed3d5a6dc
ChIJo2HuqhiZ4jAR3KbV067Og6w,Wat Lokanukroh,Ci9DQUlRQUNvZENodHljRjlvT2xBd1ZHUXdTRTV2YnpsYVFXUkVTVVpMVlZCeFkxRRAB,5.0,位于三彭的这座小寺庙非常漂亮，经常举办各种中国节日活动。,zh-CN,Wed Feb 18 2026 20:46:50 GMT-0800 (Pacific Standard Time),KS,https://www.google.com/maps/reviews/data=!4m6!14m5!1m4!2m3!1sCi9DQUlRQUNvZENodHljRjlvT2xBd1ZHUXdTRTV2YnpsYVFXUkVTVVpMVlZCeFkxRRAB!2m1!1s0x30e29918aaee61a3:0xac83ceaed3d5a6dc
ChIJo2HuqhiZ4jAR3KbV067Og6w,Wat Lokanukroh,Ci9DQUlRQUNvZENodHljRjlvT2xsVGFXazNRVE5zWkVaa1QxQXdNbWhKVVhnMU1sRRAB,5.0,在此向财神爷祈福，求得好运、财富和财源。 财神爷（财神爷），又称财富之神，是中国古代的神祇，被认为能赐予好运、财富和繁荣，尤其是在金钱方面。中国人以及华裔人士常在春节期间祭拜他，祈求来年好运连连，财源广进。,zh-CN,Tue Jul 08 2025 19:38:05 GMT-0700 (Pacific Daylight Time),ไปนู่นไปนี่ฉันจะตีก้นเธอ Facebook page,https://www.google.com/maps/reviews/data=!4m6!14m5!1m4!2m3!1sCi9DQUlRQUNvZENodHljRjlvT2xsVGFXazNRVE5zWkVaa1QxQXdNbWhKVVhnMU1sRRAB!2m1!1s0x30e29918aaee61a3:0xac83ceaed3d5a6dc
ChIJo2HuqhiZ4jAR3KbV067Og6w,Wat Lokanukroh,ChdDSUhNMG9nS0VJQ0FnSUNiOE0zXzFnRRAB,5.0,⛩️曼谷七座越南寺庙⛩️ 让我们继续我们的越南寺庙之旅吧！首先，我开始在曼谷搜索寺庙。我偶然发现了塔拉考越南寺和塔拉诺伊越南寺等等。出于好奇，我想知道到底有多少座越南寺庙，以及它们的具体位置，我做了一些调查😁😁，发现泰国大约有17座越南寺庙，其中7座就在曼谷。于是，我去拜访了它们，尽我所能地祈祷和许愿😅，并在每座寺庙都拍了照片。我会陆续发布照片，直到全部分享完毕☝️ ⛩️ 寺庙 1：慈濟寺 (Wat Lokanuakroh) 慈濟寺（Wat Lokanuakroh，中文为“Wat Tế Tự”）是一座大乘佛教寺庙，由华人商人和越南商人于拉玛三世国王统治末期（约1851年）共同建造。它最初是作为僧侣中心而建，用于按照大乘佛教传统举行宗教仪式。 信息来自唐人街耀华力Facebook页面。 📌 慈濟寺位于三攀他旺县查克拉瓦街道帕利蓬巷，靠近三鹏市场和拉差旺路口。 #WatLokanuakroh #VietnameseTemple #VietnameseTempleSampeng #yaowarach #Rimtangstory #唐人街yaowarach,zh-CN,Mon Jul 22 2024 08:26:20 GMT-0700 (Pacific Daylight Time),Rimtang Story,https://www.google.com/maps/reviews/data=!4m6!14m5!1m4!2m3!1sChdDSUhNMG9nS0VJQ0FnSUNiOE0zXzFnRRAB!2m1!1s0x30e29918aaee61a3:0xac83ceaed3d5a6dc
ChIJ1dsqgSGZ4jARD3A1MkYoacg,曼谷會慶寺,Ci9DQUlRQUNvZENodHljRjlvT2xSdGVFcFFWREJqVjNSRmJFUXRNRWQ2WTA1aE9WRRAB,4.0,会庆寺（Wat Mongkol Samakhom）位于曼谷唐人街，是曼谷少见的、具有越南建筑风格的佛寺。 据记载，它的建造时期大约在 18 世纪末至 19 世纪初。 主殿供奉的是释迦牟尼佛像，其与对面的韦驮菩萨，以及前左侧的观世音菩萨、弥勒佛、地藏王菩萨⋯等遥遥相望。 整个寺院规模不大，且呈现开放式空间建筑设计。 我们来到这里的时候，没见到任何人。 当我开始向主殿的释迦牟尼佛敬拜、持诵佛号与七叩首时，才开始陆续有3-4人徐徐进来。 特别喜欢主殿左前方的几尊观世音菩萨，还有地藏王菩萨。 ^_^ 法喜充满啊！ 🙏🙏🙏,zh-CN,Sat Aug 23 2025 09:36:50 GMT-0700 (Pacific Daylight Time),Candia Nam,https://www.google.com/maps/reviews/data=!4m6!14m5!1m4!2m3!1sCi9DQUlRQUNvZENodHljRjlvT2xSdGVFcFFWREJqVjNSRmJFUXRNRWQ2WTA1aE9WRRAB!2m1!1s0x30e29921812adbd5:0xc86928463235700f
ChIJ1dsqgSGZ4jARD3A1MkYoacg,曼谷會慶寺,Ci9DQUlRQUNvZENodHljRjlvT2xscWNYZE9NbEJ6UzBOd01VTlNhRTV5U0dnMmVHYxAB,5.0,"Visitar o Wat Mongkol Samakhom (วัดมงคลสมาคม / 會慶寺) foi uma surpresa muito agradável no meio da agitação da Chinatown de Bangkok. O templo é pequeno, mas tem uma energia muito especial e tranquila. Assim que entrei, senti um contraste enorme com o movimento intenso das ruas ao redor. A arquitetura mistura influências chinesas e vietnamitas, algo diferente dos templos tailandeses mais conhecidos, o que torna a visita ainda mais interessante culturalmente. Gostei muito de ver moradores locais entrando para fazer oferendas e rezar — isso dá uma sensação de autenticidade, de lugar vivo e não apenas turístico. Os detalhes, as lanternas, o incenso no ar e o silêncio respeitoso criam um ambiente perfeito para parar alguns minutos, respirar e apreciar o momento. É uma parada rápida, mas muito marcante, especialmente se você estiver a explorar a Yaowarat a pé. Um daqueles lugares escondidos que quase ninguém fala, mas que vale muito a pena descobrir.",pt,Thu Apr 30 2026 07:19:41 GMT-0700 (Pacific Daylight Time),MÁRIO MIGUEL,https://www.google.com/maps/reviews/data=!4m6!14m5!1m4!2m3!1sCi9DQUlRQUNvZENodHljRjlvT2xscWNYZE9NbEJ6UzBOd01VTlNhRTV5U0dnMmVHYxAB!2m1!1s0x30e29921812adbd5:0xc86928463235700f
ChIJ1dsqgSGZ4jARD3A1MkYoacg,曼谷會慶寺,ChdDSUhNMG9nS0VJQ0FnSURuei1LOHl3RRAB,5.0,这是一座小型的大乘安南派寺庙。在吞武里王朝时期，郑信王允许越南皇室成员和一群越南僧侣在曼谷定居，建立了一个越南社群。这些越南僧侣还请求允许在这座寺庙附近建立两座越南寺庙。后来，在拉玛五世国王统治时期，耀华力路修建时，他下令将越南寺庙迁至现址——位于乍伦功路和耀华力路之间的普兰南路。从乍伦功路方向过来，寺庙就在您的右手边。寺庙大门为中式风格，门上挂着一块刻有寺庙皇家名称的牌匾。进入寺庙后，主殿就在右手边。这是一座混凝土建筑，屋顶为山墙式，没有尖顶装饰，但屋檐装饰精美，外墙为素雅的灰泥粉刷。主殿朝东，底部设有界碑（sema）。主佛像为摩罗毗荼坐姿，两侧是立佛和两位主要弟子。前方有两尊较小的立佛和三尊较小的坐佛，均为泰式风格。主殿前廊供奉着护法菩萨（或称护法菩萨）像。右侧是观世音菩萨（或称观音菩萨）、弥勒菩萨（或称弥勒菩萨）和地藏菩萨像。上个月，我参观了耀华力路地区的九座寺庙。今天正值素食节，我参观了耀华力路的几座大乘佛教寺庙，依次是提毗利寺、洛卡努阿克罗寺、班彭钦普罗寺、库索萨玛空寺和芒坤卡玛拉瓦寺，最后到达蒙坤萨玛空寺。然后我们将前往柴亚蓬卡拉姆寺。,zh-CN,Fri Oct 11 2024 07:25:57 GMT-0700 (Pacific Daylight Time),Suporn Kulwatnantachai,https://www.google.com/maps/reviews/data=!4m6!14m5!1m4!2m3!1sChdDSUhNMG9nS0VJQ0FnSURuei1LOHl3RRAB!2m1!1s0x30e29921812adbd5:0xc86928463235700f
ChIJ1dsqgSGZ4jARD3A1MkYoacg,曼谷會慶寺,Ci9DQUlRQUNvZENodHljRjlvT25OTlRGSkpla05GT1hOd01Hb3lRa05rU1UxdWVYYxAB,5.0,这里是探索中国文化和信仰的绝佳去处，寺庙宏伟壮丽。,zh-CN,Wed Feb 25 2026 21:24:24 GMT-0800 (Pacific Standard Time),Khin Phyu Htwe,https://www.google.com/maps/reviews/data=!4m6!14m5!1m4!2m3!1sCi9DQUlRQUNvZENodHljRjlvT25OTlRGSkpla05GT1hOd01Hb3lRa05rU1UxdWVYYxAB!2m1!1s0x30e29921812adbd5:0xc86928463235700f
ChIJ1dsqgSGZ4jARD3A1MkYoacg,曼谷會慶寺,ChdDSUhNMG9nS0VJQ0FnSUNCeWZ2OTBnRRAB,5.0,超爱老叔叔的烧卖！在Hello Ellie的YouTube视频里看到后，特意来这里尝尝。 烧卖个头跟拇指差不多，小巧却美味。酱汁酸甜可口，酥脆的表皮更是锦上添花。总之，这家位于寺庙边缘的烧卖绝对值得五星好评。 售完即止。一个人能轻松吃下10个。 10个只要35泰铢。物超所值！是我唐人街之旅的亮点。,zh-CN,Wed Dec 28 2022 22:14:18 GMT-0800 (Pacific Standard Time),Will,https://www.google.com/maps/reviews/data=!4m6!14m5!1m4!2m3!1sChdDSUhNMG9nS0VJQ0FnSUNCeWZ2OTBnRRAB!2m1!1s0x30e29921812adbd5:0xc86928463235700f
ChIJ9zWvQACZ4jARC4qchiQ32VE,สำนักงานฌาปนสถาน-สุสานเมรุวัดจักรวรรดิ,Ci9DQUlRQUNvZENodHljRjlvT2tKd2JVZ3pUbTltUkV0eE5rZGFOR2hQYm1SalkxRRAB,5.0,,,Fri Jun 27 2025 03:42:07 GMT-0700 (Pacific Daylight Time),Sittivat Tamrongtanyalak,https://www.google.com/maps/reviews/data=!4m6!14m5!1m4!2m3!1sCi9DQUlRQUNvZENodHljRjlvT2tKd2JVZ3pUbTltUkV0eE5rZGFOR2hQYm1SalkxRRAB!2m1!1s0x30e2990040af35f7:0x51d93724869c8a0b
ChIJzbmcz7GZ4jARpMQfnRNXBa0,Pagodas of Wat Pho,Ci9DQUlRQUNvZENodHljRjlvT21sQ2NHSnhUMlJ2WldoT1FtWXpSM1Y2ZGsxbU4zYxAB,2.0,说实话，如果你是第一次来曼谷，这里绝对是必游之地。不过，它已经不如以前那么宏伟了。如今，它更像是一个巨大的赚钱场所。如果一座寺庙里有自动取款机和亚马逊咖啡馆，那它肯定是为了赚钱而建的。寺庙里人太多，有些地方也维护得不太好。每天有那么多钱花在这里，你肯定会期待它看起来更加精致。但正如我之前所说……对于第一次来曼谷的人来说，这里绝对是必游之地。,zh-CN,Wed Feb 18 2026 17:20:04 GMT-0800 (Pacific Standard Time),Mathias Huysmans,https://www.google.com/maps/reviews/data=!4m6!14m5!1m4!2m3!1sCi9DQUlRQUNvZENodHljRjlvT21sQ2NHSnhUMlJ2WldoT1FtWXpSM1Y2ZGsxbU4zYxAB!2m1!1s0x30e299b1cf9cb9cd:0xad0557139d1fc4a4
ChIJzbmcz7GZ4jARpMQfnRNXBa0,Pagodas of Wat Pho,Ci9DQUlRQUNvZENodHljRjlvT25oTVkycHZjMDlKYlV4cU9YcFVabGsxUjNoM1RYYxAB,5.0,如果曼谷只打算参观一座寺庙，那这座寺庙绝对不容错过。它以151英尺高的卧佛像闻名，但其他众多建筑，无不覆盖着五彩缤纷的陶瓷“花瓣”，庭院里也排列着数十尊鎏金铜佛像，共同构成了一个令人叹为观止的建筑群。它规模宏大却不显突兀，反而营造出许多供人静思冥想的私密空间（这与气势恢宏的郑王庙截然不同）。寺庙中心甚至还有一个下沉式中式花园。第一天我在这里待了一个半小时，第二天日落时分又去了一趟，想看看之前错过的美景。,zh-CN,Tue Mar 10 2026 10:40:09 GMT-0700 (Pacific Daylight Time),John Uhlemann,https://www.google.com/maps/reviews/data=!4m6!14m5!1m4!2m3!1sCi9DQUlRQUNvZENodHljRjlvT25oTVkycHZjMDlKYlV4cU9YcFVabGsxUjNoM1RYYxAB!2m1!1s0x30e299b1cf9cb9cd:0xad0557139d1fc4a4
ChIJzbmcz7GZ4jARpMQfnRNXBa0,Pagodas of Wat Pho,Ci9DQUlRQUNvZENodHljRjlvT25WR2JqTm5UMnBtV2xGSVJYZElWakZyZUc5eE5uYxAB,5.0,这是泰国最著名的寺庙群之一，毗邻大皇宫。 * 以其巨大的卧佛而闻名，这座长达46米的卧佛是曼谷的主要景点之一。 * 寺庙群内有四座色彩鲜艳的皇家佛塔（舍利塔），装饰着精美的陶瓷；每座佛塔都供奉着却克里王朝的国王。 * 这里被认为是传统泰式按摩的中心，著名的泰式按摩学校也坐落于此。 * 氛围：历史悠久的建筑、马赛克镶嵌画、雕像、庭院，以及即使身处市中心也难得的宁静。 * 非常适合与大皇宫和郑王庙一同游览。 推荐理由：美丽的古典泰式建筑、悠久的历史、丰富的文化以及风景如画的佛塔，尽在一处。,zh-CN,Mon May 04 2026 01:51:54 GMT-0700 (Pacific Daylight Time),Марина Шулдрина,https://www.google.com/maps/reviews/data=!4m6!14m5!1m4!2m3!1sCi9DQUlRQUNvZENodHljRjlvT25WR2JqTm5UMnBtV2xGSVJYZElWakZyZUc5eE5uYxAB!2m1!1s0x30e299b1cf9cb9cd:0xad0557139d1fc4a4
ChIJzbmcz7GZ4jARpMQfnRNXBa0,Pagodas of Wat Pho,Ci9DQUlRQUNvZENodHljRjlvT2tScFNWRk5OM1JMVG5wS1JXWm1kUzF6ZFV4blVsRRAB,5.0,这座寺庙以巨大的禅定佛像而闻名。皇室成员的遗骸被安放在寺庙的石柱上。据说泰式按摩起源于此，至今仍在沿用。这里还摆放着瑜伽体式雕像，展示有益健康的瑜伽姿势。鳄鱼公园也是一个拍照的好地方。有些地方会冒出烟雾，当地人称之为“魔法”。,zh-CN,Sat Jan 17 2026 20:59:23 GMT-0800 (Pacific Standard Time),Bhabani Sankar Panda,https://www.google.com/maps/reviews/data=!4m6!14m5!1m4!2m3!1sCi9DQUlRQUNvZENodHljRjlvT2tScFNWRk5OM1JMVG5wS1JXWm1kUzF6ZFV4blVsRRAB!2m1!1s0x30e299b1cf9cb9cd:0xad0557139d1fc4a4
ChIJzbmcz7GZ4jARpMQfnRNXBa0,Pagodas of Wat Pho,Ci9DQUlRQUNvZENodHljRjlvT25CVmRURm9Ua2xYVW5KQ05rUk5YekZRU1hCYVgxRRAB,5.0,卧佛寺（Wat Pho）美得令人惊叹。它是曼谷一座古老的寺庙，可以追溯到阿瑜陀耶王朝时期。❤️❤️❤️❤️❤️,zh-CN,Mon Mar 23 2026 08:28:38 GMT-0700 (Pacific Daylight Time),arinrada_ruk,https://www.google.com/maps/reviews/data=!4m6!14m5!1m4!2m3!1sCi9DQUlRQUNvZENodHljRjlvT25CVmRURm9Ua2xYVW5KQ05rUk5YekZRU1hCYVgxRRAB!2m1!1s0x30e299b1cf9cb9cd:0xad0557139d1fc4a4
ChIJ1cDFvQqZ4jAR7pNZfzG6AAE,왓포 북쪽 입구,ChdDSUhNMG9nS0VJQ0FnSUR0M0pXbzF3RRAB,5.0,卧佛寺（Wat Pho）以其卧佛像而闻名，是曼谷最著名的景点之一。门票价格为300泰铢，约合650卢比。您也可以在那里预订导游，并可以协商价格。,zh-CN,Fri Feb 02 2024 20:42:39 GMT-0800 (Pacific Standard Time),Aastha Jaie,https://www.google.com/maps/reviews/data=!4m6!14m5!1m4!2m3!1sChdDSUhNMG9nS0VJQ0FnSUR0M0pXbzF3RRAB!2m1!1s0x30e2990abdc5c0d5:0x100ba317f5993ee
ChIJ1cDFvQqZ4jAR7pNZfzG6AAE,왓포 북쪽 입구,Ci9DQUlRQUNvZENodHljRjlvT2xOaVJEZHNSV0pmYURSNVFWSkVRbHBXTTNONU1XYxAB,5.0,,,Thu Jan 29 2026 03:16:11 GMT-0800 (Pacific Standard Time),Nathalie Benture,https://www.google.com/maps/reviews/data=!4m6!14m5!1m4!2m3!1sCi9DQUlRQUNvZENodHljRjlvT2xOaVJEZHNSV0pmYURSNVFWSkVRbHBXTTNONU1XYxAB!2m1!1s0x30e2990abdc5c0d5:0x100ba317f5993ee
ChIJ1cDFvQqZ4jAR7pNZfzG6AAE,왓포 북쪽 입구,ChdDSUhNMG9nS0VJQ0FnSURUdHZuemlnRRAB,4.0,,,Fri May 24 2024 06:27:09 GMT-0700 (Pacific Daylight Time),sree prasad,https://www.google.com/maps/reviews/data=!4m6!14m5!1m4!2m3!1sChdDSUhNMG9nS0VJQ0FnSURUdHZuemlnRRAB!2m1!1s0x30e2990abdc5c0d5:0x100ba317f5993ee
ChIJ1cDFvQqZ4jAR7pNZfzG6AAE,왓포 북쪽 입구,ChZDSUhNMG9nS0VJQ0FnSUREb3QyUkV3EAE,5.0,,,Sun Apr 07 2024 02:23:45 GMT-0700 (Pacific Daylight Time),Anh Nguyet Nguyen Pham,https://www.google.com/maps/reviews/data=!4m6!14m5!1m4!2m3!1sChZDSUhNMG9nS0VJQ0FnSUREb3QyUkV3EAE!2m1!1s0x30e2990abdc5c0d5:0x100ba317f5993ee
ChIJ1cDFvQqZ4jAR7pNZfzG6AAE,왓포 북쪽 입구,ChZDSUhNMG9nS0VJQ0FnSUNSbzhHRGV3EAE,4.0,,,Sun Apr 09 2023 07:55:10 GMT-0700 (Pacific Daylight Time),남산 송신소,https://www.google.com/maps/reviews/data=!4m6!14m5!1m4!2m3!1sChZDSUhNMG9nS0VJQ0FnSUNSbzhHRGV3EAE!2m1!1s0x30e2990abdc5c0d5:0x100ba317f5993ee
ChIJ4XJOFgCZ4jARw_6_5xAQcUQ,คณะ ต.34 วัดโพธิ์ ท่าเตียน (วัดพระเชตุพนวิมลมังคลาราม),Ci9DQUlRQUNvZENodHljRjlvT2xoUGVHaFNlR0pUVEVGdVdHMTFjRXBUUVdWdGJHYxAB,5.0,九曜祈福仪式 卧佛寺（Wat Pho，又名Wat Phra Chetuphon）的九曜祈福仪式是一项古老的仪式，僧侣们诵经祈福，祈求好运，驱除厄运，并迎接/迎接行星（太阳、月亮、火星、水星、木星、金星、土星、罗睺、计都）的运行。该仪式通常在主要行星变换星座时举行，以减轻负面影响，创造正能量，并促进繁荣。 卧佛寺（Wat Phra Chetuphon Wimonmangkalaram，又名Wat Pho）位于曼谷塔田区，其九曜祈福仪式通常在卧佛殿举行。 时间：仪式通常根据木星或罗睺的星座转换时间举行，这是一项代代相传的传统仪式。 诵经：仪式中使用与九曜相关的诵经词和佛教圣咒。 仪式中会点燃蜡烛祭拜九大行星，并举行仪式化解与生肖冲突年相关的厄运，以增强个人的功德和财富。,zh-CN,Sat Feb 21 2026 22:52:18 GMT-0800 (Pacific Standard Time),Ake,https://www.google.com/maps/reviews/data=!4m6!14m5!1m4!2m3!1sCi9DQUlRQUNvZENodHljRjlvT2xoUGVHaFNlR0pUVEVGdVdHMTFjRXBUUVdWdGJHYxAB!2m1!1s0x30e29900164e72e1:0x44711010e7bffec3
ChIJ4XJOFgCZ4jARw_6_5xAQcUQ,คณะ ต.34 วัดโพธิ์ ท่าเตียน (วัดพระเชตุพนวิมลมังคลาราม),Ci9DQUlRQUNvZENodHljRjlvT2tKb2MyRkdhRkpPY1dKcE1FVnFlVmMwWDBaeWIzYxAB,5.0,这是T.34组，干净整洁。,zh-CN,Fri Jun 26 2026 07:02:50 GMT-0700 (Pacific Daylight Time),Chan Kulrat,https://www.google.com/maps/reviews/data=!4m6!14m5!1m4!2m3!1sCi9DQUlRQUNvZENodHljRjlvT2tKb2MyRkdhRkpPY1dKcE1FVnFlVmMwWDBaeWIzYxAB!2m1!1s0x30e29900164e72e1:0x44711010e7bffec3
ChIJ4XJOFgCZ4jARw_6_5xAQcUQ,คณะ ต.34 วัดโพธิ์ ท่าเตียน (วัดพระเชตุพนวิมลมังคลาราม),Ci9DQUlRQUNvZENodHljRjlvT2pWVWQwMVlWRTVRZGxRNFZIcERjaTFUZG5KUWQwRRAB,4.0,,,Tue Aug 26 2025 20:10:05 GMT-0700 (Pacific Daylight Time),Pnit Samkhom,https://www.google.com/maps/reviews/data=!4m6!14m5!1m4!2m3!1sCi9DQUlRQUNvZENodHljRjlvT2pWVWQwMVlWRTVRZGxRNFZIcERjaTFUZG5KUWQwRRAB!2m1!1s0x30e29900164e72e1:0x44711010e7bffec3
ChIJq0LzpdaZ4jARsyleFmXcpC4,สำนักปฏิบัติธรรมวัดโพธิ์,ChZDSUhNMG9nS0VJQ0FnSURmMGRfTE9REAE,5.0,体验曼谷的宗教风情与历史建筑，卧佛寺从一进门就很有泰国风，进入庄严肃穆的大殿，金身卧佛的姿态令人屏息，宁静祥和的空间，让人沉静下来。接近出口处可以用20泰铢换一钵铜板，将铜板沿途放进长长的小钵中，每个都放到，直到投入最后一个，就能祈福，可以体验一下。接着到大皇宫及玉佛寺，都是在大皇宫园区，沿着围墙走了许久才到大门，买票进入付费管制区后，别有洞天，皇室豪华气派的闪亮辉煌建筑，非常值得一探。接着搭船到对岸郑王庙，提醒一下，一到码头看到的第一座搭船售票亭，是私人很贵的船，如果只要去郑王庙，不要进入第一个搭船亭，要往左边走，进入下一个搭船亭，就有5泰铢的船。进入郑王庙后，非常极具特色的塔楼，可以往塔楼上走，可以租泰服、摄影师，以及购买特色冰淇淋，建议这几个景点在同一天进行，来个宗教之旅。,zh-CN,Sat Jan 11 2025 06:47:20 GMT-0800 (Pacific Standard Time),YLC,https://www.google.com/maps/reviews/data=!4m6!14m5!1m4!2m3!1sChZDSUhNMG9nS0VJQ0FnSURmMGRfTE9REAE!2m1!1s0x30e299d6a5f342ab:0x2ea4dc65165e29b3
ChIJq0LzpdaZ4jARsyleFmXcpC4,สำนักปฏิบัติธรรมวัดโพธิ์,ChdDSUhNMG9nS0VJQ0FnSUNEMDZTY3FnRRAB,5.0,这里原是寺庙的讲经堂，现在改成了冥想场所。里面有一尊非常精美的禅定佛像，还有一个雕工精湛的木制讲坛。 今天这里举行了沙弥集体剃度仪式，所以我们也得以进去参观。,zh-CN,Mon Apr 01 2024 01:09:35 GMT-0700 (Pacific Daylight Time),ChubbyArin,https://www.google.com/maps/reviews/data=!4m6!14m5!1m4!2m3!1sChdDSUhNMG9nS0VJQ0FnSUNEMDZTY3FnRRAB!2m1!1s0x30e299d6a5f342ab:0x2ea4dc65165e29b3
ChIJq0LzpdaZ4jARsyleFmXcpC4,สำนักปฏิบัติธรรมวัดโพธิ์,Ci9DQUlRQUNvZENodHljRjlvT25Cd1N6ZHhWR1UyU2tOak9VUjNWMlE0VlU4MVozYxAB,5.0,卧佛寺的禅修中心原是阿瑜陀耶王朝时期的一座古老戒堂。,zh-CN,Mon Jun 30 2025 01:49:14 GMT-0700 (Pacific Daylight Time),arinrada_ruk,https://www.google.com/maps/reviews/data=!4m6!14m5!1m4!2m3!1sCi9DQUlRQUNvZENodHljRjlvT25Cd1N6ZHhWR1UyU2tOak9VUjNWMlE0VlU4MVozYxAB!2m1!1s0x30e299d6a5f342ab:0x2ea4dc65165e29b3
ChIJq0LzpdaZ4jARsyleFmXcpC4,สำนักปฏิบัติธรรมวัดโพธิ์,ChdDSUhNMG9nS0VJQ0FnSUNmdDlXNjZBRRAB,5.0,这座佛教寺庙建筑精美，融合了泰国和中国的建筑风格。,zh-CN,Thu Jan 02 2025 06:03:44 GMT-0800 (Pacific Standard Time),Phong,https://www.google.com/maps/reviews/data=!4m6!14m5!1m4!2m3!1sChdDSUhNMG9nS0VJQ0FnSUNmdDlXNjZBRRAB!2m1!1s0x30e299d6a5f342ab:0x2ea4dc65165e29b3
ChIJq0LzpdaZ4jARsyleFmXcpC4,สำนักปฏิบัติธรรมวัดโพธิ์,Ci9DQUlRQUNvZENodHljRjlvT2pkME0yMUpWa3RSYTI1Q05FUjRVRTAzVlROQlVYYxAB,5.0,太壮观了。就像这个建筑群里的其他一切一样。许多信徒经常在那里祈祷。,zh-CN,Mon Jan 05 2026 08:56:02 GMT-0800 (Pacific Standard Time),Alexandre Delimoges,https://www.google.com/maps/reviews/data=!4m6!14m5!1m4!2m3!1sCi9DQUlRQUNvZENodHljRjlvT2pkME0yMUpWa3RSYTI1Q05FUjRVRTAzVlROQlVYYxAB!2m1!1s0x30e299d6a5f342ab:0x2ea4dc65165e29b3
ChIJgXjgQwCZ4jARC-U-50gm0H4,왓포 남쪽 출입구,Ci9DQUlRQUNvZENodHljRjlvT2xaMlkySTBhMUZCZURSYWFGTk9VRkU0WlhsWmRXYxAB,5.0,,,Sat Dec 13 2025 15:42:17 GMT-0800 (Pacific Standard Time),Jaturong Daungsuwan (CEE),https://www.google.com/maps/reviews/data=!4m6!14m5!1m4!2m3!1sCi9DQUlRQUNvZENodHljRjlvT2xaMlkySTBhMUZCZURSYWFGTk9VRkU0WlhsWmRXYxAB!2m1!1s0x30e2990043e07881:0x7ed02648e73ee50b
ChIJgXjgQwCZ4jARC-U-50gm0H4,왓포 남쪽 출입구,Ci9DQUlRQUNvZENodHljRjlvT2tGTllrRjZlakpmVUV0dmNuQTNZa3BqYlRFd09WRRAB,4.0,,,Thu Nov 20 2025 03:57:44 GMT-0800 (Pacific Standard Time),raul del pino,https://www.google.com/maps/reviews/data=!4m6!14m5!1m4!2m3!1sCi9DQUlRQUNvZENodHljRjlvT2tGTllrRjZlakpmVUV0dmNuQTNZa3BqYlRFd09WRRAB!2m1!1s0x30e2990043e07881:0x7ed02648e73ee50b
ChIJtfwWWwCZ4jAREtkRQbukFsk,ศาลาทิศปัญจวัคคีย์,Ci9DQUlRQUNvZENodHljRjlvT2pOQk0wMXVjakptZEdvek1HVXlhbEZtVkdOaGRHYxAB,5.0,五苦行僧亭，七大洲，荣顺·克林凯奥先生,zh-CN,Mon Aug 18 2025 07:09:39 GMT-0700 (Pacific Daylight Time),"Continent 7 Continents, Mr. Rungsun Klinkaeo",https://www.google.com/maps/reviews/data=!4m6!14m5!1m4!2m3!1sCi9DQUlRQUNvZENodHljRjlvT2pOQk0wMXVjakptZEdvek1HVXlhbEZtVkdOaGRHYxAB!2m1!1s0x30e299005b16fcb5:0xc916a4bb4111d912
ChIJtfwWWwCZ4jAREtkRQbukFsk,ศาลาทิศปัญจวัคคีย์,Ci9DQUlRQUNvZENodHljRjlvT21ONVNHMDVSMDlHZG05bU5EUTJSVlJuZG1Ob2MwRRAB,5.0,,,Sat Aug 30 2025 19:32:23 GMT-0700 (Pacific Daylight Time),ATK ATRLSK,https://www.google.com/maps/reviews/data=!4m6!14m5!1m4!2m3!1sCi9DQUlRQUNvZENodHljRjlvT21ONVNHMDVSMDlHZG05bU5EUTJSVlJuZG1Ob2MwRRAB!2m1!1s0x30e299005b16fcb5:0xc916a4bb4111d912
ChIJtfwWWwCZ4jAREtkRQbukFsk,ศาลาทิศปัญจวัคคีย์,Ci9DQUlRQUNvZENodHljRjlvT2s0NE1sb3dhR1ozYTNWTlRUZDBNRzFIWVZFM2FVRRAB,5.0,,,Tue Jan 27 2026 00:15:12 GMT-0800 (Pacific Standard Time),Emma D.,https://www.google.com/maps/reviews/data=!4m6!14m5!1m4!2m3!1sCi9DQUlRQUNvZENodHljRjlvT2s0NE1sb3dhR1ozYTNWTlRUZDBNRzFIWVZFM2FVRRAB!2m1!1s0x30e299005b16fcb5:0xc916a4bb4111d912
ChIJtfwWWwCZ4jAREtkRQbukFsk,ศาลาทิศปัญจวัคคีย์,Ci9DQUlRQUNvZENodHljRjlvT21zMWVYUmhZbWR5WlVzdFpsVlFTWGRITFhsT1UzYxAB,5.0,,,Sat Jan 24 2026 02:13:08 GMT-0800 (Pacific Standard Time),Andrea Tyrpeklová,https://www.google.com/maps/reviews/data=!4m6!14m5!1m4!2m3!1sCi9DQUlRQUNvZENodHljRjlvT21zMWVYUmhZbWR5WlVzdFpsVlFTWGRITFhsT1UzYxAB!2m1!1s0x30e299005b16fcb5:0xc916a4bb4111d912
ChIJtfwWWwCZ4jAREtkRQbukFsk,ศาลาทิศปัญจวัคคีย์,Ci9DQUlRQUNvZENodHljRjlvT21wb2Vqa3laREIxVUV0eWMyeEJha1kyZDBGbFZFRRAB,5.0,,,Fri Jan 23 2026 02:40:12 GMT-0800 (Pacific Standard Time),abigail beltran,https://www.google.com/maps/reviews/data=!4m6!14m5!1m4!2m3!1sCi9DQUlRQUNvZENodHljRjlvT21wb2Vqa3laREIxVUV0eWMyeEJha1kyZDBGbFZFRRAB!2m1!1s0x30e299005b16fcb5:0xc916a4bb4111d912
ChIJawzAcgCZ4jARbIzGDz33xQo,พระมหาเจดีย์ศรีสรรเพชดาญาณ,Ci9DQUlRQUNvZENodHljRjlvT2pGQ2FuRklPSG90UzIxbFNuWTNSbFZ5WlMxaFdsRRAB,5.0,外国人门票为300泰铢，入场方便。 这座寺庙以其卧佛而闻名，主殿更是必游之地。主殿内设有空调，非常凉爽。 寺庙占地面积很大，但各处都设有长椅，体现了对游客的体贴。如果您来泰国，我强烈建议您至少来这里参观一次。,zh-CN,Sat Sep 13 2025 07:12:04 GMT-0700 (Pacific Daylight Time),ILOVE THAILAND,https://www.google.com/maps/reviews/data=!4m6!14m5!1m4!2m3!1sCi9DQUlRQUNvZENodHljRjlvT2pGQ2FuRklPSG90UzIxbFNuWTNSbFZ5WlMxaFdsRRAB!2m1!1s0x30e2990072c00c6b:0xac5f73d0fc68c6c
ChIJawzAcgCZ4jARbIzGDz33xQo,พระมหาเจดีย์ศรีสรรเพชดาญาณ,Ci9DQUlRQUNvZENodHljRjlvT25SM1dGa3dkV1pVUlVkbE9IUjZObmM0WVU1QlprRRAB,5.0,帕玛哈切迪斯里桑佩查达亚那（绿色的那座）是拉玛一世国王建造的一座佛塔，用来供奉因损坏严重而无法修复的帕斯里桑佩佛塔。,zh-CN,Tue Oct 28 2025 07:08:56 GMT-0700 (Pacific Daylight Time),arinrada_ruk,https://www.google.com/maps/reviews/data=!4m6!14m5!1m4!2m3!1sCi9DQUlRQUNvZENodHljRjlvT25SM1dGa3dkV1pVUlVkbE9IUjZObmM0WVU1QlprRRAB!2m1!1s0x30e2990072c00c6b:0xac5f73d0fc68c6c
ChIJawzAcgCZ4jARbIzGDz33xQo,พระมหาเจดีย์ศรีสรรเพชดาญาณ,ChZDSUhNMG9nS0VJQ0FnSUROcTlibGVBEAE,4.0,佛塔区，这一区域有4座大佛塔和99座小佛塔，4座大佛塔分别以绿、黄、蓝和橘红四色瓷砖镶嵌，排列为T字型，直插云霄，甚为壮观，被称为「泰国式佛塔」。其周围还有99座小佛塔，塔身多贴上金箔或镶满彩色瓷片。,zh-CN,Thu Jan 25 2024 20:55:46 GMT-0800 (Pacific Standard Time),Mark Li,https://www.google.com/maps/reviews/data=!4m6!14m5!1m4!2m3!1sChZDSUhNMG9nS0VJQ0FnSUROcTlibGVBEAE!2m1!1s0x30e2990072c00c6b:0xac5f73d0fc68c6c
ChIJawzAcgCZ4jARbIzGDz33xQo,พระมหาเจดีย์ศรีสรรเพชดาญาณ,ChZDSUhNMG9nS0VJQ0FnSUREdDQzNExBEAE,5.0,四大皇家佛塔是四座大型佛塔，均为十二面体，外墙饰以琉璃瓦。其中包括拉玛一世至拉玛四世时期建造的四座皇家佛塔，其风格仿照阿瑜陀耶的斯里苏里约泰佛塔，作为佛教供奉。外国游客对环绕佛塔的琉璃瓦图案的精美细节赞叹不已。 拉玛一世时期皇家佛塔：拉玛一世完成帕切图蓬寺的修复后，下令建造这座大型佛塔，供奉帕斯里桑佩佛像。这尊大型立佛像仿照阿瑜陀耶帕斯里桑佩寺的佛像建造，因为阿瑜陀耶的帕斯里桑佩寺佛像损毁严重，无法修复。这座佛塔以绿色琉璃瓦装饰，底座宽8卫，高82肘，内藏佛舍利。拉玛一世国王将这座宏伟的佛塔命名为“帕切迪斯里桑佩达扬”。,zh-CN,Mon Apr 15 2024 07:35:45 GMT-0700 (Pacific Daylight Time),ChubbyArin,https://www.google.com/maps/reviews/data=!4m6!14m5!1m4!2m3!1sChZDSUhNMG9nS0VJQ0FnSUREdDQzNExBEAE!2m1!1s0x30e2990072c00c6b:0xac5f73d0fc68c6c
ChIJawzAcgCZ4jARbIzGDz33xQo,พระมหาเจดีย์ศรีสรรเพชดาญาณ,ChdDSUhNMG9nS0VJQ0FnSUNkMkpqUnB3RRAB,4.0,这四座高达42米的佛塔分别供奉着却克里王朝的前四位君主。拉玛一世建造了第一座绿色马赛克瓷砖佛塔，用于安放阿瑜陀耶大佛的舍利。拉玛三世建造了接下来的两座佛塔，一座用白色瓷砖砌成，用于安放其父拉玛二世的骨灰；另一座用黄色瓷砖砌成，供自己使用。第四座佛塔是蓝色的，由拉玛四世建造并供奉于他本人。,zh-CN,Sun Feb 11 2024 02:19:32 GMT-0800 (Pacific Standard Time),Koen,https://www.google.com/maps/reviews/data=!4m6!14m5!1m4!2m3!1sChdDSUhNMG9nS0VJQ0FnSUNkMkpqUnB3RRAB!2m1!1s0x30e2990072c00c6b:0xac5f73d0fc68c6c
ChIJiaNDUACZ4jARLHmFwExD7s4,โรงเรียนสุขุมาลย์ธรรมานุทิศ,Ci9DQUlRQUNvZENodHljRjlvT2sxeldXZEdialpOV0hsSFkzWnJTM1JzVkZFM1IxRRAB,5.0,,,Sat Aug 01 2026 08:20:59 GMT-0700 (Pacific Daylight Time),vovat vovat,https://www.google.com/maps/reviews/data=!4m6!14m5!1m4!2m3!1sCi9DQUlRQUNvZENodHljRjlvT2sxeldXZEdialpOV0hsSFkzWnJTM1JzVkZFM1IxRRAB!2m1!1s0x30e299005043a389:0xceee434cc085792c
ChIJlXs-UgCZ4jARCESsGbep37c,金佛殿,Ci9DQUlRQUNvZENodHljRjlvT21GcVNXVjZUWEI2VDBOS2JXY3hXa1ZzZUhsbmVHYxAB,5.0,诚心礼佛 静思冥想 平静无碍 得佛加持 金佛殿里 只有一个 进出入口 进去都要 衣着整齐 脱掉鞋子 之前在玉佛寺里面是不可以拍照 但在这里似乎没有禁止里面拍照 所以之前没拍到玉佛 这里努力拍一下金佛,zh-CN,Mon Aug 18 2025 11:19:26 GMT-0700 (Pacific Daylight Time),Ben Chen,https://www.google.com/maps/reviews/data=!4m6!14m5!1m4!2m3!1sCi9DQUlRQUNvZENodHljRjlvT21GcVNXVjZUWEI2VDBOS2JXY3hXa1ZzZUhsbmVHYxAB!2m1!1s0x30e29900523e7b95:0xb7dfa9b719ac4408
ChIJlXs-UgCZ4jARCESsGbep37c,金佛殿,Ci9DQUlRQUNvZENodHljRjlvT2xaQk0xUm9SMW8yYWpCM1JEaFZkMFp4UlRSd2RtYxAB,5.0,,,Fri Sep 12 2025 03:39:03 GMT-0700 (Pacific Daylight Time),satoshi,https://www.google.com/maps/reviews/data=!4m6!14m5!1m4!2m3!1sCi9DQUlRQUNvZENodHljRjlvT2xaQk0xUm9SMW8yYWpCM1JEaFZkMFp4UlRSd2RtYxAB!2m1!1s0x30e29900523e7b95:0xb7dfa9b719ac4408
ChIJQ_IMeQCZ4jARjkRSn5D--X4,Wat Pho Main Entrance,Ci9DQUlRQUNvZENodHljRjlvT21wa2QwbDRaMTl6ZDNaVlNYZFpiSGRoY0c5R2JXYxAB,5.0,曼谷不容错过的历史名胜。游览完这处美丽的地方后，您会感到平静而震撼。如果您有兴趣，还可以向私人导游了解一些泰国历史。,zh-CN,Sun Feb 08 2026 08:14:00 GMT-0800 (Pacific Standard Time),Felix Fang,https://www.google.com/maps/reviews/data=!4m6!14m5!1m4!2m3!1sCi9DQUlRQUNvZENodHljRjlvT21wa2QwbDRaMTl6ZDNaVlNYZFpiSGRoY0c5R2JXYxAB!2m1!1s0x30e29900790cf243:0x7ef9fe909f52448e
ChIJQ_IMeQCZ4jARjkRSn5D--X4,Wat Pho Main Entrance,Ci9DQUlRQUNvZENodHljRjlvT25ScFNtZDZaWEpwTFVaZlNuaFNkV2xJZEY5UFQyYxAB,5.0,风景优美，我非常喜欢！我2025年11月去过那里。,zh-CN,Sun Feb 01 2026 03:07:29 GMT-0800 (Pacific Standard Time),STH7,https://www.google.com/maps/reviews/data=!4m6!14m5!1m4!2m3!1sCi9DQUlRQUNvZENodHljRjlvT25ScFNtZDZaWEpwTFVaZlNuaFNkV2xJZEY5UFQyYxAB!2m1!1s0x30e29900790cf243:0x7ef9fe909f52448e
ChIJQ_IMeQCZ4jARjkRSn5D--X4,Wat Pho Main Entrance,Ci9DQUlRQUNvZENodHljRjlvT2s5d1VURk5RVW93Y0VOeWNsaHpRM0l6ZGpSWFFsRRAB,5.0,一些令人惊叹的景色。,zh-CN,Thu Jul 02 2026 23:04:15 GMT-0700 (Pacific Daylight Time),Nigel Cole,https://www.google.com/maps/reviews/data=!4m6!14m5!1m4!2m3!1sCi9DQUlRQUNvZENodHljRjlvT2s5d1VURk5RVW93Y0VOeWNsaHpRM0l6ZGpSWFFsRRAB!2m1!1s0x30e29900790cf243:0x7ef9fe909f52448e
ChIJQ_IMeQCZ4jARjkRSn5D--X4,Wat Pho Main Entrance,Ci9DQUlRQUNvZENodHljRjlvT2pRNFZuQkdiMVJZVVdGQlpUaG5Za2RNVjNKWE1uYxAB,5.0,,,Tue Aug 04 2026 02:47:10 GMT-0700 (Pacific Daylight Time),Krishnadev Roy,https://www.google.com/maps/reviews/data=!4m6!14m5!1m4!2m3!1sCi9DQUlRQUNvZENodHljRjlvT2pRNFZuQkdiMVJZVVdGQlpUaG5Za2RNVjNKWE1uYxAB!2m1!1s0x30e29900790cf243:0x7ef9fe909f52448e
ChIJQ_IMeQCZ4jARjkRSn5D--X4,Wat Pho Main Entrance,Ci9DQUlRQUNvZENodHljRjlvT25WelMwRmZjRGRSTVU5c1UySkZiMHhuWmpSYU5WRRAB,1.0,外国游客需支付每人300泰铢的门票。 我和我的泰国妻子在佛教节日期间前往寺庙做功德，并非以游客身份。尽管我们解释了我们是来参拜的，但仍然被要求支付全额门票。 我的妻子出示了泰国身份证后，她和女儿可以免费入场，但我却被要求留在外面，除非我付费。 我们完全理解许多景点都会向游客收取门票，我们作为游客参观时也并不介意付费。 然而，在重要的佛教节日期间，向专程前来参拜或做功德的人收费，这让我们感觉很不妥，也给我们留下了非常糟糕的印象。 如果寺庙在这些特定的宗教节日期间能够区分真正的信徒和游客，那就更尊重人了。遗憾的是，这次经历让我们感到不受欢迎，也破坏了原本应该是一次意义非凡的宗教之旅。 1 星评价仅针对入口处的客户服务团队，因为他们缺乏同理心，不愿考虑顾客的情况，除了要求付款外，也没有尝试提供任何合理的解决方案。,zh-CN,Mon Jul 27 2026 21:55:07 GMT-0700 (Pacific Daylight Time),Paul S,https://www.google.com/maps/reviews/data=!4m6!14m5!1m4!2m3!1sCi9DQUlRQUNvZENodHljRjlvT25WelMwRmZjRGRSTVU5c1UySkZiMHhuWmpSYU5WRRAB!2m1!1s0x30e29900790cf243:0x7ef9fe909f52448e
ChIJN6L-BgCZ4jARMFa61ImxskI,ซุ้มประตูมหาเฮง,Ci9DQUlRQUNvZENodHljRjlvT2tNM2MwY3lRazgzVWpoWlJtZFhibEp0VVc1bWFIYxAB,5.0,我是根据TikTok上的一个点评来的。一开始我跟着地图走，结果走到了一座教堂。我以为地图标记错了，但其实必须穿过教堂，拱门就在另一边。 那是一个非常漂亮的拱门。据说从这个拱门下走过会给事业带来好运。🙏,zh-CN,Fri Apr 10 2026 02:17:08 GMT-0700 (Pacific Daylight Time),jellyfrist,https://www.google.com/maps/reviews/data=!4m6!14m5!1m4!2m3!1sCi9DQUlRQUNvZENodHljRjlvT2tNM2MwY3lRazgzVWpoWlJtZFhibEp0VVc1bWFIYxAB!2m1!1s0x30e2990006fea237:0x42b2b189d4ba5630
ChIJN6L-BgCZ4jARMFa61ImxskI,ซุ้มประตูมหาเฮง,Ci9DQUlRQUNvZENodHljRjlvT20xSVNYRjJjRWhDVW5sWWFIZG9hVk5oT0RaNFUxRRAB,5.0,总的来说，这是一次非常愉快轻松的体验，尤其考虑到这个小区里人很多。这个地方出乎意料地清静，所以你真的可以在这里找到一些安静祥和的时光。,zh-CN,Thu Jan 22 2026 09:22:04 GMT-0800 (Pacific Standard Time),Quiet Navigator,https://www.google.com/maps/reviews/data=!4m6!14m5!1m4!2m3!1sCi9DQUlRQUNvZENodHljRjlvT20xSVNYRjJjRWhDVW5sWWFIZG9hVk5oT0RaNFUxRRAB!2m1!1s0x30e2990006fea237:0x42b2b189d4ba5630
ChIJN6L-BgCZ4jARMFa61ImxskI,ซุ้มประตูมหาเฮง,Ci9DQUlRQUNvZENodHljRjlvT2pCQk5raFRjRzV1UVVSWWJqSkdVbW80TjFsVVNFRRAB,4.0,这座拱门现在非常受欢迎。 所有来访者都必须在这里停留……,zh-CN,Thu Jan 15 2026 07:33:30 GMT-0800 (Pacific Standard Time),arinrada_ruk,https://www.google.com/maps/reviews/data=!4m6!14m5!1m4!2m3!1sCi9DQUlRQUNvZENodHljRjlvT2pCQk5raFRjRzV1UVVSWWJqSkdVbW80TjFsVVNFRRAB!2m1!1s0x30e2990006fea237:0x42b2b189d4ba5630
ChIJN6L-BgCZ4jARMFa61ImxskI,ซุ้มประตูมหาเฮง,Ci9DQUlRQUNvZENodHljRjlvT2xWdVRsWTNSbWxOUjNOR05rVkJRVk10YWxKVGVtYxAB,4.0,虽然不是整个建筑群中最美的部分……但依然气势恢宏！精美的佛像和墙壁雕刻。,zh-CN,Mon Jan 05 2026 08:49:31 GMT-0800 (Pacific Standard Time),Alexandre Delimoges,https://www.google.com/maps/reviews/data=!4m6!14m5!1m4!2m3!1sCi9DQUlRQUNvZENodHljRjlvT2xWdVRsWTNSbWxOUjNOR05rVkJRVk10YWxKVGVtYxAB!2m1!1s0x30e2990006fea237:0x42b2b189d4ba5630
ChIJN6L-BgCZ4jARMFa61ImxskI,ซุ้มประตูมหาเฮง,Ci9DQUlRQUNvZENodHljRjlvT2pkbVdIWlhWVms1Y1dsRllYUjBSemxsVkhWd2FFRRAB,5.0,这座来自中国的石雕拱门， 是暹罗在拉达那哥欣王朝拉玛三世统治时期委托制作，用于装饰重要场所的，它位于帕切图蓬维蒙芒卡拉拉姆寺的维哈恩帕洛迦那塔前。,zh-CN,Sun Jan 18 2026 03:47:20 GMT-0800 (Pacific Standard Time),ChubbyArin,https://www.google.com/maps/reviews/data=!4m6!14m5!1m4!2m3!1sCi9DQUlRQUNvZENodHljRjlvT2pkbVdIWlhWVms1Y1dsRllYUjBSemxsVkhWd2FFRRAB!2m1!1s0x30e2990006fea237:0x42b2b189d4ba5630
ChIJ01jpSwCZ4jARjE8JcSRM_1s,臥佛寺,Ci9DQUlRQUNvZENodHljRjlvT2xObFlucHBNMkpSZFcwd2NtdFdRWGRCZGsxTldVRRAB,5.0,,,Mon Jul 13 2026 22:43:08 GMT-0700 (Pacific Daylight Time),林家慶,https://www.google.com/maps/reviews/data=!4m6!14m5!1m4!2m3!1sCi9DQUlRQUNvZENodHljRjlvT2xObFlucHBNMkpSZFcwd2NtdFdRWGRCZGsxTldVRRAB!2m1!1s0x30e299004be958d3:0x5bff4c2471094f8c
ChIJ01jpSwCZ4jARjE8JcSRM_1s,臥佛寺,Ci9DQUlRQUNvZENodHljRjlvT20xdlpXSm1iVUpFVEVsTVRHTnNSamxOVjNaM1JGRRAB,5.0,,,Sat Jul 04 2026 14:28:58 GMT-0700 (Pacific Daylight Time),Yoshikazu Ishikawa (よくちん),https://www.google.com/maps/reviews/data=!4m6!14m5!1m4!2m3!1sCi9DQUlRQUNvZENodHljRjlvT20xdlpXSm1iVUpFVEVsTVRHTnNSamxOVjNaM1JGRRAB!2m1!1s0x30e299004be958d3:0x5bff4c2471094f8c
ChIJOzzUhsSZ4jARHvYmqFCNWc0,บริษัท ปากคลองตลาด 999 จำกัด,Ci9DQUlRQUNvZENodHljRjlvT2tReE56WjZSVkJsWDA5dmRsRmFNSEJaYUZWUGExRRAB,5.0,,,Fri Jul 04 2025 13:46:27 GMT-0700 (Pacific Daylight Time),Keetapat Junthonsawas,https://www.google.com/maps/reviews/data=!4m6!14m5!1m4!2m3!1sCi9DQUlRQUNvZENodHljRjlvT2tReE56WjZSVkJsWDA5dmRsRmFNSEJaYUZWUGExRRAB!2m1!1s0x30e299c486d43c3b:0xcd598d50a826f61e
ChIJM0pJ05GZ4jART_a4hRNccKA,Viharn Luang Pho To,Ci9DQUlRQUNvZENodHljRjlvT25kSlFVeDJkMFJwWlRsclNWbHVOVTU2YWxjMVgxRRAB,5.0,銮坡托佛殿是位于萨克拉查沃拉玛哈维汉寺（Wat Saket Ratcha Woramahawihan，靠近博罗玛佛塔或普考通寺的入口/出口）内的另一处重要圣地。它拥有引人入胜的历史和细节，详情如下： 建造与历史 建于拉玛三世国王统治时期：南克劳国王（King Nangklao）下令铸造了这尊佛像。拉玛三世国王的皇家法令第五卷（佛历1212年）中对此有所记载。 名称“銮坡托”：最初，这尊佛像没有特定名称。然而，由于其体型巨大，村民和佛教徒普遍称其为“銮坡托”，这个名称沿用至今。 佛殿的建造：最初，佛像建成后，拉玛三世国王下令将其安放在玛哈纳克运河（Mahanak Canal）旁。后来，寺庙建造了一座木制佛龛，妥善供奉佛像，遮风挡雨，并方便信众参拜。 佛像艺术风格 这是一尊摩罗毗荼式（战胜魔罗）佛像。整尊佛像以金属铸造，并涂以漆和金箔。 佛像体型巨大，底座宽7肘1拃，高10肘。 这尊佛像的非凡之处在于，在古代，如此尺寸的佛像主要采用石膏雕塑技法制作。而銮坡托佛像却是以金属铸造而成，这使其成为雕塑艺术的杰作，也是曼谷一件难得一见的艺术瑰宝。,zh-CN,Fri May 08 2026 02:10:47 GMT-0700 (Pacific Daylight Time),Atthimate Teerabannaluck,https://www.google.com/maps/reviews/data=!4m6!14m5!1m4!2m3!1sCi9DQUlRQUNvZENodHljRjlvT25kSlFVeDJkMFJwWlRsclNWbHVOVTU2YWxjMVgxRRAB!2m1!1s0x30e29991d3494a33:0xa0705c1385b8f64f
ChIJM0pJ05GZ4jART_a4hRNccKA,Viharn Luang Pho To,Ci9DQUlRQUNvZENodHljRjlvT2xwd1lXUndNbmxRV0ZwWFdHaFBPVkZaVURGNk4yYxAB,5.0,หลวงพ่อโต เป็นพระพุทธรูปที่สร้างอ เป็นพระพุทธรูปหล่อ ปิดทอง ในสมัยพระบาทสมเด็จพระนั่งเกล้าเจ้าอยู่หัว รัชกาลที่ ๓ หน้าตักกว้าง ๗ ศอก ๑ คืบ ส่วนสูง ๑๐ ศอก นับว่าเป็นพระพุทธรูปหล่อด้วยโลหะที่ใหญ่มากองค์หนึ่ง พระพุทธรูปที่ใหญ่ขนาดนี้ส่วนมากปั้นด้วยปูน ชาวบ้านเรียกกันว่า “หลวงพ่อโต” คงจะเนื่องจากเป็นพระพุทธรูปใหญ่นั้นเอง และ ในสมัยพระบาทสมเด็จพระจุลจอมเกล้าเจ้าอยู่หัว รัชกาลที่ 5 ทรงพระกรุณาโปรดให้นำมาประดิษฐานไว้ที่วัดสระเกศในสมัยเจ้าประคุณสมเด็จพระสังฆราช ญาโณทยมหาเถระ ครั้งทรงดำรงสมณศักดิ์เป็นสมเด็จพระพุทธโฆษาจารย์ ทรงดำริที่จะนำหลวงพ่อโตเข้ามาประดิษฐานที่เชิงบรมบรรพต ภูเขาทองด้านทิศเหนือตรงกันกับที่ประดิษฐานเดิม เพื่อให้เหมาะสมกับที่เป็นปูชนียวัตถุสำคัญซึ่งพระมหากษัตริย์ทรงสร้างไว้เพื่อบำรุงรักษาพระพุทธศาสนา,th,Mon Sep 29 2025 06:18:00 GMT-0700 (Pacific Daylight Time),ธวัชชัย อารีย์,https://www.google.com/maps/reviews/data=!4m6!14m5!1m4!2m3!1sCi9DQUlRQUNvZENodHljRjlvT2xwd1lXUndNbmxRV0ZwWFdHaFBPVkZaVURGNk4yYxAB!2m1!1s0x30e29991d3494a33:0xa0705c1385b8f64f
ChIJM0pJ05GZ4jART_a4hRNccKA,Viharn Luang Pho To,ChdDSUhNMG9nS0VJQ0FnSURSOW9yUnVBRRAB,4.0,หลวงพ่อโต หลวงพ่อโตเป็นพระพุทธรูปหล่อ ปิดทอง ในสมัยรัชกาลที่ 3 หน้าตักกว้าง 7 ศอก 1 คืบ ส่วนสูง 10 ศอก นับว่าเป็นพระพุทธรูปหล่อด้วยโลหะที่ใหญ่มากองค์หนึ่ง พระพุทธรูปที่ใหญ่ขนาดนี้ส่วนมากปั้นด้วยปูน ชาวบ้านเรียกกันว่า “หลวงพ่อโต” คงจะเนื่องจากเป็นพระพุทธรูปใหญ่นั้นเอง,th,Mon Apr 24 2023 21:05:33 GMT-0700 (Pacific Daylight Time),ChubbyArin,https://www.google.com/maps/reviews/data=!4m6!14m5!1m4!2m3!1sChdDSUhNMG9nS0VJQ0FnSURSOW9yUnVBRRAB!2m1!1s0x30e29991d3494a33:0xa0705c1385b8f64f
ChIJM0pJ05GZ4jART_a4hRNccKA,Viharn Luang Pho To,Ci9DQUlRQUNvZENodHljRjlvT2t4RlZraFVTbHB6ZG5OeFptbHNjWFppTkhWT1IyYxAB,3.0,如果你来了，最好别付钱。没人查。而且这地方其实也不值得去。免费总比没有强。,zh-CN,Sat Jul 26 2025 03:15:17 GMT-0700 (Pacific Daylight Time),David peña moran,https://www.google.com/maps/reviews/data=!4m6!14m5!1m4!2m3!1sCi9DQUlRQUNvZENodHljRjlvT2t4RlZraFVTbHB6ZG5OeFptbHNjWFppTkhWT1IyYxAB!2m1!1s0x30e29991d3494a33:0xa0705c1385b8f64f
ChIJM0pJ05GZ4jART_a4hRNccKA,Viharn Luang Pho To,ChZDSUhNMG9nS0VJQ0FnSURldjVMTE9nEAE,5.0,踢脚板是新刷的油漆。,zh-CN,Sun Oct 23 2022 08:59:24 GMT-0700 (Pacific Daylight Time),den shine,https://www.google.com/maps/reviews/data=!4m6!14m5!1m4!2m3!1sChZDSUhNMG9nS0VJQ0FnSURldjVMTE9nEAE!2m1!1s0x30e29991d3494a33:0xa0705c1385b8f64f
ChIJe5pF1oeZ4jARNYzVQidFj80,ศาลาการเปรียญ วัดสระเกศราชวรมหาวิหาร,ChZDSUhNMG9nS0VNUDRpTUd2X1lISFFBEAE,5.0,在曼谷萨克寺的“布道堂”，向尊贵的颂德帕佛陀查恩（Kiew Upasen Mahathera）蜡像致敬，他是前任代理最高僧王，也是曼谷萨克寺拉差瓦拉玛哈维哈恩寺的前任住持。,zh-CN,Mon Jun 16 2025 09:48:07 GMT-0700 (Pacific Daylight Time),Vitaya Kunavichayanont,https://www.google.com/maps/reviews/data=!4m6!14m5!1m4!2m3!1sChZDSUhNMG9nS0VNUDRpTUd2X1lISFFBEAE!2m1!1s0x30e29987d6459a7b:0xcd8f452742d58c35
ChIJe5pF1oeZ4jARNYzVQidFj80,ศาลาการเปรียญ วัดสระเกศราชวรมหาวิหาร,ChZDSUhNMG9nS0VJQ0FnSURaNlozNVNBEAE,5.0,"拉玛一世国王时期的布道殿，萨克拉查沃拉玛哈维汉寺 - 此殿始建于1782年，当时颂德昭披耶·玛哈卡萨苏克在柬埔寨战争结束后居住于此，之后登基成为拉玛一世国王。 - 拉玛三世国王下令建造此殿以纪念此事（最近一次翻修是在2013年）。 - 殿内供奉着一尊金光闪闪的摩罗毗荼式佛像。佛像前方是颂德帕普塔查恩（基乌乌帕塞诺）的真人大小雕像，以及“地脉”（拉玛九世国王出家为僧时的别名）雕像。 寺庙内有超过9处供奉佛教信徒进行礼拜、敬拜和祈祷的场所，包括： 1. 佛舍利和各种佛像（位于玉佛寺上层）： 2. 主佛像（Ubosot） 3. 阿塔拉斯佛像（Phra Attharas Vihara） 4. 龙婆度实佛像（Luang Pho Dusit Vihara） 5. 龙婆多佛像（Luang Pho To Vihara） 6. 龙婆曲迪佛像和佛舍利（Sala Suwannabhanphet） 7. 龙婆丹佛像（Luang Pho Dam Vihara） 8. 龙婆端迪佛像（Luang Pho Duangdee Sala） 9. 菩提树（位于寺庙前） 10. 此外，还有巴米扬大佛像、古代经文塔、佛足印、讲经堂和陶威素万佛堂（Thao Wessuwan）。 （财神佛像开启） 照片拍摄于2023年9月18日星期四上午9:14-9:16。 地址：曼谷蓬巴沙都派区班巴街道查克拉帕蓬路344号。 坐标：北纬13°45'11.6""，东经100°30'26.58""（13.753222, 100.507383），海拔8.3米 发布时间：2023年10月4日上午9:25；编辑时间：2023年10月7日上午7:12",zh-CN,Fri Oct 06 2023 17:13:04 GMT-0700 (Pacific Daylight Time),Satjarthip Thusneyapan,https://www.google.com/maps/reviews/data=!4m6!14m5!1m4!2m3!1sChZDSUhNMG9nS0VJQ0FnSURaNlozNVNBEAE!2m1!1s0x30e29987d6459a7b:0xcd8f452742d58c35
ChIJe5pF1oeZ4jARNYzVQidFj80,ศาลาการเปรียญ วัดสระเกศราชวรมหาวิหาร,Ci9DQUlRQUNvZENodHljRjlvT2tnMk9HOU9RV2hETlVsNk1HOUxhMlJoVkRWSmVFRRAB,5.0,我很快会再去参观这座美丽的寺庙。外国人门票是100泰铢。,zh-CN,Sun Dec 28 2025 21:26:19 GMT-0800 (Pacific Standard Time),신건하,https://www.google.com/maps/reviews/data=!4m6!14m5!1m4!2m3!1sCi9DQUlRQUNvZENodHljRjlvT2tnMk9HOU9RV2hETlVsNk1HOUxhMlJoVkRWSmVFRRAB!2m1!1s0x30e29987d6459a7b:0xcd8f452742d58c35
ChIJe5pF1oeZ4jARNYzVQidFj80,ศาลาการเปรียญ วัดสระเกศราชวรมหาวิหาร,Ci9DQUlRQUNvZENodHljRjlvT201cVQwTk5kbmQyYVRKeE4yRjZSVTl2ZUVkbFJFRRAB,5.0,这座寺庙宁静、美丽、干净，而且空调很给力。,zh-CN,Sat Nov 15 2025 22:01:31 GMT-0800 (Pacific Standard Time),Serene Phongpandecha,https://www.google.com/maps/reviews/data=!4m6!14m5!1m4!2m3!1sCi9DQUlRQUNvZENodHljRjlvT201cVQwTk5kbmQyYVRKeE4yRjZSVTl2ZUVkbFJFRRAB!2m1!1s0x30e29987d6459a7b:0xcd8f452742d58c35
ChIJe5pF1oeZ4jARNYzVQidFj80,ศาลาการเปรียญ วัดสระเกศราชวรมหาวิหาร,Ci9DQUlRQUNvZENodHljRjlvT21FM2VUVm9RbFZ0VjNvNGJuSkRUWE5oTlZoRmNWRRAB,5.0,,,Sun May 10 2026 19:59:36 GMT-0700 (Pacific Daylight Time),tissa dissanayaka,https://www.google.com/maps/reviews/data=!4m6!14m5!1m4!2m3!1sCi9DQUlRQUNvZENodHljRjlvT21FM2VUVm9RbFZ0VjNvNGJuSkRUWE5oTlZoRmNWRRAB!2m1!1s0x30e29987d6459a7b:0xcd8f452742d58c35
ChIJl4s6rESZ4jARFnmAxNem8Sg,Ho trai,ChdDSUhNMG9nS0VJQ0FnSUNMallETmxRRRAB,4.0,一个古老的地方，内部装潢非常漂亮。,zh-CN,Fri Jun 21 2024 20:54:54 GMT-0700 (Pacific Daylight Time),Anucha Santipapoom,https://www.google.com/maps/reviews/data=!4m6!14m5!1m4!2m3!1sChdDSUhNMG9nS0VJQ0FnSUNMallETmxRRRAB!2m1!1s0x30e29944ac3a8b97:0x28f1a6d7c4807916
ChIJl4s6rESZ4jARFnmAxNem8Sg,Ho trai,ChdDSUhNMG9nS0VJQ0FnSUNiejRLd2pnRRAB,5.0,我喜欢那里，我想去那里。,zh-CN,Tue Jul 30 2024 22:45:46 GMT-0700 (Pacific Daylight Time),Yg Rk,https://www.google.com/maps/reviews/data=!4m6!14m5!1m4!2m3!1sChdDSUhNMG9nS0VJQ0FnSUNiejRLd2pnRRAB!2m1!1s0x30e29944ac3a8b97:0x28f1a6d7c4807916
ChIJl4s6rESZ4jARFnmAxNem8Sg,Ho trai,ChZDSUhNMG9nS0VJQ0FnSUNWcWN2d1RnEAE,5.0,,,Thu Dec 07 2023 16:43:42 GMT-0800 (Pacific Standard Time),Rosario Maugeri,https://www.google.com/maps/reviews/data=!4m6!14m5!1m4!2m3!1sChZDSUhNMG9nS0VJQ0FnSUNWcWN2d1RnEAE!2m1!1s0x30e29944ac3a8b97:0x28f1a6d7c4807916
ChIJpdmgXQCZ4jARwC521jv8dUU,พระอุโบสถวัดราชนัดดาวรวิหาร,Ci9DQUlRQUNvZENodHljRjlvT2tkblRIWkNNbXhXYVhOcU0wcFdjVlZ3Y1ROSlgxRRAB,5.0,这座戒堂被认为是拉玛三世国王统治时期建造的最大建筑之一。 其内部供奉着主佛像——帕普塔塞图塔穆宁佛像（此佛像的名字意为“至高无上、超越世间一切圣贤的佛陀”）。,zh-CN,Mon Mar 16 2026 22:56:06 GMT-0700 (Pacific Daylight Time),ChubbyArin,https://www.google.com/maps/reviews/data=!4m6!14m5!1m4!2m3!1sCi9DQUlRQUNvZENodHljRjlvT2tkblRIWkNNbXhXYVhOcU0wcFdjVlZ3Y1ROSlgxRRAB!2m1!1s0x30e299005da0d9a5:0x4575fc3bd6762ec0
ChIJpdmgXQCZ4jARwC521jv8dUU,พระอุโบสถวัดราชนัดดาวรวิหาร,Ci9DQUlRQUNvZENodHljRjlvT2sxWFMwdExSR2RQTnkxUGMwVllWalJZVDNkeE5XYxAB,5.0,拉差那达兰寺的主殿与寺庙一同建于1846年，即拉玛三世国王统治时期，为纪念其侄女颂玛那斯瓦塔那瓦迪公主而建。主殿的设计和建造由昭披耶·约玛拉特（波纳克）监督，建筑风格体现了拉玛三世国王统治时期的特色。主殿内供奉的主佛像为塞塔塔穆尼佛。拉玛三世国王委托铸造了塞塔塔穆尼佛，以及查伦帕吉亚沃拉维汉寺主殿的主佛像——帕普塔玛哈洛哈比南达帕提玛佛。后来，拉玛四世国王将其命名为“塞塔塔穆尼佛”。佛像由产自呵叻府尖竹汶县的大量铜铸造而成。佛像完成后，国王下令用四根绳索和一辆马车，在村民的协助下，将佛像从大皇宫拉至拉差那达兰寺。然而，在此过程中发生了一件重大事件……由于拉动佛像的村民缺乏经验，高速行驶的车辆失控，撞倒了负责游行的昭披耶·约玛拉特（布纳格）。他身受重伤，失去了一条腿，一个月后便去世了。帕塞塔塔姆牟尼佛像体型巨大，膝宽达7肘。它具有拉玛三世国王统治时期佛像的典型风格：身形纤细，僧袍宽大，垂至肚脐；面容略圆，呈椭圆形；头发卷曲；头顶火焰状光环；眉毛弯弯；双目炯炯有神；鼻子相对较小而突出；嘴唇小巧，微微张开，嘴角略呈弧形，线条近乎笔直。它被描述为“面容栩栩如生”。,zh-CN,Sun Oct 05 2025 18:02:14 GMT-0700 (Pacific Daylight Time),ธวัชชัย อารีย์,https://www.google.com/maps/reviews/data=!4m6!14m5!1m4!2m3!1sCi9DQUlRQUNvZENodHljRjlvT2sxWFMwdExSR2RQTnkxUGMwVllWalJZVDNkeE5XYxAB!2m1!1s0x30e299005da0d9a5:0x4575fc3bd6762ec0
ChIJpdmgXQCZ4jARwC521jv8dUU,พระอุโบสถวัดราชนัดดาวรวิหาร,Ci9DQUlRQUNvZENodHljRjlvT25aM1NrZ3hlRFJFWDJKdFUyVllTak5vTjNGVWJFRRAB,5.0,拉差那达瓦拉维哈恩寺的主殿非常漂亮，主佛像也备受尊崇。,zh-CN,Wed Mar 18 2026 18:16:54 GMT-0700 (Pacific Daylight Time),arinrada_ruk,https://www.google.com/maps/reviews/data=!4m6!14m5!1m4!2m3!1sCi9DQUlRQUNvZENodHljRjlvT25aM1NrZ3hlRFJFWDJKdFUyVllTak5vTjNGVWJFRRAB!2m1!1s0x30e299005da0d9a5:0x4575fc3bd6762ec0
ChIJpdmgXQCZ4jARwC521jv8dUU,พระอุโบสถวัดราชนัดดาวรวิหาร,Ci9DQUlRQUNvZENodHljRjlvT21GYU9FWm5hVVoyVFZSTlYwaGZlalo2Unpnd1IzYxAB,5.0,,,Tue May 19 2026 07:30:11 GMT-0700 (Pacific Daylight Time),Prisy Buasruong,https://www.google.com/maps/reviews/data=!4m6!14m5!1m4!2m3!1sCi9DQUlRQUNvZENodHljRjlvT21GYU9FWm5hVVoyVFZSTlYwaGZlalo2Unpnd1IzYxAB!2m1!1s0x30e299005da0d9a5:0x4575fc3bd6762ec0
ChIJpdmgXQCZ4jARwC521jv8dUU,พระอุโบสถวัดราชนัดดาวรวิหาร,Ci9DQUlRQUNvZENodHljRjlvT25OdGRqZHVka1pMUjFWNVdIVTNaemh5TTBRME1VRRAB,5.0,,,Sat Jun 20 2026 12:32:18 GMT-0700 (Pacific Daylight Time),Twin Tattoo Channel (TWTT),https://www.google.com/maps/reviews/data=!4m6!14m5!1m4!2m3!1sCi9DQUlRQUNvZENodHljRjlvT25OdGRqZHVka1pMUjFWNVdIVTNaemh5TTBRME1VRRAB!2m1!1s0x30e299005da0d9a5:0x4575fc3bd6762ec0
ChIJSZXHAwCZ4jARx9QdP1P-bhU,อาคารตั้งสิน วัดสระเกศ ราชวรมหาวิหาร,Ci9DQUlRQUNvZENodHljRjlvT2s0M2JYUnFNV3Q2WkZSWlJXWlZPR2RMVEVGeExWRRAB,5.0,气氛超棒💖🥰🥰,zh-CN,Tue May 26 2026 07:38:38 GMT-0700 (Pacific Daylight Time),សេ ន,https://www.google.com/maps/reviews/data=!4m6!14m5!1m4!2m3!1sCi9DQUlRQUNvZENodHljRjlvT2s0M2JYUnFNV3Q2WkZSWlJXWlZPR2RMVEVGeExWRRAB!2m1!1s0x30e2990003c79549:0x156efe533f1dd4c7
ChIJSZXHAwCZ4jARx9QdP1P-bhU,อาคารตั้งสิน วัดสระเกศ ราชวรมหาวิหาร,Ci9DQUlRQUNvZENodHljRjlvT2xZMFkydENRVGxXY1ZaQ2FtczRkSGM1YkhkTFNrRRAB,5.0,,,Mon Jun 08 2026 07:34:52 GMT-0700 (Pacific Daylight Time),Dan Gershony,https://www.google.com/maps/reviews/data=!4m6!14m5!1m4!2m3!1sCi9DQUlRQUNvZENodHljRjlvT2xZMFkydENRVGxXY1ZaQ2FtczRkSGM1YkhkTFNrRRAB!2m1!1s0x30e2990003c79549:0x156efe533f1dd4c7
ChIJs5NDdwCZ4jAR8VA3m3a9j8A,Golden Mount,Ci9DQUlRQUNvZENodHljRjlvT2w5MmFUUjVNbEpZU2pGUmExTXdZMWROVVd4Vk5rRRAB,5.0,金山寺,zh,Tue Apr 07 2026 10:57:08 GMT-0700 (Pacific Daylight Time),Lovely Banana,https://www.google.com/maps/reviews/data=!4m6!14m5!1m4!2m3!1sCi9DQUlRQUNvZENodHljRjlvT2w5MmFUUjVNbEpZU2pGUmExTXdZMWROVVd4Vk5rRRAB!2m1!1s0x30e29900774393b3:0xc08fbd769b3750f1
ChIJs5NDdwCZ4jAR8VA3m3a9j8A,Golden Mount,Ci9DQUlRQUNvZENodHljRjlvT2xOWExWZFVVelJsV2psclRqWkRWWFUzVUdGbVZVRRAB,5.0,金山寺（Wat Saket），又称萨格寺（Wat Saket），位于曼谷市中心，是众多游客的热门景点。 我们非常幸运地遇到了几位僧侣，这让我们的攀登之旅和氛围更加令人兴奋。经过无数级台阶，我们终于到达了山顶。这座神圣的寺庙散发着一种独特的氛围，值得您亲身体验。寺庙为游客提供了许多有趣的游览项目，凉爽的微风拂面而来，曼谷的壮丽景色尽收眼底。这真是一次美妙的体验。,zh-CN,Thu Jun 04 2026 23:46:00 GMT-0700 (Pacific Daylight Time),Dome:local:guide,https://www.google.com/maps/reviews/data=!4m6!14m5!1m4!2m3!1sCi9DQUlRQUNvZENodHljRjlvT2xOWExWZFVVelJsV2psclRqWkRWWFUzVUdGbVZVRRAB!2m1!1s0x30e29900774393b3:0xc08fbd769b3750f1
ChIJs5NDdwCZ4jAR8VA3m3a9j8A,Golden Mount,Ci9DQUlRQUNvZENodHljRjlvT2pOVFkxSXdkelJxUVdOWFZIRTRaamRoUzB0NFYwRRAB,5.0,一座美丽的寺庙坐落在山顶，从山顶可以俯瞰整个城市，景色绝佳。环绕山体的台阶通往寺庙，沿途装饰着各种雕像、喷泉和绿植。我们在寺庙入口处购买了门票。这里无需排队，而且人也不多。在山顶，您可以购买冰水，并在攀登之后稍作休息。我们饶有兴致地欣赏了所有的雕像。这是一个非常有趣的地方，绝对值得一游。 我们从曼谷市中心乘坐小巴前往寺庙，小巴就在寺庙门口停靠。这是一种快捷又经济的出行方式。,zh-CN,Fri Apr 03 2026 11:58:28 GMT-0700 (Pacific Daylight Time),Надежда Каменская,https://www.google.com/maps/reviews/data=!4m6!14m5!1m4!2m3!1sCi9DQUlRQUNvZENodHljRjlvT2pOVFkxSXdkelJxUVdOWFZIRTRaamRoUzB0NFYwRRAB!2m1!1s0x30e29900774393b3:0xc08fbd769b3750f1
ChIJs5NDdwCZ4jAR8VA3m3a9j8A,Golden Mount,Ci9DQUlRQUNvZENodHljRjlvT25sSGRsVmZlV05zTVhwdVNURTBVMUpoV1hkTFVWRRAB,5.0,这里白天和夜晚的氛围都非常棒。寺庙宽敞绿树成荫，有很多可以积德行善的地方。,zh-CN,Sun Jun 14 2026 08:08:10 GMT-0700 (Pacific Daylight Time),คลีโอพัตรา กับสฟิงซ์ผู้ภักดี,https://www.google.com/maps/reviews/data=!4m6!14m5!1m4!2m3!1sCi9DQUlRQUNvZENodHljRjlvT25sSGRsVmZlV05zTVhwdVNURTBVMUpoV1hkTFVWRRAB!2m1!1s0x30e29900774393b3:0xc08fbd769b3750f1
ChIJs5NDdwCZ4jAR8VA3m3a9j8A,Golden Mount,Ci9DQUlRQUNvZENodHljRjlvT2w5MWNXaFNhMVpHVGtSRFFVaHZkVXhMUldsSlNIYxAB,5.0,这是曼谷另一座美丽的寺庙。上去的台阶不是很陡，所以很容易走。,zh-CN,Mon Mar 30 2026 00:04:11 GMT-0700 (Pacific Daylight Time),Best 1994,https://www.google.com/maps/reviews/data=!4m6!14m5!1m4!2m3!1sCi9DQUlRQUNvZENodHljRjlvT2w5MWNXaFNhMVpHVGtSRFFVaHZkVXhMUldsSlNIYxAB!2m1!1s0x30e29900774393b3:0xc08fbd769b3750f1
ChIJiUWjBACZ4jAR6AhT6AwA9UY,ศาลาการเปรียญวัดราชนัดดาราม,Ci9DQUlRQUNvZENodHljRjlvT25OdGJqUjVRa3BHVVhCSGFGaE1Za2RNZUhvMWMyYxAB,5.0,这座讲经堂在古代是布道的场所。它位于主殿北侧，虽然高耸，但规模比主殿和僧院都要小，这与其功能相符。建筑正面有五根砖石柱，走廊有八根。屋顶共有八层，铺着瓦片，并饰有镀金的屋脊和装饰性的屋檐。门窗上装饰着灰泥雕刻。内墙上绘有飘落花朵的壁画。内部供奉着几件用于礼拜和祈福的圣物：一尊沉思姿势的佛像（星期五的佛像）、一尊乌通风格的降魔姿势佛像、一尊拉玛三世国王（又名“昭苏通登”）的立像（仿照大皇宫内的帕帖比顿宫中的一尊）， 以及一尊拉玛五世国王（朱拉隆功国王）的雕像，他是备受爱戴的伟大君王。,zh-CN,Wed Oct 01 2025 17:15:50 GMT-0700 (Pacific Daylight Time),ธวัชชัย อารีย์,https://www.google.com/maps/reviews/data=!4m6!14m5!1m4!2m3!1sCi9DQUlRQUNvZENodHljRjlvT25OdGJqUjVRa3BHVVhCSGFGaE1Za2RNZUhvMWMyYxAB!2m1!1s0x30e2990004a34589:0x46f5000ce85308e8
ChIJiUWjBACZ4jAR6AhT6AwA9UY,ศาลาการเปรียญวัดราชนัดดาราม,Ci9DQUlRQUNvZENodHljRjlvT21FMVlVVm5lRVJIYVU1NVl6bFJkbk5RZWxCNFJXYxAB,5.0,,,Sat Jun 20 2026 12:21:21 GMT-0700 (Pacific Daylight Time),Twin Tattoo Channel (TWTT),https://www.google.com/maps/reviews/data=!4m6!14m5!1m4!2m3!1sCi9DQUlRQUNvZENodHljRjlvT21FMVlVVm5lRVJIYVU1NVl6bFJkbk5RZWxCNFJXYxAB!2m1!1s0x30e2990004a34589:0x46f5000ce85308e8
ChIJvY0bUgCZ4jAR1x3Qk95KgDY,344 วัดสระเกศราชวรมหาวิหาร,Ci9DQUlRQUNvZENodHljRjlvT2tKV2J5MW1ibVJ3ZVZsNE1rMHRSRVo2ZFUxR1RHYxAB,5.0,上帝,zh-CN,Wed Jun 10 2026 03:24:46 GMT-0700 (Pacific Daylight Time),Khun Sein aye,https://www.google.com/maps/reviews/data=!4m6!14m5!1m4!2m3!1sCi9DQUlRQUNvZENodHljRjlvT2tKV2J5MW1ibVJ3ZVZsNE1rMHRSRVo2ZFUxR1RHYxAB!2m1!1s0x30e29900521b8dbd:0x36804ade93d01dd7
ChIJB9OJZn2Z4jARSTIk9htGOpQ,ส่วนตัว,Ci9DQUlRQUNvZENodHljRjlvT205WmEzWlllVmhYVlVWcVpUVXhiVEZFVDBsSE9HYxAB,5.0,,,Sat Jan 31 2026 23:44:51 GMT-0800 (Pacific Standard Time),Ian Ingram,https://www.google.com/maps/reviews/data=!4m6!14m5!1m4!2m3!1sCi9DQUlRQUNvZENodHljRjlvT205WmEzWlllVmhYVlVWcVpUVXhiVEZFVDBsSE9HYxAB!2m1!1s0x30e2997d6689d307:0x943a461bf6243249
ChIJgbpb0RSZ4jARX0BGmIb4wO8,ห้องศิลป์สหภาพ | foto united art gallery,Ci9DQUlRQUNvZENodHljRjlvT2xRMWJtSmhiWGRYWW1jeUxWZEtNMWRQVW5oWGNuYxAB,3.0,这里没找到画廊，只有一家古董店。,zh-CN,Sat Feb 28 2026 22:44:44 GMT-0800 (Pacific Standard Time),Michael,https://www.google.com/maps/reviews/data=!4m6!14m5!1m4!2m3!1sCi9DQUlRQUNvZENodHljRjlvT2xRMWJtSmhiWGRYWW1jeUxWZEtNMWRQVW5oWGNuYxAB!2m1!1s0x30e29914d15bba81:0xefc0f8869846405f
ChIJgbpb0RSZ4jARX0BGmIb4wO8,ห้องศิลป์สหภาพ | foto united art gallery,ChdDSUhNMG9nS0VJQ0FnSURBNmJlN29RRRAB,4.0,,,Wed Jun 27 2018 05:39:19 GMT-0700 (Pacific Daylight Time),Ng Tomi,https://www.google.com/maps/reviews/data=!4m6!14m5!1m4!2m3!1sChdDSUhNMG9nS0VJQ0FnSURBNmJlN29RRRAB!2m1!1s0x30e29914d15bba81:0xefc0f8869846405f
ChIJgbpb0RSZ4jARX0BGmIb4wO8,ห้องศิลป์สหภาพ | foto united art gallery,ChZDSUhNMG9nS0VJQ0FnSUNBODhxZ1JBEAE,5.0,,,Tue Mar 06 2018 06:46:49 GMT-0800 (Pacific Standard Time),Siamtur Junjarungjit,https://www.google.com/maps/reviews/data=!4m6!14m5!1m4!2m3!1sChZDSUhNMG9nS0VJQ0FnSUNBODhxZ1JBEAE!2m1!1s0x30e29914d15bba81:0xefc0f8869846405f
ChIJO8hO_J6Z4jAR5jC7PER8JlQ,Siwamokhaphiman Hall,ChZDSUhNMG9nS0VJQ0FnSUM3dDhHa05BEAE,5.0,展品布置精美，信息通俗易懂，并提供泰语和英语双语版本，方便国际游客参观。工作人员随时待命，确保游客享受宁静的参观体验，与此地的氛围相得益彰。,zh-CN,Sun Aug 18 2024 19:00:13 GMT-0700 (Pacific Daylight Time),Phon Skun,https://www.google.com/maps/reviews/data=!4m6!14m5!1m4!2m3!1sChZDSUhNMG9nS0VJQ0FnSUM3dDhHa05BEAE!2m1!1s0x30e2999efc4ec83b:0x54267c443cbb30e6
ChIJO8hO_J6Z4jAR5jC7PER8JlQ,Siwamokhaphiman Hall,ChZDSUhNMG9nS0VJQ0FnSUNDcnJfTUdBEAE,5.0,博物馆的临时展览“皇家书信”于2020年8月19日至11月19日举行，展览内容引人入胜，展品甄选精良，呈现方式别具匠心。展览以两位皇室成员29年的通信为基础，分为六个叙事部分，并巧妙地穿插了馆藏文物。展厅氛围营造得如同“漫步书页”，让参观者循序渐进地了解和欣赏精心布置、灯光璀璨的展品，使其熠熠生辉。参观者收获颇丰，近距离观赏部分展品更是一次难忘的体验。,zh-CN,Sun Aug 23 2020 04:57:36 GMT-0700 (Pacific Daylight Time),Yuu T.,https://www.google.com/maps/reviews/data=!4m6!14m5!1m4!2m3!1sChZDSUhNMG9nS0VJQ0FnSUNDcnJfTUdBEAE!2m1!1s0x30e2999efc4ec83b:0x54267c443cbb30e6
ChIJO8hO_J6Z4jAR5jC7PER8JlQ,Siwamokhaphiman Hall,ChZDSUhNMG9nS0VJQ0FnSURwc0tyMU1BEAE,5.0,这里有很多佛像。 每尊佛像都因其创作年代的不同而各具特色。 这里还有许多我从未见过的古老佛像。 门票价格非常便宜。我强烈推荐，尤其适合喜欢艺术或收藏佛像的人。 真是太棒了！,zh-CN,Mon Aug 14 2023 11:10:39 GMT-0700 (Pacific Daylight Time),golf yabber,https://www.google.com/maps/reviews/data=!4m6!14m5!1m4!2m3!1sChZDSUhNMG9nS0VJQ0FnSURwc0tyMU1BEAE!2m1!1s0x30e2999efc4ec83b:0x54267c443cbb30e6
ChIJO8hO_J6Z4jAR5jC7PER8JlQ,Siwamokhaphiman Hall,ChdDSUhNMG9nS0VJQ0FnSUNoaWZuZjlBRRAB,5.0,这个房间用于举办各种定期更换的展览。房间里有空调，所以您可以舒适地参观。,zh-CN,Wed Feb 15 2023 17:59:35 GMT-0800 (Pacific Standard Time),Omiiigod CJ.,https://www.google.com/maps/reviews/data=!4m6!14m5!1m4!2m3!1sChdDSUhNMG9nS0VJQ0FnSUNoaWZuZjlBRRAB!2m1!1s0x30e2999efc4ec83b:0x54267c443cbb30e6
ChIJO8hO_J6Z4jAR5jC7PER8JlQ,Siwamokhaphiman Hall,ChZDSUhNMG9nS0VJQ0FnSUNKbllIYmJREAE,5.0,帕西瓦莫卡皮曼王座厅原为帕博隆拉查旺宫（皇宫）的皇家觐见厅。目前，这里是曼谷国家博物馆的轮换展览馆。,zh-CN,Wed Oct 11 2023 01:39:47 GMT-0700 (Pacific Daylight Time),ChubbyArin,https://www.google.com/maps/reviews/data=!4m6!14m5!1m4!2m3!1sChZDSUhNMG9nS0VJQ0FnSUNKbllIYmJREAE!2m1!1s0x30e2999efc4ec83b:0x54267c443cbb30e6
ChIJ0ej72-SZ4jARM2bCHBu9l5g,The Gate of Phraeng Sanphasat,Ci9DQUlRQUNvZENodHljRjlvT25GT2NsWnFaVkJHZEZOc1YzTjVObTVGWDE5WFdIYxAB,5.0,Supakit Arthit 的拱门位于路边，靠近 Sae Poon 鸡饭餐厅。吃完饭后，我排队买了芋头冰淇淋，等冰淇淋的时候，我四处逛逛，拍了一些照片。 这座拱门历史悠久，看起来很有古典韵味。🤩🤩,zh-CN,Tue Apr 21 2026 03:36:44 GMT-0700 (Pacific Daylight Time),Montree Tripetpisai,https://www.google.com/maps/reviews/data=!4m6!14m5!1m4!2m3!1sCi9DQUlRQUNvZENodHljRjlvT25GT2NsWnFaVkJHZEZOc1YzTjVObTVGWDE5WFdIYxAB!2m1!1s0x30e299e4dbfbe8d1:0x9897bd1b1cc26633
ChIJ0ej72-SZ4jARM2bCHBu9l5g,The Gate of Phraeng Sanphasat,Ci9DQUlRQUNvZENodHljRjlvT2w5SVNESllkMUphY1VWTFZtZFVZMUJMZVZKdU9GRRAB,5.0,萨帕萨特苏帕吉特宫的拱门位于普朗萨帕萨特，建于 1901 年（佛历 2444 年）。,zh-CN,Sat Jun 20 2026 08:18:22 GMT-0700 (Pacific Daylight Time),ALFALFA,https://www.google.com/maps/reviews/data=!4m6!14m5!1m4!2m3!1sCi9DQUlRQUNvZENodHljRjlvT2w5SVNESllkMUphY1VWTFZtZFVZMUJMZVZKdU9GRRAB!2m1!1s0x30e299e4dbfbe8d1:0x9897bd1b1cc26633
ChIJ0ej72-SZ4jARM2bCHBu9l5g,The Gate of Phraeng Sanphasat,ChZDSUhNMG9nS0VJQ0FnSURIOG9TbmJREAE,4.0,这片区域原为萨帕萨·苏帕吉宫，是通坦王室创始人通坦·塔瓦利亚翁王子（克罗姆·銮·萨帕萨·苏帕吉）的住所。宫殿始建于1901年（佛历2444年），设计精美，入口大门也十分华丽，因为克罗姆·銮·萨帕萨·苏帕吉是大皇宫皇家工匠部的负责人。1958年（佛历2501年）和1967年（佛历2510年），宫殿毁于大火，仅入口大门幸存。,zh-CN,Sat Sep 14 2024 04:50:36 GMT-0700 (Pacific Daylight Time),PCR _A,https://www.google.com/maps/reviews/data=!4m6!14m5!1m4!2m3!1sChZDSUhNMG9nS0VJQ0FnSURIOG9TbmJREAE!2m1!1s0x30e299e4dbfbe8d1:0x9897bd1b1cc26633
ChIJ0ej72-SZ4jARM2bCHBu9l5g,The Gate of Phraeng Sanphasat,ChZDSUhNMG9nS0VJQ0FnSURqaXNfWkZREAE,5.0,"普朗萨帕萨（Praeng Sapphasat）或普朗萨帕萨（Praeng Sapphasat，发音为San-pha-sat）是位于塔瑙路（Tanao Road）和阿萨当路（Atsadang Road）之间的商业区，在普朗纳拉（Praeng Nara）以北。这里原是萨帕萨苏帕吉宫（Sapphasat Supakit Palace），是通坦王室创始人通坦·塔瓦利亚翁王子（Krom Luang Sapphasat Supakit）的住所。这座宫殿于1901年（佛历2444年）精心建造，拥有精美的入口拱门，体现了克罗姆·銮·萨帕萨苏帕吉作为大皇宫皇家工匠部部长的地位。1958年（佛历2501年）和1967年（佛历2510年），宫殿毁于大火，仅入口拱门幸存。原址上建起了现代化的店屋，该地区最初被称为 Praeng Sapphasat，以王子 Thongtham Thawalyawong, Krom Luang Sapphasat Supakit 的名字命名，后来演变为 Praeng Sapphasat。",zh-CN,Wed May 01 2024 08:45:56 GMT-0700 (Pacific Daylight Time),ChubbyArin,https://www.google.com/maps/reviews/data=!4m6!14m5!1m4!2m3!1sChZDSUhNMG9nS0VJQ0FnSURqaXNfWkZREAE!2m1!1s0x30e299e4dbfbe8d1:0x9897bd1b1cc26633
ChIJ0ej72-SZ4jARM2bCHBu9l5g,The Gate of Phraeng Sanphasat,ChZDSUhNMG9nS0VPX3cyYTNKdWYtdVhREAE,5.0,这座历史悠久的城门非常漂亮，它拥有闪闪发光的彩色玻璃窗和上方的雕像。,zh-CN,Tue Jun 03 2025 00:03:14 GMT-0700 (Pacific Daylight Time),Parchaya Veecharungson,https://www.google.com/maps/reviews/data=!4m6!14m5!1m4!2m3!1sChZDSUhNMG9nS0VPX3cyYTNKdWYtdVhREAE!2m1!1s0x30e299e4dbfbe8d1:0x9897bd1b1cc26633
ChIJj3GEVACZ4jARAturjUysEF8,The Ancient City,Ci9DQUlRQUNvZENodHljRjlvT25CT04wa3RaSEJtYVdSNVJHazRPRVZuUm1Nd05WRRAB,5.0,,,Tue Aug 11 2026 08:45:17 GMT-0700 (Pacific Daylight Time),andreia rodrigues,https://www.google.com/maps/reviews/data=!4m6!14m5!1m4!2m3!1sCi9DQUlRQUNvZENodHljRjlvT25CT04wa3RaSEJtYVdSNVJHazRPRVZuUm1Nd05WRRAB!2m1!1s0x30e299005484718f:0x5f10ac4c8dabdb02
ChIJJa0pCgCZ4jAR8zmzTEISLgM,พระเมรุมาศ พระเมรุ,Ci9DQUlRQUNvZENodHljRjlvT2pKYVEzazVkV0ZIVWtzNVJETnJUbTFqWW1oMVRYYxAB,5.0,在曼谷皇家田广场，为纪念诗丽吉王太后（王太后）而建的皇家火葬场及相关建筑群的建设工作仍在进行中。该建筑群遵循古老的皇家传统，体现了王太后的职责。皇家火葬场预计将于今年10月全面竣工。（图片由文化部和Sakesin Wannasin提供）,zh-CN,Tue Jun 02 2026 04:54:33 GMT-0700 (Pacific Daylight Time),ผู้ช่วยศาสตราจารย์ เซี่ยงไฮ้ น่ารักจัง (เฟย์),https://www.google.com/maps/reviews/data=!4m6!14m5!1m4!2m3!1sCi9DQUlRQUNvZENodHljRjlvT2pKYVEzazVkV0ZIVWtzNVJETnJUbTFqWW1oMVRYYxAB!2m1!1s0x30e299000a29ad25:0x32e12424cb339f3
ChIJJa0pCgCZ4jAR8zmzTEISLgM,พระเมรุมาศ พระเมรุ,Ci9DQUlRQUNvZENodHljRjlvT2tGM01UZE5ablJYUWpSSmNqTTBTSGhFTVhoeVZWRRAB,5.0,非常好！,zh-CN,Tue May 05 2026 05:37:09 GMT-0700 (Pacific Daylight Time),Noppasin2536,https://www.google.com/maps/reviews/data=!4m6!14m5!1m4!2m3!1sCi9DQUlRQUNvZENodHljRjlvT2tGM01UZE5ablJYUWpSSmNqTTBTSGhFTVhoeVZWRRAB!2m1!1s0x30e299000a29ad25:0x32e12424cb339f3
ChIJJa0pCgCZ4jAR8zmzTEISLgM,พระเมรุมาศ พระเมรุ,Ci9DQUlRQUNvZENodHljRjlvT210dFJ6VnBSa0ZEV0ZGcFdXcGpPWEZNWmtrMGJFRRAB,5.0,泰国 泰国,zh-CN,Sun May 31 2026 03:26:59 GMT-0700 (Pacific Daylight Time),Toffee Bousisai,https://www.google.com/maps/reviews/data=!4m6!14m5!1m4!2m3!1sCi9DQUlRQUNvZENodHljRjlvT210dFJ6VnBSa0ZEV0ZGcFdXcGpPWEZNWmtrMGJFRRAB!2m1!1s0x30e299000a29ad25:0x32e12424cb339f3
ChIJJa0pCgCZ4jAR8zmzTEISLgM,พระเมรุมาศ พระเมรุ,Ci9DQUlRQUNvZENodHljRjlvT2xKRVdIQnJWMEpOZUdFd0xYaE5ZMWxwUjFsQk5HYxAB,1.0,,,Tue Mar 17 2026 06:22:38 GMT-0700 (Pacific Daylight Time),แอม สุภาพร,https://www.google.com/maps/reviews/data=!4m6!14m5!1m4!2m3!1sCi9DQUlRQUNvZENodHljRjlvT2xKRVdIQnJWMEpOZUdFd0xYaE5ZMWxwUjFsQk5HYxAB!2m1!1s0x30e299000a29ad25:0x32e12424cb339f3
ChIJJa0pCgCZ4jAR8zmzTEISLgM,พระเมรุมาศ พระเมรุ,Ci9DQUlRQUNvZENodHljRjlvT25GTFVHVmZUVVV5ZUhoMWMzTm5ORll0WkhVNVNFRRAB,5.0,,,Thu May 14 2026 05:01:02 GMT-0700 (Pacific Daylight Time),ชินจัง,https://www.google.com/maps/reviews/data=!4m6!14m5!1m4!2m3!1sCi9DQUlRQUNvZENodHljRjlvT25GTFVHVmZUVVV5ZUhoMWMzTm5ORll0WkhVNVNFRRAB!2m1!1s0x30e299000a29ad25:0x32e12424cb339f3
ChIJC6TK6yKZ4jAR-nLUpT8LhRE,ศาลาเอนกประสงค์ วัดราชนัดดารามวรวิหาร (โลหะประสาท),ChdDSUhNMG9nS0VJQ0FnSUNaa3BhLXFBRRAB,5.0,我们前来供养僧侣，以作功德。,zh-CN,Thu Sep 07 2023 04:15:57 GMT-0700 (Pacific Daylight Time),Jimmy lovepoto,https://www.google.com/maps/reviews/data=!4m6!14m5!1m4!2m3!1sChdDSUhNMG9nS0VJQ0FnSUNaa3BhLXFBRRAB!2m1!1s0x30e29922ebcaa40b:0x11850b3fa5d472fa
ChIJC6TK6yKZ4jAR-nLUpT8LhRE,ศาลาเอนกประสงค์ วัดราชนัดดารามวรวิหาร (โลหะประสาท),Ci9DQUlRQUNvZENodHljRjlvT25RMVpEQnRiM042ZVY5cWFGSktTMHQyUkRCMlRWRRAB,4.0,,,Wed Jul 29 2026 08:59:37 GMT-0700 (Pacific Daylight Time),Theerachai P,https://www.google.com/maps/reviews/data=!4m6!14m5!1m4!2m3!1sCi9DQUlRQUNvZENodHljRjlvT25RMVpEQnRiM042ZVY5cWFGSktTMHQyUkRCMlRWRRAB!2m1!1s0x30e29922ebcaa40b:0x11850b3fa5d472fa
ChIJC6TK6yKZ4jAR-nLUpT8LhRE,ศาลาเอนกประสงค์ วัดราชนัดดารามวรวิหาร (โลหะประสาท),Ci9DQUlRQUNvZENodHljRjlvT25WSVowbE1VVzU1VjBOS1RFUmxaVXgxTUhacVprRRAB,5.0,,,Wed Oct 08 2025 09:24:25 GMT-0700 (Pacific Daylight Time),My life My style,https://www.google.com/maps/reviews/data=!4m6!14m5!1m4!2m3!1sCi9DQUlRQUNvZENodHljRjlvT25WSVowbE1VVzU1VjBOS1RFUmxaVXgxTUhacVprRRAB!2m1!1s0x30e29922ebcaa40b:0x11850b3fa5d472fa
ChIJBQleNwCZ4jARu4o_8OMgJL0,วัดดวงแข,Ci9DQUlRQUNvZENodHljRjlvT2paamMwcHplWGd5VWpRNGFWWkZOV3hVV1dGMFVuYxAB,5.0,,,Wed Aug 12 2026 00:37:02 GMT-0700 (Pacific Daylight Time),ยัสมี หะยี,https://www.google.com/maps/reviews/data=!4m6!14m5!1m4!2m3!1sCi9DQUlRQUNvZENodHljRjlvT2paamMwcHplWGd5VWpRNGFWWkZOV3hVV1dGMFVuYxAB!2m1!1s0x30e29900375e0905:0xbd2420e3f03f8abb
ChIJvXbdt6WZ4jARwr_5oVuJm3g,พระวิหาร หลวงพ่อพระร่วงทองคำ,ChdDSUhNMG9nS0VJQ0FnSUNoNS1UMy13RRAB,2.0,ห้องน้ำก็เผื่อแผ่คนมาใช้บางนะคะ วัดดีวัดสวยแต่ห้องน้ำจะล็อคไว้ทำป่นมะเขือหรอ คนมาทำบุญปวดขี้ปวดเยี่ยวไม่เป็นหรอคะ พิจารณาด้วยค่ะ ทำบุญมันก็ต้องปลดทุกข์ค่ะ,th,Thu Feb 23 2023 17:48:19 GMT-0800 (Pacific Standard Time),CIVICTOR JANKOWIAK,https://www.google.com/maps/reviews/data=!4m6!14m5!1m4!2m3!1sChdDSUhNMG9nS0VJQ0FnSUNoNS1UMy13RRAB!2m1!1s0x30e299a5b7dd76bd:0x789b895ba1f9bfc2
ChIJvXbdt6WZ4jARwr_5oVuJm3g,พระวิหาร หลวงพ่อพระร่วงทองคำ,Ci9DQUlRQUNvZENodHljRjlvT2pGRldVbDBkakJKZG0xalEzWTBURU5LWWpOWE5GRRAB,5.0,金佛像（Phra Ruang）是一尊神圣的佛像，供奉于曼谷帕那空区Sao Chingcha街道Wat Mahannaparam Worawihan主殿。佛像由黄金（含金量60%）打造，共有九个关节。其尺寸为：胸宽1wa 1 sok 1 khuep 5英寸，高1wa 3 sok 1 khuep 7英寸。它被认为是泰国最精美的佛像之一。金佛像采用素可泰风格的摩罗毗荼式（Maravijaya）姿势。最初，它供奉于素可泰府Si Satchanalai县的Wat Khok Singkharam寺。其确切的建造年代不详，但据信是由乌东拉塔那朗西王子（Prince Udomratanarangsi）在素可泰王国拉玛三世（南克劳王）统治时期建造的。拉玛三世国王之子阿诺王子于 1850 年建造了玛哈纳帕兰寺，以此作为献给父亲拉玛三世国王的功德供品。他从素可泰请来了主佛像“銮波銮”，作为寺庙精舍中的主佛像。,zh-CN,Mon Sep 29 2025 20:02:02 GMT-0700 (Pacific Daylight Time),ธวัชชัย อารีย์,https://www.google.com/maps/reviews/data=!4m6!14m5!1m4!2m3!1sCi9DQUlRQUNvZENodHljRjlvT2pGRldVbDBkakJKZG0xalEzWTBURU5LWWpOWE5GRRAB!2m1!1s0x30e299a5b7dd76bd:0x789b895ba1f9bfc2
ChIJvXbdt6WZ4jARwr_5oVuJm3g,พระวิหาร หลวงพ่อพระร่วงทองคำ,ChdDSUhNMG9nS0VJQ0FnSUQxd3RiTHpnRRAB,5.0,这里气氛宁静祥和。寺庙开放时间为早上7点至下午5点。寺庙内也提供供奉僧侣的服务。,zh-CN,Fri Jan 05 2024 19:00:11 GMT-0800 (Pacific Standard Time),Nana Nana,https://www.google.com/maps/reviews/data=!4m6!14m5!1m4!2m3!1sChdDSUhNMG9nS0VJQ0FnSUQxd3RiTHpnRRAB!2m1!1s0x30e299a5b7dd76bd:0x789b895ba1f9bfc2
ChIJvXbdt6WZ4jARwr_5oVuJm3g,พระวิหาร หลวงพ่อพระร่วงทองคำ,Ci9DQUlRQUNvZENodHljRjlvT2tWQlQyeHZlR3gzY3pCTVNrWkRPRGN0Y1ZwUVYzYxAB,5.0,,,Sun Jul 12 2026 09:57:24 GMT-0700 (Pacific Daylight Time),jizumi,https://www.google.com/maps/reviews/data=!4m6!14m5!1m4!2m3!1sCi9DQUlRQUNvZENodHljRjlvT2tWQlQyeHZlR3gzY3pCTVNrWkRPRGN0Y1ZwUVYzYxAB!2m1!1s0x30e299a5b7dd76bd:0x789b895ba1f9bfc2
ChIJvXbdt6WZ4jARwr_5oVuJm3g,พระวิหาร หลวงพ่อพระร่วงทองคำ,ChdDSUhNMG9nS0VJQ0FnSUNPczZlOXRBRRAB,5.0,,,Sun Jun 19 2022 04:05:07 GMT-0700 (Pacific Daylight Time),อภิชาติ รักตระกูล,https://www.google.com/maps/reviews/data=!4m6!14m5!1m4!2m3!1sChdDSUhNMG9nS0VJQ0FnSUNPczZlOXRBRRAB!2m1!1s0x30e299a5b7dd76bd:0x789b895ba1f9bfc2
ChIJPUBfUEKZ4jARzuEyyKf4w7o,พระอุโบสถ หลวงพ่อบุญฤทธิ์,Ci9DQUlRQUNvZENodHljRjlvT25GWWJqSlRSRkkwYUZkM2MxUlVUbkJPVWpKZmJYYxAB,4.0,銮坡汶里，戒堂中的主佛像。,zh-CN,Fri Oct 17 2025 20:42:33 GMT-0700 (Pacific Daylight Time),ChubbyArin,https://www.google.com/maps/reviews/data=!4m6!14m5!1m4!2m3!1sCi9DQUlRQUNvZENodHljRjlvT25GWWJqSlRSRkkwYUZkM2MxUlVUbkJPVWpKZmJYYxAB!2m1!1s0x30e29942505f403d:0xbac3f8a7c832e1ce
ChIJA7PG9AuZ4jARIyvh-TR_wkA,玛哈泰寺,ChdDSUhNMG9nS0VJQ0FnSUNnMl9HRDVnRRAB,5.0,很棒震撼，古迹就像中国圆明园。工作人员维修保养时看见动作粗爆,zh,Fri Jul 13 2018 19:35:00 GMT-0700 (Pacific Daylight Time),高丽娜,https://www.google.com/maps/reviews/data=!4m6!14m5!1m4!2m3!1sChdDSUhNMG9nS0VJQ0FnSUNnMl9HRDVnRRAB!2m1!1s0x30e2990bf4c6b303:0x40c27f34f9e12b23
ChIJA7PG9AuZ4jARIyvh-TR_wkA,玛哈泰寺,ChdDSUhNMG9nS0VJQ0FnSURncV9tUW53RRAB,5.0,宁心静气的地方。,zh,Tue Dec 27 2016 00:04:44 GMT-0800 (Pacific Standard Time),Aaron Liu,https://www.google.com/maps/reviews/data=!4m6!14m5!1m4!2m3!1sChdDSUhNMG9nS0VJQ0FnSURncV9tUW53RRAB!2m1!1s0x30e2990bf4c6b303:0x40c27f34f9e12b23
ChIJA7PG9AuZ4jARIyvh-TR_wkA,玛哈泰寺,ChZDSUhNMG9nS0VJQ0FnSUN3Z3JHN2FREAE,3.0,免费，可以顺便看看。,zh,Sun Jun 21 2015 07:31:06 GMT-0700 (Pacific Daylight Time),Jin Xiaojing,https://www.google.com/maps/reviews/data=!4m6!14m5!1m4!2m3!1sChZDSUhNMG9nS0VJQ0FnSUN3Z3JHN2FREAE!2m1!1s0x30e2990bf4c6b303:0x40c27f34f9e12b23
ChIJA7PG9AuZ4jARIyvh-TR_wkA,玛哈泰寺,ChZDSUhNMG9nS0VJQ0FnSUM3dDgtUU5nEAE,3.0,美好的庄严的地方,zh,Sun Aug 18 2024 20:05:14 GMT-0700 (Pacific Daylight Time),Nora O,https://www.google.com/maps/reviews/data=!4m6!14m5!1m4!2m3!1sChZDSUhNMG9nS0VJQ0FnSUM3dDgtUU5nEAE!2m1!1s0x30e2990bf4c6b303:0x40c27f34f9e12b23
ChIJA7PG9AuZ4jARIyvh-TR_wkA,玛哈泰寺,ChZDSUhNMG9nS0VJQ0FnSUQxMTltcmVBEAE,5.0,漂亮的寺庙,zh,Wed Jan 10 2024 09:51:50 GMT-0800 (Pacific Standard Time),Duffy C,https://www.google.com/maps/reviews/data=!4m6!14m5!1m4!2m3!1sChZDSUhNMG9nS0VJQ0FnSUQxMTltcmVBEAE!2m1!1s0x30e2990bf4c6b303:0x40c27f34f9e12b23
ChIJmb4Smn6Z4jARKXCfpQDKOTU,พระวิหารน้อยโพธิ์ลังกา วัดมหาธาตุท่าพระจันทร์,Ci9DQUlRQUNvZENodHljRjlvT2tJeFdUZHVNMFIyWDFFMVIxUk5hVkJzZEhoM2MwRRAB,5.0,位于玛哈泰玉瓦拉朗斯里寺（Wat Mahathat Yuwarajrangsrit）的帕维汉诺伊波提兰卡（Phra Viharn Noi Phothilangka，小佛堂）坐落在菩提树东侧，帕占路（Phra Chan Road）与那帕塔路（Na Phra That Road）的交汇处。这座小佛堂建于拉玛四世国王统治时期，曾是国王出家期间的住所。1932年，当时名为帕皮蒙塔姆（Phra Phimontham）的颂德帕瓦纳拉特（Somdej Phra Wanarat，又名Khemachari）对其进行了全面翻修。一尊重要的素可泰时期佛像“帕那”（Phra Nak）由颂德昭博隆翁塞长老（Somdej Chao Boromwongse Thera Krom Phraya Damrong Rajanubhap）捐赠，并供奉于佛堂内，作为主佛像。,zh-CN,Mon Oct 27 2025 19:56:55 GMT-0700 (Pacific Daylight Time),ธวัชชัย อารีย์,https://www.google.com/maps/reviews/data=!4m6!14m5!1m4!2m3!1sCi9DQUlRQUNvZENodHljRjlvT2tJeFdUZHVNMFIyWDFFMVIxUk5hVkJzZEhoM2MwRRAB!2m1!1s0x30e2997e9a12be99:0x3539ca00a59f7029
ChIJmb4Smn6Z4jARKXCfpQDKOTU,พระวิหารน้อยโพธิ์ลังกา วัดมหาธาตุท่าพระจันทร์,ChdDSUhNMG9nS0VJQ0FnSURUcTlDWnNnRRAB,5.0,这棵菩提树是斯里兰卡两百多年前赠送的，相关记载在此。请自行确认。这里环境优美，适合在城市漫步后稍作休息。这里是佛教圣地。如果您有任何疑问，可以向僧侣咨询。 2024年5月,zh-CN,Mon May 27 2024 20:09:55 GMT-0700 (Pacific Daylight Time),Leslie Kandy Sri Lanka,https://www.google.com/maps/reviews/data=!4m6!14m5!1m4!2m3!1sChdDSUhNMG9nS0VJQ0FnSURUcTlDWnNnRRAB!2m1!1s0x30e2997e9a12be99:0x3539ca00a59f7029
ChIJmb4Smn6Z4jARKXCfpQDKOTU,พระวิหารน้อยโพธิ์ลังกา วัดมหาธาตุท่าพระจันทร์,ChdDSUhNMG9nS0VJQ0FnSURwZ2NDd3JBRRAB,4.0,这里曾是拉玛四世国王在成为僧侣期间的住所，之后他创立了独立的僧团——法部派。,zh-CN,Tue Aug 22 2023 19:14:30 GMT-0700 (Pacific Daylight Time),Prayat Keram,https://www.google.com/maps/reviews/data=!4m6!14m5!1m4!2m3!1sChdDSUhNMG9nS0VJQ0FnSURwZ2NDd3JBRRAB!2m1!1s0x30e2997e9a12be99:0x3539ca00a59f7029
ChIJmb4Smn6Z4jARKXCfpQDKOTU,พระวิหารน้อยโพธิ์ลังกา วัดมหาธาตุท่าพระจันทร์,ChdDSUhNMG9nS0VJQ0FnSUNYbko3ZXFBRRAB,5.0,2024年10月14日，星期一——参拜了位于玛哈泰·尤瓦拉杰朗斯里·拉贾瓦拉维哈拉寺（Wat Mahathat Yuwarajrangsrit Rajavaravihara）的菩提兰卡小寺（Bodhi Lanka Vihara）内的佛像。这是一尊古老的佛像。菩提兰卡小寺位于克罗姆·帕旺·博翁·苏拉西哈纳王子（Prince Krom Phra Wang Bowon Surasihanat）皇家纪念碑后方的菩提树庭院内。寺院设计紧凑，装饰简朴。此外，也可以从寺庙庭院或学校进入。,zh-CN,Sun Oct 13 2024 21:42:56 GMT-0700 (Pacific Daylight Time),Paradorn Tonthong,https://www.google.com/maps/reviews/data=!4m6!14m5!1m4!2m3!1sChdDSUhNMG9nS0VJQ0FnSUNYbko3ZXFBRRAB!2m1!1s0x30e2997e9a12be99:0x3539ca00a59f7029
ChIJmb4Smn6Z4jARKXCfpQDKOTU,พระวิหารน้อยโพธิ์ลังกา วัดมหาธาตุท่าพระจันทร์,ChdDSUhNMG9nS0VJQ0FnTURJbTlEcDN3RRAB,3.0,曼谷玛哈泰塔帕占寺内的菩提兰卡小佛龛。 1968年4月13日,zh-CN,Sat Apr 12 2025 23:15:43 GMT-0700 (Pacific Daylight Time),นายกิตติชัย ตันวัฒนะ,https://www.google.com/maps/reviews/data=!4m6!14m5!1m4!2m3!1sChdDSUhNMG9nS0VJQ0FnTURJbTlEcDN3RRAB!2m1!1s0x30e2997e9a12be99:0x3539ca00a59f7029
