行政区,POI业务类型,POI名称,POI泰文名称,POI细分类型,地理位置描述,名称直接命中帖子数（非热度）,证据样例标题,证据样例URL,重要口径
巴蜀府,餐饮美食,正盛餐厅,เจ๊เล้ง ซีฟู้ด,中泰融合餐厅,夜市前一个十字路口,1,【泰国❤︎华欣】夜市不能错过的餐厅&马杀鸡,https://www.xiaohongshu.com/explore/5c17cb7b00000000090225e3?xsec_token_redacted=1&xsec_source=pc_dots,本表只含现库未命中、固定实体、且引用小红书正文直接命名的新增候选；不等于已完成Google事实核验
巴蜀府,餐饮美食,Aowtakiab Seafood,อ่าวตะเกียบ ซีฟู้ด,海景海鲜餐厅,筷子山附近海边,1,🇹🇭泰国华欣｜Aowtakiab Seafood海鲜餐厅,https://www.xiaohongshu.com/explore/6a2bbd0b000000000e021800?xsec_token_redacted=1&xsec_source=pc_dots,本表只含现库未命中、固定实体、且引用小红书正文直接命名的新增候选；不等于已完成Google事实核验
巴蜀府,餐饮美食,Aunt Jaew's Kitchen,ครัวป้าแจ๊ว,海鲜餐厅,เขาตะเกียบ,1,🇹🇭华欣｜隐藏海鲜小馆（附地址）,https://www.xiaohongshu.com/explore/6a8e784f000000002502601d?xsec_token_redacted=1&xsec_source=pc_dots,本表只含现库未命中、固定实体、且引用小红书正文直接命名的新增候选；不等于已完成Google事实核验
巴蜀府,餐饮美食,Baan Ko Hua Hin,ร้านอาหารบ้านโก หัวหิน,海鲜餐厅,Naebkehardt Rd,1,🇹🇭华欣｜隐藏海鲜小馆（附地址）,https://www.xiaohongshu.com/explore/6a8e784f000000002502601d?xsec_token_redacted=1&xsec_source=pc_dots,本表只含现库未命中、固定实体、且引用小红书正文直接命名的新增候选；不等于已完成Google事实核验
巴蜀府,餐饮美食,Bonnie,บอนนี่,海边咖啡馆,去华欣途中顺路,1,泰国华欣七岩海边咖啡店,https://www.xiaohongshu.com/explore/64c7abcc000000000b02acbe?xsec_token_redacted=1&xsec_source=pc_dots,本表只含现库未命中、固定实体、且引用小红书正文直接命名的新增候选；不等于已完成Google事实核验
巴蜀府,餐饮美食,Chow Mong Restaurant,ร้านอาหารชาวมง,泰式餐厅,The Peri Hua Hin Hotel内,1,🇹🇭华欣｜隐藏海鲜小馆（附地址）,https://www.xiaohongshu.com/explore/6a8e784f000000002502601d?xsec_token_redacted=1&xsec_source=pc_dots,本表只含现库未命中、固定实体、且引用小红书正文直接命名的新增候选；不等于已完成Google事实核验
巴蜀府,餐饮美食,Hawaii Sky Beach Cafe,ฮาวาย สกาย บีช,海边咖啡馆,距离华欣市中心38km开车50分钟,1,华欣附近自驾〡七岩海边摆烂躺的咖啡店,https://www.xiaohongshu.com/explore/6a8696c5000000002300d6d6?xsec_token_redacted=1&xsec_source=pc_dots,本表只含现库未命中、固定实体、且引用小红书正文直接命名的新增候选；不等于已完成Google事实核验
巴蜀府,餐饮美食,It's Here Coffee House,อิตส์ เฮียร์ คอฟฟี่,创业咖啡店,七岩区,1,泰国🇹🇭华欣☕年轻人创业咖啡店,https://www.xiaohongshu.com/explore/68a5adec000000001d017e83?xsec_token_redacted=1&xsec_source=pc_dots,本表只含现库未命中、固定实体、且引用小红书正文直接命名的新增候选；不等于已完成Google事实核验
巴蜀府,餐饮美食,Jhe Maew Pak Nam Pran,เจ๊แมว ปากน้ําปราณ,海鲜餐厅,距离华欣市中心23km海边,1,华欣附近〡Pran Buri海鲜店，碾压华欣所有,https://www.xiaohongshu.com/explore/6a91b78c000000002503d38d?xsec_token_redacted=1&xsec_source=pc_dots,本表只含现库未命中、固定实体、且引用小红书正文直接命名的新增候选；不等于已完成Google事实核验
巴蜀府,餐饮美食,Ka Phrao Hom,กาเผื่อหอม,泰式餐厅,市区,2,"🇹🇭泰好吃❤️‍🔥泰国华欣吃饭记录
来华欣发呆看海吃什么🍽️🏝️🐳","https://www.xiaohongshu.com/explore/6a6c9f960000000025006cdc?xsec_token_redacted=1&xsec_source=pc_dots
https://www.xiaohongshu.com/explore/6985a063000000001b01c455?xsec_token_redacted=1&xsec_source=pc_dots",本表只含现库未命中、固定实体、且引用小红书正文直接命名的新增候选；不等于已完成Google事实核验
巴蜀府,餐饮美食,KO Mark,โค มาร์ค,泰式餐厅,市区,2,"来华欣发呆看海吃什么🍽️🏝️🐳
华欣🍽️这四家餐厅很值得🇮🇹🇹🇭","https://www.xiaohongshu.com/explore/6985a063000000001b01c455?xsec_token_redacted=1&xsec_source=pc_dots
https://www.xiaohongshu.com/explore/68d7dfda0000000012020f2b?xsec_token_redacted=1&xsec_source=pc_dots",本表只含现库未命中、固定实体、且引用小红书正文直接命名的新增候选；不等于已完成Google事实核验
巴蜀府,餐饮美食,Lek Seafood Restaurant,เล็กลีฟู้ด,海鲜餐厅,市区,2,"🇹🇭泰好吃❤️‍🔥泰国华欣吃饭记录
华欣体验拉满","https://www.xiaohongshu.com/explore/6a6c9f960000000025006cdc?xsec_token_redacted=1&xsec_source=pc_dots
https://www.xiaohongshu.com/explore/6a9198560000000020031289?xsec_token_redacted=1&xsec_source=pc_dots",本表只含现库未命中、固定实体、且引用小红书正文直接命名的新增候选；不等于已完成Google事实核验
巴蜀府,餐饮美食,Lung Ja Seafood,ครัวลุงจ่า,海鲜大排档,华欣夜市内,1,🦐华欣夜市不踩雷海鲜店推荐,https://www.xiaohongshu.com/explore/696b7a55000000000a02be76?xsec_token_redacted=1&xsec_source=pc_dots,本表只含现库未命中、固定实体、且引用小红书正文直接命名的新增候选；不等于已完成Google事实核验
巴蜀府,餐饮美食,Medsai Coffee,เมดสาย คอฟฟี่,海边咖啡馆,距离华欣市中心34km开车50分钟,1,华欣附近自驾〡七岩海滩的鱿鱼干及大排档,https://www.xiaohongshu.com/explore/6a86b893000000001b032104?xsec_token_redacted=1&xsec_source=pc_dots,本表只含现库未命中、固定实体、且引用小红书正文直接命名的新增候选；不等于已完成Google事实核验
巴蜀府,餐饮美食,More Than Beach & Cafe,มอร์ แดน บีช,海边咖啡馆兼餐厅,距离华欣37km开车50分钟,1,华欣附近自驾〡本地人的网红🦆海边咖啡店,https://www.xiaohongshu.com/explore/6a5494630000000022008f3b?xsec_token_redacted=1&xsec_source=pc_dots,本表只含现库未命中、固定实体、且引用小红书正文直接命名的新增候选；不等于已完成Google事实核验
巴蜀府,餐饮美食,Platoo Restaurant,ปลาตู่ว์餐厅,海边泰餐小馆,华欣到七岩路上靠近海滩,1,华欣DNA动了！这家海边泰餐小馆我可以追着吃,https://www.xiaohongshu.com/explore/6a6df9d70000000033037dc8?xsec_token_redacted=1&xsec_source=pc_dots,本表只含现库未命中、固定实体、且引用小红书正文直接命名的新增候选；不等于已完成Google事实核验
巴蜀府,餐饮美食,Row Hou8e Cafe Hua Hin,โรล เฮ้าส์ หัวหิน,咖啡馆兼餐厅,Hua Hin 106 Alley,1,🇹🇭华欣｜隐藏海鲜小馆（附地址）,https://www.xiaohongshu.com/explore/6a8e784f000000002502601d?xsec_token_redacted=1&xsec_source=pc_dots,本表只含现库未命中、固定实体、且引用小红书正文直接命名的新增候选；不等于已完成Google事实核验
巴蜀府,餐饮美食,SoulMarch,โซลมาร์ช,咖啡馆,七岩,1,七岩的咖啡店 ：泰国 咖啡店叫 ”SoulMarch,https://www.xiaohongshu.com/explore/64b66bb9000000003100a25d?xsec_token_redacted=1&xsec_source=pc_dots,本表只含现库未命中、固定实体、且引用小红书正文直接命名的新增候选；不等于已完成Google事实核验
巴蜀府,餐饮美食,TUMLAY Cafe and Bar,ทัมเลย์ คาเฟ่,网红海边咖啡厅,"Bang Kao, Cha-am District",1,泰国｜华欣版的济州岛style咖啡厅,https://www.xiaohongshu.com/explore/61b743e5000000000102f3b9?xsec_token_redacted=1&xsec_source=pc_dots,本表只含现库未命中、固定实体、且引用小红书正文直接命名的新增候选；不等于已完成Google事实核验
巴蜀府,交通服务,曼谷阿皮瓦中央车站,Krung Thep Aphiwat Central Terminal,新火车站,MRT蓝线Chatuchak Park附近,1,泰国华欣攻略,https://www.xiaohongshu.com/explore/6a8ff731000000001f01f5e6?xsec_token_redacted=1&xsec_source=pc_dots,本表只含现库未命中、固定实体、且引用小红书正文直接命名的新增候选；不等于已完成Google事实核验
巴蜀府,住宿酒店,Ace of Hua Hin Resort,爱斯华欣度假村,豪华度假酒店,市区往北12公里,2,"周末华欣Ace of Hua Hin resort酒店躺平
泰国华欣海滩度假村酒店初体验～","https://www.xiaohongshu.com/explore/6791c42a0000000018007fa3?xsec_token_redacted=1&xsec_source=pc_dots
https://www.xiaohongshu.com/explore/67756d800000000014024e2c?xsec_token_redacted=1&xsec_source=pc_dots",本表只含现库未命中、固定实体、且引用小红书正文直接命名的新增候选；不等于已完成Google事实核验
巴蜀府,住宿酒店,Avani+ Hua Hin Resort,阿瓦尼+华欣度假村,网红风格度假村,距离华欣夜市一段距离,1,亲子旅行✈️华欣Avani+ Hua Hin Resort房间,https://www.xiaohongshu.com/explore/691fda59000000001e02dc6d?xsec_token_redacted=1&xsec_source=pc_dots,本表只含现库未命中、固定实体、且引用小红书正文直接命名的新增候选；不等于已完成Google事实核验
巴蜀府,住宿酒店,Centara Life Cha-Am Beach Resort,盛泰乐生活七岩海滩度假村,海滨度假村,宁静的七岩海岸,1,逃离曼谷，在七岩过一个慢悠悠的海边周末,https://www.xiaohongshu.com/explore/6a8e8b1a0000000012011de7?xsec_token_redacted=1&xsec_source=pc_dots,本表只含现库未命中、固定实体、且引用小红书正文直接命名的新增候选；不等于已完成Google事实核验
巴蜀府,住宿酒店,Dusit Thani Hua Hin,华欣都喜天丽度假村,泰国本土品牌度假村,距离华欣市区20-30分钟车程,2,"亲子旅行✈️华欣Avani+ Hua Hin Resort房间
亲子旅行✈️在泰国皇室后花园白人式度假","https://www.xiaohongshu.com/explore/691fda59000000001e02dc6d?xsec_token_redacted=1&xsec_source=pc_dots
https://www.xiaohongshu.com/explore/68b50f34000000001b023f33?xsec_token_redacted=1&xsec_source=pc_dots",本表只含现库未命中、固定实体、且引用小红书正文直接命名的新增候选；不等于已完成Google事实核验
巴蜀府,住宿酒店,Hyatt Regency Hua Hin,华欣凯悦度假村,五星级度假村,离Cicada夜市很近,1,🇹🇭华欣凯悦Hyatt regency Hua Hin,https://www.xiaohongshu.com/explore/66727587000000001c029c0a?xsec_token_redacted=1&xsec_source=pc_dots,本表只含现库未命中、固定实体、且引用小红书正文直接命名的新增候选；不等于已完成Google事实核验
巴蜀府,住宿酒店,Let's Sea Hua Hin,莱茨海华欣酒店,设计感酒店,筷子山片区,1,泰国华欣Verso｜颜值在线，这些细节要注意,https://www.xiaohongshu.com/explore/69d36be6000000001a035cb3?xsec_token_redacted=1&xsec_source=pc_dots,本表只含现库未命中、固定实体、且引用小红书正文直接命名的新增候选；不等于已完成Google事实核验
巴蜀府,住宿酒店,Sheraton Hua Hin Resort & Spa,华欣喜来登水疗度假酒店,六善底子喜来登运营,位置偏远,2,"世界第一家六善
泰国华欣 喜来登水疗度假酒店","https://www.xiaohongshu.com/explore/6a1aa305000000003601f2b2?xsec_token_redacted=1&xsec_source=pc_dots
https://www.xiaohongshu.com/explore/6a6974970000000006013420?xsec_token_redacted=1&xsec_source=pc_dots",本表只含现库未命中、固定实体、且引用小红书正文直接命名的新增候选；不等于已完成Google事实核验
巴蜀府,住宿酒店,Siriam Guest House,西里阿姆宾馆,经济型宾馆,希尔顿附近/步行到夜市几分钟,1,从曼谷花9元坐6个多小时火车去趟华欣值吗？,https://www.xiaohongshu.com/explore/6445161c00000000120336e3?xsec_token_redacted=1&xsec_source=pc_dots,本表只含现库未命中、固定实体、且引用小红书正文直接命名的新增候选；不等于已完成Google事实核验
巴蜀府,住宿酒店,Subhamitra Hotel Hua Hin,素帕米特拉酒店,经济型酒店,离火车站近,3,"嘿嘿！来泰兰德半个月做了八次马杀鸡
华欣七岩｜适合“消失式度假”的酒店
泰国华欣攻略","https://www.xiaohongshu.com/explore/66321a7b000000001e019a44?xsec_token_redacted=1&xsec_source=pc_dots
https://www.xiaohongshu.com/explore/699e97f6000000002203833b?xsec_token_redacted=1&xsec_source=pc_dots
https://www.xiaohongshu.com/explore/6a8ff731000000001f01f5e6?xsec_token_redacted=1&xsec_source=pc_dots",本表只含现库未命中、固定实体、且引用小红书正文直接命名的新增候选；不等于已完成Google事实核验
巴蜀府,康养SPA,The Barai Spa,เดอะ บาราย สปา,SPA与水疗,凯悦酒店内,1,按了个摩,https://www.xiaohongshu.com/explore/696ba0cc000000000b011a24?xsec_token_redacted=1&xsec_source=pc_dots,本表只含现库未命中、固定实体、且引用小红书正文直接命名的新增候选；不等于已完成Google事实核验
巴蜀府,住宿酒店,The Regent Cha am Beach Resort,丽晶七岩海滩度假村,海滨度假村,靠近七岩海滩,1,华欣DNA动了！这家海边泰餐小馆我可以追着吃,https://www.xiaohongshu.com/explore/6a6df9d70000000033037dc8?xsec_token_redacted=1&xsec_source=pc_dots,本表只含现库未命中、固定实体、且引用小红书正文直接命名的新增候选；不等于已完成Google事实核验
巴蜀府,住宿酒店,Verso Hotel,韦尔索酒店,蓝白ins风酒店,筷子山片区,1,泰国华欣Verso｜颜值在线，这些细节要注意,https://www.xiaohongshu.com/explore/69d36be6000000001a035cb3?xsec_token_redacted=1&xsec_source=pc_dots,本表只含现库未命中、固定实体、且引用小红书正文直接命名的新增候选；不等于已完成Google事实核验
北碧府,餐饮美食,After Rain Coffee,After Rain Coffee Kanchanaburi,稻田咖啡厅,稻田区,1,🌿【北碧府：泰国的隐世治愈系秘境】🌿,https://www.xiaohongshu.com/explore/68b961df000000001b021544?xsec_token_redacted=1&xsec_source=pc_dots,本表只含现库未命中、固定实体、且引用小红书正文直接命名的新增候选；不等于已完成Google事实核验
北碧府,餐饮美食,Chanchala,Chanchala Kanchanaburi,隐藏餐厅,市区外,1,北碧府隐藏餐厅,https://www.xiaohongshu.com/explore/6a5a404e000000000a039841?xsec_token_redacted=1&xsec_source=pc_dots,本表只含现库未命中、固定实体、且引用小红书正文直接命名的新增候选；不等于已完成Google事实核验
北碧府,餐饮美食,KEEREE TARA,KEEREE TARA Kanchanaburi,河边餐厅,桂河大桥附近,1,北碧府tips,https://www.xiaohongshu.com/explore/6a843ae000000000250002fa?xsec_token_redacted=1&xsec_source=pc_dots,本表只含现库未命中、固定实体、且引用小红书正文直接命名的新增候选；不等于已完成Google事实核验
北碧府,餐饮美食,Meena Café,Meena Café มีนา คาเฟ่,稻田咖啡馆,虎穴寺对面稻田中,5,"北碧府的两家宝藏咖啡馆
北碧府3天2晚！桂河大桥、爱侣瀑布、死亡铁路一站打卡
	
这是原先打算走的行程，
北碧府：泰国的宁静绿洲
北碧府一日游｜神树+寺庙+咖啡+桂河大桥
泰国值得去之北碧府（1）","https://www.xiaohongshu.com/explore/6a5317a9000000000803f38c?xsec_token_redacted=1&xsec_source=pc_dots
https://www.xiaohongshu.com/explore/6a510fbf0000000017008e06?xsec_token_redacted=1&xsec_source=pc_dots
https://www.xiaohongshu.com/explore/69046ffe0000000004000821?xsec_token_redacted=1&xsec_source=pc_dots
https://www.xiaohongshu.com/explore/69cf9ef0000000001f0066b4?xsec_token_redacted=1&xsec_source=pc_dots
https://www.xiaohongshu.com/explore/65a228d2000000001a02a44c?xsec_token_redacted=1&xsec_source=pc_dots",本表只含现库未命中、固定实体、且引用小红书正文直接命名的新增候选；不等于已完成Google事实核验
北碧府,餐饮美食,Sai Yok Punchan Coffee,Sai Yok Punchan Coffee Kanchanaburi,丛林树屋咖啡馆,树冠中,1,🌿【北碧府：泰国的隐世治愈系秘境】🌿,https://www.xiaohongshu.com/explore/68b961df000000001b021544?xsec_token_redacted=1&xsec_source=pc_dots,本表只含现库未命中、固定实体、且引用小红书正文直接命名的新增候选；不等于已完成Google事实核验
北碧府,餐饮美食,The Curve,The Curve Kanchanaburi,景观咖啡馆,死亡铁路附近,1,北碧府的两家宝藏咖啡馆,https://www.xiaohongshu.com/explore/6a5317a9000000000803f38c?xsec_token_redacted=1&xsec_source=pc_dots,本表只含现库未命中、固定实体、且引用小红书正文直接命名的新增候选；不等于已完成Google事实核验
北碧府,餐饮美食,The Village Farm To Café,The Village Farm To Café Kanchanaburi,玻璃屋餐厅,桂河死亡大桥附近,1,去泰国🇹🇭北碧府不能错过的一家漂亮饭,https://www.xiaohongshu.com/explore/6a73e60f0000000012010fa4?xsec_token_redacted=1&xsec_source=pc_dots,本表只含现库未命中、固定实体、且引用小红书正文直接命名的新增候选；不等于已完成Google事实核验
北碧府,餐饮美食,ร้านต้นประดู่&หมูกะทะ กาญจนบุรี,Ton Pradu & Moo Krata Kanchanaburi,猪锅餐厅,市区,1,北碧府：泰国的宁静绿洲,https://www.xiaohongshu.com/explore/69046ffe0000000004000821?xsec_token_redacted=1&xsec_source=pc_dots,本表只含现库未命中、固定实体、且引用小红书正文直接命名的新增候选；不等于已完成Google事实核验
北碧府,购物商业,桂河夜市,Kwai River Night Market,夜市,桂河大桥附近,1,北碧府：泰国的宁静绿洲,https://www.xiaohongshu.com/explore/69046ffe0000000004000821?xsec_token_redacted=1&xsec_source=pc_dots,本表只含现库未命中、固定实体、且引用小红书正文直接命名的新增候选；不等于已完成Google事实核验
北碧府,购物商业,桑卡武里县夜市,Sangkhla Buri Walking Street,夜市,孟族村附近,1,全网首发，泰国北碧府3天2夜自助游攻略,https://www.xiaohongshu.com/explore/6852ada4000000002400ed0f?xsec_token_redacted=1&xsec_source=pc_dots,本表只含现库未命中、固定实体、且引用小红书正文直接命名的新增候选；不等于已完成Google事实核验
北碧府,购物商业,JJ火车夜市,JJ Night Market Kanchanaburi,夜市,火车站附近,2,"北碧府3天2晚！桂河大桥、爱侣瀑布、死亡铁路一站打卡
	
这是原先打算走的行程，
🇹🇭北碧府四天三夜背包旅行攻略—P1","https://www.xiaohongshu.com/explore/6a510fbf0000000017008e06?xsec_token_redacted=1&xsec_source=pc_dots
https://www.xiaohongshu.com/explore/67e40184000000001d018e56?xsec_token_redacted=1&xsec_source=pc_dots",本表只含现库未命中、固定实体、且引用小红书正文直接命名的新增候选；不等于已完成Google事实核验
北碧府,交通服务,北碧府汽车站,Kanchanaburi Transportation,巴士站,市区,1,全网首发，泰国北碧府3天2夜自助游攻略,https://www.xiaohongshu.com/explore/6852ada4000000002400ed0f?xsec_token_redacted=1&xsec_source=pc_dots,本表只含现库未命中、固定实体、且引用小红书正文直接命名的新增候选；不等于已完成Google事实核验
北碧府,交通服务,北碧火车站,Kanchanaburi Station,火车站,市区,1,🇹🇭北碧府四天三夜背包旅行攻略—P1,https://www.xiaohongshu.com/explore/67e40184000000001d018e56?xsec_token_redacted=1&xsec_source=pc_dots,本表只含现库未命中、固定实体、且引用小红书正文直接命名的新增候选；不等于已完成Google事实核验
北碧府,交通服务,桂河大桥站,Saphan Kwae Yai Station,火车站,桂河大桥旁,1,北碧府tips,https://www.xiaohongshu.com/explore/6a843ae000000000250002fa?xsec_token_redacted=1&xsec_source=pc_dots,本表只含现库未命中、固定实体、且引用小红书正文直接命名的新增候选；不等于已完成Google事实核验
北碧府,交通服务,甲赛站,Tham Krasae Station,火车站,死亡铁路悬崖段,1,花200泰铢，坐上泰国最美铁路！,https://www.xiaohongshu.com/explore/6a648900000000000100f5bc?xsec_token_redacted=1&xsec_source=pc_dots,本表只含现库未命中、固定实体、且引用小红书正文直接命名的新增候选；不等于已完成Google事实核验
北碧府,交通服务,曼谷南部巴士总站,Sai Tai Mai Bus Terminal,巴士站,吞武里区,1,"北碧府3天2晚！桂河大桥、爱侣瀑布、死亡铁路一站打卡
	
这是原先打算走的行程，",https://www.xiaohongshu.com/explore/6a510fbf0000000017008e06?xsec_token_redacted=1&xsec_source=pc_dots,本表只含现库未命中、固定实体、且引用小红书正文直接命名的新增候选；不等于已完成Google事实核验
北碧府,交通服务,桑卡武里县汽车站,Sangkhla Buri Minibus Terminal,巴士站,孟族村附近,1,全网首发，泰国北碧府3天2夜自助游攻略,https://www.xiaohongshu.com/explore/6852ada4000000002400ed0f?xsec_token_redacted=1&xsec_source=pc_dots,本表只含现库未命中、固定实体、且引用小红书正文直接命名的新增候选；不等于已完成Google事实核验
北碧府,交通服务,Wang Pho火车站,Wang Pho Station,火车站,孟族村附近,1,全网首发，泰国北碧府3天2夜自助游攻略,https://www.xiaohongshu.com/explore/6852ada4000000002400ed0f?xsec_token_redacted=1&xsec_source=pc_dots,本表只含现库未命中、固定实体、且引用小红书正文直接命名的新增候选；不等于已完成Google事实核验
北碧府,景点观光,茉莉之城,Mallika R.E 124 เมืองมัลลิกา,复古主题公园,市区外,2,"北碧府tips
曼谷出发🚗2.5h 打卡这座小众宝藏小城","https://www.xiaohongshu.com/explore/6a843ae000000000250002fa?xsec_token_redacted=1&xsec_source=pc_dots
https://www.xiaohongshu.com/explore/65aa6faa000000002d030535?xsec_token_redacted=1&xsec_source=pc_dots",本表只含现库未命中、固定实体、且引用小红书正文直接命名的新增候选；不等于已完成Google事实核验
北碧府,景点观光,Skywalk Kanchanaburi City,Skywalk Kanchanaburi City,玻璃栈道观景台,市区,1,"北碧府3天2晚！桂河大桥、爱侣瀑布、死亡铁路一站打卡
	
这是原先打算走的行程，",https://www.xiaohongshu.com/explore/6a510fbf0000000017008e06?xsec_token_redacted=1&xsec_source=pc_dots,本表只含现库未命中、固定实体、且引用小红书正文直接命名的新增候选；不等于已完成Google事实核验
北碧府,住宿酒店,北碧府纳提河滨酒店,Natee The Riverfront Hotel Kanchanaburi,河景酒店,桂河大桥附近,1,北碧府酒店3家 人均200,https://www.xiaohongshu.com/explore/66e3080500000000250339f8?xsec_token_redacted=1&xsec_source=pc_dots,本表只含现库未命中、固定实体、且引用小红书正文直接命名的新增候选；不等于已完成Google事实核验
北碧府,住宿酒店,Binlha Raft Resort,Binlha Raft Resort Kanchanaburi,水屋民宿,桂河上,1,北碧府酒店3家 人均200,https://www.xiaohongshu.com/explore/66e3080500000000250339f8?xsec_token_redacted=1&xsec_source=pc_dots,本表只含现库未命中、固定实体、且引用小红书正文直接命名的新增候选；不等于已完成Google事实核验
北碧府,住宿酒店,Contemporary Villas Floating on River Kwai,Contemporary Villas Floating on River Kwai,高端水上别墅,桂河上,1,曼谷出发🚗2.5h 打卡这座小众宝藏小城,https://www.xiaohongshu.com/explore/65aa6faa000000002d030535?xsec_token_redacted=1&xsec_source=pc_dots,本表只含现库未命中、固定实体、且引用小红书正文直接命名的新增候选；不等于已完成Google事实核验
北碧府,住宿酒店,Cross River Kwai X2,Cross River Kwai X2 Kanchanaburi,高端漂浮酒店,桂河中段,1,泰国旅游攻略 之 北碧府住宿,https://www.xiaohongshu.com/explore/63b5a991000000001c0379fe?xsec_token_redacted=1&xsec_source=pc_dots,本表只含现库未命中、固定实体、且引用小红书正文直接命名的新增候选；不等于已完成Google事实核验
北碧府,住宿酒店,Good Times Resort,Good Times Resort Kanchanaburi,市区酒店,桂河大桥附近,1,北碧府2天1夜佛系3人自由行（交通篇）,https://www.xiaohongshu.com/explore/6690000f0000000025004480?xsec_token_redacted=1&xsec_source=pc_dots,本表只含现库未命中、固定实体、且引用小红书正文直接命名的新增候选；不等于已完成Google事实核验
北碧府,住宿酒店,Kanchanaburi City Hotel,Kanchanaburi City Hotel,市区酒店,汽车站旁,1,北碧府tips,https://www.xiaohongshu.com/explore/6a843ae000000000250002fa?xsec_token_redacted=1&xsec_source=pc_dots,本表只含现库未命中、固定实体、且引用小红书正文直接命名的新增候选；不等于已完成Google事实核验
北碧府,住宿酒店,No.9 Hostel Kanchanaburi,No.9 Hostel Kanchanaburi,青旅,市区,1,🇹🇭北碧府四天三夜背包旅行攻略—P1,https://www.xiaohongshu.com/explore/67e40184000000001d018e56?xsec_token_redacted=1&xsec_source=pc_dots,本表只含现库未命中、固定实体、且引用小红书正文直接命名的新增候选；不等于已完成Google事实核验
北碧府,住宿酒店,River Kwai Jungle Rafts Floating Hotel,River Kwai Jungle Rafts Floating Hotel,原生态水屋,桂河上游,3,"泰国值得去之北碧府（1）
恐怖体验：泰国朋友直呼下次不来了
泰国亲子游｜坐船入住北碧府超Chill的民宿","https://www.xiaohongshu.com/explore/65a228d2000000001a02a44c?xsec_token_redacted=1&xsec_source=pc_dots
https://www.xiaohongshu.com/explore/66161888000000001a00f72d?xsec_token_redacted=1&xsec_source=pc_dots
https://www.xiaohongshu.com/explore/67a20c48000000001800d914?xsec_token_redacted=1&xsec_source=pc_dots",本表只含现库未命中、固定实体、且引用小红书正文直接命名的新增候选；不等于已完成Google事实核验
北碧府,住宿酒店,River Kwai Resotel,River Kwai Resotel Kanchanaburi,连锁度假村,桂河上游,2,"北碧府酒店3家 人均200
泰国亲子游｜坐船入住北碧府超Chill的民宿","https://www.xiaohongshu.com/explore/66e3080500000000250339f8?xsec_token_redacted=1&xsec_source=pc_dots
https://www.xiaohongshu.com/explore/67a20c48000000001800d914?xsec_token_redacted=1&xsec_source=pc_dots",本表只含现库未命中、固定实体、且引用小红书正文直接命名的新增候选；不等于已完成Google事实核验
北碧府,住宿酒店,River Life Resort,River Life Resort Kanchanaburi,河滨度假村,桂河沿岸,1,🇹🇭北碧府避世河滨悠闲周末住宿篇,https://www.xiaohongshu.com/explore/66a1ab3300000000270126b1?xsec_token_redacted=1&xsec_source=pc_dots,本表只含现库未命中、固定实体、且引用小红书正文直接命名的新增候选；不等于已完成Google事实核验
北碧府,住宿酒店,V1 Boutique Hotel Kanchanaburi,V1 Boutique Hotel Kanchanaburi,精品酒店,汽车站旁,1,全网首发，泰国北碧府3天2夜自助游攻略,https://www.xiaohongshu.com/explore/6852ada4000000002400ed0f?xsec_token_redacted=1&xsec_source=pc_dots,本表只含现库未命中、固定实体、且引用小红书正文直接命名的新增候选；不等于已完成Google事实核验
呵叻府,餐饮美食,Bucolic Khao Yai,Bucolic Khaoyai,咖啡馆/牧场,北冲县,3,"泰国小瑞士！考艾3天2夜自驾之旅
五一不知道去哪？那你应该看看泰国巴冲
考艾4天3晚攻略～ （下篇）","https://www.xiaohongshu.com/explore/6a509ae8000000002201b49f?xsec_token_redacted=1&xsec_source=pc_dots
https://www.xiaohongshu.com/explore/69b97d18000000001d019312?xsec_token_redacted=1&xsec_source=pc_dots
https://www.xiaohongshu.com/explore/6995f441000000000a03f007?xsec_token_redacted=1&xsec_source=pc_dots",本表只含现库未命中、固定实体、且引用小红书正文直接命名的新增候选；不等于已完成Google事实核验
呵叻府,餐饮美食,Cook & Coff @Khlong Phai,Cook & Coff @Khlong Phai,餐厅/咖啡馆,北冲县,1,考艾｜可以眺望水库的泰北料理餐厅,https://www.xiaohongshu.com/explore/69b6aa41000000002102fd2a?xsec_token_redacted=1&xsec_source=pc_dots,本表只含现库未命中、固定实体、且引用小红书正文直接命名的新增候选；不等于已完成Google事实核验
呵叻府,餐饮美食,Dairy Home,Dairy Home Khao Yai,餐厅/甜品店,北冲县,1,泰国考艾亲子攻略｜自然×农场×美食一次满足,https://www.xiaohongshu.com/explore/695cb06f000000001a023951?xsec_token_redacted=1&xsec_source=pc_dots,本表只含现库未命中、固定实体、且引用小红书正文直接命名的新增候选；不等于已完成Google事实核验
呵叻府,餐饮美食,Khao Yai Tree House,Khao Yai Tree House,餐厅与本地美食,北冲县,1,五一不知道去哪？那你应该看看泰国巴冲,https://www.xiaohongshu.com/explore/69b97d18000000001d019312?xsec_token_redacted=1&xsec_source=pc_dots,本表只含现库未命中、固定实体、且引用小红书正文直接命名的新增候选；不等于已完成Google事实核验
呵叻府,餐饮美食,LAMAYA KHAOYAI,LAMAYA KHAOYAI,餐厅与本地美食,北冲县,1,泰国考艾亲子攻略｜自然×农场×美食一次满足,https://www.xiaohongshu.com/explore/695cb06f000000001a023951?xsec_token_redacted=1&xsec_source=pc_dots,本表只含现库未命中、固定实体、且引用小红书正文直接命名的新增候选；不等于已完成Google事实核验
呵叻府,餐饮美食,Midwinter Green,Midwinter Green Khao Yai,咖啡馆/餐厅,北冲县,1,假装在意大利！曼谷2h直达的“小欧洲”,https://www.xiaohongshu.com/explore/6a043382000000000702b54f?xsec_token_redacted=1&xsec_source=pc_dots,本表只含现库未命中、固定实体、且引用小红书正文直接命名的新增候选；不等于已完成Google事实核验
呵叻府,餐饮美食,Ribs Mannn,Ribs Mannn,餐厅与本地美食,北冲县,1,五一不知道去哪？那你应该看看泰国巴冲,https://www.xiaohongshu.com/explore/69b97d18000000001d019312?xsec_token_redacted=1&xsec_source=pc_dots,本表只含现库未命中、固定实体、且引用小红书正文直接命名的新增候选；不等于已完成Google事实核验
呵叻府,餐饮美食,SAAN Cafe Khaoyai,SAAN Cafe Khaoyai / สานคาเฟ่,咖啡馆,北冲县,1,SAAN Cafe Khaoyai สานคาเฟ่ ｜ 考艾咖啡馆,https://www.xiaohongshu.com/explore/69096a82000000000402afc1?xsec_token_redacted=1&xsec_source=pc_dots,本表只含现库未命中、固定实体、且引用小红书正文直接命名的新增候选；不等于已完成Google事实核验
呵叻府,餐饮美食,Serina Italian Restaurant,Serina Italian Restaurant,国际风味餐厅,北冲县,1,Khao Yai｜泰国考艾7个宝藏景点+餐厅+住宿,https://www.xiaohongshu.com/explore/6a7dcfc5000000000c003001?xsec_token_redacted=1&xsec_source=pc_dots,本表只含现库未命中、固定实体、且引用小红书正文直接命名的新增候选；不等于已完成Google事实核验
呵叻府,餐饮美食,The Chocolate Factory,The Chocolate Factory Khao Yai,咖啡馆/甜品店,北冲县,1,假装在意大利！曼谷2h直达的“小欧洲”,https://www.xiaohongshu.com/explore/6a043382000000000702b54f?xsec_token_redacted=1&xsec_source=pc_dots,本表只含现库未命中、固定实体、且引用小红书正文直接命名的新增候选；不等于已完成Google事实核验
呵叻府,餐饮美食,Trot Cafe Khaoyai,Trot Cafe Khaoyai,咖啡馆,北冲县,3,"考艾两天旅游攻略
泰国小瑞士！考艾3天2夜自驾之旅
泰国考艾亲子攻略｜自然×农场×美食一次满足","https://www.xiaohongshu.com/explore/6a6ddcec0000000024025804?xsec_token_redacted=1&xsec_source=pc_dots
https://www.xiaohongshu.com/explore/6a509ae8000000002201b49f?xsec_token_redacted=1&xsec_source=pc_dots
https://www.xiaohongshu.com/explore/695cb06f000000001a023951?xsec_token_redacted=1&xsec_source=pc_dots",本表只含现库未命中、固定实体、且引用小红书正文直接命名的新增候选；不等于已完成Google事实核验
呵叻府,餐饮美食,Within Khao Yai,Within Khao Yai,咖啡馆,北冲县,1,周末逃离曼谷|🐑130km直达“瑞士牧场“,https://www.xiaohongshu.com/explore/69cb970f000000001b021dcc?xsec_token_redacted=1&xsec_source=pc_dots,本表只含现库未命中、固定实体、且引用小红书正文直接命名的新增候选；不等于已完成Google事实核验
呵叻府,餐饮美食,Yellow Submarine Coffee Tank,Yellow Submarine Coffee Tank,咖啡馆,北冲县,1,审美提升｜100家设计师私藏咖啡馆・考艾,https://www.xiaohongshu.com/explore/69705511000000000a029134?xsec_token_redacted=1&xsec_source=pc_dots,本表只含现库未命中、固定实体、且引用小红书正文直接命名的新增候选；不等于已完成Google事实核验
呵叻府,餐饮美食,Yungkhaow Khao Yai,Yungkhaow Khao Yai / ยุ้งข้าว เขาใหญ่,餐厅与本地美食,北冲县,3,"考艾国家公园｜傍晚徒步看到公牛喝水
泰国小瑞士！考艾3天2夜自驾之旅
来到考艾（Khao Yai），必吃米其林！","https://www.xiaohongshu.com/explore/6a6b1cc00000000032032db6?xsec_token_redacted=1&xsec_source=pc_dots
https://www.xiaohongshu.com/explore/6a509ae8000000002201b49f?xsec_token_redacted=1&xsec_source=pc_dots
https://www.xiaohongshu.com/explore/69745684000000002103dad3?xsec_token_redacted=1&xsec_source=pc_dots",本表只含现库未命中、固定实体、且引用小红书正文直接命名的新增候选；不等于已完成Google事实核验
呵叻府,交通服务,呵叻火车站,Nakhon Ratchasima Railway Station,交通节点,呵叻市区,1,素林出发披迈石宫，值得一去吗？,https://www.xiaohongshu.com/explore/6644752f000000001e033103?xsec_token_redacted=1&xsec_source=pc_dots,本表只含现库未命中、固定实体、且引用小红书正文直接命名的新增候选；不等于已完成Google事实核验
呵叻府,休闲娱乐,促猜农场,Farm Chokchai / ฟาร์มโชคชัย,亲子乐园与动物体验,北冲县,6,"泰国考艾亲子攻略｜自然×农场×美食一次满足
Khao Yai｜泰国考艾7个宝藏景点+餐厅+住宿
泰国🇹🇭考艾 3天2晚自由行攻略
曼谷出发2.5h🚗考艾促猜农场🐏
🇹🇭考艾-曼谷周边一日往返农场遛娃🐑🐄","https://www.xiaohongshu.com/explore/695cb06f000000001a023951?xsec_token_redacted=1&xsec_source=pc_dots
https://www.xiaohongshu.com/explore/6a7dcfc5000000000c003001?xsec_token_redacted=1&xsec_source=pc_dots
https://www.xiaohongshu.com/explore/6985c506000000000d00a373?xsec_token_redacted=1&xsec_source=pc_dots
https://www.xiaohongshu.com/explore/6a92e46f000000002903ccb4?xsec_token_redacted=1&xsec_source=pc_dots
https://www.xiaohongshu.com/explore/692dd4ee000000001e0358f2?xsec_token_redacted=1&xsec_source=pc_dots",本表只含现库未命中、固定实体、且引用小红书正文直接命名的新增候选；不等于已完成Google事实核验
呵叻府,景点观光,考艾国家公园北门入口,Khao Yai National Park Checkpoint - Pak Chong,国家公园入口,北大门,2,"泰国考艾国家公园 移动风景线之公路
泰国考艾国家公园两天一夜自驾行程攻略","https://www.xiaohongshu.com/explore/68b5adfe000000001b03c787?xsec_token_redacted=1&xsec_source=pc_dots
https://www.xiaohongshu.com/explore/6a1934430000000036001d5d?xsec_token_redacted=1&xsec_source=pc_dots",本表只含现库未命中、固定实体、且引用小红书正文直接命名的新增候选；不等于已完成Google事实核验
呵叻府,景点观光,考艾国家公园南门入口,Khao Yai National Park Checkpoint (Prachinburi Side),国家公园入口,南大门,2,"泰国考艾国家公园 移动风景线之公路
泰国考艾国家公园两天一夜自驾行程攻略","https://www.xiaohongshu.com/explore/68b5adfe000000001b03c787?xsec_token_redacted=1&xsec_source=pc_dots
https://www.xiaohongshu.com/explore/6a1934430000000036001d5d?xsec_token_redacted=1&xsec_source=pc_dots",本表只含现库未命中、固定实体、且引用小红书正文直接命名的新增候选；不等于已完成Google事实核验
呵叻府,公共服务机构,考艾国家公园游客中心,Khao Yai National Park Visitor Center,公共服务与文化机构,公园内部,2,"0难度新手必看考艾国家森林公园懒人路线
考艾国家公园😏","https://www.xiaohongshu.com/explore/67f39299000000000900fcba?xsec_token_redacted=1&xsec_source=pc_dots
https://www.xiaohongshu.com/explore/6a1270d800000000060361ec?xsec_token_redacted=1&xsec_source=pc_dots",本表只含现库未命中、固定实体、且引用小红书正文直接命名的新增候选；不等于已完成Google事实核验
呵叻府,景点观光,披迈石宫,Phimai Historical Park / Prasat Phimai,历史遗迹,披迈县,8,"泰国也有“吴哥窟”→泰国最大高棉圣殿
披迈石宫｜泰国藏着一座高棉文明遗珠
当我坐火车从曼谷一路向东北
碧邁遺跡公園Phimai Historical Park呵叻府
呵叻| 跨越国界的文明—披迈石宫","https://www.xiaohongshu.com/explore/6a928688000000002903dbbc?xsec_token_redacted=1&xsec_source=pc_dots
https://www.xiaohongshu.com/explore/6a2f1a7f0000000016027208?xsec_token_redacted=1&xsec_source=pc_dots
https://www.xiaohongshu.com/explore/69b4e6a6000000001a036776?xsec_token_redacted=1&xsec_source=pc_dots
https://www.xiaohongshu.com/explore/66c85df9000000001f03af0f?xsec_token_redacted=1&xsec_source=pc_dots
https://www.xiaohongshu.com/explore/6a32ac9700000000160264c1?xsec_token_redacted=1&xsec_source=pc_dots",本表只含现库未命中、固定实体、且引用小红书正文直接命名的新增候选；不等于已完成Google事实核验
呵叻府,景点观光,Art Forrest,Art Forrest Khao Yai,主题园区,北冲县,1,周末逃离曼谷|🐑130km直达“瑞士牧场“,https://www.xiaohongshu.com/explore/69cb970f000000001b021dcc?xsec_token_redacted=1&xsec_source=pc_dots,本表只含现库未命中、固定实体、且引用小红书正文直接命名的新增候选；不等于已完成Google事实核验
呵叻府,景点观光,Ban Tha Chang Spring,Ban Tha Chang Spring,自然景点,北冲县,1,五一不知道去哪？那你应该看看泰国巴冲,https://www.xiaohongshu.com/explore/69b97d18000000001d019312?xsec_token_redacted=1&xsec_source=pc_dots,本表只含现库未命中、固定实体、且引用小红书正文直接命名的新增候选；不等于已完成Google事实核验
呵叻府,景点观光,GranMonte酒庄,GranMonte Vineyard and Winery,葡萄园/酒庄,北冲县,2,"泰国小瑞士！考艾3天2夜自驾之旅
泰国🇹🇭考艾 3天2晚自由行攻略","https://www.xiaohongshu.com/explore/6a509ae8000000002201b49f?xsec_token_redacted=1&xsec_source=pc_dots
https://www.xiaohongshu.com/explore/6985c506000000000d00a373?xsec_token_redacted=1&xsec_source=pc_dots",本表只含现库未命中、固定实体、且引用小红书正文直接命名的新增候选；不等于已完成Google事实核验
呵叻府,景点观光,Haew Su Wat Waterfall,Haew Su Wat Waterfall,瀑布,考艾国家公园内,1,泰国考艾国家公园两天一夜自驾行程攻略,https://www.xiaohongshu.com/explore/6a1934430000000036001d5d?xsec_token_redacted=1&xsec_source=pc_dots,本表只含现库未命中、固定实体、且引用小红书正文直接命名的新增候选；不等于已完成Google事实核验
呵叻府,景点观光,Kong Kaew瀑布,Kong Kaew Waterfall,瀑布,考艾国家公园内,1,0难度新手必看考艾国家森林公园懒人路线,https://www.xiaohongshu.com/explore/67f39299000000000900fcba?xsec_token_redacted=1&xsec_source=pc_dots,本表只含现库未命中、固定实体、且引用小红书正文直接命名的新增候选；不等于已完成Google事实核验
呵叻府,景点观光,Palio Khao Yai,Palio Khao Yai,主题园区,北冲县,1,五一不知道去哪？那你应该看看泰国巴冲,https://www.xiaohongshu.com/explore/69b97d18000000001d019312?xsec_token_redacted=1&xsec_source=pc_dots,本表只含现库未命中、固定实体、且引用小红书正文直接命名的新增候选；不等于已完成Google事实核验
呵叻府,景点观光,PB Valley葡萄酒庄,PB Valley Khao Yai Winery,葡萄园/酒庄,北冲县,3,"假装在意大利！曼谷2h直达的“小欧洲”
考艾爆火的PB Valley 葡萄酒庄园实测
旅游 Vlog｜泰国·参观葡萄酒庄🍷","https://www.xiaohongshu.com/explore/6a043382000000000702b54f?xsec_token_redacted=1&xsec_source=pc_dots
https://www.xiaohongshu.com/explore/6a505d62000000001102f940?xsec_token_redacted=1&xsec_source=pc_dots
https://www.xiaohongshu.com/explore/6a0ee0300000000007020be1?xsec_token_redacted=1&xsec_source=pc_dots",本表只含现库未命中、固定实体、且引用小红书正文直接命名的新增候选；不等于已完成Google事实核验
呵叻府,景点观光,Pha Diao Dai Cliff,Pha Diao Dai Cliff,观景点,考艾国家公园内,1,泰国考艾国家公园两天一夜自驾行程攻略,https://www.xiaohongshu.com/explore/6a1934430000000036001d5d?xsec_token_redacted=1&xsec_source=pc_dots,本表只含现库未命中、固定实体、且引用小红书正文直接命名的新增候选；不等于已完成Google事实核验
呵叻府,景点观光,Pha Trom Jai Viewpoint,Pha Trom Jai Viewpoint,观景点,考艾国家公园内,1,泰国考艾国家公园两天一夜自驾行程攻略,https://www.xiaohongshu.com/explore/6a1934430000000036001d5d?xsec_token_redacted=1&xsec_source=pc_dots,本表只含现库未命中、固定实体、且引用小红书正文直接命名的新增候选；不等于已完成Google事实核验
呵叻府,景点观光,Primo Piazza,Primo Piazza Khao Yai,主题园区,北冲县,4,"假装在意大利！曼谷2h直达的“小欧洲”
泰国考艾亲子攻略｜自然×农场×美食一次满足
泰国🇹🇭考艾 3天2晚自由行攻略
五一不知道去哪？那你应该看看泰国巴冲","https://www.xiaohongshu.com/explore/6a043382000000000702b54f?xsec_token_redacted=1&xsec_source=pc_dots
https://www.xiaohongshu.com/explore/695cb06f000000001a023951?xsec_token_redacted=1&xsec_source=pc_dots
https://www.xiaohongshu.com/explore/6985c506000000000d00a373?xsec_token_redacted=1&xsec_source=pc_dots
https://www.xiaohongshu.com/explore/69b97d18000000001d019312?xsec_token_redacted=1&xsec_source=pc_dots",本表只含现库未命中、固定实体、且引用小红书正文直接命名的新增候选；不等于已完成Google事实核验
呵叻府,休闲娱乐,Sweet&Green Farm,Sweet&Green Farm,亲子乐园与动物体验,北冲县,1,泰国考艾亲子攻略｜自然×农场×美食一次满足,https://www.xiaohongshu.com/explore/695cb06f000000001a023951?xsec_token_redacted=1&xsec_source=pc_dots,本表只含现库未命中、固定实体、且引用小红书正文直接命名的新增候选；不等于已完成Google事实核验
呵叻府,景点观光,The Bloom,The Bloom Khao Yai,主题园区,北冲县,1,假装在意大利！曼谷2h直达的“小欧洲”,https://www.xiaohongshu.com/explore/6a043382000000000702b54f?xsec_token_redacted=1&xsec_source=pc_dots,本表只含现库未命中、固定实体、且引用小红书正文直接命名的新增候选；不等于已完成Google事实核验
呵叻府,休闲娱乐,Thongsomboon Club,Thongsomboon Club,户外乐园,北冲县,1,📷泰国宝藏打卡地Vol.14——Thongsomboonclub,https://www.xiaohongshu.com/explore/64df4146000000001201b90c?xsec_token_redacted=1&xsec_source=pc_dots,本表只含现库未命中、固定实体、且引用小红书正文直接命名的新增候选；不等于已完成Google事实核验
呵叻府,住宿酒店,考艾瑞享度假村,Mövenpick Resort Khao Yai,酒店/度假村,北冲县,1,曼谷周边 我愿意再去10⁸次的城堡酒店,https://www.xiaohongshu.com/explore/6a854248000000003400ddb0?xsec_token_redacted=1&xsec_source=pc_dots,本表只含现库未命中、固定实体、且引用小红书正文直接命名的新增候选；不等于已完成Google事实核验
呵叻府,住宿酒店,考艾洲际度假村,InterContinental Khao Yai Resort,酒店/度假村,北冲县,1,"泰国还能这样玩！🚄考艾洲际度假村🦢
从曼谷往东北开车约3小时，考艾国家公园入",https://www.xiaohongshu.com/explore/6a4d1d4d000000000702cd86?xsec_token_redacted=1&xsec_source=pc_dots,本表只含现库未命中、固定实体、且引用小红书正文直接命名的新增候选；不等于已完成Google事实核验
呵叻府,住宿酒店,Lam Ta Khong Campground,Lam Ta Khong Campground,露营地,考艾国家公园内,1,泰国考艾国家公园两天一夜自驾行程攻略,https://www.xiaohongshu.com/explore/6a1934430000000036001d5d?xsec_token_redacted=1&xsec_source=pc_dots,本表只含现库未命中、固定实体、且引用小红书正文直接命名的新增候选；不等于已完成Google事实核验
呵叻府,住宿酒店,Marasca Khao Yai,Marasca Khao Yai,酒店/度假村,北冲县,1,【考艾】曼谷北山野奢秘境Marasca,https://www.xiaohongshu.com/explore/67f29741000000001202e894?xsec_token_redacted=1&xsec_source=pc_dots,本表只含现库未命中、固定实体、且引用小红书正文直接命名的新增候选；不等于已完成Google事实核验
呵叻府,住宿酒店,Thames Valley Khao Yai,Thames Valley Khao Yai Hotel,酒店/度假村,北冲县,2,"「这不是英国，是泰国考艾！🇬🇧」
泰国小瑞士！考艾3天2夜自驾之旅","https://www.xiaohongshu.com/explore/6a8d9c6200000000370364e0?xsec_token_redacted=1&xsec_source=pc_dots
https://www.xiaohongshu.com/explore/6a509ae8000000002201b49f?xsec_token_redacted=1&xsec_source=pc_dots",本表只含现库未命中、固定实体、且引用小红书正文直接命名的新增候选；不等于已完成Google事实核验
呵叻府,住宿酒店,The Hidden Village Khao Yai,The Hidden Village Khao Yai,酒店/度假村,北冲县,1,泰国🇹🇭考艾 3天2晚自由行攻略,https://www.xiaohongshu.com/explore/6985c506000000000d00a373?xsec_token_redacted=1&xsec_source=pc_dots,本表只含现库未命中、固定实体、且引用小红书正文直接命名的新增候选；不等于已完成Google事实核验
呵叻府,住宿酒店,U Khao Yai Resort,U Khao Yai Resort,酒店/度假村,北冲县,1,旅游 Vlog｜泰国·参观葡萄酒庄🍷,https://www.xiaohongshu.com/explore/6a0ee0300000000007020be1?xsec_token_redacted=1&xsec_source=pc_dots,本表只含现库未命中、固定实体、且引用小红书正文直接命名的新增候选；不等于已完成Google事实核验
呵叻府,住宿酒店,Zennext Khaoyai,Zennext Khaoyai,酒店/度假村,北冲县,1,Khao Yai｜泰国考艾7个宝藏景点+餐厅+住宿,https://www.xiaohongshu.com/explore/6a7dcfc5000000000c003001?xsec_token_redacted=1&xsec_source=pc_dots,本表只含现库未命中、固定实体、且引用小红书正文直接命名的新增候选；不等于已完成Google事实核验
攀牙府,餐饮美食,Adaman Restaurant,阿达曼餐厅,海鲜大排档,海滩边,1,10-万豪考拉adaman restaurant,https://www.xiaohongshu.com/explore/6a630d05000000000101cdd6?xsec_token_redacted=1&xsec_source=pc_dots,本表只含现库未命中、固定实体、且引用小红书正文直接命名的新增候选；不等于已完成Google事实核验
攀牙府,餐饮美食,Bamboo Pool Bar,竹泳池吧,泳池酒吧,Le Méridien酒店,1,泰国考拉美食全攻略🍴全天候度假味觉之旅,https://www.xiaohongshu.com/explore/691486240000000005031bfb?xsec_token_redacted=1&xsec_source=pc_dots,本表只含现库未命中、固定实体、且引用小红书正文直接命名的新增候选；不等于已完成Google事实核验
攀牙府,餐饮美食,Ban Khao Lak Seafood,班考拉海鲜餐厅,湖景海鲜,kao kao kao湖边,1,🇹🇭考拉•一家湖景餐厅,https://www.xiaohongshu.com/explore/698b3d9d000000001b0152ef?xsec_token_redacted=1&xsec_source=pc_dots,本表只含现库未命中、固定实体、且引用小红书正文直接命名的新增候选；不等于已完成Google事实核验
攀牙府,餐饮美食,Beach Grill & Bar,海滨烧烤餐厅,海鲜烧烤,Le Méridien酒店内,2,"没有遗憾的普吉岛之旅从选对酒店开始
泰国考拉美食全攻略🍴全天候度假味觉之旅","https://www.xiaohongshu.com/explore/6a2ea71c000000003501f288?xsec_token_redacted=1&xsec_source=pc_dots
https://www.xiaohongshu.com/explore/691486240000000005031bfb?xsec_token_redacted=1&xsec_source=pc_dots",本表只含现库未命中、固定实体、且引用小红书正文直接命名的新增候选；不等于已完成Google事实核验
攀牙府,餐饮美食,Boonta by the Beach,邦塔海滩咖啡馆,玻璃房咖啡馆,海边,1,"（Phang-nga攀牙湾）Boonta by the Beach🌵
地址：9",https://www.xiaohongshu.com/explore/64d67388000000000c035e2e?xsec_token_redacted=1&xsec_source=pc_dots,本表只含现库未命中、固定实体、且引用小红书正文直接命名的新增候选；不等于已完成Google事实核验
攀牙府,餐饮美食,Coconut Jo's,椰子乔海滩酒吧,海滩酒吧,Le Méridien海滩,1,泰国考拉美食全攻略🍴全天候度假味觉之旅,https://www.xiaohongshu.com/explore/691486240000000005031bfb?xsec_token_redacted=1&xsec_source=pc_dots,本表只含现库未命中、固定实体、且引用小红书正文直接命名的新增候选；不等于已完成Google事实核验
攀牙府,餐饮美食,Delicacy Khaolak,美味考拉咖啡馆,巴厘风咖啡馆,Khuekkhak,1,"（KhaoLak考拉）Delicacy Khaolak🌷
地址：4, 12,",https://www.xiaohongshu.com/explore/66ae1fe30000000009017602?xsec_token_redacted=1&xsec_source=pc_dots,本表只含现库未命中、固定实体、且引用小红书正文直接命名的新增候选；不等于已完成Google事实核验
攀牙府,餐饮美食,Gelato 39 Italian Ice Cream,意式冰淇淋店,冰淇淋,邦娘夜市附近,1,考拉兰儒国家公园🏞️徒步路线和邦娘夜市,https://www.xiaohongshu.com/explore/693adc45000000001e028d33?xsec_token_redacted=1&xsec_source=pc_dots,本表只含现库未命中、固定实体、且引用小红书正文直接命名的新增候选；不等于已完成Google事实核验
攀牙府,餐饮美食,Go Pong,高朋餐厅,泰式料理,主街,2,"向全世界安利普吉周边度假小镇—考拉
🌴 普吉岛北边小众宝藏海滨-Khao Lak考拉","https://www.xiaohongshu.com/explore/67d15c99000000001201ea99?xsec_token_redacted=1&xsec_source=pc_dots
https://www.xiaohongshu.com/explore/691989db0000000007035282?xsec_token_redacted=1&xsec_source=pc_dots",本表只含现库未命中、固定实体、且引用小红书正文直接命名的新增候选；不等于已完成Google事实核验
攀牙府,餐饮美食,Gop Phochana,戈普波查纳餐厅,地道泰南菜,渔村,1,攀牙必吃地道泰南菜,https://www.xiaohongshu.com/explore/6a1e85c8000000001002d000?xsec_token_redacted=1&xsec_source=pc_dots,本表只含现库未命中、固定实体、且引用小红书正文直接命名的新增候选；不等于已完成Google事实核验
攀牙府,餐饮美食,KOPI KUAPA Cafe,高巴咖啡,复古咖啡馆,老城区,1,避开人潮｜普吉周边小众目的地推荐！,https://www.xiaohongshu.com/explore/67790b2c000000000900e8e5?xsec_token_redacted=1&xsec_source=pc_dots,本表只含现库未命中、固定实体、且引用小红书正文直接命名的新增候选；不等于已完成Google事实核验
攀牙府,餐饮美食,La Malila Café,拉玛丽拉咖啡馆,咖啡/甜点,小巷,1,純白色建築有實力網美級咖啡廳咖啡烘焙冠軍,https://www.xiaohongshu.com/explore/684e69d90000000012006419?xsec_token_redacted=1&xsec_source=pc_dots,本表只含现库未命中、固定实体、且引用小红书正文直接命名的新增候选；不等于已完成Google事实核验
攀牙府,餐饮美食,Latitude 08,纬度08大堂酒吧,精致酒廊,Le Méridien酒店,1,泰国考拉美食全攻略🍴全天候度假味觉之旅,https://www.xiaohongshu.com/explore/691486240000000005031bfb?xsec_token_redacted=1&xsec_source=pc_dots,本表只含现库未命中、固定实体、且引用小红书正文直接命名的新增候选；不等于已完成Google事实核验
攀牙府,餐饮美食,Le Scoop,乐思酷普,咖啡冰淇淋,Le Méridien酒店,1,泰国考拉美食全攻略🍴全天候度假味觉之旅,https://www.xiaohongshu.com/explore/691486240000000005031bfb?xsec_token_redacted=1&xsec_source=pc_dots,本表只含现库未命中、固定实体、且引用小红书正文直接命名的新增候选；不等于已完成Google事实核验
攀牙府,餐饮美食,Makai Cafe and Space,牧井咖啡馆,日式木屋咖啡馆,小镇街角,2,"📍Makai Cafe and Space｜泰国攀牙府・泰米昂
（Phang-nga攀牙湾）🐋Makai Cafe and Space🪵
地","https://www.xiaohongshu.com/explore/6864bce100000000110038fa?xsec_token_redacted=1&xsec_source=pc_dots
https://www.xiaohongshu.com/explore/6235a7bc000000000102bbc3?xsec_token_redacted=1&xsec_source=pc_dots",本表只含现库未命中、固定实体、且引用小红书正文直接命名的新增候选；不等于已完成Google事实核验
攀牙府,餐饮美食,Mali Restaurant,玛丽餐厅,海鲜,主街,1,🌴 普吉岛北边小众宝藏海滨-Khao Lak考拉,https://www.xiaohongshu.com/explore/691989db0000000007035282?xsec_token_redacted=1&xsec_source=pc_dots,本表只含现库未命中、固定实体、且引用小红书正文直接命名的新增候选；不等于已完成Google事实核验
攀牙府,餐饮美食,Mum Aroi,姆阿罗伊餐厅,海鲜大排档,渔村海边,1,攀牙府渔村里的海鲜小餐馆~普吉岛,https://www.xiaohongshu.com/explore/68a9e40d000000001b033b38?xsec_token_redacted=1&xsec_source=pc_dots,本表只含现库未命中、固定实体、且引用小红书正文直接命名的新增候选；不等于已完成Google事实核验
攀牙府,餐饮美食,Nai Mueang Restaurant,奈孟餐厅,复古泰餐,镇中心,1,避开人潮｜普吉周边小众目的地推荐！,https://www.xiaohongshu.com/explore/67790b2c000000000900e8e5?xsec_token_redacted=1&xsec_source=pc_dots,本表只含现库未命中、固定实体、且引用小红书正文直接命名的新增候选；不等于已完成Google事实核验
攀牙府,餐饮美食,NernKhao View Talay,山顶景观餐厅,泰式料理,Ban Suansin酒店旁,1,人均60元，都给我冲泰国攀牙山顶米其林餐厅,https://www.xiaohongshu.com/explore/63f6052600000000270299a4?xsec_token_redacted=1&xsec_source=pc_dots,本表只含现库未命中、固定实体、且引用小红书正文直接命名的新增候选；不等于已完成Google事实核验
攀牙府,餐饮美食,OLIVE,橄榄意大利餐厅,意式料理,海滩旁,1,落日海景🌅｜考拉海滩私藏餐厅推荐🍴,https://www.xiaohongshu.com/explore/6745a90900000000080056c6?xsec_token_redacted=1&xsec_source=pc_dots,本表只含现库未命中、固定实体、且引用小红书正文直接命名的新增候选；不等于已完成Google事实核验
攀牙府,餐饮美食,Panasia Grill & Bar,帕纳西亚烧烤酒吧,屋顶餐厅,JW万豪6楼,2,"带娃出行，晚餐和按摩依然只属于我们两个人
考拉万豪唯一屋顶餐厅|自烤和牛+落日海景","https://www.xiaohongshu.com/explore/6a7c29960000000022010d8d?xsec_token_redacted=1&xsec_source=pc_dots
https://www.xiaohongshu.com/explore/69c2acdb000000002200e2b3?xsec_token_redacted=1&xsec_source=pc_dots",本表只含现库未命中、固定实体、且引用小红书正文直接命名的新增候选；不等于已完成Google事实核验
攀牙府,餐饮美食,Ruan Thai Kitchen,阮泰厨房,泰式料理,海滩,1,来考拉海滩再不来这家餐厅我真的会…,https://www.xiaohongshu.com/explore/676415dc000000000b00c5ed?xsec_token_redacted=1&xsec_source=pc_dots,本表只含现库未命中、固定实体、且引用小红书正文直接命名的新增候选；不等于已完成Google事实核验
攀牙府,餐饮美食,Takrai Thai Restaurant,塔克莱泰餐厅,正宗泰餐,JW万豪内,1,Takrai Thai Restaurant Khao Lak 泰餐,https://www.xiaohongshu.com/explore/6a5e370b0000000001030ee3?xsec_token_redacted=1&xsec_source=pc_dots,本表只含现库未命中、固定实体、且引用小红书正文直接命名的新增候选；不等于已完成Google事实核验
攀牙府,餐饮美食,The Nest,巢穴餐厅,国际自助,Le Méridien酒店,1,泰国考拉美食全攻略🍴全天候度假味觉之旅,https://www.xiaohongshu.com/explore/691486240000000005031bfb?xsec_token_redacted=1&xsec_source=pc_dots,本表只含现库未命中、固定实体、且引用小红书正文直接命名的新增候选；不等于已完成Google事实核验
攀牙府,餐饮美食,The Pizzeria,披萨店,意式披萨,Le Méridien酒店,2,"考拉（蔻丽）一个泰国最喜欢的宝藏地
泰国考拉美食全攻略🍴全天候度假味觉之旅","https://www.xiaohongshu.com/explore/68f3b6e900000000070083c4?xsec_token_redacted=1&xsec_source=pc_dots
https://www.xiaohongshu.com/explore/691486240000000005031bfb?xsec_token_redacted=1&xsec_source=pc_dots",本表只含现库未命中、固定实体、且引用小红书正文直接命名的新增候选；不等于已完成Google事实核验
攀牙府,餐饮美食,Tiewson,蒂乌森餐厅,泰式料理,镇中心(不靠海),1,考拉（蔻丽）一个泰国最喜欢的宝藏地,https://www.xiaohongshu.com/explore/68f3b6e900000000070083c4?xsec_token_redacted=1&xsec_source=pc_dots,本表只含现库未命中、固定实体、且引用小红书正文直接命名的新增候选；不等于已完成Google事实核验
攀牙府,餐饮美食,Valhalla 咖啡馆,山顶海景咖啡馆,咖啡/简餐,山上,1,Valhalla 咖啡馆,https://www.xiaohongshu.com/explore/683d76b90000000022024cc6?xsec_token_redacted=1&xsec_source=pc_dots,本表只含现库未命中、固定实体、且引用小红书正文直接命名的新增候选；不等于已完成Google事实核验
攀牙府,餐饮美食,Valhalla Tree House,瓦尔哈拉树屋咖啡馆,森林系咖啡馆,山顶,1,拷叻最美森林系咖啡廳~泰國網紅拍照打卡,https://www.xiaohongshu.com/explore/6832da5b00000000120007f0?xsec_token_redacted=1&xsec_source=pc_dots,本表只含现库未命中、固定实体、且引用小红书正文直接命名的新增候选；不等于已完成Google事实核验
攀牙府,购物商业,Nang Thong 夜市,南通夜市,小型夜市,南通区,1,🌴 普吉岛北边小众宝藏海滨-Khao Lak考拉,https://www.xiaohongshu.com/explore/691989db0000000007035282?xsec_token_redacted=1&xsec_source=pc_dots,本表只含现库未命中、固定实体、且引用小红书正文直接命名的新增候选；不等于已完成Google事实核验
攀牙府,交通服务,HinRomPier,欣罗姆码头,长尾船码头,攀牙湾入口,1,攀牙2天纯玩真实体验,https://www.xiaohongshu.com/explore/66e1103e0000000027000e7f?xsec_token_redacted=1&xsec_source=pc_dots,本表只含现库未命中、固定实体、且引用小红书正文直接命名的新增候选；不等于已完成Google事实核验
攀牙府,交通服务,Jian Wanich Pier,建瓦尼奇码头,轮渡码头,返回普吉,1,如何去瑶亚岛（Koh Yao yai）也叫大长岛,https://www.xiaohongshu.com/explore/65c841f0000000000c007228?xsec_token_redacted=1&xsec_source=pc_dots,本表只含现库未命中、固定实体、且引用小红书正文直接命名的新增候选；不等于已完成Google事实核验
攀牙府,交通服务,Laem Hin Pier,莱姆欣码头(皇家码头),轮渡码头,瑶亚岛方向,1,如何去瑶亚岛（Koh Yao yai）也叫大长岛,https://www.xiaohongshu.com/explore/65c841f0000000000c007228?xsec_token_redacted=1&xsec_source=pc_dots,本表只含现库未命中、固定实体、且引用小红书正文直接命名的新增候选；不等于已完成Google事实核验
攀牙府,交通服务,Sarasin Bridge,萨拉辛桥,跨海大桥,渔村,1,攀牙府渔村里的海鲜小餐馆~普吉岛,https://www.xiaohongshu.com/explore/68a9e40d000000001b033b38?xsec_token_redacted=1&xsec_source=pc_dots,本表只含现库未命中、固定实体、且引用小红书正文直接命名的新增候选；不等于已完成Google事实核验
攀牙府,景点观光,Bang Niang Beach,邦娘海滩,海滩,邦娘区,1,🇹🇭泰国!考拉!不愧是亲子酒店天花板,https://www.xiaohongshu.com/explore/69e6ebaf000000002200eb84?xsec_token_redacted=1&xsec_source=pc_dots,本表只含现库未命中、固定实体、且引用小红书正文直接命名的新增候选；不等于已完成Google事实核验
攀牙府,景点观光,Khuk Khak Beach,库克卡克海滩,海滩,The Haven酒店前,1,🌊邂逅宁静——The Haven Khao Lak🌊,https://www.xiaohongshu.com/explore/6a6171b5000000000f0110cd?xsec_token_redacted=1&xsec_source=pc_dots,本表只含现库未命中、固定实体、且引用小红书正文直接命名的新增候选；不等于已完成Google事实核验
攀牙府,景点观光,Small Sandy Beach,小沙滩,隐蔽海滩,小众,1,向全世界安利普吉周边度假小镇—考拉,https://www.xiaohongshu.com/explore/67d15c99000000001201ea99?xsec_token_redacted=1&xsec_source=pc_dots,本表只含现库未命中、固定实体、且引用小红书正文直接命名的新增候选；不等于已完成Google事实核验
攀牙府,景点观光,The Little Amazon Takuapa,小亚马逊塔库阿帕,雨林皮划艇,热带雨林,1,泰国南部 Phang Nga 攀牙的活动,https://www.xiaohongshu.com/explore/68cab5c10000000013034d3b?xsec_token_redacted=1&xsec_source=pc_dots,本表只含现库未命中、固定实体、且引用小红书正文直接命名的新增候选；不等于已完成Google事实核验
攀牙府,康养SPA,Finn Massage,芬恩按摩,精油按摩,邦娘夜市附近,1,🇹🇭考拉Khao Lak - 四天四夜,https://www.xiaohongshu.com/explore/69cbb7c4000000001a028066?xsec_token_redacted=1&xsec_source=pc_dots,本表只含现库未命中、固定实体、且引用小红书正文直接命名的新增候选；不等于已完成Google事实核验
攀牙府,康养SPA,Nalinya Spa,娜琳雅SPA,亲子SPA,卡塔坦尼金沙度假村,1,家庭Spa💆才是泰国亲子游正确打开方式！,https://www.xiaohongshu.com/explore/673b22a60000000008005402?xsec_token_redacted=1&xsec_source=pc_dots,本表只含现库未命中、固定实体、且引用小红书正文直接命名的新增候选；不等于已完成Google事实核验
攀牙府,康养SPA,Quan Spa,权SPA,高端SPA,JW万豪酒店内,1,考拉JW 万豪水疗度假酒店,https://www.xiaohongshu.com/explore/6a5b3db4000000000301fe63?xsec_token_redacted=1&xsec_source=pc_dots,本表只含现库未命中、固定实体、且引用小红书正文直接命名的新增候选；不等于已完成Google事实核验
攀牙府,康养SPA,Sala Massage,萨拉按摩,海滩按摩,卡塔坦尼金沙度假村,1,家庭Spa💆才是泰国亲子游正确打开方式！,https://www.xiaohongshu.com/explore/673b22a60000000008005402?xsec_token_redacted=1&xsec_source=pc_dots,本表只含现库未命中、固定实体、且引用小红书正文直接命名的新增候选；不等于已完成Google事实核验
攀牙府,住宿酒店,Ban Suansin,班苏安辛酒店,小木屋酒店,山顶,1,人均60元，都给我冲泰国攀牙山顶米其林餐厅,https://www.xiaohongshu.com/explore/63f6052600000000270299a4?xsec_token_redacted=1&xsec_source=pc_dots,本表只含现库未命中、固定实体、且引用小红书正文直接命名的新增候选；不等于已完成Google事实核验
攀牙府,住宿酒店,Devasom Khao Lak Beach Resort & Villas,德瓦颂酒店,豪华度假村,邦萨海滩,2,"考拉（蔻丽）一个泰国最喜欢的宝藏地
没有遗憾的普吉岛之旅从选对酒店开始","https://www.xiaohongshu.com/explore/68f3b6e900000000070083c4?xsec_token_redacted=1&xsec_source=pc_dots
https://www.xiaohongshu.com/explore/6a2ea71c000000003501f288?xsec_token_redacted=1&xsec_source=pc_dots",本表只含现库未命中、固定实体、且引用小红书正文直接命名的新增候选；不等于已完成Google事实核验
攀牙府,住宿酒店,Eden Beach Khao Lak Resort & Spa,考拉伊甸海滩度假村,四星级度假村,邦娘海滩,1,考拉🏝️不想走的人生酒店！巨好住！太舒服了！,https://www.xiaohongshu.com/explore/69f95d9d0000000035023e99?xsec_token_redacted=1&xsec_source=pc_dots,本表只含现库未命中、固定实体、且引用小红书正文直接命名的新增候选；不等于已完成Google事实核验
攀牙府,住宿酒店,JW Marriott Khao Lak Resort & Spa,考拉JW万豪水疗度假酒店,五星级度假村,邦萨海滩,7,"攀牙府考叻
🇹🇭普吉岛！男大豪赌普吉岛成功了！！！！
🌴 普吉岛北边小众宝藏海滨-Khao Lak考拉
考拉JW 万豪水疗度假酒店
泰国考拉镇Bang Niang夜市","https://www.xiaohongshu.com/explore/677de47b0000000001001f00?xsec_token_redacted=1&xsec_source=pc_dots
https://www.xiaohongshu.com/explore/6a0d5846000000003502093f?xsec_token_redacted=1&xsec_source=pc_dots
https://www.xiaohongshu.com/explore/691989db0000000007035282?xsec_token_redacted=1&xsec_source=pc_dots
https://www.xiaohongshu.com/explore/6a5b3db4000000000301fe63?xsec_token_redacted=1&xsec_source=pc_dots
https://www.xiaohongshu.com/explore/69b6aba5000000001f005aee?xsec_token_redacted=1&xsec_source=pc_dots",本表只含现库未命中、固定实体、且引用小红书正文直接命名的新增候选；不等于已完成Google事实核验
攀牙府,住宿酒店,Khaolak Bhandari Resort & Spa,考拉班达里度假村,泰式度假村,热带花园,1,泰国神仙度假村🥹百元住出安纳塔拉顶配度假,https://www.xiaohongshu.com/explore/6a4c5cf30000000007024cf8?xsec_token_redacted=1&xsec_source=pc_dots,本表只含现库未命中、固定实体、且引用小红书正文直接命名的新增候选；不等于已完成Google事实核验
攀牙府,住宿酒店,Kokotel Khao Lak Montana,科科特尔考拉蒙塔纳酒店,中端酒店,镇中心,1,🇹🇭考拉Khao Lak - 四天四夜,https://www.xiaohongshu.com/explore/69cbb7c4000000001a028066?xsec_token_redacted=1&xsec_source=pc_dots,本表只含现库未命中、固定实体、且引用小红书正文直接命名的新增候选；不等于已完成Google事实核验
攀牙府,住宿酒店,Le Méridien Khao Lak Resort & Spa,考拉艾美水疗度假酒店,五星级度假村,邦萨海滩,3,"在普吉岛考拉❗️私藏必打卡的海边餐厅
普吉岛考拉必打卡清单✨玩这些才叫海岛游！
泰国考拉美食全攻略🍴全天候度假味觉之旅","https://www.xiaohongshu.com/explore/69ff1cc5000000001f007d89?xsec_token_redacted=1&xsec_source=pc_dots
https://www.xiaohongshu.com/explore/69f5f46e0000000023007cb5?xsec_token_redacted=1&xsec_source=pc_dots
https://www.xiaohongshu.com/explore/691486240000000005031bfb?xsec_token_redacted=1&xsec_source=pc_dots",本表只含现库未命中、固定实体、且引用小红书正文直接命名的新增候选；不等于已完成Google事实核验
攀牙府,住宿酒店,Little Khao Lak Coast,小考拉海岸,度假村,海滩,1,考拉（蔻丽）一个泰国最喜欢的宝藏地,https://www.xiaohongshu.com/explore/68f3b6e900000000070083c4?xsec_token_redacted=1&xsec_source=pc_dots,本表只含现库未命中、固定实体、且引用小红书正文直接命名的新增候选；不等于已完成Google事实核验
攀牙府,住宿酒店,Nang Thong Beach Resort,南通海滩度假村,海滩度假村,南通海滩,1,🇹🇭考拉Khao Lak - 四天四夜,https://www.xiaohongshu.com/explore/69cbb7c4000000001a028066?xsec_token_redacted=1&xsec_source=pc_dots,本表只含现库未命中、固定实体、且引用小红书正文直接命名的新增候选；不等于已完成Google事实核验
攀牙府,住宿酒店,Samet Nangshe Boutique Hotel,萨梅特南舍精品酒店,精品酒店,山顶观景台,1,避开人潮｜普吉周边小众目的地推荐！,https://www.xiaohongshu.com/explore/67790b2c000000000900e8e5?xsec_token_redacted=1&xsec_source=pc_dots,本表只含现库未命中、固定实体、且引用小红书正文直接命名的新增候选；不等于已完成Google事实核验
攀牙府,住宿酒店,The Haven Khao Lak,考拉避风港酒店,成人专属度假村,库克卡克海滩,1,🌊邂逅宁静——The Haven Khao Lak🌊,https://www.xiaohongshu.com/explore/6a6171b5000000000f0110cd?xsec_token_redacted=1&xsec_source=pc_dots,本表只含现库未命中、固定实体、且引用小红书正文直接命名的新增候选；不等于已完成Google事实核验
清莱府,餐饮美食,大名点心,ต้าหมิงติ่มซํา,广府点心,市区,1,强烈安利我的泰北超值美食地图（个人向）,https://www.xiaohongshu.com/explore/6a6d3a15000000002701fb1c?xsec_token_redacted=1&xsec_source=pc_dots,本表只含现库未命中、固定实体、且引用小红书正文直接命名的新增候选；不等于已完成Google事实核验
清莱府,餐饮美食,A-PA COFFEE,A-PA COFFEE,山谷咖啡馆,101茶园方向,1,适合中国宝宝的世外桃源——清莱美斯乐(三),https://www.xiaohongshu.com/explore/66594aba00000000160137c0?xsec_token_redacted=1&xsec_source=pc_dots,本表只含现库未命中、固定实体、且引用小红书正文直接命名的新增候选；不等于已完成Google事实核验
清莱府,餐饮美食,Boonsita Vegetarian Restaurant,Boonsita Vegetarian Restaurant,素食餐厅,市区,1,强烈安利我的泰北超值美食地图（个人向）,https://www.xiaohongshu.com/explore/6a6d3a15000000002701fb1c?xsec_token_redacted=1&xsec_source=pc_dots,本表只含现库未命中、固定实体、且引用小红书正文直接命名的新增候选；不等于已完成Google事实核验
清莱府,餐饮美食,Chakrapad Chicken Rice,Chakrapad Chicken Rice,炸鸡饭,市区,1,强烈安利我的泰北超值美食地图（个人向）,https://www.xiaohongshu.com/explore/6a6d3a15000000002701fb1c?xsec_token_redacted=1&xsec_source=pc_dots,本表只含现库未命中、固定实体、且引用小红书正文直接命名的新增候选；不等于已完成Google事实核验
清莱府,餐饮美食,Chivit Thamma Da Coffee House,ชีวิตธรรมดา คอฟฟี่เฮาส์,咖啡馆兼餐厅,蓝庙旁300米,3,"清萊必打卡的歐系咖啡廳
🇹🇭如果在清莱住一晚，一定要来这家餐厅！
不愧是清莱顶流网红餐厅","https://www.xiaohongshu.com/explore/6925442a000000000d03f338?xsec_token_redacted=1&xsec_source=pc_dots
https://www.xiaohongshu.com/explore/68fb24b50000000004021653?xsec_token_redacted=1&xsec_source=pc_dots
https://www.xiaohongshu.com/explore/6a1c078f0000000037034b78?xsec_token_redacted=1&xsec_source=pc_dots",本表只含现库未命中、固定实体、且引用小红书正文直接命名的新增候选；不等于已完成Google事实核验
清莱府,餐饮美食,Jeheang Noodle Shop,ร้านก๋วยเตี๋ยว เจ้เฮียง เจ้าเก่า,汤粉店,车站旁,1,清莱美食推荐🇹🇭🇹🇭,https://www.xiaohongshu.com/explore/6291c5560000000021034295?xsec_token_redacted=1&xsec_source=pc_dots,本表只含现库未命中、固定实体、且引用小红书正文直接命名的新增候选；不等于已完成Google事实核验
清莱府,餐饮美食,Juktoonhai,Juktoonhai,粥品店,钟楼附近,1,强烈安利我的泰北超值美食地图（个人向）,https://www.xiaohongshu.com/explore/6a6d3a15000000002701fb1c?xsec_token_redacted=1&xsec_source=pc_dots,本表只含现库未命中、固定实体、且引用小红书正文直接命名的新增候选；不等于已完成Google事实核验
清莱府,餐饮美食,Pa Euan Bua Loy,Pa Euan Bua Loy,甜品店,夜市附近,1,清莱美食推荐🇹🇭🇹🇭,https://www.xiaohongshu.com/explore/6291c5560000000021034295?xsec_token_redacted=1&xsec_source=pc_dots,本表只含现库未命中、固定实体、且引用小红书正文直接命名的新增候选；不等于已完成Google事实核验
清莱府,餐饮美食,Pana Coffee House,Pana Coffee House,山路咖啡馆,兴华中学旁小路6km,1,适合中国宝宝的世外桃源——清莱美斯乐(三),https://www.xiaohongshu.com/explore/66594aba00000000160137c0?xsec_token_redacted=1&xsec_source=pc_dots,本表只含现库未命中、固定实体、且引用小红书正文直接命名的新增候选；不等于已完成Google事实核验
清莱府,餐饮美食,Tharanee Cafe,Tharanee Cafe,森林咖啡馆,白庙以南15-20分钟,1,【清莱白庙+森林咖啡馆】一天只去这两个地方,https://www.xiaohongshu.com/explore/69b012e2000000001d013e73?xsec_token_redacted=1&xsec_source=pc_dots,本表只含现库未命中、固定实体、且引用小红书正文直接命名的新增候选；不等于已完成Google事实核验
清莱府,餐饮美食,View point Mae Salong Nai,View point Mae Salong Nai,观景咖啡馆,A-PA往回1km,1,适合中国宝宝的世外桃源——清莱美斯乐(三),https://www.xiaohongshu.com/explore/66594aba00000000160137c0?xsec_token_redacted=1&xsec_source=pc_dots,本表只含现库未命中、固定实体、且引用小红书正文直接命名的新增候选；不等于已完成Google事实核验
清莱府,餐饮美食,Wang Put Tan Tea Plantation,Wang Put Tan Tea Plantation,森林咖啡馆,101茶园方向,1,适合中国宝宝的世外桃源——清莱美斯乐(三),https://www.xiaohongshu.com/explore/66594aba00000000160137c0?xsec_token_redacted=1&xsec_source=pc_dots,本表只含现库未命中、固定实体、且引用小红书正文直接命名的新增候选；不等于已完成Google事实核验
清莱府,餐饮美食,WangPutTan Yunnanese Restaurant,ภัตตาคารวังพุดตาล,云南菜,村中,1,清莱｜1200海拔的美斯乐村,https://www.xiaohongshu.com/explore/689db1c9000000001d014efa?xsec_token_redacted=1&xsec_source=pc_dots,本表只含现库未命中、固定实体、且引用小红书正文直接命名的新增候选；不等于已完成Google事实核验
清莱府,餐饮美食,Xin Shi Dai Bakery,ซินซือไต้เบเกอรี,面包店,村中,1,清莱｜1200海拔的美斯乐村,https://www.xiaohongshu.com/explore/689db1c9000000001d014efa?xsec_token_redacted=1&xsec_source=pc_dots,本表只含现库未命中、固定实体、且引用小红书正文直接命名的新增候选；不等于已完成Google事实核验
清莱府,餐饮美食,Yunnan Chinese Noodle,Yunnan Chinese Noodle,面馆,村中,1,清莱｜1200海拔的美斯乐村,https://www.xiaohongshu.com/explore/689db1c9000000001d014efa?xsec_token_redacted=1&xsec_source=pc_dots,本表只含现库未命中、固定实体、且引用小红书正文直接命名的新增候选；不等于已完成Google事实核验
清莱府,餐饮美食,ข่วง craft cafe&cats,ข่วง craft cafe,猫咖,城区,1,清莱文艺咖啡厅,https://www.xiaohongshu.com/explore/69f719ec000000003501dff9?xsec_token_redacted=1&xsec_source=pc_dots,本表只含现库未命中、固定实体、且引用小红书正文直接命名的新增候选；不等于已完成Google事实核验
清莱府,餐饮美食,บ้านใช้ชีวิต,บ้านใช้ชีวิต,木屋咖啡馆,泰缅边境山上,1,考古系女生访清莱丨全泰国最北端的木屋咖啡,https://www.xiaohongshu.com/explore/68d8b7ab000000000b03ffa4?xsec_token_redacted=1&xsec_source=pc_dots,本表只含现库未命中、固定实体、且引用小红书正文直接命名的新增候选；不等于已完成Google事实核验
清莱府,购物商业,清莱夜市美食街,Chiang Rai Night Market,夜市,市中心车站旁,1,清莱美食推荐🇹🇭🇹🇭,https://www.xiaohongshu.com/explore/6291c5560000000021034295?xsec_token_redacted=1&xsec_source=pc_dots,本表只含现库未命中、固定实体、且引用小红书正文直接命名的新增候选；不等于已完成Google事实核验
清莱府,交通服务,清莱机场,Chiang Rai Airport,机场,市区4.5公里,5,"清迈、清莱之旅——住宿篇
曼谷清莱一日✈️游极限逛白红蓝三庙
到了清莱机场如何最便宜进城？
🇹🇭清莱艾美大促！928💰两人！豪华客房➕双早
泰国🇹🇭 | 泰北美斯乐，深山华人村落","https://www.xiaohongshu.com/explore/66e67972000000000c018696?xsec_token_redacted=1&xsec_source=pc_dots
https://www.xiaohongshu.com/explore/691c7309000000001f004eff?xsec_token_redacted=1&xsec_source=pc_dots
https://www.xiaohongshu.com/explore/65f968400000000012032fa7?xsec_token_redacted=1&xsec_source=pc_dots
https://www.xiaohongshu.com/explore/660233ae000000000d00d7cc?xsec_token_redacted=1&xsec_source=pc_dots
https://www.xiaohongshu.com/explore/5ca4b61d000000000f027912?xsec_token_redacted=1&xsec_source=pc_dots",本表只含现库未命中、固定实体、且引用小红书正文直接命名的新增候选；不等于已完成Google事实核验
清莱府,康养SPA,Akha Ya Massage & Spa,Akha Ya Massage & Spa,按摩店,夜市869/169 Phahonyothin Rd,1,清莱spa探店|人均250泰铢💆60min泰式按摩,https://www.xiaohongshu.com/explore/5e465d340000000001008a1d?xsec_token_redacted=1&xsec_source=pc_dots,本表只含现库未命中、固定实体、且引用小红书正文直接命名的新增候选；不等于已完成Google事实核验
清莱府,康养SPA,Baan Tawan Massage,Baan Tawan Massage,按摩店,班塔万民宿一层,1,泰国清莱旅游 泰式按摩,https://www.xiaohongshu.com/explore/62b6b829000000000102c058?xsec_token_redacted=1&xsec_source=pc_dots,本表只含现库未命中、固定实体、且引用小红书正文直接命名的新增候选；不等于已完成Google事实核验
清莱府,康养SPA,Grand Spa,Grand Spa,SPA,夜市旁,1,泰国第三天：到了清莱,https://www.xiaohongshu.com/explore/6a3895950000000015024504?xsec_token_redacted=1&xsec_source=pc_dots,本表只含现库未命中、固定实体、且引用小红书正文直接命名的新增候选；不等于已完成Google事实核验
清莱府,康养SPA,The Lanna Xxx,The Lanna Healing Package,按摩店,夜市附近Kha Ya Massage旁,1,泰国清莱旅游 泰式按摩,https://www.xiaohongshu.com/explore/62b6b829000000000102c058?xsec_token_redacted=1&xsec_source=pc_dots,本表只含现库未命中、固定实体、且引用小红书正文直接命名的新增候选；不等于已完成Google事实核验
清莱府,住宿酒店,风雅轩别墅,Maesalong Villa,民宿,山上,1,🏔️ 美斯乐360°环山美景民宿 一定要来一次,https://www.xiaohongshu.com/explore/6a68d1060000000002003c00?xsec_token_redacted=1&xsec_source=pc_dots,本表只含现库未命中、固定实体、且引用小红书正文直接命名的新增候选；不等于已完成Google事实核验
清莱府,住宿酒店,清莱艾美度假酒店,Le Méridien Chiang Rai Resort,度假村,221/2 Moo 20 Kwaewai Road,7,"先码后看📒清莱遛娃必看的14条建议🏝
清莱艾美:廉颇老矣｜千店测评7/1000
清莱疗愈SPA｜清莱艾美度假酒店水疗中心💆
用一次正宗的泰式按摩，真正的放松身心
一趟身心疗愈之旅，从特色SPA开启","https://www.xiaohongshu.com/explore/661cd3b8000000001a00cf08?xsec_token_redacted=1&xsec_source=pc_dots
https://www.xiaohongshu.com/explore/69cb6524000000001e00c2a4?xsec_token_redacted=1&xsec_source=pc_dots
https://www.xiaohongshu.com/explore/66306823000000001e038bd5?xsec_token_redacted=1&xsec_source=pc_dots
https://www.xiaohongshu.com/explore/6964b215000000000a02b2ba?xsec_token_redacted=1&xsec_source=pc_dots
https://www.xiaohongshu.com/explore/680b0912000000001c030810?xsec_token_redacted=1&xsec_source=pc_dots",本表只含现库未命中、固定实体、且引用小红书正文直接命名的新增候选；不等于已完成Google事实核验
清莱府,住宿酒店,睡莲酒店,Lotus Hotel,酒店,市中心,1,清莱吃住之睡莲酒店和清莱夜市泰北泥炉火锅,https://www.xiaohongshu.com/explore/69aba5c8000000001d027351?xsec_token_redacted=1&xsec_source=pc_dots,本表只含现库未命中、固定实体、且引用小红书正文直接命名的新增候选；不等于已完成Google事实核验
清莱府,住宿酒店,小屋旅社,Small House Guesthouse,民宿,村中,1,泰国美斯乐---小众夏日避暑胜地推荐,https://www.xiaohongshu.com/explore/66a71372000000000d03087d?xsec_token_redacted=1&xsec_source=pc_dots,本表只含现库未命中、固定实体、且引用小红书正文直接命名的新增候选；不等于已完成Google事实核验
清莱府,住宿酒店,新生旅舍,Shin Sane Guest House,旅馆,村中心,1,Since 1970的新生旅社，藏着半个世纪的故事,https://www.xiaohongshu.com/explore/6a799ca50000000033010cd8?xsec_token_redacted=1&xsec_source=pc_dots,本表只含现库未命中、固定实体、且引用小红书正文直接命名的新增候选；不等于已完成Google事实核验
清莱府,住宿酒店,Mae Salong Flower Hills,Mae Salong Flower Hills,度假酒店,去满星叠路上,1,环游世界第55城——泰国美斯乐！,https://www.xiaohongshu.com/explore/67c5d71300000000290348c3?xsec_token_redacted=1&xsec_source=pc_dots,本表只含现库未命中、固定实体、且引用小红书正文直接命名的新增候选；不等于已完成Google事实核验
清莱府,住宿酒店,Meeting Hotel & Coffee,Meeting Hotel & Coffee,民宿,古城北面,1,清迈、清莱之旅——住宿篇,https://www.xiaohongshu.com/explore/66e67972000000000c018696?xsec_token_redacted=1&xsec_source=pc_dots,本表只含现库未命中、固定实体、且引用小红书正文直接命名的新增候选；不等于已完成Google事实核验
清莱府,康养SPA,Parvati Spa,Parvati Spa,SPA与水疗,清莱艾美度假酒店内,2,"清莱疗愈SPA｜清莱艾美度假酒店水疗中心💆
用一次正宗的泰式按摩，真正的放松身心","https://www.xiaohongshu.com/explore/66306823000000001e038bd5?xsec_token_redacted=1&xsec_source=pc_dots
https://www.xiaohongshu.com/explore/6964b215000000000a02b2ba?xsec_token_redacted=1&xsec_source=pc_dots",本表只含现库未命中、固定实体、且引用小红书正文直接命名的新增候选；不等于已完成Google事实核验
清莱府,住宿酒店,Taara Montana,Taara Montana,高端民宿,山顶,1,山顶民宿清莱清迈-清莱-美斯乐泰北旅拍,https://www.xiaohongshu.com/explore/62e37ed9000000000e031891?xsec_token_redacted=1&xsec_source=pc_dots,本表只含现库未命中、固定实体、且引用小红书正文直接命名的新增候选；不等于已完成Google事实核验
沙敦府,餐饮美食,椰子饼老头,Coconut Cake Old Man,小吃摊,丽贝岛步行街大711旁,6,"丽贝岛｜步行街好店分享(餐厅篇上)
丽贝岛（有）美食（吗）攻略🌚
丽贝岛｜淡季干饭
舟车劳顿去丽贝岛值吗？3️⃣美食篇
丽贝岛美食全记录｜ 👍直接抄作业不踩雷！","https://www.xiaohongshu.com/explore/691d76bb000000001b033f4d?xsec_token_redacted=1&xsec_source=pc_dots
https://www.xiaohongshu.com/explore/69a1add3000000002801f0bb?xsec_token_redacted=1&xsec_source=pc_dots
https://www.xiaohongshu.com/explore/6a242cb60000000007012f48?xsec_token_redacted=1&xsec_source=pc_dots
https://www.xiaohongshu.com/explore/6a6d5b540000000033013970?xsec_token_redacted=1&xsec_source=pc_dots
https://www.xiaohongshu.com/explore/6a04592600000000080002c4?xsec_token_redacted=1&xsec_source=pc_dots",本表只含现库未命中、固定实体、且引用小红书正文直接命名的新增候选；不等于已完成Google事实核验
沙敦府,餐饮美食,Bloom Cafe,Bloom Cafe,咖啡馆,丽贝岛步行街大711前十字路口,1,丽贝岛｜步行街好店分享(餐厅篇上),https://www.xiaohongshu.com/explore/691d76bb000000001b033f4d?xsec_token_redacted=1&xsec_source=pc_dots,本表只含现库未命中、固定实体、且引用小红书正文直接命名的新增候选；不等于已完成Google事实核验
沙敦府,餐饮美食,Bombay India Restaurant,Bombay India Restaurant,印度菜,丽贝岛步行街,2,"丽贝岛｜6天美食合集
丽贝岛比普吉岛好吃多了","https://www.xiaohongshu.com/explore/69f5cb67000000003501c9f4?xsec_token_redacted=1&xsec_source=pc_dots
https://www.xiaohongshu.com/explore/697c584e000000001a020624?xsec_token_redacted=1&xsec_source=pc_dots",本表只含现库未命中、固定实体、且引用小红书正文直接命名的新增候选；不等于已完成Google事实核验
沙敦府,餐饮美食,Bung Room,Bung Room,餐厅与本地美食,丽贝岛步行街大711旁,1,丽贝岛｜步行街好店分享(餐厅篇上),https://www.xiaohongshu.com/explore/691d76bb000000001b033f4d?xsec_token_redacted=1&xsec_source=pc_dots,本表只含现库未命中、固定实体、且引用小红书正文直接命名的新增候选；不等于已完成Google事实核验
沙敦府,餐饮美食,Butsara Noodle,Butsara Noodle,面馆,丽贝岛步行街,5,"在丽贝岛吃了什么
丽贝岛｜步行街好店分享(餐厅篇上)
丽贝岛｜6天美食合集
丽贝岛美食全记录｜ 👍直接抄作业不踩雷！
丽贝岛吃疯了！这几家店我按头安利/避雷💣","https://www.xiaohongshu.com/explore/6a85706f000000002701efef?xsec_token_redacted=1&xsec_source=pc_dots
https://www.xiaohongshu.com/explore/691d76bb000000001b033f4d?xsec_token_redacted=1&xsec_source=pc_dots
https://www.xiaohongshu.com/explore/69f5cb67000000003501c9f4?xsec_token_redacted=1&xsec_source=pc_dots
https://www.xiaohongshu.com/explore/6a04592600000000080002c4?xsec_token_redacted=1&xsec_source=pc_dots
https://www.xiaohongshu.com/explore/690b59d200000000040165af?xsec_token_redacted=1&xsec_source=pc_dots",本表只含现库未命中、固定实体、且引用小红书正文直接命名的新增候选；不等于已完成Google事实核验
沙敦府,餐饮美食,Glow Noodle House,Glow Noodle House,面馆,丽贝岛步行街中段,2,"丽贝岛｜步行街好店分享(餐厅篇上)
丽贝岛美食全记录｜ 👍直接抄作业不踩雷！","https://www.xiaohongshu.com/explore/691d76bb000000001b033f4d?xsec_token_redacted=1&xsec_source=pc_dots
https://www.xiaohongshu.com/explore/6a04592600000000080002c4?xsec_token_redacted=1&xsec_source=pc_dots",本表只含现库未命中、固定实体、且引用小红书正文直接命名的新增候选；不等于已完成Google事实核验
沙敦府,餐饮美食,Harmony Cafe,Harmony Cafe,咖啡馆,丽贝岛步行街熊猫潜水对面,1,丽贝岛｜步行街好店分享(餐厅篇上),https://www.xiaohongshu.com/explore/691d76bb000000001b033f4d?xsec_token_redacted=1&xsec_source=pc_dots,本表只含现库未命中、固定实体、且引用小红书正文直接命名的新增候选；不等于已完成Google事实核验
沙敦府,餐饮美食,Huamai Thai E San,Huamai Thai E San,泰餐,丽贝岛步行街,1,在丽贝岛吃了什么,https://www.xiaohongshu.com/explore/6a85706f000000002701efef?xsec_token_redacted=1&xsec_source=pc_dots,本表只含现库未命中、固定实体、且引用小红书正文直接命名的新增候选；不等于已完成Google事实核验
沙敦府,餐饮美食,Mojo Mini Cafe,Mojo Mini Cafe,咖啡馆,丽贝岛步行街,1,丽贝岛吃什么？早餐午餐晚餐都在这篇了😋,https://www.xiaohongshu.com/explore/69fc2dd40000000022029ebc?xsec_token_redacted=1&xsec_source=pc_dots,本表只含现库未命中、固定实体、且引用小红书正文直接命名的新增候选；不等于已完成Google事实核验
沙敦府,餐饮美食,Nèe Papaya,Nèe Papaya Thaifood & BBQ,泰餐,丽贝岛步行街小711对面,3,"在丽贝岛吃了什么
丽贝岛｜步行街好店分享(餐厅篇上)
丽贝岛｜淡季干饭","https://www.xiaohongshu.com/explore/6a85706f000000002701efef?xsec_token_redacted=1&xsec_source=pc_dots
https://www.xiaohongshu.com/explore/691d76bb000000001b033f4d?xsec_token_redacted=1&xsec_source=pc_dots
https://www.xiaohongshu.com/explore/6a242cb60000000007012f48?xsec_token_redacted=1&xsec_source=pc_dots",本表只含现库未命中、固定实体、且引用小红书正文直接命名的新增候选；不等于已完成Google事实核验
沙敦府,餐饮美食,On The Rocks,On The Rocks,悬崖餐厅,丽贝岛塞伦酒店,2,"去丽贝岛还想住一万次的酒店🏝️
在丽贝岛吃了什么","https://www.xiaohongshu.com/explore/69aad650000000002800aed0?xsec_token_redacted=1&xsec_source=pc_dots
https://www.xiaohongshu.com/explore/6a85706f000000002701efef?xsec_token_redacted=1&xsec_source=pc_dots",本表只含现库未命中、固定实体、且引用小红书正文直接命名的新增候选；不等于已完成Google事实核验
沙敦府,餐饮美食,Owl Cha,Owl Cha,奶茶店,丽贝岛步行街中段,3,"丽贝岛｜步行街好店分享(餐厅篇上)
舟车劳顿去丽贝岛值吗？3️⃣美食篇
丽贝岛美食全记录｜ 👍直接抄作业不踩雷！","https://www.xiaohongshu.com/explore/691d76bb000000001b033f4d?xsec_token_redacted=1&xsec_source=pc_dots
https://www.xiaohongshu.com/explore/6a6d5b540000000033013970?xsec_token_redacted=1&xsec_source=pc_dots
https://www.xiaohongshu.com/explore/6a04592600000000080002c4?xsec_token_redacted=1&xsec_source=pc_dots",本表只含现库未命中、固定实体、且引用小红书正文直接命名的新增候选；不等于已完成Google事实核验
沙敦府,餐饮美食,Papaya Mom Restaurant,Papaya Mom Restaurant,泰餐,丽贝岛步行街中段,6,"在丽贝岛吃了什么
丽贝岛｜步行街好店分享(餐厅篇上)
丽贝岛必去的三家店
丽贝岛吃什么？早餐午餐晚餐都在这篇了😋
丽贝岛超符合中国胃的餐厅，强推","https://www.xiaohongshu.com/explore/6a85706f000000002701efef?xsec_token_redacted=1&xsec_source=pc_dots
https://www.xiaohongshu.com/explore/691d76bb000000001b033f4d?xsec_token_redacted=1&xsec_source=pc_dots
https://www.xiaohongshu.com/explore/67ae9351000000001701d30b?xsec_token_redacted=1&xsec_source=pc_dots
https://www.xiaohongshu.com/explore/69fc2dd40000000022029ebc?xsec_token_redacted=1&xsec_source=pc_dots
https://www.xiaohongshu.com/explore/69f9fc2f0000000035024c6f?xsec_token_redacted=1&xsec_source=pc_dots",本表只含现库未命中、固定实体、且引用小红书正文直接命名的新增候选；不等于已完成Google事实核验
沙敦府,餐饮美食,Pooh Bar,Pooh Bar,酒吧餐厅,丽贝岛步行街往日出沙滩方向,1,丽贝岛｜步行街好店分享(餐厅篇上),https://www.xiaohongshu.com/explore/691d76bb000000001b033f4d?xsec_token_redacted=1&xsec_source=pc_dots,本表只含现库未命中、固定实体、且引用小红书正文直接命名的新增候选；不等于已完成Google事实核验
沙敦府,餐饮美食,Sanae Lipe Halal Cafe,Sanae Lipe Halal Cafe,清真餐厅,丽贝岛步行街,3,"丽贝岛｜淡季干饭
丽贝岛比普吉岛好吃多了
丽贝岛的饭饭记录","https://www.xiaohongshu.com/explore/6a242cb60000000007012f48?xsec_token_redacted=1&xsec_source=pc_dots
https://www.xiaohongshu.com/explore/697c584e000000001a020624?xsec_token_redacted=1&xsec_source=pc_dots
https://www.xiaohongshu.com/explore/699ad29a000000002801efe7?xsec_token_redacted=1&xsec_source=pc_dots",本表只含现库未命中、固定实体、且引用小红书正文直接命名的新增候选；不等于已完成Google事实核验
沙敦府,餐饮美食,Thaidurm Restaurant,Thaidurm Restaurant,泰餐,丽贝岛步行街,2,"丽贝岛｜步行街好店分享(餐厅篇上)
丽贝岛躺平日记","https://www.xiaohongshu.com/explore/691d76bb000000001b033f4d?xsec_token_redacted=1&xsec_source=pc_dots
https://www.xiaohongshu.com/explore/6945d163000000001e0052cd?xsec_token_redacted=1&xsec_source=pc_dots",本表只含现库未命中、固定实体、且引用小红书正文直接命名的新增候选；不等于已完成Google事实核验
沙敦府,餐饮美食,The Steak House koh Lipe,The Steak House koh Lipe,西餐厅,丽贝岛步行街尽头,1,丽贝岛的饭饭记录,https://www.xiaohongshu.com/explore/699ad29a000000002801efe7?xsec_token_redacted=1&xsec_source=pc_dots,本表只含现库未命中、固定实体、且引用小红书正文直接命名的新增候选；不等于已完成Google事实核验
沙敦府,餐饮美食,Zodiac Bar,Zodiac Bar,酒吧,丽贝岛拖尾沙滩,1,在丽贝岛吃了什么,https://www.xiaohongshu.com/explore/6a85706f000000002701efef?xsec_token_redacted=1&xsec_source=pc_dots,本表只含现库未命中、固定实体、且引用小红书正文直接命名的新增候选；不等于已完成Google事实核验
沙敦府,交通服务,瓜镇码头,Kuah Jetty,码头,前往丽贝岛,3,"泰国小马尔代夫✨兰卡威直达丽贝岛｜上岛攻略
兰卡威前往丽贝岛坐轮渡攻略看这篇！🚢
2026最新｜兰卡威→丽贝岛坐船攻略","https://www.xiaohongshu.com/explore/6a69b66e000000000f031192?xsec_token_redacted=1&xsec_source=pc_dots
https://www.xiaohongshu.com/explore/69f41b8e000000003502830c?xsec_token_redacted=1&xsec_source=pc_dots
https://www.xiaohongshu.com/explore/69ac5ea1000000002203852b?xsec_token_redacted=1&xsec_source=pc_dots",本表只含现库未命中、固定实体、且引用小红书正文直接命名的新增候选；不等于已完成Google事实核验
沙敦府,交通服务,丽贝岛码头,Lipe Pier,码头,丽贝岛,4,"丽贝岛最全攻略及避坑指南（交通篇）
合艾→丽贝岛｜亲测不踩雷车船联运全攻略
丽贝岛车船联运推荐
丽贝游记👋","https://www.xiaohongshu.com/explore/69ff37f8000000001e00da71?xsec_token_redacted=1&xsec_source=pc_dots
https://www.xiaohongshu.com/explore/69feaac6000000002301ce5a?xsec_token_redacted=1&xsec_source=pc_dots
https://www.xiaohongshu.com/explore/6a79383d0000000025004aa4?xsec_token_redacted=1&xsec_source=pc_dots
https://www.xiaohongshu.com/explore/69ddf2d4000000001b02137a?xsec_token_redacted=1&xsec_source=pc_dots",本表只含现库未命中、固定实体、且引用小红书正文直接命名的新增候选；不等于已完成Google事实核验
沙敦府,交通服务,沙墩码头,Pak Bara Pier,码头,朴巴拉,4,"沙墩码头到丽贝岛
成都—曼谷—合艾—丽贝岛超详细攻略
丽贝岛最全攻略及避坑指南（交通篇）
合艾至丽贝岛交通全攻略","https://www.xiaohongshu.com/explore/6a3e5aff00000000060348b3?xsec_token_redacted=1&xsec_source=pc_dots
https://www.xiaohongshu.com/explore/6a64a527000000000f016ca7?xsec_token_redacted=1&xsec_source=pc_dots
https://www.xiaohongshu.com/explore/69ff37f8000000001e00da71?xsec_token_redacted=1&xsec_source=pc_dots
https://www.xiaohongshu.com/explore/6a6da51a000000002402ec1a?xsec_token_redacted=1&xsec_source=pc_dots",本表只含现库未命中、固定实体、且引用小红书正文直接命名的新增候选；不等于已完成Google事实核验
沙敦府,餐饮美食,Coconut Garden Restaurant,Coconut Garden Restaurant,清真餐厅,沙敦府本地村庄,1,🌴 Hidden Gem in Satun: Coconut Garden R,https://www.xiaohongshu.com/explore/6868c782000000001c031524?xsec_token_redacted=1&xsec_source=pc_dots,本表只含现库未命中、固定实体、且引用小红书正文直接命名的新增候选；不等于已完成Google事实核验
沙敦府,餐饮美食,Khap Samut Cafe & Eatery,Khap Samut Cafe & Eatery,海边咖啡馆兼餐厅,朴巴拉码头附近,1,泰国沙敦Satun海边餐馆,https://www.xiaohongshu.com/explore/69eea0800000000010001c00?xsec_token_redacted=1&xsec_source=pc_dots,本表只含现库未命中、固定实体、且引用小红书正文直接命名的新增候选；不等于已完成Google事实核验
沙敦府,交通服务,Tammalang 码头,Tammalang Pier,边境码头,沙敦边境,1,泰国Tammalang 码头,https://www.xiaohongshu.com/explore/67930723000000001800b76c?xsec_token_redacted=1&xsec_source=pc_dots,本表只含现库未命中、固定实体、且引用小红书正文直接命名的新增候选；不等于已完成Google事实核验
沙敦府,餐饮美食,The Orange Cafe,The Orange Cafe,咖啡馆,沙敦府Thung Wa区,1,The Orange Cafe @ Satun 泰国沙敦必游美丽,https://www.xiaohongshu.com/explore/661bdab2000000001b00d5ed?xsec_token_redacted=1&xsec_source=pc_dots,本表只含现库未命中、固定实体、且引用小红书正文直接命名的新增候选；不等于已完成Google事实核验
沙敦府,康养SPA,Irene Spa,Irene Spa,SPA,丽贝岛田园酒店,1,10.25丽贝岛玻璃海～📍日出海滩 餐饮&Spa,https://www.xiaohongshu.com/explore/671ccb26000000001600f616?xsec_token_redacted=1&xsec_source=pc_dots,本表只含现库未命中、固定实体、且引用小红书正文直接命名的新增候选；不等于已完成Google事实核验
沙敦府,康养SPA,Soi Buri Massage,Soi Buri Massage,按摩店,丽贝岛步行街转角处大树下,1,丽贝岛按摩千万要避雷【小武里】！,https://www.xiaohongshu.com/explore/66d361d1000000001f03c27c?xsec_token_redacted=1&xsec_source=pc_dots,本表只含现库未命中、固定实体、且引用小红书正文直接命名的新增候选；不等于已完成Google事实核验
沙敦府,康养SPA,Sui Buri Massage,Sui Buri Massage,按摩店,丽贝岛小711往walking street右边斜坡,1,丽贝岛按摩千万要避雷【小武里】！,https://www.xiaohongshu.com/explore/66d361d1000000001f03c27c?xsec_token_redacted=1&xsec_source=pc_dots,本表只含现库未命中、固定实体、且引用小红书正文直接命名的新增候选；不等于已完成Google事实核验
沙敦府,住宿酒店,阿南亚酒店,Ananya Lipe Resort,度假村,丽贝岛日出沙滩,3,"丽贝岛从夯到拉测评2.0
丽贝岛（有）美食（吗）攻略🌚
丽贝岛最干净&最舒服的泰式按摩💆‍♀️","https://www.xiaohongshu.com/explore/69fb0721000000002301dd8a?xsec_token_redacted=1&xsec_source=pc_dots
https://www.xiaohongshu.com/explore/69a1add3000000002801f0bb?xsec_token_redacted=1&xsec_source=pc_dots
https://www.xiaohongshu.com/explore/6a2c3acc000000003501e054?xsec_token_redacted=1&xsec_source=pc_dots",本表只含现库未命中、固定实体、且引用小红书正文直接命名的新增候选；不等于已完成Google事实核验
沙敦府,住宿酒店,安达度假村,Anda Resort,度假村,丽贝岛日落沙滩,1,丽贝岛6天 不愿意醒的一场梦💙🪼,https://www.xiaohongshu.com/explore/6a3e8c2b0000000016026d46?xsec_token_redacted=1&xsec_source=pc_dots,本表只含现库未命中、固定实体、且引用小红书正文直接命名的新增候选；不等于已完成Google事实核验
沙敦府,住宿酒店,邦达亚度假村,Bundhaya Resort,度假村,丽贝岛芭提雅海滩,5,"丽贝岛十月度假村一住一个不支声
🏝️春节丽贝岛四天三晚酒店记录～✨
丽贝岛｜旅行攻略—住宿篇🏠
丽贝岛酒店｜Bundhaya resort 尊滴好舒服
丽贝岛必看最详细的攻略！无广纯个人感受","https://www.xiaohongshu.com/explore/6a619366000000000f03f1dd?xsec_token_redacted=1&xsec_source=pc_dots
https://www.xiaohongshu.com/explore/69aad9ee000000001a027011?xsec_token_redacted=1&xsec_source=pc_dots
https://www.xiaohongshu.com/explore/697f1e2e000000001a01c117?xsec_token_redacted=1&xsec_source=pc_dots
https://www.xiaohongshu.com/explore/670df273000000001600f063?xsec_token_redacted=1&xsec_source=pc_dots
https://www.xiaohongshu.com/explore/6a57577f000000000702a33d?xsec_token_redacted=1&xsec_source=pc_dots",本表只含现库未命中、固定实体、且引用小红书正文直接命名的新增候选；不等于已完成Google事实核验
沙敦府,住宿酒店,本德哈亚别墅,Bundhaya Villas,别墅,丽贝岛芭提雅海滩,2,"丽贝岛｜旅行攻略—住宿篇🏠
丽贝岛旅行 住宿篇","https://www.xiaohongshu.com/explore/697f1e2e000000001a01c117?xsec_token_redacted=1&xsec_source=pc_dots
https://www.xiaohongshu.com/explore/6902f0920000000004002f68?xsec_token_redacted=1&xsec_source=pc_dots",本表只含现库未命中、固定实体、且引用小红书正文直接命名的新增候选；不等于已完成Google事实核验
沙敦府,住宿酒店,避暑山庄酒店,Mountain Resort,度假村,丽贝岛北角,2,"🏝️春节丽贝岛四天三晚酒店记录～✨
🇹🇭泰国丽贝岛｜4家酒店真实入住体验","https://www.xiaohongshu.com/explore/69aad9ee000000001a027011?xsec_token_redacted=1&xsec_source=pc_dots
https://www.xiaohongshu.com/explore/6980ad77000000002103e69e?xsec_token_redacted=1&xsec_source=pc_dots",本表只含现库未命中、固定实体、且引用小红书正文直接命名的新增候选；不等于已完成Google事实核验
沙敦府,住宿酒店,布洛卡萨酒店,Blokasa Hotel,酒店,丽贝岛日落沙滩,2,"丽贝岛（有）美食（吗）攻略🌚
丽贝岛美食夯与拉（二）","https://www.xiaohongshu.com/explore/69a1add3000000002801f0bb?xsec_token_redacted=1&xsec_source=pc_dots
https://www.xiaohongshu.com/explore/6a029f730000000037036e1e?xsec_token_redacted=1&xsec_source=pc_dots",本表只含现库未命中、固定实体、且引用小红书正文直接命名的新增候选；不等于已完成Google事实核验
沙敦府,住宿酒店,丽贝崖度假村,The Cliff Lipe,度假村,丽贝岛日落沙滩,1,🏝️春节丽贝岛四天三晚酒店记录～✨,https://www.xiaohongshu.com/explore/69aad9ee000000001a027011?xsec_token_redacted=1&xsec_source=pc_dots,本表只含现库未命中、固定实体、且引用小红书正文直接命名的新增候选；不等于已完成Google事实核验
沙敦府,住宿酒店,马里度假村,Sunrise Beach Mari Resort,度假村,丽贝岛日出沙滩,1,🇹🇭泰国丽贝岛｜4家酒店真实入住体验,https://www.xiaohongshu.com/explore/6980ad77000000002103e69e?xsec_token_redacted=1&xsec_source=pc_dots,本表只含现库未命中、固定实体、且引用小红书正文直接命名的新增候选；不等于已完成Google事实核验
沙敦府,住宿酒店,撒丽萨度假酒店,Salisa Resort,度假村,丽贝岛日出沙滩,2,"丽贝岛酒店评价—Salisa Resort
丽贝岛住宿篇01","https://www.xiaohongshu.com/explore/6785f3cb000000000203efcc?xsec_token_redacted=1&xsec_source=pc_dots
https://www.xiaohongshu.com/explore/68345a5300000000220355f6?xsec_token_redacted=1&xsec_source=pc_dots",本表只含现库未命中、固定实体、且引用小红书正文直接命名的新增候选；不等于已完成Google事实核验
沙敦府,住宿酒店,塞伦迪皮蒂度假酒店,Serendipity Resort,度假村,丽贝岛日出沙滩,4,"丽贝岛～塞伦酒店怎么样❓泳池别墅超细介绍
🇹🇭泰国丽贝岛｜4家酒店真实入住体验
丽贝岛从夯到拉测评2.0
10.25丽贝岛玻璃海～📍日出海滩 餐饮&Spa","https://www.xiaohongshu.com/explore/66d1ed73000000001f03fd74?xsec_token_redacted=1&xsec_source=pc_dots
https://www.xiaohongshu.com/explore/6980ad77000000002103e69e?xsec_token_redacted=1&xsec_source=pc_dots
https://www.xiaohongshu.com/explore/69fb0721000000002301dd8a?xsec_token_redacted=1&xsec_source=pc_dots
https://www.xiaohongshu.com/explore/671ccb26000000001600f616?xsec_token_redacted=1&xsec_source=pc_dots",本表只含现库未命中、固定实体、且引用小红书正文直接命名的新增候选；不等于已完成Google事实核验
沙敦府,住宿酒店,十月度假村,Ten Moon Resort,度假村,丽贝岛日落沙滩,2,"丽贝岛十月度假村一住一个不支声
丽贝岛必看最详细的攻略！无广纯个人感受","https://www.xiaohongshu.com/explore/6a619366000000000f03f1dd?xsec_token_redacted=1&xsec_source=pc_dots
https://www.xiaohongshu.com/explore/6a57577f000000000702a33d?xsec_token_redacted=1&xsec_source=pc_dots",本表只含现库未命中、固定实体、且引用小红书正文直接命名的新增候选；不等于已完成Google事实核验
沙敦府,住宿酒店,田园概念酒店,Idyllic Concept Resort,度假村,丽贝岛日出沙滩,1,丽贝岛日记2-田园概念酒店测评,https://www.xiaohongshu.com/explore/68987bb60000000002001a48?xsec_token_redacted=1&xsec_source=pc_dots,本表只含现库未命中、固定实体、且引用小红书正文直接命名的新增候选；不等于已完成Google事实核验
沙敦府,住宿酒店,瓦皮度假村,Wapi Resort,度假村,丽贝岛日出沙滩,2,"丽贝岛｜旅行攻略—住宿篇🏠
丽贝岛一次面朝大海的泰式马杀鸡","https://www.xiaohongshu.com/explore/697f1e2e000000001a01c117?xsec_token_redacted=1&xsec_source=pc_dots
https://www.xiaohongshu.com/explore/698765fd000000001b014107?xsec_token_redacted=1&xsec_source=pc_dots",本表只含现库未命中、固定实体、且引用小红书正文直接命名的新增候选；不等于已完成Google事实核验
沙敦府,住宿酒店,Casa de Lipe,Casa de Lipe,度假村,丽贝岛日出沙滩,1,丽贝岛🇹🇭住进了理想度假酒店🏖️人均500➕,https://www.xiaohongshu.com/explore/67bd61e0000000002a00dbb5?xsec_token_redacted=1&xsec_source=pc_dots,本表只含现库未命中、固定实体、且引用小红书正文直接命名的新增候选；不等于已完成Google事实核验
素可泰府,餐饮美食,Baan Chomnam Cafe,班崇南咖啡馆,河景咖啡馆兼餐厅,河边,1,素可泰的椰子冰淇淋 和餐厅推荐,https://www.xiaohongshu.com/explore/69f1f765000000003601cc31?xsec_token_redacted=1&xsec_source=pc_dots,本表只含现库未命中、固定实体、且引用小红书正文直接命名的新增候选；不等于已完成Google事实核验
素可泰府,餐饮美食,Baan Kiang Muang,班江芒咖啡馆,老宅咖啡馆,Wat Chetuphon寺附近,2,"就离谱！居然为了一个咖啡馆才去了王朝遗址
🇹🇭素可泰｜隐藏在小城里的泰式咖啡店","https://www.xiaohongshu.com/explore/6602523a00000000140062a1?xsec_token_redacted=1&xsec_source=pc_dots
https://www.xiaohongshu.com/explore/67bad380000000000d014655?xsec_token_redacted=1&xsec_source=pc_dots",本表只含现库未命中、固定实体、且引用小红书正文直接命名的新增候选；不等于已完成Google事实核验
素可泰府,餐饮美食,Baan MA-KWID SUKHOTHAI,班马宽素可泰,稻田咖啡馆,稻田边,1,BAAN MA-KWID SUKHOTHAI,https://www.xiaohongshu.com/explore/6991867c000000001d024c26?xsec_token_redacted=1&xsec_source=pc_dots,本表只含现库未命中、固定实体、且引用小红书正文直接命名的新增候选；不等于已完成Google事实核验
素可泰府,餐饮美食,Chorphaka Sukhothai,措帕卡素可泰,泰餐厅,Thai Thai Resort步行5分钟,1,来泰国绝对不能错过这间Resort!!🇹🇭,https://www.xiaohongshu.com/explore/68207754000000000f038e7d?xsec_token_redacted=1&xsec_source=pc_dots,本表只含现库未命中、固定实体、且引用小红书正文直接命名的新增候选；不等于已完成Google事实核验
素可泰府,餐饮美食,Grandma Sert's Kitchen,奶奶瑟特厨房,家庭餐厅,离大路不远,1,素可泰老城推荐一家餐厅,https://www.xiaohongshu.com/explore/69606ffd000000001a025d1b?xsec_token_redacted=1&xsec_source=pc_dots,本表只含现库未命中、固定实体、且引用小红书正文直接命名的新增候选；不等于已完成Google事实核验
素可泰府,餐饮美食,Kwansiri Restaurant,宽西里餐厅,本地餐厅,西春寺附近,1,🇹🇭攻略｜泰国素可泰餐厅、民宿、乘车推荐‼️,https://www.xiaohongshu.com/explore/664b47730000000016012108?xsec_token_redacted=1&xsec_source=pc_dots,本表只含现库未命中、固定实体、且引用小红书正文直接命名的新增候选；不等于已完成Google事实核验
素可泰府,餐饮美食,Nai Bann Cafe,奈班咖啡馆,景观咖啡馆,,1,在素可泰找到了人生咖啡馆！附1️⃣日吃喝攻略,https://www.xiaohongshu.com/explore/697ace65000000001a02c74e?xsec_token_redacted=1&xsec_source=pc_dots,本表只含现库未命中、固定实体、且引用小红书正文直接命名的新增候选；不等于已完成Google事实核验
素可泰府,餐饮美食,Sinvana Thai Restaurant,辛瓦纳泰餐厅,泰餐厅,583 หมู่ที่ 3 Jarodvithi Thong,1,素可泰餐厅Sinvana Thai Restaurant,https://www.xiaohongshu.com/explore/66f17c3a000000002c02838d?xsec_token_redacted=1&xsec_source=pc_dots,本表只含现库未命中、固定实体、且引用小红书正文直接命名的新增候选；不等于已完成Google事实核验
素可泰府,交通服务,曼谷北部巴士站,Bangkok Bus Terminal (Chatuchak/Mo Chit 2),汽车站,靠近恰图恰市场,4,"从国内出发到素可泰交通攻略
曼谷市区坐大巴到素可泰
曼谷到素可泰的大巴
素可泰交通攻略（26年5月版）","https://www.xiaohongshu.com/explore/6a82e6350000000022011a5e?xsec_token_redacted=1&xsec_source=pc_dots
https://www.xiaohongshu.com/explore/6980b686000000001a021946?xsec_token_redacted=1&xsec_source=pc_dots
https://www.xiaohongshu.com/explore/69908043000000002800b905?xsec_token_redacted=1&xsec_source=pc_dots
https://www.xiaohongshu.com/explore/6a0acdfb000000003502ce02?xsec_token_redacted=1&xsec_source=pc_dots",本表只含现库未命中、固定实体、且引用小红书正文直接命名的新增候选；不等于已完成Google事实核验
素可泰府,交通服务,彭世洛汽车站1号,Phitsanulok Bus Terminal 1,汽车站,离彭世洛火车站2.3公里,2,"从国内出发到素可泰交通攻略
11元彭世洛到素可泰巴士攻略~~","https://www.xiaohongshu.com/explore/6a82e6350000000022011a5e?xsec_token_redacted=1&xsec_source=pc_dots
https://www.xiaohongshu.com/explore/69be9c73000000002102dadf?xsec_token_redacted=1&xsec_source=pc_dots",本表只含现库未命中、固定实体、且引用小红书正文直接命名的新增候选；不等于已完成Google事实核验
素可泰府,交通服务,素可泰新城汽车站,Sukhothai Bus Terminal,汽车站,离历史公园14公里,5,"11元彭世洛到素可泰巴士攻略~~
曼谷市区坐大巴到素可泰
彭世洛-素可泰的公共交通详解
从彭世洛如何去素可泰？超详细坐车攻略
🔥素可泰交通全攻略| 彭世洛→老城往返指南","https://www.xiaohongshu.com/explore/69be9c73000000002102dadf?xsec_token_redacted=1&xsec_source=pc_dots
https://www.xiaohongshu.com/explore/6980b686000000001a021946?xsec_token_redacted=1&xsec_source=pc_dots
https://www.xiaohongshu.com/explore/66b784570000000005031c09?xsec_token_redacted=1&xsec_source=pc_dots
https://www.xiaohongshu.com/explore/6948c263000000001e03a321?xsec_token_redacted=1&xsec_source=pc_dots
https://www.xiaohongshu.com/explore/67d44e43000000001a007e4a?xsec_token_redacted=1&xsec_source=pc_dots",本表只含现库未命中、固定实体、且引用小红书正文直接命名的新增候选；不等于已完成Google事实核验
素可泰府,住宿酒店,Baan B&B,班B&B,民宿,,1,在素可泰找到了人生咖啡馆！附1️⃣日吃喝攻略,https://www.xiaohongshu.com/explore/697ace65000000001a02c74e?xsec_token_redacted=1&xsec_source=pc_dots,本表只含现库未命中、固定实体、且引用小红书正文直接命名的新增候选；不等于已完成Google事实核验
素可泰府,住宿酒店,Le Charme Sukhothai,勒查梅素可泰,度假酒店,历史公园入口1公里,1,素可泰｜被问爆了的莫奈花园酒店！,https://www.xiaohongshu.com/explore/6793c6a000000000290126f3?xsec_token_redacted=1&xsec_source=pc_dots,本表只含现库未命中、固定实体、且引用小红书正文直接命名的新增候选；不等于已完成Google事实核验
素可泰府,住宿酒店,Old City Boutique House,老城精品屋,民宿,"历史公园步行距离,711路口",2,"🇹🇭攻略｜泰国素可泰餐厅、民宿、乘车推荐‼️
120r 泰国6城火车游第三站：素可泰","https://www.xiaohongshu.com/explore/664b47730000000016012108?xsec_token_redacted=1&xsec_source=pc_dots
https://www.xiaohongshu.com/explore/694286bc000000001f0055f1?xsec_token_redacted=1&xsec_source=pc_dots",本表只含现库未命中、固定实体、且引用小红书正文直接命名的新增候选；不等于已完成Google事实核验
素可泰府,住宿酒店,Sawasdee Sukhothai Resort,萨瓦迪素可泰度假村,度假村,历史公园5分钟车程,3,"200的酒店，无价的服务，在素可泰🇹🇭
素可泰人均100的酒店
素可泰平均房价不到800泰铢的独栋小屋泳池度假村和它还算丰富的早餐。
​推荐指数","https://www.xiaohongshu.com/explore/6666d5f3000000000e0318ea?xsec_token_redacted=1&xsec_source=pc_dots
https://www.xiaohongshu.com/explore/69d904af000000001d0199b1?xsec_token_redacted=1&xsec_source=pc_dots
https://www.xiaohongshu.com/explore/6a2caacb00000000170298c0?xsec_token_redacted=1&xsec_source=pc_dots",本表只含现库未命中、固定实体、且引用小红书正文直接命名的新增候选；不等于已完成Google事实核验
素可泰府,住宿酒店,SRIWILAI Hotel,斯里威莱酒店,酒店,,1,泰国自由行之：素可泰府这间酒店非常棒！,https://www.xiaohongshu.com/explore/69da024d000000002003a934?xsec_token_redacted=1&xsec_source=pc_dots,本表只含现库未命中、固定实体、且引用小红书正文直接命名的新增候选；不等于已完成Google事实核验
素可泰府,住宿酒店,Sukhothai Treasure Resort & Spa,素可泰珍宝度假村,度假村,历史公园附近,1,素可泰一日游这样玩！历史公园＋宝藏度假村✨,https://www.xiaohongshu.com/explore/6a705dc50000000011020bcc?xsec_token_redacted=1&xsec_source=pc_dots,本表只含现库未命中、固定实体、且引用小红书正文直接命名的新增候选；不等于已完成Google事实核验
素可泰府,住宿酒店,Taitai Sukhothai Resort,泰泰素可泰度假村,度假村,历史公园附近1.5公里,1,吹爆性价比天花板！素可泰Taitai Sukhothai,https://www.xiaohongshu.com/explore/679dc88c000000001902fb29?xsec_token_redacted=1&xsec_source=pc_dots,本表只含现库未命中、固定实体、且引用小红书正文直接命名的新增候选；不等于已完成Google事实核验
素可泰府,住宿酒店,Thai Thai Resort,泰泰度假村,度假村,历史公园车程10分钟,2,"清迈回曼谷｜中途入住素可泰 Thai Thai Reso
来泰国绝对不能错过这间Resort!!🇹🇭","https://www.xiaohongshu.com/explore/6a8a744f000000001602850e?xsec_token_redacted=1&xsec_source=pc_dots
https://www.xiaohongshu.com/explore/68207754000000000f038e7d?xsec_token_redacted=1&xsec_source=pc_dots",本表只含现库未命中、固定实体、且引用小红书正文直接命名的新增候选；不等于已完成Google事实核验
夜丰颂府,餐饮美食,比尔妹饭馆,,泰式与本地餐厅,拜县,1,清迈-拜县两天一夜，骑行攻略！,https://www.xiaohongshu.com/explore/6a1ec5610000000037035927?xsec_token_redacted=1&xsec_source=pc_dots,本表只含现库未命中、固定实体、且引用小红书正文直接命名的新增候选；不等于已完成Google事实核验
夜丰颂府,餐饮美食,两姐妹餐厅(缅甸菜),,东南亚风味餐厅,拜县,1,🇹🇭｜非常推荐拜县美食之缅甸菜两姐妹餐厅,https://www.xiaohongshu.com/explore/6a3fe5af000000001503f2c4?xsec_token_redacted=1&xsec_source=pc_dots,本表只含现库未命中、固定实体、且引用小红书正文直接命名的新增候选；不等于已完成Google事实核验
夜丰颂府,餐饮美食,Art Farm Studio(Art Farm Cafe),Art Farm Cafe,主题咖啡馆,拜县,2,"冬天在拜县100块躺一天咖啡馆的常规操作！
#413 / 拜县必去的咖啡店","https://www.xiaohongshu.com/explore/697d85a0000000000a02f5ca?xsec_token_redacted=1&xsec_source=pc_dots
https://www.xiaohongshu.com/explore/685658d800000000220304b4?xsec_token_redacted=1&xsec_source=pc_dots",本表只含现库未命中、固定实体、且引用小红书正文直接命名的新增候选；不等于已完成Google事实核验
夜丰颂府,餐饮美食,Bai Fern Restaurant,Bai Fern Restaurant,泰式与本地餐厅,夜丰颂市,1,泰国夜丰颂～实用完整攻略～旅居旅行,https://www.xiaohongshu.com/explore/6989bad0000000002801c286?xsec_token_redacted=1&xsec_source=pc_dots,本表只含现库未命中、固定实体、且引用小红书正文直接命名的新增候选；不等于已完成Google事实核验
夜丰颂府,餐饮美食,Duang Restaurant(ร้านอาหารดวง),ร้านอาหารดวง,融合料理餐厅,拜县,1,《🇹🇭拜县美食,https://www.xiaohongshu.com/explore/699703ee000000001a01ca1d?xsec_token_redacted=1&xsec_source=pc_dots,本表只含现库未命中、固定实体、且引用小红书正文直接命名的新增候选；不等于已完成Google事实核验
夜丰颂府,餐饮美食,Escape Sunset Bar Pai,Escape Sunset Bar Pai,酒吧与餐吧,拜县,1,躺平 说真的,https://www.xiaohongshu.com/explore/6a86b745000000002800920c?xsec_token_redacted=1&xsec_source=pc_dots,本表只含现库未命中、固定实体、且引用小红书正文直接命名的新增候选；不等于已完成Google事实核验
夜丰颂府,餐饮美食,James Chicken Rice and Noodles,James Chicken Rice and Noodles,面食与小吃,拜县,1,拜县好吃的路边小店,https://www.xiaohongshu.com/explore/6a312e180000000006021e26?xsec_token_redacted=1&xsec_source=pc_dots,本表只含现库未命中、固定实体、且引用小红书正文直接命名的新增候选；不等于已完成Google事实核验
夜丰颂府,餐饮美食,Kad Lang Hot Pot(กาดแลงคาเฟ่),กาดแลงคาเฟ่,火锅与烧烤,拜县,1,《🇹🇭拜县美食,https://www.xiaohongshu.com/explore/699703ee000000001a01ca1d?xsec_token_redacted=1&xsec_source=pc_dots,本表只含现库未命中、固定实体、且引用小红书正文直接命名的新增候选；不等于已完成Google事实核验
夜丰颂府,餐饮美食,Khun Si,Khun Si,泰式与本地餐厅,拜县,1,拜县好吃的路边小店,https://www.xiaohongshu.com/explore/6a312e180000000006021e26?xsec_token_redacted=1&xsec_source=pc_dots,本表只含现库未命中、固定实体、且引用小红书正文直接命名的新增候选；不等于已完成Google事实核验
夜丰颂府,餐饮美食,Little Good Things,Little Good Things,甜品与烘焙,夜丰颂市,1,泰国夜丰颂～实用完整攻略～旅居旅行,https://www.xiaohongshu.com/explore/6989bad0000000002801c286?xsec_token_redacted=1&xsec_source=pc_dots,本表只含现库未命中、固定实体、且引用小红书正文直接命名的新增候选；不等于已完成Google事实核验
夜丰颂府,餐饮美食,Na's Kitchen,Na's Kitchen,泰式与本地餐厅,拜县,1,拜县太好吃啦！连吃三天！Na's Kitchen🦐,https://www.xiaohongshu.com/explore/6a68871100000000060130ea?xsec_token_redacted=1&xsec_source=pc_dots,本表只含现库未命中、固定实体、且引用小红书正文直接命名的新增候选；不等于已完成Google事实核验
夜丰颂府,餐饮美食,Nong Beer Restaurant,Nong Beer Restaurant,泰式与本地餐厅,拜县,1,清迈拜县10元咖喱面，美味又实惠！,https://www.xiaohongshu.com/explore/69b658e5000000001a027887?xsec_token_redacted=1&xsec_source=pc_dots,本表只含现库未命中、固定实体、且引用小红书正文直接命名的新增候选；不等于已完成Google事实核验
夜丰颂府,餐饮美食,Noodle Soup House Ban Jabo(悬崖面馆),,面食与小吃,拜县向北50km,1,🇹🇭夜丰颂｜悬崖面馆，云雾缭绕的山间吃碗面,https://www.xiaohongshu.com/explore/68fcb57f0000000003037563?xsec_token_redacted=1&xsec_source=pc_dots,本表只含现库未命中、固定实体、且引用小红书正文直接命名的新增候选；不等于已完成Google事实核验
夜丰颂府,餐饮美食,Om Garden Cafe,Om Garden Cafe,咖啡馆,拜县,4,"冬天在拜县100块躺一天咖啡馆的常规操作！
泰国南邦府最佳两家咖啡馆，很值得去打卡
清迈Day15｜离开拜县早上打泰拳按摩店推荐
泰北自驾——路边咖啡馆","https://www.xiaohongshu.com/explore/697d85a0000000000a02f5ca?xsec_token_redacted=1&xsec_source=pc_dots
https://www.xiaohongshu.com/explore/66e109a900000000120122fe?xsec_token_redacted=1&xsec_source=pc_dots
https://www.xiaohongshu.com/explore/6914b3ea0000000005003323?xsec_token_redacted=1&xsec_source=pc_dots
https://www.xiaohongshu.com/explore/5ffb023b0000000001003c9a?xsec_token_redacted=1&xsec_source=pc_dots",本表只含现库未命中、固定实体、且引用小红书正文直接命名的新增候选；不等于已完成Google事实核验
夜丰颂府,餐饮美食,Tea Tea's Cafe and Bakery,Tea Tea's Cafe and Bakery,甜品与烘焙,拜县,4,"冬天在拜县100块躺一天咖啡馆的常规操作！
拜县好吃的路边小店
泰国南邦府最佳两家咖啡馆，很值得去打卡
泰北自驾——路边咖啡馆","https://www.xiaohongshu.com/explore/697d85a0000000000a02f5ca?xsec_token_redacted=1&xsec_source=pc_dots
https://www.xiaohongshu.com/explore/6a312e180000000006021e26?xsec_token_redacted=1&xsec_source=pc_dots
https://www.xiaohongshu.com/explore/66e109a900000000120122fe?xsec_token_redacted=1&xsec_source=pc_dots
https://www.xiaohongshu.com/explore/5ffb023b0000000001003c9a?xsec_token_redacted=1&xsec_source=pc_dots",本表只含现库未命中、固定实体、且引用小红书正文直接命名的新增候选；不等于已完成Google事实核验
夜丰颂府,餐饮美食,Wojia Cafe,Wojia Cafe,咖啡馆,夜丰颂市Ban Rak Thai,1,清迈夜丰颂Ban Rak Thai-Wojia Cafe,https://www.xiaohongshu.com/explore/692baf4f000000001e002c6e?xsec_token_redacted=1&xsec_source=pc_dots,本表只含现库未命中、固定实体、且引用小红书正文直接命名的新增候选；不等于已完成Google事实核验
夜丰颂府,餐饮美食,Yen Fo (Pink Noodle),Pink Noodle,面食与小吃,拜县,1,《🇹🇭拜县美食,https://www.xiaohongshu.com/explore/699703ee000000001a01ca1d?xsec_token_redacted=1&xsec_source=pc_dots,本表只含现库未命中、固定实体、且引用小红书正文直接命名的新增候选；不等于已完成Google事实核验
夜丰颂府,交通服务,牛洞寺接待处,,交通节点与游船服务,拜县与夜丰颂之间,1,泰国牛洞寺禅修最全攻略～旅拍,https://www.xiaohongshu.com/explore/694ad023000000001e024079?xsec_token_redacted=1&xsec_source=pc_dots,本表只含现库未命中、固定实体、且引用小红书正文直接命名的新增候选；不等于已完成Google事实核验
夜丰颂府,交通服务,清迈长途汽车站(Chiang Mai Arcade2),,汽车与巴士站,清迈,1,泰国旅行攻略14 | 拐760弯去住拜县这家酒店,https://www.xiaohongshu.com/explore/5fab74f3000000000101d9f9?xsec_token_redacted=1&xsec_source=pc_dots,本表只含现库未命中、固定实体、且引用小红书正文直接命名的新增候选；不等于已完成Google事实核验
夜丰颂府,康养SPA,拜县传统泰式按摩店,,泰式按摩,拜县,1,清迈Day15｜离开拜县早上打泰拳按摩店推荐,https://www.xiaohongshu.com/explore/6914b3ea0000000005003323?xsec_token_redacted=1&xsec_source=pc_dots,本表只含现库未命中、固定实体、且引用小红书正文直接命名的新增候选；不等于已完成Google事实核验
夜丰颂府,康养SPA,Anong Thai Massage,Anong Thai Massage,泰式按摩,拜县,2,"超详细⚠️一个人拜县旅游完全攻略(上)
清迈Day15｜离开拜县早上打泰拳按摩店推荐","https://www.xiaohongshu.com/explore/64a7c6850000000023035fca?xsec_token_redacted=1&xsec_source=pc_dots
https://www.xiaohongshu.com/explore/6914b3ea0000000005003323?xsec_token_redacted=1&xsec_source=pc_dots",本表只含现库未命中、固定实体、且引用小红书正文直接命名的新增候选；不等于已完成Google事实核验
夜丰颂府,康养SPA,Mamalon Massage,Mamalon Massage,泰式按摩,拜县,2,"🇹🇭拜县马杀鸡踩雷店｜别去这家
清迈Day15｜离开拜县早上打泰拳按摩店推荐","https://www.xiaohongshu.com/explore/63f45a250000000027011ab9?xsec_token_redacted=1&xsec_source=pc_dots
https://www.xiaohongshu.com/explore/6914b3ea0000000005003323?xsec_token_redacted=1&xsec_source=pc_dots",本表只含现库未命中、固定实体、且引用小红书正文直接命名的新增候选；不等于已完成Google事实核验
夜丰颂府,康养SPA,Prawniee Paicity2 Massage,Prawniee Paicity2 Massage,泰式按摩,拜县,1,清迈Day15｜离开拜县早上打泰拳按摩店推荐,https://www.xiaohongshu.com/explore/6914b3ea0000000005003323?xsec_token_redacted=1&xsec_source=pc_dots,本表只含现库未命中、固定实体、且引用小红书正文直接命名的新增候选；不等于已完成Google事实核验
夜丰颂府,康养SPA,Sapaiya Spa,Sapaiya Spa,SPA与水疗,拜县,1,超详细⚠️一个人拜县旅游完全攻略(上),https://www.xiaohongshu.com/explore/64a7c6850000000023035fca?xsec_token_redacted=1&xsec_source=pc_dots,本表只含现库未命中、固定实体、且引用小红书正文直接命名的新增候选；不等于已完成Google事实核验
夜丰颂府,住宿酒店,FARM STAY@Pai,FARM STAY@Pai,民宿与客栈,拜县,1,泰国｜在拜县不到200元一晚拥有独栋小木屋,https://www.xiaohongshu.com/explore/651febca000000001d039997?xsec_token_redacted=1&xsec_source=pc_dots,本表只含现库未命中、固定实体、且引用小红书正文直接命名的新增候选；不等于已完成Google事实核验
夜丰颂府,住宿酒店,Khun Yuam Resort(昆元度假村),Khun Yuam Resort,度假村,拜县,1,推荐两家夜丰颂环线上的住宿,https://www.xiaohongshu.com/explore/679ecd7e000000002900b488?xsec_token_redacted=1&xsec_source=pc_dots,本表只含现库未命中、固定实体、且引用小红书正文直接命名的新增候选；不等于已完成Google事实核验
夜丰颂府,住宿酒店,Moon Garden Hostel,Moon Garden Hostel,青年旅舍,拜县,1,拜县 30一晚的青旅,https://www.xiaohongshu.com/explore/6a2b59c900000000220084e3?xsec_token_redacted=1&xsec_source=pc_dots,本表只含现库未命中、固定实体、且引用小红书正文直接命名的新增候选；不等于已完成Google事实核验
夜丰颂府,住宿酒店,P.L.P. Guest House,P.L.P. Guest House,民宿与客栈,夜丰颂市,1,🇹🇭Mae Hong Son夜丰颂P.L.P Guest House,https://www.xiaohongshu.com/explore/670f97800000000016020d86?xsec_token_redacted=1&xsec_source=pc_dots,本表只含现库未命中、固定实体、且引用小红书正文直接命名的新增候选；不等于已完成Google事实核验
夜丰颂府,住宿酒店,Pai Kiniman Resort,Pai Kiniman Resort,度假村,拜县,1,在这样的国外乡下 你能待多久,https://www.xiaohongshu.com/explore/69129026000000000301b152?xsec_token_redacted=1&xsec_source=pc_dots,本表只含现库未命中、固定实体、且引用小红书正文直接命名的新增候选；不等于已完成Google事实核验
夜丰颂府,住宿酒店,Pai Village Boutique Resort(拜县精品农场度假村),Pai Village Boutique Resort,精品度假酒店,拜县,1,拜县神仙民宿免费住！🌿,https://www.xiaohongshu.com/explore/6982a8e0000000000d0082cc?xsec_token_redacted=1&xsec_source=pc_dots,本表只含现库未命中、固定实体、且引用小红书正文直接命名的新增候选；不等于已完成Google事实核验
夜丰颂府,住宿酒店,Phu Pai Art Resort(普派艺术酒店),Phu Pai Art Resort,度假村,拜县,1,泰国旅行攻略14 | 拐760弯去住拜县这家酒店,https://www.xiaohongshu.com/explore/5fab74f3000000000101d9f9?xsec_token_redacted=1&xsec_source=pc_dots,本表只含现库未命中、固定实体、且引用小红书正文直接命名的新增候选；不等于已完成Google事实核验
夜丰颂府,住宿酒店,PiYa Guest House,PiYa Guest House,民宿与客栈,夜丰颂市,1,泰国夜丰颂～实用完整攻略～旅居旅行,https://www.xiaohongshu.com/explore/6989bad0000000002801c286?xsec_token_redacted=1&xsec_source=pc_dots,本表只含现库未命中、固定实体、且引用小红书正文直接命名的新增候选；不等于已完成Google事实核验
夜丰颂府,住宿酒店,Pripta Boutique Resort,Pripta Boutique Resort,精品度假酒店,拜县,2,"推荐两家夜丰颂环线上的住宿
Reverie Siam Resort - 意式精品酒店","https://www.xiaohongshu.com/explore/679ecd7e000000002900b488?xsec_token_redacted=1&xsec_source=pc_dots
https://www.xiaohongshu.com/explore/6a254d3f0000000013020400?xsec_token_redacted=1&xsec_source=pc_dots",本表只含现库未命中、固定实体、且引用小红书正文直接命名的新增候选；不等于已完成Google事实核验
夜丰颂府,住宿酒店,Reverie Siam Resort,Reverie Siam Resort,精品度假酒店,拜县,1,Reverie Siam Resort - 意式精品酒店,https://www.xiaohongshu.com/explore/6a254d3f0000000013020400?xsec_token_redacted=1&xsec_source=pc_dots,本表只含现库未命中、固定实体、且引用小红书正文直接命名的新增候选；不等于已完成Google事实核验
夜丰颂府,住宿酒店,Romtai House Mae Hong Son,Romtai House Mae Hong Son,民宿与客栈,夜丰颂市,1,泰国夜丰颂～实用完整攻略～旅居旅行,https://www.xiaohongshu.com/explore/6989bad0000000002801c286?xsec_token_redacted=1&xsec_source=pc_dots,本表只含现库未命中、固定实体、且引用小红书正文直接命名的新增候选；不等于已完成Google事实核验
夜丰颂府,住宿酒店,The Riverfront Reserve(河畔珍藏),The Riverfront Reserve,度假酒店,拜县,2,"泰国拜县好去处
Pai县-The Riverfront Reserve（河畔珍藏）","https://www.xiaohongshu.com/explore/5ebaa0190000000001000317?xsec_token_redacted=1&xsec_source=pc_dots
https://www.xiaohongshu.com/explore/69c53fdb000000001a02a924?xsec_token_redacted=1&xsec_source=pc_dots",本表只含现库未命中、固定实体、且引用小红书正文直接命名的新增候选；不等于已完成Google事实核验
夜丰颂府,住宿酒店,TIMN Co-working Space & Hostel Female Only,TIMN Co-working Space & Hostel Female Only,青年旅舍,拜县,2,"清迈Day15｜离开拜县早上打泰拳按摩店推荐
在这样的国外乡下 你能待多久","https://www.xiaohongshu.com/explore/6914b3ea0000000005003323?xsec_token_redacted=1&xsec_source=pc_dots
https://www.xiaohongshu.com/explore/69129026000000000301b152?xsec_token_redacted=1&xsec_source=pc_dots",本表只含现库未命中、固定实体、且引用小红书正文直接命名的新增候选；不等于已完成Google事实核验
夜丰颂府,住宿酒店,Yoma Hotel,Yoma Hotel,精品酒店,拜县,1,Reverie Siam Resort - 意式精品酒店,https://www.xiaohongshu.com/explore/6a254d3f0000000013020400?xsec_token_redacted=1&xsec_source=pc_dots,本表只含现库未命中、固定实体、且引用小红书正文直接命名的新增候选；不等于已完成Google事实核验
夜丰颂府,住宿酒店,ปล่อยใจ ปลายนา - ที่พักแม่ฮ่องสอน,ปล่อยใจ ปลายนา - ที่พักแม่ฮ่องสอน,民宿与客栈,夜丰颂市,1,2025年8月碧差汶-彭世洛-帕府-南奔-夜丰颂,https://www.xiaohongshu.com/explore/68aa4667000000001d03b47c?xsec_token_redacted=1&xsec_source=pc_dots,本表只含现库未命中、固定实体、且引用小红书正文直接命名的新增候选；不等于已完成Google事实核验
春蓬府,餐饮美食,树屋咖啡厅,Bang Otron Tree House,海边咖啡馆,海边沙滩上,1,春蓬海边树屋咖啡厅 宠物友好拍照太出片了,https://www.xiaohongshu.com/explore/6a5863e50000000011006c73?xsec_token_redacted=1&xsec_source=pc_dots,本表只含现库未命中、固定实体、且引用小红书正文直接命名的新增候选；不等于已完成Google事实核验
春蓬府,餐饮美食,无名餐厅,(No Name Restaurant),泰餐,BIG ONE superstore旁边,1,🇹🇭春蓬｜三天三夜吃喝住行全攻略,https://www.xiaohongshu.com/explore/69a82d160000000022023db8?xsec_token_redacted=1&xsec_source=pc_dots,本表只含现库未命中、固定实体、且引用小红书正文直接命名的新增候选；不等于已完成Google事实核验
春蓬府,餐饮美食,植物咖啡店,(Plant Coffee Shop),咖啡馆,市区,1,未被“网红化”的泰国/春蓬府,https://www.xiaohongshu.com/explore/69c11256000000002301534c?xsec_token_redacted=1&xsec_source=pc_dots,本表只含现库未命中、固定实体、且引用小红书正文直接命名的新增候选；不等于已完成Google事实核验
春蓬府,餐饮美食,Baan Ouadchum Treehouse,บ้านต้นไม้อวดชุม,树屋餐厅,"海边,距市中心41km",2,"春蓬自驾〡海边树屋登高远眺海湾，好吃好看
泰国春蓬自驾〡小众海边高性价比民宿","https://www.xiaohongshu.com/explore/6a9195e7000000002003cabc?xsec_token_redacted=1&xsec_source=pc_dots
https://www.xiaohongshu.com/explore/6a915691000000002503d06b?xsec_token_redacted=1&xsec_source=pc_dots",本表只含现库未命中、固定实体、且引用小红书正文直接命名的新增候选；不等于已完成Google事实核验
春蓬府,餐饮美食,Baan Yai Sri,Baan Yai Sri,河边餐厅,"雨林别墅附近,需预约",1,泰国南部自驾之旅2.12-21第九章 春蓬雨林,https://www.xiaohongshu.com/explore/69c25618000000001a02b0ab?xsec_token_redacted=1&xsec_source=pc_dots,本表只含现库未命中、固定实体、且引用小红书正文直接命名的新增候选；不等于已完成Google事实核验
春蓬府,餐饮美食,Coffee Bar 99,Coffee Bar 99,咖啡馆,市区,1,🇹🇭小众旅行地➡️春蓬，榴莲爱好者速来,https://www.xiaohongshu.com/explore/683b202d000000002102cc1b?xsec_token_redacted=1&xsec_source=pc_dots,本表只含现库未命中、固定实体、且引用小红书正文直接命名的新增候选；不等于已完成Google事实核验
春蓬府,餐饮美食,Coffee Tree House,Coffee Tree House,树屋咖啡馆,海边水塘旁,1,春蓬隐藏秘境！纯白水牛守护的树屋咖啡店,https://www.xiaohongshu.com/explore/693a21c0000000001b030666?xsec_token_redacted=1&xsec_source=pc_dots,本表只含现库未命中、固定实体、且引用小红书正文直接命名的新增候选；不等于已完成Google事实核验
春蓬府,餐饮美食,Farida Cha Roti,Farida Cha Roti,本地餐馆,市区,1,泰南春蓬,https://www.xiaohongshu.com/explore/6a7d3913000000003300bca7?xsec_token_redacted=1&xsec_source=pc_dots,本表只含现库未命中、固定实体、且引用小红书正文直接命名的新增候选；不等于已完成Google事实核验
春蓬府,餐饮美食,Hor Chia Dim Sum Restaurant,Hor Chia Dim Sum Restaurant,广式点心,火车站附近,1,春蓬一日躺平游记,https://www.xiaohongshu.com/explore/69885dbc0000000028008846?xsec_token_redacted=1&xsec_source=pc_dots,本表只含现库未命中、固定实体、且引用小红书正文直接命名的新增候选；不等于已完成Google事实核验
春蓬府,餐饮美食,Lay Tung Laen Seafood,Lay tung laenseafood,海鲜餐厅,通瓦兰沙滩,1,🇹🇭春蓬｜三天三夜吃喝住行全攻略,https://www.xiaohongshu.com/explore/69a82d160000000022023db8?xsec_token_redacted=1&xsec_source=pc_dots,本表只含现库未命中、固定实体、且引用小红书正文直接命名的新增候选；不等于已完成Google事实核验
春蓬府,餐饮美食,Lung Plen,Lung Plen,河边餐厅,雨林别墅附近,1,泰国南部自驾之旅2.12-21第九章 春蓬雨林,https://www.xiaohongshu.com/explore/69c25618000000001a02b0ab?xsec_token_redacted=1&xsec_source=pc_dots,本表只含现库未命中、固定实体、且引用小红书正文直接命名的新增候选；不等于已完成Google事实核验
春蓬府,餐饮美食,mama咖啡,mama Coffee,咖啡甜品,火车站附近,1,春蓬一日躺平游记,https://www.xiaohongshu.com/explore/69885dbc0000000028008846?xsec_token_redacted=1&xsec_source=pc_dots,本表只含现库未命中、固定实体、且引用小红书正文直接命名的新增候选；不等于已完成Google事实核验
春蓬府,餐饮美食,papa餐馆,papa Restaurant,酒馆餐吧,火车站对面,1,春蓬一日躺平游记,https://www.xiaohongshu.com/explore/69885dbc0000000028008846?xsec_token_redacted=1&xsec_source=pc_dots,本表只含现库未命中、固定实体、且引用小红书正文直接命名的新增候选；不等于已完成Google事实核验
春蓬府,餐饮美食,Pimploy餐厅,Pimploy Restaurant,本地菜,市区,1,泰国小众地春蓬🇹🇭千字旅游攻略真心大放送,https://www.xiaohongshu.com/explore/65df30730000000003036527?xsec_token_redacted=1&xsec_source=pc_dots,本表只含现库未命中、固定实体、且引用小红书正文直接命名的新增候选；不等于已完成Google事实核验
春蓬府,餐饮美食,Sook Samoer Fish Head Hot Pot,Sook Samoer Fish Head Hot Pot,鱼肉料理,市区,1,🇹🇭小众旅行地➡️春蓬，榴莲爱好者速来,https://www.xiaohongshu.com/explore/683b202d000000002102cc1b?xsec_token_redacted=1&xsec_source=pc_dots,本表只含现库未命中、固定实体、且引用小红书正文直接命名的新增候选；不等于已完成Google事实核验
春蓬府,餐饮美食,มัทรี วัลเลย์ Restaurant & Cafe',มัทรี วัลเลย์ Restaurant&Cafe,景观咖啡馆兼餐厅,Khao Matsee观景台附近,3,"未被“网红化”的泰国/春蓬府
🇹🇭春蓬｜三天三夜吃喝住行全攻略
泰国春蓬🇹🇭山顶的绝美咖啡馆+动物园","https://www.xiaohongshu.com/explore/69c11256000000002301534c?xsec_token_redacted=1&xsec_source=pc_dots
https://www.xiaohongshu.com/explore/69a82d160000000022023db8?xsec_token_redacted=1&xsec_source=pc_dots
https://www.xiaohongshu.com/explore/68a18b77000000001d01b531?xsec_token_redacted=1&xsec_source=pc_dots",本表只含现库未命中、固定实体、且引用小红书正文直接命名的新增候选；不等于已完成Google事实核验
春蓬府,购物商业,春蓬夜市,Chumphon Night Market,夜市,Aphakornkiatiwong Park公园门口,3,"未被“网红化”的泰国/春蓬府
🇹🇭春蓬｜三天三夜吃喝住行全攻略
泰国小众地春蓬🇹🇭千字旅游攻略真心大放送","https://www.xiaohongshu.com/explore/69c11256000000002301534c?xsec_token_redacted=1&xsec_source=pc_dots
https://www.xiaohongshu.com/explore/69a82d160000000022023db8?xsec_token_redacted=1&xsec_source=pc_dots
https://www.xiaohongshu.com/explore/65df30730000000003036527?xsec_token_redacted=1&xsec_source=pc_dots",本表只含现库未命中、固定实体、且引用小红书正文直接命名的新增候选；不等于已完成Google事实核验
春蓬府,购物商业,BIG ONE superstore,BIG ONE superstore,超市,市区,1,🇹🇭春蓬｜三天三夜吃喝住行全攻略,https://www.xiaohongshu.com/explore/69a82d160000000022023db8?xsec_token_redacted=1&xsec_source=pc_dots,本表只含现库未命中、固定实体、且引用小红书正文直接命名的新增候选；不等于已完成Google事实核验
春蓬府,购物商业,Chumphon Food Market,Chumphon Food Market,菜市场,市区,2,"🇹🇭小众旅行地➡️春蓬，榴莲爱好者速来
我竟然吃到了7块钱一斤的榴莲","https://www.xiaohongshu.com/explore/683b202d000000002102cc1b?xsec_token_redacted=1&xsec_source=pc_dots
https://www.xiaohongshu.com/explore/6838707e000000002101b9d1?xsec_token_redacted=1&xsec_source=pc_dots",本表只含现库未命中、固定实体、且引用小红书正文直接命名的新增候选；不等于已完成Google事实核验
春蓬府,购物商业,Chumphon Public Market,Chumphon Public Market,公共市场,市区,1,🇹🇭小众旅行地➡️春蓬，榴莲爱好者速来,https://www.xiaohongshu.com/explore/683b202d000000002102cc1b?xsec_token_redacted=1&xsec_source=pc_dots,本表只含现库未命中、固定实体、且引用小红书正文直接命名的新增候选；不等于已完成Google事实核验
春蓬府,购物商业,Ocean Mall,Ocean Mall,商场,火车站附近,1,春蓬不止是中转站，军舰火车美食在等你,https://www.xiaohongshu.com/explore/6a67f142000000001d00cffe?xsec_token_redacted=1&xsec_source=pc_dots,本表只含现库未命中、固定实体、且引用小红书正文直接命名的新增候选；不等于已完成Google事实核验
春蓬府,购物商业,Ruam Charoen Market,Ruam charoen market,本地市场,离市区较远,1,泰国小众地春蓬🇹🇭千字旅游攻略真心大放送,https://www.xiaohongshu.com/explore/65df30730000000003036527?xsec_token_redacted=1&xsec_source=pc_dots,本表只含现库未命中、固定实体、且引用小红书正文直接命名的新增候选；不等于已完成Google事实核验
春蓬府,交通服务,春蓬火车站,Chumphon Railway Station,火车站,市区,1,春蓬火车站到春蓬码头（150🐷，皮卡车）,https://www.xiaohongshu.com/explore/6704598a000000002c016b0e?xsec_token_redacted=1&xsec_source=pc_dots,本表只含现库未命中、固定实体、且引用小红书正文直接命名的新增候选；不等于已完成Google事实核验
春蓬府,交通服务,春蓬机场,Chumphon Airport,机场,市区附近,3,"【泰国春蓬至龟岛出行全攻略】深度解析，避免
🇹🇭春蓬｜比苏梅更安静的度假天堂💙
我终于知道为什么涛岛的中国人那么少了","https://www.xiaohongshu.com/explore/66bcc3b80000000005021ecc?xsec_token_redacted=1&xsec_source=pc_dots
https://www.xiaohongshu.com/explore/68f233610000000005000e10?xsec_token_redacted=1&xsec_source=pc_dots
https://www.xiaohongshu.com/explore/66a5c3870000000009016513?xsec_token_redacted=1&xsec_source=pc_dots",本表只含现库未命中、固定实体、且引用小红书正文直接命名的新增候选；不等于已完成Google事实核验
春蓬府,交通服务,春蓬码头,Chumphon Pier (Lomprayah),码头,市区附近,4,"春蓬火车站到春蓬码头（150🐷，皮卡车）
从曼谷苏万那普机场坐火车到涛岛的行程
我终于知道为什么涛岛的中国人那么少了
春蓬🌴🌊","https://www.xiaohongshu.com/explore/6704598a000000002c016b0e?xsec_token_redacted=1&xsec_source=pc_dots
https://www.xiaohongshu.com/explore/6664eaef0000000006006e08?xsec_token_redacted=1&xsec_source=pc_dots
https://www.xiaohongshu.com/explore/66a5c3870000000009016513?xsec_token_redacted=1&xsec_source=pc_dots
https://www.xiaohongshu.com/explore/67d94b50000000001b03e2e6?xsec_token_redacted=1&xsec_source=pc_dots",本表只含现库未命中、固定实体、且引用小红书正文直接命名的新增候选；不等于已完成Google事实核验
春蓬府,交通服务,曼谷新火车站,Bangkok New Railway Station,火车站,曼谷,1,从曼谷苏万那普机场坐火车到涛岛的行程,https://www.xiaohongshu.com/explore/6664eaef0000000006006e08?xsec_token_redacted=1&xsec_source=pc_dots,本表只含现库未命中、固定实体、且引用小红书正文直接命名的新增候选；不等于已完成Google事实核验
春蓬府,景点观光,通瓦兰沙滩,Thong Wa Lan Beach,海滩,Cleanwave Resort门口,1,🇹🇭春蓬｜三天三夜吃喝住行全攻略,https://www.xiaohongshu.com/explore/69a82d160000000022023db8?xsec_token_redacted=1&xsec_source=pc_dots,本表只含现库未命中、固定实体、且引用小红书正文直接命名的新增候选；不等于已完成Google事实核验
春蓬府,景点观光,Ao Bo Mao Bay,Ao Bo Mao Bay,海湾,距市中心33km,1,泰国春蓬自驾〡小众海边高性价比民宿,https://www.xiaohongshu.com/explore/6a915691000000002503d06b?xsec_token_redacted=1&xsec_source=pc_dots,本表只含现库未命中、固定实体、且引用小红书正文直接命名的新增候选；不等于已完成Google事实核验
春蓬府,景点观光,Khao Matri View Point,Khao Matri View Point/Khao Matsee View Point,山顶观景台,市区附近山上,3,"未被“网红化”的泰国/春蓬府
泰南春蓬
泰国春蓬🇹🇭山顶的绝美咖啡馆+动物园","https://www.xiaohongshu.com/explore/69c11256000000002301534c?xsec_token_redacted=1&xsec_source=pc_dots
https://www.xiaohongshu.com/explore/6a7d3913000000003300bca7?xsec_token_redacted=1&xsec_source=pc_dots
https://www.xiaohongshu.com/explore/68a18b77000000001d01b531?xsec_token_redacted=1&xsec_source=pc_dots",本表只含现库未命中、固定实体、且引用小红书正文直接命名的新增候选；不等于已完成Google事实核验
春蓬府,景点观光,Pak Nam Chumphon Beach,Pak Nam Chumphon Beach ชายทะเลปากน้ําชุมพร,海滩,市区附近,1,未被“网红化”的泰国/春蓬府,https://www.xiaohongshu.com/explore/69c11256000000002301534c?xsec_token_redacted=1&xsec_source=pc_dots,本表只含现库未命中、固定实体、且引用小红书正文直接命名的新增候选；不等于已完成Google事实核验
春蓬府,景点观光,Saphli Beach,Saphli Beach,海滩,秘境度假村附近,1,春蓬一日躺平游记,https://www.xiaohongshu.com/explore/69885dbc0000000028008846?xsec_token_redacted=1&xsec_source=pc_dots,本表只含现库未命中、固定实体、且引用小红书正文直接命名的新增候选；不等于已完成Google事实核验
春蓬府,景点观光,Suspension Bridge - Deer,Suspension Bridge - Deer สะพานชมกวาง,麋鹿公园,市区附近,2,"🇹🇭春蓬｜三天三夜吃喝住行全攻略
泰南春蓬","https://www.xiaohongshu.com/explore/69a82d160000000022023db8?xsec_token_redacted=1&xsec_source=pc_dots
https://www.xiaohongshu.com/explore/6a7d3913000000003300bca7?xsec_token_redacted=1&xsec_source=pc_dots",本表只含现库未命中、固定实体、且引用小红书正文直接命名的新增候选；不等于已完成Google事实核验
春蓬府,景点观光,Tham Than Nam Lot,Tham Than Nam Lot,天门山/洞穴,距曼谷6小时车程,1,泰国版天门山｜云海仙境在春蓬,https://www.xiaohongshu.com/explore/690ac3a00000000005038ccb?xsec_token_redacted=1&xsec_source=pc_dots,本表只含现库未命中、固定实体、且引用小红书正文直接命名的新增候选；不等于已完成Google事实核验
春蓬府,景点观光,南园岛,Nang Yuan Island,海岛海滩与水上,涛岛附近,2,"🇹🇭被欧美人占领的宝藏小岛🏝️涛岛怎么玩
从曼谷苏万那普机场坐火车到涛岛的行程","https://www.xiaohongshu.com/explore/6a81773b00000000330371f7?xsec_token_redacted=1&xsec_source=pc_dots
https://www.xiaohongshu.com/explore/6664eaef0000000006006e08?xsec_token_redacted=1&xsec_source=pc_dots",本表只含现库未命中、固定实体、且引用小红书正文直接命名的新增候选；不等于已完成Google事实核验
春蓬府,交通服务,涛岛码头,Koh Tao Pier,码头与渡轮,涛岛,2,"【泰国春蓬至龟岛出行全攻略】深度解析，避免
我终于知道为什么涛岛的中国人那么少了","https://www.xiaohongshu.com/explore/66bcc3b80000000005021ecc?xsec_token_redacted=1&xsec_source=pc_dots
https://www.xiaohongshu.com/explore/66a5c3870000000009016513?xsec_token_redacted=1&xsec_source=pc_dots",本表只含现库未命中、固定实体、且引用小红书正文直接命名的新增候选；不等于已完成Google事实核验
春蓬府,康养SPA,วันสุข นวดเพื่อสุขภาพ สาขา1,วันสุข นวดเพื่อสุขภาพ สาขา1,按摩店,市区,1,🇹🇭春蓬｜三天三夜吃喝住行全攻略,https://www.xiaohongshu.com/explore/69a82d160000000022023db8?xsec_token_redacted=1&xsec_source=pc_dots,本表只含现库未命中、固定实体、且引用小红书正文直接命名的新增候选；不等于已完成Google事实核验
春蓬府,住宿酒店,蓝坦海滩民宿,แหลมแท่นโฮมบีช รีสอร์ท,海湾民宿,"Ao Bo Mao Bay,距市中心33km",1,泰国春蓬自驾〡小众海边高性价比民宿,https://www.xiaohongshu.com/explore/6a915691000000002503d06b?xsec_token_redacted=1&xsec_source=pc_dots,本表只含现库未命中、固定实体、且引用小红书正文直接命名的新增候选；不等于已完成Google事实核验
春蓬府,住宿酒店,秘境度假村,Clean Wave Resort Chumphon,海边秘境度假村,"Saphli, Pathio District",1,春蓬秘境渡假村｜住进海边的森林小屋，享,https://www.xiaohongshu.com/explore/67b2d11b000000001800bc88?xsec_token_redacted=1&xsec_source=pc_dots,本表只含现库未命中、固定实体、且引用小红书正文直接命名的新增候选；不等于已完成Google事实核验
春蓬府,住宿酒店,娜娜海滩度假村,Nana Beach Resort,海滩度假村,"离码头40分钟车程,离市中心20分钟",1,春蓬🌴🌊,https://www.xiaohongshu.com/explore/67d94b50000000001b03e2e6?xsec_token_redacted=1&xsec_source=pc_dots,本表只含现库未命中、固定实体、且引用小红书正文直接命名的新增候选；不等于已完成Google事实核验
春蓬府,住宿酒店,诺沃春蓬海滩度假村,The Nouveau Chumphon Beach Resort & Golf,海滩度假村,山顶360度海景,1,🌴 优惠速递！今年7月，来泰国春蓬府 (Chumphon) 享受超值度假吧 ☀,https://www.xiaohongshu.com/explore/6a3288ff000000000e031400?xsec_token_redacted=1&xsec_source=pc_dots,本表只含现库未命中、固定实体、且引用小红书正文直接命名的新增候选；不等于已完成Google事实核验
春蓬府,住宿酒店,莎莎旅馆,Salsa Hostel,青旅/旅馆,市区,2,"穷游第16天泰国春蓬
🇹🇭小众旅行地➡️春蓬，榴莲爱好者速来","https://www.xiaohongshu.com/explore/66b7641c00000000090150d9?xsec_token_redacted=1&xsec_source=pc_dots
https://www.xiaohongshu.com/explore/683b202d000000002102cc1b?xsec_token_redacted=1&xsec_source=pc_dots",本表只含现库未命中、固定实体、且引用小红书正文直接命名的新增候选；不等于已完成Google事实核验
春蓬府,住宿酒店,树屋酒店,Baan Ouadchum Treehouse,树屋民宿,"海边,距市中心41km",2,"春蓬自驾〡海边树屋登高远眺海湾，好吃好看
泰国春蓬自驾〡小众海边高性价比民宿","https://www.xiaohongshu.com/explore/6a9195e7000000002003cabc?xsec_token_redacted=1&xsec_source=pc_dots
https://www.xiaohongshu.com/explore/6a915691000000002503d06b?xsec_token_redacted=1&xsec_source=pc_dots",本表只含现库未命中、固定实体、且引用小红书正文直接命名的新增候选；不等于已完成Google事实核验
春蓬府,住宿酒店,雨林别墅,Villa Varich,雨林度假村,"邦马克村,丛林河畔",2,"泰国南部自驾之旅2.12-21第九章 春蓬雨林
泰国小众地春蓬🇹🇭千字旅游攻略真心大放送","https://www.xiaohongshu.com/explore/69c25618000000001a02b0ab?xsec_token_redacted=1&xsec_source=pc_dots
https://www.xiaohongshu.com/explore/65df30730000000003036527?xsec_token_redacted=1&xsec_source=pc_dots",本表只含现库未命中、固定实体、且引用小红书正文直接命名的新增候选；不等于已完成Google事实核验
春蓬府,住宿酒店,Cleanwave Resort,Cleanwave Resort Chumphon,度假村,通瓦兰沙滩旁,2,"🇹🇭春蓬｜三天三夜吃喝住行全攻略
春蓬秘境渡假村｜住进海边的森林小屋，享","https://www.xiaohongshu.com/explore/69a82d160000000022023db8?xsec_token_redacted=1&xsec_source=pc_dots
https://www.xiaohongshu.com/explore/67b2d11b000000001800bc88?xsec_token_redacted=1&xsec_source=pc_dots",本表只含现库未命中、固定实体、且引用小红书正文直接命名的新增候选；不等于已完成Google事实核验
大城府,餐饮美食,大门凤火锅鸡,大门凤火锅鸡,火锅与烧烤,滨河街旁边,1,大城美食推荐（大门凤火锅鸡）,https://www.xiaohongshu.com/explore/67cc4b08000000002900d0dc?xsec_token_redacted=1&xsec_source=pc_dots,本表只含现库未命中、固定实体、且引用小红书正文直接命名的新增候选；不等于已完成Google事实核验
大城府,餐饮美食,陶宝砂锅,陶宝砂锅,餐厅与本地美食,府东西边,1,大城美食｜冬天就要吃些热乎的,https://www.xiaohongshu.com/explore/67190d5d000000001b011264?xsec_token_redacted=1&xsec_source=pc_dots,本表只含现库未命中、固定实体、且引用小红书正文直接命名的新增候选；不等于已完成Google事实核验
大城府,餐饮美食,囍聯鸿,囍聯鸿,餐厅,王府花园对面,1,大城美食：吃过很多次的囍聯鸿，我有话说,https://www.xiaohongshu.com/explore/69d470350000000021012cec?xsec_token_redacted=1&xsec_source=pc_dots,本表只含现库未命中、固定实体、且引用小红书正文直接命名的新增候选；不等于已完成Google事实核验
大城府,餐饮美食,For Filter Coffee Roaster,For Filter Coffee Roaster,咖啡馆,河边,1,For Filter Coffee Roaster,https://www.xiaohongshu.com/explore/6975b189000000000a029d7b?xsec_token_redacted=1&xsec_source=pc_dots,本表只含现库未命中、固定实体、且引用小红书正文直接命名的新增候选；不等于已完成Google事实核验
大城府,餐饮美食,FOR YOU CAFE,FOR YOU CAFE,亲子咖啡馆兼餐厅,火车站河对面,1,Ayutthaya大城！孩子很爱的手工冰淇淋餐厅,https://www.xiaohongshu.com/explore/6790baf500000000170393f0?xsec_token_redacted=1&xsec_source=pc_dots,本表只含现库未命中、固定实体、且引用小红书正文直接命名的新增候选；不等于已完成Google事实核验
大城府,餐饮美食,Himawari Cafe,Himawari Cafe,咖啡馆,古城内,1,大城府 Himawari Cafe,https://www.xiaohongshu.com/explore/69edf6f000000000350279fe?xsec_token_redacted=1&xsec_source=pc_dots,本表只含现库未命中、固定实体、且引用小红书正文直接命名的新增候选；不等于已完成Google事实核验
大城府,餐饮美食,Lung Lek Boat Noodle,Lung Lek Boat Noodle,面食与小吃,古城内,1,曼谷往返大城一日游,https://www.xiaohongshu.com/explore/6a80750b0000000005033cd0?xsec_token_redacted=1&xsec_source=pc_dots,本表只含现库未命中、固定实体、且引用小红书正文直接命名的新增候选；不等于已完成Google事实核验
大城府,餐饮美食,Rak Na Ayutthaya,Rak Na Ayutthaya รักษ์นา อยุธยา,咖啡馆,Ban Pom,1,不去可惜的大城府稻田咖啡馆,https://www.xiaohongshu.com/explore/67acb150000000002901d2ce?xsec_token_redacted=1&xsec_source=pc_dots,本表只含现库未命中、固定实体、且引用小红书正文直接命名的新增候选；不等于已完成Google事实核验
大城府,餐饮美食,Sun's Son cafe x Bistro,Sun's Son Café x Bistro,咖啡馆,河边小巷,1,大城府-探店笔记,https://www.xiaohongshu.com/explore/6a379e41000000000d00bc00?xsec_token_redacted=1&xsec_source=pc_dots,本表只含现库未命中、固定实体、且引用小红书正文直接命名的新增候选；不等于已完成Google事实核验
大城府,餐饮美食,The Artisans Ayutthaya,The Artisans Ayutthaya,餐厅与本地美食,河边,1,曼谷大城府，让你惊艳尖叫餐厅,https://www.xiaohongshu.com/explore/67dac6fa000000001d00403a?xsec_token_redacted=1&xsec_source=pc_dots,本表只含现库未命中、固定实体、且引用小红书正文直接命名的新增候选；不等于已完成Google事实核验
大城府,餐饮美食,The Summer House,The Summer House,咖啡馆,南部,1,大城🇹🇭｜Sea小海同款咖啡厅,https://www.xiaohongshu.com/explore/6a328cb8000000002103fc4d?xsec_token_redacted=1&xsec_source=pc_dots,本表只含现库未命中、固定实体、且引用小红书正文直接命名的新增候选；不等于已完成Google事实核验
大城府,购物商业,Ong Gaan Tolasap Night Market,Ong Gaan Tolasap Night Market,夜市,玛哈泰寺对面,2,"第2次到大城府   我的感受是
大城夜游夜市 | 曼谷出发超全攻略","https://www.xiaohongshu.com/explore/66e39aa500000000120119b3?xsec_token_redacted=1&xsec_source=pc_dots
https://www.xiaohongshu.com/explore/667efed7000000001c036aba?xsec_token_redacted=1&xsec_source=pc_dots",本表只含现库未命中、固定实体、且引用小红书正文直接命名的新增候选；不等于已完成Google事实核验
大城府,交通服务,大城府火车站,Ayutthaya Railway Station,火车站,城区中心,8,"泰国🇹🇭大城府民宿推荐-罗望子宾馆
大城府两日游，民宿推荐
202508 泰国大城府必经码头 美味烫嘴早点摊
曼谷大城府一日游极简攻略
#游玩攻略[话题]#
1、游玩交通
曼谷｜坐火车从曼谷去大城府一日游
第一步：出","https://www.xiaohongshu.com/explore/69f7262a000000003502687f?xsec_token_redacted=1&xsec_source=pc_dots
https://www.xiaohongshu.com/explore/68d16947000000000e021ae7?xsec_token_redacted=1&xsec_source=pc_dots
https://www.xiaohongshu.com/explore/68a08a6d000000001d00f02b?xsec_token_redacted=1&xsec_source=pc_dots
https://www.xiaohongshu.com/explore/66c0bea2000000000503b577?xsec_token_redacted=1&xsec_source=pc_dots
https://www.xiaohongshu.com/explore/6a8529280000000028004615?xsec_token_redacted=1&xsec_source=pc_dots",本表只含现库未命中、固定实体、且引用小红书正文直接命名的新增候选；不等于已完成Google事实核验
大城府,交通服务,Ayutthaya Train Station Pier,ท่าเทียบเรือสถานีรถไฟอยุธยา,码头,火车站对面小巷,4,"泰国🇹🇭大城府民宿推荐-罗望子宾馆
202508 泰国大城府必经码头 美味烫嘴早点摊
曼谷大城府一日游极简攻略
#游玩攻略[话题]#
1、游玩交通
曼谷｜坐火车从曼谷去大城府一日游
第一步：出","https://www.xiaohongshu.com/explore/69f7262a000000003502687f?xsec_token_redacted=1&xsec_source=pc_dots
https://www.xiaohongshu.com/explore/68a08a6d000000001d00f02b?xsec_token_redacted=1&xsec_source=pc_dots
https://www.xiaohongshu.com/explore/66c0bea2000000000503b577?xsec_token_redacted=1&xsec_source=pc_dots
https://www.xiaohongshu.com/explore/6a8529280000000028004615?xsec_token_redacted=1&xsec_source=pc_dots",本表只含现库未命中、固定实体、且引用小红书正文直接命名的新增候选；不等于已完成Google事实核验
大城府,交通服务,Chao Phrom Market Pier,Chao Phrom Market Pier,码头,河对岸,1,曼谷大城府一日游极简攻略,https://www.xiaohongshu.com/explore/66c0bea2000000000503b577?xsec_token_redacted=1&xsec_source=pc_dots,本表只含现库未命中、固定实体、且引用小红书正文直接命名的新增候选；不等于已完成Google事实核验
大城府,交通服务,Minibus Station,Minibus Station Chatuchak,汽车站,曼谷Mo Chit附近,2,"从曼谷到大城 正确的打开方式
大城回曼谷必看！一张地图看完立省200🐷","https://www.xiaohongshu.com/explore/6a76b9f500000000260349d3?xsec_token_redacted=1&xsec_source=pc_dots
https://www.xiaohongshu.com/explore/697e237b000000000c0368a9?xsec_token_redacted=1&xsec_source=pc_dots",本表只含现库未命中、固定实体、且引用小红书正文直接命名的新增候选；不等于已完成Google事实核验
大城府,交通服务,December house租车行,December house,租车与自驾服务,河对岸,1,推荐阿育陀耶的一家租车行,https://www.xiaohongshu.com/explore/695f35e0000000001a02966c?xsec_token_redacted=1&xsec_source=pc_dots,本表只含现库未命中、固定实体、且引用小红书正文直接命名的新增候选；不等于已完成Google事实核验
大城府,餐饮美食,Pastry Architect,Pastry Architect,甜品与烘焙,古城内,1,​🍰Pastry Architect：大城府必去的法式,https://www.xiaohongshu.com/explore/69889a77000000001d0271d8?xsec_token_redacted=1&xsec_source=pc_dots,本表只含现库未命中、固定实体、且引用小红书正文直接命名的新增候选；不等于已完成Google事实核验
大城府,住宿酒店,Plus hostel ayutthaya,Plus hostel ayutthaya,青年旅舍,中心城区北面,1,泰国青旅小记（3）大城ayutthaya,https://www.xiaohongshu.com/explore/68726168000000002201f04e?xsec_token_redacted=1&xsec_source=pc_dots,本表只含现库未命中、固定实体、且引用小红书正文直接命名的新增候选；不等于已完成Google事实核验
大城府,住宿酒店,班塔伊王,Baan Tye Wang,民宿,历史公园附近,3,"在大城选一处避世
大城府两日游，民宿推荐
泰国大城府｜被低估的度假胜地","https://www.xiaohongshu.com/explore/68dd5a510000000003010b0a?xsec_token_redacted=1&xsec_source=pc_dots
https://www.xiaohongshu.com/explore/68d16947000000000e021ae7?xsec_token_redacted=1&xsec_source=pc_dots
https://www.xiaohongshu.com/explore/68b0742d000000001d01fbff?xsec_token_redacted=1&xsec_source=pc_dots",本表只含现库未命中、固定实体、且引用小红书正文直接命名的新增候选；不等于已完成Google事实核验
大城府,住宿酒店,罗望子民宿,Tamarind Guesthouse,民宿,玛哈泰寺对面,2,"大城府住宿推荐，罗望子民宿
泰国🇹🇭大城府民宿推荐-罗望子宾馆","https://www.xiaohongshu.com/explore/6a463cd300000000060350ba?xsec_token_redacted=1&xsec_source=pc_dots
https://www.xiaohongshu.com/explore/69f7262a000000003502687f?xsec_token_redacted=1&xsec_source=pc_dots",本表只含现库未命中、固定实体、且引用小红书正文直接命名的新增候选；不等于已完成Google事实核验
大城府,住宿酒店,Ayutthaya Retreat,Ayutthaya Retreat,度假村,Ban Pom,1,大城府-泰式传统菜，可以去尝尝哦,https://www.xiaohongshu.com/explore/6a622c8f0000000010028e58?xsec_token_redacted=1&xsec_source=pc_dots,本表只含现库未命中、固定实体、且引用小红书正文直接命名的新增候选；不等于已完成Google事实核验
大城府,住宿酒店,Baan Sawhangsilp,บ้านสว่างศิลป์@อยุธยา,民宿,玛哈泰寺和火车站中间,1,大城府两日游，民宿推荐,https://www.xiaohongshu.com/explore/68d16947000000000e021ae7?xsec_token_redacted=1&xsec_source=pc_dots,本表只含现库未命中、固定实体、且引用小红书正文直接命名的新增候选；不等于已完成Google事实核验
大城府,住宿酒店,Bigcountry Villa,Bigcountry Villa,民宿,古城内,1,大城府,https://www.xiaohongshu.com/explore/6a75ec1b000000000801088f?xsec_token_redacted=1&xsec_source=pc_dots,本表只含现库未命中、固定实体、且引用小红书正文直接命名的新增候选；不等于已完成Google事实核验
大城府,住宿酒店,Kunst Ayuttaya,Kunst Ayuttaya,酒店,红砖咖啡馆楼上,1,Kunst Ayuttaya｜住在大城府红砖咖啡馆楼上,https://www.xiaohongshu.com/explore/693a668d000000001e00cddf?xsec_token_redacted=1&xsec_source=pc_dots,本表只含现库未命中、固定实体、且引用小红书正文直接命名的新增候选；不等于已完成Google事实核验
大城府,住宿酒店,Ruen Tubtim Resort,Ruen Tubtim Hotel 24/2 Koh Loy,民宿,Koh Loy岛,2,"🇹🇭 大城| 人均一百多住进传统泰式木屋
大城府 我住到了泰式传统木屋","https://www.xiaohongshu.com/explore/6966129d000000000c0373e6?xsec_token_redacted=1&xsec_source=pc_dots
https://www.xiaohongshu.com/explore/6a8545e90000000029032a1f?xsec_token_redacted=1&xsec_source=pc_dots",本表只含现库未命中、固定实体、且引用小红书正文直接命名的新增候选；不等于已完成Google事实核验
大城府,住宿酒店,Sala Ayutthaya,Sala Ayutthaya,酒店,临河,1,📍自信点，大城府酒店推荐， 没有之一,https://www.xiaohongshu.com/explore/691c93260000000019025f16?xsec_token_redacted=1&xsec_source=pc_dots,本表只含现库未命中、固定实体、且引用小红书正文直接命名的新增候选；不等于已完成Google事实核验
大城府,住宿酒店,Tony's Place Ayutthaya,Tony's Place Ayutthaya,民宿,古城内,1,泰国大城府百元民宿,https://www.xiaohongshu.com/explore/6a7ea7f600000000240265eb?xsec_token_redacted=1&xsec_source=pc_dots,本表只含现库未命中、固定实体、且引用小红书正文直接命名的新增候选；不等于已完成Google事实核验
董里府,购物商业,Center Point Night Market,Center Point Night Market,夜市,火车站旁,3,"🇹🇭董里Trang 超平价的住宿
🇹🇭董里必逛夜市！本地人都在逛
董里夜市","https://www.xiaohongshu.com/explore/6912b337000000000402102e?xsec_token_redacted=1&xsec_source=pc_dots
https://www.xiaohongshu.com/explore/6999a4c0000000000a03259b?xsec_token_redacted=1&xsec_source=pc_dots
https://www.xiaohongshu.com/explore/65c7319a000000002d002757?xsec_token_redacted=1&xsec_source=pc_dots",本表只含现库未命中、固定实体、且引用小红书正文直接命名的新增候选；不等于已完成Google事实核验
董里府,购物商业,Cinta夜市,Cinta Night Market,夜市,市区,1,董里夜市,https://www.xiaohongshu.com/explore/65c7319a000000002d002757?xsec_token_redacted=1&xsec_source=pc_dots,本表只含现库未命中、固定实体、且引用小红书正文直接命名的新增候选；不等于已完成Google事实核验
董里府,购物商业,Robinson夜市,Robinson Night Market,夜市,Robinson商场旁,1,董里府Trang一个被时光温柔以待的隐士,https://www.xiaohongshu.com/explore/684318ff0000000022025467?xsec_token_redacted=1&xsec_source=pc_dots,本表只含现库未命中、固定实体、且引用小红书正文直接命名的新增候选；不等于已完成Google事实核验
董里府,景点观光,Emerald Cave,Emerald Cave,自然景观与户外,西海岸,3,"一张图看懂董里的岛怎么玩
董里四岛｜泰南冷门海岛群一日游体验测评
安达曼小众岛屿——奈岛Nai","https://www.xiaohongshu.com/explore/67430b4200000000070280a1?xsec_token_redacted=1&xsec_source=pc_dots
https://www.xiaohongshu.com/explore/683343ab0000000023017b9a?xsec_token_redacted=1&xsec_source=pc_dots
https://www.xiaohongshu.com/explore/69c9fffd0000000021005ed8?xsec_token_redacted=1&xsec_source=pc_dots",本表只含现库未命中、固定实体、且引用小红书正文直接命名的新增候选；不等于已完成Google事实核验
董里府,交通服务,Hat Yao Pier,Hat Yao Pier,码头,长滩,2,"🇹🇭 泰国董里 | 99%游客不知道的宝藏
一张图看懂董里的岛怎么玩","https://www.xiaohongshu.com/explore/698f1beb000000001a028c27?xsec_token_redacted=1&xsec_source=pc_dots
https://www.xiaohongshu.com/explore/67430b4200000000070280a1?xsec_token_redacted=1&xsec_source=pc_dots",本表只含现库未命中、固定实体、且引用小红书正文直接命名的新增候选；不等于已完成Google事实核验
董里府,交通服务,Khuan Tung Ku Pier,Khuan Tung Ku Pier,码头,甘当区,2,"🇹🇭 泰国董里 | 99%游客不知道的宝藏
一张图看懂董里的岛怎么玩","https://www.xiaohongshu.com/explore/698f1beb000000001a028c27?xsec_token_redacted=1&xsec_source=pc_dots
https://www.xiaohongshu.com/explore/67430b4200000000070280a1?xsec_token_redacted=1&xsec_source=pc_dots",本表只含现库未命中、固定实体、且引用小红书正文直接命名的新增候选；不等于已完成Google事实核验
董里府,交通服务,Pak Meng Pier,Pak Meng Pier,码头,市区,2,"一张图看懂董里的岛怎么玩
超级适合度假的奈岛⛱️","https://www.xiaohongshu.com/explore/67430b4200000000070280a1?xsec_token_redacted=1&xsec_source=pc_dots
https://www.xiaohongshu.com/explore/6708b6da000000001a021d67?xsec_token_redacted=1&xsec_source=pc_dots",本表只含现库未命中、固定实体、且引用小红书正文直接命名的新增候选；不等于已完成Google事实核验
董里府,住宿酒店,7seas,7seas,酒店,东岸沙滩,1,董里克雷登岛简明攻略,https://www.xiaohongshu.com/explore/67ad63ce000000001902e476?xsec_token_redacted=1&xsec_source=pc_dots,本表只含现库未命中、固定实体、且引用小红书正文直接命名的新增候选；不等于已完成Google事实核验
董里府,餐饮美食,Café Amazon Trang,Café Amazon Trang,咖啡馆,Thap Thiang区,1,𝐂𝐚𝐟é 𝐀𝐦𝐚𝐳𝐨𝐧 𝐓𝐫𝐚𝐧𝐠董里｜🇹🇭,https://www.xiaohongshu.com/explore/67a9fc170000000018006e95?xsec_token_redacted=1&xsec_source=pc_dots,本表只含现库未命中、固定实体、且引用小红书正文直接命名的新增候选；不等于已完成Google事实核验
董里府,住宿酒店,Chang Residence Trang,Chang Residence Trang,酒店,市区,1,🇹🇭4天3夜 董里宋卡合艾 Part 1️⃣💛,https://www.xiaohongshu.com/explore/6a4fa458000000000e021800?xsec_token_redacted=1&xsec_source=pc_dots,本表只含现库未命中、固定实体、且引用小红书正文直接命名的新增候选；不等于已完成Google事实核验
董里府,住宿酒店,Coco Cottage,Coco Cottage,度假村,东侧海滩,2,"📒泰国董里旅游攻略
99%中国人都没来过的泰国奈岛","https://www.xiaohongshu.com/explore/6890b04f0000000025022012?xsec_token_redacted=1&xsec_source=pc_dots
https://www.xiaohongshu.com/explore/67e00b5e000000001d03bbc0?xsec_token_redacted=1&xsec_source=pc_dots",本表只含现库未命中、固定实体、且引用小红书正文直接命名的新增候选；不等于已完成Google事实核验
董里府,住宿酒店,Fantasy Resort,Fantasy Resort,度假村,东侧海滩,1,📒泰国董里旅游攻略,https://www.xiaohongshu.com/explore/6890b04f0000000025022012?xsec_token_redacted=1&xsec_source=pc_dots,本表只含现库未命中、固定实体、且引用小红书正文直接命名的新增候选；不等于已完成Google事实核验
董里府,餐饮美食,Gary 18 Cafe,Gary 18 Cafe,咖啡馆,市区,1,不想去普吉人挤人？我去了董里：泡酒店+跳岛,https://www.xiaohongshu.com/explore/699ff818000000002603319a?xsec_token_redacted=1&xsec_source=pc_dots,本表只含现库未命中、固定实体、且引用小红书正文直接命名的新增候选；不等于已完成Google事实核验
董里府,住宿酒店,Green Hotel,Green Hotel,酒店,东侧海滩,1,超级适合度假的奈岛⛱️,https://www.xiaohongshu.com/explore/6708b6da000000001a021d67?xsec_token_redacted=1&xsec_source=pc_dots,本表只含现库未命中、固定实体、且引用小红书正文直接命名的新增候选；不等于已完成Google事实核验
董里府,住宿酒店,Kachonghills Tented Resort Trang,Kachonghills Tented Resort Trang,帐篷度假村,卡昌山,3,"不想去普吉人挤人？我去了董里：泡酒店+跳岛
⛰️泰国董里，把童年还给山野
🏕️卡昌山｜住进帐篷，过一天神仙日子","https://www.xiaohongshu.com/explore/699ff818000000002603319a?xsec_token_redacted=1&xsec_source=pc_dots
https://www.xiaohongshu.com/explore/6a3e1945000000001503d20e?xsec_token_redacted=1&xsec_source=pc_dots
https://www.xiaohongshu.com/explore/6a3e1750000000001700bec9?xsec_token_redacted=1&xsec_source=pc_dots",本表只含现库未命中、固定实体、且引用小红书正文直接命名的新增候选；不等于已完成Google事实核验
董里府,餐饮美食,Kim Restaurant,Kim Restaurant,泰式与本地餐厅,火车站附近,3,"不想去普吉人挤人？我去了董里：泡酒店+跳岛
董里印度菜
泰国🇹🇭董里","https://www.xiaohongshu.com/explore/699ff818000000002603319a?xsec_token_redacted=1&xsec_source=pc_dots
https://www.xiaohongshu.com/explore/66b74b9a00000000050209e5?xsec_token_redacted=1&xsec_source=pc_dots
https://www.xiaohongshu.com/explore/65dc1b70000000000702765f?xsec_token_redacted=1&xsec_source=pc_dots",本表只含现库未命中、固定实体、且引用小红书正文直接命名的新增候选；不等于已完成Google事实核验
董里府,住宿酒店,Koh Mook Sivalai Beach Resort,Koh Mook Sivalai Beach Resort,度假村,东海岸,1,📒泰国董里旅游攻略,https://www.xiaohongshu.com/explore/6890b04f0000000025022012?xsec_token_redacted=1&xsec_source=pc_dots,本表只含现库未命中、固定实体、且引用小红书正文直接命名的新增候选；不等于已完成Google事实核验
董里府,住宿酒店,Koh Ngai Resort,Koh Ngai Resort,度假村,东侧海滩,2,"🇹🇭董里甲米｜koh ngai奈岛吃喝住行全攻略
超级适合度假的奈岛⛱️","https://www.xiaohongshu.com/explore/65d039da000000000b023883?xsec_token_redacted=1&xsec_source=pc_dots
https://www.xiaohongshu.com/explore/6708b6da000000001a021d67?xsec_token_redacted=1&xsec_source=pc_dots",本表只含现库未命中、固定实体、且引用小红书正文直接命名的新增候选；不等于已完成Google事实核验
董里府,餐饮美食,Krua Trang,Krua Trang,泰式与本地餐厅,Makro方向,1,董里印度菜,https://www.xiaohongshu.com/explore/66b74b9a00000000050209e5?xsec_token_redacted=1&xsec_source=pc_dots,本表只含现库未命中、固定实体、且引用小红书正文直接命名的新增候选；不等于已完成Google事实核验
董里府,住宿酒店,Madee Spa & Resort,Madee Spa & Resort,度假村,市区,1,Trang 董里CP值很高的酒店,https://www.xiaohongshu.com/explore/68c6dc99000000001d0152a4?xsec_token_redacted=1&xsec_source=pc_dots,本表只含现库未命中、固定实体、且引用小红书正文直接命名的新增候选；不等于已完成Google事实核验
董里府,餐饮美食,MahaSamutr Cafe,MahaSamutr Cafe,海鲜餐厅兼咖啡馆,市区,1,董里克雷登岛简明攻略,https://www.xiaohongshu.com/explore/67ad63ce000000001902e476?xsec_token_redacted=1&xsec_source=pc_dots,本表只含现库未命中、固定实体、且引用小红书正文直接命名的新增候选；不等于已完成Google事实核验
董里府,住宿酒店,Mayalay Resort,Mayalay Resort,度假村,东侧海滩,1,📒泰国董里旅游攻略,https://www.xiaohongshu.com/explore/6890b04f0000000025022012?xsec_token_redacted=1&xsec_source=pc_dots,本表只含现库未命中、固定实体、且引用小红书正文直接命名的新增候选；不等于已完成Google事实核验
董里府,住宿酒店,My Friends Hotel,My Friends Hotel,酒店,火车站附近,1,🇹🇭董里Trang 超平价的住宿,https://www.xiaohongshu.com/explore/6912b337000000000402102e?xsec_token_redacted=1&xsec_source=pc_dots,本表只含现库未命中、固定实体、且引用小红书正文直接命名的新增候选；不等于已完成Google事实核验
董里府,餐饮美食,Plubpla Thai Chiense Restaurant,Plubpla Thai Chiense Restaurant,泰式与本地餐厅,Trap Thiang区,1,又挖到一家宝藏餐厅🍴|🇹🇭董里Trang,https://www.xiaohongshu.com/explore/65de102d0000000001028b44?xsec_token_redacted=1&xsec_source=pc_dots,本表只含现库未命中、固定实体、且引用小红书正文直接命名的新增候选；不等于已完成Google事实核验
董里府,住宿酒店,Rua Rasada Hotel,Rua Rasada Hotel,酒店,市区,1,泰国小众城市董里,https://www.xiaohongshu.com/explore/68e4985e0000000003038162?xsec_token_redacted=1&xsec_source=pc_dots,本表只含现库未命中、固定实体、且引用小红书正文直接命名的新增候选；不等于已完成Google事实核验
董里府,餐饮美食,Ruean Thai Dim Sum,เรือนไทยติ่มซํา,早餐与早午餐,市区,1,董里早茶惊喜发现 🫖🍴｜Ruean Thai Dim Sum,https://www.xiaohongshu.com/explore/68a46be0000000001c0046f6?xsec_token_redacted=1&xsec_source=pc_dots,本表只含现库未命中、固定实体、且引用小红书正文直接命名的新增候选；不等于已完成Google事实核验
董里府,餐饮美食,The Pier 88,The Pier 88,泰式与本地餐厅,Rua Rasada酒店内,1,不想去普吉人挤人？我去了董里：泡酒店+跳岛,https://www.xiaohongshu.com/explore/699ff818000000002603319a?xsec_token_redacted=1&xsec_source=pc_dots,本表只含现库未命中、固定实体、且引用小红书正文直接命名的新增候选；不等于已完成Google事实核验
董里府,餐饮美食,Turn Back Time,Turn Back Time (Indian Cuisine),印度餐厅,Khok Lo区,1,董里印度菜,https://www.xiaohongshu.com/explore/66b74b9a00000000050209e5?xsec_token_redacted=1&xsec_source=pc_dots,本表只含现库未命中、固定实体、且引用小红书正文直接命名的新增候选；不等于已完成Google事实核验
董里府,餐饮美食,อยู่แต่สวน คาเฟ่,อยู่แต่สวน คาเฟ่,景观咖啡馆,市区4公里外,1,董里府可以睡觉的咖啡厅,https://www.xiaohongshu.com/explore/65c05b78000000001100c5fc?xsec_token_redacted=1&xsec_source=pc_dots,本表只含现库未命中、固定实体、且引用小红书正文直接命名的新增候选；不等于已完成Google事实核验
罗勇府,餐饮美食,Bari Bar Rayong,Bari Bar Rayong,海边餐厅,Suan Son海滩,1,🇹🇭罗勇府的一天,https://www.xiaohongshu.com/explore/66f8c9df000000001b0231ab?xsec_token_redacted=1&xsec_source=pc_dots,本表只含现库未命中、固定实体、且引用小红书正文直接命名的新增候选；不等于已完成Google事实核验
罗勇府,餐饮美食,Breeze,Breeze,海景餐厅,Ao Prao海滩,2,"关于沙美岛的食物 推荐和避雷（附地址）
🇹🇭 试试把沙美岛AoPrao海滩说明白","https://www.xiaohongshu.com/explore/698f4201000000000a02c4b2?xsec_token_redacted=1&xsec_source=pc_dots
https://www.xiaohongshu.com/explore/65cf93e4000000002d001ba8?xsec_token_redacted=1&xsec_source=pc_dots",本表只含现库未命中、固定实体、且引用小红书正文直接命名的新增候选；不等于已完成Google事实核验
罗勇府,餐饮美食,Buzz Coco Club,Buzz Coco Club,西式泰式,Ao Prao海滩,1,🇹🇭 试试把沙美岛AoPrao海滩说明白,https://www.xiaohongshu.com/explore/65cf93e4000000002d001ba8?xsec_token_redacted=1&xsec_source=pc_dots,本表只含现库未命中、固定实体、且引用小红书正文直接命名的新增候选；不等于已完成Google事实核验
罗勇府,餐饮美食,Café Seafront,Café Seafront คาเฟ่ซีฟร้อนท์,海边咖啡厅,度假村内私人海滩,2,"泰国🇹🇭罗勇咖啡馆 | 只为这片海而来🌊
200泰铢承包一片私人海滩 ｜罗勇","https://www.xiaohongshu.com/explore/6a63794d000000000301f9ec?xsec_token_redacted=1&xsec_source=pc_dots
https://www.xiaohongshu.com/explore/6a3955b9000000002101a7f8?xsec_token_redacted=1&xsec_source=pc_dots",本表只含现库未命中、固定实体、且引用小红书正文直接命名的新增候选；不等于已完成Google事实核验
罗勇府,餐饮美食,Couple Coffee Roastery,Couple Coffee Roastery,社区咖啡店,市区,1,罗勇RAYONG不能错过的小众咖啡店,https://www.xiaohongshu.com/explore/6999c679000000000a02b2ec?xsec_token_redacted=1&xsec_source=pc_dots,本表只含现库未命中、固定实体、且引用小红书正文直接命名的新增候选；不等于已完成Google事实核验
罗勇府,餐饮美食,Krua Phasuk Thai Kitchen & Suki.BBQ,Krua Phasuk Thai Kitchen & Suki.BBQ,泰式烧烤,绿植环绕,1,罗勇BBQ高分老店,https://www.xiaohongshu.com/explore/6a85af93000000000502ad77?xsec_token_redacted=1&xsec_source=pc_dots,本表只含现库未命中、固定实体、且引用小红书正文直接命名的新增候选；不等于已完成Google事实核验
罗勇府,餐饮美食,Laan Ek百年咖啡馆,Laan Ek Coffeehouse,历史建筑咖啡馆,Yomjinda路,4,"在罗勇老街，消磨一段南洋旧时光🌿
📍罗勇复古咖啡馆｜หลานเอก คอฟฟี่เฮาส์ ☕
罗勇老街｜百年咖啡馆里的旧电影感📸
泰国罗勇老街上的百年咖啡店","https://www.xiaohongshu.com/explore/6a759fa90000000022031532?xsec_token_redacted=1&xsec_source=pc_dots
https://www.xiaohongshu.com/explore/69e9c7a4000000002301e999?xsec_token_redacted=1&xsec_source=pc_dots
https://www.xiaohongshu.com/explore/6a66c6e60000000013025f55?xsec_token_redacted=1&xsec_source=pc_dots
https://www.xiaohongshu.com/explore/69f57c43000000003503224e?xsec_token_redacted=1&xsec_source=pc_dots",本表只含现库未命中、固定实体、且引用小红书正文直接命名的新增候选；不等于已完成Google事实核验
罗勇府,餐饮美食,Linnaeus House Pastry & Simple Coffee,Linnaeus House Pastry & Simple Coffee,海边咖啡馆,酒店内靠近海边,1,泰国旅游｜罗勇两家高颜值咖啡厅探店🩵☕️,https://www.xiaohongshu.com/explore/6a336fdf0000000016027fee?xsec_token_redacted=1&xsec_source=pc_dots,本表只含现库未命中、固定实体、且引用小红书正文直接命名的新增候选；不等于已完成Google事实核验
罗勇府,餐饮美食,Nay Laa-Myth Cafe,Nay Laa-Myth Cafe,复古木屋咖啡馆,Mae Ramphueng Beach,1,罗勇海边藏着一座旧木屋咖啡馆,https://www.xiaohongshu.com/explore/6a6f1a6f0000000006005be7?xsec_token_redacted=1&xsec_source=pc_dots,本表只含现库未命中、固定实体、且引用小红书正文直接命名的新增候选；不等于已完成Google事实核验
罗勇府,餐饮美食,Ning Seafood,Ning Seafood,海鲜餐厅,主街往码头方向左手边,2,"🇹🇭沙美岛美食总结
关于沙美岛的食物 推荐和避雷（附地址）","https://www.xiaohongshu.com/explore/6794bce600000000290173d1?xsec_token_redacted=1&xsec_source=pc_dots
https://www.xiaohongshu.com/explore/698f4201000000000a02c4b2?xsec_token_redacted=1&xsec_source=pc_dots",本表只含现库未命中、固定实体、且引用小红书正文直接命名的新增候选；不等于已完成Google事实核验
罗勇府,餐饮美食,Oabb Farm & Café,Oabb Farm & Café,农场咖啡馆,郊区,1,✨Oabb Farm & Café Rayong 泰国,https://www.xiaohongshu.com/explore/6a5f760a0000000002003c01?xsec_token_redacted=1&xsec_source=pc_dots,本表只含现库未命中、固定实体、且引用小红书正文直接命名的新增候选；不等于已完成Google事实核验
罗勇府,餐饮美食,Phala Craft Coffee Roasters,Phala Craft Coffee Roasters,复古咖啡馆,废弃老楼改造,1,泰国旅游｜罗勇两家高颜值咖啡厅探店🩵☕️,https://www.xiaohongshu.com/explore/6a336fdf0000000016027fee?xsec_token_redacted=1&xsec_source=pc_dots,本表只含现库未命中、固定实体、且引用小红书正文直接命名的新增候选；不等于已完成Google事实核验
罗勇府,餐饮美食,Pitmotto's Matcha & Coffee House,Pitmotto's Matcha & Coffee House,日式抹茶,市区,1,罗勇宝藏抹茶店🍵Pitmotto’s matcha,https://www.xiaohongshu.com/explore/69fda3ab000000000f03ac00?xsec_token_redacted=1&xsec_source=pc_dots,本表只含现库未命中、固定实体、且引用小红书正文直接命名的新增候选；不等于已完成Google事实核验
罗勇府,餐饮美食,Praew Restaurant,Praew Restaurant,泰餐,主街,1,8天曼谷+芭提雅+沙美岛自由行行程供参考,https://www.xiaohongshu.com/explore/69a579500000000016008ebc?xsec_token_redacted=1&xsec_source=pc_dots,本表只含现库未命中、固定实体、且引用小红书正文直接命名的新增候选；不等于已完成Google事实核验
罗勇府,餐饮美食,Priw & Play,Priw & Play,海边咖啡馆,Mae Ramphueng Beach,1,罗勇的小众咖啡☕️:粗粝、原始、但放松,https://www.xiaohongshu.com/explore/6a942a2d0000000025018f10?xsec_token_redacted=1&xsec_source=pc_dots,本表只含现库未命中、固定实体、且引用小红书正文直接命名的新增候选；不等于已完成Google事实核验
罗勇府,餐饮美食,Rongtiem Yomjinda,Rongtiem Yomjinda,平价泰餐,Yomjinda路,1,在罗勇老街，消磨一段南洋旧时光🌿,https://www.xiaohongshu.com/explore/6a759fa90000000022031532?xsec_token_redacted=1&xsec_source=pc_dots,本表只含现库未命中、固定实体、且引用小红书正文直接命名的新增候选；不等于已完成Google事实核验
罗勇府,餐饮美食,SON Cafe,SON Cafe,极简风咖啡馆,松林里,1,在罗勇找到了一家极简几何光影 Cafe ☕️✨,https://www.xiaohongshu.com/explore/6a6f28150000000025006210?xsec_token_redacted=1&xsec_source=pc_dots,本表只含现库未命中、固定实体、且引用小红书正文直接命名的新增候选；不等于已完成Google事实核验
罗勇府,餐饮美食,SUAN THIP花园餐厅,SUAN THIP Garden Restaurant,花园餐厅,靠近芭提雅,1,🇹🇭好拍好吃!!藏在森林里的米其林餐厅,https://www.xiaohongshu.com/explore/699dda04000000002602c0df?xsec_token_redacted=1&xsec_source=pc_dots,本表只含现库未命中、固定实体、且引用小红书正文直接命名的新增候选；不等于已完成Google事实核验
罗勇府,餐饮美食,Tapestry Restaurant,Tapestry Restaurant,港式点心,Central Rayong旁边酒店内,1,终于找到港式味道了！在罗勇酒店港式点心🥟,https://www.xiaohongshu.com/explore/6a78712a0000000002003c00?xsec_token_redacted=1&xsec_source=pc_dots,本表只含现库未命中、固定实体、且引用小红书正文直接命名的新增候选；不等于已完成Google事实核验
罗勇府,餐饮美食,U Forests Cafe,U Forests Cafe,亲子咖啡馆,市区,1,罗勇宝藏咖啡馆🌳像闯进热带森林,https://www.xiaohongshu.com/explore/6a8ab2ad0000000033022b29?xsec_token_redacted=1&xsec_source=pc_dots,本表只含现库未命中、固定实体、且引用小红书正文直接命名的新增候选；不等于已完成Google事实核验
罗勇府,餐饮美食,Uncle Kob's Papaya Salad,Uncle Kob's Papaya Salad,青木瓜沙拉,主街,1,🇹🇭沙美岛美食总结,https://www.xiaohongshu.com/explore/6794bce600000000290173d1?xsec_token_redacted=1&xsec_source=pc_dots,本表只含现库未命中、固定实体、且引用小红书正文直接命名的新增候选；不等于已完成Google事实核验
罗勇府,餐饮美食,Unika,Unika,小咖啡店,Yomjinda路,1,罗勇咖啡店☕️,https://www.xiaohongshu.com/explore/6a6f7012000000002c001c57?xsec_token_redacted=1&xsec_source=pc_dots,本表只含现库未命中、固定实体、且引用小红书正文直接命名的新增候选；不等于已完成Google事实核验
罗勇府,餐饮美食,Winkks,Winkks,海岛餐厅,萨凯酒店内,2,"春节游泰国之曼谷和沙美岛(二)
沙美岛-萨凯酒店sai kaew beach resort","https://www.xiaohongshu.com/explore/699d6457000000000c03480d?xsec_token_redacted=1&xsec_source=pc_dots
https://www.xiaohongshu.com/explore/693f4250000000001e034566?xsec_token_redacted=1&xsec_source=pc_dots",本表只含现库未命中、固定实体、且引用小红书正文直接命名的新增候选；不等于已完成Google事实核验
罗勇府,餐饮美食,นั่งดูเล,Nang Doo Lay,海边大排档,海岸线,1,罗勇Rayong 海边餐厅推荐,https://www.xiaohongshu.com/explore/68b93d4d000000001d007a9f?xsec_token_redacted=1&xsec_source=pc_dots,本表只含现库未命中、固定实体、且引用小红书正文直接命名的新增候选；不等于已完成Google事实核验
罗勇府,餐饮美食,นายดล มะขามเฒ่า (Nai Dol),Nai Dol Ma Kham Thao,泰式老店,市区,2,"在罗勇终于吃到符合中国胃的泰餐
罗勇老饕食堂","https://www.xiaohongshu.com/explore/6a6dcdd40000000035015ef0?xsec_token_redacted=1&xsec_source=pc_dots
https://www.xiaohongshu.com/explore/6a201eda00000000380231f8?xsec_token_redacted=1&xsec_source=pc_dots",本表只含现库未命中、固定实体、且引用小红书正文直接命名的新增候选；不等于已完成Google事实核验
罗勇府,交通服务,罗勇老汽车站,Rayong Old Bus Terminal,汽车站,紧邻星光夜市,1,罗勇｜班佩码头双条车完整版攻略✨（本地人平,https://www.xiaohongshu.com/explore/6a6de6a50000000025016000?xsec_token_redacted=1&xsec_source=pc_dots,本表只含现库未命中、固定实体、且引用小红书正文直接命名的新增候选；不等于已完成Google事实核验
罗勇府,购物商业,罗勇生鲜批发市场,Rayong Fresh Market,本地市场,诺富特星星酒店正门左边,1,不知道多少次泰国行之罗勇吃住,https://www.xiaohongshu.com/explore/6a328c4d000000000f016cb1?xsec_token_redacted=1&xsec_source=pc_dots,本表只含现库未命中、固定实体、且引用小红书正文直接命名的新增候选；不等于已完成Google事实核验
罗勇府,购物商业,星光夜市,Star Night Market,夜市与市集,诺富特星星酒店正门右边,5,"不知道多少次泰国行之罗勇吃住
泰兰德酒店分享来啦
泰国罗勇Rayong遛娃推荐，比芭提雅人少景美
罗勇｜班佩码头双条车完整版攻略✨（本地人平
曼谷Mochit-罗勇-沙美岛 交通实测攻略","https://www.xiaohongshu.com/explore/6a328c4d000000000f016cb1?xsec_token_redacted=1&xsec_source=pc_dots
https://www.xiaohongshu.com/explore/681adbed0000000020029b68?xsec_token_redacted=1&xsec_source=pc_dots
https://www.xiaohongshu.com/explore/69a292230000000022023a7c?xsec_token_redacted=1&xsec_source=pc_dots
https://www.xiaohongshu.com/explore/6a6de6a50000000025016000?xsec_token_redacted=1&xsec_source=pc_dots
https://www.xiaohongshu.com/explore/6a7dbc25000000002500a237?xsec_token_redacted=1&xsec_source=pc_dots",本表只含现库未命中、固定实体、且引用小红书正文直接命名的新增候选；不等于已完成Google事实核验
罗勇府,交通服务,Ao Prao Pier,Ao Prao Pier,私人码头,萨凯酒店专属,2,"沙美岛-萨凯酒店sai kaew beach resort
🇹🇭 试试把沙美岛AoPrao海滩说明白","https://www.xiaohongshu.com/explore/693f4250000000001e034566?xsec_token_redacted=1&xsec_source=pc_dots
https://www.xiaohongshu.com/explore/65cf93e4000000002d001ba8?xsec_token_redacted=1&xsec_source=pc_dots",本表只含现库未命中、固定实体、且引用小红书正文直接命名的新增候选；不等于已完成Google事实核验
罗勇府,购物商业,Taphong Fruit Market,Taphong Fruit Market,本地市场,郊区,2,"泰国罗勇Rayong遛娃推荐，比芭提雅人少景美
曼谷Mochit-罗勇-沙美岛 交通实测攻略","https://www.xiaohongshu.com/explore/69a292230000000022023a7c?xsec_token_redacted=1&xsec_source=pc_dots
https://www.xiaohongshu.com/explore/6a7dbc25000000002500a237?xsec_token_redacted=1&xsec_source=pc_dots",本表只含现库未命中、固定实体、且引用小红书正文直接命名的新增候选；不等于已完成Google事实核验
罗勇府,康养SPA,Fahsai Massage,Fahsai Massage,社区按摩,主街711往码头方向右手边,2,"🇹🇭沙美岛马杀鸡推荐
最舒服的按摩店居然在沙美岛？！","https://www.xiaohongshu.com/explore/6797bb65000000002901b9cf?xsec_token_redacted=1&xsec_source=pc_dots
https://www.xiaohongshu.com/explore/66e7a7260000000025030c13?xsec_token_redacted=1&xsec_source=pc_dots",本表只含现库未命中、固定实体、且引用小红书正文直接命名的新增候选；不等于已完成Google事实核验
罗勇府,康养SPA,Nava Health Spa,Nava Health Spa,高端SPA,需打车,1,罗勇府马杀鸡店推荐,https://www.xiaohongshu.com/explore/67069b40000000002c015501?xsec_token_redacted=1&xsec_source=pc_dots,本表只含现库未命中、固定实体、且引用小红书正文直接命名的新增候选；不等于已完成Google事实核验
罗勇府,康养SPA,Sirion Massage,Sirion Massage,泰式草药,主街,1,🇹🇭沙美岛马杀鸡推荐,https://www.xiaohongshu.com/explore/6797bb65000000002901b9cf?xsec_token_redacted=1&xsec_source=pc_dots,本表只含现库未命中、固定实体、且引用小红书正文直接命名的新增候选；不等于已完成Google事实核验
罗勇府,康养SPA,ระยอง เฮลท์ตี้ นวดเพื่อสุขภาพ,Rayong Healthy Massage,健康按摩,假日酒店马路对面,1,罗勇府马杀鸡店推荐,https://www.xiaohongshu.com/explore/67069b40000000002c015501?xsec_token_redacted=1&xsec_source=pc_dots,本表只含现库未命中、固定实体、且引用小红书正文直接命名的新增候选；不等于已完成Google事实核验
罗勇府,康养SPA,เรือนไทยระยอง 2495 Thai House Massage 1952,Thai House Massage 1952,传统泰式按摩,假日酒店对面巷子,6,"罗勇府马杀鸡店推荐
罗勇这家藏在巷子里的 spa 店 个人私藏
🇹🇭沙美岛马杀鸡推荐
在沙美岛找到喜欢的泰式按摩店
沙美島的Let’s Relax 服務與技術首選","https://www.xiaohongshu.com/explore/67069b40000000002c015501?xsec_token_redacted=1&xsec_source=pc_dots
https://www.xiaohongshu.com/explore/69f8122f0000000035038e48?xsec_token_redacted=1&xsec_source=pc_dots
https://www.xiaohongshu.com/explore/6797bb65000000002901b9cf?xsec_token_redacted=1&xsec_source=pc_dots
https://www.xiaohongshu.com/explore/69a2a9b2000000001a01e360?xsec_token_redacted=1&xsec_source=pc_dots
https://www.xiaohongshu.com/explore/6a957805000000002303f434?xsec_token_redacted=1&xsec_source=pc_dots",本表只含现库未命中、固定实体、且引用小红书正文直接命名的新增候选；不等于已完成Google事实核验
罗勇府,住宿酒店,罗望子酒店,Tamarind Resort,海岛度假村,Ao Cho海滩,1,春节游泰国之曼谷和沙美岛(二),https://www.xiaohongshu.com/explore/699d6457000000000c03480d?xsec_token_redacted=1&xsec_source=pc_dots,本表只含现库未命中、固定实体、且引用小红书正文直接命名的新增候选；不等于已完成Google事实核验
罗勇府,住宿酒店,罗勇罗姆塔雷美居别墅度假村,Mercure Rayong Lomtalay,别墅度假村,Lomtalay区,2,"泰国罗勇府攻略｜比普吉清净、比芭提雅治愈
Mercure Rayong Lomtalay美居罗勇","https://www.xiaohongshu.com/explore/69eb5dd7000000003601efde?xsec_token_redacted=1&xsec_source=pc_dots
https://www.xiaohongshu.com/explore/67ac653b000000001703ba1f?xsec_token_redacted=1&xsec_source=pc_dots",本表只含现库未命中、固定实体、且引用小红书正文直接命名的新增候选；不等于已完成Google事实核验
罗勇府,住宿酒店,罗勇万豪度假酒店,Rayong Marriott Resort,豪华度假村,Mae Ramphueng Beach,2,"2026第一站:罗勇万豪度假酒店
2025第十三站:罗勇万豪度假酒店","https://www.xiaohongshu.com/explore/698c1327000000000a02ca3f?xsec_token_redacted=1&xsec_source=pc_dots
https://www.xiaohongshu.com/explore/681990f0000000002300198d?xsec_token_redacted=1&xsec_source=pc_dots",本表只含现库未命中、固定实体、且引用小红书正文直接命名的新增候选；不等于已完成Google事实核验
罗勇府,住宿酒店,萨凯海滩度假村,Sai Kaew Beach Resort,海岛度假村,主街附近,2,"沙美岛码头好吃到飞起的皮皮虾面！探店成功
沙美岛-萨凯酒店sai kaew beach resort","https://www.xiaohongshu.com/explore/689ca12d000000001d036b5f?xsec_token_redacted=1&xsec_source=pc_dots
https://www.xiaohongshu.com/explore/693f4250000000001e034566?xsec_token_redacted=1&xsec_source=pc_dots",本表只含现库未命中、固定实体、且引用小红书正文直接命名的新增候选；不等于已完成Google事实核验
罗勇府,住宿酒店,沙美别墅度假酒店,Samed Villa Resort,海岛度假村,Ao Phai沙滩,3,"春节游泰国之曼谷和沙美岛(二)
沙美岛 samed villa resort
8天曼谷+芭提雅+沙美岛自由行行程供参考","https://www.xiaohongshu.com/explore/699d6457000000000c03480d?xsec_token_redacted=1&xsec_source=pc_dots
https://www.xiaohongshu.com/explore/69992665000000000a03246b?xsec_token_redacted=1&xsec_source=pc_dots
https://www.xiaohongshu.com/explore/69a579500000000016008ebc?xsec_token_redacted=1&xsec_source=pc_dots",本表只含现库未命中、固定实体、且引用小红书正文直接命名的新增候选；不等于已完成Google事实核验
罗勇府,康养SPA,Dhivarin Spa,Dhivarin Spa,SPA与水疗,Le Vimarn酒店内,1,🇹🇭 试试把沙美岛AoPrao海滩说明白,https://www.xiaohongshu.com/explore/65cf93e4000000002d001ba8?xsec_token_redacted=1&xsec_source=pc_dots,本表只含现库未命中、固定实体、且引用小红书正文直接命名的新增候选；不等于已完成Google事实核验
罗勇府,住宿酒店,Golden City Rayong Hotel,Golden City Rayong Hotel,城市酒店,市区,1,曼谷Mochit-罗勇-沙美岛 交通实测攻略,https://www.xiaohongshu.com/explore/6a7dbc25000000002500a237?xsec_token_redacted=1&xsec_source=pc_dots,本表只含现库未命中、固定实体、且引用小红书正文直接命名的新增候选；不等于已完成Google事实核验
罗勇府,住宿酒店,Huan Soontaree,Huan Soontaree,经济酒店,码头附近,1,🇹🇭罗勇府的一天,https://www.xiaohongshu.com/explore/66f8c9df000000001b0231ab?xsec_token_redacted=1&xsec_source=pc_dots,本表只含现库未命中、固定实体、且引用小红书正文直接命名的新增候选；不等于已完成Google事实核验
罗勇府,住宿酒店,Kerala Coco,Kerala Coco,海岛度假村,Ao Prao海滩,1,🇹🇭 试试把沙美岛AoPrao海滩说明白,https://www.xiaohongshu.com/explore/65cf93e4000000002d001ba8?xsec_token_redacted=1&xsec_source=pc_dots,本表只含现库未命中、固定实体、且引用小红书正文直接命名的新增候选；不等于已完成Google事实核验
罗勇府,住宿酒店,Le Vimarn / Aoprao Resort,Le Vimarn / Aoprao Resort,豪华度假村,Ao Prao海滩,1,🇹🇭 试试把沙美岛AoPrao海滩说明白,https://www.xiaohongshu.com/explore/65cf93e4000000002d001ba8?xsec_token_redacted=1&xsec_source=pc_dots,本表只含现库未命中、固定实体、且引用小红书正文直接命名的新增候选；不等于已完成Google事实核验
罗勇府,住宿酒店,Likita Resort,Likita Resort,民宿度假村,码头对面,2,"Staycation，泰国罗勇府班佩码头住到不想走
泰国沙美岛班佩码头交通住宿购物全攻略","https://www.xiaohongshu.com/explore/6a71f006000000000502b174?xsec_token_redacted=1&xsec_source=pc_dots
https://www.xiaohongshu.com/explore/69913da3000000001b01f11d?xsec_token_redacted=1&xsec_source=pc_dots",本表只含现库未命中、固定实体、且引用小红书正文直接命名的新增候选；不等于已完成Google事实核验
罗勇府,住宿酒店,Samed Tropical Resort,Samed Tropical Resort,海岛度假村,远离钻石沙滩,1,曼谷2h直达果冻海✨沙美岛环岛上岛攻略,https://www.xiaohongshu.com/explore/6a4cbfe0000000001003d536?xsec_token_redacted=1&xsec_source=pc_dots,本表只含现库未命中、固定实体、且引用小红书正文直接命名的新增候选；不等于已完成Google事实核验
罗勇府,住宿酒店,Star Convention Hotel,Star Convention Hotel,商务酒店,Big C附近,1,曼谷东站—罗勇市区star convention hotel,https://www.xiaohongshu.com/explore/6a76c2d9000000002c0044cc?xsec_token_redacted=1&xsec_source=pc_dots,本表只含现库未命中、固定实体、且引用小红书正文直接命名的新增候选；不等于已完成Google事实核验
罗勇府,住宿酒店,Tubtim Resort,Tubtim Resort,海岛度假村,岛中部,1,沙美岛来对了,https://www.xiaohongshu.com/explore/6a8eff69000000002502467f?xsec_token_redacted=1&xsec_source=pc_dots,本表只含现库未命中、固定实体、且引用小红书正文直接命名的新增候选；不等于已完成Google事实核验
宋卡府,餐饮美食,Chuang Chao Breakfast,Chuang Chao Breakfast,早餐店,市区,1,泰好吃｜合艾 宋卡府 带孩子吃什么？,https://www.xiaohongshu.com/explore/69e7974e000000002202b135?xsec_token_redacted=1&xsec_source=pc_dots,本表只含现库未命中、固定实体、且引用小红书正文直接命名的新增候选；不等于已完成Google事实核验
宋卡府,餐饮美食,Come Back @ Baan Khun Luang,Come Back @ Baan Khun Luang,咖啡馆,老街附近,1,泰好吃｜合艾 宋卡府 带孩子吃什么？,https://www.xiaohongshu.com/explore/69e7974e000000002202b135?xsec_token_redacted=1&xsec_source=pc_dots,本表只含现库未命中、固定实体、且引用小红书正文直接命名的新增候选；不等于已完成Google事实核验
宋卡府,餐饮美食,Duen Chay Museum Cafe,Duen Chay Museum Cafe,博物馆餐厅,百年老宅,1,泰国宋卡老城Duen Chay Museum Cafe美食篇,https://www.xiaohongshu.com/explore/69a3b419000000002801eaaa?xsec_token_redacted=1&xsec_source=pc_dots,本表只含现库未命中、固定实体、且引用小红书正文直接命名的新增候选；不等于已完成Google事实核验
宋卡府,餐饮美食,Good Mountain Cafe,Good Mountain Cafe,海景咖啡馆,阁遥岛,1,🇹🇭合艾旅行最满意的景点😍,https://www.xiaohongshu.com/explore/65da15610000000007026cd9?xsec_token_redacted=1&xsec_source=pc_dots,本表只含现库未命中、固定实体、且引用小红书正文直接命名的新增候选；不等于已完成Google事实核验
宋卡府,餐饮美食,HeartMade Craft Coffee Roaster,HeartMade Craft Coffee Roaster,海边咖啡馆,海边,2,"泰好吃｜合艾 宋卡府 带孩子吃什么？
🇹🇭｜合艾宋卡老街半日游🚗","https://www.xiaohongshu.com/explore/69e7974e000000002202b135?xsec_token_redacted=1&xsec_source=pc_dots
https://www.xiaohongshu.com/explore/68f8b97900000000040050d0?xsec_token_redacted=1&xsec_source=pc_dots",本表只含现库未命中、固定实体、且引用小红书正文直接命名的新增候选；不等于已完成Google事实核验
宋卡府,餐饮美食,Hoco Cafe and Eatery,Hoco Cafe and Eatery,泰式餐厅,Kayu Hitam Kastam附近,1,泰好吃｜合艾 宋卡府 带孩子吃什么？,https://www.xiaohongshu.com/explore/69e7974e000000002202b135?xsec_token_redacted=1&xsec_source=pc_dots,本表只含现库未命中、固定实体、且引用小红书正文直接命名的新增候选；不等于已完成Google事实核验
宋卡府,餐饮美食,Joe Delicious,Joe Delicious,早餐店,老街,1,🇹🇭｜合艾宋卡老街半日游🚗,https://www.xiaohongshu.com/explore/68f8b97900000000040050d0?xsec_token_redacted=1&xsec_source=pc_dots,本表只含现库未命中、固定实体、且引用小红书正文直接命名的新增候选；不等于已完成Google事实核验
宋卡府,餐饮美食,Joke Kak Moo Hat Yai,Joke Kak Moo Hat Yai,早餐店,市区,1,泰好吃｜合艾 宋卡府 带孩子吃什么？,https://www.xiaohongshu.com/explore/69e7974e000000002202b135?xsec_token_redacted=1&xsec_source=pc_dots,本表只含现库未命中、固定实体、且引用小红书正文直接命名的新增候选；不等于已完成Google事实核验
宋卡府,餐饮美食,Kai-Tod Decha (Bangloh) Chee Uthit Branch,Kai-Tod Decha Bangloh Chee Uthit,泰式餐厅,Chee Uthit路,1,🇹🇭合艾3天2夜极致懒人攻略 | 槟城出发,https://www.xiaohongshu.com/explore/698c767e000000001a02bd12?xsec_token_redacted=1&xsec_source=pc_dots,本表只含现库未命中、固定实体、且引用小红书正文直接命名的新增候选；不等于已完成Google事实核验
宋卡府,餐饮美食,Lelele Cafe&Bar,Lelele Cafe and Bar,海滨酒吧,Khao Rup Chang区,1,来合艾宋卡2024最chill cafe 。。。真的巨美。,https://www.xiaohongshu.com/explore/661d0cc1000000001c005b96?xsec_token_redacted=1&xsec_source=pc_dots,本表只含现库未命中、固定实体、且引用小红书正文直接命名的新增候选；不等于已完成Google事实核验
宋卡府,餐饮美食,Lucas Cafe,Lucas Cafe Hatyai,精品咖啡馆,市区,1,泰好吃｜合艾 宋卡府 带孩子吃什么？,https://www.xiaohongshu.com/explore/69e7974e000000002202b135?xsec_token_redacted=1&xsec_source=pc_dots,本表只含现库未命中、固定实体、且引用小红书正文直接命名的新增候选；不等于已完成Google事实核验
宋卡府,餐饮美食,Moooon Donuts,Moooon Donuts,甜甜圈店,老街,1,🇹🇭｜合艾宋卡老街半日游🚗,https://www.xiaohongshu.com/explore/68f8b97900000000040050d0?xsec_token_redacted=1&xsec_source=pc_dots,本表只含现库未命中、固定实体、且引用小红书正文直接命名的新增候选；不等于已完成Google事实核验
宋卡府,餐饮美食,Ong Ice Cream,Ong Ice Cream Songkhla,冰淇淋店,老街,1,🇹🇭｜合艾宋卡老街半日游🚗,https://www.xiaohongshu.com/explore/68f8b97900000000040050d0?xsec_token_redacted=1&xsec_source=pc_dots,本表只含现库未命中、固定实体、且引用小红书正文直接命名的新增候选；不等于已完成Google事实核验
宋卡府,餐饮美食,P'Yen 粿汁,P'Yen Noodle Soup,粿汁店,酒店附近,1,泰好吃｜合艾 宋卡府 带孩子吃什么？,https://www.xiaohongshu.com/explore/69e7974e000000002202b135?xsec_token_redacted=1&xsec_source=pc_dots,本表只含现库未命中、固定实体、且引用小红书正文直接命名的新增候选；不等于已完成Google事实核验
宋卡府,餐饮美食,Sansabai Space,Sansabai Space Songkhla,特色咖啡馆,市区,1,🇹🇭合艾-宋卡粥3之Sansabai Space,https://www.xiaohongshu.com/explore/688b142e000000002203815c?xsec_token_redacted=1&xsec_source=pc_dots,本表只含现库未命中、固定实体、且引用小红书正文直接命名的新增候选；不等于已完成Google事实核验
宋卡府,餐饮美食,Summer Sky Kohyor,Summer Sky Kohyor,海岛咖啡馆,阁遥岛,1,合艾宋卡府 | 岛屿秘境咖啡馆 - Summer Sky,https://www.xiaohongshu.com/explore/6a4b8449000000000e038400?xsec_token_redacted=1&xsec_source=pc_dots,本表只含现库未命中、固定实体、且引用小红书正文直接命名的新增候选；不等于已完成Google事实核验
宋卡府,购物商业,ASEAN Night Market,ASEAN Night Market Hatyai,夜市,市区,2,"Greenway夜市闲逛，顺便晚餐在Food Court
大马留子|🇹🇭合艾➕宋卡4D3N自由行（自用版）","https://www.xiaohongshu.com/explore/67ee68f4000000001c03c039?xsec_token_redacted=1&xsec_source=pc_dots
https://www.xiaohongshu.com/explore/6a6be9c40000000006007b44?xsec_token_redacted=1&xsec_source=pc_dots",本表只含现库未命中、固定实体、且引用小红书正文直接命名的新增候选；不等于已完成Google事实核验
宋卡府,购物商业,Khlong Hae Floating Market,Khlong Hae Floating Market,水上市场,市区,1,Greenway夜市闲逛，顺便晚餐在Food Court,https://www.xiaohongshu.com/explore/67ee68f4000000001c03c039?xsec_token_redacted=1&xsec_source=pc_dots,本表只含现库未命中、固定实体、且引用小红书正文直接命名的新增候选；不等于已完成Google事实核验
宋卡府,交通服务,Hatyai Bus Terminal 1,Hatyai Bus Terminal 1,巴士总站,市区,1,穷游第12天泰国（合艾-宋卡）暮色打卡,https://www.xiaohongshu.com/explore/66b1fe8b0000000005022d1b?xsec_token_redacted=1&xsec_source=pc_dots,本表只含现库未命中、固定实体、且引用小红书正文直接命名的新增候选；不等于已完成Google事实核验
宋卡府,景点观光,合艾钟楼,Hatyai Clock Tower,地标钟楼,市中心,3,"🇹🇭合艾旅行最满意的景点😍
泰国预备世界遗产地｜南洋秘境-宋卡老城
合艾｜拒绝赶趟，别再把合艾当中转站","https://www.xiaohongshu.com/explore/65da15610000000007026cd9?xsec_token_redacted=1&xsec_source=pc_dots
https://www.xiaohongshu.com/explore/6a896d8000000000380001fe?xsec_token_redacted=1&xsec_source=pc_dots
https://www.xiaohongshu.com/explore/6a55bb600000000016024a6c?xsec_token_redacted=1&xsec_source=pc_dots",本表只含现库未命中、固定实体、且引用小红书正文直接命名的新增候选；不等于已完成Google事实核验
宋卡府,景点观光,宋卡湖,Songkhla Lake,湖泊,市区,4,"合艾宋卡府 | 岛屿秘境咖啡馆 - Summer Sky
🎨泰国南部宋卡｜漫步老城的色彩美学
海丝一梦·宋卡·泰南篇
泰国预备世界遗产地｜南洋秘境-宋卡老城","https://www.xiaohongshu.com/explore/6a4b8449000000000e038400?xsec_token_redacted=1&xsec_source=pc_dots
https://www.xiaohongshu.com/explore/6a40efbd0000000006034624?xsec_token_redacted=1&xsec_source=pc_dots
https://www.xiaohongshu.com/explore/69b3ce92000000001f0056f8?xsec_token_redacted=1&xsec_source=pc_dots
https://www.xiaohongshu.com/explore/6a896d8000000000380001fe?xsec_token_redacted=1&xsec_source=pc_dots",本表只含现库未命中、固定实体、且引用小红书正文直接命名的新增候选；不等于已完成Google事实核验
宋卡府,康养SPA,Anda Spa,Anda Spa Hatyai,泰式SPA,市区,1,📍合艾 宝藏泰式按摩｜Anda Spa,https://www.xiaohongshu.com/explore/69f08e3b000000003501f066?xsec_token_redacted=1&xsec_source=pc_dots,本表只含现库未命中、固定实体、且引用小红书正文直接命名的新增候选；不等于已完成Google事实核验
宋卡府,康养SPA,Chaowang Massage,Chaowang Massage,新派按摩,Lee Garden南边,1,在合艾找到了一家非常舒服的按摩店,https://www.xiaohongshu.com/explore/69f8cf17000000003501fbf6?xsec_token_redacted=1&xsec_source=pc_dots,本表只含现库未命中、固定实体、且引用小红书正文直接命名的新增候选；不等于已完成Google事实核验
宋卡府,康养SPA,Four Season Healthy,Four Season Healthy,健康按摩,CC酒店附近,1,🇲🇾2026合艾游住宿篇-CC Hotel🏨,https://www.xiaohongshu.com/explore/69d5bde50000000020038f27?xsec_token_redacted=1&xsec_source=pc_dots,本表只含现库未命中、固定实体、且引用小红书正文直接命名的新增候选；不等于已完成Google事实核验
宋卡府,康养SPA,Oliver Thai Traditional Massage,Oliver Thai Traditional Massage,传统按摩,Lotus小超市旁,1,🇹🇭悄悄告诉你🤫这家按摩院多人不知道,https://www.xiaohongshu.com/explore/69203d90000000001e01107b?xsec_token_redacted=1&xsec_source=pc_dots,本表只含现库未命中、固定实体、且引用小红书正文直接命名的新增候选；不等于已完成Google事实核验
宋卡府,康养SPA,Proud Massage & Relax,Proud Massage & Relax,高端按摩,Greenway夜市对面,1,🇹🇭 合艾按摩推荐Greenway这家真的很可以,https://www.xiaohongshu.com/explore/6a81af6f0000000011022f48?xsec_token_redacted=1&xsec_source=pc_dots,本表只含现库未命中、固定实体、且引用小红书正文直接命名的新增候选；不等于已完成Google事实核验
宋卡府,康养SPA,Sawassdee,Sawassdee Hatyai,洗头按摩,市区,1,大马留子|🇹🇭合艾➕宋卡4D3N自由行（自用版）,https://www.xiaohongshu.com/explore/6a6be9c40000000006007b44?xsec_token_redacted=1&xsec_source=pc_dots,本表只含现库未命中、固定实体、且引用小红书正文直接命名的新增候选；不等于已完成Google事实核验
宋卡府,住宿酒店,A List Hotel,A List Hotel Songkhla,豪华酒店,市中心,1,🇹🇭 宋卡：住进贵妇酒店,https://www.xiaohongshu.com/explore/661233e1000000001a017f5a?xsec_token_redacted=1&xsec_source=pc_dots,本表只含现库未命中、固定实体、且引用小红书正文直接命名的新增候选；不等于已完成Google事实核验
宋卡府,住宿酒店,Bestier Hotel Hatyai,Bestier Hotel Hatyai,精品酒店,市区,1,自驾去合艾住哪里？100+马币住到超新的酒店！,https://www.xiaohongshu.com/explore/6a54f1320000000008009c00?xsec_token_redacted=1&xsec_source=pc_dots,本表只含现库未命中、固定实体、且引用小红书正文直接命名的新增候选；不等于已完成Google事实核验
宋卡府,住宿酒店,Centara Hotel Hatyai,Centara Hotel Hatyai,四星酒店,Lee Garden商圈内,1,🇲🇾🇹🇭合艾｜酒店开箱🛏️实住对比推荐,https://www.xiaohongshu.com/explore/6958a218000000001f009b14?xsec_token_redacted=1&xsec_source=pc_dots,本表只含现库未命中、固定实体、且引用小红书正文直接命名的新增候选；不等于已完成Google事实核验
宋卡府,住宿酒店,Laguna Grand Hotel & Bar,Laguna Grand Hotel & Spa Songkhla,度假型酒店,Phawong区,1,🇹🇭宋卡酒店推荐|远离城市的喧嚣首选🏨,https://www.xiaohongshu.com/explore/6618d852000000000401a2fb?xsec_token_redacted=1&xsec_source=pc_dots,本表只含现库未命中、固定实体、且引用小红书正文直接命名的新增候选；不等于已完成Google事实核验
宋卡府,住宿酒店,New Season Square Hotel,New Season Square Hotel,商务酒店,市区,1,泰好吃｜合艾 宋卡府 带孩子吃什么？,https://www.xiaohongshu.com/explore/69e7974e000000002202b135?xsec_token_redacted=1&xsec_source=pc_dots,本表只含现库未命中、固定实体、且引用小红书正文直接命名的新增候选；不等于已完成Google事实核验
宋卡府,住宿酒店,Sakol Hotel,Sakol Hotel Hatyai,三星酒店,市中心,1,🇲🇾🇹🇭合艾｜酒店开箱🛏️实住对比推荐,https://www.xiaohongshu.com/explore/6958a218000000001f009b14?xsec_token_redacted=1&xsec_source=pc_dots,本表只含现库未命中、固定实体、且引用小红书正文直接命名的新增候选；不等于已完成Google事实核验
宋卡府,住宿酒店,Solis Beach Hotel & Rajamangala,Solis Beach Hotel Rajamangala,海滨酒店,Bo Yang区,2,"泰国宋卡不可错过的住宿
宋卡酒店🏨推薦｜療癒系酒店天花板｜無敵海景","https://www.xiaohongshu.com/explore/66c1bec00000000009015735?xsec_token_redacted=1&xsec_source=pc_dots
https://www.xiaohongshu.com/explore/68d52daa000000000e033324?xsec_token_redacted=1&xsec_source=pc_dots",本表只含现库未命中、固定实体、且引用小红书正文直接命名的新增候选；不等于已完成Google事实核验
宋卡府,住宿酒店,The Signature Hotel Airport,The Signature Hotel Airport Hatyai,机场酒店,机场旁,1,合艾—丽贝岛酒店分享篇,https://www.xiaohongshu.com/explore/699bdc7e000000000a02f53e?xsec_token_redacted=1&xsec_source=pc_dots,本表只含现库未命中、固定实体、且引用小红书正文直接命名的新增候选；不等于已完成Google事实核验
宋卡府,住宿酒店,Touch Warin Pool Villa,Touch Warin Pool Villa,泳池别墅,阁遥岛,1,合艾（宋卡）住宿,https://www.xiaohongshu.com/explore/69ca29fa000000001a03311f?xsec_token_redacted=1&xsec_source=pc_dots,本表只含现库未命中、固定实体、且引用小红书正文直接命名的新增候选；不等于已完成Google事实核验
呵叻府,餐饮美食,Kemon Alpaca Khao Yai,เคมง อัลปาก้า เขาใหญ่,动物园/咖啡馆,考艾,1,来泰国考艾的友友们 快来这里喂羊驼🦙,https://www.xiaohongshu.com/explore/6a6c8455000000002500f1ef?xsec_token_redacted=1&xsec_source=pc_dots,本表只含现库未命中、固定实体、且引用小红书正文直接命名的新增候选；不等于已完成Google事实核验
呵叻府,休闲娱乐,Chokchai Farm,โชคชัยฟาร์ม,亲子乐园与动物体验,考艾,1,泰国🇹🇭考艾 3天2晚自由行攻略,https://www.xiaohongshu.com/explore/6985c506000000000d00a373?xsec_token_redacted=1&xsec_source=pc_dots,本表只含现库未命中、固定实体、且引用小红书正文直接命名的新增候选；不等于已完成Google事实核验
呵叻府,景点观光,Khao Yai Da,เขาใหญ่ดา,登山步道,罗勇,1,罗勇牛马周末也要爬山爆汗Khao Yai Da,https://www.xiaohongshu.com/explore/6a89c15700000000380009f9?xsec_token_redacted=1&xsec_source=pc_dots,本表只含现库未命中、固定实体、且引用小红书正文直接命名的新增候选；不等于已完成Google事实核验
呵叻府,景点观光,Khao Yai National Park,อุทยานแห่งชาติเขาใหญ่,国家公园,考艾,2,"泰国🇹🇭考艾 3天2晚自由行攻略
考艾｜该怎么形容这片在曼谷周边静谧的绿意","https://www.xiaohongshu.com/explore/6985c506000000000d00a373?xsec_token_redacted=1&xsec_source=pc_dots
https://www.xiaohongshu.com/explore/6a7882600000000033032cf5?xsec_token_redacted=1&xsec_source=pc_dots",本表只含现库未命中、固定实体、且引用小红书正文直接命名的新增候选；不等于已完成Google事实核验
呵叻府,景点观光,Phimai Historical Park,พิมายประวัติศาสตร์公园,历史遗迹,披迈县,4,"呵叻| 跨越国界的文明—披迈石宫
泰国冷门宝藏！呵叻5大避世地🌿
帕侬蓝+玛穴寺，泰国真的有吴哥窟❤️
挑战 100 个泰国打卡点|披迈石宫","https://www.xiaohongshu.com/explore/6a32ac9700000000160264c1?xsec_token_redacted=1&xsec_source=pc_dots
https://www.xiaohongshu.com/explore/692fc283000000001d03d693?xsec_token_redacted=1&xsec_source=pc_dots
https://www.xiaohongshu.com/explore/69d0c8340000000023006ed1?xsec_token_redacted=1&xsec_source=pc_dots
https://www.xiaohongshu.com/explore/6a7bc3f000000000330106cb?xsec_token_redacted=1&xsec_source=pc_dots",本表只含现库未命中、固定实体、且引用小红书正文直接命名的新增候选；不等于已完成Google事实核验
呵叻府,住宿酒店,Malai KhaoYai Resort,มาลัย เขาใหญ่ รีสอร์ท,度假酒店,考艾,1,周末逃离曼谷，考艾吸氧去,https://www.xiaohongshu.com/explore/6a35e817000000001101353a?xsec_token_redacted=1&xsec_source=pc_dots,本表只含现库未命中、固定实体、且引用小红书正文直接命名的新增候选；不等于已完成Google事实核验
呵叻府,住宿酒店,Toscana Valley,โทสคานา วัลเลย์,度假村/欧式小镇,考艾,3,"泰国🇹🇭考艾 3天2晚自由行攻略
周末逃离曼谷，考艾吸氧去
曼谷到考艾3.5h｜迷宫遛娃+意大利小镇+4.8分","https://www.xiaohongshu.com/explore/6985c506000000000d00a373?xsec_token_redacted=1&xsec_source=pc_dots
https://www.xiaohongshu.com/explore/6a35e817000000001101353a?xsec_token_redacted=1&xsec_source=pc_dots
https://www.xiaohongshu.com/explore/6a68a328000000002201b2c7?xsec_token_redacted=1&xsec_source=pc_dots",本表只含现库未命中、固定实体、且引用小红书正文直接命名的新增候选；不等于已完成Google事实核验
廊开府,景点观光,Sala Keoku,ศาลาแก้วกู่,雕塑公园,Wat That社区,2,"出片友好旅行｜Sala Keoku泰国小众魔幻秘境
🇹🇭泰国最魔幻的雕塑群，萨拉鬼窟","https://www.xiaohongshu.com/explore/69ca24080000000023017ae1?xsec_token_redacted=1&xsec_source=pc_dots
https://www.xiaohongshu.com/explore/69d231370000000023012b06?xsec_token_redacted=1&xsec_source=pc_dots",本表只含现库未命中、固定实体、且引用小红书正文直接命名的新增候选；不等于已完成Google事实核验
罗勇府,景点观光,Khao Laem Ya,เขาแหลมยา,观景点,罗勇,1,🇹🇭 罗勇一日行程收藏 🔖,https://www.xiaohongshu.com/explore/6a68a8cf000000000c003000?xsec_token_redacted=1&xsec_source=pc_dots,本表只含现库未命中、固定实体、且引用小红书正文直接命名的新增候选；不等于已完成Google事实核验
罗勇府,景点观光,Laem Charoen Beach,แหลมเจริญ,海滩,罗勇,1,🇹🇭 罗勇一日行程收藏 🔖,https://www.xiaohongshu.com/explore/6a68a8cf000000000c003000?xsec_token_redacted=1&xsec_source=pc_dots,本表只含现库未命中、固定实体、且引用小红书正文直接命名的新增候选；不等于已完成Google事实核验
罗勇府,景点观光,Rayong Botanical Garden,สวนพฤกษศาสตร์ระยอง,湿地公园,罗勇,1,泰国小众绿野仙踪｜罗勇湿地划船全攻略,https://www.xiaohongshu.com/explore/6a64d6fe000000000401d257?xsec_token_redacted=1&xsec_source=pc_dots,本表只含现库未命中、固定实体、且引用小红书正文直接命名的新增候选；不等于已完成Google事实核验
罗勇府,景点观光,Thung Prong Thong,ทุ่งปรองทอง,红树林步道,Pak Nam Prasae,1,罗勇景点｜免费的金色红树林步道,https://www.xiaohongshu.com/explore/6a6b86e30000000008009c00?xsec_token_redacted=1&xsec_source=pc_dots,本表只含现库未命中、固定实体、且引用小红书正文直接命名的新增候选；不等于已完成Google事实核验
罗勇府,景点观光,Yomjinda Road,ถนนยมจินดา,老街,罗勇市区,2,"在罗勇老街，消磨一段南洋旧时光🌿
🇹🇭 罗勇一日行程收藏 🔖","https://www.xiaohongshu.com/explore/6a759fa90000000022031532?xsec_token_redacted=1&xsec_source=pc_dots
https://www.xiaohongshu.com/explore/6a68a8cf000000000c003000?xsec_token_redacted=1&xsec_source=pc_dots",本表只含现库未命中、固定实体、且引用小红书正文直接命名的新增候选；不等于已完成Google事实核验
洛坤府,餐饮美食,225 Café Homemade,225 คาเฟ่ โฮมเมด,咖啡馆,洛坤,1,泰国不止有普吉甲米！洛坤府，南部宝藏地🛵,https://www.xiaohongshu.com/explore/6a5df157000000000f012a11?xsec_token_redacted=1&xsec_source=pc_dots,本表只含现库未命中、固定实体、且引用小红书正文直接命名的新增候选；不等于已完成Google事实核验
洛坤府,餐饮美食,Aston Gilbert Coffee,แอสตัน กิลเบิร์ต คาเฟ่,咖啡馆,洛坤,1,泰国不止有普吉甲米！洛坤府，南部宝藏地🛵,https://www.xiaohongshu.com/explore/6a5df157000000000f012a11?xsec_token_redacted=1&xsec_source=pc_dots,本表只含现库未命中、固定实体、且引用小红书正文直接命名的新增候选；不等于已完成Google事实核验
洛坤府,景点观光,Khanom Beach,หาดขนอม,海滩,卡农县,1,泰国不止有普吉甲米！洛坤府，南部宝藏地🛵,https://www.xiaohongshu.com/explore/6a5df157000000000f012a11?xsec_token_redacted=1&xsec_source=pc_dots,本表只含现库未命中、固定实体、且引用小红书正文直接命名的新增候选；不等于已完成Google事实核验
洛坤府,景点观光,Khao Phlai Dam Coastal Road,เขาพลายดํา沿海公路,景观公路,洛坤,1,泰国不止有普吉甲米！洛坤府，南部宝藏地🛵,https://www.xiaohongshu.com/explore/6a5df157000000000f012a11?xsec_token_redacted=1&xsec_source=pc_dots,本表只含现库未命中、固定实体、且引用小红书正文直接命名的新增候选；不等于已完成Google事实核验
洛坤府,景点观光,Wat Ai Khai,วัดไอ้ไข่,寺庙,洛坤,1,泰国不止有普吉甲米！洛坤府，南部宝藏地🛵,https://www.xiaohongshu.com/explore/6a5df157000000000f012a11?xsec_token_redacted=1&xsec_source=pc_dots,本表只含现库未命中、固定实体、且引用小红书正文直接命名的新增候选；不等于已完成Google事实核验
洛坤府,景点观光,Khiriwong Village,หมู่บ้านคีรีวง,目的地城市与度假区,洛坤,1,泰国不止有普吉甲米！洛坤府，南部宝藏地🛵,https://www.xiaohongshu.com/explore/6a5df157000000000f012a11?xsec_token_redacted=1&xsec_source=pc_dots,本表只含现库未命中、固定实体、且引用小红书正文直接命名的新增候选；不等于已完成Google事实核验
难府,餐饮美食,Bali Nan Viewpoint & Cafe,จุดชมวิวบาหลี น่าน แอนด์ คาเฟ่,观景台/咖啡馆,难府,1,🇹🇭泰国小众游 | 记录小狗的难府行,https://www.xiaohongshu.com/explore/694c0855000000001f00aaba?xsec_token_redacted=1&xsec_source=pc_dots,本表只含现库未命中、固定实体、且引用小红书正文直接命名的新增候选；不等于已完成Google事实核验
难府,餐饮美食,Pangwua Farm Cafe & Camping,ไร่ปางวัว,农场咖啡馆,难府,1,🇹🇭泰国小众游 | 记录小狗的难府行,https://www.xiaohongshu.com/explore/694c0855000000001f00aaba?xsec_token_redacted=1&xsec_source=pc_dots,本表只含现库未命中、固定实体、且引用小红书正文直接命名的新增候选；不等于已完成Google事实核验
难府,景点观光,Doi Phu Kha National Park,ดอยภูคา国家公园,国家公园,普卡县,1,泰国难府，47万人活成了世外桃源,https://www.xiaohongshu.com/explore/6a40d20f00000000110113e3?xsec_token_redacted=1&xsec_source=pc_dots,本表只含现库未命中、固定实体、且引用小红书正文直接命名的新增候选；不等于已完成Google事实核验
难府,景点观光,Nan National Museum,พิพิธภัณฑสถานแห่งชาติน่าน,博物馆,难府古城,1,泰国难府，47万人活成了世外桃源,https://www.xiaohongshu.com/explore/6a40d20f00000000110113e3?xsec_token_redacted=1&xsec_source=pc_dots,本表只含现库未命中、固定实体、且引用小红书正文直接命名的新增候选；不等于已完成Google事实核验
难府,景点观光,Wat Phumin,วัดภูมินทร์,寺庙,难府古城,2,"难府｜看普明寺壁画✨
泰国难府，47万人活成了世外桃源","https://www.xiaohongshu.com/explore/6a81790c0000000028033a7f?xsec_token_redacted=1&xsec_source=pc_dots
https://www.xiaohongshu.com/explore/6a40d20f00000000110113e3?xsec_token_redacted=1&xsec_source=pc_dots",本表只含现库未命中、固定实体、且引用小红书正文直接命名的新增候选；不等于已完成Google事实核验
难府,住宿酒店,Utopua Resort,ยูโทปัวว์ รีสอร์ท,度假酒店,难府,1,🇹🇭泰国小众游 | 记录小狗的难府行,https://www.xiaohongshu.com/explore/694c0855000000001f00aaba?xsec_token_redacted=1&xsec_source=pc_dots,本表只含现库未命中、固定实体、且引用小红书正文直接命名的新增候选；不等于已完成Google事实核验
彭世洛府,餐饮美食,Thong Meatball Noodles Since 1977,ลูกชิ้นเนื้อทอง منذ 1977,面馆,彭世洛市区,1,彭世洛旅游攻略 好喜欢这个慢悠悠的城市,https://www.xiaohongshu.com/explore/6a0710220000000036001496?xsec_token_redacted=1&xsec_source=pc_dots,本表只含现库未命中、固定实体、且引用小红书正文直接命名的新增候选；不等于已完成Google事实核验
彭世洛府,景点观光,Sgt. Maj. Thawee Folk Museum,พิพิธภัณฑ์ทหารเอกทวี,民俗博物馆,彭世洛市区,1,多彩的泰北小城｜ 彭世洛一日游,https://www.xiaohongshu.com/explore/69a07bc9000000002303869c?xsec_token_redacted=1&xsec_source=pc_dots,本表只含现库未命中、固定实体、且引用小红书正文直接命名的新增候选；不等于已完成Google事实核验
彭世洛府,景点观光,Wat Chan Tawan Tok,วัดจันทร์ตะวันตก,寺庙,彭世洛市区,1,泰北旅行泰国彭世洛旅游攻略,https://www.xiaohongshu.com/explore/6a799c28000000002c003f20?xsec_token_redacted=1&xsec_source=pc_dots,本表只含现库未命中、固定实体、且引用小红书正文直接命名的新增候选；不等于已完成Google事实核验
彭世洛府,景点观光,Wat Phra Si Rattana Mahathat,วัดพระศรีรัตนมหาธาตุ,寺庙,彭世洛市区,3,"彭世洛旅游攻略 好喜欢这个慢悠悠的城市
泰北旅行泰国彭世洛旅游攻略
多彩的泰北小城｜ 彭世洛一日游","https://www.xiaohongshu.com/explore/6a0710220000000036001496?xsec_token_redacted=1&xsec_source=pc_dots
https://www.xiaohongshu.com/explore/6a799c28000000002c003f20?xsec_token_redacted=1&xsec_source=pc_dots
https://www.xiaohongshu.com/explore/69a07bc9000000002303869c?xsec_token_redacted=1&xsec_source=pc_dots",本表只含现库未命中、固定实体、且引用小红书正文直接命名的新增候选；不等于已完成Google事实核验
彭世洛府,住宿酒店,Nap Corner Hostel,แนป คอร์เนอร์ โฮสเทล,青旅,彭世洛市区,1,彭世洛旅游攻略 好喜欢这个慢悠悠的城市,https://www.xiaohongshu.com/explore/6a0710220000000036001496?xsec_token_redacted=1&xsec_source=pc_dots,本表只含现库未命中、固定实体、且引用小红书正文直接命名的新增候选；不等于已完成Google事实核验
乌隆府,景点观光,Ban Chiang National Museum,บ้านเชียงพิพิธภัณฑ์แห่งชาติ,博物馆,班清县,1,泰国东北🇹🇭乌隆他尼自由行～,https://www.xiaohongshu.com/explore/68e9f1b600000000050030fd?xsec_token_redacted=1&xsec_source=pc_dots,本表只含现库未命中、固定实体、且引用小红书正文直接命名的新增候选；不等于已完成Google事实核验
乌隆府,景点观光,Phu Phra Bat Historical Park,ภูพระบาทประวัติศาสตร์公园,历史公园,乌隆他尼,2,"泰国东北🇹🇭乌隆他尼自由行～
Udon Thani乌隆他尼两日半","https://www.xiaohongshu.com/explore/68e9f1b600000000050030fd?xsec_token_redacted=1&xsec_source=pc_dots
https://www.xiaohongshu.com/explore/69323359000000001e0010c3?xsec_token_redacted=1&xsec_source=pc_dots",本表只含现库未命中、固定实体、且引用小红书正文直接命名的新增候选；不等于已完成Google事实核验
乌隆府,景点观光,Red Lotus Lake,บึงหนองหาน,湖泊,乌隆他尼,2,"泰国东北🇹🇭乌隆他尼自由行～
Udon Thani乌隆他尼两日半","https://www.xiaohongshu.com/explore/68e9f1b600000000050030fd?xsec_token_redacted=1&xsec_source=pc_dots
https://www.xiaohongshu.com/explore/69323359000000001e0010c3?xsec_token_redacted=1&xsec_source=pc_dots",本表只含现库未命中、固定实体、且引用小红书正文直接命名的新增候选；不等于已完成Google事实核验
乌隆府,景点观光,Thai-Chinese Cultural Center,ศูนย์วัฒนธรรมไทย-จีน,文化中心,乌隆他尼市区,2,"泰国东北🇹🇭乌隆他尼自由行～
Udon Thani乌隆他尼两日半","https://www.xiaohongshu.com/explore/68e9f1b600000000050030fd?xsec_token_redacted=1&xsec_source=pc_dots
https://www.xiaohongshu.com/explore/69323359000000001e0010c3?xsec_token_redacted=1&xsec_source=pc_dots",本表只含现库未命中、固定实体、且引用小红书正文直接命名的新增候选；不等于已完成Google事实核验
乌隆府,景点观光,Wat Papukon,วัดป่าภูคอน,寺庙,乌隆他尼,1,泰国东北🇹🇭乌隆他尼自由行～,https://www.xiaohongshu.com/explore/68e9f1b600000000050030fd?xsec_token_redacted=1&xsec_source=pc_dots,本表只含现库未命中、固定实体、且引用小红书正文直接命名的新增候选；不等于已完成Google事实核验
武里南府,景点观光,Phanom Rung Historical Park,พนมรุ้งประวัติศาสตร์公园,历史遗迹,南隆县,1,帕侬蓝+玛穴寺，泰国真的有吴哥窟❤️,https://www.xiaohongshu.com/explore/69d0c8340000000023006ed1?xsec_token_redacted=1&xsec_source=pc_dots,本表只含现库未命中、固定实体、且引用小红书正文直接命名的新增候选；不等于已完成Google事实核验
武里南府,景点观光,Prasat Muang Tam,ปราสาทเมืองต่ํา,历史遗迹,南隆县,2,"帕侬蓝+玛穴寺，泰国真的有吴哥窟❤️
挑战 100 个泰国打卡点|披迈石宫","https://www.xiaohongshu.com/explore/69d0c8340000000023006ed1?xsec_token_redacted=1&xsec_source=pc_dots
https://www.xiaohongshu.com/explore/6a7bc3f000000000330106cb?xsec_token_redacted=1&xsec_source=pc_dots",本表只含现库未命中、固定实体、且引用小红书正文直接命名的新增候选；不等于已完成Google事实核验
武里南府,景点观光,Wat Khao Angkhan,วัดเขาอังคาร,寺庙,南隆县,1,帕侬蓝+玛穴寺，泰国真的有吴哥窟❤️,https://www.xiaohongshu.com/explore/69d0c8340000000023006ed1?xsec_token_redacted=1&xsec_source=pc_dots,本表只含现库未命中、固定实体、且引用小红书正文直接命名的新增候选；不等于已完成Google事实核验
