行政区,POI业务类型,POI名称,外文/地图名,POI细分类型,地理位置描述,引用小红书帖子数,名称直接命中帖子数（非热度）,现库匹配状态,现库匹配记录,固定实体审核,最终处理结论,适合人群,主要到访/入住理由,证据样例标题,证据样例URL,重要口径
巴蜀府,交通服务,华欣火车站,Hua Hin Railway Station,火车站,华欣市区；华欣区,51,6,疑似已存在,THXHSFINAL-1331:华欣火车站,固定实体候选,合并既有记录，不新增,适合打卡/交通,1911年拉玛六世时期修建、泰国最美火车站之一、无检票随便进出,"周末华欣Ace of Hua Hin resort酒店躺平
🇹🇭华欣！四天三晚最满意的海边度假酒店
从曼谷花9元坐6个多小时火车去趟华欣值吗？
曼谷去华欣坐车一天搞定🤣
🇹🇭华欣！心中no.1的漂亮度假酒店💚🌴","https://www.xiaohongshu.com/explore/6791c42a0000000018007fa3?xsec_token_redacted=1&xsec_source=pc_dots
https://www.xiaohongshu.com/explore/69a4f1bf000000002202ea11?xsec_token_redacted=1&xsec_source=pc_dots
https://www.xiaohongshu.com/explore/6445161c00000000120336e3?xsec_token_redacted=1&xsec_source=pc_dots
https://www.xiaohongshu.com/explore/6918a1d7000000000402a91e?xsec_token_redacted=1&xsec_source=pc_dots
https://www.xiaohongshu.com/explore/698089c3000000000a03dda2?xsec_token_redacted=1&xsec_source=pc_dots",回答名称来自点点AI；正文直接命中是引用帖内字符串核对，不代表热度，也不等于Google事实核验
巴蜀府,交通服务,曼谷华南蓬火车站,Hua Lamphong Railway Station,百年火车站/火车博物馆,市中心靠近唐人街,51,1,疑似已存在,THXHSFINAL-0727:华南蓬火车站,固定实体候选,合并既有记录，不新增,适合体验绿皮火车,意大利建筑风格、每天1趟9:20发车到华欣44泰铢约4小时,曼谷～华欣 泰国风情火车🚞 仅44🐷,https://www.xiaohongshu.com/explore/69e07202000000001a033e28?xsec_token_redacted=1&xsec_source=pc_dots,回答名称来自点点AI；正文直接命中是引用帖内字符串核对，不代表热度，也不等于Google事实核验
巴蜀府,康养SPA,Ruen Boran Thai Massage,Ruen Boran Thai Massage,泰式按摩,华欣市区百年建筑内,51,3,疑似已存在,THXHSFINAL-1560:Ruen Boran Thai Massage,固定实体候选,合并既有记录，不新增,适合体验传统泰式按摩,150年历史、泡脚水有香水柠檬和香茅叶、按摩后有芒果糯米饭、足部按摩1小时300泰铢,"泰国华欣 / SPA马杀鸡💆🏼‍♀️Ruen Boran Thai Mass
来华欣都给我来这家马杀鸡！
来华欣发呆看海吃什么🍽️🏝️🐳","https://www.xiaohongshu.com/explore/69d37a40000000001a021f74?xsec_token_redacted=1&xsec_source=pc_dots
https://www.xiaohongshu.com/explore/6a69d1950000000001000f11?xsec_token_redacted=1&xsec_source=pc_dots
https://www.xiaohongshu.com/explore/6985a063000000001b01c455?xsec_token_redacted=1&xsec_source=pc_dots",回答名称来自点点AI；正文直接命中是引用帖内字符串核对，不代表热度，也不等于Google事实核验
北碧府,餐饮美食,RaftDara Cafe,RaftDara Cafe,咖啡馆,桂河,27,1,疑似已存在,THXHSFINAL-1521:RaftDara Cafe,固定实体候选,合并既有记录，不新增,下午休闲游客,英伦风环境好、河景治愈、饮品甜点不错,📍北碧3天2夜怎么玩？保姆级攻略🚗⛰️🏡,https://www.xiaohongshu.com/explore/6a675395000000001102e9b1?xsec_token_redacted=1&xsec_source=pc_dots,回答名称来自点点AI；正文直接命中是引用帖内字符串核对，不代表热度，也不等于Google事实核验
北碧府,餐饮美食,W Story Cafe Kanchanaburi,W Story Cafe,景观咖啡馆,桂河,27,1,疑似已存在,THXHSFINAL-1522:W Story Cafe Kanchanaburi,固定实体候选,合并既有记录，不新增,摄影游客,山景+桂河景观、两层空间座位多、建议15:00-18:00来光线最美,📍北碧3天2夜怎么玩？保姆级攻略🚗⛰️🏡,https://www.xiaohongshu.com/explore/6a675395000000001102e9b1?xsec_token_redacted=1&xsec_source=pc_dots,回答名称来自点点AI；正文直接命中是引用帖内字符串核对，不代表热度，也不等于Google事实核验
北碧府,购物商业,北碧夜市,Kanchanaburi Night Market,夜市,大巴站前面,27,3,疑似已存在,THXHSFINAL-1525:北碧府火车站夜市,固定实体候选,合并既有记录，不新增,刚到/离开游客,特别便宜、打抛饭20泰铢,"北碧府3天2晚！桂河大桥、爱侣瀑布、死亡铁路一站打卡
	
这是原先打算走的行程，
北碧府：泰国的宁静绿洲
全网首发，泰国北碧府3天2夜自助游攻略","https://www.xiaohongshu.com/explore/6a510fbf0000000017008e06?xsec_token_redacted=1&xsec_source=pc_dots
https://www.xiaohongshu.com/explore/69046ffe0000000004000821?xsec_token_redacted=1&xsec_source=pc_dots
https://www.xiaohongshu.com/explore/6852ada4000000002400ed0f?xsec_token_redacted=1&xsec_source=pc_dots",回答名称来自点点AI；正文直接命中是引用帖内字符串核对，不代表热度，也不等于Google事实核验
北碧府,景点观光,爱侣湾瀑布,Erawan Water Fall อุทยานแห่งชาติเอราวัณ,国家公园瀑布,市区外1.5小时车程,27,7,疑似已存在,THXHSFINAL-1329:爱侣湾国家公园(七层瀑布),固定实体候选,合并既有记录，不新增,亲子/徒步游客,7层瀑布、越往上水越清、可玩水游泳免费鱼疗,"⛺️北碧府短途游记｜桂河·瀑布·河畔露营
北碧府：泰国的宁静绿洲
泰国值得去之北碧府（1）
📍北碧3天2夜怎么玩？保姆级攻略🚗⛰️🏡
🌿【北碧府：泰国的隐世治愈系秘境】🌿","https://www.xiaohongshu.com/explore/6a2ec0c10000000021014b11?xsec_token_redacted=1&xsec_source=pc_dots
https://www.xiaohongshu.com/explore/69046ffe0000000004000821?xsec_token_redacted=1&xsec_source=pc_dots
https://www.xiaohongshu.com/explore/65a228d2000000001a02a44c?xsec_token_redacted=1&xsec_source=pc_dots
https://www.xiaohongshu.com/explore/6a675395000000001102e9b1?xsec_token_redacted=1&xsec_source=pc_dots
https://www.xiaohongshu.com/explore/68b961df000000001b021544?xsec_token_redacted=1&xsec_source=pc_dots",回答名称来自点点AI；正文直接命中是引用帖内字符串核对，不代表热度，也不等于Google事实核验
北碧府,景点观光,桂河大桥,River Kwai Bridge / สะพานข้ามแม่น้ําแคว,文化古迹与宗教,桂河,27,12,疑似已存在,THXHSFINAL-1300:桂河大桥,固定实体候选,合并既有记录，不新增,历史爱好者,《桂河大桥》电影取景地、可漫步铁桥看火车驶过、日落氛围感强,"北碧府3天2晚！桂河大桥、爱侣瀑布、死亡铁路一站打卡
	
这是原先打算走的行程，
⛺️北碧府短途游记｜桂河·瀑布·河畔露营
北碧府一日游｜神树+寺庙+咖啡+桂河大桥
花200泰铢，坐上泰国最美铁路！
北碧府tips","https://www.xiaohongshu.com/explore/6a510fbf0000000017008e06?xsec_token_redacted=1&xsec_source=pc_dots
https://www.xiaohongshu.com/explore/6a2ec0c10000000021014b11?xsec_token_redacted=1&xsec_source=pc_dots
https://www.xiaohongshu.com/explore/69cf9ef0000000001f0066b4?xsec_token_redacted=1&xsec_source=pc_dots
https://www.xiaohongshu.com/explore/6a648900000000000100f5bc?xsec_token_redacted=1&xsec_source=pc_dots
https://www.xiaohongshu.com/explore/6a843ae000000000250002fa?xsec_token_redacted=1&xsec_source=pc_dots",回答名称来自点点AI；正文直接命中是引用帖内字符串核对，不代表热度，也不等于Google事实核验
北碧府,景点观光,虎穴寺,Wat Tham Suea / วัดถ้ําเสือ,文化古迹与宗教,桂河东岸,27,4,疑似已存在,THXHSFINAL-1362:虎穴寺；THXHSFINAL-1437:虎穴寺(Wat Tham Sua)；THXHSFINAL-0806:虎窟寺(Wat Tham Suea),固定实体候选,合并既有记录，不新增,祈福/摄影游客,157级台阶登顶、俯瞰稻田与远山、巨型金佛庄严出片,"北碧府的两家宝藏咖啡馆
北碧府一日游｜神树+寺庙+咖啡+桂河大桥
泰国值得去之北碧府（1）
📍北碧3天2夜怎么玩？保姆级攻略🚗⛰️🏡","https://www.xiaohongshu.com/explore/6a5317a9000000000803f38c?xsec_token_redacted=1&xsec_source=pc_dots
https://www.xiaohongshu.com/explore/69cf9ef0000000001f0066b4?xsec_token_redacted=1&xsec_source=pc_dots
https://www.xiaohongshu.com/explore/65a228d2000000001a02a44c?xsec_token_redacted=1&xsec_source=pc_dots
https://www.xiaohongshu.com/explore/6a675395000000001102e9b1?xsec_token_redacted=1&xsec_source=pc_dots",回答名称来自点点AI；正文直接命中是引用帖内字符串核对，不代表热度，也不等于Google事实核验
北碧府,景点观光,死亡铁路,Death Railway ทางรถไฟสายมรณะ,历史铁路,Tham Krasae段,27,12,疑似已存在,THXHSFINAL-1199:死亡铁路(悬崖栈道),固定实体候选,合并既有记录，不新增,历史/摄影游客,贴着悬崖行驶、一边悬崖一边桂河、电影感拉满,"北碧府的两家宝藏咖啡馆
北碧府3天2晚！桂河大桥、爱侣瀑布、死亡铁路一站打卡
	
这是原先打算走的行程，
北碧府：泰国的宁静绿洲
花200泰铢，坐上泰国最美铁路！
泰国值得去之北碧府（1）","https://www.xiaohongshu.com/explore/6a5317a9000000000803f38c?xsec_token_redacted=1&xsec_source=pc_dots
https://www.xiaohongshu.com/explore/6a510fbf0000000017008e06?xsec_token_redacted=1&xsec_source=pc_dots
https://www.xiaohongshu.com/explore/69046ffe0000000004000821?xsec_token_redacted=1&xsec_source=pc_dots
https://www.xiaohongshu.com/explore/6a648900000000000100f5bc?xsec_token_redacted=1&xsec_source=pc_dots
https://www.xiaohongshu.com/explore/65a228d2000000001a02a44c?xsec_token_redacted=1&xsec_source=pc_dots",回答名称来自点点AI；正文直接命中是引用帖内字符串核对，不代表热度，也不等于Google事实核验
北碧府,景点观光,Sai Yok Noi瀑布,Sai Yok Noi Waterfall น้ําตกไทรโยคน้อย,瀑布,Nam Tok站附近,27,3,疑似已存在,THXHSFINAL-1456:赛约克诺伊瀑布,固定实体候选,合并既有记录，不新增,深度游游客,免费开放可下水游泳、雨季水量壮观,"北碧府3天2晚！桂河大桥、爱侣瀑布、死亡铁路一站打卡
	
这是原先打算走的行程，
北碧府二日一晚攻略🇹🇭
北碧府隐藏仙境！Sai Yok国家公园必打卡","https://www.xiaohongshu.com/explore/6a510fbf0000000017008e06?xsec_token_redacted=1&xsec_source=pc_dots
https://www.xiaohongshu.com/explore/6a39115d000000000f016a23?xsec_token_redacted=1&xsec_source=pc_dots
https://www.xiaohongshu.com/explore/6837cb44000000000f038ae6?xsec_token_redacted=1&xsec_source=pc_dots",回答名称来自点点AI；正文直接命中是引用帖内字符串核对，不代表热度，也不等于Google事实核验
北碧府,休闲娱乐,北碧府野生动物园,safari park kanchanaburi,亲子乐园与动物体验,曼谷车程约3小时,27,2,疑似已存在,THXHSFULL-0359:北碧府野生动物园,固定实体候选,合并既有记录，不新增,亲子游客,近距离接触野生动物、喂长颈鹿小老虎小狮子、需提前预约,"🌿【北碧府：泰国的隐世治愈系秘境】🌿
曼谷出发🚗2.5h 打卡这座小众宝藏小城","https://www.xiaohongshu.com/explore/68b961df000000001b021544?xsec_token_redacted=1&xsec_source=pc_dots
https://www.xiaohongshu.com/explore/65aa6faa000000002d030535?xsec_token_redacted=1&xsec_source=pc_dots",回答名称来自点点AI；正文直接命中是引用帖内字符串核对，不代表热度，也不等于Google事实核验
北碧府,住宿酒店,Suan Sai Yok Resort,Suan Sai Yok Resort สวนไทรโยค รีสอร์ท,河景度假村,死亡铁路旁,27,1,疑似已存在,THXHSFINAL-1452:赛约克度假村,固定实体候选,合并既有记录，不新增,摄影/火车爱好者,出门即死亡铁路、步行到甲赛洞、火车与河景同框,花200泰铢，坐上泰国最美铁路！,https://www.xiaohongshu.com/explore/6a648900000000000100f5bc?xsec_token_redacted=1&xsec_source=pc_dots,回答名称来自点点AI；正文直接命中是引用帖内字符串核对，不代表热度，也不等于Google事实核验
北碧府,住宿酒店,The Float House水上漂浮酒店,The Float House River Kwai,漂浮度假村,桂河上,27,1,疑似已存在,THXHSFINAL-1451:桂河漂浮屋度假村,固定实体候选,合并既有记录，不新增,体验型游客,需乘船入住、含孟族表演/药草球按摩/河畔晚餐,北碧府tips,https://www.xiaohongshu.com/explore/6a843ae000000000250002fa?xsec_token_redacted=1&xsec_source=pc_dots,回答名称来自点点AI；正文直接命中是引用帖内字符串核对，不代表热度，也不等于Google事实核验
春蓬府,康养SPA,Health Station 2 Traditional Massage,Health Station 2 traditional massage,按摩店,市区,41,1,疑似已存在,THXHSFINAL-1372:Head Feel Good,固定实体候选,合并既有记录，不新增,按摩,"500泰铢/2小时,体验差按摩师力度不够且不专注",🇹🇭小众旅行地➡️春蓬，榴莲爱好者速来,https://www.xiaohongshu.com/explore/683b202d000000002102cc1b?xsec_token_redacted=1&xsec_source=pc_dots,回答名称来自点点AI；正文直接命中是引用帖内字符串核对，不代表热度，也不等于Google事实核验
大城府,餐饮美食,巴莱船面,Pa Lek Boat Noodle,面食与小吃,玛哈泰寺对面,72,9,疑似已存在,THXHSFINAL-1314:巴莱船面,固定实体候选,合并既有记录，不新增,美食打卡,"米其林船面,20泰铢/碗,分量小需多吃","大城府两日游，民宿推荐
大城府谁说没必要住宿！
🇹🇭大城府攻略｜中国人独有的打卡方式
#游玩攻略[话题]#
1、游玩交通
曼谷｜坐火车从曼谷去大城府一日游
第一步：出
曼谷往返大城一日游","https://www.xiaohongshu.com/explore/68d16947000000000e021ae7?xsec_token_redacted=1&xsec_source=pc_dots
https://www.xiaohongshu.com/explore/694e62e7000000001e034758?xsec_token_redacted=1&xsec_source=pc_dots
https://www.xiaohongshu.com/explore/68c2522a000000001c00a40e?xsec_token_redacted=1&xsec_source=pc_dots
https://www.xiaohongshu.com/explore/6a8529280000000028004615?xsec_token_redacted=1&xsec_source=pc_dots
https://www.xiaohongshu.com/explore/6a80750b0000000005033cd0?xsec_token_redacted=1&xsec_source=pc_dots",回答名称来自点点AI；正文直接命中是引用帖内字符串核对，不代表热度，也不等于Google事实核验
大城府,餐饮美食,Café Ayuthaya Ayothaya cafe,Café Ayuthaya Ayothaya cafe อโยธยาคาเฟ่,咖啡馆,Phai Ling,72,1,疑似已存在,THXHSFULL-0436:MongChang Cafe,固定实体候选,合并既有记录，不新增,大象互动,"大象咖啡店,250泰铢set含合影",大城府🇹🇭泰星同款大象咖啡店‼️,https://www.xiaohongshu.com/explore/691c91c8000000001e02af44?xsec_token_redacted=1&xsec_source=pc_dots,回答名称来自点点AI；正文直接命中是引用帖内字符串核对，不代表热度，也不等于Google事实核验
大城府,餐饮美食,Chirp Cafe and Chat Space,Chirp Cafe,咖啡馆,火车站至玛哈泰寺路上,72,1,疑似已存在,THXHSFINAL-1532:Chirp Cafe and Chat Space,固定实体候选,合并既有记录，不新增,抹茶爱好者,"日式庭院风,抹茶冰淇淋/饮品优秀",泰国大城府打卡推荐 EP.2,https://www.xiaohongshu.com/explore/69bd3a110000000023022cd8?xsec_token_redacted=1&xsec_source=pc_dots,回答名称来自点点AI；正文直接命中是引用帖内字符串核对，不代表热度，也不等于Google事实核验
罗勇府,餐饮美食,Brown Cabin,Brown Cabin,咖啡店,主街往码头穿过码头后,75,1,疑似已存在,THXHSFINAL-1722:Brown Cabin Chocolate Cafe,固定实体候选,合并既有记录，不新增,咖啡/拍照,"咖啡店漂亮比较小,冰美式不错,巧克力饮品太甜",🇹🇭沙美岛美食总结,https://www.xiaohongshu.com/explore/6794bce600000000290173d1?xsec_token_redacted=1&xsec_source=pc_dots,回答名称来自点点AI；正文直接命中是引用帖内字符串核对，不代表热度，也不等于Google事实核验
罗勇府,餐饮美食,Kang Ban Phe Noodles & Seafood Bar,Kang Ban Phe Noodles & Seafood Bar,酒吧与餐吧,班佩,75,3,疑似已存在,THXHSFINAL-1445:Kang Ban Phe Noodles & Seafood Bar,固定实体候选,合并既有记录，不新增,所有游客,"皮皮虾冬阴功面必吃,皮皮虾剥好去壳、膏满肉大,人均43元","沙美岛班佩码头必吃美食🦐
🇹🇭沙美岛美食总结
沙美岛码头好吃到飞起的皮皮虾面！探店成功","https://www.xiaohongshu.com/explore/6874b165000000002400db8e?xsec_token_redacted=1&xsec_source=pc_dots
https://www.xiaohongshu.com/explore/6794bce600000000290173d1?xsec_token_redacted=1&xsec_source=pc_dots
https://www.xiaohongshu.com/explore/689ca12d000000001d036b5f?xsec_token_redacted=1&xsec_source=pc_dots",回答名称来自点点AI；正文直接命中是引用帖内字符串核对，不代表热度，也不等于Google事实核验
罗勇府,餐饮美食,Tamnanpar Resort,Tamnanpar Resort,雨林主题餐厅,骑车15分钟,75,1,疑似已存在,THXHSFINAL-1721:Tamnanpar Resort 绿光森林生态餐厅,固定实体候选,合并既有记录，不新增,拍照/环境党,"热带雨林环境,溪流瀑布藤蔓,连续6年米其林,口味层次丰富",罗勇府雨林餐厅，品盘中的亚马逊，杯中的瀑布,https://www.xiaohongshu.com/explore/6a7355af0000000022030454?xsec_token_redacted=1&xsec_source=pc_dots,回答名称来自点点AI；正文直接命中是引用帖内字符串核对，不代表热度，也不等于Google事实核验
罗勇府,交通服务,班佩码头,Ban Phe Pier,官方码头,去沙美岛,75,22,疑似已存在,THXHSFINAL-1348:班佩码头(Ban Phe Pier),固定实体候选,合并既有记录，不新增,所有游客,"大船往返120铢/人40分钟,单程70铢,上岛费200铢/人,认准官方码头别被司机带去私人码头","Staycation，泰国罗勇府班佩码头住到不想走
泰国罗勇Rayong遛娃推荐，比芭提雅人少景美
🇹🇭罗勇府的一天
沙美岛班佩码头必吃美食🦐
🇹🇭沙美岛美食总结","https://www.xiaohongshu.com/explore/6a71f006000000000502b174?xsec_token_redacted=1&xsec_source=pc_dots
https://www.xiaohongshu.com/explore/69a292230000000022023a7c?xsec_token_redacted=1&xsec_source=pc_dots
https://www.xiaohongshu.com/explore/66f8c9df000000001b0231ab?xsec_token_redacted=1&xsec_source=pc_dots
https://www.xiaohongshu.com/explore/6874b165000000002400db8e?xsec_token_redacted=1&xsec_source=pc_dots
https://www.xiaohongshu.com/explore/6794bce600000000290173d1?xsec_token_redacted=1&xsec_source=pc_dots",回答名称来自点点AI；正文直接命中是引用帖内字符串核对，不代表热度，也不等于Google事实核验
罗勇府,交通服务,Nuanthip Pier,Nuanthip Pier,官方码头,去沙美岛,75,22,疑似已存在,THXHSFINAL-1348:班佩码头(Ban Phe Pier),固定实体候选,合并既有记录，不新增,所有游客,"从干货市场进去的码头,沙美岛回曼谷大巴票也在这里买,对面有711和Amazon咖啡店","Staycation，泰国罗勇府班佩码头住到不想走
泰国罗勇Rayong遛娃推荐，比芭提雅人少景美
🇹🇭罗勇府的一天
沙美岛班佩码头必吃美食🦐
🇹🇭沙美岛美食总结","https://www.xiaohongshu.com/explore/6a71f006000000000502b174?xsec_token_redacted=1&xsec_source=pc_dots
https://www.xiaohongshu.com/explore/69a292230000000022023a7c?xsec_token_redacted=1&xsec_source=pc_dots
https://www.xiaohongshu.com/explore/66f8c9df000000001b0231ab?xsec_token_redacted=1&xsec_source=pc_dots
https://www.xiaohongshu.com/explore/6874b165000000002400db8e?xsec_token_redacted=1&xsec_source=pc_dots
https://www.xiaohongshu.com/explore/6794bce600000000290173d1?xsec_token_redacted=1&xsec_source=pc_dots",回答名称来自点点AI；正文直接命中是引用帖内字符串核对，不代表热度，也不等于Google事实核验
罗勇府,康养SPA,Let's Relax,Let's Relax,连锁按摩,主街旁警局往前走,75,1,疑似已存在,THXHSFINAL-1308:Let's Relax(Central World店)；THXHSFINAL-1309:Let's Relax(Ratchadamri店)；THXHSFINAL-1310:Let's Relax(Siam Square店)；THXHSFINAL-1311:唐人街店)；THXHSFULL-0117:Let's Relax Spa（芭东）,固定实体候选,合并既有记录，不新增,手法好,"泰式按摩1小时300铢,技师很给力按到唉唉叫,环境不行手法棒",沙美島的Let’s Relax 服務與技術首選,https://www.xiaohongshu.com/explore/6a957805000000002303f434?xsec_token_redacted=1&xsec_source=pc_dots,回答名称来自点点AI；正文直接命中是引用帖内字符串核对，不代表热度，也不等于Google事实核验
罗勇府,住宿酒店,罗勇假日酒店及套房,Holiday Inn & Suites Rayong City Centre,城市酒店,Sukhumvit路,75,4,疑似已存在,THXHSFULL-0189:Holiday Inn（奥南原帖简称）,固定实体候选,合并既有记录，不新增,商务/城市游,"30层楼、隔音好,边上有Passione商场","泰兰德酒店分享来啦
罗勇酒店推荐 ⭐️Holiday Inn & Suites
罗勇府马杀鸡店推荐
罗勇按摩推荐thai house massage","https://www.xiaohongshu.com/explore/681adbed0000000020029b68?xsec_token_redacted=1&xsec_source=pc_dots
https://www.xiaohongshu.com/explore/678b0d480000000019018435?xsec_token_redacted=1&xsec_source=pc_dots
https://www.xiaohongshu.com/explore/67069b40000000002c015501?xsec_token_redacted=1&xsec_source=pc_dots
https://www.xiaohongshu.com/explore/68fc110f000000000301b674?xsec_token_redacted=1&xsec_source=pc_dots",回答名称来自点点AI；正文直接命中是引用帖内字符串核对，不代表热度，也不等于Google事实核验
罗勇府,住宿酒店,诺富特星星会议中心酒店,Novotel Stars Convention Hotel,商务酒店,市中心,75,2,疑似已存在,THXHSFINAL-0773:芭提雅诺富特酒店,固定实体候选,合并既有记录，不新增,商务/过渡,"设施新、地理位置好,正门右边是星星夜市","罗勇市区（中心）
泰兰德D1罗勇府～","https://www.xiaohongshu.com/explore/698d2f84000000001600b089?xsec_token_redacted=1&xsec_source=pc_dots
https://www.xiaohongshu.com/explore/66a4a4a7000000000600ff24?xsec_token_redacted=1&xsec_source=pc_dots",回答名称来自点点AI；正文直接命中是引用帖内字符串核对，不代表热度，也不等于Google事实核验
洛坤府,景点观光,Wat Phra Mahathat Woramahawihan,วัดพระมหาธาตุวรมหาวิหาร,寺庙,洛坤市区,29,2,疑似已存在,THXHSFINAL-1299:玛哈泰寺；THXHSFINAL-1321:玛哈泰寺,固定实体候选,合并既有记录，不新增,文化爱好者,千年佛塔、供奉佛祖舍利、泰国南部最重要皇家寺庙,"多彩的泰北小城｜ 彭世洛一日游
泰国不止有普吉甲米！洛坤府，南部宝藏地🛵","https://www.xiaohongshu.com/explore/69a07bc9000000002303869c?xsec_token_redacted=1&xsec_source=pc_dots
https://www.xiaohongshu.com/explore/6a5df157000000000f012a11?xsec_token_redacted=1&xsec_source=pc_dots",回答名称来自点点AI；正文直接命中是引用帖内字符串核对，不代表热度，也不等于Google事实核验
攀牙府,餐饮美食,Bay View Cafe,Bay View Cafe,景观咖啡馆,攀牙湾,51,2,疑似已存在,THXHSFINAL-1580:Bay View Cafe,固定实体候选,合并既有记录，不新增,日落/摄影,俯瞰攀牙湾、人均100元、坡度45度,"避开人潮｜普吉周边小众目的地推荐！
泰国攀牙湾｜意外闯入世外桃源","https://www.xiaohongshu.com/explore/67790b2c000000000900e8e5?xsec_token_redacted=1&xsec_source=pc_dots
https://www.xiaohongshu.com/explore/65b3c8c6000000002c0356cf?xsec_token_redacted=1&xsec_source=pc_dots",回答名称来自点点AI；正文直接命中是引用帖内字符串核对，不代表热度，也不等于Google事实核验
攀牙府,购物商业,Bang Niang Market,邦娘夜市,综合夜市,邦娘区,51,3,疑似已存在,THXHSFINAL-1208:邦娘夜市,固定实体候选,合并既有记录，不新增,游客/逛吃,300+摊位、烤排骨、Mojito 60泰铢、周一/三/四/日开,"考拉兰儒国家公园🏞️徒步路线和邦娘夜市
考拉（蔻丽）一个泰国最喜欢的宝藏地
Bang Niang Market","https://www.xiaohongshu.com/explore/693adc45000000001e028d33?xsec_token_redacted=1&xsec_source=pc_dots
https://www.xiaohongshu.com/explore/68f3b6e900000000070083c4?xsec_token_redacted=1&xsec_source=pc_dots
https://www.xiaohongshu.com/explore/66953a260000000025014389?xsec_token_redacted=1&xsec_source=pc_dots",回答名称来自点点AI；正文直接命中是引用帖内字符串核对，不代表热度，也不等于Google事实核验
攀牙府,景点观光,Khao Lak-Lam Ru National Park,兰儒国家公园,国家公园,热带雨林,51,1,疑似已存在,THXHSFINAL-1588:兰儒国家公园,固定实体候选,合并既有记录，不新增,徒步/自然,30分钟轻松路线、观景台、沙滩,考拉兰儒国家公园🏞️徒步路线和邦娘夜市,https://www.xiaohongshu.com/explore/693adc45000000001e028d33?xsec_token_redacted=1&xsec_source=pc_dots,回答名称来自点点AI；正文直接命中是引用帖内字符串核对，不代表热度，也不等于Google事实核验
攀牙府,景点观光,Nang Thong Beach,南通海滩,海滩,南通区,51,3,疑似已存在,THXHSFINAL-1765:囊通海滩,固定实体候选,合并既有记录，不新增,冲浪/日落,人少清净、贝壳多、适合冲浪,"向全世界安利普吉周边度假小镇—考拉
🇹🇭泰国!考拉!不愧是亲子酒店天花板
🇹🇭考拉Khao Lak - 四天四夜","https://www.xiaohongshu.com/explore/67d15c99000000001201ea99?xsec_token_redacted=1&xsec_source=pc_dots
https://www.xiaohongshu.com/explore/69e6ebaf000000002200eb84?xsec_token_redacted=1&xsec_source=pc_dots
https://www.xiaohongshu.com/explore/69cbb7c4000000001a028066?xsec_token_redacted=1&xsec_source=pc_dots",回答名称来自点点AI；正文直接命中是引用帖内字符串核对，不代表热度，也不等于Google事实核验
攀牙府,景点观光,Samet Nangshe Viewpoint,萨梅特南舍观景台,山顶观景台,山顶,51,0,疑似已存在,THXHSFINAL-1344:Samet Nangshe 观景台,固定实体候选,合并既有记录，不新增,日落/摄影,俯瞰攀牙湾、50泰铢接驳车、坡度45度,,,回答名称来自点点AI；正文直接命中是引用帖内字符串核对，不代表热度，也不等于Google事实核验
攀牙府,景点观光,Takuapa Old Town,达锅巴古镇,百年老街,老城区,51,2,疑似已存在,THXHSFINAL-1583:塔库阿帕老镇,固定实体候选,合并既有记录，不新增,文化/历史,中泰建筑、艺术涂鸦、复古咖啡厅,"这条街有多少阿嫲的情书
避开人潮｜普吉周边小众目的地推荐！","https://www.xiaohongshu.com/explore/6a3e925b0000000016025258?xsec_token_redacted=1&xsec_source=pc_dots
https://www.xiaohongshu.com/explore/67790b2c000000000900e8e5?xsec_token_redacted=1&xsec_source=pc_dots",回答名称来自点点AI；正文直接命中是引用帖内字符串核对，不代表热度，也不等于Google事实核验
攀牙府,景点观光,Ton Chong Fa Waterfall,通冲法瀑布,瀑布,雨林深处,51,1,疑似已存在,THXHSFINAL-1426:通冲法瀑布,固定实体候选,合并既有记录，不新增,亲子/戏水,溪边野餐、自然清凉,普吉岛考拉必打卡清单✨玩这些才叫海岛游！,https://www.xiaohongshu.com/explore/69f5f46e0000000023007cb5?xsec_token_redacted=1&xsec_source=pc_dots,回答名称来自点点AI；正文直接命中是引用帖内字符串核对，不代表热度，也不等于Google事实核验
彭世洛府,景点观光,Wat Ratchaburana,วัดราชบูรณะ,寺庙,彭世洛市区,29,2,疑似已存在,THXHSFINAL-1303:拉差布拉那寺,固定实体候选,合并既有记录，不新增,历史爱好者,15世纪阿瑜陀耶早期建筑、古壁画、拉玛九世出生证明,"泰北旅行泰国彭世洛旅游攻略
多彩的泰北小城｜ 彭世洛一日游","https://www.xiaohongshu.com/explore/6a799c28000000002c003f20?xsec_token_redacted=1&xsec_source=pc_dots
https://www.xiaohongshu.com/explore/69a07bc9000000002303869c?xsec_token_redacted=1&xsec_source=pc_dots",回答名称来自点点AI；正文直接命中是引用帖内字符串核对，不代表热度，也不等于Google事实核验
清莱府,餐饮美食,AMAZON COFFEE,AMAZON COFFEE(绵羊农场店),咖啡馆,郊区,69,2,疑似已存在,THXHSFINAL-1355:绵羊农场,固定实体候选,合并既有记录，不新增,适合拍照,门票100泰铢抵饮品、小绵羊温顺、蓝莓巴斯克强推,"清莱山上绵羊咖啡馆｜AMAZON COFFEE🐑
泰国🇹🇭清莱附近的绵羊咖啡","https://www.xiaohongshu.com/explore/6a8ae28b00000000250073c8?xsec_token_redacted=1&xsec_source=pc_dots
https://www.xiaohongshu.com/explore/6a2f7242000000001702e2d4?xsec_token_redacted=1&xsec_source=pc_dots",回答名称来自点点AI；正文直接命中是引用帖内字符串核对，不代表热度，也不等于Google事实核验
清莱府,餐饮美食,Arabia Coffee,Arabia Coffee,咖啡馆,清莱市区,69,1,疑似已存在,THXHSFINAL-1649:Arabia Coffee,固定实体候选,合并既有记录，不新增,适合打卡,地下洞穴座位区、设计感强、烘焙区在上方,深藏地下的“洞穴”咖啡馆,https://www.xiaohongshu.com/explore/6a2d3fd4000000000e031401?xsec_token_redacted=1&xsec_source=pc_dots,回答名称来自点点AI；正文直接命中是引用帖内字符串核对，不代表热度，也不等于Google事实核验
清莱府,餐饮美食,Breakfast Factory II x James Art Coffee,Breakfast Factory II,咖啡馆,清莱市区,69,1,疑似已存在,THXHSFINAL-1650:Breakfast Factory II x James Art Coffee,固定实体候选,合并既有记录，不新增,适合早餐,老木屋改造、Sourdough选择多、Matcha好喝,彻底爱上清莱这家木屋咖啡馆了！🌿☕️,https://www.xiaohongshu.com/explore/6a89a94e0000000037036b54?xsec_token_redacted=1&xsec_source=pc_dots,回答名称来自点点AI；正文直接命中是引用帖内字符串核对，不代表热度，也不等于Google事实核验
清莱府,餐饮美食,Lalitta Café,Lalitta Cafe,咖啡馆,清莱市区,69,3,疑似已存在,THXHSFINAL-1374:Lalitta Café,固定实体候选,合并既有记录，不新增,适合拍照,瀑布+森林+神像、门票60泰铢可抵饮品、上午9:30-11:00光线好,"在清莱找到了梦境中的花园｜Lalitta Café
🧚‍♂️清萊森林咖啡廳，真的像走進奇幻世界
🧚‍♀️ 泰国清莱 真实版“绿野仙踪”","https://www.xiaohongshu.com/explore/69a94df8000000001a029df6?xsec_token_redacted=1&xsec_source=pc_dots
https://www.xiaohongshu.com/explore/6a3feed5000000000e021801?xsec_token_redacted=1&xsec_source=pc_dots
https://www.xiaohongshu.com/explore/6a51cb6e000000000803ed11?xsec_token_redacted=1&xsec_source=pc_dots",回答名称来自点点AI；正文直接命中是引用帖内字符串核对，不代表热度，也不等于Google事实核验
清莱府,购物商业,周末夜市,Walking Street Chiang Rai,周末夜市,巴士站附近,69,2,疑似已存在,THXHSFULL-0330:纳卡夜市；THXHSFULL-0384:Thepprasit Night Market,固定实体候选,合并既有记录，不新增,适合周六晚上,100B海盐烤鱼、60B烤鱿鱼、有免费表演,"泰国清莱 只在周六才开的超大夜市 有吃有玩
强烈安利我的泰北超值美食地图（个人向）","https://www.xiaohongshu.com/explore/65d56ecb000000000102a5b5?xsec_token_redacted=1&xsec_source=pc_dots
https://www.xiaohongshu.com/explore/6a6d3a15000000002701fb1c?xsec_token_redacted=1&xsec_source=pc_dots",回答名称来自点点AI；正文直接命中是引用帖内字符串核对，不代表热度，也不等于Google事实核验
清莱府,交通服务,清莱巴士站,Bus Terminal 1,汽车站,市中心,69,2,疑似已存在,THXHSFINAL-0763:普吉汽车总站1,固定实体候选,合并既有记录，不新增,适合坐大巴去美斯乐/白庙,去白庙巴士写有white temple、去美斯乐50泰铢,"曼谷清莱一日✈️游极限逛白红蓝三庙
清莱如何去美斯乐","https://www.xiaohongshu.com/explore/691c7309000000001f004eff?xsec_token_redacted=1&xsec_source=pc_dots
https://www.xiaohongshu.com/explore/69d368a9000000001b023d55?xsec_token_redacted=1&xsec_source=pc_dots",回答名称来自点点AI；正文直接命中是引用帖内字符串核对，不代表热度，也不等于Google事实核验
沙敦府,康养SPA,Health Massage,Health Massage,按摩店,丽贝岛步行街,70,2,疑似已存在,THXHSFULL-0115:Salisa Spa / Health Massage,固定实体候选,合并既有记录，不新增,预算有限、追求性价比,350泰铢/小时、手法不错、但被吐槽临时换技师,"丽贝岛6天 不愿意醒的一场梦💙🪼
丽贝岛躺平日记","https://www.xiaohongshu.com/explore/6a3e8c2b0000000016026d46?xsec_token_redacted=1&xsec_source=pc_dots
https://www.xiaohongshu.com/explore/6945d163000000001e0052cd?xsec_token_redacted=1&xsec_source=pc_dots",回答名称来自点点AI；正文直接命中是引用帖内字符串核对，不代表热度，也不等于Google事实核验
沙敦府,康养SPA,SABYE Health Massage,,泰式按摩,,70,2,疑似已存在,THXHSFULL-0114:SABYE Health Massage,固定实体候选,合并既有记录，不新增,预算有限、追求性价比,350泰铢/小时、但被吐槽有擦边服务、手法一般,"丽贝岛6天 不愿意醒的一场梦💙🪼
丽贝岛的泰式按摩推荐两家","https://www.xiaohongshu.com/explore/6a3e8c2b0000000016026d46?xsec_token_redacted=1&xsec_source=pc_dots
https://www.xiaohongshu.com/explore/690d549100000000070153c2?xsec_token_redacted=1&xsec_source=pc_dots",回答名称来自点点AI；正文直接命中是引用帖内字符串核对，不代表热度，也不等于Google事实核验
沙敦府,康养SPA,Triluck Massage,Triluck Health Massage,SPA,丽贝岛芭提雅沙滩,70,5,疑似已存在,THXHSFULL-0111:Triluck Health Massage,固定实体候选,合并既有记录，不新增,追求海景按摩、预算充足,Google评分4.9、沙滩露天、椰子油按摩、400-450泰铢/60分钟、需预约,"丽贝岛从夯到拉测评2.0
丽贝岛6天 不愿意醒的一场梦💙🪼
丽贝岛SPA天花板🌊4.9分沙滩露天按摩
丽贝岛躺平日记
丽贝岛｜按摩天花板","https://www.xiaohongshu.com/explore/69fb0721000000002301dd8a?xsec_token_redacted=1&xsec_source=pc_dots
https://www.xiaohongshu.com/explore/6a3e8c2b0000000016026d46?xsec_token_redacted=1&xsec_source=pc_dots
https://www.xiaohongshu.com/explore/69d3d16c000000002200247e?xsec_token_redacted=1&xsec_source=pc_dots
https://www.xiaohongshu.com/explore/6945d163000000001e0052cd?xsec_token_redacted=1&xsec_source=pc_dots
https://www.xiaohongshu.com/explore/69f5ce67000000003503313e?xsec_token_redacted=1&xsec_source=pc_dots",回答名称来自点点AI；正文直接命中是引用帖内字符串核对，不代表热度，也不等于Google事实核验
沙敦府,住宿酒店,阿基拉酒店,Akira Lipe Resort,度假村,丽贝岛日出沙滩,70,3,疑似已存在,THXHSFINAL-0866:阿基拉塔佩酒店,固定实体候选,合并既有记录，不新增,追求高端度假、预算充足,25年米其林、但被吐槽入住流程乱、沙滩晚餐氛围好,"丽贝岛（有）美食（吗）攻略🌚
丽贝岛｜按摩天花板
丽贝岛的泰式按摩推荐两家","https://www.xiaohongshu.com/explore/69a1add3000000002801f0bb?xsec_token_redacted=1&xsec_source=pc_dots
https://www.xiaohongshu.com/explore/69f5ce67000000003503313e?xsec_token_redacted=1&xsec_source=pc_dots
https://www.xiaohongshu.com/explore/690d549100000000070153c2?xsec_token_redacted=1&xsec_source=pc_dots",回答名称来自点点AI；正文直接命中是引用帖内字符串核对，不代表热度，也不等于Google事实核验
宋卡府,餐饮美食,2459 Restaurant,2459 Restaurant,泰式与本地餐厅,老街,42,3,疑似已存在,THXHSFINAL-1558:2459 Restaurant,固定实体候选,合并既有记录，不新增,Thai Select认证餐厅,"价格合理味道不错份量刚好,环境OK座位有限","泰好吃｜合艾 宋卡府 带孩子吃什么？
🇹🇭｜合艾宋卡老街半日游🚗
🇲🇾🇹🇭合艾D3｜宋卡-树上cafe-站佛寺","https://www.xiaohongshu.com/explore/69e7974e000000002202b135?xsec_token_redacted=1&xsec_source=pc_dots
https://www.xiaohongshu.com/explore/68f8b97900000000040050d0?xsec_token_redacted=1&xsec_source=pc_dots
https://www.xiaohongshu.com/explore/6947b5cf000000001e0270a1?xsec_token_redacted=1&xsec_source=pc_dots",回答名称来自点点AI；正文直接命中是引用帖内字符串核对，不代表热度，也不等于Google事实核验
宋卡府,餐饮美食,TreeHouse Cafe Songkhla,TreeHouse Cafe Songkhla,咖啡馆,市区,42,1,疑似已存在,THXHSFINAL-1544:TreeHouse Cafe Songkhla,固定实体候选,合并既有记录，不新增,咖啡爱好者/拍照党,"依树而建,顶楼可看东南亚风景和水牛,热带度假风情,8am-9pm营业",🇲🇾🇹🇭合艾D3｜宋卡-树上cafe-站佛寺,https://www.xiaohongshu.com/explore/6947b5cf000000001e0270a1?xsec_token_redacted=1&xsec_source=pc_dots,回答名称来自点点AI；正文直接命中是引用帖内字符串核对，不代表热度，也不等于Google事实核验
宋卡府,购物商业,Central Festival Hatyai,Central Festival Hatyai,商场与购物中心,市区,42,0,疑似已存在,THXHSFINAL-1417:Central Festival Hatyai,固定实体候选,合并既有记录，不新增,购物/餐饮,"几乎都可支付宝微信付款,超级方便",,,回答名称来自点点AI；正文直接命中是引用帖内字符串核对，不代表热度，也不等于Google事实核验
宋卡府,购物商业,Greenway Night Market,Greenway Night Market,夜市与市集,市区,42,5,疑似已存在,THXHSFINAL-1381:Greenway Night Market,固定实体候选,合并既有记录，不新增,年轻人/购物爱好者,"合艾最大最潮夜市,100+种泰式小吃,潮流服饰手工艺品,4pm-10pm营业(周二至周日)","🇹🇭 合艾按摩推荐Greenway这家真的很可以
泰国🇹🇭合艾自驾游攻略
🇹🇭 || 合艾超好买的夜市❕
🌙🇹🇭 合艾 – 夜市美食 & 购物天堂
合艾｜拒绝赶趟，别再把合艾当中转站","https://www.xiaohongshu.com/explore/6a81af6f0000000011022f48?xsec_token_redacted=1&xsec_source=pc_dots
https://www.xiaohongshu.com/explore/6919a9d3000000000d00cb4f?xsec_token_redacted=1&xsec_source=pc_dots
https://www.xiaohongshu.com/explore/65a530a0000000001e007d81?xsec_token_redacted=1&xsec_source=pc_dots
https://www.xiaohongshu.com/explore/67e77371000000001b026e24?xsec_token_redacted=1&xsec_source=pc_dots
https://www.xiaohongshu.com/explore/6a55bb600000000016024a6c?xsec_token_redacted=1&xsec_source=pc_dots",回答名称来自点点AI；正文直接命中是引用帖内字符串核对，不代表热度，也不等于Google事实核验
宋卡府,购物商业,Kim Yong Market,ตลาดกิมหยง (Nescafe Street Cafe),本地市场,市区,42,3,疑似已存在,THXHSFINAL-1545:Kim Yong Market,固定实体候选,合并既有记录，不新增,早市爱好者,"啥都有,逛当地早市乐趣大于夜市","大马去合艾4天3夜行程
合艾｜拒绝赶趟，别再把合艾当中转站
🇹🇭泰国合艾五天三夜游","https://www.xiaohongshu.com/explore/6a338498000000000d00bc00?xsec_token_redacted=1&xsec_source=pc_dots
https://www.xiaohongshu.com/explore/6a55bb600000000016024a6c?xsec_token_redacted=1&xsec_source=pc_dots
https://www.xiaohongshu.com/explore/6a258f720000000010001c01?xsec_token_redacted=1&xsec_source=pc_dots",回答名称来自点点AI；正文直接命中是引用帖内字符串核对，不代表热度，也不等于Google事实核验
宋卡府,购物商业,Lee Garden Night Market,Lee Garden Night Market ลีการ์เดนส์ ไนท์มาร์เก็ต,夜市与市集,市区,42,3,疑似已存在,THXHSFINAL-1412:Lee Garden Night Market,固定实体候选,合并既有记录，不新增,购物+美食,"食物价格便宜,马杀鸡一条街也在这","Greenway夜市闲逛，顺便晚餐在Food Court
合艾｜拒绝赶趟，别再把合艾当中转站
🇹🇭泰国合艾五天三夜游","https://www.xiaohongshu.com/explore/67ee68f4000000001c03c039?xsec_token_redacted=1&xsec_source=pc_dots
https://www.xiaohongshu.com/explore/6a55bb600000000016024a6c?xsec_token_redacted=1&xsec_source=pc_dots
https://www.xiaohongshu.com/explore/6a258f720000000010001c01?xsec_token_redacted=1&xsec_source=pc_dots",回答名称来自点点AI；正文直接命中是引用帖内字符串核对，不代表热度，也不等于Google事实核验
宋卡府,景点观光,合艾市政公园,Hatyai Municipal Park,山顶公园,市区山顶,42,1,疑似已存在,THXHSFINAL-1547:Hatyai Municipal Park,固定实体候选,合并既有记录，不新增,全景俯瞰,"结合自然生态+宗教,山顶从上往下分成几站每站有庙供奉不同神灵,可眺望合艾市全景",🇲🇾🇹🇭合艾D3｜宋卡-树上cafe-站佛寺,https://www.xiaohongshu.com/explore/6947b5cf000000001e0270a1?xsec_token_redacted=1&xsec_source=pc_dots,回答名称来自点点AI；正文直接命中是引用帖内字符串核对，不代表热度，也不等于Google事实核验
宋卡府,景点观光,红磨坊,Hub Ho Hin (Red Rice Mill),历史建筑,湖畔,42,3,疑似已存在,THXHSFINAL-1415:Hub Ho Hin,固定实体候选,合并既有记录，不新增,拍照打卡,"宋卡世界遗产筹备处,最具标志视觉符号","泰国预备世界遗产地｜南洋秘境-宋卡老城
📍Songkhla Old Town｜宋卡老城 🇹🇭
大马留子|🇹🇭合艾➕宋卡4D3N自由行（自用版）","https://www.xiaohongshu.com/explore/6a896d8000000000380001fe?xsec_token_redacted=1&xsec_source=pc_dots
https://www.xiaohongshu.com/explore/6a812bb8000000000c033c00?xsec_token_redacted=1&xsec_source=pc_dots
https://www.xiaohongshu.com/explore/6a6be9c40000000006007b44?xsec_token_redacted=1&xsec_source=pc_dots",回答名称来自点点AI；正文直接命中是引用帖内字符串核对，不代表热度，也不等于Google事实核验
宋卡府,景点观光,金祖寺,Wat Matchimawat,泰南寺院,市区,42,1,疑似已存在,THXHSFINAL-1551:Wat Matchimawat,固定实体候选,合并既有记录，不新增,文化爱好者,"建于大城府晚期约300年历史,古色古香满满中国元素",泰国预备世界遗产地｜南洋秘境-宋卡老城,https://www.xiaohongshu.com/explore/6a896d8000000000380001fe?xsec_token_redacted=1&xsec_source=pc_dots,回答名称来自点点AI；正文直接命中是引用帖内字符串核对，不代表热度，也不等于Google事实核验
宋卡府,景点观光,美人鱼雕像,Golden Mermaid Statue,地标雕塑,Samila Beach,42,4,疑似已存在,THXHSFINAL-1414:Golden Mermaid Statue,固定实体候选,合并既有记录，不新增,拍照打卡,"宋卡地标,35年后再次相遇的怀旧打卡点","🎨泰国南部宋卡｜漫步老城的色彩美学
泰国🇹🇭合艾Hatyai｜一座被低估的小城🌿
🇲🇾🇹🇭合艾D3｜宋卡-树上cafe-站佛寺
🇹🇭泰国合艾五天三夜游","https://www.xiaohongshu.com/explore/6a40efbd0000000006034624?xsec_token_redacted=1&xsec_source=pc_dots
https://www.xiaohongshu.com/explore/69d6a800000000002102d88a?xsec_token_redacted=1&xsec_source=pc_dots
https://www.xiaohongshu.com/explore/6947b5cf000000001e0270a1?xsec_token_redacted=1&xsec_source=pc_dots
https://www.xiaohongshu.com/explore/6a258f720000000010001c01?xsec_token_redacted=1&xsec_source=pc_dots",回答名称来自点点AI；正文直接命中是引用帖内字符串核对，不代表热度，也不等于Google事实核验
宋卡府,景点观光,萨米拉海滩,Samila Beach,海滩,市区,42,9,疑似已存在,THXHSFINAL-1416:Samila Beach,固定实体候选,合并既有记录，不新增,海边休闲,"金色美人鱼雕像打卡热点,沙滩可骑马,海边有小摊卖纪念品和风筝","🇹🇭｜合艾宋卡老街半日游🚗
🎨泰国南部宋卡｜漫步老城的色彩美学
海丝一梦·宋卡·泰南篇
穷游第12天泰国（合艾-宋卡）暮色打卡
🇲🇾🇹🇭合艾D3｜宋卡-树上cafe-站佛寺","https://www.xiaohongshu.com/explore/68f8b97900000000040050d0?xsec_token_redacted=1&xsec_source=pc_dots
https://www.xiaohongshu.com/explore/6a40efbd0000000006034624?xsec_token_redacted=1&xsec_source=pc_dots
https://www.xiaohongshu.com/explore/69b3ce92000000001f0056f8?xsec_token_redacted=1&xsec_source=pc_dots
https://www.xiaohongshu.com/explore/66b1fe8b0000000005022d1b?xsec_token_redacted=1&xsec_source=pc_dots
https://www.xiaohongshu.com/explore/6947b5cf000000001e0270a1?xsec_token_redacted=1&xsec_source=pc_dots",回答名称来自点点AI；正文直接命中是引用帖内字符串核对，不代表热度，也不等于Google事实核验
宋卡府,景点观光,宋卡城隍庙,ศาลเจ้าพ่อหลักเมืองสงขลา (Songkhla City Pillar Shrine),文化古迹与宗教,老街,42,1,疑似已存在,THXHSFINAL-1470:宋卡城隍庙,固定实体候选,合并既有记录，不新增,文化爱好者,"始建于1842年(清道光二十二年),距今160余年,泰国最古老华人古迹之一",泰国预备世界遗产地｜南洋秘境-宋卡老城,https://www.xiaohongshu.com/explore/6a896d8000000000380001fe?xsec_token_redacted=1&xsec_source=pc_dots,回答名称来自点点AI；正文直接命中是引用帖内字符串核对，不代表热度，也不等于Google事实核验
宋卡府,景点观光,宋卡国家博物馆,Songkhla National Museum,博物馆,市区,42,2,疑似已存在,THXHSFINAL-1468:Songkhla National Museum,固定实体候选,合并既有记录，不新增,历史文化爱好者,"吴氏王朝曾经王府,西洋与闽南风格完美融合,可能收门票但到访时修缮中免费","泰国预备世界遗产地｜南洋秘境-宋卡老城
大马留子|🇹🇭合艾➕宋卡4D3N自由行（自用版）","https://www.xiaohongshu.com/explore/6a896d8000000000380001fe?xsec_token_redacted=1&xsec_source=pc_dots
https://www.xiaohongshu.com/explore/6a6be9c40000000006007b44?xsec_token_redacted=1&xsec_source=pc_dots",回答名称来自点点AI；正文直接命中是引用帖内字符串核对，不代表热度，也不等于Google事实核验
宋卡府,景点观光,宋卡老街,Songkhla Old Town,历史文化街区,老城区,42,11,疑似已存在,THXHSFINAL-1413:Songkhla Old Town,固定实体候选,合并既有记录，不新增,拍照/文化爱好者,"彩色中葡式老建筑、老店、咖啡馆、Street Art壁画,像马六甲或槟城老街","🇹🇭｜合艾宋卡老街半日游🚗
🇹🇭合艾3天2夜极致懒人攻略 | 槟城出发
泰国🇹🇭合艾Hatyai｜一座被低估的小城🌿
🇹🇭合艾旅行最满意的景点😍
穷游第12天泰国（合艾-宋卡）暮色打卡","https://www.xiaohongshu.com/explore/68f8b97900000000040050d0?xsec_token_redacted=1&xsec_source=pc_dots
https://www.xiaohongshu.com/explore/698c767e000000001a02bd12?xsec_token_redacted=1&xsec_source=pc_dots
https://www.xiaohongshu.com/explore/69d6a800000000002102d88a?xsec_token_redacted=1&xsec_source=pc_dots
https://www.xiaohongshu.com/explore/65da15610000000007026cd9?xsec_token_redacted=1&xsec_source=pc_dots
https://www.xiaohongshu.com/explore/66b1fe8b0000000005022d1b?xsec_token_redacted=1&xsec_source=pc_dots",回答名称来自点点AI；正文直接命中是引用帖内字符串核对，不代表热度，也不等于Google事实核验
宋卡府,景点观光,宋卡陶瓷博物馆,Songkhla Ceramic Museum,专题博物馆,市区,42,1,疑似已存在,THXHSFINAL-1467:Songkhla Ceramic Museum,固定实体候选,合并既有记录，不新增,陶瓷爱好者/拍照党,"景观不错适合拍照,特别有中式风格",泰国预备世界遗产地｜南洋秘境-宋卡老城,https://www.xiaohongshu.com/explore/6a896d8000000000380001fe?xsec_token_redacted=1&xsec_source=pc_dots,回答名称来自点点AI；正文直接命中是引用帖内字符串核对，不代表热度，也不等于Google事实核验
宋卡府,景点观光,唐宽山,Tang Kuan Hill (เขาตังกู),自然景观与户外,城市制高点,42,1,疑似已存在,THXHSFINAL-1557:唐宽山,固定实体候选,合并既有记录，不新增,日落爱好者,"城市制高点俯瞰全景,看日落",泰国预备世界遗产地｜南洋秘境-宋卡老城,https://www.xiaohongshu.com/explore/6a896d8000000000380001fe?xsec_token_redacted=1&xsec_source=pc_dots,回答名称来自点点AI；正文直接命中是引用帖内字符串核对，不代表热度，也不等于Google事实核验
宋卡府,住宿酒店,CC Hotel,CC Hotel Hatyai,酒店与度假住宿,市区,42,1,疑似已存在,THXHSFINAL-1540:CC Hotel,固定实体候选,合并既有记录，不新增,家庭出游、老人小孩,"步行5-10分钟有两家7-11,附近吃的很多",🇲🇾2026合艾游住宿篇-CC Hotel🏨,https://www.xiaohongshu.com/explore/69d5bde50000000020038f27?xsec_token_redacted=1&xsec_source=pc_dots,回答名称来自点点AI；正文直接命中是引用帖内字符串核对，不代表热度，也不等于Google事实核验
素可泰府,餐饮美食,JUNGLE,丛林餐厅,泰餐厅,,42,1,疑似已存在,THXHSFINAL-0808:Jungle Kitchen,固定实体候选,合并既有记录，不新增,拍照打卡,"东南亚丛林风格,咖啡香气浓郁,酸木瓜系列",JUNGLE｜咖啡太惊喜☕,https://www.xiaohongshu.com/explore/6a8ed3f80000000020032b41?xsec_token_redacted=1&xsec_source=pc_dots,回答名称来自点点AI；正文直接命中是引用帖内字符串核对，不代表热度，也不等于Google事实核验
素可泰府,购物商业,素可泰夜市,Sukhothai Night Market,夜市,历史公园正门口那条街(除周一外每天),42,0,疑似已存在,THXHSFINAL-1393:素可泰古城夜市,固定实体候选,合并既有记录，不新增,体验当地生活,"沿湖小摊,买了可在湖边席地而坐吃,有肉串等",,,回答名称来自点点AI；正文直接命中是引用帖内字符串核对，不代表热度，也不等于Google事实核验
素可泰府,交通服务,素可泰历史公园,Sukhothai Historical Park,历史遗迹,,42,15,疑似已存在,THXHSFINAL-1312:素可泰历史公园(中区),固定实体候选,合并既有记录，不新增,所有游客,"联合国教科文组织世界遗产,分中区/北区/西区/南区/东区,门票200泰铢(中区)","吹爆性价比天花板！素可泰Taitai Sukhothai
200的酒店，无价的服务，在素可泰🇹🇭
来泰国绝对不能错过这间Resort!!🇹🇭
素可泰平均房价不到800泰铢的独栋小屋泳池度假村和它还算丰富的早餐。
​推荐指数
素可泰｜被问爆了的莫奈花园酒店！","https://www.xiaohongshu.com/explore/679dc88c000000001902fb29?xsec_token_redacted=1&xsec_source=pc_dots
https://www.xiaohongshu.com/explore/6666d5f3000000000e0318ea?xsec_token_redacted=1&xsec_source=pc_dots
https://www.xiaohongshu.com/explore/68207754000000000f038e7d?xsec_token_redacted=1&xsec_source=pc_dots
https://www.xiaohongshu.com/explore/6a2caacb00000000170298c0?xsec_token_redacted=1&xsec_source=pc_dots
https://www.xiaohongshu.com/explore/6793c6a000000000290126f3?xsec_token_redacted=1&xsec_source=pc_dots",回答名称来自点点AI；正文直接命中是引用帖内字符串核对，不代表热度，也不等于Google事实核验
素可泰府,景点观光,西春寺,Wat Si Chum,文化古迹与宗教,素可泰历史公园北区,42,4,疑似已存在,THXHSFINAL-1313:西春寺,固定实体候选,合并既有记录，不新增,历史爱好者,"最出名的寺庙之一,门票120泰铢","在素可泰闲逛的日子，如果你到了西春寺附近，刚好饿了想吃点东西喝点饮料，喜欢安静的
🇹🇭攻略｜泰国素可泰餐厅、民宿、乘车推荐‼️
这家远离中心的小店，让我总想再回到素可泰
120r 泰国6城火车游第三站：素可泰","https://www.xiaohongshu.com/explore/67342a51000000001b013e3a?xsec_token_redacted=1&xsec_source=pc_dots
https://www.xiaohongshu.com/explore/664b47730000000016012108?xsec_token_redacted=1&xsec_source=pc_dots
https://www.xiaohongshu.com/explore/695f65a5000000000b0100cd?xsec_token_redacted=1&xsec_source=pc_dots
https://www.xiaohongshu.com/explore/694286bc000000001f0055f1?xsec_token_redacted=1&xsec_source=pc_dots",回答名称来自点点AI；正文直接命中是引用帖内字符串核对，不代表热度，也不等于Google事实核验
素可泰府,交通服务,Wat Saphan Hin,石桥寺,寺庙,,42,2,疑似已存在,THXHSFINAL-1337:沙潘欣寺,固定实体候选,合并既有记录，不新增,日出观赏,"看日出地点,有流浪狗需注意","这家远离中心的小店，让我总想再回到素可泰
120r 泰国6城火车游第三站：素可泰","https://www.xiaohongshu.com/explore/695f65a5000000000b0100cd?xsec_token_redacted=1&xsec_source=pc_dots
https://www.xiaohongshu.com/explore/694286bc000000001f0055f1?xsec_token_redacted=1&xsec_source=pc_dots",回答名称来自点点AI；正文直接命中是引用帖内字符串核对，不代表热度，也不等于Google事实核验
夜丰颂府,餐饮美食,Chai Tea Shop,Chai Tea Shop,咖啡馆,距拜县中心约6-7公里,43,2,疑似已存在,THXHSFINAL-1527:Chai Tea Shop,固定实体候选,合并既有记录，不新增,60泰铢奶茶+喂鱼+竹吊床+老板大方,强,"拜县 花得最快乐的60泰铢
拜县私藏山野咖啡店 安静到只想赖一下午","https://www.xiaohongshu.com/explore/6a2ca9da000000002100ad9e?xsec_token_redacted=1&xsec_source=pc_dots
https://www.xiaohongshu.com/explore/69fac67100000000350245f0?xsec_token_redacted=1&xsec_source=pc_dots",回答名称来自点点AI；正文直接命中是引用帖内字符串核对，不代表热度，也不等于Google事实核验
夜丰颂府,餐饮美食,Lot of Taste,咖啡馆,夜丰颂市,咖啡控,43,4,疑似已存在,THXHSFULL-0325:Lot of Taste,固定实体候选,合并既有记录，不新增,75泰铢美式/拿铁+环境宽敞,中,"冬天在拜县100块躺一天咖啡馆的常规操作！
老妈喝清迈｜Lot of taste 或许可以更好
泰国南邦府最佳两家咖啡馆，很值得去打卡
泰北自驾——路边咖啡馆","https://www.xiaohongshu.com/explore/697d85a0000000000a02f5ca?xsec_token_redacted=1&xsec_source=pc_dots
https://www.xiaohongshu.com/explore/6501d46b000000001e00e8a6?xsec_token_redacted=1&xsec_source=pc_dots
https://www.xiaohongshu.com/explore/66e109a900000000120122fe?xsec_token_redacted=1&xsec_source=pc_dots
https://www.xiaohongshu.com/explore/5ffb023b0000000001003c9a?xsec_token_redacted=1&xsec_source=pc_dots",回答名称来自点点AI；正文直接命中是引用帖内字符串核对，不代表热度，也不等于Google事实核验
夜丰颂府,餐饮美食,Two Huts Pai,Two Huts Pai,景观咖啡馆,距拜县镇上约5公里,43,5,疑似已存在,THXHSFINAL-1340:Two Huts Pai,固定实体候选,合并既有记录，不新增,现场驻唱+稻田山景+小飞虫多,强,"清迈-拜县两天一夜，骑行攻略！
冬天在拜县100块躺一天咖啡馆的常规操作！
拜县｜人生的三万分之一日落
泰国南邦府最佳两家咖啡馆，很值得去打卡
泰北自驾——路边咖啡馆","https://www.xiaohongshu.com/explore/6a1ec5610000000037035927?xsec_token_redacted=1&xsec_source=pc_dots
https://www.xiaohongshu.com/explore/697d85a0000000000a02f5ca?xsec_token_redacted=1&xsec_source=pc_dots
https://www.xiaohongshu.com/explore/6a2fe0ed000000002100a08c?xsec_token_redacted=1&xsec_source=pc_dots
https://www.xiaohongshu.com/explore/66e109a900000000120122fe?xsec_token_redacted=1&xsec_source=pc_dots
https://www.xiaohongshu.com/explore/5ffb023b0000000001003c9a?xsec_token_redacted=1&xsec_source=pc_dots",回答名称来自点点AI；正文直接命中是引用帖内字符串核对，不代表热度，也不等于Google事实核验
夜丰颂府,交通服务,拜县汽车站(Th Chaisongkhram),汽车站,拜县,交通枢纽,43,6,疑似已存在,THXHSFINAL-1326:汽车站(艾卡麦车站)；THXHSFINAL-1333:汽车站(莫奇车站),固定实体候选,合并既有记录，不新增,清迈-拜县-夜丰颂环线长途车停靠,强,"泰国夜丰颂～实用完整攻略～旅居旅行
泰国旅行攻略14 | 拐760弯去住拜县这家酒店
🇹🇭Mae Hong Son夜丰颂P.L.P Guest House
泰国牛洞寺禅修最全攻略～旅拍
泰国的免费内观静修所！包吃包住可以住10天","https://www.xiaohongshu.com/explore/6989bad0000000002801c286?xsec_token_redacted=1&xsec_source=pc_dots
https://www.xiaohongshu.com/explore/5fab74f3000000000101d9f9?xsec_token_redacted=1&xsec_source=pc_dots
https://www.xiaohongshu.com/explore/670f97800000000016020d86?xsec_token_redacted=1&xsec_source=pc_dots
https://www.xiaohongshu.com/explore/694ad023000000001e024079?xsec_token_redacted=1&xsec_source=pc_dots
https://www.xiaohongshu.com/explore/641ee2f60000000013013aa2?xsec_token_redacted=1&xsec_source=pc_dots",回答名称来自点点AI；正文直接命中是引用帖内字符串核对，不代表热度，也不等于Google事实核验
夜丰颂府,住宿酒店,Mari Pai Resort(马里拜度假村),度假度假村,拜县,情侣/拍照,43,0,疑似已存在,THXHSFINAL-1379:大树秋千,固定实体候选,合并既有记录，不新增,独栋小木屋+大树秋千,强,,,回答名称来自点点AI；正文直接命中是引用帖内字符串核对，不代表热度，也不等于Google事实核验
巴蜀府,餐饮美食,正盛餐厅,เจ๊เล้ง ซีฟู้ด,中泰融合餐厅,夜市前一个十字路口,51,1,本轮新增名称候选,,固定实体候选,通过｜新增进入Google候选,适合晚餐,粉丝大虾170泰铢3个手掌大、海鲜小火锅必点、营业到晚上8点多,【泰国❤︎华欣】夜市不能错过的餐厅&马杀鸡,https://www.xiaohongshu.com/explore/5c17cb7b00000000090225e3?xsec_token_redacted=1&xsec_source=pc_dots,回答名称来自点点AI；正文直接命中是引用帖内字符串核对，不代表热度，也不等于Google事实核验
巴蜀府,餐饮美食,Aowtakiab Seafood,อ่าวตะเกียบ ซีฟู้ด,海景海鲜餐厅,筷子山附近海边,51,1,本轮新增名称候选,,固定实体候选,通过｜新增进入Google候选,适合日落用餐,半露天座位+无敌海景、炸海鲈鱼配青芒果沙拉出色、人均500-1000泰铢,🇹🇭泰国华欣｜Aowtakiab Seafood海鲜餐厅,https://www.xiaohongshu.com/explore/6a2bbd0b000000000e021800?xsec_token_redacted=1&xsec_source=pc_dots,回答名称来自点点AI；正文直接命中是引用帖内字符串核对，不代表热度，也不等于Google事实核验
巴蜀府,餐饮美食,Aunt Jaew's Kitchen,ครัวป้าแจ๊ว,海鲜餐厅,เขาตะเกียบ,51,1,本轮新增名称候选,,固定实体候选,通过｜新增进入Google候选,适合海鲜爱好者,老板会介绍招牌菜、海鲜都好吃、只收现金,🇹🇭华欣｜隐藏海鲜小馆（附地址）,https://www.xiaohongshu.com/explore/6a8e784f000000002502601d?xsec_token_redacted=1&xsec_source=pc_dots,回答名称来自点点AI；正文直接命中是引用帖内字符串核对，不代表热度，也不等于Google事实核验
巴蜀府,餐饮美食,Baan Ko Hua Hin,ร้านอาหารบ้านโก หัวหิน,海鲜餐厅,Naebkehardt Rd,51,1,本轮新增名称候选,,固定实体候选,通过｜新增进入Google候选,适合家庭聚餐,9星评分、海鲜一绝、当地爷爷奶奶全家聚餐常去,🇹🇭华欣｜隐藏海鲜小馆（附地址）,https://www.xiaohongshu.com/explore/6a8e784f000000002502601d?xsec_token_redacted=1&xsec_source=pc_dots,回答名称来自点点AI；正文直接命中是引用帖内字符串核对，不代表热度，也不等于Google事实核验
巴蜀府,餐饮美食,Bonnie,บอนนี่,海边咖啡馆,去华欣途中顺路,51,1,本轮新增名称候选,,固定实体候选,通过｜新增进入Google候选,适合看海喝咖啡,白色系清新、花花草草很美、望着海喝东西惬意,泰国华欣七岩海边咖啡店,https://www.xiaohongshu.com/explore/64c7abcc000000000b02acbe?xsec_token_redacted=1&xsec_source=pc_dots,回答名称来自点点AI；正文直接命中是引用帖内字符串核对，不代表热度，也不等于Google事实核验
巴蜀府,餐饮美食,Chow Mong Restaurant,ร้านอาหารชาวมง,泰式餐厅,The Peri Hua Hin Hotel内,51,1,本轮新增名称候选,,固定实体候选,通过｜新增进入Google候选,适合午餐,8星评分、带蟹肉的菜易卖光建议中午来,🇹🇭华欣｜隐藏海鲜小馆（附地址）,https://www.xiaohongshu.com/explore/6a8e784f000000002502601d?xsec_token_redacted=1&xsec_source=pc_dots,回答名称来自点点AI；正文直接命中是引用帖内字符串核对，不代表热度，也不等于Google事实核验
巴蜀府,餐饮美食,Hawaii Sky Beach Cafe,ฮาวาย สกาย บีช,海边咖啡馆,距离华欣市中心38km开车50分钟,51,1,本轮新增名称候选,,固定实体候选,通过｜新增进入Google候选,适合躺平看海,可以玩jet ski、茅草屋看烟雨朦胧意境满分,华欣附近自驾〡七岩海边摆烂躺的咖啡店,https://www.xiaohongshu.com/explore/6a8696c5000000002300d6d6?xsec_token_redacted=1&xsec_source=pc_dots,回答名称来自点点AI；正文直接命中是引用帖内字符串核对，不代表热度，也不等于Google事实核验
巴蜀府,餐饮美食,It's Here Coffee House,อิตส์ เฮียร์ คอฟฟี่,创业咖啡店,七岩区,51,1,本轮新增名称候选,,固定实体候选,通过｜新增进入Google候选,适合年轻人/咖啡爱好者,温馨暖风格调、抹茶拿铁浓郁、从皮卡车创业到实体店,泰国🇹🇭华欣☕年轻人创业咖啡店,https://www.xiaohongshu.com/explore/68a5adec000000001d017e83?xsec_token_redacted=1&xsec_source=pc_dots,回答名称来自点点AI；正文直接命中是引用帖内字符串核对，不代表热度，也不等于Google事实核验
巴蜀府,餐饮美食,Jhe Maew Pak Nam Pran,เจ๊แมว ปากน้ําปราณ,海鲜餐厅,距离华欣市中心23km海边,51,1,本轮新增名称候选,,固定实体候选,通过｜新增进入Google候选,适合追求地道海鲜,海鲜新鲜做法丰富、价格性价比高、本地客居多,华欣附近〡Pran Buri海鲜店，碾压华欣所有,https://www.xiaohongshu.com/explore/6a91b78c000000002503d38d?xsec_token_redacted=1&xsec_source=pc_dots,回答名称来自点点AI；正文直接命中是引用帖内字符串核对，不代表热度，也不等于Google事实核验
巴蜀府,餐饮美食,Ka Phrao Hom,กาเผื่อหอม,泰式餐厅,市区,51,2,本轮新增名称候选,,固定实体候选,通过｜新增进入Google候选,适合一人食/预算有限,打抛饭不辣、冬阴功汤稳定、人均约30元,"🇹🇭泰好吃❤️‍🔥泰国华欣吃饭记录
来华欣发呆看海吃什么🍽️🏝️🐳","https://www.xiaohongshu.com/explore/6a6c9f960000000025006cdc?xsec_token_redacted=1&xsec_source=pc_dots
https://www.xiaohongshu.com/explore/6985a063000000001b01c455?xsec_token_redacted=1&xsec_source=pc_dots",回答名称来自点点AI；正文直接命中是引用帖内字符串核对，不代表热度，也不等于Google事实核验
巴蜀府,餐饮美食,KO Mark,โค มาร์ค,泰式餐厅,市区,51,2,本轮新增名称候选,,固定实体候选,通过｜新增进入Google候选,适合多人聚餐,风很大、上菜速度快、白冬阴功出色,"来华欣发呆看海吃什么🍽️🏝️🐳
华欣🍽️这四家餐厅很值得🇮🇹🇹🇭","https://www.xiaohongshu.com/explore/6985a063000000001b01c455?xsec_token_redacted=1&xsec_source=pc_dots
https://www.xiaohongshu.com/explore/68d7dfda0000000012020f2b?xsec_token_redacted=1&xsec_source=pc_dots",回答名称来自点点AI；正文直接命中是引用帖内字符串核对，不代表热度，也不等于Google事实核验
巴蜀府,餐饮美食,Lek Seafood Restaurant,เล็กลีฟู้ด,海鲜餐厅,市区,51,2,本轮新增名称候选,,固定实体候选,通过｜新增进入Google候选,适合多人聚餐,烤海鲜1斤起卖、沼虾很大、人均约70元,"🇹🇭泰好吃❤️‍🔥泰国华欣吃饭记录
华欣体验拉满","https://www.xiaohongshu.com/explore/6a6c9f960000000025006cdc?xsec_token_redacted=1&xsec_source=pc_dots
https://www.xiaohongshu.com/explore/6a9198560000000020031289?xsec_token_redacted=1&xsec_source=pc_dots",回答名称来自点点AI；正文直接命中是引用帖内字符串核对，不代表热度，也不等于Google事实核验
巴蜀府,餐饮美食,Lung Ja Seafood,ครัวลุงจ่า,海鲜大排档,华欣夜市内,51,1,本轮新增名称候选,,固定实体候选,通过｜新增进入Google候选,适合夜市用餐,18:00-23:00营业、海鲜新鲜价格合理、可跟龙虾拍照,🦐华欣夜市不踩雷海鲜店推荐,https://www.xiaohongshu.com/explore/696b7a55000000000a02be76?xsec_token_redacted=1&xsec_source=pc_dots,回答名称来自点点AI；正文直接命中是引用帖内字符串核对，不代表热度，也不等于Google事实核验
巴蜀府,餐饮美食,Medsai Coffee,เมดสาย คอฟฟี่,海边咖啡馆,距离华欣市中心34km开车50分钟,51,1,本轮新增名称候选,,固定实体候选,通过｜新增进入Google候选,适合懒人躺,有秋千懒人躺、咖啡价格比北边两处咖啡店便宜,华欣附近自驾〡七岩海滩的鱿鱼干及大排档,https://www.xiaohongshu.com/explore/6a86b893000000001b032104?xsec_token_redacted=1&xsec_source=pc_dots,回答名称来自点点AI；正文直接命中是引用帖内字符串核对，不代表热度，也不等于Google事实核验
巴蜀府,餐饮美食,More Than Beach & Cafe,มอร์ แดน บีช,海边咖啡馆兼餐厅,距离华欣37km开车50分钟,51,1,本轮新增名称候选,,固定实体候选,通过｜新增进入Google候选,适合拍照/亲子,各种凹造型摆拍景色、海边可骑马、有鸭子穿梭店里,华欣附近自驾〡本地人的网红🦆海边咖啡店,https://www.xiaohongshu.com/explore/6a5494630000000022008f3b?xsec_token_redacted=1&xsec_source=pc_dots,回答名称来自点点AI；正文直接命中是引用帖内字符串核对，不代表热度，也不等于Google事实核验
巴蜀府,餐饮美食,Platoo Restaurant,ปลาตู่ว์餐厅,海边泰餐小馆,华欣到七岩路上靠近海滩,51,1,本轮新增名称候选,,固定实体候选,通过｜新增进入Google候选,适合海鲜爱好者,炸鲭鱼、咸蛋黄炒鱿鱼、玛莎曼咖喱、人均几十元,华欣DNA动了！这家海边泰餐小馆我可以追着吃,https://www.xiaohongshu.com/explore/6a6df9d70000000033037dc8?xsec_token_redacted=1&xsec_source=pc_dots,回答名称来自点点AI；正文直接命中是引用帖内字符串核对，不代表热度，也不等于Google事实核验
巴蜀府,餐饮美食,Row Hou8e Cafe Hua Hin,โรล เฮ้าส์ หัวหิน,咖啡馆兼餐厅,Hua Hin 106 Alley,51,1,本轮新增名称候选,,固定实体候选,通过｜新增进入Google候选,适合轻食/咖啡,6星评分、海鲜墨鱼面好吃、游客不多大多是当地人,🇹🇭华欣｜隐藏海鲜小馆（附地址）,https://www.xiaohongshu.com/explore/6a8e784f000000002502601d?xsec_token_redacted=1&xsec_source=pc_dots,回答名称来自点点AI；正文直接命中是引用帖内字符串核对，不代表热度，也不等于Google事实核验
巴蜀府,餐饮美食,SoulMarch,โซลมาร์ช,咖啡馆,七岩,51,1,本轮新增名称候选,,固定实体候选,通过｜新增进入Google候选,适合拍照/休息,地方可爱、蛋糕和饮料便宜好吃好喝,七岩的咖啡店 ：泰国 咖啡店叫 ”SoulMarch,https://www.xiaohongshu.com/explore/64b66bb9000000003100a25d?xsec_token_redacted=1&xsec_source=pc_dots,回答名称来自点点AI；正文直接命中是引用帖内字符串核对，不代表热度，也不等于Google事实核验
巴蜀府,餐饮美食,TUMLAY Cafe and Bar,ทัมเลย์ คาเฟ่,网红海边咖啡厅,"Bang Kao, Cha-am District",51,1,本轮新增名称候选,,固定实体候选,通过｜新增进入Google候选,适合拍照打卡,拍照特别出片、但咖啡厅简陋只有吧台和几把吧椅、需排队打卡,泰国｜华欣版的济州岛style咖啡厅,https://www.xiaohongshu.com/explore/61b743e5000000000102f3b9?xsec_token_redacted=1&xsec_source=pc_dots,回答名称来自点点AI；正文直接命中是引用帖内字符串核对，不代表热度，也不等于Google事实核验
巴蜀府,交通服务,曼谷阿皮瓦中央车站,Krung Thep Aphiwat Central Terminal,新火车站,MRT蓝线Chatuchak Park附近,51,1,本轮新增名称候选,,固定实体候选,通过｜新增进入Google候选,适合乘坐空调火车,空调火车在此站、车票410泰铢有免费餐食和水,泰国华欣攻略,https://www.xiaohongshu.com/explore/6a8ff731000000001f01f5e6?xsec_token_redacted=1&xsec_source=pc_dots,回答名称来自点点AI；正文直接命中是引用帖内字符串核对，不代表热度，也不等于Google事实核验
巴蜀府,住宿酒店,Ace of Hua Hin Resort,爱斯华欣度假村,豪华度假酒店,市区往北12公里,51,2,本轮新增名称候选,,固定实体候选,通过｜新增进入Google候选,适合情侣/亲子,性价比高、私人海滩、无边泳池、自助早餐优秀,"周末华欣Ace of Hua Hin resort酒店躺平
泰国华欣海滩度假村酒店初体验～","https://www.xiaohongshu.com/explore/6791c42a0000000018007fa3?xsec_token_redacted=1&xsec_source=pc_dots
https://www.xiaohongshu.com/explore/67756d800000000014024e2c?xsec_token_redacted=1&xsec_source=pc_dots",回答名称来自点点AI；正文直接命中是引用帖内字符串核对，不代表热度，也不等于Google事实核验
巴蜀府,住宿酒店,Avani+ Hua Hin Resort,阿瓦尼+华欣度假村,网红风格度假村,距离华欣夜市一段距离,51,1,本轮新增名称候选,,固定实体候选,通过｜新增进入Google候选,适合亲子/泡酒店,装修网红风、基础房型带阳台、泳池和公共区域优秀,亲子旅行✈️华欣Avani+ Hua Hin Resort房间,https://www.xiaohongshu.com/explore/691fda59000000001e02dc6d?xsec_token_redacted=1&xsec_source=pc_dots,回答名称来自点点AI；正文直接命中是引用帖内字符串核对，不代表热度，也不等于Google事实核验
巴蜀府,住宿酒店,Centara Life Cha-Am Beach Resort,盛泰乐生活七岩海滩度假村,海滨度假村,宁静的七岩海岸,51,1,本轮新增名称候选,,固定实体候选,通过｜新增进入Google候选,适合躺平/慢节奏度假,24小时前台、早餐供应至下午4点、酒店内有面摊,逃离曼谷，在七岩过一个慢悠悠的海边周末,https://www.xiaohongshu.com/explore/6a8e8b1a0000000012011de7?xsec_token_redacted=1&xsec_source=pc_dots,回答名称来自点点AI；正文直接命中是引用帖内字符串核对，不代表热度，也不等于Google事实核验
巴蜀府,住宿酒店,Dusit Thani Hua Hin,华欣都喜天丽度假村,泰国本土品牌度假村,距离华欣市区20-30分钟车程,51,2,本轮新增名称候选,,固定实体候选,通过｜新增进入Google候选,适合度假/亲子,"老牌度假酒店、泳池大、餐饮出色、适合""白人式度假""","亲子旅行✈️华欣Avani+ Hua Hin Resort房间
亲子旅行✈️在泰国皇室后花园白人式度假","https://www.xiaohongshu.com/explore/691fda59000000001e02dc6d?xsec_token_redacted=1&xsec_source=pc_dots
https://www.xiaohongshu.com/explore/68b50f34000000001b023f33?xsec_token_redacted=1&xsec_source=pc_dots",回答名称来自点点AI；正文直接命中是引用帖内字符串核对，不代表热度，也不等于Google事实核验
巴蜀府,住宿酒店,Hyatt Regency Hua Hin,华欣凯悦度假村,五星级度假村,离Cicada夜市很近,51,1,本轮新增名称候选,,固定实体候选,通过｜新增进入Google候选,适合情侣/家庭,占地大、泳池曲曲折折是亮点、早餐丰盛,🇹🇭华欣凯悦Hyatt regency Hua Hin,https://www.xiaohongshu.com/explore/66727587000000001c029c0a?xsec_token_redacted=1&xsec_source=pc_dots,回答名称来自点点AI；正文直接命中是引用帖内字符串核对，不代表热度，也不等于Google事实核验
巴蜀府,住宿酒店,Let's Sea Hua Hin,莱茨海华欣酒店,设计感酒店,筷子山片区,51,1,本轮新增名称候选,,固定实体候选,通过｜新增进入Google候选,适合情侣/追求静谧,只有30多间房、多泳池设计、步行1分钟到沙滩,泰国华欣Verso｜颜值在线，这些细节要注意,https://www.xiaohongshu.com/explore/69d36be6000000001a035cb3?xsec_token_redacted=1&xsec_source=pc_dots,回答名称来自点点AI；正文直接命中是引用帖内字符串核对，不代表热度，也不等于Google事实核验
巴蜀府,住宿酒店,Sheraton Hua Hin Resort & Spa,华欣喜来登水疗度假酒店,六善底子喜来登运营,位置偏远,51,2,本轮新增名称候选,,固定实体候选,通过｜新增进入Google候选,适合家庭/奢华度假,两卧室泳池别墅、服务超五星标准、餐饮不错,"世界第一家六善
泰国华欣 喜来登水疗度假酒店","https://www.xiaohongshu.com/explore/6a1aa305000000003601f2b2?xsec_token_redacted=1&xsec_source=pc_dots
https://www.xiaohongshu.com/explore/6a6974970000000006013420?xsec_token_redacted=1&xsec_source=pc_dots",回答名称来自点点AI；正文直接命中是引用帖内字符串核对，不代表热度，也不等于Google事实核验
巴蜀府,住宿酒店,Siriam Guest House,西里阿姆宾馆,经济型宾馆,希尔顿附近/步行到夜市几分钟,51,1,本轮新增名称候选,,固定实体候选,通过｜新增进入Google候选,适合预算有限,人均不到100元一晚、位置近夜市,从曼谷花9元坐6个多小时火车去趟华欣值吗？,https://www.xiaohongshu.com/explore/6445161c00000000120336e3?xsec_token_redacted=1&xsec_source=pc_dots,回答名称来自点点AI；正文直接命中是引用帖内字符串核对，不代表热度，也不等于Google事实核验
巴蜀府,住宿酒店,Subhamitra Hotel Hua Hin,素帕米特拉酒店,经济型酒店,离火车站近,51,3,本轮新增名称候选,,固定实体候选,通过｜新增进入Google候选,适合预算有限/安静,比较便宜、离火车站近、安静,"嘿嘿！来泰兰德半个月做了八次马杀鸡
华欣七岩｜适合“消失式度假”的酒店
泰国华欣攻略","https://www.xiaohongshu.com/explore/66321a7b000000001e019a44?xsec_token_redacted=1&xsec_source=pc_dots
https://www.xiaohongshu.com/explore/699e97f6000000002203833b?xsec_token_redacted=1&xsec_source=pc_dots
https://www.xiaohongshu.com/explore/6a8ff731000000001f01f5e6?xsec_token_redacted=1&xsec_source=pc_dots",回答名称来自点点AI；正文直接命中是引用帖内字符串核对，不代表热度，也不等于Google事实核验
巴蜀府,康养SPA,The Barai Spa,เดอะ บาราย สปา,SPA与水疗,凯悦酒店内,51,1,本轮新增名称候选,,固定实体候选,通过｜新增进入Google候选,适合追求设计感/高端体验,建筑设计按五行理念、色彩出片、有桑拿湿蒸、90分钟项目送半小时,按了个摩,https://www.xiaohongshu.com/explore/696ba0cc000000000b011a24?xsec_token_redacted=1&xsec_source=pc_dots,回答名称来自点点AI；正文直接命中是引用帖内字符串核对，不代表热度，也不等于Google事实核验
巴蜀府,住宿酒店,The Regent Cha am Beach Resort,丽晶七岩海滩度假村,海滨度假村,靠近七岩海滩,51,1,本轮新增名称候选,,固定实体候选,通过｜新增进入Google候选,适合情侣/家庭,性价比高、出门觅食方便、酒店嘟嘟车可接送,华欣DNA动了！这家海边泰餐小馆我可以追着吃,https://www.xiaohongshu.com/explore/6a6df9d70000000033037dc8?xsec_token_redacted=1&xsec_source=pc_dots,回答名称来自点点AI；正文直接命中是引用帖内字符串核对，不代表热度，也不等于Google事实核验
巴蜀府,住宿酒店,Verso Hotel,韦尔索酒店,蓝白ins风酒店,筷子山片区,51,1,本轮新增名称候选,,固定实体候选,通过｜新增进入Google候选,适合拍照/安静度假,颜值在线、成人无边泳池+儿童浅水区、部分房型带阳台浴缸,泰国华欣Verso｜颜值在线，这些细节要注意,https://www.xiaohongshu.com/explore/69d36be6000000001a035cb3?xsec_token_redacted=1&xsec_source=pc_dots,回答名称来自点点AI；正文直接命中是引用帖内字符串核对，不代表热度，也不等于Google事实核验
北碧府,餐饮美食,After Rain Coffee,After Rain Coffee Kanchanaburi,稻田咖啡厅,稻田区,27,1,本轮新增名称候选,,固定实体候选,通过｜新增进入Google候选,摄影游客,田园风出片圣地,🌿【北碧府：泰国的隐世治愈系秘境】🌿,https://www.xiaohongshu.com/explore/68b961df000000001b021544?xsec_token_redacted=1&xsec_source=pc_dots,回答名称来自点点AI；正文直接命中是引用帖内字符串核对，不代表热度，也不等于Google事实核验
北碧府,餐饮美食,Chanchala,Chanchala Kanchanaburi,隐藏餐厅,市区外,27,1,本轮新增名称候选,,固定实体候选,通过｜新增进入Google候选,猎奇游客,路边杂草中别有洞天、有小瀑布、酸辣鱼好吃、160元4道菜,北碧府隐藏餐厅,https://www.xiaohongshu.com/explore/6a5a404e000000000a039841?xsec_token_redacted=1&xsec_source=pc_dots,回答名称来自点点AI；正文直接命中是引用帖内字符串核对，不代表热度，也不等于Google事实核验
北碧府,餐饮美食,KEEREE TARA,KEEREE TARA Kanchanaburi,河边餐厅,桂河大桥附近,27,1,本轮新增名称候选,,固定实体候选,通过｜新增进入Google候选,午餐游客,河边位置好、价格合理,北碧府tips,https://www.xiaohongshu.com/explore/6a843ae000000000250002fa?xsec_token_redacted=1&xsec_source=pc_dots,回答名称来自点点AI；正文直接命中是引用帖内字符串核对，不代表热度，也不等于Google事实核验
北碧府,餐饮美食,Meena Café,Meena Café มีนา คาเฟ่,稻田咖啡馆,虎穴寺对面稻田中,27,5,本轮新增名称候选,,固定实体候选,通过｜新增进入Google候选,摄影/松弛感游客,可躺吃拍一下午、看寺庙和稻田、人均约100元,"北碧府的两家宝藏咖啡馆
北碧府3天2晚！桂河大桥、爱侣瀑布、死亡铁路一站打卡
	
这是原先打算走的行程，
北碧府：泰国的宁静绿洲
北碧府一日游｜神树+寺庙+咖啡+桂河大桥
泰国值得去之北碧府（1）","https://www.xiaohongshu.com/explore/6a5317a9000000000803f38c?xsec_token_redacted=1&xsec_source=pc_dots
https://www.xiaohongshu.com/explore/6a510fbf0000000017008e06?xsec_token_redacted=1&xsec_source=pc_dots
https://www.xiaohongshu.com/explore/69046ffe0000000004000821?xsec_token_redacted=1&xsec_source=pc_dots
https://www.xiaohongshu.com/explore/69cf9ef0000000001f0066b4?xsec_token_redacted=1&xsec_source=pc_dots
https://www.xiaohongshu.com/explore/65a228d2000000001a02a44c?xsec_token_redacted=1&xsec_source=pc_dots",回答名称来自点点AI；正文直接命中是引用帖内字符串核对，不代表热度，也不等于Google事实核验
北碧府,餐饮美食,Sai Yok Punchan Coffee,Sai Yok Punchan Coffee Kanchanaburi,丛林树屋咖啡馆,树冠中,27,1,本轮新增名称候选,,固定实体候选,通过｜新增进入Google候选,网红打卡游客,真正长在树冠里的咖啡馆、俯瞰北碧全景,🌿【北碧府：泰国的隐世治愈系秘境】🌿,https://www.xiaohongshu.com/explore/68b961df000000001b021544?xsec_token_redacted=1&xsec_source=pc_dots,回答名称来自点点AI；正文直接命中是引用帖内字符串核对，不代表热度，也不等于Google事实核验
北碧府,餐饮美食,The Curve,The Curve Kanchanaburi,景观咖啡馆,死亡铁路附近,27,1,本轮新增名称候选,,固定实体候选,通过｜新增进入Google候选,火车爱好者,可俯瞰铁路看火车驶过、有猫咪、三文鱼披萨好吃,北碧府的两家宝藏咖啡馆,https://www.xiaohongshu.com/explore/6a5317a9000000000803f38c?xsec_token_redacted=1&xsec_source=pc_dots,回答名称来自点点AI；正文直接命中是引用帖内字符串核对，不代表热度，也不等于Google事实核验
北碧府,餐饮美食,The Village Farm To Café,The Village Farm To Café Kanchanaburi,玻璃屋餐厅,桂河死亡大桥附近,27,1,本轮新增名称候选,,固定实体候选,通过｜新增进入Google候选,一日游游客,熏鲑鱼哈密瓜和烤猪肋排推荐、食材新鲜不贵,去泰国🇹🇭北碧府不能错过的一家漂亮饭,https://www.xiaohongshu.com/explore/6a73e60f0000000012010fa4?xsec_token_redacted=1&xsec_source=pc_dots,回答名称来自点点AI；正文直接命中是引用帖内字符串核对，不代表热度，也不等于Google事实核验
北碧府,餐饮美食,ร้านต้นประดู่&หมูกะทะ กาญจนบุรี,Ton Pradu & Moo Krata Kanchanaburi,猪锅餐厅,市区,27,1,本轮新增名称候选,,固定实体候选,通过｜新增进入Google候选,晚餐游客,肉质新鲜、晚上有乐队演出、人均约300泰铢,北碧府：泰国的宁静绿洲,https://www.xiaohongshu.com/explore/69046ffe0000000004000821?xsec_token_redacted=1&xsec_source=pc_dots,回答名称来自点点AI；正文直接命中是引用帖内字符串核对，不代表热度，也不等于Google事实核验
北碧府,购物商业,桂河夜市,Kwai River Night Market,夜市,桂河大桥附近,27,1,本轮新增名称候选,,固定实体候选,通过｜新增进入Google候选,傍晚游客,河边位置好、时间充裕可去,北碧府：泰国的宁静绿洲,https://www.xiaohongshu.com/explore/69046ffe0000000004000821?xsec_token_redacted=1&xsec_source=pc_dots,回答名称来自点点AI；正文直接命中是引用帖内字符串核对，不代表热度，也不等于Google事实核验
北碧府,购物商业,桑卡武里县夜市,Sangkhla Buri Walking Street,夜市,孟族村附近,27,1,本轮新增名称候选,,固定实体候选,通过｜新增进入Google候选,过夜游客,孟族特色、可体验清晨布施,全网首发，泰国北碧府3天2夜自助游攻略,https://www.xiaohongshu.com/explore/6852ada4000000002400ed0f?xsec_token_redacted=1&xsec_source=pc_dots,回答名称来自点点AI；正文直接命中是引用帖内字符串核对，不代表热度，也不等于Google事实核验
北碧府,购物商业,JJ火车夜市,JJ Night Market Kanchanaburi,夜市,火车站附近,27,2,本轮新增名称候选,,固定实体候选,通过｜新增进入Google候选,傍晚游客,物价友好、10泰铢一袋水果、可体验露天马杀鸡,"北碧府3天2晚！桂河大桥、爱侣瀑布、死亡铁路一站打卡
	
这是原先打算走的行程，
🇹🇭北碧府四天三夜背包旅行攻略—P1","https://www.xiaohongshu.com/explore/6a510fbf0000000017008e06?xsec_token_redacted=1&xsec_source=pc_dots
https://www.xiaohongshu.com/explore/67e40184000000001d018e56?xsec_token_redacted=1&xsec_source=pc_dots",回答名称来自点点AI；正文直接命中是引用帖内字符串核对，不代表热度，也不等于Google事实核验
北碧府,交通服务,北碧府汽车站,Kanchanaburi Transportation,巴士站,市区,27,1,本轮新增名称候选,,固定实体候选,通过｜新增进入Google候选,巴士到达/离开游客,有minibus运营公司、可去爱侣湾瀑布和孟族村,全网首发，泰国北碧府3天2夜自助游攻略,https://www.xiaohongshu.com/explore/6852ada4000000002400ed0f?xsec_token_redacted=1&xsec_source=pc_dots,回答名称来自点点AI；正文直接命中是引用帖内字符串核对，不代表热度，也不等于Google事实核验
北碧府,交通服务,北碧火车站,Kanchanaburi Station,火车站,市区,27,1,本轮新增名称候选,,固定实体候选,通过｜新增进入Google候选,火车到达/离开游客,可步行到桂河大桥、有夜市和餐厅,🇹🇭北碧府四天三夜背包旅行攻略—P1,https://www.xiaohongshu.com/explore/67e40184000000001d018e56?xsec_token_redacted=1&xsec_source=pc_dots,回答名称来自点点AI；正文直接命中是引用帖内字符串核对，不代表热度，也不等于Google事实核验
北碧府,交通服务,桂河大桥站,Saphan Kwae Yai Station,火车站,桂河大桥旁,27,1,本轮新增名称候选,,固定实体候选,通过｜新增进入Google候选,死亡铁路游客,可直接上火车、步行到观音寺和夜市,北碧府tips,https://www.xiaohongshu.com/explore/6a843ae000000000250002fa?xsec_token_redacted=1&xsec_source=pc_dots,回答名称来自点点AI；正文直接命中是引用帖内字符串核对，不代表热度，也不等于Google事实核验
北碧府,交通服务,甲赛站,Tham Krasae Station,火车站,死亡铁路悬崖段,27,1,本轮新增名称候选,,固定实体候选,通过｜新增进入Google候选,摄影游客,经典机位、悬崖木栈道看火车驶过,花200泰铢，坐上泰国最美铁路！,https://www.xiaohongshu.com/explore/6a648900000000000100f5bc?xsec_token_redacted=1&xsec_source=pc_dots,回答名称来自点点AI；正文直接命中是引用帖内字符串核对，不代表热度，也不等于Google事实核验
北碧府,交通服务,曼谷南部巴士总站,Sai Tai Mai Bus Terminal,巴士站,吞武里区,27,1,本轮新增名称候选,,固定实体候选,通过｜新增进入Google候选,巴士前往北碧游客,每小时一班小巴、130泰铢、车程约2.5小时,"北碧府3天2晚！桂河大桥、爱侣瀑布、死亡铁路一站打卡
	
这是原先打算走的行程，",https://www.xiaohongshu.com/explore/6a510fbf0000000017008e06?xsec_token_redacted=1&xsec_source=pc_dots,回答名称来自点点AI；正文直接命中是引用帖内字符串核对，不代表热度，也不等于Google事实核验
北碧府,交通服务,桑卡武里县汽车站,Sangkhla Buri Minibus Terminal,巴士站,孟族村附近,27,1,本轮新增名称候选,,固定实体候选,通过｜新增进入Google候选,前往孟族村游客,每天早8:05一班、5小时车程、复古大巴无空调,全网首发，泰国北碧府3天2夜自助游攻略,https://www.xiaohongshu.com/explore/6852ada4000000002400ed0f?xsec_token_redacted=1&xsec_source=pc_dots,回答名称来自点点AI；正文直接命中是引用帖内字符串核对，不代表热度，也不等于Google事实核验
北碧府,交通服务,Wang Pho火车站,Wang Pho Station,火车站,孟族村附近,27,1,本轮新增名称候选,,固定实体候选,通过｜新增进入Google候选,深度游游客,可体验水中寺庙和清晨布施,全网首发，泰国北碧府3天2夜自助游攻略,https://www.xiaohongshu.com/explore/6852ada4000000002400ed0f?xsec_token_redacted=1&xsec_source=pc_dots,回答名称来自点点AI；正文直接命中是引用帖内字符串核对，不代表热度，也不等于Google事实核验
北碧府,景点观光,茉莉之城,Mallika R.E 124 เมืองมัลลิกา,复古主题公园,市区外,27,2,本轮新增名称候选,,固定实体候选,通过｜新增进入Google候选,文化体验游客,穿泰服品尝传统小吃用古钱币交易、仿佛回到拉玛五世时代、45元/人,"北碧府tips
曼谷出发🚗2.5h 打卡这座小众宝藏小城","https://www.xiaohongshu.com/explore/6a843ae000000000250002fa?xsec_token_redacted=1&xsec_source=pc_dots
https://www.xiaohongshu.com/explore/65aa6faa000000002d030535?xsec_token_redacted=1&xsec_source=pc_dots",回答名称来自点点AI；正文直接命中是引用帖内字符串核对，不代表热度，也不等于Google事实核验
北碧府,景点观光,Skywalk Kanchanaburi City,Skywalk Kanchanaburi City,玻璃栈道观景台,市区,27,1,本轮新增名称候选,,固定实体候选,通过｜新增进入Google候选,日落摄影游客,俯瞰桂河、风景如诗如画、门票60泰铢,"北碧府3天2晚！桂河大桥、爱侣瀑布、死亡铁路一站打卡
	
这是原先打算走的行程，",https://www.xiaohongshu.com/explore/6a510fbf0000000017008e06?xsec_token_redacted=1&xsec_source=pc_dots,回答名称来自点点AI；正文直接命中是引用帖内字符串核对，不代表热度，也不等于Google事实核验
北碧府,住宿酒店,北碧府纳提河滨酒店,Natee The Riverfront Hotel Kanchanaburi,河景酒店,桂河大桥附近,27,1,本轮新增名称候选,,固定实体候选,通过｜新增进入Google候选,追求便利游客,步行可达酒吧/美食/711、房间带大浴缸,北碧府酒店3家 人均200,https://www.xiaohongshu.com/explore/66e3080500000000250339f8?xsec_token_redacted=1&xsec_source=pc_dots,回答名称来自点点AI；正文直接命中是引用帖内字符串核对，不代表热度，也不等于Google事实核验
北碧府,住宿酒店,Binlha Raft Resort,Binlha Raft Resort Kanchanaburi,水屋民宿,桂河上,27,1,本轮新增名称候选,,固定实体候选,通过｜新增进入Google候选,体验型游客,水上漂浮屋、早餐棒但设施一般,北碧府酒店3家 人均200,https://www.xiaohongshu.com/explore/66e3080500000000250339f8?xsec_token_redacted=1&xsec_source=pc_dots,回答名称来自点点AI；正文直接命中是引用帖内字符串核对，不代表热度，也不等于Google事实核验
北碧府,住宿酒店,Contemporary Villas Floating on River Kwai,Contemporary Villas Floating on River Kwai,高端水上别墅,桂河上,27,1,本轮新增名称候选,,固定实体候选,通过｜新增进入Google候选,高端度假游客,需乘船前往、泰式风格带私人码头和秋千,曼谷出发🚗2.5h 打卡这座小众宝藏小城,https://www.xiaohongshu.com/explore/65aa6faa000000002d030535?xsec_token_redacted=1&xsec_source=pc_dots,回答名称来自点点AI；正文直接命中是引用帖内字符串核对，不代表热度，也不等于Google事实核验
北碧府,住宿酒店,Cross River Kwai X2,Cross River Kwai X2 Kanchanaburi,高端漂浮酒店,桂河中段,27,1,本轮新增名称候选,,固定实体候选,通过｜新增进入Google候选,追求品质游客,私人码头可划kayak、顶楼观景台、按摩手法顶级,泰国旅游攻略 之 北碧府住宿,https://www.xiaohongshu.com/explore/63b5a991000000001c0379fe?xsec_token_redacted=1&xsec_source=pc_dots,回答名称来自点点AI；正文直接命中是引用帖内字符串核对，不代表热度，也不等于Google事实核验
北碧府,住宿酒店,Good Times Resort,Good Times Resort Kanchanaburi,市区酒店,桂河大桥附近,27,1,本轮新增名称候选,,固定实体候选,通过｜新增进入Google候选,临时入住游客,位置便利、可步行到夜市,北碧府2天1夜佛系3人自由行（交通篇）,https://www.xiaohongshu.com/explore/6690000f0000000025004480?xsec_token_redacted=1&xsec_source=pc_dots,回答名称来自点点AI；正文直接命中是引用帖内字符串核对，不代表热度，也不等于Google事实核验
北碧府,住宿酒店,Kanchanaburi City Hotel,Kanchanaburi City Hotel,市区酒店,汽车站旁,27,1,本轮新增名称候选,,固定实体候选,通过｜新增进入Google候选,背包客/中转游客,地理位置好、周边有市场/711/按摩/餐厅,北碧府tips,https://www.xiaohongshu.com/explore/6a843ae000000000250002fa?xsec_token_redacted=1&xsec_source=pc_dots,回答名称来自点点AI；正文直接命中是引用帖内字符串核对，不代表热度，也不等于Google事实核验
北碧府,住宿酒店,No.9 Hostel Kanchanaburi,No.9 Hostel Kanchanaburi,青旅,市区,27,1,本轮新增名称候选,,固定实体候选,通过｜新增进入Google候选,背包客,便宜干净、位置便利、混合宿舍六人间,🇹🇭北碧府四天三夜背包旅行攻略—P1,https://www.xiaohongshu.com/explore/67e40184000000001d018e56?xsec_token_redacted=1&xsec_source=pc_dots,回答名称来自点点AI；正文直接命中是引用帖内字符串核对，不代表热度，也不等于Google事实核验
北碧府,住宿酒店,River Kwai Jungle Rafts Floating Hotel,River Kwai Jungle Rafts Floating Hotel,原生态水屋,桂河上游,27,3,本轮新增名称候选,,固定实体候选,通过｜新增进入Google候选,猎奇体验型游客,无电无热水无Wi-Fi、煤油灯照明、早上可喂大象、可漂流,"泰国值得去之北碧府（1）
恐怖体验：泰国朋友直呼下次不来了
泰国亲子游｜坐船入住北碧府超Chill的民宿","https://www.xiaohongshu.com/explore/65a228d2000000001a02a44c?xsec_token_redacted=1&xsec_source=pc_dots
https://www.xiaohongshu.com/explore/66161888000000001a00f72d?xsec_token_redacted=1&xsec_source=pc_dots
https://www.xiaohongshu.com/explore/67a20c48000000001800d914?xsec_token_redacted=1&xsec_source=pc_dots",回答名称来自点点AI；正文直接命中是引用帖内字符串核对，不代表热度，也不等于Google事实核验
北碧府,住宿酒店,River Kwai Resotel,River Kwai Resotel Kanchanaburi,连锁度假村,桂河上游,27,2,本轮新增名称候选,,固定实体候选,通过｜新增进入Google候选,家庭/自驾游客,河边设施齐全、空气清新但离市区远,"北碧府酒店3家 人均200
泰国亲子游｜坐船入住北碧府超Chill的民宿","https://www.xiaohongshu.com/explore/66e3080500000000250339f8?xsec_token_redacted=1&xsec_source=pc_dots
https://www.xiaohongshu.com/explore/67a20c48000000001800d914?xsec_token_redacted=1&xsec_source=pc_dots",回答名称来自点点AI；正文直接命中是引用帖内字符串核对，不代表热度，也不等于Google事实核验
北碧府,住宿酒店,River Life Resort,River Life Resort Kanchanaburi,河滨度假村,桂河沿岸,27,1,本轮新增名称候选,,固定实体候选,通过｜新增进入Google候选,情侣/周末度假,氛围感强、含双早、可划竹筏看野象,🇹🇭北碧府避世河滨悠闲周末住宿篇,https://www.xiaohongshu.com/explore/66a1ab3300000000270126b1?xsec_token_redacted=1&xsec_source=pc_dots,回答名称来自点点AI；正文直接命中是引用帖内字符串核对，不代表热度，也不等于Google事实核验
北碧府,住宿酒店,V1 Boutique Hotel Kanchanaburi,V1 Boutique Hotel Kanchanaburi,精品酒店,汽车站旁,27,1,本轮新增名称候选,,固定实体候选,通过｜新增进入Google候选,赶早班车游客,干净卫生、步行100米到汽车站但房间小价格偏高,全网首发，泰国北碧府3天2夜自助游攻略,https://www.xiaohongshu.com/explore/6852ada4000000002400ed0f?xsec_token_redacted=1&xsec_source=pc_dots,回答名称来自点点AI；正文直接命中是引用帖内字符串核对，不代表热度，也不等于Google事实核验
春蓬府,餐饮美食,树屋咖啡厅,Bang Otron Tree House,海边咖啡馆,海边沙滩上,41,1,本轮新增名称候选,,固定实体候选,通过｜新增进入Google候选,拍照打卡/宠物友好,"围绕大树搭建,面朝大海,有秋千和木桥,宠物友好",春蓬海边树屋咖啡厅 宠物友好拍照太出片了,https://www.xiaohongshu.com/explore/6a5863e50000000011006c73?xsec_token_redacted=1&xsec_source=pc_dots,回答名称来自点点AI；正文直接命中是引用帖内字符串核对，不代表热度，也不等于Google事实核验
春蓬府,餐饮美食,无名餐厅,(No Name Restaurant),泰餐,BIG ONE superstore旁边,41,1,本轮新增名称候选,,固定实体候选,通过｜新增进入Google候选,追求性价比游客,"正宗泰餐价格实惠,人均80泰铢,pork belly推荐",🇹🇭春蓬｜三天三夜吃喝住行全攻略,https://www.xiaohongshu.com/explore/69a82d160000000022023db8?xsec_token_redacted=1&xsec_source=pc_dots,回答名称来自点点AI；正文直接命中是引用帖内字符串核对，不代表热度，也不等于Google事实核验
春蓬府,餐饮美食,植物咖啡店,(Plant Coffee Shop),咖啡馆,市区,41,1,本轮新增名称候选,,固定实体候选,通过｜新增进入Google候选,咖啡爱好者,"山里小店,老板手冲咖啡手法朴实,50泰铢/杯性价比高",未被“网红化”的泰国/春蓬府,https://www.xiaohongshu.com/explore/69c11256000000002301534c?xsec_token_redacted=1&xsec_source=pc_dots,回答名称来自点点AI；正文直接命中是引用帖内字符串核对，不代表热度，也不等于Google事实核验
春蓬府,餐饮美食,Baan Ouadchum Treehouse,บ้านต้นไม้อวดชุม,树屋餐厅,"海边,距市中心41km",41,2,本轮新增名称候选,,固定实体候选,通过｜新增进入Google候选,自驾游客/拍照打卡,"树屋结构海景好,餐食品质高无坑,咖啡一般","春蓬自驾〡海边树屋登高远眺海湾，好吃好看
泰国春蓬自驾〡小众海边高性价比民宿","https://www.xiaohongshu.com/explore/6a9195e7000000002003cabc?xsec_token_redacted=1&xsec_source=pc_dots
https://www.xiaohongshu.com/explore/6a915691000000002503d06b?xsec_token_redacted=1&xsec_source=pc_dots",回答名称来自点点AI；正文直接命中是引用帖内字符串核对，不代表热度，也不等于Google事实核验
春蓬府,餐饮美食,Baan Yai Sri,Baan Yai Sri,河边餐厅,"雨林别墅附近,需预约",41,1,本轮新增名称候选,,固定实体候选,通过｜新增进入Google候选,自驾游客,"河边餐厅,需提前预约",泰国南部自驾之旅2.12-21第九章 春蓬雨林,https://www.xiaohongshu.com/explore/69c25618000000001a02b0ab?xsec_token_redacted=1&xsec_source=pc_dots,回答名称来自点点AI；正文直接命中是引用帖内字符串核对，不代表热度，也不等于Google事实核验
春蓬府,餐饮美食,Coffee Bar 99,Coffee Bar 99,咖啡馆,市区,41,1,本轮新增名称候选,,固定实体候选,通过｜新增进入Google候选,咖啡爱好者,"春蓬是泰国最大咖啡豆产地之一,这家咖啡和甜点都不错,卖自烘咖啡豆和挂耳咖啡",🇹🇭小众旅行地➡️春蓬，榴莲爱好者速来,https://www.xiaohongshu.com/explore/683b202d000000002102cc1b?xsec_token_redacted=1&xsec_source=pc_dots,回答名称来自点点AI；正文直接命中是引用帖内字符串核对，不代表热度，也不等于Google事实核验
春蓬府,餐饮美食,Coffee Tree House,Coffee Tree House,树屋咖啡馆,海边水塘旁,41,1,本轮新增名称候选,,固定实体候选,通过｜新增进入Google候选,拍照打卡/工作休闲,"多层木质树屋设计,面向水塘和大海,有吉祥白水牛",春蓬隐藏秘境！纯白水牛守护的树屋咖啡店,https://www.xiaohongshu.com/explore/693a21c0000000001b030666?xsec_token_redacted=1&xsec_source=pc_dots,回答名称来自点点AI；正文直接命中是引用帖内字符串核对，不代表热度，也不等于Google事实核验
春蓬府,餐饮美食,Farida Cha Roti,Farida Cha Roti,本地餐馆,市区,41,1,本轮新增名称候选,,固定实体候选,通过｜新增进入Google候选,本地食客,"咖喱鸡饭和香蕉煎饼便宜美味,很多当地人吃",泰南春蓬,https://www.xiaohongshu.com/explore/6a7d3913000000003300bca7?xsec_token_redacted=1&xsec_source=pc_dots,回答名称来自点点AI；正文直接命中是引用帖内字符串核对，不代表热度，也不等于Google事实核验
春蓬府,餐饮美食,Hor Chia Dim Sum Restaurant,Hor Chia Dim Sum Restaurant,广式点心,火车站附近,41,1,本轮新增名称候选,,固定实体候选,通过｜新增进入Google候选,点心爱好者,"自助式点单,菜量小但种类多,人均约469泰铢",春蓬一日躺平游记,https://www.xiaohongshu.com/explore/69885dbc0000000028008846?xsec_token_redacted=1&xsec_source=pc_dots,回答名称来自点点AI；正文直接命中是引用帖内字符串核对，不代表热度，也不等于Google事实核验
春蓬府,餐饮美食,Lay Tung Laen Seafood,Lay tung laenseafood,海鲜餐厅,通瓦兰沙滩,41,1,本轮新增名称候选,,固定实体候选,通过｜新增进入Google候选,海鲜爱好者,"可坐沙滩看路人,现捞海鲜,人均200泰铢(五菜+饮料)",🇹🇭春蓬｜三天三夜吃喝住行全攻略,https://www.xiaohongshu.com/explore/69a82d160000000022023db8?xsec_token_redacted=1&xsec_source=pc_dots,回答名称来自点点AI；正文直接命中是引用帖内字符串核对，不代表热度，也不等于Google事实核验
春蓬府,餐饮美食,Lung Plen,Lung Plen,河边餐厅,雨林别墅附近,41,1,本轮新增名称候选,,固定实体候选,通过｜新增进入Google候选,自驾游客,"河边餐厅,Baan Yai Sri订不到可来这家",泰国南部自驾之旅2.12-21第九章 春蓬雨林,https://www.xiaohongshu.com/explore/69c25618000000001a02b0ab?xsec_token_redacted=1&xsec_source=pc_dots,回答名称来自点点AI；正文直接命中是引用帖内字符串核对，不代表热度，也不等于Google事实核验
春蓬府,餐饮美食,mama咖啡,mama Coffee,咖啡甜品,火车站附近,41,1,本轮新增名称候选,,固定实体候选,通过｜新增进入Google候选,等车游客,"周日营业,价格偏贵(99泰铢/份),泰奶推荐",春蓬一日躺平游记,https://www.xiaohongshu.com/explore/69885dbc0000000028008846?xsec_token_redacted=1&xsec_source=pc_dots,回答名称来自点点AI；正文直接命中是引用帖内字符串核对，不代表热度，也不等于Google事实核验
春蓬府,餐饮美食,papa餐馆,papa Restaurant,酒馆餐吧,火车站对面,41,1,本轮新增名称候选,,固定实体候选,通过｜新增进入Google候选,等车游客,"周日营业,价格偏贵(100+泰铢/份),咖喱汁很辣",春蓬一日躺平游记,https://www.xiaohongshu.com/explore/69885dbc0000000028008846?xsec_token_redacted=1&xsec_source=pc_dots,回答名称来自点点AI；正文直接命中是引用帖内字符串核对，不代表热度，也不等于Google事实核验
春蓬府,餐饮美食,Pimploy餐厅,Pimploy Restaurant,本地菜,市区,41,1,本轮新增名称候选,,固定实体候选,通过｜新增进入Google候选,本地食客,"谷歌地图本地推荐,味道不错",泰国小众地春蓬🇹🇭千字旅游攻略真心大放送,https://www.xiaohongshu.com/explore/65df30730000000003036527?xsec_token_redacted=1&xsec_source=pc_dots,回答名称来自点点AI；正文直接命中是引用帖内字符串核对，不代表热度，也不等于Google事实核验
春蓬府,餐饮美食,Sook Samoer Fish Head Hot Pot,Sook Samoer Fish Head Hot Pot,鱼肉料理,市区,41,1,本轮新增名称候选,,固定实体候选,通过｜新增进入Google候选,鱼肉爱好者,"鱼肉沙拉酱好吃,鱼籽汤酸辣开胃,店员英语不好",🇹🇭小众旅行地➡️春蓬，榴莲爱好者速来,https://www.xiaohongshu.com/explore/683b202d000000002102cc1b?xsec_token_redacted=1&xsec_source=pc_dots,回答名称来自点点AI；正文直接命中是引用帖内字符串核对，不代表热度，也不等于Google事实核验
春蓬府,餐饮美食,มัทรี วัลเลย์ Restaurant & Cafe',มัทรี วัลเลย์ Restaurant&Cafe,景观咖啡馆兼餐厅,Khao Matsee观景台附近,41,3,本轮新增名称候选,,固定实体候选,通过｜新增进入Google候选,亲子/观景游客,"院子养乌龟/山羊/兔子,可俯瞰春蓬全景,人均200-250泰铢","未被“网红化”的泰国/春蓬府
🇹🇭春蓬｜三天三夜吃喝住行全攻略
泰国春蓬🇹🇭山顶的绝美咖啡馆+动物园","https://www.xiaohongshu.com/explore/69c11256000000002301534c?xsec_token_redacted=1&xsec_source=pc_dots
https://www.xiaohongshu.com/explore/69a82d160000000022023db8?xsec_token_redacted=1&xsec_source=pc_dots
https://www.xiaohongshu.com/explore/68a18b77000000001d01b531?xsec_token_redacted=1&xsec_source=pc_dots",回答名称来自点点AI；正文直接命中是引用帖内字符串核对，不代表热度，也不等于Google事实核验
春蓬府,购物商业,春蓬夜市,Chumphon Night Market,夜市,Aphakornkiatiwong Park公园门口,41,3,本轮新增名称候选,,固定实体候选,通过｜新增进入Google候选,美食爱好者,"水果摊莲雾60泰铢/kg,榴莲100泰铢/kg,没啥踩雷","未被“网红化”的泰国/春蓬府
🇹🇭春蓬｜三天三夜吃喝住行全攻略
泰国小众地春蓬🇹🇭千字旅游攻略真心大放送","https://www.xiaohongshu.com/explore/69c11256000000002301534c?xsec_token_redacted=1&xsec_source=pc_dots
https://www.xiaohongshu.com/explore/69a82d160000000022023db8?xsec_token_redacted=1&xsec_source=pc_dots
https://www.xiaohongshu.com/explore/65df30730000000003036527?xsec_token_redacted=1&xsec_source=pc_dots",回答名称来自点点AI；正文直接命中是引用帖内字符串核对，不代表热度，也不等于Google事实核验
春蓬府,购物商业,BIG ONE superstore,BIG ONE superstore,超市,市区,41,1,本轮新增名称候选,,固定实体候选,通过｜新增进入Google候选,购物,"又便宜又好,特产40-60泰铢/袋,旁边有无名餐厅",🇹🇭春蓬｜三天三夜吃喝住行全攻略,https://www.xiaohongshu.com/explore/69a82d160000000022023db8?xsec_token_redacted=1&xsec_source=pc_dots,回答名称来自点点AI；正文直接命中是引用帖内字符串核对，不代表热度，也不等于Google事实核验
春蓬府,购物商业,Chumphon Food Market,Chumphon Food Market,菜市场,市区,41,2,本轮新增名称候选,,固定实体候选,通过｜新增进入Google候选,买水果/本地体验,"榴莲60泰铢/kg(约13元人民币),早上去较好","🇹🇭小众旅行地➡️春蓬，榴莲爱好者速来
我竟然吃到了7块钱一斤的榴莲","https://www.xiaohongshu.com/explore/683b202d000000002102cc1b?xsec_token_redacted=1&xsec_source=pc_dots
https://www.xiaohongshu.com/explore/6838707e000000002101b9d1?xsec_token_redacted=1&xsec_source=pc_dots",回答名称来自点点AI；正文直接命中是引用帖内字符串核对，不代表热度，也不等于Google事实核验
春蓬府,购物商业,Chumphon Public Market,Chumphon Public Market,公共市场,市区,41,1,本轮新增名称候选,,固定实体候选,通过｜新增进入Google候选,买水果/本地体验,"与Food Market相隔不远,价格相似",🇹🇭小众旅行地➡️春蓬，榴莲爱好者速来,https://www.xiaohongshu.com/explore/683b202d000000002102cc1b?xsec_token_redacted=1&xsec_source=pc_dots,回答名称来自点点AI；正文直接命中是引用帖内字符串核对，不代表热度，也不等于Google事实核验
春蓬府,购物商业,Ocean Mall,Ocean Mall,商场,火车站附近,41,1,本轮新增名称候选,,固定实体候选,通过｜新增进入Google候选,购物/逛街,"商场里有Big One超市,可买特产",春蓬不止是中转站，军舰火车美食在等你,https://www.xiaohongshu.com/explore/6a67f142000000001d00cffe?xsec_token_redacted=1&xsec_source=pc_dots,回答名称来自点点AI；正文直接命中是引用帖内字符串核对，不代表热度，也不等于Google事实核验
春蓬府,购物商业,Ruam Charoen Market,Ruam charoen market,本地市场,离市区较远,41,1,本轮新增名称候选,,固定实体候选,通过｜新增进入Google候选,买榴莲/本地体验,"非常便宜,榴莲要早点去不然卖光收摊",泰国小众地春蓬🇹🇭千字旅游攻略真心大放送,https://www.xiaohongshu.com/explore/65df30730000000003036527?xsec_token_redacted=1&xsec_source=pc_dots,回答名称来自点点AI；正文直接命中是引用帖内字符串核对，不代表热度，也不等于Google事实核验
春蓬府,交通服务,春蓬火车站,Chumphon Railway Station,火车站,市区,41,1,本轮新增名称候选,,固定实体候选,通过｜新增进入Google候选,中转游客,"有小火车站,有退役火车头可看,去码头皮卡车150泰铢/人30分钟",春蓬火车站到春蓬码头（150🐷，皮卡车）,https://www.xiaohongshu.com/explore/6704598a000000002c016b0e?xsec_token_redacted=1&xsec_source=pc_dots,回答名称来自点点AI；正文直接命中是引用帖内字符串核对，不代表热度，也不等于Google事实核验
春蓬府,交通服务,春蓬机场,Chumphon Airport,机场,市区附近,41,3,本轮新增名称候选,,固定实体候选,通过｜新增进入Google候选,飞机抵达/离开,"迷你机场一天1-3航班,有minibus去市区300泰铢/人,约半小时一班","【泰国春蓬至龟岛出行全攻略】深度解析，避免
🇹🇭春蓬｜比苏梅更安静的度假天堂💙
我终于知道为什么涛岛的中国人那么少了","https://www.xiaohongshu.com/explore/66bcc3b80000000005021ecc?xsec_token_redacted=1&xsec_source=pc_dots
https://www.xiaohongshu.com/explore/68f233610000000005000e10?xsec_token_redacted=1&xsec_source=pc_dots
https://www.xiaohongshu.com/explore/66a5c3870000000009016513?xsec_token_redacted=1&xsec_source=pc_dots",回答名称来自点点AI；正文直接命中是引用帖内字符串核对，不代表热度，也不等于Google事实核验
春蓬府,交通服务,春蓬码头,Chumphon Pier (Lomprayah),码头,市区附近,41,4,本轮新增名称候选,,固定实体候选,通过｜新增进入Google候选,涛岛中转,"Lomprayah公司码头,去涛岛/苏梅岛,船票750泰铢,等船近3小时有室外躺椅","春蓬火车站到春蓬码头（150🐷，皮卡车）
从曼谷苏万那普机场坐火车到涛岛的行程
我终于知道为什么涛岛的中国人那么少了
春蓬🌴🌊","https://www.xiaohongshu.com/explore/6704598a000000002c016b0e?xsec_token_redacted=1&xsec_source=pc_dots
https://www.xiaohongshu.com/explore/6664eaef0000000006006e08?xsec_token_redacted=1&xsec_source=pc_dots
https://www.xiaohongshu.com/explore/66a5c3870000000009016513?xsec_token_redacted=1&xsec_source=pc_dots
https://www.xiaohongshu.com/explore/67d94b50000000001b03e2e6?xsec_token_redacted=1&xsec_source=pc_dots",回答名称来自点点AI；正文直接命中是引用帖内字符串核对，不代表热度，也不等于Google事实核验
春蓬府,交通服务,曼谷新火车站,Bangkok New Railway Station,火车站,曼谷,41,1,本轮新增名称候选,,固定实体候选,通过｜新增进入Google候选,火车中转,"去春蓬的火车在此乘车,有卧铺单间,19:50检票上车约6小时到春蓬",从曼谷苏万那普机场坐火车到涛岛的行程,https://www.xiaohongshu.com/explore/6664eaef0000000006006e08?xsec_token_redacted=1&xsec_source=pc_dots,回答名称来自点点AI；正文直接命中是引用帖内字符串核对，不代表热度，也不等于Google事实核验
春蓬府,景点观光,通瓦兰沙滩,Thong Wa Lan Beach,海滩,Cleanwave Resort门口,41,1,本轮新增名称候选,,固定实体候选,通过｜新增进入Google候选,躺平/赶海,"干净人少,可赶海挖螃蟹,看日出",🇹🇭春蓬｜三天三夜吃喝住行全攻略,https://www.xiaohongshu.com/explore/69a82d160000000022023db8?xsec_token_redacted=1&xsec_source=pc_dots,回答名称来自点点AI；正文直接命中是引用帖内字符串核对，不代表热度，也不等于Google事实核验
春蓬府,景点观光,Ao Bo Mao Bay,Ao Bo Mao Bay,海湾,距市中心33km,41,1,本轮新增名称候选,,固定实体候选,通过｜新增进入Google候选,亲子/游泳,"海湾浅浪小特别适合孩子游泳,沙滩有一些沙蝇",泰国春蓬自驾〡小众海边高性价比民宿,https://www.xiaohongshu.com/explore/6a915691000000002503d06b?xsec_token_redacted=1&xsec_source=pc_dots,回答名称来自点点AI；正文直接命中是引用帖内字符串核对，不代表热度，也不等于Google事实核验
春蓬府,景点观光,Khao Matri View Point,Khao Matri View Point/Khao Matsee View Point,山顶观景台,市区附近山上,41,3,本轮新增名称候选,,固定实体候选,通过｜新增进入Google候选,观景/拍照,"可俯瞰春蓬全景,骑摩托车上山风光好,有佛像可拜拜","未被“网红化”的泰国/春蓬府
泰南春蓬
泰国春蓬🇹🇭山顶的绝美咖啡馆+动物园","https://www.xiaohongshu.com/explore/69c11256000000002301534c?xsec_token_redacted=1&xsec_source=pc_dots
https://www.xiaohongshu.com/explore/6a7d3913000000003300bca7?xsec_token_redacted=1&xsec_source=pc_dots
https://www.xiaohongshu.com/explore/68a18b77000000001d01b531?xsec_token_redacted=1&xsec_source=pc_dots",回答名称来自点点AI；正文直接命中是引用帖内字符串核对，不代表热度，也不等于Google事实核验
春蓬府,景点观光,Pak Nam Chumphon Beach,Pak Nam Chumphon Beach ชายทะเลปากน้ําชุมพร,海滩,市区附近,41,1,本轮新增名称候选,,固定实体候选,通过｜新增进入Google候选,看日落/散步,"可玩水看日落,海水较干净",未被“网红化”的泰国/春蓬府,https://www.xiaohongshu.com/explore/69c11256000000002301534c?xsec_token_redacted=1&xsec_source=pc_dots,回答名称来自点点AI；正文直接命中是引用帖内字符串核对，不代表热度，也不等于Google事实核验
春蓬府,景点观光,Saphli Beach,Saphli Beach,海滩,秘境度假村附近,41,1,本轮新增名称候选,,固定实体候选,通过｜新增进入Google候选,躺平/安静度假,"宁静闲适,偶有晒太阳遛狗的,可看球喝酒吹海风",春蓬一日躺平游记,https://www.xiaohongshu.com/explore/69885dbc0000000028008846?xsec_token_redacted=1&xsec_source=pc_dots,回答名称来自点点AI；正文直接命中是引用帖内字符串核对，不代表热度，也不等于Google事实核验
春蓬府,景点观光,Suspension Bridge - Deer,Suspension Bridge - Deer สะพานชมกวาง,麋鹿公园,市区附近,41,2,本轮新增名称候选,,固定实体候选,通过｜新增进入Google候选,亲子/动物爱好者,"免门票,可喂麋鹿(香蕉20泰铢/串),公园也卖香蕉","🇹🇭春蓬｜三天三夜吃喝住行全攻略
泰南春蓬","https://www.xiaohongshu.com/explore/69a82d160000000022023db8?xsec_token_redacted=1&xsec_source=pc_dots
https://www.xiaohongshu.com/explore/6a7d3913000000003300bca7?xsec_token_redacted=1&xsec_source=pc_dots",回答名称来自点点AI；正文直接命中是引用帖内字符串核对，不代表热度，也不等于Google事实核验
春蓬府,景点观光,Tham Than Nam Lot,Tham Than Nam Lot,天门山/洞穴,距曼谷6小时车程,41,1,本轮新增名称候选,,固定实体候选,通过｜新增进入Google候选,探险/自然爱好者,"海拔500米云海日出,天然天门岩石拱门,佛像,洞穴探险约2公里,需爬700-900级台阶",泰国版天门山｜云海仙境在春蓬,https://www.xiaohongshu.com/explore/690ac3a00000000005038ccb?xsec_token_redacted=1&xsec_source=pc_dots,回答名称来自点点AI；正文直接命中是引用帖内字符串核对，不代表热度，也不等于Google事实核验
春蓬府,景点观光,南园岛,Nang Yuan Island,海岛海滩与水上,涛岛附近,41,2,本轮新增名称候选,,固定实体候选,通过｜新增进入Google候选,浮潜/一日游,"涛岛边小岛,浮潜点之一","🇹🇭被欧美人占领的宝藏小岛🏝️涛岛怎么玩
从曼谷苏万那普机场坐火车到涛岛的行程","https://www.xiaohongshu.com/explore/6a81773b00000000330371f7?xsec_token_redacted=1&xsec_source=pc_dots
https://www.xiaohongshu.com/explore/6664eaef0000000006006e08?xsec_token_redacted=1&xsec_source=pc_dots",回答名称来自点点AI；正文直接命中是引用帖内字符串核对，不代表热度，也不等于Google事实核验
春蓬府,交通服务,涛岛码头,Koh Tao Pier,码头与渡轮,涛岛,41,2,本轮新增名称候选,,固定实体候选,通过｜新增进入Google候选,潜水/海岛游客,"船票需在Lomprayah官网或淘宝预订,有餐厅和休息区,等船时可喝果汁","【泰国春蓬至龟岛出行全攻略】深度解析，避免
我终于知道为什么涛岛的中国人那么少了","https://www.xiaohongshu.com/explore/66bcc3b80000000005021ecc?xsec_token_redacted=1&xsec_source=pc_dots
https://www.xiaohongshu.com/explore/66a5c3870000000009016513?xsec_token_redacted=1&xsec_source=pc_dots",回答名称来自点点AI；正文直接命中是引用帖内字符串核对，不代表热度，也不等于Google事实核验
春蓬府,康养SPA,วันสุข นวดเพื่อสุขภาพ สาขา1,วันสุข นวดเพื่อสุขภาพ สาขา1,按摩店,市区,41,1,本轮新增名称候选,,固定实体候选,通过｜新增进入Google候选,放松/按摩,"250泰铢/小时,试了几家最舒服价格合理",🇹🇭春蓬｜三天三夜吃喝住行全攻略,https://www.xiaohongshu.com/explore/69a82d160000000022023db8?xsec_token_redacted=1&xsec_source=pc_dots,回答名称来自点点AI；正文直接命中是引用帖内字符串核对，不代表热度，也不等于Google事实核验
春蓬府,住宿酒店,蓝坦海滩民宿,แหลมแท่นโฮมบีช รีสอร์ท,海湾民宿,"Ao Bo Mao Bay,距市中心33km",41,1,本轮新增名称候选,,固定实体候选,通过｜新增进入Google候选,亲子/自驾游客,"海湾浅浪小适合游泳,景色价格综合最优(1200泰铢/晚含早)",泰国春蓬自驾〡小众海边高性价比民宿,https://www.xiaohongshu.com/explore/6a915691000000002503d06b?xsec_token_redacted=1&xsec_source=pc_dots,回答名称来自点点AI；正文直接命中是引用帖内字符串核对，不代表热度，也不等于Google事实核验
春蓬府,住宿酒店,秘境度假村,Clean Wave Resort Chumphon,海边秘境度假村,"Saphli, Pathio District",41,1,本轮新增名称候选,,固定实体候选,通过｜新增进入Google候选,追求宁静游客,"非商业化,原始纯朴环境,老板娘热情,走几步到沙滩",春蓬秘境渡假村｜住进海边的森林小屋，享,https://www.xiaohongshu.com/explore/67b2d11b000000001800bc88?xsec_token_redacted=1&xsec_source=pc_dots,回答名称来自点点AI；正文直接命中是引用帖内字符串核对，不代表热度，也不等于Google事实核验
春蓬府,住宿酒店,娜娜海滩度假村,Nana Beach Resort,海滩度假村,"离码头40分钟车程,离市中心20分钟",41,1,本轮新增名称候选,,固定实体候选,通过｜新增进入Google候选,长住游客/老人,"价格适中,有长住优惠,交通不太方便",春蓬🌴🌊,https://www.xiaohongshu.com/explore/67d94b50000000001b03e2e6?xsec_token_redacted=1&xsec_source=pc_dots,回答名称来自点点AI；正文直接命中是引用帖内字符串核对，不代表热度，也不等于Google事实核验
春蓬府,住宿酒店,诺沃春蓬海滩度假村,The Nouveau Chumphon Beach Resort & Golf,海滩度假村,山顶360度海景,41,1,本轮新增名称候选,,固定实体候选,通过｜新增进入Google候选,度假游客,"前身诺富特,硬件设施好,山顶view可驱车直达",🌴 优惠速递！今年7月，来泰国春蓬府 (Chumphon) 享受超值度假吧 ☀,https://www.xiaohongshu.com/explore/6a3288ff000000000e031400?xsec_token_redacted=1&xsec_source=pc_dots,回答名称来自点点AI；正文直接命中是引用帖内字符串核对，不代表热度，也不等于Google事实核验
春蓬府,住宿酒店,莎莎旅馆,Salsa Hostel,青旅/旅馆,市区,41,2,本轮新增名称候选,,固定实体候选,通过｜新增进入Google候选,穷游背包客,"装修老旧但干净整洁,约60元/晚","穷游第16天泰国春蓬
🇹🇭小众旅行地➡️春蓬，榴莲爱好者速来","https://www.xiaohongshu.com/explore/66b7641c00000000090150d9?xsec_token_redacted=1&xsec_source=pc_dots
https://www.xiaohongshu.com/explore/683b202d000000002102cc1b?xsec_token_redacted=1&xsec_source=pc_dots",回答名称来自点点AI；正文直接命中是引用帖内字符串核对，不代表热度，也不等于Google事实核验
春蓬府,住宿酒店,树屋酒店,Baan Ouadchum Treehouse,树屋民宿,"海边,距市中心41km",41,2,本轮新增名称候选,,固定实体候选,通过｜新增进入Google候选,情侣/拍照打卡,"树屋结构临海,顶楼视野最佳,兼具餐厅功能","春蓬自驾〡海边树屋登高远眺海湾，好吃好看
泰国春蓬自驾〡小众海边高性价比民宿","https://www.xiaohongshu.com/explore/6a9195e7000000002003cabc?xsec_token_redacted=1&xsec_source=pc_dots
https://www.xiaohongshu.com/explore/6a915691000000002503d06b?xsec_token_redacted=1&xsec_source=pc_dots",回答名称来自点点AI；正文直接命中是引用帖内字符串核对，不代表热度，也不等于Google事实核验
春蓬府,住宿酒店,雨林别墅,Villa Varich,雨林度假村,"邦马克村,丛林河畔",41,2,本轮新增名称候选,,固定实体候选,通过｜新增进入Google候选,自然爱好者/自驾游客,"独栋木屋被雨林包围,提供免费皮划艇和自行车,氛围chill","泰国南部自驾之旅2.12-21第九章 春蓬雨林
泰国小众地春蓬🇹🇭千字旅游攻略真心大放送","https://www.xiaohongshu.com/explore/69c25618000000001a02b0ab?xsec_token_redacted=1&xsec_source=pc_dots
https://www.xiaohongshu.com/explore/65df30730000000003036527?xsec_token_redacted=1&xsec_source=pc_dots",回答名称来自点点AI；正文直接命中是引用帖内字符串核对，不代表热度，也不等于Google事实核验
春蓬府,住宿酒店,Cleanwave Resort,Cleanwave Resort Chumphon,度假村,通瓦兰沙滩旁,41,2,本轮新增名称候选,,固定实体候选,通过｜新增进入Google候选,家庭/情侣,"出门即沙滩,联排房屋设计,性价比高(2000泰铢/晚)","🇹🇭春蓬｜三天三夜吃喝住行全攻略
春蓬秘境渡假村｜住进海边的森林小屋，享","https://www.xiaohongshu.com/explore/69a82d160000000022023db8?xsec_token_redacted=1&xsec_source=pc_dots
https://www.xiaohongshu.com/explore/67b2d11b000000001800bc88?xsec_token_redacted=1&xsec_source=pc_dots",回答名称来自点点AI；正文直接命中是引用帖内字符串核对，不代表热度，也不等于Google事实核验
大城府,餐饮美食,大门凤火锅鸡,大门凤火锅鸡,火锅与烧烤,滨河街旁边,72,1,本轮新增名称候选,,固定实体候选,通过｜新增进入Google候选,火锅爱好者,"车厘子随便吃,酱香/微辣/麻辣可选",大城美食推荐（大门凤火锅鸡）,https://www.xiaohongshu.com/explore/67cc4b08000000002900d0dc?xsec_token_redacted=1&xsec_source=pc_dots,回答名称来自点点AI；正文直接命中是引用帖内字符串核对，不代表热度，也不等于Google事实核验
大城府,餐饮美食,陶宝砂锅,陶宝砂锅,餐厅与本地美食,府东西边,72,1,本轮新增名称候选,,固定实体候选,通过｜新增进入Google候选,家庭聚餐,"店大环境好,豆花牛肉/蘑菇推荐",大城美食｜冬天就要吃些热乎的,https://www.xiaohongshu.com/explore/67190d5d000000001b011264?xsec_token_redacted=1&xsec_source=pc_dots,回答名称来自点点AI；正文直接命中是引用帖内字符串核对，不代表热度，也不等于Google事实核验
大城府,餐饮美食,囍聯鸿,囍聯鸿,餐厅,王府花园对面,72,1,本轮新增名称候选,,固定实体候选,通过｜新增进入Google候选,中餐爱好者,"黑豆腐/臭鳜鱼/口水鸡,部分菜品调整",大城美食：吃过很多次的囍聯鸿，我有话说,https://www.xiaohongshu.com/explore/69d470350000000021012cec?xsec_token_redacted=1&xsec_source=pc_dots,回答名称来自点点AI；正文直接命中是引用帖内字符串核对，不代表热度，也不等于Google事实核验
大城府,餐饮美食,For Filter Coffee Roaster,For Filter Coffee Roaster,咖啡馆,河边,72,1,本轮新增名称候选,,固定实体候选,通过｜新增进入Google候选,午餐/下午茶,"日式简木风,泰式简餐味道惊艳",For Filter Coffee Roaster,https://www.xiaohongshu.com/explore/6975b189000000000a029d7b?xsec_token_redacted=1&xsec_source=pc_dots,回答名称来自点点AI；正文直接命中是引用帖内字符串核对，不代表热度，也不等于Google事实核验
大城府,餐饮美食,FOR YOU CAFE,FOR YOU CAFE,亲子咖啡馆兼餐厅,火车站河对面,72,1,本轮新增名称候选,,固定实体候选,通过｜新增进入Google候选,亲子/甜品,"手工冰淇淋,哈密瓜雪花冰超大",Ayutthaya大城！孩子很爱的手工冰淇淋餐厅,https://www.xiaohongshu.com/explore/6790baf500000000170393f0?xsec_token_redacted=1&xsec_source=pc_dots,回答名称来自点点AI；正文直接命中是引用帖内字符串核对，不代表热度，也不等于Google事实核验
大城府,餐饮美食,Himawari Cafe,Himawari Cafe,咖啡馆,古城内,72,1,本轮新增名称候选,,固定实体候选,通过｜新增进入Google候选,日系风,"向日葵主题,日系原木风,干净治愈",大城府 Himawari Cafe,https://www.xiaohongshu.com/explore/69edf6f000000000350279fe?xsec_token_redacted=1&xsec_source=pc_dots,回答名称来自点点AI；正文直接命中是引用帖内字符串核对，不代表热度，也不等于Google事实核验
大城府,餐饮美食,Lung Lek Boat Noodle,Lung Lek Boat Noodle,面食与小吃,古城内,72,1,本轮新增名称候选,,固定实体候选,通过｜新增进入Google候选,本地体验,"60泰铢/碗,量大肉多,local风格",曼谷往返大城一日游,https://www.xiaohongshu.com/explore/6a80750b0000000005033cd0?xsec_token_redacted=1&xsec_source=pc_dots,回答名称来自点点AI；正文直接命中是引用帖内字符串核对，不代表热度，也不等于Google事实核验
大城府,餐饮美食,Rak Na Ayutthaya,Rak Na Ayutthaya รักษ์นา อยุธยา,咖啡馆,Ban Pom,72,1,本轮新增名称候选,,固定实体候选,通过｜新增进入Google候选,拍照/早午餐,"稻田主题咖啡馆,楼顶吹风chill,烤虾必点",不去可惜的大城府稻田咖啡馆,https://www.xiaohongshu.com/explore/67acb150000000002901d2ce?xsec_token_redacted=1&xsec_source=pc_dots,回答名称来自点点AI；正文直接命中是引用帖内字符串核对，不代表热度，也不等于Google事实核验
大城府,餐饮美食,Sun's Son cafe x Bistro,Sun's Son Café x Bistro,咖啡馆,河边小巷,72,1,本轮新增名称候选,,固定实体候选,通过｜新增进入Google候选,下午茶,"360°河景,欧美休闲风音乐,出片",大城府-探店笔记,https://www.xiaohongshu.com/explore/6a379e41000000000d00bc00?xsec_token_redacted=1&xsec_source=pc_dots,回答名称来自点点AI；正文直接命中是引用帖内字符串核对，不代表热度，也不等于Google事实核验
大城府,餐饮美食,The Artisans Ayutthaya,The Artisans Ayutthaya,餐厅与本地美食,河边,72,1,本轮新增名称候选,,固定实体候选,通过｜新增进入Google候选,高端美食,"米其林500+道菜,烤虾/和牛/瓦罐饭惊艳",曼谷大城府，让你惊艳尖叫餐厅,https://www.xiaohongshu.com/explore/67dac6fa000000001d00403a?xsec_token_redacted=1&xsec_source=pc_dots,回答名称来自点点AI；正文直接命中是引用帖内字符串核对，不代表热度，也不等于Google事实核验
大城府,餐饮美食,The Summer House,The Summer House,咖啡馆,南部,72,1,本轮新增名称候选,,固定实体候选,通过｜新增进入Google候选,Sea小海粉丝,"Sea小海同款机位,椰子蛋糕惊艳",大城🇹🇭｜Sea小海同款咖啡厅,https://www.xiaohongshu.com/explore/6a328cb8000000002103fc4d?xsec_token_redacted=1&xsec_source=pc_dots,回答名称来自点点AI；正文直接命中是引用帖内字符串核对，不代表热度，也不等于Google事实核验
大城府,购物商业,Ong Gaan Tolasap Night Market,Ong Gaan Tolasap Night Market,夜市,玛哈泰寺对面,72,2,本轮新增名称候选,,固定实体候选,通过｜新增进入Google候选,美食/本地体验,"规模最大美食最多,本地人为主,价格便宜","第2次到大城府   我的感受是
大城夜游夜市 | 曼谷出发超全攻略","https://www.xiaohongshu.com/explore/66e39aa500000000120119b3?xsec_token_redacted=1&xsec_source=pc_dots
https://www.xiaohongshu.com/explore/667efed7000000001c036aba?xsec_token_redacted=1&xsec_source=pc_dots",回答名称来自点点AI；正文直接命中是引用帖内字符串核对，不代表热度，也不等于Google事实核验
大城府,交通服务,大城府火车站,Ayutthaya Railway Station,火车站,城区中心,72,8,本轮新增名称候选,,固定实体候选,通过｜新增进入Google候选,所有游客,"曼谷往返枢纽,15-50泰铢,班次密集","泰国🇹🇭大城府民宿推荐-罗望子宾馆
大城府两日游，民宿推荐
202508 泰国大城府必经码头 美味烫嘴早点摊
曼谷大城府一日游极简攻略
#游玩攻略[话题]#
1、游玩交通
曼谷｜坐火车从曼谷去大城府一日游
第一步：出","https://www.xiaohongshu.com/explore/69f7262a000000003502687f?xsec_token_redacted=1&xsec_source=pc_dots
https://www.xiaohongshu.com/explore/68d16947000000000e021ae7?xsec_token_redacted=1&xsec_source=pc_dots
https://www.xiaohongshu.com/explore/68a08a6d000000001d00f02b?xsec_token_redacted=1&xsec_source=pc_dots
https://www.xiaohongshu.com/explore/66c0bea2000000000503b577?xsec_token_redacted=1&xsec_source=pc_dots
https://www.xiaohongshu.com/explore/6a8529280000000028004615?xsec_token_redacted=1&xsec_source=pc_dots",回答名称来自点点AI；正文直接命中是引用帖内字符串核对，不代表热度，也不等于Google事实核验
大城府,交通服务,Ayutthaya Train Station Pier,ท่าเทียบเรือสถานีรถไฟอยุธยา,码头,火车站对面小巷,72,4,本轮新增名称候选,,固定实体候选,通过｜新增进入Google候选,过河游客,"10泰铢/人摆渡船,2分钟到对岸","泰国🇹🇭大城府民宿推荐-罗望子宾馆
202508 泰国大城府必经码头 美味烫嘴早点摊
曼谷大城府一日游极简攻略
#游玩攻略[话题]#
1、游玩交通
曼谷｜坐火车从曼谷去大城府一日游
第一步：出","https://www.xiaohongshu.com/explore/69f7262a000000003502687f?xsec_token_redacted=1&xsec_source=pc_dots
https://www.xiaohongshu.com/explore/68a08a6d000000001d00f02b?xsec_token_redacted=1&xsec_source=pc_dots
https://www.xiaohongshu.com/explore/66c0bea2000000000503b577?xsec_token_redacted=1&xsec_source=pc_dots
https://www.xiaohongshu.com/explore/6a8529280000000028004615?xsec_token_redacted=1&xsec_source=pc_dots",回答名称来自点点AI；正文直接命中是引用帖内字符串核对，不代表热度，也不等于Google事实核验
大城府,交通服务,Chao Phrom Market Pier,Chao Phrom Market Pier,码头,河对岸,72,1,本轮新增名称候选,,固定实体候选,通过｜新增进入Google候选,租车/逛市场,"下船即租车店,近古城核心区",曼谷大城府一日游极简攻略,https://www.xiaohongshu.com/explore/66c0bea2000000000503b577?xsec_token_redacted=1&xsec_source=pc_dots,回答名称来自点点AI；正文直接命中是引用帖内字符串核对，不代表热度，也不等于Google事实核验
大城府,交通服务,Minibus Station,Minibus Station Chatuchak,汽车站,曼谷Mo Chit附近,72,2,本轮新增名称候选,,固定实体候选,通过｜新增进入Google候选,曼谷往返,"80泰铢/人,40分钟一班,灵活","从曼谷到大城 正确的打开方式
大城回曼谷必看！一张地图看完立省200🐷","https://www.xiaohongshu.com/explore/6a76b9f500000000260349d3?xsec_token_redacted=1&xsec_source=pc_dots
https://www.xiaohongshu.com/explore/697e237b000000000c0368a9?xsec_token_redacted=1&xsec_source=pc_dots",回答名称来自点点AI；正文直接命中是引用帖内字符串核对，不代表热度，也不等于Google事实核验
大城府,交通服务,December house租车行,December house,租车与自驾服务,河对岸,72,1,本轮新增名称候选,,固定实体候选,通过｜新增进入Google候选,自行车,"60泰铢/天,老板娘态度好,只收30泰铢钥匙费",推荐阿育陀耶的一家租车行,https://www.xiaohongshu.com/explore/695f35e0000000001a02966c?xsec_token_redacted=1&xsec_source=pc_dots,回答名称来自点点AI；正文直接命中是引用帖内字符串核对，不代表热度，也不等于Google事实核验
大城府,餐饮美食,Pastry Architect,Pastry Architect,甜品与烘焙,古城内,72,1,本轮新增名称候选,,固定实体候选,通过｜新增进入Google候选,法式甜点,"L'Amour Rose玫瑰甜点/抹茶流心,安静舒适",​🍰Pastry Architect：大城府必去的法式,https://www.xiaohongshu.com/explore/69889a77000000001d0271d8?xsec_token_redacted=1&xsec_source=pc_dots,回答名称来自点点AI；正文直接命中是引用帖内字符串核对，不代表热度，也不等于Google事实核验
大城府,住宿酒店,Plus hostel ayutthaya,Plus hostel ayutthaya,青年旅舍,中心城区北面,72,1,本轮新增名称候选,,固定实体候选,通过｜新增进入Google候选,背包客,"家庭小院式青旅,包早餐晚餐,可社交",泰国青旅小记（3）大城ayutthaya,https://www.xiaohongshu.com/explore/68726168000000002201f04e?xsec_token_redacted=1&xsec_source=pc_dots,回答名称来自点点AI；正文直接命中是引用帖内字符串核对，不代表热度，也不等于Google事实核验
大城府,住宿酒店,班塔伊王,Baan Tye Wang,民宿,历史公园附近,72,3,本轮新增名称候选,,固定实体候选,通过｜新增进入Google候选,避世/拍照,"安静出片,传统泰式建筑,老年夫妻打理","在大城选一处避世
大城府两日游，民宿推荐
泰国大城府｜被低估的度假胜地","https://www.xiaohongshu.com/explore/68dd5a510000000003010b0a?xsec_token_redacted=1&xsec_source=pc_dots
https://www.xiaohongshu.com/explore/68d16947000000000e021ae7?xsec_token_redacted=1&xsec_source=pc_dots
https://www.xiaohongshu.com/explore/68b0742d000000001d01fbff?xsec_token_redacted=1&xsec_source=pc_dots",回答名称来自点点AI；正文直接命中是引用帖内字符串核对，不代表热度，也不等于Google事实核验
大城府,住宿酒店,罗望子民宿,Tamarind Guesthouse,民宿,玛哈泰寺对面,72,2,本轮新增名称候选,,固定实体候选,通过｜新增进入Google候选,预算有限,"百元价格,近玛哈泰寺和夜市,老板热情","大城府住宿推荐，罗望子民宿
泰国🇹🇭大城府民宿推荐-罗望子宾馆","https://www.xiaohongshu.com/explore/6a463cd300000000060350ba?xsec_token_redacted=1&xsec_source=pc_dots
https://www.xiaohongshu.com/explore/69f7262a000000003502687f?xsec_token_redacted=1&xsec_source=pc_dots",回答名称来自点点AI；正文直接命中是引用帖内字符串核对，不代表热度，也不等于Google事实核验
大城府,住宿酒店,Ayutthaya Retreat,Ayutthaya Retreat,度假村,Ban Pom,72,1,本轮新增名称候选,,固定实体候选,通过｜新增进入Google候选,下午茶/拍照,"泰式古典木屋+庭院,水上用餐体验",大城府-泰式传统菜，可以去尝尝哦,https://www.xiaohongshu.com/explore/6a622c8f0000000010028e58?xsec_token_redacted=1&xsec_source=pc_dots,回答名称来自点点AI；正文直接命中是引用帖内字符串核对，不代表热度，也不等于Google事实核验
大城府,住宿酒店,Baan Sawhangsilp,บ้านสว่างศิลป์@อยุธยา,民宿,玛哈泰寺和火车站中间,72,1,本轮新增名称候选,,固定实体候选,通过｜新增进入Google候选,方便出行,"位置居中,近minibus,房间干净",大城府两日游，民宿推荐,https://www.xiaohongshu.com/explore/68d16947000000000e021ae7?xsec_token_redacted=1&xsec_source=pc_dots,回答名称来自点点AI；正文直接命中是引用帖内字符串核对，不代表热度，也不等于Google事实核验
大城府,住宿酒店,Bigcountry Villa,Bigcountry Villa,民宿,古城内,72,1,本轮新增名称候选,,固定实体候选,通过｜新增进入Google候选,家庭/团体,"泰式别墅风格,房间大,挑高高",大城府,https://www.xiaohongshu.com/explore/6a75ec1b000000000801088f?xsec_token_redacted=1&xsec_source=pc_dots,回答名称来自点点AI；正文直接命中是引用帖内字符串核对，不代表热度，也不等于Google事实核验
大城府,住宿酒店,Kunst Ayuttaya,Kunst Ayuttaya,酒店,红砖咖啡馆楼上,72,1,本轮新增名称候选,,固定实体候选,通过｜新增进入Google候选,设计爱好者,"红砖设计师酒店,4间客房精致",Kunst Ayuttaya｜住在大城府红砖咖啡馆楼上,https://www.xiaohongshu.com/explore/693a668d000000001e00cddf?xsec_token_redacted=1&xsec_source=pc_dots,回答名称来自点点AI；正文直接命中是引用帖内字符串核对，不代表热度，也不等于Google事实核验
大城府,住宿酒店,Ruen Tubtim Resort,Ruen Tubtim Hotel 24/2 Koh Loy,民宿,Koh Loy岛,72,2,本轮新增名称候选,,固定实体候选,通过｜新增进入Google候选,情侣/避世,"泰式传统木屋,需坐船进出,安静河畔体验","🇹🇭 大城| 人均一百多住进传统泰式木屋
大城府 我住到了泰式传统木屋","https://www.xiaohongshu.com/explore/6966129d000000000c0373e6?xsec_token_redacted=1&xsec_source=pc_dots
https://www.xiaohongshu.com/explore/6a8545e90000000029032a1f?xsec_token_redacted=1&xsec_source=pc_dots",回答名称来自点点AI；正文直接命中是引用帖内字符串核对，不代表热度，也不等于Google事实核验
大城府,住宿酒店,Sala Ayutthaya,Sala Ayutthaya,酒店,临河,72,1,本轮新增名称候选,,固定实体候选,通过｜新增进入Google候选,高端/亲子,"河景寺庙景观,早餐丰富,拍照出片",📍自信点，大城府酒店推荐， 没有之一,https://www.xiaohongshu.com/explore/691c93260000000019025f16?xsec_token_redacted=1&xsec_source=pc_dots,回答名称来自点点AI；正文直接命中是引用帖内字符串核对，不代表热度，也不等于Google事实核验
大城府,住宿酒店,Tony's Place Ayutthaya,Tony's Place Ayutthaya,民宿,古城内,72,1,本轮新增名称候选,,固定实体候选,通过｜新增进入Google候选,预算有限,"兰纳风格木屋,百元价格,独立卫浴",泰国大城府百元民宿,https://www.xiaohongshu.com/explore/6a7ea7f600000000240265eb?xsec_token_redacted=1&xsec_source=pc_dots,回答名称来自点点AI；正文直接命中是引用帖内字符串核对，不代表热度，也不等于Google事实核验
董里府,购物商业,Center Point Night Market,Center Point Night Market,夜市,火车站旁,42,3,本轮新增名称候选,,固定实体候选,通过｜新增进入Google候选,想体验当地夜生活的游客,"当地人夜市,食物地道便宜,烤串/炸鸡/芒果糯米饭","🇹🇭董里Trang 超平价的住宿
🇹🇭董里必逛夜市！本地人都在逛
董里夜市","https://www.xiaohongshu.com/explore/6912b337000000000402102e?xsec_token_redacted=1&xsec_source=pc_dots
https://www.xiaohongshu.com/explore/6999a4c0000000000a03259b?xsec_token_redacted=1&xsec_source=pc_dots
https://www.xiaohongshu.com/explore/65c7319a000000002d002757?xsec_token_redacted=1&xsec_source=pc_dots",回答名称来自点点AI；正文直接命中是引用帖内字符串核对，不代表热度，也不等于Google事实核验
董里府,购物商业,Cinta夜市,Cinta Night Market,夜市,市区,42,1,本轮新增名称候选,,固定实体候选,通过｜新增进入Google候选,想逛干净夜市的游客,"干净整洁,美食不算多",董里夜市,https://www.xiaohongshu.com/explore/65c7319a000000002d002757?xsec_token_redacted=1&xsec_source=pc_dots,回答名称来自点点AI；正文直接命中是引用帖内字符串核对，不代表热度，也不等于Google事实核验
董里府,购物商业,Robinson夜市,Robinson Night Market,夜市,Robinson商场旁,42,1,本轮新增名称候选,,固定实体候选,通过｜新增进入Google候选,想逛夜市的游客,"木瓜沙拉、甘蔗汁、烤鸡肉串,便宜好吃",董里府Trang一个被时光温柔以待的隐士,https://www.xiaohongshu.com/explore/684318ff0000000022025467?xsec_token_redacted=1&xsec_source=pc_dots,回答名称来自点点AI；正文直接命中是引用帖内字符串核对，不代表热度，也不等于Google事实核验
董里府,景点观光,Emerald Cave,Emerald Cave,自然景观与户外,西海岸,42,3,本轮新增名称候选,,固定实体候选,通过｜新增进入Google候选,喜欢浮潜探险的游客,"需扶绳游进洞穴,洞内风景别有洞天","一张图看懂董里的岛怎么玩
董里四岛｜泰南冷门海岛群一日游体验测评
安达曼小众岛屿——奈岛Nai","https://www.xiaohongshu.com/explore/67430b4200000000070280a1?xsec_token_redacted=1&xsec_source=pc_dots
https://www.xiaohongshu.com/explore/683343ab0000000023017b9a?xsec_token_redacted=1&xsec_source=pc_dots
https://www.xiaohongshu.com/explore/69c9fffd0000000021005ed8?xsec_token_redacted=1&xsec_source=pc_dots",回答名称来自点点AI；正文直接命中是引用帖内字符串核对，不代表热度，也不等于Google事实核验
董里府,交通服务,Hat Yao Pier,Hat Yao Pier,码头,长滩,42,2,本轮新增名称候选,,固定实体候选,通过｜新增进入Google候选,去利邦岛的游客,"长尾船8:00-17:00,40泰铢/单程,30分钟到利邦岛","🇹🇭 泰国董里 | 99%游客不知道的宝藏
一张图看懂董里的岛怎么玩","https://www.xiaohongshu.com/explore/698f1beb000000001a028c27?xsec_token_redacted=1&xsec_source=pc_dots
https://www.xiaohongshu.com/explore/67430b4200000000070280a1?xsec_token_redacted=1&xsec_source=pc_dots",回答名称来自点点AI；正文直接命中是引用帖内字符串核对，不代表热度，也不等于Google事实核验
董里府,交通服务,Khuan Tung Ku Pier,Khuan Tung Ku Pier,码头,甘当区,42,2,本轮新增名称候选,,固定实体候选,通过｜新增进入Google候选,自驾游客,"有停车场,可乘船去穆岛等","🇹🇭 泰国董里 | 99%游客不知道的宝藏
一张图看懂董里的岛怎么玩","https://www.xiaohongshu.com/explore/698f1beb000000001a028c27?xsec_token_redacted=1&xsec_source=pc_dots
https://www.xiaohongshu.com/explore/67430b4200000000070280a1?xsec_token_redacted=1&xsec_source=pc_dots",回答名称来自点点AI；正文直接命中是引用帖内字符串核对，不代表热度，也不等于Google事实核验
董里府,交通服务,Pak Meng Pier,Pak Meng Pier,码头,市区,42,2,本轮新增名称候选,,固定实体候选,通过｜新增进入Google候选,去董里四岛的游客,"有出海旅游公司,可租船去各岛","一张图看懂董里的岛怎么玩
超级适合度假的奈岛⛱️","https://www.xiaohongshu.com/explore/67430b4200000000070280a1?xsec_token_redacted=1&xsec_source=pc_dots
https://www.xiaohongshu.com/explore/6708b6da000000001a021d67?xsec_token_redacted=1&xsec_source=pc_dots",回答名称来自点点AI；正文直接命中是引用帖内字符串核对，不代表热度，也不等于Google事实核验
董里府,住宿酒店,7seas,7seas,酒店,东岸沙滩,42,1,本轮新增名称候选,,固定实体候选,通过｜新增进入Google候选,想住宽敞房间的游客,"房间宽大,岛上只有6-7家酒店",董里克雷登岛简明攻略,https://www.xiaohongshu.com/explore/67ad63ce000000001902e476?xsec_token_redacted=1&xsec_source=pc_dots,回答名称来自点点AI；正文直接命中是引用帖内字符串核对，不代表热度，也不等于Google事实核验
董里府,餐饮美食,Café Amazon Trang,Café Amazon Trang,咖啡馆,Thap Thiang区,42,1,本轮新增名称候选,,固定实体候选,通过｜新增进入Google候选,需要提神的中国游客,06:30-20:00营业,𝐂𝐚𝐟é 𝐀𝐦𝐚𝐳𝐨𝐧 𝐓𝐫𝐚𝐧𝐠董里｜🇹🇭,https://www.xiaohongshu.com/explore/67a9fc170000000018006e95?xsec_token_redacted=1&xsec_source=pc_dots,回答名称来自点点AI；正文直接命中是引用帖内字符串核对，不代表热度，也不等于Google事实核验
董里府,住宿酒店,Chang Residence Trang,Chang Residence Trang,酒店,市区,42,1,本轮新增名称候选,,固定实体候选,通过｜新增进入Google候选,性价比优先的中国游客,"3人1晚1000泰铢,人均300泰铢",🇹🇭4天3夜 董里宋卡合艾 Part 1️⃣💛,https://www.xiaohongshu.com/explore/6a4fa458000000000e021800?xsec_token_redacted=1&xsec_source=pc_dots,回答名称来自点点AI；正文直接命中是引用帖内字符串核对，不代表热度，也不等于Google事实核验
董里府,住宿酒店,Coco Cottage,Coco Cottage,度假村,东侧海滩,42,2,本轮新增名称候选,,固定实体候选,通过｜新增进入Google候选,预算有限但追求品质的游客,"价格可以,服务好,欢迎饮料好喝","📒泰国董里旅游攻略
99%中国人都没来过的泰国奈岛","https://www.xiaohongshu.com/explore/6890b04f0000000025022012?xsec_token_redacted=1&xsec_source=pc_dots
https://www.xiaohongshu.com/explore/67e00b5e000000001d03bbc0?xsec_token_redacted=1&xsec_source=pc_dots",回答名称来自点点AI；正文直接命中是引用帖内字符串核对，不代表热度，也不等于Google事实核验
董里府,住宿酒店,Fantasy Resort,Fantasy Resort,度假村,东侧海滩,42,1,本轮新增名称候选,,固定实体候选,通过｜新增进入Google候选,想住知名酒店的游客,岛上较出名的酒店之一,📒泰国董里旅游攻略,https://www.xiaohongshu.com/explore/6890b04f0000000025022012?xsec_token_redacted=1&xsec_source=pc_dots,回答名称来自点点AI；正文直接命中是引用帖内字符串核对，不代表热度，也不等于Google事实核验
董里府,餐饮美食,Gary 18 Cafe,Gary 18 Cafe,咖啡馆,市区,42,1,本轮新增名称候选,,固定实体候选,通过｜新增进入Google候选,想拍照休息的游客,"环境好适合拍照,咖啡一般",不想去普吉人挤人？我去了董里：泡酒店+跳岛,https://www.xiaohongshu.com/explore/699ff818000000002603319a?xsec_token_redacted=1&xsec_source=pc_dots,回答名称来自点点AI；正文直接命中是引用帖内字符串核对，不代表热度，也不等于Google事实核验
董里府,住宿酒店,Green Hotel,Green Hotel,酒店,东侧海滩,42,1,本轮新增名称候选,,固定实体候选,通过｜新增进入Google候选,注重环境的游客,"整体环境好,工作人员有耐心",超级适合度假的奈岛⛱️,https://www.xiaohongshu.com/explore/6708b6da000000001a021d67?xsec_token_redacted=1&xsec_source=pc_dots,回答名称来自点点AI；正文直接命中是引用帖内字符串核对，不代表热度，也不等于Google事实核验
董里府,住宿酒店,Kachonghills Tented Resort Trang,Kachonghills Tented Resort Trang,帐篷度假村,卡昌山,42,3,本轮新增名称候选,,固定实体候选,通过｜新增进入Google候选,亲子/情侣度假,"山景泳池套房,迷你吧畅享,有瀑布和森林公园","不想去普吉人挤人？我去了董里：泡酒店+跳岛
⛰️泰国董里，把童年还给山野
🏕️卡昌山｜住进帐篷，过一天神仙日子","https://www.xiaohongshu.com/explore/699ff818000000002603319a?xsec_token_redacted=1&xsec_source=pc_dots
https://www.xiaohongshu.com/explore/6a3e1945000000001503d20e?xsec_token_redacted=1&xsec_source=pc_dots
https://www.xiaohongshu.com/explore/6a3e1750000000001700bec9?xsec_token_redacted=1&xsec_source=pc_dots",回答名称来自点点AI；正文直接命中是引用帖内字符串核对，不代表热度，也不等于Google事实核验
董里府,餐饮美食,Kim Restaurant,Kim Restaurant,泰式与本地餐厅,火车站附近,42,3,本轮新增名称候选,,固定实体候选,通过｜新增进入Google候选,想尝试当地美食的中国游客,"冬阴功汤、炒花甲、鱼肚炒海鲜,17:30-22:30营业","不想去普吉人挤人？我去了董里：泡酒店+跳岛
董里印度菜
泰国🇹🇭董里","https://www.xiaohongshu.com/explore/699ff818000000002603319a?xsec_token_redacted=1&xsec_source=pc_dots
https://www.xiaohongshu.com/explore/66b74b9a00000000050209e5?xsec_token_redacted=1&xsec_source=pc_dots
https://www.xiaohongshu.com/explore/65dc1b70000000000702765f?xsec_token_redacted=1&xsec_source=pc_dots",回答名称来自点点AI；正文直接命中是引用帖内字符串核对，不代表热度，也不等于Google事实核验
董里府,住宿酒店,Koh Mook Sivalai Beach Resort,Koh Mook Sivalai Beach Resort,度假村,东海岸,42,1,本轮新增名称候选,,固定实体候选,通过｜新增进入Google候选,追求私密海滩的中国游客,"岛上唯一有私人海滩的酒店,海景别墅视角好",📒泰国董里旅游攻略,https://www.xiaohongshu.com/explore/6890b04f0000000025022012?xsec_token_redacted=1&xsec_source=pc_dots,回答名称来自点点AI；正文直接命中是引用帖内字符串核对，不代表热度，也不等于Google事实核验
董里府,住宿酒店,Koh Ngai Resort,Koh Ngai Resort,度假村,东侧海滩,42,2,本轮新增名称候选,,固定实体候选,通过｜新增进入Google候选,想住独立海滩的游客,"独立海滩比大海滩干净,但房间旧,避雷801房间","🇹🇭董里甲米｜koh ngai奈岛吃喝住行全攻略
超级适合度假的奈岛⛱️","https://www.xiaohongshu.com/explore/65d039da000000000b023883?xsec_token_redacted=1&xsec_source=pc_dots
https://www.xiaohongshu.com/explore/6708b6da000000001a021d67?xsec_token_redacted=1&xsec_source=pc_dots",回答名称来自点点AI；正文直接命中是引用帖内字符串核对，不代表热度，也不等于Google事实核验
董里府,餐饮美食,Krua Trang,Krua Trang,泰式与本地餐厅,Makro方向,42,1,本轮新增名称候选,,固定实体候选,通过｜新增进入Google候选,路过想吃饭的游客,泰国菜味道不错,董里印度菜,https://www.xiaohongshu.com/explore/66b74b9a00000000050209e5?xsec_token_redacted=1&xsec_source=pc_dots,回答名称来自点点AI；正文直接命中是引用帖内字符串核对，不代表热度，也不等于Google事实核验
董里府,住宿酒店,Madee Spa & Resort,Madee Spa & Resort,度假村,市区,42,1,本轮新增名称候选,,固定实体候选,通过｜新增进入Google候选,喜欢安静干净的中国游客,"小而精美,有泳池和按摩服务",Trang 董里CP值很高的酒店,https://www.xiaohongshu.com/explore/68c6dc99000000001d0152a4?xsec_token_redacted=1&xsec_source=pc_dots,回答名称来自点点AI；正文直接命中是引用帖内字符串核对，不代表热度，也不等于Google事实核验
董里府,餐饮美食,MahaSamutr Cafe,MahaSamutr Cafe,海鲜餐厅兼咖啡馆,市区,42,1,本轮新增名称候选,,固定实体候选,通过｜新增进入Google候选,想吃海鲜的游客,"海鲜新鲜,鱿鱼辣汤特别辣",董里克雷登岛简明攻略,https://www.xiaohongshu.com/explore/67ad63ce000000001902e476?xsec_token_redacted=1&xsec_source=pc_dots,回答名称来自点点AI；正文直接命中是引用帖内字符串核对，不代表热度，也不等于Google事实核验
董里府,住宿酒店,Mayalay Resort,Mayalay Resort,度假村,东侧海滩,42,1,本轮新增名称候选,,固定实体候选,通过｜新增进入Google候选,喜欢独栋木屋的游客,"独栋小木屋有特色,出门就是海,淡季400元左右",📒泰国董里旅游攻略,https://www.xiaohongshu.com/explore/6890b04f0000000025022012?xsec_token_redacted=1&xsec_source=pc_dots,回答名称来自点点AI；正文直接命中是引用帖内字符串核对，不代表热度，也不等于Google事实核验
董里府,住宿酒店,My Friends Hotel,My Friends Hotel,酒店,火车站附近,42,1,本轮新增名称候选,,固定实体候选,通过｜新增进入Google候选,预算有限的中国游客,"步行2分钟到火车站夜市,房间大干净,空调足",🇹🇭董里Trang 超平价的住宿,https://www.xiaohongshu.com/explore/6912b337000000000402102e?xsec_token_redacted=1&xsec_source=pc_dots,回答名称来自点点AI；正文直接命中是引用帖内字符串核对，不代表热度，也不等于Google事实核验
董里府,餐饮美食,Plubpla Thai Chiense Restaurant,Plubpla Thai Chiense Restaurant,泰式与本地餐厅,Trap Thiang区,42,1,本轮新增名称候选,,固定实体候选,通过｜新增进入Google候选,喜欢复古环境的游客,"黑胶唱片音乐环绕,老板超Nice,送免费果盘",又挖到一家宝藏餐厅🍴|🇹🇭董里Trang,https://www.xiaohongshu.com/explore/65de102d0000000001028b44?xsec_token_redacted=1&xsec_source=pc_dots,回答名称来自点点AI；正文直接命中是引用帖内字符串核对，不代表热度，也不等于Google事实核验
董里府,住宿酒店,Rua Rasada Hotel,Rua Rasada Hotel,酒店,市区,42,1,本轮新增名称候选,,固定实体候选,通过｜新增进入Google候选,追求便利的中国游客,"董里最大酒店,有泳池健身房,公区气派",泰国小众城市董里,https://www.xiaohongshu.com/explore/68e4985e0000000003038162?xsec_token_redacted=1&xsec_source=pc_dots,回答名称来自点点AI；正文直接命中是引用帖内字符串核对，不代表热度，也不等于Google事实核验
董里府,餐饮美食,Ruean Thai Dim Sum,เรือนไทยติ่มซํา,早餐与早午餐,市区,42,1,本轮新增名称候选,,固定实体候选,通过｜新增进入Google候选,喜欢早茶的中国游客,"油条配甜酱、叉烧包,520泰铢一大桌",董里早茶惊喜发现 🫖🍴｜Ruean Thai Dim Sum,https://www.xiaohongshu.com/explore/68a46be0000000001c0046f6?xsec_token_redacted=1&xsec_source=pc_dots,回答名称来自点点AI；正文直接命中是引用帖内字符串核对，不代表热度，也不等于Google事实核验
董里府,餐饮美食,The Pier 88,The Pier 88,泰式与本地餐厅,Rua Rasada酒店内,42,1,本轮新增名称候选,,固定实体候选,通过｜新增进入Google候选,住Rua Rasada酒店的游客,"椰奶鸡汤+红烧肉配饭绝配,人均150RMB",不想去普吉人挤人？我去了董里：泡酒店+跳岛,https://www.xiaohongshu.com/explore/699ff818000000002603319a?xsec_token_redacted=1&xsec_source=pc_dots,回答名称来自点点AI；正文直接命中是引用帖内字符串核对，不代表热度，也不等于Google事实核验
董里府,餐饮美食,Turn Back Time,Turn Back Time (Indian Cuisine),印度餐厅,Khok Lo区,42,1,本轮新增名称候选,,固定实体候选,通过｜新增进入Google候选,想换口味的中国游客,"北印度菜,18:30打烊,需提前电话确认",董里印度菜,https://www.xiaohongshu.com/explore/66b74b9a00000000050209e5?xsec_token_redacted=1&xsec_source=pc_dots,回答名称来自点点AI；正文直接命中是引用帖内字符串核对，不代表热度，也不等于Google事实核验
董里府,餐饮美食,อยู่แต่สวน คาเฟ่,อยู่แต่สวน คาเฟ่,景观咖啡馆,市区4公里外,42,1,本轮新增名称候选,,固定实体候选,通过｜新增进入Google候选,想体验特色咖啡的游客,"树林中小木屋,旁边有小溪流",董里府可以睡觉的咖啡厅,https://www.xiaohongshu.com/explore/65c05b78000000001100c5fc?xsec_token_redacted=1&xsec_source=pc_dots,回答名称来自点点AI；正文直接命中是引用帖内字符串核对，不代表热度，也不等于Google事实核验
呵叻府,餐饮美食,Bucolic Khao Yai,Bucolic Khaoyai,咖啡馆/牧场,北冲县,55,3,本轮新增名称候选,,固定实体候选,通过｜新增进入Google候选,拍照打卡,"田园牧场风咖啡厅,有mini zoo可喂绵羊","泰国小瑞士！考艾3天2夜自驾之旅
五一不知道去哪？那你应该看看泰国巴冲
考艾4天3晚攻略～ （下篇）","https://www.xiaohongshu.com/explore/6a509ae8000000002201b49f?xsec_token_redacted=1&xsec_source=pc_dots
https://www.xiaohongshu.com/explore/69b97d18000000001d019312?xsec_token_redacted=1&xsec_source=pc_dots
https://www.xiaohongshu.com/explore/6995f441000000000a03f007?xsec_token_redacted=1&xsec_source=pc_dots",回答名称来自点点AI；正文直接命中是引用帖内字符串核对，不代表热度，也不等于Google事实核验
呵叻府,餐饮美食,Cook & Coff @Khlong Phai,Cook & Coff @Khlong Phai,餐厅/咖啡馆,北冲县,55,1,本轮新增名称候选,,固定实体候选,通过｜新增进入Google候选,休闲游客,"坐落在Lam Takhong水库旁,泰北风味料理",考艾｜可以眺望水库的泰北料理餐厅,https://www.xiaohongshu.com/explore/69b6aa41000000002102fd2a?xsec_token_redacted=1&xsec_source=pc_dots,回答名称来自点点AI；正文直接命中是引用帖内字符串核对，不代表热度，也不等于Google事实核验
呵叻府,餐饮美食,Dairy Home,Dairy Home Khao Yai,餐厅/甜品店,北冲县,55,1,本轮新增名称候选,,固定实体候选,通过｜新增进入Google候选,亲子家庭,"泰国最好喝牛奶品牌,有餐厅+冰淇淋店",泰国考艾亲子攻略｜自然×农场×美食一次满足,https://www.xiaohongshu.com/explore/695cb06f000000001a023951?xsec_token_redacted=1&xsec_source=pc_dots,回答名称来自点点AI；正文直接命中是引用帖内字符串核对，不代表热度，也不等于Google事实核验
呵叻府,餐饮美食,Kemon Alpaca Khao Yai,เคมง อัลปาก้า เขาใหญ่,动物园/咖啡馆,考艾,29,1,本轮新增名称候选,,固定实体候选,通过｜新增进入Google候选,亲子/情侣,喂羊驼绵羊、欧式庄园拍照、山景咖啡,来泰国考艾的友友们 快来这里喂羊驼🦙,https://www.xiaohongshu.com/explore/6a6c8455000000002500f1ef?xsec_token_redacted=1&xsec_source=pc_dots,回答名称来自点点AI；正文直接命中是引用帖内字符串核对，不代表热度，也不等于Google事实核验
呵叻府,餐饮美食,Khao Yai Tree House,Khao Yai Tree House,餐厅与本地美食,北冲县,55,1,本轮新增名称候选,,固定实体候选,通过｜新增进入Google候选,拍照打卡,"建在树上的树屋餐厅,现实版暮光之城",五一不知道去哪？那你应该看看泰国巴冲,https://www.xiaohongshu.com/explore/69b97d18000000001d019312?xsec_token_redacted=1&xsec_source=pc_dots,回答名称来自点点AI；正文直接命中是引用帖内字符串核对，不代表热度，也不等于Google事实核验
呵叻府,餐饮美食,LAMAYA KHAOYAI,LAMAYA KHAOYAI,餐厅与本地美食,北冲县,55,1,本轮新增名称候选,,固定实体候选,通过｜新增进入Google候选,拍照打卡,"玛雅部落美学设计,晚上有灯光秀和烟火表演",泰国考艾亲子攻略｜自然×农场×美食一次满足,https://www.xiaohongshu.com/explore/695cb06f000000001a023951?xsec_token_redacted=1&xsec_source=pc_dots,回答名称来自点点AI；正文直接命中是引用帖内字符串核对，不代表热度，也不等于Google事实核验
呵叻府,餐饮美食,Midwinter Green,Midwinter Green Khao Yai,咖啡馆/餐厅,北冲县,55,1,本轮新增名称候选,,固定实体候选,通过｜新增进入Google候选,拍照打卡,"欧式城堡外观+全玻璃温室,米其林推荐",假装在意大利！曼谷2h直达的“小欧洲”,https://www.xiaohongshu.com/explore/6a043382000000000702b54f?xsec_token_redacted=1&xsec_source=pc_dots,回答名称来自点点AI；正文直接命中是引用帖内字符串核对，不代表热度，也不等于Google事实核验
呵叻府,餐饮美食,Ribs Mannn,Ribs Mannn,餐厅与本地美食,北冲县,55,1,本轮新增名称候选,,固定实体候选,通过｜新增进入Google候选,牛排爱好者,"牛排煎得很嫩,人均300-400泰铢",五一不知道去哪？那你应该看看泰国巴冲,https://www.xiaohongshu.com/explore/69b97d18000000001d019312?xsec_token_redacted=1&xsec_source=pc_dots,回答名称来自点点AI；正文直接命中是引用帖内字符串核对，不代表热度，也不等于Google事实核验
呵叻府,餐饮美食,SAAN Cafe Khaoyai,SAAN Cafe Khaoyai / สานคาเฟ่,咖啡馆,北冲县,55,1,本轮新增名称候选,,固定实体候选,通过｜新增进入Google候选,休闲游客,"农场到table概念,有新鲜蔬菜和蜜瓜售卖",SAAN Cafe Khaoyai สานคาเฟ่ ｜ 考艾咖啡馆,https://www.xiaohongshu.com/explore/69096a82000000000402afc1?xsec_token_redacted=1&xsec_source=pc_dots,回答名称来自点点AI；正文直接命中是引用帖内字符串核对，不代表热度，也不等于Google事实核验
呵叻府,餐饮美食,Serina Italian Restaurant,Serina Italian Restaurant,国际风味餐厅,北冲县,55,1,本轮新增名称候选,,固定实体候选,通过｜新增进入Google候选,意餐爱好者,"传统意大利料理,蘑菇烩饭出色",Khao Yai｜泰国考艾7个宝藏景点+餐厅+住宿,https://www.xiaohongshu.com/explore/6a7dcfc5000000000c003001?xsec_token_redacted=1&xsec_source=pc_dots,回答名称来自点点AI；正文直接命中是引用帖内字符串核对，不代表热度，也不等于Google事实核验
呵叻府,餐饮美食,The Chocolate Factory,The Chocolate Factory Khao Yai,咖啡馆/甜品店,北冲县,55,1,本轮新增名称候选,,固定实体候选,通过｜新增进入Google候选,甜品爱好者,工业风巧克力工坊,假装在意大利！曼谷2h直达的“小欧洲”,https://www.xiaohongshu.com/explore/6a043382000000000702b54f?xsec_token_redacted=1&xsec_source=pc_dots,回答名称来自点点AI；正文直接命中是引用帖内字符串核对，不代表热度，也不等于Google事实核验
呵叻府,餐饮美食,Trot Cafe Khaoyai,Trot Cafe Khaoyai,咖啡馆,北冲县,55,3,本轮新增名称候选,,固定实体候选,通过｜新增进入Google候选,拍照打卡,"复古小汽车主题,可骑马、荡秋千","考艾两天旅游攻略
泰国小瑞士！考艾3天2夜自驾之旅
泰国考艾亲子攻略｜自然×农场×美食一次满足","https://www.xiaohongshu.com/explore/6a6ddcec0000000024025804?xsec_token_redacted=1&xsec_source=pc_dots
https://www.xiaohongshu.com/explore/6a509ae8000000002201b49f?xsec_token_redacted=1&xsec_source=pc_dots
https://www.xiaohongshu.com/explore/695cb06f000000001a023951?xsec_token_redacted=1&xsec_source=pc_dots",回答名称来自点点AI；正文直接命中是引用帖内字符串核对，不代表热度，也不等于Google事实核验
呵叻府,餐饮美食,Within Khao Yai,Within Khao Yai,咖啡馆,北冲县,55,1,本轮新增名称候选,,固定实体候选,通过｜新增进入Google候选,休闲游客,英伦庭院风格咖啡店,周末逃离曼谷|🐑130km直达“瑞士牧场“,https://www.xiaohongshu.com/explore/69cb970f000000001b021dcc?xsec_token_redacted=1&xsec_source=pc_dots,回答名称来自点点AI；正文直接命中是引用帖内字符串核对，不代表热度，也不等于Google事实核验
呵叻府,餐饮美食,Yellow Submarine Coffee Tank,Yellow Submarine Coffee Tank,咖啡馆,北冲县,55,1,本轮新增名称候选,,固定实体候选,通过｜新增进入Google候选,建筑爱好者,"粗野主义工业风建筑,藏在森林里的""黑色潜水艇""",审美提升｜100家设计师私藏咖啡馆・考艾,https://www.xiaohongshu.com/explore/69705511000000000a029134?xsec_token_redacted=1&xsec_source=pc_dots,回答名称来自点点AI；正文直接命中是引用帖内字符串核对，不代表热度，也不等于Google事实核验
呵叻府,餐饮美食,Yungkhaow Khao Yai,Yungkhaow Khao Yai / ยุ้งข้าว เขาใหญ่,餐厅与本地美食,北冲县,55,3,本轮新增名称候选,,固定实体候选,通过｜新增进入Google候选,美食爱好者,"米其林必比登推介,泰南菜天花板","考艾国家公园｜傍晚徒步看到公牛喝水
泰国小瑞士！考艾3天2夜自驾之旅
来到考艾（Khao Yai），必吃米其林！","https://www.xiaohongshu.com/explore/6a6b1cc00000000032032db6?xsec_token_redacted=1&xsec_source=pc_dots
https://www.xiaohongshu.com/explore/6a509ae8000000002201b49f?xsec_token_redacted=1&xsec_source=pc_dots
https://www.xiaohongshu.com/explore/69745684000000002103dad3?xsec_token_redacted=1&xsec_source=pc_dots",回答名称来自点点AI；正文直接命中是引用帖内字符串核对，不代表热度，也不等于Google事实核验
呵叻府,交通服务,呵叻火车站,Nakhon Ratchasima Railway Station,交通节点,呵叻市区,55,1,本轮新增名称候选,,固定实体候选,通过｜新增进入Google候选,公共交通游客,"从曼谷乘火车可到达,转车去披迈石宫",素林出发披迈石宫，值得一去吗？,https://www.xiaohongshu.com/explore/6644752f000000001e033103?xsec_token_redacted=1&xsec_source=pc_dots,回答名称来自点点AI；正文直接命中是引用帖内字符串核对，不代表热度，也不等于Google事实核验
呵叻府,休闲娱乐,促猜农场,Farm Chokchai / ฟาร์มโชคชัย,亲子乐园与动物体验,北冲县,55,6,本轮新增名称候选,,固定实体候选,通过｜新增进入Google候选,亲子家庭,"泰国最大休闲牧场,可喂小牛、挤牛奶、看牛仔表演","泰国考艾亲子攻略｜自然×农场×美食一次满足
Khao Yai｜泰国考艾7个宝藏景点+餐厅+住宿
泰国🇹🇭考艾 3天2晚自由行攻略
曼谷出发2.5h🚗考艾促猜农场🐏
🇹🇭考艾-曼谷周边一日往返农场遛娃🐑🐄","https://www.xiaohongshu.com/explore/695cb06f000000001a023951?xsec_token_redacted=1&xsec_source=pc_dots
https://www.xiaohongshu.com/explore/6a7dcfc5000000000c003001?xsec_token_redacted=1&xsec_source=pc_dots
https://www.xiaohongshu.com/explore/6985c506000000000d00a373?xsec_token_redacted=1&xsec_source=pc_dots
https://www.xiaohongshu.com/explore/6a92e46f000000002903ccb4?xsec_token_redacted=1&xsec_source=pc_dots
https://www.xiaohongshu.com/explore/692dd4ee000000001e0358f2?xsec_token_redacted=1&xsec_source=pc_dots",回答名称来自点点AI；正文直接命中是引用帖内字符串核对，不代表热度，也不等于Google事实核验
呵叻府,景点观光,考艾国家公园北门入口,Khao Yai National Park Checkpoint - Pak Chong,国家公园入口,北大门,55,2,本轮新增名称候选,,固定实体候选,通过｜新增进入Google候选,自驾游客,"从巴冲方向进入,主入口之一","泰国考艾国家公园 移动风景线之公路
泰国考艾国家公园两天一夜自驾行程攻略","https://www.xiaohongshu.com/explore/68b5adfe000000001b03c787?xsec_token_redacted=1&xsec_source=pc_dots
https://www.xiaohongshu.com/explore/6a1934430000000036001d5d?xsec_token_redacted=1&xsec_source=pc_dots",回答名称来自点点AI；正文直接命中是引用帖内字符串核对，不代表热度，也不等于Google事实核验
呵叻府,景点观光,考艾国家公园南门入口,Khao Yai National Park Checkpoint (Prachinburi Side),国家公园入口,南大门,55,2,本轮新增名称候选,,固定实体候选,通过｜新增进入Google候选,自驾游客,"从巴真府方向进入,可穿越整个公园从北门出","泰国考艾国家公园 移动风景线之公路
泰国考艾国家公园两天一夜自驾行程攻略","https://www.xiaohongshu.com/explore/68b5adfe000000001b03c787?xsec_token_redacted=1&xsec_source=pc_dots
https://www.xiaohongshu.com/explore/6a1934430000000036001d5d?xsec_token_redacted=1&xsec_source=pc_dots",回答名称来自点点AI；正文直接命中是引用帖内字符串核对，不代表热度，也不等于Google事实核验
呵叻府,公共服务机构,考艾国家公园游客中心,Khao Yai National Park Visitor Center,公共服务与文化机构,公园内部,55,2,本轮新增名称候选,,固定实体候选,通过｜新增进入Google候选,所有游客,领取明信片盖章、预约night safari、徒步起点,"0难度新手必看考艾国家森林公园懒人路线
考艾国家公园😏","https://www.xiaohongshu.com/explore/67f39299000000000900fcba?xsec_token_redacted=1&xsec_source=pc_dots
https://www.xiaohongshu.com/explore/6a1270d800000000060361ec?xsec_token_redacted=1&xsec_source=pc_dots",回答名称来自点点AI；正文直接命中是引用帖内字符串核对，不代表热度，也不等于Google事实核验
呵叻府,景点观光,披迈石宫,Phimai Historical Park / Prasat Phimai,历史遗迹,披迈县,55,8,本轮新增名称候选,,固定实体候选,通过｜新增进入Google候选,历史爱好者,"泰国最大高棉建筑遗迹,被誉为""泰国吴哥窟""","泰国也有“吴哥窟”→泰国最大高棉圣殿
披迈石宫｜泰国藏着一座高棉文明遗珠
当我坐火车从曼谷一路向东北
碧邁遺跡公園Phimai Historical Park呵叻府
呵叻| 跨越国界的文明—披迈石宫","https://www.xiaohongshu.com/explore/6a928688000000002903dbbc?xsec_token_redacted=1&xsec_source=pc_dots
https://www.xiaohongshu.com/explore/6a2f1a7f0000000016027208?xsec_token_redacted=1&xsec_source=pc_dots
https://www.xiaohongshu.com/explore/69b4e6a6000000001a036776?xsec_token_redacted=1&xsec_source=pc_dots
https://www.xiaohongshu.com/explore/66c85df9000000001f03af0f?xsec_token_redacted=1&xsec_source=pc_dots
https://www.xiaohongshu.com/explore/6a32ac9700000000160264c1?xsec_token_redacted=1&xsec_source=pc_dots",回答名称来自点点AI；正文直接命中是引用帖内字符串核对，不代表热度，也不等于Google事实核验
呵叻府,景点观光,Art Forrest,Art Forrest Khao Yai,主题园区,北冲县,55,1,本轮新增名称候选,,固定实体候选,通过｜新增进入Google候选,拍照打卡,"艺术森林,工作日16点放人造雾气",周末逃离曼谷|🐑130km直达“瑞士牧场“,https://www.xiaohongshu.com/explore/69cb970f000000001b021dcc?xsec_token_redacted=1&xsec_source=pc_dots,回答名称来自点点AI；正文直接命中是引用帖内字符串核对，不代表热度，也不等于Google事实核验
呵叻府,景点观光,Ban Tha Chang Spring,Ban Tha Chang Spring,自然景点,北冲县,55,1,本轮新增名称候选,,固定实体候选,通过｜新增进入Google候选,休闲游客,"原生态泉水,可跳水,水里有小鱼",五一不知道去哪？那你应该看看泰国巴冲,https://www.xiaohongshu.com/explore/69b97d18000000001d019312?xsec_token_redacted=1&xsec_source=pc_dots,回答名称来自点点AI；正文直接命中是引用帖内字符串核对，不代表热度，也不等于Google事实核验
呵叻府,休闲娱乐,Chokchai Farm,โชคชัยฟาร์ม,亲子乐园与动物体验,考艾,29,1,本轮新增名称候选,,固定实体候选,通过｜新增进入Google候选,亲子,喂小动物、骑马体验、牛仔马表演、特色冰淇淋,泰国🇹🇭考艾 3天2晚自由行攻略,https://www.xiaohongshu.com/explore/6985c506000000000d00a373?xsec_token_redacted=1&xsec_source=pc_dots,回答名称来自点点AI；正文直接命中是引用帖内字符串核对，不代表热度，也不等于Google事实核验
呵叻府,景点观光,GranMonte酒庄,GranMonte Vineyard and Winery,葡萄园/酒庄,北冲县,55,2,本轮新增名称候选,,固定实体候选,通过｜新增进入Google候选,品酒爱好者,"被群山环绕的绝美酒庄,可参观葡萄园和酒窖","泰国小瑞士！考艾3天2夜自驾之旅
泰国🇹🇭考艾 3天2晚自由行攻略","https://www.xiaohongshu.com/explore/6a509ae8000000002201b49f?xsec_token_redacted=1&xsec_source=pc_dots
https://www.xiaohongshu.com/explore/6985c506000000000d00a373?xsec_token_redacted=1&xsec_source=pc_dots",回答名称来自点点AI；正文直接命中是引用帖内字符串核对，不代表热度，也不等于Google事实核验
呵叻府,景点观光,Haew Su Wat Waterfall,Haew Su Wat Waterfall,瀑布,考艾国家公园内,55,1,本轮新增名称候选,,固定实体候选,通过｜新增进入Google候选,徒步爱好者,"《海滩》电影取景地,旱季水量较小",泰国考艾国家公园两天一夜自驾行程攻略,https://www.xiaohongshu.com/explore/6a1934430000000036001d5d?xsec_token_redacted=1&xsec_source=pc_dots,回答名称来自点点AI；正文直接命中是引用帖内字符串核对，不代表热度，也不等于Google事实核验
呵叻府,景点观光,Khao Yai Da,เขาใหญ่ดา,登山步道,罗勇,29,1,本轮新增名称候选,,固定实体候选,通过｜新增进入Google候选,运动爱好者,13公里徒步往返、5公里眺望沙美岛、终点6.3公里有饮料泡面,罗勇牛马周末也要爬山爆汗Khao Yai Da,https://www.xiaohongshu.com/explore/6a89c15700000000380009f9?xsec_token_redacted=1&xsec_source=pc_dots,回答名称来自点点AI；正文直接命中是引用帖内字符串核对，不代表热度，也不等于Google事实核验
呵叻府,景点观光,Khao Yai National Park,อุทยานแห่งชาติเขาใหญ่,国家公园,考艾,29,2,本轮新增名称候选,,固定实体候选,通过｜新增进入Google候选,自然爱好者,徒步吸氧、野生猴子观测、森林瀑布,"泰国🇹🇭考艾 3天2晚自由行攻略
考艾｜该怎么形容这片在曼谷周边静谧的绿意","https://www.xiaohongshu.com/explore/6985c506000000000d00a373?xsec_token_redacted=1&xsec_source=pc_dots
https://www.xiaohongshu.com/explore/6a7882600000000033032cf5?xsec_token_redacted=1&xsec_source=pc_dots",回答名称来自点点AI；正文直接命中是引用帖内字符串核对，不代表热度，也不等于Google事实核验
呵叻府,景点观光,Kong Kaew瀑布,Kong Kaew Waterfall,瀑布,考艾国家公园内,55,1,本轮新增名称候选,,固定实体候选,通过｜新增进入Google候选,徒步爱好者,"1号徒步路线终点,火山岩溪流+沼泽森林",0难度新手必看考艾国家森林公园懒人路线,https://www.xiaohongshu.com/explore/67f39299000000000900fcba?xsec_token_redacted=1&xsec_source=pc_dots,回答名称来自点点AI；正文直接命中是引用帖内字符串核对，不代表热度，也不等于Google事实核验
呵叻府,景点观光,Palio Khao Yai,Palio Khao Yai,主题园区,北冲县,55,1,本轮新增名称候选,,固定实体候选,通过｜新增进入Google候选,拍照打卡,彩色小房子和石板路的购物小镇,五一不知道去哪？那你应该看看泰国巴冲,https://www.xiaohongshu.com/explore/69b97d18000000001d019312?xsec_token_redacted=1&xsec_source=pc_dots,回答名称来自点点AI；正文直接命中是引用帖内字符串核对，不代表热度，也不等于Google事实核验
呵叻府,景点观光,PB Valley葡萄酒庄,PB Valley Khao Yai Winery,葡萄园/酒庄,北冲县,55,3,本轮新增名称候选,,固定实体候选,通过｜新增进入Google候选,品酒爱好者,"泰国最大酒庄,可参观葡萄园、酿酒厂并品酒","假装在意大利！曼谷2h直达的“小欧洲”
考艾爆火的PB Valley 葡萄酒庄园实测
旅游 Vlog｜泰国·参观葡萄酒庄🍷","https://www.xiaohongshu.com/explore/6a043382000000000702b54f?xsec_token_redacted=1&xsec_source=pc_dots
https://www.xiaohongshu.com/explore/6a505d62000000001102f940?xsec_token_redacted=1&xsec_source=pc_dots
https://www.xiaohongshu.com/explore/6a0ee0300000000007020be1?xsec_token_redacted=1&xsec_source=pc_dots",回答名称来自点点AI；正文直接命中是引用帖内字符串核对，不代表热度，也不等于Google事实核验
呵叻府,景点观光,Pha Diao Dai Cliff,Pha Diao Dai Cliff,观景点,考艾国家公园内,55,1,本轮新增名称候选,,固定实体候选,通过｜新增进入Google候选,徒步爱好者,"峡谷观景台,徒步loop约七八分钟",泰国考艾国家公园两天一夜自驾行程攻略,https://www.xiaohongshu.com/explore/6a1934430000000036001d5d?xsec_token_redacted=1&xsec_source=pc_dots,回答名称来自点点AI；正文直接命中是引用帖内字符串核对，不代表热度，也不等于Google事实核验
呵叻府,景点观光,Pha Trom Jai Viewpoint,Pha Trom Jai Viewpoint,观景点,考艾国家公园内,55,1,本轮新增名称候选,,固定实体候选,通过｜新增进入Google候选,拍照打卡,"可边喝咖啡边看风景,有斑冠犀鸟出没",泰国考艾国家公园两天一夜自驾行程攻略,https://www.xiaohongshu.com/explore/6a1934430000000036001d5d?xsec_token_redacted=1&xsec_source=pc_dots,回答名称来自点点AI；正文直接命中是引用帖内字符串核对，不代表热度，也不等于Google事实核验
呵叻府,景点观光,Phimai Historical Park,พิมายประวัติศาสตร์公园,历史遗迹,披迈县,29,4,本轮新增名称候选,,固定实体候选,通过｜新增进入Google候选,历史爱好者,"高棉风格石宫、""泰国小吴哥窟""、千年古建","呵叻| 跨越国界的文明—披迈石宫
泰国冷门宝藏！呵叻5大避世地🌿
帕侬蓝+玛穴寺，泰国真的有吴哥窟❤️
挑战 100 个泰国打卡点|披迈石宫","https://www.xiaohongshu.com/explore/6a32ac9700000000160264c1?xsec_token_redacted=1&xsec_source=pc_dots
https://www.xiaohongshu.com/explore/692fc283000000001d03d693?xsec_token_redacted=1&xsec_source=pc_dots
https://www.xiaohongshu.com/explore/69d0c8340000000023006ed1?xsec_token_redacted=1&xsec_source=pc_dots
https://www.xiaohongshu.com/explore/6a7bc3f000000000330106cb?xsec_token_redacted=1&xsec_source=pc_dots",回答名称来自点点AI；正文直接命中是引用帖内字符串核对，不代表热度，也不等于Google事实核验
呵叻府,景点观光,Primo Piazza,Primo Piazza Khao Yai,主题园区,北冲县,55,4,本轮新增名称候选,,固定实体候选,通过｜新增进入Google候选,拍照打卡,"复刻意大利托斯卡纳小镇,可喂羊驼","假装在意大利！曼谷2h直达的“小欧洲”
泰国考艾亲子攻略｜自然×农场×美食一次满足
泰国🇹🇭考艾 3天2晚自由行攻略
五一不知道去哪？那你应该看看泰国巴冲","https://www.xiaohongshu.com/explore/6a043382000000000702b54f?xsec_token_redacted=1&xsec_source=pc_dots
https://www.xiaohongshu.com/explore/695cb06f000000001a023951?xsec_token_redacted=1&xsec_source=pc_dots
https://www.xiaohongshu.com/explore/6985c506000000000d00a373?xsec_token_redacted=1&xsec_source=pc_dots
https://www.xiaohongshu.com/explore/69b97d18000000001d019312?xsec_token_redacted=1&xsec_source=pc_dots",回答名称来自点点AI；正文直接命中是引用帖内字符串核对，不代表热度，也不等于Google事实核验
呵叻府,休闲娱乐,Sweet&Green Farm,Sweet&Green Farm,亲子乐园与动物体验,北冲县,55,1,本轮新增名称候选,,固定实体候选,通过｜新增进入Google候选,亲子家庭,"有机蔬菜园,可带孩子采摘蔬菜",泰国考艾亲子攻略｜自然×农场×美食一次满足,https://www.xiaohongshu.com/explore/695cb06f000000001a023951?xsec_token_redacted=1&xsec_source=pc_dots,回答名称来自点点AI；正文直接命中是引用帖内字符串核对，不代表热度，也不等于Google事实核验
呵叻府,景点观光,The Bloom,The Bloom Khao Yai,主题园区,北冲县,55,1,本轮新增名称候选,,固定实体候选,通过｜新增进入Google候选,拍照打卡,"200+种鲜花+童话玻璃屋,欧式花园",假装在意大利！曼谷2h直达的“小欧洲”,https://www.xiaohongshu.com/explore/6a043382000000000702b54f?xsec_token_redacted=1&xsec_source=pc_dots,回答名称来自点点AI；正文直接命中是引用帖内字符串核对，不代表热度，也不等于Google事实核验
呵叻府,休闲娱乐,Thongsomboon Club,Thongsomboon Club,户外乐园,北冲县,55,1,本轮新增名称候选,,固定实体候选,通过｜新增进入Google候选,亲子家庭,"骑马、碰碰车、漂流等娱乐活动,有心形树",📷泰国宝藏打卡地Vol.14——Thongsomboonclub,https://www.xiaohongshu.com/explore/64df4146000000001201b90c?xsec_token_redacted=1&xsec_source=pc_dots,回答名称来自点点AI；正文直接命中是引用帖内字符串核对，不代表热度，也不等于Google事实核验
呵叻府,住宿酒店,考艾瑞享度假村,Mövenpick Resort Khao Yai,酒店/度假村,北冲县,55,1,本轮新增名称候选,,固定实体候选,通过｜新增进入Google候选,度假游客,"欧洲城堡庄园式度假村,有高尔夫球场",曼谷周边 我愿意再去10⁸次的城堡酒店,https://www.xiaohongshu.com/explore/6a854248000000003400ddb0?xsec_token_redacted=1&xsec_source=pc_dots,回答名称来自点点AI；正文直接命中是引用帖内字符串核对，不代表热度，也不等于Google事实核验
呵叻府,住宿酒店,考艾洲际度假村,InterContinental Khao Yai Resort,酒店/度假村,北冲县,55,1,本轮新增名称候选,,固定实体候选,通过｜新增进入Google候选,度假游客,"Bill Bensley设计,火车车厢主题套房,坐拥天鹅湖","泰国还能这样玩！🚄考艾洲际度假村🦢
从曼谷往东北开车约3小时，考艾国家公园入",https://www.xiaohongshu.com/explore/6a4d1d4d000000000702cd86?xsec_token_redacted=1&xsec_source=pc_dots,回答名称来自点点AI；正文直接命中是引用帖内字符串核对，不代表热度，也不等于Google事实核验
呵叻府,住宿酒店,Lam Ta Khong Campground,Lam Ta Khong Campground,露营地,考艾国家公园内,55,1,本轮新增名称候选,,固定实体候选,通过｜新增进入Google候选,露营爱好者,"设施完善的营地,可帐篷露营",泰国考艾国家公园两天一夜自驾行程攻略,https://www.xiaohongshu.com/explore/6a1934430000000036001d5d?xsec_token_redacted=1&xsec_source=pc_dots,回答名称来自点点AI；正文直接命中是引用帖内字符串核对，不代表热度，也不等于Google事实核验
呵叻府,住宿酒店,Malai KhaoYai Resort,มาลัย เขาใหญ่ รีสอร์ท,度假酒店,考艾,29,1,本轮新增名称候选,,固定实体候选,通过｜新增进入Google候选,度假放松,山景树景环绕、晨雾夜景安静、无城市噪音,周末逃离曼谷，考艾吸氧去,https://www.xiaohongshu.com/explore/6a35e817000000001101353a?xsec_token_redacted=1&xsec_source=pc_dots,回答名称来自点点AI；正文直接命中是引用帖内字符串核对，不代表热度，也不等于Google事实核验
呵叻府,住宿酒店,Marasca Khao Yai,Marasca Khao Yai,酒店/度假村,北冲县,55,1,本轮新增名称候选,,固定实体候选,通过｜新增进入Google候选,野奢爱好者,"SLH精品酒店联盟,野奢帐篷和别墅(已停业)",【考艾】曼谷北山野奢秘境Marasca,https://www.xiaohongshu.com/explore/67f29741000000001202e894?xsec_token_redacted=1&xsec_source=pc_dots,回答名称来自点点AI；正文直接命中是引用帖内字符串核对，不代表热度，也不等于Google事实核验
呵叻府,住宿酒店,Thames Valley Khao Yai,Thames Valley Khao Yai Hotel,酒店/度假村,北冲县,55,2,本轮新增名称候选,,固定实体候选,通过｜新增进入Google候选,度假游客,"英式乡村风设计,靠近国家公园","「这不是英国，是泰国考艾！🇬🇧」
泰国小瑞士！考艾3天2夜自驾之旅","https://www.xiaohongshu.com/explore/6a8d9c6200000000370364e0?xsec_token_redacted=1&xsec_source=pc_dots
https://www.xiaohongshu.com/explore/6a509ae8000000002201b49f?xsec_token_redacted=1&xsec_source=pc_dots",回答名称来自点点AI；正文直接命中是引用帖内字符串核对，不代表热度，也不等于Google事实核验
呵叻府,住宿酒店,The Hidden Village Khao Yai,The Hidden Village Khao Yai,酒店/度假村,北冲县,55,1,本轮新增名称候选,,固定实体候选,通过｜新增进入Google候选,度假游客,"木质别墅被绿植环绕,安静私密",泰国🇹🇭考艾 3天2晚自由行攻略,https://www.xiaohongshu.com/explore/6985c506000000000d00a373?xsec_token_redacted=1&xsec_source=pc_dots,回答名称来自点点AI；正文直接命中是引用帖内字符串核对，不代表热度，也不等于Google事实核验
呵叻府,住宿酒店,Toscana Valley,โทสคานา วัลเลย์,度假村/欧式小镇,考艾,29,3,本轮新增名称候选,,固定实体候选,通过｜新增进入Google候选,拍照打卡,托斯卡纳风格建筑、湖景餐厅、欧式庄园体验,"泰国🇹🇭考艾 3天2晚自由行攻略
周末逃离曼谷，考艾吸氧去
曼谷到考艾3.5h｜迷宫遛娃+意大利小镇+4.8分","https://www.xiaohongshu.com/explore/6985c506000000000d00a373?xsec_token_redacted=1&xsec_source=pc_dots
https://www.xiaohongshu.com/explore/6a35e817000000001101353a?xsec_token_redacted=1&xsec_source=pc_dots
https://www.xiaohongshu.com/explore/6a68a328000000002201b2c7?xsec_token_redacted=1&xsec_source=pc_dots",回答名称来自点点AI；正文直接命中是引用帖内字符串核对，不代表热度，也不等于Google事实核验
呵叻府,住宿酒店,U Khao Yai Resort,U Khao Yai Resort,酒店/度假村,北冲县,55,1,本轮新增名称候选,,固定实体候选,通过｜新增进入Google候选,度假游客,"南法乡村小庄园风格,绿化覆盖率高",旅游 Vlog｜泰国·参观葡萄酒庄🍷,https://www.xiaohongshu.com/explore/6a0ee0300000000007020be1?xsec_token_redacted=1&xsec_source=pc_dots,回答名称来自点点AI；正文直接命中是引用帖内字符串核对，不代表热度，也不等于Google事实核验
呵叻府,住宿酒店,Zennext Khaoyai,Zennext Khaoyai,酒店/度假村,北冲县,55,1,本轮新增名称候选,,固定实体候选,通过｜新增进入Google候选,度假游客,"房间大干净安静,早上可能有大象来访",Khao Yai｜泰国考艾7个宝藏景点+餐厅+住宿,https://www.xiaohongshu.com/explore/6a7dcfc5000000000c003001?xsec_token_redacted=1&xsec_source=pc_dots,回答名称来自点点AI；正文直接命中是引用帖内字符串核对，不代表热度，也不等于Google事实核验
廊开府,景点观光,Sala Keoku,ศาลาแก้วกู่,雕塑公园,Wat That社区,29,2,本轮新增名称候选,,固定实体候选,通过｜新增进入Google候选,拍照打卡,佛教+印度教巨型雕塑、七头娜迦护佛、25-30米高卧佛,"出片友好旅行｜Sala Keoku泰国小众魔幻秘境
🇹🇭泰国最魔幻的雕塑群，萨拉鬼窟","https://www.xiaohongshu.com/explore/69ca24080000000023017ae1?xsec_token_redacted=1&xsec_source=pc_dots
https://www.xiaohongshu.com/explore/69d231370000000023012b06?xsec_token_redacted=1&xsec_source=pc_dots",回答名称来自点点AI；正文直接命中是引用帖内字符串核对，不代表热度，也不等于Google事实核验
罗勇府,餐饮美食,Bari Bar Rayong,Bari Bar Rayong,海边餐厅,Suan Son海滩,75,1,本轮新增名称候选,,固定实体候选,通过｜新增进入Google候选,海景晚餐,"海鲜新鲜味道好,可就着海景用餐,价格还好有服务费",🇹🇭罗勇府的一天,https://www.xiaohongshu.com/explore/66f8c9df000000001b0231ab?xsec_token_redacted=1&xsec_source=pc_dots,回答名称来自点点AI；正文直接命中是引用帖内字符串核对，不代表热度，也不等于Google事实核验
罗勇府,餐饮美食,Breeze,Breeze,海景餐厅,Ao Prao海滩,75,2,本轮新增名称候选,,固定实体候选,通过｜新增进入Google候选,日落晚餐,"view好服务周到,菜品偏咸,四大两小1000多出头","关于沙美岛的食物 推荐和避雷（附地址）
🇹🇭 试试把沙美岛AoPrao海滩说明白","https://www.xiaohongshu.com/explore/698f4201000000000a02c4b2?xsec_token_redacted=1&xsec_source=pc_dots
https://www.xiaohongshu.com/explore/65cf93e4000000002d001ba8?xsec_token_redacted=1&xsec_source=pc_dots",回答名称来自点点AI；正文直接命中是引用帖内字符串核对，不代表热度，也不等于Google事实核验
罗勇府,餐饮美食,Buzz Coco Club,Buzz Coco Club,西式泰式,Ao Prao海滩,75,1,本轮新增名称候选,,固定实体候选,通过｜新增进入Google候选,颜值打卡,"颜值高,One Dish口味偏重",🇹🇭 试试把沙美岛AoPrao海滩说明白,https://www.xiaohongshu.com/explore/65cf93e4000000002d001ba8?xsec_token_redacted=1&xsec_source=pc_dots,回答名称来自点点AI；正文直接命中是引用帖内字符串核对，不代表热度，也不等于Google事实核验
罗勇府,餐饮美食,Café Seafront,Café Seafront คาเฟ่ซีฟร้อนท์,海边咖啡厅,度假村内私人海滩,75,2,本轮新增名称候选,,固定实体候选,通过｜新增进入Google候选,拍照/放空,"安静私人海滩被椰林山林环绕,人均150泰铢,饮品口感一般但风景满分","泰国🇹🇭罗勇咖啡馆 | 只为这片海而来🌊
200泰铢承包一片私人海滩 ｜罗勇","https://www.xiaohongshu.com/explore/6a63794d000000000301f9ec?xsec_token_redacted=1&xsec_source=pc_dots
https://www.xiaohongshu.com/explore/6a3955b9000000002101a7f8?xsec_token_redacted=1&xsec_source=pc_dots",回答名称来自点点AI；正文直接命中是引用帖内字符串核对，不代表热度，也不等于Google事实核验
罗勇府,餐饮美食,Couple Coffee Roastery,Couple Coffee Roastery,社区咖啡店,市区,75,1,本轮新增名称候选,,固定实体候选,通过｜新增进入Google候选,咖啡爱好者,"自己烘焙豆子,中烘浅烘推荐,特调Fruito好喝,16:00打烊",罗勇RAYONG不能错过的小众咖啡店,https://www.xiaohongshu.com/explore/6999c679000000000a02b2ec?xsec_token_redacted=1&xsec_source=pc_dots,回答名称来自点点AI；正文直接命中是引用帖内字符串核对，不代表热度，也不等于Google事实核验
罗勇府,餐饮美食,Krua Phasuk Thai Kitchen & Suki.BBQ,Krua Phasuk Thai Kitchen & Suki.BBQ,泰式烧烤,绿植环绕,75,1,本轮新增名称候选,,固定实体候选,通过｜新增进入Google候选,家庭聚餐/朋友聚会,"20多年老店,Google 4.8分600+评价,大头虾/蒜香海鲜拼盘/烤猪肋排,人均400-500泰铢",罗勇BBQ高分老店,https://www.xiaohongshu.com/explore/6a85af93000000000502ad77?xsec_token_redacted=1&xsec_source=pc_dots,回答名称来自点点AI；正文直接命中是引用帖内字符串核对，不代表热度，也不等于Google事实核验
罗勇府,餐饮美食,Laan Ek百年咖啡馆,Laan Ek Coffeehouse,历史建筑咖啡馆,Yomjinda路,75,4,本轮新增名称候选,,固定实体候选,通过｜新增进入Google候选,历史建筑/拍照,"1913年始建,海南华侨开设,百年原木结构,二楼画廊,人均15-30元","在罗勇老街，消磨一段南洋旧时光🌿
📍罗勇复古咖啡馆｜หลานเอก คอฟฟี่เฮาส์ ☕
罗勇老街｜百年咖啡馆里的旧电影感📸
泰国罗勇老街上的百年咖啡店","https://www.xiaohongshu.com/explore/6a759fa90000000022031532?xsec_token_redacted=1&xsec_source=pc_dots
https://www.xiaohongshu.com/explore/69e9c7a4000000002301e999?xsec_token_redacted=1&xsec_source=pc_dots
https://www.xiaohongshu.com/explore/6a66c6e60000000013025f55?xsec_token_redacted=1&xsec_source=pc_dots
https://www.xiaohongshu.com/explore/69f57c43000000003503224e?xsec_token_redacted=1&xsec_source=pc_dots",回答名称来自点点AI；正文直接命中是引用帖内字符串核对，不代表热度，也不等于Google事实核验
罗勇府,餐饮美食,Linnaeus House Pastry & Simple Coffee,Linnaeus House Pastry & Simple Coffee,海边咖啡馆,酒店内靠近海边,75,1,本轮新增名称候选,,固定实体候选,通过｜新增进入Google候选,拍照/发呆,"蓝天大海白色建筑,窗边喝咖啡看海浪,牛角包外酥内软",泰国旅游｜罗勇两家高颜值咖啡厅探店🩵☕️,https://www.xiaohongshu.com/explore/6a336fdf0000000016027fee?xsec_token_redacted=1&xsec_source=pc_dots,回答名称来自点点AI；正文直接命中是引用帖内字符串核对，不代表热度，也不等于Google事实核验
罗勇府,餐饮美食,Nay Laa-Myth Cafe,Nay Laa-Myth Cafe,复古木屋咖啡馆,Mae Ramphueng Beach,75,1,本轮新增名称候选,,固定实体候选,通过｜新增进入Google候选,复古/安静,"旧木屋木质外墙复古花砖,分室内空调区和半开放海景区,适合看书发呆",罗勇海边藏着一座旧木屋咖啡馆,https://www.xiaohongshu.com/explore/6a6f1a6f0000000006005be7?xsec_token_redacted=1&xsec_source=pc_dots,回答名称来自点点AI；正文直接命中是引用帖内字符串核对，不代表热度，也不等于Google事实核验
罗勇府,餐饮美食,Ning Seafood,Ning Seafood,海鲜餐厅,主街往码头方向左手边,75,2,本轮新增名称候选,,固定实体候选,通过｜新增进入Google候选,海鲜爱好者,"老板会一点中文,炒空心菜/咖喱鱿鱼/黑胡椒梭子蟹/罗氏虾,份量大人均合理","🇹🇭沙美岛美食总结
关于沙美岛的食物 推荐和避雷（附地址）","https://www.xiaohongshu.com/explore/6794bce600000000290173d1?xsec_token_redacted=1&xsec_source=pc_dots
https://www.xiaohongshu.com/explore/698f4201000000000a02c4b2?xsec_token_redacted=1&xsec_source=pc_dots",回答名称来自点点AI；正文直接命中是引用帖内字符串核对，不代表热度，也不等于Google事实核验
罗勇府,餐饮美食,Oabb Farm & Café,Oabb Farm & Café,农场咖啡馆,郊区,75,1,本轮新增名称候选,,固定实体候选,通过｜新增进入Google候选,治愈系/情侣约会,"绿意治愈系像Khao Yai,马和鸡农场互动,接吻亭打卡,周末看水牛",✨Oabb Farm & Café Rayong 泰国,https://www.xiaohongshu.com/explore/6a5f760a0000000002003c01?xsec_token_redacted=1&xsec_source=pc_dots,回答名称来自点点AI；正文直接命中是引用帖内字符串核对，不代表热度，也不等于Google事实核验
罗勇府,餐饮美食,Phala Craft Coffee Roasters,Phala Craft Coffee Roasters,复古咖啡馆,废弃老楼改造,75,1,本轮新增名称候选,,固定实体候选,通过｜新增进入Google候选,拍照/设计感,"三层不同风格,一楼工业风点单区,二三楼用餐区可俯瞰周边,卖手工艺品",泰国旅游｜罗勇两家高颜值咖啡厅探店🩵☕️,https://www.xiaohongshu.com/explore/6a336fdf0000000016027fee?xsec_token_redacted=1&xsec_source=pc_dots,回答名称来自点点AI；正文直接命中是引用帖内字符串核对，不代表热度，也不等于Google事实核验
罗勇府,餐饮美食,Pitmotto's Matcha & Coffee House,Pitmotto's Matcha & Coffee House,日式抹茶,市区,75,1,本轮新增名称候选,,固定实体候选,通过｜新增进入Google候选,抹茶控/安静,"日系木质风安静舒服,iced matcha latte茶味明显口感浓郁,店员会介绍不同等级抹茶",罗勇宝藏抹茶店🍵Pitmotto’s matcha,https://www.xiaohongshu.com/explore/69fda3ab000000000f03ac00?xsec_token_redacted=1&xsec_source=pc_dots,回答名称来自点点AI；正文直接命中是引用帖内字符串核对，不代表热度，也不等于Google事实核验
罗勇府,餐饮美食,Praew Restaurant,Praew Restaurant,泰餐,主街,75,1,本轮新增名称候选,,固定实体候选,通过｜新增进入Google候选,避雷,打抛猪肉饭不好吃,8天曼谷+芭提雅+沙美岛自由行行程供参考,https://www.xiaohongshu.com/explore/69a579500000000016008ebc?xsec_token_redacted=1&xsec_source=pc_dots,回答名称来自点点AI；正文直接命中是引用帖内字符串核对，不代表热度，也不等于Google事实核验
罗勇府,餐饮美食,Priw & Play,Priw & Play,海边咖啡馆,Mae Ramphueng Beach,75,1,本轮新增名称候选,,固定实体候选,通过｜新增进入Google候选,松弛感/看海,"纯白门厅框住大海,沙滩边老树下Live Band弹吉他,冰咖啡配""Life is better by the sea""",罗勇的小众咖啡☕️:粗粝、原始、但放松,https://www.xiaohongshu.com/explore/6a942a2d0000000025018f10?xsec_token_redacted=1&xsec_source=pc_dots,回答名称来自点点AI；正文直接命中是引用帖内字符串核对，不代表热度，也不等于Google事实核验
罗勇府,餐饮美食,Rongtiem Yomjinda,Rongtiem Yomjinda,平价泰餐,Yomjinda路,75,1,本轮新增名称候选,,固定实体候选,通过｜新增进入Google候选,日常简餐,"绿植包裹,打抛猪肉饭/泰式炒河粉,口味温和",在罗勇老街，消磨一段南洋旧时光🌿,https://www.xiaohongshu.com/explore/6a759fa90000000022031532?xsec_token_redacted=1&xsec_source=pc_dots,回答名称来自点点AI；正文直接命中是引用帖内字符串核对，不代表热度，也不等于Google事实核验
罗勇府,餐饮美食,SON Cafe,SON Cafe,极简风咖啡馆,松林里,75,1,本轮新增名称候选,,固定实体候选,通过｜新增进入Google候选,拍照/建筑控,"极简几何光影,暖沙色几何墙体,斜角天井光影重叠,安缦风度假质感",在罗勇找到了一家极简几何光影 Cafe ☕️✨,https://www.xiaohongshu.com/explore/6a6f28150000000025006210?xsec_token_redacted=1&xsec_source=pc_dots,回答名称来自点点AI；正文直接命中是引用帖内字符串核对，不代表热度，也不等于Google事实核验
罗勇府,餐饮美食,SUAN THIP花园餐厅,SUAN THIP Garden Restaurant,花园餐厅,靠近芭提雅,75,1,本轮新增名称候选,,固定实体候选,通过｜新增进入Google候选,拍照/米其林,"环境超美误闯热带雨林氧吧,连续六年米其林,穿浅色系长裙更出片",🇹🇭好拍好吃!!藏在森林里的米其林餐厅,https://www.xiaohongshu.com/explore/699dda04000000002602c0df?xsec_token_redacted=1&xsec_source=pc_dots,回答名称来自点点AI；正文直接命中是引用帖内字符串核对，不代表热度，也不等于Google事实核验
罗勇府,餐饮美食,Tapestry Restaurant,Tapestry Restaurant,港式点心,Central Rayong旁边酒店内,75,1,本轮新增名称候选,,固定实体候选,通过｜新增进入Google候选,中国胃/家庭聚餐,"港式点心自助餐520铢,鲜虾烧卖/凤爪/叉烧包等盲点不踩雷,限周四/六/日11:00-14:00",终于找到港式味道了！在罗勇酒店港式点心🥟,https://www.xiaohongshu.com/explore/6a78712a0000000002003c00?xsec_token_redacted=1&xsec_source=pc_dots,回答名称来自点点AI；正文直接命中是引用帖内字符串核对，不代表热度，也不等于Google事实核验
罗勇府,餐饮美食,U Forests Cafe,U Forests Cafe,亲子咖啡馆,市区,75,1,本轮新增名称候选,,固定实体候选,通过｜新增进入Google候选,亲子/拍照,"热带森林花园环境,瀑布水池绿植,户外儿童游乐设施,人均200-400泰铢",罗勇宝藏咖啡馆🌳像闯进热带森林,https://www.xiaohongshu.com/explore/6a8ab2ad0000000033022b29?xsec_token_redacted=1&xsec_source=pc_dots,回答名称来自点点AI；正文直接命中是引用帖内字符串核对，不代表热度，也不等于Google事实核验
罗勇府,餐饮美食,Uncle Kob's Papaya Salad,Uncle Kob's Papaya Salad,青木瓜沙拉,主街,75,1,本轮新增名称候选,,固定实体候选,通过｜新增进入Google候选,避雷,"味道普通,苍蝇太多接受无能",🇹🇭沙美岛美食总结,https://www.xiaohongshu.com/explore/6794bce600000000290173d1?xsec_token_redacted=1&xsec_source=pc_dots,回答名称来自点点AI；正文直接命中是引用帖内字符串核对，不代表热度，也不等于Google事实核验
罗勇府,餐饮美食,Unika,Unika,小咖啡店,Yomjinda路,75,1,本轮新增名称候选,,固定实体候选,通过｜新增进入Google候选,惊喜发现,"老板把signature抹茶换成咖啡,底是纯正新鲜椰子汁,超级好喝,老板送自制曲奇",罗勇咖啡店☕️,https://www.xiaohongshu.com/explore/6a6f7012000000002c001c57?xsec_token_redacted=1&xsec_source=pc_dots,回答名称来自点点AI；正文直接命中是引用帖内字符串核对，不代表热度，也不等于Google事实核验
罗勇府,餐饮美食,Winkks,Winkks,海岛餐厅,萨凯酒店内,75,2,本轮新增名称候选,,固定实体候选,通过｜新增进入Google候选,酒店客人,"烤鱿鱼/香辣大虾,一大桌1000多铢,有玩火表演","春节游泰国之曼谷和沙美岛(二)
沙美岛-萨凯酒店sai kaew beach resort","https://www.xiaohongshu.com/explore/699d6457000000000c03480d?xsec_token_redacted=1&xsec_source=pc_dots
https://www.xiaohongshu.com/explore/693f4250000000001e034566?xsec_token_redacted=1&xsec_source=pc_dots",回答名称来自点点AI；正文直接命中是引用帖内字符串核对，不代表热度，也不等于Google事实核验
罗勇府,餐饮美食,นั่งดูเล,Nang Doo Lay,海边大排档,海岸线,75,1,本轮新增名称候选,,固定实体候选,通过｜新增进入Google候选,性价比海鲜,"服务人员手机有中文菜单,海鲜新鲜份量多,人均130元左右",罗勇Rayong 海边餐厅推荐,https://www.xiaohongshu.com/explore/68b93d4d000000001d007a9f?xsec_token_redacted=1&xsec_source=pc_dots,回答名称来自点点AI；正文直接命中是引用帖内字符串核对，不代表热度，也不等于Google事实核验
罗勇府,餐饮美食,นายดล มะขามเฒ่า (Nai Dol),Nai Dol Ma Kham Thao,泰式老店,市区,75,2,本轮新增名称候选,,固定实体候选,通过｜新增进入Google候选,中国胃/本地体验,"鸡蛋炒蟹肉惊艳,连续多年Thai Select认证,本地人占绝大多数,人均200-400泰铢","在罗勇终于吃到符合中国胃的泰餐
罗勇老饕食堂","https://www.xiaohongshu.com/explore/6a6dcdd40000000035015ef0?xsec_token_redacted=1&xsec_source=pc_dots
https://www.xiaohongshu.com/explore/6a201eda00000000380231f8?xsec_token_redacted=1&xsec_source=pc_dots",回答名称来自点点AI；正文直接命中是引用帖内字符串核对，不代表热度，也不等于Google事实核验
罗勇府,交通服务,罗勇老汽车站,Rayong Old Bus Terminal,汽车站,紧邻星光夜市,75,1,本轮新增名称候选,,固定实体候选,通过｜新增进入Google候选,本地交通,"站内超多线路双条车,去往班佩码头认准藏蓝色车身,10-40泰铢按距离计费",罗勇｜班佩码头双条车完整版攻略✨（本地人平,https://www.xiaohongshu.com/explore/6a6de6a50000000025016000?xsec_token_redacted=1&xsec_source=pc_dots,回答名称来自点点AI；正文直接命中是引用帖内字符串核对，不代表热度，也不等于Google事实核验
罗勇府,购物商业,罗勇生鲜批发市场,Rayong Fresh Market,本地市场,诺富特星星酒店正门左边,75,1,本轮新增名称候选,,固定实体候选,通过｜新增进入Google候选,本地生活,"生鲜市场旁边是水果批发市场,早上6点摊位全开,蔬菜批发为主还有海鲜肉类早餐摊",不知道多少次泰国行之罗勇吃住,https://www.xiaohongshu.com/explore/6a328c4d000000000f016cb1?xsec_token_redacted=1&xsec_source=pc_dots,回答名称来自点点AI；正文直接命中是引用帖内字符串核对，不代表热度，也不等于Google事实核验
罗勇府,购物商业,星光夜市,Star Night Market,夜市与市集,诺富特星星酒店正门右边,75,5,本轮新增名称候选,,固定实体候选,通过｜新增进入Google候选,夜市/美食,"每晚都开,酒店过去步行15分钟,打车能到酒店门口","不知道多少次泰国行之罗勇吃住
泰兰德酒店分享来啦
泰国罗勇Rayong遛娃推荐，比芭提雅人少景美
罗勇｜班佩码头双条车完整版攻略✨（本地人平
曼谷Mochit-罗勇-沙美岛 交通实测攻略","https://www.xiaohongshu.com/explore/6a328c4d000000000f016cb1?xsec_token_redacted=1&xsec_source=pc_dots
https://www.xiaohongshu.com/explore/681adbed0000000020029b68?xsec_token_redacted=1&xsec_source=pc_dots
https://www.xiaohongshu.com/explore/69a292230000000022023a7c?xsec_token_redacted=1&xsec_source=pc_dots
https://www.xiaohongshu.com/explore/6a6de6a50000000025016000?xsec_token_redacted=1&xsec_source=pc_dots
https://www.xiaohongshu.com/explore/6a7dbc25000000002500a237?xsec_token_redacted=1&xsec_source=pc_dots",回答名称来自点点AI；正文直接命中是引用帖内字符串核对，不代表热度，也不等于Google事实核验
罗勇府,交通服务,Ao Prao Pier,Ao Prao Pier,私人码头,萨凯酒店专属,75,2,本轮新增名称候选,,固定实体候选,通过｜新增进入Google候选,酒店客人,"萨凯酒店集团专属码头,和公共码头班佩离得不远几百米,快艇15分钟到达","沙美岛-萨凯酒店sai kaew beach resort
🇹🇭 试试把沙美岛AoPrao海滩说明白","https://www.xiaohongshu.com/explore/693f4250000000001e034566?xsec_token_redacted=1&xsec_source=pc_dots
https://www.xiaohongshu.com/explore/65cf93e4000000002d001ba8?xsec_token_redacted=1&xsec_source=pc_dots",回答名称来自点点AI；正文直接命中是引用帖内字符串核对，不代表热度，也不等于Google事实核验
罗勇府,购物商业,Taphong Fruit Market,Taphong Fruit Market,本地市场,郊区,75,2,本轮新增名称候选,,固定实体候选,通过｜新增进入Google候选,水果/榴莲,"榴莲价格实惠12元一斤,中午过去摆摊不多水果种类少","泰国罗勇Rayong遛娃推荐，比芭提雅人少景美
曼谷Mochit-罗勇-沙美岛 交通实测攻略","https://www.xiaohongshu.com/explore/69a292230000000022023a7c?xsec_token_redacted=1&xsec_source=pc_dots
https://www.xiaohongshu.com/explore/6a7dbc25000000002500a237?xsec_token_redacted=1&xsec_source=pc_dots",回答名称来自点点AI；正文直接命中是引用帖内字符串核对，不代表热度，也不等于Google事实核验
罗勇府,景点观光,Khao Laem Ya,เขาแหลมยา,观景点,罗勇,29,1,本轮新增名称候选,,固定实体候选,通过｜新增进入Google候选,看日落,傍晚海景日落、受欢迎自然景点,🇹🇭 罗勇一日行程收藏 🔖,https://www.xiaohongshu.com/explore/6a68a8cf000000000c003000?xsec_token_redacted=1&xsec_source=pc_dots,回答名称来自点点AI；正文直接命中是引用帖内字符串核对，不代表热度，也不等于Google事实核验
罗勇府,景点观光,Laem Charoen Beach,แหลมเจริญ,海滩,罗勇,29,1,本轮新增名称候选,,固定实体候选,通过｜新增进入Google候选,海边休闲,散步吹海风、悠闲海岸风景,🇹🇭 罗勇一日行程收藏 🔖,https://www.xiaohongshu.com/explore/6a68a8cf000000000c003000?xsec_token_redacted=1&xsec_source=pc_dots,回答名称来自点点AI；正文直接命中是引用帖内字符串核对，不代表热度，也不等于Google事实核验
罗勇府,景点观光,Rayong Botanical Garden,สวนพฤกษศาสตร์ระยอง,湿地公园,罗勇,29,1,本轮新增名称候选,,固定实体候选,通过｜新增进入Google候选,亲子/自然爱好者,泰国小亚马逊、睡莲水道、划船体验(100铢自划/300铢代划),泰国小众绿野仙踪｜罗勇湿地划船全攻略,https://www.xiaohongshu.com/explore/6a64d6fe000000000401d257?xsec_token_redacted=1&xsec_source=pc_dots,回答名称来自点点AI；正文直接命中是引用帖内字符串核对，不代表热度，也不等于Google事实核验
罗勇府,景点观光,Thung Prong Thong,ทุ่งปรองทอง,红树林步道,Pak Nam Prasae,29,1,本轮新增名称候选,,固定实体候选,通过｜新增进入Google候选,自然爱好者,金色红树林、免费门票、社区三轮车8铢,罗勇景点｜免费的金色红树林步道,https://www.xiaohongshu.com/explore/6a6b86e30000000008009c00?xsec_token_redacted=1&xsec_source=pc_dots,回答名称来自点点AI；正文直接命中是引用帖内字符串核对，不代表热度，也不等于Google事实核验
罗勇府,景点观光,Yomjinda Road,ถนนยมจินดา,老街,罗勇市区,29,2,本轮新增名称候选,,固定实体候选,通过｜新增进入Google候选,拍照打卡,百年南洋骑楼老建筑、旧木门窗、复古电影感,"在罗勇老街，消磨一段南洋旧时光🌿
🇹🇭 罗勇一日行程收藏 🔖","https://www.xiaohongshu.com/explore/6a759fa90000000022031532?xsec_token_redacted=1&xsec_source=pc_dots
https://www.xiaohongshu.com/explore/6a68a8cf000000000c003000?xsec_token_redacted=1&xsec_source=pc_dots",回答名称来自点点AI；正文直接命中是引用帖内字符串核对，不代表热度，也不等于Google事实核验
罗勇府,康养SPA,Fahsai Massage,Fahsai Massage,社区按摩,主街711往码头方向右手边,75,2,本轮新增名称候选,,固定实体候选,通过｜新增进入Google候选,性价比/手法好,"内部干净整洁,阿姨按得非常好,去了三次三个不同阿姨都不错","🇹🇭沙美岛马杀鸡推荐
最舒服的按摩店居然在沙美岛？！","https://www.xiaohongshu.com/explore/6797bb65000000002901b9cf?xsec_token_redacted=1&xsec_source=pc_dots
https://www.xiaohongshu.com/explore/66e7a7260000000025030c13?xsec_token_redacted=1&xsec_source=pc_dots",回答名称来自点点AI；正文直接命中是引用帖内字符串核对，不代表热度，也不等于Google事实核验
罗勇府,康养SPA,Nava Health Spa,Nava Health Spa,高端SPA,需打车,75,1,本轮新增名称候选,,固定实体候选,通过｜新增进入Google候选,环境党/华裔服务,"环境最好,老板娘华裔会讲中文,香薰精油选择多,需提前预约",罗勇府马杀鸡店推荐,https://www.xiaohongshu.com/explore/67069b40000000002c015501?xsec_token_redacted=1&xsec_source=pc_dots,回答名称来自点点AI；正文直接命中是引用帖内字符串核对，不代表热度，也不等于Google事实核验
罗勇府,康养SPA,Sirion Massage,Sirion Massage,泰式草药,主街,75,1,本轮新增名称候选,,固定实体候选,通过｜新增进入Google候选,避雷,"泰式草药全身120分钟800铢,需排队45分钟,草药包蒸的1小时按身体1小时戳戳戳,无聊不推荐",🇹🇭沙美岛马杀鸡推荐,https://www.xiaohongshu.com/explore/6797bb65000000002901b9cf?xsec_token_redacted=1&xsec_source=pc_dots,回答名称来自点点AI；正文直接命中是引用帖内字符串核对，不代表热度，也不等于Google事实核验
罗勇府,康养SPA,ระยอง เฮลท์ตี้ นวดเพื่อสุขภาพ,Rayong Healthy Massage,健康按摩,假日酒店马路对面,75,1,本轮新增名称候选,,固定实体候选,通过｜新增进入Google候选,安全便利,"旁边有小夜市和2家7-11,临街位置好,环境干净无功无过",罗勇府马杀鸡店推荐,https://www.xiaohongshu.com/explore/67069b40000000002c015501?xsec_token_redacted=1&xsec_source=pc_dots,回答名称来自点点AI；正文直接命中是引用帖内字符串核对，不代表热度，也不等于Google事实核验
罗勇府,康养SPA,เรือนไทยระยอง 2495 Thai House Massage 1952,Thai House Massage 1952,传统泰式按摩,假日酒店对面巷子,75,6,本轮新增名称候选,,固定实体候选,通过｜新增进入Google候选,传统体验,"传统泰式小木屋有味道,环境干净,2小时Thai Massage with Tissue Oil不错,小巷子有狗","罗勇府马杀鸡店推荐
罗勇这家藏在巷子里的 spa 店 个人私藏
🇹🇭沙美岛马杀鸡推荐
在沙美岛找到喜欢的泰式按摩店
沙美島的Let’s Relax 服務與技術首選","https://www.xiaohongshu.com/explore/67069b40000000002c015501?xsec_token_redacted=1&xsec_source=pc_dots
https://www.xiaohongshu.com/explore/69f8122f0000000035038e48?xsec_token_redacted=1&xsec_source=pc_dots
https://www.xiaohongshu.com/explore/6797bb65000000002901b9cf?xsec_token_redacted=1&xsec_source=pc_dots
https://www.xiaohongshu.com/explore/69a2a9b2000000001a01e360?xsec_token_redacted=1&xsec_source=pc_dots
https://www.xiaohongshu.com/explore/6a957805000000002303f434?xsec_token_redacted=1&xsec_source=pc_dots",回答名称来自点点AI；正文直接命中是引用帖内字符串核对，不代表热度，也不等于Google事实核验
罗勇府,住宿酒店,罗望子酒店,Tamarind Resort,海岛度假村,Ao Cho海滩,75,1,本轮新增名称候选,,固定实体候选,通过｜新增进入Google候选,度假/亲子,"更大浴室和漂亮阳台,1500多/晚",春节游泰国之曼谷和沙美岛(二),https://www.xiaohongshu.com/explore/699d6457000000000c03480d?xsec_token_redacted=1&xsec_source=pc_dots,回答名称来自点点AI；正文直接命中是引用帖内字符串核对，不代表热度，也不等于Google事实核验
罗勇府,住宿酒店,罗勇罗姆塔雷美居别墅度假村,Mercure Rayong Lomtalay,别墅度假村,Lomtalay区,75,2,本轮新增名称候选,,固定实体候选,通过｜新增进入Google候选,度假/躺平,"分花园房和海景房两区,沙滩前吃早餐,安静惬意","泰国罗勇府攻略｜比普吉清净、比芭提雅治愈
Mercure Rayong Lomtalay美居罗勇","https://www.xiaohongshu.com/explore/69eb5dd7000000003601efde?xsec_token_redacted=1&xsec_source=pc_dots
https://www.xiaohongshu.com/explore/67ac653b000000001703ba1f?xsec_token_redacted=1&xsec_source=pc_dots",回答名称来自点点AI；正文直接命中是引用帖内字符串核对，不代表热度，也不等于Google事实核验
罗勇府,住宿酒店,罗勇万豪度假酒店,Rayong Marriott Resort,豪华度假村,Mae Ramphueng Beach,75,2,本轮新增名称候选,,固定实体候选,通过｜新增进入Google候选,亲子/情侣/度假,"270°海景套房、沙滩细腻、中文服务多,春节超50%中国面孔","2026第一站:罗勇万豪度假酒店
2025第十三站:罗勇万豪度假酒店","https://www.xiaohongshu.com/explore/698c1327000000000a02ca3f?xsec_token_redacted=1&xsec_source=pc_dots
https://www.xiaohongshu.com/explore/681990f0000000002300198d?xsec_token_redacted=1&xsec_source=pc_dots",回答名称来自点点AI；正文直接命中是引用帖内字符串核对，不代表热度，也不等于Google事实核验
罗勇府,住宿酒店,萨凯海滩度假村,Sai Kaew Beach Resort,海岛度假村,主街附近,75,2,本轮新增名称候选,,固定实体候选,通过｜新增进入Google候选,度假/亲子,"私人码头、免费双条车接送,沙滩按摩350铢/小时","沙美岛码头好吃到飞起的皮皮虾面！探店成功
沙美岛-萨凯酒店sai kaew beach resort","https://www.xiaohongshu.com/explore/689ca12d000000001d036b5f?xsec_token_redacted=1&xsec_source=pc_dots
https://www.xiaohongshu.com/explore/693f4250000000001e034566?xsec_token_redacted=1&xsec_source=pc_dots",回答名称来自点点AI；正文直接命中是引用帖内字符串核对，不代表热度，也不等于Google事实核验
罗勇府,住宿酒店,沙美别墅度假酒店,Samed Villa Resort,海岛度假村,Ao Phai沙滩,75,3,本轮新增名称候选,,固定实体候选,通过｜新增进入Google候选,度假/情侣,"独立小木屋、度假感强,500多元/晚性价比高","春节游泰国之曼谷和沙美岛(二)
沙美岛 samed villa resort
8天曼谷+芭提雅+沙美岛自由行行程供参考","https://www.xiaohongshu.com/explore/699d6457000000000c03480d?xsec_token_redacted=1&xsec_source=pc_dots
https://www.xiaohongshu.com/explore/69992665000000000a03246b?xsec_token_redacted=1&xsec_source=pc_dots
https://www.xiaohongshu.com/explore/69a579500000000016008ebc?xsec_token_redacted=1&xsec_source=pc_dots",回答名称来自点点AI；正文直接命中是引用帖内字符串核对，不代表热度，也不等于Google事实核验
罗勇府,康养SPA,Dhivarin Spa,Dhivarin Spa,SPA与水疗,Le Vimarn酒店内,75,1,本轮新增名称候选,,固定实体候选,通过｜新增进入Google候选,高端度假,"都是L的SPA,泳池边按摩和海滩按摩,建议到了就预约,连续两天约满",🇹🇭 试试把沙美岛AoPrao海滩说明白,https://www.xiaohongshu.com/explore/65cf93e4000000002d001ba8?xsec_token_redacted=1&xsec_source=pc_dots,回答名称来自点点AI；正文直接命中是引用帖内字符串核对，不代表热度，也不等于Google事实核验
罗勇府,住宿酒店,Golden City Rayong Hotel,Golden City Rayong Hotel,城市酒店,市区,75,1,本轮新增名称候选,,固定实体候选,通过｜新增进入Google候选,商务/过渡,"MiniBus可直达,性价比高",曼谷Mochit-罗勇-沙美岛 交通实测攻略,https://www.xiaohongshu.com/explore/6a7dbc25000000002500a237?xsec_token_redacted=1&xsec_source=pc_dots,回答名称来自点点AI；正文直接命中是引用帖内字符串核对，不代表热度，也不等于Google事实核验
罗勇府,住宿酒店,Huan Soontaree,Huan Soontaree,经济酒店,码头附近,75,1,本轮新增名称候选,,固定实体候选,通过｜新增进入Google候选,过渡/性价比,"价格实惠,工作人员贴心,可帮忙买榴莲",🇹🇭罗勇府的一天,https://www.xiaohongshu.com/explore/66f8c9df000000001b0231ab?xsec_token_redacted=1&xsec_source=pc_dots,回答名称来自点点AI；正文直接命中是引用帖内字符串核对，不代表热度，也不等于Google事实核验
罗勇府,住宿酒店,Kerala Coco,Kerala Coco,海岛度假村,Ao Prao海滩,75,1,本轮新增名称候选,,固定实体候选,通过｜新增进入Google候选,年轻度假,"相对便宜泳池小,客群更年轻",🇹🇭 试试把沙美岛AoPrao海滩说明白,https://www.xiaohongshu.com/explore/65cf93e4000000002d001ba8?xsec_token_redacted=1&xsec_source=pc_dots,回答名称来自点点AI；正文直接命中是引用帖内字符串核对，不代表热度，也不等于Google事实核验
罗勇府,住宿酒店,Le Vimarn / Aoprao Resort,Le Vimarn / Aoprao Resort,豪华度假村,Ao Prao海滩,75,1,本轮新增名称候选,,固定实体候选,通过｜新增进入Google候选,高端度假,"同一个集团资源共享,客人以上年纪或家庭客为主",🇹🇭 试试把沙美岛AoPrao海滩说明白,https://www.xiaohongshu.com/explore/65cf93e4000000002d001ba8?xsec_token_redacted=1&xsec_source=pc_dots,回答名称来自点点AI；正文直接命中是引用帖内字符串核对，不代表热度，也不等于Google事实核验
罗勇府,住宿酒店,Likita Resort,Likita Resort,民宿度假村,码头对面,75,2,本轮新增名称候选,,固定实体候选,通过｜新增进入Google候选,中转/性价比,"小木屋房型、有小泳池,出门就是海,性价比高","Staycation，泰国罗勇府班佩码头住到不想走
泰国沙美岛班佩码头交通住宿购物全攻略","https://www.xiaohongshu.com/explore/6a71f006000000000502b174?xsec_token_redacted=1&xsec_source=pc_dots
https://www.xiaohongshu.com/explore/69913da3000000001b01f11d?xsec_token_redacted=1&xsec_source=pc_dots",回答名称来自点点AI；正文直接命中是引用帖内字符串核对，不代表热度，也不等于Google事实核验
罗勇府,住宿酒店,Samed Tropical Resort,Samed Tropical Resort,海岛度假村,远离钻石沙滩,75,1,本轮新增名称候选,,固定实体候选,通过｜新增进入Google候选,亲子/私密,"私密性强、礁石区浮潜可见砗磲和鱼群,780元两晚",曼谷2h直达果冻海✨沙美岛环岛上岛攻略,https://www.xiaohongshu.com/explore/6a4cbfe0000000001003d536?xsec_token_redacted=1&xsec_source=pc_dots,回答名称来自点点AI；正文直接命中是引用帖内字符串核对，不代表热度，也不等于Google事实核验
罗勇府,住宿酒店,Star Convention Hotel,Star Convention Hotel,商务酒店,Big C附近,75,1,本轮新增名称候选,,固定实体候选,通过｜新增进入Google候选,商务/过渡,"打车10分钟约80泰铢,上楼办理入住",曼谷东站—罗勇市区star convention hotel,https://www.xiaohongshu.com/explore/6a76c2d9000000002c0044cc?xsec_token_redacted=1&xsec_source=pc_dots,回答名称来自点点AI；正文直接命中是引用帖内字符串核对，不代表热度，也不等于Google事实核验
罗勇府,住宿酒店,Tubtim Resort,Tubtim Resort,海岛度假村,岛中部,75,1,本轮新增名称候选,,固定实体候选,通过｜新增进入Google候选,度假/躺平,"私人海滩、人少安静,600元/晚",沙美岛来对了,https://www.xiaohongshu.com/explore/6a8eff69000000002502467f?xsec_token_redacted=1&xsec_source=pc_dots,回答名称来自点点AI；正文直接命中是引用帖内字符串核对，不代表热度，也不等于Google事实核验
洛坤府,餐饮美食,225 Café Homemade,225 คาเฟ่ โฮมเมด,咖啡馆,洛坤,29,1,本轮新增名称候选,,固定实体候选,通过｜新增进入Google候选,休闲放松,溪边咖啡店、虫鸣鸟叫环境,泰国不止有普吉甲米！洛坤府，南部宝藏地🛵,https://www.xiaohongshu.com/explore/6a5df157000000000f012a11?xsec_token_redacted=1&xsec_source=pc_dots,回答名称来自点点AI；正文直接命中是引用帖内字符串核对，不代表热度，也不等于Google事实核验
洛坤府,餐饮美食,Aston Gilbert Coffee,แอสตัน กิลเบิร์ต คาเฟ่,咖啡馆,洛坤,29,1,本轮新增名称候选,,固定实体候选,通过｜新增进入Google候选,拍照打卡,玻璃房咖啡馆、每个角落出片,泰国不止有普吉甲米！洛坤府，南部宝藏地🛵,https://www.xiaohongshu.com/explore/6a5df157000000000f012a11?xsec_token_redacted=1&xsec_source=pc_dots,回答名称来自点点AI；正文直接命中是引用帖内字符串核对，不代表热度，也不等于Google事实核验
洛坤府,景点观光,Khanom Beach,หาดขนอม,海滩,卡农县,29,1,本轮新增名称候选,,固定实体候选,通过｜新增进入Google候选,海边休闲,本地人私藏海滩、水清沙幼人少、偶遇粉色海豚,泰国不止有普吉甲米！洛坤府，南部宝藏地🛵,https://www.xiaohongshu.com/explore/6a5df157000000000f012a11?xsec_token_redacted=1&xsec_source=pc_dots,回答名称来自点点AI；正文直接命中是引用帖内字符串核对，不代表热度，也不等于Google事实核验
洛坤府,景点观光,Khao Phlai Dam Coastal Road,เขาพลายดํา沿海公路,景观公路,洛坤,29,1,本轮新增名称候选,,固定实体候选,通过｜新增进入Google候选,自驾/拍照,泰国最美海滨公路、8公里海岸线、远眺苏梅岛帕岸岛,泰国不止有普吉甲米！洛坤府，南部宝藏地🛵,https://www.xiaohongshu.com/explore/6a5df157000000000f012a11?xsec_token_redacted=1&xsec_source=pc_dots,回答名称来自点点AI；正文直接命中是引用帖内字符串核对，不代表热度，也不等于Google事实核验
洛坤府,景点观光,Wat Ai Khai,วัดไอ้ไข่,寺庙,洛坤,29,1,本轮新增名称候选,,固定实体候选,通过｜新增进入Google候选,求财祈福,泰国超灵求财神庙、拜艾凯神童、烧炮仗还神、红公鸡雕像,泰国不止有普吉甲米！洛坤府，南部宝藏地🛵,https://www.xiaohongshu.com/explore/6a5df157000000000f012a11?xsec_token_redacted=1&xsec_source=pc_dots,回答名称来自点点AI；正文直接命中是引用帖内字符串核对，不代表热度，也不等于Google事实核验
洛坤府,景点观光,Khiriwong Village,หมู่บ้านคีรีวง,目的地城市与度假区,洛坤,29,1,本轮新增名称候选,,固定实体候选,通过｜新增进入Google候选,自然爱好者,泰国公认空气最好小清新村、骑车溯溪、瀑布玩水,泰国不止有普吉甲米！洛坤府，南部宝藏地🛵,https://www.xiaohongshu.com/explore/6a5df157000000000f012a11?xsec_token_redacted=1&xsec_source=pc_dots,回答名称来自点点AI；正文直接命中是引用帖内字符串核对，不代表热度，也不等于Google事实核验
难府,餐饮美食,Bali Nan Viewpoint & Cafe,จุดชมวิวบาหลี น่าน แอนด์ คาเฟ่,观景台/咖啡馆,难府,29,1,本轮新增名称候选,,固定实体候选,通过｜新增进入Google候选,拍照打卡,人造景点、天空之门拍照、山景咖啡,🇹🇭泰国小众游 | 记录小狗的难府行,https://www.xiaohongshu.com/explore/694c0855000000001f00aaba?xsec_token_redacted=1&xsec_source=pc_dots,回答名称来自点点AI；正文直接命中是引用帖内字符串核对，不代表热度，也不等于Google事实核验
难府,餐饮美食,Pangwua Farm Cafe & Camping,ไร่ปางวัว,农场咖啡馆,难府,29,1,本轮新增名称候选,,固定实体候选,通过｜新增进入Google候选,亲子/露营,评分高餐厅、烤猪肉必吃、露营体验,🇹🇭泰国小众游 | 记录小狗的难府行,https://www.xiaohongshu.com/explore/694c0855000000001f00aaba?xsec_token_redacted=1&xsec_source=pc_dots,回答名称来自点点AI；正文直接命中是引用帖内字符串核对，不代表热度，也不等于Google事实核验
难府,景点观光,Doi Phu Kha National Park,ดอยภูคา国家公园,国家公园,普卡县,29,1,本轮新增名称候选,,固定实体候选,通过｜新增进入Google候选,自然爱好者,云海日出、星空观测、1715号观景台日落,泰国难府，47万人活成了世外桃源,https://www.xiaohongshu.com/explore/6a40d20f00000000110113e3?xsec_token_redacted=1&xsec_source=pc_dots,回答名称来自点点AI；正文直接命中是引用帖内字符串核对，不代表热度，也不等于Google事实核验
难府,景点观光,Nan National Museum,พิพิธภัณฑสถานแห่งชาติน่าน,博物馆,难府古城,29,1,本轮新增名称候选,,固定实体候选,通过｜新增进入Google候选,历史爱好者,百年建筑、兰纳时期文物、历任统治者遗物,泰国难府，47万人活成了世外桃源,https://www.xiaohongshu.com/explore/6a40d20f00000000110113e3?xsec_token_redacted=1&xsec_source=pc_dots,回答名称来自点点AI；正文直接命中是引用帖内字符串核对，不代表热度，也不等于Google事实核验
难府,景点观光,Wat Phumin,วัดภูมินทร์,寺庙,难府古城,29,2,本轮新增名称候选,,固定实体候选,通过｜新增进入Google候选,文化爱好者,"兰纳艺术壁画、""爱的低语""壁画、泰北文化符号","难府｜看普明寺壁画✨
泰国难府，47万人活成了世外桃源","https://www.xiaohongshu.com/explore/6a81790c0000000028033a7f?xsec_token_redacted=1&xsec_source=pc_dots
https://www.xiaohongshu.com/explore/6a40d20f00000000110113e3?xsec_token_redacted=1&xsec_source=pc_dots",回答名称来自点点AI；正文直接命中是引用帖内字符串核对，不代表热度，也不等于Google事实核验
难府,住宿酒店,Utopua Resort,ยูโทปัวว์ รีสอร์ท,度假酒店,难府,29,1,本轮新增名称候选,,固定实体候选,通过｜新增进入Google候选,带宠物游客,房间大而新、含早餐、宠物友好(+500铢/晚),🇹🇭泰国小众游 | 记录小狗的难府行,https://www.xiaohongshu.com/explore/694c0855000000001f00aaba?xsec_token_redacted=1&xsec_source=pc_dots,回答名称来自点点AI；正文直接命中是引用帖内字符串核对，不代表热度，也不等于Google事实核验
攀牙府,餐饮美食,Adaman Restaurant,阿达曼餐厅,海鲜大排档,海滩边,51,1,本轮新增名称候选,,固定实体候选,通过｜新增进入Google候选,家庭/性价比,螃蟹、鱿鱼、豆腐汤、马杀鸡,10-万豪考拉adaman restaurant,https://www.xiaohongshu.com/explore/6a630d05000000000101cdd6?xsec_token_redacted=1&xsec_source=pc_dots,回答名称来自点点AI；正文直接命中是引用帖内字符串核对，不代表热度，也不等于Google事实核验
攀牙府,餐饮美食,Bamboo Pool Bar,竹泳池吧,泳池酒吧,Le Méridien酒店,51,1,本轮新增名称候选,,固定实体候选,通过｜新增进入Google候选,泳池小憩,清凉鸡尾酒、烟熏烧烤小食,泰国考拉美食全攻略🍴全天候度假味觉之旅,https://www.xiaohongshu.com/explore/691486240000000005031bfb?xsec_token_redacted=1&xsec_source=pc_dots,回答名称来自点点AI；正文直接命中是引用帖内字符串核对，不代表热度，也不等于Google事实核验
攀牙府,餐饮美食,Ban Khao Lak Seafood,班考拉海鲜餐厅,湖景海鲜,kao kao kao湖边,51,1,本轮新增名称候选,,固定实体候选,通过｜新增进入Google候选,庭院/特色,泰式庭院、马桶+蹲坑结合厕所,🇹🇭考拉•一家湖景餐厅,https://www.xiaohongshu.com/explore/698b3d9d000000001b0152ef?xsec_token_redacted=1&xsec_source=pc_dots,回答名称来自点点AI；正文直接命中是引用帖内字符串核对，不代表热度，也不等于Google事实核验
攀牙府,餐饮美食,Beach Grill & Bar,海滨烧烤餐厅,海鲜烧烤,Le Méridien酒店内,51,2,本轮新增名称候选,,固定实体候选,通过｜新增进入Google候选,情侣/日落,露天临海、炭火海鲜、落日氛围,"没有遗憾的普吉岛之旅从选对酒店开始
泰国考拉美食全攻略🍴全天候度假味觉之旅","https://www.xiaohongshu.com/explore/6a2ea71c000000003501f288?xsec_token_redacted=1&xsec_source=pc_dots
https://www.xiaohongshu.com/explore/691486240000000005031bfb?xsec_token_redacted=1&xsec_source=pc_dots",回答名称来自点点AI；正文直接命中是引用帖内字符串核对，不代表热度，也不等于Google事实核验
攀牙府,餐饮美食,Boonta by the Beach,邦塔海滩咖啡馆,玻璃房咖啡馆,海边,51,1,本轮新增名称候选,,固定实体候选,通过｜新增进入Google候选,安静/自然,玻璃房子看海、建设中、细节需改进,"（Phang-nga攀牙湾）Boonta by the Beach🌵
地址：9",https://www.xiaohongshu.com/explore/64d67388000000000c035e2e?xsec_token_redacted=1&xsec_source=pc_dots,回答名称来自点点AI；正文直接命中是引用帖内字符串核对，不代表热度，也不等于Google事实核验
攀牙府,餐饮美食,Coconut Jo's,椰子乔海滩酒吧,海滩酒吧,Le Méridien海滩,51,1,本轮新增名称候选,,固定实体候选,通过｜新增进入Google候选,日落/躺平,新鲜椰子、特调鸡尾酒,泰国考拉美食全攻略🍴全天候度假味觉之旅,https://www.xiaohongshu.com/explore/691486240000000005031bfb?xsec_token_redacted=1&xsec_source=pc_dots,回答名称来自点点AI；正文直接命中是引用帖内字符串核对，不代表热度，也不等于Google事实核验
攀牙府,餐饮美食,Delicacy Khaolak,美味考拉咖啡馆,巴厘风咖啡馆,Khuekkhak,51,1,本轮新增名称候选,,固定实体候选,通过｜新增进入Google候选,甜品/拍照,巴厘岛风格、Timber巧克力甜品,"（KhaoLak考拉）Delicacy Khaolak🌷
地址：4, 12,",https://www.xiaohongshu.com/explore/66ae1fe30000000009017602?xsec_token_redacted=1&xsec_source=pc_dots,回答名称来自点点AI；正文直接命中是引用帖内字符串核对，不代表热度，也不等于Google事实核验
攀牙府,餐饮美食,Gelato 39 Italian Ice Cream,意式冰淇淋店,冰淇淋,邦娘夜市附近,51,1,本轮新增名称候选,,固定实体候选,通过｜新增进入Google候选,甜品/平价,69泰铢/球、无花果/黑巧克力味,考拉兰儒国家公园🏞️徒步路线和邦娘夜市,https://www.xiaohongshu.com/explore/693adc45000000001e028d33?xsec_token_redacted=1&xsec_source=pc_dots,回答名称来自点点AI；正文直接命中是引用帖内字符串核对，不代表热度，也不等于Google事实核验
攀牙府,餐饮美食,Go Pong,高朋餐厅,泰式料理,主街,51,2,本轮新增名称候选,,固定实体候选,通过｜新增进入Google候选,预算/争议,评价两极、有人推荐有人报吃,"向全世界安利普吉周边度假小镇—考拉
🌴 普吉岛北边小众宝藏海滨-Khao Lak考拉","https://www.xiaohongshu.com/explore/67d15c99000000001201ea99?xsec_token_redacted=1&xsec_source=pc_dots
https://www.xiaohongshu.com/explore/691989db0000000007035282?xsec_token_redacted=1&xsec_source=pc_dots",回答名称来自点点AI；正文直接命中是引用帖内字符串核对，不代表热度，也不等于Google事实核验
攀牙府,餐饮美食,Gop Phochana,戈普波查纳餐厅,地道泰南菜,渔村,51,1,本轮新增名称候选,,固定实体候选,通过｜新增进入Google候选,地道体验,冬阴功皮鱼汤、虾仁炒臭豆、泰南特色,攀牙必吃地道泰南菜,https://www.xiaohongshu.com/explore/6a1e85c8000000001002d000?xsec_token_redacted=1&xsec_source=pc_dots,回答名称来自点点AI；正文直接命中是引用帖内字符串核对，不代表热度，也不等于Google事实核验
攀牙府,餐饮美食,KOPI KUAPA Cafe,高巴咖啡,复古咖啡馆,老城区,51,1,本轮新增名称候选,,固定实体候选,通过｜新增进入Google候选,文化漫游,百年老屋、南洋华人文化、安静,避开人潮｜普吉周边小众目的地推荐！,https://www.xiaohongshu.com/explore/67790b2c000000000900e8e5?xsec_token_redacted=1&xsec_source=pc_dots,回答名称来自点点AI；正文直接命中是引用帖内字符串核对，不代表热度，也不等于Google事实核验
攀牙府,餐饮美食,La Malila Café,拉玛丽拉咖啡馆,咖啡/甜点,小巷,51,1,本轮新增名称候选,,固定实体候选,通过｜新增进入Google候选,咖啡爱好者,白色建筑、自家烘焙、Khao Lak Roaster供豆,純白色建築有實力網美級咖啡廳咖啡烘焙冠軍,https://www.xiaohongshu.com/explore/684e69d90000000012006419?xsec_token_redacted=1&xsec_source=pc_dots,回答名称来自点点AI；正文直接命中是引用帖内字符串核对，不代表热度，也不等于Google事实核验
攀牙府,餐饮美食,Latitude 08,纬度08大堂酒吧,精致酒廊,Le Méridien酒店,51,1,本轮新增名称候选,,固定实体候选,通过｜新增进入Google候选,晚间小酌,盖茨比风格、手工鸡尾酒,泰国考拉美食全攻略🍴全天候度假味觉之旅,https://www.xiaohongshu.com/explore/691486240000000005031bfb?xsec_token_redacted=1&xsec_source=pc_dots,回答名称来自点点AI；正文直接命中是引用帖内字符串核对，不代表热度，也不等于Google事实核验
攀牙府,餐饮美食,Le Scoop,乐思酷普,咖啡冰淇淋,Le Méridien酒店,51,1,本轮新增名称候选,,固定实体候选,通过｜新增进入Google候选,下午茶,新鲜烘焙、自制gelato,泰国考拉美食全攻略🍴全天候度假味觉之旅,https://www.xiaohongshu.com/explore/691486240000000005031bfb?xsec_token_redacted=1&xsec_source=pc_dots,回答名称来自点点AI；正文直接命中是引用帖内字符串核对，不代表热度，也不等于Google事实核验
攀牙府,餐饮美食,Makai Cafe and Space,牧井咖啡馆,日式木屋咖啡馆,小镇街角,51,2,本轮新增名称候选,,固定实体候选,通过｜新增进入Google候选,治愈系,原木风、蛋挞推荐,"📍Makai Cafe and Space｜泰国攀牙府・泰米昂
（Phang-nga攀牙湾）🐋Makai Cafe and Space🪵
地","https://www.xiaohongshu.com/explore/6864bce100000000110038fa?xsec_token_redacted=1&xsec_source=pc_dots
https://www.xiaohongshu.com/explore/6235a7bc000000000102bbc3?xsec_token_redacted=1&xsec_source=pc_dots",回答名称来自点点AI；正文直接命中是引用帖内字符串核对，不代表热度，也不等于Google事实核验
攀牙府,餐饮美食,Mali Restaurant,玛丽餐厅,海鲜,主街,51,1,本轮新增名称候选,,固定实体候选,通过｜新增进入Google候选,海鲜爱好者,海鲜新鲜、蘸水绝,🌴 普吉岛北边小众宝藏海滨-Khao Lak考拉,https://www.xiaohongshu.com/explore/691989db0000000007035282?xsec_token_redacted=1&xsec_source=pc_dots,回答名称来自点点AI；正文直接命中是引用帖内字符串核对，不代表热度，也不等于Google事实核验
攀牙府,餐饮美食,Mum Aroi,姆阿罗伊餐厅,海鲜大排档,渔村海边,51,1,本轮新增名称候选,,固定实体候选,通过｜新增进入Google候选,海鲜/本地,木制架空餐厅、海鲜新鲜、螺推荐,攀牙府渔村里的海鲜小餐馆~普吉岛,https://www.xiaohongshu.com/explore/68a9e40d000000001b033b38?xsec_token_redacted=1&xsec_source=pc_dots,回答名称来自点点AI；正文直接命中是引用帖内字符串核对，不代表热度，也不等于Google事实核验
攀牙府,餐饮美食,Nai Mueang Restaurant,奈孟餐厅,复古泰餐,镇中心,51,1,本轮新增名称候选,,固定实体候选,通过｜新增进入Google候选,打卡/本地,泰南特色菜肴、复古风,避开人潮｜普吉周边小众目的地推荐！,https://www.xiaohongshu.com/explore/67790b2c000000000900e8e5?xsec_token_redacted=1&xsec_source=pc_dots,回答名称来自点点AI；正文直接命中是引用帖内字符串核对，不代表热度，也不等于Google事实核验
攀牙府,餐饮美食,NernKhao View Talay,山顶景观餐厅,泰式料理,Ban Suansin酒店旁,51,1,本轮新增名称候选,,固定实体候选,通过｜新增进入Google候选,摄影/景观,米其林、山顶view、人均60元,人均60元，都给我冲泰国攀牙山顶米其林餐厅,https://www.xiaohongshu.com/explore/63f6052600000000270299a4?xsec_token_redacted=1&xsec_source=pc_dots,回答名称来自点点AI；正文直接命中是引用帖内字符串核对，不代表热度，也不等于Google事实核验
攀牙府,餐饮美食,OLIVE,橄榄意大利餐厅,意式料理,海滩旁,51,1,本轮新增名称候选,,固定实体候选,通过｜新增进入Google候选,意餐/落日,手工窑烤披萨、意式和牛饺子、落日海景,落日海景🌅｜考拉海滩私藏餐厅推荐🍴,https://www.xiaohongshu.com/explore/6745a90900000000080056c6?xsec_token_redacted=1&xsec_source=pc_dots,回答名称来自点点AI；正文直接命中是引用帖内字符串核对，不代表热度，也不等于Google事实核验
攀牙府,餐饮美食,Panasia Grill & Bar,帕纳西亚烧烤酒吧,屋顶餐厅,JW万豪6楼,51,2,本轮新增名称候选,,固定实体候选,通过｜新增进入Google候选,高端/落日,唯一屋顶餐厅、自烤和牛、日式/西式/韩式套餐,"带娃出行，晚餐和按摩依然只属于我们两个人
考拉万豪唯一屋顶餐厅|自烤和牛+落日海景","https://www.xiaohongshu.com/explore/6a7c29960000000022010d8d?xsec_token_redacted=1&xsec_source=pc_dots
https://www.xiaohongshu.com/explore/69c2acdb000000002200e2b3?xsec_token_redacted=1&xsec_source=pc_dots",回答名称来自点点AI；正文直接命中是引用帖内字符串核对，不代表热度，也不等于Google事实核验
攀牙府,餐饮美食,Ruan Thai Kitchen,阮泰厨房,泰式料理,海滩,51,1,本轮新增名称候选,,固定实体候选,通过｜新增进入Google候选,性价比,龙虾1400铢、物美价廉、送糯米饭,来考拉海滩再不来这家餐厅我真的会…,https://www.xiaohongshu.com/explore/676415dc000000000b00c5ed?xsec_token_redacted=1&xsec_source=pc_dots,回答名称来自点点AI；正文直接命中是引用帖内字符串核对，不代表热度，也不等于Google事实核验
攀牙府,餐饮美食,Takrai Thai Restaurant,塔克莱泰餐厅,正宗泰餐,JW万豪内,51,1,本轮新增名称候选,,固定实体候选,通过｜新增进入Google候选,泰餐爱好者,南部泰式风味、冬阴功、咖喱,Takrai Thai Restaurant Khao Lak 泰餐,https://www.xiaohongshu.com/explore/6a5e370b0000000001030ee3?xsec_token_redacted=1&xsec_source=pc_dots,回答名称来自点点AI；正文直接命中是引用帖内字符串核对，不代表热度，也不等于Google事实核验
攀牙府,餐饮美食,The Nest,巢穴餐厅,国际自助,Le Méridien酒店,51,1,本轮新增名称候选,,固定实体候选,通过｜新增进入Google候选,全天候,户外露台、丰富自助、下午茶,泰国考拉美食全攻略🍴全天候度假味觉之旅,https://www.xiaohongshu.com/explore/691486240000000005031bfb?xsec_token_redacted=1&xsec_source=pc_dots,回答名称来自点点AI；正文直接命中是引用帖内字符串核对，不代表热度，也不等于Google事实核验
攀牙府,餐饮美食,The Pizzeria,披萨店,意式披萨,Le Méridien酒店,51,2,本轮新增名称候选,,固定实体候选,通过｜新增进入Google候选,家庭/换口味,木炉烘烤、经典意式,"考拉（蔻丽）一个泰国最喜欢的宝藏地
泰国考拉美食全攻略🍴全天候度假味觉之旅","https://www.xiaohongshu.com/explore/68f3b6e900000000070083c4?xsec_token_redacted=1&xsec_source=pc_dots
https://www.xiaohongshu.com/explore/691486240000000005031bfb?xsec_token_redacted=1&xsec_source=pc_dots",回答名称来自点点AI；正文直接命中是引用帖内字符串核对，不代表热度，也不等于Google事实核验
攀牙府,餐饮美食,Tiewson,蒂乌森餐厅,泰式料理,镇中心(不靠海),51,1,本轮新增名称候选,,固定实体候选,通过｜新增进入Google候选,家庭/地道,椰子牛肉咖喱、打抛饭、蒜蓉系列,考拉（蔻丽）一个泰国最喜欢的宝藏地,https://www.xiaohongshu.com/explore/68f3b6e900000000070083c4?xsec_token_redacted=1&xsec_source=pc_dots,回答名称来自点点AI；正文直接命中是引用帖内字符串核对，不代表热度，也不等于Google事实核验
攀牙府,餐饮美食,Valhalla 咖啡馆,山顶海景咖啡馆,咖啡/简餐,山上,51,1,本轮新增名称候选,,固定实体候选,通过｜新增进入Google候选,摄影/海景,拿铁、橙味美式、榛子巧克力可颂,Valhalla 咖啡馆,https://www.xiaohongshu.com/explore/683d76b90000000022024cc6?xsec_token_redacted=1&xsec_source=pc_dots,回答名称来自点点AI；正文直接命中是引用帖内字符串核对，不代表热度，也不等于Google事实核验
攀牙府,餐饮美食,Valhalla Tree House,瓦尔哈拉树屋咖啡馆,森林系咖啡馆,山顶,51,1,本轮新增名称候选,,固定实体候选,通过｜新增进入Google候选,摄影/网红,海景、透明玻璃屋、冲浪女星打造,拷叻最美森林系咖啡廳~泰國網紅拍照打卡,https://www.xiaohongshu.com/explore/6832da5b00000000120007f0?xsec_token_redacted=1&xsec_source=pc_dots,回答名称来自点点AI；正文直接命中是引用帖内字符串核对，不代表热度，也不等于Google事实核验
攀牙府,购物商业,Nang Thong 夜市,南通夜市,小型夜市,南通区,51,1,本轮新增名称候选,,固定实体候选,通过｜新增进入Google候选,本地/平价,规模较小、本地美食、泰式按摩,🌴 普吉岛北边小众宝藏海滨-Khao Lak考拉,https://www.xiaohongshu.com/explore/691989db0000000007035282?xsec_token_redacted=1&xsec_source=pc_dots,回答名称来自点点AI；正文直接命中是引用帖内字符串核对，不代表热度，也不等于Google事实核验
攀牙府,交通服务,HinRomPier,欣罗姆码头,长尾船码头,攀牙湾入口,51,1,本轮新增名称候选,,固定实体候选,通过｜新增进入Google候选,跳岛游,2000泰铢包船、皮划艇探洞,攀牙2天纯玩真实体验,https://www.xiaohongshu.com/explore/66e1103e0000000027000e7f?xsec_token_redacted=1&xsec_source=pc_dots,回答名称来自点点AI；正文直接命中是引用帖内字符串核对，不代表热度，也不等于Google事实核验
攀牙府,交通服务,Jian Wanich Pier,建瓦尼奇码头,轮渡码头,返回普吉,51,1,本轮新增名称候选,,固定实体候选,通过｜新增进入Google候选,跨岛交通,150-200泰铢/人、1小时船程,如何去瑶亚岛（Koh Yao yai）也叫大长岛,https://www.xiaohongshu.com/explore/65c841f0000000000c007228?xsec_token_redacted=1&xsec_source=pc_dots,回答名称来自点点AI；正文直接命中是引用帖内字符串核对，不代表热度，也不等于Google事实核验
攀牙府,交通服务,Laem Hin Pier,莱姆欣码头(皇家码头),轮渡码头,瑶亚岛方向,51,1,本轮新增名称候选,,固定实体候选,通过｜新增进入Google候选,跨岛交通,140-300泰铢/人、1.5小时船程,如何去瑶亚岛（Koh Yao yai）也叫大长岛,https://www.xiaohongshu.com/explore/65c841f0000000000c007228?xsec_token_redacted=1&xsec_source=pc_dots,回答名称来自点点AI；正文直接命中是引用帖内字符串核对，不代表热度，也不等于Google事实核验
攀牙府,交通服务,Sarasin Bridge,萨拉辛桥,跨海大桥,渔村,51,1,本轮新增名称候选,,固定实体候选,通过｜新增进入Google候选,海鲜餐厅,桥边渔村、Mum Aroi餐厅,攀牙府渔村里的海鲜小餐馆~普吉岛,https://www.xiaohongshu.com/explore/68a9e40d000000001b033b38?xsec_token_redacted=1&xsec_source=pc_dots,回答名称来自点点AI；正文直接命中是引用帖内字符串核对，不代表热度，也不等于Google事实核验
攀牙府,景点观光,Bang Niang Beach,邦娘海滩,海滩,邦娘区,51,1,本轮新增名称候选,,固定实体候选,通过｜新增进入Google候选,家庭/度假,细软白沙、果冻海、秋千架,🇹🇭泰国!考拉!不愧是亲子酒店天花板,https://www.xiaohongshu.com/explore/69e6ebaf000000002200eb84?xsec_token_redacted=1&xsec_source=pc_dots,回答名称来自点点AI；正文直接命中是引用帖内字符串核对，不代表热度，也不等于Google事实核验
攀牙府,景点观光,Khuk Khak Beach,库克卡克海滩,海滩,The Haven酒店前,51,1,本轮新增名称候选,,固定实体候选,通过｜新增进入Google候选,静谧/成人,5000m2海水泳池、12岁+,🌊邂逅宁静——The Haven Khao Lak🌊,https://www.xiaohongshu.com/explore/6a6171b5000000000f0110cd?xsec_token_redacted=1&xsec_source=pc_dots,回答名称来自点点AI；正文直接命中是引用帖内字符串核对，不代表热度，也不等于Google事实核验
攀牙府,景点观光,Small Sandy Beach,小沙滩,隐蔽海滩,小众,51,1,本轮新增名称候选,,固定实体候选,通过｜新增进入Google候选,安静/私密,人少、适合躺平,向全世界安利普吉周边度假小镇—考拉,https://www.xiaohongshu.com/explore/67d15c99000000001201ea99?xsec_token_redacted=1&xsec_source=pc_dots,回答名称来自点点AI；正文直接命中是引用帖内字符串核对，不代表热度，也不等于Google事实核验
攀牙府,景点观光,The Little Amazon Takuapa,小亚马逊塔库阿帕,雨林皮划艇,热带雨林,51,1,本轮新增名称候选,,固定实体候选,通过｜新增进入Google候选,亲子/体验,500泰铢/大人、看野生动物(蛇),泰国南部 Phang Nga 攀牙的活动,https://www.xiaohongshu.com/explore/68cab5c10000000013034d3b?xsec_token_redacted=1&xsec_source=pc_dots,回答名称来自点点AI；正文直接命中是引用帖内字符串核对，不代表热度，也不等于Google事实核验
攀牙府,康养SPA,Finn Massage,芬恩按摩,精油按摩,邦娘夜市附近,51,1,本轮新增名称候选,,固定实体候选,通过｜新增进入Google候选,性价比,650泰铢/小时、预约方便,🇹🇭考拉Khao Lak - 四天四夜,https://www.xiaohongshu.com/explore/69cbb7c4000000001a028066?xsec_token_redacted=1&xsec_source=pc_dots,回答名称来自点点AI；正文直接命中是引用帖内字符串核对，不代表热度，也不等于Google事实核验
攀牙府,康养SPA,Nalinya Spa,娜琳雅SPA,亲子SPA,卡塔坦尼金沙度假村,51,1,本轮新增名称候选,,固定实体候选,通过｜新增进入Google候选,家庭/亲子,90-120分钟家庭套餐、4-10岁儿童专属,家庭Spa💆才是泰国亲子游正确打开方式！,https://www.xiaohongshu.com/explore/673b22a60000000008005402?xsec_token_redacted=1&xsec_source=pc_dots,回答名称来自点点AI；正文直接命中是引用帖内字符串核对，不代表热度，也不等于Google事实核验
攀牙府,康养SPA,Quan Spa,权SPA,高端SPA,JW万豪酒店内,51,1,本轮新增名称候选,,固定实体候选,通过｜新增进入Google候选,住客/放松,泰式按摩、Facial、住客优惠,考拉JW 万豪水疗度假酒店,https://www.xiaohongshu.com/explore/6a5b3db4000000000301fe63?xsec_token_redacted=1&xsec_source=pc_dots,回答名称来自点点AI；正文直接命中是引用帖内字符串核对，不代表热度，也不等于Google事实核验
攀牙府,康养SPA,Sala Massage,萨拉按摩,海滩按摩,卡塔坦尼金沙度假村,51,1,本轮新增名称候选,,固定实体候选,通过｜新增进入Google候选,情侣/仪式感,面朝大海、海风、专业手法,家庭Spa💆才是泰国亲子游正确打开方式！,https://www.xiaohongshu.com/explore/673b22a60000000008005402?xsec_token_redacted=1&xsec_source=pc_dots,回答名称来自点点AI；正文直接命中是引用帖内字符串核对，不代表热度，也不等于Google事实核验
攀牙府,住宿酒店,Ban Suansin,班苏安辛酒店,小木屋酒店,山顶,51,1,本轮新增名称候选,,固定实体候选,通过｜新增进入Google候选,预算/景观,140元小木屋、NernKhao View Talay餐厅,人均60元，都给我冲泰国攀牙山顶米其林餐厅,https://www.xiaohongshu.com/explore/63f6052600000000270299a4?xsec_token_redacted=1&xsec_source=pc_dots,回答名称来自点点AI；正文直接命中是引用帖内字符串核对，不代表热度，也不等于Google事实核验
攀牙府,住宿酒店,Devasom Khao Lak Beach Resort & Villas,德瓦颂酒店,豪华度假村,邦萨海滩,51,2,本轮新增名称候选,,固定实体候选,通过｜新增进入Google候选,情侣/避世,泰式风情、米其林TAKOLA餐厅、SPA、买手店,"考拉（蔻丽）一个泰国最喜欢的宝藏地
没有遗憾的普吉岛之旅从选对酒店开始","https://www.xiaohongshu.com/explore/68f3b6e900000000070083c4?xsec_token_redacted=1&xsec_source=pc_dots
https://www.xiaohongshu.com/explore/6a2ea71c000000003501f288?xsec_token_redacted=1&xsec_source=pc_dots",回答名称来自点点AI；正文直接命中是引用帖内字符串核对，不代表热度，也不等于Google事实核验
攀牙府,住宿酒店,Eden Beach Khao Lak Resort & Spa,考拉伊甸海滩度假村,四星级度假村,邦娘海滩,51,1,本轮新增名称候选,,固定实体候选,通过｜新增进入Google候选,家庭/冲浪,近斯米兰码头、热带园林、餐厅美味,考拉🏝️不想走的人生酒店！巨好住！太舒服了！,https://www.xiaohongshu.com/explore/69f95d9d0000000035023e99?xsec_token_redacted=1&xsec_source=pc_dots,回答名称来自点点AI；正文直接命中是引用帖内字符串核对，不代表热度，也不等于Google事实核验
攀牙府,住宿酒店,JW Marriott Khao Lak Resort & Spa,考拉JW万豪水疗度假酒店,五星级度假村,邦萨海滩,51,7,本轮新增名称候选,,固定实体候选,通过｜新增进入Google候选,家庭/情侣,4km泳池、私家海滩、Quan Spa、多餐厅,"攀牙府考叻
🇹🇭普吉岛！男大豪赌普吉岛成功了！！！！
🌴 普吉岛北边小众宝藏海滨-Khao Lak考拉
考拉JW 万豪水疗度假酒店
泰国考拉镇Bang Niang夜市","https://www.xiaohongshu.com/explore/677de47b0000000001001f00?xsec_token_redacted=1&xsec_source=pc_dots
https://www.xiaohongshu.com/explore/6a0d5846000000003502093f?xsec_token_redacted=1&xsec_source=pc_dots
https://www.xiaohongshu.com/explore/691989db0000000007035282?xsec_token_redacted=1&xsec_source=pc_dots
https://www.xiaohongshu.com/explore/6a5b3db4000000000301fe63?xsec_token_redacted=1&xsec_source=pc_dots
https://www.xiaohongshu.com/explore/69b6aba5000000001f005aee?xsec_token_redacted=1&xsec_source=pc_dots",回答名称来自点点AI；正文直接命中是引用帖内字符串核对，不代表热度，也不等于Google事实核验
攀牙府,住宿酒店,Khaolak Bhandari Resort & Spa,考拉班达里度假村,泰式度假村,热带花园,51,1,本轮新增名称候选,,固定实体候选,通过｜新增进入Google候选,性价比/躺平,纯泰式木质建筑、无边泳池、SPA馆,泰国神仙度假村🥹百元住出安纳塔拉顶配度假,https://www.xiaohongshu.com/explore/6a4c5cf30000000007024cf8?xsec_token_redacted=1&xsec_source=pc_dots,回答名称来自点点AI；正文直接命中是引用帖内字符串核对，不代表热度，也不等于Google事实核验
攀牙府,住宿酒店,Kokotel Khao Lak Montana,科科特尔考拉蒙塔纳酒店,中端酒店,镇中心,51,1,本轮新增名称候选,,固定实体候选,通过｜新增进入Google候选,预算/便利,隔音差、租摩托车方便,🇹🇭考拉Khao Lak - 四天四夜,https://www.xiaohongshu.com/explore/69cbb7c4000000001a028066?xsec_token_redacted=1&xsec_source=pc_dots,回答名称来自点点AI；正文直接命中是引用帖内字符串核对，不代表热度，也不等于Google事实核验
攀牙府,住宿酒店,Le Méridien Khao Lak Resort & Spa,考拉艾美水疗度假酒店,五星级度假村,邦萨海滩,51,3,本轮新增名称候选,,固定实体候选,通过｜新增进入Google候选,情侣/度假,Beach Grill餐厅、三泳池、SPA、儿童俱乐部,"在普吉岛考拉❗️私藏必打卡的海边餐厅
普吉岛考拉必打卡清单✨玩这些才叫海岛游！
泰国考拉美食全攻略🍴全天候度假味觉之旅","https://www.xiaohongshu.com/explore/69ff1cc5000000001f007d89?xsec_token_redacted=1&xsec_source=pc_dots
https://www.xiaohongshu.com/explore/69f5f46e0000000023007cb5?xsec_token_redacted=1&xsec_source=pc_dots
https://www.xiaohongshu.com/explore/691486240000000005031bfb?xsec_token_redacted=1&xsec_source=pc_dots",回答名称来自点点AI；正文直接命中是引用帖内字符串核对，不代表热度，也不等于Google事实核验
攀牙府,住宿酒店,Little Khao Lak Coast,小考拉海岸,度假村,海滩,51,1,本轮新增名称候选,,固定实体候选,通过｜新增进入Google候选,家庭/性价比,比普吉便宜一半,考拉（蔻丽）一个泰国最喜欢的宝藏地,https://www.xiaohongshu.com/explore/68f3b6e900000000070083c4?xsec_token_redacted=1&xsec_source=pc_dots,回答名称来自点点AI；正文直接命中是引用帖内字符串核对，不代表热度，也不等于Google事实核验
攀牙府,住宿酒店,Nang Thong Beach Resort,南通海滩度假村,海滩度假村,南通海滩,51,1,本轮新增名称候选,,固定实体候选,通过｜新增进入Google候选,家庭/日落,服务不错、景色好,🇹🇭考拉Khao Lak - 四天四夜,https://www.xiaohongshu.com/explore/69cbb7c4000000001a028066?xsec_token_redacted=1&xsec_source=pc_dots,回答名称来自点点AI；正文直接命中是引用帖内字符串核对，不代表热度，也不等于Google事实核验
攀牙府,住宿酒店,Samet Nangshe Boutique Hotel,萨梅特南舍精品酒店,精品酒店,山顶观景台,51,1,本轮新增名称候选,,固定实体候选,通过｜新增进入Google候选,摄影/日落,Bay View Cafe观景台、俯瞰攀牙湾,避开人潮｜普吉周边小众目的地推荐！,https://www.xiaohongshu.com/explore/67790b2c000000000900e8e5?xsec_token_redacted=1&xsec_source=pc_dots,回答名称来自点点AI；正文直接命中是引用帖内字符串核对，不代表热度，也不等于Google事实核验
攀牙府,住宿酒店,The Haven Khao Lak,考拉避风港酒店,成人专属度假村,库克卡克海滩,51,1,本轮新增名称候选,,固定实体候选,通过｜新增进入Google候选,情侣/静谧,5000m2海水泳池、12岁+、热带花园,🌊邂逅宁静——The Haven Khao Lak🌊,https://www.xiaohongshu.com/explore/6a6171b5000000000f0110cd?xsec_token_redacted=1&xsec_source=pc_dots,回答名称来自点点AI；正文直接命中是引用帖内字符串核对，不代表热度，也不等于Google事实核验
彭世洛府,餐饮美食,Thong Meatball Noodles Since 1977,ลูกชิ้นเนื้อทอง منذ 1977,面馆,彭世洛市区,29,1,本轮新增名称候选,,固定实体候选,通过｜新增进入Google候选,美食爱好者,1977年老店、牛肉丸口感绝、50泰铢一碗,彭世洛旅游攻略 好喜欢这个慢悠悠的城市,https://www.xiaohongshu.com/explore/6a0710220000000036001496?xsec_token_redacted=1&xsec_source=pc_dots,回答名称来自点点AI；正文直接命中是引用帖内字符串核对，不代表热度，也不等于Google事实核验
彭世洛府,景点观光,Sgt. Maj. Thawee Folk Museum,พิพิธภัณฑ์ทหารเอกทวี,民俗博物馆,彭世洛市区,29,1,本轮新增名称候选,,固定实体候选,通过｜新增进入Google候选,文化爱好者,老军人创立、本地民间生活器物收藏,多彩的泰北小城｜ 彭世洛一日游,https://www.xiaohongshu.com/explore/69a07bc9000000002303869c?xsec_token_redacted=1&xsec_source=pc_dots,回答名称来自点点AI；正文直接命中是引用帖内字符串核对，不代表热度，也不等于Google事实核验
彭世洛府,景点观光,Wat Chan Tawan Tok,วัดจันทร์ตะวันตก,寺庙,彭世洛市区,29,1,本轮新增名称候选,,固定实体候选,通过｜新增进入Google候选,拍照打卡,傍晚河对岸远拍、安静有氛围,泰北旅行泰国彭世洛旅游攻略,https://www.xiaohongshu.com/explore/6a799c28000000002c003f20?xsec_token_redacted=1&xsec_source=pc_dots,回答名称来自点点AI；正文直接命中是引用帖内字符串核对，不代表热度，也不等于Google事实核验
彭世洛府,景点观光,Wat Phra Si Rattana Mahathat,วัดพระศรีรัตนมหาธาตุ,寺庙,彭世洛市区,29,3,本轮新增名称候选,,固定实体候选,通过｜新增进入Google候选,文化爱好者,成功佛Phra Phuttha Chinnarat、素可泰艺术巅峰、火焰状背光,"彭世洛旅游攻略 好喜欢这个慢悠悠的城市
泰北旅行泰国彭世洛旅游攻略
多彩的泰北小城｜ 彭世洛一日游","https://www.xiaohongshu.com/explore/6a0710220000000036001496?xsec_token_redacted=1&xsec_source=pc_dots
https://www.xiaohongshu.com/explore/6a799c28000000002c003f20?xsec_token_redacted=1&xsec_source=pc_dots
https://www.xiaohongshu.com/explore/69a07bc9000000002303869c?xsec_token_redacted=1&xsec_source=pc_dots",回答名称来自点点AI；正文直接命中是引用帖内字符串核对，不代表热度，也不等于Google事实核验
彭世洛府,住宿酒店,Nap Corner Hostel,แนป คอร์เนอร์ โฮสเทล,青旅,彭世洛市区,29,1,本轮新增名称候选,,固定实体候选,通过｜新增进入Google候选,背包客,老奶奶经营、绿巷子里、干净安静,彭世洛旅游攻略 好喜欢这个慢悠悠的城市,https://www.xiaohongshu.com/explore/6a0710220000000036001496?xsec_token_redacted=1&xsec_source=pc_dots,回答名称来自点点AI；正文直接命中是引用帖内字符串核对，不代表热度，也不等于Google事实核验
清莱府,餐饮美食,大名点心,ต้าหมิงติ่มซํา,广府点心,市区,69,1,本轮新增名称候选,,固定实体候选,通过｜新增进入Google候选,适合早茶,正宗广府点心、可配泰北汤面,强烈安利我的泰北超值美食地图（个人向）,https://www.xiaohongshu.com/explore/6a6d3a15000000002701fb1c?xsec_token_redacted=1&xsec_source=pc_dots,回答名称来自点点AI；正文直接命中是引用帖内字符串核对，不代表热度，也不等于Google事实核验
清莱府,餐饮美食,A-PA COFFEE,A-PA COFFEE,山谷咖啡馆,101茶园方向,69,1,本轮新增名称候选,,固定实体候选,通过｜新增进入Google候选,适合拍照,最大山谷、三个秋千出片、景色最美,适合中国宝宝的世外桃源——清莱美斯乐(三),https://www.xiaohongshu.com/explore/66594aba00000000160137c0?xsec_token_redacted=1&xsec_source=pc_dots,回答名称来自点点AI；正文直接命中是引用帖内字符串核对，不代表热度，也不等于Google事实核验
清莱府,餐饮美食,Boonsita Vegetarian Restaurant,Boonsita Vegetarian Restaurant,素食餐厅,市区,69,1,本轮新增名称候选,,固定实体候选,通过｜新增进入Google候选,适合素食者,套饭约50泰铢、可自选菜、纯素Khao Soi,强烈安利我的泰北超值美食地图（个人向）,https://www.xiaohongshu.com/explore/6a6d3a15000000002701fb1c?xsec_token_redacted=1&xsec_source=pc_dots,回答名称来自点点AI；正文直接命中是引用帖内字符串核对，不代表热度，也不等于Google事实核验
清莱府,餐饮美食,Chakrapad Chicken Rice,Chakrapad Chicken Rice,炸鸡饭,市区,69,1,本轮新增名称候选,,固定实体候选,通过｜新增进入Google候选,适合简餐,炸鸡套餐加酱必点,强烈安利我的泰北超值美食地图（个人向）,https://www.xiaohongshu.com/explore/6a6d3a15000000002701fb1c?xsec_token_redacted=1&xsec_source=pc_dots,回答名称来自点点AI；正文直接命中是引用帖内字符串核对，不代表热度，也不等于Google事实核验
清莱府,餐饮美食,Chivit Thamma Da Coffee House,ชีวิตธรรมดา คอฟฟี่เฮาส์,咖啡馆兼餐厅,蓝庙旁300米,69,3,本轮新增名称候选,,固定实体候选,通过｜新增进入Google候选,适合拍照/用餐,欧系木屋、临河、三文鱼必点、晚上氛围好,"清萊必打卡的歐系咖啡廳
🇹🇭如果在清莱住一晚，一定要来这家餐厅！
不愧是清莱顶流网红餐厅","https://www.xiaohongshu.com/explore/6925442a000000000d03f338?xsec_token_redacted=1&xsec_source=pc_dots
https://www.xiaohongshu.com/explore/68fb24b50000000004021653?xsec_token_redacted=1&xsec_source=pc_dots
https://www.xiaohongshu.com/explore/6a1c078f0000000037034b78?xsec_token_redacted=1&xsec_source=pc_dots",回答名称来自点点AI；正文直接命中是引用帖内字符串核对，不代表热度，也不等于Google事实核验
清莱府,餐饮美食,Jeheang Noodle Shop,ร้านก๋วยเตี๋ยว เจ้เฮียง เจ้าเก่า,汤粉店,车站旁,69,1,本轮新增名称候选,,固定实体候选,通过｜新增进入Google候选,适合简餐,50泰铢/碗、有中文菜单、酸辣汤底好吃,清莱美食推荐🇹🇭🇹🇭,https://www.xiaohongshu.com/explore/6291c5560000000021034295?xsec_token_redacted=1&xsec_source=pc_dots,回答名称来自点点AI；正文直接命中是引用帖内字符串核对，不代表热度，也不等于Google事实核验
清莱府,餐饮美食,Juktoonhai,Juktoonhai,粥品店,钟楼附近,69,1,本轮新增名称候选,,固定实体候选,通过｜新增进入Google候选,适合早餐/简餐,鱼片粥、泰式脆哨、吃完胃舒服,强烈安利我的泰北超值美食地图（个人向）,https://www.xiaohongshu.com/explore/6a6d3a15000000002701fb1c?xsec_token_redacted=1&xsec_source=pc_dots,回答名称来自点点AI；正文直接命中是引用帖内字符串核对，不代表热度，也不等于Google事实核验
清莱府,餐饮美食,Pa Euan Bua Loy,Pa Euan Bua Loy,甜品店,夜市附近,69,1,本轮新增名称候选,,固定实体候选,通过｜新增进入Google候选,适合吃甜品,小汤圆25泰铢/碗、5种口味、6点-8点营业,清莱美食推荐🇹🇭🇹🇭,https://www.xiaohongshu.com/explore/6291c5560000000021034295?xsec_token_redacted=1&xsec_source=pc_dots,回答名称来自点点AI；正文直接命中是引用帖内字符串核对，不代表热度，也不等于Google事实核验
清莱府,餐饮美食,Pana Coffee House,Pana Coffee House,山路咖啡馆,兴华中学旁小路6km,69,1,本轮新增名称候选,,固定实体候选,通过｜新增进入Google候选,适合探险,路上风景比店里好、路窄陡峭,适合中国宝宝的世外桃源——清莱美斯乐(三),https://www.xiaohongshu.com/explore/66594aba00000000160137c0?xsec_token_redacted=1&xsec_source=pc_dots,回答名称来自点点AI；正文直接命中是引用帖内字符串核对，不代表热度，也不等于Google事实核验
清莱府,餐饮美食,Tharanee Cafe,Tharanee Cafe,森林咖啡馆,白庙以南15-20分钟,69,1,本轮新增名称候选,,固定实体候选,通过｜新增进入Google候选,适合避暑,森林里、溪水边、木屋被绿植包围,【清莱白庙+森林咖啡馆】一天只去这两个地方,https://www.xiaohongshu.com/explore/69b012e2000000001d013e73?xsec_token_redacted=1&xsec_source=pc_dots,回答名称来自点点AI；正文直接命中是引用帖内字符串核对，不代表热度，也不等于Google事实核验
清莱府,餐饮美食,View point Mae Salong Nai,View point Mae Salong Nai,观景咖啡馆,A-PA往回1km,69,1,本轮新增名称候选,,固定实体候选,通过｜新增进入Google候选,适合午餐,有咖啡和餐点、适合解决午餐,适合中国宝宝的世外桃源——清莱美斯乐(三),https://www.xiaohongshu.com/explore/66594aba00000000160137c0?xsec_token_redacted=1&xsec_source=pc_dots,回答名称来自点点AI；正文直接命中是引用帖内字符串核对，不代表热度，也不等于Google事实核验
清莱府,餐饮美食,Wang Put Tan Tea Plantation,Wang Put Tan Tea Plantation,森林咖啡馆,101茶园方向,69,1,本轮新增名称候选,,固定实体候选,通过｜新增进入Google候选,适合品茶,唯一可步行到达、树荫下露台、咖啡品种最丰富,适合中国宝宝的世外桃源——清莱美斯乐(三),https://www.xiaohongshu.com/explore/66594aba00000000160137c0?xsec_token_redacted=1&xsec_source=pc_dots,回答名称来自点点AI；正文直接命中是引用帖内字符串核对，不代表热度，也不等于Google事实核验
清莱府,餐饮美食,WangPutTan Yunnanese Restaurant,ภัตตาคารวังพุดตาล,云南菜,村中,69,1,本轮新增名称候选,,固定实体候选,通过｜新增进入Google候选,适合吃火锅,云南风味、火锅好吃、老板推荐,清莱｜1200海拔的美斯乐村,https://www.xiaohongshu.com/explore/689db1c9000000001d014efa?xsec_token_redacted=1&xsec_source=pc_dots,回答名称来自点点AI；正文直接命中是引用帖内字符串核对，不代表热度，也不等于Google事实核验
清莱府,餐饮美食,Xin Shi Dai Bakery,ซินซือไต้เบเกอรี,面包店,村中,69,1,本轮新增名称候选,,固定实体候选,通过｜新增进入Google候选,适合早餐/下午茶,蛋糕生意好、母亲节很多人买,清莱｜1200海拔的美斯乐村,https://www.xiaohongshu.com/explore/689db1c9000000001d014efa?xsec_token_redacted=1&xsec_source=pc_dots,回答名称来自点点AI；正文直接命中是引用帖内字符串核对，不代表热度，也不等于Google事实核验
清莱府,餐饮美食,Yunnan Chinese Noodle,Yunnan Chinese Noodle,面馆,村中,69,1,本轮新增名称候选,,固定实体候选,通过｜新增进入Google候选,适合简餐,鸡丝馄饨面、老板娘脸臭但面好吃,清莱｜1200海拔的美斯乐村,https://www.xiaohongshu.com/explore/689db1c9000000001d014efa?xsec_token_redacted=1&xsec_source=pc_dots,回答名称来自点点AI；正文直接命中是引用帖内字符串核对，不代表热度，也不等于Google事实核验
清莱府,餐饮美食,ข่วง craft cafe&cats,ข่วง craft cafe,猫咖,城区,69,1,本轮新增名称候选,,固定实体候选,通过｜新增进入Google候选,适合撸猫,旧木门改造、有暹罗猫和拉布拉多、对面有餐厅,清莱文艺咖啡厅,https://www.xiaohongshu.com/explore/69f719ec000000003501dff9?xsec_token_redacted=1&xsec_source=pc_dots,回答名称来自点点AI；正文直接命中是引用帖内字符串核对，不代表热度，也不等于Google事实核验
清莱府,餐饮美食,บ้านใช้ชีวิต,บ้านใช้ชีวิต,木屋咖啡馆,泰缅边境山上,69,1,本轮新增名称候选,,固定实体候选,通过｜新增进入Google候选,适合发呆,手机定位到缅甸、界河边、节奏慢,考古系女生访清莱丨全泰国最北端的木屋咖啡,https://www.xiaohongshu.com/explore/68d8b7ab000000000b03ffa4?xsec_token_redacted=1&xsec_source=pc_dots,回答名称来自点点AI；正文直接命中是引用帖内字符串核对，不代表热度，也不等于Google事实核验
清莱府,购物商业,清莱夜市美食街,Chiang Rai Night Market,夜市,市中心车站旁,69,1,本轮新增名称候选,,固定实体候选,通过｜新增进入Google候选,适合吃小吃,泰北小火锅200泰铢、有live music、5点-10点营业,清莱美食推荐🇹🇭🇹🇭,https://www.xiaohongshu.com/explore/6291c5560000000021034295?xsec_token_redacted=1&xsec_source=pc_dots,回答名称来自点点AI；正文直接命中是引用帖内字符串核对，不代表热度，也不等于Google事实核验
清莱府,交通服务,清莱机场,Chiang Rai Airport,机场,市区4.5公里,69,5,本轮新增名称候选,,固定实体候选,通过｜新增进入Google候选,适合进出清莱,机场很小、已无机场大巴、需打Grab/Bolt、对面有711,"清迈、清莱之旅——住宿篇
曼谷清莱一日✈️游极限逛白红蓝三庙
到了清莱机场如何最便宜进城？
🇹🇭清莱艾美大促！928💰两人！豪华客房➕双早
泰国🇹🇭 | 泰北美斯乐，深山华人村落","https://www.xiaohongshu.com/explore/66e67972000000000c018696?xsec_token_redacted=1&xsec_source=pc_dots
https://www.xiaohongshu.com/explore/691c7309000000001f004eff?xsec_token_redacted=1&xsec_source=pc_dots
https://www.xiaohongshu.com/explore/65f968400000000012032fa7?xsec_token_redacted=1&xsec_source=pc_dots
https://www.xiaohongshu.com/explore/660233ae000000000d00d7cc?xsec_token_redacted=1&xsec_source=pc_dots
https://www.xiaohongshu.com/explore/5ca4b61d000000000f027912?xsec_token_redacted=1&xsec_source=pc_dots",回答名称来自点点AI；正文直接命中是引用帖内字符串核对，不代表热度，也不等于Google事实核验
清莱府,康养SPA,Akha Ya Massage & Spa,Akha Ya Massage & Spa,按摩店,夜市869/169 Phahonyothin Rd,69,1,本轮新增名称候选,,固定实体候选,通过｜新增进入Google候选,适合性价比,泰式/足底30min 180泰铢、60min 250泰铢,清莱spa探店|人均250泰铢💆60min泰式按摩,https://www.xiaohongshu.com/explore/5e465d340000000001008a1d?xsec_token_redacted=1&xsec_source=pc_dots,回答名称来自点点AI；正文直接命中是引用帖内字符串核对，不代表热度，也不等于Google事实核验
清莱府,康养SPA,Baan Tawan Massage,Baan Tawan Massage,按摩店,班塔万民宿一层,69,1,本轮新增名称候选,,固定实体候选,通过｜新增进入Google候选,适合便宜,2小时Thai Massage 360泰铢、需前台预约,泰国清莱旅游 泰式按摩,https://www.xiaohongshu.com/explore/62b6b829000000000102c058?xsec_token_redacted=1&xsec_source=pc_dots,回答名称来自点点AI；正文直接命中是引用帖内字符串核对，不代表热度，也不等于Google事实核验
清莱府,康养SPA,Grand Spa,Grand Spa,SPA,夜市旁,69,1,本轮新增名称候选,,固定实体候选,通过｜新增进入Google候选,适合标准流程,60min热油按摩1000泰铢、流程标准,泰国第三天：到了清莱,https://www.xiaohongshu.com/explore/6a3895950000000015024504?xsec_token_redacted=1&xsec_source=pc_dots,回答名称来自点点AI；正文直接命中是引用帖内字符串核对，不代表热度，也不等于Google事实核验
清莱府,康养SPA,The Lanna Xxx,The Lanna Healing Package,按摩店,夜市附近Kha Ya Massage旁,69,1,本轮新增名称候选,,固定实体候选,通过｜新增进入Google候选,适合放松,兰纳风格门面、有中英泰文Menu、技师Sayadi英文好,泰国清莱旅游 泰式按摩,https://www.xiaohongshu.com/explore/62b6b829000000000102c058?xsec_token_redacted=1&xsec_source=pc_dots,回答名称来自点点AI；正文直接命中是引用帖内字符串核对，不代表热度，也不等于Google事实核验
清莱府,住宿酒店,风雅轩别墅,Maesalong Villa,民宿,山上,69,1,本轮新增名称候选,,固定实体候选,通过｜新增进入Google候选,适合看景,360°环山美景、全年凉爽,🏔️ 美斯乐360°环山美景民宿 一定要来一次,https://www.xiaohongshu.com/explore/6a68d1060000000002003c00?xsec_token_redacted=1&xsec_source=pc_dots,回答名称来自点点AI；正文直接命中是引用帖内字符串核对，不代表热度，也不等于Google事实核验
清莱府,住宿酒店,清莱艾美度假酒店,Le Méridien Chiang Rai Resort,度假村,221/2 Moo 20 Kwaewai Road,69,7,本轮新增名称候选,,固定实体候选,通过｜新增进入Google候选,适合度假/亲子,环境好、有中文服务、近三庙,"先码后看📒清莱遛娃必看的14条建议🏝
清莱艾美:廉颇老矣｜千店测评7/1000
清莱疗愈SPA｜清莱艾美度假酒店水疗中心💆
用一次正宗的泰式按摩，真正的放松身心
一趟身心疗愈之旅，从特色SPA开启","https://www.xiaohongshu.com/explore/661cd3b8000000001a00cf08?xsec_token_redacted=1&xsec_source=pc_dots
https://www.xiaohongshu.com/explore/69cb6524000000001e00c2a4?xsec_token_redacted=1&xsec_source=pc_dots
https://www.xiaohongshu.com/explore/66306823000000001e038bd5?xsec_token_redacted=1&xsec_source=pc_dots
https://www.xiaohongshu.com/explore/6964b215000000000a02b2ba?xsec_token_redacted=1&xsec_source=pc_dots
https://www.xiaohongshu.com/explore/680b0912000000001c030810?xsec_token_redacted=1&xsec_source=pc_dots",回答名称来自点点AI；正文直接命中是引用帖内字符串核对，不代表热度，也不等于Google事实核验
清莱府,住宿酒店,睡莲酒店,Lotus Hotel,酒店,市中心,69,1,本轮新增名称候选,,固定实体候选,通过｜新增进入Google候选,适合安静休息,原生态、老板给规划行程,清莱吃住之睡莲酒店和清莱夜市泰北泥炉火锅,https://www.xiaohongshu.com/explore/69aba5c8000000001d027351?xsec_token_redacted=1&xsec_source=pc_dots,回答名称来自点点AI；正文直接命中是引用帖内字符串核对，不代表热度，也不等于Google事实核验
清莱府,住宿酒店,小屋旅社,Small House Guesthouse,民宿,村中,69,1,本轮新增名称候选,,固定实体候选,通过｜新增进入Google候选,适合深度游,老板是段希文将军参谋后代、可聊历史,泰国美斯乐---小众夏日避暑胜地推荐,https://www.xiaohongshu.com/explore/66a71372000000000d03087d?xsec_token_redacted=1&xsec_source=pc_dots,回答名称来自点点AI；正文直接命中是引用帖内字符串核对，不代表热度，也不等于Google事实核验
清莱府,住宿酒店,新生旅舍,Shin Sane Guest House,旅馆,村中心,69,1,本轮新增名称候选,,固定实体候选,通过｜新增进入Google候选,适合预算游,1970年开业、老兵后代经营、最便宜,Since 1970的新生旅社，藏着半个世纪的故事,https://www.xiaohongshu.com/explore/6a799ca50000000033010cd8?xsec_token_redacted=1&xsec_source=pc_dots,回答名称来自点点AI；正文直接命中是引用帖内字符串核对，不代表热度，也不等于Google事实核验
清莱府,住宿酒店,Mae Salong Flower Hills,Mae Salong Flower Hills,度假酒店,去满星叠路上,69,1,本轮新增名称候选,,固定实体候选,通过｜新增进入Google候选,适合度假,很漂亮、在半山腰,环游世界第55城——泰国美斯乐！,https://www.xiaohongshu.com/explore/67c5d71300000000290348c3?xsec_token_redacted=1&xsec_source=pc_dots,回答名称来自点点AI；正文直接命中是引用帖内字符串核对，不代表热度，也不等于Google事实核验
清莱府,住宿酒店,Meeting Hotel & Coffee,Meeting Hotel & Coffee,民宿,古城北面,69,1,本轮新增名称候选,,固定实体候选,通过｜新增进入Google候选,适合自由行,老板娘中国人、房间干净、一楼可喝咖啡,清迈、清莱之旅——住宿篇,https://www.xiaohongshu.com/explore/66e67972000000000c018696?xsec_token_redacted=1&xsec_source=pc_dots,回答名称来自点点AI；正文直接命中是引用帖内字符串核对，不代表热度，也不等于Google事实核验
清莱府,康养SPA,Parvati Spa,Parvati Spa,SPA与水疗,清莱艾美度假酒店内,69,2,本轮新增名称候选,,固定实体候选,通过｜新增进入Google候选,适合度假放松,庭院植被环绕、45-90min、有Golden Siamese/Thai Traditional/Lanna Retreat,"清莱疗愈SPA｜清莱艾美度假酒店水疗中心💆
用一次正宗的泰式按摩，真正的放松身心","https://www.xiaohongshu.com/explore/66306823000000001e038bd5?xsec_token_redacted=1&xsec_source=pc_dots
https://www.xiaohongshu.com/explore/6964b215000000000a02b2ba?xsec_token_redacted=1&xsec_source=pc_dots",回答名称来自点点AI；正文直接命中是引用帖内字符串核对，不代表热度，也不等于Google事实核验
清莱府,住宿酒店,Taara Montana,Taara Montana,高端民宿,山顶,69,1,本轮新增名称候选,,固定实体候选,通过｜新增进入Google候选,适合拍照,清莱最火民宿、随手拍大片、需提前2-3月预定,山顶民宿清莱清迈-清莱-美斯乐泰北旅拍,https://www.xiaohongshu.com/explore/62e37ed9000000000e031891?xsec_token_redacted=1&xsec_source=pc_dots,回答名称来自点点AI；正文直接命中是引用帖内字符串核对，不代表热度，也不等于Google事实核验
沙敦府,餐饮美食,椰子饼老头,Coconut Cake Old Man,小吃摊,丽贝岛步行街大711旁,70,6,本轮新增名称候选,,固定实体候选,通过｜新增进入Google候选,小吃爱好者,10泰铢/个、外酥内糯、椰丝满满、老头会放remix音乐,"丽贝岛｜步行街好店分享(餐厅篇上)
丽贝岛（有）美食（吗）攻略🌚
丽贝岛｜淡季干饭
舟车劳顿去丽贝岛值吗？3️⃣美食篇
丽贝岛美食全记录｜ 👍直接抄作业不踩雷！","https://www.xiaohongshu.com/explore/691d76bb000000001b033f4d?xsec_token_redacted=1&xsec_source=pc_dots
https://www.xiaohongshu.com/explore/69a1add3000000002801f0bb?xsec_token_redacted=1&xsec_source=pc_dots
https://www.xiaohongshu.com/explore/6a242cb60000000007012f48?xsec_token_redacted=1&xsec_source=pc_dots
https://www.xiaohongshu.com/explore/6a6d5b540000000033013970?xsec_token_redacted=1&xsec_source=pc_dots
https://www.xiaohongshu.com/explore/6a04592600000000080002c4?xsec_token_redacted=1&xsec_source=pc_dots",回答名称来自点点AI；正文直接命中是引用帖内字符串核对，不代表热度，也不等于Google事实核验
沙敦府,餐饮美食,Bloom Cafe,Bloom Cafe,咖啡馆,丽贝岛步行街大711前十字路口,70,1,本轮新增名称候选,,固定实体候选,通过｜新增进入Google候选,西餐爱好者,西餐漂亮菜、网快、但有人吃不惯,丽贝岛｜步行街好店分享(餐厅篇上),https://www.xiaohongshu.com/explore/691d76bb000000001b033f4d?xsec_token_redacted=1&xsec_source=pc_dots,回答名称来自点点AI；正文直接命中是引用帖内字符串核对，不代表热度，也不等于Google事实核验
沙敦府,餐饮美食,Bombay India Restaurant,Bombay India Restaurant,印度菜,丽贝岛步行街,70,2,本轮新增名称候选,,固定实体候选,通过｜新增进入Google候选,印度菜爱好者,蒜香芝士饼香迷糊、黄油鸡一般、比想象中干净,"丽贝岛｜6天美食合集
丽贝岛比普吉岛好吃多了","https://www.xiaohongshu.com/explore/69f5cb67000000003501c9f4?xsec_token_redacted=1&xsec_source=pc_dots
https://www.xiaohongshu.com/explore/697c584e000000001a020624?xsec_token_redacted=1&xsec_source=pc_dots",回答名称来自点点AI；正文直接命中是引用帖内字符串核对，不代表热度，也不等于Google事实核验
沙敦府,餐饮美食,Bung Room,Bung Room,餐厅与本地美食,丽贝岛步行街大711旁,70,1,本轮新增名称候选,,固定实体候选,通过｜新增进入Google候选,夜生活爱好者,晚上有驻唱、可加工海鲜、可支付宝微信,丽贝岛｜步行街好店分享(餐厅篇上),https://www.xiaohongshu.com/explore/691d76bb000000001b033f4d?xsec_token_redacted=1&xsec_source=pc_dots,回答名称来自点点AI；正文直接命中是引用帖内字符串核对，不代表热度，也不等于Google事实核验
沙敦府,餐饮美食,Butsara Noodle,Butsara Noodle,面馆,丽贝岛步行街,70,5,本轮新增名称候选,,固定实体候选,通过｜新增进入Google候选,追求性价比、中国胃,猪脚饭好吃、牛肉粉软烂、性价比高,"在丽贝岛吃了什么
丽贝岛｜步行街好店分享(餐厅篇上)
丽贝岛｜6天美食合集
丽贝岛美食全记录｜ 👍直接抄作业不踩雷！
丽贝岛吃疯了！这几家店我按头安利/避雷💣","https://www.xiaohongshu.com/explore/6a85706f000000002701efef?xsec_token_redacted=1&xsec_source=pc_dots
https://www.xiaohongshu.com/explore/691d76bb000000001b033f4d?xsec_token_redacted=1&xsec_source=pc_dots
https://www.xiaohongshu.com/explore/69f5cb67000000003501c9f4?xsec_token_redacted=1&xsec_source=pc_dots
https://www.xiaohongshu.com/explore/6a04592600000000080002c4?xsec_token_redacted=1&xsec_source=pc_dots
https://www.xiaohongshu.com/explore/690b59d200000000040165af?xsec_token_redacted=1&xsec_source=pc_dots",回答名称来自点点AI；正文直接命中是引用帖内字符串核对，不代表热度，也不等于Google事实核验
沙敦府,餐饮美食,Glow Noodle House,Glow Noodle House,面馆,丽贝岛步行街中段,70,2,本轮新增名称候选,,固定实体候选,通过｜新增进入Google候选,追求性价比、中国胃,牛肉汤面鲜、汤都喝光、性价比高,"丽贝岛｜步行街好店分享(餐厅篇上)
丽贝岛美食全记录｜ 👍直接抄作业不踩雷！","https://www.xiaohongshu.com/explore/691d76bb000000001b033f4d?xsec_token_redacted=1&xsec_source=pc_dots
https://www.xiaohongshu.com/explore/6a04592600000000080002c4?xsec_token_redacted=1&xsec_source=pc_dots",回答名称来自点点AI；正文直接命中是引用帖内字符串核对，不代表热度，也不等于Google事实核验
沙敦府,餐饮美食,Harmony Cafe,Harmony Cafe,咖啡馆,丽贝岛步行街熊猫潜水对面,70,1,本轮新增名称候选,,固定实体候选,通过｜新增进入Google候选,咖啡爱好者,咖啡好喝、冰淇淋特别好吃、网快,丽贝岛｜步行街好店分享(餐厅篇上),https://www.xiaohongshu.com/explore/691d76bb000000001b033f4d?xsec_token_redacted=1&xsec_source=pc_dots,回答名称来自点点AI；正文直接命中是引用帖内字符串核对，不代表热度，也不等于Google事实核验
沙敦府,餐饮美食,Huamai Thai E San,Huamai Thai E San,泰餐,丽贝岛步行街,70,1,本轮新增名称候选,,固定实体候选,通过｜新增进入Google候选,中国游客、喜欢小火锅,小泥炉煮很久、猪颈肉咸蛋黄炒鱿鱼好吃,在丽贝岛吃了什么,https://www.xiaohongshu.com/explore/6a85706f000000002701efef?xsec_token_redacted=1&xsec_source=pc_dots,回答名称来自点点AI；正文直接命中是引用帖内字符串核对，不代表热度，也不等于Google事实核验
沙敦府,餐饮美食,Mojo Mini Cafe,Mojo Mini Cafe,咖啡馆,丽贝岛步行街,70,1,本轮新增名称候选,,固定实体候选,通过｜新增进入Google候选,咖啡爱好者,氛围感好、但食物一般,丽贝岛吃什么？早餐午餐晚餐都在这篇了😋,https://www.xiaohongshu.com/explore/69fc2dd40000000022029ebc?xsec_token_redacted=1&xsec_source=pc_dots,回答名称来自点点AI；正文直接命中是引用帖内字符串核对，不代表热度，也不等于Google事实核验
沙敦府,餐饮美食,Nèe Papaya,Nèe Papaya Thaifood & BBQ,泰餐,丽贝岛步行街小711对面,70,3,本轮新增名称候选,,固定实体候选,通过｜新增进入Google候选,追求性价比、中国游客,便宜好吃、老板娘热情、鱼露虾咖喱蟹推荐,"在丽贝岛吃了什么
丽贝岛｜步行街好店分享(餐厅篇上)
丽贝岛｜淡季干饭","https://www.xiaohongshu.com/explore/6a85706f000000002701efef?xsec_token_redacted=1&xsec_source=pc_dots
https://www.xiaohongshu.com/explore/691d76bb000000001b033f4d?xsec_token_redacted=1&xsec_source=pc_dots
https://www.xiaohongshu.com/explore/6a242cb60000000007012f48?xsec_token_redacted=1&xsec_source=pc_dots",回答名称来自点点AI；正文直接命中是引用帖内字符串核对，不代表热度，也不等于Google事实核验
沙敦府,餐饮美食,On The Rocks,On The Rocks,悬崖餐厅,丽贝岛塞伦酒店,70,2,本轮新增名称候选,,固定实体候选,通过｜新增进入Google候选,追求景观、预算充足,悬崖景观绝美、拍照出片、但溢价严重人均200RMB,"去丽贝岛还想住一万次的酒店🏝️
在丽贝岛吃了什么","https://www.xiaohongshu.com/explore/69aad650000000002800aed0?xsec_token_redacted=1&xsec_source=pc_dots
https://www.xiaohongshu.com/explore/6a85706f000000002701efef?xsec_token_redacted=1&xsec_source=pc_dots",回答名称来自点点AI；正文直接命中是引用帖内字符串核对，不代表热度，也不等于Google事实核验
沙敦府,餐饮美食,Owl Cha,Owl Cha,奶茶店,丽贝岛步行街中段,70,3,本轮新增名称候选,,固定实体候选,通过｜新增进入Google候选,奶茶爱好者,岛上唯一奶茶店、泰奶浓郁、但需少糖,"丽贝岛｜步行街好店分享(餐厅篇上)
舟车劳顿去丽贝岛值吗？3️⃣美食篇
丽贝岛美食全记录｜ 👍直接抄作业不踩雷！","https://www.xiaohongshu.com/explore/691d76bb000000001b033f4d?xsec_token_redacted=1&xsec_source=pc_dots
https://www.xiaohongshu.com/explore/6a6d5b540000000033013970?xsec_token_redacted=1&xsec_source=pc_dots
https://www.xiaohongshu.com/explore/6a04592600000000080002c4?xsec_token_redacted=1&xsec_source=pc_dots",回答名称来自点点AI；正文直接命中是引用帖内字符串核对，不代表热度，也不等于Google事实核验
沙敦府,餐饮美食,Papaya Mom Restaurant,Papaya Mom Restaurant,泰餐,丽贝岛步行街中段,70,6,本轮新增名称候选,,固定实体候选,通过｜新增进入Google候选,追求精致泰餐、预算充足,海鲜烧烤特色、电子菜单有中文、但价格偏贵、评价两极,"在丽贝岛吃了什么
丽贝岛｜步行街好店分享(餐厅篇上)
丽贝岛必去的三家店
丽贝岛吃什么？早餐午餐晚餐都在这篇了😋
丽贝岛超符合中国胃的餐厅，强推","https://www.xiaohongshu.com/explore/6a85706f000000002701efef?xsec_token_redacted=1&xsec_source=pc_dots
https://www.xiaohongshu.com/explore/691d76bb000000001b033f4d?xsec_token_redacted=1&xsec_source=pc_dots
https://www.xiaohongshu.com/explore/67ae9351000000001701d30b?xsec_token_redacted=1&xsec_source=pc_dots
https://www.xiaohongshu.com/explore/69fc2dd40000000022029ebc?xsec_token_redacted=1&xsec_source=pc_dots
https://www.xiaohongshu.com/explore/69f9fc2f0000000035024c6f?xsec_token_redacted=1&xsec_source=pc_dots",回答名称来自点点AI；正文直接命中是引用帖内字符串核对，不代表热度，也不等于Google事实核验
沙敦府,餐饮美食,Pooh Bar,Pooh Bar,酒吧餐厅,丽贝岛步行街往日出沙滩方向,70,1,本轮新增名称候选,,固定实体候选,通过｜新增进入Google候选,追求氛围、预算充足,酒吧有风格、芒果糯米饭好吃、小贵,丽贝岛｜步行街好店分享(餐厅篇上),https://www.xiaohongshu.com/explore/691d76bb000000001b033f4d?xsec_token_redacted=1&xsec_source=pc_dots,回答名称来自点点AI；正文直接命中是引用帖内字符串核对，不代表热度，也不等于Google事实核验
沙敦府,餐饮美食,Sanae Lipe Halal Cafe,Sanae Lipe Halal Cafe,清真餐厅,丽贝岛步行街,70,3,本轮新增名称候选,,固定实体候选,通过｜新增进入Google候选,清真饮食需求,冬阴功饭好吃、本地牛Pad Thai、但牛排硬,"丽贝岛｜淡季干饭
丽贝岛比普吉岛好吃多了
丽贝岛的饭饭记录","https://www.xiaohongshu.com/explore/6a242cb60000000007012f48?xsec_token_redacted=1&xsec_source=pc_dots
https://www.xiaohongshu.com/explore/697c584e000000001a020624?xsec_token_redacted=1&xsec_source=pc_dots
https://www.xiaohongshu.com/explore/699ad29a000000002801efe7?xsec_token_redacted=1&xsec_source=pc_dots",回答名称来自点点AI；正文直接命中是引用帖内字符串核对，不代表热度，也不等于Google事实核验
沙敦府,餐饮美食,Thaidurm Restaurant,Thaidurm Restaurant,泰餐,丽贝岛步行街,70,2,本轮新增名称候选,,固定实体候选,通过｜新增进入Google候选,中国游客、追求性价比,咖喱蟹封神、符合中国人口味、连吃多次、但苍蝇多,"丽贝岛｜步行街好店分享(餐厅篇上)
丽贝岛躺平日记","https://www.xiaohongshu.com/explore/691d76bb000000001b033f4d?xsec_token_redacted=1&xsec_source=pc_dots
https://www.xiaohongshu.com/explore/6945d163000000001e0052cd?xsec_token_redacted=1&xsec_source=pc_dots",回答名称来自点点AI；正文直接命中是引用帖内字符串核对，不代表热度，也不等于Google事实核验
沙敦府,餐饮美食,The Steak House koh Lipe,The Steak House koh Lipe,西餐厅,丽贝岛步行街尽头,70,1,本轮新增名称候选,,固定实体候选,通过｜新增进入Google候选,西餐爱好者,德式猪肘外皮脆、炖羊肉脱骨、超出预期好吃,丽贝岛的饭饭记录,https://www.xiaohongshu.com/explore/699ad29a000000002801efe7?xsec_token_redacted=1&xsec_source=pc_dots,回答名称来自点点AI；正文直接命中是引用帖内字符串核对，不代表热度，也不等于Google事实核验
沙敦府,餐饮美食,Zodiac Bar,Zodiac Bar,酒吧,丽贝岛拖尾沙滩,70,1,本轮新增名称候选,,固定实体候选,通过｜新增进入Google候选,看日落、夜生活,热带滨海风情酒吧、火球表演、鸡尾酒280泰铢、但被吐槽有白人抽大麻味,在丽贝岛吃了什么,https://www.xiaohongshu.com/explore/6a85706f000000002701efef?xsec_token_redacted=1&xsec_source=pc_dots,回答名称来自点点AI；正文直接命中是引用帖内字符串核对，不代表热度，也不等于Google事实核验
沙敦府,交通服务,瓜镇码头,Kuah Jetty,码头,前往丽贝岛,70,3,本轮新增名称候选,,固定实体候选,通过｜新增进入Google候选,B公司航线起点、离机场27分钟、市区方便,强(兰卡威航线主要码头),"泰国小马尔代夫✨兰卡威直达丽贝岛｜上岛攻略
兰卡威前往丽贝岛坐轮渡攻略看这篇！🚢
2026最新｜兰卡威→丽贝岛坐船攻略","https://www.xiaohongshu.com/explore/6a69b66e000000000f031192?xsec_token_redacted=1&xsec_source=pc_dots
https://www.xiaohongshu.com/explore/69f41b8e000000003502830c?xsec_token_redacted=1&xsec_source=pc_dots
https://www.xiaohongshu.com/explore/69ac5ea1000000002203852b?xsec_token_redacted=1&xsec_source=pc_dots",回答名称来自点点AI；正文直接命中是引用帖内字符串核对，不代表热度，也不等于Google事实核验
沙敦府,交通服务,丽贝岛码头,Lipe Pier,码头,丽贝岛,70,4,本轮新增名称候选,,固定实体候选,通过｜新增进入Google候选,所有上岛游客,快艇停靠点、换乘长尾船上岸、需排队领护照交上岛费,"丽贝岛最全攻略及避坑指南（交通篇）
合艾→丽贝岛｜亲测不踩雷车船联运全攻略
丽贝岛车船联运推荐
丽贝游记👋","https://www.xiaohongshu.com/explore/69ff37f8000000001e00da71?xsec_token_redacted=1&xsec_source=pc_dots
https://www.xiaohongshu.com/explore/69feaac6000000002301ce5a?xsec_token_redacted=1&xsec_source=pc_dots
https://www.xiaohongshu.com/explore/6a79383d0000000025004aa4?xsec_token_redacted=1&xsec_source=pc_dots
https://www.xiaohongshu.com/explore/69ddf2d4000000001b02137a?xsec_token_redacted=1&xsec_source=pc_dots",回答名称来自点点AI；正文直接命中是引用帖内字符串核对，不代表热度，也不等于Google事实核验
沙敦府,交通服务,沙墩码头,Pak Bara Pier,码头,朴巴拉,70,4,本轮新增名称候选,,固定实体候选,通过｜新增进入Google候选,前往丽贝岛、自驾游客,车船联运终点、每天有3趟快艇9:30/11:30/13:30、上岛费220泰铢,"沙墩码头到丽贝岛
成都—曼谷—合艾—丽贝岛超详细攻略
丽贝岛最全攻略及避坑指南（交通篇）
合艾至丽贝岛交通全攻略","https://www.xiaohongshu.com/explore/6a3e5aff00000000060348b3?xsec_token_redacted=1&xsec_source=pc_dots
https://www.xiaohongshu.com/explore/6a64a527000000000f016ca7?xsec_token_redacted=1&xsec_source=pc_dots
https://www.xiaohongshu.com/explore/69ff37f8000000001e00da71?xsec_token_redacted=1&xsec_source=pc_dots
https://www.xiaohongshu.com/explore/6a6da51a000000002402ec1a?xsec_token_redacted=1&xsec_source=pc_dots",回答名称来自点点AI；正文直接命中是引用帖内字符串核对，不代表热度，也不等于Google事实核验
沙敦府,餐饮美食,Coconut Garden Restaurant,Coconut Garden Restaurant,清真餐厅,沙敦府本地村庄,70,1,本轮新增名称候选,,固定实体候选,通过｜新增进入Google候选,清真饮食需求、追求地道南泰美食,被椰树环绕、清真餐厅、5个人5样菜约180RMB,🌴 Hidden Gem in Satun: Coconut Garden R,https://www.xiaohongshu.com/explore/6868c782000000001c031524?xsec_token_redacted=1&xsec_source=pc_dots,回答名称来自点点AI；正文直接命中是引用帖内字符串核对，不代表热度，也不等于Google事实核验
沙敦府,餐饮美食,Khap Samut Cafe & Eatery,Khap Samut Cafe & Eatery,海边咖啡馆兼餐厅,朴巴拉码头附近,70,1,本轮新增名称候选,,固定实体候选,通过｜新增进入Google候选,追求海景餐厅、拍照爱好者,海边餐馆、食物好吃服务态度好、随手拍都是大片,泰国沙敦Satun海边餐馆,https://www.xiaohongshu.com/explore/69eea0800000000010001c00?xsec_token_redacted=1&xsec_source=pc_dots,回答名称来自点点AI；正文直接命中是引用帖内字符串核对，不代表热度，也不等于Google事实核验
沙敦府,交通服务,Tammalang 码头,Tammalang Pier,边境码头,沙敦边境,70,1,本轮新增名称候选,,固定实体候选,通过｜新增进入Google候选,前往兰卡威、跨国轮渡,泰国马来西亚边境关口、可办理出境、车程1小时从朴巴拉,泰国Tammalang 码头,https://www.xiaohongshu.com/explore/67930723000000001800b76c?xsec_token_redacted=1&xsec_source=pc_dots,回答名称来自点点AI；正文直接命中是引用帖内字符串核对，不代表热度，也不等于Google事实核验
沙敦府,餐饮美食,The Orange Cafe,The Orange Cafe,咖啡馆,沙敦府Thung Wa区,70,1,本轮新增名称候选,,固定实体候选,通过｜新增进入Google候选,咖啡爱好者、拍照打卡,泰式奶茶味羊角面包、橙子咖啡、风景优美,The Orange Cafe @ Satun 泰国沙敦必游美丽,https://www.xiaohongshu.com/explore/661bdab2000000001b00d5ed?xsec_token_redacted=1&xsec_source=pc_dots,回答名称来自点点AI；正文直接命中是引用帖内字符串核对，不代表热度，也不等于Google事实核验
沙敦府,康养SPA,Irene Spa,Irene Spa,SPA,丽贝岛田园酒店,70,1,本轮新增名称候选,,固定实体候选,通过｜新增进入Google候选,追求高端SPA、预算充足,1800泰铢起/小时、环境优雅、手法轻柔专业、需预约,10.25丽贝岛玻璃海～📍日出海滩 餐饮&Spa,https://www.xiaohongshu.com/explore/671ccb26000000001600f616?xsec_token_redacted=1&xsec_source=pc_dots,回答名称来自点点AI；正文直接命中是引用帖内字符串核对，不代表热度，也不等于Google事实核验
沙敦府,康养SPA,Soi Buri Massage,Soi Buri Massage,按摩店,丽贝岛步行街转角处大树下,70,1,本轮新增名称候选,,固定实体候选,通过｜新增进入Google候选,预算中等,350泰铢、但有笔记吐槽技师缺斤少两、步骤不全,丽贝岛按摩千万要避雷【小武里】！,https://www.xiaohongshu.com/explore/66d361d1000000001f03c27c?xsec_token_redacted=1&xsec_source=pc_dots,回答名称来自点点AI；正文直接命中是引用帖内字符串核对，不代表热度，也不等于Google事实核验
沙敦府,康养SPA,Sui Buri Massage,Sui Buri Massage,按摩店,丽贝岛小711往walking street右边斜坡,70,1,本轮新增名称候选,,固定实体候选,通过｜新增进入Google候选,追求手法好、预算中等,350泰铢左右、技师手法到位、有会讲粤语的马来西亚技师,丽贝岛按摩千万要避雷【小武里】！,https://www.xiaohongshu.com/explore/66d361d1000000001f03c27c?xsec_token_redacted=1&xsec_source=pc_dots,回答名称来自点点AI；正文直接命中是引用帖内字符串核对，不代表热度，也不等于Google事实核验
沙敦府,住宿酒店,阿南亚酒店,Ananya Lipe Resort,度假村,丽贝岛日出沙滩,70,3,本轮新增名称候选,,固定实体候选,通过｜新增进入Google候选,追求舒适、带泳池房需求,泳池房、干净、但联通泳池房有落叶虫子问题,"丽贝岛从夯到拉测评2.0
丽贝岛（有）美食（吗）攻略🌚
丽贝岛最干净&最舒服的泰式按摩💆‍♀️","https://www.xiaohongshu.com/explore/69fb0721000000002301dd8a?xsec_token_redacted=1&xsec_source=pc_dots
https://www.xiaohongshu.com/explore/69a1add3000000002801f0bb?xsec_token_redacted=1&xsec_source=pc_dots
https://www.xiaohongshu.com/explore/6a2c3acc000000003501e054?xsec_token_redacted=1&xsec_source=pc_dots",回答名称来自点点AI；正文直接命中是引用帖内字符串核对，不代表热度，也不等于Google事实核验
沙敦府,住宿酒店,安达度假村,Anda Resort,度假村,丽贝岛日落沙滩,70,1,本轮新增名称候选,,固定实体候选,通过｜新增进入Google候选,追求日落景观、预算充足,日落沙滩位置、但餐厅定价偏高,丽贝岛6天 不愿意醒的一场梦💙🪼,https://www.xiaohongshu.com/explore/6a3e8c2b0000000016026d46?xsec_token_redacted=1&xsec_source=pc_dots,回答名称来自点点AI；正文直接命中是引用帖内字符串核对，不代表热度，也不等于Google事实核验
沙敦府,住宿酒店,邦达亚度假村,Bundhaya Resort,度假村,丽贝岛芭提雅海滩,70,5,本轮新增名称候选,,固定实体候选,通过｜新增进入Google候选,追求性价比、喜欢热闹,离码头和步行街近、泳池干净、早餐丰盛、有fire show,"丽贝岛十月度假村一住一个不支声
🏝️春节丽贝岛四天三晚酒店记录～✨
丽贝岛｜旅行攻略—住宿篇🏠
丽贝岛酒店｜Bundhaya resort 尊滴好舒服
丽贝岛必看最详细的攻略！无广纯个人感受","https://www.xiaohongshu.com/explore/6a619366000000000f03f1dd?xsec_token_redacted=1&xsec_source=pc_dots
https://www.xiaohongshu.com/explore/69aad9ee000000001a027011?xsec_token_redacted=1&xsec_source=pc_dots
https://www.xiaohongshu.com/explore/697f1e2e000000001a01c117?xsec_token_redacted=1&xsec_source=pc_dots
https://www.xiaohongshu.com/explore/670df273000000001600f063?xsec_token_redacted=1&xsec_source=pc_dots
https://www.xiaohongshu.com/explore/6a57577f000000000702a33d?xsec_token_redacted=1&xsec_source=pc_dots",回答名称来自点点AI；正文直接命中是引用帖内字符串核对，不代表热度，也不等于Google事实核验
沙敦府,住宿酒店,本德哈亚别墅,Bundhaya Villas,别墅,丽贝岛芭提雅海滩,70,2,本轮新增名称候选,,固定实体候选,通过｜新增进入Google候选,追求性价比、多人出行,豪华阳台房1400/晚、面积大、早餐好、海鲜多,"丽贝岛｜旅行攻略—住宿篇🏠
丽贝岛旅行 住宿篇","https://www.xiaohongshu.com/explore/697f1e2e000000001a01c117?xsec_token_redacted=1&xsec_source=pc_dots
https://www.xiaohongshu.com/explore/6902f0920000000004002f68?xsec_token_redacted=1&xsec_source=pc_dots",回答名称来自点点AI；正文直接命中是引用帖内字符串核对，不代表热度，也不等于Google事实核验
沙敦府,住宿酒店,避暑山庄酒店,Mountain Resort,度假村,丽贝岛北角,70,2,本轮新增名称候选,,固定实体候选,通过｜新增进入Google候选,追求性价比、想看拖尾沙滩,拖尾沙滩view、早餐丰盛、泳池大、北角唯一酒店,"🏝️春节丽贝岛四天三晚酒店记录～✨
🇹🇭泰国丽贝岛｜4家酒店真实入住体验","https://www.xiaohongshu.com/explore/69aad9ee000000001a027011?xsec_token_redacted=1&xsec_source=pc_dots
https://www.xiaohongshu.com/explore/6980ad77000000002103e69e?xsec_token_redacted=1&xsec_source=pc_dots",回答名称来自点点AI；正文直接命中是引用帖内字符串核对，不代表热度，也不等于Google事实核验
沙敦府,住宿酒店,布洛卡萨酒店,Blokasa Hotel,酒店,丽贝岛日落沙滩,70,2,本轮新增名称候选,,固定实体候选,通过｜新增进入Google候选,追求日落景观、预算充足,日落沙滩、冰淇淋小车梦幻、沙滩晚餐氛围好,"丽贝岛（有）美食（吗）攻略🌚
丽贝岛美食夯与拉（二）","https://www.xiaohongshu.com/explore/69a1add3000000002801f0bb?xsec_token_redacted=1&xsec_source=pc_dots
https://www.xiaohongshu.com/explore/6a029f730000000037036e1e?xsec_token_redacted=1&xsec_source=pc_dots",回答名称来自点点AI；正文直接命中是引用帖内字符串核对，不代表热度，也不等于Google事实核验
沙敦府,住宿酒店,丽贝崖度假村,The Cliff Lipe,度假村,丽贝岛日落沙滩,70,1,本轮新增名称候选,,固定实体候选,通过｜新增进入Google候选,追求私密度假、情侣,私人沙滩、房间少安静、网红日落餐厅、适合躺平,🏝️春节丽贝岛四天三晚酒店记录～✨,https://www.xiaohongshu.com/explore/69aad9ee000000001a027011?xsec_token_redacted=1&xsec_source=pc_dots,回答名称来自点点AI；正文直接命中是引用帖内字符串核对，不代表热度，也不等于Google事实核验
沙敦府,住宿酒店,马里度假村,Sunrise Beach Mari Resort,度假村,丽贝岛日出沙滩,70,1,本轮新增名称候选,,固定实体候选,通过｜新增进入Google候选,追求热带氛围、带泳池需求,房间大、热带装修、泳池大、餐厅临海,🇹🇭泰国丽贝岛｜4家酒店真实入住体验,https://www.xiaohongshu.com/explore/6980ad77000000002103e69e?xsec_token_redacted=1&xsec_source=pc_dots,回答名称来自点点AI；正文直接命中是引用帖内字符串核对，不代表热度，也不等于Google事实核验
沙敦府,住宿酒店,撒丽萨度假酒店,Salisa Resort,度假村,丽贝岛日出沙滩,70,2,本轮新增名称候选,,固定实体候选,通过｜新增进入Google候选,追求性价比、想看日出,淡季360R/晚、独立别墅、出门即沙滩、早餐包含,"丽贝岛酒店评价—Salisa Resort
丽贝岛住宿篇01","https://www.xiaohongshu.com/explore/6785f3cb000000000203efcc?xsec_token_redacted=1&xsec_source=pc_dots
https://www.xiaohongshu.com/explore/68345a5300000000220355f6?xsec_token_redacted=1&xsec_source=pc_dots",回答名称来自点点AI；正文直接命中是引用帖内字符串核对，不代表热度，也不等于Google事实核验
沙敦府,住宿酒店,塞伦迪皮蒂度假酒店,Serendipity Resort,度假村,丽贝岛日出沙滩,70,4,本轮新增名称候选,,固定实体候选,通过｜新增进入Google候选,追求度假感、情侣、亲子,悬崖景观、私人沙滩、早餐送房间、浮潜条件好,"丽贝岛～塞伦酒店怎么样❓泳池别墅超细介绍
🇹🇭泰国丽贝岛｜4家酒店真实入住体验
丽贝岛从夯到拉测评2.0
10.25丽贝岛玻璃海～📍日出海滩 餐饮&Spa","https://www.xiaohongshu.com/explore/66d1ed73000000001f03fd74?xsec_token_redacted=1&xsec_source=pc_dots
https://www.xiaohongshu.com/explore/6980ad77000000002103e69e?xsec_token_redacted=1&xsec_source=pc_dots
https://www.xiaohongshu.com/explore/69fb0721000000002301dd8a?xsec_token_redacted=1&xsec_source=pc_dots
https://www.xiaohongshu.com/explore/671ccb26000000001600f616?xsec_token_redacted=1&xsec_source=pc_dots",回答名称来自点点AI；正文直接命中是引用帖内字符串核对，不代表热度，也不等于Google事实核验
沙敦府,住宿酒店,十月度假村,Ten Moon Resort,度假村,丽贝岛日落沙滩,70,2,本轮新增名称候选,,固定实体候选,通过｜新增进入Google候选,预算有限、对房间要求不高,淡季性价比高、可看日出、沙滩可浮潜到对面小岛,"丽贝岛十月度假村一住一个不支声
丽贝岛必看最详细的攻略！无广纯个人感受","https://www.xiaohongshu.com/explore/6a619366000000000f03f1dd?xsec_token_redacted=1&xsec_source=pc_dots
https://www.xiaohongshu.com/explore/6a57577f000000000702a33d?xsec_token_redacted=1&xsec_source=pc_dots",回答名称来自点点AI；正文直接命中是引用帖内字符串核对，不代表热度，也不等于Google事实核验
沙敦府,住宿酒店,田园概念酒店,Idyllic Concept Resort,度假村,丽贝岛日出沙滩,70,1,本轮新增名称候选,,固定实体候选,通过｜新增进入Google候选,带老人家庭、追求性价比,服务最好、早餐丰富、花园景观、挨着塞伦不用爬楼梯,丽贝岛日记2-田园概念酒店测评,https://www.xiaohongshu.com/explore/68987bb60000000002001a48?xsec_token_redacted=1&xsec_source=pc_dots,回答名称来自点点AI；正文直接命中是引用帖内字符串核对，不代表热度，也不等于Google事实核验
沙敦府,住宿酒店,瓦皮度假村,Wapi Resort,度假村,丽贝岛日出沙滩,70,2,本轮新增名称候选,,固定实体候选,通过｜新增进入Google候选,追求海景、预算中等,日出沙滩海景漂亮、吊床、皮划艇100泰铢不限时,"丽贝岛｜旅行攻略—住宿篇🏠
丽贝岛一次面朝大海的泰式马杀鸡","https://www.xiaohongshu.com/explore/697f1e2e000000001a01c117?xsec_token_redacted=1&xsec_source=pc_dots
https://www.xiaohongshu.com/explore/698765fd000000001b014107?xsec_token_redacted=1&xsec_source=pc_dots",回答名称来自点点AI；正文直接命中是引用帖内字符串核对，不代表热度，也不等于Google事实核验
沙敦府,住宿酒店,Casa de Lipe,Casa de Lipe,度假村,丽贝岛日出沙滩,70,1,本轮新增名称候选,,固定实体候选,通过｜新增进入Google候选,追求性价比、人均500+,私人泳池、酒店内海干净、有猴子需注意,丽贝岛🇹🇭住进了理想度假酒店🏖️人均500➕,https://www.xiaohongshu.com/explore/67bd61e0000000002a00dbb5?xsec_token_redacted=1&xsec_source=pc_dots,回答名称来自点点AI；正文直接命中是引用帖内字符串核对，不代表热度，也不等于Google事实核验
宋卡府,餐饮美食,Chuang Chao Breakfast,Chuang Chao Breakfast,早餐店,市区,42,1,本轮新增名称候选,,固定实体候选,通过｜新增进入Google候选,早餐爱好者,"本地人享用,猪肉鸡蛋粥/培根起司三文治,有冷气",泰好吃｜合艾 宋卡府 带孩子吃什么？,https://www.xiaohongshu.com/explore/69e7974e000000002202b135?xsec_token_redacted=1&xsec_source=pc_dots,回答名称来自点点AI；正文直接命中是引用帖内字符串核对，不代表热度，也不等于Google事实核验
宋卡府,餐饮美食,Come Back @ Baan Khun Luang,Come Back @ Baan Khun Luang,咖啡馆,老街附近,42,1,本轮新增名称候选,,固定实体候选,通过｜新增进入Google候选,逛完老街休息,"环境舒服,吹冷气吃蛋糕喝咖啡",泰好吃｜合艾 宋卡府 带孩子吃什么？,https://www.xiaohongshu.com/explore/69e7974e000000002202b135?xsec_token_redacted=1&xsec_source=pc_dots,回答名称来自点点AI；正文直接命中是引用帖内字符串核对，不代表热度，也不等于Google事实核验
宋卡府,餐饮美食,Duen Chay Museum Cafe,Duen Chay Museum Cafe,博物馆餐厅,百年老宅,42,1,本轮新增名称候选,,固定实体候选,通过｜新增进入Google候选,文化爱好者/拍照党,"百年老宅改造,展出瓷器鼻烟壶,既是博物馆也是咖啡馆,人均约210人民币",泰国宋卡老城Duen Chay Museum Cafe美食篇,https://www.xiaohongshu.com/explore/69a3b419000000002801eaaa?xsec_token_redacted=1&xsec_source=pc_dots,回答名称来自点点AI；正文直接命中是引用帖内字符串核对，不代表热度，也不等于Google事实核验
宋卡府,餐饮美食,Good Mountain Cafe,Good Mountain Cafe,海景咖啡馆,阁遥岛,42,1,本轮新增名称候选,,固定实体候选,通过｜新增进入Google候选,拍照打卡爱好者,"风景漂亮食物好吃价钱合理,风很大很舒服,一人需消费一样饮料/食物",🇹🇭合艾旅行最满意的景点😍,https://www.xiaohongshu.com/explore/65da15610000000007026cd9?xsec_token_redacted=1&xsec_source=pc_dots,回答名称来自点点AI；正文直接命中是引用帖内字符串核对，不代表热度，也不等于Google事实核验
宋卡府,餐饮美食,HeartMade Craft Coffee Roaster,HeartMade Craft Coffee Roaster,海边咖啡馆,海边,42,2,本轮新增名称候选,,固定实体候选,通过｜新增进入Google候选,日落爱好者,"傍晚可看日落,多年前在旧店喝咖啡不错会想念","泰好吃｜合艾 宋卡府 带孩子吃什么？
🇹🇭｜合艾宋卡老街半日游🚗","https://www.xiaohongshu.com/explore/69e7974e000000002202b135?xsec_token_redacted=1&xsec_source=pc_dots
https://www.xiaohongshu.com/explore/68f8b97900000000040050d0?xsec_token_redacted=1&xsec_source=pc_dots",回答名称来自点点AI；正文直接命中是引用帖内字符串核对，不代表热度，也不等于Google事实核验
宋卡府,餐饮美食,Hoco Cafe and Eatery,Hoco Cafe and Eatery,泰式餐厅,Kayu Hitam Kastam附近,42,1,本轮新增名称候选,,固定实体候选,通过｜新增进入Google候选,家庭/亲子,"环境OK有室内户外区,黄梨炒饭真材实料,中价位",泰好吃｜合艾 宋卡府 带孩子吃什么？,https://www.xiaohongshu.com/explore/69e7974e000000002202b135?xsec_token_redacted=1&xsec_source=pc_dots,回答名称来自点点AI；正文直接命中是引用帖内字符串核对，不代表热度，也不等于Google事实核验
宋卡府,餐饮美食,Joe Delicious,Joe Delicious,早餐店,老街,42,1,本轮新增名称候选,,固定实体候选,通过｜新增进入Google候选,错峰出行者,"10am去吃不用排队,现炒现做",🇹🇭｜合艾宋卡老街半日游🚗,https://www.xiaohongshu.com/explore/68f8b97900000000040050d0?xsec_token_redacted=1&xsec_source=pc_dots,回答名称来自点点AI；正文直接命中是引用帖内字符串核对，不代表热度，也不等于Google事实核验
宋卡府,餐饮美食,Joke Kak Moo Hat Yai,Joke Kak Moo Hat Yai,早餐店,市区,42,1,本轮新增名称候选,,固定实体候选,通过｜新增进入Google候选,早餐爱好者,"当地人早餐店,脆皮猪肉粥+温泉蛋拌吃很好吃,需排队",泰好吃｜合艾 宋卡府 带孩子吃什么？,https://www.xiaohongshu.com/explore/69e7974e000000002202b135?xsec_token_redacted=1&xsec_source=pc_dots,回答名称来自点点AI；正文直接命中是引用帖内字符串核对，不代表热度，也不等于Google事实核验
宋卡府,餐饮美食,Kai-Tod Decha (Bangloh) Chee Uthit Branch,Kai-Tod Decha Bangloh Chee Uthit,泰式餐厅,Chee Uthit路,42,1,本轮新增名称候选,,固定实体候选,通过｜新增进入Google候选,午餐/晚餐,"整体口味偏甜,牛肉汤肉大块,菠萝咕老肉好评",🇹🇭合艾3天2夜极致懒人攻略 | 槟城出发,https://www.xiaohongshu.com/explore/698c767e000000001a02bd12?xsec_token_redacted=1&xsec_source=pc_dots,回答名称来自点点AI；正文直接命中是引用帖内字符串核对，不代表热度，也不等于Google事实核验
宋卡府,餐饮美食,Lelele Cafe&Bar,Lelele Cafe and Bar,海滨酒吧,Khao Rup Chang区,42,1,本轮新增名称候选,,固定实体候选,通过｜新增进入Google候选,日落爱好者/音乐爱好者,"夕阳日落时分无敌,现场音乐适合氛围,7点后驻唱,10am-12pm营业",来合艾宋卡2024最chill cafe 。。。真的巨美。,https://www.xiaohongshu.com/explore/661d0cc1000000001c005b96?xsec_token_redacted=1&xsec_source=pc_dots,回答名称来自点点AI；正文直接命中是引用帖内字符串核对，不代表热度，也不等于Google事实核验
宋卡府,餐饮美食,Lucas Cafe,Lucas Cafe Hatyai,精品咖啡馆,市区,42,1,本轮新增名称候选,,固定实体候选,通过｜新增进入Google候选,咖啡爱好者,"dirty latte值得,咖啡要等15分钟且1分钟内喝完",泰好吃｜合艾 宋卡府 带孩子吃什么？,https://www.xiaohongshu.com/explore/69e7974e000000002202b135?xsec_token_redacted=1&xsec_source=pc_dots,回答名称来自点点AI；正文直接命中是引用帖内字符串核对，不代表热度，也不等于Google事实核验
宋卡府,餐饮美食,Moooon Donuts,Moooon Donuts,甜甜圈店,老街,42,1,本轮新增名称候选,,固定实体候选,通过｜新增进入Google候选,甜品爱好者,"在老街上,位置OK但停车困难",🇹🇭｜合艾宋卡老街半日游🚗,https://www.xiaohongshu.com/explore/68f8b97900000000040050d0?xsec_token_redacted=1&xsec_source=pc_dots,回答名称来自点点AI；正文直接命中是引用帖内字符串核对，不代表热度，也不等于Google事实核验
宋卡府,餐饮美食,Ong Ice Cream,Ong Ice Cream Songkhla,冰淇淋店,老街,42,1,本轮新增名称候选,,固定实体候选,通过｜新增进入Google候选,甜品爱好者,"鸡蛋黄冰淇淋很特别,复古公鸡杯加20泰铢可带走",🇹🇭｜合艾宋卡老街半日游🚗,https://www.xiaohongshu.com/explore/68f8b97900000000040050d0?xsec_token_redacted=1&xsec_source=pc_dots,回答名称来自点点AI；正文直接命中是引用帖内字符串核对，不代表热度，也不等于Google事实核验
宋卡府,餐饮美食,P'Yen 粿汁,P'Yen Noodle Soup,粿汁店,酒店附近,42,1,本轮新增名称候选,,固定实体候选,通过｜新增进入Google候选,夜宵爱好者,"越夜越多人,女儿说一定要告诉大家这个美食",泰好吃｜合艾 宋卡府 带孩子吃什么？,https://www.xiaohongshu.com/explore/69e7974e000000002202b135?xsec_token_redacted=1&xsec_source=pc_dots,回答名称来自点点AI；正文直接命中是引用帖内字符串核对，不代表热度，也不等于Google事实核验
宋卡府,餐饮美食,Sansabai Space,Sansabai Space Songkhla,特色咖啡馆,市区,42,1,本轮新增名称候选,,固定实体候选,通过｜新增进入Google候选,早餐/早午餐爱好者,"今年新开张,主打宋卡粥,冷气开放环境清新安静,7am-4pm营业(周三休息)",🇹🇭合艾-宋卡粥3之Sansabai Space,https://www.xiaohongshu.com/explore/688b142e000000002203815c?xsec_token_redacted=1&xsec_source=pc_dots,回答名称来自点点AI；正文直接命中是引用帖内字符串核对，不代表热度，也不等于Google事实核验
宋卡府,餐饮美食,Summer Sky Kohyor,Summer Sky Kohyor,海岛咖啡馆,阁遥岛,42,1,本轮新增名称候选,,固定实体候选,通过｜新增进入Google候选,日落爱好者/拍照党,"极简韩系风格,大面积落地窗看宋卡湖,夕阳时刻绝美,10am-8pm营业",合艾宋卡府 | 岛屿秘境咖啡馆 - Summer Sky,https://www.xiaohongshu.com/explore/6a4b8449000000000e038400?xsec_token_redacted=1&xsec_source=pc_dots,回答名称来自点点AI；正文直接命中是引用帖内字符串核对，不代表热度，也不等于Google事实核验
宋卡府,购物商业,ASEAN Night Market,ASEAN Night Market Hatyai,夜市,市区,42,2,本轮新增名称候选,,固定实体候选,通过｜新增进入Google候选,夜市爱好者,游客相对较少,"Greenway夜市闲逛，顺便晚餐在Food Court
大马留子|🇹🇭合艾➕宋卡4D3N自由行（自用版）","https://www.xiaohongshu.com/explore/67ee68f4000000001c03c039?xsec_token_redacted=1&xsec_source=pc_dots
https://www.xiaohongshu.com/explore/6a6be9c40000000006007b44?xsec_token_redacted=1&xsec_source=pc_dots",回答名称来自点点AI；正文直接命中是引用帖内字符串核对，不代表热度，也不等于Google事实核验
宋卡府,购物商业,Khlong Hae Floating Market,Khlong Hae Floating Market,水上市场,市区,42,1,本轮新增名称候选,,固定实体候选,通过｜新增进入Google候选,体验当地文化,水上市场体验,Greenway夜市闲逛，顺便晚餐在Food Court,https://www.xiaohongshu.com/explore/67ee68f4000000001c03c039?xsec_token_redacted=1&xsec_source=pc_dots,回答名称来自点点AI；正文直接命中是引用帖内字符串核对，不代表热度，也不等于Google事实核验
宋卡府,交通服务,Hatyai Bus Terminal 1,Hatyai Bus Terminal 1,巴士总站,市区,42,1,本轮新增名称候选,,固定实体候选,通过｜新增进入Google候选,长途巴士,"去往宋卡的车(面包车大小),在柜台不收费上车后才收费",穷游第12天泰国（合艾-宋卡）暮色打卡,https://www.xiaohongshu.com/explore/66b1fe8b0000000005022d1b?xsec_token_redacted=1&xsec_source=pc_dots,回答名称来自点点AI；正文直接命中是引用帖内字符串核对，不代表热度，也不等于Google事实核验
宋卡府,景点观光,合艾钟楼,Hatyai Clock Tower,地标钟楼,市中心,42,3,本轮新增名称候选,,固定实体候选,通过｜新增进入Google候选,交通节点/拍照,"去宋卡的面包车出发点,一人35泰铢","🇹🇭合艾旅行最满意的景点😍
泰国预备世界遗产地｜南洋秘境-宋卡老城
合艾｜拒绝赶趟，别再把合艾当中转站","https://www.xiaohongshu.com/explore/65da15610000000007026cd9?xsec_token_redacted=1&xsec_source=pc_dots
https://www.xiaohongshu.com/explore/6a896d8000000000380001fe?xsec_token_redacted=1&xsec_source=pc_dots
https://www.xiaohongshu.com/explore/6a55bb600000000016024a6c?xsec_token_redacted=1&xsec_source=pc_dots",回答名称来自点点AI；正文直接命中是引用帖内字符串核对，不代表热度，也不等于Google事实核验
宋卡府,景点观光,宋卡湖,Songkhla Lake,湖泊,市区,42,4,本轮新增名称候选,,固定实体候选,通过｜新增进入Google候选,休闲散步,"湖面波光粼粼,天气晴朗时非常适合发呆放空","合艾宋卡府 | 岛屿秘境咖啡馆 - Summer Sky
🎨泰国南部宋卡｜漫步老城的色彩美学
海丝一梦·宋卡·泰南篇
泰国预备世界遗产地｜南洋秘境-宋卡老城","https://www.xiaohongshu.com/explore/6a4b8449000000000e038400?xsec_token_redacted=1&xsec_source=pc_dots
https://www.xiaohongshu.com/explore/6a40efbd0000000006034624?xsec_token_redacted=1&xsec_source=pc_dots
https://www.xiaohongshu.com/explore/69b3ce92000000001f0056f8?xsec_token_redacted=1&xsec_source=pc_dots
https://www.xiaohongshu.com/explore/6a896d8000000000380001fe?xsec_token_redacted=1&xsec_source=pc_dots",回答名称来自点点AI；正文直接命中是引用帖内字符串核对，不代表热度，也不等于Google事实核验
宋卡府,康养SPA,Anda Spa,Anda Spa Hatyai,泰式SPA,市区,42,1,本轮新增名称候选,,固定实体候选,通过｜新增进入Google候选,逛累充电,"环境干净舒服,先填写身体状况表,泰式按摩力度刚刚好",📍合艾 宝藏泰式按摩｜Anda Spa,https://www.xiaohongshu.com/explore/69f08e3b000000003501f066?xsec_token_redacted=1&xsec_source=pc_dots,回答名称来自点点AI；正文直接命中是引用帖内字符串核对，不代表热度，也不等于Google事实核验
宋卡府,康养SPA,Chaowang Massage,Chaowang Massage,新派按摩,Lee Garden南边,42,1,本轮新增名称候选,,固定实体候选,通过｜新增进入Google候选,追求干净环境,"刚开一个月的新店,环境干净很新,按摩到位情绪价值足",在合艾找到了一家非常舒服的按摩店,https://www.xiaohongshu.com/explore/69f8cf17000000003501fbf6?xsec_token_redacted=1&xsec_source=pc_dots,回答名称来自点点AI；正文直接命中是引用帖内字符串核对，不代表热度，也不等于Google事实核验
宋卡府,康养SPA,Four Season Healthy,Four Season Healthy,健康按摩,CC酒店附近,42,1,本轮新增名称候选,,固定实体候选,通过｜新增进入Google候选,家庭出游,很棒,🇲🇾2026合艾游住宿篇-CC Hotel🏨,https://www.xiaohongshu.com/explore/69d5bde50000000020038f27?xsec_token_redacted=1&xsec_source=pc_dots,回答名称来自点点AI；正文直接命中是引用帖内字符串核对，不代表热度，也不等于Google事实核验
宋卡府,康养SPA,Oliver Thai Traditional Massage,Oliver Thai Traditional Massage,传统按摩,Lotus小超市旁,42,1,本轮新增名称候选,,固定实体候选,通过｜新增进入Google候选,性价比追求者,"传统泰式按摩2小时400泰铢,独立按摩房干净舒适,结束后准备茶水",🇹🇭悄悄告诉你🤫这家按摩院多人不知道,https://www.xiaohongshu.com/explore/69203d90000000001e01107b?xsec_token_redacted=1&xsec_source=pc_dots,回答名称来自点点AI；正文直接命中是引用帖内字符串核对，不代表热度，也不等于Google事实核验
宋卡府,康养SPA,Proud Massage & Relax,Proud Massage & Relax,高端按摩,Greenway夜市对面,42,1,本轮新增名称候选,,固定实体候选,通过｜新增进入Google候选,追求品质体验,"Google review 5.0,按摩前有洗脚环节,环境舒服有疗愈精油味,价格比Lee Garden高",🇹🇭 合艾按摩推荐Greenway这家真的很可以,https://www.xiaohongshu.com/explore/6a81af6f0000000011022f48?xsec_token_redacted=1&xsec_source=pc_dots,回答名称来自点点AI；正文直接命中是引用帖内字符串核对，不代表热度，也不等于Google事实核验
宋卡府,康养SPA,Sawassdee,Sawassdee Hatyai,洗头按摩,市区,42,1,本轮新增名称候选,,固定实体候选,通过｜新增进入Google候选,洗头+按摩,洗头服务,大马留子|🇹🇭合艾➕宋卡4D3N自由行（自用版）,https://www.xiaohongshu.com/explore/6a6be9c40000000006007b44?xsec_token_redacted=1&xsec_source=pc_dots,回答名称来自点点AI；正文直接命中是引用帖内字符串核对，不代表热度，也不等于Google事实核验
宋卡府,住宿酒店,A List Hotel,A List Hotel Songkhla,豪华酒店,市中心,42,1,本轮新增名称候选,,固定实体候选,通过｜新增进入Google候选,追求奢华体验,"巴洛克宫廷风装修,水晶灯金饰装饰,约1400泰铢/晚",🇹🇭 宋卡：住进贵妇酒店,https://www.xiaohongshu.com/explore/661233e1000000001a017f5a?xsec_token_redacted=1&xsec_source=pc_dots,回答名称来自点点AI；正文直接命中是引用帖内字符串核对，不代表热度，也不等于Google事实核验
宋卡府,住宿酒店,Bestier Hotel Hatyai,Bestier Hotel Hatyai,精品酒店,市区,42,1,本轮新增名称候选,,固定实体候选,通过｜新增进入Google候选,自驾旅客、喜欢安静,"2024年新开业,干净现代,免费Parking和迎宾饮料",自驾去合艾住哪里？100+马币住到超新的酒店！,https://www.xiaohongshu.com/explore/6a54f1320000000008009c00?xsec_token_redacted=1&xsec_source=pc_dots,回答名称来自点点AI；正文直接命中是引用帖内字符串核对，不代表热度，也不等于Google事实核验
宋卡府,住宿酒店,Centara Hotel Hatyai,Centara Hotel Hatyai,四星酒店,Lee Garden商圈内,42,1,本轮新增名称候选,,固定实体候选,通过｜新增进入Google候选,追求便利的购物+按摩爱好者,"楼下即Lee Garden夜市和按摩街,地理位置极佳",🇲🇾🇹🇭合艾｜酒店开箱🛏️实住对比推荐,https://www.xiaohongshu.com/explore/6958a218000000001f009b14?xsec_token_redacted=1&xsec_source=pc_dots,回答名称来自点点AI；正文直接命中是引用帖内字符串核对，不代表热度，也不等于Google事实核验
宋卡府,住宿酒店,Laguna Grand Hotel & Bar,Laguna Grand Hotel & Spa Songkhla,度假型酒店,Phawong区,42,1,本轮新增名称候选,,固定实体候选,通过｜新增进入Google候选,情侣/家庭/亲近自然,"远离城市喧嚣,周围树木河边,日出日落景观好",🇹🇭宋卡酒店推荐|远离城市的喧嚣首选🏨,https://www.xiaohongshu.com/explore/6618d852000000000401a2fb?xsec_token_redacted=1&xsec_source=pc_dots,回答名称来自点点AI；正文直接命中是引用帖内字符串核对，不代表热度，也不等于Google事实核验
宋卡府,住宿酒店,New Season Square Hotel,New Season Square Hotel,商务酒店,市区,42,1,本轮新增名称候选,,固定实体候选,通过｜新增进入Google候选,商务+休闲,"位置便利,转个弯就到猪肉饭餐厅",泰好吃｜合艾 宋卡府 带孩子吃什么？,https://www.xiaohongshu.com/explore/69e7974e000000002202b135?xsec_token_redacted=1&xsec_source=pc_dots,回答名称来自点点AI；正文直接命中是引用帖内字符串核对，不代表热度，也不等于Google事实核验
宋卡府,住宿酒店,Sakol Hotel,Sakol Hotel Hatyai,三星酒店,市中心,42,1,本轮新增名称候选,,固定实体候选,通过｜新增进入Google候选,预算有限但要求位置便利,"步行数分钟到Lee Garden,部分房型已翻新",🇲🇾🇹🇭合艾｜酒店开箱🛏️实住对比推荐,https://www.xiaohongshu.com/explore/6958a218000000001f009b14?xsec_token_redacted=1&xsec_source=pc_dots,回答名称来自点点AI；正文直接命中是引用帖内字符串核对，不代表热度，也不等于Google事实核验
宋卡府,住宿酒店,Solis Beach Hotel & Rajamangala,Solis Beach Hotel Rajamangala,海滨酒店,Bo Yang区,42,2,本轮新增名称候选,,固定实体候选,通过｜新增进入Google候选,家庭/海景爱好者,"对面就是大海滩,房间大,2大2小不挤,Rm200+性价比高","泰国宋卡不可错过的住宿
宋卡酒店🏨推薦｜療癒系酒店天花板｜無敵海景","https://www.xiaohongshu.com/explore/66c1bec00000000009015735?xsec_token_redacted=1&xsec_source=pc_dots
https://www.xiaohongshu.com/explore/68d52daa000000000e033324?xsec_token_redacted=1&xsec_source=pc_dots",回答名称来自点点AI；正文直接命中是引用帖内字符串核对，不代表热度，也不等于Google事实核验
宋卡府,住宿酒店,The Signature Hotel Airport,The Signature Hotel Airport Hatyai,机场酒店,机场旁,42,1,本轮新增名称候选,,固定实体候选,通过｜新增进入Google候选,转机/早班机旅客,"步行十来分钟到机场,装修现代,泳池大",合艾—丽贝岛酒店分享篇,https://www.xiaohongshu.com/explore/699bdc7e000000000a02f53e?xsec_token_redacted=1&xsec_source=pc_dots,回答名称来自点点AI；正文直接命中是引用帖内字符串核对，不代表热度，也不等于Google事实核验
宋卡府,住宿酒店,Touch Warin Pool Villa,Touch Warin Pool Villa,泳池别墅,阁遥岛,42,1,本轮新增名称候选,,固定实体候选,通过｜新增进入Google候选,家庭/团体,"两间房三间厕所五张床,私人泳池+卡啦OK+BBQ工具",合艾（宋卡）住宿,https://www.xiaohongshu.com/explore/69ca29fa000000001a03311f?xsec_token_redacted=1&xsec_source=pc_dots,回答名称来自点点AI；正文直接命中是引用帖内字符串核对，不代表热度，也不等于Google事实核验
素可泰府,餐饮美食,Baan Chomnam Cafe,班崇南咖啡馆,河景咖啡馆兼餐厅,河边,42,1,本轮新增名称候选,,固定实体候选,通过｜新增进入Google候选,避暑休闲,"椰子冰淇淋特色,糯米花生是灵魂,本地人爱去",素可泰的椰子冰淇淋 和餐厅推荐,https://www.xiaohongshu.com/explore/69f1f765000000003601cc31?xsec_token_redacted=1&xsec_source=pc_dots,回答名称来自点点AI；正文直接命中是引用帖内字符串核对，不代表热度，也不等于Google事实核验
素可泰府,餐饮美食,Baan Kiang Muang,班江芒咖啡馆,老宅咖啡馆,Wat Chetuphon寺附近,42,2,本轮新增名称候选,,固定实体候选,通过｜新增进入Google候选,历史遗迹游客,"Google 4.9分,老宅改造,无WiFi但氛围好","就离谱！居然为了一个咖啡馆才去了王朝遗址
🇹🇭素可泰｜隐藏在小城里的泰式咖啡店","https://www.xiaohongshu.com/explore/6602523a00000000140062a1?xsec_token_redacted=1&xsec_source=pc_dots
https://www.xiaohongshu.com/explore/67bad380000000000d014655?xsec_token_redacted=1&xsec_source=pc_dots",回答名称来自点点AI；正文直接命中是引用帖内字符串核对，不代表热度，也不等于Google事实核验
素可泰府,餐饮美食,Baan MA-KWID SUKHOTHAI,班马宽素可泰,稻田咖啡馆,稻田边,42,1,本轮新增名称候选,,固定实体候选,通过｜新增进入Google候选,田园体验,"泰北田园感,泰茶甜点地道,需自己倒茶搅拌",BAAN MA-KWID SUKHOTHAI,https://www.xiaohongshu.com/explore/6991867c000000001d024c26?xsec_token_redacted=1&xsec_source=pc_dots,回答名称来自点点AI；正文直接命中是引用帖内字符串核对，不代表热度，也不等于Google事实核验
素可泰府,餐饮美食,Chorphaka Sukhothai,措帕卡素可泰,泰餐厅,Thai Thai Resort步行5分钟,42,1,本轮新增名称候选,,固定实体候选,通过｜新增进入Google候选,怕热游客,"有冷气,泰菜丰富美味",来泰国绝对不能错过这间Resort!!🇹🇭,https://www.xiaohongshu.com/explore/68207754000000000f038e7d?xsec_token_redacted=1&xsec_source=pc_dots,回答名称来自点点AI；正文直接命中是引用帖内字符串核对，不代表热度，也不等于Google事实核验
素可泰府,餐饮美食,Grandma Sert's Kitchen,奶奶瑟特厨房,家庭餐厅,离大路不远,42,1,本轮新增名称候选,,固定实体候选,通过｜新增进入Google候选,性价比追求,"干净不贵,crispy papaya salad招牌,两人270泰铢",素可泰老城推荐一家餐厅,https://www.xiaohongshu.com/explore/69606ffd000000001a025d1b?xsec_token_redacted=1&xsec_source=pc_dots,回答名称来自点点AI；正文直接命中是引用帖内字符串核对，不代表热度，也不等于Google事实核验
素可泰府,餐饮美食,Kwansiri Restaurant,宽西里餐厅,本地餐厅,西春寺附近,42,1,本轮新增名称候选,,固定实体候选,通过｜新增进入Google候选,本地口味爱好者,"阿姨开的,冬阴功汤好喝,沙冰、盖浇饭好吃,价格感人",🇹🇭攻略｜泰国素可泰餐厅、民宿、乘车推荐‼️,https://www.xiaohongshu.com/explore/664b47730000000016012108?xsec_token_redacted=1&xsec_source=pc_dots,回答名称来自点点AI；正文直接命中是引用帖内字符串核对，不代表热度，也不等于Google事实核验
素可泰府,餐饮美食,Nai Bann Cafe,奈班咖啡馆,景观咖啡馆,,42,1,本轮新增名称候选,,固定实体候选,通过｜新增进入Google候选,花园咖啡爱好者,"夫妻经营,花园漂亮,免费送小蛋糕,蜜袋鼯互动",在素可泰找到了人生咖啡馆！附1️⃣日吃喝攻略,https://www.xiaohongshu.com/explore/697ace65000000001a02c74e?xsec_token_redacted=1&xsec_source=pc_dots,回答名称来自点点AI；正文直接命中是引用帖内字符串核对，不代表热度，也不等于Google事实核验
素可泰府,餐饮美食,Sinvana Thai Restaurant,辛瓦纳泰餐厅,泰餐厅,583 หมู่ที่ 3 Jarodvithi Thong,42,1,本轮新增名称候选,,固定实体候选,通过｜新增进入Google候选,家庭聚餐,"宽敞怡人,服务到位,咖喱牛肉、蒸鱼不错,人均约755泰铢",素可泰餐厅Sinvana Thai Restaurant,https://www.xiaohongshu.com/explore/66f17c3a000000002c02838d?xsec_token_redacted=1&xsec_source=pc_dots,回答名称来自点点AI；正文直接命中是引用帖内字符串核对，不代表热度，也不等于Google事实核验
素可泰府,交通服务,曼谷北部巴士站,Bangkok Bus Terminal (Chatuchak/Mo Chit 2),汽车站,靠近恰图恰市场,42,4,本轮新增名称候选,,固定实体候选,通过｜新增进入Google候选,曼谷出发游客,"5号窗口买素可泰票,票价376-479泰铢,车程7-9小时","从国内出发到素可泰交通攻略
曼谷市区坐大巴到素可泰
曼谷到素可泰的大巴
素可泰交通攻略（26年5月版）","https://www.xiaohongshu.com/explore/6a82e6350000000022011a5e?xsec_token_redacted=1&xsec_source=pc_dots
https://www.xiaohongshu.com/explore/6980b686000000001a021946?xsec_token_redacted=1&xsec_source=pc_dots
https://www.xiaohongshu.com/explore/69908043000000002800b905?xsec_token_redacted=1&xsec_source=pc_dots
https://www.xiaohongshu.com/explore/6a0acdfb000000003502ce02?xsec_token_redacted=1&xsec_source=pc_dots",回答名称来自点点AI；正文直接命中是引用帖内字符串核对，不代表热度，也不等于Google事实核验
素可泰府,交通服务,彭世洛汽车站1号,Phitsanulok Bus Terminal 1,汽车站,离彭世洛火车站2.3公里,42,2,本轮新增名称候选,,固定实体候选,通过｜新增进入Google候选,中转游客,"32号窗口买素可泰老城票100-120泰铢,13号窗口46泰铢到新城(不靠谱)","从国内出发到素可泰交通攻略
11元彭世洛到素可泰巴士攻略~~","https://www.xiaohongshu.com/explore/6a82e6350000000022011a5e?xsec_token_redacted=1&xsec_source=pc_dots
https://www.xiaohongshu.com/explore/69be9c73000000002102dadf?xsec_token_redacted=1&xsec_source=pc_dots",回答名称来自点点AI；正文直接命中是引用帖内字符串核对，不代表热度，也不等于Google事实核验
素可泰府,交通服务,素可泰新城汽车站,Sukhothai Bus Terminal,汽车站,离历史公园14公里,42,5,本轮新增名称候选,,固定实体候选,通过｜新增进入Google候选,长途游客,"有较多班次往返曼谷、清迈,Wintour公司运营","11元彭世洛到素可泰巴士攻略~~
曼谷市区坐大巴到素可泰
彭世洛-素可泰的公共交通详解
从彭世洛如何去素可泰？超详细坐车攻略
🔥素可泰交通全攻略| 彭世洛→老城往返指南","https://www.xiaohongshu.com/explore/69be9c73000000002102dadf?xsec_token_redacted=1&xsec_source=pc_dots
https://www.xiaohongshu.com/explore/6980b686000000001a021946?xsec_token_redacted=1&xsec_source=pc_dots
https://www.xiaohongshu.com/explore/66b784570000000005031c09?xsec_token_redacted=1&xsec_source=pc_dots
https://www.xiaohongshu.com/explore/6948c263000000001e03a321?xsec_token_redacted=1&xsec_source=pc_dots
https://www.xiaohongshu.com/explore/67d44e43000000001a007e4a?xsec_token_redacted=1&xsec_source=pc_dots",回答名称来自点点AI；正文直接命中是引用帖内字符串核对，不代表热度，也不等于Google事实核验
素可泰府,住宿酒店,Baan B&B,班B&B,民宿,,42,1,本轮新增名称候选,,固定实体候选,通过｜新增进入Google候选,深度体验,"丰富早餐,主人热情",在素可泰找到了人生咖啡馆！附1️⃣日吃喝攻略,https://www.xiaohongshu.com/explore/697ace65000000001a02c74e?xsec_token_redacted=1&xsec_source=pc_dots,回答名称来自点点AI；正文直接命中是引用帖内字符串核对，不代表热度，也不等于Google事实核验
素可泰府,住宿酒店,Le Charme Sukhothai,勒查梅素可泰,度假酒店,历史公园入口1公里,42,1,本轮新增名称候选,,固定实体候选,通过｜新增进入Google候选,情侣/拍照,"""莫奈花园""风格,每间带私人阳台",素可泰｜被问爆了的莫奈花园酒店！,https://www.xiaohongshu.com/explore/6793c6a000000000290126f3?xsec_token_redacted=1&xsec_source=pc_dots,回答名称来自点点AI；正文直接命中是引用帖内字符串核对，不代表热度，也不等于Google事实核验
素可泰府,住宿酒店,Old City Boutique House,老城精品屋,民宿,"历史公园步行距离,711路口",42,2,本轮新增名称候选,,固定实体候选,通过｜新增进入Google候选,预算游,"老夫妻经营,双床房不到100元/晚,干净,需现金支付","🇹🇭攻略｜泰国素可泰餐厅、民宿、乘车推荐‼️
120r 泰国6城火车游第三站：素可泰","https://www.xiaohongshu.com/explore/664b47730000000016012108?xsec_token_redacted=1&xsec_source=pc_dots
https://www.xiaohongshu.com/explore/694286bc000000001f0055f1?xsec_token_redacted=1&xsec_source=pc_dots",回答名称来自点点AI；正文直接命中是引用帖内字符串核对，不代表热度，也不等于Google事实核验
素可泰府,住宿酒店,Sawasdee Sukhothai Resort,萨瓦迪素可泰度假村,度假村,历史公园5分钟车程,42,3,本轮新增名称候选,,固定实体候选,通过｜新增进入Google候选,情侣/独自,"15栋小别墅,泳池,服务真诚,200元含双早","200的酒店，无价的服务，在素可泰🇹🇭
素可泰人均100的酒店
素可泰平均房价不到800泰铢的独栋小屋泳池度假村和它还算丰富的早餐。
​推荐指数","https://www.xiaohongshu.com/explore/6666d5f3000000000e0318ea?xsec_token_redacted=1&xsec_source=pc_dots
https://www.xiaohongshu.com/explore/69d904af000000001d0199b1?xsec_token_redacted=1&xsec_source=pc_dots
https://www.xiaohongshu.com/explore/6a2caacb00000000170298c0?xsec_token_redacted=1&xsec_source=pc_dots",回答名称来自点点AI；正文直接命中是引用帖内字符串核对，不代表热度，也不等于Google事实核验
素可泰府,住宿酒店,SRIWILAI Hotel,斯里威莱酒店,酒店,,42,1,本轮新增名称候选,,固定实体候选,通过｜新增进入Google候选,宁静度假,"泰式风格,大庭院,含早餐",泰国自由行之：素可泰府这间酒店非常棒！,https://www.xiaohongshu.com/explore/69da024d000000002003a934?xsec_token_redacted=1&xsec_source=pc_dots,回答名称来自点点AI；正文直接命中是引用帖内字符串核对，不代表热度，也不等于Google事实核验
素可泰府,住宿酒店,Sukhothai Treasure Resort & Spa,素可泰珍宝度假村,度假村,历史公园附近,42,1,本轮新增名称候选,,固定实体候选,通过｜新增进入Google候选,休闲放松,"泳池,免费接驳车往返历史公园和周六夜市,可看萤火虫",素可泰一日游这样玩！历史公园＋宝藏度假村✨,https://www.xiaohongshu.com/explore/6a705dc50000000011020bcc?xsec_token_redacted=1&xsec_source=pc_dots,回答名称来自点点AI；正文直接命中是引用帖内字符串核对，不代表热度，也不等于Google事实核验
素可泰府,住宿酒店,Taitai Sukhothai Resort,泰泰素可泰度假村,度假村,历史公园附近1.5公里,42,1,本轮新增名称候选,,固定实体候选,通过｜新增进入Google候选,学生党/亲子,"人均100元+,独栋小木屋,咸水泳池,免费停车场",吹爆性价比天花板！素可泰Taitai Sukhothai,https://www.xiaohongshu.com/explore/679dc88c000000001902fb29?xsec_token_redacted=1&xsec_source=pc_dots,回答名称来自点点AI；正文直接命中是引用帖内字符串核对，不代表热度，也不等于Google事实核验
素可泰府,住宿酒店,Thai Thai Resort,泰泰度假村,度假村,历史公园车程10分钟,42,2,本轮新增名称候选,,固定实体候选,通过｜新增进入Google候选,深度游,"传统泰式小木屋,Google 4.7星1200条评论,房内SPA,泳池","清迈回曼谷｜中途入住素可泰 Thai Thai Reso
来泰国绝对不能错过这间Resort!!🇹🇭","https://www.xiaohongshu.com/explore/6a8a744f000000001602850e?xsec_token_redacted=1&xsec_source=pc_dots
https://www.xiaohongshu.com/explore/68207754000000000f038e7d?xsec_token_redacted=1&xsec_source=pc_dots",回答名称来自点点AI；正文直接命中是引用帖内字符串核对，不代表热度，也不等于Google事实核验
乌隆府,景点观光,Ban Chiang National Museum,บ้านเชียงพิพิธภัณฑ์แห่งชาติ,博物馆,班清县,29,1,本轮新增名称候选,,固定实体候选,通过｜新增进入Google候选,历史爱好者,古代出土陶器、冷气足、世界文化遗产,泰国东北🇹🇭乌隆他尼自由行～,https://www.xiaohongshu.com/explore/68e9f1b600000000050030fd?xsec_token_redacted=1&xsec_source=pc_dots,回答名称来自点点AI；正文直接命中是引用帖内字符串核对，不代表热度，也不等于Google事实核验
乌隆府,景点观光,Phu Phra Bat Historical Park,ภูพระบาทประวัติศาสตร์公园,历史公园,乌隆他尼,29,2,本轮新增名称候选,,固定实体候选,通过｜新增进入Google候选,自然/历史爱好者,奇特巨石、世界文化遗产、徒步路线,"泰国东北🇹🇭乌隆他尼自由行～
Udon Thani乌隆他尼两日半","https://www.xiaohongshu.com/explore/68e9f1b600000000050030fd?xsec_token_redacted=1&xsec_source=pc_dots
https://www.xiaohongshu.com/explore/69323359000000001e0010c3?xsec_token_redacted=1&xsec_source=pc_dots",回答名称来自点点AI；正文直接命中是引用帖内字符串核对，不代表热度，也不等于Google事实核验
乌隆府,景点观光,Red Lotus Lake,บึงหนองหาน,湖泊,乌隆他尼,29,2,本轮新增名称候选,,固定实体候选,通过｜新增进入Google候选,拍照打卡,含苞待放红莲、日出船拍、平静如镜,"泰国东北🇹🇭乌隆他尼自由行～
Udon Thani乌隆他尼两日半","https://www.xiaohongshu.com/explore/68e9f1b600000000050030fd?xsec_token_redacted=1&xsec_source=pc_dots
https://www.xiaohongshu.com/explore/69323359000000001e0010c3?xsec_token_redacted=1&xsec_source=pc_dots",回答名称来自点点AI；正文直接命中是引用帖内字符串核对，不代表热度，也不等于Google事实核验
乌隆府,景点观光,Thai-Chinese Cultural Center,ศูนย์วัฒนธรรมไทย-จีน,文化中心,乌隆他尼市区,29,2,本轮新增名称候选,,固定实体候选,通过｜新增进入Google候选,文化爱好者,华人本头公妈庙、忠孝园、孔子二十四孝介绍,"泰国东北🇹🇭乌隆他尼自由行～
Udon Thani乌隆他尼两日半","https://www.xiaohongshu.com/explore/68e9f1b600000000050030fd?xsec_token_redacted=1&xsec_source=pc_dots
https://www.xiaohongshu.com/explore/69323359000000001e0010c3?xsec_token_redacted=1&xsec_source=pc_dots",回答名称来自点点AI；正文直接命中是引用帖内字符串核对，不代表热度，也不等于Google事实核验
乌隆府,景点观光,Wat Papukon,วัดป่าภูคอน,寺庙,乌隆他尼,29,1,本轮新增名称候选,,固定实体候选,通过｜新增进入Google候选,拍照打卡,山上蓝色庙宇、大卧佛、景色辽阔,泰国东北🇹🇭乌隆他尼自由行～,https://www.xiaohongshu.com/explore/68e9f1b600000000050030fd?xsec_token_redacted=1&xsec_source=pc_dots,回答名称来自点点AI；正文直接命中是引用帖内字符串核对，不代表热度，也不等于Google事实核验
武里南府,景点观光,Phanom Rung Historical Park,พนมรุ้งประวัติศาสตร์公园,历史遗迹,南隆县,29,1,本轮新增名称候选,,固定实体候选,通过｜新增进入Google候选,历史爱好者,"泰国最大高棉遗址、15道石门、太阳穿门奇观(4月3-5日/9月8-10日日出,3月5-7日/10月6-8日日落)",帕侬蓝+玛穴寺，泰国真的有吴哥窟❤️,https://www.xiaohongshu.com/explore/69d0c8340000000023006ed1?xsec_token_redacted=1&xsec_source=pc_dots,回答名称来自点点AI；正文直接命中是引用帖内字符串核对，不代表热度，也不等于Google事实核验
武里南府,景点观光,Prasat Muang Tam,ปราสาทเมืองต่ํา,历史遗迹,南隆县,29,2,本轮新增名称候选,,固定实体候选,通过｜新增进入Google候选,历史爱好者,泰国三大高棉遗址之一、莲花池环绕、5座红砂岩佛塔,"帕侬蓝+玛穴寺，泰国真的有吴哥窟❤️
挑战 100 个泰国打卡点|披迈石宫","https://www.xiaohongshu.com/explore/69d0c8340000000023006ed1?xsec_token_redacted=1&xsec_source=pc_dots
https://www.xiaohongshu.com/explore/6a7bc3f000000000330106cb?xsec_token_redacted=1&xsec_source=pc_dots",回答名称来自点点AI；正文直接命中是引用帖内字符串核对，不代表热度，也不等于Google事实核验
武里南府,景点观光,Wat Khao Angkhan,วัดเขาอังคาร,寺庙,南隆县,29,1,本轮新增名称候选,,固定实体候选,通过｜新增进入Google候选,看日落,死火山顶部寺庙、8世纪陀罗钵地砂岩界标、日落极美,帕侬蓝+玛穴寺，泰国真的有吴哥窟❤️,https://www.xiaohongshu.com/explore/69d0c8340000000023006ed1?xsec_token_redacted=1&xsec_source=pc_dots,回答名称来自点点AI；正文直接命中是引用帖内字符串核对，不代表热度，也不等于Google事实核验
夜丰颂府,餐饮美食,比尔妹饭馆,,泰式与本地餐厅,拜县,43,1,本轮新增名称候选,,固定实体候选,通过｜新增进入Google候选,炸鱼+木瓜沙拉+近711,强,清迈-拜县两天一夜，骑行攻略！,https://www.xiaohongshu.com/explore/6a1ec5610000000037035927?xsec_token_redacted=1&xsec_source=pc_dots,回答名称来自点点AI；正文直接命中是引用帖内字符串核对，不代表热度，也不等于Google事实核验
夜丰颂府,餐饮美食,两姐妹餐厅(缅甸菜),,东南亚风味餐厅,拜县,43,1,本轮新增名称候选,,固定实体候选,通过｜新增进入Google候选,紫米饭+土豆泥拌粉+炸豆腐,强,🇹🇭｜非常推荐拜县美食之缅甸菜两姐妹餐厅,https://www.xiaohongshu.com/explore/6a3fe5af000000001503f2c4?xsec_token_redacted=1&xsec_source=pc_dots,回答名称来自点点AI；正文直接命中是引用帖内字符串核对，不代表热度，也不等于Google事实核验
夜丰颂府,餐饮美食,Art Farm Studio(Art Farm Cafe),Art Farm Cafe,主题咖啡馆,拜县,43,2,本轮新增名称候选,,固定实体候选,通过｜新增进入Google候选,彩虹咖啡牌+苏卡达陆龟+明信片,强,"冬天在拜县100块躺一天咖啡馆的常规操作！
#413 / 拜县必去的咖啡店","https://www.xiaohongshu.com/explore/697d85a0000000000a02f5ca?xsec_token_redacted=1&xsec_source=pc_dots
https://www.xiaohongshu.com/explore/685658d800000000220304b4?xsec_token_redacted=1&xsec_source=pc_dots",回答名称来自点点AI；正文直接命中是引用帖内字符串核对，不代表热度，也不等于Google事实核验
夜丰颂府,餐饮美食,Bai Fern Restaurant,Bai Fern Restaurant,泰式与本地餐厅,夜丰颂市,43,1,本轮新增名称候选,,固定实体候选,通过｜新增进入Google候选,泰北特色猪肉+糖醋风味,强,泰国夜丰颂～实用完整攻略～旅居旅行,https://www.xiaohongshu.com/explore/6989bad0000000002801c286?xsec_token_redacted=1&xsec_source=pc_dots,回答名称来自点点AI；正文直接命中是引用帖内字符串核对，不代表热度，也不等于Google事实核验
夜丰颂府,餐饮美食,Duang Restaurant(ร้านอาหารดวง),ร้านอาหารดวง,融合料理餐厅,拜县,43,1,本轮新增名称候选,,固定实体候选,通过｜新增进入Google候选,咖喱好吃+小猫陪吃,强,《🇹🇭拜县美食,https://www.xiaohongshu.com/explore/699703ee000000001a01ca1d?xsec_token_redacted=1&xsec_source=pc_dots,回答名称来自点点AI；正文直接命中是引用帖内字符串核对，不代表热度，也不等于Google事实核验
夜丰颂府,餐饮美食,Escape Sunset Bar Pai,Escape Sunset Bar Pai,酒吧与餐吧,拜县,43,1,本轮新增名称候选,,固定实体候选,通过｜新增进入Google候选,吊床兰纳沙发+稻田+两只狗,中,躺平 说真的,https://www.xiaohongshu.com/explore/6a86b745000000002800920c?xsec_token_redacted=1&xsec_source=pc_dots,回答名称来自点点AI；正文直接命中是引用帖内字符串核对，不代表热度，也不等于Google事实核验
夜丰颂府,餐饮美食,James Chicken Rice and Noodles,James Chicken Rice and Noodles,面食与小吃,拜县,43,1,本轮新增名称候选,,固定实体候选,通过｜新增进入Google候选,猪骨汤70泰铢+肉嫩脱骨,强,拜县好吃的路边小店,https://www.xiaohongshu.com/explore/6a312e180000000006021e26?xsec_token_redacted=1&xsec_source=pc_dots,回答名称来自点点AI；正文直接命中是引用帖内字符串核对，不代表热度，也不等于Google事实核验
夜丰颂府,餐饮美食,Kad Lang Hot Pot(กาดแลงคาเฟ่),กาดแลงคาเฟ่,火锅与烧烤,拜县,43,1,本轮新增名称候选,,固定实体候选,通过｜新增进入Google候选,129-299泰铢套餐+炸鸭舌,强,《🇹🇭拜县美食,https://www.xiaohongshu.com/explore/699703ee000000001a01ca1d?xsec_token_redacted=1&xsec_source=pc_dots,回答名称来自点点AI；正文直接命中是引用帖内字符串核对，不代表热度，也不等于Google事实核验
夜丰颂府,餐饮美食,Khun Si,Khun Si,泰式与本地餐厅,拜县,43,1,本轮新增名称候选,,固定实体候选,通过｜新增进入Google候选,40泰铢/份+泰式寿喜烧+脆皮猪肉,强,拜县好吃的路边小店,https://www.xiaohongshu.com/explore/6a312e180000000006021e26?xsec_token_redacted=1&xsec_source=pc_dots,回答名称来自点点AI；正文直接命中是引用帖内字符串核对，不代表热度，也不等于Google事实核验
夜丰颂府,餐饮美食,Little Good Things,Little Good Things,甜品与烘焙,夜丰颂市,43,1,本轮新增名称候选,,固定实体候选,通过｜新增进入Google候选,蛋糕美味+大面包,强,泰国夜丰颂～实用完整攻略～旅居旅行,https://www.xiaohongshu.com/explore/6989bad0000000002801c286?xsec_token_redacted=1&xsec_source=pc_dots,回答名称来自点点AI；正文直接命中是引用帖内字符串核对，不代表热度，也不等于Google事实核验
夜丰颂府,餐饮美食,Na's Kitchen,Na's Kitchen,泰式与本地餐厅,拜县,43,1,本轮新增名称候选,,固定实体候选,通过｜新增进入Google候选,炸虾招牌+平价量大,强,拜县太好吃啦！连吃三天！Na's Kitchen🦐,https://www.xiaohongshu.com/explore/6a68871100000000060130ea?xsec_token_redacted=1&xsec_source=pc_dots,回答名称来自点点AI；正文直接命中是引用帖内字符串核对，不代表热度，也不等于Google事实核验
夜丰颂府,餐饮美食,Nong Beer Restaurant,Nong Beer Restaurant,泰式与本地餐厅,拜县,43,1,本轮新增名称候选,,固定实体候选,通过｜新增进入Google候选,咖喱面50泰铢+炸面脆,强,清迈拜县10元咖喱面，美味又实惠！,https://www.xiaohongshu.com/explore/69b658e5000000001a027887?xsec_token_redacted=1&xsec_source=pc_dots,回答名称来自点点AI；正文直接命中是引用帖内字符串核对，不代表热度，也不等于Google事实核验
夜丰颂府,餐饮美食,Noodle Soup House Ban Jabo(悬崖面馆),,面食与小吃,拜县向北50km,43,1,本轮新增名称候选,,固定实体候选,通过｜新增进入Google候选,风景控,50泰铢面+咖啡+云雾山景,🇹🇭夜丰颂｜悬崖面馆，云雾缭绕的山间吃碗面,https://www.xiaohongshu.com/explore/68fcb57f0000000003037563?xsec_token_redacted=1&xsec_source=pc_dots,回答名称来自点点AI；正文直接命中是引用帖内字符串核对，不代表热度，也不等于Google事实核验
夜丰颂府,餐饮美食,Om Garden Cafe,Om Garden Cafe,咖啡馆,拜县,43,4,本轮新增名称候选,,固定实体候选,通过｜新增进入Google候选,午餐,中,"冬天在拜县100块躺一天咖啡馆的常规操作！
泰国南邦府最佳两家咖啡馆，很值得去打卡
清迈Day15｜离开拜县早上打泰拳按摩店推荐
泰北自驾——路边咖啡馆","https://www.xiaohongshu.com/explore/697d85a0000000000a02f5ca?xsec_token_redacted=1&xsec_source=pc_dots
https://www.xiaohongshu.com/explore/66e109a900000000120122fe?xsec_token_redacted=1&xsec_source=pc_dots
https://www.xiaohongshu.com/explore/6914b3ea0000000005003323?xsec_token_redacted=1&xsec_source=pc_dots
https://www.xiaohongshu.com/explore/5ffb023b0000000001003c9a?xsec_token_redacted=1&xsec_source=pc_dots",回答名称来自点点AI；正文直接命中是引用帖内字符串核对，不代表热度，也不等于Google事实核验
夜丰颂府,餐饮美食,Tea Tea's Cafe and Bakery,Tea Tea's Cafe and Bakery,甜品与烘焙,拜县,43,4,本轮新增名称候选,,固定实体候选,通过｜新增进入Google候选,绿咖喱+脆皮鸡饭+WiFi,强,"冬天在拜县100块躺一天咖啡馆的常规操作！
拜县好吃的路边小店
泰国南邦府最佳两家咖啡馆，很值得去打卡
泰北自驾——路边咖啡馆","https://www.xiaohongshu.com/explore/697d85a0000000000a02f5ca?xsec_token_redacted=1&xsec_source=pc_dots
https://www.xiaohongshu.com/explore/6a312e180000000006021e26?xsec_token_redacted=1&xsec_source=pc_dots
https://www.xiaohongshu.com/explore/66e109a900000000120122fe?xsec_token_redacted=1&xsec_source=pc_dots
https://www.xiaohongshu.com/explore/5ffb023b0000000001003c9a?xsec_token_redacted=1&xsec_source=pc_dots",回答名称来自点点AI；正文直接命中是引用帖内字符串核对，不代表热度，也不等于Google事实核验
夜丰颂府,餐饮美食,Wojia Cafe,Wojia Cafe,咖啡馆,夜丰颂市Ban Rak Thai,43,1,本轮新增名称候选,,固定实体候选,通过｜新增进入Google候选,木屋小湖茶园山景,中,清迈夜丰颂Ban Rak Thai-Wojia Cafe,https://www.xiaohongshu.com/explore/692baf4f000000001e002c6e?xsec_token_redacted=1&xsec_source=pc_dots,回答名称来自点点AI；正文直接命中是引用帖内字符串核对，不代表热度，也不等于Google事实核验
夜丰颂府,餐饮美食,Yen Fo (Pink Noodle),Pink Noodle,面食与小吃,拜县,43,1,本轮新增名称候选,,固定实体候选,通过｜新增进入Google候选,鱼丸面+pink noodles+13-16元人均,强,《🇹🇭拜县美食,https://www.xiaohongshu.com/explore/699703ee000000001a01ca1d?xsec_token_redacted=1&xsec_source=pc_dots,回答名称来自点点AI；正文直接命中是引用帖内字符串核对，不代表热度，也不等于Google事实核验
夜丰颂府,交通服务,牛洞寺接待处,,交通节点与游船服务,拜县与夜丰颂之间,43,1,本轮新增名称候选,,固定实体候选,通过｜新增进入Google候选,禅修交通,黄色松条车120泰铢+每天两班7:00/11:00,泰国牛洞寺禅修最全攻略～旅拍,https://www.xiaohongshu.com/explore/694ad023000000001e024079?xsec_token_redacted=1&xsec_source=pc_dots,回答名称来自点点AI；正文直接命中是引用帖内字符串核对，不代表热度，也不等于Google事实核验
夜丰颂府,交通服务,清迈长途汽车站(Chiang Mai Arcade2),,汽车与巴士站,清迈,43,1,本轮新增名称候选,,固定实体候选,通过｜新增进入Google候选,发往拜县,80泰铢/人+4小时车程,泰国旅行攻略14 | 拐760弯去住拜县这家酒店,https://www.xiaohongshu.com/explore/5fab74f3000000000101d9f9?xsec_token_redacted=1&xsec_source=pc_dots,回答名称来自点点AI；正文直接命中是引用帖内字符串核对，不代表热度，也不等于Google事实核验
夜丰颂府,康养SPA,拜县传统泰式按摩店,,泰式按摩,拜县,43,1,本轮新增名称候选,,固定实体候选,通过｜新增进入Google候选,150泰铢/小时,中,清迈Day15｜离开拜县早上打泰拳按摩店推荐,https://www.xiaohongshu.com/explore/6914b3ea0000000005003323?xsec_token_redacted=1&xsec_source=pc_dots,回答名称来自点点AI；正文直接命中是引用帖内字符串核对，不代表热度，也不等于Google事实核验
夜丰颂府,康养SPA,Anong Thai Massage,Anong Thai Massage,泰式按摩,拜县,43,2,本轮新增名称候选,,固定实体候选,通过｜新增进入Google候选,250泰铢/小时+踩雷痛,中,"超详细⚠️一个人拜县旅游完全攻略(上)
清迈Day15｜离开拜县早上打泰拳按摩店推荐","https://www.xiaohongshu.com/explore/64a7c6850000000023035fca?xsec_token_redacted=1&xsec_source=pc_dots
https://www.xiaohongshu.com/explore/6914b3ea0000000005003323?xsec_token_redacted=1&xsec_source=pc_dots",回答名称来自点点AI；正文直接命中是引用帖内字符串核对，不代表热度，也不等于Google事实核验
夜丰颂府,康养SPA,Mamalon Massage,Mamalon Massage,泰式按摩,拜县,43,2,本轮新增名称候选,,固定实体候选,通过｜新增进入Google候选,环境好+按法舒服+以前做度假村按摩,强,"🇹🇭拜县马杀鸡踩雷店｜别去这家
清迈Day15｜离开拜县早上打泰拳按摩店推荐","https://www.xiaohongshu.com/explore/63f45a250000000027011ab9?xsec_token_redacted=1&xsec_source=pc_dots
https://www.xiaohongshu.com/explore/6914b3ea0000000005003323?xsec_token_redacted=1&xsec_source=pc_dots",回答名称来自点点AI；正文直接命中是引用帖内字符串核对，不代表热度，也不等于Google事实核验
夜丰颂府,康养SPA,Prawniee Paicity2 Massage,Prawniee Paicity2 Massage,泰式按摩,拜县,43,1,本轮新增名称候选,,固定实体候选,通过｜新增进入Google候选,250泰铢+谷歌4.9分,强,清迈Day15｜离开拜县早上打泰拳按摩店推荐,https://www.xiaohongshu.com/explore/6914b3ea0000000005003323?xsec_token_redacted=1&xsec_source=pc_dots,回答名称来自点点AI；正文直接命中是引用帖内字符串核对，不代表热度，也不等于Google事实核验
夜丰颂府,康养SPA,Sapaiya Spa,Sapaiya Spa,SPA与水疗,拜县,43,1,本轮新增名称候选,,固定实体候选,通过｜新增进入Google候选,590泰铢/小时+仅女性技师,强,超详细⚠️一个人拜县旅游完全攻略(上),https://www.xiaohongshu.com/explore/64a7c6850000000023035fca?xsec_token_redacted=1&xsec_source=pc_dots,回答名称来自点点AI；正文直接命中是引用帖内字符串核对，不代表热度，也不等于Google事实核验
夜丰颂府,住宿酒店,FARM STAY@Pai,FARM STAY@Pai,民宿与客栈,拜县,43,1,本轮新增名称候选,,固定实体候选,通过｜新增进入Google候选,空调/风扇木屋+兔子羊+包早餐,中,泰国｜在拜县不到200元一晚拥有独栋小木屋,https://www.xiaohongshu.com/explore/651febca000000001d039997?xsec_token_redacted=1&xsec_source=pc_dots,回答名称来自点点AI；正文直接命中是引用帖内字符串核对，不代表热度，也不等于Google事实核验
夜丰颂府,住宿酒店,Khun Yuam Resort(昆元度假村),Khun Yuam Resort,度假村,拜县,43,1,本轮新增名称候选,,固定实体候选,通过｜新增进入Google候选,豪华房+飘窗观星+山景雾气,强,推荐两家夜丰颂环线上的住宿,https://www.xiaohongshu.com/explore/679ecd7e000000002900b488?xsec_token_redacted=1&xsec_source=pc_dots,回答名称来自点点AI；正文直接命中是引用帖内字符串核对，不代表热度，也不等于Google事实核验
夜丰颂府,住宿酒店,Moon Garden Hostel,Moon Garden Hostel,青年旅舍,拜县,43,1,本轮新增名称候选,,固定实体候选,通过｜新增进入Google候选,30元/晚+泰北风格木屋+院子,强,拜县 30一晚的青旅,https://www.xiaohongshu.com/explore/6a2b59c900000000220084e3?xsec_token_redacted=1&xsec_source=pc_dots,回答名称来自点点AI；正文直接命中是引用帖内字符串核对，不代表热度，也不等于Google事实核验
夜丰颂府,住宿酒店,P.L.P. Guest House,P.L.P. Guest House,民宿与客栈,夜丰颂市,43,1,本轮新增名称候选,,固定实体候选,通过｜新增进入Google候选,60元/晚+免费早餐+咖啡厅一体,强,🇹🇭Mae Hong Son夜丰颂P.L.P Guest House,https://www.xiaohongshu.com/explore/670f97800000000016020d86?xsec_token_redacted=1&xsec_source=pc_dots,回答名称来自点点AI；正文直接命中是引用帖内字符串核对，不代表热度，也不等于Google事实核验
夜丰颂府,住宿酒店,Pai Kiniman Resort,Pai Kiniman Resort,度假村,拜县,43,1,本轮新增名称候选,,固定实体候选,通过｜新增进入Google候选,木屋+田园,中,在这样的国外乡下 你能待多久,https://www.xiaohongshu.com/explore/69129026000000000301b152?xsec_token_redacted=1&xsec_source=pc_dots,回答名称来自点点AI；正文直接命中是引用帖内字符串核对，不代表热度，也不等于Google事实核验
夜丰颂府,住宿酒店,Pai Village Boutique Resort(拜县精品农场度假村),Pai Village Boutique Resort,精品度假酒店,拜县,43,1,本轮新增名称候选,,固定实体候选,通过｜新增进入Google候选,39栋泰式小木屋+热带花园+拜河景观,强,拜县神仙民宿免费住！🌿,https://www.xiaohongshu.com/explore/6982a8e0000000000d0082cc?xsec_token_redacted=1&xsec_source=pc_dots,回答名称来自点点AI；正文直接命中是引用帖内字符串核对，不代表热度，也不等于Google事实核验
夜丰颂府,住宿酒店,Phu Pai Art Resort(普派艺术酒店),Phu Pai Art Resort,度假村,拜县,43,1,本轮新增名称候选,,固定实体候选,通过｜新增进入Google候选,田园风光+无边泳池+独栋别墅,强,泰国旅行攻略14 | 拐760弯去住拜县这家酒店,https://www.xiaohongshu.com/explore/5fab74f3000000000101d9f9?xsec_token_redacted=1&xsec_source=pc_dots,回答名称来自点点AI；正文直接命中是引用帖内字符串核对，不代表热度，也不等于Google事实核验
夜丰颂府,住宿酒店,PiYa Guest House,PiYa Guest House,民宿与客栈,夜丰颂市,43,1,本轮新增名称候选,,固定实体候选,通过｜新增进入Google候选,带泳池+近夜市菜场,中,泰国夜丰颂～实用完整攻略～旅居旅行,https://www.xiaohongshu.com/explore/6989bad0000000002801c286?xsec_token_redacted=1&xsec_source=pc_dots,回答名称来自点点AI；正文直接命中是引用帖内字符串核对，不代表热度，也不等于Google事实核验
夜丰颂府,住宿酒店,Pripta Boutique Resort,Pripta Boutique Resort,精品度假酒店,拜县,43,2,本轮新增名称候选,,固定实体候选,通过｜新增进入Google候选,房间带院子+温泉浴缸+河景,强,"推荐两家夜丰颂环线上的住宿
Reverie Siam Resort - 意式精品酒店","https://www.xiaohongshu.com/explore/679ecd7e000000002900b488?xsec_token_redacted=1&xsec_source=pc_dots
https://www.xiaohongshu.com/explore/6a254d3f0000000013020400?xsec_token_redacted=1&xsec_source=pc_dots",回答名称来自点点AI；正文直接命中是引用帖内字符串核对，不代表热度，也不等于Google事实核验
夜丰颂府,住宿酒店,Reverie Siam Resort,Reverie Siam Resort,精品度假酒店,拜县,43,1,本轮新增名称候选,,固定实体候选,通过｜新增进入Google候选,欧式细节+河边下午茶,强,Reverie Siam Resort - 意式精品酒店,https://www.xiaohongshu.com/explore/6a254d3f0000000013020400?xsec_token_redacted=1&xsec_source=pc_dots,回答名称来自点点AI；正文直接命中是引用帖内字符串核对，不代表热度，也不等于Google事实核验
夜丰颂府,住宿酒店,Romtai House Mae Hong Son,Romtai House Mae Hong Son,民宿与客栈,夜丰颂市,43,1,本轮新增名称候选,,固定实体候选,通过｜新增进入Google候选,池塘鲜花院子,中,泰国夜丰颂～实用完整攻略～旅居旅行,https://www.xiaohongshu.com/explore/6989bad0000000002801c286?xsec_token_redacted=1&xsec_source=pc_dots,回答名称来自点点AI；正文直接命中是引用帖内字符串核对，不代表热度，也不等于Google事实核验
夜丰颂府,住宿酒店,The Riverfront Reserve(河畔珍藏),The Riverfront Reserve,度假酒店,拜县,43,2,本轮新增名称候选,,固定实体候选,通过｜新增进入Google候选,周末200+人均+水吧小食早餐,强,"泰国拜县好去处
Pai县-The Riverfront Reserve（河畔珍藏）","https://www.xiaohongshu.com/explore/5ebaa0190000000001000317?xsec_token_redacted=1&xsec_source=pc_dots
https://www.xiaohongshu.com/explore/69c53fdb000000001a02a924?xsec_token_redacted=1&xsec_source=pc_dots",回答名称来自点点AI；正文直接命中是引用帖内字符串核对，不代表热度，也不等于Google事实核验
夜丰颂府,住宿酒店,TIMN Co-working Space & Hostel Female Only,TIMN Co-working Space & Hostel Female Only,青年旅舍,拜县,43,2,本轮新增名称候选,,固定实体候选,通过｜新增进入Google候选,干净安静安全+泰拳课,强,"清迈Day15｜离开拜县早上打泰拳按摩店推荐
在这样的国外乡下 你能待多久","https://www.xiaohongshu.com/explore/6914b3ea0000000005003323?xsec_token_redacted=1&xsec_source=pc_dots
https://www.xiaohongshu.com/explore/69129026000000000301b152?xsec_token_redacted=1&xsec_source=pc_dots",回答名称来自点点AI；正文直接命中是引用帖内字符串核对，不代表热度，也不等于Google事实核验
夜丰颂府,住宿酒店,Yoma Hotel,Yoma Hotel,精品酒店,拜县,43,1,本轮新增名称候选,,固定实体候选,通过｜新增进入Google候选,安静+田野景观+小别墅,强,Reverie Siam Resort - 意式精品酒店,https://www.xiaohongshu.com/explore/6a254d3f0000000013020400?xsec_token_redacted=1&xsec_source=pc_dots,回答名称来自点点AI；正文直接命中是引用帖内字符串核对，不代表热度，也不等于Google事实核验
夜丰颂府,住宿酒店,ปล่อยใจ ปลายนา - ที่พักแม่ฮ่องสอน,ปล่อยใจ ปลายนา - ที่พักแม่ฮ่องสอน,民宿与客栈,夜丰颂市,43,1,本轮新增名称候选,,固定实体候选,通过｜新增进入Google候选,稻田日式独栋+250元,中,2025年8月碧差汶-彭世洛-帕府-南奔-夜丰颂,https://www.xiaohongshu.com/explore/68aa4667000000001d03b47c?xsec_token_redacted=1&xsec_source=pc_dots,回答名称来自点点AI；正文直接命中是引用帖内字符串核对，不代表热度，也不等于Google事实核验
巴蜀府,餐饮美食,K.O,เค โอ,海鲜大排档,华欣夜市中,51,0,本轮新增名称候选,,名称过短，需人工消歧,暂缓｜名称过短，需人工消歧,适合夜市用餐,海鲜个头大新鲜、价格合理但买单需对账单防续报总价,,,回答名称来自点点AI；正文直接命中是引用帖内字符串核对，不代表热度，也不等于Google事实核验
春蓬府,住宿酒店,柳舍,Willow Pillow Guest House,民宿/青旅,"美食街,离火车站10分钟",41,1,本轮新增名称候选,,名称过短，需人工消歧,暂缓｜名称过短，需人工消歧,背包客/中转游客,"价格亲民(300-1300泰铢/晚),多人间/标准间/套房可选",来泰国玩 去涛岛 请到春蓬这边住,https://www.xiaohongshu.com/explore/65dda18e000000000702518d?xsec_token_redacted=1&xsec_source=pc_dots,回答名称来自点点AI；正文直接命中是引用帖内字符串核对，不代表热度，也不等于Google事实核验
巴蜀府,康养SPA,Day & Night Massage,เดย์ แอนด์ ไนท์,按摩店,夜市里夜市摊后面房子,51,0,本轮新增名称候选,,固定实体候选,暂缓｜引用正文未直接命中名称,适合夜间放松,200泰铢1小时泰式按摩、技师笑容好手法专业,,,回答名称来自点点AI；正文直接命中是引用帖内字符串核对，不代表热度，也不等于Google事实核验
巴蜀府,康养SPA,KINN Massage,คินน์ นวด,按摩店,夜市口,51,0,本轮新增名称候选,,固定实体候选,暂缓｜引用正文未直接命中名称,适合追求环境服务,环境服务超棒、全身精油+足底90分钟800泰铢、手法舒服,,,回答名称来自点点AI；正文直接命中是引用帖内字符串核对，不代表热度，也不等于Google事实核验
巴蜀府,康养SPA,Koi Massage,คอย นวด,传统泰式按摩店,夜市边上,51,0,本轮新增名称候选,,固定实体候选,暂缓｜引用正文未直接命中名称,适合肩颈有问题者,泰式传统木质风格、阿姨手法好会针对性疏通、60分钟混合精油按摩500泰铢,,,回答名称来自点点AI；正文直接命中是引用帖内字符串核对，不代表热度，也不等于Google事实核验
巴蜀府,住宿酒店,Holiday Inn Resort Vana Nava,华欣假日度假村瓦纳纳瓦,国际连锁度假村,送对面水上乐园门票,51,0,本轮新增名称候选,,固定实体候选,暂缓｜引用正文未直接命中名称,适合亲子,水上乐园随便玩,,,回答名称来自点点AI；正文直接命中是引用帖内字符串核对，不代表热度，也不等于Google事实核验
巴蜀府,住宿酒店,Intercontinental Hua Hin,华欣洲际酒店,国际连锁酒店,对面是Bluport购物中心,51,0,本轮新增名称候选,,固定实体候选,暂缓｜引用正文未直接命中名称,适合短途度假,酒店老旧但维护好、距离泳池近、人少经常承包泳池,,,回答名称来自点点AI；正文直接命中是引用帖内字符串核对，不代表热度，也不等于Google事实核验
巴蜀府,住宿酒店,SO Sofitel Hua Hin,索菲特SO华欣酒店,沙滩酒店,七岩海滩,51,0,本轮新增名称候选,,固定实体候选,暂缓｜引用正文未直接命中名称,适合家庭/玩水,四个泳池、房间大、每天免费mini bar、沙滩风景好出片,,,回答名称来自点点AI；正文直接命中是引用帖内字符串核对，不代表热度，也不等于Google事实核验
巴蜀府,住宿酒店,U Hua Hin,U华欣酒店,泰国本土品牌酒店,七岩海滩,51,0,本轮新增名称候选,,固定实体候选,暂缓｜引用正文未直接命中名称,适合看日出/自驾,2023年开业设施新、日出绝美、早餐种类多不重样,,,回答名称来自点点AI；正文直接命中是引用帖内字符串核对，不代表热度，也不等于Google事实核验
北碧府,交通服务,南托站,Nam Tok Station,火车站,铁路终点站,27,0,本轮新增名称候选,,固定实体候选,暂缓｜引用正文未直接命中名称,深度游游客,可去Sai Yok Noi瀑布、时间充裕可多住几晚,,,回答名称来自点点AI；正文直接命中是引用帖内字符串核对，不代表热度，也不等于Google事实核验
北碧府,景点观光,大象世界保育营,Elephants World Kanchanaburi,大象保护营,市区外,27,0,本轮新增名称候选,,固定实体候选,暂缓｜引用正文未直接命中名称,亲子/动物爱好者,ethical互动体验、喂食泥浆浴河边洗象、1800泰铢/人含接送,,,回答名称来自点点AI；正文直接命中是引用帖内字符串核对，不代表热度，也不等于Google事实核验
北碧府,住宿酒店,Asleep Hostel,Asleep Hostel Kanchanaburi,青旅,夜市对面,27,0,本轮新增名称候选,,固定实体候选,暂缓｜引用正文未直接命中名称,预算型游客,位置好坐巴士方便、但有床虫风险,,,回答名称来自点点AI；正文直接命中是引用帖内字符串核对，不代表热度，也不等于Google事实核验
北碧府,住宿酒店,Plakan Resort餐厅,Plakan Resort Restaurant Kanchanaburi,度假村餐厅,Plakan Resort内,27,0,本轮新增名称候选,,固定实体候选,暂缓｜引用正文未直接命中名称,晚餐游客,谷歌评分4.9、冬阴功汤好但很辣、人均100元出头,,,回答名称来自点点AI；正文直接命中是引用帖内字符串核对，不代表热度，也不等于Google事实核验
春蓬府,餐饮美食,狮洞穴咖啡厅,(Lion Cave Coffee),山顶咖啡馆,"玛西山山顶,距市区10公里",41,0,本轮新增名称候选,,固定实体候选,暂缓｜引用正文未直接命中名称,观景游客,"360度望春蓬府和对面岛屿,当地种植咖啡豆,60泰铢/杯,营业时间07:00-19:00",,,回答名称来自点点AI；正文直接命中是引用帖内字符串核对，不代表热度，也不等于Google事实核验
春蓬府,餐饮美食,Boom Watcham Tree House,boom watcham tree house,网红餐厅,海边,41,0,本轮新增名称候选,,固定实体候选,暂缓｜引用正文未直接命中名称,拍照打卡/亲子,"壶与海洋结合设计感强,有泰国餐/咖啡/下午茶,顶楼可做民宿,卖可可果制品",,,回答名称来自点点AI；正文直接命中是引用帖内字符串核对，不代表热度，也不等于Google事实核验
春蓬府,康养SPA,BearHub Relax Zone,BearHub Relax Zone,按摩店,市区,41,0,本轮新增名称候选,,固定实体候选,暂缓｜引用正文未直接命中名称,放松/按摩,"环境好服务人员nice,旁边有海鲜自助",,,回答名称来自点点AI；正文直接命中是引用帖内字符串核对，不代表热度，也不等于Google事实核验
春蓬府,住宿酒店,海度假村,Seashell Resort,海岛度假村,全岛唯一商业街,41,0,本轮新增名称候选,,固定实体候选,暂缓｜引用正文未直接命中名称,潜水爱好者/家庭,"沙滩餐厅+泳池+潜水中心,位置核心",,,回答名称来自点点AI；正文直接命中是引用帖内字符串核对，不代表热度，也不等于Google事实核验
大城府,景点观光,火车站对面租车店,无专名,租车门店,火车站正对面,72,0,本轮新增名称候选,,固定实体候选,暂缓｜引用正文未直接命中名称,摩托车/自行车,"200-300泰铢/天摩托车,60泰铢自行车",,,回答名称来自点点AI；正文直接命中是引用帖内字符串核对，不代表热度，也不等于Google事实核验
董里府,交通服务,Koh Kradan Beach,Koh Kradan Beach,海滩,全岛,42,0,本轮新增名称候选,,固定实体候选,暂缓｜引用正文未直接命中名称,追求最美海滩的游客,"2023年英国卫报评选全球最佳海滩No.1,白沙滩砂质细腻",,,回答名称来自点点AI；正文直接命中是引用帖内字符串核对，不代表热度，也不等于Google事实核验
董里府,交通服务,Koh Ngai Beach,Koh Ngai Beach,海滩,东侧,42,0,本轮新增名称候选,,固定实体候选,暂缓｜引用正文未直接命中名称,喜欢安静海滩的游客,"绵长白色沙滩,清澈海水,游客少",,,回答名称来自点点AI；正文直接命中是引用帖内字符串核对，不代表热度，也不等于Google事实核验
呵叻府,餐饮美食,Saisook动物主题冰棍店,Saisook Animal Ice Cream,甜品店,北冲县,55,0,本轮新增名称候选,,固定实体候选,暂缓｜引用正文未直接命中名称,亲子家庭,动物概念外观和命名的冰棍,,,回答名称来自点点AI；正文直接命中是引用帖内字符串核对，不代表热度，也不等于Google事实核验
呵叻府,购物商业,北冲夜市,Pak Chong Night Market,市场,北冲县,55,0,本轮新增名称候选,,固定实体候选,暂缓｜引用正文未直接命中名称,美食爱好者,"当地夜市,有各种小吃摊位",,,回答名称来自点点AI；正文直接命中是引用帖内字符串核对，不代表热度，也不等于Google事实核验
呵叻府,交通服务,呵叻府汽车站2,Nakhon Ratchasima Bus Terminal 2,交通节点,呵叻市区,55,0,本轮新增名称候选,,固定实体候选,暂缓｜引用正文未直接命中名称,公共交通游客,可乘车前往披迈石宫等周边景点,,,回答名称来自点点AI；正文直接命中是引用帖内字符串核对，不代表热度，也不等于Google事实核验
呵叻府,景点观光,GranMonte Vineyard,กรานมอนเต,酒庄,考艾,29,0,本轮新增名称候选,,固定实体候选,暂缓｜引用正文未直接命中名称,品酒爱好者,参观葡萄园酒窖、专业导览讲解、品特色葡萄酒,,,回答名称来自点点AI；正文直接命中是引用帖内字符串核对，不代表热度，也不等于Google事实核验
呵叻府,景点观光,Sai Sorn Reservoir,Sai Sorn Reservoir,水库,考艾国家公园内,55,0,本轮新增名称候选,,固定实体候选,暂缓｜引用正文未直接命中名称,自然爱好者,日落前有机会看到大象群来喝水,,,回答名称来自点点AI；正文直接命中是引用帖内字符串核对，不代表热度，也不等于Google事实核验
呵叻府,住宿酒店,Malai Resort Khao Yai,Malai Resort Khao Yai,酒店/度假村,北冲县,55,0,本轮新增名称候选,,固定实体候选,暂缓｜引用正文未直接命中名称,家庭游客,"房间舒适,风景好,适合带老人小孩",,,回答名称来自点点AI；正文直接命中是引用帖内字符串核对，不代表热度，也不等于Google事实核验
罗勇府,餐饮美食,Samed Villa餐厅,Samed Villa Restaurant,海岛餐厅,沙美别墅酒店旁,75,0,本轮新增名称候选,,固定实体候选,暂缓｜引用正文未直接命中名称,性价比,"好吃又便宜,烤鱿鱼/香辣大虾推荐",,,回答名称来自点点AI；正文直接命中是引用帖内字符串核对，不代表热度，也不等于Google事实核验
罗勇府,交通服务,沙美岛公共码头,Samet Public Pier,公共码头,主街附近,75,0,本轮新增名称候选,,固定实体候选,暂缓｜引用正文未直接命中名称,所有游客,"有标志性雕塑,双条车20-60铢/人,摩托车400铢/天",,,回答名称来自点点AI；正文直接命中是引用帖内字符串核对，不代表热度，也不等于Google事实核验
罗勇府,康养SPA,沙美岛主街711旁按摩店,Unnamed Massage Shop,社区按摩,主街711路口突突车站往海滩方向右手边,75,0,本轮新增名称候选,,固定实体候选,暂缓｜引用正文未直接命中名称,性价比,"2小时700铢,小费自愿,找上岁数胖胖的按摩师有劲儿能找到酸痛爽点",,,回答名称来自点点AI；正文直接命中是引用帖内字符串核对，不代表热度，也不等于Google事实核验
攀牙府,餐饮美食,Tai Muang Camping Restaurant,泰米昂露营餐厅,家常泰餐,露营基地,51,0,本轮新增名称候选,,固定实体候选,暂缓｜引用正文未直接命中名称,亲水体验,水中餐桌、虾酱炒芭蕉梗、猪骨咖喱,,,回答名称来自点点AI；正文直接命中是引用帖内字符串核对，不代表热度，也不等于Google事实核验
攀牙府,景点观光,Memories Beach,记忆海滩,冲浪点,海滩,51,0,本轮新增名称候选,,固定实体候选,暂缓｜引用正文未直接命中名称,冲浪/新手,浪友好、适合新手、有bar和massage,,,回答名称来自点点AI；正文直接命中是引用帖内字符串核对，不代表热度，也不等于Google事实核验
攀牙府,康养SPA,Navara 按摩店,纳瓦拉按摩,泰式按摩,邦娘集市附近,51,0,本轮新增名称候选,,固定实体候选,暂缓｜引用正文未直接命中名称,意外发现,门口鞋子多、手法好、离集市不远,,,回答名称来自点点AI；正文直接命中是引用帖内字符串核对，不代表热度，也不等于Google事实核验
攀牙府,住宿酒店,Apsara Resort,阿普萨拉度假村,度假村,海滩,51,0,本轮新增名称候选,,固定实体候选,暂缓｜引用正文未直接命中名称,冲浪/预算,近Memories Beach冲浪点,,,回答名称来自点点AI；正文直接命中是引用帖内字符串核对，不代表热度，也不等于Google事实核验
清莱府,交通服务,清莱夜市车站,Chiang Rai Night Market Station,夜市旁,市中心,69,0,本轮新增名称候选,,固定实体候选,暂缓｜引用正文未直接命中名称,适合逛吃,夜市5点-10点营业、有舞台表演,,,回答名称来自点点AI；正文直接命中是引用帖内字符串核对，不代表热度，也不等于Google事实核验
清莱府,住宿酒店,桂花莊民宿,Baan Hom Muen Lee,民宿,山坡上,69,0,本轮新增名称候选,,固定实体候选,暂缓｜引用正文未直接命中名称,适合看山景,360°环山景、云南风情、早餐有哨子面,,,回答名称来自点点AI；正文直接命中是引用帖内字符串核对，不代表热度，也不等于Google事实核验
清莱府,住宿酒店,Le Patta Hotel,Le Patta Hotel,酒店,市区主街旁,69,0,本轮新增名称候选,,固定实体候选,暂缓｜引用正文未直接命中名称,适合逛街,位置好、出门就是按摩街,,,回答名称来自点点AI；正文直接命中是引用帖内字符串核对，不代表热度，也不等于Google事实核验
沙敦府,住宿酒店,艾琳度假酒店,Irene Lipe Resort,度假村,丽贝岛日出沙滩,70,0,本轮新增名称候选,,固定实体候选,暂缓｜引用正文未直接命中名称,追求高端度假、预算充足,25年米其林、环境好、但餐厅被吐槽性价比低,,,回答名称来自点点AI；正文直接命中是引用帖内字符串核对，不代表热度，也不等于Google事实核验
沙敦府,住宿酒店,丽贝之家,Lipe Home,民宿,丽贝岛日出沙滩,70,0,本轮新增名称候选,,固定实体候选,暂缓｜引用正文未直接命中名称,追求安静、浮潜爱好者,10间房安静、每间外有泳池、24年新店、浮潜有礁石鱼多,,,回答名称来自点点AI；正文直接命中是引用帖内字符串核对，不代表热度，也不等于Google事实核验
沙敦府,住宿酒店,Sita Resort,Sita Resort,度假村,丽贝岛日出沙滩,70,0,本轮新增名称候选,,固定实体候选,暂缓｜引用正文未直接命中名称,追求性价比、预算中等,淡季三四百/晚、但被吐槽性价比不如邦达亚,,,回答名称来自点点AI；正文直接命中是引用帖内字符串核对，不代表热度，也不等于Google事实核验
宋卡府,餐饮美食,Cafe Amazon Songkhla Old Town,Cafe Amazon Songkhla Old Town,连锁咖啡馆,老街,42,0,本轮新增名称候选,,固定实体候选,暂缓｜引用正文未直接命中名称,拍照打卡,超级出片随手拍都是ins风,,,回答名称来自点点AI；正文直接命中是引用帖内字符串核对，不代表热度，也不等于Google事实核验
宋卡府,购物商业,Thammanoonvithi Park Night Market,Thammanoonvithi Small Park Night Market,周末夜市,市中心公园,42,0,本轮新增名称候选,,固定实体候选,暂缓｜引用正文未直接命中名称,周末休闲,"2026年6月26日开始至9月底,每周五周六15:30-22:00,四大专区:美食/购物/艺术手作/音乐表演",,,回答名称来自点点AI；正文直接命中是引用帖内字符串核对，不代表热度，也不等于Google事实核验
宋卡府,交通服务,合艾钟楼 Van Terminal,Hatyai Clock Tower Van Terminal,面包车站点,钟楼附近,42,0,本轮新增名称候选,,固定实体候选,暂缓｜引用正文未直接命中名称,往返宋卡,"去宋卡城区,车程约1小时,35泰铢/人,自备零钱",,,回答名称来自点点AI；正文直接命中是引用帖内字符串核对，不代表热度，也不等于Google事实核验
宋卡府,交通服务,宋卡钟楼 Van Terminal,Songkhla Clock Tower Van Terminal,面包车站点,钟楼附近,42,0,本轮新增名称候选,,固定实体候选,暂缓｜引用正文未直接命中名称,返回合艾,返程也在宋卡钟楼附近,,,回答名称来自点点AI；正文直接命中是引用帖内字符串核对，不代表热度，也不等于Google事实核验
宋卡府,康养SPA,Michael Massage,Michael Massage,专业按摩,Lee Garden,42,0,本轮新增名称候选,,固定实体候选,暂缓｜引用正文未直接命中名称,追求手法到位,"老板是马来西亚女婿,200泰铢/小时foot massage包括15分钟肩膀和头,手法超级到位不像摸来摸去",,,回答名称来自点点AI；正文直接命中是引用帖内字符串核对，不代表热度，也不等于Google事实核验
宋卡府,康养SPA,TNY Massage,TNY Massage,泰式按摩,Lee Garden附近,42,0,本轮新增名称候选,,固定实体候选,暂缓｜引用正文未直接命中名称,按摩爱好者,"强烈推荐,手法到位",,,回答名称来自点点AI；正文直接命中是引用帖内字符串核对，不代表热度，也不等于Google事实核验
素可泰府,购物商业,素可泰早市,Sukhothai Morning Market,早市,711门口,42,0,本轮新增名称候选,,固定实体候选,暂缓｜引用正文未直接命中名称,早起游客,"6点左右有摊,打泡饭20泰铢,鸡蛋羹10泰铢,本地人买",,,回答名称来自点点AI；正文直接命中是引用帖内字符串核对，不代表热度，也不等于Google事实核验
素可泰府,交通服务,素可泰老城车站,Sukhothai Old City Station,车站,历史公园800米街上,42,0,本轮新增名称候选,,固定实体候选,暂缓｜引用正文未直接命中名称,清迈/曼谷往返,一家商店代售少量清迈和曼谷巴士票,,,回答名称来自点点AI；正文直接命中是引用帖内字符串核对，不代表热度，也不等于Google事实核验
夜丰颂府,餐饮美食,Alawaa Coffee,湖边咖啡馆,夜丰颂市,甜品控,43,0,本轮新增名称候选,,固定实体候选,暂缓｜引用正文未直接命中名称,自制蛋糕+柠檬芝士蛋糕10元,中,,,回答名称来自点点AI；正文直接命中是引用帖内字符串核对，不代表热度，也不等于Google事实核验
夜丰颂府,交通服务,Aya Service车站,迷你巴士站,拜县,清迈往返,43,0,本轮新增名称候选,,固定实体候选,暂缓｜引用正文未直接命中名称,150泰铢/人+7:30-17:30每小时发车,强,,,回答名称来自点点AI；正文直接命中是引用帖内字符串核对，不代表热度，也不等于Google事实核验
夜丰颂府,康养SPA,Spa Exotic水疗馆,水疗馆,拜县,温泉体验,43,0,本轮新增名称候选,,固定实体候选,暂缓｜引用正文未直接命中名称,80泰铢/温泉,中,,,回答名称来自点点AI；正文直接命中是引用帖内字符串核对，不代表热度，也不等于Google事实核验
