核验记录ID,酒店ID,酒店名称,标准平台ID,原始平台名称,平台酒店ID,房型ID,房型名称,床型,窗户,面积,楼层,可住人数,房型设施,售卖方案ID,早餐,取消政策,确认政策,支付方式,入住人数,原价,当前价,税费,币种,价格计价单位,税费包含状态,入住日期,离店日期,最终详情URL,页面显示原文,房型质量等级,方案质量等级,系统预判,是否可比,不可比原因,房型记录哈希,方案记录哈希,采集批次ID,人工核验结论,人工核验人,人工核验时间,人工核验备注
de33fc09054b349e1311791daa20b48638805e20b8f6866efe7a0c67a6cb3053,ChIJ69UzUM-e4jARwyvJBkeTbr0,曼谷阿玛丽水门酒店,tripening,Tripening Hotels,4662450,2005102302000,2 Bedrooms Corner Club Suite (Corner Room),,,,,2,2 Bedrooms Corner Club Suite (Corner Room),,,,,,,,,,USD,未知,未知,2026-10-26,2026-10-27,https://www.tripening.com/hotels/th-10-bangkok/4662450-amari-bangkok?checkin-date=2026-10-26&checkout-date=2026-10-27&adults=2&currency=USD&lang=zh&google-package-id=&rate-rule-id=&google-displayed-price=143.52&children=0&google-displayed-tax=0.00&google-displayed-currency=USD&utm_source=google_hotel_ads&utm_medium=free&utm_campaign=gha_property,2 Bedrooms Corner Club Suite (Corner Room),R,,已隔离,否,未取得售卖方案或尚未通过T4人工复核,8f530848e63c380b32fe905ae2c5220c9eb8eeda62c84abfd8144ca41673263b,,20260906-092202-csv-fb22d95c,,,,
5a15b03f4182f9b4fb507388fdbedbeb7b544539ffbb0f7b2b2aac0b67edfa72,ChIJ69UzUM-e4jARwyvJBkeTbr0,曼谷阿玛丽水门酒店,tripening,Tripening Hotels,4662450,2323002000000,Grand Deluxe Double Room (Full Double Bed) (King Size Bed),,,,,2,Grand Deluxe Double Room (Full Double Bed) (King Size Bed),,,,,,,,,,USD,未知,未知,2026-10-26,2026-10-27,https://www.tripening.com/hotels/th-10-bangkok/4662450-amari-bangkok?checkin-date=2026-10-26&checkout-date=2026-10-27&adults=2&currency=USD&lang=zh&google-package-id=&rate-rule-id=&google-displayed-price=143.52&children=0&google-displayed-tax=0.00&google-displayed-currency=USD&utm_source=google_hotel_ads&utm_medium=free&utm_campaign=gha_property,Grand Deluxe Double Room (Full Double Bed) (King Size Bed),R,,已隔离,否,未取得售卖方案或尚未通过T4人工复核,b84970e9eb0eecdf4f31271ec253f357db5d0789d8ab0e6556ebc85e5d44fd0d,,20260906-092202-csv-fb22d95c,,,,
e4bc0181715baf5d7382795030eda3539fed5436bc06ad17aae99d03ae40ebb9,ChIJ69UzUM-e4jARwyvJBkeTbr0,曼谷阿玛丽水门酒店,tripening,Tripening Hotels,4662450,232300600000,Deluxe Double Room (Full Double Bed) (King Size Bed),,,,,2,Deluxe Double Room (Full Double Bed) (King Size Bed),,,,,,,,,,USD,未知,未知,2026-10-26,2026-10-27,https://www.tripening.com/hotels/th-10-bangkok/4662450-amari-bangkok?checkin-date=2026-10-26&checkout-date=2026-10-27&adults=2&currency=USD&lang=zh&google-package-id=&rate-rule-id=&google-displayed-price=143.52&children=0&google-displayed-tax=0.00&google-displayed-currency=USD&utm_source=google_hotel_ads&utm_medium=free&utm_campaign=gha_property,Deluxe Double Room (Full Double Bed) (King Size Bed),R,,已隔离,否,未取得售卖方案或尚未通过T4人工复核,8d8c0e33fbe43796179c314ac4ffb3ea6ef1fbbcc8171fe7b31f47f5387e62cd,,20260906-092202-csv-fb22d95c,,,,
80bc20baa9d64f37dd6fb686306c6ca99bb677a4a197c722888db3cefca554f5,ChIJ69UzUM-e4jARwyvJBkeTbr0,曼谷阿玛丽水门酒店,tripening,Tripening Hotels,4662450,232300700000,Premier Double Room (Full Double Bed) (King Size Bed),,,,,2,Premier Double Room (Full Double Bed) (King Size Bed),,,,,,,,,,USD,未知,未知,2026-10-26,2026-10-27,https://www.tripening.com/hotels/th-10-bangkok/4662450-amari-bangkok?checkin-date=2026-10-26&checkout-date=2026-10-27&adults=2&currency=USD&lang=zh&google-package-id=&rate-rule-id=&google-displayed-price=143.52&children=0&google-displayed-tax=0.00&google-displayed-currency=USD&utm_source=google_hotel_ads&utm_medium=free&utm_campaign=gha_property,Premier Double Room (Full Double Bed) (King Size Bed),R,,已隔离,否,未取得售卖方案或尚未通过T4人工复核,321b82b60ab4428e0a6d15e0a52e6f6054e9bb509b0cabfcaa88282467b05d31,,20260906-092202-csv-fb22d95c,,,,
9f367674121840bafa01c33e4b021bed0b30ae3d5a8b2207da8baaa5e829c912,ChIJ69UzUM-e4jARwyvJBkeTbr0,曼谷阿玛丽水门酒店,tripening,Tripening Hotels,4662450,2323012000000,Grand Deluxe Skyline View Double Room (Full Double Bed) (King Size Bed),,,,,2,Grand Deluxe Skyline View Double Room (Full Double Bed) (King Size Bed),,,,,,,,,,USD,未知,未知,2026-10-26,2026-10-27,https://www.tripening.com/hotels/th-10-bangkok/4662450-amari-bangkok?checkin-date=2026-10-26&checkout-date=2026-10-27&adults=2&currency=USD&lang=zh&google-package-id=&rate-rule-id=&google-displayed-price=143.52&children=0&google-displayed-tax=0.00&google-displayed-currency=USD&utm_source=google_hotel_ads&utm_medium=free&utm_campaign=gha_property,Grand Deluxe Skyline View Double Room (Full Double Bed) (King Size Bed),R,,已隔离,否,未取得售卖方案或尚未通过T4人工复核,87119b369426d60bc17740f97d81b69e4c2b3ea0fd3db0b8e443806c8f56a7f8,,20260906-092202-csv-fb22d95c,,,,
ddf183b0b51775f9d6c0047beca18851679e41ae5c7b98092f635a14bfc5b742,ChIJ69UzUM-e4jARwyvJBkeTbr0,曼谷阿玛丽水门酒店,tripening,Tripening Hotels,4662450,232310700000,Premier Club Double Room (Full Double Bed) (Bed Type Is Subject To Availability),,,,,2,Premier Club Double Room (Full Double Bed) (Bed Type Is Subject To Availability),,,,,,,,,,USD,未知,未知,2026-10-26,2026-10-27,https://www.tripening.com/hotels/th-10-bangkok/4662450-amari-bangkok?checkin-date=2026-10-26&checkout-date=2026-10-27&adults=2&currency=USD&lang=zh&google-package-id=&rate-rule-id=&google-displayed-price=143.52&children=0&google-displayed-tax=0.00&google-displayed-currency=USD&utm_source=google_hotel_ads&utm_medium=free&utm_campaign=gha_property,Premier Club Double Room (Full Double Bed) (Bed Type Is Subject To Availability),R,,已隔离,否,未取得售卖方案或尚未通过T4人工复核,6a8b642e67358fe439e645fb2b2d1e370e737f878c4a78050dcfd797803e392f,,20260906-092202-csv-fb22d95c,,,,
6b2a0306245385529233d610e7afda9b9d941240cb871e3bd8360f8f38f7af7e,ChIJ69UzUM-e4jARwyvJBkeTbr0,曼谷阿玛丽水门酒店,tripening,Tripening Hotels,4662450,2325102301000,"1 Bedroom Corner Club Double Suite (Full Double Bed) (King Size Bed, Corner Room)",,,,,2,"1 Bedroom Corner Club Double Suite (Full Double Bed) (King Size Bed, Corner Room)",,,,,,,,,,USD,未知,未知,2026-10-26,2026-10-27,https://www.tripening.com/hotels/th-10-bangkok/4662450-amari-bangkok?checkin-date=2026-10-26&checkout-date=2026-10-27&adults=2&currency=USD&lang=zh&google-package-id=&rate-rule-id=&google-displayed-price=143.52&children=0&google-displayed-tax=0.00&google-displayed-currency=USD&utm_source=google_hotel_ads&utm_medium=free&utm_campaign=gha_property,"1 Bedroom Corner Club Double Suite (Full Double Bed) (King Size Bed, Corner Room)",R,,已隔离,否,未取得售卖方案或尚未通过T4人工复核,afac369c58c20a01a20a05beb33dc3b33d4b48c7196b55e8fa1f18418100dd62,,20260906-092202-csv-fb22d95c,,,,
98044a7fd6a088310af59e6027bf66e823d6746d6457bccbc6ced83eec7ec0b7,ChIJ69UzUM-e4jARwyvJBkeTbr0,曼谷阿玛丽水门酒店,tripening,Tripening Hotels,4662450,232510801000,1 Bedroom Executive Club Double Suite (Full Double Bed) (Bed Type Is Subject To Availability),,,,,2,1 Bedroom Executive Club Double Suite (Full Double Bed) (Bed Type Is Subject To Availability),,,,,,,,,,USD,未知,未知,2026-10-26,2026-10-27,https://www.tripening.com/hotels/th-10-bangkok/4662450-amari-bangkok?checkin-date=2026-10-26&checkout-date=2026-10-27&adults=2&currency=USD&lang=zh&google-package-id=&rate-rule-id=&google-displayed-price=143.52&children=0&google-displayed-tax=0.00&google-displayed-currency=USD&utm_source=google_hotel_ads&utm_medium=free&utm_campaign=gha_property,1 Bedroom Executive Club Double Suite (Full Double Bed) (Bed Type Is Subject To Availability),R,,已隔离,否,未取得售卖方案或尚未通过T4人工复核,536144e10740daa4db37376292dcd318bc7afda1a7c2a5ed20000aafaea0472e,,20260906-092202-csv-fb22d95c,,,,
b8c6d2db9633d95d851f08fd1ca0c3fc48127ed1becbb663e487f12cb94e3f14,ChIJ69UzUM-e4jARwyvJBkeTbr0,曼谷阿玛丽水门酒店,tripening,Tripening Hotels,4662450,2423002000000,Grand Deluxe Twin Room (Twin Beds),,,,,2,Grand Deluxe Twin Room (Twin Beds),,,,,,,,,,USD,未知,未知,2026-10-26,2026-10-27,https://www.tripening.com/hotels/th-10-bangkok/4662450-amari-bangkok?checkin-date=2026-10-26&checkout-date=2026-10-27&adults=2&currency=USD&lang=zh&google-package-id=&rate-rule-id=&google-displayed-price=143.52&children=0&google-displayed-tax=0.00&google-displayed-currency=USD&utm_source=google_hotel_ads&utm_medium=free&utm_campaign=gha_property,Grand Deluxe Twin Room (Twin Beds),R,,已隔离,否,未取得售卖方案或尚未通过T4人工复核,f1d93f52d4a81cd70cb370ec2e5fb89285f19ef68b3bf69b1157ad14b30ff86f,,20260906-092202-csv-fb22d95c,,,,
161472fc011f2dbe1d80610c13a2766ce9aa5d87c485fc64a407080c67902183,ChIJ69UzUM-e4jARwyvJBkeTbr0,曼谷阿玛丽水门酒店,tripening,Tripening Hotels,4662450,242300600000,Deluxe Twin Room (Twin Beds),,,,,2,Deluxe Twin Room (Twin Beds),,,,,,,,,,USD,未知,未知,2026-10-26,2026-10-27,https://www.tripening.com/hotels/th-10-bangkok/4662450-amari-bangkok?checkin-date=2026-10-26&checkout-date=2026-10-27&adults=2&currency=USD&lang=zh&google-package-id=&rate-rule-id=&google-displayed-price=143.52&children=0&google-displayed-tax=0.00&google-displayed-currency=USD&utm_source=google_hotel_ads&utm_medium=free&utm_campaign=gha_property,Deluxe Twin Room (Twin Beds),R,,已隔离,否,未取得售卖方案或尚未通过T4人工复核,1d9fbd8709f191d303c7d251f3232b55ac7db7493cdc2a713f74bee4f5622cd5,,20260906-092202-csv-fb22d95c,,,,
34a3ba536dfdc6437068febc088f8bb4759a3be7991c0399bb8c1f7d8c115ebc,ChIJ69UzUM-e4jARwyvJBkeTbr0,曼谷阿玛丽水门酒店,tripening,Tripening Hotels,4662450,242300700000,Premier Twin Room (Twin Beds),,,,,2,Premier Twin Room (Twin Beds),,,,,,,,,,USD,未知,未知,2026-10-26,2026-10-27,https://www.tripening.com/hotels/th-10-bangkok/4662450-amari-bangkok?checkin-date=2026-10-26&checkout-date=2026-10-27&adults=2&currency=USD&lang=zh&google-package-id=&rate-rule-id=&google-displayed-price=143.52&children=0&google-displayed-tax=0.00&google-displayed-currency=USD&utm_source=google_hotel_ads&utm_medium=free&utm_campaign=gha_property,Premier Twin Room (Twin Beds),R,,已隔离,否,未取得售卖方案或尚未通过T4人工复核,8aaed2e95bd1674945789d8d1bbc1a25c3cb61a59c5460b72d61145ce5cf7be6,,20260906-092202-csv-fb22d95c,,,,
1c6215539c2f2713eb34c20f438c24d41792b96bbf8f304c8471688b93385a7d,ChIJ69UzUM-e4jARwyvJBkeTbr0,曼谷阿玛丽水门酒店,tripening,Tripening Hotels,4662450,2423012000000,Grand Deluxe Skyline View Twin Room (Twin Beds),,,,,2,Grand Deluxe Skyline View Twin Room (Twin Beds),,,,,,,,,,USD,未知,未知,2026-10-26,2026-10-27,https://www.tripening.com/hotels/th-10-bangkok/4662450-amari-bangkok?checkin-date=2026-10-26&checkout-date=2026-10-27&adults=2&currency=USD&lang=zh&google-package-id=&rate-rule-id=&google-displayed-price=143.52&children=0&google-displayed-tax=0.00&google-displayed-currency=USD&utm_source=google_hotel_ads&utm_medium=free&utm_campaign=gha_property,Grand Deluxe Skyline View Twin Room (Twin Beds),R,,已隔离,否,未取得售卖方案或尚未通过T4人工复核,e0f63893eb0972cb5b207ac2d2c4eee3058774eeacdb682bc3efb08a0d515a7a,,20260906-092202-csv-fb22d95c,,,,
ea51759a4da096445d538a302ff26584004e394fcbf67f86878dac73bbd7840e,ChIJ69UzUM-e4jARwyvJBkeTbr0,曼谷阿玛丽水门酒店,tripening,Tripening Hotels,4662450,242310700000,Premier Club Twin Room (Twin Beds) (Bed Type Is Subject To Availability),,,,,2,Premier Club Twin Room (Twin Beds) (Bed Type Is Subject To Availability),,,,,,,,,,USD,未知,未知,2026-10-26,2026-10-27,https://www.tripening.com/hotels/th-10-bangkok/4662450-amari-bangkok?checkin-date=2026-10-26&checkout-date=2026-10-27&adults=2&currency=USD&lang=zh&google-package-id=&rate-rule-id=&google-displayed-price=143.52&children=0&google-displayed-tax=0.00&google-displayed-currency=USD&utm_source=google_hotel_ads&utm_medium=free&utm_campaign=gha_property,Premier Club Twin Room (Twin Beds) (Bed Type Is Subject To Availability),R,,已隔离,否,未取得售卖方案或尚未通过T4人工复核,975f14eadd82ad1ccabb28919360355ebba9656b5b5cf8798d8e9100c5b41574,,20260906-092202-csv-fb22d95c,,,,
bb0624a8f2f2bfd86fff74adebf93f47a8147039c6a35f15966df68b42af1414,ChIJ69UzUM-e4jARwyvJBkeTbr0,曼谷阿玛丽水门酒店,vio,Vio.com,1196769,0bK3wjJNRzU,"华丽客房, 2 张单人床",,,,,3,,rate_995eeccf069e7c83a3,,,,,,,4519.68,679.68,THB,住宿总价,已含税,2026-09-18,2026-09-19,https://www.vio.com/Hotel/1196769/zh?currency=THB&forceCurrencyChange=1&lang=zh&forceLanguageChange=1&rooms=2:&utm_source=gha&utm_medium=cpc&userCountry=TH&profile=r2d2m73kn8&preferredRate=125.54&deviceType=desktop&label=src%3Dgha&cltype=hotel&datype=default&gsite=mapresults&vf=0&ucountry=US&udevice=desktop&hotel=1196769&day=26&month=10&year=2026&los=1&price=125.54&cid=&listid=&rateid=US_D&closerateid=&promo=0&isPrivateRate=0&isAudienceUser=0&isPaidClick=0&cp=CRx9ewYV_E42WhsdChQIqlMY4A4iA1VTRCiw8NfWBlIBMhIaFUPc7pMaC1B2MDdSc1BuWThBKAQwvKvk1AY&srpSearchId=4e751f73-9796-4e6d-bc52-8e613d29d7ba&srpSearchFlow=regular&isAnchor=1&anonymousId=e4b15426-b1f2-4c4c-b5e6-2f59d45e12c7&checkIn=2026-09-18&checkOut=2026-09-19,"{""优惠标签"": """", ""入住人数"": """", ""其他权益"": """", ""原价"": """", ""取消政策"": """", ""币种"": ""THB"", ""库存提示"": """", ""当前价"": ""4519.68"", ""支付方式"": """", ""早餐"": """", ""确认政策"": """", ""税费"": ""679.68""}",T3,T3,待人工核验,否,尚未通过T4人工复核,5075d4c0b85fe91ba4debede9cb2ee44aab8f08bbddc1ca271968a39bbc69176,2a5eec45951f7728b5faa127dbdcfaf75fb614eb82f00a5c969cb13ad8d61e06,20260906-092202-csv-fb22d95c,,,,
aafce2cbd3ad721538dcf31efa8127a3ca553747c4eef54d7fcc390da4c299ae,ChIJ69UzUM-e4jARwyvJBkeTbr0,曼谷阿玛丽水门酒店,vio,Vio.com,1196769,1b5XiZkWwSo,"华丽客房, 1 张特大床",,,,,3,,rate_100f78f45e0fabc849,,,,,,,4660.3711625,632.6623375,THB,住宿总价,已含税,2026-09-07,2026-09-08,https://www.vio.com/Hotel/1196769/zh?currency=THB&forceCurrencyChange=1&lang=zh&forceLanguageChange=1&rooms=2:&utm_source=gha&utm_medium=cpc&userCountry=TH&profile=r2d2m73kn8&preferredRate=125.54&deviceType=desktop&label=src%3Dgha&cltype=hotel&datype=default&gsite=mapresults&vf=0&ucountry=US&udevice=desktop&hotel=1196769&day=26&month=10&year=2026&los=1&price=125.54&cid=&listid=&rateid=US_D&closerateid=&promo=0&isPrivateRate=0&isAudienceUser=0&isPaidClick=0&cp=CRx9ewYV_E42WhsdChQIqlMY4A4iA1VTRCiw8NfWBlIBMhIaFUPc7pMaC1B2MDdSc1BuWThBKAQwvKvk1AY&srpSearchId=4e751f73-9796-4e6d-bc52-8e613d29d7ba&srpSearchFlow=regular&isAnchor=1&anonymousId=e4b15426-b1f2-4c4c-b5e6-2f59d45e12c7&checkIn=2026-09-07&checkOut=2026-09-08,"{""优惠标签"": """", ""入住人数"": """", ""其他权益"": """", ""原价"": """", ""取消政策"": """", ""币种"": ""THB"", ""库存提示"": """", ""当前价"": ""4660.3711625"", ""支付方式"": """", ""早餐"": """", ""确认政策"": """", ""税费"": ""632.6623375""}",T3,T3,待人工核验,否,尚未通过T4人工复核,1410efda9e211c3eae78eba146812531dbc6033e2ba8678558439d7ae32814be,f66a8a930a78d9e628288af188c6f0d4c7a2f853bad61f274a7e4005ac89be57,20260906-092202-csv-fb22d95c,,,,
4e109a61bfed6b7c71ae22e8a7e723969ee057d781de18deab12c606b6c2e60a,ChIJ69UzUM-e4jARwyvJBkeTbr0,曼谷阿玛丽水门酒店,vio,Vio.com,1196769,6gxeIaGGztY,"华丽客房, 2 张单人床",,,,,3,,rate_46fd43bf17fd321f00,,,,,,,5084.3405125,706.06696875,THB,住宿总价,已含税,2026-09-05,2026-09-06,https://www.vio.com/Hotel/1196769/zh?currency=THB&forceCurrencyChange=1&lang=zh&forceLanguageChange=1&rooms=2:&utm_source=gha&utm_medium=cpc&userCountry=TH&profile=r2d2m73kn8&preferredRate=125.54&deviceType=desktop&label=src%3Dgha&cltype=hotel&datype=default&gsite=mapresults&vf=0&ucountry=US&udevice=desktop&hotel=1196769&day=26&month=10&year=2026&los=1&price=125.54&cid=&listid=&rateid=US_D&closerateid=&promo=0&isPrivateRate=0&isAudienceUser=0&isPaidClick=0&cp=CRx9ewYV_E42WhsdChQIqlMY4A4iA1VTRCiw8NfWBlIBMhIaFUPc7pMaC1B2MDdSc1BuWThBKAQwvKvk1AY&srpSearchId=4e751f73-9796-4e6d-bc52-8e613d29d7ba&srpSearchFlow=regular&isAnchor=1&anonymousId=e4b15426-b1f2-4c4c-b5e6-2f59d45e12c7&checkIn=2026-09-05&checkOut=2026-09-06,"{""优惠标签"": """", ""入住人数"": """", ""其他权益"": """", ""原价"": """", ""取消政策"": """", ""币种"": ""THB"", ""库存提示"": """", ""当前价"": ""5084.3405125"", ""支付方式"": """", ""早餐"": """", ""确认政策"": """", ""税费"": ""706.06696875""}",T3,T3,待人工核验,否,尚未通过T4人工复核,099d2c07d88667e7530148bd5a2f443146fe35e855d6445eb2da745eda4705e6,0b840b436b54b257605be2b16838b7044e88e677ebcb94c65f4cd7a384280e0e,20260906-092202-csv-fb22d95c,,,,
0965e93319e5af58f34f160dc5a531cd18813f2e8afd5378258e8f310eb01d6d,ChIJCWbW7MWY4jARuQATRiSHlA0,lebua at State Tower,bookmybooking,BookMyBooking.com,5548,room14594,lebua Suite City View-breakfast,King Bed,,,,,More Info lebua Suite City View-breakfast King Bed 2 Single Beds City View Room Size 66.00 Sq. Mtr. Non-Smoking Non-Refundable Including Breakfast Special Offer USD 304.26 USD 155.17 USD 182.64 Including Taxes & Charges 49% off Select Room 1 2 3 4 5 6 7 8 9 10 USD 304.26 USD 155.17 USD 182.64 Including Taxes & Charges 49% off Select Room 1 2 3 4 5 6 7 8 9 10 Non-Refundable Including Breakfast Special Offer USD 304.26 USD 167.35 USD 196.97 Including Taxes & Charges 45% off Select Room 1 2 3 4 5 6 7 8 9 10 USD 304.26 USD 167.35 USD 196.97 Including Taxes & Charges 45% off Select Room 1 2 3 4 5 6 7 8 9 10,rate_3e252b4433e03f8dc2,,,,,,,16.73,,USD,未知,未知,2026-09-05,2026-09-06,https://www.bookmybooking.com/hotel-landing-page?childcount=0&roomcount=1&childage=&locationtype=country&checkInCheckOut=2026/09/05-2026/09/06&adultcount=2&hotel-id=5548,"{""优惠标签"": """", ""入住人数"": """", ""其他权益"": """", ""原价"": """", ""取消政策"": """", ""币种"": ""USD"", ""库存提示"": """", ""当前价"": ""16.73"", ""支付方式"": """", ""早餐"": """", ""确认政策"": """", ""税费"": """"}",R,R,已隔离,否,已知语义误采平台待修复；价格计价单位未确认；税费包含状态未确认；尚未通过T4人工复核,35affc4049af522d86967fa4b21c421eba562c972e9686adb13e9ce8e38d5f18,8a079f6578e6a37b401a79d74bf438916f55add75e7eab71cae98ad5bfe6c4c4,20260906-092202-csv-fb22d95c,,,,
b4af804619ec66bbea27a7c00d5ff6db40509819ffc9ad0c30095875a7b3ac08,ChIJCWbW7MWY4jARuQATRiSHlA0,lebua at State Tower,bookmybooking,BookMyBooking.com,5548,room14594,lebua Suite City View-breakfast,King Bed,,,,,More Info lebua Suite City View-breakfast King Bed 2 Single Beds City View Room Size 66.00 Sq. Mtr. Non-Smoking Non-Refundable Including Breakfast Special Offer USD 304.26 USD 155.17 USD 182.64 Including Taxes & Charges 49% off Select Room 1 2 3 4 5 6 7 8 9 10 USD 304.26 USD 155.17 USD 182.64 Including Taxes & Charges 49% off Select Room 1 2 3 4 5 6 7 8 9 10 Non-Refundable Including Breakfast Special Offer USD 304.26 USD 167.35 USD 196.97 Including Taxes & Charges 45% off Select Room 1 2 3 4 5 6 7 8 9 10 USD 304.26 USD 167.35 USD 196.97 Including Taxes & Charges 45% off Select Room 1 2 3 4 5 6 7 8 9 10,rate_535d65157e49d11d46,,,,,,,15.52,,USD,未知,未知,2026-09-05,2026-09-06,https://www.bookmybooking.com/hotel-landing-page?childcount=0&roomcount=1&childage=&locationtype=country&checkInCheckOut=2026/09/05-2026/09/06&adultcount=2&hotel-id=5548,"{""优惠标签"": """", ""入住人数"": """", ""其他权益"": """", ""原价"": """", ""取消政策"": """", ""币种"": ""USD"", ""库存提示"": """", ""当前价"": ""15.52"", ""支付方式"": """", ""早餐"": """", ""确认政策"": """", ""税费"": """"}",R,R,已隔离,否,已知语义误采平台待修复；价格计价单位未确认；税费包含状态未确认；尚未通过T4人工复核,35affc4049af522d86967fa4b21c421eba562c972e9686adb13e9ce8e38d5f18,fb242b7504bc2b053c28a30dcd66edebb362199f7c3f79ba42206a41bb6423d2,20260906-092202-csv-fb22d95c,,,,
04d71a49d5a5d1068f95bacc60f885b58f3df5c6a984a11a71377cba74abadae,ChIJCWbW7MWY4jARuQATRiSHlA0,lebua at State Tower,bookmybooking,BookMyBooking.com,5548,room14594,lebua Suite City View-breakfast,King Bed,,,,,More Info lebua Suite City View-breakfast King Bed 2 Single Beds City View Room Size 66.00 Sq. Mtr. Non-Smoking Non-Refundable Including Breakfast Special Offer USD 304.26 USD 155.17 USD 182.64 Including Taxes & Charges 49% off Select Room 1 2 3 4 5 6 7 8 9 10 USD 304.26 USD 155.17 USD 182.64 Including Taxes & Charges 49% off Select Room 1 2 3 4 5 6 7 8 9 10 Non-Refundable Including Breakfast Special Offer USD 304.26 USD 167.35 USD 196.97 Including Taxes & Charges 45% off Select Room 1 2 3 4 5 6 7 8 9 10 USD 304.26 USD 167.35 USD 196.97 Including Taxes & Charges 45% off Select Room 1 2 3 4 5 6 7 8 9 10,rate_571f6db9553197e14b,,,,,,,11.95,,USD,未知,未知,2026-09-05,2026-09-06,https://www.bookmybooking.com/hotel-landing-page?childcount=0&roomcount=1&childage=&locationtype=country&checkInCheckOut=2026/09/05-2026/09/06&adultcount=2&hotel-id=5548,"{""优惠标签"": """", ""入住人数"": """", ""其他权益"": """", ""原价"": """", ""取消政策"": """", ""币种"": ""USD"", ""库存提示"": """", ""当前价"": ""11.95"", ""支付方式"": """", ""早餐"": """", ""确认政策"": """", ""税费"": """"}",R,R,已隔离,否,已知语义误采平台待修复；价格计价单位未确认；税费包含状态未确认；尚未通过T4人工复核,35affc4049af522d86967fa4b21c421eba562c972e9686adb13e9ce8e38d5f18,8f7024444bc1da9ad25324ff40151ac114ea2e33670bfbc54e4a7750fd83c3f3,20260906-092202-csv-fb22d95c,,,,
a63ff96f343a31da9a12356bab19af012474053b4f6609e1465133430ab26143,ChIJCWbW7MWY4jARuQATRiSHlA0,lebua at State Tower,bookmybooking,BookMyBooking.com,5548,room14594,lebua Suite City View-breakfast,King Bed,,,,,More Info lebua Suite City View-breakfast King Bed 2 Single Beds City View Room Size 66.00 Sq. Mtr. Non-Smoking Non-Refundable Including Breakfast Special Offer USD 304.26 USD 155.17 USD 182.64 Including Taxes & Charges 49% off Select Room 1 2 3 4 5 6 7 8 9 10 USD 304.26 USD 155.17 USD 182.64 Including Taxes & Charges 49% off Select Room 1 2 3 4 5 6 7 8 9 10 Non-Refundable Including Breakfast Special Offer USD 304.26 USD 167.35 USD 196.97 Including Taxes & Charges 45% off Select Room 1 2 3 4 5 6 7 8 9 10 USD 304.26 USD 167.35 USD 196.97 Including Taxes & Charges 45% off Select Room 1 2 3 4 5 6 7 8 9 10,rate_f2e084076d89f99348,,,,,,,12.89,,USD,未知,未知,2026-09-05,2026-09-06,https://www.bookmybooking.com/hotel-landing-page?childcount=0&roomcount=1&childage=&locationtype=country&checkInCheckOut=2026/09/05-2026/09/06&adultcount=2&hotel-id=5548,"{""优惠标签"": """", ""入住人数"": """", ""其他权益"": """", ""原价"": """", ""取消政策"": """", ""币种"": ""USD"", ""库存提示"": """", ""当前价"": ""12.89"", ""支付方式"": """", ""早餐"": """", ""确认政策"": """", ""税费"": """"}",R,R,已隔离,否,已知语义误采平台待修复；价格计价单位未确认；税费包含状态未确认；尚未通过T4人工复核,35affc4049af522d86967fa4b21c421eba562c972e9686adb13e9ce8e38d5f18,af94b8c356d3d4b34cf258b408d69cc396e924871fde7cc6508f23bdb93c65f3,20260906-092202-csv-fb22d95c,,,,
573ad9f71bad98e404c494efdf062cf99778ca87942af75dfe1e91684dcc6f92,ChIJCWbW7MWY4jARuQATRiSHlA0,lebua at State Tower,bookmybooking,BookMyBooking.com,5548,room14595,lebua Suite River View-breakfast,King Bed,,,,,More Info lebua Suite River View-breakfast King Bed River View Room Size 66.00 Sq. Mtr. Non-Smoking Non-Refundable Including Breakfast Special Offer USD 322.50 USD 164.48 USD 193.59 Including Taxes & Charges 49% off Select Room 1 2 3 4 5 6 7 8 9 10 USD 322.50 USD 164.48 USD 193.59 Including Taxes & Charges 49% off Select Room 1 2 3 4 5 6 7 8 9 10 Non-Refundable Including Breakfast Special Offer USD 322.50 USD 177.38 USD 208.77 Including Taxes & Charges 45% off Select Room 1 2 3 4 5 6 7 8 9 10 USD 322.50 USD 177.38 USD 208.77 Including Taxes & Charges 45% off Select Room 1 2 3 4 5 6 7 8 9 10,rate_336c493713c9bf5cce,,,,,,,16.45,,USD,未知,未知,2026-09-05,2026-09-06,https://www.bookmybooking.com/hotel-landing-page?childcount=0&roomcount=1&childage=&locationtype=country&checkInCheckOut=2026/09/05-2026/09/06&adultcount=2&hotel-id=5548,"{""优惠标签"": """", ""入住人数"": """", ""其他权益"": """", ""原价"": """", ""取消政策"": """", ""币种"": ""USD"", ""库存提示"": """", ""当前价"": ""16.45"", ""支付方式"": """", ""早餐"": """", ""确认政策"": """", ""税费"": """"}",R,R,已隔离,否,已知语义误采平台待修复；价格计价单位未确认；税费包含状态未确认；尚未通过T4人工复核,0356f6bdbbb38c4a5a005488f05cc3d698b2dda3d99cfd2fd9e18455f5025ba3,accbc9bd70d628d8158eb5a8c6b2b5c90e144141b8cd1cca86bc7ac04675538c,20260906-092202-csv-fb22d95c,,,,
701a99259b691dcaf3d7d16e4f270ab3a166f6ea71a4608c0fc77a263a03c3e3,ChIJCWbW7MWY4jARuQATRiSHlA0,lebua at State Tower,bookmybooking,BookMyBooking.com,5548,room14595,lebua Suite River View-breakfast,King Bed,,,,,More Info lebua Suite River View-breakfast King Bed River View Room Size 66.00 Sq. Mtr. Non-Smoking Non-Refundable Including Breakfast Special Offer USD 322.50 USD 164.48 USD 193.59 Including Taxes & Charges 49% off Select Room 1 2 3 4 5 6 7 8 9 10 USD 322.50 USD 164.48 USD 193.59 Including Taxes & Charges 49% off Select Room 1 2 3 4 5 6 7 8 9 10 Non-Refundable Including Breakfast Special Offer USD 322.50 USD 177.38 USD 208.77 Including Taxes & Charges 45% off Select Room 1 2 3 4 5 6 7 8 9 10 USD 322.50 USD 177.38 USD 208.77 Including Taxes & Charges 45% off Select Room 1 2 3 4 5 6 7 8 9 10,rate_33a76572e24fa0dcca,,,,,,,12.66,,USD,未知,未知,2026-09-05,2026-09-06,https://www.bookmybooking.com/hotel-landing-page?childcount=0&roomcount=1&childage=&locationtype=country&checkInCheckOut=2026/09/05-2026/09/06&adultcount=2&hotel-id=5548,"{""优惠标签"": """", ""入住人数"": """", ""其他权益"": """", ""原价"": """", ""取消政策"": """", ""币种"": ""USD"", ""库存提示"": """", ""当前价"": ""12.66"", ""支付方式"": """", ""早餐"": """", ""确认政策"": """", ""税费"": """"}",R,R,已隔离,否,已知语义误采平台待修复；价格计价单位未确认；税费包含状态未确认；尚未通过T4人工复核,0356f6bdbbb38c4a5a005488f05cc3d698b2dda3d99cfd2fd9e18455f5025ba3,f62662b718e1a975c8cc0ec9c04df2e30e1732e644b7b3847fded3fef633f05e,20260906-092202-csv-fb22d95c,,,,
f8831843ed2671d1bce5ee5534dcc954575e1f13eedcfb8d39e99c8f4f07f983,ChIJCWbW7MWY4jARuQATRiSHlA0,lebua at State Tower,bookmybooking,BookMyBooking.com,5548,room14595,lebua Suite River View-breakfast,King Bed,,,,,More Info lebua Suite River View-breakfast King Bed River View Room Size 66.00 Sq. Mtr. Non-Smoking Non-Refundable Including Breakfast Special Offer USD 322.50 USD 164.48 USD 193.59 Including Taxes & Charges 49% off Select Room 1 2 3 4 5 6 7 8 9 10 USD 322.50 USD 164.48 USD 193.59 Including Taxes & Charges 49% off Select Room 1 2 3 4 5 6 7 8 9 10 Non-Refundable Including Breakfast Special Offer USD 322.50 USD 177.38 USD 208.77 Including Taxes & Charges 45% off Select Room 1 2 3 4 5 6 7 8 9 10 USD 322.50 USD 177.38 USD 208.77 Including Taxes & Charges 45% off Select Room 1 2 3 4 5 6 7 8 9 10,rate_67ea8bffdcc4a65eb2,,,,,,,17.74,,USD,未知,未知,2026-09-05,2026-09-06,https://www.bookmybooking.com/hotel-landing-page?childcount=0&roomcount=1&childage=&locationtype=country&checkInCheckOut=2026/09/05-2026/09/06&adultcount=2&hotel-id=5548,"{""优惠标签"": """", ""入住人数"": """", ""其他权益"": """", ""原价"": """", ""取消政策"": """", ""币种"": ""USD"", ""库存提示"": """", ""当前价"": ""17.74"", ""支付方式"": """", ""早餐"": """", ""确认政策"": """", ""税费"": """"}",R,R,已隔离,否,已知语义误采平台待修复；价格计价单位未确认；税费包含状态未确认；尚未通过T4人工复核,0356f6bdbbb38c4a5a005488f05cc3d698b2dda3d99cfd2fd9e18455f5025ba3,b609425ff40635337ecec9780f5ddd472fb6b12468f5276dd8d0ac61d992e6aa,20260906-092202-csv-fb22d95c,,,,
1fcf9fa5c5bd8cb2a11f540745ec5b36ca914963b46a38c7afe92a7099b07cb8,ChIJCWbW7MWY4jARuQATRiSHlA0,lebua at State Tower,bookmybooking,BookMyBooking.com,5548,room14595,lebua Suite River View-breakfast,King Bed,,,,,More Info lebua Suite River View-breakfast King Bed River View Room Size 66.00 Sq. Mtr. Non-Smoking Non-Refundable Including Breakfast Special Offer USD 322.50 USD 164.48 USD 193.59 Including Taxes & Charges 49% off Select Room 1 2 3 4 5 6 7 8 9 10 USD 322.50 USD 164.48 USD 193.59 Including Taxes & Charges 49% off Select Room 1 2 3 4 5 6 7 8 9 10 Non-Refundable Including Breakfast Special Offer USD 322.50 USD 177.38 USD 208.77 Including Taxes & Charges 45% off Select Room 1 2 3 4 5 6 7 8 9 10 USD 322.50 USD 177.38 USD 208.77 Including Taxes & Charges 45% off Select Room 1 2 3 4 5 6 7 8 9 10,rate_6809be8cd2195f0388,,,,,,,13.66,,USD,未知,未知,2026-09-05,2026-09-06,https://www.bookmybooking.com/hotel-landing-page?childcount=0&roomcount=1&childage=&locationtype=country&checkInCheckOut=2026/09/05-2026/09/06&adultcount=2&hotel-id=5548,"{""优惠标签"": """", ""入住人数"": """", ""其他权益"": """", ""原价"": """", ""取消政策"": """", ""币种"": ""USD"", ""库存提示"": """", ""当前价"": ""13.66"", ""支付方式"": """", ""早餐"": """", ""确认政策"": """", ""税费"": """"}",R,R,已隔离,否,已知语义误采平台待修复；价格计价单位未确认；税费包含状态未确认；尚未通过T4人工复核,0356f6bdbbb38c4a5a005488f05cc3d698b2dda3d99cfd2fd9e18455f5025ba3,1fd6ca10a341c90c59d211a72467a3b1783048c58d334e29536e61b8738cd9d8,20260906-092202-csv-fb22d95c,,,,
f923b080e6400675d185c004b338d38b3093d1567942c146bbd4c5d0e777f6d2,ChIJCWbW7MWY4jARuQATRiSHlA0,lebua at State Tower,bookmybooking,BookMyBooking.com,5548,room14596,Premium Suite City View-breakfast,King Bed,,,,,More Info Premium Suite City View-breakfast King Bed 2 Single Beds City View Room Size 66.00 Sq. Mtr. Non-Smoking Non-Refundable Including Breakfast Special Offer USD 324.02 USD 165.25 USD 194.50 Including Taxes & Charges 49% off Select Room 1 2 3 4 5 6 7 8 9 10 USD 324.02 USD 165.25 USD 194.50 Including Taxes & Charges 49% off Select Room 1 2 3 4 5 6 7 8 9 10 Non-Refundable Including Breakfast Special Offer USD 324.02 USD 178.21 USD 209.76 Including Taxes & Charges 45% off Select Room 1 2 3 4 5 6 7 8 9 10 USD 324.02 USD 178.21 USD 209.76 Including Taxes & Charges 45% off Select Room 1 2 3 4 5 6 7 8 9 10,rate_1657f828d55ffd0dbf,,,,,,,12.72,,USD,未知,未知,2026-09-05,2026-09-06,https://www.bookmybooking.com/hotel-landing-page?childcount=0&roomcount=1&childage=&locationtype=country&checkInCheckOut=2026/09/05-2026/09/06&adultcount=2&hotel-id=5548,"{""优惠标签"": """", ""入住人数"": """", ""其他权益"": """", ""原价"": """", ""取消政策"": """", ""币种"": ""USD"", ""库存提示"": """", ""当前价"": ""12.72"", ""支付方式"": """", ""早餐"": """", ""确认政策"": """", ""税费"": """"}",R,R,已隔离,否,已知语义误采平台待修复；价格计价单位未确认；税费包含状态未确认；尚未通过T4人工复核,0f2f8867550a6ef0294336ac0c471d6be16f7e4064caa88add55520030f7387a,93006fc52e96d1db3751a478039c342eaabe29e98569c06cfeb4d2c05dc806fb,20260906-092202-csv-fb22d95c,,,,
1b9efbbb0969d926fb6d30376426669c95779733cbfb76c16c938e4968c1d8dd,ChIJCWbW7MWY4jARuQATRiSHlA0,lebua at State Tower,bookmybooking,BookMyBooking.com,5548,room14596,Premium Suite City View-breakfast,King Bed,,,,,More Info Premium Suite City View-breakfast King Bed 2 Single Beds City View Room Size 66.00 Sq. Mtr. Non-Smoking Non-Refundable Including Breakfast Special Offer USD 324.02 USD 165.25 USD 194.50 Including Taxes & Charges 49% off Select Room 1 2 3 4 5 6 7 8 9 10 USD 324.02 USD 165.25 USD 194.50 Including Taxes & Charges 49% off Select Room 1 2 3 4 5 6 7 8 9 10 Non-Refundable Including Breakfast Special Offer USD 324.02 USD 178.21 USD 209.76 Including Taxes & Charges 45% off Select Room 1 2 3 4 5 6 7 8 9 10 USD 324.02 USD 178.21 USD 209.76 Including Taxes & Charges 45% off Select Room 1 2 3 4 5 6 7 8 9 10,rate_36a94221506d2332c0,,,,,,,16.53,,USD,未知,未知,2026-09-05,2026-09-06,https://www.bookmybooking.com/hotel-landing-page?childcount=0&roomcount=1&childage=&locationtype=country&checkInCheckOut=2026/09/05-2026/09/06&adultcount=2&hotel-id=5548,"{""优惠标签"": """", ""入住人数"": """", ""其他权益"": """", ""原价"": """", ""取消政策"": """", ""币种"": ""USD"", ""库存提示"": """", ""当前价"": ""16.53"", ""支付方式"": """", ""早餐"": """", ""确认政策"": """", ""税费"": """"}",R,R,已隔离,否,已知语义误采平台待修复；价格计价单位未确认；税费包含状态未确认；尚未通过T4人工复核,0f2f8867550a6ef0294336ac0c471d6be16f7e4064caa88add55520030f7387a,593854c0c2a54999298bcc1c547ba4c1d1078d7ba16689e5f4f14d196731741f,20260906-092202-csv-fb22d95c,,,,
03e1834097bc4b0fded9bc216351b25a3f4abcfbe607165717c362dd28c4cd24,ChIJCWbW7MWY4jARuQATRiSHlA0,lebua at State Tower,bookmybooking,BookMyBooking.com,5548,room14596,Premium Suite City View-breakfast,King Bed,,,,,More Info Premium Suite City View-breakfast King Bed 2 Single Beds City View Room Size 66.00 Sq. Mtr. Non-Smoking Non-Refundable Including Breakfast Special Offer USD 324.02 USD 165.25 USD 194.50 Including Taxes & Charges 49% off Select Room 1 2 3 4 5 6 7 8 9 10 USD 324.02 USD 165.25 USD 194.50 Including Taxes & Charges 49% off Select Room 1 2 3 4 5 6 7 8 9 10 Non-Refundable Including Breakfast Special Offer USD 324.02 USD 178.21 USD 209.76 Including Taxes & Charges 45% off Select Room 1 2 3 4 5 6 7 8 9 10 USD 324.02 USD 178.21 USD 209.76 Including Taxes & Charges 45% off Select Room 1 2 3 4 5 6 7 8 9 10,rate_60059427fb200282fe,,,,,,,13.72,,USD,未知,未知,2026-09-05,2026-09-06,https://www.bookmybooking.com/hotel-landing-page?childcount=0&roomcount=1&childage=&locationtype=country&checkInCheckOut=2026/09/05-2026/09/06&adultcount=2&hotel-id=5548,"{""优惠标签"": """", ""入住人数"": """", ""其他权益"": """", ""原价"": """", ""取消政策"": """", ""币种"": ""USD"", ""库存提示"": """", ""当前价"": ""13.72"", ""支付方式"": """", ""早餐"": """", ""确认政策"": """", ""税费"": """"}",R,R,已隔离,否,已知语义误采平台待修复；价格计价单位未确认；税费包含状态未确认；尚未通过T4人工复核,0f2f8867550a6ef0294336ac0c471d6be16f7e4064caa88add55520030f7387a,777b899e1ec3e84ba273906cd750dac24b8fc7aea6c4be9c2a85e6c5fa4ebc92,20260906-092202-csv-fb22d95c,,,,
bca5f73ef696fdee59a8d5134018ce80524805d85413709bdbba8df36a63e6c2,ChIJCWbW7MWY4jARuQATRiSHlA0,lebua at State Tower,bookmybooking,BookMyBooking.com,5548,room14596,Premium Suite City View-breakfast,King Bed,,,,,More Info Premium Suite City View-breakfast King Bed 2 Single Beds City View Room Size 66.00 Sq. Mtr. Non-Smoking Non-Refundable Including Breakfast Special Offer USD 324.02 USD 165.25 USD 194.50 Including Taxes & Charges 49% off Select Room 1 2 3 4 5 6 7 8 9 10 USD 324.02 USD 165.25 USD 194.50 Including Taxes & Charges 49% off Select Room 1 2 3 4 5 6 7 8 9 10 Non-Refundable Including Breakfast Special Offer USD 324.02 USD 178.21 USD 209.76 Including Taxes & Charges 45% off Select Room 1 2 3 4 5 6 7 8 9 10 USD 324.02 USD 178.21 USD 209.76 Including Taxes & Charges 45% off Select Room 1 2 3 4 5 6 7 8 9 10,rate_79db0f7b9979e3802a,,,,,,,17.82,,USD,未知,未知,2026-09-05,2026-09-06,https://www.bookmybooking.com/hotel-landing-page?childcount=0&roomcount=1&childage=&locationtype=country&checkInCheckOut=2026/09/05-2026/09/06&adultcount=2&hotel-id=5548,"{""优惠标签"": """", ""入住人数"": """", ""其他权益"": """", ""原价"": """", ""取消政策"": """", ""币种"": ""USD"", ""库存提示"": """", ""当前价"": ""17.82"", ""支付方式"": """", ""早餐"": """", ""确认政策"": """", ""税费"": """"}",R,R,已隔离,否,已知语义误采平台待修复；价格计价单位未确认；税费包含状态未确认；尚未通过T4人工复核,0f2f8867550a6ef0294336ac0c471d6be16f7e4064caa88add55520030f7387a,c35b94e63e50e225db8c7375b3aaada6b17be1a9928d588a862e0158b08a444e,20260906-092202-csv-fb22d95c,,,,
c5ad04bb0e83ab098515af1a3d2c1da64611527e072da038378c2f1e0988094c,ChIJCWbW7MWY4jARuQATRiSHlA0,lebua at State Tower,bookmybooking,BookMyBooking.com,5548,room14597,Premium Suite River View-breakfast,King Bed,,,,,More Info Premium Suite River View-breakfast King Bed 2 Single Beds River View Room Size 66.00 Sq. Mtr. Non-Smoking Non-Refundable Including Breakfast Special Offer USD 342.26 USD 174.55 USD 205.45 Including Taxes & Charges 49% off Select Room 1 2 3 4 5 6 7 8 9 10 USD 342.26 USD 174.55 USD 205.45 Including Taxes & Charges 49% off Select Room 1 2 3 4 5 6 7 8 9 10 Non-Refundable Including Breakfast Special Offer USD 342.26 USD 188.24 USD 221.56 Including Taxes & Charges 45% off Select Room 1 2 3 4 5 6 7 8 9 10 USD 342.26 USD 188.24 USD 221.56 Including Taxes & Charges 45% off Select Room 1 2 3 4 5 6 7 8 9 10,rate_64d001cd3e422486f6,,,,,,,17.46,,USD,未知,未知,2026-09-05,2026-09-06,https://www.bookmybooking.com/hotel-landing-page?childcount=0&roomcount=1&childage=&locationtype=country&checkInCheckOut=2026/09/05-2026/09/06&adultcount=2&hotel-id=5548,"{""优惠标签"": """", ""入住人数"": """", ""其他权益"": """", ""原价"": """", ""取消政策"": """", ""币种"": ""USD"", ""库存提示"": """", ""当前价"": ""17.46"", ""支付方式"": """", ""早餐"": """", ""确认政策"": """", ""税费"": """"}",R,R,已隔离,否,已知语义误采平台待修复；价格计价单位未确认；税费包含状态未确认；尚未通过T4人工复核,9deeb1c5ce9a8c97ed2a695803ecdae37032dab22ef52c005a65ec3a1efe0662,19224bf899e397e75d1f1205bd61f323b1e5b579b71751c289132b57a6a4d64f,20260906-092202-csv-fb22d95c,,,,
0737c5ae448d74446f315d1fa95215989dac5f2fc0d9ddcb4d3be50ce28fedcb,ChIJCWbW7MWY4jARuQATRiSHlA0,lebua at State Tower,bookmybooking,BookMyBooking.com,5548,room14597,Premium Suite River View-breakfast,King Bed,,,,,More Info Premium Suite River View-breakfast King Bed 2 Single Beds River View Room Size 66.00 Sq. Mtr. Non-Smoking Non-Refundable Including Breakfast Special Offer USD 342.26 USD 174.55 USD 205.45 Including Taxes & Charges 49% off Select Room 1 2 3 4 5 6 7 8 9 10 USD 342.26 USD 174.55 USD 205.45 Including Taxes & Charges 49% off Select Room 1 2 3 4 5 6 7 8 9 10 Non-Refundable Including Breakfast Special Offer USD 342.26 USD 188.24 USD 221.56 Including Taxes & Charges 45% off Select Room 1 2 3 4 5 6 7 8 9 10 USD 342.26 USD 188.24 USD 221.56 Including Taxes & Charges 45% off Select Room 1 2 3 4 5 6 7 8 9 10,rate_9edac7f979abaf5c84,,,,,,,13.44,,USD,未知,未知,2026-09-05,2026-09-06,https://www.bookmybooking.com/hotel-landing-page?childcount=0&roomcount=1&childage=&locationtype=country&checkInCheckOut=2026/09/05-2026/09/06&adultcount=2&hotel-id=5548,"{""优惠标签"": """", ""入住人数"": """", ""其他权益"": """", ""原价"": """", ""取消政策"": """", ""币种"": ""USD"", ""库存提示"": """", ""当前价"": ""13.44"", ""支付方式"": """", ""早餐"": """", ""确认政策"": """", ""税费"": """"}",R,R,已隔离,否,已知语义误采平台待修复；价格计价单位未确认；税费包含状态未确认；尚未通过T4人工复核,9deeb1c5ce9a8c97ed2a695803ecdae37032dab22ef52c005a65ec3a1efe0662,3267aeb28f40ef69027d2b51e95fa31fa969469b4c8c91b71683178e0ecb88a4,20260906-092202-csv-fb22d95c,,,,
b6a5e544fe48bccdd03400a7ca829900adc9d9886c12e544d8bb0a4d6df619f6,ChIJCWbW7MWY4jARuQATRiSHlA0,lebua at State Tower,bookmybooking,BookMyBooking.com,5548,room14597,Premium Suite River View-breakfast,King Bed,,,,,More Info Premium Suite River View-breakfast King Bed 2 Single Beds River View Room Size 66.00 Sq. Mtr. Non-Smoking Non-Refundable Including Breakfast Special Offer USD 342.26 USD 174.55 USD 205.45 Including Taxes & Charges 49% off Select Room 1 2 3 4 5 6 7 8 9 10 USD 342.26 USD 174.55 USD 205.45 Including Taxes & Charges 49% off Select Room 1 2 3 4 5 6 7 8 9 10 Non-Refundable Including Breakfast Special Offer USD 342.26 USD 188.24 USD 221.56 Including Taxes & Charges 45% off Select Room 1 2 3 4 5 6 7 8 9 10 USD 342.26 USD 188.24 USD 221.56 Including Taxes & Charges 45% off Select Room 1 2 3 4 5 6 7 8 9 10,rate_a8895cc0209d69ce6e,,,,,,,18.82,,USD,未知,未知,2026-09-05,2026-09-06,https://www.bookmybooking.com/hotel-landing-page?childcount=0&roomcount=1&childage=&locationtype=country&checkInCheckOut=2026/09/05-2026/09/06&adultcount=2&hotel-id=5548,"{""优惠标签"": """", ""入住人数"": """", ""其他权益"": """", ""原价"": """", ""取消政策"": """", ""币种"": ""USD"", ""库存提示"": """", ""当前价"": ""18.82"", ""支付方式"": """", ""早餐"": """", ""确认政策"": """", ""税费"": """"}",R,R,已隔离,否,已知语义误采平台待修复；价格计价单位未确认；税费包含状态未确认；尚未通过T4人工复核,9deeb1c5ce9a8c97ed2a695803ecdae37032dab22ef52c005a65ec3a1efe0662,61e4add969e85fc9bc3b0dd69654aa9521f487fc905bc06d0093143e9c093783,20260906-092202-csv-fb22d95c,,,,
65304054c9854ad6aabc588b1ec53ba79a10f4099f047d097740b79e731802e8,ChIJCWbW7MWY4jARuQATRiSHlA0,lebua at State Tower,bookmybooking,BookMyBooking.com,5548,room14597,Premium Suite River View-breakfast,King Bed,,,,,More Info Premium Suite River View-breakfast King Bed 2 Single Beds River View Room Size 66.00 Sq. Mtr. Non-Smoking Non-Refundable Including Breakfast Special Offer USD 342.26 USD 174.55 USD 205.45 Including Taxes & Charges 49% off Select Room 1 2 3 4 5 6 7 8 9 10 USD 342.26 USD 174.55 USD 205.45 Including Taxes & Charges 49% off Select Room 1 2 3 4 5 6 7 8 9 10 Non-Refundable Including Breakfast Special Offer USD 342.26 USD 188.24 USD 221.56 Including Taxes & Charges 45% off Select Room 1 2 3 4 5 6 7 8 9 10 USD 342.26 USD 188.24 USD 221.56 Including Taxes & Charges 45% off Select Room 1 2 3 4 5 6 7 8 9 10,rate_b4bb866f34cc6f90d8,,,,,,,14.49,,USD,未知,未知,2026-09-05,2026-09-06,https://www.bookmybooking.com/hotel-landing-page?childcount=0&roomcount=1&childage=&locationtype=country&checkInCheckOut=2026/09/05-2026/09/06&adultcount=2&hotel-id=5548,"{""优惠标签"": """", ""入住人数"": """", ""其他权益"": """", ""原价"": """", ""取消政策"": """", ""币种"": ""USD"", ""库存提示"": """", ""当前价"": ""14.49"", ""支付方式"": """", ""早餐"": """", ""确认政策"": """", ""税费"": """"}",R,R,已隔离,否,已知语义误采平台待修复；价格计价单位未确认；税费包含状态未确认；尚未通过T4人工复核,9deeb1c5ce9a8c97ed2a695803ecdae37032dab22ef52c005a65ec3a1efe0662,4f0a4b49918c6727dbca0f53c92b844dfb04257928e0727a5eef291afba682dc,20260906-092202-csv-fb22d95c,,,,
8471dfad8468089868fa9186083294dde43669cf01abe6a3e9e75adf2349e047,ChIJCWbW7MWY4jARuQATRiSHlA0,lebua at State Tower,bookmybooking,BookMyBooking.com,5548,room14598,Tower Club Suite City View- Lounge Access,King Bed,,,,,More Info Tower Club Suite City View- Lounge Access King Bed 2 Single Beds City View Room Size 66.00 Sq. Mtr. Non-Smoking Non-Refundable Including Breakfast Special Offer USD 396.97 USD 202.46 USD 238.29 Including Taxes & Charges 49% off Select Room 1 2 3 4 5 6 7 8 9 10 USD 396.97 USD 202.46 USD 238.29 Including Taxes & Charges 49% off Select Room 1 2 3 4 5 6 7 8 9 10 Non-Refundable Including Breakfast Special Offer USD 396.97 USD 218.33 USD 256.98 Including Taxes & Charges 45% off Select Room 1 2 3 4 5 6 7 8 9 10 USD 396.97 USD 218.33 USD 256.98 Including Taxes & Charges 45% off Select Room 1 2 3 4 5 6 7 8 9 10,rate_0bf37c7f169bb49ecc,,,,,,,21.83,,USD,未知,未知,2026-09-05,2026-09-06,https://www.bookmybooking.com/hotel-landing-page?childcount=0&roomcount=1&childage=&locationtype=country&checkInCheckOut=2026/09/05-2026/09/06&adultcount=2&hotel-id=5548,"{""优惠标签"": """", ""入住人数"": """", ""其他权益"": """", ""原价"": """", ""取消政策"": """", ""币种"": ""USD"", ""库存提示"": """", ""当前价"": ""21.83"", ""支付方式"": """", ""早餐"": """", ""确认政策"": """", ""税费"": """"}",R,R,已隔离,否,已知语义误采平台待修复；价格计价单位未确认；税费包含状态未确认；尚未通过T4人工复核,7f28c6139c28d337676fa503700681011a5004f921afdd951a3fafdd724ed13d,62ce10722630daf279b754654196335021bdc6ddf648a55b926019e36b2eacf9,20260906-092202-csv-fb22d95c,,,,
7a6515d4ac4ca73f7b37d512476889c89c1ea6601046af75c3bd216415b066c8,ChIJCWbW7MWY4jARuQATRiSHlA0,lebua at State Tower,bookmybooking,BookMyBooking.com,5548,room14598,Tower Club Suite City View- Lounge Access,King Bed,,,,,More Info Tower Club Suite City View- Lounge Access King Bed 2 Single Beds City View Room Size 66.00 Sq. Mtr. Non-Smoking Non-Refundable Including Breakfast Special Offer USD 396.97 USD 202.46 USD 238.29 Including Taxes & Charges 49% off Select Room 1 2 3 4 5 6 7 8 9 10 USD 396.97 USD 202.46 USD 238.29 Including Taxes & Charges 49% off Select Room 1 2 3 4 5 6 7 8 9 10 Non-Refundable Including Breakfast Special Offer USD 396.97 USD 218.33 USD 256.98 Including Taxes & Charges 45% off Select Room 1 2 3 4 5 6 7 8 9 10 USD 396.97 USD 218.33 USD 256.98 Including Taxes & Charges 45% off Select Room 1 2 3 4 5 6 7 8 9 10,rate_20ab1f7c0a5e6f7b0d,,,,,,,20.25,,USD,未知,未知,2026-09-05,2026-09-06,https://www.bookmybooking.com/hotel-landing-page?childcount=0&roomcount=1&childage=&locationtype=country&checkInCheckOut=2026/09/05-2026/09/06&adultcount=2&hotel-id=5548,"{""优惠标签"": """", ""入住人数"": """", ""其他权益"": """", ""原价"": """", ""取消政策"": """", ""币种"": ""USD"", ""库存提示"": """", ""当前价"": ""20.25"", ""支付方式"": """", ""早餐"": """", ""确认政策"": """", ""税费"": """"}",R,R,已隔离,否,已知语义误采平台待修复；价格计价单位未确认；税费包含状态未确认；尚未通过T4人工复核,7f28c6139c28d337676fa503700681011a5004f921afdd951a3fafdd724ed13d,7decc8d175ae451e163ff37f61d39bf338414425a121a5650579063d1c44f984,20260906-092202-csv-fb22d95c,,,,
48d0897fabcccb79f521ed8216f5cac2196b3b4c2eaeeb0f107799de9ee2d9e9,ChIJCWbW7MWY4jARuQATRiSHlA0,lebua at State Tower,bookmybooking,BookMyBooking.com,5548,room14598,Tower Club Suite City View- Lounge Access,King Bed,,,,,More Info Tower Club Suite City View- Lounge Access King Bed 2 Single Beds City View Room Size 66.00 Sq. Mtr. Non-Smoking Non-Refundable Including Breakfast Special Offer USD 396.97 USD 202.46 USD 238.29 Including Taxes & Charges 49% off Select Room 1 2 3 4 5 6 7 8 9 10 USD 396.97 USD 202.46 USD 238.29 Including Taxes & Charges 49% off Select Room 1 2 3 4 5 6 7 8 9 10 Non-Refundable Including Breakfast Special Offer USD 396.97 USD 218.33 USD 256.98 Including Taxes & Charges 45% off Select Room 1 2 3 4 5 6 7 8 9 10 USD 396.97 USD 218.33 USD 256.98 Including Taxes & Charges 45% off Select Room 1 2 3 4 5 6 7 8 9 10,rate_f13071c634e6b2862b,,,,,,,15.59,,USD,未知,未知,2026-09-05,2026-09-06,https://www.bookmybooking.com/hotel-landing-page?childcount=0&roomcount=1&childage=&locationtype=country&checkInCheckOut=2026/09/05-2026/09/06&adultcount=2&hotel-id=5548,"{""优惠标签"": """", ""入住人数"": """", ""其他权益"": """", ""原价"": """", ""取消政策"": """", ""币种"": ""USD"", ""库存提示"": """", ""当前价"": ""15.59"", ""支付方式"": """", ""早餐"": """", ""确认政策"": """", ""税费"": """"}",R,R,已隔离,否,已知语义误采平台待修复；价格计价单位未确认；税费包含状态未确认；尚未通过T4人工复核,7f28c6139c28d337676fa503700681011a5004f921afdd951a3fafdd724ed13d,cfca123a7d5c07cb2a14d18b93a87ad008d2dd8fae5559a1de72ba103576c9c8,20260906-092202-csv-fb22d95c,,,,
edcdc32a7152d3cf21485208397db2819446d6b27178b1fe808939380bc13744,ChIJCWbW7MWY4jARuQATRiSHlA0,lebua at State Tower,bookmybooking,BookMyBooking.com,5548,room14598,Tower Club Suite City View- Lounge Access,King Bed,,,,,More Info Tower Club Suite City View- Lounge Access King Bed 2 Single Beds City View Room Size 66.00 Sq. Mtr. Non-Smoking Non-Refundable Including Breakfast Special Offer USD 396.97 USD 202.46 USD 238.29 Including Taxes & Charges 49% off Select Room 1 2 3 4 5 6 7 8 9 10 USD 396.97 USD 202.46 USD 238.29 Including Taxes & Charges 49% off Select Room 1 2 3 4 5 6 7 8 9 10 Non-Refundable Including Breakfast Special Offer USD 396.97 USD 218.33 USD 256.98 Including Taxes & Charges 45% off Select Room 1 2 3 4 5 6 7 8 9 10 USD 396.97 USD 218.33 USD 256.98 Including Taxes & Charges 45% off Select Room 1 2 3 4 5 6 7 8 9 10,rate_f8a176026e2ed8d37d,,,,,,,16.81,,USD,未知,未知,2026-09-05,2026-09-06,https://www.bookmybooking.com/hotel-landing-page?childcount=0&roomcount=1&childage=&locationtype=country&checkInCheckOut=2026/09/05-2026/09/06&adultcount=2&hotel-id=5548,"{""优惠标签"": """", ""入住人数"": """", ""其他权益"": """", ""原价"": """", ""取消政策"": """", ""币种"": ""USD"", ""库存提示"": """", ""当前价"": ""16.81"", ""支付方式"": """", ""早餐"": """", ""确认政策"": """", ""税费"": """"}",R,R,已隔离,否,已知语义误采平台待修复；价格计价单位未确认；税费包含状态未确认；尚未通过T4人工复核,7f28c6139c28d337676fa503700681011a5004f921afdd951a3fafdd724ed13d,66f0b94be177de0d27b1bc4310c02c6cf7d72f3e9ab07a412a1dd877a947e401,20260906-092202-csv-fb22d95c,,,,
ea3e9086b53a573cea0c5ad6f421320b1814b6fd6c06c0711afe1548a89ac29f,ChIJCWbW7MWY4jARuQATRiSHlA0,lebua at State Tower,bookmybooking,BookMyBooking.com,5548,room14599,Tower Club Suite River View- Lounge Access,King Bed,,,,,More Info Tower Club Suite River View- Lounge Access King Bed 2 Single Beds River View Room Size 66.00 Sq. Mtr. Non-Smoking Non-Refundable Including Breakfast Special Offer USD 421.29 USD 214.86 USD 252.89 Including Taxes & Charges 49% off Select Room 1 2 3 4 5 6 7 8 9 10 USD 421.29 USD 214.86 USD 252.89 Including Taxes & Charges 49% off Select Room 1 2 3 4 5 6 7 8 9 10 Non-Refundable Including Breakfast Special Offer USD 421.29 USD 231.71 USD 272.72 Including Taxes & Charges 45% off Select Room 1 2 3 4 5 6 7 8 9 10 USD 421.29 USD 231.71 USD 272.72 Including Taxes & Charges 45% off Select Room 1 2 3 4 5 6 7 8 9 10,rate_7124c450249fade4de,,,,,,,17.84,,USD,未知,未知,2026-09-05,2026-09-06,https://www.bookmybooking.com/hotel-landing-page?childcount=0&roomcount=1&childage=&locationtype=country&checkInCheckOut=2026/09/05-2026/09/06&adultcount=2&hotel-id=5548,"{""优惠标签"": """", ""入住人数"": """", ""其他权益"": """", ""原价"": """", ""取消政策"": """", ""币种"": ""USD"", ""库存提示"": """", ""当前价"": ""17.84"", ""支付方式"": """", ""早餐"": """", ""确认政策"": """", ""税费"": """"}",R,R,已隔离,否,已知语义误采平台待修复；价格计价单位未确认；税费包含状态未确认；尚未通过T4人工复核,042faa0be0413ec84f7969da27d7265db39e6f5192a463c7accbd2d92901f7e5,ccdeed077b9c0500751a9136d266d62661ad240c97da5dfe0c9495961ab4f159,20260906-092202-csv-fb22d95c,,,,
76101b95214673c321f302df75c3e787693b39ce4fbbde288970b4bc8af0095a,ChIJCWbW7MWY4jARuQATRiSHlA0,lebua at State Tower,bookmybooking,BookMyBooking.com,5548,room14599,Tower Club Suite River View- Lounge Access,King Bed,,,,,More Info Tower Club Suite River View- Lounge Access King Bed 2 Single Beds River View Room Size 66.00 Sq. Mtr. Non-Smoking Non-Refundable Including Breakfast Special Offer USD 421.29 USD 214.86 USD 252.89 Including Taxes & Charges 49% off Select Room 1 2 3 4 5 6 7 8 9 10 USD 421.29 USD 214.86 USD 252.89 Including Taxes & Charges 49% off Select Room 1 2 3 4 5 6 7 8 9 10 Non-Refundable Including Breakfast Special Offer USD 421.29 USD 231.71 USD 272.72 Including Taxes & Charges 45% off Select Room 1 2 3 4 5 6 7 8 9 10 USD 421.29 USD 231.71 USD 272.72 Including Taxes & Charges 45% off Select Room 1 2 3 4 5 6 7 8 9 10,rate_8cea335f1bf3216934,,,,,,,21.49,,USD,未知,未知,2026-09-05,2026-09-06,https://www.bookmybooking.com/hotel-landing-page?childcount=0&roomcount=1&childage=&locationtype=country&checkInCheckOut=2026/09/05-2026/09/06&adultcount=2&hotel-id=5548,"{""优惠标签"": """", ""入住人数"": """", ""其他权益"": """", ""原价"": """", ""取消政策"": """", ""币种"": ""USD"", ""库存提示"": """", ""当前价"": ""21.49"", ""支付方式"": """", ""早餐"": """", ""确认政策"": """", ""税费"": """"}",R,R,已隔离,否,已知语义误采平台待修复；价格计价单位未确认；税费包含状态未确认；尚未通过T4人工复核,042faa0be0413ec84f7969da27d7265db39e6f5192a463c7accbd2d92901f7e5,0b1e38712ad7ddb72f4b5ecd949c62d4d19b9002dbb7bed1706c797cb693b67d,20260906-092202-csv-fb22d95c,,,,
a1ebb6092591e2a7021bbf392494da1913947990c1935f54b4df71dbcb7c5e96,ChIJCWbW7MWY4jARuQATRiSHlA0,lebua at State Tower,bookmybooking,BookMyBooking.com,5548,room14599,Tower Club Suite River View- Lounge Access,King Bed,,,,,More Info Tower Club Suite River View- Lounge Access King Bed 2 Single Beds River View Room Size 66.00 Sq. Mtr. Non-Smoking Non-Refundable Including Breakfast Special Offer USD 421.29 USD 214.86 USD 252.89 Including Taxes & Charges 49% off Select Room 1 2 3 4 5 6 7 8 9 10 USD 421.29 USD 214.86 USD 252.89 Including Taxes & Charges 49% off Select Room 1 2 3 4 5 6 7 8 9 10 Non-Refundable Including Breakfast Special Offer USD 421.29 USD 231.71 USD 272.72 Including Taxes & Charges 45% off Select Room 1 2 3 4 5 6 7 8 9 10 USD 421.29 USD 231.71 USD 272.72 Including Taxes & Charges 45% off Select Room 1 2 3 4 5 6 7 8 9 10,rate_ad1de58d86e691cab3,,,,,,,23.17,,USD,未知,未知,2026-09-05,2026-09-06,https://www.bookmybooking.com/hotel-landing-page?childcount=0&roomcount=1&childage=&locationtype=country&checkInCheckOut=2026/09/05-2026/09/06&adultcount=2&hotel-id=5548,"{""优惠标签"": """", ""入住人数"": """", ""其他权益"": """", ""原价"": """", ""取消政策"": """", ""币种"": ""USD"", ""库存提示"": """", ""当前价"": ""23.17"", ""支付方式"": """", ""早餐"": """", ""确认政策"": """", ""税费"": """"}",R,R,已隔离,否,已知语义误采平台待修复；价格计价单位未确认；税费包含状态未确认；尚未通过T4人工复核,042faa0be0413ec84f7969da27d7265db39e6f5192a463c7accbd2d92901f7e5,c71662f20aa8ba3da92c18eb8165724924adc6f87658a6a42d894d7910aea6cb,20260906-092202-csv-fb22d95c,,,,
173571724031aa8d527f4bb419efbcd743b455d9683709227e67e4544d095804,ChIJCWbW7MWY4jARuQATRiSHlA0,lebua at State Tower,bookmybooking,BookMyBooking.com,5548,room14599,Tower Club Suite River View- Lounge Access,King Bed,,,,,More Info Tower Club Suite River View- Lounge Access King Bed 2 Single Beds River View Room Size 66.00 Sq. Mtr. Non-Smoking Non-Refundable Including Breakfast Special Offer USD 421.29 USD 214.86 USD 252.89 Including Taxes & Charges 49% off Select Room 1 2 3 4 5 6 7 8 9 10 USD 421.29 USD 214.86 USD 252.89 Including Taxes & Charges 49% off Select Room 1 2 3 4 5 6 7 8 9 10 Non-Refundable Including Breakfast Special Offer USD 421.29 USD 231.71 USD 272.72 Including Taxes & Charges 45% off Select Room 1 2 3 4 5 6 7 8 9 10 USD 421.29 USD 231.71 USD 272.72 Including Taxes & Charges 45% off Select Room 1 2 3 4 5 6 7 8 9 10,rate_e794e9c550022eaa53,,,,,,,16.54,,USD,未知,未知,2026-09-05,2026-09-06,https://www.bookmybooking.com/hotel-landing-page?childcount=0&roomcount=1&childage=&locationtype=country&checkInCheckOut=2026/09/05-2026/09/06&adultcount=2&hotel-id=5548,"{""优惠标签"": """", ""入住人数"": """", ""其他权益"": """", ""原价"": """", ""取消政策"": """", ""币种"": ""USD"", ""库存提示"": """", ""当前价"": ""16.54"", ""支付方式"": """", ""早餐"": """", ""确认政策"": """", ""税费"": """"}",R,R,已隔离,否,已知语义误采平台待修复；价格计价单位未确认；税费包含状态未确认；尚未通过T4人工复核,042faa0be0413ec84f7969da27d7265db39e6f5192a463c7accbd2d92901f7e5,508528b8e21061dcc8024a3f6fc714ecf17464e2b77e26d8d94a0604086907cf,20260906-092202-csv-fb22d95c,,,,
4f21d257c906fe4379a28181ac4d58b03522b8d16e13ece04fb2a68174e59cc6,ChIJCWbW7MWY4jARuQATRiSHlA0,lebua at State Tower,bookmybooking,BookMyBooking.com,5548,room14600,lebua Suite 2 bedroom,King Bed,,,,,More Info lebua Suite 2 bedroom King Bed 2 Single Beds City View Room Size 176.00 Sq. Mtr. Non-Smoking Non-Refundable Including Breakfast Special Offer USD 821.00 USD 966.31 Including Taxes & Charges Select Room 1 2 USD 821.00 USD 966.31 Including Taxes & Charges Select Room 1 2 USD 821.00 USD 966.31 Including Taxes & Charges Select Room 1 2 USD 821.00 USD 966.31 Including Taxes & Charges Select Room 1 2 Non-Refundable Including Breakfast Special Offer USD 821.00 USD 966.31 Including Taxes & Charges Select Room 1 2 USD 821.00 USD 966.31 Including Taxes & Charges Select Room 1 2 USD 821.00 USD 966.31 Including Taxes & Charges Select Room 1 2 USD 821.00 USD 966.31 Including Taxes & Charges Select Room 1 2,rate_9a5bc9d967d07e8734,,,,,,,63.22,,USD,未知,未知,2026-09-05,2026-09-06,https://www.bookmybooking.com/hotel-landing-page?childcount=0&roomcount=1&childage=&locationtype=country&checkInCheckOut=2026/09/05-2026/09/06&adultcount=2&hotel-id=5548,"{""优惠标签"": """", ""入住人数"": """", ""其他权益"": """", ""原价"": """", ""取消政策"": """", ""币种"": ""USD"", ""库存提示"": """", ""当前价"": ""63.22"", ""支付方式"": """", ""早餐"": """", ""确认政策"": """", ""税费"": """"}",R,R,已隔离,否,已知语义误采平台待修复；价格计价单位未确认；税费包含状态未确认；尚未通过T4人工复核,770fd325b9c3787a4ba7192d9ab956826511a6bae97bcc8d46a24f5c258a1fa9,d616e7ce4d038c0381cb7fea756814680e48634def75d1e9e4f077af5741ee55,20260906-092202-csv-fb22d95c,,,,
8d698beb82e5343ef0501b776ea652dd85b5c96d6ecdde3c2b923d4ef710d522,ChIJCWbW7MWY4jARuQATRiSHlA0,lebua at State Tower,bookmybooking,BookMyBooking.com,5548,room14600,lebua Suite 2 bedroom,King Bed,,,,,More Info lebua Suite 2 bedroom King Bed 2 Single Beds City View Room Size 176.00 Sq. Mtr. Non-Smoking Non-Refundable Including Breakfast Special Offer USD 821.00 USD 966.31 Including Taxes & Charges Select Room 1 2 USD 821.00 USD 966.31 Including Taxes & Charges Select Room 1 2 USD 821.00 USD 966.31 Including Taxes & Charges Select Room 1 2 USD 821.00 USD 966.31 Including Taxes & Charges Select Room 1 2 Non-Refundable Including Breakfast Special Offer USD 821.00 USD 966.31 Including Taxes & Charges Select Room 1 2 USD 821.00 USD 966.31 Including Taxes & Charges Select Room 1 2 USD 821.00 USD 966.31 Including Taxes & Charges Select Room 1 2 USD 821.00 USD 966.31 Including Taxes & Charges Select Room 1 2,rate_bc0f5aaf5c3f5d53af,,,,,,,82.10,,USD,未知,未知,2026-09-05,2026-09-06,https://www.bookmybooking.com/hotel-landing-page?childcount=0&roomcount=1&childage=&locationtype=country&checkInCheckOut=2026/09/05-2026/09/06&adultcount=2&hotel-id=5548,"{""优惠标签"": """", ""入住人数"": """", ""其他权益"": """", ""原价"": """", ""取消政策"": """", ""币种"": ""USD"", ""库存提示"": """", ""当前价"": ""82.10"", ""支付方式"": """", ""早餐"": """", ""确认政策"": """", ""税费"": """"}",R,R,已隔离,否,已知语义误采平台待修复；价格计价单位未确认；税费包含状态未确认；尚未通过T4人工复核,770fd325b9c3787a4ba7192d9ab956826511a6bae97bcc8d46a24f5c258a1fa9,34b54e7d6b14b5fea0fc947db5869889c6af5b4fd442911c8544bdc25a6d88d6,20260906-092202-csv-fb22d95c,,,,
a2637b4728a96df30d9131a996ae6c0c55500337281733eefd1ee9d9bc934fc8,ChIJCWbW7MWY4jARuQATRiSHlA0,lebua at State Tower,bookmybooking,BookMyBooking.com,5548,room_d2b4d9561c815e1e1b,No Room Selected,King Bed,,,,,No Room Selected Add To Continue More Info lebua Suite City View-breakfast King Bed 2 Single Beds City View Room Size 66.00 Sq. Mtr. Non-Smoking Non-Refundable Including Breakfast Special Offer USD 304.26 USD 155.17 USD 182.64 Including Taxes & Charges 49% off Select Room 1 2 3 4 5 6 7 8 9 10 USD 304.26 USD 155.17 USD 182.64 Including Taxes & Charges 49% off Select Room 1 2 3 4 5 6 7 8 9 10 Non-Refundable Including Breakfast Special Offer USD 304.26 USD 167.35 USD 196.97 Including Taxes & Charges 45% off Select Room 1 2 3 4 5 6 7 8 9 10 USD 304.26 USD 167.35 USD 196.97 Including Taxes & Charges 45% off Select Room 1 2 3 4 5 6 7 8 9 10 More Info lebua Suite River View-breakfast King Bed River View Room Size 66.00 Sq. Mtr. Non-Smoking Non-Refundable Including Breakfast Special Offer USD 322.50 USD 164.48 USD 193.59 Including Taxes & Charges 49% off Select Room 1 2 3 4 5 6 7 8 9 10 USD 322.50 USD 164.48 USD 193.59 Including Taxes & Charges 49% off Select Room 1 2 3 4 5 6 7 8 9 10 Non-Refundable Including Breakfast Special Offer USD 322.50 USD 177.38 USD 208.77 Including Taxes & Charges 45% off Select Room 1 2 3 4 5 6 7 8 9 10 USD 322.50 USD 177.38 USD 208.77 Including Taxes & Charges 45% off Select Room 1 2 3 4 5 6 7 8 9 10 More Info Premium Suite City View-breakfast King Bed 2 Single Beds City View Room Size 66.00 Sq. Mtr. Non-Smoking Non-Refundable Including Breakfast Special Offer USD 324.02 USD 165.25 USD 194.50 Including Taxes & Charges 49% off Select Room 1 2 3 4 5 6 7 8 9 10 USD 324.02 USD 165.25 USD 194.50 Including Taxes & Charges 49% off Select Room 1 2 3 4 5 6 7 8 9 10 Non-Refundable Including Breakfast Special Offer USD 324.02 USD 178.21 USD 209.76 Including Taxes & Charges 45% off Select Room 1 2 3 4 5 6 7 8 9 10 USD 324.02 USD 178.21 USD 209.76 Including Taxes & Charges 45% off Select Room 1 2 3 4 5 6 7 8 9 10 More Info Premium Suite River View-breakfast King Bed 2 Single Beds River View Room Size 66.00 Sq. Mtr. Non-Smoking Non-Refundable Including Breakfast Special Offer USD 342.26 USD 174.55 USD 205.45 Including Taxes & Charges 49% off Select Room 1 2 3 4 5 6 7 8 9 10 USD 342.26 USD 174.55 USD 205.45 Including Taxes & Charges 49% off Select Room 1 2 3 4 5 6 7 8 9 10 Non-Refundable Including Breakfast Special Offer USD 342.26 USD 188.24 USD 221.56 Including Taxes & Charges 45% off Select Room 1 2 3 4 5 6 7 8 9 10 USD 342.26 USD 188.24 USD 221.56 Including Taxes & Charges 45% off Select Room 1 2 3 4 5 6 7 8 9 10 More Info Tower Club Suite City V,rate_00b15b9dd50060279a,,,,,,,12.66,,USD,未知,未知,2026-09-05,2026-09-06,https://www.bookmybooking.com/hotel-landing-page?childcount=0&roomcount=1&childage=&locationtype=country&checkInCheckOut=2026/09/05-2026/09/06&adultcount=2&hotel-id=5548,"{""优惠标签"": """", ""入住人数"": """", ""其他权益"": """", ""原价"": """", ""取消政策"": """", ""币种"": ""USD"", ""库存提示"": """", ""当前价"": ""12.66"", ""支付方式"": """", ""早餐"": """", ""确认政策"": """", ""税费"": """"}",R,R,已隔离,否,已知语义误采平台待修复；价格计价单位未确认；税费包含状态未确认；尚未通过T4人工复核,c5980c4b1bae34d02485ec9ccd25e622dd0b3bfd1987783c30e16b8cb1cfed5b,c76f0bfd8b0ca1e9956cd1e3ec50073cd3169b5e539e333c68a37f273f40c7dc,20260906-092202-csv-fb22d95c,,,,
026a406281c9969b3cf94110d5a0261bd98e52b8ff9dfc42a8bd5f5512d9bae3,ChIJCWbW7MWY4jARuQATRiSHlA0,lebua at State Tower,bookmybooking,BookMyBooking.com,5548,room_d2b4d9561c815e1e1b,No Room Selected,King Bed,,,,,No Room Selected Add To Continue More Info lebua Suite City View-breakfast King Bed 2 Single Beds City View Room Size 66.00 Sq. Mtr. Non-Smoking Non-Refundable Including Breakfast Special Offer USD 304.26 USD 155.17 USD 182.64 Including Taxes & Charges 49% off Select Room 1 2 3 4 5 6 7 8 9 10 USD 304.26 USD 155.17 USD 182.64 Including Taxes & Charges 49% off Select Room 1 2 3 4 5 6 7 8 9 10 Non-Refundable Including Breakfast Special Offer USD 304.26 USD 167.35 USD 196.97 Including Taxes & Charges 45% off Select Room 1 2 3 4 5 6 7 8 9 10 USD 304.26 USD 167.35 USD 196.97 Including Taxes & Charges 45% off Select Room 1 2 3 4 5 6 7 8 9 10 More Info lebua Suite River View-breakfast King Bed River View Room Size 66.00 Sq. Mtr. Non-Smoking Non-Refundable Including Breakfast Special Offer USD 322.50 USD 164.48 USD 193.59 Including Taxes & Charges 49% off Select Room 1 2 3 4 5 6 7 8 9 10 USD 322.50 USD 164.48 USD 193.59 Including Taxes & Charges 49% off Select Room 1 2 3 4 5 6 7 8 9 10 Non-Refundable Including Breakfast Special Offer USD 322.50 USD 177.38 USD 208.77 Including Taxes & Charges 45% off Select Room 1 2 3 4 5 6 7 8 9 10 USD 322.50 USD 177.38 USD 208.77 Including Taxes & Charges 45% off Select Room 1 2 3 4 5 6 7 8 9 10 More Info Premium Suite City View-breakfast King Bed 2 Single Beds City View Room Size 66.00 Sq. Mtr. Non-Smoking Non-Refundable Including Breakfast Special Offer USD 324.02 USD 165.25 USD 194.50 Including Taxes & Charges 49% off Select Room 1 2 3 4 5 6 7 8 9 10 USD 324.02 USD 165.25 USD 194.50 Including Taxes & Charges 49% off Select Room 1 2 3 4 5 6 7 8 9 10 Non-Refundable Including Breakfast Special Offer USD 324.02 USD 178.21 USD 209.76 Including Taxes & Charges 45% off Select Room 1 2 3 4 5 6 7 8 9 10 USD 324.02 USD 178.21 USD 209.76 Including Taxes & Charges 45% off Select Room 1 2 3 4 5 6 7 8 9 10 More Info Premium Suite River View-breakfast King Bed 2 Single Beds River View Room Size 66.00 Sq. Mtr. Non-Smoking Non-Refundable Including Breakfast Special Offer USD 342.26 USD 174.55 USD 205.45 Including Taxes & Charges 49% off Select Room 1 2 3 4 5 6 7 8 9 10 USD 342.26 USD 174.55 USD 205.45 Including Taxes & Charges 49% off Select Room 1 2 3 4 5 6 7 8 9 10 Non-Refundable Including Breakfast Special Offer USD 342.26 USD 188.24 USD 221.56 Including Taxes & Charges 45% off Select Room 1 2 3 4 5 6 7 8 9 10 USD 342.26 USD 188.24 USD 221.56 Including Taxes & Charges 45% off Select Room 1 2 3 4 5 6 7 8 9 10 More Info Tower Club Suite City V,rate_06d8f89d52fa99871a,,,,,,,21.83,,USD,未知,未知,2026-09-05,2026-09-06,https://www.bookmybooking.com/hotel-landing-page?childcount=0&roomcount=1&childage=&locationtype=country&checkInCheckOut=2026/09/05-2026/09/06&adultcount=2&hotel-id=5548,"{""优惠标签"": """", ""入住人数"": """", ""其他权益"": """", ""原价"": """", ""取消政策"": """", ""币种"": ""USD"", ""库存提示"": """", ""当前价"": ""21.83"", ""支付方式"": """", ""早餐"": """", ""确认政策"": """", ""税费"": """"}",R,R,已隔离,否,已知语义误采平台待修复；价格计价单位未确认；税费包含状态未确认；尚未通过T4人工复核,c5980c4b1bae34d02485ec9ccd25e622dd0b3bfd1987783c30e16b8cb1cfed5b,99c5bf517124dbffdfa71410ba105347d0fed1b32673237984df6c5593cb0818,20260906-092202-csv-fb22d95c,,,,
5ebc64b3e17458edd2c0967fc7ed9d203964a56e327cadf475ae65bb5dff3515,ChIJCWbW7MWY4jARuQATRiSHlA0,lebua at State Tower,bookmybooking,BookMyBooking.com,5548,room_d2b4d9561c815e1e1b,No Room Selected,King Bed,,,,,No Room Selected Add To Continue More Info lebua Suite City View-breakfast King Bed 2 Single Beds City View Room Size 66.00 Sq. Mtr. Non-Smoking Non-Refundable Including Breakfast Special Offer USD 304.26 USD 155.17 USD 182.64 Including Taxes & Charges 49% off Select Room 1 2 3 4 5 6 7 8 9 10 USD 304.26 USD 155.17 USD 182.64 Including Taxes & Charges 49% off Select Room 1 2 3 4 5 6 7 8 9 10 Non-Refundable Including Breakfast Special Offer USD 304.26 USD 167.35 USD 196.97 Including Taxes & Charges 45% off Select Room 1 2 3 4 5 6 7 8 9 10 USD 304.26 USD 167.35 USD 196.97 Including Taxes & Charges 45% off Select Room 1 2 3 4 5 6 7 8 9 10 More Info lebua Suite River View-breakfast King Bed River View Room Size 66.00 Sq. Mtr. Non-Smoking Non-Refundable Including Breakfast Special Offer USD 322.50 USD 164.48 USD 193.59 Including Taxes & Charges 49% off Select Room 1 2 3 4 5 6 7 8 9 10 USD 322.50 USD 164.48 USD 193.59 Including Taxes & Charges 49% off Select Room 1 2 3 4 5 6 7 8 9 10 Non-Refundable Including Breakfast Special Offer USD 322.50 USD 177.38 USD 208.77 Including Taxes & Charges 45% off Select Room 1 2 3 4 5 6 7 8 9 10 USD 322.50 USD 177.38 USD 208.77 Including Taxes & Charges 45% off Select Room 1 2 3 4 5 6 7 8 9 10 More Info Premium Suite City View-breakfast King Bed 2 Single Beds City View Room Size 66.00 Sq. Mtr. Non-Smoking Non-Refundable Including Breakfast Special Offer USD 324.02 USD 165.25 USD 194.50 Including Taxes & Charges 49% off Select Room 1 2 3 4 5 6 7 8 9 10 USD 324.02 USD 165.25 USD 194.50 Including Taxes & Charges 49% off Select Room 1 2 3 4 5 6 7 8 9 10 Non-Refundable Including Breakfast Special Offer USD 324.02 USD 178.21 USD 209.76 Including Taxes & Charges 45% off Select Room 1 2 3 4 5 6 7 8 9 10 USD 324.02 USD 178.21 USD 209.76 Including Taxes & Charges 45% off Select Room 1 2 3 4 5 6 7 8 9 10 More Info Premium Suite River View-breakfast King Bed 2 Single Beds River View Room Size 66.00 Sq. Mtr. Non-Smoking Non-Refundable Including Breakfast Special Offer USD 342.26 USD 174.55 USD 205.45 Including Taxes & Charges 49% off Select Room 1 2 3 4 5 6 7 8 9 10 USD 342.26 USD 174.55 USD 205.45 Including Taxes & Charges 49% off Select Room 1 2 3 4 5 6 7 8 9 10 Non-Refundable Including Breakfast Special Offer USD 342.26 USD 188.24 USD 221.56 Including Taxes & Charges 45% off Select Room 1 2 3 4 5 6 7 8 9 10 USD 342.26 USD 188.24 USD 221.56 Including Taxes & Charges 45% off Select Room 1 2 3 4 5 6 7 8 9 10 More Info Tower Club Suite City V,rate_13af4fe331fa76e755,,,,,,,63.22,,USD,未知,未知,2026-09-05,2026-09-06,https://www.bookmybooking.com/hotel-landing-page?childcount=0&roomcount=1&childage=&locationtype=country&checkInCheckOut=2026/09/05-2026/09/06&adultcount=2&hotel-id=5548,"{""优惠标签"": """", ""入住人数"": """", ""其他权益"": """", ""原价"": """", ""取消政策"": """", ""币种"": ""USD"", ""库存提示"": """", ""当前价"": ""63.22"", ""支付方式"": """", ""早餐"": """", ""确认政策"": """", ""税费"": """"}",R,R,已隔离,否,已知语义误采平台待修复；价格计价单位未确认；税费包含状态未确认；尚未通过T4人工复核,c5980c4b1bae34d02485ec9ccd25e622dd0b3bfd1987783c30e16b8cb1cfed5b,ff8b500e1cc3680d7c9d3a050a7f7f4d419727f8ce33ede17e156c0c9c51d061,20260906-092202-csv-fb22d95c,,,,
7198156f21c5fe44a4270058a6f3a59691839faa0e3f846f053bf0fa65089d17,ChIJCWbW7MWY4jARuQATRiSHlA0,lebua at State Tower,bookmybooking,BookMyBooking.com,5548,room_d2b4d9561c815e1e1b,No Room Selected,King Bed,,,,,No Room Selected Add To Continue More Info lebua Suite City View-breakfast King Bed 2 Single Beds City View Room Size 66.00 Sq. Mtr. Non-Smoking Non-Refundable Including Breakfast Special Offer USD 304.26 USD 155.17 USD 182.64 Including Taxes & Charges 49% off Select Room 1 2 3 4 5 6 7 8 9 10 USD 304.26 USD 155.17 USD 182.64 Including Taxes & Charges 49% off Select Room 1 2 3 4 5 6 7 8 9 10 Non-Refundable Including Breakfast Special Offer USD 304.26 USD 167.35 USD 196.97 Including Taxes & Charges 45% off Select Room 1 2 3 4 5 6 7 8 9 10 USD 304.26 USD 167.35 USD 196.97 Including Taxes & Charges 45% off Select Room 1 2 3 4 5 6 7 8 9 10 More Info lebua Suite River View-breakfast King Bed River View Room Size 66.00 Sq. Mtr. Non-Smoking Non-Refundable Including Breakfast Special Offer USD 322.50 USD 164.48 USD 193.59 Including Taxes & Charges 49% off Select Room 1 2 3 4 5 6 7 8 9 10 USD 322.50 USD 164.48 USD 193.59 Including Taxes & Charges 49% off Select Room 1 2 3 4 5 6 7 8 9 10 Non-Refundable Including Breakfast Special Offer USD 322.50 USD 177.38 USD 208.77 Including Taxes & Charges 45% off Select Room 1 2 3 4 5 6 7 8 9 10 USD 322.50 USD 177.38 USD 208.77 Including Taxes & Charges 45% off Select Room 1 2 3 4 5 6 7 8 9 10 More Info Premium Suite City View-breakfast King Bed 2 Single Beds City View Room Size 66.00 Sq. Mtr. Non-Smoking Non-Refundable Including Breakfast Special Offer USD 324.02 USD 165.25 USD 194.50 Including Taxes & Charges 49% off Select Room 1 2 3 4 5 6 7 8 9 10 USD 324.02 USD 165.25 USD 194.50 Including Taxes & Charges 49% off Select Room 1 2 3 4 5 6 7 8 9 10 Non-Refundable Including Breakfast Special Offer USD 324.02 USD 178.21 USD 209.76 Including Taxes & Charges 45% off Select Room 1 2 3 4 5 6 7 8 9 10 USD 324.02 USD 178.21 USD 209.76 Including Taxes & Charges 45% off Select Room 1 2 3 4 5 6 7 8 9 10 More Info Premium Suite River View-breakfast King Bed 2 Single Beds River View Room Size 66.00 Sq. Mtr. Non-Smoking Non-Refundable Including Breakfast Special Offer USD 342.26 USD 174.55 USD 205.45 Including Taxes & Charges 49% off Select Room 1 2 3 4 5 6 7 8 9 10 USD 342.26 USD 174.55 USD 205.45 Including Taxes & Charges 49% off Select Room 1 2 3 4 5 6 7 8 9 10 Non-Refundable Including Breakfast Special Offer USD 342.26 USD 188.24 USD 221.56 Including Taxes & Charges 45% off Select Room 1 2 3 4 5 6 7 8 9 10 USD 342.26 USD 188.24 USD 221.56 Including Taxes & Charges 45% off Select Room 1 2 3 4 5 6 7 8 9 10 More Info Tower Club Suite City V,rate_1a0059366578a5a085,,,,,,,13.72,,USD,未知,未知,2026-09-05,2026-09-06,https://www.bookmybooking.com/hotel-landing-page?childcount=0&roomcount=1&childage=&locationtype=country&checkInCheckOut=2026/09/05-2026/09/06&adultcount=2&hotel-id=5548,"{""优惠标签"": """", ""入住人数"": """", ""其他权益"": """", ""原价"": """", ""取消政策"": """", ""币种"": ""USD"", ""库存提示"": """", ""当前价"": ""13.72"", ""支付方式"": """", ""早餐"": """", ""确认政策"": """", ""税费"": """"}",R,R,已隔离,否,已知语义误采平台待修复；价格计价单位未确认；税费包含状态未确认；尚未通过T4人工复核,c5980c4b1bae34d02485ec9ccd25e622dd0b3bfd1987783c30e16b8cb1cfed5b,6947a7a17b53a32af10b2c0115932d7e2a5eaa7672a445429f86ef0d15321f86,20260906-092202-csv-fb22d95c,,,,
ebcb6caa9f29c4072117ca08041fe44751ba55364ade0355f3a8038a24c33c66,ChIJCWbW7MWY4jARuQATRiSHlA0,lebua at State Tower,bookmybooking,BookMyBooking.com,5548,room_d2b4d9561c815e1e1b,No Room Selected,King Bed,,,,,No Room Selected Add To Continue More Info lebua Suite City View-breakfast King Bed 2 Single Beds City View Room Size 66.00 Sq. Mtr. Non-Smoking Non-Refundable Including Breakfast Special Offer USD 304.26 USD 155.17 USD 182.64 Including Taxes & Charges 49% off Select Room 1 2 3 4 5 6 7 8 9 10 USD 304.26 USD 155.17 USD 182.64 Including Taxes & Charges 49% off Select Room 1 2 3 4 5 6 7 8 9 10 Non-Refundable Including Breakfast Special Offer USD 304.26 USD 167.35 USD 196.97 Including Taxes & Charges 45% off Select Room 1 2 3 4 5 6 7 8 9 10 USD 304.26 USD 167.35 USD 196.97 Including Taxes & Charges 45% off Select Room 1 2 3 4 5 6 7 8 9 10 More Info lebua Suite River View-breakfast King Bed River View Room Size 66.00 Sq. Mtr. Non-Smoking Non-Refundable Including Breakfast Special Offer USD 322.50 USD 164.48 USD 193.59 Including Taxes & Charges 49% off Select Room 1 2 3 4 5 6 7 8 9 10 USD 322.50 USD 164.48 USD 193.59 Including Taxes & Charges 49% off Select Room 1 2 3 4 5 6 7 8 9 10 Non-Refundable Including Breakfast Special Offer USD 322.50 USD 177.38 USD 208.77 Including Taxes & Charges 45% off Select Room 1 2 3 4 5 6 7 8 9 10 USD 322.50 USD 177.38 USD 208.77 Including Taxes & Charges 45% off Select Room 1 2 3 4 5 6 7 8 9 10 More Info Premium Suite City View-breakfast King Bed 2 Single Beds City View Room Size 66.00 Sq. Mtr. Non-Smoking Non-Refundable Including Breakfast Special Offer USD 324.02 USD 165.25 USD 194.50 Including Taxes & Charges 49% off Select Room 1 2 3 4 5 6 7 8 9 10 USD 324.02 USD 165.25 USD 194.50 Including Taxes & Charges 49% off Select Room 1 2 3 4 5 6 7 8 9 10 Non-Refundable Including Breakfast Special Offer USD 324.02 USD 178.21 USD 209.76 Including Taxes & Charges 45% off Select Room 1 2 3 4 5 6 7 8 9 10 USD 324.02 USD 178.21 USD 209.76 Including Taxes & Charges 45% off Select Room 1 2 3 4 5 6 7 8 9 10 More Info Premium Suite River View-breakfast King Bed 2 Single Beds River View Room Size 66.00 Sq. Mtr. Non-Smoking Non-Refundable Including Breakfast Special Offer USD 342.26 USD 174.55 USD 205.45 Including Taxes & Charges 49% off Select Room 1 2 3 4 5 6 7 8 9 10 USD 342.26 USD 174.55 USD 205.45 Including Taxes & Charges 49% off Select Room 1 2 3 4 5 6 7 8 9 10 Non-Refundable Including Breakfast Special Offer USD 342.26 USD 188.24 USD 221.56 Including Taxes & Charges 45% off Select Room 1 2 3 4 5 6 7 8 9 10 USD 342.26 USD 188.24 USD 221.56 Including Taxes & Charges 45% off Select Room 1 2 3 4 5 6 7 8 9 10 More Info Tower Club Suite City V,rate_207af90f5f297a34c2,,,,,,,17.46,,USD,未知,未知,2026-09-05,2026-09-06,https://www.bookmybooking.com/hotel-landing-page?childcount=0&roomcount=1&childage=&locationtype=country&checkInCheckOut=2026/09/05-2026/09/06&adultcount=2&hotel-id=5548,"{""优惠标签"": """", ""入住人数"": """", ""其他权益"": """", ""原价"": """", ""取消政策"": """", ""币种"": ""USD"", ""库存提示"": """", ""当前价"": ""17.46"", ""支付方式"": """", ""早餐"": """", ""确认政策"": """", ""税费"": """"}",R,R,已隔离,否,已知语义误采平台待修复；价格计价单位未确认；税费包含状态未确认；尚未通过T4人工复核,c5980c4b1bae34d02485ec9ccd25e622dd0b3bfd1987783c30e16b8cb1cfed5b,f1a5e76d864122e46914c0966764d2f77d42872886daf7a50b79a8b8b3d6e729,20260906-092202-csv-fb22d95c,,,,
7e87d5a7accd8346912db36be2f511c804472828a9a4593c551a5bd29980b785,ChIJCWbW7MWY4jARuQATRiSHlA0,lebua at State Tower,bookmybooking,BookMyBooking.com,5548,room_d2b4d9561c815e1e1b,No Room Selected,King Bed,,,,,No Room Selected Add To Continue More Info lebua Suite City View-breakfast King Bed 2 Single Beds City View Room Size 66.00 Sq. Mtr. Non-Smoking Non-Refundable Including Breakfast Special Offer USD 304.26 USD 155.17 USD 182.64 Including Taxes & Charges 49% off Select Room 1 2 3 4 5 6 7 8 9 10 USD 304.26 USD 155.17 USD 182.64 Including Taxes & Charges 49% off Select Room 1 2 3 4 5 6 7 8 9 10 Non-Refundable Including Breakfast Special Offer USD 304.26 USD 167.35 USD 196.97 Including Taxes & Charges 45% off Select Room 1 2 3 4 5 6 7 8 9 10 USD 304.26 USD 167.35 USD 196.97 Including Taxes & Charges 45% off Select Room 1 2 3 4 5 6 7 8 9 10 More Info lebua Suite River View-breakfast King Bed River View Room Size 66.00 Sq. Mtr. Non-Smoking Non-Refundable Including Breakfast Special Offer USD 322.50 USD 164.48 USD 193.59 Including Taxes & Charges 49% off Select Room 1 2 3 4 5 6 7 8 9 10 USD 322.50 USD 164.48 USD 193.59 Including Taxes & Charges 49% off Select Room 1 2 3 4 5 6 7 8 9 10 Non-Refundable Including Breakfast Special Offer USD 322.50 USD 177.38 USD 208.77 Including Taxes & Charges 45% off Select Room 1 2 3 4 5 6 7 8 9 10 USD 322.50 USD 177.38 USD 208.77 Including Taxes & Charges 45% off Select Room 1 2 3 4 5 6 7 8 9 10 More Info Premium Suite City View-breakfast King Bed 2 Single Beds City View Room Size 66.00 Sq. Mtr. Non-Smoking Non-Refundable Including Breakfast Special Offer USD 324.02 USD 165.25 USD 194.50 Including Taxes & Charges 49% off Select Room 1 2 3 4 5 6 7 8 9 10 USD 324.02 USD 165.25 USD 194.50 Including Taxes & Charges 49% off Select Room 1 2 3 4 5 6 7 8 9 10 Non-Refundable Including Breakfast Special Offer USD 324.02 USD 178.21 USD 209.76 Including Taxes & Charges 45% off Select Room 1 2 3 4 5 6 7 8 9 10 USD 324.02 USD 178.21 USD 209.76 Including Taxes & Charges 45% off Select Room 1 2 3 4 5 6 7 8 9 10 More Info Premium Suite River View-breakfast King Bed 2 Single Beds River View Room Size 66.00 Sq. Mtr. Non-Smoking Non-Refundable Including Breakfast Special Offer USD 342.26 USD 174.55 USD 205.45 Including Taxes & Charges 49% off Select Room 1 2 3 4 5 6 7 8 9 10 USD 342.26 USD 174.55 USD 205.45 Including Taxes & Charges 49% off Select Room 1 2 3 4 5 6 7 8 9 10 Non-Refundable Including Breakfast Special Offer USD 342.26 USD 188.24 USD 221.56 Including Taxes & Charges 45% off Select Room 1 2 3 4 5 6 7 8 9 10 USD 342.26 USD 188.24 USD 221.56 Including Taxes & Charges 45% off Select Room 1 2 3 4 5 6 7 8 9 10 More Info Tower Club Suite City V,rate_2df101a888f443f7fb,,,,,,,12.89,,USD,未知,未知,2026-09-05,2026-09-06,https://www.bookmybooking.com/hotel-landing-page?childcount=0&roomcount=1&childage=&locationtype=country&checkInCheckOut=2026/09/05-2026/09/06&adultcount=2&hotel-id=5548,"{""优惠标签"": """", ""入住人数"": """", ""其他权益"": """", ""原价"": """", ""取消政策"": """", ""币种"": ""USD"", ""库存提示"": """", ""当前价"": ""12.89"", ""支付方式"": """", ""早餐"": """", ""确认政策"": """", ""税费"": """"}",R,R,已隔离,否,已知语义误采平台待修复；价格计价单位未确认；税费包含状态未确认；尚未通过T4人工复核,c5980c4b1bae34d02485ec9ccd25e622dd0b3bfd1987783c30e16b8cb1cfed5b,ff55909b8f02ffef69a4080d83d81019b131ce77c0633c6fb59514326c983648,20260906-092202-csv-fb22d95c,,,,
2ebc09ed5f682dd84bdce73d09da2f7adaba398479fea03c3128ef4a5ef5a4a7,ChIJCWbW7MWY4jARuQATRiSHlA0,lebua at State Tower,bookmybooking,BookMyBooking.com,5548,room_d2b4d9561c815e1e1b,No Room Selected,King Bed,,,,,No Room Selected Add To Continue More Info lebua Suite City View-breakfast King Bed 2 Single Beds City View Room Size 66.00 Sq. Mtr. Non-Smoking Non-Refundable Including Breakfast Special Offer USD 304.26 USD 155.17 USD 182.64 Including Taxes & Charges 49% off Select Room 1 2 3 4 5 6 7 8 9 10 USD 304.26 USD 155.17 USD 182.64 Including Taxes & Charges 49% off Select Room 1 2 3 4 5 6 7 8 9 10 Non-Refundable Including Breakfast Special Offer USD 304.26 USD 167.35 USD 196.97 Including Taxes & Charges 45% off Select Room 1 2 3 4 5 6 7 8 9 10 USD 304.26 USD 167.35 USD 196.97 Including Taxes & Charges 45% off Select Room 1 2 3 4 5 6 7 8 9 10 More Info lebua Suite River View-breakfast King Bed River View Room Size 66.00 Sq. Mtr. Non-Smoking Non-Refundable Including Breakfast Special Offer USD 322.50 USD 164.48 USD 193.59 Including Taxes & Charges 49% off Select Room 1 2 3 4 5 6 7 8 9 10 USD 322.50 USD 164.48 USD 193.59 Including Taxes & Charges 49% off Select Room 1 2 3 4 5 6 7 8 9 10 Non-Refundable Including Breakfast Special Offer USD 322.50 USD 177.38 USD 208.77 Including Taxes & Charges 45% off Select Room 1 2 3 4 5 6 7 8 9 10 USD 322.50 USD 177.38 USD 208.77 Including Taxes & Charges 45% off Select Room 1 2 3 4 5 6 7 8 9 10 More Info Premium Suite City View-breakfast King Bed 2 Single Beds City View Room Size 66.00 Sq. Mtr. Non-Smoking Non-Refundable Including Breakfast Special Offer USD 324.02 USD 165.25 USD 194.50 Including Taxes & Charges 49% off Select Room 1 2 3 4 5 6 7 8 9 10 USD 324.02 USD 165.25 USD 194.50 Including Taxes & Charges 49% off Select Room 1 2 3 4 5 6 7 8 9 10 Non-Refundable Including Breakfast Special Offer USD 324.02 USD 178.21 USD 209.76 Including Taxes & Charges 45% off Select Room 1 2 3 4 5 6 7 8 9 10 USD 324.02 USD 178.21 USD 209.76 Including Taxes & Charges 45% off Select Room 1 2 3 4 5 6 7 8 9 10 More Info Premium Suite River View-breakfast King Bed 2 Single Beds River View Room Size 66.00 Sq. Mtr. Non-Smoking Non-Refundable Including Breakfast Special Offer USD 342.26 USD 174.55 USD 205.45 Including Taxes & Charges 49% off Select Room 1 2 3 4 5 6 7 8 9 10 USD 342.26 USD 174.55 USD 205.45 Including Taxes & Charges 49% off Select Room 1 2 3 4 5 6 7 8 9 10 Non-Refundable Including Breakfast Special Offer USD 342.26 USD 188.24 USD 221.56 Including Taxes & Charges 45% off Select Room 1 2 3 4 5 6 7 8 9 10 USD 342.26 USD 188.24 USD 221.56 Including Taxes & Charges 45% off Select Room 1 2 3 4 5 6 7 8 9 10 More Info Tower Club Suite City V,rate_3f508dc5d7d902a5f0,,,,,,,21.49,,USD,未知,未知,2026-09-05,2026-09-06,https://www.bookmybooking.com/hotel-landing-page?childcount=0&roomcount=1&childage=&locationtype=country&checkInCheckOut=2026/09/05-2026/09/06&adultcount=2&hotel-id=5548,"{""优惠标签"": """", ""入住人数"": """", ""其他权益"": """", ""原价"": """", ""取消政策"": """", ""币种"": ""USD"", ""库存提示"": """", ""当前价"": ""21.49"", ""支付方式"": """", ""早餐"": """", ""确认政策"": """", ""税费"": """"}",R,R,已隔离,否,已知语义误采平台待修复；价格计价单位未确认；税费包含状态未确认；尚未通过T4人工复核,c5980c4b1bae34d02485ec9ccd25e622dd0b3bfd1987783c30e16b8cb1cfed5b,370986d80f6b522823129c275147a4309aef8ac24818a2774134f0de929ce566,20260906-092202-csv-fb22d95c,,,,
9251a0c76982c43bb88887e5866faf2194f4ed198b43a564cac413ec24bf4ab8,ChIJCWbW7MWY4jARuQATRiSHlA0,lebua at State Tower,bookmybooking,BookMyBooking.com,5548,room_d2b4d9561c815e1e1b,No Room Selected,King Bed,,,,,No Room Selected Add To Continue More Info lebua Suite City View-breakfast King Bed 2 Single Beds City View Room Size 66.00 Sq. Mtr. Non-Smoking Non-Refundable Including Breakfast Special Offer USD 304.26 USD 155.17 USD 182.64 Including Taxes & Charges 49% off Select Room 1 2 3 4 5 6 7 8 9 10 USD 304.26 USD 155.17 USD 182.64 Including Taxes & Charges 49% off Select Room 1 2 3 4 5 6 7 8 9 10 Non-Refundable Including Breakfast Special Offer USD 304.26 USD 167.35 USD 196.97 Including Taxes & Charges 45% off Select Room 1 2 3 4 5 6 7 8 9 10 USD 304.26 USD 167.35 USD 196.97 Including Taxes & Charges 45% off Select Room 1 2 3 4 5 6 7 8 9 10 More Info lebua Suite River View-breakfast King Bed River View Room Size 66.00 Sq. Mtr. Non-Smoking Non-Refundable Including Breakfast Special Offer USD 322.50 USD 164.48 USD 193.59 Including Taxes & Charges 49% off Select Room 1 2 3 4 5 6 7 8 9 10 USD 322.50 USD 164.48 USD 193.59 Including Taxes & Charges 49% off Select Room 1 2 3 4 5 6 7 8 9 10 Non-Refundable Including Breakfast Special Offer USD 322.50 USD 177.38 USD 208.77 Including Taxes & Charges 45% off Select Room 1 2 3 4 5 6 7 8 9 10 USD 322.50 USD 177.38 USD 208.77 Including Taxes & Charges 45% off Select Room 1 2 3 4 5 6 7 8 9 10 More Info Premium Suite City View-breakfast King Bed 2 Single Beds City View Room Size 66.00 Sq. Mtr. Non-Smoking Non-Refundable Including Breakfast Special Offer USD 324.02 USD 165.25 USD 194.50 Including Taxes & Charges 49% off Select Room 1 2 3 4 5 6 7 8 9 10 USD 324.02 USD 165.25 USD 194.50 Including Taxes & Charges 49% off Select Room 1 2 3 4 5 6 7 8 9 10 Non-Refundable Including Breakfast Special Offer USD 324.02 USD 178.21 USD 209.76 Including Taxes & Charges 45% off Select Room 1 2 3 4 5 6 7 8 9 10 USD 324.02 USD 178.21 USD 209.76 Including Taxes & Charges 45% off Select Room 1 2 3 4 5 6 7 8 9 10 More Info Premium Suite River View-breakfast King Bed 2 Single Beds River View Room Size 66.00 Sq. Mtr. Non-Smoking Non-Refundable Including Breakfast Special Offer USD 342.26 USD 174.55 USD 205.45 Including Taxes & Charges 49% off Select Room 1 2 3 4 5 6 7 8 9 10 USD 342.26 USD 174.55 USD 205.45 Including Taxes & Charges 49% off Select Room 1 2 3 4 5 6 7 8 9 10 Non-Refundable Including Breakfast Special Offer USD 342.26 USD 188.24 USD 221.56 Including Taxes & Charges 45% off Select Room 1 2 3 4 5 6 7 8 9 10 USD 342.26 USD 188.24 USD 221.56 Including Taxes & Charges 45% off Select Room 1 2 3 4 5 6 7 8 9 10 More Info Tower Club Suite City V,rate_431d51f4e537e9dd96,,,,,,,16.81,,USD,未知,未知,2026-09-05,2026-09-06,https://www.bookmybooking.com/hotel-landing-page?childcount=0&roomcount=1&childage=&locationtype=country&checkInCheckOut=2026/09/05-2026/09/06&adultcount=2&hotel-id=5548,"{""优惠标签"": """", ""入住人数"": """", ""其他权益"": """", ""原价"": """", ""取消政策"": """", ""币种"": ""USD"", ""库存提示"": """", ""当前价"": ""16.81"", ""支付方式"": """", ""早餐"": """", ""确认政策"": """", ""税费"": """"}",R,R,已隔离,否,已知语义误采平台待修复；价格计价单位未确认；税费包含状态未确认；尚未通过T4人工复核,c5980c4b1bae34d02485ec9ccd25e622dd0b3bfd1987783c30e16b8cb1cfed5b,56a8b5ec152bdbc5bcc316b7c05a2310571db749ffb104cbec295c6c751ede3b,20260906-092202-csv-fb22d95c,,,,
27d2b9a642740bb89db9f21108ac733c4e9bc23578be351d79acb9e8442744f2,ChIJCWbW7MWY4jARuQATRiSHlA0,lebua at State Tower,bookmybooking,BookMyBooking.com,5548,room_d2b4d9561c815e1e1b,No Room Selected,King Bed,,,,,No Room Selected Add To Continue More Info lebua Suite City View-breakfast King Bed 2 Single Beds City View Room Size 66.00 Sq. Mtr. Non-Smoking Non-Refundable Including Breakfast Special Offer USD 304.26 USD 155.17 USD 182.64 Including Taxes & Charges 49% off Select Room 1 2 3 4 5 6 7 8 9 10 USD 304.26 USD 155.17 USD 182.64 Including Taxes & Charges 49% off Select Room 1 2 3 4 5 6 7 8 9 10 Non-Refundable Including Breakfast Special Offer USD 304.26 USD 167.35 USD 196.97 Including Taxes & Charges 45% off Select Room 1 2 3 4 5 6 7 8 9 10 USD 304.26 USD 167.35 USD 196.97 Including Taxes & Charges 45% off Select Room 1 2 3 4 5 6 7 8 9 10 More Info lebua Suite River View-breakfast King Bed River View Room Size 66.00 Sq. Mtr. Non-Smoking Non-Refundable Including Breakfast Special Offer USD 322.50 USD 164.48 USD 193.59 Including Taxes & Charges 49% off Select Room 1 2 3 4 5 6 7 8 9 10 USD 322.50 USD 164.48 USD 193.59 Including Taxes & Charges 49% off Select Room 1 2 3 4 5 6 7 8 9 10 Non-Refundable Including Breakfast Special Offer USD 322.50 USD 177.38 USD 208.77 Including Taxes & Charges 45% off Select Room 1 2 3 4 5 6 7 8 9 10 USD 322.50 USD 177.38 USD 208.77 Including Taxes & Charges 45% off Select Room 1 2 3 4 5 6 7 8 9 10 More Info Premium Suite City View-breakfast King Bed 2 Single Beds City View Room Size 66.00 Sq. Mtr. Non-Smoking Non-Refundable Including Breakfast Special Offer USD 324.02 USD 165.25 USD 194.50 Including Taxes & Charges 49% off Select Room 1 2 3 4 5 6 7 8 9 10 USD 324.02 USD 165.25 USD 194.50 Including Taxes & Charges 49% off Select Room 1 2 3 4 5 6 7 8 9 10 Non-Refundable Including Breakfast Special Offer USD 324.02 USD 178.21 USD 209.76 Including Taxes & Charges 45% off Select Room 1 2 3 4 5 6 7 8 9 10 USD 324.02 USD 178.21 USD 209.76 Including Taxes & Charges 45% off Select Room 1 2 3 4 5 6 7 8 9 10 More Info Premium Suite River View-breakfast King Bed 2 Single Beds River View Room Size 66.00 Sq. Mtr. Non-Smoking Non-Refundable Including Breakfast Special Offer USD 342.26 USD 174.55 USD 205.45 Including Taxes & Charges 49% off Select Room 1 2 3 4 5 6 7 8 9 10 USD 342.26 USD 174.55 USD 205.45 Including Taxes & Charges 49% off Select Room 1 2 3 4 5 6 7 8 9 10 Non-Refundable Including Breakfast Special Offer USD 342.26 USD 188.24 USD 221.56 Including Taxes & Charges 45% off Select Room 1 2 3 4 5 6 7 8 9 10 USD 342.26 USD 188.24 USD 221.56 Including Taxes & Charges 45% off Select Room 1 2 3 4 5 6 7 8 9 10 More Info Tower Club Suite City V,rate_4d48d1ff9dc3a54855,,,,,,,16.53,,USD,未知,未知,2026-09-05,2026-09-06,https://www.bookmybooking.com/hotel-landing-page?childcount=0&roomcount=1&childage=&locationtype=country&checkInCheckOut=2026/09/05-2026/09/06&adultcount=2&hotel-id=5548,"{""优惠标签"": """", ""入住人数"": """", ""其他权益"": """", ""原价"": """", ""取消政策"": """", ""币种"": ""USD"", ""库存提示"": """", ""当前价"": ""16.53"", ""支付方式"": """", ""早餐"": """", ""确认政策"": """", ""税费"": """"}",R,R,已隔离,否,已知语义误采平台待修复；价格计价单位未确认；税费包含状态未确认；尚未通过T4人工复核,c5980c4b1bae34d02485ec9ccd25e622dd0b3bfd1987783c30e16b8cb1cfed5b,e3b731db20aa0662fcb5d16230382951734ed91e34d59c5f5efa2adf22915ad2,20260906-092202-csv-fb22d95c,,,,
09989b5b801aac384915a84c4fe9f924e34005f4cd6db891523329647d0202d2,ChIJCWbW7MWY4jARuQATRiSHlA0,lebua at State Tower,bookmybooking,BookMyBooking.com,5548,room_d2b4d9561c815e1e1b,No Room Selected,King Bed,,,,,No Room Selected Add To Continue More Info lebua Suite City View-breakfast King Bed 2 Single Beds City View Room Size 66.00 Sq. Mtr. Non-Smoking Non-Refundable Including Breakfast Special Offer USD 304.26 USD 155.17 USD 182.64 Including Taxes & Charges 49% off Select Room 1 2 3 4 5 6 7 8 9 10 USD 304.26 USD 155.17 USD 182.64 Including Taxes & Charges 49% off Select Room 1 2 3 4 5 6 7 8 9 10 Non-Refundable Including Breakfast Special Offer USD 304.26 USD 167.35 USD 196.97 Including Taxes & Charges 45% off Select Room 1 2 3 4 5 6 7 8 9 10 USD 304.26 USD 167.35 USD 196.97 Including Taxes & Charges 45% off Select Room 1 2 3 4 5 6 7 8 9 10 More Info lebua Suite River View-breakfast King Bed River View Room Size 66.00 Sq. Mtr. Non-Smoking Non-Refundable Including Breakfast Special Offer USD 322.50 USD 164.48 USD 193.59 Including Taxes & Charges 49% off Select Room 1 2 3 4 5 6 7 8 9 10 USD 322.50 USD 164.48 USD 193.59 Including Taxes & Charges 49% off Select Room 1 2 3 4 5 6 7 8 9 10 Non-Refundable Including Breakfast Special Offer USD 322.50 USD 177.38 USD 208.77 Including Taxes & Charges 45% off Select Room 1 2 3 4 5 6 7 8 9 10 USD 322.50 USD 177.38 USD 208.77 Including Taxes & Charges 45% off Select Room 1 2 3 4 5 6 7 8 9 10 More Info Premium Suite City View-breakfast King Bed 2 Single Beds City View Room Size 66.00 Sq. Mtr. Non-Smoking Non-Refundable Including Breakfast Special Offer USD 324.02 USD 165.25 USD 194.50 Including Taxes & Charges 49% off Select Room 1 2 3 4 5 6 7 8 9 10 USD 324.02 USD 165.25 USD 194.50 Including Taxes & Charges 49% off Select Room 1 2 3 4 5 6 7 8 9 10 Non-Refundable Including Breakfast Special Offer USD 324.02 USD 178.21 USD 209.76 Including Taxes & Charges 45% off Select Room 1 2 3 4 5 6 7 8 9 10 USD 324.02 USD 178.21 USD 209.76 Including Taxes & Charges 45% off Select Room 1 2 3 4 5 6 7 8 9 10 More Info Premium Suite River View-breakfast King Bed 2 Single Beds River View Room Size 66.00 Sq. Mtr. Non-Smoking Non-Refundable Including Breakfast Special Offer USD 342.26 USD 174.55 USD 205.45 Including Taxes & Charges 49% off Select Room 1 2 3 4 5 6 7 8 9 10 USD 342.26 USD 174.55 USD 205.45 Including Taxes & Charges 49% off Select Room 1 2 3 4 5 6 7 8 9 10 Non-Refundable Including Breakfast Special Offer USD 342.26 USD 188.24 USD 221.56 Including Taxes & Charges 45% off Select Room 1 2 3 4 5 6 7 8 9 10 USD 342.26 USD 188.24 USD 221.56 Including Taxes & Charges 45% off Select Room 1 2 3 4 5 6 7 8 9 10 More Info Tower Club Suite City V,rate_61210325f7f50b810f,,,,,,,82.10,,USD,未知,未知,2026-09-05,2026-09-06,https://www.bookmybooking.com/hotel-landing-page?childcount=0&roomcount=1&childage=&locationtype=country&checkInCheckOut=2026/09/05-2026/09/06&adultcount=2&hotel-id=5548,"{""优惠标签"": """", ""入住人数"": """", ""其他权益"": """", ""原价"": """", ""取消政策"": """", ""币种"": ""USD"", ""库存提示"": """", ""当前价"": ""82.10"", ""支付方式"": """", ""早餐"": """", ""确认政策"": """", ""税费"": """"}",R,R,已隔离,否,已知语义误采平台待修复；价格计价单位未确认；税费包含状态未确认；尚未通过T4人工复核,c5980c4b1bae34d02485ec9ccd25e622dd0b3bfd1987783c30e16b8cb1cfed5b,aa6f5b3a43dcfbbd60cb20c06a870be5ab1c598f3d294a42613b3a8faddb9953,20260906-092202-csv-fb22d95c,,,,
97dc1958c99372dbf38d154e437fb5a6b76c11ec16da63f356fcacb7ab330c70,ChIJCWbW7MWY4jARuQATRiSHlA0,lebua at State Tower,bookmybooking,BookMyBooking.com,5548,room_d2b4d9561c815e1e1b,No Room Selected,King Bed,,,,,No Room Selected Add To Continue More Info lebua Suite City View-breakfast King Bed 2 Single Beds City View Room Size 66.00 Sq. Mtr. Non-Smoking Non-Refundable Including Breakfast Special Offer USD 304.26 USD 155.17 USD 182.64 Including Taxes & Charges 49% off Select Room 1 2 3 4 5 6 7 8 9 10 USD 304.26 USD 155.17 USD 182.64 Including Taxes & Charges 49% off Select Room 1 2 3 4 5 6 7 8 9 10 Non-Refundable Including Breakfast Special Offer USD 304.26 USD 167.35 USD 196.97 Including Taxes & Charges 45% off Select Room 1 2 3 4 5 6 7 8 9 10 USD 304.26 USD 167.35 USD 196.97 Including Taxes & Charges 45% off Select Room 1 2 3 4 5 6 7 8 9 10 More Info lebua Suite River View-breakfast King Bed River View Room Size 66.00 Sq. Mtr. Non-Smoking Non-Refundable Including Breakfast Special Offer USD 322.50 USD 164.48 USD 193.59 Including Taxes & Charges 49% off Select Room 1 2 3 4 5 6 7 8 9 10 USD 322.50 USD 164.48 USD 193.59 Including Taxes & Charges 49% off Select Room 1 2 3 4 5 6 7 8 9 10 Non-Refundable Including Breakfast Special Offer USD 322.50 USD 177.38 USD 208.77 Including Taxes & Charges 45% off Select Room 1 2 3 4 5 6 7 8 9 10 USD 322.50 USD 177.38 USD 208.77 Including Taxes & Charges 45% off Select Room 1 2 3 4 5 6 7 8 9 10 More Info Premium Suite City View-breakfast King Bed 2 Single Beds City View Room Size 66.00 Sq. Mtr. Non-Smoking Non-Refundable Including Breakfast Special Offer USD 324.02 USD 165.25 USD 194.50 Including Taxes & Charges 49% off Select Room 1 2 3 4 5 6 7 8 9 10 USD 324.02 USD 165.25 USD 194.50 Including Taxes & Charges 49% off Select Room 1 2 3 4 5 6 7 8 9 10 Non-Refundable Including Breakfast Special Offer USD 324.02 USD 178.21 USD 209.76 Including Taxes & Charges 45% off Select Room 1 2 3 4 5 6 7 8 9 10 USD 324.02 USD 178.21 USD 209.76 Including Taxes & Charges 45% off Select Room 1 2 3 4 5 6 7 8 9 10 More Info Premium Suite River View-breakfast King Bed 2 Single Beds River View Room Size 66.00 Sq. Mtr. Non-Smoking Non-Refundable Including Breakfast Special Offer USD 342.26 USD 174.55 USD 205.45 Including Taxes & Charges 49% off Select Room 1 2 3 4 5 6 7 8 9 10 USD 342.26 USD 174.55 USD 205.45 Including Taxes & Charges 49% off Select Room 1 2 3 4 5 6 7 8 9 10 Non-Refundable Including Breakfast Special Offer USD 342.26 USD 188.24 USD 221.56 Including Taxes & Charges 45% off Select Room 1 2 3 4 5 6 7 8 9 10 USD 342.26 USD 188.24 USD 221.56 Including Taxes & Charges 45% off Select Room 1 2 3 4 5 6 7 8 9 10 More Info Tower Club Suite City V,rate_6454cb6d9e02eef139,,,,,,,15.52,,USD,未知,未知,2026-09-05,2026-09-06,https://www.bookmybooking.com/hotel-landing-page?childcount=0&roomcount=1&childage=&locationtype=country&checkInCheckOut=2026/09/05-2026/09/06&adultcount=2&hotel-id=5548,"{""优惠标签"": """", ""入住人数"": """", ""其他权益"": """", ""原价"": """", ""取消政策"": """", ""币种"": ""USD"", ""库存提示"": """", ""当前价"": ""15.52"", ""支付方式"": """", ""早餐"": """", ""确认政策"": """", ""税费"": """"}",R,R,已隔离,否,已知语义误采平台待修复；价格计价单位未确认；税费包含状态未确认；尚未通过T4人工复核,c5980c4b1bae34d02485ec9ccd25e622dd0b3bfd1987783c30e16b8cb1cfed5b,f09488a5518c01c12ae4340a188832e52e54a4f15f540a0f7af5150423db6e71,20260906-092202-csv-fb22d95c,,,,
785ff52b015c7c14379981ed53c72f762c22afce3db4f0d7019cf09f6c6bd9de,ChIJCWbW7MWY4jARuQATRiSHlA0,lebua at State Tower,bookmybooking,BookMyBooking.com,5548,room_d2b4d9561c815e1e1b,No Room Selected,King Bed,,,,,No Room Selected Add To Continue More Info lebua Suite City View-breakfast King Bed 2 Single Beds City View Room Size 66.00 Sq. Mtr. Non-Smoking Non-Refundable Including Breakfast Special Offer USD 304.26 USD 155.17 USD 182.64 Including Taxes & Charges 49% off Select Room 1 2 3 4 5 6 7 8 9 10 USD 304.26 USD 155.17 USD 182.64 Including Taxes & Charges 49% off Select Room 1 2 3 4 5 6 7 8 9 10 Non-Refundable Including Breakfast Special Offer USD 304.26 USD 167.35 USD 196.97 Including Taxes & Charges 45% off Select Room 1 2 3 4 5 6 7 8 9 10 USD 304.26 USD 167.35 USD 196.97 Including Taxes & Charges 45% off Select Room 1 2 3 4 5 6 7 8 9 10 More Info lebua Suite River View-breakfast King Bed River View Room Size 66.00 Sq. Mtr. Non-Smoking Non-Refundable Including Breakfast Special Offer USD 322.50 USD 164.48 USD 193.59 Including Taxes & Charges 49% off Select Room 1 2 3 4 5 6 7 8 9 10 USD 322.50 USD 164.48 USD 193.59 Including Taxes & Charges 49% off Select Room 1 2 3 4 5 6 7 8 9 10 Non-Refundable Including Breakfast Special Offer USD 322.50 USD 177.38 USD 208.77 Including Taxes & Charges 45% off Select Room 1 2 3 4 5 6 7 8 9 10 USD 322.50 USD 177.38 USD 208.77 Including Taxes & Charges 45% off Select Room 1 2 3 4 5 6 7 8 9 10 More Info Premium Suite City View-breakfast King Bed 2 Single Beds City View Room Size 66.00 Sq. Mtr. Non-Smoking Non-Refundable Including Breakfast Special Offer USD 324.02 USD 165.25 USD 194.50 Including Taxes & Charges 49% off Select Room 1 2 3 4 5 6 7 8 9 10 USD 324.02 USD 165.25 USD 194.50 Including Taxes & Charges 49% off Select Room 1 2 3 4 5 6 7 8 9 10 Non-Refundable Including Breakfast Special Offer USD 324.02 USD 178.21 USD 209.76 Including Taxes & Charges 45% off Select Room 1 2 3 4 5 6 7 8 9 10 USD 324.02 USD 178.21 USD 209.76 Including Taxes & Charges 45% off Select Room 1 2 3 4 5 6 7 8 9 10 More Info Premium Suite River View-breakfast King Bed 2 Single Beds River View Room Size 66.00 Sq. Mtr. Non-Smoking Non-Refundable Including Breakfast Special Offer USD 342.26 USD 174.55 USD 205.45 Including Taxes & Charges 49% off Select Room 1 2 3 4 5 6 7 8 9 10 USD 342.26 USD 174.55 USD 205.45 Including Taxes & Charges 49% off Select Room 1 2 3 4 5 6 7 8 9 10 Non-Refundable Including Breakfast Special Offer USD 342.26 USD 188.24 USD 221.56 Including Taxes & Charges 45% off Select Room 1 2 3 4 5 6 7 8 9 10 USD 342.26 USD 188.24 USD 221.56 Including Taxes & Charges 45% off Select Room 1 2 3 4 5 6 7 8 9 10 More Info Tower Club Suite City V,rate_72c79b840f961a39ee,,,,,,,16.73,,USD,未知,未知,2026-09-05,2026-09-06,https://www.bookmybooking.com/hotel-landing-page?childcount=0&roomcount=1&childage=&locationtype=country&checkInCheckOut=2026/09/05-2026/09/06&adultcount=2&hotel-id=5548,"{""优惠标签"": """", ""入住人数"": """", ""其他权益"": """", ""原价"": """", ""取消政策"": """", ""币种"": ""USD"", ""库存提示"": """", ""当前价"": ""16.73"", ""支付方式"": """", ""早餐"": """", ""确认政策"": """", ""税费"": """"}",R,R,已隔离,否,已知语义误采平台待修复；价格计价单位未确认；税费包含状态未确认；尚未通过T4人工复核,c5980c4b1bae34d02485ec9ccd25e622dd0b3bfd1987783c30e16b8cb1cfed5b,65fce4bd6dc906bdcee8ad60e3cba705e25ff94133144c2bef8c0f85972c0e8a,20260906-092202-csv-fb22d95c,,,,
2638989b8748264bf5d2d19fddff059b91d4254c49f07a7ce146bbd7e53ff6f1,ChIJCWbW7MWY4jARuQATRiSHlA0,lebua at State Tower,bookmybooking,BookMyBooking.com,5548,room_d2b4d9561c815e1e1b,No Room Selected,King Bed,,,,,No Room Selected Add To Continue More Info lebua Suite City View-breakfast King Bed 2 Single Beds City View Room Size 66.00 Sq. Mtr. Non-Smoking Non-Refundable Including Breakfast Special Offer USD 304.26 USD 155.17 USD 182.64 Including Taxes & Charges 49% off Select Room 1 2 3 4 5 6 7 8 9 10 USD 304.26 USD 155.17 USD 182.64 Including Taxes & Charges 49% off Select Room 1 2 3 4 5 6 7 8 9 10 Non-Refundable Including Breakfast Special Offer USD 304.26 USD 167.35 USD 196.97 Including Taxes & Charges 45% off Select Room 1 2 3 4 5 6 7 8 9 10 USD 304.26 USD 167.35 USD 196.97 Including Taxes & Charges 45% off Select Room 1 2 3 4 5 6 7 8 9 10 More Info lebua Suite River View-breakfast King Bed River View Room Size 66.00 Sq. Mtr. Non-Smoking Non-Refundable Including Breakfast Special Offer USD 322.50 USD 164.48 USD 193.59 Including Taxes & Charges 49% off Select Room 1 2 3 4 5 6 7 8 9 10 USD 322.50 USD 164.48 USD 193.59 Including Taxes & Charges 49% off Select Room 1 2 3 4 5 6 7 8 9 10 Non-Refundable Including Breakfast Special Offer USD 322.50 USD 177.38 USD 208.77 Including Taxes & Charges 45% off Select Room 1 2 3 4 5 6 7 8 9 10 USD 322.50 USD 177.38 USD 208.77 Including Taxes & Charges 45% off Select Room 1 2 3 4 5 6 7 8 9 10 More Info Premium Suite City View-breakfast King Bed 2 Single Beds City View Room Size 66.00 Sq. Mtr. Non-Smoking Non-Refundable Including Breakfast Special Offer USD 324.02 USD 165.25 USD 194.50 Including Taxes & Charges 49% off Select Room 1 2 3 4 5 6 7 8 9 10 USD 324.02 USD 165.25 USD 194.50 Including Taxes & Charges 49% off Select Room 1 2 3 4 5 6 7 8 9 10 Non-Refundable Including Breakfast Special Offer USD 324.02 USD 178.21 USD 209.76 Including Taxes & Charges 45% off Select Room 1 2 3 4 5 6 7 8 9 10 USD 324.02 USD 178.21 USD 209.76 Including Taxes & Charges 45% off Select Room 1 2 3 4 5 6 7 8 9 10 More Info Premium Suite River View-breakfast King Bed 2 Single Beds River View Room Size 66.00 Sq. Mtr. Non-Smoking Non-Refundable Including Breakfast Special Offer USD 342.26 USD 174.55 USD 205.45 Including Taxes & Charges 49% off Select Room 1 2 3 4 5 6 7 8 9 10 USD 342.26 USD 174.55 USD 205.45 Including Taxes & Charges 49% off Select Room 1 2 3 4 5 6 7 8 9 10 Non-Refundable Including Breakfast Special Offer USD 342.26 USD 188.24 USD 221.56 Including Taxes & Charges 45% off Select Room 1 2 3 4 5 6 7 8 9 10 USD 342.26 USD 188.24 USD 221.56 Including Taxes & Charges 45% off Select Room 1 2 3 4 5 6 7 8 9 10 More Info Tower Club Suite City V,rate_7ea148e4a81c8b9a52,,,,,,,17.84,,USD,未知,未知,2026-09-05,2026-09-06,https://www.bookmybooking.com/hotel-landing-page?childcount=0&roomcount=1&childage=&locationtype=country&checkInCheckOut=2026/09/05-2026/09/06&adultcount=2&hotel-id=5548,"{""优惠标签"": """", ""入住人数"": """", ""其他权益"": """", ""原价"": """", ""取消政策"": """", ""币种"": ""USD"", ""库存提示"": """", ""当前价"": ""17.84"", ""支付方式"": """", ""早餐"": """", ""确认政策"": """", ""税费"": """"}",R,R,已隔离,否,已知语义误采平台待修复；价格计价单位未确认；税费包含状态未确认；尚未通过T4人工复核,c5980c4b1bae34d02485ec9ccd25e622dd0b3bfd1987783c30e16b8cb1cfed5b,0b6a2724eb10fc1dd1419602daf5cc67549d9ef221ffc5431221037a0530c2f6,20260906-092202-csv-fb22d95c,,,,
2af65cb1f730ac35ceb5787fd645b461851a0632ed80ada5801a6e9c66189edc,ChIJCWbW7MWY4jARuQATRiSHlA0,lebua at State Tower,bookmybooking,BookMyBooking.com,5548,room_d2b4d9561c815e1e1b,No Room Selected,King Bed,,,,,No Room Selected Add To Continue More Info lebua Suite City View-breakfast King Bed 2 Single Beds City View Room Size 66.00 Sq. Mtr. Non-Smoking Non-Refundable Including Breakfast Special Offer USD 304.26 USD 155.17 USD 182.64 Including Taxes & Charges 49% off Select Room 1 2 3 4 5 6 7 8 9 10 USD 304.26 USD 155.17 USD 182.64 Including Taxes & Charges 49% off Select Room 1 2 3 4 5 6 7 8 9 10 Non-Refundable Including Breakfast Special Offer USD 304.26 USD 167.35 USD 196.97 Including Taxes & Charges 45% off Select Room 1 2 3 4 5 6 7 8 9 10 USD 304.26 USD 167.35 USD 196.97 Including Taxes & Charges 45% off Select Room 1 2 3 4 5 6 7 8 9 10 More Info lebua Suite River View-breakfast King Bed River View Room Size 66.00 Sq. Mtr. Non-Smoking Non-Refundable Including Breakfast Special Offer USD 322.50 USD 164.48 USD 193.59 Including Taxes & Charges 49% off Select Room 1 2 3 4 5 6 7 8 9 10 USD 322.50 USD 164.48 USD 193.59 Including Taxes & Charges 49% off Select Room 1 2 3 4 5 6 7 8 9 10 Non-Refundable Including Breakfast Special Offer USD 322.50 USD 177.38 USD 208.77 Including Taxes & Charges 45% off Select Room 1 2 3 4 5 6 7 8 9 10 USD 322.50 USD 177.38 USD 208.77 Including Taxes & Charges 45% off Select Room 1 2 3 4 5 6 7 8 9 10 More Info Premium Suite City View-breakfast King Bed 2 Single Beds City View Room Size 66.00 Sq. Mtr. Non-Smoking Non-Refundable Including Breakfast Special Offer USD 324.02 USD 165.25 USD 194.50 Including Taxes & Charges 49% off Select Room 1 2 3 4 5 6 7 8 9 10 USD 324.02 USD 165.25 USD 194.50 Including Taxes & Charges 49% off Select Room 1 2 3 4 5 6 7 8 9 10 Non-Refundable Including Breakfast Special Offer USD 324.02 USD 178.21 USD 209.76 Including Taxes & Charges 45% off Select Room 1 2 3 4 5 6 7 8 9 10 USD 324.02 USD 178.21 USD 209.76 Including Taxes & Charges 45% off Select Room 1 2 3 4 5 6 7 8 9 10 More Info Premium Suite River View-breakfast King Bed 2 Single Beds River View Room Size 66.00 Sq. Mtr. Non-Smoking Non-Refundable Including Breakfast Special Offer USD 342.26 USD 174.55 USD 205.45 Including Taxes & Charges 49% off Select Room 1 2 3 4 5 6 7 8 9 10 USD 342.26 USD 174.55 USD 205.45 Including Taxes & Charges 49% off Select Room 1 2 3 4 5 6 7 8 9 10 Non-Refundable Including Breakfast Special Offer USD 342.26 USD 188.24 USD 221.56 Including Taxes & Charges 45% off Select Room 1 2 3 4 5 6 7 8 9 10 USD 342.26 USD 188.24 USD 221.56 Including Taxes & Charges 45% off Select Room 1 2 3 4 5 6 7 8 9 10 More Info Tower Club Suite City V,rate_8c7414bd02da7fd932,,,,,,,16.54,,USD,未知,未知,2026-09-05,2026-09-06,https://www.bookmybooking.com/hotel-landing-page?childcount=0&roomcount=1&childage=&locationtype=country&checkInCheckOut=2026/09/05-2026/09/06&adultcount=2&hotel-id=5548,"{""优惠标签"": """", ""入住人数"": """", ""其他权益"": """", ""原价"": """", ""取消政策"": """", ""币种"": ""USD"", ""库存提示"": """", ""当前价"": ""16.54"", ""支付方式"": """", ""早餐"": """", ""确认政策"": """", ""税费"": """"}",R,R,已隔离,否,已知语义误采平台待修复；价格计价单位未确认；税费包含状态未确认；尚未通过T4人工复核,c5980c4b1bae34d02485ec9ccd25e622dd0b3bfd1987783c30e16b8cb1cfed5b,3da4d2a32debd8bc4a65fd08ba037848581706fd894891b1d9a1d55272d54280,20260906-092202-csv-fb22d95c,,,,
074da9ac2de461db3c9f6be1149d5743da3c8cf529a9821988670f23d75b2f8e,ChIJCWbW7MWY4jARuQATRiSHlA0,lebua at State Tower,bookmybooking,BookMyBooking.com,5548,room_d2b4d9561c815e1e1b,No Room Selected,King Bed,,,,,No Room Selected Add To Continue More Info lebua Suite City View-breakfast King Bed 2 Single Beds City View Room Size 66.00 Sq. Mtr. Non-Smoking Non-Refundable Including Breakfast Special Offer USD 304.26 USD 155.17 USD 182.64 Including Taxes & Charges 49% off Select Room 1 2 3 4 5 6 7 8 9 10 USD 304.26 USD 155.17 USD 182.64 Including Taxes & Charges 49% off Select Room 1 2 3 4 5 6 7 8 9 10 Non-Refundable Including Breakfast Special Offer USD 304.26 USD 167.35 USD 196.97 Including Taxes & Charges 45% off Select Room 1 2 3 4 5 6 7 8 9 10 USD 304.26 USD 167.35 USD 196.97 Including Taxes & Charges 45% off Select Room 1 2 3 4 5 6 7 8 9 10 More Info lebua Suite River View-breakfast King Bed River View Room Size 66.00 Sq. Mtr. Non-Smoking Non-Refundable Including Breakfast Special Offer USD 322.50 USD 164.48 USD 193.59 Including Taxes & Charges 49% off Select Room 1 2 3 4 5 6 7 8 9 10 USD 322.50 USD 164.48 USD 193.59 Including Taxes & Charges 49% off Select Room 1 2 3 4 5 6 7 8 9 10 Non-Refundable Including Breakfast Special Offer USD 322.50 USD 177.38 USD 208.77 Including Taxes & Charges 45% off Select Room 1 2 3 4 5 6 7 8 9 10 USD 322.50 USD 177.38 USD 208.77 Including Taxes & Charges 45% off Select Room 1 2 3 4 5 6 7 8 9 10 More Info Premium Suite City View-breakfast King Bed 2 Single Beds City View Room Size 66.00 Sq. Mtr. Non-Smoking Non-Refundable Including Breakfast Special Offer USD 324.02 USD 165.25 USD 194.50 Including Taxes & Charges 49% off Select Room 1 2 3 4 5 6 7 8 9 10 USD 324.02 USD 165.25 USD 194.50 Including Taxes & Charges 49% off Select Room 1 2 3 4 5 6 7 8 9 10 Non-Refundable Including Breakfast Special Offer USD 324.02 USD 178.21 USD 209.76 Including Taxes & Charges 45% off Select Room 1 2 3 4 5 6 7 8 9 10 USD 324.02 USD 178.21 USD 209.76 Including Taxes & Charges 45% off Select Room 1 2 3 4 5 6 7 8 9 10 More Info Premium Suite River View-breakfast King Bed 2 Single Beds River View Room Size 66.00 Sq. Mtr. Non-Smoking Non-Refundable Including Breakfast Special Offer USD 342.26 USD 174.55 USD 205.45 Including Taxes & Charges 49% off Select Room 1 2 3 4 5 6 7 8 9 10 USD 342.26 USD 174.55 USD 205.45 Including Taxes & Charges 49% off Select Room 1 2 3 4 5 6 7 8 9 10 Non-Refundable Including Breakfast Special Offer USD 342.26 USD 188.24 USD 221.56 Including Taxes & Charges 45% off Select Room 1 2 3 4 5 6 7 8 9 10 USD 342.26 USD 188.24 USD 221.56 Including Taxes & Charges 45% off Select Room 1 2 3 4 5 6 7 8 9 10 More Info Tower Club Suite City V,rate_8fad8f7f2384609d51,,,,,,,13.44,,USD,未知,未知,2026-09-05,2026-09-06,https://www.bookmybooking.com/hotel-landing-page?childcount=0&roomcount=1&childage=&locationtype=country&checkInCheckOut=2026/09/05-2026/09/06&adultcount=2&hotel-id=5548,"{""优惠标签"": """", ""入住人数"": """", ""其他权益"": """", ""原价"": """", ""取消政策"": """", ""币种"": ""USD"", ""库存提示"": """", ""当前价"": ""13.44"", ""支付方式"": """", ""早餐"": """", ""确认政策"": """", ""税费"": """"}",R,R,已隔离,否,已知语义误采平台待修复；价格计价单位未确认；税费包含状态未确认；尚未通过T4人工复核,c5980c4b1bae34d02485ec9ccd25e622dd0b3bfd1987783c30e16b8cb1cfed5b,f5cdb1a100fd566229459578a0d5287d79d324ab9242c7af222032c958105ac6,20260906-092202-csv-fb22d95c,,,,
40fca85cd9584a760ec48eac2e6b744bacdc0eb62a1b9712890af48dab998350,ChIJCWbW7MWY4jARuQATRiSHlA0,lebua at State Tower,bookmybooking,BookMyBooking.com,5548,room_d2b4d9561c815e1e1b,No Room Selected,King Bed,,,,,No Room Selected Add To Continue More Info lebua Suite City View-breakfast King Bed 2 Single Beds City View Room Size 66.00 Sq. Mtr. Non-Smoking Non-Refundable Including Breakfast Special Offer USD 304.26 USD 155.17 USD 182.64 Including Taxes & Charges 49% off Select Room 1 2 3 4 5 6 7 8 9 10 USD 304.26 USD 155.17 USD 182.64 Including Taxes & Charges 49% off Select Room 1 2 3 4 5 6 7 8 9 10 Non-Refundable Including Breakfast Special Offer USD 304.26 USD 167.35 USD 196.97 Including Taxes & Charges 45% off Select Room 1 2 3 4 5 6 7 8 9 10 USD 304.26 USD 167.35 USD 196.97 Including Taxes & Charges 45% off Select Room 1 2 3 4 5 6 7 8 9 10 More Info lebua Suite River View-breakfast King Bed River View Room Size 66.00 Sq. Mtr. Non-Smoking Non-Refundable Including Breakfast Special Offer USD 322.50 USD 164.48 USD 193.59 Including Taxes & Charges 49% off Select Room 1 2 3 4 5 6 7 8 9 10 USD 322.50 USD 164.48 USD 193.59 Including Taxes & Charges 49% off Select Room 1 2 3 4 5 6 7 8 9 10 Non-Refundable Including Breakfast Special Offer USD 322.50 USD 177.38 USD 208.77 Including Taxes & Charges 45% off Select Room 1 2 3 4 5 6 7 8 9 10 USD 322.50 USD 177.38 USD 208.77 Including Taxes & Charges 45% off Select Room 1 2 3 4 5 6 7 8 9 10 More Info Premium Suite City View-breakfast King Bed 2 Single Beds City View Room Size 66.00 Sq. Mtr. Non-Smoking Non-Refundable Including Breakfast Special Offer USD 324.02 USD 165.25 USD 194.50 Including Taxes & Charges 49% off Select Room 1 2 3 4 5 6 7 8 9 10 USD 324.02 USD 165.25 USD 194.50 Including Taxes & Charges 49% off Select Room 1 2 3 4 5 6 7 8 9 10 Non-Refundable Including Breakfast Special Offer USD 324.02 USD 178.21 USD 209.76 Including Taxes & Charges 45% off Select Room 1 2 3 4 5 6 7 8 9 10 USD 324.02 USD 178.21 USD 209.76 Including Taxes & Charges 45% off Select Room 1 2 3 4 5 6 7 8 9 10 More Info Premium Suite River View-breakfast King Bed 2 Single Beds River View Room Size 66.00 Sq. Mtr. Non-Smoking Non-Refundable Including Breakfast Special Offer USD 342.26 USD 174.55 USD 205.45 Including Taxes & Charges 49% off Select Room 1 2 3 4 5 6 7 8 9 10 USD 342.26 USD 174.55 USD 205.45 Including Taxes & Charges 49% off Select Room 1 2 3 4 5 6 7 8 9 10 Non-Refundable Including Breakfast Special Offer USD 342.26 USD 188.24 USD 221.56 Including Taxes & Charges 45% off Select Room 1 2 3 4 5 6 7 8 9 10 USD 342.26 USD 188.24 USD 221.56 Including Taxes & Charges 45% off Select Room 1 2 3 4 5 6 7 8 9 10 More Info Tower Club Suite City V,rate_900ddc869137cd36ca,,,,,,,23.17,,USD,未知,未知,2026-09-05,2026-09-06,https://www.bookmybooking.com/hotel-landing-page?childcount=0&roomcount=1&childage=&locationtype=country&checkInCheckOut=2026/09/05-2026/09/06&adultcount=2&hotel-id=5548,"{""优惠标签"": """", ""入住人数"": """", ""其他权益"": """", ""原价"": """", ""取消政策"": """", ""币种"": ""USD"", ""库存提示"": """", ""当前价"": ""23.17"", ""支付方式"": """", ""早餐"": """", ""确认政策"": """", ""税费"": """"}",R,R,已隔离,否,已知语义误采平台待修复；价格计价单位未确认；税费包含状态未确认；尚未通过T4人工复核,c5980c4b1bae34d02485ec9ccd25e622dd0b3bfd1987783c30e16b8cb1cfed5b,94c1236dd678eb7712867b3c7bd74a16e73fb5c01fcbcbc619cf2a10ffbcb5ce,20260906-092202-csv-fb22d95c,,,,
f2746dcf5a3f5fa380a271e79d17d4645d729225cf12fbee4b6970da8a92ca7f,ChIJCWbW7MWY4jARuQATRiSHlA0,lebua at State Tower,bookmybooking,BookMyBooking.com,5548,room_d2b4d9561c815e1e1b,No Room Selected,King Bed,,,,,No Room Selected Add To Continue More Info lebua Suite City View-breakfast King Bed 2 Single Beds City View Room Size 66.00 Sq. Mtr. Non-Smoking Non-Refundable Including Breakfast Special Offer USD 304.26 USD 155.17 USD 182.64 Including Taxes & Charges 49% off Select Room 1 2 3 4 5 6 7 8 9 10 USD 304.26 USD 155.17 USD 182.64 Including Taxes & Charges 49% off Select Room 1 2 3 4 5 6 7 8 9 10 Non-Refundable Including Breakfast Special Offer USD 304.26 USD 167.35 USD 196.97 Including Taxes & Charges 45% off Select Room 1 2 3 4 5 6 7 8 9 10 USD 304.26 USD 167.35 USD 196.97 Including Taxes & Charges 45% off Select Room 1 2 3 4 5 6 7 8 9 10 More Info lebua Suite River View-breakfast King Bed River View Room Size 66.00 Sq. Mtr. Non-Smoking Non-Refundable Including Breakfast Special Offer USD 322.50 USD 164.48 USD 193.59 Including Taxes & Charges 49% off Select Room 1 2 3 4 5 6 7 8 9 10 USD 322.50 USD 164.48 USD 193.59 Including Taxes & Charges 49% off Select Room 1 2 3 4 5 6 7 8 9 10 Non-Refundable Including Breakfast Special Offer USD 322.50 USD 177.38 USD 208.77 Including Taxes & Charges 45% off Select Room 1 2 3 4 5 6 7 8 9 10 USD 322.50 USD 177.38 USD 208.77 Including Taxes & Charges 45% off Select Room 1 2 3 4 5 6 7 8 9 10 More Info Premium Suite City View-breakfast King Bed 2 Single Beds City View Room Size 66.00 Sq. Mtr. Non-Smoking Non-Refundable Including Breakfast Special Offer USD 324.02 USD 165.25 USD 194.50 Including Taxes & Charges 49% off Select Room 1 2 3 4 5 6 7 8 9 10 USD 324.02 USD 165.25 USD 194.50 Including Taxes & Charges 49% off Select Room 1 2 3 4 5 6 7 8 9 10 Non-Refundable Including Breakfast Special Offer USD 324.02 USD 178.21 USD 209.76 Including Taxes & Charges 45% off Select Room 1 2 3 4 5 6 7 8 9 10 USD 324.02 USD 178.21 USD 209.76 Including Taxes & Charges 45% off Select Room 1 2 3 4 5 6 7 8 9 10 More Info Premium Suite River View-breakfast King Bed 2 Single Beds River View Room Size 66.00 Sq. Mtr. Non-Smoking Non-Refundable Including Breakfast Special Offer USD 342.26 USD 174.55 USD 205.45 Including Taxes & Charges 49% off Select Room 1 2 3 4 5 6 7 8 9 10 USD 342.26 USD 174.55 USD 205.45 Including Taxes & Charges 49% off Select Room 1 2 3 4 5 6 7 8 9 10 Non-Refundable Including Breakfast Special Offer USD 342.26 USD 188.24 USD 221.56 Including Taxes & Charges 45% off Select Room 1 2 3 4 5 6 7 8 9 10 USD 342.26 USD 188.24 USD 221.56 Including Taxes & Charges 45% off Select Room 1 2 3 4 5 6 7 8 9 10 More Info Tower Club Suite City V,rate_932af66876cb0c63e1,,,,,,,17.82,,USD,未知,未知,2026-09-05,2026-09-06,https://www.bookmybooking.com/hotel-landing-page?childcount=0&roomcount=1&childage=&locationtype=country&checkInCheckOut=2026/09/05-2026/09/06&adultcount=2&hotel-id=5548,"{""优惠标签"": """", ""入住人数"": """", ""其他权益"": """", ""原价"": """", ""取消政策"": """", ""币种"": ""USD"", ""库存提示"": """", ""当前价"": ""17.82"", ""支付方式"": """", ""早餐"": """", ""确认政策"": """", ""税费"": """"}",R,R,已隔离,否,已知语义误采平台待修复；价格计价单位未确认；税费包含状态未确认；尚未通过T4人工复核,c5980c4b1bae34d02485ec9ccd25e622dd0b3bfd1987783c30e16b8cb1cfed5b,b116fc5c687d7de10519df83d5adfae7a5e15d25b2264106f9242be17c17dea8,20260906-092202-csv-fb22d95c,,,,
cedae2934f9429d3ebbfe9b84406d37a89db9d4ae8eabb40b1bba91fb72d2ded,ChIJCWbW7MWY4jARuQATRiSHlA0,lebua at State Tower,bookmybooking,BookMyBooking.com,5548,room_d2b4d9561c815e1e1b,No Room Selected,King Bed,,,,,No Room Selected Add To Continue More Info lebua Suite City View-breakfast King Bed 2 Single Beds City View Room Size 66.00 Sq. Mtr. Non-Smoking Non-Refundable Including Breakfast Special Offer USD 304.26 USD 155.17 USD 182.64 Including Taxes & Charges 49% off Select Room 1 2 3 4 5 6 7 8 9 10 USD 304.26 USD 155.17 USD 182.64 Including Taxes & Charges 49% off Select Room 1 2 3 4 5 6 7 8 9 10 Non-Refundable Including Breakfast Special Offer USD 304.26 USD 167.35 USD 196.97 Including Taxes & Charges 45% off Select Room 1 2 3 4 5 6 7 8 9 10 USD 304.26 USD 167.35 USD 196.97 Including Taxes & Charges 45% off Select Room 1 2 3 4 5 6 7 8 9 10 More Info lebua Suite River View-breakfast King Bed River View Room Size 66.00 Sq. Mtr. Non-Smoking Non-Refundable Including Breakfast Special Offer USD 322.50 USD 164.48 USD 193.59 Including Taxes & Charges 49% off Select Room 1 2 3 4 5 6 7 8 9 10 USD 322.50 USD 164.48 USD 193.59 Including Taxes & Charges 49% off Select Room 1 2 3 4 5 6 7 8 9 10 Non-Refundable Including Breakfast Special Offer USD 322.50 USD 177.38 USD 208.77 Including Taxes & Charges 45% off Select Room 1 2 3 4 5 6 7 8 9 10 USD 322.50 USD 177.38 USD 208.77 Including Taxes & Charges 45% off Select Room 1 2 3 4 5 6 7 8 9 10 More Info Premium Suite City View-breakfast King Bed 2 Single Beds City View Room Size 66.00 Sq. Mtr. Non-Smoking Non-Refundable Including Breakfast Special Offer USD 324.02 USD 165.25 USD 194.50 Including Taxes & Charges 49% off Select Room 1 2 3 4 5 6 7 8 9 10 USD 324.02 USD 165.25 USD 194.50 Including Taxes & Charges 49% off Select Room 1 2 3 4 5 6 7 8 9 10 Non-Refundable Including Breakfast Special Offer USD 324.02 USD 178.21 USD 209.76 Including Taxes & Charges 45% off Select Room 1 2 3 4 5 6 7 8 9 10 USD 324.02 USD 178.21 USD 209.76 Including Taxes & Charges 45% off Select Room 1 2 3 4 5 6 7 8 9 10 More Info Premium Suite River View-breakfast King Bed 2 Single Beds River View Room Size 66.00 Sq. Mtr. Non-Smoking Non-Refundable Including Breakfast Special Offer USD 342.26 USD 174.55 USD 205.45 Including Taxes & Charges 49% off Select Room 1 2 3 4 5 6 7 8 9 10 USD 342.26 USD 174.55 USD 205.45 Including Taxes & Charges 49% off Select Room 1 2 3 4 5 6 7 8 9 10 Non-Refundable Including Breakfast Special Offer USD 342.26 USD 188.24 USD 221.56 Including Taxes & Charges 45% off Select Room 1 2 3 4 5 6 7 8 9 10 USD 342.26 USD 188.24 USD 221.56 Including Taxes & Charges 45% off Select Room 1 2 3 4 5 6 7 8 9 10 More Info Tower Club Suite City V,rate_94a2fddddd61113699,,,,,,,17.74,,USD,未知,未知,2026-09-05,2026-09-06,https://www.bookmybooking.com/hotel-landing-page?childcount=0&roomcount=1&childage=&locationtype=country&checkInCheckOut=2026/09/05-2026/09/06&adultcount=2&hotel-id=5548,"{""优惠标签"": """", ""入住人数"": """", ""其他权益"": """", ""原价"": """", ""取消政策"": """", ""币种"": ""USD"", ""库存提示"": """", ""当前价"": ""17.74"", ""支付方式"": """", ""早餐"": """", ""确认政策"": """", ""税费"": """"}",R,R,已隔离,否,已知语义误采平台待修复；价格计价单位未确认；税费包含状态未确认；尚未通过T4人工复核,c5980c4b1bae34d02485ec9ccd25e622dd0b3bfd1987783c30e16b8cb1cfed5b,37702874a0b47bd4e444b193239a6b3d345abfce13691331467b86874b0af444,20260906-092202-csv-fb22d95c,,,,
365c3d0efab35548d9fd7ab614681b3e8339134e536672fbe9f58c46b9ede564,ChIJCWbW7MWY4jARuQATRiSHlA0,lebua at State Tower,bookmybooking,BookMyBooking.com,5548,room_d2b4d9561c815e1e1b,No Room Selected,King Bed,,,,,No Room Selected Add To Continue More Info lebua Suite City View-breakfast King Bed 2 Single Beds City View Room Size 66.00 Sq. Mtr. Non-Smoking Non-Refundable Including Breakfast Special Offer USD 304.26 USD 155.17 USD 182.64 Including Taxes & Charges 49% off Select Room 1 2 3 4 5 6 7 8 9 10 USD 304.26 USD 155.17 USD 182.64 Including Taxes & Charges 49% off Select Room 1 2 3 4 5 6 7 8 9 10 Non-Refundable Including Breakfast Special Offer USD 304.26 USD 167.35 USD 196.97 Including Taxes & Charges 45% off Select Room 1 2 3 4 5 6 7 8 9 10 USD 304.26 USD 167.35 USD 196.97 Including Taxes & Charges 45% off Select Room 1 2 3 4 5 6 7 8 9 10 More Info lebua Suite River View-breakfast King Bed River View Room Size 66.00 Sq. Mtr. Non-Smoking Non-Refundable Including Breakfast Special Offer USD 322.50 USD 164.48 USD 193.59 Including Taxes & Charges 49% off Select Room 1 2 3 4 5 6 7 8 9 10 USD 322.50 USD 164.48 USD 193.59 Including Taxes & Charges 49% off Select Room 1 2 3 4 5 6 7 8 9 10 Non-Refundable Including Breakfast Special Offer USD 322.50 USD 177.38 USD 208.77 Including Taxes & Charges 45% off Select Room 1 2 3 4 5 6 7 8 9 10 USD 322.50 USD 177.38 USD 208.77 Including Taxes & Charges 45% off Select Room 1 2 3 4 5 6 7 8 9 10 More Info Premium Suite City View-breakfast King Bed 2 Single Beds City View Room Size 66.00 Sq. Mtr. Non-Smoking Non-Refundable Including Breakfast Special Offer USD 324.02 USD 165.25 USD 194.50 Including Taxes & Charges 49% off Select Room 1 2 3 4 5 6 7 8 9 10 USD 324.02 USD 165.25 USD 194.50 Including Taxes & Charges 49% off Select Room 1 2 3 4 5 6 7 8 9 10 Non-Refundable Including Breakfast Special Offer USD 324.02 USD 178.21 USD 209.76 Including Taxes & Charges 45% off Select Room 1 2 3 4 5 6 7 8 9 10 USD 324.02 USD 178.21 USD 209.76 Including Taxes & Charges 45% off Select Room 1 2 3 4 5 6 7 8 9 10 More Info Premium Suite River View-breakfast King Bed 2 Single Beds River View Room Size 66.00 Sq. Mtr. Non-Smoking Non-Refundable Including Breakfast Special Offer USD 342.26 USD 174.55 USD 205.45 Including Taxes & Charges 49% off Select Room 1 2 3 4 5 6 7 8 9 10 USD 342.26 USD 174.55 USD 205.45 Including Taxes & Charges 49% off Select Room 1 2 3 4 5 6 7 8 9 10 Non-Refundable Including Breakfast Special Offer USD 342.26 USD 188.24 USD 221.56 Including Taxes & Charges 45% off Select Room 1 2 3 4 5 6 7 8 9 10 USD 342.26 USD 188.24 USD 221.56 Including Taxes & Charges 45% off Select Room 1 2 3 4 5 6 7 8 9 10 More Info Tower Club Suite City V,rate_9c0ecbb316940e2180,,,,,,,11.95,,USD,未知,未知,2026-09-05,2026-09-06,https://www.bookmybooking.com/hotel-landing-page?childcount=0&roomcount=1&childage=&locationtype=country&checkInCheckOut=2026/09/05-2026/09/06&adultcount=2&hotel-id=5548,"{""优惠标签"": """", ""入住人数"": """", ""其他权益"": """", ""原价"": """", ""取消政策"": """", ""币种"": ""USD"", ""库存提示"": """", ""当前价"": ""11.95"", ""支付方式"": """", ""早餐"": """", ""确认政策"": """", ""税费"": """"}",R,R,已隔离,否,已知语义误采平台待修复；价格计价单位未确认；税费包含状态未确认；尚未通过T4人工复核,c5980c4b1bae34d02485ec9ccd25e622dd0b3bfd1987783c30e16b8cb1cfed5b,55e49f19e150466e6b64fcebd7639d5f99a8c062b981aa9d5f6b6c5311e2a5b8,20260906-092202-csv-fb22d95c,,,,
342a254a19e46255ff278008f40d6e21a35107993e4ca39c5dcfc2be7921afe7,ChIJCWbW7MWY4jARuQATRiSHlA0,lebua at State Tower,bookmybooking,BookMyBooking.com,5548,room_d2b4d9561c815e1e1b,No Room Selected,King Bed,,,,,No Room Selected Add To Continue More Info lebua Suite City View-breakfast King Bed 2 Single Beds City View Room Size 66.00 Sq. Mtr. Non-Smoking Non-Refundable Including Breakfast Special Offer USD 304.26 USD 155.17 USD 182.64 Including Taxes & Charges 49% off Select Room 1 2 3 4 5 6 7 8 9 10 USD 304.26 USD 155.17 USD 182.64 Including Taxes & Charges 49% off Select Room 1 2 3 4 5 6 7 8 9 10 Non-Refundable Including Breakfast Special Offer USD 304.26 USD 167.35 USD 196.97 Including Taxes & Charges 45% off Select Room 1 2 3 4 5 6 7 8 9 10 USD 304.26 USD 167.35 USD 196.97 Including Taxes & Charges 45% off Select Room 1 2 3 4 5 6 7 8 9 10 More Info lebua Suite River View-breakfast King Bed River View Room Size 66.00 Sq. Mtr. Non-Smoking Non-Refundable Including Breakfast Special Offer USD 322.50 USD 164.48 USD 193.59 Including Taxes & Charges 49% off Select Room 1 2 3 4 5 6 7 8 9 10 USD 322.50 USD 164.48 USD 193.59 Including Taxes & Charges 49% off Select Room 1 2 3 4 5 6 7 8 9 10 Non-Refundable Including Breakfast Special Offer USD 322.50 USD 177.38 USD 208.77 Including Taxes & Charges 45% off Select Room 1 2 3 4 5 6 7 8 9 10 USD 322.50 USD 177.38 USD 208.77 Including Taxes & Charges 45% off Select Room 1 2 3 4 5 6 7 8 9 10 More Info Premium Suite City View-breakfast King Bed 2 Single Beds City View Room Size 66.00 Sq. Mtr. Non-Smoking Non-Refundable Including Breakfast Special Offer USD 324.02 USD 165.25 USD 194.50 Including Taxes & Charges 49% off Select Room 1 2 3 4 5 6 7 8 9 10 USD 324.02 USD 165.25 USD 194.50 Including Taxes & Charges 49% off Select Room 1 2 3 4 5 6 7 8 9 10 Non-Refundable Including Breakfast Special Offer USD 324.02 USD 178.21 USD 209.76 Including Taxes & Charges 45% off Select Room 1 2 3 4 5 6 7 8 9 10 USD 324.02 USD 178.21 USD 209.76 Including Taxes & Charges 45% off Select Room 1 2 3 4 5 6 7 8 9 10 More Info Premium Suite River View-breakfast King Bed 2 Single Beds River View Room Size 66.00 Sq. Mtr. Non-Smoking Non-Refundable Including Breakfast Special Offer USD 342.26 USD 174.55 USD 205.45 Including Taxes & Charges 49% off Select Room 1 2 3 4 5 6 7 8 9 10 USD 342.26 USD 174.55 USD 205.45 Including Taxes & Charges 49% off Select Room 1 2 3 4 5 6 7 8 9 10 Non-Refundable Including Breakfast Special Offer USD 342.26 USD 188.24 USD 221.56 Including Taxes & Charges 45% off Select Room 1 2 3 4 5 6 7 8 9 10 USD 342.26 USD 188.24 USD 221.56 Including Taxes & Charges 45% off Select Room 1 2 3 4 5 6 7 8 9 10 More Info Tower Club Suite City V,rate_a31298b970312e5a74,,,,,,,20.25,,USD,未知,未知,2026-09-05,2026-09-06,https://www.bookmybooking.com/hotel-landing-page?childcount=0&roomcount=1&childage=&locationtype=country&checkInCheckOut=2026/09/05-2026/09/06&adultcount=2&hotel-id=5548,"{""优惠标签"": """", ""入住人数"": """", ""其他权益"": """", ""原价"": """", ""取消政策"": """", ""币种"": ""USD"", ""库存提示"": """", ""当前价"": ""20.25"", ""支付方式"": """", ""早餐"": """", ""确认政策"": """", ""税费"": """"}",R,R,已隔离,否,已知语义误采平台待修复；价格计价单位未确认；税费包含状态未确认；尚未通过T4人工复核,c5980c4b1bae34d02485ec9ccd25e622dd0b3bfd1987783c30e16b8cb1cfed5b,7fb1afeb2e187d36a32c06be33ca61a9cd170e1ef31d06f8d90efd135202e547,20260906-092202-csv-fb22d95c,,,,
d7dcc25cd3801d0fca56fb0c9569a75efcd6150515bf0e5bfb9727f149248b7b,ChIJCWbW7MWY4jARuQATRiSHlA0,lebua at State Tower,bookmybooking,BookMyBooking.com,5548,room_d2b4d9561c815e1e1b,No Room Selected,King Bed,,,,,No Room Selected Add To Continue More Info lebua Suite City View-breakfast King Bed 2 Single Beds City View Room Size 66.00 Sq. Mtr. Non-Smoking Non-Refundable Including Breakfast Special Offer USD 304.26 USD 155.17 USD 182.64 Including Taxes & Charges 49% off Select Room 1 2 3 4 5 6 7 8 9 10 USD 304.26 USD 155.17 USD 182.64 Including Taxes & Charges 49% off Select Room 1 2 3 4 5 6 7 8 9 10 Non-Refundable Including Breakfast Special Offer USD 304.26 USD 167.35 USD 196.97 Including Taxes & Charges 45% off Select Room 1 2 3 4 5 6 7 8 9 10 USD 304.26 USD 167.35 USD 196.97 Including Taxes & Charges 45% off Select Room 1 2 3 4 5 6 7 8 9 10 More Info lebua Suite River View-breakfast King Bed River View Room Size 66.00 Sq. Mtr. Non-Smoking Non-Refundable Including Breakfast Special Offer USD 322.50 USD 164.48 USD 193.59 Including Taxes & Charges 49% off Select Room 1 2 3 4 5 6 7 8 9 10 USD 322.50 USD 164.48 USD 193.59 Including Taxes & Charges 49% off Select Room 1 2 3 4 5 6 7 8 9 10 Non-Refundable Including Breakfast Special Offer USD 322.50 USD 177.38 USD 208.77 Including Taxes & Charges 45% off Select Room 1 2 3 4 5 6 7 8 9 10 USD 322.50 USD 177.38 USD 208.77 Including Taxes & Charges 45% off Select Room 1 2 3 4 5 6 7 8 9 10 More Info Premium Suite City View-breakfast King Bed 2 Single Beds City View Room Size 66.00 Sq. Mtr. Non-Smoking Non-Refundable Including Breakfast Special Offer USD 324.02 USD 165.25 USD 194.50 Including Taxes & Charges 49% off Select Room 1 2 3 4 5 6 7 8 9 10 USD 324.02 USD 165.25 USD 194.50 Including Taxes & Charges 49% off Select Room 1 2 3 4 5 6 7 8 9 10 Non-Refundable Including Breakfast Special Offer USD 324.02 USD 178.21 USD 209.76 Including Taxes & Charges 45% off Select Room 1 2 3 4 5 6 7 8 9 10 USD 324.02 USD 178.21 USD 209.76 Including Taxes & Charges 45% off Select Room 1 2 3 4 5 6 7 8 9 10 More Info Premium Suite River View-breakfast King Bed 2 Single Beds River View Room Size 66.00 Sq. Mtr. Non-Smoking Non-Refundable Including Breakfast Special Offer USD 342.26 USD 174.55 USD 205.45 Including Taxes & Charges 49% off Select Room 1 2 3 4 5 6 7 8 9 10 USD 342.26 USD 174.55 USD 205.45 Including Taxes & Charges 49% off Select Room 1 2 3 4 5 6 7 8 9 10 Non-Refundable Including Breakfast Special Offer USD 342.26 USD 188.24 USD 221.56 Including Taxes & Charges 45% off Select Room 1 2 3 4 5 6 7 8 9 10 USD 342.26 USD 188.24 USD 221.56 Including Taxes & Charges 45% off Select Room 1 2 3 4 5 6 7 8 9 10 More Info Tower Club Suite City V,rate_a7972017e395116c8e,,,,,,,14.49,,USD,未知,未知,2026-09-05,2026-09-06,https://www.bookmybooking.com/hotel-landing-page?childcount=0&roomcount=1&childage=&locationtype=country&checkInCheckOut=2026/09/05-2026/09/06&adultcount=2&hotel-id=5548,"{""优惠标签"": """", ""入住人数"": """", ""其他权益"": """", ""原价"": """", ""取消政策"": """", ""币种"": ""USD"", ""库存提示"": """", ""当前价"": ""14.49"", ""支付方式"": """", ""早餐"": """", ""确认政策"": """", ""税费"": """"}",R,R,已隔离,否,已知语义误采平台待修复；价格计价单位未确认；税费包含状态未确认；尚未通过T4人工复核,c5980c4b1bae34d02485ec9ccd25e622dd0b3bfd1987783c30e16b8cb1cfed5b,c7466f66a66d63a74e69c553f51ee1dbd78607765cd1d05a173f96a0becaf2a4,20260906-092202-csv-fb22d95c,,,,
6374d198f1c5ad1b3e14ef717632f2fa65bcd7c55908f2eabf984c86d6c7f148,ChIJCWbW7MWY4jARuQATRiSHlA0,lebua at State Tower,bookmybooking,BookMyBooking.com,5548,room_d2b4d9561c815e1e1b,No Room Selected,King Bed,,,,,No Room Selected Add To Continue More Info lebua Suite City View-breakfast King Bed 2 Single Beds City View Room Size 66.00 Sq. Mtr. Non-Smoking Non-Refundable Including Breakfast Special Offer USD 304.26 USD 155.17 USD 182.64 Including Taxes & Charges 49% off Select Room 1 2 3 4 5 6 7 8 9 10 USD 304.26 USD 155.17 USD 182.64 Including Taxes & Charges 49% off Select Room 1 2 3 4 5 6 7 8 9 10 Non-Refundable Including Breakfast Special Offer USD 304.26 USD 167.35 USD 196.97 Including Taxes & Charges 45% off Select Room 1 2 3 4 5 6 7 8 9 10 USD 304.26 USD 167.35 USD 196.97 Including Taxes & Charges 45% off Select Room 1 2 3 4 5 6 7 8 9 10 More Info lebua Suite River View-breakfast King Bed River View Room Size 66.00 Sq. Mtr. Non-Smoking Non-Refundable Including Breakfast Special Offer USD 322.50 USD 164.48 USD 193.59 Including Taxes & Charges 49% off Select Room 1 2 3 4 5 6 7 8 9 10 USD 322.50 USD 164.48 USD 193.59 Including Taxes & Charges 49% off Select Room 1 2 3 4 5 6 7 8 9 10 Non-Refundable Including Breakfast Special Offer USD 322.50 USD 177.38 USD 208.77 Including Taxes & Charges 45% off Select Room 1 2 3 4 5 6 7 8 9 10 USD 322.50 USD 177.38 USD 208.77 Including Taxes & Charges 45% off Select Room 1 2 3 4 5 6 7 8 9 10 More Info Premium Suite City View-breakfast King Bed 2 Single Beds City View Room Size 66.00 Sq. Mtr. Non-Smoking Non-Refundable Including Breakfast Special Offer USD 324.02 USD 165.25 USD 194.50 Including Taxes & Charges 49% off Select Room 1 2 3 4 5 6 7 8 9 10 USD 324.02 USD 165.25 USD 194.50 Including Taxes & Charges 49% off Select Room 1 2 3 4 5 6 7 8 9 10 Non-Refundable Including Breakfast Special Offer USD 324.02 USD 178.21 USD 209.76 Including Taxes & Charges 45% off Select Room 1 2 3 4 5 6 7 8 9 10 USD 324.02 USD 178.21 USD 209.76 Including Taxes & Charges 45% off Select Room 1 2 3 4 5 6 7 8 9 10 More Info Premium Suite River View-breakfast King Bed 2 Single Beds River View Room Size 66.00 Sq. Mtr. Non-Smoking Non-Refundable Including Breakfast Special Offer USD 342.26 USD 174.55 USD 205.45 Including Taxes & Charges 49% off Select Room 1 2 3 4 5 6 7 8 9 10 USD 342.26 USD 174.55 USD 205.45 Including Taxes & Charges 49% off Select Room 1 2 3 4 5 6 7 8 9 10 Non-Refundable Including Breakfast Special Offer USD 342.26 USD 188.24 USD 221.56 Including Taxes & Charges 45% off Select Room 1 2 3 4 5 6 7 8 9 10 USD 342.26 USD 188.24 USD 221.56 Including Taxes & Charges 45% off Select Room 1 2 3 4 5 6 7 8 9 10 More Info Tower Club Suite City V,rate_b8f8399347d0eae30e,,,,,,,12.72,,USD,未知,未知,2026-09-05,2026-09-06,https://www.bookmybooking.com/hotel-landing-page?childcount=0&roomcount=1&childage=&locationtype=country&checkInCheckOut=2026/09/05-2026/09/06&adultcount=2&hotel-id=5548,"{""优惠标签"": """", ""入住人数"": """", ""其他权益"": """", ""原价"": """", ""取消政策"": """", ""币种"": ""USD"", ""库存提示"": """", ""当前价"": ""12.72"", ""支付方式"": """", ""早餐"": """", ""确认政策"": """", ""税费"": """"}",R,R,已隔离,否,已知语义误采平台待修复；价格计价单位未确认；税费包含状态未确认；尚未通过T4人工复核,c5980c4b1bae34d02485ec9ccd25e622dd0b3bfd1987783c30e16b8cb1cfed5b,790a19d4013007358d90ae5aeefa21e26bc0b7f19f3192521074a3a147bcd49b,20260906-092202-csv-fb22d95c,,,,
d70aa01df2d3b507949be9fc2fe55946f487cd41dbd86a9671992bd78bb75371,ChIJCWbW7MWY4jARuQATRiSHlA0,lebua at State Tower,bookmybooking,BookMyBooking.com,5548,room_d2b4d9561c815e1e1b,No Room Selected,King Bed,,,,,No Room Selected Add To Continue More Info lebua Suite City View-breakfast King Bed 2 Single Beds City View Room Size 66.00 Sq. Mtr. Non-Smoking Non-Refundable Including Breakfast Special Offer USD 304.26 USD 155.17 USD 182.64 Including Taxes & Charges 49% off Select Room 1 2 3 4 5 6 7 8 9 10 USD 304.26 USD 155.17 USD 182.64 Including Taxes & Charges 49% off Select Room 1 2 3 4 5 6 7 8 9 10 Non-Refundable Including Breakfast Special Offer USD 304.26 USD 167.35 USD 196.97 Including Taxes & Charges 45% off Select Room 1 2 3 4 5 6 7 8 9 10 USD 304.26 USD 167.35 USD 196.97 Including Taxes & Charges 45% off Select Room 1 2 3 4 5 6 7 8 9 10 More Info lebua Suite River View-breakfast King Bed River View Room Size 66.00 Sq. Mtr. Non-Smoking Non-Refundable Including Breakfast Special Offer USD 322.50 USD 164.48 USD 193.59 Including Taxes & Charges 49% off Select Room 1 2 3 4 5 6 7 8 9 10 USD 322.50 USD 164.48 USD 193.59 Including Taxes & Charges 49% off Select Room 1 2 3 4 5 6 7 8 9 10 Non-Refundable Including Breakfast Special Offer USD 322.50 USD 177.38 USD 208.77 Including Taxes & Charges 45% off Select Room 1 2 3 4 5 6 7 8 9 10 USD 322.50 USD 177.38 USD 208.77 Including Taxes & Charges 45% off Select Room 1 2 3 4 5 6 7 8 9 10 More Info Premium Suite City View-breakfast King Bed 2 Single Beds City View Room Size 66.00 Sq. Mtr. Non-Smoking Non-Refundable Including Breakfast Special Offer USD 324.02 USD 165.25 USD 194.50 Including Taxes & Charges 49% off Select Room 1 2 3 4 5 6 7 8 9 10 USD 324.02 USD 165.25 USD 194.50 Including Taxes & Charges 49% off Select Room 1 2 3 4 5 6 7 8 9 10 Non-Refundable Including Breakfast Special Offer USD 324.02 USD 178.21 USD 209.76 Including Taxes & Charges 45% off Select Room 1 2 3 4 5 6 7 8 9 10 USD 324.02 USD 178.21 USD 209.76 Including Taxes & Charges 45% off Select Room 1 2 3 4 5 6 7 8 9 10 More Info Premium Suite River View-breakfast King Bed 2 Single Beds River View Room Size 66.00 Sq. Mtr. Non-Smoking Non-Refundable Including Breakfast Special Offer USD 342.26 USD 174.55 USD 205.45 Including Taxes & Charges 49% off Select Room 1 2 3 4 5 6 7 8 9 10 USD 342.26 USD 174.55 USD 205.45 Including Taxes & Charges 49% off Select Room 1 2 3 4 5 6 7 8 9 10 Non-Refundable Including Breakfast Special Offer USD 342.26 USD 188.24 USD 221.56 Including Taxes & Charges 45% off Select Room 1 2 3 4 5 6 7 8 9 10 USD 342.26 USD 188.24 USD 221.56 Including Taxes & Charges 45% off Select Room 1 2 3 4 5 6 7 8 9 10 More Info Tower Club Suite City V,rate_cdd8d1420a4017515c,,,,,,,13.66,,USD,未知,未知,2026-09-05,2026-09-06,https://www.bookmybooking.com/hotel-landing-page?childcount=0&roomcount=1&childage=&locationtype=country&checkInCheckOut=2026/09/05-2026/09/06&adultcount=2&hotel-id=5548,"{""优惠标签"": """", ""入住人数"": """", ""其他权益"": """", ""原价"": """", ""取消政策"": """", ""币种"": ""USD"", ""库存提示"": """", ""当前价"": ""13.66"", ""支付方式"": """", ""早餐"": """", ""确认政策"": """", ""税费"": """"}",R,R,已隔离,否,已知语义误采平台待修复；价格计价单位未确认；税费包含状态未确认；尚未通过T4人工复核,c5980c4b1bae34d02485ec9ccd25e622dd0b3bfd1987783c30e16b8cb1cfed5b,43c47baa91346e4fd58e3b848bda4df1494c5fabffcd36174e94bd4576c6363d,20260906-092202-csv-fb22d95c,,,,
41b63cfbcfb607b16af87350bb79fe8b25cf96132786418e329bee4c57597db0,ChIJCWbW7MWY4jARuQATRiSHlA0,lebua at State Tower,bookmybooking,BookMyBooking.com,5548,room_d2b4d9561c815e1e1b,No Room Selected,King Bed,,,,,No Room Selected Add To Continue More Info lebua Suite City View-breakfast King Bed 2 Single Beds City View Room Size 66.00 Sq. Mtr. Non-Smoking Non-Refundable Including Breakfast Special Offer USD 304.26 USD 155.17 USD 182.64 Including Taxes & Charges 49% off Select Room 1 2 3 4 5 6 7 8 9 10 USD 304.26 USD 155.17 USD 182.64 Including Taxes & Charges 49% off Select Room 1 2 3 4 5 6 7 8 9 10 Non-Refundable Including Breakfast Special Offer USD 304.26 USD 167.35 USD 196.97 Including Taxes & Charges 45% off Select Room 1 2 3 4 5 6 7 8 9 10 USD 304.26 USD 167.35 USD 196.97 Including Taxes & Charges 45% off Select Room 1 2 3 4 5 6 7 8 9 10 More Info lebua Suite River View-breakfast King Bed River View Room Size 66.00 Sq. Mtr. Non-Smoking Non-Refundable Including Breakfast Special Offer USD 322.50 USD 164.48 USD 193.59 Including Taxes & Charges 49% off Select Room 1 2 3 4 5 6 7 8 9 10 USD 322.50 USD 164.48 USD 193.59 Including Taxes & Charges 49% off Select Room 1 2 3 4 5 6 7 8 9 10 Non-Refundable Including Breakfast Special Offer USD 322.50 USD 177.38 USD 208.77 Including Taxes & Charges 45% off Select Room 1 2 3 4 5 6 7 8 9 10 USD 322.50 USD 177.38 USD 208.77 Including Taxes & Charges 45% off Select Room 1 2 3 4 5 6 7 8 9 10 More Info Premium Suite City View-breakfast King Bed 2 Single Beds City View Room Size 66.00 Sq. Mtr. Non-Smoking Non-Refundable Including Breakfast Special Offer USD 324.02 USD 165.25 USD 194.50 Including Taxes & Charges 49% off Select Room 1 2 3 4 5 6 7 8 9 10 USD 324.02 USD 165.25 USD 194.50 Including Taxes & Charges 49% off Select Room 1 2 3 4 5 6 7 8 9 10 Non-Refundable Including Breakfast Special Offer USD 324.02 USD 178.21 USD 209.76 Including Taxes & Charges 45% off Select Room 1 2 3 4 5 6 7 8 9 10 USD 324.02 USD 178.21 USD 209.76 Including Taxes & Charges 45% off Select Room 1 2 3 4 5 6 7 8 9 10 More Info Premium Suite River View-breakfast King Bed 2 Single Beds River View Room Size 66.00 Sq. Mtr. Non-Smoking Non-Refundable Including Breakfast Special Offer USD 342.26 USD 174.55 USD 205.45 Including Taxes & Charges 49% off Select Room 1 2 3 4 5 6 7 8 9 10 USD 342.26 USD 174.55 USD 205.45 Including Taxes & Charges 49% off Select Room 1 2 3 4 5 6 7 8 9 10 Non-Refundable Including Breakfast Special Offer USD 342.26 USD 188.24 USD 221.56 Including Taxes & Charges 45% off Select Room 1 2 3 4 5 6 7 8 9 10 USD 342.26 USD 188.24 USD 221.56 Including Taxes & Charges 45% off Select Room 1 2 3 4 5 6 7 8 9 10 More Info Tower Club Suite City V,rate_d062826e463ad9108a,,,,,,,16.45,,USD,未知,未知,2026-09-05,2026-09-06,https://www.bookmybooking.com/hotel-landing-page?childcount=0&roomcount=1&childage=&locationtype=country&checkInCheckOut=2026/09/05-2026/09/06&adultcount=2&hotel-id=5548,"{""优惠标签"": """", ""入住人数"": """", ""其他权益"": """", ""原价"": """", ""取消政策"": """", ""币种"": ""USD"", ""库存提示"": """", ""当前价"": ""16.45"", ""支付方式"": """", ""早餐"": """", ""确认政策"": """", ""税费"": """"}",R,R,已隔离,否,已知语义误采平台待修复；价格计价单位未确认；税费包含状态未确认；尚未通过T4人工复核,c5980c4b1bae34d02485ec9ccd25e622dd0b3bfd1987783c30e16b8cb1cfed5b,323dcbda0ed2427806abf9cabbc64e94ac51533c19be76126f710fe63a1bb7e0,20260906-092202-csv-fb22d95c,,,,
66dd4781867a7b2922563e173f0420afcef68de9ea650e42bd38f3c02f7f2546,ChIJCWbW7MWY4jARuQATRiSHlA0,lebua at State Tower,bookmybooking,BookMyBooking.com,5548,room_d2b4d9561c815e1e1b,No Room Selected,King Bed,,,,,No Room Selected Add To Continue More Info lebua Suite City View-breakfast King Bed 2 Single Beds City View Room Size 66.00 Sq. Mtr. Non-Smoking Non-Refundable Including Breakfast Special Offer USD 304.26 USD 155.17 USD 182.64 Including Taxes & Charges 49% off Select Room 1 2 3 4 5 6 7 8 9 10 USD 304.26 USD 155.17 USD 182.64 Including Taxes & Charges 49% off Select Room 1 2 3 4 5 6 7 8 9 10 Non-Refundable Including Breakfast Special Offer USD 304.26 USD 167.35 USD 196.97 Including Taxes & Charges 45% off Select Room 1 2 3 4 5 6 7 8 9 10 USD 304.26 USD 167.35 USD 196.97 Including Taxes & Charges 45% off Select Room 1 2 3 4 5 6 7 8 9 10 More Info lebua Suite River View-breakfast King Bed River View Room Size 66.00 Sq. Mtr. Non-Smoking Non-Refundable Including Breakfast Special Offer USD 322.50 USD 164.48 USD 193.59 Including Taxes & Charges 49% off Select Room 1 2 3 4 5 6 7 8 9 10 USD 322.50 USD 164.48 USD 193.59 Including Taxes & Charges 49% off Select Room 1 2 3 4 5 6 7 8 9 10 Non-Refundable Including Breakfast Special Offer USD 322.50 USD 177.38 USD 208.77 Including Taxes & Charges 45% off Select Room 1 2 3 4 5 6 7 8 9 10 USD 322.50 USD 177.38 USD 208.77 Including Taxes & Charges 45% off Select Room 1 2 3 4 5 6 7 8 9 10 More Info Premium Suite City View-breakfast King Bed 2 Single Beds City View Room Size 66.00 Sq. Mtr. Non-Smoking Non-Refundable Including Breakfast Special Offer USD 324.02 USD 165.25 USD 194.50 Including Taxes & Charges 49% off Select Room 1 2 3 4 5 6 7 8 9 10 USD 324.02 USD 165.25 USD 194.50 Including Taxes & Charges 49% off Select Room 1 2 3 4 5 6 7 8 9 10 Non-Refundable Including Breakfast Special Offer USD 324.02 USD 178.21 USD 209.76 Including Taxes & Charges 45% off Select Room 1 2 3 4 5 6 7 8 9 10 USD 324.02 USD 178.21 USD 209.76 Including Taxes & Charges 45% off Select Room 1 2 3 4 5 6 7 8 9 10 More Info Premium Suite River View-breakfast King Bed 2 Single Beds River View Room Size 66.00 Sq. Mtr. Non-Smoking Non-Refundable Including Breakfast Special Offer USD 342.26 USD 174.55 USD 205.45 Including Taxes & Charges 49% off Select Room 1 2 3 4 5 6 7 8 9 10 USD 342.26 USD 174.55 USD 205.45 Including Taxes & Charges 49% off Select Room 1 2 3 4 5 6 7 8 9 10 Non-Refundable Including Breakfast Special Offer USD 342.26 USD 188.24 USD 221.56 Including Taxes & Charges 45% off Select Room 1 2 3 4 5 6 7 8 9 10 USD 342.26 USD 188.24 USD 221.56 Including Taxes & Charges 45% off Select Room 1 2 3 4 5 6 7 8 9 10 More Info Tower Club Suite City V,rate_daa6db0dcf514fb8c3,,,,,,,15.59,,USD,未知,未知,2026-09-05,2026-09-06,https://www.bookmybooking.com/hotel-landing-page?childcount=0&roomcount=1&childage=&locationtype=country&checkInCheckOut=2026/09/05-2026/09/06&adultcount=2&hotel-id=5548,"{""优惠标签"": """", ""入住人数"": """", ""其他权益"": """", ""原价"": """", ""取消政策"": """", ""币种"": ""USD"", ""库存提示"": """", ""当前价"": ""15.59"", ""支付方式"": """", ""早餐"": """", ""确认政策"": """", ""税费"": """"}",R,R,已隔离,否,已知语义误采平台待修复；价格计价单位未确认；税费包含状态未确认；尚未通过T4人工复核,c5980c4b1bae34d02485ec9ccd25e622dd0b3bfd1987783c30e16b8cb1cfed5b,286fcd9a8585427021188df4ed8486a03b2a246c24bd723a11ea4de5090c1f54,20260906-092202-csv-fb22d95c,,,,
0e9827a161e7a9db014876c68fdc48a87eb15c8872cc6974e931b65d5b25802c,ChIJCWbW7MWY4jARuQATRiSHlA0,lebua at State Tower,bookmybooking,BookMyBooking.com,5548,room_d2b4d9561c815e1e1b,No Room Selected,King Bed,,,,,No Room Selected Add To Continue More Info lebua Suite City View-breakfast King Bed 2 Single Beds City View Room Size 66.00 Sq. Mtr. Non-Smoking Non-Refundable Including Breakfast Special Offer USD 304.26 USD 155.17 USD 182.64 Including Taxes & Charges 49% off Select Room 1 2 3 4 5 6 7 8 9 10 USD 304.26 USD 155.17 USD 182.64 Including Taxes & Charges 49% off Select Room 1 2 3 4 5 6 7 8 9 10 Non-Refundable Including Breakfast Special Offer USD 304.26 USD 167.35 USD 196.97 Including Taxes & Charges 45% off Select Room 1 2 3 4 5 6 7 8 9 10 USD 304.26 USD 167.35 USD 196.97 Including Taxes & Charges 45% off Select Room 1 2 3 4 5 6 7 8 9 10 More Info lebua Suite River View-breakfast King Bed River View Room Size 66.00 Sq. Mtr. Non-Smoking Non-Refundable Including Breakfast Special Offer USD 322.50 USD 164.48 USD 193.59 Including Taxes & Charges 49% off Select Room 1 2 3 4 5 6 7 8 9 10 USD 322.50 USD 164.48 USD 193.59 Including Taxes & Charges 49% off Select Room 1 2 3 4 5 6 7 8 9 10 Non-Refundable Including Breakfast Special Offer USD 322.50 USD 177.38 USD 208.77 Including Taxes & Charges 45% off Select Room 1 2 3 4 5 6 7 8 9 10 USD 322.50 USD 177.38 USD 208.77 Including Taxes & Charges 45% off Select Room 1 2 3 4 5 6 7 8 9 10 More Info Premium Suite City View-breakfast King Bed 2 Single Beds City View Room Size 66.00 Sq. Mtr. Non-Smoking Non-Refundable Including Breakfast Special Offer USD 324.02 USD 165.25 USD 194.50 Including Taxes & Charges 49% off Select Room 1 2 3 4 5 6 7 8 9 10 USD 324.02 USD 165.25 USD 194.50 Including Taxes & Charges 49% off Select Room 1 2 3 4 5 6 7 8 9 10 Non-Refundable Including Breakfast Special Offer USD 324.02 USD 178.21 USD 209.76 Including Taxes & Charges 45% off Select Room 1 2 3 4 5 6 7 8 9 10 USD 324.02 USD 178.21 USD 209.76 Including Taxes & Charges 45% off Select Room 1 2 3 4 5 6 7 8 9 10 More Info Premium Suite River View-breakfast King Bed 2 Single Beds River View Room Size 66.00 Sq. Mtr. Non-Smoking Non-Refundable Including Breakfast Special Offer USD 342.26 USD 174.55 USD 205.45 Including Taxes & Charges 49% off Select Room 1 2 3 4 5 6 7 8 9 10 USD 342.26 USD 174.55 USD 205.45 Including Taxes & Charges 49% off Select Room 1 2 3 4 5 6 7 8 9 10 Non-Refundable Including Breakfast Special Offer USD 342.26 USD 188.24 USD 221.56 Including Taxes & Charges 45% off Select Room 1 2 3 4 5 6 7 8 9 10 USD 342.26 USD 188.24 USD 221.56 Including Taxes & Charges 45% off Select Room 1 2 3 4 5 6 7 8 9 10 More Info Tower Club Suite City V,rate_fd68e8c5a3b8168c6c,,,,,,,18.82,,USD,未知,未知,2026-09-05,2026-09-06,https://www.bookmybooking.com/hotel-landing-page?childcount=0&roomcount=1&childage=&locationtype=country&checkInCheckOut=2026/09/05-2026/09/06&adultcount=2&hotel-id=5548,"{""优惠标签"": """", ""入住人数"": """", ""其他权益"": """", ""原价"": """", ""取消政策"": """", ""币种"": ""USD"", ""库存提示"": """", ""当前价"": ""18.82"", ""支付方式"": """", ""早餐"": """", ""确认政策"": """", ""税费"": """"}",R,R,已隔离,否,已知语义误采平台待修复；价格计价单位未确认；税费包含状态未确认；尚未通过T4人工复核,c5980c4b1bae34d02485ec9ccd25e622dd0b3bfd1987783c30e16b8cb1cfed5b,31fe5f2190f2cb858321cc11d0da3a3e6553d9260b04001acf157a9b68c90c89,20260906-092202-csv-fb22d95c,,,,
509b9fe0aace0dc7a4c7728bcde85851bc46487ea487323b966a364dd94a0b11,ChIJCWbW7MWY4jARuQATRiSHlA0,lebua at State Tower,traveluro,Traveluro,H104088,Standard Room,Standard Room,,,,,,,351e493c-fe8a-43be-92c2-5cd87a2b5a6d,,,,,,,116,,USD,未知,未知,2026-09-05,2026-09-06,https://www.traveluro.com/hotels/thailand_th_bangkok/104088_lebua-at-state-tower?checkIn=2026-09-05&checkOut=2026-09-06&placeId=H104088&campaignName=Google_US&currencyCode=USD&dealkey_redacted=1&countryCode=US&languageCode=en&rule=Google_US&site=mapresults&ads=&priceDisplayedTotal=136.00&priceDisplayedTax=19.76&device=desktop&adults=2&children=0,"{""优惠标签"": """", ""入住人数"": """", ""其他权益"": """", ""原价"": """", ""取消政策"": """", ""币种"": ""USD"", ""库存提示"": """", ""当前价"": ""116"", ""支付方式"": """", ""早餐"": """", ""确认政策"": """", ""税费"": """"}",T3,T3,待人工核验,否,价格计价单位未确认；税费包含状态未确认；尚未通过T4人工复核,ae303624be62ed35df6dde9efb7d8ab9132be0b5f9f95c294483cc54578d867e,91c62e2c40804abe6375d95b1f9c0423645c9bb583e3630b29ac95b8bc88c599,20260906-092202-csv-fb22d95c,,,,
910543285c239293446d6c7e9ec5884b394a939bc3cf703c2fb7d3977faa6403,ChIJCWbW7MWY4jARuQATRiSHlA0,lebua at State Tower,tripening,Tripening Hotels,4662055,room_17cf75bb151771e45f,GreenHouse1998,,,,,,"GreenHouse1998 84 Rumbuttri Alley, Talat Yod, Pra Nakhon, Bangkok, 10200. , Bangkok, 10200, TH Total US$23.93 US$22.63/night",rate_94d126adab7b25a8e0,,,,,,,22.63,,USD,未知,未知,2026-09-05,2026-09-06,https://www.tripening.com/hotels/th-10-bangkok/4662055-lebua-at-state-tower?checkin-date=2026-09-05&checkout-date=2026-09-06&adults=2&currency=USD&lang=en&google-package-id=&rate-rule-id=&google-displayed-price=166.16&children=0&google-displayed-tax=0.00&google-displayed-currency=USD&utm_source=google_hotel_ads&utm_medium=free&utm_campaign=gha_property,"{""优惠标签"": """", ""入住人数"": """", ""其他权益"": """", ""原价"": """", ""取消政策"": """", ""币种"": ""USD"", ""库存提示"": """", ""当前价"": ""22.63"", ""支付方式"": """", ""早餐"": """", ""确认政策"": """", ""税费"": """"}",R,R,已隔离,否,已知语义误采平台待修复；价格计价单位未确认；税费包含状态未确认；尚未通过T4人工复核,374c7e99c44301802e189e6f6badcb4e22f8eefaed769ceffcb9d64d6a94ccc1,3f8b000e56d431cc366bc58a26cfaf074cf64358b45d4db3268d91bf0194af06,20260906-092202-csv-fb22d95c,,,,
f8e810e933089146f62ffcd04328714f43be34ce4ea03446530df8c83d6b570f,ChIJCWbW7MWY4jARuQATRiSHlA0,lebua at State Tower,tripening,Tripening Hotels,4662055,room_2356dd37f9dc3bbe35,Bud Brew Beyond,,,,,,"Bud Brew Beyond 147 Soi Kraisi, Khwaeng Talat Yot 5-6 5-6, Bangkok, 10200, TH Total US$39.01 US$30.27/night",rate_e4242ec7ebabb09778,,,,,,,30.27,,USD,未知,未知,2026-09-05,2026-09-06,https://www.tripening.com/hotels/th-10-bangkok/4662055-lebua-at-state-tower?checkin-date=2026-09-05&checkout-date=2026-09-06&adults=2&currency=USD&lang=en&google-package-id=&rate-rule-id=&google-displayed-price=166.16&children=0&google-displayed-tax=0.00&google-displayed-currency=USD&utm_source=google_hotel_ads&utm_medium=free&utm_campaign=gha_property,"{""优惠标签"": """", ""入住人数"": """", ""其他权益"": """", ""原价"": """", ""取消政策"": """", ""币种"": ""USD"", ""库存提示"": """", ""当前价"": ""30.27"", ""支付方式"": """", ""早餐"": """", ""确认政策"": """", ""税费"": """"}",R,R,已隔离,否,已知语义误采平台待修复；价格计价单位未确认；税费包含状态未确认；尚未通过T4人工复核,6d497d4e22d626d5b0ca581e4bafea6299a233430d124f5d94c56206142aac4b,7d5d76afb10a9c051fa47b7d87c8580cb4ba19fd8eb6d1f3b1b75badbad2ced7,20260906-092202-csv-fb22d95c,,,,
0226c44c30a7be46efe64b482fe9a6c7c04a5d9a8e32eb60688b5beb48347500,ChIJCWbW7MWY4jARuQATRiSHlA0,lebua at State Tower,tripening,Tripening Hotels,4662055,room_2433d35f2388871ba6,Matini Grand Station Hostel,,,,,,"Matini Grand Station Hostel No. 31-32, Phahonyothin Market, Yan , Bangkok, 10400, TH Total US$26.58 US$21.00/night",,,,,,,,21.00,,USD,未知,未知,2026-09-05,2026-09-06,https://www.tripening.com/hotels/th-10-bangkok/4662055-lebua-at-state-tower?checkin-date=2026-09-05&checkout-date=2026-09-06&adults=2&currency=USD&lang=en&google-package-id=&rate-rule-id=&google-displayed-price=166.16&children=0&google-displayed-tax=0.00&google-displayed-currency=USD&utm_source=google_hotel_ads&utm_medium=free&utm_campaign=gha_property,"Matini Grand Station Hostel No. 31-32, Phahonyothin Market, Yan , Bangkok, 10400, TH Total US$26.58 US$21.00/night",R,,已隔离,否,未取得售卖方案或尚未通过T4人工复核,ef153527cf7f871ed3499480b6f95e24d26d7adb275ed24cca10e43dd0d385ac,,20260906-092202-csv-fb22d95c,,,,
a4b3087c94d670383162b2109067f7000def2050d21c17ffd4992eac6ee643ca,ChIJCWbW7MWY4jARuQATRiSHlA0,lebua at State Tower,tripening,Tripening Hotels,4662055,room_771ab7d67945d0ab23,Bangkok Teak,,,,,,"Bangkok Teak No. 131, Soi Sukhumvit 66/1, Bang Na, Thailand , Bangkok, 10260, TH 7.4 Very Good 22 reviews Total US$27.74 US$21.92/night",rate_9a1328ff75198207a4,,,,,,,21.92,,USD,未知,未知,2026-09-05,2026-09-06,https://www.tripening.com/hotels/th-10-bangkok/4662055-lebua-at-state-tower?checkin-date=2026-09-05&checkout-date=2026-09-06&adults=2&currency=USD&lang=en&google-package-id=&rate-rule-id=&google-displayed-price=166.16&children=0&google-displayed-tax=0.00&google-displayed-currency=USD&utm_source=google_hotel_ads&utm_medium=free&utm_campaign=gha_property,"{""优惠标签"": """", ""入住人数"": """", ""其他权益"": """", ""原价"": """", ""取消政策"": """", ""币种"": ""USD"", ""库存提示"": """", ""当前价"": ""21.92"", ""支付方式"": """", ""早餐"": """", ""确认政策"": """", ""税费"": """"}",R,R,已隔离,否,已知语义误采平台待修复；价格计价单位未确认；税费包含状态未确认；尚未通过T4人工复核,f6bbcca5afaa217f347571c015364600c2c04056b39ef83550ecbd93d4fba455,e25d0961b1127151ff8f48351adea05aa55f3ac84da58216f691fd3884d664ff,20260906-092202-csv-fb22d95c,,,,
196627fc50731828a82fb17eb22b9c2aa474efd8905afde0f82bb015126b9e17,ChIJCWbW7MWY4jARuQATRiSHlA0,lebua at State Tower,tripening,Tripening Hotels,4662055,room_d4afdfa054260848ca,S Ratchada Leisure Hotel - SHA PLUS,,,,,,"S Ratchada Leisure Hotel - SHA PLUS 52 Thiam Ruam Mit Road Huai Khawang, Bangkok, Bangkok, 10310, TH Total US$40.89 US$31.58/night",rate_32f79a5ae18fe514b9,,,,,,,31.58,,USD,未知,未知,2026-09-05,2026-09-06,https://www.tripening.com/hotels/th-10-bangkok/4662055-lebua-at-state-tower?checkin-date=2026-09-05&checkout-date=2026-09-06&adults=2&currency=USD&lang=en&google-package-id=&rate-rule-id=&google-displayed-price=166.16&children=0&google-displayed-tax=0.00&google-displayed-currency=USD&utm_source=google_hotel_ads&utm_medium=free&utm_campaign=gha_property,"{""优惠标签"": """", ""入住人数"": """", ""其他权益"": """", ""原价"": """", ""取消政策"": """", ""币种"": ""USD"", ""库存提示"": """", ""当前价"": ""31.58"", ""支付方式"": """", ""早餐"": """", ""确认政策"": """", ""税费"": """"}",R,R,已隔离,否,已知语义误采平台待修复；价格计价单位未确认；税费包含状态未确认；尚未通过T4人工复核,e541270bc84d3600a2905a68b686fc6b42900b931f3e54590ba6efb5bc4cdbad,29aaaf458c7f9cfd921f42474abbc7e284c9f00e68b5bb2bef4fd6268b2c1b1a,20260906-092202-csv-fb22d95c,,,,
6295673002014852da2039b36e2ca25214c733771f4409e843cc2176db05332d,ChIJCWbW7MWY4jARuQATRiSHlA0,lebua at State Tower,tripening,Tripening Hotels,4662055,room_d6c183236eba4ea00f,WAAN Apartment,,,,,,"WAAN Apartment 90 Soi Thawon Khwaeng Suan Luang Waan Apartments Waan Apartments, Bangkok, 10250, TH Total US$27.58 US$21.79/night",rate_6562b5e1b3a65421a9,,,,,,,21.79,,USD,未知,未知,2026-09-05,2026-09-06,https://www.tripening.com/hotels/th-10-bangkok/4662055-lebua-at-state-tower?checkin-date=2026-09-05&checkout-date=2026-09-06&adults=2&currency=USD&lang=en&google-package-id=&rate-rule-id=&google-displayed-price=166.16&children=0&google-displayed-tax=0.00&google-displayed-currency=USD&utm_source=google_hotel_ads&utm_medium=free&utm_campaign=gha_property,"{""优惠标签"": """", ""入住人数"": """", ""其他权益"": """", ""原价"": """", ""取消政策"": """", ""币种"": ""USD"", ""库存提示"": """", ""当前价"": ""21.79"", ""支付方式"": """", ""早餐"": """", ""确认政策"": """", ""税费"": """"}",R,R,已隔离,否,已知语义误采平台待修复；价格计价单位未确认；税费包含状态未确认；尚未通过T4人工复核,1fd79e9a191739736f42644f03920049da7edf3bf3076119fc1e484bf0ce8485,fbf41e28502dfc0748a0002e899dbf24804c4df569b455754b8c90d9916cb67d,20260906-092202-csv-fb22d95c,,,,
1a99f6445c5e80422142e0b5b2071bc2e9bc2cc23cfe82187f6c980c4d7fe630,ChIJCWbW7MWY4jARuQATRiSHlA0,lebua at State Tower,tripening,Tripening Hotels,4662055,room_dbbafedd0ef8141067,Sky Place Srinakarin,,,,,,"Sky Place Srinakarin 522 Srinakarin Road, Suanlaung Bangkok, Bangkok, 10250, TH Total US$42.57 US$33.64/night",rate_02f08acabdd7603782,,,,,,,33.64,,USD,未知,未知,2026-09-05,2026-09-06,https://www.tripening.com/hotels/th-10-bangkok/4662055-lebua-at-state-tower?checkin-date=2026-09-05&checkout-date=2026-09-06&adults=2&currency=USD&lang=en&google-package-id=&rate-rule-id=&google-displayed-price=166.16&children=0&google-displayed-tax=0.00&google-displayed-currency=USD&utm_source=google_hotel_ads&utm_medium=free&utm_campaign=gha_property,"{""优惠标签"": """", ""入住人数"": """", ""其他权益"": """", ""原价"": """", ""取消政策"": """", ""币种"": ""USD"", ""库存提示"": """", ""当前价"": ""33.64"", ""支付方式"": """", ""早餐"": """", ""确认政策"": """", ""税费"": """"}",R,R,已隔离,否,已知语义误采平台待修复；价格计价单位未确认；税费包含状态未确认；尚未通过T4人工复核,42784ee6a2e146698d599ca95fb1b2d0e357abe40cbe972e36bfb057ba694235,436e0817fa1ef10f5a2f51486f4c7c14014e2d0038853ce26765a08c89bd59bb,20260906-092202-csv-fb22d95c,,,,
9ae8511a4cad4240a343727a98cbdc2cc65f4924fae8bdb70a568897d3c663ff,ChIJCWbW7MWY4jARuQATRiSHlA0,lebua at State Tower,tripening,Tripening Hotels,4662055,room_ec456ead5f46d51bb9,You May Also Like,,,,,,"You May Also Like Matini Grand Station Hostel No. 31-32, Phahonyothin Market, Yan , Bangkok, 10400, TH Total US$26.58 US$21.00/night WAAN Apartment 90 Soi Thawon Khwaeng Suan Luang Waan Apartments Waan Apartments, Bangkok, 10250, TH Total US$27.58 US$21.79/night Bangkok Teak No. 131, Soi Sukhumvit 66/1, Bang Na, Thailand , Bangkok, 10260, TH 7.4 Very Good 22 reviews Total US$27.74 US$21.92/night GreenHouse1998 84 Rumbuttri Alley, Talat Yod, Pra Nakhon, Bangkok, 10200. , Bangkok, 10200, TH Total US$23.93 US$22.63/night Nona Hotel 117/12 Phetchaburi , Bangkok, 10400, TH Total US$33.66 US$26.60/night Bud Brew Beyond 147 Soi Kraisi, Khwaeng Talat Yot 5-6 5-6, Bangkok, 10200, TH Total US$39.01 US$30.27/night S Ratchada Leisure Hotel - SHA PLUS 52 Thiam Ruam Mit Road Huai Khawang, Bangkok, Bangkok, 10310, TH Total US$40.89 US$31.58/night Sky Place Srinakarin 522 Srinakarin Road, Suanlaung Bangkok, Bangkok, 10250, TH Total US$42.57 US$33.64/night",rate_1fd2b6e6ed9a874eff,,,,,,,21.00,,USD,未知,未知,2026-09-05,2026-09-06,https://www.tripening.com/hotels/th-10-bangkok/4662055-lebua-at-state-tower?checkin-date=2026-09-05&checkout-date=2026-09-06&adults=2&currency=USD&lang=en&google-package-id=&rate-rule-id=&google-displayed-price=166.16&children=0&google-displayed-tax=0.00&google-displayed-currency=USD&utm_source=google_hotel_ads&utm_medium=free&utm_campaign=gha_property,"{""优惠标签"": """", ""入住人数"": """", ""其他权益"": """", ""原价"": """", ""取消政策"": """", ""币种"": ""USD"", ""库存提示"": """", ""当前价"": ""21.00"", ""支付方式"": """", ""早餐"": """", ""确认政策"": """", ""税费"": """"}",R,R,已隔离,否,已知语义误采平台待修复；价格计价单位未确认；税费包含状态未确认；尚未通过T4人工复核,3c399fa461b318871619e7cb08646f7491d4a73a610fe7f1eac8ee9df0b86b15,a1914c4295b46895a20f7f475ba9c4df49741629aa716c37e45b202bfdd59986,20260906-092202-csv-fb22d95c,,,,
1ebbfa538378270cae25ccd67814e943f0d5a025a5abb346140f012ee3ac9651,ChIJCWbW7MWY4jARuQATRiSHlA0,lebua at State Tower,tripening,Tripening Hotels,4662055,room_f00d9d5ddafc5a2c43,Nona Hotel,,,,,,"Nona Hotel 117/12 Phetchaburi , Bangkok, 10400, TH Total US$33.66 US$26.60/night",rate_59826a84824e2ba86b,,,,,,,26.60,,USD,未知,未知,2026-09-05,2026-09-06,https://www.tripening.com/hotels/th-10-bangkok/4662055-lebua-at-state-tower?checkin-date=2026-09-05&checkout-date=2026-09-06&adults=2&currency=USD&lang=en&google-package-id=&rate-rule-id=&google-displayed-price=166.16&children=0&google-displayed-tax=0.00&google-displayed-currency=USD&utm_source=google_hotel_ads&utm_medium=free&utm_campaign=gha_property,"{""优惠标签"": """", ""入住人数"": """", ""其他权益"": """", ""原价"": """", ""取消政策"": """", ""币种"": ""USD"", ""库存提示"": """", ""当前价"": ""26.60"", ""支付方式"": """", ""早餐"": """", ""确认政策"": """", ""税费"": """"}",R,R,已隔离,否,已知语义误采平台待修复；价格计价单位未确认；税费包含状态未确认；尚未通过T4人工复核,c816a15fc849c5408fbe3a9dd8c888a0c08702ae3d4fde4bb6f42d2c74faee3b,bf62f6a155c59a8bf35398f8aa2d36d4312c463f9ece859f60c310c3f9b6ed1c,20260906-092202-csv-fb22d95c,,,,
d7b80170c3b643d3733c575ef467074b790b976d978522ae68656fd32a540bca,ChIJCWbW7MWY4jARuQATRiSHlA0,lebua at State Tower,trivago_deals,trivago DEALS,H104088,Standard Room,Standard Room,,,,,,,23a965a3-f7c1-48d2-8d5b-de9546e361a1,,,,,,,119,,USD,未知,未知,2026-09-05,2026-09-06,https://www.trivago.deals/hotels/thailand_th_bangkok/104088_lebua-at-state-tower?checkIn=2026-09-05&checkOut=2026-09-06&placeId=H104088&campaignName=TrivagoDeals_Google_US&currencyCode=USD&dealkey_redacted=1&countryCode=US&languageCode=en&rule=Google_US&site=mapresults&ads=&priceDisplayedTotal=139.00&priceDisplayedTax=20.20&device=desktop&adults=2&children=0,"{""优惠标签"": """", ""入住人数"": """", ""其他权益"": """", ""原价"": """", ""取消政策"": """", ""币种"": ""USD"", ""库存提示"": """", ""当前价"": ""119"", ""支付方式"": """", ""早餐"": """", ""确认政策"": """", ""税费"": """"}",T3,T3,待人工核验,否,价格计价单位未确认；税费包含状态未确认；尚未通过T4人工复核,4c99f48429190933f2471237e599c01fffb476b4f78a3f539f1ad31baff7290c,307270635c1febe857742d67c35177dbc2e5b36c56134c0d75dc2e76ef418405,20260906-092202-csv-fb22d95c,,,,
e6e7a8f50b39f2f3b69df9ebfa12c2760ce94dffe0135831f9ff96dd135f1537,ChIJCWbW7MWY4jARuQATRiSHlA0,lebua at State Tower,vio,Vio.com,1043031,332jSGpcOAs,Lebua Suite City View,,,,,3,,rate_1ed16c81750560e260,,,,,,,5814.5972283332,716.334580304,THB,住宿总价,已含税,2026-09-07,2026-09-08,https://www.vio.com/Hotel/1043031/en?currency=THB&forceCurrencyChange=1&lang=en&forceLanguageChange=1&rooms=2:&utm_source=gha&utm_medium=cpc&userCountry=TH&profile=r2d2m73kn8&preferredRate=144.33&deviceType=desktop&label=src%3Dgha&cltype=hotel&datype=default&gsite=mapresults&vf=0&ucountry=US&udevice=desktop&hotel=1043031&day=05&month=09&year=2026&los=1&price=144.33&cid=&listid=&rateid=US_D&closerateid=&promo=0&isPrivateRate=0&isAudienceUser=0&isPaidClick=0&cp=qjAX_UygL65MK20CCg4I31wYghQiA1VTRFIBMhIaFZYrVOgaCzFuREl3WVBlNmpVKAMwzLXk1AY&srpSearchId=075e608c-6a88-48f0-be98-fa7d28a25c36&srpSearchFlow=regular&isAnchor=1&anonymousId=bae76f86-37b6-4835-8021-81d08490941b&checkIn=2026-09-07&checkOut=2026-09-08,"{""优惠标签"": """", ""入住人数"": """", ""其他权益"": """", ""原价"": """", ""取消政策"": """", ""币种"": ""THB"", ""库存提示"": """", ""当前价"": ""5814.5972283332"", ""支付方式"": """", ""早餐"": """", ""确认政策"": """", ""税费"": ""716.334580304""}",T3,T3,待人工核验,否,尚未通过T4人工复核,ccbbb37b86b2c38c2ffc088677df439f2b22813c88b85c4d6ccc42bc48d6af8d,4208add8b9dfdb1905b365d5accd59fb48cd92509b1ecc8f999477ac1da5ae3a,20260906-092202-csv-fb22d95c,,,,
c61e3f1c097534e6a55bbdd439804edec0c9ecd5f8409d11abcd26b824df726f,ChIJCWbW7MWY4jARuQATRiSHlA0,lebua at State Tower,vio,Vio.com,1043031,3tGrGeaYK6w,Lebua Suite City View,,,,,3,,,,,,,,,,,THB,未知,未知,2026-09-05,2026-09-06,https://www.vio.com/Hotel/1043031/en?currency=USD&forceCurrencyChange=1&lang=en&forceLanguageChange=1&rooms=2%3A&utm_source=gha&utm_medium=cpc&userCountry=US&profile=r2d2m73kn8&preferredRate=144.33&deviceType=desktop&label=src%3Dgha&cltype=hotel&datype=default&gsite=mapresults&vf=0&ucountry=US&udevice=desktop&hotel=1043031&day=05&month=09&year=2026&los=1&price=144.33&cid=&listid=&rateid=US_D&closerateid=&promo=0&isPrivateRate=0&isAudienceUser=0&isPaidClick=0&cp=qjAX_UygL65MK20CCg4I31wYghQiA1VTRFIBMhIaFZYrVOgaCzFuREl3WVBlNmpVKAMwzLXk1AY&srpSearchId=075e608c-6a88-48f0-be98-fa7d28a25c36&srpSearchFlow=regular&isAnchor=1&anonymousId=bae76f86-37b6-4835-8021-81d08490941b&checkIn=2026-09-05&checkOut=2026-09-06,,T3,,待人工核验,否,未取得售卖方案或尚未通过T4人工复核,db7d4715873a17e13f2f35c00b12ed11fe668df27429c64fd33a8aafc66fd71c,,20260906-092202-csv-fb22d95c,,,,
e6c12aff13ea9cdafe0abe29f96bb374da557b1dd03d68de140b17e1cd7ea797,ChIJCWbW7MWY4jARuQATRiSHlA0,lebua at State Tower,vio,Vio.com,1043031,7_eZrOFxjDY,Suite City View King Bed,,,,,8,,rate_573e55c73c1f218f4c,,,,,,,6682.5559614685,823.0959840994,THB,住宿总价,已含税,2026-09-18,2026-09-19,https://www.vio.com/Hotel/1043031/en?currency=THB&forceCurrencyChange=1&lang=en&forceLanguageChange=1&rooms=2:&utm_source=gha&utm_medium=cpc&userCountry=TH&profile=r2d2m73kn8&preferredRate=144.33&deviceType=desktop&label=src%3Dgha&cltype=hotel&datype=default&gsite=mapresults&vf=0&ucountry=US&udevice=desktop&hotel=1043031&day=05&month=09&year=2026&los=1&price=144.33&cid=&listid=&rateid=US_D&closerateid=&promo=0&isPrivateRate=0&isAudienceUser=0&isPaidClick=0&cp=qjAX_UygL65MK20CCg4I31wYghQiA1VTRFIBMhIaFZYrVOgaCzFuREl3WVBlNmpVKAMwzLXk1AY&srpSearchId=075e608c-6a88-48f0-be98-fa7d28a25c36&srpSearchFlow=regular&isAnchor=1&anonymousId=bae76f86-37b6-4835-8021-81d08490941b&checkIn=2026-09-18&checkOut=2026-09-19,"{""优惠标签"": """", ""入住人数"": """", ""其他权益"": """", ""原价"": """", ""取消政策"": """", ""币种"": ""THB"", ""库存提示"": """", ""当前价"": ""6682.5559614685"", ""支付方式"": """", ""早餐"": """", ""确认政策"": """", ""税费"": ""823.0959840994""}",T3,T3,待人工核验,否,尚未通过T4人工复核,58a74e2c013054165086a28ad3b606548d4c4f8119a2fb96f0d4878457870293,c27c869fc70869ca679b745f2e82481aef3ff8944bddaea8592ad3da458d1c43,20260906-092202-csv-fb22d95c,,,,
686e90514d3e1bb81b47d81440f65d73798ff117cca5cf09f0737f98e5efc47e,ChIJLxrEcMie4jARb4KfjpcicvA,Baiyoke Sky Hotel,booking,Booking.com,27364,2736401,Superior Double or Twin Room,twin bed,,,,2,"Superior Double or Twin Room Sleeps: 2 adults Select your bed (if available) 2 twin beds 1 queen bed 1 room 344 feet² High floor City view Pool with a view Rooftop pool Air conditioning Attached bathroom Flat-screen TV Free Wifi More Compare $249 $100 Original price $249 Current price $100 60% off Getaway Deal Included: 10 % Service charge Excluded: 7 % VAT Very good breakfast included Free cancellation before September 18, 2026 No prepayment needed – pay at the property Select Rooms 0 1 ($100) 2 ($200) 3 ($299) 4 ($399) 5 ($499) 6 ($599) 7 ($698) 8 ($798) 9 ($898) 10 ($998)",rate_8208ece08eaed0288a,good breakfast included,"Free cancellation before September 18, 2026",,prepay,2 adults,299,249,,USD,未知,未知,2026-09-23,2026-09-24,https://www.booking.com/hotel/th/baiyoke-sky.html?aid=2127489&label=metagha-link-MRUS-hotel-27364_dev-desktop_los-1_bw-20_dow-Wednesday_defdate-1_room-0_gstadt-2_rateid-public_aud-0_gacid-_mcid-34_ppa-0_clrid-0_ad-0_gstkid-0_checkin-20260923_ppt-Thb&sid=f01073f2874a1316fcf70202573191a6&all_sr_blocks=0_0_2_0_0&checkin=2026-09-23&checkout=2026-09-24&dest_id=27364&dest_type=hotel&dist=0&group_adults=2&group_children=0&hapos=1&highlighted_blocks=0_0_2_0_0&hpos=1&matching_block_id=0_0_2_0_0&no_rooms=1&req_adults=2&req_children=0&room1=A%2CA&sb_price_type=total&sr_order=popularity&sr_pri_blocks=0_0_2_0_0__235310&srepoch=1788446296&srpvid=36be66eb7bb8021e&type=total&ucfs=1&,"{""优惠标签"": ""nt price $100 60% off Getaway Deal Included: 10 % Service charge Excluded: 7 % VAT V"", ""入住人数"": ""2 adults"", ""其他权益"": """", ""原价"": ""299"", ""取消政策"": ""Free cancellation before September 18, 2026"", ""币种"": ""USD"", ""库存提示"": """", ""当前价"": ""249"", ""支付方式"": ""prepay"", ""早餐"": ""good breakfast included"", ""确认政策"": """", ""税费"": """"}",T3,T3,待人工核验,否,价格计价单位未确认；税费包含状态未确认；尚未通过T4人工复核,172818a45d7f22fdfd1da392bfd1d9a3504363d140ba4ccace2ad87cc2cfd2c6,20aea59e793cd342fb6c27fd77cf8beb8360969e2d8bd1b72571592d8507c46d,20260906-092202-csv-fb22d95c,,,,
4aef2e69275c6dc813df6052401f9b8edaee6a7cdf92c580c2f9e62860b4784e,ChIJLxrEcMie4jARb4KfjpcicvA,Baiyoke Sky Hotel,booking,Booking.com,27364,2736402,Deluxe Double or Twin Room Space Zone,twin bed,,,,2,"Deluxe Double or Twin Room Space Zone Sleeps: 2 adults Select your bed (if available) 2 twin beds 1 queen bed 1 room 355 feet² High floor City view Pool with a view Rooftop pool Air conditioning Attached bathroom Flat-screen TV Free Wifi More Compare $298 $119 Original price $298 Current price $119 60% off Getaway Deal Included: 10 % Service charge Excluded: 7 % VAT Very good breakfast included Free cancellation before September 18, 2026 No prepayment needed – pay at the property Select Rooms 0 1 ($119) 2 ($238) 3 ($357) 4 ($476) 5 ($595) 6 ($714) 7 ($833) 8 ($952) 9 ($1,071) 10 ($1,190)",rate_8d61dbe7fec1a42adf,good breakfast included,"Free cancellation before September 18, 2026",,prepay,2 adults,357,298,,USD,未知,未知,2026-09-23,2026-09-24,https://www.booking.com/hotel/th/baiyoke-sky.html?aid=2127489&label=metagha-link-MRUS-hotel-27364_dev-desktop_los-1_bw-20_dow-Wednesday_defdate-1_room-0_gstadt-2_rateid-public_aud-0_gacid-_mcid-34_ppa-0_clrid-0_ad-0_gstkid-0_checkin-20260923_ppt-Thb&sid=f01073f2874a1316fcf70202573191a6&all_sr_blocks=0_0_2_0_0&checkin=2026-09-23&checkout=2026-09-24&dest_id=27364&dest_type=hotel&dist=0&group_adults=2&group_children=0&hapos=1&highlighted_blocks=0_0_2_0_0&hpos=1&matching_block_id=0_0_2_0_0&no_rooms=1&req_adults=2&req_children=0&room1=A%2CA&sb_price_type=total&sr_order=popularity&sr_pri_blocks=0_0_2_0_0__235310&srepoch=1788446296&srpvid=36be66eb7bb8021e&type=total&ucfs=1&,"{""优惠标签"": ""nt price $119 60% off Getaway Deal Included: 10 % Service charge Excluded: 7 % VAT V"", ""入住人数"": ""2 adults"", ""其他权益"": """", ""原价"": ""357"", ""取消政策"": ""Free cancellation before September 18, 2026"", ""币种"": ""USD"", ""库存提示"": """", ""当前价"": ""298"", ""支付方式"": ""prepay"", ""早餐"": ""good breakfast included"", ""确认政策"": """", ""税费"": """"}",T3,T3,待人工核验,否,价格计价单位未确认；税费包含状态未确认；尚未通过T4人工复核,7917ce727294e3b20054b2810056386933f66326bb9f4b8066706d256f8417c0,569a8d09c5e571a3107b40b0eec3338b18f2f20d0df1300623dd90266b2619a1,20260906-092202-csv-fb22d95c,,,,
23b5b7ed8115a0ce0bfbc6b61a80429097dc983063c458f694108bf3c22cab9b,ChIJLxrEcMie4jARb4KfjpcicvA,Baiyoke Sky Hotel,booking,Booking.com,27364,2736403,Deluxe Double or Twin Room Sky Zone,twin bed,,,,2,"Deluxe Double or Twin Room Sky Zone Sleeps: 2 adults Select your bed (if available) 2 twin beds 1 king bed 1 room 388 feet² High floor City view Pool with a view Rooftop pool Air conditioning Attached bathroom Flat-screen TV Free Wifi More Compare $269 $108 Original price $269 Current price $108 60% off Getaway Deal Included: 10 % Service charge Excluded: 7 % VAT Very good breakfast included Free cancellation before September 18, 2026 No prepayment needed – pay at the property Select Rooms 0 1 ($108) 2 ($215) 3 ($323) 4 ($431) 5 ($539) 6 ($646) 7 ($754) 8 ($862) 9 ($969) 10 ($1,077)",rate_b955543af6291e6b9b,good breakfast included,"Free cancellation before September 18, 2026",,prepay,2 adults,323,269,,USD,未知,未知,2026-09-23,2026-09-24,https://www.booking.com/hotel/th/baiyoke-sky.html?aid=2127489&label=metagha-link-MRUS-hotel-27364_dev-desktop_los-1_bw-20_dow-Wednesday_defdate-1_room-0_gstadt-2_rateid-public_aud-0_gacid-_mcid-34_ppa-0_clrid-0_ad-0_gstkid-0_checkin-20260923_ppt-Thb&sid=f01073f2874a1316fcf70202573191a6&all_sr_blocks=0_0_2_0_0&checkin=2026-09-23&checkout=2026-09-24&dest_id=27364&dest_type=hotel&dist=0&group_adults=2&group_children=0&hapos=1&highlighted_blocks=0_0_2_0_0&hpos=1&matching_block_id=0_0_2_0_0&no_rooms=1&req_adults=2&req_children=0&room1=A%2CA&sb_price_type=total&sr_order=popularity&sr_pri_blocks=0_0_2_0_0__235310&srepoch=1788446296&srpvid=36be66eb7bb8021e&type=total&ucfs=1&,"{""优惠标签"": ""nt price $108 60% off Getaway Deal Included: 10 % Service charge Excluded: 7 % VAT V"", ""入住人数"": ""2 adults"", ""其他权益"": """", ""原价"": ""323"", ""取消政策"": ""Free cancellation before September 18, 2026"", ""币种"": ""USD"", ""库存提示"": """", ""当前价"": ""269"", ""支付方式"": ""prepay"", ""早餐"": ""good breakfast included"", ""确认政策"": """", ""税费"": """"}",T3,T3,待人工核验,否,价格计价单位未确认；税费包含状态未确认；尚未通过T4人工复核,467f9f98dfddca11ac9bca6bf395804936d49e2d214cb8ff3b4041bf031f57b0,3b218783382dd420811e5dfea2f92ec422c6e17508954b2b7c764b68e86fa3b4,20260906-092202-csv-fb22d95c,,,,
4c7f340232e2c0ac099190be84d9ab43de575b3b8a38d4492daf860013f38698,ChIJLxrEcMie4jARb4KfjpcicvA,Baiyoke Sky Hotel,booking,Booking.com,27364,2736406,Special Offer - Superior Double or Twin Room,twin bed,,,,2,"Special Offer - Superior Double or Twin Room Sleeps: 2 adults Select your bed (if available) 2 twin beds 1 king bed 1 room 344 feet² High floor City view Pool with a view Rooftop pool Air conditioning Attached bathroom Flat-screen TV Free Wifi Free toiletries Bathrobe Safety deposit box Bidet Toilet Bath or shower Towels Linens Socket near the bed Desk Seating area TV Slippers Refrigerator Telephone Satellite channels Tea/Coffee maker Hairdryer Wake-up service/Alarm clock Carpeted Electric kettle Wake-up service Wardrobe or closet Clothes rack Toilet paper Compare $184 $74 Original price $184 Current price $74 60% off Getaway Deal Included: 10 % Service charge Excluded: 7 % VAT Very good breakfast $14 Free cancellation before September 18, 2026 No prepayment needed – pay at the property Select Rooms 0 1 ($74) 2 ($147) 3 ($221) 4 ($295) 5 ($368) 6 ($442) 7 ($516) 8 ($590) 9 ($663) 10 ($737)",rate_ef1d9bf48bfe32f0a0,,"Free cancellation before September 18, 2026",,prepay,2 adults,221,184,,USD,未知,未知,2026-09-23,2026-09-24,https://www.booking.com/hotel/th/baiyoke-sky.html?aid=2127489&label=metagha-link-MRUS-hotel-27364_dev-desktop_los-1_bw-20_dow-Wednesday_defdate-1_room-0_gstadt-2_rateid-public_aud-0_gacid-_mcid-34_ppa-0_clrid-0_ad-0_gstkid-0_checkin-20260923_ppt-Thb&sid=f01073f2874a1316fcf70202573191a6&all_sr_blocks=0_0_2_0_0&checkin=2026-09-23&checkout=2026-09-24&dest_id=27364&dest_type=hotel&dist=0&group_adults=2&group_children=0&hapos=1&highlighted_blocks=0_0_2_0_0&hpos=1&matching_block_id=0_0_2_0_0&no_rooms=1&req_adults=2&req_children=0&room1=A%2CA&sb_price_type=total&sr_order=popularity&sr_pri_blocks=0_0_2_0_0__235310&srepoch=1788446296&srpvid=36be66eb7bb8021e&type=total&ucfs=1&,"{""优惠标签"": ""ent price $74 60% off Getaway Deal Included: 10 % Service charge Excluded: 7 % VAT V"", ""入住人数"": ""2 adults"", ""其他权益"": """", ""原价"": ""221"", ""取消政策"": ""Free cancellation before September 18, 2026"", ""币种"": ""USD"", ""库存提示"": """", ""当前价"": ""184"", ""支付方式"": ""prepay"", ""早餐"": """", ""确认政策"": """", ""税费"": """"}",T3,T3,待人工核验,否,价格计价单位未确认；税费包含状态未确认；尚未通过T4人工复核,c9481b9474dac62719f331a64aba41eed04e2e2507d23bd5a17f5ef311c466e7,589bb2c8e3234de6edf3fc59b70b1ab2d4521c76dd4d74bdf5d2bb323a411b82,20260906-092202-csv-fb22d95c,,,,
ad1f5eb5ba5cf735b05a3fd69dd18c80a019e455e080c982214790835fe4832b,ChIJLxrEcMie4jARb4KfjpcicvA,Baiyoke Sky Hotel,booking,Booking.com,27364,2736410,Junior Suite Standard Zone,queen bed,,,,2,"Junior Suite Standard Zone Sleeps: 2 adults 1 queen bed Private suite 549 feet² High floor City view Pool with a view Rooftop pool Air conditioning Attached bathroom Flat-screen TV Free Wifi More Compare $207 $83 Original price $207 Current price $83 60% off Getaway Deal Included: 10 % Service charge Excluded: 7 % VAT Very good breakfast $14 Free cancellation before September 18, 2026 No prepayment needed – pay at the property Select Rooms 0 1 ($83) 2 ($166) 3 ($248) 4 ($331) 5 ($414) 6 ($497) 7 ($579) 8 ($662) 9 ($745) 10 ($828)",rate_7068ff7fa7345ca034,,"Free cancellation before September 18, 2026",,prepay,2 adults,248,207,,USD,未知,未知,2026-09-23,2026-09-24,https://www.booking.com/hotel/th/baiyoke-sky.html?aid=2127489&label=metagha-link-MRUS-hotel-27364_dev-desktop_los-1_bw-20_dow-Wednesday_defdate-1_room-0_gstadt-2_rateid-public_aud-0_gacid-_mcid-34_ppa-0_clrid-0_ad-0_gstkid-0_checkin-20260923_ppt-Thb&sid=f01073f2874a1316fcf70202573191a6&all_sr_blocks=0_0_2_0_0&checkin=2026-09-23&checkout=2026-09-24&dest_id=27364&dest_type=hotel&dist=0&group_adults=2&group_children=0&hapos=1&highlighted_blocks=0_0_2_0_0&hpos=1&matching_block_id=0_0_2_0_0&no_rooms=1&req_adults=2&req_children=0&room1=A%2CA&sb_price_type=total&sr_order=popularity&sr_pri_blocks=0_0_2_0_0__235310&srepoch=1788446296&srpvid=36be66eb7bb8021e&type=total&ucfs=1&,"{""优惠标签"": ""ent price $83 60% off Getaway Deal Included: 10 % Service charge Excluded: 7 % VAT V"", ""入住人数"": ""2 adults"", ""其他权益"": """", ""原价"": ""248"", ""取消政策"": ""Free cancellation before September 18, 2026"", ""币种"": ""USD"", ""库存提示"": """", ""当前价"": ""207"", ""支付方式"": ""prepay"", ""早餐"": """", ""确认政策"": """", ""税费"": """"}",T3,T3,待人工核验,否,价格计价单位未确认；税费包含状态未确认；尚未通过T4人工复核,361163676bc1b1fd68ba8ae6eea4d967e757e3bfbf80bad2915be2ebdaae764f,bb58aba37688248aa8765dd6873ca0ec87a32d6c7e6c699d7829e6b522b4ada2,20260906-092202-csv-fb22d95c,,,,
61b5f9e44b7642dc54e2d4d12b62970600fb597397a724a94b5befb7908af751,ChIJLxrEcMie4jARb4KfjpcicvA,Baiyoke Sky Hotel,booking,Booking.com,27364,2736411,Superior Suite Standard Zone,twin bed,,,,2,"Superior Suite Standard Zone Sleeps: 2 adults 2 twin beds and 1 queen bed Private suite 753 feet² High floor City view Pool with a view Rooftop pool Air conditioning Attached bathroom Flat-screen TV Free Wifi More Compare $230 $92 Original price $230 Current price $92 60% off Getaway Deal Included: 10 % Service charge Excluded: 7 % VAT Very good breakfast $14 Free cancellation before September 18, 2026 No prepayment needed – pay at the property Select Rooms 0 1 ($92) 2 ($184) 3 ($276) 4 ($367) 5 ($459) 6 ($551) 7 ($643) 8 ($735) 9 ($827) 10 ($918)",rate_b59e8c555b5c272e62,,"Free cancellation before September 18, 2026",,prepay,2 adults,276,230,,USD,未知,未知,2026-09-23,2026-09-24,https://www.booking.com/hotel/th/baiyoke-sky.html?aid=2127489&label=metagha-link-MRUS-hotel-27364_dev-desktop_los-1_bw-20_dow-Wednesday_defdate-1_room-0_gstadt-2_rateid-public_aud-0_gacid-_mcid-34_ppa-0_clrid-0_ad-0_gstkid-0_checkin-20260923_ppt-Thb&sid=f01073f2874a1316fcf70202573191a6&all_sr_blocks=0_0_2_0_0&checkin=2026-09-23&checkout=2026-09-24&dest_id=27364&dest_type=hotel&dist=0&group_adults=2&group_children=0&hapos=1&highlighted_blocks=0_0_2_0_0&hpos=1&matching_block_id=0_0_2_0_0&no_rooms=1&req_adults=2&req_children=0&room1=A%2CA&sb_price_type=total&sr_order=popularity&sr_pri_blocks=0_0_2_0_0__235310&srepoch=1788446296&srpvid=36be66eb7bb8021e&type=total&ucfs=1&,"{""优惠标签"": ""ent price $92 60% off Getaway Deal Included: 10 % Service charge Excluded: 7 % VAT V"", ""入住人数"": ""2 adults"", ""其他权益"": """", ""原价"": ""276"", ""取消政策"": ""Free cancellation before September 18, 2026"", ""币种"": ""USD"", ""库存提示"": """", ""当前价"": ""230"", ""支付方式"": ""prepay"", ""早餐"": """", ""确认政策"": """", ""税费"": """"}",T3,T3,待人工核验,否,价格计价单位未确认；税费包含状态未确认；尚未通过T4人工复核,d403b9e8be8a13040c5091d971a6fd4bd8ef67be3d0dc514c1c7b71577a41255,fb6b0747b5e84d4fe278ef0bb67d5c5610365365790ae6c8eebf560331be932b,20260906-092202-csv-fb22d95c,,,,
3202336ba6303b749ba34350b8c0b8bfaa8e68c2d5bd5fc3920ab87f933301f8,ChIJLxrEcMie4jARb4KfjpcicvA,Baiyoke Sky Hotel,booking,Booking.com,27364,2736412,Junior Suite Sky Zone,twin bed,,,,2,"Junior Suite Sky Zone Sleeps: 2 adults 1 twin bed and 1 queen bed Private suite 527 feet² High floor City view Pool with a view Rooftop pool Air conditioning Attached bathroom Flat-screen TV Free Wifi More Compare $230 $92 Original price $230 Current price $92 60% off Getaway Deal Included: 10 % Service charge Excluded: 7 % VAT Very good breakfast $14 Free cancellation before September 18, 2026 No prepayment needed – pay at the property Select Rooms 0 1 ($92) 2 ($184) 3 ($276) 4 ($367) 5 ($459) 6 ($551) 7 ($643) 8 ($735) 9 ($827) 10 ($918)",rate_70039cfab42f5329d5,,"Free cancellation before September 18, 2026",,prepay,2 adults,276,230,,USD,未知,未知,2026-09-23,2026-09-24,https://www.booking.com/hotel/th/baiyoke-sky.html?aid=2127489&label=metagha-link-MRUS-hotel-27364_dev-desktop_los-1_bw-20_dow-Wednesday_defdate-1_room-0_gstadt-2_rateid-public_aud-0_gacid-_mcid-34_ppa-0_clrid-0_ad-0_gstkid-0_checkin-20260923_ppt-Thb&sid=f01073f2874a1316fcf70202573191a6&all_sr_blocks=0_0_2_0_0&checkin=2026-09-23&checkout=2026-09-24&dest_id=27364&dest_type=hotel&dist=0&group_adults=2&group_children=0&hapos=1&highlighted_blocks=0_0_2_0_0&hpos=1&matching_block_id=0_0_2_0_0&no_rooms=1&req_adults=2&req_children=0&room1=A%2CA&sb_price_type=total&sr_order=popularity&sr_pri_blocks=0_0_2_0_0__235310&srepoch=1788446296&srpvid=36be66eb7bb8021e&type=total&ucfs=1&,"{""优惠标签"": ""ent price $92 60% off Getaway Deal Included: 10 % Service charge Excluded: 7 % VAT V"", ""入住人数"": ""2 adults"", ""其他权益"": """", ""原价"": ""276"", ""取消政策"": ""Free cancellation before September 18, 2026"", ""币种"": ""USD"", ""库存提示"": """", ""当前价"": ""230"", ""支付方式"": ""prepay"", ""早餐"": """", ""确认政策"": """", ""税费"": """"}",T3,T3,待人工核验,否,价格计价单位未确认；税费包含状态未确认；尚未通过T4人工复核,5c78a30b0469841a976c62d2bdfa8eb22d334a775eb1187b42f78969657c2f4a,02775062ded6a4defb213ca6939c3fcd7a1a2b4e7536c2beddcafc9c8c642f1c,20260906-092202-csv-fb22d95c,,,,
ad8abf1ead5d3c190f54864a632af1acb099e6f96cfc3576f94f7ae5400e8fab,ChIJLxrEcMie4jARb4KfjpcicvA,Baiyoke Sky Hotel,booking,Booking.com,27364,2736413,Family Suite,queen bed,,,,2,"Family Suite Sleeps: 2 adults 2 queen beds Private suite 753 feet² High floor City view Pool with a view Rooftop pool Air conditioning Attached bathroom Flat-screen TV Free Wifi More Compare $326 $130 Original price $326 Current price $130 60% off Getaway Deal Included: 10 % Service charge Excluded: 7 % VAT Very good breakfast included Free cancellation before September 18, 2026 No prepayment needed – pay at the property • We have 5 left Select Rooms 0 1 ($130) 2 ($261) 3 ($391) 4 ($522) 5 ($652)",rate_3539380f090486af8c,good breakfast included,"Free cancellation before September 18, 2026",,prepay,2 adults,391,326,,USD,未知,未知,2026-09-23,2026-09-24,https://www.booking.com/hotel/th/baiyoke-sky.html?aid=2127489&label=metagha-link-MRUS-hotel-27364_dev-desktop_los-1_bw-20_dow-Wednesday_defdate-1_room-0_gstadt-2_rateid-public_aud-0_gacid-_mcid-34_ppa-0_clrid-0_ad-0_gstkid-0_checkin-20260923_ppt-Thb&sid=f01073f2874a1316fcf70202573191a6&all_sr_blocks=0_0_2_0_0&checkin=2026-09-23&checkout=2026-09-24&dest_id=27364&dest_type=hotel&dist=0&group_adults=2&group_children=0&hapos=1&highlighted_blocks=0_0_2_0_0&hpos=1&matching_block_id=0_0_2_0_0&no_rooms=1&req_adults=2&req_children=0&room1=A%2CA&sb_price_type=total&sr_order=popularity&sr_pri_blocks=0_0_2_0_0__235310&srepoch=1788446296&srpvid=36be66eb7bb8021e&type=total&ucfs=1&,"{""优惠标签"": ""nt price $130 60% off Getaway Deal Included: 10 % Service charge Excluded: 7 % VAT V"", ""入住人数"": ""2 adults"", ""其他权益"": """", ""原价"": ""391"", ""取消政策"": ""Free cancellation before September 18, 2026"", ""币种"": ""USD"", ""库存提示"": """", ""当前价"": ""326"", ""支付方式"": ""prepay"", ""早餐"": ""good breakfast included"", ""确认政策"": """", ""税费"": """"}",T3,T3,待人工核验,否,价格计价单位未确认；税费包含状态未确认；尚未通过T4人工复核,938b113be0a83d3263a417520657a122cad9db9497462c3c5e6fe348a342760e,8948bb825402f669193963671a7905de60c757ec2cce71708e56b8f60b56986f,20260906-092202-csv-fb22d95c,,,,
cce8800f91f98524df64eacaebf5afd4c4df49dc0c683a22d8be97151ea6440e,ChIJLxrEcMie4jARb4KfjpcicvA,Baiyoke Sky Hotel,booking,Booking.com,27364,2736417,Special Offer - Deluxe Double or Twin Room Space Zone,queen bed,,,,2,"Special Offer - Deluxe Double or Twin Room Space Zone Sleeps: 2 adults Select your bed (if available) 1 queen bed 2 twin beds 1 room 355 feet² High floor City view Pool with a view Rooftop pool Air conditioning Attached bathroom Flat-screen TV Free Wifi More Compare $230 $92 Original price $230 Current price $92 60% off Getaway Deal Included: 10 % Service charge Excluded: 7 % VAT Very good breakfast $14 Free cancellation before September 18, 2026 No prepayment needed – pay at the property Select Rooms 0 1 ($92) 2 ($184) 3 ($276) 4 ($367) 5 ($459) 6 ($551) 7 ($643) 8 ($735) 9 ($827) 10 ($918)",rate_46537ad99a7a5d17e8,,"Free cancellation before September 18, 2026",,prepay,2 adults,276,230,,USD,未知,未知,2026-09-23,2026-09-24,https://www.booking.com/hotel/th/baiyoke-sky.html?aid=2127489&label=metagha-link-MRUS-hotel-27364_dev-desktop_los-1_bw-20_dow-Wednesday_defdate-1_room-0_gstadt-2_rateid-public_aud-0_gacid-_mcid-34_ppa-0_clrid-0_ad-0_gstkid-0_checkin-20260923_ppt-Thb&sid=f01073f2874a1316fcf70202573191a6&all_sr_blocks=0_0_2_0_0&checkin=2026-09-23&checkout=2026-09-24&dest_id=27364&dest_type=hotel&dist=0&group_adults=2&group_children=0&hapos=1&highlighted_blocks=0_0_2_0_0&hpos=1&matching_block_id=0_0_2_0_0&no_rooms=1&req_adults=2&req_children=0&room1=A%2CA&sb_price_type=total&sr_order=popularity&sr_pri_blocks=0_0_2_0_0__235310&srepoch=1788446296&srpvid=36be66eb7bb8021e&type=total&ucfs=1&,"{""优惠标签"": ""ent price $92 60% off Getaway Deal Included: 10 % Service charge Excluded: 7 % VAT V"", ""入住人数"": ""2 adults"", ""其他权益"": """", ""原价"": ""276"", ""取消政策"": ""Free cancellation before September 18, 2026"", ""币种"": ""USD"", ""库存提示"": """", ""当前价"": ""230"", ""支付方式"": ""prepay"", ""早餐"": """", ""确认政策"": """", ""税费"": """"}",T3,T3,待人工核验,否,价格计价单位未确认；税费包含状态未确认；尚未通过T4人工复核,2239a451567a9bc8cb52c9dcd0f73cdbbeb79b03647a92f2c83524695af2f0e3,688286565e32354dfa50fa2cee591ef568254f3644c97a35e9ba4e25c12fc5a9,20260906-092202-csv-fb22d95c,,,,
68d4a0c8e84ccdcd8a9b9015524f2322c986d77f261c0f5c676243d634ee0c54,ChIJLxrEcMie4jARb4KfjpcicvA,Baiyoke Sky Hotel,booking,Booking.com,27364,2736418,Special Offer - Deluxe Double or Twin Room Sky Zone,queen bed,,,,2,"Special Offer - Deluxe Double or Twin Room Sky Zone Sleeps: 2 adults Select your bed (if available) 1 queen bed 2 twin beds 1 room 388 feet² High floor City view Pool with a view Rooftop pool Air conditioning Attached bathroom Flat-screen TV Free Wifi More Compare $198 $79 Original price $198 Current price $79 60% off Getaway Deal Included: 10 % Service charge Excluded: 7 % VAT Very good breakfast $14 Free cancellation before September 18, 2026 No prepayment needed – pay at the property Select Rooms 0 1 ($79) 2 ($159) 3 ($238) 4 ($317) 5 ($397) 6 ($476) 7 ($556) 8 ($635) 9 ($714) 10 ($794)",rate_10a1c5a6ea59977354,,"Free cancellation before September 18, 2026",,prepay,2 adults,238,198,,USD,未知,未知,2026-09-23,2026-09-24,https://www.booking.com/hotel/th/baiyoke-sky.html?aid=2127489&label=metagha-link-MRUS-hotel-27364_dev-desktop_los-1_bw-20_dow-Wednesday_defdate-1_room-0_gstadt-2_rateid-public_aud-0_gacid-_mcid-34_ppa-0_clrid-0_ad-0_gstkid-0_checkin-20260923_ppt-Thb&sid=f01073f2874a1316fcf70202573191a6&all_sr_blocks=0_0_2_0_0&checkin=2026-09-23&checkout=2026-09-24&dest_id=27364&dest_type=hotel&dist=0&group_adults=2&group_children=0&hapos=1&highlighted_blocks=0_0_2_0_0&hpos=1&matching_block_id=0_0_2_0_0&no_rooms=1&req_adults=2&req_children=0&room1=A%2CA&sb_price_type=total&sr_order=popularity&sr_pri_blocks=0_0_2_0_0__235310&srepoch=1788446296&srpvid=36be66eb7bb8021e&type=total&ucfs=1&,"{""优惠标签"": ""ent price $79 60% off Getaway Deal Included: 10 % Service charge Excluded: 7 % VAT V"", ""入住人数"": ""2 adults"", ""其他权益"": """", ""原价"": ""238"", ""取消政策"": ""Free cancellation before September 18, 2026"", ""币种"": ""USD"", ""库存提示"": """", ""当前价"": ""198"", ""支付方式"": ""prepay"", ""早餐"": """", ""确认政策"": """", ""税费"": """"}",T3,T3,待人工核验,否,价格计价单位未确认；税费包含状态未确认；尚未通过T4人工复核,3d1e5e82a2f30dab1ef2cd6bdaacfe63e1a1f826809b884bd0a64e1e60fc9ffd,64926a7895a43d89f190e3653a9b9f0d59be33a3e11126270edcdd7dca1b691b,20260906-092202-csv-fb22d95c,,,,
d8bf7e343db0a76e1eb964f9fabc09257277f30b7ac36cfdfce5c75b4c5beb48,ChIJLxrEcMie4jARb4KfjpcicvA,Baiyoke Sky Hotel,booking,Booking.com,27364,bbasic_0,Double or Twin Superior,king bed,,,,,"Double or Twin Superior Beds: 1 king bed or 2 twin beds Bath Air conditioning Private bathroom Free Wifi More $71 Price $71 Includes taxes and fees Very good breakfast $14 Free cancellation before September 18, 2026 • Pay in advance Partner Offer Facilitated by a Booking.com partner company No modifications Confirmed within 2 minutes Can't be combined with other offers Learn more Select Rooms 0 1 ($71)",rate_6e337faeab8fc926cc,,"Free cancellation before September 18, 2026",,,,,71,,USD,未知,未知,2026-09-23,2026-09-24,https://www.booking.com/hotel/th/baiyoke-sky.html?aid=2127489&label=metagha-link-MRUS-hotel-27364_dev-desktop_los-1_bw-20_dow-Wednesday_defdate-1_room-0_gstadt-2_rateid-public_aud-0_gacid-_mcid-34_ppa-0_clrid-0_ad-0_gstkid-0_checkin-20260923_ppt-Thb&sid=f01073f2874a1316fcf70202573191a6&all_sr_blocks=0_0_2_0_0&checkin=2026-09-23&checkout=2026-09-24&dest_id=27364&dest_type=hotel&dist=0&group_adults=2&group_children=0&hapos=1&highlighted_blocks=0_0_2_0_0&hpos=1&matching_block_id=0_0_2_0_0&no_rooms=1&req_adults=2&req_children=0&room1=A%2CA&sb_price_type=total&sr_order=popularity&sr_pri_blocks=0_0_2_0_0__235310&srepoch=1788446296&srpvid=36be66eb7bb8021e&type=total&ucfs=1&,"{""优惠标签"": """", ""入住人数"": """", ""其他权益"": """", ""原价"": """", ""取消政策"": ""Free cancellation before September 18, 2026"", ""币种"": ""USD"", ""库存提示"": """", ""当前价"": ""71"", ""支付方式"": """", ""早餐"": """", ""确认政策"": """", ""税费"": """"}",T3,T3,待人工核验,否,价格计价单位未确认；税费包含状态未确认；尚未通过T4人工复核,b3d6cb51e5c7aaee75f5596175a0fb0a3ac3a465429dc718bd2d3f29eb4131d8,daef94adec117896094339162cd4dd099b070f81c174d648dc3fbb14d9bd5cfd,20260906-092202-csv-fb22d95c,,,,
99d52fc772a1294b7b54d7762765b72cc93055b96fe4c2ee0005e07ae212e79e,ChIJLxrEcMie4jARb4KfjpcicvA,Baiyoke Sky Hotel,stayforlong,Stayforlong.com,22451,room_32ab231ea813d02ea7,"Superior suite, standard zone, double or twin bed",twin bed 2 adults See room details $78,,,,2,"3 Superior suite, standard zone, double or twin bed 2 adults See room details $78 / night $151 $78 (1 night) Fees included Reserve See 3 room options",,,,,,,,78,,USD,未知,未知,2026-09-23,2026-09-24,https://www.stayforlong.com/us-en/hotel/th/baiyoke-sky-hotel_bangkok?checkIn=2026-09-23&checkOut=2026-09-24&adults=2&aid=gha&total=68&query_type=pull&ch=0&adclick=free&defaultdate=true&googlesite=mapresults&p=4f6b46716145b682b89cdf6f7f778bcf&rate_token=v2.z6a99306a00b44cb1e76b4c5ab05dad20&source_property_id=22451&source=meta,"3 Superior suite, standard zone, double or twin bed 2 adults See room details $78 / night $151 $78 (1 night) Fees included Reserve See 3 room options",T3,,待人工核验,否,未取得售卖方案或尚未通过T4人工复核,67a7d9a602ff4d4d1d64f15bac7c790e5f8a497590b04b91397e2d970067c2ea,,20260906-092202-csv-fb22d95c,,,,
5ed1c013cb94bcb0dd50dd3f2dab373639f92654a02ba0fe29f4d0f725d84f23,ChIJLxrEcMie4jARb4KfjpcicvA,Baiyoke Sky Hotel,stayforlong,Stayforlong.com,22451,room_3cd9663958187b2cb4,"Deluxe room, double or twin bed",twin bed 2 adults See room details $73,,,,2,"5 Deluxe room, double or twin bed 2 adults See room details $73 / night $142 $73 (1 night) Fees included Reserve $106 / night $199 $106 (1 night) Fees included Reserve $107 / night $202 $107 (1 night) Fees included Reserve View less",rate_5d90463cc5c1fca7bd,,,,,,,73,,USD,未知,未知,2026-09-23,2026-09-24,https://www.stayforlong.com/us-en/hotel/th/baiyoke-sky-hotel_bangkok?checkIn=2026-09-23&checkOut=2026-09-24&adults=2&aid=gha&total=68&query_type=pull&ch=0&adclick=free&defaultdate=true&googlesite=mapresults&p=4f6b46716145b682b89cdf6f7f778bcf&rate_token=v2.z6a99306a00b44cb1e76b4c5ab05dad20&source_property_id=22451&source=meta,"{""优惠标签"": """", ""入住人数"": """", ""其他权益"": """", ""原价"": """", ""取消政策"": """", ""币种"": ""USD"", ""库存提示"": """", ""当前价"": ""73"", ""支付方式"": """", ""早餐"": """", ""确认政策"": """", ""税费"": """"}",T3,T3,待人工核验,否,价格计价单位未确认；税费包含状态未确认；尚未通过T4人工复核,55795d1823a5e152a287b74f10ebcf43d28b1cccb83a18351c6c4ba7b0385993,c560726babcc330e85b7d8393e9b856db67bdb47cbfbec16a95ff08b3bf7564e,20260906-092202-csv-fb22d95c,,,,
99e4ebcfae64d1e981461b58eb3ba903b1c04f9263fbdb53eb74a3a8f97c1be2,ChIJLxrEcMie4jARb4KfjpcicvA,Baiyoke Sky Hotel,stayforlong,Stayforlong.com,22451,room_3cd9663958187b2cb4,"Deluxe room, double or twin bed",twin bed 2 adults See room details $73,,,,2,"5 Deluxe room, double or twin bed 2 adults See room details $73 / night $142 $73 (1 night) Fees included Reserve $106 / night $199 $106 (1 night) Fees included Reserve $107 / night $202 $107 (1 night) Fees included Reserve View less",rate_da9021bcdb82a42443,,,,,,,106,,USD,未知,未知,2026-09-23,2026-09-24,https://www.stayforlong.com/us-en/hotel/th/baiyoke-sky-hotel_bangkok?checkIn=2026-09-23&checkOut=2026-09-24&adults=2&aid=gha&total=68&query_type=pull&ch=0&adclick=free&defaultdate=true&googlesite=mapresults&p=4f6b46716145b682b89cdf6f7f778bcf&rate_token=v2.z6a99306a00b44cb1e76b4c5ab05dad20&source_property_id=22451&source=meta,"{""优惠标签"": """", ""入住人数"": """", ""其他权益"": """", ""原价"": """", ""取消政策"": """", ""币种"": ""USD"", ""库存提示"": """", ""当前价"": ""106"", ""支付方式"": """", ""早餐"": """", ""确认政策"": """", ""税费"": """"}",T3,T3,待人工核验,否,价格计价单位未确认；税费包含状态未确认；尚未通过T4人工复核,55795d1823a5e152a287b74f10ebcf43d28b1cccb83a18351c6c4ba7b0385993,d739dc12e6be0634b3ed8923da24d3ae7a1c4bc3575fce5ad1e1bd0b623fe05d,20260906-092202-csv-fb22d95c,,,,
3bfb3b79ea22146bfe8825198cb84cdd423eb4b327e561c2a7a2efac5f220487,ChIJLxrEcMie4jARb4KfjpcicvA,Baiyoke Sky Hotel,stayforlong,Stayforlong.com,22451,room_3cd9663958187b2cb4,"Deluxe room, double or twin bed",twin bed 2 adults See room details $73,,,,2,"5 Deluxe room, double or twin bed 2 adults See room details $73 / night $142 $73 (1 night) Fees included Reserve $106 / night $199 $106 (1 night) Fees included Reserve $107 / night $202 $107 (1 night) Fees included Reserve View less",rate_db534244cc6e045115,,,,,,,107,,USD,未知,未知,2026-09-23,2026-09-24,https://www.stayforlong.com/us-en/hotel/th/baiyoke-sky-hotel_bangkok?checkIn=2026-09-23&checkOut=2026-09-24&adults=2&aid=gha&total=68&query_type=pull&ch=0&adclick=free&defaultdate=true&googlesite=mapresults&p=4f6b46716145b682b89cdf6f7f778bcf&rate_token=v2.z6a99306a00b44cb1e76b4c5ab05dad20&source_property_id=22451&source=meta,"{""优惠标签"": """", ""入住人数"": """", ""其他权益"": """", ""原价"": """", ""取消政策"": """", ""币种"": ""USD"", ""库存提示"": """", ""当前价"": ""107"", ""支付方式"": """", ""早餐"": """", ""确认政策"": """", ""税费"": """"}",T3,T3,待人工核验,否,价格计价单位未确认；税费包含状态未确认；尚未通过T4人工复核,55795d1823a5e152a287b74f10ebcf43d28b1cccb83a18351c6c4ba7b0385993,773fd548bad07dc0c2cbd93ec7d5d8febcc1f2f798a8fa408b412de3bd77def0,20260906-092202-csv-fb22d95c,,,,
fbb8512db792f1b1076cfa0fd113df901bcedb5e4712d3c85d27f16464771072,ChIJLxrEcMie4jARb4KfjpcicvA,Baiyoke Sky Hotel,stayforlong,Stayforlong.com,22451,room_41a7b5e6b2b67a30bc,"Junior suite, double or twin bed",twin bed 2 adults See room details $77,,,,2,"18 Junior suite, double or twin bed 2 adults See room details $77 / night $149 $77 (1 night) Fees included Reserve $106 / night $199 $106 (1 night) Fees included Reserve $107 / night $202 $107 (1 night) Fees included Reserve View less",rate_02f52c55b1d7a0bf6a,,,,,,,77,,USD,未知,未知,2026-09-23,2026-09-24,https://www.stayforlong.com/us-en/hotel/th/baiyoke-sky-hotel_bangkok?checkIn=2026-09-23&checkOut=2026-09-24&adults=2&aid=gha&total=68&query_type=pull&ch=0&adclick=free&defaultdate=true&googlesite=mapresults&p=4f6b46716145b682b89cdf6f7f778bcf&rate_token=v2.z6a99306a00b44cb1e76b4c5ab05dad20&source_property_id=22451&source=meta,"{""优惠标签"": """", ""入住人数"": """", ""其他权益"": """", ""原价"": """", ""取消政策"": """", ""币种"": ""USD"", ""库存提示"": """", ""当前价"": ""77"", ""支付方式"": """", ""早餐"": """", ""确认政策"": """", ""税费"": """"}",T3,T3,待人工核验,否,价格计价单位未确认；税费包含状态未确认；尚未通过T4人工复核,db0209572286ca314ac23578cf0bb01a3110216e958d893c26c069ffdd29be83,1fd743a797b94efc110ede65aa3fa1acfdc020f6d2cc35da20f088ef8e3ce9da,20260906-092202-csv-fb22d95c,,,,
a4668cec9367823cea8892b67a5b868f71981a26210000e6fa55407213a092c0,ChIJLxrEcMie4jARb4KfjpcicvA,Baiyoke Sky Hotel,stayforlong,Stayforlong.com,22451,room_4a3e5095f08917aedf,"Junior suite, standard zone, double or twin bed",twin bed 2 adults See room details $71,,,,2,"10 Junior suite, standard zone, double or twin bed 2 adults See room details $71 / night $138 $71 (1 night) Fees included Reserve $91 / night $176 $91 (1 night) Fees included Reserve View less",rate_099e198186ffcd9b92,,,,,,,71,,USD,未知,未知,2026-09-23,2026-09-24,https://www.stayforlong.com/us-en/hotel/th/baiyoke-sky-hotel_bangkok?checkIn=2026-09-23&checkOut=2026-09-24&adults=2&aid=gha&total=68&query_type=pull&ch=0&adclick=free&defaultdate=true&googlesite=mapresults&p=4f6b46716145b682b89cdf6f7f778bcf&rate_token=v2.z6a99306a00b44cb1e76b4c5ab05dad20&source_property_id=22451&source=meta,"{""优惠标签"": """", ""入住人数"": """", ""其他权益"": """", ""原价"": """", ""取消政策"": """", ""币种"": ""USD"", ""库存提示"": """", ""当前价"": ""71"", ""支付方式"": """", ""早餐"": """", ""确认政策"": """", ""税费"": """"}",T3,T3,待人工核验,否,价格计价单位未确认；税费包含状态未确认；尚未通过T4人工复核,c34ebd417ecb66193204b47fc194cd1beae10c330e8ff199863c761498dfd403,2638ab7c15b299198bc5623706c536d16578b6a754031ed9f7180e15923699e2,20260906-092202-csv-fb22d95c,,,,
a838d2e0c18fcd0c09bee24922c7ca6c24845f5e751657ed8c949bd1a6d8971a,ChIJLxrEcMie4jARb4KfjpcicvA,Baiyoke Sky Hotel,stayforlong,Stayforlong.com,22451,room_87852e82d817a228c6,"Deluxe room, sky zone, double or twin bed",twin bed 2 adults See room details $68,,,,2,"5 Deluxe room, sky zone, double or twin bed 2 adults See room details $68 / night $133 $68 (1 night) Fees included Reserve $91 / night $176 $91 (1 night) Fees included Reserve View less",rate_38b1802b9a92778284,,,,,,,91,,USD,未知,未知,2026-09-23,2026-09-24,https://www.stayforlong.com/us-en/hotel/th/baiyoke-sky-hotel_bangkok?checkIn=2026-09-23&checkOut=2026-09-24&adults=2&aid=gha&total=68&query_type=pull&ch=0&adclick=free&defaultdate=true&googlesite=mapresults&p=4f6b46716145b682b89cdf6f7f778bcf&rate_token=v2.z6a99306a00b44cb1e76b4c5ab05dad20&source_property_id=22451&source=meta,"{""优惠标签"": """", ""入住人数"": """", ""其他权益"": """", ""原价"": """", ""取消政策"": """", ""币种"": ""USD"", ""库存提示"": """", ""当前价"": ""91"", ""支付方式"": """", ""早餐"": """", ""确认政策"": """", ""税费"": """"}",T3,T3,待人工核验,否,价格计价单位未确认；税费包含状态未确认；尚未通过T4人工复核,d008aa37873a7fbad69495b06724e68147cc1abb2556561c185815df37f231d7,e5a408778ad9817758cd848fc38599beee8b16f901856714f64a37fa712262f4,20260906-092202-csv-fb22d95c,,,,
0adc8d1c5509bc1dc9d27fb01372c37ab66baa1a348ee5f3ee2f0448f83be475,ChIJLxrEcMie4jARb4KfjpcicvA,Baiyoke Sky Hotel,stayforlong,Stayforlong.com,22451,room_87852e82d817a228c6,"Deluxe room, sky zone, double or twin bed",twin bed 2 adults See room details $68,,,,2,"5 Deluxe room, sky zone, double or twin bed 2 adults See room details $68 / night $133 $68 (1 night) Fees included Reserve $91 / night $176 $91 (1 night) Fees included Reserve View less",rate_e5c2a75476088f40da,,,,,,,68,,USD,未知,未知,2026-09-23,2026-09-24,https://www.stayforlong.com/us-en/hotel/th/baiyoke-sky-hotel_bangkok?checkIn=2026-09-23&checkOut=2026-09-24&adults=2&aid=gha&total=68&query_type=pull&ch=0&adclick=free&defaultdate=true&googlesite=mapresults&p=4f6b46716145b682b89cdf6f7f778bcf&rate_token=v2.z6a99306a00b44cb1e76b4c5ab05dad20&source_property_id=22451&source=meta,"{""优惠标签"": """", ""入住人数"": """", ""其他权益"": """", ""原价"": """", ""取消政策"": """", ""币种"": ""USD"", ""库存提示"": """", ""当前价"": ""68"", ""支付方式"": """", ""早餐"": """", ""确认政策"": """", ""税费"": """"}",T3,T3,待人工核验,否,价格计价单位未确认；税费包含状态未确认；尚未通过T4人工复核,d008aa37873a7fbad69495b06724e68147cc1abb2556561c185815df37f231d7,9e5734ef49e94ed83acf7b287645fdfc08255472e39ad17b1f15cb1409f357cb,20260906-092202-csv-fb22d95c,,,,
07d8fcb227389317da805d28e2e1258712f8c8490a6eb12c33434d0fa12dc952,ChIJLxrEcMie4jARb4KfjpcicvA,Baiyoke Sky Hotel,stayforlong,Stayforlong.com,22451,room_99f06cce32f25dfe02,"Superior room, double or twin bed",twin bed 2 adults See room details $69,,,,2,"8 Superior room, double or twin bed 2 adults See room details $69 / night $135 $69 (1 night) Fees included Reserve $91 / night $176 $91 (1 night) Fees included Reserve $98 / night $189 $98 (1 night) Fees included Reserve $99 / night $190 $99 (1 night) Fees included Reserve View less",rate_6932f31d2c0a5ed726,,,,,,,98,,USD,未知,未知,2026-09-23,2026-09-24,https://www.stayforlong.com/us-en/hotel/th/baiyoke-sky-hotel_bangkok?checkIn=2026-09-23&checkOut=2026-09-24&adults=2&aid=gha&total=68&query_type=pull&ch=0&adclick=free&defaultdate=true&googlesite=mapresults&p=4f6b46716145b682b89cdf6f7f778bcf&rate_token=v2.z6a99306a00b44cb1e76b4c5ab05dad20&source_property_id=22451&source=meta,"{""优惠标签"": """", ""入住人数"": """", ""其他权益"": """", ""原价"": """", ""取消政策"": """", ""币种"": ""USD"", ""库存提示"": """", ""当前价"": ""98"", ""支付方式"": """", ""早餐"": """", ""确认政策"": """", ""税费"": """"}",T3,T3,待人工核验,否,价格计价单位未确认；税费包含状态未确认；尚未通过T4人工复核,cfedd7ef97f028eb9cf8ab743e4d43f9cfdfb8af7685c190e861cdf3d1a801ca,cd7ebc8cac762a78e838b908b225f566679706a41b8798ef261c8cf17b9e11c5,20260906-092202-csv-fb22d95c,,,,
ed4879076a2d0eb01570977b462eeede4c0796655c591ad9a2213ea62b04ae87,ChIJLxrEcMie4jARb4KfjpcicvA,Baiyoke Sky Hotel,stayforlong,Stayforlong.com,22451,room_99f06cce32f25dfe02,"Superior room, double or twin bed",twin bed 2 adults See room details $69,,,,2,"8 Superior room, double or twin bed 2 adults See room details $69 / night $135 $69 (1 night) Fees included Reserve $91 / night $176 $91 (1 night) Fees included Reserve $98 / night $189 $98 (1 night) Fees included Reserve $99 / night $190 $99 (1 night) Fees included Reserve View less",rate_f137f5983e095bab15,,,,,,,69,,USD,未知,未知,2026-09-23,2026-09-24,https://www.stayforlong.com/us-en/hotel/th/baiyoke-sky-hotel_bangkok?checkIn=2026-09-23&checkOut=2026-09-24&adults=2&aid=gha&total=68&query_type=pull&ch=0&adclick=free&defaultdate=true&googlesite=mapresults&p=4f6b46716145b682b89cdf6f7f778bcf&rate_token=v2.z6a99306a00b44cb1e76b4c5ab05dad20&source_property_id=22451&source=meta,"{""优惠标签"": """", ""入住人数"": """", ""其他权益"": """", ""原价"": """", ""取消政策"": """", ""币种"": ""USD"", ""库存提示"": """", ""当前价"": ""69"", ""支付方式"": """", ""早餐"": """", ""确认政策"": """", ""税费"": """"}",T3,T3,待人工核验,否,价格计价单位未确认；税费包含状态未确认；尚未通过T4人工复核,cfedd7ef97f028eb9cf8ab743e4d43f9cfdfb8af7685c190e861cdf3d1a801ca,439e74449aec89b4ffc457f3c854b0980e60f0ff41dda50aa0a1551705ef3cfd,20260906-092202-csv-fb22d95c,,,,
b19f462481905188fd96f226c8aa798162e94915463e4ddc9ae93106b66b8ca0,ChIJLxrEcMie4jARb4KfjpcicvA,Baiyoke Sky Hotel,stayforlong,Stayforlong.com,22451,room_99f06cce32f25dfe02,"Superior room, double or twin bed",twin bed 2 adults See room details $69,,,,2,"8 Superior room, double or twin bed 2 adults See room details $69 / night $135 $69 (1 night) Fees included Reserve $91 / night $176 $91 (1 night) Fees included Reserve $98 / night $189 $98 (1 night) Fees included Reserve $99 / night $190 $99 (1 night) Fees included Reserve View less",rate_f546420a444d8619d7,,,,,,,99,,USD,未知,未知,2026-09-23,2026-09-24,https://www.stayforlong.com/us-en/hotel/th/baiyoke-sky-hotel_bangkok?checkIn=2026-09-23&checkOut=2026-09-24&adults=2&aid=gha&total=68&query_type=pull&ch=0&adclick=free&defaultdate=true&googlesite=mapresults&p=4f6b46716145b682b89cdf6f7f778bcf&rate_token=v2.z6a99306a00b44cb1e76b4c5ab05dad20&source_property_id=22451&source=meta,"{""优惠标签"": """", ""入住人数"": """", ""其他权益"": """", ""原价"": """", ""取消政策"": """", ""币种"": ""USD"", ""库存提示"": """", ""当前价"": ""99"", ""支付方式"": """", ""早餐"": """", ""确认政策"": """", ""税费"": """"}",T3,T3,待人工核验,否,价格计价单位未确认；税费包含状态未确认；尚未通过T4人工复核,cfedd7ef97f028eb9cf8ab743e4d43f9cfdfb8af7685c190e861cdf3d1a801ca,53f64d6917be00be241de041ad727676d990f4e43cdbbe765b021de9bc912e55,20260906-092202-csv-fb22d95c,,,,
f40298acd8a6c982d91d18819ec56f4e54fd726bc8866b3d92f9b9e8073e9316,ChIJLxrEcMie4jARb4KfjpcicvA,Baiyoke Sky Hotel,stayforlong,Stayforlong.com,22451,room_a5c061e7bdb66c5330,"Junior suite, sky zone, double or twin bed",twin bed 2 adults See room details $78,,,,2,"15 Junior suite, sky zone, double or twin bed 2 adults See room details $78 / night $151 $78 (1 night) Fees included Reserve See 3 room options",rate_69661369cb223b9699,,,,,,,78,,USD,未知,未知,2026-09-23,2026-09-24,https://www.stayforlong.com/us-en/hotel/th/baiyoke-sky-hotel_bangkok?checkIn=2026-09-23&checkOut=2026-09-24&adults=2&aid=gha&total=68&query_type=pull&ch=0&adclick=free&defaultdate=true&googlesite=mapresults&p=4f6b46716145b682b89cdf6f7f778bcf&rate_token=v2.z6a99306a00b44cb1e76b4c5ab05dad20&source_property_id=22451&source=meta,"{""优惠标签"": """", ""入住人数"": """", ""其他权益"": """", ""原价"": """", ""取消政策"": """", ""币种"": ""USD"", ""库存提示"": """", ""当前价"": ""78"", ""支付方式"": """", ""早餐"": """", ""确认政策"": """", ""税费"": """"}",T3,T3,待人工核验,否,价格计价单位未确认；税费包含状态未确认；尚未通过T4人工复核,27a3cf77b9688950e0001826eaa2982cd3ac4f02cac51f164add43a9753e43f3,dbe80efd58519396aa228052a28f573e95978f43075a1857bd4d83007d249915,20260906-092202-csv-fb22d95c,,,,
57d345a2da5da257284fe6cff5438445466feb48be200db6ac53f24274ffe3d9,ChIJLxrEcMie4jARb4KfjpcicvA,Baiyoke Sky Hotel,stayforlong,Stayforlong.com,22451,room_cc58b2a803cfee44de,"Superior room, standard zone, double or twin bed",twin bed 2 adults See room details Fou,,,,2,"10 Superior room, standard zone, double or twin bed 2 adults See room details Found on $64 / night $124 $64 (1 night) Fees included Reserve $84 / night $164 $84 (1 night) Fees included Reserve View less",rate_08bf0e338575e285c6,,,,,,,64,,USD,未知,未知,2026-09-23,2026-09-24,https://www.stayforlong.com/us-en/hotel/th/baiyoke-sky-hotel_bangkok?checkIn=2026-09-23&checkOut=2026-09-24&adults=2&aid=gha&total=68&query_type=pull&ch=0&adclick=free&defaultdate=true&googlesite=mapresults&p=4f6b46716145b682b89cdf6f7f778bcf&rate_token=v2.z6a99306a00b44cb1e76b4c5ab05dad20&source_property_id=22451&source=meta,"{""优惠标签"": """", ""入住人数"": """", ""其他权益"": """", ""原价"": """", ""取消政策"": """", ""币种"": ""USD"", ""库存提示"": """", ""当前价"": ""64"", ""支付方式"": """", ""早餐"": """", ""确认政策"": """", ""税费"": """"}",T3,T3,待人工核验,否,价格计价单位未确认；税费包含状态未确认；尚未通过T4人工复核,3a3cbf4aa84e3461c0fc4cec37499ca566f2f8bf7e2770cd6b2b697264eb7a96,9e8dc1046327a472e3662e8ac0b50d1bfd47e3bd3534d4b552a47294147cdd41,20260906-092202-csv-fb22d95c,,,,
61a3a3234e5e07603cafdd572892fa0a4b94b281932bfad7edd50fab00fd83d0,ChIJLxrEcMie4jARb4KfjpcicvA,Baiyoke Sky Hotel,stayforlong,Stayforlong.com,22451,room_cc58b2a803cfee44de,"Superior room, standard zone, double or twin bed",twin bed 2 adults See room details Fou,,,,2,"10 Superior room, standard zone, double or twin bed 2 adults See room details Found on $64 / night $124 $64 (1 night) Fees included Reserve $84 / night $164 $84 (1 night) Fees included Reserve View less",rate_c36e5b2f63fe3d02ab,,,,,,,84,,USD,未知,未知,2026-09-23,2026-09-24,https://www.stayforlong.com/us-en/hotel/th/baiyoke-sky-hotel_bangkok?checkIn=2026-09-23&checkOut=2026-09-24&adults=2&aid=gha&total=68&query_type=pull&ch=0&adclick=free&defaultdate=true&googlesite=mapresults&p=4f6b46716145b682b89cdf6f7f778bcf&rate_token=v2.z6a99306a00b44cb1e76b4c5ab05dad20&source_property_id=22451&source=meta,"{""优惠标签"": """", ""入住人数"": """", ""其他权益"": """", ""原价"": """", ""取消政策"": """", ""币种"": ""USD"", ""库存提示"": """", ""当前价"": ""84"", ""支付方式"": """", ""早餐"": """", ""确认政策"": """", ""税费"": """"}",T3,T3,待人工核验,否,价格计价单位未确认；税费包含状态未确认；尚未通过T4人工复核,3a3cbf4aa84e3461c0fc4cec37499ca566f2f8bf7e2770cd6b2b697264eb7a96,4a0d29b5f59713dc5edd19ecde728ada612d0c3e61bf80c9589dc4727cee25bb,20260906-092202-csv-fb22d95c,,,,
de9d9639365e922648e172d93ae7461c17fb1e0f2938d93d74c796b85b0134a1,ChIJLxrEcMie4jARb4KfjpcicvA,Baiyoke Sky Hotel,stayforlong,Stayforlong.com,22451,room_e0f0ef640caaa4b0f8,"Deluxe room, space zone, double or twin bed",twin bed 2 adults See room details $78,,,,2,"14 Deluxe room, space zone, double or twin bed 2 adults See room details $78 / night $151 $78 (1 night) Fees included Reserve See 3 room options",,,,,,,,78,,USD,未知,未知,2026-09-23,2026-09-24,https://www.stayforlong.com/us-en/hotel/th/baiyoke-sky-hotel_bangkok?checkIn=2026-09-23&checkOut=2026-09-24&adults=2&aid=gha&total=68&query_type=pull&ch=0&adclick=free&defaultdate=true&googlesite=mapresults&p=4f6b46716145b682b89cdf6f7f778bcf&rate_token=v2.z6a99306a00b44cb1e76b4c5ab05dad20&source_property_id=22451&source=meta,"14 Deluxe room, space zone, double or twin bed 2 adults See room details $78 / night $151 $78 (1 night) Fees included Reserve See 3 room options",T3,,待人工核验,否,未取得售卖方案或尚未通过T4人工复核,84444c7e3806033faaeb402d0d999d79a05361f7a90a3c4fb2d65eabfe9cf476,,20260906-092202-csv-fb22d95c,,,,
6518d7c77b630ecdd68d11ad0259227a5f925f547cce277b3c7b42d3d8e5c072,ChIJLxrEcMie4jARb4KfjpcicvA,Baiyoke Sky Hotel,traveluro,Traveluro,H103986,Superior Room,Superior Room,,,,,,,a6e98701-8faf-424d-a62c-6fd1b9af2010,,,,,,,53,,USD,未知,未知,2026-09-23,2026-09-24,https://www.traveluro.com/hotels/thailand_th_bangkok/103986_baiyoke-sky?checkIn=2026-09-23&checkOut=2026-09-24&placeId=H103986&campaignName=Google_US&currencyCode=USD&dealkey_redacted=1&countryCode=US&languageCode=en&rule=Google_US&site=mapresults&ads=&priceDisplayedTotal=62.00&priceDisplayedTax=9.01&device=desktop&adults=2&children=0,"{""优惠标签"": """", ""入住人数"": """", ""其他权益"": """", ""原价"": """", ""取消政策"": """", ""币种"": ""USD"", ""库存提示"": """", ""当前价"": ""53"", ""支付方式"": """", ""早餐"": """", ""确认政策"": """", ""税费"": """"}",T3,T3,待人工核验,否,价格计价单位未确认；税费包含状态未确认；尚未通过T4人工复核,79246240d20780d883b9172dd95d05f9e5583db24477023ee9cd9cf2a850435c,2c869e3c38243229ef480ac0e4a61c33751c1a8d130f521cf3250bebee640f0b,20260906-092202-csv-fb22d95c,,,,
d8efaf670f80d4e87958bd8b22f414d56e48ba6a3dfb8ccd2fa1f034812838d4,ChIJLxrEcMie4jARb4KfjpcicvA,Baiyoke Sky Hotel,trip,Trip.com,700948,1574430827,Superior Room Standard Zone,,,,,2,,rate_4778b03047bfb34396,,,,,,,52.19,,USD,未知,未知,2026-09-23,2026-09-24,https://us.trip.com/hotels/detail/?Allianceid=15214&Sid=1209572&allianceid=15214&sid=1209572&hotelid=700948&city=359&locale=en_us&checkin=2026-09-23&checkout=2026-09-24&ouid=&shoppingid=Mki0N0fpa2qT&roomquantity=&minprice=52.16&mproom=1574430827&fgt=1&starlist=&rate=&amenty=&breakfast=&bookPolicy=&adult=2&children=0&ages=&curr=USD&prid=LANG_US&trip_sub1=23_09_2026_1_mapresults_700948_US_desktop_default___0_0-LANG_US-landing&br=52.16&tf=7.84&display=exavg&crn=1&mincurr=USD&stand=H4sIAAAAAAAA_-Ny52KSYBJi4mCUsuV4feH-O1aL34IBHDMYpzzRWsHIuIOR6SKjZkz_oa8abg4PGUXWuT-sEvFyeMHYPvMh0wIWxoWsbwJ3yLVKJzlI8fhmZxr4GaQVJBoVhigwalx7-OQKmwdjEJulhaGBhVGUDBdziIeT4I_um5NCBU_ZSzGHBrsoPhGRPfn0vpRDEmtqnm5ocEabWBcjkwfjKkZ2LmYDIyMBpk-M_MjmxpuYTGJiNAQA0kqbjLYAAAA,"{""优惠标签"": """", ""入住人数"": """", ""其他权益"": """", ""原价"": """", ""取消政策"": """", ""币种"": ""USD"", ""库存提示"": """", ""当前价"": ""52.19"", ""支付方式"": """", ""早餐"": """", ""确认政策"": """", ""税费"": """"}",T3,T3,待人工核验,否,价格计价单位未确认；税费包含状态未确认；尚未通过T4人工复核,44e546efd7495f106e786d01ef12dcc8b4f7be91ed753ba6e7555815833bea0b,b8d30aa7a1e180e2e43da96e1f7946056503d5f633f00c070b659098c317eb1f,20260906-092202-csv-fb22d95c,,,,
ae91f0aa814f1176d204ec3b48d196328f616a121a8b5385864f31ce0a50e289,ChIJLxrEcMie4jARb4KfjpcicvA,Baiyoke Sky Hotel,trip,Trip.com,700948,1574430827,Superior Room Standard Zone,,,,,2,,rate_34c4cf9ad2e43ea777,,,,,,,2700,,THB,未知,未知,2026-09-07,2026-09-08,https://us.trip.com/hotels/detail/?Allianceid=15214&Sid=1209572&allianceid=15214&sid=1209572&hotelid=700948&city=359&locale=en_us&checkin=2026-09-07&checkout=2026-09-08&ouid=&shoppingid=Mki0N0fpa2qT&roomquantity=&minprice=52.16&mproom=1574430827&fgt=1&starlist=&rate=&amenty=&breakfast=&bookPolicy=&adult=2&children=0&ages=&curr=THB&prid=LANG_US&trip_sub1=23_09_2026_1_mapresults_700948_US_desktop_default___0_0-LANG_US-landing&br=52.16&tf=7.84&display=exavg&crn=1&mincurr=THB&stand=H4sIAAAAAAAA_-Ny52KSYBJi4mCUsuV4feH-O1aL34IBHDMYpzzRWsHIuIOR6SKjZkz_oa8abg4PGUXWuT-sEvFyeMHYPvMh0wIWxoWsbwJ3yLVKJzlI8fhmZxr4GaQVJBoVhigwalx7-OQKmwdjEJulhaGBhVGUDBdziIeT4I_um5NCBU_ZSzGHBrsoPhGRPfn0vpRDEmtqnm5ocEabWBcjkwfjKkZ2LmYDIyMBpk-M_MjmxpuYTGJiNAQA0kqbjLYAAAA,"{""优惠标签"": """", ""入住人数"": """", ""其他权益"": """", ""原价"": """", ""取消政策"": """", ""币种"": ""THB"", ""库存提示"": """", ""当前价"": ""2700"", ""支付方式"": """", ""早餐"": """", ""确认政策"": """", ""税费"": """"}",T3,T3,待人工核验,否,价格计价单位未确认；税费包含状态未确认；尚未通过T4人工复核,44e546efd7495f106e786d01ef12dcc8b4f7be91ed753ba6e7555815833bea0b,35e10f1daab85c50bd0de29e44cca78083d60f5cc0acb381c47b0fa19b823576,20260906-092202-csv-fb22d95c,,,,
936f1b3989b36d841f14d2a9946b760ac61a1905af1ed03f82c79532ded53f17,ChIJLxrEcMie4jARb4KfjpcicvA,Baiyoke Sky Hotel,trip,Trip.com,700948,1574430858,Deluxe Room Sky Zone,,,,,2,,rate_abbf06f4f532b830c6,,,,,,,2880,,THB,未知,未知,2026-09-18,2026-09-19,https://us.trip.com/hotels/detail/?Allianceid=15214&Sid=1209572&allianceid=15214&sid=1209572&hotelid=700948&city=359&locale=en_us&checkin=2026-09-18&checkout=2026-09-19&ouid=&shoppingid=Mki0N0fpa2qT&roomquantity=&minprice=52.16&mproom=1574430827&fgt=1&starlist=&rate=&amenty=&breakfast=&bookPolicy=&adult=2&children=0&ages=&curr=THB&prid=LANG_US&trip_sub1=23_09_2026_1_mapresults_700948_US_desktop_default___0_0-LANG_US-landing&br=52.16&tf=7.84&display=exavg&crn=1&mincurr=THB&stand=H4sIAAAAAAAA_-Ny52KSYBJi4mCUsuV4feH-O1aL34IBHDMYpzzRWsHIuIOR6SKjZkz_oa8abg4PGUXWuT-sEvFyeMHYPvMh0wIWxoWsbwJ3yLVKJzlI8fhmZxr4GaQVJBoVhigwalx7-OQKmwdjEJulhaGBhVGUDBdziIeT4I_um5NCBU_ZSzGHBrsoPhGRPfn0vpRDEmtqnm5ocEabWBcjkwfjKkZ2LmYDIyMBpk-M_MjmxpuYTGJiNAQA0kqbjLYAAAA,"{""优惠标签"": """", ""入住人数"": """", ""其他权益"": """", ""原价"": """", ""取消政策"": """", ""币种"": ""THB"", ""库存提示"": """", ""当前价"": ""2880"", ""支付方式"": """", ""早餐"": """", ""确认政策"": """", ""税费"": """"}",T3,T3,待人工核验,否,价格计价单位未确认；税费包含状态未确认；尚未通过T4人工复核,6edd3837ad5e1972bff504f32d0bf7d86e14f269be58f10d7a300deb09424097,26784f77eb612f5f772cc13a30d04a6a945f8053637df3533fd8a0118470ad9f,20260906-092202-csv-fb22d95c,,,,
72424f673eeb95d9ec58596ce2ffbb2042d6cf79ad5e49a294291e61a641fa9b,ChIJLxrEcMie4jARb4KfjpcicvA,Baiyoke Sky Hotel,trivago_deals,trivago DEALS,H103986,1 X RoomOnly,1 X RoomOnly,,,,,,,9c072736-c688-4471-883a-e0ff8220fc6d,,,,,,,54,,USD,未知,未知,2026-09-23,2026-09-24,https://www.trivago.deals/hotels/thailand_th_bangkok/103986_baiyoke-sky?checkIn=2026-09-23&checkOut=2026-09-24&placeId=H103986&campaignName=TrivagoDeals_Google_US&currencyCode=USD&dealkey_redacted=1&countryCode=US&languageCode=en&rule=Google_US&site=mapresults&ads=&priceDisplayedTotal=63.00&priceDisplayedTax=9.15&device=desktop&adults=2&children=0,"{""优惠标签"": """", ""入住人数"": """", ""其他权益"": """", ""原价"": """", ""取消政策"": """", ""币种"": ""USD"", ""库存提示"": """", ""当前价"": ""54"", ""支付方式"": """", ""早餐"": """", ""确认政策"": """", ""税费"": """"}",T3,T3,待人工核验,否,价格计价单位未确认；税费包含状态未确认；尚未通过T4人工复核,4fa68e354bfb9203fd096a14e1f74d88861799888e206313e5e5f66aa707c59b,ee8a31d3b471f99e31f06631e6b4af06460be4432952d0bc9f5c2de1cd8bc77b,20260906-092202-csv-fb22d95c,,,,
25950fe32cd6fb93164747f28d660adbec3038cc0be11e8c95e31acc1c8399f6,ChIJZTiLx92Y4jARaoCZW0M2Zew,曼谷千禧希尔顿酒店,tripening,Tripening Hotels,4661896,04367d3a-d968-5279-a55e-b35a3f4b1f4a,King Family Room,,,,,2,King Family Room,,,,,,,,,,USD,未知,未知,2026-10-22,2026-10-23,https://www.tripening.com/hotels/th-10-bangkok/4661896-millennium-hilton-bangkok?checkin-date=2026-10-22&checkout-date=2026-10-23&adults=2&currency=USD&lang=en&google-package-id=&rate-rule-id=&google-displayed-price=258.44&children=0&google-displayed-tax=0.00&google-displayed-currency=USD&utm_source=google_hotel_ads&utm_medium=free&utm_campaign=gha_property,King Family Room,R,,已隔离,否,未取得售卖方案或尚未通过T4人工复核,92945490c51aae8e2ed5045854666dc04ba13ea0ccf0395262ba0cd1efd4492d,,20260906-092202-csv-fb22d95c,,,,
4e90a6542d72925fc6bc9a83a4c1344c0e835df47baa124f382b3fe193307c6d,ChIJZTiLx92Y4jARaoCZW0M2Zew,曼谷千禧希尔顿酒店,tripening,Tripening Hotels,4661896,18d17a1c-fb7e-5cc7-b521-5a4dc489f0df,Family Suite,,,,,2,Family Suite,,,,,,,,,,USD,未知,未知,2026-10-22,2026-10-23,https://www.tripening.com/hotels/th-10-bangkok/4661896-millennium-hilton-bangkok?checkin-date=2026-10-22&checkout-date=2026-10-23&adults=2&currency=USD&lang=en&google-package-id=&rate-rule-id=&google-displayed-price=258.44&children=0&google-displayed-tax=0.00&google-displayed-currency=USD&utm_source=google_hotel_ads&utm_medium=free&utm_campaign=gha_property,Family Suite,R,,已隔离,否,未取得售卖方案或尚未通过T4人工复核,e5d0a5fa95ba551fa9c1e436b34ad5edf54ad4dc81dd8f939bc1dd9cc80a6445,,20260906-092202-csv-fb22d95c,,,,
7bab371e182851e2d1b4bc0c6408028585a63f3274a2c410845dd08a0cf0dc08,ChIJZTiLx92Y4jARaoCZW0M2Zew,曼谷千禧希尔顿酒店,tripening,Tripening Hotels,4661896,1soFTKl6HFBok,Executive 2 Beds,[object Object],,,,2,Executive 2 Beds,,,,,,,,,,USD,未知,未知,2026-10-22,2026-10-23,https://www.tripening.com/hotels/th-10-bangkok/4661896-millennium-hilton-bangkok?checkin-date=2026-10-22&checkout-date=2026-10-23&adults=2&currency=USD&lang=en&google-package-id=&rate-rule-id=&google-displayed-price=258.44&children=0&google-displayed-tax=0.00&google-displayed-currency=USD&utm_source=google_hotel_ads&utm_medium=free&utm_campaign=gha_property,Executive 2 Beds,R,,已隔离,否,未取得售卖方案或尚未通过T4人工复核,2ef1d2c51eaad72d883b4c0753f3c32c07206de32a70d4c869077b9aab47fe3d,,20260906-092202-csv-fb22d95c,,,,
c2305ccc3630edba16dc7976cab7e6d1305b0b67a2993e8948222f36571220e3,ChIJZTiLx92Y4jARaoCZW0M2Zew,曼谷千禧希尔顿酒店,tripening,Tripening Hotels,4661896,1soFTKl6HG9uo,Executive 1 King Bed,[object Object],,,,2,Executive 1 King Bed,,,,,,,,,,USD,未知,未知,2026-10-22,2026-10-23,https://www.tripening.com/hotels/th-10-bangkok/4661896-millennium-hilton-bangkok?checkin-date=2026-10-22&checkout-date=2026-10-23&adults=2&currency=USD&lang=en&google-package-id=&rate-rule-id=&google-displayed-price=258.44&children=0&google-displayed-tax=0.00&google-displayed-currency=USD&utm_source=google_hotel_ads&utm_medium=free&utm_campaign=gha_property,Executive 1 King Bed,R,,已隔离,否,未取得售卖方案或尚未通过T4人工复核,11e24e21dfcbffd20deb65150bf511b078085df08eb0c0696b3081cbd9cc83b3,,20260906-092202-csv-fb22d95c,,,,
e3bf976f8757300c3b779933abd72dfdef2d5956a91e04a985487ee1c73276b6,ChIJZTiLx92Y4jARaoCZW0M2Zew,曼谷千禧希尔顿酒店,tripening,Tripening Hotels,4661896,61gcfRlq1VvbJC,Panoramic Executive Suite,,,,,2,Panoramic Executive Suite,,,,,,,,,,USD,未知,未知,2026-10-22,2026-10-23,https://www.tripening.com/hotels/th-10-bangkok/4661896-millennium-hilton-bangkok?checkin-date=2026-10-22&checkout-date=2026-10-23&adults=2&currency=USD&lang=en&google-package-id=&rate-rule-id=&google-displayed-price=258.44&children=0&google-displayed-tax=0.00&google-displayed-currency=USD&utm_source=google_hotel_ads&utm_medium=free&utm_campaign=gha_property,Panoramic Executive Suite,R,,已隔离,否,未取得售卖方案或尚未通过T4人工复核,4c1425e7ffa03f33a1afa389aeb99c4a518b7c46ed26d34ca1419433f07398bc,,20260906-092202-csv-fb22d95c,,,,
791e284849f49ce02e9a086b02f6fac62cb280b3bf46c208f38d7ace02b0abd6,ChIJZTiLx92Y4jARaoCZW0M2Zew,曼谷千禧希尔顿酒店,tripening,Tripening Hotels,4661896,73e28b0a-24d6-5d29-8e87-27607c9b79e5,King Executive Room With Lounge Access,,,,,2,King Executive Room With Lounge Access,,,,,,,,,,USD,未知,未知,2026-10-22,2026-10-23,https://www.tripening.com/hotels/th-10-bangkok/4661896-millennium-hilton-bangkok?checkin-date=2026-10-22&checkout-date=2026-10-23&adults=2&currency=USD&lang=en&google-package-id=&rate-rule-id=&google-displayed-price=258.44&children=0&google-displayed-tax=0.00&google-displayed-currency=USD&utm_source=google_hotel_ads&utm_medium=free&utm_campaign=gha_property,King Executive Room With Lounge Access,R,,已隔离,否,未取得售卖方案或尚未通过T4人工复核,8014aebf4ec1e3f0a0a816b92d26f9e747d91ededdc4bcc4c8c81d8b1365aba2,,20260906-092202-csv-fb22d95c,,,,
b7de7eb39b0e5927481d20e736824a80c6d557dfe4d8976d3ee4a31463e92903,ChIJZTiLx92Y4jARaoCZW0M2Zew,曼谷千禧希尔顿酒店,tripening,Tripening Hotels,4661896,ee38b8ac-8533-59f3-ae30-af7d29232153,Panoramic Executive Suite With Lounge Access,,,,,2,Panoramic Executive Suite With Lounge Access,,,,,,,,,,USD,未知,未知,2026-10-22,2026-10-23,https://www.tripening.com/hotels/th-10-bangkok/4661896-millennium-hilton-bangkok?checkin-date=2026-10-22&checkout-date=2026-10-23&adults=2&currency=USD&lang=en&google-package-id=&rate-rule-id=&google-displayed-price=258.44&children=0&google-displayed-tax=0.00&google-displayed-currency=USD&utm_source=google_hotel_ads&utm_medium=free&utm_campaign=gha_property,Panoramic Executive Suite With Lounge Access,R,,已隔离,否,未取得售卖方案或尚未通过T4人工复核,4706d13bcff9f6c7f794419ec798e8dd551f4cccf98b4bbfc10b123a849b33e8,,20260906-092202-csv-fb22d95c,,,,
35067fffd05d43e9509284396eaaaa26c41a7f5515807e0a79c067dc20e140d0,ChIJZTiLx92Y4jARaoCZW0M2Zew,曼谷千禧希尔顿酒店,tripening,Tripening Hotels,4661896,lTny1BR9BjG,Family,,,,,2,Family,,,,,,,,,,USD,未知,未知,2026-10-22,2026-10-23,https://www.tripening.com/hotels/th-10-bangkok/4661896-millennium-hilton-bangkok?checkin-date=2026-10-22&checkout-date=2026-10-23&adults=2&currency=USD&lang=en&google-package-id=&rate-rule-id=&google-displayed-price=258.44&children=0&google-displayed-tax=0.00&google-displayed-currency=USD&utm_source=google_hotel_ads&utm_medium=free&utm_campaign=gha_property,Family,R,,已隔离,否,未取得售卖方案或尚未通过T4人工复核,638d03c6bbb4aa8386e6fde90f5273b56c501a7602067e649886b70a4e7ce0ec,,20260906-092202-csv-fb22d95c,,,,
19d89f1320ec77f94172927025d43d35cd7166a25a5b87aa9f0df955507466b9,ChIJZTiLx92Y4jARaoCZW0M2Zew,曼谷千禧希尔顿酒店,trivago_deals,trivago DEALS,H104091,Standard Room With Sofa (River View),Standard Room With Sofa (River View),,,,,,,8b9b7459-7c04-41a8-8033-5e8872397d7c,,,,,,,208,,USD,未知,未知,2026-10-22,2026-10-23,https://www.trivago.deals/hotels/thailand_th_bangkok/104091_millennium-hilton-bangkok?checkIn=2026-10-22&checkOut=2026-10-23&placeId=H104091&campaignName=TrivagoDeals_Google_US&currencyCode=USD&dealkey_redacted=1&countryCode=US&languageCode=en&rule=Google_US&site=mapresults&ads=&priceDisplayedTotal=229.00&priceDisplayedTax=20.82&device=desktop&adults=2&children=0,"{""优惠标签"": """", ""入住人数"": """", ""其他权益"": """", ""原价"": """", ""取消政策"": """", ""币种"": ""USD"", ""库存提示"": """", ""当前价"": ""208"", ""支付方式"": """", ""早餐"": """", ""确认政策"": """", ""税费"": """"}",T3,T3,待人工核验,否,价格计价单位未确认；税费包含状态未确认；尚未通过T4人工复核,659a4fefcc7bce6cbb5e200c93d26b744ded28d19b8c2c9b41abeb32bfb764c4,e2f0042c39bf85ce09bca12ff751741b654bc17f95f3ab7d5529095a8362622d,20260906-092202-csv-fb22d95c,,,,
0c99f7f4a5ad623c02ae844745557eb355eade23844e664a26188017f03e1b37,ChIJZTiLx92Y4jARaoCZW0M2Zew,曼谷千禧希尔顿酒店,vio,Vio.com,1196784,5RZiN0ON1fg,"Executive Room, 2 Twin Beds, Club , River View",,,,,2,,,,,,,,,,,USD,未知,未知,2026-10-22,2026-10-23,https://www.vio.com/Hotel/1196784/en?currency=USD&forceCurrencyChange=1&lang=en&forceLanguageChange=1&rooms=2%3A&utm_source=gha&utm_medium=cpc&userCountry=US&profile=r2d2m73kn8&preferredRate=233.77&deviceType=desktop&label=src%3Dgha&cltype=hotel&datype=default&gsite=mapresults&vf=0&ucountry=US&udevice=desktop&hotel=1196784&day=22&month=10&year=2026&los=1&price=233.77&cid=&listid=&rateid=ZZ_D&closerateid=&promo=0&isPrivateRate=0&isAudienceUser=0&isPaidClick=0&cp=tkTm_zdGZeBmGj4OChIIgZ0BEIkPGMcKIgNVU0RSATISGhVOSJY2GgtjcWtMeDRSZGgzZygCMNnA5NQG&srpSearchId=91b90caf-8a70-4e29-9b57-d001a95be8d8&srpSearchFlow=regular&isAnchor=1&anonymousId=eacc9ba5-8a43-415f-b4f2-02106c64f1f2&checkIn=2026-10-22&checkOut=2026-10-23,,T3,,待人工核验,否,未取得售卖方案或尚未通过T4人工复核,fdc79e5f6aa3c5caa215c2cef5745937b5730d0cb8dd28aaf2f2646481d3088c,,20260906-092202-csv-fb22d95c,,,,
eae2a9ef25649815886090442cab780df0bc1749e967a617ff5a685f29917371,ChIJZTiLx92Y4jARaoCZW0M2Zew,曼谷千禧希尔顿酒店,vio,Vio.com,1196784,8Y964U3MQ8M,"Deluxe Room, 1 King Bed, River View",,,,,3,,rate_8e6c7c50df686b65a6,,,,,,,5649.1940875,849.58454375,THB,住宿总价,已含税,2026-09-07,2026-09-08,https://www.vio.com/Hotel/1196784/en?currency=THB&forceCurrencyChange=1&lang=en&forceLanguageChange=1&rooms=2:&utm_source=gha&utm_medium=cpc&userCountry=TH&profile=r2d2m73kn8&preferredRate=233.77&deviceType=desktop&label=src%3Dgha&cltype=hotel&datype=default&gsite=mapresults&vf=0&ucountry=US&udevice=desktop&hotel=1196784&day=22&month=10&year=2026&los=1&price=233.77&cid=&listid=&rateid=ZZ_D&closerateid=&promo=0&isPrivateRate=0&isAudienceUser=0&isPaidClick=0&cp=tkTm_zdGZeBmGj4OChIIgZ0BEIkPGMcKIgNVU0RSATISGhVOSJY2GgtjcWtMeDRSZGgzZygCMNnA5NQG&srpSearchId=149bfbed-aa43-4772-aeb6-3e9ed0ea8854&srpSearchFlow=regular&isAnchor=1&anonymousId=e4b15426-b1f2-4c4c-b5e6-2f59d45e12c7&checkIn=2026-09-07&checkOut=2026-09-08,"{""优惠标签"": """", ""入住人数"": """", ""其他权益"": """", ""原价"": """", ""取消政策"": """", ""币种"": ""THB"", ""库存提示"": """", ""当前价"": ""5649.1940875"", ""支付方式"": """", ""早餐"": """", ""确认政策"": """", ""税费"": ""849.58454375""}",T3,T3,待人工核验,否,尚未通过T4人工复核,a455c5561f8357f4eef0893ddac018c68c5422e1333a43a7a558679d613df66f,b89ecd47e7fd8294ce1afecd1fe3706e299a7f059208f80814febe94c4a7674e,20260906-092202-csv-fb22d95c,,,,
c17518ba6d369791d528ea9e30e8a61e3d8915f319a4e21d6d15668d4fa30e14,ChIJZTiLx92Y4jARaoCZW0M2Zew,曼谷千禧希尔顿酒店,vio,Vio.com,1196784,FpIsyu7S68c,Deluxe Twin Room,,,,,10,,rate_860a287d55e77e96c6,,,,,,,5649.1940875,772.20255505,THB,住宿总价,已含税,2026-09-18,2026-09-19,https://www.vio.com/Hotel/1196784/en?currency=THB&forceCurrencyChange=1&lang=en&forceLanguageChange=1&rooms=2:&utm_source=gha&utm_medium=cpc&userCountry=TH&profile=r2d2m73kn8&preferredRate=233.77&deviceType=desktop&label=src%3Dgha&cltype=hotel&datype=default&gsite=mapresults&vf=0&ucountry=US&udevice=desktop&hotel=1196784&day=22&month=10&year=2026&los=1&price=233.77&cid=&listid=&rateid=ZZ_D&closerateid=&promo=0&isPrivateRate=0&isAudienceUser=0&isPaidClick=0&cp=tkTm_zdGZeBmGj4OChIIgZ0BEIkPGMcKIgNVU0RSATISGhVOSJY2GgtjcWtMeDRSZGgzZygCMNnA5NQG&srpSearchId=149bfbed-aa43-4772-aeb6-3e9ed0ea8854&srpSearchFlow=regular&isAnchor=1&anonymousId=e4b15426-b1f2-4c4c-b5e6-2f59d45e12c7&checkIn=2026-09-18&checkOut=2026-09-19,"{""优惠标签"": """", ""入住人数"": """", ""其他权益"": """", ""原价"": """", ""取消政策"": """", ""币种"": ""THB"", ""库存提示"": """", ""当前价"": ""5649.1940875"", ""支付方式"": """", ""早餐"": """", ""确认政策"": """", ""税费"": ""772.20255505""}",T3,T3,待人工核验,否,尚未通过T4人工复核,df16f5c7d70202298c890efca4770d50f0e1403a22127f41ef9ecb72a10c4936,5cee032e0d999663f2e03631fe3be336449151e10477b76be5c92c02fd0c06dd,20260906-092202-csv-fb22d95c,,,,
51a9a91083876f44163d8d0673ee044434b04d7895b3b59f3f12cbb682ba962d,ChIJcf_j1C-Z4jARfDy3FlDr-Wc,曼谷香格里拉大酒店,agoda,Agoda,10696,room_60742521ac191e4aa4,Shangri-La Wing Deluxe 2 Twins,single bed,,36 m²,,3,"Our last 5! Image 1 of 18 1/18 Room photos and details Shangri-La Wing Deluxe 2 Twins 36 m²/388 ft²Max 3 adults2 single beds Your kid can stay for FREE! 9.5 Exceptional Room comfort City view Separate shower/bathtub Private bathroom Hair dryer Shower Wi-Fi [free] Blackout curtains Alcohol Complimentary tea Kettle Lowest price available! Offer 1 2 adults Your kid can stay for FREE! Good breakfast available (USD 40 / person) Cancel for free before Sep 5, 2026 Book and pay now Free fitness center access Parking Express check-in Free WiFi See details Cheapest price you've seen! USD 208 Per night before taxes 1 room Book You won't be charged yet Our last 5! Offer 2 2 adults Your kid can stay for FREE! Good breakfast included Cancel for free before Sep 5, 2026 Book and pay now Free fitness center access Parking Express check-in Free WiFi See details USD 242 Per night before taxes 1 room Book You won't be charged yet Our last 5! Offer 3 3 adults Good breakfast available (USD 40 / person) Cancel for free before Sep 5, 2026 Book and pay now Free fitness center access Parking Express check-in Free WiFi See details USD 282 Per night before taxes 1 room Book You won't be charged yet Our last 5! Offer 4 3 adults Good breakfast included Cancel for free before Sep 5, 2026 Book and pay now Free fitness center access Parking Express check-in Free WiFi See details USD 316 Per night before taxes 1 room Book You won't be charged yet Our last 5!",rate_1216716b06e1c298b4,Good breakfast included,"Cancel for free before Sep 5, 2026",,Book and pay now,2 adults,,242,Per night before taxes,USD,未知,未知,2026-09-06,2026-09-08,https://www.agoda.com/shangri-la-hotel-bangkok/hotel/bangkok-th.html?countryId=106&finalPriceView=1&isShowMobileAppPrice=false&cid=1917614&numberOfBedrooms=&familyMode=false&adults=2&children=0&rooms=1&maxRooms=0&checkIn=2026-09-6&isCalendarCallout=false&childAges=&numberOfGuest=0&missingChildAges=false&travellerType=1&showReviewSubmissionEntry=false&currencyCode=USD&isFreeOccSearch=false&los=2&searchrequestid=0f2a3b34-782c-451b-ba74-3be5b6ceff33,"{""优惠标签"": """", ""入住人数"": ""2 adults"", ""其他权益"": """", ""原价"": """", ""取消政策"": ""Cancel for free before Sep 5, 2026"", ""币种"": ""USD"", ""库存提示"": """", ""当前价"": ""242"", ""支付方式"": ""Book and pay now"", ""早餐"": ""Good breakfast included"", ""确认政策"": """", ""税费"": ""Per night before taxes""}",T3,T3,待人工核验,否,价格计价单位未确认；税费包含状态未确认；尚未通过T4人工复核,0693f81fabe92268b9c84c8060c973784111a8ae558c49e9eb7c7f2076ab9e1c,3bb590f13376aa7b22d165c4bee3dca658b1d77188265ce7f91d7cab66e4f41e,20260906-092202-csv-fb22d95c,,,,
44f01a4655cfb5cc2dd1b6a0a1d03c1ed0fd0cd1a94af4f390b669db0c58df28,ChIJcf_j1C-Z4jARfDy3FlDr-Wc,曼谷香格里拉大酒店,agoda,Agoda,10696,room_60742521ac191e4aa4,Shangri-La Wing Deluxe 2 Twins,single bed,,36 m²,,3,"Our last 5! Image 1 of 18 1/18 Room photos and details Shangri-La Wing Deluxe 2 Twins 36 m²/388 ft²Max 3 adults2 single beds Your kid can stay for FREE! 9.5 Exceptional Room comfort City view Separate shower/bathtub Private bathroom Hair dryer Shower Wi-Fi [free] Blackout curtains Alcohol Complimentary tea Kettle Lowest price available! Offer 1 2 adults Your kid can stay for FREE! Good breakfast available (USD 40 / person) Cancel for free before Sep 5, 2026 Book and pay now Free fitness center access Parking Express check-in Free WiFi See details Cheapest price you've seen! USD 208 Per night before taxes 1 room Book You won't be charged yet Our last 5! Offer 2 2 adults Your kid can stay for FREE! Good breakfast included Cancel for free before Sep 5, 2026 Book and pay now Free fitness center access Parking Express check-in Free WiFi See details USD 242 Per night before taxes 1 room Book You won't be charged yet Our last 5! Offer 3 3 adults Good breakfast available (USD 40 / person) Cancel for free before Sep 5, 2026 Book and pay now Free fitness center access Parking Express check-in Free WiFi See details USD 282 Per night before taxes 1 room Book You won't be charged yet Our last 5! Offer 4 3 adults Good breakfast included Cancel for free before Sep 5, 2026 Book and pay now Free fitness center access Parking Express check-in Free WiFi See details USD 316 Per night before taxes 1 room Book You won't be charged yet Our last 5!",rate_340d0b5cd18a06dec6,Good breakfast available (USD 40 / person),"Cancel for free before Sep 5, 2026",,Book and pay now,2 adults,,208,Per night before taxes,USD,未知,未知,2026-09-06,2026-09-08,https://www.agoda.com/shangri-la-hotel-bangkok/hotel/bangkok-th.html?countryId=106&finalPriceView=1&isShowMobileAppPrice=false&cid=1917614&numberOfBedrooms=&familyMode=false&adults=2&children=0&rooms=1&maxRooms=0&checkIn=2026-09-6&isCalendarCallout=false&childAges=&numberOfGuest=0&missingChildAges=false&travellerType=1&showReviewSubmissionEntry=false&currencyCode=USD&isFreeOccSearch=false&los=2&searchrequestid=0f2a3b34-782c-451b-ba74-3be5b6ceff33,"{""优惠标签"": """", ""入住人数"": ""2 adults"", ""其他权益"": """", ""原价"": """", ""取消政策"": ""Cancel for free before Sep 5, 2026"", ""币种"": ""USD"", ""库存提示"": """", ""当前价"": ""208"", ""支付方式"": ""Book and pay now"", ""早餐"": ""Good breakfast available (USD 40 / person)"", ""确认政策"": """", ""税费"": ""Per night before taxes""}",T3,T3,待人工核验,否,价格计价单位未确认；税费包含状态未确认；尚未通过T4人工复核,0693f81fabe92268b9c84c8060c973784111a8ae558c49e9eb7c7f2076ab9e1c,4014685ad4e7904dc464a27f3cd7be5605c7793d22da8f2c738fa9031df7c399,20260906-092202-csv-fb22d95c,,,,
2735b886b0d1311ce4f6e6f86eb550a7686b7a8dfb2b0a8f721994aa71dbe71f,ChIJcf_j1C-Z4jARfDy3FlDr-Wc,曼谷香格里拉大酒店,agoda,Agoda,10696,room_60742521ac191e4aa4,Shangri-La Wing Deluxe 2 Twins,single bed,,36 m²,,3,"Our last 5! Image 1 of 18 1/18 Room photos and details Shangri-La Wing Deluxe 2 Twins 36 m²/388 ft²Max 3 adults2 single beds Your kid can stay for FREE! 9.5 Exceptional Room comfort City view Separate shower/bathtub Private bathroom Hair dryer Shower Wi-Fi [free] Blackout curtains Alcohol Complimentary tea Kettle Lowest price available! Offer 1 2 adults Your kid can stay for FREE! Good breakfast available (USD 40 / person) Cancel for free before Sep 5, 2026 Book and pay now Free fitness center access Parking Express check-in Free WiFi See details Cheapest price you've seen! USD 208 Per night before taxes 1 room Book You won't be charged yet Our last 5! Offer 2 2 adults Your kid can stay for FREE! Good breakfast included Cancel for free before Sep 5, 2026 Book and pay now Free fitness center access Parking Express check-in Free WiFi See details USD 242 Per night before taxes 1 room Book You won't be charged yet Our last 5! Offer 3 3 adults Good breakfast available (USD 40 / person) Cancel for free before Sep 5, 2026 Book and pay now Free fitness center access Parking Express check-in Free WiFi See details USD 282 Per night before taxes 1 room Book You won't be charged yet Our last 5! Offer 4 3 adults Good breakfast included Cancel for free before Sep 5, 2026 Book and pay now Free fitness center access Parking Express check-in Free WiFi See details USD 316 Per night before taxes 1 room Book You won't be charged yet Our last 5!",rate_427e4d416e72aa8827,Good breakfast available (USD 40 / person),"Cancel for free before Sep 5, 2026",,Book and pay now,3 adults,,282,Per night before taxes,USD,未知,未知,2026-09-06,2026-09-08,https://www.agoda.com/shangri-la-hotel-bangkok/hotel/bangkok-th.html?countryId=106&finalPriceView=1&isShowMobileAppPrice=false&cid=1917614&numberOfBedrooms=&familyMode=false&adults=2&children=0&rooms=1&maxRooms=0&checkIn=2026-09-6&isCalendarCallout=false&childAges=&numberOfGuest=0&missingChildAges=false&travellerType=1&showReviewSubmissionEntry=false&currencyCode=USD&isFreeOccSearch=false&los=2&searchrequestid=0f2a3b34-782c-451b-ba74-3be5b6ceff33,"{""优惠标签"": """", ""入住人数"": ""3 adults"", ""其他权益"": """", ""原价"": """", ""取消政策"": ""Cancel for free before Sep 5, 2026"", ""币种"": ""USD"", ""库存提示"": """", ""当前价"": ""282"", ""支付方式"": ""Book and pay now"", ""早餐"": ""Good breakfast available (USD 40 / person)"", ""确认政策"": """", ""税费"": ""Per night before taxes""}",T3,T3,待人工核验,否,价格计价单位未确认；税费包含状态未确认；尚未通过T4人工复核,0693f81fabe92268b9c84c8060c973784111a8ae558c49e9eb7c7f2076ab9e1c,059cdad97618ddb73aea11a35d2f50fec13a17a52479bf5d3bc0bcaa2b180442,20260906-092202-csv-fb22d95c,,,,
28b022d67981a6ee3b62db1fc4f6424cd7e9abc435695d73b2eb22f5812c76aa,ChIJcf_j1C-Z4jARfDy3FlDr-Wc,曼谷香格里拉大酒店,agoda,Agoda,10696,room_60742521ac191e4aa4,Shangri-La Wing Deluxe 2 Twins,single bed,,36 m²,,3,"Our last 5! Image 1 of 18 1/18 Room photos and details Shangri-La Wing Deluxe 2 Twins 36 m²/388 ft²Max 3 adults2 single beds Your kid can stay for FREE! 9.5 Exceptional Room comfort City view Separate shower/bathtub Private bathroom Hair dryer Shower Wi-Fi [free] Blackout curtains Alcohol Complimentary tea Kettle Lowest price available! Offer 1 2 adults Your kid can stay for FREE! Good breakfast available (USD 40 / person) Cancel for free before Sep 5, 2026 Book and pay now Free fitness center access Parking Express check-in Free WiFi See details Cheapest price you've seen! USD 208 Per night before taxes 1 room Book You won't be charged yet Our last 5! Offer 2 2 adults Your kid can stay for FREE! Good breakfast included Cancel for free before Sep 5, 2026 Book and pay now Free fitness center access Parking Express check-in Free WiFi See details USD 242 Per night before taxes 1 room Book You won't be charged yet Our last 5! Offer 3 3 adults Good breakfast available (USD 40 / person) Cancel for free before Sep 5, 2026 Book and pay now Free fitness center access Parking Express check-in Free WiFi See details USD 282 Per night before taxes 1 room Book You won't be charged yet Our last 5! Offer 4 3 adults Good breakfast included Cancel for free before Sep 5, 2026 Book and pay now Free fitness center access Parking Express check-in Free WiFi See details USD 316 Per night before taxes 1 room Book You won't be charged yet Our last 5!",rate_a103e169977d289327,Good breakfast included,"Cancel for free before Sep 5, 2026",,Book and pay now,3 adults,,316,Per night before taxes,USD,未知,未知,2026-09-06,2026-09-08,https://www.agoda.com/shangri-la-hotel-bangkok/hotel/bangkok-th.html?countryId=106&finalPriceView=1&isShowMobileAppPrice=false&cid=1917614&numberOfBedrooms=&familyMode=false&adults=2&children=0&rooms=1&maxRooms=0&checkIn=2026-09-6&isCalendarCallout=false&childAges=&numberOfGuest=0&missingChildAges=false&travellerType=1&showReviewSubmissionEntry=false&currencyCode=USD&isFreeOccSearch=false&los=2&searchrequestid=0f2a3b34-782c-451b-ba74-3be5b6ceff33,"{""优惠标签"": """", ""入住人数"": ""3 adults"", ""其他权益"": """", ""原价"": """", ""取消政策"": ""Cancel for free before Sep 5, 2026"", ""币种"": ""USD"", ""库存提示"": """", ""当前价"": ""316"", ""支付方式"": ""Book and pay now"", ""早餐"": ""Good breakfast included"", ""确认政策"": """", ""税费"": ""Per night before taxes""}",T3,T3,待人工核验,否,价格计价单位未确认；税费包含状态未确认；尚未通过T4人工复核,0693f81fabe92268b9c84c8060c973784111a8ae558c49e9eb7c7f2076ab9e1c,7c3e3fad7215a979a50ac260bddfa5a60ce3f09cd7f16ca1574785b428343581,20260906-092202-csv-fb22d95c,,,,
352367f8bd103b7e190117fd7ffe822b9b9c2e745f658b62dfc6505a5076fc75,ChIJcf_j1C-Z4jARfDy3FlDr-Wc,曼谷香格里拉大酒店,agoda,Agoda,10696,room_7bbde879fa8f08a283,Shangri-La Wing Deluxe 1 King,king bed,,36 m²,,3,"Our last 5! Image 1 of 11 1/11 Room photos and details Shangri-La Wing Deluxe 1 King 36 m²/388 ft²Max 3 adults1 king bed Your kid can stay for FREE! 9.2 Exceptional Room comfort City view Separate shower/bathtub Private bathroom Hair dryer Shower Wi-Fi [free] Blackout curtains Alcohol Complimentary tea Kettle Offer 1 2 adults Your kid can stay for FREE! Good breakfast available (USD 40 / person) Cancel for free before Sep 5, 2026 Book and pay now Free fitness center access Parking Express check-in Free WiFi See details USD 208 Per night before taxes 1 room Book You won't be charged yet Our last 5! Offer 2 2 adults Your kid can stay for FREE! Good breakfast included Cancel for free before Sep 5, 2026 Book and pay now Free fitness center access Parking Express check-in Free WiFi See details USD 242 Per night before taxes 1 room Book You won't be charged yet Our last 5! Offer 3 3 adults Good breakfast available (USD 40 / person) Cancel for free before Sep 5, 2026 Book and pay now Free fitness center access Parking Express check-in Free WiFi See details USD 282 Per night before taxes 1 room Book You won't be charged yet Our last 5! Offer 4 3 adults Good breakfast included Cancel for free before Sep 5, 2026 Book and pay now Free fitness center access Parking Express check-in Free WiFi See details USD 316 Per night before taxes 1 room Book You won't be charged yet Our last 5!",,,,,,,,208,,USD,未知,未知,2026-09-06,2026-09-08,https://www.agoda.com/shangri-la-hotel-bangkok/hotel/bangkok-th.html?countryId=106&finalPriceView=1&isShowMobileAppPrice=false&cid=1917614&numberOfBedrooms=&familyMode=false&adults=2&children=0&rooms=1&maxRooms=0&checkIn=2026-09-6&isCalendarCallout=false&childAges=&numberOfGuest=0&missingChildAges=false&travellerType=1&showReviewSubmissionEntry=false&currencyCode=USD&isFreeOccSearch=false&los=2&searchrequestid=0f2a3b34-782c-451b-ba74-3be5b6ceff33,"Our last 5! Image 1 of 11 1/11 Room photos and details Shangri-La Wing Deluxe 1 King 36 m²/388 ft²Max 3 adults1 king bed Your kid can stay for FREE! 9.2 Exceptional Room comfort City view Separate shower/bathtub Private bathroom Hair dryer Shower Wi-Fi [free] Blackout curtains Alcohol Complimentary tea Kettle Offer 1 2 adults Your kid can stay for FREE! Good breakfast available (USD 40 / person) Cancel for free before Sep 5, 2026 Book and pay now Free fitness center access Parking Express check-in Free WiFi See details USD 208 Per night before taxes 1 room Book You won't be charged yet Our last 5! Offer 2 2 adults Your kid can stay for FREE! Good breakfast included Cancel for free before Sep 5, 2026 Book and pay now Free fitness center access Parking Express check-in Free WiFi See details USD 242 Per night before taxes 1 room Book You won't be charged yet Our last 5! Offer 3 3 adults Good breakfast available (USD 40 / person) Cancel for free before Sep 5, 2026 Book and pay now Free fitness center access Parking Express check-in Free WiFi See details USD 282 Per night before taxes 1 room Book You won't be charged yet Our last 5! Offer 4 3 adults Good breakfast included Cancel for free before Sep 5, 2026 Book and pay now Free fitness center access Parking Express check-in Free WiFi See details USD 316 Per night before taxes 1 room Book You won't be charged yet Our last 5!",T3,,待人工核验,否,未取得售卖方案或尚未通过T4人工复核,1a0e5ea3fb9bb43cb3ade481ac648d49ef1961b74cfdf984cc759989511e477c,,20260906-092202-csv-fb22d95c,,,,
499903405f5d9c69f692d1efa1470da036aeaa32b6f35ea8dbfa1f4fb62a3bae,ChIJcf_j1C-Z4jARfDy3FlDr-Wc,曼谷香格里拉大酒店,agoda,Agoda,10696,room_83d78cd9adf9352bee,Krungthep River View 2 Twins,single bed,,44 m²,,3,"Our last 5! Image 1 of 11 1/11 Room photos and details Krungthep River View 2 Twins 44 m²/474 ft²Max 3 adults2 single beds Your kid can stay for FREE! 9.0 Exceptional Room comfort River view Separate shower/bathtub Private bathroom Hair dryer Shower Wi-Fi [free] Blackout curtains Alcohol Complimentary tea Kettle Offer 1 2 adults Your kid can stay for FREE! Good breakfast available (USD 40 / person) Cancel for free before Sep 5, 2026 Book and pay now Free fitness center access Parking Express check-in Free WiFi See details USD 226 Per night before taxes 1 room Book You won't be charged yet Our last 5! Offer 2 2 adults Your kid can stay for FREE! Good breakfast included Cancel for free before Sep 5, 2026 Book and pay now Free fitness center access Parking Express check-in Free WiFi See details USD 249 Per night before taxes 1 room Book You won't be charged yet Our last 5! Offer 3 3 adults Good breakfast available (USD 40 / person) Cancel for free before Sep 5, 2026 Book and pay now Free fitness center access Parking Express check-in Free WiFi See details USD 277 Per night before taxes 1 room Book You won't be charged yet Our last 5! Offer 4 3 adults Good breakfast included Cancel for free before Sep 5, 2026 Book and pay now Free fitness center access Parking Express check-in Free WiFi See details USD 301 Per night before taxes 1 room Book You won't be charged yet Our last 5!",rate_0eee95552a5652ce12,Good breakfast included,"Cancel for free before Sep 5, 2026",,Book and pay now,2 adults,,249,Per night before taxes,USD,未知,未知,2026-09-06,2026-09-08,https://www.agoda.com/shangri-la-hotel-bangkok/hotel/bangkok-th.html?countryId=106&finalPriceView=1&isShowMobileAppPrice=false&cid=1917614&numberOfBedrooms=&familyMode=false&adults=2&children=0&rooms=1&maxRooms=0&checkIn=2026-09-6&isCalendarCallout=false&childAges=&numberOfGuest=0&missingChildAges=false&travellerType=1&showReviewSubmissionEntry=false&currencyCode=USD&isFreeOccSearch=false&los=2&searchrequestid=0f2a3b34-782c-451b-ba74-3be5b6ceff33,"{""优惠标签"": """", ""入住人数"": ""2 adults"", ""其他权益"": """", ""原价"": """", ""取消政策"": ""Cancel for free before Sep 5, 2026"", ""币种"": ""USD"", ""库存提示"": """", ""当前价"": ""249"", ""支付方式"": ""Book and pay now"", ""早餐"": ""Good breakfast included"", ""确认政策"": """", ""税费"": ""Per night before taxes""}",T3,T3,待人工核验,否,价格计价单位未确认；税费包含状态未确认；尚未通过T4人工复核,8b36fbae822b65f2c586b3724683fa337792927348eb8777338b939653f65e7c,52fcfdbf2d06afcdbfdbe862ac5833614a33a9467392b70ccc20ecfbcd4d8625,20260906-092202-csv-fb22d95c,,,,
e6901552462c4a067aafed8759b223a95c5847b301a46ff854b632daae94dd9e,ChIJcf_j1C-Z4jARfDy3FlDr-Wc,曼谷香格里拉大酒店,agoda,Agoda,10696,room_83d78cd9adf9352bee,Krungthep River View 2 Twins,single bed,,44 m²,,3,"Our last 5! Image 1 of 11 1/11 Room photos and details Krungthep River View 2 Twins 44 m²/474 ft²Max 3 adults2 single beds Your kid can stay for FREE! 9.0 Exceptional Room comfort River view Separate shower/bathtub Private bathroom Hair dryer Shower Wi-Fi [free] Blackout curtains Alcohol Complimentary tea Kettle Offer 1 2 adults Your kid can stay for FREE! Good breakfast available (USD 40 / person) Cancel for free before Sep 5, 2026 Book and pay now Free fitness center access Parking Express check-in Free WiFi See details USD 226 Per night before taxes 1 room Book You won't be charged yet Our last 5! Offer 2 2 adults Your kid can stay for FREE! Good breakfast included Cancel for free before Sep 5, 2026 Book and pay now Free fitness center access Parking Express check-in Free WiFi See details USD 249 Per night before taxes 1 room Book You won't be charged yet Our last 5! Offer 3 3 adults Good breakfast available (USD 40 / person) Cancel for free before Sep 5, 2026 Book and pay now Free fitness center access Parking Express check-in Free WiFi See details USD 277 Per night before taxes 1 room Book You won't be charged yet Our last 5! Offer 4 3 adults Good breakfast included Cancel for free before Sep 5, 2026 Book and pay now Free fitness center access Parking Express check-in Free WiFi See details USD 301 Per night before taxes 1 room Book You won't be charged yet Our last 5!",rate_41344b9e4a7ab56535,Good breakfast available (USD 40 / person),"Cancel for free before Sep 5, 2026",,Book and pay now,2 adults,,226,Per night before taxes,USD,未知,未知,2026-09-06,2026-09-08,https://www.agoda.com/shangri-la-hotel-bangkok/hotel/bangkok-th.html?countryId=106&finalPriceView=1&isShowMobileAppPrice=false&cid=1917614&numberOfBedrooms=&familyMode=false&adults=2&children=0&rooms=1&maxRooms=0&checkIn=2026-09-6&isCalendarCallout=false&childAges=&numberOfGuest=0&missingChildAges=false&travellerType=1&showReviewSubmissionEntry=false&currencyCode=USD&isFreeOccSearch=false&los=2&searchrequestid=0f2a3b34-782c-451b-ba74-3be5b6ceff33,"{""优惠标签"": """", ""入住人数"": ""2 adults"", ""其他权益"": """", ""原价"": """", ""取消政策"": ""Cancel for free before Sep 5, 2026"", ""币种"": ""USD"", ""库存提示"": """", ""当前价"": ""226"", ""支付方式"": ""Book and pay now"", ""早餐"": ""Good breakfast available (USD 40 / person)"", ""确认政策"": """", ""税费"": ""Per night before taxes""}",T3,T3,待人工核验,否,价格计价单位未确认；税费包含状态未确认；尚未通过T4人工复核,8b36fbae822b65f2c586b3724683fa337792927348eb8777338b939653f65e7c,8b5a284b5fdd3c835d8f59a30b2f1e67e15ff35a7ce9b9ccb888fa9f3b8d595e,20260906-092202-csv-fb22d95c,,,,
597fc4e481d2147413b669388dad2e4686a83f93cbc49e34fca65ccbdc2816ab,ChIJcf_j1C-Z4jARfDy3FlDr-Wc,曼谷香格里拉大酒店,agoda,Agoda,10696,room_83d78cd9adf9352bee,Krungthep River View 2 Twins,single bed,,44 m²,,3,"Our last 5! Image 1 of 11 1/11 Room photos and details Krungthep River View 2 Twins 44 m²/474 ft²Max 3 adults2 single beds Your kid can stay for FREE! 9.0 Exceptional Room comfort River view Separate shower/bathtub Private bathroom Hair dryer Shower Wi-Fi [free] Blackout curtains Alcohol Complimentary tea Kettle Offer 1 2 adults Your kid can stay for FREE! Good breakfast available (USD 40 / person) Cancel for free before Sep 5, 2026 Book and pay now Free fitness center access Parking Express check-in Free WiFi See details USD 226 Per night before taxes 1 room Book You won't be charged yet Our last 5! Offer 2 2 adults Your kid can stay for FREE! Good breakfast included Cancel for free before Sep 5, 2026 Book and pay now Free fitness center access Parking Express check-in Free WiFi See details USD 249 Per night before taxes 1 room Book You won't be charged yet Our last 5! Offer 3 3 adults Good breakfast available (USD 40 / person) Cancel for free before Sep 5, 2026 Book and pay now Free fitness center access Parking Express check-in Free WiFi See details USD 277 Per night before taxes 1 room Book You won't be charged yet Our last 5! Offer 4 3 adults Good breakfast included Cancel for free before Sep 5, 2026 Book and pay now Free fitness center access Parking Express check-in Free WiFi See details USD 301 Per night before taxes 1 room Book You won't be charged yet Our last 5!",rate_ba8bd1b5f255b244c7,Good breakfast included,"Cancel for free before Sep 5, 2026",,Book and pay now,3 adults,,301,Per night before taxes,USD,未知,未知,2026-09-06,2026-09-08,https://www.agoda.com/shangri-la-hotel-bangkok/hotel/bangkok-th.html?countryId=106&finalPriceView=1&isShowMobileAppPrice=false&cid=1917614&numberOfBedrooms=&familyMode=false&adults=2&children=0&rooms=1&maxRooms=0&checkIn=2026-09-6&isCalendarCallout=false&childAges=&numberOfGuest=0&missingChildAges=false&travellerType=1&showReviewSubmissionEntry=false&currencyCode=USD&isFreeOccSearch=false&los=2&searchrequestid=0f2a3b34-782c-451b-ba74-3be5b6ceff33,"{""优惠标签"": """", ""入住人数"": ""3 adults"", ""其他权益"": """", ""原价"": """", ""取消政策"": ""Cancel for free before Sep 5, 2026"", ""币种"": ""USD"", ""库存提示"": """", ""当前价"": ""301"", ""支付方式"": ""Book and pay now"", ""早餐"": ""Good breakfast included"", ""确认政策"": """", ""税费"": ""Per night before taxes""}",T3,T3,待人工核验,否,价格计价单位未确认；税费包含状态未确认；尚未通过T4人工复核,8b36fbae822b65f2c586b3724683fa337792927348eb8777338b939653f65e7c,85c9bca640a90cc681941ffe57f446ddd61387e3c707024aa7e68afd39c3c6d6,20260906-092202-csv-fb22d95c,,,,
d1eb26857c77824ed1a0e4ad51521cbc9aa2265c7f7ae116fae42ecc39984839,ChIJcf_j1C-Z4jARfDy3FlDr-Wc,曼谷香格里拉大酒店,agoda,Agoda,10696,room_83d78cd9adf9352bee,Krungthep River View 2 Twins,single bed,,44 m²,,3,"Our last 5! Image 1 of 11 1/11 Room photos and details Krungthep River View 2 Twins 44 m²/474 ft²Max 3 adults2 single beds Your kid can stay for FREE! 9.0 Exceptional Room comfort River view Separate shower/bathtub Private bathroom Hair dryer Shower Wi-Fi [free] Blackout curtains Alcohol Complimentary tea Kettle Offer 1 2 adults Your kid can stay for FREE! Good breakfast available (USD 40 / person) Cancel for free before Sep 5, 2026 Book and pay now Free fitness center access Parking Express check-in Free WiFi See details USD 226 Per night before taxes 1 room Book You won't be charged yet Our last 5! Offer 2 2 adults Your kid can stay for FREE! Good breakfast included Cancel for free before Sep 5, 2026 Book and pay now Free fitness center access Parking Express check-in Free WiFi See details USD 249 Per night before taxes 1 room Book You won't be charged yet Our last 5! Offer 3 3 adults Good breakfast available (USD 40 / person) Cancel for free before Sep 5, 2026 Book and pay now Free fitness center access Parking Express check-in Free WiFi See details USD 277 Per night before taxes 1 room Book You won't be charged yet Our last 5! Offer 4 3 adults Good breakfast included Cancel for free before Sep 5, 2026 Book and pay now Free fitness center access Parking Express check-in Free WiFi See details USD 301 Per night before taxes 1 room Book You won't be charged yet Our last 5!",rate_d3d054130b841f4ad0,Good breakfast available (USD 40 / person),"Cancel for free before Sep 5, 2026",,Book and pay now,3 adults,,277,Per night before taxes,USD,未知,未知,2026-09-06,2026-09-08,https://www.agoda.com/shangri-la-hotel-bangkok/hotel/bangkok-th.html?countryId=106&finalPriceView=1&isShowMobileAppPrice=false&cid=1917614&numberOfBedrooms=&familyMode=false&adults=2&children=0&rooms=1&maxRooms=0&checkIn=2026-09-6&isCalendarCallout=false&childAges=&numberOfGuest=0&missingChildAges=false&travellerType=1&showReviewSubmissionEntry=false&currencyCode=USD&isFreeOccSearch=false&los=2&searchrequestid=0f2a3b34-782c-451b-ba74-3be5b6ceff33,"{""优惠标签"": """", ""入住人数"": ""3 adults"", ""其他权益"": """", ""原价"": """", ""取消政策"": ""Cancel for free before Sep 5, 2026"", ""币种"": ""USD"", ""库存提示"": """", ""当前价"": ""277"", ""支付方式"": ""Book and pay now"", ""早餐"": ""Good breakfast available (USD 40 / person)"", ""确认政策"": """", ""税费"": ""Per night before taxes""}",T3,T3,待人工核验,否,价格计价单位未确认；税费包含状态未确认；尚未通过T4人工复核,8b36fbae822b65f2c586b3724683fa337792927348eb8777338b939653f65e7c,edcb284a753d77fc36205efc3ac57d68101dca4de1220d48b52425b7ea9a41d9,20260906-092202-csv-fb22d95c,,,,
3315edce61d02acc87d55e9976164059f02193c004563424b9e6d38e8918f430,ChIJcf_j1C-Z4jARfDy3FlDr-Wc,曼谷香格里拉大酒店,best_hotel_deals,Best Hotel Deals,11270,room_1fa74ebe2e700526bd,"Krungthep, King, River View",,,,,,"Krungthep, King, River View Cancellation cost: $519.53 BreakFast Nightly: $220.70 Total: $441.41 Book Cancellation cost: $606.00 Room Only Nightly: $257.44 Total: $514.89 Book",,,,,,,,519.53,,USD,未知,未知,2026-09-06,2026-09-08,https://besthoteldealsglobal.com/property/11270?rooms=1&currency=USD&startDate=06-09-2026&endDate=08-09-2026&occupancies=%5B%7B%22Adults%22%3A2%2C%22Children%22%3A0%7D%5D&utm_source=google&utm_medium=HAC&utm_content=06_09_2026_2_mapresults_11270_US_desktop_default___2&tp=486.66&tt=73.19&sup=38&flow=Du3rG2u7K6hNKxESe6NNndz7eJkiHmYtj3XFtvL2lGCS1uhvcg&room=double-or-twin,"Krungthep, King, River View Cancellation cost: $519.53 BreakFast Nightly: $220.70 Total: $441.41 Book Cancellation cost: $606.00 Room Only Nightly: $257.44 Total: $514.89 Book",T3,,待人工核验,否,未取得售卖方案或尚未通过T4人工复核,064c58582d3d13353483f3a65d879aa17ec048431d0de8754fb805806f6a4cec,,20260906-092202-csv-fb22d95c,,,,
ebebca425ae9b23fa10de7a42a5839dab84437c7904f8411be525b9daf20983f,ChIJcf_j1C-Z4jARfDy3FlDr-Wc,曼谷香格里拉大酒店,best_hotel_deals,Best Hotel Deals,11270,room_49b70c07fe9cab9f83,"Shangri Deluxe, King, River View",,,,,,"Shangri Deluxe, King, River View Cancellation cost: $506.00 Bed And Breakfast Nightly: $214.96 Total: $429.92 Book",rate_32172ec6affad9e820,,,,,,,506.00,,USD,未知,未知,2026-09-06,2026-09-08,https://besthoteldealsglobal.com/property/11270?rooms=1&currency=USD&startDate=06-09-2026&endDate=08-09-2026&occupancies=%5B%7B%22Adults%22%3A2%2C%22Children%22%3A0%7D%5D&utm_source=google&utm_medium=HAC&utm_content=06_09_2026_2_mapresults_11270_US_desktop_default___2&tp=486.66&tt=73.19&sup=38&flow=Du3rG2u7K6hNKxESe6NNndz7eJkiHmYtj3XFtvL2lGCS1uhvcg&room=double-or-twin,"{""优惠标签"": """", ""入住人数"": """", ""其他权益"": """", ""原价"": """", ""取消政策"": """", ""币种"": ""USD"", ""库存提示"": """", ""当前价"": ""506.00"", ""支付方式"": """", ""早餐"": """", ""确认政策"": """", ""税费"": """"}",T3,T3,待人工核验,否,价格计价单位未确认；税费包含状态未确认；尚未通过T4人工复核,a4481193d07a97420851047d73770f51f516a585c3f519b85f598dc10a335de8,fe4304d2754d09ddf899b98cd64010da526e7d801251e1777b1cc2e8a345838a,20260906-092202-csv-fb22d95c,,,,
31b447373adbfc779ac6073951dd34b4b7bab2abc3c7ae0415dd939364f519ff,ChIJcf_j1C-Z4jARfDy3FlDr-Wc,曼谷香格里拉大酒店,best_hotel_deals,Best Hotel Deals,11270,room_55c4622ca1d0cb3108,"Shangri Deluxe, 2 Twin",,,,,,"Shangri Deluxe, 2 Twin Cancellation cost: $486.66 Room Only Price per room per night $206.73 1 room, 2 nights: $413.46 Our best price Book 1 room",rate_cdc8e1b9f0148fbb2b,Room Only,,,,,,486.66,,USD,未知,未知,2026-09-06,2026-09-08,https://besthoteldealsglobal.com/property/11270?rooms=1&currency=USD&startDate=06-09-2026&endDate=08-09-2026&occupancies=%5B%7B%22Adults%22%3A2%2C%22Children%22%3A0%7D%5D&utm_source=google&utm_medium=HAC&utm_content=06_09_2026_2_mapresults_11270_US_desktop_default___2&tp=486.66&tt=73.19&sup=38&flow=Du3rG2u7K6hNKxESe6NNndz7eJkiHmYtj3XFtvL2lGCS1uhvcg&room=double-or-twin,"{""优惠标签"": """", ""入住人数"": """", ""其他权益"": """", ""原价"": """", ""取消政策"": """", ""币种"": ""USD"", ""库存提示"": """", ""当前价"": ""486.66"", ""支付方式"": """", ""早餐"": ""Room Only"", ""确认政策"": """", ""税费"": """"}",T3,T3,待人工核验,否,价格计价单位未确认；税费包含状态未确认；尚未通过T4人工复核,4fa2d585f19bdfbfb2e9fd182ebdb9b30c0bc57b7780ff6b5d4f125f3975a9ea,8ac84ac3a67b014a65cac0fffc0d5ba468f4f1c7e3a6d2543ff68834673f7858,20260906-092202-csv-fb22d95c,,,,
9049195c0c374e85b06f83e8e499c8a08f7d012ca919a97d5ed6350b9450b503,ChIJcf_j1C-Z4jARfDy3FlDr-Wc,曼谷香格里拉大酒店,best_hotel_deals,Best Hotel Deals,11270,room_59ff474753eb3400cb,"Deluxe, Twin",,,,,,"Deluxe, Twin Cancellation cost: $526.59 BreakFast Nightly: $223.70 Total: $447.41 Book",,,,,,,,526.59,,USD,未知,未知,2026-09-06,2026-09-08,https://besthoteldealsglobal.com/property/11270?rooms=1&currency=USD&startDate=06-09-2026&endDate=08-09-2026&occupancies=%5B%7B%22Adults%22%3A2%2C%22Children%22%3A0%7D%5D&utm_source=google&utm_medium=HAC&utm_content=06_09_2026_2_mapresults_11270_US_desktop_default___2&tp=486.66&tt=73.19&sup=38&flow=Du3rG2u7K6hNKxESe6NNndz7eJkiHmYtj3XFtvL2lGCS1uhvcg&room=double-or-twin,"Deluxe, Twin Cancellation cost: $526.59 BreakFast Nightly: $223.70 Total: $447.41 Book",T3,,待人工核验,否,未取得售卖方案或尚未通过T4人工复核,7ebda5b4199892422ca3396e011480920330e2f1e862bd9b51fe7cf2d68fbbe8,,20260906-092202-csv-fb22d95c,,,,
1b0b39bad1c91789a5d31f14860330def83d107337b58324e6db4df10ac013fc,ChIJcf_j1C-Z4jARfDy3FlDr-Wc,曼谷香格里拉大酒店,best_hotel_deals,Best Hotel Deals,11270,room_70305d6ae5341459c8,"Room - 2 Bed, River View",,,,,,"Room - 2 Bed, River View Room Only Nightly: $223.54 Total: $447.09 Book Bed and breakfast Nightly: $247.09 Total: $494.17 Book",rate_93ff4a886e058ef09b,,,,,,494.17,247.09,,USD,未知,未知,2026-09-06,2026-09-08,https://besthoteldealsglobal.com/property/11270?rooms=1&currency=USD&startDate=06-09-2026&endDate=08-09-2026&occupancies=%5B%7B%22Adults%22%3A2%2C%22Children%22%3A0%7D%5D&utm_source=google&utm_medium=HAC&utm_content=06_09_2026_2_mapresults_11270_US_desktop_default___2&tp=486.66&tt=73.19&sup=38&flow=Du3rG2u7K6hNKxESe6NNndz7eJkiHmYtj3XFtvL2lGCS1uhvcg&room=double-or-twin,"{""优惠标签"": """", ""入住人数"": """", ""其他权益"": """", ""原价"": ""494.17"", ""取消政策"": """", ""币种"": ""USD"", ""库存提示"": """", ""当前价"": ""247.09"", ""支付方式"": """", ""早餐"": """", ""确认政策"": """", ""税费"": """"}",T3,T3,待人工核验,否,价格计价单位未确认；税费包含状态未确认；尚未通过T4人工复核,a67425287722fccde06898f971ca5ecef2817d297db613954484ef405ce5c082,9ed7b178cb9346249e76eaaed411ec5cda59dc7972cc36b985a85fd6d21d8ac5,20260906-092202-csv-fb22d95c,,,,
8e46dbbba9e88b496e42cfdfa84eb5d42e25d4daf0f673189d6c44fe9597e382,ChIJcf_j1C-Z4jARfDy3FlDr-Wc,曼谷香格里拉大酒店,best_hotel_deals,Best Hotel Deals,11270,room_70305d6ae5341459c8,"Room - 2 Bed, River View",,,,,,"Room - 2 Bed, River View Room Only Nightly: $223.54 Total: $447.09 Book Bed and breakfast Nightly: $247.09 Total: $494.17 Book",rate_e578a2e6d1bc6e7095,Room Only,,,,,447.09,223.54,,USD,未知,未知,2026-09-06,2026-09-08,https://besthoteldealsglobal.com/property/11270?rooms=1&currency=USD&startDate=06-09-2026&endDate=08-09-2026&occupancies=%5B%7B%22Adults%22%3A2%2C%22Children%22%3A0%7D%5D&utm_source=google&utm_medium=HAC&utm_content=06_09_2026_2_mapresults_11270_US_desktop_default___2&tp=486.66&tt=73.19&sup=38&flow=Du3rG2u7K6hNKxESe6NNndz7eJkiHmYtj3XFtvL2lGCS1uhvcg&room=double-or-twin,"{""优惠标签"": """", ""入住人数"": """", ""其他权益"": """", ""原价"": ""447.09"", ""取消政策"": """", ""币种"": ""USD"", ""库存提示"": """", ""当前价"": ""223.54"", ""支付方式"": """", ""早餐"": ""Room Only"", ""确认政策"": """", ""税费"": """"}",T3,T3,待人工核验,否,价格计价单位未确认；税费包含状态未确认；尚未通过T4人工复核,a67425287722fccde06898f971ca5ecef2817d297db613954484ef405ce5c082,8594b9fe4ccc95a34f1cd3a3bf8ae75ce47c628ce96d60e85746578e6682ce20,20260906-092202-csv-fb22d95c,,,,
a66403c29ccaa135b86288ba5eacaebbb53b22ce1e164a3c48fff581640110ee,ChIJcf_j1C-Z4jARfDy3FlDr-Wc,曼谷香格里拉大酒店,best_hotel_deals,Best Hotel Deals,11270,room_82e2de1f6c9cdd9b3d,"Deluxe, King, River View",,,,,,"Deluxe, King, River View Room Only Nightly: $243.71 Total: $487.43 Book Cancellation cost: $583.15 BreakFast Nightly: $247.74 Total: $495.48 Book",rate_0fb616e489a2f616a9,,,,,,,583.15,,USD,未知,未知,2026-09-06,2026-09-08,https://besthoteldealsglobal.com/property/11270?rooms=1&currency=USD&startDate=06-09-2026&endDate=08-09-2026&occupancies=%5B%7B%22Adults%22%3A2%2C%22Children%22%3A0%7D%5D&utm_source=google&utm_medium=HAC&utm_content=06_09_2026_2_mapresults_11270_US_desktop_default___2&tp=486.66&tt=73.19&sup=38&flow=Du3rG2u7K6hNKxESe6NNndz7eJkiHmYtj3XFtvL2lGCS1uhvcg&room=double-or-twin,"{""优惠标签"": """", ""入住人数"": """", ""其他权益"": """", ""原价"": """", ""取消政策"": """", ""币种"": ""USD"", ""库存提示"": """", ""当前价"": ""583.15"", ""支付方式"": """", ""早餐"": """", ""确认政策"": """", ""税费"": """"}",T3,T3,待人工核验,否,价格计价单位未确认；税费包含状态未确认；尚未通过T4人工复核,90fd3663b0c924d3dc0404348c51533eb3d01aff1ed2ee741185389b20a1099e,53d328b5883cd4b847bf3baca323a8b91331e862dbf14f415d3c36beddee0ab8,20260906-092202-csv-fb22d95c,,,,
b8a1dc2fe331938a4c170324fbd4b6ad3dd6148c5c48597913a9ab4e464f5946,ChIJcf_j1C-Z4jARfDy3FlDr-Wc,曼谷香格里拉大酒店,best_hotel_deals,Best Hotel Deals,11270,room_9486e0a8a27bc1210a,"Club, King, Horizon View",,,,,,"Club, King, Horizon View Cancellation cost: $576.43 BreakFast Nightly: $244.89 Total: $489.77 Book",rate_e8eb4f86b36fb3d6fe,,,,,,,576.43,,USD,未知,未知,2026-09-06,2026-09-08,https://besthoteldealsglobal.com/property/11270?rooms=1&currency=USD&startDate=06-09-2026&endDate=08-09-2026&occupancies=%5B%7B%22Adults%22%3A2%2C%22Children%22%3A0%7D%5D&utm_source=google&utm_medium=HAC&utm_content=06_09_2026_2_mapresults_11270_US_desktop_default___2&tp=486.66&tt=73.19&sup=38&flow=Du3rG2u7K6hNKxESe6NNndz7eJkiHmYtj3XFtvL2lGCS1uhvcg&room=double-or-twin,"{""优惠标签"": """", ""入住人数"": """", ""其他权益"": """", ""原价"": """", ""取消政策"": """", ""币种"": ""USD"", ""库存提示"": """", ""当前价"": ""576.43"", ""支付方式"": """", ""早餐"": """", ""确认政策"": """", ""税费"": """"}",T3,T3,待人工核验,否,价格计价单位未确认；税费包含状态未确认；尚未通过T4人工复核,86ae15e74e3dd5b5f5ca955b7894f1729be842d68c14ffda843f3a8d76b82385,93b4bb8faecaa0493ff15bd8b525d293848e6e527ad86c7c6e80ff71b056e7e6,20260906-092202-csv-fb22d95c,,,,
311da33e3747cd137c883a2d8206686a165b6924c404f77ff90fe1dfeba37da1,ChIJcf_j1C-Z4jARfDy3FlDr-Wc,曼谷香格里拉大酒店,best_hotel_deals,Best Hotel Deals,11270,room_ab1874dbb4666bcbc4,"Krungthep, 2 Twin, River View",,,,,,"Krungthep, 2 Twin, River View Cancellation cost: $519.53 BreakFast Nightly: $220.70 Total: $441.41 Book Cancellation cost: $606.00 Room Only Nightly: $257.44 Total: $514.89 Book",rate_42e3f03912e8f54d2e,,,,,,,519.53,,USD,未知,未知,2026-09-06,2026-09-08,https://besthoteldealsglobal.com/property/11270?rooms=1&currency=USD&startDate=06-09-2026&endDate=08-09-2026&occupancies=%5B%7B%22Adults%22%3A2%2C%22Children%22%3A0%7D%5D&utm_source=google&utm_medium=HAC&utm_content=06_09_2026_2_mapresults_11270_US_desktop_default___2&tp=486.66&tt=73.19&sup=38&flow=Du3rG2u7K6hNKxESe6NNndz7eJkiHmYtj3XFtvL2lGCS1uhvcg&room=double-or-twin,"{""优惠标签"": """", ""入住人数"": """", ""其他权益"": """", ""原价"": """", ""取消政策"": """", ""币种"": ""USD"", ""库存提示"": """", ""当前价"": ""519.53"", ""支付方式"": """", ""早餐"": """", ""确认政策"": """", ""税费"": """"}",T3,T3,待人工核验,否,价格计价单位未确认；税费包含状态未确认；尚未通过T4人工复核,44f2a0ebe3669c6a1fc945f3ecf444f6cd4b7598fd5d4bf9b8634bd179894a18,b44062f38c4a91443f7a2a3b73676d93fef57844e76419db9495cba92b6930b6,20260906-092202-csv-fb22d95c,,,,
4c0b803dc7a19673d8a2f73aac62d02aa563377b6ab57fcf4d4dd398e827f3e0,ChIJcf_j1C-Z4jARfDy3FlDr-Wc,曼谷香格里拉大酒店,best_hotel_deals,Best Hotel Deals,11270,room_ab1874dbb4666bcbc4,"Krungthep, 2 Twin, River View",,,,,,"Krungthep, 2 Twin, River View Cancellation cost: $519.53 BreakFast Nightly: $220.70 Total: $441.41 Book Cancellation cost: $606.00 Room Only Nightly: $257.44 Total: $514.89 Book",rate_c9448a8e22f7553229,Room Only,,,,,,606.00,,USD,未知,未知,2026-09-06,2026-09-08,https://besthoteldealsglobal.com/property/11270?rooms=1&currency=USD&startDate=06-09-2026&endDate=08-09-2026&occupancies=%5B%7B%22Adults%22%3A2%2C%22Children%22%3A0%7D%5D&utm_source=google&utm_medium=HAC&utm_content=06_09_2026_2_mapresults_11270_US_desktop_default___2&tp=486.66&tt=73.19&sup=38&flow=Du3rG2u7K6hNKxESe6NNndz7eJkiHmYtj3XFtvL2lGCS1uhvcg&room=double-or-twin,"{""优惠标签"": """", ""入住人数"": """", ""其他权益"": """", ""原价"": """", ""取消政策"": """", ""币种"": ""USD"", ""库存提示"": """", ""当前价"": ""606.00"", ""支付方式"": """", ""早餐"": ""Room Only"", ""确认政策"": """", ""税费"": """"}",T3,T3,待人工核验,否,价格计价单位未确认；税费包含状态未确认；尚未通过T4人工复核,44f2a0ebe3669c6a1fc945f3ecf444f6cd4b7598fd5d4bf9b8634bd179894a18,4554d691912131cf467740f47ff64df4c264e421d785f335796deda89c8a4ba4,20260906-092202-csv-fb22d95c,,,,
0eb51255bca0cd89ec5b6741313835dc6071982b06bd3f29ba72631a08be346e,ChIJcf_j1C-Z4jARfDy3FlDr-Wc,曼谷香格里拉大酒店,best_hotel_deals,Best Hotel Deals,11270,room_ae55063f5f079fa283,"Club, Twin, Horizon View",,,,,,"Club, Twin, Horizon View Cancellation cost: $576.43 BreakFast Nightly: $244.89 Total: $489.77 Book",,,,,,,,576.43,,USD,未知,未知,2026-09-06,2026-09-08,https://besthoteldealsglobal.com/property/11270?rooms=1&currency=USD&startDate=06-09-2026&endDate=08-09-2026&occupancies=%5B%7B%22Adults%22%3A2%2C%22Children%22%3A0%7D%5D&utm_source=google&utm_medium=HAC&utm_content=06_09_2026_2_mapresults_11270_US_desktop_default___2&tp=486.66&tt=73.19&sup=38&flow=Du3rG2u7K6hNKxESe6NNndz7eJkiHmYtj3XFtvL2lGCS1uhvcg&room=double-or-twin,"Club, Twin, Horizon View Cancellation cost: $576.43 BreakFast Nightly: $244.89 Total: $489.77 Book",T3,,待人工核验,否,未取得售卖方案或尚未通过T4人工复核,95db004700354cf3082ed2607284ee4e37def1c21b8e7411c310b9f72719da3e,,20260906-092202-csv-fb22d95c,,,,
6392311e72476e2a786a81fa6bcab593d7d616020c7849ffcbb1e63c78fa84b3,ChIJcf_j1C-Z4jARfDy3FlDr-Wc,曼谷香格里拉大酒店,best_hotel_deals,Best Hotel Deals,11270,room_b3aa6ac0bbb88af6bd,"King Room, River View",,,,,,"King Room, River View Room Only Nightly: $223.54 Total: $447.09 Book Bed and breakfast Nightly: $247.09 Total: $494.17 Book",,,,,,,,223.54,,USD,未知,未知,2026-09-06,2026-09-08,https://besthoteldealsglobal.com/property/11270?rooms=1&currency=USD&startDate=06-09-2026&endDate=08-09-2026&occupancies=%5B%7B%22Adults%22%3A2%2C%22Children%22%3A0%7D%5D&utm_source=google&utm_medium=HAC&utm_content=06_09_2026_2_mapresults_11270_US_desktop_default___2&tp=486.66&tt=73.19&sup=38&flow=Du3rG2u7K6hNKxESe6NNndz7eJkiHmYtj3XFtvL2lGCS1uhvcg&room=double-or-twin,"King Room, River View Room Only Nightly: $223.54 Total: $447.09 Book Bed and breakfast Nightly: $247.09 Total: $494.17 Book",T3,,待人工核验,否,未取得售卖方案或尚未通过T4人工复核,4679b450750e444eec9eda35d94fc74b6ad81ed9996697a539d58d3a4d74f788,,20260906-092202-csv-fb22d95c,,,,
44c1344eaaa10a006671db17869287a3afd49f3ae79543fce4f41d481af65eb7,ChIJcf_j1C-Z4jARfDy3FlDr-Wc,曼谷香格里拉大酒店,best_hotel_deals,Best Hotel Deals,11270,room_b5c0dd0a3a9f7ee773,"Shangri Deluxe, 2 Twin, River View",,,,,,"Shangri Deluxe, 2 Twin, River View Cancellation cost: $506.00 Bed And Breakfast Nightly: $214.96 Total: $429.92 Book",,,,,,,,506.00,,USD,未知,未知,2026-09-06,2026-09-08,https://besthoteldealsglobal.com/property/11270?rooms=1&currency=USD&startDate=06-09-2026&endDate=08-09-2026&occupancies=%5B%7B%22Adults%22%3A2%2C%22Children%22%3A0%7D%5D&utm_source=google&utm_medium=HAC&utm_content=06_09_2026_2_mapresults_11270_US_desktop_default___2&tp=486.66&tt=73.19&sup=38&flow=Du3rG2u7K6hNKxESe6NNndz7eJkiHmYtj3XFtvL2lGCS1uhvcg&room=double-or-twin,"Shangri Deluxe, 2 Twin, River View Cancellation cost: $506.00 Bed And Breakfast Nightly: $214.96 Total: $429.92 Book",T3,,待人工核验,否,未取得售卖方案或尚未通过T4人工复核,2e6be4a6123b0526fd954b066c62ee4041f646899a161ae290f153201e4808a4,,20260906-092202-csv-fb22d95c,,,,
b8b0db7565acb35d40bf5b57457998a075f9b95f9ca62bb4ffb12f5988db5139,ChIJcf_j1C-Z4jARfDy3FlDr-Wc,曼谷香格里拉大酒店,best_hotel_deals,Best Hotel Deals,11270,room_b7e10ae71f19141005,"Deluxe, King",,,,,,"Deluxe, King Room Only Nightly: $216.82 Total: $433.64 Book Cancellation cost: $526.59 BreakFast Nightly: $223.70 Total: $447.41 Book",rate_460a0f2393af2688e0,Room Only,,,,,433.64,216.82,,USD,未知,未知,2026-09-06,2026-09-08,https://besthoteldealsglobal.com/property/11270?rooms=1&currency=USD&startDate=06-09-2026&endDate=08-09-2026&occupancies=%5B%7B%22Adults%22%3A2%2C%22Children%22%3A0%7D%5D&utm_source=google&utm_medium=HAC&utm_content=06_09_2026_2_mapresults_11270_US_desktop_default___2&tp=486.66&tt=73.19&sup=38&flow=Du3rG2u7K6hNKxESe6NNndz7eJkiHmYtj3XFtvL2lGCS1uhvcg&room=double-or-twin,"{""优惠标签"": """", ""入住人数"": """", ""其他权益"": """", ""原价"": ""433.64"", ""取消政策"": """", ""币种"": ""USD"", ""库存提示"": """", ""当前价"": ""216.82"", ""支付方式"": """", ""早餐"": ""Room Only"", ""确认政策"": """", ""税费"": """"}",T3,T3,待人工核验,否,价格计价单位未确认；税费包含状态未确认；尚未通过T4人工复核,d93bc5411ccded0d90b529c239cecfc89f4db144b47f70b281d44fd324dcd156,fcf4dc8aa084dcf1370adc9e0f0d5ada12d42b46417c22022b2a3908ba763fb2,20260906-092202-csv-fb22d95c,,,,
0177e82f9bcfc682f401c59528c38dba463769522f73b6ddf48c531509922f98,ChIJcf_j1C-Z4jARfDy3FlDr-Wc,曼谷香格里拉大酒店,best_hotel_deals,Best Hotel Deals,11270,room_b7e10ae71f19141005,"Deluxe, King",,,,,,"Deluxe, King Room Only Nightly: $216.82 Total: $433.64 Book Cancellation cost: $526.59 BreakFast Nightly: $223.70 Total: $447.41 Book",rate_7dc416219998b17bbc,,,,,,,526.59,,USD,未知,未知,2026-09-06,2026-09-08,https://besthoteldealsglobal.com/property/11270?rooms=1&currency=USD&startDate=06-09-2026&endDate=08-09-2026&occupancies=%5B%7B%22Adults%22%3A2%2C%22Children%22%3A0%7D%5D&utm_source=google&utm_medium=HAC&utm_content=06_09_2026_2_mapresults_11270_US_desktop_default___2&tp=486.66&tt=73.19&sup=38&flow=Du3rG2u7K6hNKxESe6NNndz7eJkiHmYtj3XFtvL2lGCS1uhvcg&room=double-or-twin,"{""优惠标签"": """", ""入住人数"": """", ""其他权益"": """", ""原价"": """", ""取消政策"": """", ""币种"": ""USD"", ""库存提示"": """", ""当前价"": ""526.59"", ""支付方式"": """", ""早餐"": """", ""确认政策"": """", ""税费"": """"}",T3,T3,待人工核验,否,价格计价单位未确认；税费包含状态未确认；尚未通过T4人工复核,d93bc5411ccded0d90b529c239cecfc89f4db144b47f70b281d44fd324dcd156,868f3291c9260cf1e69939502a815d62d86974a8c85cfa8f6f0fb06c78ecd588,20260906-092202-csv-fb22d95c,,,,
e1f6f39e8cc0edd745e71c437cc7bd6cb286e1068fbff531c68a52859ae08e22,ChIJcf_j1C-Z4jARfDy3FlDr-Wc,曼谷香格里拉大酒店,best_hotel_deals,Best Hotel Deals,11270,room_c4770c17631526da70,"Shangri Deluxe, 2 Twin, Balcony",,,,,,"Shangri Deluxe, 2 Twin, Balcony Cancellation cost: $578.00 Room Only Nightly: $245.55 Total: $491.10 Book Cancellation cost: $640.00 Bed And Breakfast Nightly: $271.89 Total: $543.77 Book",rate_714ea522db06fca7bf,,,,,,,640.00,,USD,未知,未知,2026-09-06,2026-09-08,https://besthoteldealsglobal.com/property/11270?rooms=1&currency=USD&startDate=06-09-2026&endDate=08-09-2026&occupancies=%5B%7B%22Adults%22%3A2%2C%22Children%22%3A0%7D%5D&utm_source=google&utm_medium=HAC&utm_content=06_09_2026_2_mapresults_11270_US_desktop_default___2&tp=486.66&tt=73.19&sup=38&flow=Du3rG2u7K6hNKxESe6NNndz7eJkiHmYtj3XFtvL2lGCS1uhvcg&room=double-or-twin,"{""优惠标签"": """", ""入住人数"": """", ""其他权益"": """", ""原价"": """", ""取消政策"": """", ""币种"": ""USD"", ""库存提示"": """", ""当前价"": ""640.00"", ""支付方式"": """", ""早餐"": """", ""确认政策"": """", ""税费"": """"}",T3,T3,待人工核验,否,价格计价单位未确认；税费包含状态未确认；尚未通过T4人工复核,14333914726873fb6878845b70f3ecae4d07e75b4a5d2be8a1180b65ef8ba650,6087f7362840ebea30020fd467c876485bd84b5cb045a6318f82869e7e940a3f,20260906-092202-csv-fb22d95c,,,,
1d138f9721e01385c08b112921d7a539891ae572d9d08cad9a2cf6bd58c370a2,ChIJcf_j1C-Z4jARfDy3FlDr-Wc,曼谷香格里拉大酒店,best_hotel_deals,Best Hotel Deals,11270,room_c4770c17631526da70,"Shangri Deluxe, 2 Twin, Balcony",,,,,,"Shangri Deluxe, 2 Twin, Balcony Cancellation cost: $578.00 Room Only Nightly: $245.55 Total: $491.10 Book Cancellation cost: $640.00 Bed And Breakfast Nightly: $271.89 Total: $543.77 Book",rate_cc2eb899265aad3e17,Room Only,,,,,,578.00,,USD,未知,未知,2026-09-06,2026-09-08,https://besthoteldealsglobal.com/property/11270?rooms=1&currency=USD&startDate=06-09-2026&endDate=08-09-2026&occupancies=%5B%7B%22Adults%22%3A2%2C%22Children%22%3A0%7D%5D&utm_source=google&utm_medium=HAC&utm_content=06_09_2026_2_mapresults_11270_US_desktop_default___2&tp=486.66&tt=73.19&sup=38&flow=Du3rG2u7K6hNKxESe6NNndz7eJkiHmYtj3XFtvL2lGCS1uhvcg&room=double-or-twin,"{""优惠标签"": """", ""入住人数"": """", ""其他权益"": """", ""原价"": """", ""取消政策"": """", ""币种"": ""USD"", ""库存提示"": """", ""当前价"": ""578.00"", ""支付方式"": """", ""早餐"": ""Room Only"", ""确认政策"": """", ""税费"": """"}",T3,T3,待人工核验,否,价格计价单位未确认；税费包含状态未确认；尚未通过T4人工复核,14333914726873fb6878845b70f3ecae4d07e75b4a5d2be8a1180b65ef8ba650,2cd834f7c4178b840b412df957ab76fa07e7e57dad517f9ee8786ca9a65b0489,20260906-092202-csv-fb22d95c,,,,
0f1456a065f4ea4a1a836833482f86ad23649d2363b294ed87df2c86958e5d91,ChIJcf_j1C-Z4jARfDy3FlDr-Wc,曼谷香格里拉大酒店,best_hotel_deals,Best Hotel Deals,11270,room_cb82a7326df8c7c076,Run Of House,,,,,,Run Of House Non-refundable Room Only Nightly: $207.87 Total: $415.73 Book Non-refundable Breakfast Included Nightly: $209.97 Total: $419.93 Book,rate_9c3b5465985e0a365e,Room Only,Non-refundable,,,,415.73,207.87,,USD,未知,未知,2026-09-06,2026-09-08,https://besthoteldealsglobal.com/property/11270?rooms=1&currency=USD&startDate=06-09-2026&endDate=08-09-2026&occupancies=%5B%7B%22Adults%22%3A2%2C%22Children%22%3A0%7D%5D&utm_source=google&utm_medium=HAC&utm_content=06_09_2026_2_mapresults_11270_US_desktop_default___2&tp=486.66&tt=73.19&sup=38&flow=Du3rG2u7K6hNKxESe6NNndz7eJkiHmYtj3XFtvL2lGCS1uhvcg&room=double-or-twin,"{""优惠标签"": """", ""入住人数"": """", ""其他权益"": """", ""原价"": ""415.73"", ""取消政策"": ""Non-refundable"", ""币种"": ""USD"", ""库存提示"": """", ""当前价"": ""207.87"", ""支付方式"": """", ""早餐"": ""Room Only"", ""确认政策"": """", ""税费"": """"}",T3,T3,待人工核验,否,价格计价单位未确认；税费包含状态未确认；尚未通过T4人工复核,e8edad15113159e667b73609dae4bd20343917142ff465ad6c7ff7545a32caa0,a69c73deaee8a935724cf3d4635d2b60689057dda1800717e66828a252a75bfc,20260906-092202-csv-fb22d95c,,,,
991d7ccd05b4c994858ba080f93621d02ad8f52adc7712d08ec112de5c0dc452,ChIJcf_j1C-Z4jARfDy3FlDr-Wc,曼谷香格里拉大酒店,best_hotel_deals,Best Hotel Deals,11270,room_cb82a7326df8c7c076,Run Of House,,,,,,Run Of House Non-refundable Room Only Nightly: $207.87 Total: $415.73 Book Non-refundable Breakfast Included Nightly: $209.97 Total: $419.93 Book,rate_ec4446b3abfa7a50a4,Breakfast Included,Non-refundable,,,,419.93,209.97,,USD,未知,未知,2026-09-06,2026-09-08,https://besthoteldealsglobal.com/property/11270?rooms=1&currency=USD&startDate=06-09-2026&endDate=08-09-2026&occupancies=%5B%7B%22Adults%22%3A2%2C%22Children%22%3A0%7D%5D&utm_source=google&utm_medium=HAC&utm_content=06_09_2026_2_mapresults_11270_US_desktop_default___2&tp=486.66&tt=73.19&sup=38&flow=Du3rG2u7K6hNKxESe6NNndz7eJkiHmYtj3XFtvL2lGCS1uhvcg&room=double-or-twin,"{""优惠标签"": """", ""入住人数"": """", ""其他权益"": """", ""原价"": ""419.93"", ""取消政策"": ""Non-refundable"", ""币种"": ""USD"", ""库存提示"": """", ""当前价"": ""209.97"", ""支付方式"": """", ""早餐"": ""Breakfast Included"", ""确认政策"": """", ""税费"": """"}",T3,T3,待人工核验,否,价格计价单位未确认；税费包含状态未确认；尚未通过T4人工复核,e8edad15113159e667b73609dae4bd20343917142ff465ad6c7ff7545a32caa0,6bb7c6ff1053769c7605c301310a3b98cb720a0754ed856e9c4cb6391c1f7014,20260906-092202-csv-fb22d95c,,,,
8a0d19570a3e3f6e98dc9b81bf59b9bbdc149419b48faa2fe01ad66dd5e437c5,ChIJcf_j1C-Z4jARfDy3FlDr-Wc,曼谷香格里拉大酒店,best_hotel_deals,Best Hotel Deals,11270,room_d8dd3e96bae10883d7,"Deluxe, 2 Bed, River View",,,,,,"Deluxe, 2 Bed, River View Room Only Nightly: $243.71 Total: $487.43 Book Bed and breakfast Nightly: $277.33 Total: $554.67 Book",rate_0997ed4d5a9b51fcf2,,,,,,554.67,277.33,,USD,未知,未知,2026-09-06,2026-09-08,https://besthoteldealsglobal.com/property/11270?rooms=1&currency=USD&startDate=06-09-2026&endDate=08-09-2026&occupancies=%5B%7B%22Adults%22%3A2%2C%22Children%22%3A0%7D%5D&utm_source=google&utm_medium=HAC&utm_content=06_09_2026_2_mapresults_11270_US_desktop_default___2&tp=486.66&tt=73.19&sup=38&flow=Du3rG2u7K6hNKxESe6NNndz7eJkiHmYtj3XFtvL2lGCS1uhvcg&room=double-or-twin,"{""优惠标签"": """", ""入住人数"": """", ""其他权益"": """", ""原价"": ""554.67"", ""取消政策"": """", ""币种"": ""USD"", ""库存提示"": """", ""当前价"": ""277.33"", ""支付方式"": """", ""早餐"": """", ""确认政策"": """", ""税费"": """"}",T3,T3,待人工核验,否,价格计价单位未确认；税费包含状态未确认；尚未通过T4人工复核,82204009a58a5f16a593a5eca5eb85ffad472f15ffe99913cd60e0b23619a33f,c10b2ca74c053dec766adcca705d8b99844f02b3cda00db72c2bcd35969ad88e,20260906-092202-csv-fb22d95c,,,,
605e6faed94c4f5d479ce41515265297f10b234c96d1532fd7fc39a503072ca6,ChIJcf_j1C-Z4jARfDy3FlDr-Wc,曼谷香格里拉大酒店,best_hotel_deals,Best Hotel Deals,11270,room_d8dd3e96bae10883d7,"Deluxe, 2 Bed, River View",,,,,,"Deluxe, 2 Bed, River View Room Only Nightly: $243.71 Total: $487.43 Book Bed and breakfast Nightly: $277.33 Total: $554.67 Book",rate_ff6078696d9085e9eb,Room Only,,,,,487.43,243.71,,USD,未知,未知,2026-09-06,2026-09-08,https://besthoteldealsglobal.com/property/11270?rooms=1&currency=USD&startDate=06-09-2026&endDate=08-09-2026&occupancies=%5B%7B%22Adults%22%3A2%2C%22Children%22%3A0%7D%5D&utm_source=google&utm_medium=HAC&utm_content=06_09_2026_2_mapresults_11270_US_desktop_default___2&tp=486.66&tt=73.19&sup=38&flow=Du3rG2u7K6hNKxESe6NNndz7eJkiHmYtj3XFtvL2lGCS1uhvcg&room=double-or-twin,"{""优惠标签"": """", ""入住人数"": """", ""其他权益"": """", ""原价"": ""487.43"", ""取消政策"": """", ""币种"": ""USD"", ""库存提示"": """", ""当前价"": ""243.71"", ""支付方式"": """", ""早餐"": ""Room Only"", ""确认政策"": """", ""税费"": """"}",T3,T3,待人工核验,否,价格计价单位未确认；税费包含状态未确认；尚未通过T4人工复核,82204009a58a5f16a593a5eca5eb85ffad472f15ffe99913cd60e0b23619a33f,3a271958215558534c6dc29f47cea53808db990633977d8c7624c8baa0031768,20260906-092202-csv-fb22d95c,,,,
83cc6eb8b0e725087aad8bee0a8ec67b0e61d2fc764a86f4f6dab6903e9d8b9b,ChIJcf_j1C-Z4jARfDy3FlDr-Wc,曼谷香格里拉大酒店,best_hotel_deals,Best Hotel Deals,11270,room_ec76190c79e7cf97c3,"Deluxe, 2 Twin",,,,,,"Deluxe, 2 Twin Room Only Nightly: $216.82 Total: $433.64 Book Bed and breakfast Nightly: $250.43 Total: $500.87 Book",rate_0ddd211ade43a804bd,,,,,,500.87,250.43,,USD,未知,未知,2026-09-06,2026-09-08,https://besthoteldealsglobal.com/property/11270?rooms=1&currency=USD&startDate=06-09-2026&endDate=08-09-2026&occupancies=%5B%7B%22Adults%22%3A2%2C%22Children%22%3A0%7D%5D&utm_source=google&utm_medium=HAC&utm_content=06_09_2026_2_mapresults_11270_US_desktop_default___2&tp=486.66&tt=73.19&sup=38&flow=Du3rG2u7K6hNKxESe6NNndz7eJkiHmYtj3XFtvL2lGCS1uhvcg&room=double-or-twin,"{""优惠标签"": """", ""入住人数"": """", ""其他权益"": """", ""原价"": ""500.87"", ""取消政策"": """", ""币种"": ""USD"", ""库存提示"": """", ""当前价"": ""250.43"", ""支付方式"": """", ""早餐"": """", ""确认政策"": """", ""税费"": """"}",T3,T3,待人工核验,否,价格计价单位未确认；税费包含状态未确认；尚未通过T4人工复核,cc5788ec34085ae4b3b42e8167da85356498565263301ebbb1afd8dd4c6c0dbe,5481723b5037cffce400f9dc884d7cb1738daaa5fc805a2a00954495124ea454,20260906-092202-csv-fb22d95c,,,,
7f4a08300f62765fa34f425d18224f8ef631d80129f986ab1d5be1afef69ca14,ChIJf1YJeC-Z4jARNNLn8M9QwMw,Centara Grand & Bangkok Convention Centre at Central World,trip,Trip.com,996362,1796118144,Superior Hollywood Room 1 King bed,,,,,2,,rate_43f259d2fc4466898a,,,,,,,7709.28,,THB,未知,未知,2026-09-18,2026-09-19,https://us.trip.com/hotels/detail/?Allianceid=15214&Sid=1209572&allianceid=15214&sid=1209572&hotelid=996362&city=359&locale=en_us&checkin=2026-09-18&checkout=2026-09-19&ouid=&shoppingid=MW3BcR9W4h31&roomquantity=&minprice=220.05&mproom=1119272145&fgt=1&starlist=&rate=&amenty=&breakfast=&bookPolicy=&adult=2&children=0&ages=&curr=THB&prid=LANG_US&trip_sub1=20_09_2026_1_mapresults_996362_US_desktop_default___0_0-LANG_US-landing&br=220.05&tf=33.10&display=exavg&crn=1&mincurr=THB&stand=H4sIAAAAAAAA_-Ny5GKSYBJi4mCUMue4-PPWVBYhRiOD-4wWW-UDOGYwdr2w2cHIdJFRvvV14I64dIeHjEE75FpfN2Y7vGC8t_bpZsYFLIxSPL7hxk7JQZbhJhnGhgqMGpeuPLnC5sEYxGZoYGzobBolw8UcGuwi-ERE9uTT-1IOUiCeIoyXxJqapxsanNEs1sXI5MG4ipGdi9nAyFCA6ROjALK58YZGZgBU0Y60rQAAAA,"{""优惠标签"": """", ""入住人数"": """", ""其他权益"": """", ""原价"": """", ""取消政策"": """", ""币种"": ""THB"", ""库存提示"": """", ""当前价"": ""7709.28"", ""支付方式"": """", ""早餐"": """", ""确认政策"": """", ""税费"": """"}",T3,T3,待人工核验,否,价格计价单位未确认；税费包含状态未确认；尚未通过T4人工复核,3ebe16a071d3a97b99ee8bb1769d7aff9099a85ecd6b8abeccc4783ee3134e9e,89c25acd5f0a8287e495105294dbf741bcd8ed9aaa3aa7bb9f2cdd6452ec1440,20260906-092202-csv-fb22d95c,,,,
8bb3777211ccc10fab99e639b5f17330d82c77a618e9c12513e0e1b8adb4cf23,ChIJf1YJeC-Z4jARNNLn8M9QwMw,Centara Grand & Bangkok Convention Centre at Central World,trip,Trip.com,996362,1839339778,Deluxe Hollywood Room,,,,,2,,rate_cc92850c120c655230,,,,,,,8478.73,,THB,未知,未知,2026-09-07,2026-09-08,https://us.trip.com/hotels/detail/?Allianceid=15214&Sid=1209572&allianceid=15214&sid=1209572&hotelid=996362&city=359&locale=en_us&checkin=2026-09-07&checkout=2026-09-08&ouid=&shoppingid=MW3BcR9W4h31&roomquantity=&minprice=220.05&mproom=1119272145&fgt=1&starlist=&rate=&amenty=&breakfast=&bookPolicy=&adult=2&children=0&ages=&curr=THB&prid=LANG_US&trip_sub1=20_09_2026_1_mapresults_996362_US_desktop_default___0_0-LANG_US-landing&br=220.05&tf=33.10&display=exavg&crn=1&mincurr=THB&stand=H4sIAAAAAAAA_-Ny5GKSYBJi4mCUMue4-PPWVBYhRiOD-4wWW-UDOGYwdr2w2cHIdJFRvvV14I64dIeHjEE75FpfN2Y7vGC8t_bpZsYFLIxSPL7hxk7JQZbhJhnGhgqMGpeuPLnC5sEYxGZoYGzobBolw8UcGuwi-ERE9uTT-1IOUiCeIoyXxJqapxsanNEs1sXI5MG4ipGdi9nAyFCA6ROjALK58YZGZgBU0Y60rQAAAA,"{""优惠标签"": """", ""入住人数"": """", ""其他权益"": """", ""原价"": """", ""取消政策"": """", ""币种"": ""THB"", ""库存提示"": """", ""当前价"": ""8478.73"", ""支付方式"": """", ""早餐"": """", ""确认政策"": """", ""税费"": """"}",T3,T3,待人工核验,否,价格计价单位未确认；税费包含状态未确认；尚未通过T4人工复核,f2d6f3a0f91ebd0fe63ce0959fd9c127b47ec13778d324fc712965cf42ba4c7a,f1375dae594ad8c689cfbcfe386de2cd0b504aa2655d1ed31a7cbb20d8efc488,20260906-092202-csv-fb22d95c,,,,
edb0c683521617ee82502faf7af0cb2e72ea1e62644b5dd73395a86c33062118,ChIJf1YJeC-Z4jARNNLn8M9QwMw,Centara Grand & Bangkok Convention Centre at Central World,trip,Trip.com,996362,251093407,Deluxe Twin Room,double bed,,,,,Deluxe Twin Room 5 2 double beds City view Non-smoking 419 ft² Floor: 28-42 Free Wi-Fi Bathtub Air conditioning Private bathroom Room Details Your Choices Sleeps Today's Price Great breakfast for $30.06 (optional) Non-refundable Instant confirmation Prepay online $239 Total (incl. taxes & fees): $256 Reserve Includes 2 great breakfasts Non-refundable Instant confirmation Prepay online $258 Total (incl. taxes & fees): $276 Reserve Show 10 more room rate (from $246),rate_da2e2d1b278c8dacc8,,Non-refundable,Instant confirmation,Prepay,,,239,,USD,未知,未知,2026-09-20,2026-09-21,https://us.trip.com/hotels/detail/?Allianceid=15214&Sid=1209572&allianceid=15214&sid=1209572&hotelid=996362&city=359&locale=en_us&checkin=2026-09-20&checkout=2026-09-21&ouid=&shoppingid=MW3BcR9W4h31&roomquantity=&minprice=220.05&mproom=1119272145&fgt=1&starlist=&rate=&amenty=&breakfast=&bookPolicy=&adult=2&children=0&ages=&curr=USD&prid=LANG_US&trip_sub1=20_09_2026_1_mapresults_996362_US_desktop_default___0_0-LANG_US-landing&br=220.05&tf=33.10&display=exavg&crn=1&mincurr=USD&stand=H4sIAAAAAAAA_-Ny5GKSYBJi4mCUMue4-PPWVBYhRiOD-4wWW-UDOGYwdr2w2cHIdJFRvvV14I64dIeHjEE75FpfN2Y7vGC8t_bpZsYFLIxSPL7hxk7JQZbhJhnGhgqMGpeuPLnC5sEYxGZoYGzobBolw8UcGuwi-ERE9uTT-1IOUiCeIoyXxJqapxsanNEs1sXI5MG4ipGdi9nAyFCA6ROjALK58YZGZgBU0Y60rQAAAA,"{""优惠标签"": """", ""入住人数"": """", ""其他权益"": """", ""原价"": """", ""取消政策"": ""Non-refundable"", ""币种"": ""USD"", ""库存提示"": """", ""当前价"": ""239"", ""支付方式"": ""Prepay"", ""早餐"": """", ""确认政策"": ""Instant confirmation"", ""税费"": """"}",T3,T3,待人工核验,否,价格计价单位未确认；税费包含状态未确认；尚未通过T4人工复核,66ac45907f6ee2d44f2f247c4ecbe5422ef4bbeaf578ac3b1d73d570498671d1,36d7ff2b15a927064735c69dc544e0e675e944a2be16fca497149d85be6b407d,20260906-092202-csv-fb22d95c,,,,
d51ecf22734a2754a746928f14a6237fb32a11f050a2ac31f8c25cddc905d4f1,ChIJf1YJeC-Z4jARNNLn8M9QwMw,Centara Grand & Bangkok Convention Centre at Central World,trip,Trip.com,996362,251093407,Deluxe Twin Room,double bed,,,,,Deluxe Twin Room 5 2 double beds City view Non-smoking 419 ft² Floor: 28-42 Free Wi-Fi Bathtub Air conditioning Private bathroom Room Details Your Choices Sleeps Today's Price Great breakfast for $30.06 (optional) Non-refundable Instant confirmation Prepay online $239 Total (incl. taxes & fees): $256 Reserve Includes 2 great breakfasts Non-refundable Instant confirmation Prepay online $258 Total (incl. taxes & fees): $276 Reserve Show 10 more room rate (from $246),rate_e2e409166d0bb7e239,,Non-refundable,Instant confirmation,Prepay,,,258,,USD,未知,未知,2026-09-20,2026-09-21,https://us.trip.com/hotels/detail/?Allianceid=15214&Sid=1209572&allianceid=15214&sid=1209572&hotelid=996362&city=359&locale=en_us&checkin=2026-09-20&checkout=2026-09-21&ouid=&shoppingid=MW3BcR9W4h31&roomquantity=&minprice=220.05&mproom=1119272145&fgt=1&starlist=&rate=&amenty=&breakfast=&bookPolicy=&adult=2&children=0&ages=&curr=USD&prid=LANG_US&trip_sub1=20_09_2026_1_mapresults_996362_US_desktop_default___0_0-LANG_US-landing&br=220.05&tf=33.10&display=exavg&crn=1&mincurr=USD&stand=H4sIAAAAAAAA_-Ny5GKSYBJi4mCUMue4-PPWVBYhRiOD-4wWW-UDOGYwdr2w2cHIdJFRvvV14I64dIeHjEE75FpfN2Y7vGC8t_bpZsYFLIxSPL7hxk7JQZbhJhnGhgqMGpeuPLnC5sEYxGZoYGzobBolw8UcGuwi-ERE9uTT-1IOUiCeIoyXxJqapxsanNEs1sXI5MG4ipGdi9nAyFCA6ROjALK58YZGZgBU0Y60rQAAAA,"{""优惠标签"": """", ""入住人数"": """", ""其他权益"": """", ""原价"": """", ""取消政策"": ""Non-refundable"", ""币种"": ""USD"", ""库存提示"": """", ""当前价"": ""258"", ""支付方式"": ""Prepay"", ""早餐"": """", ""确认政策"": ""Instant confirmation"", ""税费"": """"}",T3,T3,待人工核验,否,价格计价单位未确认；税费包含状态未确认；尚未通过T4人工复核,66ac45907f6ee2d44f2f247c4ecbe5422ef4bbeaf578ac3b1d73d570498671d1,8f6366ce41ae57908c0490f816c5970e9aab34a655605bd1bb3b060096e6a95b,20260906-092202-csv-fb22d95c,,,,
95970d4f1e46fcf4efdb87bf6fa4b6c8106fe8989cace23597a2133d3fe442a8,ChIJf1YJeC-Z4jARNNLn8M9QwMw,Centara Grand & Bangkok Convention Centre at Central World,trip,Trip.com,996362,251093428,Deluxe King Room,king bed,,,,,Deluxe King Room 8 1 king bed City view Non-smoking 387 ft² Floor: 28-42 Free Wi-Fi Bathtub Air conditioning Private bathroom Room Details Your Choices Sleeps Today's Price Great breakfast for $30.06 (optional) Non-refundable Instant confirmation Prepay online $239 Total (incl. taxes & fees): $256 Reserve Includes 2 great breakfasts Non-refundable Instant confirmation Prepay online $258 Total (incl. taxes & fees): $276 Reserve Show 4 more room rate (from $246),rate_792ec232fbd294fd43,,Non-refundable,Instant confirmation,Prepay,,,258,,USD,未知,未知,2026-09-20,2026-09-21,https://us.trip.com/hotels/detail/?Allianceid=15214&Sid=1209572&allianceid=15214&sid=1209572&hotelid=996362&city=359&locale=en_us&checkin=2026-09-20&checkout=2026-09-21&ouid=&shoppingid=MW3BcR9W4h31&roomquantity=&minprice=220.05&mproom=1119272145&fgt=1&starlist=&rate=&amenty=&breakfast=&bookPolicy=&adult=2&children=0&ages=&curr=USD&prid=LANG_US&trip_sub1=20_09_2026_1_mapresults_996362_US_desktop_default___0_0-LANG_US-landing&br=220.05&tf=33.10&display=exavg&crn=1&mincurr=USD&stand=H4sIAAAAAAAA_-Ny5GKSYBJi4mCUMue4-PPWVBYhRiOD-4wWW-UDOGYwdr2w2cHIdJFRvvV14I64dIeHjEE75FpfN2Y7vGC8t_bpZsYFLIxSPL7hxk7JQZbhJhnGhgqMGpeuPLnC5sEYxGZoYGzobBolw8UcGuwi-ERE9uTT-1IOUiCeIoyXxJqapxsanNEs1sXI5MG4ipGdi9nAyFCA6ROjALK58YZGZgBU0Y60rQAAAA,"{""优惠标签"": """", ""入住人数"": """", ""其他权益"": """", ""原价"": """", ""取消政策"": ""Non-refundable"", ""币种"": ""USD"", ""库存提示"": """", ""当前价"": ""258"", ""支付方式"": ""Prepay"", ""早餐"": """", ""确认政策"": ""Instant confirmation"", ""税费"": """"}",T3,T3,待人工核验,否,价格计价单位未确认；税费包含状态未确认；尚未通过T4人工复核,f149d19a2a43abe8f269b6f3d8b38122738d54a78cd7f51dd2d192ec963336d3,91eacafb5c75e09527157b2a212f6cc08b24faa90bf97f9ca3f71571c7152f17,20260906-092202-csv-fb22d95c,,,,
0784728f724a9ae74d77b3e4bb16fc1275781c636ce35e20e4ee6f3a889f4bb3,ChIJf1YJeC-Z4jARNNLn8M9QwMw,Centara Grand & Bangkok Convention Centre at Central World,trip,Trip.com,996362,251093428,Deluxe King Room,king bed,,,,,Deluxe King Room 8 1 king bed City view Non-smoking 387 ft² Floor: 28-42 Free Wi-Fi Bathtub Air conditioning Private bathroom Room Details Your Choices Sleeps Today's Price Great breakfast for $30.06 (optional) Non-refundable Instant confirmation Prepay online $239 Total (incl. taxes & fees): $256 Reserve Includes 2 great breakfasts Non-refundable Instant confirmation Prepay online $258 Total (incl. taxes & fees): $276 Reserve Show 4 more room rate (from $246),rate_c2bf9165d082c19837,,Non-refundable,Instant confirmation,Prepay,,,239,,USD,未知,未知,2026-09-20,2026-09-21,https://us.trip.com/hotels/detail/?Allianceid=15214&Sid=1209572&allianceid=15214&sid=1209572&hotelid=996362&city=359&locale=en_us&checkin=2026-09-20&checkout=2026-09-21&ouid=&shoppingid=MW3BcR9W4h31&roomquantity=&minprice=220.05&mproom=1119272145&fgt=1&starlist=&rate=&amenty=&breakfast=&bookPolicy=&adult=2&children=0&ages=&curr=USD&prid=LANG_US&trip_sub1=20_09_2026_1_mapresults_996362_US_desktop_default___0_0-LANG_US-landing&br=220.05&tf=33.10&display=exavg&crn=1&mincurr=USD&stand=H4sIAAAAAAAA_-Ny5GKSYBJi4mCUMue4-PPWVBYhRiOD-4wWW-UDOGYwdr2w2cHIdJFRvvV14I64dIeHjEE75FpfN2Y7vGC8t_bpZsYFLIxSPL7hxk7JQZbhJhnGhgqMGpeuPLnC5sEYxGZoYGzobBolw8UcGuwi-ERE9uTT-1IOUiCeIoyXxJqapxsanNEs1sXI5MG4ipGdi9nAyFCA6ROjALK58YZGZgBU0Y60rQAAAA,"{""优惠标签"": """", ""入住人数"": """", ""其他权益"": """", ""原价"": """", ""取消政策"": ""Non-refundable"", ""币种"": ""USD"", ""库存提示"": """", ""当前价"": ""239"", ""支付方式"": ""Prepay"", ""早餐"": """", ""确认政策"": ""Instant confirmation"", ""税费"": """"}",T3,T3,待人工核验,否,价格计价单位未确认；税费包含状态未确认；尚未通过T4人工复核,f149d19a2a43abe8f269b6f3d8b38122738d54a78cd7f51dd2d192ec963336d3,3952d51de2908e25f46e4ad4183f8ae0cba5b2684acdbe48d4f045c43b7c8141,20260906-092202-csv-fb22d95c,,,,
e1b137d86581810b07846cacf470cc73ed2aa68fa99dfcab9a25c52fc3637600,ChIJf1YJeC-Z4jARNNLn8M9QwMw,Centara Grand & Bangkok Convention Centre at Central World,trip,Trip.com,996362,377050779,Deluxe Hollywood Room 1 King bed,King bed,,,,,Deluxe Hollywood Room 1 King bed 6 1 king bed City view Non-smoking 387 ft² Floor: 28-42 Free Wi-Fi Bathtub Air conditioning Private bathroom Room Details Your Choices Sleeps Today's Price Great breakfast for $30.06 (optional) Non-refundable Instant confirmation Prepay online Free Gift $209 Total (incl. taxes & fees): $246 Reserve Includes 2 great breakfasts Non-refundable Instant confirmation Prepay online Free Gift $230 Total (incl. taxes & fees): $270 Reserve Show 4 more room rate (from $246),rate_70c94563f36fc23d35,,Non-refundable,Instant confirmation,Prepay,,,209,,USD,未知,未知,2026-09-20,2026-09-21,https://us.trip.com/hotels/detail/?Allianceid=15214&Sid=1209572&allianceid=15214&sid=1209572&hotelid=996362&city=359&locale=en_us&checkin=2026-09-20&checkout=2026-09-21&ouid=&shoppingid=MW3BcR9W4h31&roomquantity=&minprice=220.05&mproom=1119272145&fgt=1&starlist=&rate=&amenty=&breakfast=&bookPolicy=&adult=2&children=0&ages=&curr=USD&prid=LANG_US&trip_sub1=20_09_2026_1_mapresults_996362_US_desktop_default___0_0-LANG_US-landing&br=220.05&tf=33.10&display=exavg&crn=1&mincurr=USD&stand=H4sIAAAAAAAA_-Ny5GKSYBJi4mCUMue4-PPWVBYhRiOD-4wWW-UDOGYwdr2w2cHIdJFRvvV14I64dIeHjEE75FpfN2Y7vGC8t_bpZsYFLIxSPL7hxk7JQZbhJhnGhgqMGpeuPLnC5sEYxGZoYGzobBolw8UcGuwi-ERE9uTT-1IOUiCeIoyXxJqapxsanNEs1sXI5MG4ipGdi9nAyFCA6ROjALK58YZGZgBU0Y60rQAAAA,"{""优惠标签"": """", ""入住人数"": """", ""其他权益"": """", ""原价"": """", ""取消政策"": ""Non-refundable"", ""币种"": ""USD"", ""库存提示"": """", ""当前价"": ""209"", ""支付方式"": ""Prepay"", ""早餐"": """", ""确认政策"": ""Instant confirmation"", ""税费"": """"}",T3,T3,待人工核验,否,价格计价单位未确认；税费包含状态未确认；尚未通过T4人工复核,bca303755d9e06f72e29d359b32c7bd89902f63710d0739e4d54b72a7a8eb433,e4d0157fa4642d6752085d534e3af12bdf736a46af7ebfb5453263f2b52a36a8,20260906-092202-csv-fb22d95c,,,,
dbd48dcbae7e238f046da5a22525e43ac8b5e859ca253239a97e837d2e9dddc9,ChIJf1YJeC-Z4jARNNLn8M9QwMw,Centara Grand & Bangkok Convention Centre at Central World,trip,Trip.com,996362,377050779,Deluxe Hollywood Room 1 King bed,King bed,,,,,Deluxe Hollywood Room 1 King bed 6 1 king bed City view Non-smoking 387 ft² Floor: 28-42 Free Wi-Fi Bathtub Air conditioning Private bathroom Room Details Your Choices Sleeps Today's Price Great breakfast for $30.06 (optional) Non-refundable Instant confirmation Prepay online Free Gift $209 Total (incl. taxes & fees): $246 Reserve Includes 2 great breakfasts Non-refundable Instant confirmation Prepay online Free Gift $230 Total (incl. taxes & fees): $270 Reserve Show 4 more room rate (from $246),rate_b4462077857bd17e51,,Non-refundable,Instant confirmation,Prepay,,,230,,USD,未知,未知,2026-09-20,2026-09-21,https://us.trip.com/hotels/detail/?Allianceid=15214&Sid=1209572&allianceid=15214&sid=1209572&hotelid=996362&city=359&locale=en_us&checkin=2026-09-20&checkout=2026-09-21&ouid=&shoppingid=MW3BcR9W4h31&roomquantity=&minprice=220.05&mproom=1119272145&fgt=1&starlist=&rate=&amenty=&breakfast=&bookPolicy=&adult=2&children=0&ages=&curr=USD&prid=LANG_US&trip_sub1=20_09_2026_1_mapresults_996362_US_desktop_default___0_0-LANG_US-landing&br=220.05&tf=33.10&display=exavg&crn=1&mincurr=USD&stand=H4sIAAAAAAAA_-Ny5GKSYBJi4mCUMue4-PPWVBYhRiOD-4wWW-UDOGYwdr2w2cHIdJFRvvV14I64dIeHjEE75FpfN2Y7vGC8t_bpZsYFLIxSPL7hxk7JQZbhJhnGhgqMGpeuPLnC5sEYxGZoYGzobBolw8UcGuwi-ERE9uTT-1IOUiCeIoyXxJqapxsanNEs1sXI5MG4ipGdi9nAyFCA6ROjALK58YZGZgBU0Y60rQAAAA,"{""优惠标签"": """", ""入住人数"": """", ""其他权益"": """", ""原价"": """", ""取消政策"": ""Non-refundable"", ""币种"": ""USD"", ""库存提示"": """", ""当前价"": ""230"", ""支付方式"": ""Prepay"", ""早餐"": """", ""确认政策"": ""Instant confirmation"", ""税费"": """"}",T3,T3,待人工核验,否,价格计价单位未确认；税费包含状态未确认；尚未通过T4人工复核,bca303755d9e06f72e29d359b32c7bd89902f63710d0739e4d54b72a7a8eb433,9ec7319ee04ce900358ac8a88b2b78fd7a5a704b85e526f4e1b575521d0bab58,20260906-092202-csv-fb22d95c,,,,
345545351888b549507254cf73263dd56fff5e06078bf50003e5d48c81cd4bb5,ChIJf1YJeC-Z4jARNNLn8M9QwMw,Centara Grand & Bangkok Convention Centre at Central World,trip,Trip.com,996362,377050846,Superior Hollywood Room 1 King bed,King bed,,,,,Superior Hollywood Room 1 King bed 4 1 king bed City view Non-smoking 344 ft² Free Wi-Fi Air conditioning Private bathroom Room Details Your Choices Sleeps Today's Price Today's best price! Great breakfast for $30.06 (optional) Non-refundable Instant confirmation Prepay online $189 Total (incl. taxes & fees): $222 Reserve Great breakfast for $30.06 (optional) Non-refundable Instant confirmation Prepay online $219 Total (incl. taxes & fees): $234 Reserve Show 5 more room rate (from $222),rate_5e20c80b6b8d8fe848,,Non-refundable,Instant confirmation,Prepay,,,189,,USD,未知,未知,2026-09-20,2026-09-21,https://us.trip.com/hotels/detail/?Allianceid=15214&Sid=1209572&allianceid=15214&sid=1209572&hotelid=996362&city=359&locale=en_us&checkin=2026-09-20&checkout=2026-09-21&ouid=&shoppingid=MW3BcR9W4h31&roomquantity=&minprice=220.05&mproom=1119272145&fgt=1&starlist=&rate=&amenty=&breakfast=&bookPolicy=&adult=2&children=0&ages=&curr=USD&prid=LANG_US&trip_sub1=20_09_2026_1_mapresults_996362_US_desktop_default___0_0-LANG_US-landing&br=220.05&tf=33.10&display=exavg&crn=1&mincurr=USD&stand=H4sIAAAAAAAA_-Ny5GKSYBJi4mCUMue4-PPWVBYhRiOD-4wWW-UDOGYwdr2w2cHIdJFRvvV14I64dIeHjEE75FpfN2Y7vGC8t_bpZsYFLIxSPL7hxk7JQZbhJhnGhgqMGpeuPLnC5sEYxGZoYGzobBolw8UcGuwi-ERE9uTT-1IOUiCeIoyXxJqapxsanNEs1sXI5MG4ipGdi9nAyFCA6ROjALK58YZGZgBU0Y60rQAAAA,"{""优惠标签"": """", ""入住人数"": """", ""其他权益"": """", ""原价"": """", ""取消政策"": ""Non-refundable"", ""币种"": ""USD"", ""库存提示"": """", ""当前价"": ""189"", ""支付方式"": ""Prepay"", ""早餐"": """", ""确认政策"": ""Instant confirmation"", ""税费"": """"}",T3,T3,待人工核验,否,价格计价单位未确认；税费包含状态未确认；尚未通过T4人工复核,308ee27ff5c952c09b9e8afd071ef805213b81bb7e32656d16b522158cc2a993,80da18c9bbf1984261fb43af272af7c50e67e67bc0b18c04ce48db9becd32c3a,20260906-092202-csv-fb22d95c,,,,
e3b465333a0ac94a89bf316ed45666fdc48f6cd4481a14bff7ea7bca511ad69b,ChIJf1YJeC-Z4jARNNLn8M9QwMw,Centara Grand & Bangkok Convention Centre at Central World,trip,Trip.com,996362,377050846,Superior Hollywood Room 1 King bed,King bed,,,,,Superior Hollywood Room 1 King bed 4 1 king bed City view Non-smoking 344 ft² Free Wi-Fi Air conditioning Private bathroom Room Details Your Choices Sleeps Today's Price Today's best price! Great breakfast for $30.06 (optional) Non-refundable Instant confirmation Prepay online $189 Total (incl. taxes & fees): $222 Reserve Great breakfast for $30.06 (optional) Non-refundable Instant confirmation Prepay online $219 Total (incl. taxes & fees): $234 Reserve Show 5 more room rate (from $222),rate_e6b348d7bf48acc131,,Non-refundable,Instant confirmation,Prepay,,,219,,USD,未知,未知,2026-09-20,2026-09-21,https://us.trip.com/hotels/detail/?Allianceid=15214&Sid=1209572&allianceid=15214&sid=1209572&hotelid=996362&city=359&locale=en_us&checkin=2026-09-20&checkout=2026-09-21&ouid=&shoppingid=MW3BcR9W4h31&roomquantity=&minprice=220.05&mproom=1119272145&fgt=1&starlist=&rate=&amenty=&breakfast=&bookPolicy=&adult=2&children=0&ages=&curr=USD&prid=LANG_US&trip_sub1=20_09_2026_1_mapresults_996362_US_desktop_default___0_0-LANG_US-landing&br=220.05&tf=33.10&display=exavg&crn=1&mincurr=USD&stand=H4sIAAAAAAAA_-Ny5GKSYBJi4mCUMue4-PPWVBYhRiOD-4wWW-UDOGYwdr2w2cHIdJFRvvV14I64dIeHjEE75FpfN2Y7vGC8t_bpZsYFLIxSPL7hxk7JQZbhJhnGhgqMGpeuPLnC5sEYxGZoYGzobBolw8UcGuwi-ERE9uTT-1IOUiCeIoyXxJqapxsanNEs1sXI5MG4ipGdi9nAyFCA6ROjALK58YZGZgBU0Y60rQAAAA,"{""优惠标签"": """", ""入住人数"": """", ""其他权益"": """", ""原价"": """", ""取消政策"": ""Non-refundable"", ""币种"": ""USD"", ""库存提示"": """", ""当前价"": ""219"", ""支付方式"": ""Prepay"", ""早餐"": """", ""确认政策"": ""Instant confirmation"", ""税费"": """"}",T3,T3,待人工核验,否,价格计价单位未确认；税费包含状态未确认；尚未通过T4人工复核,308ee27ff5c952c09b9e8afd071ef805213b81bb7e32656d16b522158cc2a993,563e1df3e6a46417d041b31a6d19e0b10dc754ef2169658e2617a6ef3a0d6b9a,20260906-092202-csv-fb22d95c,,,,
9195b53b5fbf678a5a1958a7c50b5e53a46d8ec6ee2229cceff86808682cc3b3,ChIJf1YJeC-Z4jARNNLn8M9QwMw,Centara Grand & Bangkok Convention Centre at Central World,trip,Trip.com,996362,482412841,Deluxe Hollywood Ratchaprasong View,king bed,,,,,Deluxe Hollywood Ratchaprasong View 6 1 king bed City view Non-smoking 387 ft² Floor: 28-42 Free Wi-Fi Bathtub Air conditioning Private bathroom Room Details Your Choices Sleeps Today's Price Great breakfast for $30.06 (optional) Non-refundable Instant confirmation Prepay online Free Gift $209 Total (incl. taxes & fees): $246 Reserve Includes 2 great breakfasts Non-refundable Instant confirmation Prepay online Free Gift $230 Total (incl. taxes & fees): $270 Reserve Show 4 more room rate (from $246),rate_766c56699a5ea5b38d,,Non-refundable,Instant confirmation,Prepay,,,230,,USD,未知,未知,2026-09-20,2026-09-21,https://us.trip.com/hotels/detail/?Allianceid=15214&Sid=1209572&allianceid=15214&sid=1209572&hotelid=996362&city=359&locale=en_us&checkin=2026-09-20&checkout=2026-09-21&ouid=&shoppingid=MW3BcR9W4h31&roomquantity=&minprice=220.05&mproom=1119272145&fgt=1&starlist=&rate=&amenty=&breakfast=&bookPolicy=&adult=2&children=0&ages=&curr=USD&prid=LANG_US&trip_sub1=20_09_2026_1_mapresults_996362_US_desktop_default___0_0-LANG_US-landing&br=220.05&tf=33.10&display=exavg&crn=1&mincurr=USD&stand=H4sIAAAAAAAA_-Ny5GKSYBJi4mCUMue4-PPWVBYhRiOD-4wWW-UDOGYwdr2w2cHIdJFRvvV14I64dIeHjEE75FpfN2Y7vGC8t_bpZsYFLIxSPL7hxk7JQZbhJhnGhgqMGpeuPLnC5sEYxGZoYGzobBolw8UcGuwi-ERE9uTT-1IOUiCeIoyXxJqapxsanNEs1sXI5MG4ipGdi9nAyFCA6ROjALK58YZGZgBU0Y60rQAAAA,"{""优惠标签"": """", ""入住人数"": """", ""其他权益"": """", ""原价"": """", ""取消政策"": ""Non-refundable"", ""币种"": ""USD"", ""库存提示"": """", ""当前价"": ""230"", ""支付方式"": ""Prepay"", ""早餐"": """", ""确认政策"": ""Instant confirmation"", ""税费"": """"}",T3,T3,待人工核验,否,价格计价单位未确认；税费包含状态未确认；尚未通过T4人工复核,935eff692cdd9a591d2e2f54fa0a349f1207fa0c8d51464ef692985d2204c8c2,a8545c191391dcd81c5e65df4efdfd1a5fadc72350147d3e1a1e1d69fcda9b8a,20260906-092202-csv-fb22d95c,,,,
d64c7c8d3288fee65becefa4216e01c16bd08540645f62e5805c0d577d26b9c1,ChIJf1YJeC-Z4jARNNLn8M9QwMw,Centara Grand & Bangkok Convention Centre at Central World,trip,Trip.com,996362,482412841,Deluxe Hollywood Ratchaprasong View,king bed,,,,,Deluxe Hollywood Ratchaprasong View 6 1 king bed City view Non-smoking 387 ft² Floor: 28-42 Free Wi-Fi Bathtub Air conditioning Private bathroom Room Details Your Choices Sleeps Today's Price Great breakfast for $30.06 (optional) Non-refundable Instant confirmation Prepay online Free Gift $209 Total (incl. taxes & fees): $246 Reserve Includes 2 great breakfasts Non-refundable Instant confirmation Prepay online Free Gift $230 Total (incl. taxes & fees): $270 Reserve Show 4 more room rate (from $246),rate_dd35809c0fed0e3ac5,,Non-refundable,Instant confirmation,Prepay,,,209,,USD,未知,未知,2026-09-20,2026-09-21,https://us.trip.com/hotels/detail/?Allianceid=15214&Sid=1209572&allianceid=15214&sid=1209572&hotelid=996362&city=359&locale=en_us&checkin=2026-09-20&checkout=2026-09-21&ouid=&shoppingid=MW3BcR9W4h31&roomquantity=&minprice=220.05&mproom=1119272145&fgt=1&starlist=&rate=&amenty=&breakfast=&bookPolicy=&adult=2&children=0&ages=&curr=USD&prid=LANG_US&trip_sub1=20_09_2026_1_mapresults_996362_US_desktop_default___0_0-LANG_US-landing&br=220.05&tf=33.10&display=exavg&crn=1&mincurr=USD&stand=H4sIAAAAAAAA_-Ny5GKSYBJi4mCUMue4-PPWVBYhRiOD-4wWW-UDOGYwdr2w2cHIdJFRvvV14I64dIeHjEE75FpfN2Y7vGC8t_bpZsYFLIxSPL7hxk7JQZbhJhnGhgqMGpeuPLnC5sEYxGZoYGzobBolw8UcGuwi-ERE9uTT-1IOUiCeIoyXxJqapxsanNEs1sXI5MG4ipGdi9nAyFCA6ROjALK58YZGZgBU0Y60rQAAAA,"{""优惠标签"": """", ""入住人数"": """", ""其他权益"": """", ""原价"": """", ""取消政策"": ""Non-refundable"", ""币种"": ""USD"", ""库存提示"": """", ""当前价"": ""209"", ""支付方式"": ""Prepay"", ""早餐"": """", ""确认政策"": ""Instant confirmation"", ""税费"": """"}",T3,T3,待人工核验,否,价格计价单位未确认；税费包含状态未确认；尚未通过T4人工复核,935eff692cdd9a591d2e2f54fa0a349f1207fa0c8d51464ef692985d2204c8c2,643ef843ee58ad41bba3c24b24476413a4cd50e58b55ac66f02da3c6bc89f734,20260906-092202-csv-fb22d95c,,,,
ac79d90d50e95e1fae2160fd11006f2b7154d150077d6dabcfd713c373d9fb13,ChIJf1YJeC-Z4jARNNLn8M9QwMw,Centara Grand & Bangkok Convention Centre at Central World,trip,Trip.com,996362,549073828,Deluxe Hollywood Room,single bed,,,,,Deluxe Hollywood Room 4 /2 single beds or 1 king bed Free Wi-Fi Air conditioning Room Details Your Choices Sleeps Today's Price Great breakfast for $30.06 (optional) Non-refundable Instant confirmation Prepay online $238 Total (incl. taxes & fees): $254 Our last 5! Reserve Includes 2 great breakfasts Non-refundable Instant confirmation Prepay online $261 Total (incl. taxes & fees): $280 Our last 5! Reserve Show 2 more room rate (from $280),rate_1684c21986b0d46e1c,,Non-refundable,Instant confirmation,Prepay,,,261,,USD,未知,未知,2026-09-20,2026-09-21,https://us.trip.com/hotels/detail/?Allianceid=15214&Sid=1209572&allianceid=15214&sid=1209572&hotelid=996362&city=359&locale=en_us&checkin=2026-09-20&checkout=2026-09-21&ouid=&shoppingid=MW3BcR9W4h31&roomquantity=&minprice=220.05&mproom=1119272145&fgt=1&starlist=&rate=&amenty=&breakfast=&bookPolicy=&adult=2&children=0&ages=&curr=USD&prid=LANG_US&trip_sub1=20_09_2026_1_mapresults_996362_US_desktop_default___0_0-LANG_US-landing&br=220.05&tf=33.10&display=exavg&crn=1&mincurr=USD&stand=H4sIAAAAAAAA_-Ny5GKSYBJi4mCUMue4-PPWVBYhRiOD-4wWW-UDOGYwdr2w2cHIdJFRvvV14I64dIeHjEE75FpfN2Y7vGC8t_bpZsYFLIxSPL7hxk7JQZbhJhnGhgqMGpeuPLnC5sEYxGZoYGzobBolw8UcGuwi-ERE9uTT-1IOUiCeIoyXxJqapxsanNEs1sXI5MG4ipGdi9nAyFCA6ROjALK58YZGZgBU0Y60rQAAAA,"{""优惠标签"": """", ""入住人数"": """", ""其他权益"": """", ""原价"": """", ""取消政策"": ""Non-refundable"", ""币种"": ""USD"", ""库存提示"": """", ""当前价"": ""261"", ""支付方式"": ""Prepay"", ""早餐"": """", ""确认政策"": ""Instant confirmation"", ""税费"": """"}",T3,T3,待人工核验,否,价格计价单位未确认；税费包含状态未确认；尚未通过T4人工复核,2fb15b19bb7223398819eadcbdf6638a3d60f875a9ec7a4eb60de58ed467fdab,4473af46a471aab946e1065a893db4cc6f08fce2f1b5d897546c1824a635ecce,20260906-092202-csv-fb22d95c,,,,
d77b8ff26e5108920176890c061325e8da0dfac164a0605c392167460f85d55e,ChIJf1YJeC-Z4jARNNLn8M9QwMw,Centara Grand & Bangkok Convention Centre at Central World,trip,Trip.com,996362,549073828,Deluxe Hollywood Room,single bed,,,,,Deluxe Hollywood Room 4 /2 single beds or 1 king bed Free Wi-Fi Air conditioning Room Details Your Choices Sleeps Today's Price Great breakfast for $30.06 (optional) Non-refundable Instant confirmation Prepay online $238 Total (incl. taxes & fees): $254 Our last 5! Reserve Includes 2 great breakfasts Non-refundable Instant confirmation Prepay online $261 Total (incl. taxes & fees): $280 Our last 5! Reserve Show 2 more room rate (from $280),rate_3e16bb2fbb8591b3b3,,Non-refundable,Instant confirmation,Prepay,,,238,,USD,未知,未知,2026-09-20,2026-09-21,https://us.trip.com/hotels/detail/?Allianceid=15214&Sid=1209572&allianceid=15214&sid=1209572&hotelid=996362&city=359&locale=en_us&checkin=2026-09-20&checkout=2026-09-21&ouid=&shoppingid=MW3BcR9W4h31&roomquantity=&minprice=220.05&mproom=1119272145&fgt=1&starlist=&rate=&amenty=&breakfast=&bookPolicy=&adult=2&children=0&ages=&curr=USD&prid=LANG_US&trip_sub1=20_09_2026_1_mapresults_996362_US_desktop_default___0_0-LANG_US-landing&br=220.05&tf=33.10&display=exavg&crn=1&mincurr=USD&stand=H4sIAAAAAAAA_-Ny5GKSYBJi4mCUMue4-PPWVBYhRiOD-4wWW-UDOGYwdr2w2cHIdJFRvvV14I64dIeHjEE75FpfN2Y7vGC8t_bpZsYFLIxSPL7hxk7JQZbhJhnGhgqMGpeuPLnC5sEYxGZoYGzobBolw8UcGuwi-ERE9uTT-1IOUiCeIoyXxJqapxsanNEs1sXI5MG4ipGdi9nAyFCA6ROjALK58YZGZgBU0Y60rQAAAA,"{""优惠标签"": """", ""入住人数"": """", ""其他权益"": """", ""原价"": """", ""取消政策"": ""Non-refundable"", ""币种"": ""USD"", ""库存提示"": """", ""当前价"": ""238"", ""支付方式"": ""Prepay"", ""早餐"": """", ""确认政策"": ""Instant confirmation"", ""税费"": """"}",T3,T3,待人工核验,否,价格计价单位未确认；税费包含状态未确认；尚未通过T4人工复核,2fb15b19bb7223398819eadcbdf6638a3d60f875a9ec7a4eb60de58ed467fdab,559cf2127fcdba80c11b375ddeb7f38e54e783a8f0ca6fa7bdb62b9d21f16fa2,20260906-092202-csv-fb22d95c,,,,
d82c2e4f365d0051cffb35a21805a96fbd3d12a375c748034d5519e1d455995f,ChIJf1YJeC-Z4jARNNLn8M9QwMw,Centara Grand & Bangkok Convention Centre at Central World,trivago_deals,trivago DEALS,H104005,"HOLLYWOOD, SUPERIOR, DOUBLE BED","HOLLYWOOD, SUPERIOR, DOUBLE BED",,,,,,,473f0728-bdb8-4ee9-8580-4bb5e3b8907c,,,,,,,141,,USD,未知,未知,2026-09-20,2026-09-21,https://www.trivago.deals/hotels/thailand_th_bangkok/104005_centara-grand-bangkok-convention-centre-at-centralworld?checkIn=2026-09-20&checkOut=2026-09-21&placeId=H104005&campaignName=TrivagoDeals_Google_US&currencyCode=USD&dealkey_redacted=1&countryCode=US&languageCode=en&rule=Google_US&site=mapresults&ads=&priceDisplayedTotal=165.00&priceDisplayedTax=23.98&device=desktop&adults=2&children=0,"{""优惠标签"": """", ""入住人数"": """", ""其他权益"": """", ""原价"": """", ""取消政策"": """", ""币种"": ""USD"", ""库存提示"": """", ""当前价"": ""141"", ""支付方式"": """", ""早餐"": """", ""确认政策"": """", ""税费"": """"}",T3,T3,待人工核验,否,价格计价单位未确认；税费包含状态未确认；尚未通过T4人工复核,dc8fe3a1e75e6430606a72bc8ea1b9e51620f00f8bdc645ec586c3f8afcc63e5,03745d351fdc05b63583f06edd3f046016c3e6afa29d588bfe0cb32a2497e60d,20260906-092202-csv-fb22d95c,,,,
3b36ee727c4b9026f9399582a8620bfb3e64a4b11f9df8334fb241c98aa0e8f6,ChIJf1YJeC-Z4jARNNLn8M9QwMw,Centara Grand & Bangkok Convention Centre at Central World,vio,Vio.com,1374994,2cL2-KUIYFc,Superior Hollywood,,,,,2,,,,,,,,,,,USD,未知,未知,2026-09-20,2026-09-21,https://www.vio.com/Hotel/1374994/en?currency=USD&forceCurrencyChange=1&lang=en&forceLanguageChange=1&rooms=2%3A&utm_source=gha&utm_medium=cpc&userCountry=US&profile=r2d2m73kn8&preferredRate=146.59&deviceType=desktop&label=src%3Dgha&cltype=hotel&datype=default&gsite=mapresults&vf=0&ucountry=US&udevice=desktop&hotel=1374994&day=20&month=09&year=2026&los=1&price=146.59&cid=&listid=&rateid=US_D&closerateid=&promo=0&isPrivateRate=0&isAudienceUser=0&isPaidClick=0&cp=4ezkKNmB5Uj2RSgSChEIp2IQxwkY1QYiA1VTRFIBMhIaFaGHz-saC2JveVY5YkJZNDZvKAQwqdLk1AY&srpSearchId=614850b7-9802-4a7b-9a12-d443ca762266&srpSearchFlow=regular&isAnchor=1&anonymousId=2c81ab33-c9aa-4474-b9c5-33a87affea53&checkIn=2026-09-20&checkOut=2026-09-21,,T2,,待人工核验,否,未取得售卖方案或尚未通过T4人工复核,500fefe319582aa9521a2a0e5706a91cd13e59ebdd05e6d5d2d9def0617881a4,,20260906-092202-csv-fb22d95c,,,,
aee478cd208e7c71fdd600ba8dea6b06db42a8f8032ba18b746eec2f8250c0f9,ChIJi-YG88We4jARAkpfrYgaG-A,The Berkeley Hotel Pratunam,agoda,Agoda,461790,room_61810899eff5ddcf2d,Luxury (Main Tower),double bed,,35 m²,,2,"1/14 Our last few! Room photos and details Luxury (Main Tower) 35 m²/377 ft²Max 2 adults1 double bed or 2 single beds Your kid can stay for FREE! 8.6 Excellent Room comfort City view Electric kettle Separate shower/bathtub Private bathroom Hair dryer Walk-in shower Wi-Fi [free] Blackout curtains Air conditioning Mini bar Offer 1 2 adults Your kid can stay for FREE! Good breakfast available (USD 14 / person) Non-refundable (Low price!) Book and pay now Free pool access Free fitness center access Parking Free WiFi See details Rewards & discounts Limited Time Offer. Price includes 5% discount! -5% USD 82 Per night before taxes 1 room Book You won't be charged yet Our last few! Offer 2 2 adults Your kid can stay for FREE! Good breakfast available (USD 14 / person) Cancel for free before Nov 2, 2026 No payment until Oct 31, 2026 Free pool access Free fitness center access Parking Free WiFi See details Rewards & discounts Limited Time Offer. Price includes 5% discount! -5% USD 85 Per night before taxes 1 room Book Pay later Pay later You won't be charged yet Our last few! Offer 3 2 adults Your kid can stay for FREE! Good breakfast included Non-refundable (Low price!) Book and pay now Free fitness center access Parking Free WiFi See details Rewards & discounts Limited Time Offer. Price includes 5% discount! -5% USD 95 Per night before taxes 1 room Book You won't be charged yet Our last few! Offer 4 2 adults Your kid can stay for FREE! Good breakfast included Cancel for free before Nov 2, 2026 No payment until Oct 31, 2026 Free fitness center access Parking Free WiFi See details Rewards & discounts Limited Time Offer. Price includes 5% discount! -5% USD 98 Per night before taxes 1 room Book Pay later Pay later You won't be charged yet Our last few!",rate_2029ddddf9936112b9,Good breakfast included,Non-refundable (Low price!),,Book and pay now,2 adults,,95,Per night before taxes,USD,未知,未知,2026-11-05,2026-11-06,https://www.agoda.com/the-berkeley-hotel-pratunam/hotel/bangkok-th.html?countryId=106&finalPriceView=1&isShowMobileAppPrice=false&cid=1917614&numberOfBedrooms=&familyMode=false&adults=2&children=0&rooms=1&maxRooms=0&checkIn=2026-11-5&isCalendarCallout=false&childAges=&numberOfGuest=0&missingChildAges=false&travellerType=1&showReviewSubmissionEntry=false&currencyCode=USD&isFreeOccSearch=false&los=1&searchrequestid=3c779056-ae9e-4778-b6fa-dcad2f3114b8&ds=vypcfLgcYZgZxTDc,"{""优惠标签"": ""ee WiFi See details Rewards & discounts Limited Time Offer. Price includes 5% discount!"", ""入住人数"": ""2 adults"", ""其他权益"": """", ""原价"": """", ""取消政策"": ""Non-refundable (Low price!)"", ""币种"": ""USD"", ""库存提示"": """", ""当前价"": ""95"", ""支付方式"": ""Book and pay now"", ""早餐"": ""Good breakfast included"", ""确认政策"": """", ""税费"": ""Per night before taxes""}",T3,T3,待人工核验,否,价格计价单位未确认；税费包含状态未确认；尚未通过T4人工复核,ad79cfa1152b155882bff79d3ae3d8da217084149a52cbf0ee62b0299098a7c0,a668101812f05a898b6d012406844d6698edb6882c72c2137fd348c253ee905f,20260906-092202-csv-fb22d95c,,,,
67289cb6ac28f574ebb3b031909df945c6a9f8ad8d55cab6e79c6ee486c588cd,ChIJi-YG88We4jARAkpfrYgaG-A,The Berkeley Hotel Pratunam,agoda,Agoda,461790,room_61810899eff5ddcf2d,Luxury (Main Tower),double bed,,35 m²,,2,"1/14 Our last few! Room photos and details Luxury (Main Tower) 35 m²/377 ft²Max 2 adults1 double bed or 2 single beds Your kid can stay for FREE! 8.6 Excellent Room comfort City view Electric kettle Separate shower/bathtub Private bathroom Hair dryer Walk-in shower Wi-Fi [free] Blackout curtains Air conditioning Mini bar Offer 1 2 adults Your kid can stay for FREE! Good breakfast available (USD 14 / person) Non-refundable (Low price!) Book and pay now Free pool access Free fitness center access Parking Free WiFi See details Rewards & discounts Limited Time Offer. Price includes 5% discount! -5% USD 82 Per night before taxes 1 room Book You won't be charged yet Our last few! Offer 2 2 adults Your kid can stay for FREE! Good breakfast available (USD 14 / person) Cancel for free before Nov 2, 2026 No payment until Oct 31, 2026 Free pool access Free fitness center access Parking Free WiFi See details Rewards & discounts Limited Time Offer. Price includes 5% discount! -5% USD 85 Per night before taxes 1 room Book Pay later Pay later You won't be charged yet Our last few! Offer 3 2 adults Your kid can stay for FREE! Good breakfast included Non-refundable (Low price!) Book and pay now Free fitness center access Parking Free WiFi See details Rewards & discounts Limited Time Offer. Price includes 5% discount! -5% USD 95 Per night before taxes 1 room Book You won't be charged yet Our last few! Offer 4 2 adults Your kid can stay for FREE! Good breakfast included Cancel for free before Nov 2, 2026 No payment until Oct 31, 2026 Free fitness center access Parking Free WiFi See details Rewards & discounts Limited Time Offer. Price includes 5% discount! -5% USD 98 Per night before taxes 1 room Book Pay later Pay later You won't be charged yet Our last few!",rate_7ed09d8b0ed4007893,Good breakfast included,"Cancel for free before Nov 2, 2026",,"No payment until Oct 31, 2026",2 adults,,98,Per night before taxes,USD,未知,未知,2026-11-05,2026-11-06,https://www.agoda.com/the-berkeley-hotel-pratunam/hotel/bangkok-th.html?countryId=106&finalPriceView=1&isShowMobileAppPrice=false&cid=1917614&numberOfBedrooms=&familyMode=false&adults=2&children=0&rooms=1&maxRooms=0&checkIn=2026-11-5&isCalendarCallout=false&childAges=&numberOfGuest=0&missingChildAges=false&travellerType=1&showReviewSubmissionEntry=false&currencyCode=USD&isFreeOccSearch=false&los=1&searchrequestid=3c779056-ae9e-4778-b6fa-dcad2f3114b8&ds=vypcfLgcYZgZxTDc,"{""优惠标签"": ""ee WiFi See details Rewards & discounts Limited Time Offer. Price includes 5% discount!"", ""入住人数"": ""2 adults"", ""其他权益"": """", ""原价"": """", ""取消政策"": ""Cancel for free before Nov 2, 2026"", ""币种"": ""USD"", ""库存提示"": """", ""当前价"": ""98"", ""支付方式"": ""No payment until Oct 31, 2026"", ""早餐"": ""Good breakfast included"", ""确认政策"": """", ""税费"": ""Per night before taxes""}",T3,T3,待人工核验,否,价格计价单位未确认；税费包含状态未确认；尚未通过T4人工复核,ad79cfa1152b155882bff79d3ae3d8da217084149a52cbf0ee62b0299098a7c0,6f15d9cfd9b0d0ae124d78088df5ab35398354708bae23668a8d7a266d9fb7b0,20260906-092202-csv-fb22d95c,,,,
acf31356f12bb99fe44fd5dd248b3e7e3b4e9da882d7e5ffdcaab221a988a5ee,ChIJi-YG88We4jARAkpfrYgaG-A,The Berkeley Hotel Pratunam,agoda,Agoda,461790,room_8003f01b4284cc6ddf,"Premier Family Room, North Tower",king bed,,57 m²,,3,"1/16 Our last few! Room photos and details Premier Family Room, North Tower 57 m²/614 ft²Max 3 adults1 king bed and 1 single bed Your kid can stay for FREE! Fits groups 8.6 Excellent Room comfort City view Electric kettle Separate shower/bathtub Private bathroom Hair dryer Walk-in shower Wi-Fi [free] Blackout curtains Air conditioning Mini bar Offer 1 3 adults Your kid can stay for FREE! Good breakfast available (USD 14 / person) Non-refundable (Low price!) Book and pay now Free pool access Free fitness center access Parking Free WiFi See details Rewards & discounts Limited Time Offer. Price includes 5% discount! -5% USD 101 Per night before taxes 1 room Book You won't be charged yet Our last few! Offer 2 3 adults Your kid can stay for FREE! Good breakfast available (USD 14 / person) Cancel for free before Nov 2, 2026 No payment until Oct 31, 2026 Free pool access Free fitness center access Parking Free WiFi See details Rewards & discounts Limited Time Offer. Price includes 5% discount! -5% USD 104 Per night before taxes 1 room Book Pay later Pay later You won't be charged yet Our last few! Offer 3 3 adults Your kid can stay for FREE! Good breakfast included Non-refundable (Low price!) Book and pay now Free fitness center access Parking Free WiFi See details Rewards & discounts Limited Time Offer. Price includes 5% discount! -5% USD 120 Per night before taxes 1 room Book You won't be charged yet Our last few! Offer 4 3 adults Your kid can stay for FREE! Good breakfast included Cancel for free before Nov 2, 2026 No payment until Oct 31, 2026 Free fitness center access Parking Free WiFi See details Rewards & discounts Limited Time Offer. Price includes 5% discount! -5% USD 124 Per night before taxes 1 room Book Pay later Pay later You won't be charged yet Our last few! Show 4 more offers (From USD 109)",rate_0e70fb3b41dd4df52a,Good breakfast available (USD 14 / person),Non-refundable (Low price!),,Book and pay now,3 adults,,101,Per night before taxes,USD,未知,未知,2026-11-05,2026-11-06,https://www.agoda.com/the-berkeley-hotel-pratunam/hotel/bangkok-th.html?countryId=106&finalPriceView=1&isShowMobileAppPrice=false&cid=1917614&numberOfBedrooms=&familyMode=false&adults=2&children=0&rooms=1&maxRooms=0&checkIn=2026-11-5&isCalendarCallout=false&childAges=&numberOfGuest=0&missingChildAges=false&travellerType=1&showReviewSubmissionEntry=false&currencyCode=USD&isFreeOccSearch=false&los=1&searchrequestid=3c779056-ae9e-4778-b6fa-dcad2f3114b8&ds=vypcfLgcYZgZxTDc,"{""优惠标签"": ""ee WiFi See details Rewards & discounts Limited Time Offer. Price includes 5% discount!"", ""入住人数"": ""3 adults"", ""其他权益"": """", ""原价"": """", ""取消政策"": ""Non-refundable (Low price!)"", ""币种"": ""USD"", ""库存提示"": """", ""当前价"": ""101"", ""支付方式"": ""Book and pay now"", ""早餐"": ""Good breakfast available (USD 14 / person)"", ""确认政策"": """", ""税费"": ""Per night before taxes""}",T3,T3,待人工核验,否,价格计价单位未确认；税费包含状态未确认；尚未通过T4人工复核,7a6e9d72211c704235fffbb03a2d0031a5a5c48262f7d16370cb6a3dc40a8744,23eb18e72a68667d42e1b07afab3dc875ee107d7f209b95ea6ccf38b581c79de,20260906-092202-csv-fb22d95c,,,,
e6ff6b027128eeac75dbb7e08c06f5dbac4fec498b2c8349c279cb53dba8e3ed,ChIJi-YG88We4jARAkpfrYgaG-A,The Berkeley Hotel Pratunam,agoda,Agoda,461790,room_8003f01b4284cc6ddf,"Premier Family Room, North Tower",king bed,,57 m²,,3,"1/16 Our last few! Room photos and details Premier Family Room, North Tower 57 m²/614 ft²Max 3 adults1 king bed and 1 single bed Your kid can stay for FREE! Fits groups 8.6 Excellent Room comfort City view Electric kettle Separate shower/bathtub Private bathroom Hair dryer Walk-in shower Wi-Fi [free] Blackout curtains Air conditioning Mini bar Offer 1 3 adults Your kid can stay for FREE! Good breakfast available (USD 14 / person) Non-refundable (Low price!) Book and pay now Free pool access Free fitness center access Parking Free WiFi See details Rewards & discounts Limited Time Offer. Price includes 5% discount! -5% USD 101 Per night before taxes 1 room Book You won't be charged yet Our last few! Offer 2 3 adults Your kid can stay for FREE! Good breakfast available (USD 14 / person) Cancel for free before Nov 2, 2026 No payment until Oct 31, 2026 Free pool access Free fitness center access Parking Free WiFi See details Rewards & discounts Limited Time Offer. Price includes 5% discount! -5% USD 104 Per night before taxes 1 room Book Pay later Pay later You won't be charged yet Our last few! Offer 3 3 adults Your kid can stay for FREE! Good breakfast included Non-refundable (Low price!) Book and pay now Free fitness center access Parking Free WiFi See details Rewards & discounts Limited Time Offer. Price includes 5% discount! -5% USD 120 Per night before taxes 1 room Book You won't be charged yet Our last few! Offer 4 3 adults Your kid can stay for FREE! Good breakfast included Cancel for free before Nov 2, 2026 No payment until Oct 31, 2026 Free fitness center access Parking Free WiFi See details Rewards & discounts Limited Time Offer. Price includes 5% discount! -5% USD 124 Per night before taxes 1 room Book Pay later Pay later You won't be charged yet Our last few! Show 4 more offers (From USD 109)",rate_1788e0157e97e11d7c,Good breakfast included,Non-refundable (Low price!),,Book and pay now,3 adults,,120,Per night before taxes,USD,未知,未知,2026-11-05,2026-11-06,https://www.agoda.com/the-berkeley-hotel-pratunam/hotel/bangkok-th.html?countryId=106&finalPriceView=1&isShowMobileAppPrice=false&cid=1917614&numberOfBedrooms=&familyMode=false&adults=2&children=0&rooms=1&maxRooms=0&checkIn=2026-11-5&isCalendarCallout=false&childAges=&numberOfGuest=0&missingChildAges=false&travellerType=1&showReviewSubmissionEntry=false&currencyCode=USD&isFreeOccSearch=false&los=1&searchrequestid=3c779056-ae9e-4778-b6fa-dcad2f3114b8&ds=vypcfLgcYZgZxTDc,"{""优惠标签"": ""ee WiFi See details Rewards & discounts Limited Time Offer. Price includes 5% discount!"", ""入住人数"": ""3 adults"", ""其他权益"": """", ""原价"": """", ""取消政策"": ""Non-refundable (Low price!)"", ""币种"": ""USD"", ""库存提示"": """", ""当前价"": ""120"", ""支付方式"": ""Book and pay now"", ""早餐"": ""Good breakfast included"", ""确认政策"": """", ""税费"": ""Per night before taxes""}",T3,T3,待人工核验,否,价格计价单位未确认；税费包含状态未确认；尚未通过T4人工复核,7a6e9d72211c704235fffbb03a2d0031a5a5c48262f7d16370cb6a3dc40a8744,355a2c945545ec857f6a73cf633156066354ca8524db3a1c7b0eb4755af47dd8,20260906-092202-csv-fb22d95c,,,,
7412055ab181761f506ee1b4bd5edc63feabfea442b7c32a3f1943b6b7ceac39,ChIJi-YG88We4jARAkpfrYgaG-A,The Berkeley Hotel Pratunam,agoda,Agoda,461790,room_8003f01b4284cc6ddf,"Premier Family Room, North Tower",king bed,,57 m²,,3,"1/16 Our last few! Room photos and details Premier Family Room, North Tower 57 m²/614 ft²Max 3 adults1 king bed and 1 single bed Your kid can stay for FREE! Fits groups 8.6 Excellent Room comfort City view Electric kettle Separate shower/bathtub Private bathroom Hair dryer Walk-in shower Wi-Fi [free] Blackout curtains Air conditioning Mini bar Offer 1 3 adults Your kid can stay for FREE! Good breakfast available (USD 14 / person) Non-refundable (Low price!) Book and pay now Free pool access Free fitness center access Parking Free WiFi See details Rewards & discounts Limited Time Offer. Price includes 5% discount! -5% USD 101 Per night before taxes 1 room Book You won't be charged yet Our last few! Offer 2 3 adults Your kid can stay for FREE! Good breakfast available (USD 14 / person) Cancel for free before Nov 2, 2026 No payment until Oct 31, 2026 Free pool access Free fitness center access Parking Free WiFi See details Rewards & discounts Limited Time Offer. Price includes 5% discount! -5% USD 104 Per night before taxes 1 room Book Pay later Pay later You won't be charged yet Our last few! Offer 3 3 adults Your kid can stay for FREE! Good breakfast included Non-refundable (Low price!) Book and pay now Free fitness center access Parking Free WiFi See details Rewards & discounts Limited Time Offer. Price includes 5% discount! -5% USD 120 Per night before taxes 1 room Book You won't be charged yet Our last few! Offer 4 3 adults Your kid can stay for FREE! Good breakfast included Cancel for free before Nov 2, 2026 No payment until Oct 31, 2026 Free fitness center access Parking Free WiFi See details Rewards & discounts Limited Time Offer. Price includes 5% discount! -5% USD 124 Per night before taxes 1 room Book Pay later Pay later You won't be charged yet Our last few! Show 4 more offers (From USD 109)",rate_58ca527d2b41bc841c,Good breakfast included,"Cancel for free before Nov 2, 2026",,"No payment until Oct 31, 2026",3 adults,,124,Per night before taxes,USD,未知,未知,2026-11-05,2026-11-06,https://www.agoda.com/the-berkeley-hotel-pratunam/hotel/bangkok-th.html?countryId=106&finalPriceView=1&isShowMobileAppPrice=false&cid=1917614&numberOfBedrooms=&familyMode=false&adults=2&children=0&rooms=1&maxRooms=0&checkIn=2026-11-5&isCalendarCallout=false&childAges=&numberOfGuest=0&missingChildAges=false&travellerType=1&showReviewSubmissionEntry=false&currencyCode=USD&isFreeOccSearch=false&los=1&searchrequestid=3c779056-ae9e-4778-b6fa-dcad2f3114b8&ds=vypcfLgcYZgZxTDc,"{""优惠标签"": ""ee WiFi See details Rewards & discounts Limited Time Offer. Price includes 5% discount!"", ""入住人数"": ""3 adults"", ""其他权益"": """", ""原价"": """", ""取消政策"": ""Cancel for free before Nov 2, 2026"", ""币种"": ""USD"", ""库存提示"": """", ""当前价"": ""124"", ""支付方式"": ""No payment until Oct 31, 2026"", ""早餐"": ""Good breakfast included"", ""确认政策"": """", ""税费"": ""Per night before taxes""}",T3,T3,待人工核验,否,价格计价单位未确认；税费包含状态未确认；尚未通过T4人工复核,7a6e9d72211c704235fffbb03a2d0031a5a5c48262f7d16370cb6a3dc40a8744,a0f456207074008ec951493c796e374bdf9a4fde1d57153c49e2216fc0b94f1e,20260906-092202-csv-fb22d95c,,,,
1336682997c9b07d6794f8b95d50cbc17bd58f8c03b027e3b1a06070022eccae,ChIJi-YG88We4jARAkpfrYgaG-A,The Berkeley Hotel Pratunam,agoda,Agoda,461790,room_8003f01b4284cc6ddf,"Premier Family Room, North Tower",king bed,,57 m²,,3,"1/16 Our last few! Room photos and details Premier Family Room, North Tower 57 m²/614 ft²Max 3 adults1 king bed and 1 single bed Your kid can stay for FREE! Fits groups 8.6 Excellent Room comfort City view Electric kettle Separate shower/bathtub Private bathroom Hair dryer Walk-in shower Wi-Fi [free] Blackout curtains Air conditioning Mini bar Offer 1 3 adults Your kid can stay for FREE! Good breakfast available (USD 14 / person) Non-refundable (Low price!) Book and pay now Free pool access Free fitness center access Parking Free WiFi See details Rewards & discounts Limited Time Offer. Price includes 5% discount! -5% USD 101 Per night before taxes 1 room Book You won't be charged yet Our last few! Offer 2 3 adults Your kid can stay for FREE! Good breakfast available (USD 14 / person) Cancel for free before Nov 2, 2026 No payment until Oct 31, 2026 Free pool access Free fitness center access Parking Free WiFi See details Rewards & discounts Limited Time Offer. Price includes 5% discount! -5% USD 104 Per night before taxes 1 room Book Pay later Pay later You won't be charged yet Our last few! Offer 3 3 adults Your kid can stay for FREE! Good breakfast included Non-refundable (Low price!) Book and pay now Free fitness center access Parking Free WiFi See details Rewards & discounts Limited Time Offer. Price includes 5% discount! -5% USD 120 Per night before taxes 1 room Book You won't be charged yet Our last few! Offer 4 3 adults Your kid can stay for FREE! Good breakfast included Cancel for free before Nov 2, 2026 No payment until Oct 31, 2026 Free fitness center access Parking Free WiFi See details Rewards & discounts Limited Time Offer. Price includes 5% discount! -5% USD 124 Per night before taxes 1 room Book Pay later Pay later You won't be charged yet Our last few! Show 4 more offers (From USD 109)",rate_e5dce4c1896058f22e,Good breakfast available (USD 14 / person),"Cancel for free before Nov 2, 2026",,"No payment until Oct 31, 2026",3 adults,,104,Per night before taxes,USD,未知,未知,2026-11-05,2026-11-06,https://www.agoda.com/the-berkeley-hotel-pratunam/hotel/bangkok-th.html?countryId=106&finalPriceView=1&isShowMobileAppPrice=false&cid=1917614&numberOfBedrooms=&familyMode=false&adults=2&children=0&rooms=1&maxRooms=0&checkIn=2026-11-5&isCalendarCallout=false&childAges=&numberOfGuest=0&missingChildAges=false&travellerType=1&showReviewSubmissionEntry=false&currencyCode=USD&isFreeOccSearch=false&los=1&searchrequestid=3c779056-ae9e-4778-b6fa-dcad2f3114b8&ds=vypcfLgcYZgZxTDc,"{""优惠标签"": ""ee WiFi See details Rewards & discounts Limited Time Offer. Price includes 5% discount!"", ""入住人数"": ""3 adults"", ""其他权益"": """", ""原价"": """", ""取消政策"": ""Cancel for free before Nov 2, 2026"", ""币种"": ""USD"", ""库存提示"": """", ""当前价"": ""104"", ""支付方式"": ""No payment until Oct 31, 2026"", ""早餐"": ""Good breakfast available (USD 14 / person)"", ""确认政策"": """", ""税费"": ""Per night before taxes""}",T3,T3,待人工核验,否,价格计价单位未确认；税费包含状态未确认；尚未通过T4人工复核,7a6e9d72211c704235fffbb03a2d0031a5a5c48262f7d16370cb6a3dc40a8744,5d98579c34fd6a072b14f6d49cc63622563132507e7e1cfcd75f3bdc099b9069,20260906-092202-csv-fb22d95c,,,,
542ef3b109b73b7365e601b01ab1a38e348019cddab28903b74b3b45ab3c7d51,ChIJi-YG88We4jARAkpfrYgaG-A,The Berkeley Hotel Pratunam,agoda,Agoda,461790,room_ddc3f0694673ad29bb,Premier (North Tower),single bed,,35 m²,,2,"1/12 Our last few! Room photos and details Premier (North Tower) 35 m²/377 ft²Max 2 adults2 single beds Recommended Your kid can stay for FREE! Preferred by Couples 8.4 Excellent Room comfort City view Electric kettle Private bathroom Hair dryer Walk-in shower Wi-Fi [free] Blackout curtains Air conditioning Mini bar Free instant coffee Lowest price available! Offer 1 2 adults Your kid can stay for FREE! Good breakfast available (USD 14 / person) Non-refundable (Low price!) Book and pay now Free pool access Free fitness center access Parking Free WiFi See details Rewards & discounts Limited Time Offer. Price includes 5% discount! Cheapest price you've seen! -5% USD 69 Per night before taxes 1 room Book You won't be charged yet Our last few! Offer 2 2 adults Your kid can stay for FREE! Good breakfast available (USD 14 / person) Cancel for free before Nov 2, 2026 No payment until Oct 31, 2026 Free pool access Free fitness center access Parking Free WiFi See details Rewards & discounts Limited Time Offer. Price includes 5% discount! -5% USD 72 Per night before taxes 1 room Book Pay later Pay later You won't be charged yet Our last few! Offer 3 2 adults Your kid can stay for FREE! Good breakfast included Non-refundable (Low price!) Book and pay now Free fitness center access Parking Free WiFi See details Rewards & discounts Limited Time Offer. Price includes 5% discount! -5% USD 82 Per night before taxes 1 room Book You won't be charged yet Our last few! Offer 4 2 adults Your kid can stay for FREE! Good breakfast included Cancel for free before Nov 2, 2026 No payment until Oct 31, 2026 Free fitness center access Parking Free WiFi See details Rewards & discounts Limited Time Offer. Price includes 5% discount! -5% USD 85 Per night before taxes 1 room Book Pay later Pay later You won't be charged yet Our last few!",rate_2b3102d39a35aa1132,Good breakfast available (USD 14 / person),Non-refundable (Low price!),,Book and pay now,2 adults,,69,Per night before taxes,USD,未知,未知,2026-11-05,2026-11-06,https://www.agoda.com/the-berkeley-hotel-pratunam/hotel/bangkok-th.html?countryId=106&finalPriceView=1&isShowMobileAppPrice=false&cid=1917614&numberOfBedrooms=&familyMode=false&adults=2&children=0&rooms=1&maxRooms=0&checkIn=2026-11-5&isCalendarCallout=false&childAges=&numberOfGuest=0&missingChildAges=false&travellerType=1&showReviewSubmissionEntry=false&currencyCode=USD&isFreeOccSearch=false&los=1&searchrequestid=3c779056-ae9e-4778-b6fa-dcad2f3114b8&ds=vypcfLgcYZgZxTDc,"{""优惠标签"": ""ee WiFi See details Rewards & discounts Limited Time Offer. Price includes 5% discount!"", ""入住人数"": ""2 adults"", ""其他权益"": """", ""原价"": """", ""取消政策"": ""Non-refundable (Low price!)"", ""币种"": ""USD"", ""库存提示"": """", ""当前价"": ""69"", ""支付方式"": ""Book and pay now"", ""早餐"": ""Good breakfast available (USD 14 / person)"", ""确认政策"": """", ""税费"": ""Per night before taxes""}",T3,T3,待人工核验,否,价格计价单位未确认；税费包含状态未确认；尚未通过T4人工复核,c64310674f5f1f8c0a0c0387983ebb0903fdf723cf01305c46741cb9a776cb4c,180c4a7ed23f3e649ca2ae9fac3a9e64a729bb1b020a7c26512c0f82324f5497,20260906-092202-csv-fb22d95c,,,,
586030245cef5cfe3537b6c8d8af8b34ed9fa8a19340f3743365480d414679b2,ChIJi-YG88We4jARAkpfrYgaG-A,The Berkeley Hotel Pratunam,agoda,Agoda,461790,room_ddc3f0694673ad29bb,Premier (North Tower),single bed,,35 m²,,2,"1/12 Our last few! Room photos and details Premier (North Tower) 35 m²/377 ft²Max 2 adults2 single beds Recommended Your kid can stay for FREE! Preferred by Couples 8.4 Excellent Room comfort City view Electric kettle Private bathroom Hair dryer Walk-in shower Wi-Fi [free] Blackout curtains Air conditioning Mini bar Free instant coffee Lowest price available! Offer 1 2 adults Your kid can stay for FREE! Good breakfast available (USD 14 / person) Non-refundable (Low price!) Book and pay now Free pool access Free fitness center access Parking Free WiFi See details Rewards & discounts Limited Time Offer. Price includes 5% discount! Cheapest price you've seen! -5% USD 69 Per night before taxes 1 room Book You won't be charged yet Our last few! Offer 2 2 adults Your kid can stay for FREE! Good breakfast available (USD 14 / person) Cancel for free before Nov 2, 2026 No payment until Oct 31, 2026 Free pool access Free fitness center access Parking Free WiFi See details Rewards & discounts Limited Time Offer. Price includes 5% discount! -5% USD 72 Per night before taxes 1 room Book Pay later Pay later You won't be charged yet Our last few! Offer 3 2 adults Your kid can stay for FREE! Good breakfast included Non-refundable (Low price!) Book and pay now Free fitness center access Parking Free WiFi See details Rewards & discounts Limited Time Offer. Price includes 5% discount! -5% USD 82 Per night before taxes 1 room Book You won't be charged yet Our last few! Offer 4 2 adults Your kid can stay for FREE! Good breakfast included Cancel for free before Nov 2, 2026 No payment until Oct 31, 2026 Free fitness center access Parking Free WiFi See details Rewards & discounts Limited Time Offer. Price includes 5% discount! -5% USD 85 Per night before taxes 1 room Book Pay later Pay later You won't be charged yet Our last few!",rate_35ab6bbd632d2edf6a,Good breakfast included,Non-refundable (Low price!),,Book and pay now,2 adults,,82,Per night before taxes,USD,未知,未知,2026-11-05,2026-11-06,https://www.agoda.com/the-berkeley-hotel-pratunam/hotel/bangkok-th.html?countryId=106&finalPriceView=1&isShowMobileAppPrice=false&cid=1917614&numberOfBedrooms=&familyMode=false&adults=2&children=0&rooms=1&maxRooms=0&checkIn=2026-11-5&isCalendarCallout=false&childAges=&numberOfGuest=0&missingChildAges=false&travellerType=1&showReviewSubmissionEntry=false&currencyCode=USD&isFreeOccSearch=false&los=1&searchrequestid=3c779056-ae9e-4778-b6fa-dcad2f3114b8&ds=vypcfLgcYZgZxTDc,"{""优惠标签"": ""ee WiFi See details Rewards & discounts Limited Time Offer. Price includes 5% discount!"", ""入住人数"": ""2 adults"", ""其他权益"": """", ""原价"": """", ""取消政策"": ""Non-refundable (Low price!)"", ""币种"": ""USD"", ""库存提示"": """", ""当前价"": ""82"", ""支付方式"": ""Book and pay now"", ""早餐"": ""Good breakfast included"", ""确认政策"": """", ""税费"": ""Per night before taxes""}",T3,T3,待人工核验,否,价格计价单位未确认；税费包含状态未确认；尚未通过T4人工复核,c64310674f5f1f8c0a0c0387983ebb0903fdf723cf01305c46741cb9a776cb4c,aca4dca80dc5bef07acd6eca843df2eff94c074bdacd6a633e0fcf8955f1d1a6,20260906-092202-csv-fb22d95c,,,,
939b6d69a0376a30c031b8d237f930680be84f7678129e58d2897e288749093b,ChIJi-YG88We4jARAkpfrYgaG-A,The Berkeley Hotel Pratunam,agoda,Agoda,461790,room_ddc3f0694673ad29bb,Premier (North Tower),single bed,,35 m²,,2,"1/12 Our last few! Room photos and details Premier (North Tower) 35 m²/377 ft²Max 2 adults2 single beds Recommended Your kid can stay for FREE! Preferred by Couples 8.4 Excellent Room comfort City view Electric kettle Private bathroom Hair dryer Walk-in shower Wi-Fi [free] Blackout curtains Air conditioning Mini bar Free instant coffee Lowest price available! Offer 1 2 adults Your kid can stay for FREE! Good breakfast available (USD 14 / person) Non-refundable (Low price!) Book and pay now Free pool access Free fitness center access Parking Free WiFi See details Rewards & discounts Limited Time Offer. Price includes 5% discount! Cheapest price you've seen! -5% USD 69 Per night before taxes 1 room Book You won't be charged yet Our last few! Offer 2 2 adults Your kid can stay for FREE! Good breakfast available (USD 14 / person) Cancel for free before Nov 2, 2026 No payment until Oct 31, 2026 Free pool access Free fitness center access Parking Free WiFi See details Rewards & discounts Limited Time Offer. Price includes 5% discount! -5% USD 72 Per night before taxes 1 room Book Pay later Pay later You won't be charged yet Our last few! Offer 3 2 adults Your kid can stay for FREE! Good breakfast included Non-refundable (Low price!) Book and pay now Free fitness center access Parking Free WiFi See details Rewards & discounts Limited Time Offer. Price includes 5% discount! -5% USD 82 Per night before taxes 1 room Book You won't be charged yet Our last few! Offer 4 2 adults Your kid can stay for FREE! Good breakfast included Cancel for free before Nov 2, 2026 No payment until Oct 31, 2026 Free fitness center access Parking Free WiFi See details Rewards & discounts Limited Time Offer. Price includes 5% discount! -5% USD 85 Per night before taxes 1 room Book Pay later Pay later You won't be charged yet Our last few!",rate_b7d077933c9ef357b7,Good breakfast available (USD 14 / person),"Cancel for free before Nov 2, 2026",,"No payment until Oct 31, 2026",2 adults,,72,Per night before taxes,USD,未知,未知,2026-11-05,2026-11-06,https://www.agoda.com/the-berkeley-hotel-pratunam/hotel/bangkok-th.html?countryId=106&finalPriceView=1&isShowMobileAppPrice=false&cid=1917614&numberOfBedrooms=&familyMode=false&adults=2&children=0&rooms=1&maxRooms=0&checkIn=2026-11-5&isCalendarCallout=false&childAges=&numberOfGuest=0&missingChildAges=false&travellerType=1&showReviewSubmissionEntry=false&currencyCode=USD&isFreeOccSearch=false&los=1&searchrequestid=3c779056-ae9e-4778-b6fa-dcad2f3114b8&ds=vypcfLgcYZgZxTDc,"{""优惠标签"": ""ee WiFi See details Rewards & discounts Limited Time Offer. Price includes 5% discount!"", ""入住人数"": ""2 adults"", ""其他权益"": """", ""原价"": """", ""取消政策"": ""Cancel for free before Nov 2, 2026"", ""币种"": ""USD"", ""库存提示"": """", ""当前价"": ""72"", ""支付方式"": ""No payment until Oct 31, 2026"", ""早餐"": ""Good breakfast available (USD 14 / person)"", ""确认政策"": """", ""税费"": ""Per night before taxes""}",T3,T3,待人工核验,否,价格计价单位未确认；税费包含状态未确认；尚未通过T4人工复核,c64310674f5f1f8c0a0c0387983ebb0903fdf723cf01305c46741cb9a776cb4c,955f313055e188a13ab26bbdd0f7e67d6a0bdf187cb270fe58931e243a0ed004,20260906-092202-csv-fb22d95c,,,,
480e27a599ab08be12a9b9d475278048b6f68c886cc7008578673624bf71070a,ChIJi-YG88We4jARAkpfrYgaG-A,The Berkeley Hotel Pratunam,agoda,Agoda,461790,room_ddc3f0694673ad29bb,Premier (North Tower),single bed,,35 m²,,2,"1/12 Our last few! Room photos and details Premier (North Tower) 35 m²/377 ft²Max 2 adults2 single beds Recommended Your kid can stay for FREE! Preferred by Couples 8.4 Excellent Room comfort City view Electric kettle Private bathroom Hair dryer Walk-in shower Wi-Fi [free] Blackout curtains Air conditioning Mini bar Free instant coffee Lowest price available! Offer 1 2 adults Your kid can stay for FREE! Good breakfast available (USD 14 / person) Non-refundable (Low price!) Book and pay now Free pool access Free fitness center access Parking Free WiFi See details Rewards & discounts Limited Time Offer. Price includes 5% discount! Cheapest price you've seen! -5% USD 69 Per night before taxes 1 room Book You won't be charged yet Our last few! Offer 2 2 adults Your kid can stay for FREE! Good breakfast available (USD 14 / person) Cancel for free before Nov 2, 2026 No payment until Oct 31, 2026 Free pool access Free fitness center access Parking Free WiFi See details Rewards & discounts Limited Time Offer. Price includes 5% discount! -5% USD 72 Per night before taxes 1 room Book Pay later Pay later You won't be charged yet Our last few! Offer 3 2 adults Your kid can stay for FREE! Good breakfast included Non-refundable (Low price!) Book and pay now Free fitness center access Parking Free WiFi See details Rewards & discounts Limited Time Offer. Price includes 5% discount! -5% USD 82 Per night before taxes 1 room Book You won't be charged yet Our last few! Offer 4 2 adults Your kid can stay for FREE! Good breakfast included Cancel for free before Nov 2, 2026 No payment until Oct 31, 2026 Free fitness center access Parking Free WiFi See details Rewards & discounts Limited Time Offer. Price includes 5% discount! -5% USD 85 Per night before taxes 1 room Book Pay later Pay later You won't be charged yet Our last few!",rate_ee71b0861f4066710e,Good breakfast included,"Cancel for free before Nov 2, 2026",,"No payment until Oct 31, 2026",2 adults,,85,Per night before taxes,USD,未知,未知,2026-11-05,2026-11-06,https://www.agoda.com/the-berkeley-hotel-pratunam/hotel/bangkok-th.html?countryId=106&finalPriceView=1&isShowMobileAppPrice=false&cid=1917614&numberOfBedrooms=&familyMode=false&adults=2&children=0&rooms=1&maxRooms=0&checkIn=2026-11-5&isCalendarCallout=false&childAges=&numberOfGuest=0&missingChildAges=false&travellerType=1&showReviewSubmissionEntry=false&currencyCode=USD&isFreeOccSearch=false&los=1&searchrequestid=3c779056-ae9e-4778-b6fa-dcad2f3114b8&ds=vypcfLgcYZgZxTDc,"{""优惠标签"": ""ee WiFi See details Rewards & discounts Limited Time Offer. Price includes 5% discount!"", ""入住人数"": ""2 adults"", ""其他权益"": """", ""原价"": """", ""取消政策"": ""Cancel for free before Nov 2, 2026"", ""币种"": ""USD"", ""库存提示"": """", ""当前价"": ""85"", ""支付方式"": ""No payment until Oct 31, 2026"", ""早餐"": ""Good breakfast included"", ""确认政策"": """", ""税费"": ""Per night before taxes""}",T3,T3,待人工核验,否,价格计价单位未确认；税费包含状态未确认；尚未通过T4人工复核,c64310674f5f1f8c0a0c0387983ebb0903fdf723cf01305c46741cb9a776cb4c,99ab38b973d09921dff510d32d81cdc966be89b34fdd8c89da67dc95387da4e6,20260906-092202-csv-fb22d95c,,,,
b52344dd2df78f7583e0a72ba3f6acae0e3a35b1057f95eb9afcec68dd452469,ChIJi-YG88We4jARAkpfrYgaG-A,The Berkeley Hotel Pratunam,agoda,Agoda,461790,room_f76a9afb6321f6b433,Random Room Assigned,single bed,ss Air conditioning Window Offer 1 2 adults Go,,,2,"1/9 Our last room! Room photos and details Random Room Assigned Max 2 adults1 single bed Shower Internet access – wireless Air conditioning Window Offer 1 2 adults Good breakfast available (USD 14 / person) Cancel for free before Oct 30, 2026 No payment until Oct 28, 2026 Free fitness center access Parking Free WiFi See details USD 89 Per night before taxes 1 room Book Pay later Pay later You won't be charged yet Our last room! Offer 2 2 adults Good breakfast included Cancel for free before Oct 30, 2026 No payment until Oct 28, 2026 Free fitness center access Parking Free WiFi See details USD 103 Per night before taxes 1 room Book Pay later Pay later You won't be charged yet Our last room! Show 2 more offers (From USD 92)",rate_0a53f70502eb21fcaf,Good breakfast available (USD 14 / person),"Cancel for free before Oct 30, 2026",,"No payment until Oct 28, 2026",2 adults,,89,Per night before taxes,USD,未知,未知,2026-11-05,2026-11-06,https://www.agoda.com/the-berkeley-hotel-pratunam/hotel/bangkok-th.html?countryId=106&finalPriceView=1&isShowMobileAppPrice=false&cid=1917614&numberOfBedrooms=&familyMode=false&adults=2&children=0&rooms=1&maxRooms=0&checkIn=2026-11-5&isCalendarCallout=false&childAges=&numberOfGuest=0&missingChildAges=false&travellerType=1&showReviewSubmissionEntry=false&currencyCode=USD&isFreeOccSearch=false&los=1&searchrequestid=3c779056-ae9e-4778-b6fa-dcad2f3114b8&ds=vypcfLgcYZgZxTDc,"{""优惠标签"": """", ""入住人数"": ""2 adults"", ""其他权益"": """", ""原价"": """", ""取消政策"": ""Cancel for free before Oct 30, 2026"", ""币种"": ""USD"", ""库存提示"": """", ""当前价"": ""89"", ""支付方式"": ""No payment until Oct 28, 2026"", ""早餐"": ""Good breakfast available (USD 14 / person)"", ""确认政策"": """", ""税费"": ""Per night before taxes""}",T3,T3,待人工核验,否,价格计价单位未确认；税费包含状态未确认；尚未通过T4人工复核,3bec5dbf2f90441d254891994a5f5321f82a5607be144eec1252475ed0e8796d,a05bfc460e07fb8292bff7787eee21faa0d1369717707ac68e5456e5f5d5a472,20260906-092202-csv-fb22d95c,,,,
846b4d6530a46f86cba6be118ff486f9aed6ee2364e069ab9ed9de4a92b3c5c2,ChIJi-YG88We4jARAkpfrYgaG-A,The Berkeley Hotel Pratunam,agoda,Agoda,461790,room_f76a9afb6321f6b433,Random Room Assigned,single bed,ss Air conditioning Window Offer 1 2 adults Go,,,2,"1/9 Our last room! Room photos and details Random Room Assigned Max 2 adults1 single bed Shower Internet access – wireless Air conditioning Window Offer 1 2 adults Good breakfast available (USD 14 / person) Cancel for free before Oct 30, 2026 No payment until Oct 28, 2026 Free fitness center access Parking Free WiFi See details USD 89 Per night before taxes 1 room Book Pay later Pay later You won't be charged yet Our last room! Offer 2 2 adults Good breakfast included Cancel for free before Oct 30, 2026 No payment until Oct 28, 2026 Free fitness center access Parking Free WiFi See details USD 103 Per night before taxes 1 room Book Pay later Pay later You won't be charged yet Our last room! Show 2 more offers (From USD 92)",rate_6bb3b687fb484edef8,Good breakfast included,"Cancel for free before Oct 30, 2026",,"No payment until Oct 28, 2026",2 adults,,103,Per night before taxes,USD,未知,未知,2026-11-05,2026-11-06,https://www.agoda.com/the-berkeley-hotel-pratunam/hotel/bangkok-th.html?countryId=106&finalPriceView=1&isShowMobileAppPrice=false&cid=1917614&numberOfBedrooms=&familyMode=false&adults=2&children=0&rooms=1&maxRooms=0&checkIn=2026-11-5&isCalendarCallout=false&childAges=&numberOfGuest=0&missingChildAges=false&travellerType=1&showReviewSubmissionEntry=false&currencyCode=USD&isFreeOccSearch=false&los=1&searchrequestid=3c779056-ae9e-4778-b6fa-dcad2f3114b8&ds=vypcfLgcYZgZxTDc,"{""优惠标签"": """", ""入住人数"": ""2 adults"", ""其他权益"": """", ""原价"": """", ""取消政策"": ""Cancel for free before Oct 30, 2026"", ""币种"": ""USD"", ""库存提示"": """", ""当前价"": ""103"", ""支付方式"": ""No payment until Oct 28, 2026"", ""早餐"": ""Good breakfast included"", ""确认政策"": """", ""税费"": ""Per night before taxes""}",T3,T3,待人工核验,否,价格计价单位未确认；税费包含状态未确认；尚未通过T4人工复核,3bec5dbf2f90441d254891994a5f5321f82a5607be144eec1252475ed0e8796d,eb5bac3f8f8e976dfbf3c28e0127e00a13123835a96f2e10d5a525981bdb6243,20260906-092202-csv-fb22d95c,,,,
aee5dc197c4fca3482c0836156c5bbc2fe89555aec41af6e5611dc026046160f,ChIJi-YG88We4jARAkpfrYgaG-A,The Berkeley Hotel Pratunam,agoda,Agoda,461790,room_ff5812c6a0d4079938,Premier Family Bunk Bed - North Tower,king bed,,54 m²,,4,"1/16 Our last few! Room photos and details Premier Family Bunk Bed - North Tower 54 m²/581 ft²Max 4 adults1 king bed and 1 bunk bed Your kids can stay for FREE! Fits groups 9.3 Exceptional Room comfort City view Private bathroom Hair dryer Walk-in shower Wi-Fi [free] Blackout curtains Air conditioning Mini bar Free bottled water Kettle Offer 1 4 adults Your kids can stay for FREE! Good breakfast available (USD 14 / person) Non-refundable (Low price!) Book and pay now Free pool access Free fitness center access Parking Free WiFi See details Rewards & discounts Limited Time Offer. Price includes 5% discount! -5% USD 121 Per night before taxes 1 room Book You won't be charged yet Our last few! Offer 2 4 adults Your kids can stay for FREE! Good breakfast available (USD 14 / person) Cancel for free before Nov 2, 2026 No payment until Oct 31, 2026 Free pool access Free fitness center access Parking Free WiFi See details Rewards & discounts Limited Time Offer. Price includes 5% discount! -5% USD 125 Per night before taxes 1 room Book Pay later Pay later You won't be charged yet Our last few! Offer 3 2 adults Good breakfast included Non-refundable (Low price!) Book and pay now Free fitness center access Parking Free WiFi See details USD 159 Per night before taxes 1 room Request to Book You won't be charged yet Our last room! Offer 4 4 adults Your kids can stay for FREE! Good breakfast included Cancel for free before Nov 2, 2026 No payment until Oct 31, 2026 Free fitness center access Parking Free WiFi See details Rewards & discounts Limited Time Offer. Price includes 5% discount! -5% USD 181 Per night before taxes 1 room Book Pay later Pay later You won't be charged yet Our last few! Show 2 more offers (From USD 137)",rate_0dcb2763267b68a911,Good breakfast included,"Cancel for free before Nov 2, 2026",,"No payment until Oct 31, 2026",4 adults,,181,Per night before taxes,USD,未知,未知,2026-11-05,2026-11-06,https://www.agoda.com/the-berkeley-hotel-pratunam/hotel/bangkok-th.html?countryId=106&finalPriceView=1&isShowMobileAppPrice=false&cid=1917614&numberOfBedrooms=&familyMode=false&adults=2&children=0&rooms=1&maxRooms=0&checkIn=2026-11-5&isCalendarCallout=false&childAges=&numberOfGuest=0&missingChildAges=false&travellerType=1&showReviewSubmissionEntry=false&currencyCode=USD&isFreeOccSearch=false&los=1&searchrequestid=3c779056-ae9e-4778-b6fa-dcad2f3114b8&ds=vypcfLgcYZgZxTDc,"{""优惠标签"": ""ee WiFi See details Rewards & discounts Limited Time Offer. Price includes 5% discount!"", ""入住人数"": ""4 adults"", ""其他权益"": """", ""原价"": """", ""取消政策"": ""Cancel for free before Nov 2, 2026"", ""币种"": ""USD"", ""库存提示"": """", ""当前价"": ""181"", ""支付方式"": ""No payment until Oct 31, 2026"", ""早餐"": ""Good breakfast included"", ""确认政策"": """", ""税费"": ""Per night before taxes""}",T3,T3,待人工核验,否,价格计价单位未确认；税费包含状态未确认；尚未通过T4人工复核,f735fb8ca7a671ac46ea1c992f19341fbb342fc012d2ad1132c75a955c496796,43b826c94a2c99481f9ee012a1e8cd3e19d436848c8479634f61922dbd9349a1,20260906-092202-csv-fb22d95c,,,,
25a2a1bd36b1d73fee212da9444d748a17e1ba1a00b64f0ba7a37446bf9fd2c1,ChIJi-YG88We4jARAkpfrYgaG-A,The Berkeley Hotel Pratunam,agoda,Agoda,461790,room_ff5812c6a0d4079938,Premier Family Bunk Bed - North Tower,king bed,,54 m²,,4,"1/16 Our last few! Room photos and details Premier Family Bunk Bed - North Tower 54 m²/581 ft²Max 4 adults1 king bed and 1 bunk bed Your kids can stay for FREE! Fits groups 9.3 Exceptional Room comfort City view Private bathroom Hair dryer Walk-in shower Wi-Fi [free] Blackout curtains Air conditioning Mini bar Free bottled water Kettle Offer 1 4 adults Your kids can stay for FREE! Good breakfast available (USD 14 / person) Non-refundable (Low price!) Book and pay now Free pool access Free fitness center access Parking Free WiFi See details Rewards & discounts Limited Time Offer. Price includes 5% discount! -5% USD 121 Per night before taxes 1 room Book You won't be charged yet Our last few! Offer 2 4 adults Your kids can stay for FREE! Good breakfast available (USD 14 / person) Cancel for free before Nov 2, 2026 No payment until Oct 31, 2026 Free pool access Free fitness center access Parking Free WiFi See details Rewards & discounts Limited Time Offer. Price includes 5% discount! -5% USD 125 Per night before taxes 1 room Book Pay later Pay later You won't be charged yet Our last few! Offer 3 2 adults Good breakfast included Non-refundable (Low price!) Book and pay now Free fitness center access Parking Free WiFi See details USD 159 Per night before taxes 1 room Request to Book You won't be charged yet Our last room! Offer 4 4 adults Your kids can stay for FREE! Good breakfast included Cancel for free before Nov 2, 2026 No payment until Oct 31, 2026 Free fitness center access Parking Free WiFi See details Rewards & discounts Limited Time Offer. Price includes 5% discount! -5% USD 181 Per night before taxes 1 room Book Pay later Pay later You won't be charged yet Our last few! Show 2 more offers (From USD 137)",rate_70fbd6920d14b62d1f,Good breakfast available (USD 14 / person),Non-refundable (Low price!),,Book and pay now,4 adults,,121,Per night before taxes,USD,未知,未知,2026-11-05,2026-11-06,https://www.agoda.com/the-berkeley-hotel-pratunam/hotel/bangkok-th.html?countryId=106&finalPriceView=1&isShowMobileAppPrice=false&cid=1917614&numberOfBedrooms=&familyMode=false&adults=2&children=0&rooms=1&maxRooms=0&checkIn=2026-11-5&isCalendarCallout=false&childAges=&numberOfGuest=0&missingChildAges=false&travellerType=1&showReviewSubmissionEntry=false&currencyCode=USD&isFreeOccSearch=false&los=1&searchrequestid=3c779056-ae9e-4778-b6fa-dcad2f3114b8&ds=vypcfLgcYZgZxTDc,"{""优惠标签"": ""ee WiFi See details Rewards & discounts Limited Time Offer. Price includes 5% discount!"", ""入住人数"": ""4 adults"", ""其他权益"": """", ""原价"": """", ""取消政策"": ""Non-refundable (Low price!)"", ""币种"": ""USD"", ""库存提示"": """", ""当前价"": ""121"", ""支付方式"": ""Book and pay now"", ""早餐"": ""Good breakfast available (USD 14 / person)"", ""确认政策"": """", ""税费"": ""Per night before taxes""}",T3,T3,待人工核验,否,价格计价单位未确认；税费包含状态未确认；尚未通过T4人工复核,f735fb8ca7a671ac46ea1c992f19341fbb342fc012d2ad1132c75a955c496796,ef0d12fffb2f0449ac4f6824c6cfd75611e9178902a4e91cef3901a1586a1d2c,20260906-092202-csv-fb22d95c,,,,
142f7bcea54589149e33cf89c8334a052b07d7be117e6c63eda812aae9a773ed,ChIJi-YG88We4jARAkpfrYgaG-A,The Berkeley Hotel Pratunam,agoda,Agoda,461790,room_ff5812c6a0d4079938,Premier Family Bunk Bed - North Tower,king bed,,54 m²,,4,"1/16 Our last few! Room photos and details Premier Family Bunk Bed - North Tower 54 m²/581 ft²Max 4 adults1 king bed and 1 bunk bed Your kids can stay for FREE! Fits groups 9.3 Exceptional Room comfort City view Private bathroom Hair dryer Walk-in shower Wi-Fi [free] Blackout curtains Air conditioning Mini bar Free bottled water Kettle Offer 1 4 adults Your kids can stay for FREE! Good breakfast available (USD 14 / person) Non-refundable (Low price!) Book and pay now Free pool access Free fitness center access Parking Free WiFi See details Rewards & discounts Limited Time Offer. Price includes 5% discount! -5% USD 121 Per night before taxes 1 room Book You won't be charged yet Our last few! Offer 2 4 adults Your kids can stay for FREE! Good breakfast available (USD 14 / person) Cancel for free before Nov 2, 2026 No payment until Oct 31, 2026 Free pool access Free fitness center access Parking Free WiFi See details Rewards & discounts Limited Time Offer. Price includes 5% discount! -5% USD 125 Per night before taxes 1 room Book Pay later Pay later You won't be charged yet Our last few! Offer 3 2 adults Good breakfast included Non-refundable (Low price!) Book and pay now Free fitness center access Parking Free WiFi See details USD 159 Per night before taxes 1 room Request to Book You won't be charged yet Our last room! Offer 4 4 adults Your kids can stay for FREE! Good breakfast included Cancel for free before Nov 2, 2026 No payment until Oct 31, 2026 Free fitness center access Parking Free WiFi See details Rewards & discounts Limited Time Offer. Price includes 5% discount! -5% USD 181 Per night before taxes 1 room Book Pay later Pay later You won't be charged yet Our last few! Show 2 more offers (From USD 137)",rate_8c9a59a82eb2bb89e2,Good breakfast included,Non-refundable (Low price!),,Book and pay now,2 adults,,159,Per night before taxes,USD,未知,未知,2026-11-05,2026-11-06,https://www.agoda.com/the-berkeley-hotel-pratunam/hotel/bangkok-th.html?countryId=106&finalPriceView=1&isShowMobileAppPrice=false&cid=1917614&numberOfBedrooms=&familyMode=false&adults=2&children=0&rooms=1&maxRooms=0&checkIn=2026-11-5&isCalendarCallout=false&childAges=&numberOfGuest=0&missingChildAges=false&travellerType=1&showReviewSubmissionEntry=false&currencyCode=USD&isFreeOccSearch=false&los=1&searchrequestid=3c779056-ae9e-4778-b6fa-dcad2f3114b8&ds=vypcfLgcYZgZxTDc,"{""优惠标签"": """", ""入住人数"": ""2 adults"", ""其他权益"": """", ""原价"": """", ""取消政策"": ""Non-refundable (Low price!)"", ""币种"": ""USD"", ""库存提示"": """", ""当前价"": ""159"", ""支付方式"": ""Book and pay now"", ""早餐"": ""Good breakfast included"", ""确认政策"": """", ""税费"": ""Per night before taxes""}",T3,T3,待人工核验,否,价格计价单位未确认；税费包含状态未确认；尚未通过T4人工复核,f735fb8ca7a671ac46ea1c992f19341fbb342fc012d2ad1132c75a955c496796,1992990f3eeae819ddf4f47c7dc614c28686bc999ffc4c7dd5f678485777ad48,20260906-092202-csv-fb22d95c,,,,
7fc88ba1144762a31fe258ebf4e905afadd658895fb4f8ab00dd107ad9f1426b,ChIJi-YG88We4jARAkpfrYgaG-A,The Berkeley Hotel Pratunam,agoda,Agoda,461790,room_ff5812c6a0d4079938,Premier Family Bunk Bed - North Tower,king bed,,54 m²,,4,"1/16 Our last few! Room photos and details Premier Family Bunk Bed - North Tower 54 m²/581 ft²Max 4 adults1 king bed and 1 bunk bed Your kids can stay for FREE! Fits groups 9.3 Exceptional Room comfort City view Private bathroom Hair dryer Walk-in shower Wi-Fi [free] Blackout curtains Air conditioning Mini bar Free bottled water Kettle Offer 1 4 adults Your kids can stay for FREE! Good breakfast available (USD 14 / person) Non-refundable (Low price!) Book and pay now Free pool access Free fitness center access Parking Free WiFi See details Rewards & discounts Limited Time Offer. Price includes 5% discount! -5% USD 121 Per night before taxes 1 room Book You won't be charged yet Our last few! Offer 2 4 adults Your kids can stay for FREE! Good breakfast available (USD 14 / person) Cancel for free before Nov 2, 2026 No payment until Oct 31, 2026 Free pool access Free fitness center access Parking Free WiFi See details Rewards & discounts Limited Time Offer. Price includes 5% discount! -5% USD 125 Per night before taxes 1 room Book Pay later Pay later You won't be charged yet Our last few! Offer 3 2 adults Good breakfast included Non-refundable (Low price!) Book and pay now Free fitness center access Parking Free WiFi See details USD 159 Per night before taxes 1 room Request to Book You won't be charged yet Our last room! Offer 4 4 adults Your kids can stay for FREE! Good breakfast included Cancel for free before Nov 2, 2026 No payment until Oct 31, 2026 Free fitness center access Parking Free WiFi See details Rewards & discounts Limited Time Offer. Price includes 5% discount! -5% USD 181 Per night before taxes 1 room Book Pay later Pay later You won't be charged yet Our last few! Show 2 more offers (From USD 137)",rate_dbc89195997f294a2c,Good breakfast available (USD 14 / person),"Cancel for free before Nov 2, 2026",,"No payment until Oct 31, 2026",4 adults,,125,Per night before taxes,USD,未知,未知,2026-11-05,2026-11-06,https://www.agoda.com/the-berkeley-hotel-pratunam/hotel/bangkok-th.html?countryId=106&finalPriceView=1&isShowMobileAppPrice=false&cid=1917614&numberOfBedrooms=&familyMode=false&adults=2&children=0&rooms=1&maxRooms=0&checkIn=2026-11-5&isCalendarCallout=false&childAges=&numberOfGuest=0&missingChildAges=false&travellerType=1&showReviewSubmissionEntry=false&currencyCode=USD&isFreeOccSearch=false&los=1&searchrequestid=3c779056-ae9e-4778-b6fa-dcad2f3114b8&ds=vypcfLgcYZgZxTDc,"{""优惠标签"": ""ee WiFi See details Rewards & discounts Limited Time Offer. Price includes 5% discount!"", ""入住人数"": ""4 adults"", ""其他权益"": """", ""原价"": """", ""取消政策"": ""Cancel for free before Nov 2, 2026"", ""币种"": ""USD"", ""库存提示"": """", ""当前价"": ""125"", ""支付方式"": ""No payment until Oct 31, 2026"", ""早餐"": ""Good breakfast available (USD 14 / person)"", ""确认政策"": """", ""税费"": ""Per night before taxes""}",T3,T3,待人工核验,否,价格计价单位未确认；税费包含状态未确认；尚未通过T4人工复核,f735fb8ca7a671ac46ea1c992f19341fbb342fc012d2ad1132c75a955c496796,94eade4456be311564434d79ded5b82e2e447c0eae582215f4c317f4e3131ce3,20260906-092202-csv-fb22d95c,,,,
2b8dc3d5324c2ddc13f5e7aa1d7e19aad8d66b954bf6f4fc09335548b764c076,ChIJpYbWb8aY4jAR5PmlBlsxOoM,曼谷沙吞颐思殿酒店,trip,Trip.com,996730,10245427,Executive Superior Sky Room With Lounge Access,king bed,r 2 single beds Has window(s) Non-smoking 344,,,,"Executive Superior Sky Room With Lounge Access 29 /1 king bed or 2 single beds Has window(s) Non-smoking 344 ft² Floor: 30-32 Free Wi-Fi Air conditioning Private bathroom Room Details Your Choices Sleeps Today's Price Lounge access (1) Includes 2 great breakfasts Free Cancellation before 11:59 PM, Sep 18 Instant confirmation Prepay online Early bird price Special Discount 44% off $287 $155 Total (incl. taxes & fees): $165 Reserve 15% Off Airport Transfers (1) + Lounge access (1) Includes 2 great breakfasts Free Cancellation before 11:59 PM, Sep 18 Instant confirmation Prepay online Early bird price Special Discount 44% off $287 $155 Total (incl. taxes & fees): $165 Reserve Show 8 more room rate (from $159)",rate_b085304ddfaa3ca3c0,,Free Cancellation,Instant confirmation,Prepay,,287,155,,USD,未知,未知,2026-09-21,2026-09-22,https://us.trip.com/hotels/detail/?Allianceid=15214&Sid=1209572&allianceid=15214&sid=1209572&hotelid=996730&city=359&locale=en_us&checkin=2026-09-21&checkout=2026-09-22&ouid=&shoppingid=MqAYg9Qubyff&roomquantity=&minprice=99.44&mproom=1731143996&fgt=1&starlist=&rate=&amenty=&breakfast=&bookPolicy=&adult=2&children=0&ages=&curr=USD&prid=LANG_US&trip_sub1=21_09_2026_1_mapresults_996730_US_desktop_default___0_0-LANG_US-landing&br=99.44&tf=14.95&display=exavg&crn=1&mincurr=USD&stand=H4sIAAAAAAAA_-Ny52KSYBJi4mCUsuXYc2nPTjaL34IBHDMYf72yWcHIuIOR6SJj_6GvGjHyoQ4PGWNAzDsRDi8YtzV_YVzAwriQVWSd-8OqKWEOUjy-hY6R6ZaBpUmVaWkKjBozHj65wubBGMRmauFi6OgaJcPFHOLhJPij--akUMFT9lLMocEuik9EZE8-vS_lkMSamqcbGpzRItbFyOTBuIqRnYvZwMhIgOkTIz-yufHmhpOYGA0BevmZ1bYAAAA,"{""优惠标签"": ""line Early bird price Special Discount 44% off $287 $155 Total (incl. taxes & fees): $16"", ""入住人数"": """", ""其他权益"": """", ""原价"": ""287"", ""取消政策"": ""Free Cancellation"", ""币种"": ""USD"", ""库存提示"": """", ""当前价"": ""155"", ""支付方式"": ""Prepay"", ""早餐"": """", ""确认政策"": ""Instant confirmation"", ""税费"": """"}",T3,T3,待人工核验,否,价格计价单位未确认；税费包含状态未确认；尚未通过T4人工复核,980628cac790ba3a2d6e41db5f7d5e0805e78e354d9c80835eb60bc2d96172cb,fc9bcf8a4f26802cc128c87af38e096c36d73de7fd9f526c7cb97a2036410279,20260906-092202-csv-fb22d95c,,,,
e05a6ea3b905cb601bb956215db71f52a7f0b14375ffe2faa79bd77596057d27,ChIJpYbWb8aY4jAR5PmlBlsxOoM,曼谷沙吞颐思殿酒店,trip,Trip.com,996730,10245427,Executive Superior Sky Room With Lounge Access,king bed,r 2 single beds Has window(s) Non-smoking 344,,,,"Executive Superior Sky Room With Lounge Access 29 /1 king bed or 2 single beds Has window(s) Non-smoking 344 ft² Floor: 30-32 Free Wi-Fi Air conditioning Private bathroom Room Details Your Choices Sleeps Today's Price Lounge access (1) Includes 2 great breakfasts Free Cancellation before 11:59 PM, Sep 18 Instant confirmation Prepay online Early bird price Special Discount 44% off $287 $155 Total (incl. taxes & fees): $165 Reserve 15% Off Airport Transfers (1) + Lounge access (1) Includes 2 great breakfasts Free Cancellation before 11:59 PM, Sep 18 Instant confirmation Prepay online Early bird price Special Discount 44% off $287 $155 Total (incl. taxes & fees): $165 Reserve Show 8 more room rate (from $159)",rate_bd785d23e3ed02de56,,Free Cancellation,Instant confirmation,Prepay,,287,155,,USD,未知,未知,2026-09-21,2026-09-22,https://us.trip.com/hotels/detail/?Allianceid=15214&Sid=1209572&allianceid=15214&sid=1209572&hotelid=996730&city=359&locale=en_us&checkin=2026-09-21&checkout=2026-09-22&ouid=&shoppingid=MqAYg9Qubyff&roomquantity=&minprice=99.44&mproom=1731143996&fgt=1&starlist=&rate=&amenty=&breakfast=&bookPolicy=&adult=2&children=0&ages=&curr=USD&prid=LANG_US&trip_sub1=21_09_2026_1_mapresults_996730_US_desktop_default___0_0-LANG_US-landing&br=99.44&tf=14.95&display=exavg&crn=1&mincurr=USD&stand=H4sIAAAAAAAA_-Ny52KSYBJi4mCUsuXYc2nPTjaL34IBHDMYf72yWcHIuIOR6SJj_6GvGjHyoQ4PGWNAzDsRDi8YtzV_YVzAwriQVWSd-8OqKWEOUjy-hY6R6ZaBpUmVaWkKjBozHj65wubBGMRmauFi6OgaJcPFHOLhJPij--akUMFT9lLMocEuik9EZE8-vS_lkMSamqcbGpzRItbFyOTBuIqRnYvZwMhIgOkTIz-yufHmhpOYGA0BevmZ1bYAAAA,"{""优惠标签"": ""line Early bird price Special Discount 44% off $287 $155 Total (incl. taxes & fees): $16"", ""入住人数"": """", ""其他权益"": """", ""原价"": ""287"", ""取消政策"": ""Free Cancellation"", ""币种"": ""USD"", ""库存提示"": """", ""当前价"": ""155"", ""支付方式"": ""Prepay"", ""早餐"": """", ""确认政策"": ""Instant confirmation"", ""税费"": """"}",T3,T3,待人工核验,否,价格计价单位未确认；税费包含状态未确认；尚未通过T4人工复核,980628cac790ba3a2d6e41db5f7d5e0805e78e354d9c80835eb60bc2d96172cb,ff002513647db2d90b5d60e495484a310e2978b6d2d0946fe93d1d63d3e677ef,20260906-092202-csv-fb22d95c,,,,
baeaaebab5b3198ecebe65ff3d0b1162b22e7c810c8c0c62bef8f744bed1ccdd,ChIJpYbWb8aY4jAR5PmlBlsxOoM,曼谷沙吞颐思殿酒店,trip,Trip.com,996730,1731143996,Superior Room,,,,,2,,rate_067fb37a322ef6acad,,,,,,,3160.95,,THB,未知,未知,2026-09-07,2026-09-08,https://us.trip.com/hotels/detail/?Allianceid=15214&Sid=1209572&allianceid=15214&sid=1209572&hotelid=996730&city=359&locale=en_us&checkin=2026-09-07&checkout=2026-09-08&ouid=&shoppingid=MqAYg9Qubyff&roomquantity=&minprice=99.44&mproom=1731143996&fgt=1&starlist=&rate=&amenty=&breakfast=&bookPolicy=&adult=2&children=0&ages=&curr=THB&prid=LANG_US&trip_sub1=21_09_2026_1_mapresults_996730_US_desktop_default___0_0-LANG_US-landing&br=99.44&tf=14.95&display=exavg&crn=1&mincurr=THB&stand=H4sIAAAAAAAA_-Ny52KSYBJi4mCUsuXYc2nPTjaL34IBHDMYf72yWcHIuIOR6SJj_6GvGjHyoQ4PGWNAzDsRDi8YtzV_YVzAwriQVWSd-8OqKWEOUjy-hY6R6ZaBpUmVaWkKjBozHj65wubBGMRmauFi6OgaJcPFHOLhJPij--akUMFT9lLMocEuik9EZE8-vS_lkMSamqcbGpzRItbFyOTBuIqRnYvZwMhIgOkTIz-yufHmhpOYGA0BevmZ1bYAAAA,"{""优惠标签"": """", ""入住人数"": """", ""其他权益"": """", ""原价"": """", ""取消政策"": """", ""币种"": ""THB"", ""库存提示"": """", ""当前价"": ""3160.95"", ""支付方式"": """", ""早餐"": """", ""确认政策"": """", ""税费"": """"}",T3,T3,待人工核验,否,价格计价单位未确认；税费包含状态未确认；尚未通过T4人工复核,f1ad2a15847675bbac00c469c7cd8e7918a45d45a595119fd01d6b070b012755,7b1a790e387cd3f8d7ba3826ae7e5c6ae76f6f07661d3c8038de83692d7e942a,20260906-092202-csv-fb22d95c,,,,
d88dcbed02e4e39a599531910387a9ee062d5dbef7627a780fca8f1ed4492e06,ChIJpYbWb8aY4jAR5PmlBlsxOoM,曼谷沙吞颐思殿酒店,trip,Trip.com,996730,1731143996,Superior Room,,,,,2,,rate_ebd0c0533dd0667cce,,,,,,,3426.47,,THB,未知,未知,2026-09-18,2026-09-19,https://us.trip.com/hotels/detail/?Allianceid=15214&Sid=1209572&allianceid=15214&sid=1209572&hotelid=996730&city=359&locale=en_us&checkin=2026-09-18&checkout=2026-09-19&ouid=&shoppingid=MqAYg9Qubyff&roomquantity=&minprice=99.44&mproom=1731143996&fgt=1&starlist=&rate=&amenty=&breakfast=&bookPolicy=&adult=2&children=0&ages=&curr=THB&prid=LANG_US&trip_sub1=21_09_2026_1_mapresults_996730_US_desktop_default___0_0-LANG_US-landing&br=99.44&tf=14.95&display=exavg&crn=1&mincurr=THB&stand=H4sIAAAAAAAA_-Ny52KSYBJi4mCUsuXYc2nPTjaL34IBHDMYf72yWcHIuIOR6SJj_6GvGjHyoQ4PGWNAzDsRDi8YtzV_YVzAwriQVWSd-8OqKWEOUjy-hY6R6ZaBpUmVaWkKjBozHj65wubBGMRmauFi6OgaJcPFHOLhJPij--akUMFT9lLMocEuik9EZE8-vS_lkMSamqcbGpzRItbFyOTBuIqRnYvZwMhIgOkTIz-yufHmhpOYGA0BevmZ1bYAAAA,"{""优惠标签"": """", ""入住人数"": """", ""其他权益"": """", ""原价"": """", ""取消政策"": """", ""币种"": ""THB"", ""库存提示"": """", ""当前价"": ""3426.47"", ""支付方式"": """", ""早餐"": """", ""确认政策"": """", ""税费"": """"}",T3,T3,待人工核验,否,价格计价单位未确认；税费包含状态未确认；尚未通过T4人工复核,f1ad2a15847675bbac00c469c7cd8e7918a45d45a595119fd01d6b070b012755,02dad253e980803ebb53596c0a50398ccefb61251156f117079281a1bc57299b,20260906-092202-csv-fb22d95c,,,,
a9a17ad8789d88159b482df64ef49a25f33d25710fdbfdecbc5e8c655d3be926,ChIJpYbWb8aY4jAR5PmlBlsxOoM,曼谷沙吞颐思殿酒店,trip,Trip.com,996730,3998134,Superior Room,double bed,r 2 single beds Has window(s) Non-smoking 344,,,,"Superior Room 23 /1 double bed or 2 single beds Has window(s) Non-smoking 344 ft² Floor: 15-20 Free Wi-Fi Air conditioning Private bathroom Room Details Your Choices Sleeps Today's Price Best price with breakfast and free cancellation Free upgrade to Superior Sky Room (1) + Early check-in from 12:00 (1) + Guaranteed late check-out until 14:00 (1) Includes 2 great breakfasts Free Cancellation before 11:59 PM, Sep 18 Instant confirmation Prepay online Early bird price Special Discount 46% off $199 $104 Total (incl. taxes & fees): $111 Reserve Best price with breakfast and free cancellation 15% Off Airport Transfers (1) + Free upgrade to Superior Sky Room (1) + Early check-in from 12:00 (1) + Guaranteed late check-out until 14:00 (1) Includes 2 great breakfasts Free Cancellation before 11:59 PM, Sep 18 Instant confirmation Prepay online Early bird price Special Discount 46% off $199 $104 Total (incl. taxes & fees): $111 Reserve Show 12 more room rate (from $107)",rate_848deb09856fdc6ee0,with breakfast,free cancellation,Instant confirmation,Prepay,,199,104,,USD,未知,未知,2026-09-21,2026-09-22,https://us.trip.com/hotels/detail/?Allianceid=15214&Sid=1209572&allianceid=15214&sid=1209572&hotelid=996730&city=359&locale=en_us&checkin=2026-09-21&checkout=2026-09-22&ouid=&shoppingid=MqAYg9Qubyff&roomquantity=&minprice=99.44&mproom=1731143996&fgt=1&starlist=&rate=&amenty=&breakfast=&bookPolicy=&adult=2&children=0&ages=&curr=USD&prid=LANG_US&trip_sub1=21_09_2026_1_mapresults_996730_US_desktop_default___0_0-LANG_US-landing&br=99.44&tf=14.95&display=exavg&crn=1&mincurr=USD&stand=H4sIAAAAAAAA_-Ny52KSYBJi4mCUsuXYc2nPTjaL34IBHDMYf72yWcHIuIOR6SJj_6GvGjHyoQ4PGWNAzDsRDi8YtzV_YVzAwriQVWSd-8OqKWEOUjy-hY6R6ZaBpUmVaWkKjBozHj65wubBGMRmauFi6OgaJcPFHOLhJPij--akUMFT9lLMocEuik9EZE8-vS_lkMSamqcbGpzRItbFyOTBuIqRnYvZwMhIgOkTIz-yufHmhpOYGA0BevmZ1bYAAAA,"{""优惠标签"": ""line Early bird price Special Discount 46% off $199 $104 Total (incl. taxes & fees): $11"", ""入住人数"": """", ""其他权益"": """", ""原价"": ""199"", ""取消政策"": ""free cancellation"", ""币种"": ""USD"", ""库存提示"": """", ""当前价"": ""104"", ""支付方式"": ""Prepay"", ""早餐"": ""with breakfast"", ""确认政策"": ""Instant confirmation"", ""税费"": """"}",T3,T3,待人工核验,否,价格计价单位未确认；税费包含状态未确认；尚未通过T4人工复核,6b0d84c4d82e286ec6c5d0e144f29301a02c10f85650c5f9ec7015f41779c292,e3e0a9b4cd22a708ffc17a30ee461c226adb496b3c3ecf262112de555e040521,20260906-092202-csv-fb22d95c,,,,
754320131ed2e25860955974351e0333fd6544a76d5c9fe25b2c300b881850d2,ChIJpYbWb8aY4jAR5PmlBlsxOoM,曼谷沙吞颐思殿酒店,trip,Trip.com,996730,3998134,Superior Room,double bed,r 2 single beds Has window(s) Non-smoking 344,,,,"Superior Room 23 /1 double bed or 2 single beds Has window(s) Non-smoking 344 ft² Floor: 15-20 Free Wi-Fi Air conditioning Private bathroom Room Details Your Choices Sleeps Today's Price Best price with breakfast and free cancellation Free upgrade to Superior Sky Room (1) + Early check-in from 12:00 (1) + Guaranteed late check-out until 14:00 (1) Includes 2 great breakfasts Free Cancellation before 11:59 PM, Sep 18 Instant confirmation Prepay online Early bird price Special Discount 46% off $199 $104 Total (incl. taxes & fees): $111 Reserve Best price with breakfast and free cancellation 15% Off Airport Transfers (1) + Free upgrade to Superior Sky Room (1) + Early check-in from 12:00 (1) + Guaranteed late check-out until 14:00 (1) Includes 2 great breakfasts Free Cancellation before 11:59 PM, Sep 18 Instant confirmation Prepay online Early bird price Special Discount 46% off $199 $104 Total (incl. taxes & fees): $111 Reserve Show 12 more room rate (from $107)",rate_9cf184bce8fb0da9ad,with breakfast,free cancellation,Instant confirmation,Prepay,,199,104,,USD,未知,未知,2026-09-21,2026-09-22,https://us.trip.com/hotels/detail/?Allianceid=15214&Sid=1209572&allianceid=15214&sid=1209572&hotelid=996730&city=359&locale=en_us&checkin=2026-09-21&checkout=2026-09-22&ouid=&shoppingid=MqAYg9Qubyff&roomquantity=&minprice=99.44&mproom=1731143996&fgt=1&starlist=&rate=&amenty=&breakfast=&bookPolicy=&adult=2&children=0&ages=&curr=USD&prid=LANG_US&trip_sub1=21_09_2026_1_mapresults_996730_US_desktop_default___0_0-LANG_US-landing&br=99.44&tf=14.95&display=exavg&crn=1&mincurr=USD&stand=H4sIAAAAAAAA_-Ny52KSYBJi4mCUsuXYc2nPTjaL34IBHDMYf72yWcHIuIOR6SJj_6GvGjHyoQ4PGWNAzDsRDi8YtzV_YVzAwriQVWSd-8OqKWEOUjy-hY6R6ZaBpUmVaWkKjBozHj65wubBGMRmauFi6OgaJcPFHOLhJPij--akUMFT9lLMocEuik9EZE8-vS_lkMSamqcbGpzRItbFyOTBuIqRnYvZwMhIgOkTIz-yufHmhpOYGA0BevmZ1bYAAAA,"{""优惠标签"": ""line Early bird price Special Discount 46% off $199 $104 Total (incl. taxes & fees): $11"", ""入住人数"": """", ""其他权益"": """", ""原价"": ""199"", ""取消政策"": ""free cancellation"", ""币种"": ""USD"", ""库存提示"": """", ""当前价"": ""104"", ""支付方式"": ""Prepay"", ""早餐"": ""with breakfast"", ""确认政策"": ""Instant confirmation"", ""税费"": """"}",T3,T3,待人工核验,否,价格计价单位未确认；税费包含状态未确认；尚未通过T4人工复核,6b0d84c4d82e286ec6c5d0e144f29301a02c10f85650c5f9ec7015f41779c292,65394a997a1b5812325183bfb4e7b5440c110e4510d505bde4f16289a1826aec,20260906-092202-csv-fb22d95c,,,,
20313ceca346faac6cde1d1d8da056ee4c6fcfcec5f943e7e46ea7a4b2a40950,ChIJpYbWb8aY4jAR5PmlBlsxOoM,曼谷沙吞颐思殿酒店,trip,Trip.com,996730,3998135,Superior Sky Room,double bed,r 2 single beds Has window(s) Non-smoking 344,,,,"Superior Sky Room 22 /1 double bed or 2 single beds Has window(s) Non-smoking 344 ft² Floor: 21-27 Free Wi-Fi Air conditioning Private bathroom Room Details Your Choices Sleeps Today's Price Free upgrade to Superior Sky Mahanakhon (1) + Early check-in from 12:00 (1) + Guaranteed late check-out until 14:00 (1) Great breakfast for $26.31 (optional) Free Cancellation before 11:59 PM, Sep 7 Instant confirmation Prepay online Special Discount 40% off $203 $119 Total (incl. taxes & fees): $126 Reserve 15% Off Airport Transfers (1) + Free upgrade to Superior Sky Mahanakhon (1) + Early check-in from 12:00 (1) + Guaranteed late check-out until 14:00 (1) Great breakfast for $26.31 (optional) Free Cancellation before 11:59 PM, Sep 7 Instant confirmation Prepay online Special Discount 40% off $203 $119 Total (incl. taxes & fees): $126 Reserve Show 12 more room rate (from $122)",rate_220212be810fbc73f6,,Free Cancellation,Instant confirmation,Prepay,,203,119,,USD,未知,未知,2026-09-21,2026-09-22,https://us.trip.com/hotels/detail/?Allianceid=15214&Sid=1209572&allianceid=15214&sid=1209572&hotelid=996730&city=359&locale=en_us&checkin=2026-09-21&checkout=2026-09-22&ouid=&shoppingid=MqAYg9Qubyff&roomquantity=&minprice=99.44&mproom=1731143996&fgt=1&starlist=&rate=&amenty=&breakfast=&bookPolicy=&adult=2&children=0&ages=&curr=USD&prid=LANG_US&trip_sub1=21_09_2026_1_mapresults_996730_US_desktop_default___0_0-LANG_US-landing&br=99.44&tf=14.95&display=exavg&crn=1&mincurr=USD&stand=H4sIAAAAAAAA_-Ny52KSYBJi4mCUsuXYc2nPTjaL34IBHDMYf72yWcHIuIOR6SJj_6GvGjHyoQ4PGWNAzDsRDi8YtzV_YVzAwriQVWSd-8OqKWEOUjy-hY6R6ZaBpUmVaWkKjBozHj65wubBGMRmauFi6OgaJcPFHOLhJPij--akUMFT9lLMocEuik9EZE8-vS_lkMSamqcbGpzRItbFyOTBuIqRnYvZwMhIgOkTIz-yufHmhpOYGA0BevmZ1bYAAAA,"{""优惠标签"": ""rmation Prepay online Special Discount 40% off $203 $119 Total (incl. taxes & fees): $12"", ""入住人数"": """", ""其他权益"": """", ""原价"": ""203"", ""取消政策"": ""Free Cancellation"", ""币种"": ""USD"", ""库存提示"": """", ""当前价"": ""119"", ""支付方式"": ""Prepay"", ""早餐"": """", ""确认政策"": ""Instant confirmation"", ""税费"": """"}",T3,T3,待人工核验,否,价格计价单位未确认；税费包含状态未确认；尚未通过T4人工复核,773a5df4b09da4030a939f28fb836c18d22764833a4e5a188f94e1392bce8a9c,e0733393b77709fb6576519cea10f9663e642a31c5cb70c805b34f94d4dd1eb7,20260906-092202-csv-fb22d95c,,,,
15b45daed3b8e23be7771ec83d7674eb98767db8b482c7ad942a8a5af04dc3d9,ChIJpYbWb8aY4jAR5PmlBlsxOoM,曼谷沙吞颐思殿酒店,trip,Trip.com,996730,3998135,Superior Sky Room,double bed,r 2 single beds Has window(s) Non-smoking 344,,,,"Superior Sky Room 22 /1 double bed or 2 single beds Has window(s) Non-smoking 344 ft² Floor: 21-27 Free Wi-Fi Air conditioning Private bathroom Room Details Your Choices Sleeps Today's Price Free upgrade to Superior Sky Mahanakhon (1) + Early check-in from 12:00 (1) + Guaranteed late check-out until 14:00 (1) Great breakfast for $26.31 (optional) Free Cancellation before 11:59 PM, Sep 7 Instant confirmation Prepay online Special Discount 40% off $203 $119 Total (incl. taxes & fees): $126 Reserve 15% Off Airport Transfers (1) + Free upgrade to Superior Sky Mahanakhon (1) + Early check-in from 12:00 (1) + Guaranteed late check-out until 14:00 (1) Great breakfast for $26.31 (optional) Free Cancellation before 11:59 PM, Sep 7 Instant confirmation Prepay online Special Discount 40% off $203 $119 Total (incl. taxes & fees): $126 Reserve Show 12 more room rate (from $122)",rate_8760189bf1fde6c5d4,,Free Cancellation,Instant confirmation,Prepay,,203,119,,USD,未知,未知,2026-09-21,2026-09-22,https://us.trip.com/hotels/detail/?Allianceid=15214&Sid=1209572&allianceid=15214&sid=1209572&hotelid=996730&city=359&locale=en_us&checkin=2026-09-21&checkout=2026-09-22&ouid=&shoppingid=MqAYg9Qubyff&roomquantity=&minprice=99.44&mproom=1731143996&fgt=1&starlist=&rate=&amenty=&breakfast=&bookPolicy=&adult=2&children=0&ages=&curr=USD&prid=LANG_US&trip_sub1=21_09_2026_1_mapresults_996730_US_desktop_default___0_0-LANG_US-landing&br=99.44&tf=14.95&display=exavg&crn=1&mincurr=USD&stand=H4sIAAAAAAAA_-Ny52KSYBJi4mCUsuXYc2nPTjaL34IBHDMYf72yWcHIuIOR6SJj_6GvGjHyoQ4PGWNAzDsRDi8YtzV_YVzAwriQVWSd-8OqKWEOUjy-hY6R6ZaBpUmVaWkKjBozHj65wubBGMRmauFi6OgaJcPFHOLhJPij--akUMFT9lLMocEuik9EZE8-vS_lkMSamqcbGpzRItbFyOTBuIqRnYvZwMhIgOkTIz-yufHmhpOYGA0BevmZ1bYAAAA,"{""优惠标签"": ""rmation Prepay online Special Discount 40% off $203 $119 Total (incl. taxes & fees): $12"", ""入住人数"": """", ""其他权益"": """", ""原价"": ""203"", ""取消政策"": ""Free Cancellation"", ""币种"": ""USD"", ""库存提示"": """", ""当前价"": ""119"", ""支付方式"": ""Prepay"", ""早餐"": """", ""确认政策"": ""Instant confirmation"", ""税费"": """"}",T3,T3,待人工核验,否,价格计价单位未确认；税费包含状态未确认；尚未通过T4人工复核,773a5df4b09da4030a939f28fb836c18d22764833a4e5a188f94e1392bce8a9c,0fdb706d5132dd1b60a2098eb2753c6ae06223dd2c147d99a379b49c0bdde3a4,20260906-092202-csv-fb22d95c,,,,
eef2e827ecf2751637a97b1bb4a6cbfaab85c233e1203cd6552bd5cc898c4fef,ChIJpYbWb8aY4jAR5PmlBlsxOoM,曼谷沙吞颐思殿酒店,trip,Trip.com,996730,487081216,Superior Sky Triple Room,single bed,0 3 single beds Has window(s) Non-smoking 344,,,,"Superior Sky Triple Room 10 3 single beds Has window(s) Non-smoking 344 ft² Floor: 21-27 Free Wi-Fi Air conditioning Room Details Your Choices Sleeps Today's Price Includes 3 great breakfasts Free Cancellation before 11:59 PM, Sep 18 Instant confirmation Prepay online Early bird price Special Discount 42% off $265 $150 Total (incl. taxes & fees): $160 Our last 4! Reserve 15% Off Airport Transfers (1) Includes 3 great breakfasts Free Cancellation before 11:59 PM, Sep 18 Instant confirmation Prepay online Early bird price Special Discount 42% off $265 $150 Total (incl. taxes & fees): $160 Our last 4! Reserve Show 7 more room rate (from $152)",rate_19b2449eb33b562737,,Free Cancellation,Instant confirmation,Prepay,,265,150,,USD,未知,未知,2026-09-21,2026-09-22,https://us.trip.com/hotels/detail/?Allianceid=15214&Sid=1209572&allianceid=15214&sid=1209572&hotelid=996730&city=359&locale=en_us&checkin=2026-09-21&checkout=2026-09-22&ouid=&shoppingid=MqAYg9Qubyff&roomquantity=&minprice=99.44&mproom=1731143996&fgt=1&starlist=&rate=&amenty=&breakfast=&bookPolicy=&adult=2&children=0&ages=&curr=USD&prid=LANG_US&trip_sub1=21_09_2026_1_mapresults_996730_US_desktop_default___0_0-LANG_US-landing&br=99.44&tf=14.95&display=exavg&crn=1&mincurr=USD&stand=H4sIAAAAAAAA_-Ny52KSYBJi4mCUsuXYc2nPTjaL34IBHDMYf72yWcHIuIOR6SJj_6GvGjHyoQ4PGWNAzDsRDi8YtzV_YVzAwriQVWSd-8OqKWEOUjy-hY6R6ZaBpUmVaWkKjBozHj65wubBGMRmauFi6OgaJcPFHOLhJPij--akUMFT9lLMocEuik9EZE8-vS_lkMSamqcbGpzRItbFyOTBuIqRnYvZwMhIgOkTIz-yufHmhpOYGA0BevmZ1bYAAAA,"{""优惠标签"": ""line Early bird price Special Discount 42% off $265 $150 Total (incl. taxes & fees): $16"", ""入住人数"": """", ""其他权益"": """", ""原价"": ""265"", ""取消政策"": ""Free Cancellation"", ""币种"": ""USD"", ""库存提示"": """", ""当前价"": ""150"", ""支付方式"": ""Prepay"", ""早餐"": """", ""确认政策"": ""Instant confirmation"", ""税费"": """"}",T3,T3,待人工核验,否,价格计价单位未确认；税费包含状态未确认；尚未通过T4人工复核,508ab51036749c33a353e65162db8f22d2c0018cb1d356908d0869df24c507af,5c253fc3554270f59d8b611f182f698e8f2b16b12cb9b2a74c95fa395439bb05,20260906-092202-csv-fb22d95c,,,,
1b49093ed03ca9f3df2ce33f3042d0fab417fade24b81b017c74c75ab1876955,ChIJpYbWb8aY4jAR5PmlBlsxOoM,曼谷沙吞颐思殿酒店,trip,Trip.com,996730,487081216,Superior Sky Triple Room,single bed,0 3 single beds Has window(s) Non-smoking 344,,,,"Superior Sky Triple Room 10 3 single beds Has window(s) Non-smoking 344 ft² Floor: 21-27 Free Wi-Fi Air conditioning Room Details Your Choices Sleeps Today's Price Includes 3 great breakfasts Free Cancellation before 11:59 PM, Sep 18 Instant confirmation Prepay online Early bird price Special Discount 42% off $265 $150 Total (incl. taxes & fees): $160 Our last 4! Reserve 15% Off Airport Transfers (1) Includes 3 great breakfasts Free Cancellation before 11:59 PM, Sep 18 Instant confirmation Prepay online Early bird price Special Discount 42% off $265 $150 Total (incl. taxes & fees): $160 Our last 4! Reserve Show 7 more room rate (from $152)",rate_b2cae708aff4ccd3a0,,Free Cancellation,Instant confirmation,Prepay,,265,150,,USD,未知,未知,2026-09-21,2026-09-22,https://us.trip.com/hotels/detail/?Allianceid=15214&Sid=1209572&allianceid=15214&sid=1209572&hotelid=996730&city=359&locale=en_us&checkin=2026-09-21&checkout=2026-09-22&ouid=&shoppingid=MqAYg9Qubyff&roomquantity=&minprice=99.44&mproom=1731143996&fgt=1&starlist=&rate=&amenty=&breakfast=&bookPolicy=&adult=2&children=0&ages=&curr=USD&prid=LANG_US&trip_sub1=21_09_2026_1_mapresults_996730_US_desktop_default___0_0-LANG_US-landing&br=99.44&tf=14.95&display=exavg&crn=1&mincurr=USD&stand=H4sIAAAAAAAA_-Ny52KSYBJi4mCUsuXYc2nPTjaL34IBHDMYf72yWcHIuIOR6SJj_6GvGjHyoQ4PGWNAzDsRDi8YtzV_YVzAwriQVWSd-8OqKWEOUjy-hY6R6ZaBpUmVaWkKjBozHj65wubBGMRmauFi6OgaJcPFHOLhJPij--akUMFT9lLMocEuik9EZE8-vS_lkMSamqcbGpzRItbFyOTBuIqRnYvZwMhIgOkTIz-yufHmhpOYGA0BevmZ1bYAAAA,"{""优惠标签"": ""line Early bird price Special Discount 42% off $265 $150 Total (incl. taxes & fees): $16"", ""入住人数"": """", ""其他权益"": """", ""原价"": ""265"", ""取消政策"": ""Free Cancellation"", ""币种"": ""USD"", ""库存提示"": """", ""当前价"": ""150"", ""支付方式"": ""Prepay"", ""早餐"": """", ""确认政策"": ""Instant confirmation"", ""税费"": """"}",T3,T3,待人工核验,否,价格计价单位未确认；税费包含状态未确认；尚未通过T4人工复核,508ab51036749c33a353e65162db8f22d2c0018cb1d356908d0869df24c507af,1c0ebc8c0464cc55fe8ad430b21efb2cda3d72a3fd490cb088408d880cdcc258,20260906-092202-csv-fb22d95c,,,,
606b30a609c1822dc0c7a66e109d68800f57607fab9e01ced63d5f91287959a5,ChIJpYbWb8aY4jAR5PmlBlsxOoM,曼谷沙吞颐思殿酒店,trip,Trip.com,996730,487086378,Superior Sky Mahanakhon Room,double bed,,,,,"Superior Sky Mahanakhon Room 12 1 double bed City view Non-smoking 344 ft² Floor: 21-27 Free Wi-Fi Air conditioning Room Details Your Choices Sleeps Today's Price Great breakfast for $26.31 (optional) Free Cancellation before 11:59 PM, Sep 7 Instant confirmation Prepay online Special Discount 40% off $212 $124 Total (incl. taxes & fees): $132 Reserve 15% Off Airport Transfers (1) Great breakfast for $26.31 (optional) Free Cancellation before 11:59 PM, Sep 7 Instant confirmation Prepay online Special Discount 40% off $212 $124 Total (incl. taxes & fees): $132 Reserve Show 12 more room rate (from $128)",rate_329288f64caa4b7159,,Free Cancellation,Instant confirmation,Prepay,,212,124,,USD,未知,未知,2026-09-21,2026-09-22,https://us.trip.com/hotels/detail/?Allianceid=15214&Sid=1209572&allianceid=15214&sid=1209572&hotelid=996730&city=359&locale=en_us&checkin=2026-09-21&checkout=2026-09-22&ouid=&shoppingid=MqAYg9Qubyff&roomquantity=&minprice=99.44&mproom=1731143996&fgt=1&starlist=&rate=&amenty=&breakfast=&bookPolicy=&adult=2&children=0&ages=&curr=USD&prid=LANG_US&trip_sub1=21_09_2026_1_mapresults_996730_US_desktop_default___0_0-LANG_US-landing&br=99.44&tf=14.95&display=exavg&crn=1&mincurr=USD&stand=H4sIAAAAAAAA_-Ny52KSYBJi4mCUsuXYc2nPTjaL34IBHDMYf72yWcHIuIOR6SJj_6GvGjHyoQ4PGWNAzDsRDi8YtzV_YVzAwriQVWSd-8OqKWEOUjy-hY6R6ZaBpUmVaWkKjBozHj65wubBGMRmauFi6OgaJcPFHOLhJPij--akUMFT9lLMocEuik9EZE8-vS_lkMSamqcbGpzRItbFyOTBuIqRnYvZwMhIgOkTIz-yufHmhpOYGA0BevmZ1bYAAAA,"{""优惠标签"": ""rmation Prepay online Special Discount 40% off $212 $124 Total (incl. taxes & fees): $13"", ""入住人数"": """", ""其他权益"": """", ""原价"": ""212"", ""取消政策"": ""Free Cancellation"", ""币种"": ""USD"", ""库存提示"": """", ""当前价"": ""124"", ""支付方式"": ""Prepay"", ""早餐"": """", ""确认政策"": ""Instant confirmation"", ""税费"": """"}",T3,T3,待人工核验,否,价格计价单位未确认；税费包含状态未确认；尚未通过T4人工复核,ff8080b6539d6de43c51a30f75fe459b18b96bc7ff684944cdea2ff5f1b4377a,65829914c347cb5f658651599fbd489604853d447392b22f82709f3691b2bed3,20260906-092202-csv-fb22d95c,,,,
11c2fb20a78e34534b1875feea868d1b2aeb8889cfc04ac3cad2c30bba3bf58d,ChIJpYbWb8aY4jAR5PmlBlsxOoM,曼谷沙吞颐思殿酒店,trip,Trip.com,996730,487086378,Superior Sky Mahanakhon Room,double bed,,,,,"Superior Sky Mahanakhon Room 12 1 double bed City view Non-smoking 344 ft² Floor: 21-27 Free Wi-Fi Air conditioning Room Details Your Choices Sleeps Today's Price Great breakfast for $26.31 (optional) Free Cancellation before 11:59 PM, Sep 7 Instant confirmation Prepay online Special Discount 40% off $212 $124 Total (incl. taxes & fees): $132 Reserve 15% Off Airport Transfers (1) Great breakfast for $26.31 (optional) Free Cancellation before 11:59 PM, Sep 7 Instant confirmation Prepay online Special Discount 40% off $212 $124 Total (incl. taxes & fees): $132 Reserve Show 12 more room rate (from $128)",rate_74efa1869646f73356,,Free Cancellation,Instant confirmation,Prepay,,212,124,,USD,未知,未知,2026-09-21,2026-09-22,https://us.trip.com/hotels/detail/?Allianceid=15214&Sid=1209572&allianceid=15214&sid=1209572&hotelid=996730&city=359&locale=en_us&checkin=2026-09-21&checkout=2026-09-22&ouid=&shoppingid=MqAYg9Qubyff&roomquantity=&minprice=99.44&mproom=1731143996&fgt=1&starlist=&rate=&amenty=&breakfast=&bookPolicy=&adult=2&children=0&ages=&curr=USD&prid=LANG_US&trip_sub1=21_09_2026_1_mapresults_996730_US_desktop_default___0_0-LANG_US-landing&br=99.44&tf=14.95&display=exavg&crn=1&mincurr=USD&stand=H4sIAAAAAAAA_-Ny52KSYBJi4mCUsuXYc2nPTjaL34IBHDMYf72yWcHIuIOR6SJj_6GvGjHyoQ4PGWNAzDsRDi8YtzV_YVzAwriQVWSd-8OqKWEOUjy-hY6R6ZaBpUmVaWkKjBozHj65wubBGMRmauFi6OgaJcPFHOLhJPij--akUMFT9lLMocEuik9EZE8-vS_lkMSamqcbGpzRItbFyOTBuIqRnYvZwMhIgOkTIz-yufHmhpOYGA0BevmZ1bYAAAA,"{""优惠标签"": ""rmation Prepay online Special Discount 40% off $212 $124 Total (incl. taxes & fees): $13"", ""入住人数"": """", ""其他权益"": """", ""原价"": ""212"", ""取消政策"": ""Free Cancellation"", ""币种"": ""USD"", ""库存提示"": """", ""当前价"": ""124"", ""支付方式"": ""Prepay"", ""早餐"": """", ""确认政策"": ""Instant confirmation"", ""税费"": """"}",T3,T3,待人工核验,否,价格计价单位未确认；税费包含状态未确认；尚未通过T4人工复核,ff8080b6539d6de43c51a30f75fe459b18b96bc7ff684944cdea2ff5f1b4377a,5b7ac09b9b472f7ed70c06a5000c4811da5cc2feb65adb7a9e7c46238a318e38,20260906-092202-csv-fb22d95c,,,,
86518adf7fc7436108a078f86001c05beaf0d0029fe4810445af11e4fdaf9741,ChIJpYbWb8aY4jAR5PmlBlsxOoM,曼谷沙吞颐思殿酒店,trip,Trip.com,996730,487183197,Executive Superior Sky Mahanakhon With Lounge Access,double bed,,,,,"Executive Superior Sky Mahanakhon With Lounge Access 13 1 double bed City view Non-smoking 344 ft² Floor: 30-32 Free Wi-Fi Air conditioning Room Details Your Choices Sleeps Today's Price Lounge access (1) Includes 2 great breakfasts Free Cancellation before 11:59 PM, Sep 18 Instant confirmation Prepay online Early bird price Special Discount 40% off $296 $173 Total (incl. taxes & fees): $184 Reserve 15% Off Airport Transfers (1) + Lounge access (1) Includes 2 great breakfasts Free Cancellation before 11:59 PM, Sep 18 Instant confirmation Prepay online Early bird price Special Discount 40% off $296 $173 Total (incl. taxes & fees): $184 Reserve Show 7 more room rate (from $177)",rate_adf2e2b821e22d6638,,Free Cancellation,Instant confirmation,Prepay,,296,173,,USD,未知,未知,2026-09-21,2026-09-22,https://us.trip.com/hotels/detail/?Allianceid=15214&Sid=1209572&allianceid=15214&sid=1209572&hotelid=996730&city=359&locale=en_us&checkin=2026-09-21&checkout=2026-09-22&ouid=&shoppingid=MqAYg9Qubyff&roomquantity=&minprice=99.44&mproom=1731143996&fgt=1&starlist=&rate=&amenty=&breakfast=&bookPolicy=&adult=2&children=0&ages=&curr=USD&prid=LANG_US&trip_sub1=21_09_2026_1_mapresults_996730_US_desktop_default___0_0-LANG_US-landing&br=99.44&tf=14.95&display=exavg&crn=1&mincurr=USD&stand=H4sIAAAAAAAA_-Ny52KSYBJi4mCUsuXYc2nPTjaL34IBHDMYf72yWcHIuIOR6SJj_6GvGjHyoQ4PGWNAzDsRDi8YtzV_YVzAwriQVWSd-8OqKWEOUjy-hY6R6ZaBpUmVaWkKjBozHj65wubBGMRmauFi6OgaJcPFHOLhJPij--akUMFT9lLMocEuik9EZE8-vS_lkMSamqcbGpzRItbFyOTBuIqRnYvZwMhIgOkTIz-yufHmhpOYGA0BevmZ1bYAAAA,"{""优惠标签"": ""line Early bird price Special Discount 40% off $296 $173 Total (incl. taxes & fees): $18"", ""入住人数"": """", ""其他权益"": """", ""原价"": ""296"", ""取消政策"": ""Free Cancellation"", ""币种"": ""USD"", ""库存提示"": """", ""当前价"": ""173"", ""支付方式"": ""Prepay"", ""早餐"": """", ""确认政策"": ""Instant confirmation"", ""税费"": """"}",T3,T3,待人工核验,否,价格计价单位未确认；税费包含状态未确认；尚未通过T4人工复核,466cf1781168d1e87ec3aa9b86b8d399d8119ecbcb82b8227f9a88f3b59c625d,16451a4c2f52da987d8d0f7c71a59af103da1e9836e463d9f172393a6007ec5b,20260906-092202-csv-fb22d95c,,,,
ba5a44e76f22c73e21e24d3cfd2187002dbeb67ecde85abf2ab07b4e5601a2c7,ChIJpYbWb8aY4jAR5PmlBlsxOoM,曼谷沙吞颐思殿酒店,trip,Trip.com,996730,487183197,Executive Superior Sky Mahanakhon With Lounge Access,double bed,,,,,"Executive Superior Sky Mahanakhon With Lounge Access 13 1 double bed City view Non-smoking 344 ft² Floor: 30-32 Free Wi-Fi Air conditioning Room Details Your Choices Sleeps Today's Price Lounge access (1) Includes 2 great breakfasts Free Cancellation before 11:59 PM, Sep 18 Instant confirmation Prepay online Early bird price Special Discount 40% off $296 $173 Total (incl. taxes & fees): $184 Reserve 15% Off Airport Transfers (1) + Lounge access (1) Includes 2 great breakfasts Free Cancellation before 11:59 PM, Sep 18 Instant confirmation Prepay online Early bird price Special Discount 40% off $296 $173 Total (incl. taxes & fees): $184 Reserve Show 7 more room rate (from $177)",rate_ff84a7de61df0782e7,,Free Cancellation,Instant confirmation,Prepay,,296,173,,USD,未知,未知,2026-09-21,2026-09-22,https://us.trip.com/hotels/detail/?Allianceid=15214&Sid=1209572&allianceid=15214&sid=1209572&hotelid=996730&city=359&locale=en_us&checkin=2026-09-21&checkout=2026-09-22&ouid=&shoppingid=MqAYg9Qubyff&roomquantity=&minprice=99.44&mproom=1731143996&fgt=1&starlist=&rate=&amenty=&breakfast=&bookPolicy=&adult=2&children=0&ages=&curr=USD&prid=LANG_US&trip_sub1=21_09_2026_1_mapresults_996730_US_desktop_default___0_0-LANG_US-landing&br=99.44&tf=14.95&display=exavg&crn=1&mincurr=USD&stand=H4sIAAAAAAAA_-Ny52KSYBJi4mCUsuXYc2nPTjaL34IBHDMYf72yWcHIuIOR6SJj_6GvGjHyoQ4PGWNAzDsRDi8YtzV_YVzAwriQVWSd-8OqKWEOUjy-hY6R6ZaBpUmVaWkKjBozHj65wubBGMRmauFi6OgaJcPFHOLhJPij--akUMFT9lLMocEuik9EZE8-vS_lkMSamqcbGpzRItbFyOTBuIqRnYvZwMhIgOkTIz-yufHmhpOYGA0BevmZ1bYAAAA,"{""优惠标签"": ""line Early bird price Special Discount 40% off $296 $173 Total (incl. taxes & fees): $18"", ""入住人数"": """", ""其他权益"": """", ""原价"": ""296"", ""取消政策"": ""Free Cancellation"", ""币种"": ""USD"", ""库存提示"": """", ""当前价"": ""173"", ""支付方式"": ""Prepay"", ""早餐"": """", ""确认政策"": ""Instant confirmation"", ""税费"": """"}",T3,T3,待人工核验,否,价格计价单位未确认；税费包含状态未确认；尚未通过T4人工复核,466cf1781168d1e87ec3aa9b86b8d399d8119ecbcb82b8227f9a88f3b59c625d,a6ad3afd17ae2aa5f6924c7efbb64aca5a7804199d08f867e6e685e0e260a0ab,20260906-092202-csv-fb22d95c,,,,
d0d3019033da9437fa5fdbfe3e1876ed745ed461a94093a3bee41cc059d68565,ChIJpYbWb8aY4jAR5PmlBlsxOoM,曼谷沙吞颐思殿酒店,vio,Vio.com,1684129,1UR3oV4uTPA,Superior Room,,,,,3,,,,,,,,,,,USD,未知,未知,2026-09-21,2026-09-22,https://www.vio.com/Hotel/1684129/en?currency=USD&forceCurrencyChange=1&lang=en&forceLanguageChange=1&rooms=2%3A&utm_source=gha&utm_medium=cpc&userCountry=US&profile=r2d2m73kn8&preferredRate=99.45&deviceType=desktop&label=src%3Dgha&cltype=hotel&datype=default&gsite=mapresults&vf=0&ucountry=US&udevice=desktop&hotel=1684129&day=21&month=09&year=2026&los=1&price=99.45&cid=&listid=&rateid=US_D&closerateid=&promo=0&isPrivateRate=0&isAudienceUser=0&isPaidClick=0&cp=QnFeIX8UUxEeMj1VChcIgUIQiAcY0AQiA1VTRCiP-vnUBlIBMhIaFekGroUaC21PZzNoZ29aMF9rKAIwgdbk1AY&srpSearchId=5160c569-51b2-4c56-846c-4c1bb0d594f3&srpSearchFlow=regular&isAnchor=1&anonymousId=2c81ab33-c9aa-4474-b9c5-33a87affea53&checkIn=2026-09-21&checkOut=2026-09-22,,T2,,待人工核验,否,未取得售卖方案或尚未通过T4人工复核,88ff8c071ba6c8f6521a2fb30196b617e92a85f6509868159197eca85dfddc1e,,20260906-092202-csv-fb22d95c,,,,
