交通类型代码,交通类型中文,route_id,agency_id,route_short_name,route_long_name,route_desc,route_type,route_color,route_long_name_泰文,route_long_name_英文,中文展示名,中文名状态,中文名依据URL
3,公交车,179,BTK,BRT,รถโดยสารประจำทางด่วนพิเศษ;Bus Rapid Transit,รถโดยสารประจำทางด่วนพิเศษ รถโดยสารประจำทางด่วนพิเศษ;Bus Rapid Transit Bus Rapid Transit,3,009900,รถโดยสารประจำทางด่วนพิเศษ,Bus Rapid Transit,,未提供中文；保留泰文/英文原名,
3,公交车,258,BMTA,3-12E (102),แพรกษาบ่อดิน - เซ็นทรัลพระราม 3 (ทางด่วน);Praeksa Bodin - Central RAMA 3 (expressway),รถโดยสารประจำทาง ขสมก รถปรับอากาศ มาตรฐาน 2 ยูโรทู/เทียบเท่า;Bangkok Mass Transit Authority Air Condition Stadard 2 EURO II,3,fe9a2e,แพรกษาบ่อดิน - เซ็นทรัลพระราม 3 (ทางด่วน),Praeksa Bodin - Central RAMA 3 (expressway),,未提供中文；保留泰文/英文原名,
3,公交车,264,BMTA,1-12E (107),บางเขน - คลองเตย (ทางด่วน);Bangkhen - Klong Toey (Expressway),รถโดยสารประจำทาง ขสมก รถธรรมดา มาตรฐาน 3;Bangkok Mass Transit Authority Ordinary Standard 3,3,ff0000,บางเขน - คลองเตย (ทางด่วน),Bangkhen - Klong Toey (Expressway),,未提供中文；保留泰文/英文原名,
3,公交车,272,BMTA,4-20 (111),วงกลมเจริญนคร - ตลาดพลู;Circle Charoen Nakhon - Talad Phlu,รถโดยสารประจำทาง ขสมก รถธรรมดา มาตรฐาน 3;Bangkok Mass Transit Authority Ordinary Standard 3,3,ff0000,วงกลมเจริญนคร - ตลาดพลู,Circle Charoen Nakhon - Talad Phlu,,未提供中文；保留泰文/英文原名,
3,公交车,275,BMTA,1-21 (114),รังสิต - นครอินทร์; Rangsit -  Nakhon In,รถโดยสารประจำทาง ขสมก รถปรับอากาศ มาตรฐาน 2 ยูโรทู/เทียบเท่า;Bangkok Mass Transit Authority Air Condition Stadard 2 EURO II,3,fe9a2e,รังสิต - นครอินทร์,Rangsit -  Nakhon In,,未提供中文；保留泰文/英文原名,
3,公交车,288,TSB,1-13 (126),ศูนย์ราชการฯ แจ้งวัฒนะ - คลองตัน; Government Complex - Klong Tun,รถโดยสาร TSB รถปรับอากาศ;Bus TSB Air Condition,3,063970,ศูนย์ราชการฯ แจ้งวัฒนะ - คลองตัน,Government Complex - Klong Tun,,未提供中文；保留泰文/英文原名,
3,公交车,291,BMTA,1-14E,บางเขน - สำโรง (ทางด่วน);Samrong - Bangkhen,รถโดยสารประจำทาง ขสมก รถปรับอากาศ มาตรฐาน 2 ยูโรทู/เทียบเท่า;Bangkok Mass Transit Authority Air Condition Stadard 2 EURO II,3,fe9a2e,บางเขน - สำโรง (ทางด่วน),Samrong - Bangkhen,,未提供中文；保留泰文/英文原名,
3,公交车,292,BMTA,1-14E,บางเขน - สำโรง (ทางด่วน);Samrong - Bangkhen,รถโดยสารประจำทาง ขสมก รถธรรมดา มาตรฐาน 3;Bangkok Mass Transit Authority Ordinary Standard 3,3,ff0000,บางเขน - สำโรง (ทางด่วน),Samrong - Bangkhen,,未提供中文；保留泰文/英文原名,
3,公交车,293,BMTA,3-38 (13),คลองเตย - ห้วยขวาง - ปัฐวิกรณ์;Klong Toey - Huai Kwang - Patthavikon,รถโดยสารประจำทาง ขสมก รถธรรมดา มาตรฐาน 3;Bangkok Mass Transit Authority Ordinary Standard 3,3,ff0000,คลองเตย - ห้วยขวาง - ปัฐวิกรณ์,Klong Toey - Huai Kwang - Patthavikon,,未提供中文；保留泰文/英文原名,
3,公交车,301,BMTA,3-47 (136),หมอชิต 2 - คลองเตย;Mochit 2 - Klongtoey,รถโดยสารประจำทาง ขสมก รถธรรมดา มาตรฐาน 3;Bangkok Mass Transit Authority Ordinary Standard 3,3,ff0000,หมอชิต 2 - คลองเตย,Mochit 2 - Klongtoey,,未提供中文；保留泰文/英文原名,
3,公交车,302,BMTA,3-48 (137),วงกลมรัชดาภิเษก - รามคำแหง (วนซ้าย);CircleRatchadapisek - Ramkhamhaeng,รถโดยสารประจำทาง ขสมก รถปรับอากาศ มาตรฐาน 2 ยูโรทู/เทียบเท่า;Bangkok Mass Transit Authority Air Condition Stadard 2 EURO II,3,fe9a2e,วงกลมรัชดาภิเษก - รามคำแหง (วนซ้าย),CircleRatchadapisek - Ramkhamhaeng,,未提供中文；保留泰文/英文原名,
3,公交车,312,BMTA,3-17E (142),ฟาร์มจระเข้สมุทรปราการ - อู่แสมดำ (ทางด่วน);Samut Prakan Crocodile Farm - Samaedam (expressway),รถโดยสารประจำทาง ขสมก รถปรับอากาศ มาตรฐาน 2 ยูโรทู/เทียบเท่า;Bangkok Mass Transit Authority Air Condition Stadard 2 EURO II,3,fe9a2e,ฟาร์มจระเข้สมุทรปราการ - อู่แสมดำ (ทางด่วน),Samut Prakan Crocodile Farm - Samaedam (expressway),,未提供中文；保留泰文/英文原名,
3,公交车,317,BMTA,3-18 (145),แพรกษาบ่อดิน - หมอชิต 2;Praksa-Bodin - Mochit 2,รถโดยสารประจำทาง ขสมก รถธรรมดา มาตรฐาน 3 (พิเศษ);Bangkok Mass Transit Authority Ordinary Standard 3 (special),3,ff0000,แพรกษาบ่อดิน - หมอชิต 2,Praksa-Bodin - Mochit 2,,未提供中文；保留泰文/英文原名,
3,公交车,323,TSB,1-15 (150),ปากเกร็ด - มีนบุรี;Pak Kret - Minburi,รถโดยสาร TSB รถปรับอากาศ;Bus TSB Air Condition,3,063970,ปากเกร็ด - มีนบุรี,Pak Kret - Minburi,,未提供中文；保留泰文/英文原名,
3,公交车,325,BMTA,2-49 (156L) ,วงกลมอู่ใต้ทางด่วนรามอินทรา - ลาดพร้าว 71 (วนซ้าย);CircleRamintra - Ladprao 71,รถโดยสารประจำทาง ขสมก รถธรรมดา มาตรฐาน 3;Bangkok Mass Transit Authority Ordinary Standard 3,3,ff0000,วงกลมอู่ใต้ทางด่วนรามอินทรา - ลาดพร้าว 71 (วนซ้าย),CircleRamintra - Ladprao 71,,未提供中文；保留泰文/英文原名,
3,公交车,330,BMTA,2-21E (166),เมืองทองธานี - อนุสาวรีย์ชัยสมรภูมิ (ทางด่วน);Muangthong Thani - Victory Monument (Expressway),รถโดยสารประจำทาง ขสมก รถปรับอากาศ;Bangkok Mass Transit Authority Air Condition,3,0000e6,เมืองทองธานี - อนุสาวรีย์ชัยสมรภูมิ (ทางด่วน),Muangthong Thani - Victory Monument (Expressway),,未提供中文；保留泰文/英文原名,
3,公交车,332,BMTA,166 ศูนย์ราชการ,ศูนย์ราชการแจ้งวัฒนะ - อนุสาวรีย์ชัยสมรภูมิ;Government Complex - Victory Monument,รถโดยสารประจำทาง ขสมก รถปรับอากาศ;Bangkok Mass Transit Authority Air Condition,3,0000e6,ศูนย์ราชการแจ้งวัฒนะ - อนุสาวรีย์ชัยสมรภูมิ,Government Complex - Victory Monument,,未提供中文；保留泰文/英文原名,
3,公交车,349,BMTA,3-20E (180),เมกาบางนา - เซ็นทรัลพระราม 3;Mega Bangna - Central RAMA 3,รถโดยสารประจำทาง ขสมก รถธรรมดา มาตรฐาน 3;Bangkok Mass Transit Authority Ordinary Standard 3,3,ff0000,เมกาบางนา - เซ็นทรัลพระราม 3,Mega Bangna - Central RAMA 3,,未提供中文；保留泰文/英文原名,
3,公交车,352,BMTA,1-16 (185),แยกลำลูกกา - พระราม 9;Yaek Lumlukka - Rama 9,รถโดยสารประจำทาง ขสมก รถธรรมดา มาตรฐาน 3;Bangkok Mass Transit Authority Ordinary Standard 3,3,ff0000,แยกลำลูกกา - พระราม 9,Yaek Lumlukka - Rama 9,,未提供中文；保留泰文/英文原名,
3,公交车,354,TSB,1-17 (187),หมู่บ้านเอื้ออาทรคลอง 3 - อนุสาวรีย์ชัยสมรภูมิ;Muban Uea Athon Khlong 3 - Victory Monument,รถโดยสาร TSB รถปรับอากาศ;Bus TSB Air Condition,3,063970,หมู่บ้านเอื้ออาทรคลอง 3 - อนุสาวรีย์ชัยสมรภูมิ,Muban Uea Athon Khlong 3 - Victory Monument,,未提供中文；保留泰文/英文原名,
3,公交车,355,BMTA,4-59 (189),กระทุ่มแบน - สถานีชุมทางตลิ่งชัน;Kratumban - Taling Chan Junction Railway Station ,รถโดยสารประจำทาง ขสมก รถธรรมดา มาตรฐาน 3;Bangkok Mass Transit Authority Ordinary Standard 3,3,ff0000,กระทุ่มแบน - สถานีชุมทางตลิ่งชัน,Kratumban - Taling Chan Junction Railway Station,,未提供中文；保留泰文/英文原名,
3,公交车,356,BMTA,2-51 (191),MRT พระนั่งเกล้า - เคหะคลองจั่น;MRT Phra Nang Klao - Klongchan Housing,รถโดยสารประจำทาง ขสมก รถธรรมดา มาตรฐาน 3;Bangkok Mass Transit Authority Ordinary Standard 3,3,ff0000,MRT พระนั่งเกล้า - เคหะคลองจั่น,MRT Phra Nang Klao - Klongchan Housing,,未提供中文；保留泰文/英文原名,
3,公交车,357,BMTA,3-50 (195),เดอะมอลล์ท่าพระ - คลองเตย;The Mall Tha Phra - Khlong Toei,รถโดยสารประจำทาง ขสมก รถธรรมดา มาตรฐาน 3;Bangkok Mass Transit Authority Ordinary Standard 3,3,ff0000,เดอะมอลล์ท่าพระ - คลองเตย,The Mall Tha Phra - Khlong Toei,,未提供中文；保留泰文/英文原名,
3,公交车,364,BMTA,4-4 (20),พระสมุทรเจดีย์ - ท่าดินแดง;Phra Samut Chedi - Tha Dindaeng,รถโดยสารประจำทาง ขสมก รถปรับอากาศ มาตรฐาน 2 ยูโรทู/เทียบเท่า;Bangkok Mass Transit Authority Air Condition Stadard 2 EURO II,3,fe9a2e,พระสมุทรเจดีย์ - ท่าดินแดง,Phra Samut Chedi - Tha Dindaeng,,未提供中文；保留泰文/英文原名,
3,公交车,368,BMTA,203,ท่าอิฐ - สนามหลวง;Tha It - Sanamluang,รถโดยสารประจำทาง เอกชน รถปรับอากาศ มาตรฐาน 2 ยูโรทู (ตลอดสาย);Private Company Air Condition Stadard 2 EURO II (Throughout the line,3,ffcc00,ท่าอิฐ - สนามหลวง,Tha It - Sanamluang,,未提供中文；保留泰文/英文原名,
3,公交车,373,BMTA,205 เดิม,เดอะมอลล์ท่าพระ - คลองเตย;The Mall Thaphra - Klongtoey Depot,รถโดยสารประจำทาง ขสมก รถปรับอากาศ มาตรฐาน 2 ยูโรทู/เทียบเท่า;Bangkok Mass Transit Authority Air Condition Stadard 2 EURO II,3,FE9A2E,เดอะมอลล์ท่าพระ - คลองเตย,The Mall Thaphra - Klongtoey Depot,,未提供中文；保留泰文/英文原名,
3,公交车,376,BMTA,3-30 (206),เมกาบางนา - บางเขน;Mega Bangna - Bang Khen,รถโดยสารประจำทาง ขสมก รถปรับอากาศ มาตรฐาน 2 ยูโรทู/เทียบเท่า;Bangkok Mass Transit Authority Air Condition Stadard 2 EURO II,3,fe9a2e,เมกาบางนา - บางเขน,Mega Bangna - Bang Khen,,未提供中文；保留泰文/英文原名,
3,公交车,389,BMTA,3-7E (25),แพรกษาบ่อดิน - สนามหลวง;Phraeksa Bo Din - Sanam Luang,รถโดยสารประจำทาง ขสมก รถปรับอากาศ มาตรฐาน 2 ยูโรทู/เทียบเท่า;Bangkok Mass Transit Authority Air Condition Stadard 2 EURO II,3,fe9a2e,แพรกษาบ่อดิน - สนามหลวง,Phraeksa Bo Din - Sanam Luang,,未提供中文；保留泰文/英文原名,
3,公交车,392,BMTA,1-35E (26E),มีนบุรี - อนุสาวรีย์ชัยสมรภูมิ (ทางด่วน);Minburi - Victory Monument,รถโดยสารประจำทาง ขสมก รถปรับอากาศ BLK (ทางด่วน);Bangkok Mass Transit Authority Air Condition BLK (expressway),3,05ADFB,มีนบุรี - อนุสาวรีย์ชัยสมรภูมิ (ทางด่วน),Minburi - Victory Monument,,未提供中文；保留泰文/英文原名,
3,公交车,409,BMTA,2-5 (32),ปากเกร็ด - วัดโพธิ์;Pak Kret - Wat Pho,รถโดยสารประจำทาง ขสมก รถธรรมดา มาตรฐาน 3;Bangkok Mass Transit Authority Ordinary Standard 3,3,ff0000,ปากเกร็ด - วัดโพธิ์,Pak Kret - Wat Pho,,未提供中文；保留泰文/英文原名,
3,公交车,411,BMTA,2-6 (33),ปทุมธานี - เทเวศร์;Pathumthani - Thewet,รถโดยสารประจำทาง ขสมก รถธรรมดา มาตรฐาน 3;Bangkok Mass Transit Authority Ordinary Standard 3,3,FF0000,ปทุมธานี - เทเวศร์,Pathumthani - Thewet,,未提供中文；保留泰文/英文原名,
3,公交车,412,TSB,34X,รังสิต - แยก คปอ.;Rangsit - Yaek Kor Por Aor,รถโดยสาร TSB รถปรับอากาศ;Bus TSB Air Condition,3,063970,รังสิต - แยก คปอ.,Rangsit - Yaek Kor Por Aor,,未提供中文；保留泰文/英文原名,
3,公交车,421,TSB,1-5 (39),รังสิต - อนุสาวรีย์ชัยสมรภูมิ;Rungsit - Victory Monument,รถโดยสาร TSB รถปรับอากาศ;Bus TSB Air Condition,3,063970,รังสิต - อนุสาวรีย์ชัยสมรภูมิ,Rungsit - Victory Monument,,未提供中文；保留泰文/英文原名,
3,公交车,422,TSB,1-4 (39),มหาวิทยาลัยธรรมศาสตร์(ศูนย์รังสิต) - บางเขน;Rangsit - bangkhen,รถโดยสาร TSB รถปรับอากาศ;Bus TSB Air Condition,3,063970,มหาวิทยาลัยธรรมศาสตร์(ศูนย์รังสิต) - บางเขน,Rangsit - bangkhen,,未提供中文；保留泰文/英文原名,
3,公交车,436,BMTA,3-41 (47),ท่าเรือคลองเตย - สนง.ที่ดินกรุงเทพฯ;Khlong Toey - Bangkok Metropolitan Land Office,รถโดยสารประจำทาง ขสมก รถธรรมดา มาตรฐาน 3;Bangkok Mass Transit Authority Ordinary Standard 3,3,ff0000,ท่าเรือคลองเตย - สนง.ที่ดินกรุงเทพฯ,Khlong Toey - Bangkok Metropolitan Land Office,,未提供中文；保留泰文/英文原名,
3,公交车,439,BMTA,2-43 (49),กรุงเทพอภิวัฒน์ - หัวลำโพง;Krung Thep Aphiwat - Hua Lamphong,รถโดยสารประจำทาง ขสมก รถธรรมดา มาตรฐาน 3;Bangkok Mass Transit Authority Ordinary Standard 3,3,ff0000,กรุงเทพอภิวัฒน์ - หัวลำโพง,Krung Thep Aphiwat - Hua Lamphong,,未提供中文；保留泰文/英文原名,
3,公交车,446,TSB,1-18E (504E),รังสิต - บางรัก(ทางด่วน);Rangsit - Krungthep Bridge,รถโดยสาร TSB รถปรับอากาศ;Bus TSB Air Condition,3,063970,รังสิต - บางรัก(ทางด่วน),Rangsit - Krungthep Bridge,,未提供中文；保留泰文/英文原名,
3,公交车,455,BMTA,511 [ท],ฟาร์มจระเข้สมุทรปราการ - สายใต้ใหม่ (ตลิ่งชัน);Samut Prakan Crocodile Farm  - Southern bus (Talingchan),รถโดยสารประจำทาง ขสมก รถปรับอากาศ มาตรฐาน 2 ยูโรทู/เทียบเท่า;Bangkok Mass Transit Authority Air Condition Stadard 2 EURO II,3,fe9a2e,ฟาร์มจระเข้สมุทรปราการ - สายใต้ใหม่ (ตลิ่งชัน),Samut Prakan Crocodile Farm  - Southern bus (Talingchan),,未提供中文；保留泰文/英文原名,
3,公交车,457,BMTA,515 ทางด่วน,เซ็นทรัลศาลายา - อนุสาวรีย์ชัยสมรภูมิ;Central Salaya - Victory Monument,รถโดยสารประจำทาง ขสมก รถปรับอากาศ มาตรฐาน 2 ยูโรทู/เทียบเท่า;Bangkok Mass Transit Authority Air Condition Stadard 2 EURO II,3,fe9a2e,เซ็นทรัลศาลายา - อนุสาวรีย์ชัยสมรภูมิ,Central Salaya - Victory Monument,,未提供中文；保留泰文/英文原名,
3,公交车,458,BMTA,2-25 (516),ม.บัวทองเคหะ - เทเวศร์;Buathong Keha Village - Thewet,รถโดยสารประจำทาง ขสมก รถปรับอากาศ;Bangkok Mass Transit Authority Air Condition,3,0000e6,ม.บัวทองเคหะ - เทเวศร์,Buathong Keha Village - Thewet,,未提供中文；保留泰文/英文原名,
3,公交车,462,BMTA,1-68 (520),ตลาดไท - มีนบุรี;Talaad Thai - Minburi,รถโดยสารประจำทาง ขสมก รถธรรมดา มาตรฐาน 3;Bangkok Mass Transit Authority Ordinary Standard 3,3,ff0000,ตลาดไท - มีนบุรี,Talaad Thai - Minburi,,未提供中文；保留泰文/英文原名,
3,公交车,463,BMTA,1-22E (522),อู่รังสิต - อนุสาวรีย์ชัยสมรภูมิ;Rangsit - Victory Monument,รถโดยสารประจำทาง ขสมก รถปรับอากาศ มาตรฐาน 2 ยูโรทู/เทียบเท่า;Bangkok Mass Transit Authority Air Condition Stadard 2 EURO II,3,fe9a2e,อู่รังสิต - อนุสาวรีย์ชัยสมรภูมิ,Rangsit - Victory Monument,,未提供中文；保留泰文/英文原名,
3,公交车,467,BMTA,2-9 (53R),เทเวศร์ - สนามหลวง (วนขวา);Thewet - Sanamluang,รถโดยสารประจำทาง ขสมก รถธรรมดา มาตรฐาน 3;Bangkok Mass Transit Authority Ordinary Standard 3,3,ff0000,เทเวศร์ - สนามหลวง (วนขวา),Thewet - Sanamluang,,未提供中文；保留泰文/英文原名,
3,公交车,471,BMTA,2-44 (54),อู่พระราม 9 - สุทธิสาร - โบสถ์แม่พระ (วนซ้าย);RAMA 9 - Sutthisan - Fatima Church (Turn left),รถโดยสารประจำทาง ขสมก รถธรรมดา มาตรฐาน 3 (พิเศษ);Bangkok Mass Transit Authority Ordinary Standard 3 (special),3,ff0000,อู่พระราม 9 - สุทธิสาร - โบสถ์แม่พระ (วนซ้าย),RAMA 9 - Sutthisan - Fatima Church (Turn left),,未提供中文；保留泰文/英文原名,
3,公交车,474,BMTA,1-25 (543),ลำลูกกา คลอง 7 - บางเขน;Lumlukka Klong 7 - Bangkhen,รถโดยสารประจำทาง ขสมก รถปรับอากาศ;Bangkok Mass Transit Authority Air Condition,3,0000e6,ลำลูกกา คลอง 7 - บางเขน,Lumlukka Klong 7 - Bangkhen,,未提供中文；保留泰文/英文原名,
3,公交车,475,BMTA,1-34 (543ก),นนทบุรี - บางเขน;Nonthaburi - Bangkhen,รถโดยสารประจำทาง ขสมก รถปรับอากาศ;Bangkok Mass Transit Authority Air Condition,3,0000e6,นนทบุรี - บางเขน,Nonthaburi - Bangkhen,,未提供中文；保留泰文/英文原名,
3,公交车,478,BMTA,S2 (554),[ท] สนามบินสุวรรณภูมิ - รังสิต;[E] Suvarnabhumi Airport - Rangsit,รถโดยสารประจำทาง เอกชน รถปรับอากาศ มาตรฐาน 2 ยูโรทู (ตามระยะ);Private Company Air Condition Stadard 2 EURO II (By the term),3,ffcc00,[ท] สนามบินสุวรรณภูมิ - รังสิต,[E] Suvarnabhumi Airport - Rangsit,,未提供中文；保留泰文/英文原名,
3,公交车,486,BMTA,1-8 (59),รังสิต - สนามหลวง;Rangsit - Sanamluang,รถโดยสารประจำทาง ขสมก รถธรรมดา มาตรฐาน 3 (พิเศษ);Bangkok Mass Transit Authority Ordinary Standard 3 (special),3,ff0000,รังสิต - สนามหลวง,Rangsit - Sanamluang,,未提供中文；保留泰文/英文原名,
3,公交车,487,BMTA,1-7E,รังสิต - สนามหลวง (ทางด่วน);Rangsit - Sanamluang (Expressway),รถโดยสารประจำทาง ขสมก รถธรรมดา มาตรฐาน 3;Bangkok Mass Transit Authority Ordinary Standard 3,3,FF0000,รังสิต - สนามหลวง (ทางด่วน),Rangsit - Sanamluang (Expressway),,未提供中文；保留泰文/英文原名,
3,公交车,495,BMTA,63,MRT พระนั่งเกล้า - อนุสาวรีย์ชัยสมรภูมิ;MRT Phra Nang Klao - Victory Monument,รถโดยสารประจำทาง ขสมก รถธรรมดา มาตรฐาน 3 (พิเศษ);Bangkok Mass Transit Authority Ordinary Standard 3 (special),3,ff0000,MRT พระนั่งเกล้า - อนุสาวรีย์ชัยสมรภูมิ,MRT Phra Nang Klao - Victory Monument,,未提供中文；保留泰文/英文原名,
3,公交车,497,TSB,2-11 (64),กระทรวงสาธารณสุข - สนามหลวง;Ministry of Public Health - Sanamluang,รถโดยสาร TSB รถปรับอากาศ;Bus TSB Air Condition,3,063970,กระทรวงสาธารณสุข - สนามหลวง,Ministry of Public Health - Sanamluang,,未提供中文；保留泰文/英文原名,
3,公交车,501,BMTA,3-43 (67),วัดเสมียนนารี - เซ็นทรัลพระราม 3;Temple Samiennaree - Central Rama 3,รถโดยสารประจำทาง ขสมก รถธรรมดา มาตรฐาน 3;Bangkok Mass Transit Authority Ordinary Standard 3,3,ff0000,วัดเสมียนนารี - เซ็นทรัลพระราม 3,Temple Samiennaree - Central Rama 3,,未提供中文；保留泰文/英文原名,
3,公交车,502,BMTA,68 มหาชัย,สมุทรสาคร - บางลำพู;Samutsakhon - Bang Lamphu,รถโดยสารประจำทาง เอกชน รถปรับอากาศ มาตรฐาน 2 ยูโรทู (ตลอดสาย);Private Company Air Condition Stadard 2 EURO II (Throughout the line,3,ffcc00,สมุทรสาคร - บางลำพู,Samutsakhon - Bang Lamphu,,未提供中文；保留泰文/英文原名,
3,公交车,512,BMTA,2-14 (70),ประชานิเวศน์ 3 - สนามหลวง;Prachaniwet 3 - Sanamluang,รถโดยสารประจำทาง ขสมก รถธรรมดา มาตรฐาน 3;Bangkok Mass Transit Authority Ordinary Standard 3,3,ff0000,ประชานิเวศน์ 3 - สนามหลวง,Prachaniwet 3 - Sanamluang,,未提供中文；保留泰文/英文原名,
3,公交车,517,BMTA,3-46 (72),คลองเตย - เทเวศร์;Klongtoey - Thewet,รถโดยสารประจำทาง ขสมก รถธรรมดา มาตรฐาน 3;Bangkok Mass Transit Authority Ordinary Standard 3,3,FF0000,คลองเตย - เทเวศร์,Klongtoey - Thewet,,未提供中文；保留泰文/英文原名,
3,公交车,520,BMTA,2-45 (73),บ้านเอื้ออาทรบึงกุ่ม - สะพานพุทธ;Buengkum National Housing - Saphan Phut,รถโดยสารประจำทาง ขสมก รถปรับอากาศ มาตรฐาน 2 ยูโรทู/เทียบเท่า;Bangkok Mass Transit Authority Air Condition Stadard 2 EURO II,3,fe9a2e,บ้านเอื้ออาทรบึงกุ่ม - สะพานพุทธ,Buengkum National Housing - Saphan Phut,,未提供中文；保留泰文/英文原名,
3,公交车,521,BMTA,74,คลองเตย - ห้วยขวาง ;Klong Toey - Huai Khwang,รถโดยสารประจำทาง เอกชน รถธรรมดา มาตรฐาน 3;Private Company Ordinary Standard 3,3,fb99cb,คลองเตย - ห้วยขวาง,Klong Toey - Huai Khwang,,未提供中文；保留泰文/英文原名,
3,公交车,526,BMTA,4-14 (76),แสมดำ - ประตูน้ำ;Samaedam - Pratunam,รถโดยสารประจำทาง ขสมก รถปรับอากาศ มาตรฐาน 2 ยูโรทู/เทียบเท่า;Bangkok Mass Transit Authority Air Condition Stadard 2 EURO II,3,FE9A2E,แสมดำ - ประตูน้ำ,Samaedam - Pratunam,,未提供中文；保留泰文/英文原名,
3,公交车,545,TSB,88 เดิม,มจธ.บางขุนเทียน - ลาดหญ้า;KMUTT Bangkhunthian - Lat Ya,รถโดยสาร TSB รถปรับอากาศ;Bus TSB Air Condition,3,063970,มจธ.บางขุนเทียน - ลาดหญ้า,KMUTT Bangkhunthian - Lat Ya,,未提供中文；保留泰文/英文原名,
3,公交车,551,BMTA,91,ม.เศรษฐกิจ (โรงเรียนอัสสัมชัญธนบุรี) - สนามหลวง;Setthakit Village - Sanamluang,รถโดยสารประจำทาง ขสมก รถปรับอากาศ มาตรฐาน 2 ยูโรทู/เทียบเท่า;Bangkok Mass Transit Authority Air Condition Stadard 2 EURO II,3,FE9A2E,ม.เศรษฐกิจ (โรงเรียนอัสสัมชัญธนบุรี) - สนามหลวง,Setthakit Village - Sanamluang,,未提供中文；保留泰文/英文原名,
3,公交车,552,BMTA,91ก,สนามหลวง  - สนามหลวง 2;Sanamluang - Sanamluang 2,รถโดยสารประจำทาง ขสมก รถธรรมดา มาตรฐาน 3;Bangkok Mass Transit Authority Ordinary Standard 3,3,ff0000,สนามหลวง  - สนามหลวง 2,Sanamluang - Sanamluang 2,,未提供中文；保留泰文/英文原名,
3,公交车,560,BMTA,1-11 (95ก),รังสิต - บางกะปิ;Rangsit - Bangkapi,รถโดยสารประจำทาง ขสมก รถธรรมดา มาตรฐาน 3 (พิเศษ);Bangkok Mass Transit Authority Ordinary Standard 3 (special),3,ff0000,รังสิต - บางกะปิ,Rangsit - Bangkapi,,未提供中文；保留泰文/英文原名,
3,公交车,564,TSB,2-15 (97),กระทรวงสาธารณสุข - รพ.สงฆ์;Ministry of Public Health - priest hospital,รถโดยสาร TSB รถปรับอากาศ;Bus TSB Air Condition,3,063970,กระทรวงสาธารณสุข - รพ.สงฆ์,Ministry of Public Health - priest hospital,,未提供中文；保留泰文/英文原名,
3,公交车,566,BMTA,A1,สนามบินดอนเมือง - หมอชิต 2;Donmueng Airport - Mochit 2,รถโดยสารประจำทาง ขสมก รถปรับอากาศ มาตรฐาน 2 ยูโรทู/เทียบเท่า (สนามบิน);Bangkok Mass Transit Authority Air Condition Stadard 2 EURO II (Airport),3,fe9a2e,สนามบินดอนเมือง - หมอชิต 2,Donmueng Airport - Mochit 2,,未提供中文；保留泰文/英文原名,
3,公交车,567,BMTA,A2,สนามบินดอนเมือง - อนุสาวรีย์ชัยสมรภูมิ (ทางด่วน);Donmueng Airport - Victory Monument (expressway),รถโดยสารประจำทาง ขสมก รถปรับอากาศ มาตรฐาน 2 ยูโรทู/เทียบเท่า (สนามบิน);Bangkok Mass Transit Authority Air Condition Stadard 2 EURO II (Airport),3,fe9a2e,สนามบินดอนเมือง - อนุสาวรีย์ชัยสมรภูมิ (ทางด่วน),Donmueng Airport - Victory Monument (expressway),,未提供中文；保留泰文/英文原名,
3,公交车,568,BMTA,A3,สนามบินดอนเมือง - สวนลุมพินี (ทางด่วน);Donmueng Airport Bus Terminal - suan lum (expressway),รถโดยสารประจำทาง ขสมก รถปรับอากาศ มาตรฐาน 2 ยูโรทู/เทียบเท่า (สนามบิน);Bangkok Mass Transit Authority Air Condition Stadard 2 EURO II (Airport),3,fe9a2e,สนามบินดอนเมือง - สวนลุมพินี (ทางด่วน),Donmueng Airport Bus Terminal - suan lum (expressway),,未提供中文；保留泰文/英文原名,
3,公交车,569,BMTA,A4,สนามบินดอนเมือง - สนามหลวง (ทางด่วน);Donmueng Airport - Sanamluang (expressway),รถโดยสารประจำทาง ขสมก รถปรับอากาศ มาตรฐาน 2 ยูโรทู/เทียบเท่า (สนามบิน);Bangkok Mass Transit Authority Air Condition Stadard 2 EURO II (Airport),3,fe9a2e,สนามบินดอนเมือง - สนามหลวง (ทางด่วน),Donmueng Airport - Sanamluang (expressway),,未提供中文；保留泰文/英文原名,
3,公交车,571,BMTA,S1,สนามบินสุวรรณภูมิ - สนามหลวง;suvarnabhumiairport - sanamliang,รถโดยสารประจำทาง ขสมก รถปรับอากาศ มาตรฐาน 2 ยูโรทู/เทียบเท่า (สนามบิน);Bangkok Mass Transit Authority Air Condition Stadard 2 EURO II (Airport),3,FE9A2E,สนามบินสุวรรณภูมิ - สนามหลวง,suvarnabhumiairport - sanamliang,,未提供中文；保留泰文/英文原名,
3,公交车,572,TC,83,กรุงเทพฯ-นครปฐม;Bangkok - Nakhon Pathom,รถโดยสารในเขตปริมณฑล รถโดยสารในเขตปริมณฑล;Provincial Bus Provincial Bus,3,9400d3,กรุงเทพฯ-นครปฐม,Bangkok - Nakhon Pathom,,未提供中文；保留泰文/英文原名,
3,公交车,574,DLT,478,นครปฐม - บ้านแพ้ว;Nakhon Pathom - Ban Paeo,รถโดยสารในเขตปริมณฑล รถโดยสารในเขตปริมณฑล;Provincial Bus Provincial Bus,3,9400D3,นครปฐม - บ้านแพ้ว,Nakhon Pathom - Ban Paeo,,未提供中文；保留泰文/英文原名,
3,公交车,575,TC,402,นครปฐม-สมุทรสาคร;Nakhon Pathom - Samut Sakhon,รถโดยสารในเขตปริมณฑล รถโดยสารในเขตปริมณฑล;Provincial Bus Provincial Bus,3,9400d3,นครปฐม-สมุทรสาคร,Nakhon Pathom - Samut Sakhon,,未提供中文；保留泰文/英文原名,
3,公交车,576,TC,997,กรุงเทพฯ-นครชัยศรี;Bangkok - Nakhonchaisri,รถโดยสารในเขตปริมณฑล รถโดยสารในเขตปริมณฑล;Provincial Bus Provincial Bus,3,9400d3,กรุงเทพฯ-นครชัยศรี,Bangkok - Nakhonchaisri,,未提供中文；保留泰文/英文原名,
3,公交车,1076,DLT,ต.101,พระประแดง - สถานีขนส่งผู้โดยสารกรุงเทพฯ (จตุจักร);Phra Pradaeng - Bangkok Bus Terminal (Chatuchak),รถตู้ รถตู้;City Van City Van,3,FF00FF,พระประแดง - สถานีขนส่งผู้โดยสารกรุงเทพฯ (จตุจักร),Phra Pradaeng - Bangkok Bus Terminal (Chatuchak),,未提供中文；保留泰文/英文原名,
3,公交车,1077,DLT,ต.21,ตัดช่วงมีนบุรี - หนองจอก;Min Buri - Nong Chok,รถตู้ รถตู้;City Van City Van,3,FF00FF,ตัดช่วงมีนบุรี - หนองจอก,Min Buri - Nong Chok,,未提供中文；保留泰文/英文原名,
3,公交车,1078,DLT,ต.104,อนุสาวรีย์ชัยสมรภูมิ - บางปะกอก (ทางด่วน);Victory Monument - Bang Pra Kok (Highway),รถตู้ รถตู้;City Van City Van,3,FF00FF,อนุสาวรีย์ชัยสมรภูมิ - บางปะกอก (ทางด่วน),Victory Monument - Bang Pra Kok (Highway),,未提供中文；保留泰文/英文原名,
3,公交车,1079,DLT,ต.104,บางปะกอก - อนุสาวรีย์ชัยสมรภูมิ (ทางด่วน);Bang Pra Kok - Victory Monument (Highway),รถตู้ รถตู้;City Van City Van,3,FF00FF,บางปะกอก - อนุสาวรีย์ชัยสมรภูมิ (ทางด่วน),Bang Pra Kok - Victory Monument (Highway),,未提供中文；保留泰文/英文原名,
3,公交车,1080,DLT,ต.113,อำเภอนนทบุรี - ห้างสรรพสินค้าฟิวเจอร์ปาร์ครังสิต;Nonthaburi - Future Park Rangsit Department Store,รถตู้ รถตู้;City Van City Van,3,FF00FF,อำเภอนนทบุรี - ห้างสรรพสินค้าฟิวเจอร์ปาร์ครังสิต,Nonthaburi - Future Park Rangsit Department Store,,未提供中文；保留泰文/英文原名,
3,公交车,1081,DLT,ต.113,ห้างสรรพสินค้าฟิวเจอร์ปาร์ครังสิต - อำเภอนนทบุรี;Future Park Rangsit Department Store - Nonthaburi,รถตู้ รถตู้;City Van City Van,3,FF00FF,ห้างสรรพสินค้าฟิวเจอร์ปาร์ครังสิต - อำเภอนนทบุรี,Future Park Rangsit Department Store - Nonthaburi,,未提供中文；保留泰文/英文原名,
3,公交车,1082,DLT,ต.124,จุฬาลงกรณ์มหาวิทยาลัย - ทุ่งครุ - หมู่บ้านสยามนิเวศน์;Chulalongkorn University - Thungkru - Siam Niwet Village (Highway),รถตู้ รถตู้;City Van City Van,3,FF00FF,จุฬาลงกรณ์มหาวิทยาลัย - ทุ่งครุ - หมู่บ้านสยามนิเวศน์,Chulalongkorn University - Thungkru - Siam Niwet Village (Highway),,未提供中文；保留泰文/英文原名,
3,公交车,1083,DLT,ต.69,อนุสาวรีย์ชัยสมรภูมิ - ถนนพระราม 3 (ทางด่วน);Victory Monument - Rama 3 Road (Highway),รถตู้ รถตู้;City Van City Van,3,FF00FF,อนุสาวรีย์ชัยสมรภูมิ - ถนนพระราม 3 (ทางด่วน),Victory Monument - Rama 3 Road (Highway),,未提供中文；保留泰文/英文原名,
3,公交车,1084,DLT,ต.69,ถนนพระราม 3 - อนุสาวรีย์ชัยสมรภูมิ (ทางด่วน);Rama 3 Road - Victory Monument (Highway),รถตู้ รถตู้;City Van City Van,3,FF00FF,ถนนพระราม 3 - อนุสาวรีย์ชัยสมรภูมิ (ทางด่วน),Rama 3 Road - Victory Monument (Highway),,未提供中文；保留泰文/英文原名,
3,公交车,1085,DLT,ต.78,ช่วงตลาดพงษ์เพชร - ตลาดบัวทอง;Phong Phet Market- Bua Thong Market,รถตู้ รถตู้;City Van City Van,3,FF00FF,ช่วงตลาดพงษ์เพชร - ตลาดบัวทอง,Phong Phet Market- Bua Thong Market,,未提供中文；保留泰文/英文原名,
3,公交车,1086,DLT,ต.97,ปากเกร็ด - มหาวิทยาลัยรามคำแหง;Pak Kret - Ramkhamhaeng University,รถตู้ รถตู้;City Van City Van,3,FF00FF,ปากเกร็ด - มหาวิทยาลัยรามคำแหง,Pak Kret - Ramkhamhaeng University,,未提供中文；保留泰文/英文原名,
3,公交车,1087,DLT,ต.60,สำโรง (ทางด่วน) - สถานีขนส่งผู้โดยสารสายเหนือ (หมอชิต 2);Samrong - Bangkok Bus Terminal (Mochit 2) (Highway),รถตู้ รถตู้;City Van City Van,3,FF00FF,สำโรง (ทางด่วน) - สถานีขนส่งผู้โดยสารสายเหนือ (หมอชิต 2),Samrong - Bangkok Bus Terminal (Mochit 2) (Highway),,未提供中文；保留泰文/英文原名,
3,公交车,1088,DLT,ต.99,บางเขน - สนามหลวง;Bang Khen - Sanam Luang,รถตู้ รถตู้;City Van City Van,3,FF00FF,บางเขน - สนามหลวง,Bang Khen - Sanam Luang,,未提供中文；保留泰文/英文原名,
3,公交车,1089,DLT,ต.99,สนามหลวง - บางเขน;Sanam Luang - Bang Khen,รถตู้ รถตู้;City Van City Van,3,FF00FF,สนามหลวง - บางเขน,Sanam Luang - Bang Khen,,未提供中文；保留泰文/英文原名,
3,公交车,1090,DLT,ต.138,"ห้างสรรพสินค้าเดอะมอลล์งามวงศ์วาน - มหาวิทยาลัยรามคำแหง วิทยาเขตบางนา (ทางด่วน);The mall Ngamwongwan - Ramkhamhaeng University,Bangna Campus (Highway)",รถตู้ รถตู้;City Van City Van,3,FF00FF,ห้างสรรพสินค้าเดอะมอลล์งามวงศ์วาน - มหาวิทยาลัยรามคำแหง วิทยาเขตบางนา (ทางด่วน),"The mall Ngamwongwan - Ramkhamhaeng University,Bangna Campus (Highway)",,未提供中文；保留泰文/英文原名,
3,公交车,1091,DLT,ต.68,ช่วงราชเทวี - สำโรง (ทางด่วน);Ratchathewi - Samrong (Highway),รถตู้ รถตู้;City Van City Van,3,FF00FF,ช่วงราชเทวี - สำโรง (ทางด่วน),Ratchathewi - Samrong (Highway),,未提供中文；保留泰文/英文原名,
3,公交车,1092,DLT,ต.54,ช่วงมีนบุรี - นิคมอุตสาหกรรมลาดกระบัง;Min Buri - Lat Krabung Industrial Estate,รถตู้ รถตู้;City Van City Van,3,FF00FF,ช่วงมีนบุรี - นิคมอุตสาหกรรมลาดกระบัง,Min Buri - Lat Krabung Industrial Estate,,未提供中文；保留泰文/英文原名,
3,公交车,1093,DLT,ต.12,ช่วงสวนจตุจักร - ถนนวงศ์สว่าง - ท่าน้ำนนทบุรี;Chatuchak Park - Wongsawang Road - Nonthaburi Pier,รถตู้ รถตู้;City Van City Van,3,FF00FF,ช่วงสวนจตุจักร - ถนนวงศ์สว่าง - ท่าน้ำนนทบุรี,Chatuchak Park - Wongsawang Road - Nonthaburi Pier,,未提供中文；保留泰文/英文原名,
3,公交车,1094,DLT,ต.15,ตัดช่วงมีนบุรี - มหาวิทยาลัยเกษตรศาสตร์;Min Buri - Kasetsart University,รถตู้ รถตู้;City Van City Van,3,FF00FF,ตัดช่วงมีนบุรี - มหาวิทยาลัยเกษตรศาสตร์,Min Buri - Kasetsart University,,未提供中文；保留泰文/英文原名,
3,公交车,1095,DLT,ต.554,ท่าอากาศยานสุวรรณภูมิ - รังสิต (ทางด่วน);Suvarnabhumi Airport - Rangsit (Highway),รถตู้ รถตู้;City Van City Van,3,FF00FF,ท่าอากาศยานสุวรรณภูมิ - รังสิต (ทางด่วน),Suvarnabhumi Airport - Rangsit (Highway),,未提供中文；保留泰文/英文原名,
3,公交车,1096,DLT,ต.554,ช่วงสถาบันเทคโนโลยีพระจอมเกล้าเจ้าคุณทหารลาดกระบัง - ห้างสรรพสินค้าฟิวเจอร์ปาร์ครังสิต (;King Mongkut's Institute of Technology Ladkrabang - Future Park Rangsit Department Store (Highway),รถตู้ รถตู้;City Van City Van,3,FF00FF,ช่วงสถาบันเทคโนโลยีพระจอมเกล้าเจ้าคุณทหารลาดกระบัง - ห้างสรรพสินค้าฟิวเจอร์ปาร์ครังสิต (,King Mongkut's Institute of Technology Ladkrabang - Future Park Rangsit Department Store (Highway),,未提供中文；保留泰文/英文原名,
3,公交车,1097,DLT,ต.549,ท่าอากาศยานสุวรรณภูมิ - มีนบุรี;Suvarnabhumi Airport - Min Buri,รถตู้ รถตู้;City Van City Van,3,FF00FF,ท่าอากาศยานสุวรรณภูมิ - มีนบุรี,Suvarnabhumi Airport - Min Buri,,未提供中文；保留泰文/英文原名,
3,公交车,1098,DLT,ต.158,อนุสาวรีย์ชัยสมรภูมิ - ตลาดบางแค;Victory Monument - Bang Khae Market,รถตู้ รถตู้;City Van City Van,3,FF00FF,อนุสาวรีย์ชัยสมรภูมิ - ตลาดบางแค,Victory Monument - Bang Khae Market,,未提供中文；保留泰文/英文原名,
3,公交车,1099,DLT,ต.156,อนุสาวรีย์ชัยสมรภูมิ - เคหะร่มเกล้า (ทางด่วน);Victory Monument - Khaha Rom Klao (Highway),รถตู้ รถตู้;City Van City Van,3,FF00FF,อนุสาวรีย์ชัยสมรภูมิ - เคหะร่มเกล้า (ทางด่วน),Victory Monument - Khaha Rom Klao (Highway),,未提供中文；保留泰文/英文原名,
3,公交车,1100,DLT,ต.156,อนุสาวรีย์ชัยสมรภูมิ - ห้างสรรพสินค้าซีคอนสแควร์;Victory Monument - Seacon Square Department Store,รถตู้ รถตู้;City Van City Van,3,FF00FF,อนุสาวรีย์ชัยสมรภูมิ - ห้างสรรพสินค้าซีคอนสแควร์,Victory Monument - Seacon Square Department Store,,未提供中文；保留泰文/英文原名,
3,公交车,1101,DLT,ต.156,อนุสาวรีย์ชัยสมรภูมิ - มอเตอร์เวย์ - หัวตะเข้ (ทางด่วน);Victory Monument - Motorway - Huatakhe (Highway),รถตู้ รถตู้;City Van City Van,3,FF00FF,อนุสาวรีย์ชัยสมรภูมิ - มอเตอร์เวย์ - หัวตะเข้ (ทางด่วน),Victory Monument - Motorway - Huatakhe (Highway),,未提供中文；保留泰文/英文原名,
3,公交车,1102,DLT,ต.156,อนุสาวรีย์ชัยสมรภูมิ - สถาบันเทคโนโลยีพระจอมเกล้าเจ้าคุณทหารลาดกระบัง (ทางด่วน);Victory Monument - King Mongkut's Institute of Technology Ladkrabang (Highway),รถตู้ รถตู้;City Van City Van,3,FF00FF,อนุสาวรีย์ชัยสมรภูมิ - สถาบันเทคโนโลยีพระจอมเกล้าเจ้าคุณทหารลาดกระบัง (ทางด่วน),Victory Monument - King Mongkut's Institute of Technology Ladkrabang (Highway),,未提供中文；保留泰文/英文原名,
3,公交车,1103,DLT,ต.155,อนุสาวรีย์ชัยสมรภูมิ - นวนคร (ทางด่วน);Victory Monument - Navanakorn (Highway),รถตู้ รถตู้;City Van City Van,3,FF00FF,อนุสาวรีย์ชัยสมรภูมิ - นวนคร (ทางด่วน),Victory Monument - Navanakorn (Highway),,未提供中文；保留泰文/英文原名,
3,公交车,1104,DLT,ต.154,เมืองทองธานี - ห้างสรรพสินค้าฟิวเจอร์ปาร์ครังสิต;Muang Thong Thani - Future Park Rangsit Department Store,รถตู้ รถตู้;City Van City Van,3,FF00FF,เมืองทองธานี - ห้างสรรพสินค้าฟิวเจอร์ปาร์ครังสิต,Muang Thong Thani - Future Park Rangsit Department Store,,未提供中文；保留泰文/英文原名,
3,公交车,1105,DLT,ต.153,อนุสาวรีย์ชัยสมรภูมิ - ตลาดใหม่ดอนเมือง (ทางด่วน);Victory Monument - Mai Don Mueang Market(Highway),รถตู้ รถตู้;City Van City Van,3,FF00FF,อนุสาวรีย์ชัยสมรภูมิ - ตลาดใหม่ดอนเมือง (ทางด่วน),Victory Monument - Mai Don Mueang Market(Highway),,未提供中文；保留泰文/英文原名,
3,公交车,1106,DLT,ต.153,อนุสาวรีย์ชัยสมรภูมิ - ปากทางลำลูกกา (ทางด่วน);Victory Monument - Lumlukka (Highway),รถตู้ รถตู้;City Van City Van,3,FF00FF,อนุสาวรีย์ชัยสมรภูมิ - ปากทางลำลูกกา (ทางด่วน),Victory Monument - Lumlukka (Highway),,未提供中文；保留泰文/英文原名,
3,公交车,1107,DLT,ต.153,อนุสาวรีย์ชัยสมรภูมิ - มหาวิทยาลัยเทคโนโลยีราชมงคลธัญบุรี (ทางด่วน);Victory Monument - Rajamangala University of Technology Thanyaburi (Highway),รถตู้ รถตู้;City Van City Van,3,FF00FF,อนุสาวรีย์ชัยสมรภูมิ - มหาวิทยาลัยเทคโนโลยีราชมงคลธัญบุรี (ทางด่วน),Victory Monument - Rajamangala University of Technology Thanyaburi (Highway),,未提供中文；保留泰文/英文原名,
3,公交车,1108,DLT,ต.152,รังสิต - สถานีขนส่งผู้โดยสารกรุงเทพฯ (ถนนบรมราชชนนี) (ทางด่วน);Rangsit - Bangkok Southern Bus Terminal (Borommaratchachonnani Road) (Highway),รถตู้ รถตู้;City Van City Van,3,FF00FF,รังสิต - สถานีขนส่งผู้โดยสารกรุงเทพฯ (ถนนบรมราชชนนี) (ทางด่วน),Rangsit - Bangkok Southern Bus Terminal (Borommaratchachonnani Road) (Highway),,未提供中文；保留泰文/英文原名,
3,公交车,1109,DLT,ต.151,สะพานใหม่ - สีลม (ทางด่วน);Sapanmai - Silom (Highway),รถตู้ รถตู้;City Van City Van,3,FF00FF,สะพานใหม่ - สีลม (ทางด่วน),Sapanmai - Silom (Highway),,未提供中文；保留泰文/英文原名,
3,公交车,1110,DLT,ต.150,ห้างสรรพสินค้าเดอะมอลล์งามวงศ์วาน - อำเภอไทรน้อย;The mall Ngamwongwan - Sai Noi District,รถตู้ รถตู้;City Van City Van,3,FF00FF,ห้างสรรพสินค้าเดอะมอลล์งามวงศ์วาน - อำเภอไทรน้อย,The mall Ngamwongwan - Sai Noi District,,未提供中文；保留泰文/英文原名,
3,公交车,1111,DLT,ต.149,ห้างสรรพสินค้าพาต้าปิ่นเกล้า - หมู่บ้านบัวทอง 4;Pata Pinklao Department Store - Bua Thong 4 Village,รถตู้ รถตู้;City Van City Van,3,FF00FF,ห้างสรรพสินค้าพาต้าปิ่นเกล้า - หมู่บ้านบัวทอง 4,Pata Pinklao Department Store - Bua Thong 4 Village,,未提供中文；保留泰文/英文原名,
3,公交车,1112,DLT,ต.147,ห้างสรรพสินค้าเซ็นทรัลลาดพร้าว - ห้างสรรพสินค้าเซ็นทรัลพระราม 2 (ทางด่วน);Central Plaza Lardprao Department Store - Central Plaza Rama 2 Department Store (Highway),รถตู้ รถตู้;City Van City Van,3,FF00FF,ห้างสรรพสินค้าเซ็นทรัลลาดพร้าว - ห้างสรรพสินค้าเซ็นทรัลพระราม 2 (ทางด่วน),Central Plaza Lardprao Department Store - Central Plaza Rama 2 Department Store (Highway),,未提供中文；保留泰文/英文原名,
3,公交车,1113,DLT,ต.146,มหาวิทยาลัยรามคำแหง - ถนนพระราม 3 (ทางด่วน);Ramkhamhaeng University - Rama 3 Road (Highway),รถตู้ รถตู้;City Van City Van,3,FF00FF,มหาวิทยาลัยรามคำแหง - ถนนพระราม 3 (ทางด่วน),Ramkhamhaeng University - Rama 3 Road (Highway),,未提供中文；保留泰文/英文原名,
3,公交车,1114,DLT,ต.145,"ห้างสรรพสินค้าเดอะมอลล์บางแค - มหาวิทยาลัยรามคำแหง วิทยาเขตบางนา (ทางด่วน);The mall Bang Khea Department Store - Ramkhamhaeng University,Bangna Campus (Highway)",รถตู้ รถตู้;City Van City Van,3,FF00FF,ห้างสรรพสินค้าเดอะมอลล์บางแค - มหาวิทยาลัยรามคำแหง วิทยาเขตบางนา (ทางด่วน),"The mall Bang Khea Department Store - Ramkhamhaeng University,Bangna Campus (Highway)",,未提供中文；保留泰文/英文原名,
3,公交车,1115,DLT,ต.144,สถานีขนส่งผู้โดยสารกรุงเทพฯ (จตุจักร) - สถาบันเทคโนโลยีพระจอมเกล้าเจ้าคุณทหารลาดกระบัง (ทา;Bangkok Bus Terminal (Chatuchak) - King Mongkut's Institute of Technology Ladkrabang (Highway),รถตู้ รถตู้;City Van City Van,3,FF00FF,สถานีขนส่งผู้โดยสารกรุงเทพฯ (จตุจักร) - สถาบันเทคโนโลยีพระจอมเกล้าเจ้าคุณทหารลาดกระบัง (ทา,Bangkok Bus Terminal (Chatuchak) - King Mongkut's Institute of Technology Ladkrabang (Highway),,未提供中文；保留泰文/英文原名,
3,公交车,1116,DLT,ต.143,อนุสาวรีย์ชัยสมรภูมิ - อ้อมน้อย;Victory Monument - Omnoi,รถตู้ รถตู้;City Van City Van,3,FF00FF,อนุสาวรีย์ชัยสมรภูมิ - อ้อมน้อย,Victory Monument - Omnoi,,未提供中文；保留泰文/英文原名,
3,公交车,1117,DLT,ต.143,ช่วงสถานีขนส่งผู้โดยสารกรุงเทพฯ (จตุจักร) - อ้อมใหญ่;Bangkok Bus Terminal (Chatuchak) - Omyai,รถตู้ รถตู้;City Van City Van,3,FF00FF,ช่วงสถานีขนส่งผู้โดยสารกรุงเทพฯ (จตุจักร) - อ้อมใหญ่,Bangkok Bus Terminal (Chatuchak) - Omyai,,未提供中文；保留泰文/英文原名,
3,公交车,1118,DLT,ต.143,สถานีขนส่งผู้โดยสารกรุงเทพฯ (จตุจักร) - กระทุ่มแบน;Bangkok Bus Terminal (Chatuchak) - Krathum Baen,รถตู้ รถตู้;City Van City Van,3,FF00FF,สถานีขนส่งผู้โดยสารกรุงเทพฯ (จตุจักร) - กระทุ่มแบน,Bangkok Bus Terminal (Chatuchak) - Krathum Baen,,未提供中文；保留泰文/英文原名,
3,公交车,1119,DLT,ต.142,เมืองทองธานี - มหาวิทยาลัยรามคำแหง (ทางด่วน);Muang Thong Thani - Ramkhamhaeng University (Highway),รถตู้ รถตู้;City Van City Van,3,FF00FF,เมืองทองธานี - มหาวิทยาลัยรามคำแหง (ทางด่วน),Muang Thong Thani - Ramkhamhaeng University (Highway),,未提供中文；保留泰文/英文原名,
3,公交车,1120,DLT,ต.141,ห้างสรรพสินค้าเดอะมอลล์งามวงศ์วาน - ห้างสรรพสินค้าบิ๊กซีพระราม 2;The mall Ngamwongwan - Big C Rama 2 Department Store,รถตู้ รถตู้;City Van City Van,3,FF00FF,ห้างสรรพสินค้าเดอะมอลล์งามวงศ์วาน - ห้างสรรพสินค้าบิ๊กซีพระราม 2,The mall Ngamwongwan - Big C Rama 2 Department Store,,未提供中文；保留泰文/英文原名,
3,公交车,1121,DLT,ต.140,สีลม - พุทธมณฑลสาย 4 (ปากทางถนนเพชรเกษม);Silom - Phutthamonthon Sai 4 (Phet Kasem Road),รถตู้ รถตู้;City Van City Van,3,FF00FF,สีลม - พุทธมณฑลสาย 4 (ปากทางถนนเพชรเกษม),Silom - Phutthamonthon Sai 4 (Phet Kasem Road),,未提供中文；保留泰文/英文原名,
3,公交车,1122,DLT,ต.139,สถานีขนส่งผู้โดยสารกรุงเทพฯ (ถนนบรมราชชนนี) - ประตูน้ำ;Bangkok Southern Bus Terminal (Borommaratchachonnani Road) - Phatunam,รถตู้ รถตู้;City Van City Van,3,FF00FF,สถานีขนส่งผู้โดยสารกรุงเทพฯ (ถนนบรมราชชนนี) - ประตูน้ำ,Bangkok Southern Bus Terminal (Borommaratchachonnani Road) - Phatunam,,未提供中文；保留泰文/英文原名,
3,公交车,1123,DLT,ต.139,สถานีขนส่งผู้โดยสารกรุงเทพฯ (ถนนบรมราชชนนี) - มาบุญครอง;Bangkok Southern Bus Terminal (Borommaratchachonnani Road) - Ma Bun Khrong,รถตู้ รถตู้;City Van City Van,3,FF00FF,สถานีขนส่งผู้โดยสารกรุงเทพฯ (ถนนบรมราชชนนี) - มาบุญครอง,Bangkok Southern Bus Terminal (Borommaratchachonnani Road) - Ma Bun Khrong,,未提供中文；保留泰文/英文原名,
3,公交车,1124,DLT,ต.139,"สถานีขนส่งผู้โดยสารกรุงเทพฯ (ถนนบรมราชชนนี) - มหาวิทยาลัยรามคำแหง วิทยาเขตบางนา (ทางด่วน);Bangkok Southern Bus Terminal (Borommaratchachonnani Road) - Ramkhamhaeng University,Bangna Campus (Highway)",รถตู้ รถตู้;City Van City Van,3,FF00FF,สถานีขนส่งผู้โดยสารกรุงเทพฯ (ถนนบรมราชชนนี) - มหาวิทยาลัยรามคำแหง วิทยาเขตบางนา (ทางด่วน),"Bangkok Southern Bus Terminal (Borommaratchachonnani Road) - Ramkhamhaeng University,Bangna Campus (Highway)",,未提供中文；保留泰文/英文原名,
3,公交车,1125,DLT,ต.137,ช่วงสีลม - ห้างสรรพสินค้าเทสโก้ โลตัส พระราม 2 (ทางด่วน);Silom - Tesco Lotus Rama 2 Department Store (Highway),รถตู้ รถตู้;City Van City Van,3,FF00FF,ช่วงสีลม - ห้างสรรพสินค้าเทสโก้ โลตัส พระราม 2 (ทางด่วน),Silom - Tesco Lotus Rama 2 Department Store (Highway),,未提供中文；保留泰文/英文原名,
3,公交车,1126,DLT,ต.137,มาบุญครอง - ห้างสรรพสินค้าเทสโก้ โลตัส พระราม 2 (ทางด่วน);Ma Bun Khrong - Tesco Lotus Rama 2 Department Store (Highway),รถตู้ รถตู้;City Van City Van,3,FF00FF,มาบุญครอง - ห้างสรรพสินค้าเทสโก้ โลตัส พระราม 2 (ทางด่วน),Ma Bun Khrong - Tesco Lotus Rama 2 Department Store (Highway),,未提供中文；保留泰文/英文原名,
3,公交车,1127,DLT,ต.136,สีลม - บางใหญ่ (ทางด่วน);Silom - Bang Yai (Highway),รถตู้ รถตู้;City Van City Van,3,FF00FF,สีลม - บางใหญ่ (ทางด่วน),Silom - Bang Yai (Highway),,未提供中文；保留泰文/英文原名,
3,公交车,1128,DLT,ต.135,สถานีรถไฟฟ้าลาดกระบัง - หนองจอก;Ladkrabang Airport Rail Link Station - Nong Chok,รถตู้ รถตู้;City Van City Van,3,FF00FF,สถานีรถไฟฟ้าลาดกระบัง - หนองจอก,Ladkrabang Airport Rail Link Station - Nong Chok,,未提供中文；保留泰文/英文原名,
3,公交车,1129,DLT,ต.134,ห้างสรรพสินค้าเซ็นทรัลปิ่นเกล้า - ศูนย์ราชการเฉลิมพระเกียรติ;Central Plaza Pinklao Department Store - Government Complex,รถตู้ รถตู้;City Van City Van,3,FF00FF,ห้างสรรพสินค้าเซ็นทรัลปิ่นเกล้า - ศูนย์ราชการเฉลิมพระเกียรติ,Central Plaza Pinklao Department Store - Government Complex,,未提供中文；保留泰文/英文原名,
3,公交车,1130,DLT,ต.134,ห้างสรรพสินค้าเซ็นทรัลปิ่นเกล้า - มหาวิทยาลัยธุรกิจบัณฑิตย์;Central Plaza Pinklao Department Store - Dhurakij Pundit University,รถตู้ รถตู้;City Van City Van,3,FF00FF,ห้างสรรพสินค้าเซ็นทรัลปิ่นเกล้า - มหาวิทยาลัยธุรกิจบัณฑิตย์,Central Plaza Pinklao Department Store - Dhurakij Pundit University,,未提供中文；保留泰文/英文原名,
3,公交车,1131,DLT,ต.133,เชิงสะพานสมเด็จพระปิ่นเกล้า - อำเภอไทรน้อย;Phra Pin-klao Bridge - Sai Noi District,รถตู้ รถตู้;City Van City Van,3,FF00FF,เชิงสะพานสมเด็จพระปิ่นเกล้า - อำเภอไทรน้อย,Phra Pin-klao Bridge - Sai Noi District,,未提供中文；保留泰文/英文原名,
3,公交车,1132,DLT,ต.132,มาบุญครอง - หมู่บ้านเศรษฐกิจ;Ma Bun Khrong - Setthakit Village,รถตู้ รถตู้;City Van City Van,3,FF00FF,มาบุญครอง - หมู่บ้านเศรษฐกิจ,Ma Bun Khrong - Setthakit Village,,未提供中文；保留泰文/英文原名,
3,公交车,1133,DLT,ต.131,ห้างสรรพสินค้าพาต้าปิ่นเกล้า - สมุทรสาคร;Pata Pinklao Department Store - Samutsakhon,รถตู้ รถตู้;City Van City Van,3,FF00FF,ห้างสรรพสินค้าพาต้าปิ่นเกล้า - สมุทรสาคร,Pata Pinklao Department Store - Samutsakhon,,未提供中文；保留泰文/英文原名,
3,公交车,1134,DLT,ต.131,ช่วงห้างสรรพสินค้าพาต้าปิ่นเกล้า - ห้างสรรพสินค้าเซ็นทรัลพระราม 2;Pata Pinklao Department Store - Central Plaza Rama2 Department store,รถตู้ รถตู้;City Van City Van,3,FF00FF,ช่วงห้างสรรพสินค้าพาต้าปิ่นเกล้า - ห้างสรรพสินค้าเซ็นทรัลพระราม 2,Pata Pinklao Department Store - Central Plaza Rama2 Department store,,未提供中文；保留泰文/英文原名,
3,公交车,1135,DLT,ต.130,ห้างสรรพสินค้าพาต้าปิ่นเกล้า - กระทุ่มแบน;Pata Pinklao Department Store - Krathum Baen,รถตู้ รถตู้;City Van City Van,3,FF00FF,ห้างสรรพสินค้าพาต้าปิ่นเกล้า - กระทุ่มแบน,Pata Pinklao Department Store - Krathum Baen,,未提供中文；保留泰文/英文原名,
3,公交车,1136,DLT,ต.129,อนุสาวรีย์ชัยสมรภูมิ - ตลาดบางบ่อ (ทางด่วน);Victory Monument - Bang Bo (Highway),รถตู้ รถตู้;City Van City Van,3,FF00FF,อนุสาวรีย์ชัยสมรภูมิ - ตลาดบางบ่อ (ทางด่วน),Victory Monument - Bang Bo (Highway),,未提供中文；保留泰文/英文原名,
3,公交车,1137,DLT,ต.128,"มหาวิทยาลัยรามคำแหง วิทยาเขตบางนา - สมุทรสาคร (ทางด่วน);Ramkhamhaeng University,Bangna Campus - Samutsakhon(Highway)",รถตู้ รถตู้;City Van City Van,3,FF00FF,มหาวิทยาลัยรามคำแหง วิทยาเขตบางนา - สมุทรสาคร (ทางด่วน),"Ramkhamhaeng University,Bangna Campus - Samutsakhon(Highway)",,未提供中文；保留泰文/英文原名,
3,公交车,1138,DLT,ต.127,ช่วงสถานีขนส่งผู้โดยสารกรุงเทพฯ (จตุจักร) - โพธิ์แจ้ (ทางด่วน);Bangkok Bus Terminal (Chatuchak) - Pho Chae(Highway),รถตู้ รถตู้;City Van City Van,3,FF00FF,ช่วงสถานีขนส่งผู้โดยสารกรุงเทพฯ (จตุจักร) - โพธิ์แจ้ (ทางด่วน),Bangkok Bus Terminal (Chatuchak) - Pho Chae(Highway),,未提供中文；保留泰文/英文原名,
3,公交车,1139,DLT,ต.127,ช่วงสถานีรถไฟฟ้ามักกะสัน - สมุทรสาคร (ทางด่วน);Makkasan Airport Rail Link Station - Samutsakhon(Highway),รถตู้ รถตู้;City Van City Van,3,FF00FF,ช่วงสถานีรถไฟฟ้ามักกะสัน - สมุทรสาคร (ทางด่วน),Makkasan Airport Rail Link Station - Samutsakhon(Highway),,未提供中文；保留泰文/英文原名,
3,公交车,1140,DLT,ต.127,ช่วงวงเวียนใหญ่ - สมุทรสาคร;Wongwian Yai - Samutsakhon,รถตู้ รถตู้;City Van City Van,3,FF00FF,ช่วงวงเวียนใหญ่ - สมุทรสาคร,Wongwian Yai - Samutsakhon,,未提供中文；保留泰文/英文原名,
3,公交车,1141,DLT,ต.127,สถานีขนส่งผู้โดยสารกรุงเทพฯ (จตุจักร) - สมุทรสาคร (ทางด่วน);Bangkok Bus Terminal (Chatuchak) - Samutsakhon(Highway),รถตู้ รถตู้;City Van City Van,3,FF00FF,สถานีขนส่งผู้โดยสารกรุงเทพฯ (จตุจักร) - สมุทรสาคร (ทางด่วน),Bangkok Bus Terminal (Chatuchak) - Samutsakhon(Highway),,未提供中文；保留泰文/英文原名,
3,公交车,1142,DLT,ต.127,ช่วงอนุสาวรีย์ชัยสมรภูมิ - สมุทรสาคร (ทางด่วน);Victory Monument - Samutsakhon(Highway),รถตู้ รถตู้;City Van City Van,3,FF00FF,ช่วงอนุสาวรีย์ชัยสมรภูมิ - สมุทรสาคร (ทางด่วน),Victory Monument - Samutsakhon(Highway),,未提供中文；保留泰文/英文原名,
3,公交车,1143,DLT,ต.126,ท่าอากาศยานสุวรรณภูมิ - สถานีขนส่งผู้โดยสารกรุงเทพฯ (ตลิ่งชัน);Suvarnabhumi Airport - Bangkok Southern Bus Terminal (Taling Chan)(Highway),รถตู้ รถตู้;City Van City Van,3,FF00FF,ท่าอากาศยานสุวรรณภูมิ - สถานีขนส่งผู้โดยสารกรุงเทพฯ (ตลิ่งชัน),Suvarnabhumi Airport - Bangkok Southern Bus Terminal (Taling Chan)(Highway),,未提供中文；保留泰文/英文原名,
3,公交车,1144,DLT,ต.125,ตัดช่วงสถานีขนส่งผู้โดยสารกรุงเทพมหานคร (ตลิ่งชัน) - มหาวิทยาลัยรามคำแหง (ทางด่วน);Bangkok Southern Bus Terminal (Taling Chan) - Ramkhamhaeng University (Highway),รถตู้ รถตู้;City Van City Van,3,FF00FF,ตัดช่วงสถานีขนส่งผู้โดยสารกรุงเทพมหานคร (ตลิ่งชัน) - มหาวิทยาลัยรามคำแหง (ทางด่วน),Bangkok Southern Bus Terminal (Taling Chan) - Ramkhamhaeng University (Highway),,未提供中文；保留泰文/英文原名,
3,公交车,1145,DLT,ต.125,สถานีขนส่งผู้โดยสารกรุงเทพมหานคร (ตลิ่งชัน) - แฮปปี้แลนด์ (ทางด่วน);Bangkok Southern Bus Terminal (Taling Chan) - Happy Land (Highway),รถตู้ รถตู้;City Van City Van,3,FF00FF,สถานีขนส่งผู้โดยสารกรุงเทพมหานคร (ตลิ่งชัน) - แฮปปี้แลนด์ (ทางด่วน),Bangkok Southern Bus Terminal (Taling Chan) - Happy Land (Highway),,未提供中文；保留泰文/英文原名,
3,公交车,1146,DLT,ต.124,หมู่บ้านสยามนิเวศน์ - ทุ่งครุ - จุฬาลงกรณ์มหาวิทยาลัย;Siam Niwet Village - Thung Kru - Chulalongkorn University (Highway),รถตู้ รถตู้;City Van City Van,3,FF00FF,หมู่บ้านสยามนิเวศน์ - ทุ่งครุ - จุฬาลงกรณ์มหาวิทยาลัย,Siam Niwet Village - Thung Kru - Chulalongkorn University (Highway),,未提供中文；保留泰文/英文原名,
3,公交车,1147,DLT,ต.123,อู่แสมดำ - มหาวิทยาลัยรามคำแหง (ทางด่วน);Samea Dam Garage- Ramkhamhaeng University (Highway),รถตู้ รถตู้;City Van City Van,3,FF00FF,อู่แสมดำ - มหาวิทยาลัยรามคำแหง (ทางด่วน),Samea Dam Garage- Ramkhamhaeng University (Highway),,未提供中文；保留泰文/英文原名,
3,公交车,1148,DLT,ต.121,ปากน้ำ - ศูนย์การค้าสยาม (ทางด่วน);Pak Nam - Siam Shopping mall (Highway),รถตู้ รถตู้;City Van City Van,3,FF00FF,ปากน้ำ - ศูนย์การค้าสยาม (ทางด่วน),Pak Nam - Siam Shopping mall (Highway),,未提供中文；保留泰文/英文原名,
3,公交车,1149,DLT,ต.121,ศูนย์การค้าสยาม - ปากน้ำ (ทางด่วน);Siam Shopping mall - Pak Nam (Highway),รถตู้ รถตู้;City Van City Van,3,FF00FF,ศูนย์การค้าสยาม - ปากน้ำ (ทางด่วน),Siam Shopping mall - Pak Nam (Highway),,未提供中文；保留泰文/英文原名,
3,公交车,1150,DLT,ต.120,สถานีรถไฟฟ้าหมอชิต - ปากน้ำ (ทางด่วน);Mo Chit BTS Station - Pak Nam (Highway),รถตู้ รถตู้;City Van City Van,3,FF00FF,สถานีรถไฟฟ้าหมอชิต - ปากน้ำ (ทางด่วน),Mo Chit BTS Station - Pak Nam (Highway),,未提供中文；保留泰文/英文原名,
3,公交车,1151,DLT,ต.119,สถานีรถไฟฟ้าหมอชิต - บางบัวทอง;Mo Chit BTS Station - Bang Bua Thong,รถตู้ รถตู้;City Van City Van,3,FF00FF,สถานีรถไฟฟ้าหมอชิต - บางบัวทอง,Mo Chit BTS Station - Bang Bua Thong,,未提供中文；保留泰文/英文原名,
3,公交车,1152,DLT,ต.118,สถานีรถไฟฟ้าบีทีเอส (หมอชิต) - มหาวิทยาลัยธรรมศาสตร์ (ศูนย์รังสิต);Mo Chit BTS Station - Thammasat University (Rangsit),รถตู้ รถตู้;City Van City Van,3,FF00FF,สถานีรถไฟฟ้าบีทีเอส (หมอชิต) - มหาวิทยาลัยธรรมศาสตร์ (ศูนย์รังสิต),Mo Chit BTS Station - Thammasat University (Rangsit),,未提供中文；保留泰文/英文原名,
3,公交车,1153,DLT,ต.117,มหาวิทยาลัยรามคำแหง - ลำลูกกา;Ramkhamhaeng University - Lumlukka,รถตู้ รถตู้;City Van City Van,3,FF00FF,มหาวิทยาลัยรามคำแหง - ลำลูกกา,Ramkhamhaeng University - Lumlukka,,未提供中文；保留泰文/英文原名,
3,公交车,1154,DLT,ต.116,โรงพยาบาลวชิระ - สะพานใหม่;Vajira Hospital - Saphan Mai,รถตู้ รถตู้;City Van City Van,3,FF00FF,โรงพยาบาลวชิระ - สะพานใหม่,Vajira Hospital - Saphan Mai,,未提供中文；保留泰文/英文原名,
3,公交车,1155,DLT,ต.116,สะพานใหม่ - โรงพยาบาลวชิระ;Saphan Mai - Vajira Hospital,รถตู้ รถตู้;City Van City Van,3,FF00FF,สะพานใหม่ - โรงพยาบาลวชิระ,Saphan Mai - Vajira Hospital,,未提供中文；保留泰文/英文原名,
3,公交车,1156,DLT,ต.115,การเคหะบางพลี - มหาวิทยาลัยรามคำแหง;Bang Phli Housing - Ramkhamhaeng University (Highway),รถตู้ รถตู้;City Van City Van,3,FF00FF,การเคหะบางพลี - มหาวิทยาลัยรามคำแหง,Bang Phli Housing - Ramkhamhaeng University (Highway),,未提供中文；保留泰文/英文原名,
3,公交车,1157,DLT,ต.115,มหาวิทยาลัยรามคำแหง - การเคหะบางพลี (ทางด่วน);Ramkhamhaeng University - Bang Phli Housing (Highway),รถตู้ รถตู้;City Van City Van,3,FF00FF,มหาวิทยาลัยรามคำแหง - การเคหะบางพลี (ทางด่วน),Ramkhamhaeng University - Bang Phli Housing (Highway),,未提供中文；保留泰文/英文原名,
3,公交车,1158,DLT,ต.114,ห้างสรรพสินค้าเดอะมอลล์งามวงศ์วาน - ห้างสรรพสินค้าฟิวเจอร์ปาร์ครังสิต;The mall Ngamwongwan Department Store - Future Park Rangsit Department Store,รถตู้ รถตู้;City Van City Van,3,FF00FF,ห้างสรรพสินค้าเดอะมอลล์งามวงศ์วาน - ห้างสรรพสินค้าฟิวเจอร์ปาร์ครังสิต,The mall Ngamwongwan Department Store - Future Park Rangsit Department Store,,未提供中文；保留泰文/英文原名,
3,公交车,1159,DLT,ต.112,สวนจตุจักร - ท่าน้ำนนทบุรี;Chatuchak Park - Nonthaburi Pier,รถตู้ รถตู้;City Van City Van,3,FF00FF,สวนจตุจักร - ท่าน้ำนนทบุรี,Chatuchak Park - Nonthaburi Pier,,未提供中文；保留泰文/英文原名,
3,公交车,1160,DLT,ต.112,ท่าน้ำนนทบุรี - สวนจตุจักร;Nonthaburi Pier - Chatuchak Park,รถตู้ รถตู้;City Van City Van,3,FF00FF,ท่าน้ำนนทบุรี - สวนจตุจักร,Nonthaburi Pier - Chatuchak Park,,未提供中文；保留泰文/英文原名,
3,公交车,1161,DLT,ต.111,หมู่บ้านพูนสินธานี - สถานีขนส่งผู้โดยสารกรุงเทพมหานคร (จตุจักร);Phun Sin Thani Village - Bangkok Bus Terminal (Chatuchak),รถตู้ รถตู้;City Van City Van,3,FF00FF,หมู่บ้านพูนสินธานี - สถานีขนส่งผู้โดยสารกรุงเทพมหานคร (จตุจักร),Phun Sin Thani Village - Bangkok Bus Terminal (Chatuchak),,未提供中文；保留泰文/英文原名,
3,公交车,1162,DLT,ต.111,สถานีขนส่งผู้โดยสารกรุงเทพมหานคร (จตุจักร) - หมู่บ้านพูนสินธานี;Bangkok Bus Terminal (Chatuchak) - Phun Sin Thani Village,รถตู้ รถตู้;City Van City Van,3,FF00FF,สถานีขนส่งผู้โดยสารกรุงเทพมหานคร (จตุจักร) - หมู่บ้านพูนสินธานี,Bangkok Bus Terminal (Chatuchak) - Phun Sin Thani Village,,未提供中文；保留泰文/英文原名,
3,公交车,1163,DLT,ต.106,ท่าน้ำพระสมุทรเจดีย์ - ตลาดบางปะแก้ว;Phra Samut Chedi Pier - Bang Pa Kaeo Market,รถตู้ รถตู้;City Van City Van,3,FF00FF,ท่าน้ำพระสมุทรเจดีย์ - ตลาดบางปะแก้ว,Phra Samut Chedi Pier - Bang Pa Kaeo Market,,未提供中文；保留泰文/英文原名,
3,公交车,1164,DLT,ต.106,ตลาดบางปะแก้ว - ท่าน้ำพระสมุทรเจดีย์;Bang Pa Kaeo Market - Phra Samut Chedi Pier,รถตู้ รถตู้;City Van City Van,3,FF00FF,ตลาดบางปะแก้ว - ท่าน้ำพระสมุทรเจดีย์,Bang Pa Kaeo Market - Phra Samut Chedi Pier,,未提供中文；保留泰文/英文原名,
3,公交车,1165,DLT,ต.105,สีลม - ปากซอยเรวดี;Silom - Soi Rewadi (Highway),รถตู้ รถตู้;City Van City Van,3,FF00FF,สีลม - ปากซอยเรวดี,Silom - Soi Rewadi (Highway),,未提供中文；保留泰文/英文原名,
3,公交车,1166,DLT,ต.105,ปากซอยเรวดี - สีลม;Soi Rewadi - Silom (Highway),รถตู้ รถตู้;City Van City Van,3,FF00FF,ปากซอยเรวดี - สีลม,Soi Rewadi - Silom (Highway),,未提供中文；保留泰文/英文原名,
3,公交车,1167,DLT,ต.103,วัดสน - มหาวิทยาลัยเซนต์จอห์น;Son Temple - Saint John's University (Highway),รถตู้ รถตู้;City Van City Van,3,FF00FF,วัดสน - มหาวิทยาลัยเซนต์จอห์น,Son Temple - Saint John's University (Highway),,未提供中文；保留泰文/英文原名,
3,公交车,1168,DLT,ต.103,มหาวิทยาลัยเซนต์จอห์น - วัดสน (กม.9) (ทางด่วน);Saint John's University - Temple Son (km.9) (Highway),รถตู้ รถตู้;City Van City Van,3,FF00FF,มหาวิทยาลัยเซนต์จอห์น - วัดสน (กม.9) (ทางด่วน),Saint John's University - Temple Son (km.9) (Highway),,未提供中文；保留泰文/英文原名,
3,公交车,1169,DLT,ต.102,ท่าน้ำปากเกร็ด - สนามหลวง (ทางด่วน);Pak Kret Pier - Sanam Luang (Highway),รถตู้ รถตู้;City Van City Van,3,FF00FF,ท่าน้ำปากเกร็ด - สนามหลวง (ทางด่วน),Pak Kret Pier - Sanam Luang (Highway),,未提供中文；保留泰文/英文原名,
3,公交车,1170,DLT,ต.102,สนามหลวง - ท่าน้ำปากเกร็ด (ทางด่วน);Sanam Luang - Pak Kret Pier (Highway),รถตู้ รถตู้;City Van City Van,3,FF00FF,สนามหลวง - ท่าน้ำปากเกร็ด (ทางด่วน),Sanam Luang - Pak Kret Pier (Highway),,未提供中文；保留泰文/英文原名,
3,公交车,1171,DLT,ต.101,สถานีขนส่งผู้โดยสารกรุงเทพฯ (จตุจักร) - พระประแดง;Bangkok Bus Terminal (Chatuchak) - Phra Pradaeng (Highway),รถตู้ รถตู้;City Van City Van,3,FF00FF,สถานีขนส่งผู้โดยสารกรุงเทพฯ (จตุจักร) - พระประแดง,Bangkok Bus Terminal (Chatuchak) - Phra Pradaeng (Highway),,未提供中文；保留泰文/英文原名,
3,公交车,1172,DLT,ต.98,ดอนเมือง - มหาวิทยาลัยรามคำแหง;Don Mueang - Ramkhamhaeng University,รถตู้ รถตู้;City Van City Van,3,FF00FF,ดอนเมือง - มหาวิทยาลัยรามคำแหง,Don Mueang - Ramkhamhaeng University,,未提供中文；保留泰文/英文原名,
3,公交车,1173,DLT,ต.98,มหาวิทยาลัยรามคำแหง - ดอนเมือง;Ramkhamhaeng University - Don Mueang,รถตู้ รถตู้;City Van City Van,3,FF00FF,มหาวิทยาลัยรามคำแหง - ดอนเมือง,Ramkhamhaeng University - Don Mueang,,未提供中文；保留泰文/英文原名,
3,公交车,1174,DLT,ต.97,มหาวิทยาลัยรามคำแหง - ปากเกร็ด;Ramkhamhaeng University - Pak Kret,รถตู้ รถตู้;City Van City Van,3,FF00FF,มหาวิทยาลัยรามคำแหง - ปากเกร็ด,Ramkhamhaeng University - Pak Kret,,未提供中文；保留泰文/英文原名,
3,公交车,1175,DLT,ต.96,ช่วงสีลม - รังสิต (ทางด่วน);Silom - Rangsit (Highway),รถตู้ รถตู้;City Van City Van,3,FF00FF,ช่วงสีลม - รังสิต (ทางด่วน),Silom - Rangsit (Highway),,未提供中文；保留泰文/英文原名,
3,公交车,1176,DLT,ต.96,ช่วงสถานีรถไฟฟ้าราชปรารภ - รังสิต (ทางด่วน);Ratchaprarop Airport Rail Link Station - Rangsit (Highway),รถตู้ รถตู้;City Van City Van,3,FF00FF,ช่วงสถานีรถไฟฟ้าราชปรารภ - รังสิต (ทางด่วน),Ratchaprarop Airport Rail Link Station - Rangsit (Highway),,未提供中文；保留泰文/英文原名,
3,公交车,1177,DLT,ต.96,ห้างสรรพสินค้าเวิร์ดเทรดเซ็นเตอร์ - รังสิต;World Trade Center Department Store - Rangsit,รถตู้ รถตู้;City Van City Van,3,FF00FF,ห้างสรรพสินค้าเวิร์ดเทรดเซ็นเตอร์ - รังสิต,World Trade Center Department Store - Rangsit,,未提供中文；保留泰文/英文原名,
3,公交车,1178,DLT,ต.95,รังสิต - ถนนรามอินทรา - มหาวิทยาลัยรามคำแหง;Rangsit - Ram-inthra Road - Ramkhamhaeng University,รถตู้ รถตู้;City Van City Van,3,FF00FF,รังสิต - ถนนรามอินทรา - มหาวิทยาลัยรามคำแหง,Rangsit - Ram-inthra Road - Ramkhamhaeng University,,未提供中文；保留泰文/英文原名,
3,公交车,1179,DLT,ต.95,มหาวิทยาลัยรามคำแหง - ถนนรามอินทรา - รังสิต;Ramkhamhaeng University - Ram-inthra Road - Rangsit,รถตู้ รถตู้;City Van City Van,3,FF00FF,มหาวิทยาลัยรามคำแหง - ถนนรามอินทรา - รังสิต,Ramkhamhaeng University - Ram-inthra Road - Rangsit,,未提供中文；保留泰文/英文原名,
3,公交车,1180,DLT,ต.94,ช่วงสถานีรถไฟฟ้ารามคำแหง - ถนนรามอินทรา - รังสิต (ทางด่วน);Ramkhamhaeng Airport Rail Link Station - Ram-inthra Road - Rangsit (Highway),รถตู้ รถตู้;City Van City Van,3,FF00FF,ช่วงสถานีรถไฟฟ้ารามคำแหง - ถนนรามอินทรา - รังสิต (ทางด่วน),Ramkhamhaeng Airport Rail Link Station - Ram-inthra Road - Rangsit (Highway),,未提供中文；保留泰文/英文原名,
3,公交车,1181,DLT,ต.94,มหาวิทยาลัยรามคำแหง - ถนนลาดพร้าว - รังสิต;Ramkhamhaeng University - Lardprao Road - Rangsit,รถตู้ รถตู้;City Van City Van,3,FF00FF,มหาวิทยาลัยรามคำแหง - ถนนลาดพร้าว - รังสิต,Ramkhamhaeng University - Lardprao Road - Rangsit,,未提供中文；保留泰文/英文原名,
3,公交车,1182,DLT,ต.94,ช่วงสถานีรถไฟฟ้ารามคำแหง - ถนนลำลูกกา - รังสิต (ทางด่วน);Ramkhamhaeng Airport Rail Link Station - Lumlukka Road - Rangsit (Highway),รถตู้ รถตู้;City Van City Van,3,FF00FF,ช่วงสถานีรถไฟฟ้ารามคำแหง - ถนนลำลูกกา - รังสิต (ทางด่วน),Ramkhamhaeng Airport Rail Link Station - Lumlukka Road - Rangsit (Highway),,未提供中文；保留泰文/英文原名,
3,公交车,1183,DLT,ต.93,มีนบุรี - อนุสาวรีย์ชัยสมรภูมิ (ทางด่วน);Min Buri - Victory Monument (Highway),รถตู้ รถตู้;City Van City Van,3,FF00FF,มีนบุรี - อนุสาวรีย์ชัยสมรภูมิ (ทางด่วน),Min Buri - Victory Monument (Highway),,未提供中文；保留泰文/英文原名,
3,公交车,1184,DLT,ต.93,อนุสาวรีย์ชัยสมรภูมิ - มีนบุรี (ทางด่วน);Victory Monument - Min Buri (Highway),รถตู้ รถตู้;City Van City Van,3,FF00FF,อนุสาวรีย์ชัยสมรภูมิ - มีนบุรี (ทางด่วน),Victory Monument - Min Buri (Highway),,未提供中文；保留泰文/英文原名,
3,公交车,1185,DLT,ต.92,อนุสาวรีย์ชัยสมรภูมิ - มีนบุรี;Victory Monument - Min Buri,รถตู้ รถตู้;City Van City Van,3,FF00FF,อนุสาวรีย์ชัยสมรภูมิ - มีนบุรี,Victory Monument - Min Buri,,未提供中文；保留泰文/英文原名,
3,公交车,1186,DLT,ต.92,มีนบุรี - อนุสาวรีย์ชัยสมรภูมิ;Min Buri - Victory Monument,รถตู้ รถตู้;City Van City Van,3,FF00FF,มีนบุรี - อนุสาวรีย์ชัยสมรภูมิ,Min Buri - Victory Monument,,未提供中文；保留泰文/英文原名,
3,公交车,1187,DLT,ต.91,มีนบุรี - อนุสาวรีย์ชัยสมรภูมิ;Min Buri - Victory Monument,รถตู้ รถตู้;City Van City Van,3,FF00FF,มีนบุรี - อนุสาวรีย์ชัยสมรภูมิ,Min Buri - Victory Monument,,未提供中文；保留泰文/英文原名,
3,公交车,1188,DLT,ต.91,อนุสาวรีย์ชัยสมรภูมิ - มีนบุรี;Victory Monument - Min Buri,รถตู้ รถตู้;City Van City Van,3,FF00FF,อนุสาวรีย์ชัยสมรภูมิ - มีนบุรี,Victory Monument - Min Buri,,未提供中文；保留泰文/英文原名,
3,公交车,1189,DLT,ต.90,คลองเตย - กรมศุลกากร - ตลาดโพธิ์ทอง (ทางด่วน);Khlong Toei - The Customs Department - Pho Thong Market (Highway),รถตู้ รถตู้;City Van City Van,3,FF00FF,คลองเตย - กรมศุลกากร - ตลาดโพธิ์ทอง (ทางด่วน),Khlong Toei - The Customs Department - Pho Thong Market (Highway),,未提供中文；保留泰文/英文原名,
3,公交车,1190,DLT,ต.90,ช่วงห้างสรรพสินค้าเซ็นทรัลพระราม 3 - ตลาดโพธิ์ทอง (ทางด่วน);Central Plaza Rama3 Department Store - Pho Thong Market (Highway),รถตู้ รถตู้;City Van City Van,3,FF00FF,ช่วงห้างสรรพสินค้าเซ็นทรัลพระราม 3 - ตลาดโพธิ์ทอง (ทางด่วน),Central Plaza Rama3 Department Store - Pho Thong Market (Highway),,未提供中文；保留泰文/英文原名,
3,公交车,1191,DLT,ต.89,ห้างสรรพสินค้าบางลำภูงามวงศ์วาน - เพลินจิต;Banglamphu Ngam wong wan Department Store - Ploenchit,รถตู้ รถตู้;City Van City Van,3,FF00FF,ห้างสรรพสินค้าบางลำภูงามวงศ์วาน - เพลินจิต,Banglamphu Ngam wong wan Department Store - Ploenchit,,未提供中文；保留泰文/英文原名,
3,公交车,1192,DLT,ต.89,เพลินจิต - ห้างสรรพสินค้าบางลำภูงามวงศ์วาน;Ploenchit - Banglamphu Ngam wong wan Department Store,รถตู้ รถตู้;City Van City Van,3,FF00FF,เพลินจิต - ห้างสรรพสินค้าบางลำภูงามวงศ์วาน,Ploenchit - Banglamphu Ngam wong wan Department Store,,未提供中文；保留泰文/英文原名,
3,公交车,1193,DLT,ต.88,บางใหญ่ (โรงพยาบาลเกษมราษฎร์) - ช่วงอนุสาวรีย์ชัยสมรภูมิ (ทางด่วน);Bang Yai (Kasemrad Hospital) - Victory Monument (Highway),รถตู้ รถตู้;City Van City Van,3,FF00FF,บางใหญ่ (โรงพยาบาลเกษมราษฎร์) - ช่วงอนุสาวรีย์ชัยสมรภูมิ (ทางด่วน),Bang Yai (Kasemrad Hospital) - Victory Monument (Highway),,未提供中文；保留泰文/英文原名,
3,公交车,1194,DLT,ต.88,ช่วงอนุสาวรีย์ชัยสมรภูมิ - บางใหญ่ (โรงพยาบาลเกษมราษฎร์) (ทางด่วน);Victory Monument - Bang Yai (Kasemrad Hospital) (Highway),รถตู้ รถตู้;City Van City Van,3,FF00FF,ช่วงอนุสาวรีย์ชัยสมรภูมิ - บางใหญ่ (โรงพยาบาลเกษมราษฎร์) (ทางด่วน),Victory Monument - Bang Yai (Kasemrad Hospital) (Highway),,未提供中文；保留泰文/英文原名,
3,公交车,1195,DLT,ต.88,ช่วงอนุสาวรีย์ชัยสมรภูมิ - ถนนติวานนท์ - ท่าน้ำนนทบุรี;Victory Monument - Tiwanon Road - Nonthaburi Pier,รถตู้ รถตู้;City Van City Van,3,FF00FF,ช่วงอนุสาวรีย์ชัยสมรภูมิ - ถนนติวานนท์ - ท่าน้ำนนทบุรี,Victory Monument - Tiwanon Road - Nonthaburi Pier,,未提供中文；保留泰文/英文原名,
3,公交车,1196,DLT,ต.88,อำเภอบางบัวทอง - อนุสาวรีย์ชัยสมรภูมิ (ทางด่วน);Bang Bua Thong - Victory Monument (Highway),รถตู้ รถตู้;City Van City Van,3,FF00FF,อำเภอบางบัวทอง - อนุสาวรีย์ชัยสมรภูมิ (ทางด่วน),Bang Bua Thong - Victory Monument (Highway),,未提供中文；保留泰文/英文原名,
3,公交车,1197,DLT,ต.88,อนุสาวรีย์ชัยสมรภูมิ - อำเภอบางบัวทอง (ทางด่วน);Victory Monument - Bang Bua Thong (Highway),รถตู้ รถตู้;City Van City Van,3,FF00FF,อนุสาวรีย์ชัยสมรภูมิ - อำเภอบางบัวทอง (ทางด่วน),Victory Monument - Bang Bua Thong (Highway),,未提供中文；保留泰文/英文原名,
3,公交车,1198,DLT,ต.87,วัดบางคูวัด - อนุสาวรีย์ชัยสมรภูมิ;Bang Khu Wat Temple - Victory Monument,รถตู้ รถตู้;City Van City Van,3,FF00FF,วัดบางคูวัด - อนุสาวรีย์ชัยสมรภูมิ,Bang Khu Wat Temple - Victory Monument,,未提供中文；保留泰文/英文原名,
3,公交车,1199,DLT,ต.87,อนุสาวรีย์ชัยสมรภูมิ - วัดบางคูวัด;Victory Monument - Bang Khu Wat Temple,รถตู้ รถตู้;City Van City Van,3,FF00FF,อนุสาวรีย์ชัยสมรภูมิ - วัดบางคูวัด,Victory Monument - Bang Khu Wat Temple,,未提供中文；保留泰文/英文原名,
3,公交车,1200,DLT,ต.86,ช่วงห้างสรรพสินค้าเดอะมอลล์งามวงศ์วาน - หมู่บ้านเมืองทอง (ทางด่วน);The mall Ngam wong wan Department Store - Muaeng Thong Village (Highway),รถตู้ รถตู้;City Van City Van,3,FF00FF,ช่วงห้างสรรพสินค้าเดอะมอลล์งามวงศ์วาน - หมู่บ้านเมืองทอง (ทางด่วน),The mall Ngam wong wan Department Store - Muaeng Thong Village (Highway),,未提供中文；保留泰文/英文原名,
3,公交车,1201,DLT,ต.86,อนุสาวรีย์ชัยสมรภูมิ - หมู่บ้านเมืองทอง (ทางด่วน);Victory Monument - Muaeng Thong Village (Highway),รถตู้ รถตู้;City Van City Van,3,FF00FF,อนุสาวรีย์ชัยสมรภูมิ - หมู่บ้านเมืองทอง (ทางด่วน),Victory Monument - Muaeng Thong Village (Highway),,未提供中文；保留泰文/英文原名,
3,公交车,1202,DLT,ต.85,อนุสาวรีย์ชัยสมรภูมิ - มหาวิทยาลัยธรรมศาสตร์ (ศูนย์รังสิต);Victory Monument - Thammasad University (Rangsit) (Highway),รถตู้ รถตู้;City Van City Van,3,FF00FF,อนุสาวรีย์ชัยสมรภูมิ - มหาวิทยาลัยธรรมศาสตร์ (ศูนย์รังสิต),Victory Monument - Thammasad University (Rangsit) (Highway),,未提供中文；保留泰文/英文原名,
3,公交车,1203,DLT,ต.73,คลองเตย - ตลาดโพธิ์ทอง (ทางด่วน);Khlong Toei - Pho Thong Market (Highway),รถตู้ รถตู้;City Van City Van,3,FF00FF,คลองเตย - ตลาดโพธิ์ทอง (ทางด่วน),Khlong Toei - Pho Thong Market (Highway),,未提供中文；保留泰文/英文原名,
3,公交车,1204,DLT,ต.65,มาบุญครอง - ห้างสรรพสินค้าบางลำภูงามวงศ์วาน (ทางด่วน);Ma Bun Khlong - Banglamphu Ngam wong wan Department Store (Highway),รถตู้ รถตู้;City Van City Van,3,FF00FF,มาบุญครอง - ห้างสรรพสินค้าบางลำภูงามวงศ์วาน (ทางด่วน),Ma Bun Khlong - Banglamphu Ngam wong wan Department Store (Highway),,未提供中文；保留泰文/英文原名,
3,公交车,1205,DLT,ต.64,อนุสาวรีย์ชัยสมรภูมิ - ปากเกร็ด (ทางด่วน);Victory Monument - Pak Kret (Highway),รถตู้ รถตู้;City Van City Van,3,FF00FF,อนุสาวรีย์ชัยสมรภูมิ - ปากเกร็ด (ทางด่วน),Victory Monument - Pak Kret (Highway),,未提供中文；保留泰文/英文原名,
3,公交车,1206,DLT,ต.62,มหาวิทยาลัยเกษตรศาสตร์ - สำโรง (ทางด่วน);Kasetsart University - Somrong (Highway),รถตู้ รถตู้;City Van City Van,3,FF00FF,มหาวิทยาลัยเกษตรศาสตร์ - สำโรง (ทางด่วน),Kasetsart University - Somrong (Highway),,未提供中文；保留泰文/英文原名,
3,公交车,1207,DLT,ต.58,ช่วงสถานีขนส่งผู้โดยสารกรุงเทพฯ (จตุจักร) - ห้างสรรพสินค้าบิ๊กซีบางพลี (ทางด่วน);Bangkok Bus Terminal (Chatuchak) - Big C Bang Phli Department Store (Highway),รถตู้ รถตู้;City Van City Van,3,FF00FF,ช่วงสถานีขนส่งผู้โดยสารกรุงเทพฯ (จตุจักร) - ห้างสรรพสินค้าบิ๊กซีบางพลี (ทางด่วน),Bangkok Bus Terminal (Chatuchak) - Big C Bang Phli Department Store (Highway),,未提供中文；保留泰文/英文原名,
3,公交车,1208,DLT,ต.58,ช่วงสถานีขนส่งผู้โดยสารกรุงเทพฯ (จตุจักร) - การเคหะบางพลี (ทางด่วน ถนนกำแพงเพชร2);Bangkok Bus Terminal (Chatuchak) - Bang Phli Housing (Highway Kamphaeng Phet Road),รถตู้ รถตู้;City Van City Van,3,FF00FF,ช่วงสถานีขนส่งผู้โดยสารกรุงเทพฯ (จตุจักร) - การเคหะบางพลี (ทางด่วน ถนนกำแพงเพชร2),Bangkok Bus Terminal (Chatuchak) - Bang Phli Housing (Highway Kamphaeng Phet Road),,未提供中文；保留泰文/英文原名,
3,公交车,1209,DLT,ต.47,สถานีขนส่งผู้โดยสารกรุงเทพฯ (จตุจักร) - สถานีขนส่งผู้โดยสารกรุงเทพฯ (ตลิ่งชัน);Bangkok Bus Terminal (Chatuchak) - Bangkok Southern Bus Terminal (Taling Chan),รถตู้ รถตู้;City Van City Van,3,FF00FF,สถานีขนส่งผู้โดยสารกรุงเทพฯ (จตุจักร) - สถานีขนส่งผู้โดยสารกรุงเทพฯ (ตลิ่งชัน),Bangkok Bus Terminal (Chatuchak) - Bangkok Southern Bus Terminal (Taling Chan),,未提供中文；保留泰文/英文原名,
3,公交车,1210,DLT,ต.74,สีลม - ถนนนราธิวาสราชนครินทร์ - ซอยนวลจันทร์ (ทางด่วน);Silom - Narathiwatratchanakarin Road - Soi Nuanchan (Highway),รถตู้ รถตู้;City Van City Van,3,FF00FF,สีลม - ถนนนราธิวาสราชนครินทร์ - ซอยนวลจันทร์ (ทางด่วน),Silom - Narathiwatratchanakarin Road - Soi Nuanchan (Highway),,未提供中文；保留泰文/英文原名,
3,公交车,1211,DLT,ต.20,มีนบุรี - วัดลำต้อยติ่ง;Min Buri - Lam Toi Ting Temple,รถตู้ รถตู้;City Van City Van,3,FF00FF,มีนบุรี - วัดลำต้อยติ่ง,Min Buri - Lam Toi Ting Temple,,未提供中文；保留泰文/英文原名,
3,公交车,1212,DLT,ต.6,ห้างสรรพสินค้าฟิวเจอร์ปาร์คบางแค - การเคหะชุมชนธนบุรี;Future Park Bang khae Department Store - Thonburi Housing,รถตู้ รถตู้;City Van City Van,3,FF00FF,ห้างสรรพสินค้าฟิวเจอร์ปาร์คบางแค - การเคหะชุมชนธนบุรี,Future Park Bang khae Department Store - Thonburi Housing,,未提供中文；保留泰文/英文原名,
3,公交车,1213,DLT,ต.2,ห้างสรรพสินค้าพาต้าปิ่นเกล้า - หมู่บ้านร่วมเกื้อ;Pata Pinklao Department Store - Ruam Kuea Village,รถตู้ รถตู้;City Van City Van,3,FF00FF,ห้างสรรพสินค้าพาต้าปิ่นเกล้า - หมู่บ้านร่วมเกื้อ,Pata Pinklao Department Store - Ruam Kuea Village,,未提供中文；保留泰文/英文原名,
3,公交车,1214,DLT,ต.84,อนุสาวรีย์ชัยสมรภูมิ;Victory Monument - Rangsit (Khlong 1) (Highway),รถตู้ รถตู้;City Van City Van,3,FF00FF,อนุสาวรีย์ชัยสมรภูมิ,Victory Monument - Rangsit (Khlong 1) (Highway),,未提供中文；保留泰文/英文原名,
3,公交车,1215,DLT,ต.83,อนุสาวรีย์ชัยสมรภูมิ - ห้างสรรพสินค้าฟิวเจอร์ปาร์ครังสิต;Victory Monument - Future Park Rangsit Department Store (Highway),รถตู้ รถตู้;City Van City Van,3,FF00FF,อนุสาวรีย์ชัยสมรภูมิ - ห้างสรรพสินค้าฟิวเจอร์ปาร์ครังสิต,Victory Monument - Future Park Rangsit Department Store (Highway),,未提供中文；保留泰文/英文原名,
3,公交车,1216,DLT,ต.82,อนุสาวรีย์ชัยสมรภูมิ - ตลาดสะพานใหม่;Victory Monument - Saphan Mai Market (Highway),รถตู้ รถตู้;City Van City Van,3,FF00FF,อนุสาวรีย์ชัยสมรภูมิ - ตลาดสะพานใหม่,Victory Monument - Saphan Mai Market (Highway),,未提供中文；保留泰文/英文原名,
3,公交车,1217,DLT,ต.81,อ.ส.ม.ท. - ตลาดสะพานใหม่;MCOT - Saphan Mai Market,รถตู้ รถตู้;City Van City Van,3,FF00FF,อ.ส.ม.ท. - ตลาดสะพานใหม่,MCOT - Saphan Mai Market,,未提供中文；保留泰文/英文原名,
3,公交车,1218,DLT,ต.80,ช่วงห้างสรรพสินค้าเดอะมอลล์บางกะปิ - ห้างสรรพสินค้าเดอะมอลล์งามวงศ์วาน;The mall Bang Kapi Department Store - The mall Ngam Wong Wan Department Store,รถตู้ รถตู้;City Van City Van,3,FF00FF,ช่วงห้างสรรพสินค้าเดอะมอลล์บางกะปิ - ห้างสรรพสินค้าเดอะมอลล์งามวงศ์วาน,The mall Bang Kapi Department Store - The mall Ngam Wong Wan Department Store,,未提供中文；保留泰文/英文原名,
3,公交车,1219,DLT,ต.80,มหาวิทยาลัยรามคำแหง - ท่าน้ำนนทบุรี;Ramkhamhaeng University - Nonthaburi Pier,รถตู้ รถตู้;City Van City Van,3,FF00FF,มหาวิทยาลัยรามคำแหง - ท่าน้ำนนทบุรี,Ramkhamhaeng University - Nonthaburi Pier,,未提供中文；保留泰文/英文原名,
3,公交车,1220,DLT,ต.79,มหาวิทยาลัยเกษตรศาสตร์ - ท่าน้ำนนทบุรี;Kasetsart University - Nonthaburi Pier,รถตู้ รถตู้;City Van City Van,3,FF00FF,มหาวิทยาลัยเกษตรศาสตร์ - ท่าน้ำนนทบุรี,Kasetsart University - Nonthaburi Pier,,未提供中文；保留泰文/英文原名,
3,公交车,1221,DLT,ต.78,ตลาดพงษ์เพชร - หมู่บ้านบัวทอง;Phong Phet Market- Bua Thong Village,รถตู้ รถตู้;City Van City Van,3,FF00FF,ตลาดพงษ์เพชร - หมู่บ้านบัวทอง,Phong Phet Market- Bua Thong Village,,未提供中文；保留泰文/英文原名,
3,公交车,1222,DLT,ต.77,ช่วงบางแค - หมู่บ้านรัตนาธิเบศร์;Bang Khae - Ratthanathibate Village,รถตู้ รถตู้;City Van City Van,3,FF00FF,ช่วงบางแค - หมู่บ้านรัตนาธิเบศร์,Bang Khae - Ratthanathibate Village,,未提供中文；保留泰文/英文原名,
3,公交车,1223,DLT,ต.77,ห้างสรรพสินค้าเดอะมอลล์บางแค - หมู่บ้านบัวทอง;The mall Bang Khae Department Store - Bua Thong Village,รถตู้ รถตู้;City Van City Van,3,FF00FF,ห้างสรรพสินค้าเดอะมอลล์บางแค - หมู่บ้านบัวทอง,The mall Bang Khae Department Store - Bua Thong Village,,未提供中文；保留泰文/英文原名,
3,公交车,1224,DLT,ต.76,ห้างสรรพสินค้าพาต้าปิ่นเกล้า - หมู่บ้านบัวทอง;Pata Pinklao Department Store - Bua Thong Village,รถตู้ รถตู้;City Van City Van,3,FF00FF,ห้างสรรพสินค้าพาต้าปิ่นเกล้า - หมู่บ้านบัวทอง,Pata Pinklao Department Store - Bua Thong Village,,未提供中文；保留泰文/英文原名,
3,公交车,1225,DLT,ต.75,สีลม - ซอยลาดพร้าว 84 (ทางด่วน);Silom - Soi Lardprao 84 (Highway),รถตู้ รถตู้;City Van City Van,3,FF00FF,สีลม - ซอยลาดพร้าว 84 (ทางด่วน),Silom - Soi Lardprao 84 (Highway),,未提供中文；保留泰文/英文原名,
3,公交车,1226,DLT,ต.73,ช่วงกรมศุลกากร (คลองเตย) - การเคหะธนบุรี (ทางด่วน);The Customs Department (Khlong Toei) - Thonburi Housing (Highway),รถตู้ รถตู้;City Van City Van,3,FF00FF,ช่วงกรมศุลกากร (คลองเตย) - การเคหะธนบุรี (ทางด่วน),The Customs Department (Khlong Toei) - Thonburi Housing (Highway),,未提供中文；保留泰文/英文原名,
3,公交车,1227,DLT,ต.71,ช่วงอนุสาวรีย์ชัยสมรภูมิ - การเคหะธนบุรี (ทางด่วน);Victory Monument - Thonburi Housing (Highway),รถตู้ รถตู้;City Van City Van,3,FF00FF,ช่วงอนุสาวรีย์ชัยสมรภูมิ - การเคหะธนบุรี (ทางด่วน),Victory Monument - Thonburi Housing (Highway),,未提供中文；保留泰文/英文原名,
3,公交车,1228,DLT,ต.71,ประตูน้ำ - วัดสน (ทางด่วน);Pratunam - Son Temple (Highway),รถตู้ รถตู้;City Van City Van,3,FF00FF,ประตูน้ำ - วัดสน (ทางด่วน),Pratunam - Son Temple (Highway),,未提供中文；保留泰文/英文原名,
3,公交车,1229,DLT,ต.70,อนุสาวรีย์ชัยสมรภูมิ - ซอยรามคำแหง 22 (ทางด่วน);Victory Monument - Soi Ramkhamhaeng 22 (Highway),รถตู้ รถตู้;City Van City Van,3,FF00FF,อนุสาวรีย์ชัยสมรภูมิ - ซอยรามคำแหง 22 (ทางด่วน),Victory Monument - Soi Ramkhamhaeng 22 (Highway),,未提供中文；保留泰文/英文原名,
3,公交车,1230,DLT,ต.68,"ช่วงหัวลำโพง - มหาวิทยาลัยรามคำแหง วิทยาเขตบางนา (ทางด่วน);Hua Lamphong - Ramkhamhaeng University ,Bangna Campus (Highway)",รถตู้ รถตู้;City Van City Van,3,FF00FF,ช่วงหัวลำโพง - มหาวิทยาลัยรามคำแหง วิทยาเขตบางนา (ทางด่วน),"Hua Lamphong - Ramkhamhaeng University ,Bangna Campus (Highway)",,未提供中文；保留泰文/英文原名,
3,公交车,1231,DLT,ต.68,ช่วงคลองเตย - สำโรง (ทางด่วน);Khlong Toei - Samrong (Highway),รถตู้ รถตู้;City Van City Van,3,FF00FF,ช่วงคลองเตย - สำโรง (ทางด่วน),Khlong Toei - Samrong (Highway),,未提供中文；保留泰文/英文原名,
3,公交车,1232,DLT,ต.68,หัวลำโพง - สำโรง (ทางด่วน);Hua Lamphong - Samrong(Highway),รถตู้ รถตู้;City Van City Van,3,FF00FF,หัวลำโพง - สำโรง (ทางด่วน),Hua Lamphong - Samrong(Highway),,未提供中文；保留泰文/英文原名,
3,公交车,1233,DLT,ต.67,สีลม - บางนา (ทางด่วน);Silom - Bangna (Highway),รถตู้ รถตู้;City Van City Van,3,FF00FF,สีลม - บางนา (ทางด่วน),Silom - Bangna (Highway),,未提供中文；保留泰文/英文原名,
3,公交车,1234,DLT,ต.63,ช่วงรังสิต - ห้างสรรพสินค้าอิมพีเรียลสำโรง (ทางด่วน);Bangna - Imperial World Samrong (Highway),รถตู้ รถตู้;City Van City Van,3,FF00FF,ช่วงรังสิต - ห้างสรรพสินค้าอิมพีเรียลสำโรง (ทางด่วน),Bangna - Imperial World Samrong (Highway),,未提供中文；保留泰文/英文原名,
3,公交车,1235,DLT,ต.63,รังสิต - การเคหะบางพลี (ทางด่วน);Rangsit - Bang Phli Housing (Highway),รถตู้ รถตู้;City Van City Van,3,FF00FF,รังสิต - การเคหะบางพลี (ทางด่วน),Rangsit - Bang Phli Housing (Highway),,未提供中文；保留泰文/英文原名,
3,公交车,1236,DLT,ต.61,ห้างสรรพสินค้าเซ็นทรัลลาดพร้าว - บางนา (ทางด่วน);Central Plaza Lardprao Department Store - Bangna(Highway),รถตู้ รถตู้;City Van City Van,3,FF00FF,ห้างสรรพสินค้าเซ็นทรัลลาดพร้าว - บางนา (ทางด่วน),Central Plaza Lardprao Department Store - Bangna(Highway),,未提供中文；保留泰文/英文原名,
3,公交车,1237,DLT,ต.60,สถานีขนส่งผู้โดยสารสายเหนือ (หมอชิต 2) - สำโรง (ทางด่วน);Bangkok Bus Terminal (Mo Chit 2) - Samrong (Highway),รถตู้ รถตู้;City Van City Van,3,FF00FF,สถานีขนส่งผู้โดยสารสายเหนือ (หมอชิต 2) - สำโรง (ทางด่วน),Bangkok Bus Terminal (Mo Chit 2) - Samrong (Highway),,未提供中文；保留泰文/英文原名,
3,公交车,1238,DLT,ต.59,สถานีขนส่งผู้โดยสารสายเหนือ (หมอชิต 2) - ปากน้ำ (ทางด่วน);Bangkok Bus Terminal (Mo Chit 2) - Pak Nam (Highway),รถตู้ รถตู้;City Van City Van,3,FF00FF,สถานีขนส่งผู้โดยสารสายเหนือ (หมอชิต 2) - ปากน้ำ (ทางด่วน),Bangkok Bus Terminal (Mo Chit 2) - Pak Nam (Highway),,未提供中文；保留泰文/英文原名,
3,公交车,1239,DLT,ต.58,สถานีขนส่งผู้โดยสารกรุงเทพฯ (จตุจักร) - เคหะบางพลี (ทางด่วน);Bangkok Bus Terminal (Chatuchak) - Bang Phli Housing (Highway),รถตู้ รถตู้;City Van City Van,3,ff00ff,สถานีขนส่งผู้โดยสารกรุงเทพฯ (จตุจักร) - เคหะบางพลี (ทางด่วน),Bangkok Bus Terminal (Chatuchak) - Bang Phli Housing (Highway),,未提供中文；保留泰文/英文原名,
3,公交车,1240,DLT,ต.57,ห้างสรรพสินค้าน้อมจิตต์ - มหาวิทยาลัยมหานคร;Nomjit Department Store - Mahanakorn University,รถตู้ รถตู้;City Van City Van,3,FF00FF,ห้างสรรพสินค้าน้อมจิตต์ - มหาวิทยาลัยมหานคร,Nomjit Department Store - Mahanakorn University,,未提供中文；保留泰文/英文原名,
3,公交车,1241,DLT,ต.56,บางกะปิ - เคหะชุมชนร่มเกล้า;Bang Kapi - Rom Klao Housing,รถตู้ รถตู้;City Van City Van,3,FF00FF,บางกะปิ - เคหะชุมชนร่มเกล้า,Bang Kapi - Rom Klao Housing,,未提供中文；保留泰文/英文原名,
3,公交车,1242,DLT,ต.55,วัดพระศรีมหาธาตุ - มหาวิทยาลัยมหานคร;Wat Phra Si Mahathat - Mahanakorn University,รถตู้ รถตู้;City Van City Van,3,FF00FF,วัดพระศรีมหาธาตุ - มหาวิทยาลัยมหานคร,Wat Phra Si Mahathat - Mahanakorn University,,未提供中文；保留泰文/英文原名,
3,公交车,1243,DLT,ต.54,ห้างสรรพสินค้าแฟชั่นไอร์แลนด์ - สถาบันเทคโนโลยีพระจอมเกล้าเจ้าคุณทหารลาดกระบัง;Fashion Island Department Store - King Mongkut's Institute of Technology Ladkrabang,รถตู้ รถตู้;City Van City Van,3,FF00FF,ห้างสรรพสินค้าแฟชั่นไอร์แลนด์ - สถาบันเทคโนโลยีพระจอมเกล้าเจ้าคุณทหารลาดกระบัง,Fashion Island Department Store - King Mongkut's Institute of Technology Ladkrabang,,未提供中文；保留泰文/英文原名,
3,公交车,1244,DLT,ต.53,ช่วงบางนา - บางบ่อ;Bangna - Bang Bo,รถตู้ รถตู้;City Van City Van,3,FF00FF,ช่วงบางนา - บางบ่อ,Bangna - Bang Bo,,未提供中文；保留泰文/英文原名,
3,公交车,1245,DLT,ต.53,บางนา - การเคหะบางพลี;Bangna - Bang Phli Housing,รถตู้ รถตู้;City Van City Van,3,FF00FF,บางนา - การเคหะบางพลี,Bangna - Bang Phli Housing,,未提供中文；保留泰文/英文原名,
3,公交车,1246,DLT,ต.51,ห้างสรรพสินค้าเดอะมอลล์บางกะปิ - ปากน้ำ;The mall Bang Kapi Department Store - Par Nam,รถตู้ รถตู้;City Van City Van,3,FF00FF,ห้างสรรพสินค้าเดอะมอลล์บางกะปิ - ปากน้ำ,The mall Bang Kapi Department Store - Par Nam,,未提供中文；保留泰文/英文原名,
3,公交车,1247,DLT,ต.52,บางกะปิ - บางนา;Bang Kapi - Bangna,รถตู้ รถตู้;City Van City Van,3,FF00FF,บางกะปิ - บางนา,Bang Kapi - Bangna,,未提供中文；保留泰文/英文原名,
3,公交车,1248,DLT,ต.50,ช่วงแฮปปี้แลนด์ - ลาดกระบัง;Happy Land - Ladkrabang,รถตู้ รถตู้;City Van City Van,3,FF00FF,ช่วงแฮปปี้แลนด์ - ลาดกระบัง,Happy Land - Ladkrabang,,未提供中文；保留泰文/英文原名,
3,公交车,1249,DLT,ต.50,ช่วงบางกะปิ - ลาดกระบัง;Bang Kapi - Ladkrabang,รถตู้ รถตู้;City Van City Van,3,FF00FF,ช่วงบางกะปิ - ลาดกระบัง,Bang Kapi - Ladkrabang,,未提供中文；保留泰文/英文原名,
3,公交车,1250,DLT,ต.50,ช่วงห้างสรรพสินค้าซีคอนสแควร์ - สถาบันเทคโนโลยีพระจอมเกล้าเจ้าคุณทหารลาดกระบัง;Seacon Square Department Store - King Mongkut's Institute of Technology Ladkrabang,รถตู้ รถตู้;City Van City Van,3,FF00FF,ช่วงห้างสรรพสินค้าซีคอนสแควร์ - สถาบันเทคโนโลยีพระจอมเกล้าเจ้าคุณทหารลาดกระบัง,Seacon Square Department Store - King Mongkut's Institute of Technology Ladkrabang,,未提供中文；保留泰文/英文原名,
3,公交车,1251,DLT,ต.49,มหาวิทยาลัยรามคำแหง - ห้างสรรพสินค้าซีคอนสแควร์;Ramkhamhaeng University - Seacon Square Department Store,รถตู้ รถตู้;City Van City Van,3,FF00FF,มหาวิทยาลัยรามคำแหง - ห้างสรรพสินค้าซีคอนสแควร์,Ramkhamhaeng University - Seacon Square Department Store,,未提供中文；保留泰文/英文原名,
3,公交车,1252,DLT,ต.48,ช่วงสุขุมวิท 103 - ประเวศ;Sukhumvit 103 - Prawet,รถตู้ รถตู้;City Van City Van,3,FF00FF,ช่วงสุขุมวิท 103 - ประเวศ,Sukhumvit 103 - Prawet,,未提供中文；保留泰文/英文原名,
3,公交车,1253,DLT,ต.48,ช่วงห้างสรรพสินค้าซีคอนสแควร์ - มหาวิทยาลัยรามคำแหง วิทยาเขตบางนา;Seacon Square Department Store - Ramkhamhaeng University Bang Na Campus,รถตู้ รถตู้;City Van City Van,3,FF00FF,ช่วงห้างสรรพสินค้าซีคอนสแควร์ - มหาวิทยาลัยรามคำแหง วิทยาเขตบางนา,Seacon Square Department Store - Ramkhamhaeng University Bang Na Campus,,未提供中文；保留泰文/英文原名,
3,公交车,1254,DLT,ต.48,มหาวิทยาลัยรามคำแหง - มหาวิทยาลัยรามคำแหง วิทยาเขตบางนา;Ramkhamhaeng University - Ramkhamhaeng University Bang Na Campus,รถตู้ รถตู้;City Van City Van,3,FF00FF,มหาวิทยาลัยรามคำแหง - มหาวิทยาลัยรามคำแหง วิทยาเขตบางนา,Ramkhamhaeng University - Ramkhamhaeng University Bang Na Campus,,未提供中文；保留泰文/英文原名,
3,公交车,1255,DLT,ต.46,ห้างสรรพสินค้าเซ็นทรัลลาดพร้าว - สะพานพระราม 7;Central Plaza Lardprao Department Store - Rama 7 Bridge,รถตู้ รถตู้;City Van City Van,3,FF00FF,ห้างสรรพสินค้าเซ็นทรัลลาดพร้าว - สะพานพระราม 7,Central Plaza Lardprao Department Store - Rama 7 Bridge,,未提供中文；保留泰文/英文原名,
3,公交车,1256,DLT,ต.45,มหาวิทยาลัยหอการค้า - ห้างสรรพสินค้าเวลโก้รามคำแหง;University of the Thai Chamber of Commerce - Welco Ramkhamhaeng Department Store,รถตู้ รถตู้;City Van City Van,3,FF00FF,มหาวิทยาลัยหอการค้า - ห้างสรรพสินค้าเวลโก้รามคำแหง,University of the Thai Chamber of Commerce - Welco Ramkhamhaeng Department Store,,未提供中文；保留泰文/英文原名,
3,公交车,1257,DLT,ต.43,มหาวิทยาลัยรามคำแหง - ห้างสรรพสินค้าเดอะมอลล์งามวงศ์วาน;Ramkhamhaeng University - The mall Ngam wong wan Department Store,รถตู้ รถตู้;City Van City Van,3,FF00FF,มหาวิทยาลัยรามคำแหง - ห้างสรรพสินค้าเดอะมอลล์งามวงศ์วาน,Ramkhamhaeng University - The mall Ngam wong wan Department Store,,未提供中文；保留泰文/英文原名,
3,公交车,1258,DLT,ต.42,สถานีรถไฟฟ้ารามคำแหง - ตลาดสะพานใหม่;Ramkhamhaeng Airport Rail Link Station - Saphan Mai Market,รถตู้ รถตู้;City Van City Van,3,FF00FF,สถานีรถไฟฟ้ารามคำแหง - ตลาดสะพานใหม่,Ramkhamhaeng Airport Rail Link Station - Saphan Mai Market,,未提供中文；保留泰文/英文原名,
3,公交车,1259,DLT,ต.41,หมู่บ้านรัตนโกสินทร์ 200 ปี - ห้างสรรพสินค้าเดอะมอลล์บางกะปิ;Rattanakosin 200 years Village - The mall Bang Kapi Department Store,รถตู้ รถตู้;City Van City Van,3,FF00FF,หมู่บ้านรัตนโกสินทร์ 200 ปี - ห้างสรรพสินค้าเดอะมอลล์บางกะปิ,Rattanakosin 200 years Village - The mall Bang Kapi Department Store,,未提供中文；保留泰文/英文原名,
3,公交车,1260,DLT,ต.40,มหาวิทยาลัยเกษตรศาสตร์ - ห้างสรรพสินค้าน้อมจิตต์;Kasetsart University - Nomjit Department Store,รถตู้ รถตู้;City Van City Van,3,FF00FF,มหาวิทยาลัยเกษตรศาสตร์ - ห้างสรรพสินค้าน้อมจิตต์,Kasetsart University - Nomjit Department Store,,未提供中文；保留泰文/英文原名,
3,公交车,1261,DLT,ต.39,มีนบุรี - รังสิต;Min Buri - Rangsit,รถตู้ รถตู้;City Van City Van,3,FF00FF,มีนบุรี - รังสิต,Min Buri - Rangsit,,未提供中文；保留泰文/英文原名,
3,公交车,1262,DLT,ต.38,ห้างสรรพสินค้าเดอะมอลล์งามวงศ์วาน - หมู่บ้านบัวทอง 4;The mall Ngam wong wan Department Store - Bang Bua Thong 4 Village,รถตู้ รถตู้;City Van City Van,3,FF00FF,ห้างสรรพสินค้าเดอะมอลล์งามวงศ์วาน - หมู่บ้านบัวทอง 4,The mall Ngam wong wan Department Store - Bang Bua Thong 4 Village,,未提供中文；保留泰文/英文原名,
3,公交车,1263,DLT,ต.37,ช่วงสถานีขนส่งผู้โดยสารกรุงเทพฯ (จตุจักร) - หมู่บ้านรัตนาธิเบศร์;Bangkok Bus Terminal (Chatuchak) - Rattanathibate Village,รถตู้ รถตู้;City Van City Van,3,FF00FF,ช่วงสถานีขนส่งผู้โดยสารกรุงเทพฯ (จตุจักร) - หมู่บ้านรัตนาธิเบศร์,Bangkok Bus Terminal (Chatuchak) - Rattanathibate Village,,未提供中文；保留泰文/英文原名,
3,公交车,1264,DLT,ต.37,ช่วงห้างสรรพสินค้าเซ็นทรัลลาดพร้าว - หมู่บ้านรัตนาธิเบศร์;Central Plaza Lardprao Department Store - Rattanathibate Village,รถตู้ รถตู้;City Van City Van,3,FF00FF,ช่วงห้างสรรพสินค้าเซ็นทรัลลาดพร้าว - หมู่บ้านรัตนาธิเบศร์,Central Plaza Lardprao Department Store - Rattanathibate Village,,未提供中文；保留泰文/英文原名,
3,公交车,1265,DLT,ต.37,สวนจตุจักร - อำเภอบางบัวทอง;Chatuchak Park - Bang Bua Thong District,รถตู้ รถตู้;City Van City Van,3,FF00FF,สวนจตุจักร - อำเภอบางบัวทอง,Chatuchak Park - Bang Bua Thong District,,未提供中文；保留泰文/英文原名,
3,公交车,1266,DLT,ต.36,วงเวียนใหญ่ - ทุ่งครุ;Wongwian Yai - Thung Kru,รถตู้ รถตู้;City Van City Van,3,FF00FF,วงเวียนใหญ่ - ทุ่งครุ,Wongwian Yai - Thung Kru,,未提供中文；保留泰文/英文原名,
3,公交车,1267,DLT,ต.35,สนามหลวง - ท่าน้ำพระประแดง;Sanam Luang - Phra Pradaeng Pier,รถตู้ รถตู้;City Van City Van,3,FF00FF,สนามหลวง - ท่าน้ำพระประแดง,Sanam Luang - Phra Pradaeng Pier,,未提供中文；保留泰文/英文原名,
3,公交车,1268,DLT,ต.34,คลองสาน - หมู่บ้านหรรษา;Khlong San - Hansa Village,รถตู้ รถตู้;City Van City Van,3,FF00FF,คลองสาน - หมู่บ้านหรรษา,Khlong San - Hansa Village,,未提供中文；保留泰文/英文原名,
3,公交车,1269,DLT,ต.32,ช่วงรามอินทรา 40 - ประตูน้ำ (ทางด่วน);Ram-intra 40 - Pratunam (Highway),รถตู้ รถตู้;City Van City Van,3,FF00FF,ช่วงรามอินทรา 40 - ประตูน้ำ (ทางด่วน),Ram-intra 40 - Pratunam (Highway),,未提供中文；保留泰文/英文原名,
3,公交车,1270,DLT,ต.32,รามอินทรา (ซอยนวลจันทร์) - สีลม (ทางด่วน);Ram-intra (Soi Nuanchan) - Silom (Highway),รถตู้ รถตู้;City Van City Van,3,FF00FF,รามอินทรา (ซอยนวลจันทร์) - สีลม (ทางด่วน),Ram-intra (Soi Nuanchan) - Silom (Highway),,未提供中文；保留泰文/英文原名,
3,公交车,1271,DLT,ต.31,สถานีขนส่งผู้โดยสารสายใต้ - บางนา (ทางด่วน);Bangkok Southern Bus Terminal - Bangna (Highway),รถตู้ รถตู้;City Van City Van,3,FF00FF,สถานีขนส่งผู้โดยสารสายใต้ - บางนา (ทางด่วน),Bangkok Southern Bus Terminal - Bangna (Highway),,未提供中文；保留泰文/英文原名,
3,公交车,1272,DLT,ต.30,ช่วงสถานีขนส่งผู้โดยสารกรุงเทพฯ (จตุจักร) - บางนา (ทางด่วน ถ.กำแพงเพชร 2);Bangkok Bus Terminal (Chatuchak) - Bangna (Highway Kamphaeng Phet 2 Road),รถตู้ รถตู้;City Van City Van,3,FF00FF,ช่วงสถานีขนส่งผู้โดยสารกรุงเทพฯ (จตุจักร) - บางนา (ทางด่วน ถ.กำแพงเพชร 2),Bangkok Bus Terminal (Chatuchak) - Bangna (Highway Kamphaeng Phet 2 Road),,未提供中文；保留泰文/英文原名,
3,公交车,1273,DLT,ต.30,สถานีขนส่งผู้โดยสารกรุงเทพฯ (จตุจักร) - บางนา (ทางด่วน);Bangkok Bus Terminal (Chatuchak) - Bangna (Highway),รถตู้ รถตู้;City Van City Van,3,FF00FF,สถานีขนส่งผู้โดยสารกรุงเทพฯ (จตุจักร) - บางนา (ทางด่วน),Bangkok Bus Terminal (Chatuchak) - Bangna (Highway),,未提供中文；保留泰文/英文原名,
3,公交车,1274,DLT,ต.29,สวนลุมพินี - บางปะแก้ว (ทางด่วน);Lum Phi Ni Park - Bang Pa Kaeo (Highway),รถตู้ รถตู้;City Van City Van,3,FF00FF,สวนลุมพินี - บางปะแก้ว (ทางด่วน),Lum Phi Ni Park - Bang Pa Kaeo (Highway),,未提供中文；保留泰文/英文原名,
3,公交车,1275,DLT,ต.28,สีลม - ห้างสรรพสินค้าบางลำภูงามวงศ์วาน (ทางด่วน);Silom - Banglamphu Ngam wong wan Department Store (Highway),รถตู้ รถตู้;City Van City Van,3,FF00FF,สีลม - ห้างสรรพสินค้าบางลำภูงามวงศ์วาน (ทางด่วน),Silom - Banglamphu Ngam wong wan Department Store (Highway),,未提供中文；保留泰文/英文原名,
3,公交车,1276,DLT,ต.27,มาบุญครอง - ปากเกร็ด (ทางด่วน);Ma Bun Khlong - Pak Kret (Highway),รถตู้ รถตู้;City Van City Van,3,FF00FF,มาบุญครอง - ปากเกร็ด (ทางด่วน),Ma Bun Khlong - Pak Kret (Highway),,未提供中文；保留泰文/英文原名,
3,公交车,1277,DLT,ต.27,ช่วงสีลม - ปากเกร็ด (ทางด่วน);Silom - Pak Kret (Highway),รถตู้ รถตู้;City Van City Van,3,FF00FF,ช่วงสีลม - ปากเกร็ด (ทางด่วน),Silom - Pak Kret (Highway),,未提供中文；保留泰文/英文原名,
3,公交车,1278,DLT,ต.26,ช่วงห้างสรรพสินค้าบางลำภูงามวงศ์วาน - อโศก (ทางด่วน);Banglamphu Ngam wong wan Department Store - Asok (Highway),รถตู้ รถตู้;City Van City Van,3,FF00FF,ช่วงห้างสรรพสินค้าบางลำภูงามวงศ์วาน - อโศก (ทางด่วน),Banglamphu Ngam wong wan Department Store - Asok (Highway),,未提供中文；保留泰文/英文原名,
3,公交车,1279,DLT,ต.26,ถนนพระราม 9 (แยก อ.ส.ม.ท.) - ปากเกร็ด (ทางด่วน);Rama 9 (MCOT Intersection) - Pak Kret (Highway),รถตู้ รถตู้;City Van City Van,3,FF00FF,ถนนพระราม 9 (แยก อ.ส.ม.ท.) - ปากเกร็ด (ทางด่วน),Rama 9 (MCOT Intersection) - Pak Kret (Highway),,未提供中文；保留泰文/英文原名,
3,公交车,1280,DLT,ต.25,มีนบุรี - เคหะชุมชนร่มเกล้า;Min Buri - Rom Klao Housing,รถตู้ รถตู้;City Van City Van,3,FF00FF,มีนบุรี - เคหะชุมชนร่มเกล้า,Min Buri - Rom Klao Housing,,未提供中文；保留泰文/英文原名,
3,公交车,1281,DLT,ต.24,มีนบุรี - บางพลี;Min Buri - Bang Phli,รถตู้ รถตู้;City Van City Van,3,FF00FF,มีนบุรี - บางพลี,Min Buri - Bang Phli,,未提供中文；保留泰文/英文原名,
3,公交车,1282,DLT,ต.23,ช่วงหมู่บ้านอมรทรัพย์ - หัวตะเข้;Amon Sap Village - Hua Takhe,รถตู้ รถตู้;City Van City Van,3,FF00FF,ช่วงหมู่บ้านอมรทรัพย์ - หัวตะเข้,Amon Sap Village - Hua Takhe,,未提供中文；保留泰文/英文原名,
3,公交车,1283,DLT,ต.23,มีนบุรี - ลาดกระบัง (หัวตะเข้);Min Buri - Ladkrabang (Hua Takhe),รถตู้ รถตู้;City Van City Van,3,FF00FF,มีนบุรี - ลาดกระบัง (หัวตะเข้),Min Buri - Ladkrabang (Hua Takhe),,未提供中文；保留泰文/英文原名,
3,公交车,1284,DLT,ต.22,มีนบุรี - ปากเกร็ด;Min Buri - Pak Kret,รถตู้ รถตู้;City Van City Van,3,FF00FF,มีนบุรี - ปากเกร็ด,Min Buri - Pak Kret,,未提供中文；保留泰文/英文原名,
3,公交车,1285,DLT,ต.21,ช่วงห้างสรรพสินค้าเดอะมอลล์บางกะปิ - หนองจอก;The mall Bang Kapi Department Store - Nong Chok,รถตู้ รถตู้;City Van City Van,3,FF00FF,ช่วงห้างสรรพสินค้าเดอะมอลล์บางกะปิ - หนองจอก,The mall Bang Kapi Department Store - Nong Chok,,未提供中文；保留泰文/英文原名,
3,公交车,1286,DLT,ต.21,สถานีรถไฟฟ้ารามคำแหง - หนองจอก;Ramkhamhaeng Airport Rail Link Station - Nong Chok,รถตู้ รถตู้;City Van City Van,3,FF00FF,สถานีรถไฟฟ้ารามคำแหง - หนองจอก,Ramkhamhaeng Airport Rail Link Station - Nong Chok,,未提供中文；保留泰文/英文原名,
3,公交车,1287,DLT,ต.19,ช่วงรามอินทรา - ประตูน้ำ;Ram-intra - Pratunam,รถตู้ รถตู้;City Van City Van,3,FF00FF,ช่วงรามอินทรา - ประตูน้ำ,Ram-intra - Pratunam,,未提供中文；保留泰文/英文原名,
3,公交车,1288,DLT,ต.19,รามอินทรา กม.8 - อิมพิเรียลลาดพร้าว;Ram-intra km.8 - Imperial World Ladprao,รถตู้ รถตู้;City Van City Van,3,FF00FF,รามอินทรา กม.8 - อิมพิเรียลลาดพร้าว,Ram-intra km.8 - Imperial World Ladprao,,未提供中文；保留泰文/英文原名,
3,公交车,1289,DLT,ต.18,มีนบุรี - คู้ซ้าย - หนองจอก;Min Buri - Khu Sai - Nong Chok,รถตู้ รถตู้;City Van City Van,3,FF00FF,มีนบุรี - คู้ซ้าย - หนองจอก,Min Buri - Khu Sai - Nong Chok,,未提供中文；保留泰文/英文原名,
3,公交车,1290,DLT,ต.17,มีนบุรี - คู้ขวา - หนองจอก;Min Buri - Khu Khwa - Nong Chok,รถตู้ รถตู้;City Van City Van,3,FF00FF,มีนบุรี - คู้ขวา - หนองจอก,Min Buri - Khu Khwa - Nong Chok,,未提供中文；保留泰文/英文原名,
3,公交车,1291,DLT,ต.16,มีนบุรี - สถานีขนส่งผู้โดยสารสายเหนือ (หมอชิต 2);Min Buri - Bangkok Bus Terminal (Mo Chit 2),รถตู้ รถตู้;City Van City Van,3,FF00FF,มีนบุรี - สถานีขนส่งผู้โดยสารสายเหนือ (หมอชิต 2),Min Buri - Bangkok Bus Terminal (Mo Chit 2),,未提供中文；保留泰文/英文原名,
3,公交车,1292,DLT,ต.15,ตัดช่วงมีนบุรี - แคราย;Min Buri - Khae Rai,รถตู้ รถตู้;City Van City Van,3,FF00FF,ตัดช่วงมีนบุรี - แคราย,Min Buri - Khae Rai,,未提供中文；保留泰文/英文原名,
3,公交车,1293,DLT,ต.15,ช่วงมีนบุรี - บางบัวทอง;Min Buri - Bang Bua Thong,รถตู้ รถตู้;City Van City Van,3,FF00FF,ช่วงมีนบุรี - บางบัวทอง,Min Buri - Bang Bua Thong,,未提供中文；保留泰文/英文原名,
3,公交车,1294,DLT,ต.15,มีนบุรี - จตุจักร;Min Buri - Chatuchak,รถตู้ รถตู้;City Van City Van,3,FF00FF,มีนบุรี - จตุจักร,Min Buri - Chatuchak,,未提供中文；保留泰文/英文原名,
3,公交车,1295,DLT,ต.13,สะพานใหม่ - เดอะมอลล์งามวงศ์วาน;Saphan Mai - The mall Ngam wong wan Department Store,รถตู้ รถตู้;City Van City Van,3,FF00FF,สะพานใหม่ - เดอะมอลล์งามวงศ์วาน,Saphan Mai - The mall Ngam wong wan Department Store,,未提供中文；保留泰文/英文原名,
3,公交车,1296,DLT,ต.14,ห้างสรรพสินค้าแฟชั่นไอร์แลนด์ - มหาวิทยาลัยเกษตรศาสตร์;Fasion Island Department Store - Kasetsart University,รถตู้ รถตู้;City Van City Van,3,FF00FF,ห้างสรรพสินค้าแฟชั่นไอร์แลนด์ - มหาวิทยาลัยเกษตรศาสตร์,Fasion Island Department Store - Kasetsart University,,未提供中文；保留泰文/英文原名,
3,公交车,1297,DLT,ต.10,สถานีขนส่งผู้โดยสารสายเหนือ (หมอชิต 2) - ปากเกร็ด;Bangkok Bus Terminal (Mo Chit 2) - Pak Kret,รถตู้ รถตู้;City Van City Van,3,FF00FF,สถานีขนส่งผู้โดยสารสายเหนือ (หมอชิต 2) - ปากเกร็ด,Bangkok Bus Terminal (Mo Chit 2) - Pak Kret,,未提供中文；保留泰文/英文原名,
3,公交车,1298,DLT,ต.9,ภัตตาคารเสริมมิตร - หมู่บ้านบัวทอง;Sermmit Restaurant - Bua Thong Village,รถตู้ รถตู้;City Van City Van,3,FF00FF,ภัตตาคารเสริมมิตร - หมู่บ้านบัวทอง,Sermmit Restaurant - Bua Thong Village,,未提供中文；保留泰文/英文原名,
3,公交车,1299,DLT,ต.8,เชิงสะพานสมเด็จพระปิ่นเกล้า - หมู่บ้านรัตนาธิเบศร์;Phra Pin-klao Bridge - Rattanathibate Village,รถตู้ รถตู้;City Van City Van,3,FF00FF,เชิงสะพานสมเด็จพระปิ่นเกล้า - หมู่บ้านรัตนาธิเบศร์,Phra Pin-klao Bridge - Rattanathibate Village,,未提供中文；保留泰文/英文原名,
3,公交车,1300,DLT,ต.8,ช่วงห้างสรรพสินค้าเมอร์รี่คิงส์ (ปิ่นเกล้า) - หมู่บ้านพฤกษา 3;Merry King Department Store (Pinklao)- Pruksa Village,รถตู้ รถตู้;City Van City Van,3,FF00FF,ช่วงห้างสรรพสินค้าเมอร์รี่คิงส์ (ปิ่นเกล้า) - หมู่บ้านพฤกษา 3,Merry King Department Store (Pinklao)- Pruksa Village,,未提供中文；保留泰文/英文原名,
3,公交车,1301,DLT,ต.8,ช่วงสนามหลวง - อำเภอบางใหญ่;Sanam Luang - Bang Yai District,รถตู้ รถตู้;City Van City Van,3,FF00FF,ช่วงสนามหลวง - อำเภอบางใหญ่,Sanam Luang - Bang Yai District,,未提供中文；保留泰文/英文原名,
3,公交车,1302,DLT,ต.8,เชิงสะพานสมเด็จพระปิ่นเกล้า - อำเภอบางบัวทอง;Phra Pin-klao Bridge - Bang Bua Thong District,รถตู้ รถตู้;City Van City Van,3,FF00FF,เชิงสะพานสมเด็จพระปิ่นเกล้า - อำเภอบางบัวทอง,Phra Pin-klao Bridge - Bang Bua Thong District,,未提供中文；保留泰文/英文原名,
3,公交车,1303,DLT,ต.7,ท่าน้ำดินแดง - การเคหะชุมชนธนบุรี;Din Daeng Pier - Thonburi Housing,รถตู้ รถตู้;City Van City Van,3,FF00FF,ท่าน้ำดินแดง - การเคหะชุมชนธนบุรี,Din Daeng Pier - Thonburi Housing,,未提供中文；保留泰文/英文原名,
3,公交车,1304,DLT,ต.12,เซ็นทรัลลาดพร้าว - ท่าน้ำนนทบุรี;Central Plaza Ladprao Department Store - Nonthaburi Pier,รถตู้ รถตู้;City Van City Van,3,FF00FF,เซ็นทรัลลาดพร้าว - ท่าน้ำนนทบุรี,Central Plaza Ladprao Department Store - Nonthaburi Pier,,未提供中文；保留泰文/英文原名,
3,公交车,1305,DLT,ต.5,เชิงสะพานสมเด็จพระปิ่นเกล้า - หมู่บ้านเศรษฐกิจ;Phra Pin-klao Bridge - Setthakit Village,รถตู้ รถตู้;City Van City Van,3,FF00FF,เชิงสะพานสมเด็จพระปิ่นเกล้า - หมู่บ้านเศรษฐกิจ,Phra Pin-klao Bridge - Setthakit Village,,未提供中文；保留泰文/英文原名,
3,公交车,1306,DLT,ต.4,เชิงสะพานสมเด็จพระปิ่นเกล้า - หมู่บ้านหรรษา;Phra Pin-klao Bridge - Hunsa Village,รถตู้ รถตู้;City Van City Van,3,FF00FF,เชิงสะพานสมเด็จพระปิ่นเกล้า - หมู่บ้านหรรษา,Phra Pin-klao Bridge - Hunsa Village,,未提供中文；保留泰文/英文原名,
3,公交车,1307,DLT,ต.3,ห้างสรรพสินค้าพาต้าปิ่นเกล้า - หมู่บ้านสินสมบูรณ์;Pata Pinklao Department Store - Sin Somboon Village,รถตู้ รถตู้;City Van City Van,3,FF00FF,ห้างสรรพสินค้าพาต้าปิ่นเกล้า - หมู่บ้านสินสมบูรณ์,Pata Pinklao Department Store - Sin Somboon Village,,未提供中文；保留泰文/英文原名,
3,公交车,1308,DLT,ต.11,เดอะมอลล์งามวงศ์วาน - ปากเกร็ด;The mall Ngam wong wan Department Store - Pak Kret,รถตู้ รถตู้;City Van City Van,3,FF00FF,เดอะมอลล์งามวงศ์วาน - ปากเกร็ด,The mall Ngam wong wan Department Store - Pak Kret,,未提供中文；保留泰文/英文原名,
3,公交车,1309,DLT,ต.1,ช่วงสถานีรถไฟฟ้าบางหว้า - ตลาดพุทธมณฑล (ถนนบรมราชชนนี);Bang Wha BTS Station - Phutthamonthon Market (Borommaratchachonnani Road),รถตู้ รถตู้;City Van City Van,3,FF00FF,ช่วงสถานีรถไฟฟ้าบางหว้า - ตลาดพุทธมณฑล (ถนนบรมราชชนนี),Bang Wha BTS Station - Phutthamonthon Market (Borommaratchachonnani Road),,未提供中文；保留泰文/英文原名,
3,公交车,1310,DLT,ต.1,ช่วงห้างสรรพสินค้าพาต้าปิ่นเกล้า - พุทธมณฑลสาย 7 - วัดไร่ขิง;Pata Pinklao Department Store - Phutthamonthon 7 - Wat Rai Khing,รถตู้ รถตู้;City Van City Van,3,FF00FF,ช่วงห้างสรรพสินค้าพาต้าปิ่นเกล้า - พุทธมณฑลสาย 7 - วัดไร่ขิง,Pata Pinklao Department Store - Phutthamonthon 7 - Wat Rai Khing,,未提供中文；保留泰文/英文原名,
3,公交车,1311,DLT,ต.1,ช่วงห้างสรรพสินค้าพาต้าปิ่นเกล้า - มหาวิทยาลัยมหิดล (ศาลายา);Pata Pinklao Department Store - Mahidol University (Saraya),รถตู้ รถตู้;City Van City Van,3,FF00FF,ช่วงห้างสรรพสินค้าพาต้าปิ่นเกล้า - มหาวิทยาลัยมหิดล (ศาลายา),Pata Pinklao Department Store - Mahidol University (Saraya),,未提供中文；保留泰文/英文原名,
3,公交车,1312,DLT,ต.1,ห้างสรรพสินค้าพาต้าปิ่นเกล้า - อำเภอสามพราน;Pata Pinklao Department Store - Sampran District,รถตู้ รถตู้;City Van City Van,3,FF00FF,ห้างสรรพสินค้าพาต้าปิ่นเกล้า - อำเภอสามพราน,Pata Pinklao Department Store - Sampran District,,未提供中文；保留泰文/英文原名,
3,公交车,1313,DLT,ต.1073,ห้างเทสโก้โลตัสประชาชื่น - ห้างสรรพสินค้าเดอะมอลล์งามวงศ์วาน;Tesco Lotus Prachachuen - The mall Ngam wong wan Department Store,รถตู้ รถตู้;City Van City Van,3,FF00FF,ห้างเทสโก้โลตัสประชาชื่น - ห้างสรรพสินค้าเดอะมอลล์งามวงศ์วาน,Tesco Lotus Prachachuen - The mall Ngam wong wan Department Store,,未提供中文；保留泰文/英文原名,
3,公交车,1314,DLT,ต.44,ห้างสรรพสินค้าเซ็นทรัลหัวหมาก - ห้างสรรพสินค้าเซ็นทรัลลาดพร้าว;Central Plaza Hua Mak Department Store - Central Plaza Ladprao Department Store,รถตู้ รถตู้;City Van City Van,3,FF00FF,ห้างสรรพสินค้าเซ็นทรัลหัวหมาก - ห้างสรรพสินค้าเซ็นทรัลลาดพร้าว,Central Plaza Hua Mak Department Store - Central Plaza Ladprao Department Store,,未提供中文；保留泰文/英文原名,
3,公交车,1315,DLT,ต.2,หมู่บ้านร่วมเกื้อ - ห้างสรรพสินค้าพาต้าปิ่นเกล้า;Ruam Kuea Village - Pata Pinklao Department Store,รถตู้ รถตู้;City Van City Van,3,FF00FF,หมู่บ้านร่วมเกื้อ - ห้างสรรพสินค้าพาต้าปิ่นเกล้า,Ruam Kuea Village - Pata Pinklao Department Store,,未提供中文；保留泰文/英文原名,
3,公交车,1316,DLT,ต.3,หมู่บ้านสินสมบูรณ์ - ห้างสรรพสินค้าพาต้าปิ่นเกล้า;Sinsomboon Village - Pata Pinklao Department Store,รถตู้ รถตู้;City Van City Van,3,FF00FF,หมู่บ้านสินสมบูรณ์ - ห้างสรรพสินค้าพาต้าปิ่นเกล้า,Sinsomboon Village - Pata Pinklao Department Store,,未提供中文；保留泰文/英文原名,
3,公交车,1317,DLT,ต.4,หมู่บ้านหรรษา - เชิงสะพานสมเด็จพระปิ่นเกล้า;Hunsa Village - Phra Pin-klao Bridge,รถตู้ รถตู้;City Van City Van,3,FF00FF,หมู่บ้านหรรษา - เชิงสะพานสมเด็จพระปิ่นเกล้า,Hunsa Village - Phra Pin-klao Bridge,,未提供中文；保留泰文/英文原名,
3,公交车,1318,DLT,ต.5,หมู่บ้านเศรษฐกิจ - เชิงสะพานสมเด็จพระปิ่นเกล้า;Setthakit Village - Phra Pin-klao Bridge,รถตู้ รถตู้;City Van City Van,3,FF00FF,หมู่บ้านเศรษฐกิจ - เชิงสะพานสมเด็จพระปิ่นเกล้า,Setthakit Village - Phra Pin-klao Bridge,,未提供中文；保留泰文/英文原名,
3,公交车,1319,DLT,ต.6,การเคหะชุมชนธนบุรี - ห้างสรรพสินค้าฟิวเจอร์ปาร์คบางแค;Thonburi Housing - Future Park Bang Khae Department Store,รถตู้ รถตู้;City Van City Van,3,FF00FF,การเคหะชุมชนธนบุรี - ห้างสรรพสินค้าฟิวเจอร์ปาร์คบางแค,Thonburi Housing - Future Park Bang Khae Department Store,,未提供中文；保留泰文/英文原名,
3,公交车,1320,DLT,ต.7,การเคหะชุมชนธนบุรี - ท่าน้ำดินแดง;Thonburi Housing - Din Daeng Pier,รถตู้ รถตู้;City Van City Van,3,FF00FF,การเคหะชุมชนธนบุรี - ท่าน้ำดินแดง,Thonburi Housing - Din Daeng Pier,,未提供中文；保留泰文/英文原名,
3,公交车,1321,DLT,ต.8,อำเภอบางบัวทอง - เชิงสะพานสมเด็จพระปิ่นเกล้า;Bang Bua Thong District - Phra Pin-klao Bridge,รถตู้ รถตู้;City Van City Van,3,FF00FF,อำเภอบางบัวทอง - เชิงสะพานสมเด็จพระปิ่นเกล้า,Bang Bua Thong District - Phra Pin-klao Bridge,,未提供中文；保留泰文/英文原名,
3,公交车,1322,DLT,ต.8,หมู่บ้านพฤกษา 3 - ช่วงห้างสรรพสินค้าเมอร์รี่คิงส์ (ปิ่นเกล้า);Pruksa 3 Village - Merry King Department Store,รถตู้ รถตู้;City Van City Van,3,FF00FF,หมู่บ้านพฤกษา 3 - ช่วงห้างสรรพสินค้าเมอร์รี่คิงส์ (ปิ่นเกล้า),Pruksa 3 Village - Merry King Department Store,,未提供中文；保留泰文/英文原名,
3,公交车,1323,DLT,ต.9,หมู่บ้านบัวทอง - ภัตตาคารเสริมมิตร;Bua Thong Village - Sermmit Restaurant (Pinklao),รถตู้ รถตู้;City Van City Van,3,FF00FF,หมู่บ้านบัวทอง - ภัตตาคารเสริมมิตร,Bua Thong Village - Sermmit Restaurant (Pinklao),,未提供中文；保留泰文/英文原名,
3,公交车,1324,DLT,ต.10,ปากเกร็ด - สถานีขนส่งผู้โดยสารสายเหนือ (หมอชิต 2);Pak Kret - Bangkok Bus Terminal (Mo Chit 2),รถตู้ รถตู้;City Van City Van,3,FF00FF,ปากเกร็ด - สถานีขนส่งผู้โดยสารสายเหนือ (หมอชิต 2),Pak Kret - Bangkok Bus Terminal (Mo Chit 2),,未提供中文；保留泰文/英文原名,
3,公交车,1325,DLT,ต.11,ปากเกร็ด - เดอะมอลล์งามวงศ์วาน;Pak Kret - The mall Ngam wong wan Department Store,รถตู้ รถตู้;City Van City Van,3,FF00FF,ปากเกร็ด - เดอะมอลล์งามวงศ์วาน,Pak Kret - The mall Ngam wong wan Department Store,,未提供中文；保留泰文/英文原名,
3,公交车,1326,DLT,ต.12,ท่าน้ำนนทบุรี - เซ็นทรัลลาดพร้าว;Nonthaburi Pier - Central Plaza Ladprao Department Store,รถตู้ รถตู้;City Van City Van,3,FF00FF,ท่าน้ำนนทบุรี - เซ็นทรัลลาดพร้าว,Nonthaburi Pier - Central Plaza Ladprao Department Store,,未提供中文；保留泰文/英文原名,
3,公交车,1327,DLT,ต.12,ช่วงท่าน้ำนนทบุรี - ถนนวงศ์สว่าง - สวนจตุจักร;Nonthaburi Pier - Wong Sawang Road - Chatuchak Park,รถตู้ รถตู้;City Van City Van,3,FF00FF,ช่วงท่าน้ำนนทบุรี - ถนนวงศ์สว่าง - สวนจตุจักร,Nonthaburi Pier - Wong Sawang Road - Chatuchak Park,,未提供中文；保留泰文/英文原名,
3,公交车,1328,DLT,ต.13,เดอะมอลล์งามวงศ์วาน - สะพานใหม่;The mall Ngam wong wan Department Store - Saphan Mai,รถตู้ รถตู้;City Van City Van,3,FF00FF,เดอะมอลล์งามวงศ์วาน - สะพานใหม่,The mall Ngam wong wan Department Store - Saphan Mai,,未提供中文；保留泰文/英文原名,
3,公交车,1329,DLT,ต.14,มหาวิทยาลัยเกษตรศาสตร์ - ห้างสรรพสินค้าแฟชั่นไอร์แลนด์;Kasetsart University - Fasion Island Department Store,รถตู้ รถตู้;City Van City Van,3,FF00FF,มหาวิทยาลัยเกษตรศาสตร์ - ห้างสรรพสินค้าแฟชั่นไอร์แลนด์,Kasetsart University - Fasion Island Department Store,,未提供中文；保留泰文/英文原名,
3,公交车,1330,DLT,ต.15,จตุจักร - มีนบุรี;Chatuchak - Min Buri,รถตู้ รถตู้;City Van City Van,3,FF00FF,จตุจักร - มีนบุรี,Chatuchak - Min Buri,,未提供中文；保留泰文/英文原名,
3,公交车,1331,DLT,ต.15,บางบัวทอง - ช่วงมีนบุรี;Bang Bua Thong - Min Buri,รถตู้ รถตู้;City Van City Van,3,FF00FF,บางบัวทอง - ช่วงมีนบุรี,Bang Bua Thong - Min Buri,,未提供中文；保留泰文/英文原名,
3,公交车,1332,DLT,ต.15,ตัดช่วงแคราย - มีนบุรี;Khae Rai - Min Buri,รถตู้ รถตู้;City Van City Van,3,FF00FF,ตัดช่วงแคราย - มีนบุรี,Khae Rai - Min Buri,,未提供中文；保留泰文/英文原名,
3,公交车,1333,DLT,ต.16,สถานีขนส่งผู้โดยสารสายเหนือ (หมอชิต 2) - มีนบุรี;Bangkok Bus Terminal (Mo Chit 2) - Min Buri,รถตู้ รถตู้;City Van City Van,3,FF00FF,สถานีขนส่งผู้โดยสารสายเหนือ (หมอชิต 2) - มีนบุรี,Bangkok Bus Terminal (Mo Chit 2) - Min Buri,,未提供中文；保留泰文/英文原名,
3,公交车,1334,DLT,ต.17,หนองจอก - คู้ขวา - มีนบุรี;Nong Chok - Khu Khwa - Min Buri,รถตู้ รถตู้;City Van City Van,3,FF00FF,หนองจอก - คู้ขวา - มีนบุรี,Nong Chok - Khu Khwa - Min Buri,,未提供中文；保留泰文/英文原名,
3,公交车,1335,DLT,ต.18,หนองจอก - คู้ซ้าย - มีนบุรี;Nong Chok - Khu Sai - Min Buri,รถตู้ รถตู้;City Van City Van,3,FF00FF,หนองจอก - คู้ซ้าย - มีนบุรี,Nong Chok - Khu Sai - Min Buri,,未提供中文；保留泰文/英文原名,
3,公交车,1336,DLT,ต.19,อิมพิเรียลลาดพร้าว - รามอินทรา กม.8;Imperial World Ladprao Department Store - Ram-intra km.8,รถตู้ รถตู้;City Van City Van,3,FF00FF,อิมพิเรียลลาดพร้าว - รามอินทรา กม.8,Imperial World Ladprao Department Store - Ram-intra km.8,,未提供中文；保留泰文/英文原名,
3,公交车,1337,DLT,ต.19,ช่วงประตูน้ำ - รามอินทรา;Patunam - Ram-intra,รถตู้ รถตู้;City Van City Van,3,FF00FF,ช่วงประตูน้ำ - รามอินทรา,Patunam - Ram-intra,,未提供中文；保留泰文/英文原名,
3,公交车,1338,DLT,ต.20,วัดลำต้อยติ่ง - มีนบุรี;Lum Toi Ting Temple - Min Buri,รถตู้ รถตู้;City Van City Van,3,FF00FF,วัดลำต้อยติ่ง - มีนบุรี,Lum Toi Ting Temple - Min Buri,,未提供中文；保留泰文/英文原名,
3,公交车,1339,DLT,ต.21,หนองจอก - สถานีรถไฟฟ้ารามคำแหง;Nong Chok - Ramkhamhaeng Airport Rail Link Station,รถตู้ รถตู้;City Van City Van,3,FF00FF,หนองจอก - สถานีรถไฟฟ้ารามคำแหง,Nong Chok - Ramkhamhaeng Airport Rail Link Station,,未提供中文；保留泰文/英文原名,
3,公交车,1340,DLT,ต.21,ช่วงหนองจอก - ห้างสรรพสินค้าเดอะมอลล์บางกะปิ;Nong Chok - The mall Bang Kapi Department Store,รถตู้ รถตู้;City Van City Van,3,FF00FF,ช่วงหนองจอก - ห้างสรรพสินค้าเดอะมอลล์บางกะปิ,Nong Chok - The mall Bang Kapi Department Store,,未提供中文；保留泰文/英文原名,
3,公交车,1341,DLT,ต.22,ปากเกร็ด - มีนบุรี;Pak Kret - Min Buri,รถตู้ รถตู้;City Van City Van,3,FF00FF,ปากเกร็ด - มีนบุรี,Pak Kret - Min Buri,,未提供中文；保留泰文/英文原名,
3,公交车,1342,DLT,ต.23,ลาดกระบัง (หัวตะเข้)) - มีนบุรี;Ladkrabang (Hua Takhe) - Min Buri,รถตู้ รถตู้;City Van City Van,3,FF00FF,ลาดกระบัง (หัวตะเข้)) - มีนบุรี,Ladkrabang (Hua Takhe) - Min Buri,,未提供中文；保留泰文/英文原名,
3,公交车,1343,DLT,ต.24,บางพลี - มีนบุรี;Bang Phli - Min Buri,รถตู้ รถตู้;City Van City Van,3,FF00FF,บางพลี - มีนบุรี,Bang Phli - Min Buri,,未提供中文；保留泰文/英文原名,
3,公交车,1344,DLT,ต.25,เคหะชุมชนร่มเกล้า - มีนบุรี;Rom Klao Community Housing - Min Buri,รถตู้ รถตู้;City Van City Van,3,FF00FF,เคหะชุมชนร่มเกล้า - มีนบุรี,Rom Klao Community Housing - Min Buri,,未提供中文；保留泰文/英文原名,
3,公交车,1345,DLT,ต.26,ปากเกร็ด (ทางด่วน) - ถนนพระราม 9 (แยก อ.ส.ม.ท.);Pak Kret (Highway) - Rama 9 Road (MCOT Intersection),รถตู้ รถตู้;City Van City Van,3,FF00FF,ปากเกร็ด (ทางด่วน) - ถนนพระราม 9 (แยก อ.ส.ม.ท.),Pak Kret (Highway) - Rama 9 Road (MCOT Intersection),,未提供中文；保留泰文/英文原名,
3,公交车,1346,DLT,ต.26,ช่วงอโศก (ทางด่วน) - ช่วงห้างสรรพสินค้าบางลำภูงามวงศ์วาน;Asok (Highway) - Banglamphu Ngam wong wan Department Store,รถตู้ รถตู้;City Van City Van,3,FF00FF,ช่วงอโศก (ทางด่วน) - ช่วงห้างสรรพสินค้าบางลำภูงามวงศ์วาน,Asok (Highway) - Banglamphu Ngam wong wan Department Store,,未提供中文；保留泰文/英文原名,
3,公交车,1347,DLT,ต.28,ห้างสรรพสินค้าบางลำภูงามวงศ์วาน (ทางด่วน) - สีลม;Banglamphu Ngam wong wan Department Store (Highway) - Silom,รถตู้ รถตู้;City Van City Van,3,FF00FF,ห้างสรรพสินค้าบางลำภูงามวงศ์วาน (ทางด่วน) - สีลม,Banglamphu Ngam wong wan Department Store (Highway) - Silom,,未提供中文；保留泰文/英文原名,
3,公交车,1348,DLT,ต.29,บางปะแก้ว (ทางด่วน) - สวนลุมพินี;Bang Pa Keao (Highway) - Lumpini Park,รถตู้ รถตู้;City Van City Van,3,FF00FF,บางปะแก้ว (ทางด่วน) - สวนลุมพินี,Bang Pa Keao (Highway) - Lumpini Park,,未提供中文；保留泰文/英文原名,
3,公交车,1349,DLT,ต.30,บางนา (ทางด่วน) - สถานีขนส่งผู้โดยสารกรุงเทพฯ (จตุจักร);Bangna (Highway) - Bangkok Bus Terminal (Chatuchak),รถตู้ รถตู้;City Van City Van,3,FF00FF,บางนา (ทางด่วน) - สถานีขนส่งผู้โดยสารกรุงเทพฯ (จตุจักร),Bangna (Highway) - Bangkok Bus Terminal (Chatuchak),,未提供中文；保留泰文/英文原名,
3,公交车,1350,DLT,ต.30,ช่วงบางนา (ทางด่วน ถ.กำแพงเพชร 2) - สถานีขนส่งผู้โดยสารกรุงเทพฯ (จตุจักร);Bangna (Highway Kamphaeng Phet 2 Road) - Bangkok Bus Terminal (Chatuchak),รถตู้ รถตู้;City Van City Van,3,FF00FF,ช่วงบางนา (ทางด่วน ถ.กำแพงเพชร 2) - สถานีขนส่งผู้โดยสารกรุงเทพฯ (จตุจักร),Bangna (Highway Kamphaeng Phet 2 Road) - Bangkok Bus Terminal (Chatuchak),,未提供中文；保留泰文/英文原名,
3,公交车,1351,DLT,ต.31,บางนา (ทางด่วน) - สถานีขนส่งผู้โดยสารสายใต้;Bangna (Highway) - Bangkok Southern Bus Terminal,รถตู้ รถตู้;City Van City Van,3,FF00FF,บางนา (ทางด่วน) - สถานีขนส่งผู้โดยสารสายใต้,Bangna (Highway) - Bangkok Southern Bus Terminal,,未提供中文；保留泰文/英文原名,
3,公交车,1352,DLT,ต.32,สีลม (ทางด่วน) - รามอินทรา (ซอยนวลจันทร์);Silom (Highway) Ram-intra (Soi Nuanchan),รถตู้ รถตู้;City Van City Van,3,FF00FF,สีลม (ทางด่วน) - รามอินทรา (ซอยนวลจันทร์),Silom (Highway) Ram-intra (Soi Nuanchan),,未提供中文；保留泰文/英文原名,
3,公交车,1353,DLT,ต.32,ช่วงประตูน้ำ (ทางด่วน) - รามอินทรา 40;Patunam (Highway) - Ram-intra 40,รถตู้ รถตู้;City Van City Van,3,FF00FF,ช่วงประตูน้ำ (ทางด่วน) - รามอินทรา 40,Patunam (Highway) - Ram-intra 40,,未提供中文；保留泰文/英文原名,
3,公交车,1354,DLT,ต.34,หมู่บ้านหรรษา - คลองสาน;Hunsa Village - Khlong San,รถตู้ รถตู้;City Van City Van,3,FF00FF,หมู่บ้านหรรษา - คลองสาน,Hunsa Village - Khlong San,,未提供中文；保留泰文/英文原名,
3,公交车,1355,DLT,ต.35,ท่าน้ำพระประแดง - สนามหลวง;Pra Padaeng Pier - Snam Luang,รถตู้ รถตู้;City Van City Van,3,FF00FF,ท่าน้ำพระประแดง - สนามหลวง,Pra Padaeng Pier - Snam Luang,,未提供中文；保留泰文/英文原名,
3,公交车,1356,DLT,ต.36,ทุ่งครุ - วงเวียนใหญ่;Thung Kru - Wongwian Yai,รถตู้ รถตู้;City Van City Van,3,FF00FF,ทุ่งครุ - วงเวียนใหญ่,Thung Kru - Wongwian Yai,,未提供中文；保留泰文/英文原名,
3,公交车,1357,DLT,ต.37,อำเภอบางบัวทอง - สวนจตุจักร;Bang Bua Thong District- Chatuchak Park,รถตู้ รถตู้;City Van City Van,3,FF00FF,อำเภอบางบัวทอง - สวนจตุจักร,Bang Bua Thong District- Chatuchak Park,,未提供中文；保留泰文/英文原名,
3,公交车,1358,DLT,ต.37,ช่วงหมู่บ้านรัตนาธิเบศร์ - ห้างสรรพสินค้าเซ็นทรัลลาดพร้าว;Rattanathibate Village - Central Plaza Ladprao Department Store,รถตู้ รถตู้;City Van City Van,3,FF00FF,ช่วงหมู่บ้านรัตนาธิเบศร์ - ห้างสรรพสินค้าเซ็นทรัลลาดพร้าว,Rattanathibate Village - Central Plaza Ladprao Department Store,,未提供中文；保留泰文/英文原名,
3,公交车,1359,DLT,ต.38,หมู่บ้านบัวทอง 4 - ห้างสรรพสินค้าเดอะมอลล์งามวงศ์วาน;Bang Bua Thong 4 - The mall Ngam wong wan Department Store,รถตู้ รถตู้;City Van City Van,3,FF00FF,หมู่บ้านบัวทอง 4 - ห้างสรรพสินค้าเดอะมอลล์งามวงศ์วาน,Bang Bua Thong 4 - The mall Ngam wong wan Department Store,,未提供中文；保留泰文/英文原名,
3,公交车,1360,DLT,ต.39,รังสิต - มีนบุรี;Rangsit - Min Buri,รถตู้ รถตู้;City Van City Van,3,FF00FF,รังสิต - มีนบุรี,Rangsit - Min Buri,,未提供中文；保留泰文/英文原名,
3,公交车,1361,DLT,ต.40,ห้างสรรพสินค้าน้อมจิตต์ - มหาวิทยาลัยเกษตรศาสตร์;Nomjit Department Store - Kasetsart University,รถตู้ รถตู้;City Van City Van,3,FF00FF,ห้างสรรพสินค้าน้อมจิตต์ - มหาวิทยาลัยเกษตรศาสตร์,Nomjit Department Store - Kasetsart University,,未提供中文；保留泰文/英文原名,
3,公交车,1362,DLT,ต.43,ห้างสรรพสินค้าเดอะมอลล์งามวงศ์วาน - มหาวิทยาลัยรามคำแหง;The mall Ngam wong wan Department Store - Ramkhamhaeng University,รถตู้ รถตู้;City Van City Van,3,FF00FF,ห้างสรรพสินค้าเดอะมอลล์งามวงศ์วาน - มหาวิทยาลัยรามคำแหง,The mall Ngam wong wan Department Store - Ramkhamhaeng University,,未提供中文；保留泰文/英文原名,
3,公交车,1363,DLT,ต.44,ห้างสรรพสินค้าเซ็นทรัลลาดพร้าว - ห้างสรรพสินค้าเซ็นทรัลหัวหมาก;Central Plaza Ladprao Department Store - Central Plaza Hua Mak Department Store,รถตู้ รถตู้;City Van City Van,3,FF00FF,ห้างสรรพสินค้าเซ็นทรัลลาดพร้าว - ห้างสรรพสินค้าเซ็นทรัลหัวหมาก,Central Plaza Ladprao Department Store - Central Plaza Hua Mak Department Store,,未提供中文；保留泰文/英文原名,
3,公交车,1364,DLT,ต.45,ห้างสรรพสินค้าเวลโก้รามคำแหง - มหาวิทยาลัยหอการค้า;Welco Ramkhamhaeng Department Store - University of the Thai Chamber of Commerce,รถตู้ รถตู้;City Van City Van,3,FF00FF,ห้างสรรพสินค้าเวลโก้รามคำแหง - มหาวิทยาลัยหอการค้า,Welco Ramkhamhaeng Department Store - University of the Thai Chamber of Commerce,,未提供中文；保留泰文/英文原名,
3,公交车,1365,DLT,ต.46,สะพานพระราม 7 - ห้างสรรพสินค้าเซ็นทรัลลาดพร้าว;Rama 7 Bridge - Central Plaza Ladprao Department Store,รถตู้ รถตู้;City Van City Van,3,FF00FF,สะพานพระราม 7 - ห้างสรรพสินค้าเซ็นทรัลลาดพร้าว,Rama 7 Bridge - Central Plaza Ladprao Department Store,,未提供中文；保留泰文/英文原名,
3,公交车,1366,DLT,ต.48,"มหาวิทยาลัยรามคำแหง วิทยาเขตบางนา - มหาวิทยาลัยรามคำแหง;Ramkhamhaeng University,Bangna Campus - Ramkhamhaeng University",รถตู้ รถตู้;City Van City Van,3,FF00FF,มหาวิทยาลัยรามคำแหง วิทยาเขตบางนา - มหาวิทยาลัยรามคำแหง,"Ramkhamhaeng University,Bangna Campus - Ramkhamhaeng University",,未提供中文；保留泰文/英文原名,
3,公交车,1367,DLT,ต.48,"ช่วงมหาวิทยาลัยรามคำแหง วิทยาเขตบางนา - ห้างสรรพสินค้าซีคอนสแควร์;Ramkhamhaeng University,Bangna Campus - Seacon Square Department Store",รถตู้ รถตู้;City Van City Van,3,FF00FF,ช่วงมหาวิทยาลัยรามคำแหง วิทยาเขตบางนา - ห้างสรรพสินค้าซีคอนสแควร์,"Ramkhamhaeng University,Bangna Campus - Seacon Square Department Store",,未提供中文；保留泰文/英文原名,
3,公交车,1368,DLT,ต.48,ช่วงประเวศ - สุขุมวิท 103;Prawet - Sukhumvit 103,รถตู้ รถตู้;City Van City Van,3,FF00FF,ช่วงประเวศ - สุขุมวิท 103,Prawet - Sukhumvit 103,,未提供中文；保留泰文/英文原名,
3,公交车,1369,DLT,ต.49,ห้างสรรพสินค้าซีคอนสแควร์ - มหาวิทยาลัยรามคำแหง;Seacon Square Department Store - Ramkhamhaeng University,รถตู้ รถตู้;City Van City Van,3,FF00FF,ห้างสรรพสินค้าซีคอนสแควร์ - มหาวิทยาลัยรามคำแหง,Seacon Square Department Store - Ramkhamhaeng University,,未提供中文；保留泰文/英文原名,
3,公交车,1370,DLT,ต.50,ช่วงสถาบันเทคโนโลยีพระจอมเกล้าเจ้าคุณทหารลาดกระบัง - ห้างสรรพสินค้าซีคอนสแควร์;King Mongkut's Institute of Technology Ladkrabang - Seacon Square Department Store,รถตู้ รถตู้;City Van City Van,3,FF00FF,ช่วงสถาบันเทคโนโลยีพระจอมเกล้าเจ้าคุณทหารลาดกระบัง - ห้างสรรพสินค้าซีคอนสแควร์,King Mongkut's Institute of Technology Ladkrabang - Seacon Square Department Store,,未提供中文；保留泰文/英文原名,
3,公交车,1371,DLT,ต.50,ช่วงลาดกระบัง - แฮปปี้แลนด์;Ladkrabang - Happy Land,รถตู้ รถตู้;City Van City Van,3,FF00FF,ช่วงลาดกระบัง - แฮปปี้แลนด์,Ladkrabang - Happy Land,,未提供中文；保留泰文/英文原名,
3,公交车,1372,DLT,ต.52,บางนา - บางกะปิ;Bangna - Bang Kapi,รถตู้ รถตู้;City Van City Van,3,FF00FF,บางนา - บางกะปิ,Bangna - Bang Kapi,,未提供中文；保留泰文/英文原名,
3,公交车,1373,DLT,ต.55,มหาวิทยาลัยมหานคร - วัดพระศรีมหาธาตุ;Mahanakorn University - Phrasri Mahathat Temple,รถตู้ รถตู้;City Van City Van,3,FF00FF,มหาวิทยาลัยมหานคร - วัดพระศรีมหาธาตุ,Mahanakorn University - Phrasri Mahathat Temple,,未提供中文；保留泰文/英文原名,
3,公交车,1374,DLT,ต.56,เคหะชุมชนร่มเกล้า - บางกะปิ;Rom Klao Community Housing - Bang Kapi,รถตู้ รถตู้;City Van City Van,3,FF00FF,เคหะชุมชนร่มเกล้า - บางกะปิ,Rom Klao Community Housing - Bang Kapi,,未提供中文；保留泰文/英文原名,
3,公交车,1375,DLT,ต.57,มหาวิทยาลัยมหานคร - ห้างสรรพสินค้าน้อมจิตต์;Mahanakorn University - Nomjit Department Store,รถตู้ รถตู้;City Van City Van,3,FF00FF,มหาวิทยาลัยมหานคร - ห้างสรรพสินค้าน้อมจิตต์,Mahanakorn University - Nomjit Department Store,,未提供中文；保留泰文/英文原名,
3,公交车,1376,DLT,ต.117,ลำลูกกา - มหาวิทยาลัยรามคำแหง;Lumlukka - Ramkhamhaeng University,รถตู้ รถตู้;City Van City Van,3,FF00FF,ลำลูกกา - มหาวิทยาลัยรามคำแหง,Lumlukka - Ramkhamhaeng University,,未提供中文；保留泰文/英文原名,
3,公交车,1377,DLT,ต.114,ห้างสรรพสินค้าฟิวเจอร์ปาร์ครังสิต - ห้างสรรพสินค้าเดอะมอลล์งามวงศ์วาน;Future Park Rangsit Department Store - The mall Ngam wong wan Department Store,รถตู้ รถตู้;City Van City Van,3,FF00FF,ห้างสรรพสินค้าฟิวเจอร์ปาร์ครังสิต - ห้างสรรพสินค้าเดอะมอลล์งามวงศ์วาน,Future Park Rangsit Department Store - The mall Ngam wong wan Department Store,,未提供中文；保留泰文/英文原名,
3,公交车,1378,DLT,ต.84,ช่วงอนุสาวรีย์ชัยสมรภูมิ - ห้างสรรพสินค้าฟิวเจอร์ปาร์ครังสิต;Victory Monument - Future Park Rangsit Department Store,รถตู้ รถตู้;City Van City Van,3,FF00FF,ช่วงอนุสาวรีย์ชัยสมรภูมิ - ห้างสรรพสินค้าฟิวเจอร์ปาร์ครังสิต,Victory Monument - Future Park Rangsit Department Store,,未提供中文；保留泰文/英文原名,
3,公交车,1379,DLT,ต.84,ช่วงรังสิต - จตุจักร;Rangsit - Chatuchak,รถตู้ รถตู้;City Van City Van,3,FF00FF,ช่วงรังสิต - จตุจักร,Rangsit - Chatuchak,,未提供中文；保留泰文/英文原名,
3,公交车,1380,DLT,ต.84,รังสิต (คลอง 1) - อนุสาวรีย์ชัยสมรภูมิ;Rangsit (Khlong 1) - Victory Monument,รถตู้ รถตู้;City Van City Van,3,FF00FF,รังสิต (คลอง 1) - อนุสาวรีย์ชัยสมรภูมิ,Rangsit (Khlong 1) - Victory Monument,,未提供中文；保留泰文/英文原名,
3,公交车,1381,DLT,ต.83,ห้างสรรพสินค้าฟิวเจอร์ปาร์ครังสิต - อนุสาวรีย์ชัยสมรภูมิ;Future Park Rangsit Department Store - Victory Monument,รถตู้ รถตู้;City Van City Van,3,FF00FF,ห้างสรรพสินค้าฟิวเจอร์ปาร์ครังสิต - อนุสาวรีย์ชัยสมรภูมิ,Future Park Rangsit Department Store - Victory Monument,,未提供中文；保留泰文/英文原名,
3,公交车,1382,DLT,ต.82,ตลาดสะพานใหม่ - อนุสาวรีย์ชัยสมรภูมิ;Saphan Mai Market - Victory Monument,รถตู้ รถตู้;City Van City Van,3,FF00FF,ตลาดสะพานใหม่ - อนุสาวรีย์ชัยสมรภูมิ,Saphan Mai Market - Victory Monument,,未提供中文；保留泰文/英文原名,
3,公交车,1383,DLT,ต.81,ตลาดสะพานใหม่ - อ.ส.ม.ท.;Saphan Mai Market - MCOT,รถตู้ รถตู้;City Van City Van,3,FF00FF,ตลาดสะพานใหม่ - อ.ส.ม.ท.,Saphan Mai Market - MCOT,,未提供中文；保留泰文/英文原名,
3,公交车,1384,DLT,ต.79,ท่าน้ำนนทบุรี - มหาวิทยาลัยเกษตรศาสตร์;Nonthaburi Pier - Kasetsart University,รถตู้ รถตู้;City Van City Van,3,FF00FF,ท่าน้ำนนทบุรี - มหาวิทยาลัยเกษตรศาสตร์,Nonthaburi Pier - Kasetsart University,,未提供中文；保留泰文/英文原名,
3,公交车,1385,DLT,ต.77,หมู่บ้านบัวทอง - ห้างสรรพสินค้าเดอะมอลล์บางแค;Bua Thong Village - The mall Bang Khae Department Store,รถตู้ รถตู้;City Van City Van,3,FF00FF,หมู่บ้านบัวทอง - ห้างสรรพสินค้าเดอะมอลล์บางแค,Bua Thong Village - The mall Bang Khae Department Store,,未提供中文；保留泰文/英文原名,
3,公交车,1386,DLT,ต.76,หมู่บ้านบัวทอง - ห้างสรรพสินค้าพาต้าปิ่นเกล้า;Bua Thong Village - Pata Pinklao Department Store,รถตู้ รถตู้;City Van City Van,3,FF00FF,หมู่บ้านบัวทอง - ห้างสรรพสินค้าพาต้าปิ่นเกล้า,Bua Thong Village - Pata Pinklao Department Store,,未提供中文；保留泰文/英文原名,
3,公交车,1387,DLT,ต.75,ซอยลาดพร้าว 84 (ทางด่วน) - สีลม;Soi Ladprao 84 (Highway) - Silom,รถตู้ รถตู้;City Van City Van,3,FF00FF,ซอยลาดพร้าว 84 (ทางด่วน) - สีลม,Soi Ladprao 84 (Highway) - Silom,,未提供中文；保留泰文/英文原名,
3,公交车,1388,DLT,ต.74,ซอยนวลจันทร์ (ทางด่วน) - ถนนนราธิวาสราชนครินทร์ - สีลม;Soi Nuanchan (Highway) - Naradhiwas Rajanagarindra Road - Silom,รถตู้ รถตู้;City Van City Van,3,FF00FF,ซอยนวลจันทร์ (ทางด่วน) - ถนนนราธิวาสราชนครินทร์ - สีลม,Soi Nuanchan (Highway) - Naradhiwas Rajanagarindra Road - Silom,,未提供中文；保留泰文/英文原名,
3,公交车,1389,DLT,ต.73,ช่วงการเคหะธนบุรี (ทางด่วน) - กรมศุลกากร (คลองเตย);Thonburi Housing (Highway) - The Customs Department (Khlong Toei),รถตู้ รถตู้;City Van City Van,3,ff00ff,ช่วงการเคหะธนบุรี (ทางด่วน) - กรมศุลกากร (คลองเตย),Thonburi Housing (Highway) - The Customs Department (Khlong Toei),,未提供中文；保留泰文/英文原名,
3,公交车,1390,DLT,ต.71,ช่วงการเคหะธนบุรี (ทางด่วน) - อนุสาวรีย์ชัยสมรภูมิ;Thonburi Housing (Highway) - Victory Monument,รถตู้ รถตู้;City Van City Van,3,ff00ff,ช่วงการเคหะธนบุรี (ทางด่วน) - อนุสาวรีย์ชัยสมรภูมิ,Thonburi Housing (Highway) - Victory Monument,,未提供中文；保留泰文/英文原名,
3,公交车,1391,DLT,ต.71,วัดสน (ทางด่วน) - ประตูน้ำ;Son Temple (Highway) - Pratunam,รถตู้ รถตู้;City Van City Van,3,FF00FF,วัดสน (ทางด่วน) - ประตูน้ำ,Son Temple (Highway) - Pratunam,,未提供中文；保留泰文/英文原名,
3,公交车,1392,DLT,ต.70,ซอยรามคำแหง 22 (ทางด่วน) - อนุสาวรีย์ชัยสมรภูมิ;Soi Ramkhamhaeng 22 (Highway) - Victory Monument,รถตู้ รถตู้;City Van City Van,3,FF00FF,ซอยรามคำแหง 22 (ทางด่วน) - อนุสาวรีย์ชัยสมรภูมิ,Soi Ramkhamhaeng 22 (Highway) - Victory Monument,,未提供中文；保留泰文/英文原名,
3,公交车,1393,DLT,ต.67,บางนา (ทางด่วน) - สีลม;Bangna (Highway) - Silom,รถตู้ รถตู้;City Van City Van,3,FF00FF,บางนา (ทางด่วน) - สีลม,Bangna (Highway) - Silom,,未提供中文；保留泰文/英文原名,
3,公交车,1394,DLT,ต.65,ห้างสรรพสินค้าบางลำภูงามวงศ์วาน (ทางด่วน) - มาบุญครอง;Banglamphu Ngam wong wan Department Store (Highway) - Ma Bun Khlong,รถตู้ รถตู้;City Van City Van,3,FF00FF,ห้างสรรพสินค้าบางลำภูงามวงศ์วาน (ทางด่วน) - มาบุญครอง,Banglamphu Ngam wong wan Department Store (Highway) - Ma Bun Khlong,,未提供中文；保留泰文/英文原名,
3,公交车,1395,DLT,ต.64,ปากเกร็ด (ทางด่วน) - อนุสาวรีย์ชัยสมรภูมิ;Pak Kret (Highway) - Victory Monument,รถตู้ รถตู้;City Van City Van,3,FF00FF,ปากเกร็ด (ทางด่วน) - อนุสาวรีย์ชัยสมรภูมิ,Pak Kret (Highway) - Victory Monument,,未提供中文；保留泰文/英文原名,
3,公交车,1396,DLT,ต.62,สำโรง (ทางด่วน) - มหาวิทยาลัยเกษตรศาสตร์;Samrong (Highway) - Kasetsart University,รถตู้ รถตู้;City Van City Van,3,FF00FF,สำโรง (ทางด่วน) - มหาวิทยาลัยเกษตรศาสตร์,Samrong (Highway) - Kasetsart University,,未提供中文；保留泰文/英文原名,
3,公交车,1397,DLT,ต.61,บางนา (ทางด่วน) - ห้างสรรพสินค้าเซ็นทรัลลาดพร้าว;Bangna (Highway) - Central Plaza Ladprao Department Store,รถตู้ รถตู้;City Van City Van,3,FF00FF,บางนา (ทางด่วน) - ห้างสรรพสินค้าเซ็นทรัลลาดพร้าว,Bangna (Highway) - Central Plaza Ladprao Department Store,,未提供中文；保留泰文/英文原名,
3,公交车,1398,DLT,ต.59,ปากน้ำ (ทางด่วน) - สถานีขนส่งผู้โดยสารสายเหนือ (หมอชิต 2);Pak Nam (Highway) Bangkok Bus Terminal (Mo Chit 2),รถตู้ รถตู้;City Van City Van,3,FF00FF,ปากน้ำ (ทางด่วน) - สถานีขนส่งผู้โดยสารสายเหนือ (หมอชิต 2),Pak Nam (Highway) Bangkok Bus Terminal (Mo Chit 2),,未提供中文；保留泰文/英文原名,
3,公交车,1399,DLT,ต.58,เคหะบางพลี (ทางด่วน ถนนกำแพงเพชร 2) - สถานีขนส่งผู้โดยสารกรุงเทพฯ (จตุจักร);Bang Phli Housing - Bangkok Bus Terminal (Chatuchak),รถตู้ รถตู้;City Van City Van,3,ff00ff,เคหะบางพลี (ทางด่วน ถนนกำแพงเพชร 2) - สถานีขนส่งผู้โดยสารกรุงเทพฯ (จตุจักร),Bang Phli Housing - Bangkok Bus Terminal (Chatuchak),,未提供中文；保留泰文/英文原名,
3,公交车,1400,DLT,1009,(เที่ยวไป) ตลาดยิ่งเจริญ - ตลาดวงศกร - มีนบุรี;Ying Charoen Market - Wongsakon Market - Min Buri (Departure),รถโดยสารในซอย รถโดยสารในซอย;City Mini Bus City Mini Bus,3,20B2AA,(เที่ยวไป) ตลาดยิ่งเจริญ - ตลาดวงศกร - มีนบุรี,Ying Charoen Market - Wongsakon Market - Min Buri (Departure),,未提供中文；保留泰文/英文原名,
3,公交车,1401,DLT,1009,(เที่ยวกลับ) มีนบุรี - ตลาดวงศกร - ตลาดยิ่งเจริญ;Min Buri - Wongsakon Market - Ying Charoen Market (Return),รถโดยสารในซอย รถโดยสารในซอย;City Mini Bus City Mini Bus,3,20B2AA,(เที่ยวกลับ) มีนบุรี - ตลาดวงศกร - ตลาดยิ่งเจริญ,Min Buri - Wongsakon Market - Ying Charoen Market (Return),,未提供中文；保留泰文/英文原名,
3,公交车,1402,DLT,1009,ช่วงตลาดยิ่งเจริญ - วัดแป้นทองโสภาราม;Ying Charoen Market - Panthong Soparam Temple,รถโดยสารในซอย รถโดยสารในซอย;City Mini Bus City Mini Bus,3,20B2AA,ช่วงตลาดยิ่งเจริญ - วัดแป้นทองโสภาราม,Ying Charoen Market - Panthong Soparam Temple,,未提供中文；保留泰文/英文原名,
3,公交车,1403,DLT,1009,ช่วงตลาดยิ่งเจริญ - ถนนเพิ่มสิน - ตลาดวงศกร;Ying Charoen Market - Phoemsin Road - Wongsakon Market,รถโดยสารในซอย รถโดยสารในซอย;City Mini Bus City Mini Bus,3,20B2AA,ช่วงตลาดยิ่งเจริญ - ถนนเพิ่มสิน - ตลาดวงศกร,Ying Charoen Market - Phoemsin Road - Wongsakon Market,,未提供中文；保留泰文/英文原名,
3,公交车,1404,DLT,1009,ช่วงวงกลมตลาดยิ่งเจริญ - วัดเกาะสุวรรณาราม - ถนนพหลโยธิน - รัตนโกสินทร์สมโภชน์;Ying Charoen Market - Koh Suwannaram Temple - Phahon Yothin Road - Rattanakosinsompoch,รถโดยสารในซอย รถโดยสารในซอย;City Mini Bus City Mini Bus,3,20B2AA,ช่วงวงกลมตลาดยิ่งเจริญ - วัดเกาะสุวรรณาราม - ถนนพหลโยธิน - รัตนโกสินทร์สมโภชน์,Ying Charoen Market - Koh Suwannaram Temple - Phahon Yothin Road - Rattanakosinsompoch,,未提供中文；保留泰文/英文原名,
3,公交车,1405,DLT,1009,ช่วงตลาดยิ่งเจริญ - ถนนเพิ่มสิน - โรงเรียนรัตนโกสินทร์สมโภชบางเขน;Ying Charoen Market - Phoemsin Road - Rattanakosinsompochbangkhen School,รถโดยสารในซอย รถโดยสารในซอย;City Mini Bus City Mini Bus,3,20B2AA,ช่วงตลาดยิ่งเจริญ - ถนนเพิ่มสิน - โรงเรียนรัตนโกสินทร์สมโภชบางเขน,Ying Charoen Market - Phoemsin Road - Rattanakosinsompochbangkhen School,,未提供中文；保留泰文/英文原名,
3,公交车,1406,DLT,1009,ช่วงวัดอยู่ดีบำรุงธรรม (วัดออเงิน) - ตลาดวงศกร - ถนนลำลูกกา;Yudee Bamrungtham (O Ngoen Temple)Temple - Wongsakon Market - Lumlukka Road,รถโดยสารในซอย รถโดยสารในซอย;City Mini Bus City Mini Bus,3,20B2AA,ช่วงวัดอยู่ดีบำรุงธรรม (วัดออเงิน) - ตลาดวงศกร - ถนนลำลูกกา,Yudee Bamrungtham (O Ngoen Temple)Temple - Wongsakon Market - Lumlukka Road,,未提供中文；保留泰文/英文原名,
3,公交车,1407,DLT,1009,ช่วงวงกลมตลาดยิ่งเจริญ - ตลาดวงศกร - วัชรพล;Ying Charoen Market - Wongsakon Market - Watchara Phon,รถโดยสารในซอย รถโดยสารในซอย;City Mini Bus City Mini Bus,3,20B2AA,ช่วงวงกลมตลาดยิ่งเจริญ - ตลาดวงศกร - วัชรพล,Ying Charoen Market - Wongsakon Market - Watchara Phon,,未提供中文；保留泰文/英文原名,
3,公交车,1408,DLT,1009,ช่วงวงกลมตลาดยิ่งเจริญ - ตลาดวงศกร - ถนนพหลโยธิน - รัตนโกสินทร์สมโภชน์;Ying Charoen Market - Wongsakon Market - Phahon Yothin Road - Rattanakosinsompoch,รถโดยสารในซอย รถโดยสารในซอย;City Mini Bus City Mini Bus,3,20B2AA,ช่วงวงกลมตลาดยิ่งเจริญ - ตลาดวงศกร - ถนนพหลโยธิน - รัตนโกสินทร์สมโภชน์,Ying Charoen Market - Wongsakon Market - Phahon Yothin Road - Rattanakosinsompoch,,未提供中文；保留泰文/英文原名,
3,公交车,1409,DLT,1013,ช่วงพระโขนง - ห้างจัสโก้;Phra Khanong - Jusco Department Store,รถโดยสารในซอย รถโดยสารในซอย;City Mini Bus City Mini Bus,3,20B2AA,ช่วงพระโขนง - ห้างจัสโก้,Phra Khanong - Jusco Department Store,,未提供中文；保留泰文/英文原名,
3,公交车,1410,DLT,1013,ช่วงลาดกระบัง - ห้างจัสโก้;Ladkrabang - Jusco Department Store,รถโดยสารในซอย รถโดยสารในซอย;City Mini Bus City Mini Bus,3,20B2AA,ช่วงลาดกระบัง - ห้างจัสโก้,Ladkrabang - Jusco Department Store,,未提供中文；保留泰文/英文原名,
3,公交车,1411,DLT,1013,ช่วงการเคหะชุมชนร่มเกล้า - ศูนย์การค้าเทิดไท;Rom Klao Community Housing - Terdthai Shopping Center,รถโดยสารในซอย รถโดยสารในซอย;City Mini Bus City Mini Bus,3,20B2AA,ช่วงการเคหะชุมชนร่มเกล้า - ศูนย์การค้าเทิดไท,Rom Klao Community Housing - Terdthai Shopping Center,,未提供中文；保留泰文/英文原名,
3,公交车,1412,DLT,1013,ช่วงพระโขนง - สถานีรถไฟฟ้าหัวหมาก;Phra Khanong - Hua Mak Airport Rail Link Station,รถโดยสารในซอย รถโดยสารในซอย;City Mini Bus City Mini Bus,3,20B2AA,ช่วงพระโขนง - สถานีรถไฟฟ้าหัวหมาก,Phra Khanong - Hua Mak Airport Rail Link Station,,未提供中文；保留泰文/英文原名,
3,公交车,1413,DLT,1013,ช่วงพระโขนง - ถนนศรีนครินทร์ - ห้างสรรพสินค้าเมกา บางนา;Phra Khanong - Srinakharin Road - Mega Bangna Department Store,รถโดยสารในซอย รถโดยสารในซอย;City Mini Bus City Mini Bus,3,20B2AA,ช่วงพระโขนง - ถนนศรีนครินทร์ - ห้างสรรพสินค้าเมกา บางนา,Phra Khanong - Srinakharin Road - Mega Bangna Department Store,,未提供中文；保留泰文/英文原名,
3,公交车,1414,DLT,1013,ช่วงสถานีรถไฟฟ้าลาดกระบัง - วัดกิ่งแก้ว;Ladkrabang Airport Rail Link Station - Kaew King Temple,รถโดยสารในซอย รถโดยสารในซอย;City Mini Bus City Mini Bus,3,20B2AA,ช่วงสถานีรถไฟฟ้าลาดกระบัง - วัดกิ่งแก้ว,Ladkrabang Airport Rail Link Station - Kaew King Temple,,未提供中文；保留泰文/英文原名,
3,公交车,1415,DLT,1013,ช่วงโครงการบ้านเอื้ออาทรลาดกระบัง - นิคมอุตสาหกรรมลาดกระบัง;Ladkrabang Generous Village - Ladkrabang Industrial Estate,รถโดยสารในซอย รถโดยสารในซอย;City Mini Bus City Mini Bus,3,20B2AA,ช่วงโครงการบ้านเอื้ออาทรลาดกระบัง - นิคมอุตสาหกรรมลาดกระบัง,Ladkrabang Generous Village - Ladkrabang Industrial Estate,,未提供中文；保留泰文/英文原名,
3,公交车,1416,DLT,1013,พระโขนง - ลาดกระบัง;Phra Khanong - Ladkrabang,รถโดยสารในซอย รถโดยสารในซอย;City Mini Bus City Mini Bus,3,20B2AA,พระโขนง - ลาดกระบัง,Phra Khanong - Ladkrabang,,未提供中文；保留泰文/英文原名,
3,公交车,1417,DLT,1013,ช่วงพระโขนง - ซอยหมู่บ้านมิตรภาพ;Phra Khanong - Soi Mittraphap Village,รถโดยสารในซอย รถโดยสารในซอย;City Mini Bus City Mini Bus,3,20B2AA,ช่วงพระโขนง - ซอยหมู่บ้านมิตรภาพ,Phra Khanong - Soi Mittraphap Village,,未提供中文；保留泰文/英文原名,
3,公交车,1418,DLT,1013,ช่วงพระโขนง - ซอยสามพี่น้อง - ห้างเสรีเซ็นเตอร์;Phra Khanong - Soi Sam Phinong - Seri Center Department Store,รถโดยสารในซอย รถโดยสารในซอย;City Mini Bus City Mini Bus,3,20B2AA,ช่วงพระโขนง - ซอยสามพี่น้อง - ห้างเสรีเซ็นเตอร์,Phra Khanong - Soi Sam Phinong - Seri Center Department Store,,未提供中文；保留泰文/英文原名,
3,公交车,1419,DLT,1013,ช่วงพระโขนง - ซอยสะและน้อย;Phra Khanong - Soi Sa Lae Noi,รถโดยสารในซอย รถโดยสารในซอย;City Mini Bus City Mini Bus,3,20B2AA,ช่วงพระโขนง - ซอยสะและน้อย,Phra Khanong - Soi Sa Lae Noi,,未提供中文；保留泰文/英文原名,
3,公交车,1420,DLT,1013,ช่วงพระโขนง - ห้างเสรีเซ็นเตอร์;Phra Khanong - Seri Center Department Store,รถโดยสารในซอย รถโดยสารในซอย;City Mini Bus City Mini Bus,3,20B2AA,ช่วงพระโขนง - ห้างเสรีเซ็นเตอร์,Phra Khanong - Seri Center Department Store,,未提供中文；保留泰文/英文原名,
3,公交车,1421,DLT,1013,ช่วงพระโขนง - โรงเรียนเทพศิรินทร์ร่มเกล้า - สถานีบรรจุและแยกสินค้ากล่อง;Phra Khanong - Debsirinromklao School - Inland Contrainer Depot,รถโดยสารในซอย รถโดยสารในซอย;City Mini Bus City Mini Bus,3,20B2AA,ช่วงพระโขนง - โรงเรียนเทพศิรินทร์ร่มเกล้า - สถานีบรรจุและแยกสินค้ากล่อง,Phra Khanong - Debsirinromklao School - Inland Contrainer Depot,,未提供中文；保留泰文/英文原名,
3,公交车,1422,DLT,1013,ช่วงลาดกระบัง - ห้างเสรีเซ็นเตอร์;Ladkrabang - Seri Center Department Store,รถโดยสารในซอย รถโดยสารในซอย;City Mini Bus City Mini Bus,3,20B2AA,ช่วงลาดกระบัง - ห้างเสรีเซ็นเตอร์,Ladkrabang - Seri Center Department Store,,未提供中文；保留泰文/英文原名,
3,公交车,1423,DLT,1013,ช่วงพระโขนง - หมู่บ้านเสรี;Phra Khanong - Seri Village,รถโดยสารในซอย รถโดยสารในซอย;City Mini Bus City Mini Bus,3,20B2AA,ช่วงพระโขนง - หมู่บ้านเสรี,Phra Khanong - Seri Village,,未提供中文；保留泰文/英文原名,
3,公交车,1424,DLT,1013,ช่วงห้างเสรีเซ็นเตอร์ - สำนักงานขนส่งกรุงเทพมหานครพื้นที่ 4;Seri Center Department Store - Department of Land Transport 4,รถโดยสารในซอย รถโดยสารในซอย;City Mini Bus City Mini Bus,3,20B2AA,ช่วงห้างเสรีเซ็นเตอร์ - สำนักงานขนส่งกรุงเทพมหานครพื้นที่ 4,Seri Center Department Store - Department of Land Transport 4,,未提供中文；保留泰文/英文原名,
3,公交车,1425,DLT,1014,สุขุมวิท - ประเวศ;Sukhumvit - Prawet,รถโดยสารในซอย รถโดยสารในซอย;City Mini Bus City Mini Bus,3,20B2AA,สุขุมวิท - ประเวศ,Sukhumvit - Prawet,,未提供中文；保留泰文/英文原名,
3,公交车,1426,DLT,1014,ช่วงสุขุมวิท - ซอยที่ดินจัดสรรยาสูบ;Sukhumvit - Soi Tee Din Jud San Yar Soob,รถโดยสารในซอย รถโดยสารในซอย;City Mini Bus City Mini Bus,3,20B2AA,ช่วงสุขุมวิท - ซอยที่ดินจัดสรรยาสูบ,Sukhumvit - Soi Tee Din Jud San Yar Soob,,未提供中文；保留泰文/英文原名,
3,公交车,1427,DLT,1014,ช่วงสุขุมวิท - ห้างสรรพสินค้าซีคอนสแควร์ (ขาไป);Sukhumvit - Seacon Square Department Store (Departure),รถโดยสารในซอย รถโดยสารในซอย;City Mini Bus City Mini Bus,3,20B2AA,ช่วงสุขุมวิท - ห้างสรรพสินค้าซีคอนสแควร์ (ขาไป),Sukhumvit - Seacon Square Department Store (Departure),,未提供中文；保留泰文/英文原名,
3,公交车,1428,DLT,1014,ช่วงสุขุมวิท - ห้างสรรพสินค้าซีคอนสแควร์ (ขากลับ);Sukhumvit - Seacon Square Department Store (Return),รถโดยสารในซอย รถโดยสารในซอย;City Mini Bus City Mini Bus,3,20B2AA,ช่วงสุขุมวิท - ห้างสรรพสินค้าซีคอนสแควร์ (ขากลับ),Sukhumvit - Seacon Square Department Store (Return),,未提供中文；保留泰文/英文原名,
3,公交车,1429,DLT,1014,ช่วงสุขุมวิท - ซอยเปรมฤทัย;Sukhumvit - Soi Premruethai,รถโดยสารในซอย รถโดยสารในซอย;City Mini Bus City Mini Bus,3,20B2AA,ช่วงสุขุมวิท - ซอยเปรมฤทัย,Sukhumvit - Soi Premruethai,,未提供中文；保留泰文/英文原名,
3,公交车,1430,DLT,1014,ช่วงสุขุมวิท - โรงเรียนคลองปักหลัก;Sukhumvit - Klong Paklak School,รถโดยสารในซอย รถโดยสารในซอย;City Mini Bus City Mini Bus,3,20B2AA,ช่วงสุขุมวิท - โรงเรียนคลองปักหลัก,Sukhumvit - Klong Paklak School,,未提供中文；保留泰文/英文原名,
3,公交车,1431,DLT,1014,ช่วงสถานีตำรวจนครบาลอุดมสุข - ห้างสรรพสินค้าซีคอนสแควร์;Udomsuk Police Station - Seacon Square Department Store,รถโดยสารในซอย รถโดยสารในซอย;City Mini Bus City Mini Bus,3,20B2AA,ช่วงสถานีตำรวจนครบาลอุดมสุข - ห้างสรรพสินค้าซีคอนสแควร์,Udomsuk Police Station - Seacon Square Department Store,,未提供中文；保留泰文/英文原名,
3,公交车,1432,DLT,1014,ช่วงสุขุมวิท - ซอยอุดมสุข 26 แยก 51 (ซอยพึ่งทรัพย์);Sukhumvit - Soi Udomsuk 26 Yeak 51,รถโดยสารในซอย รถโดยสารในซอย;City Mini Bus City Mini Bus,3,20B2AA,ช่วงสุขุมวิท - ซอยอุดมสุข 26 แยก 51 (ซอยพึ่งทรัพย์),Sukhumvit - Soi Udomsuk 26 Yeak 51,,未提供中文；保留泰文/英文原名,
3,公交车,1433,DLT,1017,วงกลมเพชรเกษม - ห้างสรรพสินค้าคาร์ฟูร์ บางบอน;Phet Kasem - Carrefour Bang Bon Department Store,รถโดยสารในซอย รถโดยสารในซอย;City Mini Bus City Mini Bus,3,20B2AA,วงกลมเพชรเกษม - ห้างสรรพสินค้าคาร์ฟูร์ บางบอน,Phet Kasem - Carrefour Bang Bon Department Store,,未提供中文；保留泰文/英文原名,
3,公交车,1434,DLT,1018,สถานีรถไฟธนบุรี - ศาลายา;Thonburi Railway Station - Salaya,รถโดยสารในซอย รถโดยสารในซอย;City Mini Bus City Mini Bus,3,20B2AA,สถานีรถไฟธนบุรี - ศาลายา,Thonburi Railway Station - Salaya,,未提供中文；保留泰文/英文原名,
3,公交车,1435,DLT,1018,ช่วงสถานีรถไฟธนบุรี - วัดชัยพฤกษ์;Thonburi Railway Station - Chaiyaphruek Temple,รถโดยสารในซอย รถโดยสารในซอย;City Mini Bus City Mini Bus,3,20B2AA,ช่วงสถานีรถไฟธนบุรี - วัดชัยพฤกษ์,Thonburi Railway Station - Chaiyaphruek Temple,,未提供中文；保留泰文/英文原名,
3,公交车,1436,DLT,1018,ช่วงสถานีรถไฟธนบุรี - วัดศรีประวัติ;Thonburi Railway Station - Sri Pra Wat Temple,รถโดยสารในซอย รถโดยสารในซอย;City Mini Bus City Mini Bus,3,20B2AA,ช่วงสถานีรถไฟธนบุรี - วัดศรีประวัติ,Thonburi Railway Station - Sri Pra Wat Temple,,未提供中文；保留泰文/英文原名,
3,公交车,1437,DLT,1018,ช่วงสถานีรถไฟธนบุรี - ร.ร.เทพศิรินทร์ นนทบุรี;Thonburi Railway Station - Debsirin Nonthaburi School,รถโดยสารในซอย รถโดยสารในซอย;City Mini Bus City Mini Bus,3,20B2AA,ช่วงสถานีรถไฟธนบุรี - ร.ร.เทพศิรินทร์ นนทบุรี,Thonburi Railway Station - Debsirin Nonthaburi School,,未提供中文；保留泰文/英文原名,
3,公交车,1438,DLT,1018,ช่วงสถานีรถไฟธนบุรี - วัดบางไกรใน;Thonburi Railway Station - Bang Krai Nai Temple,รถโดยสารในซอย รถโดยสารในซอย;City Mini Bus City Mini Bus,3,20B2AA,ช่วงสถานีรถไฟธนบุรี - วัดบางไกรใน,Thonburi Railway Station - Bang Krai Nai Temple,,未提供中文；保留泰文/英文原名,
3,公交车,1439,DLT,1019,สุขุมวิท - ปลายซอยทองหล่อ;Sukhumvit - Thong Lo,รถโดยสารในซอย รถโดยสารในซอย;City Mini Bus City Mini Bus,3,20B2AA,สุขุมวิท - ปลายซอยทองหล่อ,Sukhumvit - Thong Lo,,未提供中文；保留泰文/英文原名,
3,公交车,1440,DLT,1033,ลาดพร้าว - ซอยจันทราสุข;Ladprao - Soi Chanthra Suk,รถโดยสารในซอย รถโดยสารในซอย;City Mini Bus City Mini Bus,3,20B2AA,ลาดพร้าว - ซอยจันทราสุข,Ladprao - Soi Chanthra Suk,,未提供中文；保留泰文/英文原名,
3,公交车,1441,DLT,1034,ลาดพร้าว - ซอยวัดบึงทองหลาง;Ladprao - Soi Bueng Thong Lang Temple,รถโดยสารในซอย รถโดยสารในซอย;City Mini Bus City Mini Bus,3,20B2AA,ลาดพร้าว - ซอยวัดบึงทองหลาง,Ladprao - Soi Bueng Thong Lang Temple,,未提供中文；保留泰文/英文原名,
3,公交车,1442,DLT,1035,ลาดพร้าว - บ้านวังหิน;Ladprao - Baan Wang Hin,รถโดยสารในซอย รถโดยสารในซอย;City Mini Bus City Mini Bus,3,20B2AA,ลาดพร้าว - บ้านวังหิน,Ladprao - Baan Wang Hin,,未提供中文；保留泰文/英文原名,
3,公交车,1443,DLT,1038,พหลโยธิน - ซอยเสนานิคม 2;Phahon Yothin - Soi Sena Nikhom 2,รถโดยสารในซอย รถโดยสารในซอย;City Mini Bus City Mini Bus,3,20B2AA,พหลโยธิน - ซอยเสนานิคม 2,Phahon Yothin - Soi Sena Nikhom 2,,未提供中文；保留泰文/英文原名,
3,公交车,1444,DLT,1039,พหลโยธิน - ซอยแอนเน็กซ์;Phahon Yothin - Soi Annex,รถโดยสารในซอย รถโดยสารในซอย;City Mini Bus City Mini Bus,3,20B2AA,พหลโยธิน - ซอยแอนเน็กซ์,Phahon Yothin - Soi Annex,,未提供中文；保留泰文/英文原名,
3,公交车,1445,DLT,1041,ซอยราชครู - เศรษฐศิริ;Soi Ratchakhru - Setsiri,รถโดยสารในซอย รถโดยสารในซอย;City Mini Bus City Mini Bus,3,20B2AA,ซอยราชครู - เศรษฐศิริ,Soi Ratchakhru - Setsiri,,未提供中文；保留泰文/英文原名,
3,公交车,1446,DLT,1043,ซอยอินทามระ 11 - ซอยอาภาศิริ;Soi Inthamara 11 - Soi Apasiri,รถโดยสารในซอย รถโดยสารในซอย;City Mini Bus City Mini Bus,3,20B2AA,ซอยอินทามระ 11 - ซอยอาภาศิริ,Soi Inthamara 11 - Soi Apasiri,,未提供中文；保留泰文/英文原名,
3,公交车,1447,DLT,1044,สี่แยกมักกะสัน - ซอยรัชฏภัณฑ์;Makkasan Intersection - Soi Ratchataphan,รถโดยสารในซอย รถโดยสารในซอย;City Mini Bus City Mini Bus,3,20B2AA,สี่แยกมักกะสัน - ซอยรัชฏภัณฑ์,Makkasan Intersection - Soi Ratchataphan,,未提供中文；保留泰文/英文原名,
3,公交车,1448,DLT,1048,ช่วงห้วยขวาง - ซอยจันทิมา;Huai Khwang - Soi Chanthima,รถโดยสารในซอย รถโดยสารในซอย;City Mini Bus City Mini Bus,3,20B2AA,ช่วงห้วยขวาง - ซอยจันทิมา,Huai Khwang - Soi Chanthima,,未提供中文；保留泰文/英文原名,
3,公交车,1449,DLT,1048,ช่วงลาดพร้าว - ซอยจันทิมา;Lardprao - Soi Chanthima,รถโดยสารในซอย รถโดยสารในซอย;City Mini Bus City Mini Bus,3,20B2AA,ช่วงลาดพร้าว - ซอยจันทิมา,Lardprao - Soi Chanthima,,未提供中文；保留泰文/英文原名,
3,公交车,1450,DLT,1054,ซอยรามคำแหง 32 - พระรามที่ 9 ซอย 57;Soi Ramkhamheang 32 - Rama 9 Soi 57,รถโดยสารในซอย รถโดยสารในซอย;City Mini Bus City Mini Bus,3,20B2AA,ซอยรามคำแหง 32 - พระรามที่ 9 ซอย 57,Soi Ramkhamheang 32 - Rama 9 Soi 57,,未提供中文；保留泰文/英文原名,
3,公交车,1451,DLT,1058,สถานีรถไฟดอนเมือง - ทางแยกถนนติวานนท์;Don Mueang Railway Station - Tiwanon Road Intersection,รถโดยสารในซอย รถโดยสารในซอย;City Mini Bus City Mini Bus,3,20B2AA,สถานีรถไฟดอนเมือง - ทางแยกถนนติวานนท์,Don Mueang Railway Station - Tiwanon Road Intersection,,未提供中文；保留泰文/英文原名,
3,公交车,1452,DLT,1058,ช่วงสถานีรถไฟดอนเมือง - ทางแยกเข้าหมู่บ้านเมืองเอก;Don Mueang Railway Station - Mueang Ek Village Intersection,รถโดยสารในซอย รถโดยสารในซอย;City Mini Bus City Mini Bus,3,20B2AA,ช่วงสถานีรถไฟดอนเมือง - ทางแยกเข้าหมู่บ้านเมืองเอก,Don Mueang Railway Station - Mueang Ek Village Intersection,,未提供中文；保留泰文/英文原名,
3,公交车,1453,DLT,1058,ช่วงวัดดอนเมือง - เคหะแจ้งวัฒนา;Don Mueang Temple - Chaengwattha Housing,รถโดยสารในซอย รถโดยสารในซอย;City Mini Bus City Mini Bus,3,20B2AA,ช่วงวัดดอนเมือง - เคหะแจ้งวัฒนา,Don Mueang Temple - Chaengwattha Housing,,未提供中文；保留泰文/英文原名,
3,公交车,1454,DLT,1058,ช่วงวัดดอนเมือง - ตลาดหมู่บ้านโกสุม;Don Mueang Temple - Kosum Village Market,รถโดยสารในซอย รถโดยสารในซอย;City Mini Bus City Mini Bus,3,20B2AA,ช่วงวัดดอนเมือง - ตลาดหมู่บ้านโกสุม,Don Mueang Temple - Kosum Village Market,,未提供中文；保留泰文/英文原名,
3,公交车,1455,DLT,1058,ช่วงวัดดอนเมือง - กองพันทหารสื่อสาร;Don Mueang Temple - Signal Battalion,รถโดยสารในซอย รถโดยสารในซอย;City Mini Bus City Mini Bus,3,20B2AA,ช่วงวัดดอนเมือง - กองพันทหารสื่อสาร,Don Mueang Temple - Signal Battalion,,未提供中文；保留泰文/英文原名,
3,公交车,1456,DLT,1058,ช่วงวงกลมสถานีรถไฟดอนเมือง - ถนนประชาอุทิศ (วนขวา);Don Mueang Railway Station - Pracha Uthit Road,รถโดยสารในซอย รถโดยสารในซอย;City Mini Bus City Mini Bus,3,20B2AA,ช่วงวงกลมสถานีรถไฟดอนเมือง - ถนนประชาอุทิศ (วนขวา),Don Mueang Railway Station - Pracha Uthit Road,,未提供中文；保留泰文/英文原名,
3,公交车,1457,DLT,1058,ช่วงสถานีรถไฟดอนเมือง - หมู่บ้านปิ่นเจริญ;Don Mueang Railway Station - Pin Charoen Village,รถโดยสารในซอย รถโดยสารในซอย;City Mini Bus City Mini Bus,3,20B2AA,ช่วงสถานีรถไฟดอนเมือง - หมู่บ้านปิ่นเจริญ,Don Mueang Railway Station - Pin Charoen Village,,未提供中文；保留泰文/英文原名,
3,公交车,1458,DLT,1059,รามอินทรา - นิมิตรใหม่;Ram Intra - Nimit Mai,รถโดยสารในซอย รถโดยสารในซอย;City Mini Bus City Mini Bus,3,20B2AA,รามอินทรา - นิมิตรใหม่,Ram Intra - Nimit Mai,,未提供中文；保留泰文/英文原名,
3,公交车,1459,DLT,1059,ช่วงรามอินทรา - หมู่บ้านวิลล่ารามอินทรา;Ram Intra - Villa Ramintra Village,รถโดยสารในซอย รถโดยสารในซอย;City Mini Bus City Mini Bus,3,20B2AA,ช่วงรามอินทรา - หมู่บ้านวิลล่ารามอินทรา,Ram Intra - Villa Ramintra Village,,未提供中文；保留泰文/英文原名,
3,公交车,1460,DLT,1060,รามอินทรา - วัดหนองใหญ่;Ram Intra - Wat Nong Yai,รถโดยสารในซอย รถโดยสารในซอย;City Mini Bus City Mini Bus,3,20b2aa,รามอินทรา - วัดหนองใหญ่,Ram Intra - Wat Nong Yai,,未提供中文；保留泰文/英文原名,
3,公交车,1461,DLT,1060,ช่วงรามอินทรา - เคหะชุมชนพรพระร่วงประสิทธิ์;Ram Intra - Phon Phra Ruang Prasit Community Housing,รถโดยสารในซอย รถโดยสารในซอย;City Mini Bus City Mini Bus,3,20B2AA,ช่วงรามอินทรา - เคหะชุมชนพรพระร่วงประสิทธิ์,Ram Intra - Phon Phra Ruang Prasit Community Housing,,未提供中文；保留泰文/英文原名,
3,公交车,1462,DLT,1060,ช่วงรามอินทรา - ถนนจตุโชติ - วัดหนองใหญ่;Ram Intra - Chatu Chot Road - Wat Nong Yai,รถโดยสารในซอย รถโดยสารในซอย;City Mini Bus City Mini Bus,3,20b2aa,ช่วงรามอินทรา - ถนนจตุโชติ - วัดหนองใหญ่,Ram Intra - Chatu Chot Road - Wat Nong Yai,,未提供中文；保留泰文/英文原名,
3,公交车,1463,DLT,1062,ปากซอยรามคำแหง 39 - ตลาดห้วยขวาง;Soi Ramkhamhaeng 39 - Huai Kwang Market,รถโดยสารในซอย รถโดยสารในซอย;City Mini Bus City Mini Bus,3,20B2AA,ปากซอยรามคำแหง 39 - ตลาดห้วยขวาง,Soi Ramkhamhaeng 39 - Huai Kwang Market,,未提供中文；保留泰文/英文原名,
3,公交车,1464,DLT,1066,ตลาดสุขาภิบาล 3 (บางกะปิ) - คลองลาดบัวขาว;Sukhaphiban Market 3 (Bang Kapi) - Khlong Lat Bua Khao,รถโดยสารในซอย รถโดยสารในซอย;City Mini Bus City Mini Bus,3,20B2AA,ตลาดสุขาภิบาล 3 (บางกะปิ) - คลองลาดบัวขาว,Sukhaphiban Market 3 (Bang Kapi) - Khlong Lat Bua Khao,,未提供中文；保留泰文/英文原名,
3,公交车,1465,DLT,1066,ตลาดสุขาภิบาล 3 (บางกะปิ) - เคหะชุมชนร่มเกล้า;Sukhaphiban Market 3 (Bang Kapi) - Rom Klao Community Housing,รถโดยสารในซอย รถโดยสารในซอย;City Mini Bus City Mini Bus,3,20B2AA,ตลาดสุขาภิบาล 3 (บางกะปิ) - เคหะชุมชนร่มเกล้า,Sukhaphiban Market 3 (Bang Kapi) - Rom Klao Community Housing,,未提供中文；保留泰文/英文原名,
3,公交车,1466,DLT,1068,รามอินทรา - หมู่บ้านนันต์สุขสันต์;Ram Intra - Nan Suk San Village,รถโดยสารในซอย รถโดยสารในซอย;City Mini Bus City Mini Bus,3,20B2AA,รามอินทรา - หมู่บ้านนันต์สุขสันต์,Ram Intra - Nan Suk San Village,,未提供中文；保留泰文/英文原名,
3,公交车,1467,DLT,1068,ช่วงรามอินทรา - หมู่บ้านไปรษณีย์;Ram Intra - Praisani Village,รถโดยสารในซอย รถโดยสารในซอย;City Mini Bus City Mini Bus,3,20B2AA,ช่วงรามอินทรา - หมู่บ้านไปรษณีย์,Ram Intra - Praisani Village,,未提供中文；保留泰文/英文原名,
3,公交车,1468,DLT,1069,รามอินทรา 14 - หมู่บ้านเสนานิเวศน์โครงการ 2;Ram Intra 14 - Sena Niwet Housing Project 2,รถโดยสารในซอย รถโดยสารในซอย;City Mini Bus City Mini Bus,3,20B2AA,รามอินทรา 14 - หมู่บ้านเสนานิเวศน์โครงการ 2,Ram Intra 14 - Sena Niwet Housing Project 2,,未提供中文；保留泰文/英文原名,
3,公交车,1469,DLT,1069,รามอินทรา 14 - หมู่บ้านเนียมกล่ำสามัคคี;Ram Intra 14 - Niam Klam Samakkhi Housing,รถโดยสารในซอย รถโดยสารในซอย;City Mini Bus City Mini Bus,3,20B2AA,รามอินทรา 14 - หมู่บ้านเนียมกล่ำสามัคคี,Ram Intra 14 - Niam Klam Samakkhi Housing,,未提供中文；保留泰文/英文原名,
3,公交车,1470,DLT,1070,รามอินทรา - สุขาภิบาล 1;Ram Intra 14 - Sukhaphiban 1,รถโดยสารในซอย รถโดยสารในซอย;City Mini Bus City Mini Bus,3,20B2AA,รามอินทรา - สุขาภิบาล 1,Ram Intra 14 - Sukhaphiban 1,,未提供中文；保留泰文/英文原名,
3,公交车,1471,DLT,1070,ช่วงปากทางถนนนวลจันทร์ (ด้านถนนสุขาภิบาล 1) - ซอบผู้ใหญ่สุนทร - ซอยอมรวิวัฒน์;Nuan Chan Road (Sukhaphiban 1 Road) - Soi Phuyai Sunthon - Soi Amon Wiwat,รถโดยสารในซอย รถโดยสารในซอย;City Mini Bus City Mini Bus,3,20B2AA,ช่วงปากทางถนนนวลจันทร์ (ด้านถนนสุขาภิบาล 1) - ซอบผู้ใหญ่สุนทร - ซอยอมรวิวัฒน์,Nuan Chan Road (Sukhaphiban 1 Road) - Soi Phuyai Sunthon - Soi Amon Wiwat,,未提供中文；保留泰文/英文原名,
3,公交车,1472,DLT,1071,รามอินทรา - บ้านวังหิน;Ram Intra - Wang Hin Village,รถโดยสารในซอย รถโดยสารในซอย;City Mini Bus City Mini Bus,3,20B2AA,รามอินทรา - บ้านวังหิน,Ram Intra - Wang Hin Village,,未提供中文；保留泰文/英文原名,
3,公交车,1473,DLT,1073,ห้างเทสโก้โลตัสประชาชื่น - ห้างสรรพสินค้าเดอะมอลล์งามวงศ์วาน;Tesco Lotus Prachacheun - The Mall Ngamwongwan,รถโดยสารในซอย รถโดยสารในซอย;City Mini Bus City Mini Bus,3,20B2AA,ห้างเทสโก้โลตัสประชาชื่น - ห้างสรรพสินค้าเดอะมอลล์งามวงศ์วาน,Tesco Lotus Prachacheun - The Mall Ngamwongwan,,未提供中文；保留泰文/英文原名,
3,公交车,1474,DLT,1075,ที่จัดสรรเทศบาล 1 - สามแยกเกษตร (ใต้);Municipal Allocation 1 - Kaset Intersection (South),รถโดยสารในซอย รถโดยสารในซอย;City Mini Bus City Mini Bus,3,20B2AA,ที่จัดสรรเทศบาล 1 - สามแยกเกษตร (ใต้),Municipal Allocation 1 - Kaset Intersection (South),,未提供中文；保留泰文/英文原名,
3,公交车,1475,DLT,1076,เคหะชุมชนท่าทราย - สามแยกเกษตร (เหนือ);Tha Sai Community Housing - Kaset Intersection (North),รถโดยสารในซอย รถโดยสารในซอย;City Mini Bus City Mini Bus,3,20B2AA,เคหะชุมชนท่าทราย - สามแยกเกษตร (เหนือ),Tha Sai Community Housing - Kaset Intersection (North),,未提供中文；保留泰文/英文原名,
3,公交车,1476,DLT,1076,ช่วงเคหะชุมชนท่าทราย - ตลาดพงษ์เพชร;Tha Sai Community Housing - Phong Phet Market,รถโดยสารในซอย รถโดยสารในซอย;City Mini Bus City Mini Bus,3,20B2AA,ช่วงเคหะชุมชนท่าทราย - ตลาดพงษ์เพชร,Tha Sai Community Housing - Phong Phet Market,,未提供中文；保留泰文/英文原名,
3,公交车,1477,DLT,1079,วัดหลักสี่ - หมู่บ้านการเคหะดอนเมือง;Lak Si Temple - Donmuang Housing Village,รถโดยสารในซอย รถโดยสารในซอย;City Mini Bus City Mini Bus,3,20B2AA,วัดหลักสี่ - หมู่บ้านการเคหะดอนเมือง,Lak Si Temple - Donmuang Housing Village,,未提供中文；保留泰文/英文原名,
3,公交车,1478,DLT,1081,สถานีรถไฟหลักสี่ - หมู่บ้านโกสุม (ไป);Lak Si Railway Station - Kosum Village,รถโดยสารในซอย รถโดยสารในซอย;City Mini Bus City Mini Bus,3,20B2AA,สถานีรถไฟหลักสี่ - หมู่บ้านโกสุม (ไป),Lak Si Railway Station - Kosum Village,,未提供中文；保留泰文/英文原名,
3,公交车,1479,DLT,1081,สถานีรถไฟหลักสี่ - หมู่บ้านโกสุม (กลับ);Lak Si Railway Station - Kosum Village,รถโดยสารในซอย รถโดยสารในซอย;City Mini Bus City Mini Bus,3,20B2AA,สถานีรถไฟหลักสี่ - หมู่บ้านโกสุม (กลับ),Lak Si Railway Station - Kosum Village,,未提供中文；保留泰文/英文原名,
3,公交车,1480,DLT,1082,หมู่บ้านสัมมากร - แฮปปี้แลนด์ (ไป);Sammakon Village - Happy Land,รถโดยสารในซอย รถโดยสารในซอย;City Mini Bus City Mini Bus,3,20B2AA,หมู่บ้านสัมมากร - แฮปปี้แลนด์ (ไป),Sammakon Village - Happy Land,,未提供中文；保留泰文/英文原名,
3,公交车,1481,DLT,1082,หมู่บ้านสัมมากร - แฮปปี้แลนด์ (กลับ);Sammakon Village - Happy Land,รถโดยสารในซอย รถโดยสารในซอย;City Mini Bus City Mini Bus,3,20B2AA,หมู่บ้านสัมมากร - แฮปปี้แลนด์ (กลับ),Sammakon Village - Happy Land,,未提供中文；保留泰文/英文原名,
3,公交车,1482,DLT,1083,พหลโยธิน 52 - วัดราษฎร์นิยมธรรม;Phahon Yothin 52 - Ratniyomtham Temple,รถโดยสารในซอย รถโดยสารในซอย;City Mini Bus City Mini Bus,3,20b2aa,พหลโยธิน 52 - วัดราษฎร์นิยมธรรม,Phahon Yothin 52 - Ratniyomtham Temple,,未提供中文；保留泰文/英文原名,
3,公交车,1483,DLT,1083,ช่วงพหลโยธิน 52 - หมู่บ้าน ป.สุวิมล;Phahon Yothin 52 - PO Suwimon Village,รถโดยสารในซอย รถโดยสารในซอย;City Mini Bus City Mini Bus,3,20B2AA,ช่วงพหลโยธิน 52 - หมู่บ้าน ป.สุวิมล,Phahon Yothin 52 - PO Suwimon Village,,未提供中文；保留泰文/英文原名,
3,公交车,1484,DLT,1085,สถานีรถไฟดอนเมือง - วัดพรหมรังษี (ไป);Don Mueang Railway Station - Promrangsi Temple,รถโดยสารในซอย รถโดยสารในซอย;City Mini Bus City Mini Bus,3,20B2AA,สถานีรถไฟดอนเมือง - วัดพรหมรังษี (ไป),Don Mueang Railway Station - Promrangsi Temple,,未提供中文；保留泰文/英文原名,
3,公交车,1485,DLT,1085,สถานีรถไฟดอนเมือง - วัดพรหมรังษี (กลับ);Don Mueang Railway Station - Promrangsi Temple,รถโดยสารในซอย รถโดยสารในซอย;City Mini Bus City Mini Bus,3,20B2AA,สถานีรถไฟดอนเมือง - วัดพรหมรังษี (กลับ),Don Mueang Railway Station - Promrangsi Temple,,未提供中文；保留泰文/英文原名,
3,公交车,1486,DLT,1086,วัดหลักสี่ - หมู่บ้านชวนชื่น;Lak Si Temple - Chuan Chuen Village,รถโดยสารในซอย รถโดยสารในซอย;City Mini Bus City Mini Bus,3,20B2AA,วัดหลักสี่ - หมู่บ้านชวนชื่น,Lak Si Temple - Chuan Chuen Village,,未提供中文；保留泰文/英文原名,
3,公交车,1487,DLT,1088,สถานีรถไฟดอนเมือง - หลักหก - หมู่บ้านดาวทอง;Don Mueang Railway Station - Lak Hok - Dao Thong Village,รถโดยสารในซอย รถโดยสารในซอย;City Mini Bus City Mini Bus,3,20B2AA,สถานีรถไฟดอนเมือง - หลักหก - หมู่บ้านดาวทอง,Don Mueang Railway Station - Lak Hok - Dao Thong Village,,未提供中文；保留泰文/英文原名,
3,公交车,1488,DLT,1089,ปากซอยวัชรพล - หมู่บ้านเพิ่มสินคอนโดมิเนียม;Soi Watcharapol - Permsin Condominium,รถโดยสารในซอย รถโดยสารในซอย;City Mini Bus City Mini Bus,3,20B2AA,ปากซอยวัชรพล - หมู่บ้านเพิ่มสินคอนโดมิเนียม,Soi Watcharapol - Permsin Condominium,,未提供中文；保留泰文/英文原名,
3,公交车,1489,DLT,1096,ตลาดยิ่งเจริญ - ตลาดสดวัชรพล;Ying Charoen Market - Watcharapol Market,รถโดยสารในซอย รถโดยสารในซอย;City Mini Bus City Mini Bus,3,20B2AA,ตลาดยิ่งเจริญ - ตลาดสดวัชรพล,Ying Charoen Market - Watcharapol Market,,未提供中文；保留泰文/英文原名,
3,公交车,1490,DLT,1096,ช่วงตลาดยิ่งเจริญ - ซอยรามอินทรา 19;Ying Charoen Market - Soi Rarm Intra 19,รถโดยสารในซอย รถโดยสารในซอย;City Mini Bus City Mini Bus,3,20B2AA,ช่วงตลาดยิ่งเจริญ - ซอยรามอินทรา 19,Ying Charoen Market - Soi Rarm Intra 19,,未提供中文；保留泰文/英文原名,
3,公交车,1491,DLT,1096,ช่วงตลาดยิ่งเจริญ - บ้านสวนบางเขน;Ying Charoen Market - Baan Suan Bang Khen,รถโดยสารในซอย รถโดยสารในซอย;City Mini Bus City Mini Bus,3,20B2AA,ช่วงตลาดยิ่งเจริญ - บ้านสวนบางเขน,Ying Charoen Market - Baan Suan Bang Khen,,未提供中文；保留泰文/英文原名,
3,公交车,1492,DLT,1106,ตลาดสุขาภิบาลหนองจอก - วัดพืชอุดม;Sukhaphiban Nong Chok Market - Phut Udom Temple,รถโดยสารในซอย รถโดยสารในซอย;City Mini Bus City Mini Bus,3,20B2AA,ตลาดสุขาภิบาลหนองจอก - วัดพืชอุดม,Sukhaphiban Nong Chok Market - Phut Udom Temple,,未提供中文；保留泰文/英文原名,
3,公交车,1493,DLT,1120,มีนบุรี - โรงเรียนวัดพระยาสุเรนทร์;Min Buri - Phraya Suren Temple School,รถโดยสารในซอย รถโดยสารในซอย;City Mini Bus City Mini Bus,3,20B2AA,มีนบุรี - โรงเรียนวัดพระยาสุเรนทร์,Min Buri - Phraya Suren Temple School,,未提供中文；保留泰文/英文原名,
3,公交车,1494,DLT,1121,ตลาดมีนบุรี - ชุมชนบ้านแบนชะโต (ไป);Min Buri Market - Baen Chado Community,รถโดยสารในซอย รถโดยสารในซอย;City Mini Bus City Mini Bus,3,20B2AA,ตลาดมีนบุรี - ชุมชนบ้านแบนชะโต (ไป),Min Buri Market - Baen Chado Community,,未提供中文；保留泰文/英文原名,
3,公交车,1495,DLT,1121,ชุมชนบ้านแบนชะโต - ตลาดมีนบุรี (กลับ);Baen Chado Community - Min Buri Market,รถโดยสารในซอย รถโดยสารในซอย;City Mini Bus City Mini Bus,3,20B2AA,ชุมชนบ้านแบนชะโต - ตลาดมีนบุรี (กลับ),Baen Chado Community - Min Buri Market,,未提供中文；保留泰文/英文原名,
3,公交车,1496,DLT,1123,มีนบุรี - โรงเรียนนวมินทราชินูทิศ เบญจมราชาลัย (ไป);Min Buri - Nawamintrachinuthit Benjamarachalai School,รถโดยสารในซอย รถโดยสารในซอย;City Mini Bus City Mini Bus,3,20B2AA,มีนบุรี - โรงเรียนนวมินทราชินูทิศ เบญจมราชาลัย (ไป),Min Buri - Nawamintrachinuthit Benjamarachalai School,,未提供中文；保留泰文/英文原名,
3,公交车,1497,DLT,1123,มีนบุรี - โรงเรียนนวมินทราชินูทิศ เบญจมราชาลัย (กลับ);Min Buri - Nawamintrachinuthit Benjamarachalai School,รถโดยสารในซอย รถโดยสารในซอย;City Mini Bus City Mini Bus,3,20B2AA,มีนบุรี - โรงเรียนนวมินทราชินูทิศ เบญจมราชาลัย (กลับ),Min Buri - Nawamintrachinuthit Benjamarachalai School,,未提供中文；保留泰文/英文原名,
3,公交车,1498,DLT,1123,มีนบุรี - วิทยาลัยบริหารธุรกิจและการท่องเที่ยวกรุงเทพ (ไป);Min Buri - College of Business Administration and Tourism,รถโดยสารในซอย รถโดยสารในซอย;City Mini Bus City Mini Bus,3,20B2AA,มีนบุรี - วิทยาลัยบริหารธุรกิจและการท่องเที่ยวกรุงเทพ (ไป),Min Buri - College of Business Administration and Tourism,,未提供中文；保留泰文/英文原名,
3,公交车,1499,DLT,1123,มีนบุรี - วิทยาลัยบริหารธุรกิจและการท่องเที่ยวกรุงเทพ (กลับ);Min Buri - College of Business Administration and Tourism,รถโดยสารในซอย รถโดยสารในซอย;City Mini Bus City Mini Bus,3,20B2AA,มีนบุรี - วิทยาลัยบริหารธุรกิจและการท่องเที่ยวกรุงเทพ (กลับ),Min Buri - College of Business Administration and Tourism,,未提供中文；保留泰文/英文原名,
3,公交车,1500,DLT,1125,มีนบุรี - คลองหนึ่งกีบหมู;Min Buri - Khlong 1 Kip Mu,รถโดยสารในซอย รถโดยสารในซอย;City Mini Bus City Mini Bus,3,20B2AA,มีนบุรี - คลองหนึ่งกีบหมู,Min Buri - Khlong 1 Kip Mu,,未提供中文；保留泰文/英文原名,
3,公交车,1501,DLT,1126,มีนบุรี - หมู่บ้านทองสงวน;Min Buri - Thong Sa-Nguan Village,รถโดยสารในซอย รถโดยสารในซอย;City Mini Bus City Mini Bus,3,20B2AA,มีนบุรี - หมู่บ้านทองสงวน,Min Buri - Thong Sa-Nguan Village,,未提供中文；保留泰文/英文原名,
3,公交车,1502,DLT,1126,ช่วงมีนบุรี - โรงเรียนวัดทองสัมฤทธิ์;Min Buri - Thongsamrit Temple School,รถโดยสารในซอย รถโดยสารในซอย;City Mini Bus City Mini Bus,3,20B2AA,ช่วงมีนบุรี - โรงเรียนวัดทองสัมฤทธิ์,Min Buri - Thongsamrit Temple School,,未提供中文；保留泰文/英文原名,
3,公交车,1503,DLT,1126,ช่วงมีนบุรี - โรงเรียนบ้านเกาะ;Min Buri - Baan Koh School,รถโดยสารในซอย รถโดยสารในซอย;City Mini Bus City Mini Bus,3,20B2AA,ช่วงมีนบุรี - โรงเรียนบ้านเกาะ,Min Buri - Baan Koh School,,未提供中文；保留泰文/英文原名,
3,公交车,1504,DLT,1126,ช่วงมีนบุรี - โรงเรียนคลองสี่;Min Buri - Khlong Si School,รถโดยสารในซอย รถโดยสารในซอย;City Mini Bus City Mini Bus,3,20B2AA,ช่วงมีนบุรี - โรงเรียนคลองสี่,Min Buri - Khlong Si School,,未提供中文；保留泰文/英文原名,
3,公交车,1505,DLT,1128,มีนบุรี - คลองสามวา;Min Buri - Khlong Sam Wa,รถโดยสารในซอย รถโดยสารในซอย;City Mini Bus City Mini Bus,3,20B2AA,มีนบุรี - คลองสามวา,Min Buri - Khlong Sam Wa,,未提供中文；保留泰文/英文原名,
3,公交车,1506,DLT,1131,ถนนสุขาภิบาล 2 - หมู่บ้านสหกรณ์เคหสถาน 4;Sukhaphiban 2 Road - Sahakon Kheha Sathan 4 Village,รถโดยสารในซอย รถโดยสารในซอย;City Mini Bus City Mini Bus,3,20B2AA,ถนนสุขาภิบาล 2 - หมู่บ้านสหกรณ์เคหสถาน 4,Sukhaphiban 2 Road - Sahakon Kheha Sathan 4 Village,,未提供中文；保留泰文/英文原名,
3,公交车,1507,DLT,1143,ท่าน้ำสรรพาวุธ - สี่แยกบางนา;Ordnance Department Pier - Bang Na Interesection,รถโดยสารในซอย รถโดยสารในซอย;City Mini Bus City Mini Bus,3,20B2AA,ท่าน้ำสรรพาวุธ - สี่แยกบางนา,Ordnance Department Pier - Bang Na Interesection,,未提供中文；保留泰文/英文原名,
3,公交车,1508,DLT,1143,ช่วงสี่แยกบางนา - หมู่บ้านการเคหะของสวัสดิการกองทัพเรือ;Bang Na Interesection - Navy Welfare Department Housing Village,รถโดยสารในซอย รถโดยสารในซอย;City Mini Bus City Mini Bus,3,20B2AA,ช่วงสี่แยกบางนา - หมู่บ้านการเคหะของสวัสดิการกองทัพเรือ,Bang Na Interesection - Navy Welfare Department Housing Village,,未提供中文；保留泰文/英文原名,
3,公交车,1509,DLT,1212,สุขุมวิท - ซอยศิริพจ;Sukhumvit - Soi Siri phot,รถโดยสารในซอย รถโดยสารในซอย;City Mini Bus City Mini Bus,3,20B2AA,สุขุมวิท - ซอยศิริพจ,Sukhumvit - Soi Siri phot,,未提供中文；保留泰文/英文原名,
3,公交车,1510,DLT,1213,สุขุมวิท - ซอยพึ่งมี;Sukhumvit - Soi Phueng Mi,รถโดยสารในซอย รถโดยสารในซอย;City Mini Bus City Mini Bus,3,20B2AA,สุขุมวิท - ซอยพึ่งมี,Sukhumvit - Soi Phueng Mi,,未提供中文；保留泰文/英文原名,
3,公交车,1511,DLT,1215,สุขุมวิท - วัดวชิรธรรมสาธิต - ซอยสุภาพงษ์ 1;Sukhumvit - Wachiratham Sathit Temple - Soi Suphaphong,รถโดยสารในซอย รถโดยสารในซอย;City Mini Bus City Mini Bus,3,20B2AA,สุขุมวิท - วัดวชิรธรรมสาธิต - ซอยสุภาพงษ์ 1,Sukhumvit - Wachiratham Sathit Temple - Soi Suphaphong,,未提供中文；保留泰文/英文原名,
3,公交车,1512,DLT,1216,สุขุมวิท 105 - โรงพยาบาลศิครินทร์;Sukhumvit 105 - Sikarin Hospital,รถโดยสารในซอย รถโดยสารในซอย;City Mini Bus City Mini Bus,3,20B2AA,สุขุมวิท 105 - โรงพยาบาลศิครินทร์,Sukhumvit 105 - Sikarin Hospital,,未提供中文；保留泰文/英文原名,
3,公交车,1513,DLT,1220,สุขุมวิท - ซอยสามภพนฤมิตร;Sukhumvit - Soi Sam Phop Narue Mit,รถโดยสารในซอย รถโดยสารในซอย;City Mini Bus City Mini Bus,3,20B2AA,สุขุมวิท - ซอยสามภพนฤมิตร,Sukhumvit - Soi Sam Phop Narue Mit,,未提供中文；保留泰文/英文原名,
3,公交车,1514,DLT,1234,เคหะชุมชนร่มเกล้า - ปากซอยลาดกระบัง 26;Rom Klao Community Housing - Soi Lat Krabang 26,รถโดยสารในซอย รถโดยสารในซอย;City Mini Bus City Mini Bus,3,20B2AA,เคหะชุมชนร่มเกล้า - ปากซอยลาดกระบัง 26,Rom Klao Community Housing - Soi Lat Krabang 26,,未提供中文；保留泰文/英文原名,
3,公交车,1515,DLT,1238,ลาดกระบัง - มีนบุรี;Lat Krabang - Min Buri,รถโดยสารในซอย รถโดยสารในซอย;City Mini Bus City Mini Bus,3,20B2AA,ลาดกระบัง - มีนบุรี,Lat Krabang - Min Buri,,未提供中文；保留泰文/英文原名,
3,公交车,1516,DLT,1240,สี่แยกวิทยุ - ถนนพระราม 3;Witthayu Intersection - Rama 3 Road,รถโดยสารในซอย รถโดยสารในซอย;City Mini Bus City Mini Bus,3,20B2AA,สี่แยกวิทยุ - ถนนพระราม 3,Witthayu Intersection - Rama 3 Road,,未提供中文；保留泰文/英文原名,
3,公交车,1517,DLT,1240,ช่วงสี่แยกวิทยุ - ศูนย์การค้าวรรัตน์;Witthayu Intersection - Wararat Shopping Center,รถโดยสารในซอย รถโดยสารในซอย;City Mini Bus City Mini Bus,3,20B2AA,ช่วงสี่แยกวิทยุ - ศูนย์การค้าวรรัตน์,Witthayu Intersection - Wararat Shopping Center,,未提供中文；保留泰文/英文原名,
3,公交车,1518,DLT,1249,เจริญกรุง - ซอยวัดดอนกุศล;Charoen Krung - Soi Don Kuson Temple,รถโดยสารในซอย รถโดยสารในซอย;City Mini Bus City Mini Bus,3,20B2AA,เจริญกรุง - ซอยวัดดอนกุศล,Charoen Krung - Soi Don Kuson Temple,,未提供中文；保留泰文/英文原名,
3,公交车,1519,DLT,1256,สะพานเฉลิมพันธ์ - วัดช่องลม;Chaloem Phan Bridge - Chong Lom Temple,รถโดยสารในซอย รถโดยสารในซอย;City Mini Bus City Mini Bus,3,20B2AA,สะพานเฉลิมพันธ์ - วัดช่องลม,Chaloem Phan Bridge - Chong Lom Temple,,未提供中文；保留泰文/英文原名,
3,公交车,1520,DLT,1257,เจริญกรุง - ซอยประดู่ 1;Charoen Krung - Soi Pradu 1,รถโดยสารในซอย รถโดยสารในซอย;City Mini Bus City Mini Bus,3,20B2AA,เจริญกรุง - ซอยประดู่ 1,Charoen Krung - Soi Pradu 1,,未提供中文；保留泰文/英文原名,
3,公交车,1521,DLT,1258,เจริญกรุง - ซอยจันทร์ 27;Charoen Krung - Soi Chan 27,รถโดยสารในซอย รถโดยสารในซอย;City Mini Bus City Mini Bus,3,20B2AA,เจริญกรุง - ซอยจันทร์ 27,Charoen Krung - Soi Chan 27,,未提供中文；保留泰文/英文原名,
3,公交车,1522,DLT,1261,สาธุประดิษฐ์ - ซอยวัดปริวาส;Sathu Pradit - Soi Pariwat Temple,รถโดยสารในซอย รถโดยสารในซอย;City Mini Bus City Mini Bus,3,20B2AA,สาธุประดิษฐ์ - ซอยวัดปริวาส,Sathu Pradit - Soi Pariwat Temple,,未提供中文；保留泰文/英文原名,
3,公交车,1523,DLT,1268,ตลาดคลองเตย - องค์การเชื้อเพลิง;Khlong Toei Market - Chuea Phloeng,รถโดยสารในซอย รถโดยสารในซอย;City Mini Bus City Mini Bus,3,20B2AA,ตลาดคลองเตย - องค์การเชื้อเพลิง,Khlong Toei Market - Chuea Phloeng,,未提供中文；保留泰文/英文原名,
3,公交车,1524,DLT,1269,ตลาดหัวตะเข้ - สำนักงานขนส่งกรุงเทพมหานครพื้นที่ 4;Hua Ta Khe Market - Bangkok Land Transport Office Area 4,รถโดยสารในซอย รถโดยสารในซอย;City Mini Bus City Mini Bus,3,20B2AA,ตลาดหัวตะเข้ - สำนักงานขนส่งกรุงเทพมหานครพื้นที่ 4,Hua Ta Khe Market - Bangkok Land Transport Office Area 4,,未提供中文；保留泰文/英文原名,
3,公交车,1525,DLT,1269,ช่วงโครงการบ้านเอื้ออาทรลาดกระบัง - นิคมอุตสาหกรรมลาดกระบัง;Ladkrabang Generous Village - Lat Krabung Industrial Estate,รถโดยสารในซอย รถโดยสารในซอย;City Mini Bus City Mini Bus,3,20B2AA,ช่วงโครงการบ้านเอื้ออาทรลาดกระบัง - นิคมอุตสาหกรรมลาดกระบัง,Ladkrabang Generous Village - Lat Krabung Industrial Estate,,未提供中文；保留泰文/英文原名,
3,公交车,1526,DLT,1269,ช่วงตลาดหัวตะเข้ - วัดทิพพาวาส;Hua Ta Khe Market - Tippawat Temple,รถโดยสารในซอย รถโดยสารในซอย;City Mini Bus City Mini Bus,3,20B2AA,ช่วงตลาดหัวตะเข้ - วัดทิพพาวาส,Hua Ta Khe Market - Tippawat Temple,,未提供中文；保留泰文/英文原名,
3,公交车,1527,DLT,1269,ตัดช่วงตลาดหัวตะเข้ - ตลาดลำผักชี;Hua Ta Khe Market - Lam Phakchi Market,รถโดยสารในซอย รถโดยสารในซอย;City Mini Bus City Mini Bus,3,20B2AA,ตัดช่วงตลาดหัวตะเข้ - ตลาดลำผักชี,Hua Ta Khe Market - Lam Phakchi Market,,未提供中文；保留泰文/英文原名,
3,公交车,1528,DLT,1270,"ตลาดหัวตะเข้ - บริษัท คิง เพาเวอร์ อินเตอร์เนชั่นแนล จำกัด (บางบ่อ);Hua Ta Khe Market - King Power International Co.,Ltd. (Bang Bo)",รถโดยสารในซอย รถโดยสารในซอย;City Mini Bus City Mini Bus,3,20B2AA,ตลาดหัวตะเข้ - บริษัท คิง เพาเวอร์ อินเตอร์เนชั่นแนล จำกัด (บางบ่อ),"Hua Ta Khe Market - King Power International Co.,Ltd. (Bang Bo)",,未提供中文；保留泰文/英文原名,
3,公交车,1529,DLT,1271,วัดลุ่มเจริญศรัทธา - สุสานกวางตุ้ง;Lum Charoen Sattha Temple - Kwang Tung Cemetery,รถโดยสารในซอย รถโดยสารในซอย;City Mini Bus City Mini Bus,3,20B2AA,วัดลุ่มเจริญศรัทธา - สุสานกวางตุ้ง,Lum Charoen Sattha Temple - Kwang Tung Cemetery,,未提供中文；保留泰文/英文原名,
3,公交车,1530,DLT,1272,วัดลุ่มเจริญศรัทธา - แยกเย็นอากาศ;Lum Charoen Sattha Temple - Yen Akat Intersection,รถโดยสารในซอย รถโดยสารในซอย;City Mini Bus City Mini Bus,3,20B2AA,วัดลุ่มเจริญศรัทธา - แยกเย็นอากาศ,Lum Charoen Sattha Temple - Yen Akat Intersection,,未提供中文；保留泰文/英文原名,
3,公交车,1531,DLT,1273,วัดลุ่มเจริญศรัทธา - คลองภูมิ;Lum Charoen Sattha Temple - Khlong Phum,รถโดยสารในซอย รถโดยสารในซอย;City Mini Bus City Mini Bus,3,20B2AA,วัดลุ่มเจริญศรัทธา - คลองภูมิ,Lum Charoen Sattha Temple - Khlong Phum,,未提供中文；保留泰文/英文原名,
3,公交车,1532,DLT,1279,วัดดอกไม้ - ถนนจันทน์;Dok Mai Temple - Chan Road,รถโดยสารในซอย รถโดยสารในซอย;City Mini Bus City Mini Bus,3,20B2AA,วัดดอกไม้ - ถนนจันทน์,Dok Mai Temple - Chan Road,,未提供中文；保留泰文/英文原名,
3,公交车,1533,DLT,1293,อ่อนนุช - โฮมโปรสาขาบางพลี - ถนนบางนาตราด;On Nut - HomePro Bang Phli - Bang Na-Trat Road,รถโดยสารในซอย รถโดยสารในซอย;City Mini Bus City Mini Bus,3,20B2AA,อ่อนนุช - โฮมโปรสาขาบางพลี - ถนนบางนาตราด,On Nut - HomePro Bang Phli - Bang Na-Trat Road,,未提供中文；保留泰文/英文原名,
3,公交车,1534,DLT,1304,มีนบุรี - ลำลูกกา;Min Buri - Lam Luk Ka,รถโดยสารในซอย รถโดยสารในซอย;City Mini Bus City Mini Bus,3,20B2AA,มีนบุรี - ลำลูกกา,Min Buri - Lam Luk Ka,,未提供中文；保留泰文/英文原名,
3,公交车,1535,DLT,1304,ช่วงมีนบุรี - วัดศรีสุข;Min Buri - Si Suk Temple,รถโดยสารในซอย รถโดยสารในซอย;City Mini Bus City Mini Bus,3,20B2AA,ช่วงมีนบุรี - วัดศรีสุข,Min Buri - Si Suk Temple,,未提供中文；保留泰文/英文原名,
3,公交车,1536,DLT,1305,ตลาดแฮปปี้แลนด์ - หมู่บ้านสินธร;Happy Land Market - Sinthon Village,รถโดยสารในซอย รถโดยสารในซอย;City Mini Bus City Mini Bus,3,20B2AA,ตลาดแฮปปี้แลนด์ - หมู่บ้านสินธร,Happy Land Market - Sinthon Village,,未提供中文；保留泰文/英文原名,
3,公交车,1537,DLT,1306,หมู่บ้านพฤกษชาติ - แฮปปี้แลนด์;Phruek Sachat Village - Happy Land,รถโดยสารในซอย รถโดยสารในซอย;City Mini Bus City Mini Bus,3,20B2AA,หมู่บ้านพฤกษชาติ - แฮปปี้แลนด์,Phruek Sachat Village - Happy Land,,未提供中文；保留泰文/英文原名,
3,公交车,1538,DLT,1316,รามคำแหง24 - มหาวิทยาลัยอัสสัมชัญบริหารธุรกิจ;Ramkhamhaeng 24 - Assumption Business Administration College,รถโดยสารในซอย รถโดยสารในซอย;City Mini Bus City Mini Bus,3,20B2AA,รามคำแหง24 - มหาวิทยาลัยอัสสัมชัญบริหารธุรกิจ,Ramkhamhaeng 24 - Assumption Business Administration College,,未提供中文；保留泰文/英文原名,
3,公交车,1539,DLT,1316,ช่วงรามคำแหง 24 - ซอยสงวนสิน;Ramkhamhaeng 24 - Soi Sa-nguan Sin,รถโดยสารในซอย รถโดยสารในซอย;City Mini Bus City Mini Bus,3,20B2AA,ช่วงรามคำแหง 24 - ซอยสงวนสิน,Ramkhamhaeng 24 - Soi Sa-nguan Sin,,未提供中文；保留泰文/英文原名,
3,公交车,1540,DLT,1316,ช่วงรามคำแหง 24 - ซอยรื่นรมย์;Ramkhamhaeng 24 - Soi Ruen Rom,รถโดยสารในซอย รถโดยสารในซอย;City Mini Bus City Mini Bus,3,20B2AA,ช่วงรามคำแหง 24 - ซอยรื่นรมย์,Ramkhamhaeng 24 - Soi Ruen Rom,,未提供中文；保留泰文/英文原名,
3,公交车,1541,DLT,1316,ช่วงรามคำแหง 24 - หมู่บ้านเสรีหัวหมาก (ซอยเสรี 1 - 2);Ramkhamhaeng 24 - Seri Huamak Village (Soi Seri 1 - 2),รถโดยสารในซอย รถโดยสารในซอย;City Mini Bus City Mini Bus,3,20B2AA,ช่วงรามคำแหง 24 - หมู่บ้านเสรีหัวหมาก (ซอยเสรี 1 - 2),Ramkhamhaeng 24 - Seri Huamak Village (Soi Seri 1 - 2),,未提供中文；保留泰文/英文原名,
3,公交车,1542,DLT,1316,ช่วงรามคำแหง 24 - หมู่บ้านเสรี 4;Ramkhamhaeng 24 - Seri Village 4,รถโดยสารในซอย รถโดยสารในซอย;City Mini Bus City Mini Bus,3,20B2AA,ช่วงรามคำแหง 24 - หมู่บ้านเสรี 4,Ramkhamhaeng 24 - Seri Village 4,,未提供中文；保留泰文/英文原名,
3,公交车,1543,DLT,1316,ช่วงรามคำแหง 24 - ซอยรามคำแหงทาวน์เฮ้าส์;Ramkhamhaeng 24 - Soi Ram Townhouse,รถโดยสารในซอย รถโดยสารในซอย;City Mini Bus City Mini Bus,3,20B2AA,ช่วงรามคำแหง 24 - ซอยรามคำแหงทาวน์เฮ้าส์,Ramkhamhaeng 24 - Soi Ram Townhouse,,未提供中文；保留泰文/英文原名,
3,公交车,1544,DLT,1316,ช่วงรามคำแหง 24 - ซอยศิริมิตร;Ramkhamhaeng 24 - Soi Sirimit,รถโดยสารในซอย รถโดยสารในซอย;City Mini Bus City Mini Bus,3,20B2AA,ช่วงรามคำแหง 24 - ซอยศิริมิตร,Ramkhamhaeng 24 - Soi Sirimit,,未提供中文；保留泰文/英文原名,
3,公交车,1545,DLT,1316,ช่วงรามคำแหง 24 - ซอยศิริถาวร;Ramkhamhaeng 24 - Soi Siri Thawon,รถโดยสารในซอย รถโดยสารในซอย;City Mini Bus City Mini Bus,3,20B2AA,ช่วงรามคำแหง 24 - ซอยศิริถาวร,Ramkhamhaeng 24 - Soi Siri Thawon,,未提供中文；保留泰文/英文原名,
3,公交车,1546,DLT,1316,ช่วงรามคำแหง 24 - ปากซอยพูนทรัพย์สิน;Ramkhamhaeng 24 - Soi Phun Sap Sin,รถโดยสารในซอย รถโดยสารในซอย;City Mini Bus City Mini Bus,3,20B2AA,ช่วงรามคำแหง 24 - ปากซอยพูนทรัพย์สิน,Ramkhamhaeng 24 - Soi Phun Sap Sin,,未提供中文；保留泰文/英文原名,
3,公交车,1547,DLT,1319,ซอยแฉล้มนิมิตร - ซอยอยู่ดี - สะพาน 3 (ขาไป);Soi Chalaem Nimit - Soi Yu Di - 3 Bridge,รถโดยสารในซอย รถโดยสารในซอย;City Mini Bus City Mini Bus,3,20B2AA,ซอยแฉล้มนิมิตร - ซอยอยู่ดี - สะพาน 3 (ขาไป),Soi Chalaem Nimit - Soi Yu Di - 3 Bridge,,未提供中文；保留泰文/英文原名,
3,公交车,1548,DLT,1319,ซอยแฉล้มนิมิตร - ซอยอยู่ดี - สะพาน 3 (ขากลับ);Soi Chalaem Nimit - Soi Yu Di - 3 Bridge,รถโดยสารในซอย รถโดยสารในซอย;City Mini Bus City Mini Bus,3,20B2AA,ซอยแฉล้มนิมิตร - ซอยอยู่ดี - สะพาน 3 (ขากลับ),Soi Chalaem Nimit - Soi Yu Di - 3 Bridge,,未提供中文；保留泰文/英文原名,
3,公交车,1549,DLT,1320,ตลาดอ่อนนุช - ซอยพัฒนาการ 30;On Nut Market - Soi Phatthanakan 30,รถโดยสารในซอย รถโดยสารในซอย;City Mini Bus City Mini Bus,3,20B2AA,ตลาดอ่อนนุช - ซอยพัฒนาการ 30,On Nut Market - Soi Phatthanakan 30,,未提供中文；保留泰文/英文原名,
3,公交车,1550,DLT,1320,ช่วงตลาดอ่อนนุช - หมู่บ้านปัญญา (ด้านหลัง);On Nut Market - Punya Village (Back),รถโดยสารในซอย รถโดยสารในซอย;City Mini Bus City Mini Bus,3,20B2AA,ช่วงตลาดอ่อนนุช - หมู่บ้านปัญญา (ด้านหลัง),On Nut Market - Punya Village (Back),,未提供中文；保留泰文/英文原名,
3,公交车,1551,DLT,1411,ซอยวัดดีดวด - ซอยวัดใหม่พิเรนทร์;Soi Diduat Temple - Soi Mai Phiren Temple,รถโดยสารในซอย รถโดยสารในซอย;City Mini Bus City Mini Bus,3,20B2AA,ซอยวัดดีดวด - ซอยวัดใหม่พิเรนทร์,Soi Diduat Temple - Soi Mai Phiren Temple,,未提供中文；保留泰文/英文原名,
3,公交车,1552,DLT,1416,จรัญสนิทวงศ์ - ตลาดบางกรวย;Charan Sanitwong - Bang Kruai Market,รถโดยสารในซอย รถโดยสารในซอย;City Mini Bus City Mini Bus,3,20B2AA,จรัญสนิทวงศ์ - ตลาดบางกรวย,Charan Sanitwong - Bang Kruai Market,,未提供中文；保留泰文/英文原名,
3,公交车,1553,DLT,1418,จรัญสนิทวงศ์ - ซอยศักดิ์เจริญ;Charan Sanitwong - Soi Sak Charoen,รถโดยสารในซอย รถโดยสารในซอย;City Mini Bus City Mini Bus,3,20B2AA,จรัญสนิทวงศ์ - ซอยศักดิ์เจริญ,Charan Sanitwong - Soi Sak Charoen,,未提供中文；保留泰文/英文原名,
3,公交车,1554,DLT,1419,จรัญสนิทวงศ์ 35 - วัดศิริวัฒนาราม;Charan Sanitwong 35 - Siri Wattanaram Temple,รถโดยสารในซอย รถโดยสารในซอย;City Mini Bus City Mini Bus,3,20B2AA,จรัญสนิทวงศ์ 35 - วัดศิริวัฒนาราม,Charan Sanitwong 35 - Siri Wattanaram Temple,,未提供中文；保留泰文/英文原名,
3,公交车,1555,DLT,1419,ช่วงจรัญสนิทวงศ์ 35 - สามแยกโพธิ์ทอง;Charan Sanitwong 35 - Pho Thong Intersction,รถโดยสารในซอย รถโดยสารในซอย;City Mini Bus City Mini Bus,3,20B2AA,ช่วงจรัญสนิทวงศ์ 35 - สามแยกโพธิ์ทอง,Charan Sanitwong 35 - Pho Thong Intersction,,未提供中文；保留泰文/英文原名,
3,公交车,1556,DLT,1419,ช่วงจรัญสนิทวงศ์ 35 - วัดกระโจมทอง;Charan Sanitwong 35 - Krachom Thong Temple,รถโดยสารในซอย รถโดยสารในซอย;City Mini Bus City Mini Bus,3,20B2AA,ช่วงจรัญสนิทวงศ์ 35 - วัดกระโจมทอง,Charan Sanitwong 35 - Krachom Thong Temple,,未提供中文；保留泰文/英文原名,
3,公交车,1557,DLT,1438,จรัญสนิทวงศ์ 13 - ถนนพุทธมณฑลสาย 2;Charan Sanitwong 13 - Phuttha Monthon Sai 2 Road,รถโดยสารในซอย รถโดยสารในซอย;City Mini Bus City Mini Bus,3,20B2AA,จรัญสนิทวงศ์ 13 - ถนนพุทธมณฑลสาย 2,Charan Sanitwong 13 - Phuttha Monthon Sai 2 Road,,未提供中文；保留泰文/英文原名,
3,公交车,1558,DLT,1438,ตัดช่วงจรัญสนิทวงศ์ 13 - วิทยาลัยพาณิชยการธนบุรี;Charan Sanitwong 13 - Thon Buri Commercial College,รถโดยสารในซอย รถโดยสารในซอย;City Mini Bus City Mini Bus,3,20B2AA,ตัดช่วงจรัญสนิทวงศ์ 13 - วิทยาลัยพาณิชยการธนบุรี,Charan Sanitwong 13 - Thon Buri Commercial College,,未提供中文；保留泰文/英文原名,
3,公交车,1559,DLT,1438,ตัดช่วงจรัญสนิทวงศ์ 13 - สน.บางเสาธง;Charan Sanitwong 13 - Bang Sao Thong Police Station,รถโดยสารในซอย รถโดยสารในซอย;City Mini Bus City Mini Bus,3,20B2AA,ตัดช่วงจรัญสนิทวงศ์ 13 - สน.บางเสาธง,Charan Sanitwong 13 - Bang Sao Thong Police Station,,未提供中文；保留泰文/英文原名,
3,公交车,1560,DLT,1441,จรัญสนิทวงศ์ - ซอยพระยาวรุพงษ์;Charan Sanitwong - Soi Phraya Woraphong,รถโดยสารในซอย รถโดยสารในซอย;City Mini Bus City Mini Bus,3,20B2AA,จรัญสนิทวงศ์ - ซอยพระยาวรุพงษ์,Charan Sanitwong - Soi Phraya Woraphong,,未提供中文；保留泰文/英文原名,
3,公交车,1561,DLT,1442,เจริญรัถ - ซอยสารภี;Chroen Rat - Soi Saraphi,รถโดยสารในซอย รถโดยสารในซอย;City Mini Bus City Mini Bus,3,20B2AA,เจริญรัถ - ซอยสารภี,Chroen Rat - Soi Saraphi,,未提供中文；保留泰文/英文原名,
3,公交车,1562,DLT,1445,ช่วงสุขสวัสดิ์ - ซอยบางมด;Suk Sawat - Bang Mot,รถโดยสารในซอย รถโดยสารในซอย;City Mini Bus City Mini Bus,3,20B2AA,ช่วงสุขสวัสดิ์ - ซอยบางมด,Suk Sawat - Bang Mot,,未提供中文；保留泰文/英文原名,
3,公交车,1563,DLT,1449,เพชรเกษม 63 - คลองขวาง - โรงเรียนวัดหนองแขม;Phet Kasem 63 - Khlong Khwang - Nongkhaem Temple School,รถโดยสารในซอย รถโดยสารในซอย;City Mini Bus City Mini Bus,3,20B2AA,เพชรเกษม 63 - คลองขวาง - โรงเรียนวัดหนองแขม,Phet Kasem 63 - Khlong Khwang - Nongkhaem Temple School,,未提供中文；保留泰文/英文原名,
3,公交车,1564,DLT,1449,ช่วงเพชรเกษม 63 - ปากซอยวัดนินสุขาราม;Phet Kasem 63 - Soi Ninsukaram Temple,รถโดยสารในซอย รถโดยสารในซอย;City Mini Bus City Mini Bus,3,20B2AA,ช่วงเพชรเกษม 63 - ปากซอยวัดนินสุขาราม,Phet Kasem 63 - Soi Ninsukaram Temple,,未提供中文；保留泰文/英文原名,
3,公交车,1565,DLT,1449,ช่วงโรงเรียนวัดหนองแขม - ปากทางถนนบางบอน 4;Nongkhaem Temple School - Bang Bon 4 Road,รถโดยสารในซอย รถโดยสารในซอย;City Mini Bus City Mini Bus,3,20B2AA,ช่วงโรงเรียนวัดหนองแขม - ปากทางถนนบางบอน 4,Nongkhaem Temple School - Bang Bon 4 Road,,未提供中文；保留泰文/英文原名,
3,公交车,1566,DLT,1450,เพชรเกษม 48 - พุทธมณฑลสาย 1;Phet Kasem 48 - Phuttha Monthon Sai 1,รถโดยสารในซอย รถโดยสารในซอย;City Mini Bus City Mini Bus,3,20B2AA,เพชรเกษม 48 - พุทธมณฑลสาย 1,Phet Kasem 48 - Phuttha Monthon Sai 1,,未提供中文；保留泰文/英文原名,
3,公交车,1567,DLT,1450,ช่วงเพชรเกษม 48 - คลองราชมนตรี;Phet Kasem 48 - Khlong Ratcha Montri,รถโดยสารในซอย รถโดยสารในซอย;City Mini Bus City Mini Bus,3,20B2AA,ช่วงเพชรเกษม 48 - คลองราชมนตรี,Phet Kasem 48 - Khlong Ratcha Montri,,未提供中文；保留泰文/英文原名,
3,公交车,1568,DLT,1451,ปากซอยสุขสวัสดิ์ 30 - คลองสารอด;Suk Sawat 30 - Khlong Sarod,รถโดยสารในซอย รถโดยสารในซอย;City Mini Bus City Mini Bus,3,20B2AA,ปากซอยสุขสวัสดิ์ 30 - คลองสารอด,Suk Sawat 30 - Khlong Sarod,,未提供中文；保留泰文/英文原名,
3,公交车,1569,DLT,1452,เพชรเกษม - ซอยเกษมสุข - ถนนกาญจนาภิเษก;Phet Kasem - Soi Kasemsuk - Kanchanaphisek Road,รถโดยสารในซอย รถโดยสารในซอย;City Mini Bus City Mini Bus,3,20B2AA,เพชรเกษม - ซอยเกษมสุข - ถนนกาญจนาภิเษก,Phet Kasem - Soi Kasemsuk - Kanchanaphisek Road,,未提供中文；保留泰文/英文原名,
3,公交车,1570,DLT,1454,หมู่บ้านศิริเกษม - ตลาดบางแค;Siri Kasem Village - Bang Khae Market,รถโดยสารในซอย รถโดยสารในซอย;City Mini Bus City Mini Bus,3,20B2AA,หมู่บ้านศิริเกษม - ตลาดบางแค,Siri Kasem Village - Bang Khae Market,,未提供中文；保留泰文/英文原名,
3,公交车,1571,DLT,1469,อินทปัจ - ซอยทวีวัฒนา;Inthapat - Soi Thawi Watthana,รถโดยสารในซอย รถโดยสารในซอย;City Mini Bus City Mini Bus,3,20B2AA,อินทปัจ - ซอยทวีวัฒนา,Inthapat - Soi Thawi Watthana,,未提供中文；保留泰文/英文原名,
3,公交车,1572,DLT,1497,ถนนรางโพธิ์ - วัดบางกระดี่;Rang Pho Road - Bang Kadi Temple,รถโดยสารในซอย รถโดยสารในซอย;City Mini Bus City Mini Bus,3,20B2AA,ถนนรางโพธิ์ - วัดบางกระดี่,Rang Pho Road - Bang Kadi Temple,,未提供中文；保留泰文/英文原名,
3,公交车,1573,DLT,1504,ปากซอยอนามัยงามเจริญ - คลองรางโพ;Soi Anamai Ngam Charoen - Khlong Rang Pho,รถโดยสารในซอย รถโดยสารในซอย;City Mini Bus City Mini Bus,3,20B2AA,ปากซอยอนามัยงามเจริญ - คลองรางโพ,Soi Anamai Ngam Charoen - Khlong Rang Pho,,未提供中文；保留泰文/英文原名,
3,公交车,1574,DLT,1511,มีนบุรี - สุเหร่าซีรอ;Min Buri -Siro Mosque,รถโดยสารในซอย รถโดยสารในซอย;City Mini Bus City Mini Bus,3,20B2AA,มีนบุรี - สุเหร่าซีรอ,Min Buri -Siro Mosque,,未提供中文；保留泰文/英文原名,
3,公交车,1575,DLT,1512,วัดธรรมคุณาราม (วัดหลวงพ่อตา) - ถนนพิทยาลงกรณ์;Thamma Khunaram Temple - Pittayalongkorn Road,รถโดยสารในซอย รถโดยสารในซอย;City Mini Bus City Mini Bus,3,20B2AA,วัดธรรมคุณาราม (วัดหลวงพ่อตา) - ถนนพิทยาลงกรณ์,Thamma Khunaram Temple - Pittayalongkorn Road,,未提供中文；保留泰文/英文原名,
3,公交车,1576,DLT,1514,ถนนพระราม 2 (ซอยที่ 100) - วัดหนองแขม;Rama 2 Road (Soi 100) - Nongkhaem Temple,รถโดยสารในซอย รถโดยสารในซอย;City Mini Bus City Mini Bus,3,20B2AA,ถนนพระราม 2 (ซอยที่ 100) - วัดหนองแขม,Rama 2 Road (Soi 100) - Nongkhaem Temple,,未提供中文；保留泰文/英文原名,
3,公交车,1577,DLT,1515,ถนนพระราม 2 (ซอยวัดแสมดำ) - วัดแสมดำ;Rama 2 Road (Soi Samae Dam Temple) - Samae Dam Temple,รถโดยสารในซอย รถโดยสารในซอย;City Mini Bus City Mini Bus,3,20B2AA,ถนนพระราม 2 (ซอยวัดแสมดำ) - วัดแสมดำ,Rama 2 Road (Soi Samae Dam Temple) - Samae Dam Temple,,未提供中文；保留泰文/英文原名,
3,公交车,1578,DLT,1516,ตลาดหัวตะเข้ - นิคมอุตสาหกรรมนำไกร;Hua Ta Khe Market - Numkrai Industrial Estate,รถโดยสารในซอย รถโดยสารในซอย;City Mini Bus City Mini Bus,3,20B2AA,ตลาดหัวตะเข้ - นิคมอุตสาหกรรมนำไกร,Hua Ta Khe Market - Numkrai Industrial Estate,,未提供中文；保留泰文/英文原名,
3,公交车,1579,DLT,1517,หัวตะเข้ - ถนนฉลองกรุง - มีนบุรี;Hua Ta Khe - Chalong Krung Road - Min Buri,รถโดยสารในซอย รถโดยสารในซอย;City Mini Bus City Mini Bus,3,20B2AA,หัวตะเข้ - ถนนฉลองกรุง - มีนบุรี,Hua Ta Khe - Chalong Krung Road - Min Buri,,未提供中文；保留泰文/英文原名,
3,公交车,1580,DLT,1517,ช่วงหัวตะเข้ - ถนนสุวินทวงศ์;Hua Ta Khe - Suwinthawong Road,รถโดยสารในซอย รถโดยสารในซอย;City Mini Bus City Mini Bus,3,20B2AA,ช่วงหัวตะเข้ - ถนนสุวินทวงศ์,Hua Ta Khe - Suwinthawong Road,,未提供中文；保留泰文/英文原名,
3,公交车,1581,DLT,1518,(เที่ยวไป) สุขสวัสดิ์ 26 - วัดหลวงพ่อโอภาสี;Suk Sawat 26 - Luang Pho Ophasi Temple,รถโดยสารในซอย รถโดยสารในซอย;City Mini Bus City Mini Bus,3,20B2AA,(เที่ยวไป) สุขสวัสดิ์ 26 - วัดหลวงพ่อโอภาสี,Suk Sawat 26 - Luang Pho Ophasi Temple,,未提供中文；保留泰文/英文原名,
3,公交车,1582,DLT,1518,(เที่ยวกลับ) วัดหลวงพ่อโอภาสี - สุขสวัสดิ์ 26;Luang Pho Ophasi Temple - Suk Sawat 26,รถโดยสารในซอย รถโดยสารในซอย;City Mini Bus City Mini Bus,3,20B2AA,(เที่ยวกลับ) วัดหลวงพ่อโอภาสี - สุขสวัสดิ์ 26,Luang Pho Ophasi Temple - Suk Sawat 26,,未提供中文；保留泰文/英文原名,
3,公交车,1583,DLT,1518,ช่วงสุขสวัสดิ์ 26 - วัดโพธิ์ทอง;Suk Sawat 26 - Pho Thong Temple,รถโดยสารในซอย รถโดยสารในซอย;City Mini Bus City Mini Bus,3,20B2AA,ช่วงสุขสวัสดิ์ 26 - วัดโพธิ์ทอง,Suk Sawat 26 - Pho Thong Temple,,未提供中文；保留泰文/英文原名,
3,公交车,1584,DLT,1519,(วนขวา) วงกลมเคหะชุมชนทุ่งสองห้อง;Thung Song Hong Community Housing,รถโดยสารในซอย รถโดยสารในซอย;City Mini Bus City Mini Bus,3,20B2AA,(วนขวา) วงกลมเคหะชุมชนทุ่งสองห้อง,Thung Song Hong Community Housing,,未提供中文；保留泰文/英文原名,
3,公交车,1585,DLT,1519,(วนซ้าย) วงกลมเคหะชุมชนทุ่งสองห้อง;Thung Song Hong Community Housing,รถโดยสารในซอย รถโดยสารในซอย;City Mini Bus City Mini Bus,3,20B2AA,(วนซ้าย) วงกลมเคหะชุมชนทุ่งสองห้อง,Thung Song Hong Community Housing,,未提供中文；保留泰文/英文原名,
3,公交车,1586,DLT,1519,ช่วงเคหะชุมชนทุ่งสองห้อง - ซอยเคหะชุมชนทุ่งสองห้องสายหลัก;Thung Song Hong Community Housing - Soi Thung Song Hong Community Housing (Main),รถโดยสารในซอย รถโดยสารในซอย;City Mini Bus City Mini Bus,3,20B2AA,ช่วงเคหะชุมชนทุ่งสองห้อง - ซอยเคหะชุมชนทุ่งสองห้องสายหลัก,Thung Song Hong Community Housing - Soi Thung Song Hong Community Housing (Main),,未提供中文；保留泰文/英文原名,
3,公交车,1587,DLT,1519,ช่วงเคหะชุมชนทุ่งสองห้อง - ซอยเคหะชุมชนทุ่งสองห้องสายรอง;Thung Song Hong Community Housing - Soi Thung Song Hong Community Housing (Sub),รถโดยสารในซอย รถโดยสารในซอย;City Mini Bus City Mini Bus,3,20B2AA,ช่วงเคหะชุมชนทุ่งสองห้อง - ซอยเคหะชุมชนทุ่งสองห้องสายรอง,Thung Song Hong Community Housing - Soi Thung Song Hong Community Housing (Sub),,未提供中文；保留泰文/英文原名,
3,公交车,1588,DLT,1520,ซอยพัฒนาการ 30 - บางกะปิ;Soi Phatthanakan 30 - Bang Kapi,รถโดยสารในซอย รถโดยสารในซอย;City Mini Bus City Mini Bus,3,20B2AA,ซอยพัฒนาการ 30 - บางกะปิ,Soi Phatthanakan 30 - Bang Kapi,,未提供中文；保留泰文/英文原名,
3,公交车,1589,DLT,1520,บางกะปิ - ซอยพัฒนาการ 30;Bang Kapi - Soi Phatthanakan 30,รถโดยสารในซอย รถโดยสารในซอย;City Mini Bus City Mini Bus,3,20B2AA,บางกะปิ - ซอยพัฒนาการ 30,Bang Kapi - Soi Phatthanakan 30,,未提供中文；保留泰文/英文原名,
3,公交车,1590,DLT,1524,หมู่บ้านนักกีฬาแหลมทอง - ตลาดเอี่ยมสมบัติ;Nakkila Laem Thong Village - Iam Sombat Market,รถโดยสารในซอย รถโดยสารในซอย;City Mini Bus City Mini Bus,3,20B2AA,หมู่บ้านนักกีฬาแหลมทอง - ตลาดเอี่ยมสมบัติ,Nakkila Laem Thong Village - Iam Sombat Market,,未提供中文；保留泰文/英文原名,
3,公交车,1591,DLT,1526,ถนอมมิตรพาร์ค - ซอยลาดพร้าว 81;Thanommit Park - Soi Lat Phrao 81,รถโดยสารในซอย รถโดยสารในซอย;City Mini Bus City Mini Bus,3,20B2AA,ถนอมมิตรพาร์ค - ซอยลาดพร้าว 81,Thanommit Park - Soi Lat Phrao 81,,未提供中文；保留泰文/英文原名,
3,公交车,1592,DLT,1527,ตลาดออเงิน - รามอินทรา;Ao Ngoen Market - Ram Intra,รถโดยสารในซอย รถโดยสารในซอย;City Mini Bus City Mini Bus,3,20B2AA,ตลาดออเงิน - รามอินทรา,Ao Ngoen Market - Ram Intra,,未提供中文；保留泰文/英文原名,
3,公交车,1593,DLT,1528,สุขุมวิท 50 - คอนโดมิเนียมเอื้ออมรสุข;Sukhumvit 50 - Eua Amornsuk Condo,รถโดยสารในซอย รถโดยสารในซอย;City Mini Bus City Mini Bus,3,20B2AA,สุขุมวิท 50 - คอนโดมิเนียมเอื้ออมรสุข,Sukhumvit 50 - Eua Amornsuk Condo,,未提供中文；保留泰文/英文原名,
3,公交车,1594,DLT,1531,ปากซอยนวลจันทร์ 56 - ปากซอยนวมินทร์ 163;Soi Nuan Chan 56 - Soi Nawamin 163,รถโดยสารในซอย รถโดยสารในซอย;City Mini Bus City Mini Bus,3,20B2AA,ปากซอยนวลจันทร์ 56 - ปากซอยนวมินทร์ 163,Soi Nuan Chan 56 - Soi Nawamin 163,,未提供中文；保留泰文/英文原名,
3,公交车,1595,DLT,1533,ตลาดสดปัฐวิกรณ์ - ปากซอยรามอินทรา 62;Pattavikorn Market - Soi Ram Intra 62,รถโดยสารในซอย รถโดยสารในซอย;City Mini Bus City Mini Bus,3,20B2AA,ตลาดสดปัฐวิกรณ์ - ปากซอยรามอินทรา 62,Pattavikorn Market - Soi Ram Intra 62,,未提供中文；保留泰文/英文原名,
3,公交车,1596,DLT,1534,ช่วงวงกลมวัดกก - ซอยพระราม 2 ที่ 30;Kok Temple - Rama 2 Soi 30,รถโดยสารในซอย รถโดยสารในซอย;City Mini Bus City Mini Bus,3,20B2AA,ช่วงวงกลมวัดกก - ซอยพระราม 2 ที่ 30,Kok Temple - Rama 2 Soi 30,,未提供中文；保留泰文/英文原名,
3,公交车,1597,DLT,1535,ช่วงถนนพระราม 2 - วัดบัวผัน;Rama 2 Road - Bua Phan Temple,รถโดยสารในซอย รถโดยสารในซอย;City Mini Bus City Mini Bus,3,20B2AA,ช่วงถนนพระราม 2 - วัดบัวผัน,Rama 2 Road - Bua Phan Temple,,未提供中文；保留泰文/英文原名,
3,公交车,1598,DLT,1536,หมู่บ้านเอื้ออาทรหัวหมาก - หมู่บ้านสวนสน;Hua Mak Generous Village - Suan Son Village,รถโดยสารในซอย รถโดยสารในซอย;City Mini Bus City Mini Bus,3,20B2AA,หมู่บ้านเอื้ออาทรหัวหมาก - หมู่บ้านสวนสน,Hua Mak Generous Village - Suan Son Village,,未提供中文；保留泰文/英文原名,
3,公交车,1599,DLT,1538,วงกลมโครงการเอื้ออาทรบึงกุ่ม - เสรีไทย;Bueng Kum Generous - Seri Thai,รถโดยสารในซอย รถโดยสารในซอย;City Mini Bus City Mini Bus,3,20B2AA,วงกลมโครงการเอื้ออาทรบึงกุ่ม - เสรีไทย,Bueng Kum Generous - Seri Thai,,未提供中文；保留泰文/英文原名,
3,公交车,1600,DLT,1539,แยกถนนตก - ตลาดคลองเตย;Tok Road Intersection - Khlong Toei Market,รถโดยสารในซอย รถโดยสารในซอย;City Mini Bus City Mini Bus,3,20B2AA,แยกถนนตก - ตลาดคลองเตย,Tok Road Intersection - Khlong Toei Market,,未提供中文；保留泰文/英文原名,
3,公交车,1601,DLT,1541,หมู่บ้านนักกีฬา - มหาวิทยาลัยอัสสัมชัญบริหารธุรกิจ;Nakkila Village - Assumption Business Administration College,รถโดยสารในซอย รถโดยสารในซอย;City Mini Bus City Mini Bus,3,20B2AA,หมู่บ้านนักกีฬา - มหาวิทยาลัยอัสสัมชัญบริหารธุรกิจ,Nakkila Village - Assumption Business Administration College,,未提供中文；保留泰文/英文原名,
3,公交车,1602,DLT,1542,วงกลมโครงการเอื้ออาทรมีนบุรี - หทัยราษฎร์;Min Buri Generous - Hathairat,รถโดยสารในซอย รถโดยสารในซอย;City Mini Bus City Mini Bus,3,20B2AA,วงกลมโครงการเอื้ออาทรมีนบุรี - หทัยราษฎร์,Min Buri Generous - Hathairat,,未提供中文；保留泰文/英文原名,
3,公交车,1603,DLT,1543,โรงเรียนนราธร - ห้างสรรพสินค้าซีคอนสแควร์;Narathorn School - Seacon Square,รถโดยสารในซอย รถโดยสารในซอย;City Mini Bus City Mini Bus,3,20B2AA,โรงเรียนนราธร - ห้างสรรพสินค้าซีคอนสแควร์,Narathorn School - Seacon Square,,未提供中文；保留泰文/英文原名,
3,公交车,1604,DLT,1544,ซอยวิภาวดีรังสิต 58 - มหาวิทยาลัยศรีปทุม;Soi Vibhavadi Rangsit 58 - Sripatum University,รถโดยสารในซอย รถโดยสารในซอย;City Mini Bus City Mini Bus,3,20B2AA,ซอยวิภาวดีรังสิต 58 - มหาวิทยาลัยศรีปทุม,Soi Vibhavadi Rangsit 58 - Sripatum University,,未提供中文；保留泰文/英文原名,
3,公交车,1605,DLT,1544,มหาวิทยาลัยศรีปทุม - ซอยวิภาวดีรังสิต 58;Sripatum University - Soi Vibhavadi Rangsit 58,รถโดยสารในซอย รถโดยสารในซอย;City Mini Bus City Mini Bus,3,20B2AA,มหาวิทยาลัยศรีปทุม - ซอยวิภาวดีรังสิต 58,Sripatum University - Soi Vibhavadi Rangsit 58,,未提供中文；保留泰文/英文原名,
3,公交车,1606,DLT,1545,ถนนพระราม 9 ซอย 57 - ซอยรามคำแหง 26;Rama 9 Road Soi 57 - Soi Ramkhamhaeng 26,รถโดยสารในซอย รถโดยสารในซอย;City Mini Bus City Mini Bus,3,20B2AA,ถนนพระราม 9 ซอย 57 - ซอยรามคำแหง 26,Rama 9 Road Soi 57 - Soi Ramkhamhaeng 26,,未提供中文；保留泰文/英文原名,
3,公交车,1607,DLT,1546,วัดพุทธบูชา - แยกทุ่งครุ;Phutthabucha Temple - Thung Khru Intersection,รถโดยสารในซอย รถโดยสารในซอย;City Mini Bus City Mini Bus,3,20B2AA,วัดพุทธบูชา - แยกทุ่งครุ,Phutthabucha Temple - Thung Khru Intersection,,未提供中文；保留泰文/英文原名,
3,公交车,1608,DLT,1547,ซฮยสุขสวัสดิ์ 30 - โรงเรียนสวนกุหลาบวิทยาลัยธนบุรี;Soi Suk Sawat 30 - Suankularb Wittayalai Thonburi,รถโดยสารในซอย รถโดยสารในซอย;City Mini Bus City Mini Bus,3,20B2AA,ซฮยสุขสวัสดิ์ 30 - โรงเรียนสวนกุหลาบวิทยาลัยธนบุรี,Soi Suk Sawat 30 - Suankularb Wittayalai Thonburi,,未提供中文；保留泰文/英文原名,
3,公交车,1609,DLT,1548,"ซอยงามวงศ์วาน 43 - ซอยงามวงศ์วาน 47 แยก 48;Soi Ngam Wong Wan 43 - Soi Ngam Wong Wan 47, Lane 48",รถโดยสารในซอย รถโดยสารในซอย;City Mini Bus City Mini Bus,3,20B2AA,ซอยงามวงศ์วาน 43 - ซอยงามวงศ์วาน 47 แยก 48,"Soi Ngam Wong Wan 43 - Soi Ngam Wong Wan 47, Lane 48",,未提供中文；保留泰文/英文原名,
3,公交车,1610,DLT,1549,วัดกำแพง - ปากซอยพระรามที่ 2 ซอย 56;Kamphaeng Temple - Rama 2 Road Soi 56,รถโดยสารในซอย รถโดยสารในซอย;City Mini Bus City Mini Bus,3,20B2AA,วัดกำแพง - ปากซอยพระรามที่ 2 ซอย 56,Kamphaeng Temple - Rama 2 Road Soi 56,,未提供中文；保留泰文/英文原名,
3,公交车,1611,DLT,1550,ซอยประชาอุทิศ 61 - พระประแดงอาเขต;Soi Pracha Uthit 61 - Phra Pradaeng Arcade,รถโดยสารในซอย รถโดยสารในซอย;City Mini Bus City Mini Bus,3,20B2AA,ซอยประชาอุทิศ 61 - พระประแดงอาเขต,Soi Pracha Uthit 61 - Phra Pradaeng Arcade,,未提供中文；保留泰文/英文原名,
3,公交车,1612,DLT,1505,ซอยวัดยายร่ม - วัดท่าข้าม;Soi Yai Rom Temple - Tha Kham Temple,รถโดยสารในซอย รถโดยสารในซอย;City Mini Bus City Mini Bus,3,20B2AA,ซอยวัดยายร่ม - วัดท่าข้าม,Soi Yai Rom Temple - Tha Kham Temple,,未提供中文；保留泰文/英文原名,
3,公交车,1613,DLT,8335,บ้านคลองยม - ซ.สุขาภิบาล 8 - ปากซอยพงษ์ศิริชัย 3;Baan Klong Yom- Soi Sukhaphiban 8 - Soi Phong Sirichai 3,รถโดยสารในเขตปริมณฑล รถโดยสารในเขตปริมณฑล;Provincial Bus Provincial Bus,3,9400D3,บ้านคลองยม - ซ.สุขาภิบาล 8 - ปากซอยพงษ์ศิริชัย 3,Baan Klong Yom- Soi Sukhaphiban 8 - Soi Phong Sirichai 3,,未提供中文；保留泰文/英文原名,
3,公交车,1614,DLT,8413,อำเภอสามพราน - บ้านคลองจินดา;Sam Phran District - Baan Khlong Chinda,รถโดยสารในเขตปริมณฑล รถโดยสารในเขตปริมณฑล;Provincial Bus Provincial Bus,3,9400D3,อำเภอสามพราน - บ้านคลองจินดา,Sam Phran District - Baan Khlong Chinda,,未提供中文；保留泰文/英文原名,
3,公交车,1615,DLT,1705,นครปฐม - โรงเรียนบ้านจินดา;Nakhon Pathom - Baan Khlong Chinda School,รถโดยสารในเขตปริมณฑล รถโดยสารในเขตปริมณฑล;Provincial Bus Provincial Bus,3,9400D3,นครปฐม - โรงเรียนบ้านจินดา,Nakhon Pathom - Baan Khlong Chinda School,,未提供中文；保留泰文/英文原名,
3,公交车,1616,DLT,8483,นครปฐม - บางแขม - วัดดอนเสาเกียด;Nakhon Pathom - Bang Khaem - Don Sao Kiat Temple,รถโดยสารในเขตปริมณฑล รถโดยสารในเขตปริมณฑล;Provincial Bus Provincial Bus,3,9400D3,นครปฐม - บางแขม - วัดดอนเสาเกียด,Nakhon Pathom - Bang Khaem - Don Sao Kiat Temple,,未提供中文；保留泰文/英文原名,
3,公交车,1617,DLT,8335,บ้านคลองยม - วัดทรงคนอง - สามพราน;Baan Klong Yom - Song Khanong Temple - Sam Phran,รถโดยสารในเขตปริมณฑล รถโดยสารในเขตปริมณฑล;Provincial Bus Provincial Bus,3,9400D3,บ้านคลองยม - วัดทรงคนอง - สามพราน,Baan Klong Yom - Song Khanong Temple - Sam Phran,,未提供中文；保留泰文/英文原名,
3,公交车,1618,DLT,8348,ปากทางอำเภอสามพราน - คลองใหม่ - ตลาดหมู่บ้านสามพราน;Sam Phran District - Khlong Mai - Sam Phran Village Market,รถโดยสารในเขตปริมณฑล รถโดยสารในเขตปริมณฑล;Provincial Bus Provincial Bus,3,9400D3,ปากทางอำเภอสามพราน - คลองใหม่ - ตลาดหมู่บ้านสามพราน,Sam Phran District - Khlong Mai - Sam Phran Village Market,,未提供中文；保留泰文/英文原名,
3,公交车,1619,DLT,8239,นครปฐม - วัดปรีดาราม;Nakhon Pathom - Pridaram Temple,รถโดยสารในเขตปริมณฑล รถโดยสารในเขตปริมณฑล;Provincial Bus Provincial Bus,3,9400D3,นครปฐม - วัดปรีดาราม,Nakhon Pathom - Pridaram Temple,,未提供中文；保留泰文/英文原名,
3,公交车,1620,DLT,8348,ปากทางอำเภอสามพราน - วัดเดชานุสรณ์ - ตลาดหมู่บ้านสามพราน;Sam Phran District - Decha Nuson Temple - Sam Phran Village Market,รถโดยสารในเขตปริมณฑล รถโดยสารในเขตปริมณฑล;Provincial Bus Provincial Bus,3,9400D3,ปากทางอำเภอสามพราน - วัดเดชานุสรณ์ - ตลาดหมู่บ้านสามพราน,Sam Phran District - Decha Nuson Temple - Sam Phran Village Market,,未提供中文；保留泰文/英文原名,
3,公交车,1621,DLT,8195,นครปฐม - วัดตะโกสูง;Nakhon Pathom - Tako Sung Temple,รถโดยสารในเขตปริมณฑล รถโดยสารในเขตปริมณฑล;Provincial Bus Provincial Bus,3,9400D3,นครปฐม - วัดตะโกสูง,Nakhon Pathom - Tako Sung Temple,,未提供中文；保留泰文/英文原名,
3,公交车,1622,DLT,8195,นครปฐม - ตลาดบางหลวง;Nakhon Pathom - Bang Luang Market,รถโดยสารในเขตปริมณฑล รถโดยสารในเขตปริมณฑล;Provincial Bus Provincial Bus,3,9400D3,นครปฐม - ตลาดบางหลวง,Nakhon Pathom - Bang Luang Market,,未提供中文；保留泰文/英文原名,
3,公交车,1623,DLT,8500,สถานีรถไฟงิ้วราย - หมู่บ้านพฤกษา 4 (ซอย 51) - ตลาดศาลายา;Ngiu Rai Railway Station - Phrueksa 4 Village (Soi 51) - Salaya Market,รถโดยสารในเขตปริมณฑล รถโดยสารในเขตปริมณฑล;Provincial Bus Provincial Bus,3,9400D3,สถานีรถไฟงิ้วราย - หมู่บ้านพฤกษา 4 (ซอย 51) - ตลาดศาลายา,Ngiu Rai Railway Station - Phrueksa 4 Village (Soi 51) - Salaya Market,,未提供中文；保留泰文/英文原名,
3,公交车,1624,DLT,8195,นครปฐม - วัดบ้านหลวง;Nakhon Pathom - Baan Luang Temple,รถโดยสารในเขตปริมณฑล รถโดยสารในเขตปริมณฑล;Provincial Bus Provincial Bus,3,9400D3,นครปฐม - วัดบ้านหลวง,Nakhon Pathom - Baan Luang Temple,,未提供中文；保留泰文/英文原名,
3,公交车,1625,DLT,8235,นครปฐม - วัดบ้านหลวง;Nakhon Pathom - Baan Luang Temple,รถโดยสารในเขตปริมณฑล รถโดยสารในเขตปริมณฑล;Provincial Bus Provincial Bus,3,9400D3,นครปฐม - วัดบ้านหลวง,Nakhon Pathom - Baan Luang Temple,,未提供中文；保留泰文/英文原名,
3,公交车,1626,DLT,8228,นครปฐม - บ้านศาลายา;Nakhon Pathom - Baan Salaya,รถโดยสารในเขตปริมณฑล รถโดยสารในเขตปริมณฑล;Provincial Bus Provincial Bus,3,9400D3,นครปฐม - บ้านศาลายา,Nakhon Pathom - Baan Salaya,,未提供中文；保留泰文/英文原名,
3,公交车,1627,DLT,6140,นครปฐม - สระกะเทียม;Nakhon Pathom - Sa Kathiam,รถโดยสารในเขตปริมณฑล รถโดยสารในเขตปริมณฑล;Provincial Bus Provincial Bus,3,9400D3,นครปฐม - สระกะเทียม,Nakhon Pathom - Sa Kathiam,,未提供中文；保留泰文/英文原名,
3,公交车,1628,DLT,1701,นครปฐม - ดอนตูม;Nakhon Pathom - Don Tum,รถโดยสารในเขตปริมณฑล รถโดยสารในเขตปริมณฑล;Provincial Bus Provincial Bus,3,9400D3,นครปฐม - ดอนตูม,Nakhon Pathom - Don Tum,,未提供中文；保留泰文/英文原名,
3,公交车,1629,DLT,1705,นครปฐม - บ้านจินดา;Nakhon Pathom - Baan Chinda,รถโดยสารในเขตปริมณฑล รถโดยสารในเขตปริมณฑล;Provincial Bus Provincial Bus,3,9400D3,นครปฐม - บ้านจินดา,Nakhon Pathom - Baan Chinda,,未提供中文；保留泰文/英文原名,
3,公交车,1630,DLT,8273,วงกลมนครชัยศรี - บ้านท่าพระยา (วนขวา);Nakhon Chai Si - Baan Tha Phraya,รถโดยสารในเขตปริมณฑล รถโดยสารในเขตปริมณฑล;Provincial Bus Provincial Bus,3,9400D3,วงกลมนครชัยศรี - บ้านท่าพระยา (วนขวา),Nakhon Chai Si - Baan Tha Phraya,,未提供中文；保留泰文/英文原名,
3,公交车,1631,DLT,8335,บ้านคลองยม - วัดไร่ขิง - ตลาดหมู่บ้านสามพราน;Baan Klong Yom - Rai Khing Temple - Sam Phran Village Market,รถโดยสารในเขตปริมณฑล รถโดยสารในเขตปริมณฑล;Provincial Bus Provincial Bus,3,9400D3,บ้านคลองยม - วัดไร่ขิง - ตลาดหมู่บ้านสามพราน,Baan Klong Yom - Rai Khing Temple - Sam Phran Village Market,,未提供中文；保留泰文/英文原名,
3,公交车,1632,DLT,1705,นครปฐม - บ้านตากแดด;Nakhon Pathom - Baan Tak Daet,รถโดยสารในเขตปริมณฑล รถโดยสารในเขตปริมณฑล;Provincial Bus Provincial Bus,3,9400D3,นครปฐม - บ้านตากแดด,Nakhon Pathom - Baan Tak Daet,,未提供中文；保留泰文/英文原名,
3,公交车,1633,DLT,8239,นครปฐม - ท่าเรือหน้าวัดปรีดาราม;Nakhon Pathom - Pridaram Temple Pier,รถโดยสารในเขตปริมณฑล รถโดยสารในเขตปริมณฑล;Provincial Bus Provincial Bus,3,9400D3,นครปฐม - ท่าเรือหน้าวัดปรีดาราม,Nakhon Pathom - Pridaram Temple Pier,,未提供中文；保留泰文/英文原名,
3,公交车,1634,DLT,8229,ปากทางสาย 4 พุทธมณฑล - ท่าน้ำอำเภอนครชัยศรี;Phutthamonthon Sai 4 - Nakhon Chai Si District Pier,รถโดยสารในเขตปริมณฑล รถโดยสารในเขตปริมณฑล;Provincial Bus Provincial Bus,3,9400D3,ปากทางสาย 4 พุทธมณฑล - ท่าน้ำอำเภอนครชัยศรี,Phutthamonthon Sai 4 - Nakhon Chai Si District Pier,,未提供中文；保留泰文/英文原名,
3,公交车,1635,DLT,1701,นครปฐม - วัดนราภิรมย์;Nakhon Pathom - Narapirom Temple,รถโดยสารในเขตปริมณฑล รถโดยสารในเขตปริมณฑล;Provincial Bus Provincial Bus,3,9400D3,นครปฐม - วัดนราภิรมย์,Nakhon Pathom - Narapirom Temple,,未提供中文；保留泰文/英文原名,
3,公交车,1636,DLT,6147,นครปฐม - หอมเกร็ด - บ้านศาลายา;Nakhon Pathom - Hom Kret - Baan Salaya,รถโดยสารในเขตปริมณฑล รถโดยสารในเขตปริมณฑล;Provincial Bus Provincial Bus,3,9400D3,นครปฐม - หอมเกร็ด - บ้านศาลายา,Nakhon Pathom - Hom Kret - Baan Salaya,,未提供中文；保留泰文/英文原名,
3,公交车,1637,DLT,8268,ตลาดศาลายา - หมู่บ้านพฤกษา 4 (ซอย 51) บ้านห้วยพลู;Salaya Market - Phrueksa 4 Village (Soi 51) - Ban Huai Phlu,รถโดยสารในเขตปริมณฑล รถโดยสารในเขตปริมณฑล;Provincial Bus Provincial Bus,3,9400D3,ตลาดศาลายา - หมู่บ้านพฤกษา 4 (ซอย 51) บ้านห้วยพลู,Salaya Market - Phrueksa 4 Village (Soi 51) - Ban Huai Phlu,,未提供中文；保留泰文/英文原名,
3,公交车,1638,DLT,8482,นครปฐม - พะเนียงแตก - มาบแค;Nakhon Pathom - Phaniang Taek - Map Khae,รถโดยสารในเขตปริมณฑล รถโดยสารในเขตปริมณฑล;Provincial Bus Provincial Bus,3,9400D3,นครปฐม - พะเนียงแตก - มาบแค,Nakhon Pathom - Phaniang Taek - Map Khae,,未提供中文；保留泰文/英文原名,
3,公交车,1639,DLT,8480,นครปฐม - สำนักงานขนส่งจังหวัดนครปฐม;Nakhon Pathom - Nakhon Pathom Transport Office,รถโดยสารในเขตปริมณฑล รถโดยสารในเขตปริมณฑล;Provincial Bus Provincial Bus,3,9400D3,นครปฐม - สำนักงานขนส่งจังหวัดนครปฐม,Nakhon Pathom - Nakhon Pathom Transport Office,,未提供中文；保留泰文/英文原名,
3,公交车,1640,DLT,1704,นครปฐม - บ้านเกาะแรด - บางเลน;Nakhon Pathom - Baan Ko Raet - Bang Len,รถโดยสารในเขตปริมณฑล รถโดยสารในเขตปริมณฑล;Provincial Bus Provincial Bus,3,9400D3,นครปฐม - บ้านเกาะแรด - บางเลน,Nakhon Pathom - Baan Ko Raet - Bang Len,,未提供中文；保留泰文/英文原名,
3,公交车,1641,DLT,8481,วัดธรรมศาลา - ตลาดนครปฐม;Thammasala Temple - Nakhon Pathom Market,รถโดยสารในเขตปริมณฑล รถโดยสารในเขตปริมณฑล;Provincial Bus Provincial Bus,3,9400D3,วัดธรรมศาลา - ตลาดนครปฐม,Thammasala Temple - Nakhon Pathom Market,,未提供中文；保留泰文/英文原名,
3,公交车,1642,DLT,8335,บ้านคลองยม - ปากซอยเพชรเกษม 130 - ตลาดหมู่บ้านสามพราน;Baan Klong Yom - Soi Phet Kasem 130 - Sam Phran Village Market,รถโดยสารในเขตปริมณฑล รถโดยสารในเขตปริมณฑล;Provincial Bus Provincial Bus,3,9400D3,บ้านคลองยม - ปากซอยเพชรเกษม 130 - ตลาดหมู่บ้านสามพราน,Baan Klong Yom - Soi Phet Kasem 130 - Sam Phran Village Market,,未提供中文；保留泰文/英文原名,
3,公交车,1643,DLT,8138,นครปฐม - ตลาดหมู่บ้านสามพราน;Nakhon Pathom - Sam Phran Village Market,รถโดยสารในเขตปริมณฑล รถโดยสารในเขตปริมณฑล;Provincial Bus Provincial Bus,3,9400D3,นครปฐม - ตลาดหมู่บ้านสามพราน,Nakhon Pathom - Sam Phran Village Market,,未提供中文；保留泰文/英文原名,
3,公交车,1644,DLT,8229,วัดลำพญา - วัดมะเกลือ - ปากทางสาย 4 พุทธมณฑล;Lam Phaya Temple - Makluea Temple - Phutthamonthon Sai 4,รถโดยสารในเขตปริมณฑล รถโดยสารในเขตปริมณฑล;Provincial Bus Provincial Bus,3,9400D3,วัดลำพญา - วัดมะเกลือ - ปากทางสาย 4 พุทธมณฑล,Lam Phaya Temple - Makluea Temple - Phutthamonthon Sai 4,,未提供中文；保留泰文/英文原名,
3,公交车,1645,DLT,1705,นครปฐม - วัดปรีดาราม;Nakhon Pathom - Pridaram Temple,รถโดยสารในเขตปริมณฑล รถโดยสารในเขตปริมณฑล;Provincial Bus Provincial Bus,3,9400D3,นครปฐม - วัดปรีดาราม,Nakhon Pathom - Pridaram Temple,,未提供中文；保留泰文/英文原名,
3,公交车,1646,DLT,8335,บ้านคลองยม - ถ.พุทธมณฑลสาย 7 - สามพราน;Baan Klong Yom - Phutthamonthon Sai 7 - Sam Phran,รถโดยสารในเขตปริมณฑล รถโดยสารในเขตปริมณฑล;Provincial Bus Provincial Bus,3,9400D3,บ้านคลองยม - ถ.พุทธมณฑลสาย 7 - สามพราน,Baan Klong Yom - Phutthamonthon Sai 7 - Sam Phran,,未提供中文；保留泰文/英文原名,
3,公交车,1647,DLT,8273,วงกลมนครชัยศรี - บ้านท่าพระยา (วนซ้าย);Nakhon Chai Si - Baan Tha Phraya,รถโดยสารในเขตปริมณฑล รถโดยสารในเขตปริมณฑล;Provincial Bus Provincial Bus,3,9400D3,วงกลมนครชัยศรี - บ้านท่าพระยา (วนซ้าย),Nakhon Chai Si - Baan Tha Phraya,,未提供中文；保留泰文/英文原名,
3,公交车,1648,DLT,8271,นครปฐม - บ้านต้นมะเกลือ;Nakhon Pathom - Baan Ton Makluea,รถโดยสารในเขตปริมณฑล รถโดยสารในเขตปริมณฑล;Provincial Bus Provincial Bus,3,9400D3,นครปฐม - บ้านต้นมะเกลือ,Nakhon Pathom - Baan Ton Makluea,,未提供中文；保留泰文/英文原名,
3,公交车,1649,DLT,1703,นครปฐม - สามพราน;Nakhon Pathom - Sam Phran,รถโดยสารในเขตปริมณฑล รถโดยสารในเขตปริมณฑล;Provincial Bus Provincial Bus,3,9400D3,นครปฐม - สามพราน,Nakhon Pathom - Sam Phran,,未提供中文；保留泰文/英文原名,
3,公交车,1650,DLT,6142,นครปฐม - ยางประสาท;Nakhon Pathom - Yang Prasat,รถโดยสารในเขตปริมณฑล รถโดยสารในเขตปริมณฑล;Provincial Bus Provincial Bus,3,9400D3,นครปฐม - ยางประสาท,Nakhon Pathom - Yang Prasat,,未提供中文；保留泰文/英文原名,
3,公交车,1651,DLT,8485,ตลาดอำเภอสามพราน - บ้านบางประแดง;Sam Phran Market - Ban Bang Pradaeng,รถโดยสารในเขตปริมณฑล รถโดยสารในเขตปริมณฑล;Provincial Bus Provincial Bus,3,9400D3,ตลาดอำเภอสามพราน - บ้านบางประแดง,Sam Phran Market - Ban Bang Pradaeng,,未提供中文；保留泰文/英文原名,
3,公交车,1652,DLT,8484,นครปฐม - ห้วยพลู;Nakhon Pathom - Huai Phlu,รถโดยสารในเขตปริมณฑล รถโดยสารในเขตปริมณฑล;Provincial Bus Provincial Bus,3,9400D3,นครปฐม - ห้วยพลู,Nakhon Pathom - Huai Phlu,,未提供中文；保留泰文/英文原名,
3,公交车,1653,DLT,8479,บางเลน - บ้านบางน้อยใน;Bang Len - Baan Bang Noi Nai,รถโดยสารในเขตปริมณฑล รถโดยสารในเขตปริมณฑล;Provincial Bus Provincial Bus,3,9400D3,บางเลน - บ้านบางน้อยใน,Bang Len - Baan Bang Noi Nai,,未提供中文；保留泰文/英文原名,
3,公交车,1654,DLT,8478,บางเลน - วัดบางภาษี;Bang Len - Bang Phasi Temple,รถโดยสารในเขตปริมณฑล รถโดยสารในเขตปริมณฑล;Provincial Bus Provincial Bus,3,9400D3,บางเลน - วัดบางภาษี,Bang Len - Bang Phasi Temple,,未提供中文；保留泰文/英文原名,
3,公交车,1655,DLT,8414,บางเลน - ตลาดห้วยพลู;Bang Len - Huai Phlu Market,รถโดยสารในเขตปริมณฑล รถโดยสารในเขตปริมณฑล;Provincial Bus Provincial Bus,3,9400D3,บางเลน - ตลาดห้วยพลู,Bang Len - Huai Phlu Market,,未提供中文；保留泰文/英文原名,
3,公交车,1656,DLT,8151,ห้วยพลู - สายเจ็ด;Huai Phlu - Sai 7,รถโดยสารในเขตปริมณฑล รถโดยสารในเขตปริมณฑล;Provincial Bus Provincial Bus,3,9400D3,ห้วยพลู - สายเจ็ด,Huai Phlu - Sai 7,,未提供中文；保留泰文/英文原名,
3,公交车,1657,DLT,8215,นครปฐม - บ้านหนองเสือ;Nakhon Pathom - Baan Nong Sua,รถโดยสารในเขตปริมณฑล รถโดยสารในเขตปริมณฑล;Provincial Bus Provincial Bus,3,9400D3,นครปฐม - บ้านหนองเสือ,Nakhon Pathom - Baan Nong Sua,,未提供中文；保留泰文/英文原名,
3,公交车,1658,DLT,8230,นครปฐม - ลำพญา - บางเลน;Nakhon Pathom - Lam Phaya - Bang Len,รถโดยสารในเขตปริมณฑล รถโดยสารในเขตปริมณฑล;Provincial Bus Provincial Bus,3,9400D3,นครปฐม - ลำพญา - บางเลน,Nakhon Pathom - Lam Phaya - Bang Len,,未提供中文；保留泰文/英文原名,
3,公交车,1659,DLT,8230,ช่วงนครปฐม - วัดบางภาษี;Nakhon Pathom - Bang Phasi Temple,รถโดยสารในเขตปริมณฑล รถโดยสารในเขตปริมณฑล;Provincial Bus Provincial Bus,3,9400D3,ช่วงนครปฐม - วัดบางภาษี,Nakhon Pathom - Bang Phasi Temple,,未提供中文；保留泰文/英文原名,
3,公交车,1660,DLT,8236,นครปฐม - แยกวัดควนเสาเกียด - บ้านบางคู;Nakhon Pathom - Don Son Kiad Temple Intersection - Baan Bang Khu,รถโดยสารในเขตปริมณฑล รถโดยสารในเขตปริมณฑล;Provincial Bus Provincial Bus,3,9400D3,นครปฐม - แยกวัดควนเสาเกียด - บ้านบางคู,Nakhon Pathom - Don Son Kiad Temple Intersection - Baan Bang Khu,,未提供中文；保留泰文/英文原名,
3,公交车,1661,DLT,8150,นครปฐม - บางหลวง;Nakhon Pathom - Bang Luang,รถโดยสารในเขตปริมณฑล รถโดยสารในเขตปริมณฑล;Provincial Bus Provincial Bus,3,9400D3,นครปฐม - บางหลวง,Nakhon Pathom - Bang Luang,,未提供中文；保留泰文/英文原名,
3,公交车,1662,DLT,8414,ช่วงบางเลน - สถานีอนามัยสว่างอารมย์;Bang Len - Sawang Arom Health Center,รถโดยสารในเขตปริมณฑล รถโดยสารในเขตปริมณฑล;Provincial Bus Provincial Bus,3,9400D3,ช่วงบางเลน - สถานีอนามัยสว่างอารมย์,Bang Len - Sawang Arom Health Center,,未提供中文；保留泰文/英文原名,
3,公交车,1663,DLT,8149,สามพราน - หมู่บ้านมีภูมิ;Sam Phran - Mephoom Temple,รถโดยสารในเขตปริมณฑล รถโดยสารในเขตปริมณฑล;Provincial Bus Provincial Bus,3,9400D3,สามพราน - หมู่บ้านมีภูมิ,Sam Phran - Mephoom Temple,,未提供中文；保留泰文/英文原名,
3,公交车,1664,DLT,8414,บางเลน - วัดมะเกลือ;Bang Len - Makluea Temple,รถโดยสารในเขตปริมณฑล รถโดยสารในเขตปริมณฑล;Provincial Bus Provincial Bus,3,9400D3,บางเลน - วัดมะเกลือ,Bang Len - Makluea Temple,,未提供中文；保留泰文/英文原名,
3,公交车,1665,DLT,8272,นครปฐม - บ้านหนองงูเหลือม;Nakhon Pathom - Baan Nong Ngu Luam,รถโดยสารในเขตปริมณฑล รถโดยสารในเขตปริมณฑล;Provincial Bus Provincial Bus,3,9400D3,นครปฐม - บ้านหนองงูเหลือม,Nakhon Pathom - Baan Nong Ngu Luam,,未提供中文；保留泰文/英文原名,
3,公交车,1666,DLT,8241,นครปฐม - ทุ่งผักกูด;Nakhon Pathom - Thung Phak Kut,รถโดยสารในเขตปริมณฑล รถโดยสารในเขตปริมณฑล;Provincial Bus Provincial Bus,3,9400D3,นครปฐม - ทุ่งผักกูด,Nakhon Pathom - Thung Phak Kut,,未提供中文；保留泰文/英文原名,
3,公交车,1667,DLT,1002,นนทบุรี - บางใหญ่;Nonthaburi - Bang Yai,รถโดยสารในเขตปริมณฑล รถโดยสารในเขตปริมณฑล;Provincial Bus Provincial Bus,3,9400D3,นนทบุรี - บางใหญ่,Nonthaburi - Bang Yai,,未提供中文；保留泰文/英文原名,
3,公交车,1668,DLT,1003,บางกรวย - ไทรน้อย - บรรจบทางหลวงหมายเลข 346;Bang Kruai - Sai Noi - Highway 346,รถโดยสารในเขตปริมณฑล รถโดยสารในเขตปริมณฑล;Provincial Bus Provincial Bus,3,9400D3,บางกรวย - ไทรน้อย - บรรจบทางหลวงหมายเลข 346,Bang Kruai - Sai Noi - Highway 346,,未提供中文；保留泰文/英文原名,
3,公交车,1669,DLT,1003,ช่วงบางกรวย - ท่าน้ำบางศรีเมือง;Bang Kruai - Bangsrimuang Pier,รถโดยสารในเขตปริมณฑล รถโดยสารในเขตปริมณฑล;Provincial Bus Provincial Bus,3,9400D3,ช่วงบางกรวย - ท่าน้ำบางศรีเมือง,Bang Kruai - Bangsrimuang Pier,,未提供中文；保留泰文/英文原名,
3,公交车,1670,DLT,1003,ช่วงบางบัวทอง - ท่าน้ำบางศรีเมือง;Bang Bua Thong - Bangsrimuang Pier,รถโดยสารในเขตปริมณฑล รถโดยสารในเขตปริมณฑล;Provincial Bus Provincial Bus,3,9400D3,ช่วงบางบัวทอง - ท่าน้ำบางศรีเมือง,Bang Bua Thong - Bangsrimuang Pier,,未提供中文；保留泰文/英文原名,
3,公交车,1671,DLT,1004,บางบัวทอง - บ้านกล้วย - ไทรน้อย;Bang Bua Thong - Baan Kluay - Sai Noi,รถโดยสารในเขตปริมณฑล รถโดยสารในเขตปริมณฑล;Provincial Bus Provincial Bus,3,9400D3,บางบัวทอง - บ้านกล้วย - ไทรน้อย,Bang Bua Thong - Baan Kluay - Sai Noi,,未提供中文；保留泰文/英文原名,
3,公交车,1672,DLT,1006,บางเขน - สนามบินน้ำ;Bang Khen - Sanam Bin Nam,รถโดยสารในเขตปริมณฑล รถโดยสารในเขตปริมณฑล;Provincial Bus Provincial Bus,3,9400d3,บางเขน - สนามบินน้ำ,Bang Khen - Sanam Bin Nam,,未提供中文；保留泰文/英文原名,
3,公交车,1673,DLT,1010,สี่แยกบางสีทอง - มหาวิทยาลัยเทคโนโลยีพระจอมเกล้าพระนครเหนือ;Bang Si Thong Intersection - King Mongkut's University of Technology North Bangkok ,รถโดยสารในเขตปริมณฑล รถโดยสารในเขตปริมณฑล;Provincial Bus Provincial Bus,3,9400d3,สี่แยกบางสีทอง - มหาวิทยาลัยเทคโนโลยีพระจอมเกล้าพระนครเหนือ,Bang Si Thong Intersection - King Mongkut's University of Technology North Bangkok,,未提供中文；保留泰文/英文原名,
3,公交车,1674,DLT,1010,มหาวิทยาลัยเทคโนโลยีพระจอมเกล้าพระนครเหนือ - สี่แยกบางสีทอง;King Mongkut's University of Technology North Bangkok - Bang Si Thong Intersection,รถโดยสารในเขตปริมณฑล รถโดยสารในเขตปริมณฑล;Provincial Bus Provincial Bus,3,9400d3,มหาวิทยาลัยเทคโนโลยีพระจอมเกล้าพระนครเหนือ - สี่แยกบางสีทอง,King Mongkut's University of Technology North Bangkok - Bang Si Thong Intersection,,未提供中文；保留泰文/英文原名,
3,公交车,1675,DLT,1023,(วนซ้าย) วงกลมบางใหญ่ - บางคูลัด;Bang Yai - Bang Khu Rat,รถโดยสารในเขตปริมณฑล รถโดยสารในเขตปริมณฑล;Provincial Bus Provincial Bus,3,9400D3,(วนซ้าย) วงกลมบางใหญ่ - บางคูลัด,Bang Yai - Bang Khu Rat,,未提供中文；保留泰文/英文原名,
3,公交车,1676,DLT,1023,(วนขวา) วงกลมบางใหญ่ - บางคูลัด;Bang Yai -Bang Khu Rat,รถโดยสารในเขตปริมณฑล รถโดยสารในเขตปริมณฑล;Provincial Bus Provincial Bus,3,9400D3,(วนขวา) วงกลมบางใหญ่ - บางคูลัด,Bang Yai -Bang Khu Rat,,未提供中文；保留泰文/英文原名,
3,公交车,1677,DLT,1023,ช่วงวัดต้นเชือก - บางใหญ่ซิตี้;Ton Chueak Temple - Bang Yai City,รถโดยสารในเขตปริมณฑล รถโดยสารในเขตปริมณฑล;Provincial Bus Provincial Bus,3,9400D3,ช่วงวัดต้นเชือก - บางใหญ่ซิตี้,Ton Chueak Temple - Bang Yai City,,未提供中文；保留泰文/英文原名,
3,公交车,1678,DLT,1024,(วนขวา) วงกลมบางบัวทอง - สะพานพระราม 5 (สะพานวัดนครอินทร์) - บริเวณอำเภอบางใหญ่;Bang Bua Thong - Rama 5 Bridge - Bang Yai District,รถโดยสารในเขตปริมณฑล รถโดยสารในเขตปริมณฑล;Provincial Bus Provincial Bus,3,9400D3,(วนขวา) วงกลมบางบัวทอง - สะพานพระราม 5 (สะพานวัดนครอินทร์) - บริเวณอำเภอบางใหญ่,Bang Bua Thong - Rama 5 Bridge - Bang Yai District,,未提供中文；保留泰文/英文原名,
3,公交车,1679,DLT,1024,(วนซ้าย)วงกลมบางบัวทอง - สะพานพระราม 5 (สะพานวัดนครอินทร์) - บริเวณอำเภอบางใหญ่;Bang Bua Thong - Rama 5 Bridge - Bang Yai District,รถโดยสารในเขตปริมณฑล รถโดยสารในเขตปริมณฑล;Provincial Bus Provincial Bus,3,9400D3,(วนซ้าย)วงกลมบางบัวทอง - สะพานพระราม 5 (สะพานวัดนครอินทร์) - บริเวณอำเภอบางใหญ่,Bang Bua Thong - Rama 5 Bridge - Bang Yai District,,未提供中文；保留泰文/英文原名,
3,公交车,1680,DLT,1025,วัดปากน้ำ - ปากเกร็ด;Paknam Temple - Pak Kret,รถโดยสารในเขตปริมณฑล รถโดยสารในเขตปริมณฑล;Provincial Bus Provincial Bus,3,9400D3,วัดปากน้ำ - ปากเกร็ด,Paknam Temple - Pak Kret,,未提供中文；保留泰文/英文原名,
3,公交车,1681,DLT,1026,บางกรวย - บางใหญ่ซิตี้;Bang Kruai - Bang Yai City,รถโดยสารในเขตปริมณฑล รถโดยสารในเขตปริมณฑล;Provincial Bus Provincial Bus,3,9400D3,บางกรวย - บางใหญ่ซิตี้,Bang Kruai - Bang Yai City,,未提供中文；保留泰文/英文原名,
3,公交车,1682,DLT,1026,ช่วงวัดโบสถ์ - บางใหญ่ซิตี้;Bot Temple - Bang Yai City,รถโดยสารในเขตปริมณฑล รถโดยสารในเขตปริมณฑล;Provincial Bus Provincial Bus,3,9400D3,ช่วงวัดโบสถ์ - บางใหญ่ซิตี้,Bot Temple - Bang Yai City,,未提供中文；保留泰文/英文原名,
3,公交车,1683,DLT,1027,ปากเกร็ด - วัดสลักเหนือ;Pak Kret - Salak Nuea Temple,รถโดยสารในเขตปริมณฑล รถโดยสารในเขตปริมณฑล;Provincial Bus Provincial Bus,3,9400D3,ปากเกร็ด - วัดสลักเหนือ,Pak Kret - Salak Nuea Temple,,未提供中文；保留泰文/英文原名,
3,公交车,1684,DLT,1029,ปากเกร็ด - ซอยพระแม่การุณย์;Pak Kret - Soi Phra Mae Karun,รถโดยสารในเขตปริมณฑล รถโดยสารในเขตปริมณฑล;Provincial Bus Provincial Bus,3,9400D3,ปากเกร็ด - ซอยพระแม่การุณย์,Pak Kret - Soi Phra Mae Karun,,未提供中文；保留泰文/英文原名,
3,公交车,1685,DLT,1029,ช่วงปากเกร็ด - โรงเรียนวัดโพธิ์ทองบน;Pak Kret - Pho Thong Bon School,รถโดยสารในเขตปริมณฑล รถโดยสารในเขตปริมณฑล;Provincial Bus Provincial Bus,3,9400D3,ช่วงปากเกร็ด - โรงเรียนวัดโพธิ์ทองบน,Pak Kret - Pho Thong Bon School,,未提供中文；保留泰文/英文原名,
3,公交车,1686,DLT,1029,ช่วงปากเกร็ด - ถนนศรีสมาน;Pak Kret - Srisaman Road,รถโดยสารในเขตปริมณฑล รถโดยสารในเขตปริมณฑล;Provincial Bus Provincial Bus,3,9400D3,ช่วงปากเกร็ด - ถนนศรีสมาน,Pak Kret - Srisaman Road,,未提供中文；保留泰文/英文原名,
3,公交车,1687,DLT,1030,บางใหญ่ - โรงเรียนบ้านใหม่;Bang Yai - Baan Mai School,รถโดยสารในเขตปริมณฑล รถโดยสารในเขตปริมณฑล;Provincial Bus Provincial Bus,3,9400D3,บางใหญ่ - โรงเรียนบ้านใหม่,Bang Yai - Baan Mai School,,未提供中文；保留泰文/英文原名,
3,公交车,1688,DLT,1051,บางบัวทอง - วัดเตย;Bang Bua Thong - Toei Temple,รถโดยสารในเขตปริมณฑล รถโดยสารในเขตปริมณฑล;Provincial Bus Provincial Bus,3,9400D3,บางบัวทอง - วัดเตย,Bang Bua Thong - Toei Temple,,未提供中文；保留泰文/英文原名,
3,公交车,1689,DLT,1052,ท่าน้ำบางใหญ่ - ที่ว่าการอำเภอบางใหญ่;Bang Yai Pier - Bang Yai District,รถโดยสารในเขตปริมณฑล รถโดยสารในเขตปริมณฑล;Provincial Bus Provincial Bus,3,9400D3,ท่าน้ำบางใหญ่ - ที่ว่าการอำเภอบางใหญ่,Bang Yai Pier - Bang Yai District,,未提供中文；保留泰文/英文原名,
3,公交车,1690,DLT,1053,นนทบุรี - วัดสาลีโขภิตาราม;Nonthaburi - Salikho Phirataram Temple,รถโดยสารในเขตปริมณฑล รถโดยสารในเขตปริมณฑล;Provincial Bus Provincial Bus,3,9400D3,นนทบุรี - วัดสาลีโขภิตาราม,Nonthaburi - Salikho Phirataram Temple,,未提供中文；保留泰文/英文原名,
3,公交车,1691,DLT,10,ท่าน้ำบางศรีเมือง - หมู่บ้านจิตต์วิสุทธิ์ - หมู่บ้านเยาวพรรณ;Bangsrimuang Pier - Chitwisut Village - Yaowaphan Village,รถโดยสารในเขตปริมณฑล รถโดยสารในเขตปริมณฑล;Provincial Bus Provincial Bus,3,9400D3,ท่าน้ำบางศรีเมือง - หมู่บ้านจิตต์วิสุทธิ์ - หมู่บ้านเยาวพรรณ,Bangsrimuang Pier - Chitwisut Village - Yaowaphan Village,,未提供中文；保留泰文/英文原名,
3,公交车,1692,DLT,1102,(เที่ยวไป) วัดปากน้ำ - ถนนเลี่ยงเมือง - เรวดี;Paknam Temple - Bypass Road - Rewadee,รถโดยสารในเขตปริมณฑล รถโดยสารในเขตปริมณฑล;Provincial Bus Provincial Bus,3,9400D3,(เที่ยวไป) วัดปากน้ำ - ถนนเลี่ยงเมือง - เรวดี,Paknam Temple - Bypass Road - Rewadee,,未提供中文；保留泰文/英文原名,
3,公交车,1693,DLT,1102,(เที่ยวกลับ) วัดปากน้ำ - ถนนเลี่ยงเมือง - เรวดี;Paknam Temple - Bypass Road - Rewadee,รถโดยสารในเขตปริมณฑล รถโดยสารในเขตปริมณฑล;Provincial Bus Provincial Bus,3,9400D3,(เที่ยวกลับ) วัดปากน้ำ - ถนนเลี่ยงเมือง - เรวดี,Paknam Temple - Bypass Road - Rewadee,,未提供中文；保留泰文/英文原名,
3,公交车,1694,DLT,1103,ติวานนท์ - ซอยศรีพรสวรรค์;Tiwanon - Soi Sripornsawan,รถโดยสารในเขตปริมณฑล รถโดยสารในเขตปริมณฑล;Provincial Bus Provincial Bus,3,9400D3,ติวานนท์ - ซอยศรีพรสวรรค์,Tiwanon - Soi Sripornsawan,,未提供中文；保留泰文/英文原名,
3,公交车,1695,DLT,1107,แจ้งวัฒนะ - วัดบางพัง;Chaeng Watthana - Bang Pang Temple,รถโดยสารในเขตปริมณฑล รถโดยสารในเขตปริมณฑล;Provincial Bus Provincial Bus,3,9400D3,แจ้งวัฒนะ - วัดบางพัง,Chaeng Watthana - Bang Pang Temple,,未提供中文；保留泰文/英文原名,
3,公交车,1696,DLT,1107,ช่วงแจ้งวัฒนะ - โรงเรียนอัมพรไพศาล;Chaeng Watthana - Ampornpaisarn School,รถโดยสารในเขตปริมณฑล รถโดยสารในเขตปริมณฑล;Provincial Bus Provincial Bus,3,9400D3,ช่วงแจ้งวัฒนะ - โรงเรียนอัมพรไพศาล,Chaeng Watthana - Ampornpaisarn School,,未提供中文；保留泰文/英文原名,
3,公交车,1697,DLT,1110,ถนนประชาชื่น - ซอยสามัคคี;Pracha Chuen Road - Soi Samakkhi,รถโดยสารในเขตปริมณฑล รถโดยสารในเขตปริมณฑล;Provincial Bus Provincial Bus,3,9400D3,ถนนประชาชื่น - ซอยสามัคคี,Pracha Chuen Road - Soi Samakkhi,,未提供中文；保留泰文/英文原名,
3,公交车,1698,DLT,1132,โรงเรียนบางบัวทอง - ปากทางเข้าวัดลำโพ (บรรจบทางหลวงพิเศษหมายเลข 9);Bang Bua Thong School - Lam Po Temple,รถโดยสารในเขตปริมณฑล รถโดยสารในเขตปริมณฑล;Provincial Bus Provincial Bus,3,9400D3,โรงเรียนบางบัวทอง - ปากทางเข้าวัดลำโพ (บรรจบทางหลวงพิเศษหมายเลข 9),Bang Bua Thong School - Lam Po Temple,,未提供中文；保留泰文/英文原名,
3,公交车,1699,DLT,1133,วัดปากน้ำ - วัดค้างคาว;Paknam Temple - Khang Khao Temple,รถโดยสารในเขตปริมณฑล รถโดยสารในเขตปริมณฑล;Provincial Bus Provincial Bus,3,9400D3,วัดปากน้ำ - วัดค้างคาว,Paknam Temple - Khang Khao Temple,,未提供中文；保留泰文/英文原名,
3,公交车,1700,DLT,1133,ช่วงพระราม 7 - วัดลุ่มคงคาราม;Rama 7 - Lum Khongkharam Temple,รถโดยสารในเขตปริมณฑล รถโดยสารในเขตปริมณฑล;Provincial Bus Provincial Bus,3,9400D3,ช่วงพระราม 7 - วัดลุ่มคงคาราม,Rama 7 - Lum Khongkharam Temple,,未提供中文；保留泰文/英文原名,
3,公交车,1701,DLT,1134,ท่าเรือสุขาภิบาลปากเกร็ด - หลังหมู่บ้านประชาชื่น;Sukhaphiban Pak Kret Pier - Prachachuen Village (Back),รถโดยสารในเขตปริมณฑล รถโดยสารในเขตปริมณฑล;Provincial Bus Provincial Bus,3,9400D3,ท่าเรือสุขาภิบาลปากเกร็ด - หลังหมู่บ้านประชาชื่น,Sukhaphiban Pak Kret Pier - Prachachuen Village (Back),,未提供中文；保留泰文/英文原名,
3,公交车,1702,DLT,1135,วัดเชิงเลน - ซอยรัตนาธิเบศร์ 26;Choeng Len Temple - Soi Rattanathibech 26,รถโดยสารในเขตปริมณฑล รถโดยสารในเขตปริมณฑล;Provincial Bus Provincial Bus,3,9400D3,วัดเชิงเลน - ซอยรัตนาธิเบศร์ 26,Choeng Len Temple - Soi Rattanathibech 26,,未提供中文；保留泰文/英文原名,
3,公交车,1703,DLT,1135,ช่วงวัดเชิงเลน - หัวเตย - ซอยรัตนาธิเบศร์ 26;Choeng Len Temple - Hua Toei - Soi Rattanathibech 26,รถโดยสารในเขตปริมณฑล รถโดยสารในเขตปริมณฑล;Provincial Bus Provincial Bus,3,9400D3,ช่วงวัดเชิงเลน - หัวเตย - ซอยรัตนาธิเบศร์ 26,Choeng Len Temple - Hua Toei - Soi Rattanathibech 26,,未提供中文；保留泰文/英文原名,
3,公交车,1704,DLT,1135,ช่วงวัดแสงสิริธรรม - ซอยรัตนาธิเบศร์ 26;Saeng Siritham Temple - Soi Rattanathibech 26,รถโดยสารในเขตปริมณฑล รถโดยสารในเขตปริมณฑล;Provincial Bus Provincial Bus,3,9400D3,ช่วงวัดแสงสิริธรรม - ซอยรัตนาธิเบศร์ 26,Saeng Siritham Temple - Soi Rattanathibech 26,,未提供中文；保留泰文/英文原名,
3,公交车,1705,DLT,1136,บางใหญ่ซิตี้ - โรงเรียนคล้ายสอน;Bang Yai City - Klaisorn School,รถโดยสารในเขตปริมณฑล รถโดยสารในเขตปริมณฑล;Provincial Bus Provincial Bus,3,9400D3,บางใหญ่ซิตี้ - โรงเรียนคล้ายสอน,Bang Yai City - Klaisorn School,,未提供中文；保留泰文/英文原名,
3,公交车,1706,DLT,1231,กระทรวงพาณิชย์ - สะพานพระราม 5 (สะพานวัดนครอินทร์) - อำเภอบางใหญ่;Ministry of Commerce - Rama 5 Bridge,รถโดยสารในเขตปริมณฑล รถโดยสารในเขตปริมณฑล;Provincial Bus Provincial Bus,3,9400D3,กระทรวงพาณิชย์ - สะพานพระราม 5 (สะพานวัดนครอินทร์) - อำเภอบางใหญ่,Ministry of Commerce - Rama 5 Bridge,,未提供中文；保留泰文/英文原名,
3,公交车,1707,DLT,1232,วงกลม (วนขวา) บางใหญ่ซิตี้ - กระทรวงพาณิชย์ - ติวานนท์;Bang Yai City - Ministry of Commerce - Tiwanon,รถโดยสารในเขตปริมณฑล รถโดยสารในเขตปริมณฑล;Provincial Bus Provincial Bus,3,9400D3,วงกลม (วนขวา) บางใหญ่ซิตี้ - กระทรวงพาณิชย์ - ติวานนท์,Bang Yai City - Ministry of Commerce - Tiwanon,,未提供中文；保留泰文/英文原名,
3,公交车,1708,DLT,1,(วนขวา) วงกลมนนทบุรี - สนามบินน้ำ;Nonthaburi - Sanam Bin Nam,รถโดยสารในเขตปริมณฑล รถโดยสารในเขตปริมณฑล;Provincial Bus Provincial Bus,3,9400d3,(วนขวา) วงกลมนนทบุรี - สนามบินน้ำ,Nonthaburi - Sanam Bin Nam,,未提供中文；保留泰文/英文原名,
3,公交车,1709,DLT,1,(วนซ้าย) วงกลมนนทบุรี - สนามบินน้ำ;Nonthaburi - Sanam Bin Nam,รถโดยสารในเขตปริมณฑล รถโดยสารในเขตปริมณฑล;Provincial Bus Provincial Bus,3,9400d3,(วนซ้าย) วงกลมนนทบุรี - สนามบินน้ำ,Nonthaburi - Sanam Bin Nam,,未提供中文；保留泰文/英文原名,
3,公交车,1710,DLT,2,ปากซอยนนทบุรี 8 - ซอยพิบูลสงคราม 21;Soi Nonthaburi 8 - Soi Pibulsonggram 21,รถโดยสารในเขตปริมณฑล รถโดยสารในเขตปริมณฑล;Provincial Bus Provincial Bus,3,9400D3,ปากซอยนนทบุรี 8 - ซอยพิบูลสงคราม 21,Soi Nonthaburi 8 - Soi Pibulsonggram 21,,未提供中文；保留泰文/英文原名,
3,公交车,1711,DLT,2,ซอยศรีพรสวรรค์ - หมู่บ้านอินโดไทย;Soi Sripornsawan - Indo Thai Village,รถโดยสารในเขตปริมณฑล รถโดยสารในเขตปริมณฑล;Provincial Bus Provincial Bus,3,9400D3,ซอยศรีพรสวรรค์ - หมู่บ้านอินโดไทย,Soi Sripornsawan - Indo Thai Village,,未提供中文；保留泰文/英文原名,
3,公交车,1712,DLT,3,(วนซ้าย) วงกลมปากเกร็ด - ถนนเลี่ยงเมืองปากเกร็ด;Pak Kret - Pak Kret Bypass Road,รถโดยสารในเขตปริมณฑล รถโดยสารในเขตปริมณฑล;Provincial Bus Provincial Bus,3,9400D3,(วนซ้าย) วงกลมปากเกร็ด - ถนนเลี่ยงเมืองปากเกร็ด,Pak Kret - Pak Kret Bypass Road,,未提供中文；保留泰文/英文原名,
3,公交车,1713,DLT,3,(วนขวา) วงกลมปากเกร็ด - ถนนเลี่ยงเมืองปากเกร็ด;Pak Kret - Pak Kret Bypass Road,รถโดยสารในเขตปริมณฑล รถโดยสารในเขตปริมณฑล;Provincial Bus Provincial Bus,3,9400D3,(วนขวา) วงกลมปากเกร็ด - ถนนเลี่ยงเมืองปากเกร็ด,Pak Kret - Pak Kret Bypass Road,,未提供中文；保留泰文/英文原名,
3,公交车,1714,DLT,4,(วนขวา) วงกลมซอยงามวงศ์วาน 18 - ถนนประชาชื่น;Soi Ngamwongwan 18 - Pracha Chuen Road,รถโดยสารในเขตปริมณฑล รถโดยสารในเขตปริมณฑล;Provincial Bus Provincial Bus,3,9400D3,(วนขวา) วงกลมซอยงามวงศ์วาน 18 - ถนนประชาชื่น,Soi Ngamwongwan 18 - Pracha Chuen Road,,未提供中文；保留泰文/英文原名,
3,公交车,1715,DLT,4,(วนซ้าย) วงกลมซอยงามวงศ์วาน 18 - ถนนประชาชื่น;Soi Ngamwongwan 18 - Pracha Chuen Road,รถโดยสารในเขตปริมณฑล รถโดยสารในเขตปริมณฑล;Provincial Bus Provincial Bus,3,9400D3,(วนซ้าย) วงกลมซอยงามวงศ์วาน 18 - ถนนประชาชื่น,Soi Ngamwongwan 18 - Pracha Chuen Road,,未提供中文；保留泰文/英文原名,
3,公交车,1716,DLT,5,ซอยทิมแลนด์ - ซอยกรุงเทพนนท์ 12;Soi Thim Land - Soi Krungtepnon 12,รถโดยสารในเขตปริมณฑล รถโดยสารในเขตปริมณฑล;Provincial Bus Provincial Bus,3,9400D3,ซอยทิมแลนด์ - ซอยกรุงเทพนนท์ 12,Soi Thim Land - Soi Krungtepnon 12,,未提供中文；保留泰文/英文原名,
3,公交车,1719,DLT,6029,วงกลมปากเกร็ด - บางใหญ่;Pak Kret - Bang Yai,รถโดยสารในเขตปริมณฑล รถโดยสารในเขตปริมณฑล;Provincial Bus Provincial Bus,3,9400D3,วงกลมปากเกร็ด - บางใหญ่,Pak Kret - Bang Yai,,未提供中文；保留泰文/英文原名,
3,公交车,1720,DLT,6043,บางกรวย - วัดต้นเชือก;Bang Kruai - Ton Chueak Temple,รถโดยสารในเขตปริมณฑล รถโดยสารในเขตปริมณฑล;Provincial Bus Provincial Bus,3,9400D3,บางกรวย - วัดต้นเชือก,Bang Kruai - Ton Chueak Temple,,未提供中文；保留泰文/英文原名,
3,公交车,1721,DLT,6043,ช่วงบางกรวย - สามแยกสะพานจงถนอม;Bang Kruai - Chong Thanom Bridge Intersection,รถโดยสารในเขตปริมณฑล รถโดยสารในเขตปริมณฑล;Provincial Bus Provincial Bus,3,9400D3,ช่วงบางกรวย - สามแยกสะพานจงถนอม,Bang Kruai - Chong Thanom Bridge Intersection,,未提供中文；保留泰文/英文原名,
3,公交车,1722,DLT,6044,บางบัวทอง - หมู่บ้านเคหะการเกษตร;Bang Bua Thong - Agriculture Housing Village,รถโดยสารในเขตปริมณฑล รถโดยสารในเขตปริมณฑล;Provincial Bus Provincial Bus,3,9400D3,บางบัวทอง - หมู่บ้านเคหะการเกษตร,Bang Bua Thong - Agriculture Housing Village,,未提供中文；保留泰文/英文原名,
3,公交车,1723,DLT,6053,บางใหญ่ - วัดเต็มรักสามัคคี;Bang Yai - Toem Rak Samakkhi Temple,รถโดยสารในเขตปริมณฑล รถโดยสารในเขตปริมณฑล;Provincial Bus Provincial Bus,3,9400D3,บางใหญ่ - วัดเต็มรักสามัคคี,Bang Yai - Toem Rak Samakkhi Temple,,未提供中文；保留泰文/英文原名,
3,公交车,1724,DLT,6054,(วนขวา) วงกลมวัดส้มเกลี้ยง - วัดพระเงิน;Som Kliang Temple - Pra Nguen Temple,รถโดยสารในเขตปริมณฑล รถโดยสารในเขตปริมณฑล;Provincial Bus Provincial Bus,3,9400D3,(วนขวา) วงกลมวัดส้มเกลี้ยง - วัดพระเงิน,Som Kliang Temple - Pra Nguen Temple,,未提供中文；保留泰文/英文原名,
3,公交车,1725,DLT,6054,(วนซ้าย) วงกลมวัดส้มเกลี้ยง - วัดพระเงิน;Som Kliang Temple - Pra Nguen Temple,รถโดยสารในเขตปริมณฑล รถโดยสารในเขตปริมณฑล;Provincial Bus Provincial Bus,3,9400D3,(วนซ้าย) วงกลมวัดส้มเกลี้ยง - วัดพระเงิน,Som Kliang Temple - Pra Nguen Temple,,未提供中文；保留泰文/英文原名,
3,公交车,1726,DLT,6054,ช่วงปากทางวัดสุนทรธรรมิการาม - บางใหญ่ซิตี้;Sunthon Thammikaram - Bang Yai City,รถโดยสารในเขตปริมณฑล รถโดยสารในเขตปริมณฑล;Provincial Bus Provincial Bus,3,9400D3,ช่วงปากทางวัดสุนทรธรรมิการาม - บางใหญ่ซิตี้,Sunthon Thammikaram - Bang Yai City,,未提供中文；保留泰文/英文原名,
3,公交车,1727,DLT,6062,หมู่บ้านสหกรณ์การบินไทย - ศรีสมาน;Thai Airway Coorperative Housing - Srisaman,รถโดยสารในเขตปริมณฑล รถโดยสารในเขตปริมณฑล;Provincial Bus Provincial Bus,3,9400D3,หมู่บ้านสหกรณ์การบินไทย - ศรีสมาน,Thai Airway Coorperative Housing - Srisaman,,未提供中文；保留泰文/英文原名,
3,公交车,1728,DLT,6255,ตลาดกลางบางใหญ่ - ประตูระบายน้ำกลางคลองทวีวัฒนา;Bang Yai Central Market - Thawi Watthana Central Floodgate,รถโดยสารในเขตปริมณฑล รถโดยสารในเขตปริมณฑล;Provincial Bus Provincial Bus,3,9400D3,ตลาดกลางบางใหญ่ - ประตูระบายน้ำกลางคลองทวีวัฒนา,Bang Yai Central Market - Thawi Watthana Central Floodgate,,未提供中文；保留泰文/英文原名,
3,公交车,1729,DLT,6256,ตลาดกลางบางใหญ่ - หมู่บ้านไม้หินดินน้ำ;Bang Yai Central Market - Mai-Hin-Din-Nam Housing,รถโดยสารในเขตปริมณฑล รถโดยสารในเขตปริมณฑล;Provincial Bus Provincial Bus,3,9400D3,ตลาดกลางบางใหญ่ - หมู่บ้านไม้หินดินน้ำ,Bang Yai Central Market - Mai-Hin-Din-Nam Housing,,未提供中文；保留泰文/英文原名,
3,公交车,1730,DLT,6257,วงกลมสุขาประชาสรรค์ - โรงเรียนอัมพรไพศาล;Sukhaprachasan - Ampornpaisarn School,รถโดยสารในเขตปริมณฑล รถโดยสารในเขตปริมณฑล;Provincial Bus Provincial Bus,3,9400D3,วงกลมสุขาประชาสรรค์ - โรงเรียนอัมพรไพศาล,Sukhaprachasan - Ampornpaisarn School,,未提供中文；保留泰文/英文原名,
3,公交车,1731,DLT,6258,วงกลมบางบัวทอง - อำเภอบางใหญ่;Bang Bua Thong - Bang Yai District,รถโดยสารในเขตปริมณฑล รถโดยสารในเขตปริมณฑล;Provincial Bus Provincial Bus,3,9400D3,วงกลมบางบัวทอง - อำเภอบางใหญ่,Bang Bua Thong - Bang Yai District,,未提供中文；保留泰文/英文原名,
3,公交车,1732,DLT,6162,วัดชลอ - ท่าน้ำนนทบุรี;Chalo Temple - Nonthaburi Pier,รถโดยสารในเขตปริมณฑล รถโดยสารในเขตปริมณฑล;Provincial Bus Provincial Bus,3,9400d3,วัดชลอ - ท่าน้ำนนทบุรี,Chalo Temple - Nonthaburi Pier,,未提供中文；保留泰文/英文原名,
3,公交车,1733,DLT,6262,ปากทางวัดรวกบางสีทอง - ท่าน้ำนนทบุรี;Ruak Bang Si Thong Temple - Nonthaburi Pier,รถโดยสารในเขตปริมณฑล รถโดยสารในเขตปริมณฑล;Provincial Bus Provincial Bus,3,9400D3,ปากทางวัดรวกบางสีทอง - ท่าน้ำนนทบุรี,Ruak Bang Si Thong Temple - Nonthaburi Pier,,未提供中文；保留泰文/英文原名,
3,公交车,1734,DLT,6263,ท่าเทียบเรือสะพานพระราม 5 - ตลาดบางบัวทอง;Rama 5 Bridge Pier - Bang Bua Thong Market,รถโดยสารในเขตปริมณฑล รถโดยสารในเขตปริมณฑล;Provincial Bus Provincial Bus,3,9400D3,ท่าเทียบเรือสะพานพระราม 5 - ตลาดบางบัวทอง,Rama 5 Bridge Pier - Bang Bua Thong Market,,未提供中文；保留泰文/英文原名,
3,公交车,1735,DLT,6266,หมู่บ้านพฤกษา 69 - หมู่บ้านพระปิ่น 3 - สถานีรถไฟคลองบางไผ่;Pruksa 69 Village - Pha Pin 3 Housing - Khlong Bang Phai Railway Station,รถโดยสารในเขตปริมณฑล รถโดยสารในเขตปริมณฑล;Provincial Bus Provincial Bus,3,9400D3,หมู่บ้านพฤกษา 69 - หมู่บ้านพระปิ่น 3 - สถานีรถไฟคลองบางไผ่,Pruksa 69 Village - Pha Pin 3 Housing - Khlong Bang Phai Railway Station,,未提供中文；保留泰文/英文原名,
3,公交车,1736,DLT,8,ซอยงามวงศ์วาน 27 - ถนนสามัคคี;Soi Ngamwongwarn 27 - Samakkhi Road,รถโดยสารในเขตปริมณฑล รถโดยสารในเขตปริมณฑล;Provincial Bus Provincial Bus,3,9400D3,ซอยงามวงศ์วาน 27 - ถนนสามัคคี,Soi Ngamwongwarn 27 - Samakkhi Road,,未提供中文；保留泰文/英文原名,
3,公交车,1737,DLT,9,ปากเกร็ด - หมู่บ้านสหกรณ์ 3;Pak Kret - Sahakon 3 Village,รถโดยสารในเขตปริมณฑล รถโดยสารในเขตปริมณฑล;Provincial Bus Provincial Bus,3,9400D3,ปากเกร็ด - หมู่บ้านสหกรณ์ 3,Pak Kret - Sahakon 3 Village,,未提供中文；保留泰文/英文原名,
3,公交车,1738,DLT,1156,รังสิต - ทัณฑสถานวัยหนุ่มกลาง - หมู่บ้านมาลีรมย์ 5;Rangsit - Central Correctional Institution for Young Offenders - Malirom 5 Village,รถโดยสารในเขตปริมณฑล รถโดยสารในเขตปริมณฑล;Provincial Bus Provincial Bus,3,9400D3,รังสิต - ทัณฑสถานวัยหนุ่มกลาง - หมู่บ้านมาลีรมย์ 5,Rangsit - Central Correctional Institution for Young Offenders - Malirom 5 Village,,未提供中文；保留泰文/英文原名,
3,公交车,1739,DLT,1114,วัดสะแก - ท่าน้ำปทุมธานี;Sakae Temple - Pathum Thani Pier,รถโดยสารในเขตปริมณฑล รถโดยสารในเขตปริมณฑล;Provincial Bus Provincial Bus,3,9400D3,วัดสะแก - ท่าน้ำปทุมธานี,Sakae Temple - Pathum Thani Pier,,未提供中文；保留泰文/英文原名,
3,公交车,1740,DLT,1115,หมู่บ้านริมน้ำ - ตลาดเพิ่มพูน;Rim Nam Village - Poonsap Market,รถโดยสารในเขตปริมณฑล รถโดยสารในเขตปริมณฑล;Provincial Bus Provincial Bus,3,9400D3,หมู่บ้านริมน้ำ - ตลาดเพิ่มพูน,Rim Nam Village - Poonsap Market,,未提供中文；保留泰文/英文原名,
3,公交车,1741,DLT,1009,ตลาดรังสิต - ท่าน้ำบางพูน;Rangsit Market - Bang Phun Pier,รถโดยสารในเขตปริมณฑล รถโดยสารในเขตปริมณฑล;Provincial Bus Provincial Bus,3,9400D3,ตลาดรังสิต - ท่าน้ำบางพูน,Rangsit Market - Bang Phun Pier,,未提供中文；保留泰文/英文原名,
3,公交车,1742,DLT,1154,รังสิต - ถนนเลียบคลองสาม (ถนนคลองหลวง);Rangsit Market - Liap Khlong Sam Road,รถโดยสารในเขตปริมณฑล รถโดยสารในเขตปริมณฑล;Provincial Bus Provincial Bus,3,9400D3,รังสิต - ถนนเลียบคลองสาม (ถนนคลองหลวง),Rangsit Market - Liap Khlong Sam Road,,未提供中文；保留泰文/英文原名,
3,公交车,1743,DLT,1156,คลองแปด (หมู่บ้านแก้วขวัญ) - รังสิต;Khlong Paet - Rangsit,รถโดยสารในเขตปริมณฑล รถโดยสารในเขตปริมณฑล;Provincial Bus Provincial Bus,3,9400D3,คลองแปด (หมู่บ้านแก้วขวัญ) - รังสิต,Khlong Paet - Rangsit,,未提供中文；保留泰文/英文原名,
3,公交车,1744,DLT,1156,รังสิต - คลองแปด (หมู่บ้านแก้วขวัญ);Rangsit - Khlong Paet,รถโดยสารในเขตปริมณฑล รถโดยสารในเขตปริมณฑล;Provincial Bus Provincial Bus,3,9400D3,รังสิต - คลองแปด (หมู่บ้านแก้วขวัญ),Rangsit - Khlong Paet,,未提供中文；保留泰文/英文原名,
3,公交车,1745,DLT,1156,หมู่บ้านพรธิสาร 8 - รังสิต;Phon Thisan 8 Village - Rangsit,รถโดยสารในเขตปริมณฑล รถโดยสารในเขตปริมณฑล;Provincial Bus Provincial Bus,3,9400D3,หมู่บ้านพรธิสาร 8 - รังสิต,Phon Thisan 8 Village - Rangsit,,未提供中文；保留泰文/英文原名,
3,公交车,1746,DLT,1156,รังสิต - หมู่บ้านพรธิสาร 8;Rangsit - Phon Thisan 8 Village,รถโดยสารในเขตปริมณฑล รถโดยสารในเขตปริมณฑล;Provincial Bus Provincial Bus,3,9400D3,รังสิต - หมู่บ้านพรธิสาร 8,Rangsit - Phon Thisan 8 Village,,未提供中文；保留泰文/英文原名,
3,公交车,1747,DLT,1156,คลองสิบเอ็ด (หมู่บ้านกรีนการ์เด้นโฮม) - รังสิต;Khlong Sip Et - Rangsit,รถโดยสารในเขตปริมณฑล รถโดยสารในเขตปริมณฑล;Provincial Bus Provincial Bus,3,9400D3,คลองสิบเอ็ด (หมู่บ้านกรีนการ์เด้นโฮม) - รังสิต,Khlong Sip Et - Rangsit,,未提供中文；保留泰文/英文原名,
3,公交车,1748,DLT,1156,รังสิต - คลองสิบเอ็ด (หมู่บ้านกรีนการ์เด้นโฮม);Rangsit - Khlong Sip Et,รถโดยสารในเขตปริมณฑล รถโดยสารในเขตปริมณฑล;Provincial Bus Provincial Bus,3,9400D3,รังสิต - คลองสิบเอ็ด (หมู่บ้านกรีนการ์เด้นโฮม),Rangsit - Khlong Sip Et,,未提供中文；保留泰文/英文原名,
3,公交车,1749,DLT,1156,หมู่บ้านมาลีรมย์ 5 - ทัณฑสถานวัยหนุ่มกลาง - รังสิต;Malirom 5 Village - Central Correctional Institution for Young Offenders - Rangsit,รถโดยสารในเขตปริมณฑล รถโดยสารในเขตปริมณฑล;Provincial Bus Provincial Bus,3,9400D3,หมู่บ้านมาลีรมย์ 5 - ทัณฑสถานวัยหนุ่มกลาง - รังสิต,Malirom 5 Village - Central Correctional Institution for Young Offenders - Rangsit,,未提供中文；保留泰文/英文原名,
3,公交车,1750,DLT,1154,รังสิต - ถนนเลียบคลองสี่ - สถานีขนส่งสินค้าคลองหลวง;Rangsit - Liap Khlong Si Road - Khlong Luang Commodity Transport Station,รถโดยสารในเขตปริมณฑล รถโดยสารในเขตปริมณฑล;Provincial Bus Provincial Bus,3,9400D3,รังสิต - ถนนเลียบคลองสี่ - สถานีขนส่งสินค้าคลองหลวง,Rangsit - Liap Khlong Si Road - Khlong Luang Commodity Transport Station,,未提供中文；保留泰文/英文原名,
3,公交车,1751,DLT,1114,ท่าน้ำปทุมธานี - วัดสะแก;Pathum Thani Pier - Sakae Temple,รถโดยสารในเขตปริมณฑล รถโดยสารในเขตปริมณฑล;Provincial Bus Provincial Bus,3,9400D3,ท่าน้ำปทุมธานี - วัดสะแก,Pathum Thani Pier - Sakae Temple,,未提供中文；保留泰文/英文原名,
3,公交车,1752,DLT,6188,รังสิต - โรงเรียนจารุศรบำรุง;Rangsit - Jarusornboomrung School,รถโดยสารในเขตปริมณฑล รถโดยสารในเขตปริมณฑล;Provincial Bus Provincial Bus,3,9400D3,รังสิต - โรงเรียนจารุศรบำรุง,Rangsit - Jarusornboomrung School,,未提供中文；保留泰文/英文原名,
3,公交车,1753,DLT,1157,ปทุมธานี - ตลาดไท;Pathum Thani - Thai Market,รถโดยสารในเขตปริมณฑล รถโดยสารในเขตปริมณฑล;Provincial Bus Provincial Bus,3,9400D3,ปทุมธานี - ตลาดไท,Pathum Thani - Thai Market,,未提供中文；保留泰文/英文原名,
3,公交车,1754,DLT,1152,ปทุมธานี - ตลาดบางเตย;Pathum Thani - Bang Toei Market,รถโดยสารในเขตปริมณฑล รถโดยสารในเขตปริมณฑล;Provincial Bus Provincial Bus,3,9400D3,ปทุมธานี - ตลาดบางเตย,Pathum Thani - Bang Toei Market,,未提供中文；保留泰文/英文原名,
3,公交车,1755,DLT,1148,ปทุมธานี - วัดบ้านพร้าวใน;Pathum Thani - Baan Prao Nai Temple,รถโดยสารในเขตปริมณฑล รถโดยสารในเขตปริมณฑล;Provincial Bus Provincial Bus,3,9400D3,ปทุมธานี - วัดบ้านพร้าวใน,Pathum Thani - Baan Prao Nai Temple,,未提供中文；保留泰文/英文原名,
3,公交车,1756,DLT,1148,ปทุมธานี - วัดบ้านพร้าวใน - เชียงรากน้อย;Pathum Thani - Baan Prao Nai Temple - Chiang Rak Noi,รถโดยสารในเขตปริมณฑล รถโดยสารในเขตปริมณฑล;Provincial Bus Provincial Bus,3,9400D3,ปทุมธานี - วัดบ้านพร้าวใน - เชียงรากน้อย,Pathum Thani - Baan Prao Nai Temple - Chiang Rak Noi,,未提供中文；保留泰文/英文原名,
3,公交车,1757,DLT,1147,ปทุมธานี - คลองรังสิต (สายใน);Pathum Thani - Khlong Rangsit,รถโดยสารในเขตปริมณฑล รถโดยสารในเขตปริมณฑล;Provincial Bus Provincial Bus,3,9400D3,ปทุมธานี - คลองรังสิต (สายใน),Pathum Thani - Khlong Rangsit,,未提供中文；保留泰文/英文原名,
3,公交车,1758,DLT,1138,ปทุมธานี - ตลาดรังสิต;Pathum Thani - Rangsit Market,รถโดยสารในเขตปริมณฑล รถโดยสารในเขตปริมณฑล;Provincial Bus Provincial Bus,3,9400D3,ปทุมธานี - ตลาดรังสิต,Pathum Thani - Rangsit Market,,未提供中文；保留泰文/英文原名,
3,公交车,1759,DLT,1117,อำเภอลำลูกกา - อำเภอธัญบุรี;Lam Luk Ka District - Thanyaburi District,รถโดยสารในเขตปริมณฑล รถโดยสารในเขตปริมณฑล;Provincial Bus Provincial Bus,3,9400D3,อำเภอลำลูกกา - อำเภอธัญบุรี,Lam Luk Ka District - Thanyaburi District,,未提供中文；保留泰文/英文原名,
3,公交车,1760,DLT,1116,รังสิต - สถานีรถไฟเชียงราก;Rangsit - Chiang Rak Railway Station,รถโดยสารในเขตปริมณฑล รถโดยสารในเขตปริมณฑล;Provincial Bus Provincial Bus,3,9400D3,รังสิต - สถานีรถไฟเชียงราก,Rangsit - Chiang Rak Railway Station,,未提供中文；保留泰文/英文原名,
3,公交车,1761,DLT,1113,ปากคลอง 10 - วัดเจริญบุญ;Pak Khlong 10 - Charoen Bun Temple,รถโดยสารในเขตปริมณฑล รถโดยสารในเขตปริมณฑล;Provincial Bus Provincial Bus,3,9400D3,ปากคลอง 10 - วัดเจริญบุญ,Pak Khlong 10 - Charoen Bun Temple,,未提供中文；保留泰文/英文原名,
3,公交车,1762,DLT,1111,ปทุมธานี - เชียงรากน้อย;Pathum Thani - Chiang Rak Noi,รถโดยสารในเขตปริมณฑล รถโดยสารในเขตปริมณฑล;Provincial Bus Provincial Bus,3,9400D3,ปทุมธานี - เชียงรากน้อย,Pathum Thani - Chiang Rak Noi,,未提供中文；保留泰文/英文原名,
3,公交车,1763,DLT,1057,รังสิต - วัดเทียนถวาย;Rangsit - Tiantawai Temple,รถโดยสารในเขตปริมณฑล รถโดยสารในเขตปริมณฑล;Provincial Bus Provincial Bus,3,9400D3,รังสิต - วัดเทียนถวาย,Rangsit - Tiantawai Temple,,未提供中文；保留泰文/英文原名,
3,公交车,1764,DLT,1008,รังสิต - สถานีขนส่งสินค้าคลองหลวง;Rangsit - Khlong Luang Commodity Transport Station,รถโดยสารในเขตปริมณฑล รถโดยสารในเขตปริมณฑล;Provincial Bus Provincial Bus,3,9400D3,รังสิต - สถานีขนส่งสินค้าคลองหลวง,Rangsit - Khlong Luang Commodity Transport Station,,未提供中文；保留泰文/英文原名,
3,公交车,1765,DLT,1008,รังสิต - หนองเสือ;Rangsit - Nong Suea,รถโดยสารในเขตปริมณฑล รถโดยสารในเขตปริมณฑล;Provincial Bus Provincial Bus,3,9400D3,รังสิต - หนองเสือ,Rangsit - Nong Suea,,未提供中文；保留泰文/英文原名,
3,公交车,1766,DLT,1005,ปทุมธานี - ท้ายเกาะ;Pathum Thani - Thai Ko,รถโดยสารในเขตปริมณฑล รถโดยสารในเขตปริมณฑล;Provincial Bus Provincial Bus,3,9400D3,ปทุมธานี - ท้ายเกาะ,Pathum Thani - Thai Ko,,未提供中文；保留泰文/英文原名,
3,公交车,1767,DLT,6045,ปทุมธานี - วัดเจดีย์หอย;Pathum Thani - Chedi Hoi Temple,รถโดยสารในเขตปริมณฑล รถโดยสารในเขตปริมณฑล;Provincial Bus Provincial Bus,3,9400D3,ปทุมธานี - วัดเจดีย์หอย,Pathum Thani - Chedi Hoi Temple,,未提供中文；保留泰文/英文原名,
3,公交车,1768,DLT,6250,กรมการปกครอง (ลำลูกกา) - รังสิต;Department of Provincial Administration (Lam Luk Ka) - Rangsit,รถโดยสารในเขตปริมณฑล รถโดยสารในเขตปริมณฑล;Provincial Bus Provincial Bus,3,9400D3,กรมการปกครอง (ลำลูกกา) - รังสิต,Department of Provincial Administration (Lam Luk Ka) - Rangsit,,未提供中文；保留泰文/英文原名,
3,公交车,1769,DLT,6249,วงกลมรังสิต - สวนอุตสาหกรรมบางกะดี (วนซ้าย);Rangsit - Bangkadi Industrial,รถโดยสารในเขตปริมณฑล รถโดยสารในเขตปริมณฑล;Provincial Bus Provincial Bus,3,9400D3,วงกลมรังสิต - สวนอุตสาหกรรมบางกะดี (วนซ้าย),Rangsit - Bangkadi Industrial,,未提供中文；保留泰文/英文原名,
3,公交车,1770,DLT,6249,วงกลมรังสิต - สวนอุตสาหกรรมบางกะดี (วนขวา);Rangsit - Bangkadi Industrial,รถโดยสารในเขตปริมณฑล รถโดยสารในเขตปริมณฑล;Provincial Bus Provincial Bus,3,9400D3,วงกลมรังสิต - สวนอุตสาหกรรมบางกะดี (วนขวา),Rangsit - Bangkadi Industrial,,未提供中文；保留泰文/英文原名,
3,公交车,1771,DLT,6199,ปทุมธานี - วัดบางตะไนย์;Pathum Thani - Bang Tanai Temple,รถโดยสารในเขตปริมณฑล รถโดยสารในเขตปริมณฑล;Provincial Bus Provincial Bus,3,9400D3,ปทุมธานี - วัดบางตะไนย์,Pathum Thani - Bang Tanai Temple,,未提供中文；保留泰文/英文原名,
3,公交车,1772,DLT,6048,ถนนคลองหลวง (คลองสาม) - ถนนเลียบคลองระพีพัฒน์;Khlong Luang Road (Khlong Sam) - Liap Khlong Raphiphat Road,รถโดยสารในเขตปริมณฑล รถโดยสารในเขตปริมณฑล;Provincial Bus Provincial Bus,3,9400D3,ถนนคลองหลวง (คลองสาม) - ถนนเลียบคลองระพีพัฒน์,Khlong Luang Road (Khlong Sam) - Liap Khlong Raphiphat Road,,未提供中文；保留泰文/英文原名,
3,公交车,1773,DLT,6047,สะพานคลองสาม (ด้านถนนองค์รักษ์) - ถนนคลองหลวง;Khlong Sam Bridge - Khlong Luang Road,รถโดยสารในเขตปริมณฑล รถโดยสารในเขตปริมณฑล;Provincial Bus Provincial Bus,3,9400D3,สะพานคลองสาม (ด้านถนนองค์รักษ์) - ถนนคลองหลวง,Khlong Sam Bridge - Khlong Luang Road,,未提供中文；保留泰文/英文原名,
3,公交车,1774,DLT,6046,ซอยชื่นสินธิ์ (ซอย 39) - ซอยเย็นฉ่ำ;Soi Chuen Sin (Soi 39) - Soi Yen Cham,รถโดยสารในเขตปริมณฑล รถโดยสารในเขตปริมณฑล;Provincial Bus Provincial Bus,3,9400D3,ซอยชื่นสินธิ์ (ซอย 39) - ซอยเย็นฉ่ำ,Soi Chuen Sin (Soi 39) - Soi Yen Cham,,未提供中文；保留泰文/英文原名,
3,公交车,1775,DLT,6038,หมู่บ้านวังทอง - ปากซอยกุศลสามัคคี;Wang Thong Village - Soi Kuson Samakkhi,รถโดยสารในเขตปริมณฑล รถโดยสารในเขตปริมณฑล;Provincial Bus Provincial Bus,3,9400D3,หมู่บ้านวังทอง - ปากซอยกุศลสามัคคี,Wang Thong Village - Soi Kuson Samakkhi,,未提供中文；保留泰文/英文原名,
3,公交车,1776,DLT,1222,สะพานคลองสี่ (ด้านถนนองครักษ์) - ถนนลำลูกกา;Khlong Si Bridge - Lam Luk Ka Road,รถโดยสารในเขตปริมณฑล รถโดยสารในเขตปริมณฑล;Provincial Bus Provincial Bus,3,9400D3,สะพานคลองสี่ (ด้านถนนองครักษ์) - ถนนลำลูกกา,Khlong Si Bridge - Lam Luk Ka Road,,未提供中文；保留泰文/英文原名,
3,公交车,1777,DLT,1155,รังสิต - องค์การพิพิธภัณฑ์วิทยาศาสตร์แห่งชาติ - หอจดหมายเหตุฯ - หออัครศิลปิน;Rangsit - National Science Museum - The National Archives - The Supreme Artist Hall,รถโดยสารในเขตปริมณฑล รถโดยสารในเขตปริมณฑล;Provincial Bus Provincial Bus,3,9400D3,รังสิต - องค์การพิพิธภัณฑ์วิทยาศาสตร์แห่งชาติ - หอจดหมายเหตุฯ - หออัครศิลปิน,Rangsit - National Science Museum - The National Archives - The Supreme Artist Hall,,未提供中文；保留泰文/英文原名,
3,公交车,1778,DLT,5,ปากน้ำ - บ้านพร้อมมิตร;Paknam - Baan Phrommit,รถโดยสารในเขตปริมณฑล รถโดยสารในเขตปริมณฑล;Provincial Bus Provincial Bus,3,9400D3,ปากน้ำ - บ้านพร้อมมิตร,Paknam - Baan Phrommit,,未提供中文；保留泰文/英文原名,
3,公交车,1779,DLT,6,ปากน้ำ - หลังหมู่บ้านทิพวัล;Paknam - Thipphawan Village (Back),รถโดยสารในเขตปริมณฑล รถโดยสารในเขตปริมณฑล;Provincial Bus Provincial Bus,3,9400D3,ปากน้ำ - หลังหมู่บ้านทิพวัล,Paknam - Thipphawan Village (Back),,未提供中文；保留泰文/英文原名,
3,公交车,1780,DLT,8,ปากน้ำ - ซอยสมาคมฟอกหนัง (กม.30);Paknam - Soi Rong Fog Nang KM. 30,รถโดยสารในเขตปริมณฑล รถโดยสารในเขตปริมณฑล;Provincial Bus Provincial Bus,3,9400D3,ปากน้ำ - ซอยสมาคมฟอกหนัง (กม.30),Paknam - Soi Rong Fog Nang KM. 30,,未提供中文；保留泰文/英文原名,
3,公交车,1781,DLT,7,ปากน้ำ - ซอยเจริญทรัพย์ (ด้านถนนศรีนครินทร์);Paknam - Soi Charuensap,รถโดยสารในเขตปริมณฑล รถโดยสารในเขตปริมณฑล;Provincial Bus Provincial Bus,3,9400D3,ปากน้ำ - ซอยเจริญทรัพย์ (ด้านถนนศรีนครินทร์),Paknam - Soi Charuensap,,未提供中文；保留泰文/英文原名,
3,公交车,1782,DLT,2,ช่วงปากน้ำ - ถนนสุขาภิบาลบางปู;Paknam - Sukhaphiban Bangpu,รถโดยสารในเขตปริมณฑล รถโดยสารในเขตปริมณฑล;Provincial Bus Provincial Bus,3,9400D3,ช่วงปากน้ำ - ถนนสุขาภิบาลบางปู,Paknam - Sukhaphiban Bangpu,,未提供中文；保留泰文/英文原名,
3,公交车,1783,DLT,2,ช่วงปากน้ำ - ฟาร์มจระเข้ - ทางแยกถนนสุขุมวิท;Paknam - Crocodile Farm - Sukhumvit Road Intersection,รถโดยสารในเขตปริมณฑล รถโดยสารในเขตปริมณฑล;Provincial Bus Provincial Bus,3,9400D3,ช่วงปากน้ำ - ฟาร์มจระเข้ - ทางแยกถนนสุขุมวิท,Paknam - Crocodile Farm - Sukhumvit Road Intersection,,未提供中文；保留泰文/英文原名,
3,公交车,1784,DLT,1,วงกลมอำเภอบางพลี - หมู่บ้านลิขิต 7 (วนขวา);Bang Phli District - Likhit 7 Village,รถโดยสารในเขตปริมณฑล รถโดยสารในเขตปริมณฑล;Provincial Bus Provincial Bus,3,9400D3,วงกลมอำเภอบางพลี - หมู่บ้านลิขิต 7 (วนขวา),Bang Phli District - Likhit 7 Village,,未提供中文；保留泰文/英文原名,
3,公交车,1785,DLT,2,ปากน้ำ - หาดอมรา;Paknam - Hadamara,รถโดยสารในเขตปริมณฑล รถโดยสารในเขตปริมณฑล;Provincial Bus Provincial Bus,3,9400D3,ปากน้ำ - หาดอมรา,Paknam - Hadamara,,未提供中文；保留泰文/英文原名,
3,公交车,1786,DLT,1,วงกลมอำเภอบางพลี - หมู่บ้านลิขิต 7 (วนซ้าย);Bang Phli District - Likhit 7 Village,รถโดยสารในเขตปริมณฑล รถโดยสารในเขตปริมณฑล;Provincial Bus Provincial Bus,3,9400D3,วงกลมอำเภอบางพลี - หมู่บ้านลิขิต 7 (วนซ้าย),Bang Phli District - Likhit 7 Village,,未提供中文；保留泰文/英文原名,
3,公交车,1787,DLT,1145,บางนา - บางบ่อ;Bang Na - Bang Bo,รถโดยสารในเขตปริมณฑล รถโดยสารในเขตปริมณฑล;Provincial Bus Provincial Bus,3,9400D3,บางนา - บางบ่อ,Bang Na - Bang Bo,,未提供中文；保留泰文/英文原名,
3,公交车,1788,DLT,1145,บางนา - ซอยมังกร - ซอยนาคดี (แพรกษา 11);Bang Na - Soi Mangkon - Nakdee (Praeksa 11),รถโดยสารในเขตปริมณฑล รถโดยสารในเขตปริมณฑล;Provincial Bus Provincial Bus,3,9400D3,บางนา - ซอยมังกร - ซอยนาคดี (แพรกษา 11),Bang Na - Soi Mangkon - Nakdee (Praeksa 11),,未提供中文；保留泰文/英文原名,
3,公交车,1789,DLT,1140,คลองด่าน - เคหะชุมชนบางพลี (โครงการ 2) - รพ.บางนา 2;Khlong Dan - Bang Phli Housing (Project 2) - Bangna 2 Hospital,รถโดยสารในเขตปริมณฑล รถโดยสารในเขตปริมณฑล;Provincial Bus Provincial Bus,3,9400D3,คลองด่าน - เคหะชุมชนบางพลี (โครงการ 2) - รพ.บางนา 2,Khlong Dan - Bang Phli Housing (Project 2) - Bangna 2 Hospital,,未提供中文；保留泰文/英文原名,
3,公交车,1790,DLT,1142,ช่วงสำโรง - ซอยขจรวิทย์ - ซอยนาคดี (ซอยแพรกษา 11);Samrong - Khachon Wit - Soi Nakdee (Soi Praeksa 11),รถโดยสารในเขตปริมณฑล รถโดยสารในเขตปริมณฑล;Provincial Bus Provincial Bus,3,9400D3,ช่วงสำโรง - ซอยขจรวิทย์ - ซอยนาคดี (ซอยแพรกษา 11),Samrong - Khachon Wit - Soi Nakdee (Soi Praeksa 11),,未提供中文；保留泰文/英文原名,
3,公交车,1791,DLT,1197,อำเภอบางพลี - โรงเรียนราชวินิตบางแก้ว;Bang Phli District - Ratwinit Bangkaeo School,รถโดยสารในเขตปริมณฑล รถโดยสารในเขตปริมณฑล;Provincial Bus Provincial Bus,3,9400D3,อำเภอบางพลี - โรงเรียนราชวินิตบางแก้ว,Bang Phli District - Ratwinit Bangkaeo School,,未提供中文；保留泰文/英文原名,
3,公交车,1792,DLT,1197,รร.ราชวินิตฯ - สถานีรถไฟฟ้าลาดกระบัง;Ratwinit Bangkaeo School - Airport Rail Link Lat Krabang Station,รถโดยสารในเขตปริมณฑล รถโดยสารในเขตปริมณฑล;Provincial Bus Provincial Bus,3,9400D3,รร.ราชวินิตฯ - สถานีรถไฟฟ้าลาดกระบัง,Ratwinit Bangkaeo School - Airport Rail Link Lat Krabang Station,,未提供中文；保留泰文/英文原名,
3,公交车,1793,DLT,1198,ถนนรัตนโกสินทร์ 200 ปี - บ้านหลอแหล;Rattanakosin 200 Year - Baan Lo Lae,รถโดยสารในเขตปริมณฑล รถโดยสารในเขตปริมณฑล;Provincial Bus Provincial Bus,3,9400D3,ถนนรัตนโกสินทร์ 200 ปี - บ้านหลอแหล,Rattanakosin 200 Year - Baan Lo Lae,,未提供中文；保留泰文/英文原名,
3,公交车,1794,DLT,1012,วัดครุใน - คลองนา;Khru Nai Temple - Khlong Na,รถโดยสารในเขตปริมณฑล รถโดยสารในเขตปริมณฑล;Provincial Bus Provincial Bus,3,9400D3,วัดครุใน - คลองนา,Khru Nai Temple - Khlong Na,,未提供中文；保留泰文/英文原名,
3,公交车,1795,DLT,1011,พระประแดง - บางกอบัว;Phra Pradaeng - Bang Kobua,รถโดยสารในเขตปริมณฑล รถโดยสารในเขตปริมณฑล;Provincial Bus Provincial Bus,3,9400D3,พระประแดง - บางกอบัว,Phra Pradaeng - Bang Kobua,,未提供中文；保留泰文/英文原名,
3,公交车,1796,DLT,1197,รร.ราชวินิตฯ - มหาวิทยาลัยราชภัฎธนบุรี วิทยาเขตสมุทรปราการ;Ratwinit Bangkaeo School - Dhonburi Rajabhat University Samut Prakan Campus,รถโดยสารในเขตปริมณฑล รถโดยสารในเขตปริมณฑล;Provincial Bus Provincial Bus,3,9400D3,รร.ราชวินิตฯ - มหาวิทยาลัยราชภัฎธนบุรี วิทยาเขตสมุทรปราการ,Ratwinit Bangkaeo School - Dhonburi Rajabhat University Samut Prakan Campus,,未提供中文；保留泰文/英文原名,
3,公交车,1797,DLT,1197,ห้างบิ๊กซี (บางพลี) - ถนนอ่อนนุช - ตลาดหัวตะเข้;Big C (Bang Phli ) - On Nut Road - Hua Ta Khe Market,รถโดยสารในเขตปริมณฑล รถโดยสารในเขตปริมณฑล;Provincial Bus Provincial Bus,3,9400D3,ห้างบิ๊กซี (บางพลี) - ถนนอ่อนนุช - ตลาดหัวตะเข้,Big C (Bang Phli ) - On Nut Road - Hua Ta Khe Market,,未提供中文；保留泰文/英文原名,
3,公交车,1798,DLT,1197,ถนนบางนา - ตราด - ถนนอ่อนนุช - ตลาดหัวตะเข้;Bang Na Road - On Nut Road - Hua Ta Khe Market,รถโดยสารในเขตปริมณฑล รถโดยสารในเขตปริมณฑล;Provincial Bus Provincial Bus,3,9400D3,ถนนบางนา - ตราด - ถนนอ่อนนุช - ตลาดหัวตะเข้,Bang Na Road - On Nut Road - Hua Ta Khe Market,,未提供中文；保留泰文/英文原名,
3,公交车,1799,DLT,1197,บางพลี - อ่อนนุช - ตลาดหัวตะเข้;Bang Phli - On Nut - Hua Ta Khe Market,รถโดยสารในเขตปริมณฑล รถโดยสารในเขตปริมณฑล;Provincial Bus Provincial Bus,3,9400D3,บางพลี - อ่อนนุช - ตลาดหัวตะเข้,Bang Phli - On Nut - Hua Ta Khe Market,,未提供中文；保留泰文/英文原名,
3,公交车,1800,DLT,1196,ปากน้ำ - กม.4 (ถนนบางนา - ตราด);Paknam - KM.4 (Bang Na - Trat),รถโดยสารในเขตปริมณฑล รถโดยสารในเขตปริมณฑล;Provincial Bus Provincial Bus,3,9400D3,ปากน้ำ - กม.4 (ถนนบางนา - ตราด),Paknam - KM.4 (Bang Na - Trat),,未提供中文；保留泰文/英文原名,
3,公交车,1801,DLT,1196,ปากน้ำ - ห้างสรรพสินค้าซีคอนสแควร์;Paknam - Seacon Square,รถโดยสารในเขตปริมณฑล รถโดยสารในเขตปริมณฑล;Provincial Bus Provincial Bus,3,9400D3,ปากน้ำ - ห้างสรรพสินค้าซีคอนสแควร์,Paknam - Seacon Square,,未提供中文；保留泰文/英文原名,
3,公交车,1802,DLT,1146,พระประแดง - พระสมุทรเจดีย์;Phra Pradaeng - Phra Samut Chedi,รถโดยสารในเขตปริมณฑล รถโดยสารในเขตปริมณฑล;Provincial Bus Provincial Bus,3,9400D3,พระประแดง - พระสมุทรเจดีย์,Phra Pradaeng - Phra Samut Chedi,,未提供中文；保留泰文/英文原名,
3,公交车,1803,DLT,1145,บางนา - มหาวิทยาลัยราชภัฎธนบุรี วิทยาเขตสมุทรปราการ;Bang Na - Dhonburi Rajabhat University Samut Prakan Campus,รถโดยสารในเขตปริมณฑล รถโดยสารในเขตปริมณฑล;Provincial Bus Provincial Bus,3,9400D3,บางนา - มหาวิทยาลัยราชภัฎธนบุรี วิทยาเขตสมุทรปราการ,Bang Na - Dhonburi Rajabhat University Samut Prakan Campus,,未提供中文；保留泰文/英文原名,
3,公交车,1804,DLT,1144,สำโรง - ห้างบิ๊กซี (ถนนสุขสวัสดิ์);Samrong - Big C (Suk Sawat Road),รถโดยสารในเขตปริมณฑล รถโดยสารในเขตปริมณฑล;Provincial Bus Provincial Bus,3,9400D3,สำโรง - ห้างบิ๊กซี (ถนนสุขสวัสดิ์),Samrong - Big C (Suk Sawat Road),,未提供中文；保留泰文/英文原名,
3,公交车,1805,DLT,1198,โครงการเอื้ออาทรบางบ่อ - บ้านคลองสวน;Residential housing projects Prakan (Bang Bo) - Ban Khlong Suan,รถโดยสารในเขตปริมณฑล รถโดยสารในเขตปริมณฑล;Provincial Bus Provincial Bus,3,9400d3,โครงการเอื้ออาทรบางบ่อ - บ้านคลองสวน,Residential housing projects Prakan (Bang Bo) - Ban Khlong Suan,,未提供中文；保留泰文/英文原名,
3,公交车,1806,DLT,1140,สำโรง - ปากน้ำ - คลองด่าน;Samrong - Paknam - Khlong Dan,รถโดยสารในเขตปริมณฑล รถโดยสารในเขตปริมณฑล;Provincial Bus Provincial Bus,3,9400D3,สำโรง - ปากน้ำ - คลองด่าน,Samrong - Paknam - Khlong Dan,,未提供中文；保留泰文/英文原名,
3,公交车,1807,DLT,1204,ปากซอยวัดใหญ่ (ด้านถนนสุขสวัสดิ์) - ทางแยกซอยวัดแหลมฟ้าผ่า;Soi Yai Temple - Soi Laem Fa Pha Intersection,รถโดยสารในเขตปริมณฑล รถโดยสารในเขตปริมณฑล;Provincial Bus Provincial Bus,3,9400D3,ปากซอยวัดใหญ่ (ด้านถนนสุขสวัสดิ์) - ทางแยกซอยวัดแหลมฟ้าผ่า,Soi Yai Temple - Soi Laem Fa Pha Intersection,,未提供中文；保留泰文/英文原名,
3,公交车,1808,DLT,1140,พระประแดง - ปากน้ำ - บ้านคลองตำหรุ;Phra Pradaeng - Paknam - Baan Khlong Tamru,รถโดยสารในเขตปริมณฑล รถโดยสารในเขตปริมณฑล;Provincial Bus Provincial Bus,3,9400D3,พระประแดง - ปากน้ำ - บ้านคลองตำหรุ,Phra Pradaeng - Paknam - Baan Khlong Tamru,,未提供中文；保留泰文/英文原名,
3,公交车,1809,DLT,1140,ปากน้ำ - ซอยเทศบาลบางปู 59 (วิทยุการบิน);Paknam - Soi Thetsaban Bang Pu 59,รถโดยสารในเขตปริมณฑล รถโดยสารในเขตปริมณฑล;Provincial Bus Provincial Bus,3,9400D3,ปากน้ำ - ซอยเทศบาลบางปู 59 (วิทยุการบิน),Paknam - Soi Thetsaban Bang Pu 59,,未提供中文；保留泰文/英文原名,
3,公交车,1810,DLT,1140,ปากน้ำ - ตำหรุ;Paknam - Tamru,รถโดยสารในเขตปริมณฑล รถโดยสารในเขตปริมณฑล;Provincial Bus Provincial Bus,3,9400D3,ปากน้ำ - ตำหรุ,Paknam - Tamru,,未提供中文；保留泰文/英文原名,
3,公交车,1811,DLT,1140,ปากน้ำ - มหาวิทยาลัยราชภัฎธนบุรี วิทยาเขตสมุทรปราการ;Paknam - Dhonburi Rajabhat University Samut Prakan Campus,รถโดยสารในเขตปริมณฑล รถโดยสารในเขตปริมณฑล;Provincial Bus Provincial Bus,3,9400D3,ปากน้ำ - มหาวิทยาลัยราชภัฎธนบุรี วิทยาเขตสมุทรปราการ,Paknam - Dhonburi Rajabhat University Samut Prakan Campus,,未提供中文；保留泰文/英文原名,
3,公交车,1812,DLT,1140,ม.ราชภัฏธนบุรีฯ - คลองด่าน;Dhonburi Rajabhat University - Khlong Dan,รถโดยสารในเขตปริมณฑล รถโดยสารในเขตปริมณฑล;Provincial Bus Provincial Bus,3,9400D3,ม.ราชภัฏธนบุรีฯ - คลองด่าน,Dhonburi Rajabhat University - Khlong Dan,,未提供中文；保留泰文/英文原名,
3,公交车,1813,DLT,1140,ปากน้ำ - คลองด่าน;Paknam - Khlong Dan,รถโดยสารในเขตปริมณฑล รถโดยสารในเขตปริมณฑล;Provincial Bus Provincial Bus,3,9400D3,ปากน้ำ - คลองด่าน,Paknam - Khlong Dan,,未提供中文；保留泰文/英文原名,
3,公交车,1814,DLT,1140,ปากน้ำ - ปากซอยตรากบ;Paknam - Soi Tra Kob,รถโดยสารในเขตปริมณฑล รถโดยสารในเขตปริมณฑล;Provincial Bus Provincial Bus,3,9400D3,ปากน้ำ - ปากซอยตรากบ,Paknam - Soi Tra Kob,,未提供中文；保留泰文/英文原名,
3,公交车,1815,DLT,1141,ปากน้ำ - บางนา - มหาวิทยาลัยรามคำแหง วิทยาเขตปัจฉิมสวัสดิ์;Paknam - Bang Na - Ramkhamhaeng University Bang Na Campus,รถโดยสารในเขตปริมณฑล รถโดยสารในเขตปริมณฑล;Provincial Bus Provincial Bus,3,9400D3,ปากน้ำ - บางนา - มหาวิทยาลัยรามคำแหง วิทยาเขตปัจฉิมสวัสดิ์,Paknam - Bang Na - Ramkhamhaeng University Bang Na Campus,,未提供中文；保留泰文/英文原名,
3,公交车,1816,DLT,1144,ท่าน้ำพระประแดง - สำโรง;Phra Pradaeng Pier - Samrong,รถโดยสารในเขตปริมณฑล รถโดยสารในเขตปริมณฑล;Provincial Bus Provincial Bus,3,9400D3,ท่าน้ำพระประแดง - สำโรง,Phra Pradaeng Pier - Samrong,,未提供中文；保留泰文/英文原名,
3,公交车,1817,DLT,1239,สมุทรปราการ - องค์การแก้ว;Samut Prakan - The Glass Organization,รถโดยสารในเขตปริมณฑล รถโดยสารในเขตปริมณฑล;Provincial Bus Provincial Bus,3,9400D3,สมุทรปราการ - องค์การแก้ว,Samut Prakan - The Glass Organization,,未提供中文；保留泰文/英文原名,
3,公交车,1818,DLT,1205,วงกลม (วนซ้าย) ถนนกิ่งแก้ว - ถนนเทพารักษ์ - ถนนบางนา - ตราด;King Kaeo Road - Thepharak Road - Bang Na-Trat Road,รถโดยสารในเขตปริมณฑล รถโดยสารในเขตปริมณฑล;Provincial Bus Provincial Bus,3,9400D3,วงกลม (วนซ้าย) ถนนกิ่งแก้ว - ถนนเทพารักษ์ - ถนนบางนา - ตราด,King Kaeo Road - Thepharak Road - Bang Na-Trat Road,,未提供中文；保留泰文/英文原名,
3,公交车,1819,DLT,1199,ถนนบางนา - ตราด (กม.23) - วัดเสาธงกลาง;Bang Na Road - Trat (KM.23) - Sao Thong Temple,รถโดยสารในเขตปริมณฑล รถโดยสารในเขตปริมณฑล;Provincial Bus Provincial Bus,3,9400D3,ถนนบางนา - ตราด (กม.23) - วัดเสาธงกลาง,Bang Na Road - Trat (KM.23) - Sao Thong Temple,,未提供中文；保留泰文/英文原名,
3,公交车,1820,DLT,1145,บางนา - บ้านพุฒสี (แพรกษา 7);Bang Na - Baan Phut Si (Phraeksa 7),รถโดยสารในเขตปริมณฑล รถโดยสารในเขตปริมณฑล;Provincial Bus Provincial Bus,3,9400D3,บางนา - บ้านพุฒสี (แพรกษา 7),Bang Na - Baan Phut Si (Phraeksa 7),,未提供中文；保留泰文/英文原名,
3,公交车,1821,DLT,1145,บางนา - บ้านพร้อมมิตร;Bang Na - Baan Phrommit,รถโดยสารในเขตปริมณฑล รถโดยสารในเขตปริมณฑล;Provincial Bus Provincial Bus,3,9400D3,บางนา - บ้านพร้อมมิตร,Bang Na - Baan Phrommit,,未提供中文；保留泰文/英文原名,
3,公交车,1822,DLT,1145,บางนา - หมู่บ้านเพ็ชรวิฑูรย์;Bang Na - Phet Withun Village,รถโดยสารในเขตปริมณฑล รถโดยสารในเขตปริมณฑล;Provincial Bus Provincial Bus,3,9400D3,บางนา - หมู่บ้านเพ็ชรวิฑูรย์,Bang Na - Phet Withun Village,,未提供中文；保留泰文/英文原名,
3,公交车,1823,DLT,1145,บางนา - ซอยคลองอาเสี่ย (ติดถนนแพรกษา);Bang Na - Soi Klong Arsia,รถโดยสารในเขตปริมณฑล รถโดยสารในเขตปริมณฑล;Provincial Bus Provincial Bus,3,9400D3,บางนา - ซอยคลองอาเสี่ย (ติดถนนแพรกษา),Bang Na - Soi Klong Arsia,,未提供中文；保留泰文/英文原名,
3,公交车,1824,DLT,1145,บางนา - หมู่บ้านพฤกษา 74;Bang Na - Pruksa 74 Village,รถโดยสารในเขตปริมณฑล รถโดยสารในเขตปริมณฑล;Provincial Bus Provincial Bus,3,9400D3,บางนา - หมู่บ้านพฤกษา 74,Bang Na - Pruksa 74 Village,,未提供中文；保留泰文/英文原名,
3,公交车,1825,DLT,1239,ช่วงสมุทรปราการ - หมู่บ้านรินทร์ทอง;Samut Prakan - Rin Thong Village,รถโดยสารในเขตปริมณฑล รถโดยสารในเขตปริมณฑล;Provincial Bus Provincial Bus,3,9400D3,ช่วงสมุทรปราการ - หมู่บ้านรินทร์ทอง,Samut Prakan - Rin Thong Village,,未提供中文；保留泰文/英文原名,
3,公交车,1826,DLT,1239,ช่วงสมุทรปราการ - ปากทางวัดสวนส้ม;Samut Prakan - Suan Som Temple,รถโดยสารในเขตปริมณฑล รถโดยสารในเขตปริมณฑล;Provincial Bus Provincial Bus,3,9400D3,ช่วงสมุทรปราการ - ปากทางวัดสวนส้ม,Samut Prakan - Suan Som Temple,,未提供中文；保留泰文/英文原名,
3,公交车,1827,DLT,1239,ช่วงสมุทรปราการ - วัดบางด้วนนอก;Samut Prakan - Bang Duan Nok Village,รถโดยสารในเขตปริมณฑล รถโดยสารในเขตปริมณฑล;Provincial Bus Provincial Bus,3,9400D3,ช่วงสมุทรปราการ - วัดบางด้วนนอก,Samut Prakan - Bang Duan Nok Village,,未提供中文；保留泰文/英文原名,
3,公交车,1828,DLT,1209,ช่วงสำโรง - ซอยเทศบาล 13 (สุนทรสารทูร);Samrong - Soi Thetsaban 13,รถโดยสารในเขตปริมณฑล รถโดยสารในเขตปริมณฑล;Provincial Bus Provincial Bus,3,9400D3,ช่วงสำโรง - ซอยเทศบาล 13 (สุนทรสารทูร),Samrong - Soi Thetsaban 13,,未提供中文；保留泰文/英文原名,
3,公交车,1829,DLT,1209,ช่วงสำโรง - วัดไตรสามัคคี;Samrong - Tri Samakkhi Temple,รถโดยสารในเขตปริมณฑล รถโดยสารในเขตปริมณฑล;Provincial Bus Provincial Bus,3,9400D3,ช่วงสำโรง - วัดไตรสามัคคี,Samrong - Tri Samakkhi Temple,,未提供中文；保留泰文/英文原名,
3,公交车,1830,DLT,1209,ช่วงสำโรง - ซอยสุขุมวิท 117 (ภานุวงษ์);Samrong - Soi Sukhumvit 117,รถโดยสารในเขตปริมณฑล รถโดยสารในเขตปริมณฑล;Provincial Bus Provincial Bus,3,9400D3,ช่วงสำโรง - ซอยสุขุมวิท 117 (ภานุวงษ์),Samrong - Soi Sukhumvit 117,,未提供中文；保留泰文/英文原名,
3,公交车,1831,DLT,1209,สำโรง - ซอยเทศบาล 17 (นารถสุนทร);Samrong - Soi Thetsaban 17,รถโดยสารในเขตปริมณฑล รถโดยสารในเขตปริมณฑล;Provincial Bus Provincial Bus,3,9400D3,สำโรง - ซอยเทศบาล 17 (นารถสุนทร),Samrong - Soi Thetsaban 17,,未提供中文；保留泰文/英文原名,
3,公交车,1832,DLT,1205,ช่วงห้างสรรพสินค้าบิ๊กซีบางพลี - โครงการบ้านเอื้ออาทรบางโฉลง;Big C Bang Phli - Bang Chalong Generous Village,รถโดยสารในเขตปริมณฑล รถโดยสารในเขตปริมณฑล;Provincial Bus Provincial Bus,3,9400D3,ช่วงห้างสรรพสินค้าบิ๊กซีบางพลี - โครงการบ้านเอื้ออาทรบางโฉลง,Big C Bang Phli - Bang Chalong Generous Village,,未提供中文；保留泰文/英文原名,
3,公交车,1833,DLT,1205,ช่วงห้างสรรพสินค้าบิ๊กซีบางพลี - โรงเรียนคลองบางน้ำจืด;Big C Bang Phli - Klong Bang Nam Jued School,รถโดยสารในเขตปริมณฑล รถโดยสารในเขตปริมณฑล;Provincial Bus Provincial Bus,3,9400D3,ช่วงห้างสรรพสินค้าบิ๊กซีบางพลี - โรงเรียนคลองบางน้ำจืด,Big C Bang Phli - Klong Bang Nam Jued School,,未提供中文；保留泰文/英文原名,
3,公交车,1834,DLT,1204,ปากซอยวัดใหญ่ (ด้านถนนสุขสวัสดิ์) - วัดคู่สร้าง;Yai Temple - Khu Sang Temple,รถโดยสารในเขตปริมณฑล รถโดยสารในเขตปริมณฑล;Provincial Bus Provincial Bus,3,9400D3,ปากซอยวัดใหญ่ (ด้านถนนสุขสวัสดิ์) - วัดคู่สร้าง,Yai Temple - Khu Sang Temple,,未提供中文；保留泰文/英文原名,
3,公交车,1835,DLT,1200,ตลาดสำโรงเหนือ - สุขาภิบาล 6 (วัดบางหัวเสือ);Samrong Nuea Market - Sukhaphiban 6 (Bang Hua Suea Temple),รถโดยสารในเขตปริมณฑล รถโดยสารในเขตปริมณฑล;Provincial Bus Provincial Bus,3,9400D3,ตลาดสำโรงเหนือ - สุขาภิบาล 6 (วัดบางหัวเสือ),Samrong Nuea Market - Sukhaphiban 6 (Bang Hua Suea Temple),,未提供中文；保留泰文/英文原名,
3,公交车,1836,DLT,1200,สุขาภิบาล 6 (วัดบางหัวเสือ) - ตลาดสำโรงเหนือ;Sukhaphiban 6 (Bang Hua Suea Temple) - Samrong Nuea Market,รถโดยสารในเขตปริมณฑล รถโดยสารในเขตปริมณฑล;Provincial Bus Provincial Bus,3,9400D3,สุขาภิบาล 6 (วัดบางหัวเสือ) - ตลาดสำโรงเหนือ,Sukhaphiban 6 (Bang Hua Suea Temple) - Samrong Nuea Market,,未提供中文；保留泰文/英文原名,
3,公交车,1837,DLT,1199,ถนนบางนา - ตราด (กม.23) - วัดศรีษะจรเข้ใหญ่;Bang Na Road - Trat (KM.23) - Chorakhe Yai Temple,รถโดยสารในเขตปริมณฑล รถโดยสารในเขตปริมณฑล;Provincial Bus Provincial Bus,3,9400D3,ถนนบางนา - ตราด (กม.23) - วัดศรีษะจรเข้ใหญ่,Bang Na Road - Trat (KM.23) - Chorakhe Yai Temple,,未提供中文；保留泰文/英文原名,
3,公交车,1838,DLT,1145,มหาวิทยาลัยราชภัฎธนบุรี วิทยาเขตสมุทรปราการ - บางนา;Dhonburi Rajabhat University Samut Prakan Campus - Bang Na,รถโดยสารในเขตปริมณฑล รถโดยสารในเขตปริมณฑล;Provincial Bus Provincial Bus,3,9400D3,มหาวิทยาลัยราชภัฎธนบุรี วิทยาเขตสมุทรปราการ - บางนา,Dhonburi Rajabhat University Samut Prakan Campus - Bang Na,,未提供中文；保留泰文/英文原名,
3,公交车,1839,DLT,1141,ช่วงถนนบางนา - ตราด (กม.8) - สวนหลวง ร.9;Bang Na Road - Trat (KM.8) - King Rama 9 Park,รถโดยสารในเขตปริมณฑล รถโดยสารในเขตปริมณฑล;Provincial Bus Provincial Bus,3,9400D3,ช่วงถนนบางนา - ตราด (กม.8) - สวนหลวง ร.9,Bang Na Road - Trat (KM.8) - King Rama 9 Park,,未提供中文；保留泰文/英文原名,
3,公交车,1840,DLT,1083,ปากน้ำ - บางปู;Paknam - Bangpu,รถโดยสารในเขตปริมณฑล รถโดยสารในเขตปริมณฑล;Provincial Bus Provincial Bus,3,9400D3,ปากน้ำ - บางปู,Paknam - Bangpu,,未提供中文；保留泰文/英文原名,
3,公交车,1841,DLT,1084,พระประแดง - สมุทรเจดีย์;Phra Pradaeng - Samut Chedi,รถโดยสารในเขตปริมณฑล รถโดยสารในเขตปริมณฑล;Provincial Bus Provincial Bus,3,9400D3,พระประแดง - สมุทรเจดีย์,Phra Pradaeng - Samut Chedi,,未提供中文；保留泰文/英文原名,
3,公交车,1842,DLT,1085,พระประแดง - สำโรง;Phra Pradaeng - Samrong,รถโดยสารในเขตปริมณฑล รถโดยสารในเขตปริมณฑล;Provincial Bus Provincial Bus,3,9400D3,พระประแดง - สำโรง,Phra Pradaeng - Samrong,,未提供中文；保留泰文/英文原名,
3,公交车,1843,DLT,1086,สำโรง - บางพลี;Samrong - Bang Phli,รถโดยสารในเขตปริมณฑล รถโดยสารในเขตปริมณฑล;Provincial Bus Provincial Bus,3,9400D3,สำโรง - บางพลี,Samrong - Bang Phli,,未提供中文；保留泰文/英文原名,
3,公交车,1844,DLT,1087,บางจาก - บางพลีน้อย;Bangchak - Bang Phli Noi,รถโดยสารในเขตปริมณฑล รถโดยสารในเขตปริมณฑล;Provincial Bus Provincial Bus,3,9400D3,บางจาก - บางพลีน้อย,Bangchak - Bang Phli Noi,,未提供中文；保留泰文/英文原名,
3,公交车,1845,DLT,1202,ปากซอยวัดคู่สร้าง (ด้านถนนสุขสวัสดิ์) - วัดทุ่งครุ;Soi Khu Sang Temple - Thung Khru Temple,รถโดยสารในเขตปริมณฑล รถโดยสารในเขตปริมณฑล;Provincial Bus Provincial Bus,3,9400D3,ปากซอยวัดคู่สร้าง (ด้านถนนสุขสวัสดิ์) - วัดทุ่งครุ,Soi Khu Sang Temple - Thung Khru Temple,,未提供中文；保留泰文/英文原名,
3,公交车,1846,DLT,1203,สุขสวัสดิ์ - ซอยวัดแค 2;Suk Sawat - Soi Khae 2 Temple,รถโดยสารในเขตปริมณฑล รถโดยสารในเขตปริมณฑล;Provincial Bus Provincial Bus,3,9400D3,สุขสวัสดิ์ - ซอยวัดแค 2,Suk Sawat - Soi Khae 2 Temple,,未提供中文；保留泰文/英文原名,
3,公交车,1847,DLT,1207,ปากซอยสามม่วง - สนามกอล์ฟบางปู;Soi Sam Muang - Bangpoo Golf & Sports,รถโดยสารในเขตปริมณฑล รถโดยสารในเขตปริมณฑล;Provincial Bus Provincial Bus,3,9400D3,ปากซอยสามม่วง - สนามกอล์ฟบางปู,Soi Sam Muang - Bangpoo Golf & Sports,,未提供中文；保留泰文/英文原名,
3,公交车,1848,DLT,1208,คลองด่าน - บางพลีน้อย;Khlong Dan - Bang Phli Noi,รถโดยสารในเขตปริมณฑล รถโดยสารในเขตปริมณฑล;Provincial Bus Provincial Bus,3,9400D3,คลองด่าน - บางพลีน้อย,Khlong Dan - Bang Phli Noi,,未提供中文；保留泰文/英文原名,
3,公交车,1849,DLT,1221,โรงพยาบาลบางบ่อ - โรงเรียนนวมินทราชินูทิศเตรียมอุดมศึกษาพัฒนาการ;Bang Bo Hospital - Nawaminthrachinuthit Triam Udom Suksa Pattanakarn School,รถโดยสารในเขตปริมณฑล รถโดยสารในเขตปริมณฑล;Provincial Bus Provincial Bus,3,9400D3,โรงพยาบาลบางบ่อ - โรงเรียนนวมินทราชินูทิศเตรียมอุดมศึกษาพัฒนาการ,Bang Bo Hospital - Nawaminthrachinuthit Triam Udom Suksa Pattanakarn School,,未提供中文；保留泰文/英文原名,
3,公交车,1850,DLT,1223,ตลาดคลองด่าน - ถนนหลวงพ่อปานฝั่งใต้ - โรงน้ำปลาพรนภา;Khlong Dan Market - Luang Pho Pan (South) - Pornnapha Fish-Sauce,รถโดยสารในเขตปริมณฑล รถโดยสารในเขตปริมณฑล;Provincial Bus Provincial Bus,3,9400D3,ตลาดคลองด่าน - ถนนหลวงพ่อปานฝั่งใต้ - โรงน้ำปลาพรนภา,Khlong Dan Market - Luang Pho Pan (South) - Pornnapha Fish-Sauce,,未提供中文；保留泰文/英文原名,
3,公交车,1851,DLT,1224,ตลาดคลองด่าน - ถนนหลวงพ่อปานฝั่งเหนือ - คลองยายแต้ด;Khlong Dan Market - Luang Pho Pan (North) - Klong Yai Ted,รถโดยสารในเขตปริมณฑล รถโดยสารในเขตปริมณฑล;Provincial Bus Provincial Bus,3,9400D3,ตลาดคลองด่าน - ถนนหลวงพ่อปานฝั่งเหนือ - คลองยายแต้ด,Khlong Dan Market - Luang Pho Pan (North) - Klong Yai Ted,,未提供中文；保留泰文/英文原名,
3,公交车,1852,DLT,1277,สุขุมวิท - ซอยหลวงพ่อปาน 1;Sukhumvit - Soi Luang por pan 1,รถโดยสารในเขตปริมณฑล รถโดยสารในเขตปริมณฑล;Provincial Bus Provincial Bus,3,9400D3,สุขุมวิท - ซอยหลวงพ่อปาน 1,Sukhumvit - Soi Luang por pan 1,,未提供中文；保留泰文/英文原名,
3,公交车,1853,DLT,1278,สุขุมวิท - ซอยหลวงพ่อปาน 2;Sukhumvit - Soi Luang por pan 2,รถโดยสารในเขตปริมณฑล รถโดยสารในเขตปริมณฑล;Provincial Bus Provincial Bus,3,9400D3,สุขุมวิท - ซอยหลวงพ่อปาน 2,Sukhumvit - Soi Luang por pan 2,,未提供中文；保留泰文/英文原名,
3,公交车,1854,DLT,1280,สุขุมวิท - วัดมหาวงษ์;Sukhumvit - Mahawong Temple,รถโดยสารในเขตปริมณฑล รถโดยสารในเขตปริมณฑล;Provincial Bus Provincial Bus,3,9400D3,สุขุมวิท - วัดมหาวงษ์,Sukhumvit - Mahawong Temple,,未提供中文；保留泰文/英文原名,
3,公交车,1855,DLT,1282,ตลาดปู่เจ้าสมิงพราย - ซอยไซโร;Pu Chao Saming Phrai Market - Soi Siro,รถโดยสารในเขตปริมณฑล รถโดยสารในเขตปริมณฑล;Provincial Bus Provincial Bus,3,9400D3,ตลาดปู่เจ้าสมิงพราย - ซอยไซโร,Pu Chao Saming Phrai Market - Soi Siro,,未提供中文；保留泰文/英文原名,
3,公交车,1856,DLT,1283,ปู่เจ้าสมิงพราย - ซอยบางหญ้าแพรก;Pu Chao Saming Phrai - Soi Bang Ya Phraek,รถโดยสารในเขตปริมณฑล รถโดยสารในเขตปริมณฑล;Provincial Bus Provincial Bus,3,9400D3,ปู่เจ้าสมิงพราย - ซอยบางหญ้าแพรก,Pu Chao Saming Phrai - Soi Bang Ya Phraek,,未提供中文；保留泰文/英文原名,
3,公交车,1857,DLT,1284,ปู่เจ้าสมิงพราย - วัดบางหัวเสือ;Pu Chao Saming Phrai - Bang Hua Suea,รถโดยสารในเขตปริมณฑล รถโดยสารในเขตปริมณฑล;Provincial Bus Provincial Bus,3,9400D3,ปู่เจ้าสมิงพราย - วัดบางหัวเสือ,Pu Chao Saming Phrai - Bang Hua Suea,,未提供中文；保留泰文/英文原名,
3,公交车,1858,DLT,1028,ตลองด่าน - บางพลีน้อย;Khlong Dan - Bang Phli Noi,รถโดยสารในเขตปริมณฑล รถโดยสารในเขตปริมณฑล;Provincial Bus Provincial Bus,3,9400D3,ตลองด่าน - บางพลีน้อย,Khlong Dan - Bang Phli Noi,,未提供中文；保留泰文/英文原名,
3,公交车,1859,DLT,1241,เคหะเมืองใหม่บางพลี - ปากทางแยกลาดกระบัง - เทพราช;Muangmai Bangplee Housing - Ladkrabang Intersection - Theppharat,รถโดยสารในเขตปริมณฑล รถโดยสารในเขตปริมณฑล;Provincial Bus Provincial Bus,3,9400D3,เคหะเมืองใหม่บางพลี - ปากทางแยกลาดกระบัง - เทพราช,Muangmai Bangplee Housing - Ladkrabang Intersection - Theppharat,,未提供中文；保留泰文/英文原名,
3,公交车,1860,DLT,1236,สุขุมวิท - โรงเรียนคลองกระทุ่ม;Sukhumvit - Klongkratumratutit School,รถโดยสารในเขตปริมณฑล รถโดยสารในเขตปริมณฑล;Provincial Bus Provincial Bus,3,9400D3,สุขุมวิท - โรงเรียนคลองกระทุ่ม,Sukhumvit - Klongkratumratutit School,,未提供中文；保留泰文/英文原名,
3,公交车,1861,DLT,1217,สุขุมวิท - โรงเรียนไพรีขยาด - บางพลี;Sukhumvit - Paireekayard School - Bang Phli,รถโดยสารในเขตปริมณฑล รถโดยสารในเขตปริมณฑล;Provincial Bus Provincial Bus,3,9400D3,สุขุมวิท - โรงเรียนไพรีขยาด - บางพลี,Sukhumvit - Paireekayard School - Bang Phli,,未提供中文；保留泰文/英文原名,
3,公交车,1862,DLT,1206,การเคหะเมืองใหม่บางพลี - โรงเรียนละมูลรอดศิริ;Muangmai Bangplee Housing - Lamoonrodsiri School,รถโดยสารในเขตปริมณฑล รถโดยสารในเขตปริมณฑล;Provincial Bus Provincial Bus,3,9400D3,การเคหะเมืองใหม่บางพลี - โรงเรียนละมูลรอดศิริ,Muangmai Bangplee Housing - Lamoonrodsiri School,,未提供中文；保留泰文/英文原名,
3,公交车,1863,DLT,1142,ช่วงอบต.บางโฉลง - การเคหะชุมชนบางพลี;Bangchalong Sub District Administration Organization - Bang Phli Community Housing,รถโดยสารในเขตปริมณฑล รถโดยสารในเขตปริมณฑล;Provincial Bus Provincial Bus,3,9400D3,ช่วงอบต.บางโฉลง - การเคหะชุมชนบางพลี,Bangchalong Sub District Administration Organization - Bang Phli Community Housing,,未提供中文；保留泰文/英文原名,
3,公交车,1864,DLT,1142,ช่วงอำเภอบางพลี - อบต.บางโฉลง - บ้านเอื้ออาทรบางโฉลง;Bang Phli District - Bangchalong Sub District Administration Organization - Bang Chalong Generous Village,รถโดยสารในเขตปริมณฑล รถโดยสารในเขตปริมณฑล;Provincial Bus Provincial Bus,3,9400D3,ช่วงอำเภอบางพลี - อบต.บางโฉลง - บ้านเอื้ออาทรบางโฉลง,Bang Phli District - Bangchalong Sub District Administration Organization - Bang Chalong Generous Village,,未提供中文；保留泰文/英文原名,
3,公交车,1865,DLT,1142,ช่วงสำโรง - ซอยธนะสิทธิ์ - บ้านคลองแปด;Samrong - Soi Thanasit - Baan Khlong Paet,รถโดยสารในเขตปริมณฑล รถโดยสารในเขตปริมณฑล;Provincial Bus Provincial Bus,3,9400D3,ช่วงสำโรง - ซอยธนะสิทธิ์ - บ้านคลองแปด,Samrong - Soi Thanasit - Baan Khlong Paet,,未提供中文；保留泰文/英文原名,
3,公交车,1866,DLT,1142,สำโรง - อบต.บางปลา - บ้านตาเจี่ย (ด้านสุขุมวิท);Samrong - Bang Pla Sub District Administration Organization - Baan Ta Chia,รถโดยสารในเขตปริมณฑล รถโดยสารในเขตปริมณฑล;Provincial Bus Provincial Bus,3,9400D3,สำโรง - อบต.บางปลา - บ้านตาเจี่ย (ด้านสุขุมวิท),Samrong - Bang Pla Sub District Administration Organization - Baan Ta Chia,,未提供中文；保留泰文/英文原名,
3,公交车,1867,DLT,1291,ท่าน้ำพระประแดง - ถนนเทศบาลสำโรงใต้ 21 (ซอยวัดบางหญ้าแพรก);Phra Pradaeng Pier - Thetsaban Samrong Tai 21,รถโดยสารในเขตปริมณฑล รถโดยสารในเขตปริมณฑล;Provincial Bus Provincial Bus,3,9400D3,ท่าน้ำพระประแดง - ถนนเทศบาลสำโรงใต้ 21 (ซอยวัดบางหญ้าแพรก),Phra Pradaeng Pier - Thetsaban Samrong Tai 21,,未提供中文；保留泰文/英文原名,
3,公交车,1868,DLT,6008,ช่วงปากน้ำ - ซอยเทศบาลบางปู 55 (ยัวซ่า) - ซอยเทศบาลบางปู 41 (บ่อดิน) (ด้านถนนแพรกษา);Pak Nam - Soi Bang Pu Municipality 55 - Soi Bang Pu Municipality 41,รถโดยสารในเขตปริมณฑล รถโดยสารในเขตปริมณฑล;Provincial Bus Provincial Bus,3,9400D3,ช่วงปากน้ำ - ซอยเทศบาลบางปู 55 (ยัวซ่า) - ซอยเทศบาลบางปู 41 (บ่อดิน) (ด้านถนนแพรกษา),Pak Nam - Soi Bang Pu Municipality 55 - Soi Bang Pu Municipality 41,,未提供中文；保留泰文/英文原名,
3,公交车,1869,DLT,6008,ช่วงสมุทรปราการ - ปากซอยแพรกษา 14;Samutprakan - Soi Phraek Sa 14,รถโดยสารในเขตปริมณฑล รถโดยสารในเขตปริมณฑล;Provincial Bus Provincial Bus,3,9400D3,ช่วงสมุทรปราการ - ปากซอยแพรกษา 14,Samutprakan - Soi Phraek Sa 14,,未提供中文；保留泰文/英文原名,
3,公交车,1870,DLT,6008,สมุทรปราการ - ตำหรุ - วัดคลองเก้า;Samutprakan - Tamru - Khlong Kao Temple,รถโดยสารในเขตปริมณฑล รถโดยสารในเขตปริมณฑล;Provincial Bus Provincial Bus,3,9400D3,สมุทรปราการ - ตำหรุ - วัดคลองเก้า,Samutprakan - Tamru - Khlong Kao Temple,,未提供中文；保留泰文/英文原名,
3,公交车,1871,DLT,1290,สาขลา (นาเกลือ) - ป้อมพระจุลจอมเกล้า;Sa Khla (Na Kuea) - Phra Chulachomklao Fort,รถโดยสารในเขตปริมณฑล รถโดยสารในเขตปริมณฑล;Provincial Bus Provincial Bus,3,9400D3,สาขลา (นาเกลือ) - ป้อมพระจุลจอมเกล้า,Sa Khla (Na Kuea) - Phra Chulachomklao Fort,,未提供中文；保留泰文/英文原名,
3,公交车,1872,DLT,1290,สาขลา (นาเกลือ) - ท่าเรือพระสมุทรเจดีย์;Sa Khla (Na Kuea) - Phra Samut Chedi Pier,รถโดยสารในเขตปริมณฑล รถโดยสารในเขตปริมณฑล;Provincial Bus Provincial Bus,3,9400D3,สาขลา (นาเกลือ) - ท่าเรือพระสมุทรเจดีย์,Sa Khla (Na Kuea) - Phra Samut Chedi Pier,,未提供中文；保留泰文/英文原名,
3,公交车,1873,DLT,1289,สุขสวัสดิ์ 76 - ซอยกลับเจริญ - สุขสวัสดิ์ 78;Suksawat 76 - Soi Krub Charoen - Suksawat 78,รถโดยสารในเขตปริมณฑล รถโดยสารในเขตปริมณฑล;Provincial Bus Provincial Bus,3,9400D3,สุขสวัสดิ์ 76 - ซอยกลับเจริญ - สุขสวัสดิ์ 78,Suksawat 76 - Soi Krub Charoen - Suksawat 78,,未提供中文；保留泰文/英文原名,
3,公交车,1874,DLT,1288,สุขสวัสดิ์ 74 - ถนนสุขาภิบาล 2;Suksawat 74 - Sukhaphiban 2 Road,รถโดยสารในเขตปริมณฑล รถโดยสารในเขตปริมณฑล;Provincial Bus Provincial Bus,3,9400D3,สุขสวัสดิ์ 74 - ถนนสุขาภิบาล 2,Suksawat 74 - Sukhaphiban 2 Road,,未提供中文；保留泰文/英文原名,
3,公交车,1875,DLT,1286,สมุทรปราการ - ห้างสรรพสินค้าเทสโก้โลตัสสุขสวัสดิ์;Samutprakan - Tesco Lotus Suksawat Department Store,รถโดยสารในเขตปริมณฑล รถโดยสารในเขตปริมณฑล;Provincial Bus Provincial Bus,3,9400D3,สมุทรปราการ - ห้างสรรพสินค้าเทสโก้โลตัสสุขสวัสดิ์,Samutprakan - Tesco Lotus Suksawat Department Store,,未提供中文；保留泰文/英文原名,
3,公交车,1876,DLT,1286,ช่วงท่าน้ำพระประแดง - โรงเรียนบางหัวเสือบุญแจ่มเนียมนิล (โรงเรียนเตรียมอุดมศึกษาน้อมเกล้;Phra Pradaeng Pier - Triamudomsuksanomkloao Samutprakan,รถโดยสารในเขตปริมณฑล รถโดยสารในเขตปริมณฑล;Provincial Bus Provincial Bus,3,9400D3,ช่วงท่าน้ำพระประแดง - โรงเรียนบางหัวเสือบุญแจ่มเนียมนิล (โรงเรียนเตรียมอุดมศึกษาน้อมเกล้,Phra Pradaeng Pier - Triamudomsuksanomkloao Samutprakan,,未提供中文；保留泰文/英文原名,
3,公交车,1877,DLT,1286,ช่วงท่าน้ำพระประแดง - วัดบางฝ้าย;Phra Pradaeng Pier - Bang Fai Temple,รถโดยสารในเขตปริมณฑล รถโดยสารในเขตปริมณฑล;Provincial Bus Provincial Bus,3,9400D3,ช่วงท่าน้ำพระประแดง - วัดบางฝ้าย,Phra Pradaeng Pier - Bang Fai Temple,,未提供中文；保留泰文/英文原名,
3,公交车,1878,DLT,1286,สมุทรปราการ - ท่าน้ำพระประแดง;Samutprakan - Phra Pradaeng Pier,รถโดยสารในเขตปริมณฑล รถโดยสารในเขตปริมณฑล;Provincial Bus Provincial Bus,3,9400D3,สมุทรปราการ - ท่าน้ำพระประแดง,Samutprakan - Phra Pradaeng Pier,,未提供中文；保留泰文/英文原名,
3,公交车,1879,DLT,1285,บางบ่อ (ด้านถนนบางนา - ตราด กม.27) - คลองด่าน;Bang Bo - Khlong Dan,รถโดยสารในเขตปริมณฑล รถโดยสารในเขตปริมณฑล;Provincial Bus Provincial Bus,3,9400D3,บางบ่อ (ด้านถนนบางนา - ตราด กม.27) - คลองด่าน,Bang Bo - Khlong Dan,,未提供中文；保留泰文/英文原名,
3,公交车,1880,DLT,1281,ช่วงสุขุมวิท - วัดโยธินประดิษฐ์;Sukhumvit - Yothin Pradit Temple,รถโดยสารในเขตปริมณฑล รถโดยสารในเขตปริมณฑล;Provincial Bus Provincial Bus,3,9400D3,ช่วงสุขุมวิท - วัดโยธินประดิษฐ์,Sukhumvit - Yothin Pradit Temple,,未提供中文；保留泰文/英文原名,
3,公交车,1881,DLT,1281,ช่วงสุขุมวิท - ซอยสุขาภิบาล 1;Sukhumvit - Sukhaphiban 1,รถโดยสารในเขตปริมณฑล รถโดยสารในเขตปริมณฑล;Provincial Bus Provincial Bus,3,9400D3,ช่วงสุขุมวิท - ซอยสุขาภิบาล 1,Sukhumvit - Sukhaphiban 1,,未提供中文；保留泰文/英文原名,
3,公交车,1882,DLT,1281,สุขุมวิท - ซอยวัดมหาวงษ์;Sukhumvit - Soi Mahawong Temple,รถโดยสารในเขตปริมณฑล รถโดยสารในเขตปริมณฑล;Provincial Bus Provincial Bus,3,9400D3,สุขุมวิท - ซอยวัดมหาวงษ์,Sukhumvit - Soi Mahawong Temple,,未提供中文；保留泰文/英文原名,
3,公交车,1883,DLT,1275,ปากน้ำ - มหาวิทยาลัยราชภัฎธนบุรี วิทยาเขตสมุทรปราการ;Pak Nam - Dhonburi Rajabhat University Samutprakan Campus,รถโดยสารในเขตปริมณฑล รถโดยสารในเขตปริมณฑล;Provincial Bus Provincial Bus,3,9400D3,ปากน้ำ - มหาวิทยาลัยราชภัฎธนบุรี วิทยาเขตสมุทรปราการ,Pak Nam - Dhonburi Rajabhat University Samutprakan Campus,,未提供中文；保留泰文/英文原名,
3,公交车,1884,DLT,1275,ช่วงปากน้ำ - หมู่บ้านพฤกษา 15;Pak Nam - Khlong Kao - Prueksa 15 Village,รถโดยสารในเขตปริมณฑล รถโดยสารในเขตปริมณฑล;Provincial Bus Provincial Bus,3,9400D3,ช่วงปากน้ำ - หมู่บ้านพฤกษา 15,Pak Nam - Khlong Kao - Prueksa 15 Village,,未提供中文；保留泰文/英文原名,
3,公交车,1885,DLT,1275,ปากน้ำ - คลองเก้า - บางพลี;Pak Nam - Khlong Kao - Bang Phli,รถโดยสารในเขตปริมณฑล รถโดยสารในเขตปริมณฑล;Provincial Bus Provincial Bus,3,9400D3,ปากน้ำ - คลองเก้า - บางพลี,Pak Nam - Khlong Kao - Bang Phli,,未提供中文；保留泰文/英文原名,
3,公交车,1886,DLT,1267,ซอยวัดแหลมฟ้าผ่า - ท่าเรือสมุทรเจดีย์;Soi Laem Fa Pha Temple - Phra Samut Chedi Pier,รถโดยสารในเขตปริมณฑล รถโดยสารในเขตปริมณฑล;Provincial Bus Provincial Bus,3,9400D3,ซอยวัดแหลมฟ้าผ่า - ท่าเรือสมุทรเจดีย์,Soi Laem Fa Pha Temple - Phra Samut Chedi Pier,,未提供中文；保留泰文/英文原名,
3,公交车,1887,DLT,1169,สมุทรสาคร - บางโทรัด;Samut Sakhon - Bang Tho Rat,รถโดยสารในเขตปริมณฑล รถโดยสารในเขตปริมณฑล;Provincial Bus Provincial Bus,3,9400D3,สมุทรสาคร - บางโทรัด,Samut Sakhon - Bang Tho Rat,,未提供中文；保留泰文/英文原名,
3,公交车,1888,DLT,1,สถานีขนส่งผู้โดยสารจังหวัดสมุทรสาคร - บางปลา - สามแยกพัฒนา;Samut Sakhon Bus Terminal - Bang Pla - Phatthana Intersection,รถโดยสารในเขตปริมณฑล รถโดยสารในเขตปริมณฑล;Provincial Bus Provincial Bus,3,BA1CFD,สถานีขนส่งผู้โดยสารจังหวัดสมุทรสาคร - บางปลา - สามแยกพัฒนา,Samut Sakhon Bus Terminal - Bang Pla - Phatthana Intersection,,未提供中文；保留泰文/英文原名,
3,公交车,1889,DLT,1,ช่วงสถานีขนส่งผู้โดยสารจังหวัดสมุทรสาคร - บางปิ้ง;Samut Sakhon Bus Terminal - Bang Ping,รถโดยสารในเขตปริมณฑล รถโดยสารในเขตปริมณฑล;Provincial Bus Provincial Bus,3,9400D3,ช่วงสถานีขนส่งผู้โดยสารจังหวัดสมุทรสาคร - บางปิ้ง,Samut Sakhon Bus Terminal - Bang Ping,,未提供中文；保留泰文/英文原名,
3,公交车,1890,DLT,2,สถานีขนส่งผู้โดยสารจังหวัดสมุทรสาคร - วัดบ้านขอม;Samut Sakhon Bus Terminal - Baan Khom Temple,รถโดยสารในเขตปริมณฑล รถโดยสารในเขตปริมณฑล;Provincial Bus Provincial Bus,3,9400D3,สถานีขนส่งผู้โดยสารจังหวัดสมุทรสาคร - วัดบ้านขอม,Samut Sakhon Bus Terminal - Baan Khom Temple,,未提供中文；保留泰文/英文原名,
3,公交车,1891,DLT,6011,โรงพยาบาลกระทุ่มแบน - โรงพยาบาลศรีวิชัย 3;Krathumbean Hospital - Srivichai 3 Hospital,รถโดยสารในเขตปริมณฑล รถโดยสารในเขตปริมณฑล;Provincial Bus Provincial Bus,3,9400D3,โรงพยาบาลกระทุ่มแบน - โรงพยาบาลศรีวิชัย 3,Krathumbean Hospital - Srivichai 3 Hospital,,未提供中文；保留泰文/英文原名,
3,公交车,1892,DLT,6011,ช่วงโรงพยาบาลกระทุ่มแบน - บ้านเตาอิฐ;Krathumbean Hospital - Baan Tao It,รถโดยสารในเขตปริมณฑล รถโดยสารในเขตปริมณฑล;Provincial Bus Provincial Bus,3,9400D3,ช่วงโรงพยาบาลกระทุ่มแบน - บ้านเตาอิฐ,Krathumbean Hospital - Baan Tao It,,未提供中文；保留泰文/英文原名,
3,公交车,1893,DLT,6011,ช่วงโรงพยาบาลกระทุ่มแบน - ค่ายกำแพงเพชรอัครโยธิน;Krathumbean Hospital - Kamphaengphet Akhara Yothin Military Camp,รถโดยสารในเขตปริมณฑล รถโดยสารในเขตปริมณฑล;Provincial Bus Provincial Bus,3,9400D3,ช่วงโรงพยาบาลกระทุ่มแบน - ค่ายกำแพงเพชรอัครโยธิน,Krathumbean Hospital - Kamphaengphet Akhara Yothin Military Camp,,未提供中文；保留泰文/英文原名,
3,公交车,1894,DLT,6013,สมุทรสาคร - บ้านหัวโพง;Samut Sakhon - Baan Huaphong,รถโดยสารในเขตปริมณฑล รถโดยสารในเขตปริมณฑล;Provincial Bus Provincial Bus,3,9400D3,สมุทรสาคร - บ้านหัวโพง,Samut Sakhon - Baan Huaphong,,未提供中文；保留泰文/英文原名,
3,公交车,1895,DLT,6016,บ้านแพ้ว - วัดประสาทสิทธิ์;Baan Phaeo - Prasat Sit Temple,รถโดยสารในเขตปริมณฑล รถโดยสารในเขตปริมณฑล;Provincial Bus Provincial Bus,3,9400D3,บ้านแพ้ว - วัดประสาทสิทธิ์,Baan Phaeo - Prasat Sit Temple,,未提供中文；保留泰文/英文原名,
3,公交车,1896,DLT,6017,บ้านแพ้ว - วัดหนองสองห้อง;Baan Phaeo - Nong Song Hong Temple,รถโดยสารในเขตปริมณฑล รถโดยสารในเขตปริมณฑล;Provincial Bus Provincial Bus,3,9400D3,บ้านแพ้ว - วัดหนองสองห้อง,Baan Phaeo - Nong Song Hong Temple,,未提供中文；保留泰文/英文原名,
3,公交车,1897,DLT,6026,สมุทรสาคร - วัดเจ็ดริ้ว;Samut Sakhon - Chet Riu Temple,รถโดยสารในเขตปริมณฑล รถโดยสารในเขตปริมณฑล;Provincial Bus Provincial Bus,3,9400D3,สมุทรสาคร - วัดเจ็ดริ้ว,Samut Sakhon - Chet Riu Temple,,未提供中文；保留泰文/英文原名,
3,公交车,1898,DLT,6027,ปากทางสาย 4 (ถนนเพชรเกษม) - วัดหนองแขม;Sai 4 (Phetkasem Road) - Nongkhaem Temple,รถโดยสารในเขตปริมณฑล รถโดยสารในเขตปริมณฑล;Provincial Bus Provincial Bus,3,9400D3,ปากทางสาย 4 (ถนนเพชรเกษม) - วัดหนองแขม,Sai 4 (Phetkasem Road) - Nongkhaem Temple,,未提供中文；保留泰文/英文原名,
3,公交车,1899,DLT,6033,วงกลมกระทุมแบน - ปากทางสาย 4 (ถนนเพชรเกษม) (วนซ้าย);Krathum Baen - Sai 4 (Phetkasem Road),รถโดยสารในเขตปริมณฑล รถโดยสารในเขตปริมณฑล;Provincial Bus Provincial Bus,3,9400D3,วงกลมกระทุมแบน - ปากทางสาย 4 (ถนนเพชรเกษม) (วนซ้าย),Krathum Baen - Sai 4 (Phetkasem Road),,未提供中文；保留泰文/英文原名,
3,公交车,1900,DLT,6033,วงกลมกระทุมแบน - ปากทางสาย 4 (ถนนเพชรเกษม) (วนขวา);Krathum Baen - Sai 4 (Phetkasem Road),รถโดยสารในเขตปริมณฑล รถโดยสารในเขตปริมณฑล;Provincial Bus Provincial Bus,3,9400D3,วงกลมกระทุมแบน - ปากทางสาย 4 (ถนนเพชรเกษม) (วนขวา),Krathum Baen - Sai 4 (Phetkasem Road),,未提供中文；保留泰文/英文原名,
3,公交车,1901,DLT,6034,สมุทรสาคร - กระทุ่มแบน;Samut Sakhon - Krathum Baen,รถโดยสารในเขตปริมณฑล รถโดยสารในเขตปริมณฑล;Provincial Bus Provincial Bus,3,9400D3,สมุทรสาคร - กระทุ่มแบน,Samut Sakhon - Krathum Baen,,未提供中文；保留泰文/英文原名,
3,公交车,1902,DLT,6035,สมุทรสาคร - หมู่บ้านสินสมบูรณ์;Samut Sakhon - Sin Somboon Village,รถโดยสารในเขตปริมณฑล รถโดยสารในเขตปริมณฑล;Provincial Bus Provincial Bus,3,9400D3,สมุทรสาคร - หมู่บ้านสินสมบูรณ์,Samut Sakhon - Sin Somboon Village,,未提供中文；保留泰文/英文原名,
3,公交车,1903,DLT,6055,กระทุ่มแบน - ท่าเรืออ่างทอง;Krathum Baen - Ang Thong Pier,รถโดยสารในเขตปริมณฑล รถโดยสารในเขตปริมณฑล;Provincial Bus Provincial Bus,3,9400D3,กระทุ่มแบน - ท่าเรืออ่างทอง,Krathum Baen - Ang Thong Pier,,未提供中文；保留泰文/英文原名,
3,公交车,1904,DLT,6055,ช่วงกระทุ่มแบน - วัดท่าเสา;Krathum Baen - Tha Sao Temple,รถโดยสารในเขตปริมณฑล รถโดยสารในเขตปริมณฑล;Provincial Bus Provincial Bus,3,9400D3,ช่วงกระทุ่มแบน - วัดท่าเสา,Krathum Baen - Tha Sao Temple,,未提供中文；保留泰文/英文原名,
3,公交车,1905,DLT,6055,ช่วงกระทุ่มแบน - วัดอ่างทอง;Krathum Baen - Ang Thong Temple,รถโดยสารในเขตปริมณฑล รถโดยสารในเขตปริมณฑล;Provincial Bus Provincial Bus,3,9400D3,ช่วงกระทุ่มแบน - วัดอ่างทอง,Krathum Baen - Ang Thong Temple,,未提供中文；保留泰文/英文原名,
3,公交车,1906,DLT,6060,กระทุ่มแบน - ประตูน้ำบางยาง;Krathum Baen - Pratunam Bang Yang,รถโดยสารในเขตปริมณฑล รถโดยสารในเขตปริมณฑล;Provincial Bus Provincial Bus,3,9400D3,กระทุ่มแบน - ประตูน้ำบางยาง,Krathum Baen - Pratunam Bang Yang,,未提供中文；保留泰文/英文原名,
3,公交车,1907,DLT,6074,สถานีขนส่งผู้โดยสารสมุทรสาคร - โรงเรียนฐานเทคโนโลยี;Samut Sakhon Bus Terminal - Tharn Technological College,รถโดยสารในเขตปริมณฑล รถโดยสารในเขตปริมณฑล;Provincial Bus Provincial Bus,3,9400D3,สถานีขนส่งผู้โดยสารสมุทรสาคร - โรงเรียนฐานเทคโนโลยี,Samut Sakhon Bus Terminal - Tharn Technological College,,未提供中文；保留泰文/英文原名,
3,公交车,1908,DLT,6074,โรงเรียนฐานเทคโนโลยี - สถานีขนส่งผู้โดยสารสมุทรสาคร;Tharn Technological College - Samut Sakhon Bus Terminal,รถโดยสารในเขตปริมณฑล รถโดยสารในเขตปริมณฑล;Provincial Bus Provincial Bus,3,9400D3,โรงเรียนฐานเทคโนโลยี - สถานีขนส่งผู้โดยสารสมุทรสาคร,Tharn Technological College - Samut Sakhon Bus Terminal,,未提供中文；保留泰文/英文原名,
3,公交车,1909,DLT,6108,"กระทุ่มแบน - โรงงานสุรากระทิงแดง;Krathum Baen - The Red Bull Liquor Trading (1988) Co.,Ltd.",รถโดยสารในเขตปริมณฑล รถโดยสารในเขตปริมณฑล;Provincial Bus Provincial Bus,3,9400D3,กระทุ่มแบน - โรงงานสุรากระทิงแดง,"Krathum Baen - The Red Bull Liquor Trading (1988) Co.,Ltd.",,未提供中文；保留泰文/英文原名,
3,公交车,1910,DLT,6109,สมุทรสาคร - สามแยกวัดบางปลา;Samut Sakhon - Bang Pla Temple Intersection,รถโดยสารในเขตปริมณฑล รถโดยสารในเขตปริมณฑล;Provincial Bus Provincial Bus,3,9400D3,สมุทรสาคร - สามแยกวัดบางปลา,Samut Sakhon - Bang Pla Temple Intersection,,未提供中文；保留泰文/英文原名,
3,公交车,1911,DLT,6,วงกลมสมุทรสาคร - คลองบางหญ้า (วนซ้าย);Samut Sakhon - Khlong Bang Ya,รถโดยสารในเขตปริมณฑล รถโดยสารในเขตปริมณฑล;Provincial Bus Provincial Bus,3,9400D3,วงกลมสมุทรสาคร - คลองบางหญ้า (วนซ้าย),Samut Sakhon - Khlong Bang Ya,,未提供中文；保留泰文/英文原名,
3,公交车,1912,DLT,7,วงกลมเคหะชุมชนมหาชัย - ตลาดทะเลไทย;Mahachai Community Housing - Talaythai Market,รถโดยสารในเขตปริมณฑล รถโดยสารในเขตปริมณฑล;Provincial Bus Provincial Bus,3,9400D3,วงกลมเคหะชุมชนมหาชัย - ตลาดทะเลไทย,Mahachai Community Housing - Talaythai Market,,未提供中文；保留泰文/英文原名,
3,公交车,1913,DLT,8179,สมุทรสาคร - บ้านแพ้ว;Samut Sakhon - Baan Phaeo,รถโดยสารในเขตปริมณฑล รถโดยสารในเขตปริมณฑล;Provincial Bus Provincial Bus,3,9400D3,สมุทรสาคร - บ้านแพ้ว,Samut Sakhon - Baan Phaeo,,未提供中文；保留泰文/英文原名,
3,公交车,1914,DLT,8183,สมุทรสาคร - ตลาดปิ่นทอง;Samut Sakhon - Pin Thong Market,รถโดยสารในเขตปริมณฑล รถโดยสารในเขตปริมณฑล;Provincial Bus Provincial Bus,3,9400D3,สมุทรสาคร - ตลาดปิ่นทอง,Samut Sakhon - Pin Thong Market,,未提供中文；保留泰文/英文原名,
3,公交车,1915,DLT,8185,สมุทรสาคร - วัดสุวรรณรัตนาราม;Samut Sakhon - Wat Suwan Rattanaram,รถโดยสารในเขตปริมณฑล รถโดยสารในเขตปริมณฑล;Provincial Bus Provincial Bus,3,9400D3,สมุทรสาคร - วัดสุวรรณรัตนาราม,Samut Sakhon - Wat Suwan Rattanaram,,未提供中文；保留泰文/英文原名,
3,公交车,1916,DLT,8188,สมุทรสาคร - หลักสี่;Samut Sakhon - Lak Si,รถโดยสารในเขตปริมณฑล รถโดยสารในเขตปริมณฑล;Provincial Bus Provincial Bus,3,9400D3,สมุทรสาคร - หลักสี่,Samut Sakhon - Lak Si,,未提供中文；保留泰文/英文原名,
3,公交车,1917,DLT,8188,สมุทรสาคร - วัดบางน้ำวน;Samut Sakhon - Bang Nam Won Temple,รถโดยสารในเขตปริมณฑล รถโดยสารในเขตปริมณฑล;Provincial Bus Provincial Bus,3,9400D3,สมุทรสาคร - วัดบางน้ำวน,Samut Sakhon - Bang Nam Won Temple,,未提供中文；保留泰文/英文原名,
3,公交车,1918,DLT,8188,สมุทรสาคร - วัดบางพลีใหญ่;Samut Sakhon - Bang Phli Yai Temple,รถโดยสารในเขตปริมณฑล รถโดยสารในเขตปริมณฑล;Provincial Bus Provincial Bus,3,9400D3,สมุทรสาคร - วัดบางพลีใหญ่,Samut Sakhon - Bang Phli Yai Temple,,未提供中文；保留泰文/英文原名,
3,公交车,1919,DLT,8221,สมุทรสาคร - วัดปัจจันตาราม;Samut Sakhon - Wat Patchantaram,รถโดยสารในเขตปริมณฑล รถโดยสารในเขตปริมณฑล;Provincial Bus Provincial Bus,3,9400d3,สมุทรสาคร - วัดปัจจันตาราม,Samut Sakhon - Wat Patchantaram,,未提供中文；保留泰文/英文原名,
3,公交车,1920,DLT,8221,สมุทรสาคร - วัดนาโคก;Samut Sakhon - Na Khok Temple,รถโดยสารในเขตปริมณฑล รถโดยสารในเขตปริมณฑล;Provincial Bus Provincial Bus,3,9400D3,สมุทรสาคร - วัดนาโคก,Samut Sakhon - Na Khok Temple,,未提供中文；保留泰文/英文原名,
3,公交车,1921,DLT,8221,สมุทรสาคร - บ้านชายทะเลโรงกุ้ง;Samut Sakhon - Baan Chai Thale Rong Gung,รถโดยสารในเขตปริมณฑล รถโดยสารในเขตปริมณฑล;Provincial Bus Provincial Bus,3,9400D3,สมุทรสาคร - บ้านชายทะเลโรงกุ้ง,Samut Sakhon - Baan Chai Thale Rong Gung,,未提供中文；保留泰文/英文原名,
3,公交车,1922,DLT,8221,สมุทรสาคร - บ้านชายทะเลกาหลง;Samut Sakhon - Baan Chai Thale Ka Long,รถโดยสารในเขตปริมณฑล รถโดยสารในเขตปริมณฑล;Provincial Bus Provincial Bus,3,9400D3,สมุทรสาคร - บ้านชายทะเลกาหลง,Samut Sakhon - Baan Chai Thale Ka Long,,未提供中文；保留泰文/英文原名,
3,公交车,1923,DLT,8222,สมุทรสาคร - ประตูน้ำบางยาง - บ้านเกษตรพัฒนา;Samut Sakhon - Pratunam Bang Yang - Baan Kaset Phatthana,รถโดยสารในเขตปริมณฑล รถโดยสารในเขตปริมณฑล;Provincial Bus Provincial Bus,3,9400D3,สมุทรสาคร - ประตูน้ำบางยาง - บ้านเกษตรพัฒนา,Samut Sakhon - Pratunam Bang Yang - Baan Kaset Phatthana,,未提供中文；保留泰文/英文原名,
3,公交车,1924,DLT,8233,สมุทรสาคร - บ้านบ่อ;Samut Sakhon - Baan Bo,รถโดยสารในเขตปริมณฑล รถโดยสารในเขตปริมณฑล;Provincial Bus Provincial Bus,3,9400D3,สมุทรสาคร - บ้านบ่อ,Samut Sakhon - Baan Bo,,未提供中文；保留泰文/英文原名,
3,公交车,1925,DLT,8246,สมุทรสาคร - วัดกระซ้าขาว;Samut Sakhon - krasakhaow Temple,รถโดยสารในเขตปริมณฑล รถโดยสารในเขตปริมณฑล;Provincial Bus Provincial Bus,3,9400D3,สมุทรสาคร - วัดกระซ้าขาว,Samut Sakhon - krasakhaow Temple,,未提供中文；保留泰文/英文原名,
3,公交车,1926,DLT,8250,สมุทรสาคร - ดอนไก่ดี;Samut Sakhon - Don Kai Di,รถโดยสารในเขตปริมณฑล รถโดยสารในเขตปริมณฑล;Provincial Bus Provincial Bus,3,9400D3,สมุทรสาคร - ดอนไก่ดี,Samut Sakhon - Don Kai Di,,未提供中文；保留泰文/英文原名,
3,公交车,1927,DLT,8250,ช่วงสมุทรสาคร - วัดพันธุวงษ์;Samut Sakhon - Phanthu Wong Temple,รถโดยสารในเขตปริมณฑล รถโดยสารในเขตปริมณฑล;Provincial Bus Provincial Bus,3,9400D3,ช่วงสมุทรสาคร - วัดพันธุวงษ์,Samut Sakhon - Phanthu Wong Temple,,未提供中文；保留泰文/英文原名,
3,公交车,1928,DLT,8250,ช่วงสมุทรสาคร - คลองสี่วา (เนรมิตแฟกทอรี่เฮ้าส์);Samut Sakhon - Khlong Si Wa,รถโดยสารในเขตปริมณฑล รถโดยสารในเขตปริมณฑล;Provincial Bus Provincial Bus,3,9400D3,ช่วงสมุทรสาคร - คลองสี่วา (เนรมิตแฟกทอรี่เฮ้าส์),Samut Sakhon - Khlong Si Wa,,未提供中文；保留泰文/英文原名,
3,公交车,1929,DLT,8250,ช่วงสมุทรสาคร - วัดทองธรรมมิการาม;Samut Sakhon - Thong Thammamikaram Temple,รถโดยสารในเขตปริมณฑล รถโดยสารในเขตปริมณฑล;Provincial Bus Provincial Bus,3,9400D3,ช่วงสมุทรสาคร - วัดทองธรรมมิการาม,Samut Sakhon - Thong Thammamikaram Temple,,未提供中文；保留泰文/英文原名,
3,公交车,1930,DLT,8250,ช่วงสมุทรสาคร - หมู่ 4 (ต.นาดี);Samut Sakhon - Moo 4 (Na Di Sub-district),รถโดยสารในเขตปริมณฑล รถโดยสารในเขตปริมณฑล;Provincial Bus Provincial Bus,3,9400D3,ช่วงสมุทรสาคร - หมู่ 4 (ต.นาดี),Samut Sakhon - Moo 4 (Na Di Sub-district),,未提供中文；保留泰文/英文原名,
3,公交车,1931,DLT,8257,สมุทรสาคร - วัดหนองสองห้อง;Samut Sakhon - Nong Song Hong Temple,รถโดยสารในเขตปริมณฑล รถโดยสารในเขตปริมณฑล;Provincial Bus Provincial Bus,3,9400D3,สมุทรสาคร - วัดหนองสองห้อง,Samut Sakhon - Nong Song Hong Temple,,未提供中文；保留泰文/英文原名,
3,公交车,1932,DLT,8275,กระทุ่มแบน - หนองแขม;Krathum Baen - Nongkhaem,รถโดยสารในเขตปริมณฑล รถโดยสารในเขตปริมณฑล;Provincial Bus Provincial Bus,3,9400D3,กระทุ่มแบน - หนองแขม,Krathum Baen - Nongkhaem,,未提供中文；保留泰文/英文原名,
3,公交车,1933,DLT,8276,สมุทรสาคร - นิคมสหกรณ์บ้านไร่;Samut Sakhon - Baan Rai Cooperative Estate,รถโดยสารในเขตปริมณฑล รถโดยสารในเขตปริมณฑล;Provincial Bus Provincial Bus,3,9400D3,สมุทรสาคร - นิคมสหกรณ์บ้านไร่,Samut Sakhon - Baan Rai Cooperative Estate,,未提供中文；保留泰文/英文原名,
3,公交车,1934,DLT,8276,สมุทรสาคร - วัดศาลพันท้ายนรสิงห์;Samut Sakhon - Phanthai Norasing Temple,รถโดยสารในเขตปริมณฑล รถโดยสารในเขตปริมณฑล;Provincial Bus Provincial Bus,3,9400D3,สมุทรสาคร - วัดศาลพันท้ายนรสิงห์,Samut Sakhon - Phanthai Norasing Temple,,未提供中文；保留泰文/英文原名,
3,公交车,1935,DLT,8277,กระทุ่มแบน - บ้านแพ้ว;Krathum Baen - Baan Phaeo,รถโดยสารในเขตปริมณฑล รถโดยสารในเขตปริมณฑล;Provincial Bus Provincial Bus,3,9400D3,กระทุ่มแบน - บ้านแพ้ว,Krathum Baen - Baan Phaeo,,未提供中文；保留泰文/英文原名,
3,公交车,1936,DLT,8281,สมุทรสาคร - ชัยมงคล;Samut Sakhon - Chai mongkhon,รถโดยสารในเขตปริมณฑล รถโดยสารในเขตปริมณฑล;Provincial Bus Provincial Bus,3,9400D3,สมุทรสาคร - ชัยมงคล,Samut Sakhon - Chai mongkhon,,未提供中文；保留泰文/英文原名,
3,公交车,1937,DLT,8287,กระทุ่มแบน - สวนหลวง - หมู่บ้านหรรษา (อ้อมน้อย);Krathum Baen - Suan Luang - Hansa Village (Om Noi),รถโดยสารในเขตปริมณฑล รถโดยสารในเขตปริมณฑล;Provincial Bus Provincial Bus,3,9400D3,กระทุ่มแบน - สวนหลวง - หมู่บ้านหรรษา (อ้อมน้อย),Krathum Baen - Suan Luang - Hansa Village (Om Noi),,未提供中文；保留泰文/英文原名,
3,公交车,1938,DLT,8287,ช่วงกระทุ่มแบน - สวนหลวง ปากทางสาย 4 (เพชรเกษม);Krathum Baen - Suan Luang,รถโดยสารในเขตปริมณฑล รถโดยสารในเขตปริมณฑล;Provincial Bus Provincial Bus,3,9400D3,ช่วงกระทุ่มแบน - สวนหลวง ปากทางสาย 4 (เพชรเกษม),Krathum Baen - Suan Luang,,未提供中文；保留泰文/英文原名,
3,公交车,1939,DLT,8288,โรงพยาบาลกระทุ่มแบน - สุขาภิบาล 1;Krathumbean Hospital - Sukhaphiban 1,รถโดยสารในเขตปริมณฑล รถโดยสารในเขตปริมณฑล;Provincial Bus Provincial Bus,3,9400D3,โรงพยาบาลกระทุ่มแบน - สุขาภิบาล 1,Krathumbean Hospital - Sukhaphiban 1,,未提供中文；保留泰文/英文原名,
3,公交车,1940,DLT,8288,ช่วงโรงพยาบาลกระทุ่มแบน - วัดสิรินธรเทพรัตนาราม;Krathumbean Hospital - Sirindhornteprattanaram Temple,รถโดยสารในเขตปริมณฑล รถโดยสารในเขตปริมณฑล;Provincial Bus Provincial Bus,3,9400D3,ช่วงโรงพยาบาลกระทุ่มแบน - วัดสิรินธรเทพรัตนาราม,Krathumbean Hospital - Sirindhornteprattanaram Temple,,未提供中文；保留泰文/英文原名,
3,公交车,1941,DLT,8295,กระทุ่มแบน - สมุทรสาคร;Krathum Baen - Samut Sakhon,รถโดยสารในเขตปริมณฑล รถโดยสารในเขตปริมณฑล;Provincial Bus Provincial Bus,3,9400D3,กระทุ่มแบน - สมุทรสาคร,Krathum Baen - Samut Sakhon,,未提供中文；保留泰文/英文原名,
3,公交车,1942,DLT,8295,ช่วงกระทุ่มแบน - มหาชัยเมืองใหม่;Krathum Baen - Mahachai Muang Mai,รถโดยสารในเขตปริมณฑล รถโดยสารในเขตปริมณฑล;Provincial Bus Provincial Bus,3,9400D3,ช่วงกระทุ่มแบน - มหาชัยเมืองใหม่,Krathum Baen - Mahachai Muang Mai,,未提供中文；保留泰文/英文原名,
3,公交车,1943,DLT,8325,สมุทรสาคร - บ้านโกรกกรากใน;Samut Sakhon - Ban krok krak Nai,รถโดยสารในเขตปริมณฑล รถโดยสารในเขตปริมณฑล;Provincial Bus Provincial Bus,3,9400D3,สมุทรสาคร - บ้านโกรกกรากใน,Samut Sakhon - Ban krok krak Nai,,未提供中文；保留泰文/英文原名,
3,公交车,1944,DLT,8327,สมุทรสาคร - แคราย - โรงเรียนบ้านบางน้ำจืด;Samut Sakhon - Khae Rai - Ban Bang Namjued School,รถโดยสารในเขตปริมณฑล รถโดยสารในเขตปริมณฑล;Provincial Bus Provincial Bus,3,9400D3,สมุทรสาคร - แคราย - โรงเรียนบ้านบางน้ำจืด,Samut Sakhon - Khae Rai - Ban Bang Namjued School,,未提供中文；保留泰文/英文原名,
3,公交车,1945,DLT,8327,ช่วงสมุทรสาคร - คลองสี่วา (เนรมิตแฟกทอรี่เฮ้าส์);Samut Sakhon - Khlong Si Wa,รถโดยสารในเขตปริมณฑล รถโดยสารในเขตปริมณฑล;Provincial Bus Provincial Bus,3,9400D3,ช่วงสมุทรสาคร - คลองสี่วา (เนรมิตแฟกทอรี่เฮ้าส์),Samut Sakhon - Khlong Si Wa,,未提供中文；保留泰文/英文原名,
3,公交车,1946,DLT,8342,กระทุ่มแบน - เกษตรพัฒนา;Krathum Baen - Kaset Phatthana,รถโดยสารในเขตปริมณฑล รถโดยสารในเขตปริมณฑล;Provincial Bus Provincial Bus,3,9400D3,กระทุ่มแบน - เกษตรพัฒนา,Krathum Baen - Kaset Phatthana,,未提供中文；保留泰文/英文原名,
3,公交车,1947,DLT,8343,วงกลมโรงพยาบาลกระทุ่มแบน - วัดใหม่คลองมะเดื่อ (วนขวา);Krathumbean Hospital - Mai Khlong Maduea Temple,รถโดยสารในเขตปริมณฑล รถโดยสารในเขตปริมณฑล;Provincial Bus Provincial Bus,3,9400D3,วงกลมโรงพยาบาลกระทุ่มแบน - วัดใหม่คลองมะเดื่อ (วนขวา),Krathumbean Hospital - Mai Khlong Maduea Temple,,未提供中文；保留泰文/英文原名,
3,公交车,1948,DLT,8343,วงกลมโรงพยาบาลกระทุ่มแบน - วัดใหม่คลองมะเดื่อ (วนซ้าย);Krathumbean Hospital - Mai Khlong Maduea Temple,รถโดยสารในเขตปริมณฑล รถโดยสารในเขตปริมณฑล;Provincial Bus Provincial Bus,3,9400D3,วงกลมโรงพยาบาลกระทุ่มแบน - วัดใหม่คลองมะเดื่อ (วนซ้าย),Krathumbean Hospital - Mai Khlong Maduea Temple,,未提供中文；保留泰文/英文原名,
3,公交车,1949,DLT,8375,กระทุ่มแบน - บ้านสวนหลวง - วัดหนองแขม;Krathum Baen - Baan Suan luang - Nongkhaem Temple,รถโดยสารในเขตปริมณฑล รถโดยสารในเขตปริมณฑล;Provincial Bus Provincial Bus,3,9400D3,กระทุ่มแบน - บ้านสวนหลวง - วัดหนองแขม,Krathum Baen - Baan Suan luang - Nongkhaem Temple,,未提供中文；保留泰文/英文原名,
3,公交车,1950,DLT,8376,บ้านแพ้ว - วัดศรีเพชรพัฒนา;Ban Phaeo - Si Phet Phatthana Templea,รถโดยสารในเขตปริมณฑล รถโดยสารในเขตปริมณฑล;Provincial Bus Provincial Bus,3,9400D3,บ้านแพ้ว - วัดศรีเพชรพัฒนา,Ban Phaeo - Si Phet Phatthana Templea,,未提供中文；保留泰文/英文原名,
3,公交车,1951,DLT,8387,สมุทรสาคร - บางกระเจ้า;Samut Sakhon - Bang Krachao,รถโดยสารในเขตปริมณฑล รถโดยสารในเขตปริมณฑล;Provincial Bus Provincial Bus,3,9400D3,สมุทรสาคร - บางกระเจ้า,Samut Sakhon - Bang Krachao,,未提供中文；保留泰文/英文原名,
3,公交车,1952,DLT,8388,สมุทรสาคร - วัดยกกระบัตร;Samut Sakhon - Yok krabat Temple,รถโดยสารในเขตปริมณฑล รถโดยสารในเขตปริมณฑล;Provincial Bus Provincial Bus,3,9400D3,สมุทรสาคร - วัดยกกระบัตร,Samut Sakhon - Yok krabat Temple,,未提供中文；保留泰文/英文原名,
3,公交车,1953,DLT,8388,ช่วงสมุทรสาคร - วัดคลองซื่อ;Samut Sakhon - klong sue Temple,รถโดยสารในเขตปริมณฑล รถโดยสารในเขตปริมณฑล;Provincial Bus Provincial Bus,3,9400D3,ช่วงสมุทรสาคร - วัดคลองซื่อ,Samut Sakhon - klong sue Temple,,未提供中文；保留泰文/英文原名,
3,公交车,1954,DLT,8389,วงกลมกระทุ่มแบน - วัดหนองนกไข่ (วนซ้าย);Krathum Baen - Nong Nok Khai Temple,รถโดยสารในเขตปริมณฑล รถโดยสารในเขตปริมณฑล;Provincial Bus Provincial Bus,3,9400D3,วงกลมกระทุ่มแบน - วัดหนองนกไข่ (วนซ้าย),Krathum Baen - Nong Nok Khai Temple,,未提供中文；保留泰文/英文原名,
3,公交车,1955,DLT,8389,วงกลมกระทุ่มแบน - วัดหนองนกไข่ (วนขวา);Krathum Baen - Nong Nok Khai Temple,รถโดยสารในเขตปริมณฑล รถโดยสารในเขตปริมณฑล;Provincial Bus Provincial Bus,3,9400D3,วงกลมกระทุ่มแบน - วัดหนองนกไข่ (วนขวา),Krathum Baen - Nong Nok Khai Temple,,未提供中文；保留泰文/英文原名,
3,公交车,1956,DLT,6055,ช่วงกระทุ่มแบน - ท่าเรือ ส.จ.;Baan Phaeo - Sor Jor Pier,รถโดยสารในเขตปริมณฑล รถโดยสารในเขตปริมณฑล;Provincial Bus Provincial Bus,3,9400d3,ช่วงกระทุ่มแบน - ท่าเรือ ส.จ.,Baan Phaeo - Sor Jor Pier,,未提供中文；保留泰文/英文原名,
3,公交车,1957,DLT,6056,บ้านแพ้ว - วัดหนองนกไข่;Krathum Baen - Phanthu Wong Temple,รถโดยสารในเขตปริมณฑล รถโดยสารในเขตปริมณฑล;Provincial Bus Provincial Bus,3,9400D3,บ้านแพ้ว - วัดหนองนกไข่,Krathum Baen - Phanthu Wong Temple,,未提供中文；保留泰文/英文原名,
3,公交车,1958,DLT,6057,กระทุ่มแบน - วัดพันธุวงษ์;Krathum Baen - Khlong Noi - Phanthu Wong Temple,รถโดยสารในเขตปริมณฑล รถโดยสารในเขตปริมณฑล;Provincial Bus Provincial Bus,3,9400D3,กระทุ่มแบน - วัดพันธุวงษ์,Krathum Baen - Khlong Noi - Phanthu Wong Temple,,未提供中文；保留泰文/英文原名,
3,公交车,1959,DLT,6057,ช่วงกระทุ่มแบน - ถ.เลียบคลองน้อย - วัดพันธุวงษ์;Krathum Baen - Sor Jor Pier,รถโดยสารในเขตปริมณฑล รถโดยสารในเขตปริมณฑล;Provincial Bus Provincial Bus,3,9400D3,ช่วงกระทุ่มแบน - ถ.เลียบคลองน้อย - วัดพันธุวงษ์,Krathum Baen - Sor Jor Pier,,未提供中文；保留泰文/英文原名,
3,公交车,1960,DLT,6058,กระทุ่มแบน - ศาลเจ้าตึก;Krathum Baen - Tuk Shrine,รถโดยสารในเขตปริมณฑล รถโดยสารในเขตปริมณฑล;Provincial Bus Provincial Bus,3,9400D3,กระทุ่มแบน - ศาลเจ้าตึก,Krathum Baen - Tuk Shrine,,未提供中文；保留泰文/英文原名,
3,公交车,1961,DLT,6059,มหาชัย - ท่าทราย - บ้านคลองแสม;Mahachai - Tha Sai - Baan Khlong Samae,รถโดยสารในเขตปริมณฑล รถโดยสารในเขตปริมณฑล;Provincial Bus Provincial Bus,3,9400D3,มหาชัย - ท่าทราย - บ้านคลองแสม,Mahachai - Tha Sai - Baan Khlong Samae,,未提供中文；保留泰文/英文原名,
3,公交车,1962,DLT,6059,มหาชัย - ท่าทราย - โรงเรียนบ้านยกกระบัตร;Mahachai - Tha Sai - Ban Yok krabat School,รถโดยสารในเขตปริมณฑล รถโดยสารในเขตปริมณฑล;Provincial Bus Provincial Bus,3,9400D3,มหาชัย - ท่าทราย - โรงเรียนบ้านยกกระบัตร,Mahachai - Tha Sai - Ban Yok krabat School,,未提供中文；保留泰文/英文原名,
3,公交车,1963,DLT,8328,สมุทรสาคร - การเคหะแห่งชาติธนบุรี;Samut Sakhon - National Housing Authority Thon buri,รถโดยสารในเขตปริมณฑล รถโดยสารในเขตปริมณฑล;Provincial Bus Provincial Bus,3,9400D3,สมุทรสาคร - การเคหะแห่งชาติธนบุรี,Samut Sakhon - National Housing Authority Thon buri,,未提供中文；保留泰文/英文原名,
3,公交车,1964,DLT,8328,สมุทรสาคร - ศาลพันท้ายนรสิงห์;Samut Sakhon - Phanthai Norasing Shrine,รถโดยสารในเขตปริมณฑล รถโดยสารในเขตปริมณฑล;Provincial Bus Provincial Bus,3,9400D3,สมุทรสาคร - ศาลพันท้ายนรสิงห์,Samut Sakhon - Phanthai Norasing Shrine,,未提供中文；保留泰文/英文原名,
3,公交车,1965,DLT,8328,ช่วงสมุทรสาคร - บ้านไร่ (ท่าเรือคลองมหาชัย);Samut Sakhon - Baan Rai (Khlong Mahachai Pier),รถโดยสารในเขตปริมณฑล รถโดยสารในเขตปริมณฑล;Provincial Bus Provincial Bus,3,9400D3,ช่วงสมุทรสาคร - บ้านไร่ (ท่าเรือคลองมหาชัย),Samut Sakhon - Baan Rai (Khlong Mahachai Pier),,未提供中文；保留泰文/英文原名,
3,公交车,1966,DLT,8328,ช่วงสมุทรสาคร - ท่าเรือบ้านโคกขาม - สารินซิตี้;Samut Sakhon - Baan Khok Kham Pier - Sarin City,รถโดยสารในเขตปริมณฑล รถโดยสารในเขตปริมณฑล;Provincial Bus Provincial Bus,3,9400D3,ช่วงสมุทรสาคร - ท่าเรือบ้านโคกขาม - สารินซิตี้,Samut Sakhon - Baan Khok Kham Pier - Sarin City,,未提供中文；保留泰文/英文原名,
3,公交车,1967,DLT,8328,ช่วงสมุทรสาคร - ท่าเรือบ้านโคกขาม - วัดบ้านไร่เจริญผล;Samut Sakhon - Baan Khok Kham Pier - Baan Rai Charoen Phon Temple,รถโดยสารในเขตปริมณฑล รถโดยสารในเขตปริมณฑล;Provincial Bus Provincial Bus,3,9400D3,ช่วงสมุทรสาคร - ท่าเรือบ้านโคกขาม - วัดบ้านไร่เจริญผล,Samut Sakhon - Baan Khok Kham Pier - Baan Rai Charoen Phon Temple,,未提供中文；保留泰文/英文原名,
3,公交车,1968,DLT,8335,บ้านคลองยม - สามพราน;Baan Khlong Yom - Sam Phran,รถโดยสารในเขตปริมณฑล รถโดยสารในเขตปริมณฑล;Provincial Bus Provincial Bus,3,9400D3,บ้านคลองยม - สามพราน,Baan Khlong Yom - Sam Phran,,未提供中文；保留泰文/英文原名,
3,公交车,1969,DLT,ต.84,ช่วงจตุจักร - รังสิต;Chatuchak - Rangsit,รถตู้ รถตู้;City Van City Van,3,FF00FF,ช่วงจตุจักร - รังสิต,Chatuchak - Rangsit,,未提供中文；保留泰文/英文原名,
3,公交车,1970,DLT,1263,คลองตัน - ซอยสวนหลวง;Khlong Tan - Soi Suan Luang,รถโดยสารในซอย รถโดยสารในซอย;City Mini Bus City Mini Bus,3,20B2AA,คลองตัน - ซอยสวนหลวง,Khlong Tan - Soi Suan Luang,,未提供中文；保留泰文/英文原名,
3,公交车,1971,DLT,1014,ช่วงสุขุมวิท - ซอยเฉลิมพระเกียรติ 28 - นิรันดร์เรสซิเดนซ์;Sukhumvit - Chaloem Phrakiat Ratchakan Thi 9 Soi 28 - Nirun Residence,รถโดยสารในซอย รถโดยสารในซอย;City Mini Bus City Mini Bus,3,20B2AA,ช่วงสุขุมวิท - ซอยเฉลิมพระเกียรติ 28 - นิรันดร์เรสซิเดนซ์,Sukhumvit - Chaloem Phrakiat Ratchakan Thi 9 Soi 28 - Nirun Residence,,未提供中文；保留泰文/英文原名,
3,公交车,1972,DLT,8139,นครปฐม - นิคมทหารอากาศ;Nakhon Pathom - Air force settlement,รถโดยสารในเขตปริมณฑล รถโดยสารในเขตปริมณฑล;Provincial Bus Provincial Bus,3,9400D3,นครปฐม - นิคมทหารอากาศ,Nakhon Pathom - Air force settlement,,未提供中文；保留泰文/英文原名,
3,公交车,1973,DLT,1214,สุขุมวิท - ซอยปุณณวิถี;Sukhumvit - Soi Punnawithi,รถโดยสารในซอย รถโดยสารในซอย;City Mini Bus City Mini Bus,3,20B2AA,สุขุมวิท - ซอยปุณณวิถี,Sukhumvit - Soi Punnawithi,,未提供中文；保留泰文/英文原名,
3,公交车,1974,DLT,1037,พหลโยธิน - ซอยเสนานิคม 1;Phahon Yothin - Soi Senanikhom 1,รถโดยสารในซอย รถโดยสารในซอย;City Mini Bus City Mini Bus,3,20B2AA,พหลโยธิน - ซอยเสนานิคม 1,Phahon Yothin - Soi Senanikhom 1,,未提供中文；保留泰文/英文原名,
3,公交车,1975,DLT,1020,ลาดพร้าว 86 - โรงเรียนบดินทรเดชา;Ladprao 86 - Bodindecha (Sing Singhaseni) School,รถโดยสารในซอย รถโดยสารในซอย;City Mini Bus City Mini Bus,3,20B2AA,ลาดพร้าว 86 - โรงเรียนบดินทรเดชา,Ladprao 86 - Bodindecha (Sing Singhaseni) School,,未提供中文；保留泰文/英文原名,
3,公交车,1976,DLT,ต.84,อนุสาวรีย์ชัยสมรภูมิ - รังสิต (คลอง 1);Victory Monument - Rangsit (khlong 1),รถตู้ รถตู้;City Van City Van,3,FF00FF,อนุสาวรีย์ชัยสมรภูมิ - รังสิต (คลอง 1),Victory Monument - Rangsit (khlong 1),,未提供中文；保留泰文/英文原名,
3,公交车,1977,DLT,337,ปทุมธานี - นนทบุรี;Pathum Thani - Nonthaburi,รถโดยสารในเขตปริมณฑล รถโดยสารในเขตปริมณฑล;Provincial Bus Provincial Bus,3,9400d3,ปทุมธานี - นนทบุรี,Pathum Thani - Nonthaburi,,未提供中文；保留泰文/英文原名,
3,公交车,1978,DLT,337,ช่วงปทุมธานี - สำนักงานขนส่งจังหวัด ปทุมธานี;Pathum Thani - Pathum Thani Bus Terminal,รถโดยสารในเขตปริมณฑล รถโดยสารในเขตปริมณฑล;Provincial Bus Provincial Bus,3,9400d3,ช่วงปทุมธานี - สำนักงานขนส่งจังหวัด ปทุมธานี,Pathum Thani - Pathum Thani Bus Terminal,,未提供中文；保留泰文/英文原名,
3,公交车,1980,DLT,337,ตัดช่วงปทุมธานี - สี่แยกนพวงศ์;Nonthaburi - Noppawong Intersection,รถโดยสารในเขตปริมณฑล รถโดยสารในเขตปริมณฑล;Provincial Bus Provincial Bus,3,9400d3,ตัดช่วงปทุมธานี - สี่แยกนพวงศ์,Nonthaburi - Noppawong Intersection,,未提供中文；保留泰文/英文原名,
3,公交车,1981,DLT,337,ตัดช่วงสี่แยกนพวงศ์ - นนทบุรี;Noppawong Intersection - Nonthaburi,รถโดยสารในเขตปริมณฑล รถโดยสารในเขตปริมณฑล;Provincial Bus Provincial Bus,3,9400d3,ตัดช่วงสี่แยกนพวงศ์ - นนทบุรี,Noppawong Intersection - Nonthaburi,,未提供中文；保留泰文/英文原名,
3,公交车,1982,DLT,337,ตัดช่วงสี่แยกนพวงศ์ - ห้างสรรพสินค้าเดอะมอลล์งามวงศ์วาน;Noppawong Intersection - The mall Ngamwongwan,รถโดยสารในเขตปริมณฑล รถโดยสารในเขตปริมณฑล;Provincial Bus Provincial Bus,3,9400d3,ตัดช่วงสี่แยกนพวงศ์ - ห้างสรรพสินค้าเดอะมอลล์งามวงศ์วาน,Noppawong Intersection - The mall Ngamwongwan,,未提供中文；保留泰文/英文原名,
3,公交车,1983,BMTA,356,มหาวิทยาลัยธรรมศาสตร์ (ศูนย์รังสิต) - บางบัวทอง - บางใหญ่;Thammasat University (Rangsit) - Bang Bua Thong - Bang Yai,รถโดยสารประจำทาง ขสมก รถธรรมดา มาตรฐาน 3;Bangkok Mass Transit Authority Ordinary Standard 3,3,FF0000,มหาวิทยาลัยธรรมศาสตร์ (ศูนย์รังสิต) - บางบัวทอง - บางใหญ่,Thammasat University (Rangsit) - Bang Bua Thong - Bang Yai,,未提供中文；保留泰文/英文原名,
3,公交车,1984,DLT,356,ช่วงมหาวิทยาลัยธรรมศาสตร์ (ศูนย์รังสิต) - นนทบุรี; Thammasat University (Rangsit) - Nonthaburi,รถโดยสารในเขตปริมณฑล รถโดยสารในเขตปริมณฑล;Provincial Bus Provincial Bus,3,9400d3,ช่วงมหาวิทยาลัยธรรมศาสตร์ (ศูนย์รังสิต) - นนทบุรี,Thammasat University (Rangsit) - Nonthaburi,,未提供中文；保留泰文/英文原名,
3,公交车,1985,DLT,356,ช่วงวงกลมปากเกร็ด - ดอนเมือง;Pak Kret - Don Mueang,รถโดยสารในเขตปริมณฑล รถโดยสารในเขตปริมณฑล;Provincial Bus Provincial Bus,3,9400d3,ช่วงวงกลมปากเกร็ด - ดอนเมือง,Pak Kret - Don Mueang,,未提供中文；保留泰文/英文原名,
3,公交车,1986,DLT,356,ตัดช่วงมหาวิทยาลัยธรรมศาสตร์ (ศูนย์รังสิต) - ปากเกร็ด;Thammasat University (Rangsit) - Pak Kret,รถโดยสารในเขตปริมณฑล รถโดยสารในเขตปริมณฑล;Provincial Bus Provincial Bus,3,9400d3,ตัดช่วงมหาวิทยาลัยธรรมศาสตร์ (ศูนย์รังสิต) - ปากเกร็ด,Thammasat University (Rangsit) - Pak Kret,,未提供中文；保留泰文/英文原名,
3,公交车,1987,DLT,356,ตัดช่วงปากเกร็ด - รังสิต;Pak Kret - Rangsit,รถโดยสารในเขตปริมณฑล รถโดยสารในเขตปริมณฑล;Provincial Bus Provincial Bus,3,9400d3,ตัดช่วงปากเกร็ด - รังสิต,Pak Kret - Rangsit,,未提供中文；保留泰文/英文原名,
3,公交车,1988,DLT,356,ตัดช่วงปากเกร็ด - บางเขน;Pak Kret - Bang Khen,รถโดยสารในเขตปริมณฑล รถโดยสารในเขตปริมณฑล;Provincial Bus Provincial Bus,3,9400d3,ตัดช่วงปากเกร็ด - บางเขน,Pak Kret - Bang Khen,,未提供中文；保留泰文/英文原名,
3,公交车,1989,DLT,359,ปทุมธานี - ปากเกร็ด;Pathum Thani - Pak Kret,รถโดยสารในเขตปริมณฑล รถโดยสารในเขตปริมณฑล;Provincial Bus Provincial Bus,3,9400d3,ปทุมธานี - ปากเกร็ด,Pathum Thani - Pak Kret,,未提供中文；保留泰文/英文原名,
3,公交车,1990,DLT,367,รังสิต - นนทบุรี;Rangsit - Nonthaburi,รถโดยสารในเขตปริมณฑล รถโดยสารในเขตปริมณฑล;Provincial Bus Provincial Bus,3,9400d3,รังสิต - นนทบุรี,Rangsit - Nonthaburi,,未提供中文；保留泰文/英文原名,
3,公交车,1991,DLT,367,ช่วงรังสิต - ปากเกร็ด;Rangsit - Pak Kret,รถโดยสารในเขตปริมณฑล รถโดยสารในเขตปริมณฑล;Provincial Bus Provincial Bus,3,9400d3,ช่วงรังสิต - ปากเกร็ด,Rangsit - Pak Kret,,未提供中文；保留泰文/英文原名,
3,公交车,1992,DLT,369,อ้อมน้อย - วัดไร่ขิง;Om Noi - Wat Rai Khing,รถโดยสารในเขตปริมณฑล รถโดยสารในเขตปริมณฑล;Provincial Bus Provincial Bus,3,9400d3,อ้อมน้อย - วัดไร่ขิง,Om Noi - Wat Rai Khing,,未提供中文；保留泰文/英文原名,
3,公交车,1993,DLT,370,ปทุมธานี - บ้านลำโพธิ์ - นนทบุรี;Pathum Thani - Lam Pho Home - Nonthaburi,รถโดยสารในเขตปริมณฑล รถโดยสารในเขตปริมณฑล;Provincial Bus Provincial Bus,3,9400d3,ปทุมธานี - บ้านลำโพธิ์ - นนทบุรี,Pathum Thani - Lam Pho Home - Nonthaburi,,未提供中文；保留泰文/英文原名,
3,公交车,1994,DLT,370,ตัดช่วงปทุมธานี - บางบัวทอง;Pathum Thani - Bang Bua Thong,รถโดยสารในเขตปริมณฑล รถโดยสารในเขตปริมณฑล;Provincial Bus Provincial Bus,3,9400d3,ตัดช่วงปทุมธานี - บางบัวทอง,Pathum Thani - Bang Bua Thong,,未提供中文；保留泰文/英文原名,
3,公交车,1995,DLT,382,วงกลมถนนพุทธมณฑลสาย 5 - หมู่บ้านสินสมบูรณ์;Phutthamonthon Sai 4 Road - Sin Som Boon Village,รถโดยสารในเขตปริมณฑล รถโดยสารในเขตปริมณฑล;Provincial Bus Provincial Bus,3,9400d3,วงกลมถนนพุทธมณฑลสาย 5 - หมู่บ้านสินสมบูรณ์,Phutthamonthon Sai 4 Road - Sin Som Boon Village,,未提供中文；保留泰文/英文原名,
3,公交车,1996,DLT,384,ซอยไร่ขิง (ประชาราษฎร์ - กระทุ่มล้ม) - หมู่บ้านสวนทิพย์ 1;Soi Rai Khing (Pracharat - Krathum Lom) - Suanthip Village,รถโดยสารในเขตปริมณฑล รถโดยสารในเขตปริมณฑล;Provincial Bus Provincial Bus,3,9400d3,ซอยไร่ขิง (ประชาราษฎร์ - กระทุ่มล้ม) - หมู่บ้านสวนทิพย์ 1,Soi Rai Khing (Pracharat - Krathum Lom) - Suanthip Village,,未提供中文；保留泰文/英文原名,
3,公交车,1997,DLT,384,ช่วงวัดนครชื่นชุ่ม - หมู่บ้านพงษ์ศิริชัย 1;Wat Nakhon Chuenchum - Pongsiri 1 Village,รถโดยสารในเขตปริมณฑล รถโดยสารในเขตปริมณฑล;Provincial Bus Provincial Bus,3,9400d3,ช่วงวัดนครชื่นชุ่ม - หมู่บ้านพงษ์ศิริชัย 1,Wat Nakhon Chuenchum - Pongsiri 1 Village,,未提供中文；保留泰文/英文原名,
3,公交车,1998,DLT,384,ตัดช่วงหมู่บ้านสินสมบูรณ์ - ตลาดหมู่บ้านสามพราน;Sin Som Boon Village - Sam Phran Village Market,รถโดยสารในเขตปริมณฑล รถโดยสารในเขตปริมณฑล;Provincial Bus Provincial Bus,3,9400d3,ตัดช่วงหมู่บ้านสินสมบูรณ์ - ตลาดหมู่บ้านสามพราน,Sin Som Boon Village - Sam Phran Village Market,,未提供中文；保留泰文/英文原名,
3,公交车,1999,DLT,384,ตัดช่วงวัดนครชื่นชุ่ม - ตลาดหมู่บ้านสามพราน;Wat Nakhon Chuenchum - Sam Phran Village Market,รถโดยสารในเขตปริมณฑล รถโดยสารในเขตปริมณฑล;Provincial Bus Provincial Bus,3,9400d3,ตัดช่วงวัดนครชื่นชุ่ม - ตลาดหมู่บ้านสามพราน,Wat Nakhon Chuenchum - Sam Phran Village Market,,未提供中文；保留泰文/英文原名,
3,公交车,2000,DLT,387,ปากเกร็ด - โรงเรียนกาญจนาภิเษกวิทยาลัย นครปฐม;Pak Kret - Kanjanapisek Wittayalai Nakhon Pathom School,รถโดยสารในเขตปริมณฑล รถโดยสารในเขตปริมณฑล;Provincial Bus Provincial Bus,3,9400d3,ปากเกร็ด - โรงเรียนกาญจนาภิเษกวิทยาลัย นครปฐม,Pak Kret - Kanjanapisek Wittayalai Nakhon Pathom School,,未提供中文；保留泰文/英文原名,
3,公交车,2001,DLT,388,ปากเกร็ด - ถนนรัตนาธิเบศร์ - โรงเรียนกาญจนาภิเษกวิทยาลัย นครปฐม;Pak Kret - Rattanathibech Road - Kanjanapisek Wittayalai Nakhon Pathom School,รถโดยสารในเขตปริมณฑล รถโดยสารในเขตปริมณฑล;Provincial Bus Provincial Bus,3,9400d3,ปากเกร็ด - ถนนรัตนาธิเบศร์ - โรงเรียนกาญจนาภิเษกวิทยาลัย นครปฐม,Pak Kret - Rattanathibech Road - Kanjanapisek Wittayalai Nakhon Pathom School,,未提供中文；保留泰文/英文原名,
3,公交车,2002,DLT,388,โรงเรียนกาญจนาภิเษกวิทยาลัย นครปฐม - บางใหญ่;Kanjanapisek Wittayalai Nakhon Pathom School - Bang Yai,รถโดยสารในเขตปริมณฑล รถโดยสารในเขตปริมณฑล;Provincial Bus Provincial Bus,3,9400d3,โรงเรียนกาญจนาภิเษกวิทยาลัย นครปฐม - บางใหญ่,Kanjanapisek Wittayalai Nakhon Pathom School - Bang Yai,,未提供中文；保留泰文/英文原名,
3,公交车,2003,DLT,388,โรงพยาบาลศาลายา - บางใหญ่;Saraya Hospital - Bang Yai,รถโดยสารในเขตปริมณฑล รถโดยสารในเขตปริมณฑล;Provincial Bus Provincial Bus,3,9400d3,โรงพยาบาลศาลายา - บางใหญ่,Saraya Hospital - Bang Yai,,未提供中文；保留泰文/英文原名,
3,公交车,2004,DLT,391,เมืองทองธานี - ปทุมธานี;Muang Thong Thani - Pathum Thani,รถโดยสารในเขตปริมณฑล รถโดยสารในเขตปริมณฑล;Provincial Bus Provincial Bus,3,9400d3,เมืองทองธานี - ปทุมธานี,Muang Thong Thani - Pathum Thani,,未提供中文；保留泰文/英文原名,
3,公交车,2005,DLT,391,ตัดช่วงปทุมธานี - นพวงศ์;Pathum Thani - Noppawong,รถโดยสารในเขตปริมณฑล รถโดยสารในเขตปริมณฑล;Provincial Bus Provincial Bus,3,9400d3,ตัดช่วงปทุมธานี - นพวงศ์,Pathum Thani - Noppawong,,未提供中文；保留泰文/英文原名,
3,公交车,2006,DLT,756,หมู่บ้านสิวารัตน์ 3- วัดเทียนดัด - อำเภอสามพราน;Shivarat 3 Village - Wat Thian Dat - Sam Phran District,รถโดยสารในเขตปริมณฑล รถโดยสารในเขตปริมณฑล;Provincial Bus Provincial Bus,3,9400d3,หมู่บ้านสิวารัตน์ 3- วัดเทียนดัด - อำเภอสามพราน,Shivarat 3 Village - Wat Thian Dat - Sam Phran District,,未提供中文；保留泰文/英文原名,
3,公交车,2007,DLT,756,ช่วงหมู่บ้านสิวารัตน์ 3 - วัดท่าข้าม;Shivarat 3 Village - Wat Tha Kham,รถโดยสารในเขตปริมณฑล รถโดยสารในเขตปริมณฑล;Provincial Bus Provincial Bus,3,9400d3,ช่วงหมู่บ้านสิวารัตน์ 3 - วัดท่าข้าม,Shivarat 3 Village - Wat Tha Kham,,未提供中文；保留泰文/英文原名,
3,公交车,2008,DLT,756,ช่วงหมู่บ้านสิวารัตน์ 3 - บ้านบางประแดง;Shivarat 3 Village - Ban Bang Pradang,รถโดยสารในเขตปริมณฑล รถโดยสารในเขตปริมณฑล;Provincial Bus Provincial Bus,3,9400d3,ช่วงหมู่บ้านสิวารัตน์ 3 - บ้านบางประแดง,Shivarat 3 Village - Ban Bang Pradang,,未提供中文；保留泰文/英文原名,
3,公交车,2009,DLT,756,ช่วงหมู่บ้านสิวารัตน์ 3 - วัดอ้อมใหญ่ - บ้านบางประแดง;Shivarat 3 Village - Wat Om Yai - Ban Bang Pradang,รถโดยสารในเขตปริมณฑล รถโดยสารในเขตปริมณฑล;Provincial Bus Provincial Bus,3,9400d3,ช่วงหมู่บ้านสิวารัตน์ 3 - วัดอ้อมใหญ่ - บ้านบางประแดง,Shivarat 3 Village - Wat Om Yai - Ban Bang Pradang,,未提供中文；保留泰文/英文原名,
3,公交车,2010,DLT,756,ช่วงหมู่บ้านสิวารัตน์ 3 - หมอศรี - ซอยไร่ขิง 18;Shivarat 3 Village - Mor Sri - Soi Rai Khing 18,รถโดยสารในเขตปริมณฑล รถโดยสารในเขตปริมณฑล;Provincial Bus Provincial Bus,3,9400d3,ช่วงหมู่บ้านสิวารัตน์ 3 - หมอศรี - ซอยไร่ขิง 18,Shivarat 3 Village - Mor Sri - Soi Rai Khing 18,,未提供中文；保留泰文/英文原名,
3,公交车,2011,DLT,R26E,สถาบันการแพทย์จักรีนฤบดินทร์ - รพ.รามาธิบดี;Chakri Naruebodindra Medical Institute - Ramathibodi Hospital,รถโดยสารในเขตปริมณฑล รถโดยสารในเขตปริมณฑล;Provincial Bus Provincial Bus,3,9400D3,สถาบันการแพทย์จักรีนฤบดินทร์ - รพ.รามาธิบดี,Chakri Naruebodindra Medical Institute - Ramathibodi Hospital,,未提供中文；保留泰文/英文原名,
3,公交车,2012,DLT,Y70E,"มหาวิทยาลัยเทคโนโลยีราชมงคลรัตนโกสินทร์ วิทยาเขตศาลายา - BTS หมอชิต;Rajamangala University of Technology Rattanakosin ,Salaya Campus - Mo Chit BTS Station",รถโดยสารในเขตปริมณฑล รถโดยสารในเขตปริมณฑล;Provincial Bus Provincial Bus,3,9400d3,มหาวิทยาลัยเทคโนโลยีราชมงคลรัตนโกสินทร์ วิทยาเขตศาลายา - BTS หมอชิต,"Rajamangala University of Technology Rattanakosin ,Salaya Campus - Mo Chit BTS Station",,未提供中文；保留泰文/英文原名,
3,公交车,2016,PMCU,EV Bus,S1 PMCU Pop Bus;S1 PMCU Pop Bus,รถโดยสารไฟฟ้าโดยสำนักงานจัดารทรัพย์สิน จุฬาฯ รถโดยสารไฟฟ้าโดยสำนักงานจัดการทรัพย์สิน จุฬาฯ;EV POP Bus [PMCU] EV POP Bus [PMCU],3,7200ab,,S1 PMCU Pop Bus,,未提供中文；保留泰文/英文原名,
3,公交车,2017,MRNT,2,รอบเมือง - สถานีขนส่งผู้โดยสาร ;aroud city - Ranong Bus Terminal ,รถโดยสารต่างจังหวัด รถโดยสารต่างจังหวัด;Provincial bus Provincial bus,3,ACF2E7,รอบเมือง - สถานีขนส่งผู้โดยสาร,aroud city - Ranong Bus Terminal,,未提供中文；保留泰文/英文原名,
3,公交车,2018,MRNT,3,บ้านปากคลอง - สามแยกเขาพริกไทย;Ban Pakkhlong -Intersection khoawprikthai,รถโดยสารต่างจังหวัด รถโดยสารต่างจังหวัด;Provincial bus Provincial bus,3,ACF2E7,บ้านปากคลอง - สามแยกเขาพริกไทย,Ban Pakkhlong -Intersection khoawprikthai,,未提供中文；保留泰文/英文原名,
3,公交车,2019,MRNT,4,บ้านปากคลอง - บ้านบานนอน;Ban Pakkhlong - Ban Bangnon,รถโดยสารต่างจังหวัด รถโดยสารต่างจังหวัด;Provincial bus Provincial bus,3,ACF2E7,บ้านปากคลอง - บ้านบานนอน,Ban Pakkhlong - Ban Bangnon,,未提供中文；保留泰文/英文原名,
3,公交车,2020,BC,6,บ้านปากคลอง - โรงเรียนสตรีระนอง;Ban pakkhlong - Streeranong School,รถโดยสารต่างจังหวัด รถโดยสารต่างจังหวัด;Provincial bus Provincial bus,3,ACF2E7,บ้านปากคลอง - โรงเรียนสตรีระนอง,Ban pakkhlong - Streeranong School,,未提供中文；保留泰文/英文原名,
3,公交车,2021,RRS,1792,ระนอง - กะเปอร์;Ranong - Kapoe,รถโดยสารต่างจังหวัด รถโดยสารต่างจังหวัด;Provincial bus Provincial bus,3,acf2e7,ระนอง - กะเปอร์,Ranong - Kapoe,,未提供中文；保留泰文/英文原名,
3,公交车,2022,RRS,1792 A,ช่วงระนอง - ท่าอากาศยาน;Ranong - Airport,รถโดยสารต่างจังหวัด รถโดยสารต่างจังหวัด;Provincial bus Provincial bus,3,acf2e7,ช่วงระนอง - ท่าอากาศยาน,Ranong - Airport,,未提供中文；保留泰文/英文原名,
3,公交车,2023,MRNT,1793,ระนอง - หาดส้มแป้น;Ranong - Hat Sompaen,รถโดยสารต่างจังหวัด รถโดยสารต่างจังหวัด;Provincial bus Provincial bus,3,ACF2E7,ระนอง - หาดส้มแป้น,Ranong - Hat Sompaen,,未提供中文；保留泰文/英文原名,
3,公交车,2024,RPB,8323,ระนอง - บ้านสามแหลม;Ranong - Ban Sam lium,รถโดยสารต่างจังหวัด รถโดยสารต่างจังหวัด;Provincial bus Provincial bus,3,ACF2E7,ระนอง - บ้านสามแหลม,Ranong - Ban Sam lium,,未提供中文；保留泰文/英文原名,
3,公交车,2031,TSB,1-1 (29),บางเขน - หัวลำโพง;Bang Khen - Vibhavadi Rangsit - Hua Lamphong,รถโดยสาร TSB รถปรับอากาศ;Bus TSB Air Condition,3,063970,บางเขน - หัวลำโพง,Bang Khen - Vibhavadi Rangsit - Hua Lamphong,,未提供中文；保留泰文/英文原名,
3,公交车,2033,TSB,34,รังสิต - หัวลำโพง;Rangsit - Hua Lamphong ,รถโดยสาร TSB รถธรรมดา;Bus TSB Ordinary Standard,3,FF8C00,รังสิต - หัวลำโพง,Rangsit - Hua Lamphong,,未提供中文；保留泰文/英文原名,
3,公交车,2034,TSB,1-9E,มธ.ศูนย์รังสิต - สนามหลวง (ทางด่วน);Thammasat (Rangsit) - Sanam Luang,รถโดยสาร TSB รถปรับอากาศ;Bus TSB Air Condition,3,063970,มธ.ศูนย์รังสิต - สนามหลวง (ทางด่วน),Thammasat (Rangsit) - Sanam Luang,,未提供中文；保留泰文/英文原名,
3,公交车,2037,BMTA,1-21 (114),รังสิต - นครอินทร์; Rangsit -  Nakhon In,รถโดยสารประจำทาง ขสมก รถธรรมดา มาตรฐาน 3;Bangkok Mass Transit Authority Ordinary Standard 3,3,ff0000,รังสิต - นครอินทร์,Rangsit -  Nakhon In,,未提供中文；保留泰文/英文原名,
3,公交车,2041,BUS524 ,1-23 (524),หลักสี่ - สายใต้ใหม่ (ตลิ่งชัน);Laksi - Southern Bus Terminal (Talingchan),รถโดยสาร TSB รถปรับอากาศ;Bus TSB Air Condition,3,063970,หลักสี่ - สายใต้ใหม่ (ตลิ่งชัน),Laksi - Southern Bus Terminal (Talingchan),,未提供中文；保留泰文/英文原名,
3,公交车,2046,TSB,S2 (554),รังสิต - สนามบินสุวรรณภูมิ;Rangsit - suvarnabhumiairport,รถโดยสาร TSB รถปรับอากาศ;Bus TSB Air Condition,3,063970,รังสิต - สนามบินสุวรรณภูมิ,Rangsit - suvarnabhumiairport,,未提供中文；保留泰文/英文原名,
3,公交车,2051,TSB,3-1 (2),ปากน้ำ - สะพานพุทธ;Paknam - Saphan Phut,รถโดยสาร TSB รถธรรมดา;Bus TSB Ordinary Standard,3,ff8c00,ปากน้ำ - สะพานพุทธ,Paknam - Saphan Phut,,未提供中文；保留泰文/英文原名,
3,公交车,2052,TSB,3-1 (2),ปากน้ำ - สะพานพุทธ;Paknam - Saphan Phut,รถโดยสาร TSB รถปรับอากาศ;Bus TSB Air Condition,3,063970,ปากน้ำ - สะพานพุทธ,Paknam - Saphan Phut,,未提供中文；保留泰文/英文原名,
3,公交车,2053,TSB,3-2E (2E),ปู่เจ้าสมิงพราย - ท่าเรือสะพานพุทธ (ทางด่วน);Pu Chao Samingphrai - Memorial Bridge,รถโดยสาร TSB รถปรับอากาศ;Bus TSB Air Condition,3,063970,ปู่เจ้าสมิงพราย - ท่าเรือสะพานพุทธ (ทางด่วน),Pu Chao Samingphrai - Memorial Bridge,,未提供中文；保留泰文/英文原名,
3,公交车,2057,TSB,1-31,ศูนย์ราชการฯ แจ้งวัฒนะ - คลองหลวง;Government Complex - Khlong Luang,รถโดยสาร TSB รถปรับอากาศ;Bus TSB Air Condition,3,063970,ศูนย์ราชการฯ แจ้งวัฒนะ - คลองหลวง,Government Complex - Khlong Luang,,未提供中文；保留泰文/英文原名,
3,公交车,2060,TSB,1-37 (27),มีนบุรี - อนุสาวรีย์ชัยสมรภูมิ;Minburi - Victory Monument,รถโดยสาร TSB รถปรับอากาศ;Bus TSB Air Condition,3,063970,มีนบุรี - อนุสาวรีย์ชัยสมรภูมิ,Minburi - Victory Monument,,未提供中文；保留泰文/英文原名,
3,公交车,2063,TSB,1-39 (71),สวนสยาม - คลองเตย;Siam Park - Khlong Toei,รถโดยสาร TSB รถปรับอากาศ;Bus TSB Air Condition,3,063970,สวนสยาม - คลองเตย,Siam Park - Khlong Toei,,未提供中文；保留泰文/英文原名,
3,公交车,2064,BMTA,1-40 (93),หมู่บ้านนักกีฬาแหลมทอง - ท่าเรือสี่พระยา;Nakkila Laemthong Village - Si Phraya Pier,รถโดยสารประจำทาง ขสมก รถธรรมดา มาตรฐาน 3;Bangkok Mass Transit Authority Ordinary Standard 3,3,ff0000,หมู่บ้านนักกีฬาแหลมทอง - ท่าเรือสี่พระยา,Nakkila Laemthong Village - Si Phraya Pier,,未提供中文；保留泰文/英文原名,
3,公交车,2065,BMTA,1-40 (93),หมู่บ้านนักกีฬาแหลมทอง - ท่าเรือสี่พระยา;Nakkila Laemthong Village - Si Phraya Pier,รถโดยสารประจำทาง ขสมก รถปรับอากาศ มาตรฐาน 2 ยูโรทู/เทียบเท่า;Bangkok Mass Transit Authority Air Condition Stadard 2 EURO II,3,fe9a2e,หมู่บ้านนักกีฬาแหลมทอง - ท่าเรือสี่พระยา,Nakkila Laemthong Village - Si Phraya Pier,,未提供中文；保留泰文/英文原名,
3,公交车,2066,BMTA,1-43 (96ก),มีนบุรี - แฮปปี้แลนด์;Minburi - Happyland,รถโดยสารประจำทาง ขสมก รถธรรมดา มาตรฐาน 3;Bangkok Mass Transit Authority Ordinary Standard 3,3,ff0000,มีนบุรี - แฮปปี้แลนด์,Minburi - Happyland,,未提供中文；保留泰文/英文原名,
3,公交车,2068,TSB,1-41 (92),เคหะร่มเกล้า - แฮปปี้แลนด์;Romklao Housing - Happyland,รถโดยสาร TSB รถปรับอากาศ;Bus TSB Air Condition,3,063970,เคหะร่มเกล้า - แฮปปี้แลนด์,Romklao Housing - Happyland,,未提供中文；保留泰文/英文原名,
3,公交车,2075,BMTA,1-42 (96),มีนบุรี - ถนนลาดพร้าว - สถานีขนส่งผู้โดยสารกรุงเทพฯ (จตุจักร);Minburi - Lat Phrao - Mo Chit Bus Terminal,รถโดยสารประจำทาง ขสมก รถธรรมดา มาตรฐาน 3;Bangkok Mass Transit Authority Ordinary Standard 3,3,ff0000,มีนบุรี - ถนนลาดพร้าว - สถานีขนส่งผู้โดยสารกรุงเทพฯ (จตุจักร),Minburi - Lat Phrao - Mo Chit Bus Terminal,,未提供中文；保留泰文/英文原名,
3,公交车,2076,TSB,1-44 (113),มีนบุรี - หัวลำโพง;Minburi - Hua Lamphong,รถโดยสาร TSB รถปรับอากาศ;Bus TSB Air Condition,3,063970,มีนบุรี - หัวลำโพง,Minburi - Hua Lamphong,,未提供中文；保留泰文/英文原名,
3,公交车,2078,TSB,1-45 (115),สวนสยาม - บางรัก;Siam Park - Bang Rak,รถโดยสาร TSB รถปรับอากาศ;Bus TSB Air Condition,3,063970,สวนสยาม - บางรัก,Siam Park - Bang Rak,,未提供中文；保留泰文/英文原名,
3,公交车,2079,TSB,1-47 (143),นิคมอุสาหกรรมนำไกร - มีนบุรี;Nam Krai Industrial Estate - Minburi,รถโดยสาร TSB รถปรับอากาศ;Bus TSB Air Condition,3,063970,นิคมอุสาหกรรมนำไกร - มีนบุรี,Nam Krai Industrial Estate - Minburi,,未提供中文；保留泰文/英文原名,
3,公交车,2080,BMTA,1-50,เคหะร่มเกล้า - อนุสาวรีย์ชัยสมรภูมิ;National Housing Authority Rom Klao - Victory Monument,รถโดยสารประจำทาง ขสมก รถปรับอากาศ มาตรฐาน 2 ยูโรทู/เทียบเท่า;Bangkok Mass Transit Authority Air Condition Stadard 2 EURO II,3,fe9a2e,เคหะร่มเกล้า - อนุสาวรีย์ชัยสมรภูมิ,National Housing Authority Rom Klao - Victory Monument,,未提供中文；保留泰文/英文原名,
3,公交车,2082,BMTA,3-4E (23E),ปากน้ำ - เทเวศร์ (ทางด่วน);Paknam - Thewet,รถโดยสารประจำทาง ขสมก รถปรับอากาศ มาตรฐาน 2 ยูโรทู/เทียบเท่า;Bangkok Mass Transit Authority Air Condition Stadard 2 EURO II,3,fe9a2e,ปากน้ำ - เทเวศร์ (ทางด่วน),Paknam - Thewet,,未提供中文；保留泰文/英文原名,
3,公交车,2087,TSB,1-52 (197),วงกลมมีนบุรี - หทัยราษฎร์ -  คู้บอน ;Minburi - Hathairat - Kubon,รถโดยสาร TSB รถปรับอากาศ;Bus TSB Air Condition,3,063970,วงกลมมีนบุรี - หทัยราษฎร์ -  คู้บอน,Minburi - Hathairat - Kubon,,未提供中文；保留泰文/英文原名,
3,公交车,2089,BMTA,1-54 (514),มีนบุรี - สถานีรถไฟฟ้าลุมพินี;Minburi - MRT Lumphini,รถโดยสารประจำทาง ขสมก รถปรับอากาศ มาตรฐาน 2 ยูโรทู/เทียบเท่า;Bangkok Mass Transit Authority Air Condition Stadard 2 EURO II,3,fe9a2e,มีนบุรี - สถานีรถไฟฟ้าลุมพินี,Minburi - MRT Lumphini,,未提供中文；保留泰文/英文原名,
3,公交车,2090,BMTA,1-55E (514E),มีนบุรี - ท่าเรือสี่พระยา (ทางด่วน);Minburi - Si Phraya,รถโดยสารประจำทาง ขสมก รถปรับอากาศ มาตรฐาน 2 ยูโรทู/เทียบเท่า;Bangkok Mass Transit Authority Air Condition Stadard 2 EURO II,3,fe9a2e,มีนบุรี - ท่าเรือสี่พระยา (ทางด่วน),Minburi - Si Phraya,,未提供中文；保留泰文/英文原名,
3,公交车,2091,TSB,1-56 (517),พระจอมเกล้าลาดกระบัง -อนุสาวรีย์ชัยสมรภูมิ;KMITL - Victory Monument,รถโดยสาร TSB รถปรับอากาศ;Bus TSB Air Condition,3,063970,พระจอมเกล้าลาดกระบัง -อนุสาวรีย์ชัยสมรภูมิ,KMITL - Victory Monument,,未提供中文；保留泰文/英文原名,
3,公交车,2093,TSB,1-58 (525),สวนสยาม - ลำลูกกาคลอง 12;Siam Park - Lamlukka,รถโดยสาร TSB รถปรับอากาศ;Bus TSB Air Condition,3,063970,สวนสยาม - ลำลูกกาคลอง 12,Siam Park - Lamlukka,,未提供中文；保留泰文/英文原名,
3,公交车,2095,TSB,1-59 (526),สวนสยาม - หมู่บ้านเอื้ออาทรสันติสุข;Siam Park - Baan Eua Arthon Santisuk,รถโดยสาร TSB รถปรับอากาศ;Bus TSB Air Condition,3,063970,สวนสยาม - หมู่บ้านเอื้ออาทรสันติสุข,Siam Park - Baan Eua Arthon Santisuk,,未提供中文；保留泰文/英文原名,
3,公交车,2096,TSB,S4 (549),มีนบุรี - สนามบินสุวรรณภูมิ ;Minburi - Suvarnabhumi Airport,รถโดยสาร TSB รถปรับอากาศ;Bus TSB Air Condition,3,063970,มีนบุรี - สนามบินสุวรรณภูมิ,Minburi - Suvarnabhumi Airport,,未提供中文；保留泰文/英文原名,
3,公交车,2097,TSB,S5 (550),แฮปปี้แลนด์ - สนามบินสุวรรณภูมิ ;Happy Land - Suvarnabhumi Airport,รถโดยสาร TSB รถปรับอากาศ;Bus TSB Air Condition,3,063970,แฮปปี้แลนด์ - สนามบินสุวรรณภูมิ,Happy Land - Suvarnabhumi Airport,,未提供中文；保留泰文/英文原名,
3,公交车,2099,TSB,1-61,หมู่บ้านเอื้ออาทรสังฆสันติสุข - มีนบุรี;Baan Eua Arthon Santisuk - Minburi,รถโดยสาร TSB รถปรับอากาศ;Bus TSB Air Condition,3,063970,หมู่บ้านเอื้ออาทรสังฆสันติสุข - มีนบุรี,Baan Eua Arthon Santisuk - Minburi,,未提供中文；保留泰文/英文原名,
3,公交车,2103,BMTA,1-46 (131),แฮปปี้แลนด์ - บ้านเอื้ออาทรสันติสุข;Happy Land - Santisuk National Housing,รถโดยสารประจำทาง ขสมก รถธรรมดา มาตรฐาน 3;Bangkok Mass Transit Authority Ordinary Standard 3,3,ff0000,แฮปปี้แลนด์ - บ้านเอื้ออาทรสันติสุข,Happy Land - Santisuk National Housing,,未提供中文；保留泰文/英文原名,
3,公交车,2104,TSB,1-49 (152),สถาบันเทคโนโลยีพระจอมเกล้าเจ้าคุณทหารลาดกระบัง - แฮปปี้แลนด์;KMITL - Happyland,รถโดยสาร TSB รถปรับอากาศ;Bus TSB Air Condition,3,063970,สถาบันเทคโนโลยีพระจอมเกล้าเจ้าคุณทหารลาดกระบัง - แฮปปี้แลนด์,KMITL - Happyland,,未提供中文；保留泰文/英文原名,
3,公交车,2106,TSB,2-3 (18),ตลาดท่าอิฐ - อนุสาวรีย์ชัยสมรภูมิ;Tha It Market - Victory Monument,รถโดยสาร TSB รถปรับอากาศ;Bus TSB Air Condition,3,063970,ตลาดท่าอิฐ - อนุสาวรีย์ชัยสมรภูมิ,Tha It Market - Victory Monument,,未提供中文；保留泰文/英文原名,
3,公交车,2107,BMTA,2-2,ท่าเรือปากเกร็ด - ท่าเรือสี่พระยา;Pak Kret Pier - Si Phraya Pier,รถโดยสารประจำทาง ขสมก รถธรรมดา มาตรฐาน 3;Bangkok Mass Transit Authority Ordinary Standard 3,3,ff0000,ท่าเรือปากเกร็ด - ท่าเรือสี่พระยา,Pak Kret Pier - Si Phraya Pier,,未提供中文；保留泰文/英文原名,
3,公交车,2108,BMTA,2-2,ท่าเรือปากเกร็ด - ท่าเรือสี่พระยา;Pak Kret Pier - Si Phraya Pier,รถโดยสารประจำทาง ขสมก รถปรับอากาศ มาตรฐาน 2 ยูโรทู/เทียบเท่า;Bangkok Mass Transit Authority Air Condition Stadard 2 EURO II,3,fe9a2e,ท่าเรือปากเกร็ด - ท่าเรือสี่พระยา,Pak Kret Pier - Si Phraya Pier,,未提供中文；保留泰文/英文原名,
3,公交车,2114,TSB,2-38 (8),แฮปปี้แลนด์ - ท่าเรือสะพานพุทธ;Happyland - Saphan Phut Pier,รถโดยสาร TSB รถปรับอากาศ;Bus TSB Air Condition,3,063970,แฮปปี้แลนด์ - ท่าเรือสะพานพุทธ,Happyland - Saphan Phut Pier,,未提供中文；保留泰文/英文原名,
3,公交车,2120,BMTA,2-12 (66),ศูนย์ราชการแจ้งวัฒนะ - สถานีขนส่งผู้โดยสารกรุงเทพฯ(สายใต้เก่า);Sun Ratchakan Chaeng Watthana - Bangkok Bus Terminal (Southern) Pinklao,รถโดยสารประจำทาง ขสมก รถปรับอากาศ มาตรฐาน 2 ยูโรทู/เทียบเท่า;Bangkok Mass Transit Authority Air Condition Stadard 2 EURO II,3,fe9a2e,ศูนย์ราชการแจ้งวัฒนะ - สถานีขนส่งผู้โดยสารกรุงเทพฯ(สายใต้เก่า),Sun Ratchakan Chaeng Watthana - Bangkok Bus Terminal (Southern) Pinklao,,未提供中文；保留泰文/英文原名,
3,公交车,2121,BMTA,2-12 (66),ศูนย์ราชการแจ้งวัฒนะ - สถานีขนส่งผู้โดยสารกรุงเทพฯ(สายใต้เก่า);Sun Ratchakan Chaeng Watthana - Bangkok Bus Terminal (Southern) Pinklao,รถโดยสารประจำทาง ขสมก รถธรรมดา มาตรฐาน 3;Bangkok Mass Transit Authority Ordinary Standard 3,3,ff0000,ศูนย์ราชการแจ้งวัฒนะ - สถานีขนส่งผู้โดยสารกรุงเทพฯ(สายใต้เก่า),Sun Ratchakan Chaeng Watthana - Bangkok Bus Terminal (Southern) Pinklao,,未提供中文；保留泰文/英文原名,
3,公交车,2122,TSB,2-13 (69),ท่าอิฐ - รามคําแหง;Tha It - Ramkhamhaeng,รถโดยสาร TSB รถปรับอากาศ;Bus TSB Air Condition,3,063970,ท่าอิฐ - รามคําแหง,Tha It - Ramkhamhaeng,,未提供中文；保留泰文/英文原名,
3,公交车,2130,BMTA,2-10E (63E),ม.ราชพฤกษ์ - ประตูน้ำ (ทางด่วน);Rajapruk University - Pratunam Market (Expressway),รถโดยสารประจำทาง ขสมก รถปรับอากาศ มาตรฐาน 2 ยูโรทู/เทียบเท่า;Bangkok Mass Transit Authority Air Condition Stadard 2 EURO II,3,fe9a2e,ม.ราชพฤกษ์ - ประตูน้ำ (ทางด่วน),Rajapruk University - Pratunam Market (Expressway),,未提供中文；保留泰文/英文原名,
3,公交车,2138,BMTA,2-24E (505),ท่าเรือปากเกร็ด - วงเวียนใหญ่ (ทางด่วน);Pak Kret Pier - Wongwian Yai (Expressway),รถโดยสารประจำทาง ขสมก รถปรับอากาศ มาตรฐาน 2 ยูโรทู/เทียบเท่า;Bangkok Mass Transit Authority Air Condition Stadard 2 EURO II,3,fe9a2e,ท่าเรือปากเกร็ด - วงเวียนใหญ่ (ทางด่วน),Pak Kret Pier - Wongwian Yai (Expressway),,未提供中文；保留泰文/英文原名,
3,公交车,2139,TSB,2-26 (545),ท่าน้ำนนทบุรี - พัฒนาการ;Nonthaburi Pier - Phatthanakan,รถโดยสาร TSB รถปรับอากาศ;Bus TSB Air Condition,3,063970,ท่าน้ำนนทบุรี - พัฒนาการ,Nonthaburi Pier - Phatthanakan,,未提供中文；保留泰文/英文原名,
3,公交车,2140,TSB,2-27 (210),เมืองทองธานี - BTS บางหว้า;Muang Thong Thani - BTS Bang Wa,รถโดยสาร TSB รถปรับอากาศ;Bus TSB Air Condition,3,063970,เมืองทองธานี - BTS บางหว้า,Muang Thong Thani - BTS Bang Wa,,未提供中文；保留泰文/英文原名,
3,公交车,2141,BMTA,2-31E (166 ศรีสมาน),ศรีสมาน - อนุสาวรีย์ชัยสมรภูมิ (ทางด่วน);Srisamarn - Victory Monument (Expressway),รถโดยสารประจำทาง ขสมก รถปรับอากาศ;Bangkok Mass Transit Authority Air Condition,3,0000e6,ศรีสมาน - อนุสาวรีย์ชัยสมรภูมิ (ทางด่วน),Srisamarn - Victory Monument (Expressway),,未提供中文；保留泰文/英文原名,
3,公交车,2142,TSB,2-35 (110),ประชานิเวศน์ 3 - เทเวศร์;Prachaniwet 3 - Thewet,รถโดยสาร TSB รถปรับอากาศ;Bus TSB Air Condition,3,063970,ประชานิเวศน์ 3 - เทเวศร์,Prachaniwet 3 - Thewet,,未提供中文；保留泰文/英文原名,
3,公交车,2148,TSB,3-8 (38),ม.รามคำแหง 2 - อนุสาวรีย์ชัยสมรภูมิ;Ramkhamhaeng 2 - Victory Monument,รถโดยสาร TSB รถปรับอากาศ;Bus TSB Air Condition,3,063970,ม.รามคำแหง 2 - อนุสาวรีย์ชัยสมรภูมิ,Ramkhamhaeng 2 - Victory Monument,,未提供中文；保留泰文/英文原名,
3,公交车,2149,BMTA,2-39 (24),ประชานิเวศน์ 3 -  จุฬาลงกรณ์มหาวิทยาลัย;Prachaniwet 3 - Chulalongkorn University,รถโดยสารประจำทาง ขสมก รถธรรมดา มาตรฐาน 3;Bangkok Mass Transit Authority Ordinary Standard 3,3,ff0000,ประชานิเวศน์ 3 -  จุฬาลงกรณ์มหาวิทยาลัย,Prachaniwet 3 - Chulalongkorn University,,未提供中文；保留泰文/英文原名,
3,公交车,2151,BMTA,3-9E (45),หนามแดง - สี่พระยา (ทางด่วน);Nam Daeng - Siphaya,รถโดยสารประจำทาง ขสมก รถธรรมดา มาตรฐาน 3;Bangkok Mass Transit Authority Ordinary Standard 3,3,ff0000,หนามแดง - สี่พระยา (ทางด่วน),Nam Daeng - Siphaya,,未提供中文；保留泰文/英文原名,
3,公交车,2154,TSB,2-42 (44),เคหะคลองจั่น - ท่าเตียน;Housing Khlong Chan - Tha Tien,รถโดยสาร TSB รถปรับอากาศ;Bus TSB Air Condition,3,063970,เคหะคลองจั่น - ท่าเตียน,Housing Khlong Chan - Tha Tien,,未提供中文；保留泰文/英文原名,
3,公交车,2170,BMTA,2-46,สวนสยาม - สถานีรถไฟฟ้าสนามกีฬาแห่งชาติ;Siam Park - National Stadium BTS Station,รถโดยสารประจำทาง ขสมก รถปรับอากาศ มาตรฐาน 2 ยูโรทู/เทียบเท่า;Bangkok Mass Transit Authority Air Condition Stadard 2 EURO II,3,fe9a2e,สวนสยาม - สถานีรถไฟฟ้าสนามกีฬาแห่งชาติ,Siam Park - National Stadium BTS Station,,未提供中文；保留泰文/英文原名,
3,公交车,2183,BMTA,2-50 (178),แฮปปี้แลนด์ - เซ็นทรัลลาดพร้าว;Happy Land - Central Ladprao,รถโดยสารประจำทาง ขสมก รถธรรมดา มาตรฐาน 3;Bangkok Mass Transit Authority Ordinary Standard 3,3,ff0000,แฮปปี้แลนด์ - เซ็นทรัลลาดพร้าว,Happy Land - Central Ladprao,,未提供中文；保留泰文/英文原名,
3,公交车,2184,BMTA,2-52 (204),หมอชิต 2 - ท่าน้ำราชวงศ์;Mochit - Ratchawong Pier,รถโดยสารประจำทาง ขสมก รถปรับอากาศ มาตรฐาน 2 ยูโรทู/เทียบเท่า;Bangkok Mass Transit Authority Air Condition Stadard 2 EURO II,3,fe9a2e,หมอชิต 2 - ท่าน้ำราชวงศ์,Mochit - Ratchawong Pier,,未提供中文；保留泰文/英文原名,
3,公交车,2188,BMTA,3-10 (46),ม.รามคำแหง 2 - สี่พระยา;Ramkhamhaeng University 2 - Si Phaya Pier,รถโดยสารประจำทาง เอกชน รถธรรมดา มาตรฐาน 3;Private Company Ordinary Standard 3,3,fb99cb,ม.รามคำแหง 2 - สี่พระยา,Ramkhamhaeng University 2 - Si Phaya Pier,,未提供中文；保留泰文/英文原名,
3,公交车,2193,TSB,S6 (555),สถานีขนส่งผู้โดยสารกรุงเทพฯ (จตุจักร ) - สนามบินสุวรรณภูมิ;Bangkok Bus Terminal (Chatuchak) - Suvarnabhumi Airport,รถโดยสาร TSB รถปรับอากาศ;Bus TSB Air Condition,3,063970,สถานีขนส่งผู้โดยสารกรุงเทพฯ (จตุจักร ) - สนามบินสุวรรณภูมิ,Bangkok Bus Terminal (Chatuchak) - Suvarnabhumi Airport,,未提供中文；保留泰文/英文原名,
3,公交车,2194,TSB,4-1 (6),พระประแดง - บางลำพู; Phra Pradaeng - Banglamphu,รถโดยสาร TSB รถปรับอากาศ;Bus TSB Air Condition,3,063970,พระประแดง - บางลำพู,Phra Pradaeng - Banglamphu,,未提供中文；保留泰文/英文原名,
3,公交车,2197,BMTA,4-7E (21E),วัดคู่สร้าง - จุฬาลงกรณ์มหาวิทยาลัย (ทางด่วน);Wat Kusang - Chulalongkorn University,รถโดยสารประจำทาง ขสมก รถปรับอากาศ มาตรฐาน 2 ยูโรทู/เทียบเท่า;Bangkok Mass Transit Authority Air Condition Stadard 2 EURO II,3,FE9A2E,วัดคู่สร้าง - จุฬาลงกรณ์มหาวิทยาลัย (ทางด่วน),Wat Kusang - Chulalongkorn University,,未提供中文；保留泰文/英文原名,
3,公交车,2199,TSB,4-11 (43),เอกชัย - เทเวศร์;Ekachai - Thewet,รถโดยสาร TSB รถปรับอากาศ;Bus TSB Air Condition,3,063970,เอกชัย - เทเวศร์,Ekachai - Thewet,,未提供中文；保留泰文/英文原名,
3,公交车,2202,TSB,4-3 (17),พระประแดง - อนุสาวรีย์ชัยสมรภูมิ;Phra Pradaeng - Victory Monument,รถโดยสาร TSB รถปรับอากาศ;Bus TSB Air Condition,3,063970,พระประแดง - อนุสาวรีย์ชัยสมรภูมิ,Phra Pradaeng - Victory Monument,,未提供中文；保留泰文/英文原名,
3,公交车,2205,BMTA,4-6 (21),วัดคู่สร้าง - มหานาค;Wat Kusang - Maha Nak,รถโดยสารประจำทาง ขสมก รถปรับอากาศ มาตรฐาน 2 ยูโรทู/เทียบเท่า;Bangkok Mass Transit Authority Air Condition Stadard 2 EURO II,3,FE9A2E,วัดคู่สร้าง - มหานาค,Wat Kusang - Maha Nak,,未提供中文；保留泰文/英文原名,
3,公交车,2206,BMTA,4-6 (21),วัดคู่สร้าง - มหานาค;Wat Kusang - Maha Nak,รถโดยสารประจำทาง ขสมก รถธรรมดา มาตรฐาน 3;Bangkok Mass Transit Authority Ordinary Standard 3,3,ff0000,วัดคู่สร้าง - มหานาค,Wat Kusang - Maha Nak,,未提供中文；保留泰文/英文原名,
3,公交车,2211,TSB,3-13 (507),สำโรง - สายใต้ใหม่ (ตลิ่งชัน);Samrong - Southern Bus Terminal (Talingchan),รถโดยสาร TSB รถปรับอากาศ;Bus TSB Air Condition,3,063970,สำโรง - สายใต้ใหม่ (ตลิ่งชัน),Samrong - Southern Bus Terminal (Talingchan),,未提供中文；保留泰文/英文原名,
3,公交车,2213,TSB,3-14 (132),เคหะบางพลี - BTS อุดมสุข;Bangphli National Housing - Udom Suk BTS Station,รถโดยสาร TSB รถปรับอากาศ;Bus TSB Air Condition,3,063970,เคหะบางพลี - BTS อุดมสุข,Bangphli National Housing - Udom Suk BTS Station,,未提供中文；保留泰文/英文原名,
3,公交车,2214,TSB,3-15 (133),เคหะบางพลี - BTS เอกมัย;Bangphli National Housing - BTS Ekkamai ,รถโดยสาร TSB รถปรับอากาศ;Bus TSB Air Condition,3,063970,เคหะบางพลี - BTS เอกมัย,Bangphli National Housing - BTS Ekkamai,,未提供中文；保留泰文/英文原名,
3,公交车,2216,BMTA,3-16E (139),ม.รามคำแหง 2 - อนุสาวรีย์ชัยสมรภูมิ (ทางด่วน);Ramkhamhaeng 2 - Victory Monument,รถโดยสารประจำทาง ขสมก รถปรับอากาศ;Bangkok Mass Transit Authority Air Condition,3,0000e6,ม.รามคำแหง 2 - อนุสาวรีย์ชัยสมรภูมิ (ทางด่วน),Ramkhamhaeng 2 - Victory Monument,,未提供中文；保留泰文/英文原名,
3,公交车,2217,BMTA,4-12 (68),แสมดำ - บางลำพู;Samae Dam - Bang Lamphu,รถโดยสารประจำทาง ขสมก รถธรรมดา มาตรฐาน 3;Bangkok Mass Transit Authority Ordinary Standard 3,3,ff0000,แสมดำ - บางลำพู,Samae Dam - Bang Lamphu,,未提供中文；保留泰文/英文原名,
3,公交车,2220,TSB,4-23E (140E),แสมดำ - อนุสาวรีย์ชัยสมรภูมิ (ทางด่วน);Samaedam - Victory Monument (Expressway),รถโดยสาร TSB รถปรับอากาศ;Bus TSB Air Condition,3,063970,แสมดำ - อนุสาวรีย์ชัยสมรภูมิ (ทางด่วน),Samaedam - Victory Monument (Expressway),,未提供中文；保留泰文/英文原名,
3,公交车,2222,TSB,4-26 (167),เคหะธนบุรี - สวนลุมพินี; Kheha Thonubri Bus Terminal- Lumphini Park,รถโดยสาร TSB รถปรับอากาศ;Bus TSB Air Condition,3,063970,เคหะธนบุรี - สวนลุมพินี,Kheha Thonubri Bus Terminal- Lumphini Park,,未提供中文；保留泰文/英文原名,
3,公交车,2223,TSB,4-21 (120),สมุทรสาคร - แยกบ้านแขก;Samut Sakhon - Ban Khaek Intersection,รถโดยสาร TSB รถปรับอากาศ;Bus TSB Air Condition,3,063970,สมุทรสาคร - แยกบ้านแขก,Samut Sakhon - Ban Khaek Intersection,,未提供中文；保留泰文/英文原名,
3,公交车,2225,TSB,4-37 (9),กัลปพฤกษ์ - สถานีรถไฟสามเสน;Kallaprapruk - Samsen Station,รถโดยสาร TSB รถปรับอากาศ;Bus TSB Air Condition,3,063970,กัลปพฤกษ์ - สถานีรถไฟสามเสน,Kallaprapruk - Samsen Station,,未提供中文；保留泰文/英文原名,
3,公交车,2227,TSB,4-36 (7),เอกชัย - หัวลำโพง;Ekachai - Hua Lamphong,รถโดยสาร TSB รถปรับอากาศ;Bus TSB Air Condition,3,063970,เอกชัย - หัวลำโพง,Ekachai - Hua Lamphong,,未提供中文；保留泰文/英文原名,
3,公交车,2228,TSB,4-38 (28),สายใต้ใหม่ (ตลิ่งชัน) - ม.ราชภัฏจันทรเกษม;Bus Terminal Southern (Talingchan) - Chandrakasem Rajabhat University,รถโดยสาร TSB รถปรับอากาศ;Bus TSB Air Condition,3,063970,สายใต้ใหม่ (ตลิ่งชัน) - ม.ราชภัฏจันทรเกษม,Bus Terminal Southern (Talingchan) - Chandrakasem Rajabhat University,,未提供中文；保留泰文/英文原名,
3,公交车,2230,TSB,4-39 (40), สายใต้ใหม่ (ตลิ่งชัน) - เอกมัย;Bus Terminal Southern (Talingchan) - Ekkamai,รถโดยสาร TSB รถปรับอากาศ;Bus TSB Air Condition,3,063970,สายใต้ใหม่ (ตลิ่งชัน) - เอกมัย,Bus Terminal Southern (Talingchan) - Ekkamai,,未提供中文；保留泰文/英文原名,
3,公交车,2232,BMTA,4-43 (80),วัดศรีนวลธรรมวิมล - สนามหลวง;Wat Srinualthammawimol - Sanamluang,รถโดยสารประจำทาง ขสมก รถปรับอากาศ มาตรฐาน 2 ยูโรทู/เทียบเท่า;Bangkok Mass Transit Authority Air Condition Stadard 2 EURO II,3,fe9a2e,วัดศรีนวลธรรมวิมล - สนามหลวง,Wat Srinualthammawimol - Sanamluang,,未提供中文；保留泰文/英文原名,
3,公交车,2233,TSB,4-45 (81),อ้อมน้อย - สนามหลวง ;Aom Noi - Sanam Luang,รถโดยสาร TSB รถปรับอากาศ;Bus TSB Air Condition,3,063970,อ้อมน้อย - สนามหลวง,Aom Noi - Sanam Luang,,未提供中文；保留泰文/英文原名,
3,公交车,2237,TSB,S7 (558),ท่าอากาศยานนานาชาติสุวรรณภูมิ - เคหะธนบุรี (ทางด่วน);Suvarnabhumi Airport - Thon Buri Community Housing 2,รถโดยสาร TSB รถปรับอากาศ;Bus TSB Air Condition,3,063970,ท่าอากาศยานนานาชาติสุวรรณภูมิ - เคหะธนบุรี (ทางด่วน),Suvarnabhumi Airport - Thon Buri Community Housing 2,,未提供中文；保留泰文/英文原名,
3,公交车,2238,TSB,4-46 (84),วัดไร่ขิง - สถานีรถไฟฟ้ากรุงธนบุรี;Wat Raikhing - BTS Krungthonburi,รถโดยสาร TSB รถปรับอากาศ;Bus TSB Air Condition,3,063970,วัดไร่ขิง - สถานีรถไฟฟ้ากรุงธนบุรี,Wat Raikhing - BTS Krungthonburi,,未提供中文；保留泰文/英文原名,
3,公交车,2239,TSB,4-47 (89),สถานีขนส่งผู้โดยสารกรุงเทพฯ (ถนนบรมราชชนนี) - มหาวิทยาลัยเทคโนโลยีราชมงคล (วิทยาเขตกรุงเทพฯ);Bangkok Bus Terminal (Borommaratchachonnani Road) - RMUTK,รถโดยสาร TSB รถปรับอากาศ;Bus TSB Air Condition,3,063970,สถานีขนส่งผู้โดยสารกรุงเทพฯ (ถนนบรมราชชนนี) - มหาวิทยาลัยเทคโนโลยีราชมงคล (วิทยาเขตกรุงเทพฯ),Bangkok Bus Terminal (Borommaratchachonnani Road) - RMUTK,,未提供中文；保留泰文/英文原名,
3,公交车,2241,BMTA,3-19E,แพรกษา - สถานีขนส่งผู้โดยสารกรุงเทพฯ (จตุจักร) (ทางด่วน);Praksa  - Mochit 2,รถโดยสารประจำทาง ขสมก รถปรับอากาศ;Bangkok Mass Transit Authority Air Condition,3,0000E6,แพรกษา - สถานีขนส่งผู้โดยสารกรุงเทพฯ (จตุจักร) (ทางด่วน),Praksa  - Mochit 2,,未提供中文；保留泰文/英文原名,
3,公交车,2242,BMTA,4-48 (7ก),อู่บรมราชชนนี - พาหุรัด;Borommaratchachonnani Bus Depot - Phahurat,รถโดยสารประจำทาง ขสมก รถธรรมดา มาตรฐาน 3;Bangkok Mass Transit Authority Ordinary Standard 3,3,ff0000,อู่บรมราชชนนี - พาหุรัด,Borommaratchachonnani Bus Depot - Phahurat,,未提供中文；保留泰文/英文原名,
3,公交车,2244,TSB,4-50 (123),"อ้อมใหญ่ - สนามหลวง;Om Yai, Sam Phran - Sanam Luang",รถโดยสาร TSB รถปรับอากาศ;Bus TSB Air Condition,3,063970,อ้อมใหญ่ - สนามหลวง,"Om Yai, Sam Phran - Sanam Luang",,未提供中文；保留泰文/英文原名,
3,公交车,2245,TSB,4-51 (124),บ้านเอื้ออาทรศาลายา - สนามหลวง;Ban Eua Arthorn Salaya  - Sanam Luang,รถโดยสาร TSB รถปรับอากาศ;Bus TSB Air Condition,3,063970,บ้านเอื้ออาทรศาลายา - สนามหลวง,Ban Eua Arthorn Salaya  - Sanam Luang,,未提供中文；保留泰文/英文原名,
3,公交车,2248,TSB,4-55 (163),สถานีรถไฟศาลายา- สถานีรถไฟฟ้าสนามกีฬาแห่งชาติ;Salaya - BTS National Stadium,รถโดยสาร TSB รถปรับอากาศ;Bus TSB Air Condition,3,063970,สถานีรถไฟศาลายา- สถานีรถไฟฟ้าสนามกีฬาแห่งชาติ,Salaya - BTS National Stadium,,未提供中文；保留泰文/英文原名,
3,公交车,2251,BMTA,4-60 (509),หมู่บ้านเศรษฐกิจ - หมอชิต 2;Economic village - Mo Chit 2,รถโดยสารประจำทาง ขสมก รถปรับอากาศ มาตรฐาน 2 ยูโรทู/เทียบเท่า;Bangkok Mass Transit Authority Air Condition Stadard 2 EURO II,3,fe9a2e,หมู่บ้านเศรษฐกิจ - หมอชิต 2,Economic village - Mo Chit 2,,未提供中文；保留泰文/英文原名,
3,公交车,2254,BMTA,4-62 (539),อ้อมน้อย - อนุสาวรีย์ชัยสมรภูมิ;Omnoi - Victory Monument,รถโดยสารประจำทาง เอกชน รถปรับอากาศ มาตรฐาน 2 ยูโรทู (ตามระยะ);Private Company Air Condition Stadard 2 EURO II (By the term),3,ffcc00,อ้อมน้อย - อนุสาวรีย์ชัยสมรภูมิ,Omnoi - Victory Monument,,未提供中文；保留泰文/英文原名,
3,公交车,2257,TSB,4-63 (547),หมู่บ้านเอื้ออาทรศาลายา - ถนนตก;Eua Athon Salaya - Thanon Tok,รถโดยสาร TSB รถปรับอากาศ;Bus TSB Air Condition,3,063970,หมู่บ้านเอื้ออาทรศาลายา - ถนนตก,Eua Athon Salaya - Thanon Tok,,未提供中文；保留泰文/英文原名,
3,公交车,2258,BMTA,4-64 (556),วัดไร่ขิง - อนุสาวรีย์ประชาธิปไตย;Wat Rai Khing - Democracy Monument,รถโดยสารประจำทาง ขสมก รถปรับอากาศ มาตรฐาน 2 ยูโรทู/เทียบเท่า;Bangkok Mass Transit Authority Air Condition Stadard 2 EURO II,3,fe9a2e,วัดไร่ขิง - อนุสาวรีย์ประชาธิปไตย,Wat Rai Khing - Democracy Monument,,未提供中文；保留泰文/英文原名,
3,公交车,2261,TSB,4-8 (35),เคหะธนบุรี - บางลำพู;Thonburi Housing - Bang Lamphu,รถโดยสาร TSB รถปรับอากาศ;Bus TSB Air Condition,3,063970,เคหะธนบุรี - บางลำพู,Thonburi Housing - Bang Lamphu,,未提供中文；保留泰文/英文原名,
3,公交车,2263,TSB,4-16 (85),บิ๊กซีสุขสวัสดิ์ - สถานีธนบุรี;Big C Suksawat - Thonburi Station,รถโดยสาร TSB รถปรับอากาศ;Bus TSB Air Condition,3,063970,บิ๊กซีสุขสวัสดิ์ - สถานีธนบุรี,Big C Suksawat - Thonburi Station,,未提供中文；保留泰文/英文原名,
3,公交车,2265,TSB,4-44 (80A),หมู่บ้าน วปอ. 11 - สวนหลวงพระราม 8;Thai NDC 11 Village - Suanluang Rama 8,รถโดยสาร TSB รถปรับอากาศ;Bus TSB Air Condition,3,063970,หมู่บ้าน วปอ. 11 - สวนหลวงพระราม 8,Thai NDC 11 Village - Suanluang Rama 8,,未提供中文；保留泰文/英文原名,
3,公交车,2266,TSB,4-49 (170),บรมราชชนนี - สถานีขนส่งหมอชิต 2;Borommaratchachonnani - Mochit 2,รถโดยสาร TSB รถปรับอากาศ;Bus TSB Air Condition,3,063970,บรมราชชนนี - สถานีขนส่งหมอชิต 2,Borommaratchachonnani - Mochit 2,,未提供中文；保留泰文/英文原名,
3,公交车,2267,BMTA,3-21 (207),มหาวิทยาลัยรามคำแหง 2 - มหาวิทยาลัยรามคำแหง ;Ramkhamhaeng 2 - Ramkhamhaeng,รถโดยสารประจำทาง ขสมก รถธรรมดา มาตรฐาน 3;Bangkok Mass Transit Authority Ordinary Standard 3,3,ff0000,มหาวิทยาลัยรามคำแหง 2 - มหาวิทยาลัยรามคำแหง,Ramkhamhaeng 2 - Ramkhamhaeng,,未提供中文；保留泰文/英文原名,
3,公交车,2268,BMTA,3-21 (207),มหาวิทยาลัยรามคำแหง 2 - มหาวิทยาลัยรามคำแหง ;Ramkhamhaeng 2 - Ramkhamhaeng,รถโดยสารประจำทาง ขสมก รถปรับอากาศ;Bangkok Mass Transit Authority Air Condition,3,0000e6,มหาวิทยาลัยรามคำแหง 2 - มหาวิทยาลัยรามคำแหง,Ramkhamhaeng 2 - Ramkhamhaeng,,未提供中文；保留泰文/英文原名,
3,公交车,2291,TSB,S3 (559),รังสิต - สนามบินสุวรรณภูมิ;Rangsit - Suvarnabhumi Airport,รถโดยสาร TSB รถปรับอากาศ;Bus TSB Air Condition,3,063970,รังสิต - สนามบินสุวรรณภูมิ,Rangsit - Suvarnabhumi Airport,,未提供中文；保留泰文/英文原名,
3,公交车,2293,TSB,3-35 (1),เซ็นทรัลพระราม 3 - สนามหลวง;Central Rama III - Sanam Luang,รถโดยสาร TSB รถปรับอากาศ;Bus TSB Air Condition,3,063970,เซ็นทรัลพระราม 3 - สนามหลวง,Central Rama III - Sanam Luang,,未提供中文；保留泰文/英文原名,
3,公交车,2294,TSB,3-36 (4),ท่าน้ำภาษีเจริญ - ท่าเรือคลองเตย;Phasi Charoen Pier - Bangkok Port (Klongtoey),รถโดยสาร TSB รถปรับอากาศ;Bus TSB Air Condition,3,063970,ท่าน้ำภาษีเจริญ - ท่าเรือคลองเตย,Phasi Charoen Pier - Bangkok Port (Klongtoey),,未提供中文；保留泰文/英文原名,
3,公交车,2297,TSB,3-37 (12),ศูนย์วัฒนธรรมแห่งประเทศไทย - สถานีรถไฟฟ้าสนามไชย;Thailand Cultural Centre Station - MRT Sanam Chai,รถโดยสาร TSB รถปรับอากาศ;Bus TSB Air Condition,3,063970,ศูนย์วัฒนธรรมแห่งประเทศไทย - สถานีรถไฟฟ้าสนามไชย,Thailand Cultural Centre Station - MRT Sanam Chai,,未提供中文；保留泰文/英文原名,
3,公交车,2300,TSB,3-39 (14),ถนนตก - ศรีย่าน;Thanon Tok - Sriyan ,รถโดยสาร TSB รถปรับอากาศ;Bus TSB Air Condition,3,063970,ถนนตก - ศรีย่าน,Thanon Tok - Sriyan,,未提供中文；保留泰文/英文原名,
3,公交车,2302,BMTA,3-40 (22),ถนนตก - แฮปปี้แลนด์;Thanon Tok - Happy Land,รถโดยสารประจำทาง ขสมก รถปรับอากาศ;Bangkok Mass Transit Authority Air Condition,3,0000e6,ถนนตก - แฮปปี้แลนด์,Thanon Tok - Happy Land,,未提供中文；保留泰文/英文原名,
3,公交车,2319,BMTA,3-51 (205),วงกลมอู่คลองเตย - เดอะมอลล์ท่าพระ (วนซ้าย);Klongtoey Depot - The mall Thapra,รถโดยสารประจำทาง ขสมก รถปรับอากาศ มาตรฐาน 2 ยูโรทู/เทียบเท่า;Bangkok Mass Transit Authority Air Condition Stadard 2 EURO II,3,FE9A2E,วงกลมอู่คลองเตย - เดอะมอลล์ท่าพระ (วนซ้าย),Klongtoey Depot - The mall Thapra,,未提供中文；保留泰文/英文原名,
3,公交车,2320,TSB,4-54E (157E),อ้อมใหญ่ - อนุสาวรีย์ชัยสมรภูมิ;Om Yai - Victory Monument,รถโดยสาร TSB รถปรับอากาศ;Bus TSB Air Condition,3,063970,อ้อมใหญ่ - อนุสาวรีย์ชัยสมรภูมิ,Om Yai - Victory Monument,,未提供中文；保留泰文/英文原名,
3,公交车,2321,TSB,2-4 (30),วัดปากน้ำนนทบุรี - สายใต้ (ปิ่นเกล้า);Wat Paknam Nonthaburi - Southern Bus (Pinklao),รถโดยสาร TSB รถปรับอากาศ;Bus TSB Air Condition,3,063970,วัดปากน้ำนนทบุรี - สายใต้ (ปิ่นเกล้า),Wat Paknam Nonthaburi - Southern Bus (Pinklao),,未提供中文；保留泰文/英文原名,
3,公交车,2322,BMTA,4-5 (101),ท่าเรือพระประแดง - อู่บรมราชชนนี;Phra Pradaeng Pier - Borommaratchachonnani Bus Depot,รถโดยสารประจำทาง ขสมก รถธรรมดา มาตรฐาน 3;Bangkok Mass Transit Authority Ordinary Standard 3,3,ff0000,ท่าเรือพระประแดง - อู่บรมราชชนนี,Phra Pradaeng Pier - Borommaratchachonnani Bus Depot,,未提供中文；保留泰文/英文原名,
3,公交车,2326,TSB,2-8 (51),วัดปรางค์หลวง - บางเขน;Wat Pang Luang - Bang Khen,รถโดยสาร TSB รถปรับอากาศ;Bus TSB Air Condition,3,063970,วัดปรางค์หลวง - บางเขน,Wat Pang Luang - Bang Khen,,未提供中文；保留泰文/英文原名,
3,公交车,2328,BMTA,2-47 (117),ศูนย์วัฒนธรรมแห่งประเทศไทย - ท่าเรือนนทบุรี;Thailand Cultural Center - Nonthaburi Pier,รถโดยสารประจำทาง ขสมก รถธรรมดา มาตรฐาน 3;Bangkok Mass Transit Authority Ordinary Standard 3,3,ff0000,ศูนย์วัฒนธรรมแห่งประเทศไทย - ท่าเรือนนทบุรี,Thailand Cultural Center - Nonthaburi Pier,,未提供中文；保留泰文/英文原名,
3,公交车,2329,TSB,2-48 (122),แฮปปี้แลนด์- สถานีขนส่งผู้โดยสารกรุงเทพฯ (จตุจักร);Happy Land - Bangkok Bus Terminal (Chatuchak),รถโดยสาร TSB รถปรับอากาศ;Bus TSB Air Condition,3,063970,แฮปปี้แลนด์- สถานีขนส่งผู้โดยสารกรุงเทพฯ (จตุจักร),Happy Land - Bangkok Bus Terminal (Chatuchak),,未提供中文；保留泰文/英文原名,
3,公交车,2330,TSB,1-77 (26A),มีนบุรี - คลองเตย;Minburi - Khlong Toei,รถโดยสาร TSB รถปรับอากาศ;Bus TSB Air Condition,3,063970,มีนบุรี - คลองเตย,Minburi - Khlong Toei,,未提供中文；保留泰文/英文原名,
3,公交车,2331,TSB,1-3 (34เสริม),บางเขน - หัวลำโพง;Bang Khen - Hua Lamphong,รถโดยสาร TSB รถปรับอากาศ;Bus TSB Air Condition,3,063970,บางเขน - หัวลำโพง,Bang Khen - Hua Lamphong,,未提供中文；保留泰文/英文原名,
3,公交车,2332,BMTA,1-10 (95),บางเขน - ARL หัวหมาก;Bangkhen - ARL Hua Mak Station,รถโดยสารประจำทาง ขสมก รถธรรมดา มาตรฐาน 3;Bangkok Mass Transit Authority Ordinary Standard 3,3,ff0000,บางเขน - ARL หัวหมาก,Bangkhen - ARL Hua Mak Station,,未提供中文；保留泰文/英文原名,
3,公交车,2333,BMTA,1-27 (90),BTS หมอชิต - ปทุมธานี;BTS Mochit - Pathumthani,รถโดยสารประจำทาง เอกชน รถธรรมดา มาตรฐาน 3;Private Company Ordinary Standard 3,3,fb99cb,BTS หมอชิต - ปทุมธานี,BTS Mochit - Pathumthani,,未提供中文；保留泰文/英文原名,
3,公交车,2335,BMTA,1-29 (95เลียบด่วน),บางเขน - ม.รามคำแหง;Bang Khen - Ramkhamhaeng University,รถโดยสารประจำทาง ขสมก รถธรรมดา มาตรฐาน 3;Bangkok Mass Transit Authority Ordinary Standard 3,3,ff0000,บางเขน - ม.รามคำแหง,Bang Khen - Ramkhamhaeng University,,未提供中文；保留泰文/英文原名,
3,公交车,2336,TSB,1-32E,บางเขน - สถานีรถไฟฟ้าตลาดพลู (ทางด่วน);Bang Khen - BTS Talat Phlu,รถโดยสาร TSB รถปรับอากาศ;Bus TSB Air Condition,3,063970,บางเขน - สถานีรถไฟฟ้าตลาดพลู (ทางด่วน),Bang Khen - BTS Talat Phlu,,未提供中文；保留泰文/英文原名,
3,公交车,2337,TSB,1-33,บางเขน - สถานีรถไฟฟ้าบางซื่อ;Bang Khen - Bang Sue Railway Station,รถโดยสาร TSB รถปรับอากาศ;Bus TSB Air Condition,3,063970,บางเขน - สถานีรถไฟฟ้าบางซื่อ,Bang Khen - Bang Sue Railway Station,,未提供中文；保留泰文/英文原名,
3,公交车,2345,BMTA,1-53 (501),หมู่บ้านนักกีฬาแหลมทอง - ท่าช้าง;Nakkila Laem Thong Village - Tha Chang,รถโดยสารประจำทาง ขสมก รถธรรมดา มาตรฐาน 3;Bangkok Mass Transit Authority Ordinary Standard 3,3,ff0000,หมู่บ้านนักกีฬาแหลมทอง - ท่าช้าง,Nakkila Laem Thong Village - Tha Chang,,未提供中文；保留泰文/英文原名,
3,公交车,2347,TSB,1-62,มีนบุรี - กระทรวงพาณิชย์;Minburi - Ministry of Commerce,รถโดยสาร TSB รถปรับอากาศ;Bus TSB Air Condition,3,063970,มีนบุรี - กระทรวงพาณิชย์,Minburi - Ministry of Commerce,,未提供中文；保留泰文/英文原名,
3,公交车,2348,TSB,1-63,ปัฐวิกรณ์ - สวนหลวงพระราม 8 ;Patthawikon - Suan Luang Rama VIII,รถโดยสาร TSB รถปรับอากาศ;Bus TSB Air Condition,3,063970,ปัฐวิกรณ์ - สวนหลวงพระราม 8,Patthawikon - Suan Luang Rama VIII,,未提供中文；保留泰文/英文原名,
3,公交车,2350,TSB,3-25E (552),ปากน้ำ - นิคมอุตสาหกรรมลาดกระบัง (ทางด่วน);Paknam - Industrial real estate agency in Bangkok,รถโดยสาร TSB รถปรับอากาศ;Bus TSB Air Condition,3,063970,ปากน้ำ - นิคมอุตสาหกรรมลาดกระบัง (ทางด่วน),Paknam - Industrial real estate agency in Bangkok,,未提供中文；保留泰文/英文原名,
3,公交车,2351,TSB,3-44,ท่าเรือคลองเตย - อนุสาวรีย์ชัยสมรภูมิ;Khlong Toei pier - Victory Monument,รถโดยสาร TSB รถปรับอากาศ;Bus TSB Air Condition,3,063970,ท่าเรือคลองเตย - อนุสาวรีย์ชัยสมรภูมิ,Khlong Toei pier - Victory Monument,,未提供中文；保留泰文/英文原名,
3,公交车,2353,TSB,3-27,ปู่เจ้าสมิงพราย - สวนสยาม;Phuchao Saming Phray - Suan Sayam,รถโดยสาร TSB รถปรับอากาศ;Bus TSB Air Condition,3,063970,ปู่เจ้าสมิงพราย - สวนสยาม,Phuchao Saming Phray - Suan Sayam,,未提供中文；保留泰文/英文原名,
3,公交车,2362,BMTA,1-80E,สวนสยาม - MRT สนามไชย (ทางด่วน);Siam Park - MRT Sanam Chai,รถโดยสารประจำทาง ขสมก รถธรรมดา มาตรฐาน 3;Bangkok Mass Transit Authority Ordinary Standard 3,3,ff0000,สวนสยาม - MRT สนามไชย (ทางด่วน),Siam Park - MRT Sanam Chai,,未提供中文；保留泰文/英文原名,
3,公交车,2364,TSB,1-73L,วงกลมนิคมอุตสาหกรรมนำไกร - ร่มเกล้า (วนซ้าย);Nam Krai Industrial Estate - Rom Klao,รถโดยสาร TSB รถปรับอากาศ;Bus TSB Air Condition,3,063970,วงกลมนิคมอุตสาหกรรมนำไกร - ร่มเกล้า (วนซ้าย),Nam Krai Industrial Estate - Rom Klao,,未提供中文；保留泰文/英文原名,
3,公交车,2365,TSB,1-71L,วงกลมลำผักชี - มีนบุรี - ฉลองกรุง (วนซ้าย);Lam Phak Chi - Minburi - Celebrating the capital ,รถโดยสาร TSB รถปรับอากาศ;Bus TSB Air Condition,3,063970,วงกลมลำผักชี - มีนบุรี - ฉลองกรุง (วนซ้าย),Lam Phak Chi - Minburi - Celebrating the capital,,未提供中文；保留泰文/英文原名,
3,公交车,2366,TSB,1-64L,วงกลมซาฟารีเวิลด์ - นวลจันทร์ (วนซ้าย);Safari World - Nuanchan,รถโดยสาร TSB รถปรับอากาศ;Bus TSB Air Condition,3,063970,วงกลมซาฟารีเวิลด์ - นวลจันทร์ (วนซ้าย),Safari World - Nuanchan,,未提供中文；保留泰文/英文原名,
3,公交车,2371,BMTA,3-31,เมกาบางนา - บางบอน;Megabangna - Bang Bon,รถโดยสารประจำทาง ขสมก รถธรรมดา มาตรฐาน 3;Bangkok Mass Transit Authority Ordinary Standard 3,3,FF0000,เมกาบางนา - บางบอน,Megabangna - Bang Bon,,未提供中文；保留泰文/英文原名,
3,公交车,2373,TSB,2-17L,วงกลมสถานีรถไฟบางซื่อ - ม.เกษตรศาสตร์ (วนซ้าย);Bang Sue Railway Station - Kasetsart University,รถโดยสาร TSB รถปรับอากาศ;Bus TSB Air Condition,3,063970,วงกลมสถานีรถไฟบางซื่อ - ม.เกษตรศาสตร์ (วนซ้าย),Bang Sue Railway Station - Kasetsart University,,未提供中文；保留泰文/英文原名,
3,公交车,2374,TSB,2-18E (69E),ตลาดท่าอิฐ - รามคำแหง (ทางด่วน);Tha It Market - Ramkhamhaeng (Expressway),รถโดยสาร TSB รถปรับอากาศ;Bus TSB Air Condition,3,063970,ตลาดท่าอิฐ - รามคำแหง (ทางด่วน),Tha It Market - Ramkhamhaeng (Expressway),,未提供中文；保留泰文/英文原名,
3,公交车,2375,BMTA,2-28,ตลาดบางบัวทอง - สถานีรถไฟฟ้าลุมพินี;Bang Bua Thong Market - BTS Lumpini,รถโดยสารประจำทาง ขสมก รถธรรมดา มาตรฐาน 3;Bangkok Mass Transit Authority Ordinary Standard 3,3,ff0000,ตลาดบางบัวทอง - สถานีรถไฟฟ้าลุมพินี,Bang Bua Thong Market - BTS Lumpini,,未提供中文；保留泰文/英文原名,
3,公交车,2376,TSB,3-32,สำโรง - สวนสยาม;Samrong - Suan Sayam,รถโดยสาร TSB รถปรับอากาศ;Bus TSB Air Condition,3,063970,สำโรง - สวนสยาม,Samrong - Suan Sayam,,未提供中文；保留泰文/英文原名,
3,公交车,2378,TSB,3-34,บางนา - นิคมอุตสาหกรรมลาดกระบัง;Bang Na - Industrial real estate agency in Bangkok,รถโดยสาร TSB รถปรับอากาศ;Bus TSB Air Condition,3,063970,บางนา - นิคมอุตสาหกรรมลาดกระบัง,Bang Na - Industrial real estate agency in Bangkok,,未提供中文；保留泰文/英文原名,
3,公交车,2380,BMTA,2-32E (70E),ประชานิเวศน์ 3 - สนามหลวง (ทางด่วน);Prachaniwet 3 - Sanam Luang,รถโดยสารประจำทาง ขสมก รถธรรมดา มาตรฐาน 3;Bangkok Mass Transit Authority Ordinary Standard 3,3,ff0000,ประชานิเวศน์ 3 - สนามหลวง (ทางด่วน),Prachaniwet 3 - Sanam Luang,,未提供中文；保留泰文/英文原名,
3,公交车,2381,TSB,3-52L,วงกลมพระราม 3 - หัวลำโพง (วนซ้าย);Rama III - Hua Lamphong,รถโดยสาร TSB รถปรับอากาศ;Bus TSB Air Condition,3,063970,วงกลมพระราม 3 - หัวลำโพง (วนซ้าย),Rama III - Hua Lamphong,,未提供中文；保留泰文/英文原名,
3,公交车,2382,TSB,3-53,สถานีรถไฟฟ้าหัวหมาก - เสาชิงช้า;Hua Mak station - The Giant Swing,รถโดยสาร TSB รถปรับอากาศ;Bus TSB Air Condition,3,063970,สถานีรถไฟฟ้าหัวหมาก - เสาชิงช้า,Hua Mak station - The Giant Swing,,未提供中文；保留泰文/英文原名,
3,公交车,2383,BMTA,2-33,หมู่บ้านบัวทองเคหะ  - สถานีรถไฟฟ้าบางซื่อ;Baan Buathong Kheha - Bang Sue Railway Station,รถโดยสารประจำทาง ขสมก รถธรรมดา มาตรฐาน 3;Bangkok Mass Transit Authority Ordinary Standard 3,3,FF0000,หมู่บ้านบัวทองเคหะ  - สถานีรถไฟฟ้าบางซื่อ,Baan Buathong Kheha - Bang Sue Railway Station,,未提供中文；保留泰文/英文原名,
3,公交车,2386,TSB,3-54,ท่าน้ำภาษีเจริญ - อนุสาวรีย์ชัยสมรภูมิ;Phasi Charoen Pier - Victory Monument,รถโดยสาร TSB รถปรับอากาศ;Bus TSB Air Condition,3,063970,ท่าน้ำภาษีเจริญ - อนุสาวรีย์ชัยสมรภูมิ,Phasi Charoen Pier - Victory Monument,,未提供中文；保留泰文/英文原名,
3,公交车,2387,TSB,3-55,ท่าเรือคลองเตย - พระราม 7;Bangkok Port - Rama 7,รถโดยสาร TSB รถปรับอากาศ;Bus TSB Air Condition,3,063970,ท่าเรือคลองเตย - พระราม 7,Bangkok Port - Rama 7,,未提供中文；保留泰文/英文原名,
3,公交车,2390,TSB,2-34L,วงกลมสถานีรถไฟสามเสน - ดินแดง (วนซ้าย);Samsen Railway Station - Din Daeng,รถโดยสาร TSB รถปรับอากาศ;Bus TSB Air Condition,3,063970,วงกลมสถานีรถไฟสามเสน - ดินแดง (วนซ้าย),Samsen Railway Station - Din Daeng,,未提供中文；保留泰文/英文原名,
3,公交车,2394,TSB,3-23E (513),สำโรง - ศูนย์ราชการฯ แจ้งวัฒนะ (ทางด่วน);Samrong - Government Complex Chaeng Watthana,รถโดยสาร TSB รถปรับอากาศ;Bus TSB Air Condition,3,063970,สำโรง - ศูนย์ราชการฯ แจ้งวัฒนะ (ทางด่วน),Samrong - Government Complex Chaeng Watthana,,未提供中文；保留泰文/英文原名,
3,公交车,2396,BMTA,2-53L,วงกลมอนุสาวรีย์ชัยสมรภูมิ - รัชดาภิเษก (วนซ้าย);Victory Monument -  Ratchadapisek,รถโดยสารประจำทาง ขสมก รถธรรมดา มาตรฐาน 3;Bangkok Mass Transit Authority Ordinary Standard 3,3,ff0000,วงกลมอนุสาวรีย์ชัยสมรภูมิ - รัชดาภิเษก (วนซ้าย),Victory Monument -  Ratchadapisek,,未提供中文；保留泰文/英文原名,
3,公交车,2399,BMTA,2-36,วัดคลองเสมียนตรา - ศูนย์ราชการฯ แจ้งวัฒนะ;Wat Khlong Samian Tra - Government Complex,รถโดยสารประจำทาง ขสมก รถธรรมดา มาตรฐาน 3;Bangkok Mass Transit Authority Ordinary Standard 3,3,ff0000,วัดคลองเสมียนตรา - ศูนย์ราชการฯ แจ้งวัฒนะ,Wat Khlong Samian Tra - Government Complex,,未提供中文；保留泰文/英文原名,
3,公交车,2400,TSB,4-10 (42L),วงกลมเสาชิงช้า - ท่าพระ (วนซ้าย);Sao Ching Cha - Tha Phra,รถโดยสาร TSB รถปรับอากาศ;Bus TSB Air Condition,3,063970,วงกลมเสาชิงช้า - ท่าพระ (วนซ้าย),Sao Ching Cha - Tha Phra,,未提供中文；保留泰文/英文原名,
3,公交车,2401,BMTA,4-18 (105),สมุทรสาคร - พระราม 2 - สถานีรถไฟฟ้ากรุงธนบุรี;Samut Sakhon - Rama 2 - BTS Krung Thon Buri,รถโดยสารประจำทาง ขสมก รถธรรมดา มาตรฐาน 3;Bangkok Mass Transit Authority Ordinary Standard 3,3,FF0000,สมุทรสาคร - พระราม 2 - สถานีรถไฟฟ้ากรุงธนบุรี,Samut Sakhon - Rama 2 - BTS Krung Thon Buri,,未提供中文；保留泰文/英文原名,
3,公交车,2402,TSB,4-19 (108L),วงกลมสถานีรถไฟฟ้าตลาดพลู - อนุสาวรีย์ชัยสมรภูมิ (วนซ้าย);BTS Talat Phlu - Victory Monument ,รถโดยสาร TSB รถปรับอากาศ;Bus TSB Air Condition,3,063970,วงกลมสถานีรถไฟฟ้าตลาดพลู - อนุสาวรีย์ชัยสมรภูมิ (วนซ้าย),BTS Talat Phlu - Victory Monument,,未提供中文；保留泰文/英文原名,
3,公交车,2407,TSB,4-41 (57R),วงกลมตลิ่งขัน - ธนบุรี (วนขวา);Talingcha - Thonburi,รถโดยสาร TSB รถปรับอากาศ;Bus TSB Air Condition,3,063970,วงกลมตลิ่งขัน - ธนบุรี (วนขวา),Talingcha - Thonburi,,未提供中文；保留泰文/英文原名,
3,公交车,2408,TSB,4-52 (146L),วงกลม : บางแค - ตลิ่งชัน (วนซ้าย);Bang Khae - Taling Chan,รถโดยสาร TSB รถปรับอากาศ;Bus TSB Air Condition,3,063970,วงกลม : บางแค - ตลิ่งชัน (วนซ้าย),Bang Khae - Taling Chan,,未提供中文；保留泰文/英文原名,
3,公交车,2409,TSB,4-56 (165),ศาลาธรรมสพน์ - สถานีรถไฟฟ้ากรุงธนบุรี;Salah Thammaphan - Krung Thonburi BTS Station,รถโดยสาร TSB รถปรับอากาศ;Bus TSB Air Condition,3,063970,ศาลาธรรมสพน์ - สถานีรถไฟฟ้ากรุงธนบุรี,Salah Thammaphan - Krung Thonburi BTS Station,,未提供中文；保留泰文/英文原名,
3,公交车,2410,BMTA,4-57L,วงกลมบรมราชชนนี - ทวีวัฒนา;Borommaratchachonnani - Thawi Watthana,รถโดยสารประจำทาง ขสมก รถธรรมดา มาตรฐาน 3;Bangkok Mass Transit Authority Ordinary Standard 3,3,ff0000,วงกลมบรมราชชนนี - ทวีวัฒนา,Borommaratchachonnani - Thawi Watthana,,未提供中文；保留泰文/英文原名,
3,公交车,2417,TSB,4-67,สถานีรถไฟศาลายา - กระทรวงพาณิชย์;Sala Ya Railway Station - Ministry of Commerce,รถโดยสาร TSB รถปรับอากาศ;Bus TSB Air Condition,3,063970,สถานีรถไฟศาลายา - กระทรวงพาณิชย์,Sala Ya Railway Station - Ministry of Commerce,,未提供中文；保留泰文/英文原名,
3,公交车,2418,TSB,4-68,สวนผัก - ถนนตก;Suan Phak Rd. - Thanon Tok,รถโดยสาร TSB รถปรับอากาศ;Bus TSB Air Condition,3,063970,สวนผัก - ถนนตก,Suan Phak Rd. - Thanon Tok,,未提供中文；保留泰文/英文原名,
3,公交车,2419,BMTA,4-33E,พระประแดง - หมอชิต 2 (ทางด่วน);Phra Pradaeng - Mo Chit 2,รถโดยสารประจำทาง ขสมก รถปรับอากาศ มาตรฐาน 2 ยูโรทู/เทียบเท่า;Bangkok Mass Transit Authority Air Condition Stadard 2 EURO II,3,FE9A2E,พระประแดง - หมอชิต 2 (ทางด่วน),Phra Pradaeng - Mo Chit 2,,未提供中文；保留泰文/英文原名,
3,公交车,2420,BMTA,4-35,วงกลมคลองสาน - เทเวศร์ (วนซ้าย);Khlong San - Thewes,รถโดยสารประจำทาง ขสมก รถธรรมดา มาตรฐาน 3;Bangkok Mass Transit Authority Ordinary Standard 3,3,FF0000,วงกลมคลองสาน - เทเวศร์ (วนซ้าย),Khlong San - Thewes,,未提供中文；保留泰文/英文原名,
3,公交车,2421,BMTA,4-69,บรมราชชนนี - พระราม 9;Borommaratchachonnani - Phra Ram 9,รถโดยสารประจำทาง ขสมก รถปรับอากาศ;Bangkok Mass Transit Authority Air Condition,3,0000E6,บรมราชชนนี - พระราม 9,Borommaratchachonnani - Phra Ram 9,,未提供中文；保留泰文/英文原名,
3,公交车,2423,BMTA,4-70E,เซ็นทรัลศาลายา - สถานีรถไฟฟ้าหมอชิต    (ทางด่วน);Central Salaya - BTS Mo Chit,รถโดยสารประจำทาง ขสมก รถปรับอากาศ;Bangkok Mass Transit Authority Air Condition,3,0000e6,เซ็นทรัลศาลายา - สถานีรถไฟฟ้าหมอชิต    (ทางด่วน),Central Salaya - BTS Mo Chit,,未提供中文；保留泰文/英文原名,
3,公交车,2424,TSB,4-27E (173E),บางขุนเทียน - แฮปปี้แลนด์ (ทางด่วน);Bang Khun Thian - Happy Land (E),รถโดยสาร TSB รถปรับอากาศ;Bus TSB Air Condition,3,063970,บางขุนเทียน - แฮปปี้แลนด์ (ทางด่วน),Bang Khun Thian - Happy Land (E),,未提供中文；保留泰文/英文原名,
3,公交车,2425,TSB,4-28 (529),แสมดำ - อนุสาวรีย์ชัยสมรภูมิ;Samae Dam - Victory Monument,รถโดยสาร TSB รถปรับอากาศ;Bus TSB Air Condition,3,063970,แสมดำ - อนุสาวรีย์ชัยสมรภูมิ,Samae Dam - Victory Monument,,未提供中文；保留泰文/英文原名,
3,公交车,2426,TSB,4-29E (529),แสมดำ - สถานีชนส่งผู้โดยสารกรุงเทพ (จตุจักร) (ทางด่วน);Samae Dam - Bangkok Bus Terminal (Chatuchak),รถโดยสาร TSB รถปรับอากาศ;Bus TSB Air Condition,3,063970,แสมดำ - สถานีชนส่งผู้โดยสารกรุงเทพ (จตุจักร) (ทางด่วน),Samae Dam - Bangkok Bus Terminal (Chatuchak),,未提供中文；保留泰文/英文原名,
3,公交车,2427,BMTA,4-2 (15),วงกลมBRT ราชพฤกษ์ - บางลำพู - สยาม (วนซ้าย);BRT Ratchapruek - Bang Lamphu - Siam,รถโดยสารประจำทาง ขสมก รถธรรมดา มาตรฐาน 3;Bangkok Mass Transit Authority Ordinary Standard 3,3,ff0000,วงกลมBRT ราชพฤกษ์ - บางลำพู - สยาม (วนซ้าย),BRT Ratchapruek - Bang Lamphu - Siam,,未提供中文；保留泰文/英文原名,
3,公交车,2428,TSB,4-25 (147R),วงกลมเคหะธนบุรี - บางแค (วนขวา);Thonburi Housing - Bang Khae,รถโดยสาร TSB รถปรับอากาศ;Bus TSB Air Condition,3,063970,วงกลมเคหะธนบุรี - บางแค (วนขวา),Thonburi Housing - Bang Khae,,未提供中文；保留泰文/英文原名,
3,公交车,2429,TSB,1-76 (168L) ,วงกลมหมู่บ้านบัวขาว - มีนบุรี (วนซ้าย);Bua Khao Village - Minburi,รถโดยสาร TSB รถปรับอากาศ;Bus TSB Air Condition,3,063970,วงกลมหมู่บ้านบัวขาว - มีนบุรี (วนซ้าย),Bua Khao Village - Minburi,,未提供中文；保留泰文/英文原名,
3,公交车,2431,TSB,4-34L,วงกลมเคหะธนบุรี - พระประแดง (วนซ้าย);Thonburi Housing - Phra Pradaeng,รถโดยสาร TSB รถปรับอากาศ;Bus TSB Air Condition,3,063970,วงกลมเคหะธนบุรี - พระประแดง (วนซ้าย),Thonburi Housing - Phra Pradaeng,,未提供中文；保留泰文/英文原名,
3,公交车,2437,TSB,2-22 (175),ท่าน้ำนนทบุรี - ถนนตก;Nonthaburi Pier - Tok Road,รถโดยสาร TSB รถปรับอากาศ;Bus TSB Air Condition,3,063970,ท่าน้ำนนทบุรี - ถนนตก,Nonthaburi Pier - Tok Road,,未提供中文；保留泰文/英文原名,
3,公交车,2457,BMTA,3-5 (23),ปู่เจ้าสมิงพราย - เทเวศร์;Pu Chao Saming Phrai - Thewet,รถโดยสารประจำทาง ขสมก รถปรับอากาศ BLK;Bangkok Mass Transit Authority Air Condition BLK,3,05ADFB,ปู่เจ้าสมิงพราย - เทเวศร์,Pu Chao Saming Phrai - Thewet,,未提供中文；保留泰文/英文原名,
3,公交车,2460,BMTA,2-7 (50),พระราม 7 - สวนลุมพินี;RAMA VII Bridge - Lumphini Park,รถโดยสารประจำทาง ขสมก รถปรับอากาศ มาตรฐาน 2 ยูโรทู/เทียบเท่า;Bangkok Mass Transit Authority Air Condition Stadard 2 EURO II,3,fe9a2e,พระราม 7 - สวนลุมพินี,RAMA VII Bridge - Lumphini Park,,未提供中文；保留泰文/英文原名,
3,公交车,2464,BMTA,3-42 (62),สาธุประดิษฐ์ - อนุสาวรีย์ชัยสมรภูมิ;Sathupradit - Victory Monument,รถโดยสารประจำทาง ขสมก รถปรับอากาศ;Bangkok Mass Transit Authority Air Condition,3,0000e6,สาธุประดิษฐ์ - อนุสาวรีย์ชัยสมรภูมิ,Sathupradit - Victory Monument,,未提供中文；保留泰文/英文原名,
3,公交车,2470,TSB,4-13 (75),พุทธบูชา - หัวลำโพง;Buddha worship - Hua Lamphong,รถโดยสาร TSB รถปรับอากาศ;Bus TSB Air Condition,3,063970,พุทธบูชา - หัวลำโพง,Buddha worship - Hua Lamphong,,未提供中文；保留泰文/英文原名,
3,公交车,2471,BMTA,2-43 (49),กรุงเทพอภิวัฒน์ - หัวลำโพง;Krung Thep Aphiwat - Hua Lamphong,รถโดยสารประจำทาง ขสมก รถปรับอากาศ มาตรฐาน 2 ยูโรทู/เทียบเท่า;Bangkok Mass Transit Authority Air Condition Stadard 2 EURO II,3,fe9a2e,กรุงเทพอภิวัฒน์ - หัวลำโพง,Krung Thep Aphiwat - Hua Lamphong,,未提供中文；保留泰文/英文原名,
3,公交车,2472,BMTA,2-7 (50),พระราม 7 - สวนลุมพินี;RAMA VII Bridge - Lumphini Park,รถโดยสารประจำทาง ขสมก รถธรรมดา มาตรฐาน 3;Bangkok Mass Transit Authority Ordinary Standard 3,3,ff0000,พระราม 7 - สวนลุมพินี,RAMA VII Bridge - Lumphini Park,,未提供中文；保留泰文/英文原名,
3,公交车,2473,BMTA,1-38 (60),สวนสยาม - สถานีรถไฟฟ้าสนามไชย;Siam Park - MRT Sanam Chai,รถโดยสารประจำทาง ขสมก รถปรับอากาศ มาตรฐาน 2 ยูโรทู/เทียบเท่า;Bangkok Mass Transit Authority Air Condition Stadard 2 EURO II,3,fe9a2e,สวนสยาม - สถานีรถไฟฟ้าสนามไชย,Siam Park - MRT Sanam Chai,,未提供中文；保留泰文/英文原名,
3,公交车,2475,BMTA,63,MRT พระนั่งเกล้า - อนุสาวรีย์ชัยสมรภูมิ;MRT Phra Nang Klao - Victory Monument,รถโดยสารประจำทาง ขสมก รถปรับอากาศ มาตรฐาน 2 ยูโรทู/เทียบเท่า;Bangkok Mass Transit Authority Air Condition Stadard 2 EURO II,3,fe9a2e,MRT พระนั่งเกล้า - อนุสาวรีย์ชัยสมรภูมิ,MRT Phra Nang Klao - Victory Monument,,未提供中文；保留泰文/英文原名,
3,公交车,2476,BMTA,2-14 (70),ประชานิเวศน์ 3 - สนามหลวง;Prachaniwet 3 - Sanamluang,รถโดยสารประจำทาง ขสมก รถปรับอากาศ มาตรฐาน 2 ยูโรทู/เทียบเท่า;Bangkok Mass Transit Authority Air Condition Stadard 2 EURO II,3,fe9a2e,ประชานิเวศน์ 3 - สนามหลวง,Prachaniwet 3 - Sanamluang,,未提供中文；保留泰文/英文原名,
3,公交车,2477,TSB,3-45 (77),หมอชิต 2 - เซ็นทรัลพระราม 3;Mochit 2 - Central RAMA 3,รถโดยสาร TSB รถปรับอากาศ;Bus TSB Air Condition,3,063970,หมอชิต 2 - เซ็นทรัลพระราม 3,Mochit 2 - Central RAMA 3,,未提供中文；保留泰文/英文原名,
3,公交车,2482,TSB,2-19 (127),ตลาดบางบัวทอง - บางลำพู;Bang Buathong Market - Bang Lamphu,รถโดยสาร TSB รถปรับอากาศ;Bus TSB Air Condition,3,063970,ตลาดบางบัวทอง - บางลำพู,Bang Buathong Market - Bang Lamphu,,未提供中文；保留泰文/英文原名,
3,公交车,2484,TSB,2-16 (104),ปากเกร็ด - หมอชิต 2;Pakkred - Mochit 2,รถโดยสาร TSB รถปรับอากาศ;Bus TSB Air Condition,3,063970,ปากเกร็ด - หมอชิต 2,Pakkred - Mochit 2,,未提供中文；保留泰文/英文原名,
3,公交车,2491,BMTA,2-20 (134),ม.บัวทองเคหะ - หมอชิต 2;Buathong Keha Village - Mochit 2,รถโดยสารประจำทาง ขสมก รถปรับอากาศ;Bangkok Mass Transit Authority Air Condition,3,0000e6,ม.บัวทองเคหะ - หมอชิต 2,Buathong Keha Village - Mochit 2,,未提供中文；保留泰文/英文原名,
3,公交车,2494,BMTA,166 ศูนย์ราชการ,ศูนย์ราชการแจ้งวัฒนะ - อนุสาวรีย์ชัยสมรภูมิ;Government Complex - Victory Monument,รถโดยสารประจำทาง ขสมก รถธรรมดา มาตรฐาน 3;Bangkok Mass Transit Authority Ordinary Standard 3,3,ff0000,ศูนย์ราชการแจ้งวัฒนะ - อนุสาวรีย์ชัยสมรภูมิ,Government Complex - Victory Monument,,未提供中文；保留泰文/英文原名,
3,公交车,2497,BMTA,3-18 (145),แพรกษาบ่อดิน - หมอชิต 2;Praksa-Bodin - Mochit 2,รถโดยสารประจำทาง ขสมก รถปรับอากาศ มาตรฐาน 2 ยูโรทู/เทียบเท่า;Bangkok Mass Transit Authority Air Condition Stadard 2 EURO II,3,fe9a2e,แพรกษาบ่อดิน - หมอชิต 2,Praksa-Bodin - Mochit 2,,未提供中文；保留泰文/英文原名,
3,公交车,2499,BMTA,1-25 (543),ลำลูกกา คลอง 7 - บางเขน;Lumlukka Klong 7 - Bangkhen,รถโดยสารประจำทาง ขสมก รถปรับอากาศ มาตรฐาน 2 ยูโรทู/เทียบเท่า;Bangkok Mass Transit Authority Air Condition Stadard 2 EURO II,3,fe9a2e,ลำลูกกา คลอง 7 - บางเขน,Lumlukka Klong 7 - Bangkhen,,未提供中文；保留泰文/英文原名,
3,公交车,2501,BMTA,1-36 (26),มีนบุรี - หมอชิต 2;Minburi - Mo Chit 2,รถโดยสารประจำทาง ขสมก รถธรรมดา มาตรฐาน 3;Bangkok Mass Transit Authority Ordinary Standard 3,3,FF0000,มีนบุรี - หมอชิต 2,Minburi - Mo Chit 2,,未提供中文；保留泰文/英文原名,
3,公交车,2504,BMTA,2-37 (3),คลองสาน - กรุงเทพอถิวัฒน์;Klongsan - Krung Thep Aphiwat,รถโดยสารประจำทาง ขสมก รถธรรมดา มาตรฐาน 3;Bangkok Mass Transit Authority Ordinary Standard 3,3,ff0000,คลองสาน - กรุงเทพอถิวัฒน์,Klongsan - Krung Thep Aphiwat,,未提供中文；保留泰文/英文原名,
3,公交车,2506,BMTA,178 เสริม,นวมินทร์ - เกษตร;Nawamin - Kaset,รถโดยสารประจำทาง ขสมก รถธรรมดา มาตรฐาน 3;Bangkok Mass Transit Authority Ordinary Standard 3,3,ff0000,นวมินทร์ - เกษตร,Nawamin - Kaset,,未提供中文；保留泰文/英文原名,
3,公交车,2510,BMTA,2-20 (134),ม.บัวทองเคหะ - หมอชิต 2;Buathong Keha Village - Mochit 2,รถโดยสารประจำทาง ขสมก รถธรรมดา มาตรฐาน 3 (พิเศษ);Bangkok Mass Transit Authority Ordinary Standard 3 (special),3,ff0000,ม.บัวทองเคหะ - หมอชิต 2,Buathong Keha Village - Mochit 2,,未提供中文；保留泰文/英文原名,
3,公交车,2515,BMTA,1-38 (60),สวนสยาม - สถานีรถไฟฟ้าสนามไชย;Siam Park - MRT Sanam Chai,รถโดยสารประจำทาง ขสมก รถธรรมดา มาตรฐาน 3 (พิเศษ);Bangkok Mass Transit Authority Ordinary Standard 3 (special),3,ff0000,สวนสยาม - สถานีรถไฟฟ้าสนามไชย,Siam Park - MRT Sanam Chai,,未提供中文；保留泰文/英文原名,
3,公交车,2516,BMTA,3-42 (62),สาธุประดิษฐ์ - อนุสาวรีย์ชัยสมรภูมิ;Sathupradit - Victory Monument,รถโดยสารประจำทาง ขสมก รถธรรมดา มาตรฐาน 3;Bangkok Mass Transit Authority Ordinary Standard 3,3,ff0000,สาธุประดิษฐ์ - อนุสาวรีย์ชัยสมรภูมิ,Sathupradit - Victory Monument,,未提供中文；保留泰文/英文原名,
3,公交车,2517,TSB,1-24E (538E),มทร.ธัญบุรี - รพ.สงฆ์ (ทางด่วน);RMUTT Thanyaburi - Priest Hospital (Expressway),รถโดยสาร TSB รถปรับอากาศ;Bus TSB Air Condition,3,063970,มทร.ธัญบุรี - รพ.สงฆ์ (ทางด่วน),RMUTT Thanyaburi - Priest Hospital (Expressway),,未提供中文；保留泰文/英文原名,
3,公交车,2519,TSB,1-2E (34E),รังสิต - หัวลำโพง;Rangsit - Hua Lamphong ,รถโดยสาร TSB รถปรับอากาศ;Bus TSB Air Condition,3,063970,รังสิต - หัวลำโพง,Rangsit - Hua Lamphong,,未提供中文；保留泰文/英文原名,
3,公交车,2521,BMA,B2,ศาลาว่าการกรุงเทพมหานคร 2 - BTS สนามเป้า;BMA Bangkok City Hall 2 - BTS Sanam Pao,รถโดยสาร BMA Feeder รถปรับอากาศ;BMA Feeder Air bus,3,47D503,ศาลาว่าการกรุงเทพมหานคร 2 - BTS สนามเป้า,BMA Bangkok City Hall 2 - BTS Sanam Pao,,未提供中文；保留泰文/英文原名,
3,公交车,2523,BMA,B3,เคหะร่มเกล้า - ARL ลาดกระบัง;Kheha Romklao - ARL Lat Krabang,รถโดยสาร BMA Feeder รถปรับอากาศ;BMA Feeder Air bus,3,47D503,เคหะร่มเกล้า - ARL ลาดกระบัง,Kheha Romklao - ARL Lat Krabang,,未提供中文；保留泰文/英文原名,
3,公交车,2524,BMA,รถท่องเที่ยว 4 ตลาดน้ำ,MRT บางขุนนนท์ - 4 ตลาดน้ำ;MRT Bang Khun Non - 4 Floating Market,รถโดยสาร BMA Feeder รถปรับอากาศ;BMA Feeder Air bus,3,47d503,MRT บางขุนนนท์ - 4 ตลาดน้ำ,MRT Bang Khun Non - 4 Floating Market,,未提供中文；保留泰文/英文原名,
3,公交车,2525,BMA,สายสามเสน,สามเสน - ตั้งฮั่วเส็ง;Sam Sen - Tang Hua Seng,รถโดยสาร BMA Feeder รถปรับอากาศ;BMA Feeder Air bus,3,47d503,สามเสน - ตั้งฮั่วเส็ง,Sam Sen - Tang Hua Seng,,未提供中文；保留泰文/英文原名,
3,公交车,2570,TBCOK,1,หมู่บ้านตรีทิพย์ - รอบเมือง;Trithip Village - Rop Muang,รถโดยสารต่างจังหวัด รถโดยสารจังหวัดกระบี่ หมวด 1;Provincial bus Krabi Bus 1,3,EB0D0D,หมู่บ้านตรีทิพย์ - รอบเมือง,Trithip Village - Rop Muang,,未提供中文；保留泰文/英文原名,
3,公交车,2572,BMTA,2-29,MRT คลองบางไผ่ - เซ็นทรัลพระราม 2;MRT Khlong BangPhai - Central Rama 2,รถโดยสารประจำทาง ขสมก รถธรรมดา มาตรฐาน 3;Bangkok Mass Transit Authority Ordinary Standard 3,3,FF0000,MRT คลองบางไผ่ - เซ็นทรัลพระราม 2,MRT Khlong BangPhai - Central Rama 2,,未提供中文；保留泰文/英文原名,
3,公交车,2573,TC,950,กรุงเทพฯ(สายใต้ใหม่) - คลองท่อม - กระบี่;Bangkok(Sai Tai Mai)-Khlong Thom-Krabi,รถโดยสารต่างจังหวัด รถมาตรฐาน 1 (ข) (รถโดยสารปรับอากาศชั้น 1);Provincial bus Economy class,3,09acf7,กรุงเทพฯ(สายใต้ใหม่) - คลองท่อม - กระบี่,Bangkok(Sai Tai Mai)-Khlong Thom-Krabi,,未提供中文；保留泰文/英文原名,
3,公交车,2574,TC,9912,กรุงเทพฯ(สายใต้ใหม่)-คลองท่อม-กระบี่;Bangkok - Krabi,รถโดยสารต่างจังหวัด รถมาตรฐาน 1 (ข) (รถโดยสารปรับอากาศชั้น 1);Provincial bus Economy class,3,09acf7,กรุงเทพฯ(สายใต้ใหม่)-คลองท่อม-กระบี่,Bangkok - Krabi,,未提供中文；保留泰文/英文原名,
3,公交车,2575,PLTOK,446,กระบี่ - ตรัง;Krabi - Trang,รถตู้ รถตู้;City Van City Van,3,FF00FF,กระบี่ - ตรัง,Krabi - Trang,,未提供中文；保留泰文/英文原名,
3,公交车,2576,PLTOK,710,กระบี่ – บ้านส้อง - สุราษฎร์;KRABI - BAN SONG - SURAT THANI,รถตู้ รถตู้;City Van City Van,3,FF00FF,กระบี่ – บ้านส้อง - สุราษฎร์,KRABI - BAN SONG - SURAT THANI,,未提供中文；保留泰文/英文原名,
3,公交车,2577,PTCL,8399,กระบี่ - หาดนพรัตน์ธารา – สุสานหอย;Krabi - Noppharat Thara Beach - Shell Cemetery,รถโดยสารต่างจังหวัด รถโดยสารต่างจังหวัด;Provincial bus Provincial bus,3,acf2e7,กระบี่ - หาดนพรัตน์ธารา – สุสานหอย,Krabi - Noppharat Thara Beach - Shell Cemetery,,未提供中文；保留泰文/英文原名,
3,公交车,2578,TBCOK,8256,กระบี่ - เกาะลันตา (บ้านสังกาอู้);Krabi - Koh Lanta (Ban Sang Ka U),รถตู้ รถตู้;City Van City Van,3,ff00ff,กระบี่ - เกาะลันตา (บ้านสังกาอู้),Krabi - Koh Lanta (Ban Sang Ka U),,未提供中文；保留泰文/英文原名,
3,公交车,2579,LNT,983,กรุงเทพ – กระบี่ ;Bangkok - Krabi,รถโดยสารต่างจังหวัด รถมาตรฐาน 1 (ข) (รถโดยสารปรับอากาศชั้น 1);Provincial bus Economy class,3,09ACF7,กรุงเทพ – กระบี่,Bangkok - Krabi,,未提供中文；保留泰文/英文原名,
3,公交车,2580,LTCL,8391,วงกลมรอบเกาะลันตา;Circle around Koh Lanta,รถโดยสารต่างจังหวัด รถโดยสารต่างจังหวัด;Provincial bus Provincial bus,3,acf2e7,วงกลมรอบเกาะลันตา,Circle around Koh Lanta,,未提供中文；保留泰文/英文原名,
3,公交车,2582,TBCOK,8256,ช่วง กระบี่ - บ้านหัวหิน;Krabi - Ban Hua Hin section,รถโดยสารต่างจังหวัด รถโดยสารต่างจังหวัด;Provincial bus Provincial bus,3,acf2e7,ช่วง กระบี่ - บ้านหัวหิน,Krabi - Ban Hua Hin section,,未提供中文；保留泰文/英文原名,
3,公交车,2583,TSB,4-61 (515),ศาลายา - อนุสาวรีย์ชัยสมรภูมิ;Salaya - Victory Monument,รถโดยสาร TSB รถปรับอากาศ;Bus TSB Air Condition,3,063970,ศาลายา - อนุสาวรีย์ชัยสมรภูมิ,Salaya - Victory Monument,,未提供中文；保留泰文/英文原名,
3,公交车,2586,USCL,8557,กระบี่ - เหนือคลอง - บ้านแหลมกรวด;Krabi - Nuea Khlong - Ban Laem Kruat,รถโดยสารต่างจังหวัด รถโดยสารต่างจังหวัด;Provincial bus Provincial bus,3,acf2e7,กระบี่ - เหนือคลอง - บ้านแหลมกรวด,Krabi - Nuea Khlong - Ban Laem Kruat,,未提供中文；保留泰文/英文原名,
3,公交车,2587,TSB,3-11 (48),ม.รามคำแหง 2 - ท่าช้าง;Ramkhamhaeng 2 - Tha Chang,รถโดยสาร TSB รถปรับอากาศ;Bus TSB Air Condition,3,063970,ม.รามคำแหง 2 - ท่าช้าง,Ramkhamhaeng 2 - Tha Chang,,未提供中文；保留泰文/英文原名,
3,公交车,2588,TSB,4-40 (56L),วงกลมสะพานกรุงธน - บางลำพู (วนซ้าย);Krungthon - Banglamphu,รถโดยสาร TSB รถปรับอากาศ;Bus TSB Air Condition,3,063970,วงกลมสะพานกรุงธน - บางลำพู (วนซ้าย),Krungthon - Banglamphu,,未提供中文；保留泰文/英文原名,
3,公交车,2592,TSB,1-6 (52),ปากเกร็ด - หมอชิต 2;Pakkred - Mochit 2,รถโดยสาร TSB รถปรับอากาศ;Bus TSB Air Condition,3,063970,ปากเกร็ด - หมอชิต 2,Pakkred - Mochit 2,,未提供中文；保留泰文/英文原名,
3,公交车,2593,TSB,1-13 (126),ศูนย์ราชการฯ แจ้งวัฒนะ - คลองตัน; Government Complex - Klong Tun,รถโดยสาร TSB รถธรรมดา;Bus TSB Ordinary Standard,3,ff8c00,ศูนย์ราชการฯ แจ้งวัฒนะ - คลองตัน,Government Complex - Klong Tun,,未提供中文；保留泰文/英文原名,
3,公交车,2594,TSB,1-6 (52),ปากเกร็ด - หมอชิต 2;Pakkred - Mochit 2,รถโดยสาร TSB รถธรรมดา;Bus TSB Ordinary Standard,3,FF8C00,ปากเกร็ด - หมอชิต 2,Pakkred - Mochit 2,,未提供中文；保留泰文/英文原名,
3,公交车,2595,TSB,3-6 (25),รร.ปทุมคงคา สมุทรปราการ - BTS เอกมัย;Pathumkongka Samutprakan - BTS Ekkamai,รถโดยสาร TSB รถปรับอากาศ;Bus TSB Air Condition,3,063970,รร.ปทุมคงคา สมุทรปราการ - BTS เอกมัย,Pathumkongka Samutprakan - BTS Ekkamai,,未提供中文；保留泰文/英文原名,
3,公交车,2596,TSB,4-53 (149),เอกมัย - เซฟอี;Akkamai - SafeE,รถโดยสาร TSB รถปรับอากาศ;Bus TSB Air Condition,3,063970,เอกมัย - เซฟอี,Akkamai - SafeE,,未提供中文；保留泰文/英文原名,
3,公交车,2597,TSB,3-3 (11),สวนหลวง ร.9 - สนามกีฬาแห่งชาติ;Suan Luang Rama 9 - National Stadium,รถโดยสาร TSB รถปรับอากาศ;Bus TSB Air Condition,3,063970,สวนหลวง ร.9 - สนามกีฬาแห่งชาติ,Suan Luang Rama 9 - National Stadium,,未提供中文；保留泰文/英文原名,
3,公交车,2598,TSB,4-15 (82),ท่าน้ำพระประแดง - บางลำพู;Phra Pradaeng - บางลัมซู,รถโดยสาร TSB รถปรับอากาศ;Bus TSB Air Condition,3,063970,ท่าน้ำพระประแดง - บางลำพู,,,未提供中文；保留泰文/英文原名,
3,公交车,2599,TSB,1-15 (150),ปากเกร็ด - มีนบุรี;Pak Kret - Minburi,รถโดยสาร TSB รถธรรมดา;Bus TSB Ordinary Standard,3,FF8C00,ปากเกร็ด - มีนบุรี,Pak Kret - Minburi,,未提供中文；保留泰文/英文原名,
3,公交车,2601,TSB,1-44 (113),มีนบุรี - หัวลำโพง;Minburi - Hua Lamphong,รถโดยสาร TSB รถธรรมดา;Bus TSB Ordinary Standard,3,ff8c00,มีนบุรี - หัวลำโพง,Minburi - Hua Lamphong,,未提供中文；保留泰文/英文原名,
3,公交车,2602,TSB,2-8 (51),วัดปรางค์หลวง - บางเขน;Wat Pang Luang - Bang Khen,รถโดยสาร TSB รถธรรมดา;Bus TSB Ordinary Standard,3,FF8C00,วัดปรางค์หลวง - บางเขน,Wat Pang Luang - Bang Khen,,未提供中文；保留泰文/英文原名,
3,公交车,2603,TSB,2-35 (110),ประชานิเวศน์ 3 - เทเวศร์;Prachaniwet 3 - Thewet,รถโดยสาร TSB รถธรรมดา;Bus TSB Ordinary Standard,3,FF8C00,ประชานิเวศน์ 3 - เทเวศร์,Prachaniwet 3 - Thewet,,未提供中文；保留泰文/英文原名,
3,公交车,2605,TSB,4-51 (124),บ้านเอื้ออาทรศาลายา - สนามหลวง;Ban Eua Arthorn Salaya  - Sanam Luang,รถโดยสาร TSB รถธรรมดา;Bus TSB Ordinary Standard,3,FF8C00,บ้านเอื้ออาทรศาลายา - สนามหลวง,Ban Eua Arthorn Salaya  - Sanam Luang,,未提供中文；保留泰文/英文原名,
3,公交车,2606,TSB,4-63 (547),หมู่บ้านเอื้ออาทรศาลายา - ถนนตก;Eua Athon Salaya - Thanon Tok,รถโดยสาร TSB รถธรรมดา;Bus TSB Ordinary Standard,3,FF8C00,หมู่บ้านเอื้ออาทรศาลายา - ถนนตก,Eua Athon Salaya - Thanon Tok,,未提供中文；保留泰文/英文原名,
3,公交车,2608,BMTA,3-49 (179),พระราม 7 - ศาลาว่าการ กทม.2;Phra Ram 7 - Bangkok City Hall 2,รถโดยสารประจำทาง ขสมก รถธรรมดา มาตรฐาน 3;Bangkok Mass Transit Authority Ordinary Standard 3,3,ff0000,พระราม 7 - ศาลาว่าการ กทม.2,Phra Ram 7 - Bangkok City Hall 2,,未提供中文；保留泰文/英文原名,
3,公交车,2612,BMTA,3-30 (206),เมกาบางนา - บางเขน;Mega Bangna - Bang Khen,รถโดยสารประจำทาง ขสมก รถธรรมดา มาตรฐาน 3;Bangkok Mass Transit Authority Ordinary Standard 3,3,ff0000,เมกาบางนา - บางเขน,Mega Bangna - Bang Khen,,未提供中文；保留泰文/英文原名,
3,公交车,2614,BMTA,1-57 (519),มีนบุรี - ท่าเรือคลองเตย;Minburi - Khlong Toei Port,รถโดยสารประจำทาง ขสมก รถปรับอากาศ;Bangkok Mass Transit Authority Air Condition,3,0000E6,มีนบุรี - ท่าเรือคลองเตย,Minburi - Khlong Toei Port,,未提供中文；保留泰文/英文原名,
3,公交车,2615,BMTA,2-41 (36ก),ปัฐวิกรณ์ - อนุสาวรีย์ชัยสมรภูมิ;Patthavikon - Victory Monument,รถโดยสารประจำทาง ขสมก รถธรรมดา มาตรฐาน 3;Bangkok Mass Transit Authority Ordinary Standard 3,3,ff0000,ปัฐวิกรณ์ - อนุสาวรีย์ชัยสมรภูมิ,Patthavikon - Victory Monument,,未提供中文；保留泰文/英文原名,
3,公交车,2618,USCL,8558,กระบี่ - เหนือคลอง - บ้านกอตง;Krabi - Nuea Khlong - Ban Kotong,รถโดยสารต่างจังหวัด รถโดยสารต่างจังหวัด;Provincial bus Provincial bus,3,acf2e7,กระบี่ - เหนือคลอง - บ้านกอตง,Krabi - Nuea Khlong - Ban Kotong,,未提供中文；保留泰文/英文原名,
3,公交车,2619,PTCL,8403,กระบี่ - ท่าเลน;Krabi - Tha Len,รถโดยสารต่างจังหวัด รถโดยสารต่างจังหวัด;Provincial bus Provincial bus,3,acf2e7,กระบี่ - ท่าเลน,Krabi - Tha Len,,未提供中文；保留泰文/英文原名,
3,公交车,2620,PTCL,8317,กระบี่ – องค์การสวนยาง;Krabi – Rubber Plantation Organization,รถโดยสารต่างจังหวัด รถโดยสารต่างจังหวัด;Provincial bus Provincial bus,3,acf2e7,กระบี่ – องค์การสวนยาง,Krabi – Rubber Plantation Organization,,未提供中文；保留泰文/英文原名,
3,公交车,2621,PTCL,8317,ช่วงกระบี่ – บ้านท่าประดู่;Krabi – Ban Tha Pradu section,รถโดยสารต่างจังหวัด รถโดยสารต่างจังหวัด;Provincial bus Provincial bus,3,acf2e7,ช่วงกระบี่ – บ้านท่าประดู่,Krabi – Ban Tha Pradu section,,未提供中文；保留泰文/英文原名,
3,公交车,2622,PTCL,8317,ช่วงกระบี่ - บ้านบางเตียว;Krabi - Ban Bang Tiao section,รถโดยสารต่างจังหวัด รถโดยสารต่างจังหวัด;Provincial bus Provincial bus,3,acf2e7,ช่วงกระบี่ - บ้านบางเตียว,Krabi - Ban Bang Tiao section,,未提供中文；保留泰文/英文原名,
3,公交车,2623,USCL,1822,กระบี่ - หาดยาว;Krabi - Hadyao,รถโดยสารต่างจังหวัด รถโดยสารต่างจังหวัด;Provincial bus Provincial bus,3,acf2e7,กระบี่ - หาดยาว,Krabi - Hadyao,,未提供中文；保留泰文/英文原名,
3,公交车,2624,KYT,1823,กระบี่ - อ่าวลึก - บ้านนาเหนือ;Krabi - Ao Luek - Ban Na Nuea,รถโดยสารต่างจังหวัด รถโดยสารต่างจังหวัด;Provincial bus Provincial bus,3,acf2e7,กระบี่ - อ่าวลึก - บ้านนาเหนือ,Krabi - Ao Luek - Ban Na Nuea,,未提供中文；保留泰文/英文原名,
3,公交车,2625,KYT,1823,กระบี่ - อ่าวลึก - บ้านนาเหนือ;Krabi - Ao Luek - Ban Na Nuea,รถตู้ รถตู้;City Van City Van,3,ff00ff,กระบี่ - อ่าวลึก - บ้านนาเหนือ,Krabi - Ao Luek - Ban Na Nuea,,未提供中文；保留泰文/英文原名,
3,公交车,2626,KYT,1824,กระบี่ - บ้านคลองม่วง - บ้านทับแขก [หน่วยพิทักษ์อุทยานแห่งชาติที่ พพ.4 (ทับแขก)];Krabi - Ban Khlong Muang - Ban Tub Kaek [National Park Protection Unit at PO.4 (Thap Kaek)],รถโดยสารต่างจังหวัด รถโดยสารต่างจังหวัด;Provincial bus Provincial bus,3,acf2e7,กระบี่ - บ้านคลองม่วง - บ้านทับแขก [หน่วยพิทักษ์อุทยานแห่งชาติที่ พพ.4 (ทับแขก)],Krabi - Ban Khlong Muang - Ban Tub Kaek [National Park Protection Unit at PO.4 (Thap Kaek)],,未提供中文；保留泰文/英文原名,
3,公交车,2627,PTCL,8381,กระบี่ - อำเภอเขาพนม - อำเภอลำทับ;Krabi - Khao Phanom District - Lam Thap District,รถโดยสารต่างจังหวัด รถโดยสารต่างจังหวัด;Provincial bus Provincial bus,3,acf2e7,กระบี่ - อำเภอเขาพนม - อำเภอลำทับ,Krabi - Khao Phanom District - Lam Thap District,,未提供中文；保留泰文/英文原名,
3,公交车,2628,PTCL,8379,บ้านอ่าวลึกเหนือ - บ้านเขาต่อ – อำเภอปลายพระยา;Ban Ao Luek Nuea - Ban Khao Tor - Plai Phraya District,รถโดยสารต่างจังหวัด รถโดยสารต่างจังหวัด;Provincial bus Provincial bus,3,acf2e7,บ้านอ่าวลึกเหนือ - บ้านเขาต่อ – อำเภอปลายพระยา,Ban Ao Luek Nuea - Ban Khao Tor - Plai Phraya District,,未提供中文；保留泰文/英文原名,
3,公交车,2629,PTCL,8379,ช่วงปลายพระยา - ทะเลหอย;Late Phraya - Talay Hoi,รถโดยสารต่างจังหวัด รถโดยสารต่างจังหวัด;Provincial bus Provincial bus,3,acf2e7,ช่วงปลายพระยา - ทะเลหอย,Late Phraya - Talay Hoi,,未提供中文；保留泰文/英文原名,
3,公交车,2630,TBCOK,8380,กระบี่ - บ้านห้วยโต้;กระบี่ - บ้านห้วยโต้,รถโดยสารต่างจังหวัด รถโดยสารต่างจังหวัด;Provincial bus Provincial bus,3,acf2e7,กระบี่ - บ้านห้วยโต้,,,未提供中文；保留泰文/英文原名,
3,公交车,2631,PTCL,8186,อ่าวลึก - ปลายพระยา;Ao Luek - Plai Phraya,รถโดยสารต่างจังหวัด รถโดยสารต่างจังหวัด;Provincial bus Provincial bus,3,acf2e7,อ่าวลึก - ปลายพระยา,Ao Luek - Plai Phraya,,未提供中文；保留泰文/英文原名,
3,公交车,2632,LSLP,8308,กระบี่ - บ้านบ่อม่วง;Krabi - Ban Bo Muang,รถโดยสารต่างจังหวัด รถโดยสารต่างจังหวัด;Provincial bus Provincial bus,3,acf2e7,กระบี่ - บ้านบ่อม่วง,Krabi - Ban Bo Muang,,未提供中文；保留泰文/英文原名,
3,公交车,2633,PTCL,8400,อ่าวลึก - บ้านแหลมสัก;Ao Luek - Ban Laem Sak,รถโดยสารต่างจังหวัด รถโดยสารต่างจังหวัด;Provincial bus Provincial bus,3,acf2e7,อ่าวลึก - บ้านแหลมสัก,Ao Luek - Ban Laem Sak,,未提供中文；保留泰文/英文原名,
3,公交车,2635,PTCL,8415,ท่าอากาศยานนานาชาติกระบี่ - หาดนพรัตน์ธารา - บ้านเกาะกวาง;Krabi International Airport - Nopparat Thara Beach - Ban Koh Kwang,รถโดยสารต่างจังหวัด รถโดยสารต่างจังหวัด;Provincial bus Provincial bus,3,acf2e7,ท่าอากาศยานนานาชาติกระบี่ - หาดนพรัตน์ธารา - บ้านเกาะกวาง,Krabi International Airport - Nopparat Thara Beach - Ban Koh Kwang,,未提供中文；保留泰文/英文原名,
3,公交车,2636,BMTA,1-8 (59),รังสิต - สนามหลวง;Rangsit - Sanamluang,รถโดยสารประจำทาง ขสมก รถปรับอากาศ มาตรฐาน 2 ยูโรทู/เทียบเท่า;Bangkok Mass Transit Authority Air Condition Stadard 2 EURO II,3,FE9A2E,รังสิต - สนามหลวง,Rangsit - Sanamluang,,未提供中文；保留泰文/英文原名,
3,公交车,2638,BMTA,4-42 (79),ตลาดวงค์เจริญ - ราชประสงค์;Wongcharoen Market - Ratchaprasong,รถโดยสารประจำทาง ขสมก รถปรับอากาศ มาตรฐาน 2 ยูโรทู/เทียบเท่า;Bangkok Mass Transit Authority Air Condition Stadard 2 EURO II,3,fe9a2e,ตลาดวงค์เจริญ - ราชประสงค์,Wongcharoen Market - Ratchaprasong,,未提供中文；保留泰文/英文原名,
3,公交车,2639,BMTA,3-19E,แพรกษา - สถานีขนส่งผู้โดยสารกรุงเทพฯ (จตุจักร) (ทางด่วน);Praksa  - Mochit 2,รถโดยสารประจำทาง ขสมก รถธรรมดา มาตรฐาน 3;Bangkok Mass Transit Authority Ordinary Standard 3,3,FF0000,แพรกษา - สถานีขนส่งผู้โดยสารกรุงเทพฯ (จตุจักร) (ทางด่วน),Praksa  - Mochit 2,,未提供中文；保留泰文/英文原名,
3,公交车,2641,BMTA,4-7E (21E),วัดคู่สร้าง - จุฬาลงกรณ์มหาวิทยาลัย (ทางด่วน);Wat Kusang - Chulalongkorn University,รถโดยสารประจำทาง ขสมก รถปรับอากาศ BLK (ทางด่วน);Bangkok Mass Transit Authority Air Condition BLK (expressway),3,05adfb,วัดคู่สร้าง - จุฬาลงกรณ์มหาวิทยาลัย (ทางด่วน),Wat Kusang - Chulalongkorn University,,未提供中文；保留泰文/英文原名,
3,公交车,2642,BMTA,3-4E (23E),ปากน้ำ - เทเวศร์ (ทางด่วน);Paknam - Thewet,รถโดยสารประจำทาง ขสมก รถปรับอากาศ BLK (ทางด่วน);Bangkok Mass Transit Authority Air Condition BLK (expressway),3,05adfb,ปากน้ำ - เทเวศร์ (ทางด่วน),Paknam - Thewet,,未提供中文；保留泰文/英文原名,
3,公交车,2643,BMTA,1-36 (26),มีนบุรี - หมอชิต 2;Minburi - Mo Chit 2,รถโดยสารประจำทาง ขสมก รถปรับอากาศ มาตรฐาน 2 ยูโรทู/เทียบเท่า;Bangkok Mass Transit Authority Air Condition Stadard 2 EURO II,3,fe9a2e,มีนบุรี - หมอชิต 2,Minburi - Mo Chit 2,,未提供中文；保留泰文/英文原名,
3,公交车,2644,BMTA,1-36 (26),มีนบุรี - หมอชิต 2;Minburi - Mo Chit 2,รถโดยสารประจำทาง ขสมก รถปรับอากาศ BLK;Bangkok Mass Transit Authority Air Condition BLK,3,05adfb,มีนบุรี - หมอชิต 2,Minburi - Mo Chit 2,,未提供中文；保留泰文/英文原名,
3,公交车,2645,BMTA,4-9 (37),ท่าน้ำพระประแดง - จุฬาลงกรณ์มหาวิทยาลัย;Phra Pradaeng Pier - Chulalongkorn University,รถโดยสารประจำทาง ขสมก รถปรับอากาศ BLK;Bangkok Mass Transit Authority Air Condition BLK,3,05adfb,ท่าน้ำพระประแดง - จุฬาลงกรณ์มหาวิทยาลัย,Phra Pradaeng Pier - Chulalongkorn University,,未提供中文；保留泰文/英文原名,
3,公交车,2646,BMTA,1-38 (60),สวนสยาม - สถานีรถไฟฟ้าสนามไชย;Siam Park - MRT Sanam Chai,รถโดยสารประจำทาง ขสมก รถปรับอากาศ BLK;Bangkok Mass Transit Authority Air Condition BLK,3,05ADFB,สวนสยาม - สถานีรถไฟฟ้าสนามไชย,Siam Park - MRT Sanam Chai,,未提供中文；保留泰文/英文原名,
3,公交车,2647,BMTA,4-14 (76),แสมดำ - ประตูน้ำ;Samaedam - Pratunam,รถโดยสารประจำทาง ขสมก รถปรับอากาศ BLK;Bangkok Mass Transit Authority Air Condition BLK,3,05ADFB,แสมดำ - ประตูน้ำ,Samaedam - Pratunam,,未提供中文；保留泰文/英文原名,
3,公交车,2648,BMTA,3-12E (102),แพรกษาบ่อดิน - เซ็นทรัลพระราม 3 (ทางด่วน);Praeksa Bodin - Central RAMA 3 (expressway),รถโดยสารประจำทาง ขสมก รถปรับอากาศ BLK (ทางด่วน);Bangkok Mass Transit Authority Air Condition BLK (expressway),3,05adfb,แพรกษาบ่อดิน - เซ็นทรัลพระราม 3 (ทางด่วน),Praeksa Bodin - Central RAMA 3 (expressway),,未提供中文；保留泰文/英文原名,
3,公交车,2649,BMTA,4-18 (105),สมุทรสาคร - พระราม 2 - สถานีรถไฟฟ้ากรุงธนบุรี;Samut Sakhon - Rama 2 - BTS Krung Thon Buri,รถโดยสารประจำทาง ขสมก รถปรับอากาศ BLK;Bangkok Mass Transit Authority Air Condition BLK,3,05adfb,สมุทรสาคร - พระราม 2 - สถานีรถไฟฟ้ากรุงธนบุรี,Samut Sakhon - Rama 2 - BTS Krung Thon Buri,,未提供中文；保留泰文/英文原名,
3,公交车,2650,BMTA,4-24E (141),อู่แสมดำ - จุฬาลงกรณ์;[E] Samaedam - Chulalongkorn,รถโดยสารประจำทาง ขสมก รถปรับอากาศ BLK (ทางด่วน);Bangkok Mass Transit Authority Air Condition BLK (expressway),3,05ADFB,อู่แสมดำ - จุฬาลงกรณ์,[E] Samaedam - Chulalongkorn,,未提供中文；保留泰文/英文原名,
3,公交车,2651,BMTA,3-17E (142),ฟาร์มจระเข้สมุทรปราการ - อู่แสมดำ (ทางด่วน);Samut Prakan Crocodile Farm - Samaedam (expressway),รถโดยสารประจำทาง ขสมก รถปรับอากาศ BLK (ทางด่วน);Bangkok Mass Transit Authority Air Condition BLK (expressway),3,05adfb,ฟาร์มจระเข้สมุทรปราการ - อู่แสมดำ (ทางด่วน),Samut Prakan Crocodile Farm - Samaedam (expressway),,未提供中文；保留泰文/英文原名,
3,公交车,2652,BMTA,3-18 (145),แพรกษาบ่อดิน - หมอชิต 2;Praksa-Bodin - Mochit 2,รถโดยสารประจำทาง ขสมก รถปรับอากาศ BLK;Bangkok Mass Transit Authority Air Condition BLK,3,05ADFB,แพรกษาบ่อดิน - หมอชิต 2,Praksa-Bodin - Mochit 2,,未提供中文；保留泰文/英文原名,
3,公交车,2653,BMTA,1-50,เคหะร่มเกล้า - อนุสาวรีย์ชัยสมรภูมิ;National Housing Authority Rom Klao - Victory Monument,รถโดยสารประจำทาง ขสมก รถปรับอากาศ BLK;Bangkok Mass Transit Authority Air Condition BLK,3,05ADFB,เคหะร่มเกล้า - อนุสาวรีย์ชัยสมรภูมิ,National Housing Authority Rom Klao - Victory Monument,,未提供中文；保留泰文/英文原名,
3,公交车,2654,BMTA,1-19 (510),ม.ธรรมศาสตร์ (ศูนย์รังสิต) - อนุสาวรีย์ชัยสมรภูมิ;Thammasat Rangsit - Victory Monument,รถโดยสารประจำทาง ขสมก รถปรับอากาศ BLK;Bangkok Mass Transit Authority Air Condition BLK,3,05ADFB,ม.ธรรมศาสตร์ (ศูนย์รังสิต) - อนุสาวรีย์ชัยสมรภูมิ,Thammasat Rangsit - Victory Monument,,未提供中文；保留泰文/英文原名,
3,公交车,2655,BMTA,1-22E (522),อู่รังสิต - อนุสาวรีย์ชัยสมรภูมิ;Rangsit - Victory Monument,รถโดยสารประจำทาง ขสมก รถปรับอากาศ BLK (ทางด่วน);Bangkok Mass Transit Authority Air Condition BLK (expressway),3,05ADFB,อู่รังสิต - อนุสาวรีย์ชัยสมรภูมิ,Rangsit - Victory Monument,,未提供中文；保留泰文/英文原名,
3,公交车,2656,BMTA,A1,สนามบินดอนเมือง - หมอชิต 2;Donmueng Airport - Mochit 2,รถโดยสารประจำทาง ขสมก รถปรับอากาศ BLK;Bangkok Mass Transit Authority Air Condition BLK,3,05ADFB,สนามบินดอนเมือง - หมอชิต 2,Donmueng Airport - Mochit 2,,未提供中文；保留泰文/英文原名,
3,公交车,2657,BMTA,A2,สนามบินดอนเมือง - อนุสาวรีย์ชัยสมรภูมิ (ทางด่วน);Donmueng Airport - Victory Monument (expressway),รถโดยสารประจำทาง ขสมก รถปรับอากาศ BLK;Bangkok Mass Transit Authority Air Condition BLK,3,05adfb,สนามบินดอนเมือง - อนุสาวรีย์ชัยสมรภูมิ (ทางด่วน),Donmueng Airport - Victory Monument (expressway),,未提供中文；保留泰文/英文原名,
3,公交车,2658,BMTA,A3,สนามบินดอนเมือง - สวนลุมพินี (ทางด่วน);Donmueng Airport Bus Terminal - suan lum (expressway),รถโดยสารประจำทาง ขสมก รถปรับอากาศ BLK;Bangkok Mass Transit Authority Air Condition BLK,3,05adfb,สนามบินดอนเมือง - สวนลุมพินี (ทางด่วน),Donmueng Airport Bus Terminal - suan lum (expressway),,未提供中文；保留泰文/英文原名,
3,公交车,2659,BMTA,4-4 (20),พระสมุทรเจดีย์ - ท่าดินแดง;Phra Samut Chedi - Tha Dindaeng,รถโดยสารประจำทาง ขสมก รถปรับอากาศ BLK;Bangkok Mass Transit Authority Air Condition BLK,3,05adfb,พระสมุทรเจดีย์ - ท่าดินแดง,Phra Samut Chedi - Tha Dindaeng,,未提供中文；保留泰文/英文原名,
3,公交车,2660,BMTA,3-22E (511),ฟาร์มจระเข้สมุทรปราการ - สายใต้ใหม่ (ตลิ่งชัน);Samut Prakan Crocodile Farm  - Southern bus (Talingchan),รถโดยสารประจำทาง ขสมก รถปรับอากาศ BLK (ทางด่วน);Bangkok Mass Transit Authority Air Condition BLK (expressway),3,05ADFB,ฟาร์มจระเข้สมุทรปราการ - สายใต้ใหม่ (ตลิ่งชัน),Samut Prakan Crocodile Farm  - Southern bus (Talingchan),,未提供中文；保留泰文/英文原名,
3,公交车,2661,BMTA,4-22E (138),อู่ราชประชา - หมอชิต 2;Rachpracha Depot - Mochit 2,รถโดยสารประจำทาง ขสมก รถปรับอากาศ BLK (ทางด่วน);Bangkok Mass Transit Authority Air Condition BLK (expressway),3,05ADFB,อู่ราชประชา - หมอชิต 2,Rachpracha Depot - Mochit 2,,未提供中文；保留泰文/英文原名,
3,公交车,2662,BMTA,4-6 (21),วัดคู่สร้าง - มหานาค;Wat Kusang - Maha Nak,รถโดยสารประจำทาง ขสมก รถปรับอากาศ BLK;Bangkok Mass Transit Authority Air Condition BLK,3,05adfb,วัดคู่สร้าง - มหานาค,Wat Kusang - Maha Nak,,未提供中文；保留泰文/英文原名,
3,公交车,2664,LNT,9912,กรุงเทพฯ - กระบี่;Bangkok - Krabi,รถโดยสารต่างจังหวัด รถมาตรฐาน 1 (ข) (รถโดยสารปรับอากาศชั้น 1);Provincial bus Economy class,3,09acf7,กรุงเทพฯ - กระบี่,Bangkok - Krabi,,未提供中文；保留泰文/英文原名,
3,公交车,2665,LNT,950,กรุงเทพฯ - กระบี่;Bangkok - Krabi,รถโดยสารต่างจังหวัด รถมาตรฐาน 1 (ข) (รถโดยสารปรับอากาศชั้น 1);Provincial bus Economy class,3,09acf7,กรุงเทพฯ - กระบี่,Bangkok - Krabi,,未提供中文；保留泰文/英文原名,
3,公交车,2666,LNT,950,กรุงเทพฯ - กระบี่;Bangkok - Krabi,รถโดยสารต่างจังหวัด รถมาตรฐาน 1 (ก) (รถโดยสารปรับอากาศชั้น 1 ชนิดพิเศษ);Provincial bus First class,3,0951F7,กรุงเทพฯ - กระบี่,Bangkok - Krabi,,未提供中文；保留泰文/英文原名,
3,公交车,2667,TC,443-1,กระบี่ - หาดใหญ่;Krabi - Hatyai,รถโดยสารต่างจังหวัด รถตู้ (ม.2 จ);Provincial bus City Van,3,07FBFB,กระบี่ - หาดใหญ่,Krabi - Hatyai,,未提供中文；保留泰文/英文原名,
3,公交车,2668,TC,438-0,กระบี่ - ภูเก็ต;Krabi - phuket,รถโดยสารต่างจังหวัด รถตู้ (ม.2 จ);Provincial bus City Van,3,07FBFB,กระบี่ - ภูเก็ต,Krabi - phuket,,未提供中文；保留泰文/英文原名,
3,公交车,2669,TC,435,กระบี่ - ระนอง;Krabi - Ranong,รถโดยสารต่างจังหวัด รถมาตรฐาน 2 (รถโดยสารปรับอากาศชั้น 2);Provincial bus bus,3,06ffc7,กระบี่ - ระนอง,Krabi - Ranong,,未提供中文；保留泰文/英文原名,
3,公交车,2670,PLTOK,440,ภูเก็ต - นครศรีธรรมราช;Phuket - Nakhon Si Thammarat,รถโดยสารต่างจังหวัด รถโดยสารต่างจังหวัด;Provincial bus Provincial bus,3,ACF2E7,ภูเก็ต - นครศรีธรรมราช,Phuket - Nakhon Si Thammarat,,未提供中文；保留泰文/英文原名,
3,公交车,2671,PLTOK,440,ช่วงนครศรีธรรมราช - บางขัน -กระบี่;Nakhon Si Thammarat - Bang Khan - Krabi,รถโดยสารต่างจังหวัด รถโดยสารต่างจังหวัด;Provincial bus Provincial bus,3,ACF2E7,ช่วงนครศรีธรรมราช - บางขัน -กระบี่,Nakhon Si Thammarat - Bang Khan - Krabi,,未提供中文；保留泰文/英文原名,
3,公交车,2672,PLTOK,440,ช่วงนครศรีธรรมราช - ห้วยยอด - เกาะลันตา;Nakhon Si Thammarat - Huai Yot - Krabi,รถโดยสารต่างจังหวัด รถโดยสารต่างจังหวัด;Provincial bus Provincial bus,3,ACF2E7,ช่วงนครศรีธรรมราช - ห้วยยอด - เกาะลันตา,Nakhon Si Thammarat - Huai Yot - Krabi,,未提供中文；保留泰文/英文原名,
3,公交车,2673,PLTOK,444,กระบี่ - อุทยานแห่งชาติเขาสก;Krabi - Khao Sok National Park,รถโดยสารต่างจังหวัด รถโดยสารต่างจังหวัด;Provincial bus Provincial bus,3,ACF2E7,กระบี่ - อุทยานแห่งชาติเขาสก,Krabi - Khao Sok National Park,,未提供中文；保留泰文/英文原名,
3,公交车,2674,PLTOK,444,ช่วงอุทยานแห่งชาติเขาสก - อุทยานแห่งชาติหาดนพรัตน์ธารา-หมู่เกาะพีพี;Khao Sok National Park - Hat Nappharat Thara-Mu Ko Phi Phi National Park,รถโดยสารต่างจังหวัด รถโดยสารต่างจังหวัด;Provincial bus Provincial bus,3,ACF2E7,ช่วงอุทยานแห่งชาติเขาสก - อุทยานแห่งชาติหาดนพรัตน์ธารา-หมู่เกาะพีพี,Khao Sok National Park - Hat Nappharat Thara-Mu Ko Phi Phi National Park,,未提供中文；保留泰文/英文原名,
3,公交车,2676,PLTOK,447,กระบี่ - ทุ่งสง;Krabi - Thungsong,รถโดยสารต่างจังหวัด รถโดยสารต่างจังหวัด;Provincial bus Provincial bus,3,ACF2E7,กระบี่ - ทุ่งสง,Krabi - Thungsong,,未提供中文；保留泰文/英文原名,
3,公交车,2677,PLTOK,482,สุราษฎร์ธานี - กระบี่;Surat Thani - Krabi,รถโดยสารต่างจังหวัด รถโดยสารต่างจังหวัด;Provincial bus Provincial bus,3,ACF2E7,สุราษฎร์ธานี - กระบี่,Surat Thani - Krabi,,未提供中文；保留泰文/英文原名,
3,公交车,2678,PLTOK,733,ภูเก็ต - นครศรีธรรมราช;Phuket - Nakhon Si Thammarat,รถโดยสารต่างจังหวัด รถโดยสารต่างจังหวัด;Provincial bus Provincial bus,3,ACF2E7,ภูเก็ต - นครศรีธรรมราช,Phuket - Nakhon Si Thammarat,,未提供中文；保留泰文/英文原名,
3,公交车,2679,PLTOK,743,นครศรีธรรมราช - กระบี่ - ภูเก็ต;Nakhon Si Thammarat - Krabi - Phuket,รถโดยสารต่างจังหวัด รถโดยสารต่างจังหวัด;Provincial bus Provincial bus,3,ACF2E7,นครศรีธรรมราช - กระบี่ - ภูเก็ต,Nakhon Si Thammarat - Krabi - Phuket,,未提供中文；保留泰文/英文原名,
3,公交车,2680,PLTOK,757,ตรัง - เกาะลันตา;Trang - Koh Lanta,รถโดยสารต่างจังหวัด รถโดยสารต่างจังหวัด;Provincial bus Provincial bus,3,acf2e7,ตรัง - เกาะลันตา,Trang - Koh Lanta,,未提供中文；保留泰文/英文原名,
3,公交车,2681,PLTOK,759,กระบี่ - ทางหลวงแผ่นดินหมายเลข 44 - เกาะสมุย;Krabi - Thailand Highway shield (44) - Koh Samui,รถโดยสารต่างจังหวัด รถโดยสารต่างจังหวัด;Provincial bus Provincial bus,3,acf2e7,กระบี่ - ทางหลวงแผ่นดินหมายเลข 44 - เกาะสมุย,Krabi - Thailand Highway shield (44) - Koh Samui,,未提供中文；保留泰文/英文原名,
3,公交车,2682,PLTOK,761,กระบี่ - ปากพนัง;Krabi - Pakphanang,รถโดยสารต่างจังหวัด รถโดยสารต่างจังหวัด;Provincial bus Provincial bus,3,ACF2E7,กระบี่ - ปากพนัง,Krabi - Pakphanang,,未提供中文；保留泰文/英文原名,
3,公交车,2683,PLTOK,770,ภูเก็ต - เกาะลันตา;Phuket - Koh Lanta,รถโดยสารต่างจังหวัด รถโดยสารต่างจังหวัด;Provincial bus Provincial bus,3,ACF2E7,ภูเก็ต - เกาะลันตา,Phuket - Koh Lanta,,未提供中文；保留泰文/英文原名,
3,公交车,2684,PLTOK,781,เกาะลันตา - เกาะสมุย;Koh Lanta - Koh Samui,รถโดยสารต่างจังหวัด รถโดยสารต่างจังหวัด;Provincial bus Provincial bus,3,ACF2E7,เกาะลันตา - เกาะสมุย,Koh Lanta - Koh Samui,,未提供中文；保留泰文/英文原名,
3,公交车,2685,PLTOK,836,นครราชสีมา - กระบี่;Nakhon Ratchasima - Krabi,รถโดยสารต่างจังหวัด รถโดยสารต่างจังหวัด;Provincial bus Provincial bus,3,acf2e7,นครราชสีมา - กระบี่,Nakhon Ratchasima - Krabi,,未提供中文；保留泰文/英文原名,
3,公交车,2686,BMA,สายทวีวัฒนา,ตลาดธนบุรี - MRT หลักสอง;Thonburi Market - MRT Lak Song,รถโดยสาร BMA Feeder รถปรับอากาศ;BMA Feeder Air bus,3,47d503,ตลาดธนบุรี - MRT หลักสอง,Thonburi Market - MRT Lak Song,,未提供中文；保留泰文/英文原名,
3,公交车,2687,TSB,39,ตลาดไท - อนุสาวรีย์ชัยสมรภูมิ;TalaadThai - Victory Monument,รถโดยสาร TSB รถธรรมดา;Bus TSB Ordinary Standard,3,FF8C00,ตลาดไท - อนุสาวรีย์ชัยสมรภูมิ,TalaadThai - Victory Monument,,未提供中文；保留泰文/英文原名,
3,公交车,2689,TSB,1-56 (517X),พระจอมเกล้าลาดกระบัง - หมอชิต 2;KMITL - Mo Chit 2,รถโดยสาร TSB รถปรับอากาศ;Bus TSB Air Condition,3,063970,พระจอมเกล้าลาดกระบัง - หมอชิต 2,KMITL - Mo Chit 2,,未提供中文；保留泰文/英文原名,
3,公交车,2690,TSB,1,ถนนตก - ท่าเตียน;Thanon Tok - Tha Tian,รถโดยสาร TSB รถปรับอากาศ;Bus TSB Air Condition,3,063970,ถนนตก - ท่าเตียน,Thanon Tok - Tha Tian,,未提供中文；保留泰文/英文原名,
3,公交车,2694,TSB,4-25 (147L),วงกลมเคหะธนบุรี - บางแค (วนซ้าย);Thonburi Housing - Bang Khae,รถโดยสาร TSB รถปรับอากาศ;Bus TSB Air Condition,3,063970,วงกลมเคหะธนบุรี - บางแค (วนซ้าย),Thonburi Housing - Bang Khae,,未提供中文；保留泰文/英文原名,
3,公交车,2695,TSB,4-52 (146R) ,วงกลม : บางแค - ตลิ่งชัน (วนขวา);Bang Khae - Taling Chan,รถโดยสาร TSB รถปรับอากาศ;Bus TSB Air Condition,3,063970,วงกลม : บางแค - ตลิ่งชัน (วนขวา),Bang Khae - Taling Chan,,未提供中文；保留泰文/英文原名,
3,公交车,2696,TSB,4-41 (57L),วงกลมตลิ่งขัน - ธนบุรี (วนซ้าย);Talingcha - Thonburi,รถโดยสาร TSB รถปรับอากาศ;Bus TSB Air Condition,3,063970,วงกลมตลิ่งขัน - ธนบุรี (วนซ้าย),Talingcha - Thonburi,,未提供中文；保留泰文/英文原名,
3,公交车,2697,TSB,1-64R,วงกลมซาฟารีเวิลด์ - นวลจันทร์ (วนขวา);Safari World - Nuanchan,รถโดยสาร TSB รถปรับอากาศ;Bus TSB Air Condition,3,063970,วงกลมซาฟารีเวิลด์ - นวลจันทร์ (วนขวา),Safari World - Nuanchan,,未提供中文；保留泰文/英文原名,
3,公交车,2698,TSB,1-71R,วงกลมลำผักชี - มีนบุรี - ฉลองกรุง (วนขวา);Lam Phak Chi - Minburi - Celebrating the capital ,รถโดยสาร TSB รถปรับอากาศ;Bus TSB Air Condition,3,063970,วงกลมลำผักชี - มีนบุรี - ฉลองกรุง (วนขวา),Lam Phak Chi - Minburi - Celebrating the capital,,未提供中文；保留泰文/英文原名,
3,公交车,2699,TSB,1-73R,วงกลมนิคมอุตสาหกรรมนำไกร - ร่มเกล้า (วนขวา);Nam Krai Industrial Estate - Rom Klao,รถโดยสาร TSB รถปรับอากาศ;Bus TSB Air Condition,3,063970,วงกลมนิคมอุตสาหกรรมนำไกร - ร่มเกล้า (วนขวา),Nam Krai Industrial Estate - Rom Klao,,未提供中文；保留泰文/英文原名,
3,公交车,2700,TSB,1-76 (168R) ,วงกลมหมู่บ้านบัวขาว - มีนบุรี (วนขวา);Bua Khao Village - Minburi,รถโดยสาร TSB รถปรับอากาศ;Bus TSB Air Condition,3,063970,วงกลมหมู่บ้านบัวขาว - มีนบุรี (วนขวา),Bua Khao Village - Minburi,,未提供中文；保留泰文/英文原名,
3,公交车,2701,TSB,2-17R,วงกลมสถานีรถไฟบางซื่อ - ม.เกษตรศาสตร์ (วนขวา);Bang Sue Railway Station - Kasetsart University,รถโดยสาร TSB รถปรับอากาศ;Bus TSB Air Condition,3,063970,วงกลมสถานีรถไฟบางซื่อ - ม.เกษตรศาสตร์ (วนขวา),Bang Sue Railway Station - Kasetsart University,,未提供中文；保留泰文/英文原名,
3,公交车,2702,TSB,2-34R,วงกลมสถานีรถไฟสามเสน - ดินแดง (วนขวา);Samsen Railway Station - Din Daeng,รถโดยสาร TSB รถปรับอากาศ;Bus TSB Air Condition,3,063970,วงกลมสถานีรถไฟสามเสน - ดินแดง (วนขวา),Samsen Railway Station - Din Daeng,,未提供中文；保留泰文/英文原名,
3,公交车,2703,BMTA,2-49 (156R) ,วงกลมอู่ใต้ทางด่วนรามอินทรา - ลาดพร้าว 71 (วนขวา);CircleRamintra - Ladprao 71,รถโดยสารประจำทาง ขสมก รถธรรมดา มาตรฐาน 3;Bangkok Mass Transit Authority Ordinary Standard 3,3,ff0000,วงกลมอู่ใต้ทางด่วนรามอินทรา - ลาดพร้าว 71 (วนขวา),CircleRamintra - Ladprao 71,,未提供中文；保留泰文/英文原名,
3,公交车,2704,BMTA,2-53R,วงกลมอนุสาวรีย์ชัยสมรภูมิ - รัชดาภิเษก (วนขวา);Victory Monument -  Ratchadapisek,รถโดยสารประจำทาง ขสมก รถธรรมดา มาตรฐาน 3;Bangkok Mass Transit Authority Ordinary Standard 3,3,ff0000,วงกลมอนุสาวรีย์ชัยสมรภูมิ - รัชดาภิเษก (วนขวา),Victory Monument -  Ratchadapisek,,未提供中文；保留泰文/英文原名,
3,公交车,2705,BMTA,3-48 (137),วงกลมรัชดาภิเษก - รามคำแหง (วนขวา);CircleRatchadapisek - Ramkhamhaeng,รถโดยสารประจำทาง ขสมก รถปรับอากาศ มาตรฐาน 2 ยูโรทู/เทียบเท่า;Bangkok Mass Transit Authority Air Condition Stadard 2 EURO II,3,fe9a2e,วงกลมรัชดาภิเษก - รามคำแหง (วนขวา),CircleRatchadapisek - Ramkhamhaeng,,未提供中文；保留泰文/英文原名,
3,公交车,2706,BMTA,3-51 (205),วงกลมอู่คลองเตย - เดอะมอลล์ท่าพระ (วนขวา);Klongtoey Depot - The mall Thapra,รถโดยสารประจำทาง ขสมก รถปรับอากาศ มาตรฐาน 2 ยูโรทู/เทียบเท่า;Bangkok Mass Transit Authority Air Condition Stadard 2 EURO II,3,FE9A2E,วงกลมอู่คลองเตย - เดอะมอลล์ท่าพระ (วนขวา),Klongtoey Depot - The mall Thapra,,未提供中文；保留泰文/英文原名,
3,公交车,2707,TSB,3-52R,วงกลมพระราม 3 - หัวลำโพง (วนขวา);Rama III - Hua Lamphong,รถโดยสาร TSB รถปรับอากาศ;Bus TSB Air Condition,3,063970,วงกลมพระราม 3 - หัวลำโพง (วนขวา),Rama III - Hua Lamphong,,未提供中文；保留泰文/英文原名,
3,公交车,2708,BMTA,4-2 (15),วงกลมBRT ราชพฤกษ์ - บางลำพู - สยาม (วนขวา);BRT Ratchapruek - Bang Lamphu - Siam,รถโดยสารประจำทาง ขสมก รถธรรมดา มาตรฐาน 3;Bangkok Mass Transit Authority Ordinary Standard 3,3,ff0000,วงกลมBRT ราชพฤกษ์ - บางลำพู - สยาม (วนขวา),BRT Ratchapruek - Bang Lamphu - Siam,,未提供中文；保留泰文/英文原名,
3,公交车,2709,TSB,4-10 (42R),วงกลมเสาชิงช้า - ท่าพระ (วนขวา);Sao Ching Cha - Tha Phra,รถโดยสาร TSB รถปรับอากาศ;Bus TSB Air Condition,3,063970,วงกลมเสาชิงช้า - ท่าพระ (วนขวา),Sao Ching Cha - Tha Phra,,未提供中文；保留泰文/英文原名,
3,公交车,2710,TSB,4-19 (108R),วงกลมสถานีรถไฟฟ้าตลาดพลู - อนุสาวรีย์ชัยสมรภูมิ (วนขวา);BTS Talat Phlu - Victory Monument ,รถโดยสาร TSB รถปรับอากาศ;Bus TSB Air Condition,3,063970,วงกลมสถานีรถไฟฟ้าตลาดพลู - อนุสาวรีย์ชัยสมรภูมิ (วนขวา),BTS Talat Phlu - Victory Monument,,未提供中文；保留泰文/英文原名,
3,公交车,2711,TSB,4-34R,วงกลมเคหะธนบุรี - พระประแดง (วนขวา);Thonburi Housing - Phra Pradaeng,รถโดยสาร TSB รถปรับอากาศ;Bus TSB Air Condition,3,063970,วงกลมเคหะธนบุรี - พระประแดง (วนขวา),Thonburi Housing - Phra Pradaeng,,未提供中文；保留泰文/英文原名,
3,公交车,2712,BMTA,4-35,วงกลมคลองสาน - เทเวศร์ (วนขวา);Khlong San - Thewes,รถโดยสารประจำทาง ขสมก รถธรรมดา มาตรฐาน 3;Bangkok Mass Transit Authority Ordinary Standard 3,3,FF0000,วงกลมคลองสาน - เทเวศร์ (วนขวา),Khlong San - Thewes,,未提供中文；保留泰文/英文原名,
3,公交车,2713,TSB,4-40 (56R),วงกลมสะพานกรุงธน - บางลำพู (วนขวา);Krungthon - Banglamphu,รถโดยสาร TSB รถปรับอากาศ;Bus TSB Air Condition,3,063970,วงกลมสะพานกรุงธน - บางลำพู (วนขวา),Krungthon - Banglamphu,,未提供中文；保留泰文/英文原名,
3,公交车,2714,BMTA,4-57R,วงกลมบรมราชชนนี - ทวีวัฒนา;Borommaratchachonnani - Thawi Watthana,รถโดยสารประจำทาง ขสมก รถธรรมดา มาตรฐาน 3;Bangkok Mass Transit Authority Ordinary Standard 3,3,ff0000,วงกลมบรมราชชนนี - ทวีวัฒนา,Borommaratchachonnani - Thawi Watthana,,未提供中文；保留泰文/英文原名,
3,公交车,2717,BMTA,2-9 (53L) ,สนามหลวง - เทเวศร์  (วนซ้าย);Sanamluang - Thewet,รถโดยสารประจำทาง ขสมก รถธรรมดา มาตรฐาน 3;Bangkok Mass Transit Authority Ordinary Standard 3,3,ff0000,สนามหลวง - เทเวศร์  (วนซ้าย),Sanamluang - Thewet,,未提供中文；保留泰文/英文原名,
3,公交车,2718,DLT,ต.118,มหาวิทยาลัยธรรมศาสตร์ (ศูนย์รังสิต) - สถานีรถไฟฟ้าบีทีเอส (หมอชิต);Thammasat University (Rangsit) - Mo chit BTS Station,รถตู้ รถตู้;City Van City Van,3,ff00ff,มหาวิทยาลัยธรรมศาสตร์ (ศูนย์รังสิต) - สถานีรถไฟฟ้าบีทีเอส (หมอชิต),Thammasat University (Rangsit) - Mo chit BTS Station,,未提供中文；保留泰文/英文原名,
3,公交车,2719,DLT,ต.127,สมุทรสาคร (ทางด่วน) - สถานีขนส่งผู้โดยสารกรุงเทพฯ (จตุจักร);Samutsakhon(Highway) - Bangkok Bus Terminal (Chatuchak),รถตู้ รถตู้;City Van City Van,3,FF00FF,สมุทรสาคร (ทางด่วน) - สถานีขนส่งผู้โดยสารกรุงเทพฯ (จตุจักร),Samutsakhon(Highway) - Bangkok Bus Terminal (Chatuchak),,未提供中文；保留泰文/英文原名,
3,公交车,2720,BMA,สายศาลาธรรมสพน์,วัดปุรณาวาส - ตลาดพุทธ;Wat Puranawat - Talad Phut Market,รถโดยสาร BMA Feeder รถปรับอากาศ;BMA Feeder Air bus,3,47D503,วัดปุรณาวาส - ตลาดพุทธ,Wat Puranawat - Talad Phut Market,,未提供中文；保留泰文/英文原名,
3,公交车,2721,DLT,ต.51,ปากน้ำ - ห้างสรรพสินค้าเดอะมอลล์บางกะปิ;Par Nam - The mall Bang Kapi Department Store,รถตู้ รถตู้;City Van City Van,3,FF00FF,ปากน้ำ - ห้างสรรพสินค้าเดอะมอลล์บางกะปิ,Par Nam - The mall Bang Kapi Department Store,,未提供中文；保留泰文/英文原名,
3,公交车,2722,DLT,ต.63,การเคหะบางพลี - รังสิต (ทางด่วน);Bang Phli Housing (Highway) - Rangsit ,รถตู้ รถตู้;City Van City Van,3,ff00ff,การเคหะบางพลี - รังสิต (ทางด่วน),Bang Phli Housing (Highway) - Rangsit,,未提供中文；保留泰文/英文原名,
3,公交车,2723,DLT,ต.78,หมู่บ้านบัวทอง - ตลาดพงษ์เพชร;Bua Thong Village - Phong Phet Market,รถตู้ รถตู้;City Van City Van,3,FF00FF,หมู่บ้านบัวทอง - ตลาดพงษ์เพชร,Bua Thong Village - Phong Phet Market,,未提供中文；保留泰文/英文原名,
3,公交车,2724,DLT,ต.85,มหาวิทยาลัยธรรมศาสตร์ (ศูนย์รังสิต) - อนุสาวรีย์ชัยสมรภูมิ;Thammasad University (Rangsit) (Highway) - Victory Monument,รถตู้ รถตู้;City Van City Van,3,FF00FF,มหาวิทยาลัยธรรมศาสตร์ (ศูนย์รังสิต) - อนุสาวรีย์ชัยสมรภูมิ,Thammasad University (Rangsit) (Highway) - Victory Monument,,未提供中文；保留泰文/英文原名,
3,公交车,2725,DLT,ต.53,การเคหะบางพลี - บางนา;Bang Phli Housing - Bangna ,รถตู้ รถตู้;City Van City Van,3,FF00FF,การเคหะบางพลี - บางนา,Bang Phli Housing - Bangna,,未提供中文；保留泰文/英文原名,
3,公交车,2726,DLT,ต.356,ปากเกร็ด - รังสิต;Pak Kret - Rangsit,รถตู้ รถตู้;City Van City Van,3,FF00FF,ปากเกร็ด - รังสิต,Pak Kret - Rangsit,,未提供中文；保留泰文/英文原名,
3,公交车,2727,DLT,337,ช่วงปทุมธานี - ถนนกาญจนาภิเษก - ห้างสรรพสินค้าเดอะมอลล์งามวงศ์วาน;Pathum Thani - Kanchanaphisek Road - The mall Ngamwongwan,รถโดยสารในเขตปริมณฑล รถโดยสารในเขตปริมณฑล;Provincial Bus Provincial Bus,3,ba1cfd,ช่วงปทุมธานี - ถนนกาญจนาภิเษก - ห้างสรรพสินค้าเดอะมอลล์งามวงศ์วาน,Pathum Thani - Kanchanaphisek Road - The mall Ngamwongwan,,未提供中文；保留泰文/英文原名,
3,公交车,2728,BMTA,5,อู่กำแพงเพชร - สะพานพุทธ;Kamphaeng Phet Bus Depot - Saphan Phut Bus Station,รถโดยสารประจำทาง ขสมก รถธรรมดา มาตรฐาน 3;Bangkok Mass Transit Authority Ordinary Standard 3,3,FF0000,อู่กำแพงเพชร - สะพานพุทธ,Kamphaeng Phet Bus Depot - Saphan Phut Bus Station,,未提供中文；保留泰文/英文原名,
3,公交车,2745,BMTA,3-31 เสริม,เมกาบางนา - สีลม;Megabangna - Si Lom,รถโดยสารประจำทาง ขสมก รถธรรมดา มาตรฐาน 3;Bangkok Mass Transit Authority Ordinary Standard 3,3,FF0000,เมกาบางนา - สีลม,Megabangna - Si Lom,,未提供中文；保留泰文/英文原名,
3,公交车,2821,BMA,สายเสริม,MRT สิรินธร - หน้าสมาคมศิษย์เก่า เซนต์คาเบรียล;MRT Sirindhorn - Saint Gabriel’s Alumni Association,รถโดยสาร BMA Feeder รถปรับอากาศ;BMA Feeder Air bus,3,47d503,MRT สิรินธร - หน้าสมาคมศิษย์เก่า เซนต์คาเบรียล,MRT Sirindhorn - Saint Gabriel’s Alumni Association,,未提供中文；保留泰文/英文原名,
3,公交车,2822,BMA,สายเสริม,MRT สิรินธร - โรงพยาบาลวชิรพยาบาล;MRT Sirindhorn - Vajira Hospital,รถโดยสาร BMA Feeder รถปรับอากาศ;BMA Feeder Air bus,3,47d503,MRT สิรินธร - โรงพยาบาลวชิรพยาบาล,MRT Sirindhorn - Vajira Hospital,,未提供中文；保留泰文/英文原名,
3,公交车,2830,BMTA,M1,MRT ท่าพระ - สนามหลวง;MRT Tha Phra - Sanam Luang,รถโดยสารประจำทาง ขสมก รถธรรมดา มาตรฐาน 3;Bangkok Mass Transit Authority Ordinary Standard 3,3,FF0000,MRT ท่าพระ - สนามหลวง,MRT Tha Phra - Sanam Luang,,未提供中文；保留泰文/英文原名,
3,公交车,2831,BMTA,M2,MRT สนามไชย - สนามหลวง;MRT Sanam Chai - Sanam Luang,รถโดยสารประจำทาง ขสมก รถธรรมดา มาตรฐาน 3;Bangkok Mass Transit Authority Ordinary Standard 3,3,FF0000,MRT สนามไชย - สนามหลวง,MRT Sanam Chai - Sanam Luang,,未提供中文；保留泰文/英文原名,
3,公交车,2836,BMTA,M7,อนุสาวรีย์ชัยฯ (ฝั่งพญาไท) - สนามหลวง;Victory Monument (Phaya Thai Side) - Sanam Luang,รถโดยสารประจำทาง ขสมก รถธรรมดา มาตรฐาน 3;Bangkok Mass Transit Authority Ordinary Standard 3,3,ff0000,อนุสาวรีย์ชัยฯ (ฝั่งพญาไท) - สนามหลวง,Victory Monument (Phaya Thai Side) - Sanam Luang,,未提供中文；保留泰文/英文原名,
3,公交车,2837,BMTA,M8,สถานีกลางกรุงเทพอภิวัฒน์ - สนามหลวง;Krung Thep Aphiwat Central Terminal Station - Sanam Luang,รถโดยสารประจำทาง ขสมก รถธรรมดา มาตรฐาน 3;Bangkok Mass Transit Authority Ordinary Standard 3,3,ff0000,สถานีกลางกรุงเทพอภิวัฒน์ - สนามหลวง,Krung Thep Aphiwat Central Terminal Station - Sanam Luang,,未提供中文；保留泰文/英文原名,
3,公交车,2838,BMTA,M9,สายใต้ใหม่ (ตลิ่งชัน) - สนามหลวง;Southern Bus Terminal (Taling Chan) - Sanam Luang,รถโดยสารประจำทาง ขสมก รถธรรมดา มาตรฐาน 3;Bangkok Mass Transit Authority Ordinary Standard 3,3,ff0000,สายใต้ใหม่ (ตลิ่งชัน) - สนามหลวง,Southern Bus Terminal (Taling Chan) - Sanam Luang,,未提供中文；保留泰文/英文原名,
3,公交车,2846,BMTA,M16,ประตูเทวาภิรมย์ - สนามหลวง;Deva Phirom Gate - Sanam Luang,รถโดยสารประจำทาง ขสมก รถธรรมดา มาตรฐาน 3;Bangkok Mass Transit Authority Ordinary Standard 3,3,FF0000,ประตูเทวาภิรมย์ - สนามหลวง,Deva Phirom Gate - Sanam Luang,,未提供中文；保留泰文/英文原名,
3,公交车,2849,TC,29,กรุงเทพฯ-เชียงคาน;Bangkok - Chiangkhan,รถโดยสารต่างจังหวัด รถมาตรฐาน 4 (ข) (รถโดยสารสองชั้นปรับอากาศ);Provincial bus Economy Class,3,0696fd,กรุงเทพฯ-เชียงคาน,Bangkok - Chiangkhan,,未提供中文；保留泰文/英文原名,
3,公交车,2850,TC,950,กรุงเทพฯ(หมอชิต2)-กระบี่(ค);Bangkok-Krabi,รถโดยสารต่างจังหวัด รถมาตรฐาน 1 (ข) (รถโดยสารปรับอากาศชั้น 1);Provincial bus Economy class,3,09acf7,กรุงเทพฯ(หมอชิต2)-กระบี่(ค),Bangkok-Krabi,,未提供中文；保留泰文/英文原名,
3,公交车,2852,TC,33,กรุงเทพฯ-กระนวน-บ้านแพง;Bangkok - Kranuan - Ban Paeng,รถโดยสารต่างจังหวัด รถมาตรฐาน 4 (ข) (รถโดยสารสองชั้นปรับอากาศ);Provincial bus Economy Class,3,0696fd,กรุงเทพฯ-กระนวน-บ้านแพง,Bangkok - Kranuan - Ban Paeng,,未提供中文；保留泰文/英文原名,
3,公交车,2853,TC,9,กรุงเทพฯ-คลองลาน;Bangkok-Khlonglan,รถโดยสารต่างจังหวัด รถมาตรฐาน 1 (ข) (รถโดยสารปรับอากาศชั้น 1);Provincial bus Economy class,3,09acf7,กรุงเทพฯ-คลองลาน,Bangkok-Khlonglan,,未提供中文；保留泰文/英文原名,
3,公交车,2854,TC,86,กรุงเทพฯ-กุดชุม-ธาตุพนม-บ้านกลาง;Bangkok-Kut Chum- That Phanom-Ban Klang,รถโดยสารต่างจังหวัด รถมาตรฐาน 4 (ข) (รถโดยสารสองชั้นปรับอากาศ);Provincial bus Economy Class,3,0696fd,กรุงเทพฯ-กุดชุม-ธาตุพนม-บ้านกลาง,Bangkok-Kut Chum- That Phanom-Ban Klang,,未提供中文；保留泰文/英文原名,
3,公交车,2858,TC,984,กรุงเทพฯ(หมอชิต2)-ตรัง;Bangkok(Mo Chit 2) - Trang,รถโดยสารต่างจังหวัด รถมาตรฐาน 1 (ข) (รถโดยสารปรับอากาศชั้น 1);Provincial bus Economy class,3,09acf7,กรุงเทพฯ(หมอชิต2)-ตรัง,Bangkok(Mo Chit 2) - Trang,,未提供中文；保留泰文/英文原名,
3,公交车,2859,TC,973,กรุงเทพฯ(สายใต้ใหม่)-สงขลา;Bangkok-Songkhla,รถโดยสารต่างจังหวัด รถมาตรฐาน 1 (ข) (รถโดยสารปรับอากาศชั้น 1);Provincial bus Economy class,3,09acf7,กรุงเทพฯ(สายใต้ใหม่)-สงขลา,Bangkok-Songkhla,,未提供中文；保留泰文/英文原名,
3,公交车,2861,TC,991,กรุงเทพฯ(สายใต้ใหม่)-เกาะสมุย;Bangkok - Koh Samui,รถโดยสารต่างจังหวัด รถมาตรฐาน 1 (ก) (รถโดยสารปรับอากาศชั้น 1 ชนิดพิเศษ);Provincial bus First class,3,0951f7,กรุงเทพฯ(สายใต้ใหม่)-เกาะสมุย,Bangkok - Koh Samui,,未提供中文；保留泰文/英文原名,
3,公交车,2862,TC,955,กรุงเทพฯ-โขงเจียม(ม1ข.);Bangkok - Khong Chiam,รถโดยสารต่างจังหวัด รถมาตรฐาน 4 (ข) (รถโดยสารสองชั้นปรับอากาศ);Provincial bus Economy Class,3,0696fd,กรุงเทพฯ-โขงเจียม(ม1ข.),Bangkok - Khong Chiam,,未提供中文；保留泰文/英文原名,
3,公交车,2863,TC,949,กรุงเทพฯ(หมอชิต2)-ภูเก็ต(ข);Bangkok-Phuket,รถโดยสารต่างจังหวัด รถมาตรฐาน 1 (ข) (รถโดยสารปรับอากาศชั้น 1);Provincial bus Economy class,3,09acf7,กรุงเทพฯ(หมอชิต2)-ภูเก็ต(ข),Bangkok-Phuket,,未提供中文；保留泰文/英文原名,
3,公交车,2864,TC,949,กรุงเทพฯ(หมอชิต2)-ภูเก็ต(ข);Bangkok-Phuket,รถโดยสารต่างจังหวัด รถมาตรฐาน 1 (ข)พิเศษ (รถโดยสารปรับอากาศชั้น 1 ชนิดที่นั่งพิเศษ);Provincial bus Super Class,3,06B9FF,กรุงเทพฯ(หมอชิต2)-ภูเก็ต(ข),Bangkok-Phuket,,未提供中文；保留泰文/英文原名,
3,公交车,2866,TC,962,กรุงเทพฯ-เชียงคำ;Bangkok-Chiang Kham,รถโดยสารต่างจังหวัด รถมาตรฐาน 4 (ข) (รถโดยสารสองชั้นปรับอากาศ);Provincial bus Economy Class,3,0696fd,กรุงเทพฯ-เชียงคำ,Bangkok-Chiang Kham,,未提供中文；保留泰文/英文原名,
3,公交车,2867,TC,89,กรุงเทพฯ(หมอชิต2)-หลังสวน;Bangkok - Lang Suan,รถโดยสารต่างจังหวัด รถมาตรฐาน 1 (ข) (รถโดยสารปรับอากาศชั้น 1);Provincial bus Economy class,3,09acf7,กรุงเทพฯ(หมอชิต2)-หลังสวน,Bangkok - Lang Suan,,未提供中文；保留泰文/英文原名,
3,公交车,2871,TC,23,กรุงเทพฯ-หนองคาย;Bangkok - Nong Khai,รถโดยสารต่างจังหวัด รถมาตรฐาน 4 (ข) (รถโดยสารสองชั้นปรับอากาศ);Provincial bus Economy Class,3,0696fd,กรุงเทพฯ-หนองคาย,Bangkok - Nong Khai,,未提供中文；保留泰文/英文原名,
3,公交车,2872,TC,3,กรุงเทพฯ - เชียงราย - เชียงแสน (ข);Bangkok-Chiangrai-Chiang Saen,รถโดยสารต่างจังหวัด รถมาตรฐาน 4 (ข) (รถโดยสารสองชั้นปรับอากาศ);Provincial bus Economy Class,3,0696fd,กรุงเทพฯ - เชียงราย - เชียงแสน (ข),Bangkok-Chiangrai-Chiang Saen,,未提供中文；保留泰文/英文原名,
3,公交车,2873,TC,925,กรุงเทพฯ-สวรรคโลก;Bangkok - Sawankhalok,รถโดยสารต่างจังหวัด รถมาตรฐาน 1 (ข) (รถโดยสารปรับอากาศชั้น 1);Provincial bus Economy class,3,09acf7,กรุงเทพฯ-สวรรคโลก,Bangkok - Sawankhalok,,未提供中文；保留泰文/英文原名,
3,公交车,2874,TC,956,กรุงเทพฯ-แม่สอด;Bangkok-Mae Sot,รถโดยสารต่างจังหวัด รถมาตรฐาน 1 (ก) (รถโดยสารปรับอากาศชั้น 1 ชนิดพิเศษ);Provincial bus First class,3,0951f7,กรุงเทพฯ-แม่สอด,Bangkok-Mae Sot,,未提供中文；保留泰文/英文原名,
3,公交车,2875,TC,956,กรุงเทพฯ-แม่สอด;Bangkok-Mae Sot,รถโดยสารต่างจังหวัด รถมาตรฐาน 1 (ข) (รถโดยสารปรับอากาศชั้น 1);Provincial bus Economy class,3,09acf7,กรุงเทพฯ-แม่สอด,Bangkok-Mae Sot,,未提供中文；保留泰文/英文原名,
3,公交车,2876,TC,957,กรุงเทพฯ-แม่สาย;Bangkok-Mae Sai,รถโดยสารต่างจังหวัด รถมาตรฐาน 4 (ข) (รถโดยสารสองชั้นปรับอากาศ);Provincial bus Economy Class,3,0696fd,กรุงเทพฯ-แม่สาย,Bangkok-Mae Sai,,未提供中文；保留泰文/英文原名,
3,公交车,2878,TC,26,กรุงเทพฯ-นครพนม;Bangkok - Nakhon Phanom,รถโดยสารต่างจังหวัด รถมาตรฐาน 2 (รถโดยสารปรับอากาศชั้น 2);Provincial bus bus,3,06FFC7,กรุงเทพฯ-นครพนม,Bangkok - Nakhon Phanom,,未提供中文；保留泰文/英文原名,
3,公交车,2879,TC,26,กรุงเทพฯ-นครพนม;Bangkok - Nakhon Phanom,รถโดยสารต่างจังหวัด รถมาตรฐาน 1 (ก) (รถโดยสารปรับอากาศชั้น 1 ชนิดพิเศษ);Provincial bus First class,3,0951f7,กรุงเทพฯ-นครพนม,Bangkok - Nakhon Phanom,,未提供中文；保留泰文/英文原名,
3,公交车,2881,TC,927,กรุงเทพฯ-มุกดาหาร;Bangkok-Mukdahan,รถโดยสารต่างจังหวัด รถมาตรฐาน 4 (ข) (รถโดยสารสองชั้นปรับอากาศ);Provincial bus Economy Class,3,0696fd,กรุงเทพฯ-มุกดาหาร,Bangkok-Mukdahan,,未提供中文；保留泰文/英文原名,
3,公交车,2883,TC,981,กรุงเทพฯ(หมอชิต2)-นครศรีฯ-หัวไทร;Bangkok-Nakhon Si Thammarat-Hua Sai,รถโดยสารต่างจังหวัด รถมาตรฐาน 1 (ข) (รถโดยสารปรับอากาศชั้น 1);Provincial bus Economy class,3,09acf7,กรุงเทพฯ(หมอชิต2)-นครศรีฯ-หัวไทร,Bangkok-Nakhon Si Thammarat-Hua Sai,,未提供中文；保留泰文/英文原名,
3,公交车,2886,TC,991,กรุงเทพฯ(หมอชิต2)-เกาะสมุย;Bangkok(Mo Chit 2) - Koh Samui,รถโดยสารต่างจังหวัด รถมาตรฐาน 1 (ก) (รถโดยสารปรับอากาศชั้น 1 ชนิดพิเศษ);Provincial bus First class,3,0951f7,กรุงเทพฯ(หมอชิต2)-เกาะสมุย,Bangkok(Mo Chit 2) - Koh Samui,,未提供中文；保留泰文/英文原名,
3,公交车,2887,TC,991,กรุงเทพฯ(หมอชิต2)-เกาะสมุย;Bangkok(Mo Chit 2) - Koh Samui,รถโดยสารต่างจังหวัด รถมาตรฐาน 1 (ข) (รถโดยสารปรับอากาศชั้น 1);Provincial bus Economy class,3,09acf7,กรุงเทพฯ(หมอชิต2)-เกาะสมุย,Bangkok(Mo Chit 2) - Koh Samui,,未提供中文；保留泰文/英文原名,
3,公交车,2888,TC,964,กรุงเทพฯ-ดอยเต่า-จอมทอง;Bangkok-Doi Tao-Chom Thong,รถโดยสารต่างจังหวัด รถมาตรฐาน 1 (ข) (รถโดยสารปรับอากาศชั้น 1);Provincial bus Economy class,3,09acf7,กรุงเทพฯ-ดอยเต่า-จอมทอง,Bangkok-Doi Tao-Chom Thong,,未提供中文；保留泰文/英文原名,
3,公交车,2889,TC,9918,กรุงเทพฯ-ด่านเจดีย์สามองค์;Bangkok - Three Pagodas Pass,รถโดยสารต่างจังหวัด รถมาตรฐาน 1 (ข) (รถโดยสารปรับอากาศชั้น 1);Provincial bus Economy class,3,09acf7,กรุงเทพฯ-ด่านเจดีย์สามองค์,Bangkok - Three Pagodas Pass,,未提供中文；保留泰文/英文原名,
3,公交车,2890,TC,92,กรุงเทพฯ-ตาก-เขื่อนภูมิพล;Bangkok-Tak-Bhumibol Dam,รถโดยสารต่างจังหวัด รถมาตรฐาน 1 (ข) (รถโดยสารปรับอากาศชั้น 1);Provincial bus Economy class,3,09acf7,กรุงเทพฯ-ตาก-เขื่อนภูมิพล,Bangkok-Tak-Bhumibol Dam,,未提供中文；保留泰文/英文原名,
3,公交车,2891,TC,18,กรุงเทพฯ-เชียงใหม่(ข)(รถด่วน);Bangkok-Chiang Mai,รถโดยสารต่างจังหวัด รถมาตรฐาน 1 (ก) (รถโดยสารปรับอากาศชั้น 1 ชนิดพิเศษ);Provincial bus First class,3,0951f7,กรุงเทพฯ-เชียงใหม่(ข)(รถด่วน),Bangkok-Chiang Mai,,未提供中文；保留泰文/英文原名,
3,公交车,2892,TC,18,กรุงเทพฯ-เชียงใหม่ (ข);Bangkok-Chiang Mai,รถโดยสารต่างจังหวัด รถมาตรฐาน 4 (ข) (รถโดยสารสองชั้นปรับอากาศ);Provincial bus Economy Class,3,0696fd,กรุงเทพฯ-เชียงใหม่ (ข),Bangkok-Chiang Mai,,未提供中文；保留泰文/英文原名,
3,公交车,2893,TC,26,กรุงเทพฯ-เรณูฯ-หนองฮี-ปลาปาก;Bangkok-Renu-Nong Hee-Pla Pak (M.4K),รถโดยสารต่างจังหวัด รถมาตรฐาน 4 (ข) (รถโดยสารสองชั้นปรับอากาศ);Provincial bus Economy Class,3,0696fd,กรุงเทพฯ-เรณูฯ-หนองฮี-ปลาปาก,Bangkok-Renu-Nong Hee-Pla Pak (M.4K),,未提供中文；保留泰文/英文原名,
3,公交车,2894,TC,98,กรุงเทพฯ-อุบลราชธานี (ข);Bangkok-Ubon Ratchathani,รถโดยสารต่างจังหวัด รถมาตรฐาน 4 (ข) (รถโดยสารสองชั้นปรับอากาศ);Provincial bus Economy Class,3,0696fd,กรุงเทพฯ-อุบลราชธานี (ข),Bangkok-Ubon Ratchathani,,未提供中文；保留泰文/英文原名,
3,公交车,2895,TC,944,กรุงเทพฯ-รัตนบุรี;Bangkok-Rattanaburi,รถโดยสารต่างจังหวัด รถมาตรฐาน 4 (ข) (รถโดยสารสองชั้นปรับอากาศ);Provincial bus Economy Class,3,0696fd,กรุงเทพฯ-รัตนบุรี,Bangkok-Rattanaburi,,未提供中文；保留泰文/英文原名,
3,公交车,2897,TC,100,กรุงเทพฯ-สวรรคโลก-สารจิตร;Bangkok-Sawankhalok-Sanchit,รถโดยสารต่างจังหวัด รถมาตรฐาน 1 (ข) (รถโดยสารปรับอากาศชั้น 1);Provincial bus Economy class,3,09acf7,กรุงเทพฯ-สวรรคโลก-สารจิตร,Bangkok-Sawankhalok-Sanchit,,未提供中文；保留泰文/英文原名,
3,公交车,2900,TC,6,กรุงเทพฯ-สุโขทัย-อุทยานฯบ้านด่านลานหอย;Bangkok - Sukhothai - Ban Dan Lan Hoi National Park,รถโดยสารต่างจังหวัด รถมาตรฐาน 1 (ข) (รถโดยสารปรับอากาศชั้น 1);Provincial bus Economy class,3,09acf7,กรุงเทพฯ-สุโขทัย-อุทยานฯบ้านด่านลานหอย,Bangkok - Sukhothai - Ban Dan Lan Hoi National Park,,未提供中文；保留泰文/英文原名,
3,公交车,2901,TC,31,กรุงเทพฯ-สุรินทร์(แยกปักธงชัย);Bangkok - Surin (Pak Thong Chai Intersection),รถโดยสารต่างจังหวัด รถมาตรฐาน 1 (ข) (รถโดยสารปรับอากาศชั้น 1);Provincial bus Economy class,3,09acf7,กรุงเทพฯ-สุรินทร์(แยกปักธงชัย),Bangkok - Surin (Pak Thong Chai Intersection),,未提供中文；保留泰文/英文原名,
3,公交车,2903,TC,962,กรุงเทพฯ-ป่าแดด-เชียงของ;Bangkok-Pa Daed-Chiang Khong,รถโดยสารต่างจังหวัด รถมาตรฐาน 4 (ข) (รถโดยสารสองชั้นปรับอากาศ);Provincial bus Economy Class,3,0696fd,กรุงเทพฯ-ป่าแดด-เชียงของ,Bangkok-Pa Daed-Chiang Khong,,未提供中文；保留泰文/英文原名,
3,公交车,2904,TC,965,กรุงเทพฯ-อุทยานฯ-บ้านด่านลานหอย;Bangkok-National Park-Ban Dan Lan Hoi,รถโดยสารต่างจังหวัด รถมาตรฐาน 1 (ข) (รถโดยสารปรับอากาศชั้น 1);Provincial bus Economy class,3,09acf7,กรุงเทพฯ-อุทยานฯ-บ้านด่านลานหอย,Bangkok-National Park-Ban Dan Lan Hoi,,未提供中文；保留泰文/英文原名,
3,公交车,2906,TC,32,กรุงเทพฯ-บุรีรัมย์(แยกปักธงชัย);Bangkok - Buriram (Pak Thong Chai Intersection),รถโดยสารต่างจังหวัด รถมาตรฐาน 1 (ข) (รถโดยสารปรับอากาศชั้น 1);Provincial bus Economy class,3,09acf7,กรุงเทพฯ-บุรีรัมย์(แยกปักธงชัย),Bangkok - Buriram (Pak Thong Chai Intersection),,未提供中文；保留泰文/英文原名,
3,公交车,2907,TC,917,กรุงเทพฯ(เอกมัย)-แหลมงอบ(ท่าเรือ);Bangkok (Ekamai) - Laem Ngob (Pier),รถโดยสารต่างจังหวัด รถมาตรฐาน 1 (ข) (รถโดยสารปรับอากาศชั้น 1);Provincial bus Economy class,3,09acf7,กรุงเทพฯ(เอกมัย)-แหลมงอบ(ท่าเรือ),Bangkok (Ekamai) - Laem Ngob (Pier),,未提供中文；保留泰文/英文原名,
3,公交车,2908,TC,929,กรุงเทพฯ-อำนาจเจริญ-โพธิ์ไทร;Bangkok-Amnat Charoen-Pho Sai,รถโดยสารต่างจังหวัด รถมาตรฐาน 4 (ข) (รถโดยสารสองชั้นปรับอากาศ);Provincial bus Economy Class,3,0696fd,กรุงเทพฯ-อำนาจเจริญ-โพธิ์ไทร,Bangkok-Amnat Charoen-Pho Sai,,未提供中文；保留泰文/英文原名,
3,公交车,2909,TC,3,อุบลราชธานี-เมืองปากเซ(รถไทย);Ubon Ratchathani - Pakse (Thai bus),รถโดยสารต่างจังหวัด รถมาตรฐาน 1 (ข) (รถโดยสารปรับอากาศชั้น 1);Provincial bus Economy class,3,09acf7,อุบลราชธานี-เมืองปากเซ(รถไทย),Ubon Ratchathani - Pakse (Thai bus),,未提供中文；保留泰文/英文原名,
3,公交车,2910,TC,14,กรุงเทพ-หล่มสัก(ข)-หล่มเก่า;Bangkok-Lom Sak(B)-Lom Kao,รถโดยสารต่างจังหวัด รถมาตรฐาน 1 (ข) (รถโดยสารปรับอากาศชั้น 1);Provincial bus Economy class,3,09acf7,กรุงเทพ-หล่มสัก(ข)-หล่มเก่า,Bangkok-Lom Sak(B)-Lom Kao,,未提供中文；保留泰文/英文原名,
3,公交车,2913,TC,986,กรุงเทพฯ(สายใต้ใหม่)-สุไหงโกลก(ข);Bangkok - Sungai Kolok,รถโดยสารต่างจังหวัด รถมาตรฐาน 1 (ข)พิเศษ (รถโดยสารปรับอากาศชั้น 1 ชนิดที่นั่งพิเศษ);Provincial bus Super Class,3,06b9ff,กรุงเทพฯ(สายใต้ใหม่)-สุไหงโกลก(ข),Bangkok - Sungai Kolok,,未提供中文；保留泰文/英文原名,
3,公交车,2915,TC,9917,กรุงเทพฯ(หมอชิต2)-ปัตตานี;Bangkok - Pattani (M.1K),รถโดยสารต่างจังหวัด รถมาตรฐาน 1 (ข) (รถโดยสารปรับอากาศชั้น 1);Provincial bus Economy class,3,09acf7,กรุงเทพฯ(หมอชิต2)-ปัตตานี,Bangkok - Pattani (M.1K),,未提供中文；保留泰文/英文原名,
3,公交车,2916,TC,949,กรุงเทพฯ(หมอชิต2)-ภูเก็ต (ข);Bangkok - Phuket,รถโดยสารต่างจังหวัด รถมาตรฐาน 1 (ก) (รถโดยสารปรับอากาศชั้น 1 ชนิดพิเศษ);Provincial bus First class,3,0951F7,กรุงเทพฯ(หมอชิต2)-ภูเก็ต (ข),Bangkok - Phuket,,未提供中文；保留泰文/英文原名,
3,公交车,2917,TC,982,กรุงเทพฯ(หมอชิต2)-หาดใหญ่(ข);Bangkok(Mo Chit 2) - Hatyai,รถโดยสารต่างจังหวัด รถมาตรฐาน 1 (ข) (รถโดยสารปรับอากาศชั้น 1);Provincial bus Economy class,3,09acf7,กรุงเทพฯ(หมอชิต2)-หาดใหญ่(ข),Bangkok(Mo Chit 2) - Hatyai,,未提供中文；保留泰文/英文原名,
3,公交车,2918,TC,47,กรุงเทพฯ-ทุ่งช้าง;Bangkok - Thung Chang,รถโดยสารต่างจังหวัด รถมาตรฐาน 1 (ข)พิเศษ (รถโดยสารปรับอากาศชั้น 1 ชนิดที่นั่งพิเศษ);Provincial bus Super Class,3,06b9ff,กรุงเทพฯ-ทุ่งช้าง,Bangkok - Thung Chang,,未提供中文；保留泰文/英文原名,
3,公交车,2919,TC,6,กรุงเทพฯ-นครเวียงจันทน์(รถไทย);Bangkok-Vientiane,รถโดยสารต่างจังหวัด รถมาตรฐาน 4 (ก) (รถโดยสารสองชั้นปรับอากาศชนิดพิเศษ);Provincial bus First class,3,0c2ffd,กรุงเทพฯ-นครเวียงจันทน์(รถไทย),Bangkok-Vientiane,,未提供中文；保留泰文/英文原名,
3,公交车,2920,TC,32,กรุงเทพฯ-บุรีรัมย์(แยกปักธงชัย);Bangkok - Buriram (Pak Thong Chai Intersection),รถโดยสารต่างจังหวัด รถมาตรฐาน 4 (ข) (รถโดยสารสองชั้นปรับอากาศ);Provincial bus Economy Class,3,0696fd,กรุงเทพฯ-บุรีรัมย์(แยกปักธงชัย),Bangkok - Buriram (Pak Thong Chai Intersection),,未提供中文；保留泰文/英文原名,
3,公交车,2921,TC,927,กรุงเทพฯ-มุกดาหาร(ม1ข.);Bangkok-Mukdahan,รถโดยสารต่างจังหวัด รถมาตรฐาน 1 (ข) (รถโดยสารปรับอากาศชั้น 1);Provincial bus Economy class,3,09acf7,กรุงเทพฯ-มุกดาหาร(ม1ข.),Bangkok-Mukdahan,,未提供中文；保留泰文/英文原名,
3,公交车,2923,TC,926,กรุงเทพฯ-ศรีสะเกษ(แยกปักธงชัย);Bangkok - Sisaket (Pak Thong Chai Junction),รถโดยสารต่างจังหวัด รถมาตรฐาน 4 (ข) (รถโดยสารสองชั้นปรับอากาศ);Provincial bus Economy Class,3,0696fd,กรุงเทพฯ-ศรีสะเกษ(แยกปักธงชัย),Bangkok - Sisaket (Pak Thong Chai Junction),,未提供中文；保留泰文/英文原名,
3,公交车,2924,TC,27,กรุงเทพฯ-สกลนคร-อ.นาแก(ม1พ.) ;Bangkok-Sakon Nakhon-Na Kae District,รถโดยสารต่างจังหวัด รถมาตรฐาน 1 (ข)พิเศษ (รถโดยสารปรับอากาศชั้น 1 ชนิดที่นั่งพิเศษ);Provincial bus Super Class,3,06B9FF,กรุงเทพฯ-สกลนคร-อ.นาแก(ม1พ.),Bangkok-Sakon Nakhon-Na Kae District,,未提供中文；保留泰文/英文原名,
3,公交车,2926,TC,5,กรุงเทพฯ-อ.นาวัง;Bangkok - Nawang District,รถโดยสารต่างจังหวัด รถมาตรฐาน 4 (ข) (รถโดยสารสองชั้นปรับอากาศ);Provincial bus Economy Class,3,0696fd,กรุงเทพฯ-อ.นาวัง,Bangkok - Nawang District,,未提供中文；保留泰文/英文原名,
3,公交车,2927,TC,100,กรุงเทพฯ-อุตรดิตถ์;Bangkok-Uttaradit,รถโดยสารต่างจังหวัด รถมาตรฐาน 4 (ข) (รถโดยสารสองชั้นปรับอากาศ);Provincial bus Economy Class,3,0696fd,กรุงเทพฯ-อุตรดิตถ์,Bangkok-Uttaradit,,未提供中文；保留泰文/英文原名,
3,公交车,2928,TC,29,กรุงเทพฯ-เชียงคาน;Bangkok - Chiangkhan,รถโดยสารต่างจังหวัด รถมาตรฐาน 1 (ข)พิเศษ (รถโดยสารปรับอากาศชั้น 1 ชนิดที่นั่งพิเศษ);Provincial bus Super Class,3,06b9ff,กรุงเทพฯ-เชียงคาน,Bangkok - Chiangkhan,,未提供中文；保留泰文/英文原名,
3,公交车,2931,TC,957,กรุงเทพฯ-แม่สาย;Bangkok - Mae Sai,รถโดยสารต่างจังหวัด รถมาตรฐาน 1 (ก) (รถโดยสารปรับอากาศชั้น 1 ชนิดพิเศษ);Provincial bus First class,3,0951f7,กรุงเทพฯ-แม่สาย,Bangkok - Mae Sai,,未提供中文；保留泰文/英文原名,
3,公交车,2933,TC,4,กรุงเทพฯ-ทุ่งศรีอุดม-บุณฑริก;Bangkok-Thung Si Udom-Buntharik,รถโดยสารต่างจังหวัด รถมาตรฐาน 1 (ข) (รถโดยสารปรับอากาศชั้น 1);Provincial bus Economy class,3,09acf7,กรุงเทพฯ-ทุ่งศรีอุดม-บุณฑริก,Bangkok-Thung Si Udom-Buntharik,,未提供中文；保留泰文/英文原名,
3,公交车,2935,TC,10,กรุงเทพฯ-วังเต่า-ปากเซ(รถลาว);Bangkok-Wang Tao-Pakse(Lao bus),รถโดยสารต่างจังหวัด รถมาตรฐาน 4 (ข) (รถโดยสารสองชั้นปรับอากาศ);Provincial bus Economy Class,3,0696fd,กรุงเทพฯ-วังเต่า-ปากเซ(รถลาว),Bangkok-Wang Tao-Pakse(Lao bus),,未提供中文；保留泰文/英文原名,
3,公交车,2937,TC,978,ท่าอากาศยานดอนเมือง-หัวหิน;Don Mueang International Airport-Hua Hin,รถโดยสารต่างจังหวัด รถมาตรฐาน 1 (ข) (รถโดยสารปรับอากาศชั้น 1);Provincial bus Economy class,3,09acf7,ท่าอากาศยานดอนเมือง-หัวหิน,Don Mueang International Airport-Hua Hin,,未提供中文；保留泰文/英文原名,
3,公交车,2947,TC,987,กรุงเทพฯ(สายใต้ใหม่)-ปัตตานี-ยะลา;Bangkok(Sai Tai Mai)-Pattani-Yala,รถโดยสารต่างจังหวัด รถมาตรฐาน 1 (ข)พิเศษ (รถโดยสารปรับอากาศชั้น 1 ชนิดที่นั่งพิเศษ);Provincial bus Super Class,3,06b9ff,กรุงเทพฯ(สายใต้ใหม่)-ปัตตานี-ยะลา,Bangkok(Sai Tai Mai)-Pattani-Yala,,未提供中文；保留泰文/英文原名,
3,公交车,2948,TC,986,กรุงเทพฯ(สายใต้ใหม่)-สุไหงโกลก(ข);Bangkok - Sungai Kolok,รถโดยสารต่างจังหวัด รถมาตรฐาน 1 (ข) (รถโดยสารปรับอากาศชั้น 1);Provincial bus Economy class,3,09ACF7,กรุงเทพฯ(สายใต้ใหม่)-สุไหงโกลก(ข),Bangkok - Sungai Kolok,,未提供中文；保留泰文/英文原名,
3,公交车,2950,TC,984,กรุงเทพฯ(หมอชิต2)-สตูล;Bangkok(Mo Chit 2)-Satun,รถโดยสารต่างจังหวัด รถมาตรฐาน 1 (ข) (รถโดยสารปรับอากาศชั้น 1);Provincial bus Economy class,3,09acf7,กรุงเทพฯ(หมอชิต2)-สตูล,Bangkok(Mo Chit 2)-Satun,,未提供中文；保留泰文/英文原名,
3,公交车,2951,TC,99,กรุงเทพฯ(หมอชิต2)-ตะกั่วป่า-โคกกลอย;Bangkok  - Takua Pa - Khok Kloi,รถโดยสารต่างจังหวัด รถมาตรฐาน 1 (ก) (รถโดยสารปรับอากาศชั้น 1 ชนิดพิเศษ);Provincial bus First class,3,0951f7,กรุงเทพฯ(หมอชิต2)-ตะกั่วป่า-โคกกลอย,Bangkok  - Takua Pa - Khok Kloi,,未提供中文；保留泰文/英文原名,
3,公交车,2952,TC,988,กรุงเทพฯ(หมอชิต2)-สตูล;Bangkok(Mo Chit 2) - Satun,รถโดยสารต่างจังหวัด รถมาตรฐาน 1 (ข) (รถโดยสารปรับอากาศชั้น 1);Provincial bus Economy class,3,09acf7,กรุงเทพฯ(หมอชิต2)-สตูล,Bangkok(Mo Chit 2) - Satun,,未提供中文；保留泰文/英文原名,
3,公交车,2953,TC,991,กรุงเทพฯ(หมอชิต2)-เกาะพะงัน;Bangkok(Mo Chit 2) - Ko Pha Ngan,รถโดยสารต่างจังหวัด รถมาตรฐาน 1 (ก) (รถโดยสารปรับอากาศชั้น 1 ชนิดพิเศษ);Provincial bus First class,3,0951f7,กรุงเทพฯ(หมอชิต2)-เกาะพะงัน,Bangkok(Mo Chit 2) - Ko Pha Ngan,,未提供中文；保留泰文/英文原名,
3,公交车,2955,TC,26,กรุงเทพฯ-นครพนม(ม1ข.);Bangkok-Nakhon Phanom,รถโดยสารต่างจังหวัด รถมาตรฐาน 1 (ข) (รถโดยสารปรับอากาศชั้น 1);Provincial bus Economy class,3,09acf7,กรุงเทพฯ-นครพนม(ม1ข.),Bangkok-Nakhon Phanom,,未提供中文；保留泰文/英文原名,
3,公交车,2956,TC,927,กรุงเทพฯ-มุกดาหาร;Bangkok-Mukdahan,รถโดยสารต่างจังหวัด รถมาตรฐาน 4 (ข)พิเศษ (รถโดยสารสองชั้นปรับอากาศชนิดที่นั่งพิเศษ);Provincial bus Super Class,3,0868ff,กรุงเทพฯ-มุกดาหาร,Bangkok-Mukdahan,,未提供中文；保留泰文/英文原名,
3,公交车,2958,TC,957,กรุงเทพฯ - แม่สาย;Bangkok - Mae Sai,รถโดยสารต่างจังหวัด รถมาตรฐาน 1 (ข)พิเศษ (รถโดยสารปรับอากาศชั้น 1 ชนิดที่นั่งพิเศษ);Provincial bus Super Class,3,06B9FF,กรุงเทพฯ - แม่สาย,Bangkok - Mae Sai,,未提供中文；保留泰文/英文原名,
3,公交车,2959,BMTA,4-9 (37),ท่าน้ำพระประแดง - จุฬาลงกรณ์มหาวิทยาลัย;Phra Pradaeng Pier - Chulalongkorn University,รถโดยสารประจำทาง ขสมก รถธรรมดา มาตรฐาน 3;Bangkok Mass Transit Authority Ordinary Standard 3,3,FF0000,ท่าน้ำพระประแดง - จุฬาลงกรณ์มหาวิทยาลัย,Phra Pradaeng Pier - Chulalongkorn University,,未提供中文；保留泰文/英文原名,
3,公交车,2968,TC,47,กรุงเทพฯ-ทุ่งช้าง;Bangkok - Thung Chang,รถโดยสารต่างจังหวัด รถมาตรฐาน 1 (ข) (รถโดยสารปรับอากาศชั้น 1);Provincial bus Economy class,3,09acf7,กรุงเทพฯ-ทุ่งช้าง,Bangkok - Thung Chang,,未提供中文；保留泰文/英文原名,
3,公交车,2969,TC,47,กรุงเทพฯ-ทุ่งช้าง;Bangkok - Thung Chang,รถโดยสารต่างจังหวัด รถมาตรฐาน 4 (ข) (รถโดยสารสองชั้นปรับอากาศ);Provincial bus Economy Class,3,0696fd,กรุงเทพฯ-ทุ่งช้าง,Bangkok - Thung Chang,,未提供中文；保留泰文/英文原名,
3,公交车,2970,TC,913,กรุงเทพฯ-สากเหล็ก-พิษณุโลก;Bangkok-Sak Lek-Phitsanulok,รถโดยสารต่างจังหวัด รถมาตรฐาน 1 (ข) (รถโดยสารปรับอากาศชั้น 1);Provincial bus Economy class,3,09acf7,กรุงเทพฯ-สากเหล็ก-พิษณุโลก,Bangkok-Sak Lek-Phitsanulok,,未提供中文；保留泰文/英文原名,
3,公交车,2971,TC,913,กรุงเทพฯ-สากเหล็ก-พิษณุโลก;Bangkok-Sak Lek-Phitsanulok,รถโดยสารต่างจังหวัด รถมาตรฐาน 4 (ข) (รถโดยสารสองชั้นปรับอากาศ);Provincial bus Economy Class,3,0696fd,กรุงเทพฯ-สากเหล็ก-พิษณุโลก,Bangkok-Sak Lek-Phitsanulok,,未提供中文；保留泰文/英文原名,
3,公交车,2978,TC,6,กรุงเทพฯ-สุโขทัย-อุทยานประวัติศาสตร์สุโขทัย;Bangkok - Sukhothai - Sukhothai Historical Park,รถโดยสารต่างจังหวัด รถมาตรฐาน 1 (ข) (รถโดยสารปรับอากาศชั้น 1);Provincial bus Economy class,3,09acf7,กรุงเทพฯ-สุโขทัย-อุทยานประวัติศาสตร์สุโขทัย,Bangkok - Sukhothai - Sukhothai Historical Park,,未提供中文；保留泰文/英文原名,
3,公交车,2984,TC,957,กรุงเทพฯ-แม่สาย;Bangkok-Mae Sai,รถโดยสารต่างจังหวัด รถมาตรฐาน 1 (ข) (รถโดยสารปรับอากาศชั้น 1);Provincial bus Economy class,3,09acf7,กรุงเทพฯ-แม่สาย,Bangkok-Mae Sai,,未提供中文；保留泰文/英文原名,
3,公交车,2985,TC,957,กรุงเทพฯ-แม่สาย;Bangkok - Mae Sai,รถโดยสารต่างจังหวัด รถมาตรฐาน 4 (ก) (รถโดยสารสองชั้นปรับอากาศชนิดพิเศษ);Provincial bus First class,3,0c2ffd,กรุงเทพฯ-แม่สาย,Bangkok - Mae Sai,,未提供中文；保留泰文/英文原名,
3,公交车,2986,BMTA,2-5 (32),ปากเกร็ด - วัดโพธิ์;Pak Kret - Wat Pho,รถโดยสารประจำทาง ขสมก รถปรับอากาศ มาตรฐาน 2 ยูโรทู/เทียบเท่า;Bangkok Mass Transit Authority Air Condition Stadard 2 EURO II,3,fe9a2e,ปากเกร็ด - วัดโพธิ์,Pak Kret - Wat Pho,,未提供中文；保留泰文/英文原名,
3,公交车,2987,TC,957,กรุงเทพฯ - แม่สาย;Bangkok - Mae Sai,รถโดยสารต่างจังหวัด รถมาตรฐาน 4 (ข)พิเศษ (รถโดยสารสองชั้นปรับอากาศชนิดที่นั่งพิเศษ);Provincial bus Super Class,3,0868FF,กรุงเทพฯ - แม่สาย,Bangkok - Mae Sai,,未提供中文；保留泰文/英文原名,
3,公交车,3069,TC,33 ,กรุงเทพฯ-กระนวน-บ้านแพง;Bangkok - Kranuan - Ban Paeng,รถโดยสารต่างจังหวัด รถมาตรฐาน 1 (ข) (รถโดยสารปรับอากาศชั้น 1);Provincial bus Economy class,3,09acf7,กรุงเทพฯ-กระนวน-บ้านแพง,Bangkok - Kranuan - Ban Paeng,,未提供中文；保留泰文/英文原名,
3,公交车,3070,TC,14,กรุงเทพ-หล่มสัก(ข)-หล่มเก่า;Bangkok-Lom Sak(B)-Lom Kao,รถโดยสารต่างจังหวัด รถมาตรฐาน 4 (ข) (รถโดยสารสองชั้นปรับอากาศ);Provincial bus Economy Class,3,0696FD,กรุงเทพ-หล่มสัก(ข)-หล่มเก่า,Bangkok-Lom Sak(B)-Lom Kao,,未提供中文；保留泰文/英文原名,
3,公交车,3071,TC,98 ,กรุงเทพฯ-อุบลราชธานี (ด่วนพิเศษ);Bangkok-Ubon Ratchathani,รถโดยสารต่างจังหวัด รถมาตรฐาน 1 (ข)พิเศษ (รถโดยสารปรับอากาศชั้น 1 ชนิดที่นั่งพิเศษ);Provincial bus Super Class,3,06B9FF,กรุงเทพฯ-อุบลราชธานี (ด่วนพิเศษ),Bangkok-Ubon Ratchathani,,未提供中文；保留泰文/英文原名,
3,公交车,3072,TC,26,กรุงเทพฯ-นครพนม(ด่วนพิเศษ);Bangkok - Nakhon Phanom,รถโดยสารต่างจังหวัด รถมาตรฐาน 1 (ข)พิเศษ (รถโดยสารปรับอากาศชั้น 1 ชนิดที่นั่งพิเศษ);Provincial bus Super Class,3,06B9FF,กรุงเทพฯ-นครพนม(ด่วนพิเศษ),Bangkok - Nakhon Phanom,,未提供中文；保留泰文/英文原名,
3,公交车,3073,TC,99 ,กรุงเทพฯ(หมอชิต2)-ตะกั่วป่า-โคกกลอย;Bangkok  - Takua Pa - Khok Kloi,รถโดยสารต่างจังหวัด รถมาตรฐาน 1 (ข) (รถโดยสารปรับอากาศชั้น 1);Provincial bus Economy class,3,09ACF7,กรุงเทพฯ(หมอชิต2)-ตะกั่วป่า-โคกกลอย,Bangkok  - Takua Pa - Khok Kloi,,未提供中文；保留泰文/英文原名,
3,公交车,3074,TC,917 ,กรุงเทพฯ(จตุจักร)-ตราด (ง);Bangkok(Chatuchak) - Trat,รถโดยสารต่างจังหวัด รถมาตรฐาน 1 (ข) (รถโดยสารปรับอากาศชั้น 1);Provincial bus Economy class,3,09acf7,กรุงเทพฯ(จตุจักร)-ตราด (ง),Bangkok(Chatuchak) - Trat,,未提供中文；保留泰文/英文原名,
3,公交车,3077,TC,10,กรุงเทพฯ-วังเต่า-ปากเซ(รถไทย);Bangkok-Wang Tao-Pakse(Thai bus),รถโดยสารต่างจังหวัด รถมาตรฐาน 1 (ข)พิเศษ (รถโดยสารปรับอากาศชั้น 1 ชนิดที่นั่งพิเศษ);Provincial bus Super Class,3,06b9ff,กรุงเทพฯ-วังเต่า-ปากเซ(รถไทย),Bangkok-Wang Tao-Pakse(Thai bus),,未提供中文；保留泰文/英文原名,
3,公交车,3079,TC,13,กรุงเทพฯ-บ้านท่าตอน;Bangkok - Ban Tha Ton,รถโดยสารต่างจังหวัด รถมาตรฐาน 4 (ข) (รถโดยสารสองชั้นปรับอากาศ);Provincial bus Economy Class,3,0696fd,กรุงเทพฯ-บ้านท่าตอน,Bangkok - Ban Tha Ton,,未提供中文；保留泰文/英文原名,
3,公交车,3081,TC,100,กรุงเทพฯ-อุตรดิตถ์;Bangkok-Uttaradit,รถโดยสารต่างจังหวัด รถมาตรฐาน 1 (ข) (รถโดยสารปรับอากาศชั้น 1);Provincial bus Economy class,3,09ACF7,กรุงเทพฯ-อุตรดิตถ์,Bangkok-Uttaradit,,未提供中文；保留泰文/英文原名,
3,公交车,3082,TC,99,กรุงเทพฯ(หมอชิต2)-ตะกั่วป่า-โคกกลอย;Bangkok  - Takua Pa - Khok Kloi,รถโดยสารต่างจังหวัด รถมาตรฐาน 4 (ข) (รถโดยสารสองชั้นปรับอากาศ);Provincial bus Economy Class,3,0696FD,กรุงเทพฯ(หมอชิต2)-ตะกั่วป่า-โคกกลอย,Bangkok  - Takua Pa - Khok Kloi,,未提供中文；保留泰文/英文原名,
3,公交车,3083,TC,926,กรุงเทพฯ-ศรีสะเกษ(แยกปักธงชัย);Bangkok - Sisaket (Pak Thong Chai Junction),รถโดยสารต่างจังหวัด รถมาตรฐาน 1 (ข) (รถโดยสารปรับอากาศชั้น 1);Provincial bus Economy class,3,09ACF7,กรุงเทพฯ-ศรีสะเกษ(แยกปักธงชัย),Bangkok - Sisaket (Pak Thong Chai Junction),,未提供中文；保留泰文/英文原名,
3,公交车,3085,TC,927,กรุงเทพฯ-มุกดาหาร(ด่วนพิเศษ);Bangkok-Mukdahan,รถโดยสารต่างจังหวัด รถมาตรฐาน 1 (ข)พิเศษ (รถโดยสารปรับอากาศชั้น 1 ชนิดที่นั่งพิเศษ);Provincial bus Super Class,3,06b9ff,กรุงเทพฯ-มุกดาหาร(ด่วนพิเศษ),Bangkok-Mukdahan,,未提供中文；保留泰文/英文原名,
3,公交车,3086,TC,950,กรุงเทพฯ(หมอชิต2)-กระบี่;Bangkok-Krabi,รถโดยสารต่างจังหวัด รถมาตรฐาน 1 (ข)พิเศษ (รถโดยสารปรับอากาศชั้น 1 ชนิดที่นั่งพิเศษ);Provincial bus Super Class,3,06b9ff,กรุงเทพฯ(หมอชิต2)-กระบี่,Bangkok-Krabi,,未提供中文；保留泰文/英文原名,
3,公交车,3087,NCA,32,กรุงเทพฯ - บุรีรัมย์ (ผ่านทางแยกปักธงชัย);Bangkok - Buriram (Pak Thong Chai Intersection),รถโดยสารต่างจังหวัด รถมาตรฐาน 1 (ข)พิเศษ (รถโดยสารปรับอากาศชั้น 1 ชนิดที่นั่งพิเศษ);Provincial bus Super Class,3,06b9ff,กรุงเทพฯ - บุรีรัมย์ (ผ่านทางแยกปักธงชัย),Bangkok - Buriram (Pak Thong Chai Intersection),,未提供中文；保留泰文/英文原名,
3,公交车,3088,NCA,18,กรุงเทพฯ - เชียงใหม่ (ข);Bangkok-Chiang Mai,รถโดยสารต่างจังหวัด รถมาตรฐาน 1 (ก) (รถโดยสารปรับอากาศชั้น 1 ชนิดพิเศษ);Provincial bus First class,3,0951f7,กรุงเทพฯ - เชียงใหม่ (ข),Bangkok-Chiang Mai,,未提供中文；保留泰文/英文原名,
3,公交车,3089,NCA,18,กรุงเทพฯ - เชียงใหม่ (ข);Bangkok-Chiang Mai,รถโดยสารต่างจังหวัด รถมาตรฐาน 1 (ข)พิเศษ (รถโดยสารปรับอากาศชั้น 1 ชนิดที่นั่งพิเศษ);Provincial bus Super Class,3,06b9ff,กรุงเทพฯ - เชียงใหม่ (ข),Bangkok-Chiang Mai,,未提供中文；保留泰文/英文原名,
3,公交车,3090,NCA,23,กรุงเทพฯ - หนองคาย;Bangkok - Nong Khai,รถโดยสารต่างจังหวัด รถมาตรฐาน 1 (ข)พิเศษ (รถโดยสารปรับอากาศชั้น 1 ชนิดที่นั่งพิเศษ);Provincial bus Super Class,3,06b9ff,กรุงเทพฯ - หนองคาย,Bangkok - Nong Khai,,未提供中文；保留泰文/英文原名,
3,公交车,3091,NCA,26,กรุงเทพฯ - นครพนม;Bangkok - Nakhon Phanom,รถโดยสารต่างจังหวัด รถมาตรฐาน 1 (ก) (รถโดยสารปรับอากาศชั้น 1 ชนิดพิเศษ);Provincial bus First class,3,0951f7,กรุงเทพฯ - นครพนม,Bangkok - Nakhon Phanom,,未提供中文；保留泰文/英文原名,
3,公交车,3092,NCA,23,กรุงเทพฯ - หนองคาย;Bangkok - Nong Khai,รถโดยสารต่างจังหวัด รถมาตรฐาน 1 (ก) (รถโดยสารปรับอากาศชั้น 1 ชนิดพิเศษ);Provincial bus First class,3,0951f7,กรุงเทพฯ - หนองคาย,Bangkok - Nong Khai,,未提供中文；保留泰文/英文原名,
3,公交车,3093,NCA,912,กรุงเทพฯ - อุตรดิตถ์ (ข);Bangkok-Uttaradit,รถโดยสารต่างจังหวัด รถมาตรฐาน 1 (ข)พิเศษ (รถโดยสารปรับอากาศชั้น 1 ชนิดที่นั่งพิเศษ);Provincial bus Super Class,3,06b9ff,กรุงเทพฯ - อุตรดิตถ์ (ข),Bangkok-Uttaradit,,未提供中文；保留泰文/英文原名,
3,公交车,3094,NCA,25,กรุงเทพฯ - อุบลราชธานี(ก);Bangkok-Ubon Ratchathani,รถโดยสารต่างจังหวัด รถมาตรฐาน 1 (ข)พิเศษ (รถโดยสารปรับอากาศชั้น 1 ชนิดที่นั่งพิเศษ);Provincial bus Super Class,3,06B9FF,กรุงเทพฯ - อุบลราชธานี(ก),Bangkok-Ubon Ratchathani,,未提供中文；保留泰文/英文原名,
3,公交车,3096,NCA,26,กรุงเทพฯ - นครพนม;Bangkok - Nakhon Phanom,รถโดยสารต่างจังหวัด รถมาตรฐาน 1 (ข)พิเศษ (รถโดยสารปรับอากาศชั้น 1 ชนิดที่นั่งพิเศษ);Provincial bus Super Class,3,06b9ff,กรุงเทพฯ - นครพนม,Bangkok - Nakhon Phanom,,未提供中文；保留泰文/英文原名,
3,公交车,3097,NCA,26,กรุงเทพฯ - นครพนม;Bangkok - Nakhon Phanom,รถโดยสารต่างจังหวัด รถมาตรฐาน 1 (ก) (รถโดยสารปรับอากาศชั้น 1 ชนิดพิเศษ);Provincial bus First class,3,0951f7,กรุงเทพฯ - นครพนม,Bangkok - Nakhon Phanom,,未提供中文；保留泰文/英文原名,
3,公交车,3098,NCA,27,กรุงเทพฯ - ธาตุพนม;Bangkok - That Phanom,รถโดยสารต่างจังหวัด รถมาตรฐาน 1 (ข)พิเศษ (รถโดยสารปรับอากาศชั้น 1 ชนิดที่นั่งพิเศษ);Provincial bus Super Class,3,06B9FF,กรุงเทพฯ - ธาตุพนม,Bangkok - That Phanom,,未提供中文；保留泰文/英文原名,
3,公交车,3099,NCA,32,กรุงเทพฯ - บุรีรัมย์ (ปักธงชัย);Bangkok - Buriram (Pak Thong Chai),รถโดยสารต่างจังหวัด รถมาตรฐาน 1 (ก) (รถโดยสารปรับอากาศชั้น 1 ชนิดพิเศษ);Provincial bus First class,3,0951F7,กรุงเทพฯ - บุรีรัมย์ (ปักธงชัย),Bangkok - Buriram (Pak Thong Chai),,未提供中文；保留泰文/英文原名,
3,公交车,3100,NCA,927,กรุงเทพฯ - มุกดาหาร;Bangkok - Mukdahan,รถโดยสารต่างจังหวัด รถมาตรฐาน 1 (ข)พิเศษ (รถโดยสารปรับอากาศชั้น 1 ชนิดที่นั่งพิเศษ);Provincial bus Super Class,3,06b9ff,กรุงเทพฯ - มุกดาหาร,Bangkok - Mukdahan,,未提供中文；保留泰文/英文原名,
3,公交车,3101,NCA,926,กรุงเทพฯ - ศรีสะเกษ (ผ่านทางแยกปักธงชัย);Bangkok - Sisaket (Pak Thong Chai Junction),รถโดยสารต่างจังหวัด รถมาตรฐาน 1 (ข)พิเศษ (รถโดยสารปรับอากาศชั้น 1 ชนิดที่นั่งพิเศษ);Provincial bus Super Class,3,06B9FF,กรุงเทพฯ - ศรีสะเกษ (ผ่านทางแยกปักธงชัย),Bangkok - Sisaket (Pak Thong Chai Junction),,未提供中文；保留泰文/英文原名,
3,公交车,3102,NCA,27,กรุงเทพฯ - สกลนคร;Bangkok-Sakon Nakhon,รถโดยสารต่างจังหวัด รถมาตรฐาน 1 (ข)พิเศษ (รถโดยสารปรับอากาศชั้น 1 ชนิดที่นั่งพิเศษ);Provincial bus Super Class,3,06b9ff,กรุงเทพฯ - สกลนคร,Bangkok-Sakon Nakhon,,未提供中文；保留泰文/英文原名,
3,公交车,3103,NCA,31,กรุงเทพฯ - สุรินทร์ (ผ่านทางแยกปักธงชัย);Bangkok - Surin (Pak Thong Chai Intersection),รถโดยสารต่างจังหวัด รถมาตรฐาน 1 (ข)พิเศษ (รถโดยสารปรับอากาศชั้น 1 ชนิดที่นั่งพิเศษ);Provincial bus Super Class,3,06B9FF,กรุงเทพฯ - สุรินทร์ (ผ่านทางแยกปักธงชัย),Bangkok - Surin (Pak Thong Chai Intersection),,未提供中文；保留泰文/英文原名,
3,公交车,3104,NCA,31,กรุงเทพฯ - สุรินทร์ (ผ่านทางแยกปักธงชัย);Bangkok - Surin (Pak Thong Chai Intersection),รถโดยสารต่างจังหวัด รถมาตรฐาน 1 (ก) (รถโดยสารปรับอากาศชั้น 1 ชนิดพิเศษ);Provincial bus First class,3,0951F7,กรุงเทพฯ - สุรินทร์ (ผ่านทางแยกปักธงชัย),Bangkok - Surin (Pak Thong Chai Intersection),,未提供中文；保留泰文/英文原名,
3,公交车,3105,NCA,98,กรุงเทพฯ - อุบลราชธานี (ข) (ผ่านทางแยกปักธงชัย) (ด่วน);Bangkok-Ubon Ratchathani,รถโดยสารต่างจังหวัด รถมาตรฐาน 1 (ข)พิเศษ (รถโดยสารปรับอากาศชั้น 1 ชนิดที่นั่งพิเศษ);Provincial bus Super Class,3,06b9ff,กรุงเทพฯ - อุบลราชธานี (ข) (ผ่านทางแยกปักธงชัย) (ด่วน),Bangkok-Ubon Ratchathani,,未提供中文；保留泰文/英文原名,
3,公交车,3106,NCA,98,กรุงเทพฯ - อุบลราชธานี (ข) (ผ่านทางแยกปักธงชัย) (ด่วน);Bangkok-Ubon Ratchathani,รถโดยสารต่างจังหวัด รถมาตรฐาน 1 (ก) (รถโดยสารปรับอากาศชั้น 1 ชนิดพิเศษ);Provincial bus First class,3,0951F7,กรุงเทพฯ - อุบลราชธานี (ข) (ผ่านทางแยกปักธงชัย) (ด่วน),Bangkok-Ubon Ratchathani,,未提供中文；保留泰文/英文原名,
3,公交车,3107,NCA,4,กรุงเทพฯ - บุณฑริก;Bangkok - Buntharik,รถโดยสารต่างจังหวัด รถมาตรฐาน 1 (ข)พิเศษ (รถโดยสารปรับอากาศชั้น 1 ชนิดที่นั่งพิเศษ);Provincial bus Super Class,3,06B9FF,กรุงเทพฯ - บุณฑริก,Bangkok - Buntharik,,未提供中文；保留泰文/英文原名,
3,公交车,3108,NCA,34,กรุงเทพฯ - สหัสขันธ์ - บ้านแพง;ฺBangkok-Sahatsakhan-Banpheang,รถโดยสารต่างจังหวัด รถมาตรฐาน 1 (ข)พิเศษ (รถโดยสารปรับอากาศชั้น 1 ชนิดที่นั่งพิเศษ);Provincial bus Super Class,3,06b9ff,กรุงเทพฯ - สหัสขันธ์ - บ้านแพง,,,未提供中文；保留泰文/英文原名,
3,公交车,3110,NCA,20,กรุงเทพฯ - ขอนแก่น;ฺBangkok-Khon Kaen,รถโดยสารต่างจังหวัด รถมาตรฐาน 1 (ก) (รถโดยสารปรับอากาศชั้น 1 ชนิดพิเศษ);Provincial bus First class,3,0951F7,กรุงเทพฯ - ขอนแก่น,,,未提供中文；保留泰文/英文原名,
3,公交车,3111,SBT,18,กรุงเทพฯ-เชียงใหม่ (ข);Bangkok-Chiang Mai,รถโดยสารต่างจังหวัด รถมาตรฐาน 1 (ก) (รถโดยสารปรับอากาศชั้น 1 ชนิดพิเศษ);Provincial bus First class,3,0951F7,กรุงเทพฯ-เชียงใหม่ (ข),Bangkok-Chiang Mai,,未提供中文；保留泰文/英文原名,
3,公交车,3112,SBT,18 ,กรุงเทพฯ-เชียงใหม่ (ข);Bangkok-Chiang Mai,รถโดยสารต่างจังหวัด รถมาตรฐาน 1 (ข)พิเศษ (รถโดยสารปรับอากาศชั้น 1 ชนิดที่นั่งพิเศษ);Provincial bus Super Class,3,06B9FF,กรุงเทพฯ-เชียงใหม่ (ข),Bangkok-Chiang Mai,,未提供中文；保留泰文/英文原名,
3,公交车,3113,SBT,18  ,กรุงเทพฯ-เชียงใหม่ (ข);Bangkok-Chiang Mai,รถโดยสารต่างจังหวัด รถมาตรฐาน 4 (ก) (รถโดยสารสองชั้นปรับอากาศชนิดพิเศษ);Provincial bus First class,3,0C2FFD,กรุงเทพฯ-เชียงใหม่ (ข),Bangkok-Chiang Mai,,未提供中文；保留泰文/英文原名,
3,公交车,3114,SBT,18  ,กรุงเทพฯ-เชียงใหม่ (ข);Bangkok-Chiang Mai,รถโดยสารต่างจังหวัด รถมาตรฐาน 4 (ข) (รถโดยสารสองชั้นปรับอากาศ);Provincial bus Economy Class,3,0696FD,กรุงเทพฯ-เชียงใหม่ (ข),Bangkok-Chiang Mai,,未提供中文；保留泰文/英文原名,
3,公交车,3115,SBT,47 ,กรุงเทพฯ-ทุ่งช้าง;Bangkok - Thung Chang,รถโดยสารต่างจังหวัด รถมาตรฐาน 4 (ข) (รถโดยสารสองชั้นปรับอากาศ);Provincial bus Economy Class,3,0696fd,กรุงเทพฯ-ทุ่งช้าง,Bangkok - Thung Chang,,未提供中文；保留泰文/英文原名,
3,公交车,3116,SBT,47 ,กรุงเทพฯ-ทุ่งช้าง;Bangkok - Thung Chang,รถโดยสารต่างจังหวัด รถมาตรฐาน 1 (ข) (รถโดยสารปรับอากาศชั้น 1);Provincial bus Economy class,3,09acf7,กรุงเทพฯ-ทุ่งช้าง,Bangkok - Thung Chang,,未提供中文；保留泰文/英文原名,
3,公交车,3117,SBT,47 ,กรุงเทพฯ-ทุ่งช้าง;Bangkok - Thung Chang,รถโดยสารต่างจังหวัด รถมาตรฐาน 1 (ก) (รถโดยสารปรับอากาศชั้น 1 ชนิดพิเศษ);Provincial bus First class,3,0951F7,กรุงเทพฯ-ทุ่งช้าง,Bangkok - Thung Chang,,未提供中文；保留泰文/英文原名,
3,公交车,3118,SBT,47 ,กรุงเทพฯ-ทุ่งช้าง;Bangkok - Thung Chang,รถโดยสารต่างจังหวัด รถมาตรฐาน 1 (ข)พิเศษ (รถโดยสารปรับอากาศชั้น 1 ชนิดที่นั่งพิเศษ);Provincial bus Super Class,3,06b9ff,กรุงเทพฯ-ทุ่งช้าง,Bangkok - Thung Chang,,未提供中文；保留泰文/英文原名,
3,公交车,3119,NCA,30,กรุงเทพฯ - กาฬสินธุ์;ฺBangkok - Kalasin,รถโดยสารต่างจังหวัด รถมาตรฐาน 1 (ข)พิเศษ (รถโดยสารปรับอากาศชั้น 1 ชนิดที่นั่งพิเศษ);Provincial bus Super Class,3,06B9FF,กรุงเทพฯ - กาฬสินธุ์,,,未提供中文；保留泰文/英文原名,
3,公交车,3122,SBT,962 ,กรุงเทพฯ - เชียงของ;Bangkok-Chiang Khong,รถโดยสารต่างจังหวัด รถมาตรฐาน 1 (ก) (รถโดยสารปรับอากาศชั้น 1 ชนิดพิเศษ);Provincial bus First class,3,0951f7,กรุงเทพฯ - เชียงของ,Bangkok-Chiang Khong,,未提供中文；保留泰文/英文原名,
3,公交车,3123,SBT,962 ,กรุงเทพฯ - เชียงของ;Bangkok-Chiang Khong,รถโดยสารต่างจังหวัด รถมาตรฐาน 1 (ข)พิเศษ (รถโดยสารปรับอากาศชั้น 1 ชนิดที่นั่งพิเศษ);Provincial bus Super Class,3,06B9FF,กรุงเทพฯ - เชียงของ,Bangkok-Chiang Khong,,未提供中文；保留泰文/英文原名,
3,公交车,3124,SBT,962  ,กรุงเทพฯ - เชียงของ;Bangkok-Chiang Khong,รถโดยสารต่างจังหวัด รถมาตรฐาน 4 (ข) (รถโดยสารสองชั้นปรับอากาศ);Provincial bus Economy Class,3,0696FD,กรุงเทพฯ - เชียงของ,Bangkok-Chiang Khong,,未提供中文；保留泰文/英文原名,
3,公交车,3125,NCA,20,กรุงเทพฯ - ขอนแก่น (ด่วน);ฺBangkok-Khon Kaen,รถโดยสารต่างจังหวัด รถมาตรฐาน 1 (ข)พิเศษ (รถโดยสารปรับอากาศชั้น 1 ชนิดที่นั่งพิเศษ);Provincial bus Super Class,3,06b9ff,กรุงเทพฯ - ขอนแก่น (ด่วน),,,未提供中文；保留泰文/英文原名,
3,公交车,3126,NCA,20,กรุงเทพฯ - มัญจาคีรี - ขอนแก่น;ฺBangkok-Khon Kaen,รถโดยสารต่างจังหวัด รถมาตรฐาน 1 (ข)พิเศษ (รถโดยสารปรับอากาศชั้น 1 ชนิดที่นั่งพิเศษ);Provincial bus Super Class,3,06b9ff,กรุงเทพฯ - มัญจาคีรี - ขอนแก่น,,,未提供中文；保留泰文/英文原名,
3,公交车,3127,NCA,22,กรุงเทพฯ - อุดรธานี;ฺBangkok - Udonthani,รถโดยสารต่างจังหวัด รถมาตรฐาน 1 (ก) (รถโดยสารปรับอากาศชั้น 1 ชนิดพิเศษ);Provincial bus First class,3,0951F7,กรุงเทพฯ - อุดรธานี,,,未提供中文；保留泰文/英文原名,
3,公交车,3128,SBT,90,กรุงเทพฯ - เชียงราย ;Bangkok-Chiangrai,รถโดยสารต่างจังหวัด รถมาตรฐาน 4 (ข) (รถโดยสารสองชั้นปรับอากาศ);Provincial bus Economy Class,3,0696fd,กรุงเทพฯ - เชียงราย,Bangkok-Chiangrai,,未提供中文；保留泰文/英文原名,
3,公交车,3129,NCA,22,กรุงเทพฯ - อุดรธานี;ฺBangkok - Udonthani,รถโดยสารต่างจังหวัด รถมาตรฐาน 1 (ข)พิเศษ (รถโดยสารปรับอากาศชั้น 1 ชนิดที่นั่งพิเศษ);Provincial bus Super Class,3,06B9FF,กรุงเทพฯ - อุดรธานี,,,未提供中文；保留泰文/英文原名,
3,公交车,3130,NCA,923,กรุงเทพฯ - แพร่;ฺBangkok - Phrae,รถโดยสารต่างจังหวัด รถมาตรฐาน 1 (ข)พิเศษ (รถโดยสารปรับอากาศชั้น 1 ชนิดที่นั่งพิเศษ);Provincial bus Super Class,3,06B9FF,กรุงเทพฯ - แพร่,,,未提供中文；保留泰文/英文原名,
3,公交车,3131,SBT,90 ,กรุงเทพฯ - เชียงราย ;Bangkok-Chiangrai,รถโดยสารต่างจังหวัด รถมาตรฐาน 1 (ก) (รถโดยสารปรับอากาศชั้น 1 ชนิดพิเศษ);Provincial bus First class,3,0951F7,กรุงเทพฯ - เชียงราย,Bangkok-Chiangrai,,未提供中文；保留泰文/英文原名,
3,公交车,3132,NCA,5,กรุงเทพฯ - หนองบัวลำภู;Bangkok - Nongbualamphu,รถโดยสารต่างจังหวัด รถมาตรฐาน 1 (ข)พิเศษ (รถโดยสารปรับอากาศชั้น 1 ชนิดที่นั่งพิเศษ);Provincial bus Super Class,3,06b9ff,กรุงเทพฯ - หนองบัวลำภู,Bangkok - Nongbualamphu,,未提供中文；保留泰文/英文原名,
3,公交车,3133,SBT,90 ,กรุงเทพฯ - เชียงราย ;Bangkok-Chiangrai,รถโดยสารต่างจังหวัด รถมาตรฐาน 1 (ข)พิเศษ (รถโดยสารปรับอากาศชั้น 1 ชนิดที่นั่งพิเศษ);Provincial bus Super Class,3,06B9FF,กรุงเทพฯ - เชียงราย,Bangkok-Chiangrai,,未提供中文；保留泰文/英文原名,
3,公交车,3134,NCA,926,กรุงเทพฯ - ศรีสะเกษ;Bangkok - Sisaket,รถโดยสารต่างจังหวัด รถมาตรฐาน 1 (ก) (รถโดยสารปรับอากาศชั้น 1 ชนิดพิเศษ);Provincial bus First class,3,0951f7,กรุงเทพฯ - ศรีสะเกษ,Bangkok - Sisaket,,未提供中文；保留泰文/英文原名,
3,公交车,3135,NCA,24,กรุงเทพฯ - ร้อยเอ็ด (ด่วน);Bangkok - Roi Et,รถโดยสารต่างจังหวัด รถมาตรฐาน 1 (ข)พิเศษ (รถโดยสารปรับอากาศชั้น 1 ชนิดที่นั่งพิเศษ);Provincial bus Super Class,3,06b9ff,กรุงเทพฯ - ร้อยเอ็ด (ด่วน),Bangkok - Roi Et,,未提供中文；保留泰文/英文原名,
3,公交车,3136,SBT,909,กรุงเทพฯ - เชียงราย (ข);Bangkok-Chiangrai,รถโดยสารต่างจังหวัด รถมาตรฐาน 4 (ข) (รถโดยสารสองชั้นปรับอากาศ);Provincial bus Economy Class,3,0696fd,กรุงเทพฯ - เชียงราย (ข),Bangkok-Chiangrai,,未提供中文；保留泰文/英文原名,
3,公交车,3137,SBT,909,กรุงเทพฯ - เชียงราย (ข);Bangkok-Chiangrai,รถโดยสารต่างจังหวัด รถมาตรฐาน 1 (ก) (รถโดยสารปรับอากาศชั้น 1 ชนิดพิเศษ);Provincial bus First class,3,0951F7,กรุงเทพฯ - เชียงราย (ข),Bangkok-Chiangrai,,未提供中文；保留泰文/英文原名,
3,公交车,3138,SBT,3 ,กรุงเทพฯ -  เชียงแสน ;Bangkok-Chiang Saen,รถโดยสารต่างจังหวัด รถมาตรฐาน 1 (ก) (รถโดยสารปรับอากาศชั้น 1 ชนิดพิเศษ);Provincial bus First class,3,0951F7,กรุงเทพฯ -  เชียงแสน,Bangkok-Chiang Saen,,未提供中文；保留泰文/英文原名,
3,公交车,3139,SBT,991,กรุงเทพฯ - ดอนสัก - เกาะสมุย;Bangkok - Don Sak - Koh Samui,รถโดยสารต่างจังหวัด รถมาตรฐาน 1 (ข)พิเศษ (รถโดยสารปรับอากาศชั้น 1 ชนิดที่นั่งพิเศษ);Provincial bus Super Class,3,06B9FF,กรุงเทพฯ - ดอนสัก - เกาะสมุย,Bangkok - Don Sak - Koh Samui,,未提供中文；保留泰文/英文原名,
3,公交车,3140,SBT,910,กรุงเทพฯ - น่าน (ข);Bangkok - Nan,รถโดยสารต่างจังหวัด รถมาตรฐาน 4 (ข) (รถโดยสารสองชั้นปรับอากาศ);Provincial bus Economy Class,3,0696fd,กรุงเทพฯ - น่าน (ข),Bangkok - Nan,,未提供中文；保留泰文/英文原名,
3,公交车,3141,SBT,13 ,กรุงเทพฯ - บ้านท่าตอน;Bangkok - Ban Tha Ton,รถโดยสารต่างจังหวัด รถมาตรฐาน 1 (ก) (รถโดยสารปรับอากาศชั้น 1 ชนิดพิเศษ);Provincial bus First class,3,0951F7,กรุงเทพฯ - บ้านท่าตอน,Bangkok - Ban Tha Ton,,未提供中文；保留泰文/英文原名,
3,公交车,3142,SBT,922,กรุงเทพฯ - พะเยา;Bangkok-Pha Yao,รถโดยสารต่างจังหวัด รถมาตรฐาน 1 (ก) (รถโดยสารปรับอากาศชั้น 1 ชนิดพิเศษ);Provincial bus First class,3,0951F7,กรุงเทพฯ - พะเยา,Bangkok-Pha Yao,,未提供中文；保留泰文/英文原名,
3,公交车,3143,SBT,922 ,กรุงเทพฯ - พะเยา;Bangkok-Pha Yao,รถโดยสารต่างจังหวัด รถมาตรฐาน 1 (ข) (รถโดยสารปรับอากาศชั้น 1);Provincial bus Economy class,3,09ACF7,กรุงเทพฯ - พะเยา,Bangkok-Pha Yao,,未提供中文；保留泰文/英文原名,
3,公交车,3144,SBT,923,กรุงเทพฯ - แพร่;Bangkok-Phrae,รถโดยสารต่างจังหวัด รถมาตรฐาน 1 (ก) (รถโดยสารปรับอากาศชั้น 1 ชนิดพิเศษ);Provincial bus First class,3,0951f7,กรุงเทพฯ - แพร่,Bangkok-Phrae,,未提供中文；保留泰文/英文原名,
3,公交车,3145,NCA,936,กรุงเทพฯ - จักราช - บุรีรัมย์;Bangkok-Chakkarat-Buriram,รถโดยสารต่างจังหวัด รถมาตรฐาน 1 (ข)พิเศษ (รถโดยสารปรับอากาศชั้น 1 ชนิดที่นั่งพิเศษ);Provincial bus Super Class,3,06B9FF,กรุงเทพฯ - จักราช - บุรีรัมย์,Bangkok-Chakkarat-Buriram,,未提供中文；保留泰文/英文原名,
3,公交车,3146,SBT,923 ,กรุงเทพฯ - แพร่;Bangkok-Phrae,รถโดยสารต่างจังหวัด รถมาตรฐาน 4 (ข)พิเศษ (รถโดยสารสองชั้นปรับอากาศชนิดที่นั่งพิเศษ);Provincial bus Super Class,3,0868FF,กรุงเทพฯ - แพร่,Bangkok-Phrae,,未提供中文；保留泰文/英文原名,
3,公交车,3147,NCA,937,กรุงเทพฯ - จักราช - สนม;ฺBangkok-Chakkarat-Sanom,รถโดยสารต่างจังหวัด รถมาตรฐาน 1 (ข)พิเศษ (รถโดยสารปรับอากาศชั้น 1 ชนิดที่นั่งพิเศษ);Provincial bus Super Class,3,06b9ff,กรุงเทพฯ - จักราช - สนม,,,未提供中文；保留泰文/英文原名,
3,公交车,3148,SBT,949 ,กรุงเทพฯ - ภูเก็ต (ข);Bangkok - Phuket,รถโดยสารต่างจังหวัด รถมาตรฐาน 1 (ก) (รถโดยสารปรับอากาศชั้น 1 ชนิดพิเศษ);Provincial bus First class,3,0951f7,กรุงเทพฯ - ภูเก็ต (ข),Bangkok - Phuket,,未提供中文；保留泰文/英文原名,
3,公交车,3149,SBT,949 ,กรุงเทพฯ -ภูเก็ต(ข);Bangkok-Phuket,รถโดยสารต่างจังหวัด รถมาตรฐาน 1 (ข)พิเศษ (รถโดยสารปรับอากาศชั้น 1 ชนิดที่นั่งพิเศษ);Provincial bus Super Class,3,06b9ff,กรุงเทพฯ -ภูเก็ต(ข),Bangkok-Phuket,,未提供中文；保留泰文/英文原名,
3,公交车,3150,SBT,957 ,กรุงเทพฯ-แม่สาย;Bangkok - Mae Sai,รถโดยสารต่างจังหวัด รถมาตรฐาน 1 (ก) (รถโดยสารปรับอากาศชั้น 1 ชนิดพิเศษ);Provincial bus First class,3,0951f7,กรุงเทพฯ-แม่สาย,Bangkok - Mae Sai,,未提供中文；保留泰文/英文原名,
3,公交车,3151,SBT,957 ,กรุงเทพฯ-แม่สาย;Bangkok-Mae Sai,รถโดยสารต่างจังหวัด รถมาตรฐาน 1 (ข) (รถโดยสารปรับอากาศชั้น 1);Provincial bus Economy class,3,09acf7,กรุงเทพฯ-แม่สาย,Bangkok-Mae Sai,,未提供中文；保留泰文/英文原名,
3,公交车,3152,SBT,957,กรุงเทพฯ - แม่สาย;Bangkok - Mae Sai,รถโดยสารต่างจังหวัด รถมาตรฐาน 1 (ข)พิเศษ (รถโดยสารปรับอากาศชั้น 1 ชนิดที่นั่งพิเศษ);Provincial bus Super Class,3,06b9ff,กรุงเทพฯ - แม่สาย,Bangkok - Mae Sai,,未提供中文；保留泰文/英文原名,
3,公交车,3153,NCA,910,กรุงเทพฯ - น่าน (ข);Bangkok-Nan,รถโดยสารต่างจังหวัด รถมาตรฐาน 1 (ข)พิเศษ (รถโดยสารปรับอากาศชั้น 1 ชนิดที่นั่งพิเศษ);Provincial bus Super Class,3,06b9ff,กรุงเทพฯ - น่าน (ข),Bangkok-Nan,,未提供中文；保留泰文/英文原名,
3,公交车,3154,SBT,957,กรุงเทพฯ - แม่สาย;Bangkok - Mae Sai,รถโดยสารต่างจังหวัด รถมาตรฐาน 4 (ข)พิเศษ (รถโดยสารสองชั้นปรับอากาศชนิดที่นั่งพิเศษ);Provincial bus Super Class,3,0868ff,กรุงเทพฯ - แม่สาย,Bangkok - Mae Sai,,未提供中文；保留泰文/英文原名,
3,公交车,3155,SBT,64,กรุงเทพฯ - ระนอง;Bangkok-Ranong,รถโดยสารต่างจังหวัด รถมาตรฐาน 1 (ก) (รถโดยสารปรับอากาศชั้น 1 ชนิดพิเศษ);Provincial bus First class,3,0951F7,กรุงเทพฯ - ระนอง,Bangkok-Ranong,,未提供中文；保留泰文/英文原名,
3,公交车,3156,NCA,932,กรุงเทพฯ - มหาสารคาม;Bangkok-Mahasarakham,รถโดยสารต่างจังหวัด รถมาตรฐาน 1 (ข)พิเศษ (รถโดยสารปรับอากาศชั้น 1 ชนิดที่นั่งพิเศษ);Provincial bus Super Class,3,06B9FF,กรุงเทพฯ - มหาสารคาม,Bangkok-Mahasarakham,,未提供中文；保留泰文/英文原名,
3,公交车,3157,NCA,5,กรุงเทพฯ - หนองบัวลำภู - ศรีเชียงใหม่;Bangkok-Nongbualamphu-Si Chiang Mai,รถโดยสารต่างจังหวัด รถมาตรฐาน 1 (ข)พิเศษ (รถโดยสารปรับอากาศชั้น 1 ชนิดที่นั่งพิเศษ);Provincial bus Super Class,3,06b9ff,กรุงเทพฯ - หนองบัวลำภู - ศรีเชียงใหม่,Bangkok-Nongbualamphu-Si Chiang Mai,,未提供中文；保留泰文/英文原名,
3,公交车,3158,SBT,64 ,กรุงเทพฯ - ระนอง;Bangkok-Ranong,รถโดยสารต่างจังหวัด รถมาตรฐาน 1 (ข)พิเศษ (รถโดยสารปรับอากาศชั้น 1 ชนิดที่นั่งพิเศษ);Provincial bus Super Class,3,06b9ff,กรุงเทพฯ - ระนอง,Bangkok-Ranong,,未提供中文；保留泰文/英文原名,
3,公交车,3159,NCA,929,กรุงเทพฯ - เขมราฐ;Bangkok-Khemarat,รถโดยสารต่างจังหวัด รถมาตรฐาน 1 (ข)พิเศษ (รถโดยสารปรับอากาศชั้น 1 ชนิดที่นั่งพิเศษ);Provincial bus Super Class,3,06B9FF,กรุงเทพฯ - เขมราฐ,Bangkok-Khemarat,,未提供中文；保留泰文/英文原名,
3,公交车,3160,NCA,945,กรุงเทพฯ - ราษีไศล (ผ่านทางแยกปักธงชัย);Bangkok-Rasisalai,รถโดยสารต่างจังหวัด รถมาตรฐาน 1 (ข)พิเศษ (รถโดยสารปรับอากาศชั้น 1 ชนิดที่นั่งพิเศษ);Provincial bus Super Class,3,06B9FF,กรุงเทพฯ - ราษีไศล (ผ่านทางแยกปักธงชัย),Bangkok-Rasisalai,,未提供中文；保留泰文/英文原名,
3,公交车,3161,NCA,91,กรุงเทพฯ - ลำปาง (ข);Bangkok-Lampang,รถโดยสารต่างจังหวัด รถมาตรฐาน 1 (ก) (รถโดยสารปรับอากาศชั้น 1 ชนิดพิเศษ);Provincial bus First class,3,0951F7,กรุงเทพฯ - ลำปาง (ข),Bangkok-Lampang,,未提供中文；保留泰文/英文原名,
3,公交车,3162,SBT,91,กรุงเทพฯ - ลำปาง (ข);Bangkok-Lampang,รถโดยสารต่างจังหวัด รถมาตรฐาน 1 (ข)พิเศษ (รถโดยสารปรับอากาศชั้น 1 ชนิดที่นั่งพิเศษ);Provincial bus Super Class,3,06B9FF,กรุงเทพฯ - ลำปาง (ข),Bangkok-Lampang,,未提供中文；保留泰文/英文原名,
3,公交车,3163,SBT,91 ,กรุงเทพฯ - ลำปาง (ข);Bangkok-Lampang,รถโดยสารต่างจังหวัด รถมาตรฐาน 4 (ข) (รถโดยสารสองชั้นปรับอากาศ);Provincial bus Economy Class,3,0696FD,กรุงเทพฯ - ลำปาง (ข),Bangkok-Lampang,,未提供中文；保留泰文/英文原名,
3,公交车,3164,SBT,924,กรุงเทพฯ - ลำพูน;Bangkok-Lamphun,รถโดยสารต่างจังหวัด รถมาตรฐาน 1 (ก) (รถโดยสารปรับอากาศชั้น 1 ชนิดพิเศษ);Provincial bus First class,3,0951F7,กรุงเทพฯ - ลำพูน,Bangkok-Lamphun,,未提供中文；保留泰文/英文原名,
3,公交车,3165,SBT,993,กรุงเทพฯ - สุราษฎร์ธานี;Bangkok-Surat Thani ,รถโดยสารต่างจังหวัด รถมาตรฐาน 1 (ก) (รถโดยสารปรับอากาศชั้น 1 ชนิดพิเศษ);Provincial bus First class,3,0951f7,กรุงเทพฯ - สุราษฎร์ธานี,Bangkok-Surat Thani,,未提供中文；保留泰文/英文原名,
3,公交车,3166,SBT,993 ,กรุงเทพฯ - สุราษฎร์ธานี;Bangkok-Surat Thani ,รถโดยสารต่างจังหวัด รถมาตรฐาน 4 (ข) (รถโดยสารสองชั้นปรับอากาศ);Provincial bus Economy Class,3,0696FD,กรุงเทพฯ - สุราษฎร์ธานี,Bangkok-Surat Thani,,未提供中文；保留泰文/英文原名,
3,公交车,3167,SBT,993  ,กรุงเทพฯ - สุราษฎร์ธานี;Bangkok-Surat Thani ,รถโดยสารต่างจังหวัด รถมาตรฐาน 4 (ข)พิเศษ (รถโดยสารสองชั้นปรับอากาศชนิดที่นั่งพิเศษ);Provincial bus Super Class,3,0868FF,กรุงเทพฯ - สุราษฎร์ธานี,Bangkok-Surat Thani,,未提供中文；保留泰文/英文原名,
3,公交车,3168,SBT,940,กรุงเทพฯ - สุรินทร์ - ศรีสะเกษ(ผ่านทางแยกปักธงชัย);Bangkok - Surin - Sisaket (Pak Thong Chai Junction),รถโดยสารต่างจังหวัด รถมาตรฐาน 1 (ข) (รถโดยสารปรับอากาศชั้น 1);Provincial bus Economy class,3,09acf7,กรุงเทพฯ - สุรินทร์ - ศรีสะเกษ(ผ่านทางแยกปักธงชัย),Bangkok - Surin - Sisaket (Pak Thong Chai Junction),,未提供中文；保留泰文/英文原名,
3,公交车,3169,SBT,31 ,กรุงเทพฯ - สุรินทร์ (ผ่านทางแยกปักธงชัย);Bangkok - Surin (Pak Thong Chai Intersection),รถโดยสารต่างจังหวัด รถมาตรฐาน 4 (ข) (รถโดยสารสองชั้นปรับอากาศ);Provincial bus Economy Class,3,0696FD,กรุงเทพฯ - สุรินทร์ (ผ่านทางแยกปักธงชัย),Bangkok - Surin (Pak Thong Chai Intersection),,未提供中文；保留泰文/英文原名,
3,公交车,3170,NCA,27,กรุงเทพฯ - สกลนคร - เรณูนคร;Bangkok - Sakon Nakhon - Renu Nakhon,รถโดยสารต่างจังหวัด รถมาตรฐาน 1 (ข)พิเศษ (รถโดยสารปรับอากาศชั้น 1 ชนิดที่นั่งพิเศษ);Provincial bus Super Class,3,06b9ff,กรุงเทพฯ - สกลนคร - เรณูนคร,Bangkok - Sakon Nakhon - Renu Nakhon,,未提供中文；保留泰文/英文原名,
3,公交车,3172,NC21,21,กรุงเทพฯ - นครราชสีมา;Bangkok-Nakhon Ratchasima,รถโดยสารต่างจังหวัด รถมาตรฐาน 1 (ข) (รถโดยสารปรับอากาศชั้น 1);Provincial bus Economy class,3,09ACF7,กรุงเทพฯ - นครราชสีมา,Bangkok-Nakhon Ratchasima,,未提供中文；保留泰文/英文原名,
3,公交车,3174,CCT,31,กรุงเทพฯ-กาบเชิง(แยกปักธงชัย);Bangkok - Kap Choeng (Pak Thong Chai Intersection),รถโดยสารต่างจังหวัด รถมาตรฐาน 1 (ข) (รถโดยสารปรับอากาศชั้น 1);Provincial bus Economy class,3,09acf7,กรุงเทพฯ-กาบเชิง(แยกปักธงชัย),Bangkok - Kap Choeng (Pak Thong Chai Intersection),,未提供中文；保留泰文/英文原名,
3,公交车,3175,CCT,926,กรุงเทพฯ-ศรีสะเกษ(แยกปักธงชัย);Bangkok - Sisaket (Pak Thong Chai Junction),รถโดยสารต่างจังหวัด รถมาตรฐาน 1 (ข) (รถโดยสารปรับอากาศชั้น 1);Provincial bus Economy class,3,09ACF7,กรุงเทพฯ-ศรีสะเกษ(แยกปักธงชัย),Bangkok - Sisaket (Pak Thong Chai Junction),,未提供中文；保留泰文/英文原名,
3,公交车,3176,CCT,21,กรุงเทพฯ - นครราชสีมา;Bangkok - Nakhon Ratchasima,รถโดยสารต่างจังหวัด รถมาตรฐาน 1 (ข) (รถโดยสารปรับอากาศชั้น 1);Provincial bus Economy class,3,09ACF7,กรุงเทพฯ - นครราชสีมา,Bangkok - Nakhon Ratchasima,,未提供中文；保留泰文/英文原名,
3,公交车,3177,CCT,958,กรุงเทพฯ - พิจิตร (ข);Bangkok - Phichit,รถโดยสารต่างจังหวัด รถมาตรฐาน 1 (ข) (รถโดยสารปรับอากาศชั้น 1);Provincial bus Economy class,3,09ACF7,กรุงเทพฯ - พิจิตร (ข),Bangkok - Phichit,,未提供中文；保留泰文/英文原名,
3,公交车,3178,CCT,913,กรุงเทพฯ-พิษณุโลก(ข);Bangkok-Phitsanulok,รถโดยสารต่างจังหวัด รถมาตรฐาน 1 (ข) (รถโดยสารปรับอากาศชั้น 1);Provincial bus Economy class,3,09ACF7,กรุงเทพฯ-พิษณุโลก(ข),Bangkok-Phitsanulok,,未提供中文；保留泰文/英文原名,
3,公交车,3179,CCT,913,กรุงเทพฯ-พิษณุโลก(ข);Bangkok-Phitsanulok,รถโดยสารต่างจังหวัด รถมาตรฐาน 4 (ข) (รถโดยสารสองชั้นปรับอากาศ);Provincial bus Economy Class,3,0696FD,กรุงเทพฯ-พิษณุโลก(ข),Bangkok-Phitsanulok,,未提供中文；保留泰文/英文原名,
3,公交车,3180,CCT,24,กรุงเทพฯ - ดอนตาล;Bangkok - Don Tan,รถโดยสารต่างจังหวัด รถมาตรฐาน 4 (ข) (รถโดยสารสองชั้นปรับอากาศ);Provincial bus Economy Class,3,0696FD,กรุงเทพฯ - ดอนตาล,Bangkok - Don Tan,,未提供中文；保留泰文/英文原名,
3,公交车,3181,CCT,946,กรุงเทพฯ - อุบลราชธานี - มุกดาหาร;Bangkok - Ubon Ratchathani - Mukdahan,รถโดยสารต่างจังหวัด รถมาตรฐาน 4 (ข) (รถโดยสารสองชั้นปรับอากาศ);Provincial bus Economy Class,3,0696FD,กรุงเทพฯ - อุบลราชธานี - มุกดาหาร,Bangkok - Ubon Ratchathani - Mukdahan,,未提供中文；保留泰文/英文原名,
3,公交车,3182,CCT,957,กรุงเทพฯ-แม่สาย;Bangkok-Mae Sai,รถโดยสารต่างจังหวัด รถมาตรฐาน 4 (ข) (รถโดยสารสองชั้นปรับอากาศ);Provincial bus Economy Class,3,0696fd,กรุงเทพฯ-แม่สาย,Bangkok-Mae Sai,,未提供中文；保留泰文/英文原名,
3,公交车,3183,CCT,21,กรุงเทพฯ - นครราชสีมา;Bangkok - Nakhon Ratchasima,รถโดยสารต่างจังหวัด รถมาตรฐาน 4 (ข) (รถโดยสารสองชั้นปรับอากาศ);Provincial bus Economy Class,3,0696FD,กรุงเทพฯ - นครราชสีมา,Bangkok - Nakhon Ratchasima,,未提供中文；保留泰文/英文原名,
3,公交车,3184,CCT,930,กรุงเทพฯ - อุดรธานี - นครพนม;Bangkok - Udon Thani - Nakhon Phanom,รถโดยสารต่างจังหวัด รถมาตรฐาน 4 (ข) (รถโดยสารสองชั้นปรับอากาศ);Provincial bus Economy Class,3,0696FD,กรุงเทพฯ - อุดรธานี - นครพนม,Bangkok - Udon Thani - Nakhon Phanom,,未提供中文；保留泰文/英文原名,
3,公交车,3185,CCT,956,กรุงเทพฯ-แม่สอด;Bangkok-Mae Sot,รถโดยสารต่างจังหวัด รถมาตรฐาน 1 (ข) (รถโดยสารปรับอากาศชั้น 1);Provincial bus Economy class,3,09acf7,กรุงเทพฯ-แม่สอด,Bangkok-Mae Sot,,未提供中文；保留泰文/英文原名,
3,公交车,3186,CCT,909,กรุงเทพฯ - เชียงราย (ข);Bangkok - Chiang Rai,รถโดยสารต่างจังหวัด รถมาตรฐาน 1 (ข) (รถโดยสารปรับอากาศชั้น 1);Provincial bus Economy class,3,09ACF7,กรุงเทพฯ - เชียงราย (ข),Bangkok - Chiang Rai,,未提供中文；保留泰文/英文原名,
3,公交车,3187,CCT,915,กรุงเทพฯ - บ้านค่าย - แหลมแม่พิมพ์;Bangkok - Ban Khai - Mae Pim Cape,รถโดยสารต่างจังหวัด รถมาตรฐาน 1 (ข) (รถโดยสารปรับอากาศชั้น 1);Provincial bus Economy class,3,09ACF7,กรุงเทพฯ - บ้านค่าย - แหลมแม่พิมพ์,Bangkok - Ban Khai - Mae Pim Cape,,未提供中文；保留泰文/英文原名,
3,公交车,3188,CCT,22,กรุงเทพฯ - อุดรธานี;Bangkok - Udon Thani,รถโดยสารต่างจังหวัด รถมาตรฐาน 1 (ข) (รถโดยสารปรับอากาศชั้น 1);Provincial bus Economy class,3,09ACF7,กรุงเทพฯ - อุดรธานี,Bangkok - Udon Thani,,未提供中文；保留泰文/英文原名,
3,公交车,3189,CCT,86,กรุงเทพฯ-กุดชุม-ธาตุพนม;Bangkok-Kut Chum- That Phanom-Ban Klang,รถโดยสารต่างจังหวัด รถมาตรฐาน 1 (ข) (รถโดยสารปรับอากาศชั้น 1);Provincial bus Economy class,3,09ACF7,กรุงเทพฯ-กุดชุม-ธาตุพนม,Bangkok-Kut Chum- That Phanom-Ban Klang,,未提供中文；保留泰文/英文原名,
3,公交车,3190,CCT,928,กรุงเทพฯ - เกษตรวิสัย - มุกดาหาร;Bangkok - Kaset Wisai - Mukdahan,รถโดยสารต่างจังหวัด รถมาตรฐาน 1 (ข) (รถโดยสารปรับอากาศชั้น 1);Provincial bus Economy class,3,09ACF7,กรุงเทพฯ - เกษตรวิสัย - มุกดาหาร,Bangkok - Kaset Wisai - Mukdahan,,未提供中文；保留泰文/英文原名,
3,公交车,3191,CCT,18,กรุงเทพฯ-เชียงใหม่ (ข);Bangkok-Chiang Mai,รถโดยสารต่างจังหวัด รถมาตรฐาน 4 (ข) (รถโดยสารสองชั้นปรับอากาศ);Provincial bus Economy Class,3,0696fd,กรุงเทพฯ-เชียงใหม่ (ข),Bangkok-Chiang Mai,,未提供中文；保留泰文/英文原名,
3,公交车,3192,CCT,917,กรุงเทพฯ(จตุจักร)-ตราด (ค);Bangkok(Chatuchak) - Trat,รถโดยสารต่างจังหวัด รถมาตรฐาน 1 (ข) (รถโดยสารปรับอากาศชั้น 1);Provincial bus Economy class,3,09acf7,กรุงเทพฯ(จตุจักร)-ตราด (ค),Bangkok(Chatuchak) - Trat,,未提供中文；保留泰文/英文原名,
3,公交车,3193,CCT,915,กรุงเทพฯ - บ้านเพ;Bangkok - Banphe,รถโดยสารต่างจังหวัด รถมาตรฐาน 1 (ข) (รถโดยสารปรับอากาศชั้น 1);Provincial bus Economy class,3,09ACF7,กรุงเทพฯ - บ้านเพ,Bangkok - Banphe,,未提供中文；保留泰文/英文原名,
3,公交车,3194,CCT,23,กรุงเทพฯ-หนองคาย;Bangkok - Nong Khai,รถโดยสารต่างจังหวัด รถมาตรฐาน 4 (ข) (รถโดยสารสองชั้นปรับอากาศ);Provincial bus Economy Class,3,0696fd,กรุงเทพฯ-หนองคาย,Bangkok - Nong Khai,,未提供中文；保留泰文/英文原名,
3,公交车,3195,CCT,100,กรุงเทพฯ-อุตรดิตถ์;Bangkok-Uttaradit,รถโดยสารต่างจังหวัด รถมาตรฐาน 1 (ข) (รถโดยสารปรับอากาศชั้น 1);Provincial bus Economy class,3,09ACF7,กรุงเทพฯ-อุตรดิตถ์,Bangkok-Uttaradit,,未提供中文；保留泰文/英文原名,
3,公交车,3196,CCT,912,กรุงเทพฯ - อุตรดิตถ์ (ข);Bangkok - Uttaradit,รถโดยสารต่างจังหวัด รถมาตรฐาน 1 (ข) (รถโดยสารปรับอากาศชั้น 1);Provincial bus Economy class,3,09ACF7,กรุงเทพฯ - อุตรดิตถ์ (ข),Bangkok - Uttaradit,,未提供中文；保留泰文/英文原名,
3,公交车,3197,CCT,9907,กรุงเทพฯ (จตุจักร) - จันทบุรี (ง);Bangkok - Chanthaburi,รถโดยสารต่างจังหวัด รถมาตรฐาน 1 (ข) (รถโดยสารปรับอากาศชั้น 1);Provincial bus Economy class,3,09ACF7,กรุงเทพฯ (จตุจักร) - จันทบุรี (ง),Bangkok - Chanthaburi,,未提供中文；保留泰文/英文原名,
3,公交车,3198,CCT,9908,กรุงเทพฯ (จตุจักร) - ตราด (ง);Bangkok - Trat,รถโดยสารต่างจังหวัด รถมาตรฐาน 1 (ข) (รถโดยสารปรับอากาศชั้น 1);Provincial bus Economy class,3,09ACF7,กรุงเทพฯ (จตุจักร) - ตราด (ง),Bangkok - Trat,,未提供中文；保留泰文/英文原名,
3,公交车,3199,CCT,24,กรุงเทพฯ - เลิงนกทา;Bangkok - Loeng Nok Tha,รถโดยสารต่างจังหวัด รถมาตรฐาน 1 (ข) (รถโดยสารปรับอากาศชั้น 1);Provincial bus Economy class,3,09ACF7,กรุงเทพฯ - เลิงนกทา,Bangkok - Loeng Nok Tha,,未提供中文；保留泰文/英文原名,
3,公交车,3200,TSB,39,ตลาดไท - อนุสาวรีย์ชัยสมรภูมิ;TalaadThai - Victory Monument,รถโดยสาร TSB รถปรับอากาศ;Bus TSB Air Condition,3,063970,ตลาดไท - อนุสาวรีย์ชัยสมรภูมิ,TalaadThai - Victory Monument,,未提供中文；保留泰文/英文原名,
3,公交车,3201,BMTA,3-5 (23),ปู่เจ้าสมิงพราย - เทเวศร์;Pu Chao Saming Phrai - Thewet,รถโดยสารประจำทาง ขสมก รถธรรมดา มาตรฐาน 3;Bangkok Mass Transit Authority Ordinary Standard 3,3,FF0000,ปู่เจ้าสมิงพราย - เทเวศร์,Pu Chao Saming Phrai - Thewet,,未提供中文；保留泰文/英文原名,
3,公交车,3202,BMTA,1-36 (26),มีนบุรี - หมอชิต 2;Minburi - Mo Chit 2,รถโดยสารประจำทาง ขสมก รถปรับอากาศ;Bangkok Mass Transit Authority Air Condition,3,0000E6,มีนบุรี - หมอชิต 2,Minburi - Mo Chit 2,,未提供中文；保留泰文/英文原名,
3,公交车,3203,NEX,21,กรุงเทพฯ - นครราชสีมา;Bangkok - Nakhon Ratchasima,รถโดยสารต่างจังหวัด รถมาตรฐาน 1 (ข) (รถโดยสารปรับอากาศชั้น 1);Provincial bus Economy class,3,09ACF7,กรุงเทพฯ - นครราชสีมา,Bangkok - Nakhon Ratchasima,,未提供中文；保留泰文/英文原名,
3,公交车,3204,BMTA,4-43 (80),วัดศรีนวลธรรมวิมล - สนามหลวง;Wat Srinualthammawimol - Sanamluang,รถโดยสารประจำทาง ขสมก รถธรรมดา มาตรฐาน 3;Bangkok Mass Transit Authority Ordinary Standard 3,3,FF0000,วัดศรีนวลธรรมวิมล - สนามหลวง,Wat Srinualthammawimol - Sanamluang,,未提供中文；保留泰文/英文原名,
3,公交车,3205,NCA,90,กรุงเทพฯ - เชียงราย;Bangkok-Chiangrai,รถโดยสารต่างจังหวัด รถมาตรฐาน 1 (ข)พิเศษ (รถโดยสารปรับอากาศชั้น 1 ชนิดที่นั่งพิเศษ);Provincial bus Super Class,3,06B9FF,กรุงเทพฯ - เชียงราย,Bangkok-Chiangrai,,未提供中文；保留泰文/英文原名,
3,公交车,3206,BMTA,3-30 (206),เมกาบางนา - บางเขน;Mega Bangna - Bang Khen,รถโดยสารประจำทาง ขสมก รถปรับอากาศ BLK;Bangkok Mass Transit Authority Air Condition BLK,3,05ADFB,เมกาบางนา - บางเขน,Mega Bangna - Bang Khen,,未提供中文；保留泰文/英文原名,
3,公交车,3207,PST,14,กรุงเทพฯ-หล่มสัก(ข);Bangkok-Lom Sak(B),รถโดยสารต่างจังหวัด รถมาตรฐาน 4 (ข) (รถโดยสารสองชั้นปรับอากาศ);Provincial bus Economy Class,3,0696fd,กรุงเทพฯ-หล่มสัก(ข),Bangkok-Lom Sak(B),,未提供中文；保留泰文/英文原名,
3,公交车,3208,AML,29 ,กรุงเทพฯ - เชียงคาน;Bangkok - Chiangkhan,รถโดยสารต่างจังหวัด รถมาตรฐาน 1 (ข)พิเศษ (รถโดยสารปรับอากาศชั้น 1 ชนิดที่นั่งพิเศษ);Provincial bus Super Class,3,06b9ff,กรุงเทพฯ - เชียงคาน,Bangkok - Chiangkhan,,未提供中文；保留泰文/英文原名,
3,公交车,3209,AML,29  ,กรุงเทพฯ - ปากชม;Bangkok - Pak Chom,รถโดยสารต่างจังหวัด รถมาตรฐาน 1 (ข)พิเศษ (รถโดยสารปรับอากาศชั้น 1 ชนิดที่นั่งพิเศษ);Provincial bus Super Class,3,06b9ff,กรุงเทพฯ - ปากชม,Bangkok - Pak Chom,,未提供中文；保留泰文/英文原名,
3,公交车,3210,AML,29 ,กรุงเทพฯ - ผาขาว - เลย;Bangkok - Phakhao - Loei,รถโดยสารต่างจังหวัด รถมาตรฐาน 1 (ข)พิเศษ (รถโดยสารปรับอากาศชั้น 1 ชนิดที่นั่งพิเศษ);Provincial bus Super Class,3,06b9ff,กรุงเทพฯ - ผาขาว - เลย,Bangkok - Phakhao - Loei,,未提供中文；保留泰文/英文原名,
3,公交车,3211,AML,29,กรุงเทพฯ - ภูกระดึง - เลย;Bangkok - Phu Kradueng - Loei,รถโดยสารต่างจังหวัด รถมาตรฐาน 1 (ข)พิเศษ (รถโดยสารปรับอากาศชั้น 1 ชนิดที่นั่งพิเศษ);Provincial bus Super Class,3,06b9ff,กรุงเทพฯ - ภูกระดึง - เลย,Bangkok - Phu Kradueng - Loei,,未提供中文；保留泰文/英文原名,
3,公交车,3212,AML,29 ,กรุงเทพฯ - เลย;Bangkok - Loei,รถโดยสารต่างจังหวัด รถมาตรฐาน 1 (ข)พิเศษ (รถโดยสารปรับอากาศชั้น 1 ชนิดที่นั่งพิเศษ);Provincial bus Super Class,3,06b9ff,กรุงเทพฯ - เลย,Bangkok - Loei,,未提供中文；保留泰文/英文原名,
3,公交车,3213,AML,29,กรุงเทพฯ - เลย - ท่าลี่;Bangkok - Loei - Thali,รถโดยสารต่างจังหวัด รถมาตรฐาน 1 (ข)พิเศษ (รถโดยสารปรับอากาศชั้น 1 ชนิดที่นั่งพิเศษ);Provincial bus Super Class,3,06b9ff,กรุงเทพฯ - เลย - ท่าลี่,Bangkok - Loei - Thali,,未提供中文；保留泰文/英文原名,
3,公交车,3214,PYY,963,กรุงเทพฯ - เขาค้อ;Bangkok-Khao Kho,รถโดยสารต่างจังหวัด รถมาตรฐาน 1 (ข) (รถโดยสารปรับอากาศชั้น 1);Provincial bus Economy class,3,09acf7,กรุงเทพฯ - เขาค้อ,Bangkok-Khao Kho,,未提供中文；保留泰文/英文原名,
3,公交车,3215,PST,14,กรุงเทพฯ-ภูเรือ;Bangkok-Phu Ruea,รถโดยสารต่างจังหวัด รถมาตรฐาน 4 (ข) (รถโดยสารสองชั้นปรับอากาศ);Provincial bus Economy Class,3,0696fd,กรุงเทพฯ-ภูเรือ,Bangkok-Phu Ruea,,未提供中文；保留泰文/英文原名,
3,公交车,3216,PYY,963 ,กรุงเทพฯ - เขาค้อ;Bangkok-Khao Kho,รถโดยสารต่างจังหวัด รถมาตรฐาน 4 (ข) (รถโดยสารสองชั้นปรับอากาศ);Provincial bus Economy Class,3,0696FD,กรุงเทพฯ - เขาค้อ,Bangkok-Khao Kho,,未提供中文；保留泰文/英文原名,
3,公交车,3217,PYY,913,กรุงเทพฯ - พิษณุโลก (ข);Bangkok-Phitsanulok,รถโดยสารต่างจังหวัด รถมาตรฐาน 1 (ข) (รถโดยสารปรับอากาศชั้น 1);Provincial bus Economy class,3,09acf7,กรุงเทพฯ - พิษณุโลก (ข),Bangkok-Phitsanulok,,未提供中文；保留泰文/英文原名,
3,公交车,3218,NCA,929,กรุงเทพฯ - ชานุมาน;Bangkok-Chanuman,รถโดยสารต่างจังหวัด รถมาตรฐาน 1 (ข)พิเศษ (รถโดยสารปรับอากาศชั้น 1 ชนิดที่นั่งพิเศษ);Provincial bus Super Class,3,06b9ff,กรุงเทพฯ - ชานุมาน,Bangkok-Chanuman,,未提供中文；保留泰文/英文原名,
3,公交车,3219,PST,14,กรุงเทพฯ - หนองบัวแดง;ฺBangkok - Nongbuadaeng,รถโดยสารต่างจังหวัด รถมาตรฐาน 4 (ข) (รถโดยสารสองชั้นปรับอากาศ);Provincial bus Economy Class,3,0696FD,กรุงเทพฯ - หนองบัวแดง,,,未提供中文；保留泰文/英文原名,
3,公交车,3220,KST,993,กรุงเทพฯ - สุราษฎร์ธานี;Bangkok - Suratthani,รถโดยสารต่างจังหวัด รถมาตรฐาน 4 (ข)พิเศษ (รถโดยสารสองชั้นปรับอากาศชนิดที่นั่งพิเศษ);Provincial bus Super Class,3,0868FF,กรุงเทพฯ - สุราษฎร์ธานี,Bangkok - Suratthani,,未提供中文；保留泰文/英文原名,
3,公交车,3221,KST,993 ,กรุงเทพฯ - สุราษฎร์ธานี;Bangkok - Suratthani,รถโดยสารต่างจังหวัด รถมาตรฐาน 4 (ก) (รถโดยสารสองชั้นปรับอากาศชนิดพิเศษ);Provincial bus First class,3,0C2FFD,กรุงเทพฯ - สุราษฎร์ธานี,Bangkok - Suratthani,,未提供中文；保留泰文/英文原名,
3,公交车,3222,CNT,64,กรุงเทพฯ - ระนอง;Bangkok - Ranong,รถโดยสารต่างจังหวัด รถมาตรฐาน 1 (ก) (รถโดยสารปรับอากาศชั้น 1 ชนิดพิเศษ);Provincial bus First class,3,0951f7,กรุงเทพฯ - ระนอง,Bangkok - Ranong,,未提供中文；保留泰文/英文原名,
3,公交车,3223,CNT,64 ,กรุงเทพฯ - ระนอง;Bangkok - Ranong,รถโดยสารต่างจังหวัด รถมาตรฐาน 1 (ข)พิเศษ (รถโดยสารปรับอากาศชั้น 1 ชนิดที่นั่งพิเศษ);Provincial bus Super Class,3,06b9ff,กรุงเทพฯ - ระนอง,Bangkok - Ranong,,未提供中文；保留泰文/英文原名,
3,公交车,3224,CNT,64 ,กรุงเทพฯ - ระนอง;Bangkok - Ranong,รถโดยสารต่างจังหวัด รถมาตรฐาน 1 (ข) (รถโดยสารปรับอากาศชั้น 1);Provincial bus Economy class,3,09acf7,กรุงเทพฯ - ระนอง,Bangkok - Ranong,,未提供中文；保留泰文/英文原名,
3,公交车,3225,CNT,990,กรุงเทพฯ - ชุมพร (ข);Bangkok - Chumphon,รถโดยสารต่างจังหวัด รถมาตรฐาน 4 (ก) (รถโดยสารสองชั้นปรับอากาศชนิดพิเศษ);Provincial bus First class,3,0c2ffd,กรุงเทพฯ - ชุมพร (ข),Bangkok - Chumphon,,未提供中文；保留泰文/英文原名,
3,公交车,3226,TCA,9903,กรุงเทพฯ - เทพสถิต - ชัยภูมิ;Bangkok - Thep Sathit - Chaiyaphum,รถโดยสารต่างจังหวัด รถมาตรฐาน 1 (ข) (รถโดยสารปรับอากาศชั้น 1);Provincial bus Economy class,3,09acf7,กรุงเทพฯ - เทพสถิต - ชัยภูมิ,Bangkok - Thep Sathit - Chaiyaphum,,未提供中文；保留泰文/英文原名,
3,公交车,3227,TBT,923,กรุงเทพฯ - แพร่;Bangkok-Phrae,รถโดยสารต่างจังหวัด รถมาตรฐาน 4 (ข) (รถโดยสารสองชั้นปรับอากาศ);Provincial bus Economy Class,3,0696fd,กรุงเทพฯ - แพร่,Bangkok-Phrae,,未提供中文；保留泰文/英文原名,
3,公交车,3228,TST,86 ,กรุงเทพฯ - กุดชุม - ธาตุพนม;Bangkok-Kut Chum- That Phanom,รถโดยสารต่างจังหวัด รถมาตรฐาน 1 (ข) (รถโดยสารปรับอากาศชั้น 1);Provincial bus Economy class,3,09ACF7,กรุงเทพฯ - กุดชุม - ธาตุพนม,Bangkok-Kut Chum- That Phanom,,未提供中文；保留泰文/英文原名,
3,公交车,3229,SCT,970,กรุงเทพฯ(ตลิ่งชัน) - แหลมฉบัง;ฺBangkok - Laem Chabang,รถโดยสารต่างจังหวัด รถมาตรฐาน 1 (ข) (รถโดยสารปรับอากาศชั้น 1);Provincial bus Economy class,3,09acf7,กรุงเทพฯ(ตลิ่งชัน) - แหลมฉบัง,,,未提供中文；保留泰文/英文原名,
3,公交车,3230,NSR,981 ,กรุงเทพฯ - นครศรีธรรมราช - ปากพนัง;Bangkok-Nakhon Si Thammarat-Pak Phanang,รถโดยสารต่างจังหวัด รถมาตรฐาน 4 (ข)พิเศษ (รถโดยสารสองชั้นปรับอากาศชนิดที่นั่งพิเศษ);Provincial bus Super Class,3,0868ff,กรุงเทพฯ - นครศรีธรรมราช - ปากพนัง,Bangkok-Nakhon Si Thammarat-Pak Phanang,,未提供中文；保留泰文/英文原名,
3,公交车,3231,NSRT,981 ,กรุงเทพฯ - นครศรีธรรมราช ;Bangkok-Nakhon Si Thammarat,รถโดยสารต่างจังหวัด รถมาตรฐาน 4 (ก) (รถโดยสารสองชั้นปรับอากาศชนิดพิเศษ);Provincial bus First class,3,0c2ffd,กรุงเทพฯ - นครศรีธรรมราช,Bangkok-Nakhon Si Thammarat,,未提供中文；保留泰文/英文原名,
3,公交车,3232,SCT,9909,กรุงเทพฯ (จตุจักร) - แหลมฉบัง (ข);ฺBangkok - Laem Chabang,รถโดยสารต่างจังหวัด รถมาตรฐาน 1 (ข) (รถโดยสารปรับอากาศชั้น 1);Provincial bus Economy class,3,09acf7,กรุงเทพฯ (จตุจักร) - แหลมฉบัง (ข),,,未提供中文；保留泰文/英文原名,
3,公交车,3233,BST,66,กรุงเทพฯ - บางสะพานน้อย - บ้านมาบอำมฤต;Bangkok – Bang Saphan Noi – Ban Map Ammarit,รถโดยสารต่างจังหวัด รถมาตรฐาน 1 (ข) (รถโดยสารปรับอากาศชั้น 1);Provincial bus Economy class,3,09acf7,กรุงเทพฯ - บางสะพานน้อย - บ้านมาบอำมฤต,Bangkok – Bang Saphan Noi – Ban Map Ammarit,,未提供中文；保留泰文/英文原名,
3,公交车,3234,PRT,982,กรุงเทพฯ - หาดใหญ่ (ข);Bangkok - Hatyai,รถโดยสารต่างจังหวัด รถมาตรฐาน 4 (ข)พิเศษ (รถโดยสารสองชั้นปรับอากาศชนิดที่นั่งพิเศษ);Provincial bus Super Class,3,0868FF,กรุงเทพฯ - หาดใหญ่ (ข),Bangkok - Hatyai,,未提供中文；保留泰文/英文原名,
3,公交车,3235,PRT,992,กรุงเทพฯ - หาดใหญ่;Bangkok - Hatyai,รถโดยสารต่างจังหวัด รถมาตรฐาน 4 (ข)พิเศษ (รถโดยสารสองชั้นปรับอากาศชนิดที่นั่งพิเศษ);Provincial bus Super Class,3,0868ff,กรุงเทพฯ - หาดใหญ่,Bangkok - Hatyai,,未提供中文；保留泰文/英文原名,
3,公交车,3236,PRT,986,กรุงเทพฯ - สุไหงโกลก;ฺBangkok - Sungai Kolok,รถโดยสารต่างจังหวัด รถมาตรฐาน 4 (ข) (รถโดยสารสองชั้นปรับอากาศ);Provincial bus Economy Class,3,0696FD,กรุงเทพฯ - สุไหงโกลก,,,未提供中文；保留泰文/英文原名,
3,公交车,3237,HIN,943,กรุงเทพฯ - บึงกาฬ;Bangkok - Bueng Kan,รถโดยสารต่างจังหวัด รถมาตรฐาน 4 (ข)พิเศษ (รถโดยสารสองชั้นปรับอากาศชนิดที่นั่งพิเศษ);Provincial bus Super Class,3,0868ff,กรุงเทพฯ - บึงกาฬ,Bangkok - Bueng Kan,,未提供中文；保留泰文/英文原名,
3,公交车,3238,HIN,943,กรุงเทพฯ - บุ่งคล้า;Bangkok - Bung Khla,รถโดยสารต่างจังหวัด รถมาตรฐาน 4 (ข)พิเศษ (รถโดยสารสองชั้นปรับอากาศชนิดที่นั่งพิเศษ);Provincial bus Super Class,3,0868ff,กรุงเทพฯ - บุ่งคล้า,Bangkok - Bung Khla,,未提供中文；保留泰文/英文原名,
3,公交车,3240,HIN,79,กรุงเทพฯ - กุมภาวปี - บึงกาฬ;Bangkok - ,รถโดยสารต่างจังหวัด รถมาตรฐาน 4 (ข)พิเศษ (รถโดยสารสองชั้นปรับอากาศชนิดที่นั่งพิเศษ);Provincial bus Super Class,3,0868FF,กรุงเทพฯ - กุมภาวปี - บึงกาฬ,Bangkok -,,未提供中文；保留泰文/英文原名,
3,公交车,3241,BST,66 ,กรุงเทพฯ - บางสะพาน;Bangkok – Bang Saphan ,รถโดยสารต่างจังหวัด รถมาตรฐาน 1 (ข) (รถโดยสารปรับอากาศชั้น 1);Provincial bus Economy class,3,09acf7,กรุงเทพฯ - บางสะพาน,Bangkok – Bang Saphan,,未提供中文；保留泰文/英文原名,
3,公交车,3242,CPT,29,กรุงเทพฯ - ชุมแพ;Bangkok – Chum Phae,รถโดยสารต่างจังหวัด รถมาตรฐาน 1 (ข)พิเศษ (รถโดยสารปรับอากาศชั้น 1 ชนิดที่นั่งพิเศษ);Provincial bus Super Class,3,06b9ff,กรุงเทพฯ - ชุมแพ,Bangkok – Chum Phae,,未提供中文；保留泰文/英文原名,
3,公交车,3243,PYT,935,กรุงเทพฯ - วาปีปทุม;Bangkok - Wapipathum,รถโดยสารต่างจังหวัด รถมาตรฐาน 4 (ข) (รถโดยสารสองชั้นปรับอากาศ);Provincial bus Economy Class,3,0696FD,กรุงเทพฯ - วาปีปทุม,Bangkok - Wapipathum,,未提供中文；保留泰文/英文原名,
3,公交车,3244,JJR,7,กรุงเทพฯ - บ้านช่องเม็ก;Bangkok – Ban Chong Mek,รถโดยสารต่างจังหวัด รถมาตรฐาน 4 (ข) (รถโดยสารสองชั้นปรับอากาศ);Provincial bus Economy Class,3,0696fd,กรุงเทพฯ - บ้านช่องเม็ก,Bangkok – Ban Chong Mek,,未提供中文；保留泰文/英文原名,
3,公交车,3245,JJR,7 ,กรุงเทพฯ - บุณฑริก;Bangkok – Buntharik,รถโดยสารต่างจังหวัด รถมาตรฐาน 4 (ข)พิเศษ (รถโดยสารสองชั้นปรับอากาศชนิดที่นั่งพิเศษ);Provincial bus Super Class,3,0868FF,กรุงเทพฯ - บุณฑริก,Bangkok – Buntharik,,未提供中文；保留泰文/英文原名,
3,公交车,3246,SST,981,กรุงเทพฯ - นครศรีธรรมราช;Bangkok -  Nakhon Si Thammarat,รถโดยสารต่างจังหวัด รถมาตรฐาน 4 (ก) (รถโดยสารสองชั้นปรับอากาศชนิดพิเศษ);Provincial bus First class,3,0c2ffd,กรุงเทพฯ - นครศรีธรรมราช,Bangkok -  Nakhon Si Thammarat,,未提供中文；保留泰文/英文原名,
3,公交车,3247,JJR,947,กรุงเทพฯ - บุรีรัมย์ - อุบลราชธานี;Bangkok – Buri Ram – Ubon Ratchathani,รถโดยสารต่างจังหวัด รถมาตรฐาน 4 (ก) (รถโดยสารสองชั้นปรับอากาศชนิดพิเศษ);Provincial bus First class,3,0C2FFD,กรุงเทพฯ - บุรีรัมย์ - อุบลราชธานี,Bangkok – Buri Ram – Ubon Ratchathani,,未提供中文；保留泰文/英文原名,
3,公交车,3248,SST,984,กรุงเทพฯ - สตูล (ข);Bangkok - Satun,รถโดยสารต่างจังหวัด รถมาตรฐาน 4 (ข) (รถโดยสารสองชั้นปรับอากาศ);Provincial bus Economy Class,3,0696fd,กรุงเทพฯ - สตูล (ข),Bangkok - Satun,,未提供中文；保留泰文/英文原名,
3,公交车,3249,SST,988,กรุงเทพฯ - สตูล;Bangkok - Satun,รถโดยสารต่างจังหวัด รถมาตรฐาน 4 (ข) (รถโดยสารสองชั้นปรับอากาศ);Provincial bus Economy Class,3,0696fd,กรุงเทพฯ - สตูล,Bangkok - Satun,,未提供中文；保留泰文/英文原名,
3,公交车,3250,SWT,89,กรุงเทพฯ - หลังสวน;Bangkok -  Lang Suan,รถโดยสารต่างจังหวัด รถมาตรฐาน 1 (ข) (รถโดยสารปรับอากาศชั้น 1);Provincial bus Economy class,3,09ACF7,กรุงเทพฯ - หลังสวน,Bangkok -  Lang Suan,,未提供中文；保留泰文/英文原名,
3,公交车,3251,WH,81,กรุงเทพฯ (จตุจักร) - พุทธมณฑล - กาญจนบุรี;Bangkok - Phutthamonthon - Kanchanaburi,รถโดยสารต่างจังหวัด รถตู้ (ม.2 จ);Provincial bus City Van,3,07fbfb,กรุงเทพฯ (จตุจักร) - พุทธมณฑล - กาญจนบุรี,Bangkok - Phutthamonthon - Kanchanaburi,,未提供中文；保留泰文/英文原名,
3,公交车,3252,997 NK,997,กรุงเทพฯ - นครปฐม (ข);Bangkok - Nakhon Pathom,รถโดยสารต่างจังหวัด รถมาตรฐาน 21จ (มินิบัส);Provincial bus M.21J,3,B16D2F,กรุงเทพฯ - นครปฐม (ข),Bangkok - Nakhon Pathom,,未提供中文；保留泰文/英文原名,
3,公交车,3253,KAT,9904,กรุงเทพฯ (จตุจักร) - นิคมอุตสาหกรรมอมตะนคร;Bangkok - Amata City Chonburi Route,รถโดยสารต่างจังหวัด รถมาตรฐาน 21จ (มินิบัส);Provincial bus M.21J,3,B16D2F,กรุงเทพฯ (จตุจักร) - นิคมอุตสาหกรรมอมตะนคร,Bangkok - Amata City Chonburi Route,,未提供中文；保留泰文/英文原名,
3,公交车,3254,KAT,9904 ,กรุงเทพฯ (จตุจักร) - ชลบุรี (ค);Bangkok - Chonburi ,รถโดยสารต่างจังหวัด รถมาตรฐาน 21จ (มินิบัส);Provincial bus M.21J,3,b16d2f,กรุงเทพฯ (จตุจักร) - ชลบุรี (ค),Bangkok - Chonburi,,未提供中文；保留泰文/英文原名,
3,公交车,3255,SKT,100,กรุงเทพฯ - ศรีสัชนาลัย;Bangkok - Si Satchanalai,รถโดยสารต่างจังหวัด รถมาตรฐาน 4 (ข) (รถโดยสารสองชั้นปรับอากาศ);Provincial bus Economy Class,3,0696FD,กรุงเทพฯ - ศรีสัชนาลัย,Bangkok - Si Satchanalai,,未提供中文；保留泰文/英文原名,
3,公交车,3256,SKT,100,กรุงเทพฯ - ศรีสัชนาลัย;Bangkok - Si Satchanalai,รถโดยสารต่างจังหวัด รถมาตรฐาน 1 (ก) (รถโดยสารปรับอากาศชั้น 1 ชนิดพิเศษ);Provincial bus First class,3,0951F7,กรุงเทพฯ - ศรีสัชนาลัย,Bangkok - Si Satchanalai,,未提供中文；保留泰文/英文原名,
3,公交车,3257,SPT,24,กรุงเทพฯ - ร้อยเอ็ด;Bangkok - Roi Et,รถโดยสารต่างจังหวัด รถมาตรฐาน 4 (ข)พิเศษ (รถโดยสารสองชั้นปรับอากาศชนิดที่นั่งพิเศษ);Provincial bus Super Class,3,0868FF,กรุงเทพฯ - ร้อยเอ็ด,Bangkok - Roi Et,,未提供中文；保留泰文/英文原名,
3,公交车,3258,SPT,24,กรุงเทพฯ - เลิงนกทา;Bangkok - Loeng Nok Tha,รถโดยสารต่างจังหวัด รถมาตรฐาน 4 (ข)พิเศษ (รถโดยสารสองชั้นปรับอากาศชนิดที่นั่งพิเศษ);Provincial bus Super Class,3,0868FF,กรุงเทพฯ - เลิงนกทา,Bangkok - Loeng Nok Tha,,未提供中文；保留泰文/英文原名,
3,公交车,3259,SPT,927,กรุงเทพฯ - มุกดาหาร;Bangkok - Mukdahan,รถโดยสารต่างจังหวัด รถมาตรฐาน 1 (ข) (รถโดยสารปรับอากาศชั้น 1);Provincial bus Economy class,3,09ACF7,กรุงเทพฯ - มุกดาหาร,Bangkok - Mukdahan,,未提供中文；保留泰文/英文原名,
3,公交车,3260,TSB,3-26E (537E),สถาบันการแพทย์จักรีนฤบดินทร์ - โรงพยาบาลรามาธิบดี (ทางด่วน);Chakri Naruebodindra Medical Institute - Ramathibodi Hospital,รถโดยสาร TSB รถปรับอากาศ;Bus TSB Air Condition,3,063970,สถาบันการแพทย์จักรีนฤบดินทร์ - โรงพยาบาลรามาธิบดี (ทางด่วน),Chakri Naruebodindra Medical Institute - Ramathibodi Hospital,,未提供中文；保留泰文/英文原名,
3,公交车,3261,RRC,48,กรุงเทพฯ (เอกมัย) - เมืองพัทยา;Bangkok (Ekamai) - Pattaya City,รถโดยสารต่างจังหวัด รถมาตรฐาน 1 (ข) (รถโดยสารปรับอากาศชั้น 1);Provincial bus Economy class,3,09acf7,กรุงเทพฯ (เอกมัย) - เมืองพัทยา,Bangkok (Ekamai) - Pattaya City,,未提供中文；保留泰文/英文原名,
3,公交车,3262,RRC,9905,กรุงเทพฯ (จตุจักร) - เมืองพัทยา;Bangkok (Chatuchak) - Pattaya City,รถโดยสารต่างจังหวัด รถมาตรฐาน 1 (ข) (รถโดยสารปรับอากาศชั้น 1);Provincial bus Economy class,3,09acf7,กรุงเทพฯ (จตุจักร) - เมืองพัทยา,Bangkok (Chatuchak) - Pattaya City,,未提供中文；保留泰文/英文原名,
3,公交车,3263,RRC,48,ช่วงกรุงเทพฯ (ถนนบรมราชชนนี) - เมืองพัทยา;Bangkok (Borommaratchachonnani) - Pattaya City,รถโดยสารต่างจังหวัด รถมาตรฐาน 1 (ข) (รถโดยสารปรับอากาศชั้น 1);Provincial bus Economy class,3,09acf7,ช่วงกรุงเทพฯ (ถนนบรมราชชนนี) - เมืองพัทยา,Bangkok (Borommaratchachonnani) - Pattaya City,,未提供中文；保留泰文/英文原名,
3,公交车,3264,WMD,9907,กรุงเทพฯ (จตุจักร) - จันทบุรี (ง);Bangkok (Chatuchak) - Chanthaburi,รถโดยสารต่างจังหวัด รถมาตรฐาน 2 (จ) ที่ไม่ใช่รถตู้โดยสาร (รถโดยสารปรับอากาศชั้น 2 ไม่เกิน 20 ที่นั่ง ที่ไม่ใช่รถตู้โดยสาร);Provincial bus economy,3,e69e9e,กรุงเทพฯ (จตุจักร) - จันทบุรี (ง),Bangkok (Chatuchak) - Chanthaburi,,未提供中文；保留泰文/英文原名,
3,公交车,3265,SRK,19,กรุงเทพฯ - วัดสิงห์;Bangkok - Wat Sing,รถโดยสารต่างจังหวัด รถมาตรฐาน 2 (จ) ที่ไม่ใช่รถตู้โดยสาร (รถโดยสารปรับอากาศชั้น 2 ไม่เกิน 20 ที่นั่ง ที่ไม่ใช่รถตู้โดยสาร);Provincial bus economy,3,E69E9E,กรุงเทพฯ - วัดสิงห์,Bangkok - Wat Sing,,未提供中文；保留泰文/英文原名,
3,公交车,3266,PPT,923,กรุงเทพฯ - แพร่;Bangkok-Phrae,รถโดยสารต่างจังหวัด รถมาตรฐาน 4 (ข) (รถโดยสารสองชั้นปรับอากาศ);Provincial bus Economy Class,3,0696FD,กรุงเทพฯ - แพร่,Bangkok-Phrae,,未提供中文；保留泰文/英文原名,
3,公交车,3267,PPT,91,กรุงเทพฯ - ลำปาง (ข);Bangkok - Lampang,รถโดยสารต่างจังหวัด รถมาตรฐาน 4 (ข) (รถโดยสารสองชั้นปรับอากาศ);Provincial bus Economy Class,3,0696fd,กรุงเทพฯ - ลำปาง (ข),Bangkok - Lampang,,未提供中文；保留泰文/英文原名,
3,公交车,3268,VRT,18,กรุงเทพฯ - เชียงใหม่ (ข);ฺBangkok-Chiang Mai,รถโดยสารต่างจังหวัด รถมาตรฐาน 4 (ข) (รถโดยสารสองชั้นปรับอากาศ);Provincial bus Economy Class,3,0696FD,กรุงเทพฯ - เชียงใหม่ (ข),,,未提供中文；保留泰文/英文原名,
3,公交车,3269,SLT,9917,กรุงเทพฯ - สุไหงโกลก (ข);ฺBangkok - Suai Kolok,รถโดยสารต่างจังหวัด รถมาตรฐาน 4 (ข) (รถโดยสารสองชั้นปรับอากาศ);Provincial bus Economy Class,3,0696FD,กรุงเทพฯ - สุไหงโกลก (ข),,,未提供中文；保留泰文/英文原名,
3,公交车,3270,AKP,21 ,กรุงเทพฯ - นครราชสีมา;Bangkok-Nakhon Ratchasima,รถโดยสารต่างจังหวัด รถมาตรฐาน 1 (ข) (รถโดยสารปรับอากาศชั้น 1);Provincial bus Economy class,3,09acf7,กรุงเทพฯ - นครราชสีมา,Bangkok-Nakhon Ratchasima,,未提供中文；保留泰文/英文原名,
3,公交车,3271,SLT,973,กรุงเทพฯ - สงขลา;ฺBangkok - Songkhla,รถโดยสารต่างจังหวัด รถมาตรฐาน 4 (ข) (รถโดยสารสองชั้นปรับอากาศ);Provincial bus Economy Class,3,0696fd,กรุงเทพฯ - สงขลา,,,未提供中文；保留泰文/英文原名,
3,公交车,3272,SLT,987,กรุงเทพฯ - เบตง;ฺBangkok - Betong,รถโดยสารต่างจังหวัด รถมาตรฐาน 4 (ข)พิเศษ (รถโดยสารสองชั้นปรับอากาศชนิดที่นั่งพิเศษ);Provincial bus Super Class,3,0868FF,กรุงเทพฯ - เบตง,,,未提供中文；保留泰文/英文原名,
3,公交车,3273,TSB,S6A (555A),สนามบินดอนเมือง - สนามบินสุวรรณภูมิ;Don Mueang Airport - Suvarnabhumi Airport,รถโดยสาร TSB รถปรับอากาศ;Bus TSB Air Condition,3,063970,สนามบินดอนเมือง - สนามบินสุวรรณภูมิ,Don Mueang Airport - Suvarnabhumi Airport,,未提供中文；保留泰文/英文原名,
3,公交车,3274,WST,48 ,กรุงเทพฯ (เอกมัย) - เมืองพัทยา;Bangkok (Ekamai) - Pattaya City,รถโดยสารต่างจังหวัด รถตู้ (ม.2 จ);Provincial bus City Van,3,07FBFB,กรุงเทพฯ (เอกมัย) - เมืองพัทยา,Bangkok (Ekamai) - Pattaya City,,未提供中文；保留泰文/英文原名,
3,公交车,3275,WST,57,กรุงเทพฯ - ระยอง (ค);Bangkok – Rayong,รถโดยสารต่างจังหวัด รถตู้ (ม.2 จ);Provincial bus City Van,3,07FBFB,กรุงเทพฯ - ระยอง (ค),Bangkok – Rayong,,未提供中文；保留泰文/英文原名,
3,公交车,3276,RST,932,กรุงเทพฯ - มหาสารคาม;Bangkok - Maha Sarakham,รถโดยสารต่างจังหวัด รถมาตรฐาน 4 (ก) (รถโดยสารสองชั้นปรับอากาศชนิดพิเศษ);Provincial bus First class,3,0C2FFD,กรุงเทพฯ - มหาสารคาม,Bangkok - Maha Sarakham,,未提供中文；保留泰文/英文原名,
3,公交车,3277,RST,932,กรุงเทพฯ - มหาสารคาม;Bangkok - Maha Sarakham,รถโดยสารต่างจังหวัด รถมาตรฐาน 4 (ข)พิเศษ (รถโดยสารสองชั้นปรับอากาศชนิดที่นั่งพิเศษ);Provincial bus Super Class,3,0868FF,กรุงเทพฯ - มหาสารคาม,Bangkok - Maha Sarakham,,未提供中文；保留泰文/英文原名,
3,公交车,3278,RST,932,กรุงเทพฯ - มหาสารคาม;Bangkok - Maha Sarakham,รถโดยสารต่างจังหวัด รถมาตรฐาน 4 (ข) (รถโดยสารสองชั้นปรับอากาศ);Provincial bus Economy Class,3,0696FD,กรุงเทพฯ - มหาสารคาม,Bangkok - Maha Sarakham,,未提供中文；保留泰文/英文原名,
3,公交车,3279,WRT,12,กรุงเทพฯ - ลพบุรี;ฺBangkok - Lop Buri,รถโดยสารต่างจังหวัด รถมาตรฐาน 2 (จ) ที่ไม่ใช่รถตู้โดยสาร (รถโดยสารปรับอากาศชั้น 2 ไม่เกิน 20 ที่นั่ง ที่ไม่ใช่รถตู้โดยสาร);Provincial bus economy,3,E69E9E,กรุงเทพฯ - ลพบุรี,,,未提供中文；保留泰文/英文原名,
3,公交车,3280,SWT,89,กรุงเทพฯ - ละแม;Bangkok - Lamae,รถโดยสารต่างจังหวัด รถมาตรฐาน 1 (ก) (รถโดยสารปรับอากาศชั้น 1 ชนิดพิเศษ);Provincial bus First class,3,0951F7,กรุงเทพฯ - ละแม,Bangkok - Lamae,,未提供中文；保留泰文/英文原名,
3,公交车,3281,TPT,984,กรุงเทพฯ - สตูล (ข);Bangkok - Satun,รถโดยสารต่างจังหวัด รถมาตรฐาน 4 (ข) (รถโดยสารสองชั้นปรับอากาศ);Provincial bus Economy Class,3,0696FD,กรุงเทพฯ - สตูล (ข),Bangkok - Satun,,未提供中文；保留泰文/英文原名,
3,公交车,3282,ACP,28,กรุงเทพฯ - ชัยภูมิ;Bangkok - Chaiyaphum,รถโดยสารต่างจังหวัด รถมาตรฐาน 1 (ข)พิเศษ (รถโดยสารปรับอากาศชั้น 1 ชนิดที่นั่งพิเศษ);Provincial bus Super Class,3,06B9FF,กรุงเทพฯ - ชัยภูมิ,Bangkok - Chaiyaphum,,未提供中文；保留泰文/英文原名,
3,公交车,3283,PKT,949,กรุงเทพฯ - ภูเก็ต (ข);Bangkok - Phuket,รถโดยสารต่างจังหวัด รถมาตรฐาน 4 (ก) (รถโดยสารสองชั้นปรับอากาศชนิดพิเศษ);Provincial bus First class,3,0C2FFD,กรุงเทพฯ - ภูเก็ต (ข),Bangkok - Phuket,,未提供中文；保留泰文/英文原名,
3,公交车,3284,999 TWT,9905,กรุงเทพฯ (จตุจักร) - นิคมอุตสาหกรรมบ่อวิน (ต);Bangkok – Bowin Industrial Estate,รถโดยสารต่างจังหวัด รถโดยสารต่างจังหวัด;Provincial bus Provincial bus,3,ACF2E7,กรุงเทพฯ (จตุจักร) - นิคมอุตสาหกรรมบ่อวิน (ต),Bangkok – Bowin Industrial Estate,,未提供中文；保留泰文/英文原名,
3,公交车,3285,997 NK,997 ,กรุงเทพฯ - นครปฐม (ข);Bangkok - Nakhon Pathom,รถโดยสารต่างจังหวัด รถตู้ (ม.2 จ);Provincial bus City Van,3,07fbfb,กรุงเทพฯ - นครปฐม (ข),Bangkok - Nakhon Pathom,,未提供中文；保留泰文/英文原名,
3,公交车,3286,JJR,7 ,กรุงเทพฯ - บ้านช่องเม็ก;Bangkok – Ban Chong Mek,รถโดยสารต่างจังหวัด รถมาตรฐาน 1 (ข) (รถโดยสารปรับอากาศชั้น 1);Provincial bus Economy class,3,09ACF7,กรุงเทพฯ - บ้านช่องเม็ก,Bangkok – Ban Chong Mek,,未提供中文；保留泰文/英文原名,
3,公交车,3287,JJR,33 ,กรุงเทพฯ-กระนวน-บ้านแพง;Bangkok - Kranuan - Ban Paeng,รถโดยสารต่างจังหวัด รถมาตรฐาน 4 (ก) (รถโดยสารสองชั้นปรับอากาศชนิดพิเศษ);Provincial bus First class,3,0C2FFD,กรุงเทพฯ-กระนวน-บ้านแพง,Bangkok - Kranuan - Ban Paeng,,未提供中文；保留泰文/英文原名,
3,公交车,3288,JJR,930,กรุงเทพฯ - อุดรธานี - นครพนม;Bangkok – Udon Thani – Nakhon Phanom,รถโดยสารต่างจังหวัด รถมาตรฐาน 4 (ก) (รถโดยสารสองชั้นปรับอากาศชนิดพิเศษ);Provincial bus First class,3,0c2ffd,กรุงเทพฯ - อุดรธานี - นครพนม,Bangkok – Udon Thani – Nakhon Phanom,,未提供中文；保留泰文/英文原名,
3,公交车,3289,VAN,38,ช่วงกรุงเทพฯ (ถนนบรมราชชนนี) - ชลบุรี (ข);Bangkok - Chonburi,รถโดยสารต่างจังหวัด รถตู้ (ม.2 จ);Provincial bus City Van,3,07fbfb,ช่วงกรุงเทพฯ (ถนนบรมราชชนนี) - ชลบุรี (ข),Bangkok - Chonburi,,未提供中文；保留泰文/英文原名,
3,公交车,3290,CPT,29 ,กรุงเทพฯ - ชุมแพ;Bangkok – Chum Phae,รถโดยสารต่างจังหวัด รถมาตรฐาน 1 (ข) (รถโดยสารปรับอากาศชั้น 1);Provincial bus Economy class,3,09ACF7,กรุงเทพฯ - ชุมแพ,Bangkok – Chum Phae,,未提供中文；保留泰文/英文原名,
3,公交车,3291,TBT,922,กรุงเทพฯ - พะเยา;Bangkok – Phayao,รถโดยสารต่างจังหวัด รถมาตรฐาน 4 (ข) (รถโดยสารสองชั้นปรับอากาศ);Provincial bus Economy Class,3,0696fd,กรุงเทพฯ - พะเยา,Bangkok – Phayao,,未提供中文；保留泰文/英文原名,
3,公交车,3292,JKT,23,กรุงเทพฯ - หนองคาย;Bangkok - Nongkhai,รถโดยสารต่างจังหวัด รถมาตรฐาน 1 (ข)พิเศษ (รถโดยสารปรับอากาศชั้น 1 ชนิดที่นั่งพิเศษ);Provincial bus Super Class,3,06B9FF,กรุงเทพฯ - หนองคาย,Bangkok - Nongkhai,,未提供中文；保留泰文/英文原名,
3,公交车,3293,HIN,5,กรุงเทพฯ - สังคม;Bangkok – Sangkhom,รถโดยสารต่างจังหวัด รถมาตรฐาน 4 (ข)พิเศษ (รถโดยสารสองชั้นปรับอากาศชนิดที่นั่งพิเศษ);Provincial bus Super Class,3,0868ff,กรุงเทพฯ - สังคม,Bangkok – Sangkhom,,未提供中文；保留泰文/英文原名,
3,公交车,3294,SST,98,กรุงเทพฯ - อุบลราชธานี (ข);Bangkok - Ubonratchathani,รถโดยสารต่างจังหวัด รถมาตรฐาน 4 (ข) (รถโดยสารสองชั้นปรับอากาศ);Provincial bus Economy Class,3,0696FD,กรุงเทพฯ - อุบลราชธานี (ข),Bangkok - Ubonratchathani,,未提供中文；保留泰文/英文原名,
3,公交车,3295,HIN,5 ,กรุงเทพฯ - สุวรรณคูหา;Bangkok – Suwannakhuha,รถโดยสารต่างจังหวัด รถมาตรฐาน 4 (ข)พิเศษ (รถโดยสารสองชั้นปรับอากาศชนิดที่นั่งพิเศษ);Provincial bus Super Class,3,0868ff,กรุงเทพฯ - สุวรรณคูหา,Bangkok – Suwannakhuha,,未提供中文；保留泰文/英文原名,
3,公交车,3296,BKB,90,กรุงเทพฯ - เชียงราย;Bangkok - Chairai,รถโดยสารต่างจังหวัด รถมาตรฐาน 1 (ข)พิเศษ (รถโดยสารปรับอากาศชั้น 1 ชนิดที่นั่งพิเศษ);Provincial bus Super Class,3,06B9FF,กรุงเทพฯ - เชียงราย,Bangkok - Chairai,,未提供中文；保留泰文/英文原名,
3,公交车,3297,TVT,9908,กรุงเทพฯ (จตุจักร) - ตราด (ง);Bangkok - Trat,รถโดยสารต่างจังหวัด รถมาตรฐาน 2 (จ) (รถโดยสารปรับอากาศชั้น 2 ไม่เกิน 20 ที่นั่ง);Provincial bus economy,3,58A246,กรุงเทพฯ (จตุจักร) - ตราด (ง),Bangkok - Trat,,未提供中文；保留泰文/英文原名,
3,公交车,3298,SS,31,กรุงเทพฯ - สุรินทร์ (ผ่านทางแยกปักธงชัย);Bangkok - Surin (Pak Thong Chai Intersection),รถโดยสารต่างจังหวัด รถมาตรฐาน 4 (ข)พิเศษ (รถโดยสารสองชั้นปรับอากาศชนิดที่นั่งพิเศษ);Provincial bus Super Class,3,0868FF,กรุงเทพฯ - สุรินทร์ (ผ่านทางแยกปักธงชัย),Bangkok - Surin (Pak Thong Chai Intersection),,未提供中文；保留泰文/英文原名,
3,公交车,3299,NSRT,981 ,กรุงเทพฯ - นครศรีธรรมราช - ปากพนัง;Bangkok-Nakhon Si Thammarat -Pak Phanang,รถโดยสารต่างจังหวัด รถมาตรฐาน 4 (ข)พิเศษ (รถโดยสารสองชั้นปรับอากาศชนิดที่นั่งพิเศษ);Provincial bus Super Class,3,0868FF,กรุงเทพฯ - นครศรีธรรมราช - ปากพนัง,Bangkok-Nakhon Si Thammarat -Pak Phanang,,未提供中文；保留泰文/英文原名,
3,公交车,3300,BKB,18 ,กรุงเทพฯ-เชียงใหม่ (ข);Bangkok-Chiang Mai,รถโดยสารต่างจังหวัด รถมาตรฐาน 1 (ก) (รถโดยสารปรับอากาศชั้น 1 ชนิดพิเศษ);Provincial bus First class,3,0951F7,กรุงเทพฯ-เชียงใหม่ (ข),Bangkok-Chiang Mai,,未提供中文；保留泰文/英文原名,
3,公交车,3301,BKB,18  ,กรุงเทพฯ-เชียงใหม่ (ข);Bangkok-Chiang Mai,รถโดยสารต่างจังหวัด รถมาตรฐาน 4 (ข)พิเศษ (รถโดยสารสองชั้นปรับอากาศชนิดที่นั่งพิเศษ);Provincial bus Super Class,3,0868FF,กรุงเทพฯ-เชียงใหม่ (ข),Bangkok-Chiang Mai,,未提供中文；保留泰文/英文原名,
3,公交车,3302,BKB,91,กรุงเทพฯ - ลำปาง (ข);Bangkok – Lampang,รถโดยสารต่างจังหวัด รถมาตรฐาน 1 (ข)พิเศษ (รถโดยสารปรับอากาศชั้น 1 ชนิดที่นั่งพิเศษ);Provincial bus Super Class,3,06B9FF,กรุงเทพฯ - ลำปาง (ข),Bangkok – Lampang,,未提供中文；保留泰文/英文原名,
3,公交车,3303,KBE,81,กรุงเทพฯ - กาญจนบุรี;Bangkok - Kanchanaburi,รถโดยสารต่างจังหวัด รถตู้ (ม.2 จ);Provincial bus City Van,3,07fbfb,กรุงเทพฯ - กาญจนบุรี,Bangkok - Kanchanaburi,,未提供中文；保留泰文/英文原名,
3,公交车,3304,KBE,81 ,กรุงเทพฯ - พุทธมณฑล - กาญจนบุรี (ต);Bangkok - Phutthamonthon - Kanchanaburi,รถโดยสารต่างจังหวัด รถตู้ (ม.2 จ);Provincial bus City Van,3,07fbfb,กรุงเทพฯ - พุทธมณฑล - กาญจนบุรี (ต),Bangkok - Phutthamonthon - Kanchanaburi,,未提供中文；保留泰文/英文原名,
3,公交车,3305,KBE,81 ,กรุงเทพฯ - พุทธมณฑล - กาญจนบุรี;Bangkok - Phutthamonthon - Kanchanaburi,รถโดยสารต่างจังหวัด รถตู้ (ม.2 จ);Provincial bus City Van,3,07fbfb,กรุงเทพฯ - พุทธมณฑล - กาญจนบุรี,Bangkok - Phutthamonthon - Kanchanaburi,,未提供中文；保留泰文/英文原名,
3,公交车,3306,KBE,81 ,กรุงเทพฯ (จตุจักร) - พุทธมณฑล - กาญจนบุรี;Bangkok - Phutthamonthon - Kanchanaburi,รถโดยสารต่างจังหวัด รถตู้ (ม.2 จ);Provincial bus City Van,3,07fbfb,กรุงเทพฯ (จตุจักร) - พุทธมณฑล - กาญจนบุรี,Bangkok - Phutthamonthon - Kanchanaburi,,未提供中文；保留泰文/英文原名,
3,公交车,3307,RT 789,9906,กรุงเทพฯ (จตุจักร) - บ้านฉาง - ระยอง;Bangkok (Chatuchak) – Ban Chang – Rayong,รถโดยสารต่างจังหวัด รถตู้ (ม.2 จ);Provincial bus City Van,3,07fbfb,กรุงเทพฯ (จตุจักร) - บ้านฉาง - ระยอง,Bangkok (Chatuchak) – Ban Chang – Rayong,,未提供中文；保留泰文/英文原名,
3,公交车,3308,RT 789,35,กรุงเทพฯ (เอกมัย) - บ้านมาบตาพุด - ระยอง;Bangkok (Ekkamai) – Map Ta Phut – Rayong,รถโดยสารต่างจังหวัด รถมาตรฐาน 21จ (มินิบัส);Provincial bus M.21J,3,b16d2f,กรุงเทพฯ (เอกมัย) - บ้านมาบตาพุด - ระยอง,Bangkok (Ekkamai) – Map Ta Phut – Rayong,,未提供中文；保留泰文/英文原名,
3,公交车,3309,RT 789,35 ,ช่วงกรุงเทพฯ (จตุจักร) - บ้านมาบตาพุด - ระยอง;Bangkok (Chatuchak) – Map Ta Phut – Rayong,รถโดยสารต่างจังหวัด รถมาตรฐาน 21จ (มินิบัส);Provincial bus M.21J,3,b16d2f,ช่วงกรุงเทพฯ (จตุจักร) - บ้านมาบตาพุด - ระยอง,Bangkok (Chatuchak) – Map Ta Phut – Rayong,,未提供中文；保留泰文/英文原名,
3,公交车,3310,CUT,903,กรุงเทพฯ - อุทัยธานี (ค);Bangkok – Uthai Thani,รถโดยสารต่างจังหวัด รถตู้ (ม.2 จ);Provincial bus City Van,3,07FBFB,กรุงเทพฯ - อุทัยธานี (ค),Bangkok – Uthai Thani,,未提供中文；保留泰文/英文原名,
3,公交车,3311,CUT,903 ,กรุงเทพฯ - อุทัยธานี (ค);Bangkok – Uthai Thani,รถโดยสารต่างจังหวัด รถมาตรฐาน 21จ (มินิบัส);Provincial bus M.21J,3,B16D2F,กรุงเทพฯ - อุทัยธานี (ค),Bangkok – Uthai Thani,,未提供中文；保留泰文/英文原名,
3,公交车,3312,CUT,903 ,กรุงเทพฯ - วัดจันทาราม (วัดท่าซุง) - อุทัยธานี;Bangkok – Wat Tha Sung – Uthai Thani,รถโดยสารต่างจังหวัด รถตู้ (ม.2 จ);Provincial bus City Van,3,07fbfb,กรุงเทพฯ - วัดจันทาราม (วัดท่าซุง) - อุทัยธานี,Bangkok – Wat Tha Sung – Uthai Thani,,未提供中文；保留泰文/英文原名,
3,公交车,3313,CUT,903  ,กรุงเทพฯ - วัดจันทาราม (วัดท่าซุง) - อุทัยธานี;Bangkok – Wat Tha Sung – Uthai Thani,รถโดยสารต่างจังหวัด รถมาตรฐาน 21จ (มินิบัส);Provincial bus M.21J,3,B16D2F,กรุงเทพฯ - วัดจันทาราม (วัดท่าซุง) - อุทัยธานี,Bangkok – Wat Tha Sung – Uthai Thani,,未提供中文；保留泰文/英文原名,
3,公交车,3314,SPT,927 ,กรุงเทพฯ-มุกดาหาร;Bangkok-Mukdahan,รถโดยสารต่างจังหวัด รถมาตรฐาน 4 (ข)พิเศษ (รถโดยสารสองชั้นปรับอากาศชนิดที่นั่งพิเศษ);Provincial bus Super Class,3,0868ff,กรุงเทพฯ-มุกดาหาร,Bangkok-Mukdahan,,未提供中文；保留泰文/英文原名,
3,公交车,3315,SPT,941,กรุงเทพฯ - พิมาย - พนมไพร;Bangkok – Phimai – Phanom Phrai,รถโดยสารต่างจังหวัด รถมาตรฐาน 4 (ข)พิเศษ (รถโดยสารสองชั้นปรับอากาศชนิดที่นั่งพิเศษ);Provincial bus Super Class,3,0868ff,กรุงเทพฯ - พิมาย - พนมไพร,Bangkok – Phimai – Phanom Phrai,,未提供中文；保留泰文/英文原名,
3,公交车,3316,SPT,968,กรุงเทพฯ - ยโสธร;Bangkok – Yasothon,รถโดยสารต่างจังหวัด รถมาตรฐาน 4 (ข)พิเศษ (รถโดยสารสองชั้นปรับอากาศชนิดที่นั่งพิเศษ);Provincial bus Super Class,3,0868ff,กรุงเทพฯ - ยโสธร,Bangkok – Yasothon,,未提供中文；保留泰文/英文原名,
3,公交车,3317,BT,957 ,กรุงเทพฯ - แม่สาย;Bangkok - Mae Sai,รถโดยสารต่างจังหวัด รถมาตรฐาน 4 (ข)พิเศษ (รถโดยสารสองชั้นปรับอากาศชนิดที่นั่งพิเศษ);Provincial bus Super Class,3,0868ff,กรุงเทพฯ - แม่สาย,Bangkok - Mae Sai,,未提供中文；保留泰文/英文原名,
3,公交车,3318,BT,933,กรุงเทพฯ - ศรีเชียงใหม่;Bangkok – Si Chiang Mai,รถโดยสารต่างจังหวัด รถมาตรฐาน 4 (ข)พิเศษ (รถโดยสารสองชั้นปรับอากาศชนิดที่นั่งพิเศษ);Provincial bus Super Class,3,0868FF,กรุงเทพฯ - ศรีเชียงใหม่,Bangkok – Si Chiang Mai,,未提供中文；保留泰文/英文原名,
3,公交车,3319,BT,5,กรุงเทพฯ - หนองบัวลำภู;Bangkok – Nong Bua Lamphu,รถโดยสารต่างจังหวัด รถมาตรฐาน 4 (ก) (รถโดยสารสองชั้นปรับอากาศชนิดพิเศษ);Provincial bus First class,3,0C2FFD,กรุงเทพฯ - หนองบัวลำภู,Bangkok – Nong Bua Lamphu,,未提供中文；保留泰文/英文原名,
3,公交车,3320,BT,929 ,กรุงเทพฯ-อำนาจเจริญ-โพธิ์ไทร;Bangkok-Amnat Charoen-Pho Sai,รถโดยสารต่างจังหวัด รถมาตรฐาน 4 (ข)พิเศษ (รถโดยสารสองชั้นปรับอากาศชนิดที่นั่งพิเศษ);Provincial bus Super Class,3,0868FF,กรุงเทพฯ-อำนาจเจริญ-โพธิ์ไทร,Bangkok-Amnat Charoen-Pho Sai,,未提供中文；保留泰文/英文原名,
3,公交车,3321,CNT,990 ,กรุงเทพฯ - ชุมพร (ข);Bangkok - Chumphon,รถโดยสารต่างจังหวัด รถมาตรฐาน 4 (ข) (รถโดยสารสองชั้นปรับอากาศ);Provincial bus Economy Class,3,0696FD,กรุงเทพฯ - ชุมพร (ข),Bangkok - Chumphon,,未提供中文；保留泰文/英文原名,
3,公交车,3322,CNT,993,กรุงเทพฯ - สุราษฎร์ธานี;Bangkok – Surat Thani,รถโดยสารต่างจังหวัด รถมาตรฐาน 4 (ก) (รถโดยสารสองชั้นปรับอากาศชนิดพิเศษ);Provincial bus First class,3,0c2ffd,กรุงเทพฯ - สุราษฎร์ธานี,Bangkok – Surat Thani,,未提供中文；保留泰文/英文原名,
3,公交车,3323,SKT,100 ,กรุงเทพฯ - ศรีสัชนาลัย (สวรรคโลก);Bangkok – Si Satchanalai (Sawankhalok),รถโดยสารต่างจังหวัด รถมาตรฐาน 1 (ข)พิเศษ (รถโดยสารปรับอากาศชั้น 1 ชนิดที่นั่งพิเศษ);Provincial bus Super Class,3,06B9FF,กรุงเทพฯ - ศรีสัชนาลัย (สวรรคโลก),Bangkok – Si Satchanalai (Sawankhalok),,未提供中文；保留泰文/英文原名,
3,公交车,3324,SKT,100,กรุงเทพฯ - ศรีสัชนาลัย (สวรรคโลก);Bangkok – Si Satchanalai (Sawankhalok),รถโดยสารต่างจังหวัด รถมาตรฐาน 4 (ข) (รถโดยสารสองชั้นปรับอากาศ);Provincial bus Economy Class,3,0696FD,กรุงเทพฯ - ศรีสัชนาลัย (สวรรคโลก),Bangkok – Si Satchanalai (Sawankhalok),,未提供中文；保留泰文/英文原名,
3,公交车,3325,WPB,18 ,กรุงเทพฯ-เชียงใหม่ (ข);Bangkok-Chiang Mai,รถโดยสารต่างจังหวัด รถมาตรฐาน 1 (ก) (รถโดยสารปรับอากาศชั้น 1 ชนิดพิเศษ);Provincial bus First class,3,0951f7,กรุงเทพฯ-เชียงใหม่ (ข),Bangkok-Chiang Mai,,未提供中文；保留泰文/英文原名,
3,公交车,3326,BMTA,2-40 (36),อู่พระราม 9 - สี่พระยา;RAMA 9 - Siphaya,รถโดยสารประจำทาง ขสมก รถปรับอากาศ มาตรฐาน 2 ยูโรทู/เทียบเท่า;Bangkok Mass Transit Authority Air Condition Stadard 2 EURO II,3,fe9a2e,อู่พระราม 9 - สี่พระยา,RAMA 9 - Siphaya,,未提供中文；保留泰文/英文原名,
3,公交车,3327,PWD,20 ,กรุงเทพฯ - ขอนแก่น;Bangkok-Khon Kaen,รถโดยสารต่างจังหวัด รถมาตรฐาน 1 (ข)พิเศษ (รถโดยสารปรับอากาศชั้น 1 ชนิดที่นั่งพิเศษ);Provincial bus Super Class,3,06b9ff,กรุงเทพฯ - ขอนแก่น,Bangkok-Khon Kaen,,未提供中文；保留泰文/英文原名,
3,公交车,3328,PWD,933 ,กรุงเทพฯ - ศรีเชียงใหม่;Bangkok – Si Chiang Mai,รถโดยสารต่างจังหวัด รถมาตรฐาน 1 (ข)พิเศษ (รถโดยสารปรับอากาศชั้น 1 ชนิดที่นั่งพิเศษ);Provincial bus Super Class,3,06b9ff,กรุงเทพฯ - ศรีเชียงใหม่,Bangkok – Si Chiang Mai,,未提供中文；保留泰文/英文原名,
3,公交车,3329,PWD,928,กรุงเทพฯ - เกษตรวิสัย - มุกดาหาร;Bangkok – Kaset Wisai – Mukdahan,รถโดยสารต่างจังหวัด รถมาตรฐาน 1 (ข)พิเศษ (รถโดยสารปรับอากาศชั้น 1 ชนิดที่นั่งพิเศษ);Provincial bus Super Class,3,06B9FF,กรุงเทพฯ - เกษตรวิสัย - มุกดาหาร,Bangkok – Kaset Wisai – Mukdahan,,未提供中文；保留泰文/英文原名,
3,公交车,3330,JKT,929,กรุงเทพฯ-อำนาจเจริญ-โพธิ์ไทร;Bangkok-Amnat Charoen-Pho Sai,รถโดยสารต่างจังหวัด รถมาตรฐาน 1 (ข)พิเศษ (รถโดยสารปรับอากาศชั้น 1 ชนิดที่นั่งพิเศษ);Provincial bus Super Class,3,06B9FF,กรุงเทพฯ-อำนาจเจริญ-โพธิ์ไทร,Bangkok-Amnat Charoen-Pho Sai,,未提供中文；保留泰文/英文原名,
3,公交车,3331,TPT,62,กรุงเทพฯ - ขนอม;Bangkok – Khanom,รถโดยสารต่างจังหวัด รถมาตรฐาน 4 (ข) (รถโดยสารสองชั้นปรับอากาศ);Provincial bus Economy Class,3,0696fd,กรุงเทพฯ - ขนอม,Bangkok – Khanom,,未提供中文；保留泰文/英文原名,
3,公交车,3332,TPT,62 ,กรุงเทพฯ - ขนอม;Bangkok – Khanom,รถโดยสารต่างจังหวัด รถมาตรฐาน 4 (ก) (รถโดยสารสองชั้นปรับอากาศชนิดพิเศษ);Provincial bus First class,3,0C2FFD,กรุงเทพฯ - ขนอม,Bangkok – Khanom,,未提供中文；保留泰文/英文原名,
3,公交车,3333,TVT,9908 ,กรุงเทพฯ (จตุจักร) - ตราด (ง);Bangkok - Trat,รถโดยสารต่างจังหวัด รถมาตรฐาน 21จ (มินิบัส);Provincial bus M.21J,3,B16D2F,กรุงเทพฯ (จตุจักร) - ตราด (ง),Bangkok - Trat,,未提供中文；保留泰文/英文原名,
3,公交车,3334,KBE,81,ช่วงกรุงเทพฯ (จตุจักร) - กาญจนบุรี;Bangkok - Kanchanaburi,รถโดยสารต่างจังหวัด รถตู้ (ม.2 จ);Provincial bus City Van,3,07fbfb,ช่วงกรุงเทพฯ (จตุจักร) - กาญจนบุรี,Bangkok - Kanchanaburi,,未提供中文；保留泰文/英文原名,
3,公交车,3335,WH,81,กรุงเทพฯ - พุทธมณฑล - กาญจนบุรี;Bangkok - Phutthamonthon - Kanchanaburi,รถโดยสารต่างจังหวัด รถตู้ (ม.2 จ);Provincial bus City Van,3,07fbfb,กรุงเทพฯ - พุทธมณฑล - กาญจนบุรี,Bangkok - Phutthamonthon - Kanchanaburi,,未提供中文；保留泰文/英文原名,
3,公交车,3337,WMD,9907,กรุงเทพฯ (จตุจักร) - จันทบุรี (ง);Bangkok (Chatuchak) - Chanthaburi,รถโดยสารต่างจังหวัด รถมาตรฐาน 21จ (มินิบัส);Provincial bus M.21J,3,B16D2F,กรุงเทพฯ (จตุจักร) - จันทบุรี (ง),Bangkok (Chatuchak) - Chanthaburi,,未提供中文；保留泰文/英文原名,
3,公交车,3338,SNT,93,กรุงเทพฯ - ตาก (ข);ฺBangkok - Tak,รถโดยสารต่างจังหวัด รถมาตรฐาน 1 (ข) (รถโดยสารปรับอากาศชั้น 1);Provincial bus Economy class,3,09ACF7,กรุงเทพฯ - ตาก (ข),,,未提供中文；保留泰文/英文原名,
3,公交车,3339,PYT,934,กรุงเทพฯ - พนมไพร;Bangkok -  Phanom Phrai,รถโดยสารต่างจังหวัด รถมาตรฐาน 4 (ข) (รถโดยสารสองชั้นปรับอากาศ);Provincial bus Economy Class,3,0696FD,กรุงเทพฯ - พนมไพร,Bangkok -  Phanom Phrai,,未提供中文；保留泰文/英文原名,
3,公交车,3340,VAN,38,ช่วงกรุงเทพฯ (ถนนบรมราชชนนี) - ชลบุรี (ข);Bangkok - Chonburi,รถโดยสารต่างจังหวัด รถมาตรฐาน 21จ (มินิบัส);Provincial bus M.21J,3,B16D2F,ช่วงกรุงเทพฯ (ถนนบรมราชชนนี) - ชลบุรี (ข),Bangkok - Chonburi,,未提供中文；保留泰文/英文原名,
3,公交车,3341,VAN,49,กรุงเทพฯ - บางแสน;Bangkok - Bang Saen,รถโดยสารต่างจังหวัด รถมาตรฐาน 21จ (มินิบัส);Provincial bus M.21J,3,b16d2f,กรุงเทพฯ - บางแสน,Bangkok - Bang Saen,,未提供中文；保留泰文/英文原名,
3,公交车,3342,CUT,10,กรุงเทพฯ - อุทัยธานี;Bangkok - Uthai Thani,รถโดยสารต่างจังหวัด รถตู้ (ม.2 จ);Provincial bus City Van,3,07FBFB,กรุงเทพฯ - อุทัยธานี,Bangkok - Uthai Thani,,未提供中文；保留泰文/英文原名,
3,公交车,3343,RT 789,9906,กรุงเทพฯ (จตุจักร) - บ้านฉาง - ระยอง;Bangkok (Chatuchak) – Ban Chang – Rayong,รถโดยสารต่างจังหวัด รถมาตรฐาน 21จ (มินิบัส);Provincial bus M.21J,3,b16d2f,กรุงเทพฯ (จตุจักร) - บ้านฉาง - ระยอง,Bangkok (Chatuchak) – Ban Chang – Rayong,,未提供中文；保留泰文/英文原名,
3,公交车,3345,RRC,48,กรุงเทพฯ (จตุจักร) - เมืองพัทยา;Bangkok (Chatuchak) - Pattaya City,รถโดยสารต่างจังหวัด รถมาตรฐาน 1 (ข) (รถโดยสารปรับอากาศชั้น 1);Provincial bus Economy class,3,09acf7,กรุงเทพฯ (จตุจักร) - เมืองพัทยา,Bangkok (Chatuchak) - Pattaya City,,未提供中文；保留泰文/英文原名,
3,公交车,3348,NNT,985,ช่วงกรุงเทพฯ (เอกมัย) - ปราณบุรี;Bangkok (Ekkamai) - Pranbur,รถโดยสารต่างจังหวัด รถตู้ (ม.2 จ);Provincial bus City Van,3,07FBFB,ช่วงกรุงเทพฯ (เอกมัย) - ปราณบุรี,Bangkok (Ekkamai) - Pranbur,,未提供中文；保留泰文/英文原名,
3,公交车,3349,SPT,927,กรุงเทพฯ - นาคู;Bangkok - Nakhon Phanom,รถโดยสารต่างจังหวัด รถมาตรฐาน 4 (ข)พิเศษ (รถโดยสารสองชั้นปรับอากาศชนิดที่นั่งพิเศษ);Provincial bus Super Class,3,0868FF,กรุงเทพฯ - นาคู,Bangkok - Nakhon Phanom,,未提供中文；保留泰文/英文原名,
3,公交车,3350,WRT,12,กรุงเทพฯ - ลพบุรี;ฺBangkok - Lop Buri,รถโดยสารต่างจังหวัด รถมาตรฐาน 21จ (มินิบัส);Provincial bus M.21J,3,b16d2f,กรุงเทพฯ - ลพบุรี,,,未提供中文；保留泰文/英文原名,
3,公交车,3351,SCT,37,กรุงเทพฯ - ศรีราชา(ข);Bangkok - Si Racha,รถโดยสารต่างจังหวัด รถมาตรฐาน 1 (ข) (รถโดยสารปรับอากาศชั้น 1);Provincial bus Economy class,3,09acf7,กรุงเทพฯ - ศรีราชา(ข),Bangkok - Si Racha,,未提供中文；保留泰文/英文原名,
3,公交车,3352,SPT,927,กรุงเทพฯ-มุกดาหาร;Bangkok-Mukdahan,รถโดยสารต่างจังหวัด รถมาตรฐาน 4 (ก) (รถโดยสารสองชั้นปรับอากาศชนิดพิเศษ);Provincial bus First class,3,0C2FFD,กรุงเทพฯ-มุกดาหาร,Bangkok-Mukdahan,,未提供中文；保留泰文/英文原名,
3,公交车,3353,CNT,8,กรุงเทพฯ - แสวงหา - ชัยนาท;Bangkok - Sawaeng Ha - Chai Nat,รถโดยสารต่างจังหวัด รถตู้ (ม.2 จ);Provincial bus City Van,3,07FBFB,กรุงเทพฯ - แสวงหา - ชัยนาท,Bangkok - Sawaeng Ha - Chai Nat,,未提供中文；保留泰文/英文原名,
3,公交车,3354,MST,908,กรุงเทพฯ - หันคา;Bangkok - Hankha,รถโดยสารต่างจังหวัด รถมาตรฐาน 21จ (มินิบัส);Provincial bus M.21J,3,B16D2F,กรุงเทพฯ - หันคา,Bangkok - Hankha,,未提供中文；保留泰文/英文原名,
3,公交车,3355,SMT,76,กรุงเทพฯ - พุทธมณฑล - ราชบุรี;Bangkok - Phutthamonthon District - Ratchaburi Province,รถโดยสารต่างจังหวัด รถตู้ (ม.2 จ);Provincial bus City Van,3,07fbfb,กรุงเทพฯ - พุทธมณฑล - ราชบุรี,Bangkok - Phutthamonthon District - Ratchaburi Province,,未提供中文；保留泰文/英文原名,
3,公交车,3356,TVT,917,กรุงเทพฯ - ตราด (ค);Bangkok - Trat,รถโดยสารต่างจังหวัด รถมาตรฐาน 21จ (มินิบัส);Provincial bus M.21J,3,B16D2F,กรุงเทพฯ - ตราด (ค),Bangkok - Trat,,未提供中文；保留泰文/英文原名,
3,公交车,3357,CNT,906,กรุงเทพฯ - ชัยนาท (ข);ฺBangkok - Chainat,รถโดยสารต่างจังหวัด รถมาตรฐาน 21จ (มินิบัส);Provincial bus M.21J,3,B16D2F,กรุงเทพฯ - ชัยนาท (ข),,,未提供中文；保留泰文/英文原名,
3,公交车,3358,CNT,8,กรุงเทพฯ - สรรคบุรี - ชัยนาท;Bangkok - Sankhaburi - Chai Nat,รถโดยสารต่างจังหวัด รถตู้ (ม.2 จ);Provincial bus City Van,3,07fbfb,กรุงเทพฯ - สรรคบุรี - ชัยนาท,Bangkok - Sankhaburi - Chai Nat,,未提供中文；保留泰文/英文原名,
3,公交车,3359,CNT,8,กรุงเทพฯ - สรรคบุรี - ชัยนาท;Bangkok - Sankhaburi - Chai Nat,รถโดยสารต่างจังหวัด รถมาตรฐาน 21จ (มินิบัส);Provincial bus M.21J,3,B16D2F,กรุงเทพฯ - สรรคบุรี - ชัยนาท,Bangkok - Sankhaburi - Chai Nat,,未提供中文；保留泰文/英文原名,
3,公交车,3361,SMT,76,ช่วงกรุงเทพฯ (จตุจักร) - พุทธมณฑล - ราชบุรี;Bangkok - Phutthamonthon District - Ratchaburi Province,รถโดยสารต่างจังหวัด รถตู้ (ม.2 จ);Provincial bus City Van,3,07fbfb,ช่วงกรุงเทพฯ (จตุจักร) - พุทธมณฑล - ราชบุรี,Bangkok - Phutthamonthon District - Ratchaburi Province,,未提供中文；保留泰文/英文原名,
3,公交车,3362,SLT,992,กรุงเทพฯ - หาดใหญ่;Bangkok – Hat Yai,รถโดยสารต่างจังหวัด รถมาตรฐาน 4 (ข)พิเศษ (รถโดยสารสองชั้นปรับอากาศชนิดที่นั่งพิเศษ);Provincial bus Super Class,3,0868ff,กรุงเทพฯ - หาดใหญ่,Bangkok – Hat Yai,,未提供中文；保留泰文/英文原名,
3,公交车,3363,SCT,49,กรุงเทพฯ - บางแสน;ฺBangkok - Bangsaen,รถโดยสารต่างจังหวัด รถมาตรฐาน 21จ (มินิบัส);Provincial bus M.21J,3,B16D2F,กรุงเทพฯ - บางแสน,,,未提供中文；保留泰文/英文原名,
3,公交车,3364,STD,95,กรุงเทพฯ - นครสวรรค์ (ข);Bangkok - Nakhon Sawan,รถโดยสารต่างจังหวัด รถตู้ (ม.2ต);Provincial bus City Van,3,b1d8e4,กรุงเทพฯ - นครสวรรค์ (ข),Bangkok - Nakhon Sawan,,未提供中文；保留泰文/英文原名,
3,公交车,3365,PTT,14 ,กรุงเทพ-หล่มสัก(ข);Bangkok-Lom Sak(B),รถโดยสารต่างจังหวัด รถมาตรฐาน 4 (ข) (รถโดยสารสองชั้นปรับอากาศ);Provincial bus Economy Class,3,0696fd,กรุงเทพ-หล่มสัก(ข),Bangkok-Lom Sak(B),,未提供中文；保留泰文/英文原名,
3,公交车,3366,PTT,14  ,กรุงเทพฯ - หนองบัวแดง;Bangkok – Nong Bua Daeng,รถโดยสารต่างจังหวัด รถมาตรฐาน 4 (ข) (รถโดยสารสองชั้นปรับอากาศ);Provincial bus Economy Class,3,0696fd,กรุงเทพฯ - หนองบัวแดง,Bangkok – Nong Bua Daeng,,未提供中文；保留泰文/英文原名,
3,公交车,3368,VAN,49 ,กรุงเทพฯ(เอกมัย) - บูรพาวิถี - มหาวิทยาลัยบูรพา(ต);Bangkok (Ekkamai) – Burapha Withi  – Burapha University,รถโดยสารต่างจังหวัด รถตู้ (ม.2ต);Provincial bus City Van,3,B1D8E4,กรุงเทพฯ(เอกมัย) - บูรพาวิถี - มหาวิทยาลัยบูรพา(ต),Bangkok (Ekkamai) – Burapha Withi  – Burapha University,,未提供中文；保留泰文/英文原名,
3,公交车,3369,NNT,978,ช่วงกรุงเทพฯ (เอกมัย) - หัวหิน (ข);Bangkok (Ekkamai) - Hua Hin,รถโดยสารต่างจังหวัด รถตู้ (ม.2ต);Provincial bus City Van,3,B1D8E4,ช่วงกรุงเทพฯ (เอกมัย) - หัวหิน (ข),Bangkok (Ekkamai) - Hua Hin,,未提供中文；保留泰文/英文原名,
3,公交车,3370,NNT,978 ,ช่วงกรุงเทพฯ (เอกมัย) - หัวหิน (ข)(ต);Bangkok (Ekkamai) - Hua Hin,รถโดยสารต่างจังหวัด รถตู้ (ม.2ต);Provincial bus City Van,3,b1d8e4,ช่วงกรุงเทพฯ (เอกมัย) - หัวหิน (ข)(ต),Bangkok (Ekkamai) - Hua Hin,,未提供中文；保留泰文/英文原名,
3,公交车,3371,SCD,12,กรุงเทพฯ - บ้านเบิก - ลพบุรี(ต);Bangkok – Ban Boek – Lopburi,รถโดยสารต่างจังหวัด รถตู้ (ม.2ต);Provincial bus City Van,3,b1d8e4,กรุงเทพฯ - บ้านเบิก - ลพบุรี(ต),Bangkok – Ban Boek – Lopburi,,未提供中文；保留泰文/英文原名,
3,公交车,3372,NEX,40,กรุงเทพฯ - ฉะเชิงเทรา (ข);Bangkok – Chachoengsao,รถโดยสารต่างจังหวัด รถตู้ (ม.2 จ);Provincial bus City Van,3,07FBFB,กรุงเทพฯ - ฉะเชิงเทรา (ข),Bangkok – Chachoengsao,,未提供中文；保留泰文/英文原名,
3,公交车,3376,NEX,55,กรุงเทพฯ - บางคล้า (ก);Bangkok – Bang Khla,รถโดยสารต่างจังหวัด รถมาตรฐาน 21จ (มินิบัส);Provincial bus M.21J,3,B16D2F,กรุงเทพฯ - บางคล้า (ก),Bangkok – Bang Khla,,未提供中文；保留泰文/英文原名,
3,公交车,3377,NEX,39,กรุงเทพฯ - บางคล้า (ข);Bangkok – Bang Khla,รถโดยสารต่างจังหวัด รถตู้ (ม.2 จ);Provincial bus City Van,3,07FBFB,กรุงเทพฯ - บางคล้า (ข),Bangkok – Bang Khla,,未提供中文；保留泰文/英文原名,
3,公交车,3378,NEX,35 ,กรุงเทพฯ - ระยอง;Bangkok – Rayong,รถโดยสารต่างจังหวัด รถมาตรฐาน 21จ (มินิบัส);Provincial bus M.21J,3,b16d2f,กรุงเทพฯ - ระยอง,Bangkok – Rayong,,未提供中文；保留泰文/英文原名,
3,公交车,3379,NEX,52,กรุงเทพฯ (จตุจักร) - กองบัญชาการช่วยรบที่ 1;Bangkok – 1st Combat Support Command,รถโดยสารต่างจังหวัด รถตู้ (ม.2 จ);Provincial bus City Van,3,07fbfb,กรุงเทพฯ (จตุจักร) - กองบัญชาการช่วยรบที่ 1,Bangkok – 1st Combat Support Command,,未提供中文；保留泰文/英文原名,
3,公交车,3380,NEX,9904  ,กรุงเทพฯ (จตุจักร) - ชลบุรี (ค);Bangkok - Chonburi ,รถโดยสารต่างจังหวัด รถตู้ (ม.2 จ);Provincial bus City Van,3,07FBFB,กรุงเทพฯ (จตุจักร) - ชลบุรี (ค),Bangkok - Chonburi,,未提供中文；保留泰文/英文原名,
3,公交车,3381,NEX,9910,กรุงเทพฯ (จตุจักร) - บางคล้า;Bangkok (Chatuchak) – Bang Khla,รถโดยสารต่างจังหวัด รถตู้ (ม.2 จ);Provincial bus City Van,3,07fbfb,กรุงเทพฯ (จตุจักร) - บางคล้า,Bangkok (Chatuchak) – Bang Khla,,未提供中文；保留泰文/英文原名,
3,公交车,3382,NNT,978,ช่วงกรุงเทพฯ (เอกมัย) - หัวหิน (ข);Bangkok (Ekkamai) - Hua Hin,รถโดยสารต่างจังหวัด รถมาตรฐาน 2 (จ) ที่ไม่ใช่รถตู้โดยสาร (รถโดยสารปรับอากาศชั้น 2 ไม่เกิน 20 ที่นั่ง ที่ไม่ใช่รถตู้โดยสาร);Provincial bus economy,3,e69e9e,ช่วงกรุงเทพฯ (เอกมัย) - หัวหิน (ข),Bangkok (Ekkamai) - Hua Hin,,未提供中文；保留泰文/英文原名,
3,公交车,3385,NEX,52 ,กรุงเทพฯ (จตุจักร) - พนัสนิคม;Bangkok (Chatuchak) – Phanat Nikhom,รถโดยสารต่างจังหวัด รถตู้ (ม.2 จ);Provincial bus City Van,3,07fbfb,กรุงเทพฯ (จตุจักร) - พนัสนิคม,Bangkok (Chatuchak) – Phanat Nikhom,,未提供中文；保留泰文/英文原名,
3,公交车,3386,NEX,37,กรุงเทพฯ (จตุจักร) - ศรีราชา;Bangkok (Chatuchak) – Si Racha,รถโดยสารต่างจังหวัด รถตู้ (ม.2 จ);Provincial bus City Van,3,07fbfb,กรุงเทพฯ (จตุจักร) - ศรีราชา,Bangkok (Chatuchak) – Si Racha,,未提供中文；保留泰文/英文原名,
3,公交车,3387,NNT,979,ช่วงกรุงเทพฯ (เอกมัย) - ประจวบคีรีขันธ์;Bangkok (Ekkamai) - Prachuap Khiri Khan,รถโดยสารต่างจังหวัด รถมาตรฐาน 2 (จ) ที่ไม่ใช่รถตู้โดยสาร (รถโดยสารปรับอากาศชั้น 2 ไม่เกิน 20 ที่นั่ง ที่ไม่ใช่รถตู้โดยสาร);Provincial bus economy,3,e69e9e,ช่วงกรุงเทพฯ (เอกมัย) - ประจวบคีรีขันธ์,Bangkok (Ekkamai) - Prachuap Khiri Khan,,未提供中文；保留泰文/英文原名,
3,公交车,3388,NNT,979,ช่วงกรุงเทพฯ (เอกมัย) - ประจวบคีรีขันธ์;Bangkok (Ekkamai) - Prachuap Khiri Khan,รถโดยสารต่างจังหวัด รถมาตรฐาน 2 (ค) (รถโดยสารปรับอากาศชั้น 2 ตั้งแต่ 21-30 ที่นั่ง);Provincial bus economy,3,581088,ช่วงกรุงเทพฯ (เอกมัย) - ประจวบคีรีขันธ์,Bangkok (Ekkamai) - Prachuap Khiri Khan,,未提供中文；保留泰文/英文原名,
3,公交车,3389,SCT,908,กรุงเทพฯ - หันคา;Bangkok – Hankha,รถโดยสารต่างจังหวัด รถมาตรฐาน 21จ (มินิบัส);Provincial bus M.21J,3,b16d2f,กรุงเทพฯ - หันคา,Bangkok – Hankha,,未提供中文；保留泰文/英文原名,
3,公交车,3390,NNT,985,ช่วงกรุงเทพฯ (เอกมัย) - ปราณบุรี;Bangkok (Ekkamai) - Pranbur,รถโดยสารต่างจังหวัด รถมาตรฐาน 2 (ค) (รถโดยสารปรับอากาศชั้น 2 ตั้งแต่ 21-30 ที่นั่ง);Provincial bus economy,3,581088,ช่วงกรุงเทพฯ (เอกมัย) - ปราณบุรี,Bangkok (Ekkamai) - Pranbur,,未提供中文；保留泰文/英文原名,
3,公交车,3391,WPT,977,กรุงเทพฯ - เพชรบุรี (ข);ฺBangkok - Phetchaburi,รถโดยสารต่างจังหวัด รถมาตรฐาน 2 (จ) ที่ไม่ใช่รถตู้โดยสาร (รถโดยสารปรับอากาศชั้น 2 ไม่เกิน 20 ที่นั่ง ที่ไม่ใช่รถตู้โดยสาร);Provincial bus economy,3,E69E9E,กรุงเทพฯ - เพชรบุรี (ข),,,未提供中文；保留泰文/英文原名,
3,公交车,3392,PRT,77,กรุงเทพ - โพธาราม;ฺBangkok - Photharam,รถโดยสารต่างจังหวัด รถมาตรฐาน 21จ (มินิบัส);Provincial bus M.21J,3,B16D2F,กรุงเทพ - โพธาราม,,,未提供中文；保留泰文/英文原名,
3,公交车,3393,CCT,921,กรุงเทพฯ - องครักษ์ - กบินทร์บุรี(ต);Bangkok – Ongkharak – Kabin Buri,รถโดยสารต่างจังหวัด รถตู้ (ม.2ต);Provincial bus City Van,3,b1d8e4,กรุงเทพฯ - องครักษ์ - กบินทร์บุรี(ต),Bangkok – Ongkharak – Kabin Buri,,未提供中文；保留泰文/英文原名,
3,公交车,3394,SKT,58,กรุงเทพฯ - องครักษ์ - นครนายก;Bangkok - Ongkharak - Nakhon Nayok,รถโดยสารต่างจังหวัด รถมาตรฐาน 21จ (มินิบัส);Provincial bus M.21J,3,b16d2f,กรุงเทพฯ - องครักษ์ - นครนายก,Bangkok - Ongkharak - Nakhon Nayok,,未提供中文；保留泰文/英文原名,
3,公交车,3395,MST,81 ,กรุงเทพฯ - กาญจนบุรี(ต);Bangkok - Kanchanaburi,รถโดยสารต่างจังหวัด รถตู้ (ม.2ต);Provincial bus City Van,3,B1D8E4,กรุงเทพฯ - กาญจนบุรี(ต),Bangkok - Kanchanaburi,,未提供中文；保留泰文/英文原名,
3,公交车,3396,MST,81  ,กรุงเทพฯ - พุทธมณฑล - กาญจนบุรี;Bangkok - Phutthamonthon - Kanchanaburi,รถโดยสารต่างจังหวัด รถตู้ (ม.2 จ);Provincial bus City Van,3,07fbfb,กรุงเทพฯ - พุทธมณฑล - กาญจนบุรี,Bangkok - Phutthamonthon - Kanchanaburi,,未提供中文；保留泰文/英文原名,
3,公交车,3397,RTC,95,กรุงเทพฯ - บรรพตพิสัย;Bangkok - Banphot Phisai,รถโดยสารต่างจังหวัด รถตู้ (ม.2ต);Provincial bus City Van,3,B1D8E4,กรุงเทพฯ - บรรพตพิสัย,Bangkok - Banphot Phisai,,未提供中文；保留泰文/英文原名,
3,公交车,3398,SBT,905,กรุงเทพฯ - สิงห์บุรี (ข);Bangkok - Sing Buri,รถโดยสารต่างจังหวัด รถตู้ (ม.2 จ);Provincial bus City Van,3,07FBFB,กรุงเทพฯ - สิงห์บุรี (ข),Bangkok - Sing Buri,,未提供中文；保留泰文/英文原名,
3,公交车,3399,HPT,985,กรุงเทพฯ - ปราณบุรี (ข);Bangkok - Pranburi,รถโดยสารต่างจังหวัด รถมาตรฐาน 21จ (มินิบัส);Provincial bus M.21J,3,B16D2F,กรุงเทพฯ - ปราณบุรี (ข),Bangkok - Pranburi,,未提供中文；保留泰文/英文原名,
3,公交车,3400,HPT,978,กรุงเทพฯ - หัวหิน (ข);Bangkok - Hua Hin,รถโดยสารต่างจังหวัด รถมาตรฐาน 21จ (มินิบัส);Provincial bus M.21J,3,b16d2f,กรุงเทพฯ - หัวหิน (ข),Bangkok - Hua Hin,,未提供中文；保留泰文/英文原名,
3,公交车,3401,SBT,905,กรุงเทพฯ - สิงห์บุรี (ข);Bangkok - Sing Buri,รถโดยสารต่างจังหวัด รถมาตรฐาน 21จ (มินิบัส);Provincial bus M.21J,3,B16D2F,กรุงเทพฯ - สิงห์บุรี (ข),Bangkok - Sing Buri,,未提供中文；保留泰文/英文原名,
3,公交车,3402,SPY,48,กรุงเทพฯ (จตุจักร) - เมืองพัทยา (ต);Bangkok (Chatuchak) - Pattaya City,รถโดยสารต่างจังหวัด รถตู้ (ม.2ต);Provincial bus City Van,3,B1D8E4,กรุงเทพฯ (จตุจักร) - เมืองพัทยา (ต),Bangkok (Chatuchak) - Pattaya City,,未提供中文；保留泰文/英文原名,
3,公交车,3403,GOF,81,กรุงเทพฯ - กาญจนบุรี;ฺBangkok - Kanchanaburi,รถโดยสารต่างจังหวัด รถมาตรฐาน 2 (รถโดยสารปรับอากาศชั้น 2);Provincial bus bus,3,06FFC7,กรุงเทพฯ - กาญจนบุรี,,,未提供中文；保留泰文/英文原名,
3,公交车,3404,SLT,992,กรุงเทพฯ - หาดใหญ่;Bangkok – Hat Yai,รถโดยสารต่างจังหวัด รถมาตรฐาน 4 (ก) (รถโดยสารสองชั้นปรับอากาศชนิดพิเศษ);Provincial bus First class,3,0C2FFD,กรุงเทพฯ - หาดใหญ่,Bangkok – Hat Yai,,未提供中文；保留泰文/英文原名,
3,公交车,3405,SLT,992,กรุงเทพฯ - ด่านนอก;Bangkok – Dan Nok,รถโดยสารต่างจังหวัด รถมาตรฐาน 4 (ข)พิเศษ (รถโดยสารสองชั้นปรับอากาศชนิดที่นั่งพิเศษ);Provincial bus Super Class,3,0868ff,กรุงเทพฯ - ด่านนอก,Bangkok – Dan Nok,,未提供中文；保留泰文/英文原名,
3,公交车,3406,SMT,76,กรุงเทพฯ - ราชบุรี;Bangkok - Ratchaburi Province,รถโดยสารต่างจังหวัด รถตู้ (ม.2 จ);Provincial bus City Van,3,07fbfb,กรุงเทพฯ - ราชบุรี,Bangkok - Ratchaburi Province,,未提供中文；保留泰文/英文原名,
3,公交车,3408,MST,9918,กรุงเทพฯ - กาญจนบุรี(ต);ฺฺBangkok - Kanchanaburi,รถโดยสารต่างจังหวัด รถตู้ (ม.2ต);Provincial bus City Van,3,B1D8E4,กรุงเทพฯ - กาญจนบุรี(ต),,,未提供中文；保留泰文/英文原名,
3,公交车,3409,SKT,965,กรุงเทพฯ - บ้านด่านลานหอย;ิBangkok - Ban Dan Lan Hoi,รถโดยสารต่างจังหวัด รถมาตรฐาน 1 (ข)พิเศษ (รถโดยสารปรับอากาศชั้น 1 ชนิดที่นั่งพิเศษ);Provincial bus Super Class,3,06B9FF,กรุงเทพฯ - บ้านด่านลานหอย,,,未提供中文；保留泰文/英文原名,
3,公交车,3410,NSRT,981,กรุงเทพฯ - นครศรีธรรมราช - ปากพนัง;Bangkok-Nakhon Si Thammarat -Pak Phanang,รถโดยสารต่างจังหวัด รถมาตรฐาน 4 (ข) (รถโดยสารสองชั้นปรับอากาศ);Provincial bus Economy Class,3,0696fd,กรุงเทพฯ - นครศรีธรรมราช - ปากพนัง,Bangkok-Nakhon Si Thammarat -Pak Phanang,,未提供中文；保留泰文/英文原名,
3,公交车,3411,TVT,9908,กรุงเทพฯ (จตุจักร) - ตราด (ง);Bangkok - Trat,รถโดยสารต่างจังหวัด รถมาตรฐาน 24จ;Provincial bus Minibus,3,FBCBA4,กรุงเทพฯ (จตุจักร) - ตราด (ง),Bangkok - Trat,,未提供中文；保留泰文/英文原名,
3,公交车,3412,SKT,912,กรุงเทพฯ - อุตรดิตถ์ (ข);ฺBangkok - Uttaradit,รถโดยสารต่างจังหวัด รถมาตรฐาน 1 (ข)พิเศษ (รถโดยสารปรับอากาศชั้น 1 ชนิดที่นั่งพิเศษ);Provincial bus Super Class,3,06B9FF,กรุงเทพฯ - อุตรดิตถ์ (ข),,,未提供中文；保留泰文/英文原名,
3,公交车,3413,BMTA,1-57 (519),มีนบุรี - ท่าเรือคลองเตย;Minburi - Khlong Toei Port,รถโดยสารประจำทาง ขสมก รถธรรมดา มาตรฐาน 3;Bangkok Mass Transit Authority Ordinary Standard 3,3,FF0000,มีนบุรี - ท่าเรือคลองเตย,Minburi - Khlong Toei Port,,未提供中文；保留泰文/英文原名,
3,公交车,3414,BMTA,3-24E (536),ปากน้ำ - สถานีขนส่งผู้โดยสารกรุงเทพ (จตุจักร) หมอชิต 2 (ทางด่วน);Pak nam - Bangkok Bus Terminal (Chatuchak) (Mo Chit 2),รถโดยสารประจำทาง ขสมก รถปรับอากาศ BLK (ทางด่วน);Bangkok Mass Transit Authority Air Condition BLK (expressway),3,05ADFB,ปากน้ำ - สถานีขนส่งผู้โดยสารกรุงเทพ (จตุจักร) หมอชิต 2 (ทางด่วน),Pak nam - Bangkok Bus Terminal (Chatuchak) (Mo Chit 2),,未提供中文；保留泰文/英文原名,
3,公交车,3415,BMTA,1-22E (522),อู่รังสิต - อนุสาวรีย์ชัยสมรภูมิ;Rangsit - Victory Monument,รถโดยสารประจำทาง ขสมก รถธรรมดา มาตรฐาน 3;Bangkok Mass Transit Authority Ordinary Standard 3,3,FF0000,อู่รังสิต - อนุสาวรีย์ชัยสมรภูมิ,Rangsit - Victory Monument,,未提供中文；保留泰文/英文原名,
3,公交车,3416,BMTA,1-57 (519),มีนบุรี - ท่าเรือคลองเตย;Minburi - Khlong Toei Port,รถโดยสารประจำทาง ขสมก รถปรับอากาศ มาตรฐาน 2 ยูโรทู/เทียบเท่า;Bangkok Mass Transit Authority Air Condition Stadard 2 EURO II,3,FE9A2E,มีนบุรี - ท่าเรือคลองเตย,Minburi - Khlong Toei Port,,未提供中文；保留泰文/英文原名,
3,公交车,3417,BMTA,1-55E (514E),มีนบุรี - ท่าเรือสี่พระยา (ทางด่วน);Minburi - Si Phraya,รถโดยสารประจำทาง ขสมก รถปรับอากาศ BLK (ทางด่วน);Bangkok Mass Transit Authority Air Condition BLK (expressway),3,05ADFB,มีนบุรี - ท่าเรือสี่พระยา (ทางด่วน),Minburi - Si Phraya,,未提供中文；保留泰文/英文原名,
3,公交车,3418,BMTA,1-54 (514),มีนบุรี - สถานีรถไฟฟ้าลุมพินี;Minburi - MRT Lumphini,รถโดยสารประจำทาง ขสมก รถปรับอากาศ BLK;Bangkok Mass Transit Authority Air Condition BLK,3,05ADFB,มีนบุรี - สถานีรถไฟฟ้าลุมพินี,Minburi - MRT Lumphini,,未提供中文；保留泰文/英文原名,
3,公交车,3419,BMTA,1-54 (514),มีนบุรี - สถานีรถไฟฟ้าลุมพินี;Minburi - MRT Lumphini,รถโดยสารประจำทาง ขสมก รถปรับอากาศ;Bangkok Mass Transit Authority Air Condition,3,0000E6,มีนบุรี - สถานีรถไฟฟ้าลุมพินี,Minburi - MRT Lumphini,,未提供中文；保留泰文/英文原名,
3,公交车,3420,BMTA,1-20E (510E),ม.ธรรมศาสตร์ (ศูนย์รังสิต) - อนุสาวรีย์ชัยสมรภูมิ (ทางด่วน);Thammasat Rangsit - Victory Monument (Expressway),รถโดยสารประจำทาง ขสมก รถปรับอากาศ BLK (ทางด่วน);Bangkok Mass Transit Authority Air Condition BLK (expressway),3,05ADFB,ม.ธรรมศาสตร์ (ศูนย์รังสิต) - อนุสาวรีย์ชัยสมรภูมิ (ทางด่วน),Thammasat Rangsit - Victory Monument (Expressway),,未提供中文；保留泰文/英文原名,
3,公交车,3422,BMTA,1-53 (501),หมู่บ้านนักกีฬาแหลมทอง - ท่าช้าง;Nakkila Laem Thong Village - Tha Chang,รถโดยสารประจำทาง ขสมก รถปรับอากาศ;Bangkok Mass Transit Authority Air Condition,3,0000E6,หมู่บ้านนักกีฬาแหลมทอง - ท่าช้าง,Nakkila Laem Thong Village - Tha Chang,,未提供中文；保留泰文/英文原名,
3,公交车,3423,BMTA,2-52 (204),หมอชิต 2 - ท่าน้ำราชวงศ์;Mochit - Ratchawong Pier,รถโดยสารประจำทาง ขสมก รถธรรมดา มาตรฐาน 3;Bangkok Mass Transit Authority Ordinary Standard 3,3,ff0000,หมอชิต 2 - ท่าน้ำราชวงศ์,Mochit - Ratchawong Pier,,未提供中文；保留泰文/英文原名,
3,公交车,3425,BMTA,3-48 (137),วงกลมรัชดาภิเษก - รามคำแหง (วนซ้าย);CircleRatchadapisek - Ramkhamhaeng,รถโดยสารประจำทาง ขสมก รถธรรมดา มาตรฐาน 3;Bangkok Mass Transit Authority Ordinary Standard 3,3,ff0000,วงกลมรัชดาภิเษก - รามคำแหง (วนซ้าย),CircleRatchadapisek - Ramkhamhaeng,,未提供中文；保留泰文/英文原名,
3,公交车,3426,BMTA,3-48 (137),วงกลมรัชดาภิเษก - รามคำแหง (วนขวา);CircleRatchadapisek - Ramkhamhaeng,รถโดยสารประจำทาง ขสมก รถธรรมดา มาตรฐาน 3;Bangkok Mass Transit Authority Ordinary Standard 3,3,ff0000,วงกลมรัชดาภิเษก - รามคำแหง (วนขวา),CircleRatchadapisek - Ramkhamhaeng,,未提供中文；保留泰文/英文原名,
3,公交车,3427,BMTA,1-14E,บางเขน - สำโรง (ทางด่วน);Samrong - Bangkhen,รถโดยสารประจำทาง ขสมก รถปรับอากาศ BLK (ทางด่วน);Bangkok Mass Transit Authority Air Condition BLK (expressway),3,05ADFB,บางเขน - สำโรง (ทางด่วน),Samrong - Bangkhen,,未提供中文；保留泰文/英文原名,
3,公交车,3428,JJR,947 ,กรุงเทพฯ - บุรีรัมย์ - อุบลราชธานี;Bangkok – Buri Ram – Ubon Ratchathani,รถโดยสารต่างจังหวัด รถมาตรฐาน 4 (ข)พิเศษ (รถโดยสารสองชั้นปรับอากาศชนิดที่นั่งพิเศษ);Provincial bus Super Class,3,0868FF,กรุงเทพฯ - บุรีรัมย์ - อุบลราชธานี,Bangkok – Buri Ram – Ubon Ratchathani,,未提供中文；保留泰文/英文原名,
3,公交车,3429,MRTA,MRTA SHUTTLE BUS,สถานีศูนย์วัฒนธรรม - สถานี รฟม.;Thailand Cultural Center - MRTA Station,รถโดยสาร MRTA รถปรับอากาศ;MRTA Bus Bus,3,0A276C,สถานีศูนย์วัฒนธรรม - สถานี รฟม.,Thailand Cultural Center - MRTA Station,,未提供中文；保留泰文/英文原名,
3,公交车,3431,999 TWT,9905,กรุงเทพฯ (จตุจักร) - ศรีราชา - เมืองพัทยา (ต);Bangkok (Chatuchak) - Si Racha - Pattaya City,รถโดยสารต่างจังหวัด รถตู้ (ม.2ต);Provincial bus City Van,3,B1D8E4,กรุงเทพฯ (จตุจักร) - ศรีราชา - เมืองพัทยา (ต),Bangkok (Chatuchak) - Si Racha - Pattaya City,,未提供中文；保留泰文/英文原名,
3,公交车,3432,JJR,7,กรุงเทพฯ - บ้านช่องเม็ก;Bangkok – Ban Chong Mek,รถโดยสารต่างจังหวัด รถมาตรฐาน 1 (ก) (รถโดยสารปรับอากาศชั้น 1 ชนิดพิเศษ);Provincial bus First class,3,0951F7,กรุงเทพฯ - บ้านช่องเม็ก,Bangkok – Ban Chong Mek,,未提供中文；保留泰文/英文原名,
3,公交车,3433,JKT,943,กรุงเทพฯ - บึงกาฬ;ฺBangkok - Bueng Kan,รถโดยสารต่างจังหวัด รถมาตรฐาน 4 (ข) (รถโดยสารสองชั้นปรับอากาศ);Provincial bus Economy Class,3,0696FD,กรุงเทพฯ - บึงกาฬ,,,未提供中文；保留泰文/英文原名,
3,公交车,3434,PPK,915,กรุงเทพฯ (จตุจักร) - มอเตอร์เวย์ - บ้านเพ;Bangkok (Chatuchak) - Motorway - Ban Phe,รถโดยสารต่างจังหวัด รถตู้ (ม.2ต);Provincial bus City Van,3,B1D8E4,กรุงเทพฯ (จตุจักร) - มอเตอร์เวย์ - บ้านเพ,Bangkok (Chatuchak) - Motorway - Ban Phe,,未提供中文；保留泰文/英文原名,
3,公交车,3435,BMTA,A4,สนามบินดอนเมือง - สนามหลวง (ทางด่วน);Donmueng Airport - Sanamluang (expressway),รถโดยสารประจำทาง ขสมก รถปรับอากาศ BLK;Bangkok Mass Transit Authority Air Condition BLK,3,05adfb,สนามบินดอนเมือง - สนามหลวง (ทางด่วน),Donmueng Airport - Sanamluang (expressway),,未提供中文；保留泰文/英文原名,
3,公交车,3437,BMTA,3-46 (72),คลองเตย - เทเวศร์;Klongtoey - Thewet,รถโดยสารประจำทาง ขสมก รถปรับอากาศ;Bangkok Mass Transit Authority Air Condition,3,0000E6,คลองเตย - เทเวศร์,Klongtoey - Thewet,,未提供中文；保留泰文/英文原名,
3,公交车,3439,BMTA,4-12 (68),แสมดำ - บางลำพู;Samae Dam - Bang Lamphu,รถโดยสารประจำทาง ขสมก รถปรับอากาศ BLK;Bangkok Mass Transit Authority Air Condition BLK,3,05adfb,แสมดำ - บางลำพู,Samae Dam - Bang Lamphu,,未提供中文；保留泰文/英文原名,
3,公交车,3440,BMTA,3-43 (67),วัดเสมียนนารี - เซ็นทรัลพระราม 3;Temple Samiennaree - Central Rama 3,รถโดยสารประจำทาง ขสมก รถปรับอากาศ BLK;Bangkok Mass Transit Authority Air Condition BLK,3,05ADFB,วัดเสมียนนารี - เซ็นทรัลพระราม 3,Temple Samiennaree - Central Rama 3,,未提供中文；保留泰文/英文原名,
3,公交车,3441,BMTA,1-35E (26E),มีนบุรี - อนุสาวรีย์ชัยสมรภูมิ (ทางด่วน);Minburi - Victory Monument,รถโดยสารประจำทาง ขสมก รถธรรมดา มาตรฐาน 3;Bangkok Mass Transit Authority Ordinary Standard 3,3,FF0000,มีนบุรี - อนุสาวรีย์ชัยสมรภูมิ (ทางด่วน),Minburi - Victory Monument,,未提供中文；保留泰文/英文原名,
3,公交车,3442,PWD,938,กรุงเทพฯ - ขอนแก่น - เลย;Bangkok - Khon Kaen - Loei,รถโดยสารต่างจังหวัด รถมาตรฐาน 1 (ข) (รถโดยสารปรับอากาศชั้น 1);Provincial bus Economy class,3,09ACF7,กรุงเทพฯ - ขอนแก่น - เลย,Bangkok - Khon Kaen - Loei,,未提供中文；保留泰文/英文原名,
3,公交车,3443,BMTA,3-7E (25),แพรกษาบ่อดิน - สนามหลวง;Phraeksa Bo Din - Sanam Luang,รถโดยสารประจำทาง ขสมก รถปรับอากาศ BLK (ทางด่วน);Bangkok Mass Transit Authority Air Condition BLK (expressway),3,05ADFB,แพรกษาบ่อดิน - สนามหลวง,Phraeksa Bo Din - Sanam Luang,,未提供中文；保留泰文/英文原名,
3,公交车,3444,BMTA,3-7E (25),แพรกษาบ่อดิน - สนามหลวง;Phraeksa Bo Din - Sanam Luang,รถโดยสารประจำทาง ขสมก รถธรรมดา มาตรฐาน 3;Bangkok Mass Transit Authority Ordinary Standard 3,3,FF0000,แพรกษาบ่อดิน - สนามหลวง,Phraeksa Bo Din - Sanam Luang,,未提供中文；保留泰文/英文原名,
3,公交车,3445,BMTA,3-4E (23E),ปากน้ำ - เทเวศร์ (ทางด่วน);Paknam - Thewet,รถโดยสารประจำทาง ขสมก รถธรรมดา มาตรฐาน 3;Bangkok Mass Transit Authority Ordinary Standard 3,3,ff0000,ปากน้ำ - เทเวศร์ (ทางด่วน),Paknam - Thewet,,未提供中文；保留泰文/英文原名,
3,公交车,3446,BMTA,4-2 (15),วงกลมBRT ราชพฤกษ์ - บางลำพู - สยาม (วนซ้าย);BRT Ratchapruek - Bang Lamphu - Siam,รถโดยสารประจำทาง ขสมก รถปรับอากาศ มาตรฐาน 2 ยูโรทู/เทียบเท่า;Bangkok Mass Transit Authority Air Condition Stadard 2 EURO II,3,FE9A2E,วงกลมBRT ราชพฤกษ์ - บางลำพู - สยาม (วนซ้าย),BRT Ratchapruek - Bang Lamphu - Siam,,未提供中文；保留泰文/英文原名,
3,公交车,3447,BMTA,4-2 (15),วงกลมBRT ราชพฤกษ์ - บางลำพู - สยาม (วนขวา);BRT Ratchapruek - Bang Lamphu - Siam,รถโดยสารประจำทาง ขสมก รถปรับอากาศ มาตรฐาน 2 ยูโรทู/เทียบเท่า;Bangkok Mass Transit Authority Air Condition Stadard 2 EURO II,3,FE9A2E,วงกลมBRT ราชพฤกษ์ - บางลำพู - สยาม (วนขวา),BRT Ratchapruek - Bang Lamphu - Siam,,未提供中文；保留泰文/英文原名,
3,公交车,3448,PWD,938,กรุงเทพฯ - บัวใหญ่ - เลย;Bangkok - Buayai - Loei,รถโดยสารต่างจังหวัด รถมาตรฐาน 1 (ข) (รถโดยสารปรับอากาศชั้น 1);Provincial bus Economy class,3,09acf7,กรุงเทพฯ - บัวใหญ่ - เลย,Bangkok - Buayai - Loei,,未提供中文；保留泰文/英文原名,
3,公交车,3450,BMTA,2-37 (3),คลองสาน - กรุงเทพอถิวัฒน์;Klongsan - Krung Thep Aphiwat,รถโดยสารประจำทาง ขสมก รถปรับอากาศ มาตรฐาน 2 ยูโรทู/เทียบเท่า;Bangkok Mass Transit Authority Air Condition Stadard 2 EURO II,3,fe9a2e,คลองสาน - กรุงเทพอถิวัฒน์,Klongsan - Krung Thep Aphiwat,,未提供中文；保留泰文/英文原名,
3,公交车,3451,BMTA,2-36,วัดคลองเสมียนตรา - ศูนย์ราชการฯ แจ้งวัฒนะ;Wat Khlong Samian Tra - Government Complex,รถโดยสารประจำทาง ขสมก รถปรับอากาศ มาตรฐาน 2 ยูโรทู/เทียบเท่า;Bangkok Mass Transit Authority Air Condition Stadard 2 EURO II,3,fe9a2e,วัดคลองเสมียนตรา - ศูนย์ราชการฯ แจ้งวัฒนะ,Wat Khlong Samian Tra - Government Complex,,未提供中文；保留泰文/英文原名,
3,公交车,3452,BMTA,2-29,MRT คลองบางไผ่ - เซ็นทรัลพระราม 2;MRT Khlong BangPhai - Central Rama 2,รถโดยสารประจำทาง ขสมก รถปรับอากาศ;Bangkok Mass Transit Authority Air Condition,3,0000E6,MRT คลองบางไผ่ - เซ็นทรัลพระราม 2,MRT Khlong BangPhai - Central Rama 2,,未提供中文；保留泰文/英文原名,
3,公交车,3453,BMTA,1-50,เคหะร่มเกล้า - อนุสาวรีย์ชัยสมรภูมิ;National Housing Authority Rom Klao - Victory Monument,รถโดยสารประจำทาง ขสมก รถธรรมดา มาตรฐาน 3;Bangkok Mass Transit Authority Ordinary Standard 3,3,FF0000,เคหะร่มเกล้า - อนุสาวรีย์ชัยสมรภูมิ,National Housing Authority Rom Klao - Victory Monument,,未提供中文；保留泰文/英文原名,
3,公交车,3454,HIN,97,กรุงเทพฯ - สว่างแดนดิน - บ้านม่วง; Bangkok - Sawang Daen Din - Ban Muang,รถโดยสารต่างจังหวัด รถมาตรฐาน 4 (ข)พิเศษ (รถโดยสารสองชั้นปรับอากาศชนิดที่นั่งพิเศษ);Provincial bus Super Class,3,0868FF,กรุงเทพฯ - สว่างแดนดิน - บ้านม่วง,Bangkok - Sawang Daen Din - Ban Muang,,未提供中文；保留泰文/英文原名,
3,公交车,3455,CDT,959,กรุงเทพฯ - ชุมแสง - บางมูลนาก;Bangkok - Chum Saeng - Bang Mun Nak,รถโดยสารต่างจังหวัด รถตู้ (ม.2 จ);Provincial bus City Van,3,07FBFB,กรุงเทพฯ - ชุมแสง - บางมูลนาก,Bangkok - Chum Saeng - Bang Mun Nak,,未提供中文；保留泰文/英文原名,
3,公交车,3456,CCT,921,กรุงเทพฯ - องครักษ์ - อรัญประเทศ;Bangkok – Ongkharak – Aranyaprathet,รถโดยสารต่างจังหวัด รถตู้ (ม.2 จ);Provincial bus City Van,3,07FBFB,กรุงเทพฯ - องครักษ์ - อรัญประเทศ,Bangkok – Ongkharak – Aranyaprathet,,未提供中文；保留泰文/英文原名,
3,公交车,3457,CNT,23,กรุงเทพฯ - หนองคาย;Bangkok - Nong Khai,รถโดยสารต่างจังหวัด รถมาตรฐาน 4 (ข) (รถโดยสารสองชั้นปรับอากาศ);Provincial bus Economy Class,3,0696FD,กรุงเทพฯ - หนองคาย,Bangkok - Nong Khai,,未提供中文；保留泰文/英文原名,
3,公交车,3458,BT,13,กรุงเทพฯ - บ้านท่าตอน;Bangkok - Ban Tha Ton,รถโดยสารต่างจังหวัด รถมาตรฐาน 4 (ข) (รถโดยสารสองชั้นปรับอากาศ);Provincial bus Economy Class,3,0696FD,กรุงเทพฯ - บ้านท่าตอน,Bangkok - Ban Tha Ton,,未提供中文；保留泰文/英文原名,
3,公交车,3459,RT 789,35,กรุงเทพฯ (ถนนบรมราชชนนี) - บ้านมาบตาพุด - ระยอง;Bangkok (Borommaratchachonnani Road) – Map Ta Phut – Rayong,รถโดยสารต่างจังหวัด รถมาตรฐาน 21จ (มินิบัส);Provincial bus M.21J,3,b16d2f,กรุงเทพฯ (ถนนบรมราชชนนี) - บ้านมาบตาพุด - ระยอง,Bangkok (Borommaratchachonnani Road) – Map Ta Phut – Rayong,,未提供中文；保留泰文/英文原名,
3,公交车,3460,SS,942,กรุงเทพฯ - จักราช - ยางชุมน้อย; Bangkok - Chakkarat - Yang Chum Noi,รถโดยสารต่างจังหวัด รถมาตรฐาน 4 (ข)พิเศษ (รถโดยสารสองชั้นปรับอากาศชนิดที่นั่งพิเศษ);Provincial bus Super Class,3,0868FF,กรุงเทพฯ - จักราช - ยางชุมน้อย,Bangkok - Chakkarat - Yang Chum Noi,,未提供中文；保留泰文/英文原名,
3,公交车,3461,SWT,89,กรุงเทพฯ - ละแม;Bangkok - Lamae,รถโดยสารต่างจังหวัด รถมาตรฐาน 1 (ข)พิเศษ (รถโดยสารปรับอากาศชั้น 1 ชนิดที่นั่งพิเศษ);Provincial bus Super Class,3,06B9FF,กรุงเทพฯ - ละแม,Bangkok - Lamae,,未提供中文；保留泰文/英文原名,
3,公交车,3462,GMT,927,กรุงเทพฯ - มุกดาหาร;Bangkok - Mukdahan,รถโดยสารต่างจังหวัด รถมาตรฐาน 4 (ข) (รถโดยสารสองชั้นปรับอากาศ);Provincial bus Economy Class,3,0696FD,กรุงเทพฯ - มุกดาหาร,Bangkok - Mukdahan,,未提供中文；保留泰文/英文原名,
3,公交车,3463,ARU,98,กรุงเทพฯ - อุบลราชธานี (ข) (ผ่านทางแยกปักธงชัย); Bangkok - Ubon Ratchathani (B) (via Pak Thong Chai intersection),รถโดยสารต่างจังหวัด รถมาตรฐาน 1 (ก) (รถโดยสารปรับอากาศชั้น 1 ชนิดพิเศษ);Provincial bus First class,3,0951F7,กรุงเทพฯ - อุบลราชธานี (ข) (ผ่านทางแยกปักธงชัย),Bangkok - Ubon Ratchathani (B) (via Pak Thong Chai intersection),,未提供中文；保留泰文/英文原名,
3,公交车,3464,APT,931,กรุงเทพฯ - สุวรรณภูมิ - อุบลราชธานี;Bangkok - Suvarnabhumi - Ubon Ratchathani,รถโดยสารต่างจังหวัด รถมาตรฐาน 1 (ข)พิเศษ (รถโดยสารปรับอากาศชั้น 1 ชนิดที่นั่งพิเศษ);Provincial bus Super Class,3,06B9FF,กรุงเทพฯ - สุวรรณภูมิ - อุบลราชธานี,Bangkok - Suvarnabhumi - Ubon Ratchathani,,未提供中文；保留泰文/英文原名,
3,公交车,3466,TSB,4-17 (88),ม.เทคโนโลยีพระจอมเกล้าธนบุรี (บางขุนเทียน) - สถานีรถไฟฟ้าตลาดพลู;KMUTT Bangkhunthian - BTS Krung Thon Buri,รถโดยสาร TSB รถปรับอากาศ;Bus TSB Air Condition,3,063970,ม.เทคโนโลยีพระจอมเกล้าธนบุรี (บางขุนเทียน) - สถานีรถไฟฟ้าตลาดพลู,KMUTT Bangkhunthian - BTS Krung Thon Buri,,未提供中文；保留泰文/英文原名,
3,公交车,3467,BMTA,2-44 (54),อู่พระราม 9 - สุทธิสาร - โบสถ์แม่พระ (วนวนขวา);RAMA 9 - Sutthisan - Fatima Church ((Turn right)),รถโดยสารประจำทาง ขสมก รถธรรมดา มาตรฐาน 3 (พิเศษ);Bangkok Mass Transit Authority Ordinary Standard 3 (special),3,ff0000,อู่พระราม 9 - สุทธิสาร - โบสถ์แม่พระ (วนวนขวา),RAMA 9 - Sutthisan - Fatima Church ((Turn right)),,未提供中文；保留泰文/英文原名,
3,公交车,3468,BMTA,68 เทียนทะเล,บางลำพู - มจธ. - วัดสหธรรมาราม;Bang Lamphu - KMUTT - Wat Sahathammaram,รถโดยสารประจำทาง ขสมก รถธรรมดา มาตรฐาน 3;Bangkok Mass Transit Authority Ordinary Standard 3,3,ff0000,บางลำพู - มจธ. - วัดสหธรรมาราม,Bang Lamphu - KMUTT - Wat Sahathammaram,,未提供中文；保留泰文/英文原名,
3,公交车,3469,BMTA,4-12 (68),แสมดำ - บางลำพู;Samae Dam - Bang Lamphu,รถโดยสารประจำทาง ขสมก รถปรับอากาศ มาตรฐาน 2 ยูโรทู/เทียบเท่า;Bangkok Mass Transit Authority Air Condition Stadard 2 EURO II,3,fe9a2e,แสมดำ - บางลำพู,Samae Dam - Bang Lamphu,,未提供中文；保留泰文/英文原名,
3,公交车,3473,BMTA,3-51 (205),วงกลมอู่คลองเตย - เดอะมอลล์ท่าพระ (วนขวา);Klongtoey Depot - The mall Thapra,รถโดยสารประจำทาง ขสมก รถธรรมดา มาตรฐาน 3;Bangkok Mass Transit Authority Ordinary Standard 3,3,FF0000,วงกลมอู่คลองเตย - เดอะมอลล์ท่าพระ (วนขวา),Klongtoey Depot - The mall Thapra,,未提供中文；保留泰文/英文原名,
3,公交车,3474,BMTA,3-51 (205),วงกลมอู่คลองเตย - เดอะมอลล์ท่าพระ (วนซ้าย);Klongtoey Depot - The mall Thapra,รถโดยสารประจำทาง ขสมก รถธรรมดา มาตรฐาน 3;Bangkok Mass Transit Authority Ordinary Standard 3,3,FF0000,วงกลมอู่คลองเตย - เดอะมอลล์ท่าพระ (วนซ้าย),Klongtoey Depot - The mall Thapra,,未提供中文；保留泰文/英文原名,
3,公交车,3476,BMTA,2-46,สวนสยาม - สถานีรถไฟฟ้าสนามกีฬาแห่งชาติ;Siam Park - National Stadium BTS Station,รถโดยสารประจำทาง ขสมก รถธรรมดา มาตรฐาน 3;Bangkok Mass Transit Authority Ordinary Standard 3,3,FF0000,สวนสยาม - สถานีรถไฟฟ้าสนามกีฬาแห่งชาติ,Siam Park - National Stadium BTS Station,,未提供中文；保留泰文/英文原名,
