酒店ID,序号,请求方法,响应状态,资源类型,响应URL,响应字节数,原始响应文件
10019235,1,POST,200,Fetch,https://m.ctrip.com/restapi/soa2/10182/GetAvailablePoints?_fxpcqlniredt=09031109115864990735&x-traceID=09031109115864990735-1788255624601-9374036,463,raw/10019235/responses/0001_b2ea6b2a65f1.json
10019235,2,POST,200,Fetch,https://m.ctrip.com/restapi/soa2/34308/getHotelCommentInfo,399,raw/10019235/responses/0002_e5cdff472821.json
10019235,3,POST,200,Fetch,https://m.ctrip.com/restapi/soa2/33278/getDetailAdditionalInfo,20364,raw/10019235/responses/0003_9a699f28ead6.json
10019235,4,POST,200,Fetch,https://m.ctrip.com/restapi/soa2/33278/getHotelRoomListInland,408,raw/10019235/responses/0004_4484b63447e6.json
10019235,5,POST,200,Fetch,https://m.ctrip.com/restapi/soa2/28820/ctgethotelalbum,289088,raw/10019235/responses/0005_0ef9cbf89082.json
10019235,6,POST,200,Fetch,https://m.ctrip.com/restapi/soa2/28820/ctGetNearbyHotelList,378,raw/10019235/responses/0006_9a431dd78faa.json
10019235,7,POST,200,Fetch,https://m.ctrip.com/restapi/soa2/35021/getHotelRoomPopInfoPCOnline,394,raw/10019235/responses/0007_a399d40fcb64.json
100344790,1,POST,200,Fetch,https://m.ctrip.com/restapi/soa2/10182/GetAvailablePoints?_fxpcqlniredt=09031109115864990735&x-traceID=09031109115864990735-1788255055441-7085094,463,raw/100344790/responses/0001_77bc2a09fa4f.json
100344790,2,POST,200,Fetch,https://m.ctrip.com/restapi/soa2/33278/getHotelRoomListInland,408,raw/100344790/responses/0002_e41e460f95a3.json
100344790,3,POST,200,Fetch,https://m.ctrip.com/restapi/soa2/28820/ctgethotelalbum,211887,raw/100344790/responses/0003_b0749e138db6.json
100344790,4,POST,200,Fetch,https://m.ctrip.com/restapi/soa2/34308/getHotelCommentInfo,399,raw/100344790/responses/0004_f4484678b221.json
100344790,5,POST,200,Fetch,https://m.ctrip.com/restapi/soa2/28820/ctGetNearbyHotelList,378,raw/100344790/responses/0005_1e2127aae2e6.json
100344790,6,POST,200,Fetch,https://m.ctrip.com/restapi/soa2/33278/getDetailAdditionalInfo,20440,raw/100344790/responses/0006_937db351796d.json
100344790,7,POST,200,Fetch,https://m.ctrip.com/restapi/soa2/35021/getHotelRoomPopInfoPCOnline,394,raw/100344790/responses/0007_a399d40fcb64.json
100474915,1,POST,200,Fetch,https://m.ctrip.com/restapi/soa2/34308/getHotelCommentInfo,397,raw/100474915/responses/0001_a72c8f9fa60e.json
100474915,2,POST,200,Fetch,https://m.ctrip.com/restapi/soa2/33278/getDetailAdditionalInfo,20279,raw/100474915/responses/0002_0f6525cc02a9.json
100474915,3,POST,200,Fetch,https://m.ctrip.com/restapi/soa2/28820/ctgethotelalbum,248570,raw/100474915/responses/0003_b0749e138db6.json
100474915,4,POST,200,Fetch,https://m.ctrip.com/restapi/soa2/28820/ctGetNearbyHotelList,376,raw/100474915/responses/0004_b9f75dd5f3db.json
100474915,5,POST,200,Fetch,https://m.ctrip.com/restapi/soa2/33278/getHotelRoomListInland,406,raw/100474915/responses/0005_126ff2c3c3c2.json
100474915,6,POST,200,Fetch,https://m.ctrip.com/restapi/soa2/10182/GetAvailablePoints?_fxpcqlniredt=09031109115864990735&x-traceID=09031109115864990735-1788235699133-8423305,462,raw/100474915/responses/0006_1602cbdd02a5.json
100474915,7,POST,200,Fetch,https://m.ctrip.com/restapi/soa2/35021/getHotelRoomPopInfoPCOnline,392,raw/100474915/responses/0007_a399d40fcb64.json
100811418,1,POST,200,Fetch,https://m.ctrip.com/restapi/soa2/10182/GetAvailablePoints?_fxpcqlniredt=09031109115864990735&x-traceID=09031109115864990735-1788512064980-5804381,463,raw/100811418/responses/0001_7f1f447f602a.json
100811418,2,POST,200,Fetch,https://m.ctrip.com/restapi/soa2/34308/getHotelCommentInfo,399,raw/100811418/responses/0002_e5cdff472821.json
100811418,3,POST,200,Fetch,https://m.ctrip.com/restapi/soa2/33278/getDetailAdditionalInfo,20106,raw/100811418/responses/0003_9a699f28ead6.json
100811418,4,POST,200,Fetch,https://m.ctrip.com/restapi/soa2/28820/ctGetNearbyHotelList,378,raw/100811418/responses/0004_b9f75dd5f3db.json
100811418,5,POST,200,Fetch,https://m.ctrip.com/restapi/soa2/28820/ctgethotelalbum,285367,raw/100811418/responses/0005_0ef9cbf89082.json
100811418,6,POST,200,Fetch,https://m.ctrip.com/restapi/soa2/33278/getHotelRoomListInland,408,raw/100811418/responses/0006_b404bd1188b5.json
100811418,7,POST,200,Fetch,https://m.ctrip.com/restapi/soa2/35021/getHotelRoomPopInfoPCOnline,394,raw/100811418/responses/0007_a399d40fcb64.json
101175495,1,POST,200,Fetch,https://m.ctrip.com/restapi/soa2/10182/GetAvailablePoints?_fxpcqlniredt=09031109115864990735&x-traceID=09031109115864990735-1788256730004-5959493,463,raw/101175495/responses/0001_4b8f84d5ba22.json
101212523,1,POST,200,Fetch,https://m.ctrip.com/restapi/soa2/10182/GetAvailablePoints?_fxpcqlniredt=09031109115864990735&x-traceID=09031109115864990735-1788236977915-7411337,463,raw/101212523/responses/0001_9638bbc8103b.json
101212523,2,POST,200,Fetch,https://m.ctrip.com/restapi/soa2/34308/getHotelCommentInfo,399,raw/101212523/responses/0002_e5cdff472821.json
101212523,3,POST,200,Fetch,https://m.ctrip.com/restapi/soa2/33278/getHotelRoomListInland,408,raw/101212523/responses/0003_20a6b1dba238.json
101212523,4,POST,200,Fetch,https://m.ctrip.com/restapi/soa2/28820/ctGetNearbyHotelList,378,raw/101212523/responses/0004_b9f75dd5f3db.json
101212523,5,POST,200,Fetch,https://m.ctrip.com/restapi/soa2/33278/getDetailAdditionalInfo,20074,raw/101212523/responses/0005_1139d80bc75b.json
101212523,6,POST,200,Fetch,https://m.ctrip.com/restapi/soa2/28820/ctgethotelalbum,228117,raw/101212523/responses/0006_b034201a0549.json
101212523,7,POST,200,Fetch,https://m.ctrip.com/restapi/soa2/35021/getHotelRoomPopInfoPCOnline,394,raw/101212523/responses/0007_a399d40fcb64.json
101482459,1,POST,200,Fetch,https://m.ctrip.com/restapi/soa2/10182/GetAvailablePoints?_fxpcqlniredt=09031109115864990735&x-traceID=09031109115864990735-1788512280921-5734434,463,raw/101482459/responses/0001_9c58d6bcb18c.json
101482459,2,POST,200,Fetch,https://m.ctrip.com/restapi/soa2/34308/getHotelCommentInfo,399,raw/101482459/responses/0002_e5cdff472821.json
101482459,3,POST,200,Fetch,https://m.ctrip.com/restapi/soa2/33278/getDetailAdditionalInfo,21218,raw/101482459/responses/0003_9a699f28ead6.json
101482459,4,POST,200,Fetch,https://m.ctrip.com/restapi/soa2/28820/ctGetNearbyHotelList,378,raw/101482459/responses/0004_b9f75dd5f3db.json
101482459,5,POST,200,Fetch,https://m.ctrip.com/restapi/soa2/33278/getHotelRoomListInland,408,raw/101482459/responses/0005_126ff2c3c3c2.json
101482459,6,POST,200,Fetch,https://m.ctrip.com/restapi/soa2/28820/ctgethotelalbum,157525,raw/101482459/responses/0006_b034201a0549.json
101482459,7,POST,200,Fetch,https://m.ctrip.com/restapi/soa2/35021/getHotelRoomPopInfoPCOnline,394,raw/101482459/responses/0007_a399d40fcb64.json
1027224,1,POST,200,Fetch,https://m.ctrip.com/restapi/soa2/10182/GetAvailablePoints?_fxpcqlniredt=09031109115864990735&x-traceID=09031109115864990735-1788163447838-3206840,462,raw/1027224/responses/0001_a60cb3c972b7.json
1027224,2,POST,200,Fetch,https://m.ctrip.com/restapi/soa2/33278/getDetailAdditionalInfo,20912,raw/1027224/responses/0002_0f6525cc02a9.json
1027224,3,POST,200,Fetch,https://m.ctrip.com/restapi/soa2/34308/getHotelCommentInfo,62138,raw/1027224/responses/0003_8a41a2728111.json
1027224,4,POST,200,Fetch,https://m.ctrip.com/restapi/soa2/28820/ctgethotelalbum,365748,raw/1027224/responses/0004_65975e8ff220.json
1027224,5,POST,200,Fetch,https://m.ctrip.com/restapi/soa2/28820/ctGetNearbyHotelList,126296,raw/1027224/responses/0005_1e2127aae2e6.json
1027224,6,POST,200,Fetch,https://m.ctrip.com/restapi/soa2/33278/getHotelRoomListInland,984156,raw/1027224/responses/0006_b404bd1188b5.json
1027224,7,POST,200,Fetch,https://m.ctrip.com/restapi/soa2/35021/getHotelRoomPopInfoPCOnline,1058830,raw/1027224/responses/0007_a399d40fcb64.json
103003672,1,POST,200,Fetch,https://m.ctrip.com/restapi/soa2/10182/GetAvailablePoints?_fxpcqlniredt=09031109115864990735&x-traceID=09031109115864990735-1788162735240-7313051,462,raw/103003672/responses/0001_a810ae186be1.json
103003672,2,POST,200,Fetch,https://m.ctrip.com/restapi/soa2/33278/getDetailAdditionalInfo,20200,raw/103003672/responses/0002_0f6525cc02a9.json
103003672,3,POST,200,Fetch,https://m.ctrip.com/restapi/soa2/34308/getHotelCommentInfo,52557,raw/103003672/responses/0003_8a41a2728111.json
103003672,4,POST,200,Fetch,https://m.ctrip.com/restapi/soa2/28820/ctgethotelalbum,357377,raw/103003672/responses/0004_65975e8ff220.json
103003672,5,POST,200,Fetch,https://m.ctrip.com/restapi/soa2/28820/ctGetNearbyHotelList,137793,raw/103003672/responses/0005_1e2127aae2e6.json
103003672,6,POST,200,Fetch,https://m.ctrip.com/restapi/soa2/33278/getHotelRoomListInland,179035,raw/103003672/responses/0006_b404bd1188b5.json
103565011,1,POST,200,Fetch,https://m.ctrip.com/restapi/soa2/10182/GetAvailablePoints?_fxpcqlniredt=09031109115864990735&x-traceID=09031109115864990735-1788512301376-1066935,463,raw/103565011/responses/0001_93a406eb9f81.json
103565011,2,POST,200,Fetch,https://m.ctrip.com/restapi/soa2/33278/getDetailAdditionalInfo,20834,raw/103565011/responses/0002_0f6525cc02a9.json
103565011,3,POST,200,Fetch,https://m.ctrip.com/restapi/soa2/34308/getHotelCommentInfo,399,raw/103565011/responses/0003_8a41a2728111.json
103565011,4,POST,200,Fetch,https://m.ctrip.com/restapi/soa2/28820/ctGetNearbyHotelList,378,raw/103565011/responses/0004_b9f75dd5f3db.json
103565011,5,POST,200,Fetch,https://m.ctrip.com/restapi/soa2/28820/ctgethotelalbum,400463,raw/103565011/responses/0005_0ef9cbf89082.json
103565011,6,POST,200,Fetch,https://m.ctrip.com/restapi/soa2/33278/getHotelRoomListInland,408,raw/103565011/responses/0006_b404bd1188b5.json
103565011,7,POST,200,Fetch,https://m.ctrip.com/restapi/soa2/35021/getHotelRoomPopInfoPCOnline,394,raw/103565011/responses/0007_a399d40fcb64.json
103744971,1,POST,200,Fetch,https://m.ctrip.com/restapi/soa2/10182/GetAvailablePoints?_fxpcqlniredt=09031109115864990735&x-traceID=09031109115864990735-1788242052035-1143887,463,raw/103744971/responses/0001_74df51afe3e0.json
103766000,1,POST,200,Fetch,https://m.ctrip.com/restapi/soa2/10182/GetAvailablePoints?_fxpcqlniredt=09031109115864990735&x-traceID=09031109115864990735-1788166306811-4794006,463,raw/103766000/responses/0001_00a36d415187.json
103861260,1,POST,200,Fetch,https://m.ctrip.com/restapi/soa2/10182/GetAvailablePoints?_fxpcqlniredt=09031109115864990735&x-traceID=09031109115864990735-1788236850213-1672457,462,raw/103861260/responses/0001_c494df7c3dff.json
103861260,2,POST,200,Fetch,https://m.ctrip.com/restapi/soa2/34308/getHotelCommentInfo,399,raw/103861260/responses/0002_e5cdff472821.json
103861260,3,POST,200,Fetch,https://m.ctrip.com/restapi/soa2/33278/getHotelRoomListInland,408,raw/103861260/responses/0003_20a6b1dba238.json
103861260,4,POST,200,Fetch,https://m.ctrip.com/restapi/soa2/28820/ctGetNearbyHotelList,378,raw/103861260/responses/0004_b9f75dd5f3db.json
103861260,5,POST,200,Fetch,https://m.ctrip.com/restapi/soa2/33278/getDetailAdditionalInfo,20280,raw/103861260/responses/0005_1139d80bc75b.json
103861260,6,POST,200,Fetch,https://m.ctrip.com/restapi/soa2/28820/ctgethotelalbum,248338,raw/103861260/responses/0006_b034201a0549.json
103861260,7,POST,200,Fetch,https://m.ctrip.com/restapi/soa2/35021/getHotelRoomPopInfoPCOnline,394,raw/103861260/responses/0007_a399d40fcb64.json
103972382,1,POST,200,Fetch,https://m.ctrip.com/restapi/soa2/10182/GetAvailablePoints?_fxpcqlniredt=09031109115864990735&x-traceID=09031109115864990735-1788164645580-2373285,463,raw/103972382/responses/0001_bf53cd9b961f.json
103972382,2,POST,200,Fetch,https://m.ctrip.com/restapi/soa2/33278/getDetailAdditionalInfo,15264,raw/103972382/responses/0002_0f6525cc02a9.json
103972382,3,POST,200,Fetch,https://m.ctrip.com/restapi/soa2/34308/getHotelCommentInfo,55449,raw/103972382/responses/0003_8a41a2728111.json
103972382,4,POST,200,Fetch,https://m.ctrip.com/restapi/soa2/28820/ctgethotelalbum,283435,raw/103972382/responses/0004_65975e8ff220.json
103972382,5,POST,200,Fetch,https://m.ctrip.com/restapi/soa2/33278/getHotelRoomListInland,251858,raw/103972382/responses/0005_126ff2c3c3c2.json
103972382,6,POST,200,Fetch,https://m.ctrip.com/restapi/soa2/28820/ctGetNearbyHotelList,130334,raw/103972382/responses/0006_9a431dd78faa.json
103972382,7,POST,200,Fetch,https://m.ctrip.com/restapi/soa2/35021/getHotelRoomPopInfoPCOnline,309579,raw/103972382/responses/0007_a399d40fcb64.json
104262057,1,POST,200,Fetch,https://m.ctrip.com/restapi/soa2/10182/GetAvailablePoints?_fxpcqlniredt=09031109115864990735&x-traceID=09031109115864990735-1788239225902-1722400,462,raw/104262057/responses/0001_5f5596a1f7fa.json
104262057,2,POST,200,Fetch,https://m.ctrip.com/restapi/soa2/34308/getHotelCommentInfo,397,raw/104262057/responses/0002_e5cdff472821.json
104262057,3,POST,200,Fetch,https://m.ctrip.com/restapi/soa2/33278/getDetailAdditionalInfo,17077,raw/104262057/responses/0003_9a699f28ead6.json
104262057,4,POST,200,Fetch,https://m.ctrip.com/restapi/soa2/28820/ctGetNearbyHotelList,376,raw/104262057/responses/0004_b9f75dd5f3db.json
104262057,5,POST,200,Fetch,https://m.ctrip.com/restapi/soa2/33278/getHotelRoomListInland,406,raw/104262057/responses/0005_126ff2c3c3c2.json
104262057,6,POST,200,Fetch,https://m.ctrip.com/restapi/soa2/28820/ctgethotelalbum,279210,raw/104262057/responses/0006_b034201a0549.json
104262057,7,POST,200,Fetch,https://m.ctrip.com/restapi/soa2/35021/getHotelRoomPopInfoPCOnline,392,raw/104262057/responses/0007_a399d40fcb64.json
104448865,1,POST,200,Fetch,https://m.ctrip.com/restapi/soa2/10182/GetAvailablePoints?_fxpcqlniredt=09031109115864990735&x-traceID=09031109115864990735-1788164102001-7581906,463,raw/104448865/responses/0001_7e998a77dee2.json
104448865,2,POST,200,Fetch,https://m.ctrip.com/restapi/soa2/33278/getDetailAdditionalInfo,20122,raw/104448865/responses/0002_0f6525cc02a9.json
104448865,3,POST,200,Fetch,https://m.ctrip.com/restapi/soa2/28820/ctgethotelalbum,363181,raw/104448865/responses/0003_b0749e138db6.json
104448865,4,POST,200,Fetch,https://m.ctrip.com/restapi/soa2/33278/getHotelRoomListInland,171166,raw/104448865/responses/0004_4484b63447e6.json
104448865,5,POST,200,Fetch,https://m.ctrip.com/restapi/soa2/34308/getHotelCommentInfo,49835,raw/104448865/responses/0005_741564f8da4e.json
104448865,6,POST,200,Fetch,https://m.ctrip.com/restapi/soa2/28820/ctGetNearbyHotelList,128975,raw/104448865/responses/0006_9a431dd78faa.json
104448865,7,POST,200,Fetch,https://m.ctrip.com/restapi/soa2/35021/getHotelRoomPopInfoPCOnline,186018,raw/104448865/responses/0007_a399d40fcb64.json
104592199,1,POST,200,Fetch,https://m.ctrip.com/restapi/soa2/10182/GetAvailablePoints?_fxpcqlniredt=09031109115864990735&x-traceID=09031109115864990735-1788163108198-6346878,463,raw/104592199/responses/0001_e7abb362194e.json
104592199,2,POST,200,Fetch,https://m.ctrip.com/restapi/soa2/34308/getHotelCommentInfo,47207,raw/104592199/responses/0002_e5cdff472821.json
104592199,3,POST,200,Fetch,https://m.ctrip.com/restapi/soa2/33278/getDetailAdditionalInfo,20309,raw/104592199/responses/0003_9a699f28ead6.json
104592199,4,POST,200,Fetch,https://m.ctrip.com/restapi/soa2/28820/ctgethotelalbum,377255,raw/104592199/responses/0004_65975e8ff220.json
104592199,5,POST,200,Fetch,https://m.ctrip.com/restapi/soa2/28820/ctGetNearbyHotelList,133395,raw/104592199/responses/0005_1e2127aae2e6.json
104592199,6,POST,200,Fetch,https://m.ctrip.com/restapi/soa2/33278/getHotelRoomListInland,2351383,raw/104592199/responses/0006_b404bd1188b5.json
105245955,1,POST,200,Fetch,https://m.ctrip.com/restapi/soa2/10182/GetAvailablePoints?_fxpcqlniredt=09031109115864990735&x-traceID=09031109115864990735-1788255705725-939468,463,raw/105245955/responses/0001_5bc226ae5165.json
105245955,2,POST,200,Fetch,https://m.ctrip.com/restapi/soa2/33278/getDetailAdditionalInfo,20638,raw/105245955/responses/0002_0f6525cc02a9.json
105245955,3,POST,200,Fetch,https://m.ctrip.com/restapi/soa2/28820/ctgethotelalbum,329899,raw/105245955/responses/0003_b0749e138db6.json
105245955,4,POST,200,Fetch,https://m.ctrip.com/restapi/soa2/34308/getHotelCommentInfo,399,raw/105245955/responses/0004_f4484678b221.json
105245955,5,POST,200,Fetch,https://m.ctrip.com/restapi/soa2/33278/getHotelRoomListInland,408,raw/105245955/responses/0005_126ff2c3c3c2.json
105245955,6,POST,200,Fetch,https://m.ctrip.com/restapi/soa2/28820/ctGetNearbyHotelList,378,raw/105245955/responses/0006_9a431dd78faa.json
105245955,7,POST,200,Fetch,https://m.ctrip.com/restapi/soa2/35021/getHotelRoomPopInfoPCOnline,394,raw/105245955/responses/0007_a399d40fcb64.json
105280707,1,POST,200,Fetch,https://m.ctrip.com/restapi/soa2/10182/GetAvailablePoints?_fxpcqlniredt=09031109115864990735&x-traceID=09031109115864990735-1788234756260-1425642,463,raw/105280707/responses/0001_7b2f56454db1.json
105314847,1,POST,200,Fetch,https://m.ctrip.com/restapi/soa2/10182/GetAvailablePoints?_fxpcqlniredt=09031109115864990735&x-traceID=09031109115864990735-1788512432333-2166408,461,raw/105314847/responses/0001_b988042df78c.json
105314847,2,POST,200,Fetch,https://m.ctrip.com/restapi/soa2/34308/getHotelCommentInfo,395,raw/105314847/responses/0002_e5cdff472821.json
105314847,3,POST,200,Fetch,https://m.ctrip.com/restapi/soa2/33278/getDetailAdditionalInfo,20606,raw/105314847/responses/0003_9a699f28ead6.json
105314847,4,POST,200,Fetch,https://m.ctrip.com/restapi/soa2/33278/getHotelRoomListInland,404,raw/105314847/responses/0004_4484b63447e6.json
105314847,5,POST,200,Fetch,https://m.ctrip.com/restapi/soa2/28820/ctGetNearbyHotelList,374,raw/105314847/responses/0005_1e2127aae2e6.json
105314847,6,POST,200,Fetch,https://m.ctrip.com/restapi/soa2/28820/ctgethotelalbum,369746,raw/105314847/responses/0006_b034201a0549.json
105314847,7,POST,200,Fetch,https://m.ctrip.com/restapi/soa2/35021/getHotelRoomPopInfoPCOnline,390,raw/105314847/responses/0007_a399d40fcb64.json
105555958,1,POST,200,Fetch,https://m.ctrip.com/restapi/soa2/10182/GetAvailablePoints?_fxpcqlniredt=09031109115864990735&x-traceID=09031109115864990735-1788163818062-6198618,462,raw/105555958/responses/0001_084369d67777.json
105555958,2,POST,200,Fetch,https://m.ctrip.com/restapi/soa2/33278/getDetailAdditionalInfo,20077,raw/105555958/responses/0002_0f6525cc02a9.json
105555958,3,POST,200,Fetch,https://m.ctrip.com/restapi/soa2/34308/getHotelCommentInfo,49295,raw/105555958/responses/0003_8a41a2728111.json
105555958,4,POST,200,Fetch,https://m.ctrip.com/restapi/soa2/28820/ctgethotelalbum,394464,raw/105555958/responses/0004_65975e8ff220.json
105555958,5,POST,200,Fetch,https://m.ctrip.com/restapi/soa2/33278/getHotelRoomListInland,428726,raw/105555958/responses/0005_126ff2c3c3c2.json
105555958,6,POST,200,Fetch,https://m.ctrip.com/restapi/soa2/28820/ctGetNearbyHotelList,132223,raw/105555958/responses/0006_9a431dd78faa.json
105555958,7,POST,200,Fetch,https://m.ctrip.com/restapi/soa2/35021/getHotelRoomPopInfoPCOnline,603798,raw/105555958/responses/0007_a399d40fcb64.json
105555959,1,POST,200,Fetch,https://m.ctrip.com/restapi/soa2/10182/GetAvailablePoints?_fxpcqlniredt=09031109115864990735&x-traceID=09031109115864990735-1788164828340-1251857,463,raw/105555959/responses/0001_d06df544649f.json
105555959,2,POST,200,Fetch,https://m.ctrip.com/restapi/soa2/28820/ctgethotelalbum,392614,raw/105555959/responses/0002_053ef16233d1.json
105555959,3,POST,200,Fetch,https://m.ctrip.com/restapi/soa2/33278/getDetailAdditionalInfo,20529,raw/105555959/responses/0003_9a699f28ead6.json
105555959,4,POST,200,Fetch,https://m.ctrip.com/restapi/soa2/34308/getHotelCommentInfo,69313,raw/105555959/responses/0004_f4484678b221.json
105555959,5,POST,200,Fetch,https://m.ctrip.com/restapi/soa2/33278/getHotelRoomListInland,447698,raw/105555959/responses/0005_126ff2c3c3c2.json
105555959,6,POST,200,Fetch,https://m.ctrip.com/restapi/soa2/28820/ctGetNearbyHotelList,132879,raw/105555959/responses/0006_9a431dd78faa.json
105555959,7,POST,200,Fetch,https://m.ctrip.com/restapi/soa2/35021/getHotelRoomPopInfoPCOnline,545070,raw/105555959/responses/0007_a399d40fcb64.json
105726959,1,POST,200,Fetch,https://m.ctrip.com/restapi/soa2/10182/GetAvailablePoints?_fxpcqlniredt=09031109115864990735&x-traceID=09031109115864990735-1788162586540-5025724,463,raw/105726959/responses/0001_f127d52e106a.json
1057378,1,POST,200,Fetch,https://m.ctrip.com/restapi/soa2/10182/GetAvailablePoints?_fxpcqlniredt=09031109115864990735&x-traceID=09031109115864990735-1788164666314-8698778,463,raw/1057378/responses/0001_f6b8c313cd12.json
1057378,2,POST,200,Fetch,https://m.ctrip.com/restapi/soa2/33278/getDetailAdditionalInfo,20696,raw/1057378/responses/0002_0f6525cc02a9.json
1057378,3,POST,200,Fetch,https://m.ctrip.com/restapi/soa2/34308/getHotelCommentInfo,52808,raw/1057378/responses/0003_8a41a2728111.json
1057378,4,POST,200,Fetch,https://m.ctrip.com/restapi/soa2/28820/ctgethotelalbum,300398,raw/1057378/responses/0004_65975e8ff220.json
1057378,5,POST,200,Fetch,https://m.ctrip.com/restapi/soa2/28820/ctGetNearbyHotelList,132870,raw/1057378/responses/0005_1e2127aae2e6.json
1057378,6,POST,200,Fetch,https://m.ctrip.com/restapi/soa2/33278/getHotelRoomListInland,1480172,raw/1057378/responses/0006_b404bd1188b5.json
105826915,1,POST,200,Fetch,https://m.ctrip.com/restapi/soa2/10182/GetAvailablePoints?_fxpcqlniredt=09031109115864990735&x-traceID=09031109115864990735-1788235572297-2367219,462,raw/105826915/responses/0001_cc168c6e72e8.json
105826915,2,POST,200,Fetch,https://m.ctrip.com/restapi/soa2/34308/getHotelCommentInfo,397,raw/105826915/responses/0002_e5cdff472821.json
105826915,3,POST,200,Fetch,https://m.ctrip.com/restapi/soa2/28820/ctgethotelalbum,346265,raw/105826915/responses/0003_b0749e138db6.json
105826915,4,POST,200,Fetch,https://m.ctrip.com/restapi/soa2/28820/ctGetNearbyHotelList,376,raw/105826915/responses/0004_b9f75dd5f3db.json
105826915,5,POST,200,Fetch,https://m.ctrip.com/restapi/soa2/33278/getHotelRoomListInland,406,raw/105826915/responses/0005_126ff2c3c3c2.json
105826915,6,POST,200,Fetch,https://m.ctrip.com/restapi/soa2/33278/getDetailAdditionalInfo,21147,raw/105826915/responses/0006_937db351796d.json
105826915,7,POST,200,Fetch,https://m.ctrip.com/restapi/soa2/35021/getHotelRoomPopInfoPCOnline,392,raw/105826915/responses/0007_a399d40fcb64.json
105827746,1,POST,200,Fetch,https://m.ctrip.com/restapi/soa2/10182/GetAvailablePoints?_fxpcqlniredt=09031109115864990735&x-traceID=09031109115864990735-1788255774353-4875502,463,raw/105827746/responses/0001_767a5ab1a1e3.json
106225990,1,POST,200,Fetch,https://m.ctrip.com/restapi/soa2/10182/GetAvailablePoints?_fxpcqlniredt=09031109115864990735&x-traceID=09031109115864990735-1788237299143-9487425,463,raw/106225990/responses/0001_50f7592d0bf9.json
106225990,2,POST,200,Fetch,https://m.ctrip.com/restapi/soa2/34308/getHotelCommentInfo,399,raw/106225990/responses/0002_e5cdff472821.json
106225990,3,POST,200,Fetch,https://m.ctrip.com/restapi/soa2/33278/getDetailAdditionalInfo,20719,raw/106225990/responses/0003_9a699f28ead6.json
106225990,4,POST,200,Fetch,https://m.ctrip.com/restapi/soa2/28820/ctgethotelalbum,227343,raw/106225990/responses/0004_65975e8ff220.json
106225990,5,POST,200,Fetch,https://m.ctrip.com/restapi/soa2/28820/ctGetNearbyHotelList,378,raw/106225990/responses/0005_1e2127aae2e6.json
106225990,6,POST,200,Fetch,https://m.ctrip.com/restapi/soa2/33278/getHotelRoomListInland,408,raw/106225990/responses/0006_b404bd1188b5.json
106225990,7,POST,200,Fetch,https://m.ctrip.com/restapi/soa2/35021/getHotelRoomPopInfoPCOnline,394,raw/106225990/responses/0007_a399d40fcb64.json
106274653,1,POST,200,Fetch,https://m.ctrip.com/restapi/soa2/10182/GetAvailablePoints?_fxpcqlniredt=09031109115864990735&x-traceID=09031109115864990735-1788238326115-3905531,463,raw/106274653/responses/0001_eb6db5816f55.json
106274653,2,POST,200,Fetch,https://m.ctrip.com/restapi/soa2/33278/getHotelRoomListInland,408,raw/106274653/responses/0002_e41e460f95a3.json
106274653,3,POST,200,Fetch,https://m.ctrip.com/restapi/soa2/33278/getDetailAdditionalInfo,20329,raw/106274653/responses/0003_9a699f28ead6.json
106274653,4,POST,200,Fetch,https://m.ctrip.com/restapi/soa2/34308/getHotelCommentInfo,399,raw/106274653/responses/0004_f4484678b221.json
106274653,5,POST,200,Fetch,https://m.ctrip.com/restapi/soa2/28820/ctgethotelalbum,271008,raw/106274653/responses/0005_0ef9cbf89082.json
106274653,6,POST,200,Fetch,https://m.ctrip.com/restapi/soa2/28820/ctGetNearbyHotelList,378,raw/106274653/responses/0006_9a431dd78faa.json
106274653,7,POST,200,Fetch,https://m.ctrip.com/restapi/soa2/35021/getHotelRoomPopInfoPCOnline,394,raw/106274653/responses/0007_a399d40fcb64.json
106340692,1,POST,200,Fetch,https://m.ctrip.com/restapi/soa2/10182/GetAvailablePoints?_fxpcqlniredt=09031109115864990735&x-traceID=09031109115864990735-1788165515579-5124516,463,raw/106340692/responses/0001_fb4340495675.json
106340692,2,POST,200,Fetch,https://m.ctrip.com/restapi/soa2/33278/getDetailAdditionalInfo,19924,raw/106340692/responses/0002_0f6525cc02a9.json
106340692,3,POST,200,Fetch,https://m.ctrip.com/restapi/soa2/34308/getHotelCommentInfo,63580,raw/106340692/responses/0003_8a41a2728111.json
106340692,4,POST,200,Fetch,https://m.ctrip.com/restapi/soa2/28820/ctgethotelalbum,297995,raw/106340692/responses/0004_65975e8ff220.json
106340692,5,POST,200,Fetch,https://m.ctrip.com/restapi/soa2/33278/getHotelRoomListInland,313202,raw/106340692/responses/0005_126ff2c3c3c2.json
106340692,6,POST,200,Fetch,https://m.ctrip.com/restapi/soa2/28820/ctGetNearbyHotelList,137303,raw/106340692/responses/0006_9a431dd78faa.json
106340692,7,POST,200,Fetch,https://m.ctrip.com/restapi/soa2/35021/getHotelRoomPopInfoPCOnline,316140,raw/106340692/responses/0007_a399d40fcb64.json
1063905,1,POST,200,Fetch,https://m.ctrip.com/restapi/soa2/10182/GetAvailablePoints?_fxpcqlniredt=09031109115864990735&x-traceID=09031109115864990735-1788164426234-708971,463,raw/1063905/responses/0001_1253a9037827.json
1063905,2,POST,200,Fetch,https://m.ctrip.com/restapi/soa2/28820/ctgethotelalbum,253653,raw/1063905/responses/0002_053ef16233d1.json
1063905,3,POST,200,Fetch,https://m.ctrip.com/restapi/soa2/33278/getDetailAdditionalInfo,20035,raw/1063905/responses/0003_9a699f28ead6.json
1063905,4,POST,200,Fetch,https://m.ctrip.com/restapi/soa2/34308/getHotelCommentInfo,48411,raw/1063905/responses/0004_f4484678b221.json
1063905,5,POST,200,Fetch,https://m.ctrip.com/restapi/soa2/28820/ctGetNearbyHotelList,132660,raw/1063905/responses/0005_1e2127aae2e6.json
1063905,6,POST,200,Fetch,https://m.ctrip.com/restapi/soa2/33278/getHotelRoomListInland,258609,raw/1063905/responses/0006_b404bd1188b5.json
1063905,7,POST,200,Fetch,https://m.ctrip.com/restapi/soa2/35021/getHotelRoomPopInfoPCOnline,288400,raw/1063905/responses/0007_a399d40fcb64.json
1068597,1,POST,200,Fetch,https://m.ctrip.com/restapi/soa2/10182/GetAvailablePoints?_fxpcqlniredt=09031109115864990735&x-traceID=09031109115864990735-1788255990442-4764427,463,raw/1068597/responses/0001_4e32cdc9e107.json
1068597,2,POST,200,Fetch,https://m.ctrip.com/restapi/soa2/34308/getHotelCommentInfo,399,raw/1068597/responses/0002_e5cdff472821.json
1068597,3,POST,200,Fetch,https://m.ctrip.com/restapi/soa2/33278/getDetailAdditionalInfo,20642,raw/1068597/responses/0003_9a699f28ead6.json
1068597,4,POST,200,Fetch,https://m.ctrip.com/restapi/soa2/28820/ctgethotelalbum,301073,raw/1068597/responses/0004_65975e8ff220.json
1068597,5,POST,200,Fetch,https://m.ctrip.com/restapi/soa2/33278/getHotelRoomListInland,408,raw/1068597/responses/0005_126ff2c3c3c2.json
1068597,6,POST,200,Fetch,https://m.ctrip.com/restapi/soa2/28820/ctGetNearbyHotelList,378,raw/1068597/responses/0006_9a431dd78faa.json
1068597,7,POST,200,Fetch,https://m.ctrip.com/restapi/soa2/35021/getHotelRoomPopInfoPCOnline,394,raw/1068597/responses/0007_a399d40fcb64.json
107192874,1,POST,200,Fetch,https://m.ctrip.com/restapi/soa2/10182/GetAvailablePoints?_fxpcqlniredt=09031109115864990735&x-traceID=09031109115864990735-1788162849737-595951,463,raw/107192874/responses/0001_63f8ee05d982.json
107192874,2,POST,200,Fetch,https://m.ctrip.com/restapi/soa2/33278/getDetailAdditionalInfo,20250,raw/107192874/responses/0002_0f6525cc02a9.json
107192874,3,POST,200,Fetch,https://m.ctrip.com/restapi/soa2/34308/getHotelCommentInfo,86870,raw/107192874/responses/0003_8a41a2728111.json
107192874,4,POST,200,Fetch,https://m.ctrip.com/restapi/soa2/28820/ctgethotelalbum,514275,raw/107192874/responses/0004_65975e8ff220.json
107192874,5,POST,200,Fetch,https://m.ctrip.com/restapi/soa2/33278/getHotelRoomListInland,764426,raw/107192874/responses/0005_126ff2c3c3c2.json
107192874,6,POST,200,Fetch,https://m.ctrip.com/restapi/soa2/28820/ctGetNearbyHotelList,135291,raw/107192874/responses/0006_9a431dd78faa.json
107192874,7,POST,200,Fetch,https://m.ctrip.com/restapi/soa2/35021/getHotelRoomPopInfoPCOnline,1234661,raw/107192874/responses/0007_a399d40fcb64.json
107330026,1,POST,200,Fetch,https://m.ctrip.com/restapi/soa2/10182/GetAvailablePoints?_fxpcqlniredt=09031109115864990735&x-traceID=09031109115864990735-1788162876253-2984801,463,raw/107330026/responses/0001_0d063cce0718.json
107330026,2,POST,200,Fetch,https://m.ctrip.com/restapi/soa2/28820/ctgethotelalbum,308672,raw/107330026/responses/0002_053ef16233d1.json
107330026,3,POST,200,Fetch,https://m.ctrip.com/restapi/soa2/33278/getDetailAdditionalInfo,20275,raw/107330026/responses/0003_9a699f28ead6.json
107330026,4,POST,200,Fetch,https://m.ctrip.com/restapi/soa2/34308/getHotelCommentInfo,59849,raw/107330026/responses/0004_f4484678b221.json
107330026,5,POST,200,Fetch,https://m.ctrip.com/restapi/soa2/28820/ctGetNearbyHotelList,137847,raw/107330026/responses/0005_1e2127aae2e6.json
107330026,6,POST,200,Fetch,https://m.ctrip.com/restapi/soa2/33278/getHotelRoomListInland,1709336,raw/107330026/responses/0006_b404bd1188b5.json
107770657,1,POST,200,Fetch,https://m.ctrip.com/restapi/soa2/10182/GetAvailablePoints?_fxpcqlniredt=09031109115864990735&x-traceID=09031109115864990735-1788236383985-7051010,463,raw/107770657/responses/0001_a9e5feef4c5c.json
108803350,1,POST,200,Fetch,https://m.ctrip.com/restapi/soa2/10182/GetAvailablePoints?_fxpcqlniredt=09031109115864990735&x-traceID=09031109115864990735-1788256956338-6254053,462,raw/108803350/responses/0001_0825fa4c0578.json
108803350,2,POST,200,Fetch,https://m.ctrip.com/restapi/soa2/34308/getHotelCommentInfo,397,raw/108803350/responses/0002_e5cdff472821.json
108803350,3,POST,200,Fetch,https://m.ctrip.com/restapi/soa2/33278/getHotelRoomListInland,406,raw/108803350/responses/0003_20a6b1dba238.json
108803350,4,POST,200,Fetch,https://m.ctrip.com/restapi/soa2/33278/getDetailAdditionalInfo,20155,raw/108803350/responses/0004_c37be698535c.json
108803350,5,POST,200,Fetch,https://m.ctrip.com/restapi/soa2/28820/ctGetNearbyHotelList,376,raw/108803350/responses/0005_1e2127aae2e6.json
108803350,6,POST,200,Fetch,https://m.ctrip.com/restapi/soa2/28820/ctgethotelalbum,113024,raw/108803350/responses/0006_b034201a0549.json
108803350,7,POST,200,Fetch,https://m.ctrip.com/restapi/soa2/35021/getHotelRoomPopInfoPCOnline,392,raw/108803350/responses/0007_a399d40fcb64.json
108842630,1,POST,200,Fetch,https://m.ctrip.com/restapi/soa2/10182/GetAvailablePoints?_fxpcqlniredt=09031109115864990735&x-traceID=09031109115864990735-1788256040016-8146602,463,raw/108842630/responses/0001_7409d8bb30db.json
109170295,1,POST,200,Fetch,https://m.ctrip.com/restapi/soa2/10182/GetAvailablePoints?_fxpcqlniredt=09031109115864990735&x-traceID=09031109115864990735-1788239264157-9467324,462,raw/109170295/responses/0001_cbeb3f0eb2cf.json
109170295,2,POST,200,Fetch,https://m.ctrip.com/restapi/soa2/34308/getHotelCommentInfo,397,raw/109170295/responses/0002_e5cdff472821.json
109170295,3,POST,200,Fetch,https://m.ctrip.com/restapi/soa2/28820/ctGetNearbyHotelList,376,raw/109170295/responses/0003_6558381281e0.json
109170295,4,POST,200,Fetch,https://m.ctrip.com/restapi/soa2/33278/getDetailAdditionalInfo,20632,raw/109170295/responses/0004_c37be698535c.json
109170295,5,POST,200,Fetch,https://m.ctrip.com/restapi/soa2/33278/getHotelRoomListInland,406,raw/109170295/responses/0005_126ff2c3c3c2.json
109170295,6,POST,200,Fetch,https://m.ctrip.com/restapi/soa2/28820/ctgethotelalbum,152341,raw/109170295/responses/0006_b034201a0549.json
109170295,7,POST,200,Fetch,https://m.ctrip.com/restapi/soa2/35021/getHotelRoomPopInfoPCOnline,392,raw/109170295/responses/0007_a399d40fcb64.json
109457575,1,POST,200,Fetch,https://m.ctrip.com/restapi/soa2/10182/GetAvailablePoints?_fxpcqlniredt=09031109115864990735&x-traceID=09031109115864990735-1788240639824-6417942,463,raw/109457575/responses/0001_0a000a420181.json
11054263,1,POST,200,Fetch,https://m.ctrip.com/restapi/soa2/10182/GetAvailablePoints?_fxpcqlniredt=09031109115864990735&x-traceID=09031109115864990735-1788256716218-5110046,463,raw/11054263/responses/0001_8a19bcf86b48.json
110705493,1,POST,200,Fetch,https://m.ctrip.com/restapi/soa2/10182/GetAvailablePoints?_fxpcqlniredt=09031109115864990735&x-traceID=09031109115864990735-1788237437168-2678395,463,raw/110705493/responses/0001_494e2ca43171.json
110705493,2,POST,200,Fetch,https://m.ctrip.com/restapi/soa2/34308/getHotelCommentInfo,399,raw/110705493/responses/0002_e5cdff472821.json
110705493,3,POST,200,Fetch,https://m.ctrip.com/restapi/soa2/33278/getHotelRoomListInland,408,raw/110705493/responses/0003_20a6b1dba238.json
110705493,4,POST,200,Fetch,https://m.ctrip.com/restapi/soa2/33278/getDetailAdditionalInfo,20882,raw/110705493/responses/0004_c37be698535c.json
110705493,5,POST,200,Fetch,https://m.ctrip.com/restapi/soa2/28820/ctgethotelalbum,298589,raw/110705493/responses/0005_0ef9cbf89082.json
110705493,6,POST,200,Fetch,https://m.ctrip.com/restapi/soa2/28820/ctGetNearbyHotelList,378,raw/110705493/responses/0006_9a431dd78faa.json
110705493,7,POST,200,Fetch,https://m.ctrip.com/restapi/soa2/35021/getHotelRoomPopInfoPCOnline,394,raw/110705493/responses/0007_a399d40fcb64.json
110862498,1,POST,200,Fetch,https://m.ctrip.com/restapi/soa2/34308/getHotelCommentInfo,66507,raw/110862498/responses/0001_a72c8f9fa60e.json
110862498,2,POST,200,Fetch,https://m.ctrip.com/restapi/soa2/33278/getDetailAdditionalInfo,19827,raw/110862498/responses/0002_0f6525cc02a9.json
110862498,3,POST,200,Fetch,https://m.ctrip.com/restapi/soa2/10182/GetAvailablePoints?_fxpcqlniredt=09031109115864990735&x-traceID=09031109115864990735-1788164401847-8977885,463,raw/110862498/responses/0003_347668a26193.json
110862498,4,POST,200,Fetch,https://m.ctrip.com/restapi/soa2/28820/ctgethotelalbum,363922,raw/110862498/responses/0004_65975e8ff220.json
110862498,5,POST,200,Fetch,https://m.ctrip.com/restapi/soa2/33278/getHotelRoomListInland,700090,raw/110862498/responses/0005_126ff2c3c3c2.json
110862498,6,POST,200,Fetch,https://m.ctrip.com/restapi/soa2/28820/ctGetNearbyHotelList,139080,raw/110862498/responses/0006_9a431dd78faa.json
110862498,7,POST,200,Fetch,https://m.ctrip.com/restapi/soa2/35021/getHotelRoomPopInfoPCOnline,784596,raw/110862498/responses/0007_a399d40fcb64.json
1116290,1,POST,200,Fetch,https://m.ctrip.com/restapi/soa2/10182/GetAvailablePoints?_fxpcqlniredt=09031109115864990735&x-traceID=09031109115864990735-1788163751940-3603067,462,raw/1116290/responses/0001_4bc91a1b54b2.json
1116290,2,POST,200,Fetch,https://m.ctrip.com/restapi/soa2/33278/getDetailAdditionalInfo,19796,raw/1116290/responses/0002_0f6525cc02a9.json
1116290,3,POST,200,Fetch,https://m.ctrip.com/restapi/soa2/28820/ctgethotelalbum,308657,raw/1116290/responses/0003_b0749e138db6.json
1116290,4,POST,200,Fetch,https://m.ctrip.com/restapi/soa2/34308/getHotelCommentInfo,65436,raw/1116290/responses/0004_f4484678b221.json
1116290,5,POST,200,Fetch,https://m.ctrip.com/restapi/soa2/28820/ctGetNearbyHotelList,136043,raw/1116290/responses/0005_1e2127aae2e6.json
1116290,6,POST,200,Fetch,https://m.ctrip.com/restapi/soa2/33278/getHotelRoomListInland,1415208,raw/1116290/responses/0006_b404bd1188b5.json
1116290,7,POST,200,Fetch,https://m.ctrip.com/restapi/soa2/35021/getHotelRoomPopInfoPCOnline,1392754,raw/1116290/responses/0007_a399d40fcb64.json
1117436,1,POST,200,Fetch,https://m.ctrip.com/restapi/soa2/10182/GetAvailablePoints?_fxpcqlniredt=09031109115864990735&x-traceID=09031109115864990735-1788164874470-5049912,462,raw/1117436/responses/0001_3aabc0ce2d51.json
1117436,2,POST,200,Fetch,https://m.ctrip.com/restapi/soa2/33278/getDetailAdditionalInfo,20320,raw/1117436/responses/0002_0f6525cc02a9.json
1117436,3,POST,200,Fetch,https://m.ctrip.com/restapi/soa2/28820/ctgethotelalbum,377258,raw/1117436/responses/0003_b0749e138db6.json
1117436,4,POST,200,Fetch,https://m.ctrip.com/restapi/soa2/34308/getHotelCommentInfo,69718,raw/1117436/responses/0004_f4484678b221.json
1117436,5,POST,200,Fetch,https://m.ctrip.com/restapi/soa2/28820/ctGetNearbyHotelList,137852,raw/1117436/responses/0005_1e2127aae2e6.json
1117436,6,POST,200,Fetch,https://m.ctrip.com/restapi/soa2/33278/getHotelRoomListInland,1311248,raw/1117436/responses/0006_b404bd1188b5.json
1117436,7,POST,200,Fetch,https://m.ctrip.com/restapi/soa2/35021/getHotelRoomPopInfoPCOnline,1618451,raw/1117436/responses/0007_a399d40fcb64.json
111797086,1,POST,200,Fetch,https://m.ctrip.com/restapi/soa2/10182/GetAvailablePoints?_fxpcqlniredt=09031109115864990735&x-traceID=09031109115864990735-1788255654626-9431655,463,raw/111797086/responses/0001_9d1bc5d4592e.json
111797086,2,POST,200,Fetch,https://m.ctrip.com/restapi/soa2/34308/getHotelCommentInfo,399,raw/111797086/responses/0002_e5cdff472821.json
111797086,3,POST,200,Fetch,https://m.ctrip.com/restapi/soa2/33278/getHotelRoomListInland,408,raw/111797086/responses/0003_20a6b1dba238.json
111797086,4,POST,200,Fetch,https://m.ctrip.com/restapi/soa2/33278/getDetailAdditionalInfo,20541,raw/111797086/responses/0004_c37be698535c.json
111797086,5,POST,200,Fetch,https://m.ctrip.com/restapi/soa2/28820/ctGetNearbyHotelList,378,raw/111797086/responses/0005_1e2127aae2e6.json
111797086,6,POST,200,Fetch,https://m.ctrip.com/restapi/soa2/28820/ctgethotelalbum,240247,raw/111797086/responses/0006_b034201a0549.json
111797086,7,POST,200,Fetch,https://m.ctrip.com/restapi/soa2/35021/getHotelRoomPopInfoPCOnline,394,raw/111797086/responses/0007_a399d40fcb64.json
111799374,1,POST,200,Fetch,https://m.ctrip.com/restapi/soa2/10182/GetAvailablePoints?_fxpcqlniredt=09031109115864990735&x-traceID=09031109115864990735-1788238962784-5247284,462,raw/111799374/responses/0001_9aa1c09b2329.json
111799374,2,POST,200,Fetch,https://m.ctrip.com/restapi/soa2/34308/getHotelCommentInfo,397,raw/111799374/responses/0002_e5cdff472821.json
111799374,3,POST,200,Fetch,https://m.ctrip.com/restapi/soa2/33278/getDetailAdditionalInfo,19970,raw/111799374/responses/0003_9a699f28ead6.json
111799374,4,POST,200,Fetch,https://m.ctrip.com/restapi/soa2/28820/ctGetNearbyHotelList,376,raw/111799374/responses/0004_b9f75dd5f3db.json
111799374,5,POST,200,Fetch,https://m.ctrip.com/restapi/soa2/28820/ctgethotelalbum,258808,raw/111799374/responses/0005_0ef9cbf89082.json
111799374,6,POST,200,Fetch,https://m.ctrip.com/restapi/soa2/33278/getHotelRoomListInland,406,raw/111799374/responses/0006_b404bd1188b5.json
111799374,7,POST,200,Fetch,https://m.ctrip.com/restapi/soa2/35021/getHotelRoomPopInfoPCOnline,392,raw/111799374/responses/0007_a399d40fcb64.json
112228654,1,POST,200,Fetch,https://m.ctrip.com/restapi/soa2/10182/GetAvailablePoints?_fxpcqlniredt=09031109115864990735&x-traceID=09031109115864990735-1788163327303-3876290,462,raw/112228654/responses/0001_9b2217619db0.json
112228654,2,POST,200,Fetch,https://m.ctrip.com/restapi/soa2/33278/getDetailAdditionalInfo,20264,raw/112228654/responses/0002_0f6525cc02a9.json
112228654,3,POST,200,Fetch,https://m.ctrip.com/restapi/soa2/34308/getHotelCommentInfo,67515,raw/112228654/responses/0003_8a41a2728111.json
112228654,4,POST,200,Fetch,https://m.ctrip.com/restapi/soa2/28820/ctgethotelalbum,326812,raw/112228654/responses/0004_65975e8ff220.json
112228654,5,POST,200,Fetch,https://m.ctrip.com/restapi/soa2/28820/ctGetNearbyHotelList,132587,raw/112228654/responses/0005_1e2127aae2e6.json
112228654,6,POST,200,Fetch,https://m.ctrip.com/restapi/soa2/33278/getHotelRoomListInland,1096986,raw/112228654/responses/0006_b404bd1188b5.json
11231104,1,POST,200,Fetch,https://m.ctrip.com/restapi/soa2/10182/GetAvailablePoints?_fxpcqlniredt=09031109115864990735&x-traceID=09031109115864990735-1788241274183-4199779,463,raw/11231104/responses/0001_59bb870bfc4d.json
11231104,2,POST,200,Fetch,https://m.ctrip.com/restapi/soa2/34308/getHotelCommentInfo,399,raw/11231104/responses/0002_e5cdff472821.json
11231104,3,POST,200,Fetch,https://m.ctrip.com/restapi/soa2/33278/getDetailAdditionalInfo,19950,raw/11231104/responses/0003_9a699f28ead6.json
11231104,4,POST,200,Fetch,https://m.ctrip.com/restapi/soa2/33278/getHotelRoomListInland,408,raw/11231104/responses/0004_4484b63447e6.json
11231104,5,POST,200,Fetch,https://m.ctrip.com/restapi/soa2/28820/ctgethotelalbum,254899,raw/11231104/responses/0005_0ef9cbf89082.json
11231104,6,POST,200,Fetch,https://m.ctrip.com/restapi/soa2/28820/ctGetNearbyHotelList,378,raw/11231104/responses/0006_9a431dd78faa.json
11231104,7,POST,200,Fetch,https://m.ctrip.com/restapi/soa2/35021/getHotelRoomPopInfoPCOnline,394,raw/11231104/responses/0007_a399d40fcb64.json
112337671,1,POST,200,Fetch,https://m.ctrip.com/restapi/soa2/10182/GetAvailablePoints?_fxpcqlniredt=09031109115864990735&x-traceID=09031109115864990735-1788235846851-4348391,462,raw/112337671/responses/0001_61804db8b98d.json
112337671,2,POST,200,Fetch,https://m.ctrip.com/restapi/soa2/34308/getHotelCommentInfo,397,raw/112337671/responses/0002_e5cdff472821.json
112337671,3,POST,200,Fetch,https://m.ctrip.com/restapi/soa2/33278/getDetailAdditionalInfo,20081,raw/112337671/responses/0003_9a699f28ead6.json
112337671,4,POST,200,Fetch,https://m.ctrip.com/restapi/soa2/28820/ctgethotelalbum,389606,raw/112337671/responses/0004_65975e8ff220.json
112337671,5,POST,200,Fetch,https://m.ctrip.com/restapi/soa2/28820/ctGetNearbyHotelList,376,raw/112337671/responses/0005_1e2127aae2e6.json
112337671,6,POST,200,Fetch,https://m.ctrip.com/restapi/soa2/33278/getHotelRoomListInland,406,raw/112337671/responses/0006_b404bd1188b5.json
112337671,7,POST,200,Fetch,https://m.ctrip.com/restapi/soa2/35021/getHotelRoomPopInfoPCOnline,392,raw/112337671/responses/0007_a399d40fcb64.json
11238320,1,POST,200,Fetch,https://m.ctrip.com/restapi/soa2/10182/GetAvailablePoints?_fxpcqlniredt=09031109115864990735&x-traceID=09031109115864990735-1788166822071-4552509,460,raw/11238320/responses/0001_ab0a3036e407.json
112491201,1,POST,200,Fetch,https://m.ctrip.com/restapi/soa2/10182/GetAvailablePoints?_fxpcqlniredt=09031109115864990735&x-traceID=09031109115864990735-1788255906941-1695574,463,raw/112491201/responses/0001_ae1f6678e4ec.json
112491201,2,POST,200,Fetch,https://m.ctrip.com/restapi/soa2/33278/getHotelRoomListInland,408,raw/112491201/responses/0002_e41e460f95a3.json
112491201,3,POST,200,Fetch,https://m.ctrip.com/restapi/soa2/33278/getDetailAdditionalInfo,19970,raw/112491201/responses/0003_9a699f28ead6.json
112491201,4,POST,200,Fetch,https://m.ctrip.com/restapi/soa2/28820/ctGetNearbyHotelList,378,raw/112491201/responses/0004_b9f75dd5f3db.json
112491201,5,POST,200,Fetch,https://m.ctrip.com/restapi/soa2/34308/getHotelCommentInfo,399,raw/112491201/responses/0005_741564f8da4e.json
112491201,6,POST,200,Fetch,https://m.ctrip.com/restapi/soa2/28820/ctgethotelalbum,462312,raw/112491201/responses/0006_b034201a0549.json
112491201,7,POST,200,Fetch,https://m.ctrip.com/restapi/soa2/35021/getHotelRoomPopInfoPCOnline,394,raw/112491201/responses/0007_a399d40fcb64.json
112626444,1,POST,200,Fetch,https://m.ctrip.com/restapi/soa2/10182/GetAvailablePoints?_fxpcqlniredt=09031109115864990735&x-traceID=09031109115864990735-1788255689223-3991767,463,raw/112626444/responses/0001_a57eee6fc232.json
112626444,2,POST,200,Fetch,https://m.ctrip.com/restapi/soa2/34308/getHotelCommentInfo,399,raw/112626444/responses/0002_e5cdff472821.json
112626444,3,POST,200,Fetch,https://m.ctrip.com/restapi/soa2/33278/getDetailAdditionalInfo,17418,raw/112626444/responses/0003_9a699f28ead6.json
112626444,4,POST,200,Fetch,https://m.ctrip.com/restapi/soa2/33278/getHotelRoomListInland,408,raw/112626444/responses/0004_4484b63447e6.json
112626444,5,POST,200,Fetch,https://m.ctrip.com/restapi/soa2/28820/ctGetNearbyHotelList,378,raw/112626444/responses/0005_1e2127aae2e6.json
112626444,6,POST,200,Fetch,https://m.ctrip.com/restapi/soa2/28820/ctgethotelalbum,372399,raw/112626444/responses/0006_b034201a0549.json
112626444,7,POST,200,Fetch,https://m.ctrip.com/restapi/soa2/35021/getHotelRoomPopInfoPCOnline,394,raw/112626444/responses/0007_a399d40fcb64.json
112806607,1,POST,200,Fetch,https://m.ctrip.com/restapi/soa2/10182/GetAvailablePoints?_fxpcqlniredt=09031109115864990735&x-traceID=09031109115864990735-1788240000707-349871,463,raw/112806607/responses/0001_2101150fecc7.json
112806607,2,POST,200,Fetch,https://m.ctrip.com/restapi/soa2/34308/getHotelCommentInfo,399,raw/112806607/responses/0002_e5cdff472821.json
112806607,3,POST,200,Fetch,https://m.ctrip.com/restapi/soa2/28820/ctGetNearbyHotelList,378,raw/112806607/responses/0003_6558381281e0.json
112806607,4,POST,200,Fetch,https://m.ctrip.com/restapi/soa2/33278/getHotelRoomListInland,408,raw/112806607/responses/0004_4484b63447e6.json
112806607,5,POST,200,Fetch,https://m.ctrip.com/restapi/soa2/33278/getDetailAdditionalInfo,20244,raw/112806607/responses/0005_1139d80bc75b.json
112806607,6,POST,200,Fetch,https://m.ctrip.com/restapi/soa2/28820/ctgethotelalbum,379151,raw/112806607/responses/0006_b034201a0549.json
112806607,7,POST,200,Fetch,https://m.ctrip.com/restapi/soa2/35021/getHotelRoomPopInfoPCOnline,394,raw/112806607/responses/0007_a399d40fcb64.json
112811119,1,POST,200,Fetch,https://m.ctrip.com/restapi/soa2/10182/GetAvailablePoints?_fxpcqlniredt=09031109115864990735&x-traceID=09031109115864990735-1788238066909-8276337,463,raw/112811119/responses/0001_7b04cb261b2b.json
112811119,2,POST,200,Fetch,https://m.ctrip.com/restapi/soa2/34308/getHotelCommentInfo,399,raw/112811119/responses/0002_e5cdff472821.json
112811119,3,POST,200,Fetch,https://m.ctrip.com/restapi/soa2/28820/ctGetNearbyHotelList,378,raw/112811119/responses/0003_6558381281e0.json
112811119,4,POST,200,Fetch,https://m.ctrip.com/restapi/soa2/33278/getDetailAdditionalInfo,19787,raw/112811119/responses/0004_c37be698535c.json
112811119,5,POST,200,Fetch,https://m.ctrip.com/restapi/soa2/33278/getHotelRoomListInland,408,raw/112811119/responses/0005_126ff2c3c3c2.json
112811119,6,POST,200,Fetch,https://m.ctrip.com/restapi/soa2/28820/ctgethotelalbum,455067,raw/112811119/responses/0006_b034201a0549.json
112811119,7,POST,200,Fetch,https://m.ctrip.com/restapi/soa2/35021/getHotelRoomPopInfoPCOnline,394,raw/112811119/responses/0007_a399d40fcb64.json
112856656,1,POST,200,Fetch,https://m.ctrip.com/restapi/soa2/10182/GetAvailablePoints?_fxpcqlniredt=09031109115864990735&x-traceID=09031109115864990735-1788235257309-5935795,461,raw/112856656/responses/0001_7bbd3bed5892.json
112856656,2,POST,200,Fetch,https://m.ctrip.com/restapi/soa2/34308/getHotelCommentInfo,395,raw/112856656/responses/0002_e5cdff472821.json
112856656,3,POST,200,Fetch,https://m.ctrip.com/restapi/soa2/33278/getHotelRoomListInland,404,raw/112856656/responses/0003_20a6b1dba238.json
112856656,4,POST,200,Fetch,https://m.ctrip.com/restapi/soa2/28820/ctGetNearbyHotelList,374,raw/112856656/responses/0004_b9f75dd5f3db.json
112856656,5,POST,200,Fetch,https://m.ctrip.com/restapi/soa2/33278/getDetailAdditionalInfo,19790,raw/112856656/responses/0005_1139d80bc75b.json
112856656,6,POST,200,Fetch,https://m.ctrip.com/restapi/soa2/28820/ctgethotelalbum,345183,raw/112856656/responses/0006_b034201a0549.json
112856656,7,POST,200,Fetch,https://m.ctrip.com/restapi/soa2/35021/getHotelRoomPopInfoPCOnline,390,raw/112856656/responses/0007_a399d40fcb64.json
112950210,1,POST,200,Fetch,https://m.ctrip.com/restapi/soa2/10182/GetAvailablePoints?_fxpcqlniredt=09031109115864990735&x-traceID=09031109115864990735-1788512852285-3931501,462,raw/112950210/responses/0001_217ad50bd6a0.json
112950210,2,POST,200,Fetch,https://m.ctrip.com/restapi/soa2/34308/getHotelCommentInfo,397,raw/112950210/responses/0002_e5cdff472821.json
112950210,3,POST,200,Fetch,https://m.ctrip.com/restapi/soa2/33278/getDetailAdditionalInfo,20242,raw/112950210/responses/0003_9a699f28ead6.json
112950210,4,POST,200,Fetch,https://m.ctrip.com/restapi/soa2/28820/ctgethotelalbum,174362,raw/112950210/responses/0004_65975e8ff220.json
112950210,5,POST,200,Fetch,https://m.ctrip.com/restapi/soa2/33278/getHotelRoomListInland,406,raw/112950210/responses/0005_126ff2c3c3c2.json
112950210,6,POST,200,Fetch,https://m.ctrip.com/restapi/soa2/28820/ctGetNearbyHotelList,376,raw/112950210/responses/0006_9a431dd78faa.json
112950210,7,POST,200,Fetch,https://m.ctrip.com/restapi/soa2/35021/getHotelRoomPopInfoPCOnline,392,raw/112950210/responses/0007_a399d40fcb64.json
113247006,1,POST,200,Fetch,https://m.ctrip.com/restapi/soa2/34308/getHotelCommentInfo,40109,raw/113247006/responses/0001_a72c8f9fa60e.json
113247006,2,POST,200,Fetch,https://m.ctrip.com/restapi/soa2/28820/ctgethotelalbum,188269,raw/113247006/responses/0002_053ef16233d1.json
113247006,3,POST,200,Fetch,https://m.ctrip.com/restapi/soa2/33278/getDetailAdditionalInfo,20267,raw/113247006/responses/0003_9a699f28ead6.json
113247006,4,POST,200,Fetch,https://m.ctrip.com/restapi/soa2/10182/GetAvailablePoints?_fxpcqlniredt=09031109115864990735&x-traceID=09031109115864990735-1788165855578-3779689,463,raw/113247006/responses/0004_a53baef262ec.json
113247006,5,POST,200,Fetch,https://m.ctrip.com/restapi/soa2/28820/ctGetNearbyHotelList,135439,raw/113247006/responses/0005_1e2127aae2e6.json
113247006,6,POST,200,Fetch,https://m.ctrip.com/restapi/soa2/33278/getHotelRoomListInland,615415,raw/113247006/responses/0006_b404bd1188b5.json
113247006,7,POST,200,Fetch,https://m.ctrip.com/restapi/soa2/35021/getHotelRoomPopInfoPCOnline,940024,raw/113247006/responses/0007_a399d40fcb64.json
113408029,1,POST,200,Fetch,https://m.ctrip.com/restapi/soa2/10182/GetAvailablePoints?_fxpcqlniredt=09031109115864990735&x-traceID=09031109115864990735-1788256940706-3229523,461,raw/113408029/responses/0001_8da3c1c67652.json
113408029,2,POST,200,Fetch,https://m.ctrip.com/restapi/soa2/34308/getHotelCommentInfo,397,raw/113408029/responses/0002_e5cdff472821.json
113408029,3,POST,200,Fetch,https://m.ctrip.com/restapi/soa2/33278/getHotelRoomListInland,406,raw/113408029/responses/0003_20a6b1dba238.json
113408029,4,POST,200,Fetch,https://m.ctrip.com/restapi/soa2/33278/getDetailAdditionalInfo,20163,raw/113408029/responses/0004_c37be698535c.json
113408029,5,POST,200,Fetch,https://m.ctrip.com/restapi/soa2/28820/ctGetNearbyHotelList,376,raw/113408029/responses/0005_1e2127aae2e6.json
113408029,6,POST,200,Fetch,https://m.ctrip.com/restapi/soa2/28820/ctgethotelalbum,213872,raw/113408029/responses/0006_b034201a0549.json
113408029,7,POST,200,Fetch,https://m.ctrip.com/restapi/soa2/35021/getHotelRoomPopInfoPCOnline,392,raw/113408029/responses/0007_a399d40fcb64.json
113607394,1,POST,200,Fetch,https://m.ctrip.com/restapi/soa2/10182/GetAvailablePoints?_fxpcqlniredt=09031109115864990735&x-traceID=09031109115864990735-1788239893406-7309077,463,raw/113607394/responses/0001_57757b146dfb.json
113684132,1,POST,200,Fetch,https://m.ctrip.com/restapi/soa2/10182/GetAvailablePoints?_fxpcqlniredt=09031109115864990735&x-traceID=09031109115864990735-1788164707615-7262238,463,raw/113684132/responses/0001_2f9b0b766158.json
113684132,2,POST,200,Fetch,https://m.ctrip.com/restapi/soa2/28820/ctgethotelalbum,125962,raw/113684132/responses/0002_053ef16233d1.json
113684132,3,POST,200,Fetch,https://m.ctrip.com/restapi/soa2/33278/getDetailAdditionalInfo,14777,raw/113684132/responses/0003_9a699f28ead6.json
113684132,4,POST,200,Fetch,https://m.ctrip.com/restapi/soa2/34308/getHotelCommentInfo,32711,raw/113684132/responses/0004_f4484678b221.json
113684132,5,POST,200,Fetch,https://m.ctrip.com/restapi/soa2/33278/getHotelRoomListInland,98721,raw/113684132/responses/0005_126ff2c3c3c2.json
113684132,6,POST,200,Fetch,https://m.ctrip.com/restapi/soa2/28820/ctGetNearbyHotelList,132741,raw/113684132/responses/0006_9a431dd78faa.json
113684132,7,POST,200,Fetch,https://m.ctrip.com/restapi/soa2/35021/getHotelRoomPopInfoPCOnline,89435,raw/113684132/responses/0007_a399d40fcb64.json
114057699,1,POST,200,Fetch,https://m.ctrip.com/restapi/soa2/10182/GetAvailablePoints?_fxpcqlniredt=09031109115864990735&x-traceID=09031109115864990735-1788512320204-8216165,463,raw/114057699/responses/0001_62cdacf476c4.json
114057699,2,POST,200,Fetch,https://m.ctrip.com/restapi/soa2/34308/getHotelCommentInfo,399,raw/114057699/responses/0002_e5cdff472821.json
114057699,3,POST,200,Fetch,https://m.ctrip.com/restapi/soa2/33278/getDetailAdditionalInfo,20174,raw/114057699/responses/0003_9a699f28ead6.json
114057699,4,POST,200,Fetch,https://m.ctrip.com/restapi/soa2/28820/ctGetNearbyHotelList,378,raw/114057699/responses/0004_b9f75dd5f3db.json
114057699,5,POST,200,Fetch,https://m.ctrip.com/restapi/soa2/33278/getHotelRoomListInland,408,raw/114057699/responses/0005_126ff2c3c3c2.json
114057699,6,POST,200,Fetch,https://m.ctrip.com/restapi/soa2/28820/ctgethotelalbum,269776,raw/114057699/responses/0006_b034201a0549.json
114057699,7,POST,200,Fetch,https://m.ctrip.com/restapi/soa2/35021/getHotelRoomPopInfoPCOnline,394,raw/114057699/responses/0007_a399d40fcb64.json
114057699,8,POST,200,Fetch,https://m.ctrip.com/restapi/soa2/10182/GetAvailablePoints?_fxpcqlniredt=09031109115864990735&x-traceID=09031109115864990735-1788512349055-1462885,463,raw/114057699/responses/0008_85cbed410e97.json
114057699,9,POST,200,Fetch,https://m.ctrip.com/restapi/soa2/34308/getHotelCommentInfo,399,raw/114057699/responses/0009_16704da4c85d.json
114057699,10,POST,200,Fetch,https://m.ctrip.com/restapi/soa2/33278/getDetailAdditionalInfo,20174,raw/114057699/responses/0010_b5f4cc4eb2a3.json
114057699,11,POST,200,Fetch,https://m.ctrip.com/restapi/soa2/28820/ctgethotelalbum,269776,raw/114057699/responses/0011_606c871b4b51.json
114057699,12,POST,200,Fetch,https://m.ctrip.com/restapi/soa2/33278/getHotelRoomListInland,408,raw/114057699/responses/0012_24238c000e9a.json
114057699,13,POST,200,Fetch,https://m.ctrip.com/restapi/soa2/28820/ctGetNearbyHotelList,378,raw/114057699/responses/0013_6a80e1cfeaa4.json
114057699,14,POST,200,Fetch,https://m.ctrip.com/restapi/soa2/35021/getHotelRoomPopInfoPCOnline,394,raw/114057699/responses/0014_d5f03d47e89d.json
114329911,1,POST,200,Fetch,https://m.ctrip.com/restapi/soa2/10182/GetAvailablePoints?_fxpcqlniredt=09031109115864990735&x-traceID=09031109115864990735-1788512220451-1296919,462,raw/114329911/responses/0001_7da3185c80f9.json
114329911,2,POST,200,Fetch,https://m.ctrip.com/restapi/soa2/34308/getHotelCommentInfo,399,raw/114329911/responses/0002_e5cdff472821.json
114329911,3,POST,200,Fetch,https://m.ctrip.com/restapi/soa2/33278/getDetailAdditionalInfo,20035,raw/114329911/responses/0003_9a699f28ead6.json
114329911,4,POST,200,Fetch,https://m.ctrip.com/restapi/soa2/28820/ctgethotelalbum,282681,raw/114329911/responses/0004_65975e8ff220.json
114329911,5,POST,200,Fetch,https://m.ctrip.com/restapi/soa2/28820/ctGetNearbyHotelList,378,raw/114329911/responses/0005_1e2127aae2e6.json
114329911,6,POST,200,Fetch,https://m.ctrip.com/restapi/soa2/33278/getHotelRoomListInland,408,raw/114329911/responses/0006_b404bd1188b5.json
114329911,7,POST,200,Fetch,https://m.ctrip.com/restapi/soa2/35021/getHotelRoomPopInfoPCOnline,394,raw/114329911/responses/0007_a399d40fcb64.json
114397688,1,POST,200,Fetch,https://m.ctrip.com/restapi/soa2/10182/GetAvailablePoints?_fxpcqlniredt=09031109115864990735&x-traceID=09031109115864990735-1788163679363-1970797,462,raw/114397688/responses/0001_1bd98d397384.json
114397688,2,POST,200,Fetch,https://m.ctrip.com/restapi/soa2/34308/getHotelCommentInfo,75724,raw/114397688/responses/0002_e5cdff472821.json
114397688,3,POST,200,Fetch,https://m.ctrip.com/restapi/soa2/28820/ctgethotelalbum,300960,raw/114397688/responses/0003_b0749e138db6.json
114397688,4,POST,200,Fetch,https://m.ctrip.com/restapi/soa2/33278/getDetailAdditionalInfo,19940,raw/114397688/responses/0004_c37be698535c.json
114397688,5,POST,200,Fetch,https://m.ctrip.com/restapi/soa2/28820/ctGetNearbyHotelList,135344,raw/114397688/responses/0005_1e2127aae2e6.json
114397688,6,POST,200,Fetch,https://m.ctrip.com/restapi/soa2/33278/getHotelRoomListInland,1022943,raw/114397688/responses/0006_b404bd1188b5.json
114397688,7,POST,200,Fetch,https://m.ctrip.com/restapi/soa2/35021/getHotelRoomPopInfoPCOnline,1010333,raw/114397688/responses/0007_a399d40fcb64.json
114397688,8,POST,200,Fetch,https://m.ctrip.com/restapi/soa2/10182/GetAvailablePoints?_fxpcqlniredt=09031109115864990735&x-traceID=09031109115864990735-1788163709717-7112772,462,raw/114397688/responses/0008_f19776f464ba.json
114397688,9,POST,200,Fetch,https://m.ctrip.com/restapi/soa2/33278/getDetailAdditionalInfo,19940,raw/114397688/responses/0009_e01901ce0bf5.json
114397688,10,POST,200,Fetch,https://m.ctrip.com/restapi/soa2/28820/ctgethotelalbum,300960,raw/114397688/responses/0010_f6ae6585306e.json
114397688,11,POST,200,Fetch,https://m.ctrip.com/restapi/soa2/34308/getHotelCommentInfo,75724,raw/114397688/responses/0011_83f0d79e5ae0.json
114397688,12,POST,200,Fetch,https://m.ctrip.com/restapi/soa2/28820/ctGetNearbyHotelList,135345,raw/114397688/responses/0012_1cf245f2638a.json
114493400,1,POST,200,Fetch,https://m.ctrip.com/restapi/soa2/10182/GetAvailablePoints?_fxpcqlniredt=09031109115864990735&x-traceID=09031109115864990735-1788239633254-4883529,461,raw/114493400/responses/0001_bccf934f16c6.json
114493400,2,POST,200,Fetch,https://m.ctrip.com/restapi/soa2/34308/getHotelCommentInfo,397,raw/114493400/responses/0002_e5cdff472821.json
114493400,3,POST,200,Fetch,https://m.ctrip.com/restapi/soa2/33278/getHotelRoomListInland,406,raw/114493400/responses/0003_20a6b1dba238.json
114493400,4,POST,200,Fetch,https://m.ctrip.com/restapi/soa2/28820/ctGetNearbyHotelList,376,raw/114493400/responses/0004_b9f75dd5f3db.json
114493400,5,POST,200,Fetch,https://m.ctrip.com/restapi/soa2/33278/getDetailAdditionalInfo,20935,raw/114493400/responses/0005_1139d80bc75b.json
114493400,6,POST,200,Fetch,https://m.ctrip.com/restapi/soa2/35021/getHotelRoomPopInfoPCOnline,394,raw/114493400/responses/0006_e166730164ad.json
114493400,7,POST,200,Fetch,https://m.ctrip.com/restapi/soa2/28820/ctgethotelalbum,414534,raw/114493400/responses/0007_5551fd384839.json
114543500,1,POST,200,Fetch,https://m.ctrip.com/restapi/soa2/10182/GetAvailablePoints?_fxpcqlniredt=09031109115864990735&x-traceID=09031109115864990735-1788511902401-9971138,463,raw/114543500/responses/0001_b9f648d74cdf.json
114543500,2,POST,200,Fetch,https://m.ctrip.com/restapi/soa2/34308/getHotelCommentInfo,399,raw/114543500/responses/0002_e5cdff472821.json
114543500,3,POST,200,Fetch,https://m.ctrip.com/restapi/soa2/33278/getDetailAdditionalInfo,20395,raw/114543500/responses/0003_9a699f28ead6.json
114543500,4,POST,200,Fetch,https://m.ctrip.com/restapi/soa2/28820/ctGetNearbyHotelList,378,raw/114543500/responses/0004_b9f75dd5f3db.json
114543500,5,POST,200,Fetch,https://m.ctrip.com/restapi/soa2/33278/getHotelRoomListInland,408,raw/114543500/responses/0005_126ff2c3c3c2.json
114543500,6,POST,200,Fetch,https://m.ctrip.com/restapi/soa2/28820/ctgethotelalbum,251161,raw/114543500/responses/0006_b034201a0549.json
114543500,7,POST,200,Fetch,https://m.ctrip.com/restapi/soa2/35021/getHotelRoomPopInfoPCOnline,394,raw/114543500/responses/0007_a399d40fcb64.json
114597216,1,POST,200,Fetch,https://m.ctrip.com/restapi/soa2/10182/GetAvailablePoints?_fxpcqlniredt=09031109115864990735&x-traceID=09031109115864990735-1788511873336-7775716,463,raw/114597216/responses/0001_4911e95419a6.json
114597216,2,POST,200,Fetch,https://m.ctrip.com/restapi/soa2/34308/getHotelCommentInfo,399,raw/114597216/responses/0002_e5cdff472821.json
114597216,3,POST,200,Fetch,https://m.ctrip.com/restapi/soa2/28820/ctGetNearbyHotelList,378,raw/114597216/responses/0003_6558381281e0.json
114597216,4,POST,200,Fetch,https://m.ctrip.com/restapi/soa2/33278/getDetailAdditionalInfo,20680,raw/114597216/responses/0004_c37be698535c.json
114597216,5,POST,200,Fetch,https://m.ctrip.com/restapi/soa2/33278/getHotelRoomListInland,408,raw/114597216/responses/0005_126ff2c3c3c2.json
114597216,6,POST,200,Fetch,https://m.ctrip.com/restapi/soa2/28820/ctgethotelalbum,382681,raw/114597216/responses/0006_b034201a0549.json
114597216,7,POST,200,Fetch,https://m.ctrip.com/restapi/soa2/35021/getHotelRoomPopInfoPCOnline,394,raw/114597216/responses/0007_a399d40fcb64.json
114651663,1,POST,200,Fetch,https://m.ctrip.com/restapi/soa2/10182/GetAvailablePoints?_fxpcqlniredt=09031109115864990735&x-traceID=09031109115864990735-1788512037398-9188172,463,raw/114651663/responses/0001_a233c72d0e3e.json
114651663,2,POST,200,Fetch,https://m.ctrip.com/restapi/soa2/34308/getHotelCommentInfo,399,raw/114651663/responses/0002_e5cdff472821.json
114651663,3,POST,200,Fetch,https://m.ctrip.com/restapi/soa2/33278/getDetailAdditionalInfo,20643,raw/114651663/responses/0003_9a699f28ead6.json
114651663,4,POST,200,Fetch,https://m.ctrip.com/restapi/soa2/33278/getHotelRoomListInland,408,raw/114651663/responses/0004_4484b63447e6.json
114651663,5,POST,200,Fetch,https://m.ctrip.com/restapi/soa2/28820/ctGetNearbyHotelList,378,raw/114651663/responses/0005_1e2127aae2e6.json
114651663,6,POST,200,Fetch,https://m.ctrip.com/restapi/soa2/28820/ctgethotelalbum,311142,raw/114651663/responses/0006_b034201a0549.json
114651663,7,POST,200,Fetch,https://m.ctrip.com/restapi/soa2/35021/getHotelRoomPopInfoPCOnline,394,raw/114651663/responses/0007_a399d40fcb64.json
114651682,1,POST,200,Fetch,https://m.ctrip.com/restapi/soa2/10182/GetAvailablePoints?_fxpcqlniredt=09031109115864990735&x-traceID=09031109115864990735-1788236544315-4022285,463,raw/114651682/responses/0001_b378ec02e423.json
114651682,2,POST,200,Fetch,https://m.ctrip.com/restapi/soa2/33278/getHotelRoomListInland,408,raw/114651682/responses/0002_e41e460f95a3.json
114651682,3,POST,200,Fetch,https://m.ctrip.com/restapi/soa2/28820/ctGetNearbyHotelList,378,raw/114651682/responses/0003_6558381281e0.json
114651682,4,POST,200,Fetch,https://m.ctrip.com/restapi/soa2/33278/getDetailAdditionalInfo,21068,raw/114651682/responses/0004_c37be698535c.json
114651682,5,POST,200,Fetch,https://m.ctrip.com/restapi/soa2/34308/getHotelCommentInfo,399,raw/114651682/responses/0005_741564f8da4e.json
114651682,6,POST,200,Fetch,https://m.ctrip.com/restapi/soa2/28820/ctgethotelalbum,338338,raw/114651682/responses/0006_b034201a0549.json
114651682,7,POST,200,Fetch,https://m.ctrip.com/restapi/soa2/35021/getHotelRoomPopInfoPCOnline,394,raw/114651682/responses/0007_a399d40fcb64.json
114665902,1,POST,200,Fetch,https://m.ctrip.com/restapi/soa2/10182/GetAvailablePoints?_fxpcqlniredt=09031109115864990735&x-traceID=09031109115864990735-1788512248088-3994144,463,raw/114665902/responses/0001_c2c9d4702937.json
114665902,2,POST,200,Fetch,https://m.ctrip.com/restapi/soa2/34308/getHotelCommentInfo,399,raw/114665902/responses/0002_e5cdff472821.json
114665902,3,POST,200,Fetch,https://m.ctrip.com/restapi/soa2/28820/ctgethotelalbum,148330,raw/114665902/responses/0003_b0749e138db6.json
114665902,4,POST,200,Fetch,https://m.ctrip.com/restapi/soa2/33278/getDetailAdditionalInfo,20870,raw/114665902/responses/0004_c37be698535c.json
114665902,5,POST,200,Fetch,https://m.ctrip.com/restapi/soa2/33278/getHotelRoomListInland,408,raw/114665902/responses/0005_126ff2c3c3c2.json
114665902,6,POST,200,Fetch,https://m.ctrip.com/restapi/soa2/28820/ctGetNearbyHotelList,378,raw/114665902/responses/0006_9a431dd78faa.json
114665902,7,POST,200,Fetch,https://m.ctrip.com/restapi/soa2/35021/getHotelRoomPopInfoPCOnline,394,raw/114665902/responses/0007_a399d40fcb64.json
114716879,1,POST,200,Fetch,https://m.ctrip.com/restapi/soa2/10182/GetAvailablePoints?_fxpcqlniredt=09031109115864990735&x-traceID=09031109115864990735-1788255746326-9302258,463,raw/114716879/responses/0001_b5e7ca6fb0a9.json
114721466,1,POST,200,Fetch,https://m.ctrip.com/restapi/soa2/10182/GetAvailablePoints?_fxpcqlniredt=09031109115864990735&x-traceID=09031109115864990735-1788237038739-8353007,463,raw/114721466/responses/0001_b86fc2b5e590.json
114721466,2,POST,200,Fetch,https://m.ctrip.com/restapi/soa2/34308/getHotelCommentInfo,399,raw/114721466/responses/0002_e5cdff472821.json
114721466,3,POST,200,Fetch,https://m.ctrip.com/restapi/soa2/28820/ctGetNearbyHotelList,378,raw/114721466/responses/0003_6558381281e0.json
114721466,4,POST,200,Fetch,https://m.ctrip.com/restapi/soa2/33278/getHotelRoomListInland,408,raw/114721466/responses/0004_4484b63447e6.json
114721466,5,POST,200,Fetch,https://m.ctrip.com/restapi/soa2/33278/getDetailAdditionalInfo,20243,raw/114721466/responses/0005_1139d80bc75b.json
114721466,6,POST,200,Fetch,https://m.ctrip.com/restapi/soa2/28820/ctgethotelalbum,275221,raw/114721466/responses/0006_b034201a0549.json
114721466,7,POST,200,Fetch,https://m.ctrip.com/restapi/soa2/35021/getHotelRoomPopInfoPCOnline,394,raw/114721466/responses/0007_a399d40fcb64.json
114752883,1,POST,200,Fetch,https://m.ctrip.com/restapi/soa2/10182/GetAvailablePoints?_fxpcqlniredt=09031109115864990735&x-traceID=09031109115864990735-1788166786500-3072000,463,raw/114752883/responses/0001_fc142c37872f.json
114752883,2,POST,200,Fetch,https://m.ctrip.com/restapi/soa2/33278/getDetailAdditionalInfo,20195,raw/114752883/responses/0002_0f6525cc02a9.json
114752883,3,POST,200,Fetch,https://m.ctrip.com/restapi/soa2/28820/ctgethotelalbum,174450,raw/114752883/responses/0003_b0749e138db6.json
114752883,4,POST,200,Fetch,https://m.ctrip.com/restapi/soa2/34308/getHotelCommentInfo,38698,raw/114752883/responses/0004_f4484678b221.json
114752883,5,POST,200,Fetch,https://m.ctrip.com/restapi/soa2/33278/getHotelRoomListInland,115598,raw/114752883/responses/0005_126ff2c3c3c2.json
114752883,6,POST,200,Fetch,https://m.ctrip.com/restapi/soa2/28820/ctGetNearbyHotelList,130078,raw/114752883/responses/0006_9a431dd78faa.json
114752883,7,POST,200,Fetch,https://m.ctrip.com/restapi/soa2/35021/getHotelRoomPopInfoPCOnline,123964,raw/114752883/responses/0007_a399d40fcb64.json
114844024,1,POST,200,Fetch,https://m.ctrip.com/restapi/soa2/34308/getHotelCommentInfo,399,raw/114844024/responses/0001_a72c8f9fa60e.json
114844024,2,POST,200,Fetch,https://m.ctrip.com/restapi/soa2/33278/getHotelRoomListInland,408,raw/114844024/responses/0002_e41e460f95a3.json
114844024,3,POST,200,Fetch,https://m.ctrip.com/restapi/soa2/28820/ctGetNearbyHotelList,378,raw/114844024/responses/0003_6558381281e0.json
114844024,4,POST,200,Fetch,https://m.ctrip.com/restapi/soa2/33278/getDetailAdditionalInfo,20527,raw/114844024/responses/0004_c37be698535c.json
114844024,5,POST,200,Fetch,https://m.ctrip.com/restapi/soa2/28820/ctgethotelalbum,155493,raw/114844024/responses/0005_0ef9cbf89082.json
114844024,6,POST,200,Fetch,https://m.ctrip.com/restapi/soa2/35021/getHotelRoomPopInfoPCOnline,394,raw/114844024/responses/0006_e166730164ad.json
11491476,1,POST,200,Fetch,https://m.ctrip.com/restapi/soa2/10182/GetAvailablePoints?_fxpcqlniredt=09031109115864990735&x-traceID=09031109115864990735-1788166084300-837623,463,raw/11491476/responses/0001_93d8668af270.json
11491476,2,POST,200,Fetch,https://m.ctrip.com/restapi/soa2/33278/getDetailAdditionalInfo,13861,raw/11491476/responses/0002_0f6525cc02a9.json
11491476,3,POST,200,Fetch,https://m.ctrip.com/restapi/soa2/28820/ctgethotelalbum,378870,raw/11491476/responses/0003_b0749e138db6.json
11491476,4,POST,200,Fetch,https://m.ctrip.com/restapi/soa2/34308/getHotelCommentInfo,54766,raw/11491476/responses/0004_f4484678b221.json
11491476,5,POST,200,Fetch,https://m.ctrip.com/restapi/soa2/33278/getHotelRoomListInland,196239,raw/11491476/responses/0005_126ff2c3c3c2.json
11491476,6,POST,200,Fetch,https://m.ctrip.com/restapi/soa2/28820/ctGetNearbyHotelList,131874,raw/11491476/responses/0006_9a431dd78faa.json
11491476,7,POST,200,Fetch,https://m.ctrip.com/restapi/soa2/35021/getHotelRoomPopInfoPCOnline,195910,raw/11491476/responses/0007_a399d40fcb64.json
114940825,1,POST,200,Fetch,https://m.ctrip.com/restapi/soa2/10182/GetAvailablePoints?_fxpcqlniredt=09031109115864990735&x-traceID=09031109115864990735-1788236795323-4797400,463,raw/114940825/responses/0001_6bc3af6f7257.json
114940825,2,POST,200,Fetch,https://m.ctrip.com/restapi/soa2/34308/getHotelCommentInfo,399,raw/114940825/responses/0002_e5cdff472821.json
114940825,3,POST,200,Fetch,https://m.ctrip.com/restapi/soa2/33278/getDetailAdditionalInfo,19846,raw/114940825/responses/0003_9a699f28ead6.json
114940825,4,POST,200,Fetch,https://m.ctrip.com/restapi/soa2/33278/getHotelRoomListInland,408,raw/114940825/responses/0004_4484b63447e6.json
114940825,5,POST,200,Fetch,https://m.ctrip.com/restapi/soa2/28820/ctGetNearbyHotelList,378,raw/114940825/responses/0005_1e2127aae2e6.json
114940825,6,POST,200,Fetch,https://m.ctrip.com/restapi/soa2/28820/ctgethotelalbum,448695,raw/114940825/responses/0006_b034201a0549.json
114940825,7,POST,200,Fetch,https://m.ctrip.com/restapi/soa2/35021/getHotelRoomPopInfoPCOnline,394,raw/114940825/responses/0007_a399d40fcb64.json
114979037,1,POST,200,Fetch,https://m.ctrip.com/restapi/soa2/10182/GetAvailablePoints?_fxpcqlniredt=09031109115864990735&x-traceID=09031109115864990735-1788162722634-3390472,463,raw/114979037/responses/0001_e79323d4e2e8.json
114988143,1,POST,200,Fetch,https://m.ctrip.com/restapi/soa2/10182/GetAvailablePoints?_fxpcqlniredt=09031109115864990735&x-traceID=09031109115864990735-1788237557387-8361986,463,raw/114988143/responses/0001_afc2a829126e.json
114988143,2,POST,200,Fetch,https://m.ctrip.com/restapi/soa2/34308/getHotelCommentInfo,399,raw/114988143/responses/0002_e5cdff472821.json
114988143,3,POST,200,Fetch,https://m.ctrip.com/restapi/soa2/33278/getHotelRoomListInland,408,raw/114988143/responses/0003_20a6b1dba238.json
114988143,4,POST,200,Fetch,https://m.ctrip.com/restapi/soa2/33278/getDetailAdditionalInfo,20119,raw/114988143/responses/0004_c37be698535c.json
114988143,5,POST,200,Fetch,https://m.ctrip.com/restapi/soa2/28820/ctgethotelalbum,298604,raw/114988143/responses/0005_0ef9cbf89082.json
114988143,6,POST,200,Fetch,https://m.ctrip.com/restapi/soa2/28820/ctGetNearbyHotelList,378,raw/114988143/responses/0006_9a431dd78faa.json
114988143,7,POST,200,Fetch,https://m.ctrip.com/restapi/soa2/35021/getHotelRoomPopInfoPCOnline,394,raw/114988143/responses/0007_a399d40fcb64.json
114988143,8,POST,200,Fetch,https://m.ctrip.com/restapi/soa2/10182/GetAvailablePoints?_fxpcqlniredt=09031109115864990735&x-traceID=09031109115864990735-1788237586177-6292980,462,raw/114988143/responses/0008_c9f88d816042.json
114988143,9,POST,200,Fetch,https://m.ctrip.com/restapi/soa2/33278/getDetailAdditionalInfo,20119,raw/114988143/responses/0009_e01901ce0bf5.json
114988143,10,POST,200,Fetch,https://m.ctrip.com/restapi/soa2/34308/getHotelCommentInfo,399,raw/114988143/responses/0010_f587f57099fa.json
114988143,11,POST,200,Fetch,https://m.ctrip.com/restapi/soa2/33278/getHotelRoomListInland,408,raw/114988143/responses/0011_39b02e224aaf.json
114988143,12,POST,200,Fetch,https://m.ctrip.com/restapi/soa2/28820/ctGetNearbyHotelList,378,raw/114988143/responses/0012_1cf245f2638a.json
114988143,13,POST,200,Fetch,https://m.ctrip.com/restapi/soa2/28820/ctgethotelalbum,298604,raw/114988143/responses/0013_f7cafc9fc40d.json
114988143,14,POST,200,Fetch,https://m.ctrip.com/restapi/soa2/35021/getHotelRoomPopInfoPCOnline,394,raw/114988143/responses/0014_d5f03d47e89d.json
11540564,1,POST,200,Fetch,https://m.ctrip.com/restapi/soa2/10182/GetAvailablePoints?_fxpcqlniredt=09031109115864990735&x-traceID=09031109115864990735-1788236197223-2538254,463,raw/11540564/responses/0001_2159067eb08c.json
11540564,2,POST,200,Fetch,https://m.ctrip.com/restapi/soa2/34308/getHotelCommentInfo,399,raw/11540564/responses/0002_e5cdff472821.json
11540564,3,POST,200,Fetch,https://m.ctrip.com/restapi/soa2/33278/getHotelRoomListInland,408,raw/11540564/responses/0003_20a6b1dba238.json
11540564,4,POST,200,Fetch,https://m.ctrip.com/restapi/soa2/33278/getDetailAdditionalInfo,20732,raw/11540564/responses/0004_c37be698535c.json
11540564,5,POST,200,Fetch,https://m.ctrip.com/restapi/soa2/28820/ctgethotelalbum,312748,raw/11540564/responses/0005_0ef9cbf89082.json
11540564,6,POST,200,Fetch,https://m.ctrip.com/restapi/soa2/28820/ctGetNearbyHotelList,378,raw/11540564/responses/0006_9a431dd78faa.json
11540564,7,POST,200,Fetch,https://m.ctrip.com/restapi/soa2/35021/getHotelRoomPopInfoPCOnline,394,raw/11540564/responses/0007_a399d40fcb64.json
115626212,1,POST,200,Fetch,https://m.ctrip.com/restapi/soa2/10182/GetAvailablePoints?_fxpcqlniredt=09031109115864990735&x-traceID=09031109115864990735-1788165470885-2203747,463,raw/115626212/responses/0001_51f0ce18c116.json
115626212,2,POST,200,Fetch,https://m.ctrip.com/restapi/soa2/33278/getDetailAdditionalInfo,20117,raw/115626212/responses/0002_0f6525cc02a9.json
115626212,3,POST,200,Fetch,https://m.ctrip.com/restapi/soa2/28820/ctgethotelalbum,307436,raw/115626212/responses/0003_b0749e138db6.json
115626212,4,POST,200,Fetch,https://m.ctrip.com/restapi/soa2/34308/getHotelCommentInfo,67062,raw/115626212/responses/0004_f4484678b221.json
115626212,5,POST,200,Fetch,https://m.ctrip.com/restapi/soa2/33278/getHotelRoomListInland,852067,raw/115626212/responses/0005_126ff2c3c3c2.json
115626212,6,POST,200,Fetch,https://m.ctrip.com/restapi/soa2/28820/ctGetNearbyHotelList,136886,raw/115626212/responses/0006_9a431dd78faa.json
115730632,1,POST,200,Fetch,https://m.ctrip.com/restapi/soa2/10182/GetAvailablePoints?_fxpcqlniredt=09031109115864990735&x-traceID=09031109115864990735-1788239084668-26531,462,raw/115730632/responses/0001_78f5a87517cb.json
115730632,2,POST,200,Fetch,https://m.ctrip.com/restapi/soa2/34308/getHotelCommentInfo,397,raw/115730632/responses/0002_e5cdff472821.json
115730632,3,POST,200,Fetch,https://m.ctrip.com/restapi/soa2/33278/getDetailAdditionalInfo,20811,raw/115730632/responses/0003_9a699f28ead6.json
115730632,4,POST,200,Fetch,https://m.ctrip.com/restapi/soa2/33278/getHotelRoomListInland,406,raw/115730632/responses/0004_4484b63447e6.json
115730632,5,POST,200,Fetch,https://m.ctrip.com/restapi/soa2/28820/ctGetNearbyHotelList,376,raw/115730632/responses/0005_1e2127aae2e6.json
115730632,6,POST,200,Fetch,https://m.ctrip.com/restapi/soa2/28820/ctgethotelalbum,333686,raw/115730632/responses/0006_b034201a0549.json
115730632,7,POST,200,Fetch,https://m.ctrip.com/restapi/soa2/35021/getHotelRoomPopInfoPCOnline,392,raw/115730632/responses/0007_a399d40fcb64.json
115832249,1,POST,200,Fetch,https://m.ctrip.com/restapi/soa2/10182/GetAvailablePoints?_fxpcqlniredt=09031109115864990735&x-traceID=09031109115864990735-1788239580726-1137345,462,raw/115832249/responses/0001_c90b413dade7.json
115832249,2,POST,200,Fetch,https://m.ctrip.com/restapi/soa2/34308/getHotelCommentInfo,397,raw/115832249/responses/0002_e5cdff472821.json
115832249,3,POST,200,Fetch,https://m.ctrip.com/restapi/soa2/33278/getDetailAdditionalInfo,18197,raw/115832249/responses/0003_9a699f28ead6.json
115832249,4,POST,200,Fetch,https://m.ctrip.com/restapi/soa2/28820/ctGetNearbyHotelList,376,raw/115832249/responses/0004_b9f75dd5f3db.json
115832249,5,POST,200,Fetch,https://m.ctrip.com/restapi/soa2/33278/getHotelRoomListInland,408,raw/115832249/responses/0005_126ff2c3c3c2.json
115832249,6,POST,200,Fetch,https://m.ctrip.com/restapi/soa2/28820/ctgethotelalbum,214910,raw/115832249/responses/0006_b034201a0549.json
115832249,7,POST,200,Fetch,https://m.ctrip.com/restapi/soa2/35021/getHotelRoomPopInfoPCOnline,392,raw/115832249/responses/0007_a399d40fcb64.json
116884270,1,POST,200,Fetch,https://m.ctrip.com/restapi/soa2/10182/GetAvailablePoints?_fxpcqlniredt=09031109115864990735&x-traceID=09031109115864990735-1788165031105-2843649,463,raw/116884270/responses/0001_50a74d6523bd.json
116884270,2,POST,200,Fetch,https://m.ctrip.com/restapi/soa2/34308/getHotelCommentInfo,69890,raw/116884270/responses/0002_e5cdff472821.json
116884270,3,POST,200,Fetch,https://m.ctrip.com/restapi/soa2/33278/getDetailAdditionalInfo,20242,raw/116884270/responses/0003_9a699f28ead6.json
116884270,4,POST,200,Fetch,https://m.ctrip.com/restapi/soa2/28820/ctgethotelalbum,414862,raw/116884270/responses/0004_65975e8ff220.json
116884270,5,POST,200,Fetch,https://m.ctrip.com/restapi/soa2/28820/ctGetNearbyHotelList,131202,raw/116884270/responses/0005_1e2127aae2e6.json
116884270,6,POST,200,Fetch,https://m.ctrip.com/restapi/soa2/33278/getHotelRoomListInland,2007041,raw/116884270/responses/0006_b404bd1188b5.json
117149724,1,POST,200,Fetch,https://m.ctrip.com/restapi/soa2/10182/GetAvailablePoints?_fxpcqlniredt=09031109115864990735&x-traceID=09031109115864990735-1788512639026-6097541,461,raw/117149724/responses/0001_aa1c74c938f3.json
117149724,2,POST,200,Fetch,https://m.ctrip.com/restapi/soa2/34308/getHotelCommentInfo,397,raw/117149724/responses/0002_e5cdff472821.json
117149724,3,POST,200,Fetch,https://m.ctrip.com/restapi/soa2/33278/getDetailAdditionalInfo,20468,raw/117149724/responses/0003_9a699f28ead6.json
117149724,4,POST,200,Fetch,https://m.ctrip.com/restapi/soa2/28820/ctGetNearbyHotelList,376,raw/117149724/responses/0004_b9f75dd5f3db.json
117149724,5,POST,200,Fetch,https://m.ctrip.com/restapi/soa2/28820/ctgethotelalbum,247005,raw/117149724/responses/0005_0ef9cbf89082.json
117149724,6,POST,200,Fetch,https://m.ctrip.com/restapi/soa2/33278/getHotelRoomListInland,406,raw/117149724/responses/0006_b404bd1188b5.json
117149724,7,POST,200,Fetch,https://m.ctrip.com/restapi/soa2/35021/getHotelRoomPopInfoPCOnline,392,raw/117149724/responses/0007_a399d40fcb64.json
117173616,1,POST,200,Fetch,https://m.ctrip.com/restapi/soa2/10182/GetAvailablePoints?_fxpcqlniredt=09031109115864990735&x-traceID=09031109115864990735-1788239934624-5001336,462,raw/117173616/responses/0001_aa5df00f6b4f.json
117671626,1,POST,200,Fetch,https://m.ctrip.com/restapi/soa2/10182/GetAvailablePoints?_fxpcqlniredt=09031109115864990735&x-traceID=09031109115864990735-1788236418431-8222661,463,raw/117671626/responses/0001_a2da05d5b5e5.json
117671626,2,POST,200,Fetch,https://m.ctrip.com/restapi/soa2/34308/getHotelCommentInfo,399,raw/117671626/responses/0002_e5cdff472821.json
117671626,3,POST,200,Fetch,https://m.ctrip.com/restapi/soa2/33278/getDetailAdditionalInfo,19989,raw/117671626/responses/0003_9a699f28ead6.json
117671626,4,POST,200,Fetch,https://m.ctrip.com/restapi/soa2/28820/ctGetNearbyHotelList,378,raw/117671626/responses/0004_b9f75dd5f3db.json
117671626,5,POST,200,Fetch,https://m.ctrip.com/restapi/soa2/28820/ctgethotelalbum,212747,raw/117671626/responses/0005_0ef9cbf89082.json
117671626,6,POST,200,Fetch,https://m.ctrip.com/restapi/soa2/33278/getHotelRoomListInland,408,raw/117671626/responses/0006_b404bd1188b5.json
117671626,7,POST,200,Fetch,https://m.ctrip.com/restapi/soa2/35021/getHotelRoomPopInfoPCOnline,394,raw/117671626/responses/0007_a399d40fcb64.json
117719146,1,POST,200,Fetch,https://m.ctrip.com/restapi/soa2/10182/GetAvailablePoints?_fxpcqlniredt=09031109115864990735&x-traceID=09031109115864990735-1788235804248-1907043,462,raw/117719146/responses/0001_1a888b8b2fa7.json
117719146,2,POST,200,Fetch,https://m.ctrip.com/restapi/soa2/34308/getHotelCommentInfo,397,raw/117719146/responses/0002_e5cdff472821.json
117719146,3,POST,200,Fetch,https://m.ctrip.com/restapi/soa2/33278/getDetailAdditionalInfo,20616,raw/117719146/responses/0003_9a699f28ead6.json
117719146,4,POST,200,Fetch,https://m.ctrip.com/restapi/soa2/33278/getHotelRoomListInland,406,raw/117719146/responses/0004_4484b63447e6.json
117719146,5,POST,200,Fetch,https://m.ctrip.com/restapi/soa2/28820/ctGetNearbyHotelList,376,raw/117719146/responses/0005_1e2127aae2e6.json
117719146,6,POST,200,Fetch,https://m.ctrip.com/restapi/soa2/35021/getHotelRoomPopInfoPCOnline,392,raw/117719146/responses/0006_e166730164ad.json
117719146,7,POST,200,Fetch,https://m.ctrip.com/restapi/soa2/28820/ctgethotelalbum,416553,raw/117719146/responses/0007_5551fd384839.json
118753966,1,POST,200,Fetch,https://m.ctrip.com/restapi/soa2/10182/GetAvailablePoints?_fxpcqlniredt=09031109115864990735&x-traceID=09031109115864990735-1788165184828-905106,463,raw/118753966/responses/0001_08fa743252dd.json
118753966,2,POST,200,Fetch,https://m.ctrip.com/restapi/soa2/33278/getDetailAdditionalInfo,20435,raw/118753966/responses/0002_0f6525cc02a9.json
118753966,3,POST,200,Fetch,https://m.ctrip.com/restapi/soa2/34308/getHotelCommentInfo,60199,raw/118753966/responses/0003_8a41a2728111.json
118753966,4,POST,200,Fetch,https://m.ctrip.com/restapi/soa2/28820/ctgethotelalbum,350748,raw/118753966/responses/0004_65975e8ff220.json
118753966,5,POST,200,Fetch,https://m.ctrip.com/restapi/soa2/33278/getHotelRoomListInland,275840,raw/118753966/responses/0005_126ff2c3c3c2.json
118753966,6,POST,200,Fetch,https://m.ctrip.com/restapi/soa2/28820/ctGetNearbyHotelList,128914,raw/118753966/responses/0006_9a431dd78faa.json
118753966,7,POST,200,Fetch,https://m.ctrip.com/restapi/soa2/35021/getHotelRoomPopInfoPCOnline,351959,raw/118753966/responses/0007_a399d40fcb64.json
118879141,1,POST,200,Fetch,https://m.ctrip.com/restapi/soa2/10182/GetAvailablePoints?_fxpcqlniredt=09031109115864990735&x-traceID=09031109115864990735-1788512627268-474204,462,raw/118879141/responses/0001_7b2cd7ca8004.json
118879141,2,POST,200,Fetch,https://m.ctrip.com/restapi/soa2/34308/getHotelCommentInfo,397,raw/118879141/responses/0002_e5cdff472821.json
118879141,3,POST,200,Fetch,https://m.ctrip.com/restapi/soa2/33278/getDetailAdditionalInfo,20617,raw/118879141/responses/0003_9a699f28ead6.json
118879141,4,POST,200,Fetch,https://m.ctrip.com/restapi/soa2/28820/ctgethotelalbum,151571,raw/118879141/responses/0004_65975e8ff220.json
118879141,5,POST,200,Fetch,https://m.ctrip.com/restapi/soa2/33278/getHotelRoomListInland,406,raw/118879141/responses/0005_126ff2c3c3c2.json
118879141,6,POST,200,Fetch,https://m.ctrip.com/restapi/soa2/28820/ctGetNearbyHotelList,376,raw/118879141/responses/0006_9a431dd78faa.json
118879141,7,POST,200,Fetch,https://m.ctrip.com/restapi/soa2/35021/getHotelRoomPopInfoPCOnline,392,raw/118879141/responses/0007_a399d40fcb64.json
118985197,1,POST,200,Fetch,https://m.ctrip.com/restapi/soa2/10182/GetAvailablePoints?_fxpcqlniredt=09031109115864990735&x-traceID=09031109115864990735-1788236582370-4475122,463,raw/118985197/responses/0001_287c47956e69.json
118985197,2,POST,200,Fetch,https://m.ctrip.com/restapi/soa2/33278/getHotelRoomListInland,408,raw/118985197/responses/0002_e41e460f95a3.json
118985197,3,POST,200,Fetch,https://m.ctrip.com/restapi/soa2/28820/ctGetNearbyHotelList,378,raw/118985197/responses/0003_6558381281e0.json
118985197,4,POST,200,Fetch,https://m.ctrip.com/restapi/soa2/34308/getHotelCommentInfo,399,raw/118985197/responses/0004_f4484678b221.json
118985197,5,POST,200,Fetch,https://m.ctrip.com/restapi/soa2/33278/getDetailAdditionalInfo,20167,raw/118985197/responses/0005_1139d80bc75b.json
118985197,6,POST,200,Fetch,https://m.ctrip.com/restapi/soa2/28820/ctgethotelalbum,439024,raw/118985197/responses/0006_b034201a0549.json
118985197,7,POST,200,Fetch,https://m.ctrip.com/restapi/soa2/35021/getHotelRoomPopInfoPCOnline,394,raw/118985197/responses/0007_a399d40fcb64.json
11916669,1,POST,200,Fetch,https://m.ctrip.com/restapi/soa2/10182/GetAvailablePoints?_fxpcqlniredt=09031109115864990735&x-traceID=09031109115864990735-1788165624696-4089329,463,raw/11916669/responses/0001_05accf6493b6.json
11916669,2,POST,200,Fetch,https://m.ctrip.com/restapi/soa2/33278/getDetailAdditionalInfo,20087,raw/11916669/responses/0002_0f6525cc02a9.json
11916669,3,POST,200,Fetch,https://m.ctrip.com/restapi/soa2/34308/getHotelCommentInfo,64767,raw/11916669/responses/0003_8a41a2728111.json
11916669,4,POST,200,Fetch,https://m.ctrip.com/restapi/soa2/28820/ctgethotelalbum,361541,raw/11916669/responses/0004_65975e8ff220.json
11916669,5,POST,200,Fetch,https://m.ctrip.com/restapi/soa2/28820/ctGetNearbyHotelList,137485,raw/11916669/responses/0005_1e2127aae2e6.json
11916669,6,POST,200,Fetch,https://m.ctrip.com/restapi/soa2/33278/getHotelRoomListInland,2407989,raw/11916669/responses/0006_b404bd1188b5.json
119252791,1,POST,200,Fetch,https://m.ctrip.com/restapi/soa2/10182/GetAvailablePoints?_fxpcqlniredt=09031109115864990735&x-traceID=09031109115864990735-1788239116328-6558317,461,raw/119252791/responses/0001_c6c58f21c0ae.json
119252791,2,POST,200,Fetch,https://m.ctrip.com/restapi/soa2/34308/getHotelCommentInfo,397,raw/119252791/responses/0002_e5cdff472821.json
119252791,3,POST,200,Fetch,https://m.ctrip.com/restapi/soa2/28820/ctGetNearbyHotelList,376,raw/119252791/responses/0003_6558381281e0.json
119252791,4,POST,200,Fetch,https://m.ctrip.com/restapi/soa2/33278/getHotelRoomListInland,406,raw/119252791/responses/0004_4484b63447e6.json
119252791,5,POST,200,Fetch,https://m.ctrip.com/restapi/soa2/33278/getDetailAdditionalInfo,20329,raw/119252791/responses/0005_1139d80bc75b.json
119252791,6,POST,200,Fetch,https://m.ctrip.com/restapi/soa2/28820/ctgethotelalbum,358973,raw/119252791/responses/0006_b034201a0549.json
119252791,7,POST,200,Fetch,https://m.ctrip.com/restapi/soa2/35021/getHotelRoomPopInfoPCOnline,392,raw/119252791/responses/0007_a399d40fcb64.json
119352270,1,POST,200,Fetch,https://m.ctrip.com/restapi/soa2/10182/GetAvailablePoints?_fxpcqlniredt=09031109115864990735&x-traceID=09031109115864990735-1788255672875-23138,463,raw/119352270/responses/0001_2fa6237129de.json
119352270,2,POST,200,Fetch,https://m.ctrip.com/restapi/soa2/34308/getHotelCommentInfo,399,raw/119352270/responses/0002_e5cdff472821.json
119352270,3,POST,200,Fetch,https://m.ctrip.com/restapi/soa2/33278/getHotelRoomListInland,408,raw/119352270/responses/0003_20a6b1dba238.json
119352270,4,POST,200,Fetch,https://m.ctrip.com/restapi/soa2/33278/getDetailAdditionalInfo,20882,raw/119352270/responses/0004_c37be698535c.json
119352270,5,POST,200,Fetch,https://m.ctrip.com/restapi/soa2/28820/ctGetNearbyHotelList,378,raw/119352270/responses/0005_1e2127aae2e6.json
119352270,6,POST,200,Fetch,https://m.ctrip.com/restapi/soa2/28820/ctgethotelalbum,249732,raw/119352270/responses/0006_b034201a0549.json
119352270,7,POST,200,Fetch,https://m.ctrip.com/restapi/soa2/35021/getHotelRoomPopInfoPCOnline,394,raw/119352270/responses/0007_a399d40fcb64.json
119966068,1,POST,200,Fetch,https://m.ctrip.com/restapi/soa2/10182/GetAvailablePoints?_fxpcqlniredt=09031109115864990735&x-traceID=09031109115864990735-1788162568933-8160966,463,raw/119966068/responses/0001_3098ad0de97f.json
119980315,1,POST,200,Fetch,https://m.ctrip.com/restapi/soa2/10182/GetAvailablePoints?_fxpcqlniredt=09031109115864990735&x-traceID=09031109115864990735-1788162495866-4460269,463,raw/119980315/responses/0001_b421c503fcd6.json
119980315,2,POST,200,Fetch,https://m.ctrip.com/restapi/soa2/33278/getDetailAdditionalInfo,20051,raw/119980315/responses/0002_0f6525cc02a9.json
119980315,3,POST,200,Fetch,https://m.ctrip.com/restapi/soa2/34308/getHotelCommentInfo,66190,raw/119980315/responses/0003_8a41a2728111.json
119980315,4,POST,200,Fetch,https://m.ctrip.com/restapi/soa2/28820/ctgethotelalbum,416387,raw/119980315/responses/0004_65975e8ff220.json
119980315,5,POST,200,Fetch,https://m.ctrip.com/restapi/soa2/28820/ctGetNearbyHotelList,139072,raw/119980315/responses/0005_1e2127aae2e6.json
119980315,6,POST,200,Fetch,https://m.ctrip.com/restapi/soa2/33278/getHotelRoomListInland,1036776,raw/119980315/responses/0006_b404bd1188b5.json
119980315,7,POST,200,Fetch,https://m.ctrip.com/restapi/soa2/35021/getHotelRoomPopInfoPCOnline,1405456,raw/119980315/responses/0007_a399d40fcb64.json
120171671,1,POST,200,Fetch,https://m.ctrip.com/restapi/soa2/10182/GetAvailablePoints?_fxpcqlniredt=09031109115864990735&x-traceID=09031109115864990735-1788513267983-4754556,463,raw/120171671/responses/0001_875e84d65d45.json
120171671,2,POST,200,Fetch,https://m.ctrip.com/restapi/soa2/34308/getHotelCommentInfo,399,raw/120171671/responses/0002_e5cdff472821.json
120171671,3,POST,200,Fetch,https://m.ctrip.com/restapi/soa2/28820/ctgethotelalbum,328032,raw/120171671/responses/0003_b0749e138db6.json
120171671,4,POST,200,Fetch,https://m.ctrip.com/restapi/soa2/28820/ctGetNearbyHotelList,378,raw/120171671/responses/0004_b9f75dd5f3db.json
120171671,5,POST,200,Fetch,https://m.ctrip.com/restapi/soa2/33278/getHotelRoomListInland,408,raw/120171671/responses/0005_126ff2c3c3c2.json
120171671,6,POST,200,Fetch,https://m.ctrip.com/restapi/soa2/33278/getDetailAdditionalInfo,20158,raw/120171671/responses/0006_937db351796d.json
120171671,7,POST,200,Fetch,https://m.ctrip.com/restapi/soa2/35021/getHotelRoomPopInfoPCOnline,394,raw/120171671/responses/0007_a399d40fcb64.json
120173729,1,POST,200,Fetch,https://m.ctrip.com/restapi/soa2/10182/GetAvailablePoints?_fxpcqlniredt=09031109115864990735&x-traceID=09031109115864990735-1788164683768-4290396,463,raw/120173729/responses/0001_51ee0756949d.json
120173729,2,POST,200,Fetch,https://m.ctrip.com/restapi/soa2/34308/getHotelCommentInfo,41515,raw/120173729/responses/0002_e5cdff472821.json
120173729,3,POST,200,Fetch,https://m.ctrip.com/restapi/soa2/28820/ctgethotelalbum,196837,raw/120173729/responses/0003_b0749e138db6.json
120173729,4,POST,200,Fetch,https://m.ctrip.com/restapi/soa2/33278/getDetailAdditionalInfo,20468,raw/120173729/responses/0004_c37be698535c.json
120173729,5,POST,200,Fetch,https://m.ctrip.com/restapi/soa2/33278/getHotelRoomListInland,104285,raw/120173729/responses/0005_126ff2c3c3c2.json
120173729,6,POST,200,Fetch,https://m.ctrip.com/restapi/soa2/28820/ctGetNearbyHotelList,129291,raw/120173729/responses/0006_9a431dd78faa.json
120173729,7,POST,200,Fetch,https://m.ctrip.com/restapi/soa2/35021/getHotelRoomPopInfoPCOnline,107303,raw/120173729/responses/0007_a399d40fcb64.json
120410851,1,POST,200,Fetch,https://m.ctrip.com/restapi/soa2/10182/GetAvailablePoints?_fxpcqlniredt=09031109115864990735&x-traceID=09031109115864990735-1788238161680-6916266,463,raw/120410851/responses/0001_ea250c55eed8.json
120410851,2,POST,200,Fetch,https://m.ctrip.com/restapi/soa2/34308/getHotelCommentInfo,399,raw/120410851/responses/0002_e5cdff472821.json
120410851,3,POST,200,Fetch,https://m.ctrip.com/restapi/soa2/33278/getDetailAdditionalInfo,20442,raw/120410851/responses/0003_9a699f28ead6.json
120410851,4,POST,200,Fetch,https://m.ctrip.com/restapi/soa2/33278/getHotelRoomListInland,408,raw/120410851/responses/0004_4484b63447e6.json
120410851,5,POST,200,Fetch,https://m.ctrip.com/restapi/soa2/28820/ctGetNearbyHotelList,378,raw/120410851/responses/0005_1e2127aae2e6.json
120410851,6,POST,200,Fetch,https://m.ctrip.com/restapi/soa2/28820/ctgethotelalbum,349706,raw/120410851/responses/0006_b034201a0549.json
120410851,7,POST,200,Fetch,https://m.ctrip.com/restapi/soa2/35021/getHotelRoomPopInfoPCOnline,394,raw/120410851/responses/0007_a399d40fcb64.json
120440200,1,POST,200,Fetch,https://m.ctrip.com/restapi/soa2/10182/GetAvailablePoints?_fxpcqlniredt=09031109115864990735&x-traceID=09031109115864990735-1788256551181-1141255,463,raw/120440200/responses/0001_0f9a9f785bb4.json
120440200,2,POST,200,Fetch,https://m.ctrip.com/restapi/soa2/34308/getHotelCommentInfo,399,raw/120440200/responses/0002_e5cdff472821.json
120440200,3,POST,200,Fetch,https://m.ctrip.com/restapi/soa2/28820/ctGetNearbyHotelList,378,raw/120440200/responses/0003_6558381281e0.json
120440200,4,POST,200,Fetch,https://m.ctrip.com/restapi/soa2/33278/getDetailAdditionalInfo,20500,raw/120440200/responses/0004_c37be698535c.json
120440200,5,POST,200,Fetch,https://m.ctrip.com/restapi/soa2/28820/ctgethotelalbum,308386,raw/120440200/responses/0005_0ef9cbf89082.json
120440200,6,POST,200,Fetch,https://m.ctrip.com/restapi/soa2/33278/getHotelRoomListInland,408,raw/120440200/responses/0006_b404bd1188b5.json
120440200,7,POST,200,Fetch,https://m.ctrip.com/restapi/soa2/35021/getHotelRoomPopInfoPCOnline,394,raw/120440200/responses/0007_a399d40fcb64.json
120781130,1,POST,200,Fetch,https://m.ctrip.com/restapi/soa2/10182/GetAvailablePoints?_fxpcqlniredt=09031109115864990735&x-traceID=09031109115864990735-1788256280377-1034311,463,raw/120781130/responses/0001_b80797692da9.json
120781130,2,POST,200,Fetch,https://m.ctrip.com/restapi/soa2/34308/getHotelCommentInfo,399,raw/120781130/responses/0002_e5cdff472821.json
120781130,3,POST,200,Fetch,https://m.ctrip.com/restapi/soa2/33278/getDetailAdditionalInfo,20762,raw/120781130/responses/0003_9a699f28ead6.json
120781130,4,POST,200,Fetch,https://m.ctrip.com/restapi/soa2/28820/ctGetNearbyHotelList,378,raw/120781130/responses/0004_b9f75dd5f3db.json
120781130,5,POST,200,Fetch,https://m.ctrip.com/restapi/soa2/33278/getHotelRoomListInland,408,raw/120781130/responses/0005_126ff2c3c3c2.json
120781130,6,POST,200,Fetch,https://m.ctrip.com/restapi/soa2/28820/ctgethotelalbum,136829,raw/120781130/responses/0006_b034201a0549.json
120781130,7,POST,200,Fetch,https://m.ctrip.com/restapi/soa2/35021/getHotelRoomPopInfoPCOnline,394,raw/120781130/responses/0007_a399d40fcb64.json
121173525,1,POST,200,Fetch,https://m.ctrip.com/restapi/soa2/10182/GetAvailablePoints?_fxpcqlniredt=09031109115864990735&x-traceID=09031109115864990735-1788235306284-2926424,461,raw/121173525/responses/0001_cda208ef4b4b.json
121173525,2,POST,200,Fetch,https://m.ctrip.com/restapi/soa2/33278/getHotelRoomListInland,406,raw/121173525/responses/0002_e41e460f95a3.json
121173525,3,POST,200,Fetch,https://m.ctrip.com/restapi/soa2/34308/getHotelCommentInfo,397,raw/121173525/responses/0003_8a41a2728111.json
121173525,4,POST,200,Fetch,https://m.ctrip.com/restapi/soa2/28820/ctgethotelalbum,233025,raw/121173525/responses/0004_65975e8ff220.json
121173525,5,POST,200,Fetch,https://m.ctrip.com/restapi/soa2/28820/ctGetNearbyHotelList,376,raw/121173525/responses/0005_1e2127aae2e6.json
121173525,6,POST,200,Fetch,https://m.ctrip.com/restapi/soa2/33278/getDetailAdditionalInfo,20041,raw/121173525/responses/0006_937db351796d.json
121173525,7,POST,200,Fetch,https://m.ctrip.com/restapi/soa2/35021/getHotelRoomPopInfoPCOnline,392,raw/121173525/responses/0007_a399d40fcb64.json
12143720,1,POST,200,Fetch,https://m.ctrip.com/restapi/soa2/10182/GetAvailablePoints?_fxpcqlniredt=09031109115864990735&x-traceID=09031109115864990735-1788256599197-9677749,463,raw/12143720/responses/0001_a7e9c65f6bb8.json
12143720,2,POST,200,Fetch,https://m.ctrip.com/restapi/soa2/34308/getHotelCommentInfo,399,raw/12143720/responses/0002_e5cdff472821.json
12143984,1,POST,200,Fetch,https://m.ctrip.com/restapi/soa2/10182/GetAvailablePoints?_fxpcqlniredt=09031109115864990735&x-traceID=09031109115864990735-1788513288275-6377415,463,raw/12143984/responses/0001_b61059b2fb33.json
12143984,2,POST,200,Fetch,https://m.ctrip.com/restapi/soa2/34308/getHotelCommentInfo,399,raw/12143984/responses/0002_e5cdff472821.json
12143984,3,POST,200,Fetch,https://m.ctrip.com/restapi/soa2/28820/ctgethotelalbum,129807,raw/12143984/responses/0003_b0749e138db6.json
12143984,4,POST,200,Fetch,https://m.ctrip.com/restapi/soa2/33278/getDetailAdditionalInfo,20695,raw/12143984/responses/0004_c37be698535c.json
12143984,5,POST,200,Fetch,https://m.ctrip.com/restapi/soa2/28820/ctGetNearbyHotelList,378,raw/12143984/responses/0005_1e2127aae2e6.json
12143984,6,POST,200,Fetch,https://m.ctrip.com/restapi/soa2/33278/getHotelRoomListInland,408,raw/12143984/responses/0006_b404bd1188b5.json
12143984,7,POST,200,Fetch,https://m.ctrip.com/restapi/soa2/35021/getHotelRoomPopInfoPCOnline,394,raw/12143984/responses/0007_a399d40fcb64.json
121671207,1,POST,200,Fetch,https://m.ctrip.com/restapi/soa2/34308/getHotelCommentInfo,399,raw/121671207/responses/0001_a72c8f9fa60e.json
121671207,2,POST,200,Fetch,https://m.ctrip.com/restapi/soa2/28820/ctGetNearbyHotelList,378,raw/121671207/responses/0002_79652ba8e9e8.json
121671207,3,POST,200,Fetch,https://m.ctrip.com/restapi/soa2/33278/getHotelRoomListInland,408,raw/121671207/responses/0003_20a6b1dba238.json
121671207,4,POST,200,Fetch,https://m.ctrip.com/restapi/soa2/28820/ctgethotelalbum,314788,raw/121671207/responses/0004_65975e8ff220.json
121671207,5,POST,200,Fetch,https://m.ctrip.com/restapi/soa2/33278/getDetailAdditionalInfo,19975,raw/121671207/responses/0005_1139d80bc75b.json
121671207,6,POST,200,Fetch,https://m.ctrip.com/restapi/soa2/10182/GetAvailablePoints?_fxpcqlniredt=09031109115864990735&x-traceID=09031109115864990735-1788510850535-8839979,463,raw/121671207/responses/0006_88b729af6a85.json
121671207,7,POST,200,Fetch,https://m.ctrip.com/restapi/soa2/35021/getHotelRoomPopInfoPCOnline,394,raw/121671207/responses/0007_a399d40fcb64.json
122099440,1,POST,200,Fetch,https://m.ctrip.com/restapi/soa2/10182/GetAvailablePoints?_fxpcqlniredt=09031109115864990735&x-traceID=09031109115864990735-1788235762493-8209893,462,raw/122099440/responses/0001_cf66db89968b.json
122099440,2,POST,200,Fetch,https://m.ctrip.com/restapi/soa2/34308/getHotelCommentInfo,397,raw/122099440/responses/0002_e5cdff472821.json
122099440,3,POST,200,Fetch,https://m.ctrip.com/restapi/soa2/33278/getDetailAdditionalInfo,20708,raw/122099440/responses/0003_9a699f28ead6.json
122099440,4,POST,200,Fetch,https://m.ctrip.com/restapi/soa2/33278/getHotelRoomListInland,406,raw/122099440/responses/0004_4484b63447e6.json
122099440,5,POST,200,Fetch,https://m.ctrip.com/restapi/soa2/28820/ctGetNearbyHotelList,376,raw/122099440/responses/0005_1e2127aae2e6.json
122099440,6,POST,200,Fetch,https://m.ctrip.com/restapi/soa2/28820/ctgethotelalbum,285608,raw/122099440/responses/0006_b034201a0549.json
122099440,7,POST,200,Fetch,https://m.ctrip.com/restapi/soa2/35021/getHotelRoomPopInfoPCOnline,392,raw/122099440/responses/0007_a399d40fcb64.json
12215324,1,POST,200,Fetch,https://m.ctrip.com/restapi/soa2/10182/GetAvailablePoints?_fxpcqlniredt=09031109115864990735&x-traceID=09031109115864990735-1788511801588-4817965,463,raw/12215324/responses/0001_12f86a60175e.json
12215324,2,POST,200,Fetch,https://m.ctrip.com/restapi/soa2/34308/getHotelCommentInfo,399,raw/12215324/responses/0002_e5cdff472821.json
12215324,3,POST,200,Fetch,https://m.ctrip.com/restapi/soa2/33278/getDetailAdditionalInfo,20733,raw/12215324/responses/0003_9a699f28ead6.json
12215324,4,POST,200,Fetch,https://m.ctrip.com/restapi/soa2/28820/ctgethotelalbum,316347,raw/12215324/responses/0004_65975e8ff220.json
12215324,5,POST,200,Fetch,https://m.ctrip.com/restapi/soa2/33278/getHotelRoomListInland,408,raw/12215324/responses/0005_126ff2c3c3c2.json
12215324,6,POST,200,Fetch,https://m.ctrip.com/restapi/soa2/28820/ctGetNearbyHotelList,378,raw/12215324/responses/0006_9a431dd78faa.json
12215324,7,POST,200,Fetch,https://m.ctrip.com/restapi/soa2/35021/getHotelRoomPopInfoPCOnline,394,raw/12215324/responses/0007_a399d40fcb64.json
122361567,1,POST,200,Fetch,https://m.ctrip.com/restapi/soa2/10182/GetAvailablePoints?_fxpcqlniredt=09031109115864990735&x-traceID=09031109115864990735-1788511559363-2996052,463,raw/122361567/responses/0001_afbcd97cf7bf.json
122361567,2,POST,200,Fetch,https://m.ctrip.com/restapi/soa2/28820/ctGetNearbyHotelList,378,raw/122361567/responses/0002_79652ba8e9e8.json
122361567,3,POST,200,Fetch,https://m.ctrip.com/restapi/soa2/34308/getHotelCommentInfo,399,raw/122361567/responses/0003_8a41a2728111.json
122361567,4,POST,200,Fetch,https://m.ctrip.com/restapi/soa2/33278/getDetailAdditionalInfo,21222,raw/122361567/responses/0004_c37be698535c.json
122361567,5,POST,200,Fetch,https://m.ctrip.com/restapi/soa2/28820/ctgethotelalbum,251323,raw/122361567/responses/0005_0ef9cbf89082.json
122361567,6,POST,200,Fetch,https://m.ctrip.com/restapi/soa2/33278/getHotelRoomListInland,408,raw/122361567/responses/0006_b404bd1188b5.json
122361567,7,POST,200,Fetch,https://m.ctrip.com/restapi/soa2/35021/getHotelRoomPopInfoPCOnline,394,raw/122361567/responses/0007_a399d40fcb64.json
122361567,8,POST,200,Fetch,https://m.ctrip.com/restapi/soa2/10182/GetAvailablePoints?_fxpcqlniredt=09031109115864990735&x-traceID=09031109115864990735-1788511586550-3232712,463,raw/122361567/responses/0008_52923e921ed4.json
122361567,9,POST,200,Fetch,https://m.ctrip.com/restapi/soa2/33278/getDetailAdditionalInfo,21222,raw/122361567/responses/0009_e01901ce0bf5.json
122361567,10,POST,200,Fetch,https://m.ctrip.com/restapi/soa2/34308/getHotelCommentInfo,399,raw/122361567/responses/0010_f587f57099fa.json
122361567,11,POST,200,Fetch,https://m.ctrip.com/restapi/soa2/28820/ctgethotelalbum,251323,raw/122361567/responses/0011_606c871b4b51.json
122361567,12,POST,200,Fetch,https://m.ctrip.com/restapi/soa2/33278/getHotelRoomListInland,408,raw/122361567/responses/0012_24238c000e9a.json
122361567,13,POST,200,Fetch,https://m.ctrip.com/restapi/soa2/28820/ctGetNearbyHotelList,378,raw/122361567/responses/0013_6a80e1cfeaa4.json
122361567,14,POST,200,Fetch,https://m.ctrip.com/restapi/soa2/35021/getHotelRoomPopInfoPCOnline,394,raw/122361567/responses/0014_d5f03d47e89d.json
12244128,1,POST,200,Fetch,https://m.ctrip.com/restapi/soa2/34308/getHotelCommentInfo,397,raw/12244128/responses/0001_a72c8f9fa60e.json
12244128,2,POST,200,Fetch,https://m.ctrip.com/restapi/soa2/33278/getDetailAdditionalInfo,20787,raw/12244128/responses/0002_0f6525cc02a9.json
12244128,3,POST,200,Fetch,https://m.ctrip.com/restapi/soa2/33278/getHotelRoomListInland,406,raw/12244128/responses/0003_20a6b1dba238.json
12244128,4,POST,200,Fetch,https://m.ctrip.com/restapi/soa2/28820/ctGetNearbyHotelList,376,raw/12244128/responses/0004_b9f75dd5f3db.json
12244128,5,POST,200,Fetch,https://m.ctrip.com/restapi/soa2/28820/ctgethotelalbum,276005,raw/12244128/responses/0005_0ef9cbf89082.json
12244128,6,POST,200,Fetch,https://m.ctrip.com/restapi/soa2/10182/GetAvailablePoints?_fxpcqlniredt=09031109115864990735&x-traceID=09031109115864990735-1788235360320-3902382,462,raw/12244128/responses/0006_59a3c0046ace.json
12244128,7,POST,200,Fetch,https://m.ctrip.com/restapi/soa2/35021/getHotelRoomPopInfoPCOnline,392,raw/12244128/responses/0007_a399d40fcb64.json
122482670,1,POST,200,Fetch,https://m.ctrip.com/restapi/soa2/10182/GetAvailablePoints?_fxpcqlniredt=09031109115864990735&x-traceID=09031109115864990735-1788511925824-4756894,463,raw/122482670/responses/0001_4811ad84d530.json
122482670,2,POST,200,Fetch,https://m.ctrip.com/restapi/soa2/33278/getHotelRoomListInland,408,raw/122482670/responses/0002_e41e460f95a3.json
122482670,3,POST,200,Fetch,https://m.ctrip.com/restapi/soa2/28820/ctGetNearbyHotelList,378,raw/122482670/responses/0003_6558381281e0.json
122482670,4,POST,200,Fetch,https://m.ctrip.com/restapi/soa2/33278/getDetailAdditionalInfo,20267,raw/122482670/responses/0004_c37be698535c.json
122482670,5,POST,200,Fetch,https://m.ctrip.com/restapi/soa2/34308/getHotelCommentInfo,399,raw/122482670/responses/0005_741564f8da4e.json
122482670,6,POST,200,Fetch,https://m.ctrip.com/restapi/soa2/28820/ctgethotelalbum,341789,raw/122482670/responses/0006_b034201a0549.json
122482670,7,POST,200,Fetch,https://m.ctrip.com/restapi/soa2/35021/getHotelRoomPopInfoPCOnline,394,raw/122482670/responses/0007_a399d40fcb64.json
122482670,8,POST,200,Fetch,https://m.ctrip.com/restapi/soa2/10182/GetAvailablePoints?_fxpcqlniredt=09031109115864990735&x-traceID=09031109115864990735-1788511940319-822573,463,raw/122482670/responses/0008_859c3e35906b.json
122482670,9,POST,200,Fetch,https://m.ctrip.com/restapi/soa2/34308/getHotelCommentInfo,399,raw/122482670/responses/0009_16704da4c85d.json
122482670,10,POST,200,Fetch,https://m.ctrip.com/restapi/soa2/33278/getDetailAdditionalInfo,20267,raw/122482670/responses/0010_b5f4cc4eb2a3.json
122482670,11,POST,200,Fetch,https://m.ctrip.com/restapi/soa2/33278/getHotelRoomListInland,408,raw/122482670/responses/0011_39b02e224aaf.json
122482670,12,POST,200,Fetch,https://m.ctrip.com/restapi/soa2/28820/ctGetNearbyHotelList,378,raw/122482670/responses/0012_1cf245f2638a.json
122482670,13,POST,200,Fetch,https://m.ctrip.com/restapi/soa2/28820/ctgethotelalbum,341789,raw/122482670/responses/0013_f7cafc9fc40d.json
122482670,14,POST,200,Fetch,https://m.ctrip.com/restapi/soa2/35021/getHotelRoomPopInfoPCOnline,394,raw/122482670/responses/0014_d5f03d47e89d.json
122760211,1,POST,200,Fetch,https://m.ctrip.com/restapi/soa2/10182/GetAvailablePoints?_fxpcqlniredt=09031109115864990735&x-traceID=09031109115864990735-1788512098536-7386129,462,raw/122760211/responses/0001_f779615f1b32.json
122760211,2,POST,200,Fetch,https://m.ctrip.com/restapi/soa2/34308/getHotelCommentInfo,399,raw/122760211/responses/0002_e5cdff472821.json
122760211,3,POST,200,Fetch,https://m.ctrip.com/restapi/soa2/33278/getDetailAdditionalInfo,11882,raw/122760211/responses/0003_9a699f28ead6.json
122760211,4,POST,200,Fetch,https://m.ctrip.com/restapi/soa2/28820/ctgethotelalbum,215028,raw/122760211/responses/0004_65975e8ff220.json
122760211,5,POST,200,Fetch,https://m.ctrip.com/restapi/soa2/28820/ctGetNearbyHotelList,378,raw/122760211/responses/0005_1e2127aae2e6.json
122760211,6,POST,200,Fetch,https://m.ctrip.com/restapi/soa2/33278/getHotelRoomListInland,408,raw/122760211/responses/0006_b404bd1188b5.json
122760211,7,POST,200,Fetch,https://m.ctrip.com/restapi/soa2/35021/getHotelRoomPopInfoPCOnline,394,raw/122760211/responses/0007_a399d40fcb64.json
122873650,1,POST,200,Fetch,https://m.ctrip.com/restapi/soa2/10182/GetAvailablePoints?_fxpcqlniredt=09031109115864990735&x-traceID=09031109115864990735-1788165106851-4546737,463,raw/122873650/responses/0001_09df178a0ace.json
122873650,2,POST,200,Fetch,https://m.ctrip.com/restapi/soa2/34308/getHotelCommentInfo,65715,raw/122873650/responses/0002_e5cdff472821.json
122873650,3,POST,200,Fetch,https://m.ctrip.com/restapi/soa2/28820/ctgethotelalbum,445152,raw/122873650/responses/0003_b0749e138db6.json
122873650,4,POST,200,Fetch,https://m.ctrip.com/restapi/soa2/33278/getDetailAdditionalInfo,20522,raw/122873650/responses/0004_c37be698535c.json
122873650,5,POST,200,Fetch,https://m.ctrip.com/restapi/soa2/28820/ctGetNearbyHotelList,131268,raw/122873650/responses/0005_1e2127aae2e6.json
122873650,6,POST,200,Fetch,https://m.ctrip.com/restapi/soa2/33278/getHotelRoomListInland,937877,raw/122873650/responses/0006_b404bd1188b5.json
122873650,7,POST,200,Fetch,https://m.ctrip.com/restapi/soa2/35021/getHotelRoomPopInfoPCOnline,1336057,raw/122873650/responses/0007_a399d40fcb64.json
123077027,1,POST,200,Fetch,https://m.ctrip.com/restapi/soa2/10182/GetAvailablePoints?_fxpcqlniredt=09031109115864990735&x-traceID=09031109115864990735-1788511539062-1170239,463,raw/123077027/responses/0001_076998720d34.json
123077027,2,POST,200,Fetch,https://m.ctrip.com/restapi/soa2/34308/getHotelCommentInfo,399,raw/123077027/responses/0002_e5cdff472821.json
123077027,3,POST,200,Fetch,https://m.ctrip.com/restapi/soa2/33278/getDetailAdditionalInfo,20359,raw/123077027/responses/0003_9a699f28ead6.json
123077027,4,POST,200,Fetch,https://m.ctrip.com/restapi/soa2/28820/ctgethotelalbum,188776,raw/123077027/responses/0004_65975e8ff220.json
123077027,5,POST,200,Fetch,https://m.ctrip.com/restapi/soa2/28820/ctGetNearbyHotelList,378,raw/123077027/responses/0005_1e2127aae2e6.json
123077027,6,POST,200,Fetch,https://m.ctrip.com/restapi/soa2/33278/getHotelRoomListInland,408,raw/123077027/responses/0006_b404bd1188b5.json
123077027,7,POST,200,Fetch,https://m.ctrip.com/restapi/soa2/35021/getHotelRoomPopInfoPCOnline,394,raw/123077027/responses/0007_a399d40fcb64.json
123275855,1,POST,200,Fetch,https://m.ctrip.com/restapi/soa2/10182/GetAvailablePoints?_fxpcqlniredt=09031109115864990735&x-traceID=09031109115864990735-1788238507956-9256314,463,raw/123275855/responses/0001_61a590bfce57.json
123411505,1,POST,200,Fetch,https://m.ctrip.com/restapi/soa2/10182/GetAvailablePoints?_fxpcqlniredt=09031109115864990735&x-traceID=09031109115864990735-1788237061185-575469,463,raw/123411505/responses/0001_6d8ef198881d.json
123411505,2,POST,200,Fetch,https://m.ctrip.com/restapi/soa2/33278/getDetailAdditionalInfo,20668,raw/123411505/responses/0002_0f6525cc02a9.json
123411505,3,POST,200,Fetch,https://m.ctrip.com/restapi/soa2/33278/getHotelRoomListInland,408,raw/123411505/responses/0003_20a6b1dba238.json
123411505,4,POST,200,Fetch,https://m.ctrip.com/restapi/soa2/34308/getHotelCommentInfo,399,raw/123411505/responses/0004_f4484678b221.json
123411505,5,POST,200,Fetch,https://m.ctrip.com/restapi/soa2/28820/ctGetNearbyHotelList,378,raw/123411505/responses/0005_1e2127aae2e6.json
123411505,6,POST,200,Fetch,https://m.ctrip.com/restapi/soa2/28820/ctgethotelalbum,265821,raw/123411505/responses/0006_b034201a0549.json
123411505,7,POST,200,Fetch,https://m.ctrip.com/restapi/soa2/35021/getHotelRoomPopInfoPCOnline,394,raw/123411505/responses/0007_a399d40fcb64.json
123677180,1,POST,200,Fetch,https://m.ctrip.com/restapi/soa2/10182/GetAvailablePoints?_fxpcqlniredt=09031109115864990735&x-traceID=09031109115864990735-1788236471897-8694724,463,raw/123677180/responses/0001_958aada9be11.json
123677180,2,POST,200,Fetch,https://m.ctrip.com/restapi/soa2/34308/getHotelCommentInfo,399,raw/123677180/responses/0002_e5cdff472821.json
123677180,3,POST,200,Fetch,https://m.ctrip.com/restapi/soa2/28820/ctgethotelalbum,76305,raw/123677180/responses/0003_b0749e138db6.json
123677180,4,POST,200,Fetch,https://m.ctrip.com/restapi/soa2/33278/getDetailAdditionalInfo,21059,raw/123677180/responses/0004_c37be698535c.json
123677180,5,POST,200,Fetch,https://m.ctrip.com/restapi/soa2/28820/ctGetNearbyHotelList,378,raw/123677180/responses/0005_1e2127aae2e6.json
123677180,6,POST,200,Fetch,https://m.ctrip.com/restapi/soa2/33278/getHotelRoomListInland,408,raw/123677180/responses/0006_b404bd1188b5.json
123677180,7,POST,200,Fetch,https://m.ctrip.com/restapi/soa2/35021/getHotelRoomPopInfoPCOnline,394,raw/123677180/responses/0007_a399d40fcb64.json
123757837,1,POST,200,Fetch,https://m.ctrip.com/restapi/soa2/10182/GetAvailablePoints?_fxpcqlniredt=09031109115864990735&x-traceID=09031109115864990735-1788238450311-7420219,463,raw/123757837/responses/0001_14269d2587e0.json
123757837,2,POST,200,Fetch,https://m.ctrip.com/restapi/soa2/34308/getHotelCommentInfo,399,raw/123757837/responses/0002_e5cdff472821.json
123757837,3,POST,200,Fetch,https://m.ctrip.com/restapi/soa2/28820/ctgethotelalbum,238341,raw/123757837/responses/0003_b0749e138db6.json
123757837,4,POST,200,Fetch,https://m.ctrip.com/restapi/soa2/33278/getDetailAdditionalInfo,19891,raw/123757837/responses/0004_c37be698535c.json
123757837,5,POST,200,Fetch,https://m.ctrip.com/restapi/soa2/33278/getHotelRoomListInland,408,raw/123757837/responses/0005_126ff2c3c3c2.json
123757837,6,POST,200,Fetch,https://m.ctrip.com/restapi/soa2/28820/ctGetNearbyHotelList,378,raw/123757837/responses/0006_9a431dd78faa.json
123757837,7,POST,200,Fetch,https://m.ctrip.com/restapi/soa2/35021/getHotelRoomPopInfoPCOnline,394,raw/123757837/responses/0007_a399d40fcb64.json
124190591,1,POST,200,Fetch,https://m.ctrip.com/restapi/soa2/10182/GetAvailablePoints?_fxpcqlniredt=09031109115864990735&x-traceID=09031109115864990735-1788236885119-4420766,463,raw/124190591/responses/0001_858d2f0604af.json
124190591,2,POST,200,Fetch,https://m.ctrip.com/restapi/soa2/34308/getHotelCommentInfo,399,raw/124190591/responses/0002_e5cdff472821.json
124190591,3,POST,200,Fetch,https://m.ctrip.com/restapi/soa2/33278/getDetailAdditionalInfo,20809,raw/124190591/responses/0003_9a699f28ead6.json
124190591,4,POST,200,Fetch,https://m.ctrip.com/restapi/soa2/28820/ctGetNearbyHotelList,378,raw/124190591/responses/0004_b9f75dd5f3db.json
124190591,5,POST,200,Fetch,https://m.ctrip.com/restapi/soa2/33278/getHotelRoomListInland,408,raw/124190591/responses/0005_126ff2c3c3c2.json
124190591,6,POST,200,Fetch,https://m.ctrip.com/restapi/soa2/28820/ctgethotelalbum,368660,raw/124190591/responses/0006_b034201a0549.json
124190591,7,POST,200,Fetch,https://m.ctrip.com/restapi/soa2/35021/getHotelRoomPopInfoPCOnline,394,raw/124190591/responses/0007_a399d40fcb64.json
124207515,1,POST,200,Fetch,https://m.ctrip.com/restapi/soa2/10182/GetAvailablePoints?_fxpcqlniredt=09031109115864990735&x-traceID=09031109115864990735-1788236616235-4472886,463,raw/124207515/responses/0001_5e73ef657ade.json
124207515,2,POST,200,Fetch,https://m.ctrip.com/restapi/soa2/34308/getHotelCommentInfo,399,raw/124207515/responses/0002_e5cdff472821.json
124207515,3,POST,200,Fetch,https://m.ctrip.com/restapi/soa2/28820/ctGetNearbyHotelList,378,raw/124207515/responses/0003_6558381281e0.json
124207515,4,POST,200,Fetch,https://m.ctrip.com/restapi/soa2/33278/getHotelRoomListInland,408,raw/124207515/responses/0004_4484b63447e6.json
124207515,5,POST,200,Fetch,https://m.ctrip.com/restapi/soa2/33278/getDetailAdditionalInfo,20653,raw/124207515/responses/0005_1139d80bc75b.json
124207515,6,POST,200,Fetch,https://m.ctrip.com/restapi/soa2/28820/ctgethotelalbum,504601,raw/124207515/responses/0006_b034201a0549.json
124207515,7,POST,200,Fetch,https://m.ctrip.com/restapi/soa2/35021/getHotelRoomPopInfoPCOnline,394,raw/124207515/responses/0007_a399d40fcb64.json
124225015,1,POST,200,Fetch,https://m.ctrip.com/restapi/soa2/10182/GetAvailablePoints?_fxpcqlniredt=09031109115864990735&x-traceID=09031109115864990735-1788256698075-3599441,462,raw/124225015/responses/0001_8a0a6fa78e72.json
124225015,2,POST,200,Fetch,https://m.ctrip.com/restapi/soa2/34308/getHotelCommentInfo,399,raw/124225015/responses/0002_e5cdff472821.json
124225015,3,POST,200,Fetch,https://m.ctrip.com/restapi/soa2/33278/getDetailAdditionalInfo,19836,raw/124225015/responses/0003_9a699f28ead6.json
124225015,4,POST,200,Fetch,https://m.ctrip.com/restapi/soa2/33278/getHotelRoomListInland,408,raw/124225015/responses/0004_4484b63447e6.json
124225015,5,POST,200,Fetch,https://m.ctrip.com/restapi/soa2/28820/ctGetNearbyHotelList,378,raw/124225015/responses/0005_1e2127aae2e6.json
124225015,6,POST,200,Fetch,https://m.ctrip.com/restapi/soa2/28820/ctgethotelalbum,257349,raw/124225015/responses/0006_b034201a0549.json
124225015,7,POST,200,Fetch,https://m.ctrip.com/restapi/soa2/35021/getHotelRoomPopInfoPCOnline,394,raw/124225015/responses/0007_a399d40fcb64.json
124241131,1,POST,200,Fetch,https://m.ctrip.com/restapi/soa2/10182/GetAvailablePoints?_fxpcqlniredt=09031109115864990735&x-traceID=09031109115864990735-1788236936138-8390164,463,raw/124241131/responses/0001_3f8bc528c08e.json
124241131,2,POST,200,Fetch,https://m.ctrip.com/restapi/soa2/34308/getHotelCommentInfo,399,raw/124241131/responses/0002_e5cdff472821.json
124241131,3,POST,200,Fetch,https://m.ctrip.com/restapi/soa2/28820/ctgethotelalbum,79693,raw/124241131/responses/0003_b0749e138db6.json
124241131,4,POST,200,Fetch,https://m.ctrip.com/restapi/soa2/33278/getDetailAdditionalInfo,20300,raw/124241131/responses/0004_c37be698535c.json
124241131,5,POST,200,Fetch,https://m.ctrip.com/restapi/soa2/28820/ctGetNearbyHotelList,378,raw/124241131/responses/0005_1e2127aae2e6.json
124241131,6,POST,200,Fetch,https://m.ctrip.com/restapi/soa2/33278/getHotelRoomListInland,408,raw/124241131/responses/0006_b404bd1188b5.json
124241131,7,POST,200,Fetch,https://m.ctrip.com/restapi/soa2/35021/getHotelRoomPopInfoPCOnline,394,raw/124241131/responses/0007_a399d40fcb64.json
124287263,1,POST,200,Fetch,https://m.ctrip.com/restapi/soa2/10182/GetAvailablePoints?_fxpcqlniredt=09031109115864990735&x-traceID=09031109115864990735-1788236335770-2949183,463,raw/124287263/responses/0001_6c9b789c5355.json
124287263,2,POST,200,Fetch,https://m.ctrip.com/restapi/soa2/34308/getHotelCommentInfo,399,raw/124287263/responses/0002_e5cdff472821.json
124287263,3,POST,200,Fetch,https://m.ctrip.com/restapi/soa2/33278/getHotelRoomListInland,408,raw/124287263/responses/0003_20a6b1dba238.json
124287263,4,POST,200,Fetch,https://m.ctrip.com/restapi/soa2/33278/getDetailAdditionalInfo,20730,raw/124287263/responses/0004_c37be698535c.json
124287263,5,POST,200,Fetch,https://m.ctrip.com/restapi/soa2/28820/ctGetNearbyHotelList,378,raw/124287263/responses/0005_1e2127aae2e6.json
124287263,6,POST,200,Fetch,https://m.ctrip.com/restapi/soa2/28820/ctgethotelalbum,581246,raw/124287263/responses/0006_b034201a0549.json
124287263,7,POST,200,Fetch,https://m.ctrip.com/restapi/soa2/35021/getHotelRoomPopInfoPCOnline,394,raw/124287263/responses/0007_a399d40fcb64.json
124633081,1,POST,200,Fetch,https://m.ctrip.com/restapi/soa2/10182/GetAvailablePoints?_fxpcqlniredt=09031109115864990735&x-traceID=09031109115864990735-1788239528069-7262028,462,raw/124633081/responses/0001_ca7b9c748b96.json
124633081,2,POST,200,Fetch,https://m.ctrip.com/restapi/soa2/28820/ctGetNearbyHotelList,376,raw/124633081/responses/0002_79652ba8e9e8.json
124633081,3,POST,200,Fetch,https://m.ctrip.com/restapi/soa2/34308/getHotelCommentInfo,397,raw/124633081/responses/0003_8a41a2728111.json
124633081,4,POST,200,Fetch,https://m.ctrip.com/restapi/soa2/33278/getDetailAdditionalInfo,20352,raw/124633081/responses/0004_c37be698535c.json
124633081,5,POST,200,Fetch,https://m.ctrip.com/restapi/soa2/33278/getHotelRoomListInland,406,raw/124633081/responses/0005_126ff2c3c3c2.json
124633081,6,POST,200,Fetch,https://m.ctrip.com/restapi/soa2/28820/ctgethotelalbum,559664,raw/124633081/responses/0006_b034201a0549.json
124633081,7,POST,200,Fetch,https://m.ctrip.com/restapi/soa2/35021/getHotelRoomPopInfoPCOnline,392,raw/124633081/responses/0007_a399d40fcb64.json
124744018,1,POST,200,Fetch,https://m.ctrip.com/restapi/soa2/10182/GetAvailablePoints?_fxpcqlniredt=09031109115864990735&x-traceID=09031109115864990735-1788164019575-1958690,463,raw/124744018/responses/0001_923c516f80b1.json
124744018,2,POST,200,Fetch,https://m.ctrip.com/restapi/soa2/33278/getDetailAdditionalInfo,20325,raw/124744018/responses/0002_0f6525cc02a9.json
124744018,3,POST,200,Fetch,https://m.ctrip.com/restapi/soa2/34308/getHotelCommentInfo,59085,raw/124744018/responses/0003_8a41a2728111.json
124744018,4,POST,200,Fetch,https://m.ctrip.com/restapi/soa2/28820/ctgethotelalbum,359481,raw/124744018/responses/0004_65975e8ff220.json
124744018,5,POST,200,Fetch,https://m.ctrip.com/restapi/soa2/28820/ctGetNearbyHotelList,131512,raw/124744018/responses/0005_1e2127aae2e6.json
124744018,6,POST,200,Fetch,https://m.ctrip.com/restapi/soa2/33278/getHotelRoomListInland,911588,raw/124744018/responses/0006_b404bd1188b5.json
124744018,7,POST,200,Fetch,https://m.ctrip.com/restapi/soa2/35021/getHotelRoomPopInfoPCOnline,1256401,raw/124744018/responses/0007_a399d40fcb64.json
124781347,1,POST,200,Fetch,https://m.ctrip.com/restapi/soa2/10182/GetAvailablePoints?_fxpcqlniredt=09031109115864990735&x-traceID=09031109115864990735-1788163142119-4074129,463,raw/124781347/responses/0001_90b4a07cf921.json
124781347,2,POST,200,Fetch,https://m.ctrip.com/restapi/soa2/33278/getDetailAdditionalInfo,20742,raw/124781347/responses/0002_0f6525cc02a9.json
124781347,3,POST,200,Fetch,https://m.ctrip.com/restapi/soa2/34308/getHotelCommentInfo,56094,raw/124781347/responses/0003_8a41a2728111.json
124781347,4,POST,200,Fetch,https://m.ctrip.com/restapi/soa2/28820/ctgethotelalbum,271227,raw/124781347/responses/0004_65975e8ff220.json
124781347,5,POST,200,Fetch,https://m.ctrip.com/restapi/soa2/33278/getHotelRoomListInland,150781,raw/124781347/responses/0005_126ff2c3c3c2.json
124781347,6,POST,200,Fetch,https://m.ctrip.com/restapi/soa2/28820/ctGetNearbyHotelList,135331,raw/124781347/responses/0006_9a431dd78faa.json
124781347,7,POST,200,Fetch,https://m.ctrip.com/restapi/soa2/35021/getHotelRoomPopInfoPCOnline,182563,raw/124781347/responses/0007_a399d40fcb64.json
124793956,1,POST,200,Fetch,https://m.ctrip.com/restapi/soa2/10182/GetAvailablePoints?_fxpcqlniredt=09031109115864990735&x-traceID=09031109115864990735-1788237280916-9882462,463,raw/124793956/responses/0001_1c0a9c3bd97e.json
124793956,2,POST,200,Fetch,https://m.ctrip.com/restapi/soa2/33278/getDetailAdditionalInfo,20727,raw/124793956/responses/0002_0f6525cc02a9.json
124793956,3,POST,200,Fetch,https://m.ctrip.com/restapi/soa2/34308/getHotelCommentInfo,399,raw/124793956/responses/0003_8a41a2728111.json
124793956,4,POST,200,Fetch,https://m.ctrip.com/restapi/soa2/33278/getHotelRoomListInland,408,raw/124793956/responses/0004_4484b63447e6.json
124793956,5,POST,200,Fetch,https://m.ctrip.com/restapi/soa2/28820/ctGetNearbyHotelList,378,raw/124793956/responses/0005_1e2127aae2e6.json
124793956,6,POST,200,Fetch,https://m.ctrip.com/restapi/soa2/28820/ctgethotelalbum,377117,raw/124793956/responses/0006_b034201a0549.json
124793956,7,POST,200,Fetch,https://m.ctrip.com/restapi/soa2/35021/getHotelRoomPopInfoPCOnline,394,raw/124793956/responses/0007_a399d40fcb64.json
124801598,1,POST,200,Fetch,https://m.ctrip.com/restapi/soa2/10182/GetAvailablePoints?_fxpcqlniredt=09031109115864990735&x-traceID=09031109115864990735-1788165956957-3218424,463,raw/124801598/responses/0001_c8b59da4a9ce.json
124801598,2,POST,200,Fetch,https://m.ctrip.com/restapi/soa2/33278/getDetailAdditionalInfo,20424,raw/124801598/responses/0002_0f6525cc02a9.json
124801598,3,POST,200,Fetch,https://m.ctrip.com/restapi/soa2/34308/getHotelCommentInfo,46347,raw/124801598/responses/0003_8a41a2728111.json
124801598,4,POST,200,Fetch,https://m.ctrip.com/restapi/soa2/28820/ctgethotelalbum,203909,raw/124801598/responses/0004_65975e8ff220.json
124801598,5,POST,200,Fetch,https://m.ctrip.com/restapi/soa2/33278/getHotelRoomListInland,37282,raw/124801598/responses/0005_126ff2c3c3c2.json
124801598,6,POST,200,Fetch,https://m.ctrip.com/restapi/soa2/28820/ctGetNearbyHotelList,131757,raw/124801598/responses/0006_9a431dd78faa.json
124801598,7,POST,200,Fetch,https://m.ctrip.com/restapi/soa2/35021/getHotelRoomPopInfoPCOnline,34185,raw/124801598/responses/0007_a399d40fcb64.json
125123176,1,POST,200,Fetch,https://m.ctrip.com/restapi/soa2/10182/GetAvailablePoints?_fxpcqlniredt=09031109115864990735&x-traceID=09031109115864990735-1788238882012-8735251,460,raw/125123176/responses/0001_9db46854874f.json
125123176,2,POST,200,Fetch,https://m.ctrip.com/restapi/soa2/34308/getHotelCommentInfo,395,raw/125123176/responses/0002_e5cdff472821.json
125123176,3,POST,200,Fetch,https://m.ctrip.com/restapi/soa2/33278/getHotelRoomListInland,406,raw/125123176/responses/0003_20a6b1dba238.json
125123176,4,POST,200,Fetch,https://m.ctrip.com/restapi/soa2/28820/ctGetNearbyHotelList,376,raw/125123176/responses/0004_b9f75dd5f3db.json
125123176,5,POST,200,Fetch,https://m.ctrip.com/restapi/soa2/33278/getDetailAdditionalInfo,20542,raw/125123176/responses/0005_1139d80bc75b.json
125123176,6,POST,200,Fetch,https://m.ctrip.com/restapi/soa2/28820/ctgethotelalbum,268954,raw/125123176/responses/0006_b034201a0549.json
125123176,7,POST,200,Fetch,https://m.ctrip.com/restapi/soa2/35021/getHotelRoomPopInfoPCOnline,390,raw/125123176/responses/0007_a399d40fcb64.json
125153726,1,POST,200,Fetch,https://m.ctrip.com/restapi/soa2/34308/getHotelCommentInfo,399,raw/125153726/responses/0001_a72c8f9fa60e.json
125153726,2,POST,200,Fetch,https://m.ctrip.com/restapi/soa2/10182/GetAvailablePoints?_fxpcqlniredt=09031109115864990735&x-traceID=09031109115864990735-1788239728559-3574971,463,raw/125153726/responses/0002_a826e948bf02.json
125153726,3,POST,200,Fetch,https://m.ctrip.com/restapi/soa2/33278/getDetailAdditionalInfo,20184,raw/125153726/responses/0003_9a699f28ead6.json
125153726,4,POST,200,Fetch,https://m.ctrip.com/restapi/soa2/33278/getHotelRoomListInland,408,raw/125153726/responses/0004_4484b63447e6.json
125153726,5,POST,200,Fetch,https://m.ctrip.com/restapi/soa2/28820/ctgethotelalbum,270360,raw/125153726/responses/0005_0ef9cbf89082.json
125153726,6,POST,200,Fetch,https://m.ctrip.com/restapi/soa2/28820/ctGetNearbyHotelList,378,raw/125153726/responses/0006_9a431dd78faa.json
125153726,7,POST,200,Fetch,https://m.ctrip.com/restapi/soa2/35021/getHotelRoomPopInfoPCOnline,394,raw/125153726/responses/0007_a399d40fcb64.json
125382075,1,POST,200,Fetch,https://m.ctrip.com/restapi/soa2/10182/GetAvailablePoints?_fxpcqlniredt=09031109115864990735&x-traceID=09031109115864990735-1788239154940-1106783,462,raw/125382075/responses/0001_8a938ce2ff36.json
125382075,2,POST,200,Fetch,https://m.ctrip.com/restapi/soa2/34308/getHotelCommentInfo,397,raw/125382075/responses/0002_e5cdff472821.json
125382075,3,POST,200,Fetch,https://m.ctrip.com/restapi/soa2/33278/getDetailAdditionalInfo,20489,raw/125382075/responses/0003_9a699f28ead6.json
125382075,4,POST,200,Fetch,https://m.ctrip.com/restapi/soa2/28820/ctGetNearbyHotelList,376,raw/125382075/responses/0004_b9f75dd5f3db.json
125382075,5,POST,200,Fetch,https://m.ctrip.com/restapi/soa2/28820/ctgethotelalbum,200486,raw/125382075/responses/0005_0ef9cbf89082.json
125382075,6,POST,200,Fetch,https://m.ctrip.com/restapi/soa2/33278/getHotelRoomListInland,406,raw/125382075/responses/0006_b404bd1188b5.json
125382075,7,POST,200,Fetch,https://m.ctrip.com/restapi/soa2/35021/getHotelRoomPopInfoPCOnline,392,raw/125382075/responses/0007_a399d40fcb64.json
125647784,1,POST,200,Fetch,https://m.ctrip.com/restapi/soa2/10182/GetAvailablePoints?_fxpcqlniredt=09031109115864990735&x-traceID=09031109115864990735-1788166342486-4468022,463,raw/125647784/responses/0001_03973113c01b.json
125647784,2,POST,200,Fetch,https://m.ctrip.com/restapi/soa2/33278/getDetailAdditionalInfo,20903,raw/125647784/responses/0002_0f6525cc02a9.json
125647784,3,POST,200,Fetch,https://m.ctrip.com/restapi/soa2/28820/ctgethotelalbum,494215,raw/125647784/responses/0003_b0749e138db6.json
125647784,4,POST,200,Fetch,https://m.ctrip.com/restapi/soa2/34308/getHotelCommentInfo,51597,raw/125647784/responses/0004_f4484678b221.json
125647784,5,POST,200,Fetch,https://m.ctrip.com/restapi/soa2/28820/ctGetNearbyHotelList,127659,raw/125647784/responses/0005_1e2127aae2e6.json
1257190,1,POST,200,Fetch,https://m.ctrip.com/restapi/soa2/10182/GetAvailablePoints?_fxpcqlniredt=09031109115864990735&x-traceID=09031109115864990735-1788163422685-7405163,462,raw/1257190/responses/0001_abdc5c8f1bc3.json
1257190,2,POST,200,Fetch,https://m.ctrip.com/restapi/soa2/33278/getDetailAdditionalInfo,20250,raw/1257190/responses/0002_0f6525cc02a9.json
1257190,3,POST,200,Fetch,https://m.ctrip.com/restapi/soa2/34308/getHotelCommentInfo,61851,raw/1257190/responses/0003_8a41a2728111.json
1257190,4,POST,200,Fetch,https://m.ctrip.com/restapi/soa2/28820/ctgethotelalbum,406738,raw/1257190/responses/0004_65975e8ff220.json
1257190,5,POST,200,Fetch,https://m.ctrip.com/restapi/soa2/28820/ctGetNearbyHotelList,135843,raw/1257190/responses/0005_1e2127aae2e6.json
1257190,6,POST,200,Fetch,https://m.ctrip.com/restapi/soa2/33278/getHotelRoomListInland,1750580,raw/1257190/responses/0006_b404bd1188b5.json
1257190,7,POST,200,Fetch,https://m.ctrip.com/restapi/soa2/35021/getHotelRoomPopInfoPCOnline,2189826,raw/1257190/responses/0007_a399d40fcb64.json
125759479,1,POST,200,Fetch,https://m.ctrip.com/restapi/soa2/10182/GetAvailablePoints?_fxpcqlniredt=09031109115864990735&x-traceID=09031109115864990735-1788166376263-1916761,462,raw/125759479/responses/0001_f7f88ce389d3.json
125805915,1,POST,200,Fetch,https://m.ctrip.com/restapi/soa2/10182/GetAvailablePoints?_fxpcqlniredt=09031109115864990735&x-traceID=09031109115864990735-1788166734878-6807780,463,raw/125805915/responses/0001_7655093b99b9.json
12617337,1,POST,200,Fetch,https://m.ctrip.com/restapi/soa2/10182/GetAvailablePoints?_fxpcqlniredt=09031109115864990735&x-traceID=09031109115864990735-1788236738397-1220217,463,raw/12617337/responses/0001_4e99a3d0588d.json
12617337,2,POST,200,Fetch,https://m.ctrip.com/restapi/soa2/34308/getHotelCommentInfo,399,raw/12617337/responses/0002_e5cdff472821.json
12617337,3,POST,200,Fetch,https://m.ctrip.com/restapi/soa2/33278/getDetailAdditionalInfo,21300,raw/12617337/responses/0003_9a699f28ead6.json
12617337,4,POST,200,Fetch,https://m.ctrip.com/restapi/soa2/28820/ctGetNearbyHotelList,378,raw/12617337/responses/0004_b9f75dd5f3db.json
12617337,5,POST,200,Fetch,https://m.ctrip.com/restapi/soa2/33278/getHotelRoomListInland,408,raw/12617337/responses/0005_126ff2c3c3c2.json
12617337,6,POST,200,Fetch,https://m.ctrip.com/restapi/soa2/28820/ctgethotelalbum,362978,raw/12617337/responses/0006_b034201a0549.json
12617337,7,POST,200,Fetch,https://m.ctrip.com/restapi/soa2/35021/getHotelRoomPopInfoPCOnline,394,raw/12617337/responses/0007_a399d40fcb64.json
126227255,1,POST,200,Fetch,https://m.ctrip.com/restapi/soa2/10182/GetAvailablePoints?_fxpcqlniredt=09031109115864990735&x-traceID=09031109115864990735-1788512455009-792642,461,raw/126227255/responses/0001_df4421f022f9.json
126227255,2,POST,200,Fetch,https://m.ctrip.com/restapi/soa2/34308/getHotelCommentInfo,395,raw/126227255/responses/0002_e5cdff472821.json
126227255,3,POST,200,Fetch,https://m.ctrip.com/restapi/soa2/33278/getDetailAdditionalInfo,20331,raw/126227255/responses/0003_9a699f28ead6.json
126227255,4,POST,200,Fetch,https://m.ctrip.com/restapi/soa2/28820/ctgethotelalbum,215697,raw/126227255/responses/0004_65975e8ff220.json
126227255,5,POST,200,Fetch,https://m.ctrip.com/restapi/soa2/33278/getHotelRoomListInland,404,raw/126227255/responses/0005_126ff2c3c3c2.json
126227255,6,POST,200,Fetch,https://m.ctrip.com/restapi/soa2/28820/ctGetNearbyHotelList,374,raw/126227255/responses/0006_9a431dd78faa.json
126227255,7,POST,200,Fetch,https://m.ctrip.com/restapi/soa2/35021/getHotelRoomPopInfoPCOnline,390,raw/126227255/responses/0007_a399d40fcb64.json
126697626,1,POST,200,Fetch,https://m.ctrip.com/restapi/soa2/10182/GetAvailablePoints?_fxpcqlniredt=09031109115864990735&x-traceID=09031109115864990735-1788237759280-3088830,463,raw/126697626/responses/0001_dae32cb207a2.json
126697626,2,POST,200,Fetch,https://m.ctrip.com/restapi/soa2/34308/getHotelCommentInfo,399,raw/126697626/responses/0002_e5cdff472821.json
126697626,3,POST,200,Fetch,https://m.ctrip.com/restapi/soa2/33278/getHotelRoomListInland,408,raw/126697626/responses/0003_20a6b1dba238.json
126697626,4,POST,200,Fetch,https://m.ctrip.com/restapi/soa2/33278/getDetailAdditionalInfo,20245,raw/126697626/responses/0004_c37be698535c.json
126697626,5,POST,200,Fetch,https://m.ctrip.com/restapi/soa2/28820/ctgethotelalbum,113835,raw/126697626/responses/0005_0ef9cbf89082.json
126697626,6,POST,200,Fetch,https://m.ctrip.com/restapi/soa2/28820/ctGetNearbyHotelList,378,raw/126697626/responses/0006_9a431dd78faa.json
126697626,7,POST,200,Fetch,https://m.ctrip.com/restapi/soa2/35021/getHotelRoomPopInfoPCOnline,394,raw/126697626/responses/0007_a399d40fcb64.json
126727341,1,POST,200,Fetch,https://m.ctrip.com/restapi/soa2/33278/getDetailAdditionalInfo,20044,raw/126727341/responses/0001_cfd279648041.json
126727341,2,POST,200,Fetch,https://m.ctrip.com/restapi/soa2/34308/getHotelCommentInfo,40660,raw/126727341/responses/0002_e5cdff472821.json
126727341,3,POST,200,Fetch,https://m.ctrip.com/restapi/soa2/10182/GetAvailablePoints?_fxpcqlniredt=09031109115864990735&x-traceID=09031109115864990735-1788164380231-1156143,463,raw/126727341/responses/0003_9c522692329f.json
126727341,4,POST,200,Fetch,https://m.ctrip.com/restapi/soa2/28820/ctgethotelalbum,376578,raw/126727341/responses/0004_65975e8ff220.json
126727341,5,POST,200,Fetch,https://m.ctrip.com/restapi/soa2/33278/getHotelRoomListInland,203821,raw/126727341/responses/0005_126ff2c3c3c2.json
126727341,6,POST,200,Fetch,https://m.ctrip.com/restapi/soa2/28820/ctGetNearbyHotelList,136919,raw/126727341/responses/0006_9a431dd78faa.json
126727341,7,POST,200,Fetch,https://m.ctrip.com/restapi/soa2/35021/getHotelRoomPopInfoPCOnline,217412,raw/126727341/responses/0007_a399d40fcb64.json
126886073,1,POST,200,Fetch,https://m.ctrip.com/restapi/soa2/10182/GetAvailablePoints?_fxpcqlniredt=09031109115864990735&x-traceID=09031109115864990735-1788242019413-5642623,463,raw/126886073/responses/0001_13aeca58665e.json
126927067,1,POST,200,Fetch,https://m.ctrip.com/restapi/soa2/34308/getHotelCommentInfo,399,raw/126927067/responses/0001_a72c8f9fa60e.json
126927067,2,POST,200,Fetch,https://m.ctrip.com/restapi/soa2/33278/getHotelRoomListInland,408,raw/126927067/responses/0002_e41e460f95a3.json
126927067,3,POST,200,Fetch,https://m.ctrip.com/restapi/soa2/33278/getDetailAdditionalInfo,20194,raw/126927067/responses/0003_9a699f28ead6.json
126927067,4,POST,200,Fetch,https://m.ctrip.com/restapi/soa2/28820/ctgethotelalbum,222383,raw/126927067/responses/0004_65975e8ff220.json
126927067,5,POST,200,Fetch,https://m.ctrip.com/restapi/soa2/10182/GetAvailablePoints?_fxpcqlniredt=09031109115864990735&x-traceID=09031109115864990735-1788510707331-8033386,462,raw/126927067/responses/0005_8fb3c3bb3531.json
126927067,6,POST,200,Fetch,https://m.ctrip.com/restapi/soa2/28820/ctGetNearbyHotelList,378,raw/126927067/responses/0006_9a431dd78faa.json
126927067,7,POST,200,Fetch,https://m.ctrip.com/restapi/soa2/35021/getHotelRoomPopInfoPCOnline,394,raw/126927067/responses/0007_a399d40fcb64.json
127164409,1,POST,200,Fetch,https://m.ctrip.com/restapi/soa2/10182/GetAvailablePoints?_fxpcqlniredt=09031109115864990735&x-traceID=09031109115864990735-1788237360452-8326255,463,raw/127164409/responses/0001_b88285b38251.json
127164409,2,POST,200,Fetch,https://m.ctrip.com/restapi/soa2/34308/getHotelCommentInfo,399,raw/127164409/responses/0002_e5cdff472821.json
127164409,3,POST,200,Fetch,https://m.ctrip.com/restapi/soa2/28820/ctGetNearbyHotelList,378,raw/127164409/responses/0003_6558381281e0.json
127164409,4,POST,200,Fetch,https://m.ctrip.com/restapi/soa2/33278/getDetailAdditionalInfo,20091,raw/127164409/responses/0004_c37be698535c.json
127164409,5,POST,200,Fetch,https://m.ctrip.com/restapi/soa2/33278/getHotelRoomListInland,408,raw/127164409/responses/0005_126ff2c3c3c2.json
127164409,6,POST,200,Fetch,https://m.ctrip.com/restapi/soa2/28820/ctgethotelalbum,85266,raw/127164409/responses/0006_b034201a0549.json
127164409,7,POST,200,Fetch,https://m.ctrip.com/restapi/soa2/35021/getHotelRoomPopInfoPCOnline,394,raw/127164409/responses/0007_a399d40fcb64.json
127329164,1,POST,200,Fetch,https://m.ctrip.com/restapi/soa2/34308/getHotelCommentInfo,395,raw/127329164/responses/0001_a72c8f9fa60e.json
127329164,2,POST,200,Fetch,https://m.ctrip.com/restapi/soa2/33278/getDetailAdditionalInfo,20057,raw/127329164/responses/0002_0f6525cc02a9.json
127329164,3,POST,200,Fetch,https://m.ctrip.com/restapi/soa2/28820/ctgethotelalbum,375081,raw/127329164/responses/0003_b0749e138db6.json
127329164,4,POST,200,Fetch,https://m.ctrip.com/restapi/soa2/28820/ctGetNearbyHotelList,374,raw/127329164/responses/0004_b9f75dd5f3db.json
127329164,5,POST,200,Fetch,https://m.ctrip.com/restapi/soa2/10182/GetAvailablePoints?_fxpcqlniredt=09031109115864990735&x-traceID=09031109115864990735-1788235243269-7527868,461,raw/127329164/responses/0005_b508e060767c.json
127329164,6,POST,200,Fetch,https://m.ctrip.com/restapi/soa2/33278/getHotelRoomListInland,404,raw/127329164/responses/0006_b404bd1188b5.json
127329164,7,POST,200,Fetch,https://m.ctrip.com/restapi/soa2/35021/getHotelRoomPopInfoPCOnline,390,raw/127329164/responses/0007_a399d40fcb64.json
127360937,1,POST,200,Fetch,https://m.ctrip.com/restapi/soa2/10182/GetAvailablePoints?_fxpcqlniredt=09031109115864990735&x-traceID=09031109115864990735-1788240583614-774998,463,raw/127360937/responses/0001_ef9e4a24349a.json
127404125,1,POST,200,Fetch,https://m.ctrip.com/restapi/soa2/33278/getHotelRoomListInland,408,raw/127404125/responses/0001_9c9d39835376.json
127404125,2,POST,200,Fetch,https://m.ctrip.com/restapi/soa2/28820/ctgethotelalbum,270776,raw/127404125/responses/0002_053ef16233d1.json
127404125,3,POST,200,Fetch,https://m.ctrip.com/restapi/soa2/34308/getHotelCommentInfo,399,raw/127404125/responses/0003_8a41a2728111.json
127404125,4,POST,200,Fetch,https://m.ctrip.com/restapi/soa2/10182/GetAvailablePoints?_fxpcqlniredt=09031109115864990735&x-traceID=09031109115864990735-1788235178921-4837134,463,raw/127404125/responses/0004_f08a34042a53.json
127404125,5,POST,200,Fetch,https://m.ctrip.com/restapi/soa2/28820/ctGetNearbyHotelList,378,raw/127404125/responses/0005_1e2127aae2e6.json
127404125,6,POST,200,Fetch,https://m.ctrip.com/restapi/soa2/33278/getDetailAdditionalInfo,20514,raw/127404125/responses/0006_937db351796d.json
127404125,7,POST,200,Fetch,https://m.ctrip.com/restapi/soa2/35021/getHotelRoomPopInfoPCOnline,394,raw/127404125/responses/0007_a399d40fcb64.json
127417119,1,POST,200,Fetch,https://m.ctrip.com/restapi/soa2/10182/GetAvailablePoints?_fxpcqlniredt=09031109115864990735&x-traceID=09031109115864990735-1788512648718-4383724,462,raw/127417119/responses/0001_4d2373d65600.json
127417119,2,POST,200,Fetch,https://m.ctrip.com/restapi/soa2/34308/getHotelCommentInfo,397,raw/127417119/responses/0002_e5cdff472821.json
127417119,3,POST,200,Fetch,https://m.ctrip.com/restapi/soa2/33278/getDetailAdditionalInfo,14049,raw/127417119/responses/0003_9a699f28ead6.json
127417119,4,POST,200,Fetch,https://m.ctrip.com/restapi/soa2/28820/ctgethotelalbum,282509,raw/127417119/responses/0004_65975e8ff220.json
127417119,5,POST,200,Fetch,https://m.ctrip.com/restapi/soa2/33278/getHotelRoomListInland,406,raw/127417119/responses/0005_126ff2c3c3c2.json
127417119,6,POST,200,Fetch,https://m.ctrip.com/restapi/soa2/28820/ctGetNearbyHotelList,376,raw/127417119/responses/0006_9a431dd78faa.json
127417119,7,POST,200,Fetch,https://m.ctrip.com/restapi/soa2/35021/getHotelRoomPopInfoPCOnline,392,raw/127417119/responses/0007_a399d40fcb64.json
127619252,1,POST,200,Fetch,https://m.ctrip.com/restapi/soa2/10182/GetAvailablePoints?_fxpcqlniredt=09031109115864990735&x-traceID=09031109115864990735-1788241535826-744501,463,raw/127619252/responses/0001_78dcd25a7def.json
127663310,1,POST,200,Fetch,https://m.ctrip.com/restapi/soa2/10182/GetAvailablePoints?_fxpcqlniredt=09031109115864990735&x-traceID=09031109115864990735-1788241882939-6335521,463,raw/127663310/responses/0001_e70f876109ee.json
127700642,1,POST,200,Fetch,https://m.ctrip.com/restapi/soa2/10182/GetAvailablePoints?_fxpcqlniredt=09031109115864990735&x-traceID=09031109115864990735-1788242003351-5284171,463,raw/127700642/responses/0001_895b746021a2.json
127871837,1,POST,200,Fetch,https://m.ctrip.com/restapi/soa2/10182/GetAvailablePoints?_fxpcqlniredt=09031109115864990735&x-traceID=09031109115864990735-1788166965534-4582189,461,raw/127871837/responses/0001_fc48153de971.json
1280985,1,POST,200,Fetch,https://m.ctrip.com/restapi/soa2/10182/GetAvailablePoints?_fxpcqlniredt=09031109115864990735&x-traceID=09031109115864990735-1788239476333-8331292,462,raw/1280985/responses/0001_d9b3c73d9ce6.json
1280985,2,POST,200,Fetch,https://m.ctrip.com/restapi/soa2/34308/getHotelCommentInfo,397,raw/1280985/responses/0002_e5cdff472821.json
1280985,3,POST,200,Fetch,https://m.ctrip.com/restapi/soa2/33278/getHotelRoomListInland,406,raw/1280985/responses/0003_20a6b1dba238.json
1280985,4,POST,200,Fetch,https://m.ctrip.com/restapi/soa2/33278/getDetailAdditionalInfo,19918,raw/1280985/responses/0004_c37be698535c.json
1280985,5,POST,200,Fetch,https://m.ctrip.com/restapi/soa2/28820/ctGetNearbyHotelList,376,raw/1280985/responses/0005_1e2127aae2e6.json
1280985,6,POST,200,Fetch,https://m.ctrip.com/restapi/soa2/28820/ctgethotelalbum,294963,raw/1280985/responses/0006_b034201a0549.json
1280985,7,POST,200,Fetch,https://m.ctrip.com/restapi/soa2/35021/getHotelRoomPopInfoPCOnline,392,raw/1280985/responses/0007_a399d40fcb64.json
128670732,1,POST,200,Fetch,https://m.ctrip.com/restapi/soa2/10182/GetAvailablePoints?_fxpcqlniredt=09031109115864990735&x-traceID=09031109115864990735-1788166147541-9461131,463,raw/128670732/responses/0001_8d8733b80e82.json
128670732,2,POST,200,Fetch,https://m.ctrip.com/restapi/soa2/34308/getHotelCommentInfo,47360,raw/128670732/responses/0002_e5cdff472821.json
128670732,3,POST,200,Fetch,https://m.ctrip.com/restapi/soa2/28820/ctgethotelalbum,291053,raw/128670732/responses/0003_b0749e138db6.json
128670732,4,POST,200,Fetch,https://m.ctrip.com/restapi/soa2/33278/getDetailAdditionalInfo,20172,raw/128670732/responses/0004_c37be698535c.json
128670732,5,POST,200,Fetch,https://m.ctrip.com/restapi/soa2/33278/getHotelRoomListInland,189674,raw/128670732/responses/0005_126ff2c3c3c2.json
128670732,6,POST,200,Fetch,https://m.ctrip.com/restapi/soa2/28820/ctGetNearbyHotelList,127445,raw/128670732/responses/0006_9a431dd78faa.json
128670732,7,POST,200,Fetch,https://m.ctrip.com/restapi/soa2/35021/getHotelRoomPopInfoPCOnline,148925,raw/128670732/responses/0007_a399d40fcb64.json
128890140,1,POST,200,Fetch,https://m.ctrip.com/restapi/soa2/10182/GetAvailablePoints?_fxpcqlniredt=09031109115864990735&x-traceID=09031109115864990735-1788256082667-6331998,462,raw/128890140/responses/0001_1c49e18f1892.json
128922488,1,POST,200,Fetch,https://m.ctrip.com/restapi/soa2/10182/GetAvailablePoints?_fxpcqlniredt=09031109115864990735&x-traceID=09031109115864990735-1788164583762-531103,463,raw/128922488/responses/0001_78adb7fc7666.json
128922488,2,POST,200,Fetch,https://m.ctrip.com/restapi/soa2/33278/getDetailAdditionalInfo,20471,raw/128922488/responses/0002_0f6525cc02a9.json
128922488,3,POST,200,Fetch,https://m.ctrip.com/restapi/soa2/34308/getHotelCommentInfo,34241,raw/128922488/responses/0003_8a41a2728111.json
128922488,4,POST,200,Fetch,https://m.ctrip.com/restapi/soa2/28820/ctgethotelalbum,190334,raw/128922488/responses/0004_65975e8ff220.json
128922488,5,POST,200,Fetch,https://m.ctrip.com/restapi/soa2/33278/getHotelRoomListInland,75546,raw/128922488/responses/0005_126ff2c3c3c2.json
128922488,6,POST,200,Fetch,https://m.ctrip.com/restapi/soa2/28820/ctGetNearbyHotelList,128081,raw/128922488/responses/0006_9a431dd78faa.json
128922488,7,POST,200,Fetch,https://m.ctrip.com/restapi/soa2/35021/getHotelRoomPopInfoPCOnline,63491,raw/128922488/responses/0007_a399d40fcb64.json
129116699,1,POST,200,Fetch,https://m.ctrip.com/restapi/soa2/10182/GetAvailablePoints?_fxpcqlniredt=09031109115864990735&x-traceID=09031109115864990735-1788234981751-9430105,463,raw/129116699/responses/0001_66308fe793e4.json
129116699,2,POST,200,Fetch,https://m.ctrip.com/restapi/soa2/34308/getHotelCommentInfo,399,raw/129116699/responses/0002_e5cdff472821.json
129116699,3,POST,200,Fetch,https://m.ctrip.com/restapi/soa2/33278/getDetailAdditionalInfo,20207,raw/129116699/responses/0003_9a699f28ead6.json
129116699,4,POST,200,Fetch,https://m.ctrip.com/restapi/soa2/28820/ctgethotelalbum,337757,raw/129116699/responses/0004_65975e8ff220.json
129116699,5,POST,200,Fetch,https://m.ctrip.com/restapi/soa2/28820/ctGetNearbyHotelList,378,raw/129116699/responses/0005_1e2127aae2e6.json
129116699,6,POST,200,Fetch,https://m.ctrip.com/restapi/soa2/33278/getHotelRoomListInland,408,raw/129116699/responses/0006_b404bd1188b5.json
129116699,7,POST,200,Fetch,https://m.ctrip.com/restapi/soa2/35021/getHotelRoomPopInfoPCOnline,394,raw/129116699/responses/0007_a399d40fcb64.json
129116699,8,POST,200,Fetch,https://m.ctrip.com/restapi/soa2/10182/GetAvailablePoints?_fxpcqlniredt=09031109115864990735&x-traceID=09031109115864990735-1788235008311-4880219,463,raw/129116699/responses/0008_d0bef1400751.json
129116699,9,POST,200,Fetch,https://m.ctrip.com/restapi/soa2/34308/getHotelCommentInfo,399,raw/129116699/responses/0009_16704da4c85d.json
129116699,10,POST,200,Fetch,https://m.ctrip.com/restapi/soa2/33278/getHotelRoomListInland,408,raw/129116699/responses/0010_b4353f1d2858.json
129116699,11,POST,200,Fetch,https://m.ctrip.com/restapi/soa2/33278/getDetailAdditionalInfo,20207,raw/129116699/responses/0011_271adf3b17fc.json
129116699,12,POST,200,Fetch,https://m.ctrip.com/restapi/soa2/28820/ctgethotelalbum,337757,raw/129116699/responses/0012_819c21abd19a.json
129116699,13,POST,200,Fetch,https://m.ctrip.com/restapi/soa2/28820/ctGetNearbyHotelList,378,raw/129116699/responses/0013_6a80e1cfeaa4.json
129116699,14,POST,200,Fetch,https://m.ctrip.com/restapi/soa2/35021/getHotelRoomPopInfoPCOnline,394,raw/129116699/responses/0014_d5f03d47e89d.json
129179707,1,POST,200,Fetch,https://m.ctrip.com/restapi/soa2/10182/GetAvailablePoints?_fxpcqlniredt=09031109115864990735&x-traceID=09031109115864990735-1788512982521-8776552,462,raw/129179707/responses/0001_a32a59597a5d.json
129179707,2,POST,200,Fetch,https://m.ctrip.com/restapi/soa2/33278/getDetailAdditionalInfo,20166,raw/129179707/responses/0002_0f6525cc02a9.json
129179707,3,POST,200,Fetch,https://m.ctrip.com/restapi/soa2/33278/getHotelRoomListInland,406,raw/129179707/responses/0003_20a6b1dba238.json
129179707,4,POST,200,Fetch,https://m.ctrip.com/restapi/soa2/28820/ctGetNearbyHotelList,376,raw/129179707/responses/0004_b9f75dd5f3db.json
129179707,5,POST,200,Fetch,https://m.ctrip.com/restapi/soa2/28820/ctgethotelalbum,190950,raw/129179707/responses/0005_0ef9cbf89082.json
129179707,6,POST,200,Fetch,https://m.ctrip.com/restapi/soa2/34308/getHotelCommentInfo,51544,raw/129179707/responses/0006_8ec0980f7356.json
129179707,7,POST,200,Fetch,https://m.ctrip.com/restapi/soa2/35021/getHotelRoomPopInfoPCOnline,392,raw/129179707/responses/0007_a399d40fcb64.json
1292635,1,POST,200,Fetch,https://m.ctrip.com/restapi/soa2/10182/GetAvailablePoints?_fxpcqlniredt=09031109115864990735&x-traceID=09031109115864990735-1788256168316-5625117,463,raw/1292635/responses/0001_791da8b2960c.json
129684223,1,POST,200,Fetch,https://m.ctrip.com/restapi/soa2/10182/GetAvailablePoints?_fxpcqlniredt=09031109115864990735&x-traceID=09031109115864990735-1788164850963-9921154,463,raw/129684223/responses/0001_7c0676695178.json
129684223,2,POST,200,Fetch,https://m.ctrip.com/restapi/soa2/33278/getDetailAdditionalInfo,20620,raw/129684223/responses/0002_0f6525cc02a9.json
129684223,3,POST,200,Fetch,https://m.ctrip.com/restapi/soa2/34308/getHotelCommentInfo,36700,raw/129684223/responses/0003_8a41a2728111.json
129684223,4,POST,200,Fetch,https://m.ctrip.com/restapi/soa2/28820/ctgethotelalbum,95534,raw/129684223/responses/0004_65975e8ff220.json
129684223,5,POST,200,Fetch,https://m.ctrip.com/restapi/soa2/33278/getHotelRoomListInland,49427,raw/129684223/responses/0005_126ff2c3c3c2.json
129684223,6,POST,200,Fetch,https://m.ctrip.com/restapi/soa2/28820/ctGetNearbyHotelList,126474,raw/129684223/responses/0006_9a431dd78faa.json
129684223,7,POST,200,Fetch,https://m.ctrip.com/restapi/soa2/35021/getHotelRoomPopInfoPCOnline,45825,raw/129684223/responses/0007_a399d40fcb64.json
129872392,1,POST,200,Fetch,https://m.ctrip.com/restapi/soa2/10182/GetAvailablePoints?_fxpcqlniredt=09031109115864990735&x-traceID=09031109115864990735-1788165942630-7412060,463,raw/129872392/responses/0001_86b2be126bf9.json
129921372,1,POST,200,Fetch,https://m.ctrip.com/restapi/soa2/10182/GetAvailablePoints?_fxpcqlniredt=09031109115864990735&x-traceID=09031109115864990735-1788236508129-928472,463,raw/129921372/responses/0001_c38669292dd1.json
129921372,2,POST,200,Fetch,https://m.ctrip.com/restapi/soa2/34308/getHotelCommentInfo,399,raw/129921372/responses/0002_e5cdff472821.json
129921372,3,POST,200,Fetch,https://m.ctrip.com/restapi/soa2/33278/getDetailAdditionalInfo,20389,raw/129921372/responses/0003_9a699f28ead6.json
129921372,4,POST,200,Fetch,https://m.ctrip.com/restapi/soa2/28820/ctGetNearbyHotelList,378,raw/129921372/responses/0004_b9f75dd5f3db.json
129921372,5,POST,200,Fetch,https://m.ctrip.com/restapi/soa2/33278/getHotelRoomListInland,408,raw/129921372/responses/0005_126ff2c3c3c2.json
129921372,6,POST,200,Fetch,https://m.ctrip.com/restapi/soa2/28820/ctgethotelalbum,200327,raw/129921372/responses/0006_b034201a0549.json
129921372,7,POST,200,Fetch,https://m.ctrip.com/restapi/soa2/35021/getHotelRoomPopInfoPCOnline,394,raw/129921372/responses/0007_a399d40fcb64.json
129993342,1,POST,200,Fetch,https://m.ctrip.com/restapi/soa2/10182/GetAvailablePoints?_fxpcqlniredt=09031109115864990735&x-traceID=09031109115864990735-1788238354102-1948522,463,raw/129993342/responses/0001_e9b66fec402d.json
1300392,1,POST,200,Fetch,https://m.ctrip.com/restapi/soa2/10182/GetAvailablePoints?_fxpcqlniredt=09031109115864990735&x-traceID=09031109115864990735-1788163048566-8476628,463,raw/1300392/responses/0001_41d45a597f20.json
1300392,2,POST,200,Fetch,https://m.ctrip.com/restapi/soa2/33278/getDetailAdditionalInfo,20635,raw/1300392/responses/0002_0f6525cc02a9.json
1300392,3,POST,200,Fetch,https://m.ctrip.com/restapi/soa2/34308/getHotelCommentInfo,75400,raw/1300392/responses/0003_8a41a2728111.json
1300392,4,POST,200,Fetch,https://m.ctrip.com/restapi/soa2/28820/ctgethotelalbum,433617,raw/1300392/responses/0004_65975e8ff220.json
1300392,5,POST,200,Fetch,https://m.ctrip.com/restapi/soa2/28820/ctGetNearbyHotelList,142402,raw/1300392/responses/0005_1e2127aae2e6.json
130114570,1,POST,200,Fetch,https://m.ctrip.com/restapi/soa2/33278/getDetailAdditionalInfo,19819,raw/130114570/responses/0001_cfd279648041.json
130114570,2,POST,200,Fetch,https://m.ctrip.com/restapi/soa2/34308/getHotelCommentInfo,55884,raw/130114570/responses/0002_e5cdff472821.json
130114570,3,POST,200,Fetch,https://m.ctrip.com/restapi/soa2/10182/GetAvailablePoints?_fxpcqlniredt=09031109115864990735&x-traceID=09031109115864990735-1788163231496-6505412,461,raw/130114570/responses/0003_bd841069a1b9.json
130114570,4,POST,200,Fetch,https://m.ctrip.com/restapi/soa2/28820/ctgethotelalbum,366503,raw/130114570/responses/0004_65975e8ff220.json
130114570,5,POST,200,Fetch,https://m.ctrip.com/restapi/soa2/28820/ctGetNearbyHotelList,137435,raw/130114570/responses/0005_1e2127aae2e6.json
130114570,6,POST,200,Fetch,https://m.ctrip.com/restapi/soa2/33278/getHotelRoomListInland,1420382,raw/130114570/responses/0006_b404bd1188b5.json
130114570,7,POST,200,Fetch,https://m.ctrip.com/restapi/soa2/35021/getHotelRoomPopInfoPCOnline,1847238,raw/130114570/responses/0007_a399d40fcb64.json
130114570,8,POST,200,Fetch,https://m.ctrip.com/restapi/soa2/10182/GetAvailablePoints?_fxpcqlniredt=09031109115864990735&x-traceID=09031109115864990735-1788163259130-2422292,461,raw/130114570/responses/0008_059a75bb9a92.json
130114570,9,POST,200,Fetch,https://m.ctrip.com/restapi/soa2/34308/getHotelCommentInfo,55884,raw/130114570/responses/0009_16704da4c85d.json
130114570,10,POST,200,Fetch,https://m.ctrip.com/restapi/soa2/33278/getDetailAdditionalInfo,19819,raw/130114570/responses/0010_b5f4cc4eb2a3.json
130114570,11,POST,200,Fetch,https://m.ctrip.com/restapi/soa2/28820/ctgethotelalbum,366503,raw/130114570/responses/0011_606c871b4b51.json
130114570,12,POST,200,Fetch,https://m.ctrip.com/restapi/soa2/33278/getHotelRoomListInland,1420286,raw/130114570/responses/0012_24238c000e9a.json
130114570,13,POST,200,Fetch,https://m.ctrip.com/restapi/soa2/28820/ctGetNearbyHotelList,137437,raw/130114570/responses/0013_6a80e1cfeaa4.json
130375523,1,POST,200,Fetch,https://m.ctrip.com/restapi/soa2/10182/GetAvailablePoints?_fxpcqlniredt=09031109115864990735&x-traceID=09031109115864990735-1788164071731-8968725,463,raw/130375523/responses/0001_49d94f0062b8.json
130375523,2,POST,200,Fetch,https://m.ctrip.com/restapi/soa2/33278/getDetailAdditionalInfo,19903,raw/130375523/responses/0002_0f6525cc02a9.json
130375523,3,POST,200,Fetch,https://m.ctrip.com/restapi/soa2/28820/ctgethotelalbum,131183,raw/130375523/responses/0003_b0749e138db6.json
130375523,4,POST,200,Fetch,https://m.ctrip.com/restapi/soa2/33278/getHotelRoomListInland,25614,raw/130375523/responses/0004_4484b63447e6.json
130375523,5,POST,200,Fetch,https://m.ctrip.com/restapi/soa2/34308/getHotelCommentInfo,49526,raw/130375523/responses/0005_741564f8da4e.json
130375523,6,POST,200,Fetch,https://m.ctrip.com/restapi/soa2/35021/getHotelRoomPopInfoPCOnline,10608,raw/130375523/responses/0006_e166730164ad.json
130375523,7,POST,200,Fetch,https://m.ctrip.com/restapi/soa2/28820/ctGetHotelPriceCalendar,539,raw/130375523/responses/0007_fc4553b41ead.json
130375523,8,POST,200,Fetch,https://m.ctrip.com/restapi/soa2/28820/ctGetNearbyHotelList,126197,raw/130375523/responses/0008_0bc983aa0cbc.json
130385395,1,POST,200,Fetch,https://m.ctrip.com/restapi/soa2/10182/GetAvailablePoints?_fxpcqlniredt=09031109115864990735&x-traceID=09031109115864990735-1788162542183-6952698,463,raw/130385395/responses/0001_e3e3e515ef4e.json
130385395,2,POST,200,Fetch,https://m.ctrip.com/restapi/soa2/33278/getDetailAdditionalInfo,17673,raw/130385395/responses/0002_0f6525cc02a9.json
130385395,3,POST,200,Fetch,https://m.ctrip.com/restapi/soa2/34308/getHotelCommentInfo,46312,raw/130385395/responses/0003_8a41a2728111.json
130385395,4,POST,200,Fetch,https://m.ctrip.com/restapi/soa2/28820/ctgethotelalbum,317396,raw/130385395/responses/0004_65975e8ff220.json
130385395,5,POST,200,Fetch,https://m.ctrip.com/restapi/soa2/28820/ctGetNearbyHotelList,132347,raw/130385395/responses/0005_1e2127aae2e6.json
130385395,6,POST,200,Fetch,https://m.ctrip.com/restapi/soa2/33278/getHotelRoomListInland,180115,raw/130385395/responses/0006_b404bd1188b5.json
130385395,7,POST,200,Fetch,https://m.ctrip.com/restapi/soa2/35021/getHotelRoomPopInfoPCOnline,223622,raw/130385395/responses/0007_a399d40fcb64.json
130412121,1,POST,200,Fetch,https://m.ctrip.com/restapi/soa2/10182/GetAvailablePoints?_fxpcqlniredt=09031109115864990735&x-traceID=09031109115864990735-1788256055577-2738844,463,raw/130412121/responses/0001_2cacd88a5cfb.json
130412121,2,POST,200,Fetch,https://m.ctrip.com/restapi/soa2/34308/getHotelCommentInfo,399,raw/130412121/responses/0002_e5cdff472821.json
130412121,3,POST,200,Fetch,https://m.ctrip.com/restapi/soa2/33278/getDetailAdditionalInfo,20579,raw/130412121/responses/0003_9a699f28ead6.json
130412121,4,POST,200,Fetch,https://m.ctrip.com/restapi/soa2/28820/ctgethotelalbum,308035,raw/130412121/responses/0004_65975e8ff220.json
130412121,5,POST,200,Fetch,https://m.ctrip.com/restapi/soa2/33278/getHotelRoomListInland,408,raw/130412121/responses/0005_126ff2c3c3c2.json
130412121,6,POST,200,Fetch,https://m.ctrip.com/restapi/soa2/28820/ctGetNearbyHotelList,378,raw/130412121/responses/0006_9a431dd78faa.json
130412121,7,POST,200,Fetch,https://m.ctrip.com/restapi/soa2/35021/getHotelRoomPopInfoPCOnline,394,raw/130412121/responses/0007_a399d40fcb64.json
1306258,1,POST,200,Fetch,https://m.ctrip.com/restapi/soa2/10182/GetAvailablePoints?_fxpcqlniredt=09031109115864990735&x-traceID=09031109115864990735-1788512590433-2663858,462,raw/1306258/responses/0001_d1e1963b29f9.json
1306382,1,POST,200,Fetch,https://m.ctrip.com/restapi/soa2/10182/GetAvailablePoints?_fxpcqlniredt=09031109115864990735&x-traceID=09031109115864990735-1788256394126-2273377,463,raw/1306382/responses/0001_6f32f19cf2d1.json
1306382,2,POST,200,Fetch,https://m.ctrip.com/restapi/soa2/34308/getHotelCommentInfo,399,raw/1306382/responses/0002_e5cdff472821.json
1306382,3,POST,200,Fetch,https://m.ctrip.com/restapi/soa2/33278/getHotelRoomListInland,408,raw/1306382/responses/0003_20a6b1dba238.json
1306382,4,POST,200,Fetch,https://m.ctrip.com/restapi/soa2/33278/getDetailAdditionalInfo,20198,raw/1306382/responses/0004_c37be698535c.json
1306382,5,POST,200,Fetch,https://m.ctrip.com/restapi/soa2/28820/ctGetNearbyHotelList,378,raw/1306382/responses/0005_1e2127aae2e6.json
1306382,6,POST,200,Fetch,https://m.ctrip.com/restapi/soa2/28820/ctgethotelalbum,320793,raw/1306382/responses/0006_b034201a0549.json
1306382,7,POST,200,Fetch,https://m.ctrip.com/restapi/soa2/35021/getHotelRoomPopInfoPCOnline,394,raw/1306382/responses/0007_a399d40fcb64.json
130661256,1,POST,200,Fetch,https://m.ctrip.com/restapi/soa2/10182/GetAvailablePoints?_fxpcqlniredt=09031109115864990735&x-traceID=09031109115864990735-1788241014266-8216055,463,raw/130661256/responses/0001_fbe42b073ce5.json
130661256,2,POST,200,Fetch,https://m.ctrip.com/restapi/soa2/28820/ctGetNearbyHotelList,378,raw/130661256/responses/0002_79652ba8e9e8.json
130661256,3,POST,200,Fetch,https://m.ctrip.com/restapi/soa2/33278/getDetailAdditionalInfo,21055,raw/130661256/responses/0003_9a699f28ead6.json
130661256,4,POST,200,Fetch,https://m.ctrip.com/restapi/soa2/33278/getHotelRoomListInland,408,raw/130661256/responses/0004_4484b63447e6.json
130661256,5,POST,200,Fetch,https://m.ctrip.com/restapi/soa2/34308/getHotelCommentInfo,399,raw/130661256/responses/0005_741564f8da4e.json
130661256,6,POST,200,Fetch,https://m.ctrip.com/restapi/soa2/28820/ctgethotelalbum,228595,raw/130661256/responses/0006_b034201a0549.json
130661256,7,POST,200,Fetch,https://m.ctrip.com/restapi/soa2/35021/getHotelRoomPopInfoPCOnline,394,raw/130661256/responses/0007_a399d40fcb64.json
130661256,8,POST,200,Fetch,https://m.ctrip.com/restapi/soa2/10182/GetAvailablePoints?_fxpcqlniredt=09031109115864990735&x-traceID=09031109115864990735-1788241043015-8794848,463,raw/130661256/responses/0008_b9bff5550fe9.json
130862500,1,POST,200,Fetch,https://m.ctrip.com/restapi/soa2/10182/GetAvailablePoints?_fxpcqlniredt=09031109115864990735&x-traceID=09031109115864990735-1788164446370-3715566,463,raw/130862500/responses/0001_e864fbf758e9.json
130862500,2,POST,200,Fetch,https://m.ctrip.com/restapi/soa2/33278/getDetailAdditionalInfo,20098,raw/130862500/responses/0002_0f6525cc02a9.json
130862500,3,POST,200,Fetch,https://m.ctrip.com/restapi/soa2/34308/getHotelCommentInfo,67910,raw/130862500/responses/0003_8a41a2728111.json
130862500,4,POST,200,Fetch,https://m.ctrip.com/restapi/soa2/28820/ctgethotelalbum,274516,raw/130862500/responses/0004_65975e8ff220.json
130862500,5,POST,200,Fetch,https://m.ctrip.com/restapi/soa2/33278/getHotelRoomListInland,2375173,raw/130862500/responses/0005_126ff2c3c3c2.json
130862500,6,POST,200,Fetch,https://m.ctrip.com/restapi/soa2/28820/ctGetNearbyHotelList,135915,raw/130862500/responses/0006_9a431dd78faa.json
130862500,7,POST,200,Fetch,https://m.ctrip.com/restapi/soa2/35021/getHotelRoomPopInfoPCOnline,3097522,raw/130862500/responses/0007_a399d40fcb64.json
131304721,1,POST,200,Fetch,https://m.ctrip.com/restapi/soa2/10182/GetAvailablePoints?_fxpcqlniredt=09031109115864990735&x-traceID=09031109115864990735-1788242136224-4745974,463,raw/131304721/responses/0001_e8c5c4564585.json
131545129,1,POST,200,Fetch,https://m.ctrip.com/restapi/soa2/10182/GetAvailablePoints?_fxpcqlniredt=09031109115864990735&x-traceID=09031109115864990735-1788163903054-1907653,462,raw/131545129/responses/0001_be6eb7795df7.json
131545129,2,POST,200,Fetch,https://m.ctrip.com/restapi/soa2/33278/getDetailAdditionalInfo,20324,raw/131545129/responses/0002_0f6525cc02a9.json
131545129,3,POST,200,Fetch,https://m.ctrip.com/restapi/soa2/34308/getHotelCommentInfo,61141,raw/131545129/responses/0003_8a41a2728111.json
131545129,4,POST,200,Fetch,https://m.ctrip.com/restapi/soa2/28820/ctgethotelalbum,380661,raw/131545129/responses/0004_65975e8ff220.json
131545129,5,POST,200,Fetch,https://m.ctrip.com/restapi/soa2/33278/getHotelRoomListInland,269678,raw/131545129/responses/0005_126ff2c3c3c2.json
131545129,6,POST,200,Fetch,https://m.ctrip.com/restapi/soa2/28820/ctGetNearbyHotelList,124195,raw/131545129/responses/0006_9a431dd78faa.json
131545129,7,POST,200,Fetch,https://m.ctrip.com/restapi/soa2/35021/getHotelRoomPopInfoPCOnline,246992,raw/131545129/responses/0007_a399d40fcb64.json
131562212,1,POST,200,Fetch,https://m.ctrip.com/restapi/soa2/10182/GetAvailablePoints?_fxpcqlniredt=09031109115864990735&x-traceID=09031109115864990735-1788166409105-3537119,463,raw/131562212/responses/0001_0521d425f29b.json
1316069,1,POST,200,Fetch,https://m.ctrip.com/restapi/soa2/10182/GetAvailablePoints?_fxpcqlniredt=09031109115864990735&x-traceID=09031109115864990735-1788240391870-101876,463,raw/1316069/responses/0001_6c693e1e16ab.json
13180487,1,POST,200,Fetch,https://m.ctrip.com/restapi/soa2/10182/GetAvailablePoints?_fxpcqlniredt=09031109115864990735&x-traceID=09031109115864990735-1788166539597-6620363,463,raw/13180487/responses/0001_153e465d2549.json
13180487,2,POST,200,Fetch,https://m.ctrip.com/restapi/soa2/33278/getDetailAdditionalInfo,20310,raw/13180487/responses/0002_0f6525cc02a9.json
13180487,3,POST,200,Fetch,https://m.ctrip.com/restapi/soa2/28820/ctgethotelalbum,213970,raw/13180487/responses/0003_b0749e138db6.json
13180487,4,POST,200,Fetch,https://m.ctrip.com/restapi/soa2/34308/getHotelCommentInfo,35574,raw/13180487/responses/0004_f4484678b221.json
13180487,5,POST,200,Fetch,https://m.ctrip.com/restapi/soa2/33278/getHotelRoomListInland,91383,raw/13180487/responses/0005_126ff2c3c3c2.json
13180487,6,POST,200,Fetch,https://m.ctrip.com/restapi/soa2/28820/ctGetNearbyHotelList,127705,raw/13180487/responses/0006_9a431dd78faa.json
13180487,7,POST,200,Fetch,https://m.ctrip.com/restapi/soa2/35021/getHotelRoomPopInfoPCOnline,89635,raw/13180487/responses/0007_a399d40fcb64.json
131958741,1,POST,200,Fetch,https://m.ctrip.com/restapi/soa2/10182/GetAvailablePoints?_fxpcqlniredt=09031109115864990735&x-traceID=09031109115864990735-1788236997251-7518483,463,raw/131958741/responses/0001_089785f65616.json
131958741,2,POST,200,Fetch,https://m.ctrip.com/restapi/soa2/28820/ctGetNearbyHotelList,378,raw/131958741/responses/0002_79652ba8e9e8.json
131958741,3,POST,200,Fetch,https://m.ctrip.com/restapi/soa2/34308/getHotelCommentInfo,399,raw/131958741/responses/0003_8a41a2728111.json
131958741,4,POST,200,Fetch,https://m.ctrip.com/restapi/soa2/33278/getDetailAdditionalInfo,20403,raw/131958741/responses/0004_c37be698535c.json
131958741,5,POST,200,Fetch,https://m.ctrip.com/restapi/soa2/33278/getHotelRoomListInland,408,raw/131958741/responses/0005_126ff2c3c3c2.json
131958741,6,POST,200,Fetch,https://m.ctrip.com/restapi/soa2/28820/ctgethotelalbum,282763,raw/131958741/responses/0006_b034201a0549.json
131958741,7,POST,200,Fetch,https://m.ctrip.com/restapi/soa2/35021/getHotelRoomPopInfoPCOnline,394,raw/131958741/responses/0007_a399d40fcb64.json
131995751,1,POST,200,Fetch,https://m.ctrip.com/restapi/soa2/10182/GetAvailablePoints?_fxpcqlniredt=09031109115864990735&x-traceID=09031109115864990735-1788237497775-1674847,463,raw/131995751/responses/0001_3e22baf10bb8.json
131995751,2,POST,200,Fetch,https://m.ctrip.com/restapi/soa2/33278/getHotelRoomListInland,408,raw/131995751/responses/0002_e41e460f95a3.json
131995751,3,POST,200,Fetch,https://m.ctrip.com/restapi/soa2/28820/ctGetNearbyHotelList,378,raw/131995751/responses/0003_6558381281e0.json
131995751,4,POST,200,Fetch,https://m.ctrip.com/restapi/soa2/34308/getHotelCommentInfo,399,raw/131995751/responses/0004_f4484678b221.json
131995751,5,POST,200,Fetch,https://m.ctrip.com/restapi/soa2/28820/ctgethotelalbum,400763,raw/131995751/responses/0005_0ef9cbf89082.json
131995751,6,POST,200,Fetch,https://m.ctrip.com/restapi/soa2/33278/getDetailAdditionalInfo,20381,raw/131995751/responses/0006_937db351796d.json
131995751,7,POST,200,Fetch,https://m.ctrip.com/restapi/soa2/35021/getHotelRoomPopInfoPCOnline,394,raw/131995751/responses/0007_a399d40fcb64.json
132002672,1,POST,200,Fetch,https://m.ctrip.com/restapi/soa2/33278/getDetailAdditionalInfo,17897,raw/132002672/responses/0001_cfd279648041.json
132002672,2,POST,200,Fetch,https://m.ctrip.com/restapi/soa2/28820/ctgethotelalbum,332360,raw/132002672/responses/0002_053ef16233d1.json
132002672,3,POST,200,Fetch,https://m.ctrip.com/restapi/soa2/10182/GetAvailablePoints?_fxpcqlniredt=09031109115864990735&x-traceID=09031109115864990735-1788165378832-6455276,463,raw/132002672/responses/0003_49ee287ec01b.json
132002672,4,POST,200,Fetch,https://m.ctrip.com/restapi/soa2/33278/getHotelRoomListInland,375135,raw/132002672/responses/0004_4484b63447e6.json
132002672,5,POST,200,Fetch,https://m.ctrip.com/restapi/soa2/34308/getHotelCommentInfo,47172,raw/132002672/responses/0005_741564f8da4e.json
132002672,6,POST,200,Fetch,https://m.ctrip.com/restapi/soa2/28820/ctGetNearbyHotelList,129420,raw/132002672/responses/0006_9a431dd78faa.json
132002672,7,POST,200,Fetch,https://m.ctrip.com/restapi/soa2/35021/getHotelRoomPopInfoPCOnline,365230,raw/132002672/responses/0007_a399d40fcb64.json
1320527,1,POST,200,Fetch,https://m.ctrip.com/restapi/soa2/10182/GetAvailablePoints?_fxpcqlniredt=09031109115864990735&x-traceID=09031109115864990735-1788242153340-7438584,462,raw/1320527/responses/0001_8b3344fb8171.json
132181939,1,POST,200,Fetch,https://m.ctrip.com/restapi/soa2/10182/GetAvailablePoints?_fxpcqlniredt=09031109115864990735&x-traceID=09031109115864990735-1788164602844-5007016,463,raw/132181939/responses/0001_b073f4a39192.json
132181939,2,POST,200,Fetch,https://m.ctrip.com/restapi/soa2/33278/getDetailAdditionalInfo,14401,raw/132181939/responses/0002_0f6525cc02a9.json
132181939,3,POST,200,Fetch,https://m.ctrip.com/restapi/soa2/34308/getHotelCommentInfo,41948,raw/132181939/responses/0003_8a41a2728111.json
132181939,4,POST,200,Fetch,https://m.ctrip.com/restapi/soa2/28820/ctgethotelalbum,133342,raw/132181939/responses/0004_65975e8ff220.json
132181939,5,POST,200,Fetch,https://m.ctrip.com/restapi/soa2/33278/getHotelRoomListInland,29672,raw/132181939/responses/0005_126ff2c3c3c2.json
132181939,6,POST,200,Fetch,https://m.ctrip.com/restapi/soa2/28820/ctGetNearbyHotelList,127493,raw/132181939/responses/0006_9a431dd78faa.json
132181939,7,POST,200,Fetch,https://m.ctrip.com/restapi/soa2/35021/getHotelRoomPopInfoPCOnline,26049,raw/132181939/responses/0007_a399d40fcb64.json
132204093,1,POST,200,Fetch,https://m.ctrip.com/restapi/soa2/10182/GetAvailablePoints?_fxpcqlniredt=09031109115864990735&x-traceID=09031109115864990735-1788163085628-5836466,463,raw/132204093/responses/0001_b42385a84d3d.json
132204093,2,POST,200,Fetch,https://m.ctrip.com/restapi/soa2/34308/getHotelCommentInfo,51878,raw/132204093/responses/0002_e5cdff472821.json
132204093,3,POST,200,Fetch,https://m.ctrip.com/restapi/soa2/33278/getDetailAdditionalInfo,20886,raw/132204093/responses/0003_9a699f28ead6.json
132204093,4,POST,200,Fetch,https://m.ctrip.com/restapi/soa2/28820/ctgethotelalbum,247109,raw/132204093/responses/0004_65975e8ff220.json
132204093,5,POST,200,Fetch,https://m.ctrip.com/restapi/soa2/28820/ctGetNearbyHotelList,135078,raw/132204093/responses/0005_1e2127aae2e6.json
132204093,6,POST,200,Fetch,https://m.ctrip.com/restapi/soa2/33278/getHotelRoomListInland,208013,raw/132204093/responses/0006_b404bd1188b5.json
132204093,7,POST,200,Fetch,https://m.ctrip.com/restapi/soa2/35021/getHotelRoomPopInfoPCOnline,274955,raw/132204093/responses/0007_a399d40fcb64.json
132250203,1,POST,200,Fetch,https://m.ctrip.com/restapi/soa2/10182/GetAvailablePoints?_fxpcqlniredt=09031109115864990735&x-traceID=09031109115864990735-1788512054776-2173771,463,raw/132250203/responses/0001_986a8261e60b.json
132250203,2,POST,200,Fetch,https://m.ctrip.com/restapi/soa2/34308/getHotelCommentInfo,399,raw/132250203/responses/0002_e5cdff472821.json
132250203,3,POST,200,Fetch,https://m.ctrip.com/restapi/soa2/33278/getDetailAdditionalInfo,20180,raw/132250203/responses/0003_9a699f28ead6.json
132250203,4,POST,200,Fetch,https://m.ctrip.com/restapi/soa2/28820/ctgethotelalbum,150075,raw/132250203/responses/0004_65975e8ff220.json
132250203,5,POST,200,Fetch,https://m.ctrip.com/restapi/soa2/28820/ctGetNearbyHotelList,378,raw/132250203/responses/0005_1e2127aae2e6.json
132250203,6,POST,200,Fetch,https://m.ctrip.com/restapi/soa2/33278/getHotelRoomListInland,408,raw/132250203/responses/0006_b404bd1188b5.json
132250203,7,POST,200,Fetch,https://m.ctrip.com/restapi/soa2/35021/getHotelRoomPopInfoPCOnline,394,raw/132250203/responses/0007_a399d40fcb64.json
132405932,1,POST,200,Fetch,https://m.ctrip.com/restapi/soa2/10182/GetAvailablePoints?_fxpcqlniredt=09031109115864990735&x-traceID=09031109115864990735-1788255332588-191429,463,raw/132405932/responses/0001_90c28f5b79d0.json
132405932,2,POST,200,Fetch,https://m.ctrip.com/restapi/soa2/34308/getHotelCommentInfo,399,raw/132405932/responses/0002_e5cdff472821.json
132405932,3,POST,200,Fetch,https://m.ctrip.com/restapi/soa2/33278/getDetailAdditionalInfo,20765,raw/132405932/responses/0003_9a699f28ead6.json
132405932,4,POST,200,Fetch,https://m.ctrip.com/restapi/soa2/28820/ctgethotelalbum,140132,raw/132405932/responses/0004_65975e8ff220.json
132405932,5,POST,200,Fetch,https://m.ctrip.com/restapi/soa2/33278/getHotelRoomListInland,408,raw/132405932/responses/0005_126ff2c3c3c2.json
132405932,6,POST,200,Fetch,https://m.ctrip.com/restapi/soa2/28820/ctGetNearbyHotelList,378,raw/132405932/responses/0006_9a431dd78faa.json
132405932,7,POST,200,Fetch,https://m.ctrip.com/restapi/soa2/35021/getHotelRoomPopInfoPCOnline,394,raw/132405932/responses/0007_a399d40fcb64.json
132461702,1,POST,200,Fetch,https://m.ctrip.com/restapi/soa2/34308/getHotelCommentInfo,397,raw/132461702/responses/0001_a72c8f9fa60e.json
132461702,2,POST,200,Fetch,https://m.ctrip.com/restapi/soa2/33278/getDetailAdditionalInfo,19841,raw/132461702/responses/0002_0f6525cc02a9.json
132461702,3,POST,200,Fetch,https://m.ctrip.com/restapi/soa2/33278/getHotelRoomListInland,406,raw/132461702/responses/0003_20a6b1dba238.json
132461702,4,POST,200,Fetch,https://m.ctrip.com/restapi/soa2/28820/ctGetNearbyHotelList,376,raw/132461702/responses/0004_b9f75dd5f3db.json
132461702,5,POST,200,Fetch,https://m.ctrip.com/restapi/soa2/10182/GetAvailablePoints?_fxpcqlniredt=09031109115864990735&x-traceID=09031109115864990735-1788513028165-6799492,462,raw/132461702/responses/0005_cb19b1654dbe.json
132461702,6,POST,200,Fetch,https://m.ctrip.com/restapi/soa2/28820/ctgethotelalbum,177240,raw/132461702/responses/0006_b034201a0549.json
132461702,7,POST,200,Fetch,https://m.ctrip.com/restapi/soa2/35021/getHotelRoomPopInfoPCOnline,392,raw/132461702/responses/0007_a399d40fcb64.json
132605386,1,POST,200,Fetch,https://m.ctrip.com/restapi/soa2/10182/GetAvailablePoints?_fxpcqlniredt=09031109115864990735&x-traceID=09031109115864990735-1788164911806-4462852,462,raw/132605386/responses/0001_cbf2de976827.json
132605386,2,POST,200,Fetch,https://m.ctrip.com/restapi/soa2/28820/ctgethotelalbum,31810,raw/132605386/responses/0002_053ef16233d1.json
132605386,3,POST,200,Fetch,https://m.ctrip.com/restapi/soa2/34308/getHotelCommentInfo,18192,raw/132605386/responses/0003_8a41a2728111.json
132605386,4,POST,200,Fetch,https://m.ctrip.com/restapi/soa2/33278/getDetailAdditionalInfo,13854,raw/132605386/responses/0004_c37be698535c.json
132605386,5,POST,200,Fetch,https://m.ctrip.com/restapi/soa2/33278/getHotelRoomListInland,14473,raw/132605386/responses/0005_126ff2c3c3c2.json
132605386,6,POST,200,Fetch,https://m.ctrip.com/restapi/soa2/35021/getHotelRoomPopInfoPCOnline,9453,raw/132605386/responses/0006_e166730164ad.json
132605386,7,POST,200,Fetch,https://m.ctrip.com/restapi/soa2/28820/ctGetNearbyHotelList,132568,raw/132605386/responses/0007_81cfad9db557.json
132641745,1,POST,200,Fetch,https://m.ctrip.com/restapi/soa2/34308/getHotelCommentInfo,62020,raw/132641745/responses/0001_a72c8f9fa60e.json
132641745,2,POST,200,Fetch,https://m.ctrip.com/restapi/soa2/10182/GetAvailablePoints?_fxpcqlniredt=09031109115864990735&x-traceID=09031109115864990735-1788165313908-6432053,463,raw/132641745/responses/0002_590555c145ac.json
132641745,3,POST,200,Fetch,https://m.ctrip.com/restapi/soa2/28820/ctgethotelalbum,286663,raw/132641745/responses/0003_b0749e138db6.json
132641745,4,POST,200,Fetch,https://m.ctrip.com/restapi/soa2/33278/getDetailAdditionalInfo,20543,raw/132641745/responses/0004_c37be698535c.json
132641745,5,POST,200,Fetch,https://m.ctrip.com/restapi/soa2/28820/ctGetNearbyHotelList,137014,raw/132641745/responses/0005_1e2127aae2e6.json
132641745,6,POST,200,Fetch,https://m.ctrip.com/restapi/soa2/33278/getHotelRoomListInland,857827,raw/132641745/responses/0006_b404bd1188b5.json
132793909,1,POST,200,Fetch,https://m.ctrip.com/restapi/soa2/10182/GetAvailablePoints?_fxpcqlniredt=09031109115864990735&x-traceID=09031109115864990735-1788238600143-5579358,461,raw/132793909/responses/0001_d73a896c7417.json
132793909,2,POST,200,Fetch,https://m.ctrip.com/restapi/soa2/33278/getDetailAdditionalInfo,20241,raw/132793909/responses/0002_0f6525cc02a9.json
132793909,3,POST,200,Fetch,https://m.ctrip.com/restapi/soa2/28820/ctGetNearbyHotelList,378,raw/132793909/responses/0003_6558381281e0.json
132793909,4,POST,200,Fetch,https://m.ctrip.com/restapi/soa2/33278/getHotelRoomListInland,408,raw/132793909/responses/0004_4484b63447e6.json
132793909,5,POST,200,Fetch,https://m.ctrip.com/restapi/soa2/34308/getHotelCommentInfo,399,raw/132793909/responses/0005_741564f8da4e.json
132793909,6,POST,200,Fetch,https://m.ctrip.com/restapi/soa2/28820/ctgethotelalbum,132567,raw/132793909/responses/0006_b034201a0549.json
132793909,7,POST,200,Fetch,https://m.ctrip.com/restapi/soa2/35021/getHotelRoomPopInfoPCOnline,394,raw/132793909/responses/0007_a399d40fcb64.json
132914314,1,POST,200,Fetch,https://m.ctrip.com/restapi/soa2/10182/GetAvailablePoints?_fxpcqlniredt=09031109115864990735&x-traceID=09031109115864990735-1788162522747-8601937,463,raw/132914314/responses/0001_50652a6b7a00.json
132914314,2,POST,200,Fetch,https://m.ctrip.com/restapi/soa2/34308/getHotelCommentInfo,49291,raw/132914314/responses/0002_e5cdff472821.json
132914314,3,POST,200,Fetch,https://m.ctrip.com/restapi/soa2/33278/getDetailAdditionalInfo,20553,raw/132914314/responses/0003_9a699f28ead6.json
132914314,4,POST,200,Fetch,https://m.ctrip.com/restapi/soa2/28820/ctgethotelalbum,434033,raw/132914314/responses/0004_65975e8ff220.json
132914314,5,POST,200,Fetch,https://m.ctrip.com/restapi/soa2/33278/getHotelRoomListInland,495256,raw/132914314/responses/0005_126ff2c3c3c2.json
132914314,6,POST,200,Fetch,https://m.ctrip.com/restapi/soa2/35021/getHotelRoomPopInfoPCOnline,635397,raw/132914314/responses/0006_e166730164ad.json
132914314,7,POST,200,Fetch,https://m.ctrip.com/restapi/soa2/28820/ctGetNearbyHotelList,130138,raw/132914314/responses/0007_81cfad9db557.json
132929006,1,POST,200,Fetch,https://m.ctrip.com/restapi/soa2/10182/GetAvailablePoints?_fxpcqlniredt=09031109115864990735&x-traceID=09031109115864990735-1788256759775-6220165,463,raw/132929006/responses/0001_e8ecb16aa996.json
132929006,2,POST,200,Fetch,https://m.ctrip.com/restapi/soa2/33278/getHotelRoomListInland,408,raw/132929006/responses/0002_e41e460f95a3.json
132929006,3,POST,200,Fetch,https://m.ctrip.com/restapi/soa2/28820/ctGetNearbyHotelList,378,raw/132929006/responses/0003_6558381281e0.json
132929006,4,POST,200,Fetch,https://m.ctrip.com/restapi/soa2/34308/getHotelCommentInfo,399,raw/132929006/responses/0004_f4484678b221.json
132929006,5,POST,200,Fetch,https://m.ctrip.com/restapi/soa2/33278/getDetailAdditionalInfo,20149,raw/132929006/responses/0005_1139d80bc75b.json
132929006,6,POST,200,Fetch,https://m.ctrip.com/restapi/soa2/28820/ctgethotelalbum,205120,raw/132929006/responses/0006_b034201a0549.json
132929006,7,POST,200,Fetch,https://m.ctrip.com/restapi/soa2/35021/getHotelRoomPopInfoPCOnline,394,raw/132929006/responses/0007_a399d40fcb64.json
132929757,1,POST,200,Fetch,https://m.ctrip.com/restapi/soa2/10182/GetAvailablePoints?_fxpcqlniredt=09031109115864990735&x-traceID=09031109115864990735-1788163954001-5763085,462,raw/132929757/responses/0001_ea1fde9cf04d.json
132929757,2,POST,200,Fetch,https://m.ctrip.com/restapi/soa2/33278/getDetailAdditionalInfo,20065,raw/132929757/responses/0002_0f6525cc02a9.json
132929757,3,POST,200,Fetch,https://m.ctrip.com/restapi/soa2/34308/getHotelCommentInfo,53896,raw/132929757/responses/0003_8a41a2728111.json
132929757,4,POST,200,Fetch,https://m.ctrip.com/restapi/soa2/28820/ctgethotelalbum,322448,raw/132929757/responses/0004_65975e8ff220.json
132929757,5,POST,200,Fetch,https://m.ctrip.com/restapi/soa2/33278/getHotelRoomListInland,238520,raw/132929757/responses/0005_126ff2c3c3c2.json
132929757,6,POST,200,Fetch,https://m.ctrip.com/restapi/soa2/28820/ctGetNearbyHotelList,135940,raw/132929757/responses/0006_9a431dd78faa.json
132929757,7,POST,200,Fetch,https://m.ctrip.com/restapi/soa2/35021/getHotelRoomPopInfoPCOnline,264594,raw/132929757/responses/0007_a399d40fcb64.json
133036863,1,POST,200,Fetch,https://m.ctrip.com/restapi/soa2/34308/getHotelCommentInfo,397,raw/133036863/responses/0001_a72c8f9fa60e.json
133036863,2,POST,200,Fetch,https://m.ctrip.com/restapi/soa2/33278/getHotelRoomListInland,406,raw/133036863/responses/0002_e41e460f95a3.json
133036863,3,POST,200,Fetch,https://m.ctrip.com/restapi/soa2/28820/ctGetNearbyHotelList,376,raw/133036863/responses/0003_6558381281e0.json
133036863,4,POST,200,Fetch,https://m.ctrip.com/restapi/soa2/10182/GetAvailablePoints?_fxpcqlniredt=09031109115864990735&x-traceID=09031109115864990735-1788512583817-7811847,462,raw/133036863/responses/0004_262bc31cc0c0.json
133036863,5,POST,200,Fetch,https://m.ctrip.com/restapi/soa2/33278/getDetailAdditionalInfo,20085,raw/133036863/responses/0005_1139d80bc75b.json
133036863,6,POST,200,Fetch,https://m.ctrip.com/restapi/soa2/28820/ctgethotelalbum,143809,raw/133036863/responses/0006_b034201a0549.json
133036863,7,POST,200,Fetch,https://m.ctrip.com/restapi/soa2/35021/getHotelRoomPopInfoPCOnline,392,raw/133036863/responses/0007_a399d40fcb64.json
133056542,1,POST,200,Fetch,https://m.ctrip.com/restapi/soa2/10182/GetAvailablePoints?_fxpcqlniredt=09031109115864990735&x-traceID=09031109115864990735-1788241446479-3543785,463,raw/133056542/responses/0001_7565715ab9bb.json
133056542,2,POST,200,Fetch,https://m.ctrip.com/restapi/soa2/34308/getHotelCommentInfo,399,raw/133056542/responses/0002_e5cdff472821.json
133056542,3,POST,200,Fetch,https://m.ctrip.com/restapi/soa2/28820/ctGetNearbyHotelList,378,raw/133056542/responses/0003_6558381281e0.json
133056542,4,POST,200,Fetch,https://m.ctrip.com/restapi/soa2/33278/getDetailAdditionalInfo,19910,raw/133056542/responses/0004_c37be698535c.json
133056542,5,POST,200,Fetch,https://m.ctrip.com/restapi/soa2/33278/getHotelRoomListInland,408,raw/133056542/responses/0005_126ff2c3c3c2.json
133056542,6,POST,200,Fetch,https://m.ctrip.com/restapi/soa2/28820/ctgethotelalbum,300390,raw/133056542/responses/0006_b034201a0549.json
133056542,7,POST,200,Fetch,https://m.ctrip.com/restapi/soa2/35021/getHotelRoomPopInfoPCOnline,394,raw/133056542/responses/0007_a399d40fcb64.json
133056542,8,POST,200,Fetch,https://m.ctrip.com/restapi/soa2/10182/GetAvailablePoints?_fxpcqlniredt=09031109115864990735&x-traceID=09031109115864990735-1788241475201-981185,462,raw/133056542/responses/0008_f1791831bc77.json
133080300,1,POST,200,Fetch,https://m.ctrip.com/restapi/soa2/10182/GetAvailablePoints?_fxpcqlniredt=09031109115864990735&x-traceID=09031109115864990735-1788165811897-5151869,463,raw/133080300/responses/0001_39e989e6d439.json
133080300,2,POST,200,Fetch,https://m.ctrip.com/restapi/soa2/28820/ctgethotelalbum,52546,raw/133080300/responses/0002_053ef16233d1.json
133080300,3,POST,200,Fetch,https://m.ctrip.com/restapi/soa2/34308/getHotelCommentInfo,2803,raw/133080300/responses/0003_8a41a2728111.json
133080300,4,POST,200,Fetch,https://m.ctrip.com/restapi/soa2/33278/getDetailAdditionalInfo,20360,raw/133080300/responses/0004_c37be698535c.json
133080300,5,POST,200,Fetch,https://m.ctrip.com/restapi/soa2/28820/ctGetNearbyHotelList,135322,raw/133080300/responses/0005_1e2127aae2e6.json
133080300,6,POST,200,Fetch,https://m.ctrip.com/restapi/soa2/33278/getHotelRoomListInland,800114,raw/133080300/responses/0006_b404bd1188b5.json
133080300,7,POST,200,Fetch,https://m.ctrip.com/restapi/soa2/35021/getHotelRoomPopInfoPCOnline,1003388,raw/133080300/responses/0007_a399d40fcb64.json
133091445,1,POST,200,Fetch,https://m.ctrip.com/restapi/soa2/10182/GetAvailablePoints?_fxpcqlniredt=09031109115864990735&x-traceID=09031109115864990735-1788166884537-7174842,462,raw/133091445/responses/0001_18aa486fe945.json
133157753,1,POST,200,Fetch,https://m.ctrip.com/restapi/soa2/10182/GetAvailablePoints?_fxpcqlniredt=09031109115864990735&x-traceID=09031109115864990735-1788166440889-9689123,463,raw/133157753/responses/0001_6561ecdf7161.json
133202855,1,POST,200,Fetch,https://m.ctrip.com/restapi/soa2/10182/GetAvailablePoints?_fxpcqlniredt=09031109115864990735&x-traceID=09031109115864990735-1788165671942-429278,463,raw/133202855/responses/0001_4a3da0e870f0.json
133202855,2,POST,200,Fetch,https://m.ctrip.com/restapi/soa2/33278/getDetailAdditionalInfo,20637,raw/133202855/responses/0002_0f6525cc02a9.json
133202855,3,POST,200,Fetch,https://m.ctrip.com/restapi/soa2/34308/getHotelCommentInfo,56665,raw/133202855/responses/0003_8a41a2728111.json
133202855,4,POST,200,Fetch,https://m.ctrip.com/restapi/soa2/28820/ctgethotelalbum,389589,raw/133202855/responses/0004_65975e8ff220.json
133202855,5,POST,200,Fetch,https://m.ctrip.com/restapi/soa2/33278/getHotelRoomListInland,505204,raw/133202855/responses/0005_126ff2c3c3c2.json
133202855,6,POST,200,Fetch,https://m.ctrip.com/restapi/soa2/28820/ctGetNearbyHotelList,137278,raw/133202855/responses/0006_9a431dd78faa.json
133202855,7,POST,200,Fetch,https://m.ctrip.com/restapi/soa2/35021/getHotelRoomPopInfoPCOnline,651759,raw/133202855/responses/0007_a399d40fcb64.json
133278893,1,POST,200,Fetch,https://m.ctrip.com/restapi/soa2/10182/GetAvailablePoints?_fxpcqlniredt=09031109115864990735&x-traceID=09031109115864990735-1788235022296-9816547,463,raw/133278893/responses/0001_d1c79fde7e86.json
133326968,1,POST,200,Fetch,https://m.ctrip.com/restapi/soa2/10182/GetAvailablePoints?_fxpcqlniredt=09031109115864990735&x-traceID=09031109115864990735-1788512738576-6902241,461,raw/133326968/responses/0001_634b9f0875aa.json
133340077,1,POST,200,Fetch,https://m.ctrip.com/restapi/soa2/10182/GetAvailablePoints?_fxpcqlniredt=09031109115864990735&x-traceID=09031109115864990735-1788512558710-8724197,462,raw/133340077/responses/0001_6055ec311bcc.json
133407226,1,POST,200,Fetch,https://m.ctrip.com/restapi/soa2/10182/GetAvailablePoints?_fxpcqlniredt=09031109115864990735&x-traceID=09031109115864990735-1788512418141-419401,460,raw/133407226/responses/0001_49fda8feff54.json
133407226,2,POST,200,Fetch,https://m.ctrip.com/restapi/soa2/34308/getHotelCommentInfo,395,raw/133407226/responses/0002_e5cdff472821.json
133407226,3,POST,200,Fetch,https://m.ctrip.com/restapi/soa2/33278/getDetailAdditionalInfo,20719,raw/133407226/responses/0003_9a699f28ead6.json
133407226,4,POST,200,Fetch,https://m.ctrip.com/restapi/soa2/28820/ctgethotelalbum,137131,raw/133407226/responses/0004_65975e8ff220.json
133407226,5,POST,200,Fetch,https://m.ctrip.com/restapi/soa2/28820/ctGetNearbyHotelList,374,raw/133407226/responses/0005_1e2127aae2e6.json
133407226,6,POST,200,Fetch,https://m.ctrip.com/restapi/soa2/33278/getHotelRoomListInland,404,raw/133407226/responses/0006_b404bd1188b5.json
133407226,7,POST,200,Fetch,https://m.ctrip.com/restapi/soa2/35021/getHotelRoomPopInfoPCOnline,390,raw/133407226/responses/0007_a399d40fcb64.json
133410880,1,POST,200,Fetch,https://m.ctrip.com/restapi/soa2/10182/GetAvailablePoints?_fxpcqlniredt=09031109115864990735&x-traceID=09031109115864990735-1788255528293-5528397,463,raw/133410880/responses/0001_82c051b8b82f.json
1334634,1,POST,200,Fetch,https://m.ctrip.com/restapi/soa2/10182/GetAvailablePoints?_fxpcqlniredt=09031109115864990735&x-traceID=09031109115864990735-1788240957575-138343,463,raw/1334634/responses/0001_10f51c0930c3.json
133471708,1,POST,200,Fetch,https://m.ctrip.com/restapi/soa2/10182/GetAvailablePoints?_fxpcqlniredt=09031109115864990735&x-traceID=09031109115864990735-1788166701672-435640,463,raw/133471708/responses/0001_cf8292b49abf.json
133480985,1,POST,200,Fetch,https://m.ctrip.com/restapi/soa2/10182/GetAvailablePoints?_fxpcqlniredt=09031109115864990735&x-traceID=09031109115864990735-1788510747265-1092519,463,raw/133480985/responses/0001_211a1a986d4d.json
133480985,2,POST,200,Fetch,https://m.ctrip.com/restapi/soa2/34308/getHotelCommentInfo,399,raw/133480985/responses/0002_e5cdff472821.json
133480985,3,POST,200,Fetch,https://m.ctrip.com/restapi/soa2/28820/ctgethotelalbum,26761,raw/133480985/responses/0003_b0749e138db6.json
133480985,4,POST,200,Fetch,https://m.ctrip.com/restapi/soa2/33278/getDetailAdditionalInfo,20205,raw/133480985/responses/0004_c37be698535c.json
133480985,5,POST,200,Fetch,https://m.ctrip.com/restapi/soa2/28820/ctGetNearbyHotelList,378,raw/133480985/responses/0005_1e2127aae2e6.json
133480985,6,POST,200,Fetch,https://m.ctrip.com/restapi/soa2/33278/getHotelRoomListInland,408,raw/133480985/responses/0006_b404bd1188b5.json
133480985,7,POST,200,Fetch,https://m.ctrip.com/restapi/soa2/35021/getHotelRoomPopInfoPCOnline,394,raw/133480985/responses/0007_a399d40fcb64.json
133582103,1,POST,200,Fetch,https://m.ctrip.com/restapi/soa2/34308/getHotelCommentInfo,399,raw/133582103/responses/0001_a72c8f9fa60e.json
133582103,2,POST,200,Fetch,https://m.ctrip.com/restapi/soa2/33278/getHotelRoomListInland,408,raw/133582103/responses/0002_e41e460f95a3.json
133582103,3,POST,200,Fetch,https://m.ctrip.com/restapi/soa2/28820/ctGetNearbyHotelList,378,raw/133582103/responses/0003_6558381281e0.json
133582103,4,POST,200,Fetch,https://m.ctrip.com/restapi/soa2/33278/getDetailAdditionalInfo,20040,raw/133582103/responses/0004_c37be698535c.json
133582103,5,POST,200,Fetch,https://m.ctrip.com/restapi/soa2/10182/GetAvailablePoints?_fxpcqlniredt=09031109115864990735&x-traceID=09031109115864990735-1788255085837-3528325,463,raw/133582103/responses/0005_165f90038c8a.json
133582103,6,POST,200,Fetch,https://m.ctrip.com/restapi/soa2/28820/ctgethotelalbum,188099,raw/133582103/responses/0006_b034201a0549.json
133582103,7,POST,200,Fetch,https://m.ctrip.com/restapi/soa2/35021/getHotelRoomPopInfoPCOnline,394,raw/133582103/responses/0007_a399d40fcb64.json
133668567,1,POST,200,Fetch,https://m.ctrip.com/restapi/soa2/33278/getDetailAdditionalInfo,20383,raw/133668567/responses/0001_cfd279648041.json
133668567,2,POST,200,Fetch,https://m.ctrip.com/restapi/soa2/34308/getHotelCommentInfo,57929,raw/133668567/responses/0002_e5cdff472821.json
133668567,3,POST,200,Fetch,https://m.ctrip.com/restapi/soa2/28820/ctgethotelalbum,168018,raw/133668567/responses/0003_b0749e138db6.json
133668567,4,POST,200,Fetch,https://m.ctrip.com/restapi/soa2/10182/GetAvailablePoints?_fxpcqlniredt=09031109115864990735&x-traceID=09031109115864990735-1788163487010-3576729,462,raw/133668567/responses/0004_ebc6e41c76a3.json
133668567,5,POST,200,Fetch,https://m.ctrip.com/restapi/soa2/33278/getHotelRoomListInland,803564,raw/133668567/responses/0005_126ff2c3c3c2.json
133668567,6,POST,200,Fetch,https://m.ctrip.com/restapi/soa2/28820/ctGetNearbyHotelList,134162,raw/133668567/responses/0006_9a431dd78faa.json
133668567,7,POST,200,Fetch,https://m.ctrip.com/restapi/soa2/35021/getHotelRoomPopInfoPCOnline,1160855,raw/133668567/responses/0007_a399d40fcb64.json
133720913,1,POST,200,Fetch,https://m.ctrip.com/restapi/soa2/10182/GetAvailablePoints?_fxpcqlniredt=09031109115864990735&x-traceID=09031109115864990735-1788163280329-6143315,462,raw/133720913/responses/0001_6bf4273b2d13.json
133720913,2,POST,200,Fetch,https://m.ctrip.com/restapi/soa2/28820/ctgethotelalbum,221963,raw/133720913/responses/0002_053ef16233d1.json
133720913,3,POST,200,Fetch,https://m.ctrip.com/restapi/soa2/33278/getDetailAdditionalInfo,20860,raw/133720913/responses/0003_9a699f28ead6.json
133720913,4,POST,200,Fetch,https://m.ctrip.com/restapi/soa2/34308/getHotelCommentInfo,70359,raw/133720913/responses/0004_f4484678b221.json
133720913,5,POST,200,Fetch,https://m.ctrip.com/restapi/soa2/33278/getHotelRoomListInland,114414,raw/133720913/responses/0005_126ff2c3c3c2.json
133720913,6,POST,200,Fetch,https://m.ctrip.com/restapi/soa2/28820/ctGetNearbyHotelList,137590,raw/133720913/responses/0006_9a431dd78faa.json
133720913,7,POST,200,Fetch,https://m.ctrip.com/restapi/soa2/35021/getHotelRoomPopInfoPCOnline,164140,raw/133720913/responses/0007_a399d40fcb64.json
133720913,8,POST,200,Fetch,https://m.ctrip.com/restapi/soa2/10182/GetAvailablePoints?_fxpcqlniredt=09031109115864990735&x-traceID=09031109115864990735-1788163309329-6850294,462,raw/133720913/responses/0008_4b3e7df5b376.json
133720913,9,POST,200,Fetch,https://m.ctrip.com/restapi/soa2/33278/getDetailAdditionalInfo,20860,raw/133720913/responses/0009_e01901ce0bf5.json
133720913,10,POST,200,Fetch,https://m.ctrip.com/restapi/soa2/34308/getHotelCommentInfo,70359,raw/133720913/responses/0010_f587f57099fa.json
133720913,11,POST,200,Fetch,https://m.ctrip.com/restapi/soa2/28820/ctgethotelalbum,221963,raw/133720913/responses/0011_606c871b4b51.json
133720913,12,POST,200,Fetch,https://m.ctrip.com/restapi/soa2/33278/getHotelRoomListInland,114422,raw/133720913/responses/0012_24238c000e9a.json
133720913,13,POST,200,Fetch,https://m.ctrip.com/restapi/soa2/28820/ctGetNearbyHotelList,137591,raw/133720913/responses/0013_6a80e1cfeaa4.json
133720913,14,POST,200,Fetch,https://m.ctrip.com/restapi/soa2/35021/getHotelRoomPopInfoPCOnline,164140,raw/133720913/responses/0014_d5f03d47e89d.json
1337724,1,POST,200,Fetch,https://m.ctrip.com/restapi/soa2/10182/GetAvailablePoints?_fxpcqlniredt=09031109115864990735&x-traceID=09031109115864990735-1788241801109-4258824,463,raw/1337724/responses/0001_98cfb4d237ed.json
133843163,1,POST,200,Fetch,https://m.ctrip.com/restapi/soa2/10182/GetAvailablePoints?_fxpcqlniredt=09031109115864990735&x-traceID=09031109115864990735-1788237259983-9684563,463,raw/133843163/responses/0001_e595536c3d0f.json
133843163,2,POST,200,Fetch,https://m.ctrip.com/restapi/soa2/34308/getHotelCommentInfo,399,raw/133843163/responses/0002_e5cdff472821.json
133843163,3,POST,200,Fetch,https://m.ctrip.com/restapi/soa2/33278/getDetailAdditionalInfo,19946,raw/133843163/responses/0003_9a699f28ead6.json
133843163,4,POST,200,Fetch,https://m.ctrip.com/restapi/soa2/28820/ctgethotelalbum,181274,raw/133843163/responses/0004_65975e8ff220.json
133843163,5,POST,200,Fetch,https://m.ctrip.com/restapi/soa2/33278/getHotelRoomListInland,408,raw/133843163/responses/0005_126ff2c3c3c2.json
133843163,6,POST,200,Fetch,https://m.ctrip.com/restapi/soa2/28820/ctGetNearbyHotelList,378,raw/133843163/responses/0006_9a431dd78faa.json
133843163,7,POST,200,Fetch,https://m.ctrip.com/restapi/soa2/35021/getHotelRoomPopInfoPCOnline,394,raw/133843163/responses/0007_a399d40fcb64.json
133851523,1,POST,200,Fetch,https://m.ctrip.com/restapi/soa2/10182/GetAvailablePoints?_fxpcqlniredt=09031109115864990735&x-traceID=09031109115864990735-1788237537874-2696339,463,raw/133851523/responses/0001_a7afb5eb2984.json
133851523,2,POST,200,Fetch,https://m.ctrip.com/restapi/soa2/34308/getHotelCommentInfo,399,raw/133851523/responses/0002_e5cdff472821.json
133851523,3,POST,200,Fetch,https://m.ctrip.com/restapi/soa2/33278/getHotelRoomListInland,408,raw/133851523/responses/0003_20a6b1dba238.json
133851523,4,POST,200,Fetch,https://m.ctrip.com/restapi/soa2/33278/getDetailAdditionalInfo,19790,raw/133851523/responses/0004_c37be698535c.json
133851523,5,POST,200,Fetch,https://m.ctrip.com/restapi/soa2/28820/ctGetNearbyHotelList,378,raw/133851523/responses/0005_1e2127aae2e6.json
133851523,6,POST,200,Fetch,https://m.ctrip.com/restapi/soa2/28820/ctgethotelalbum,246414,raw/133851523/responses/0006_b034201a0549.json
133851523,7,POST,200,Fetch,https://m.ctrip.com/restapi/soa2/35021/getHotelRoomPopInfoPCOnline,394,raw/133851523/responses/0007_a399d40fcb64.json
133908707,1,POST,200,Fetch,https://m.ctrip.com/restapi/soa2/10182/GetAvailablePoints?_fxpcqlniredt=09031109115864990735&x-traceID=09031109115864990735-1788162602946-1589279,463,raw/133908707/responses/0001_43c23e6baf19.json
133908707,2,POST,200,Fetch,https://m.ctrip.com/restapi/soa2/34308/getHotelCommentInfo,58678,raw/133908707/responses/0002_e5cdff472821.json
133908707,3,POST,200,Fetch,https://m.ctrip.com/restapi/soa2/33278/getDetailAdditionalInfo,19999,raw/133908707/responses/0003_9a699f28ead6.json
133908707,4,POST,200,Fetch,https://m.ctrip.com/restapi/soa2/28820/ctgethotelalbum,480725,raw/133908707/responses/0004_65975e8ff220.json
133908707,5,POST,200,Fetch,https://m.ctrip.com/restapi/soa2/33278/getHotelRoomListInland,520490,raw/133908707/responses/0005_126ff2c3c3c2.json
133908707,6,POST,200,Fetch,https://m.ctrip.com/restapi/soa2/28820/ctGetNearbyHotelList,135545,raw/133908707/responses/0006_9a431dd78faa.json
133908707,7,POST,200,Fetch,https://m.ctrip.com/restapi/soa2/35021/getHotelRoomPopInfoPCOnline,898460,raw/133908707/responses/0007_a399d40fcb64.json
133974744,1,POST,200,Fetch,https://m.ctrip.com/restapi/soa2/10182/GetAvailablePoints?_fxpcqlniredt=09031109115864990735&x-traceID=09031109115864990735-1788166688085-5923178,463,raw/133974744/responses/0001_7cfdd8988960.json
133998146,1,POST,200,Fetch,https://m.ctrip.com/restapi/soa2/10182/GetAvailablePoints?_fxpcqlniredt=09031109115864990735&x-traceID=09031109115864990735-1788166320738-7108900,463,raw/133998146/responses/0001_749b7b92752f.json
133998146,2,POST,200,Fetch,https://m.ctrip.com/restapi/soa2/28820/ctgethotelalbum,35143,raw/133998146/responses/0002_053ef16233d1.json
133998146,3,POST,200,Fetch,https://m.ctrip.com/restapi/soa2/34308/getHotelCommentInfo,17175,raw/133998146/responses/0003_8a41a2728111.json
133998146,4,POST,200,Fetch,https://m.ctrip.com/restapi/soa2/33278/getDetailAdditionalInfo,20016,raw/133998146/responses/0004_c37be698535c.json
133998146,5,POST,200,Fetch,https://m.ctrip.com/restapi/soa2/33278/getHotelRoomListInland,54356,raw/133998146/responses/0005_126ff2c3c3c2.json
133998146,6,POST,200,Fetch,https://m.ctrip.com/restapi/soa2/28820/ctGetNearbyHotelList,118158,raw/133998146/responses/0006_9a431dd78faa.json
133998146,7,POST,200,Fetch,https://m.ctrip.com/restapi/soa2/35021/getHotelRoomPopInfoPCOnline,55555,raw/133998146/responses/0007_a399d40fcb64.json
134006395,1,POST,200,Fetch,https://m.ctrip.com/restapi/soa2/10182/GetAvailablePoints?_fxpcqlniredt=09031109115864990735&x-traceID=09031109115864990735-1788165873574-8087300,461,raw/134006395/responses/0001_f3e12ec1a47e.json
134006395,2,POST,200,Fetch,https://m.ctrip.com/restapi/soa2/28820/ctgethotelalbum,101074,raw/134006395/responses/0002_053ef16233d1.json
134006395,3,POST,200,Fetch,https://m.ctrip.com/restapi/soa2/34308/getHotelCommentInfo,4046,raw/134006395/responses/0003_8a41a2728111.json
134006395,4,POST,200,Fetch,https://m.ctrip.com/restapi/soa2/33278/getDetailAdditionalInfo,21499,raw/134006395/responses/0004_c37be698535c.json
134006395,5,POST,200,Fetch,https://m.ctrip.com/restapi/soa2/33278/getHotelRoomListInland,4237,raw/134006395/responses/0005_126ff2c3c3c2.json
134006395,6,POST,200,Fetch,https://m.ctrip.com/restapi/soa2/28820/ctGetNearbyHotelList,134116,raw/134006395/responses/0006_9a431dd78faa.json
134006395,7,POST,200,Fetch,https://m.ctrip.com/restapi/soa2/35021/getHotelRoomPopInfoPCOnline,394,raw/134006395/responses/0007_a399d40fcb64.json
134006395,8,POST,200,Fetch,https://m.ctrip.com/restapi/soa2/28820/ctGetHotelPriceCalendar,766,raw/134006395/responses/0008_2230dbdaa030.json
134006402,1,POST,200,Fetch,https://m.ctrip.com/restapi/soa2/10182/GetAvailablePoints?_fxpcqlniredt=09031109115864990735&x-traceID=09031109115864990735-1788237826898-893603,463,raw/134006402/responses/0001_79bcd1acd518.json
134006402,2,POST,200,Fetch,https://m.ctrip.com/restapi/soa2/34308/getHotelCommentInfo,399,raw/134006402/responses/0002_e5cdff472821.json
134006402,3,POST,200,Fetch,https://m.ctrip.com/restapi/soa2/28820/ctGetNearbyHotelList,378,raw/134006402/responses/0003_6558381281e0.json
134006402,4,POST,200,Fetch,https://m.ctrip.com/restapi/soa2/33278/getDetailAdditionalInfo,20966,raw/134006402/responses/0004_c37be698535c.json
134006402,5,POST,200,Fetch,https://m.ctrip.com/restapi/soa2/33278/getHotelRoomListInland,408,raw/134006402/responses/0005_126ff2c3c3c2.json
134006402,6,POST,200,Fetch,https://m.ctrip.com/restapi/soa2/28820/ctgethotelalbum,86383,raw/134006402/responses/0006_b034201a0549.json
134006402,7,POST,200,Fetch,https://m.ctrip.com/restapi/soa2/35021/getHotelRoomPopInfoPCOnline,394,raw/134006402/responses/0007_a399d40fcb64.json
1340720,1,POST,200,Fetch,https://m.ctrip.com/restapi/soa2/10182/GetAvailablePoints?_fxpcqlniredt=09031109115864990735&x-traceID=09031109115864990735-1788256113462-5180545,463,raw/1340720/responses/0001_1a5b9d760ecc.json
1340740,1,POST,200,Fetch,https://m.ctrip.com/restapi/soa2/10182/GetAvailablePoints?_fxpcqlniredt=09031109115864990735&x-traceID=09031109115864990735-1788162622801-1469256,463,raw/1340740/responses/0001_44285ebbd56c.json
1340740,2,POST,200,Fetch,https://m.ctrip.com/restapi/soa2/33278/getDetailAdditionalInfo,20973,raw/1340740/responses/0002_0f6525cc02a9.json
1340740,3,POST,200,Fetch,https://m.ctrip.com/restapi/soa2/34308/getHotelCommentInfo,54500,raw/1340740/responses/0003_8a41a2728111.json
1340740,4,POST,200,Fetch,https://m.ctrip.com/restapi/soa2/28820/ctgethotelalbum,300818,raw/1340740/responses/0004_65975e8ff220.json
1340740,5,POST,200,Fetch,https://m.ctrip.com/restapi/soa2/28820/ctGetNearbyHotelList,128473,raw/1340740/responses/0005_1e2127aae2e6.json
1340740,6,POST,200,Fetch,https://m.ctrip.com/restapi/soa2/33278/getHotelRoomListInland,211163,raw/1340740/responses/0006_b404bd1188b5.json
1340746,1,POST,200,Fetch,https://m.ctrip.com/restapi/soa2/10182/GetAvailablePoints?_fxpcqlniredt=09031109115864990735&x-traceID=09031109115864990735-1788242208960-659660,463,raw/1340746/responses/0001_1cb44b7d846f.json
1340746,2,POST,200,Fetch,https://m.ctrip.com/restapi/soa2/34308/getHotelCommentInfo,399,raw/1340746/responses/0002_e5cdff472821.json
1340746,3,POST,200,Fetch,https://m.ctrip.com/restapi/soa2/28820/ctGetNearbyHotelList,378,raw/1340746/responses/0003_6558381281e0.json
1340746,4,POST,200,Fetch,https://m.ctrip.com/restapi/soa2/33278/getDetailAdditionalInfo,19976,raw/1340746/responses/0004_c37be698535c.json
1340746,5,POST,200,Fetch,https://m.ctrip.com/restapi/soa2/28820/ctgethotelalbum,348743,raw/1340746/responses/0005_0ef9cbf89082.json
1340746,6,POST,200,Fetch,https://m.ctrip.com/restapi/soa2/33278/getHotelRoomListInland,408,raw/1340746/responses/0006_b404bd1188b5.json
1340746,7,POST,200,Fetch,https://m.ctrip.com/restapi/soa2/35021/getHotelRoomPopInfoPCOnline,394,raw/1340746/responses/0007_a399d40fcb64.json
1340785,1,POST,200,Fetch,https://m.ctrip.com/restapi/soa2/10182/GetAvailablePoints?_fxpcqlniredt=09031109115864990735&x-traceID=09031109115864990735-1788239875071-510996,463,raw/1340785/responses/0001_efe47237fd64.json
134161721,1,POST,200,Fetch,https://m.ctrip.com/restapi/soa2/10182/GetAvailablePoints?_fxpcqlniredt=09031109115864990735&x-traceID=09031109115864990735-1788512090447-2508817,463,raw/134161721/responses/0001_771587f72354.json
134161721,2,POST,200,Fetch,https://m.ctrip.com/restapi/soa2/34308/getHotelCommentInfo,399,raw/134161721/responses/0002_e5cdff472821.json
134161721,3,POST,200,Fetch,https://m.ctrip.com/restapi/soa2/33278/getDetailAdditionalInfo,20270,raw/134161721/responses/0003_9a699f28ead6.json
134161721,4,POST,200,Fetch,https://m.ctrip.com/restapi/soa2/28820/ctgethotelalbum,166629,raw/134161721/responses/0004_65975e8ff220.json
134161721,5,POST,200,Fetch,https://m.ctrip.com/restapi/soa2/33278/getHotelRoomListInland,408,raw/134161721/responses/0005_126ff2c3c3c2.json
134161721,6,POST,200,Fetch,https://m.ctrip.com/restapi/soa2/28820/ctGetNearbyHotelList,378,raw/134161721/responses/0006_9a431dd78faa.json
134161721,7,POST,200,Fetch,https://m.ctrip.com/restapi/soa2/35021/getHotelRoomPopInfoPCOnline,394,raw/134161721/responses/0007_a399d40fcb64.json
134293909,1,POST,200,Fetch,https://m.ctrip.com/restapi/soa2/10182/GetAvailablePoints?_fxpcqlniredt=09031109115864990735&x-traceID=09031109115864990735-1788165993497-7316629,462,raw/134293909/responses/0001_394990075b88.json
134440857,1,POST,200,Fetch,https://m.ctrip.com/restapi/soa2/10182/GetAvailablePoints?_fxpcqlniredt=09031109115864990735&x-traceID=09031109115864990735-1788235212965-889138,461,raw/134440857/responses/0001_2bff33707f7c.json
134440857,2,POST,200,Fetch,https://m.ctrip.com/restapi/soa2/34308/getHotelCommentInfo,395,raw/134440857/responses/0002_e5cdff472821.json
134440857,3,POST,200,Fetch,https://m.ctrip.com/restapi/soa2/28820/ctgethotelalbum,85021,raw/134440857/responses/0003_b0749e138db6.json
134440857,4,POST,200,Fetch,https://m.ctrip.com/restapi/soa2/33278/getDetailAdditionalInfo,20301,raw/134440857/responses/0004_c37be698535c.json
134440857,5,POST,200,Fetch,https://m.ctrip.com/restapi/soa2/33278/getHotelRoomListInland,404,raw/134440857/responses/0005_126ff2c3c3c2.json
134440857,6,POST,200,Fetch,https://m.ctrip.com/restapi/soa2/28820/ctGetNearbyHotelList,374,raw/134440857/responses/0006_9a431dd78faa.json
134440857,7,POST,200,Fetch,https://m.ctrip.com/restapi/soa2/35021/getHotelRoomPopInfoPCOnline,390,raw/134440857/responses/0007_a399d40fcb64.json
134555963,1,POST,200,Fetch,https://m.ctrip.com/restapi/soa2/10182/GetAvailablePoints?_fxpcqlniredt=09031109115864990735&x-traceID=09031109115864990735-1788166486792-8119925,463,raw/134555963/responses/0001_a5388359cfc6.json
134555963,2,POST,200,Fetch,https://m.ctrip.com/restapi/soa2/28820/ctgethotelalbum,137098,raw/134555963/responses/0002_053ef16233d1.json
134555963,3,POST,200,Fetch,https://m.ctrip.com/restapi/soa2/33278/getDetailAdditionalInfo,20101,raw/134555963/responses/0003_9a699f28ead6.json
134555963,4,POST,200,Fetch,https://m.ctrip.com/restapi/soa2/33278/getHotelRoomListInland,24840,raw/134555963/responses/0004_4484b63447e6.json
134555963,5,POST,200,Fetch,https://m.ctrip.com/restapi/soa2/28820/ctGetNearbyHotelList,117773,raw/134555963/responses/0005_1e2127aae2e6.json
134555963,6,POST,200,Fetch,https://m.ctrip.com/restapi/soa2/34308/getHotelCommentInfo,33978,raw/134555963/responses/0006_8ec0980f7356.json
134555963,7,POST,200,Fetch,https://m.ctrip.com/restapi/soa2/35021/getHotelRoomPopInfoPCOnline,17213,raw/134555963/responses/0007_a399d40fcb64.json
134610432,1,POST,200,Fetch,https://m.ctrip.com/restapi/soa2/10182/GetAvailablePoints?_fxpcqlniredt=09031109115864990735&x-traceID=09031109115864990735-1788256027085-2126527,463,raw/134610432/responses/0001_0001cadf1996.json
134625334,1,POST,200,Fetch,https://m.ctrip.com/restapi/soa2/28820/ctgethotelalbum,86773,raw/134625334/responses/0001_332938ae7e3f.json
134625334,2,POST,200,Fetch,https://m.ctrip.com/restapi/soa2/33278/getDetailAdditionalInfo,14277,raw/134625334/responses/0002_0f6525cc02a9.json
134625334,3,POST,200,Fetch,https://m.ctrip.com/restapi/soa2/34308/getHotelCommentInfo,48564,raw/134625334/responses/0003_8a41a2728111.json
134625334,4,POST,200,Fetch,https://m.ctrip.com/restapi/soa2/10182/GetAvailablePoints?_fxpcqlniredt=09031109115864990735&x-traceID=09031109115864990735-1788164339746-1765176,463,raw/134625334/responses/0004_0b3227336045.json
134625334,5,POST,200,Fetch,https://m.ctrip.com/restapi/soa2/33278/getHotelRoomListInland,60004,raw/134625334/responses/0005_126ff2c3c3c2.json
134625334,6,POST,200,Fetch,https://m.ctrip.com/restapi/soa2/28820/ctGetNearbyHotelList,127906,raw/134625334/responses/0006_9a431dd78faa.json
134625334,7,POST,200,Fetch,https://m.ctrip.com/restapi/soa2/35021/getHotelRoomPopInfoPCOnline,59961,raw/134625334/responses/0007_a399d40fcb64.json
134726760,1,POST,200,Fetch,https://m.ctrip.com/restapi/soa2/10182/GetAvailablePoints?_fxpcqlniredt=09031109115864990735&x-traceID=09031109115864990735-1788166502366-3192714,463,raw/134726760/responses/0001_c50044d07c3b.json
135625514,1,POST,200,Fetch,https://m.ctrip.com/restapi/soa2/10182/GetAvailablePoints?_fxpcqlniredt=09031109115864990735&x-traceID=09031109115864990735-1788166393797-7587809,463,raw/135625514/responses/0001_b8b1c637e578.json
13582190,1,POST,200,Fetch,https://m.ctrip.com/restapi/soa2/10182/GetAvailablePoints?_fxpcqlniredt=09031109115864990735&x-traceID=09031109115864990735-1788256908487-2053571,462,raw/13582190/responses/0001_b77efde6fb89.json
13582190,2,POST,200,Fetch,https://m.ctrip.com/restapi/soa2/34308/getHotelCommentInfo,397,raw/13582190/responses/0002_e5cdff472821.json
13582190,3,POST,200,Fetch,https://m.ctrip.com/restapi/soa2/33278/getHotelRoomListInland,406,raw/13582190/responses/0003_20a6b1dba238.json
13582190,4,POST,200,Fetch,https://m.ctrip.com/restapi/soa2/33278/getDetailAdditionalInfo,20528,raw/13582190/responses/0004_c37be698535c.json
13582190,5,POST,200,Fetch,https://m.ctrip.com/restapi/soa2/28820/ctGetNearbyHotelList,376,raw/13582190/responses/0005_1e2127aae2e6.json
13582190,6,POST,200,Fetch,https://m.ctrip.com/restapi/soa2/28820/ctgethotelalbum,329323,raw/13582190/responses/0006_b034201a0549.json
13582190,7,POST,200,Fetch,https://m.ctrip.com/restapi/soa2/35021/getHotelRoomPopInfoPCOnline,392,raw/13582190/responses/0007_a399d40fcb64.json
13660499,1,POST,200,Fetch,https://m.ctrip.com/restapi/soa2/10182/GetAvailablePoints?_fxpcqlniredt=09031109115864990735&x-traceID=09031109115864990735-1788513004153-8027198,462,raw/13660499/responses/0001_dd8e304c1a7f.json
13660499,2,POST,200,Fetch,https://m.ctrip.com/restapi/soa2/34308/getHotelCommentInfo,397,raw/13660499/responses/0002_e5cdff472821.json
13660499,3,POST,200,Fetch,https://m.ctrip.com/restapi/soa2/33278/getDetailAdditionalInfo,20151,raw/13660499/responses/0003_9a699f28ead6.json
13660499,4,POST,200,Fetch,https://m.ctrip.com/restapi/soa2/28820/ctGetNearbyHotelList,376,raw/13660499/responses/0004_b9f75dd5f3db.json
13660499,5,POST,200,Fetch,https://m.ctrip.com/restapi/soa2/28820/ctgethotelalbum,190722,raw/13660499/responses/0005_0ef9cbf89082.json
13660499,6,POST,200,Fetch,https://m.ctrip.com/restapi/soa2/33278/getHotelRoomListInland,406,raw/13660499/responses/0006_b404bd1188b5.json
13660499,7,POST,200,Fetch,https://m.ctrip.com/restapi/soa2/35021/getHotelRoomPopInfoPCOnline,392,raw/13660499/responses/0007_a399d40fcb64.json
13670867,1,POST,200,Fetch,https://m.ctrip.com/restapi/soa2/10182/GetAvailablePoints?_fxpcqlniredt=09031109115864990735&x-traceID=09031109115864990735-1788237802753-1277383,462,raw/13670867/responses/0001_4f9a827dfcb5.json
13670867,2,POST,200,Fetch,https://m.ctrip.com/restapi/soa2/33278/getDetailAdditionalInfo,17018,raw/13670867/responses/0002_0f6525cc02a9.json
13670867,3,POST,200,Fetch,https://m.ctrip.com/restapi/soa2/34308/getHotelCommentInfo,399,raw/13670867/responses/0003_8a41a2728111.json
13670867,4,POST,200,Fetch,https://m.ctrip.com/restapi/soa2/33278/getHotelRoomListInland,408,raw/13670867/responses/0004_4484b63447e6.json
13670867,5,POST,200,Fetch,https://m.ctrip.com/restapi/soa2/28820/ctgethotelalbum,289265,raw/13670867/responses/0005_0ef9cbf89082.json
13670867,6,POST,200,Fetch,https://m.ctrip.com/restapi/soa2/28820/ctGetNearbyHotelList,378,raw/13670867/responses/0006_9a431dd78faa.json
13670867,7,POST,200,Fetch,https://m.ctrip.com/restapi/soa2/35021/getHotelRoomPopInfoPCOnline,394,raw/13670867/responses/0007_a399d40fcb64.json
1378559,1,POST,200,Fetch,https://m.ctrip.com/restapi/soa2/10182/GetAvailablePoints?_fxpcqlniredt=09031109115864990735&x-traceID=09031109115864990735-1788163838946-5777731,462,raw/1378559/responses/0001_719f7dc03a8e.json
1386680,1,POST,200,Fetch,https://m.ctrip.com/restapi/soa2/10182/GetAvailablePoints?_fxpcqlniredt=09031109115864990735&x-traceID=09031109115864990735-1788255926593-3239697,462,raw/1386680/responses/0001_95a442abb801.json
1386680,2,POST,200,Fetch,https://m.ctrip.com/restapi/soa2/34308/getHotelCommentInfo,399,raw/1386680/responses/0002_e5cdff472821.json
1386680,3,POST,200,Fetch,https://m.ctrip.com/restapi/soa2/33278/getDetailAdditionalInfo,20316,raw/1386680/responses/0003_9a699f28ead6.json
1386680,4,POST,200,Fetch,https://m.ctrip.com/restapi/soa2/28820/ctGetNearbyHotelList,378,raw/1386680/responses/0004_b9f75dd5f3db.json
1386680,5,POST,200,Fetch,https://m.ctrip.com/restapi/soa2/28820/ctgethotelalbum,233461,raw/1386680/responses/0005_0ef9cbf89082.json
1386680,6,POST,200,Fetch,https://m.ctrip.com/restapi/soa2/33278/getHotelRoomListInland,408,raw/1386680/responses/0006_b404bd1188b5.json
1386680,7,POST,200,Fetch,https://m.ctrip.com/restapi/soa2/35021/getHotelRoomPopInfoPCOnline,394,raw/1386680/responses/0007_a399d40fcb64.json
13989322,1,POST,200,Fetch,https://m.ctrip.com/restapi/soa2/10182/GetAvailablePoints?_fxpcqlniredt=09031109115864990735&x-traceID=09031109115864990735-1788163471239-473293,462,raw/13989322/responses/0001_c717f57d421e.json
13998953,1,POST,200,Fetch,https://m.ctrip.com/restapi/soa2/10182/GetAvailablePoints?_fxpcqlniredt=09031109115864990735&x-traceID=09031109115864990735-1788512667972-3767732,462,raw/13998953/responses/0001_e2eff78adeba.json
13998953,2,POST,200,Fetch,https://m.ctrip.com/restapi/soa2/34308/getHotelCommentInfo,397,raw/13998953/responses/0002_e5cdff472821.json
13998953,3,POST,200,Fetch,https://m.ctrip.com/restapi/soa2/28820/ctgethotelalbum,268761,raw/13998953/responses/0003_b0749e138db6.json
13998953,4,POST,200,Fetch,https://m.ctrip.com/restapi/soa2/33278/getHotelRoomListInland,406,raw/13998953/responses/0004_4484b63447e6.json
13998953,5,POST,200,Fetch,https://m.ctrip.com/restapi/soa2/33278/getDetailAdditionalInfo,20313,raw/13998953/responses/0005_1139d80bc75b.json
13998953,6,POST,200,Fetch,https://m.ctrip.com/restapi/soa2/28820/ctGetNearbyHotelList,376,raw/13998953/responses/0006_9a431dd78faa.json
13998953,7,POST,200,Fetch,https://m.ctrip.com/restapi/soa2/35021/getHotelRoomPopInfoPCOnline,392,raw/13998953/responses/0007_a399d40fcb64.json
1420009,1,POST,200,Fetch,https://m.ctrip.com/restapi/soa2/10182/GetAvailablePoints?_fxpcqlniredt=09031109115864990735&x-traceID=09031109115864990735-1788166558470-1366129,463,raw/1420009/responses/0001_c2a2cdc40bf4.json
14217530,1,POST,200,Fetch,https://m.ctrip.com/restapi/soa2/10182/GetAvailablePoints?_fxpcqlniredt=09031109115864990735&x-traceID=09031109115864990735-1788166471093-1927955,463,raw/14217530/responses/0001_cda1717da4c2.json
14475191,1,POST,200,Fetch,https://m.ctrip.com/restapi/soa2/10182/GetAvailablePoints?_fxpcqlniredt=09031109115864990735&x-traceID=09031109115864990735-1788237894054-4759686,463,raw/14475191/responses/0001_344345185e83.json
14475191,2,POST,200,Fetch,https://m.ctrip.com/restapi/soa2/34308/getHotelCommentInfo,399,raw/14475191/responses/0002_e5cdff472821.json
14475191,3,POST,200,Fetch,https://m.ctrip.com/restapi/soa2/33278/getHotelRoomListInland,408,raw/14475191/responses/0003_20a6b1dba238.json
14475191,4,POST,200,Fetch,https://m.ctrip.com/restapi/soa2/33278/getDetailAdditionalInfo,20179,raw/14475191/responses/0004_c37be698535c.json
14475191,5,POST,200,Fetch,https://m.ctrip.com/restapi/soa2/28820/ctGetNearbyHotelList,378,raw/14475191/responses/0005_1e2127aae2e6.json
14475191,6,POST,200,Fetch,https://m.ctrip.com/restapi/soa2/28820/ctgethotelalbum,260125,raw/14475191/responses/0006_b034201a0549.json
14475191,7,POST,200,Fetch,https://m.ctrip.com/restapi/soa2/35021/getHotelRoomPopInfoPCOnline,394,raw/14475191/responses/0007_a399d40fcb64.json
1457576,1,POST,200,Fetch,https://m.ctrip.com/restapi/soa2/33278/getDetailAdditionalInfo,16984,raw/1457576/responses/0001_cfd279648041.json
1457576,2,POST,200,Fetch,https://m.ctrip.com/restapi/soa2/34308/getHotelCommentInfo,55312,raw/1457576/responses/0002_e5cdff472821.json
1457576,3,POST,200,Fetch,https://m.ctrip.com/restapi/soa2/10182/GetAvailablePoints?_fxpcqlniredt=09031109115864990735&x-traceID=09031109115864990735-1788165334594-8365462,463,raw/1457576/responses/0003_a95c1e2e2443.json
1457576,4,POST,200,Fetch,https://m.ctrip.com/restapi/soa2/28820/ctgethotelalbum,361444,raw/1457576/responses/0004_65975e8ff220.json
1457576,5,POST,200,Fetch,https://m.ctrip.com/restapi/soa2/28820/ctGetNearbyHotelList,128307,raw/1457576/responses/0005_1e2127aae2e6.json
1457601,1,POST,200,Fetch,https://m.ctrip.com/restapi/soa2/10182/GetAvailablePoints?_fxpcqlniredt=09031109115864990735&x-traceID=09031109115864990735-1788236491823-8834468,463,raw/1457601/responses/0001_d86812e29709.json
1457601,2,POST,200,Fetch,https://m.ctrip.com/restapi/soa2/34308/getHotelCommentInfo,399,raw/1457601/responses/0002_e5cdff472821.json
1457601,3,POST,200,Fetch,https://m.ctrip.com/restapi/soa2/33278/getDetailAdditionalInfo,20137,raw/1457601/responses/0003_9a699f28ead6.json
1457601,4,POST,200,Fetch,https://m.ctrip.com/restapi/soa2/28820/ctGetNearbyHotelList,378,raw/1457601/responses/0004_b9f75dd5f3db.json
1457601,5,POST,200,Fetch,https://m.ctrip.com/restapi/soa2/33278/getHotelRoomListInland,408,raw/1457601/responses/0005_126ff2c3c3c2.json
1457601,6,POST,200,Fetch,https://m.ctrip.com/restapi/soa2/28820/ctgethotelalbum,341794,raw/1457601/responses/0006_b034201a0549.json
1457601,7,POST,200,Fetch,https://m.ctrip.com/restapi/soa2/35021/getHotelRoomPopInfoPCOnline,394,raw/1457601/responses/0007_a399d40fcb64.json
1463080,1,POST,200,Fetch,https://m.ctrip.com/restapi/soa2/10182/GetAvailablePoints?_fxpcqlniredt=09031109115864990735&x-traceID=09031109115864990735-1788512312147-427664,463,raw/1463080/responses/0001_51d488ed2cb9.json
1463080,2,POST,200,Fetch,https://m.ctrip.com/restapi/soa2/34308/getHotelCommentInfo,399,raw/1463080/responses/0002_e5cdff472821.json
1463080,3,POST,200,Fetch,https://m.ctrip.com/restapi/soa2/33278/getDetailAdditionalInfo,20166,raw/1463080/responses/0003_9a699f28ead6.json
1463080,4,POST,200,Fetch,https://m.ctrip.com/restapi/soa2/28820/ctgethotelalbum,327547,raw/1463080/responses/0004_65975e8ff220.json
1463080,5,POST,200,Fetch,https://m.ctrip.com/restapi/soa2/33278/getHotelRoomListInland,408,raw/1463080/responses/0005_126ff2c3c3c2.json
1463080,6,POST,200,Fetch,https://m.ctrip.com/restapi/soa2/28820/ctGetNearbyHotelList,378,raw/1463080/responses/0006_9a431dd78faa.json
1463080,7,POST,200,Fetch,https://m.ctrip.com/restapi/soa2/35021/getHotelRoomPopInfoPCOnline,394,raw/1463080/responses/0007_a399d40fcb64.json
1470006,1,POST,200,Fetch,https://m.ctrip.com/restapi/soa2/10182/GetAvailablePoints?_fxpcqlniredt=09031109115864990735&x-traceID=09031109115864990735-1788165535230-601182,463,raw/1470006/responses/0001_75ba45ba40f2.json
1470006,2,POST,200,Fetch,https://m.ctrip.com/restapi/soa2/33278/getDetailAdditionalInfo,20758,raw/1470006/responses/0002_0f6525cc02a9.json
1470006,3,POST,200,Fetch,https://m.ctrip.com/restapi/soa2/34308/getHotelCommentInfo,49210,raw/1470006/responses/0003_8a41a2728111.json
1470006,4,POST,200,Fetch,https://m.ctrip.com/restapi/soa2/28820/ctgethotelalbum,327860,raw/1470006/responses/0004_65975e8ff220.json
1470006,5,POST,200,Fetch,https://m.ctrip.com/restapi/soa2/28820/ctGetNearbyHotelList,136129,raw/1470006/responses/0005_1e2127aae2e6.json
1470006,6,POST,200,Fetch,https://m.ctrip.com/restapi/soa2/33278/getHotelRoomListInland,818939,raw/1470006/responses/0006_b404bd1188b5.json
1480777,1,POST,200,Fetch,https://m.ctrip.com/restapi/soa2/10182/GetAvailablePoints?_fxpcqlniredt=09031109115864990735&x-traceID=09031109115864990735-1788240923959-6614117,463,raw/1480777/responses/0001_af1de6ce2739.json
1489251,1,POST,200,Fetch,https://m.ctrip.com/restapi/soa2/10182/GetAvailablePoints?_fxpcqlniredt=09031109115864990735&x-traceID=09031109115864990735-1788162658614-9070507,463,raw/1489251/responses/0001_3c9c11303863.json
1489251,2,POST,200,Fetch,https://m.ctrip.com/restapi/soa2/33278/getDetailAdditionalInfo,20240,raw/1489251/responses/0002_0f6525cc02a9.json
1489251,3,POST,200,Fetch,https://m.ctrip.com/restapi/soa2/34308/getHotelCommentInfo,56950,raw/1489251/responses/0003_8a41a2728111.json
1489251,4,POST,200,Fetch,https://m.ctrip.com/restapi/soa2/28820/ctgethotelalbum,322959,raw/1489251/responses/0004_65975e8ff220.json
1489251,5,POST,200,Fetch,https://m.ctrip.com/restapi/soa2/28820/ctGetNearbyHotelList,133880,raw/1489251/responses/0005_1e2127aae2e6.json
14968718,1,POST,200,Fetch,https://m.ctrip.com/restapi/soa2/10182/GetAvailablePoints?_fxpcqlniredt=09031109115864990735&x-traceID=09031109115864990735-1788512940546-4560066,461,raw/14968718/responses/0001_e645bd43b30a.json
14968718,2,POST,200,Fetch,https://m.ctrip.com/restapi/soa2/34308/getHotelCommentInfo,397,raw/14968718/responses/0002_e5cdff472821.json
14968718,3,POST,200,Fetch,https://m.ctrip.com/restapi/soa2/28820/ctgethotelalbum,301147,raw/14968718/responses/0003_b0749e138db6.json
14968718,4,POST,200,Fetch,https://m.ctrip.com/restapi/soa2/28820/ctGetNearbyHotelList,376,raw/14968718/responses/0004_b9f75dd5f3db.json
14968718,5,POST,200,Fetch,https://m.ctrip.com/restapi/soa2/33278/getHotelRoomListInland,406,raw/14968718/responses/0005_126ff2c3c3c2.json
14968718,6,POST,200,Fetch,https://m.ctrip.com/restapi/soa2/33278/getDetailAdditionalInfo,17752,raw/14968718/responses/0006_937db351796d.json
14968718,7,POST,200,Fetch,https://m.ctrip.com/restapi/soa2/35021/getHotelRoomPopInfoPCOnline,392,raw/14968718/responses/0007_a399d40fcb64.json
1497020,1,POST,200,Fetch,https://m.ctrip.com/restapi/soa2/10182/GetAvailablePoints?_fxpcqlniredt=09031109115864990735&x-traceID=09031109115864990735-1788163509611-5567084,461,raw/1497020/responses/0001_e7f47a483beb.json
1497020,2,POST,200,Fetch,https://m.ctrip.com/restapi/soa2/33278/getDetailAdditionalInfo,19912,raw/1497020/responses/0002_0f6525cc02a9.json
1497020,3,POST,200,Fetch,https://m.ctrip.com/restapi/soa2/34308/getHotelCommentInfo,64046,raw/1497020/responses/0003_8a41a2728111.json
1497020,4,POST,200,Fetch,https://m.ctrip.com/restapi/soa2/28820/ctgethotelalbum,341673,raw/1497020/responses/0004_65975e8ff220.json
1497020,5,POST,200,Fetch,https://m.ctrip.com/restapi/soa2/33278/getHotelRoomListInland,1086596,raw/1497020/responses/0005_126ff2c3c3c2.json
1497020,6,POST,200,Fetch,https://m.ctrip.com/restapi/soa2/28820/ctGetNearbyHotelList,135316,raw/1497020/responses/0006_9a431dd78faa.json
1497020,7,POST,200,Fetch,https://m.ctrip.com/restapi/soa2/35021/getHotelRoomPopInfoPCOnline,1323000,raw/1497020/responses/0007_a399d40fcb64.json
1497031,1,POST,200,Fetch,https://m.ctrip.com/restapi/soa2/10182/GetAvailablePoints?_fxpcqlniredt=09031109115864990735&x-traceID=09031109115864990735-1788256329271-707083,463,raw/1497031/responses/0001_5d0cdd689001.json
1497031,2,POST,200,Fetch,https://m.ctrip.com/restapi/soa2/34308/getHotelCommentInfo,399,raw/1497031/responses/0002_e5cdff472821.json
1497031,3,POST,200,Fetch,https://m.ctrip.com/restapi/soa2/28820/ctGetNearbyHotelList,378,raw/1497031/responses/0003_6558381281e0.json
1497031,4,POST,200,Fetch,https://m.ctrip.com/restapi/soa2/33278/getHotelRoomListInland,408,raw/1497031/responses/0004_4484b63447e6.json
1497031,5,POST,200,Fetch,https://m.ctrip.com/restapi/soa2/33278/getDetailAdditionalInfo,20070,raw/1497031/responses/0005_1139d80bc75b.json
1497031,6,POST,200,Fetch,https://m.ctrip.com/restapi/soa2/28820/ctgethotelalbum,300684,raw/1497031/responses/0006_b034201a0549.json
1497031,7,POST,200,Fetch,https://m.ctrip.com/restapi/soa2/35021/getHotelRoomPopInfoPCOnline,394,raw/1497031/responses/0007_a399d40fcb64.json
1497032,1,POST,200,Fetch,https://m.ctrip.com/restapi/soa2/10182/GetAvailablePoints?_fxpcqlniredt=09031109115864990735&x-traceID=09031109115864990735-1788511521329-5384014,463,raw/1497032/responses/0001_17c59769646a.json
1497038,1,POST,200,Fetch,https://m.ctrip.com/restapi/soa2/34308/getHotelCommentInfo,60181,raw/1497038/responses/0001_a72c8f9fa60e.json
1497038,2,POST,200,Fetch,https://m.ctrip.com/restapi/soa2/33278/getDetailAdditionalInfo,20245,raw/1497038/responses/0002_0f6525cc02a9.json
1497038,3,POST,200,Fetch,https://m.ctrip.com/restapi/soa2/28820/ctgethotelalbum,280060,raw/1497038/responses/0003_b0749e138db6.json
1497038,4,POST,200,Fetch,https://m.ctrip.com/restapi/soa2/10182/GetAvailablePoints?_fxpcqlniredt=09031109115864990735&x-traceID=09031109115864990735-1788165149719-4856839,463,raw/1497038/responses/0004_1a7c2df332b8.json
1497038,5,POST,200,Fetch,https://m.ctrip.com/restapi/soa2/28820/ctGetNearbyHotelList,125733,raw/1497038/responses/0005_1e2127aae2e6.json
1497038,6,POST,200,Fetch,https://m.ctrip.com/restapi/soa2/33278/getHotelRoomListInland,1108043,raw/1497038/responses/0006_b404bd1188b5.json
1497038,7,POST,200,Fetch,https://m.ctrip.com/restapi/soa2/35021/getHotelRoomPopInfoPCOnline,1258485,raw/1497038/responses/0007_a399d40fcb64.json
1500162,1,POST,200,Fetch,https://m.ctrip.com/restapi/soa2/10182/GetAvailablePoints?_fxpcqlniredt=09031109115864990735&x-traceID=09031109115864990735-1788164173010-8089244,463,raw/1500162/responses/0001_44b3d53dc094.json
1500162,2,POST,200,Fetch,https://m.ctrip.com/restapi/soa2/33278/getDetailAdditionalInfo,20654,raw/1500162/responses/0002_0f6525cc02a9.json
1500162,3,POST,200,Fetch,https://m.ctrip.com/restapi/soa2/34308/getHotelCommentInfo,53276,raw/1500162/responses/0003_8a41a2728111.json
1500162,4,POST,200,Fetch,https://m.ctrip.com/restapi/soa2/28820/ctgethotelalbum,314808,raw/1500162/responses/0004_65975e8ff220.json
1500162,5,POST,200,Fetch,https://m.ctrip.com/restapi/soa2/28820/ctGetNearbyHotelList,126644,raw/1500162/responses/0005_1e2127aae2e6.json
1500162,6,POST,200,Fetch,https://m.ctrip.com/restapi/soa2/33278/getHotelRoomListInland,3667794,raw/1500162/responses/0006_b404bd1188b5.json
1500654,1,POST,200,Fetch,https://m.ctrip.com/restapi/soa2/10182/GetAvailablePoints?_fxpcqlniredt=09031109115864990735&x-traceID=09031109115864990735-1788165568385-7675319,463,raw/1500654/responses/0001_6dd956b228ce.json
1500654,2,POST,200,Fetch,https://m.ctrip.com/restapi/soa2/33278/getDetailAdditionalInfo,20636,raw/1500654/responses/0002_0f6525cc02a9.json
1500654,3,POST,200,Fetch,https://m.ctrip.com/restapi/soa2/34308/getHotelCommentInfo,69567,raw/1500654/responses/0003_8a41a2728111.json
1500654,4,POST,200,Fetch,https://m.ctrip.com/restapi/soa2/28820/ctgethotelalbum,378196,raw/1500654/responses/0004_65975e8ff220.json
1500654,5,POST,200,Fetch,https://m.ctrip.com/restapi/soa2/33278/getHotelRoomListInland,889474,raw/1500654/responses/0005_126ff2c3c3c2.json
1500654,6,POST,200,Fetch,https://m.ctrip.com/restapi/soa2/28820/ctGetNearbyHotelList,130843,raw/1500654/responses/0006_9a431dd78faa.json
1500654,7,POST,200,Fetch,https://m.ctrip.com/restapi/soa2/35021/getHotelRoomPopInfoPCOnline,985830,raw/1500654/responses/0007_a399d40fcb64.json
1509537,1,POST,200,Fetch,https://m.ctrip.com/restapi/soa2/10182/GetAvailablePoints?_fxpcqlniredt=09031109115864990735&x-traceID=09031109115864990735-1788237942074-2043204,463,raw/1509537/responses/0001_420e8066542e.json
1509537,2,POST,200,Fetch,https://m.ctrip.com/restapi/soa2/34308/getHotelCommentInfo,399,raw/1509537/responses/0002_e5cdff472821.json
1509537,3,POST,200,Fetch,https://m.ctrip.com/restapi/soa2/33278/getHotelRoomListInland,408,raw/1509537/responses/0003_20a6b1dba238.json
1509537,4,POST,200,Fetch,https://m.ctrip.com/restapi/soa2/28820/ctGetNearbyHotelList,378,raw/1509537/responses/0004_b9f75dd5f3db.json
1509537,5,POST,200,Fetch,https://m.ctrip.com/restapi/soa2/33278/getDetailAdditionalInfo,20183,raw/1509537/responses/0005_1139d80bc75b.json
1509537,6,POST,200,Fetch,https://m.ctrip.com/restapi/soa2/28820/ctgethotelalbum,243833,raw/1509537/responses/0006_b034201a0549.json
1509537,7,POST,200,Fetch,https://m.ctrip.com/restapi/soa2/35021/getHotelRoomPopInfoPCOnline,394,raw/1509537/responses/0007_a399d40fcb64.json
1509548,1,POST,200,Fetch,https://m.ctrip.com/restapi/soa2/10182/GetAvailablePoints?_fxpcqlniredt=09031109115864990735&x-traceID=09031109115864990735-1788256745702-9532331,463,raw/1509548/responses/0001_2ad47e822389.json
1509548,2,POST,200,Fetch,https://m.ctrip.com/restapi/soa2/34308/getHotelCommentInfo,399,raw/1509548/responses/0002_e5cdff472821.json
1509548,3,POST,200,Fetch,https://m.ctrip.com/restapi/soa2/33278/getDetailAdditionalInfo,20419,raw/1509548/responses/0003_9a699f28ead6.json
1509548,4,POST,200,Fetch,https://m.ctrip.com/restapi/soa2/28820/ctGetNearbyHotelList,378,raw/1509548/responses/0004_b9f75dd5f3db.json
1509548,5,POST,200,Fetch,https://m.ctrip.com/restapi/soa2/33278/getHotelRoomListInland,408,raw/1509548/responses/0005_126ff2c3c3c2.json
1509548,6,POST,200,Fetch,https://m.ctrip.com/restapi/soa2/28820/ctgethotelalbum,332214,raw/1509548/responses/0006_b034201a0549.json
1509548,7,POST,200,Fetch,https://m.ctrip.com/restapi/soa2/35021/getHotelRoomPopInfoPCOnline,394,raw/1509548/responses/0007_a399d40fcb64.json
1509635,1,POST,200,Fetch,https://m.ctrip.com/restapi/soa2/10182/GetAvailablePoints?_fxpcqlniredt=09031109115864990735&x-traceID=09031109115864990735-1788239302491-2862185,462,raw/1509635/responses/0001_c384d086e3fe.json
1509635,2,POST,200,Fetch,https://m.ctrip.com/restapi/soa2/34308/getHotelCommentInfo,397,raw/1509635/responses/0002_e5cdff472821.json
1509635,3,POST,200,Fetch,https://m.ctrip.com/restapi/soa2/33278/getDetailAdditionalInfo,20746,raw/1509635/responses/0003_9a699f28ead6.json
1509635,4,POST,200,Fetch,https://m.ctrip.com/restapi/soa2/33278/getHotelRoomListInland,406,raw/1509635/responses/0004_4484b63447e6.json
1509635,5,POST,200,Fetch,https://m.ctrip.com/restapi/soa2/28820/ctGetNearbyHotelList,376,raw/1509635/responses/0005_1e2127aae2e6.json
1509635,6,POST,200,Fetch,https://m.ctrip.com/restapi/soa2/28820/ctgethotelalbum,208680,raw/1509635/responses/0006_b034201a0549.json
1509635,7,POST,200,Fetch,https://m.ctrip.com/restapi/soa2/35021/getHotelRoomPopInfoPCOnline,392,raw/1509635/responses/0007_a399d40fcb64.json
1509723,1,POST,200,Fetch,https://m.ctrip.com/restapi/soa2/10182/GetAvailablePoints?_fxpcqlniredt=09031109115864990735&x-traceID=09031109115864990735-1788162803509-4602516,463,raw/1509723/responses/0001_3363f28322d7.json
1509723,2,POST,200,Fetch,https://m.ctrip.com/restapi/soa2/33278/getDetailAdditionalInfo,20790,raw/1509723/responses/0002_0f6525cc02a9.json
1509723,3,POST,200,Fetch,https://m.ctrip.com/restapi/soa2/34308/getHotelCommentInfo,64001,raw/1509723/responses/0003_8a41a2728111.json
1509723,4,POST,200,Fetch,https://m.ctrip.com/restapi/soa2/28820/ctgethotelalbum,329134,raw/1509723/responses/0004_65975e8ff220.json
1509723,5,POST,200,Fetch,https://m.ctrip.com/restapi/soa2/28820/ctGetNearbyHotelList,133834,raw/1509723/responses/0005_1e2127aae2e6.json
1509723,6,POST,200,Fetch,https://m.ctrip.com/restapi/soa2/33278/getHotelRoomListInland,1313455,raw/1509723/responses/0006_b404bd1188b5.json
1509723,7,POST,200,Fetch,https://m.ctrip.com/restapi/soa2/35021/getHotelRoomPopInfoPCOnline,1813826,raw/1509723/responses/0007_a399d40fcb64.json
1513095,1,POST,200,Fetch,https://m.ctrip.com/restapi/soa2/10182/GetAvailablePoints?_fxpcqlniredt=09031109115864990735&x-traceID=09031109115864990735-1788236159373-8014254,462,raw/1513095/responses/0001_4dae458a86ce.json
1513095,2,POST,200,Fetch,https://m.ctrip.com/restapi/soa2/33278/getDetailAdditionalInfo,20463,raw/1513095/responses/0002_0f6525cc02a9.json
1513095,3,POST,200,Fetch,https://m.ctrip.com/restapi/soa2/34308/getHotelCommentInfo,399,raw/1513095/responses/0003_8a41a2728111.json
1513095,4,POST,200,Fetch,https://m.ctrip.com/restapi/soa2/28820/ctGetNearbyHotelList,378,raw/1513095/responses/0004_b9f75dd5f3db.json
1513095,5,POST,200,Fetch,https://m.ctrip.com/restapi/soa2/33278/getHotelRoomListInland,408,raw/1513095/responses/0005_126ff2c3c3c2.json
1513095,6,POST,200,Fetch,https://m.ctrip.com/restapi/soa2/28820/ctgethotelalbum,258660,raw/1513095/responses/0006_b034201a0549.json
1513095,7,POST,200,Fetch,https://m.ctrip.com/restapi/soa2/35021/getHotelRoomPopInfoPCOnline,394,raw/1513095/responses/0007_a399d40fcb64.json
1513169,1,POST,200,Fetch,https://m.ctrip.com/restapi/soa2/10182/GetAvailablePoints?_fxpcqlniredt=09031109115864990735&x-traceID=09031109115864990735-1788255720216-3647878,463,raw/1513169/responses/0001_1a3e1077e24b.json
1517786,1,POST,200,Fetch,https://m.ctrip.com/restapi/soa2/10182/GetAvailablePoints?_fxpcqlniredt=09031109115864990735&x-traceID=09031109115864990735-1788256466602-4825675,463,raw/1517786/responses/0001_13dcdee319d3.json
1517786,2,POST,200,Fetch,https://m.ctrip.com/restapi/soa2/34308/getHotelCommentInfo,399,raw/1517786/responses/0002_e5cdff472821.json
1517786,3,POST,200,Fetch,https://m.ctrip.com/restapi/soa2/33278/getHotelRoomListInland,408,raw/1517786/responses/0003_20a6b1dba238.json
1517786,4,POST,200,Fetch,https://m.ctrip.com/restapi/soa2/28820/ctGetNearbyHotelList,378,raw/1517786/responses/0004_b9f75dd5f3db.json
1517786,5,POST,200,Fetch,https://m.ctrip.com/restapi/soa2/28820/ctgethotelalbum,314044,raw/1517786/responses/0005_0ef9cbf89082.json
1517786,6,POST,200,Fetch,https://m.ctrip.com/restapi/soa2/33278/getDetailAdditionalInfo,20417,raw/1517786/responses/0006_937db351796d.json
1517786,7,POST,200,Fetch,https://m.ctrip.com/restapi/soa2/35021/getHotelRoomPopInfoPCOnline,394,raw/1517786/responses/0007_a399d40fcb64.json
1517794,1,POST,200,Fetch,https://m.ctrip.com/restapi/soa2/10182/GetAvailablePoints?_fxpcqlniredt=09031109115864990735&x-traceID=09031109115864990735-1788166805226-104125,460,raw/1517794/responses/0001_40ef27dff610.json
1517796,1,POST,200,Fetch,https://m.ctrip.com/restapi/soa2/10182/GetAvailablePoints?_fxpcqlniredt=09031109115864990735&x-traceID=09031109115864990735-1788162640351-1407091,463,raw/1517796/responses/0001_697237718d80.json
1517796,2,POST,200,Fetch,https://m.ctrip.com/restapi/soa2/33278/getDetailAdditionalInfo,20045,raw/1517796/responses/0002_0f6525cc02a9.json
1517796,3,POST,200,Fetch,https://m.ctrip.com/restapi/soa2/34308/getHotelCommentInfo,67307,raw/1517796/responses/0003_8a41a2728111.json
1517796,4,POST,200,Fetch,https://m.ctrip.com/restapi/soa2/28820/ctgethotelalbum,347785,raw/1517796/responses/0004_65975e8ff220.json
1517796,5,POST,200,Fetch,https://m.ctrip.com/restapi/soa2/28820/ctGetNearbyHotelList,135617,raw/1517796/responses/0005_1e2127aae2e6.json
1517802,1,POST,200,Fetch,https://m.ctrip.com/restapi/soa2/10182/GetAvailablePoints?_fxpcqlniredt=09031109115864990735&x-traceID=09031109115864990735-1788235552951-8458291,461,raw/1517802/responses/0001_39a994cb432e.json
1518072,1,POST,200,Fetch,https://m.ctrip.com/restapi/soa2/10182/GetAvailablePoints?_fxpcqlniredt=09031109115864990735&x-traceID=09031109115864990735-1788235613157-7300120,462,raw/1518072/responses/0001_d4ad6ad7248c.json
1518072,2,POST,200,Fetch,https://m.ctrip.com/restapi/soa2/34308/getHotelCommentInfo,397,raw/1518072/responses/0002_e5cdff472821.json
1518072,3,POST,200,Fetch,https://m.ctrip.com/restapi/soa2/33278/getDetailAdditionalInfo,20179,raw/1518072/responses/0003_9a699f28ead6.json
1518072,4,POST,200,Fetch,https://m.ctrip.com/restapi/soa2/28820/ctgethotelalbum,280905,raw/1518072/responses/0004_65975e8ff220.json
1518072,5,POST,200,Fetch,https://m.ctrip.com/restapi/soa2/33278/getHotelRoomListInland,406,raw/1518072/responses/0005_126ff2c3c3c2.json
1518072,6,POST,200,Fetch,https://m.ctrip.com/restapi/soa2/28820/ctGetNearbyHotelList,376,raw/1518072/responses/0006_9a431dd78faa.json
1518072,7,POST,200,Fetch,https://m.ctrip.com/restapi/soa2/35021/getHotelRoomPopInfoPCOnline,392,raw/1518072/responses/0007_a399d40fcb64.json
1518301,1,POST,200,Fetch,https://m.ctrip.com/restapi/soa2/10182/GetAvailablePoints?_fxpcqlniredt=09031109115864990735&x-traceID=09031109115864990735-1788239065996-6859851,462,raw/1518301/responses/0001_87ea6ea0abeb.json
1518301,2,POST,200,Fetch,https://m.ctrip.com/restapi/soa2/34308/getHotelCommentInfo,397,raw/1518301/responses/0002_e5cdff472821.json
1518301,3,POST,200,Fetch,https://m.ctrip.com/restapi/soa2/33278/getHotelRoomListInland,406,raw/1518301/responses/0003_20a6b1dba238.json
1518301,4,POST,200,Fetch,https://m.ctrip.com/restapi/soa2/33278/getDetailAdditionalInfo,20107,raw/1518301/responses/0004_c37be698535c.json
1518301,5,POST,200,Fetch,https://m.ctrip.com/restapi/soa2/28820/ctGetNearbyHotelList,376,raw/1518301/responses/0005_1e2127aae2e6.json
1518301,6,POST,200,Fetch,https://m.ctrip.com/restapi/soa2/28820/ctgethotelalbum,358377,raw/1518301/responses/0006_b034201a0549.json
1518301,7,POST,200,Fetch,https://m.ctrip.com/restapi/soa2/35021/getHotelRoomPopInfoPCOnline,392,raw/1518301/responses/0007_a399d40fcb64.json
1518595,1,POST,200,Fetch,https://m.ctrip.com/restapi/soa2/28820/ctgethotelalbum,256045,raw/1518595/responses/0001_332938ae7e3f.json
1518595,2,POST,200,Fetch,https://m.ctrip.com/restapi/soa2/33278/getDetailAdditionalInfo,20394,raw/1518595/responses/0002_0f6525cc02a9.json
1518595,3,POST,200,Fetch,https://m.ctrip.com/restapi/soa2/34308/getHotelCommentInfo,58648,raw/1518595/responses/0003_8a41a2728111.json
1518595,4,POST,200,Fetch,https://m.ctrip.com/restapi/soa2/10182/GetAvailablePoints?_fxpcqlniredt=09031109115864990735&x-traceID=09031109115864990735-1788165056129-6056667,463,raw/1518595/responses/0004_033d5c6eacae.json
1518595,5,POST,200,Fetch,https://m.ctrip.com/restapi/soa2/33278/getHotelRoomListInland,773106,raw/1518595/responses/0005_126ff2c3c3c2.json
1518595,6,POST,200,Fetch,https://m.ctrip.com/restapi/soa2/28820/ctGetNearbyHotelList,136660,raw/1518595/responses/0006_9a431dd78faa.json
1518595,7,POST,200,Fetch,https://m.ctrip.com/restapi/soa2/35021/getHotelRoomPopInfoPCOnline,889885,raw/1518595/responses/0007_a399d40fcb64.json
1520077,1,POST,200,Fetch,https://m.ctrip.com/restapi/soa2/10182/GetAvailablePoints?_fxpcqlniredt=09031109115864990735&x-traceID=09031109115864990735-1788165006654-1474246,463,raw/1520077/responses/0001_94651bd56946.json
1520077,2,POST,200,Fetch,https://m.ctrip.com/restapi/soa2/34308/getHotelCommentInfo,67391,raw/1520077/responses/0002_e5cdff472821.json
1520077,3,POST,200,Fetch,https://m.ctrip.com/restapi/soa2/33278/getDetailAdditionalInfo,20240,raw/1520077/responses/0003_9a699f28ead6.json
1520077,4,POST,200,Fetch,https://m.ctrip.com/restapi/soa2/28820/ctgethotelalbum,463228,raw/1520077/responses/0004_65975e8ff220.json
1520077,5,POST,200,Fetch,https://m.ctrip.com/restapi/soa2/28820/ctGetNearbyHotelList,134883,raw/1520077/responses/0005_1e2127aae2e6.json
1520088,1,POST,200,Fetch,https://m.ctrip.com/restapi/soa2/10182/GetAvailablePoints?_fxpcqlniredt=09031109115864990735&x-traceID=09031109115864990735-1788511650248-8564207,463,raw/1520088/responses/0001_b2591235f51f.json
1520088,2,POST,200,Fetch,https://m.ctrip.com/restapi/soa2/34308/getHotelCommentInfo,399,raw/1520088/responses/0002_e5cdff472821.json
1520088,3,POST,200,Fetch,https://m.ctrip.com/restapi/soa2/33278/getDetailAdditionalInfo,20421,raw/1520088/responses/0003_9a699f28ead6.json
1520088,4,POST,200,Fetch,https://m.ctrip.com/restapi/soa2/28820/ctgethotelalbum,237659,raw/1520088/responses/0004_65975e8ff220.json
1520088,5,POST,200,Fetch,https://m.ctrip.com/restapi/soa2/33278/getHotelRoomListInland,408,raw/1520088/responses/0005_126ff2c3c3c2.json
1520088,6,POST,200,Fetch,https://m.ctrip.com/restapi/soa2/28820/ctGetNearbyHotelList,378,raw/1520088/responses/0006_9a431dd78faa.json
1520088,7,POST,200,Fetch,https://m.ctrip.com/restapi/soa2/35021/getHotelRoomPopInfoPCOnline,394,raw/1520088/responses/0007_a399d40fcb64.json
1522040,1,POST,200,Fetch,https://m.ctrip.com/restapi/soa2/10182/GetAvailablePoints?_fxpcqlniredt=09031109115864990735&x-traceID=09031109115864990735-1788237108536-5388166,463,raw/1522040/responses/0001_057c6f63d06e.json
1522040,2,POST,200,Fetch,https://m.ctrip.com/restapi/soa2/34308/getHotelCommentInfo,399,raw/1522040/responses/0002_e5cdff472821.json
1522040,3,POST,200,Fetch,https://m.ctrip.com/restapi/soa2/33278/getDetailAdditionalInfo,20710,raw/1522040/responses/0003_9a699f28ead6.json
1522040,4,POST,200,Fetch,https://m.ctrip.com/restapi/soa2/28820/ctGetNearbyHotelList,378,raw/1522040/responses/0004_b9f75dd5f3db.json
1522040,5,POST,200,Fetch,https://m.ctrip.com/restapi/soa2/33278/getHotelRoomListInland,408,raw/1522040/responses/0005_126ff2c3c3c2.json
1522040,6,POST,200,Fetch,https://m.ctrip.com/restapi/soa2/28820/ctgethotelalbum,234281,raw/1522040/responses/0006_b034201a0549.json
1522040,7,POST,200,Fetch,https://m.ctrip.com/restapi/soa2/35021/getHotelRoomPopInfoPCOnline,394,raw/1522040/responses/0007_a399d40fcb64.json
15224182,1,POST,200,Fetch,https://m.ctrip.com/restapi/soa2/10182/GetAvailablePoints?_fxpcqlniredt=09031109115864990735&x-traceID=09031109115864990735-1788255561994-2831392,463,raw/15224182/responses/0001_13f6d2794cc2.json
1530599,1,POST,200,Fetch,https://m.ctrip.com/restapi/soa2/34308/getHotelCommentInfo,397,raw/1530599/responses/0001_a72c8f9fa60e.json
1530599,2,POST,200,Fetch,https://m.ctrip.com/restapi/soa2/33278/getDetailAdditionalInfo,20274,raw/1530599/responses/0002_0f6525cc02a9.json
1530599,3,POST,200,Fetch,https://m.ctrip.com/restapi/soa2/28820/ctGetNearbyHotelList,378,raw/1530599/responses/0003_6558381281e0.json
1530599,4,POST,200,Fetch,https://m.ctrip.com/restapi/soa2/33278/getHotelRoomListInland,408,raw/1530599/responses/0004_4484b63447e6.json
1530599,5,POST,200,Fetch,https://m.ctrip.com/restapi/soa2/10182/GetAvailablePoints?_fxpcqlniredt=09031109115864990735&x-traceID=09031109115864990735-1788239685552-8244437,462,raw/1530599/responses/0005_294ff69a305f.json
1530599,6,POST,200,Fetch,https://m.ctrip.com/restapi/soa2/35021/getHotelRoomPopInfoPCOnline,392,raw/1530599/responses/0006_e166730164ad.json
1530982,1,POST,200,Fetch,https://m.ctrip.com/restapi/soa2/10182/GetAvailablePoints?_fxpcqlniredt=09031109115864990735&x-traceID=09031109115864990735-1788235657489-7588766,462,raw/1530982/responses/0001_6dba04c4703a.json
1530982,2,POST,200,Fetch,https://m.ctrip.com/restapi/soa2/34308/getHotelCommentInfo,397,raw/1530982/responses/0002_e5cdff472821.json
1530982,3,POST,200,Fetch,https://m.ctrip.com/restapi/soa2/33278/getDetailAdditionalInfo,20621,raw/1530982/responses/0003_9a699f28ead6.json
1530982,4,POST,200,Fetch,https://m.ctrip.com/restapi/soa2/28820/ctGetNearbyHotelList,376,raw/1530982/responses/0004_b9f75dd5f3db.json
1530982,5,POST,200,Fetch,https://m.ctrip.com/restapi/soa2/33278/getHotelRoomListInland,406,raw/1530982/responses/0005_126ff2c3c3c2.json
1530982,6,POST,200,Fetch,https://m.ctrip.com/restapi/soa2/28820/ctgethotelalbum,563334,raw/1530982/responses/0006_b034201a0549.json
1530982,7,POST,200,Fetch,https://m.ctrip.com/restapi/soa2/35021/getHotelRoomPopInfoPCOnline,392,raw/1530982/responses/0007_a399d40fcb64.json
1550341,1,POST,200,Fetch,https://m.ctrip.com/restapi/soa2/10182/GetAvailablePoints?_fxpcqlniredt=09031109115864990735&x-traceID=09031109115864990735-1788241342343-9444482,463,raw/1550341/responses/0001_f9d9f790ba7e.json
15834247,1,POST,200,Fetch,https://m.ctrip.com/restapi/soa2/10182/GetAvailablePoints?_fxpcqlniredt=09031109115864990735&x-traceID=09031109115864990735-1788235869043-6981502,462,raw/15834247/responses/0001_0358b75d7076.json
15834247,2,POST,200,Fetch,https://m.ctrip.com/restapi/soa2/34308/getHotelCommentInfo,397,raw/15834247/responses/0002_e5cdff472821.json
15834247,3,POST,200,Fetch,https://m.ctrip.com/restapi/soa2/33278/getDetailAdditionalInfo,20299,raw/15834247/responses/0003_9a699f28ead6.json
15834247,4,POST,200,Fetch,https://m.ctrip.com/restapi/soa2/33278/getHotelRoomListInland,406,raw/15834247/responses/0004_4484b63447e6.json
15834247,5,POST,200,Fetch,https://m.ctrip.com/restapi/soa2/28820/ctgethotelalbum,237359,raw/15834247/responses/0005_0ef9cbf89082.json
15834247,6,POST,200,Fetch,https://m.ctrip.com/restapi/soa2/28820/ctGetNearbyHotelList,376,raw/15834247/responses/0006_9a431dd78faa.json
15834247,7,POST,200,Fetch,https://m.ctrip.com/restapi/soa2/35021/getHotelRoomPopInfoPCOnline,392,raw/15834247/responses/0007_a399d40fcb64.json
1584632,1,POST,200,Fetch,https://m.ctrip.com/restapi/soa2/33278/getDetailAdditionalInfo,20272,raw/1584632/responses/0001_cfd279648041.json
1584632,2,POST,200,Fetch,https://m.ctrip.com/restapi/soa2/34308/getHotelCommentInfo,68376,raw/1584632/responses/0002_e5cdff472821.json
1584632,3,POST,200,Fetch,https://m.ctrip.com/restapi/soa2/28820/ctgethotelalbum,313317,raw/1584632/responses/0003_b0749e138db6.json
1584632,4,POST,200,Fetch,https://m.ctrip.com/restapi/soa2/10182/GetAvailablePoints?_fxpcqlniredt=09031109115864990735&x-traceID=09031109115864990735-1788165394395-2989604,463,raw/1584632/responses/0004_2d5f3c611809.json
1584632,5,POST,200,Fetch,https://m.ctrip.com/restapi/soa2/33278/getHotelRoomListInland,423229,raw/1584632/responses/0005_126ff2c3c3c2.json
1584632,6,POST,200,Fetch,https://m.ctrip.com/restapi/soa2/28820/ctGetNearbyHotelList,138224,raw/1584632/responses/0006_9a431dd78faa.json
1584632,7,POST,200,Fetch,https://m.ctrip.com/restapi/soa2/35021/getHotelRoomPopInfoPCOnline,382734,raw/1584632/responses/0007_a399d40fcb64.json
1584632,8,POST,200,Fetch,https://m.ctrip.com/restapi/soa2/28820/ctGetHotelPriceCalendar,766,raw/1584632/responses/0008_2230dbdaa030.json
15905792,1,POST,200,Fetch,https://m.ctrip.com/restapi/soa2/10182/GetAvailablePoints?_fxpcqlniredt=09031109115864990735&x-traceID=09031109115864990735-1788240354367-1027893,462,raw/15905792/responses/0001_6c1156b52d0f.json
1619365,1,POST,200,Fetch,https://m.ctrip.com/restapi/soa2/10182/GetAvailablePoints?_fxpcqlniredt=09031109115864990735&x-traceID=09031109115864990735-1788511784422-6474901,463,raw/1619365/responses/0001_d2d3ce645dac.json
1619365,2,POST,200,Fetch,https://m.ctrip.com/restapi/soa2/34308/getHotelCommentInfo,399,raw/1619365/responses/0002_e5cdff472821.json
1619365,3,POST,200,Fetch,https://m.ctrip.com/restapi/soa2/33278/getDetailAdditionalInfo,20416,raw/1619365/responses/0003_9a699f28ead6.json
1619365,4,POST,200,Fetch,https://m.ctrip.com/restapi/soa2/33278/getHotelRoomListInland,408,raw/1619365/responses/0004_4484b63447e6.json
1619365,5,POST,200,Fetch,https://m.ctrip.com/restapi/soa2/28820/ctgethotelalbum,318953,raw/1619365/responses/0005_0ef9cbf89082.json
1619365,6,POST,200,Fetch,https://m.ctrip.com/restapi/soa2/28820/ctGetNearbyHotelList,378,raw/1619365/responses/0006_9a431dd78faa.json
1619365,7,POST,200,Fetch,https://m.ctrip.com/restapi/soa2/35021/getHotelRoomPopInfoPCOnline,394,raw/1619365/responses/0007_a399d40fcb64.json
1619469,1,POST,200,Fetch,https://m.ctrip.com/restapi/soa2/10182/GetAvailablePoints?_fxpcqlniredt=09031109115864990735&x-traceID=09031109115864990735-1788255069569-6369941,463,raw/1619469/responses/0001_d387efd5cafc.json
1619469,2,POST,200,Fetch,https://m.ctrip.com/restapi/soa2/34308/getHotelCommentInfo,399,raw/1619469/responses/0002_e5cdff472821.json
1619469,3,POST,200,Fetch,https://m.ctrip.com/restapi/soa2/33278/getHotelRoomListInland,408,raw/1619469/responses/0003_20a6b1dba238.json
1619469,4,POST,200,Fetch,https://m.ctrip.com/restapi/soa2/33278/getDetailAdditionalInfo,19910,raw/1619469/responses/0004_c37be698535c.json
1619469,5,POST,200,Fetch,https://m.ctrip.com/restapi/soa2/28820/ctGetNearbyHotelList,378,raw/1619469/responses/0005_1e2127aae2e6.json
1619469,6,POST,200,Fetch,https://m.ctrip.com/restapi/soa2/28820/ctgethotelalbum,456777,raw/1619469/responses/0006_b034201a0549.json
1619469,7,POST,200,Fetch,https://m.ctrip.com/restapi/soa2/35021/getHotelRoomPopInfoPCOnline,394,raw/1619469/responses/0007_a399d40fcb64.json
1684999,1,POST,200,Fetch,https://m.ctrip.com/restapi/soa2/10182/GetAvailablePoints?_fxpcqlniredt=09031109115864990735&x-traceID=09031109115864990735-1788235110585-5408899,463,raw/1684999/responses/0001_74994ee3f5aa.json
1684999,2,POST,200,Fetch,https://m.ctrip.com/restapi/soa2/33278/getDetailAdditionalInfo,20210,raw/1684999/responses/0002_0f6525cc02a9.json
1684999,3,POST,200,Fetch,https://m.ctrip.com/restapi/soa2/28820/ctGetNearbyHotelList,378,raw/1684999/responses/0003_6558381281e0.json
1684999,4,POST,200,Fetch,https://m.ctrip.com/restapi/soa2/34308/getHotelCommentInfo,399,raw/1684999/responses/0004_f4484678b221.json
1684999,5,POST,200,Fetch,https://m.ctrip.com/restapi/soa2/28820/ctgethotelalbum,227129,raw/1684999/responses/0005_0ef9cbf89082.json
1684999,6,POST,200,Fetch,https://m.ctrip.com/restapi/soa2/33278/getHotelRoomListInland,408,raw/1684999/responses/0006_b404bd1188b5.json
1684999,7,POST,200,Fetch,https://m.ctrip.com/restapi/soa2/35021/getHotelRoomPopInfoPCOnline,394,raw/1684999/responses/0007_a399d40fcb64.json
1685812,1,POST,200,Fetch,https://m.ctrip.com/restapi/soa2/10182/GetAvailablePoints?_fxpcqlniredt=09031109115864990735&x-traceID=09031109115864990735-1788241513412-8907925,463,raw/1685812/responses/0001_a64076358c3c.json
1696592,1,POST,200,Fetch,https://m.ctrip.com/restapi/soa2/10182/GetAvailablePoints?_fxpcqlniredt=09031109115864990735&x-traceID=09031109115864990735-1788235511950-6000374,462,raw/1696592/responses/0001_9d46683b8579.json
1696592,2,POST,200,Fetch,https://m.ctrip.com/restapi/soa2/34308/getHotelCommentInfo,397,raw/1696592/responses/0002_e5cdff472821.json
1696592,3,POST,200,Fetch,https://m.ctrip.com/restapi/soa2/28820/ctgethotelalbum,349833,raw/1696592/responses/0003_b0749e138db6.json
1696592,4,POST,200,Fetch,https://m.ctrip.com/restapi/soa2/33278/getHotelRoomListInland,406,raw/1696592/responses/0004_4484b63447e6.json
1696592,5,POST,200,Fetch,https://m.ctrip.com/restapi/soa2/28820/ctGetNearbyHotelList,376,raw/1696592/responses/0005_1e2127aae2e6.json
1696592,6,POST,200,Fetch,https://m.ctrip.com/restapi/soa2/33278/getDetailAdditionalInfo,20165,raw/1696592/responses/0006_937db351796d.json
1696592,7,POST,200,Fetch,https://m.ctrip.com/restapi/soa2/35021/getHotelRoomPopInfoPCOnline,392,raw/1696592/responses/0007_a399d40fcb64.json
1698017,1,POST,200,Fetch,https://m.ctrip.com/restapi/soa2/10182/GetAvailablePoints?_fxpcqlniredt=09031109115864990735&x-traceID=09031109115864990735-1788236776365-8215526,463,raw/1698017/responses/0001_ed7d666043f8.json
1698017,2,POST,200,Fetch,https://m.ctrip.com/restapi/soa2/34308/getHotelCommentInfo,399,raw/1698017/responses/0002_e5cdff472821.json
1698017,3,POST,200,Fetch,https://m.ctrip.com/restapi/soa2/33278/getHotelRoomListInland,408,raw/1698017/responses/0003_20a6b1dba238.json
1698017,4,POST,200,Fetch,https://m.ctrip.com/restapi/soa2/33278/getDetailAdditionalInfo,20329,raw/1698017/responses/0004_c37be698535c.json
1698017,5,POST,200,Fetch,https://m.ctrip.com/restapi/soa2/28820/ctGetNearbyHotelList,378,raw/1698017/responses/0005_1e2127aae2e6.json
1698017,6,POST,200,Fetch,https://m.ctrip.com/restapi/soa2/28820/ctgethotelalbum,490375,raw/1698017/responses/0006_b034201a0549.json
1698017,7,POST,200,Fetch,https://m.ctrip.com/restapi/soa2/35021/getHotelRoomPopInfoPCOnline,394,raw/1698017/responses/0007_a399d40fcb64.json
1702467,1,POST,200,Fetch,https://m.ctrip.com/restapi/soa2/10182/GetAvailablePoints?_fxpcqlniredt=09031109115864990735&x-traceID=09031109115864990735-1788162781803-2243669,463,raw/1702467/responses/0001_96a3a8b12571.json
1702467,2,POST,200,Fetch,https://m.ctrip.com/restapi/soa2/33278/getDetailAdditionalInfo,20444,raw/1702467/responses/0002_0f6525cc02a9.json
1702467,3,POST,200,Fetch,https://m.ctrip.com/restapi/soa2/34308/getHotelCommentInfo,52463,raw/1702467/responses/0003_8a41a2728111.json
1702467,4,POST,200,Fetch,https://m.ctrip.com/restapi/soa2/33278/getHotelRoomListInland,211279,raw/1702467/responses/0004_4484b63447e6.json
1702467,5,POST,200,Fetch,https://m.ctrip.com/restapi/soa2/28820/ctgethotelalbum,488328,raw/1702467/responses/0005_0ef9cbf89082.json
1702467,6,POST,200,Fetch,https://m.ctrip.com/restapi/soa2/28820/ctGetNearbyHotelList,136229,raw/1702467/responses/0006_9a431dd78faa.json
1702467,7,POST,200,Fetch,https://m.ctrip.com/restapi/soa2/35021/getHotelRoomPopInfoPCOnline,240199,raw/1702467/responses/0007_a399d40fcb64.json
1702508,1,POST,200,Fetch,https://m.ctrip.com/restapi/soa2/10182/GetAvailablePoints?_fxpcqlniredt=09031109115864990735&x-traceID=09031109115864990735-1788241707851-1335022,463,raw/1702508/responses/0001_ab54e87b224a.json
1706936,1,POST,200,Fetch,https://m.ctrip.com/restapi/soa2/10182/GetAvailablePoints?_fxpcqlniredt=09031109115864990735&x-traceID=09031109115864990735-1788165907974-1811536,463,raw/1706936/responses/0001_ef4e378459a9.json
1706936,2,POST,200,Fetch,https://m.ctrip.com/restapi/soa2/33278/getDetailAdditionalInfo,20674,raw/1706936/responses/0002_0f6525cc02a9.json
1706936,3,POST,200,Fetch,https://m.ctrip.com/restapi/soa2/34308/getHotelCommentInfo,51545,raw/1706936/responses/0003_8a41a2728111.json
1706936,4,POST,200,Fetch,https://m.ctrip.com/restapi/soa2/28820/ctgethotelalbum,277154,raw/1706936/responses/0004_65975e8ff220.json
1706936,5,POST,200,Fetch,https://m.ctrip.com/restapi/soa2/33278/getHotelRoomListInland,757141,raw/1706936/responses/0005_126ff2c3c3c2.json
1706936,6,POST,200,Fetch,https://m.ctrip.com/restapi/soa2/28820/ctGetNearbyHotelList,133025,raw/1706936/responses/0006_9a431dd78faa.json
1708378,1,POST,200,Fetch,https://m.ctrip.com/restapi/soa2/10182/GetAvailablePoints?_fxpcqlniredt=09031109115864990735&x-traceID=09031109115864990735-1788235195025-1263877,463,raw/1708378/responses/0001_1edb3ea09725.json
1708378,2,POST,200,Fetch,https://m.ctrip.com/restapi/soa2/34308/getHotelCommentInfo,399,raw/1708378/responses/0002_e5cdff472821.json
1708378,3,POST,200,Fetch,https://m.ctrip.com/restapi/soa2/33278/getHotelRoomListInland,408,raw/1708378/responses/0003_20a6b1dba238.json
1708378,4,POST,200,Fetch,https://m.ctrip.com/restapi/soa2/28820/ctGetNearbyHotelList,378,raw/1708378/responses/0004_b9f75dd5f3db.json
1708378,5,POST,200,Fetch,https://m.ctrip.com/restapi/soa2/33278/getDetailAdditionalInfo,20744,raw/1708378/responses/0005_1139d80bc75b.json
1708378,6,POST,200,Fetch,https://m.ctrip.com/restapi/soa2/28820/ctgethotelalbum,381504,raw/1708378/responses/0006_b034201a0549.json
1708378,7,POST,200,Fetch,https://m.ctrip.com/restapi/soa2/35021/getHotelRoomPopInfoPCOnline,394,raw/1708378/responses/0007_a399d40fcb64.json
1708428,1,POST,200,Fetch,https://m.ctrip.com/restapi/soa2/34308/getHotelCommentInfo,399,raw/1708428/responses/0001_a72c8f9fa60e.json
1708428,2,POST,200,Fetch,https://m.ctrip.com/restapi/soa2/28820/ctgethotelalbum,67525,raw/1708428/responses/0002_053ef16233d1.json
1708428,3,POST,200,Fetch,https://m.ctrip.com/restapi/soa2/33278/getHotelRoomListInland,408,raw/1708428/responses/0003_20a6b1dba238.json
1708428,4,POST,200,Fetch,https://m.ctrip.com/restapi/soa2/28820/ctGetNearbyHotelList,378,raw/1708428/responses/0004_b9f75dd5f3db.json
1708428,5,POST,200,Fetch,https://m.ctrip.com/restapi/soa2/33278/getDetailAdditionalInfo,20054,raw/1708428/responses/0005_1139d80bc75b.json
1708428,6,POST,200,Fetch,https://m.ctrip.com/restapi/soa2/10182/GetAvailablePoints?_fxpcqlniredt=09031109115864990735&x-traceID=09031109115864990735-1788511502042-678124,463,raw/1708428/responses/0006_3b8ac799d8bd.json
1708428,7,POST,200,Fetch,https://m.ctrip.com/restapi/soa2/35021/getHotelRoomPopInfoPCOnline,394,raw/1708428/responses/0007_a399d40fcb64.json
1708490,1,POST,200,Fetch,https://m.ctrip.com/restapi/soa2/34308/getHotelCommentInfo,399,raw/1708490/responses/0001_a72c8f9fa60e.json
1708490,2,POST,200,Fetch,https://m.ctrip.com/restapi/soa2/33278/getDetailAdditionalInfo,21014,raw/1708490/responses/0002_0f6525cc02a9.json
1708490,3,POST,200,Fetch,https://m.ctrip.com/restapi/soa2/28820/ctGetNearbyHotelList,378,raw/1708490/responses/0003_6558381281e0.json
1708490,4,POST,200,Fetch,https://m.ctrip.com/restapi/soa2/28820/ctgethotelalbum,371576,raw/1708490/responses/0004_65975e8ff220.json
1708490,5,POST,200,Fetch,https://m.ctrip.com/restapi/soa2/10182/GetAvailablePoints?_fxpcqlniredt=09031109115864990735&x-traceID=09031109115864990735-1788255150395-6337250,462,raw/1708490/responses/0005_86a504e49437.json
1708490,6,POST,200,Fetch,https://m.ctrip.com/restapi/soa2/33278/getHotelRoomListInland,408,raw/1708490/responses/0006_b404bd1188b5.json
1708490,7,POST,200,Fetch,https://m.ctrip.com/restapi/soa2/35021/getHotelRoomPopInfoPCOnline,394,raw/1708490/responses/0007_a399d40fcb64.json
1708512,1,POST,200,Fetch,https://m.ctrip.com/restapi/soa2/10182/GetAvailablePoints?_fxpcqlniredt=09031109115864990735&x-traceID=09031109115864990735-1788512931083-2197213,462,raw/1708512/responses/0001_28d78a20204d.json
1708512,2,POST,200,Fetch,https://m.ctrip.com/restapi/soa2/34308/getHotelCommentInfo,397,raw/1708512/responses/0002_e5cdff472821.json
1708512,3,POST,200,Fetch,https://m.ctrip.com/restapi/soa2/33278/getDetailAdditionalInfo,19899,raw/1708512/responses/0003_9a699f28ead6.json
1708512,4,POST,200,Fetch,https://m.ctrip.com/restapi/soa2/28820/ctgethotelalbum,356497,raw/1708512/responses/0004_65975e8ff220.json
1708512,5,POST,200,Fetch,https://m.ctrip.com/restapi/soa2/33278/getHotelRoomListInland,406,raw/1708512/responses/0005_126ff2c3c3c2.json
1708512,6,POST,200,Fetch,https://m.ctrip.com/restapi/soa2/28820/ctGetNearbyHotelList,376,raw/1708512/responses/0006_9a431dd78faa.json
1708512,7,POST,200,Fetch,https://m.ctrip.com/restapi/soa2/35021/getHotelRoomPopInfoPCOnline,392,raw/1708512/responses/0007_a399d40fcb64.json
1709504,1,POST,200,Fetch,https://m.ctrip.com/restapi/soa2/10182/GetAvailablePoints?_fxpcqlniredt=09031109115864990735&x-traceID=09031109115864990735-1788241130105-8498287,463,raw/1709504/responses/0001_3b3a67408c46.json
1709504,2,POST,200,Fetch,https://m.ctrip.com/restapi/soa2/34308/getHotelCommentInfo,399,raw/1709504/responses/0002_e5cdff472821.json
1709504,3,POST,200,Fetch,https://m.ctrip.com/restapi/soa2/33278/getDetailAdditionalInfo,19969,raw/1709504/responses/0003_9a699f28ead6.json
1709504,4,POST,200,Fetch,https://m.ctrip.com/restapi/soa2/33278/getHotelRoomListInland,408,raw/1709504/responses/0004_4484b63447e6.json
1709504,5,POST,200,Fetch,https://m.ctrip.com/restapi/soa2/28820/ctGetNearbyHotelList,378,raw/1709504/responses/0005_1e2127aae2e6.json
1709504,6,POST,200,Fetch,https://m.ctrip.com/restapi/soa2/28820/ctgethotelalbum,187770,raw/1709504/responses/0006_b034201a0549.json
1709504,7,POST,200,Fetch,https://m.ctrip.com/restapi/soa2/35021/getHotelRoomPopInfoPCOnline,394,raw/1709504/responses/0007_a399d40fcb64.json
1709504,8,POST,200,Fetch,https://m.ctrip.com/restapi/soa2/10182/GetAvailablePoints?_fxpcqlniredt=09031109115864990735&x-traceID=09031109115864990735-1788241157476-4455440,462,raw/1709504/responses/0008_b9d980d01aa5.json
1709504,9,POST,200,Fetch,https://m.ctrip.com/restapi/soa2/33278/getDetailAdditionalInfo,19969,raw/1709504/responses/0009_e01901ce0bf5.json
1709504,10,POST,200,Fetch,https://m.ctrip.com/restapi/soa2/34308/getHotelCommentInfo,399,raw/1709504/responses/0010_f587f57099fa.json
1709504,11,POST,200,Fetch,https://m.ctrip.com/restapi/soa2/28820/ctGetNearbyHotelList,378,raw/1709504/responses/0011_aed4d9d67490.json
1709504,12,POST,200,Fetch,https://m.ctrip.com/restapi/soa2/33278/getHotelRoomListInland,408,raw/1709504/responses/0012_24238c000e9a.json
1709504,13,POST,200,Fetch,https://m.ctrip.com/restapi/soa2/28820/ctgethotelalbum,187770,raw/1709504/responses/0013_f7cafc9fc40d.json
1709504,14,POST,200,Fetch,https://m.ctrip.com/restapi/soa2/35021/getHotelRoomPopInfoPCOnline,394,raw/1709504/responses/0014_d5f03d47e89d.json
1712519,1,POST,200,Fetch,https://m.ctrip.com/restapi/soa2/10182/GetAvailablePoints?_fxpcqlniredt=09031109115864990735&x-traceID=09031109115864990735-1788238207863-8843233,462,raw/1712519/responses/0001_551b3a75326b.json
1712519,2,POST,200,Fetch,https://m.ctrip.com/restapi/soa2/28820/ctgethotelalbum,223848,raw/1712519/responses/0002_053ef16233d1.json
1712519,3,POST,200,Fetch,https://m.ctrip.com/restapi/soa2/34308/getHotelCommentInfo,399,raw/1712519/responses/0003_8a41a2728111.json
1712519,4,POST,200,Fetch,https://m.ctrip.com/restapi/soa2/33278/getDetailAdditionalInfo,20422,raw/1712519/responses/0004_c37be698535c.json
1712519,5,POST,200,Fetch,https://m.ctrip.com/restapi/soa2/28820/ctGetNearbyHotelList,378,raw/1712519/responses/0005_1e2127aae2e6.json
1712519,6,POST,200,Fetch,https://m.ctrip.com/restapi/soa2/33278/getHotelRoomListInland,408,raw/1712519/responses/0006_b404bd1188b5.json
1712519,7,POST,200,Fetch,https://m.ctrip.com/restapi/soa2/35021/getHotelRoomPopInfoPCOnline,394,raw/1712519/responses/0007_a399d40fcb64.json
1713796,1,POST,200,Fetch,https://m.ctrip.com/restapi/soa2/10182/GetAvailablePoints?_fxpcqlniredt=09031109115864990735&x-traceID=09031109115864990735-1788512010232-294619,463,raw/1713796/responses/0001_45592df82b09.json
1713796,2,POST,200,Fetch,https://m.ctrip.com/restapi/soa2/34308/getHotelCommentInfo,399,raw/1713796/responses/0002_e5cdff472821.json
1713796,3,POST,200,Fetch,https://m.ctrip.com/restapi/soa2/33278/getDetailAdditionalInfo,21077,raw/1713796/responses/0003_9a699f28ead6.json
1713796,4,POST,200,Fetch,https://m.ctrip.com/restapi/soa2/28820/ctGetNearbyHotelList,378,raw/1713796/responses/0004_b9f75dd5f3db.json
1713796,5,POST,200,Fetch,https://m.ctrip.com/restapi/soa2/28820/ctgethotelalbum,190958,raw/1713796/responses/0005_0ef9cbf89082.json
1713796,6,POST,200,Fetch,https://m.ctrip.com/restapi/soa2/33278/getHotelRoomListInland,408,raw/1713796/responses/0006_b404bd1188b5.json
1713796,7,POST,200,Fetch,https://m.ctrip.com/restapi/soa2/35021/getHotelRoomPopInfoPCOnline,394,raw/1713796/responses/0007_a399d40fcb64.json
1717909,1,POST,200,Fetch,https://m.ctrip.com/restapi/soa2/10182/GetAvailablePoints?_fxpcqlniredt=09031109115864990735&x-traceID=09031109115864990735-1788240153898-7179668,463,raw/1717909/responses/0001_7fbbe6984b19.json
17284407,1,POST,200,Fetch,https://m.ctrip.com/restapi/soa2/34308/getHotelCommentInfo,397,raw/17284407/responses/0001_a72c8f9fa60e.json
17284407,2,POST,200,Fetch,https://m.ctrip.com/restapi/soa2/33278/getHotelRoomListInland,406,raw/17284407/responses/0002_e41e460f95a3.json
17284407,3,POST,200,Fetch,https://m.ctrip.com/restapi/soa2/33278/getDetailAdditionalInfo,20543,raw/17284407/responses/0003_9a699f28ead6.json
17284407,4,POST,200,Fetch,https://m.ctrip.com/restapi/soa2/28820/ctGetNearbyHotelList,376,raw/17284407/responses/0004_b9f75dd5f3db.json
17284407,5,POST,200,Fetch,https://m.ctrip.com/restapi/soa2/28820/ctgethotelalbum,268899,raw/17284407/responses/0005_0ef9cbf89082.json
17284407,6,POST,200,Fetch,https://m.ctrip.com/restapi/soa2/10182/GetAvailablePoints?_fxpcqlniredt=09031109115864990735&x-traceID=09031109115864990735-1788235291695-4269501,462,raw/17284407/responses/0006_6eeec6ffa4e3.json
17284407,7,POST,200,Fetch,https://m.ctrip.com/restapi/soa2/35021/getHotelRoomPopInfoPCOnline,392,raw/17284407/responses/0007_a399d40fcb64.json
1734150,1,POST,200,Fetch,https://m.ctrip.com/restapi/soa2/28820/ctgethotelalbum,274594,raw/1734150/responses/0001_332938ae7e3f.json
1734150,2,POST,200,Fetch,https://m.ctrip.com/restapi/soa2/33278/getDetailAdditionalInfo,21171,raw/1734150/responses/0002_0f6525cc02a9.json
1734150,3,POST,200,Fetch,https://m.ctrip.com/restapi/soa2/33278/getHotelRoomListInland,408,raw/1734150/responses/0003_20a6b1dba238.json
1734150,4,POST,200,Fetch,https://m.ctrip.com/restapi/soa2/28820/ctGetNearbyHotelList,378,raw/1734150/responses/0004_b9f75dd5f3db.json
1734150,5,POST,200,Fetch,https://m.ctrip.com/restapi/soa2/34308/getHotelCommentInfo,399,raw/1734150/responses/0005_741564f8da4e.json
1734150,6,POST,200,Fetch,https://m.ctrip.com/restapi/soa2/35021/getHotelRoomPopInfoPCOnline,394,raw/1734150/responses/0006_e166730164ad.json
1734913,1,POST,200,Fetch,https://m.ctrip.com/restapi/soa2/10182/GetAvailablePoints?_fxpcqlniredt=09031109115864990735&x-traceID=09031109115864990735-1788166573379-6106611,463,raw/1734913/responses/0001_55d1cb61f4e5.json
1735479,1,POST,200,Fetch,https://m.ctrip.com/restapi/soa2/10182/GetAvailablePoints?_fxpcqlniredt=09031109115864990735&x-traceID=09031109115864990735-1788165976589-8071802,463,raw/1735479/responses/0001_c6803272fe9b.json
1735479,2,POST,200,Fetch,https://m.ctrip.com/restapi/soa2/34308/getHotelCommentInfo,42375,raw/1735479/responses/0002_e5cdff472821.json
1735479,3,POST,200,Fetch,https://m.ctrip.com/restapi/soa2/33278/getDetailAdditionalInfo,20344,raw/1735479/responses/0003_9a699f28ead6.json
1735479,4,POST,200,Fetch,https://m.ctrip.com/restapi/soa2/28820/ctgethotelalbum,211808,raw/1735479/responses/0004_65975e8ff220.json
1735479,5,POST,200,Fetch,https://m.ctrip.com/restapi/soa2/33278/getHotelRoomListInland,102113,raw/1735479/responses/0005_126ff2c3c3c2.json
1735479,6,POST,200,Fetch,https://m.ctrip.com/restapi/soa2/28820/ctGetNearbyHotelList,114733,raw/1735479/responses/0006_9a431dd78faa.json
1735479,7,POST,200,Fetch,https://m.ctrip.com/restapi/soa2/35021/getHotelRoomPopInfoPCOnline,99714,raw/1735479/responses/0007_a399d40fcb64.json
1735732,1,POST,200,Fetch,https://m.ctrip.com/restapi/soa2/10182/GetAvailablePoints?_fxpcqlniredt=09031109115864990735&x-traceID=09031109115864990735-1788238037925-7992460,462,raw/1735732/responses/0001_597c9dbe9830.json
1735732,2,POST,200,Fetch,https://m.ctrip.com/restapi/soa2/33278/getHotelRoomListInland,408,raw/1735732/responses/0002_e41e460f95a3.json
1735732,3,POST,200,Fetch,https://m.ctrip.com/restapi/soa2/28820/ctGetNearbyHotelList,378,raw/1735732/responses/0003_6558381281e0.json
1735732,4,POST,200,Fetch,https://m.ctrip.com/restapi/soa2/33278/getDetailAdditionalInfo,19840,raw/1735732/responses/0004_c37be698535c.json
1735732,5,POST,200,Fetch,https://m.ctrip.com/restapi/soa2/34308/getHotelCommentInfo,399,raw/1735732/responses/0005_741564f8da4e.json
1735732,6,POST,200,Fetch,https://m.ctrip.com/restapi/soa2/28820/ctgethotelalbum,225974,raw/1735732/responses/0006_b034201a0549.json
1735732,7,POST,200,Fetch,https://m.ctrip.com/restapi/soa2/35021/getHotelRoomPopInfoPCOnline,394,raw/1735732/responses/0007_a399d40fcb64.json
1740329,1,POST,200,Fetch,https://m.ctrip.com/restapi/soa2/10182/GetAvailablePoints?_fxpcqlniredt=09031109115864990735&x-traceID=09031109115864990735-1788242087334-5555722,463,raw/1740329/responses/0001_bc67e1f67b39.json
1761540,1,POST,200,Fetch,https://m.ctrip.com/restapi/soa2/10182/GetAvailablePoints?_fxpcqlniredt=09031109115864990735&x-traceID=09031109115864990735-1788239511374-1124955,461,raw/1761540/responses/0001_8f8e8dfc87b7.json
1761540,2,POST,200,Fetch,https://m.ctrip.com/restapi/soa2/34308/getHotelCommentInfo,397,raw/1761540/responses/0002_e5cdff472821.json
1761540,3,POST,200,Fetch,https://m.ctrip.com/restapi/soa2/33278/getDetailAdditionalInfo,20262,raw/1761540/responses/0003_9a699f28ead6.json
1761540,4,POST,200,Fetch,https://m.ctrip.com/restapi/soa2/28820/ctGetNearbyHotelList,376,raw/1761540/responses/0004_b9f75dd5f3db.json
1761540,5,POST,200,Fetch,https://m.ctrip.com/restapi/soa2/33278/getHotelRoomListInland,406,raw/1761540/responses/0005_126ff2c3c3c2.json
1761540,6,POST,200,Fetch,https://m.ctrip.com/restapi/soa2/28820/ctgethotelalbum,319010,raw/1761540/responses/0006_b034201a0549.json
1761540,7,POST,200,Fetch,https://m.ctrip.com/restapi/soa2/35021/getHotelRoomPopInfoPCOnline,392,raw/1761540/responses/0007_a399d40fcb64.json
1827628,1,POST,200,Fetch,https://m.ctrip.com/restapi/soa2/10182/GetAvailablePoints?_fxpcqlniredt=09031109115864990735&x-traceID=09031109115864990735-1788238674177-6215467,461,raw/1827628/responses/0001_6d64407367f1.json
1827628,2,POST,200,Fetch,https://m.ctrip.com/restapi/soa2/33278/getDetailAdditionalInfo,21130,raw/1827628/responses/0002_0f6525cc02a9.json
1827628,3,POST,200,Fetch,https://m.ctrip.com/restapi/soa2/28820/ctGetNearbyHotelList,378,raw/1827628/responses/0003_6558381281e0.json
1827628,4,POST,200,Fetch,https://m.ctrip.com/restapi/soa2/28820/ctgethotelalbum,264350,raw/1827628/responses/0004_65975e8ff220.json
1827628,5,POST,200,Fetch,https://m.ctrip.com/restapi/soa2/34308/getHotelCommentInfo,399,raw/1827628/responses/0005_741564f8da4e.json
1827628,6,POST,200,Fetch,https://m.ctrip.com/restapi/soa2/33278/getHotelRoomListInland,408,raw/1827628/responses/0006_b404bd1188b5.json
1827628,7,POST,200,Fetch,https://m.ctrip.com/restapi/soa2/35021/getHotelRoomPopInfoPCOnline,394,raw/1827628/responses/0007_a399d40fcb64.json
1883320,1,POST,200,Fetch,https://m.ctrip.com/restapi/soa2/10182/GetAvailablePoints?_fxpcqlniredt=09031109115864990735&x-traceID=09031109115864990735-1788240688065-2155704,463,raw/1883320/responses/0001_d99861b5fcef.json
1965577,1,POST,200,Fetch,https://m.ctrip.com/restapi/soa2/10182/GetAvailablePoints?_fxpcqlniredt=09031109115864990735&x-traceID=09031109115864990735-1788166852943-9526260,461,raw/1965577/responses/0001_a6b98074481e.json
1972526,1,POST,200,Fetch,https://m.ctrip.com/restapi/soa2/10182/GetAvailablePoints?_fxpcqlniredt=09031109115864990735&x-traceID=09031109115864990735-1788240410090-2234115,463,raw/1972526/responses/0001_99b04df92cf8.json
19829156,1,POST,200,Fetch,https://m.ctrip.com/restapi/soa2/10182/GetAvailablePoints?_fxpcqlniredt=09031109115864990735&x-traceID=09031109115864990735-1788237400086-7892299,463,raw/19829156/responses/0001_b9bbe3b599a5.json
19829156,2,POST,200,Fetch,https://m.ctrip.com/restapi/soa2/33278/getHotelRoomListInland,408,raw/19829156/responses/0002_e41e460f95a3.json
19829156,3,POST,200,Fetch,https://m.ctrip.com/restapi/soa2/33278/getDetailAdditionalInfo,20787,raw/19829156/responses/0003_9a699f28ead6.json
19829156,4,POST,200,Fetch,https://m.ctrip.com/restapi/soa2/28820/ctGetNearbyHotelList,378,raw/19829156/responses/0004_b9f75dd5f3db.json
19829156,5,POST,200,Fetch,https://m.ctrip.com/restapi/soa2/34308/getHotelCommentInfo,399,raw/19829156/responses/0005_741564f8da4e.json
19829156,6,POST,200,Fetch,https://m.ctrip.com/restapi/soa2/28820/ctgethotelalbum,229645,raw/19829156/responses/0006_b034201a0549.json
19829156,7,POST,200,Fetch,https://m.ctrip.com/restapi/soa2/35021/getHotelRoomPopInfoPCOnline,394,raw/19829156/responses/0007_a399d40fcb64.json
1986577,1,POST,200,Fetch,https://m.ctrip.com/restapi/soa2/10182/GetAvailablePoints?_fxpcqlniredt=09031109115864990735&x-traceID=09031109115864990735-1788164147793-7921473,463,raw/1986577/responses/0001_de3e2ea3bbf5.json
1986577,2,POST,200,Fetch,https://m.ctrip.com/restapi/soa2/34308/getHotelCommentInfo,54192,raw/1986577/responses/0002_e5cdff472821.json
1986577,3,POST,200,Fetch,https://m.ctrip.com/restapi/soa2/33278/getDetailAdditionalInfo,20635,raw/1986577/responses/0003_9a699f28ead6.json
1986577,4,POST,200,Fetch,https://m.ctrip.com/restapi/soa2/28820/ctgethotelalbum,273320,raw/1986577/responses/0004_65975e8ff220.json
1986577,5,POST,200,Fetch,https://m.ctrip.com/restapi/soa2/28820/ctGetNearbyHotelList,134504,raw/1986577/responses/0005_1e2127aae2e6.json
1986577,6,POST,200,Fetch,https://m.ctrip.com/restapi/soa2/33278/getHotelRoomListInland,2218791,raw/1986577/responses/0006_b404bd1188b5.json
2104614,1,POST,200,Fetch,https://m.ctrip.com/restapi/soa2/10182/GetAvailablePoints?_fxpcqlniredt=09031109115864990735&x-traceID=09031109115864990735-1788238749791-3044510,463,raw/2104614/responses/0001_ec70ee651472.json
21330578,1,POST,200,Fetch,https://m.ctrip.com/restapi/soa2/10182/GetAvailablePoints?_fxpcqlniredt=09031109115864990735&x-traceID=09031109115864990735-1788510800649-3678458,463,raw/21330578/responses/0001_d06635ccb265.json
21330578,2,POST,200,Fetch,https://m.ctrip.com/restapi/soa2/34308/getHotelCommentInfo,399,raw/21330578/responses/0002_e5cdff472821.json
21330578,3,POST,200,Fetch,https://m.ctrip.com/restapi/soa2/33278/getDetailAdditionalInfo,20306,raw/21330578/responses/0003_9a699f28ead6.json
21330578,4,POST,200,Fetch,https://m.ctrip.com/restapi/soa2/33278/getHotelRoomListInland,408,raw/21330578/responses/0004_4484b63447e6.json
21330578,5,POST,200,Fetch,https://m.ctrip.com/restapi/soa2/28820/ctGetNearbyHotelList,378,raw/21330578/responses/0005_1e2127aae2e6.json
21330578,6,POST,200,Fetch,https://m.ctrip.com/restapi/soa2/28820/ctgethotelalbum,186710,raw/21330578/responses/0006_b034201a0549.json
21330578,7,POST,200,Fetch,https://m.ctrip.com/restapi/soa2/35021/getHotelRoomPopInfoPCOnline,394,raw/21330578/responses/0007_a399d40fcb64.json
21683727,1,POST,200,Fetch,https://m.ctrip.com/restapi/soa2/10182/GetAvailablePoints?_fxpcqlniredt=09031109115864990735&x-traceID=09031109115864990735-1788511635190-7127252,463,raw/21683727/responses/0001_1069ba8198ea.json
21683727,2,POST,200,Fetch,https://m.ctrip.com/restapi/soa2/34308/getHotelCommentInfo,399,raw/21683727/responses/0002_e5cdff472821.json
21683727,3,POST,200,Fetch,https://m.ctrip.com/restapi/soa2/33278/getDetailAdditionalInfo,20802,raw/21683727/responses/0003_9a699f28ead6.json
21683727,4,POST,200,Fetch,https://m.ctrip.com/restapi/soa2/28820/ctgethotelalbum,242311,raw/21683727/responses/0004_65975e8ff220.json
21683727,5,POST,200,Fetch,https://m.ctrip.com/restapi/soa2/33278/getHotelRoomListInland,408,raw/21683727/responses/0005_126ff2c3c3c2.json
21683727,6,POST,200,Fetch,https://m.ctrip.com/restapi/soa2/28820/ctGetNearbyHotelList,378,raw/21683727/responses/0006_9a431dd78faa.json
21683727,7,POST,200,Fetch,https://m.ctrip.com/restapi/soa2/35021/getHotelRoomPopInfoPCOnline,394,raw/21683727/responses/0007_a399d40fcb64.json
2171593,1,POST,200,Fetch,https://m.ctrip.com/restapi/soa2/10182/GetAvailablePoints?_fxpcqlniredt=09031109115864990735&x-traceID=09031109115864990735-1788163787399-596229,462,raw/2171593/responses/0001_139a33153859.json
2171593,2,POST,200,Fetch,https://m.ctrip.com/restapi/soa2/33278/getDetailAdditionalInfo,20001,raw/2171593/responses/0002_0f6525cc02a9.json
2171593,3,POST,200,Fetch,https://m.ctrip.com/restapi/soa2/34308/getHotelCommentInfo,73008,raw/2171593/responses/0003_8a41a2728111.json
2171593,4,POST,200,Fetch,https://m.ctrip.com/restapi/soa2/28820/ctgethotelalbum,486005,raw/2171593/responses/0004_65975e8ff220.json
2171593,5,POST,200,Fetch,https://m.ctrip.com/restapi/soa2/28820/ctGetNearbyHotelList,140688,raw/2171593/responses/0005_1e2127aae2e6.json
2171593,6,POST,200,Fetch,https://m.ctrip.com/restapi/soa2/33278/getHotelRoomListInland,2642602,raw/2171593/responses/0006_b404bd1188b5.json
21806177,1,POST,200,Fetch,https://m.ctrip.com/restapi/soa2/10182/GetAvailablePoints?_fxpcqlniredt=09031109115864990735&x-traceID=09031109115864990735-1788236142972-9594177,463,raw/21806177/responses/0001_df26f26759f6.json
21806177,2,POST,200,Fetch,https://m.ctrip.com/restapi/soa2/33278/getDetailAdditionalInfo,20595,raw/21806177/responses/0002_0f6525cc02a9.json
21806177,3,POST,200,Fetch,https://m.ctrip.com/restapi/soa2/34308/getHotelCommentInfo,399,raw/21806177/responses/0003_8a41a2728111.json
21806177,4,POST,200,Fetch,https://m.ctrip.com/restapi/soa2/28820/ctgethotelalbum,251482,raw/21806177/responses/0004_65975e8ff220.json
21806177,5,POST,200,Fetch,https://m.ctrip.com/restapi/soa2/33278/getHotelRoomListInland,408,raw/21806177/responses/0005_126ff2c3c3c2.json
21806177,6,POST,200,Fetch,https://m.ctrip.com/restapi/soa2/28820/ctGetNearbyHotelList,378,raw/21806177/responses/0006_9a431dd78faa.json
21806177,7,POST,200,Fetch,https://m.ctrip.com/restapi/soa2/35021/getHotelRoomPopInfoPCOnline,394,raw/21806177/responses/0007_a399d40fcb64.json
2197002,1,POST,200,Fetch,https://m.ctrip.com/restapi/soa2/10182/GetAvailablePoints?_fxpcqlniredt=09031109115864990735&x-traceID=09031109115864990735-1788257007763-9626432,462,raw/2197002/responses/0001_b9006916e4ac.json
2197002,2,POST,200,Fetch,https://m.ctrip.com/restapi/soa2/34308/getHotelCommentInfo,397,raw/2197002/responses/0002_e5cdff472821.json
2197002,3,POST,200,Fetch,https://m.ctrip.com/restapi/soa2/33278/getDetailAdditionalInfo,20549,raw/2197002/responses/0003_9a699f28ead6.json
2197002,4,POST,200,Fetch,https://m.ctrip.com/restapi/soa2/33278/getHotelRoomListInland,406,raw/2197002/responses/0004_4484b63447e6.json
2197002,5,POST,200,Fetch,https://m.ctrip.com/restapi/soa2/28820/ctGetNearbyHotelList,376,raw/2197002/responses/0005_1e2127aae2e6.json
2197002,6,POST,200,Fetch,https://m.ctrip.com/restapi/soa2/28820/ctgethotelalbum,189059,raw/2197002/responses/0006_b034201a0549.json
2197002,7,POST,200,Fetch,https://m.ctrip.com/restapi/soa2/35021/getHotelRoomPopInfoPCOnline,392,raw/2197002/responses/0007_a399d40fcb64.json
2199041,1,POST,200,Fetch,https://m.ctrip.com/restapi/soa2/10182/GetAvailablePoints?_fxpcqlniredt=09031109115864990735&x-traceID=09031109115864990735-1788256584701-9071798,463,raw/2199041/responses/0001_883d998a7ac5.json
2199041,2,POST,200,Fetch,https://m.ctrip.com/restapi/soa2/33278/getDetailAdditionalInfo,17176,raw/2199041/responses/0002_0f6525cc02a9.json
2199041,3,POST,200,Fetch,https://m.ctrip.com/restapi/soa2/34308/getHotelCommentInfo,399,raw/2199041/responses/0003_8a41a2728111.json
2199041,4,POST,200,Fetch,https://m.ctrip.com/restapi/soa2/28820/ctgethotelalbum,228226,raw/2199041/responses/0004_65975e8ff220.json
2199041,5,POST,200,Fetch,https://m.ctrip.com/restapi/soa2/33278/getHotelRoomListInland,408,raw/2199041/responses/0005_126ff2c3c3c2.json
2199041,6,POST,200,Fetch,https://m.ctrip.com/restapi/soa2/28820/ctGetNearbyHotelList,378,raw/2199041/responses/0006_9a431dd78faa.json
2199041,7,POST,200,Fetch,https://m.ctrip.com/restapi/soa2/35021/getHotelRoomPopInfoPCOnline,394,raw/2199041/responses/0007_a399d40fcb64.json
2199501,1,POST,200,Fetch,https://m.ctrip.com/restapi/soa2/10182/GetAvailablePoints?_fxpcqlniredt=09031109115864990735&x-traceID=09031109115864990735-1788256445750-4438189,463,raw/2199501/responses/0001_d68fcca15733.json
2199501,2,POST,200,Fetch,https://m.ctrip.com/restapi/soa2/34308/getHotelCommentInfo,399,raw/2199501/responses/0002_e5cdff472821.json
2199501,3,POST,200,Fetch,https://m.ctrip.com/restapi/soa2/33278/getDetailAdditionalInfo,19986,raw/2199501/responses/0003_9a699f28ead6.json
2199501,4,POST,200,Fetch,https://m.ctrip.com/restapi/soa2/33278/getHotelRoomListInland,408,raw/2199501/responses/0004_4484b63447e6.json
2199501,5,POST,200,Fetch,https://m.ctrip.com/restapi/soa2/28820/ctGetNearbyHotelList,378,raw/2199501/responses/0005_1e2127aae2e6.json
2199501,6,POST,200,Fetch,https://m.ctrip.com/restapi/soa2/28820/ctgethotelalbum,250995,raw/2199501/responses/0006_b034201a0549.json
2199501,7,POST,200,Fetch,https://m.ctrip.com/restapi/soa2/35021/getHotelRoomPopInfoPCOnline,394,raw/2199501/responses/0007_a399d40fcb64.json
2207122,1,POST,200,Fetch,https://m.ctrip.com/restapi/soa2/10182/GetAvailablePoints?_fxpcqlniredt=09031109115864990735&x-traceID=09031109115864990735-1788165419972-6281257,463,raw/2207122/responses/0001_eb87919cb119.json
2207122,2,POST,200,Fetch,https://m.ctrip.com/restapi/soa2/34308/getHotelCommentInfo,64257,raw/2207122/responses/0002_e5cdff472821.json
2207122,3,POST,200,Fetch,https://m.ctrip.com/restapi/soa2/33278/getDetailAdditionalInfo,20355,raw/2207122/responses/0003_9a699f28ead6.json
2207122,4,POST,200,Fetch,https://m.ctrip.com/restapi/soa2/28820/ctgethotelalbum,375028,raw/2207122/responses/0004_65975e8ff220.json
2207122,5,POST,200,Fetch,https://m.ctrip.com/restapi/soa2/28820/ctGetNearbyHotelList,131343,raw/2207122/responses/0005_1e2127aae2e6.json
22119734,1,POST,200,Fetch,https://m.ctrip.com/restapi/soa2/10182/GetAvailablePoints?_fxpcqlniredt=09031109115864990735&x-traceID=09031109115864990735-1788166275434-4906706,463,raw/22119734/responses/0001_6dba575da52e.json
22135305,1,POST,200,Fetch,https://m.ctrip.com/restapi/soa2/10182/GetAvailablePoints?_fxpcqlniredt=09031109115864990735&x-traceID=09031109115864990735-1788510867768-453296,462,raw/22135305/responses/0001_fb63c6d774c0.json
22135305,2,POST,200,Fetch,https://m.ctrip.com/restapi/soa2/34308/getHotelCommentInfo,399,raw/22135305/responses/0002_e5cdff472821.json
22135305,3,POST,200,Fetch,https://m.ctrip.com/restapi/soa2/33278/getDetailAdditionalInfo,20586,raw/22135305/responses/0003_9a699f28ead6.json
22135305,4,POST,200,Fetch,https://m.ctrip.com/restapi/soa2/28820/ctGetNearbyHotelList,378,raw/22135305/responses/0004_b9f75dd5f3db.json
22135305,5,POST,200,Fetch,https://m.ctrip.com/restapi/soa2/33278/getHotelRoomListInland,408,raw/22135305/responses/0005_126ff2c3c3c2.json
22135305,6,POST,200,Fetch,https://m.ctrip.com/restapi/soa2/28820/ctgethotelalbum,407612,raw/22135305/responses/0006_b034201a0549.json
22135305,7,POST,200,Fetch,https://m.ctrip.com/restapi/soa2/35021/getHotelRoomPopInfoPCOnline,394,raw/22135305/responses/0007_a399d40fcb64.json
22151639,1,POST,200,Fetch,https://m.ctrip.com/restapi/soa2/10182/GetAvailablePoints?_fxpcqlniredt=09031109115864990735&x-traceID=09031109115864990735-1788238526640-1694971,463,raw/22151639/responses/0001_7c5c3376c997.json
22151818,1,POST,200,Fetch,https://m.ctrip.com/restapi/soa2/10182/GetAvailablePoints?_fxpcqlniredt=09031109115864990735&x-traceID=09031109115864990735-1788235340727-1936744,462,raw/22151818/responses/0001_23a3df8682d7.json
22151818,2,POST,200,Fetch,https://m.ctrip.com/restapi/soa2/33278/getDetailAdditionalInfo,20497,raw/22151818/responses/0002_0f6525cc02a9.json
22151818,3,POST,200,Fetch,https://m.ctrip.com/restapi/soa2/28820/ctGetNearbyHotelList,376,raw/22151818/responses/0003_6558381281e0.json
22151818,4,POST,200,Fetch,https://m.ctrip.com/restapi/soa2/33278/getHotelRoomListInland,406,raw/22151818/responses/0004_4484b63447e6.json
22151818,5,POST,200,Fetch,https://m.ctrip.com/restapi/soa2/34308/getHotelCommentInfo,397,raw/22151818/responses/0005_741564f8da4e.json
22151818,6,POST,200,Fetch,https://m.ctrip.com/restapi/soa2/28820/ctgethotelalbum,396469,raw/22151818/responses/0006_b034201a0549.json
22151818,7,POST,200,Fetch,https://m.ctrip.com/restapi/soa2/35021/getHotelRoomPopInfoPCOnline,392,raw/22151818/responses/0007_a399d40fcb64.json
22154999,1,POST,200,Fetch,https://m.ctrip.com/restapi/soa2/10182/GetAvailablePoints?_fxpcqlniredt=09031109115864990735&x-traceID=09031109115864990735-1788239667620-3927125,463,raw/22154999/responses/0001_767b05300b08.json
22154999,2,POST,200,Fetch,https://m.ctrip.com/restapi/soa2/33278/getDetailAdditionalInfo,20828,raw/22154999/responses/0002_0f6525cc02a9.json
22154999,3,POST,200,Fetch,https://m.ctrip.com/restapi/soa2/34308/getHotelCommentInfo,397,raw/22154999/responses/0003_8a41a2728111.json
22154999,4,POST,200,Fetch,https://m.ctrip.com/restapi/soa2/28820/ctGetNearbyHotelList,376,raw/22154999/responses/0004_b9f75dd5f3db.json
22154999,5,POST,200,Fetch,https://m.ctrip.com/restapi/soa2/33278/getHotelRoomListInland,406,raw/22154999/responses/0005_126ff2c3c3c2.json
22154999,6,POST,200,Fetch,https://m.ctrip.com/restapi/soa2/28820/ctgethotelalbum,192670,raw/22154999/responses/0006_b034201a0549.json
22154999,7,POST,200,Fetch,https://m.ctrip.com/restapi/soa2/35021/getHotelRoomPopInfoPCOnline,394,raw/22154999/responses/0007_a399d40fcb64.json
22221989,1,POST,200,Fetch,https://m.ctrip.com/restapi/soa2/10182/GetAvailablePoints?_fxpcqlniredt=09031109115864990735&x-traceID=09031109115864990735-1788241359757-9810576,463,raw/22221989/responses/0001_3765afd19083.json
2249055,1,POST,200,Fetch,https://m.ctrip.com/restapi/soa2/10182/GetAvailablePoints?_fxpcqlniredt=09031109115864990735&x-traceID=09031109115864990735-1788165786682-4526901,463,raw/2249055/responses/0001_1d43ad8da3ea.json
2266767,1,POST,200,Fetch,https://m.ctrip.com/restapi/soa2/10182/GetAvailablePoints?_fxpcqlniredt=09031109115864990735&x-traceID=09031109115864990735-1788241297057-9709284,463,raw/2266767/responses/0001_988bc7c5c965.json
2266767,2,POST,200,Fetch,https://m.ctrip.com/restapi/soa2/34308/getHotelCommentInfo,399,raw/2266767/responses/0002_e5cdff472821.json
2266767,3,POST,200,Fetch,https://m.ctrip.com/restapi/soa2/33278/getDetailAdditionalInfo,11489,raw/2266767/responses/0003_9a699f28ead6.json
2266767,4,POST,200,Fetch,https://m.ctrip.com/restapi/soa2/33278/getHotelRoomListInland,408,raw/2266767/responses/0004_4484b63447e6.json
2266767,5,POST,200,Fetch,https://m.ctrip.com/restapi/soa2/28820/ctGetNearbyHotelList,378,raw/2266767/responses/0005_1e2127aae2e6.json
2266767,6,POST,200,Fetch,https://m.ctrip.com/restapi/soa2/28820/ctgethotelalbum,273505,raw/2266767/responses/0006_b034201a0549.json
2266767,7,POST,200,Fetch,https://m.ctrip.com/restapi/soa2/35021/getHotelRoomPopInfoPCOnline,394,raw/2266767/responses/0007_a399d40fcb64.json
2338247,1,POST,200,Fetch,https://m.ctrip.com/restapi/soa2/10182/GetAvailablePoints?_fxpcqlniredt=09031109115864990735&x-traceID=09031109115864990735-1788241599023-9728591,463,raw/2338247/responses/0001_b2185de45bc5.json
23504927,1,POST,200,Fetch,https://m.ctrip.com/restapi/soa2/34308/getHotelCommentInfo,399,raw/23504927/responses/0001_a72c8f9fa60e.json
23504927,2,POST,200,Fetch,https://m.ctrip.com/restapi/soa2/33278/getDetailAdditionalInfo,20595,raw/23504927/responses/0002_0f6525cc02a9.json
23504927,3,POST,200,Fetch,https://m.ctrip.com/restapi/soa2/33278/getHotelRoomListInland,408,raw/23504927/responses/0003_20a6b1dba238.json
23504927,4,POST,200,Fetch,https://m.ctrip.com/restapi/soa2/28820/ctGetNearbyHotelList,378,raw/23504927/responses/0004_b9f75dd5f3db.json
23504927,5,POST,200,Fetch,https://m.ctrip.com/restapi/soa2/28820/ctgethotelalbum,222086,raw/23504927/responses/0005_0ef9cbf89082.json
23504927,6,POST,200,Fetch,https://m.ctrip.com/restapi/soa2/10182/GetAvailablePoints?_fxpcqlniredt=09031109115864990735&x-traceID=09031109115864990735-1788236562616-291930,463,raw/23504927/responses/0006_e086b736e0bf.json
23504927,7,POST,200,Fetch,https://m.ctrip.com/restapi/soa2/35021/getHotelRoomPopInfoPCOnline,394,raw/23504927/responses/0007_a399d40fcb64.json
23510962,1,POST,200,Fetch,https://m.ctrip.com/restapi/soa2/10182/GetAvailablePoints?_fxpcqlniredt=09031109115864990735&x-traceID=09031109115864990735-1788236351923-790545,463,raw/23510962/responses/0001_190379a79f5a.json
23510962,2,POST,200,Fetch,https://m.ctrip.com/restapi/soa2/34308/getHotelCommentInfo,399,raw/23510962/responses/0002_e5cdff472821.json
23510962,3,POST,200,Fetch,https://m.ctrip.com/restapi/soa2/33278/getDetailAdditionalInfo,20739,raw/23510962/responses/0003_9a699f28ead6.json
23510962,4,POST,200,Fetch,https://m.ctrip.com/restapi/soa2/28820/ctGetNearbyHotelList,378,raw/23510962/responses/0004_b9f75dd5f3db.json
23510962,5,POST,200,Fetch,https://m.ctrip.com/restapi/soa2/33278/getHotelRoomListInland,408,raw/23510962/responses/0005_126ff2c3c3c2.json
23510962,6,POST,200,Fetch,https://m.ctrip.com/restapi/soa2/28820/ctgethotelalbum,231088,raw/23510962/responses/0006_b034201a0549.json
23510962,7,POST,200,Fetch,https://m.ctrip.com/restapi/soa2/35021/getHotelRoomPopInfoPCOnline,394,raw/23510962/responses/0007_a399d40fcb64.json
23513875,1,POST,200,Fetch,https://m.ctrip.com/restapi/soa2/10182/GetAvailablePoints?_fxpcqlniredt=09031109115864990735&x-traceID=09031109115864990735-1788512597143-8290726,462,raw/23513875/responses/0001_3cdc6c03aff6.json
23513875,2,POST,200,Fetch,https://m.ctrip.com/restapi/soa2/34308/getHotelCommentInfo,397,raw/23513875/responses/0002_e5cdff472821.json
23513875,3,POST,200,Fetch,https://m.ctrip.com/restapi/soa2/33278/getDetailAdditionalInfo,20543,raw/23513875/responses/0003_9a699f28ead6.json
23513875,4,POST,200,Fetch,https://m.ctrip.com/restapi/soa2/33278/getHotelRoomListInland,406,raw/23513875/responses/0004_4484b63447e6.json
23513875,5,POST,200,Fetch,https://m.ctrip.com/restapi/soa2/28820/ctGetNearbyHotelList,376,raw/23513875/responses/0005_1e2127aae2e6.json
23513875,6,POST,200,Fetch,https://m.ctrip.com/restapi/soa2/28820/ctgethotelalbum,265851,raw/23513875/responses/0006_b034201a0549.json
23513875,7,POST,200,Fetch,https://m.ctrip.com/restapi/soa2/35021/getHotelRoomPopInfoPCOnline,392,raw/23513875/responses/0007_a399d40fcb64.json
23779241,1,POST,200,Fetch,https://m.ctrip.com/restapi/soa2/34308/getHotelCommentInfo,58948,raw/23779241/responses/0001_a72c8f9fa60e.json
23779241,2,POST,200,Fetch,https://m.ctrip.com/restapi/soa2/33278/getDetailAdditionalInfo,20279,raw/23779241/responses/0002_0f6525cc02a9.json
23779241,3,POST,200,Fetch,https://m.ctrip.com/restapi/soa2/28820/ctgethotelalbum,325664,raw/23779241/responses/0003_b0749e138db6.json
23779241,4,POST,200,Fetch,https://m.ctrip.com/restapi/soa2/10182/GetAvailablePoints?_fxpcqlniredt=09031109115864990735&x-traceID=09031109115864990735-1788165170480-6244250,463,raw/23779241/responses/0004_1564df40f58d.json
23779241,5,POST,200,Fetch,https://m.ctrip.com/restapi/soa2/28820/ctGetNearbyHotelList,137364,raw/23779241/responses/0005_1e2127aae2e6.json
23933939,1,POST,200,Fetch,https://m.ctrip.com/restapi/soa2/10182/GetAvailablePoints?_fxpcqlniredt=09031109115864990735&x-traceID=09031109115864990735-1788166007938-9974833,463,raw/23933939/responses/0001_9cff3c2edc8b.json
23933939,2,POST,200,Fetch,https://m.ctrip.com/restapi/soa2/33278/getDetailAdditionalInfo,20100,raw/23933939/responses/0002_0f6525cc02a9.json
23933939,3,POST,200,Fetch,https://m.ctrip.com/restapi/soa2/34308/getHotelCommentInfo,40078,raw/23933939/responses/0003_8a41a2728111.json
23933939,4,POST,200,Fetch,https://m.ctrip.com/restapi/soa2/28820/ctgethotelalbum,188008,raw/23933939/responses/0004_65975e8ff220.json
23933939,5,POST,200,Fetch,https://m.ctrip.com/restapi/soa2/33278/getHotelRoomListInland,88265,raw/23933939/responses/0005_126ff2c3c3c2.json
23933939,6,POST,200,Fetch,https://m.ctrip.com/restapi/soa2/28820/ctGetNearbyHotelList,117628,raw/23933939/responses/0006_9a431dd78faa.json
23933939,7,POST,200,Fetch,https://m.ctrip.com/restapi/soa2/35021/getHotelRoomPopInfoPCOnline,71683,raw/23933939/responses/0007_a399d40fcb64.json
23944434,1,POST,200,Fetch,https://m.ctrip.com/restapi/soa2/10182/GetAvailablePoints?_fxpcqlniredt=09031109115864990735&x-traceID=09031109115864990735-1788166981939-3001055,462,raw/23944434/responses/0001_d68fa8fc35a4.json
24737275,1,POST,200,Fetch,https://m.ctrip.com/restapi/soa2/10182/GetAvailablePoints?_fxpcqlniredt=09031109115864990735&x-traceID=09031109115864990735-1788241683946-2470734,463,raw/24737275/responses/0001_329932d4be35.json
24738513,1,POST,200,Fetch,https://m.ctrip.com/restapi/soa2/10182/GetAvailablePoints?_fxpcqlniredt=09031109115864990735&x-traceID=09031109115864990735-1788513208121-2323391,463,raw/24738513/responses/0001_9100f768fc03.json
24738513,2,POST,200,Fetch,https://m.ctrip.com/restapi/soa2/34308/getHotelCommentInfo,397,raw/24738513/responses/0002_e5cdff472821.json
24738513,3,POST,200,Fetch,https://m.ctrip.com/restapi/soa2/28820/ctGetNearbyHotelList,376,raw/24738513/responses/0003_6558381281e0.json
24738513,4,POST,200,Fetch,https://m.ctrip.com/restapi/soa2/33278/getDetailAdditionalInfo,20360,raw/24738513/responses/0004_c37be698535c.json
24738513,5,POST,200,Fetch,https://m.ctrip.com/restapi/soa2/33278/getHotelRoomListInland,408,raw/24738513/responses/0005_126ff2c3c3c2.json
24738513,6,POST,200,Fetch,https://m.ctrip.com/restapi/soa2/28820/ctgethotelalbum,304309,raw/24738513/responses/0006_b034201a0549.json
24738513,7,POST,200,Fetch,https://m.ctrip.com/restapi/soa2/35021/getHotelRoomPopInfoPCOnline,392,raw/24738513/responses/0007_a399d40fcb64.json
2507748,1,POST,200,Fetch,https://m.ctrip.com/restapi/soa2/34308/getHotelCommentInfo,399,raw/2507748/responses/0001_a72c8f9fa60e.json
2507748,2,POST,200,Fetch,https://m.ctrip.com/restapi/soa2/33278/getDetailAdditionalInfo,20206,raw/2507748/responses/0002_0f6525cc02a9.json
2507748,3,POST,200,Fetch,https://m.ctrip.com/restapi/soa2/10182/GetAvailablePoints?_fxpcqlniredt=09031109115864990735&x-traceID=09031109115864990735-1788511617908-6028246,462,raw/2507748/responses/0003_31d6b874810a.json
2507748,4,POST,200,Fetch,https://m.ctrip.com/restapi/soa2/33278/getHotelRoomListInland,408,raw/2507748/responses/0004_4484b63447e6.json
2507748,5,POST,200,Fetch,https://m.ctrip.com/restapi/soa2/28820/ctGetNearbyHotelList,378,raw/2507748/responses/0005_1e2127aae2e6.json
2507748,6,POST,200,Fetch,https://m.ctrip.com/restapi/soa2/28820/ctgethotelalbum,242509,raw/2507748/responses/0006_b034201a0549.json
2507748,7,POST,200,Fetch,https://m.ctrip.com/restapi/soa2/35021/getHotelRoomPopInfoPCOnline,394,raw/2507748/responses/0007_a399d40fcb64.json
25626228,1,POST,200,Fetch,https://m.ctrip.com/restapi/soa2/10182/GetAvailablePoints?_fxpcqlniredt=09031109115864990735&x-traceID=09031109115864990735-1788164127034-5609530,462,raw/25626228/responses/0001_e73b14c0dfa0.json
25626228,2,POST,200,Fetch,https://m.ctrip.com/restapi/soa2/33278/getDetailAdditionalInfo,20535,raw/25626228/responses/0002_0f6525cc02a9.json
25626228,3,POST,200,Fetch,https://m.ctrip.com/restapi/soa2/34308/getHotelCommentInfo,59967,raw/25626228/responses/0003_8a41a2728111.json
25626228,4,POST,200,Fetch,https://m.ctrip.com/restapi/soa2/28820/ctgethotelalbum,344111,raw/25626228/responses/0004_65975e8ff220.json
25626228,5,POST,200,Fetch,https://m.ctrip.com/restapi/soa2/28820/ctGetNearbyHotelList,134188,raw/25626228/responses/0005_1e2127aae2e6.json
25657104,1,POST,200,Fetch,https://m.ctrip.com/restapi/soa2/10182/GetAvailablePoints?_fxpcqlniredt=09031109115864990735&x-traceID=09031109115864990735-1788513277431-3885719,463,raw/25657104/responses/0001_3a7425fb1f94.json
25657104,2,POST,200,Fetch,https://m.ctrip.com/restapi/soa2/34308/getHotelCommentInfo,399,raw/25657104/responses/0002_e5cdff472821.json
25657104,3,POST,200,Fetch,https://m.ctrip.com/restapi/soa2/33278/getDetailAdditionalInfo,20403,raw/25657104/responses/0003_9a699f28ead6.json
25657104,4,POST,200,Fetch,https://m.ctrip.com/restapi/soa2/33278/getHotelRoomListInland,408,raw/25657104/responses/0004_4484b63447e6.json
25657104,5,POST,200,Fetch,https://m.ctrip.com/restapi/soa2/28820/ctgethotelalbum,187537,raw/25657104/responses/0005_0ef9cbf89082.json
25657104,6,POST,200,Fetch,https://m.ctrip.com/restapi/soa2/28820/ctGetNearbyHotelList,378,raw/25657104/responses/0006_9a431dd78faa.json
25657104,7,POST,200,Fetch,https://m.ctrip.com/restapi/soa2/35021/getHotelRoomPopInfoPCOnline,394,raw/25657104/responses/0007_a399d40fcb64.json
25657200,1,POST,200,Fetch,https://m.ctrip.com/restapi/soa2/10182/GetAvailablePoints?_fxpcqlniredt=09031109115864990735&x-traceID=09031109115864990735-1788240227898-8593635,462,raw/25657200/responses/0001_c4dd53774438.json
25926172,1,POST,200,Fetch,https://m.ctrip.com/restapi/soa2/10182/GetAvailablePoints?_fxpcqlniredt=09031109115864990735&x-traceID=09031109115864990735-1788237379559-7609712,463,raw/25926172/responses/0001_950e85447a30.json
25926172,2,POST,200,Fetch,https://m.ctrip.com/restapi/soa2/34308/getHotelCommentInfo,399,raw/25926172/responses/0002_e5cdff472821.json
25926172,3,POST,200,Fetch,https://m.ctrip.com/restapi/soa2/28820/ctgethotelalbum,162419,raw/25926172/responses/0003_b0749e138db6.json
25926172,4,POST,200,Fetch,https://m.ctrip.com/restapi/soa2/33278/getDetailAdditionalInfo,20326,raw/25926172/responses/0004_c37be698535c.json
25926172,5,POST,200,Fetch,https://m.ctrip.com/restapi/soa2/33278/getHotelRoomListInland,408,raw/25926172/responses/0005_126ff2c3c3c2.json
25926172,6,POST,200,Fetch,https://m.ctrip.com/restapi/soa2/28820/ctGetNearbyHotelList,378,raw/25926172/responses/0006_9a431dd78faa.json
25926172,7,POST,200,Fetch,https://m.ctrip.com/restapi/soa2/35021/getHotelRoomPopInfoPCOnline,394,raw/25926172/responses/0007_a399d40fcb64.json
26439754,1,POST,200,Fetch,https://m.ctrip.com/restapi/soa2/10182/GetAvailablePoints?_fxpcqlniredt=09031109115864990735&x-traceID=09031109115864990735-1788512272343-9612960,463,raw/26439754/responses/0001_0efaec6d92a2.json
27215837,1,POST,200,Fetch,https://m.ctrip.com/restapi/soa2/10182/GetAvailablePoints?_fxpcqlniredt=09031109115864990735&x-traceID=09031109115864990735-1788242170812-9458441,463,raw/27215837/responses/0001_64dcf3461cca.json
27215837,2,POST,200,Fetch,https://m.ctrip.com/restapi/soa2/34308/getHotelCommentInfo,399,raw/27215837/responses/0002_e5cdff472821.json
27215837,3,POST,200,Fetch,https://m.ctrip.com/restapi/soa2/33278/getHotelRoomListInland,408,raw/27215837/responses/0003_20a6b1dba238.json
27215837,4,POST,200,Fetch,https://m.ctrip.com/restapi/soa2/33278/getDetailAdditionalInfo,20822,raw/27215837/responses/0004_c37be698535c.json
27215837,5,POST,200,Fetch,https://m.ctrip.com/restapi/soa2/28820/ctGetNearbyHotelList,378,raw/27215837/responses/0005_1e2127aae2e6.json
27215837,6,POST,200,Fetch,https://m.ctrip.com/restapi/soa2/28820/ctgethotelalbum,267351,raw/27215837/responses/0006_b034201a0549.json
27215837,7,POST,200,Fetch,https://m.ctrip.com/restapi/soa2/35021/getHotelRoomPopInfoPCOnline,394,raw/27215837/responses/0007_a399d40fcb64.json
2804355,1,POST,200,Fetch,https://m.ctrip.com/restapi/soa2/10182/GetAvailablePoints?_fxpcqlniredt=09031109115864990735&x-traceID=09031109115864990735-1788240048042-4466803,463,raw/2804355/responses/0001_8a20e6a73e8a.json
2841466,1,POST,200,Fetch,https://m.ctrip.com/restapi/soa2/10182/GetAvailablePoints?_fxpcqlniredt=09031109115864990735&x-traceID=09031109115864990735-1788237418848-6268026,463,raw/2841466/responses/0001_c6cdcea45fab.json
2841466,2,POST,200,Fetch,https://m.ctrip.com/restapi/soa2/34308/getHotelCommentInfo,399,raw/2841466/responses/0002_e5cdff472821.json
2841466,3,POST,200,Fetch,https://m.ctrip.com/restapi/soa2/33278/getDetailAdditionalInfo,20068,raw/2841466/responses/0003_9a699f28ead6.json
2841466,4,POST,200,Fetch,https://m.ctrip.com/restapi/soa2/28820/ctgethotelalbum,248828,raw/2841466/responses/0004_65975e8ff220.json
2841466,5,POST,200,Fetch,https://m.ctrip.com/restapi/soa2/28820/ctGetNearbyHotelList,378,raw/2841466/responses/0005_1e2127aae2e6.json
2841466,6,POST,200,Fetch,https://m.ctrip.com/restapi/soa2/33278/getHotelRoomListInland,408,raw/2841466/responses/0006_b404bd1188b5.json
2841466,7,POST,200,Fetch,https://m.ctrip.com/restapi/soa2/35021/getHotelRoomPopInfoPCOnline,394,raw/2841466/responses/0007_a399d40fcb64.json
2841515,1,POST,200,Fetch,https://m.ctrip.com/restapi/soa2/10182/GetAvailablePoints?_fxpcqlniredt=09031109115864990735&x-traceID=09031109115864990735-1788242103955-8283703,462,raw/2841515/responses/0001_9b699d10336f.json
28559691,1,POST,200,Fetch,https://m.ctrip.com/restapi/soa2/10182/GetAvailablePoints?_fxpcqlniredt=09031109115864990735&x-traceID=09031109115864990735-1788511748441-1034118,463,raw/28559691/responses/0001_145c0f7aaf61.json
28559691,2,POST,200,Fetch,https://m.ctrip.com/restapi/soa2/34308/getHotelCommentInfo,399,raw/28559691/responses/0002_e5cdff472821.json
28559691,3,POST,200,Fetch,https://m.ctrip.com/restapi/soa2/33278/getDetailAdditionalInfo,20450,raw/28559691/responses/0003_9a699f28ead6.json
28559691,4,POST,200,Fetch,https://m.ctrip.com/restapi/soa2/28820/ctGetNearbyHotelList,378,raw/28559691/responses/0004_b9f75dd5f3db.json
28559691,5,POST,200,Fetch,https://m.ctrip.com/restapi/soa2/33278/getHotelRoomListInland,408,raw/28559691/responses/0005_126ff2c3c3c2.json
28559691,6,POST,200,Fetch,https://m.ctrip.com/restapi/soa2/28820/ctgethotelalbum,277409,raw/28559691/responses/0006_b034201a0549.json
28559691,7,POST,200,Fetch,https://m.ctrip.com/restapi/soa2/35021/getHotelRoomPopInfoPCOnline,394,raw/28559691/responses/0007_a399d40fcb64.json
2865243,1,POST,200,Fetch,https://m.ctrip.com/restapi/soa2/10182/GetAvailablePoints?_fxpcqlniredt=09031109115864990735&x-traceID=09031109115864990735-1788239043614-9938236,462,raw/2865243/responses/0001_622f879d7145.json
2865243,2,POST,200,Fetch,https://m.ctrip.com/restapi/soa2/34308/getHotelCommentInfo,397,raw/2865243/responses/0002_e5cdff472821.json
2865243,3,POST,200,Fetch,https://m.ctrip.com/restapi/soa2/33278/getDetailAdditionalInfo,20806,raw/2865243/responses/0003_9a699f28ead6.json
2865243,4,POST,200,Fetch,https://m.ctrip.com/restapi/soa2/28820/ctgethotelalbum,255682,raw/2865243/responses/0004_65975e8ff220.json
2865243,5,POST,200,Fetch,https://m.ctrip.com/restapi/soa2/33278/getHotelRoomListInland,406,raw/2865243/responses/0005_126ff2c3c3c2.json
2865243,6,POST,200,Fetch,https://m.ctrip.com/restapi/soa2/28820/ctGetNearbyHotelList,376,raw/2865243/responses/0006_9a431dd78faa.json
2865243,7,POST,200,Fetch,https://m.ctrip.com/restapi/soa2/35021/getHotelRoomPopInfoPCOnline,392,raw/2865243/responses/0007_a399d40fcb64.json
28821649,1,POST,200,Fetch,https://m.ctrip.com/restapi/soa2/10182/GetAvailablePoints?_fxpcqlniredt=09031109115864990735&x-traceID=09031109115864990735-1788239245563-9803057,462,raw/28821649/responses/0001_de12643afd09.json
28821649,2,POST,200,Fetch,https://m.ctrip.com/restapi/soa2/34308/getHotelCommentInfo,397,raw/28821649/responses/0002_e5cdff472821.json
28821649,3,POST,200,Fetch,https://m.ctrip.com/restapi/soa2/28820/ctGetNearbyHotelList,376,raw/28821649/responses/0003_6558381281e0.json
28821649,4,POST,200,Fetch,https://m.ctrip.com/restapi/soa2/33278/getHotelRoomListInland,406,raw/28821649/responses/0004_4484b63447e6.json
28821649,5,POST,200,Fetch,https://m.ctrip.com/restapi/soa2/33278/getDetailAdditionalInfo,20961,raw/28821649/responses/0005_1139d80bc75b.json
28821649,6,POST,200,Fetch,https://m.ctrip.com/restapi/soa2/28820/ctgethotelalbum,168617,raw/28821649/responses/0006_b034201a0549.json
28821649,7,POST,200,Fetch,https://m.ctrip.com/restapi/soa2/35021/getHotelRoomPopInfoPCOnline,392,raw/28821649/responses/0007_a399d40fcb64.json
29492318,1,POST,200,Fetch,https://m.ctrip.com/restapi/soa2/10182/GetAvailablePoints?_fxpcqlniredt=09031109115864990735&x-traceID=09031109115864990735-1788239416758-4820450,462,raw/29492318/responses/0001_cf3080d6edeb.json
29492318,2,POST,200,Fetch,https://m.ctrip.com/restapi/soa2/34308/getHotelCommentInfo,397,raw/29492318/responses/0002_e5cdff472821.json
29492318,3,POST,200,Fetch,https://m.ctrip.com/restapi/soa2/33278/getDetailAdditionalInfo,20520,raw/29492318/responses/0003_9a699f28ead6.json
29492318,4,POST,200,Fetch,https://m.ctrip.com/restapi/soa2/28820/ctGetNearbyHotelList,376,raw/29492318/responses/0004_b9f75dd5f3db.json
29492318,5,POST,200,Fetch,https://m.ctrip.com/restapi/soa2/33278/getHotelRoomListInland,406,raw/29492318/responses/0005_126ff2c3c3c2.json
29492318,6,POST,200,Fetch,https://m.ctrip.com/restapi/soa2/28820/ctgethotelalbum,303848,raw/29492318/responses/0006_b034201a0549.json
29492318,7,POST,200,Fetch,https://m.ctrip.com/restapi/soa2/35021/getHotelRoomPopInfoPCOnline,392,raw/29492318/responses/0007_a399d40fcb64.json
29512694,1,POST,200,Fetch,https://m.ctrip.com/restapi/soa2/10182/GetAvailablePoints?_fxpcqlniredt=09031109115864990735&x-traceID=09031109115864990735-1788166254554-8820161,463,raw/29512694/responses/0001_8021fbce5b0e.json
29512694,2,POST,200,Fetch,https://m.ctrip.com/restapi/soa2/33278/getDetailAdditionalInfo,14046,raw/29512694/responses/0002_0f6525cc02a9.json
29512694,3,POST,200,Fetch,https://m.ctrip.com/restapi/soa2/34308/getHotelCommentInfo,41141,raw/29512694/responses/0003_8a41a2728111.json
29512694,4,POST,200,Fetch,https://m.ctrip.com/restapi/soa2/28820/ctgethotelalbum,220782,raw/29512694/responses/0004_65975e8ff220.json
29512694,5,POST,200,Fetch,https://m.ctrip.com/restapi/soa2/33278/getHotelRoomListInland,160247,raw/29512694/responses/0005_126ff2c3c3c2.json
29512694,6,POST,200,Fetch,https://m.ctrip.com/restapi/soa2/28820/ctGetNearbyHotelList,127064,raw/29512694/responses/0006_9a431dd78faa.json
29512694,7,POST,200,Fetch,https://m.ctrip.com/restapi/soa2/35021/getHotelRoomPopInfoPCOnline,179749,raw/29512694/responses/0007_a399d40fcb64.json
29786267,1,POST,200,Fetch,https://m.ctrip.com/restapi/soa2/10182/GetAvailablePoints?_fxpcqlniredt=09031109115864990735&x-traceID=09031109115864990735-1788166126271-5754466,463,raw/29786267/responses/0001_6bb078232659.json
29786267,2,POST,200,Fetch,https://m.ctrip.com/restapi/soa2/33278/getDetailAdditionalInfo,20779,raw/29786267/responses/0002_0f6525cc02a9.json
29786267,3,POST,200,Fetch,https://m.ctrip.com/restapi/soa2/34308/getHotelCommentInfo,50805,raw/29786267/responses/0003_8a41a2728111.json
29786267,4,POST,200,Fetch,https://m.ctrip.com/restapi/soa2/28820/ctgethotelalbum,274617,raw/29786267/responses/0004_65975e8ff220.json
29786267,5,POST,200,Fetch,https://m.ctrip.com/restapi/soa2/33278/getHotelRoomListInland,179304,raw/29786267/responses/0005_126ff2c3c3c2.json
29786267,6,POST,200,Fetch,https://m.ctrip.com/restapi/soa2/28820/ctGetNearbyHotelList,123496,raw/29786267/responses/0006_9a431dd78faa.json
29786267,7,POST,200,Fetch,https://m.ctrip.com/restapi/soa2/35021/getHotelRoomPopInfoPCOnline,209750,raw/29786267/responses/0007_a399d40fcb64.json
3003104,1,POST,200,Fetch,https://m.ctrip.com/restapi/soa2/10182/GetAvailablePoints?_fxpcqlniredt=09031109115864990735&x-traceID=09031109115864990735-1788513218404-9873815,462,raw/3003104/responses/0001_8e03e2860214.json
3003104,2,POST,200,Fetch,https://m.ctrip.com/restapi/soa2/34308/getHotelCommentInfo,397,raw/3003104/responses/0002_e5cdff472821.json
3003104,3,POST,200,Fetch,https://m.ctrip.com/restapi/soa2/33278/getDetailAdditionalInfo,20702,raw/3003104/responses/0003_9a699f28ead6.json
3003104,4,POST,200,Fetch,https://m.ctrip.com/restapi/soa2/33278/getHotelRoomListInland,406,raw/3003104/responses/0004_4484b63447e6.json
3003104,5,POST,200,Fetch,https://m.ctrip.com/restapi/soa2/28820/ctGetNearbyHotelList,378,raw/3003104/responses/0005_1e2127aae2e6.json
3003104,6,POST,200,Fetch,https://m.ctrip.com/restapi/soa2/28820/ctgethotelalbum,368980,raw/3003104/responses/0006_b034201a0549.json
3003104,7,POST,200,Fetch,https://m.ctrip.com/restapi/soa2/35021/getHotelRoomPopInfoPCOnline,392,raw/3003104/responses/0007_a399d40fcb64.json
30797991,1,POST,200,Fetch,https://m.ctrip.com/restapi/soa2/10182/GetAvailablePoints?_fxpcqlniredt=09031109115864990735&x-traceID=09031109115864990735-1788164474141-5653626,463,raw/30797991/responses/0001_30cf4d284d2b.json
30797991,2,POST,200,Fetch,https://m.ctrip.com/restapi/soa2/33278/getDetailAdditionalInfo,20309,raw/30797991/responses/0002_0f6525cc02a9.json
30797991,3,POST,200,Fetch,https://m.ctrip.com/restapi/soa2/34308/getHotelCommentInfo,71306,raw/30797991/responses/0003_8a41a2728111.json
30797991,4,POST,200,Fetch,https://m.ctrip.com/restapi/soa2/28820/ctgethotelalbum,363044,raw/30797991/responses/0004_65975e8ff220.json
30797991,5,POST,200,Fetch,https://m.ctrip.com/restapi/soa2/28820/ctGetNearbyHotelList,135288,raw/30797991/responses/0005_1e2127aae2e6.json
31596490,1,POST,200,Fetch,https://m.ctrip.com/restapi/soa2/10182/GetAvailablePoints?_fxpcqlniredt=09031109115864990735&x-traceID=09031109115864990735-1788240027390-7947868,463,raw/31596490/responses/0001_7db1a8ceb710.json
31600529,1,POST,200,Fetch,https://m.ctrip.com/restapi/soa2/10182/GetAvailablePoints?_fxpcqlniredt=09031109115864990735&x-traceID=09031109115864990735-1788241060468-9571049,463,raw/31600529/responses/0001_70411f396ffc.json
31600529,2,POST,200,Fetch,https://m.ctrip.com/restapi/soa2/33278/getHotelRoomListInland,408,raw/31600529/responses/0002_e41e460f95a3.json
31600529,3,POST,200,Fetch,https://m.ctrip.com/restapi/soa2/34308/getHotelCommentInfo,399,raw/31600529/responses/0003_8a41a2728111.json
31600529,4,POST,200,Fetch,https://m.ctrip.com/restapi/soa2/33278/getDetailAdditionalInfo,20122,raw/31600529/responses/0004_c37be698535c.json
31600529,5,POST,200,Fetch,https://m.ctrip.com/restapi/soa2/28820/ctGetNearbyHotelList,378,raw/31600529/responses/0005_1e2127aae2e6.json
31600529,6,POST,200,Fetch,https://m.ctrip.com/restapi/soa2/28820/ctgethotelalbum,318388,raw/31600529/responses/0006_b034201a0549.json
31600529,7,POST,200,Fetch,https://m.ctrip.com/restapi/soa2/35021/getHotelRoomPopInfoPCOnline,394,raw/31600529/responses/0007_a399d40fcb64.json
32763472,1,POST,200,Fetch,https://m.ctrip.com/restapi/soa2/10182/GetAvailablePoints?_fxpcqlniredt=09031109115864990735&x-traceID=09031109115864990735-1788163998064-9075695,463,raw/32763472/responses/0001_40f961f509d2.json
32763472,2,POST,200,Fetch,https://m.ctrip.com/restapi/soa2/34308/getHotelCommentInfo,79377,raw/32763472/responses/0002_e5cdff472821.json
32763472,3,POST,200,Fetch,https://m.ctrip.com/restapi/soa2/28820/ctgethotelalbum,348660,raw/32763472/responses/0003_b0749e138db6.json
32763472,4,POST,200,Fetch,https://m.ctrip.com/restapi/soa2/33278/getDetailAdditionalInfo,20151,raw/32763472/responses/0004_c37be698535c.json
32763472,5,POST,200,Fetch,https://m.ctrip.com/restapi/soa2/28820/ctGetNearbyHotelList,135405,raw/32763472/responses/0005_1e2127aae2e6.json
32763472,6,POST,200,Fetch,https://m.ctrip.com/restapi/soa2/33278/getHotelRoomListInland,1794570,raw/32763472/responses/0006_b404bd1188b5.json
33430002,1,POST,200,Fetch,https://m.ctrip.com/restapi/soa2/10182/GetAvailablePoints?_fxpcqlniredt=09031109115864990735&x-traceID=09031109115864990735-1788512044830-4241463,461,raw/33430002/responses/0001_6441c8d2d31f.json
33430002,2,POST,200,Fetch,https://m.ctrip.com/restapi/soa2/34308/getHotelCommentInfo,399,raw/33430002/responses/0002_e5cdff472821.json
33430002,3,POST,200,Fetch,https://m.ctrip.com/restapi/soa2/33278/getDetailAdditionalInfo,20600,raw/33430002/responses/0003_9a699f28ead6.json
33430002,4,POST,200,Fetch,https://m.ctrip.com/restapi/soa2/28820/ctgethotelalbum,323275,raw/33430002/responses/0004_65975e8ff220.json
33430002,5,POST,200,Fetch,https://m.ctrip.com/restapi/soa2/33278/getHotelRoomListInland,408,raw/33430002/responses/0005_126ff2c3c3c2.json
33430002,6,POST,200,Fetch,https://m.ctrip.com/restapi/soa2/28820/ctGetNearbyHotelList,378,raw/33430002/responses/0006_9a431dd78faa.json
33430002,7,POST,200,Fetch,https://m.ctrip.com/restapi/soa2/35021/getHotelRoomPopInfoPCOnline,394,raw/33430002/responses/0007_a399d40fcb64.json
3485539,1,POST,200,Fetch,https://m.ctrip.com/restapi/soa2/10182/GetAvailablePoints?_fxpcqlniredt=09031109115864990735&x-traceID=09031109115864990735-1788166049234-1749502,463,raw/3485539/responses/0001_db7f6d7680b0.json
3485539,2,POST,200,Fetch,https://m.ctrip.com/restapi/soa2/28820/ctgethotelalbum,219354,raw/3485539/responses/0002_053ef16233d1.json
3485539,3,POST,200,Fetch,https://m.ctrip.com/restapi/soa2/33278/getDetailAdditionalInfo,19853,raw/3485539/responses/0003_9a699f28ead6.json
3485539,4,POST,200,Fetch,https://m.ctrip.com/restapi/soa2/34308/getHotelCommentInfo,57366,raw/3485539/responses/0004_f4484678b221.json
3485539,5,POST,200,Fetch,https://m.ctrip.com/restapi/soa2/33278/getHotelRoomListInland,107060,raw/3485539/responses/0005_126ff2c3c3c2.json
3485539,6,POST,200,Fetch,https://m.ctrip.com/restapi/soa2/28820/ctGetNearbyHotelList,132890,raw/3485539/responses/0006_9a431dd78faa.json
3485539,7,POST,200,Fetch,https://m.ctrip.com/restapi/soa2/35021/getHotelRoomPopInfoPCOnline,111188,raw/3485539/responses/0007_a399d40fcb64.json
35090853,1,POST,200,Fetch,https://m.ctrip.com/restapi/soa2/10182/GetAvailablePoints?_fxpcqlniredt=09031109115864990735&x-traceID=09031109115864990735-1788511682749-5694335,462,raw/35090853/responses/0001_a9ffd3fe81cf.json
35090853,2,POST,200,Fetch,https://m.ctrip.com/restapi/soa2/34308/getHotelCommentInfo,399,raw/35090853/responses/0002_e5cdff472821.json
35090853,3,POST,200,Fetch,https://m.ctrip.com/restapi/soa2/33278/getDetailAdditionalInfo,20216,raw/35090853/responses/0003_9a699f28ead6.json
35090853,4,POST,200,Fetch,https://m.ctrip.com/restapi/soa2/28820/ctgethotelalbum,260135,raw/35090853/responses/0004_65975e8ff220.json
35090853,5,POST,200,Fetch,https://m.ctrip.com/restapi/soa2/33278/getHotelRoomListInland,408,raw/35090853/responses/0005_126ff2c3c3c2.json
35090853,6,POST,200,Fetch,https://m.ctrip.com/restapi/soa2/28820/ctGetNearbyHotelList,378,raw/35090853/responses/0006_9a431dd78faa.json
35090853,7,POST,200,Fetch,https://m.ctrip.com/restapi/soa2/35021/getHotelRoomPopInfoPCOnline,394,raw/35090853/responses/0007_a399d40fcb64.json
35501249,1,POST,200,Fetch,https://m.ctrip.com/restapi/soa2/10182/GetAvailablePoints?_fxpcqlniredt=09031109115864990735&x-traceID=09031109115864990735-1788241492970-2131642,463,raw/35501249/responses/0001_4230d20d3a8c.json
35898426,1,POST,200,Fetch,https://m.ctrip.com/restapi/soa2/33278/getDetailAdditionalInfo,20266,raw/35898426/responses/0001_cfd279648041.json
35898426,2,POST,200,Fetch,https://m.ctrip.com/restapi/soa2/34308/getHotelCommentInfo,73661,raw/35898426/responses/0002_e5cdff472821.json
35898426,3,POST,200,Fetch,https://m.ctrip.com/restapi/soa2/28820/ctgethotelalbum,398675,raw/35898426/responses/0003_b0749e138db6.json
35898426,4,POST,200,Fetch,https://m.ctrip.com/restapi/soa2/10182/GetAvailablePoints?_fxpcqlniredt=09031109115864990735&x-traceID=09031109115864990735-1788165298026-8866828,463,raw/35898426/responses/0004_66bbfab41d4e.json
35898426,5,POST,200,Fetch,https://m.ctrip.com/restapi/soa2/28820/ctGetNearbyHotelList,138821,raw/35898426/responses/0005_1e2127aae2e6.json
35898426,6,POST,200,Fetch,https://m.ctrip.com/restapi/soa2/33278/getHotelRoomListInland,600963,raw/35898426/responses/0006_b404bd1188b5.json
36058806,1,POST,200,Fetch,https://m.ctrip.com/restapi/soa2/10182/GetAvailablePoints?_fxpcqlniredt=09031109115864990735&x-traceID=09031109115864990735-1788162900088-5156827,463,raw/36058806/responses/0001_f9c08ccf065a.json
36058806,2,POST,200,Fetch,https://m.ctrip.com/restapi/soa2/33278/getDetailAdditionalInfo,21154,raw/36058806/responses/0002_0f6525cc02a9.json
36058806,3,POST,200,Fetch,https://m.ctrip.com/restapi/soa2/34308/getHotelCommentInfo,84757,raw/36058806/responses/0003_8a41a2728111.json
36058806,4,POST,200,Fetch,https://m.ctrip.com/restapi/soa2/28820/ctgethotelalbum,373795,raw/36058806/responses/0004_65975e8ff220.json
36058806,5,POST,200,Fetch,https://m.ctrip.com/restapi/soa2/33278/getHotelRoomListInland,999954,raw/36058806/responses/0005_126ff2c3c3c2.json
36058806,6,POST,200,Fetch,https://m.ctrip.com/restapi/soa2/28820/ctGetNearbyHotelList,135917,raw/36058806/responses/0006_9a431dd78faa.json
36058806,7,POST,200,Fetch,https://m.ctrip.com/restapi/soa2/35021/getHotelRoomPopInfoPCOnline,1295210,raw/36058806/responses/0007_a399d40fcb64.json
3732932,1,POST,200,Fetch,https://m.ctrip.com/restapi/soa2/10182/GetAvailablePoints?_fxpcqlniredt=09031109115864990735&x-traceID=09031109115864990735-1788235780349-8902444,462,raw/3732932/responses/0001_4e02c503f667.json
3732932,2,POST,200,Fetch,https://m.ctrip.com/restapi/soa2/34308/getHotelCommentInfo,397,raw/3732932/responses/0002_e5cdff472821.json
3732932,3,POST,200,Fetch,https://m.ctrip.com/restapi/soa2/28820/ctGetNearbyHotelList,376,raw/3732932/responses/0003_6558381281e0.json
3732932,4,POST,200,Fetch,https://m.ctrip.com/restapi/soa2/33278/getHotelRoomListInland,406,raw/3732932/responses/0004_4484b63447e6.json
3732932,5,POST,200,Fetch,https://m.ctrip.com/restapi/soa2/33278/getDetailAdditionalInfo,17077,raw/3732932/responses/0005_1139d80bc75b.json
3732932,6,POST,200,Fetch,https://m.ctrip.com/restapi/soa2/28820/ctgethotelalbum,288331,raw/3732932/responses/0006_b034201a0549.json
3732932,7,POST,200,Fetch,https://m.ctrip.com/restapi/soa2/35021/getHotelRoomPopInfoPCOnline,392,raw/3732932/responses/0007_a399d40fcb64.json
3929637,1,POST,200,Fetch,https://m.ctrip.com/restapi/soa2/10182/GetAvailablePoints?_fxpcqlniredt=09031109115864990735&x-traceID=09031109115864990735-1788239493794-9724163,462,raw/3929637/responses/0001_b78b9857d0f2.json
3929637,2,POST,200,Fetch,https://m.ctrip.com/restapi/soa2/33278/getDetailAdditionalInfo,20457,raw/3929637/responses/0002_0f6525cc02a9.json
3929637,3,POST,200,Fetch,https://m.ctrip.com/restapi/soa2/28820/ctGetNearbyHotelList,376,raw/3929637/responses/0003_6558381281e0.json
3929637,4,POST,200,Fetch,https://m.ctrip.com/restapi/soa2/28820/ctgethotelalbum,184640,raw/3929637/responses/0004_65975e8ff220.json
3929637,5,POST,200,Fetch,https://m.ctrip.com/restapi/soa2/33278/getHotelRoomListInland,406,raw/3929637/responses/0005_126ff2c3c3c2.json
3929637,6,POST,200,Fetch,https://m.ctrip.com/restapi/soa2/34308/getHotelCommentInfo,397,raw/3929637/responses/0006_8ec0980f7356.json
3929637,7,POST,200,Fetch,https://m.ctrip.com/restapi/soa2/35021/getHotelRoomPopInfoPCOnline,392,raw/3929637/responses/0007_a399d40fcb64.json
3935210,1,POST,200,Fetch,https://m.ctrip.com/restapi/soa2/10182/GetAvailablePoints?_fxpcqlniredt=09031109115864990735&x-traceID=09031109115864990735-1788240758465-9214721,463,raw/3935210/responses/0001_3f761d95c68f.json
39459173,1,POST,200,Fetch,https://m.ctrip.com/restapi/soa2/10182/GetAvailablePoints?_fxpcqlniredt=09031109115864990735&x-traceID=09031109115864990735-1788162701579-2764491,463,raw/39459173/responses/0001_a4355bfb1fd8.json
39459173,2,POST,200,Fetch,https://m.ctrip.com/restapi/soa2/33278/getDetailAdditionalInfo,20076,raw/39459173/responses/0002_0f6525cc02a9.json
39459173,3,POST,200,Fetch,https://m.ctrip.com/restapi/soa2/34308/getHotelCommentInfo,57686,raw/39459173/responses/0003_8a41a2728111.json
39459173,4,POST,200,Fetch,https://m.ctrip.com/restapi/soa2/28820/ctgethotelalbum,263203,raw/39459173/responses/0004_65975e8ff220.json
39459173,5,POST,200,Fetch,https://m.ctrip.com/restapi/soa2/33278/getHotelRoomListInland,203729,raw/39459173/responses/0005_126ff2c3c3c2.json
39459173,6,POST,200,Fetch,https://m.ctrip.com/restapi/soa2/28820/ctGetNearbyHotelList,135626,raw/39459173/responses/0006_9a431dd78faa.json
39459173,7,POST,200,Fetch,https://m.ctrip.com/restapi/soa2/35021/getHotelRoomPopInfoPCOnline,227886,raw/39459173/responses/0007_a399d40fcb64.json
41156183,1,POST,200,Fetch,https://m.ctrip.com/restapi/soa2/10182/GetAvailablePoints?_fxpcqlniredt=09031109115864990735&x-traceID=09031109115864990735-1788241661992-7501638,463,raw/41156183/responses/0001_7f1dc35f869a.json
4123564,1,POST,200,Fetch,https://m.ctrip.com/restapi/soa2/10182/GetAvailablePoints?_fxpcqlniredt=09031109115864990735&x-traceID=09031109115864990735-1788512888145-9221419,462,raw/4123564/responses/0001_eaf408930773.json
4123564,2,POST,200,Fetch,https://m.ctrip.com/restapi/soa2/34308/getHotelCommentInfo,397,raw/4123564/responses/0002_e5cdff472821.json
4123564,3,POST,200,Fetch,https://m.ctrip.com/restapi/soa2/28820/ctGetNearbyHotelList,376,raw/4123564/responses/0003_6558381281e0.json
4123564,4,POST,200,Fetch,https://m.ctrip.com/restapi/soa2/33278/getHotelRoomListInland,406,raw/4123564/responses/0004_4484b63447e6.json
4123564,5,POST,200,Fetch,https://m.ctrip.com/restapi/soa2/28820/ctgethotelalbum,565575,raw/4123564/responses/0005_0ef9cbf89082.json
4123564,6,POST,200,Fetch,https://m.ctrip.com/restapi/soa2/33278/getDetailAdditionalInfo,20413,raw/4123564/responses/0006_937db351796d.json
4123564,7,POST,200,Fetch,https://m.ctrip.com/restapi/soa2/35021/getHotelRoomPopInfoPCOnline,392,raw/4123564/responses/0007_a399d40fcb64.json
4298297,1,POST,200,Fetch,https://m.ctrip.com/restapi/soa2/34308/getHotelCommentInfo,399,raw/4298297/responses/0001_a72c8f9fa60e.json
4298297,2,POST,200,Fetch,https://m.ctrip.com/restapi/soa2/33278/getDetailAdditionalInfo,14311,raw/4298297/responses/0002_0f6525cc02a9.json
4298297,3,POST,200,Fetch,https://m.ctrip.com/restapi/soa2/28820/ctGetNearbyHotelList,378,raw/4298297/responses/0003_6558381281e0.json
4298297,4,POST,200,Fetch,https://m.ctrip.com/restapi/soa2/33278/getHotelRoomListInland,408,raw/4298297/responses/0004_4484b63447e6.json
4298297,5,POST,200,Fetch,https://m.ctrip.com/restapi/soa2/28820/ctgethotelalbum,296358,raw/4298297/responses/0005_0ef9cbf89082.json
4298297,6,POST,200,Fetch,https://m.ctrip.com/restapi/soa2/10182/GetAvailablePoints?_fxpcqlniredt=09031109115864990735&x-traceID=09031109115864990735-1788237519242-4263468,463,raw/4298297/responses/0006_9f1d54470d81.json
4298297,7,POST,200,Fetch,https://m.ctrip.com/restapi/soa2/35021/getHotelRoomPopInfoPCOnline,394,raw/4298297/responses/0007_a399d40fcb64.json
43095849,1,POST,200,Fetch,https://m.ctrip.com/restapi/soa2/10182/GetAvailablePoints?_fxpcqlniredt=09031109115864990735&x-traceID=09031109115864990735-1788240486308-6278468,463,raw/43095849/responses/0001_effabf628efe.json
43095912,1,POST,200,Fetch,https://m.ctrip.com/restapi/soa2/10182/GetAvailablePoints?_fxpcqlniredt=09031109115864990735&x-traceID=09031109115864990735-1788165491702-8367328,462,raw/43095912/responses/0001_2074787c8bd1.json
43095912,2,POST,200,Fetch,https://m.ctrip.com/restapi/soa2/33278/getDetailAdditionalInfo,20510,raw/43095912/responses/0002_0f6525cc02a9.json
43095912,3,POST,200,Fetch,https://m.ctrip.com/restapi/soa2/34308/getHotelCommentInfo,58506,raw/43095912/responses/0003_8a41a2728111.json
43095912,4,POST,200,Fetch,https://m.ctrip.com/restapi/soa2/28820/ctgethotelalbum,347837,raw/43095912/responses/0004_65975e8ff220.json
43095912,5,POST,200,Fetch,https://m.ctrip.com/restapi/soa2/28820/ctGetNearbyHotelList,134837,raw/43095912/responses/0005_1e2127aae2e6.json
43095912,6,POST,200,Fetch,https://m.ctrip.com/restapi/soa2/33278/getHotelRoomListInland,2077445,raw/43095912/responses/0006_b404bd1188b5.json
44127673,1,POST,200,Fetch,https://m.ctrip.com/restapi/soa2/10182/GetAvailablePoints?_fxpcqlniredt=09031109115864990735&x-traceID=09031109115864990735-1788512949923-7304804,461,raw/44127673/responses/0001_3311dfb3fb87.json
44164140,1,POST,200,Fetch,https://m.ctrip.com/restapi/soa2/10182/GetAvailablePoints?_fxpcqlniredt=09031109115864990735&x-traceID=09031109115864990735-1788237323848-1379505,462,raw/44164140/responses/0001_f0ad218a6338.json
44164140,2,POST,200,Fetch,https://m.ctrip.com/restapi/soa2/33278/getDetailAdditionalInfo,20154,raw/44164140/responses/0002_0f6525cc02a9.json
44164140,3,POST,200,Fetch,https://m.ctrip.com/restapi/soa2/33278/getHotelRoomListInland,408,raw/44164140/responses/0003_20a6b1dba238.json
44164140,4,POST,200,Fetch,https://m.ctrip.com/restapi/soa2/28820/ctGetNearbyHotelList,378,raw/44164140/responses/0004_b9f75dd5f3db.json
44164140,5,POST,200,Fetch,https://m.ctrip.com/restapi/soa2/34308/getHotelCommentInfo,399,raw/44164140/responses/0005_741564f8da4e.json
44164140,6,POST,200,Fetch,https://m.ctrip.com/restapi/soa2/28820/ctgethotelalbum,327067,raw/44164140/responses/0006_b034201a0549.json
44164140,7,POST,200,Fetch,https://m.ctrip.com/restapi/soa2/35021/getHotelRoomPopInfoPCOnline,394,raw/44164140/responses/0007_a399d40fcb64.json
44442280,1,POST,200,Fetch,https://m.ctrip.com/restapi/soa2/10182/GetAvailablePoints?_fxpcqlniredt=09031109115864990735&x-traceID=09031109115864990735-1788241577450-1805747,463,raw/44442280/responses/0001_13c017f3545a.json
45426197,1,POST,200,Fetch,https://m.ctrip.com/restapi/soa2/10182/GetAvailablePoints?_fxpcqlniredt=09031109115864990735&x-traceID=09031109115864990735-1788240525783-5548881,463,raw/45426197/responses/0001_1c91ee7cdd05.json
4590342,1,POST,200,Fetch,https://m.ctrip.com/restapi/soa2/10182/GetAvailablePoints?_fxpcqlniredt=09031109115864990735&x-traceID=09031109115864990735-1788235824343-1067015,462,raw/4590342/responses/0001_7481c8228271.json
4590342,2,POST,200,Fetch,https://m.ctrip.com/restapi/soa2/34308/getHotelCommentInfo,397,raw/4590342/responses/0002_e5cdff472821.json
4590342,3,POST,200,Fetch,https://m.ctrip.com/restapi/soa2/33278/getDetailAdditionalInfo,20401,raw/4590342/responses/0003_9a699f28ead6.json
4590342,4,POST,200,Fetch,https://m.ctrip.com/restapi/soa2/33278/getHotelRoomListInland,406,raw/4590342/responses/0004_4484b63447e6.json
4590342,5,POST,200,Fetch,https://m.ctrip.com/restapi/soa2/28820/ctGetNearbyHotelList,376,raw/4590342/responses/0005_1e2127aae2e6.json
4590342,6,POST,200,Fetch,https://m.ctrip.com/restapi/soa2/28820/ctgethotelalbum,343899,raw/4590342/responses/0006_b034201a0549.json
4590342,7,POST,200,Fetch,https://m.ctrip.com/restapi/soa2/35021/getHotelRoomPopInfoPCOnline,392,raw/4590342/responses/0007_a399d40fcb64.json
4590598,1,POST,200,Fetch,https://m.ctrip.com/restapi/soa2/34308/getHotelCommentInfo,397,raw/4590598/responses/0001_a72c8f9fa60e.json
4590598,2,POST,200,Fetch,https://m.ctrip.com/restapi/soa2/10182/GetAvailablePoints?_fxpcqlniredt=09031109115864990735&x-traceID=09031109115864990735-1788239546959-8727642,462,raw/4590598/responses/0002_5b3395e2910f.json
4590598,3,POST,200,Fetch,https://m.ctrip.com/restapi/soa2/33278/getDetailAdditionalInfo,20771,raw/4590598/responses/0003_9a699f28ead6.json
4590598,4,POST,200,Fetch,https://m.ctrip.com/restapi/soa2/28820/ctGetNearbyHotelList,376,raw/4590598/responses/0004_b9f75dd5f3db.json
4590598,5,POST,200,Fetch,https://m.ctrip.com/restapi/soa2/33278/getHotelRoomListInland,408,raw/4590598/responses/0005_126ff2c3c3c2.json
4590598,6,POST,200,Fetch,https://m.ctrip.com/restapi/soa2/28820/ctgethotelalbum,137191,raw/4590598/responses/0006_b034201a0549.json
4590598,7,POST,200,Fetch,https://m.ctrip.com/restapi/soa2/35021/getHotelRoomPopInfoPCOnline,394,raw/4590598/responses/0007_a399d40fcb64.json
46035720,1,POST,200,Fetch,https://m.ctrip.com/restapi/soa2/10182/GetAvailablePoints?_fxpcqlniredt=09031109115864990735&x-traceID=09031109115864990735-1788255512641-8841372,463,raw/46035720/responses/0001_ca71073a18cc.json
46114693,1,POST,200,Fetch,https://m.ctrip.com/restapi/soa2/10182/GetAvailablePoints?_fxpcqlniredt=09031109115864990735&x-traceID=09031109115864990735-1788237919659-5752852,463,raw/46114693/responses/0001_a677b116ce7f.json
46114693,2,POST,200,Fetch,https://m.ctrip.com/restapi/soa2/34308/getHotelCommentInfo,399,raw/46114693/responses/0002_e5cdff472821.json
46114693,3,POST,200,Fetch,https://m.ctrip.com/restapi/soa2/33278/getDetailAdditionalInfo,20552,raw/46114693/responses/0003_9a699f28ead6.json
46114693,4,POST,200,Fetch,https://m.ctrip.com/restapi/soa2/28820/ctgethotelalbum,215195,raw/46114693/responses/0004_65975e8ff220.json
46114693,5,POST,200,Fetch,https://m.ctrip.com/restapi/soa2/33278/getHotelRoomListInland,408,raw/46114693/responses/0005_126ff2c3c3c2.json
46114693,6,POST,200,Fetch,https://m.ctrip.com/restapi/soa2/28820/ctGetNearbyHotelList,378,raw/46114693/responses/0006_9a431dd78faa.json
46114693,7,POST,200,Fetch,https://m.ctrip.com/restapi/soa2/35021/getHotelRoomPopInfoPCOnline,394,raw/46114693/responses/0007_a399d40fcb64.json
46185819,1,POST,200,Fetch,https://m.ctrip.com/restapi/soa2/10182/GetAvailablePoints?_fxpcqlniredt=09031109115864990735&x-traceID=09031109115864990735-1788255038604-1338912,463,raw/46185819/responses/0001_ca8d5f7db5ee.json
46185819,2,POST,200,Fetch,https://m.ctrip.com/restapi/soa2/33278/getDetailAdditionalInfo,14958,raw/46185819/responses/0002_0f6525cc02a9.json
46185819,3,POST,200,Fetch,https://m.ctrip.com/restapi/soa2/34308/getHotelCommentInfo,399,raw/46185819/responses/0003_8a41a2728111.json
46185819,4,POST,200,Fetch,https://m.ctrip.com/restapi/soa2/33278/getHotelRoomListInland,408,raw/46185819/responses/0004_4484b63447e6.json
46185819,5,POST,200,Fetch,https://m.ctrip.com/restapi/soa2/28820/ctGetNearbyHotelList,378,raw/46185819/responses/0005_1e2127aae2e6.json
46185819,6,POST,200,Fetch,https://m.ctrip.com/restapi/soa2/28820/ctgethotelalbum,149816,raw/46185819/responses/0006_b034201a0549.json
46185819,7,POST,200,Fetch,https://m.ctrip.com/restapi/soa2/35021/getHotelRoomPopInfoPCOnline,394,raw/46185819/responses/0007_a399d40fcb64.json
4641202,1,POST,200,Fetch,https://m.ctrip.com/restapi/soa2/10182/GetAvailablePoints?_fxpcqlniredt=09031109115864990735&x-traceID=09031109115864990735-1788238379096-7988968,463,raw/4641202/responses/0001_cdb9d1fcc278.json
4641202,2,POST,200,Fetch,https://m.ctrip.com/restapi/soa2/34308/getHotelCommentInfo,399,raw/4641202/responses/0002_e5cdff472821.json
4641202,3,POST,200,Fetch,https://m.ctrip.com/restapi/soa2/33278/getHotelRoomListInland,408,raw/4641202/responses/0003_20a6b1dba238.json
4641202,4,POST,200,Fetch,https://m.ctrip.com/restapi/soa2/33278/getDetailAdditionalInfo,20721,raw/4641202/responses/0004_c37be698535c.json
4641202,5,POST,200,Fetch,https://m.ctrip.com/restapi/soa2/28820/ctGetNearbyHotelList,378,raw/4641202/responses/0005_1e2127aae2e6.json
4641202,6,POST,200,Fetch,https://m.ctrip.com/restapi/soa2/28820/ctgethotelalbum,438035,raw/4641202/responses/0006_b034201a0549.json
4641202,7,POST,200,Fetch,https://m.ctrip.com/restapi/soa2/35021/getHotelRoomPopInfoPCOnline,394,raw/4641202/responses/0007_a399d40fcb64.json
46554625,1,POST,200,Fetch,https://m.ctrip.com/restapi/soa2/10182/GetAvailablePoints?_fxpcqlniredt=09031109115864990735&x-traceID=09031109115864990735-1788510899937-3558557,463,raw/46554625/responses/0001_e5b7492e2f0c.json
46554625,2,POST,200,Fetch,https://m.ctrip.com/restapi/soa2/34308/getHotelCommentInfo,399,raw/46554625/responses/0002_e5cdff472821.json
46554625,3,POST,200,Fetch,https://m.ctrip.com/restapi/soa2/33278/getDetailAdditionalInfo,20300,raw/46554625/responses/0003_9a699f28ead6.json
46554625,4,POST,200,Fetch,https://m.ctrip.com/restapi/soa2/28820/ctgethotelalbum,355902,raw/46554625/responses/0004_65975e8ff220.json
46554625,5,POST,200,Fetch,https://m.ctrip.com/restapi/soa2/28820/ctGetNearbyHotelList,378,raw/46554625/responses/0005_1e2127aae2e6.json
46554625,6,POST,200,Fetch,https://m.ctrip.com/restapi/soa2/33278/getHotelRoomListInland,408,raw/46554625/responses/0006_b404bd1188b5.json
46554625,7,POST,200,Fetch,https://m.ctrip.com/restapi/soa2/35021/getHotelRoomPopInfoPCOnline,394,raw/46554625/responses/0007_a399d40fcb64.json
4661916,1,POST,200,Fetch,https://m.ctrip.com/restapi/soa2/10182/GetAvailablePoints?_fxpcqlniredt=09031109115864990735&x-traceID=09031109115864990735-1788513227370-3068250,463,raw/4661916/responses/0001_9b61215eb57b.json
4661916,2,POST,200,Fetch,https://m.ctrip.com/restapi/soa2/34308/getHotelCommentInfo,397,raw/4661916/responses/0002_e5cdff472821.json
4661916,3,POST,200,Fetch,https://m.ctrip.com/restapi/soa2/33278/getDetailAdditionalInfo,21510,raw/4661916/responses/0003_9a699f28ead6.json
4661916,4,POST,200,Fetch,https://m.ctrip.com/restapi/soa2/33278/getHotelRoomListInland,408,raw/4661916/responses/0004_4484b63447e6.json
4661916,5,POST,200,Fetch,https://m.ctrip.com/restapi/soa2/28820/ctgethotelalbum,371495,raw/4661916/responses/0005_0ef9cbf89082.json
4661916,6,POST,200,Fetch,https://m.ctrip.com/restapi/soa2/28820/ctGetNearbyHotelList,376,raw/4661916/responses/0006_9a431dd78faa.json
4661916,7,POST,200,Fetch,https://m.ctrip.com/restapi/soa2/35021/getHotelRoomPopInfoPCOnline,392,raw/4661916/responses/0007_a399d40fcb64.json
4690657,1,POST,200,Fetch,https://m.ctrip.com/restapi/soa2/10182/GetAvailablePoints?_fxpcqlniredt=09031109115864990735&x-traceID=09031109115864990735-1788238991236-6491317,462,raw/4690657/responses/0001_0ddd7ca944fa.json
4690657,2,POST,200,Fetch,https://m.ctrip.com/restapi/soa2/34308/getHotelCommentInfo,397,raw/4690657/responses/0002_e5cdff472821.json
4690657,3,POST,200,Fetch,https://m.ctrip.com/restapi/soa2/33278/getHotelRoomListInland,406,raw/4690657/responses/0003_20a6b1dba238.json
4690657,4,POST,200,Fetch,https://m.ctrip.com/restapi/soa2/28820/ctGetNearbyHotelList,376,raw/4690657/responses/0004_b9f75dd5f3db.json
4690657,5,POST,200,Fetch,https://m.ctrip.com/restapi/soa2/33278/getDetailAdditionalInfo,20676,raw/4690657/responses/0005_1139d80bc75b.json
4690657,6,POST,200,Fetch,https://m.ctrip.com/restapi/soa2/28820/ctgethotelalbum,223686,raw/4690657/responses/0006_b034201a0549.json
4690657,7,POST,200,Fetch,https://m.ctrip.com/restapi/soa2/35021/getHotelRoomPopInfoPCOnline,392,raw/4690657/responses/0007_a399d40fcb64.json
47124469,1,POST,200,Fetch,https://m.ctrip.com/restapi/soa2/28820/ctGetNearbyHotelList,378,raw/47124469/responses/0001_ebd267232c7e.json
47124469,2,POST,200,Fetch,https://m.ctrip.com/restapi/soa2/34308/getHotelCommentInfo,399,raw/47124469/responses/0002_e5cdff472821.json
47124469,3,POST,200,Fetch,https://m.ctrip.com/restapi/soa2/33278/getDetailAdditionalInfo,20808,raw/47124469/responses/0003_9a699f28ead6.json
47124469,4,POST,200,Fetch,https://m.ctrip.com/restapi/soa2/33278/getHotelRoomListInland,408,raw/47124469/responses/0004_4484b63447e6.json
47124469,5,POST,200,Fetch,https://m.ctrip.com/restapi/soa2/10182/GetAvailablePoints?_fxpcqlniredt=09031109115864990735&x-traceID=09031109115864990735-1788512003201-8581105,463,raw/47124469/responses/0005_4e7f94bd7775.json
47124469,6,POST,200,Fetch,https://m.ctrip.com/restapi/soa2/28820/ctgethotelalbum,203000,raw/47124469/responses/0006_b034201a0549.json
47124469,7,POST,200,Fetch,https://m.ctrip.com/restapi/soa2/35021/getHotelRoomPopInfoPCOnline,394,raw/47124469/responses/0007_a399d40fcb64.json
47429268,1,POST,200,Fetch,https://m.ctrip.com/restapi/soa2/10182/GetAvailablePoints?_fxpcqlniredt=09031109115864990735&x-traceID=09031109115864990735-1788163370955-5314597,462,raw/47429268/responses/0001_979e03c7a29d.json
47429268,2,POST,200,Fetch,https://m.ctrip.com/restapi/soa2/33278/getDetailAdditionalInfo,20238,raw/47429268/responses/0002_0f6525cc02a9.json
47429268,3,POST,200,Fetch,https://m.ctrip.com/restapi/soa2/34308/getHotelCommentInfo,61899,raw/47429268/responses/0003_8a41a2728111.json
47429268,4,POST,200,Fetch,https://m.ctrip.com/restapi/soa2/28820/ctgethotelalbum,396877,raw/47429268/responses/0004_65975e8ff220.json
47429268,5,POST,200,Fetch,https://m.ctrip.com/restapi/soa2/28820/ctGetNearbyHotelList,137096,raw/47429268/responses/0005_1e2127aae2e6.json
47429268,6,POST,200,Fetch,https://m.ctrip.com/restapi/soa2/33278/getHotelRoomListInland,3523507,raw/47429268/responses/0006_b404bd1188b5.json
47429268,7,POST,200,Fetch,https://m.ctrip.com/restapi/soa2/35021/getHotelRoomPopInfoPCOnline,4744874,raw/47429268/responses/0007_a399d40fcb64.json
47429268,8,POST,200,Fetch,https://m.ctrip.com/restapi/soa2/10182/GetAvailablePoints?_fxpcqlniredt=09031109115864990735&x-traceID=09031109115864990735-1788163400385-7716263,462,raw/47429268/responses/0008_beb3070b01cf.json
47429268,9,POST,200,Fetch,https://m.ctrip.com/restapi/soa2/33278/getDetailAdditionalInfo,20238,raw/47429268/responses/0009_e01901ce0bf5.json
47429268,10,POST,200,Fetch,https://m.ctrip.com/restapi/soa2/34308/getHotelCommentInfo,61899,raw/47429268/responses/0010_f587f57099fa.json
47429268,11,POST,200,Fetch,https://m.ctrip.com/restapi/soa2/28820/ctgethotelalbum,396877,raw/47429268/responses/0011_606c871b4b51.json
47429268,12,POST,200,Fetch,https://m.ctrip.com/restapi/soa2/28820/ctGetNearbyHotelList,128001,raw/47429268/responses/0012_1cf245f2638a.json
48022160,1,POST,200,Fetch,https://m.ctrip.com/restapi/soa2/10182/GetAvailablePoints?_fxpcqlniredt=09031109115864990735&x-traceID=09031109115864990735-1788164320207-8405531,463,raw/48022160/responses/0001_76820600f517.json
48022160,2,POST,200,Fetch,https://m.ctrip.com/restapi/soa2/33278/getDetailAdditionalInfo,21026,raw/48022160/responses/0002_0f6525cc02a9.json
48022160,3,POST,200,Fetch,https://m.ctrip.com/restapi/soa2/34308/getHotelCommentInfo,58711,raw/48022160/responses/0003_8a41a2728111.json
48022160,4,POST,200,Fetch,https://m.ctrip.com/restapi/soa2/28820/ctgethotelalbum,320590,raw/48022160/responses/0004_65975e8ff220.json
48022160,5,POST,200,Fetch,https://m.ctrip.com/restapi/soa2/28820/ctGetNearbyHotelList,132742,raw/48022160/responses/0005_1e2127aae2e6.json
48022160,6,POST,200,Fetch,https://m.ctrip.com/restapi/soa2/33278/getHotelRoomListInland,813657,raw/48022160/responses/0006_b404bd1188b5.json
48022160,7,POST,200,Fetch,https://m.ctrip.com/restapi/soa2/35021/getHotelRoomPopInfoPCOnline,886467,raw/48022160/responses/0007_a399d40fcb64.json
48567494,1,POST,200,Fetch,https://m.ctrip.com/restapi/soa2/10182/GetAvailablePoints?_fxpcqlniredt=09031109115864990735&x-traceID=09031109115864990735-1788255892845-3924938,462,raw/48567494/responses/0001_899fad213696.json
48900753,1,POST,200,Fetch,https://m.ctrip.com/restapi/soa2/10182/GetAvailablePoints?_fxpcqlniredt=09031109115864990735&x-traceID=09031109115864990735-1788256775591-4366924,463,raw/48900753/responses/0001_bbadc501961c.json
48900753,2,POST,200,Fetch,https://m.ctrip.com/restapi/soa2/33278/getHotelRoomListInland,408,raw/48900753/responses/0002_e41e460f95a3.json
48900753,3,POST,200,Fetch,https://m.ctrip.com/restapi/soa2/28820/ctGetNearbyHotelList,378,raw/48900753/responses/0003_6558381281e0.json
48900753,4,POST,200,Fetch,https://m.ctrip.com/restapi/soa2/34308/getHotelCommentInfo,399,raw/48900753/responses/0004_f4484678b221.json
48900753,5,POST,200,Fetch,https://m.ctrip.com/restapi/soa2/28820/ctgethotelalbum,272941,raw/48900753/responses/0005_0ef9cbf89082.json
48900753,6,POST,200,Fetch,https://m.ctrip.com/restapi/soa2/33278/getDetailAdditionalInfo,20389,raw/48900753/responses/0006_937db351796d.json
48900753,7,POST,200,Fetch,https://m.ctrip.com/restapi/soa2/35021/getHotelRoomPopInfoPCOnline,394,raw/48900753/responses/0007_a399d40fcb64.json
49107044,1,POST,200,Fetch,https://m.ctrip.com/restapi/soa2/10182/GetAvailablePoints?_fxpcqlniredt=09031109115864990735&x-traceID=09031109115864990735-1788164298277-1255676,462,raw/49107044/responses/0001_d793c534a272.json
49107044,2,POST,200,Fetch,https://m.ctrip.com/restapi/soa2/33278/getDetailAdditionalInfo,21137,raw/49107044/responses/0002_0f6525cc02a9.json
49107044,3,POST,200,Fetch,https://m.ctrip.com/restapi/soa2/28820/ctgethotelalbum,274793,raw/49107044/responses/0003_b0749e138db6.json
49107044,4,POST,200,Fetch,https://m.ctrip.com/restapi/soa2/34308/getHotelCommentInfo,51692,raw/49107044/responses/0004_f4484678b221.json
49107044,5,POST,200,Fetch,https://m.ctrip.com/restapi/soa2/33278/getHotelRoomListInland,233220,raw/49107044/responses/0005_126ff2c3c3c2.json
49107044,6,POST,200,Fetch,https://m.ctrip.com/restapi/soa2/28820/ctGetNearbyHotelList,132494,raw/49107044/responses/0006_9a431dd78faa.json
49107044,7,POST,200,Fetch,https://m.ctrip.com/restapi/soa2/35021/getHotelRoomPopInfoPCOnline,271814,raw/49107044/responses/0007_a399d40fcb64.json
4963048,1,POST,200,Fetch,https://m.ctrip.com/restapi/soa2/10182/GetAvailablePoints?_fxpcqlniredt=09031109115864990735&x-traceID=09031109115864990735-1788164493914-5992988,463,raw/4963048/responses/0001_c762ac6fe254.json
4963048,2,POST,200,Fetch,https://m.ctrip.com/restapi/soa2/34308/getHotelCommentInfo,46472,raw/4963048/responses/0002_e5cdff472821.json
4963048,3,POST,200,Fetch,https://m.ctrip.com/restapi/soa2/33278/getDetailAdditionalInfo,20490,raw/4963048/responses/0003_9a699f28ead6.json
4963048,4,POST,200,Fetch,https://m.ctrip.com/restapi/soa2/28820/ctgethotelalbum,266856,raw/4963048/responses/0004_65975e8ff220.json
4963048,5,POST,200,Fetch,https://m.ctrip.com/restapi/soa2/33278/getHotelRoomListInland,157791,raw/4963048/responses/0005_126ff2c3c3c2.json
4963048,6,POST,200,Fetch,https://m.ctrip.com/restapi/soa2/28820/ctGetNearbyHotelList,115199,raw/4963048/responses/0006_9a431dd78faa.json
4963048,7,POST,200,Fetch,https://m.ctrip.com/restapi/soa2/35021/getHotelRoomPopInfoPCOnline,182665,raw/4963048/responses/0007_a399d40fcb64.json
4971873,1,POST,200,Fetch,https://m.ctrip.com/restapi/soa2/10182/GetAvailablePoints?_fxpcqlniredt=09031109115864990735&x-traceID=09031109115864990735-1788511764622-6578868,462,raw/4971873/responses/0001_c4814fb553f0.json
4971873,2,POST,200,Fetch,https://m.ctrip.com/restapi/soa2/34308/getHotelCommentInfo,399,raw/4971873/responses/0002_e5cdff472821.json
4971873,3,POST,200,Fetch,https://m.ctrip.com/restapi/soa2/33278/getDetailAdditionalInfo,20802,raw/4971873/responses/0003_9a699f28ead6.json
4971873,4,POST,200,Fetch,https://m.ctrip.com/restapi/soa2/33278/getHotelRoomListInland,408,raw/4971873/responses/0004_4484b63447e6.json
4971873,5,POST,200,Fetch,https://m.ctrip.com/restapi/soa2/28820/ctgethotelalbum,354717,raw/4971873/responses/0005_0ef9cbf89082.json
4971873,6,POST,200,Fetch,https://m.ctrip.com/restapi/soa2/28820/ctGetNearbyHotelList,378,raw/4971873/responses/0006_9a431dd78faa.json
4971873,7,POST,200,Fetch,https://m.ctrip.com/restapi/soa2/35021/getHotelRoomPopInfoPCOnline,394,raw/4971873/responses/0007_a399d40fcb64.json
49847028,1,POST,200,Fetch,https://m.ctrip.com/restapi/soa2/10182/GetAvailablePoints?_fxpcqlniredt=09031109115864990735&x-traceID=09031109115864990735-1788166517770-1470186,463,raw/49847028/responses/0001_8c7d139a938d.json
49847028,2,POST,200,Fetch,https://m.ctrip.com/restapi/soa2/33278/getDetailAdditionalInfo,21242,raw/49847028/responses/0002_0f6525cc02a9.json
49847028,3,POST,200,Fetch,https://m.ctrip.com/restapi/soa2/34308/getHotelCommentInfo,42641,raw/49847028/responses/0003_8a41a2728111.json
49847028,4,POST,200,Fetch,https://m.ctrip.com/restapi/soa2/28820/ctgethotelalbum,251505,raw/49847028/responses/0004_65975e8ff220.json
49847028,5,POST,200,Fetch,https://m.ctrip.com/restapi/soa2/33278/getHotelRoomListInland,130697,raw/49847028/responses/0005_126ff2c3c3c2.json
49847028,6,POST,200,Fetch,https://m.ctrip.com/restapi/soa2/28820/ctGetNearbyHotelList,134927,raw/49847028/responses/0006_9a431dd78faa.json
49847028,7,POST,200,Fetch,https://m.ctrip.com/restapi/soa2/35021/getHotelRoomPopInfoPCOnline,137465,raw/49847028/responses/0007_a399d40fcb64.json
49991441,1,POST,200,Fetch,https://m.ctrip.com/restapi/soa2/10182/GetAvailablePoints?_fxpcqlniredt=09031109115864990735&x-traceID=09031109115864990735-1788512565963-2931746,462,raw/49991441/responses/0001_2b762ba4b7c7.json
49991441,2,POST,200,Fetch,https://m.ctrip.com/restapi/soa2/34308/getHotelCommentInfo,397,raw/49991441/responses/0002_e5cdff472821.json
49991441,3,POST,200,Fetch,https://m.ctrip.com/restapi/soa2/33278/getHotelRoomListInland,406,raw/49991441/responses/0003_20a6b1dba238.json
49991441,4,POST,200,Fetch,https://m.ctrip.com/restapi/soa2/28820/ctGetNearbyHotelList,376,raw/49991441/responses/0004_b9f75dd5f3db.json
49991441,5,POST,200,Fetch,https://m.ctrip.com/restapi/soa2/33278/getDetailAdditionalInfo,20987,raw/49991441/responses/0005_1139d80bc75b.json
49991441,6,POST,200,Fetch,https://m.ctrip.com/restapi/soa2/35021/getHotelRoomPopInfoPCOnline,392,raw/49991441/responses/0006_e166730164ad.json
49991441,7,POST,200,Fetch,https://m.ctrip.com/restapi/soa2/28820/ctgethotelalbum,513279,raw/49991441/responses/0007_5551fd384839.json
5033287,1,POST,200,Fetch,https://m.ctrip.com/restapi/soa2/10182/GetAvailablePoints?_fxpcqlniredt=09031109115864990735&x-traceID=09031109115864990735-1788255732759-4793006,463,raw/5033287/responses/0001_58b23e0a3738.json
5033287,2,POST,200,Fetch,https://m.ctrip.com/restapi/soa2/34308/getHotelCommentInfo,399,raw/5033287/responses/0002_e5cdff472821.json
5033287,3,POST,200,Fetch,https://m.ctrip.com/restapi/soa2/33278/getHotelRoomListInland,408,raw/5033287/responses/0003_20a6b1dba238.json
5033287,4,POST,200,Fetch,https://m.ctrip.com/restapi/soa2/33278/getDetailAdditionalInfo,19812,raw/5033287/responses/0004_c37be698535c.json
5033287,5,POST,200,Fetch,https://m.ctrip.com/restapi/soa2/28820/ctgethotelalbum,249381,raw/5033287/responses/0005_0ef9cbf89082.json
5033287,6,POST,200,Fetch,https://m.ctrip.com/restapi/soa2/28820/ctGetNearbyHotelList,378,raw/5033287/responses/0006_9a431dd78faa.json
5033287,7,POST,200,Fetch,https://m.ctrip.com/restapi/soa2/35021/getHotelRoomPopInfoPCOnline,394,raw/5033287/responses/0007_a399d40fcb64.json
52121446,1,POST,200,Fetch,https://m.ctrip.com/restapi/soa2/10182/GetAvailablePoints?_fxpcqlniredt=09031109115864990735&x-traceID=09031109115864990735-1788165434779-8561856,463,raw/52121446/responses/0001_24c587e1fb50.json
52121446,2,POST,200,Fetch,https://m.ctrip.com/restapi/soa2/34308/getHotelCommentInfo,53478,raw/52121446/responses/0002_e5cdff472821.json
52121446,3,POST,200,Fetch,https://m.ctrip.com/restapi/soa2/33278/getDetailAdditionalInfo,21037,raw/52121446/responses/0003_9a699f28ead6.json
52121446,4,POST,200,Fetch,https://m.ctrip.com/restapi/soa2/28820/ctgethotelalbum,278729,raw/52121446/responses/0004_65975e8ff220.json
52121446,5,POST,200,Fetch,https://m.ctrip.com/restapi/soa2/33278/getHotelRoomListInland,228443,raw/52121446/responses/0005_126ff2c3c3c2.json
52121446,6,POST,200,Fetch,https://m.ctrip.com/restapi/soa2/28820/ctGetNearbyHotelList,136357,raw/52121446/responses/0006_9a431dd78faa.json
5215450,1,POST,200,Fetch,https://m.ctrip.com/restapi/soa2/10182/GetAvailablePoints?_fxpcqlniredt=09031109115864990735&x-traceID=09031109115864990735-1788241862935-4712246,463,raw/5215450/responses/0001_c7f935f24745.json
52161242,1,POST,200,Fetch,https://m.ctrip.com/restapi/soa2/10182/GetAvailablePoints?_fxpcqlniredt=09031109115864990735&x-traceID=09031109115864990735-1788236368041-5916178,463,raw/52161242/responses/0001_f22c72f6019a.json
52161242,2,POST,200,Fetch,https://m.ctrip.com/restapi/soa2/34308/getHotelCommentInfo,399,raw/52161242/responses/0002_e5cdff472821.json
52161242,3,POST,200,Fetch,https://m.ctrip.com/restapi/soa2/33278/getDetailAdditionalInfo,13020,raw/52161242/responses/0003_9a699f28ead6.json
52161242,4,POST,200,Fetch,https://m.ctrip.com/restapi/soa2/33278/getHotelRoomListInland,408,raw/52161242/responses/0004_4484b63447e6.json
52161242,5,POST,200,Fetch,https://m.ctrip.com/restapi/soa2/28820/ctGetNearbyHotelList,378,raw/52161242/responses/0005_1e2127aae2e6.json
52161242,6,POST,200,Fetch,https://m.ctrip.com/restapi/soa2/28820/ctgethotelalbum,473958,raw/52161242/responses/0006_b034201a0549.json
52161242,7,POST,200,Fetch,https://m.ctrip.com/restapi/soa2/35021/getHotelRoomPopInfoPCOnline,394,raw/52161242/responses/0007_a399d40fcb64.json
52169615,1,POST,200,Fetch,https://m.ctrip.com/restapi/soa2/10182/GetAvailablePoints?_fxpcqlniredt=09031109115864990735&x-traceID=09031109115864990735-1788238479023-4930120,463,raw/52169615/responses/0001_b002e12f4c82.json
52169615,2,POST,200,Fetch,https://m.ctrip.com/restapi/soa2/33278/getDetailAdditionalInfo,20241,raw/52169615/responses/0002_0f6525cc02a9.json
52169615,3,POST,200,Fetch,https://m.ctrip.com/restapi/soa2/34308/getHotelCommentInfo,399,raw/52169615/responses/0003_8a41a2728111.json
52169615,4,POST,200,Fetch,https://m.ctrip.com/restapi/soa2/28820/ctgethotelalbum,435843,raw/52169615/responses/0004_65975e8ff220.json
52169615,5,POST,200,Fetch,https://m.ctrip.com/restapi/soa2/28820/ctGetNearbyHotelList,378,raw/52169615/responses/0005_1e2127aae2e6.json
52169615,6,POST,200,Fetch,https://m.ctrip.com/restapi/soa2/33278/getHotelRoomListInland,408,raw/52169615/responses/0006_b404bd1188b5.json
52169615,7,POST,200,Fetch,https://m.ctrip.com/restapi/soa2/35021/getHotelRoomPopInfoPCOnline,394,raw/52169615/responses/0007_a399d40fcb64.json
5273814,1,POST,200,Fetch,https://m.ctrip.com/restapi/soa2/10182/GetAvailablePoints?_fxpcqlniredt=09031109115864990735&x-traceID=09031109115864990735-1788166455335-4216268,463,raw/5273814/responses/0001_c6c001a5e848.json
52752206,1,POST,200,Fetch,https://m.ctrip.com/restapi/soa2/10182/GetAvailablePoints?_fxpcqlniredt=09031109115864990735&x-traceID=09031109115864990735-1788163855706-426203,462,raw/52752206/responses/0001_e13b1a01745d.json
52752206,2,POST,200,Fetch,https://m.ctrip.com/restapi/soa2/33278/getDetailAdditionalInfo,20263,raw/52752206/responses/0002_0f6525cc02a9.json
52752206,3,POST,200,Fetch,https://m.ctrip.com/restapi/soa2/34308/getHotelCommentInfo,67237,raw/52752206/responses/0003_8a41a2728111.json
52752206,4,POST,200,Fetch,https://m.ctrip.com/restapi/soa2/28820/ctgethotelalbum,354026,raw/52752206/responses/0004_65975e8ff220.json
52752206,5,POST,200,Fetch,https://m.ctrip.com/restapi/soa2/28820/ctGetNearbyHotelList,136807,raw/52752206/responses/0005_1e2127aae2e6.json
53297680,1,POST,200,Fetch,https://m.ctrip.com/restapi/soa2/10182/GetAvailablePoints?_fxpcqlniredt=09031109115864990735&x-traceID=09031109115864990735-1788512020213-1518765,463,raw/53297680/responses/0001_798f53c4ef27.json
53297680,2,POST,200,Fetch,https://m.ctrip.com/restapi/soa2/34308/getHotelCommentInfo,399,raw/53297680/responses/0002_e5cdff472821.json
53297680,3,POST,200,Fetch,https://m.ctrip.com/restapi/soa2/33278/getHotelRoomListInland,408,raw/53297680/responses/0003_20a6b1dba238.json
53297680,4,POST,200,Fetch,https://m.ctrip.com/restapi/soa2/28820/ctGetNearbyHotelList,378,raw/53297680/responses/0004_b9f75dd5f3db.json
53297680,5,POST,200,Fetch,https://m.ctrip.com/restapi/soa2/33278/getDetailAdditionalInfo,20494,raw/53297680/responses/0005_1139d80bc75b.json
53297680,6,POST,200,Fetch,https://m.ctrip.com/restapi/soa2/28820/ctgethotelalbum,308637,raw/53297680/responses/0006_b034201a0549.json
53297680,7,POST,200,Fetch,https://m.ctrip.com/restapi/soa2/35021/getHotelRoomPopInfoPCOnline,394,raw/53297680/responses/0007_a399d40fcb64.json
54294087,1,POST,200,Fetch,https://m.ctrip.com/restapi/soa2/10182/GetAvailablePoints?_fxpcqlniredt=09031109115864990735&x-traceID=09031109115864990735-1788257129547-5338216,462,raw/54294087/responses/0001_055f4fb034d8.json
54294087,2,POST,200,Fetch,https://m.ctrip.com/restapi/soa2/28820/ctGetNearbyHotelList,376,raw/54294087/responses/0002_79652ba8e9e8.json
54294087,3,POST,200,Fetch,https://m.ctrip.com/restapi/soa2/34308/getHotelCommentInfo,397,raw/54294087/responses/0003_8a41a2728111.json
54294087,4,POST,200,Fetch,https://m.ctrip.com/restapi/soa2/33278/getHotelRoomListInland,406,raw/54294087/responses/0004_4484b63447e6.json
54294087,5,POST,200,Fetch,https://m.ctrip.com/restapi/soa2/33278/getDetailAdditionalInfo,20219,raw/54294087/responses/0005_1139d80bc75b.json
54294087,6,POST,200,Fetch,https://m.ctrip.com/restapi/soa2/28820/ctgethotelalbum,288425,raw/54294087/responses/0006_b034201a0549.json
54294087,7,POST,200,Fetch,https://m.ctrip.com/restapi/soa2/35021/getHotelRoomPopInfoPCOnline,392,raw/54294087/responses/0007_a399d40fcb64.json
54710576,1,POST,200,Fetch,https://m.ctrip.com/restapi/soa2/10182/GetAvailablePoints?_fxpcqlniredt=09031109115864990735&x-traceID=09031109115864990735-1788256377953-5193451,463,raw/54710576/responses/0001_fe901656ff29.json
54710576,2,POST,200,Fetch,https://m.ctrip.com/restapi/soa2/34308/getHotelCommentInfo,399,raw/54710576/responses/0002_e5cdff472821.json
54710576,3,POST,200,Fetch,https://m.ctrip.com/restapi/soa2/33278/getHotelRoomListInland,408,raw/54710576/responses/0003_20a6b1dba238.json
54710576,4,POST,200,Fetch,https://m.ctrip.com/restapi/soa2/33278/getDetailAdditionalInfo,19892,raw/54710576/responses/0004_c37be698535c.json
54710576,5,POST,200,Fetch,https://m.ctrip.com/restapi/soa2/28820/ctgethotelalbum,284397,raw/54710576/responses/0005_0ef9cbf89082.json
54710576,6,POST,200,Fetch,https://m.ctrip.com/restapi/soa2/28820/ctGetNearbyHotelList,378,raw/54710576/responses/0006_9a431dd78faa.json
54710576,7,POST,200,Fetch,https://m.ctrip.com/restapi/soa2/35021/getHotelRoomPopInfoPCOnline,394,raw/54710576/responses/0007_a399d40fcb64.json
54913120,1,POST,200,Fetch,https://m.ctrip.com/restapi/soa2/10182/GetAvailablePoints?_fxpcqlniredt=09031109115864990735&x-traceID=09031109115864990735-1788237992698-4886562,463,raw/54913120/responses/0001_c96854bf6137.json
54913120,2,POST,200,Fetch,https://m.ctrip.com/restapi/soa2/34308/getHotelCommentInfo,399,raw/54913120/responses/0002_e5cdff472821.json
54913120,3,POST,200,Fetch,https://m.ctrip.com/restapi/soa2/33278/getDetailAdditionalInfo,20584,raw/54913120/responses/0003_9a699f28ead6.json
54913120,4,POST,200,Fetch,https://m.ctrip.com/restapi/soa2/28820/ctGetNearbyHotelList,378,raw/54913120/responses/0004_b9f75dd5f3db.json
54913120,5,POST,200,Fetch,https://m.ctrip.com/restapi/soa2/28820/ctgethotelalbum,171393,raw/54913120/responses/0005_0ef9cbf89082.json
54913120,6,POST,200,Fetch,https://m.ctrip.com/restapi/soa2/33278/getHotelRoomListInland,408,raw/54913120/responses/0006_b404bd1188b5.json
54913120,7,POST,200,Fetch,https://m.ctrip.com/restapi/soa2/35021/getHotelRoomPopInfoPCOnline,394,raw/54913120/responses/0007_a399d40fcb64.json
55223089,1,POST,200,Fetch,https://m.ctrip.com/restapi/soa2/10182/GetAvailablePoints?_fxpcqlniredt=09031109115864990735&x-traceID=09031109115864990735-1788240468143-4186726,463,raw/55223089/responses/0001_ed094532f126.json
5524344,1,POST,200,Fetch,https://m.ctrip.com/restapi/soa2/10182/GetAvailablePoints?_fxpcqlniredt=09031109115864990735&x-traceID=09031109115864990735-1788256008827-6673345,462,raw/5524344/responses/0001_ae5751d3162a.json
5524344,2,POST,200,Fetch,https://m.ctrip.com/restapi/soa2/34308/getHotelCommentInfo,399,raw/5524344/responses/0002_e5cdff472821.json
5524344,3,POST,200,Fetch,https://m.ctrip.com/restapi/soa2/33278/getHotelRoomListInland,408,raw/5524344/responses/0003_20a6b1dba238.json
5524344,4,POST,200,Fetch,https://m.ctrip.com/restapi/soa2/33278/getDetailAdditionalInfo,20138,raw/5524344/responses/0004_c37be698535c.json
5524344,5,POST,200,Fetch,https://m.ctrip.com/restapi/soa2/28820/ctgethotelalbum,404165,raw/5524344/responses/0005_0ef9cbf89082.json
5524344,6,POST,200,Fetch,https://m.ctrip.com/restapi/soa2/28820/ctGetNearbyHotelList,378,raw/5524344/responses/0006_9a431dd78faa.json
5524344,7,POST,200,Fetch,https://m.ctrip.com/restapi/soa2/35021/getHotelRoomPopInfoPCOnline,394,raw/5524344/responses/0007_a399d40fcb64.json
55958642,1,POST,200,Fetch,https://m.ctrip.com/restapi/soa2/10182/GetAvailablePoints?_fxpcqlniredt=09031109115864990735&x-traceID=09031109115864990735-1788512394807-6231635,463,raw/55958642/responses/0001_9011b89283d8.json
55958642,2,POST,200,Fetch,https://m.ctrip.com/restapi/soa2/34308/getHotelCommentInfo,399,raw/55958642/responses/0002_e5cdff472821.json
55958642,3,POST,200,Fetch,https://m.ctrip.com/restapi/soa2/33278/getDetailAdditionalInfo,20778,raw/55958642/responses/0003_9a699f28ead6.json
55958642,4,POST,200,Fetch,https://m.ctrip.com/restapi/soa2/28820/ctGetNearbyHotelList,378,raw/55958642/responses/0004_b9f75dd5f3db.json
55958642,5,POST,200,Fetch,https://m.ctrip.com/restapi/soa2/33278/getHotelRoomListInland,408,raw/55958642/responses/0005_126ff2c3c3c2.json
55958642,6,POST,200,Fetch,https://m.ctrip.com/restapi/soa2/28820/ctgethotelalbum,292884,raw/55958642/responses/0006_b034201a0549.json
55958642,7,POST,200,Fetch,https://m.ctrip.com/restapi/soa2/35021/getHotelRoomPopInfoPCOnline,394,raw/55958642/responses/0007_a399d40fcb64.json
56161658,1,POST,200,Fetch,https://m.ctrip.com/restapi/soa2/10182/GetAvailablePoints?_fxpcqlniredt=09031109115864990735&x-traceID=09031109115864990735-1788256153678-7730019,463,raw/56161658/responses/0001_ac358a7ed737.json
56161658,2,POST,200,Fetch,https://m.ctrip.com/restapi/soa2/34308/getHotelCommentInfo,399,raw/56161658/responses/0002_e5cdff472821.json
56161658,3,POST,200,Fetch,https://m.ctrip.com/restapi/soa2/33278/getDetailAdditionalInfo,20337,raw/56161658/responses/0003_9a699f28ead6.json
56161658,4,POST,200,Fetch,https://m.ctrip.com/restapi/soa2/33278/getHotelRoomListInland,408,raw/56161658/responses/0004_4484b63447e6.json
56161658,5,POST,200,Fetch,https://m.ctrip.com/restapi/soa2/28820/ctGetNearbyHotelList,378,raw/56161658/responses/0005_1e2127aae2e6.json
56161658,6,POST,200,Fetch,https://m.ctrip.com/restapi/soa2/28820/ctgethotelalbum,293930,raw/56161658/responses/0006_b034201a0549.json
56161658,7,POST,200,Fetch,https://m.ctrip.com/restapi/soa2/35021/getHotelRoomPopInfoPCOnline,394,raw/56161658/responses/0007_a399d40fcb64.json
56451876,1,POST,200,Fetch,https://m.ctrip.com/restapi/soa2/10182/GetAvailablePoints?_fxpcqlniredt=09031109115864990735&x-traceID=09031109115864990735-1788163025025-4274405,463,raw/56451876/responses/0001_b9dcac0fc639.json
56451876,2,POST,200,Fetch,https://m.ctrip.com/restapi/soa2/33278/getDetailAdditionalInfo,20779,raw/56451876/responses/0002_0f6525cc02a9.json
56451876,3,POST,200,Fetch,https://m.ctrip.com/restapi/soa2/34308/getHotelCommentInfo,65004,raw/56451876/responses/0003_8a41a2728111.json
56451876,4,POST,200,Fetch,https://m.ctrip.com/restapi/soa2/28820/ctgethotelalbum,342066,raw/56451876/responses/0004_65975e8ff220.json
56451876,5,POST,200,Fetch,https://m.ctrip.com/restapi/soa2/28820/ctGetNearbyHotelList,128967,raw/56451876/responses/0005_1e2127aae2e6.json
56451876,6,POST,200,Fetch,https://m.ctrip.com/restapi/soa2/33278/getHotelRoomListInland,1147562,raw/56451876/responses/0006_b404bd1188b5.json
56744067,1,POST,200,Fetch,https://m.ctrip.com/restapi/soa2/10182/GetAvailablePoints?_fxpcqlniredt=09031109115864990735&x-traceID=09031109115864990735-1788237240350-3096297,463,raw/56744067/responses/0001_6f445cb819f6.json
56744067,2,POST,200,Fetch,https://m.ctrip.com/restapi/soa2/34308/getHotelCommentInfo,399,raw/56744067/responses/0002_e5cdff472821.json
56744067,3,POST,200,Fetch,https://m.ctrip.com/restapi/soa2/33278/getDetailAdditionalInfo,20250,raw/56744067/responses/0003_9a699f28ead6.json
56744067,4,POST,200,Fetch,https://m.ctrip.com/restapi/soa2/28820/ctGetNearbyHotelList,378,raw/56744067/responses/0004_b9f75dd5f3db.json
56744067,5,POST,200,Fetch,https://m.ctrip.com/restapi/soa2/28820/ctgethotelalbum,272436,raw/56744067/responses/0005_0ef9cbf89082.json
56744067,6,POST,200,Fetch,https://m.ctrip.com/restapi/soa2/33278/getHotelRoomListInland,408,raw/56744067/responses/0006_b404bd1188b5.json
56744067,7,POST,200,Fetch,https://m.ctrip.com/restapi/soa2/35021/getHotelRoomPopInfoPCOnline,394,raw/56744067/responses/0007_a399d40fcb64.json
5708596,1,POST,200,Fetch,https://m.ctrip.com/restapi/soa2/28820/ctgethotelalbum,330132,raw/5708596/responses/0001_332938ae7e3f.json
5708596,2,POST,200,Fetch,https://m.ctrip.com/restapi/soa2/34308/getHotelCommentInfo,67424,raw/5708596/responses/0002_e5cdff472821.json
5708596,3,POST,200,Fetch,https://m.ctrip.com/restapi/soa2/10182/GetAvailablePoints?_fxpcqlniredt=09031109115864990735&x-traceID=09031109115864990735-1788163345847-3429122,462,raw/5708596/responses/0003_1b9b9d9c5923.json
5708596,4,POST,200,Fetch,https://m.ctrip.com/restapi/soa2/33278/getDetailAdditionalInfo,20931,raw/5708596/responses/0004_c37be698535c.json
5708596,5,POST,200,Fetch,https://m.ctrip.com/restapi/soa2/33278/getHotelRoomListInland,1604016,raw/5708596/responses/0005_126ff2c3c3c2.json
5708596,6,POST,200,Fetch,https://m.ctrip.com/restapi/soa2/28820/ctGetNearbyHotelList,137187,raw/5708596/responses/0006_9a431dd78faa.json
5708596,7,POST,200,Fetch,https://m.ctrip.com/restapi/soa2/35021/getHotelRoomPopInfoPCOnline,1949105,raw/5708596/responses/0007_a399d40fcb64.json
57352068,1,POST,200,Fetch,https://m.ctrip.com/restapi/soa2/10182/GetAvailablePoints?_fxpcqlniredt=09031109115864990735&x-traceID=09031109115864990735-1788235275723-6012102,462,raw/57352068/responses/0001_f9880772be23.json
57352068,2,POST,200,Fetch,https://m.ctrip.com/restapi/soa2/34308/getHotelCommentInfo,395,raw/57352068/responses/0002_e5cdff472821.json
57352068,3,POST,200,Fetch,https://m.ctrip.com/restapi/soa2/33278/getDetailAdditionalInfo,19900,raw/57352068/responses/0003_9a699f28ead6.json
57352068,4,POST,200,Fetch,https://m.ctrip.com/restapi/soa2/33278/getHotelRoomListInland,404,raw/57352068/responses/0004_4484b63447e6.json
57352068,5,POST,200,Fetch,https://m.ctrip.com/restapi/soa2/28820/ctGetNearbyHotelList,374,raw/57352068/responses/0005_1e2127aae2e6.json
57352068,6,POST,200,Fetch,https://m.ctrip.com/restapi/soa2/28820/ctgethotelalbum,352819,raw/57352068/responses/0006_b034201a0549.json
57352068,7,POST,200,Fetch,https://m.ctrip.com/restapi/soa2/35021/getHotelRoomPopInfoPCOnline,390,raw/57352068/responses/0007_a399d40fcb64.json
57691227,1,POST,200,Fetch,https://m.ctrip.com/restapi/soa2/33278/getDetailAdditionalInfo,20417,raw/57691227/responses/0001_cfd279648041.json
57691227,2,POST,200,Fetch,https://m.ctrip.com/restapi/soa2/34308/getHotelCommentInfo,64215,raw/57691227/responses/0002_e5cdff472821.json
57691227,3,POST,200,Fetch,https://m.ctrip.com/restapi/soa2/28820/ctgethotelalbum,268083,raw/57691227/responses/0003_b0749e138db6.json
57691227,4,POST,200,Fetch,https://m.ctrip.com/restapi/soa2/10182/GetAvailablePoints?_fxpcqlniredt=09031109115864990735&x-traceID=09031109115864990735-1788165206883-4442220,463,raw/57691227/responses/0004_b35cb04f75b5.json
57691227,5,POST,200,Fetch,https://m.ctrip.com/restapi/soa2/33278/getHotelRoomListInland,432519,raw/57691227/responses/0005_126ff2c3c3c2.json
57691227,6,POST,200,Fetch,https://m.ctrip.com/restapi/soa2/28820/ctGetNearbyHotelList,128030,raw/57691227/responses/0006_9a431dd78faa.json
57912440,1,POST,200,Fetch,https://m.ctrip.com/restapi/soa2/10182/GetAvailablePoints?_fxpcqlniredt=09031109115864990735&x-traceID=09031109115864990735-1788255100279-4874645,463,raw/57912440/responses/0001_024c11149803.json
57912440,2,POST,200,Fetch,https://m.ctrip.com/restapi/soa2/34308/getHotelCommentInfo,399,raw/57912440/responses/0002_e5cdff472821.json
57912440,3,POST,200,Fetch,https://m.ctrip.com/restapi/soa2/33278/getDetailAdditionalInfo,19896,raw/57912440/responses/0003_9a699f28ead6.json
57912440,4,POST,200,Fetch,https://m.ctrip.com/restapi/soa2/28820/ctgethotelalbum,237696,raw/57912440/responses/0004_65975e8ff220.json
57912440,5,POST,200,Fetch,https://m.ctrip.com/restapi/soa2/28820/ctGetNearbyHotelList,378,raw/57912440/responses/0005_1e2127aae2e6.json
57912440,6,POST,200,Fetch,https://m.ctrip.com/restapi/soa2/33278/getHotelRoomListInland,408,raw/57912440/responses/0006_b404bd1188b5.json
57912440,7,POST,200,Fetch,https://m.ctrip.com/restapi/soa2/35021/getHotelRoomPopInfoPCOnline,394,raw/57912440/responses/0007_a399d40fcb64.json
5798763,1,POST,200,Fetch,https://m.ctrip.com/restapi/soa2/10182/GetAvailablePoints?_fxpcqlniredt=09031109115864990735&x-traceID=09031109115864990735-1788256893074-9246781,461,raw/5798763/responses/0001_d4a1dffa57f9.json
5798763,2,POST,200,Fetch,https://m.ctrip.com/restapi/soa2/34308/getHotelCommentInfo,397,raw/5798763/responses/0002_e5cdff472821.json
5798763,3,POST,200,Fetch,https://m.ctrip.com/restapi/soa2/33278/getDetailAdditionalInfo,19967,raw/5798763/responses/0003_9a699f28ead6.json
5798763,4,POST,200,Fetch,https://m.ctrip.com/restapi/soa2/28820/ctgethotelalbum,329770,raw/5798763/responses/0004_65975e8ff220.json
5798763,5,POST,200,Fetch,https://m.ctrip.com/restapi/soa2/33278/getHotelRoomListInland,406,raw/5798763/responses/0005_126ff2c3c3c2.json
5798763,6,POST,200,Fetch,https://m.ctrip.com/restapi/soa2/28820/ctGetNearbyHotelList,376,raw/5798763/responses/0006_9a431dd78faa.json
5798763,7,POST,200,Fetch,https://m.ctrip.com/restapi/soa2/35021/getHotelRoomPopInfoPCOnline,392,raw/5798763/responses/0007_a399d40fcb64.json
58068983,1,POST,200,Fetch,https://m.ctrip.com/restapi/soa2/10182/GetAvailablePoints?_fxpcqlniredt=09031109115864990735&x-traceID=09031109115864990735-1788166105891-6607315,463,raw/58068983/responses/0001_c53a61aacb89.json
58068983,2,POST,200,Fetch,https://m.ctrip.com/restapi/soa2/34308/getHotelCommentInfo,33651,raw/58068983/responses/0002_e5cdff472821.json
58068983,3,POST,200,Fetch,https://m.ctrip.com/restapi/soa2/33278/getDetailAdditionalInfo,20446,raw/58068983/responses/0003_9a699f28ead6.json
58068983,4,POST,200,Fetch,https://m.ctrip.com/restapi/soa2/28820/ctgethotelalbum,162016,raw/58068983/responses/0004_65975e8ff220.json
58068983,5,POST,200,Fetch,https://m.ctrip.com/restapi/soa2/33278/getHotelRoomListInland,204086,raw/58068983/responses/0005_126ff2c3c3c2.json
58068983,6,POST,200,Fetch,https://m.ctrip.com/restapi/soa2/35021/getHotelRoomPopInfoPCOnline,281484,raw/58068983/responses/0006_e166730164ad.json
58068983,7,POST,200,Fetch,https://m.ctrip.com/restapi/soa2/28820/ctGetNearbyHotelList,132544,raw/58068983/responses/0007_81cfad9db557.json
58074764,1,POST,200,Fetch,https://m.ctrip.com/restapi/soa2/10182/GetAvailablePoints?_fxpcqlniredt=09031109115864990735&x-traceID=09031109115864990735-1788241201167-4522810,463,raw/58074764/responses/0001_ee21bf6d8deb.json
58074764,2,POST,200,Fetch,https://m.ctrip.com/restapi/soa2/34308/getHotelCommentInfo,399,raw/58074764/responses/0002_e5cdff472821.json
58074764,3,POST,200,Fetch,https://m.ctrip.com/restapi/soa2/33278/getDetailAdditionalInfo,19969,raw/58074764/responses/0003_9a699f28ead6.json
58074764,4,POST,200,Fetch,https://m.ctrip.com/restapi/soa2/33278/getHotelRoomListInland,408,raw/58074764/responses/0004_4484b63447e6.json
58074764,5,POST,200,Fetch,https://m.ctrip.com/restapi/soa2/28820/ctGetNearbyHotelList,378,raw/58074764/responses/0005_1e2127aae2e6.json
58074764,6,POST,200,Fetch,https://m.ctrip.com/restapi/soa2/28820/ctgethotelalbum,361528,raw/58074764/responses/0006_b034201a0549.json
58074764,7,POST,200,Fetch,https://m.ctrip.com/restapi/soa2/35021/getHotelRoomPopInfoPCOnline,394,raw/58074764/responses/0007_a399d40fcb64.json
58074764,8,POST,200,Fetch,https://m.ctrip.com/restapi/soa2/10182/GetAvailablePoints?_fxpcqlniredt=09031109115864990735&x-traceID=09031109115864990735-1788241229652-3380474,463,raw/58074764/responses/0008_2da83c763259.json
5863539,1,POST,200,Fetch,https://m.ctrip.com/restapi/soa2/10182/GetAvailablePoints?_fxpcqlniredt=09031109115864990735&x-traceID=09031109115864990735-1788164043558-2124370,463,raw/5863539/responses/0001_df510a140997.json
5863539,2,POST,200,Fetch,https://m.ctrip.com/restapi/soa2/33278/getDetailAdditionalInfo,20493,raw/5863539/responses/0002_0f6525cc02a9.json
5863539,3,POST,200,Fetch,https://m.ctrip.com/restapi/soa2/34308/getHotelCommentInfo,43558,raw/5863539/responses/0003_8a41a2728111.json
5863539,4,POST,200,Fetch,https://m.ctrip.com/restapi/soa2/28820/ctgethotelalbum,446904,raw/5863539/responses/0004_65975e8ff220.json
5863539,5,POST,200,Fetch,https://m.ctrip.com/restapi/soa2/33278/getHotelRoomListInland,812745,raw/5863539/responses/0005_126ff2c3c3c2.json
5863539,6,POST,200,Fetch,https://m.ctrip.com/restapi/soa2/28820/ctGetNearbyHotelList,126865,raw/5863539/responses/0006_9a431dd78faa.json
5863539,7,POST,200,Fetch,https://m.ctrip.com/restapi/soa2/35021/getHotelRoomPopInfoPCOnline,1028830,raw/5863539/responses/0007_a399d40fcb64.json
58756209,1,POST,200,Fetch,https://m.ctrip.com/restapi/soa2/34308/getHotelCommentInfo,399,raw/58756209/responses/0001_a72c8f9fa60e.json
58756209,2,POST,200,Fetch,https://m.ctrip.com/restapi/soa2/10182/GetAvailablePoints?_fxpcqlniredt=09031109115864990735&x-traceID=09031109115864990735-1788255960346-6352114,463,raw/58756209/responses/0002_991149e3674e.json
58756209,3,POST,200,Fetch,https://m.ctrip.com/restapi/soa2/28820/ctGetNearbyHotelList,378,raw/58756209/responses/0003_6558381281e0.json
58756209,4,POST,200,Fetch,https://m.ctrip.com/restapi/soa2/33278/getDetailAdditionalInfo,20448,raw/58756209/responses/0004_c37be698535c.json
58756209,5,POST,200,Fetch,https://m.ctrip.com/restapi/soa2/28820/ctgethotelalbum,323737,raw/58756209/responses/0005_0ef9cbf89082.json
58756209,6,POST,200,Fetch,https://m.ctrip.com/restapi/soa2/33278/getHotelRoomListInland,408,raw/58756209/responses/0006_b404bd1188b5.json
58756209,7,POST,200,Fetch,https://m.ctrip.com/restapi/soa2/35021/getHotelRoomPopInfoPCOnline,394,raw/58756209/responses/0007_a399d40fcb64.json
5907269,1,POST,200,Fetch,https://m.ctrip.com/restapi/soa2/10182/GetAvailablePoints?_fxpcqlniredt=09031109115864990735&x-traceID=09031109115864990735-1788512211096-7245201,463,raw/5907269/responses/0001_e3e38ec4f6b6.json
5907269,2,POST,200,Fetch,https://m.ctrip.com/restapi/soa2/28820/ctgethotelalbum,256489,raw/5907269/responses/0002_053ef16233d1.json
5907269,3,POST,200,Fetch,https://m.ctrip.com/restapi/soa2/28820/ctGetNearbyHotelList,378,raw/5907269/responses/0003_6558381281e0.json
5907269,4,POST,200,Fetch,https://m.ctrip.com/restapi/soa2/33278/getHotelRoomListInland,408,raw/5907269/responses/0004_4484b63447e6.json
5907269,5,POST,200,Fetch,https://m.ctrip.com/restapi/soa2/34308/getHotelCommentInfo,399,raw/5907269/responses/0005_741564f8da4e.json
5907269,6,POST,200,Fetch,https://m.ctrip.com/restapi/soa2/33278/getDetailAdditionalInfo,20734,raw/5907269/responses/0006_937db351796d.json
5907269,7,POST,200,Fetch,https://m.ctrip.com/restapi/soa2/35021/getHotelRoomPopInfoPCOnline,394,raw/5907269/responses/0007_a399d40fcb64.json
5994318,1,POST,200,Fetch,https://m.ctrip.com/restapi/soa2/10182/GetAvailablePoints?_fxpcqlniredt=09031109115864990735&x-traceID=09031109115864990735-1788512381724-5602308,463,raw/5994318/responses/0001_b75f551a6aad.json
5994318,2,POST,200,Fetch,https://m.ctrip.com/restapi/soa2/34308/getHotelCommentInfo,399,raw/5994318/responses/0002_e5cdff472821.json
5994318,3,POST,200,Fetch,https://m.ctrip.com/restapi/soa2/33278/getDetailAdditionalInfo,20252,raw/5994318/responses/0003_9a699f28ead6.json
5994318,4,POST,200,Fetch,https://m.ctrip.com/restapi/soa2/33278/getHotelRoomListInland,408,raw/5994318/responses/0004_4484b63447e6.json
5994318,5,POST,200,Fetch,https://m.ctrip.com/restapi/soa2/28820/ctgethotelalbum,317681,raw/5994318/responses/0005_0ef9cbf89082.json
5994318,6,POST,200,Fetch,https://m.ctrip.com/restapi/soa2/28820/ctGetNearbyHotelList,378,raw/5994318/responses/0006_9a431dd78faa.json
5994318,7,POST,200,Fetch,https://m.ctrip.com/restapi/soa2/35021/getHotelRoomPopInfoPCOnline,394,raw/5994318/responses/0007_a399d40fcb64.json
6002571,1,POST,200,Fetch,https://m.ctrip.com/restapi/soa2/10182/GetAvailablePoints?_fxpcqlniredt=09031109115864990735&x-traceID=09031109115864990735-1788236831399-4412869,463,raw/6002571/responses/0001_0198d1e2b2c2.json
6002571,2,POST,200,Fetch,https://m.ctrip.com/restapi/soa2/33278/getDetailAdditionalInfo,20687,raw/6002571/responses/0002_0f6525cc02a9.json
6002571,3,POST,200,Fetch,https://m.ctrip.com/restapi/soa2/33278/getHotelRoomListInland,408,raw/6002571/responses/0003_20a6b1dba238.json
6002571,4,POST,200,Fetch,https://m.ctrip.com/restapi/soa2/34308/getHotelCommentInfo,399,raw/6002571/responses/0004_f4484678b221.json
6002571,5,POST,200,Fetch,https://m.ctrip.com/restapi/soa2/28820/ctGetNearbyHotelList,378,raw/6002571/responses/0005_1e2127aae2e6.json
6002571,6,POST,200,Fetch,https://m.ctrip.com/restapi/soa2/28820/ctgethotelalbum,351769,raw/6002571/responses/0006_b034201a0549.json
6002571,7,POST,200,Fetch,https://m.ctrip.com/restapi/soa2/35021/getHotelRoomPopInfoPCOnline,394,raw/6002571/responses/0007_a399d40fcb64.json
6056283,1,POST,200,Fetch,https://m.ctrip.com/restapi/soa2/10182/GetAvailablePoints?_fxpcqlniredt=09031109115864990735&x-traceID=09031109115864990735-1788235056348-3979192,463,raw/6056283/responses/0001_db71514f444c.json
6056283,2,POST,200,Fetch,https://m.ctrip.com/restapi/soa2/34308/getHotelCommentInfo,399,raw/6056283/responses/0002_e5cdff472821.json
6056283,3,POST,200,Fetch,https://m.ctrip.com/restapi/soa2/33278/getDetailAdditionalInfo,14257,raw/6056283/responses/0003_9a699f28ead6.json
6056283,4,POST,200,Fetch,https://m.ctrip.com/restapi/soa2/33278/getHotelRoomListInland,408,raw/6056283/responses/0004_4484b63447e6.json
6056283,5,POST,200,Fetch,https://m.ctrip.com/restapi/soa2/28820/ctGetNearbyHotelList,378,raw/6056283/responses/0005_1e2127aae2e6.json
6056283,6,POST,200,Fetch,https://m.ctrip.com/restapi/soa2/28820/ctgethotelalbum,373459,raw/6056283/responses/0006_b034201a0549.json
6056283,7,POST,200,Fetch,https://m.ctrip.com/restapi/soa2/35021/getHotelRoomPopInfoPCOnline,394,raw/6056283/responses/0007_a399d40fcb64.json
6078508,1,POST,200,Fetch,https://m.ctrip.com/restapi/soa2/10182/GetAvailablePoints?_fxpcqlniredt=09031109115864990735&x-traceID=09031109115864990735-1788512541528-7739278,462,raw/6078508/responses/0001_cbc929b79222.json
6097350,1,POST,200,Fetch,https://m.ctrip.com/restapi/soa2/10182/GetAvailablePoints?_fxpcqlniredt=09031109115864990735&x-traceID=09031109115864990735-1788235090610-4349170,463,raw/6097350/responses/0001_f3fbd0dbacab.json
6097350,2,POST,200,Fetch,https://m.ctrip.com/restapi/soa2/34308/getHotelCommentInfo,399,raw/6097350/responses/0002_e5cdff472821.json
6097350,3,POST,200,Fetch,https://m.ctrip.com/restapi/soa2/33278/getDetailAdditionalInfo,20403,raw/6097350/responses/0003_9a699f28ead6.json
6097350,4,POST,200,Fetch,https://m.ctrip.com/restapi/soa2/28820/ctGetNearbyHotelList,378,raw/6097350/responses/0004_b9f75dd5f3db.json
6097350,5,POST,200,Fetch,https://m.ctrip.com/restapi/soa2/33278/getHotelRoomListInland,408,raw/6097350/responses/0005_126ff2c3c3c2.json
6097350,6,POST,200,Fetch,https://m.ctrip.com/restapi/soa2/28820/ctgethotelalbum,203566,raw/6097350/responses/0006_b034201a0549.json
6097350,7,POST,200,Fetch,https://m.ctrip.com/restapi/soa2/35021/getHotelRoomPopInfoPCOnline,394,raw/6097350/responses/0007_a399d40fcb64.json
6115992,1,POST,200,Fetch,https://m.ctrip.com/restapi/soa2/10182/GetAvailablePoints?_fxpcqlniredt=09031109115864990735&x-traceID=09031109115864990735-1788164515557-9707340,463,raw/6115992/responses/0001_fdec78d12874.json
6115992,2,POST,200,Fetch,https://m.ctrip.com/restapi/soa2/34308/getHotelCommentInfo,71624,raw/6115992/responses/0002_e5cdff472821.json
6115992,3,POST,200,Fetch,https://m.ctrip.com/restapi/soa2/28820/ctgethotelalbum,274984,raw/6115992/responses/0003_b0749e138db6.json
6115992,4,POST,200,Fetch,https://m.ctrip.com/restapi/soa2/33278/getDetailAdditionalInfo,20723,raw/6115992/responses/0004_c37be698535c.json
6115992,5,POST,200,Fetch,https://m.ctrip.com/restapi/soa2/33278/getHotelRoomListInland,1360549,raw/6115992/responses/0005_126ff2c3c3c2.json
6115992,6,POST,200,Fetch,https://m.ctrip.com/restapi/soa2/28820/ctGetNearbyHotelList,137603,raw/6115992/responses/0006_9a431dd78faa.json
6115992,7,POST,200,Fetch,https://m.ctrip.com/restapi/soa2/35021/getHotelRoomPopInfoPCOnline,1651110,raw/6115992/responses/0007_a399d40fcb64.json
6137815,1,POST,200,Fetch,https://m.ctrip.com/restapi/soa2/10182/GetAvailablePoints?_fxpcqlniredt=09031109115864990735&x-traceID=09031109115864990735-1788257080131-1353806,462,raw/6137815/responses/0001_e532d6fa84ca.json
6137815,2,POST,200,Fetch,https://m.ctrip.com/restapi/soa2/33278/getDetailAdditionalInfo,20446,raw/6137815/responses/0002_0f6525cc02a9.json
6137815,3,POST,200,Fetch,https://m.ctrip.com/restapi/soa2/34308/getHotelCommentInfo,397,raw/6137815/responses/0003_8a41a2728111.json
6137815,4,POST,200,Fetch,https://m.ctrip.com/restapi/soa2/33278/getHotelRoomListInland,406,raw/6137815/responses/0004_4484b63447e6.json
6137815,5,POST,200,Fetch,https://m.ctrip.com/restapi/soa2/28820/ctgethotelalbum,233053,raw/6137815/responses/0005_0ef9cbf89082.json
6137815,6,POST,200,Fetch,https://m.ctrip.com/restapi/soa2/28820/ctGetNearbyHotelList,376,raw/6137815/responses/0006_9a431dd78faa.json
6137815,7,POST,200,Fetch,https://m.ctrip.com/restapi/soa2/35021/getHotelRoomPopInfoPCOnline,392,raw/6137815/responses/0007_a399d40fcb64.json
61511399,1,POST,200,Fetch,https://m.ctrip.com/restapi/soa2/10182/GetAvailablePoints?_fxpcqlniredt=09031109115864990735&x-traceID=09031109115864990735-1788237968227-4048173,463,raw/61511399/responses/0001_a19d49334369.json
61511399,2,POST,200,Fetch,https://m.ctrip.com/restapi/soa2/34308/getHotelCommentInfo,399,raw/61511399/responses/0002_e5cdff472821.json
61511399,3,POST,200,Fetch,https://m.ctrip.com/restapi/soa2/33278/getDetailAdditionalInfo,20648,raw/61511399/responses/0003_9a699f28ead6.json
61511399,4,POST,200,Fetch,https://m.ctrip.com/restapi/soa2/28820/ctGetNearbyHotelList,378,raw/61511399/responses/0004_b9f75dd5f3db.json
61511399,5,POST,200,Fetch,https://m.ctrip.com/restapi/soa2/33278/getHotelRoomListInland,408,raw/61511399/responses/0005_126ff2c3c3c2.json
61511399,6,POST,200,Fetch,https://m.ctrip.com/restapi/soa2/28820/ctgethotelalbum,426999,raw/61511399/responses/0006_b034201a0549.json
61511399,7,POST,200,Fetch,https://m.ctrip.com/restapi/soa2/35021/getHotelRoomPopInfoPCOnline,394,raw/61511399/responses/0007_a399d40fcb64.json
61744040,1,POST,200,Fetch,https://m.ctrip.com/restapi/soa2/10182/GetAvailablePoints?_fxpcqlniredt=09031109115864990735&x-traceID=09031109115864990735-1788240606700-3390346,461,raw/61744040/responses/0001_a34a9398a7f3.json
6211014,1,POST,200,Fetch,https://m.ctrip.com/restapi/soa2/10182/GetAvailablePoints?_fxpcqlniredt=09031109115864990735&x-traceID=09031109115864990735-1788241556308-3194603,463,raw/6211014/responses/0001_e13f6010f019.json
62282760,1,POST,200,Fetch,https://m.ctrip.com/restapi/soa2/10182/GetAvailablePoints?_fxpcqlniredt=09031109115864990735&x-traceID=09031109115864990735-1788256097512-4555730,463,raw/62282760/responses/0001_77f8c1a006f2.json
6231781,1,POST,200,Fetch,https://m.ctrip.com/restapi/soa2/10182/GetAvailablePoints?_fxpcqlniredt=09031109115864990735&x-traceID=09031109115864990735-1788256345784-1853095,463,raw/6231781/responses/0001_ba6bb3087375.json
6231781,2,POST,200,Fetch,https://m.ctrip.com/restapi/soa2/33278/getDetailAdditionalInfo,20483,raw/6231781/responses/0002_0f6525cc02a9.json
6231781,3,POST,200,Fetch,https://m.ctrip.com/restapi/soa2/33278/getHotelRoomListInland,408,raw/6231781/responses/0003_20a6b1dba238.json
6231781,4,POST,200,Fetch,https://m.ctrip.com/restapi/soa2/28820/ctgethotelalbum,200693,raw/6231781/responses/0004_65975e8ff220.json
6231781,5,POST,200,Fetch,https://m.ctrip.com/restapi/soa2/34308/getHotelCommentInfo,399,raw/6231781/responses/0005_741564f8da4e.json
6231781,6,POST,200,Fetch,https://m.ctrip.com/restapi/soa2/28820/ctGetNearbyHotelList,378,raw/6231781/responses/0006_9a431dd78faa.json
6231781,7,POST,200,Fetch,https://m.ctrip.com/restapi/soa2/35021/getHotelRoomPopInfoPCOnline,394,raw/6231781/responses/0007_a399d40fcb64.json
6245068,1,POST,200,Fetch,https://m.ctrip.com/restapi/soa2/10182/GetAvailablePoints?_fxpcqlniredt=09031109115864990735&x-traceID=09031109115864990735-1788255482074-2597749,463,raw/6245068/responses/0001_71a3b176b1a2.json
6245068,2,POST,200,Fetch,https://m.ctrip.com/restapi/soa2/34308/getHotelCommentInfo,399,raw/6245068/responses/0002_e5cdff472821.json
6245068,3,POST,200,Fetch,https://m.ctrip.com/restapi/soa2/28820/ctGetNearbyHotelList,378,raw/6245068/responses/0003_6558381281e0.json
6245068,4,POST,200,Fetch,https://m.ctrip.com/restapi/soa2/33278/getHotelRoomListInland,408,raw/6245068/responses/0004_4484b63447e6.json
6245068,5,POST,200,Fetch,https://m.ctrip.com/restapi/soa2/33278/getDetailAdditionalInfo,21320,raw/6245068/responses/0005_1139d80bc75b.json
6245068,6,POST,200,Fetch,https://m.ctrip.com/restapi/soa2/28820/ctgethotelalbum,367712,raw/6245068/responses/0006_b034201a0549.json
6245068,7,POST,200,Fetch,https://m.ctrip.com/restapi/soa2/35021/getHotelRoomPopInfoPCOnline,394,raw/6245068/responses/0007_a399d40fcb64.json
6245174,1,POST,200,Fetch,https://m.ctrip.com/restapi/soa2/10182/GetAvailablePoints?_fxpcqlniredt=09031109115864990735&x-traceID=09031109115864990735-1788238651552-4833060,463,raw/6245174/responses/0001_6e54bcedd17c.json
6245174,2,POST,200,Fetch,https://m.ctrip.com/restapi/soa2/28820/ctGetNearbyHotelList,378,raw/6245174/responses/0002_79652ba8e9e8.json
6245174,3,POST,200,Fetch,https://m.ctrip.com/restapi/soa2/33278/getDetailAdditionalInfo,19267,raw/6245174/responses/0003_9a699f28ead6.json
6245174,4,POST,200,Fetch,https://m.ctrip.com/restapi/soa2/34308/getHotelCommentInfo,399,raw/6245174/responses/0004_f4484678b221.json
6245174,5,POST,200,Fetch,https://m.ctrip.com/restapi/soa2/33278/getHotelRoomListInland,408,raw/6245174/responses/0005_126ff2c3c3c2.json
6245174,6,POST,200,Fetch,https://m.ctrip.com/restapi/soa2/28820/ctgethotelalbum,301930,raw/6245174/responses/0006_b034201a0549.json
6245174,7,POST,200,Fetch,https://m.ctrip.com/restapi/soa2/35021/getHotelRoomPopInfoPCOnline,394,raw/6245174/responses/0007_a399d40fcb64.json
6257258,1,POST,200,Fetch,https://m.ctrip.com/restapi/soa2/10182/GetAvailablePoints?_fxpcqlniredt=09031109115864990735&x-traceID=09031109115864990735-1788238136907-6028630,463,raw/6257258/responses/0001_80b76196b042.json
6257258,2,POST,200,Fetch,https://m.ctrip.com/restapi/soa2/33278/getDetailAdditionalInfo,20610,raw/6257258/responses/0002_0f6525cc02a9.json
6257258,3,POST,200,Fetch,https://m.ctrip.com/restapi/soa2/34308/getHotelCommentInfo,399,raw/6257258/responses/0003_8a41a2728111.json
6257258,4,POST,200,Fetch,https://m.ctrip.com/restapi/soa2/28820/ctGetNearbyHotelList,378,raw/6257258/responses/0004_b9f75dd5f3db.json
6257258,5,POST,200,Fetch,https://m.ctrip.com/restapi/soa2/33278/getHotelRoomListInland,408,raw/6257258/responses/0005_126ff2c3c3c2.json
6257258,6,POST,200,Fetch,https://m.ctrip.com/restapi/soa2/28820/ctgethotelalbum,286943,raw/6257258/responses/0006_b034201a0549.json
6257258,7,POST,200,Fetch,https://m.ctrip.com/restapi/soa2/35021/getHotelRoomPopInfoPCOnline,394,raw/6257258/responses/0007_a399d40fcb64.json
6335479,1,POST,200,Fetch,https://m.ctrip.com/restapi/soa2/10182/GetAvailablePoints?_fxpcqlniredt=09031109115864990735&x-traceID=09031109115864990735-1788235678628-9395982,462,raw/6335479/responses/0001_5e945630a2b2.json
6335479,2,POST,200,Fetch,https://m.ctrip.com/restapi/soa2/34308/getHotelCommentInfo,397,raw/6335479/responses/0002_e5cdff472821.json
6335479,3,POST,200,Fetch,https://m.ctrip.com/restapi/soa2/33278/getHotelRoomListInland,406,raw/6335479/responses/0003_20a6b1dba238.json
6335479,4,POST,200,Fetch,https://m.ctrip.com/restapi/soa2/33278/getDetailAdditionalInfo,20205,raw/6335479/responses/0004_c37be698535c.json
6335479,5,POST,200,Fetch,https://m.ctrip.com/restapi/soa2/28820/ctGetNearbyHotelList,376,raw/6335479/responses/0005_1e2127aae2e6.json
6335479,6,POST,200,Fetch,https://m.ctrip.com/restapi/soa2/28820/ctgethotelalbum,290346,raw/6335479/responses/0006_b034201a0549.json
6335479,7,POST,200,Fetch,https://m.ctrip.com/restapi/soa2/35021/getHotelRoomPopInfoPCOnline,392,raw/6335479/responses/0007_a399d40fcb64.json
6425915,1,POST,200,Fetch,https://m.ctrip.com/restapi/soa2/34308/getHotelCommentInfo,397,raw/6425915/responses/0001_a72c8f9fa60e.json
6425915,2,POST,200,Fetch,https://m.ctrip.com/restapi/soa2/33278/getDetailAdditionalInfo,20643,raw/6425915/responses/0002_0f6525cc02a9.json
6425915,3,POST,200,Fetch,https://m.ctrip.com/restapi/soa2/28820/ctgethotelalbum,364506,raw/6425915/responses/0003_b0749e138db6.json
6425915,4,POST,200,Fetch,https://m.ctrip.com/restapi/soa2/28820/ctGetNearbyHotelList,376,raw/6425915/responses/0004_b9f75dd5f3db.json
6425915,5,POST,200,Fetch,https://m.ctrip.com/restapi/soa2/33278/getHotelRoomListInland,406,raw/6425915/responses/0005_126ff2c3c3c2.json
6425915,6,POST,200,Fetch,https://m.ctrip.com/restapi/soa2/10182/GetAvailablePoints?_fxpcqlniredt=09031109115864990735&x-traceID=09031109115864990735-1788235324254-7897578,462,raw/6425915/responses/0006_9c3844d2660f.json
6425915,7,POST,200,Fetch,https://m.ctrip.com/restapi/soa2/35021/getHotelRoomPopInfoPCOnline,392,raw/6425915/responses/0007_a399d40fcb64.json
6467684,1,POST,200,Fetch,https://m.ctrip.com/restapi/soa2/10182/GetAvailablePoints?_fxpcqlniredt=09031109115864990735&x-traceID=09031109115864990735-1788237737215-2166024,463,raw/6467684/responses/0001_ffef2fa82141.json
6467684,2,POST,200,Fetch,https://m.ctrip.com/restapi/soa2/34308/getHotelCommentInfo,399,raw/6467684/responses/0002_e5cdff472821.json
6467684,3,POST,200,Fetch,https://m.ctrip.com/restapi/soa2/28820/ctGetNearbyHotelList,378,raw/6467684/responses/0003_6558381281e0.json
6467684,4,POST,200,Fetch,https://m.ctrip.com/restapi/soa2/33278/getDetailAdditionalInfo,20731,raw/6467684/responses/0004_c37be698535c.json
6467684,5,POST,200,Fetch,https://m.ctrip.com/restapi/soa2/28820/ctgethotelalbum,321685,raw/6467684/responses/0005_0ef9cbf89082.json
6467684,6,POST,200,Fetch,https://m.ctrip.com/restapi/soa2/33278/getHotelRoomListInland,408,raw/6467684/responses/0006_b404bd1188b5.json
6467684,7,POST,200,Fetch,https://m.ctrip.com/restapi/soa2/35021/getHotelRoomPopInfoPCOnline,394,raw/6467684/responses/0007_a399d40fcb64.json
65824582,1,POST,200,Fetch,https://m.ctrip.com/restapi/soa2/10182/GetAvailablePoints?_fxpcqlniredt=09031109115864990735&x-traceID=09031109115864990735-1788166664700-8471107,463,raw/65824582/responses/0001_12e1cc16926a.json
65824582,2,POST,200,Fetch,https://m.ctrip.com/restapi/soa2/28820/ctgethotelalbum,279540,raw/65824582/responses/0002_053ef16233d1.json
65824582,3,POST,200,Fetch,https://m.ctrip.com/restapi/soa2/33278/getDetailAdditionalInfo,20090,raw/65824582/responses/0003_9a699f28ead6.json
65824582,4,POST,200,Fetch,https://m.ctrip.com/restapi/soa2/34308/getHotelCommentInfo,51398,raw/65824582/responses/0004_f4484678b221.json
65824582,5,POST,200,Fetch,https://m.ctrip.com/restapi/soa2/28820/ctGetNearbyHotelList,132213,raw/65824582/responses/0005_1e2127aae2e6.json
65824582,6,POST,200,Fetch,https://m.ctrip.com/restapi/soa2/33278/getHotelRoomListInland,688019,raw/65824582/responses/0006_b404bd1188b5.json
65824582,7,POST,200,Fetch,https://m.ctrip.com/restapi/soa2/35021/getHotelRoomPopInfoPCOnline,766706,raw/65824582/responses/0007_a399d40fcb64.json
68128599,1,POST,200,Fetch,https://m.ctrip.com/restapi/soa2/10182/GetAvailablePoints?_fxpcqlniredt=09031109115864990735&x-traceID=09031109115864990735-1788238548781-6421957,463,raw/68128599/responses/0001_58aeed0af50a.json
68128599,2,POST,200,Fetch,https://m.ctrip.com/restapi/soa2/33278/getHotelRoomListInland,408,raw/68128599/responses/0002_e41e460f95a3.json
68128599,3,POST,200,Fetch,https://m.ctrip.com/restapi/soa2/28820/ctGetNearbyHotelList,378,raw/68128599/responses/0003_6558381281e0.json
68128599,4,POST,200,Fetch,https://m.ctrip.com/restapi/soa2/33278/getDetailAdditionalInfo,19960,raw/68128599/responses/0004_c37be698535c.json
68128599,5,POST,200,Fetch,https://m.ctrip.com/restapi/soa2/28820/ctgethotelalbum,337828,raw/68128599/responses/0005_0ef9cbf89082.json
68128599,6,POST,200,Fetch,https://m.ctrip.com/restapi/soa2/34308/getHotelCommentInfo,399,raw/68128599/responses/0006_8ec0980f7356.json
68128599,7,POST,200,Fetch,https://m.ctrip.com/restapi/soa2/35021/getHotelRoomPopInfoPCOnline,394,raw/68128599/responses/0007_a399d40fcb64.json
68177688,1,POST,200,Fetch,https://m.ctrip.com/restapi/soa2/10182/GetAvailablePoints?_fxpcqlniredt=09031109115864990735&x-traceID=09031109115864990735-1788163187501-9046667,463,raw/68177688/responses/0001_a26d006d5a94.json
68177688,2,POST,200,Fetch,https://m.ctrip.com/restapi/soa2/33278/getDetailAdditionalInfo,20117,raw/68177688/responses/0002_0f6525cc02a9.json
68177688,3,POST,200,Fetch,https://m.ctrip.com/restapi/soa2/34308/getHotelCommentInfo,45051,raw/68177688/responses/0003_8a41a2728111.json
68177688,4,POST,200,Fetch,https://m.ctrip.com/restapi/soa2/28820/ctgethotelalbum,331326,raw/68177688/responses/0004_65975e8ff220.json
68177688,5,POST,200,Fetch,https://m.ctrip.com/restapi/soa2/33278/getHotelRoomListInland,356161,raw/68177688/responses/0005_126ff2c3c3c2.json
68177688,6,POST,200,Fetch,https://m.ctrip.com/restapi/soa2/28820/ctGetNearbyHotelList,125292,raw/68177688/responses/0006_9a431dd78faa.json
68177688,7,POST,200,Fetch,https://m.ctrip.com/restapi/soa2/35021/getHotelRoomPopInfoPCOnline,380023,raw/68177688/responses/0007_a399d40fcb64.json
68343751,1,POST,200,Fetch,https://m.ctrip.com/restapi/soa2/10182/GetAvailablePoints?_fxpcqlniredt=09031109115864990735&x-traceID=09031109115864990735-1788242188880-7884941,463,raw/68343751/responses/0001_f5d4b861b548.json
68343751,2,POST,200,Fetch,https://m.ctrip.com/restapi/soa2/34308/getHotelCommentInfo,399,raw/68343751/responses/0002_e5cdff472821.json
68343751,3,POST,200,Fetch,https://m.ctrip.com/restapi/soa2/28820/ctGetNearbyHotelList,378,raw/68343751/responses/0003_6558381281e0.json
68343751,4,POST,200,Fetch,https://m.ctrip.com/restapi/soa2/33278/getDetailAdditionalInfo,20222,raw/68343751/responses/0004_c37be698535c.json
68343751,5,POST,200,Fetch,https://m.ctrip.com/restapi/soa2/33278/getHotelRoomListInland,408,raw/68343751/responses/0005_126ff2c3c3c2.json
68343751,6,POST,200,Fetch,https://m.ctrip.com/restapi/soa2/28820/ctgethotelalbum,295149,raw/68343751/responses/0006_b034201a0549.json
68343751,7,POST,200,Fetch,https://m.ctrip.com/restapi/soa2/35021/getHotelRoomPopInfoPCOnline,394,raw/68343751/responses/0007_a399d40fcb64.json
700707,1,POST,200,Fetch,https://m.ctrip.com/restapi/soa2/34308/getHotelCommentInfo,399,raw/700707/responses/0001_a72c8f9fa60e.json
700707,2,POST,200,Fetch,https://m.ctrip.com/restapi/soa2/33278/getDetailAdditionalInfo,19966,raw/700707/responses/0002_0f6525cc02a9.json
700707,3,POST,200,Fetch,https://m.ctrip.com/restapi/soa2/28820/ctgethotelalbum,231894,raw/700707/responses/0003_b0749e138db6.json
700707,4,POST,200,Fetch,https://m.ctrip.com/restapi/soa2/33278/getHotelRoomListInland,408,raw/700707/responses/0004_4484b63447e6.json
700707,5,POST,200,Fetch,https://m.ctrip.com/restapi/soa2/10182/GetAvailablePoints?_fxpcqlniredt=09031109115864990735&x-traceID=09031109115864990735-1788512256240-6794815,462,raw/700707/responses/0005_c020c90a5373.json
700707,6,POST,200,Fetch,https://m.ctrip.com/restapi/soa2/28820/ctGetNearbyHotelList,378,raw/700707/responses/0006_9a431dd78faa.json
700707,7,POST,200,Fetch,https://m.ctrip.com/restapi/soa2/35021/getHotelRoomPopInfoPCOnline,394,raw/700707/responses/0007_a399d40fcb64.json
700709,1,POST,200,Fetch,https://m.ctrip.com/restapi/soa2/10182/GetAvailablePoints?_fxpcqlniredt=09031109115864990735&x-traceID=09031109115864990735-1788240545072-4947424,463,raw/700709/responses/0001_df22d833ed9a.json
700722,1,POST,200,Fetch,https://m.ctrip.com/restapi/soa2/10182/GetAvailablePoints?_fxpcqlniredt=09031109115864990735&x-traceID=09031109115864990735-1788255610732-2664542,463,raw/700722/responses/0001_9562a162a484.json
700739,1,POST,200,Fetch,https://m.ctrip.com/restapi/soa2/10182/GetAvailablePoints?_fxpcqlniredt=09031109115864990735&x-traceID=09031109115864990735-1788513190883-5478338,462,raw/700739/responses/0001_da44f286de8e.json
700739,2,POST,200,Fetch,https://m.ctrip.com/restapi/soa2/34308/getHotelCommentInfo,399,raw/700739/responses/0002_e5cdff472821.json
700739,3,POST,200,Fetch,https://m.ctrip.com/restapi/soa2/33278/getDetailAdditionalInfo,20309,raw/700739/responses/0003_9a699f28ead6.json
700739,4,POST,200,Fetch,https://m.ctrip.com/restapi/soa2/28820/ctGetNearbyHotelList,378,raw/700739/responses/0004_b9f75dd5f3db.json
700739,5,POST,200,Fetch,https://m.ctrip.com/restapi/soa2/28820/ctgethotelalbum,412940,raw/700739/responses/0005_0ef9cbf89082.json
700739,6,POST,200,Fetch,https://m.ctrip.com/restapi/soa2/33278/getHotelRoomListInland,406,raw/700739/responses/0006_b404bd1188b5.json
700739,7,POST,200,Fetch,https://m.ctrip.com/restapi/soa2/35021/getHotelRoomPopInfoPCOnline,392,raw/700739/responses/0007_a399d40fcb64.json
700747,1,POST,200,Fetch,https://m.ctrip.com/restapi/soa2/10182/GetAvailablePoints?_fxpcqlniredt=09031109115864990735&x-traceID=09031109115864990735-1788237016383-1846895,463,raw/700747/responses/0001_bae978334cb4.json
700747,2,POST,200,Fetch,https://m.ctrip.com/restapi/soa2/34308/getHotelCommentInfo,399,raw/700747/responses/0002_e5cdff472821.json
700747,3,POST,200,Fetch,https://m.ctrip.com/restapi/soa2/33278/getHotelRoomListInland,408,raw/700747/responses/0003_20a6b1dba238.json
700747,4,POST,200,Fetch,https://m.ctrip.com/restapi/soa2/33278/getDetailAdditionalInfo,20370,raw/700747/responses/0004_c37be698535c.json
700747,5,POST,200,Fetch,https://m.ctrip.com/restapi/soa2/28820/ctGetNearbyHotelList,378,raw/700747/responses/0005_1e2127aae2e6.json
700747,6,POST,200,Fetch,https://m.ctrip.com/restapi/soa2/28820/ctgethotelalbum,213614,raw/700747/responses/0006_b034201a0549.json
700747,7,POST,200,Fetch,https://m.ctrip.com/restapi/soa2/35021/getHotelRoomPopInfoPCOnline,394,raw/700747/responses/0007_a399d40fcb64.json
700748,1,POST,200,Fetch,https://m.ctrip.com/restapi/soa2/10182/GetAvailablePoints?_fxpcqlniredt=09031109115864990735&x-traceID=09031109115864990735-1788513298207-7329358,463,raw/700748/responses/0001_06d945d554a5.json
700748,2,POST,200,Fetch,https://m.ctrip.com/restapi/soa2/34308/getHotelCommentInfo,399,raw/700748/responses/0002_e5cdff472821.json
700748,3,POST,200,Fetch,https://m.ctrip.com/restapi/soa2/33278/getDetailAdditionalInfo,21027,raw/700748/responses/0003_9a699f28ead6.json
700748,4,POST,200,Fetch,https://m.ctrip.com/restapi/soa2/28820/ctgethotelalbum,362878,raw/700748/responses/0004_65975e8ff220.json
700748,5,POST,200,Fetch,https://m.ctrip.com/restapi/soa2/33278/getHotelRoomListInland,408,raw/700748/responses/0005_126ff2c3c3c2.json
700748,6,POST,200,Fetch,https://m.ctrip.com/restapi/soa2/28820/ctGetNearbyHotelList,378,raw/700748/responses/0006_9a431dd78faa.json
700748,7,POST,200,Fetch,https://m.ctrip.com/restapi/soa2/35021/getHotelRoomPopInfoPCOnline,394,raw/700748/responses/0007_a399d40fcb64.json
700846,1,POST,200,Fetch,https://m.ctrip.com/restapi/soa2/10182/GetAvailablePoints?_fxpcqlniredt=09031109115864990735&x-traceID=09031109115864990735-1788255576536-8756778,463,raw/700846/responses/0001_c79660559f77.json
700846,2,POST,200,Fetch,https://m.ctrip.com/restapi/soa2/34308/getHotelCommentInfo,399,raw/700846/responses/0002_e5cdff472821.json
700846,3,POST,200,Fetch,https://m.ctrip.com/restapi/soa2/33278/getDetailAdditionalInfo,20597,raw/700846/responses/0003_9a699f28ead6.json
700846,4,POST,200,Fetch,https://m.ctrip.com/restapi/soa2/28820/ctGetNearbyHotelList,378,raw/700846/responses/0004_b9f75dd5f3db.json
700846,5,POST,200,Fetch,https://m.ctrip.com/restapi/soa2/33278/getHotelRoomListInland,408,raw/700846/responses/0005_126ff2c3c3c2.json
700846,6,POST,200,Fetch,https://m.ctrip.com/restapi/soa2/28820/ctgethotelalbum,384345,raw/700846/responses/0006_b034201a0549.json
700846,7,POST,200,Fetch,https://m.ctrip.com/restapi/soa2/35021/getHotelRoomPopInfoPCOnline,394,raw/700846/responses/0007_a399d40fcb64.json
700859,1,POST,200,Fetch,https://m.ctrip.com/restapi/soa2/10182/GetAvailablePoints?_fxpcqlniredt=09031109115864990735&x-traceID=09031109115864990735-1788255875733-4045808,463,raw/700859/responses/0001_0225f08bafc1.json
700859,2,POST,200,Fetch,https://m.ctrip.com/restapi/soa2/34308/getHotelCommentInfo,399,raw/700859/responses/0002_e5cdff472821.json
700859,3,POST,200,Fetch,https://m.ctrip.com/restapi/soa2/28820/ctGetNearbyHotelList,378,raw/700859/responses/0003_6558381281e0.json
700859,4,POST,200,Fetch,https://m.ctrip.com/restapi/soa2/33278/getDetailAdditionalInfo,20031,raw/700859/responses/0004_c37be698535c.json
700859,5,POST,200,Fetch,https://m.ctrip.com/restapi/soa2/28820/ctgethotelalbum,272916,raw/700859/responses/0005_0ef9cbf89082.json
700859,6,POST,200,Fetch,https://m.ctrip.com/restapi/soa2/33278/getHotelRoomListInland,408,raw/700859/responses/0006_b404bd1188b5.json
700859,7,POST,200,Fetch,https://m.ctrip.com/restapi/soa2/35021/getHotelRoomPopInfoPCOnline,394,raw/700859/responses/0007_a399d40fcb64.json
700863,1,POST,200,Fetch,https://m.ctrip.com/restapi/soa2/10182/GetAvailablePoints?_fxpcqlniredt=09031109115864990735&x-traceID=09031109115864990735-1788240975040-5190759,463,raw/700863/responses/0001_4f70dc769572.json
700864,1,POST,200,Fetch,https://m.ctrip.com/restapi/soa2/10182/GetAvailablePoints?_fxpcqlniredt=09031109115864990735&x-traceID=09031109115864990735-1788240066663-259891,462,raw/700864/responses/0001_d79b48879791.json
700866,1,POST,200,Fetch,https://m.ctrip.com/restapi/soa2/10182/GetAvailablePoints?_fxpcqlniredt=09031109115864990735&x-traceID=09031109115864990735-1788163978339-3332711,462,raw/700866/responses/0001_2f401224dba5.json
700866,2,POST,200,Fetch,https://m.ctrip.com/restapi/soa2/33278/getDetailAdditionalInfo,20578,raw/700866/responses/0002_0f6525cc02a9.json
700866,3,POST,200,Fetch,https://m.ctrip.com/restapi/soa2/34308/getHotelCommentInfo,57408,raw/700866/responses/0003_8a41a2728111.json
700866,4,POST,200,Fetch,https://m.ctrip.com/restapi/soa2/28820/ctgethotelalbum,320181,raw/700866/responses/0004_65975e8ff220.json
700866,5,POST,200,Fetch,https://m.ctrip.com/restapi/soa2/28820/ctGetNearbyHotelList,133660,raw/700866/responses/0005_1e2127aae2e6.json
700867,1,POST,200,Fetch,https://m.ctrip.com/restapi/soa2/10182/GetAvailablePoints?_fxpcqlniredt=09031109115864990735&x-traceID=09031109115864990735-1788166361271-8047398,463,raw/700867/responses/0001_d8a8db3a195d.json
700877,1,POST,200,Fetch,https://m.ctrip.com/restapi/soa2/34308/getHotelCommentInfo,397,raw/700877/responses/0001_a72c8f9fa60e.json
700877,2,POST,200,Fetch,https://m.ctrip.com/restapi/soa2/10182/GetAvailablePoints?_fxpcqlniredt=09031109115864990735&x-traceID=09031109115864990735-1788239175485-3913744,462,raw/700877/responses/0002_0e4e566f8c09.json
700877,3,POST,200,Fetch,https://m.ctrip.com/restapi/soa2/33278/getDetailAdditionalInfo,20779,raw/700877/responses/0003_9a699f28ead6.json
700877,4,POST,200,Fetch,https://m.ctrip.com/restapi/soa2/33278/getHotelRoomListInland,406,raw/700877/responses/0004_4484b63447e6.json
700877,5,POST,200,Fetch,https://m.ctrip.com/restapi/soa2/28820/ctGetNearbyHotelList,376,raw/700877/responses/0005_1e2127aae2e6.json
700877,6,POST,200,Fetch,https://m.ctrip.com/restapi/soa2/28820/ctgethotelalbum,349600,raw/700877/responses/0006_b034201a0549.json
700877,7,POST,200,Fetch,https://m.ctrip.com/restapi/soa2/35021/getHotelRoomPopInfoPCOnline,392,raw/700877/responses/0007_a399d40fcb64.json
700948,1,POST,200,Fetch,https://m.ctrip.com/restapi/soa2/10182/GetAvailablePoints?_fxpcqlniredt=09031109115864990735&x-traceID=09031109115864990735-1788237853284-2576404,463,raw/700948/responses/0001_a77a7c0e197c.json
700948,2,POST,200,Fetch,https://m.ctrip.com/restapi/soa2/33278/getDetailAdditionalInfo,20317,raw/700948/responses/0002_0f6525cc02a9.json
700948,3,POST,200,Fetch,https://m.ctrip.com/restapi/soa2/33278/getHotelRoomListInland,408,raw/700948/responses/0003_20a6b1dba238.json
700948,4,POST,200,Fetch,https://m.ctrip.com/restapi/soa2/34308/getHotelCommentInfo,399,raw/700948/responses/0004_f4484678b221.json
700948,5,POST,200,Fetch,https://m.ctrip.com/restapi/soa2/28820/ctGetNearbyHotelList,378,raw/700948/responses/0005_1e2127aae2e6.json
700948,6,POST,200,Fetch,https://m.ctrip.com/restapi/soa2/28820/ctgethotelalbum,408537,raw/700948/responses/0006_b034201a0549.json
700948,7,POST,200,Fetch,https://m.ctrip.com/restapi/soa2/35021/getHotelRoomPopInfoPCOnline,394,raw/700948/responses/0007_a399d40fcb64.json
700953,1,POST,200,Fetch,https://m.ctrip.com/restapi/soa2/33278/getDetailAdditionalInfo,20701,raw/700953/responses/0001_cfd279648041.json
700953,2,POST,200,Fetch,https://m.ctrip.com/restapi/soa2/34308/getHotelCommentInfo,46376,raw/700953/responses/0002_e5cdff472821.json
700953,3,POST,200,Fetch,https://m.ctrip.com/restapi/soa2/28820/ctgethotelalbum,328062,raw/700953/responses/0003_b0749e138db6.json
700953,4,POST,200,Fetch,https://m.ctrip.com/restapi/soa2/10182/GetAvailablePoints?_fxpcqlniredt=09031109115864990735&x-traceID=09031109115864990735-1788162759554-5426843,463,raw/700953/responses/0004_582da43da994.json
700953,5,POST,200,Fetch,https://m.ctrip.com/restapi/soa2/28820/ctGetNearbyHotelList,124563,raw/700953/responses/0005_1e2127aae2e6.json
700953,6,POST,200,Fetch,https://m.ctrip.com/restapi/soa2/33278/getHotelRoomListInland,629454,raw/700953/responses/0006_b404bd1188b5.json
700953,7,POST,200,Fetch,https://m.ctrip.com/restapi/soa2/35021/getHotelRoomPopInfoPCOnline,598348,raw/700953/responses/0007_a399d40fcb64.json
700964,1,POST,200,Fetch,https://m.ctrip.com/restapi/soa2/10182/GetAvailablePoints?_fxpcqlniredt=09031109115864990735&x-traceID=09031109115864990735-1788511484043-183166,463,raw/700964/responses/0001_362e293f489e.json
700964,2,POST,200,Fetch,https://m.ctrip.com/restapi/soa2/34308/getHotelCommentInfo,399,raw/700964/responses/0002_e5cdff472821.json
700964,3,POST,200,Fetch,https://m.ctrip.com/restapi/soa2/33278/getDetailAdditionalInfo,20459,raw/700964/responses/0003_9a699f28ead6.json
700964,4,POST,200,Fetch,https://m.ctrip.com/restapi/soa2/33278/getHotelRoomListInland,408,raw/700964/responses/0004_4484b63447e6.json
700964,5,POST,200,Fetch,https://m.ctrip.com/restapi/soa2/28820/ctGetNearbyHotelList,378,raw/700964/responses/0005_1e2127aae2e6.json
700964,6,POST,200,Fetch,https://m.ctrip.com/restapi/soa2/28820/ctgethotelalbum,348389,raw/700964/responses/0006_b034201a0549.json
700964,7,POST,200,Fetch,https://m.ctrip.com/restapi/soa2/35021/getHotelRoomPopInfoPCOnline,394,raw/700964/responses/0007_a399d40fcb64.json
700971,1,POST,200,Fetch,https://m.ctrip.com/restapi/soa2/10182/GetAvailablePoints?_fxpcqlniredt=09031109115864990735&x-traceID=09031109115864990735-1788242271218-136423,463,raw/700971/responses/0001_1b8bcd32b906.json
700990,1,POST,200,Fetch,https://m.ctrip.com/restapi/soa2/34308/getHotelCommentInfo,397,raw/700990/responses/0001_a72c8f9fa60e.json
700990,2,POST,200,Fetch,https://m.ctrip.com/restapi/soa2/33278/getHotelRoomListInland,406,raw/700990/responses/0002_e41e460f95a3.json
700990,3,POST,200,Fetch,https://m.ctrip.com/restapi/soa2/33278/getDetailAdditionalInfo,20396,raw/700990/responses/0003_9a699f28ead6.json
700990,4,POST,200,Fetch,https://m.ctrip.com/restapi/soa2/10182/GetAvailablePoints?_fxpcqlniredt=09031109115864990735&x-traceID=09031109115864990735-1788239191716-9872198,462,raw/700990/responses/0004_53ab962dc282.json
700990,5,POST,200,Fetch,https://m.ctrip.com/restapi/soa2/28820/ctGetNearbyHotelList,376,raw/700990/responses/0005_1e2127aae2e6.json
700990,6,POST,200,Fetch,https://m.ctrip.com/restapi/soa2/28820/ctgethotelalbum,208492,raw/700990/responses/0006_b034201a0549.json
700990,7,POST,200,Fetch,https://m.ctrip.com/restapi/soa2/35021/getHotelRoomPopInfoPCOnline,392,raw/700990/responses/0007_a399d40fcb64.json
701004,1,POST,200,Fetch,https://m.ctrip.com/restapi/soa2/10182/GetAvailablePoints?_fxpcqlniredt=09031109115864990735&x-traceID=09031109115864990735-1788256993714-2015851,462,raw/701004/responses/0001_977f2e6b6564.json
701034,1,POST,200,Fetch,https://m.ctrip.com/restapi/soa2/10182/GetAvailablePoints?_fxpcqlniredt=09031109115864990735&x-traceID=09031109115864990735-1788166917058-6238064,462,raw/701034/responses/0001_4eda1aa5e79d.json
701048,1,POST,200,Fetch,https://m.ctrip.com/restapi/soa2/10182/GetAvailablePoints?_fxpcqlniredt=09031109115864990735&x-traceID=09031109115864990735-1788256411166-2482290,463,raw/701048/responses/0001_44e6bf331a2d.json
701048,2,POST,200,Fetch,https://m.ctrip.com/restapi/soa2/34308/getHotelCommentInfo,399,raw/701048/responses/0002_e5cdff472821.json
701048,3,POST,200,Fetch,https://m.ctrip.com/restapi/soa2/33278/getHotelRoomListInland,408,raw/701048/responses/0003_20a6b1dba238.json
701048,4,POST,200,Fetch,https://m.ctrip.com/restapi/soa2/28820/ctGetNearbyHotelList,378,raw/701048/responses/0004_b9f75dd5f3db.json
701048,5,POST,200,Fetch,https://m.ctrip.com/restapi/soa2/33278/getDetailAdditionalInfo,20155,raw/701048/responses/0005_1139d80bc75b.json
701048,6,POST,200,Fetch,https://m.ctrip.com/restapi/soa2/28820/ctgethotelalbum,296838,raw/701048/responses/0006_b034201a0549.json
701048,7,POST,200,Fetch,https://m.ctrip.com/restapi/soa2/35021/getHotelRoomPopInfoPCOnline,394,raw/701048/responses/0007_a399d40fcb64.json
701050,1,POST,200,Fetch,https://m.ctrip.com/restapi/soa2/10182/GetAvailablePoints?_fxpcqlniredt=09031109115864990735&x-traceID=09031109115864990735-1788256299644-7559698,463,raw/701050/responses/0001_2e8d47534ccb.json
701050,2,POST,200,Fetch,https://m.ctrip.com/restapi/soa2/34308/getHotelCommentInfo,399,raw/701050/responses/0002_e5cdff472821.json
701050,3,POST,200,Fetch,https://m.ctrip.com/restapi/soa2/33278/getHotelRoomListInland,408,raw/701050/responses/0003_20a6b1dba238.json
701050,4,POST,200,Fetch,https://m.ctrip.com/restapi/soa2/33278/getDetailAdditionalInfo,20659,raw/701050/responses/0004_c37be698535c.json
701050,5,POST,200,Fetch,https://m.ctrip.com/restapi/soa2/28820/ctGetNearbyHotelList,378,raw/701050/responses/0005_1e2127aae2e6.json
701050,6,POST,200,Fetch,https://m.ctrip.com/restapi/soa2/28820/ctgethotelalbum,394303,raw/701050/responses/0006_b034201a0549.json
701050,7,POST,200,Fetch,https://m.ctrip.com/restapi/soa2/35021/getHotelRoomPopInfoPCOnline,394,raw/701050/responses/0007_a399d40fcb64.json
701051,1,POST,200,Fetch,https://m.ctrip.com/restapi/soa2/10182/GetAvailablePoints?_fxpcqlniredt=09031109115864990735&x-traceID=09031109115864990735-1788512028632-533837,462,raw/701051/responses/0001_05305319944e.json
701051,2,POST,200,Fetch,https://m.ctrip.com/restapi/soa2/34308/getHotelCommentInfo,399,raw/701051/responses/0002_e5cdff472821.json
701051,3,POST,200,Fetch,https://m.ctrip.com/restapi/soa2/33278/getDetailAdditionalInfo,20325,raw/701051/responses/0003_9a699f28ead6.json
701051,4,POST,200,Fetch,https://m.ctrip.com/restapi/soa2/33278/getHotelRoomListInland,408,raw/701051/responses/0004_4484b63447e6.json
701051,5,POST,200,Fetch,https://m.ctrip.com/restapi/soa2/28820/ctgethotelalbum,377579,raw/701051/responses/0005_0ef9cbf89082.json
701051,6,POST,200,Fetch,https://m.ctrip.com/restapi/soa2/28820/ctGetNearbyHotelList,378,raw/701051/responses/0006_9a431dd78faa.json
701051,7,POST,200,Fetch,https://m.ctrip.com/restapi/soa2/35021/getHotelRoomPopInfoPCOnline,394,raw/701051/responses/0007_a399d40fcb64.json
701056,1,POST,200,Fetch,https://m.ctrip.com/restapi/soa2/10182/GetAvailablePoints?_fxpcqlniredt=09031109115864990735&x-traceID=09031109115864990735-1788238935972-2064782,462,raw/701056/responses/0001_715bd69cb355.json
701056,2,POST,200,Fetch,https://m.ctrip.com/restapi/soa2/33278/getDetailAdditionalInfo,20245,raw/701056/responses/0002_0f6525cc02a9.json
701056,3,POST,200,Fetch,https://m.ctrip.com/restapi/soa2/33278/getHotelRoomListInland,406,raw/701056/responses/0003_20a6b1dba238.json
701056,4,POST,200,Fetch,https://m.ctrip.com/restapi/soa2/34308/getHotelCommentInfo,397,raw/701056/responses/0004_f4484678b221.json
701056,5,POST,200,Fetch,https://m.ctrip.com/restapi/soa2/28820/ctgethotelalbum,335706,raw/701056/responses/0005_0ef9cbf89082.json
701056,6,POST,200,Fetch,https://m.ctrip.com/restapi/soa2/28820/ctGetNearbyHotelList,376,raw/701056/responses/0006_9a431dd78faa.json
701056,7,POST,200,Fetch,https://m.ctrip.com/restapi/soa2/35021/getHotelRoomPopInfoPCOnline,392,raw/701056/responses/0007_a399d40fcb64.json
701058,1,POST,200,Fetch,https://m.ctrip.com/restapi/soa2/10182/GetAvailablePoints?_fxpcqlniredt=09031109115864990735&x-traceID=09031109115864990735-1788237780170-168356,463,raw/701058/responses/0001_65f7c417c6b0.json
701058,2,POST,200,Fetch,https://m.ctrip.com/restapi/soa2/34308/getHotelCommentInfo,399,raw/701058/responses/0002_e5cdff472821.json
701058,3,POST,200,Fetch,https://m.ctrip.com/restapi/soa2/28820/ctGetNearbyHotelList,378,raw/701058/responses/0003_6558381281e0.json
701058,4,POST,200,Fetch,https://m.ctrip.com/restapi/soa2/33278/getHotelRoomListInland,408,raw/701058/responses/0004_4484b63447e6.json
701058,5,POST,200,Fetch,https://m.ctrip.com/restapi/soa2/33278/getDetailAdditionalInfo,18781,raw/701058/responses/0005_1139d80bc75b.json
701058,6,POST,200,Fetch,https://m.ctrip.com/restapi/soa2/28820/ctgethotelalbum,272210,raw/701058/responses/0006_b034201a0549.json
701058,7,POST,200,Fetch,https://m.ctrip.com/restapi/soa2/35021/getHotelRoomPopInfoPCOnline,394,raw/701058/responses/0007_a399d40fcb64.json
701065,1,POST,200,Fetch,https://m.ctrip.com/restapi/soa2/10182/GetAvailablePoints?_fxpcqlniredt=09031109115864990735&x-traceID=09031109115864990735-1788238572728-613784,463,raw/701065/responses/0001_e08d004cdf9f.json
701065,2,POST,200,Fetch,https://m.ctrip.com/restapi/soa2/34308/getHotelCommentInfo,399,raw/701065/responses/0002_e5cdff472821.json
701065,3,POST,200,Fetch,https://m.ctrip.com/restapi/soa2/33278/getDetailAdditionalInfo,20489,raw/701065/responses/0003_9a699f28ead6.json
701065,4,POST,200,Fetch,https://m.ctrip.com/restapi/soa2/28820/ctgethotelalbum,295171,raw/701065/responses/0004_65975e8ff220.json
701065,5,POST,200,Fetch,https://m.ctrip.com/restapi/soa2/33278/getHotelRoomListInland,408,raw/701065/responses/0005_126ff2c3c3c2.json
701065,6,POST,200,Fetch,https://m.ctrip.com/restapi/soa2/28820/ctGetNearbyHotelList,378,raw/701065/responses/0006_9a431dd78faa.json
701065,7,POST,200,Fetch,https://m.ctrip.com/restapi/soa2/35021/getHotelRoomPopInfoPCOnline,394,raw/701065/responses/0007_a399d40fcb64.json
701084,1,POST,200,Fetch,https://m.ctrip.com/restapi/soa2/10182/GetAvailablePoints?_fxpcqlniredt=09031109115864990735&x-traceID=09031109115864990735-1788241080482-9991217,462,raw/701084/responses/0001_39a58419fd97.json
701087,1,POST,200,Fetch,https://m.ctrip.com/restapi/soa2/10182/GetAvailablePoints?_fxpcqlniredt=09031109115864990735&x-traceID=09031109115864990735-1788241640599-9399012,463,raw/701087/responses/0001_4d07a95c796a.json
701102,1,POST,200,Fetch,https://m.ctrip.com/restapi/soa2/10182/GetAvailablePoints?_fxpcqlniredt=09031109115864990735&x-traceID=09031109115864990735-1788239285386-1200514,461,raw/701102/responses/0001_805489cad039.json
701102,2,POST,200,Fetch,https://m.ctrip.com/restapi/soa2/34308/getHotelCommentInfo,397,raw/701102/responses/0002_e5cdff472821.json
701102,3,POST,200,Fetch,https://m.ctrip.com/restapi/soa2/33278/getDetailAdditionalInfo,20106,raw/701102/responses/0003_9a699f28ead6.json
701102,4,POST,200,Fetch,https://m.ctrip.com/restapi/soa2/33278/getHotelRoomListInland,406,raw/701102/responses/0004_4484b63447e6.json
701102,5,POST,200,Fetch,https://m.ctrip.com/restapi/soa2/28820/ctGetNearbyHotelList,376,raw/701102/responses/0005_1e2127aae2e6.json
701102,6,POST,200,Fetch,https://m.ctrip.com/restapi/soa2/28820/ctgethotelalbum,240972,raw/701102/responses/0006_b034201a0549.json
701102,7,POST,200,Fetch,https://m.ctrip.com/restapi/soa2/35021/getHotelRoomPopInfoPCOnline,392,raw/701102/responses/0007_a399d40fcb64.json
701174,1,POST,200,Fetch,https://m.ctrip.com/restapi/soa2/10182/GetAvailablePoints?_fxpcqlniredt=09031109115864990735&x-traceID=09031109115864990735-1788255543001-6899850,463,raw/701174/responses/0001_5d53df069b59.json
701174,2,POST,200,Fetch,https://m.ctrip.com/restapi/soa2/28820/ctgethotelalbum,277465,raw/701174/responses/0002_053ef16233d1.json
701174,3,POST,200,Fetch,https://m.ctrip.com/restapi/soa2/28820/ctGetNearbyHotelList,378,raw/701174/responses/0003_6558381281e0.json
701174,4,POST,200,Fetch,https://m.ctrip.com/restapi/soa2/34308/getHotelCommentInfo,399,raw/701174/responses/0004_f4484678b221.json
701174,5,POST,200,Fetch,https://m.ctrip.com/restapi/soa2/33278/getDetailAdditionalInfo,20654,raw/701174/responses/0005_1139d80bc75b.json
701174,6,POST,200,Fetch,https://m.ctrip.com/restapi/soa2/33278/getHotelRoomListInland,408,raw/701174/responses/0006_b404bd1188b5.json
701174,7,POST,200,Fetch,https://m.ctrip.com/restapi/soa2/35021/getHotelRoomPopInfoPCOnline,394,raw/701174/responses/0007_a399d40fcb64.json
701445,1,POST,200,Fetch,https://m.ctrip.com/restapi/soa2/10182/GetAvailablePoints?_fxpcqlniredt=09031109115864990735&x-traceID=09031109115864990735-1788512720332-4749869,462,raw/701445/responses/0001_d889f9c39b02.json
701445,2,POST,200,Fetch,https://m.ctrip.com/restapi/soa2/34308/getHotelCommentInfo,397,raw/701445/responses/0002_e5cdff472821.json
701445,3,POST,200,Fetch,https://m.ctrip.com/restapi/soa2/33278/getDetailAdditionalInfo,17150,raw/701445/responses/0003_9a699f28ead6.json
701445,4,POST,200,Fetch,https://m.ctrip.com/restapi/soa2/28820/ctGetNearbyHotelList,376,raw/701445/responses/0004_b9f75dd5f3db.json
701445,5,POST,200,Fetch,https://m.ctrip.com/restapi/soa2/28820/ctgethotelalbum,299385,raw/701445/responses/0005_0ef9cbf89082.json
701445,6,POST,200,Fetch,https://m.ctrip.com/restapi/soa2/33278/getHotelRoomListInland,406,raw/701445/responses/0006_b404bd1188b5.json
701445,7,POST,200,Fetch,https://m.ctrip.com/restapi/soa2/35021/getHotelRoomPopInfoPCOnline,392,raw/701445/responses/0007_a399d40fcb64.json
701743,1,POST,200,Fetch,https://m.ctrip.com/restapi/soa2/10182/GetAvailablePoints?_fxpcqlniredt=09031109115864990735&x-traceID=09031109115864990735-1788238186211-264952,462,raw/701743/responses/0001_7f9448575549.json
701743,2,POST,200,Fetch,https://m.ctrip.com/restapi/soa2/34308/getHotelCommentInfo,399,raw/701743/responses/0002_e5cdff472821.json
701743,3,POST,200,Fetch,https://m.ctrip.com/restapi/soa2/33278/getHotelRoomListInland,408,raw/701743/responses/0003_20a6b1dba238.json
701743,4,POST,200,Fetch,https://m.ctrip.com/restapi/soa2/33278/getDetailAdditionalInfo,20159,raw/701743/responses/0004_c37be698535c.json
701743,5,POST,200,Fetch,https://m.ctrip.com/restapi/soa2/28820/ctGetNearbyHotelList,378,raw/701743/responses/0005_1e2127aae2e6.json
701743,6,POST,200,Fetch,https://m.ctrip.com/restapi/soa2/28820/ctgethotelalbum,429812,raw/701743/responses/0006_b034201a0549.json
701743,7,POST,200,Fetch,https://m.ctrip.com/restapi/soa2/35021/getHotelRoomPopInfoPCOnline,394,raw/701743/responses/0007_a399d40fcb64.json
701766,1,POST,200,Fetch,https://m.ctrip.com/restapi/soa2/10182/GetAvailablePoints?_fxpcqlniredt=09031109115864990735&x-traceID=09031109115864990735-1788255289615-288928,463,raw/701766/responses/0001_3e044c21a9aa.json
701766,2,POST,200,Fetch,https://m.ctrip.com/restapi/soa2/34308/getHotelCommentInfo,399,raw/701766/responses/0002_e5cdff472821.json
701766,3,POST,200,Fetch,https://m.ctrip.com/restapi/soa2/33278/getHotelRoomListInland,408,raw/701766/responses/0003_20a6b1dba238.json
701766,4,POST,200,Fetch,https://m.ctrip.com/restapi/soa2/28820/ctGetNearbyHotelList,378,raw/701766/responses/0004_b9f75dd5f3db.json
701766,5,POST,200,Fetch,https://m.ctrip.com/restapi/soa2/33278/getDetailAdditionalInfo,20071,raw/701766/responses/0005_1139d80bc75b.json
701766,6,POST,200,Fetch,https://m.ctrip.com/restapi/soa2/28820/ctgethotelalbum,341906,raw/701766/responses/0006_b034201a0549.json
701766,7,POST,200,Fetch,https://m.ctrip.com/restapi/soa2/35021/getHotelRoomPopInfoPCOnline,394,raw/701766/responses/0007_a399d40fcb64.json
701774,1,POST,200,Fetch,https://m.ctrip.com/restapi/soa2/10182/GetAvailablePoints?_fxpcqlniredt=09031109115864990735&x-traceID=09031109115864990735-1788240087854-2819733,462,raw/701774/responses/0001_5c0790d653d0.json
701777,1,POST,200,Fetch,https://m.ctrip.com/restapi/soa2/10182/GetAvailablePoints?_fxpcqlniredt=09031109115864990735&x-traceID=09031109115864990735-1788240207354-5338711,463,raw/701777/responses/0001_aca1554cbc2d.json
701786,1,POST,200,Fetch,https://m.ctrip.com/restapi/soa2/10182/GetAvailablePoints?_fxpcqlniredt=09031109115864990735&x-traceID=09031109115864990735-1788241754675-5604033,463,raw/701786/responses/0001_32955981ffff.json
701790,1,POST,200,Fetch,https://m.ctrip.com/restapi/soa2/10182/GetAvailablePoints?_fxpcqlniredt=09031109115864990735&x-traceID=09031109115864990735-1788241321641-8694435,463,raw/701790/responses/0001_385a13d8e713.json
701794,1,POST,200,Fetch,https://m.ctrip.com/restapi/soa2/10182/GetAvailablePoints?_fxpcqlniredt=09031109115864990735&x-traceID=09031109115864990735-1788236292922-5428712,463,raw/701794/responses/0001_9a9355f1ed09.json
701794,2,POST,200,Fetch,https://m.ctrip.com/restapi/soa2/34308/getHotelCommentInfo,399,raw/701794/responses/0002_e5cdff472821.json
701794,3,POST,200,Fetch,https://m.ctrip.com/restapi/soa2/33278/getHotelRoomListInland,408,raw/701794/responses/0003_20a6b1dba238.json
701794,4,POST,200,Fetch,https://m.ctrip.com/restapi/soa2/28820/ctGetNearbyHotelList,378,raw/701794/responses/0004_b9f75dd5f3db.json
701794,5,POST,200,Fetch,https://m.ctrip.com/restapi/soa2/33278/getDetailAdditionalInfo,20513,raw/701794/responses/0005_1139d80bc75b.json
701794,6,POST,200,Fetch,https://m.ctrip.com/restapi/soa2/28820/ctgethotelalbum,191109,raw/701794/responses/0006_b034201a0549.json
701794,7,POST,200,Fetch,https://m.ctrip.com/restapi/soa2/35021/getHotelRoomPopInfoPCOnline,394,raw/701794/responses/0007_a399d40fcb64.json
701844,1,POST,200,Fetch,https://m.ctrip.com/restapi/soa2/33278/getDetailAdditionalInfo,20067,raw/701844/responses/0001_cfd279648041.json
701844,2,POST,200,Fetch,https://m.ctrip.com/restapi/soa2/34308/getHotelCommentInfo,63090,raw/701844/responses/0002_e5cdff472821.json
701844,3,POST,200,Fetch,https://m.ctrip.com/restapi/soa2/28820/ctgethotelalbum,381406,raw/701844/responses/0003_b0749e138db6.json
701844,4,POST,200,Fetch,https://m.ctrip.com/restapi/soa2/10182/GetAvailablePoints?_fxpcqlniredt=09031109115864990735&x-traceID=09031109115864990735-1788165073613-2817238,462,raw/701844/responses/0004_2a92376a17d4.json
701844,5,POST,200,Fetch,https://m.ctrip.com/restapi/soa2/28820/ctGetNearbyHotelList,135704,raw/701844/responses/0005_1e2127aae2e6.json
701851,1,POST,200,Fetch,https://m.ctrip.com/restapi/soa2/33278/getDetailAdditionalInfo,20311,raw/701851/responses/0001_cfd279648041.json
701851,2,POST,200,Fetch,https://m.ctrip.com/restapi/soa2/10182/GetAvailablePoints?_fxpcqlniredt=09031109115864990735&x-traceID=09031109115864990735-1788255377187-9203051,463,raw/701851/responses/0002_dface854b4d1.json
701851,3,POST,200,Fetch,https://m.ctrip.com/restapi/soa2/34308/getHotelCommentInfo,399,raw/701851/responses/0003_8a41a2728111.json
701851,4,POST,200,Fetch,https://m.ctrip.com/restapi/soa2/33278/getHotelRoomListInland,408,raw/701851/responses/0004_4484b63447e6.json
701851,5,POST,200,Fetch,https://m.ctrip.com/restapi/soa2/28820/ctGetNearbyHotelList,378,raw/701851/responses/0005_1e2127aae2e6.json
701851,6,POST,200,Fetch,https://m.ctrip.com/restapi/soa2/28820/ctgethotelalbum,277462,raw/701851/responses/0006_b034201a0549.json
701851,7,POST,200,Fetch,https://m.ctrip.com/restapi/soa2/35021/getHotelRoomPopInfoPCOnline,394,raw/701851/responses/0007_a399d40fcb64.json
701868,1,POST,200,Fetch,https://m.ctrip.com/restapi/soa2/10182/GetAvailablePoints?_fxpcqlniredt=09031109115864990735&x-traceID=09031109115864990735-1788256535633-5044088,463,raw/701868/responses/0001_ad73d3129030.json
701868,2,POST,200,Fetch,https://m.ctrip.com/restapi/soa2/34308/getHotelCommentInfo,399,raw/701868/responses/0002_e5cdff472821.json
701868,3,POST,200,Fetch,https://m.ctrip.com/restapi/soa2/33278/getDetailAdditionalInfo,20531,raw/701868/responses/0003_9a699f28ead6.json
701868,4,POST,200,Fetch,https://m.ctrip.com/restapi/soa2/28820/ctgethotelalbum,318295,raw/701868/responses/0004_65975e8ff220.json
701868,5,POST,200,Fetch,https://m.ctrip.com/restapi/soa2/33278/getHotelRoomListInland,408,raw/701868/responses/0005_126ff2c3c3c2.json
701868,6,POST,200,Fetch,https://m.ctrip.com/restapi/soa2/28820/ctGetNearbyHotelList,378,raw/701868/responses/0006_9a431dd78faa.json
701868,7,POST,200,Fetch,https://m.ctrip.com/restapi/soa2/35021/getHotelRoomPopInfoPCOnline,394,raw/701868/responses/0007_a399d40fcb64.json
701885,1,POST,200,Fetch,https://m.ctrip.com/restapi/soa2/10182/GetAvailablePoints?_fxpcqlniredt=09031109115864990735&x-traceID=09031109115864990735-1788512192256-9199935,463,raw/701885/responses/0001_e6b6eb555fc6.json
701885,2,POST,200,Fetch,https://m.ctrip.com/restapi/soa2/34308/getHotelCommentInfo,399,raw/701885/responses/0002_e5cdff472821.json
701885,3,POST,200,Fetch,https://m.ctrip.com/restapi/soa2/28820/ctGetNearbyHotelList,378,raw/701885/responses/0003_6558381281e0.json
701885,4,POST,200,Fetch,https://m.ctrip.com/restapi/soa2/33278/getDetailAdditionalInfo,20216,raw/701885/responses/0004_c37be698535c.json
701885,5,POST,200,Fetch,https://m.ctrip.com/restapi/soa2/28820/ctgethotelalbum,280206,raw/701885/responses/0005_0ef9cbf89082.json
701885,6,POST,200,Fetch,https://m.ctrip.com/restapi/soa2/33278/getHotelRoomListInland,408,raw/701885/responses/0006_b404bd1188b5.json
701885,7,POST,200,Fetch,https://m.ctrip.com/restapi/soa2/35021/getHotelRoomPopInfoPCOnline,394,raw/701885/responses/0007_a399d40fcb64.json
701901,1,POST,200,Fetch,https://m.ctrip.com/restapi/soa2/10182/GetAvailablePoints?_fxpcqlniredt=09031109115864990735&x-traceID=09031109115864990735-1788512881144-256578,462,raw/701901/responses/0001_e16e84114a14.json
701908,1,POST,200,Fetch,https://m.ctrip.com/restapi/soa2/10182/GetAvailablePoints?_fxpcqlniredt=09031109115864990735&x-traceID=09031109115864990735-1788512082256-2779247,462,raw/701908/responses/0001_c05434a68cfb.json
701908,2,POST,200,Fetch,https://m.ctrip.com/restapi/soa2/33278/getDetailAdditionalInfo,20322,raw/701908/responses/0002_0f6525cc02a9.json
701908,3,POST,200,Fetch,https://m.ctrip.com/restapi/soa2/34308/getHotelCommentInfo,399,raw/701908/responses/0003_8a41a2728111.json
701908,4,POST,200,Fetch,https://m.ctrip.com/restapi/soa2/28820/ctGetNearbyHotelList,378,raw/701908/responses/0004_b9f75dd5f3db.json
701908,5,POST,200,Fetch,https://m.ctrip.com/restapi/soa2/33278/getHotelRoomListInland,408,raw/701908/responses/0005_126ff2c3c3c2.json
701908,6,POST,200,Fetch,https://m.ctrip.com/restapi/soa2/28820/ctgethotelalbum,417876,raw/701908/responses/0006_b034201a0549.json
701908,7,POST,200,Fetch,https://m.ctrip.com/restapi/soa2/35021/getHotelRoomPopInfoPCOnline,394,raw/701908/responses/0007_a399d40fcb64.json
701920,1,POST,200,Fetch,https://m.ctrip.com/restapi/soa2/10182/GetAvailablePoints?_fxpcqlniredt=09031109115864990735&x-traceID=09031109115864990735-1788512073939-6118838,463,raw/701920/responses/0001_e920aabf2b77.json
701920,2,POST,200,Fetch,https://m.ctrip.com/restapi/soa2/34308/getHotelCommentInfo,399,raw/701920/responses/0002_e5cdff472821.json
701920,3,POST,200,Fetch,https://m.ctrip.com/restapi/soa2/33278/getDetailAdditionalInfo,20151,raw/701920/responses/0003_9a699f28ead6.json
701920,4,POST,200,Fetch,https://m.ctrip.com/restapi/soa2/28820/ctGetNearbyHotelList,378,raw/701920/responses/0004_b9f75dd5f3db.json
701920,5,POST,200,Fetch,https://m.ctrip.com/restapi/soa2/33278/getHotelRoomListInland,408,raw/701920/responses/0005_126ff2c3c3c2.json
701920,6,POST,200,Fetch,https://m.ctrip.com/restapi/soa2/28820/ctgethotelalbum,401713,raw/701920/responses/0006_b034201a0549.json
701920,7,POST,200,Fetch,https://m.ctrip.com/restapi/soa2/35021/getHotelRoomPopInfoPCOnline,394,raw/701920/responses/0007_a399d40fcb64.json
701921,1,POST,200,Fetch,https://m.ctrip.com/restapi/soa2/10182/GetAvailablePoints?_fxpcqlniredt=09031109115864990735&x-traceID=09031109115864990735-1788238699375-7949176,463,raw/701921/responses/0001_a5871763da6b.json
701921,2,POST,200,Fetch,https://m.ctrip.com/restapi/soa2/33278/getDetailAdditionalInfo,20126,raw/701921/responses/0002_0f6525cc02a9.json
701921,3,POST,200,Fetch,https://m.ctrip.com/restapi/soa2/33278/getHotelRoomListInland,408,raw/701921/responses/0003_20a6b1dba238.json
701921,4,POST,200,Fetch,https://m.ctrip.com/restapi/soa2/28820/ctGetNearbyHotelList,378,raw/701921/responses/0004_b9f75dd5f3db.json
701921,5,POST,200,Fetch,https://m.ctrip.com/restapi/soa2/28820/ctgethotelalbum,198832,raw/701921/responses/0005_0ef9cbf89082.json
701921,6,POST,200,Fetch,https://m.ctrip.com/restapi/soa2/34308/getHotelCommentInfo,399,raw/701921/responses/0006_8ec0980f7356.json
701921,7,POST,200,Fetch,https://m.ctrip.com/restapi/soa2/35021/getHotelRoomPopInfoPCOnline,394,raw/701921/responses/0007_a399d40fcb64.json
701954,1,POST,200,Fetch,https://m.ctrip.com/restapi/soa2/10182/GetAvailablePoints?_fxpcqlniredt=09031109115864990735&x-traceID=09031109115864990735-1788242286836-6915650,463,raw/701954/responses/0001_2e7e75d76f72.json
701954,2,POST,200,Fetch,https://m.ctrip.com/restapi/soa2/34308/getHotelCommentInfo,399,raw/701954/responses/0002_e5cdff472821.json
701954,3,POST,200,Fetch,https://m.ctrip.com/restapi/soa2/28820/ctGetNearbyHotelList,378,raw/701954/responses/0003_6558381281e0.json
701954,4,POST,200,Fetch,https://m.ctrip.com/restapi/soa2/33278/getHotelRoomListInland,408,raw/701954/responses/0004_4484b63447e6.json
701954,5,POST,200,Fetch,https://m.ctrip.com/restapi/soa2/28820/ctgethotelalbum,104380,raw/701954/responses/0005_0ef9cbf89082.json
701954,6,POST,200,Fetch,https://m.ctrip.com/restapi/soa2/33278/getDetailAdditionalInfo,20364,raw/701954/responses/0006_937db351796d.json
701954,7,POST,200,Fetch,https://m.ctrip.com/restapi/soa2/35021/getHotelRoomPopInfoPCOnline,394,raw/701954/responses/0007_a399d40fcb64.json
701973,1,POST,200,Fetch,https://m.ctrip.com/restapi/soa2/10182/GetAvailablePoints?_fxpcqlniredt=09031109115864990735&x-traceID=09031109115864990735-1788256566981-5005131,463,raw/701973/responses/0001_e52c2468a327.json
701973,2,POST,200,Fetch,https://m.ctrip.com/restapi/soa2/28820/ctGetNearbyHotelList,378,raw/701973/responses/0002_79652ba8e9e8.json
701973,3,POST,200,Fetch,https://m.ctrip.com/restapi/soa2/34308/getHotelCommentInfo,399,raw/701973/responses/0003_8a41a2728111.json
701973,4,POST,200,Fetch,https://m.ctrip.com/restapi/soa2/33278/getHotelRoomListInland,408,raw/701973/responses/0004_4484b63447e6.json
701973,5,POST,200,Fetch,https://m.ctrip.com/restapi/soa2/33278/getDetailAdditionalInfo,20902,raw/701973/responses/0005_1139d80bc75b.json
701973,6,POST,200,Fetch,https://m.ctrip.com/restapi/soa2/28820/ctgethotelalbum,251358,raw/701973/responses/0006_b034201a0549.json
701973,7,POST,200,Fetch,https://m.ctrip.com/restapi/soa2/35021/getHotelRoomPopInfoPCOnline,394,raw/701973/responses/0007_a399d40fcb64.json
701990,1,POST,200,Fetch,https://m.ctrip.com/restapi/soa2/10182/GetAvailablePoints?_fxpcqlniredt=09031109115864990735&x-traceID=09031109115864990735-1788513037383-2549295,462,raw/701990/responses/0001_ede33a02e410.json
701990,2,POST,200,Fetch,https://m.ctrip.com/restapi/soa2/34308/getHotelCommentInfo,397,raw/701990/responses/0002_e5cdff472821.json
701990,3,POST,200,Fetch,https://m.ctrip.com/restapi/soa2/33278/getDetailAdditionalInfo,20355,raw/701990/responses/0003_9a699f28ead6.json
701990,4,POST,200,Fetch,https://m.ctrip.com/restapi/soa2/33278/getHotelRoomListInland,406,raw/701990/responses/0004_4484b63447e6.json
701990,5,POST,200,Fetch,https://m.ctrip.com/restapi/soa2/28820/ctGetNearbyHotelList,376,raw/701990/responses/0005_1e2127aae2e6.json
701990,6,POST,200,Fetch,https://m.ctrip.com/restapi/soa2/28820/ctgethotelalbum,274849,raw/701990/responses/0006_b034201a0549.json
701990,7,POST,200,Fetch,https://m.ctrip.com/restapi/soa2/35021/getHotelRoomPopInfoPCOnline,392,raw/701990/responses/0007_a399d40fcb64.json
701995,1,POST,200,Fetch,https://m.ctrip.com/restapi/soa2/10182/GetAvailablePoints?_fxpcqlniredt=09031109115864990735&x-traceID=09031109115864990735-1788238625549-2013710,463,raw/701995/responses/0001_4d504cf2090a.json
701995,2,POST,200,Fetch,https://m.ctrip.com/restapi/soa2/34308/getHotelCommentInfo,399,raw/701995/responses/0002_e5cdff472821.json
701995,3,POST,200,Fetch,https://m.ctrip.com/restapi/soa2/33278/getDetailAdditionalInfo,20322,raw/701995/responses/0003_9a699f28ead6.json
701995,4,POST,200,Fetch,https://m.ctrip.com/restapi/soa2/28820/ctgethotelalbum,317275,raw/701995/responses/0004_65975e8ff220.json
701995,5,POST,200,Fetch,https://m.ctrip.com/restapi/soa2/33278/getHotelRoomListInland,408,raw/701995/responses/0005_126ff2c3c3c2.json
701995,6,POST,200,Fetch,https://m.ctrip.com/restapi/soa2/28820/ctGetNearbyHotelList,378,raw/701995/responses/0006_9a431dd78faa.json
701995,7,POST,200,Fetch,https://m.ctrip.com/restapi/soa2/35021/getHotelRoomPopInfoPCOnline,394,raw/701995/responses/0007_a399d40fcb64.json
702058,1,POST,200,Fetch,https://m.ctrip.com/restapi/soa2/10182/GetAvailablePoints?_fxpcqlniredt=09031109115864990735&x-traceID=09031109115864990735-1788256829754-9907031,460,raw/702058/responses/0001_00409df505c3.json
702058,2,POST,200,Fetch,https://m.ctrip.com/restapi/soa2/33278/getHotelRoomListInland,404,raw/702058/responses/0002_e41e460f95a3.json
702058,3,POST,200,Fetch,https://m.ctrip.com/restapi/soa2/28820/ctGetNearbyHotelList,374,raw/702058/responses/0003_6558381281e0.json
702058,4,POST,200,Fetch,https://m.ctrip.com/restapi/soa2/33278/getDetailAdditionalInfo,20626,raw/702058/responses/0004_c37be698535c.json
702058,5,POST,200,Fetch,https://m.ctrip.com/restapi/soa2/28820/ctgethotelalbum,163967,raw/702058/responses/0005_0ef9cbf89082.json
702058,6,POST,200,Fetch,https://m.ctrip.com/restapi/soa2/34308/getHotelCommentInfo,395,raw/702058/responses/0006_8ec0980f7356.json
702058,7,POST,200,Fetch,https://m.ctrip.com/restapi/soa2/35021/getHotelRoomPopInfoPCOnline,390,raw/702058/responses/0007_a399d40fcb64.json
702065,1,POST,200,Fetch,https://m.ctrip.com/restapi/soa2/10182/GetAvailablePoints?_fxpcqlniredt=09031109115864990735&x-traceID=09031109115864990735-1788256925396-663178,462,raw/702065/responses/0001_8b31675cfae6.json
702065,2,POST,200,Fetch,https://m.ctrip.com/restapi/soa2/33278/getHotelRoomListInland,406,raw/702065/responses/0002_e41e460f95a3.json
702065,3,POST,200,Fetch,https://m.ctrip.com/restapi/soa2/33278/getDetailAdditionalInfo,20425,raw/702065/responses/0003_9a699f28ead6.json
702065,4,POST,200,Fetch,https://m.ctrip.com/restapi/soa2/28820/ctGetNearbyHotelList,376,raw/702065/responses/0004_b9f75dd5f3db.json
702065,5,POST,200,Fetch,https://m.ctrip.com/restapi/soa2/34308/getHotelCommentInfo,397,raw/702065/responses/0005_741564f8da4e.json
702065,6,POST,200,Fetch,https://m.ctrip.com/restapi/soa2/28820/ctgethotelalbum,280843,raw/702065/responses/0006_b034201a0549.json
702065,7,POST,200,Fetch,https://m.ctrip.com/restapi/soa2/35021/getHotelRoomPopInfoPCOnline,392,raw/702065/responses/0007_a399d40fcb64.json
702068,1,POST,200,Fetch,https://m.ctrip.com/restapi/soa2/10182/GetAvailablePoints?_fxpcqlniredt=09031109115864990735&x-traceID=09031109115864990735-1788241112801-5923514,463,raw/702068/responses/0001_925083b95099.json
702077,1,POST,200,Fetch,https://m.ctrip.com/restapi/soa2/10182/GetAvailablePoints?_fxpcqlniredt=09031109115864990735&x-traceID=09031109115864990735-1788238016732-5003542,463,raw/702077/responses/0001_539466a59fa9.json
702077,2,POST,200,Fetch,https://m.ctrip.com/restapi/soa2/34308/getHotelCommentInfo,399,raw/702077/responses/0002_e5cdff472821.json
702077,3,POST,200,Fetch,https://m.ctrip.com/restapi/soa2/33278/getDetailAdditionalInfo,20017,raw/702077/responses/0003_9a699f28ead6.json
702077,4,POST,200,Fetch,https://m.ctrip.com/restapi/soa2/28820/ctgethotelalbum,258311,raw/702077/responses/0004_65975e8ff220.json
702077,5,POST,200,Fetch,https://m.ctrip.com/restapi/soa2/28820/ctGetNearbyHotelList,378,raw/702077/responses/0005_1e2127aae2e6.json
702077,6,POST,200,Fetch,https://m.ctrip.com/restapi/soa2/33278/getHotelRoomListInland,408,raw/702077/responses/0006_b404bd1188b5.json
702077,7,POST,200,Fetch,https://m.ctrip.com/restapi/soa2/35021/getHotelRoomPopInfoPCOnline,394,raw/702077/responses/0007_a399d40fcb64.json
702089,1,POST,200,Fetch,https://m.ctrip.com/restapi/soa2/10182/GetAvailablePoints?_fxpcqlniredt=09031109115864990735&x-traceID=09031109115864990735-1788166951345-7553233,462,raw/702089/responses/0001_67b2464d8301.json
702101,1,POST,200,Fetch,https://m.ctrip.com/restapi/soa2/34308/getHotelCommentInfo,399,raw/702101/responses/0001_a72c8f9fa60e.json
702101,2,POST,200,Fetch,https://m.ctrip.com/restapi/soa2/33278/getDetailAdditionalInfo,20553,raw/702101/responses/0002_0f6525cc02a9.json
702101,3,POST,200,Fetch,https://m.ctrip.com/restapi/soa2/33278/getHotelRoomListInland,408,raw/702101/responses/0003_20a6b1dba238.json
702101,4,POST,200,Fetch,https://m.ctrip.com/restapi/soa2/28820/ctGetNearbyHotelList,378,raw/702101/responses/0004_b9f75dd5f3db.json
702101,5,POST,200,Fetch,https://m.ctrip.com/restapi/soa2/10182/GetAvailablePoints?_fxpcqlniredt=09031109115864990735&x-traceID=09031109115864990735-1788512203490-4412618,463,raw/702101/responses/0005_a557871f9b43.json
702101,6,POST,200,Fetch,https://m.ctrip.com/restapi/soa2/28820/ctgethotelalbum,250623,raw/702101/responses/0006_b034201a0549.json
702101,7,POST,200,Fetch,https://m.ctrip.com/restapi/soa2/35021/getHotelRoomPopInfoPCOnline,394,raw/702101/responses/0007_a399d40fcb64.json
702109,1,POST,200,Fetch,https://m.ctrip.com/restapi/soa2/10182/GetAvailablePoints?_fxpcqlniredt=09031109115864990735&x-traceID=09031109115864990735-1788511891770-5417861,463,raw/702109/responses/0001_11f0999b79b1.json
702109,2,POST,200,Fetch,https://m.ctrip.com/restapi/soa2/34308/getHotelCommentInfo,399,raw/702109/responses/0002_e5cdff472821.json
702109,3,POST,200,Fetch,https://m.ctrip.com/restapi/soa2/33278/getDetailAdditionalInfo,20399,raw/702109/responses/0003_9a699f28ead6.json
702109,4,POST,200,Fetch,https://m.ctrip.com/restapi/soa2/33278/getHotelRoomListInland,408,raw/702109/responses/0004_4484b63447e6.json
702109,5,POST,200,Fetch,https://m.ctrip.com/restapi/soa2/28820/ctGetNearbyHotelList,378,raw/702109/responses/0005_1e2127aae2e6.json
702109,6,POST,200,Fetch,https://m.ctrip.com/restapi/soa2/28820/ctgethotelalbum,367352,raw/702109/responses/0006_b034201a0549.json
702109,7,POST,200,Fetch,https://m.ctrip.com/restapi/soa2/35021/getHotelRoomPopInfoPCOnline,394,raw/702109/responses/0007_a399d40fcb64.json
702114,1,POST,200,Fetch,https://m.ctrip.com/restapi/soa2/10182/GetAvailablePoints?_fxpcqlniredt=09031109115864990735&x-traceID=09031109115864990735-1788512974496-6953704,461,raw/702114/responses/0001_0deb4755ffaa.json
702114,2,POST,200,Fetch,https://m.ctrip.com/restapi/soa2/34308/getHotelCommentInfo,397,raw/702114/responses/0002_e5cdff472821.json
702114,3,POST,200,Fetch,https://m.ctrip.com/restapi/soa2/33278/getDetailAdditionalInfo,20114,raw/702114/responses/0003_9a699f28ead6.json
702114,4,POST,200,Fetch,https://m.ctrip.com/restapi/soa2/28820/ctGetNearbyHotelList,376,raw/702114/responses/0004_b9f75dd5f3db.json
702114,5,POST,200,Fetch,https://m.ctrip.com/restapi/soa2/33278/getHotelRoomListInland,406,raw/702114/responses/0005_126ff2c3c3c2.json
702114,6,POST,200,Fetch,https://m.ctrip.com/restapi/soa2/28820/ctgethotelalbum,213231,raw/702114/responses/0006_b034201a0549.json
702114,7,POST,200,Fetch,https://m.ctrip.com/restapi/soa2/35021/getHotelRoomPopInfoPCOnline,392,raw/702114/responses/0007_a399d40fcb64.json
702125,1,POST,200,Fetch,https://m.ctrip.com/restapi/soa2/34308/getHotelCommentInfo,397,raw/702125/responses/0001_a72c8f9fa60e.json
702125,2,POST,200,Fetch,https://m.ctrip.com/restapi/soa2/33278/getDetailAdditionalInfo,20538,raw/702125/responses/0002_0f6525cc02a9.json
702125,3,POST,200,Fetch,https://m.ctrip.com/restapi/soa2/28820/ctGetNearbyHotelList,376,raw/702125/responses/0003_6558381281e0.json
702125,4,POST,200,Fetch,https://m.ctrip.com/restapi/soa2/28820/ctgethotelalbum,157322,raw/702125/responses/0004_65975e8ff220.json
702125,5,POST,200,Fetch,https://m.ctrip.com/restapi/soa2/33278/getHotelRoomListInland,406,raw/702125/responses/0005_126ff2c3c3c2.json
702125,6,POST,200,Fetch,https://m.ctrip.com/restapi/soa2/10182/GetAvailablePoints?_fxpcqlniredt=09031109115864990735&x-traceID=09031109115864990735-1788512901925-1950236,462,raw/702125/responses/0006_6e9a960e820d.json
702125,7,POST,200,Fetch,https://m.ctrip.com/restapi/soa2/35021/getHotelRoomPopInfoPCOnline,392,raw/702125/responses/0007_a399d40fcb64.json
702173,1,POST,200,Fetch,https://m.ctrip.com/restapi/soa2/10182/GetAvailablePoints?_fxpcqlniredt=09031109115864990735&x-traceID=09031109115864990735-1788256864258-6658913,461,raw/702173/responses/0001_0b84ebd9e017.json
702173,2,POST,200,Fetch,https://m.ctrip.com/restapi/soa2/34308/getHotelCommentInfo,395,raw/702173/responses/0002_e5cdff472821.json
702215,1,POST,200,Fetch,https://m.ctrip.com/restapi/soa2/10182/GetAvailablePoints?_fxpcqlniredt=09031109115864990735&x-traceID=09031109115864990735-1788241780435-4033477,463,raw/702215/responses/0001_bbdf68d57569.json
702244,1,POST,200,Fetch,https://m.ctrip.com/restapi/soa2/10182/GetAvailablePoints?_fxpcqlniredt=09031109115864990735&x-traceID=09031109115864990735-1788240733296-7333370,463,raw/702244/responses/0001_74adb1552dcb.json
702246,1,POST,200,Fetch,https://m.ctrip.com/restapi/soa2/10182/GetAvailablePoints?_fxpcqlniredt=09031109115864990735&x-traceID=09031109115864990735-1788239563531-5689143,463,raw/702246/responses/0001_661eea8db80a.json
702246,2,POST,200,Fetch,https://m.ctrip.com/restapi/soa2/34308/getHotelCommentInfo,397,raw/702246/responses/0002_e5cdff472821.json
702246,3,POST,200,Fetch,https://m.ctrip.com/restapi/soa2/33278/getDetailAdditionalInfo,20768,raw/702246/responses/0003_9a699f28ead6.json
702246,4,POST,200,Fetch,https://m.ctrip.com/restapi/soa2/33278/getHotelRoomListInland,408,raw/702246/responses/0004_4484b63447e6.json
702246,5,POST,200,Fetch,https://m.ctrip.com/restapi/soa2/28820/ctGetNearbyHotelList,376,raw/702246/responses/0005_1e2127aae2e6.json
702246,6,POST,200,Fetch,https://m.ctrip.com/restapi/soa2/28820/ctgethotelalbum,237235,raw/702246/responses/0006_b034201a0549.json
702246,7,POST,200,Fetch,https://m.ctrip.com/restapi/soa2/35021/getHotelRoomPopInfoPCOnline,392,raw/702246/responses/0007_a399d40fcb64.json
702261,1,POST,200,Fetch,https://m.ctrip.com/restapi/soa2/10182/GetAvailablePoints?_fxpcqlniredt=09031109115864990735&x-traceID=09031109115864990735-1788236598719-7691944,463,raw/702261/responses/0001_dab7ef0241d8.json
702261,2,POST,200,Fetch,https://m.ctrip.com/restapi/soa2/33278/getDetailAdditionalInfo,20448,raw/702261/responses/0002_0f6525cc02a9.json
702261,3,POST,200,Fetch,https://m.ctrip.com/restapi/soa2/33278/getHotelRoomListInland,408,raw/702261/responses/0003_20a6b1dba238.json
702261,4,POST,200,Fetch,https://m.ctrip.com/restapi/soa2/28820/ctGetNearbyHotelList,378,raw/702261/responses/0004_b9f75dd5f3db.json
702261,5,POST,200,Fetch,https://m.ctrip.com/restapi/soa2/34308/getHotelCommentInfo,399,raw/702261/responses/0005_741564f8da4e.json
702261,6,POST,200,Fetch,https://m.ctrip.com/restapi/soa2/28820/ctgethotelalbum,159954,raw/702261/responses/0006_b034201a0549.json
702261,7,POST,200,Fetch,https://m.ctrip.com/restapi/soa2/35021/getHotelRoomPopInfoPCOnline,394,raw/702261/responses/0007_a399d40fcb64.json
702288,1,POST,200,Fetch,https://m.ctrip.com/restapi/soa2/10182/GetAvailablePoints?_fxpcqlniredt=09031109115864990735&x-traceID=09031109115864990735-1788512605943-5656234,462,raw/702288/responses/0001_b1b0f6436552.json
702288,2,POST,200,Fetch,https://m.ctrip.com/restapi/soa2/33278/getDetailAdditionalInfo,20857,raw/702288/responses/0002_0f6525cc02a9.json
702288,3,POST,200,Fetch,https://m.ctrip.com/restapi/soa2/34308/getHotelCommentInfo,397,raw/702288/responses/0003_8a41a2728111.json
702288,4,POST,200,Fetch,https://m.ctrip.com/restapi/soa2/28820/ctgethotelalbum,277688,raw/702288/responses/0004_65975e8ff220.json
702288,5,POST,200,Fetch,https://m.ctrip.com/restapi/soa2/28820/ctGetNearbyHotelList,376,raw/702288/responses/0005_1e2127aae2e6.json
702288,6,POST,200,Fetch,https://m.ctrip.com/restapi/soa2/33278/getHotelRoomListInland,406,raw/702288/responses/0006_b404bd1188b5.json
702288,7,POST,200,Fetch,https://m.ctrip.com/restapi/soa2/35021/getHotelRoomPopInfoPCOnline,392,raw/702288/responses/0007_a399d40fcb64.json
702297,1,POST,200,Fetch,https://m.ctrip.com/restapi/soa2/10182/GetAvailablePoints?_fxpcqlniredt=09031109115864990735&x-traceID=09031109115864990735-1788513321512-3215643,462,raw/702297/responses/0001_8d63b0435a32.json
702297,2,POST,200,Fetch,https://m.ctrip.com/restapi/soa2/28820/ctgethotelalbum,99667,raw/702297/responses/0002_053ef16233d1.json
702297,3,POST,200,Fetch,https://m.ctrip.com/restapi/soa2/33278/getDetailAdditionalInfo,20623,raw/702297/responses/0003_9a699f28ead6.json
702297,4,POST,200,Fetch,https://m.ctrip.com/restapi/soa2/28820/ctGetNearbyHotelList,378,raw/702297/responses/0004_b9f75dd5f3db.json
702297,5,POST,200,Fetch,https://m.ctrip.com/restapi/soa2/33278/getHotelRoomListInland,408,raw/702297/responses/0005_126ff2c3c3c2.json
702297,6,POST,200,Fetch,https://m.ctrip.com/restapi/soa2/34308/getHotelCommentInfo,399,raw/702297/responses/0006_8ec0980f7356.json
702297,7,POST,200,Fetch,https://m.ctrip.com/restapi/soa2/35021/getHotelRoomPopInfoPCOnline,394,raw/702297/responses/0007_a399d40fcb64.json
702329,1,POST,200,Fetch,https://m.ctrip.com/restapi/soa2/10182/GetAvailablePoints?_fxpcqlniredt=09031109115864990735&x-traceID=09031109115864990735-1788241842741-762003,463,raw/702329/responses/0001_ffbf26dc1a5c.json
702333,1,POST,200,Fetch,https://m.ctrip.com/restapi/soa2/10182/GetAvailablePoints?_fxpcqlniredt=09031109115864990735&x-traceID=09031109115864990735-1788511884104-1297778,462,raw/702333/responses/0001_1aad58fdcfa1.json
702386,1,POST,200,Fetch,https://m.ctrip.com/restapi/soa2/10182/GetAvailablePoints?_fxpcqlniredt=09031109115864990735&x-traceID=09031109115864990735-1788242069711-5065187,463,raw/702386/responses/0001_6f9b19d2b99f.json
702430,1,POST,200,Fetch,https://m.ctrip.com/restapi/soa2/10182/GetAvailablePoints?_fxpcqlniredt=09031109115864990735&x-traceID=09031109115864990735-1788255164742-215098,463,raw/702430/responses/0001_d668bcb58cd9.json
702447,1,POST,200,Fetch,https://m.ctrip.com/restapi/soa2/34308/getHotelCommentInfo,399,raw/702447/responses/0001_a72c8f9fa60e.json
702447,2,POST,200,Fetch,https://m.ctrip.com/restapi/soa2/33278/getDetailAdditionalInfo,20207,raw/702447/responses/0002_0f6525cc02a9.json
702447,3,POST,200,Fetch,https://m.ctrip.com/restapi/soa2/28820/ctGetNearbyHotelList,378,raw/702447/responses/0003_6558381281e0.json
702447,4,POST,200,Fetch,https://m.ctrip.com/restapi/soa2/33278/getHotelRoomListInland,408,raw/702447/responses/0004_4484b63447e6.json
702447,5,POST,200,Fetch,https://m.ctrip.com/restapi/soa2/10182/GetAvailablePoints?_fxpcqlniredt=09031109115864990735&x-traceID=09031109115864990735-1788237606109-2804692,463,raw/702447/responses/0005_021c0acb6edd.json
702447,6,POST,200,Fetch,https://m.ctrip.com/restapi/soa2/28820/ctgethotelalbum,332773,raw/702447/responses/0006_b034201a0549.json
702447,7,POST,200,Fetch,https://m.ctrip.com/restapi/soa2/35021/getHotelRoomPopInfoPCOnline,394,raw/702447/responses/0007_a399d40fcb64.json
702450,1,POST,200,Fetch,https://m.ctrip.com/restapi/soa2/10182/GetAvailablePoints?_fxpcqlniredt=09031109115864990735&x-traceID=09031109115864990735-1788255945560-4005380,463,raw/702450/responses/0001_460150194ef7.json
702459,1,POST,200,Fetch,https://m.ctrip.com/restapi/soa2/10182/GetAvailablePoints?_fxpcqlniredt=09031109115864990735&x-traceID=09031109115864990735-1788255759396-3546596,463,raw/702459/responses/0001_35017f5b5755.json
702459,2,POST,200,Fetch,https://m.ctrip.com/restapi/soa2/34308/getHotelCommentInfo,399,raw/702459/responses/0002_e5cdff472821.json
702459,3,POST,200,Fetch,https://m.ctrip.com/restapi/soa2/33278/getDetailAdditionalInfo,20133,raw/702459/responses/0003_9a699f28ead6.json
702459,4,POST,200,Fetch,https://m.ctrip.com/restapi/soa2/33278/getHotelRoomListInland,408,raw/702459/responses/0004_4484b63447e6.json
702459,5,POST,200,Fetch,https://m.ctrip.com/restapi/soa2/28820/ctGetNearbyHotelList,378,raw/702459/responses/0005_1e2127aae2e6.json
702459,6,POST,200,Fetch,https://m.ctrip.com/restapi/soa2/28820/ctgethotelalbum,520268,raw/702459/responses/0006_b034201a0549.json
702459,7,POST,200,Fetch,https://m.ctrip.com/restapi/soa2/35021/getHotelRoomPopInfoPCOnline,394,raw/702459/responses/0007_a399d40fcb64.json
702466,1,POST,200,Fetch,https://m.ctrip.com/restapi/soa2/10182/GetAvailablePoints?_fxpcqlniredt=09031109115864990735&x-traceID=09031109115864990735-1788512289878-4364306,463,raw/702466/responses/0001_6da816ee7fc8.json
702466,2,POST,200,Fetch,https://m.ctrip.com/restapi/soa2/33278/getDetailAdditionalInfo,21131,raw/702466/responses/0002_0f6525cc02a9.json
702466,3,POST,200,Fetch,https://m.ctrip.com/restapi/soa2/34308/getHotelCommentInfo,399,raw/702466/responses/0003_8a41a2728111.json
702466,4,POST,200,Fetch,https://m.ctrip.com/restapi/soa2/28820/ctgethotelalbum,325849,raw/702466/responses/0004_65975e8ff220.json
702466,5,POST,200,Fetch,https://m.ctrip.com/restapi/soa2/28820/ctGetNearbyHotelList,378,raw/702466/responses/0005_1e2127aae2e6.json
702466,6,POST,200,Fetch,https://m.ctrip.com/restapi/soa2/33278/getHotelRoomListInland,408,raw/702466/responses/0006_b404bd1188b5.json
702466,7,POST,200,Fetch,https://m.ctrip.com/restapi/soa2/35021/getHotelRoomPopInfoPCOnline,394,raw/702466/responses/0007_a399d40fcb64.json
702476,1,POST,200,Fetch,https://m.ctrip.com/restapi/soa2/10182/GetAvailablePoints?_fxpcqlniredt=09031109115864990735&x-traceID=09031109115864990735-1788239957770-9281862,463,raw/702476/responses/0001_182c7da5115c.json
702519,1,POST,200,Fetch,https://m.ctrip.com/restapi/soa2/10182/GetAvailablePoints?_fxpcqlniredt=09031109115864990735&x-traceID=09031109115864990735-1788166836263-7021587,461,raw/702519/responses/0001_75a0102bca62.json
702524,1,POST,200,Fetch,https://m.ctrip.com/restapi/soa2/10182/GetAvailablePoints?_fxpcqlniredt=09031109115864990735&x-traceID=09031109115864990735-1788235131484-1206699,462,raw/702524/responses/0001_2760aafbd275.json
702524,2,POST,200,Fetch,https://m.ctrip.com/restapi/soa2/34308/getHotelCommentInfo,399,raw/702524/responses/0002_e5cdff472821.json
702524,3,POST,200,Fetch,https://m.ctrip.com/restapi/soa2/28820/ctgethotelalbum,368387,raw/702524/responses/0003_b0749e138db6.json
702524,4,POST,200,Fetch,https://m.ctrip.com/restapi/soa2/33278/getDetailAdditionalInfo,20069,raw/702524/responses/0004_c37be698535c.json
702524,5,POST,200,Fetch,https://m.ctrip.com/restapi/soa2/28820/ctGetNearbyHotelList,378,raw/702524/responses/0005_1e2127aae2e6.json
702524,6,POST,200,Fetch,https://m.ctrip.com/restapi/soa2/33278/getHotelRoomListInland,408,raw/702524/responses/0006_b404bd1188b5.json
702524,7,POST,200,Fetch,https://m.ctrip.com/restapi/soa2/35021/getHotelRoomPopInfoPCOnline,394,raw/702524/responses/0007_a399d40fcb64.json
702524,8,POST,200,Fetch,https://m.ctrip.com/restapi/soa2/10182/GetAvailablePoints?_fxpcqlniredt=09031109115864990735&x-traceID=09031109115864990735-1788235160272-9316410,463,raw/702524/responses/0008_e8607c9b3300.json
702524,9,POST,200,Fetch,https://m.ctrip.com/restapi/soa2/33278/getDetailAdditionalInfo,20069,raw/702524/responses/0009_e01901ce0bf5.json
702524,10,POST,200,Fetch,https://m.ctrip.com/restapi/soa2/33278/getHotelRoomListInland,408,raw/702524/responses/0010_b4353f1d2858.json
702524,11,POST,200,Fetch,https://m.ctrip.com/restapi/soa2/34308/getHotelCommentInfo,399,raw/702524/responses/0011_83f0d79e5ae0.json
702524,12,POST,200,Fetch,https://m.ctrip.com/restapi/soa2/28820/ctgethotelalbum,368387,raw/702524/responses/0012_819c21abd19a.json
702524,13,POST,200,Fetch,https://m.ctrip.com/restapi/soa2/28820/ctGetNearbyHotelList,378,raw/702524/responses/0013_6a80e1cfeaa4.json
702524,14,POST,200,Fetch,https://m.ctrip.com/restapi/soa2/35021/getHotelRoomPopInfoPCOnline,394,raw/702524/responses/0014_d5f03d47e89d.json
702533,1,POST,200,Fetch,https://m.ctrip.com/restapi/soa2/10182/GetAvailablePoints?_fxpcqlniredt=09031109115864990735&x-traceID=09031109115864990735-1788512658592-5988078,462,raw/702533/responses/0001_fcf9e023793d.json
702533,2,POST,200,Fetch,https://m.ctrip.com/restapi/soa2/34308/getHotelCommentInfo,397,raw/702533/responses/0002_e5cdff472821.json
702533,3,POST,200,Fetch,https://m.ctrip.com/restapi/soa2/33278/getDetailAdditionalInfo,20832,raw/702533/responses/0003_9a699f28ead6.json
702533,4,POST,200,Fetch,https://m.ctrip.com/restapi/soa2/28820/ctGetNearbyHotelList,376,raw/702533/responses/0004_b9f75dd5f3db.json
702533,5,POST,200,Fetch,https://m.ctrip.com/restapi/soa2/28820/ctgethotelalbum,282684,raw/702533/responses/0005_0ef9cbf89082.json
702533,6,POST,200,Fetch,https://m.ctrip.com/restapi/soa2/33278/getHotelRoomListInland,406,raw/702533/responses/0006_b404bd1188b5.json
702540,1,POST,200,Fetch,https://m.ctrip.com/restapi/soa2/10182/GetAvailablePoints?_fxpcqlniredt=09031109115864990735&x-traceID=09031109115864990735-1788256520426-4061915,463,raw/702540/responses/0001_06fad1b4c0ba.json
702540,2,POST,200,Fetch,https://m.ctrip.com/restapi/soa2/33278/getDetailAdditionalInfo,20180,raw/702540/responses/0002_0f6525cc02a9.json
702540,3,POST,200,Fetch,https://m.ctrip.com/restapi/soa2/28820/ctGetNearbyHotelList,378,raw/702540/responses/0003_6558381281e0.json
702540,4,POST,200,Fetch,https://m.ctrip.com/restapi/soa2/33278/getHotelRoomListInland,408,raw/702540/responses/0004_4484b63447e6.json
702540,5,POST,200,Fetch,https://m.ctrip.com/restapi/soa2/34308/getHotelCommentInfo,399,raw/702540/responses/0005_741564f8da4e.json
702540,6,POST,200,Fetch,https://m.ctrip.com/restapi/soa2/28820/ctgethotelalbum,285574,raw/702540/responses/0006_b034201a0549.json
702540,7,POST,200,Fetch,https://m.ctrip.com/restapi/soa2/35021/getHotelRoomPopInfoPCOnline,394,raw/702540/responses/0007_a399d40fcb64.json
702590,1,POST,200,Fetch,https://m.ctrip.com/restapi/soa2/10182/GetAvailablePoints?_fxpcqlniredt=09031109115864990735&x-traceID=09031109115864990735-1788256845470-9937747,461,raw/702590/responses/0001_943c72141473.json
702590,2,POST,200,Fetch,https://m.ctrip.com/restapi/soa2/34308/getHotelCommentInfo,395,raw/702590/responses/0002_e5cdff472821.json
702590,3,POST,200,Fetch,https://m.ctrip.com/restapi/soa2/33278/getHotelRoomListInland,404,raw/702590/responses/0003_20a6b1dba238.json
702590,4,POST,200,Fetch,https://m.ctrip.com/restapi/soa2/28820/ctGetNearbyHotelList,374,raw/702590/responses/0004_b9f75dd5f3db.json
702590,5,POST,200,Fetch,https://m.ctrip.com/restapi/soa2/33278/getDetailAdditionalInfo,20080,raw/702590/responses/0005_1139d80bc75b.json
702590,6,POST,200,Fetch,https://m.ctrip.com/restapi/soa2/28820/ctgethotelalbum,274689,raw/702590/responses/0006_b034201a0549.json
702590,7,POST,200,Fetch,https://m.ctrip.com/restapi/soa2/35021/getHotelRoomPopInfoPCOnline,390,raw/702590/responses/0007_a399d40fcb64.json
702596,1,POST,200,Fetch,https://m.ctrip.com/restapi/soa2/10182/GetAvailablePoints?_fxpcqlniredt=09031109115864990735&x-traceID=09031109115864990735-1788240447564-6127403,463,raw/702596/responses/0001_e6a824be1023.json
702624,1,POST,200,Fetch,https://m.ctrip.com/restapi/soa2/10182/GetAvailablePoints?_fxpcqlniredt=09031109115864990735&x-traceID=09031109115864990735-1788239134152-6635543,461,raw/702624/responses/0001_a9f302090e31.json
702624,2,POST,200,Fetch,https://m.ctrip.com/restapi/soa2/34308/getHotelCommentInfo,397,raw/702624/responses/0002_e5cdff472821.json
702624,3,POST,200,Fetch,https://m.ctrip.com/restapi/soa2/28820/ctGetNearbyHotelList,376,raw/702624/responses/0003_6558381281e0.json
702624,4,POST,200,Fetch,https://m.ctrip.com/restapi/soa2/33278/getHotelRoomListInland,406,raw/702624/responses/0004_4484b63447e6.json
702624,5,POST,200,Fetch,https://m.ctrip.com/restapi/soa2/33278/getDetailAdditionalInfo,21359,raw/702624/responses/0005_1139d80bc75b.json
702624,6,POST,200,Fetch,https://m.ctrip.com/restapi/soa2/28820/ctgethotelalbum,281355,raw/702624/responses/0006_b034201a0549.json
702624,7,POST,200,Fetch,https://m.ctrip.com/restapi/soa2/35021/getHotelRoomPopInfoPCOnline,392,raw/702624/responses/0007_a399d40fcb64.json
702668,1,POST,200,Fetch,https://m.ctrip.com/restapi/soa2/10182/GetAvailablePoints?_fxpcqlniredt=09031109115864990735&x-traceID=09031109115864990735-1788255975288-1466907,463,raw/702668/responses/0001_475591e9ae72.json
702668,2,POST,200,Fetch,https://m.ctrip.com/restapi/soa2/34308/getHotelCommentInfo,399,raw/702668/responses/0002_e5cdff472821.json
702668,3,POST,200,Fetch,https://m.ctrip.com/restapi/soa2/33278/getHotelRoomListInland,408,raw/702668/responses/0003_20a6b1dba238.json
702668,4,POST,200,Fetch,https://m.ctrip.com/restapi/soa2/33278/getDetailAdditionalInfo,20083,raw/702668/responses/0004_c37be698535c.json
702668,5,POST,200,Fetch,https://m.ctrip.com/restapi/soa2/28820/ctGetNearbyHotelList,378,raw/702668/responses/0005_1e2127aae2e6.json
702668,6,POST,200,Fetch,https://m.ctrip.com/restapi/soa2/28820/ctgethotelalbum,275521,raw/702668/responses/0006_b034201a0549.json
702668,7,POST,200,Fetch,https://m.ctrip.com/restapi/soa2/35021/getHotelRoomPopInfoPCOnline,394,raw/702668/responses/0007_a399d40fcb64.json
702669,1,POST,200,Fetch,https://m.ctrip.com/restapi/soa2/10182/GetAvailablePoints?_fxpcqlniredt=09031109115864990735&x-traceID=09031109115864990735-1788165451201-5783408,463,raw/702669/responses/0001_9c346bb455ab.json
702669,2,POST,200,Fetch,https://m.ctrip.com/restapi/soa2/33278/getDetailAdditionalInfo,20132,raw/702669/responses/0002_0f6525cc02a9.json
702669,3,POST,200,Fetch,https://m.ctrip.com/restapi/soa2/34308/getHotelCommentInfo,69089,raw/702669/responses/0003_8a41a2728111.json
702669,4,POST,200,Fetch,https://m.ctrip.com/restapi/soa2/28820/ctgethotelalbum,364639,raw/702669/responses/0004_65975e8ff220.json
702669,5,POST,200,Fetch,https://m.ctrip.com/restapi/soa2/28820/ctGetNearbyHotelList,135470,raw/702669/responses/0005_1e2127aae2e6.json
702669,6,POST,200,Fetch,https://m.ctrip.com/restapi/soa2/33278/getHotelRoomListInland,946285,raw/702669/responses/0006_b404bd1188b5.json
702671,1,POST,200,Fetch,https://m.ctrip.com/restapi/soa2/10182/GetAvailablePoints?_fxpcqlniredt=09031109115864990735&x-traceID=09031109115864990735-1788238429001-6636221,463,raw/702671/responses/0001_20288f0039dc.json
702671,2,POST,200,Fetch,https://m.ctrip.com/restapi/soa2/33278/getHotelRoomListInland,408,raw/702671/responses/0002_e41e460f95a3.json
702671,3,POST,200,Fetch,https://m.ctrip.com/restapi/soa2/28820/ctGetNearbyHotelList,378,raw/702671/responses/0003_6558381281e0.json
702671,4,POST,200,Fetch,https://m.ctrip.com/restapi/soa2/34308/getHotelCommentInfo,399,raw/702671/responses/0004_f4484678b221.json
702671,5,POST,200,Fetch,https://m.ctrip.com/restapi/soa2/33278/getDetailAdditionalInfo,21015,raw/702671/responses/0005_1139d80bc75b.json
702671,6,POST,200,Fetch,https://m.ctrip.com/restapi/soa2/28820/ctgethotelalbum,312937,raw/702671/responses/0006_b034201a0549.json
702671,7,POST,200,Fetch,https://m.ctrip.com/restapi/soa2/35021/getHotelRoomPopInfoPCOnline,394,raw/702671/responses/0007_a399d40fcb64.json
702683,1,POST,200,Fetch,https://m.ctrip.com/restapi/soa2/10182/GetAvailablePoints?_fxpcqlniredt=09031109115864990735&x-traceID=09031109115864990735-1788256126507-8875169,463,raw/702683/responses/0001_75b0377e794f.json
702691,1,POST,200,Fetch,https://m.ctrip.com/restapi/soa2/10182/GetAvailablePoints?_fxpcqlniredt=09031109115864990735&x-traceID=09031109115864990735-1788236868555-4039709,463,raw/702691/responses/0001_faf01430a699.json
702691,2,POST,200,Fetch,https://m.ctrip.com/restapi/soa2/34308/getHotelCommentInfo,399,raw/702691/responses/0002_e5cdff472821.json
702691,3,POST,200,Fetch,https://m.ctrip.com/restapi/soa2/33278/getHotelRoomListInland,408,raw/702691/responses/0003_20a6b1dba238.json
702691,4,POST,200,Fetch,https://m.ctrip.com/restapi/soa2/33278/getDetailAdditionalInfo,17400,raw/702691/responses/0004_c37be698535c.json
702691,5,POST,200,Fetch,https://m.ctrip.com/restapi/soa2/28820/ctGetNearbyHotelList,378,raw/702691/responses/0005_1e2127aae2e6.json
702691,6,POST,200,Fetch,https://m.ctrip.com/restapi/soa2/28820/ctgethotelalbum,396481,raw/702691/responses/0006_b034201a0549.json
702691,7,POST,200,Fetch,https://m.ctrip.com/restapi/soa2/35021/getHotelRoomPopInfoPCOnline,394,raw/702691/responses/0007_a399d40fcb64.json
702694,1,POST,200,Fetch,https://m.ctrip.com/restapi/soa2/10182/GetAvailablePoints?_fxpcqlniredt=09031109115864990735&x-traceID=09031109115864990735-1788239018832-9559655,462,raw/702694/responses/0001_c2f623a5823a.json
702694,2,POST,200,Fetch,https://m.ctrip.com/restapi/soa2/34308/getHotelCommentInfo,397,raw/702694/responses/0002_e5cdff472821.json
702694,3,POST,200,Fetch,https://m.ctrip.com/restapi/soa2/33278/getDetailAdditionalInfo,19946,raw/702694/responses/0003_9a699f28ead6.json
702694,4,POST,200,Fetch,https://m.ctrip.com/restapi/soa2/28820/ctGetNearbyHotelList,376,raw/702694/responses/0004_b9f75dd5f3db.json
702694,5,POST,200,Fetch,https://m.ctrip.com/restapi/soa2/33278/getHotelRoomListInland,406,raw/702694/responses/0005_126ff2c3c3c2.json
702694,6,POST,200,Fetch,https://m.ctrip.com/restapi/soa2/28820/ctgethotelalbum,347025,raw/702694/responses/0006_b034201a0549.json
702694,7,POST,200,Fetch,https://m.ctrip.com/restapi/soa2/35021/getHotelRoomPopInfoPCOnline,392,raw/702694/responses/0007_a399d40fcb64.json
702701,1,POST,200,Fetch,https://m.ctrip.com/restapi/soa2/10182/GetAvailablePoints?_fxpcqlniredt=09031109115864990735&x-traceID=09031109115864990735-1788238403196-2101836,463,raw/702701/responses/0001_c9872010f0a8.json
702701,2,POST,200,Fetch,https://m.ctrip.com/restapi/soa2/34308/getHotelCommentInfo,399,raw/702701/responses/0002_e5cdff472821.json
702701,3,POST,200,Fetch,https://m.ctrip.com/restapi/soa2/28820/ctGetNearbyHotelList,378,raw/702701/responses/0003_6558381281e0.json
702701,4,POST,200,Fetch,https://m.ctrip.com/restapi/soa2/33278/getDetailAdditionalInfo,20069,raw/702701/responses/0004_c37be698535c.json
702701,5,POST,200,Fetch,https://m.ctrip.com/restapi/soa2/28820/ctgethotelalbum,187901,raw/702701/responses/0005_0ef9cbf89082.json
702701,6,POST,200,Fetch,https://m.ctrip.com/restapi/soa2/33278/getHotelRoomListInland,408,raw/702701/responses/0006_b404bd1188b5.json
702701,7,POST,200,Fetch,https://m.ctrip.com/restapi/soa2/35021/getHotelRoomPopInfoPCOnline,394,raw/702701/responses/0007_a399d40fcb64.json
702725,1,POST,200,Fetch,https://m.ctrip.com/restapi/soa2/10182/GetAvailablePoints?_fxpcqlniredt=09031109115864990735&x-traceID=09031109115864990735-1788237341106-1464881,463,raw/702725/responses/0001_2a7b9fcba7a3.json
702725,2,POST,200,Fetch,https://m.ctrip.com/restapi/soa2/34308/getHotelCommentInfo,399,raw/702725/responses/0002_e5cdff472821.json
702725,3,POST,200,Fetch,https://m.ctrip.com/restapi/soa2/28820/ctGetNearbyHotelList,378,raw/702725/responses/0003_6558381281e0.json
702725,4,POST,200,Fetch,https://m.ctrip.com/restapi/soa2/33278/getDetailAdditionalInfo,20221,raw/702725/responses/0004_c37be698535c.json
702725,5,POST,200,Fetch,https://m.ctrip.com/restapi/soa2/33278/getHotelRoomListInland,408,raw/702725/responses/0005_126ff2c3c3c2.json
702725,6,POST,200,Fetch,https://m.ctrip.com/restapi/soa2/28820/ctgethotelalbum,203597,raw/702725/responses/0006_b034201a0549.json
702725,7,POST,200,Fetch,https://m.ctrip.com/restapi/soa2/35021/getHotelRoomPopInfoPCOnline,394,raw/702725/responses/0007_a399d40fcb64.json
702745,1,POST,200,Fetch,https://m.ctrip.com/restapi/soa2/10182/GetAvailablePoints?_fxpcqlniredt=09031109115864990735&x-traceID=09031109115864990735-1788237456144-2049887,463,raw/702745/responses/0001_a8dd77df0593.json
702745,2,POST,200,Fetch,https://m.ctrip.com/restapi/soa2/34308/getHotelCommentInfo,399,raw/702745/responses/0002_e5cdff472821.json
702745,3,POST,200,Fetch,https://m.ctrip.com/restapi/soa2/33278/getHotelRoomListInland,408,raw/702745/responses/0003_20a6b1dba238.json
702745,4,POST,200,Fetch,https://m.ctrip.com/restapi/soa2/33278/getDetailAdditionalInfo,20723,raw/702745/responses/0004_c37be698535c.json
702745,5,POST,200,Fetch,https://m.ctrip.com/restapi/soa2/28820/ctGetNearbyHotelList,378,raw/702745/responses/0005_1e2127aae2e6.json
702745,6,POST,200,Fetch,https://m.ctrip.com/restapi/soa2/28820/ctgethotelalbum,305047,raw/702745/responses/0006_b034201a0549.json
702745,7,POST,200,Fetch,https://m.ctrip.com/restapi/soa2/35021/getHotelRoomPopInfoPCOnline,394,raw/702745/responses/0007_a399d40fcb64.json
702811,1,POST,200,Fetch,https://m.ctrip.com/restapi/soa2/10182/GetAvailablePoints?_fxpcqlniredt=09031109115864990735&x-traceID=09031109115864990735-1788256429351-4078419,463,raw/702811/responses/0001_8089bfdeab70.json
702811,2,POST,200,Fetch,https://m.ctrip.com/restapi/soa2/34308/getHotelCommentInfo,399,raw/702811/responses/0002_e5cdff472821.json
702811,3,POST,200,Fetch,https://m.ctrip.com/restapi/soa2/33278/getHotelRoomListInland,408,raw/702811/responses/0003_20a6b1dba238.json
702811,4,POST,200,Fetch,https://m.ctrip.com/restapi/soa2/33278/getDetailAdditionalInfo,20537,raw/702811/responses/0004_c37be698535c.json
702811,5,POST,200,Fetch,https://m.ctrip.com/restapi/soa2/28820/ctGetNearbyHotelList,378,raw/702811/responses/0005_1e2127aae2e6.json
702811,6,POST,200,Fetch,https://m.ctrip.com/restapi/soa2/28820/ctgethotelalbum,303138,raw/702811/responses/0006_b034201a0549.json
702811,7,POST,200,Fetch,https://m.ctrip.com/restapi/soa2/35021/getHotelRoomPopInfoPCOnline,394,raw/702811/responses/0007_a399d40fcb64.json
702816,1,POST,200,Fetch,https://m.ctrip.com/restapi/soa2/10182/GetAvailablePoints?_fxpcqlniredt=09031109115864990735&x-traceID=09031109115864990735-1788240712329-5607973,463,raw/702816/responses/0001_1146b89880d9.json
702827,1,POST,200,Fetch,https://m.ctrip.com/restapi/soa2/10182/GetAvailablePoints?_fxpcqlniredt=09031109115864990735&x-traceID=09031109115864990735-1788256139449-8834497,463,raw/702827/responses/0001_a64e383eb2f3.json
702830,1,POST,200,Fetch,https://m.ctrip.com/restapi/soa2/10182/GetAvailablePoints?_fxpcqlniredt=09031109115864990735&x-traceID=09031109115864990735-1788512239829-2192590,463,raw/702830/responses/0001_c932da6befbc.json
702830,2,POST,200,Fetch,https://m.ctrip.com/restapi/soa2/33278/getHotelRoomListInland,408,raw/702830/responses/0002_e41e460f95a3.json
702830,3,POST,200,Fetch,https://m.ctrip.com/restapi/soa2/28820/ctgethotelalbum,156816,raw/702830/responses/0003_b0749e138db6.json
702830,4,POST,200,Fetch,https://m.ctrip.com/restapi/soa2/33278/getDetailAdditionalInfo,19938,raw/702830/responses/0004_c37be698535c.json
702830,5,POST,200,Fetch,https://m.ctrip.com/restapi/soa2/28820/ctGetNearbyHotelList,378,raw/702830/responses/0005_1e2127aae2e6.json
702830,6,POST,200,Fetch,https://m.ctrip.com/restapi/soa2/34308/getHotelCommentInfo,399,raw/702830/responses/0006_8ec0980f7356.json
702830,7,POST,200,Fetch,https://m.ctrip.com/restapi/soa2/35021/getHotelRoomPopInfoPCOnline,394,raw/702830/responses/0007_a399d40fcb64.json
702860,1,POST,200,Fetch,https://m.ctrip.com/restapi/soa2/34308/getHotelCommentInfo,399,raw/702860/responses/0001_a72c8f9fa60e.json
702860,2,POST,200,Fetch,https://m.ctrip.com/restapi/soa2/10182/GetAvailablePoints?_fxpcqlniredt=09031109115864990735&x-traceID=09031109115864990735-1788255274681-4083493,463,raw/702860/responses/0002_3b22bc281ca1.json
702860,3,POST,200,Fetch,https://m.ctrip.com/restapi/soa2/33278/getHotelRoomListInland,408,raw/702860/responses/0003_20a6b1dba238.json
702860,4,POST,200,Fetch,https://m.ctrip.com/restapi/soa2/33278/getDetailAdditionalInfo,20341,raw/702860/responses/0004_c37be698535c.json
702860,5,POST,200,Fetch,https://m.ctrip.com/restapi/soa2/28820/ctgethotelalbum,222249,raw/702860/responses/0005_0ef9cbf89082.json
702860,6,POST,200,Fetch,https://m.ctrip.com/restapi/soa2/28820/ctGetNearbyHotelList,378,raw/702860/responses/0006_9a431dd78faa.json
702860,7,POST,200,Fetch,https://m.ctrip.com/restapi/soa2/35021/getHotelRoomPopInfoPCOnline,394,raw/702860/responses/0007_a399d40fcb64.json
702866,1,POST,200,Fetch,https://m.ctrip.com/restapi/soa2/10182/GetAvailablePoints?_fxpcqlniredt=09031109115864990735&x-traceID=09031109115864990735-1788240564401-1436100,463,raw/702866/responses/0001_a38227f74044.json
702872,1,POST,200,Fetch,https://m.ctrip.com/restapi/soa2/10182/GetAvailablePoints?_fxpcqlniredt=09031109115864990735&x-traceID=09031109115864990735-1788511732544-6258809,463,raw/702872/responses/0001_2851ea8cded3.json
702901,1,POST,200,Fetch,https://m.ctrip.com/restapi/soa2/10182/GetAvailablePoints?_fxpcqlniredt=09031109115864990735&x-traceID=09031109115864990735-1788513244173-8996685,463,raw/702901/responses/0001_f079760d22f3.json
702901,2,POST,200,Fetch,https://m.ctrip.com/restapi/soa2/34308/getHotelCommentInfo,399,raw/702901/responses/0002_e5cdff472821.json
702901,3,POST,200,Fetch,https://m.ctrip.com/restapi/soa2/33278/getDetailAdditionalInfo,20525,raw/702901/responses/0003_9a699f28ead6.json
702901,4,POST,200,Fetch,https://m.ctrip.com/restapi/soa2/33278/getHotelRoomListInland,408,raw/702901/responses/0004_4484b63447e6.json
702901,5,POST,200,Fetch,https://m.ctrip.com/restapi/soa2/28820/ctGetNearbyHotelList,378,raw/702901/responses/0005_1e2127aae2e6.json
702901,6,POST,200,Fetch,https://m.ctrip.com/restapi/soa2/28820/ctgethotelalbum,309639,raw/702901/responses/0006_b034201a0549.json
702901,7,POST,200,Fetch,https://m.ctrip.com/restapi/soa2/35021/getHotelRoomPopInfoPCOnline,394,raw/702901/responses/0007_a399d40fcb64.json
702921,1,POST,200,Fetch,https://m.ctrip.com/restapi/soa2/10182/GetAvailablePoints?_fxpcqlniredt=09031109115864990735&x-traceID=09031109115864990735-1788165837529-8291220,463,raw/702921/responses/0001_12a9d62fa01c.json
702925,1,POST,200,Fetch,https://m.ctrip.com/restapi/soa2/10182/GetAvailablePoints?_fxpcqlniredt=09031109115864990735&x-traceID=09031109115864990735-1788256877689-1528050,461,raw/702925/responses/0001_59e9588712e2.json
702925,2,POST,200,Fetch,https://m.ctrip.com/restapi/soa2/34308/getHotelCommentInfo,395,raw/702925/responses/0002_e5cdff472821.json
702925,3,POST,200,Fetch,https://m.ctrip.com/restapi/soa2/33278/getHotelRoomListInland,404,raw/702925/responses/0003_20a6b1dba238.json
702925,4,POST,200,Fetch,https://m.ctrip.com/restapi/soa2/33278/getDetailAdditionalInfo,20567,raw/702925/responses/0004_c37be698535c.json
702925,5,POST,200,Fetch,https://m.ctrip.com/restapi/soa2/28820/ctGetNearbyHotelList,374,raw/702925/responses/0005_1e2127aae2e6.json
702925,6,POST,200,Fetch,https://m.ctrip.com/restapi/soa2/28820/ctgethotelalbum,293955,raw/702925/responses/0006_b034201a0549.json
702925,7,POST,200,Fetch,https://m.ctrip.com/restapi/soa2/35021/getHotelRoomPopInfoPCOnline,392,raw/702925/responses/0007_a399d40fcb64.json
702928,1,POST,200,Fetch,https://m.ctrip.com/restapi/soa2/10182/GetAvailablePoints?_fxpcqlniredt=09031109115864990735&x-traceID=09031109115864990735-1788239978289-2372383,463,raw/702928/responses/0001_c7e3044a2ba7.json
702934,1,POST,200,Fetch,https://m.ctrip.com/restapi/soa2/10182/GetAvailablePoints?_fxpcqlniredt=09031109115864990735&x-traceID=09031109115864990735-1788236902179-7348429,463,raw/702934/responses/0001_58fffca61aae.json
702934,2,POST,200,Fetch,https://m.ctrip.com/restapi/soa2/34308/getHotelCommentInfo,399,raw/702934/responses/0002_e5cdff472821.json
702934,3,POST,200,Fetch,https://m.ctrip.com/restapi/soa2/33278/getDetailAdditionalInfo,13026,raw/702934/responses/0003_9a699f28ead6.json
702934,4,POST,200,Fetch,https://m.ctrip.com/restapi/soa2/28820/ctGetNearbyHotelList,378,raw/702934/responses/0004_b9f75dd5f3db.json
702934,5,POST,200,Fetch,https://m.ctrip.com/restapi/soa2/33278/getHotelRoomListInland,408,raw/702934/responses/0005_126ff2c3c3c2.json
702934,6,POST,200,Fetch,https://m.ctrip.com/restapi/soa2/28820/ctgethotelalbum,390435,raw/702934/responses/0006_b034201a0549.json
702934,7,POST,200,Fetch,https://m.ctrip.com/restapi/soa2/35021/getHotelRoomPopInfoPCOnline,394,raw/702934/responses/0007_a399d40fcb64.json
702941,1,POST,200,Fetch,https://m.ctrip.com/restapi/soa2/10182/GetAvailablePoints?_fxpcqlniredt=09031109115864990735&x-traceID=09031109115864990735-1788166423694-5743077,463,raw/702941/responses/0001_44a83065eef9.json
702976,1,POST,200,Fetch,https://m.ctrip.com/restapi/soa2/10182/GetAvailablePoints?_fxpcqlniredt=09031109115864990735&x-traceID=09031109115864990735-1788256504486-2818624,463,raw/702976/responses/0001_9f8faa2ed1a1.json
702976,2,POST,200,Fetch,https://m.ctrip.com/restapi/soa2/34308/getHotelCommentInfo,399,raw/702976/responses/0002_e5cdff472821.json
702976,3,POST,200,Fetch,https://m.ctrip.com/restapi/soa2/33278/getDetailAdditionalInfo,12907,raw/702976/responses/0003_9a699f28ead6.json
702976,4,POST,200,Fetch,https://m.ctrip.com/restapi/soa2/33278/getHotelRoomListInland,408,raw/702976/responses/0004_4484b63447e6.json
702976,5,POST,200,Fetch,https://m.ctrip.com/restapi/soa2/28820/ctGetNearbyHotelList,378,raw/702976/responses/0005_1e2127aae2e6.json
702976,6,POST,200,Fetch,https://m.ctrip.com/restapi/soa2/28820/ctgethotelalbum,236805,raw/702976/responses/0006_b034201a0549.json
702976,7,POST,200,Fetch,https://m.ctrip.com/restapi/soa2/35021/getHotelRoomPopInfoPCOnline,394,raw/702976/responses/0007_a399d40fcb64.json
702983,1,POST,200,Fetch,https://m.ctrip.com/restapi/soa2/10182/GetAvailablePoints?_fxpcqlniredt=09031109115864990735&x-traceID=09031109115864990735-1788239379710-7711427,462,raw/702983/responses/0001_3ca024197c06.json
702983,2,POST,200,Fetch,https://m.ctrip.com/restapi/soa2/33278/getDetailAdditionalInfo,19838,raw/702983/responses/0002_0f6525cc02a9.json
702983,3,POST,200,Fetch,https://m.ctrip.com/restapi/soa2/33278/getHotelRoomListInland,406,raw/702983/responses/0003_20a6b1dba238.json
702983,4,POST,200,Fetch,https://m.ctrip.com/restapi/soa2/34308/getHotelCommentInfo,397,raw/702983/responses/0004_f4484678b221.json
702983,5,POST,200,Fetch,https://m.ctrip.com/restapi/soa2/28820/ctgethotelalbum,394980,raw/702983/responses/0005_0ef9cbf89082.json
702983,6,POST,200,Fetch,https://m.ctrip.com/restapi/soa2/28820/ctGetNearbyHotelList,376,raw/702983/responses/0006_9a431dd78faa.json
702983,7,POST,200,Fetch,https://m.ctrip.com/restapi/soa2/35021/getHotelRoomPopInfoPCOnline,392,raw/702983/responses/0007_a399d40fcb64.json
702989,1,POST,200,Fetch,https://m.ctrip.com/restapi/soa2/10182/GetAvailablePoints?_fxpcqlniredt=09031109115864990735&x-traceID=09031109115864990735-1788240993287-9244502,463,raw/702989/responses/0001_30f6b0d5631c.json
703020,1,POST,200,Fetch,https://m.ctrip.com/restapi/soa2/10182/GetAvailablePoints?_fxpcqlniredt=09031109115864990735&x-traceID=09031109115864990735-1788239912388-6129860,463,raw/703020/responses/0001_aad7c5b0c745.json
703021,1,POST,200,Fetch,https://m.ctrip.com/restapi/soa2/10182/GetAvailablePoints?_fxpcqlniredt=09031109115864990735&x-traceID=09031109115864990735-1788239854425-9833659,463,raw/703021/responses/0001_c5f42d30fc98.json
703021,2,POST,200,Fetch,https://m.ctrip.com/restapi/soa2/34308/getHotelCommentInfo,399,raw/703021/responses/0002_e5cdff472821.json
703021,3,POST,200,Fetch,https://m.ctrip.com/restapi/soa2/33278/getDetailAdditionalInfo,20641,raw/703021/responses/0003_9a699f28ead6.json
703021,4,POST,200,Fetch,https://m.ctrip.com/restapi/soa2/28820/ctgethotelalbum,207446,raw/703021/responses/0004_65975e8ff220.json
703021,5,POST,200,Fetch,https://m.ctrip.com/restapi/soa2/33278/getHotelRoomListInland,408,raw/703021/responses/0005_126ff2c3c3c2.json
703021,6,POST,200,Fetch,https://m.ctrip.com/restapi/soa2/28820/ctGetNearbyHotelList,378,raw/703021/responses/0006_9a431dd78faa.json
703021,7,POST,200,Fetch,https://m.ctrip.com/restapi/soa2/35021/getHotelRoomPopInfoPCOnline,394,raw/703021/responses/0007_a399d40fcb64.json
703036,1,POST,200,Fetch,https://m.ctrip.com/restapi/soa2/10182/GetAvailablePoints?_fxpcqlniredt=09031109115864990735&x-traceID=09031109115864990735-1788513163858-3885004,462,raw/703036/responses/0001_a9e877bd34bf.json
703036,2,POST,200,Fetch,https://m.ctrip.com/restapi/soa2/33278/getDetailAdditionalInfo,20129,raw/703036/responses/0002_0f6525cc02a9.json
703036,3,POST,200,Fetch,https://m.ctrip.com/restapi/soa2/34308/getHotelCommentInfo,397,raw/703036/responses/0003_8a41a2728111.json
703036,4,POST,200,Fetch,https://m.ctrip.com/restapi/soa2/28820/ctgethotelalbum,154694,raw/703036/responses/0004_65975e8ff220.json
703036,5,POST,200,Fetch,https://m.ctrip.com/restapi/soa2/28820/ctGetNearbyHotelList,378,raw/703036/responses/0005_1e2127aae2e6.json
703036,6,POST,200,Fetch,https://m.ctrip.com/restapi/soa2/33278/getHotelRoomListInland,406,raw/703036/responses/0006_b404bd1188b5.json
703036,7,POST,200,Fetch,https://m.ctrip.com/restapi/soa2/35021/getHotelRoomPopInfoPCOnline,394,raw/703036/responses/0007_a399d40fcb64.json
703041,1,POST,200,Fetch,https://m.ctrip.com/restapi/soa2/10182/GetAvailablePoints?_fxpcqlniredt=09031109115864990735&x-traceID=09031109115864990735-1788512703281-3717308,462,raw/703041/responses/0001_732668ce4186.json
703041,2,POST,200,Fetch,https://m.ctrip.com/restapi/soa2/34308/getHotelCommentInfo,397,raw/703041/responses/0002_e5cdff472821.json
703041,3,POST,200,Fetch,https://m.ctrip.com/restapi/soa2/33278/getDetailAdditionalInfo,20180,raw/703041/responses/0003_9a699f28ead6.json
703041,4,POST,200,Fetch,https://m.ctrip.com/restapi/soa2/28820/ctgethotelalbum,401950,raw/703041/responses/0004_65975e8ff220.json
703041,5,POST,200,Fetch,https://m.ctrip.com/restapi/soa2/33278/getHotelRoomListInland,406,raw/703041/responses/0005_126ff2c3c3c2.json
703041,6,POST,200,Fetch,https://m.ctrip.com/restapi/soa2/28820/ctGetNearbyHotelList,376,raw/703041/responses/0006_9a431dd78faa.json
703041,7,POST,200,Fetch,https://m.ctrip.com/restapi/soa2/35021/getHotelRoomPopInfoPCOnline,392,raw/703041/responses/0007_a399d40fcb64.json
703053,1,POST,200,Fetch,https://m.ctrip.com/restapi/soa2/10182/GetAvailablePoints?_fxpcqlniredt=09031109115864990735&x-traceID=09031109115864990735-1788513257196-3808118,463,raw/703053/responses/0001_bf2ea1e477a6.json
703053,2,POST,200,Fetch,https://m.ctrip.com/restapi/soa2/34308/getHotelCommentInfo,399,raw/703053/responses/0002_e5cdff472821.json
703053,3,POST,200,Fetch,https://m.ctrip.com/restapi/soa2/33278/getDetailAdditionalInfo,19860,raw/703053/responses/0003_9a699f28ead6.json
703053,4,POST,200,Fetch,https://m.ctrip.com/restapi/soa2/28820/ctgethotelalbum,261941,raw/703053/responses/0004_65975e8ff220.json
703053,5,POST,200,Fetch,https://m.ctrip.com/restapi/soa2/33278/getHotelRoomListInland,408,raw/703053/responses/0005_126ff2c3c3c2.json
703053,6,POST,200,Fetch,https://m.ctrip.com/restapi/soa2/28820/ctGetNearbyHotelList,378,raw/703053/responses/0006_9a431dd78faa.json
703053,7,POST,200,Fetch,https://m.ctrip.com/restapi/soa2/35021/getHotelRoomPopInfoPCOnline,394,raw/703053/responses/0007_a399d40fcb64.json
703059,1,POST,200,Fetch,https://m.ctrip.com/restapi/soa2/34308/getHotelCommentInfo,399,raw/703059/responses/0001_a72c8f9fa60e.json
703059,2,POST,200,Fetch,https://m.ctrip.com/restapi/soa2/10182/GetAvailablePoints?_fxpcqlniredt=09031109115864990735&x-traceID=09031109115864990735-1788510727244-966829,463,raw/703059/responses/0002_db28c77e5d25.json
703059,3,POST,200,Fetch,https://m.ctrip.com/restapi/soa2/28820/ctgethotelalbum,249922,raw/703059/responses/0003_b0749e138db6.json
703059,4,POST,200,Fetch,https://m.ctrip.com/restapi/soa2/28820/ctGetNearbyHotelList,378,raw/703059/responses/0004_b9f75dd5f3db.json
703059,5,POST,200,Fetch,https://m.ctrip.com/restapi/soa2/33278/getHotelRoomListInland,408,raw/703059/responses/0005_126ff2c3c3c2.json
703059,6,POST,200,Fetch,https://m.ctrip.com/restapi/soa2/33278/getDetailAdditionalInfo,20030,raw/703059/responses/0006_937db351796d.json
703059,7,POST,200,Fetch,https://m.ctrip.com/restapi/soa2/35021/getHotelRoomPopInfoPCOnline,394,raw/703059/responses/0007_a399d40fcb64.json
703077,1,POST,200,Fetch,https://m.ctrip.com/restapi/soa2/10182/GetAvailablePoints?_fxpcqlniredt=09031109115864990735&x-traceID=09031109115864990735-1788235635347-335188,462,raw/703077/responses/0001_cfc898917321.json
703077,2,POST,200,Fetch,https://m.ctrip.com/restapi/soa2/34308/getHotelCommentInfo,397,raw/703077/responses/0002_e5cdff472821.json
703077,3,POST,200,Fetch,https://m.ctrip.com/restapi/soa2/33278/getDetailAdditionalInfo,20340,raw/703077/responses/0003_9a699f28ead6.json
703077,4,POST,200,Fetch,https://m.ctrip.com/restapi/soa2/28820/ctGetNearbyHotelList,376,raw/703077/responses/0004_b9f75dd5f3db.json
703077,5,POST,200,Fetch,https://m.ctrip.com/restapi/soa2/28820/ctgethotelalbum,263394,raw/703077/responses/0005_0ef9cbf89082.json
703077,6,POST,200,Fetch,https://m.ctrip.com/restapi/soa2/33278/getHotelRoomListInland,406,raw/703077/responses/0006_b404bd1188b5.json
703077,7,POST,200,Fetch,https://m.ctrip.com/restapi/soa2/35021/getHotelRoomPopInfoPCOnline,392,raw/703077/responses/0007_a399d40fcb64.json
703109,1,POST,200,Fetch,https://m.ctrip.com/restapi/soa2/10182/GetAvailablePoints?_fxpcqlniredt=09031109115864990735&x-traceID=09031109115864990735-1788242034287-3199248,463,raw/703109/responses/0001_738caff15cc3.json
703112,1,POST,200,Fetch,https://m.ctrip.com/restapi/soa2/10182/GetAvailablePoints?_fxpcqlniredt=09031109115864990735&x-traceID=09031109115864990735-1788236812101-641541,463,raw/703112/responses/0001_207267fb600f.json
703112,2,POST,200,Fetch,https://m.ctrip.com/restapi/soa2/34308/getHotelCommentInfo,399,raw/703112/responses/0002_e5cdff472821.json
703112,3,POST,200,Fetch,https://m.ctrip.com/restapi/soa2/33278/getHotelRoomListInland,408,raw/703112/responses/0003_20a6b1dba238.json
703112,4,POST,200,Fetch,https://m.ctrip.com/restapi/soa2/33278/getDetailAdditionalInfo,20135,raw/703112/responses/0004_c37be698535c.json
703112,5,POST,200,Fetch,https://m.ctrip.com/restapi/soa2/28820/ctGetNearbyHotelList,378,raw/703112/responses/0005_1e2127aae2e6.json
703112,6,POST,200,Fetch,https://m.ctrip.com/restapi/soa2/28820/ctgethotelalbum,376596,raw/703112/responses/0006_b034201a0549.json
703112,7,POST,200,Fetch,https://m.ctrip.com/restapi/soa2/35021/getHotelRoomPopInfoPCOnline,394,raw/703112/responses/0007_a399d40fcb64.json
703113,1,POST,200,Fetch,https://m.ctrip.com/restapi/soa2/10182/GetAvailablePoints?_fxpcqlniredt=09031109115864990735&x-traceID=09031109115864990735-1788166768343-3636598,462,raw/703113/responses/0001_4eff80d8cb8b.json
703117,1,POST,200,Fetch,https://m.ctrip.com/restapi/soa2/10182/GetAvailablePoints?_fxpcqlniredt=09031109115864990735&x-traceID=09031109115864990735-1788510783603-4520827,463,raw/703117/responses/0001_12556d62bed9.json
703117,2,POST,200,Fetch,https://m.ctrip.com/restapi/soa2/34308/getHotelCommentInfo,399,raw/703117/responses/0002_e5cdff472821.json
703117,3,POST,200,Fetch,https://m.ctrip.com/restapi/soa2/33278/getDetailAdditionalInfo,20219,raw/703117/responses/0003_9a699f28ead6.json
703117,4,POST,200,Fetch,https://m.ctrip.com/restapi/soa2/28820/ctGetNearbyHotelList,378,raw/703117/responses/0004_b9f75dd5f3db.json
703117,5,POST,200,Fetch,https://m.ctrip.com/restapi/soa2/28820/ctgethotelalbum,298800,raw/703117/responses/0005_0ef9cbf89082.json
703117,6,POST,200,Fetch,https://m.ctrip.com/restapi/soa2/33278/getHotelRoomListInland,408,raw/703117/responses/0006_b404bd1188b5.json
703117,7,POST,200,Fetch,https://m.ctrip.com/restapi/soa2/35021/getHotelRoomPopInfoPCOnline,394,raw/703117/responses/0007_a399d40fcb64.json
703121,1,POST,200,Fetch,https://m.ctrip.com/restapi/soa2/10182/GetAvailablePoints?_fxpcqlniredt=09031109115864990735&x-traceID=09031109115864990735-1788256313689-1598239,463,raw/703121/responses/0001_e0c491ddecd2.json
703121,2,POST,200,Fetch,https://m.ctrip.com/restapi/soa2/34308/getHotelCommentInfo,399,raw/703121/responses/0002_e5cdff472821.json
703121,3,POST,200,Fetch,https://m.ctrip.com/restapi/soa2/33278/getDetailAdditionalInfo,21001,raw/703121/responses/0003_9a699f28ead6.json
703121,4,POST,200,Fetch,https://m.ctrip.com/restapi/soa2/33278/getHotelRoomListInland,408,raw/703121/responses/0004_4484b63447e6.json
703121,5,POST,200,Fetch,https://m.ctrip.com/restapi/soa2/28820/ctgethotelalbum,230542,raw/703121/responses/0005_0ef9cbf89082.json
703121,6,POST,200,Fetch,https://m.ctrip.com/restapi/soa2/28820/ctGetNearbyHotelList,378,raw/703121/responses/0006_9a431dd78faa.json
703121,7,POST,200,Fetch,https://m.ctrip.com/restapi/soa2/35021/getHotelRoomPopInfoPCOnline,394,raw/703121/responses/0007_a399d40fcb64.json
703132,1,POST,200,Fetch,https://m.ctrip.com/restapi/soa2/33278/getDetailAdditionalInfo,20097,raw/703132/responses/0001_cfd279648041.json
703132,2,POST,200,Fetch,https://m.ctrip.com/restapi/soa2/28820/ctgethotelalbum,451225,raw/703132/responses/0002_053ef16233d1.json
703132,3,POST,200,Fetch,https://m.ctrip.com/restapi/soa2/34308/getHotelCommentInfo,59415,raw/703132/responses/0003_8a41a2728111.json
703132,4,POST,200,Fetch,https://m.ctrip.com/restapi/soa2/10182/GetAvailablePoints?_fxpcqlniredt=09031109115864990735&x-traceID=09031109115864990735-1788163165476-7229345,463,raw/703132/responses/0004_48047d6e270b.json
703132,5,POST,200,Fetch,https://m.ctrip.com/restapi/soa2/33278/getHotelRoomListInland,426586,raw/703132/responses/0005_126ff2c3c3c2.json
703132,6,POST,200,Fetch,https://m.ctrip.com/restapi/soa2/35021/getHotelRoomPopInfoPCOnline,486751,raw/703132/responses/0006_e166730164ad.json
703132,7,POST,200,Fetch,https://m.ctrip.com/restapi/soa2/28820/ctGetNearbyHotelList,133324,raw/703132/responses/0007_81cfad9db557.json
703137,1,POST,200,Fetch,https://m.ctrip.com/restapi/soa2/33278/getDetailAdditionalInfo,20048,raw/703137/responses/0001_cfd279648041.json
703137,2,POST,200,Fetch,https://m.ctrip.com/restapi/soa2/34308/getHotelCommentInfo,66410,raw/703137/responses/0002_e5cdff472821.json
703137,3,POST,200,Fetch,https://m.ctrip.com/restapi/soa2/28820/ctgethotelalbum,411107,raw/703137/responses/0003_b0749e138db6.json
703137,4,POST,200,Fetch,https://m.ctrip.com/restapi/soa2/10182/GetAvailablePoints?_fxpcqlniredt=09031109115864990735&x-traceID=09031109115864990735-1788165363162-8842621,463,raw/703137/responses/0004_91fa40d975b0.json
703137,5,POST,200,Fetch,https://m.ctrip.com/restapi/soa2/33278/getHotelRoomListInland,790011,raw/703137/responses/0005_126ff2c3c3c2.json
703137,6,POST,200,Fetch,https://m.ctrip.com/restapi/soa2/28820/ctGetNearbyHotelList,139358,raw/703137/responses/0006_9a431dd78faa.json
703137,7,POST,200,Fetch,https://m.ctrip.com/restapi/soa2/35021/getHotelRoomPopInfoPCOnline,1136088,raw/703137/responses/0007_a399d40fcb64.json
703149,1,POST,200,Fetch,https://m.ctrip.com/restapi/soa2/10182/GetAvailablePoints?_fxpcqlniredt=09031109115864990735&x-traceID=09031109115864990735-1788238801651-5936950,460,raw/703149/responses/0001_85683c80fef1.json
703149,2,POST,200,Fetch,https://m.ctrip.com/restapi/soa2/34308/getHotelCommentInfo,393,raw/703149/responses/0002_e5cdff472821.json
703149,3,POST,200,Fetch,https://m.ctrip.com/restapi/soa2/33278/getDetailAdditionalInfo,20116,raw/703149/responses/0003_9a699f28ead6.json
703149,4,POST,200,Fetch,https://m.ctrip.com/restapi/soa2/28820/ctGetNearbyHotelList,372,raw/703149/responses/0004_b9f75dd5f3db.json
703149,5,POST,200,Fetch,https://m.ctrip.com/restapi/soa2/33278/getHotelRoomListInland,402,raw/703149/responses/0005_126ff2c3c3c2.json
703149,6,POST,200,Fetch,https://m.ctrip.com/restapi/soa2/28820/ctgethotelalbum,417240,raw/703149/responses/0006_b034201a0549.json
703149,7,POST,200,Fetch,https://m.ctrip.com/restapi/soa2/35021/getHotelRoomPopInfoPCOnline,388,raw/703149/responses/0007_a399d40fcb64.json
711107,1,POST,200,Fetch,https://m.ctrip.com/restapi/soa2/34308/getHotelCommentInfo,62597,raw/711107/responses/0001_a72c8f9fa60e.json
711107,2,POST,200,Fetch,https://m.ctrip.com/restapi/soa2/33278/getDetailAdditionalInfo,19799,raw/711107/responses/0002_0f6525cc02a9.json
711107,3,POST,200,Fetch,https://m.ctrip.com/restapi/soa2/28820/ctgethotelalbum,301608,raw/711107/responses/0003_b0749e138db6.json
711107,4,POST,200,Fetch,https://m.ctrip.com/restapi/soa2/10182/GetAvailablePoints?_fxpcqlniredt=09031109115864990735&x-traceID=09031109115864990735-1788165088926-8035190,463,raw/711107/responses/0004_f15cd7548188.json
711107,5,POST,200,Fetch,https://m.ctrip.com/restapi/soa2/28820/ctGetNearbyHotelList,135754,raw/711107/responses/0005_1e2127aae2e6.json
711107,6,POST,200,Fetch,https://m.ctrip.com/restapi/soa2/33278/getHotelRoomListInland,918964,raw/711107/responses/0006_b404bd1188b5.json
711120,1,POST,200,Fetch,https://m.ctrip.com/restapi/soa2/10182/GetAvailablePoints?_fxpcqlniredt=09031109115864990735&x-traceID=09031109115864990735-1788236178563-4962947,463,raw/711120/responses/0001_4c0e28fdfb89.json
711120,2,POST,200,Fetch,https://m.ctrip.com/restapi/soa2/34308/getHotelCommentInfo,399,raw/711120/responses/0002_e5cdff472821.json
711120,3,POST,200,Fetch,https://m.ctrip.com/restapi/soa2/33278/getDetailAdditionalInfo,20341,raw/711120/responses/0003_9a699f28ead6.json
711120,4,POST,200,Fetch,https://m.ctrip.com/restapi/soa2/28820/ctGetNearbyHotelList,378,raw/711120/responses/0004_b9f75dd5f3db.json
711120,5,POST,200,Fetch,https://m.ctrip.com/restapi/soa2/33278/getHotelRoomListInland,408,raw/711120/responses/0005_126ff2c3c3c2.json
711120,6,POST,200,Fetch,https://m.ctrip.com/restapi/soa2/28820/ctgethotelalbum,223970,raw/711120/responses/0006_b034201a0549.json
711120,7,POST,200,Fetch,https://m.ctrip.com/restapi/soa2/35021/getHotelRoomPopInfoPCOnline,394,raw/711120/responses/0007_a399d40fcb64.json
71398109,1,POST,200,Fetch,https://m.ctrip.com/restapi/soa2/10182/GetAvailablePoints?_fxpcqlniredt=09031109115864990735&x-traceID=09031109115864990735-1788512576097-3186254,462,raw/71398109/responses/0001_12a073978469.json
7143654,1,POST,200,Fetch,https://m.ctrip.com/restapi/soa2/10182/GetAvailablePoints?_fxpcqlniredt=09031109115864990735&x-traceID=09031109115864990735-1788163532221-6811523,461,raw/7143654/responses/0001_0ad044428a72.json
7143654,2,POST,200,Fetch,https://m.ctrip.com/restapi/soa2/33278/getDetailAdditionalInfo,20267,raw/7143654/responses/0002_0f6525cc02a9.json
7143654,3,POST,200,Fetch,https://m.ctrip.com/restapi/soa2/28820/ctgethotelalbum,327943,raw/7143654/responses/0003_b0749e138db6.json
7143654,4,POST,200,Fetch,https://m.ctrip.com/restapi/soa2/34308/getHotelCommentInfo,56171,raw/7143654/responses/0004_f4484678b221.json
7143654,5,POST,200,Fetch,https://m.ctrip.com/restapi/soa2/33278/getHotelRoomListInland,1454588,raw/7143654/responses/0005_126ff2c3c3c2.json
7143654,6,POST,200,Fetch,https://m.ctrip.com/restapi/soa2/28820/ctGetNearbyHotelList,136255,raw/7143654/responses/0006_9a431dd78faa.json
7143654,7,POST,200,Fetch,https://m.ctrip.com/restapi/soa2/35021/getHotelRoomPopInfoPCOnline,1833951,raw/7143654/responses/0007_a399d40fcb64.json
7143654,8,POST,200,Fetch,https://m.ctrip.com/restapi/soa2/33278/getDetailAdditionalInfo,20267,raw/7143654/responses/0008_2e4715a13d18.json
7143654,9,POST,200,Fetch,https://m.ctrip.com/restapi/soa2/10182/GetAvailablePoints?_fxpcqlniredt=09031109115864990735&x-traceID=09031109115864990735-1788163561349-6863809,462,raw/7143654/responses/0009_27342a7c1144.json
7143654,10,POST,200,Fetch,https://m.ctrip.com/restapi/soa2/34308/getHotelCommentInfo,56171,raw/7143654/responses/0010_f587f57099fa.json
7143654,11,POST,200,Fetch,https://m.ctrip.com/restapi/soa2/28820/ctgethotelalbum,327943,raw/7143654/responses/0011_606c871b4b51.json
7143654,12,POST,200,Fetch,https://m.ctrip.com/restapi/soa2/28820/ctGetNearbyHotelList,136255,raw/7143654/responses/0012_1cf245f2638a.json
7143654,13,POST,200,Fetch,https://m.ctrip.com/restapi/soa2/33278/getHotelRoomListInland,1454557,raw/7143654/responses/0013_0f204e440e8f.json
71504229,1,POST,200,Fetch,https://m.ctrip.com/restapi/soa2/10182/GetAvailablePoints?_fxpcqlniredt=09031109115864990735&x-traceID=09031109115864990735-1788239708649-509956,463,raw/71504229/responses/0001_e4e063291044.json
71504229,2,POST,200,Fetch,https://m.ctrip.com/restapi/soa2/33278/getHotelRoomListInland,406,raw/71504229/responses/0002_e41e460f95a3.json
71504229,3,POST,200,Fetch,https://m.ctrip.com/restapi/soa2/34308/getHotelCommentInfo,397,raw/71504229/responses/0003_8a41a2728111.json
71504229,4,POST,200,Fetch,https://m.ctrip.com/restapi/soa2/28820/ctGetNearbyHotelList,378,raw/71504229/responses/0004_b9f75dd5f3db.json
71504229,5,POST,200,Fetch,https://m.ctrip.com/restapi/soa2/33278/getDetailAdditionalInfo,21055,raw/71504229/responses/0005_1139d80bc75b.json
71504229,6,POST,200,Fetch,https://m.ctrip.com/restapi/soa2/28820/ctgethotelalbum,195767,raw/71504229/responses/0006_b034201a0549.json
71504229,7,POST,200,Fetch,https://m.ctrip.com/restapi/soa2/35021/getHotelRoomPopInfoPCOnline,392,raw/71504229/responses/0007_a399d40fcb64.json
71519216,1,POST,200,Fetch,https://m.ctrip.com/restapi/soa2/10182/GetAvailablePoints?_fxpcqlniredt=09031109115864990735&x-traceID=09031109115864990735-1788241821182-3715445,463,raw/71519216/responses/0001_3acc31a00248.json
7254053,1,POST,200,Fetch,https://m.ctrip.com/restapi/soa2/10182/GetAvailablePoints?_fxpcqlniredt=09031109115864990735&x-traceID=09031109115864990735-1788239600550-1360714,462,raw/7254053/responses/0001_cbc55e2f4062.json
7254053,2,POST,200,Fetch,https://m.ctrip.com/restapi/soa2/34308/getHotelCommentInfo,397,raw/7254053/responses/0002_e5cdff472821.json
7254053,3,POST,200,Fetch,https://m.ctrip.com/restapi/soa2/33278/getHotelRoomListInland,406,raw/7254053/responses/0003_20a6b1dba238.json
7254053,4,POST,200,Fetch,https://m.ctrip.com/restapi/soa2/33278/getDetailAdditionalInfo,20276,raw/7254053/responses/0004_c37be698535c.json
7254053,5,POST,200,Fetch,https://m.ctrip.com/restapi/soa2/28820/ctGetNearbyHotelList,378,raw/7254053/responses/0005_1e2127aae2e6.json
7254053,6,POST,200,Fetch,https://m.ctrip.com/restapi/soa2/28820/ctgethotelalbum,218137,raw/7254053/responses/0006_b034201a0549.json
7254053,7,POST,200,Fetch,https://m.ctrip.com/restapi/soa2/35021/getHotelRoomPopInfoPCOnline,392,raw/7254053/responses/0007_a399d40fcb64.json
72918904,1,POST,200,Fetch,https://m.ctrip.com/restapi/soa2/10182/GetAvailablePoints?_fxpcqlniredt=09031109115864990735&x-traceID=09031109115864990735-1788240877752-5789319,463,raw/72918904/responses/0001_f75d9b2efe8a.json
72918904,2,POST,200,Fetch,https://m.ctrip.com/restapi/soa2/33278/getDetailAdditionalInfo,19915,raw/72918904/responses/0002_0f6525cc02a9.json
72918904,3,POST,200,Fetch,https://m.ctrip.com/restapi/soa2/34308/getHotelCommentInfo,399,raw/72918904/responses/0003_8a41a2728111.json
72918904,4,POST,200,Fetch,https://m.ctrip.com/restapi/soa2/33278/getHotelRoomListInland,408,raw/72918904/responses/0004_4484b63447e6.json
72918904,5,POST,200,Fetch,https://m.ctrip.com/restapi/soa2/28820/ctGetNearbyHotelList,378,raw/72918904/responses/0005_1e2127aae2e6.json
72918904,6,POST,200,Fetch,https://m.ctrip.com/restapi/soa2/28820/ctgethotelalbum,315610,raw/72918904/responses/0006_b034201a0549.json
72918904,7,POST,200,Fetch,https://m.ctrip.com/restapi/soa2/35021/getHotelRoomPopInfoPCOnline,394,raw/72918904/responses/0007_a399d40fcb64.json
72918904,8,POST,200,Fetch,https://m.ctrip.com/restapi/soa2/10182/GetAvailablePoints?_fxpcqlniredt=09031109115864990735&x-traceID=09031109115864990735-1788240905394-3118137,463,raw/72918904/responses/0008_308dbe41e1e0.json
7295728,1,POST,200,Fetch,https://m.ctrip.com/restapi/soa2/10182/GetAvailablePoints?_fxpcqlniredt=09031109115864990735&x-traceID=09031109115864990735-1788512614981-6180929,462,raw/7295728/responses/0001_c0187b56f174.json
7295728,2,POST,200,Fetch,https://m.ctrip.com/restapi/soa2/34308/getHotelCommentInfo,397,raw/7295728/responses/0002_e5cdff472821.json
7295728,3,POST,200,Fetch,https://m.ctrip.com/restapi/soa2/33278/getDetailAdditionalInfo,20895,raw/7295728/responses/0003_9a699f28ead6.json
7295728,4,POST,200,Fetch,https://m.ctrip.com/restapi/soa2/33278/getHotelRoomListInland,406,raw/7295728/responses/0004_4484b63447e6.json
7295728,5,POST,200,Fetch,https://m.ctrip.com/restapi/soa2/28820/ctgethotelalbum,267897,raw/7295728/responses/0005_0ef9cbf89082.json
7295728,6,POST,200,Fetch,https://m.ctrip.com/restapi/soa2/28820/ctGetNearbyHotelList,376,raw/7295728/responses/0006_9a431dd78faa.json
7295728,7,POST,200,Fetch,https://m.ctrip.com/restapi/soa2/35021/getHotelRoomPopInfoPCOnline,392,raw/7295728/responses/0007_a399d40fcb64.json
7303749,1,POST,200,Fetch,https://m.ctrip.com/restapi/soa2/33278/getDetailAdditionalInfo,20325,raw/7303749/responses/0001_cfd279648041.json
7303749,2,POST,200,Fetch,https://m.ctrip.com/restapi/soa2/33278/getHotelRoomListInland,406,raw/7303749/responses/0002_e41e460f95a3.json
7303749,3,POST,200,Fetch,https://m.ctrip.com/restapi/soa2/28820/ctGetNearbyHotelList,376,raw/7303749/responses/0003_6558381281e0.json
7303749,4,POST,200,Fetch,https://m.ctrip.com/restapi/soa2/34308/getHotelCommentInfo,397,raw/7303749/responses/0004_f4484678b221.json
7303749,5,POST,200,Fetch,https://m.ctrip.com/restapi/soa2/28820/ctgethotelalbum,295534,raw/7303749/responses/0005_0ef9cbf89082.json
7303749,6,POST,200,Fetch,https://m.ctrip.com/restapi/soa2/10182/GetAvailablePoints?_fxpcqlniredt=09031109115864990735&x-traceID=09031109115864990735-1788513016496-8334938,462,raw/7303749/responses/0006_6791b3a88641.json
7303749,7,POST,200,Fetch,https://m.ctrip.com/restapi/soa2/35021/getHotelRoomPopInfoPCOnline,392,raw/7303749/responses/0007_a399d40fcb64.json
756595,1,POST,200,Fetch,https://m.ctrip.com/restapi/soa2/34308/getHotelCommentInfo,399,raw/756595/responses/0001_a72c8f9fa60e.json
756595,2,POST,200,Fetch,https://m.ctrip.com/restapi/soa2/28820/ctGetNearbyHotelList,378,raw/756595/responses/0002_79652ba8e9e8.json
756595,3,POST,200,Fetch,https://m.ctrip.com/restapi/soa2/33278/getDetailAdditionalInfo,19945,raw/756595/responses/0003_9a699f28ead6.json
756595,4,POST,200,Fetch,https://m.ctrip.com/restapi/soa2/10182/GetAvailablePoints?_fxpcqlniredt=09031109115864990735&x-traceID=09031109115864990735-1788236525204-7803885,463,raw/756595/responses/0004_874b088d279d.json
756595,5,POST,200,Fetch,https://m.ctrip.com/restapi/soa2/28820/ctgethotelalbum,301510,raw/756595/responses/0005_0ef9cbf89082.json
756595,6,POST,200,Fetch,https://m.ctrip.com/restapi/soa2/33278/getHotelRoomListInland,408,raw/756595/responses/0006_b404bd1188b5.json
756595,7,POST,200,Fetch,https://m.ctrip.com/restapi/soa2/35021/getHotelRoomPopInfoPCOnline,394,raw/756595/responses/0007_a399d40fcb64.json
7614733,1,POST,200,Fetch,https://m.ctrip.com/restapi/soa2/10182/GetAvailablePoints?_fxpcqlniredt=09031109115864990735&x-traceID=09031109115864990735-1788512229054-6348554,463,raw/7614733/responses/0001_de5d0c7dc864.json
7614733,2,POST,200,Fetch,https://m.ctrip.com/restapi/soa2/34308/getHotelCommentInfo,399,raw/7614733/responses/0002_e5cdff472821.json
7614733,3,POST,200,Fetch,https://m.ctrip.com/restapi/soa2/33278/getDetailAdditionalInfo,12711,raw/7614733/responses/0003_9a699f28ead6.json
7614733,4,POST,200,Fetch,https://m.ctrip.com/restapi/soa2/28820/ctgethotelalbum,353672,raw/7614733/responses/0004_65975e8ff220.json
7614733,5,POST,200,Fetch,https://m.ctrip.com/restapi/soa2/33278/getHotelRoomListInland,408,raw/7614733/responses/0005_126ff2c3c3c2.json
7614733,6,POST,200,Fetch,https://m.ctrip.com/restapi/soa2/28820/ctGetNearbyHotelList,378,raw/7614733/responses/0006_9a431dd78faa.json
7614733,7,POST,200,Fetch,https://m.ctrip.com/restapi/soa2/35021/getHotelRoomPopInfoPCOnline,394,raw/7614733/responses/0007_a399d40fcb64.json
7614960,1,POST,200,Fetch,https://m.ctrip.com/restapi/soa2/10182/GetAvailablePoints?_fxpcqlniredt=09031109115864990735&x-traceID=09031109115864990735-1788236918041-8926369,463,raw/7614960/responses/0001_73e7f9c3ffe2.json
7614960,2,POST,200,Fetch,https://m.ctrip.com/restapi/soa2/34308/getHotelCommentInfo,399,raw/7614960/responses/0002_e5cdff472821.json
7614960,3,POST,200,Fetch,https://m.ctrip.com/restapi/soa2/33278/getHotelRoomListInland,408,raw/7614960/responses/0003_20a6b1dba238.json
7614960,4,POST,200,Fetch,https://m.ctrip.com/restapi/soa2/33278/getDetailAdditionalInfo,20023,raw/7614960/responses/0004_c37be698535c.json
7614960,5,POST,200,Fetch,https://m.ctrip.com/restapi/soa2/28820/ctGetNearbyHotelList,378,raw/7614960/responses/0005_1e2127aae2e6.json
7614960,6,POST,200,Fetch,https://m.ctrip.com/restapi/soa2/28820/ctgethotelalbum,277139,raw/7614960/responses/0006_b034201a0549.json
7614960,7,POST,200,Fetch,https://m.ctrip.com/restapi/soa2/35021/getHotelRoomPopInfoPCOnline,394,raw/7614960/responses/0007_a399d40fcb64.json
7617875,1,POST,200,Fetch,https://m.ctrip.com/restapi/soa2/10182/GetAvailablePoints?_fxpcqlniredt=09031109115864990735&x-traceID=09031109115864990735-1788236402439-5568983,463,raw/7617875/responses/0001_0f6cc524ac2a.json
7617875,2,POST,200,Fetch,https://m.ctrip.com/restapi/soa2/33278/getHotelRoomListInland,408,raw/7617875/responses/0002_e41e460f95a3.json
7617875,3,POST,200,Fetch,https://m.ctrip.com/restapi/soa2/34308/getHotelCommentInfo,399,raw/7617875/responses/0003_8a41a2728111.json
7617875,4,POST,200,Fetch,https://m.ctrip.com/restapi/soa2/33278/getDetailAdditionalInfo,20367,raw/7617875/responses/0004_c37be698535c.json
7617875,5,POST,200,Fetch,https://m.ctrip.com/restapi/soa2/28820/ctGetNearbyHotelList,378,raw/7617875/responses/0005_1e2127aae2e6.json
7617875,6,POST,200,Fetch,https://m.ctrip.com/restapi/soa2/28820/ctgethotelalbum,282523,raw/7617875/responses/0006_b034201a0549.json
7617875,7,POST,200,Fetch,https://m.ctrip.com/restapi/soa2/35021/getHotelRoomPopInfoPCOnline,394,raw/7617875/responses/0007_a399d40fcb64.json
7627505,1,POST,200,Fetch,https://m.ctrip.com/restapi/soa2/10182/GetAvailablePoints?_fxpcqlniredt=09031109115864990735&x-traceID=09031109115864990735-1788240428936-4063842,463,raw/7627505/responses/0001_c5cc98ac8093.json
7631125,1,POST,200,Fetch,https://m.ctrip.com/restapi/soa2/10182/GetAvailablePoints?_fxpcqlniredt=09031109115864990735&x-traceID=09031109115864990735-1788239617443-8170654,463,raw/7631125/responses/0001_f3708b04ebd5.json
7631125,2,POST,200,Fetch,https://m.ctrip.com/restapi/soa2/34308/getHotelCommentInfo,399,raw/7631125/responses/0002_e5cdff472821.json
7631125,3,POST,200,Fetch,https://m.ctrip.com/restapi/soa2/33278/getDetailAdditionalInfo,20413,raw/7631125/responses/0003_9a699f28ead6.json
7631125,4,POST,200,Fetch,https://m.ctrip.com/restapi/soa2/33278/getHotelRoomListInland,406,raw/7631125/responses/0004_4484b63447e6.json
7631125,5,POST,200,Fetch,https://m.ctrip.com/restapi/soa2/28820/ctGetNearbyHotelList,376,raw/7631125/responses/0005_1e2127aae2e6.json
7631125,6,POST,200,Fetch,https://m.ctrip.com/restapi/soa2/28820/ctgethotelalbum,219706,raw/7631125/responses/0006_b034201a0549.json
7631125,7,POST,200,Fetch,https://m.ctrip.com/restapi/soa2/35021/getHotelRoomPopInfoPCOnline,392,raw/7631125/responses/0007_a399d40fcb64.json
76338448,1,POST,200,Fetch,https://m.ctrip.com/restapi/soa2/10182/GetAvailablePoints?_fxpcqlniredt=09031109115864990735&x-traceID=09031109115864990735-1788239397971-5861658,461,raw/76338448/responses/0001_8ade92fa70e7.json
76338448,2,POST,200,Fetch,https://m.ctrip.com/restapi/soa2/33278/getDetailAdditionalInfo,19836,raw/76338448/responses/0002_0f6525cc02a9.json
76338448,3,POST,200,Fetch,https://m.ctrip.com/restapi/soa2/34308/getHotelCommentInfo,397,raw/76338448/responses/0003_8a41a2728111.json
76338448,4,POST,200,Fetch,https://m.ctrip.com/restapi/soa2/33278/getHotelRoomListInland,406,raw/76338448/responses/0004_4484b63447e6.json
76338448,5,POST,200,Fetch,https://m.ctrip.com/restapi/soa2/28820/ctGetNearbyHotelList,376,raw/76338448/responses/0005_1e2127aae2e6.json
76338448,6,POST,200,Fetch,https://m.ctrip.com/restapi/soa2/28820/ctgethotelalbum,315949,raw/76338448/responses/0006_b034201a0549.json
76338448,7,POST,200,Fetch,https://m.ctrip.com/restapi/soa2/35021/getHotelRoomPopInfoPCOnline,392,raw/76338448/responses/0007_a399d40fcb64.json
7703208,1,POST,200,Fetch,https://m.ctrip.com/restapi/soa2/10182/GetAvailablePoints?_fxpcqlniredt=09031109115864990735&x-traceID=09031109115864990735-1788513236605-2006580,463,raw/7703208/responses/0001_c2752a9ecbf9.json
7703208,2,POST,200,Fetch,https://m.ctrip.com/restapi/soa2/34308/getHotelCommentInfo,399,raw/7703208/responses/0002_e5cdff472821.json
7703208,3,POST,200,Fetch,https://m.ctrip.com/restapi/soa2/33278/getDetailAdditionalInfo,20630,raw/7703208/responses/0003_9a699f28ead6.json
7703208,4,POST,200,Fetch,https://m.ctrip.com/restapi/soa2/33278/getHotelRoomListInland,408,raw/7703208/responses/0004_4484b63447e6.json
7703208,5,POST,200,Fetch,https://m.ctrip.com/restapi/soa2/28820/ctgethotelalbum,399690,raw/7703208/responses/0005_0ef9cbf89082.json
7703208,6,POST,200,Fetch,https://m.ctrip.com/restapi/soa2/28820/ctGetNearbyHotelList,378,raw/7703208/responses/0006_9a431dd78faa.json
7703208,7,POST,200,Fetch,https://m.ctrip.com/restapi/soa2/35021/getHotelRoomPopInfoPCOnline,394,raw/7703208/responses/0007_a399d40fcb64.json
8043021,1,POST,200,Fetch,https://m.ctrip.com/restapi/soa2/10182/GetAvailablePoints?_fxpcqlniredt=09031109115864990735&x-traceID=09031109115864990735-1788510765434-9926838,463,raw/8043021/responses/0001_d80a44b4f16f.json
8043021,2,POST,200,Fetch,https://m.ctrip.com/restapi/soa2/28820/ctGetNearbyHotelList,378,raw/8043021/responses/0002_79652ba8e9e8.json
8043021,3,POST,200,Fetch,https://m.ctrip.com/restapi/soa2/34308/getHotelCommentInfo,399,raw/8043021/responses/0003_8a41a2728111.json
8043021,4,POST,200,Fetch,https://m.ctrip.com/restapi/soa2/28820/ctgethotelalbum,350081,raw/8043021/responses/0004_65975e8ff220.json
8043021,5,POST,200,Fetch,https://m.ctrip.com/restapi/soa2/33278/getHotelRoomListInland,408,raw/8043021/responses/0005_126ff2c3c3c2.json
8043021,6,POST,200,Fetch,https://m.ctrip.com/restapi/soa2/33278/getDetailAdditionalInfo,19980,raw/8043021/responses/0006_937db351796d.json
8043021,7,POST,200,Fetch,https://m.ctrip.com/restapi/soa2/35021/getHotelRoomPopInfoPCOnline,394,raw/8043021/responses/0007_a399d40fcb64.json
8059895,1,POST,200,Fetch,https://m.ctrip.com/restapi/soa2/10182/GetAvailablePoints?_fxpcqlniredt=09031109115864990735&x-traceID=09031109115864990735-1788511985669-1069182,463,raw/8059895/responses/0001_d8b6b8fd1d4c.json
8059895,2,POST,200,Fetch,https://m.ctrip.com/restapi/soa2/34308/getHotelCommentInfo,399,raw/8059895/responses/0002_e5cdff472821.json
8059895,3,POST,200,Fetch,https://m.ctrip.com/restapi/soa2/33278/getHotelRoomListInland,408,raw/8059895/responses/0003_20a6b1dba238.json
8059895,4,POST,200,Fetch,https://m.ctrip.com/restapi/soa2/33278/getDetailAdditionalInfo,19951,raw/8059895/responses/0004_c37be698535c.json
8059895,5,POST,200,Fetch,https://m.ctrip.com/restapi/soa2/28820/ctgethotelalbum,211331,raw/8059895/responses/0005_0ef9cbf89082.json
8059895,6,POST,200,Fetch,https://m.ctrip.com/restapi/soa2/28820/ctGetNearbyHotelList,378,raw/8059895/responses/0006_9a431dd78faa.json
8059895,7,POST,200,Fetch,https://m.ctrip.com/restapi/soa2/35021/getHotelRoomPopInfoPCOnline,394,raw/8059895/responses/0007_a399d40fcb64.json
80978694,1,POST,200,Fetch,https://m.ctrip.com/restapi/soa2/33278/getDetailAdditionalInfo,20456,raw/80978694/responses/0001_cfd279648041.json
80978694,2,POST,200,Fetch,https://m.ctrip.com/restapi/soa2/34308/getHotelCommentInfo,399,raw/80978694/responses/0002_e5cdff472821.json
80978694,3,POST,200,Fetch,https://m.ctrip.com/restapi/soa2/28820/ctGetNearbyHotelList,378,raw/80978694/responses/0003_6558381281e0.json
80978694,4,POST,200,Fetch,https://m.ctrip.com/restapi/soa2/33278/getHotelRoomListInland,408,raw/80978694/responses/0004_4484b63447e6.json
80978694,5,POST,200,Fetch,https://m.ctrip.com/restapi/soa2/28820/ctgethotelalbum,289757,raw/80978694/responses/0005_0ef9cbf89082.json
80978694,6,POST,200,Fetch,https://m.ctrip.com/restapi/soa2/10182/GetAvailablePoints?_fxpcqlniredt=09031109115864990735&x-traceID=09031109115864990735-1788236435445-3098091,463,raw/80978694/responses/0006_81dec5b4b7c4.json
80978694,7,POST,200,Fetch,https://m.ctrip.com/restapi/soa2/35021/getHotelRoomPopInfoPCOnline,394,raw/80978694/responses/0007_a399d40fcb64.json
81067775,1,POST,200,Fetch,https://m.ctrip.com/restapi/soa2/34308/getHotelCommentInfo,397,raw/81067775/responses/0001_a72c8f9fa60e.json
81067775,2,POST,200,Fetch,https://m.ctrip.com/restapi/soa2/33278/getDetailAdditionalInfo,20669,raw/81067775/responses/0002_0f6525cc02a9.json
81067775,3,POST,200,Fetch,https://m.ctrip.com/restapi/soa2/33278/getHotelRoomListInland,406,raw/81067775/responses/0003_20a6b1dba238.json
81067775,4,POST,200,Fetch,https://m.ctrip.com/restapi/soa2/28820/ctGetNearbyHotelList,376,raw/81067775/responses/0004_b9f75dd5f3db.json
81067775,5,POST,200,Fetch,https://m.ctrip.com/restapi/soa2/28820/ctgethotelalbum,250257,raw/81067775/responses/0005_0ef9cbf89082.json
81067775,6,POST,200,Fetch,https://m.ctrip.com/restapi/soa2/10182/GetAvailablePoints?_fxpcqlniredt=09031109115864990735&x-traceID=09031109115864990735-1788512994120-3486412,462,raw/81067775/responses/0006_4b79854b3a8c.json
81067775,7,POST,200,Fetch,https://m.ctrip.com/restapi/soa2/35021/getHotelRoomPopInfoPCOnline,392,raw/81067775/responses/0007_a399d40fcb64.json
81155248,1,POST,200,Fetch,https://m.ctrip.com/restapi/soa2/10182/GetAvailablePoints?_fxpcqlniredt=09031109115864990735&x-traceID=09031109115864990735-1788241096286-5204828,463,raw/81155248/responses/0001_9499aba9e93c.json
81263972,1,POST,200,Fetch,https://m.ctrip.com/restapi/soa2/10182/GetAvailablePoints?_fxpcqlniredt=09031109115864990735&x-traceID=09031109115864990735-1788240667291-2632373,463,raw/81263972/responses/0001_7bb96969df92.json
81450683,1,POST,200,Fetch,https://m.ctrip.com/restapi/soa2/10182/GetAvailablePoints?_fxpcqlniredt=09031109115864990735&x-traceID=09031109115864990735-1788240504667-2116234,463,raw/81450683/responses/0001_f91f2481b38e.json
8147849,1,POST,200,Fetch,https://m.ctrip.com/restapi/soa2/10182/GetAvailablePoints?_fxpcqlniredt=09031109115864990735&x-traceID=09031109115864990735-1788512922609-7726582,462,raw/8147849/responses/0001_7f3796147350.json
8147849,2,POST,200,Fetch,https://m.ctrip.com/restapi/soa2/34308/getHotelCommentInfo,397,raw/8147849/responses/0002_e5cdff472821.json
8147849,3,POST,200,Fetch,https://m.ctrip.com/restapi/soa2/33278/getHotelRoomListInland,406,raw/8147849/responses/0003_20a6b1dba238.json
8147849,4,POST,200,Fetch,https://m.ctrip.com/restapi/soa2/28820/ctGetNearbyHotelList,376,raw/8147849/responses/0004_b9f75dd5f3db.json
8147849,5,POST,200,Fetch,https://m.ctrip.com/restapi/soa2/33278/getDetailAdditionalInfo,20712,raw/8147849/responses/0005_1139d80bc75b.json
8147849,6,POST,200,Fetch,https://m.ctrip.com/restapi/soa2/28820/ctgethotelalbum,206876,raw/8147849/responses/0006_b034201a0549.json
8147849,7,POST,200,Fetch,https://m.ctrip.com/restapi/soa2/35021/getHotelRoomPopInfoPCOnline,392,raw/8147849/responses/0007_a399d40fcb64.json
82085191,1,POST,200,Fetch,https://m.ctrip.com/restapi/soa2/10182/GetAvailablePoints?_fxpcqlniredt=09031109115864990735&x-traceID=09031109115864990735-1788513183691-7210645,462,raw/82085191/responses/0001_f54b134ca2eb.json
82085191,2,POST,200,Fetch,https://m.ctrip.com/restapi/soa2/34308/getHotelCommentInfo,397,raw/82085191/responses/0002_e5cdff472821.json
82085191,3,POST,200,Fetch,https://m.ctrip.com/restapi/soa2/33278/getDetailAdditionalInfo,20106,raw/82085191/responses/0003_9a699f28ead6.json
82085191,4,POST,200,Fetch,https://m.ctrip.com/restapi/soa2/33278/getHotelRoomListInland,408,raw/82085191/responses/0004_4484b63447e6.json
82085191,5,POST,200,Fetch,https://m.ctrip.com/restapi/soa2/28820/ctgethotelalbum,239724,raw/82085191/responses/0005_0ef9cbf89082.json
82085191,6,POST,200,Fetch,https://m.ctrip.com/restapi/soa2/28820/ctGetNearbyHotelList,376,raw/82085191/responses/0006_9a431dd78faa.json
82085191,7,POST,200,Fetch,https://m.ctrip.com/restapi/soa2/35021/getHotelRoomPopInfoPCOnline,392,raw/82085191/responses/0007_a399d40fcb64.json
8361394,1,POST,200,Fetch,https://m.ctrip.com/restapi/soa2/10182/GetAvailablePoints?_fxpcqlniredt=09031109115864990735&x-traceID=09031109115864990735-1788166028506-3613788,463,raw/8361394/responses/0001_0cef21e2516c.json
8361394,2,POST,200,Fetch,https://m.ctrip.com/restapi/soa2/33278/getDetailAdditionalInfo,20193,raw/8361394/responses/0002_0f6525cc02a9.json
8361394,3,POST,200,Fetch,https://m.ctrip.com/restapi/soa2/34308/getHotelCommentInfo,54615,raw/8361394/responses/0003_8a41a2728111.json
8361394,4,POST,200,Fetch,https://m.ctrip.com/restapi/soa2/28820/ctgethotelalbum,445294,raw/8361394/responses/0004_65975e8ff220.json
8361394,5,POST,200,Fetch,https://m.ctrip.com/restapi/soa2/33278/getHotelRoomListInland,389705,raw/8361394/responses/0005_126ff2c3c3c2.json
8361394,6,POST,200,Fetch,https://m.ctrip.com/restapi/soa2/28820/ctGetNearbyHotelList,125835,raw/8361394/responses/0006_9a431dd78faa.json
8361394,7,POST,200,Fetch,https://m.ctrip.com/restapi/soa2/35021/getHotelRoomPopInfoPCOnline,411053,raw/8361394/responses/0007_a399d40fcb64.json
83712786,1,POST,200,Fetch,https://m.ctrip.com/restapi/soa2/10182/GetAvailablePoints?_fxpcqlniredt=09031109115864990735&x-traceID=09031109115864990735-1788165891992-1168106,463,raw/83712786/responses/0001_4407a5cade2c.json
846807,1,POST,200,Fetch,https://m.ctrip.com/restapi/soa2/10182/GetAvailablePoints?_fxpcqlniredt=09031109115864990735&x-traceID=09031109115864990735-1788255254787-4355604,462,raw/846807/responses/0001_9a8ed3e03549.json
846807,2,POST,200,Fetch,https://m.ctrip.com/restapi/soa2/34308/getHotelCommentInfo,399,raw/846807/responses/0002_e5cdff472821.json
846807,3,POST,200,Fetch,https://m.ctrip.com/restapi/soa2/28820/ctGetNearbyHotelList,378,raw/846807/responses/0003_6558381281e0.json
846807,4,POST,200,Fetch,https://m.ctrip.com/restapi/soa2/33278/getDetailAdditionalInfo,20737,raw/846807/responses/0004_c37be698535c.json
846807,5,POST,200,Fetch,https://m.ctrip.com/restapi/soa2/33278/getHotelRoomListInland,408,raw/846807/responses/0005_126ff2c3c3c2.json
846807,6,POST,200,Fetch,https://m.ctrip.com/restapi/soa2/28820/ctgethotelalbum,246416,raw/846807/responses/0006_b034201a0549.json
846807,7,POST,200,Fetch,https://m.ctrip.com/restapi/soa2/35021/getHotelRoomPopInfoPCOnline,394,raw/846807/responses/0007_a399d40fcb64.json
846817,1,POST,200,Fetch,https://m.ctrip.com/restapi/soa2/10182/GetAvailablePoints?_fxpcqlniredt=09031109115864990735&x-traceID=09031109115864990735-1788164536963-5628331,463,raw/846817/responses/0001_95169ae698a5.json
846817,2,POST,200,Fetch,https://m.ctrip.com/restapi/soa2/33278/getDetailAdditionalInfo,20089,raw/846817/responses/0002_0f6525cc02a9.json
846817,3,POST,200,Fetch,https://m.ctrip.com/restapi/soa2/34308/getHotelCommentInfo,62994,raw/846817/responses/0003_8a41a2728111.json
846817,4,POST,200,Fetch,https://m.ctrip.com/restapi/soa2/28820/ctgethotelalbum,469157,raw/846817/responses/0004_65975e8ff220.json
846817,5,POST,200,Fetch,https://m.ctrip.com/restapi/soa2/33278/getHotelRoomListInland,175829,raw/846817/responses/0005_126ff2c3c3c2.json
846817,6,POST,200,Fetch,https://m.ctrip.com/restapi/soa2/28820/ctGetNearbyHotelList,136634,raw/846817/responses/0006_9a431dd78faa.json
846817,7,POST,200,Fetch,https://m.ctrip.com/restapi/soa2/35021/getHotelRoomPopInfoPCOnline,209731,raw/846817/responses/0007_a399d40fcb64.json
85168590,1,POST,200,Fetch,https://m.ctrip.com/restapi/soa2/10182/GetAvailablePoints?_fxpcqlniredt=09031109115864990735&x-traceID=09031109115864990735-1788237085753-9483906,463,raw/85168590/responses/0001_50fc0e8567ce.json
85168590,2,POST,200,Fetch,https://m.ctrip.com/restapi/soa2/34308/getHotelCommentInfo,399,raw/85168590/responses/0002_e5cdff472821.json
85168590,3,POST,200,Fetch,https://m.ctrip.com/restapi/soa2/33278/getHotelRoomListInland,408,raw/85168590/responses/0003_20a6b1dba238.json
85168590,4,POST,200,Fetch,https://m.ctrip.com/restapi/soa2/28820/ctGetNearbyHotelList,378,raw/85168590/responses/0004_b9f75dd5f3db.json
85168590,5,POST,200,Fetch,https://m.ctrip.com/restapi/soa2/28820/ctgethotelalbum,262120,raw/85168590/responses/0005_0ef9cbf89082.json
85168590,6,POST,200,Fetch,https://m.ctrip.com/restapi/soa2/33278/getDetailAdditionalInfo,20756,raw/85168590/responses/0006_937db351796d.json
85168590,7,POST,200,Fetch,https://m.ctrip.com/restapi/soa2/35021/getHotelRoomPopInfoPCOnline,394,raw/85168590/responses/0007_a399d40fcb64.json
85170496,1,POST,200,Fetch,https://m.ctrip.com/restapi/soa2/10182/GetAvailablePoints?_fxpcqlniredt=09031109115864990735&x-traceID=09031109115864990735-1788163928502-945858,461,raw/85170496/responses/0001_c7bac7ddded4.json
85170496,2,POST,200,Fetch,https://m.ctrip.com/restapi/soa2/33278/getDetailAdditionalInfo,19877,raw/85170496/responses/0002_0f6525cc02a9.json
85170496,3,POST,200,Fetch,https://m.ctrip.com/restapi/soa2/28820/ctgethotelalbum,441371,raw/85170496/responses/0003_b0749e138db6.json
85170496,4,POST,200,Fetch,https://m.ctrip.com/restapi/soa2/34308/getHotelCommentInfo,56120,raw/85170496/responses/0004_f4484678b221.json
85170496,5,POST,200,Fetch,https://m.ctrip.com/restapi/soa2/33278/getHotelRoomListInland,1420556,raw/85170496/responses/0005_126ff2c3c3c2.json
85170496,6,POST,200,Fetch,https://m.ctrip.com/restapi/soa2/28820/ctGetNearbyHotelList,138072,raw/85170496/responses/0006_9a431dd78faa.json
85170496,7,POST,200,Fetch,https://m.ctrip.com/restapi/soa2/35021/getHotelRoomPopInfoPCOnline,1712009,raw/85170496/responses/0007_a399d40fcb64.json
85452939,1,POST,200,Fetch,https://m.ctrip.com/restapi/soa2/10182/GetAvailablePoints?_fxpcqlniredt=09031109115864990735&x-traceID=09031109115864990735-1788240373996-4663368,463,raw/85452939/responses/0001_25a9f8bf2808.json
86051597,1,POST,200,Fetch,https://m.ctrip.com/restapi/soa2/10182/GetAvailablePoints?_fxpcqlniredt=09031109115864990735&x-traceID=09031109115864990735-1788255594844-1615952,463,raw/86051597/responses/0001_1c80805c72bb.json
86051597,2,POST,200,Fetch,https://m.ctrip.com/restapi/soa2/34308/getHotelCommentInfo,399,raw/86051597/responses/0002_e5cdff472821.json
86051597,3,POST,200,Fetch,https://m.ctrip.com/restapi/soa2/33278/getDetailAdditionalInfo,20542,raw/86051597/responses/0003_9a699f28ead6.json
86051597,4,POST,200,Fetch,https://m.ctrip.com/restapi/soa2/28820/ctGetNearbyHotelList,378,raw/86051597/responses/0004_b9f75dd5f3db.json
86051597,5,POST,200,Fetch,https://m.ctrip.com/restapi/soa2/33278/getHotelRoomListInland,408,raw/86051597/responses/0005_126ff2c3c3c2.json
86051597,6,POST,200,Fetch,https://m.ctrip.com/restapi/soa2/28820/ctgethotelalbum,349089,raw/86051597/responses/0006_b034201a0549.json
86051597,7,POST,200,Fetch,https://m.ctrip.com/restapi/soa2/35021/getHotelRoomPopInfoPCOnline,394,raw/86051597/responses/0007_a399d40fcb64.json
86087437,1,POST,200,Fetch,https://m.ctrip.com/restapi/soa2/10182/GetAvailablePoints?_fxpcqlniredt=09031109115864990735&x-traceID=09031109115864990735-1788512871437-4826731,461,raw/86087437/responses/0001_27cda3f2dd1d.json
86087437,2,POST,200,Fetch,https://m.ctrip.com/restapi/soa2/34308/getHotelCommentInfo,397,raw/86087437/responses/0002_e5cdff472821.json
86087437,3,POST,200,Fetch,https://m.ctrip.com/restapi/soa2/33278/getHotelRoomListInland,406,raw/86087437/responses/0003_20a6b1dba238.json
86087437,4,POST,200,Fetch,https://m.ctrip.com/restapi/soa2/28820/ctGetNearbyHotelList,376,raw/86087437/responses/0004_b9f75dd5f3db.json
86087437,5,POST,200,Fetch,https://m.ctrip.com/restapi/soa2/33278/getDetailAdditionalInfo,20175,raw/86087437/responses/0005_1139d80bc75b.json
86087437,6,POST,200,Fetch,https://m.ctrip.com/restapi/soa2/35021/getHotelRoomPopInfoPCOnline,392,raw/86087437/responses/0006_e166730164ad.json
86087437,7,POST,200,Fetch,https://m.ctrip.com/restapi/soa2/28820/ctgethotelalbum,457190,raw/86087437/responses/0007_5551fd384839.json
86224380,1,POST,200,Fetch,https://m.ctrip.com/restapi/soa2/10182/GetAvailablePoints?_fxpcqlniredt=09031109115864990735&x-traceID=09031109115864990735-1788512680021-8685233,462,raw/86224380/responses/0001_5f92269329b5.json
8655678,1,POST,200,Fetch,https://m.ctrip.com/restapi/soa2/10182/GetAvailablePoints?_fxpcqlniredt=09031109115864990735&x-traceID=09031109115864990735-1788235720850-7515091,462,raw/8655678/responses/0001_0914e7f4ff3d.json
8655678,2,POST,200,Fetch,https://m.ctrip.com/restapi/soa2/34308/getHotelCommentInfo,397,raw/8655678/responses/0002_e5cdff472821.json
8655678,3,POST,200,Fetch,https://m.ctrip.com/restapi/soa2/33278/getDetailAdditionalInfo,20868,raw/8655678/responses/0003_9a699f28ead6.json
8655678,4,POST,200,Fetch,https://m.ctrip.com/restapi/soa2/33278/getHotelRoomListInland,406,raw/8655678/responses/0004_4484b63447e6.json
8655678,5,POST,200,Fetch,https://m.ctrip.com/restapi/soa2/28820/ctgethotelalbum,320971,raw/8655678/responses/0005_0ef9cbf89082.json
8655678,6,POST,200,Fetch,https://m.ctrip.com/restapi/soa2/28820/ctGetNearbyHotelList,376,raw/8655678/responses/0006_9a431dd78faa.json
8655678,7,POST,200,Fetch,https://m.ctrip.com/restapi/soa2/35021/getHotelRoomPopInfoPCOnline,392,raw/8655678/responses/0007_a399d40fcb64.json
8804017,1,POST,200,Fetch,https://m.ctrip.com/restapi/soa2/10182/GetAvailablePoints?_fxpcqlniredt=09031109115864990735&x-traceID=09031109115864990735-1788238724651-1514606,463,raw/8804017/responses/0001_1581e3202a66.json
8804017,2,POST,200,Fetch,https://m.ctrip.com/restapi/soa2/33278/getDetailAdditionalInfo,20150,raw/8804017/responses/0002_0f6525cc02a9.json
8804017,3,POST,200,Fetch,https://m.ctrip.com/restapi/soa2/34308/getHotelCommentInfo,399,raw/8804017/responses/0003_8a41a2728111.json
8804017,4,POST,200,Fetch,https://m.ctrip.com/restapi/soa2/33278/getHotelRoomListInland,408,raw/8804017/responses/0004_4484b63447e6.json
8804017,5,POST,200,Fetch,https://m.ctrip.com/restapi/soa2/28820/ctGetNearbyHotelList,378,raw/8804017/responses/0005_1e2127aae2e6.json
8804017,6,POST,200,Fetch,https://m.ctrip.com/restapi/soa2/28820/ctgethotelalbum,237555,raw/8804017/responses/0006_b034201a0549.json
8804017,7,POST,200,Fetch,https://m.ctrip.com/restapi/soa2/35021/getHotelRoomPopInfoPCOnline,394,raw/8804017/responses/0007_a399d40fcb64.json
88624578,1,POST,200,Fetch,https://m.ctrip.com/restapi/soa2/10182/GetAvailablePoints?_fxpcqlniredt=09031109115864990735&x-traceID=09031109115864990735-1788235594032-2244723,462,raw/88624578/responses/0001_ceee09247e5b.json
88624578,2,POST,200,Fetch,https://m.ctrip.com/restapi/soa2/34308/getHotelCommentInfo,397,raw/88624578/responses/0002_e5cdff472821.json
88624578,3,POST,200,Fetch,https://m.ctrip.com/restapi/soa2/33278/getHotelRoomListInland,406,raw/88624578/responses/0003_20a6b1dba238.json
88624578,4,POST,200,Fetch,https://m.ctrip.com/restapi/soa2/28820/ctGetNearbyHotelList,376,raw/88624578/responses/0004_b9f75dd5f3db.json
88624578,5,POST,200,Fetch,https://m.ctrip.com/restapi/soa2/28820/ctgethotelalbum,261902,raw/88624578/responses/0005_0ef9cbf89082.json
88624578,6,POST,200,Fetch,https://m.ctrip.com/restapi/soa2/33278/getDetailAdditionalInfo,21425,raw/88624578/responses/0006_937db351796d.json
88624578,7,POST,200,Fetch,https://m.ctrip.com/restapi/soa2/35021/getHotelRoomPopInfoPCOnline,392,raw/88624578/responses/0007_a399d40fcb64.json
88774819,1,POST,200,Fetch,https://m.ctrip.com/restapi/soa2/10182/GetAvailablePoints?_fxpcqlniredt=09031109115864990735&x-traceID=09031109115864990735-1788512549238-5999557,462,raw/88774819/responses/0001_e001f9730318.json
88774819,2,POST,200,Fetch,https://m.ctrip.com/restapi/soa2/34308/getHotelCommentInfo,397,raw/88774819/responses/0002_e5cdff472821.json
88774819,3,POST,200,Fetch,https://m.ctrip.com/restapi/soa2/33278/getHotelRoomListInland,406,raw/88774819/responses/0003_20a6b1dba238.json
88774819,4,POST,200,Fetch,https://m.ctrip.com/restapi/soa2/28820/ctGetNearbyHotelList,376,raw/88774819/responses/0004_b9f75dd5f3db.json
88774819,5,POST,200,Fetch,https://m.ctrip.com/restapi/soa2/33278/getDetailAdditionalInfo,20643,raw/88774819/responses/0005_1139d80bc75b.json
88774819,6,POST,200,Fetch,https://m.ctrip.com/restapi/soa2/28820/ctgethotelalbum,161669,raw/88774819/responses/0006_b034201a0549.json
88774819,7,POST,200,Fetch,https://m.ctrip.com/restapi/soa2/35021/getHotelRoomPopInfoPCOnline,392,raw/88774819/responses/0007_a399d40fcb64.json
88811916,1,POST,200,Fetch,https://m.ctrip.com/restapi/soa2/10182/GetAvailablePoints?_fxpcqlniredt=09031109115864990735&x-traceID=09031109115864990735-1788238112944-387749,463,raw/88811916/responses/0001_0408099e69c5.json
88811916,2,POST,200,Fetch,https://m.ctrip.com/restapi/soa2/34308/getHotelCommentInfo,399,raw/88811916/responses/0002_e5cdff472821.json
88811916,3,POST,200,Fetch,https://m.ctrip.com/restapi/soa2/33278/getHotelRoomListInland,408,raw/88811916/responses/0003_20a6b1dba238.json
88811916,4,POST,200,Fetch,https://m.ctrip.com/restapi/soa2/33278/getDetailAdditionalInfo,20384,raw/88811916/responses/0004_c37be698535c.json
88811916,5,POST,200,Fetch,https://m.ctrip.com/restapi/soa2/28820/ctGetNearbyHotelList,378,raw/88811916/responses/0005_1e2127aae2e6.json
88811916,6,POST,200,Fetch,https://m.ctrip.com/restapi/soa2/28820/ctgethotelalbum,431590,raw/88811916/responses/0006_b034201a0549.json
88811916,7,POST,200,Fetch,https://m.ctrip.com/restapi/soa2/35021/getHotelRoomPopInfoPCOnline,394,raw/88811916/responses/0007_a399d40fcb64.json
88849326,1,POST,200,Fetch,https://m.ctrip.com/restapi/soa2/10182/GetAvailablePoints?_fxpcqlniredt=09031109115864990735&x-traceID=09031109115864990735-1788164360066-5119701,463,raw/88849326/responses/0001_3882d1ac0dbf.json
88849326,2,POST,200,Fetch,https://m.ctrip.com/restapi/soa2/33278/getDetailAdditionalInfo,20361,raw/88849326/responses/0002_0f6525cc02a9.json
88849326,3,POST,200,Fetch,https://m.ctrip.com/restapi/soa2/28820/ctgethotelalbum,315014,raw/88849326/responses/0003_b0749e138db6.json
88849326,4,POST,200,Fetch,https://m.ctrip.com/restapi/soa2/34308/getHotelCommentInfo,59699,raw/88849326/responses/0004_f4484678b221.json
88849326,5,POST,200,Fetch,https://m.ctrip.com/restapi/soa2/33278/getHotelRoomListInland,340316,raw/88849326/responses/0005_126ff2c3c3c2.json
88849326,6,POST,200,Fetch,https://m.ctrip.com/restapi/soa2/35021/getHotelRoomPopInfoPCOnline,408092,raw/88849326/responses/0006_e166730164ad.json
88849326,7,POST,200,Fetch,https://m.ctrip.com/restapi/soa2/28820/ctGetNearbyHotelList,132188,raw/88849326/responses/0007_81cfad9db557.json
88932748,1,POST,200,Fetch,https://m.ctrip.com/restapi/soa2/10182/GetAvailablePoints?_fxpcqlniredt=09031109115864990735&x-traceID=09031109115864990735-1788256792239-3363854,463,raw/88932748/responses/0001_a7b0a9db30cd.json
90957672,1,POST,200,Fetch,https://m.ctrip.com/restapi/soa2/10182/GetAvailablePoints?_fxpcqlniredt=09031109115864990735&x-traceID=09031109115864990735-1788513199312-2848946,462,raw/90957672/responses/0001_315fdad89b1b.json
90957672,2,POST,200,Fetch,https://m.ctrip.com/restapi/soa2/34308/getHotelCommentInfo,399,raw/90957672/responses/0002_e5cdff472821.json
90957672,3,POST,200,Fetch,https://m.ctrip.com/restapi/soa2/33278/getDetailAdditionalInfo,20449,raw/90957672/responses/0003_9a699f28ead6.json
90957672,4,POST,200,Fetch,https://m.ctrip.com/restapi/soa2/28820/ctgethotelalbum,88484,raw/90957672/responses/0004_65975e8ff220.json
90957672,5,POST,200,Fetch,https://m.ctrip.com/restapi/soa2/28820/ctGetNearbyHotelList,376,raw/90957672/responses/0005_1e2127aae2e6.json
90957672,6,POST,200,Fetch,https://m.ctrip.com/restapi/soa2/33278/getHotelRoomListInland,408,raw/90957672/responses/0006_b404bd1188b5.json
90957672,7,POST,200,Fetch,https://m.ctrip.com/restapi/soa2/35021/getHotelRoomPopInfoPCOnline,392,raw/90957672/responses/0007_a399d40fcb64.json
909882,1,POST,200,Fetch,https://m.ctrip.com/restapi/soa2/10182/GetAvailablePoints?_fxpcqlniredt=09031109115864990735&x-traceID=09031109115864990735-1788162824528-162662,462,raw/909882/responses/0001_945d1be6fcfe.json
909882,2,POST,200,Fetch,https://m.ctrip.com/restapi/soa2/33278/getDetailAdditionalInfo,19951,raw/909882/responses/0002_0f6525cc02a9.json
909882,3,POST,200,Fetch,https://m.ctrip.com/restapi/soa2/28820/ctgethotelalbum,363177,raw/909882/responses/0003_b0749e138db6.json
909882,4,POST,200,Fetch,https://m.ctrip.com/restapi/soa2/34308/getHotelCommentInfo,84847,raw/909882/responses/0004_f4484678b221.json
909882,5,POST,200,Fetch,https://m.ctrip.com/restapi/soa2/28820/ctGetNearbyHotelList,138377,raw/909882/responses/0005_1e2127aae2e6.json
909882,6,POST,200,Fetch,https://m.ctrip.com/restapi/soa2/33278/getHotelRoomListInland,1493185,raw/909882/responses/0006_b404bd1188b5.json
9111701,1,POST,200,Fetch,https://m.ctrip.com/restapi/soa2/10182/GetAvailablePoints?_fxpcqlniredt=09031109115864990735&x-traceID=09031109115864990735-1788240113304-1510237,463,raw/9111701/responses/0001_953d97c9cf92.json
91254868,1,POST,200,Fetch,https://m.ctrip.com/restapi/soa2/10182/GetAvailablePoints?_fxpcqlniredt=09031109115864990735&x-traceID=09031109115864990735-1788166066797-9093423,463,raw/91254868/responses/0001_77f34b29d7ef.json
91254868,2,POST,200,Fetch,https://m.ctrip.com/restapi/soa2/33278/getDetailAdditionalInfo,20606,raw/91254868/responses/0002_0f6525cc02a9.json
91254868,3,POST,200,Fetch,https://m.ctrip.com/restapi/soa2/28820/ctgethotelalbum,327569,raw/91254868/responses/0003_b0749e138db6.json
91254868,4,POST,200,Fetch,https://m.ctrip.com/restapi/soa2/34308/getHotelCommentInfo,45050,raw/91254868/responses/0004_f4484678b221.json
91254868,5,POST,200,Fetch,https://m.ctrip.com/restapi/soa2/33278/getHotelRoomListInland,452405,raw/91254868/responses/0005_126ff2c3c3c2.json
91254868,6,POST,200,Fetch,https://m.ctrip.com/restapi/soa2/28820/ctGetNearbyHotelList,130061,raw/91254868/responses/0006_9a431dd78faa.json
91254868,7,POST,200,Fetch,https://m.ctrip.com/restapi/soa2/35021/getHotelRoomPopInfoPCOnline,451622,raw/91254868/responses/0007_a399d40fcb64.json
91582245,1,POST,200,Fetch,https://m.ctrip.com/restapi/soa2/33278/getDetailAdditionalInfo,21016,raw/91582245/responses/0001_cfd279648041.json
91582245,2,POST,200,Fetch,https://m.ctrip.com/restapi/soa2/34308/getHotelCommentInfo,61869,raw/91582245/responses/0002_e5cdff472821.json
91582245,3,POST,200,Fetch,https://m.ctrip.com/restapi/soa2/10182/GetAvailablePoints?_fxpcqlniredt=09031109115864990735&x-traceID=09031109115864990735-1788164894920-4381985,463,raw/91582245/responses/0003_3f7c799cba36.json
91582245,4,POST,200,Fetch,https://m.ctrip.com/restapi/soa2/28820/ctgethotelalbum,298399,raw/91582245/responses/0004_65975e8ff220.json
91582245,5,POST,200,Fetch,https://m.ctrip.com/restapi/soa2/28820/ctGetNearbyHotelList,135246,raw/91582245/responses/0005_1e2127aae2e6.json
91650075,1,POST,200,Fetch,https://m.ctrip.com/restapi/soa2/10182/GetAvailablePoints?_fxpcqlniredt=09031109115864990735&x-traceID=09031109115864990735-1788163205017-1232955,460,raw/91650075/responses/0001_436e88d07180.json
91650075,2,POST,200,Fetch,https://m.ctrip.com/restapi/soa2/33278/getDetailAdditionalInfo,20318,raw/91650075/responses/0002_0f6525cc02a9.json
91650075,3,POST,200,Fetch,https://m.ctrip.com/restapi/soa2/34308/getHotelCommentInfo,69713,raw/91650075/responses/0003_8a41a2728111.json
91650075,4,POST,200,Fetch,https://m.ctrip.com/restapi/soa2/28820/ctgethotelalbum,314161,raw/91650075/responses/0004_65975e8ff220.json
91650075,5,POST,200,Fetch,https://m.ctrip.com/restapi/soa2/33278/getHotelRoomListInland,1067667,raw/91650075/responses/0005_126ff2c3c3c2.json
91650075,6,POST,200,Fetch,https://m.ctrip.com/restapi/soa2/35021/getHotelRoomPopInfoPCOnline,1535640,raw/91650075/responses/0006_e166730164ad.json
91650075,7,POST,200,Fetch,https://m.ctrip.com/restapi/soa2/28820/ctGetNearbyHotelList,498,raw/91650075/responses/0007_81cfad9db557.json
91723108,1,POST,200,Fetch,https://m.ctrip.com/restapi/soa2/10182/GetAvailablePoints?_fxpcqlniredt=09031109115864990735&x-traceID=09031109115864990735-1788512955961-67437,462,raw/91723108/responses/0001_cdb55e471bb5.json
91723108,2,POST,200,Fetch,https://m.ctrip.com/restapi/soa2/33278/getDetailAdditionalInfo,21265,raw/91723108/responses/0002_0f6525cc02a9.json
91723108,3,POST,200,Fetch,https://m.ctrip.com/restapi/soa2/34308/getHotelCommentInfo,397,raw/91723108/responses/0003_8a41a2728111.json
91723108,4,POST,200,Fetch,https://m.ctrip.com/restapi/soa2/28820/ctgethotelalbum,290644,raw/91723108/responses/0004_65975e8ff220.json
91723108,5,POST,200,Fetch,https://m.ctrip.com/restapi/soa2/33278/getHotelRoomListInland,406,raw/91723108/responses/0005_126ff2c3c3c2.json
91723108,6,POST,200,Fetch,https://m.ctrip.com/restapi/soa2/28820/ctGetNearbyHotelList,376,raw/91723108/responses/0006_9a431dd78faa.json
91723108,7,POST,200,Fetch,https://m.ctrip.com/restapi/soa2/35021/getHotelRoomPopInfoPCOnline,392,raw/91723108/responses/0007_a399d40fcb64.json
924146,1,POST,200,Fetch,https://m.ctrip.com/restapi/soa2/10182/GetAvailablePoints?_fxpcqlniredt=09031109115864990735&x-traceID=09031109115864990735-1788238773419-5713013,463,raw/924146/responses/0001_32a164b1cc1a.json
924146,2,POST,200,Fetch,https://m.ctrip.com/restapi/soa2/34308/getHotelCommentInfo,399,raw/924146/responses/0002_e5cdff472821.json
924146,3,POST,200,Fetch,https://m.ctrip.com/restapi/soa2/33278/getDetailAdditionalInfo,20033,raw/924146/responses/0003_9a699f28ead6.json
924146,4,POST,200,Fetch,https://m.ctrip.com/restapi/soa2/33278/getHotelRoomListInland,408,raw/924146/responses/0004_4484b63447e6.json
924146,5,POST,200,Fetch,https://m.ctrip.com/restapi/soa2/28820/ctGetNearbyHotelList,378,raw/924146/responses/0005_1e2127aae2e6.json
924146,6,POST,200,Fetch,https://m.ctrip.com/restapi/soa2/28820/ctgethotelalbum,350154,raw/924146/responses/0006_b034201a0549.json
924146,7,POST,200,Fetch,https://m.ctrip.com/restapi/soa2/35021/getHotelRoomPopInfoPCOnline,394,raw/924146/responses/0007_a399d40fcb64.json
924188,1,POST,200,Fetch,https://m.ctrip.com/restapi/soa2/33278/getDetailAdditionalInfo,20408,raw/924188/responses/0001_cfd279648041.json
924188,2,POST,200,Fetch,https://m.ctrip.com/restapi/soa2/34308/getHotelCommentInfo,70997,raw/924188/responses/0002_e5cdff472821.json
924188,3,POST,200,Fetch,https://m.ctrip.com/restapi/soa2/10182/GetAvailablePoints?_fxpcqlniredt=09031109115864990735&x-traceID=09031109115864990735-1788164951904-8334265,463,raw/924188/responses/0003_4c0cfe10f255.json
924188,4,POST,200,Fetch,https://m.ctrip.com/restapi/soa2/28820/ctgethotelalbum,531125,raw/924188/responses/0004_65975e8ff220.json
924188,5,POST,200,Fetch,https://m.ctrip.com/restapi/soa2/33278/getHotelRoomListInland,1479862,raw/924188/responses/0005_126ff2c3c3c2.json
924188,6,POST,200,Fetch,https://m.ctrip.com/restapi/soa2/28820/ctGetNearbyHotelList,133025,raw/924188/responses/0006_9a431dd78faa.json
928362,1,POST,200,Fetch,https://m.ctrip.com/restapi/soa2/10182/GetAvailablePoints?_fxpcqlniredt=09031109115864990735&x-traceID=09031109115864990735-1788235229106-8714161,461,raw/928362/responses/0001_e351fc727fd9.json
928383,1,POST,200,Fetch,https://m.ctrip.com/restapi/soa2/10182/GetAvailablePoints?_fxpcqlniredt=09031109115864990735&x-traceID=09031109115864990735-1788236124525-7115243,463,raw/928383/responses/0001_6a94eadc4688.json
928383,2,POST,200,Fetch,https://m.ctrip.com/restapi/soa2/34308/getHotelCommentInfo,399,raw/928383/responses/0002_e5cdff472821.json
928383,3,POST,200,Fetch,https://m.ctrip.com/restapi/soa2/33278/getDetailAdditionalInfo,20225,raw/928383/responses/0003_9a699f28ead6.json
928383,4,POST,200,Fetch,https://m.ctrip.com/restapi/soa2/33278/getHotelRoomListInland,408,raw/928383/responses/0004_4484b63447e6.json
928383,5,POST,200,Fetch,https://m.ctrip.com/restapi/soa2/28820/ctGetNearbyHotelList,378,raw/928383/responses/0005_1e2127aae2e6.json
928383,6,POST,200,Fetch,https://m.ctrip.com/restapi/soa2/28820/ctgethotelalbum,338004,raw/928383/responses/0006_b034201a0549.json
928383,7,POST,200,Fetch,https://m.ctrip.com/restapi/soa2/35021/getHotelRoomPopInfoPCOnline,394,raw/928383/responses/0007_a399d40fcb64.json
94083838,1,POST,200,Fetch,https://m.ctrip.com/restapi/soa2/34308/getHotelCommentInfo,399,raw/94083838/responses/0001_a72c8f9fa60e.json
94083838,2,POST,200,Fetch,https://m.ctrip.com/restapi/soa2/33278/getDetailAdditionalInfo,20201,raw/94083838/responses/0002_0f6525cc02a9.json
94083838,3,POST,200,Fetch,https://m.ctrip.com/restapi/soa2/33278/getHotelRoomListInland,408,raw/94083838/responses/0003_20a6b1dba238.json
94083838,4,POST,200,Fetch,https://m.ctrip.com/restapi/soa2/28820/ctgethotelalbum,260439,raw/94083838/responses/0004_65975e8ff220.json
94083838,5,POST,200,Fetch,https://m.ctrip.com/restapi/soa2/28820/ctGetNearbyHotelList,378,raw/94083838/responses/0005_1e2127aae2e6.json
94083838,6,POST,200,Fetch,https://m.ctrip.com/restapi/soa2/10182/GetAvailablePoints?_fxpcqlniredt=09031109115864990735&x-traceID=09031109115864990735-1788510684766-2324411,463,raw/94083838/responses/0006_372b3b6a6cb2.json
94083838,7,POST,200,Fetch,https://m.ctrip.com/restapi/soa2/35021/getHotelRoomPopInfoPCOnline,394,raw/94083838/responses/0007_a399d40fcb64.json
94236260,1,POST,200,Fetch,https://m.ctrip.com/restapi/soa2/10182/GetAvailablePoints?_fxpcqlniredt=09031109115864990735&x-traceID=09031109115864990735-1788164982181-7346946,463,raw/94236260/responses/0001_1c4e6104be1b.json
94236260,2,POST,200,Fetch,https://m.ctrip.com/restapi/soa2/34308/getHotelCommentInfo,56772,raw/94236260/responses/0002_e5cdff472821.json
94236260,3,POST,200,Fetch,https://m.ctrip.com/restapi/soa2/33278/getDetailAdditionalInfo,20696,raw/94236260/responses/0003_9a699f28ead6.json
94236260,4,POST,200,Fetch,https://m.ctrip.com/restapi/soa2/28820/ctgethotelalbum,344118,raw/94236260/responses/0004_65975e8ff220.json
94236260,5,POST,200,Fetch,https://m.ctrip.com/restapi/soa2/28820/ctGetNearbyHotelList,136819,raw/94236260/responses/0005_1e2127aae2e6.json
94236260,6,POST,200,Fetch,https://m.ctrip.com/restapi/soa2/33278/getHotelRoomListInland,863172,raw/94236260/responses/0006_b404bd1188b5.json
94236260,7,POST,200,Fetch,https://m.ctrip.com/restapi/soa2/35021/getHotelRoomPopInfoPCOnline,1030275,raw/94236260/responses/0007_a399d40fcb64.json
94605869,1,POST,200,Fetch,https://m.ctrip.com/restapi/soa2/34308/getHotelCommentInfo,59738,raw/94605869/responses/0001_a72c8f9fa60e.json
94605869,2,POST,200,Fetch,https://m.ctrip.com/restapi/soa2/33278/getDetailAdditionalInfo,20735,raw/94605869/responses/0002_0f6525cc02a9.json
94605869,3,POST,200,Fetch,https://m.ctrip.com/restapi/soa2/10182/GetAvailablePoints?_fxpcqlniredt=09031109115864990735&x-traceID=09031109115864990735-1788165347809-5294347,463,raw/94605869/responses/0003_af2ecbe47aa2.json
94605869,4,POST,200,Fetch,https://m.ctrip.com/restapi/soa2/28820/ctgethotelalbum,276625,raw/94605869/responses/0004_65975e8ff220.json
94605869,5,POST,200,Fetch,https://m.ctrip.com/restapi/soa2/28820/ctGetNearbyHotelList,133189,raw/94605869/responses/0005_1e2127aae2e6.json
94605869,6,POST,200,Fetch,https://m.ctrip.com/restapi/soa2/33278/getHotelRoomListInland,845876,raw/94605869/responses/0006_b404bd1188b5.json
94954632,1,POST,200,Fetch,https://m.ctrip.com/restapi/soa2/10182/GetAvailablePoints?_fxpcqlniredt=09031109115864990735&x-traceID=09031109115864990735-1788163070344-1755912,463,raw/94954632/responses/0001_17bd45a6997f.json
95001316,1,POST,200,Fetch,https://m.ctrip.com/restapi/soa2/10182/GetAvailablePoints?_fxpcqlniredt=09031109115864990735&x-traceID=09031109115864990735-1788255320934-8156435,463,raw/95001316/responses/0001_b8db2ac15d0f.json
95001316,2,POST,200,Fetch,https://m.ctrip.com/restapi/soa2/34308/getHotelCommentInfo,399,raw/95001316/responses/0002_e5cdff472821.json
95368789,1,POST,200,Fetch,https://m.ctrip.com/restapi/soa2/10182/GetAvailablePoints?_fxpcqlniredt=09031109115864990735&x-traceID=09031109115864990735-1788255345313-8982551,463,raw/95368789/responses/0001_cca80471c6ff.json
95368789,2,POST,200,Fetch,https://m.ctrip.com/restapi/soa2/34308/getHotelCommentInfo,399,raw/95368789/responses/0002_e5cdff472821.json
95368789,3,POST,200,Fetch,https://m.ctrip.com/restapi/soa2/28820/ctgethotelalbum,264308,raw/95368789/responses/0003_b0749e138db6.json
95368789,4,POST,200,Fetch,https://m.ctrip.com/restapi/soa2/33278/getHotelRoomListInland,408,raw/95368789/responses/0004_4484b63447e6.json
95368789,5,POST,200,Fetch,https://m.ctrip.com/restapi/soa2/33278/getDetailAdditionalInfo,20666,raw/95368789/responses/0005_1139d80bc75b.json
95368789,6,POST,200,Fetch,https://m.ctrip.com/restapi/soa2/28820/ctGetNearbyHotelList,378,raw/95368789/responses/0006_9a431dd78faa.json
95368789,7,POST,200,Fetch,https://m.ctrip.com/restapi/soa2/35021/getHotelRoomPopInfoPCOnline,394,raw/95368789/responses/0007_a399d40fcb64.json
95449945,1,POST,200,Fetch,https://m.ctrip.com/restapi/soa2/10182/GetAvailablePoints?_fxpcqlniredt=09031109115864990735&x-traceID=09031109115864990735-1788166751823-9310472,463,raw/95449945/responses/0001_1b9a5fd9fe8b.json
96061073,1,POST,200,Fetch,https://m.ctrip.com/restapi/soa2/10182/GetAvailablePoints?_fxpcqlniredt=09031109115864990735&x-traceID=09031109115864990735-1788239208191-622869,462,raw/96061073/responses/0001_344fd0c2b32e.json
96061073,2,POST,200,Fetch,https://m.ctrip.com/restapi/soa2/34308/getHotelCommentInfo,397,raw/96061073/responses/0002_e5cdff472821.json
96061073,3,POST,200,Fetch,https://m.ctrip.com/restapi/soa2/33278/getHotelRoomListInland,406,raw/96061073/responses/0003_20a6b1dba238.json
96061073,4,POST,200,Fetch,https://m.ctrip.com/restapi/soa2/33278/getDetailAdditionalInfo,16581,raw/96061073/responses/0004_c37be698535c.json
96061073,5,POST,200,Fetch,https://m.ctrip.com/restapi/soa2/28820/ctGetNearbyHotelList,376,raw/96061073/responses/0005_1e2127aae2e6.json
96061073,6,POST,200,Fetch,https://m.ctrip.com/restapi/soa2/28820/ctgethotelalbum,335658,raw/96061073/responses/0006_b034201a0549.json
96061073,7,POST,200,Fetch,https://m.ctrip.com/restapi/soa2/35021/getHotelRoomPopInfoPCOnline,392,raw/96061073/responses/0007_a399d40fcb64.json
96208858,1,POST,200,Fetch,https://m.ctrip.com/restapi/soa2/10182/GetAvailablePoints?_fxpcqlniredt=09031109115864990735&x-traceID=09031109115864990735-1788237477364-6122274,463,raw/96208858/responses/0001_4408814a68fb.json
96208858,2,POST,200,Fetch,https://m.ctrip.com/restapi/soa2/34308/getHotelCommentInfo,399,raw/96208858/responses/0002_e5cdff472821.json
96208858,3,POST,200,Fetch,https://m.ctrip.com/restapi/soa2/33278/getDetailAdditionalInfo,14100,raw/96208858/responses/0003_9a699f28ead6.json
96208858,4,POST,200,Fetch,https://m.ctrip.com/restapi/soa2/33278/getHotelRoomListInland,408,raw/96208858/responses/0004_4484b63447e6.json
96208858,5,POST,200,Fetch,https://m.ctrip.com/restapi/soa2/28820/ctGetNearbyHotelList,378,raw/96208858/responses/0005_1e2127aae2e6.json
96208858,6,POST,200,Fetch,https://m.ctrip.com/restapi/soa2/28820/ctgethotelalbum,352920,raw/96208858/responses/0006_b034201a0549.json
96208858,7,POST,200,Fetch,https://m.ctrip.com/restapi/soa2/35021/getHotelRoomPopInfoPCOnline,394,raw/96208858/responses/0007_a399d40fcb64.json
96212054,1,POST,200,Fetch,https://m.ctrip.com/restapi/soa2/10182/GetAvailablePoints?_fxpcqlniredt=09031109115864990735&x-traceID=09031109115864990735-1788241622131-3344631,462,raw/96212054/responses/0001_40b2721dfb3f.json
96527432,1,POST,200,Fetch,https://m.ctrip.com/restapi/soa2/10182/GetAvailablePoints?_fxpcqlniredt=09031109115864990735&x-traceID=09031109115864990735-1788166291731-9981408,463,raw/96527432/responses/0001_e5a7164b0716.json
97075294,1,POST,200,Fetch,https://m.ctrip.com/restapi/soa2/10182/GetAvailablePoints?_fxpcqlniredt=09031109115864990735&x-traceID=09031109115864990735-1788241732935-9832144,463,raw/97075294/responses/0001_7e3c296195fb.json
97104193,1,POST,200,Fetch,https://m.ctrip.com/restapi/soa2/10182/GetAvailablePoints?_fxpcqlniredt=09031109115864990735&x-traceID=09031109115864990735-1788162679390-2619772,463,raw/97104193/responses/0001_3c237ca39449.json
97104193,2,POST,200,Fetch,https://m.ctrip.com/restapi/soa2/34308/getHotelCommentInfo,55801,raw/97104193/responses/0002_e5cdff472821.json
97104193,3,POST,200,Fetch,https://m.ctrip.com/restapi/soa2/33278/getDetailAdditionalInfo,20617,raw/97104193/responses/0003_9a699f28ead6.json
97104193,4,POST,200,Fetch,https://m.ctrip.com/restapi/soa2/33278/getHotelRoomListInland,191189,raw/97104193/responses/0004_4484b63447e6.json
97104193,5,POST,200,Fetch,https://m.ctrip.com/restapi/soa2/28820/ctgethotelalbum,421078,raw/97104193/responses/0005_0ef9cbf89082.json
97104193,6,POST,200,Fetch,https://m.ctrip.com/restapi/soa2/28820/ctGetNearbyHotelList,135750,raw/97104193/responses/0006_9a431dd78faa.json
97104193,7,POST,200,Fetch,https://m.ctrip.com/restapi/soa2/35021/getHotelRoomPopInfoPCOnline,192357,raw/97104193/responses/0007_a399d40fcb64.json
97396186,1,POST,200,Fetch,https://m.ctrip.com/restapi/soa2/10182/GetAvailablePoints?_fxpcqlniredt=09031109115864990735&x-traceID=09031109115864990735-1788235039844-3545932,463,raw/97396186/responses/0001_403269edd24f.json
97396186,2,POST,200,Fetch,https://m.ctrip.com/restapi/soa2/33278/getDetailAdditionalInfo,14783,raw/97396186/responses/0002_0f6525cc02a9.json
97396186,3,POST,200,Fetch,https://m.ctrip.com/restapi/soa2/34308/getHotelCommentInfo,399,raw/97396186/responses/0003_8a41a2728111.json
97396186,4,POST,200,Fetch,https://m.ctrip.com/restapi/soa2/33278/getHotelRoomListInland,408,raw/97396186/responses/0004_4484b63447e6.json
97396186,5,POST,200,Fetch,https://m.ctrip.com/restapi/soa2/28820/ctGetNearbyHotelList,378,raw/97396186/responses/0005_1e2127aae2e6.json
97396186,6,POST,200,Fetch,https://m.ctrip.com/restapi/soa2/28820/ctgethotelalbum,418338,raw/97396186/responses/0006_b034201a0549.json
97396186,7,POST,200,Fetch,https://m.ctrip.com/restapi/soa2/35021/getHotelRoomPopInfoPCOnline,394,raw/97396186/responses/0007_a399d40fcb64.json
97680839,1,POST,200,Fetch,https://m.ctrip.com/restapi/soa2/10182/GetAvailablePoints?_fxpcqlniredt=09031109115864990735&x-traceID=09031109115864990735-1788510833130-3480739,463,raw/97680839/responses/0001_d04c93d4fe82.json
97680839,2,POST,200,Fetch,https://m.ctrip.com/restapi/soa2/34308/getHotelCommentInfo,399,raw/97680839/responses/0002_e5cdff472821.json
97680839,3,POST,200,Fetch,https://m.ctrip.com/restapi/soa2/33278/getDetailAdditionalInfo,20266,raw/97680839/responses/0003_9a699f28ead6.json
97680839,4,POST,200,Fetch,https://m.ctrip.com/restapi/soa2/28820/ctgethotelalbum,159831,raw/97680839/responses/0004_65975e8ff220.json
97680839,5,POST,200,Fetch,https://m.ctrip.com/restapi/soa2/28820/ctGetNearbyHotelList,378,raw/97680839/responses/0005_1e2127aae2e6.json
97680839,6,POST,200,Fetch,https://m.ctrip.com/restapi/soa2/33278/getHotelRoomListInland,408,raw/97680839/responses/0006_b404bd1188b5.json
97680839,7,POST,200,Fetch,https://m.ctrip.com/restapi/soa2/35021/getHotelRoomPopInfoPCOnline,394,raw/97680839/responses/0007_a399d40fcb64.json
97714816,1,POST,200,Fetch,https://m.ctrip.com/restapi/soa2/10182/GetAvailablePoints?_fxpcqlniredt=09031109115864990735&x-traceID=09031109115864990735-1788511416996-2254,463,raw/97714816/responses/0001_657c45ee7511.json
97714816,2,POST,200,Fetch,https://m.ctrip.com/restapi/soa2/34308/getHotelCommentInfo,399,raw/97714816/responses/0002_e5cdff472821.json
97714816,3,POST,200,Fetch,https://m.ctrip.com/restapi/soa2/28820/ctgethotelalbum,199338,raw/97714816/responses/0003_b0749e138db6.json
97714816,4,POST,200,Fetch,https://m.ctrip.com/restapi/soa2/33278/getDetailAdditionalInfo,20050,raw/97714816/responses/0004_c37be698535c.json
97714816,5,POST,200,Fetch,https://m.ctrip.com/restapi/soa2/33278/getHotelRoomListInland,408,raw/97714816/responses/0005_126ff2c3c3c2.json
97714816,6,POST,200,Fetch,https://m.ctrip.com/restapi/soa2/28820/ctGetNearbyHotelList,378,raw/97714816/responses/0006_9a431dd78faa.json
97714816,7,POST,200,Fetch,https://m.ctrip.com/restapi/soa2/35021/getHotelRoomPopInfoPCOnline,394,raw/97714816/responses/0007_a399d40fcb64.json
97714816,8,POST,200,Fetch,https://m.ctrip.com/restapi/soa2/10182/GetAvailablePoints?_fxpcqlniredt=09031109115864990735&x-traceID=09031109115864990735-1788511441904-2784391,462,raw/97714816/responses/0008_337d795fe4d1.json
97714816,9,POST,200,Fetch,https://m.ctrip.com/restapi/soa2/34308/getHotelCommentInfo,399,raw/97714816/responses/0009_16704da4c85d.json
97714816,10,POST,200,Fetch,https://m.ctrip.com/restapi/soa2/33278/getDetailAdditionalInfo,20050,raw/97714816/responses/0010_b5f4cc4eb2a3.json
97714816,11,POST,200,Fetch,https://m.ctrip.com/restapi/soa2/28820/ctGetNearbyHotelList,378,raw/97714816/responses/0011_aed4d9d67490.json
97714816,12,POST,200,Fetch,https://m.ctrip.com/restapi/soa2/33278/getHotelRoomListInland,408,raw/97714816/responses/0012_24238c000e9a.json
97714816,13,POST,200,Fetch,https://m.ctrip.com/restapi/soa2/28820/ctgethotelalbum,199338,raw/97714816/responses/0013_f7cafc9fc40d.json
97714816,14,POST,200,Fetch,https://m.ctrip.com/restapi/soa2/35021/getHotelRoomPopInfoPCOnline,394,raw/97714816/responses/0014_d5f03d47e89d.json
982054,1,POST,200,Fetch,https://m.ctrip.com/restapi/soa2/34308/getHotelCommentInfo,397,raw/982054/responses/0001_a72c8f9fa60e.json
982054,2,POST,200,Fetch,https://m.ctrip.com/restapi/soa2/28820/ctGetNearbyHotelList,376,raw/982054/responses/0002_79652ba8e9e8.json
982054,3,POST,200,Fetch,https://m.ctrip.com/restapi/soa2/33278/getDetailAdditionalInfo,20035,raw/982054/responses/0003_9a699f28ead6.json
982054,4,POST,200,Fetch,https://m.ctrip.com/restapi/soa2/10182/GetAvailablePoints?_fxpcqlniredt=09031109115864990735&x-traceID=09031109115864990735-1788239437537-6700359,462,raw/982054/responses/0004_8271c73d7e65.json
982054,5,POST,200,Fetch,https://m.ctrip.com/restapi/soa2/33278/getHotelRoomListInland,406,raw/982054/responses/0005_126ff2c3c3c2.json
982054,6,POST,200,Fetch,https://m.ctrip.com/restapi/soa2/28820/ctgethotelalbum,319295,raw/982054/responses/0006_b034201a0549.json
982054,7,POST,200,Fetch,https://m.ctrip.com/restapi/soa2/35021/getHotelRoomPopInfoPCOnline,392,raw/982054/responses/0007_a399d40fcb64.json
983946,1,POST,200,Fetch,https://m.ctrip.com/restapi/soa2/10182/GetAvailablePoints?_fxpcqlniredt=09031109115864990735&x-traceID=09031109115864990735-1788242120099-6293278,463,raw/983946/responses/0001_9d0057b54d93.json
98424344,1,POST,200,Fetch,https://m.ctrip.com/restapi/soa2/10182/GetAvailablePoints?_fxpcqlniredt=09031109115864990735&x-traceID=09031109115864990735-1788240188165-9063400,463,raw/98424344/responses/0001_07cb46306f1e.json
98424349,1,POST,200,Fetch,https://m.ctrip.com/restapi/soa2/10182/GetAvailablePoints?_fxpcqlniredt=09031109115864990735&x-traceID=09031109115864990735-1788241246310-6304130,463,raw/98424349/responses/0001_9b245726306a.json
98424349,2,POST,200,Fetch,https://m.ctrip.com/restapi/soa2/33278/getDetailAdditionalInfo,20173,raw/98424349/responses/0002_0f6525cc02a9.json
98424349,3,POST,200,Fetch,https://m.ctrip.com/restapi/soa2/34308/getHotelCommentInfo,399,raw/98424349/responses/0003_8a41a2728111.json
98424349,4,POST,200,Fetch,https://m.ctrip.com/restapi/soa2/28820/ctGetNearbyHotelList,378,raw/98424349/responses/0004_b9f75dd5f3db.json
98424349,5,POST,200,Fetch,https://m.ctrip.com/restapi/soa2/33278/getHotelRoomListInland,408,raw/98424349/responses/0005_126ff2c3c3c2.json
98424349,6,POST,200,Fetch,https://m.ctrip.com/restapi/soa2/28820/ctgethotelalbum,315280,raw/98424349/responses/0006_b034201a0549.json
98424349,7,POST,200,Fetch,https://m.ctrip.com/restapi/soa2/35021/getHotelRoomPopInfoPCOnline,394,raw/98424349/responses/0007_a399d40fcb64.json
98944902,1,POST,200,Fetch,https://m.ctrip.com/restapi/soa2/10182/GetAvailablePoints?_fxpcqlniredt=09031109115864990735&x-traceID=09031109115864990735-1788257115323-8243091,462,raw/98944902/responses/0001_48d50aee270e.json
98944902,2,POST,200,Fetch,https://m.ctrip.com/restapi/soa2/34308/getHotelCommentInfo,397,raw/98944902/responses/0002_e5cdff472821.json
98944902,3,POST,200,Fetch,https://m.ctrip.com/restapi/soa2/33278/getDetailAdditionalInfo,20237,raw/98944902/responses/0003_9a699f28ead6.json
98944902,4,POST,200,Fetch,https://m.ctrip.com/restapi/soa2/28820/ctGetNearbyHotelList,376,raw/98944902/responses/0004_b9f75dd5f3db.json
98944902,5,POST,200,Fetch,https://m.ctrip.com/restapi/soa2/33278/getHotelRoomListInland,406,raw/98944902/responses/0005_126ff2c3c3c2.json
98944902,6,POST,200,Fetch,https://m.ctrip.com/restapi/soa2/28820/ctgethotelalbum,536440,raw/98944902/responses/0006_b034201a0549.json
98944902,7,POST,200,Fetch,https://m.ctrip.com/restapi/soa2/35021/getHotelRoomPopInfoPCOnline,392,raw/98944902/responses/0007_a399d40fcb64.json
98945532,1,POST,200,Fetch,https://m.ctrip.com/restapi/soa2/10182/GetAvailablePoints?_fxpcqlniredt=09031109115864990735&x-traceID=09031109115864990735-1788256070890-5654223,462,raw/98945532/responses/0001_7991b4dd372e.json
98984458,1,POST,200,Fetch,https://m.ctrip.com/restapi/soa2/10182/GetAvailablePoints?_fxpcqlniredt=09031109115864990735&x-traceID=09031109115864990735-1788166898895-2718749,462,raw/98984458/responses/0001_82da946f4ade.json
99121154,1,POST,200,Fetch,https://m.ctrip.com/restapi/soa2/33278/getDetailAdditionalInfo,20120,raw/99121154/responses/0001_cfd279648041.json
99121154,2,POST,200,Fetch,https://m.ctrip.com/restapi/soa2/34308/getHotelCommentInfo,399,raw/99121154/responses/0002_e5cdff472821.json
99121154,3,POST,200,Fetch,https://m.ctrip.com/restapi/soa2/10182/GetAvailablePoints?_fxpcqlniredt=09031109115864990735&x-traceID=09031109115864990735-1788236453988-620897,462,raw/99121154/responses/0003_90c9deaeac04.json
99121154,4,POST,200,Fetch,https://m.ctrip.com/restapi/soa2/33278/getHotelRoomListInland,408,raw/99121154/responses/0004_4484b63447e6.json
99121154,5,POST,200,Fetch,https://m.ctrip.com/restapi/soa2/28820/ctGetNearbyHotelList,378,raw/99121154/responses/0005_1e2127aae2e6.json
99121154,6,POST,200,Fetch,https://m.ctrip.com/restapi/soa2/28820/ctgethotelalbum,486467,raw/99121154/responses/0006_b034201a0549.json
99121154,7,POST,200,Fetch,https://m.ctrip.com/restapi/soa2/35021/getHotelRoomPopInfoPCOnline,394,raw/99121154/responses/0007_a399d40fcb64.json
995162,1,POST,200,Fetch,https://m.ctrip.com/restapi/soa2/10182/GetAvailablePoints?_fxpcqlniredt=09031109115864990735&x-traceID=09031109115864990735-1788238091370-3917322,463,raw/995162/responses/0001_cc94057567f6.json
995162,2,POST,200,Fetch,https://m.ctrip.com/restapi/soa2/33278/getDetailAdditionalInfo,19929,raw/995162/responses/0002_0f6525cc02a9.json
995162,3,POST,200,Fetch,https://m.ctrip.com/restapi/soa2/34308/getHotelCommentInfo,399,raw/995162/responses/0003_8a41a2728111.json
995162,4,POST,200,Fetch,https://m.ctrip.com/restapi/soa2/33278/getHotelRoomListInland,408,raw/995162/responses/0004_4484b63447e6.json
995162,5,POST,200,Fetch,https://m.ctrip.com/restapi/soa2/28820/ctgethotelalbum,385888,raw/995162/responses/0005_0ef9cbf89082.json
995162,6,POST,200,Fetch,https://m.ctrip.com/restapi/soa2/28820/ctGetNearbyHotelList,378,raw/995162/responses/0006_9a431dd78faa.json
995162,7,POST,200,Fetch,https://m.ctrip.com/restapi/soa2/35021/getHotelRoomPopInfoPCOnline,394,raw/995162/responses/0007_a399d40fcb64.json
995674,1,POST,200,Fetch,https://m.ctrip.com/restapi/soa2/10182/GetAvailablePoints?_fxpcqlniredt=09031109115864990735&x-traceID=09031109115864990735-1788165648871-2072010,463,raw/995674/responses/0001_09117ac66cf4.json
995674,2,POST,200,Fetch,https://m.ctrip.com/restapi/soa2/33278/getDetailAdditionalInfo,20523,raw/995674/responses/0002_0f6525cc02a9.json
995674,3,POST,200,Fetch,https://m.ctrip.com/restapi/soa2/34308/getHotelCommentInfo,60533,raw/995674/responses/0003_8a41a2728111.json
995674,4,POST,200,Fetch,https://m.ctrip.com/restapi/soa2/28820/ctgethotelalbum,380477,raw/995674/responses/0004_65975e8ff220.json
995674,5,POST,200,Fetch,https://m.ctrip.com/restapi/soa2/33278/getHotelRoomListInland,1839665,raw/995674/responses/0005_126ff2c3c3c2.json
995674,6,POST,200,Fetch,https://m.ctrip.com/restapi/soa2/28820/ctGetNearbyHotelList,131508,raw/995674/responses/0006_9a431dd78faa.json
995970,1,POST,200,Fetch,https://m.ctrip.com/restapi/soa2/10182/GetAvailablePoints?_fxpcqlniredt=09031109115864990735&x-traceID=09031109115864990735-1788236756901-1838616,463,raw/995970/responses/0001_957311851b0a.json
995970,2,POST,200,Fetch,https://m.ctrip.com/restapi/soa2/34308/getHotelCommentInfo,399,raw/995970/responses/0002_e5cdff472821.json
995970,3,POST,200,Fetch,https://m.ctrip.com/restapi/soa2/28820/ctGetNearbyHotelList,378,raw/995970/responses/0003_6558381281e0.json
995970,4,POST,200,Fetch,https://m.ctrip.com/restapi/soa2/33278/getDetailAdditionalInfo,19971,raw/995970/responses/0004_c37be698535c.json
995970,5,POST,200,Fetch,https://m.ctrip.com/restapi/soa2/33278/getHotelRoomListInland,408,raw/995970/responses/0005_126ff2c3c3c2.json
995970,6,POST,200,Fetch,https://m.ctrip.com/restapi/soa2/28820/ctgethotelalbum,365809,raw/995970/responses/0006_b034201a0549.json
995970,7,POST,200,Fetch,https://m.ctrip.com/restapi/soa2/35021/getHotelRoomPopInfoPCOnline,394,raw/995970/responses/0007_a399d40fcb64.json
996022,1,POST,200,Fetch,https://m.ctrip.com/restapi/soa2/10182/GetAvailablePoints?_fxpcqlniredt=09031109115864990735&x-traceID=09031109115864990735-1788240941675-8154819,463,raw/996022/responses/0001_f2e24b6b6442.json
996022,2,POST,200,Fetch,https://m.ctrip.com/restapi/soa2/34308/getHotelCommentInfo,399,raw/996022/responses/0002_e5cdff472821.json
996022,3,POST,200,Fetch,https://m.ctrip.com/restapi/soa2/33278/getDetailAdditionalInfo,19964,raw/996022/responses/0003_9a699f28ead6.json
996022,4,POST,200,Fetch,https://m.ctrip.com/restapi/soa2/33278/getHotelRoomListInland,408,raw/996022/responses/0004_4484b63447e6.json
996022,5,POST,200,Fetch,https://m.ctrip.com/restapi/soa2/28820/ctGetNearbyHotelList,378,raw/996022/responses/0005_1e2127aae2e6.json
996022,6,POST,200,Fetch,https://m.ctrip.com/restapi/soa2/28820/ctgethotelalbum,401355,raw/996022/responses/0006_b034201a0549.json
996022,7,POST,200,Fetch,https://m.ctrip.com/restapi/soa2/35021/getHotelRoomPopInfoPCOnline,394,raw/996022/responses/0007_a399d40fcb64.json
996026,1,POST,200,Fetch,https://m.ctrip.com/restapi/soa2/10182/GetAvailablePoints?_fxpcqlniredt=09031109115864990735&x-traceID=09031109115864990735-1788164930210-1056534,463,raw/996026/responses/0001_2c5b9d70c9ff.json
996026,2,POST,200,Fetch,https://m.ctrip.com/restapi/soa2/33278/getDetailAdditionalInfo,21227,raw/996026/responses/0002_0f6525cc02a9.json
996026,3,POST,200,Fetch,https://m.ctrip.com/restapi/soa2/34308/getHotelCommentInfo,74914,raw/996026/responses/0003_8a41a2728111.json
996026,4,POST,200,Fetch,https://m.ctrip.com/restapi/soa2/28820/ctgethotelalbum,332254,raw/996026/responses/0004_65975e8ff220.json
996026,5,POST,200,Fetch,https://m.ctrip.com/restapi/soa2/28820/ctGetNearbyHotelList,137923,raw/996026/responses/0005_1e2127aae2e6.json
996026,6,POST,200,Fetch,https://m.ctrip.com/restapi/soa2/33278/getHotelRoomListInland,753454,raw/996026/responses/0006_b404bd1188b5.json
996026,7,POST,200,Fetch,https://m.ctrip.com/restapi/soa2/35021/getHotelRoomPopInfoPCOnline,939567,raw/996026/responses/0007_a399d40fcb64.json
996030,1,POST,200,Fetch,https://m.ctrip.com/restapi/soa2/10182/GetAvailablePoints?_fxpcqlniredt=09031109115864990735&x-traceID=09031109115864990735-1788164967513-7619504,463,raw/996030/responses/0001_5e672b1157a8.json
996030,2,POST,200,Fetch,https://m.ctrip.com/restapi/soa2/34308/getHotelCommentInfo,63096,raw/996030/responses/0002_e5cdff472821.json
996030,3,POST,200,Fetch,https://m.ctrip.com/restapi/soa2/33278/getDetailAdditionalInfo,20468,raw/996030/responses/0003_9a699f28ead6.json
996030,4,POST,200,Fetch,https://m.ctrip.com/restapi/soa2/28820/ctgethotelalbum,368329,raw/996030/responses/0004_65975e8ff220.json
996030,5,POST,200,Fetch,https://m.ctrip.com/restapi/soa2/28820/ctGetNearbyHotelList,134693,raw/996030/responses/0005_1e2127aae2e6.json
996050,1,POST,200,Fetch,https://m.ctrip.com/restapi/soa2/10182/GetAvailablePoints?_fxpcqlniredt=09031109115864990735&x-traceID=09031109115864990735-1788255392223-8053,463,raw/996050/responses/0001_3dc1d0ff3db3.json
996050,2,POST,200,Fetch,https://m.ctrip.com/restapi/soa2/34308/getHotelCommentInfo,399,raw/996050/responses/0002_e5cdff472821.json
996050,3,POST,200,Fetch,https://m.ctrip.com/restapi/soa2/33278/getHotelRoomListInland,408,raw/996050/responses/0003_20a6b1dba238.json
996050,4,POST,200,Fetch,https://m.ctrip.com/restapi/soa2/33278/getDetailAdditionalInfo,20867,raw/996050/responses/0004_c37be698535c.json
996050,5,POST,200,Fetch,https://m.ctrip.com/restapi/soa2/28820/ctGetNearbyHotelList,378,raw/996050/responses/0005_1e2127aae2e6.json
996050,6,POST,200,Fetch,https://m.ctrip.com/restapi/soa2/28820/ctgethotelalbum,449413,raw/996050/responses/0006_b034201a0549.json
996050,7,POST,200,Fetch,https://m.ctrip.com/restapi/soa2/35021/getHotelRoomPopInfoPCOnline,394,raw/996050/responses/0007_a399d40fcb64.json
996271,1,POST,200,Fetch,https://m.ctrip.com/restapi/soa2/10182/GetAvailablePoints?_fxpcqlniredt=09031109115864990735&x-traceID=09031109115864990735-1788239459390-8402996,462,raw/996271/responses/0001_842b57d173e1.json
996271,2,POST,200,Fetch,https://m.ctrip.com/restapi/soa2/34308/getHotelCommentInfo,397,raw/996271/responses/0002_e5cdff472821.json
996271,3,POST,200,Fetch,https://m.ctrip.com/restapi/soa2/33278/getDetailAdditionalInfo,19866,raw/996271/responses/0003_9a699f28ead6.json
996271,4,POST,200,Fetch,https://m.ctrip.com/restapi/soa2/28820/ctGetNearbyHotelList,376,raw/996271/responses/0004_b9f75dd5f3db.json
996271,5,POST,200,Fetch,https://m.ctrip.com/restapi/soa2/33278/getHotelRoomListInland,406,raw/996271/responses/0005_126ff2c3c3c2.json
996271,6,POST,200,Fetch,https://m.ctrip.com/restapi/soa2/28820/ctgethotelalbum,301215,raw/996271/responses/0006_b034201a0549.json
996271,7,POST,200,Fetch,https://m.ctrip.com/restapi/soa2/35021/getHotelRoomPopInfoPCOnline,392,raw/996271/responses/0007_a399d40fcb64.json
996274,1,POST,200,Fetch,https://m.ctrip.com/restapi/soa2/10182/GetAvailablePoints?_fxpcqlniredt=09031109115864990735&x-traceID=09031109115864990735-1788240134854-1527118,463,raw/996274/responses/0001_3663f6d485ad.json
996285,1,POST,200,Fetch,https://m.ctrip.com/restapi/soa2/10182/GetAvailablePoints?_fxpcqlniredt=09031109115864990735&x-traceID=09031109115864990735-1788164556509-7785509,462,raw/996285/responses/0001_3c72a577ad59.json
996285,2,POST,200,Fetch,https://m.ctrip.com/restapi/soa2/33278/getDetailAdditionalInfo,20241,raw/996285/responses/0002_0f6525cc02a9.json
996285,3,POST,200,Fetch,https://m.ctrip.com/restapi/soa2/34308/getHotelCommentInfo,58652,raw/996285/responses/0003_8a41a2728111.json
996285,4,POST,200,Fetch,https://m.ctrip.com/restapi/soa2/28820/ctgethotelalbum,332669,raw/996285/responses/0004_65975e8ff220.json
996285,5,POST,200,Fetch,https://m.ctrip.com/restapi/soa2/28820/ctGetNearbyHotelList,134636,raw/996285/responses/0005_1e2127aae2e6.json
996292,1,POST,200,Fetch,https://m.ctrip.com/restapi/soa2/10182/GetAvailablePoints?_fxpcqlniredt=09031109115864990735&x-traceID=09031109115864990735-1788166870695-1489992,461,raw/996292/responses/0001_adb4e29c07c7.json
996351,1,POST,200,Fetch,https://m.ctrip.com/restapi/soa2/10182/GetAvailablePoints?_fxpcqlniredt=09031109115864990735&x-traceID=09031109115864990735-1788511717512-378522,462,raw/996351/responses/0001_82705a5ba646.json
996352,1,POST,200,Fetch,https://m.ctrip.com/restapi/soa2/10182/GetAvailablePoints?_fxpcqlniredt=09031109115864990735&x-traceID=09031109115864990735-1788512862431-8074813,462,raw/996352/responses/0001_b750b8379d77.json
996361,1,POST,200,Fetch,https://m.ctrip.com/restapi/soa2/34308/getHotelCommentInfo,399,raw/996361/responses/0001_a72c8f9fa60e.json
996361,2,POST,200,Fetch,https://m.ctrip.com/restapi/soa2/33278/getDetailAdditionalInfo,20479,raw/996361/responses/0002_0f6525cc02a9.json
996361,3,POST,200,Fetch,https://m.ctrip.com/restapi/soa2/33278/getHotelRoomListInland,408,raw/996361/responses/0003_20a6b1dba238.json
996361,4,POST,200,Fetch,https://m.ctrip.com/restapi/soa2/28820/ctgethotelalbum,282829,raw/996361/responses/0004_65975e8ff220.json
996361,5,POST,200,Fetch,https://m.ctrip.com/restapi/soa2/28820/ctGetNearbyHotelList,378,raw/996361/responses/0005_1e2127aae2e6.json
996361,6,POST,200,Fetch,https://m.ctrip.com/restapi/soa2/10182/GetAvailablePoints?_fxpcqlniredt=09031109115864990735&x-traceID=09031109115864990735-1788511995879-3868760,463,raw/996361/responses/0006_47c28c462c40.json
996361,7,POST,200,Fetch,https://m.ctrip.com/restapi/soa2/35021/getHotelRoomPopInfoPCOnline,394,raw/996361/responses/0007_a399d40fcb64.json
996362,1,POST,200,Fetch,https://m.ctrip.com/restapi/soa2/34308/getHotelCommentInfo,397,raw/996362/responses/0001_a72c8f9fa60e.json
996362,2,POST,200,Fetch,https://m.ctrip.com/restapi/soa2/33278/getHotelRoomListInland,406,raw/996362/responses/0002_e41e460f95a3.json
996362,3,POST,200,Fetch,https://m.ctrip.com/restapi/soa2/28820/ctGetNearbyHotelList,376,raw/996362/responses/0003_6558381281e0.json
996362,4,POST,200,Fetch,https://m.ctrip.com/restapi/soa2/33278/getDetailAdditionalInfo,20093,raw/996362/responses/0004_c37be698535c.json
996362,5,POST,200,Fetch,https://m.ctrip.com/restapi/soa2/10182/GetAvailablePoints?_fxpcqlniredt=09031109115864990735&x-traceID=09031109115864990735-1788239651150-6420761,461,raw/996362/responses/0005_e14b64657fcd.json
996362,6,POST,200,Fetch,https://m.ctrip.com/restapi/soa2/28820/ctgethotelalbum,445889,raw/996362/responses/0006_b034201a0549.json
996362,7,POST,200,Fetch,https://m.ctrip.com/restapi/soa2/35021/getHotelRoomPopInfoPCOnline,394,raw/996362/responses/0007_a399d40fcb64.json
996367,1,POST,200,Fetch,https://m.ctrip.com/restapi/soa2/10182/GetAvailablePoints?_fxpcqlniredt=09031109115864990735&x-traceID=09031109115864990735-1788255306078-8733977,463,raw/996367/responses/0001_415d91bd7b67.json
996367,2,POST,200,Fetch,https://m.ctrip.com/restapi/soa2/34308/getHotelCommentInfo,399,raw/996367/responses/0002_e5cdff472821.json
996367,3,POST,200,Fetch,https://m.ctrip.com/restapi/soa2/33278/getHotelRoomListInland,408,raw/996367/responses/0003_20a6b1dba238.json
996367,4,POST,200,Fetch,https://m.ctrip.com/restapi/soa2/33278/getDetailAdditionalInfo,19962,raw/996367/responses/0004_c37be698535c.json
996367,5,POST,200,Fetch,https://m.ctrip.com/restapi/soa2/28820/ctGetNearbyHotelList,378,raw/996367/responses/0005_1e2127aae2e6.json
996367,6,POST,200,Fetch,https://m.ctrip.com/restapi/soa2/28820/ctgethotelalbum,253205,raw/996367/responses/0006_b034201a0549.json
996367,7,POST,200,Fetch,https://m.ctrip.com/restapi/soa2/35021/getHotelRoomPopInfoPCOnline,394,raw/996367/responses/0007_a399d40fcb64.json
996371,1,POST,200,Fetch,https://m.ctrip.com/restapi/soa2/10182/GetAvailablePoints?_fxpcqlniredt=09031109115864990735&x-traceID=09031109115864990735-1788240247992-8816672,463,raw/996371/responses/0001_c7ea97ad236e.json
996515,1,POST,200,Fetch,https://m.ctrip.com/restapi/soa2/10182/GetAvailablePoints?_fxpcqlniredt=09031109115864990735&x-traceID=09031109115864990735-1788511975675-6628302,463,raw/996515/responses/0001_6ed44910e981.json
996515,2,POST,200,Fetch,https://m.ctrip.com/restapi/soa2/34308/getHotelCommentInfo,399,raw/996515/responses/0002_e5cdff472821.json
996515,3,POST,200,Fetch,https://m.ctrip.com/restapi/soa2/28820/ctGetNearbyHotelList,378,raw/996515/responses/0003_6558381281e0.json
996515,4,POST,200,Fetch,https://m.ctrip.com/restapi/soa2/33278/getDetailAdditionalInfo,20524,raw/996515/responses/0004_c37be698535c.json
996515,5,POST,200,Fetch,https://m.ctrip.com/restapi/soa2/33278/getHotelRoomListInland,408,raw/996515/responses/0005_126ff2c3c3c2.json
996515,6,POST,200,Fetch,https://m.ctrip.com/restapi/soa2/28820/ctgethotelalbum,336204,raw/996515/responses/0006_b034201a0549.json
996515,7,POST,200,Fetch,https://m.ctrip.com/restapi/soa2/35021/getHotelRoomPopInfoPCOnline,394,raw/996515/responses/0007_a399d40fcb64.json
996622,1,POST,200,Fetch,https://m.ctrip.com/restapi/soa2/10182/GetAvailablePoints?_fxpcqlniredt=09031109115864990735&x-traceID=09031109115864990735-1788255639266-9777037,463,raw/996622/responses/0001_5e484d828273.json
996622,2,POST,200,Fetch,https://m.ctrip.com/restapi/soa2/34308/getHotelCommentInfo,399,raw/996622/responses/0002_e5cdff472821.json
996622,3,POST,200,Fetch,https://m.ctrip.com/restapi/soa2/28820/ctGetNearbyHotelList,378,raw/996622/responses/0003_6558381281e0.json
996622,4,POST,200,Fetch,https://m.ctrip.com/restapi/soa2/33278/getDetailAdditionalInfo,20407,raw/996622/responses/0004_c37be698535c.json
996622,5,POST,200,Fetch,https://m.ctrip.com/restapi/soa2/28820/ctgethotelalbum,250268,raw/996622/responses/0005_0ef9cbf89082.json
996622,6,POST,200,Fetch,https://m.ctrip.com/restapi/soa2/33278/getHotelRoomListInland,408,raw/996622/responses/0006_b404bd1188b5.json
996622,7,POST,200,Fetch,https://m.ctrip.com/restapi/soa2/35021/getHotelRoomPopInfoPCOnline,394,raw/996622/responses/0007_a399d40fcb64.json
996628,1,POST,200,Fetch,https://m.ctrip.com/restapi/soa2/10182/GetAvailablePoints?_fxpcqlniredt=09031109115864990735&x-traceID=09031109115864990735-1788166935942-5112184,462,raw/996628/responses/0001_afaf5e4fda48.json
996636,1,POST,200,Fetch,https://m.ctrip.com/restapi/soa2/10182/GetAvailablePoints?_fxpcqlniredt=09031109115864990735&x-traceID=09031109115864990735-1788240171715-3961083,463,raw/996636/responses/0001_7a72aeae6e4e.json
996643,1,POST,200,Fetch,https://m.ctrip.com/restapi/soa2/10182/GetAvailablePoints?_fxpcqlniredt=09031109115864990735&x-traceID=09031109115864990735-1788235467720-2396165,462,raw/996643/responses/0001_d53d9c48a207.json
996643,2,POST,200,Fetch,https://m.ctrip.com/restapi/soa2/34308/getHotelCommentInfo,397,raw/996643/responses/0002_e5cdff472821.json
996643,3,POST,200,Fetch,https://m.ctrip.com/restapi/soa2/33278/getDetailAdditionalInfo,20227,raw/996643/responses/0003_9a699f28ead6.json
996643,4,POST,200,Fetch,https://m.ctrip.com/restapi/soa2/28820/ctgethotelalbum,183517,raw/996643/responses/0004_65975e8ff220.json
996643,5,POST,200,Fetch,https://m.ctrip.com/restapi/soa2/33278/getHotelRoomListInland,406,raw/996643/responses/0005_126ff2c3c3c2.json
996643,6,POST,200,Fetch,https://m.ctrip.com/restapi/soa2/28820/ctGetNearbyHotelList,376,raw/996643/responses/0006_9a431dd78faa.json
996643,7,POST,200,Fetch,https://m.ctrip.com/restapi/soa2/35021/getHotelRoomPopInfoPCOnline,392,raw/996643/responses/0007_a399d40fcb64.json
996644,1,POST,200,Fetch,https://m.ctrip.com/restapi/soa2/10182/GetAvailablePoints?_fxpcqlniredt=09031109115864990735&x-traceID=09031109115864990735-1788511699545-1444439,463,raw/996644/responses/0001_99424f3ec341.json
996644,2,POST,200,Fetch,https://m.ctrip.com/restapi/soa2/34308/getHotelCommentInfo,399,raw/996644/responses/0002_e5cdff472821.json
996644,3,POST,200,Fetch,https://m.ctrip.com/restapi/soa2/33278/getDetailAdditionalInfo,20676,raw/996644/responses/0003_9a699f28ead6.json
996644,4,POST,200,Fetch,https://m.ctrip.com/restapi/soa2/28820/ctGetNearbyHotelList,378,raw/996644/responses/0004_b9f75dd5f3db.json
996644,5,POST,200,Fetch,https://m.ctrip.com/restapi/soa2/28820/ctgethotelalbum,223829,raw/996644/responses/0005_0ef9cbf89082.json
996644,6,POST,200,Fetch,https://m.ctrip.com/restapi/soa2/33278/getHotelRoomListInland,408,raw/996644/responses/0006_b404bd1188b5.json
996644,7,POST,200,Fetch,https://m.ctrip.com/restapi/soa2/35021/getHotelRoomPopInfoPCOnline,394,raw/996644/responses/0007_a399d40fcb64.json
996652,1,POST,200,Fetch,https://m.ctrip.com/restapi/soa2/10182/GetAvailablePoints?_fxpcqlniredt=09031109115864990735&x-traceID=09031109115864990735-1788510817924-1362082,463,raw/996652/responses/0001_1c6bf1c131e4.json
996652,2,POST,200,Fetch,https://m.ctrip.com/restapi/soa2/34308/getHotelCommentInfo,399,raw/996652/responses/0002_e5cdff472821.json
996652,3,POST,200,Fetch,https://m.ctrip.com/restapi/soa2/33278/getHotelRoomListInland,408,raw/996652/responses/0003_20a6b1dba238.json
996652,4,POST,200,Fetch,https://m.ctrip.com/restapi/soa2/28820/ctGetNearbyHotelList,378,raw/996652/responses/0004_b9f75dd5f3db.json
996652,5,POST,200,Fetch,https://m.ctrip.com/restapi/soa2/28820/ctgethotelalbum,297134,raw/996652/responses/0005_0ef9cbf89082.json
996652,6,POST,200,Fetch,https://m.ctrip.com/restapi/soa2/33278/getDetailAdditionalInfo,20500,raw/996652/responses/0006_937db351796d.json
996652,7,POST,200,Fetch,https://m.ctrip.com/restapi/soa2/35021/getHotelRoomPopInfoPCOnline,394,raw/996652/responses/0007_a399d40fcb64.json
996654,1,POST,200,Fetch,https://m.ctrip.com/restapi/soa2/10182/GetAvailablePoints?_fxpcqlniredt=09031109115864990735&x-traceID=09031109115864990735-1788235535850-4471768,461,raw/996654/responses/0001_1f593e0e06af.json
996657,1,POST,200,Fetch,https://m.ctrip.com/restapi/soa2/10182/GetAvailablePoints?_fxpcqlniredt=09031109115864990735&x-traceID=09031109115864990735-1788235072287-5322103,463,raw/996657/responses/0001_4fda8b99d3ea.json
996657,2,POST,200,Fetch,https://m.ctrip.com/restapi/soa2/34308/getHotelCommentInfo,399,raw/996657/responses/0002_e5cdff472821.json
996657,3,POST,200,Fetch,https://m.ctrip.com/restapi/soa2/33278/getDetailAdditionalInfo,20247,raw/996657/responses/0003_9a699f28ead6.json
996657,4,POST,200,Fetch,https://m.ctrip.com/restapi/soa2/33278/getHotelRoomListInland,408,raw/996657/responses/0004_4484b63447e6.json
996657,5,POST,200,Fetch,https://m.ctrip.com/restapi/soa2/28820/ctGetNearbyHotelList,378,raw/996657/responses/0005_1e2127aae2e6.json
996657,6,POST,200,Fetch,https://m.ctrip.com/restapi/soa2/28820/ctgethotelalbum,167246,raw/996657/responses/0006_b034201a0549.json
996657,7,POST,200,Fetch,https://m.ctrip.com/restapi/soa2/35021/getHotelRoomPopInfoPCOnline,394,raw/996657/responses/0007_a399d40fcb64.json
996665,1,POST,200,Fetch,https://m.ctrip.com/restapi/soa2/10182/GetAvailablePoints?_fxpcqlniredt=09031109115864990735&x-traceID=09031109115864990735-1788511667753-1764302,463,raw/996665/responses/0001_ebf74c65ea9a.json
996665,2,POST,200,Fetch,https://m.ctrip.com/restapi/soa2/34308/getHotelCommentInfo,399,raw/996665/responses/0002_e5cdff472821.json
996665,3,POST,200,Fetch,https://m.ctrip.com/restapi/soa2/33278/getDetailAdditionalInfo,20668,raw/996665/responses/0003_9a699f28ead6.json
996665,4,POST,200,Fetch,https://m.ctrip.com/restapi/soa2/33278/getHotelRoomListInland,408,raw/996665/responses/0004_4484b63447e6.json
996665,5,POST,200,Fetch,https://m.ctrip.com/restapi/soa2/28820/ctGetNearbyHotelList,378,raw/996665/responses/0005_1e2127aae2e6.json
996665,6,POST,200,Fetch,https://m.ctrip.com/restapi/soa2/28820/ctgethotelalbum,273041,raw/996665/responses/0006_b034201a0549.json
996665,7,POST,200,Fetch,https://m.ctrip.com/restapi/soa2/35021/getHotelRoomPopInfoPCOnline,394,raw/996665/responses/0007_a399d40fcb64.json
996677,1,POST,200,Fetch,https://m.ctrip.com/restapi/soa2/10182/GetAvailablePoints?_fxpcqlniredt=09031109115864990735&x-traceID=09031109115864990735-1788236958310-5055035,463,raw/996677/responses/0001_ef25fc915aa2.json
996677,2,POST,200,Fetch,https://m.ctrip.com/restapi/soa2/33278/getDetailAdditionalInfo,20410,raw/996677/responses/0002_0f6525cc02a9.json
996677,3,POST,200,Fetch,https://m.ctrip.com/restapi/soa2/34308/getHotelCommentInfo,399,raw/996677/responses/0003_8a41a2728111.json
996677,4,POST,200,Fetch,https://m.ctrip.com/restapi/soa2/33278/getHotelRoomListInland,408,raw/996677/responses/0004_4484b63447e6.json
996677,5,POST,200,Fetch,https://m.ctrip.com/restapi/soa2/28820/ctGetNearbyHotelList,378,raw/996677/responses/0005_1e2127aae2e6.json
996677,6,POST,200,Fetch,https://m.ctrip.com/restapi/soa2/28820/ctgethotelalbum,212239,raw/996677/responses/0006_b034201a0549.json
996677,7,POST,200,Fetch,https://m.ctrip.com/restapi/soa2/35021/getHotelRoomPopInfoPCOnline,394,raw/996677/responses/0007_a399d40fcb64.json
996678,1,POST,200,Fetch,https://m.ctrip.com/restapi/soa2/10182/GetAvailablePoints?_fxpcqlniredt=09031109115864990735&x-traceID=09031109115864990735-1788237202859-3267825,463,raw/996678/responses/0001_05f3656640ac.json
996678,2,POST,200,Fetch,https://m.ctrip.com/restapi/soa2/33278/getDetailAdditionalInfo,20227,raw/996678/responses/0002_0f6525cc02a9.json
996678,3,POST,200,Fetch,https://m.ctrip.com/restapi/soa2/33278/getHotelRoomListInland,408,raw/996678/responses/0003_20a6b1dba238.json
996678,4,POST,200,Fetch,https://m.ctrip.com/restapi/soa2/34308/getHotelCommentInfo,399,raw/996678/responses/0004_f4484678b221.json
996678,5,POST,200,Fetch,https://m.ctrip.com/restapi/soa2/28820/ctgethotelalbum,216366,raw/996678/responses/0005_0ef9cbf89082.json
996678,6,POST,200,Fetch,https://m.ctrip.com/restapi/soa2/28820/ctGetNearbyHotelList,378,raw/996678/responses/0006_9a431dd78faa.json
996678,7,POST,200,Fetch,https://m.ctrip.com/restapi/soa2/35021/getHotelRoomPopInfoPCOnline,394,raw/996678/responses/0007_a399d40fcb64.json
996684,1,POST,200,Fetch,https://m.ctrip.com/restapi/soa2/10182/GetAvailablePoints?_fxpcqlniredt=09031109115864990735&x-traceID=09031109115864990735-1788510883026-8940873,463,raw/996684/responses/0001_abbbfbe82a15.json
996684,2,POST,200,Fetch,https://m.ctrip.com/restapi/soa2/34308/getHotelCommentInfo,399,raw/996684/responses/0002_e5cdff472821.json
996684,3,POST,200,Fetch,https://m.ctrip.com/restapi/soa2/33278/getDetailAdditionalInfo,20741,raw/996684/responses/0003_9a699f28ead6.json
996684,4,POST,200,Fetch,https://m.ctrip.com/restapi/soa2/33278/getHotelRoomListInland,408,raw/996684/responses/0004_4484b63447e6.json
996684,5,POST,200,Fetch,https://m.ctrip.com/restapi/soa2/28820/ctGetNearbyHotelList,378,raw/996684/responses/0005_1e2127aae2e6.json
996684,6,POST,200,Fetch,https://m.ctrip.com/restapi/soa2/28820/ctgethotelalbum,370948,raw/996684/responses/0006_b034201a0549.json
996684,7,POST,200,Fetch,https://m.ctrip.com/restapi/soa2/35021/getHotelRoomPopInfoPCOnline,394,raw/996684/responses/0007_a399d40fcb64.json
996685,1,POST,200,Fetch,https://m.ctrip.com/restapi/soa2/10182/GetAvailablePoints?_fxpcqlniredt=09031109115864990735&x-traceID=09031109115864990735-1788255499071-1659629,463,raw/996685/responses/0001_c29f776b28a8.json
996685,2,POST,200,Fetch,https://m.ctrip.com/restapi/soa2/34308/getHotelCommentInfo,399,raw/996685/responses/0002_e5cdff472821.json
996685,3,POST,200,Fetch,https://m.ctrip.com/restapi/soa2/33278/getDetailAdditionalInfo,20239,raw/996685/responses/0003_9a699f28ead6.json
996685,4,POST,200,Fetch,https://m.ctrip.com/restapi/soa2/33278/getHotelRoomListInland,408,raw/996685/responses/0004_4484b63447e6.json
996685,5,POST,200,Fetch,https://m.ctrip.com/restapi/soa2/28820/ctgethotelalbum,489403,raw/996685/responses/0005_0ef9cbf89082.json
996685,6,POST,200,Fetch,https://m.ctrip.com/restapi/soa2/28820/ctGetNearbyHotelList,378,raw/996685/responses/0006_9a431dd78faa.json
996685,7,POST,200,Fetch,https://m.ctrip.com/restapi/soa2/35021/getHotelRoomPopInfoPCOnline,394,raw/996685/responses/0007_a399d40fcb64.json
996687,1,POST,200,Fetch,https://m.ctrip.com/restapi/soa2/33278/getDetailAdditionalInfo,20510,raw/996687/responses/0001_cfd279648041.json
996687,2,POST,200,Fetch,https://m.ctrip.com/restapi/soa2/28820/ctgethotelalbum,284685,raw/996687/responses/0002_053ef16233d1.json
996687,3,POST,200,Fetch,https://m.ctrip.com/restapi/soa2/34308/getHotelCommentInfo,64723,raw/996687/responses/0003_8a41a2728111.json
996687,4,POST,200,Fetch,https://m.ctrip.com/restapi/soa2/10182/GetAvailablePoints?_fxpcqlniredt=09031109115864990735&x-traceID=09031109115864990735-1788165551900-3709663,463,raw/996687/responses/0004_e9549ca81ac7.json
996687,5,POST,200,Fetch,https://m.ctrip.com/restapi/soa2/28820/ctGetNearbyHotelList,133878,raw/996687/responses/0005_1e2127aae2e6.json
996700,1,POST,200,Fetch,https://m.ctrip.com/restapi/soa2/10182/GetAvailablePoints?_fxpcqlniredt=09031109115864990735&x-traceID=09031109115864990735-1788513307969-7436949,463,raw/996700/responses/0001_96129ea7fda4.json
996700,2,POST,200,Fetch,https://m.ctrip.com/restapi/soa2/34308/getHotelCommentInfo,399,raw/996700/responses/0002_e5cdff472821.json
996700,3,POST,200,Fetch,https://m.ctrip.com/restapi/soa2/33278/getDetailAdditionalInfo,20449,raw/996700/responses/0003_9a699f28ead6.json
996700,4,POST,200,Fetch,https://m.ctrip.com/restapi/soa2/33278/getHotelRoomListInland,408,raw/996700/responses/0004_4484b63447e6.json
996700,5,POST,200,Fetch,https://m.ctrip.com/restapi/soa2/28820/ctGetNearbyHotelList,378,raw/996700/responses/0005_1e2127aae2e6.json
996700,6,POST,200,Fetch,https://m.ctrip.com/restapi/soa2/28820/ctgethotelalbum,303362,raw/996700/responses/0006_b034201a0549.json
996700,7,POST,200,Fetch,https://m.ctrip.com/restapi/soa2/35021/getHotelRoomPopInfoPCOnline,394,raw/996700/responses/0007_a399d40fcb64.json
996716,1,POST,200,Fetch,https://m.ctrip.com/restapi/soa2/10182/GetAvailablePoints?_fxpcqlniredt=09031109115864990735&x-traceID=09031109115864990735-1788512964674-9699925,462,raw/996716/responses/0001_6632879a49ce.json
996716,2,POST,200,Fetch,https://m.ctrip.com/restapi/soa2/28820/ctgethotelalbum,258566,raw/996716/responses/0002_053ef16233d1.json
996716,3,POST,200,Fetch,https://m.ctrip.com/restapi/soa2/33278/getHotelRoomListInland,406,raw/996716/responses/0003_20a6b1dba238.json
996716,4,POST,200,Fetch,https://m.ctrip.com/restapi/soa2/28820/ctGetNearbyHotelList,376,raw/996716/responses/0004_b9f75dd5f3db.json
996716,5,POST,200,Fetch,https://m.ctrip.com/restapi/soa2/34308/getHotelCommentInfo,397,raw/996716/responses/0005_741564f8da4e.json
996716,6,POST,200,Fetch,https://m.ctrip.com/restapi/soa2/33278/getDetailAdditionalInfo,19941,raw/996716/responses/0006_937db351796d.json
996716,7,POST,200,Fetch,https://m.ctrip.com/restapi/soa2/35021/getHotelRoomPopInfoPCOnline,392,raw/996716/responses/0007_a399d40fcb64.json
996718,1,POST,200,Fetch,https://m.ctrip.com/restapi/soa2/33278/getDetailAdditionalInfo,20286,raw/996718/responses/0001_cfd279648041.json
996718,2,POST,200,Fetch,https://m.ctrip.com/restapi/soa2/28820/ctgethotelalbum,343270,raw/996718/responses/0002_053ef16233d1.json
996718,3,POST,200,Fetch,https://m.ctrip.com/restapi/soa2/34308/getHotelCommentInfo,66563,raw/996718/responses/0003_8a41a2728111.json
996718,4,POST,200,Fetch,https://m.ctrip.com/restapi/soa2/10182/GetAvailablePoints?_fxpcqlniredt=09031109115864990735&x-traceID=09031109115864990735-1788163729874-1137881,462,raw/996718/responses/0004_768194058a99.json
996718,5,POST,200,Fetch,https://m.ctrip.com/restapi/soa2/33278/getHotelRoomListInland,974002,raw/996718/responses/0005_126ff2c3c3c2.json
996718,6,POST,200,Fetch,https://m.ctrip.com/restapi/soa2/28820/ctGetNearbyHotelList,133643,raw/996718/responses/0006_9a431dd78faa.json
996718,7,POST,200,Fetch,https://m.ctrip.com/restapi/soa2/35021/getHotelRoomPopInfoPCOnline,1175769,raw/996718/responses/0007_a399d40fcb64.json
996719,1,POST,200,Fetch,https://m.ctrip.com/restapi/soa2/10182/GetAvailablePoints?_fxpcqlniredt=09031109115864990735&x-traceID=09031109115864990735-1788238907927-2432634,462,raw/996719/responses/0001_2b8937a84093.json
996719,2,POST,200,Fetch,https://m.ctrip.com/restapi/soa2/34308/getHotelCommentInfo,397,raw/996719/responses/0002_e5cdff472821.json
996719,3,POST,200,Fetch,https://m.ctrip.com/restapi/soa2/33278/getHotelRoomListInland,406,raw/996719/responses/0003_20a6b1dba238.json
996719,4,POST,200,Fetch,https://m.ctrip.com/restapi/soa2/33278/getDetailAdditionalInfo,20088,raw/996719/responses/0004_c37be698535c.json
996719,5,POST,200,Fetch,https://m.ctrip.com/restapi/soa2/28820/ctgethotelalbum,478615,raw/996719/responses/0005_0ef9cbf89082.json
996719,6,POST,200,Fetch,https://m.ctrip.com/restapi/soa2/28820/ctGetNearbyHotelList,376,raw/996719/responses/0006_9a431dd78faa.json
996719,7,POST,200,Fetch,https://m.ctrip.com/restapi/soa2/35021/getHotelRoomPopInfoPCOnline,392,raw/996719/responses/0007_a399d40fcb64.json
996724,1,POST,200,Fetch,https://m.ctrip.com/restapi/soa2/10182/GetAvailablePoints?_fxpcqlniredt=09031109115864990735&x-traceID=09031109115864990735-1788256363290-4445742,463,raw/996724/responses/0001_db1898b32b48.json
996725,1,POST,200,Fetch,https://m.ctrip.com/restapi/soa2/10182/GetAvailablePoints?_fxpcqlniredt=09031109115864990735&x-traceID=09031109115864990735-1788512912457-1522208,462,raw/996725/responses/0001_03e6a4535a09.json
996725,2,POST,200,Fetch,https://m.ctrip.com/restapi/soa2/34308/getHotelCommentInfo,397,raw/996725/responses/0002_e5cdff472821.json
996725,3,POST,200,Fetch,https://m.ctrip.com/restapi/soa2/28820/ctGetNearbyHotelList,376,raw/996725/responses/0003_6558381281e0.json
996725,4,POST,200,Fetch,https://m.ctrip.com/restapi/soa2/33278/getHotelRoomListInland,406,raw/996725/responses/0004_4484b63447e6.json
996725,5,POST,200,Fetch,https://m.ctrip.com/restapi/soa2/33278/getDetailAdditionalInfo,20367,raw/996725/responses/0005_1139d80bc75b.json
996725,6,POST,200,Fetch,https://m.ctrip.com/restapi/soa2/28820/ctgethotelalbum,376065,raw/996725/responses/0006_b034201a0549.json
996725,7,POST,200,Fetch,https://m.ctrip.com/restapi/soa2/35021/getHotelRoomPopInfoPCOnline,392,raw/996725/responses/0007_a399d40fcb64.json
996726,1,POST,200,Fetch,https://m.ctrip.com/restapi/soa2/10182/GetAvailablePoints?_fxpcqlniredt=09031109115864990735&x-traceID=09031109115864990735-1788240853858-9800340,463,raw/996726/responses/0001_aebce0f5e9e5.json
996726,2,POST,200,Fetch,https://m.ctrip.com/restapi/soa2/33278/getHotelRoomListInland,408,raw/996726/responses/0002_e41e460f95a3.json
996726,3,POST,200,Fetch,https://m.ctrip.com/restapi/soa2/28820/ctgethotelalbum,328294,raw/996726/responses/0003_b0749e138db6.json
996726,4,POST,200,Fetch,https://m.ctrip.com/restapi/soa2/28820/ctGetNearbyHotelList,378,raw/996726/responses/0004_b9f75dd5f3db.json
996726,5,POST,200,Fetch,https://m.ctrip.com/restapi/soa2/33278/getDetailAdditionalInfo,21300,raw/996726/responses/0005_1139d80bc75b.json
996726,6,POST,200,Fetch,https://m.ctrip.com/restapi/soa2/34308/getHotelCommentInfo,399,raw/996726/responses/0006_8ec0980f7356.json
996726,7,POST,200,Fetch,https://m.ctrip.com/restapi/soa2/35021/getHotelRoomPopInfoPCOnline,394,raw/996726/responses/0007_a399d40fcb64.json
996727,1,POST,200,Fetch,https://m.ctrip.com/restapi/soa2/33278/getDetailAdditionalInfo,20059,raw/996727/responses/0001_cfd279648041.json
996727,2,POST,200,Fetch,https://m.ctrip.com/restapi/soa2/10182/GetAvailablePoints?_fxpcqlniredt=09031109115864990735&x-traceID=09031109115864990735-1788165126279-1484044,463,raw/996727/responses/0002_ce183aff5516.json
996727,3,POST,200,Fetch,https://m.ctrip.com/restapi/soa2/28820/ctgethotelalbum,443570,raw/996727/responses/0003_b0749e138db6.json
996727,4,POST,200,Fetch,https://m.ctrip.com/restapi/soa2/34308/getHotelCommentInfo,67795,raw/996727/responses/0004_f4484678b221.json
996727,5,POST,200,Fetch,https://m.ctrip.com/restapi/soa2/28820/ctGetNearbyHotelList,136087,raw/996727/responses/0005_1e2127aae2e6.json
996727,6,POST,200,Fetch,https://m.ctrip.com/restapi/soa2/33278/getHotelRoomListInland,3232089,raw/996727/responses/0006_b404bd1188b5.json
996730,1,POST,200,Fetch,https://m.ctrip.com/restapi/soa2/10182/GetAvailablePoints?_fxpcqlniredt=09031109115864990735&x-traceID=09031109115864990735-1788256971702-4574395,462,raw/996730/responses/0001_185696493e1f.json
996730,2,POST,200,Fetch,https://m.ctrip.com/restapi/soa2/34308/getHotelCommentInfo,397,raw/996730/responses/0002_e5cdff472821.json
996730,3,POST,200,Fetch,https://m.ctrip.com/restapi/soa2/28820/ctGetNearbyHotelList,376,raw/996730/responses/0003_6558381281e0.json
996730,4,POST,200,Fetch,https://m.ctrip.com/restapi/soa2/33278/getHotelRoomListInland,406,raw/996730/responses/0004_4484b63447e6.json
996730,5,POST,200,Fetch,https://m.ctrip.com/restapi/soa2/33278/getDetailAdditionalInfo,19855,raw/996730/responses/0005_1139d80bc75b.json
996730,6,POST,200,Fetch,https://m.ctrip.com/restapi/soa2/28820/ctgethotelalbum,413779,raw/996730/responses/0006_b034201a0549.json
996730,7,POST,200,Fetch,https://m.ctrip.com/restapi/soa2/35021/getHotelRoomPopInfoPCOnline,392,raw/996730/responses/0007_a399d40fcb64.json
996732,1,POST,200,Fetch,https://m.ctrip.com/restapi/soa2/10182/GetAvailablePoints?_fxpcqlniredt=09031109115864990735&x-traceID=09031109115864990735-1788255134448-4642734,463,raw/996732/responses/0001_b1d529565a77.json
996732,2,POST,200,Fetch,https://m.ctrip.com/restapi/soa2/34308/getHotelCommentInfo,399,raw/996732/responses/0002_e5cdff472821.json
996732,3,POST,200,Fetch,https://m.ctrip.com/restapi/soa2/33278/getDetailAdditionalInfo,20130,raw/996732/responses/0003_9a699f28ead6.json
996732,4,POST,200,Fetch,https://m.ctrip.com/restapi/soa2/28820/ctgethotelalbum,322329,raw/996732/responses/0004_65975e8ff220.json
996732,5,POST,200,Fetch,https://m.ctrip.com/restapi/soa2/33278/getHotelRoomListInland,408,raw/996732/responses/0005_126ff2c3c3c2.json
996732,6,POST,200,Fetch,https://m.ctrip.com/restapi/soa2/28820/ctGetNearbyHotelList,378,raw/996732/responses/0006_9a431dd78faa.json
996732,7,POST,200,Fetch,https://m.ctrip.com/restapi/soa2/35021/getHotelRoomPopInfoPCOnline,394,raw/996732/responses/0007_a399d40fcb64.json
996735,1,POST,200,Fetch,https://m.ctrip.com/restapi/soa2/10182/GetAvailablePoints?_fxpcqlniredt=09031109115864990735&x-traceID=09031109115864990735-1788512686929-4172264,462,raw/996735/responses/0001_0ada7c4a8778.json
996735,2,POST,200,Fetch,https://m.ctrip.com/restapi/soa2/34308/getHotelCommentInfo,397,raw/996735/responses/0002_e5cdff472821.json
996735,3,POST,200,Fetch,https://m.ctrip.com/restapi/soa2/28820/ctgethotelalbum,292496,raw/996735/responses/0003_b0749e138db6.json
996735,4,POST,200,Fetch,https://m.ctrip.com/restapi/soa2/33278/getDetailAdditionalInfo,20673,raw/996735/responses/0004_c37be698535c.json
996735,5,POST,200,Fetch,https://m.ctrip.com/restapi/soa2/33278/getHotelRoomListInland,406,raw/996735/responses/0005_126ff2c3c3c2.json
996735,6,POST,200,Fetch,https://m.ctrip.com/restapi/soa2/28820/ctGetNearbyHotelList,376,raw/996735/responses/0006_9a431dd78faa.json
996735,7,POST,200,Fetch,https://m.ctrip.com/restapi/soa2/35021/getHotelRoomPopInfoPCOnline,392,raw/996735/responses/0007_a399d40fcb64.json
996737,1,POST,200,Fetch,https://m.ctrip.com/restapi/soa2/10182/GetAvailablePoints?_fxpcqlniredt=09031109115864990735&x-traceID=09031109115864990735-1788256485528-5283923,463,raw/996737/responses/0001_9938d74e5a08.json
996737,2,POST,200,Fetch,https://m.ctrip.com/restapi/soa2/33278/getHotelRoomListInland,408,raw/996737/responses/0002_e41e460f95a3.json
996737,3,POST,200,Fetch,https://m.ctrip.com/restapi/soa2/34308/getHotelCommentInfo,399,raw/996737/responses/0003_8a41a2728111.json
996737,4,POST,200,Fetch,https://m.ctrip.com/restapi/soa2/28820/ctGetNearbyHotelList,378,raw/996737/responses/0004_b9f75dd5f3db.json
996737,5,POST,200,Fetch,https://m.ctrip.com/restapi/soa2/33278/getDetailAdditionalInfo,20332,raw/996737/responses/0005_1139d80bc75b.json
996737,6,POST,200,Fetch,https://m.ctrip.com/restapi/soa2/28820/ctgethotelalbum,272437,raw/996737/responses/0006_b034201a0549.json
996737,7,POST,200,Fetch,https://m.ctrip.com/restapi/soa2/35021/getHotelRoomPopInfoPCOnline,394,raw/996737/responses/0007_a399d40fcb64.json
996738,1,POST,200,Fetch,https://m.ctrip.com/restapi/soa2/10182/GetAvailablePoints?_fxpcqlniredt=09031109115864990735&x-traceID=09031109115864990735-1788166718113-2012444,463,raw/996738/responses/0001_93687378399a.json
996741,1,POST,200,Fetch,https://m.ctrip.com/restapi/soa2/10182/GetAvailablePoints?_fxpcqlniredt=09031109115864990735&x-traceID=09031109115864990735-1788257097902-928229,462,raw/996741/responses/0001_756bcf7426f0.json
996741,2,POST,200,Fetch,https://m.ctrip.com/restapi/soa2/34308/getHotelCommentInfo,397,raw/996741/responses/0002_e5cdff472821.json
996741,3,POST,200,Fetch,https://m.ctrip.com/restapi/soa2/33278/getDetailAdditionalInfo,20282,raw/996741/responses/0003_9a699f28ead6.json
996741,4,POST,200,Fetch,https://m.ctrip.com/restapi/soa2/33278/getHotelRoomListInland,406,raw/996741/responses/0004_4484b63447e6.json
996741,5,POST,200,Fetch,https://m.ctrip.com/restapi/soa2/28820/ctgethotelalbum,291421,raw/996741/responses/0005_0ef9cbf89082.json
996741,6,POST,200,Fetch,https://m.ctrip.com/restapi/soa2/28820/ctGetNearbyHotelList,376,raw/996741/responses/0006_9a431dd78faa.json
996741,7,POST,200,Fetch,https://m.ctrip.com/restapi/soa2/35021/getHotelRoomPopInfoPCOnline,392,raw/996741/responses/0007_a399d40fcb64.json
996747,1,POST,200,Fetch,https://m.ctrip.com/restapi/soa2/10182/GetAvailablePoints?_fxpcqlniredt=09031109115864990735&x-traceID=09031109115864990735-1788236318083-2707728,463,raw/996747/responses/0001_0f3ce1d248df.json
996747,2,POST,200,Fetch,https://m.ctrip.com/restapi/soa2/34308/getHotelCommentInfo,399,raw/996747/responses/0002_e5cdff472821.json
996747,3,POST,200,Fetch,https://m.ctrip.com/restapi/soa2/33278/getHotelRoomListInland,408,raw/996747/responses/0003_20a6b1dba238.json
996747,4,POST,200,Fetch,https://m.ctrip.com/restapi/soa2/28820/ctGetNearbyHotelList,378,raw/996747/responses/0004_b9f75dd5f3db.json
996747,5,POST,200,Fetch,https://m.ctrip.com/restapi/soa2/33278/getDetailAdditionalInfo,20299,raw/996747/responses/0005_1139d80bc75b.json
996747,6,POST,200,Fetch,https://m.ctrip.com/restapi/soa2/28820/ctgethotelalbum,175248,raw/996747/responses/0006_b034201a0549.json
996747,7,POST,200,Fetch,https://m.ctrip.com/restapi/soa2/35021/getHotelRoomPopInfoPCOnline,394,raw/996747/responses/0007_a399d40fcb64.json
996749,1,POST,200,Fetch,https://m.ctrip.com/restapi/soa2/10182/GetAvailablePoints?_fxpcqlniredt=09031109115864990735&x-traceID=09031109115864990735-1788163876840-564781,462,raw/996749/responses/0001_a9de308bdd22.json
996749,2,POST,200,Fetch,https://m.ctrip.com/restapi/soa2/33278/getDetailAdditionalInfo,20989,raw/996749/responses/0002_0f6525cc02a9.json
996749,3,POST,200,Fetch,https://m.ctrip.com/restapi/soa2/28820/ctgethotelalbum,360127,raw/996749/responses/0003_b0749e138db6.json
996749,4,POST,200,Fetch,https://m.ctrip.com/restapi/soa2/33278/getHotelRoomListInland,224904,raw/996749/responses/0004_4484b63447e6.json
996749,5,POST,200,Fetch,https://m.ctrip.com/restapi/soa2/34308/getHotelCommentInfo,45639,raw/996749/responses/0005_741564f8da4e.json
996749,6,POST,200,Fetch,https://m.ctrip.com/restapi/soa2/28820/ctGetNearbyHotelList,136301,raw/996749/responses/0006_9a431dd78faa.json
996749,7,POST,200,Fetch,https://m.ctrip.com/restapi/soa2/35021/getHotelRoomPopInfoPCOnline,252442,raw/996749/responses/0007_a399d40fcb64.json
996751,1,POST,200,Fetch,https://m.ctrip.com/restapi/soa2/10182/GetAvailablePoints?_fxpcqlniredt=09031109115864990735&x-traceID=09031109115864990735-1788237222007-2719945,463,raw/996751/responses/0001_3ff03f57260e.json
996751,2,POST,200,Fetch,https://m.ctrip.com/restapi/soa2/34308/getHotelCommentInfo,399,raw/996751/responses/0002_e5cdff472821.json
996751,3,POST,200,Fetch,https://m.ctrip.com/restapi/soa2/33278/getDetailAdditionalInfo,20500,raw/996751/responses/0003_9a699f28ead6.json
996751,4,POST,200,Fetch,https://m.ctrip.com/restapi/soa2/28820/ctGetNearbyHotelList,378,raw/996751/responses/0004_b9f75dd5f3db.json
996751,5,POST,200,Fetch,https://m.ctrip.com/restapi/soa2/33278/getHotelRoomListInland,408,raw/996751/responses/0005_126ff2c3c3c2.json
996751,6,POST,200,Fetch,https://m.ctrip.com/restapi/soa2/28820/ctgethotelalbum,323219,raw/996751/responses/0006_b034201a0549.json
996751,7,POST,200,Fetch,https://m.ctrip.com/restapi/soa2/35021/getHotelRoomPopInfoPCOnline,394,raw/996751/responses/0007_a399d40fcb64.json
996754,1,POST,200,Fetch,https://m.ctrip.com/restapi/soa2/10182/GetAvailablePoints?_fxpcqlniredt=09031109115864990735&x-traceID=09031109115864990735-1788513174945-1479036,462,raw/996754/responses/0001_c538666c8b71.json
996754,2,POST,200,Fetch,https://m.ctrip.com/restapi/soa2/33278/getDetailAdditionalInfo,20480,raw/996754/responses/0002_0f6525cc02a9.json
996754,3,POST,200,Fetch,https://m.ctrip.com/restapi/soa2/34308/getHotelCommentInfo,399,raw/996754/responses/0003_8a41a2728111.json
996754,4,POST,200,Fetch,https://m.ctrip.com/restapi/soa2/28820/ctGetNearbyHotelList,376,raw/996754/responses/0004_b9f75dd5f3db.json
996754,5,POST,200,Fetch,https://m.ctrip.com/restapi/soa2/28820/ctgethotelalbum,270039,raw/996754/responses/0005_0ef9cbf89082.json
996754,6,POST,200,Fetch,https://m.ctrip.com/restapi/soa2/33278/getHotelRoomListInland,406,raw/996754/responses/0006_b404bd1188b5.json
996754,7,POST,200,Fetch,https://m.ctrip.com/restapi/soa2/35021/getHotelRoomPopInfoPCOnline,392,raw/996754/responses/0007_a399d40fcb64.json
996755,1,POST,200,Fetch,https://m.ctrip.com/restapi/soa2/10182/GetAvailablePoints?_fxpcqlniredt=09031109115864990735&x-traceID=09031109115864990735-1788511601836-3843879,463,raw/996755/responses/0001_e404f158de42.json
996755,2,POST,200,Fetch,https://m.ctrip.com/restapi/soa2/34308/getHotelCommentInfo,399,raw/996755/responses/0002_e5cdff472821.json
996755,3,POST,200,Fetch,https://m.ctrip.com/restapi/soa2/33278/getDetailAdditionalInfo,20663,raw/996755/responses/0003_9a699f28ead6.json
996755,4,POST,200,Fetch,https://m.ctrip.com/restapi/soa2/28820/ctgethotelalbum,260945,raw/996755/responses/0004_65975e8ff220.json
996755,5,POST,200,Fetch,https://m.ctrip.com/restapi/soa2/28820/ctGetNearbyHotelList,378,raw/996755/responses/0005_1e2127aae2e6.json
996755,6,POST,200,Fetch,https://m.ctrip.com/restapi/soa2/33278/getHotelRoomListInland,408,raw/996755/responses/0006_b404bd1188b5.json
996755,7,POST,200,Fetch,https://m.ctrip.com/restapi/soa2/35021/getHotelRoomPopInfoPCOnline,394,raw/996755/responses/0007_a399d40fcb64.json
996756,1,POST,200,Fetch,https://m.ctrip.com/restapi/soa2/10182/GetAvailablePoints?_fxpcqlniredt=09031109115864990735&x-traceID=09031109115864990735-1788255362654-45370,463,raw/996756/responses/0001_eee35ace5584.json
996756,2,POST,200,Fetch,https://m.ctrip.com/restapi/soa2/34308/getHotelCommentInfo,399,raw/996756/responses/0002_e5cdff472821.json
996756,3,POST,200,Fetch,https://m.ctrip.com/restapi/soa2/33278/getDetailAdditionalInfo,19928,raw/996756/responses/0003_9a699f28ead6.json
996756,4,POST,200,Fetch,https://m.ctrip.com/restapi/soa2/28820/ctgethotelalbum,283538,raw/996756/responses/0004_65975e8ff220.json
996756,5,POST,200,Fetch,https://m.ctrip.com/restapi/soa2/33278/getHotelRoomListInland,408,raw/996756/responses/0005_126ff2c3c3c2.json
996756,6,POST,200,Fetch,https://m.ctrip.com/restapi/soa2/28820/ctGetNearbyHotelList,378,raw/996756/responses/0006_9a431dd78faa.json
996756,7,POST,200,Fetch,https://m.ctrip.com/restapi/soa2/35021/getHotelRoomPopInfoPCOnline,394,raw/996756/responses/0007_a399d40fcb64.json
996757,1,POST,200,Fetch,https://m.ctrip.com/restapi/soa2/10182/GetAvailablePoints?_fxpcqlniredt=09031109115864990735&x-traceID=09031109115864990735-1788165600869-9801686,462,raw/996757/responses/0001_c4dfa1c85da7.json
996757,2,POST,200,Fetch,https://m.ctrip.com/restapi/soa2/33278/getDetailAdditionalInfo,20183,raw/996757/responses/0002_0f6525cc02a9.json
996757,3,POST,200,Fetch,https://m.ctrip.com/restapi/soa2/28820/ctgethotelalbum,397945,raw/996757/responses/0003_b0749e138db6.json
996757,4,POST,200,Fetch,https://m.ctrip.com/restapi/soa2/34308/getHotelCommentInfo,68282,raw/996757/responses/0004_f4484678b221.json
996757,5,POST,200,Fetch,https://m.ctrip.com/restapi/soa2/33278/getHotelRoomListInland,912754,raw/996757/responses/0005_126ff2c3c3c2.json
996757,6,POST,200,Fetch,https://m.ctrip.com/restapi/soa2/28820/ctGetNearbyHotelList,133908,raw/996757/responses/0006_9a431dd78faa.json
996757,7,POST,200,Fetch,https://m.ctrip.com/restapi/soa2/35021/getHotelRoomPopInfoPCOnline,1001236,raw/996757/responses/0007_a399d40fcb64.json
996761,1,POST,200,Fetch,https://m.ctrip.com/restapi/soa2/10182/GetAvailablePoints?_fxpcqlniredt=09031109115864990735&x-traceID=09031109115864990735-1788235743316-9354762,462,raw/996761/responses/0001_64039cea10a9.json
996761,2,POST,200,Fetch,https://m.ctrip.com/restapi/soa2/34308/getHotelCommentInfo,397,raw/996761/responses/0002_e5cdff472821.json
996761,3,POST,200,Fetch,https://m.ctrip.com/restapi/soa2/33278/getDetailAdditionalInfo,20335,raw/996761/responses/0003_9a699f28ead6.json
996761,4,POST,200,Fetch,https://m.ctrip.com/restapi/soa2/33278/getHotelRoomListInland,406,raw/996761/responses/0004_4484b63447e6.json
996761,5,POST,200,Fetch,https://m.ctrip.com/restapi/soa2/28820/ctGetNearbyHotelList,376,raw/996761/responses/0005_1e2127aae2e6.json
996761,6,POST,200,Fetch,https://m.ctrip.com/restapi/soa2/28820/ctgethotelalbum,164520,raw/996761/responses/0006_b034201a0549.json
996761,7,POST,200,Fetch,https://m.ctrip.com/restapi/soa2/35021/getHotelRoomPopInfoPCOnline,392,raw/996761/responses/0007_a399d40fcb64.json
996764,1,POST,200,Fetch,https://m.ctrip.com/restapi/soa2/10182/GetAvailablePoints?_fxpcqlniredt=09031109115864990735&x-traceID=09031109115864990735-1788512468389-998366,461,raw/996764/responses/0001_dd808a6dd5a3.json
996764,2,POST,200,Fetch,https://m.ctrip.com/restapi/soa2/34308/getHotelCommentInfo,395,raw/996764/responses/0002_e5cdff472821.json
996764,3,POST,200,Fetch,https://m.ctrip.com/restapi/soa2/33278/getDetailAdditionalInfo,20383,raw/996764/responses/0003_9a699f28ead6.json
996764,4,POST,200,Fetch,https://m.ctrip.com/restapi/soa2/33278/getHotelRoomListInland,404,raw/996764/responses/0004_4484b63447e6.json
996764,5,POST,200,Fetch,https://m.ctrip.com/restapi/soa2/28820/ctGetNearbyHotelList,376,raw/996764/responses/0005_1e2127aae2e6.json
996764,6,POST,200,Fetch,https://m.ctrip.com/restapi/soa2/28820/ctgethotelalbum,312930,raw/996764/responses/0006_b034201a0549.json
996764,7,POST,200,Fetch,https://m.ctrip.com/restapi/soa2/35021/getHotelRoomPopInfoPCOnline,390,raw/996764/responses/0007_a399d40fcb64.json
996765,1,POST,200,Fetch,https://m.ctrip.com/restapi/soa2/10182/GetAvailablePoints?_fxpcqlniredt=09031109115864990735&x-traceID=09031109115864990735-1788255118054-383622,463,raw/996765/responses/0001_eb9ded9afb77.json
996765,2,POST,200,Fetch,https://m.ctrip.com/restapi/soa2/34308/getHotelCommentInfo,399,raw/996765/responses/0002_e5cdff472821.json
996765,3,POST,200,Fetch,https://m.ctrip.com/restapi/soa2/28820/ctgethotelalbum,221956,raw/996765/responses/0003_b0749e138db6.json
996765,4,POST,200,Fetch,https://m.ctrip.com/restapi/soa2/33278/getDetailAdditionalInfo,20481,raw/996765/responses/0004_c37be698535c.json
996765,5,POST,200,Fetch,https://m.ctrip.com/restapi/soa2/28820/ctGetNearbyHotelList,378,raw/996765/responses/0005_1e2127aae2e6.json
996765,6,POST,200,Fetch,https://m.ctrip.com/restapi/soa2/33278/getHotelRoomListInland,408,raw/996765/responses/0006_b404bd1188b5.json
996765,7,POST,200,Fetch,https://m.ctrip.com/restapi/soa2/35021/getHotelRoomPopInfoPCOnline,394,raw/996765/responses/0007_a399d40fcb64.json
996775,1,POST,200,Fetch,https://m.ctrip.com/restapi/soa2/10182/GetAvailablePoints?_fxpcqlniredt=09031109115864990735&x-traceID=09031109115864990735-1788256809881-2310139,460,raw/996775/responses/0001_4088de40da69.json
996775,2,POST,200,Fetch,https://m.ctrip.com/restapi/soa2/34308/getHotelCommentInfo,395,raw/996775/responses/0002_e5cdff472821.json
996775,3,POST,200,Fetch,https://m.ctrip.com/restapi/soa2/28820/ctGetNearbyHotelList,374,raw/996775/responses/0003_6558381281e0.json
996775,4,POST,200,Fetch,https://m.ctrip.com/restapi/soa2/33278/getHotelRoomListInland,404,raw/996775/responses/0004_4484b63447e6.json
996775,5,POST,200,Fetch,https://m.ctrip.com/restapi/soa2/33278/getDetailAdditionalInfo,20863,raw/996775/responses/0005_1139d80bc75b.json
996775,6,POST,200,Fetch,https://m.ctrip.com/restapi/soa2/28820/ctgethotelalbum,406048,raw/996775/responses/0006_b034201a0549.json
996775,7,POST,200,Fetch,https://m.ctrip.com/restapi/soa2/35021/getHotelRoomPopInfoPCOnline,390,raw/996775/responses/0007_a399d40fcb64.json
99770356,1,POST,200,Fetch,https://m.ctrip.com/restapi/soa2/10182/GetAvailablePoints?_fxpcqlniredt=09031109115864990735&x-traceID=09031109115864990735-1788165927552-7548049,463,raw/99770356/responses/0001_1d1f468c3ec2.json
998383,1,POST,200,Fetch,https://m.ctrip.com/restapi/soa2/10182/GetAvailablePoints?_fxpcqlniredt=09031109115864990735&x-traceID=09031109115864990735-1788235490889-536071,461,raw/998383/responses/0001_ad00d859b04c.json
998383,2,POST,200,Fetch,https://m.ctrip.com/restapi/soa2/34308/getHotelCommentInfo,397,raw/998383/responses/0002_e5cdff472821.json
998383,3,POST,200,Fetch,https://m.ctrip.com/restapi/soa2/28820/ctgethotelalbum,298678,raw/998383/responses/0003_b0749e138db6.json
998383,4,POST,200,Fetch,https://m.ctrip.com/restapi/soa2/33278/getDetailAdditionalInfo,19926,raw/998383/responses/0004_c37be698535c.json
998383,5,POST,200,Fetch,https://m.ctrip.com/restapi/soa2/28820/ctGetNearbyHotelList,376,raw/998383/responses/0005_1e2127aae2e6.json
998383,6,POST,200,Fetch,https://m.ctrip.com/restapi/soa2/33278/getHotelRoomListInland,406,raw/998383/responses/0006_b404bd1188b5.json
998383,7,POST,200,Fetch,https://m.ctrip.com/restapi/soa2/35021/getHotelRoomPopInfoPCOnline,392,raw/998383/responses/0007_a399d40fcb64.json
999923,1,POST,200,Fetch,https://m.ctrip.com/restapi/soa2/33278/getDetailAdditionalInfo,20650,raw/999923/responses/0001_cfd279648041.json
999923,2,POST,200,Fetch,https://m.ctrip.com/restapi/soa2/34308/getHotelCommentInfo,58662,raw/999923/responses/0002_e5cdff472821.json
999923,3,POST,200,Fetch,https://m.ctrip.com/restapi/soa2/28820/ctgethotelalbum,251833,raw/999923/responses/0003_b0749e138db6.json
999923,4,POST,200,Fetch,https://m.ctrip.com/restapi/soa2/10182/GetAvailablePoints?_fxpcqlniredt=09031109115864990735&x-traceID=09031109115864990735-1788164622970-4424777,463,raw/999923/responses/0004_22fff71ab97a.json
999923,5,POST,200,Fetch,https://m.ctrip.com/restapi/soa2/33278/getHotelRoomListInland,2063919,raw/999923/responses/0005_126ff2c3c3c2.json
999923,6,POST,200,Fetch,https://m.ctrip.com/restapi/soa2/28820/ctGetNearbyHotelList,132756,raw/999923/responses/0006_9a431dd78faa.json
999923,7,POST,200,Fetch,https://m.ctrip.com/restapi/soa2/35021/getHotelRoomPopInfoPCOnline,3032075,raw/999923/responses/0007_a399d40fcb64.json
