{"type":"FeatureCollection","name":"泰国_ADM2_县区边界","crs":{"type":"name","properties":{"name":"urn:ogc:def:crs:OGC:1.3:CRS84"}},"features":[{"type":"Feature","id":"TH4711","properties":{"国家代码":"TH","行政层级":2,"行政层级中文":"县/曼谷区","行政区代码":"4711","上级行政区代码":"47","中文名称":"阿甲安内县","泰文名称":"อากาศอำนวย","英文名称":"Akat Amnuai","中文显示名":"阿甲安内县","中文名状态":"Wikidata已有中文名","边界状态":"可绘制","边界文件":"泰国_ADM2_县区边界.geojson","边界要素ID":"TH4711","边界坐标系":"WGS84 / EPSG:4326","边界数据时点":"2019-02-21","Google原生边界支持":"泰国不支持ADM2","Google地图绘制方式":"加载本GeoJSON到Google Maps Data图层","边界来源":"RTSD/OCHA衍生简化边界（canonical package）"},"geometry":{"type":"Polygon","coordinates":[[[104.01223071700008,17.810801542000036],[103.97886816600004,17.770975194000073],[103.91813412300007,17.82228226600006],[103.89959161900003,17.732769664000045],[103.89385127600008,17.58119840200004],[103.94454134100005,17.542759627000066],[103.87612133300007,17.46523127300003],[104.01574161500008,17.46211291900005],[104.07114564800008,17.65158096400006],[104.06658163400004,17.740210094000076],[104.01223071700008,17.810801542000036]]]}},{"type":"Feature","id":"TH7503","properties":{"国家代码":"TH","行政层级":2,"行政层级中文":"县/曼谷区","行政区代码":"7503","上级行政区代码":"75","中文名称":"红涂我县","泰文名称":"อัมพวา","英文名称":"Amphawa","中文显示名":"红涂我县","中文名状态":"Wikidata已有中文名","边界状态":"可绘制","边界文件":"泰国_ADM2_县区边界.geojson","边界要素ID":"TH7503","边界坐标系":"WGS84 / EPSG:4326","边界数据时点":"2019-02-21","Google原生边界支持":"泰国不支持ADM2","Google地图绘制方式":"加载本GeoJSON到Google Maps Data图层","边界来源":"RTSD/OCHA衍生简化边界（canonical package）"},"geometry":{"type":"Polygon","coordinates":[[[100.01435767500004,13.477550037000071],[99.89091936900007,13.449203085000022],[99.88368261600004,13.416274197000064],[99.85595101000007,13.329181510000069],[99.88375008100007,13.246462721000057],[99.93119533600009,13.283808055000065],[99.94708948500005,13.403617197000074],[100.01435767500004,13.477550037000071]]]}},{"type":"Feature","id":"TH8105","properties":{"国家代码":"TH","行政层级":2,"行政层级中文":"县/曼谷区","行政区代码":"8105","上级行政区代码":"81","中文名称":"奥律县","泰文名称":"อ่าวลึก","英文名称":"Ao Luek","中文显示名":"奥律县","中文名状态":"Wikidata已有中文名","边界状态":"可绘制","边界文件":"泰国_ADM2_县区边界.geojson","边界要素ID":"TH8105","边界坐标系":"WGS84 / EPSG:4326","边界数据时点":"2019-02-21","Google原生边界支持":"泰国不支持ADM2","Google地图绘制方式":"加载本GeoJSON到Google Maps Data图层","边界来源":"RTSD/OCHA衍生简化边界（canonical package）"},"geometry":{"type":"Polygon","coordinates":[[[98.92647770100007,8.448157007000077],[98.88534343200007,8.420642877000034],[98.75591695500003,8.454553461000046],[98.76660904600004,8.536552337000046],[98.68224796700008,8.550857716000053],[98.63543150500004,8.375372567000056],[98.62753469100005,8.283224851000057],[98.71089731100005,8.313377441000057],[98.72577965800008,8.246734493000076],[98.90758195400008,8.293604791000064],[98.92647770100007,8.448157007000077]]]}},{"type":"Feature","id":"TH2706","properties":{"国家代码":"TH","行政层级":2,"行政层级中文":"县/曼谷区","行政区代码":"2706","上级行政区代码":"27","中文名称":"阿兰亚帕贴县","泰文名称":"อรัญประเทศ","英文名称":"Aranyaprathet","中文显示名":"阿兰亚帕贴县","中文名状态":"Wikidata已有中文名","边界状态":"可绘制","边界文件":"泰国_ADM2_县区边界.geojson","边界要素ID":"TH2706","边界坐标系":"WGS84 / EPSG:4326","边界数据时点":"2019-02-21","Google原生边界支持":"泰国不支持ADM2","Google地图绘制方式":"加载本GeoJSON到Google Maps Data图层","边界来源":"RTSD/OCHA衍生简化边界（canonical package）"},"geometry":{"type":"Polygon","coordinates":[[[102.53561054700003,13.853028958000039],[102.44400340100003,13.86812389000005],[102.39467744700005,13.80227334500006],[102.46003321900008,13.733182885000076],[102.33526487200004,13.642002310000066],[102.30701802900006,13.476952557000061],[102.35899510400009,13.481447703000072],[102.36507573900008,13.577603965000037],[102.53702942600006,13.56619747600007],[102.62188793000007,13.612724162000063],[102.55031327200004,13.65830605900004],[102.65559819200007,13.736479140000029],[102.53561054700003,13.853028958000039]]]}},{"type":"Feature","id":"TH4514","properties":{"国家代码":"TH","行政层级":2,"行政层级中文":"县/曼谷区","行政区代码":"4514","上级行政区代码":"45","中文名称":"阿沙玛县","泰文名称":"อาจสามารถ","英文名称":"At Samat","中文显示名":"阿沙玛县","中文名状态":"Wikidata已有中文名","边界状态":"可绘制","边界文件":"泰国_ADM2_县区边界.geojson","边界要素ID":"TH4514","边界坐标系":"WGS84 / EPSG:4326","边界数据时点":"2019-02-21","Google原生边界支持":"泰国不支持ADM2","Google地图绘制方式":"加载本GeoJSON到Google Maps Data图层","边界来源":"RTSD/OCHA衍生简化边界（canonical package）"},"geometry":{"type":"Polygon","coordinates":[[[103.89987573600007,15.938823669000044],[103.82009049800007,15.925017620000062],[103.72248743500006,15.915368966000074],[103.69685348500008,15.863869069000032],[103.85188170800006,15.778211928000076],[103.94281007700005,15.70509194400006],[103.99200524500009,15.810371349000036],[103.89987573600007,15.938823669000044]]]}},{"type":"Feature","id":"TH9603","properties":{"国家代码":"TH","行政层级":2,"行政层级中文":"县/曼谷区","行政区代码":"9603","上级行政区代码":"96","中文名称":"巴城县","泰文名称":"บาเจาะ","英文名称":"Tak Bai","中文显示名":"巴城县","中文名状态":"Wikidata已有中文名","边界状态":"可绘制","边界文件":"泰国_ADM2_县区边界.geojson","边界要素ID":"TH9603","边界坐标系":"WGS84 / EPSG:4326","边界数据时点":"2019-02-21","Google原生边界支持":"泰国不支持ADM2","Google地图绘制方式":"加载本GeoJSON到Google Maps Data图层","边界来源":"RTSD/OCHA衍生简化边界（canonical package）"},"geometry":{"type":"Polygon","coordinates":[[[101.70931256500006,6.568903285000033],[101.63140115900006,6.635138712000071],[101.58668031700006,6.626373642000033],[101.59243153100005,6.56560236200005],[101.59076258800008,6.512082323000072],[101.63634355600004,6.472036279000065],[101.71593086700005,6.4999496260000456],[101.70931256500006,6.568903285000033]]]}},{"type":"Feature","id":"TH3607","properties":{"国家代码":"TH","行政层级":2,"行政层级中文":"县/曼谷区","行政区代码":"3607","上级行政区代码":"36","中文名称":"班内那隆县","泰文名称":"บำเหน็จณรงค์","英文名称":"Bamnet Narong","中文显示名":"班内那隆县","中文名状态":"Wikidata已有中文名","边界状态":"可绘制","边界文件":"泰国_ADM2_县区边界.geojson","边界要素ID":"TH3607","边界坐标系":"WGS84 / EPSG:4326","边界数据时点":"2019-02-21","Google原生边界支持":"泰国不支持ADM2","Google地图绘制方式":"加载本GeoJSON到Google Maps Data图层","边界来源":"RTSD/OCHA衍生简化边界（canonical package）"},"geometry":{"type":"Polygon","coordinates":[[[101.73052194800005,15.537338590000047],[101.53877594400007,15.566979318000051],[101.50376457200008,15.517433574000052],[101.58304557900004,15.407554236000067],[101.54318008600006,15.402361373000076],[101.56605521700004,15.37196061800006],[101.65466020200006,15.40033872600003],[101.77858154800003,15.383981149000022],[101.80226731700009,15.420457437000039],[101.73052194800005,15.537338590000047]]]}},{"type":"Feature","id":"TH2002","properties":{"国家代码":"TH","行政层级":2,"行政层级中文":"县/曼谷区","行政区代码":"2002","上级行政区代码":"20","中文名称":"班邦县","泰文名称":"บ้านบึง","英文名称":"Ban Bueng","中文显示名":"班邦县","中文名状态":"Wikidata已有中文名","边界状态":"可绘制","边界文件":"泰国_ADM2_县区边界.geojson","边界要素ID":"TH2002","边界坐标系":"WGS84 / EPSG:4326","边界数据时点":"2019-02-21","Google原生边界支持":"泰国不支持ADM2","Google地图绘制方式":"加载本GeoJSON到Google Maps Data图层","边界来源":"RTSD/OCHA衍生简化边界（canonical package）"},"geometry":{"type":"Polygon","coordinates":[[[101.13565825500007,13.376050168000063],[101.06412104800006,13.390018184000041],[101.05211351500009,13.269368701000076],[101.07057235100007,13.202545649000058],[101.21979780700008,13.092171929000074],[101.25779144200004,13.184296569000026],[101.30239429000005,13.187094754000043],[101.31788196400004,13.282152832000065],[101.26677474600007,13.313830061000033],[101.13565825500007,13.376050168000063]]]}},{"type":"Feature","id":"TH2102","properties":{"国家代码":"TH","行政层级":2,"行政层级中文":"县/曼谷区","行政区代码":"2102","上级行政区代码":"21","中文名称":"班昌县","泰文名称":"บ้านฉาง","英文名称":"Ban Chang","中文显示名":"班昌县","中文名状态":"Wikidata已有中文名","边界状态":"可绘制","边界文件":"泰国_ADM2_县区边界.geojson","边界要素ID":"TH2102","边界坐标系":"WGS84 / EPSG:4326","边界数据时点":"2019-02-21","Google原生边界支持":"泰国不支持ADM2","Google地图绘制方式":"加载本GeoJSON到Google Maps Data图层","边界来源":"RTSD/OCHA衍生简化边界（canonical package）"},"geometry":{"type":"Polygon","coordinates":[[[101.09415460400004,12.804274004000035],[101.05001184200006,12.815118239000071],[101.01197620000005,12.767614373000072],[100.99225785100003,12.656245697000031],[101.09742720300005,12.678038595000032],[101.09415460400004,12.804274004000035]]]}},{"type":"Feature","id":"TH3121","properties":{"国家代码":"TH","行政层级":2,"行政层级中文":"县/曼谷区","行政区代码":"3121","上级行政区代码":"31","中文名称":"班丹县","泰文名称":"บ้านด่าน","英文名称":"Ban Dan","中文显示名":"班丹县","中文名状态":"Wikidata已有中文名","边界状态":"可绘制","边界文件":"泰国_ADM2_县区边界.geojson","边界要素ID":"TH3121","边界坐标系":"WGS84 / EPSG:4326","边界数据时点":"2019-02-21","Google原生边界支持":"泰国不支持ADM2","Google地图绘制方式":"加载本GeoJSON到Google Maps Data图层","边界来源":"RTSD/OCHA衍生简化边界（canonical package）"},"geometry":{"type":"Polygon","coordinates":[[[103.25498039000007,15.111030182000036],[103.17728113600003,15.172411400000044],[103.15558122200008,15.236608938000074],[103.13448143100004,15.239637431000062],[103.12904484800004,15.137878424000064],[103.13367889000006,15.077079539000067],[103.19400472500007,15.049938473000054],[103.24540542700004,15.038402154000039],[103.25498039000007,15.111030182000036]]]}},{"type":"Feature","id":"TH6402","properties":{"国家代码":"TH","行政层级":2,"行政层级中文":"县/曼谷区","行政区代码":"6402","上级行政区代码":"64","中文名称":"班丹兰会县","泰文名称":"บ้านด่านลานหอย","英文名称":"Ban Dan Lan Hoi","中文显示名":"班丹兰会县","中文名状态":"Wikidata已有中文名","边界状态":"可绘制","边界文件":"泰国_ADM2_县区边界.geojson","边界要素ID":"TH6402","边界坐标系":"WGS84 / EPSG:4326","边界数据时点":"2019-02-21","Google原生边界支持":"泰国不支持ADM2","Google地图绘制方式":"加载本GeoJSON到Google Maps Data图层","边界来源":"RTSD/OCHA衍生简化边界（canonical package）"},"geometry":{"type":"Polygon","coordinates":[[[99.45536991000006,17.25454157400003],[99.37391863400006,17.210581027000046],[99.31522857500005,17.269839529000024],[99.31857129600007,17.213955713000075],[99.31434062200003,17.14568502900005],[99.36868883800008,17.09715287000006],[99.45520097700006,16.912677831000053],[99.43262009200004,16.87586147600007],[99.48874719000008,16.910435084000028],[99.53093557500006,16.825274327000045],[99.57075066300007,16.859535605000076],[99.60484578100005,16.784980054000073],[99.63136574500004,16.855077137000023],[99.61908543500004,16.963247461000037],[99.63104180600004,17.125473788000022],[99.48345628600003,17.20142487100003],[99.45912170500009,17.242258308000032],[99.45536991000006,17.25454157400003]]]}},{"type":"Feature","id":"TH4111","properties":{"国家代码":"TH","行政层级":2,"行政层级中文":"县/曼谷区","行政区代码":"4111","上级行政区代码":"41","中文名称":"班东县","泰文名称":"บ้านดุง","英文名称":"Ban Dung","中文显示名":"班东县","中文名状态":"Wikidata已有中文名","边界状态":"可绘制","边界文件":"泰国_ADM2_县区边界.geojson","边界要素ID":"TH4111","边界坐标系":"WGS84 / EPSG:4326","边界数据时点":"2019-02-21","Google原生边界支持":"泰国不支持ADM2","Google地图绘制方式":"加载本GeoJSON到Google Maps Data图层","边界来源":"RTSD/OCHA衍生简化边界（canonical package）"},"geometry":{"type":"Polygon","coordinates":[[[103.39971421400008,17.904579917000035],[103.35890542900006,17.856837622000057],[103.30031540000004,17.82707353400002],[103.24059045400008,17.88569112600004],[103.12710939600004,17.826457704000063],[103.11675591000005,17.695988294000074],[103.11652826100004,17.61933536500004],[103.15590714600006,17.591651655000078],[103.32044880200004,17.549345294000034],[103.41102792500004,17.596395260000065],[103.40381173500003,17.68399583000007],[103.40314380800004,17.751599890000023],[103.36776083700005,17.779943608000053],[103.41454208900007,17.842592379000052],[103.39971421400008,17.904579917000035]]]}},{"type":"Feature","id":"TH4002","properties":{"国家代码":"TH","行政层级":2,"行政层级中文":"县/曼谷区","行政区代码":"4002","上级行政区代码":"40","中文名称":"班方县","泰文名称":"บ้านฝาง","英文名称":"Ban Fang","中文显示名":"班方县","中文名状态":"Wikidata已有中文名","边界状态":"可绘制","边界文件":"泰国_ADM2_县区边界.geojson","边界要素ID":"TH4002","边界坐标系":"WGS84 / EPSG:4326","边界数据时点":"2019-02-21","Google原生边界支持":"泰国不支持ADM2","Google地图绘制方式":"加载本GeoJSON到Google Maps Data图层","边界来源":"RTSD/OCHA衍生简化边界（canonical package）"},"geometry":{"type":"Polygon","coordinates":[[[102.69702715100004,16.633401453000033],[102.62085724600007,16.660354038000037],[102.57633493000009,16.627315444000033],[102.55071239300008,16.392342374000066],[102.52232298500007,16.35504543600007],[102.52691222200008,16.342969821000054],[102.67434324700008,16.380640930000027],[102.63140813000007,16.53983474100005],[102.69702715100004,16.633401453000033]]]}},{"type":"Feature","id":"TH4024","properties":{"国家代码":"TH","行政层级":2,"行政层级中文":"县/曼谷区","行政区代码":"4024","上级行政区代码":"40","中文名称":"班海县","泰文名称":"บ้านแฮด","英文名称":"Ban Haet","中文显示名":"班海县","中文名状态":"Wikidata已有中文名","边界状态":"可绘制","边界文件":"泰国_ADM2_县区边界.geojson","边界要素ID":"TH4024","边界坐标系":"WGS84 / EPSG:4326","边界数据时点":"2019-02-21","Google原生边界支持":"泰国不支持ADM2","Google地图绘制方式":"加载本GeoJSON到Google Maps Data图层","边界来源":"RTSD/OCHA衍生简化边界（canonical package）"},"geometry":{"type":"Polygon","coordinates":[[[102.84615162200004,16.21793694300004],[102.77569739500007,16.292470828000035],[102.68679797200008,16.244247190000067],[102.68199126100006,16.187046543000065],[102.74830409000003,16.137077788000056],[102.84385778600006,16.150881351000066],[102.84615162200004,16.21793694300004]]]}},{"type":"Feature","id":"TH5103","properties":{"国家代码":"TH","行政层级":2,"行政层级中文":"县/曼谷区","行政区代码":"5103","上级行政区代码":"51","中文名称":"班洪县","泰文名称":"บ้านโฮ่ง","英文名称":"Ban Hong","中文显示名":"班洪县","中文名状态":"Wikidata已有中文名","边界状态":"可绘制","边界文件":"泰国_ADM2_县区边界.geojson","边界要素ID":"TH5103","边界坐标系":"WGS84 / EPSG:4326","边界数据时点":"2019-02-21","Google原生边界支持":"泰国不支持ADM2","Google地图绘制方式":"加载本GeoJSON到Google Maps Data图层","边界来源":"RTSD/OCHA衍生简化边界（canonical package）"},"geometry":{"type":"Polygon","coordinates":[[[98.82357188800006,18.388387176000037],[98.68759555500009,18.380676008000023],[98.67129269000009,18.32629681900005],[98.77078507000004,18.255794680000065],[98.78273338500009,18.17929635400003],[98.80694891400003,18.13718274000007],[98.95857012600004,18.165988527000025],[98.98847852000006,18.171407189000035],[98.90443143100003,18.27501177700003],[98.82357188800006,18.388387176000037]]]}},{"type":"Feature","id":"TH7010","properties":{"国家代码":"TH","行政层级":2,"行政层级中文":"县/曼谷区","行政区代码":"7010","上级行政区代码":"70","中文名称":"班卡县","泰文名称":"บ้านคา","英文名称":"Ban Kha","中文显示名":"班卡县","中文名状态":"Wikidata已有中文名","边界状态":"可绘制","边界文件":"泰国_ADM2_县区边界.geojson","边界要素ID":"TH7010","边界坐标系":"WGS84 / EPSG:4326","边界数据时点":"2019-02-21","Google原生边界支持":"泰国不支持ADM2","Google地图绘制方式":"加载本GeoJSON到Google Maps Data图层","边界来源":"RTSD/OCHA衍生简化边界（canonical package）"},"geometry":{"type":"Polygon","coordinates":[[[99.54153322600007,13.417986107000047],[99.47482732300006,13.514569481000024],[99.38418821900007,13.482173787000022],[99.34719067300006,13.513128562000077],[99.35487627200007,13.40951109200006],[99.30064450000003,13.326133550000065],[99.19882698100008,13.329131193000023],[99.21003922400007,13.208078904000047],[99.27191953800008,13.148793589000036],[99.35123799600007,13.243744185000025],[99.44248258900006,13.183454955000059],[99.52929815300007,13.207145706000063],[99.49867200500006,13.30153249500006],[99.54153322600007,13.417986107000047]]]}},{"type":"Feature","id":"TH2105","properties":{"国家代码":"TH","行政层级":2,"行政层级中文":"县/曼谷区","行政区代码":"2105","上级行政区代码":"21","中文名称":"班凯县","泰文名称":"บ้านค่าย","英文名称":"Ban Khai","中文显示名":"班凯县","中文名状态":"Wikidata已有中文名","边界状态":"可绘制","边界文件":"泰国_ADM2_县区边界.geojson","边界要素ID":"TH2105","边界坐标系":"WGS84 / EPSG:4326","边界数据时点":"2019-02-21","Google原生边界支持":"泰国不支持ADM2","Google地图绘制方式":"加载本GeoJSON到Google Maps Data图层","边界来源":"RTSD/OCHA衍生简化边界（canonical package）"},"geometry":{"type":"Polygon","coordinates":[[[101.48163779900005,12.867564241000025],[101.49247373900005,12.936273905000064],[101.41593846100005,12.96896208000004],[101.35876163200004,12.963933798000028],[101.26440489000004,12.866600662000053],[101.22395117900004,12.86375711200003],[101.23756228000008,12.751239393000048],[101.31316357000009,12.697214202000055],[101.48163779900005,12.867564241000025]]]}},{"type":"Feature","id":"TH5306","properties":{"国家代码":"TH","行政层级":2,"行政层级中文":"县/曼谷区","行政区代码":"5306","上级行政区代码":"53","中文名称":"班科县","泰文名称":"บ้านโคก","英文名称":"Ban Khok","中文显示名":"班科县","中文名状态":"Wikidata已有中文名","边界状态":"可绘制","边界文件":"泰国_ADM2_县区边界.geojson","边界要素ID":"TH5306","边界坐标系":"WGS84 / EPSG:4326","边界数据时点":"2019-02-21","Google原生边界支持":"泰国不支持ADM2","Google地图绘制方式":"加载本GeoJSON到Google Maps Data图层","边界来源":"RTSD/OCHA衍生简化边界（canonical package）"},"geometry":{"type":"Polygon","coordinates":[[[101.01931836400007,17.891246245000048],[101.11793585000004,17.951597195000033],[101.18448572100004,18.066173492000075],[101.16117242400009,18.123490450000077],[101.19282738000004,18.212726798000062],[101.14901392500008,18.293353857000056],[101.18219257000004,18.340723125000068],[101.08541647400006,18.38101637500006],[100.91227841600005,18.227457107000077],[100.91352344000006,18.160105617000056],[100.98965744500003,18.137468497000043],[101.03620846400008,18.07891939600006],[100.97443938000004,18.023428238000065],[100.91496159800005,17.881971790000023],[101.01931836400007,17.891246245000048]]]}},{"type":"Feature","id":"TH3602","properties":{"国家代码":"TH","行政层级":2,"行政层级中文":"县/曼谷区","行政区代码":"3602","上级行政区代码":"36","中文名称":"班考县","泰文名称":"บ้านเขว้า","英文名称":"Ban Khwao","中文显示名":"班考县","中文名状态":"Wikidata已有中文名","边界状态":"可绘制","边界文件":"泰国_ADM2_县区边界.geojson","边界要素ID":"TH3602","边界坐标系":"WGS84 / EPSG:4326","边界数据时点":"2019-02-21","Google原生边界支持":"泰国不支持ADM2","Google地图绘制方式":"加载本GeoJSON到Google Maps Data图层","边界来源":"RTSD/OCHA衍生简化边界（canonical package）"},"geometry":{"type":"Polygon","coordinates":[[[101.75274127800009,15.974783471000023],[101.69161238800007,15.952897990000054],[101.74625692900008,15.808549880000044],[101.81656382800008,15.742453174000048],[101.93054616500007,15.656840052000064],[101.97925329200007,15.690318919000049],[101.94189830900007,15.741196579000075],[101.91807333100007,15.86221020000005],[101.83920684700007,15.935982984000077],[101.75274127800009,15.974783471000023]]]}},{"type":"Feature","id":"TH3108","properties":{"国家代码":"TH","行政层级":2,"行政层级中文":"县/曼谷区","行政区代码":"3108","上级行政区代码":"31","中文名称":"班瓜县","泰文名称":"บ้านกรวด","英文名称":"Ban Kruat","中文显示名":"班瓜县","中文名状态":"Wikidata已有中文名","边界状态":"可绘制","边界文件":"泰国_ADM2_县区边界.geojson","边界要素ID":"TH3108","边界坐标系":"WGS84 / EPSG:4326","边界数据时点":"2019-02-21","Google原生边界支持":"泰国不支持ADM2","Google地图绘制方式":"加载本GeoJSON到Google Maps Data图层","边界来源":"RTSD/OCHA衍生简化边界（canonical package）"},"geometry":{"type":"Polygon","coordinates":[[[103.21140118600005,14.539904368000066],[103.21071178000005,14.580573411000046],[103.08447501000006,14.45062904200006],[102.97985036800009,14.430057669000064],[102.96916394200008,14.305926799000076],[103.03802067800007,14.250621157000069],[103.16514162800007,14.334050036000065],[103.22619930000008,14.326709882000046],[103.24576413600005,14.433067253000047],[103.21140118600005,14.539904368000066]]]}},{"type":"Feature","id":"TH7607","properties":{"国家代码":"TH","行政层级":2,"行政层级中文":"县/曼谷区","行政区代码":"7607","上级行政区代码":"76","中文名称":"班兰县","泰文名称":"บ้านแหลม","英文名称":"Ban Laem","中文显示名":"班兰县","中文名状态":"Wikidata已有中文名","边界状态":"可绘制","边界文件":"泰国_ADM2_县区边界.geojson","边界要素ID":"TH7607","边界坐标系":"WGS84 / EPSG:4326","边界数据时点":"2019-02-21","Google原生边界支持":"泰国不支持ADM2","Google地图绘制方式":"加载本GeoJSON到Google Maps Data图层","边界来源":"RTSD/OCHA衍生简化边界（canonical package）"},"geometry":{"type":"Polygon","coordinates":[[[100.07932617500006,13.020380765000027],[100.06886140000006,13.151911239000071],[99.94127567300006,13.266373539000028],[99.95250447900008,13.296620133000033],[99.93119533600009,13.283808055000065],[99.88375008100007,13.246462721000057],[99.90239606700004,13.180658899000036],[99.95101394500006,13.132726010000056],[100.02541691000005,13.14389154500003],[100.07932617500006,13.020380765000027]]]}},{"type":"Feature","id":"TH7606","properties":{"国家代码":"TH","行政层级":2,"行政层级中文":"县/曼谷区","行政区代码":"7606","上级行政区代码":"76","中文名称":"班拉县","泰文名称":"บ้านลาด","英文名称":"Ban Lat","中文显示名":"班拉县","中文名状态":"Wikidata已有中文名","边界状态":"可绘制","边界文件":"泰国_ADM2_县区边界.geojson","边界要素ID":"TH7606","边界坐标系":"WGS84 / EPSG:4326","边界数据时点":"2019-02-21","Google原生边界支持":"泰国不支持ADM2","Google地图绘制方式":"加载本GeoJSON到Google Maps Data图层","边界来源":"RTSD/OCHA衍生简化边界（canonical package）"},"geometry":{"type":"Polygon","coordinates":[[[99.84591246500008,13.130163982000056],[99.79586194000007,13.117652110000051],[99.73449969700005,13.029055808000066],[99.78302953600007,12.976151939000033],[99.89867746800007,13.015490985000042],[99.96413542600004,12.983794526000054],[99.92316880700008,13.094972246000054],[99.84591246500008,13.130163982000056]]]}},{"type":"Feature","id":"TH5503","properties":{"国家代码":"TH","行政层级":2,"行政层级中文":"县/曼谷区","行政区代码":"5503","上级行政区代码":"55","中文名称":"班銮县","泰文名称":"บ้านหลวง","英文名称":"Ban Luang","中文显示名":"班銮县","中文名状态":"Wikidata已有中文名","边界状态":"可绘制","边界文件":"泰国_ADM2_县区边界.geojson","边界要素ID":"TH5503","边界坐标系":"WGS84 / EPSG:4326","边界数据时点":"2019-02-21","Google原生边界支持":"泰国不支持ADM2","Google地图绘制方式":"加载本GeoJSON到Google Maps Data图层","边界来源":"RTSD/OCHA衍生简化边界（canonical package）"},"geometry":{"type":"Polygon","coordinates":[[[100.49316908800006,18.735605960000044],[100.53240964300005,18.841343385000073],[100.53567827100005,18.954981893000024],[100.50092321300008,18.98614251500004],[100.39143633800006,18.926819065000075],[100.34038381300007,18.80595545500006],[100.39136919900005,18.739382987000056],[100.49316908800006,18.735605960000044]]]}},{"type":"Feature","id":"TH3005","properties":{"国家代码":"TH","行政层级":2,"行政层级中文":"县/曼谷区","行政区代码":"3005","上级行政区代码":"30","中文名称":"班伦县","泰文名称":"บ้านเหลื่อม","英文名称":"Ban Lueam","中文显示名":"班伦县","中文名状态":"Wikidata已有中文名","边界状态":"可绘制","边界文件":"泰国_ADM2_县区边界.geojson","边界要素ID":"TH3005","边界坐标系":"WGS84 / EPSG:4326","边界数据时点":"2019-02-21","Google原生边界支持":"泰国不支持ADM2","Google地图绘制方式":"加载本GeoJSON到Google Maps Data图层","边界来源":"RTSD/OCHA衍生简化边界（canonical package）"},"geometry":{"type":"Polygon","coordinates":[[[102.12131454100006,15.64615154300003],[102.07335415600005,15.620297452000045],[102.03306332200003,15.501768955000045],[102.11219400500005,15.542475077000063],[102.21669555100004,15.51903010600006],[102.24704427100005,15.547412526000073],[102.23307480800008,15.607280117000073],[102.12131454100006,15.64615154300003]]]}},{"type":"Feature","id":"TH3119","properties":{"国家代码":"TH","行政层级":2,"行政层级中文":"县/曼谷区","行政区代码":"3119","上级行政区代码":"31","中文名称":"班迈猜亚普县","泰文名称":"บ้านใหม่ไชยพจน์","英文名称":"Ban Mai Chaiyaphot","中文显示名":"班迈猜亚普县","中文名状态":"Wikidata已有中文名","边界状态":"可绘制","边界文件":"泰国_ADM2_县区边界.geojson","边界要素ID":"TH3119","边界坐标系":"WGS84 / EPSG:4326","边界数据时点":"2019-02-21","Google原生边界支持":"泰国不支持ADM2","Google地图绘制方式":"加载本GeoJSON到Google Maps Data图层","边界来源":"RTSD/OCHA衍生简化边界（canonical package）"},"geometry":{"type":"Polygon","coordinates":[[[102.83820827400007,15.63674448300003],[102.77659426100007,15.633593717000053],[102.79669696000008,15.531192086000033],[102.83348137400009,15.510829536000074],[102.89594599200007,15.521453817000065],[102.91681974100004,15.597267830000021],[102.83820827400007,15.63674448300003]]]}},{"type":"Feature","id":"TH1606","properties":{"国家代码":"TH","行政层级":2,"行政层级中文":"县/曼谷区","行政区代码":"1606","上级行政区代码":"16","中文名称":"班米县","泰文名称":"บ้านหมี่","英文名称":"Ban Mi","中文显示名":"班米县","中文名状态":"Wikidata已有中文名","边界状态":"可绘制","边界文件":"泰国_ADM2_县区边界.geojson","边界要素ID":"TH1606","边界坐标系":"WGS84 / EPSG:4326","边界数据时点":"2019-02-21","Google原生边界支持":"泰国不支持ADM2","Google地图绘制方式":"加载本GeoJSON到Google Maps Data图层","边界来源":"RTSD/OCHA衍生简化边界（canonical package）"},"geometry":{"type":"Polygon","coordinates":[[[100.62022061000005,15.242709923000064],[100.53190274300005,15.18363176400004],[100.42748741400004,15.061086905000025],[100.44688555300007,15.003178427000023],[100.42200090200004,14.922429691000048],[100.56312252500004,14.942043639000076],[100.61138914500003,14.936158964000072],[100.65786228900004,15.066014513000027],[100.63639866100004,15.141052882000054],[100.62022061000005,15.242709923000064]]]}},{"type":"Feature","id":"TH1906","properties":{"国家代码":"TH","行政层级":2,"行政层级中文":"县/曼谷区","行政区代码":"1906","上级行政区代码":"19","中文名称":"班莫县","泰文名称":"บ้านหมอ","英文名称":"Ban Mo","中文显示名":"班莫县","中文名状态":"Wikidata已有中文名","边界状态":"可绘制","边界文件":"泰国_ADM2_县区边界.geojson","边界要素ID":"TH1906","边界坐标系":"WGS84 / EPSG:4326","边界数据时点":"2019-02-21","Google原生边界支持":"泰国不支持ADM2","Google地图绘制方式":"加载本GeoJSON到Google Maps Data图层","边界来源":"RTSD/OCHA衍生简化边界（canonical package）"},"geometry":{"type":"Polygon","coordinates":[[[100.74823524900006,14.657101436000062],[100.68226864200005,14.675792750000028],[100.64088281500005,14.635877160000064],[100.62220608600006,14.562426945000027],[100.78270467300007,14.567032528000027],[100.80367198800008,14.599761973000057],[100.74823524900006,14.657101436000062]]]}},{"type":"Feature","id":"TH4710","properties":{"国家代码":"TH","行政层级":2,"行政层级中文":"县/曼谷区","行政区代码":"4710","上级行政区代码":"47","中文名称":"班孟县","泰文名称":"บ้านม่วง","英文名称":"Ban Muang","中文显示名":"班孟县","中文名状态":"Wikidata已有中文名","边界状态":"可绘制","边界文件":"泰国_ADM2_县区边界.geojson","边界要素ID":"TH4710","边界坐标系":"WGS84 / EPSG:4326","边界数据时点":"2019-02-21","Google原生边界支持":"泰国不支持ADM2","Google地图绘制方式":"加载本GeoJSON到Google Maps Data图层","边界来源":"RTSD/OCHA衍生简化边界（canonical package）"},"geometry":{"type":"Polygon","coordinates":[[[103.70350282800007,17.941563193000036],[103.62524798500004,17.96803773700003],[103.54244245900009,18.08804716000003],[103.49642975700004,18.064942169000062],[103.49255376700006,17.98770207800004],[103.40515220900005,17.99225767200005],[103.39971421400008,17.904579917000035],[103.41454208900007,17.842592379000052],[103.36776083700005,17.779943608000053],[103.40314380800004,17.751599890000023],[103.51173151700004,17.755355654000027],[103.63323929300009,17.826015263000045],[103.67850904700003,17.85078302900007],[103.70350282800007,17.941563193000036]]]}},{"type":"Feature","id":"TH2603","properties":{"国家代码":"TH","行政层级":2,"行政层级中文":"县/曼谷区","行政区代码":"2603","上级行政区代码":"26","中文名称":"班纳县","泰文名称":"บ้านนา","英文名称":"Ban Na","中文显示名":"班纳县","中文名状态":"Wikidata已有中文名","边界状态":"可绘制","边界文件":"泰国_ADM2_县区边界.geojson","边界要素ID":"TH2603","边界坐标系":"WGS84 / EPSG:4326","边界数据时点":"2019-02-21","Google原生边界支持":"泰国不支持ADM2","Google地图绘制方式":"加载本GeoJSON到Google Maps Data图层","边界来源":"RTSD/OCHA衍生简化边界（canonical package）"},"geometry":{"type":"Polygon","coordinates":[[[101.16572385300003,14.34237577700003],[101.05328758500008,14.412313636000022],[101.01134928200008,14.300062270000069],[100.95111814600006,14.271684207000021],[100.94643576800007,14.237134961000038],[101.06643623200006,14.147070692000057],[101.13358171400006,14.20943995400006],[101.12777849600008,14.290072584000029],[101.16572385300003,14.34237577700003]]]}},{"type":"Feature","id":"TH8413","properties":{"国家代码":"TH","行政层级":2,"行政层级中文":"县/曼谷区","行政区代码":"8413","上级行政区代码":"84","中文名称":"班纳敦县","泰文名称":"บ้านนาเดิม","英文名称":"Ban Na Doem","中文显示名":"班纳敦县","中文名状态":"Wikidata已有中文名","边界状态":"可绘制","边界文件":"泰国_ADM2_县区边界.geojson","边界要素ID":"TH8413","边界坐标系":"WGS84 / EPSG:4326","边界数据时点":"2019-02-21","Google原生边界支持":"泰国不支持ADM2","Google地图绘制方式":"加载本GeoJSON到Google Maps Data图层","边界来源":"RTSD/OCHA衍生简化边界（canonical package）"},"geometry":{"type":"Polygon","coordinates":[[[99.32113614800005,8.960327585000073],[99.22552668500003,8.964858308000032],[99.19322737000005,8.886058404000039],[99.22912137000009,8.820707476000052],[99.32223438300008,8.822900909000055],[99.35517141800005,8.965913625000042],[99.32113614800005,8.960327585000073]]]}},{"type":"Feature","id":"TH8412","properties":{"国家代码":"TH","行政层级":2,"行政层级中文":"县/曼谷区","行政区代码":"8412","上级行政区代码":"84","中文名称":"班纳讪县","泰文名称":"บ้านนาสาร","英文名称":"Ban Na San","中文显示名":"班纳讪县","中文名状态":"Wikidata已有中文名","边界状态":"可绘制","边界文件":"泰国_ADM2_县区边界.geojson","边界要素ID":"TH8412","边界坐标系":"WGS84 / EPSG:4326","边界数据时点":"2019-02-21","Google原生边界支持":"泰国不支持ADM2","Google地图绘制方式":"加载本GeoJSON到Google Maps Data图层","边界来源":"RTSD/OCHA衍生简化边界（canonical package）"},"geometry":{"type":"Polygon","coordinates":[[[99.55582926400007,8.877702145000057],[99.48453476200007,8.908523526000067],[99.38907258900008,8.996797043000072],[99.35517141800005,8.965913625000042],[99.32223438300008,8.822900909000055],[99.22912137000009,8.820707476000052],[99.27607205600003,8.69057053900002],[99.42424298100008,8.668606683000064],[99.49203035200009,8.696907734000035],[99.52188097500004,8.719287520000023],[99.52162782100004,8.84525097200003],[99.55582926400007,8.877702145000057]]]}},{"type":"Feature","id":"TH4804","properties":{"国家代码":"TH","行政层级":2,"行政层级中文":"县/曼谷区","行政区代码":"4804","上级行政区代码":"48","中文名称":"班喷县","泰文名称":"บ้านแพง","英文名称":"Ban Phaeng","中文显示名":"班喷县","中文名状态":"Wikidata已有中文名","边界状态":"可绘制","边界文件":"泰国_ADM2_县区边界.geojson","边界要素ID":"TH4804","边界坐标系":"WGS84 / EPSG:4326","边界数据时点":"2019-02-21","Google原生边界支持":"泰国不支持ADM2","Google地图绘制方式":"加载本GeoJSON到Google Maps Data图层","边界来源":"RTSD/OCHA衍生简化边界（canonical package）"},"geometry":{"type":"Polygon","coordinates":[[[104.30079630700004,17.84538763000006],[104.18998160400008,18.023739802000023],[104.11182328900009,18.00480804400007],[104.13413812400006,17.955929068000046],[104.19110133800007,17.884887526000057],[104.17884968300007,17.786631576000048],[104.22368187300003,17.72902207800007],[104.29980124700006,17.74438655700004],[104.30079630700004,17.84538763000006]]]}},{"type":"Feature","id":"TH7403","properties":{"国家代码":"TH","行政层级":2,"行政层级中文":"县/曼谷区","行政区代码":"7403","上级行政区代码":"74","中文名称":"班飘县","泰文名称":"บ้านแพ้ว","英文名称":"Ban Phaeo","中文显示名":"班飘县","中文名状态":"Wikidata已有中文名","边界状态":"可绘制","边界文件":"泰国_ADM2_县区边界.geojson","边界要素ID":"TH7403","边界坐标系":"WGS84 / EPSG:4326","边界数据时点":"2019-02-21","Google原生边界支持":"泰国不支持ADM2","Google地图绘制方式":"加载本GeoJSON到Google Maps Data图层","边界来源":"RTSD/OCHA衍生简化边界（canonical package）"},"geometry":{"type":"Polygon","coordinates":[[[100.17135058100007,13.680630305000022],[100.06026825100008,13.660286144000054],[100.03110954200008,13.612613751000026],[100.02951576800007,13.507781799000043],[100.05315896400003,13.485801796000032],[100.22790413200005,13.604494406000072],[100.17135058100007,13.680630305000022]]]}},{"type":"Feature","id":"TH4010","properties":{"国家代码":"TH","行政层级":2,"行政层级中文":"县/曼谷区","行政区代码":"4010","上级行政区代码":"40","中文名称":"班派县","泰文名称":"บ้านไผ่","英文名称":"Ban Phai","中文显示名":"班派县","中文名状态":"Wikidata已有中文名","边界状态":"可绘制","边界文件":"泰国_ADM2_县区边界.geojson","边界要素ID":"TH4010","边界坐标系":"WGS84 / EPSG:4326","边界数据时点":"2019-02-21","Google原生边界支持":"泰国不支持ADM2","Google地图绘制方式":"加载本GeoJSON到Google Maps Data图层","边界来源":"RTSD/OCHA衍生简化边界（canonical package）"},"geometry":{"type":"Polygon","coordinates":[[[102.68199126100006,16.187046543000065],[102.63881269400008,16.136656385000038],[102.64504269500009,16.061332529000026],[102.76839804800005,15.954915629000027],[102.75694880700007,15.895361820000062],[102.78112431500006,15.87700697400004],[102.86643834800009,15.971194039000068],[102.90134402500007,15.970035756000073],[102.84786279200006,16.075337416000025],[102.86763321300003,16.125375844000075],[102.84385778600006,16.150881351000066],[102.74830409000003,16.137077788000056],[102.68199126100006,16.187046543000065]]]}},{"type":"Feature","id":"TH2405","properties":{"国家代码":"TH","行政层级":2,"行政层级中文":"县/曼谷区","行政区代码":"2405","上级行政区代码":"24","中文名称":"班坡县","泰文名称":"บ้านโพธิ์","英文名称":"Ban Pho","中文显示名":"班坡县","中文名状态":"Wikidata已有中文名","边界状态":"可绘制","边界文件":"泰国_ADM2_县区边界.geojson","边界要素ID":"TH2405","边界坐标系":"WGS84 / EPSG:4326","边界数据时点":"2019-02-21","Google原生边界支持":"泰国不支持ADM2","Google地图绘制方式":"加载本GeoJSON到Google Maps Data图层","边界来源":"RTSD/OCHA衍生简化边界（canonical package）"},"geometry":{"type":"Polygon","coordinates":[[[101.14254045600006,13.652419775000055],[100.93755046400008,13.668675565000058],[100.96097103400007,13.636038575000043],[101.04066039300005,13.551108637000027],[101.11846537100007,13.564885523000044],[101.24611993000008,13.569914478000044],[101.21287997100006,13.61628544000007],[101.14254045600006,13.652419775000055]]]}},{"type":"Feature","id":"TH1416","properties":{"国家代码":"TH","行政层级":2,"行政层级中文":"县/曼谷区","行政区代码":"1416","上级行政区代码":"14","中文名称":"班佩县","泰文名称":"บ้านแพรก","英文名称":"Ban Phraek","中文显示名":"班佩县","中文名状态":"Wikidata已有中文名","边界状态":"可绘制","边界文件":"泰国_ADM2_县区边界.geojson","边界要素ID":"TH1416","边界坐标系":"WGS84 / EPSG:4326","边界数据时点":"2019-02-21","Google原生边界支持":"泰国不支持ADM2","Google地图绘制方式":"加载本GeoJSON到Google Maps Data图层","边界来源":"RTSD/OCHA衍生简化边界（canonical package）"},"geometry":{"type":"Polygon","coordinates":[[[100.60228489700006,14.655050733000053],[100.50833993800006,14.673194754000065],[100.50341379100007,14.669919633000063],[100.50301201900004,14.630029568000054],[100.58198596700004,14.62440686900004],[100.60228489700006,14.655050733000053]]]}},{"type":"Feature","id":"TH4117","properties":{"国家代码":"TH","行政层级":2,"行政层级中文":"县/曼谷区","行政区代码":"4117","上级行政区代码":"41","中文名称":"班普县","泰文名称":"บ้านผือ","英文名称":"Ban Phue","中文显示名":"班普县","中文名状态":"Wikidata已有中文名","边界状态":"可绘制","边界文件":"泰国_ADM2_县区边界.geojson","边界要素ID":"TH4117","边界坐标系":"WGS84 / EPSG:4326","边界数据时点":"2019-02-21","Google原生边界支持":"泰国不支持ADM2","Google地图绘制方式":"加载本GeoJSON到Google Maps Data图层","边界来源":"RTSD/OCHA衍生简化边界（canonical package）"},"geometry":{"type":"Polygon","coordinates":[[[102.35595659600006,17.922744519000048],[102.27592842700005,17.980617410000036],[102.25568599200005,17.88496876800002],[102.31893491700004,17.81635078100004],[102.31811639400007,17.676841384000056],[102.33248071900005,17.550936283000055],[102.38490303400005,17.45218862100006],[102.54090502500009,17.53339465700003],[102.67166988400004,17.531287589000044],[102.69326517500008,17.57184200000006],[102.73154950300005,17.603536193000025],[102.59670904000006,17.622550752000052],[102.61187369600003,17.683474919000048],[102.52370153800007,17.763182114000074],[102.44034774300007,17.767434535000064],[102.44142441900004,17.819934105000073],[102.35595659600006,17.922744519000048]]]}},{"type":"Feature","id":"TH7005","properties":{"国家代码":"TH","行政层级":2,"行政层级中文":"县/曼谷区","行政区代码":"7005","上级行政区代码":"70","中文名称":"班蓬县","泰文名称":"บ้านโป่ง","英文名称":"Ban Pong","中文显示名":"班蓬县","中文名状态":"Wikidata已有中文名","边界状态":"可绘制","边界文件":"泰国_ADM2_县区边界.geojson","边界要素ID":"TH7005","边界坐标系":"WGS84 / EPSG:4326","边界数据时点":"2019-02-21","Google原生边界支持":"泰国不支持ADM2","Google地图绘制方式":"加载本GeoJSON到Google Maps Data图层","边界来源":"RTSD/OCHA衍生简化边界（canonical package）"},"geometry":{"type":"Polygon","coordinates":[[[99.92702629000007,13.933968390000075],[99.87586105300005,13.961235181000063],[99.81604375800003,13.823973343000034],[99.66627356800007,13.846297271000026],[99.60641461100005,13.795518733000051],[99.83834976900005,13.747287072000063],[99.93792437800005,13.769773061000024],[99.95793804100003,13.836253653000028],[99.90904544600005,13.847306923000076],[99.92702629000007,13.933968390000075]]]}},{"type":"Feature","id":"TH6106","properties":{"国家代码":"TH","行政层级":2,"行政层级中文":"县/曼谷区","行政区代码":"6106","上级行政区代码":"61","中文名称":"班赖县","泰文名称":"บ้านไร่","英文名称":"Ban Rai","中文显示名":"班赖县","中文名状态":"Wikidata已有中文名","边界状态":"可绘制","边界文件":"泰国_ADM2_县区边界.geojson","边界要素ID":"TH6106","边界坐标系":"WGS84 / EPSG:4326","边界数据时点":"2019-02-21","Google原生边界支持":"泰国不支持ADM2","Google地图绘制方式":"加载本GeoJSON到Google Maps Data图层","边界来源":"RTSD/OCHA衍生简化边界（canonical package）"},"geometry":{"type":"Polygon","coordinates":[[[99.19078496400004,15.779433892000043],[99.13369905300004,15.798261423000042],[99.13827860400005,15.73053615300006],[99.09426256300009,15.583163125000056],[99.05111687300007,15.563055348000034],[99.07857476500004,15.498684080000032],[99.03813539500004,15.288099755000076],[98.98400297400008,15.179953423000029],[98.99966125200007,15.071000168000069],[99.11825759700008,15.05464723800003],[99.28280207500006,14.997616249000032],[99.31982244300008,15.080905266000059],[99.41586087000007,15.047345532000065],[99.43600112000007,14.999537308000072],[99.63131805200004,14.943277374000047],[99.63191858000005,14.983928180000078],[99.72377013800008,14.962032211000064],[99.79078508700007,15.10028369400004],[99.77166536700008,15.140612779000037],[99.72727105900003,15.249636508000037],[99.78416137300007,15.317721014000028],[99.68922038400007,15.295417153000074],[99.64042663400005,15.227513105000071],[99.48784325700007,15.260547535000057],[99.42895666200008,15.313220061000038],[99.38640831600009,15.269085270000062],[99.34829486900009,15.365572543000042],[99.23768314700004,15.406824018000066],[99.25610157100004,15.446178497000062],[99.20398087300003,15.540506398000048],[99.17635279800004,15.693907480000064],[99.19078496400004,15.779433892000043]]]}},{"type":"Feature","id":"TH2506","properties":{"国家代码":"TH","行政层级":2,"行政层级中文":"县/曼谷区","行政区代码":"2506","上级行政区代码":"25","中文名称":"班桑县","泰文名称":"บ้านสร้าง","英文名称":"Ban Sang","中文显示名":"班桑县","中文名状态":"Wikidata已有中文名","边界状态":"可绘制","边界文件":"泰国_ADM2_县区边界.geojson","边界要素ID":"TH2506","边界坐标系":"WGS84 / EPSG:4326","边界数据时点":"2019-02-21","Google原生边界支持":"泰国不支持ADM2","Google地图绘制方式":"加载本GeoJSON到Google Maps Data图层","边界来源":"RTSD/OCHA衍生简化边界（canonical package）"},"geometry":{"type":"Polygon","coordinates":[[[101.27848321400006,14.05484004300007],[101.20289954200007,14.042886198000076],[101.17330925900006,14.011505714000066],[101.13780002200008,13.969887645000028],[101.14962118700004,13.851626734000035],[101.16194798100008,13.853080839000029],[101.24969343200007,13.866048281000076],[101.33618988900008,13.861118066000074],[101.38088706800005,13.849410072000069],[101.35162844200005,13.960307773000068],[101.27848321400006,14.05484004300007]]]}},{"type":"Feature","id":"TH8409","properties":{"国家代码":"TH","行政层级":2,"行政层级中文":"县/曼谷区","行政区代码":"8409","上级行政区代码":"84","中文名称":"班达坤县","泰文名称":"บ้านตาขุน","英文名称":"Ban Ta Khun","中文显示名":"班达坤县","中文名状态":"Wikidata已有中文名","边界状态":"可绘制","边界文件":"泰国_ADM2_县区边界.geojson","边界要素ID":"TH8409","边界坐标系":"WGS84 / EPSG:4326","边界数据时点":"2019-02-21","Google原生边界支持":"泰国不支持ADM2","Google地图绘制方式":"加载本GeoJSON到Google Maps Data图层","边界来源":"RTSD/OCHA衍生简化边界（canonical package）"},"geometry":{"type":"Polygon","coordinates":[[[98.65609745700004,9.347673159000067],[98.54792901200005,9.36117028800004],[98.50606009400008,9.308902024000076],[98.52499958200008,9.235326385000064],[98.49310698800008,9.187030801000049],[98.47516258000007,9.044499916000063],[98.50576182000003,8.983124392000036],[98.61399473100005,8.933674995000047],[98.66990566500004,8.958490893000032],[98.78220495000005,8.894907012000033],[98.92024257800006,8.871982641000045],[98.94456299100005,8.952904229000069],[98.81935057400005,9.001101899000048],[98.80111781500005,9.168248278000021],[98.77099222800007,9.204723021000063],[98.66123928100006,9.30179294900006],[98.65609745700004,9.347673159000067]]]}},{"type":"Feature","id":"TH6302","properties":{"国家代码":"TH","行政层级":2,"行政层级中文":"县/曼谷区","行政区代码":"6302","上级行政区代码":"63","中文名称":"班达县","泰文名称":"บ้านตาก","英文名称":"Ban Tak","中文显示名":"班达县","中文名状态":"Wikidata已有中文名","边界状态":"可绘制","边界文件":"泰国_ADM2_县区边界.geojson","边界要素ID":"TH6302","边界坐标系":"WGS84 / EPSG:4326","边界数据时点":"2019-02-21","Google原生边界支持":"泰国不支持ADM2","Google地图绘制方式":"加载本GeoJSON到Google Maps Data图层","边界来源":"RTSD/OCHA衍生简化边界（canonical package）"},"geometry":{"type":"Polygon","coordinates":[[[99.31522857500005,17.269839529000024],[99.27044495900009,17.400008511000067],[99.21382698200006,17.390242512000043],[99.21089990500008,17.376537908000046],[99.22491507100005,17.24408384000003],[99.14671936500008,17.174423681000064],[99.04758955300008,17.13339914200003],[98.87211295600008,17.168080657000075],[98.84403285700006,17.15082842700002],[98.82601125800005,17.070327204000023],[98.91227994200005,16.975349221000045],[98.98005614100003,16.912894235000067],[99.07543724700008,16.977789295000036],[99.13852930000007,16.971001776000037],[99.20805835600004,17.023378002000072],[99.18013349900008,17.10376861700007],[99.23361895300008,17.18084914600007],[99.25907387900008,17.151330187000042],[99.31857129600007,17.213955713000075],[99.31522857500005,17.269839529000024]]]}},{"type":"Feature","id":"TH3611","properties":{"国家代码":"TH","行政层级":2,"行政层级中文":"县/曼谷区","行政区代码":"3611","上级行政区代码":"36","中文名称":"班滕县","泰文名称":"บ้านแท่น","英文名称":"Ban Thaen","中文显示名":"班滕县","中文名状态":"Wikidata已有中文名","边界状态":"可绘制","边界文件":"泰国_ADM2_县区边界.geojson","边界要素ID":"TH3611","边界坐标系":"WGS84 / EPSG:4326","边界数据时点":"2019-02-21","Google原生边界支持":"泰国不支持ADM2","Google地图绘制方式":"加载本GeoJSON到Google Maps Data图层","边界来源":"RTSD/OCHA衍生简化边界（canonical package）"},"geometry":{"type":"Polygon","coordinates":[[[102.45886768900004,16.39468781100004],[102.39736668100005,16.44578496500003],[102.30096173800007,16.44824280200004],[102.25533055300008,16.461070560000053],[102.23348114800007,16.37532232600006],[102.30893418300008,16.371816688000024],[102.35315592200004,16.287216743000045],[102.41799384000007,16.25417698800004],[102.45886768900004,16.39468781100004]]]}},{"type":"Feature","id":"TH5107","properties":{"国家代码":"TH","行政层级":2,"行政层级中文":"县/曼谷区","行政区代码":"5107","上级行政区代码":"51","中文名称":"班提县","泰文名称":"บ้านธิ","英文名称":"Ban Thi","中文显示名":"班提县","中文名状态":"Wikidata已有中文名","边界状态":"可绘制","边界文件":"泰国_ADM2_县区边界.geojson","边界要素ID":"TH5107","边界坐标系":"WGS84 / EPSG:4326","边界数据时点":"2019-02-21","Google原生边界支持":"泰国不支持ADM2","Google地图绘制方式":"加载本GeoJSON到Google Maps Data图层","边界来源":"RTSD/OCHA衍生简化边界（canonical package）"},"geometry":{"type":"Polygon","coordinates":[[[99.23097689300005,18.653950219000023],[99.15340469300008,18.708309550000024],[99.08073869600008,18.68126535500005],[99.06519419600005,18.659682958000076],[99.16843008900008,18.59175834000007],[99.21750745600008,18.592009204000078],[99.23097689300005,18.653950219000023]]]}},{"type":"Feature","id":"TH1405","properties":{"国家代码":"TH","行政层级":2,"行政层级中文":"县/曼谷区","行政区代码":"1405","上级行政区代码":"14","中文名称":"邦班县","泰文名称":"บางบาล","英文名称":"Bang Ban","中文显示名":"邦班县","中文名状态":"Wikidata已有中文名","边界状态":"可绘制","边界文件":"泰国_ADM2_县区边界.geojson","边界要素ID":"TH1405","边界坐标系":"WGS84 / EPSG:4326","边界数据时点":"2019-02-21","Google原生边界支持":"泰国不支持ADM2","Google地图绘制方式":"加载本GeoJSON到Google Maps Data图层","边界来源":"RTSD/OCHA衍生简化边界（canonical package）"},"geometry":{"type":"Polygon","coordinates":[[[100.50494919300007,14.405893383000034],[100.49689553500008,14.459504766000066],[100.42020840100008,14.447148438000056],[100.41628211500006,14.396396025000058],[100.43200830400008,14.307272767000029],[100.50823925500003,14.325487617000022],[100.50494919300007,14.405893383000034]]]}},{"type":"Feature","id":"TH1102","properties":{"国家代码":"TH","行政层级":2,"行政层级中文":"县/曼谷区","行政区代码":"1102","上级行政区代码":"11","中文名称":"邦波县","泰文名称":"บางบ่อ","英文名称":"Bang Bo","中文显示名":"邦波县","中文名状态":"Wikidata已有中文名","边界状态":"可绘制","边界文件":"泰国_ADM2_县区边界.geojson","边界要素ID":"TH1102","边界坐标系":"WGS84 / EPSG:4326","边界数据时点":"2019-02-21","Google原生边界支持":"泰国不支持ADM2","Google地图绘制方式":"加载本GeoJSON到Google Maps Data图层","边界来源":"RTSD/OCHA衍生简化边界（canonical package）"},"geometry":{"type":"Polygon","coordinates":[[[100.96097103400007,13.636038575000043],[100.93755046400008,13.668675565000058],[100.86076681300005,13.696903409000072],[100.85934736500008,13.689560424000035],[100.82766616100008,13.565204208000068],[100.77216344500005,13.553657159000068],[100.76585653500007,13.521771201000035],[100.78037276600008,13.491971804000059],[100.84839130800003,13.478420328000027],[100.96097103400007,13.636038575000043]]]}},{"type":"Feature","id":"TH1050","properties":{"国家代码":"TH","行政层级":2,"行政层级中文":"县/曼谷区","行政区代码":"1050","上级行政区代码":"10","中文名称":"挽汶县","泰文名称":"บางบอน","英文名称":"Bang Bon","中文显示名":"挽汶县","中文名状态":"Wikidata已有中文名","边界状态":"可绘制","边界文件":"泰国_ADM2_县区边界.geojson","边界要素ID":"TH1050","边界坐标系":"WGS84 / EPSG:4326","边界数据时点":"2019-02-21","Google原生边界支持":"泰国不支持ADM2","Google地图绘制方式":"加载本GeoJSON到Google Maps Data图层","边界来源":"RTSD/OCHA衍生简化边界（canonical package）"},"geometry":{"type":"Polygon","coordinates":[[[100.44679705800007,13.682558432000064],[100.43773390500007,13.693684476000044],[100.42782137100005,13.687613030000023],[100.38484448200006,13.671401884000034],[100.34683704300005,13.655339513000058],[100.35024229000004,13.640497348000054],[100.37648208400009,13.619703151000067],[100.44679705800007,13.682558432000064]]]}},{"type":"Feature","id":"TH1204","properties":{"国家代码":"TH","行政层级":2,"行政层级中文":"县/曼谷区","行政区代码":"1204","上级行政区代码":"12","中文名称":"邦博通县","泰文名称":"บางบัวทอง","英文名称":"Bang Bua Thong","中文显示名":"邦博通县","中文名状态":"Wikidata已有中文名","边界状态":"可绘制","边界文件":"泰国_ADM2_县区边界.geojson","边界要素ID":"TH1204","边界坐标系":"WGS84 / EPSG:4326","边界数据时点":"2019-02-21","Google原生边界支持":"泰国不支持ADM2","Google地图绘制方式":"加载本GeoJSON到Google Maps Data图层","边界来源":"RTSD/OCHA衍生简化边界（canonical package）"},"geometry":{"type":"Polygon","coordinates":[[[100.44963300400008,13.889118015000065],[100.45076997000007,13.948202210000034],[100.38049918000007,13.988812153000026],[100.35576105900009,14.000445546000037],[100.34176289000004,13.883369329000061],[100.44792779800008,13.867365125000049],[100.44963300400008,13.889118015000065]]]}},{"type":"Feature","id":"TH9309","properties":{"国家代码":"TH","行政层级":2,"行政层级中文":"县/曼谷区","行政区代码":"9309","上级行政区代码":"93","中文名称":"邦胶县","泰文名称":"บางแก้ว","英文名称":"Bang Kaeo","中文显示名":"邦胶县","中文名状态":"Wikidata已有中文名","边界状态":"可绘制","边界文件":"泰国_ADM2_县区边界.geojson","边界要素ID":"TH9309","边界坐标系":"WGS84 / EPSG:4326","边界数据时点":"2019-02-21","Google原生边界支持":"泰国不支持ADM2","Google地图绘制方式":"加载本GeoJSON到Google Maps Data图层","边界来源":"RTSD/OCHA衍生简化边界（canonical package）"},"geometry":{"type":"Polygon","coordinates":[[[100.27618305600004,7.478396521000036],[100.14626011200005,7.463040937000073],[100.10871336700006,7.36018013000006],[100.13479124600008,7.358902287000035],[100.19647123700008,7.382220637000046],[100.28163444400008,7.437325329000032],[100.27618305600004,7.478396521000036]]]}},{"type":"Feature","id":"TH1006","properties":{"国家代码":"TH","行政层级":2,"行政层级中文":"县/曼谷区","行政区代码":"1006","上级行政区代码":"10","中文名称":"邦甲比县","泰文名称":"บางกะปิ","英文名称":"Bang Kapi","中文显示名":"邦甲比县","中文名状态":"Wikidata已有中文名","边界状态":"可绘制","边界文件":"泰国_ADM2_县区边界.geojson","边界要素ID":"TH1006","边界坐标系":"WGS84 / EPSG:4326","边界数据时点":"2019-02-21","Google原生边界支持":"泰国不支持ADM2","Google地图绘制方式":"加载本GeoJSON到Google Maps Data图层","边界来源":"RTSD/OCHA衍生简化边界（canonical package）"},"geometry":{"type":"Polygon","coordinates":[[[100.66462440800007,13.775369817000069],[100.62447812000005,13.817398727000068],[100.61506420100005,13.799774373000048],[100.60409512000007,13.751200633000053],[100.60125180600005,13.748090111000067],[100.65908613500005,13.738385275000041],[100.66462440800007,13.775369817000069]]]}},{"type":"Feature","id":"TH1040","properties":{"国家代码":"TH","行政层级":2,"行政层级中文":"县/曼谷区","行政区代码":"1040","上级行政区代码":"10","中文名称":"曼凱縣","泰文名称":"บางแค","英文名称":"Bang Khae","中文显示名":"曼凱縣","中文名状态":"Wikidata已有中文名","边界状态":"可绘制","边界文件":"泰国_ADM2_县区边界.geojson","边界要素ID":"TH1040","边界坐标系":"WGS84 / EPSG:4326","边界数据时点":"2019-02-21","Google原生边界支持":"泰国不支持ADM2","Google地图绘制方式":"加载本GeoJSON到Google Maps Data图层","边界来源":"RTSD/OCHA衍生简化边界（canonical package）"},"geometry":{"type":"Polygon","coordinates":[[[100.40618470000004,13.749437693000061],[100.35935948200006,13.738002047000066],[100.38484448200006,13.671401884000034],[100.42782137100005,13.687613030000023],[100.41338956400006,13.74793375400003],[100.40618470000004,13.749437693000061]]]}},{"type":"Feature","id":"TH8017","properties":{"国家代码":"TH","行政层级":2,"行政层级中文":"县/曼谷区","行政区代码":"8017","上级行政区代码":"80","中文名称":"邦坎县","泰文名称":"บางขัน","英文名称":"Bang Khan","中文显示名":"邦坎县","中文名状态":"Wikidata已有中文名","边界状态":"可绘制","边界文件":"泰国_ADM2_县区边界.geojson","边界要素ID":"TH8017","边界坐标系":"WGS84 / EPSG:4326","边界数据时点":"2019-02-21","Google原生边界支持":"泰国不支持ADM2","Google地图绘制方式":"加载本GeoJSON到Google Maps Data图层","边界来源":"RTSD/OCHA衍生简化边界（canonical package）"},"geometry":{"type":"Polygon","coordinates":[[[99.60284263800008,7.983427509000023],[99.52449926000008,8.077787706000038],[99.52050747300007,8.14400422400007],[99.43350570000007,8.122898145000022],[99.39166637100004,8.109850334000043],[99.41496830500006,7.999762547000046],[99.36522460200007,7.944966600000043],[99.43596893300008,7.87465885000006],[99.51721983900006,7.87608295900003],[99.56258753800006,7.9250660440000615],[99.60284263800008,7.983427509000023]]]}},{"type":"Feature","id":"TH1005","properties":{"国家代码":"TH","行政层级":2,"行政层级中文":"县/曼谷区","行政区代码":"1005","上级行政区代码":"10","中文名称":"挽卿县","泰文名称":"บางเขน","英文名称":"Bang Khen","中文显示名":"挽卿县","中文名状态":"Wikidata已有中文名","边界状态":"可绘制","边界文件":"泰国_ADM2_县区边界.geojson","边界要素ID":"TH1005","边界坐标系":"WGS84 / EPSG:4326","边界数据时点":"2019-02-21","Google原生边界支持":"泰国不支持ADM2","Google地图绘制方式":"加载本GeoJSON到Google Maps Data图层","边界来源":"RTSD/OCHA衍生简化边界（canonical package）"},"geometry":{"type":"Polygon","coordinates":[[[100.68449650700006,13.87424829300005],[100.61113183000003,13.899779846000058],[100.59481328300006,13.887630844000057],[100.58654720500004,13.858933983000043],[100.58986609900006,13.84392907800003],[100.63712175800003,13.844668458000058],[100.64598685000004,13.847368251000034],[100.67545749200008,13.856381383000041],[100.68449650700006,13.87424829300005]]]}},{"type":"Feature","id":"TH2402","properties":{"国家代码":"TH","行政层级":2,"行政层级中文":"县/曼谷区","行政区代码":"2402","上级行政区代码":"24","中文名称":"邦卡县","泰文名称":"บางคล้า","英文名称":"Bang Khla","中文显示名":"邦卡县","中文名状态":"Wikidata已有中文名","边界状态":"可绘制","边界文件":"泰国_ADM2_县区边界.geojson","边界要素ID":"TH2402","边界坐标系":"WGS84 / EPSG:4326","边界数据时点":"2019-02-21","Google原生边界支持":"泰国不支持ADM2","Google地图绘制方式":"加载本GeoJSON到Google Maps Data图层","边界来源":"RTSD/OCHA衍生简化边界（canonical package）"},"geometry":{"type":"Polygon","coordinates":[[[101.24969343200007,13.866048281000076],[101.16194798100008,13.853080839000029],[101.20314740000003,13.764120208000065],[101.14408267700009,13.709271898000054],[101.14254045600006,13.652419775000055],[101.21287997100006,13.61628544000007],[101.26949409200006,13.674595160000024],[101.24300911600005,13.719593924000037],[101.24969343200007,13.866048281000076]]]}},{"type":"Feature","id":"TH1031","properties":{"国家代码":"TH","行政层级":2,"行政层级中文":"县/曼谷区","行政区代码":"1031","上级行政区代码":"10","中文名称":"曼柯廉县","泰文名称":"บางคอแหลม","英文名称":"Bang Kho Laem","中文显示名":"曼柯廉县","中文名状态":"Wikidata已有中文名","边界状态":"可绘制","边界文件":"泰国_ADM2_县区边界.geojson","边界要素ID":"TH1031","边界坐标系":"WGS84 / EPSG:4326","边界数据时点":"2019-02-21","Google原生边界支持":"泰国不支持ADM2","Google地图绘制方式":"加载本GeoJSON到Google Maps Data图层","边界来源":"RTSD/OCHA衍生简化边界（canonical package）"},"geometry":{"type":"Polygon","coordinates":[[[100.52994573900008,13.702543641000034],[100.50817089700007,13.712460984000074],[100.49863760900007,13.705137064000041],[100.48999809100007,13.695261866000067],[100.51698184600008,13.682678629000065],[100.52994573900008,13.702543641000034]]]}},{"type":"Feature","id":"TH7502","properties":{"国家代码":"TH","行政层级":2,"行政层级中文":"县/曼谷区","行政区代码":"7502","上级行政区代码":"75","中文名称":"邦坤梯县","泰文名称":"บางคนที","英文名称":"Bang Khonthi","中文显示名":"邦坤梯县","中文名状态":"Wikidata已有中文名","边界状态":"可绘制","边界文件":"泰国_ADM2_县区边界.geojson","边界要素ID":"TH7502","边界坐标系":"WGS84 / EPSG:4326","边界数据时点":"2019-02-21","Google原生边界支持":"泰国不支持ADM2","Google地图绘制方式":"加载本GeoJSON到Google Maps Data图层","边界来源":"RTSD/OCHA衍生简化边界（canonical package）"},"geometry":{"type":"Polygon","coordinates":[[[100.02627364800009,13.504561636000062],[99.91345807800008,13.51048323200007],[99.88916384500004,13.470097473000067],[99.89091936900007,13.449203085000022],[100.01435767500004,13.477550037000071],[100.02627364800009,13.504561636000062]]]}},{"type":"Feature","id":"TH1021","properties":{"国家代码":"TH","行政层级":2,"行政层级中文":"县/曼谷区","行政区代码":"1021","上级行政区代码":"10","中文名称":"挽坤天县","泰文名称":"บางขุนเทียน","英文名称":"Bang Khun Thian","中文显示名":"挽坤天县","中文名状态":"Wikidata已有中文名","边界状态":"可绘制","边界文件":"泰国_ADM2_县区边界.geojson","边界要素ID":"TH1021","边界坐标系":"WGS84 / EPSG:4326","边界数据时点":"2019-02-21","Google原生边界支持":"泰国不支持ADM2","Google地图绘制方式":"加载本GeoJSON到Google Maps Data图层","边界来源":"RTSD/OCHA衍生简化边界（canonical package）"},"geometry":{"type":"Polygon","coordinates":[[[100.47033367300008,13.65904032900005],[100.44679705800007,13.682558432000064],[100.37648208400009,13.619703151000067],[100.40883825200007,13.493389571000023],[100.45369343500005,13.501979764000055],[100.47693016600005,13.602955251000026],[100.47033367300008,13.65904032900005]]]}},{"type":"Feature","id":"TH9014","properties":{"国家代码":"TH","行政层级":2,"行政层级中文":"县/曼谷区","行政区代码":"9014","上级行政区代码":"90","中文名称":"邦坎县","泰文名称":"บางกล่ำ","英文名称":"Bang Klam","中文显示名":"邦坎县","中文名状态":"Wikidata已有中文名","边界状态":"可绘制","边界文件":"泰国_ADM2_县区边界.geojson","边界要素ID":"TH9014","边界坐标系":"WGS84 / EPSG:4326","边界数据时点":"2019-02-21","Google原生边界支持":"泰国不支持ADM2","Google地图绘制方式":"加载本GeoJSON到Google Maps Data图层","边界来源":"RTSD/OCHA衍生简化边界（canonical package）"},"geometry":{"type":"Polygon","coordinates":[[[100.30295824200005,7.039408641000023],[100.45011777300004,7.0166564420000554],[100.48170284100007,7.075980347000041],[100.46220998500007,7.187041116000046],[100.40688719200006,7.090765059000034],[100.33202769700006,7.087845737000066],[100.30295824200005,7.039408641000023]]]}},{"type":"Feature","id":"TH6505","properties":{"国家代码":"TH","行政层级":2,"行政层级中文":"县/曼谷区","行政区代码":"6505","上级行政区代码":"65","中文名称":"邦加统县","泰文名称":"บางกระทุ่ม","英文名称":"Bang Krathum","中文显示名":"邦加统县","中文名状态":"Wikidata已有中文名","边界状态":"可绘制","边界文件":"泰国_ADM2_县区边界.geojson","边界要素ID":"TH6505","边界坐标系":"WGS84 / EPSG:4326","边界数据时点":"2019-02-21","Google原生边界支持":"泰国不支持ADM2","Google地图绘制方式":"加载本GeoJSON到Google Maps Data图层","边界来源":"RTSD/OCHA衍生简化边界（canonical package）"},"geometry":{"type":"Polygon","coordinates":[[[100.48442892200006,16.551798490000067],[100.41313840500004,16.654888329000073],[100.30439982300004,16.709289863000038],[100.29409936100006,16.645008259000065],[100.21652093700004,16.64843393900003],[100.23593454200005,16.529398283000035],[100.38889853800003,16.554157882000027],[100.43445341400007,16.518984036000063],[100.48442892200006,16.551798490000067]]]}},{"type":"Feature","id":"TH1202","properties":{"国家代码":"TH","行政层级":2,"行政层级中文":"县/曼谷区","行政区代码":"1202","上级行政区代码":"12","中文名称":"邦格雷县","泰文名称":"บางกรวย","英文名称":"Bang Kruai","中文显示名":"邦格雷县","中文名状态":"Wikidata已有中文名","边界状态":"可绘制","边界文件":"泰国_ADM2_县区边界.geojson","边界要素ID":"TH1202","边界坐标系":"WGS84 / EPSG:4326","边界数据时点":"2019-02-21","Google原生边界支持":"泰国不支持ADM2","Google地图绘制方式":"加载本GeoJSON到Google Maps Data图层","边界来源":"RTSD/OCHA衍生简化边界（canonical package）"},"geometry":{"type":"Polygon","coordinates":[[[100.42760873600008,13.833864894000044],[100.31920486400008,13.822555284000032],[100.32791238700008,13.80412552100006],[100.41105770500008,13.801346720000026],[100.46617687000008,13.788917403000028],[100.51525513000007,13.813274840000076],[100.50740059800006,13.816038387000049],[100.42760873600008,13.833864894000044]]]}},{"type":"Feature","id":"TH2004","properties":{"国家代码":"TH","行政层级":2,"行政层级中文":"县/曼谷区","行政区代码":"2004","上级行政区代码":"20","中文名称":"挽腊茫郡","泰文名称":"บางละมุง","英文名称":"Bang Lamung","中文显示名":"挽腊茫郡","中文名状态":"Wikidata已有中文名","边界状态":"可绘制","边界文件":"泰国_ADM2_县区边界.geojson","边界要素ID":"TH2004","边界坐标系":"WGS84 / EPSG:4326","边界数据时点":"2019-02-21","Google原生边界支持":"泰国不支持ADM2","Google地图绘制方式":"加载本GeoJSON到Google Maps Data图层","边界来源":"RTSD/OCHA衍生简化边界（canonical package）"},"geometry":{"type":"Polygon","coordinates":[[[101.08279373800008,13.004156126000055],[100.95202465400007,13.084661397000048],[100.91829483600009,13.039442592000057],[100.85586721900006,12.909983853000028],[100.89329245000005,12.86464188900004],[100.92669041000005,12.801953843000035],[101.01197620000005,12.767614373000072],[101.05001184200006,12.815118239000071],[101.08816921300007,12.920569181000076],[101.08279373800008,13.004156126000055]]]}},{"type":"Feature","id":"TH7305","properties":{"国家代码":"TH","行政层级":2,"行政层级中文":"县/曼谷区","行政区代码":"7305","上级行政区代码":"73","中文名称":"班伦县","泰文名称":"บางเลน","英文名称":"Bang Len","中文显示名":"班伦县","中文名状态":"Wikidata已有中文名","边界状态":"可绘制","边界文件":"泰国_ADM2_县区边界.geojson","边界要素ID":"TH7305","边界坐标系":"WGS84 / EPSG:4326","边界数据时点":"2019-02-21","Google原生边界支持":"泰国不支持ADM2","Google地图绘制方式":"加载本GeoJSON到Google Maps Data图层","边界来源":"RTSD/OCHA衍生简化边界（canonical package）"},"geometry":{"type":"Polygon","coordinates":[[[100.28179029100005,14.126881928000046],[100.21290035300007,14.179213636000043],[100.06343058700008,14.145437848000029],[100.06428017600007,14.032634245000054],[100.11406084400005,14.043139645000053],[100.10010756300005,13.970561786000076],[100.17513656800008,13.92272207800005],[100.25612202000008,13.904495505000057],[100.28597582100008,13.892333072000042],[100.26406632100009,14.01016809600003],[100.28179029100005,14.126881928000046]]]}},{"type":"Feature","id":"TH6605","properties":{"国家代码":"TH","行政层级":2,"行政层级中文":"县/曼谷区","行政区代码":"6605","上级行政区代码":"66","中文名称":"邦门纳县","泰文名称":"บางมูลนาก","英文名称":"Bang Mun Nak","中文显示名":"邦门纳县","中文名状态":"Wikidata已有中文名","边界状态":"可绘制","边界文件":"泰国_ADM2_县区边界.geojson","边界要素ID":"TH6605","边界坐标系":"WGS84 / EPSG:4326","边界数据时点":"2019-02-21","Google原生边界支持":"泰国不支持ADM2","Google地图绘制方式":"加载本GeoJSON到Google Maps Data图层","边界来源":"RTSD/OCHA衍生简化边界（canonical package）"},"geometry":{"type":"Polygon","coordinates":[[[100.52289991300006,16.095628238000074],[100.42551665200006,16.158805457000028],[100.35816220300006,16.118368383000075],[100.30649835800006,15.973463683000034],[100.33118930000006,15.940653068000074],[100.46074139700005,15.938385346000075],[100.51923335200007,15.940200138000023],[100.49405685100004,16.000971892000052],[100.54245844400003,16.080054756000038],[100.52289991300006,16.095628238000074]]]}},{"type":"Feature","id":"TH1047","properties":{"国家代码":"TH","行政层级":2,"行政层级中文":"县/曼谷区","行政区代码":"1047","上级行政区代码":"10","中文名称":"挽那县","泰文名称":"บางนา","英文名称":"Bang Na","中文显示名":"挽那县","中文名状态":"Wikidata已有中文名","边界状态":"可绘制","边界文件":"泰国_ADM2_县区边界.geojson","边界要素ID":"TH1047","边界坐标系":"WGS84 / EPSG:4326","边界数据时点":"2019-02-21","Google原生边界支持":"泰国不支持ADM2","Google地图绘制方式":"加载本GeoJSON到Google Maps Data图层","边界来源":"RTSD/OCHA衍生简化边界（canonical package）"},"geometry":{"type":"Polygon","coordinates":[[[100.64023600300004,13.677941022000027],[100.58876983900007,13.683015013000045],[100.59210252600008,13.663807903000077],[100.64480773300005,13.653638436000051],[100.65379229100006,13.668975588000023],[100.64023600300004,13.677941022000027]]]}},{"type":"Feature","id":"TH2403","properties":{"国家代码":"TH","行政层级":2,"行政层级中文":"县/曼谷区","行政区代码":"2403","上级行政区代码":"24","中文名称":"邦南表县","泰文名称":"บางน้ำเปรี้ยว","英文名称":"Bang Nam Priao","中文显示名":"邦南表县","中文名状态":"Wikidata已有中文名","边界状态":"可绘制","边界文件":"泰国_ADM2_县区边界.geojson","边界要素ID":"TH2403","边界坐标系":"WGS84 / EPSG:4326","边界数据时点":"2019-02-21","Google原生边界支持":"泰国不支持ADM2","Google地图绘制方式":"加载本GeoJSON到Google Maps Data图层","边界来源":"RTSD/OCHA衍生简化边界（canonical package）"},"geometry":{"type":"Polygon","coordinates":[[[101.13780002200008,13.969887645000028],[100.91421818800006,13.961278383000035],[100.91398311800003,13.946490894000021],[100.93085189000004,13.804404244000068],[101.11463626700004,13.779493499000068],[101.14962118700004,13.851626734000035],[101.13780002200008,13.969887645000028]]]}},{"type":"Feature","id":"TH1406","properties":{"国家代码":"TH","行政层级":2,"行政层级中文":"县/曼谷区","行政区代码":"1406","上级行政区代码":"14","中文名称":"邦巴因县","泰文名称":"บางปะอิน","英文名称":"Bang Pa-In","中文显示名":"邦巴因县","中文名状态":"Wikidata已有中文名","边界状态":"可绘制","边界文件":"泰国_ADM2_县区边界.geojson","边界要素ID":"TH1406","边界坐标系":"WGS84 / EPSG:4326","边界数据时点":"2019-02-21","Google原生边界支持":"泰国不支持ADM2","Google地图绘制方式":"加载本GeoJSON到Google Maps Data图层","边界来源":"RTSD/OCHA衍生简化边界（canonical package）"},"geometry":{"type":"Polygon","coordinates":[[[100.62970402600007,14.323369060000061],[100.52703105400008,14.279706176000047],[100.53613361800006,14.160162805000027],[100.58047096700005,14.127746356000046],[100.58213962500008,14.128636878000066],[100.61967321000009,14.143122747000064],[100.68283819300007,14.299062724000066],[100.62970402600007,14.323369060000061]]]}},{"type":"Feature","id":"TH1407","properties":{"国家代码":"TH","行政层级":2,"行政层级中文":"县/曼谷区","行政区代码":"1407","上级行政区代码":"14","中文名称":"邦巴汉县","泰文名称":"บางปะหัน","英文名称":"Bang Pahan","中文显示名":"邦巴汉县","中文名状态":"Wikidata已有中文名","边界状态":"可绘制","边界文件":"泰国_ADM2_县区边界.geojson","边界要素ID":"TH1407","边界坐标系":"WGS84 / EPSG:4326","边界数据时点":"2019-02-21","Google原生边界支持":"泰国不支持ADM2","Google地图绘制方式":"加载本GeoJSON到Google Maps Data图层","边界来源":"RTSD/OCHA衍生简化边界（canonical package）"},"geometry":{"type":"Polygon","coordinates":[[[100.57446327500008,14.404702452000038],[100.60184496400007,14.554215713000076],[100.49639149400008,14.507660496000028],[100.49689553500008,14.459504766000066],[100.50494919300007,14.405893383000034],[100.57446327500008,14.404702452000038]]]}},{"type":"Feature","id":"TH2404","properties":{"国家代码":"TH","行政层级":2,"行政层级中文":"县/曼谷区","行政区代码":"2404","上级行政区代码":"24","中文名称":"邦巴功县","泰文名称":"บางปะกง","英文名称":"Bang Pakong","中文显示名":"邦巴功县","中文名状态":"Wikidata已有中文名","边界状态":"可绘制","边界文件":"泰国_ADM2_县区边界.geojson","边界要素ID":"TH2404","边界坐标系":"WGS84 / EPSG:4326","边界数据时点":"2019-02-21","Google原生边界支持":"泰国不支持ADM2","Google地图绘制方式":"加载本GeoJSON到Google Maps Data图层","边界来源":"RTSD/OCHA衍生简化边界（canonical package）"},"geometry":{"type":"Polygon","coordinates":[[[101.04066039300005,13.551108637000027],[100.96097103400007,13.636038575000043],[100.84839130800003,13.478420328000027],[100.96301593000004,13.460827564000056],[101.00850430600008,13.460414069000024],[101.04066039300005,13.551108637000027]]]}},{"type":"Feature","id":"TH7006","properties":{"国家代码":"TH","行政层级":2,"行政层级中文":"县/曼谷区","行政区代码":"7006","上级行政区代码":"70","中文名称":"班帕县","泰文名称":"บางแพ","英文名称":"Bang Phae","中文显示名":"班帕县","中文名状态":"Wikidata已有中文名","边界状态":"可绘制","边界文件":"泰国_ADM2_县区边界.geojson","边界要素ID":"TH7006","边界坐标系":"WGS84 / EPSG:4326","边界数据时点":"2019-02-21","Google原生边界支持":"泰国不支持ADM2","Google地图绘制方式":"加载本GeoJSON到Google Maps Data图层","边界来源":"RTSD/OCHA衍生简化边界（canonical package）"},"geometry":{"type":"Polygon","coordinates":[[[100.06788866400007,13.69335264700004],[100.01954339400004,13.746843462000072],[99.94821213300008,13.737627470000064],[99.89660191500008,13.719972403000043],[99.90838353900006,13.633233268000026],[100.03110954200008,13.612613751000026],[100.06026825100008,13.660286144000054],[100.06788866400007,13.69335264700004]]]}},{"type":"Feature","id":"TH1025","properties":{"国家代码":"TH","行政层级":2,"行政层级中文":"县/曼谷区","行政区代码":"1025","上级行政区代码":"10","中文名称":"挽拍县","泰文名称":"บางพลัด","英文名称":"Bang Phlat","中文显示名":"挽拍县","中文名状态":"Wikidata已有中文名","边界状态":"可绘制","边界文件":"泰国_ADM2_县区边界.geojson","边界要素ID":"TH1025","边界坐标系":"WGS84 / EPSG:4326","边界数据时点":"2019-02-21","Google原生边界支持":"泰国不支持ADM2","Google地图绘制方式":"加载本GeoJSON到Google Maps Data图层","边界来源":"RTSD/OCHA衍生简化边界（canonical package）"},"geometry":{"type":"Polygon","coordinates":[[[100.49903981300008,13.77266572700006],[100.51649756100005,13.80035809800006],[100.51525513000007,13.813274840000076],[100.46617687000008,13.788917403000028],[100.46593869000009,13.787158609000073],[100.49097198800007,13.761928724000029],[100.49903981300008,13.77266572700006]]]}},{"type":"Feature","id":"TH1103","properties":{"国家代码":"TH","行政层级":2,"行政层级中文":"县/曼谷区","行政区代码":"1103","上级行政区代码":"11","中文名称":"邦帕利县","泰文名称":"บางพลี","英文名称":"Bang Phli","中文显示名":"邦帕利县","中文名状态":"Wikidata已有中文名","边界状态":"可绘制","边界文件":"泰国_ADM2_县区边界.geojson","边界要素ID":"TH1103","边界坐标系":"WGS84 / EPSG:4326","边界数据时点":"2019-02-21","Google原生边界支持":"泰国不支持ADM2","Google地图绘制方式":"加载本GeoJSON到Google Maps Data图层","边界来源":"RTSD/OCHA衍生简化边界（canonical package）"},"geometry":{"type":"Polygon","coordinates":[[[100.78335778600007,13.716618769000036],[100.70999435100003,13.716782075000026],[100.65379229100006,13.668975588000023],[100.64480773300005,13.653638436000051],[100.69778248100005,13.586494578000043],[100.69562173500003,13.523410001000059],[100.76585653500007,13.521771201000035],[100.77216344500005,13.553657159000068],[100.78335778600007,13.716618769000036]]]}},{"type":"Feature","id":"TH7204","properties":{"国家代码":"TH","行政层级":2,"行政层级中文":"县/曼谷区","行政区代码":"7204","上级行政区代码":"72","中文名称":"邦巴玛县","泰文名称":"บางปลาม้า","英文名称":"Bang Pla Ma","中文显示名":"邦巴玛县","中文名状态":"Wikidata已有中文名","边界状态":"可绘制","边界文件":"泰国_ADM2_县区边界.geojson","边界要素ID":"TH7204","边界坐标系":"WGS84 / EPSG:4326","边界数据时点":"2019-02-21","Google原生边界支持":"泰国不支持ADM2","Google地图绘制方式":"加载本GeoJSON到Google Maps Data图层","边界来源":"RTSD/OCHA衍生简化边界（canonical package）"},"geometry":{"type":"Polygon","coordinates":[[[100.24611592000008,14.453801830000032],[100.02603949100006,14.400607002000072],[99.98404669700005,14.336716616000047],[100.00858038700005,14.294379391000064],[100.13401624000005,14.288864768000053],[100.23365112100004,14.241556800000069],[100.27850469800006,14.320066311000062],[100.27347966600007,14.407166232000066],[100.24611592000008,14.453801830000032]]]}},{"type":"Feature","id":"TH1702","properties":{"国家代码":"TH","行政层级":2,"行政层级中文":"县/曼谷区","行政区代码":"1702","上级行政区代码":"17","中文名称":"邦拉占县","泰文名称":"บางระจัน","英文名称":"Bang Rachan","中文显示名":"邦拉占县","中文名状态":"Wikidata已有中文名","边界状态":"可绘制","边界文件":"泰国_ADM2_县区边界.geojson","边界要素ID":"TH1702","边界坐标系":"WGS84 / EPSG:4326","边界数据时点":"2019-02-21","Google原生边界支持":"泰国不支持ADM2","Google地图绘制方式":"加载本GeoJSON到Google Maps Data图层","边界来源":"RTSD/OCHA衍生简化边界（canonical package）"},"geometry":{"type":"Polygon","coordinates":[[[100.34157055100007,14.937216233000072],[100.28845836900007,14.956346628000063],[100.20269512300007,14.953456120000055],[100.21542735900005,14.839860029000022],[100.30500514700003,14.82853714600003],[100.36743094300004,14.87112860600007],[100.34157055100007,14.937216233000072]]]}},{"type":"Feature","id":"TH1004","properties":{"国家代码":"TH","行政层级":2,"行政层级中文":"县/曼谷区","行政区代码":"1004","上级行政区代码":"10","中文名称":"挽叻县","泰文名称":"บางรัก","英文名称":"Bang Rak","中文显示名":"挽叻县","中文名状态":"Wikidata已有中文名","边界状态":"可绘制","边界文件":"泰国_ADM2_县区边界.geojson","边界要素ID":"TH1004","边界坐标系":"WGS84 / EPSG:4326","边界数据时点":"2019-02-21","Google原生边界支持":"泰国不支持ADM2","Google地图绘制方式":"加载本GeoJSON到Google Maps Data图层","边界来源":"RTSD/OCHA衍生简化边界（canonical package）"},"geometry":{"type":"Polygon","coordinates":[[[100.51203169500008,13.719335614000045],[100.54474537400006,13.72616625300003],[100.51568779700006,13.738046738000037],[100.51229834900005,13.729392587000063],[100.51203169500008,13.719335614000045]]]}},{"type":"Feature","id":"TH6504","properties":{"国家代码":"TH","行政层级":2,"行政层级中文":"县/曼谷区","行政区代码":"6504","上级行政区代码":"65","中文名称":"邦拉堪县","泰文名称":"บางระกำ","英文名称":"Bang Rakam","中文显示名":"邦拉堪县","中文名状态":"Wikidata已有中文名","边界状态":"可绘制","边界文件":"泰国_ADM2_县区边界.geojson","边界要素ID":"TH6504","边界坐标系":"WGS84 / EPSG:4326","边界数据时点":"2019-02-21","Google原生边界支持":"泰国不支持ADM2","Google地图绘制方式":"加载本GeoJSON到Google Maps Data图层","边界来源":"RTSD/OCHA衍生简化边界（canonical package）"},"geometry":{"type":"Polygon","coordinates":[[[100.11079455000004,16.914859313000022],[99.94142898500007,16.863594789000047],[99.88953204700005,16.797662067000033],[99.85341018000008,16.735271930000067],[99.88864028600005,16.71504438000005],[99.92514809600004,16.579092245000027],[100.01378001800003,16.574208663000036],[100.11865148800007,16.614071900000056],[100.17050382900004,16.590525128000024],[100.21652093700004,16.64843393900003],[100.16382508600003,16.747809327000027],[100.16575532500008,16.81960839000004],[100.12132669000005,16.907209253000076],[100.11079455000004,16.914859313000022]]]}},{"type":"Feature","id":"TH1404","properties":{"国家代码":"TH","行政层级":2,"行政层级中文":"县/曼谷区","行政区代码":"1404","上级行政区代码":"14","中文名称":"邦赛县","泰文名称":"บางไทร","英文名称":"Bang Sai","中文显示名":"邦赛县","中文名状态":"Wikidata已有中文名","边界状态":"可绘制","边界文件":"泰国_ADM2_县区边界.geojson","边界要素ID":"TH1404","边界坐标系":"WGS84 / EPSG:4326","边界数据时点":"2019-02-21","Google原生边界支持":"泰国不支持ADM2","Google地图绘制方式":"加载本GeoJSON到Google Maps Data图层","边界来源":"RTSD/OCHA衍生简化边界（canonical package）"},"geometry":{"type":"Polygon","coordinates":[[[100.52703105400008,14.279706176000047],[100.50823925500003,14.325487617000022],[100.43200830400008,14.307272767000029],[100.41792606900003,14.224206091000042],[100.45452011700007,14.115897532000076],[100.58047096700005,14.127746356000046],[100.53613361800006,14.160162805000027],[100.52703105400008,14.279706176000047]]]}},{"type":"Feature","id":"TH1413","properties":{"国家代码":"TH","行政层级":2,"行政层级中文":"县/曼谷区","行政区代码":"1413","上级行政区代码":"14","中文名称":"邦赛县","泰文名称":"บางซ้าย","英文名称":"Bang Sai","中文显示名":"邦赛县","中文名状态":"Wikidata已有中文名","边界状态":"可绘制","边界文件":"泰国_ADM2_县区边界.geojson","边界要素ID":"TH1413","边界坐标系":"WGS84 / EPSG:4326","边界数据时点":"2019-02-21","Google原生边界支持":"泰国不支持ADM2","Google地图绘制方式":"加载本GeoJSON到Google Maps Data图层","边界来源":"RTSD/OCHA衍生简化边界（canonical package）"},"geometry":{"type":"Polygon","coordinates":[[[100.37103554500004,14.402456951000033],[100.27347966600007,14.407166232000066],[100.27850469800006,14.320066311000062],[100.23365112100004,14.241556800000069],[100.23608597400005,14.204408090000072],[100.27403947400006,14.219173000000069],[100.35519165500006,14.31982247700006],[100.37103554500004,14.402456951000033]]]}},{"type":"Feature","id":"TH1106","properties":{"国家代码":"TH","行政层级":2,"行政层级中文":"县/曼谷区","行政区代码":"1106","上级行政区代码":"11","中文名称":"邦骚通县","泰文名称":"บางเสาธง","英文名称":"Bang Sao Thong","中文显示名":"邦骚通县","中文名状态":"Wikidata已有中文名","边界状态":"可绘制","边界文件":"泰国_ADM2_县区边界.geojson","边界要素ID":"TH1106","边界坐标系":"WGS84 / EPSG:4326","边界数据时点":"2019-02-21","Google原生边界支持":"泰国不支持ADM2","Google地图绘制方式":"加载本GeoJSON到Google Maps Data图层","边界来源":"RTSD/OCHA衍生简化边界（canonical package）"},"geometry":{"type":"Polygon","coordinates":[[[100.85934736500008,13.689560424000035],[100.78335778600007,13.716618769000036],[100.77216344500005,13.553657159000068],[100.82766616100008,13.565204208000068],[100.85934736500008,13.689560424000035]]]}},{"type":"Feature","id":"TH7704","properties":{"国家代码":"TH","行政层级":2,"行政层级中文":"县/曼谷区","行政区代码":"7704","上级行政区代码":"77","中文名称":"邦沙潘县","泰文名称":"บางสะพาน","英文名称":"Bang Saphan","中文显示名":"邦沙潘县","中文名状态":"Wikidata已有中文名","边界状态":"可绘制","边界文件":"泰国_ADM2_县区边界.geojson","边界要素ID":"TH7704","边界坐标系":"WGS84 / EPSG:4326","边界数据时点":"2019-02-21","Google原生边界支持":"泰国不支持ADM2","Google地图绘制方式":"加载本GeoJSON到Google Maps Data图层","边界来源":"RTSD/OCHA衍生简化边界（canonical package）"},"geometry":{"type":"Polygon","coordinates":[[[99.59942404200007,11.405019768000045],[99.49122135100004,11.424448167000037],[99.41956392700007,11.476039583000045],[99.40424113600005,11.406016486000055],[99.31192143900006,11.317323948000023],[99.26698763600007,11.219202396000071],[99.39795312300004,11.133394117000023],[99.48625321100008,11.127905834000046],[99.56653804100006,11.222827085000063],[99.55513799300007,11.319675747000076],[99.59942404200007,11.405019768000045]]]}},{"type":"Feature","id":"TH7705","properties":{"国家代码":"TH","行政层级":2,"行政层级中文":"县/曼谷区","行政区代码":"7705","上级行政区代码":"77","中文名称":"邦沙潘内县","泰文名称":"บางสะพานน้อย","英文名称":"Bang Saphan Noi","中文显示名":"邦沙潘内县","中文名状态":"Wikidata已有中文名","边界状态":"可绘制","边界文件":"泰国_ADM2_县区边界.geojson","边界要素ID":"TH7705","边界坐标系":"WGS84 / EPSG:4326","边界数据时点":"2019-02-21","Google原生边界支持":"泰国不支持ADM2","Google地图绘制方式":"加载本GeoJSON到Google Maps Data图层","边界来源":"RTSD/OCHA衍生简化边界（canonical package）"},"geometry":{"type":"Polygon","coordinates":[[[99.48625321100008,11.127905834000046],[99.39795312300004,11.133394117000023],[99.26698763600007,11.219202396000071],[99.22761309400005,11.112075743000048],[99.15377956800006,11.033709260000023],[99.25849291200007,10.96535085100004],[99.40692531200006,10.954766665000022],[99.50256046200008,10.991796295000029],[99.48625321100008,11.127905834000046]]]}},{"type":"Feature","id":"TH1029","properties":{"国家代码":"TH","行政层级":2,"行政层级中文":"县/曼谷区","行政区代码":"1029","上级行政区代码":"10","中文名称":"挽赐县","泰文名称":"บางซื่อ","英文名称":"Bang Su","中文显示名":"挽赐县","中文名状态":"Wikidata已有中文名","边界状态":"可绘制","边界文件":"泰国_ADM2_县区边界.geojson","边界要素ID":"TH1029","边界坐标系":"WGS84 / EPSG:4326","边界数据时点":"2019-02-21","Google原生边界支持":"泰国不支持ADM2","Google地图绘制方式":"加载本GeoJSON到Google Maps Data图层","边界来源":"RTSD/OCHA衍生简化边界（canonical package）"},"geometry":{"type":"Polygon","coordinates":[[[100.53742427600008,13.79785442900004],[100.54362947200008,13.849628112000062],[100.50740059800006,13.816038387000049],[100.51525513000007,13.813274840000076],[100.51649756100005,13.80035809800006],[100.53742427600008,13.79785442900004]]]}},{"type":"Feature","id":"TH1203","properties":{"国家代码":"TH","行政层级":2,"行政层级中文":"县/曼谷区","行政区代码":"1203","上级行政区代码":"12","中文名称":"邦艾县","泰文名称":"บางใหญ่","英文名称":"Bang Yai","中文显示名":"邦艾县","中文名状态":"Wikidata已有中文名","边界状态":"可绘制","边界文件":"泰国_ADM2_县区边界.geojson","边界要素ID":"TH1203","边界坐标系":"WGS84 / EPSG:4326","边界数据时点":"2019-02-21","Google原生边界支持":"泰国不支持ADM2","Google地图绘制方式":"加载本GeoJSON到Google Maps Data图层","边界来源":"RTSD/OCHA衍生简化边界（canonical package）"},"geometry":{"type":"Polygon","coordinates":[[[100.44792779800008,13.867365125000049],[100.34176289000004,13.883369329000061],[100.29681910800008,13.869552457000054],[100.31920486400008,13.822555284000032],[100.42760873600008,13.833864894000044],[100.44792779800008,13.867365125000049]]]}},{"type":"Feature","id":"TH1020","properties":{"国家代码":"TH","行政层级":2,"行政层级中文":"县/曼谷区","行政区代码":"1020","上级行政区代码":"10","中文名称":"曼谷蓮縣","泰文名称":"บางกอกน้อย","英文名称":"Bangkok Noi","中文显示名":"曼谷蓮縣","中文名状态":"Wikidata已有中文名","边界状态":"可绘制","边界文件":"泰国_ADM2_县区边界.geojson","边界要素ID":"TH1020","边界坐标系":"WGS84 / EPSG:4326","边界数据时点":"2019-02-21","Google原生边界支持":"泰国不支持ADM2","Google地图绘制方式":"加载本GeoJSON到Google Maps Data图层","边界来源":"RTSD/OCHA衍生简化边界（canonical package）"},"geometry":{"type":"Polygon","coordinates":[[[100.49097198800007,13.761928724000029],[100.46593869000009,13.787158609000073],[100.46205219200004,13.744419748000041],[100.48829925000007,13.748209494000037],[100.49097198800007,13.761928724000029]]]}},{"type":"Feature","id":"TH1016","properties":{"国家代码":"TH","行政层级":2,"行政层级中文":"县/曼谷区","行政区代码":"1016","上级行政区代码":"10","中文名称":"曼谷艾县","泰文名称":"บางกอกใหญ่","英文名称":"Bangkok Yai","中文显示名":"曼谷艾县","中文名状态":"Wikidata已有中文名","边界状态":"可绘制","边界文件":"泰国_ADM2_县区边界.geojson","边界要素ID":"TH1016","边界坐标系":"WGS84 / EPSG:4326","边界数据时点":"2019-02-21","Google原生边界支持":"泰国不支持ADM2","Google地图绘制方式":"加载本GeoJSON到Google Maps Data图层","边界来源":"RTSD/OCHA衍生简化边界（canonical package）"},"geometry":{"type":"Polygon","coordinates":[[[100.49196979800007,13.742172671000048],[100.48829925000007,13.748209494000037],[100.46205219200004,13.744419748000041],[100.47163796800004,13.722443215000055],[100.49196979800007,13.742172671000048]]]}},{"type":"Feature","id":"TH9503","properties":{"国家代码":"TH","行政层级":2,"行政层级中文":"县/曼谷区","行政区代码":"9503","上级行政区代码":"95","中文名称":"班南沙达县","泰文名称":"บันนังสตา","英文名称":"Bannang Sata","中文显示名":"班南沙达县","中文名状态":"Wikidata已有中文名","边界状态":"可绘制","边界文件":"泰国_ADM2_县区边界.geojson","边界要素ID":"TH9503","边界坐标系":"WGS84 / EPSG:4326","边界数据时点":"2019-02-21","Google原生边界支持":"泰国不支持ADM2","Google地图绘制方式":"加载本GeoJSON到Google Maps Data图层","边界来源":"RTSD/OCHA衍生简化边界（canonical package）"},"geometry":{"type":"Polygon","coordinates":[[[101.32561287500005,6.3917346860000634],[101.22617905300007,6.340926934000038],[101.10152680100003,6.25544325900006],[101.11845888700009,6.1863936450000665],[101.26567031300004,6.215558603000034],[101.26241367200004,6.130413227000076],[101.39390589000004,6.159855831000073],[101.39844426200006,6.23142746000002],[101.38779984700005,6.335564738000073],[101.32561287500005,6.3917346860000634]]]}},{"type":"Feature","id":"TH6005","properties":{"国家代码":"TH","行政层级":2,"行政层级中文":"县/曼谷区","行政区代码":"6005","上级行政区代码":"60","中文名称":"班坡披猜县","泰文名称":"บรรพตพิสัย","英文名称":"Banphot Phisai","中文显示名":"班坡披猜县","中文名状态":"Wikidata已有中文名","边界状态":"可绘制","边界文件":"泰国_ADM2_县区边界.geojson","边界要素ID":"TH6005","边界坐标系":"WGS84 / EPSG:4326","边界数据时点":"2019-02-21","Google原生边界支持":"泰国不支持ADM2","Google地图绘制方式":"加载本GeoJSON到Google Maps Data图层","边界来源":"RTSD/OCHA衍生简化边界（canonical package）"},"geometry":{"type":"Polygon","coordinates":[[[100.11345103400004,16.07955045500006],[100.02485074300006,16.19118436800005],[99.98432186700006,16.118128797000054],[99.92683437600004,16.051560721000044],[99.84528544700004,16.02359450800003],[99.80498229300008,15.920601438000062],[99.89442924600007,15.900720479000029],[99.93025122800003,15.83826620800005],[99.99320822700008,15.846367327000053],[100.08975236800006,15.959429088000036],[100.16067488900006,15.959192871000027],[100.11345103400004,16.07955045500006]]]}},{"type":"Feature","id":"TH3319","properties":{"国家代码":"TH","行政层级":2,"行政层级中文":"县/曼谷区","行政区代码":"3319","上级行政区代码":"33","中文名称":"本乍叻县","泰文名称":"เบญจลักษ์","英文名称":"Benchalak","中文显示名":"本乍叻县","中文名状态":"Wikidata已有中文名","边界状态":"可绘制","边界文件":"泰国_ADM2_县区边界.geojson","边界要素ID":"TH3319","边界坐标系":"WGS84 / EPSG:4326","边界数据时点":"2019-02-21","Google原生边界支持":"泰国不支持ADM2","Google地图绘制方式":"加载本GeoJSON到Google Maps Data图层","边界来源":"RTSD/OCHA衍生简化边界（canonical package）"},"geometry":{"type":"Polygon","coordinates":[[[104.79760925600004,14.810341085000061],[104.71685514400008,14.859372436000058],[104.61286029500008,14.86787825700003],[104.60569155800005,14.816978324000047],[104.58489280400005,14.787850941000045],[104.64252130900007,14.788606392000077],[104.73980374600006,14.705671038000048],[104.83797212400003,14.739614919000076],[104.81794224800007,14.776988454000048],[104.79760925600004,14.810341085000061]]]}},{"type":"Feature","id":"TH9502","properties":{"国家代码":"TH","行政层级":2,"行政层级中文":"县/曼谷区","行政区代码":"9502","上级行政区代码":"95","中文名称":"勿洞县","泰文名称":"เบตง","英文名称":"Betong","中文显示名":"勿洞县","中文名状态":"Wikidata已有中文名","边界状态":"可绘制","边界文件":"泰国_ADM2_县区边界.geojson","边界要素ID":"TH9502","边界坐标系":"WGS84 / EPSG:4326","边界数据时点":"2019-02-21","Google原生边界支持":"泰国不支持ADM2","Google地图绘制方式":"加载本GeoJSON到Google Maps Data图层","边界来源":"RTSD/OCHA衍生简化边界（canonical package）"},"geometry":{"type":"Polygon","coordinates":[[[101.47793917500007,6.043515905000049],[101.40623324200004,6.05777593800002],[101.32807314100006,6.01164304200006],[101.28637774900005,5.894402891000027],[101.25177361500005,5.999002806000021],[101.10634695500005,5.998807508000027],[101.08473000500004,5.909395320000044],[101.03782941800006,5.917838206000056],[100.98963766800006,5.783502776000034],[101.12312924200006,5.66175684500007],[101.13562825500009,5.613037873000053],[101.25979354600008,5.712162913000043],[101.26359431800006,5.800917696000056],[101.37352026800005,5.83241728400003],[101.39154133300008,5.875880929000061],[101.50222226700004,5.889682420000042],[101.47793917500007,6.043515905000049]]]}},{"type":"Feature","id":"TH5512","properties":{"国家代码":"TH","行政层级":2,"行政层级中文":"县/曼谷区","行政区代码":"5512","上级行政区代码":"55","中文名称":"博格勒县","泰文名称":"บ่อเกลือ","英文名称":"Bo Kluea","中文显示名":"博格勒县","中文名状态":"Wikidata已有中文名","边界状态":"可绘制","边界文件":"泰国_ADM2_县区边界.geojson","边界要素ID":"TH5512","边界坐标系":"WGS84 / EPSG:4326","边界数据时点":"2019-02-21","Google原生边界支持":"泰国不支持ADM2","Google地图绘制方式":"加载本GeoJSON到Google Maps Data图层","边界来源":"RTSD/OCHA衍生简化边界（canonical package）"},"geometry":{"type":"Polygon","coordinates":[[[101.20426124800008,19.354119437000065],[101.11313837600005,19.346462874000053],[101.12953708000003,19.20931295300005],[101.07094085800009,19.127412244000027],[101.06323091400009,18.989647314000024],[101.09127986700008,18.961326324000026],[101.17377956800004,18.900902925000025],[101.24898451100006,18.895971123000038],[101.35814707700007,19.050901318000058],[101.25674840300007,19.124650338000038],[101.25970665700004,19.229734647000043],[101.20426124800008,19.354119437000065]]]}},{"type":"Feature","id":"TH7103","properties":{"国家代码":"TH","行政层级":2,"行政层级中文":"县/曼谷区","行政区代码":"7103","上级行政区代码":"71","中文名称":"博帕雷县","泰文名称":"บ่อพลอย","英文名称":"Bo Phloi","中文显示名":"博帕雷县","中文名状态":"Wikidata已有中文名","边界状态":"可绘制","边界文件":"泰国_ADM2_县区边界.geojson","边界要素ID":"TH7103","边界坐标系":"WGS84 / EPSG:4326","边界数据时点":"2019-02-21","Google原生边界支持":"泰国不支持ADM2","Google地图绘制方式":"加载本GeoJSON到Google Maps Data图层","边界来源":"RTSD/OCHA衍生简化边界（canonical package）"},"geometry":{"type":"Polygon","coordinates":[[[99.58033394500006,14.590778455000077],[99.44992732700007,14.534561282000027],[99.40003922000005,14.617677139000023],[99.31906654800008,14.633983641000043],[99.28333012200005,14.622911571000031],[99.31833504200006,14.414643141000056],[99.35992845800007,14.290141048000066],[99.33895477600004,14.244234486000039],[99.43741985500009,14.193895248000047],[99.45403595400006,14.15063516600003],[99.56561035900006,14.128642099000047],[99.58223208800007,14.242373719000057],[99.58526133500004,14.336738319000062],[99.54449939100004,14.378029624000021],[99.56968700000004,14.461406046000036],[99.58033394500006,14.590778455000077]]]}},{"type":"Feature","id":"TH2304","properties":{"国家代码":"TH","行政层级":2,"行政层级中文":"县/曼谷区","行政区代码":"2304","上级行政区代码":"23","中文名称":"博赖县","泰文名称":"บ่อไร่","英文名称":"Bo Rai","中文显示名":"博赖县","中文名状态":"Wikidata已有中文名","边界状态":"可绘制","边界文件":"泰国_ADM2_县区边界.geojson","边界要素ID":"TH2304","边界坐标系":"WGS84 / EPSG:4326","边界数据时点":"2019-02-21","Google原生边界支持":"泰国不支持ADM2","Google地图绘制方式":"加载本GeoJSON到Google Maps Data图层","边界来源":"RTSD/OCHA衍生简化边界（canonical package）"},"geometry":{"type":"Polygon","coordinates":[[[102.50762102800007,12.752436102000047],[102.49116729900004,12.757238753000024],[102.38528671300008,12.67949346000006],[102.38940523300005,12.645337882000035],[102.48469407500005,12.519454640000049],[102.55172808200007,12.466569153000023],[102.62833811300004,12.392995443000075],[102.77834746100007,12.436211358000037],[102.67817817800005,12.538630316000024],[102.64592353800003,12.610956015000056],[102.51022080100006,12.670657506000055],[102.50762102800007,12.752436102000047]]]}},{"type":"Feature","id":"TH2010","properties":{"国家代码":"TH","行政层级":2,"行政层级中文":"县/曼谷区","行政区代码":"2010","上级行政区代码":"20","中文名称":"博通县","泰文名称":"บ่อทอง","英文名称":"Bo Thong","中文显示名":"博通县","中文名状态":"Wikidata已有中文名","边界状态":"可绘制","边界文件":"泰国_ADM2_县区边界.geojson","边界要素ID":"TH2010","边界坐标系":"WGS84 / EPSG:4326","边界数据时点":"2019-02-21","Google原生边界支持":"泰国不支持ADM2","Google地图绘制方式":"加载本GeoJSON到Google Maps Data图层","边界来源":"RTSD/OCHA衍生简化边界（canonical package）"},"geometry":{"type":"Polygon","coordinates":[[[101.54730617200005,13.386258334000047],[101.47265274400007,13.348668857000064],[101.41467622000005,13.372052358000076],[101.28082290600008,13.348302700000033],[101.26677474600007,13.313830061000033],[101.31788196400004,13.282152832000065],[101.42981275100004,13.149946490000048],[101.49552499800006,13.153136391000032],[101.54680297500005,13.07251800000006],[101.57810664400006,13.109208266000053],[101.64826369700006,13.163488681000047],[101.69577208800007,13.14659670900005],[101.71713777700006,13.182213531000059],[101.66897069500004,13.271695505000025],[101.56441158900009,13.331364399000051],[101.54730617200005,13.386258334000047]]]}},{"type":"Feature","id":"TH4406","properties":{"国家代码":"TH","行政层级":2,"行政层级中文":"县/曼谷区","行政区代码":"4406","上级行政区代码":"44","中文名称":"博拉布县","泰文名称":"บรบือ","英文名称":"Borabue","中文显示名":"博拉布县","中文名状态":"Wikidata已有中文名","边界状态":"可绘制","边界文件":"泰国_ADM2_县区边界.geojson","边界要素ID":"TH4406","边界坐标系":"WGS84 / EPSG:4326","边界数据时点":"2019-02-21","Google原生边界支持":"泰国不支持ADM2","Google地图绘制方式":"加载本GeoJSON到Google Maps Data图层","边界来源":"RTSD/OCHA衍生简化边界（canonical package）"},"geometry":{"type":"Polygon","coordinates":[[[103.24878681200005,15.976036504000035],[103.20567902400006,16.015785295000057],[103.25268956300005,16.075709937000056],[103.21880127600008,16.135282794000034],[103.12690711200008,16.134103767000056],[103.11957694900008,16.17092438700007],[103.06963512400006,16.147063762000073],[103.07852927700009,16.100315487000046],[102.94210407900005,15.909074213000054],[103.04635982900004,15.89913308000007],[103.11692996200009,15.841450528000053],[103.14948106500003,15.863682500000039],[103.26502266500006,15.920475363000037],[103.24878681200005,15.976036504000035]]]}},{"type":"Feature","id":"TH3030","properties":{"国家代码":"TH","行政层级":2,"行政层级中文":"县/曼谷区","行政区代码":"3030","上级行政区代码":"30","中文名称":"波莱县","泰文名称":"บัวลาย","英文名称":"Bua Lai","中文显示名":"波莱县","中文名状态":"Wikidata已有中文名","边界状态":"可绘制","边界文件":"泰国_ADM2_县区边界.geojson","边界要素ID":"TH3030","边界坐标系":"WGS84 / EPSG:4326","边界数据时点":"2019-02-21","Google原生边界支持":"泰国不支持ADM2","Google地图绘制方式":"加载本GeoJSON到Google Maps Data图层","边界来源":"RTSD/OCHA衍生简化边界（canonical package）"},"geometry":{"type":"Polygon","coordinates":[[[102.59780691900005,15.712458140000024],[102.45325139100004,15.716650874000038],[102.42069466900006,15.69505154500007],[102.50637652200004,15.610728993000066],[102.60281505100005,15.66979133600006],[102.59780691900005,15.712458140000024]]]}},{"type":"Feature","id":"TH3012","properties":{"国家代码":"TH","行政层级":2,"行政层级中文":"县/曼谷区","行政区代码":"3012","上级行政区代码":"30","中文名称":"波艾县","泰文名称":"บัวใหญ่","英文名称":"Bua Yai","中文显示名":"波艾县","中文名状态":"Wikidata已有中文名","边界状态":"可绘制","边界文件":"泰国_ADM2_县区边界.geojson","边界要素ID":"TH3012","边界坐标系":"WGS84 / EPSG:4326","边界数据时点":"2019-02-21","Google原生边界支持":"泰国不支持ADM2","Google地图绘制方式":"加载本GeoJSON到Google Maps Data图层","边界来源":"RTSD/OCHA衍生简化边界（canonical package）"},"geometry":{"type":"Polygon","coordinates":[[[102.42069466900006,15.69505154500007],[102.36278951800006,15.729769327000042],[102.23307480800008,15.607280117000073],[102.24704427100005,15.547412526000073],[102.47012539300005,15.458754339000052],[102.52055600300008,15.465440113000056],[102.46031249800006,15.552679475000048],[102.50637652200004,15.610728993000066],[102.42069466900006,15.69505154500007]]]}},{"type":"Feature","id":"TH3213","properties":{"国家代码":"TH","行政层级":2,"行政层级中文":"县/曼谷区","行政区代码":"3213","上级行政区代码":"32","中文名称":"博切县","泰文名称":"บัวเชด","英文名称":"Buachet","中文显示名":"博切县","中文名状态":"Wikidata已有中文名","边界状态":"可绘制","边界文件":"泰国_ADM2_县区边界.geojson","边界要素ID":"TH3213","边界坐标系":"WGS84 / EPSG:4326","边界数据时点":"2019-02-21","Google原生边界支持":"泰国不支持ADM2","Google地图绘制方式":"加载本GeoJSON到Google Maps Data图层","边界来源":"RTSD/OCHA衍生简化边界（canonical package）"},"geometry":{"type":"Polygon","coordinates":[[[104.05103883600003,14.63684904300004],[104.00293811500006,14.638378190000026],[103.88341999300008,14.553699661000053],[103.91738446800008,14.336655432000043],[104.05712228100003,14.343440557000065],[104.03241897700008,14.545514096000034],[104.05727489400005,14.621943053000052],[104.05103883600003,14.63684904300004]]]}},{"type":"Feature","id":"TH3311","properties":{"国家代码":"TH","行政层级":2,"行政层级中文":"县/曼谷区","行政区代码":"3311","上级行政区代码":"33","中文名称":"本汶县","泰文名称":"บึงบูรพ์","英文名称":"Bueng Bun","中文显示名":"本汶县","中文名状态":"Wikidata已有中文名","边界状态":"可绘制","边界文件":"泰国_ADM2_县区边界.geojson","边界要素ID":"TH3311","边界坐标系":"WGS84 / EPSG:4326","边界数据时点":"2019-02-21","Google原生边界支持":"泰国不支持ADM2","Google地图绘制方式":"加载本GeoJSON到Google Maps Data图层","边界来源":"RTSD/OCHA衍生简化边界（canonical package）"},"geometry":{"type":"Polygon","coordinates":[[[104.11439532500003,15.281854687000077],[104.06399142100008,15.34950810500004],[104.01524377900006,15.289547106000043],[104.09621298100006,15.276429241000073],[104.11439532500003,15.281854687000077]]]}},{"type":"Feature","id":"TH3806","properties":{"国家代码":"TH","行政层级":2,"行政层级中文":"县/曼谷区","行政区代码":"3806","上级行政区代码":"38","中文名称":"汶孔隆县","泰文名称":"บึงโขงหลง","英文名称":"Bueng Khong Long","中文显示名":"汶孔隆县","中文名状态":"Wikidata已有中文名","边界状态":"可绘制","边界文件":"泰国_ADM2_县区边界.geojson","边界要素ID":"TH3806","边界坐标系":"WGS84 / EPSG:4326","边界数据时点":"2019-02-21","Google原生边界支持":"泰国不支持ADM2","Google地图绘制方式":"加载本GeoJSON到Google Maps Data图层","边界来源":"RTSD/OCHA衍生简化边界（canonical package）"},"geometry":{"type":"Polygon","coordinates":[[[104.08405467100005,18.170359964000056],[103.95520038400008,18.160984305000056],[104.08995927500007,18.076219222000077],[104.03518229900004,18.056519238000078],[103.99928523500006,17.89304935100006],[104.06945912000003,17.878159667000034],[104.13413812400006,17.955929068000046],[104.11182328900009,18.00480804400007],[104.18998160400008,18.023739802000023],[104.08405467100005,18.170359964000056]]]}},{"type":"Feature","id":"TH1027","properties":{"国家代码":"TH","行政层级":2,"行政层级中文":"县/曼谷区","行政区代码":"1027","上级行政区代码":"10","中文名称":"汶昆县","泰文名称":"บึงกุ่ม","英文名称":"Bung Kum","中文显示名":"汶昆县","中文名状态":"Wikidata已有中文名","边界状态":"可绘制","边界文件":"泰国_ADM2_县区边界.geojson","边界要素ID":"TH1027","边界坐标系":"WGS84 / EPSG:4326","边界数据时点":"2019-02-21","Google原生边界支持":"泰国不支持ADM2","Google地图绘制方式":"加载本GeoJSON到Google Maps Data图层","边界来源":"RTSD/OCHA衍生简化边界（canonical package）"},"geometry":{"type":"Polygon","coordinates":[[[100.67513534100004,13.781205881000062],[100.64598685000004,13.847368251000034],[100.63712175800003,13.844668458000058],[100.62447812000005,13.817398727000068],[100.66462440800007,13.775369817000069],[100.67513534100004,13.781205881000062]]]}},{"type":"Feature","id":"TH6610","properties":{"国家代码":"TH","行政层级":2,"行政层级中文":"县/曼谷区","行政区代码":"6610","上级行政区代码":"66","中文名称":"那朗县","泰文名称":"บึงนาราง","英文名称":"Bueng Na Rang","中文显示名":"那朗县","中文名状态":"Wikidata已有中文名","边界状态":"可绘制","边界文件":"泰国_ADM2_县区边界.geojson","边界要素ID":"TH6610","边界坐标系":"WGS84 / EPSG:4326","边界数据时点":"2019-02-21","Google原生边界支持":"泰国不支持ADM2","Google地图绘制方式":"加载本GeoJSON到Google Maps Data图层","边界来源":"RTSD/OCHA衍生简化边界（canonical package）"},"geometry":{"type":"Polygon","coordinates":[[[100.26064241900008,16.24231026900003],[100.02894512400007,16.270558701000027],[100.02485074300006,16.19118436800005],[100.11345103400004,16.07955045500006],[100.18594939900004,16.18217556600007],[100.25803386700005,16.188274930000034],[100.26064241900008,16.24231026900003]]]}},{"type":"Feature","id":"TH6708","properties":{"国家代码":"TH","行政层级":2,"行政层级中文":"县/曼谷区","行政区代码":"6708","上级行政区代码":"67","中文名称":"拜桑潘县","泰文名称":"บึงสามพัน","英文名称":"Bueng Sam Phan","中文显示名":"拜桑潘县","中文名状态":"Wikidata已有中文名","边界状态":"可绘制","边界文件":"泰国_ADM2_县区边界.geojson","边界要素ID":"TH6708","边界坐标系":"WGS84 / EPSG:4326","边界数据时点":"2019-02-21","Google原生边界支持":"泰国不支持ADM2","Google地图绘制方式":"加载本GeoJSON到Google Maps Data图层","边界来源":"RTSD/OCHA衍生简化边界（canonical package）"},"geometry":{"type":"Polygon","coordinates":[[[101.36425765200005,15.930975459000024],[101.30214838800003,15.942300277000072],[101.16352085400007,15.866421039000045],[101.00113875700004,15.909447955000076],[100.90140476500005,15.896926837000024],[100.85606279800004,15.929514193000045],[100.79609866200008,15.892696844000056],[100.81262041900004,15.780968527000027],[100.81852095600004,15.713012298000024],[100.95125773900008,15.727927093000062],[101.09160610000004,15.803061188000072],[101.18320250900007,15.802840914000058],[101.21767089600007,15.851466669000047],[101.32669867100009,15.851395489000026],[101.36425765200005,15.930975459000024]]]}},{"type":"Feature","id":"TH6210","properties":{"国家代码":"TH","行政层级":2,"行政层级中文":"县/曼谷区","行政区代码":"6210","上级行政区代码":"62","中文名称":"本沙玛七县","泰文名称":"บึงสามัคคี","英文名称":"Bueng Samakkhi","中文显示名":"本沙玛七县","中文名状态":"Wikidata已有中文名","边界状态":"可绘制","边界文件":"泰国_ADM2_县区边界.geojson","边界要素ID":"TH6210","边界坐标系":"WGS84 / EPSG:4326","边界数据时点":"2019-02-21","Google原生边界支持":"泰国不支持ADM2","Google地图绘制方式":"加载本GeoJSON到Google Maps Data图层","边界来源":"RTSD/OCHA衍生简化边界（canonical package）"},"geometry":{"type":"Polygon","coordinates":[[[100.02128504300003,16.312874919000024],[100.00184870500004,16.34278520600003],[99.89594970400003,16.23648296400006],[99.87712631200009,16.168605761000038],[99.90061056000008,16.125092094000024],[99.98432186700006,16.118128797000054],[100.02485074300006,16.19118436800005],[100.02894512400007,16.270558701000027],[100.02128504300003,16.312874919000024]]]}},{"type":"Feature","id":"TH3808","properties":{"国家代码":"TH","行政层级":2,"行政层级中文":"县/曼谷区","行政区代码":"3808","上级行政区代码":"38","中文名称":"邦卡县","泰文名称":"บุ่งคล้า","英文名称":"Bung Khla","中文显示名":"邦卡县","中文名状态":"Wikidata已有中文名","边界状态":"可绘制","边界文件":"泰国_ADM2_县区边界.geojson","边界要素ID":"TH3808","边界坐标系":"WGS84 / EPSG:4326","边界数据时点":"2019-02-21","Google原生边界支持":"泰国不支持ADM2","Google地图绘制方式":"加载本GeoJSON到Google Maps Data图层","边界来源":"RTSD/OCHA衍生简化边界（canonical package）"},"geometry":{"type":"Polygon","coordinates":[[[104.08405467100005,18.170359964000056],[103.97519456100008,18.336028301000056],[103.88476029300006,18.293176046000042],[103.87277782900009,18.218482081000047],[103.95520038400008,18.160984305000056],[104.08405467100005,18.170359964000056]]]}},{"type":"Feature","id":"TH3410","properties":{"国家代码":"TH","行政层级":2,"行政层级中文":"县/曼谷区","行政区代码":"3410","上级行政区代码":"34","中文名称":"汶他立县","泰文名称":"บุณฑริก","英文名称":"Boontharik","中文显示名":"汶他立县","中文名状态":"Wikidata已有中文名","边界状态":"可绘制","边界文件":"泰国_ADM2_县区边界.geojson","边界要素ID":"TH3410","边界坐标系":"WGS84 / EPSG:4326","边界数据时点":"2019-02-21","Google原生边界支持":"泰国不支持ADM2","Google地图绘制方式":"加载本GeoJSON到Google Maps Data图层","边界来源":"RTSD/OCHA衍生简化边界（canonical package）"},"geometry":{"type":"Polygon","coordinates":[[[105.55284435400006,14.949737740000046],[105.42839837600008,14.911776092000025],[105.37338304000008,14.94069601600006],[105.29673203700008,14.953929361000064],[105.25351968300004,14.72047806300003],[105.32071323800005,14.541691026000024],[105.32491674200008,14.393503427000041],[105.42401645000007,14.416545149000058],[105.53866498200006,14.582178536000072],[105.51127443700005,14.799279346000048],[105.57997373100005,14.878591989000029],[105.55284435400006,14.949737740000046]]]}},{"type":"Feature","id":"TH7604","properties":{"国家代码":"TH","行政层级":2,"行政层级中文":"县/曼谷区","行政区代码":"7604","上级行政区代码":"76","中文名称":"差安县","泰文名称":"ชะอำ","英文名称":"Cha-Am","中文显示名":"差安县","中文名状态":"Wikidata已有中文名","边界状态":"可绘制","边界文件":"泰国_ADM2_县区边界.geojson","边界要素ID":"TH7604","边界坐标系":"WGS84 / EPSG:4326","边界数据时点":"2019-02-21","Google原生边界支持":"泰国不支持ADM2","Google地图绘制方式":"加载本GeoJSON到Google Maps Data图层","边界来源":"RTSD/OCHA衍生简化边界（canonical package）"},"geometry":{"type":"Polygon","coordinates":[[[100.02690628200008,12.917015787000025],[99.90958158500007,12.905849557000067],[99.85161864500009,12.853229191000025],[99.85025839100007,12.754582655000036],[99.79506067900007,12.712627264000048],[99.75476142600007,12.618874598000048],[99.95611290700003,12.632498751000071],[99.97089505100007,12.75607395700007],[100.02690628200008,12.917015787000025]]]}},{"type":"Feature","id":"TH8007","properties":{"国家代码":"TH","行政层级":2,"行政层级中文":"县/曼谷区","行政区代码":"8007","上级行政区代码":"80","中文名称":"差渥县","泰文名称":"ชะอวด","英文名称":"Cha-Uat","中文显示名":"差渥县","中文名状态":"Wikidata已有中文名","边界状态":"可绘制","边界文件":"泰国_ADM2_县区边界.geojson","边界要素ID":"TH8007","边界坐标系":"WGS84 / EPSG:4326","边界数据时点":"2019-02-21","Google原生边界支持":"泰国不支持ADM2","Google地图绘制方式":"加载本GeoJSON到Google Maps Data图层","边界来源":"RTSD/OCHA衍生简化边界（canonical package）"},"geometry":{"type":"Polygon","coordinates":[[[100.05279155600005,8.053126657000064],[100.02765194200003,8.126388604000056],[99.96106188000005,8.082881264000036],[99.95280710400004,8.039892412000029],[99.78889376000006,8.013212502000044],[99.82694837800005,7.9798374290000424],[99.73789967700009,7.860885086000053],[99.73824742400006,7.858896272000038],[99.80837798800007,7.892876596000065],[99.98509613100003,7.862672904000021],[100.05595702700003,7.838055458000042],[100.17749518400007,7.876479127000039],[100.13998374500005,7.941896126000074],[100.17441118100004,8.010964771000033],[100.05279155600005,8.053126657000064]]]}},{"type":"Feature","id":"TH5206","properties":{"国家代码":"TH","行政层级":2,"行政层级中文":"县/曼谷区","行政区代码":"5206","上级行政区代码":"52","中文名称":"寨洪县","泰文名称":"แจ้ห่ม","英文名称":"Chae Hom","中文显示名":"寨洪县","中文名状态":"Wikidata已有中文名","边界状态":"可绘制","边界文件":"泰国_ADM2_县区边界.geojson","边界要素ID":"TH5206","边界坐标系":"WGS84 / EPSG:4326","边界数据时点":"2019-02-21","Google原生边界支持":"泰国不支持ADM2","Google地图绘制方式":"加载本GeoJSON到Google Maps Data图层","边界来源":"RTSD/OCHA衍生简化边界（canonical package）"},"geometry":{"type":"Polygon","coordinates":[[[99.75675699700008,18.97610786100006],[99.66777283600004,18.97665304900005],[99.61354152500007,18.898860183000068],[99.55974797300007,18.94853228000005],[99.50009376100007,18.52816909200004],[99.60985691800005,18.513118865000024],[99.64200936100008,18.581038027000034],[99.71966184100006,18.604573122000033],[99.80840826800005,18.603593942000032],[99.83671202100004,18.656932441000038],[99.77497037000006,18.72903744000007],[99.80074767600007,18.88139415200004],[99.75675699700008,18.97610786100006]]]}},{"type":"Feature","id":"TH1604","properties":{"国家代码":"TH","行政层级":2,"行政层级中文":"县/曼谷区","行政区代码":"1604","上级行政区代码":"16","中文名称":"猜巴丹县","泰文名称":"ชัยบาดาล","英文名称":"Chai Badan","中文显示名":"猜巴丹县","中文名状态":"Wikidata已有中文名","边界状态":"可绘制","边界文件":"泰国_ADM2_县区边界.geojson","边界要素ID":"TH1604","边界坐标系":"WGS84 / EPSG:4326","边界数据时点":"2019-02-21","Google原生边界支持":"泰国不支持ADM2","Google地图绘制方式":"加载本GeoJSON到Google Maps Data图层","边界来源":"RTSD/OCHA衍生简化边界（canonical package）"},"geometry":{"type":"Polygon","coordinates":[[[101.29901727700008,15.380235601000038],[101.20543512900008,15.319421657000078],[101.08227669600006,15.356381916000032],[100.97705417100008,15.336465455000052],[100.95344478200008,15.290952171000072],[100.97731253300009,15.20624371200006],[100.93475040200008,15.166011316000038],[100.90339445500007,15.039148216000058],[100.95797832600005,15.058757359000026],[101.04123084100007,15.025294789000043],[101.09942806900006,15.123552760000052],[101.22189732700008,15.16379237700005],[101.27887339400007,15.067309823000073],[101.36307893800006,15.046971339000038],[101.35170432200005,15.166577768000025],[101.30162409100006,15.22607318100006],[101.29901727700008,15.380235601000038]]]}},{"type":"Feature","id":"TH8418","properties":{"国家代码":"TH","行政层级":2,"行政层级中文":"县/曼谷区","行政区代码":"8418","上级行政区代码":"84","中文名称":"猜武里县","泰文名称":"ชัยบุรี","英文名称":"Chai Buri","中文显示名":"猜武里县","中文名状态":"Wikidata已有中文名","边界状态":"可绘制","边界文件":"泰国_ADM2_县区边界.geojson","边界要素ID":"TH8418","边界坐标系":"WGS84 / EPSG:4326","边界数据时点":"2019-02-21","Google原生边界支持":"泰国不支持ADM2","Google地图绘制方式":"加载本GeoJSON到Google Maps Data图层","边界来源":"RTSD/OCHA衍生简化边界（canonical package）"},"geometry":{"type":"Polygon","coordinates":[[[99.20502622800007,8.36604924300002],[99.19835027700003,8.483615923000059],[99.02444303400006,8.515507789000026],[99.02455213500008,8.552375994000045],[98.93463044700007,8.557891432000076],[98.94102709500004,8.457184595000058],[99.03611636600004,8.36228092600004],[99.20502622800007,8.36604924300002]]]}},{"type":"Feature","id":"TH5021","properties":{"国家代码":"TH","行政层级":2,"行政层级中文":"县/曼谷区","行政区代码":"5021","上级行政区代码":"50","中文名称":"猜巴干县","泰文名称":"ไชยปราการ","英文名称":"Chai Prakan","中文显示名":"猜巴干县","中文名状态":"Wikidata已有中文名","边界状态":"可绘制","边界文件":"泰国_ADM2_县区边界.geojson","边界要素ID":"TH5021","边界坐标系":"WGS84 / EPSG:4326","边界数据时点":"2019-02-21","Google原生边界支持":"泰国不支持ADM2","Google地图绘制方式":"加载本GeoJSON到Google Maps Data图层","边界来源":"RTSD/OCHA衍生简化边界（canonical package）"},"geometry":{"type":"Polygon","coordinates":[[[99.34408176700003,19.711672320000048],[99.21848847900009,19.76958700700004],[99.04783872200005,19.777297753000028],[99.02871395300008,19.832232085000044],[99.00727848000008,19.792039190000025],[99.03085996700008,19.69547488300003],[99.13593834600005,19.57097314400005],[99.29515801400004,19.570782958000052],[99.26471925400006,19.663715473000025],[99.34408176700003,19.711672320000048]]]}},{"type":"Feature","id":"TH4108","properties":{"国家代码":"TH","行政层级":2,"行政层级中文":"县/曼谷区","行政区代码":"4108","上级行政区代码":"41","中文名称":"猜万县","泰文名称":"ไชยวาน","英文名称":"Chai Wan","中文显示名":"猜万县","中文名状态":"Wikidata已有中文名","边界状态":"可绘制","边界文件":"泰国_ADM2_县区边界.geojson","边界要素ID":"TH4108","边界坐标系":"WGS84 / EPSG:4326","边界数据时点":"2019-02-21","Google原生边界支持":"泰国不支持ADM2","Google地图绘制方式":"加载本GeoJSON到Google Maps Data图层","边界来源":"RTSD/OCHA衍生简化边界（canonical package）"},"geometry":{"type":"Polygon","coordinates":[[[103.25379723900005,17.31794883200007],[103.21576134100007,17.34293691000005],[103.17058821300009,17.23623160300002],[103.24462808500004,17.112033014000076],[103.26331553000006,17.15628358200007],[103.37281819200007,17.152702015000045],[103.44048773200007,17.213253829000053],[103.29969806800005,17.269534340000064],[103.25379723900005,17.31794883200007]]]}},{"type":"Feature","id":"TH8406","properties":{"国家代码":"TH","行政层级":2,"行政层级中文":"县/曼谷区","行政区代码":"8406","上级行政区代码":"84","中文名称":"猜亚","泰文名称":"ไชยา","英文名称":"Chaiya","中文显示名":"猜亚","中文名状态":"Wikidata已有中文名","边界状态":"可绘制","边界文件":"泰国_ADM2_县区边界.geojson","边界要素ID":"TH8406","边界坐标系":"WGS84 / EPSG:4326","边界数据时点":"2019-02-21","Google原生边界支持":"泰国不支持ADM2","Google地图绘制方式":"加载本GeoJSON到Google Maps Data图层","边界来源":"RTSD/OCHA衍生简化边界（canonical package）"},"geometry":{"type":"Polygon","coordinates":[[[99.23459113700005,9.506205408000028],[99.09220365200008,9.463113124000074],[99.06606612100006,9.533409253000059],[98.94528236900004,9.55511946300004],[98.80919344000006,9.512424818000056],[98.89678065300006,9.40011654600005],[98.94836969600004,9.433454693000044],[99.07209244200004,9.343342676000077],[99.21977080300007,9.338076655000066],[99.30159241700005,9.409563070000047],[99.23459113700005,9.506205408000028]]]}},{"type":"Feature","id":"TH1502","properties":{"国家代码":"TH","行政层级":2,"行政层级中文":"县/曼谷区","行政区代码":"1502","上级行政区代码":"15","中文名称":"猜约县","泰文名称":"ไชโย","英文名称":"Chaiyo","中文显示名":"猜约县","中文名状态":"Wikidata已有中文名","边界状态":"可绘制","边界文件":"泰国_ADM2_县区边界.geojson","边界要素ID":"TH1502","边界坐标系":"WGS84 / EPSG:4326","边界数据时点":"2019-02-21","Google原生边界支持":"泰国不支持ADM2","Google地图绘制方式":"加载本GeoJSON到Google Maps Data图层","边界来源":"RTSD/OCHA衍生简化边界（canonical package）"},"geometry":{"type":"Polygon","coordinates":[[[100.45794010500003,14.721096421000027],[100.41960507100003,14.726725673000033],[100.43175677000005,14.626833240000053],[100.50012768700009,14.61770795600006],[100.50301201900004,14.630029568000054],[100.50341379100007,14.669919633000063],[100.45794010500003,14.721096421000027]]]}},{"type":"Feature","id":"TH3006","properties":{"国家代码":"TH","行政层级":2,"行政层级中文":"县/曼谷区","行政区代码":"3006","上级行政区代码":"30","中文名称":"乍卡叻县","泰文名称":"จักราช","英文名称":"Chakkarat","中文显示名":"乍卡叻县","中文名状态":"Wikidata已有中文名","边界状态":"可绘制","边界文件":"泰国_ADM2_县区边界.geojson","边界要素ID":"TH3006","边界坐标系":"WGS84 / EPSG:4326","边界数据时点":"2019-02-21","Google原生边界支持":"泰国不支持ADM2","Google地图绘制方式":"加载本GeoJSON到Google Maps Data图层","边界来源":"RTSD/OCHA衍生简化边界（canonical package）"},"geometry":{"type":"Polygon","coordinates":[[[102.48406908000004,15.08130950900005],[102.40397673300004,15.081535547000044],[102.37883908500004,15.13382933500003],[102.31821284300008,15.060269223000034],[102.39316133500006,15.013744573000054],[102.37684526600003,14.913696299000037],[102.32968185700008,14.937437115000023],[102.31452416500008,14.867344355000057],[102.32079107800007,14.856298552000055],[102.45789928600004,14.835097868000048],[102.50261028600005,14.802210737000053],[102.55204089200004,14.859822117000022],[102.54578762600005,14.946877288000053],[102.48406908000004,15.08130950900005]]]}},{"type":"Feature","id":"TH1913","properties":{"国家代码":"TH","行政层级":2,"行政层级中文":"县/曼谷区","行政区代码":"1913","上级行政区代码":"19","中文名称":"乍伦帕杰县","泰文名称":"เฉลิมพระเกียรติ","英文名称":"Chaloem Phra Kiet","中文显示名":"乍伦帕杰县","中文名状态":"Wikidata已有中文名","边界状态":"可绘制","边界文件":"泰国_ADM2_县区边界.geojson","边界要素ID":"TH1913","边界坐标系":"WGS84 / EPSG:4326","边界数据时点":"2019-02-21","Google原生边界支持":"泰国不支持ADM2","Google地图绘制方式":"加载本GeoJSON到Google Maps Data图层","边界来源":"RTSD/OCHA衍生简化边界（canonical package）"},"geometry":{"type":"Polygon","coordinates":[[[100.96203611400006,14.566053897000074],[100.93505900400004,14.695492386000069],[100.95947452200005,14.743768713000065],[100.94363481200008,14.741983173000051],[100.85265968000004,14.728689931000076],[100.85887061600005,14.665544643000032],[100.88839484100004,14.565531920000069],[100.96203611400006,14.566053897000074]]]}},{"type":"Feature","id":"TH3032","properties":{"国家代码":"TH","行政层级":2,"行政层级中文":"县/曼谷区","行政区代码":"3032","上级行政区代码":"30","中文名称":"乍伦帕革县","泰文名称":"เฉลิมพระเกียรติ","英文名称":"Chaloem Phra Kiet","中文显示名":"乍伦帕革县","中文名状态":"Wikidata已有中文名","边界状态":"可绘制","边界文件":"泰国_ADM2_县区边界.geojson","边界要素ID":"TH3032","边界坐标系":"WGS84 / EPSG:4326","边界数据时点":"2019-02-21","Google原生边界支持":"泰国不支持ADM2","Google地图绘制方式":"加载本GeoJSON到Google Maps Data图层","边界来源":"RTSD/OCHA衍生简化边界（canonical package）"},"geometry":{"type":"Polygon","coordinates":[[[102.31821284300008,15.060269223000034],[102.27681941800006,15.029323872000077],[102.21073710600007,15.120010515000047],[102.22830407800006,14.91832742400004],[102.31452416500008,14.867344355000057],[102.32968185700008,14.937437115000023],[102.37684526600003,14.913696299000037],[102.39316133500006,15.013744573000054],[102.31821284300008,15.060269223000034]]]}},{"type":"Feature","id":"TH3123","properties":{"国家代码":"TH","行政层级":2,"行政层级中文":"县/曼谷区","行政区代码":"3123","上级行政区代码":"31","中文名称":"乍伦帕革县","泰文名称":"เฉลิมพระเกียรติ","英文名称":"Chaloem Phra Kiet","中文显示名":"乍伦帕革县","中文名状态":"Wikidata已有中文名","边界状态":"可绘制","边界文件":"泰国_ADM2_县区边界.geojson","边界要素ID":"TH3123","边界坐标系":"WGS84 / EPSG:4326","边界数据时点":"2019-02-21","Google原生边界支持":"泰国不支持ADM2","Google地图绘制方式":"加载本GeoJSON到Google Maps Data图层","边界来源":"RTSD/OCHA衍生简化边界（canonical package）"},"geometry":{"type":"Polygon","coordinates":[[[102.95072910600004,14.682491778000042],[102.86677588300006,14.652787963000037],[102.80414527000005,14.49118915300005],[102.95334275500005,14.479079882000065],[102.95072910600004,14.682491778000042]]]}},{"type":"Feature","id":"TH5515","properties":{"国家代码":"TH","行政层级":2,"行政层级中文":"县/曼谷区","行政区代码":"5515","上级行政区代码":"55","中文名称":"乍伦帕杰县","泰文名称":"เฉลิมพระเกียรติ","英文名称":"Chaloem Phra Kiet","中文显示名":"乍伦帕杰县","中文名状态":"Wikidata已有中文名","边界状态":"可绘制","边界文件":"泰国_ADM2_县区边界.geojson","边界要素ID":"TH5515","边界坐标系":"WGS84 / EPSG:4326","边界数据时点":"2019-02-21","Google原生边界支持":"泰国不支持ADM2","Google地图绘制方式":"加载本GeoJSON到Google Maps Data图层","边界来源":"RTSD/OCHA衍生简化边界（canonical package）"},"geometry":{"type":"Polygon","coordinates":[[[101.20426124800008,19.354119437000065],[101.21045645000004,19.47239374800006],[101.26448479400005,19.46955067400006],[101.28114519300004,19.581887231000053],[101.20585390600007,19.605449054000076],[101.12293069600008,19.572827414000074],[101.06213063800004,19.619550625000045],[100.97478536600005,19.61974796100003],[101.01561374900007,19.48758828700005],[101.07847473000004,19.469899739000027],[101.08170938000006,19.381914625000036],[101.11313837600005,19.346462874000053],[101.20426124800008,19.354119437000065]]]}},{"type":"Feature","id":"TH8023","properties":{"国家代码":"TH","行政层级":2,"行政层级中文":"县/曼谷区","行政区代码":"8023","上级行政区代码":"80","中文名称":"乍伦帕杰县","泰文名称":"เฉลิมพระเกียรติ","英文名称":"Chaloem Phra Kiet","中文显示名":"乍伦帕杰县","中文名状态":"Wikidata已有中文名","边界状态":"可绘制","边界文件":"泰国_ADM2_县区边界.geojson","边界要素ID":"TH8023","边界坐标系":"WGS84 / EPSG:4326","边界数据时点":"2019-02-21","Google原生边界支持":"泰国不支持ADM2","Google地图绘制方式":"加载本GeoJSON到Google Maps Data图层","边界来源":"RTSD/OCHA衍生简化边界（canonical package）"},"geometry":{"type":"Polygon","coordinates":[[[100.00274267500004,8.253474649000054],[99.94211439400004,8.266651867000064],[99.99276496100003,8.238826556000049],[100.02765194200003,8.126388604000056],[100.05279155600005,8.053126657000064],[100.07677591000004,8.140987960000075],[100.12501815800005,8.181993372000022],[100.07753007000008,8.225283625000031],[100.01905207300007,8.248139490000028],[100.00274267500004,8.253474649000054]]]}},{"type":"Feature","id":"TH3118","properties":{"国家代码":"TH","行政层级":2,"行政层级中文":"县/曼谷区","行政区代码":"3118","上级行政区代码":"31","中文名称":"占尼县","泰文名称":"ชำนิ","英文名称":"Chamni","中文显示名":"占尼县","中文名状态":"Wikidata已有中文名","边界状态":"可绘制","边界文件":"泰国_ADM2_县区边界.geojson","边界要素ID":"TH3118","边界坐标系":"WGS84 / EPSG:4326","边界数据时点":"2019-02-21","Google原生边界支持":"泰国不支持ADM2","Google地图绘制方式":"加载本GeoJSON到Google Maps Data图层","边界来源":"RTSD/OCHA衍生简化边界（canonical package）"},"geometry":{"type":"Polygon","coordinates":[[[102.91305824700004,14.836072878000039],[102.78919718100008,14.850888714000064],[102.72829430200005,14.811867550000045],[102.69472623400009,14.768976100000032],[102.82357765400008,14.755131093000045],[102.83018668200003,14.712940008000032],[102.90851916200006,14.717452433000062],[102.93309834000007,14.794710500000065],[102.91305824700004,14.836072878000039]]]}},{"type":"Feature","id":"TH9003","properties":{"国家代码":"TH","行政层级":2,"行政层级中文":"县/曼谷区","行政区代码":"9003","上级行政区代码":"90","中文名称":"占那县","泰文名称":"จะนะ","英文名称":"Chana","中文显示名":"占那县","中文名状态":"Wikidata已有中文名","边界状态":"可绘制","边界文件":"泰国_ADM2_县区边界.geojson","边界要素ID":"TH9003","边界坐标系":"WGS84 / EPSG:4326","边界数据时点":"2019-02-21","Google原生边界支持":"泰国不支持ADM2","Google地图绘制方式":"加载本GeoJSON到Google Maps Data图层","边界来源":"RTSD/OCHA衍生简化边界（canonical package）"},"geometry":{"type":"Polygon","coordinates":[[[100.82547617100005,6.951668768000047],[100.76825192400008,6.982620070000053],[100.67375408000004,7.101465949000044],[100.63037284800004,7.0186987070000555],[100.59205952100007,6.8870584930000405],[100.59617804200008,6.797375922000072],[100.79869020500007,6.749297674000047],[100.82322900200006,6.813862511000025],[100.79389100400005,6.889734300000043],[100.82547617100005,6.951668768000047]]]}},{"type":"Feature","id":"TH9612","properties":{"国家代码":"TH","行政层级":2,"行政层级中文":"县/曼谷区","行政区代码":"9612","上级行政区代码":"96","中文名称":"渣奈县","泰文名称":"จะแนะ","英文名称":"Chanae","中文显示名":"渣奈县","中文名状态":"Wikidata已有中文名","边界状态":"可绘制","边界文件":"泰国_ADM2_县区边界.geojson","边界要素ID":"TH9612","边界坐标系":"WGS84 / EPSG:4326","边界数据时点":"2019-02-21","Google原生边界支持":"泰国不支持ADM2","Google地图绘制方式":"加载本GeoJSON到Google Maps Data图层","边界来源":"RTSD/OCHA衍生简化边界（canonical package）"},"geometry":{"type":"Polygon","coordinates":[[[101.80185691300005,6.129716704000032],[101.74863762500007,6.117584996000062],[101.71221241900008,6.187694992000047],[101.62828762800007,6.180893811000033],[101.60155139300008,6.094079823000072],[101.51161357300003,6.054083436000042],[101.47058598000007,6.073894192000068],[101.47793917500007,6.043515905000049],[101.50222226700004,5.889682420000042],[101.58108960500005,5.934509778000063],[101.61768585900006,5.896407322000073],[101.73588259800005,6.08612615800007],[101.79931654300003,6.087545835000071],[101.80505113600003,6.1241100340000685],[101.80185691300005,6.129716704000032]]]}},{"type":"Feature","id":"TH8022","properties":{"国家代码":"TH","行政层级":2,"行政层级中文":"县/曼谷区","行政区代码":"8022","上级行政区代码":"80","中文名称":"昌格朗县","泰文名称":"ช้างกลาง","英文名称":"Chang Klang","中文显示名":"昌格朗县","中文名状态":"Wikidata已有中文名","边界状态":"可绘制","边界文件":"泰国_ADM2_县区边界.geojson","边界要素ID":"TH8022","边界坐标系":"WGS84 / EPSG:4326","边界数据时点":"2019-02-21","Google原生边界支持":"泰国不支持ADM2","Google地图绘制方式":"加载本GeoJSON到Google Maps Data图层","边界来源":"RTSD/OCHA衍生简化边界（canonical package）"},"geometry":{"type":"Polygon","coordinates":[[[99.72071171300007,8.301547801000027],[99.69654724400004,8.45518374900007],[99.58492497600008,8.42095407100004],[99.51942362100004,8.348039361000076],[99.56425717400003,8.293080645000032],[99.67456457900005,8.290136835000055],[99.72071171300007,8.301547801000027]]]}},{"type":"Feature","id":"TH4517","properties":{"国家代码":"TH","行政层级":2,"行政层级中文":"县/曼谷区","行政区代码":"4517","上级行政区代码":"45","中文名称":"昌汉县","泰文名称":"จังหาร","英文名称":"Changhan","中文显示名":"昌汉县","中文名状态":"Wikidata已有中文名","边界状态":"可绘制","边界文件":"泰国_ADM2_县区边界.geojson","边界要素ID":"TH4517","边界坐标系":"WGS84 / EPSG:4326","边界数据时点":"2019-02-21","Google原生边界支持":"泰国不支持ADM2","Google地图绘制方式":"加载本GeoJSON到Google Maps Data图层","边界来源":"RTSD/OCHA衍生简化边界（canonical package）"},"geometry":{"type":"Polygon","coordinates":[[[103.70473423900006,16.221528845000023],[103.66155580700007,16.192637181000066],[103.54787464000003,16.213760356000023],[103.50228135300006,16.199650546000044],[103.48343882000006,16.163441825000064],[103.69305835800009,16.116949782000063],[103.70909426400004,16.219597599000053],[103.70473423900006,16.221528845000023]]]}},{"type":"Feature","id":"TH3702","properties":{"国家代码":"TH","行政层级":2,"行政层级中文":"县/曼谷区","行政区代码":"3702","上级行政区代码":"37","中文名称":"差努曼县","泰文名称":"ชานุมาน","英文名称":"Chanuman","中文显示名":"差努曼县","中文名状态":"Wikidata已有中文名","边界状态":"可绘制","边界文件":"泰国_ADM2_县区边界.geojson","边界要素ID":"TH3702","边界坐标系":"WGS84 / EPSG:4326","边界数据时点":"2019-02-21","Google原生边界支持":"泰国不支持ADM2","Google地图绘制方式":"加载本GeoJSON到Google Maps Data图层","边界来源":"RTSD/OCHA衍生简化边界（canonical package）"},"geometry":{"type":"Polygon","coordinates":[[[104.97872389200006,16.279131600000028],[104.81730983300008,16.187845294000056],[104.76607414700004,16.196444264000036],[104.82500423100004,16.155255647000047],[104.81385420500004,16.09867915600006],[104.81836996500004,16.00862573300003],[105.00993760100005,15.99959560700006],[105.06026078000008,16.09814908000004],[104.97872389200006,16.279131600000028]]]}},{"type":"Feature","id":"TH4716","properties":{"国家代码":"TH","行政层级":2,"行政层级中文":"县/曼谷区","行政区代码":"4716","上级行政区代码":"47","中文名称":"乍伦信县","泰文名称":"เจริญศิลป์","英文名称":"Charoen Sin","中文显示名":"乍伦信县","中文名状态":"Wikidata已有中文名","边界状态":"可绘制","边界文件":"泰国_ADM2_县区边界.geojson","边界要素ID":"TH4716","边界坐标系":"WGS84 / EPSG:4326","边界数据时点":"2019-02-21","Google原生边界支持":"泰国不支持ADM2","Google地图绘制方式":"加载本GeoJSON到Google Maps Data图层","边界来源":"RTSD/OCHA衍生简化边界（canonical package）"},"geometry":{"type":"Polygon","coordinates":[[[103.51173151700004,17.755355654000027],[103.40314380800004,17.751599890000023],[103.40381173500003,17.68399583000007],[103.48964681200005,17.660972081000068],[103.49197692100006,17.537690173000044],[103.57214198000008,17.54649028500006],[103.65411434600009,17.513033481000036],[103.67063153300006,17.578532017000043],[103.57714998400007,17.661676192000073],[103.57568216000004,17.72956558900006],[103.51173151700004,17.755355654000027]]]}},{"type":"Feature","id":"TH6503","properties":{"国家代码":"TH","行政层级":2,"行政层级中文":"县/曼谷区","行政区代码":"6503","上级行政区代码":"65","中文名称":"差德拉甘县","泰文名称":"ชาติตระการ","英文名称":"Chat Trakan","中文显示名":"差德拉甘县","中文名状态":"Wikidata已有中文名","边界状态":"可绘制","边界文件":"泰国_ADM2_县区边界.geojson","边界要素ID":"TH6503","边界坐标系":"WGS84 / EPSG:4326","边界数据时点":"2019-02-21","Google原生边界支持":"泰国不支持ADM2","Google地图绘制方式":"加载本GeoJSON到Google Maps Data图层","边界来源":"RTSD/OCHA衍生简化边界（canonical package）"},"geometry":{"type":"Polygon","coordinates":[[[100.96788010400007,17.571621966000066],[101.00919200300007,17.70023609900005],[100.98884959300005,17.743676454000024],[100.96569525200005,17.70182819100006],[100.87461008400004,17.710783485000036],[100.74041896000006,17.54284319800007],[100.64508423600006,17.494401995000032],[100.58490059200005,17.418943085000024],[100.50150787300004,17.428837475000023],[100.37164844600005,17.39110456900005],[100.47448099700006,17.263129038000045],[100.52627748200007,17.100261169000078],[100.61068397000008,17.148522270000058],[100.61035697400007,17.208170378000034],[100.68535895000008,17.184420704000047],[100.81814019700005,17.330063444000075],[100.83478361100003,17.46848562200006],[100.87928936200007,17.583796868000036],[100.96788010400007,17.571621966000066]]]}},{"type":"Feature","id":"TH3606","properties":{"国家代码":"TH","行政层级":2,"行政层级中文":"县/曼谷区","行政区代码":"3606","上级行政区代码":"36","中文名称":"乍都拉县","泰文名称":"จัตุรัส","英文名称":"Chatturat","中文显示名":"乍都拉县","中文名状态":"Wikidata已有中文名","边界状态":"可绘制","边界文件":"泰国_ADM2_县区边界.geojson","边界要素ID":"TH3606","边界坐标系":"WGS84 / EPSG:4326","边界数据时点":"2019-02-21","Google原生边界支持":"泰国不支持ADM2","Google地图绘制方式":"加载本GeoJSON到Google Maps Data图层","边界来源":"RTSD/OCHA衍生简化边界（canonical package）"},"geometry":{"type":"Polygon","coordinates":[[[101.81656382800008,15.742453174000048],[101.73792728900008,15.672114769000075],[101.73052194800005,15.537338590000047],[101.80226731700009,15.420457437000039],[101.87849963900004,15.389251178000052],[101.93736260000009,15.456432178000057],[101.91189555100004,15.487063508000062],[101.93682137300004,15.596388647000026],[101.99221225300005,15.688872538000055],[101.97925329200007,15.690318919000049],[101.93054616500007,15.656840052000064],[101.81656382800008,15.742453174000048]]]}},{"type":"Feature","id":"TH1030","properties":{"国家代码":"TH","行政层级":2,"行政层级中文":"县/曼谷区","行政区代码":"1030","上级行政区代码":"10","中文名称":"乍都节县","泰文名称":"จตุจักร","英文名称":"Chatuchak","中文显示名":"乍都节县","中文名状态":"Wikidata已有中文名","边界状态":"可绘制","边界文件":"泰国_ADM2_县区边界.geojson","边界要素ID":"TH1030","边界坐标系":"WGS84 / EPSG:4326","边界数据时点":"2019-02-21","Google原生边界支持":"泰国不支持ADM2","Google地图绘制方式":"加载本GeoJSON到Google Maps Data图层","边界来源":"RTSD/OCHA衍生简化边界（canonical package）"},"geometry":{"type":"Polygon","coordinates":[[[100.58986609900006,13.84392907800003],[100.58654720500004,13.858933983000043],[100.54362947200008,13.849628112000062],[100.53742427600008,13.79785442900004],[100.56162658600005,13.794959305000077],[100.57489622500003,13.801069838000046],[100.58834139400005,13.802980927000021],[100.58986609900006,13.84392907800003]]]}},{"type":"Feature","id":"TH4504","properties":{"国家代码":"TH","行政层级":2,"行政层级中文":"县/曼谷区","行政区代码":"4504","上级行政区代码":"45","中文名称":"乍都拉帕披曼县","泰文名称":"จตุรพักตรพิมาน","英文名称":"Chaturaphak Phiman","中文显示名":"乍都拉帕披曼县","中文名状态":"Wikidata已有中文名","边界状态":"可绘制","边界文件":"泰国_ADM2_县区边界.geojson","边界要素ID":"TH4504","边界坐标系":"WGS84 / EPSG:4326","边界数据时点":"2019-02-21","Google原生边界支持":"泰国不支持ADM2","Google地图绘制方式":"加载本GeoJSON到Google Maps Data图层","边界来源":"RTSD/OCHA衍生简化边界（canonical package）"},"geometry":{"type":"Polygon","coordinates":[[[103.69685348500008,15.863869069000032],[103.52285324000007,15.938736619000053],[103.48818795600005,15.931336466000062],[103.45719189900007,15.907954761000042],[103.41969100700004,15.720970601000033],[103.69478169100006,15.771469858000046],[103.69685348500008,15.863869069000032]]]}},{"type":"Feature","id":"TH8004","properties":{"国家代码":"TH","行政层级":2,"行政层级中文":"县/曼谷区","行政区代码":"8004","上级行政区代码":"80","中文名称":"差旺县","泰文名称":"ฉวาง","英文名称":"Chawang","中文显示名":"差旺县","中文名状态":"Wikidata已有中文名","边界状态":"可绘制","边界文件":"泰国_ADM2_县区边界.geojson","边界要素ID":"TH8004","边界坐标系":"WGS84 / EPSG:4326","边界数据时点":"2019-02-21","Google原生边界支持":"泰国不支持ADM2","Google地图绘制方式":"加载本GeoJSON到Google Maps Data图层","边界来源":"RTSD/OCHA衍生简化边界（canonical package）"},"geometry":{"type":"Polygon","coordinates":[[[99.47846005600007,8.646736486000066],[99.41777895900003,8.552240394000023],[99.45269605900006,8.434295267000039],[99.42041013100004,8.412078463000057],[99.48019417500007,8.364710759000047],[99.51942362100004,8.348039361000076],[99.58492497600008,8.42095407100004],[99.69654724400004,8.45518374900007],[99.70189478100008,8.48316477700007],[99.64175834600007,8.518778078000025],[99.52546139700007,8.500116863000073],[99.47846005600007,8.646736486000066]]]}},{"type":"Feature","id":"TH8006","properties":{"国家代码":"TH","行政层级":2,"行政层级中文":"县/曼谷区","行政区代码":"8006","上级行政区代码":"80","中文名称":"千艾县","泰文名称":"เชียรใหญ่","英文名称":"Chian Yai","中文显示名":"千艾县","中文名状态":"Wikidata已有中文名","边界状态":"可绘制","边界文件":"泰国_ADM2_县区边界.geojson","边界要素ID":"TH8006","边界坐标系":"WGS84 / EPSG:4326","边界数据时点":"2019-02-21","Google原生边界支持":"泰国不支持ADM2","Google地图绘制方式":"加载本GeoJSON到Google Maps Data图层","边界来源":"RTSD/OCHA衍生简化边界（canonical package）"},"geometry":{"type":"Polygon","coordinates":[[[100.25775920200005,8.17780915700007],[100.17460054700007,8.22935157300003],[100.07753007000008,8.225283625000031],[100.12501815800005,8.181993372000022],[100.07677591000004,8.140987960000075],[100.05279155600005,8.053126657000064],[100.17441118100004,8.010964771000033],[100.25775920200005,8.17780915700007]]]}},{"type":"Feature","id":"TH5004","properties":{"国家代码":"TH","行政层级":2,"行政层级中文":"县/曼谷区","行政区代码":"5004","上级行政区代码":"50","中文名称":"清道","泰文名称":"เชียงดาว","英文名称":"Chiang Dao","中文显示名":"清道","中文名状态":"Wikidata已有中文名","边界状态":"可绘制","边界文件":"泰国_ADM2_县区边界.geojson","边界要素ID":"TH5004","边界坐标系":"WGS84 / EPSG:4326","边界数据时点":"2019-02-21","Google原生边界支持":"泰国不支持ADM2","Google地图绘制方式":"加载本GeoJSON到Google Maps Data图层","边界来源":"RTSD/OCHA衍生简化边界（canonical package）"},"geometry":{"type":"Polygon","coordinates":[[[99.00727848000008,19.792039190000025],[98.89866507700003,19.765763763000052],[98.83321859200004,19.811584652000022],[98.77937217000004,19.75305873600007],[98.70424413100005,19.758176699000046],[98.77420616700005,19.456640461000063],[98.58517280300003,19.422967048000032],[98.59518662600004,19.353982962000032],[98.74764247400003,19.325721088000023],[98.89361092200005,19.267342634000045],[99.07684222500006,19.26237414800005],[99.15608687300005,19.511338007000063],[99.13593834600005,19.57097314400005],[99.03085996700008,19.69547488300003],[99.00727848000008,19.792039190000025]]]}},{"type":"Feature","id":"TH5603","properties":{"国家代码":"TH","行政层级":2,"行政层级中文":"县/曼谷区","行政区代码":"5603","上级行政区代码":"56","中文名称":"清堪县","泰文名称":"เชียงคำ","英文名称":"Chiang Kham","中文显示名":"清堪县","中文名状态":"Wikidata已有中文名","边界状态":"可绘制","边界文件":"泰国_ADM2_县区边界.geojson","边界要素ID":"TH5603","边界坐标系":"WGS84 / EPSG:4326","边界数据时点":"2019-02-21","Google原生边界支持":"泰国不支持ADM2","Google地图绘制方式":"加载本GeoJSON到Google Maps Data图层","边界来源":"RTSD/OCHA衍生简化边界（canonical package）"},"geometry":{"type":"Polygon","coordinates":[[[100.48990365300006,19.56992722800004],[100.25645280800006,19.556756950000022],[100.25246496900007,19.634918067000058],[100.17917758800007,19.612648016000037],[100.15363235500007,19.545675752000022],[100.20936346900004,19.45503308900004],[100.23553882400006,19.34558903800007],[100.30913527100006,19.339653979000047],[100.35756568600004,19.392292824000037],[100.48809490400004,19.39955142100007],[100.56475475900004,19.436195347000023],[100.59862199300005,19.510074245000055],[100.48990365300006,19.56992722800004]]]}},{"type":"Feature","id":"TH4203","properties":{"国家代码":"TH","行政层级":2,"行政层级中文":"县/曼谷区","行政区代码":"4203","上级行政区代码":"42","中文名称":"清刊县","泰文名称":"เชียงคาน","英文名称":"Chiang Khan","中文显示名":"清刊县","中文名状态":"Wikidata已有中文名","边界状态":"可绘制","边界文件":"泰国_ADM2_县区边界.geojson","边界要素ID":"TH4203","边界坐标系":"WGS84 / EPSG:4326","边界数据时点":"2019-02-21","Google原生边界支持":"泰国不支持ADM2","Google地图绘制方式":"加载本GeoJSON到Google Maps Data图层","边界来源":"RTSD/OCHA衍生简化边界（canonical package）"},"geometry":{"type":"Polygon","coordinates":[[[101.90171744300005,17.729618913000024],[101.83730919600004,17.86762533600006],[101.85632533300009,17.97899084000005],[101.77789930000006,18.06571195600003],[101.71735618600007,17.90608153900007],[101.57006853000007,17.86446309200005],[101.52187466500004,17.776511897000034],[101.59195473500006,17.685307200000068],[101.63346591200008,17.722021737000034],[101.83780326900006,17.677537622000045],[101.90171744300005,17.729618913000024]]]}},{"type":"Feature","id":"TH5703","properties":{"国家代码":"TH","行政层级":2,"行政层级中文":"县/曼谷区","行政区代码":"5703","上级行政区代码":"57","中文名称":"清孔县","泰文名称":"เชียงของ","英文名称":"Chiang Khong","中文显示名":"清孔县","中文名状态":"Wikidata已有中文名","边界状态":"可绘制","边界文件":"泰国_ADM2_县区边界.geojson","边界要素ID":"TH5703","边界坐标系":"WGS84 / EPSG:4326","边界数据时点":"2019-02-21","Google原生边界支持":"泰国不支持ADM2","Google地图绘制方式":"加载本GeoJSON到Google Maps Data图层","边界来源":"RTSD/OCHA衍生简化边界（canonical package）"},"geometry":{"type":"Polygon","coordinates":[[[100.46291849100004,20.19874733200004],[100.33009923300006,20.39871587700003],[100.24662560700006,20.368698306000056],[100.32240252700007,20.320589579000057],[100.28391602600004,20.225417503000074],[100.30540512000005,20.186880572000064],[100.20713587700004,20.070714744000043],[100.19992841600003,20.051103839000064],[100.25661406000006,19.98802461500003],[100.37218809500007,19.95353691400004],[100.41070155300008,20.000553592000074],[100.47274867200008,20.16911106400005],[100.46291849100004,20.19874733200004]]]}},{"type":"Feature","id":"TH4518","properties":{"国家代码":"TH","行政层级":2,"行政层级中文":"县/曼谷区","行政区代码":"4518","上级行政区代码":"45","中文名称":"清宽县","泰文名称":"เชียงขวัญ","英文名称":"Chiang Khwan","中文显示名":"清宽县","中文名状态":"Wikidata已有中文名","边界状态":"可绘制","边界文件":"泰国_ADM2_县区边界.geojson","边界要素ID":"TH4518","边界坐标系":"WGS84 / EPSG:4326","边界数据时点":"2019-02-21","Google原生边界支持":"泰国不支持ADM2","Google地图绘制方式":"加载本GeoJSON到Google Maps Data图层","边界来源":"RTSD/OCHA衍生简化边界（canonical package）"},"geometry":{"type":"Polygon","coordinates":[[[103.82860361400009,16.182138474000055],[103.72303221100009,16.22084116900004],[103.70909426400004,16.219597599000053],[103.69305835800009,16.116949782000063],[103.68651960600005,16.07559158400005],[103.83816143400009,16.157124666000072],[103.82860361400009,16.182138474000055]]]}},{"type":"Feature","id":"TH5509","properties":{"国家代码":"TH","行政层级":2,"行政层级中文":"县/曼谷区","行政区代码":"5509","上级行政区代码":"55","中文名称":"清格朗县","泰文名称":"เชียงกลาง","英文名称":"Chiang Klang","中文显示名":"清格朗县","中文名状态":"Wikidata已有中文名","边界状态":"可绘制","边界文件":"泰国_ADM2_县区边界.geojson","边界要素ID":"TH5509","边界坐标系":"WGS84 / EPSG:4326","边界数据时点":"2019-02-21","Google原生边界支持":"泰国不支持ADM2","Google地图绘制方式":"加载本GeoJSON到Google Maps Data图层","边界来源":"RTSD/OCHA衍生简化边界（canonical package）"},"geometry":{"type":"Polygon","coordinates":[[[101.01017099800004,19.338149568000063],[100.78395994300007,19.377895684000066],[100.77770708800006,19.27405022100004],[100.79193162600006,19.234242863000077],[100.86098923200007,19.222442681000075],[101.04109512400004,19.299639573000036],[101.01017099800004,19.338149568000063]]]}},{"type":"Feature","id":"TH5604","properties":{"国家代码":"TH","行政层级":2,"行政层级中文":"县/曼谷区","行政区代码":"5604","上级行政区代码":"56","中文名称":"清曼县","泰文名称":"เชียงม่วน","英文名称":"Chiang Muan","中文显示名":"清曼县","中文名状态":"Wikidata已有中文名","边界状态":"可绘制","边界文件":"泰国_ADM2_县区边界.geojson","边界要素ID":"TH5604","边界坐标系":"WGS84 / EPSG:4326","边界数据时点":"2019-02-21","Google原生边界支持":"泰国不支持ADM2","Google地图绘制方式":"加载本GeoJSON到Google Maps Data图层","边界来源":"RTSD/OCHA衍生简化边界（canonical package）"},"geometry":{"type":"Polygon","coordinates":[[[100.45701758500007,19.00944816200007],[100.31492884400006,19.070328535000044],[100.27191656900004,19.022243114000048],[100.11137828100004,19.02541177200004],[100.15615587900004,18.912768421000067],[100.15593258000007,18.835470908000048],[100.34038381300007,18.80595545500006],[100.39143633800006,18.926819065000075],[100.50092321300008,18.98614251500004],[100.45701758500007,19.00944816200007]]]}},{"type":"Feature","id":"TH5708","properties":{"国家代码":"TH","行政层级":2,"行政层级中文":"县/曼谷区","行政区代码":"5708","上级行政区代码":"57","中文名称":"清盛县","泰文名称":"เชียงแสน","英文名称":"Chiang Saen","中文显示名":"清盛县","中文名状态":"Wikidata已有中文名","边界状态":"可绘制","边界文件":"泰国_ADM2_县区边界.geojson","边界要素ID":"TH5708","边界坐标系":"WGS84 / EPSG:4326","边界数据时点":"2019-02-21","Google原生边界支持":"泰国不支持ADM2","Google地图绘制方式":"加载本GeoJSON到Google Maps Data图层","边界来源":"RTSD/OCHA衍生简化边界（canonical package）"},"geometry":{"type":"Polygon","coordinates":[[[100.24662560700006,20.368698306000056],[100.16691540400006,20.296434369000053],[100.17416161200003,20.248182232000033],[100.09322244600008,20.26684196700006],[100.03580509000005,20.39816740300006],[99.96801406900005,20.354782845000045],[99.94510507800004,20.288557549000075],[100.03171391100005,20.202876755000034],[100.07815726900009,20.20846356800007],[100.30540512000005,20.186880572000064],[100.28391602600004,20.225417503000074],[100.32240252700007,20.320589579000057],[100.24662560700006,20.368698306000056]]]}},{"type":"Feature","id":"TH4405","properties":{"国家代码":"TH","行政层级":2,"行政层级中文":"县/曼谷区","行政区代码":"4405","上级行政区代码":"44","中文名称":"清云县","泰文名称":"เชียงยืน","英文名称":"Chiang Yuen","中文显示名":"清云县","中文名状态":"Wikidata已有中文名","边界状态":"可绘制","边界文件":"泰国_ADM2_县区边界.geojson","边界要素ID":"TH4405","边界坐标系":"WGS84 / EPSG:4326","边界数据时点":"2019-02-21","Google原生边界支持":"泰国不支持ADM2","Google地图绘制方式":"加载本GeoJSON到Google Maps Data图层","边界来源":"RTSD/OCHA衍生简化边界（canonical package）"},"geometry":{"type":"Polygon","coordinates":[[[103.17441221300004,16.458743221000077],[103.08523930600006,16.51573263100005],[103.02077007300005,16.47648352400006],[102.94949736900008,16.43669864000003],[102.98359579600009,16.354282659000035],[103.08697827100008,16.365983374000052],[103.17321184300005,16.317382546000033],[103.17542241700005,16.363430399000038],[103.17441221300004,16.458743221000077]]]}},{"type":"Feature","id":"TH9613","properties":{"国家代码":"TH","行政层级":2,"行政层级中文":"县/曼谷区","行政区代码":"9613","上级行政区代码":"96","中文名称":"朝爱荣县","泰文名称":"เจาะไอร้อง","英文名称":"Cho-Airong","中文显示名":"朝爱荣县","中文名状态":"Wikidata已有中文名","边界状态":"可绘制","边界文件":"泰国_ADM2_县区边界.geojson","边界要素ID":"TH9613","边界坐标系":"WGS84 / EPSG:4326","边界数据时点":"2019-02-21","Google原生边界支持":"泰国不支持ADM2","Google地图绘制方式":"加载本GeoJSON到Google Maps Data图层","边界来源":"RTSD/OCHA衍生简化边界（canonical package）"},"geometry":{"type":"Polygon","coordinates":[[[101.91634903900007,6.2831757310000285],[101.82211605500004,6.298502015000054],[101.76060898800006,6.232792715000073],[101.80185691300005,6.129716704000032],[101.80505113600003,6.1241100340000685],[101.90113469200008,6.213035318000038],[101.91712836600004,6.277851158000033],[101.91634903900007,6.2831757310000285]]]}},{"type":"Feature","id":"TH3007","properties":{"国家代码":"TH","行政层级":2,"行政层级中文":"县/曼谷区","行政区代码":"3007","上级行政区代码":"30","中文名称":"触猜县","泰文名称":"โชคชัย","英文名称":"Chok Chai","中文显示名":"触猜县","中文名状态":"Wikidata已有中文名","边界状态":"可绘制","边界文件":"泰国_ADM2_县区边界.geojson","边界要素ID":"TH3007","边界坐标系":"WGS84 / EPSG:4326","边界数据时点":"2019-02-21","Google原生边界支持":"泰国不支持ADM2","Google地图绘制方式":"加载本GeoJSON到Google Maps Data图层","边界来源":"RTSD/OCHA衍生简化边界（canonical package）"},"geometry":{"type":"Polygon","coordinates":[[[102.22830407800006,14.91832742400004],[102.10386992200006,14.836313671000028],[102.10650982700008,14.791351520000035],[102.13110154300006,14.639915644000041],[102.17097929200008,14.592144570000073],[102.27010664500006,14.61342772100005],[102.27893490800005,14.793660703000057],[102.32079107800007,14.856298552000055],[102.31452416500008,14.867344355000057],[102.22830407800006,14.91832742400004]]]}},{"type":"Feature","id":"TH7002","properties":{"国家代码":"TH","行政层级":2,"行政层级中文":"县/曼谷区","行政区代码":"7002","上级行政区代码":"70","中文名称":"宗本县","泰文名称":"จอมบึง","英文名称":"Chom Bueng","中文显示名":"宗本县","中文名状态":"Wikidata已有中文名","边界状态":"可绘制","边界文件":"泰国_ADM2_县区边界.geojson","边界要素ID":"TH7002","边界坐标系":"WGS84 / EPSG:4326","边界数据时点":"2019-02-21","Google原生边界支持":"泰国不支持ADM2","Google地图绘制方式":"加载本GeoJSON到Google Maps Data图层","边界来源":"RTSD/OCHA衍生简化边界（canonical package）"},"geometry":{"type":"Polygon","coordinates":[[[99.53301833100005,13.759841084000072],[99.47020767500004,13.806619688000069],[99.35633750000005,13.751739572000076],[99.31602040000007,13.767380999000068],[99.34737299500006,13.667744626000058],[99.46162392500008,13.612283282000021],[99.47482732300006,13.514569481000024],[99.54153322600007,13.417986107000047],[99.58455913500006,13.504197236000039],[99.61576705800007,13.583492675000059],[99.73160362900006,13.601689237000073],[99.73507805700007,13.64375965000005],[99.66031427700005,13.702877501000046],[99.55861244400006,13.711483832000056],[99.53301833100005,13.759841084000072]]]}},{"type":"Feature","id":"TH3204","properties":{"国家代码":"TH","行政层级":2,"行政层级中文":"县/曼谷区","行政区代码":"3204","上级行政区代码":"32","中文名称":"春帕县","泰文名称":"จอมพระ","英文名称":"Chom Phra","中文显示名":"春帕县","中文名状态":"Wikidata已有中文名","边界状态":"可绘制","边界文件":"泰国_ADM2_县区边界.geojson","边界要素ID":"TH3204","边界坐标系":"WGS84 / EPSG:4326","边界数据时点":"2019-02-21","Google原生边界支持":"泰国不支持ADM2","Google地图绘制方式":"加载本GeoJSON到Google Maps Data图层","边界来源":"RTSD/OCHA衍生简化边界（canonical package）"},"geometry":{"type":"Polygon","coordinates":[[[103.69951427900008,15.152689277000036],[103.61227551700006,15.19536120400005],[103.55062049400004,15.178842168000074],[103.43366165900005,15.205109436000043],[103.42528798600006,15.131949918000032],[103.46581596800007,15.141435411000032],[103.58844161200005,15.088104835000024],[103.67175402400005,15.045707458000038],[103.71915575500009,15.127031393000038],[103.69951427900008,15.152689277000036]]]}},{"type":"Feature","id":"TH1035","properties":{"国家代码":"TH","行政层级":2,"行政层级中文":"县/曼谷区","行政区代码":"1035","上级行政区代码":"10","中文名称":"宗通县","泰文名称":"จอมทอง","英文名称":"Chom Thong","中文显示名":"宗通县","中文名状态":"Wikidata已有中文名","边界状态":"可绘制","边界文件":"泰国_ADM2_县区边界.geojson","边界要素ID":"TH1035","边界坐标系":"WGS84 / EPSG:4326","边界数据时点":"2019-02-21","Google原生边界支持":"泰国不支持ADM2","Google地图绘制方式":"加载本GeoJSON到Google Maps Data图层","边界来源":"RTSD/OCHA衍生简化边界（canonical package）"},"geometry":{"type":"Polygon","coordinates":[[[100.46923467500005,13.715962863000073],[100.43773390500007,13.693684476000044],[100.44679705800007,13.682558432000064],[100.47033367300008,13.65904032900005],[100.47579651200004,13.661882128000059],[100.48254528000007,13.694834889000049],[100.46923467500005,13.715962863000073]]]}},{"type":"Feature","id":"TH5002","properties":{"国家代码":"TH","行政层级":2,"行政层级中文":"县/曼谷区","行政区代码":"5002","上级行政区代码":"50","中文名称":"宗通县","泰文名称":"จอมทอง","英文名称":"Chom Thong","中文显示名":"宗通县","中文名状态":"Wikidata已有中文名","边界状态":"可绘制","边界文件":"泰国_ADM2_县区边界.geojson","边界要素ID":"TH5002","边界坐标系":"WGS84 / EPSG:4326","边界数据时点":"2019-02-21","Google原生边界支持":"泰国不支持ADM2","Google地图绘制方式":"加载本GeoJSON到Google Maps Data图层","边界来源":"RTSD/OCHA衍生简化边界（canonical package）"},"geometry":{"type":"Polygon","coordinates":[[[98.74009256200009,18.43522835300007],[98.73824724700006,18.496106061000035],[98.62398487900003,18.59980338400004],[98.48777166000008,18.592997336000053],[98.51061332700004,18.48960481900002],[98.42061418300005,18.246774525000035],[98.55403968400003,18.233667824000065],[98.72460194900003,18.149364771000023],[98.78273338500009,18.17929635400003],[98.77078507000004,18.255794680000065],[98.67129269000009,18.32629681900005],[98.68759555500009,18.380676008000023],[98.74009256200009,18.43522835300007]]]}},{"type":"Feature","id":"TH6702","properties":{"国家代码":"TH","行政层级":2,"行政层级中文":"县/曼谷区","行政区代码":"6702","上级行政区代码":"67","中文名称":"春登县","泰文名称":"ชนแดน","英文名称":"Chon Daen","中文显示名":"春登县","中文名状态":"Wikidata已有中文名","边界状态":"可绘制","边界文件":"泰国_ADM2_县区边界.geojson","边界要素ID":"TH6702","边界坐标系":"WGS84 / EPSG:4326","边界数据时点":"2019-02-21","Google原生边界支持":"泰国不支持ADM2","Google地图绘制方式":"加载本GeoJSON到Google Maps Data图层","边界来源":"RTSD/OCHA衍生简化边界（canonical package）"},"geometry":{"type":"Polygon","coordinates":[[[100.94206206400008,16.308623728000043],[100.86430827800007,16.33154797000003],[100.82326315800003,16.284470233000036],[100.71811169700004,16.256592200000057],[100.64901634300008,16.148253645000068],[100.63863807400008,16.056725362000066],[100.78470531300007,15.992340719000026],[100.76606668700003,15.931128310000076],[100.79609866200008,15.892696844000056],[100.85606279800004,15.929514193000045],[100.90140476500005,15.896926837000024],[100.90216375600005,15.989245181000058],[100.98518737000006,16.00465501000002],[100.98168775800008,16.066270146000022],[100.90724431900009,16.107125432000032],[100.98455626300006,16.166148617000033],[100.98196950600004,16.253644132000034],[100.94206206400008,16.308623728000043]]]}},{"type":"Feature","id":"TH4018","properties":{"国家代码":"TH","行政层级":2,"行政层级中文":"县/曼谷区","行政区代码":"4018","上级行政区代码":"40","中文名称":"春那博县","泰文名称":"ชนบท","英文名称":"Chonnabot","中文显示名":"春那博县","中文名状态":"Wikidata已有中文名","边界状态":"可绘制","边界文件":"泰国_ADM2_县区边界.geojson","边界要素ID":"TH4018","边界坐标系":"WGS84 / EPSG:4326","边界数据时点":"2019-02-21","Google原生边界支持":"泰国不支持ADM2","Google地图绘制方式":"加载本GeoJSON到Google Maps Data图层","边界来源":"RTSD/OCHA衍生简化边界（canonical package）"},"geometry":{"type":"Polygon","coordinates":[[[102.63881269400008,16.136656385000038],[102.49289079600004,16.079242527000076],[102.42689817700006,15.994839976000037],[102.54678489300005,15.970185264000065],[102.57144427300005,15.932870706000074],[102.65310404300004,15.907967756000062],[102.60310649100006,16.00966893700007],[102.64504269500009,16.061332529000026],[102.63881269400008,16.136656385000038]]]}},{"type":"Feature","id":"TH4413","properties":{"国家代码":"TH","行政层级":2,"行政层级中文":"县/曼谷区","行政区代码":"4413","上级行政区代码":"44","中文名称":"春冲县","泰文名称":"ชื่นชม","英文名称":"Chuen Chom","中文显示名":"春冲县","中文名状态":"Wikidata已有中文名","边界状态":"可绘制","边界文件":"泰国_ADM2_县区边界.geojson","边界要素ID":"TH4413","边界坐标系":"WGS84 / EPSG:4326","边界数据时点":"2019-02-21","Google原生边界支持":"泰国不支持ADM2","Google地图绘制方式":"加载本GeoJSON到Google Maps Data图层","边界来源":"RTSD/OCHA衍生简化边界（canonical package）"},"geometry":{"type":"Polygon","coordinates":[[[103.16391014200008,16.487637371000062],[103.18706081600004,16.551598700000056],[103.15239866900004,16.643603950000056],[103.15048679000006,16.626500822000025],[103.08523930600006,16.51573263100005],[103.17441221300004,16.458743221000077],[103.16391014200008,16.487637371000062]]]}},{"type":"Feature","id":"TH8019","properties":{"国家代码":"TH","行政层级":2,"行政层级中文":"县/曼谷区","行政区代码":"8019","上级行政区代码":"80","中文名称":"朱拉邦县","泰文名称":"จุฬาภรณ์","英文名称":"Chulabhorn","中文显示名":"朱拉邦县","中文名状态":"Wikidata已有中文名","边界状态":"可绘制","边界文件":"泰国_ADM2_县区边界.geojson","边界要素ID":"TH8019","边界坐标系":"WGS84 / EPSG:4326","边界数据时点":"2019-02-21","Google原生边界支持":"泰国不支持ADM2","Google地图绘制方式":"加载本GeoJSON到Google Maps Data图层","边界来源":"RTSD/OCHA衍生简化边界（canonical package）"},"geometry":{"type":"Polygon","coordinates":[[[99.96106188000005,8.082881264000036],[99.80994041900004,8.137576521000028],[99.77117335600008,8.068411165000043],[99.78889376000006,8.013212502000044],[99.95280710400004,8.039892412000029],[99.96106188000005,8.082881264000036]]]}},{"type":"Feature","id":"TH4005","properties":{"国家代码":"TH","行政层级":2,"行政层级中文":"县/曼谷区","行政区代码":"4005","上级行政区代码":"40","中文名称":"春佩县","泰文名称":"ชุมแพ","英文名称":"Chum Phae","中文显示名":"春佩县","中文名状态":"Wikidata已有中文名","边界状态":"可绘制","边界文件":"泰国_ADM2_县区边界.geojson","边界要素ID":"TH4005","边界坐标系":"WGS84 / EPSG:4326","边界数据时点":"2019-02-21","Google原生边界支持":"泰国不支持ADM2","Google地图绘制方式":"加载本GeoJSON到Google Maps Data图层","边界来源":"RTSD/OCHA衍生简化边界（canonical package）"},"geometry":{"type":"Polygon","coordinates":[[[102.02788715100007,16.861693409000054],[101.94050979700006,16.83570025000006],[101.95491019400004,16.630265923000024],[102.06732343900006,16.494557591000046],[102.21365311100004,16.50164560500002],[102.25533055300008,16.461070560000053],[102.30096173800007,16.44824280200004],[102.30079950600003,16.56733209400005],[102.27830364600004,16.615432724000073],[102.19258541700003,16.588682021000068],[102.15746504400005,16.61816092500004],[102.00425939100006,16.714905014000067],[102.02788715100007,16.861693409000054]]]}},{"type":"Feature","id":"TH3017","properties":{"国家代码":"TH","行政层级":2,"行政层级中文":"县/曼谷区","行政区代码":"3017","上级行政区代码":"30","中文名称":"春庞县","泰文名称":"ชุมพวง","英文名称":"Chum Phuang","中文显示名":"春庞县","中文名状态":"Wikidata已有中文名","边界状态":"可绘制","边界文件":"泰国_ADM2_县区边界.geojson","边界要素ID":"TH3017","边界坐标系":"WGS84 / EPSG:4326","边界数据时点":"2019-02-21","Google原生边界支持":"泰国不支持ADM2","Google地图绘制方式":"加载本GeoJSON到Google Maps Data图层","边界来源":"RTSD/OCHA衍生简化边界（canonical package）"},"geometry":{"type":"Polygon","coordinates":[[[102.75444120000009,15.431263426000044],[102.70020335500004,15.452792741000053],[102.62704625700007,15.297826684000029],[102.69549831500007,15.309971311000027],[102.65204223900008,15.201603071000022],[102.67135174100008,15.16630519000006],[102.76268729900005,15.080976399000065],[102.86820616500006,15.16592947600003],[102.84477589800008,15.405382936000024],[102.77936309700004,15.38108479400006],[102.75444120000009,15.431263426000044]]]}},{"type":"Feature","id":"TH6003","properties":{"国家代码":"TH","行政层级":2,"行政层级中文":"县/曼谷区","行政区代码":"6003","上级行政区代码":"60","中文名称":"春森县","泰文名称":"ชุมแสง","英文名称":"Chum Saeng","中文显示名":"春森县","中文名状态":"Wikidata已有中文名","边界状态":"可绘制","边界文件":"泰国_ADM2_县区边界.geojson","边界要素ID":"TH6003","边界坐标系":"WGS84 / EPSG:4326","边界数据时点":"2019-02-21","Google原生边界支持":"泰国不支持ADM2","Google地图绘制方式":"加载本GeoJSON到Google Maps Data图层","边界来源":"RTSD/OCHA衍生简化边界（canonical package）"},"geometry":{"type":"Polygon","coordinates":[[[100.46074139700005,15.938385346000075],[100.33118930000006,15.940653068000074],[100.30649835800006,15.973463683000034],[100.17512349500004,15.933324189000075],[100.16981724900006,15.810185509000064],[100.24741855900004,15.69822785100007],[100.28896078500009,15.694293793000043],[100.31316110600005,15.769150497000055],[100.40705956500005,15.823075131000053],[100.46074139700005,15.938385346000075]]]}},{"type":"Feature","id":"TH6015","properties":{"国家代码":"TH","行政层级":2,"行政层级中文":"县/曼谷区","行政区代码":"6015","上级行政区代码":"60","中文名称":"春他邦县","泰文名称":"ชุมตาบง","英文名称":"Chum Ta Bong","中文显示名":"春他邦县","中文名状态":"Wikidata已有中文名","边界状态":"可绘制","边界文件":"泰国_ADM2_县区边界.geojson","边界要素ID":"TH6015","边界坐标系":"WGS84 / EPSG:4326","边界数据时点":"2019-02-21","Google原生边界支持":"泰国不支持ADM2","Google地图绘制方式":"加载本GeoJSON到Google Maps Data图层","边界来源":"RTSD/OCHA衍生简化边界（canonical package）"},"geometry":{"type":"Polygon","coordinates":[[[99.61915874200008,15.715116784000031],[99.46389167400008,15.730785523000065],[99.50574279800009,15.645651434000058],[99.49694156400005,15.569297817000063],[99.57059107900005,15.601535246000026],[99.66708457400006,15.66777029900004],[99.61915874200008,15.715116784000031]]]}},{"type":"Feature","id":"TH3202","properties":{"国家代码":"TH","行政层级":2,"行政层级中文":"县/曼谷区","行政区代码":"3202","上级行政区代码":"32","中文名称":"春蓬武里县","泰文名称":"ชุมพลบุรี","英文名称":"Chumphon Buri","中文显示名":"春蓬武里县","中文名状态":"Wikidata已有中文名","边界状态":"可绘制","边界文件":"泰国_ADM2_县区边界.geojson","边界要素ID":"TH3202","边界坐标系":"WGS84 / EPSG:4326","边界数据时点":"2019-02-21","Google原生边界支持":"泰国不支持ADM2","Google地图绘制方式":"加载本GeoJSON到Google Maps Data图层","边界来源":"RTSD/OCHA衍生简化边界（canonical package）"},"geometry":{"type":"Polygon","coordinates":[[[103.40326782800008,15.436452529000064],[103.34779374000004,15.408958239000071],[103.11140379300008,15.481283650000023],[103.10012702700004,15.432799791000036],[103.10666513500007,15.409391000000028],[103.23532815300007,15.319540618000076],[103.29348729300006,15.300564844000064],[103.36086867900008,15.345513624000034],[103.50543628800006,15.291748332000054],[103.58703160300007,15.30167298300006],[103.59246155600005,15.46742740600007],[103.53267475500007,15.426550458000065],[103.40326782800008,15.436452529000064]]]}},{"type":"Feature","id":"TH5602","properties":{"国家代码":"TH","行政层级":2,"行政层级中文":"县/曼谷区","行政区代码":"5602","上级行政区代码":"56","中文名称":"春县","泰文名称":"จุน","英文名称":"Chun","中文显示名":"春县","中文名状态":"Wikidata已有中文名","边界状态":"可绘制","边界文件":"泰国_ADM2_县区边界.geojson","边界要素ID":"TH5602","边界坐标系":"WGS84 / EPSG:4326","边界数据时点":"2019-02-21","Google原生边界支持":"泰国不支持ADM2","Google地图绘制方式":"加载本GeoJSON到Google Maps Data图层","边界来源":"RTSD/OCHA衍生简化边界（canonical package）"},"geometry":{"type":"Polygon","coordinates":[[[100.15363235500007,19.545675752000022],[100.06566084600007,19.51025696800008],[100.05383423000006,19.431398467000065],[100.05121515200005,19.352527701000042],[100.09973958000006,19.299487405000036],[100.11484094900004,19.157081938000033],[100.14716185600008,19.204739338000024],[100.26456723100006,19.26371666500006],[100.23553882400006,19.34558903800007],[100.20936346900004,19.45503308900004],[100.15363235500007,19.545675752000022]]]}},{"type":"Feature","id":"TH7004","properties":{"国家代码":"TH","行政层级":2,"行政层级中文":"县/曼谷区","行政区代码":"7004","上级行政区代码":"70","中文名称":"丹暖沙多县","泰文名称":"ดำเนินสะดวก","英文名称":"Damnoen Saduak","中文显示名":"丹暖沙多县","中文名状态":"Wikidata已有中文名","边界状态":"可绘制","边界文件":"泰国_ADM2_县区边界.geojson","边界要素ID":"TH7004","边界坐标系":"WGS84 / EPSG:4326","边界数据时点":"2019-02-21","Google原生边界支持":"泰国不支持ADM2","Google地图绘制方式":"加载本GeoJSON到Google Maps Data图层","边界来源":"RTSD/OCHA衍生简化边界（canonical package）"},"geometry":{"type":"Polygon","coordinates":[[[100.03110954200008,13.612613751000026],[99.90838353900006,13.633233268000026],[99.88904678000006,13.609922987000061],[99.91345807800008,13.51048323200007],[100.02627364800009,13.504561636000062],[100.02951576800007,13.507781799000043],[100.03110954200008,13.612613751000026]]]}},{"type":"Feature","id":"TH7203","properties":{"国家代码":"TH","行政层级":2,"行政层级中文":"县/曼谷区","行政区代码":"7203","上级行政区代码":"72","中文名称":"丹昌县","泰文名称":"ด่านช้าง","英文名称":"Dan Chang","中文显示名":"丹昌县","中文名状态":"Wikidata已有中文名","边界状态":"可绘制","边界文件":"泰国_ADM2_县区边界.geojson","边界要素ID":"TH7203","边界坐标系":"WGS84 / EPSG:4326","边界数据时点":"2019-02-21","Google原生边界支持":"泰国不支持ADM2","Google地图绘制方式":"加载本GeoJSON到Google Maps Data图层","边界来源":"RTSD/OCHA衍生简化边界（canonical package）"},"geometry":{"type":"Polygon","coordinates":[[[99.72377013800008,14.962032211000064],[99.63191858000005,14.983928180000078],[99.63131805200004,14.943277374000047],[99.43600112000007,14.999537308000072],[99.41586087000007,15.047345532000065],[99.31982244300008,15.080905266000059],[99.28280207500006,14.997616249000032],[99.32501374800006,14.941626950000057],[99.29478658300008,14.832054719000041],[99.44208574000004,14.732125064000059],[99.54493724300005,14.708949846000053],[99.57708316700007,14.788575713000057],[99.65283459500006,14.802116322000074],[99.81295772100003,14.847790839000027],[99.73173369100004,14.962623385000029],[99.72377013800008,14.962032211000064]]]}},{"type":"Feature","id":"TH3008","properties":{"国家代码":"TH","行政层级":2,"行政层级中文":"县/曼谷区","行政区代码":"3008","上级行政区代码":"30","中文名称":"丹坤托县","泰文名称":"ด่านขุนทด","英文名称":"Dan Khun Thot","中文显示名":"丹坤托县","中文名状态":"Wikidata已有中文名","边界状态":"可绘制","边界文件":"泰国_ADM2_县区边界.geojson","边界要素ID":"TH3008","边界坐标系":"WGS84 / EPSG:4326","边界数据时点":"2019-02-21","Google原生边界支持":"泰国不支持ADM2","Google地图绘制方式":"加载本GeoJSON到Google Maps Data图层","边界来源":"RTSD/OCHA衍生简化边界（canonical package）"},"geometry":{"type":"Polygon","coordinates":[[[101.87849963900004,15.389251178000052],[101.80226731700009,15.420457437000039],[101.77858154800003,15.383981149000022],[101.65466020200006,15.40033872600003],[101.56605521700004,15.37196061800006],[101.62463233600005,15.304492949000064],[101.63205034300006,15.238513911000041],[101.49695696100008,15.201857183000072],[101.38758359600007,15.228467852000051],[101.39967676900005,15.101791934000062],[101.63150243500007,15.097982667000053],[101.78699661100006,15.05132915200005],[101.83553933500008,15.073972130000072],[101.88883892000007,15.110604496000065],[101.87147238300008,15.223970719000022],[101.92350707300005,15.305507056000067],[101.87849963900004,15.389251178000052]]]}},{"type":"Feature","id":"TH7111","properties":{"国家代码":"TH","行政层级":2,"行政层级中文":"县/曼谷区","行政区代码":"7111","上级行政区代码":"71","中文名称":"丹马堪迭县","泰文名称":"ด่านมะขามเตี้ย","英文名称":"Dan Makham Tia","中文显示名":"丹马堪迭县","中文名状态":"Wikidata已有中文名","边界状态":"可绘制","边界文件":"泰国_ADM2_县区边界.geojson","边界要素ID":"TH7111","边界坐标系":"WGS84 / EPSG:4326","边界数据时点":"2019-02-21","Google原生边界支持":"泰国不支持ADM2","Google地图绘制方式":"加载本GeoJSON到Google Maps Data图层","边界来源":"RTSD/OCHA衍生简化边界（canonical package）"},"geometry":{"type":"Polygon","coordinates":[[[99.50981955300006,13.909994340000026],[99.29144841400006,13.949503005000054],[99.26073248300008,13.885596962000022],[99.18133113300007,13.88191878400005],[99.14854927300007,13.757132642000045],[99.16731530500005,13.725852798000062],[99.31602040000007,13.767380999000068],[99.35633750000005,13.751739572000076],[99.47020767500004,13.806619688000069],[99.50981955300006,13.909994340000026]]]}},{"type":"Feature","id":"TH4205","properties":{"国家代码":"TH","行政层级":2,"行政层级中文":"县/曼谷区","行政区代码":"4205","上级行政区代码":"42","中文名称":"丹赛县","泰文名称":"ด่านซ้าย","英文名称":"Dan Sai","中文显示名":"丹赛县","中文名状态":"Wikidata已有中文名","边界状态":"可绘制","边界文件":"泰国_ADM2_县区边界.geojson","边界要素ID":"TH4205","边界坐标系":"WGS84 / EPSG:4326","边界数据时点":"2019-02-21","Google原生边界支持":"泰国不支持ADM2","Google地图绘制方式":"加载本GeoJSON到Google Maps Data图层","边界来源":"RTSD/OCHA衍生简化边界（canonical package）"},"geometry":{"type":"Polygon","coordinates":[[[101.22462436200004,17.533638850000045],[101.16363413500005,17.469633901000066],[101.11217552500005,17.47900489700004],[101.12370690500006,17.33227721800006],[101.08314309600007,17.279817594000065],[101.10798639800004,17.216353066000067],[101.05120220500004,17.115306556000064],[101.06702827300006,16.902846108000062],[101.07904047000005,16.899557526000024],[101.11506608600007,17.016405416000055],[101.22863817100006,17.064810025000043],[101.36245091200004,17.17153713700003],[101.45274086900008,17.139571088000025],[101.47503018200007,17.08921573600003],[101.46971134000006,17.172201061000067],[101.47201555900006,17.28010312600003],[101.38335747500008,17.261519919000023],[101.27925784300004,17.313459515000034],[101.26532062100006,17.495754558000044],[101.22462436200004,17.533638850000045]]]}},{"type":"Feature","id":"TH5405","properties":{"国家代码":"TH","行政层级":2,"行政层级中文":"县/曼谷区","行政区代码":"5405","上级行政区代码":"54","中文名称":"登猜县","泰文名称":"เด่นชัย","英文名称":"Den Chai","中文显示名":"登猜县","中文名状态":"Wikidata已有中文名","边界状态":"可绘制","边界文件":"泰国_ADM2_县区边界.geojson","边界要素ID":"TH5405","边界坐标系":"WGS84 / EPSG:4326","边界数据时点":"2019-02-21","Google原生边界支持":"泰国不支持ADM2","Google地图绘制方式":"加载本GeoJSON到Google Maps Data图层","边界来源":"RTSD/OCHA衍生简化边界（canonical package）"},"geometry":{"type":"Polygon","coordinates":[[[100.18822022800003,17.903718406000053],[100.14859297100008,17.980448313000068],[99.97217582300004,18.043810327000074],[99.87680672400006,17.925381531000028],[99.93614492100005,17.854186190000064],[99.89449126700003,17.807192434000058],[99.95962152600003,17.778376240000057],[99.99527384200007,17.830758536000076],[100.13412990400008,17.86011837500007],[100.18822022800003,17.903718406000053]]]}},{"type":"Feature","id":"TH3407","properties":{"国家代码":"TH","行政层级":2,"行政层级中文":"县/曼谷区","行政区代码":"3407","上级行政区代码":"34","中文名称":"德乌敦县","泰文名称":"เดชอุดม","英文名称":"Det Udom","中文显示名":"德乌敦县","中文名状态":"Wikidata已有中文名","边界状态":"可绘制","边界文件":"泰国_ADM2_县区边界.geojson","边界要素ID":"TH3407","边界坐标系":"WGS84 / EPSG:4326","边界数据时点":"2019-02-21","Google原生边界支持":"泰国不支持ADM2","Google地图绘制方式":"加载本GeoJSON到Google Maps Data图层","边界来源":"RTSD/OCHA衍生简化边界（canonical package）"},"geometry":{"type":"Polygon","coordinates":[[[104.97239875600008,15.039490629000056],[104.90460163000006,14.942308282000056],[104.81447908500007,14.834552081000027],[104.79760925600004,14.810341085000061],[104.81794224800007,14.776988454000048],[104.96106963600005,14.829211744000077],[105.00160722200008,14.754493345000071],[104.98512975000006,14.675217597000028],[104.99543235900006,14.668941312000072],[105.11702960300005,14.61798974800007],[105.15151906800008,14.732355855000037],[105.25351968300004,14.72047806300003],[105.29673203700008,14.953929361000064],[105.19017871700004,15.027923810000061],[105.07523075200004,14.944100414000047],[104.97239875600008,15.039490629000056]]]}},{"type":"Feature","id":"TH1026","properties":{"国家代码":"TH","行政层级":2,"行政层级中文":"县/曼谷区","行政区代码":"1026","上级行政区代码":"10","中文名称":"鄰鈴縣","泰文名称":"ดินแดง","英文名称":"Din Daeng","中文显示名":"鄰鈴縣","中文名状态":"Wikidata已有中文名","边界状态":"可绘制","边界文件":"泰国_ADM2_县区边界.geojson","边界要素ID":"TH1026","边界坐标系":"WGS84 / EPSG:4326","边界数据时点":"2019-02-21","Google原生边界支持":"泰国不支持ADM2","Google地图绘制方式":"加载本GeoJSON到Google Maps Data图层","边界来源":"RTSD/OCHA衍生简化边界（canonical package）"},"geometry":{"type":"Polygon","coordinates":[[[100.56496850000008,13.75512621300004],[100.57489622500003,13.801069838000046],[100.56162658600005,13.794959305000077],[100.54343121400007,13.762715976000038],[100.56496850000008,13.75512621300004]]]}},{"type":"Feature","id":"TH7202","properties":{"国家代码":"TH","行政层级":2,"行政层级中文":"县/曼谷区","行政区代码":"7202","上级行政区代码":"72","中文名称":"登邦南磨县","泰文名称":"เดิมบางนางบวช","英文名称":"Doem Bang Nang Buat","中文显示名":"登邦南磨县","中文名状态":"Wikidata已有中文名","边界状态":"可绘制","边界文件":"泰国_ADM2_县区边界.geojson","边界要素ID":"TH7202","边界坐标系":"WGS84 / EPSG:4326","边界数据时点":"2019-02-21","Google原生边界支持":"泰国不支持ADM2","Google地图绘制方式":"加载本GeoJSON到Google Maps Data图层","边界来源":"RTSD/OCHA衍生简化边界（canonical package）"},"geometry":{"type":"Polygon","coordinates":[[[99.95172454400006,14.909854185000029],[99.73173369100004,14.962623385000029],[99.81295772100003,14.847790839000027],[99.91788951200004,14.871851164000077],[99.98175999300008,14.840010643000028],[100.01725864200006,14.844664624000075],[100.19779201400007,14.767665686000043],[100.20541775900006,14.770696972000053],[100.22643316800009,14.795045493000032],[100.21542735900005,14.839860029000022],[100.20269512300007,14.953456120000055],[100.08709981500004,14.955579406000027],[100.04173330800006,14.914929855000025],[99.95172454400006,14.909854185000029]]]}},{"type":"Feature","id":"TH5024","properties":{"国家代码":"TH","行政层级":2,"行政层级中文":"县/曼谷区","行政区代码":"5024","上级行政区代码":"50","中文名称":"堆洛县","泰文名称":"ดอยหล่อ","英文名称":"Doi Lo","中文显示名":"堆洛县","中文名状态":"Wikidata已有中文名","边界状态":"可绘制","边界文件":"泰国_ADM2_县区边界.geojson","边界要素ID":"TH5024","边界坐标系":"WGS84 / EPSG:4326","边界数据时点":"2019-02-21","Google原生边界支持":"泰国不支持ADM2","Google地图绘制方式":"加载本GeoJSON到Google Maps Data图层","边界来源":"RTSD/OCHA衍生简化边界（canonical package）"},"geometry":{"type":"Polygon","coordinates":[[[98.85294123900007,18.545292287000052],[98.79907580100007,18.58467283500005],[98.71825682800005,18.56885640400003],[98.69440413400008,18.620238013000062],[98.62398487900003,18.59980338400004],[98.73824724700006,18.496106061000035],[98.74009256200009,18.43522835300007],[98.77811012900008,18.449773986000025],[98.85145931300008,18.500960857000052],[98.85294123900007,18.545292287000052]]]}},{"type":"Feature","id":"TH5718","properties":{"国家代码":"TH","行政层级":2,"行政层级中文":"县/曼谷区","行政区代码":"5718","上级行政区代码":"57","中文名称":"堆銮县","泰文名称":"ดอยหลวง","英文名称":"Doi Luang","中文显示名":"堆銮县","中文名状态":"Wikidata已有中文名","边界状态":"可绘制","边界文件":"泰国_ADM2_县区边界.geojson","边界要素ID":"TH5718","边界坐标系":"WGS84 / EPSG:4326","边界数据时点":"2019-02-21","Google原生边界支持":"泰国不支持ADM2","Google地图绘制方式":"加载本GeoJSON到Google Maps Data图层","边界来源":"RTSD/OCHA衍生简化边界（canonical package）"},"geometry":{"type":"Polygon","coordinates":[[[100.30540512000005,20.186880572000064],[100.07815726900009,20.20846356800007],[100.08232557100007,20.161102449000055],[100.01039324900006,20.110836835000043],[100.04888058000006,20.05193564800004],[100.12259941700006,20.09080311300005],[100.20713587700004,20.070714744000043],[100.30540512000005,20.186880572000064]]]}},{"type":"Feature","id":"TH5005","properties":{"国家代码":"TH","行政层级":2,"行政层级中文":"县/曼谷区","行政区代码":"5005","上级行政区代码":"50","中文名称":"雷沙革县","泰文名称":"ดอยสะเก็ด","英文名称":"Doi Saket","中文显示名":"雷沙革县","中文名状态":"Wikidata已有中文名","边界状态":"可绘制","边界文件":"泰国_ADM2_县区边界.geojson","边界要素ID":"TH5005","边界坐标系":"WGS84 / EPSG:4326","边界数据时点":"2019-02-21","Google原生边界支持":"泰国不支持ADM2","Google地图绘制方式":"加载本GeoJSON到Google Maps Data图层","边界来源":"RTSD/OCHA衍生简化边界（canonical package）"},"geometry":{"type":"Polygon","coordinates":[[[99.40180343500003,19.00014822000003],[99.34065982600004,19.095649593000076],[99.25250033700007,19.00052755400003],[99.15885914600005,19.00747977900005],[99.11348677500007,19.071894409000038],[99.07850829900008,19.039834255000073],[99.06440848800008,18.96640672600006],[99.12756360400004,18.92209446100003],[99.05617602700005,18.78921285100006],[99.20727043900007,18.813453793000065],[99.27915035500007,18.903698789000032],[99.37764141900004,18.92171617200006],[99.40180343500003,19.00014822000003]]]}},{"type":"Feature","id":"TH5017","properties":{"国家代码":"TH","行政层级":2,"行政层级中文":"县/曼谷区","行政区代码":"5017","上级行政区代码":"50","中文名称":"堆道县","泰文名称":"ดอยเต่า","英文名称":"Doi Tao","中文显示名":"堆道县","中文名状态":"Wikidata已有中文名","边界状态":"可绘制","边界文件":"泰国_ADM2_县区边界.geojson","边界要素ID":"TH5017","边界坐标系":"WGS84 / EPSG:4326","边界数据时点":"2019-02-21","Google原生边界支持":"泰国不支持ADM2","Google地图绘制方式":"加载本GeoJSON到Google Maps Data图层","边界来源":"RTSD/OCHA衍生简化边界（canonical package）"},"geometry":{"type":"Polygon","coordinates":[[[98.77690865400007,18.000566738000032],[98.59200101700009,18.07166232800006],[98.59808235800006,17.94137513100003],[98.48260111500008,17.909554962000072],[98.43051757000006,17.865239924000036],[98.49329682800004,17.813907706000066],[98.68537518300008,17.790962026000045],[98.79982991400004,17.795880615000044],[98.87036159600007,17.849162153000066],[98.83356665400004,17.986091104000025],[98.77690865400007,18.000566738000032]]]}},{"type":"Feature","id":"TH5605","properties":{"国家代码":"TH","行政层级":2,"行政层级中文":"县/曼谷区","行政区代码":"5605","上级行政区代码":"56","中文名称":"多堪代县","泰文名称":"ดอกคำใต้","英文名称":"Dok Khamtai","中文显示名":"多堪代县","中文名状态":"Wikidata已有中文名","边界状态":"可绘制","边界文件":"泰国_ADM2_县区边界.geojson","边界要素ID":"TH5605","边界坐标系":"WGS84 / EPSG:4326","边界数据时点":"2019-02-21","Google原生边界支持":"泰国不支持ADM2","Google地图绘制方式":"加载本GeoJSON到Google Maps Data图层","边界来源":"RTSD/OCHA衍生简化边界（canonical package）"},"geometry":{"type":"Polygon","coordinates":[[[100.05383423000006,19.431398467000065],[100.00499369700003,19.429147460000024],[100.01589437300004,19.262404674000038],[99.96478542300008,19.205007806000026],[99.92036694600006,19.161630880000075],[100.01948625400007,19.03097318600004],[100.02705928900008,18.89745862700005],[100.06594746400003,18.817548757000054],[100.11402458500004,18.808551408000028],[100.15593258000007,18.835470908000048],[100.15615587900004,18.912768421000067],[100.11137828100004,19.02541177200004],[100.11484094900004,19.157081938000033],[100.09973958000006,19.299487405000036],[100.05121515200005,19.352527701000042],[100.05383423000006,19.431398467000065]]]}},{"type":"Feature","id":"TH4617","properties":{"国家代码":"TH","行政层级":2,"行政层级中文":"县/曼谷区","行政区代码":"4617","上级行政区代码":"46","中文名称":"东占县","泰文名称":"ดอนจาน","英文名称":"Don Chan","中文显示名":"东占县","中文名状态":"Wikidata已有中文名","边界状态":"可绘制","边界文件":"泰国_ADM2_县区边界.geojson","边界要素ID":"TH4617","边界坐标系":"WGS84 / EPSG:4326","边界数据时点":"2019-02-21","Google原生边界支持":"泰国不支持ADM2","Google地图绘制方式":"加载本GeoJSON到Google Maps Data图层","边界来源":"RTSD/OCHA衍生简化边界（canonical package）"},"geometry":{"type":"Polygon","coordinates":[[[103.83200475000007,16.489048358000048],[103.70440305800008,16.568928302000074],[103.65536165800006,16.496794644000033],[103.59790618700004,16.48939566300004],[103.69116392500007,16.384384082000054],[103.70596527800006,16.386315204000027],[103.82283783900004,16.470103490000042],[103.83200475000007,16.489048358000048]]]}},{"type":"Feature","id":"TH7206","properties":{"国家代码":"TH","行政层级":2,"行政层级中文":"县/曼谷区","行政区代码":"7206","上级行政区代码":"72","中文名称":"敦切迪县","泰文名称":"ดอนเจดีย์","英文名称":"Don Chedi","中文显示名":"敦切迪县","中文名状态":"Wikidata已有中文名","边界状态":"可绘制","边界文件":"泰国_ADM2_县区边界.geojson","边界要素ID":"TH7206","边界坐标系":"WGS84 / EPSG:4326","边界数据时点":"2019-02-21","Google原生边界支持":"泰国不支持ADM2","Google地图绘制方式":"加载本GeoJSON到Google Maps Data图层","边界来源":"RTSD/OCHA衍生简化边界（canonical package）"},"geometry":{"type":"Polygon","coordinates":[[[99.98424573000005,14.689889837000067],[99.78944300400008,14.736016902000074],[99.82129183600006,14.635297738000077],[99.91870657600003,14.594945880000068],[100.08632056800008,14.571062848000054],[100.05249090000007,14.589062955000031],[100.08069901000005,14.676537006000046],[99.98424573000005,14.689889837000067]]]}},{"type":"Feature","id":"TH3424","properties":{"国家代码":"TH","行政层级":2,"行政层级中文":"县/曼谷区","行政区代码":"3424","上级行政区代码":"34","中文名称":"廊末亮县","泰文名称":"ดอนมดแดง","英文名称":"Don Mot Daeng","中文显示名":"廊末亮县","中文名状态":"Wikidata已有中文名","边界状态":"可绘制","边界文件":"泰国_ADM2_县区边界.geojson","边界要素ID":"TH3424","边界坐标系":"WGS84 / EPSG:4326","边界数据时点":"2019-02-21","Google原生边界支持":"泰国不支持ADM2","Google地图绘制方式":"加载本GeoJSON到Google Maps Data图层","边界来源":"RTSD/OCHA衍生简化边界（canonical package）"},"geometry":{"type":"Polygon","coordinates":[[[105.05911703400005,15.420938014000058],[105.01299525100006,15.485548337000068],[104.94264127500008,15.487881263000077],[105.00718590700006,15.416938516000073],[104.94063806300005,15.342324146000067],[105.01671925400007,15.346684905000075],[105.03358162800004,15.279449520000071],[105.11221039600008,15.30668165700007],[105.04344627700004,15.390974996000068],[105.05911703400005,15.420938014000058]]]}},{"type":"Feature","id":"TH1036","properties":{"国家代码":"TH","行政层级":2,"行政层级中文":"县/曼谷区","行政区代码":"1036","上级行政区代码":"10","中文名称":"廊曼區","泰文名称":"ดอนเมือง","英文名称":"Don Mueang","中文显示名":"廊曼區","中文名状态":"Wikidata已有中文名","边界状态":"可绘制","边界文件":"泰国_ADM2_县区边界.geojson","边界要素ID":"TH1036","边界坐标系":"WGS84 / EPSG:4326","边界数据时点":"2019-02-21","Google原生边界支持":"泰国不支持ADM2","Google地图绘制方式":"加载本GeoJSON到Google Maps Data图层","边界来源":"RTSD/OCHA衍生简化边界（canonical package）"},"geometry":{"type":"Polygon","coordinates":[[[100.62254545900004,13.950251041000058],[100.60652594900006,13.954378499000029],[100.56754835800007,13.951203277000047],[100.55889311700008,13.914457016000028],[100.59481328300006,13.887630844000057],[100.61113183000003,13.899779846000058],[100.62254545900004,13.950251041000058]]]}},{"type":"Feature","id":"TH1907","properties":{"国家代码":"TH","行政层级":2,"行政层级中文":"县/曼谷区","行政区代码":"1907","上级行政区代码":"19","中文名称":"东普县","泰文名称":"ดอนพุด","英文名称":"Don Phut","中文显示名":"东普县","中文名状态":"Wikidata已有中文名","边界状态":"可绘制","边界文件":"泰国_ADM2_县区边界.geojson","边界要素ID":"TH1907","边界坐标系":"WGS84 / EPSG:4326","边界数据时点":"2019-02-21","Google原生边界支持":"泰国不支持ADM2","Google地图绘制方式":"加载本GeoJSON到Google Maps Data图层","边界来源":"RTSD/OCHA衍生简化边界（canonical package）"},"geometry":{"type":"Polygon","coordinates":[[[100.63053203300007,14.649993705000043],[100.60228489700006,14.655050733000053],[100.58198596700004,14.62440686900004],[100.60184496400007,14.554215713000076],[100.62220608600006,14.562426945000027],[100.64088281500005,14.635877160000064],[100.63053203300007,14.649993705000043]]]}},{"type":"Feature","id":"TH8403","properties":{"国家代码":"TH","行政层级":2,"行政层级中文":"县/曼谷区","行政区代码":"8403","上级行政区代码":"84","中文名称":"敦沙县","泰文名称":"ดอนสัก","英文名称":"Don Sak","中文显示名":"敦沙县","中文名状态":"Wikidata已有中文名","边界状态":"可绘制","边界文件":"泰国_ADM2_县区边界.geojson","边界要素ID":"TH8403","边界坐标系":"WGS84 / EPSG:4326","边界数据时点":"2019-02-21","Google原生边界支持":"泰国不支持ADM2","Google地图绘制方式":"加载本GeoJSON到Google Maps Data图层","边界来源":"RTSD/OCHA衍生简化边界（canonical package）"},"geometry":{"type":"Polygon","coordinates":[[[99.76912757800005,9.322795434000057],[99.68543178100003,9.332538212000031],[99.57410294300007,9.271461532000046],[99.62660915400005,9.170925692000026],[99.66981890200003,9.156263780000074],[99.67083895100006,9.07019890500004],[99.74209333500005,9.029715931000055],[99.77176501800005,9.096430174000034],[99.71988092700008,9.145007275000069],[99.77159450300007,9.260889774000077],[99.76912757800005,9.322795434000057]]]}},{"type":"Feature","id":"TH4903","properties":{"国家代码":"TH","行政层级":2,"行政层级中文":"县/曼谷区","行政区代码":"4903","上级行政区代码":"49","中文名称":"东丹县","泰文名称":"ดอนตาล","英文名称":"Don Tan","中文显示名":"东丹县","中文名状态":"Wikidata已有中文名","边界状态":"可绘制","边界文件":"泰国_ADM2_县区边界.geojson","边界要素ID":"TH4903","边界坐标系":"WGS84 / EPSG:4326","边界数据时点":"2019-02-21","Google原生边界支持":"泰国不支持ADM2","Google地图绘制方式":"加载本GeoJSON到Google Maps Data图层","边界来源":"RTSD/OCHA衍生简化边界（canonical package）"},"geometry":{"type":"Polygon","coordinates":[[[104.86012962800004,16.428825489000076],[104.76299724800003,16.404615015000047],[104.75720402200005,16.346148025000048],[104.66135443700006,16.270345768000027],[104.66334631200004,16.243951980000077],[104.76607414700004,16.196444264000036],[104.81730983300008,16.187845294000056],[104.97872389200006,16.279131600000028],[104.89180472900006,16.346530253000026],[104.86012962800004,16.428825489000076]]]}},{"type":"Feature","id":"TH7304","properties":{"国家代码":"TH","行政层级":2,"行政层级中文":"县/曼谷区","行政区代码":"7304","上级行政区代码":"73","中文名称":"敦敦县","泰文名称":"ดอนตูม","英文名称":"Don Tum","中文显示名":"敦敦县","中文名状态":"Wikidata已有中文名","边界状态":"可绘制","边界文件":"泰国_ADM2_县区边界.geojson","边界要素ID":"TH7304","边界坐标系":"WGS84 / EPSG:4326","边界数据时点":"2019-02-21","Google原生边界支持":"泰国不支持ADM2","Google地图绘制方式":"加载本GeoJSON到Google Maps Data图层","边界来源":"RTSD/OCHA衍生简化边界（canonical package）"},"geometry":{"type":"Polygon","coordinates":[[[100.17513656800008,13.92272207800005],[100.10010756300005,13.970561786000076],[100.11406084400005,14.043139645000053],[100.06428017600007,14.032634245000054],[100.01923601100003,13.972955111000033],[100.05739443800007,13.913663632000066],[100.11650078200006,13.871844614000054],[100.17513656800008,13.92272207800005]]]}},{"type":"Feature","id":"TH6611","properties":{"国家代码":"TH","行政层级":2,"行政层级中文":"县/曼谷区","行政区代码":"6611","上级行政区代码":"66","中文名称":"东乍伦县","泰文名称":"ดงเจริญ","英文名称":"Dong Charoen","中文显示名":"东乍伦县","中文名状态":"Wikidata已有中文名","边界状态":"可绘制","边界文件":"泰国_ADM2_县区边界.geojson","边界要素ID":"TH6611","边界坐标系":"WGS84 / EPSG:4326","边界数据时点":"2019-02-21","Google原生边界支持":"泰国不支持ADM2","Google地图绘制方式":"加载本GeoJSON到Google Maps Data图层","边界来源":"RTSD/OCHA衍生简化边界（canonical package）"},"geometry":{"type":"Polygon","coordinates":[[[100.63863807400008,16.056725362000066],[100.54245844400003,16.080054756000038],[100.49405685100004,16.000971892000052],[100.51923335200007,15.940200138000023],[100.58052886100006,15.94551019000005],[100.65414808200006,16.026881236000065],[100.73802045400004,15.989824832000068],[100.76606668700003,15.931128310000076],[100.78470531300007,15.992340719000026],[100.63863807400008,16.056725362000066]]]}},{"type":"Feature","id":"TH4904","properties":{"国家代码":"TH","行政层级":2,"行政层级中文":"县/曼谷区","行政区代码":"4904","上级行政区代码":"49","中文名称":"东銮县","泰文名称":"ดงหลวง","英文名称":"Don Tan","中文显示名":"东銮县","中文名状态":"Wikidata已有中文名","边界状态":"可绘制","边界文件":"泰国_ADM2_县区边界.geojson","边界要素ID":"TH4904","边界坐标系":"WGS84 / EPSG:4326","边界数据时点":"2019-02-21","Google原生边界支持":"泰国不支持ADM2","Google地图绘制方式":"加载本GeoJSON到Google Maps Data图层","边界来源":"RTSD/OCHA衍生简化边界（canonical package）"},"geometry":{"type":"Polygon","coordinates":[[[104.62832921900008,16.863108625000052],[104.48356042500006,16.853545180000026],[104.40735131000008,16.896195130000024],[104.29602014900007,16.837767927000073],[104.25217686200006,16.906934723000063],[104.20830305400005,16.872980178000034],[104.11935609000005,16.880306292000057],[104.07010685000006,16.82129992800003],[104.09871321400004,16.784213385000044],[104.19909079400009,16.66002331800007],[104.30942672000003,16.761301798000034],[104.37444689900008,16.748689126000045],[104.40567793500009,16.683388426000022],[104.45109400900009,16.71425845500005],[104.54902761600005,16.726814708000063],[104.65998811600008,16.792268300000046],[104.62832921900008,16.863108625000052]]]}},{"type":"Feature","id":"TH1002","properties":{"国家代码":"TH","行政层级":2,"行政层级中文":"县/曼谷区","行政区代码":"1002","上级行政区代码":"10","中文名称":"都实县","泰文名称":"ดุสิต","英文名称":"Dusit","中文显示名":"都实县","中文名状态":"Wikidata已有中文名","边界状态":"可绘制","边界文件":"泰国_ADM2_县区边界.geojson","边界要素ID":"TH1002","边界坐标系":"WGS84 / EPSG:4326","边界数据时点":"2019-02-21","Google原生边界支持":"泰国不支持ADM2","Google地图绘制方式":"加载本GeoJSON到Google Maps Data图层","边界来源":"RTSD/OCHA衍生简化边界（canonical package）"},"geometry":{"type":"Polygon","coordinates":[[[100.53742427600008,13.79785442900004],[100.51649756100005,13.80035809800006],[100.49903981300008,13.77266572700006],[100.50939924600004,13.763650817000041],[100.51737146000005,13.753099860000077],[100.51916671800006,13.752732672000036],[100.52788649100006,13.774338363000027],[100.53742427600008,13.79785442900004]]]}},{"type":"Feature","id":"TH4213","properties":{"国家代码":"TH","行政层级":2,"行政层级中文":"县/曼谷区","行政区代码":"4213","上级行政区代码":"42","中文名称":"埃拉万县","泰文名称":"เอราวัณ","英文名称":"Erawan","中文显示名":"埃拉万县","中文名状态":"Wikidata已有中文名","边界状态":"可绘制","边界文件":"泰国_ADM2_县区边界.geojson","边界要素ID":"TH4213","边界坐标系":"WGS84 / EPSG:4326","边界数据时点":"2019-02-21","Google原生边界支持":"泰国不支持ADM2","Google地图绘制方式":"加载本GeoJSON到Google Maps Data图层","边界来源":"RTSD/OCHA衍生简化边界（canonical package）"},"geometry":{"type":"Polygon","coordinates":[[[101.91840633700008,17.409077555000067],[101.86471040600009,17.41759230400004],[101.90176735100005,17.279899371000056],[101.96078128100004,17.23987571200007],[101.98189076200003,17.154254949000062],[102.03505159700006,17.149273652000034],[102.04265503500005,17.167222561000074],[102.09677992100006,17.177071660000024],[102.07706919300006,17.248203948000025],[101.98378893600005,17.316050173000065],[101.98930524700006,17.403618039000037],[101.91840633700008,17.409077555000067]]]}},{"type":"Feature","id":"TH5305","properties":{"国家代码":"TH","行政层级":2,"行政层级中文":"县/曼谷区","行政区代码":"5305","上级行政区代码":"53","中文名称":"法塔县","泰文名称":"ฟากท่า","英文名称":"Fak Tha","中文显示名":"法塔县","中文名状态":"Wikidata已有中文名","边界状态":"可绘制","边界文件":"泰国_ADM2_县区边界.geojson","边界要素ID":"TH5305","边界坐标系":"WGS84 / EPSG:4326","边界数据时点":"2019-02-21","Google原生边界支持":"泰国不支持ADM2","Google地图绘制方式":"加载本GeoJSON到Google Maps Data图层","边界来源":"RTSD/OCHA衍生简化边界（canonical package）"},"geometry":{"type":"Polygon","coordinates":[[[100.91496159800005,17.881971790000023],[100.97443938000004,18.023428238000065],[101.03620846400008,18.07891939600006],[100.98965744500003,18.137468497000043],[100.91352344000006,18.160105617000056],[100.87456819300007,18.118988156000057],[100.77439900700006,18.029251857000077],[100.71768412500006,17.908620873000075],[100.77026461200006,17.860419566000076],[100.91496159800005,17.881971790000023]]]}},{"type":"Feature","id":"TH5009","properties":{"国家代码":"TH","行政层级":2,"行政层级中文":"县/曼谷区","行政区代码":"5009","上级行政区代码":"50","中文名称":"芳县","泰文名称":"ฝาง","英文名称":"Fang","中文显示名":"芳县","中文名状态":"Wikidata已有中文名","边界状态":"可绘制","边界文件":"泰国_ADM2_县区边界.geojson","边界要素ID":"TH5009","边界坐标系":"WGS84 / EPSG:4326","边界数据时点":"2019-02-21","Google原生边界支持":"泰国不支持ADM2","Google地图绘制方式":"加载本GeoJSON到Google Maps Data图层","边界来源":"RTSD/OCHA衍生简化边界（canonical package）"},"geometry":{"type":"Polygon","coordinates":[[[99.12808041800008,20.106677482000066],[99.07773457900004,20.101983147000055],[99.02188943000004,19.92727966600006],[99.02871395300008,19.832232085000044],[99.04783872200005,19.777297753000028],[99.21848847900009,19.76958700700004],[99.34408176700003,19.711672320000048],[99.36152524500005,19.77732618700003],[99.24426645500006,19.96034777500006],[99.15352983900004,20.02009148800005],[99.12808041800008,20.106677482000066]]]}},{"type":"Feature","id":"TH4315","properties":{"国家代码":"TH","行政层级":2,"行政层级中文":"县/曼谷区","行政区代码":"4315","上级行政区代码":"43","中文名称":"福莱县","泰文名称":"เฝ้าไร่","英文名称":"Fao Rai","中文显示名":"福莱县","中文名状态":"Wikidata已有中文名","边界状态":"可绘制","边界文件":"泰国_ADM2_县区边界.geojson","边界要素ID":"TH4315","边界坐标系":"WGS84 / EPSG:4326","边界数据时点":"2019-02-21","Google原生边界支持":"泰国不支持ADM2","Google地图绘制方式":"加载本GeoJSON到Google Maps Data图层","边界来源":"RTSD/OCHA衍生简化边界（canonical package）"},"geometry":{"type":"Polygon","coordinates":[[[103.29596584600006,18.120379895000042],[103.20586553500004,18.110765627000035],[103.17684673300005,18.004670130000022],[103.27555777000003,17.947883731000047],[103.35890542900006,17.856837622000057],[103.39971421400008,17.904579917000035],[103.40515220900005,17.99225767200005],[103.31362535400007,18.05694062300006],[103.29596584600006,18.120379895000042]]]}},{"type":"Feature","id":"TH5025","properties":{"国家代码":"TH","行政层级":2,"行政层级中文":"县/曼谷区","行政区代码":"5025","上级行政区代码":"50","中文名称":"加拉雅尼瓦他那县","泰文名称":"กัลยาณิวัฒนา","英文名称":"Kanlayaniwatthana","中文显示名":"加拉雅尼瓦他那县","中文名状态":"Wikidata已有中文名","边界状态":"可绘制","边界文件":"泰国_ADM2_县区边界.geojson","边界要素ID":"TH5025","边界坐标系":"WGS84 / EPSG:4326","边界数据时点":"2019-02-21","Google原生边界支持":"泰国不支持ADM2","Google地图绘制方式":"加载本GeoJSON到Google Maps Data图层","边界来源":"RTSD/OCHA衍生简化边界（canonical package）"},"geometry":{"type":"Polygon","coordinates":[[[98.42098377800005,19.027148382000064],[98.32529505200006,19.15579918700007],[98.24311915900006,19.153501365000068],[98.25214203000007,19.113682501000028],[98.15664094200008,18.936987738000028],[98.10626124800007,18.885460613000078],[98.21218095200004,18.87121291400007],[98.32250326700006,18.93831213900006],[98.37536582200005,18.88269885400007],[98.47821860500005,18.926825187000077],[98.41072392700005,18.970185314000048],[98.42098377800005,19.027148382000064]]]}},{"type":"Feature","id":"TH5212","properties":{"国家代码":"TH","行政层级":2,"行政层级中文":"县/曼谷区","行政区代码":"5212","上级行政区代码":"52","中文名称":"杭察县","泰文名称":"ห้างฉัตร","英文名称":"Hang Chat","中文显示名":"杭察县","中文名状态":"Wikidata已有中文名","边界状态":"可绘制","边界文件":"泰国_ADM2_县区边界.geojson","边界要素ID":"TH5212","边界坐标系":"WGS84 / EPSG:4326","边界数据时点":"2019-02-21","Google原生边界支持":"泰国不支持ADM2","Google地图绘制方式":"加载本GeoJSON到Google Maps Data图层","边界来源":"RTSD/OCHA衍生简化边界（canonical package）"},"geometry":{"type":"Polygon","coordinates":[[[99.30231199800005,18.49100291700006],[99.23950120600006,18.472715926000035],[99.11919304400004,18.297983015000057],[99.21728568000003,18.189827887000035],[99.28772714200005,18.29229800300004],[99.40542319800005,18.264618776000077],[99.42196158400009,18.380803023000055],[99.30231199800005,18.49100291700006]]]}},{"type":"Feature","id":"TH5015","properties":{"国家代码":"TH","行政层级":2,"行政层级中文":"县/曼谷区","行政区代码":"5015","上级行政区代码":"50","中文名称":"杭东县","泰文名称":"หางดง","英文名称":"Hang Dong","中文显示名":"杭东县","中文名状态":"Wikidata已有中文名","边界状态":"可绘制","边界文件":"泰国_ADM2_县区边界.geojson","边界要素ID":"TH5015","边界坐标系":"WGS84 / EPSG:4326","边界数据时点":"2019-02-21","Google原生边界支持":"泰国不支持ADM2","Google地图绘制方式":"加载本GeoJSON到Google Maps Data图层","边界来源":"RTSD/OCHA衍生简化边界（canonical package）"},"geometry":{"type":"Polygon","coordinates":[[[98.86761333100009,18.838004959000045],[98.79080543000003,18.848919582000065],[98.81566672100007,18.73262628300006],[98.82361273500004,18.718489744000067],[98.96013162200006,18.595402575000037],[98.96618763000004,18.613157794000074],[98.98623983800007,18.699356056000056],[98.89549587600004,18.749656474000062],[98.86761333100009,18.838004959000045]]]}},{"type":"Feature","id":"TH1806","properties":{"国家代码":"TH","行政层级":2,"行政层级中文":"县/曼谷区","行政区代码":"1806","上级行政区代码":"18","中文名称":"汉卡县","泰文名称":"หันคา","英文名称":"Hankha","中文显示名":"汉卡县","中文名状态":"Wikidata已有中文名","边界状态":"可绘制","边界文件":"泰国_ADM2_县区边界.geojson","边界要素ID":"TH1806","边界坐标系":"WGS84 / EPSG:4326","边界数据时点":"2019-02-21","Google原生边界支持":"泰国不支持ADM2","Google地图绘制方式":"加载本GeoJSON到Google Maps Data图层","边界来源":"RTSD/OCHA衍生简化边界（canonical package）"},"geometry":{"type":"Polygon","coordinates":[[[100.03838083800008,15.139357134000022],[99.80863163900005,15.142324220000035],[99.77166536700008,15.140612779000037],[99.87885178100004,15.004353880000053],[99.94667235800006,14.988196779000077],[99.95172454400006,14.909854185000029],[100.04173330800006,14.914929855000025],[100.08709981500004,14.955579406000027],[100.07249663100004,15.088817240000026],[100.03838083800008,15.139357134000022]]]}},{"type":"Feature","id":"TH9210","properties":{"国家代码":"TH","行政层级":2,"行政层级中文":"县/曼谷区","行政区代码":"9210","上级行政区代码":"92","中文名称":"哈讪兰县","泰文名称":"หาดสำราญ","英文名称":"Hat Samran","中文显示名":"哈讪兰县","中文名状态":"Wikidata已有中文名","边界状态":"可绘制","边界文件":"泰国_ADM2_县区边界.geojson","边界要素ID":"TH9210","边界坐标系":"WGS84 / EPSG:4326","边界数据时点":"2019-02-21","Google原生边界支持":"泰国不支持ADM2","Google地图绘制方式":"加载本GeoJSON到Google Maps Data图层","边界来源":"RTSD/OCHA衍生简化边界（canonical package）"},"geometry":{"type":"Polygon","coordinates":[[[99.64159856800006,7.16576010600005],[99.61280830600003,7.2107925520000435],[99.64168866500006,7.2795328350000545],[99.56801660600007,7.321111064000036],[99.53533181600005,7.287531280000053],[99.52235044700006,7.249726210000063],[99.60410721800008,7.136687259000041],[99.64159856800006,7.16576010600005]]]}},{"type":"Feature","id":"TH9011","properties":{"国家代码":"TH","行政层级":2,"行政层级中文":"县/曼谷区","行政区代码":"9011","上级行政区代码":"90","中文名称":"合艾县","泰文名称":"หาดใหญ่","英文名称":"Hat Yai","中文显示名":"合艾县","中文名状态":"Wikidata已有中文名","边界状态":"可绘制","边界文件":"泰国_ADM2_县区边界.geojson","边界要素ID":"TH9011","边界坐标系":"WGS84 / EPSG:4326","边界数据时点":"2019-02-21","Google原生边界支持":"泰国不支持ADM2","Google地图绘制方式":"加载本GeoJSON到Google Maps Data图层","边界来源":"RTSD/OCHA衍生简化边界（canonical package）"},"geometry":{"type":"Polygon","coordinates":[[[100.60044891700005,7.025066109000022],[100.55492451700007,7.150927190000061],[100.46220998500007,7.187041116000046],[100.48170284100007,7.075980347000041],[100.45011777300004,7.0166564420000554],[100.30295824200005,7.039408641000023],[100.19413197800009,6.975390650000065],[100.20716119800005,6.8957554890000665],[100.21070776000005,6.846148592000077],[100.34271481300004,6.92732851300002],[100.44005679800006,6.939740556000061],[100.45025308000004,6.835567769000022],[100.58177200000006,6.787416922000034],[100.59617804200008,6.797375922000072],[100.59205952100007,6.8870584930000405],[100.53497891700005,6.8750880010000515],[100.52161500800008,6.992872083000066],[100.60044891700005,7.025066109000022]]]}},{"type":"Feature","id":"TH5016","properties":{"国家代码":"TH","行政层级":2,"行政层级中文":"县/曼谷区","行政区代码":"5016","上级行政区代码":"50","中文名称":"荷县","泰文名称":"ฮอด","英文名称":"Hot","中文显示名":"荷县","中文名状态":"Wikidata已有中文名","边界状态":"可绘制","边界文件":"泰国_ADM2_县区边界.geojson","边界要素ID":"TH5016","边界坐标系":"WGS84 / EPSG:4326","边界数据时点":"2019-02-21","Google原生边界支持":"泰国不支持ADM2","Google地图绘制方式":"加载本GeoJSON到Google Maps Data图层","边界来源":"RTSD/OCHA衍生简化边界（canonical package）"},"geometry":{"type":"Polygon","coordinates":[[[98.42061418300005,18.246774525000035],[98.30781622600006,18.282740155000056],[98.29652519000007,18.233088983000073],[98.16950111500006,18.221995106000065],[98.16205680400009,18.147055864000038],[98.20170501300004,18.090727842000035],[98.28945313400004,18.078209725000022],[98.25906910400005,18.039117657000077],[98.38477631800004,18.040717146000077],[98.48260111500008,17.909554962000072],[98.59808235800006,17.94137513100003],[98.59200101700009,18.07166232800006],[98.77690865400007,18.000566738000032],[98.80694891400003,18.13718274000007],[98.78273338500009,18.17929635400003],[98.72460194900003,18.149364771000023],[98.55403968400003,18.233667824000065],[98.42061418300005,18.246774525000035]]]}},{"type":"Feature","id":"TH7707","properties":{"国家代码":"TH","行政层级":2,"行政层级中文":"县/曼谷区","行政区代码":"7707","上级行政区代码":"77","中文名称":"华欣","泰文名称":"หัวหิน","英文名称":"Hua Hin","中文显示名":"华欣","中文名状态":"Wikidata已有中文名","边界状态":"可绘制","边界文件":"泰国_ADM2_县区边界.geojson","边界要素ID":"TH7707","边界坐标系":"WGS84 / EPSG:4326","边界数据时点":"2019-02-21","Google原生边界支持":"泰国不支持ADM2","Google地图绘制方式":"加载本GeoJSON到Google Maps Data图层","边界来源":"RTSD/OCHA衍生简化边界（canonical package）"},"geometry":{"type":"Polygon","coordinates":[[[99.75476142600007,12.618874598000048],[99.61623143500003,12.640737780000052],[99.62822416500006,12.599673951000057],[99.51472486700004,12.563694338000062],[99.43858302600006,12.582979351000063],[99.42500661900004,12.448426752000046],[99.46052925000004,12.467351703000077],[99.60152676100006,12.418948525000076],[99.55789378800006,12.389484528000025],[99.61909498500006,12.344987619000051],[99.71298757000005,12.38877599500006],[99.80446175700007,12.469781303000048],[99.98333366800006,12.449546819000034],[99.95611290700003,12.632498751000071],[99.75476142600007,12.618874598000048]]]}},{"type":"Feature","id":"TH8016","properties":{"国家代码":"TH","行政层级":2,"行政层级中文":"县/曼谷区","行政区代码":"8016","上级行政区代码":"80","中文名称":"华赛县","泰文名称":"หัวไทร","英文名称":"Hua Sai","中文显示名":"华赛县","中文名状态":"Wikidata已有中文名","边界状态":"可绘制","边界文件":"泰国_ADM2_县区边界.geojson","边界要素ID":"TH8016","边界坐标系":"WGS84 / EPSG:4326","边界数据时点":"2019-02-21","Google原生边界支持":"泰国不支持ADM2","Google地图绘制方式":"加载本GeoJSON到Google Maps Data图层","边界来源":"RTSD/OCHA衍生简化边界（canonical package）"},"geometry":{"type":"Polygon","coordinates":[[[100.25775920200005,8.17780915700007],[100.17441118100004,8.010964771000033],[100.13998374500005,7.941896126000074],[100.17749518400007,7.876479127000039],[100.33657390400003,7.931797047000032],[100.29510186400006,8.171257859000036],[100.25775920200005,8.17780915700007]]]}},{"type":"Feature","id":"TH3706","properties":{"国家代码":"TH","行政层级":2,"行政层级中文":"县/曼谷区","行政区代码":"3706","上级行政区代码":"37","中文名称":"华达潘县","泰文名称":"หัวตะพาน","英文名称":"Hua Taphan","中文显示名":"华达潘县","中文名状态":"Wikidata已有中文名","边界状态":"可绘制","边界文件":"泰国_ADM2_县区边界.geojson","边界要素ID":"TH3706","边界坐标系":"WGS84 / EPSG:4326","边界数据时点":"2019-02-21","Google原生边界支持":"泰国不支持ADM2","Google地图绘制方式":"加载本GeoJSON到Google Maps Data图层","边界来源":"RTSD/OCHA衍生简化边界（canonical package）"},"geometry":{"type":"Polygon","coordinates":[[[104.60513090000006,15.766060053000047],[104.43348225000005,15.779258365000032],[104.41890576400004,15.745743803000039],[104.44035092800004,15.618161901000065],[104.51201416400005,15.563932335000061],[104.56611250600008,15.556378805000065],[104.63743448300005,15.646958945000051],[104.62006736500007,15.687008168000034],[104.60513090000006,15.766060053000047]]]}},{"type":"Feature","id":"TH6108","properties":{"国家代码":"TH","行政层级":2,"行政层级中文":"县/曼谷区","行政区代码":"6108","上级行政区代码":"61","中文名称":"会科县","泰文名称":"ห้วยคต","英文名称":"Huai Khot","中文显示名":"会科县","中文名状态":"Wikidata已有中文名","边界状态":"可绘制","边界文件":"泰国_ADM2_县区边界.geojson","边界要素ID":"TH6108","边界坐标系":"WGS84 / EPSG:4326","边界数据时点":"2019-02-21","Google原生边界支持":"泰国不支持ADM2","Google地图绘制方式":"加载本GeoJSON到Google Maps Data图层","边界来源":"RTSD/OCHA衍生简化边界（canonical package）"},"geometry":{"type":"Polygon","coordinates":[[[99.61158344400008,15.33348470900006],[99.53899751600005,15.382236051000064],[99.49446500000005,15.344253266000067],[99.34829486900009,15.365572543000042],[99.38640831600009,15.269085270000062],[99.42895666200008,15.313220061000038],[99.48784325700007,15.260547535000057],[99.64042663400005,15.227513105000071],[99.68922038400007,15.295417153000074],[99.61158344400008,15.33348470900006]]]}},{"type":"Feature","id":"TH1017","properties":{"国家代码":"TH","行政层级":2,"行政层级中文":"县/曼谷区","行政区代码":"1017","上级行政区代码":"10","中文名称":"汇权县","泰文名称":"ห้วยขวาง","英文名称":"Huai Khwang","中文显示名":"汇权县","中文名状态":"Wikidata已有中文名","边界状态":"可绘制","边界文件":"泰国_ADM2_县区边界.geojson","边界要素ID":"TH1017","边界坐标系":"WGS84 / EPSG:4326","边界数据时点":"2019-02-21","Google原生边界支持":"泰国不支持ADM2","Google地图绘制方式":"加载本GeoJSON到Google Maps Data图层","边界来源":"RTSD/OCHA衍生简化边界（canonical package）"},"geometry":{"type":"Polygon","coordinates":[[[100.58838302000004,13.802839008000035],[100.58834139400005,13.802980927000021],[100.57489622500003,13.801069838000046],[100.56496850000008,13.75512621300004],[100.56329744400006,13.747890403000042],[100.59815193000009,13.741144634000023],[100.60125180600005,13.748090111000067],[100.60409512000007,13.751200633000053],[100.58838302000004,13.802839008000035]]]}},{"type":"Feature","id":"TH7113","properties":{"国家代码":"TH","行政层级":2,"行政层级中文":"县/曼谷区","行政区代码":"7113","上级行政区代码":"71","中文名称":"会甲召县","泰文名称":"ห้วยกระเจา","英文名称":"Huai Krachao","中文显示名":"会甲召县","中文名状态":"Wikidata已有中文名","边界状态":"可绘制","边界文件":"泰国_ADM2_县区边界.geojson","边界要素ID":"TH7113","边界坐标系":"WGS84 / EPSG:4326","边界数据时点":"2019-02-21","Google原生边界支持":"泰国不支持ADM2","Google地图绘制方式":"加载本GeoJSON到Google Maps Data图层","边界来源":"RTSD/OCHA衍生简化边界（canonical package）"},"geometry":{"type":"Polygon","coordinates":[[[99.81878099300008,14.38111811300007],[99.56968700000004,14.461406046000036],[99.54449939100004,14.378029624000021],[99.58526133500004,14.336738319000062],[99.58223208800007,14.242373719000057],[99.73025442600004,14.240263853000044],[99.82852159500004,14.275251739000055],[99.81878099300008,14.38111811300007]]]}},{"type":"Feature","id":"TH4608","properties":{"国家代码":"TH","行政层级":2,"行政层级中文":"县/曼谷区","行政区代码":"4608","上级行政区代码":"46","中文名称":"会梅县","泰文名称":"ห้วยเม็ก","英文名称":"Huai Mek","中文显示名":"会梅县","中文名状态":"Wikidata已有中文名","边界状态":"可绘制","边界文件":"泰国_ADM2_县区边界.geojson","边界要素ID":"TH4608","边界坐标系":"WGS84 / EPSG:4326","边界数据时点":"2019-02-21","Google原生边界支持":"泰国不支持ADM2","Google地图绘制方式":"加载本GeoJSON到Google Maps Data图层","边界来源":"RTSD/OCHA衍生简化边界（canonical package）"},"geometry":{"type":"Polygon","coordinates":[[[103.37383616500006,16.61877170300005],[103.32221020700007,16.607570966000026],[103.21115245700008,16.649775565000027],[103.17136768500006,16.771122873000024],[103.15239866900004,16.643603950000056],[103.18706081600004,16.551598700000056],[103.16391014200008,16.487637371000062],[103.26034196300009,16.508177470000078],[103.33135772700007,16.487704199000063],[103.37383616500006,16.61877170300005]]]}},{"type":"Feature","id":"TH4614","properties":{"国家代码":"TH","行政层级":2,"行政层级中文":"县/曼谷区","行政区代码":"4614","上级行政区代码":"46","中文名称":"会彭县","泰文名称":"ห้วยผึ้ง","英文名称":"Huai Phueng","中文显示名":"会彭县","中文名状态":"Wikidata已有中文名","边界状态":"可绘制","边界文件":"泰国_ADM2_县区边界.geojson","边界要素ID":"TH4614","边界坐标系":"WGS84 / EPSG:4326","边界数据时点":"2019-02-21","Google原生边界支持":"泰国不支持ADM2","Google地图绘制方式":"加载本GeoJSON到Google Maps Data图层","边界来源":"RTSD/OCHA衍生简化边界（canonical package）"},"geometry":{"type":"Polygon","coordinates":[[[103.95029845500005,16.77606519400007],[103.90706371700009,16.80290506500006],[103.79762839700004,16.707256665000045],[103.80061721200008,16.645121262000032],[103.89061390200004,16.568392837000033],[103.96458293700005,16.63458404900007],[103.95029845500005,16.77606519400007]]]}},{"type":"Feature","id":"TH3116","properties":{"国家代码":"TH","行政层级":2,"行政层级中文":"县/曼谷区","行政区代码":"3116","上级行政区代码":"31","中文名称":"会叻县","泰文名称":"ห้วยราช","英文名称":"Huai Rat","中文显示名":"会叻县","中文名状态":"Wikidata已有中文名","边界状态":"可绘制","边界文件":"泰国_ADM2_县区边界.geojson","边界要素ID":"TH3116","边界坐标系":"WGS84 / EPSG:4326","边界数据时点":"2019-02-21","Google原生边界支持":"泰国不支持ADM2","Google地图绘制方式":"加载本GeoJSON到Google Maps Data图层","边界来源":"RTSD/OCHA衍生简化边界（canonical package）"},"geometry":{"type":"Polygon","coordinates":[[[103.32588145700004,15.099509839000063],[103.25498039000007,15.111030182000036],[103.24540542700004,15.038402154000039],[103.19400472500007,15.049938473000054],[103.14770364700007,14.950688261000039],[103.19153501900007,14.900776376000067],[103.26345359600003,14.966579897000031],[103.28605615600009,15.074018919000025],[103.32588145700004,15.099509839000063]]]}},{"type":"Feature","id":"TH3016","properties":{"国家代码":"TH","行政层级":2,"行政层级中文":"县/曼谷区","行政区代码":"3016","上级行政区代码":"30","中文名称":"会他伦县","泰文名称":"ห้วยแถลง","英文名称":"Huai Thalaeng","中文显示名":"会他伦县","中文名状态":"Wikidata已有中文名","边界状态":"可绘制","边界文件":"泰国_ADM2_县区边界.geojson","边界要素ID":"TH3016","边界坐标系":"WGS84 / EPSG:4326","边界数据时点":"2019-02-21","Google原生边界支持":"泰国不支持ADM2","Google地图绘制方式":"加载本GeoJSON到Google Maps Data图层","边界来源":"RTSD/OCHA衍生简化边界（canonical package）"},"geometry":{"type":"Polygon","coordinates":[[[102.76268729900005,15.080976399000065],[102.67135174100008,15.16630519000006],[102.58476258300004,15.156738677000021],[102.57177904200006,15.095208541000034],[102.48406908000004,15.08130950900005],[102.54578762600005,14.946877288000053],[102.69661253900006,14.933720228000027],[102.71051200100004,14.979628020000064],[102.80472525000005,15.040613421000046],[102.76268729900005,15.080976399000065]]]}},{"type":"Feature","id":"TH3312","properties":{"国家代码":"TH","行政层级":2,"行政层级中文":"县/曼谷区","行政区代码":"3312","上级行政区代码":"33","中文名称":"会他探县","泰文名称":"ห้วยทับทัน","英文名称":"Huai Thap Than","中文显示名":"会他探县","中文名状态":"Wikidata已有中文名","边界状态":"可绘制","边界文件":"泰国_ADM2_县区边界.geojson","边界要素ID":"TH3312","边界坐标系":"WGS84 / EPSG:4326","边界数据时点":"2019-02-21","Google原生边界支持":"泰国不支持ADM2","Google地图绘制方式":"加载本GeoJSON到Google Maps Data图层","边界来源":"RTSD/OCHA衍生简化边界（canonical package）"},"geometry":{"type":"Polygon","coordinates":[[[104.05175455100004,15.131823348000069],[103.99957753500007,15.137293796000051],[104.02038686600008,15.043633834000048],[103.95600923900008,14.937722488000077],[104.09484664300004,14.938202029000024],[104.09619798900007,15.058561179000037],[104.05175455100004,15.131823348000069]]]}},{"type":"Feature","id":"TH9206","properties":{"国家代码":"TH","行政层级":2,"行政层级中文":"县/曼谷区","行政区代码":"9206","上级行政区代码":"92","中文名称":"会尧县","泰文名称":"ห้วยยอด","英文名称":"Huai Yot","中文显示名":"会尧县","中文名状态":"Wikidata已有中文名","边界状态":"可绘制","边界文件":"泰国_ADM2_县区边界.geojson","边界要素ID":"TH9206","边界坐标系":"WGS84 / EPSG:4326","边界数据时点":"2019-02-21","Google原生边界支持":"泰国不支持ADM2","Google地图绘制方式":"加载本GeoJSON到Google Maps Data图层","边界来源":"RTSD/OCHA衍生简化边界（canonical package）"},"geometry":{"type":"Polygon","coordinates":[[[99.74044621000007,7.926631396000062],[99.69307621000007,7.845816968000065],[99.62850312900008,7.912493667000035],[99.56258753800006,7.9250660440000615],[99.51721983900006,7.87608295900003],[99.43596893300008,7.87465885000006],[99.43577679100008,7.7456162570000515],[99.48502392700004,7.70262006400003],[99.54782658200008,7.732624496000028],[99.54898494200006,7.679373439000074],[99.66818039300006,7.681622290000064],[99.72835093700007,7.718491939000046],[99.81111686800006,7.648636847000034],[99.78784765600005,7.7435383280000565],[99.73824742400006,7.858896272000038],[99.73789967700009,7.860885086000053],[99.74044621000007,7.926631396000062]]]}},{"type":"Feature","id":"TH1706","properties":{"国家代码":"TH","行政层级":2,"行政层级中文":"县/曼谷区","行政区代码":"1706","上级行政区代码":"17","中文名称":"因武里县","泰文名称":"อินทร์บุรี","英文名称":"In Buri","中文显示名":"因武里县","中文名状态":"Wikidata已有中文名","边界状态":"可绘制","边界文件":"泰国_ADM2_县区边界.geojson","边界要素ID":"TH1706","边界坐标系":"WGS84 / EPSG:4326","边界数据时点":"2019-02-21","Google原生边界支持":"泰国不支持ADM2","Google地图绘制方式":"加载本GeoJSON到Google Maps Data图层","边界来源":"RTSD/OCHA衍生简化边界（canonical package）"},"geometry":{"type":"Polygon","coordinates":[[[100.42748741400004,15.061086905000025],[100.35152437900007,15.118409770000028],[100.25958723600007,15.058910965000052],[100.22394397200009,15.024909168000022],[100.28845836900007,14.956346628000063],[100.34157055100007,14.937216233000072],[100.44688555300007,15.003178427000023],[100.42748741400004,15.061086905000025]]]}},{"type":"Feature","id":"TH9507","properties":{"国家代码":"TH","行政层级":2,"行政层级中文":"县/曼谷区","行政区代码":"9507","上级行政区代码":"95","中文名称":"甲邦县","泰文名称":"กาบัง","英文名称":"Kabang","中文显示名":"甲邦县","中文名状态":"Wikidata已有中文名","边界状态":"可绘制","边界文件":"泰国_ADM2_县区边界.geojson","边界要素ID":"TH9507","边界坐标系":"WGS84 / EPSG:4326","边界数据时点":"2019-02-21","Google原生边界支持":"泰国不支持ADM2","Google地图绘制方式":"加载本GeoJSON到Google Maps Data图层","边界来源":"RTSD/OCHA衍生简化边界（canonical package）"},"geometry":{"type":"Polygon","coordinates":[[[101.03467357500006,6.485744666000073],[100.97692937700003,6.486331240000027],[100.91815808800004,6.408524514000021],[100.91214657600005,6.303420234000043],[100.84104279900004,6.300423765000062],[100.85496262800007,6.231592343000045],[100.96895754100007,6.2830245610000475],[101.07834432700008,6.348744795000073],[101.03467357500006,6.485744666000073]]]}},{"type":"Feature","id":"TH2502","properties":{"国家代码":"TH","行政层级":2,"行政层级中文":"县/曼谷区","行政区代码":"2502","上级行政区代码":"25","中文名称":"甲民武里","泰文名称":"กบินทร์บุรี","英文名称":"Kabin Buri","中文显示名":"甲民武里","中文名状态":"Wikidata已有中文名","边界状态":"可绘制","边界文件":"泰国_ADM2_县区边界.geojson","边界要素ID":"TH2502","边界坐标系":"WGS84 / EPSG:4326","边界数据时点":"2019-02-21","Google原生边界支持":"泰国不支持ADM2","Google地图绘制方式":"加载本GeoJSON到Google Maps Data图层","边界来源":"RTSD/OCHA衍生简化边界（canonical package）"},"geometry":{"type":"Polygon","coordinates":[[[101.96164810000005,14.023251278000032],[101.88648018800006,14.019317477000072],[101.91078132200005,14.098429902000078],[101.80867928400005,14.097500726000021],[101.75556263300007,14.035094549000064],[101.74399093600005,14.088233191000029],[101.65928595000008,14.118486509000036],[101.59558955100005,13.98663840000006],[101.61356914600003,13.826095746000021],[101.68711480700006,13.75762701800005],[101.75842343800008,13.772734377000063],[101.83029861800009,13.704099936000034],[101.83196805300008,13.636139946000071],[101.91507152300005,13.585596376000069],[101.94288304500009,13.692339021000066],[101.94140870200005,13.811849936000044],[101.90456847600007,13.883143893000067],[101.96164810000005,14.023251278000032]]]}},{"type":"Feature","id":"TH4402","properties":{"国家代码":"TH","行政层级":2,"行政层级中文":"县/曼谷区","行政区代码":"4402","上级行政区代码":"44","中文名称":"革丹县","泰文名称":"แกดำ","英文名称":"Kae Dam","中文显示名":"革丹县","中文名状态":"Wikidata已有中文名","边界状态":"可绘制","边界文件":"泰国_ADM2_县区边界.geojson","边界要素ID":"TH4402","边界坐标系":"WGS84 / EPSG:4326","边界数据时点":"2019-02-21","Google原生边界支持":"泰国不支持ADM2","Google地图绘制方式":"加载本GeoJSON到Google Maps Data图层","边界来源":"RTSD/OCHA衍生简化边界（canonical package）"},"geometry":{"type":"Polygon","coordinates":[[[103.45814436300009,16.11120107200003],[103.36194714600003,16.118465961000027],[103.32899013800005,16.085875685000076],[103.33059166300006,15.981669448000048],[103.46333016400007,16.008819869000035],[103.45814436300009,16.11120107200003]]]}},{"type":"Feature","id":"TH2208","properties":{"国家代码":"TH","行政层级":2,"行政层级中文":"县/曼谷区","行政区代码":"2208","上级行政区代码":"22","中文名称":"根杭苗县","泰文名称":"แก่งหางแมว","英文名称":"Kaeng Hang Maeo","中文显示名":"根杭苗县","中文名状态":"Wikidata已有中文名","边界状态":"可绘制","边界文件":"泰国_ADM2_县区边界.geojson","边界要素ID":"TH2208","边界坐标系":"WGS84 / EPSG:4326","边界数据时点":"2019-02-21","Google原生边界支持":"泰国不支持ADM2","Google地图绘制方式":"加载本GeoJSON到Google Maps Data图层","边界来源":"RTSD/OCHA衍生简化边界（canonical package）"},"geometry":{"type":"Polygon","coordinates":[[[102.02829049400003,13.236708263000025],[101.98890313500004,13.333254906000036],[101.77328831600005,13.184747092000066],[101.71713777700006,13.182213531000059],[101.69577208800007,13.14659670900005],[101.73777288400004,12.981240397000022],[101.80987500700007,12.88486354500003],[101.82867456200006,12.83601886300005],[101.87243351500007,12.837618761000044],[101.86086042500006,12.911826486000052],[101.95942988200005,12.904196224000032],[102.05510850100006,13.105213698000057],[102.04824868800006,13.160104903000047],[102.02829049400003,13.236708263000025]]]}},{"type":"Feature","id":"TH1902","properties":{"国家代码":"TH","行政层级":2,"行政层级中文":"县/曼谷区","行政区代码":"1902","上级行政区代码":"19","中文名称":"耿奎县","泰文名称":"แก่งคอย","英文名称":"Kaeng Khoi","中文显示名":"耿奎县","中文名状态":"Wikidata已有中文名","边界状态":"可绘制","边界文件":"泰国_ADM2_县区边界.geojson","边界要素ID":"TH1902","边界坐标系":"WGS84 / EPSG:4326","边界数据时点":"2019-02-21","Google原生边界支持":"泰国不支持ADM2","Google地图绘制方式":"加载本GeoJSON到Google Maps Data图层","边界来源":"RTSD/OCHA衍生简化边界（canonical package）"},"geometry":{"type":"Polygon","coordinates":[[[101.06098292100006,14.759725925000055],[101.02388084700004,14.809935740000071],[100.95947452200005,14.743768713000065],[100.93505900400004,14.695492386000069],[100.96203611400006,14.566053897000074],[101.00021307100008,14.417760420000036],[101.05328758500008,14.412313636000022],[101.16572385300003,14.34237577700003],[101.24283172200006,14.471104316000037],[101.14239520300004,14.537226516000032],[101.13313643900005,14.648378939000054],[101.07543917700008,14.730676333000076],[101.06098292100006,14.759725925000055]]]}},{"type":"Feature","id":"TH3612","properties":{"国家代码":"TH","行政层级":2,"行政层级中文":"县/曼谷区","行政区代码":"3612","上级行政区代码":"36","中文名称":"庚克罗县","泰文名称":"แก้งคร้อ","英文名称":"Kaeng Khro","中文显示名":"庚克罗县","中文名状态":"Wikidata已有中文名","边界状态":"可绘制","边界文件":"泰国_ADM2_县区边界.geojson","边界要素ID":"TH3612","边界坐标系":"WGS84 / EPSG:4326","边界数据时点":"2019-02-21","Google原生边界支持":"泰国不支持ADM2","Google地图绘制方式":"加载本GeoJSON到Google Maps Data图层","边界来源":"RTSD/OCHA衍生简化边界（canonical package）"},"geometry":{"type":"Polygon","coordinates":[[[102.41799384000007,16.25417698800004],[102.35315592200004,16.287216743000045],[102.21902302800004,16.220795516000067],[102.19614599300007,16.172771245000035],[102.08689667200008,16.190715643000033],[102.08324921300004,16.08128375600006],[102.14122659900005,15.981694377000053],[102.27991297900007,16.072024037000062],[102.34532220400007,16.160563678000074],[102.41799384000007,16.25417698800004]]]}},{"type":"Feature","id":"TH7608","properties":{"国家代码":"TH","行政层级":2,"行政层级中文":"县/曼谷区","行政区代码":"7608","上级行政区代码":"76","中文名称":"根格拉占县","泰文名称":"แก่งกระจาน","英文名称":"Kaeng Krachan","中文显示名":"根格拉占县","中文名状态":"Wikidata已有中文名","边界状态":"可绘制","边界文件":"泰国_ADM2_县区边界.geojson","边界要素ID":"TH7608","边界坐标系":"WGS84 / EPSG:4326","边界数据时点":"2019-02-21","Google原生边界支持":"泰国不支持ADM2","Google地图绘制方式":"加载本GeoJSON到Google Maps Data图层","边界来源":"RTSD/OCHA衍生简化边界（canonical package）"},"geometry":{"type":"Polygon","coordinates":[[[99.73449969700005,13.029055808000066],[99.55350277800005,13.063092836000067],[99.46490210800005,13.017494243000044],[99.33823960700005,13.143349927000031],[99.24086065600005,13.089896016000068],[99.27101831900006,13.034106587000053],[99.18753519000006,12.975581283000054],[99.16560067900008,12.92437850500005],[99.24772968700006,12.719174630000055],[99.43858302600006,12.582979351000063],[99.51472486700004,12.563694338000062],[99.62822416500006,12.599673951000057],[99.61623143500003,12.640737780000052],[99.61421670000004,12.75705541900004],[99.76303640100008,12.844923538000046],[99.78302953600007,12.976151939000033],[99.73449969700005,13.029055808000066]]]}},{"type":"Feature","id":"TH3023","properties":{"国家代码":"TH","行政层级":2,"行政层级中文":"县/曼谷区","行政区代码":"3023","上级行政区代码":"30","中文名称":"根沙南南县","泰文名称":"แก้งสนามนาง","英文名称":"Kaeng Sanam Nang","中文显示名":"根沙南南县","中文名状态":"Wikidata已有中文名","边界状态":"可绘制","边界文件":"泰国_ADM2_县区边界.geojson","边界要素ID":"TH3023","边界坐标系":"WGS84 / EPSG:4326","边界数据时点":"2019-02-21","Google原生边界支持":"泰国不支持ADM2","Google地图绘制方式":"加载本GeoJSON到Google Maps Data图层","边界来源":"RTSD/OCHA衍生简化边界（canonical package）"},"geometry":{"type":"Polygon","coordinates":[[[102.32756241300007,15.803414540000063],[102.25253649500007,15.77028069000005],[102.15767404700006,15.742056633000061],[102.12131454100006,15.64615154300003],[102.23307480800008,15.607280117000073],[102.36278951800006,15.729769327000042],[102.32756241300007,15.803414540000063]]]}},{"type":"Feature","id":"TH4603","properties":{"国家代码":"TH","行政层级":2,"行政层级中文":"县/曼谷区","行政区代码":"4603","上级行政区代码":"46","中文名称":"甲马拉赛县","泰文名称":"กมลาไสย","英文名称":"Kamalasai","中文显示名":"甲马拉赛县","中文名状态":"Wikidata已有中文名","边界状态":"可绘制","边界文件":"泰国_ADM2_县区边界.geojson","边界要素ID":"TH4603","边界坐标系":"WGS84 / EPSG:4326","边界数据时点":"2019-02-21","Google原生边界支持":"泰国不支持ADM2","Google地图绘制方式":"加载本GeoJSON到Google Maps Data图层","边界来源":"RTSD/OCHA衍生简化边界（canonical package）"},"geometry":{"type":"Polygon","coordinates":[[[103.69116392500007,16.384384082000054],[103.51734391600007,16.342842748000066],[103.45254611000007,16.276691705000076],[103.53677590500007,16.263250447000075],[103.54787464000003,16.213760356000023],[103.66155580700007,16.192637181000066],[103.70473423900006,16.221528845000023],[103.70942319400007,16.36466936000005],[103.70596527800006,16.386315204000027],[103.69116392500007,16.384384082000054]]]}},{"type":"Feature","id":"TH7302","properties":{"国家代码":"TH","行政层级":2,"行政层级中文":"县/曼谷区","行政区代码":"7302","上级行政区代码":"73","中文名称":"甘烹盛县","泰文名称":"กำแพงแสน","英文名称":"Kamphaeng Saen","中文显示名":"甘烹盛县","中文名状态":"Wikidata已有中文名","边界状态":"可绘制","边界文件":"泰国_ADM2_县区边界.geojson","边界要素ID":"TH7302","边界坐标系":"WGS84 / EPSG:4326","边界数据时点":"2019-02-21","Google原生边界支持":"泰国不支持ADM2","Google地图绘制方式":"加载本GeoJSON到Google Maps Data图层","边界来源":"RTSD/OCHA衍生简化边界（canonical package）"},"geometry":{"type":"Polygon","coordinates":[[[100.06343058700008,14.145437848000029],[99.92714714100003,14.12774511200007],[99.81410249700008,14.064243240000053],[99.87586105300005,13.961235181000063],[99.92702629000007,13.933968390000075],[100.03361939100006,13.88460152600004],[100.05739443800007,13.913663632000066],[100.01923601100003,13.972955111000033],[100.06428017600007,14.032634245000054],[100.06343058700008,14.145437848000029]]]}},{"type":"Feature","id":"TH8402","properties":{"国家代码":"TH","行政层级":2,"行政层级中文":"县/曼谷区","行政区代码":"8402","上级行政区代码":"84","中文名称":"干乍那迪县","泰文名称":"กาญจนดิษฐ์","英文名称":"Kanchanadit","中文显示名":"干乍那迪县","中文名状态":"Wikidata已有中文名","边界状态":"可绘制","边界文件":"泰国_ADM2_县区边界.geojson","边界要素ID":"TH8402","边界坐标系":"WGS84 / EPSG:4326","边界数据时点":"2019-02-21","Google原生边界支持":"泰国不支持ADM2","Google地图绘制方式":"加载本GeoJSON到Google Maps Data图层","边界来源":"RTSD/OCHA衍生简化边界（canonical package）"},"geometry":{"type":"Polygon","coordinates":[[[99.57410294300007,9.271461532000046],[99.53690076700008,9.286180749000039],[99.49242381100004,9.213391226000056],[99.38102742100006,9.193885778000038],[99.38907258900008,8.996797043000072],[99.48453476200007,8.908523526000067],[99.55582926400007,8.877702145000057],[99.64189235700007,8.927769940000076],[99.69641031900005,8.93580606200004],[99.74209333500005,9.029715931000055],[99.67083895100006,9.07019890500004],[99.66981890200003,9.156263780000074],[99.62660915400005,9.170925692000026],[99.57410294300007,9.271461532000046]]]}},{"type":"Feature","id":"TH9202","properties":{"国家代码":"TH","行政层级":2,"行政层级中文":"县/曼谷区","行政区代码":"9202","上级行政区代码":"92","中文名称":"干東縣","泰文名称":"กันตัง","英文名称":"Kantang","中文显示名":"干東縣","中文名状态":"Wikidata已有中文名","边界状态":"可绘制","边界文件":"泰国_ADM2_县区边界.geojson","边界要素ID":"TH9202","边界坐标系":"WGS84 / EPSG:4326","边界数据时点":"2019-02-21","Google原生边界支持":"泰国不支持ADM2","Google地图绘制方式":"加载本GeoJSON到Google Maps Data图层","边界来源":"RTSD/OCHA衍生简化边界（canonical package）"},"geometry":{"type":"Polygon","coordinates":[[[99.61272715200005,7.4656501930000445],[99.56477735400006,7.543084123000028],[99.51944552400005,7.540661324000041],[99.44925064300008,7.533796994000056],[99.34873902500004,7.4014902040000266],[99.39840228400004,7.3045460390000585],[99.53533181600005,7.287531280000053],[99.56801660600007,7.321111064000036],[99.58071182200007,7.3615131300000485],[99.61272715200005,7.4656501930000445]]]}},{"type":"Feature","id":"TH3304","properties":{"国家代码":"TH","行政层级":2,"行政层级中文":"县/曼谷区","行政区代码":"3304","上级行政区代码":"33","中文名称":"干他拉叻县","泰文名称":"กันทรลักษ์","英文名称":"Kantharalak","中文显示名":"干他拉叻县","中文名状态":"Wikidata已有中文名","边界状态":"可绘制","边界文件":"泰国_ADM2_县区边界.geojson","边界要素ID":"TH3304","边界坐标系":"WGS84 / EPSG:4326","边界数据时点":"2019-02-21","Google原生边界支持":"泰国不支持ADM2","Google地图绘制方式":"加载本GeoJSON到Google Maps Data图层","边界来源":"RTSD/OCHA衍生简化边界（canonical package）"},"geometry":{"type":"Polygon","coordinates":[[[104.58489280400005,14.787850941000045],[104.48849831300004,14.749871528000028],[104.54250706800008,14.680991033000055],[104.53732497600004,14.543060212000057],[104.49270048600005,14.482248801000026],[104.49824920000003,14.373393718000045],[104.58168670300006,14.356429405000029],[104.65124347000005,14.422034974000042],[104.75218835100009,14.40279881500004],[104.80676164400006,14.437040460000048],[104.90710547700007,14.399177843000075],[104.88580950400006,14.427106512000023],[104.82854610000004,14.44275125400003],[104.86200566600007,14.499078134000058],[104.81646226100008,14.551461410000059],[104.84836659000007,14.659076233000064],[104.89047839200003,14.651406331000032],[104.83797212400003,14.739614919000076],[104.73980374600006,14.705671038000048],[104.64252130900007,14.788606392000077],[104.58489280400005,14.787850941000045]]]}},{"type":"Feature","id":"TH3303","properties":{"国家代码":"TH","行政层级":2,"行政层级中文":"县/曼谷区","行政区代码":"3303","上级行政区代码":"33","中文名称":"干他拉隆縣","泰文名称":"กันทรารมย์","英文名称":"Kanthararom","中文显示名":"干他拉隆縣","中文名状态":"Wikidata已有中文名","边界状态":"可绘制","边界文件":"泰国_ADM2_县区边界.geojson","边界要素ID":"TH3303","边界坐标系":"WGS84 / EPSG:4326","边界数据时点":"2019-02-21","Google原生边界支持":"泰国不支持ADM2","Google地图绘制方式":"加载本GeoJSON到Google Maps Data图层","边界来源":"RTSD/OCHA衍生简化边界（canonical package）"},"geometry":{"type":"Polygon","coordinates":[[[104.69044941200008,15.22524984100005],[104.60910997300005,15.282055916000047],[104.48280729500004,15.267853125000045],[104.43171981300009,15.150708955000027],[104.47485281600007,15.13328337300004],[104.45616226200008,15.008703880000041],[104.49565358100006,14.970071978000021],[104.62300964000008,15.005519269000047],[104.67199106500004,15.021854965000045],[104.68617225300005,15.07066756000006],[104.71420010500009,15.182596922000073],[104.69044941200008,15.22524984100005]]]}},{"type":"Feature","id":"TH4404","properties":{"国家代码":"TH","行政层级":2,"行政层级中文":"县/曼谷区","行政区代码":"4404","上级行政区代码":"44","中文名称":"甘他拉威猜县","泰文名称":"กันทรวิชัย","英文名称":"Kantharawichai","中文显示名":"甘他拉威猜县","中文名状态":"Wikidata已有中文名","边界状态":"可绘制","边界文件":"泰国_ADM2_县区边界.geojson","边界要素ID":"TH4404","边界坐标系":"WGS84 / EPSG:4326","边界数据时点":"2019-02-21","Google原生边界支持":"泰国不支持ADM2","Google地图绘制方式":"加载本GeoJSON到Google Maps Data图层","边界来源":"RTSD/OCHA衍生简化边界（canonical package）"},"geometry":{"type":"Polygon","coordinates":[[[103.41107347500008,16.28600246900004],[103.34358900600006,16.36022659400004],[103.17542241700005,16.363430399000038],[103.17321184300005,16.317382546000033],[103.15083229400005,16.19581387900007],[103.23222835900003,16.19406934600005],[103.41490269100007,16.238991613000053],[103.41107347500008,16.28600246900004]]]}},{"type":"Feature","id":"TH6006","properties":{"国家代码":"TH","行政层级":2,"行政层级中文":"县/曼谷区","行政区代码":"6006","上级行政区代码":"60","中文名称":"高廖县","泰文名称":"เก้าเลี้ยว","英文名称":"Kao Liao","中文显示名":"高廖县","中文名状态":"Wikidata已有中文名","边界状态":"可绘制","边界文件":"泰国_ADM2_县区边界.geojson","边界要素ID":"TH6006","边界坐标系":"WGS84 / EPSG:4326","边界数据时点":"2019-02-21","Google原生边界支持":"泰国不支持ADM2","Google地图绘制方式":"加载本GeoJSON到Google Maps Data图层","边界来源":"RTSD/OCHA衍生简化边界（canonical package）"},"geometry":{"type":"Polygon","coordinates":[[[100.17512349500004,15.933324189000075],[100.16067488900006,15.959192871000027],[100.08975236800006,15.959429088000036],[99.99320822700008,15.846367327000053],[100.02884799200007,15.81550747600005],[100.16981724900006,15.810185509000064],[100.17512349500004,15.933324189000075]]]}},{"type":"Feature","id":"TH3206","properties":{"国家代码":"TH","行政层级":2,"行政层级中文":"县/曼谷区","行政区代码":"3206","上级行政区代码":"32","中文名称":"加春县","泰文名称":"กาบเชิง","英文名称":"Kap Choeng","中文显示名":"加春县","中文名状态":"Wikidata已有中文名","边界状态":"可绘制","边界文件":"泰国_ADM2_县区边界.geojson","边界要素ID":"TH3206","边界坐标系":"WGS84 / EPSG:4326","边界数据时点":"2019-02-21","Google原生边界支持":"泰国不支持ADM2","Google地图绘制方式":"加载本GeoJSON到Google Maps Data图层","边界来源":"RTSD/OCHA衍生简化边界（canonical package）"},"geometry":{"type":"Polygon","coordinates":[[[103.73899107500006,14.377309307000075],[103.75870927800008,14.46859881000006],[103.72594350400004,14.52906652300004],[103.62234087900003,14.57126368300004],[103.49705735300006,14.516406721000067],[103.42150094900006,14.523912664000022],[103.38746509100008,14.483246866000059],[103.40982591600005,14.369403599000066],[103.46918433800005,14.365331679000064],[103.55888343300006,14.423212297000077],[103.62278905600004,14.397369083000058],[103.70666262300006,14.43303471300004],[103.73899107500006,14.377309307000075]]]}},{"type":"Feature","id":"TH9411","properties":{"国家代码":"TH","行政层级":2,"行政层级中文":"县/曼谷区","行政区代码":"9411","上级行政区代码":"94","中文名称":"咖坡县","泰文名称":"กะพ้อ","英文名称":"Kapho","中文显示名":"咖坡县","中文名状态":"Wikidata已有中文名","边界状态":"可绘制","边界文件":"泰国_ADM2_县区边界.geojson","边界要素ID":"TH9411","边界坐标系":"WGS84 / EPSG:4326","边界数据时点":"2019-02-21","Google原生边界支持":"泰国不支持ADM2","Google地图绘制方式":"加载本GeoJSON到Google Maps Data图层","边界来源":"RTSD/OCHA衍生简化边界（canonical package）"},"geometry":{"type":"Polygon","coordinates":[[[101.58668031700006,6.626373642000033],[101.51070959100008,6.675923386000022],[101.50236486500006,6.603703730000063],[101.59243153100005,6.56560236200005],[101.58668031700006,6.626373642000033]]]}},{"type":"Feature","id":"TH8503","properties":{"国家代码":"TH","行政层级":2,"行政层级中文":"县/曼谷区","行政区代码":"8503","上级行政区代码":"85","中文名称":"加坡县","泰文名称":"กะเปอร์","英文名称":"Papoe","中文显示名":"加坡县","中文名状态":"Wikidata已有中文名","边界状态":"可绘制","边界文件":"泰国_ADM2_县区边界.geojson","边界要素ID":"TH8503","边界坐标系":"WGS84 / EPSG:4326","边界数据时点":"2019-02-21","Google原生边界支持":"泰国不支持ADM2","Google地图绘制方式":"加载本GeoJSON到Google Maps Data图层","边界来源":"RTSD/OCHA衍生简化边界（canonical package）"},"geometry":{"type":"Polygon","coordinates":[[[98.73963607700006,9.600876690000064],[98.64845841600004,9.661571180000067],[98.63937656800005,9.713562482000043],[98.55467772600008,9.615890758000035],[98.50314200200006,9.626768751000043],[98.49144292100004,9.548105288000045],[98.50174700800005,9.48486615400003],[98.66812620900004,9.448691782000026],[98.76360561100006,9.536744944000077],[98.73963607700006,9.600876690000064]]]}},{"type":"Feature","id":"TH8203","properties":{"国家代码":"TH","行政层级":2,"行政层级中文":"县/曼谷区","行政区代码":"8203","上级行政区代码":"82","中文名称":"加本县","泰文名称":"กะปง","英文名称":"Kapong","中文显示名":"加本县","中文名状态":"Wikidata已有中文名","边界状态":"可绘制","边界文件":"泰国_ADM2_县区边界.geojson","边界要素ID":"TH8203","边界坐标系":"WGS84 / EPSG:4326","边界数据时点":"2019-02-21","Google原生边界支持":"泰国不支持ADM2","Google地图绘制方式":"加载本GeoJSON到Google Maps Data图层","边界来源":"RTSD/OCHA衍生简化边界（canonical package）"},"geometry":{"type":"Polygon","coordinates":[[[98.53694575400004,8.660817648000034],[98.59479828200006,8.71261695100003],[98.59870699100009,8.796834490000037],[98.50694317600005,8.878978482000036],[98.44599597900003,8.89525517800007],[98.40703744600006,8.777458917000047],[98.33370419200008,8.73443695900005],[98.32677797900004,8.652776063000033],[98.41108145600003,8.62872083600007],[98.49008033900009,8.602695709000045],[98.53694575400004,8.660817648000034]]]}},{"type":"Feature","id":"TH3604","properties":{"国家代码":"TH","行政层级":2,"行政层级中文":"县/曼谷区","行政区代码":"3604","上级行政区代码":"36","中文名称":"甲色颂汶县","泰文名称":"เกษตรสมบูรณ์","英文名称":"Kaset Sombun","中文显示名":"甲色颂汶县","中文名状态":"Wikidata已有中文名","边界状态":"可绘制","边界文件":"泰国_ADM2_县区边界.geojson","边界要素ID":"TH3604","边界坐标系":"WGS84 / EPSG:4326","边界数据时点":"2019-02-21","Google原生边界支持":"泰国不支持ADM2","Google地图绘制方式":"加载本GeoJSON到Google Maps Data图层","边界来源":"RTSD/OCHA衍生简化边界（canonical package）"},"geometry":{"type":"Polygon","coordinates":[[[101.96688054100008,16.46672760000007],[101.90360381900007,16.494680105000043],[101.74874755700006,16.48424247300005],[101.67585846600008,16.42292119700005],[101.71077491500006,16.419166473000075],[101.84134611500008,16.293977982000058],[101.85118345000006,16.19721269100006],[101.82496431600003,16.086648498000045],[101.91990848500006,16.026780905000066],[102.05312061100005,16.251481429000023],[102.04217642100008,16.369557031000056],[101.96688054100008,16.46672760000007]]]}},{"type":"Feature","id":"TH4502","properties":{"国家代码":"TH","行政层级":2,"行政层级中文":"县/曼谷区","行政区代码":"4502","上级行政区代码":"45","中文名称":"甲色威赛县","泰文名称":"เกษตรวิสัย","英文名称":"Kaset Wisai","中文显示名":"甲色威赛县","中文名状态":"Wikidata已有中文名","边界状态":"可绘制","边界文件":"泰国_ADM2_县区边界.geojson","边界要素ID":"TH4502","边界坐标系":"WGS84 / EPSG:4326","边界数据时点":"2019-02-21","Google原生边界支持":"泰国不支持ADM2","Google地图绘制方式":"加载本GeoJSON到Google Maps Data图层","边界来源":"RTSD/OCHA衍生简化边界（canonical package）"},"geometry":{"type":"Polygon","coordinates":[[[103.69478169100006,15.771469858000046],[103.41969100700004,15.720970601000033],[103.41310235300006,15.712489812000058],[103.49444127100008,15.669126384000037],[103.48707941200007,15.59362746000005],[103.41740395200009,15.536738756000034],[103.40326782800008,15.436452529000064],[103.53267475500007,15.426550458000065],[103.59246155600005,15.46742740600007],[103.64009687000004,15.459929244000023],[103.68987647700004,15.579804551000052],[103.69509654700005,15.714127293000047],[103.69478169100006,15.771469858000046]]]}},{"type":"Feature","id":"TH8302","properties":{"国家代码":"TH","行政层级":2,"行政层级中文":"县/曼谷区","行政区代码":"8302","上级行政区代码":"83","中文名称":"加图县","泰文名称":"กะทู้","英文名称":"Kathu","中文显示名":"加图县","中文名状态":"Wikidata已有中文名","边界状态":"可绘制","边界文件":"泰国_ADM2_县区边界.geojson","边界要素ID":"TH8302","边界坐标系":"WGS84 / EPSG:4326","边界数据时点":"2019-02-21","Google原生边界支持":"泰国不支持ADM2","Google地图绘制方式":"加载本GeoJSON到Google Maps Data图层","边界来源":"RTSD/OCHA衍生简化边界（canonical package）"},"geometry":{"type":"Polygon","coordinates":[[[98.35033361600006,7.9440683740000395],[98.27634422100004,7.970316088000061],[98.27513864200006,7.874329931000034],[98.36823934400007,7.901138092000053],[98.35033361600006,7.9440683740000395]]]}},{"type":"Feature","id":"TH3122","properties":{"国家代码":"TH","行政层级":2,"行政层级中文":"县/曼谷区","行政区代码":"3122","上级行政区代码":"31","中文名称":"肯东县","泰文名称":"แคนดง","英文名称":"Khaen Dong","中文显示名":"肯东县","中文名状态":"Wikidata已有中文名","边界状态":"可绘制","边界文件":"泰国_ADM2_县区边界.geojson","边界要素ID":"TH3122","边界坐标系":"WGS84 / EPSG:4326","边界数据时点":"2019-02-21","Google原生边界支持":"泰国不支持ADM2","Google地图绘制方式":"加载本GeoJSON到Google Maps Data图层","边界来源":"RTSD/OCHA衍生简化边界（canonical package）"},"geometry":{"type":"Polygon","coordinates":[[[103.23532815300007,15.319540618000076],[103.10666513500007,15.409391000000028],[103.03209656500007,15.255428429000062],[103.13448143100004,15.239637431000062],[103.15558122200008,15.236608938000074],[103.23532815300007,15.319540618000076]]]}},{"type":"Feature","id":"TH1703","properties":{"国家代码":"TH","行政层级":2,"行政层级中文":"县/曼谷区","行政区代码":"1703","上级行政区代码":"17","中文名称":"开邦拉占县","泰文名称":"ค่ายบางระจัน","英文名称":"Khai Bang Rachan","中文显示名":"开邦拉占县","中文名状态":"Wikidata已有中文名","边界状态":"可绘制","边界文件":"泰国_ADM2_县区边界.geojson","边界要素ID":"TH1703","边界坐标系":"WGS84 / EPSG:4326","边界数据时点":"2019-02-21","Google原生边界支持":"泰国不支持ADM2","Google地图绘制方式":"加载本GeoJSON到Google Maps Data图层","边界来源":"RTSD/OCHA衍生简化边界（canonical package）"},"geometry":{"type":"Polygon","coordinates":[[[100.39305713400006,14.816935558000068],[100.36743094300004,14.87112860600007],[100.30500514700003,14.82853714600003],[100.21542735900005,14.839860029000022],[100.22643316800009,14.795045493000032],[100.34886868900008,14.77950241800005],[100.39305713400006,14.816935558000068]]]}},{"type":"Feature","id":"TH3504","properties":{"国家代码":"TH","行政层级":2,"行政层级中文":"县/曼谷区","行政区代码":"3504","上级行政区代码":"35","中文名称":"坎宽胶县","泰文名称":"คำเขื่อนแก้ว","英文名称":"Kham Khuean Kaeo","中文显示名":"坎宽胶县","中文名状态":"Wikidata已有中文名","边界状态":"可绘制","边界文件":"泰国_ADM2_县区边界.geojson","边界要素ID":"TH3504","边界坐标系":"WGS84 / EPSG:4326","边界数据时点":"2019-02-21","Google原生边界支持":"泰国不支持ADM2","Google地图绘制方式":"加载本GeoJSON到Google Maps Data图层","边界来源":"RTSD/OCHA衍生简化边界（canonical package）"},"geometry":{"type":"Polygon","coordinates":[[[104.41890576400004,15.745743803000039],[104.26974732300005,15.762062875000026],[104.16826576700004,15.675159010000073],[104.20945809500006,15.608959412000047],[104.28489935700009,15.597232767000037],[104.38591622300004,15.53625071700003],[104.51201416400005,15.563932335000061],[104.44035092800004,15.618161901000065],[104.41890576400004,15.745743803000039]]]}},{"type":"Feature","id":"TH4610","properties":{"国家代码":"TH","行政层级":2,"行政层级中文":"县/曼谷区","行政区代码":"4610","上级行政区代码":"46","中文名称":"堪孟县","泰文名称":"คำม่วง","英文名称":"Kham Muang","中文显示名":"堪孟县","中文名状态":"Wikidata已有中文名","边界状态":"可绘制","边界文件":"泰国_ADM2_县区边界.geojson","边界要素ID":"TH4610","边界坐标系":"WGS84 / EPSG:4326","边界数据时点":"2019-02-21","Google原生边界支持":"泰国不支持ADM2","Google地图绘制方式":"加载本GeoJSON到Google Maps Data图层","边界来源":"RTSD/OCHA衍生简化边界（canonical package）"},"geometry":{"type":"Polygon","coordinates":[[[103.66212023000008,17.019615229000067],[103.62074341900006,17.092853047000062],[103.53019888300008,17.062729473000047],[103.59759351700006,16.94925304000003],[103.58848292800008,16.839763506000054],[103.63710052500005,16.76684498000003],[103.76315579000004,16.964307833000078],[103.73999944000008,16.971270779000065],[103.66212023000008,17.019615229000067]]]}},{"type":"Feature","id":"TH3011","properties":{"国家代码":"TH","行政层级":2,"行政层级中文":"县/曼谷区","行政区代码":"3011","上级行政区代码":"30","中文名称":"坎沙盖森县","泰文名称":"ขามสะแกแสง","英文名称":"Kham Sakaesaeng","中文显示名":"坎沙盖森县","中文名状态":"Wikidata已有中文名","边界状态":"可绘制","边界文件":"泰国_ADM2_县区边界.geojson","边界要素ID":"TH3011","边界坐标系":"WGS84 / EPSG:4326","边界数据时点":"2019-02-21","Google原生边界支持":"泰国不支持ADM2","Google地图绘制方式":"加载本GeoJSON到Google Maps Data图层","边界来源":"RTSD/OCHA衍生简化边界（canonical package）"},"geometry":{"type":"Polygon","coordinates":[[[102.29091992200006,15.371092875000045],[102.22675005800005,15.466171531000043],[102.04402137200003,15.41502065000003],[102.11061793400006,15.311642902000074],[102.15885422000008,15.279384082000036],[102.29091992200006,15.371092875000045]]]}},{"type":"Feature","id":"TH4709","properties":{"国家代码":"TH","行政层级":2,"行政层级中文":"县/曼谷区","行政区代码":"4709","上级行政区代码":"47","中文名称":"坎达格拉县","泰文名称":"คำตากล้า","英文名称":"Kham Ta Kla","中文显示名":"坎达格拉县","中文名状态":"Wikidata已有中文名","边界状态":"可绘制","边界文件":"泰国_ADM2_县区边界.geojson","边界要素ID":"TH4709","边界坐标系":"WGS84 / EPSG:4326","边界数据时点":"2019-02-21","Google原生边界支持":"泰国不支持ADM2","Google地图绘制方式":"加载本GeoJSON到Google Maps Data图层","边界来源":"RTSD/OCHA衍生简化边界（canonical package）"},"geometry":{"type":"Polygon","coordinates":[[[103.91813412300007,17.82228226600006],[103.90405658000009,17.88075748500006],[103.79338595300004,17.87259503100006],[103.70894168400008,17.940503767000052],[103.70350282800007,17.941563193000036],[103.67850904700003,17.85078302900007],[103.63323929300009,17.826015263000045],[103.65778646900009,17.794882892000032],[103.79521470200007,17.773559138000053],[103.89959161900003,17.732769664000045],[103.91813412300007,17.82228226600006]]]}},{"type":"Feature","id":"TH3019","properties":{"国家代码":"TH","行政层级":2,"行政层级中文":"县/曼谷区","行政区代码":"3019","上级行政区代码":"30","中文名称":"坎他雷索县","泰文名称":"ขามทะเลสอ","英文名称":"Kham Thale So","中文显示名":"坎他雷索县","中文名状态":"Wikidata已有中文名","边界状态":"可绘制","边界文件":"泰国_ADM2_县区边界.geojson","边界要素ID":"TH3019","边界坐标系":"WGS84 / EPSG:4326","边界数据时点":"2019-02-21","Google原生边界支持":"泰国不支持ADM2","Google地图绘制方式":"加载本GeoJSON到Google Maps Data图层","边界来源":"RTSD/OCHA衍生简化边界（canonical package）"},"geometry":{"type":"Polygon","coordinates":[[[101.99500752100005,15.085260193000067],[101.88883892000007,15.110604496000065],[101.83553933500008,15.073972130000072],[101.88441033800007,15.046198485000048],[101.89974261000003,14.94064032500006],[101.94192737600008,14.931228524000062],[101.99453682800004,14.961341546000028],[101.99500752100005,15.085260193000067]]]}},{"type":"Feature","id":"TH4905","properties":{"国家代码":"TH","行政层级":2,"行政层级中文":"县/曼谷区","行政区代码":"4905","上级行政区代码":"49","中文名称":"坎差县","泰文名称":"คำชะอี","英文名称":"Khamcha-I","中文显示名":"坎差县","中文名状态":"Wikidata已有中文名","边界状态":"可绘制","边界文件":"泰国_ADM2_县区边界.geojson","边界要素ID":"TH4905","边界坐标系":"WGS84 / EPSG:4326","边界数据时点":"2019-02-21","Google原生边界支持":"泰国不支持ADM2","Google地图绘制方式":"加载本GeoJSON到Google Maps Data图层","边界来源":"RTSD/OCHA衍生简化边界（canonical package）"},"geometry":{"type":"Polygon","coordinates":[[[104.45109400900009,16.71425845500005],[104.40567793500009,16.683388426000022],[104.37444689900008,16.748689126000045],[104.30942672000003,16.761301798000034],[104.19909079400009,16.66002331800007],[104.17708392600008,16.597859693000032],[104.22106505200009,16.542185678000067],[104.31244817000004,16.530731677000063],[104.39060160600008,16.469610411000076],[104.44597394500005,16.47207187300006],[104.44798262300009,16.537604200000033],[104.50586850200006,16.52289219200003],[104.45659612700007,16.63360573700004],[104.45109400900009,16.71425845500005]]]}},{"type":"Feature","id":"TH1043","properties":{"国家代码":"TH","行政层级":2,"行政层级中文":"县/曼谷区","行政区代码":"1043","上级行政区代码":"10","中文名称":"汉那尧县","泰文名称":"คันนายาว","英文名称":"Khanna Yao","中文显示名":"汉那尧县","中文名状态":"Wikidata已有中文名","边界状态":"可绘制","边界文件":"泰国_ADM2_县区边界.geojson","边界要素ID":"TH1043","边界坐标系":"WGS84 / EPSG:4326","边界数据时点":"2019-02-21","Google原生边界支持":"泰国不支持ADM2","Google地图绘制方式":"加载本GeoJSON到Google Maps Data图层","边界来源":"RTSD/OCHA衍生简化边界（canonical package）"},"geometry":{"type":"Polygon","coordinates":[[[100.67545749200008,13.856381383000041],[100.64598685000004,13.847368251000034],[100.67513534100004,13.781205881000062],[100.70496396600004,13.797679626000047],[100.69677590500004,13.81549276100003],[100.67545749200008,13.856381383000041]]]}},{"type":"Feature","id":"TH8015","properties":{"国家代码":"TH","行政层级":2,"行政层级中文":"县/曼谷区","行政区代码":"8015","上级行政区代码":"80","中文名称":"卡农县","泰文名称":"ขนอม","英文名称":"Khanom","中文显示名":"卡农县","中文名状态":"Wikidata已有中文名","边界状态":"可绘制","边界文件":"泰国_ADM2_县区边界.geojson","边界要素ID":"TH8015","边界坐标系":"WGS84 / EPSG:4326","边界数据时点":"2019-02-21","Google原生边界支持":"泰国不支持ADM2","Google地图绘制方式":"加载本GeoJSON到Google Maps Data图层","边界来源":"RTSD/OCHA衍生简化边界（canonical package）"},"geometry":{"type":"Polygon","coordinates":[[[99.90944772800003,9.089935196000056],[99.84350328800008,9.293580915000064],[99.76912757800005,9.322795434000057],[99.77159450300007,9.260889774000077],[99.71988092700008,9.145007275000069],[99.77176501800005,9.096430174000034],[99.81582146800008,9.121407718000057],[99.90944772800003,9.089935196000056]]]}},{"type":"Feature","id":"TH6204","properties":{"国家代码":"TH","行政层级":2,"行政层级中文":"县/曼谷区","行政区代码":"6204","上级行政区代码":"62","中文名称":"卡努瓦拉叻武里县","泰文名称":"ขาณุวรลักษบุรี","英文名称":"Khanu Woralaksaburi","中文显示名":"卡努瓦拉叻武里县","中文名状态":"Wikidata已有中文名","边界状态":"可绘制","边界文件":"泰国_ADM2_县区边界.geojson","边界要素ID":"TH6204","边界坐标系":"WGS84 / EPSG:4326","边界数据时点":"2019-02-21","Google原生边界支持":"泰国不支持ADM2","Google地图绘制方式":"加载本GeoJSON到Google Maps Data图层","边界来源":"RTSD/OCHA衍生简化边界（canonical package）"},"geometry":{"type":"Polygon","coordinates":[[[99.98432186700006,16.118128797000054],[99.90061056000008,16.125092094000024],[99.87712631200009,16.168605761000038],[99.82603293100004,16.13912423900007],[99.65106557900003,16.129086847000053],[99.57639900400005,16.123527542000033],[99.50493320800007,16.044811312000036],[99.41365762900006,16.016249611000035],[99.34880060700004,15.922756179000032],[99.44778004500006,15.902463111000031],[99.53864170600008,15.924777447000054],[99.68290842400006,15.863174117000028],[99.73890832300003,15.857542042000034],[99.80498229300008,15.920601438000062],[99.84528544700004,16.02359450800003],[99.92683437600004,16.051560721000044],[99.98432186700006,16.118128797000054]]]}},{"type":"Feature","id":"TH9303","properties":{"国家代码":"TH","行政层级":2,"行政层级中文":"县/曼谷区","行政区代码":"9303","上级行政区代码":"93","中文名称":"考猜颂县","泰文名称":"เขาชัยสน","英文名称":"Khao Chaison","中文显示名":"考猜颂县","中文名状态":"Wikidata已有中文名","边界状态":"可绘制","边界文件":"泰国_ADM2_县区边界.geojson","边界要素ID":"TH9303","边界坐标系":"WGS84 / EPSG:4326","边界数据时点":"2019-02-21","Google原生边界支持":"泰国不支持ADM2","Google地图绘制方式":"加载本GeoJSON到Google Maps Data图层","边界来源":"RTSD/OCHA衍生简化边界（canonical package）"},"geometry":{"type":"Polygon","coordinates":[[[100.23331465400008,7.575677573000064],[100.11710269200006,7.5614766250000685],[100.01216805800004,7.439161881000075],[100.01625690600008,7.356856351000033],[100.10871336700006,7.36018013000006],[100.14626011200005,7.463040937000073],[100.27618305600004,7.478396521000036],[100.27306896200008,7.496562275000031],[100.23331465400008,7.575677573000064]]]}},{"type":"Feature","id":"TH2707","properties":{"国家代码":"TH","行政层级":2,"行政层级中文":"县/曼谷区","行政区代码":"2707","上级行政区代码":"27","中文名称":"考差干县","泰文名称":"เขาฉกรรจ์","英文名称":"Khao Chakan","中文显示名":"考差干县","中文名状态":"Wikidata已有中文名","边界状态":"可绘制","边界文件":"泰国_ADM2_县区边界.geojson","边界要素ID":"TH2707","边界坐标系":"WGS84 / EPSG:4326","边界数据时点":"2019-02-21","Google原生边界支持":"泰国不支持ADM2","Google地图绘制方式":"加载本GeoJSON到Google Maps Data图层","边界来源":"RTSD/OCHA衍生简化边界（canonical package）"},"geometry":{"type":"Polygon","coordinates":[[[102.15383838700006,13.68498233400004],[102.09486528600007,13.762525555000025],[102.03369759300006,13.703145867000046],[101.94288304500009,13.692339021000066],[101.91507152300005,13.585596376000069],[101.88917250000009,13.500513622000028],[101.93717280700008,13.47798655500003],[101.99998200400006,13.557635646000051],[102.09724379700003,13.58129235000007],[102.08297613100007,13.632220227000062],[102.15305501700004,13.651773024000022],[102.15383838700006,13.68498233400004]]]}},{"type":"Feature","id":"TH2107","properties":{"国家代码":"TH","行政层级":2,"行政层级中文":"县/曼谷区","行政区代码":"2107","上级行政区代码":"21","中文名称":"考差毛县","泰文名称":"เขาชะเมา","英文名称":"Khao Chamao","中文显示名":"考差毛县","中文名状态":"Wikidata已有中文名","边界状态":"可绘制","边界文件":"泰国_ADM2_县区边界.geojson","边界要素ID":"TH2107","边界坐标系":"WGS84 / EPSG:4326","边界数据时点":"2019-02-21","Google原生边界支持":"泰国不支持ADM2","Google地图绘制方式":"加载本GeoJSON到Google Maps Data图层","边界来源":"RTSD/OCHA衍生简化边界（canonical package）"},"geometry":{"type":"Polygon","coordinates":[[[101.69577208800007,13.14659670900005],[101.64826369700006,13.163488681000047],[101.57810664400006,13.109208266000053],[101.60142895200005,13.029114948000029],[101.56852229600008,12.978845657000022],[101.61180439000003,12.981717566000043],[101.63966043200008,12.879583411000056],[101.68478249200007,12.899297147000027],[101.73903266300005,12.833330571000033],[101.80987500700007,12.88486354500003],[101.73777288400004,12.981240397000022],[101.69577208800007,13.14659670900005]]]}},{"type":"Feature","id":"TH2210","properties":{"国家代码":"TH","行政层级":2,"行政层级中文":"县/曼谷区","行政区代码":"2210","上级行政区代码":"22","中文名称":"考基差古县","泰文名称":"เขาคิชฌกูฏ","英文名称":"Khao Khitchakut","中文显示名":"考基差古县","中文名状态":"Wikidata已有中文名","边界状态":"可绘制","边界文件":"泰国_ADM2_县区边界.geojson","边界要素ID":"TH2210","边界坐标系":"WGS84 / EPSG:4326","边界数据时点":"2019-02-21","Google原生边界支持":"泰国不支持ADM2","Google地图绘制方式":"加载本GeoJSON到Google Maps Data图层","边界来源":"RTSD/OCHA衍生简化边界（canonical package）"},"geometry":{"type":"Polygon","coordinates":[[[102.15479292100008,13.06089789400005],[102.11085885600005,13.151162862000035],[102.04824868800006,13.160104903000047],[102.05510850100006,13.105213698000057],[101.95942988200005,12.904196224000032],[102.00279189200006,12.920047215000068],[102.04259146900006,12.782142777000047],[102.08429728200008,12.737574601000063],[102.10142394200005,12.735566198000072],[102.23352120800007,12.885152235000021],[102.15479292100008,13.06089789400005]]]}},{"type":"Feature","id":"TH6711","properties":{"国家代码":"TH","行政层级":2,"行政层级中文":"县/曼谷区","行政区代码":"6711","上级行政区代码":"67","中文名称":"考科县","泰文名称":"เขาค้อ","英文名称":"Khao Kho","中文显示名":"考科县","中文名状态":"Wikidata已有中文名","边界状态":"可绘制","边界文件":"泰国_ADM2_县区边界.geojson","边界要素ID":"TH6711","边界坐标系":"WGS84 / EPSG:4326","边界数据时点":"2019-02-21","Google原生边界支持":"泰国不支持ADM2","Google地图绘制方式":"加载本GeoJSON到Google Maps Data图层","边界来源":"RTSD/OCHA衍生简化边界（canonical package）"},"geometry":{"type":"Polygon","coordinates":[[[101.06702827300006,16.902846108000062],[100.90300956800007,16.80177326000006],[100.94234073400008,16.681012054000064],[100.88622336200007,16.66649923400007],[100.83379696300005,16.504028556000037],[100.94236083500004,16.514580945000034],[100.99450662500004,16.474907364000046],[101.10465515900006,16.485494781000057],[101.05292591900007,16.557367990000046],[101.05159583600005,16.64516470500007],[101.10565674200006,16.785088733000066],[101.07994138300006,16.819438653000077],[101.07904047000005,16.899557526000024],[101.06702827300006,16.902846108000062]]]}},{"type":"Feature","id":"TH8102","properties":{"国家代码":"TH","行政层级":2,"行政层级中文":"县/曼谷区","行政区代码":"8102","上级行政区代码":"81","中文名称":"考帕农县","泰文名称":"เขาพนม","英文名称":"Khao Phanom","中文显示名":"考帕农县","中文名状态":"Wikidata已有中文名","边界状态":"可绘制","边界文件":"泰国_ADM2_县区边界.geojson","边界要素ID":"TH8102","边界坐标系":"WGS84 / EPSG:4326","边界数据时点":"2019-02-21","Google原生边界支持":"泰国不支持ADM2","Google地图绘制方式":"加载本GeoJSON到Google Maps Data图层","边界来源":"RTSD/OCHA衍生简化边界（canonical package）"},"geometry":{"type":"Polygon","coordinates":[[[99.20502622800007,8.36604924300002],[99.03611636600004,8.36228092600004],[98.94102709500004,8.457184595000058],[98.92647770100007,8.448157007000077],[98.90758195400008,8.293604791000064],[99.01375421300008,8.22899656800007],[99.01596015600006,8.183733504000031],[99.07214252900008,8.171073231000037],[99.09762362000004,8.23089451800007],[99.15918855100006,8.178410972000052],[99.22214219000006,8.17090728100004],[99.23771172500005,8.113083126000049],[99.29643941900008,8.132072021000056],[99.33103207800008,8.290466590000051],[99.29035990300008,8.312564330000043],[99.20502622800007,8.36604924300002]]]}},{"type":"Feature","id":"TH2303","properties":{"国家代码":"TH","行政层级":2,"行政层级中文":"县/曼谷区","行政区代码":"2303","上级行政区代码":"23","中文名称":"考沙明县","泰文名称":"เขาสมิง","英文名称":"Khao Saming","中文显示名":"考沙明县","中文名状态":"Wikidata已有中文名","边界状态":"可绘制","边界文件":"泰国_ADM2_县区边界.geojson","边界要素ID":"TH2303","边界坐标系":"WGS84 / EPSG:4326","边界数据时点":"2019-02-21","Google原生边界支持":"泰国不支持ADM2","Google地图绘制方式":"加载本GeoJSON到Google Maps Data图层","边界来源":"RTSD/OCHA衍生简化边界（canonical package）"},"geometry":{"type":"Polygon","coordinates":[[[102.38940523300005,12.645337882000035],[102.30507654600007,12.556464629000061],[102.33766269400007,12.514013367000075],[102.32520485000003,12.427866872000038],[102.37177469300008,12.389910273000055],[102.28594096000006,12.299069017000022],[102.31152254200003,12.25875297500005],[102.39844149400005,12.271967768000025],[102.50042840000003,12.325225471000067],[102.55172808200007,12.466569153000023],[102.48469407500005,12.519454640000049],[102.38940523300005,12.645337882000035]]]}},{"type":"Feature","id":"TH4019","properties":{"国家代码":"TH","行政层级":2,"行政层级中文":"县/曼谷区","行政区代码":"4019","上级行政区代码":"40","中文名称":"考宣光县","泰文名称":"เขาสวนกวาง","英文名称":"Khao Suan Kwang","中文显示名":"考宣光县","中文名状态":"Wikidata已有中文名","边界状态":"可绘制","边界文件":"泰国_ADM2_县区边界.geojson","边界要素ID":"TH4019","边界坐标系":"WGS84 / EPSG:4326","边界数据时点":"2019-02-21","Google原生边界支持":"泰国不支持ADM2","Google地图绘制方式":"加载本GeoJSON到Google Maps Data图层","边界来源":"RTSD/OCHA衍生简化边界（canonical package）"},"geometry":{"type":"Polygon","coordinates":[[[102.70970462200006,17.087009188000025],[102.70004704800004,17.086895766000055],[102.66933312300006,16.993749911000066],[102.67899023600006,16.966093427000033],[102.73870891100006,16.937103112000045],[102.73243443400008,16.818465639000067],[102.87168141300003,16.78571287500006],[102.92899095500007,16.83790547800004],[102.81024756400006,16.894091380000077],[102.82270086200003,16.97293878200003],[102.70970462200006,17.087009188000025]]]}},{"type":"Feature","id":"TH4606","properties":{"国家代码":"TH","行政层级":2,"行政层级中文":"县/曼谷区","行政区代码":"4606","上级行政区代码":"46","中文名称":"考翁县","泰文名称":"เขาวง","英文名称":"Khao Wong","中文显示名":"考翁县","中文名状态":"Wikidata已有中文名","边界状态":"可绘制","边界文件":"泰国_ADM2_县区边界.geojson","边界要素ID":"TH4606","边界坐标系":"WGS84 / EPSG:4326","边界数据时点":"2019-02-21","Google原生边界支持":"泰国不支持ADM2","Google地图绘制方式":"加载本GeoJSON到Google Maps Data图层","边界来源":"RTSD/OCHA衍生简化边界（canonical package）"},"geometry":{"type":"Polygon","coordinates":[[[104.19909079400009,16.66002331800007],[104.09871321400004,16.784213385000044],[103.99147482200004,16.679772684000056],[104.10941880600006,16.607211634000066],[104.17708392600008,16.597859693000032],[104.19909079400009,16.66002331800007]]]}},{"type":"Feature","id":"TH7602","properties":{"国家代码":"TH","行政层级":2,"行政层级中文":"县/曼谷区","行政区代码":"7602","上级行政区代码":"76","中文名称":"考尧县","泰文名称":"เขาย้อย","英文名称":"Khao Yoi","中文显示名":"考尧县","中文名状态":"Wikidata已有中文名","边界状态":"可绘制","边界文件":"泰国_ADM2_县区边界.geojson","边界要素ID":"TH7602","边界坐标系":"WGS84 / EPSG:4326","边界数据时点":"2019-02-21","Google原生边界支持":"泰国不支持ADM2","Google地图绘制方式":"加载本GeoJSON到Google Maps Data图层","边界来源":"RTSD/OCHA衍生简化边界（canonical package）"},"geometry":{"type":"Polygon","coordinates":[[[99.85595101000007,13.329181510000069],[99.75709673500006,13.343409245000032],[99.68824370900006,13.300372667000033],[99.78694222800004,13.182462838000049],[99.79586194000007,13.117652110000051],[99.84591246500008,13.130163982000056],[99.90239606700004,13.180658899000036],[99.88375008100007,13.246462721000057],[99.85595101000007,13.329181510000069]]]}},{"type":"Feature","id":"TH3405","properties":{"国家代码":"TH","行政层级":2,"行政层级中文":"县/曼谷区","行政区代码":"3405","上级行政区代码":"34","中文名称":"肯马拉县","泰文名称":"เขมราฐ","英文名称":"Khemarat","中文显示名":"肯马拉县","中文名状态":"Wikidata已有中文名","边界状态":"可绘制","边界文件":"泰国_ADM2_县区边界.geojson","边界要素ID":"TH3405","边界坐标系":"WGS84 / EPSG:4326","边界数据时点":"2019-02-21","Google原生边界支持":"泰国不支持ADM2","Google地图绘制方式":"加载本GeoJSON到Google Maps Data图层","边界来源":"RTSD/OCHA衍生简化边界（canonical package）"},"geometry":{"type":"Polygon","coordinates":[[[105.39330885000004,15.991567686000053],[105.40894689400005,16.016221082000072],[105.21236660400007,16.04959552300005],[105.06026078000008,16.09814908000004],[105.00993760100005,15.99959560700006],[105.00420106100006,15.93715320800004],[105.08658563100005,15.887285973000076],[105.16243798100004,15.80103249900003],[105.25356924400006,15.893488510000054],[105.13706677700009,15.907176031000063],[105.24034740200005,16.003099599000052],[105.39330885000004,15.991567686000053]]]}},{"type":"Feature","id":"TH8414","properties":{"国家代码":"TH","行政层级":2,"行政层级中文":"县/曼谷区","行政区代码":"8414","上级行政区代码":"84","中文名称":"坚萨县","泰文名称":"เคียนซา","英文名称":"Khian Sa","中文显示名":"坚萨县","中文名状态":"Wikidata已有中文名","边界状态":"可绘制","边界文件":"泰国_ADM2_县区边界.geojson","边界要素ID":"TH8414","边界坐标系":"WGS84 / EPSG:4326","边界数据时点":"2019-02-21","Google原生边界支持":"泰国不支持ADM2","Google地图绘制方式":"加载本GeoJSON到Google Maps Data图层","边界来源":"RTSD/OCHA衍生简化边界（canonical package）"},"geometry":{"type":"Polygon","coordinates":[[[99.22912137000009,8.820707476000052],[99.19322737000005,8.886058404000039],[99.10393895500005,8.815075428000057],[99.01645435600005,8.803497310000068],[98.91055923100004,8.784373612000024],[98.89751559800004,8.717670568000074],[99.12350020900004,8.64224785600004],[99.27959070700007,8.646407340000053],[99.27607205600003,8.69057053900002],[99.22912137000009,8.820707476000052]]]}},{"type":"Feature","id":"TH6403","properties":{"国家代码":"TH","行政层级":2,"行政层级中文":"县/曼谷区","行政区代码":"6403","上级行政区代码":"64","中文名称":"奇里玛县","泰文名称":"คีรีมาศ","英文名称":"Khiri Mat","中文显示名":"奇里玛县","中文名状态":"Wikidata已有中文名","边界状态":"可绘制","边界文件":"泰国_ADM2_县区边界.geojson","边界要素ID":"TH6403","边界坐标系":"WGS84 / EPSG:4326","边界数据时点":"2019-02-21","Google原生边界支持":"泰国不支持ADM2","Google地图绘制方式":"加载本GeoJSON到Google Maps Data图层","边界来源":"RTSD/OCHA衍生简化边界（canonical package）"},"geometry":{"type":"Polygon","coordinates":[[[99.84319914700006,16.87856596000006],[99.78884288000006,16.965694863000067],[99.61908543500004,16.963247461000037],[99.63136574500004,16.855077137000023],[99.60484578100005,16.784980054000073],[99.69497096400005,16.718007086000057],[99.74491369400005,16.74409805600004],[99.75960339100004,16.68491122300003],[99.85341018000008,16.735271930000067],[99.88953204700005,16.797662067000033],[99.84319914700006,16.87856596000006]]]}},{"type":"Feature","id":"TH8408","properties":{"国家代码":"TH","行政层级":2,"行政层级中文":"县/曼谷区","行政区代码":"8408","上级行政区代码":"84","中文名称":"基里拉塔尼空县","泰文名称":"คีรีรัฐนิคม","英文名称":"Khiri Rat Nikhom","中文显示名":"基里拉塔尼空县","中文名状态":"Wikidata已有中文名","边界状态":"可绘制","边界文件":"泰国_ADM2_县区边界.geojson","边界要素ID":"TH8408","边界坐标系":"WGS84 / EPSG:4326","边界数据时点":"2019-02-21","Google原生边界支持":"泰国不支持ADM2","Google地图绘制方式":"加载本GeoJSON到Google Maps Data图层","边界来源":"RTSD/OCHA衍生简化边界（canonical package）"},"geometry":{"type":"Polygon","coordinates":[[[99.02655700100007,9.12842751200003],[98.77099222800007,9.204723021000063],[98.80111781500005,9.168248278000021],[98.81935057400005,9.001101899000048],[98.94456299100005,8.952904229000069],[98.92024257800006,8.871982641000045],[98.91055923100004,8.784373612000024],[99.01645435600005,8.803497310000068],[99.01127574100008,8.890697314000022],[99.08202693600003,8.92607883200003],[99.06786093500006,9.073944391000055],[99.02655700100007,9.12842751200003]]]}},{"type":"Feature","id":"TH2702","properties":{"国家代码":"TH","行政层级":2,"行政层级中文":"县/曼谷区","行政区代码":"2702","上级行政区代码":"27","中文名称":"空哈县","泰文名称":"คลองหาด","英文名称":"Khlong Hat","中文显示名":"空哈县","中文名状态":"Wikidata已有中文名","边界状态":"可绘制","边界文件":"泰国_ADM2_县区边界.geojson","边界要素ID":"TH2702","边界坐标系":"WGS84 / EPSG:4326","边界数据时点":"2019-02-21","Google原生边界支持":"泰国不支持ADM2","Google地图绘制方式":"加载本GeoJSON到Google Maps Data图层","边界来源":"RTSD/OCHA衍生简化边界（canonical package）"},"geometry":{"type":"Polygon","coordinates":[[[102.33526487200004,13.642002310000066],[102.15353060600006,13.612438908000058],[102.21863834900006,13.480772759000047],[102.22265306100007,13.358029371000043],[102.28377653500007,13.303635412000062],[102.35357461600006,13.298943492000035],[102.35899510400009,13.481447703000072],[102.30701802900006,13.476952557000061],[102.33526487200004,13.642002310000066]]]}},{"type":"Feature","id":"TH9016","properties":{"国家代码":"TH","行政层级":2,"行政层级中文":"县/曼谷区","行政区代码":"9016","上级行政区代码":"90","中文名称":"孔会空县","泰文名称":"คลองหอยโข่ง","英文名称":"Khlong Hoi Khong","中文显示名":"孔会空县","中文名状态":"Wikidata已有中文名","边界状态":"可绘制","边界文件":"泰国_ADM2_县区边界.geojson","边界要素ID":"TH9016","边界坐标系":"WGS84 / EPSG:4326","边界数据时点":"2019-02-21","Google原生边界支持":"泰国不支持ADM2","Google地图绘制方式":"加载本GeoJSON到Google Maps Data图层","边界来源":"RTSD/OCHA衍生简化边界（canonical package）"},"geometry":{"type":"Polygon","coordinates":[[[100.45025308000004,6.835567769000022],[100.44005679800006,6.939740556000061],[100.34271481300004,6.92732851300002],[100.21070776000005,6.846148592000077],[100.20589952500006,6.841822556000068],[100.23690804700004,6.787032611000029],[100.35492989500005,6.782913525000026],[100.45025308000004,6.835567769000022]]]}},{"type":"Feature","id":"TH6205","properties":{"国家代码":"TH","行政层级":2,"行政层级中文":"县/曼谷区","行政区代码":"6205","上级行政区代码":"62","中文名称":"空坤县","泰文名称":"คลองขลุง","英文名称":"Khlong Khlung","中文显示名":"空坤县","中文名状态":"Wikidata已有中文名","边界状态":"可绘制","边界文件":"泰国_ADM2_县区边界.geojson","边界要素ID":"TH6205","边界坐标系":"WGS84 / EPSG:4326","边界数据时点":"2019-02-21","Google原生边界支持":"泰国不支持ADM2","Google地图绘制方式":"加载本GeoJSON到Google Maps Data图层","边界来源":"RTSD/OCHA衍生简化边界（canonical package）"},"geometry":{"type":"Polygon","coordinates":[[[99.77170079100006,16.346894982000038],[99.58349866500004,16.29967520200006],[99.49590555900005,16.25317840200006],[99.49097104000003,16.159450568000068],[99.66137466900005,16.153927861000057],[99.65106557900003,16.129086847000053],[99.82603293100004,16.13912423900007],[99.87712631200009,16.168605761000038],[99.89594970400003,16.23648296400006],[99.75825745000009,16.288261973000033],[99.77170079100006,16.346894982000038]]]}},{"type":"Feature","id":"TH2411","properties":{"国家代码":"TH","行政层级":2,"行政层级中文":"县/曼谷区","行政区代码":"2411","上级行政区代码":"24","中文名称":"空坤县","泰文名称":"คลองเขื่อน","英文名称":"Khlong Khuean","中文显示名":"空坤县","中文名状态":"Wikidata已有中文名","边界状态":"可绘制","边界文件":"泰国_ADM2_县区边界.geojson","边界要素ID":"TH2411","边界坐标系":"WGS84 / EPSG:4326","边界数据时点":"2019-02-21","Google原生边界支持":"泰国不支持ADM2","Google地图绘制方式":"加载本GeoJSON到Google Maps Data图层","边界来源":"RTSD/OCHA衍生简化边界（canonical package）"},"geometry":{"type":"Polygon","coordinates":[[[101.14408267700009,13.709271898000054],[101.20314740000003,13.764120208000065],[101.16194798100008,13.853080839000029],[101.14962118700004,13.851626734000035],[101.11463626700004,13.779493499000068],[101.14408267700009,13.709271898000054]]]}},{"type":"Feature","id":"TH6203","properties":{"国家代码":"TH","行政层级":2,"行政层级中文":"县/曼谷区","行政区代码":"6203","上级行政区代码":"62","中文名称":"空兰县","泰文名称":"คลองลาน","英文名称":"Khlong Lan","中文显示名":"空兰县","中文名状态":"Wikidata已有中文名","边界状态":"可绘制","边界文件":"泰国_ADM2_县区边界.geojson","边界要素ID":"TH6203","边界坐标系":"WGS84 / EPSG:4326","边界数据时点":"2019-02-21","Google原生边界支持":"泰国不支持ADM2","Google地图绘制方式":"加载本GeoJSON到Google Maps Data图层","边界来源":"RTSD/OCHA衍生简化边界（canonical package）"},"geometry":{"type":"Polygon","coordinates":[[[99.42240484700005,16.146357229000046],[99.42203888300008,16.229445187000067],[99.34809384100004,16.267607696000027],[99.41961191300004,16.34934640800003],[99.30354349500004,16.399783520000028],[99.23670088100005,16.48398385300004],[99.11382182300008,16.443168971000034],[99.10310482300008,16.389985540000055],[99.03076961300007,16.421684413000037],[99.02672961200005,16.382944835000046],[99.07969189300007,16.217865760000052],[99.05188231100004,16.135387854000044],[99.10840386700005,16.085286430000053],[99.16365775500003,16.108459518000075],[99.24597862300004,16.03245295800002],[99.39612332500008,16.064642633000062],[99.45723227700006,16.107064888000025],[99.42240484700005,16.146357229000046]]]}},{"type":"Feature","id":"TH1302","properties":{"国家代码":"TH","行政层级":2,"行政层级中文":"县/曼谷区","行政区代码":"1302","上级行政区代码":"13","中文名称":"空銮县","泰文名称":"คลองหลวง","英文名称":"Khlong Luang","中文显示名":"空銮县","中文名状态":"Wikidata已有中文名","边界状态":"可绘制","边界文件":"泰国_ADM2_县区边界.geojson","边界要素ID":"TH1302","边界坐标系":"WGS84 / EPSG:4326","边界数据时点":"2019-02-21","Google原生边界支持":"泰国不支持ADM2","Google地图绘制方式":"加载本GeoJSON到Google Maps Data图层","边界来源":"RTSD/OCHA衍生简化边界（canonical package）"},"geometry":{"type":"Polygon","coordinates":[[[100.75550331600004,14.044766109000022],[100.75505067800003,14.211074445000065],[100.61967321000009,14.143122747000064],[100.58213962500008,14.128636878000066],[100.58927953600005,14.074245553000026],[100.60142998200007,13.99560950600005],[100.75550331600004,14.044766109000022]]]}},{"type":"Feature","id":"TH1046","properties":{"国家代码":"TH","行政层级":2,"行政层级中文":"县/曼谷区","行政区代码":"1046","上级行政区代码":"10","中文名称":"空三华县","泰文名称":"คลองสามวา","英文名称":"Khlong Sam Wa","中文显示名":"空三华县","中文名状态":"Wikidata已有中文名","边界状态":"可绘制","边界文件":"泰国_ADM2_县区边界.geojson","边界要素ID":"TH1046","边界坐标系":"WGS84 / EPSG:4326","边界数据时点":"2019-02-21","Google原生边界支持":"泰国不支持ADM2","Google地图绘制方式":"加载本GeoJSON到Google Maps Data图层","边界来源":"RTSD/OCHA衍生简化边界（canonical package）"},"geometry":{"type":"Polygon","coordinates":[[[100.79259302400004,13.931387879000056],[100.68695337600008,13.916254426000023],[100.68449650700006,13.87424829300005],[100.67545749200008,13.856381383000041],[100.69677590500004,13.81549276100003],[100.79899596500007,13.849289744000032],[100.79259302400004,13.931387879000056]]]}},{"type":"Feature","id":"TH1018","properties":{"国家代码":"TH","行政层级":2,"行政层级中文":"县/曼谷区","行政区代码":"1018","上级行政区代码":"10","中文名称":"空訕縣","泰文名称":"คลองสาน","英文名称":"Khlong San","中文显示名":"空訕縣","中文名状态":"Wikidata已有中文名","边界状态":"可绘制","边界文件":"泰国_ADM2_县区边界.geojson","边界要素ID":"TH1018","边界坐标系":"WGS84 / EPSG:4326","边界数据时点":"2019-02-21","Google原生边界支持":"泰国不支持ADM2","Google地图绘制方式":"加载本GeoJSON到Google Maps Data图层","边界来源":"RTSD/OCHA衍生简化边界（canonical package）"},"geometry":{"type":"Polygon","coordinates":[[[100.49863760900007,13.705137064000041],[100.50817089700007,13.712460984000074],[100.51203169500008,13.719335614000045],[100.51229834900005,13.729392587000063],[100.49980669000007,13.738632557000074],[100.49764789800008,13.739218486000027],[100.49863760900007,13.705137064000041]]]}},{"type":"Feature","id":"TH8104","properties":{"国家代码":"TH","行政层级":2,"行政层级中文":"县/曼谷区","行政区代码":"8104","上级行政区代码":"81","中文名称":"空统县","泰文名称":"คลองท่อม","英文名称":"Khlong Thom","中文显示名":"空统县","中文名状态":"Wikidata已有中文名","边界状态":"可绘制","边界文件":"泰国_ADM2_县区边界.geojson","边界要素ID":"TH8104","边界坐标系":"WGS84 / EPSG:4326","边界数据时点":"2019-02-21","Google原生边界支持":"泰国不支持ADM2","Google地图绘制方式":"加载本GeoJSON到Google Maps Data图层","边界来源":"RTSD/OCHA衍生简化边界（canonical package）"},"geometry":{"type":"Polygon","coordinates":[[[99.23771172500005,8.113083126000049],[99.22214219000006,8.17090728100004],[99.15918855100006,8.178410972000052],[99.12379355500008,8.159881688000041],[99.09082243400007,8.046517705000042],[99.10176361600008,7.951902381000025],[99.06777500300007,7.875512984000068],[99.06385040500004,7.854255712000054],[99.12912653400008,7.816705915000057],[99.13719257100007,7.752327583000067],[99.25947516700006,7.657362437000074],[99.31272274800006,7.729177635000042],[99.29420194100004,7.825097650000032],[99.33377463700003,7.9287921000000665],[99.23771172500005,8.113083126000049]]]}},{"type":"Feature","id":"TH1033","properties":{"国家代码":"TH","行政层级":2,"行政层级中文":"县/曼谷区","行政区代码":"1033","上级行政区代码":"10","中文名称":"孔提县","泰文名称":"คลองเตย","英文名称":"Khlong Toei","中文显示名":"孔提县","中文名状态":"Wikidata已有中文名","边界状态":"可绘制","边界文件":"泰国_ADM2_县区边界.geojson","边界要素ID":"TH1033","边界坐标系":"WGS84 / EPSG:4326","边界数据时点":"2019-02-21","Google原生边界支持":"泰国不支持ADM2","Google地图绘制方式":"加载本GeoJSON到Google Maps Data图层","边界来源":"RTSD/OCHA衍生简化边界（canonical package）"},"geometry":{"type":"Polygon","coordinates":[[[100.60165893700008,13.704666227000075],[100.55069532700008,13.742848937000076],[100.55291228900006,13.722771623000028],[100.55375391500007,13.716543495000053],[100.55486719200007,13.705483354000023],[100.58391953000006,13.69609611900006],[100.60165893700008,13.704666227000075]]]}},{"type":"Feature","id":"TH2302","properties":{"国家代码":"TH","行政层级":2,"行政层级中文":"县/曼谷区","行政区代码":"2302","上级行政区代码":"23","中文名称":"空艾县","泰文名称":"คลองใหญ่","英文名称":"Khlong Yai","中文显示名":"空艾县","中文名状态":"Wikidata已有中文名","边界状态":"可绘制","边界文件":"泰国_ADM2_县区边界.geojson","边界要素ID":"TH2302","边界坐标系":"WGS84 / EPSG:4326","边界数据时点":"2019-02-21","Google原生边界支持":"泰国不支持ADM2","Google地图绘制方式":"加载本GeoJSON到Google Maps Data图层","边界来源":"RTSD/OCHA衍生简化边界（canonical package）"},"geometry":{"type":"Polygon","coordinates":[[[102.76839988600005,11.98373057200007],[102.77654078100005,11.908088985000063],[102.87130328100005,11.788291878000052],[102.78238548700006,11.984979630000055],[102.76839988600005,11.98373057200007]]]}},{"type":"Feature","id":"TH2202","properties":{"国家代码":"TH","行政层级":2,"行政层级中文":"县/曼谷区","行政区代码":"2202","上级行政区代码":"22","中文名称":"空县","泰文名称":"ขลุง","英文名称":"Khlung","中文显示名":"空县","中文名状态":"Wikidata已有中文名","边界状态":"可绘制","边界文件":"泰国_ADM2_县区边界.geojson","边界要素ID":"TH2202","边界坐标系":"WGS84 / EPSG:4326","边界数据时点":"2019-02-21","Google原生边界支持":"泰国不支持ADM2","Google地图绘制方式":"加载本GeoJSON到Google Maps Data图层","边界来源":"RTSD/OCHA衍生简化边界（canonical package）"},"geometry":{"type":"Polygon","coordinates":[[[102.49116729900004,12.757238753000024],[102.37807018700005,12.761085323000032],[102.32143570700003,12.808970637000073],[102.33204187600006,12.714930065000033],[102.27618756600003,12.711974014000077],[102.29586409100006,12.639906698000061],[102.21097147800003,12.590446107000048],[102.18505767800008,12.519467504000033],[102.14750371800005,12.494154886000047],[102.22039719600008,12.417163309000046],[102.20046300000007,12.357889122000074],[102.25776175800007,12.29291971300006],[102.28594096000006,12.299069017000022],[102.37177469300008,12.389910273000055],[102.32520485000003,12.427866872000038],[102.33766269400007,12.514013367000075],[102.30507654600007,12.556464629000061],[102.38940523300005,12.645337882000035],[102.38528671300008,12.67949346000006],[102.49116729900004,12.757238753000024]]]}},{"type":"Feature","id":"TH3507","properties":{"国家代码":"TH","行政层级":2,"行政层级中文":"县/曼谷区","行政区代码":"3507","上级行政区代码":"35","中文名称":"科旺县","泰文名称":"ค้อวัง","英文名称":"Kho Wang","中文显示名":"科旺县","中文名状态":"Wikidata已有中文名","边界状态":"可绘制","边界文件":"泰国_ADM2_县区边界.geojson","边界要素ID":"TH3507","边界坐标系":"WGS84 / EPSG:4326","边界数据时点":"2019-02-21","Google原生边界支持":"泰国不支持ADM2","Google地图绘制方式":"加载本GeoJSON到Google Maps Data图层","边界来源":"RTSD/OCHA衍生简化边界（canonical package）"},"geometry":{"type":"Polygon","coordinates":[[[104.40672898900004,15.289305787000046],[104.44693956800006,15.343577684000024],[104.37230066800004,15.457492201000036],[104.23286340900006,15.403150238000023],[104.34548914200008,15.34188105100003],[104.40672898900004,15.289305787000046]]]}},{"type":"Feature","id":"TH1609","properties":{"国家代码":"TH","行政层级":2,"行政层级中文":"县/曼谷区","行政区代码":"1609","上级行政区代码":"16","中文名称":"鹄乍仑县","泰文名称":"โคกเจริญ","英文名称":"Khok Charoen","中文显示名":"鹄乍仑县","中文名状态":"Wikidata已有中文名","边界状态":"可绘制","边界文件":"泰国_ADM2_县区边界.geojson","边界要素ID":"TH1609","边界坐标系":"WGS84 / EPSG:4326","边界数据时点":"2019-02-21","Google原生边界支持":"泰国不支持ADM2","Google地图绘制方式":"加载本GeoJSON到Google Maps Data图层","边界来源":"RTSD/OCHA衍生简化边界（canonical package）"},"geometry":{"type":"Polygon","coordinates":[[[100.92869897300005,15.487688026000058],[100.83096617000007,15.56263414800003],[100.74598784700004,15.513287969000032],[100.77182251100004,15.464885069000047],[100.69048133000007,15.446337925000023],[100.73645132500008,15.33964121200006],[100.80398800200004,15.31488015900004],[100.95344478200008,15.290952171000072],[100.97705417100008,15.336465455000052],[100.97474683200005,15.416549141000075],[100.92869897300005,15.487688026000058]]]}},{"type":"Feature","id":"TH9402","properties":{"国家代码":"TH","行政层级":2,"行政层级中文":"县/曼谷区","行政区代码":"9402","上级行政区代码":"94","中文名称":"鹄坡县","泰文名称":"โคกโพธิ์","英文名称":"Khok Pho","中文显示名":"鹄坡县","中文名状态":"Wikidata已有中文名","边界状态":"可绘制","边界文件":"泰国_ADM2_县区边界.geojson","边界要素ID":"TH9402","边界坐标系":"WGS84 / EPSG:4326","边界数据时点":"2019-02-21","Google原生边界支持":"泰国不支持ADM2","Google地图绘制方式":"加载本GeoJSON到Google Maps Data图层","边界来源":"RTSD/OCHA衍生简化边界（canonical package）"},"geometry":{"type":"Polygon","coordinates":[[[101.20823795700005,6.723281038000039],[101.19074173500007,6.7555409160000295],[101.05437259300004,6.801492333000056],[101.01761865100008,6.724940731000061],[101.05696059300004,6.67753177000003],[101.10361983100006,6.627967249000051],[101.22402740100006,6.606261136000057],[101.18430659700005,6.661945446000061],[101.20823795700005,6.723281038000039]]]}},{"type":"Feature","id":"TH4022","properties":{"国家代码":"TH","行政层级":2,"行政层级中文":"县/曼谷区","行政区代码":"4022","上级行政区代码":"40","中文名称":"科普猜县","泰文名称":"โคกโพธิ์ไชย","英文名称":"Khok Pho Chai","中文显示名":"科普猜县","中文名状态":"Wikidata已有中文名","边界状态":"可绘制","边界文件":"泰国_ADM2_县区边界.geojson","边界要素ID":"TH4022","边界坐标系":"WGS84 / EPSG:4326","边界数据时点":"2019-02-21","Google原生边界支持":"泰国不支持ADM2","Google地图绘制方式":"加载本GeoJSON到Google Maps Data图层","边界来源":"RTSD/OCHA衍生简化边界（canonical package）"},"geometry":{"type":"Polygon","coordinates":[[[102.49289079600004,16.079242527000076],[102.44742632200007,16.153797200000042],[102.40742849500003,16.10756754500005],[102.34532220400007,16.160563678000074],[102.27991297900007,16.072024037000062],[102.38520413200007,15.985892602000035],[102.42689817700006,15.994839976000037],[102.49289079600004,16.079242527000076]]]}},{"type":"Feature","id":"TH1603","properties":{"国家代码":"TH","行政层级":2,"行政层级中文":"县/曼谷区","行政区代码":"1603","上级行政区代码":"16","中文名称":"鹄三廊县","泰文名称":"โคกสำโรง","英文名称":"Khok Samrong","中文显示名":"鹄三廊县","中文名状态":"Wikidata已有中文名","边界状态":"可绘制","边界文件":"泰国_ADM2_县区边界.geojson","边界要素ID":"TH1603","边界坐标系":"WGS84 / EPSG:4326","边界数据时点":"2019-02-21","Google原生边界支持":"泰国不支持ADM2","Google地图绘制方式":"加载本GeoJSON到Google Maps Data图层","边界来源":"RTSD/OCHA衍生简化边界（canonical package）"},"geometry":{"type":"Polygon","coordinates":[[[100.77543058400005,15.157106400000032],[100.74485256100007,15.18713166300006],[100.63639866100004,15.141052882000054],[100.65786228900004,15.066014513000027],[100.61138914500003,14.936158964000072],[100.71979630700008,14.959370070000034],[100.82649491200004,14.936296627000047],[100.90339445500007,15.039148216000058],[100.93475040200008,15.166011316000038],[100.77543058400005,15.157106400000032]]]}},{"type":"Feature","id":"TH4715","properties":{"国家代码":"TH","行政层级":2,"行政层级中文":"县/曼谷区","行政区代码":"4715","上级行政区代码":"47","中文名称":"鹄西素攀县","泰文名称":"โคกศรีสุพรรณ","英文名称":"Khok Si Suphan","中文显示名":"鹄西素攀县","中文名状态":"Wikidata已有中文名","边界状态":"可绘制","边界文件":"泰国_ADM2_县区边界.geojson","边界要素ID":"TH4715","边界坐标系":"WGS84 / EPSG:4326","边界数据时点":"2019-02-21","Google原生边界支持":"泰国不支持ADM2","Google地图绘制方式":"加载本GeoJSON到Google Maps Data图层","边界来源":"RTSD/OCHA衍生简化边界（canonical package）"},"geometry":{"type":"Polygon","coordinates":[[[104.32718941900004,17.130615308000074],[104.19645184300003,17.017549090000045],[104.26677734500004,16.920423208000045],[104.39668693900006,17.034422492000033],[104.36236801700005,17.099424466000073],[104.32718941900004,17.130615308000074]]]}},{"type":"Feature","id":"TH2708","properties":{"国家代码":"TH","行政层级":2,"行政层级中文":"县/曼谷区","行政区代码":"2708","上级行政区代码":"27","中文名称":"鹄颂县","泰文名称":"โคกสูง","英文名称":"Khok Sung","中文显示名":"鹄颂县","中文名状态":"Wikidata已有中文名","边界状态":"可绘制","边界文件":"泰国_ADM2_县区边界.geojson","边界要素ID":"TH2708","边界坐标系":"WGS84 / EPSG:4326","边界数据时点":"2019-02-21","Google原生边界支持":"泰国不支持ADM2","Google地图绘制方式":"加载本GeoJSON到Google Maps Data图层","边界来源":"RTSD/OCHA衍生简化边界（canonical package）"},"geometry":{"type":"Polygon","coordinates":[[[102.76691925000006,13.856680745000062],[102.58167971800003,13.946299639000074],[102.53279106000008,13.939703628000075],[102.53561054700003,13.853028958000039],[102.65559819200007,13.736479140000029],[102.76691925000006,13.856680745000062]]]}},{"type":"Feature","id":"TH3002","properties":{"国家代码":"TH","行政层级":2,"行政层级中文":"县/曼谷区","行政区代码":"3002","上级行政区代码":"30","中文名称":"坤武里县","泰文名称":"ครบุรี","英文名称":"Khon Buri","中文显示名":"坤武里县","中文名状态":"Wikidata已有中文名","边界状态":"可绘制","边界文件":"泰国_ADM2_县区边界.geojson","边界要素ID":"TH3002","边界坐标系":"WGS84 / EPSG:4326","边界数据时点":"2019-02-21","Google原生边界支持":"泰国不支持ADM2","Google地图绘制方式":"加载本GeoJSON到Google Maps Data图层","边界来源":"RTSD/OCHA衍生简化边界（canonical package）"},"geometry":{"type":"Polygon","coordinates":[[[102.27010664500006,14.61342772100005],[102.17097929200008,14.592144570000073],[102.13110154300006,14.639915644000041],[102.04732133500005,14.545312240000044],[102.06602455000007,14.348795825000025],[101.96655498700005,14.227819210000064],[102.10620592600009,14.151759132000052],[102.32595634700004,14.128397520000021],[102.35926664400006,14.165854786000068],[102.38028930300004,14.468458892000058],[102.43141045800007,14.591941144000032],[102.27010664500006,14.61342772100005]]]}},{"type":"Feature","id":"TH3613","properties":{"国家代码":"TH","行政层级":2,"行政层级中文":"县/曼谷区","行政区代码":"3613","上级行政区代码":"36","中文名称":"空珊县","泰文名称":"คอนสาร","英文名称":"Khon San","中文显示名":"空珊县","中文名状态":"Wikidata已有中文名","边界状态":"可绘制","边界文件":"泰国_ADM2_县区边界.geojson","边界要素ID":"TH3613","边界坐标系":"WGS84 / EPSG:4326","边界数据时点":"2019-02-21","Google原生边界支持":"泰国不支持ADM2","Google地图绘制方式":"加载本GeoJSON到Google Maps Data图层","边界来源":"RTSD/OCHA衍生简化边界（canonical package）"},"geometry":{"type":"Polygon","coordinates":[[[101.75081656800006,16.667821305000075],[101.61886921000007,16.685437037000042],[101.55324888200005,16.727594218000036],[101.57174879700005,16.648255541000026],[101.51342721600008,16.68113119700007],[101.49874710000006,16.579158866000057],[101.44948499900005,16.452124240000046],[101.55855903600008,16.38071990000003],[101.67585846600008,16.42292119700005],[101.74874755700006,16.48424247300005],[101.90360381900007,16.494680105000043],[101.96688054100008,16.46672760000007],[102.06732343900006,16.494557591000046],[101.95491019400004,16.630265923000024],[101.75081656800006,16.667821305000075]]]}},{"type":"Feature","id":"TH3603","properties":{"国家代码":"TH","行政层级":2,"行政层级中文":"县/曼谷区","行政区代码":"3603","上级行政区代码":"36","中文名称":"坤沙万县","泰文名称":"คอนสวรรค์","英文名称":"Khon Sawan","中文显示名":"坤沙万县","中文名状态":"Wikidata已有中文名","边界状态":"可绘制","边界文件":"泰国_ADM2_县区边界.geojson","边界要素ID":"TH3603","边界坐标系":"WGS84 / EPSG:4326","边界数据时点":"2019-02-21","Google原生边界支持":"泰国不支持ADM2","Google地图绘制方式":"加载本GeoJSON到Google Maps Data图层","边界来源":"RTSD/OCHA衍生简化边界（canonical package）"},"geometry":{"type":"Polygon","coordinates":[[[102.38520413200007,15.985892602000035],[102.27991297900007,16.072024037000062],[102.14122659900005,15.981694377000053],[102.25253649500007,15.77028069000005],[102.32756241300007,15.803414540000063],[102.35336161300006,15.90084683200007],[102.38520413200007,15.985892602000035]]]}},{"type":"Feature","id":"TH3004","properties":{"国家代码":"TH","行政层级":2,"行政层级中文":"县/曼谷区","行政区代码":"3004","上级行政区代码":"30","中文名称":"空县","泰文名称":"คง","英文名称":"Khong","中文显示名":"空县","中文名状态":"Wikidata已有中文名","边界状态":"可绘制","边界文件":"泰国_ADM2_县区边界.geojson","边界要素ID":"TH3004","边界坐标系":"WGS84 / EPSG:4326","边界数据时点":"2019-02-21","Google原生边界支持":"泰国不支持ADM2","Google地图绘制方式":"加载本GeoJSON到Google Maps Data图层","边界来源":"RTSD/OCHA衍生简化边界（canonical package）"},"geometry":{"type":"Polygon","coordinates":[[[102.47012539300005,15.458754339000052],[102.24704427100005,15.547412526000073],[102.21669555100004,15.51903010600006],[102.11219400500005,15.542475077000063],[102.03306332200003,15.501768955000045],[102.00999897700007,15.458219990000032],[102.04402137200003,15.41502065000003],[102.22675005800005,15.466171531000043],[102.29091992200006,15.371092875000045],[102.37569557700004,15.361231468000028],[102.34656132000003,15.279489442000056],[102.41841199000004,15.273013444000071],[102.52772232900008,15.37213117400006],[102.46110833000006,15.412414548000072],[102.47012539300005,15.458754339000052]]]}},{"type":"Feature","id":"TH4618","properties":{"国家代码":"TH","行政层级":2,"行政层级中文":"县/曼谷区","行政区代码":"4618","上级行政区代码":"46","中文名称":"孔猜县","泰文名称":"ฆ้องชัย","英文名称":"Khong Chai","中文显示名":"孔猜县","中文名状态":"Wikidata已有中文名","边界状态":"可绘制","边界文件":"泰国_ADM2_县区边界.geojson","边界要素ID":"TH4618","边界坐标系":"WGS84 / EPSG:4326","边界数据时点":"2019-02-21","Google原生边界支持":"泰国不支持ADM2","Google地图绘制方式":"加载本GeoJSON到Google Maps Data图层","边界来源":"RTSD/OCHA衍生简化边界（canonical package）"},"geometry":{"type":"Polygon","coordinates":[[[103.51734391600007,16.342842748000066],[103.51051311600008,16.34065643100007],[103.41107347500008,16.28600246900004],[103.41490269100007,16.238991613000053],[103.50228135300006,16.199650546000044],[103.54787464000003,16.213760356000023],[103.53677590500007,16.263250447000075],[103.45254611000007,16.276691705000076],[103.51734391600007,16.342842748000066]]]}},{"type":"Feature","id":"TH3403","properties":{"国家代码":"TH","行政层级":2,"行政层级中文":"县/曼谷区","行政区代码":"3403","上级行政区代码":"34","中文名称":"孔坚县","泰文名称":"โขงเจียม","英文名称":"Khong Chiam","中文显示名":"孔坚县","中文名状态":"Wikidata已有中文名","边界状态":"可绘制","边界文件":"泰国_ADM2_县区边界.geojson","边界要素ID":"TH3403","边界坐标系":"WGS84 / EPSG:4326","边界数据时点":"2019-02-21","Google原生边界支持":"泰国不支持ADM2","Google地图绘制方式":"加载本GeoJSON到Google Maps Data图层","边界来源":"RTSD/OCHA衍生简化边界（canonical package）"},"geometry":{"type":"Polygon","coordinates":[[[105.55578297100004,15.25819535900007],[105.57422098600006,15.32852804600003],[105.50387060200006,15.315858220000052],[105.49295751600005,15.385804741000072],[105.59170558100004,15.42543196500003],[105.63217845000008,15.667035535000025],[105.42158239300005,15.519584304000034],[105.40159449700008,15.379827631000069],[105.34450073800008,15.370926245000078],[105.37071112400008,15.296495742000047],[105.43976369500007,15.265718751000065],[105.46855100500005,15.303586593000034],[105.55578297100004,15.25819535900007]]]}},{"type":"Feature","id":"TH3102","properties":{"国家代码":"TH","行政层级":2,"行政层级中文":"县/曼谷区","行政区代码":"3102","上级行政区代码":"31","中文名称":"库芒县","泰文名称":"คูเมือง","英文名称":"Khu Mueang","中文显示名":"库芒县","中文名状态":"Wikidata已有中文名","边界状态":"可绘制","边界文件":"泰国_ADM2_县区边界.geojson","边界要素ID":"TH3102","边界坐标系":"WGS84 / EPSG:4326","边界数据时点":"2019-02-21","Google原生边界支持":"泰国不支持ADM2","Google地图绘制方式":"加载本GeoJSON到Google Maps Data图层","边界来源":"RTSD/OCHA衍生简化边界（canonical package）"},"geometry":{"type":"Polygon","coordinates":[[[103.10012702700004,15.432799791000036],[103.01006928900006,15.436508616000026],[102.95509740300008,15.38273395300007],[102.97447043200003,15.206800806000047],[103.02025817800006,15.196324473000061],[102.98301710300007,15.112305002000028],[103.12904484800004,15.137878424000064],[103.13448143100004,15.239637431000062],[103.03209656500007,15.255428429000062],[103.10666513500007,15.409391000000028],[103.10012702700004,15.432799791000036]]]}},{"type":"Feature","id":"TH9102","properties":{"国家代码":"TH","行政层级":2,"行政层级中文":"县/曼谷区","行政区代码":"9102","上级行政区代码":"91","中文名称":"宽东县","泰文名称":"ควนโดน","英文名称":"Khuan Don","中文显示名":"宽东县","中文名状态":"Wikidata已有中文名","边界状态":"可绘制","边界文件":"泰国_ADM2_县区边界.geojson","边界要素ID":"TH9102","边界坐标系":"WGS84 / EPSG:4326","边界数据时点":"2019-02-21","Google原生边界支持":"泰国不支持ADM2","Google地图绘制方式":"加载本GeoJSON到Google Maps Data图层","边界来源":"RTSD/OCHA衍生简化边界（canonical package）"},"geometry":{"type":"Polygon","coordinates":[[[100.19162110800005,6.8089398780000465],[99.99777560300004,6.820610975000022],[100.00692025700005,6.805332878000058],[100.07845689000004,6.72361230000007],[100.17914878200008,6.683107481000036],[100.20442080600009,6.726748106000059],[100.19162110800005,6.8089398780000465]]]}},{"type":"Feature","id":"TH9103","properties":{"国家代码":"TH","行政层级":2,"行政层级中文":"县/曼谷区","行政区代码":"9103","上级行政区代码":"91","中文名称":"宽加隆县","泰文名称":"ควนกาหลง","英文名称":"Khuan Kalong","中文显示名":"宽加隆县","中文名状态":"Wikidata已有中文名","边界状态":"可绘制","边界文件":"泰国_ADM2_县区边界.geojson","边界要素ID":"TH9103","边界坐标系":"WGS84 / EPSG:4326","边界数据时点":"2019-02-21","Google原生边界支持":"泰国不支持ADM2","Google地图绘制方式":"加载本GeoJSON到Google Maps Data图层","边界来源":"RTSD/OCHA衍生简化边界（canonical package）"},"geometry":{"type":"Polygon","coordinates":[[[100.05721977100006,7.10757965800002],[100.02822832700008,7.090332414000045],[99.99216811600007,7.066927777000046],[99.98014736600004,6.945817921000071],[99.86516198900006,6.911719468000058],[99.88314800800003,6.869423793000067],[99.95393715100005,6.88074651200003],[99.99777560300004,6.820610975000022],[100.19162110800005,6.8089398780000465],[100.20589952500006,6.841822556000068],[100.21070776000005,6.846148592000077],[100.20716119800005,6.8957554890000665],[100.12174551000004,6.923864598000023],[100.06347967200008,7.017114919000051],[100.05721977100006,7.10757965800002]]]}},{"type":"Feature","id":"TH9305","properties":{"国家代码":"TH","行政层级":2,"行政层级中文":"县/曼谷区","行政区代码":"9305","上级行政区代码":"93","中文名称":"宽卡暖县","泰文名称":"ควนขนุน","英文名称":"Khuan Khanun","中文显示名":"宽卡暖县","中文名状态":"Wikidata已有中文名","边界状态":"可绘制","边界文件":"泰国_ADM2_县区边界.geojson","边界要素ID":"TH9305","边界坐标系":"WGS84 / EPSG:4326","边界数据时点":"2019-02-21","Google原生边界支持":"泰国不支持ADM2","Google地图绘制方式":"加载本GeoJSON到Google Maps Data图层","边界来源":"RTSD/OCHA衍生简化边界（canonical package）"},"geometry":{"type":"Polygon","coordinates":[[[100.17749518400007,7.876479127000039],[100.05595702700003,7.838055458000042],[99.98509613100003,7.862672904000021],[99.93059818200004,7.791360144000066],[99.90613665200004,7.689193187000058],[99.97737852000006,7.643030363000037],[99.98717770000007,7.638339728000062],[100.05383897100006,7.656342712000026],[100.13531120500005,7.737985141000024],[100.21843506600004,7.712163715000031],[100.17749518400007,7.876479127000039]]]}},{"type":"Feature","id":"TH9013","properties":{"国家代码":"TH","行政层级":2,"行政层级中文":"县/曼谷区","行政区代码":"9013","上级行政区代码":"90","中文名称":"宽娘县","泰文名称":"ควนเนียง","英文名称":"Khuan Niang","中文显示名":"宽娘县","中文名状态":"Wikidata已有中文名","边界状态":"可绘制","边界文件":"泰国_ADM2_县区边界.geojson","边界要素ID":"TH9013","边界坐标系":"WGS84 / EPSG:4326","边界数据时点":"2019-02-21","Google原生边界支持":"泰国不支持ADM2","Google地图绘制方式":"加载本GeoJSON到Google Maps Data图层","边界来源":"RTSD/OCHA衍生简化边界（canonical package）"},"geometry":{"type":"Polygon","coordinates":[[[100.40863688100006,7.265361569000049],[100.37861960200007,7.301389120000067],[100.31673402100006,7.231349110000053],[100.33202769700006,7.087845737000066],[100.40688719200006,7.090765059000034],[100.46220998500007,7.187041116000046],[100.40863688100006,7.265361569000049]]]}},{"type":"Feature","id":"TH3404","properties":{"国家代码":"TH","行政层级":2,"行政层级中文":"县/曼谷区","行政区代码":"3404","上级行政区代码":"34","中文名称":"匡奈县","泰文名称":"เขื่องใน","英文名称":"Khueang Nai","中文显示名":"匡奈县","中文名状态":"Wikidata已有中文名","边界状态":"可绘制","边界文件":"泰国_ADM2_县区边界.geojson","边界要素ID":"TH3404","边界坐标系":"WGS84 / EPSG:4326","边界数据时点":"2019-02-21","Google原生边界支持":"泰国不支持ADM2","Google地图绘制方式":"加载本GeoJSON到Google Maps Data图层","边界来源":"RTSD/OCHA衍生简化边界（canonical package）"},"geometry":{"type":"Polygon","coordinates":[[[104.56611250600008,15.556378805000065],[104.51201416400005,15.563932335000061],[104.38591622300004,15.53625071700003],[104.37230066800004,15.457492201000036],[104.44693956800006,15.343577684000024],[104.40672898900004,15.289305787000046],[104.48280729500004,15.267853125000045],[104.60910997300005,15.282055916000047],[104.69044941200008,15.22524984100005],[104.70870559600007,15.30596637800005],[104.68685693000003,15.391688831000067],[104.56611250600008,15.556378805000065]]]}},{"type":"Feature","id":"TH3305","properties":{"国家代码":"TH","行政层级":2,"行政层级中文":"县/曼谷区","行政区代码":"3305","上级行政区代码":"33","中文名称":"库坎县","泰文名称":"ขุขันธ์","英文名称":"Khukhan","中文显示名":"库坎县","中文名状态":"Wikidata已有中文名","边界状态":"可绘制","边界文件":"泰国_ADM2_县区边界.geojson","边界要素ID":"TH3305","边界坐标系":"WGS84 / EPSG:4326","边界数据时点":"2019-02-21","Google原生边界支持":"泰国不支持ADM2","Google地图绘制方式":"加载本GeoJSON到Google Maps Data图层","边界来源":"RTSD/OCHA衍生简化边界（canonical package）"},"geometry":{"type":"Polygon","coordinates":[[[104.29340360800006,14.887320812000041],[104.13756972200008,14.899961311000027],[104.12815984300005,14.773725114000058],[103.99938704300007,14.747853317000022],[104.00414033100009,14.72095702100006],[104.05103883600003,14.63684904300004],[104.05727489400005,14.621943053000052],[104.19187901900005,14.630616289000045],[104.24778494900005,14.579368871000042],[104.25567640700007,14.501712797000039],[104.28811152400004,14.516130834000023],[104.31333778200008,14.648453262000032],[104.29340360800006,14.887320812000041]]]}},{"type":"Feature","id":"TH3308","properties":{"国家代码":"TH","行政层级":2,"行政层级中文":"县/曼谷区","行政区代码":"3308","上级行政区代码":"33","中文名称":"坤汉县","泰文名称":"ขุนหาญ","英文名称":"Khun Han","中文显示名":"坤汉县","中文名状态":"Wikidata已有中文名","边界状态":"可绘制","边界文件":"泰国_ADM2_县区边界.geojson","边界要素ID":"TH3308","边界坐标系":"WGS84 / EPSG:4326","边界数据时点":"2019-02-21","Google原生边界支持":"泰国不支持ADM2","Google地图绘制方式":"加载本GeoJSON到Google Maps Data图层","边界来源":"RTSD/OCHA衍生简化边界（canonical package）"},"geometry":{"type":"Polygon","coordinates":[[[104.49824920000003,14.373393718000045],[104.49270048600005,14.482248801000026],[104.53732497600004,14.543060212000057],[104.54250706800008,14.680991033000055],[104.48849831300004,14.749871528000028],[104.41469778900006,14.736067603000038],[104.39565505300004,14.68291679300006],[104.31333778200008,14.648453262000032],[104.28811152400004,14.516130834000023],[104.25567640700007,14.501712797000039],[104.27679124200006,14.408464510000044],[104.33387835100007,14.36862949600004],[104.47343424200005,14.346903463000046],[104.49824920000003,14.373393718000045]]]}},{"type":"Feature","id":"TH5714","properties":{"国家代码":"TH","行政层级":2,"行政层级中文":"县/曼谷区","行政区代码":"5714","上级行政区代码":"57","中文名称":"坤丹县","泰文名称":"ขุนตาล","英文名称":"Khun Tan","中文显示名":"坤丹县","中文名状态":"Wikidata已有中文名","边界状态":"可绘制","边界文件":"泰国_ADM2_县区边界.geojson","边界要素ID":"TH5714","边界坐标系":"WGS84 / EPSG:4326","边界数据时点":"2019-02-21","Google原生边界支持":"泰国不支持ADM2","Google地图绘制方式":"加载本GeoJSON到Google Maps Data图层","边界来源":"RTSD/OCHA衍生简化边界（canonical package）"},"geometry":{"type":"Polygon","coordinates":[[[100.37218809500007,19.95353691400004],[100.25661406000006,19.98802461500003],[100.26248204700005,19.915520530000038],[100.17358544400008,19.807332177000035],[100.25532876600005,19.76264472400004],[100.34248123800006,19.873537030000023],[100.37218809500007,19.95353691400004]]]}},{"type":"Feature","id":"TH5802","properties":{"国家代码":"TH","行政层级":2,"行政层级中文":"县/曼谷区","行政区代码":"5802","上级行政区代码":"58","中文名称":"坤荣县","泰文名称":"ขุนยวม","英文名称":"Khun Yuam","中文显示名":"坤荣县","中文名状态":"Wikidata已有中文名","边界状态":"可绘制","边界文件":"泰国_ADM2_县区边界.geojson","边界要素ID":"TH5802","边界坐标系":"WGS84 / EPSG:4326","边界数据时点":"2019-02-21","Google原生边界支持":"泰国不支持ADM2","Google地图绘制方式":"加载本GeoJSON到Google Maps Data图层","边界来源":"RTSD/OCHA衍生简化边界（canonical package）"},"geometry":{"type":"Polygon","coordinates":[[[97.82909559600006,19.09168020900006],[97.73563011900006,19.040448266000055],[97.73892295100006,18.980453316000023],[97.66609186100004,18.937274820000027],[97.73715099600008,18.886638146000053],[97.77385469000006,18.689275061000046],[97.77147838000008,18.599235657000065],[97.96551256200007,18.617403977000038],[98.10480502500008,18.67702553600003],[98.07959711400008,18.817492625000057],[98.10626124800007,18.885460613000078],[98.15664094200008,18.936987738000028],[98.05431725400007,18.97192965200003],[97.95650671200008,18.965717133000055],[97.82909559600006,19.09168020900006]]]}},{"type":"Feature","id":"TH8206","properties":{"国家代码":"TH","行政层级":2,"行政层级中文":"县/曼谷区","行政区代码":"8206","上级行政区代码":"82","中文名称":"库拉布里县","泰文名称":"คุระบุรี","英文名称":"Khura Buri","中文显示名":"库拉布里县","中文名状态":"Wikidata已有中文名","边界状态":"可绘制","边界文件":"泰国_ADM2_县区边界.geojson","边界要素ID":"TH8206","边界坐标系":"WGS84 / EPSG:4326","边界数据时点":"2019-02-21","Google原生边界支持":"泰国不支持ADM2","Google地图绘制方式":"加载本GeoJSON到Google Maps Data图层","边界来源":"RTSD/OCHA衍生简化边界（canonical package）"},"geometry":{"type":"MultiPolygon","coordinates":[[[[98.28935407500006,9.167469965000066],[98.25008612700003,9.127515751000033],[98.24698939800004,9.031612111000072],[98.33432044900007,9.080073038000023],[98.28935407500006,9.167469965000066]]],[[[98.50606009400008,9.308902024000076],[98.39046793200004,9.332189766000056],[98.31628922800007,9.19331777800005],[98.36679237100009,9.069483913000056],[98.31925631800004,9.030855505000034],[98.36040784400006,8.994389885000032],[98.44309888900005,8.945222037000065],[98.50576182000003,8.983124392000036],[98.47516258000007,9.044499916000063],[98.49310698800008,9.187030801000049],[98.52499958200008,9.235326385000064],[98.50606009400008,9.308902024000076]]]]}},{"type":"Feature","id":"TH3216","properties":{"国家代码":"TH","行政层级":2,"行政层级中文":"县/曼谷区","行政区代码":"3216","上级行政区代码":"32","中文名称":"考锡那林县","泰文名称":"เขวาสินรินทร์","英文名称":"Khwao Sinarin","中文显示名":"考锡那林县","中文名状态":"Wikidata已有中文名","边界状态":"可绘制","边界文件":"泰国_ADM2_县区边界.geojson","边界要素ID":"TH3216","边界坐标系":"WGS84 / EPSG:4326","边界数据时点":"2019-02-21","Google原生边界支持":"泰国不支持ADM2","Google地图绘制方式":"加载本GeoJSON到Google Maps Data图层","边界来源":"RTSD/OCHA衍生简化边界（canonical package）"},"geometry":{"type":"Polygon","coordinates":[[[103.67175402400005,15.045707458000038],[103.58844161200005,15.088104835000024],[103.53861080000007,14.977608533000023],[103.66142968400004,14.94776636000006],[103.67175402400005,15.045707458000038]]]}},{"type":"Feature","id":"TH2103","properties":{"国家代码":"TH","行政层级":2,"行政层级中文":"县/曼谷区","行政区代码":"2103","上级行政区代码":"21","中文名称":"格灵县","泰文名称":"แกลง","英文名称":"Klaeng","中文显示名":"格灵县","中文名状态":"Wikidata已有中文名","边界状态":"可绘制","边界文件":"泰国_ADM2_县区边界.geojson","边界要素ID":"TH2103","边界坐标系":"WGS84 / EPSG:4326","边界数据时点":"2019-02-21","Google原生边界支持":"泰国不支持ADM2","Google地图绘制方式":"加载本GeoJSON到Google Maps Data图层","边界来源":"RTSD/OCHA衍生简化边界（canonical package）"},"geometry":{"type":"Polygon","coordinates":[[[101.80987500700007,12.88486354500003],[101.73903266300005,12.833330571000033],[101.68478249200007,12.899297147000027],[101.63966043200008,12.879583411000056],[101.61180439000003,12.981717566000043],[101.56852229600008,12.978845657000022],[101.60234557700005,12.872909953000033],[101.50614350200004,12.848644683000032],[101.52623084100009,12.766338980000057],[101.51170888500008,12.63136757500007],[101.64585009000007,12.642343019000066],[101.67165211800005,12.683859351000024],[101.78435838500008,12.69319157600006],[101.82867456200006,12.83601886300005],[101.80987500700007,12.88486354500003]]]}},{"type":"Feature","id":"TH2011","properties":{"国家代码":"TH","行政层级":2,"行政层级中文":"县/曼谷区","行政区代码":"2011","上级行政区代码":"20","中文名称":"珍岛县","泰文名称":"เกาะจันทร์","英文名称":"Ko Chan","中文显示名":"珍岛县","中文名状态":"Wikidata已有中文名","边界状态":"可绘制","边界文件":"泰国_ADM2_县区边界.geojson","边界要素ID":"TH2011","边界坐标系":"WGS84 / EPSG:4326","边界数据时点":"2019-02-21","Google原生边界支持":"泰国不支持ADM2","Google地图绘制方式":"加载本GeoJSON到Google Maps Data图层","边界来源":"RTSD/OCHA衍生简化边界（canonical package）"},"geometry":{"type":"Polygon","coordinates":[[[101.48993617900004,13.444633272000033],[101.36691785300007,13.463661057000024],[101.27108381700003,13.417208517000063],[101.28082290600008,13.348302700000033],[101.41467622000005,13.372052358000076],[101.47265274400007,13.348668857000064],[101.54730617200005,13.386258334000047],[101.48993617900004,13.444633272000033]]]}},{"type":"Feature","id":"TH2307","properties":{"国家代码":"TH","行政层级":2,"行政层级中文":"县/曼谷区","行政区代码":"2307","上级行政区代码":"23","中文名称":"象岛","泰文名称":"เกาะช้าง","英文名称":"Ko Chang","中文显示名":"象岛","中文名状态":"Wikidata已有中文名","边界状态":"可绘制","边界文件":"泰国_ADM2_县区边界.geojson","边界要素ID":"TH2307","边界坐标系":"WGS84 / EPSG:4326","边界数据时点":"2019-02-21","Google原生边界支持":"泰国不支持ADM2","Google地图绘制方式":"加载本GeoJSON到Google Maps Data图层","边界来源":"RTSD/OCHA衍生简化边界（canonical package）"},"geometry":{"type":"Polygon","coordinates":[[[102.25175454300006,12.156834786000047],[102.29412448900007,11.982220608000034],[102.44660629100008,11.976261495000074],[102.35571187200009,12.108395469000072],[102.25175454300006,12.156834786000047]]]}},{"type":"Feature","id":"TH5203","properties":{"国家代码":"TH","行政层级":2,"行政层级中文":"县/曼谷区","行政区代码":"5203","上级行政区代码":"52","中文名称":"阁卡县","泰文名称":"เกาะคา","英文名称":"Ko Kha","中文显示名":"阁卡县","中文名状态":"Wikidata已有中文名","边界状态":"可绘制","边界文件":"泰国_ADM2_县区边界.geojson","边界要素ID":"TH5203","边界坐标系":"WGS84 / EPSG:4326","边界数据时点":"2019-02-21","Google原生边界支持":"泰国不支持ADM2","Google地图绘制方式":"加载本GeoJSON到Google Maps Data图层","边界来源":"RTSD/OCHA衍生简化边界（canonical package）"},"geometry":{"type":"Polygon","coordinates":[[[99.40542319800005,18.264618776000077],[99.28772714200005,18.29229800300004],[99.21728568000003,18.189827887000035],[99.30243505900006,18.08269098200003],[99.27434931000005,17.98262863900004],[99.42184271400004,18.007084433000045],[99.42766282400004,18.18984746700005],[99.40542319800005,18.264618776000077]]]}},{"type":"Feature","id":"TH2306","properties":{"国家代码":"TH","行政层级":2,"行政层级中文":"县/曼谷区","行政区代码":"2306","上级行政区代码":"23","中文名称":"骨岛县","泰文名称":"เกาะกูด","英文名称":"Ko Kut","中文显示名":"骨岛县","中文名状态":"Wikidata已有中文名","边界状态":"可绘制","边界文件":"泰国_ADM2_县区边界.geojson","边界要素ID":"TH2306","边界坐标系":"WGS84 / EPSG:4326","边界数据时点":"2019-02-21","Google原生边界支持":"泰国不支持ADM2","Google地图绘制方式":"加载本GeoJSON到Google Maps Data图层","边界来源":"RTSD/OCHA衍生简化边界（canonical package）"},"geometry":{"type":"Polygon","coordinates":[[[102.55521934500007,11.760885851000069],[102.52683747100008,11.60414044600003],[102.59401353300007,11.563002815000061],[102.60844206600007,11.689084360000038],[102.55521934500007,11.760885851000069]]]}},{"type":"Feature","id":"TH8103","properties":{"国家代码":"TH","行政层级":2,"行政层级中文":"县/曼谷区","行政区代码":"8103","上级行政区代码":"81","中文名称":"阁兰大县","泰文名称":"เกาะลันตา","英文名称":"Ko Lanta","中文显示名":"阁兰大县","中文名状态":"Wikidata已有中文名","边界状态":"可绘制","边界文件":"泰国_ADM2_县区边界.geojson","边界要素ID":"TH8103","边界坐标系":"WGS84 / EPSG:4326","边界数据时点":"2019-02-21","Google原生边界支持":"泰国不支持ADM2","Google地图绘制方式":"加载本GeoJSON到Google Maps Data图层","边界来源":"RTSD/OCHA衍生简化边界（canonical package）"},"geometry":{"type":"MultiPolygon","coordinates":[[[[99.06986650600004,7.687463692000051],[99.02450748100006,7.644529259000024],[99.06970168800007,7.4965589520000435],[99.11001394000004,7.498149979000061],[99.08017837600005,7.597908360000076],[99.12489308800008,7.6088690520000455],[99.06986650600004,7.687463692000051]]],[[[99.13719257100007,7.752327583000067],[99.12912653400008,7.816705915000057],[99.06385040500004,7.854255712000054],[99.01824461500007,7.8170253810000645],[99.04141601400005,7.7029293500000335],[99.13719257100007,7.752327583000067]]]]}},{"type":"Feature","id":"TH8405","properties":{"国家代码":"TH","行政层级":2,"行政层级中文":"县/曼谷区","行政区代码":"8405","上级行政区代码":"84","中文名称":"帕岸岛","泰文名称":"เกาะพะงัน","英文名称":"Ko Pha-Ngan","中文显示名":"帕岸岛","中文名状态":"Wikidata已有中文名","边界状态":"可绘制","边界文件":"泰国_ADM2_县区边界.geojson","边界要素ID":"TH8405","边界坐标系":"WGS84 / EPSG:4326","边界数据时点":"2019-02-21","Google原生边界支持":"泰国不支持ADM2","Google地图绘制方式":"加载本GeoJSON到Google Maps Data图层","边界来源":"RTSD/OCHA衍生简化边界（canonical package）"},"geometry":{"type":"Polygon","coordinates":[[[100.02706762900004,9.803976489000036],[99.96712226500006,9.785665649000066],[99.98134237700003,9.713225215000023],[100.07013285700003,9.666376016000072],[100.08098365900008,9.733617374000062],[100.02706762900004,9.803976489000036]]]}},{"type":"Feature","id":"TH8404","properties":{"国家代码":"TH","行政层级":2,"行政层级中文":"县/曼谷区","行政区代码":"8404","上级行政区代码":"84","中文名称":"沙湄岛","泰文名称":"เกาะสมุย","英文名称":"Ko Samui","中文显示名":"沙湄岛","中文名状态":"Wikidata已有中文名","边界状态":"可绘制","边界文件":"泰国_ADM2_县区边界.geojson","边界要素ID":"TH8404","边界坐标系":"WGS84 / EPSG:4326","边界数据时点":"2019-02-21","Google原生边界支持":"泰国不支持ADM2","Google地图绘制方式":"加载本GeoJSON到Google Maps Data图层","边界来源":"RTSD/OCHA衍生简化边界（canonical package）"},"geometry":{"type":"Polygon","coordinates":[[[100.06912146700006,9.593519050000054],[99.91518198000006,9.57072648600007],[99.93518395900008,9.425616648000073],[100.01726832900005,9.424107762000062],[100.09059191200004,9.569997755000031],[100.06912146700006,9.593519050000054]]]}},{"type":"Feature","id":"TH2008","properties":{"国家代码":"TH","行政层级":2,"行政层级中文":"县/曼谷区","行政区代码":"2008","上级行政区代码":"20","中文名称":"錫江島","泰文名称":"เกาะสีชัง","英文名称":"Ko Sichang","中文显示名":"錫江島","中文名状态":"Wikidata已有中文名","边界状态":"可绘制","边界文件":"泰国_ADM2_县区边界.geojson","边界要素ID":"TH2008","边界坐标系":"WGS84 / EPSG:4326","边界数据时点":"2019-02-21","Google原生边界支持":"泰国不支持ADM2","Google地图绘制方式":"加载本GeoJSON到Google Maps Data图层","边界来源":"RTSD/OCHA衍生简化边界（canonical package）"},"geometry":{"type":"Polygon","coordinates":[[[100.80820242400006,13.178916456000024],[100.80938765100007,13.125110997000036],[100.81978541100005,13.138664687000073],[100.80820242400006,13.178916456000024]]]}},{"type":"Feature","id":"TH8202","properties":{"国家代码":"TH","行政层级":2,"行政层级中文":"县/曼谷区","行政区代码":"8202","上级行政区代码":"82","中文名称":"阁尧县","泰文名称":"เกาะยาว","英文名称":"Ko Yao","中文显示名":"阁尧县","中文名状态":"Wikidata已有中文名","边界状态":"可绘制","边界文件":"泰国_ADM2_县区边界.geojson","边界要素ID":"TH8202","边界坐标系":"WGS84 / EPSG:4326","边界数据时点":"2019-02-21","Google原生边界支持":"泰国不支持ADM2","Google地图绘制方式":"加载本GeoJSON到Google Maps Data图层","边界来源":"RTSD/OCHA衍生简化边界（canonical package）"},"geometry":{"type":"MultiPolygon","coordinates":[[[[98.53003387700005,8.114679035000051],[98.61157010200009,7.945187505000035],[98.59343659200005,8.07296896400004],[98.53003387700005,8.114679035000051]]],[[[98.63566938000008,8.186325194000062],[98.57853065800003,8.102295887000025],[98.61764920600007,8.080378341000028],[98.63566938000008,8.186325194000062]]]]}},{"type":"Feature","id":"TH6404","properties":{"国家代码":"TH","行政层级":2,"行政层级中文":"县/曼谷区","行政区代码":"6404","上级行政区代码":"64","中文名称":"贡盖拉县","泰文名称":"กงไกรลาศ","英文名称":"Kong Krailat","中文显示名":"贡盖拉县","中文名状态":"Wikidata已有中文名","边界状态":"可绘制","边界文件":"泰国_ADM2_县区边界.geojson","边界要素ID":"TH6404","边界坐标系":"WGS84 / EPSG:4326","边界数据时点":"2019-02-21","Google原生边界支持":"泰国不支持ADM2","Google地图绘制方式":"加载本GeoJSON到Google Maps Data图层","边界来源":"RTSD/OCHA衍生简化边界（canonical package）"},"geometry":{"type":"Polygon","coordinates":[[[100.11079455000004,16.914859313000022],[100.10094021100008,16.981741185000033],[99.98345560900003,17.082716039000047],[99.96611237800005,17.072688226000025],[99.94697931200005,17.001388079000037],[99.88840040000008,16.96921978100005],[99.84319914700006,16.87856596000006],[99.88953204700005,16.797662067000033],[99.94142898500007,16.863594789000047],[100.11079455000004,16.914859313000022]]]}},{"type":"Feature","id":"TH9302","properties":{"国家代码":"TH","行政层级":2,"行政层级中文":"县/曼谷区","行政区代码":"9302","上级行政区代码":"93","中文名称":"功拉县","泰文名称":"กงหรา","英文名称":"Kong Ra","中文显示名":"功拉县","中文名状态":"Wikidata已有中文名","边界状态":"可绘制","边界文件":"泰国_ADM2_县区边界.geojson","边界要素ID":"TH9302","边界坐标系":"WGS84 / EPSG:4326","边界数据时点":"2019-02-21","Google原生边界支持":"泰国不支持ADM2","Google地图绘制方式":"加载本GeoJSON到Google Maps Data图层","边界来源":"RTSD/OCHA衍生简化边界（canonical package）"},"geometry":{"type":"Polygon","coordinates":[[[100.01216805800004,7.439161881000075],[100.03059449800008,7.520546187000036],[99.98904785300005,7.5299198140000385],[99.85013342400003,7.47307356500005],[99.90384392200008,7.3471812780000505],[99.93986396200006,7.313511952000056],[100.01625690600008,7.356856351000033],[100.01216805800004,7.439161881000075]]]}},{"type":"Feature","id":"TH6211","properties":{"国家代码":"TH","行政层级":2,"行政层级中文":"县/曼谷区","行政区代码":"6211","上级行政区代码":"62","中文名称":"戈沙披那空县","泰文名称":"โกสัมพีนคร","英文名称":"Kosamphi Nakhon","中文显示名":"戈沙披那空县","中文名状态":"Wikidata已有中文名","边界状态":"可绘制","边界文件":"泰国_ADM2_县区边界.geojson","边界要素ID":"TH6211","边界坐标系":"WGS84 / EPSG:4326","边界数据时点":"2019-02-21","Google原生边界支持":"泰国不支持ADM2","Google地图绘制方式":"加载本GeoJSON到Google Maps Data图层","边界来源":"RTSD/OCHA衍生简化边界（canonical package）"},"geometry":{"type":"Polygon","coordinates":[[[99.38210142500009,16.69110298000004],[99.30551175900007,16.768682890000036],[99.27139435400005,16.684695316000045],[99.24053394900005,16.534145688000024],[99.18052218600008,16.532450109000024],[99.03384129200003,16.430375182000034],[99.03076961300007,16.421684413000037],[99.10310482300008,16.389985540000055],[99.11382182300008,16.443168971000034],[99.23670088100005,16.48398385300004],[99.32736251900008,16.533336332000033],[99.38408076400003,16.52266471400003],[99.47558694200006,16.564561282000057],[99.43633301800008,16.62300536600003],[99.36825822800006,16.633318356000075],[99.38210142500009,16.69110298000004]]]}},{"type":"Feature","id":"TH4403","properties":{"国家代码":"TH","行政层级":2,"行政层级中文":"县/曼谷区","行政区代码":"4403","上级行政区代码":"44","中文名称":"哥颂披柿县","泰文名称":"โกสุมพิสัย","英文名称":"Kosum Phisai","中文显示名":"哥颂披柿县","中文名状态":"Wikidata已有中文名","边界状态":"可绘制","边界文件":"泰国_ADM2_县区边界.geojson","边界要素ID":"TH4403","边界坐标系":"WGS84 / EPSG:4326","边界数据时点":"2019-02-21","Google原生边界支持":"泰国不支持ADM2","Google地图绘制方式":"加载本GeoJSON到Google Maps Data图层","边界来源":"RTSD/OCHA衍生简化边界（canonical package）"},"geometry":{"type":"Polygon","coordinates":[[[103.17321184300005,16.317382546000033],[103.08697827100008,16.365983374000052],[102.98359579600009,16.354282659000035],[102.94949736900008,16.43669864000003],[102.95012784000005,16.390235612000026],[102.85129636400006,16.28118932800004],[102.84615162200004,16.21793694300004],[102.84385778600006,16.150881351000066],[102.86763321300003,16.125375844000075],[103.00727493900007,16.104335313000036],[103.06963512400006,16.147063762000073],[103.11957694900008,16.17092438700007],[103.15083229400005,16.19581387900007],[103.17321184300005,16.317382546000033]]]}},{"type":"Feature","id":"TH8504","properties":{"国家代码":"TH","行政层级":2,"行政层级中文":"县/曼谷区","行政区代码":"8504","上级行政区代码":"85","中文名称":"克拉武里县","泰文名称":"กระบุรี","英文名称":"Kra Buri","中文显示名":"克拉武里县","中文名状态":"Wikidata已有中文名","边界状态":"可绘制","边界文件":"泰国_ADM2_县区边界.geojson","边界要素ID":"TH8504","边界坐标系":"WGS84 / EPSG:4326","边界数据时点":"2019-02-21","Google原生边界支持":"泰国不支持ADM2","Google地图绘制方式":"加载本GeoJSON到Google Maps Data图层","边界来源":"RTSD/OCHA衍生简化边界（canonical package）"},"geometry":{"type":"Polygon","coordinates":[[[98.88538062100008,10.784155464000037],[98.78100512400005,10.674929703000032],[98.81741548400004,10.547357828000031],[98.80016285000005,10.448692745000074],[98.75412044200004,10.39005970200003],[98.70614203700006,10.229022998000062],[98.87517524400005,10.204372397000043],[98.93712688900007,10.383918848000064],[98.89436265300009,10.482539815000052],[98.96260108900003,10.539589496000076],[98.96487011500005,10.605230603000052],[98.89433404200008,10.681598525000027],[98.88538062100008,10.784155464000037]]]}},{"type":"Feature","id":"TH4009","properties":{"国家代码":"TH","行政层级":2,"行政层级中文":"县/曼谷区","行政区代码":"4009","上级行政区代码":"40","中文名称":"格拉暖县","泰文名称":"กระนวน","英文名称":"Kranuan","中文显示名":"格拉暖县","中文名状态":"Wikidata已有中文名","边界状态":"可绘制","边界文件":"泰国_ADM2_县区边界.geojson","边界要素ID":"TH4009","边界坐标系":"WGS84 / EPSG:4326","边界数据时点":"2019-02-21","Google原生边界支持":"泰国不支持ADM2","Google地图绘制方式":"加载本GeoJSON到Google Maps Data图层","边界来源":"RTSD/OCHA衍生简化边界（canonical package）"},"geometry":{"type":"Polygon","coordinates":[[[103.17951094200004,16.78619587000003],[103.17507234100003,16.863453023000034],[103.09811585400007,16.912621710000053],[103.03591189200006,16.883807902000058],[103.00192928600006,16.864928680000048],[103.01437589500006,16.780345210000064],[102.98987140100007,16.634754620000024],[103.15048679000006,16.626500822000025],[103.15239866900004,16.643603950000056],[103.17136768500006,16.771122873000024],[103.17951094200004,16.78619587000003]]]}},{"type":"Feature","id":"TH9008","properties":{"国家代码":"TH","行政层级":2,"行政层级中文":"县/曼谷区","行政区代码":"9008","上级行政区代码":"90","中文名称":"卡塞辛县","泰文名称":"กระแสสินธุ์","英文名称":"Krasae Sin","中文显示名":"卡塞辛县","中文名状态":"Wikidata已有中文名","边界状态":"可绘制","边界文件":"泰国_ADM2_县区边界.geojson","边界要素ID":"TH9008","边界坐标系":"WGS84 / EPSG:4326","边界数据时点":"2019-02-21","Google原生边界支持":"泰国不支持ADM2","Google地图绘制方式":"加载本GeoJSON到Google Maps Data图层","边界来源":"RTSD/OCHA衍生简化边界（canonical package）"},"geometry":{"type":"Polygon","coordinates":[[[100.36796800600007,7.6141069410000455],[100.34309595900004,7.717612374000055],[100.22005766600006,7.695345519000057],[100.23331465400008,7.575677573000064],[100.27306896200008,7.496562275000031],[100.35568193400007,7.5278199140000766],[100.36796800600007,7.6141069410000455]]]}},{"type":"Feature","id":"TH3103","properties":{"国家代码":"TH","行政层级":2,"行政层级中文":"县/曼谷区","行政区代码":"3103","上级行政区代码":"31","中文名称":"甲桑县","泰文名称":"กระสัง","英文名称":"Krasang","中文显示名":"甲桑县","中文名状态":"Wikidata已有中文名","边界状态":"可绘制","边界文件":"泰国_ADM2_县区边界.geojson","边界要素ID":"TH3103","边界坐标系":"WGS84 / EPSG:4326","边界数据时点":"2019-02-21","Google原生边界支持":"泰国不支持ADM2","Google地图绘制方式":"加载本GeoJSON到Google Maps Data图层","边界来源":"RTSD/OCHA衍生简化边界（canonical package）"},"geometry":{"type":"Polygon","coordinates":[[[103.42724398100006,15.115589197000077],[103.32588145700004,15.099509839000063],[103.28605615600009,15.074018919000025],[103.26345359600003,14.966579897000031],[103.19153501900007,14.900776376000067],[103.21063132700004,14.79189954800006],[103.26629260600004,14.766658384000038],[103.27912506600006,14.775337622000052],[103.42616248900003,14.936210189000064],[103.44801482000008,15.045272470000043],[103.42724398100006,15.115589197000077]]]}},{"type":"Feature","id":"TH7402","properties":{"国家代码":"TH","行政层级":2,"行政层级中文":"县/曼谷区","行政区代码":"7402","上级行政区代码":"74","中文名称":"格拉吞本县","泰文名称":"กระทุ่มแบน","英文名称":"Krathum Baen","中文显示名":"格拉吞本县","中文名状态":"Wikidata已有中文名","边界状态":"可绘制","边界文件":"泰国_ADM2_县区边界.geojson","边界要素ID":"TH7402","边界坐标系":"WGS84 / EPSG:4326","边界数据时点":"2019-02-21","Google原生边界支持":"泰国不支持ADM2","Google地图绘制方式":"加载本GeoJSON到Google Maps Data图层","边界来源":"RTSD/OCHA衍生简化边界（canonical package）"},"geometry":{"type":"Polygon","coordinates":[[[100.33033285600004,13.719719976000022],[100.27074667700003,13.683395778000033],[100.17135058100007,13.680630305000022],[100.22790413200005,13.604494406000072],[100.35024229000004,13.640497348000054],[100.34683704300005,13.655339513000058],[100.33033285600004,13.719719976000022]]]}},{"type":"Feature","id":"TH6002","properties":{"国家代码":"TH","行政层级":2,"行政层级中文":"县/曼谷区","行政区代码":"6002","上级行政区代码":"60","中文名称":"戈帕县","泰文名称":"โกรกพระ","英文名称":"Krok Phra","中文显示名":"戈帕县","中文名状态":"Wikidata已有中文名","边界状态":"可绘制","边界文件":"泰国_ADM2_县区边界.geojson","边界要素ID":"TH6002","边界坐标系":"WGS84 / EPSG:4326","边界数据时点":"2019-02-21","Google原生边界支持":"泰国不支持ADM2","Google地图绘制方式":"加载本GeoJSON到Google Maps Data图层","边界来源":"RTSD/OCHA衍生简化边界（canonical package）"},"geometry":{"type":"Polygon","coordinates":[[[100.14128823700008,15.609540329000026],[100.04706557700007,15.616125217000047],[100.04543549200008,15.67914194900004],[99.93247705700009,15.67232133500005],[99.93732854000007,15.597596907000025],[99.94817728000004,15.501116496000066],[100.03458255600003,15.51039813500006],[100.13993927700005,15.572906975000024],[100.14128823700008,15.609540329000026]]]}},{"type":"Feature","id":"TH9508","properties":{"国家代码":"TH","行政层级":2,"行政层级中文":"县/曼谷区","行政区代码":"9508","上级行政区代码":"95","中文名称":"格隆比南县","泰文名称":"กรงปินัง","英文名称":"Krong Pinang","中文显示名":"格隆比南县","中文名状态":"Wikidata已有中文名","边界状态":"可绘制","边界文件":"泰国_ADM2_县区边界.geojson","边界要素ID":"TH9508","边界坐标系":"WGS84 / EPSG:4326","边界数据时点":"2019-02-21","Google原生边界支持":"泰国不支持ADM2","Google地图绘制方式":"加载本GeoJSON到Google Maps Data图层","边界来源":"RTSD/OCHA衍生简化边界（canonical package）"},"geometry":{"type":"Polygon","coordinates":[[[101.30385230400003,6.446496532000026],[101.22158243800004,6.483626881000021],[101.19941238900009,6.4408634470000266],[101.22617905300007,6.340926934000038],[101.32561287500005,6.3917346860000634],[101.30385230400003,6.446496532000026]]]}},{"type":"Feature","id":"TH4124","properties":{"国家代码":"TH","行政层级":2,"行政层级中文":"县/曼谷区","行政区代码":"4124","上级行政区代码":"41","中文名称":"古胶县","泰文名称":"กู่แก้ว","英文名称":"Ku Kaeo","中文显示名":"古胶县","中文名状态":"Wikidata已有中文名","边界状态":"可绘制","边界文件":"泰国_ADM2_县区边界.geojson","边界要素ID":"TH4124","边界坐标系":"WGS84 / EPSG:4326","边界数据时点":"2019-02-21","Google原生边界支持":"泰国不支持ADM2","Google地图绘制方式":"加载本GeoJSON到Google Maps Data图层","边界来源":"RTSD/OCHA衍生简化边界（canonical package）"},"geometry":{"type":"Polygon","coordinates":[[[103.24462808500004,17.112033014000076],[103.17058821300009,17.23623160300002],[103.08393861900004,17.22088525500004],[103.08856333600005,17.203280102000065],[103.15513272200008,17.101446821000025],[103.24462808500004,17.112033014000076]]]}},{"type":"Feature","id":"TH4605","properties":{"国家代码":"TH","行政层级":2,"行政层级中文":"县/曼谷区","行政区代码":"4605","上级行政区代码":"46","中文名称":"古奇那莱县","泰文名称":"กุฉินารายณ์","英文名称":"Kuchinarai","中文显示名":"古奇那莱县","中文名状态":"Wikidata已有中文名","边界状态":"可绘制","边界文件":"泰国_ADM2_县区边界.geojson","边界要素ID":"TH4605","边界坐标系":"WGS84 / EPSG:4326","边界数据时点":"2019-02-21","Google原生边界支持":"泰国不支持ADM2","Google地图绘制方式":"加载本GeoJSON到Google Maps Data图层","边界来源":"RTSD/OCHA衍生简化边界（canonical package）"},"geometry":{"type":"Polygon","coordinates":[[[103.99147482200004,16.679772684000056],[103.96458293700005,16.63458404900007],[103.89061390200004,16.568392837000033],[103.83200475000007,16.489048358000048],[103.82283783900004,16.470103490000042],[103.88959195700005,16.45255485100006],[104.03782103500004,16.436680161000027],[104.04547132500005,16.390880409000033],[104.17242400300006,16.445946495000044],[104.23785792300004,16.428572174000067],[104.22106505200009,16.542185678000067],[104.17708392600008,16.597859693000032],[104.10941880600006,16.607211634000066],[103.99147482200004,16.679772684000056]]]}},{"type":"Feature","id":"TH7702","properties":{"国家代码":"TH","行政层级":2,"行政层级中文":"县/曼谷区","行政区代码":"7702","上级行政区代码":"77","中文名称":"圭布里县","泰文名称":"กุยบุรี","英文名称":"Kui Buri","中文显示名":"圭布里县","中文名状态":"Wikidata已有中文名","边界状态":"可绘制","边界文件":"泰国_ADM2_县区边界.geojson","边界要素ID":"TH7702","边界坐标系":"WGS84 / EPSG:4326","边界数据时点":"2019-02-21","Google原生边界支持":"泰国不支持ADM2","Google地图绘制方式":"加载本GeoJSON到Google Maps Data图层","边界来源":"RTSD/OCHA衍生简化边界（canonical package）"},"geometry":{"type":"Polygon","coordinates":[[[100.01975007000004,12.190684375000046],[99.87641849200008,12.177384261000043],[99.80824846500008,12.207984261000036],[99.72011119200005,12.180618417000062],[99.67671271800003,12.244036339000047],[99.59509598300008,12.238717026000074],[99.57049964900006,12.144876776000046],[99.53619476900008,12.01596439900004],[99.59360866000009,11.97753328400006],[99.72818335400007,12.03092543400004],[99.90951492600004,12.043408615000033],[100.01975007000004,12.190684375000046]]]}},{"type":"Feature","id":"TH4104","properties":{"国家代码":"TH","行政层级":2,"行政层级中文":"县/曼谷区","行政区代码":"4104","上级行政区代码":"41","中文名称":"坤帕瓦比县","泰文名称":"กุมภวาปี","英文名称":"Kumphawapi","中文显示名":"坤帕瓦比县","中文名状态":"Wikidata已有中文名","边界状态":"可绘制","边界文件":"泰国_ADM2_县区边界.geojson","边界要素ID":"TH4104","边界坐标系":"WGS84 / EPSG:4326","边界数据时点":"2019-02-21","Google原生边界支持":"泰国不支持ADM2","Google地图绘制方式":"加载本GeoJSON到Google Maps Data图层","边界来源":"RTSD/OCHA衍生简化边界（canonical package）"},"geometry":{"type":"Polygon","coordinates":[[[102.93432483900006,17.20403958600002],[102.82345184200005,17.26337482400004],[102.79967238600005,17.244512352000072],[102.87951002700004,17.160430501000064],[102.84980750700004,17.033146232000036],[102.90405194700008,16.993996194000033],[103.02503765800009,17.004125225000053],[103.03591189200006,16.883807902000058],[103.09811585400007,16.912621710000053],[103.11729689700007,16.961118657000043],[103.05145621300005,17.043901900000037],[103.15513272200008,17.101446821000025],[103.08856333600005,17.203280102000065],[102.93432483900006,17.20403958600002]]]}},{"type":"Feature","id":"TH4702","properties":{"国家代码":"TH","行政层级":2,"行政层级中文":"县/曼谷区","行政区代码":"4702","上级行政区代码":"47","中文名称":"古素曼县","泰文名称":"กุสุมาลย์","英文名称":"Kusuman","中文显示名":"古素曼县","中文名状态":"Wikidata已有中文名","边界状态":"可绘制","边界文件":"泰国_ADM2_县区边界.geojson","边界要素ID":"TH4702","边界坐标系":"WGS84 / EPSG:4326","边界数据时点":"2019-02-21","Google原生边界支持":"泰国不支持ADM2","Google地图绘制方式":"加载本GeoJSON到Google Maps Data图层","边界来源":"RTSD/OCHA衍生简化边界（canonical package）"},"geometry":{"type":"Polygon","coordinates":[[[104.41270767900005,17.36140455800006],[104.39248013000008,17.41438017100006],[104.19778359000009,17.42938244100003],[104.07248385000008,17.377941558000032],[104.10132350800006,17.315096031000053],[104.18229383500005,17.315856259000043],[104.26946689100004,17.270362600000055],[104.40564739800004,17.28010683900004],[104.41604987800008,17.32124114900006],[104.41270767900005,17.36140455800006]]]}},{"type":"Feature","id":"TH4703","properties":{"国家代码":"TH","行政层级":2,"行政层级中文":"县/曼谷区","行政区代码":"4703","上级行政区代码":"47","中文名称":"古巴县","泰文名称":"กุดบาก","英文名称":"Kut Bak","中文显示名":"古巴县","中文名状态":"Wikidata已有中文名","边界状态":"可绘制","边界文件":"泰国_ADM2_县区边界.geojson","边界要素ID":"TH4703","边界坐标系":"WGS84 / EPSG:4326","边界数据时点":"2019-02-21","Google原生边界支持":"泰国不支持ADM2","Google地图绘制方式":"加载本GeoJSON到Google Maps Data图层","边界来源":"RTSD/OCHA衍生简化边界（canonical package）"},"geometry":{"type":"Polygon","coordinates":[[[103.85961716700007,17.15567089900003],[103.81888623800006,17.121056101000022],[103.79179955700005,17.182382550000057],[103.64484206900005,17.114699504000043],[103.66212023000008,17.019615229000067],[103.73999944000008,16.971270779000065],[103.81109808300005,17.044059566000044],[103.92451420100008,17.01367103900003],[103.98304340000004,17.033954510000058],[103.91482687300004,17.169463939000025],[103.85961716700007,17.15567089900003]]]}},{"type":"Feature","id":"TH4102","properties":{"国家代码":"TH","行政层级":2,"行政层级中文":"县/曼谷区","行政区代码":"4102","上级行政区代码":"41","中文名称":"古差县","泰文名称":"กุดจับ","英文名称":"Kut Chap","中文显示名":"古差县","中文名状态":"Wikidata已有中文名","边界状态":"可绘制","边界文件":"泰国_ADM2_县区边界.geojson","边界要素ID":"TH4102","边界坐标系":"WGS84 / EPSG:4326","边界数据时点":"2019-02-21","Google原生边界支持":"泰国不支持ADM2","Google地图绘制方式":"加载本GeoJSON到Google Maps Data图层","边界来源":"RTSD/OCHA衍生简化边界（canonical package）"},"geometry":{"type":"Polygon","coordinates":[[[102.67166988400004,17.531287589000044],[102.54090502500009,17.53339465700003],[102.38490303400005,17.45218862100006],[102.39860857800005,17.414633237000032],[102.42118316300008,17.375820901000054],[102.43773393600009,17.338332094000066],[102.59859431000007,17.374847343000056],[102.61291359100005,17.43486590400005],[102.70067851500005,17.468549775000042],[102.67166988400004,17.531287589000044]]]}},{"type":"Feature","id":"TH3503","properties":{"国家代码":"TH","行政层级":2,"行政层级中文":"县/曼谷区","行政区代码":"3503","上级行政区代码":"35","中文名称":"古春县","泰文名称":"กุดชุม","英文名称":"Kut Chum","中文显示名":"古春县","中文名状态":"Wikidata已有中文名","边界状态":"可绘制","边界文件":"泰国_ADM2_县区边界.geojson","边界要素ID":"TH3503","边界坐标系":"WGS84 / EPSG:4326","边界数据时点":"2019-02-21","Google原生边界支持":"泰国不支持ADM2","Google地图绘制方式":"加载本GeoJSON到Google Maps Data图层","边界来源":"RTSD/OCHA衍生简化边界（canonical package）"},"geometry":{"type":"Polygon","coordinates":[[[104.27350715400007,16.225666835000027],[104.17851651000007,16.149304028000074],[104.10692188400009,16.097593071000063],[104.17153262200009,16.084350311000037],[104.13357358900004,16.01173453100006],[104.22010363900006,16.05180709600006],[104.33045762900008,15.901703582000039],[104.37823661600004,15.903435820000027],[104.45192977500005,15.993931645000032],[104.32172172500003,16.141016095000055],[104.27350715400007,16.225666835000027]]]}},{"type":"Feature","id":"TH3412","properties":{"国家代码":"TH","行政层级":2,"行政层级中文":"县/曼谷区","行政区代码":"3412","上级行政区代码":"34","中文名称":"古考奔县","泰文名称":"กุดข้าวปุ้น","英文名称":"Kut Khaopun","中文显示名":"古考奔县","中文名状态":"Wikidata已有中文名","边界状态":"可绘制","边界文件":"泰国_ADM2_县区边界.geojson","边界要素ID":"TH3412","边界坐标系":"WGS84 / EPSG:4326","边界数据时点":"2019-02-21","Google原生边界支持":"泰国不支持ADM2","Google地图绘制方式":"加载本GeoJSON到Google Maps Data图层","边界来源":"RTSD/OCHA衍生简化边界（canonical package）"},"geometry":{"type":"Polygon","coordinates":[[[105.16243798100004,15.80103249900003],[105.08658563100005,15.887285973000076],[105.00420106100006,15.93715320800004],[104.95836079200006,15.78907210500006],[104.90739223900005,15.761424343000044],[104.98592812500004,15.727139617000034],[105.16527599500006,15.773853217000067],[105.16243798100004,15.80103249900003]]]}},{"type":"Feature","id":"TH4412","properties":{"国家代码":"TH","行政层级":2,"行政层级中文":"县/曼谷区","行政区代码":"4412","上级行政区代码":"44","中文名称":"古朗县","泰文名称":"กุดรัง","英文名称":"Kut Rang","中文显示名":"古朗县","中文名状态":"Wikidata已有中文名","边界状态":"可绘制","边界文件":"泰国_ADM2_县区边界.geojson","边界要素ID":"TH4412","边界坐标系":"WGS84 / EPSG:4326","边界数据时点":"2019-02-21","Google原生边界支持":"泰国不支持ADM2","Google地图绘制方式":"加载本GeoJSON到Google Maps Data图层","边界来源":"RTSD/OCHA衍生简化边界（canonical package）"},"geometry":{"type":"Polygon","coordinates":[[[103.06963512400006,16.147063762000073],[103.00727493900007,16.104335313000036],[102.86763321300003,16.125375844000075],[102.84786279200006,16.075337416000025],[102.90134402500007,15.970035756000073],[102.90116517300004,15.91077814700003],[102.94210407900005,15.909074213000054],[103.07852927700009,16.100315487000046],[103.06963512400006,16.147063762000073]]]}},{"type":"Feature","id":"TH9105","properties":{"国家代码":"TH","行政层级":2,"行政层级中文":"县/曼谷区","行政区代码":"9105","上级行政区代码":"91","中文名称":"拉乌县","泰文名称":"ละงู","英文名称":"La-Ngu","中文显示名":"拉乌县","中文名状态":"Wikidata已有中文名","边界状态":"可绘制","边界文件":"泰国_ADM2_县区边界.geojson","边界要素ID":"TH9105","边界坐标系":"WGS84 / EPSG:4326","边界数据时点":"2019-02-21","Google原生边界支持":"泰国不支持ADM2","Google地图绘制方式":"加载本GeoJSON到Google Maps Data图层","边界来源":"RTSD/OCHA衍生简化边界（canonical package）"},"geometry":{"type":"Polygon","coordinates":[[[99.86516198900006,6.911719468000058],[99.89216955100005,6.9761575210000615],[99.87445179000008,7.079448073000037],[99.84708873600005,7.006718533000026],[99.78363189900006,7.012168605000056],[99.74563428000005,6.957243953000045],[99.68803674500003,6.971805391000032],[99.69716274400008,6.855852844000026],[99.77192832300005,6.842843576000064],[99.84008843400005,6.779013131000056],[99.88314800800003,6.869423793000067],[99.86516198900006,6.911719468000058]]]}},{"type":"Feature","id":"TH8502","properties":{"国家代码":"TH","行政层级":2,"行政层级中文":"县/曼谷区","行政区代码":"8502","上级行政区代码":"85","中文名称":"拉温县","泰文名称":"ละอุ่น","英文名称":"La-Un","中文显示名":"拉温县","中文名状态":"Wikidata已有中文名","边界状态":"可绘制","边界文件":"泰国_ADM2_县区边界.geojson","边界要素ID":"TH8502","边界坐标系":"WGS84 / EPSG:4326","边界数据时点":"2019-02-21","Google原生边界支持":"泰国不支持ADM2","Google地图绘制方式":"加载本GeoJSON到Google Maps Data图层","边界来源":"RTSD/OCHA衍生简化边界（canonical package）"},"geometry":{"type":"Polygon","coordinates":[[[98.87517524400005,10.204372397000043],[98.70614203700006,10.229022998000062],[98.67369042500007,10.178670914000065],[98.74396953500008,10.169853119000038],[98.68006660400005,10.073597219000021],[98.67982110700007,10.017787731000055],[98.74470896600008,9.915959372000032],[98.81396141800008,9.93614941800007],[98.88194655500007,10.004830626000057],[98.90296881300009,10.054639031000022],[98.83552876700008,10.066640508000035],[98.88892842500007,10.169196832000068],[98.87517524400005,10.204372397000043]]]}},{"type":"Feature","id":"TH2305","properties":{"国家代码":"TH","行政层级":2,"行政层级中文":"县/曼谷区","行政区代码":"2305","上级行政区代码":"23","中文名称":"兰喔县","泰文名称":"แหลมงอบ","英文名称":"Laem Ngop","中文显示名":"兰喔县","中文名状态":"Wikidata已有中文名","边界状态":"可绘制","边界文件":"泰国_ADM2_县区边界.geojson","边界要素ID":"TH2305","边界坐标系":"WGS84 / EPSG:4326","边界数据时点":"2019-02-21","Google原生边界支持":"泰国不支持ADM2","Google地图绘制方式":"加载本GeoJSON到Google Maps Data图层","边界来源":"RTSD/OCHA衍生简化边界（canonical package）"},"geometry":{"type":"Polygon","coordinates":[[[102.28594096000006,12.299069017000022],[102.25776175800007,12.29291971300006],[102.31338765400005,12.182911767000064],[102.47221483800007,12.164422066000043],[102.39844149400005,12.271967768000025],[102.31152254200003,12.25875297500005],[102.28594096000006,12.299069017000022]]]}},{"type":"Feature","id":"TH2206","properties":{"国家代码":"TH","行政层级":2,"行政层级中文":"县/曼谷区","行政区代码":"2206","上级行政区代码":"22","中文名称":"林信县","泰文名称":"แหลมสิงห์","英文名称":"Laem Sing","中文显示名":"林信县","中文名状态":"Wikidata已有中文名","边界状态":"可绘制","边界文件":"泰国_ADM2_县区边界.geojson","边界要素ID":"TH2206","边界坐标系":"WGS84 / EPSG:4326","边界数据时点":"2019-02-21","Google原生边界支持":"泰国不支持ADM2","Google地图绘制方式":"加载本GeoJSON到Google Maps Data图层","边界来源":"RTSD/OCHA衍生简化边界（canonical package）"},"geometry":{"type":"Polygon","coordinates":[[[102.02265748600007,12.544784438000022],[101.97608790800007,12.542884662000063],[102.20046300000007,12.357889122000074],[102.22039719600008,12.417163309000046],[102.14750371800005,12.494154886000047],[102.18505767800008,12.519467504000033],[102.02265748600007,12.544784438000022]]]}},{"type":"Feature","id":"TH3106","properties":{"国家代码":"TH","行政层级":2,"行政层级中文":"县/曼谷区","行政区代码":"3106","上级行政区代码":"31","中文名称":"拉汉赛县","泰文名称":"ละหานทราย","英文名称":"Lahan Sai","中文显示名":"拉汉赛县","中文名状态":"Wikidata已有中文名","边界状态":"可绘制","边界文件":"泰国_ADM2_县区边界.geojson","边界要素ID":"TH3106","边界坐标系":"WGS84 / EPSG:4326","边界数据时点":"2019-02-21","Google原生边界支持":"泰国不支持ADM2","Google地图绘制方式":"加载本GeoJSON到Google Maps Data图层","边界来源":"RTSD/OCHA衍生简化边界（canonical package）"},"geometry":{"type":"Polygon","coordinates":[[[102.95334275500005,14.479079882000065],[102.80414527000005,14.49118915300005],[102.76704737000006,14.461128357000064],[102.74857358700007,14.377391740000064],[102.82076147600009,14.30743491800007],[102.81505340400008,14.170192715000042],[102.93035676000005,14.175651232000064],[103.03802067800007,14.250621157000069],[102.96916394200008,14.305926799000076],[102.97985036800009,14.430057669000064],[102.95334275500005,14.479079882000065]]]}},{"type":"Feature","id":"TH1041","properties":{"国家代码":"TH","行政层级":2,"行政层级中文":"县/曼谷区","行政区代码":"1041","上级行政区代码":"10","中文名称":"朗四縣","泰文名称":"หลักสี่","英文名称":"Lak Si","中文显示名":"朗四縣","中文名状态":"Wikidata已有中文名","边界状态":"可绘制","边界文件":"泰国_ADM2_县区边界.geojson","边界要素ID":"TH1041","边界坐标系":"WGS84 / EPSG:4326","边界数据时点":"2019-02-21","Google原生边界支持":"泰国不支持ADM2","Google地图绘制方式":"加载本GeoJSON到Google Maps Data图层","边界来源":"RTSD/OCHA衍生简化边界（canonical package）"},"geometry":{"type":"Polygon","coordinates":[[[100.59481328300006,13.887630844000057],[100.55889311700008,13.914457016000028],[100.55028518200004,13.877585603000057],[100.54362947200008,13.849628112000062],[100.58654720500004,13.858933983000043],[100.59481328300006,13.887630844000057]]]}},{"type":"Feature","id":"TH1306","properties":{"国家代码":"TH","行政层级":2,"行政层级中文":"县/曼谷区","行政区代码":"1306","上级行政区代码":"13","中文名称":"兰卢加县","泰文名称":"ลำลูกกา","英文名称":"Lam Luk Ka","中文显示名":"兰卢加县","中文名状态":"Wikidata已有中文名","边界状态":"可绘制","边界文件":"泰国_ADM2_县区边界.geojson","边界要素ID":"TH1306","边界坐标系":"WGS84 / EPSG:4326","边界数据时点":"2019-02-21","Google原生边界支持":"泰国不支持ADM2","Google地图绘制方式":"加载本GeoJSON到Google Maps Data图层","边界来源":"RTSD/OCHA衍生简化边界（canonical package）"},"geometry":{"type":"Polygon","coordinates":[[[100.91421818800006,13.961278383000035],[100.91483620300005,14.068209147000061],[100.60513853800006,13.965549749000047],[100.60652594900006,13.954378499000029],[100.62254545900004,13.950251041000058],[100.68695337600008,13.916254426000023],[100.79259302400004,13.931387879000056],[100.91398311800003,13.946490894000021],[100.91421818800006,13.961278383000035]]]}},{"type":"Feature","id":"TH3110","properties":{"国家代码":"TH","行政层级":2,"行政层级中文":"县/曼谷区","行政区代码":"3110","上级行政区代码":"31","中文名称":"郎拜玛县","泰文名称":"ลำปลายมาศ","英文名称":"Lam Plai Mat","中文显示名":"郎拜玛县","中文名状态":"Wikidata已有中文名","边界状态":"可绘制","边界文件":"泰国_ADM2_县区边界.geojson","边界要素ID":"TH3110","边界坐标系":"WGS84 / EPSG:4326","边界数据时点":"2019-02-21","Google原生边界支持":"泰国不支持ADM2","Google地图绘制方式":"加载本GeoJSON到Google Maps Data图层","边界来源":"RTSD/OCHA衍生简化边界（canonical package）"},"geometry":{"type":"Polygon","coordinates":[[[102.98301710300007,15.112305002000028],[103.02025817800006,15.196324473000061],[102.97447043200003,15.206800806000047],[102.86820616500006,15.16592947600003],[102.76268729900005,15.080976399000065],[102.80472525000005,15.040613421000046],[102.71051200100004,14.979628020000064],[102.69661253900006,14.933720228000027],[102.70962608900004,14.888293970000063],[102.80607927700004,14.897264579000023],[102.78919718100008,14.850888714000064],[102.91305824700004,14.836072878000039],[102.92331502500008,14.935798669000064],[103.00748662400008,15.02378880200007],[102.98301710300007,15.112305002000028]]]}},{"type":"Feature","id":"TH1610","properties":{"国家代码":"TH","行政层级":2,"行政层级中文":"县/曼谷区","行政区代码":"1610","上级行政区代码":"16","中文名称":"兰颂提县","泰文名称":"ลำสนธิ","英文名称":"Lam Sonthi","中文显示名":"兰颂提县","中文名状态":"Wikidata已有中文名","边界状态":"可绘制","边界文件":"泰国_ADM2_县区边界.geojson","边界要素ID":"TH1610","边界坐标系":"WGS84 / EPSG:4326","边界数据时点":"2019-02-21","Google原生边界支持":"泰国不支持ADM2","Google地图绘制方式":"加载本GeoJSON到Google Maps Data图层","边界来源":"RTSD/OCHA衍生简化边界（canonical package）"},"geometry":{"type":"Polygon","coordinates":[[[101.40442895400008,15.739287339000043],[101.33632334300006,15.75302154600007],[101.36006119500007,15.688499464000074],[101.31081139000008,15.575458534000063],[101.29901727700008,15.380235601000038],[101.30162409100006,15.22607318100006],[101.35170432200005,15.166577768000025],[101.36307893800006,15.046971339000038],[101.40022633700005,15.073792757000035],[101.39967676900005,15.101791934000062],[101.38758359600007,15.228467852000051],[101.38202449100004,15.33140254600005],[101.37002838000006,15.59276466800003],[101.40442895400008,15.739287339000043]]]}},{"type":"Feature","id":"TH3029","properties":{"国家代码":"TH","行政层级":2,"行政层级中文":"县/曼谷区","行政区代码":"3029","上级行政区代码":"30","中文名称":"兰他门猜县","泰文名称":"ลำทะเมนชัย","英文名称":"Lamtaman Chai","中文显示名":"兰他门猜县","中文名状态":"Wikidata已有中文名","边界状态":"可绘制","边界文件":"泰国_ADM2_县区边界.geojson","边界要素ID":"TH3029","边界坐标系":"WGS84 / EPSG:4326","边界数据时点":"2019-02-21","Google原生边界支持":"泰国不支持ADM2","Google地图绘制方式":"加载本GeoJSON到Google Maps Data图层","边界来源":"RTSD/OCHA衍生简化边界（canonical package）"},"geometry":{"type":"Polygon","coordinates":[[[102.95509740300008,15.38273395300007],[102.84477589800008,15.405382936000024],[102.86820616500006,15.16592947600003],[102.97447043200003,15.206800806000047],[102.95509740300008,15.38273395300007]]]}},{"type":"Feature","id":"TH8107","properties":{"国家代码":"TH","行政层级":2,"行政层级中文":"县/曼谷区","行政区代码":"8107","上级行政区代码":"81","中文名称":"兰它县","泰文名称":"ลำทับ","英文名称":"Lam Thap","中文显示名":"兰它县","中文名状态":"Wikidata已有中文名","边界状态":"可绘制","边界文件":"泰国_ADM2_县区边界.geojson","边界要素ID":"TH8107","边界坐标系":"WGS84 / EPSG:4326","边界数据时点":"2019-02-21","Google原生边界支持":"泰国不支持ADM2","Google地图绘制方式":"加载本GeoJSON到Google Maps Data图层","边界来源":"RTSD/OCHA衍生简化边界（canonical package）"},"geometry":{"type":"Polygon","coordinates":[[[99.39166637100004,8.109850334000043],[99.29643941900008,8.132072021000056],[99.23771172500005,8.113083126000049],[99.33377463700003,7.9287921000000665],[99.36522460200007,7.944966600000043],[99.41496830500006,7.999762547000046],[99.39166637100004,8.109850334000043]]]}},{"type":"Feature","id":"TH8605","properties":{"国家代码":"TH","行政层级":2,"行政层级中文":"县/曼谷区","行政区代码":"8605","上级行政区代码":"86","中文名称":"拉迈县","泰文名称":"ละแม","英文名称":"Lamae","中文显示名":"拉迈县","中文名状态":"Wikidata已有中文名","边界状态":"可绘制","边界文件":"泰国_ADM2_县区边界.geojson","边界要素ID":"TH8605","边界坐标系":"WGS84 / EPSG:4326","边界数据时点":"2019-02-21","Google原生边界支持":"泰国不支持ADM2","Google地图绘制方式":"加载本GeoJSON到Google Maps Data图层","边界来源":"RTSD/OCHA衍生简化边界（canonical package）"},"geometry":{"type":"Polygon","coordinates":[[[99.13888219900008,9.824689543000034],[99.07355938500007,9.848853216000066],[99.02673833400007,9.798031110000068],[98.94639381800005,9.823231767000038],[98.88298090600006,9.791199749000043],[98.88084765900004,9.729186302000073],[98.93930299900006,9.681440785000063],[99.15931372200004,9.70209692000003],[99.13888219900008,9.824689543000034]]]}},{"type":"Feature","id":"TH3211","properties":{"国家代码":"TH","行政层级":2,"行政层级中文":"县/曼谷区","行政区代码":"3211","上级行政区代码":"32","中文名称":"兰端县","泰文名称":"ลำดวน","英文名称":"Lamduan","中文显示名":"兰端县","中文名状态":"Wikidata已有中文名","边界状态":"可绘制","边界文件":"泰国_ADM2_县区边界.geojson","边界要素ID":"TH3211","边界坐标系":"WGS84 / EPSG:4326","边界数据时点":"2019-02-21","Google原生边界支持":"泰国不支持ADM2","Google地图绘制方式":"加载本GeoJSON到Google Maps Data图层","边界来源":"RTSD/OCHA衍生简化边界（canonical package）"},"geometry":{"type":"Polygon","coordinates":[[[103.75923876100006,14.769316938000031],[103.66721724600006,14.804166388000056],[103.60175147500007,14.686229457000024],[103.62957622100004,14.62865034400005],[103.73032322200004,14.655474066000068],[103.76902979500005,14.727509633000068],[103.75923876100006,14.769316938000031]]]}},{"type":"Feature","id":"TH6207","properties":{"国家代码":"TH","行政层级":2,"行政层级中文":"县/曼谷区","行政区代码":"6207","上级行政区代码":"62","中文名称":"兰甲伯县","泰文名称":"ลานกระบือ","英文名称":"Lan Krabue","中文显示名":"兰甲伯县","中文名状态":"Wikidata已有中文名","边界状态":"可绘制","边界文件":"泰国_ADM2_县区边界.geojson","边界要素ID":"TH6207","边界坐标系":"WGS84 / EPSG:4326","边界数据时点":"2019-02-21","Google原生边界支持":"泰国不支持ADM2","Google地图绘制方式":"加载本GeoJSON到Google Maps Data图层","边界来源":"RTSD/OCHA衍生简化边界（canonical package）"},"geometry":{"type":"Polygon","coordinates":[[[100.01378001800003,16.574208663000036],[99.92514809600004,16.579092245000027],[99.88864028600005,16.71504438000005],[99.85341018000008,16.735271930000067],[99.75960339100004,16.68491122300003],[99.72297456600006,16.587796944000047],[99.74684813300007,16.53078557300006],[99.88663354400006,16.538542689000053],[100.03466242900004,16.502250434000075],[100.01378001800003,16.574208663000036]]]}},{"type":"Feature","id":"TH6107","properties":{"国家代码":"TH","行政层级":2,"行政层级中文":"县/曼谷区","行政区代码":"6107","上级行政区代码":"61","中文名称":"兰萨县","泰文名称":"ลานสัก","英文名称":"Lan Sak","中文显示名":"兰萨县","中文名状态":"Wikidata已有中文名","边界状态":"可绘制","边界文件":"泰国_ADM2_县区边界.geojson","边界要素ID":"TH6107","边界坐标系":"WGS84 / EPSG:4326","边界数据时点":"2019-02-21","Google原生边界支持":"泰国不支持ADM2","Google地图绘制方式":"加载本GeoJSON到Google Maps Data图层","边界来源":"RTSD/OCHA衍生简化边界（canonical package）"},"geometry":{"type":"Polygon","coordinates":[[[99.21349216100003,15.779769414000043],[99.19078496400004,15.779433892000043],[99.17635279800004,15.693907480000064],[99.20398087300003,15.540506398000048],[99.25610157100004,15.446178497000062],[99.23768314700004,15.406824018000066],[99.34829486900009,15.365572543000042],[99.49446500000005,15.344253266000067],[99.53899751600005,15.382236051000064],[99.61158344400008,15.33348470900006],[99.65585725300008,15.42448686800003],[99.70361878400007,15.435102865000033],[99.67339190000007,15.532472981000069],[99.57059107900005,15.601535246000026],[99.49694156400005,15.569297817000063],[99.37932216300004,15.62549819000003],[99.35975848500004,15.677216436000037],[99.24598418400006,15.72206157200003],[99.21349216100003,15.779769414000043]]]}},{"type":"Feature","id":"TH8003","properties":{"国家代码":"TH","行政层级":2,"行政层级中文":"县/曼谷区","行政区代码":"8003","上级行政区代码":"80","中文名称":"兰沙加县","泰文名称":"ลานสกา","英文名称":"Lan Saka","中文显示名":"兰沙加县","中文名状态":"Wikidata已有中文名","边界状态":"可绘制","边界文件":"泰国_ADM2_县区边界.geojson","边界要素ID":"TH8003","边界坐标系":"WGS84 / EPSG:4326","边界数据时点":"2019-02-21","Google原生边界支持":"泰国不支持ADM2","Google地图绘制方式":"加载本GeoJSON到Google Maps Data图层","边界来源":"RTSD/OCHA衍生简化边界（canonical package）"},"geometry":{"type":"Polygon","coordinates":[[[99.79821249400004,8.469651885000076],[99.73350140900004,8.49421594100005],[99.70189478100008,8.48316477700007],[99.69654724400004,8.45518374900007],[99.72071171300007,8.301547801000027],[99.75730818000005,8.259605874000044],[99.86009651900008,8.306248985000025],[99.86843915500003,8.371444190000034],[99.79821249400004,8.469651885000076]]]}},{"type":"Feature","id":"TH8604","properties":{"国家代码":"TH","行政层级":2,"行政层级中文":"县/曼谷区","行政区代码":"8604","上级行政区代码":"86","中文名称":"朗萱县","泰文名称":"หลังสวน","英文名称":"Lang Suan","中文显示名":"朗萱县","中文名状态":"Wikidata已有中文名","边界状态":"可绘制","边界文件":"泰国_ADM2_县区边界.geojson","边界要素ID":"TH8604","边界坐标系":"WGS84 / EPSG:4326","边界数据时点":"2019-02-21","Google原生边界支持":"泰国不支持ADM2","Google地图绘制方式":"加载本GeoJSON到Google Maps Data图层","边界来源":"RTSD/OCHA衍生简化边界（canonical package）"},"geometry":{"type":"Polygon","coordinates":[[[99.15445901000004,10.064886533000049],[99.11451083100008,10.02085071600004],[99.04039625900003,10.05249770100005],[98.94225244000006,10.013170485000046],[98.92263888400004,10.068939674000035],[98.90296881300009,10.054639031000022],[98.88194655500007,10.004830626000057],[98.97834268500009,9.896407907000025],[98.94639381800005,9.823231767000038],[99.02673833400007,9.798031110000068],[99.07355938500007,9.848853216000066],[99.13888219900008,9.824689543000034],[99.16552832200006,9.860029810000071],[99.15445901000004,10.064886533000049]]]}},{"type":"Feature","id":"TH7110","properties":{"国家代码":"TH","行政层级":2,"行政层级中文":"县/曼谷区","行政区代码":"7110","上级行政区代码":"71","中文名称":"劳宽县","泰文名称":"เลาขวัญ","英文名称":"Lao Khwan","中文显示名":"劳宽县","中文名状态":"Wikidata已有中文名","边界状态":"可绘制","边界文件":"泰国_ADM2_县区边界.geojson","边界要素ID":"TH7110","边界坐标系":"WGS84 / EPSG:4326","边界数据时点":"2019-02-21","Google原生边界支持":"泰国不支持ADM2","Google地图绘制方式":"加载本GeoJSON到Google Maps Data图层","边界来源":"RTSD/OCHA衍生简化边界（canonical package）"},"geometry":{"type":"Polygon","coordinates":[[[99.78944300400008,14.736016902000074],[99.65283459500006,14.802116322000074],[99.57708316700007,14.788575713000057],[99.54493724300005,14.708949846000053],[99.58033394500006,14.590778455000077],[99.56968700000004,14.461406046000036],[99.81878099300008,14.38111811300007],[99.82928877400008,14.500375387000076],[99.79485565000004,14.54628481900005],[99.82129183600006,14.635297738000077],[99.78944300400008,14.736016902000074]]]}},{"type":"Feature","id":"TH3431","properties":{"国家代码":"TH","行政层级":2,"行政层级中文":"县/曼谷区","行政区代码":"3431","上级行政区代码":"34","中文名称":"色鹄县","泰文名称":"เหล่าเสือโก้ก","英文名称":"Lao Suea Kok","中文显示名":"色鹄县","中文名状态":"Wikidata已有中文名","边界状态":"可绘制","边界文件":"泰国_ADM2_县区边界.geojson","边界要素ID":"TH3431","边界坐标系":"WGS84 / EPSG:4326","边界数据时点":"2019-02-21","Google原生边界支持":"泰国不支持ADM2","Google地图绘制方式":"加载本GeoJSON到Google Maps Data图层","边界来源":"RTSD/OCHA衍生简化边界（canonical package）"},"geometry":{"type":"Polygon","coordinates":[[[104.88754400700009,15.545026620000044],[104.86981367500005,15.538341982000077],[104.84135446500005,15.526494782000043],[104.85058123900006,15.38572488400007],[104.94063806300005,15.342324146000067],[105.00718590700006,15.416938516000073],[104.94264127500008,15.487881263000077],[104.88754400700009,15.545026620000044]]]}},{"type":"Feature","id":"TH5308","properties":{"国家代码":"TH","行政层级":2,"行政层级中文":"县/曼谷区","行政区代码":"5308","上级行政区代码":"53","中文名称":"拉莱县","泰文名称":"ลับแล","英文名称":"Laplae","中文显示名":"拉莱县","中文名状态":"Wikidata已有中文名","边界状态":"可绘制","边界文件":"泰国_ADM2_县区边界.geojson","边界要素ID":"TH5308","边界坐标系":"WGS84 / EPSG:4326","边界数据时点":"2019-02-21","Google原生边界支持":"泰国不支持ADM2","Google地图绘制方式":"加载本GeoJSON到Google Maps Data图层","边界来源":"RTSD/OCHA衍生简化边界（canonical package）"},"geometry":{"type":"Polygon","coordinates":[[[100.08024985800006,17.511647835000076],[100.06115645200003,17.609146241000076],[100.10359519500008,17.756350862000033],[99.99527384200007,17.830758536000076],[99.95962152600003,17.778376240000057],[99.89449126700003,17.807192434000058],[99.96326640500007,17.711380365000025],[99.97690698700006,17.622210059000054],[99.94231236600007,17.53633609800005],[100.01450590800005,17.480360243000064],[100.08024985800006,17.511647835000076]]]}},{"type":"Feature","id":"TH1410","properties":{"国家代码":"TH","行政层级":2,"行政层级中文":"县/曼谷区","行政区代码":"1410","上级行政区代码":"14","中文名称":"拉磨銮县","泰文名称":"ลาดบัวหลวง","英文名称":"Lat Bua Luang","中文显示名":"拉磨銮县","中文名状态":"Wikidata已有中文名","边界状态":"可绘制","边界文件":"泰国_ADM2_县区边界.geojson","边界要素ID":"TH1410","边界坐标系":"WGS84 / EPSG:4326","边界数据时点":"2019-02-21","Google原生边界支持":"泰国不支持ADM2","Google地图绘制方式":"加载本GeoJSON到Google Maps Data图层","边界来源":"RTSD/OCHA衍生简化边界（canonical package）"},"geometry":{"type":"Polygon","coordinates":[[[100.41792606900003,14.224206091000042],[100.27403947400006,14.219173000000069],[100.23608597400005,14.204408090000072],[100.21290035300007,14.179213636000043],[100.28179029100005,14.126881928000046],[100.34404018300006,14.115030502000025],[100.42208307800007,14.113991793000025],[100.45452011700007,14.115897532000076],[100.41792606900003,14.224206091000042]]]}},{"type":"Feature","id":"TH1011","properties":{"国家代码":"TH","行政层级":2,"行政层级中文":"县/曼谷区","行政区代码":"1011","上级行政区代码":"10","中文名称":"叻甲挽县","泰文名称":"ลาดกระบัง","英文名称":"Lat Krabang","中文显示名":"叻甲挽县","中文名状态":"Wikidata已有中文名","边界状态":"可绘制","边界文件":"泰国_ADM2_县区边界.geojson","边界要素ID":"TH1011","边界坐标系":"WGS84 / EPSG:4326","边界数据时点":"2019-02-21","Google原生边界支持":"泰国不支持ADM2","Google地图绘制方式":"加载本GeoJSON到Google Maps Data图层","边界来源":"RTSD/OCHA衍生简化边界（canonical package）"},"geometry":{"type":"Polygon","coordinates":[[[100.87883300700008,13.737877175000051],[100.79509311000004,13.793974302000038],[100.71640317600009,13.778113848000032],[100.70839322600006,13.732496905000062],[100.70999435100003,13.716782075000026],[100.78335778600007,13.716618769000036],[100.85934736500008,13.689560424000035],[100.86076681300005,13.696903409000072],[100.87883300700008,13.737877175000051]]]}},{"type":"Feature","id":"TH1305","properties":{"国家代码":"TH","行政层级":2,"行政层级中文":"县/曼谷区","行政区代码":"1305","上级行政区代码":"13","中文名称":"拉伦胶县","泰文名称":"ลาดหลุมแก้ว","英文名称":"Lat Lum Kaeo","中文显示名":"拉伦胶县","中文名状态":"Wikidata已有中文名","边界状态":"可绘制","边界文件":"泰国_ADM2_县区边界.geojson","边界要素ID":"TH1305","边界坐标系":"WGS84 / EPSG:4326","边界数据时点":"2019-02-21","Google原生边界支持":"泰国不支持ADM2","Google地图绘制方式":"加载本GeoJSON到Google Maps Data图层","边界来源":"RTSD/OCHA衍生简化边界（canonical package）"},"geometry":{"type":"Polygon","coordinates":[[[100.42208307800007,14.113991793000025],[100.34404018300006,14.115030502000025],[100.35576105900009,14.000445546000037],[100.38049918000007,13.988812153000026],[100.46226204000004,13.97165383500004],[100.49660436000005,14.047146387000055],[100.42208307800007,14.113991793000025]]]}},{"type":"Feature","id":"TH1038","properties":{"国家代码":"TH","行政层级":2,"行政层级中文":"县/曼谷区","行政区代码":"1038","上级行政区代码":"10","中文名称":"叻抛县","泰文名称":"ลาดพร้าว","英文名称":"Lat Phrao","中文显示名":"叻抛县","中文名状态":"Wikidata已有中文名","边界状态":"可绘制","边界文件":"泰国_ADM2_县区边界.geojson","边界要素ID":"TH1038","边界坐标系":"WGS84 / EPSG:4326","边界数据时点":"2019-02-21","Google原生边界支持":"泰国不支持ADM2","Google地图绘制方式":"加载本GeoJSON到Google Maps Data图层","边界来源":"RTSD/OCHA衍生简化边界（canonical package）"},"geometry":{"type":"Polygon","coordinates":[[[100.63712175800003,13.844668458000058],[100.58986609900006,13.84392907800003],[100.58834139400005,13.802980927000021],[100.58838302000004,13.802839008000035],[100.61506420100005,13.799774373000048],[100.62447812000005,13.817398727000068],[100.63712175800003,13.844668458000058]]]}},{"type":"Feature","id":"TH6011","properties":{"国家代码":"TH","行政层级":2,"行政层级中文":"县/曼谷区","行政区代码":"6011","上级行政区代码":"60","中文名称":"拉尧县","泰文名称":"ลาดยาว","英文名称":"Lat Yao","中文显示名":"拉尧县","中文名状态":"Wikidata已有中文名","边界状态":"可绘制","边界文件":"泰国_ADM2_县区边界.geojson","边界要素ID":"TH6011","边界坐标系":"WGS84 / EPSG:4326","边界数据时点":"2019-02-21","Google原生边界支持":"泰国不支持ADM2","Google地图绘制方式":"加载本GeoJSON到Google Maps Data图层","边界来源":"RTSD/OCHA衍生简化边界（canonical package）"},"geometry":{"type":"Polygon","coordinates":[[[99.80498229300008,15.920601438000062],[99.73890832300003,15.857542042000034],[99.68290842400006,15.863174117000028],[99.61915874200008,15.715116784000031],[99.66708457400006,15.66777029900004],[99.73679188200003,15.686332325000024],[99.86561571300007,15.618100986000059],[99.93247705700009,15.67232133500005],[99.93025122800003,15.83826620800005],[99.89442924600007,15.900720479000029],[99.80498229300008,15.920601438000062]]]}},{"type":"Feature","id":"TH5104","properties":{"国家代码":"TH","行政层级":2,"行政层级中文":"县/曼谷区","行政区代码":"5104","上级行政区代码":"51","中文名称":"里县","泰文名称":"ลี้","英文名称":"Li","中文显示名":"里县","中文名状态":"Wikidata已有中文名","边界状态":"可绘制","边界文件":"泰国_ADM2_县区边界.geojson","边界要素ID":"TH5104","边界坐标系":"WGS84 / EPSG:4326","边界数据时点":"2019-02-21","Google原生边界支持":"泰国不支持ADM2","Google地图绘制方式":"加载本GeoJSON到Google Maps Data图层","边界来源":"RTSD/OCHA衍生简化边界（canonical package）"},"geometry":{"type":"Polygon","coordinates":[[[99.10317652900005,17.81260705400007],[99.00407809300003,17.843495002000054],[99.02073810500008,17.88036292000004],[98.95857012600004,18.165988527000025],[98.80694891400003,18.13718274000007],[98.77690865400007,18.000566738000032],[98.83356665400004,17.986091104000025],[98.87036159600007,17.849162153000066],[98.79982991400004,17.795880615000044],[98.68537518300008,17.790962026000045],[98.74543544600004,17.697934926000073],[98.68394189700007,17.66364687300006],[98.70243107800007,17.55452546300006],[98.69095582400007,17.425889056000074],[98.72398412700005,17.46365291500007],[98.91015032500007,17.536710051000057],[98.88086685900004,17.627184847000024],[98.94428586300006,17.646793788000025],[99.04967538000005,17.61252663700003],[99.10317652900005,17.81260705400007]]]}},{"type":"Feature","id":"TH3508","properties":{"国家代码":"TH","行政层级":2,"行政层级中文":"县/曼谷区","行政区代码":"3508","上级行政区代码":"35","中文名称":"灵诺他县","泰文名称":"เลิงนกทา","英文名称":"Loeng Nok Tha","中文显示名":"灵诺他县","中文名状态":"Wikidata已有中文名","边界状态":"可绘制","边界文件":"泰国_ADM2_县区边界.geojson","边界要素ID":"TH3508","边界坐标系":"WGS84 / EPSG:4326","边界数据时点":"2019-02-21","Google原生边界支持":"泰国不支持ADM2","Google地图绘制方式":"加载本GeoJSON到Google Maps Data图层","边界来源":"RTSD/OCHA衍生简化边界（canonical package）"},"geometry":{"type":"Polygon","coordinates":[[[104.40004486300006,16.346589562000077],[104.34800461400005,16.323211225000023],[104.27350715400007,16.225666835000027],[104.32172172500003,16.141016095000055],[104.38257612600006,16.136253063000026],[104.38997993400005,16.220611091000023],[104.44721203100005,16.171861439000054],[104.45500838200007,16.095385626000052],[104.54260898700005,16.07117774900007],[104.66201339300005,16.123357397000063],[104.81385420500004,16.09867915600006],[104.82500423100004,16.155255647000047],[104.76607414700004,16.196444264000036],[104.66334631200004,16.243951980000077],[104.62926134800006,16.211236077000024],[104.55674777900003,16.260521819000076],[104.55004869000004,16.312507655000047],[104.40004486300006,16.346589562000077]]]}},{"type":"Feature","id":"TH6704","properties":{"国家代码":"TH","行政层级":2,"行政层级中文":"县/曼谷区","行政区代码":"6704","上级行政区代码":"67","中文名称":"隆告县","泰文名称":"หล่มเก่า","英文名称":"Lom Kao","中文显示名":"隆告县","中文名状态":"Wikidata已有中文名","边界状态":"可绘制","边界文件":"泰国_ADM2_县区边界.geojson","边界要素ID":"TH6704","边界坐标系":"WGS84 / EPSG:4326","边界数据时点":"2019-02-21","Google原生边界支持":"泰国不支持ADM2","Google地图绘制方式":"加载本GeoJSON到Google Maps Data图层","边界来源":"RTSD/OCHA衍生简化边界（canonical package）"},"geometry":{"type":"Polygon","coordinates":[[[101.47503018200007,17.08921573600003],[101.45274086900008,17.139571088000025],[101.36245091200004,17.17153713700003],[101.22863817100006,17.064810025000043],[101.11506608600007,17.016405416000055],[101.07904047000005,16.899557526000024],[101.07994138300006,16.819438653000077],[101.13116907700004,16.806432717000064],[101.24957037100006,16.84662050000003],[101.27726168200007,16.913341132000028],[101.41694172500007,16.93170539500005],[101.43185652400007,17.00818631900006],[101.50427930500007,17.010135199000047],[101.47503018200007,17.08921573600003]]]}},{"type":"Feature","id":"TH6703","properties":{"国家代码":"TH","行政层级":2,"行政层级中文":"县/曼谷区","行政区代码":"6703","上级行政区代码":"67","中文名称":"隆塞县","泰文名称":"หล่มสัก","英文名称":"Lom Sak","中文显示名":"隆塞县","中文名状态":"Wikidata已有中文名","边界状态":"可绘制","边界文件":"泰国_ADM2_县区边界.geojson","边界要素ID":"TH6703","边界坐标系":"WGS84 / EPSG:4326","边界数据时点":"2019-02-21","Google原生边界支持":"泰国不支持ADM2","Google地图绘制方式":"加载本GeoJSON到Google Maps Data图层","边界来源":"RTSD/OCHA衍生简化边界（canonical package）"},"geometry":{"type":"Polygon","coordinates":[[[101.41694172500007,16.93170539500005],[101.27726168200007,16.913341132000028],[101.24957037100006,16.84662050000003],[101.13116907700004,16.806432717000064],[101.07994138300006,16.819438653000077],[101.10565674200006,16.785088733000066],[101.05159583600005,16.64516470500007],[101.14224516800004,16.63117287800003],[101.21499511700006,16.55089496900007],[101.32333457500005,16.548351468000078],[101.42754827800007,16.609684569000024],[101.49874710000006,16.579158866000057],[101.51342721600008,16.68113119700007],[101.50375117800007,16.857538900000065],[101.44302979100007,16.823467047000065],[101.39894070200006,16.858908971000062],[101.41694172500007,16.93170539500005]]]}},{"type":"Feature","id":"TH5403","properties":{"国家代码":"TH","行政层级":2,"行政层级中文":"县/曼谷区","行政区代码":"5403","上级行政区代码":"54","中文名称":"隆县","泰文名称":"ลอง","英文名称":"Long","中文显示名":"隆县","中文名状态":"Wikidata已有中文名","边界状态":"可绘制","边界文件":"泰国_ADM2_县区边界.geojson","边界要素ID":"TH5403","边界坐标系":"WGS84 / EPSG:4326","边界数据时点":"2019-02-21","Google原生边界支持":"泰国不支持ADM2","Google地图绘制方式":"加载本GeoJSON到Google Maps Data图层","边界来源":"RTSD/OCHA衍生简化边界（canonical package）"},"geometry":{"type":"Polygon","coordinates":[[[100.07517575400004,18.348789302000057],[99.99920720100005,18.402593799000044],[99.90687505500006,18.28051904000006],[99.85759805600009,18.28390885500005],[99.79240393600008,18.193500493000045],[99.71982770900007,18.07008496800006],[99.66882569900008,18.041677436000043],[99.68935897900008,18.008001877000027],[99.63515387300004,17.91042224000006],[99.87680672400006,17.925381531000028],[99.97217582300004,18.043810327000074],[100.03660663600004,18.147542134000048],[100.09004246900008,18.276669191000053],[100.07517575400004,18.348789302000057]]]}},{"type":"Feature","id":"TH3707","properties":{"国家代码":"TH","行政层级":2,"行政层级中文":"县/曼谷区","行政区代码":"3707","上级行政区代码":"37","中文名称":"勒安纳县","泰文名称":"ลืออำนาจ","英文名称":"Lue Amnat","中文显示名":"勒安纳县","中文名状态":"Wikidata已有中文名","边界状态":"可绘制","边界文件":"泰国_ADM2_县区边界.geojson","边界要素ID":"TH3707","边界坐标系":"WGS84 / EPSG:4326","边界数据时点":"2019-02-21","Google原生边界支持":"泰国不支持ADM2","Google地图绘制方式":"加载本GeoJSON到Google Maps Data图层","边界来源":"RTSD/OCHA衍生简化边界（canonical package）"},"geometry":{"type":"Polygon","coordinates":[[[104.77637890300008,15.733692805000032],[104.69962127800005,15.801195763000067],[104.60513090000006,15.766060053000047],[104.62006736500007,15.687008168000034],[104.80754981400008,15.603687571000023],[104.77637890300008,15.733692805000032]]]}},{"type":"Feature","id":"TH5010","properties":{"国家代码":"TH","行政层级":2,"行政层级中文":"县/曼谷区","行政区代码":"5010","上级行政区代码":"50","中文名称":"湄艾县","泰文名称":"แม่อาย","英文名称":"Mae Ai","中文显示名":"湄艾县","中文名状态":"Wikidata已有中文名","边界状态":"可绘制","边界文件":"泰国_ADM2_县区边界.geojson","边界要素ID":"TH5010","边界坐标系":"WGS84 / EPSG:4326","边界数据时点":"2019-02-21","Google原生边界支持":"泰国不支持ADM2","Google地图绘制方式":"加载本GeoJSON到Google Maps Data图层","边界来源":"RTSD/OCHA衍生简化边界（canonical package）"},"geometry":{"type":"Polygon","coordinates":[[[99.50518798700006,20.053703366000036],[99.57287003500005,20.11948959700004],[99.51307463500007,20.147433560000024],[99.40015360300004,20.086209765000035],[99.15871945200007,20.133010892000073],[99.12808041800008,20.106677482000066],[99.15352983900004,20.02009148800005],[99.24426645500006,19.96034777500006],[99.36152524500005,19.77732618700003],[99.41963916700007,19.81376070600004],[99.38126585000003,19.888308120000033],[99.45267458400008,19.981626249000044],[99.50518798700006,20.053703366000036]]]}},{"type":"Feature","id":"TH5003","properties":{"国家代码":"TH","行政层级":2,"行政层级中文":"县/曼谷区","行政区代码":"5003","上级行政区代码":"50","中文名称":"夜占县","泰文名称":"แม่แจ่ม","英文名称":"Mae Chaem","中文显示名":"夜占县","中文名状态":"Wikidata已有中文名","边界状态":"可绘制","边界文件":"泰国_ADM2_县区边界.geojson","边界要素ID":"TH5003","边界坐标系":"WGS84 / EPSG:4326","边界数据时点":"2019-02-21","Google原生边界支持":"泰国不支持ADM2","Google地图绘制方式":"加载本GeoJSON到Google Maps Data图层","边界来源":"RTSD/OCHA衍生简化边界（canonical package）"},"geometry":{"type":"Polygon","coordinates":[[[98.47821860500005,18.926825187000077],[98.37536582200005,18.88269885400007],[98.32250326700006,18.93831213900006],[98.21218095200004,18.87121291400007],[98.10626124800007,18.885460613000078],[98.07959711400008,18.817492625000057],[98.10480502500008,18.67702553600003],[98.11753388300008,18.634739982000042],[98.23720248600006,18.571549323000056],[98.12244949100005,18.50256626500004],[98.07405342300007,18.429951265000057],[98.17039806200006,18.34598751900006],[98.20698385300005,18.302795569000068],[98.13838687100008,18.281156019000036],[98.16950111500006,18.221995106000065],[98.29652519000007,18.233088983000073],[98.30781622600006,18.282740155000056],[98.42061418300005,18.246774525000035],[98.51061332700004,18.48960481900002],[98.48777166000008,18.592997336000053],[98.48909302300007,18.738465043000076],[98.55975095000008,18.802656286000058],[98.47821860500005,18.926825187000077]]]}},{"type":"Feature","id":"TH5607","properties":{"国家代码":"TH","行政层级":2,"行政层级中文":"县/曼谷区","行政区代码":"5607","上级行政区代码":"56","中文名称":"湄猜县","泰文名称":"แม่ใจ","英文名称":"Mae Chai","中文显示名":"湄猜县","中文名状态":"Wikidata已有中文名","边界状态":"可绘制","边界文件":"泰国_ADM2_县区边界.geojson","边界要素ID":"TH5607","边界坐标系":"WGS84 / EPSG:4326","边界数据时点":"2019-02-21","Google原生边界支持":"泰国不支持ADM2","Google地图绘制方式":"加载本GeoJSON到Google Maps Data图层","边界来源":"RTSD/OCHA衍生简化边界（canonical package）"},"geometry":{"type":"Polygon","coordinates":[[[99.91444196100008,19.432455222000044],[99.78677532300009,19.451028993000023],[99.68294610100008,19.422321993000025],[99.69361542700005,19.382684187000052],[99.70428217100005,19.322295203000067],[99.76989603800007,19.291399929000022],[99.89015448400005,19.352130558000056],[99.92000039500005,19.40641256400005],[99.91444196100008,19.432455222000044]]]}},{"type":"Feature","id":"TH5707","properties":{"国家代码":"TH","行政层级":2,"行政层级中文":"县/曼谷区","行政区代码":"5707","上级行政区代码":"57","中文名称":"湄占县","泰文名称":"แม่จัน","英文名称":"Mae Chan","中文显示名":"湄占县","中文名状态":"Wikidata已有中文名","边界状态":"可绘制","边界文件":"泰国_ADM2_县区边界.geojson","边界要素ID":"TH5707","边界坐标系":"WGS84 / EPSG:4326","边界数据时点":"2019-02-21","Google原生边界支持":"泰国不支持ADM2","Google地图绘制方式":"加载本GeoJSON到Google Maps Data图层","边界来源":"RTSD/OCHA衍生简化边界（canonical package）"},"geometry":{"type":"Polygon","coordinates":[[[100.07815726900009,20.20846356800007],[100.03171391100005,20.202876755000034],[99.94510507800004,20.288557549000075],[99.84080035800008,20.268767336000053],[99.77507244700007,20.229851348000068],[99.75495663600003,20.131582899000023],[99.64397115400004,20.106960986000047],[99.54985285900005,20.17548895500005],[99.51307463500007,20.147433560000024],[99.57287003500005,20.11948959700004],[99.50518798700006,20.053703366000036],[99.55416771000006,20.02420835600003],[99.61899210100006,20.098810248000063],[99.68406157000004,20.028293474000066],[99.81193539400005,20.096426665000024],[99.94800494400005,20.136380975000066],[100.01039324900006,20.110836835000043],[100.08232557100007,20.161102449000055],[100.07815726900009,20.20846356800007]]]}},{"type":"Feature","id":"TH5502","properties":{"国家代码":"TH","行政层级":2,"行政层级中文":"县/曼谷区","行政区代码":"5502","上级行政区代码":"55","中文名称":"湄差林县","泰文名称":"แม่จริม","英文名称":"Mae Charim","中文显示名":"湄差林县","中文名状态":"Wikidata已有中文名","边界状态":"可绘制","边界文件":"泰国_ADM2_县区边界.geojson","边界要素ID":"TH5502","边界坐标系":"WGS84 / EPSG:4326","边界数据时点":"2019-02-21","Google原生边界支持":"泰国不支持ADM2","Google地图绘制方式":"加载本GeoJSON到Google Maps Data图层","边界来源":"RTSD/OCHA衍生简化边界（canonical package）"},"geometry":{"type":"Polygon","coordinates":[[[101.24898451100006,18.895971123000038],[101.17377956800004,18.900902925000025],[101.10820984700007,18.851080085000035],[100.98378727900007,18.847924473000035],[100.91863336500006,18.668264916000055],[100.92703689100006,18.624331093000023],[101.10398211500006,18.52140563300003],[101.18337708100006,18.560946487000024],[101.27097008400006,18.69342787900007],[101.23450697800007,18.712123899000062],[101.24898451100006,18.895971123000038]]]}},{"type":"Feature","id":"TH5715","properties":{"国家代码":"TH","行政层级":2,"行政层级中文":"县/曼谷区","行政区代码":"5715","上级行政区代码":"57","中文名称":"湄法銮县","泰文名称":"แม่ฟ้าหลวง","英文名称":"Mae Fa Luang","中文显示名":"湄法銮县","中文名状态":"Wikidata已有中文名","边界状态":"可绘制","边界文件":"泰国_ADM2_县区边界.geojson","边界要素ID":"TH5715","边界坐标系":"WGS84 / EPSG:4326","边界数据时点":"2019-02-21","Google原生边界支持":"泰国不支持ADM2","Google地图绘制方式":"加载本GeoJSON到Google Maps Data图层","边界来源":"RTSD/OCHA衍生简化边界（canonical package）"},"geometry":{"type":"Polygon","coordinates":[[[99.81065542300007,20.336361237000062],[99.67652072500005,20.317422548000025],[99.45776616100005,20.392679814000076],[99.50697045600003,20.325807676000068],[99.54985285900005,20.17548895500005],[99.64397115400004,20.106960986000047],[99.75495663600003,20.131582899000023],[99.77507244700007,20.229851348000068],[99.84080035800008,20.268767336000053],[99.81065542300007,20.336361237000062]]]}},{"type":"Feature","id":"TH5805","properties":{"国家代码":"TH","行政层级":2,"行政层级中文":"县/曼谷区","行政区代码":"5805","上级行政区代码":"58","中文名称":"湄拉内县","泰文名称":"แม่ลาน้อย","英文名称":"Mae La Noi","中文显示名":"湄拉内县","中文名状态":"Wikidata已有中文名","边界状态":"可绘制","边界文件":"泰国_ADM2_县区边界.geojson","边界要素ID":"TH5805","边界坐标系":"WGS84 / EPSG:4326","边界数据时点":"2019-02-21","Google原生边界支持":"泰国不支持ADM2","Google地图绘制方式":"加载本GeoJSON到Google Maps Data图层","边界来源":"RTSD/OCHA衍生简化边界（canonical package）"},"geometry":{"type":"Polygon","coordinates":[[[98.17039806200006,18.34598751900006],[98.07405342300007,18.429951265000057],[98.12244949100005,18.50256626500004],[98.23720248600006,18.571549323000056],[98.11753388300008,18.634739982000042],[98.10480502500008,18.67702553600003],[97.96551256200007,18.617403977000038],[97.77147838000008,18.599235657000065],[97.76851914100007,18.578125252000063],[97.79843081900003,18.37487424400007],[97.97761965800004,18.253159372000027],[98.09210711200006,18.346014971000045],[98.17039806200006,18.34598751900006]]]}},{"type":"Feature","id":"TH9412","properties":{"国家代码":"TH","行政层级":2,"行政层级中文":"县/曼谷区","行政区代码":"9412","上级行政区代码":"94","中文名称":"咪兰县","泰文名称":"แม่ลาน","英文名称":"Mae Lan","中文显示名":"咪兰县","中文名状态":"Wikidata已有中文名","边界状态":"可绘制","边界文件":"泰国_ADM2_县区边界.geojson","边界要素ID":"TH9412","边界坐标系":"WGS84 / EPSG:4326","边界数据时点":"2019-02-21","Google原生边界支持":"泰国不支持ADM2","Google地图绘制方式":"加载本GeoJSON到Google Maps Data图层","边界来源":"RTSD/OCHA衍生简化边界（canonical package）"},"geometry":{"type":"Polygon","coordinates":[[[101.26645642900007,6.695180338000057],[101.20823795700005,6.723281038000039],[101.18430659700005,6.661945446000061],[101.22402740100006,6.606261136000057],[101.28036161800009,6.68187537600005],[101.26645642900007,6.695180338000057]]]}},{"type":"Feature","id":"TH5716","properties":{"国家代码":"TH","行政层级":2,"行政层级中文":"县/曼谷区","行政区代码":"5716","上级行政区代码":"57","中文名称":"湄佬县","泰文名称":"แม่ลาว","英文名称":"Mae Lao","中文显示名":"湄佬县","中文名状态":"Wikidata已有中文名","边界状态":"可绘制","边界文件":"泰国_ADM2_县区边界.geojson","边界要素ID":"TH5716","边界坐标系":"WGS84 / EPSG:4326","边界数据时点":"2019-02-21","Google原生边界支持":"泰国不支持ADM2","Google地图绘制方式":"加载本GeoJSON到Google Maps Data图层","边界来源":"RTSD/OCHA衍生简化边界（canonical package）"},"geometry":{"type":"Polygon","coordinates":[[[99.80639663100004,19.726806441000065],[99.74280314100008,19.832037958000058],[99.63837847000008,19.861522515000047],[99.62434990500009,19.760778518000052],[99.64512786700004,19.696862285000066],[99.80639663100004,19.726806441000065]]]}},{"type":"Feature","id":"TH5202","properties":{"国家代码":"TH","行政层级":2,"行政层级中文":"县/曼谷区","行政区代码":"5202","上级行政区代码":"52","中文名称":"湄莫县","泰文名称":"แม่เมาะ","英文名称":"Mae Mo","中文显示名":"湄莫县","中文名状态":"Wikidata已有中文名","边界状态":"可绘制","边界文件":"泰国_ADM2_县区边界.geojson","边界要素ID":"TH5202","边界坐标系":"WGS84 / EPSG:4326","边界数据时点":"2019-02-21","Google原生边界支持":"泰国不支持ADM2","Google地图绘制方式":"加载本GeoJSON到Google Maps Data图层","边界来源":"RTSD/OCHA衍生简化边界（canonical package）"},"geometry":{"type":"Polygon","coordinates":[[[99.80840826800005,18.603593942000032],[99.71966184100006,18.604573122000033],[99.76778402100007,18.538801180000064],[99.68018386900007,18.40081228200006],[99.62895774900005,18.258570402000032],[99.79240393600008,18.193500493000045],[99.85759805600009,18.28390885500005],[99.90687505500006,18.28051904000006],[99.99920720100005,18.402593799000044],[100.04929202100004,18.531813655000065],[99.92968874800005,18.56255656700006],[99.82009995000004,18.493822660000035],[99.80840826800005,18.603593942000032]]]}},{"type":"Feature","id":"TH5023","properties":{"国家代码":"TH","行政层级":2,"行政层级中文":"县/曼谷区","行政区代码":"5023","上级行政区代码":"50","中文名称":"湄翁县","泰文名称":"แม่ออน","英文名称":"Mae On","中文显示名":"湄翁县","中文名状态":"Wikidata已有中文名","边界状态":"可绘制","边界文件":"泰国_ADM2_县区边界.geojson","边界要素ID":"TH5023","边界坐标系":"WGS84 / EPSG:4326","边界数据时点":"2019-02-21","Google原生边界支持":"泰国不支持ADM2","Google地图绘制方式":"加载本GeoJSON到Google Maps Data图层","边界来源":"RTSD/OCHA衍生简化边界（canonical package）"},"geometry":{"type":"Polygon","coordinates":[[[99.35345439600007,18.579382274000068],[99.32718864700007,18.68445945900004],[99.37147500200007,18.753420277000032],[99.35240144600004,18.847193316000073],[99.37764141900004,18.92171617200006],[99.27915035500007,18.903698789000032],[99.20727043900007,18.813453793000065],[99.21207922800005,18.74212519300005],[99.26693825300003,18.71923785900003],[99.23097689300005,18.653950219000023],[99.21750745600008,18.592009204000078],[99.22536616900004,18.589318134000052],[99.31733741600004,18.532171919000064],[99.35345439600007,18.579382274000068]]]}},{"type":"Feature","id":"TH5209","properties":{"国家代码":"TH","行政层级":2,"行政层级中文":"县/曼谷区","行政区代码":"5209","上级行政区代码":"52","中文名称":"湄普里县","泰文名称":"แม่พริก","英文名称":"Mae Phrik","中文显示名":"湄普里县","中文名状态":"Wikidata已有中文名","边界状态":"可绘制","边界文件":"泰国_ADM2_县区边界.geojson","边界要素ID":"TH5209","边界坐标系":"WGS84 / EPSG:4326","边界数据时点":"2019-02-21","Google原生边界支持":"泰国不支持ADM2","Google地图绘制方式":"加载本GeoJSON到Google Maps Data图层","边界来源":"RTSD/OCHA衍生简化边界（canonical package）"},"geometry":{"type":"Polygon","coordinates":[[[99.04967538000005,17.61252663700003],[98.94428586300006,17.646793788000025],[98.88086685900004,17.627184847000024],[98.91015032500007,17.536710051000057],[99.04694865400006,17.385633650000045],[99.17383769700007,17.335854203000054],[99.21089990500008,17.376537908000046],[99.21382698200006,17.390242512000043],[99.16985789600005,17.448660250000046],[99.18112158000008,17.53247505400003],[99.04967538000005,17.61252663700003]]]}},{"type":"Feature","id":"TH6014","properties":{"国家代码":"TH","行政层级":2,"行政层级中文":"县/曼谷区","行政区代码":"6014","上级行政区代码":"60","中文名称":"梅本县","泰文名称":"แม่เปิน","英文名称":"Mae Pern","中文显示名":"梅本县","中文名状态":"Wikidata已有中文名","边界状态":"可绘制","边界文件":"泰国_ADM2_县区边界.geojson","边界要素ID":"TH6014","边界坐标系":"WGS84 / EPSG:4326","边界数据时点":"2019-02-21","Google原生边界支持":"泰国不支持ADM2","Google地图绘制方式":"加载本GeoJSON到Google Maps Data图层","边界来源":"RTSD/OCHA衍生简化边界（canonical package）"},"geometry":{"type":"Polygon","coordinates":[[[99.46389167400008,15.730785523000065],[99.34645396500008,15.772717029000034],[99.21349216100003,15.779769414000043],[99.24598418400006,15.72206157200003],[99.35975848500004,15.677216436000037],[99.37932216300004,15.62549819000003],[99.49694156400005,15.569297817000063],[99.50574279800009,15.645651434000058],[99.46389167400008,15.730785523000065]]]}},{"type":"Feature","id":"TH6304","properties":{"国家代码":"TH","行政层级":2,"行政层级中文":"县/曼谷区","行政区代码":"6304","上级行政区代码":"63","中文名称":"湄拉马县","泰文名称":"แม่ระมาด","英文名称":"Mae Ramat","中文显示名":"湄拉马县","中文名状态":"Wikidata已有中文名","边界状态":"可绘制","边界文件":"泰国_ADM2_县区边界.geojson","边界要素ID":"TH6304","边界坐标系":"WGS84 / EPSG:4326","边界数据时点":"2019-02-21","Google原生边界支持":"泰国不支持ADM2","Google地图绘制方式":"加载本GeoJSON到Google Maps Data图层","边界来源":"RTSD/OCHA衍生简化边界（canonical package）"},"geometry":{"type":"Polygon","coordinates":[[[98.84403285700006,17.15082842700002],[98.80570203600007,17.189884020000022],[98.76557690500005,17.13908453600004],[98.68284073700005,17.18213091900003],[98.57885419400009,17.29440177600003],[98.39178977600005,17.242274746000078],[98.47007679600006,17.17929403900007],[98.32184696400009,17.066507175000027],[98.40453805200008,17.05607327200005],[98.49476870600006,16.94933467800007],[98.49199837600008,16.843374151000035],[98.53563782500004,16.829678563000073],[98.62413683600005,16.949008974000037],[98.76796758700004,16.977216662000046],[98.83826497600006,16.91189508800005],[98.91227994200005,16.975349221000045],[98.82601125800005,17.070327204000023],[98.84403285700006,17.15082842700002]]]}},{"type":"Feature","id":"TH5007","properties":{"国家代码":"TH","行政层级":2,"行政层级中文":"县/曼谷区","行政区代码":"5007","上级行政区代码":"50","中文名称":"湄林县","泰文名称":"แม่ริม","英文名称":"Mae Rim","中文显示名":"湄林县","中文名状态":"Wikidata已有中文名","边界状态":"可绘制","边界文件":"泰国_ADM2_县区边界.geojson","边界要素ID":"TH5007","边界坐标系":"WGS84 / EPSG:4326","边界数据时点":"2019-02-21","Google原生边界支持":"泰国不支持ADM2","Google地图绘制方式":"加载本GeoJSON到Google Maps Data图层","边界来源":"RTSD/OCHA衍生简化边界（canonical package）"},"geometry":{"type":"Polygon","coordinates":[[[98.95829688000003,19.043293447000053],[98.82098643200004,19.032180702000062],[98.77078390300005,19.076314602000025],[98.74760281700009,19.023051648000035],[98.80042121100007,18.92031730800005],[98.79080543000003,18.848919582000065],[98.86761333100009,18.838004959000045],[98.98616147600006,18.84294871900005],[98.99999181400005,18.875240544000064],[98.95829688000003,19.043293447000053]]]}},{"type":"Feature","id":"TH5709","properties":{"国家代码":"TH","行政层级":2,"行政层级中文":"县/曼谷区","行政区代码":"5709","上级行政区代码":"57","中文名称":"美塞","泰文名称":"แม่สาย","英文名称":"Mae Sai","中文显示名":"美塞","中文名状态":"Wikidata已有中文名","边界状态":"可绘制","边界文件":"泰国_ADM2_县区边界.geojson","边界要素ID":"TH5709","边界坐标系":"WGS84 / EPSG:4326","边界数据时点":"2019-02-21","Google原生边界支持":"泰国不支持ADM2","Google地图绘制方式":"加载本GeoJSON到Google Maps Data图层","边界来源":"RTSD/OCHA衍生简化边界（canonical package）"},"geometry":{"type":"Polygon","coordinates":[[[100.03580509000005,20.39816740300006],[99.95571435700003,20.46472195700005],[99.86513415700006,20.446171565000043],[99.81065542300007,20.336361237000062],[99.84080035800008,20.268767336000053],[99.94510507800004,20.288557549000075],[99.96801406900005,20.354782845000045],[100.03580509000005,20.39816740300006]]]}},{"type":"Feature","id":"TH5804","properties":{"国家代码":"TH","行政层级":2,"行政层级中文":"县/曼谷区","行政区代码":"5804","上级行政区代码":"58","中文名称":"迈萨良县","泰文名称":"แม่สะเรียง","英文名称":"Mae Sariang","中文显示名":"迈萨良县","中文名状态":"Wikidata已有中文名","边界状态":"可绘制","边界文件":"泰国_ADM2_县区边界.geojson","边界要素ID":"TH5804","边界坐标系":"WGS84 / EPSG:4326","边界数据时点":"2019-02-21","Google原生边界支持":"泰国不支持ADM2","Google地图绘制方式":"加载本GeoJSON到Google Maps Data图层","边界来源":"RTSD/OCHA衍生简化边界（canonical package）"},"geometry":{"type":"Polygon","coordinates":[[[97.76851914100007,18.578125252000063],[97.65061460400005,18.576938616000064],[97.53679412000008,18.49274103500005],[97.44411622300004,18.49526432300007],[97.36224210100005,18.56180640100007],[97.44672769900006,18.331405991000054],[97.50303192100006,18.266505815000073],[97.55136358500005,18.33458498600004],[97.63908140600006,18.287019601000054],[97.61517556500007,18.222797007000054],[97.67735239300004,18.15428989800006],[97.72060836600008,18.01539099400003],[97.90698780200006,18.025214301000062],[97.96170508800009,18.099030992000053],[98.05756062800003,17.994198348000054],[98.12400388200007,18.09175732800003],[98.08968264500004,18.154556025000034],[98.16205680400009,18.147055864000038],[98.16950111500006,18.221995106000065],[98.13838687100008,18.281156019000036],[98.20698385300005,18.302795569000068],[98.17039806200006,18.34598751900006],[98.09210711200006,18.346014971000045],[97.97761965800004,18.253159372000027],[97.79843081900003,18.37487424400007],[97.76851914100007,18.578125252000063]]]}},{"type":"Feature","id":"TH6306","properties":{"国家代码":"TH","行政层级":2,"行政层级中文":"县/曼谷区","行政区代码":"6306","上级行政区代码":"63","中文名称":"湄索县","泰文名称":"แม่สอด","英文名称":"Mae Sot","中文显示名":"湄索县","中文名状态":"Wikidata已有中文名","边界状态":"可绘制","边界文件":"泰国_ADM2_县区边界.geojson","边界要素ID":"TH6306","边界坐标系":"WGS84 / EPSG:4326","边界数据时点":"2019-02-21","Google原生边界支持":"泰国不支持ADM2","Google地图绘制方式":"加载本GeoJSON到Google Maps Data图层","边界来源":"RTSD/OCHA衍生简化边界（canonical package）"},"geometry":{"type":"Polygon","coordinates":[[[98.83826497600006,16.91189508800005],[98.76796758700004,16.977216662000046],[98.62413683600005,16.949008974000037],[98.53563782500004,16.829678563000073],[98.46307608800004,16.730372911000075],[98.51309598800003,16.644135025000026],[98.57116453400005,16.631253050000055],[98.59575500400007,16.54075715500005],[98.68810809200005,16.53344160200004],[98.75397505100005,16.596459895000066],[98.93319686300003,16.640834402000053],[98.95347739900006,16.723269904000063],[98.82688154100003,16.87267527800003],[98.83826497600006,16.91189508800005]]]}},{"type":"Feature","id":"TH5710","properties":{"国家代码":"TH","行政层级":2,"行政层级中文":"县/曼谷区","行政区代码":"5710","上级行政区代码":"57","中文名称":"湄岁县","泰文名称":"แม่สรวย","英文名称":"Mae Suai","中文显示名":"湄岁县","中文名状态":"Wikidata已有中文名","边界状态":"可绘制","边界文件":"泰国_ADM2_县区边界.geojson","边界要素ID":"TH5710","边界坐标系":"WGS84 / EPSG:4326","边界数据时点":"2019-02-21","Google原生边界支持":"泰国不支持ADM2","Google地图绘制方式":"加载本GeoJSON到Google Maps Data图层","边界来源":"RTSD/OCHA衍生简化边界（canonical package）"},"geometry":{"type":"Polygon","coordinates":[[[99.62434990500009,19.760778518000052],[99.57065295300004,19.78809679400007],[99.57822775500006,19.896101186000067],[99.52924322900009,19.964552566000066],[99.45267458400008,19.981626249000044],[99.38126585000003,19.888308120000033],[99.41963916700007,19.81376070600004],[99.36152524500005,19.77732618700003],[99.34408176700003,19.711672320000048],[99.26471925400006,19.663715473000025],[99.29515801400004,19.570782958000052],[99.32599403000006,19.539399118000063],[99.49030355300005,19.458367948000046],[99.58254564100008,19.473729481000078],[99.64724639200006,19.60617463400007],[99.64512786700004,19.696862285000066],[99.62434990500009,19.760778518000052]]]}},{"type":"Feature","id":"TH5006","properties":{"国家代码":"TH","行政层级":2,"行政层级中文":"县/曼谷区","行政区代码":"5006","上级行政区代码":"50","中文名称":"湄登县","泰文名称":"แม่แตง","英文名称":"Mae Taeng","中文显示名":"湄登县","中文名状态":"Wikidata已有中文名","边界状态":"可绘制","边界文件":"泰国_ADM2_县区边界.geojson","边界要素ID":"TH5006","边界坐标系":"WGS84 / EPSG:4326","边界数据时点":"2019-02-21","Google原生边界支持":"泰国不支持ADM2","Google地图绘制方式":"加载本GeoJSON到Google Maps Data图层","边界来源":"RTSD/OCHA衍生简化边界（canonical package）"},"geometry":{"type":"Polygon","coordinates":[[[99.07684222500006,19.26237414800005],[98.89361092200005,19.267342634000045],[98.74764247400003,19.325721088000023],[98.59518662600004,19.353982962000032],[98.58559141000006,19.186096768000027],[98.63829808200006,19.15465165300003],[98.64074559200009,19.068578924000064],[98.77078390300005,19.076314602000025],[98.82098643200004,19.032180702000062],[98.95829688000003,19.043293447000053],[98.94687061500008,19.102494230000048],[99.07850829900008,19.039834255000073],[99.11348677500007,19.071894409000038],[99.15461771100007,19.191632595000044],[99.07684222500006,19.26237414800005]]]}},{"type":"Feature","id":"TH5210","properties":{"国家代码":"TH","行政层级":2,"行政层级中文":"县/曼谷区","行政区代码":"5210","上级行政区代码":"52","中文名称":"湄他县","泰文名称":"แม่ทะ","英文名称":"Mae Tha","中文显示名":"湄他县","中文名状态":"Wikidata已有中文名","边界状态":"可绘制","边界文件":"泰国_ADM2_县区边界.geojson","边界要素ID":"TH5210","边界坐标系":"WGS84 / EPSG:4326","边界数据时点":"2019-02-21","Google原生边界支持":"泰国不支持ADM2","Google地图绘制方式":"加载本GeoJSON到Google Maps Data图层","边界来源":"RTSD/OCHA衍生简化边界（canonical package）"},"geometry":{"type":"Polygon","coordinates":[[[99.79240393600008,18.193500493000045],[99.62895774900005,18.258570402000032],[99.52969635300008,18.183058234000043],[99.42766282400004,18.18984746700005],[99.42184271400004,18.007084433000045],[99.41788105000006,17.951290967000034],[99.48303666200007,17.920189523000033],[99.66882569900008,18.041677436000043],[99.71982770900007,18.07008496800006],[99.79240393600008,18.193500493000045]]]}},{"type":"Feature","id":"TH5102","properties":{"国家代码":"TH","行政层级":2,"行政层级中文":"县/曼谷区","行政区代码":"5102","上级行政区代码":"51","中文名称":"湄他县","泰文名称":"แม่ทา","英文名称":"Mae Tha","中文显示名":"湄他县","中文名状态":"Wikidata已有中文名","边界状态":"可绘制","边界文件":"泰国_ADM2_县区边界.geojson","边界要素ID":"TH5102","边界坐标系":"WGS84 / EPSG:4326","边界数据时点":"2019-02-21","Google原生边界支持":"泰国不支持ADM2","Google地图绘制方式":"加载本GeoJSON到Google Maps Data图层","边界来源":"RTSD/OCHA衍生简化边界（canonical package）"},"geometry":{"type":"Polygon","coordinates":[[[99.31733741600004,18.532171919000064],[99.22536616900004,18.589318134000052],[99.16507574700006,18.49338323300003],[98.95102298300009,18.43694905900003],[98.92168811400006,18.335843389000047],[98.96226452000008,18.280116037000028],[98.90443143100003,18.27501177700003],[98.98847852000006,18.171407189000035],[99.03732912500004,18.19987437700007],[99.01789204200008,18.25264907600007],[99.11919304400004,18.297983015000057],[99.23950120600006,18.472715926000035],[99.30231199800005,18.49100291700006],[99.31733741600004,18.532171919000064]]]}},{"type":"Feature","id":"TH5022","properties":{"国家代码":"TH","行政层级":2,"行政层级中文":"县/曼谷区","行政区代码":"5022","上级行政区代码":"50","中文名称":"湄旺县","泰文名称":"แม่วาง","英文名称":"Mae Wang","中文显示名":"湄旺县","中文名状态":"Wikidata已有中文名","边界状态":"可绘制","边界文件":"泰国_ADM2_县区边界.geojson","边界要素ID":"TH5022","边界坐标系":"WGS84 / EPSG:4326","边界数据时点":"2019-02-21","Google原生边界支持":"泰国不支持ADM2","Google地图绘制方式":"加载本GeoJSON到Google Maps Data图层","边界来源":"RTSD/OCHA衍生简化边界（canonical package）"},"geometry":{"type":"Polygon","coordinates":[[[98.81566672100007,18.73262628300006],[98.70470851200008,18.781750742000042],[98.60228745900008,18.727364100000045],[98.55975095000008,18.802656286000058],[98.48909302300007,18.738465043000076],[98.48777166000008,18.592997336000053],[98.62398487900003,18.59980338400004],[98.69440413400008,18.620238013000062],[98.71825682800005,18.56885640400003],[98.79907580100007,18.58467283500005],[98.85294123900007,18.545292287000052],[98.80662431100006,18.685447871000065],[98.82361273500004,18.718489744000067],[98.81566672100007,18.73262628300006]]]}},{"type":"Feature","id":"TH6013","properties":{"国家代码":"TH","行政层级":2,"行政层级中文":"县/曼谷区","行政区代码":"6013","上级行政区代码":"60","中文名称":"湄翁县","泰文名称":"แม่วงก์","英文名称":"Mae Wong","中文显示名":"湄翁县","中文名状态":"Wikidata已有中文名","边界状态":"可绘制","边界文件":"泰国_ADM2_县区边界.geojson","边界要素ID":"TH6013","边界坐标系":"WGS84 / EPSG:4326","边界数据时点":"2019-02-21","Google原生边界支持":"泰国不支持ADM2","Google地图绘制方式":"加载本GeoJSON到Google Maps Data图层","边界来源":"RTSD/OCHA衍生简化边界（canonical package）"},"geometry":{"type":"Polygon","coordinates":[[[99.34880060700004,15.922756179000032],[99.29221785900006,15.893306619000043],[99.22066950700008,15.944399066000074],[99.08612096900004,15.884496026000022],[99.13369905300004,15.798261423000042],[99.19078496400004,15.779433892000043],[99.21349216100003,15.779769414000043],[99.34645396500008,15.772717029000034],[99.46389167400008,15.730785523000065],[99.61915874200008,15.715116784000031],[99.68290842400006,15.863174117000028],[99.53864170600008,15.924777447000054],[99.44778004500006,15.902463111000031],[99.34880060700004,15.922756179000032]]]}},{"type":"Feature","id":"TH3506","properties":{"国家代码":"TH","行政层级":2,"行政层级中文":"县/曼谷区","行政区代码":"3506","上级行政区代码":"35","中文名称":"玛哈差那猜县","泰文名称":"มหาชนะชัย","英文名称":"Maha Chana Chai","中文显示名":"玛哈差那猜县","中文名状态":"Wikidata已有中文名","边界状态":"可绘制","边界文件":"泰国_ADM2_县区边界.geojson","边界要素ID":"TH3506","边界坐标系":"WGS84 / EPSG:4326","边界数据时点":"2019-02-21","Google原生边界支持":"泰国不支持ADM2","Google地图绘制方式":"加载本GeoJSON到Google Maps Data图层","边界来源":"RTSD/OCHA衍生简化边界（canonical package）"},"geometry":{"type":"Polygon","coordinates":[[[104.38591622300004,15.53625071700003],[104.28489935700009,15.597232767000037],[104.20945809500006,15.608959412000047],[104.12173508800004,15.563130354000066],[104.17112029300006,15.472411446000024],[104.23286340900006,15.403150238000023],[104.37230066800004,15.457492201000036],[104.38591622300004,15.53625071700003]]]}},{"type":"Feature","id":"TH1415","properties":{"国家代码":"TH","行政层级":2,"行政层级中文":"县/曼谷区","行政区代码":"1415","上级行政区代码":"14","中文名称":"马哈叻县","泰文名称":"มหาราช","英文名称":"Maha Rat","中文显示名":"马哈叻县","中文名状态":"Wikidata已有中文名","边界状态":"可绘制","边界文件":"泰国_ADM2_县区边界.geojson","边界要素ID":"TH1415","边界坐标系":"WGS84 / EPSG:4326","边界数据时点":"2019-02-21","Google原生边界支持":"泰国不支持ADM2","Google地图绘制方式":"加载本GeoJSON到Google Maps Data图层","边界来源":"RTSD/OCHA衍生简化边界（canonical package）"},"geometry":{"type":"Polygon","coordinates":[[[100.58198596700004,14.62440686900004],[100.50301201900004,14.630029568000054],[100.50012768700009,14.61770795600006],[100.49234545300004,14.532342630000073],[100.49639149400008,14.507660496000028],[100.60184496400007,14.554215713000076],[100.58198596700004,14.62440686900004]]]}},{"type":"Feature","id":"TH9408","properties":{"国家代码":"TH","行政层级":2,"行政层级中文":"县/曼谷区","行政区代码":"9408","上级行政区代码":"94","中文名称":"卖敬县","泰文名称":"ไม้แก่น","英文名称":"Mai Kaen","中文显示名":"卖敬县","中文名状态":"Wikidata已有中文名","边界状态":"可绘制","边界文件":"泰国_ADM2_县区边界.geojson","边界要素ID":"TH9408","边界坐标系":"WGS84 / EPSG:4326","边界数据时点":"2019-02-21","Google原生边界支持":"泰国不支持ADM2","Google地图绘制方式":"加载本GeoJSON到Google Maps Data图层","边界来源":"RTSD/OCHA衍生简化边界（canonical package）"},"geometry":{"type":"Polygon","coordinates":[[[101.66377691100007,6.671549918000039],[101.63140115900006,6.635138712000071],[101.70931256500006,6.568903285000033],[101.72484185400003,6.576857325000049],[101.66377691100007,6.671549918000039]]]}},{"type":"Feature","id":"TH2205","properties":{"国家代码":"TH","行政层级":2,"行政层级中文":"县/曼谷区","行政区代码":"2205","上级行政区代码":"22","中文名称":"玛堪县","泰文名称":"มะขาม","英文名称":"Makham","中文显示名":"玛堪县","中文名状态":"Wikidata已有中文名","边界状态":"可绘制","边界文件":"泰国_ADM2_县区边界.geojson","边界要素ID":"TH2205","边界坐标系":"WGS84 / EPSG:4326","边界数据时点":"2019-02-21","Google原生边界支持":"泰国不支持ADM2","Google地图绘制方式":"加载本GeoJSON到Google Maps Data图层","边界来源":"RTSD/OCHA衍生简化边界（canonical package）"},"geometry":{"type":"Polygon","coordinates":[[[102.32143570700003,12.808970637000073],[102.23352120800007,12.885152235000021],[102.10142394200005,12.735566198000072],[102.21097147800003,12.590446107000048],[102.29586409100006,12.639906698000061],[102.27618756600003,12.711974014000077],[102.33204187600006,12.714930065000033],[102.32143570700003,12.808970637000073]]]}},{"type":"Feature","id":"TH9107","properties":{"国家代码":"TH","行政层级":2,"行政层级中文":"县/曼谷区","行政区代码":"9107","上级行政区代码":"91","中文名称":"玛南县","泰文名称":"มะนัง","英文名称":"Manang","中文显示名":"玛南县","中文名状态":"Wikidata已有中文名","边界状态":"可绘制","边界文件":"泰国_ADM2_县区边界.geojson","边界要素ID":"TH9107","边界坐标系":"WGS84 / EPSG:4326","边界数据时点":"2019-02-21","Google原生边界支持":"泰国不支持ADM2","Google地图绘制方式":"加载本GeoJSON到Google Maps Data图层","边界来源":"RTSD/OCHA衍生简化边界（canonical package）"},"geometry":{"type":"Polygon","coordinates":[[[99.99216811600007,7.066927777000046],[99.94812364200004,7.101188786000023],[99.87445179000008,7.079448073000037],[99.89216955100005,6.9761575210000615],[99.86516198900006,6.911719468000058],[99.98014736600004,6.945817921000071],[99.99216811600007,7.066927777000046]]]}},{"type":"Feature","id":"TH4017","properties":{"国家代码":"TH","行政层级":2,"行政层级中文":"县/曼谷区","行政区代码":"4017","上级行政区代码":"40","中文名称":"曼乍奇里县","泰文名称":"มัญจาคีรี","英文名称":"Mancha Khiri","中文显示名":"曼乍奇里县","中文名状态":"Wikidata已有中文名","边界状态":"可绘制","边界文件":"泰国_ADM2_县区边界.geojson","边界要素ID":"TH4017","边界坐标系":"WGS84 / EPSG:4326","边界数据时点":"2019-02-21","Google原生边界支持":"泰国不支持ADM2","Google地图绘制方式":"加载本GeoJSON到Google Maps Data图层","边界来源":"RTSD/OCHA衍生简化边界（canonical package）"},"geometry":{"type":"Polygon","coordinates":[[[102.52232298500007,16.35504543600007],[102.45886768900004,16.39468781100004],[102.41799384000007,16.25417698800004],[102.34532220400007,16.160563678000074],[102.40742849500003,16.10756754500005],[102.44742632200007,16.153797200000042],[102.49289079600004,16.079242527000076],[102.63881269400008,16.136656385000038],[102.68199126100006,16.187046543000065],[102.68679797200008,16.244247190000067],[102.52691222200008,16.342969821000054],[102.52232298500007,16.35504543600007]]]}},{"type":"Feature","id":"TH1802","properties":{"国家代码":"TH","行政层级":2,"行政层级中文":"县/曼谷区","行政区代码":"1802","上级行政区代码":"18","中文名称":"马诺鲁区","泰文名称":"มโนรมย์","英文名称":"Manorom","中文显示名":"马诺鲁区","中文名状态":"Wikidata已有中文名","边界状态":"可绘制","边界文件":"泰国_ADM2_县区边界.geojson","边界要素ID":"TH1802","边界坐标系":"WGS84 / EPSG:4326","边界数据时点":"2019-02-21","Google原生边界支持":"泰国不支持ADM2","Google地图绘制方式":"加载本GeoJSON到Google Maps Data图层","边界来源":"RTSD/OCHA衍生简化边界（canonical package）"},"geometry":{"type":"Polygon","coordinates":[[[100.21784782000003,15.363384734000022],[100.10186987000009,15.417357425000034],[100.05606914800006,15.268930625000053],[100.15301897200004,15.24562338100003],[100.26503365900004,15.268409418000033],[100.21784782000003,15.363384734000022]]]}},{"type":"Feature","id":"TH9405","properties":{"国家代码":"TH","行政层级":2,"行政层级中文":"县/曼谷区","行政区代码":"9405","上级行政区代码":"94","中文名称":"玛裕县","泰文名称":"มายอ","英文名称":"Mayo","中文显示名":"玛裕县","中文名状态":"Wikidata已有中文名","边界状态":"可绘制","边界文件":"泰国_ADM2_县区边界.geojson","边界要素ID":"TH9405","边界坐标系":"WGS84 / EPSG:4326","边界数据时点":"2019-02-21","Google原生边界支持":"泰国不支持ADM2","Google地图绘制方式":"加载本GeoJSON到Google Maps Data图层","边界来源":"RTSD/OCHA衍生简化边界（canonical package）"},"geometry":{"type":"Polygon","coordinates":[[[101.46143422200004,6.7738206800000285],[101.33406086200006,6.770260457000063],[101.31836994300005,6.7148957330000485],[101.37263981300003,6.599366802000077],[101.48665708100003,6.7126176060000375],[101.50123982900004,6.733949216000042],[101.46143422200004,6.7738206800000285]]]}},{"type":"Feature","id":"TH1010","properties":{"国家代码":"TH","行政层级":2,"行政层级中文":"县/曼谷区","行政区代码":"1010","上级行政区代码":"10","中文名称":"民武里縣","泰文名称":"มีนบุรี","英文名称":"Min Buri","中文显示名":"民武里縣","中文名状态":"Wikidata已有中文名","边界状态":"可绘制","边界文件":"泰国_ADM2_县区边界.geojson","边界要素ID":"TH1010","边界坐标系":"WGS84 / EPSG:4326","边界数据时点":"2019-02-21","Google原生边界支持":"泰国不支持ADM2","Google地图绘制方式":"加载本GeoJSON到Google Maps Data图层","边界来源":"RTSD/OCHA衍生简化边界（canonical package）"},"geometry":{"type":"Polygon","coordinates":[[[100.79509311000004,13.793974302000038],[100.79899596500007,13.849289744000032],[100.69677590500004,13.81549276100003],[100.70496396600004,13.797679626000047],[100.71640317600009,13.778113848000032],[100.79509311000004,13.793974302000038]]]}},{"type":"Feature","id":"TH4515","properties":{"国家代码":"TH","行政层级":2,"行政层级中文":"县/曼谷区","行政区代码":"4515","上级行政区代码":"45","中文名称":"梅瓦迪县","泰文名称":"เมยวดี","英文名称":"Moei Wadi","中文显示名":"梅瓦迪县","中文名状态":"Wikidata已有中文名","边界状态":"可绘制","边界文件":"泰国_ADM2_县区边界.geojson","边界要素ID":"TH4515","边界坐标系":"WGS84 / EPSG:4326","边界数据时点":"2019-02-21","Google原生边界支持":"泰国不支持ADM2","Google地图绘制方式":"加载本GeoJSON到Google Maps Data图层","边界来源":"RTSD/OCHA衍生简化边界（canonical package）"},"geometry":{"type":"Polygon","coordinates":[[[104.23785792300004,16.428572174000067],[104.17242400300006,16.445946495000044],[104.04547132500005,16.390880409000033],[104.02129001600008,16.296821987000044],[104.06408003300004,16.30924927500007],[104.23785792300004,16.428572174000067]]]}},{"type":"Feature","id":"TH1911","properties":{"国家代码":"TH","行政层级":2,"行政层级中文":"县/曼谷区","行政区代码":"1911","上级行政区代码":"19","中文名称":"莫莱县","泰文名称":"มวกเหล็ก","英文名称":"Muak Lek","中文显示名":"莫莱县","中文名状态":"Wikidata已有中文名","边界状态":"可绘制","边界文件":"泰国_ADM2_县区边界.geojson","边界要素ID":"TH1911","边界坐标系":"WGS84 / EPSG:4326","边界数据时点":"2019-02-21","Google原生边界支持":"泰国不支持ADM2","Google地图绘制方式":"加载本GeoJSON到Google Maps Data图层","边界来源":"RTSD/OCHA衍生简化边界（canonical package）"},"geometry":{"type":"Polygon","coordinates":[[[101.40022633700005,15.073792757000035],[101.36307893800006,15.046971339000038],[101.33157233100007,14.982754885000077],[101.21931341200008,14.919249235000052],[101.22823124300004,14.834768051000026],[101.11390839600006,14.699853913000027],[101.07543917700008,14.730676333000076],[101.13313643900005,14.648378939000054],[101.14239520300004,14.537226516000032],[101.24283172200006,14.471104316000037],[101.18144376700008,14.547400271000072],[101.21581990800007,14.590527120000047],[101.19894691400003,14.755928070000039],[101.28091246900004,14.726229594000074],[101.45015668300005,14.857215820000022],[101.44856781000004,14.902157604000024],[101.40022633700005,15.073792757000035]]]}},{"type":"Feature","id":"TH3414","properties":{"国家代码":"TH","行政层级":2,"行政层级中文":"县/曼谷区","行政区代码":"3414","上级行政区代码":"34","中文名称":"孟桑西县","泰文名称":"ม่วงสามสิบ","英文名称":"Muang Sam Sip","中文显示名":"孟桑西县","中文名状态":"Wikidata已有中文名","边界状态":"可绘制","边界文件":"泰国_ADM2_县区边界.geojson","边界要素ID":"TH3414","边界坐标系":"WGS84 / EPSG:4326","边界数据时点":"2019-02-21","Google原生边界支持":"泰国不支持ADM2","Google地图绘制方式":"加载本GeoJSON到Google Maps Data图层","边界来源":"RTSD/OCHA衍生简化边界（canonical package）"},"geometry":{"type":"Polygon","coordinates":[[[104.80754981400008,15.603687571000023],[104.62006736500007,15.687008168000034],[104.63743448300005,15.646958945000051],[104.56611250600008,15.556378805000065],[104.68685693000003,15.391688831000067],[104.73884570100006,15.36455152600007],[104.79047192800004,15.414113297000029],[104.85058123900006,15.38572488400007],[104.84135446500005,15.526494782000043],[104.86981367500005,15.538341982000077],[104.80754981400008,15.603687571000023]]]}},{"type":"Feature","id":"TH3701","properties":{"国家代码":"TH","行政层级":2,"行政层级中文":"县/曼谷区","行政区代码":"3701","上级行政区代码":"37","中文名称":"安纳乍伦府治县","泰文名称":"เมืองอำนาจเจริญ","英文名称":"Mueang Amnat Charoen","中文显示名":"安纳乍伦府治县","中文名状态":"Wikidata已有中文名","边界状态":"可绘制","边界文件":"泰国_ADM2_县区边界.geojson","边界要素ID":"TH3701","边界坐标系":"WGS84 / EPSG:4326","边界数据时点":"2019-02-21","Google原生边界支持":"泰国不支持ADM2","Google地图绘制方式":"加载本GeoJSON到Google Maps Data图层","边界来源":"RTSD/OCHA衍生简化边界（canonical package）"},"geometry":{"type":"Polygon","coordinates":[[[104.78402757100008,15.96536710600003],[104.70496548800008,16.015482946000077],[104.53137100700008,16.003802165000025],[104.50195090200003,15.976500546000068],[104.43348225000005,15.779258365000032],[104.60513090000006,15.766060053000047],[104.69962127800005,15.801195763000067],[104.77637890300008,15.733692805000032],[104.82149853300007,15.786249188000056],[104.78402757100008,15.96536710600003]]]}},{"type":"Feature","id":"TH1501","properties":{"国家代码":"TH","行政层级":2,"行政层级中文":"县/曼谷区","行政区代码":"1501","上级行政区代码":"15","中文名称":"红统府治县","泰文名称":"เมืองอ่างทอง","英文名称":"Mueang Ang Thong","中文显示名":"红统府治县","中文名状态":"Wikidata已有中文名","边界状态":"可绘制","边界文件":"泰国_ADM2_县区边界.geojson","边界要素ID":"TH1501","边界坐标系":"WGS84 / EPSG:4326","边界数据时点":"2019-02-21","Google原生边界支持":"泰国不支持ADM2","Google地图绘制方式":"加载本GeoJSON到Google Maps Data图层","边界来源":"RTSD/OCHA衍生简化边界（canonical package）"},"geometry":{"type":"Polygon","coordinates":[[[100.50012768700009,14.61770795600006],[100.43175677000005,14.626833240000053],[100.39624614500008,14.603203595000025],[100.40438017200006,14.540037977000054],[100.49234545300004,14.532342630000073],[100.50012768700009,14.61770795600006]]]}},{"type":"Feature","id":"TH3801","properties":{"国家代码":"TH","行政层级":2,"行政层级中文":"县/曼谷区","行政区代码":"3801","上级行政区代码":"38","中文名称":"汶干府治县","泰文名称":"เมืองบึงกาฬ","英文名称":"Bueng Kan","中文显示名":"汶干府治县","中文名状态":"Wikidata已有中文名","边界状态":"可绘制","边界文件":"泰国_ADM2_县区边界.geojson","边界要素ID":"TH3801","边界坐标系":"WGS84 / EPSG:4326","边界数据时点":"2019-02-21","Google原生边界支持":"泰国不支持ADM2","Google地图绘制方式":"加载本GeoJSON到Google Maps Data图层","边界来源":"RTSD/OCHA衍生简化边界（canonical package）"},"geometry":{"type":"Polygon","coordinates":[[[103.88476029300006,18.293176046000042],[103.82385109900008,18.33628998100005],[103.68871351300004,18.348588108000058],[103.63965809400008,18.38858438500006],[103.41489389200007,18.447984935000022],[103.32705318700005,18.434135260000062],[103.30824168300006,18.37893858800004],[103.40004637500004,18.28107635600003],[103.45295191800005,18.323072882000076],[103.52808522000004,18.309764835000067],[103.58463584900005,18.198884672000077],[103.64761469900009,18.173744569000064],[103.71975988500009,18.21293702500003],[103.73360389000004,18.275741078000067],[103.79934726500005,18.260751802000073],[103.89344736900006,18.12026091900003],[103.87277782900009,18.218482081000047],[103.88476029300006,18.293176046000042]]]}},{"type":"Feature","id":"TH3101","properties":{"国家代码":"TH","行政层级":2,"行政层级中文":"县/曼谷区","行政区代码":"3101","上级行政区代码":"31","中文名称":"武里南直辖县","泰文名称":"เมืองบุรีรัมย์","英文名称":"Mueang Buri Ram","中文显示名":"武里南直辖县","中文名状态":"Wikidata已有中文名","边界状态":"可绘制","边界文件":"泰国_ADM2_县区边界.geojson","边界要素ID":"TH3101","边界坐标系":"WGS84 / EPSG:4326","边界数据时点":"2019-02-21","Google原生边界支持":"泰国不支持ADM2","Google地图绘制方式":"加载本GeoJSON到Google Maps Data图层","边界来源":"RTSD/OCHA衍生简化边界（canonical package）"},"geometry":{"type":"Polygon","coordinates":[[[103.12904484800004,15.137878424000064],[102.98301710300007,15.112305002000028],[103.00748662400008,15.02378880200007],[102.92331502500008,14.935798669000064],[102.91305824700004,14.836072878000039],[102.93309834000007,14.794710500000065],[102.96169542800004,14.753430113000036],[103.05149078500006,14.83745201000005],[103.08530266800005,14.822155677000069],[103.21063132700004,14.79189954800006],[103.19153501900007,14.900776376000067],[103.14770364700007,14.950688261000039],[103.19400472500007,15.049938473000054],[103.13367889000006,15.077079539000067],[103.12904484800004,15.137878424000064]]]}},{"type":"Feature","id":"TH2401","properties":{"国家代码":"TH","行政层级":2,"行政层级中文":"县/曼谷区","行政区代码":"2401","上级行政区代码":"24","中文名称":"北柳直辖县","泰文名称":"เมืองฉะเชิงเทรา","英文名称":"Mueang Chachoengsao","中文显示名":"北柳直辖县","中文名状态":"Wikidata已有中文名","边界状态":"可绘制","边界文件":"泰国_ADM2_县区边界.geojson","边界要素ID":"TH2401","边界坐标系":"WGS84 / EPSG:4326","边界数据时点":"2019-02-21","Google原生边界支持":"泰国不支持ADM2","Google地图绘制方式":"加载本GeoJSON到Google Maps Data图层","边界来源":"RTSD/OCHA衍生简化边界（canonical package）"},"geometry":{"type":"Polygon","coordinates":[[[101.11463626700004,13.779493499000068],[100.93085189000004,13.804404244000068],[100.87883300700008,13.737877175000051],[100.86076681300005,13.696903409000072],[100.93755046400008,13.668675565000058],[101.14254045600006,13.652419775000055],[101.14408267700009,13.709271898000054],[101.11463626700004,13.779493499000068]]]}},{"type":"Feature","id":"TH1801","properties":{"国家代码":"TH","行政层级":2,"行政层级中文":"县/曼谷区","行政区代码":"1801","上级行政区代码":"18","中文名称":"猜纳府治县","泰文名称":"เมืองชัยนาท","英文名称":"Mueang Chai Nat","中文显示名":"猜纳府治县","中文名状态":"Wikidata已有中文名","边界状态":"可绘制","边界文件":"泰国_ADM2_县区边界.geojson","边界要素ID":"TH1801","边界坐标系":"WGS84 / EPSG:4326","边界数据时点":"2019-02-21","Google原生边界支持":"泰国不支持ADM2","Google地图绘制方式":"加载本GeoJSON到Google Maps Data图层","边界来源":"RTSD/OCHA衍生简化边界（canonical package）"},"geometry":{"type":"Polygon","coordinates":[[[100.26503365900004,15.268409418000033],[100.15301897200004,15.24562338100003],[100.05606914800006,15.268930625000053],[100.05816397900008,15.26366521600005],[100.03838083800008,15.139357134000022],[100.07249663100004,15.088817240000026],[100.18500127300007,15.117765904000066],[100.17708450000003,15.223126518000072],[100.29361736800007,15.207693696000035],[100.26503365900004,15.268409418000033]]]}},{"type":"Feature","id":"TH3601","properties":{"国家代码":"TH","行政层级":2,"行政层级中文":"县/曼谷区","行政区代码":"3601","上级行政区代码":"36","中文名称":"猜也蓬府治县","泰文名称":"เมืองชัยภูมิ","英文名称":"Mueang Chaiyaphum","中文显示名":"猜也蓬府治县","中文名状态":"Wikidata已有中文名","边界状态":"可绘制","边界文件":"泰国_ADM2_县区边界.geojson","边界要素ID":"TH3601","边界坐标系":"WGS84 / EPSG:4326","边界数据时点":"2019-02-21","Google原生边界支持":"泰国不支持ADM2","Google地图绘制方式":"加载本GeoJSON到Google Maps Data图层","边界来源":"RTSD/OCHA衍生简化边界（canonical package）"},"geometry":{"type":"Polygon","coordinates":[[[102.05312061100005,16.251481429000023],[101.91990848500006,16.026780905000066],[101.75274127800009,15.974783471000023],[101.83920684700007,15.935982984000077],[101.91807333100007,15.86221020000005],[101.94189830900007,15.741196579000075],[101.97925329200007,15.690318919000049],[101.99221225300005,15.688872538000055],[102.07335415600005,15.620297452000045],[102.12131454100006,15.64615154300003],[102.15767404700006,15.742056633000061],[102.25253649500007,15.77028069000005],[102.14122659900005,15.981694377000053],[102.08324921300004,16.08128375600006],[102.08689667200008,16.190715643000033],[102.05312061100005,16.251481429000023]]]}},{"type":"Feature","id":"TH3318","properties":{"国家代码":"TH","行政层级":2,"行政层级中文":"县/曼谷区","行政区代码":"3318","上级行政区代码":"33","中文名称":"孟占县","泰文名称":"เมืองจันทร์","英文名称":"Mueang Chan","中文显示名":"孟占县","中文名状态":"Wikidata已有中文名","边界状态":"可绘制","边界文件":"泰国_ADM2_县区边界.geojson","边界要素ID":"TH3318","边界坐标系":"WGS84 / EPSG:4326","边界数据时点":"2019-02-21","Google原生边界支持":"泰国不支持ADM2","Google地图绘制方式":"加载本GeoJSON到Google Maps Data图层","边界来源":"RTSD/OCHA衍生简化边界（canonical package）"},"geometry":{"type":"Polygon","coordinates":[[[104.09391720800005,15.163167189000035],[103.99682811900004,15.252214137000067],[103.98432693200004,15.230795191000027],[103.97347169300008,15.161487949000048],[103.99957753500007,15.137293796000051],[104.05175455100004,15.131823348000069],[104.09391720800005,15.163167189000035]]]}},{"type":"Feature","id":"TH2201","properties":{"国家代码":"TH","行政层级":2,"行政层级中文":"县/曼谷区","行政区代码":"2201","上级行政区代码":"22","中文名称":"庄他武里府治县","泰文名称":"เมืองจันทบุรี","英文名称":"Mueang Chanthaburi","中文显示名":"庄他武里府治县","中文名状态":"Wikidata已有中文名","边界状态":"可绘制","边界文件":"泰国_ADM2_县区边界.geojson","边界要素ID":"TH2201","边界坐标系":"WGS84 / EPSG:4326","边界数据时点":"2019-02-21","Google原生边界支持":"泰国不支持ADM2","Google地图绘制方式":"加载本GeoJSON到Google Maps Data图层","边界来源":"RTSD/OCHA衍生简化边界（canonical package）"},"geometry":{"type":"Polygon","coordinates":[[[102.10142394200005,12.735566198000072],[102.08429728200008,12.737574601000063],[102.02265748600007,12.544784438000022],[102.18505767800008,12.519467504000033],[102.21097147800003,12.590446107000048],[102.10142394200005,12.735566198000072]]]}},{"type":"Feature","id":"TH5001","properties":{"国家代码":"TH","行政层级":2,"行政层级中文":"县/曼谷区","行政区代码":"5001","上级行政区代码":"50","中文名称":"清迈府治县","泰文名称":"เมืองเชียงใหม่","英文名称":"Mueang Chiang Mai","中文显示名":"清迈府治县","中文名状态":"Wikidata已有中文名","边界状态":"可绘制","边界文件":"泰国_ADM2_县区边界.geojson","边界要素ID":"TH5001","边界坐标系":"WGS84 / EPSG:4326","边界数据时点":"2019-02-21","Google原生边界支持":"泰国不支持ADM2","Google地图绘制方式":"加载本GeoJSON到Google Maps Data图层","边界来源":"RTSD/OCHA衍生简化边界（canonical package）"},"geometry":{"type":"Polygon","coordinates":[[[98.99999181400005,18.875240544000064],[98.98616147600006,18.84294871900005],[98.86761333100009,18.838004959000045],[98.89549587600004,18.749656474000062],[98.98623983800007,18.699356056000056],[99.04857072900006,18.76886724800005],[99.03876674200006,18.793364128000064],[98.99999181400005,18.875240544000064]]]}},{"type":"Feature","id":"TH5701","properties":{"国家代码":"TH","行政层级":2,"行政层级中文":"县/曼谷区","行政区代码":"5701","上级行政区代码":"57","中文名称":"清莱","泰文名称":"เมืองเชียงราย","英文名称":"Mueang Chiang Rai","中文显示名":"清莱","中文名状态":"Wikidata已有中文名","边界状态":"可绘制","边界文件":"泰国_ADM2_县区边界.geojson","边界要素ID":"TH5701","边界坐标系":"WGS84 / EPSG:4326","边界数据时点":"2019-02-21","Google原生边界支持":"泰国不支持ADM2","Google地图绘制方式":"加载本GeoJSON到Google Maps Data图层","边界来源":"RTSD/OCHA衍生简化边界（canonical package）"},"geometry":{"type":"Polygon","coordinates":[[[100.01039324900006,20.110836835000043],[99.94800494400005,20.136380975000066],[99.81193539400005,20.096426665000024],[99.68406157000004,20.028293474000066],[99.61899210100006,20.098810248000063],[99.55416771000006,20.02420835600003],[99.50518798700006,20.053703366000036],[99.45267458400008,19.981626249000044],[99.52924322900009,19.964552566000066],[99.57822775500006,19.896101186000067],[99.57065295300004,19.78809679400007],[99.62434990500009,19.760778518000052],[99.63837847000008,19.861522515000047],[99.74280314100008,19.832037958000058],[99.80639663100004,19.726806441000065],[99.92654598600006,19.623206699000036],[99.92721316400008,19.622672169000055],[100.00612705900005,19.66996256500005],[100.02523349300009,19.731663309000055],[99.98170392600008,19.79887487700006],[99.85915006900007,19.86530622400005],[99.98312899200005,19.992731696000078],[99.95976416800005,20.024018342000033],[100.01039324900006,20.110836835000043]]]}},{"type":"Feature","id":"TH2001","properties":{"国家代码":"TH","行政层级":2,"行政层级中文":"县/曼谷区","行政区代码":"2001","上级行政区代码":"20","中文名称":"春武里府治县","泰文名称":"เมืองชลบุรี","英文名称":"Mueang Chon Buri","中文显示名":"春武里府治县","中文名状态":"Wikidata已有中文名","边界状态":"可绘制","边界文件":"泰国_ADM2_县区边界.geojson","边界要素ID":"TH2001","边界坐标系":"WGS84 / EPSG:4326","边界数据时点":"2019-02-21","Google原生边界支持":"泰国不支持ADM2","Google地图绘制方式":"加载本GeoJSON到Google Maps Data图层","边界来源":"RTSD/OCHA衍生简化边界（canonical package）"},"geometry":{"type":"Polygon","coordinates":[[[101.00850430600008,13.460414069000024],[100.96301593000004,13.460827564000056],[100.98597644200004,13.381425167000032],[100.89751534900006,13.302439332000063],[100.93135215300003,13.238444350000066],[101.05211351500009,13.269368701000076],[101.06412104800006,13.390018184000041],[101.07725166400007,13.444709769000042],[101.00850430600008,13.460414069000024]]]}},{"type":"Feature","id":"TH8601","properties":{"国家代码":"TH","行政层级":2,"行政层级中文":"县/曼谷区","行政区代码":"8601","上级行政区代码":"86","中文名称":"春蓬府治县","泰文名称":"เมืองชุมพร","英文名称":"Mueang Chumphon","中文显示名":"春蓬府治县","中文名状态":"Wikidata已有中文名","边界状态":"可绘制","边界文件":"泰国_ADM2_县区边界.geojson","边界要素ID":"TH8601","边界坐标系":"WGS84 / EPSG:4326","边界数据时点":"2019-02-21","Google原生边界支持":"泰国不支持ADM2","Google地图绘制方式":"加载本GeoJSON到Google Maps Data图层","边界来源":"RTSD/OCHA衍生简化边界（canonical package）"},"geometry":{"type":"Polygon","coordinates":[[[99.20326760200004,10.57874365400005],[98.96260108900003,10.539589496000076],[98.89436265300009,10.482539815000052],[98.93712688900007,10.383918848000064],[99.01754074400009,10.422929876000069],[99.14887925700003,10.311359454000069],[99.16087132300004,10.362886266000032],[99.23881775400008,10.34387497800003],[99.28388109200006,10.411609303000034],[99.22914599300003,10.469460421000065],[99.27771004800007,10.551991992000069],[99.20326760200004,10.57874365400005]]]}},{"type":"Feature","id":"TH4601","properties":{"国家代码":"TH","行政层级":2,"行政层级中文":"县/曼谷区","行政区代码":"4601","上级行政区代码":"46","中文名称":"加拉信府治县","泰文名称":"เมืองกาฬสินธุ์","英文名称":"Mueang Kalasin","中文显示名":"加拉信府治县","中文名状态":"Wikidata已有中文名","边界状态":"可绘制","边界文件":"泰国_ADM2_县区边界.geojson","边界要素ID":"TH4601","边界坐标系":"WGS84 / EPSG:4326","边界数据时点":"2019-02-21","Google原生边界支持":"泰国不支持ADM2","Google地图绘制方式":"加载本GeoJSON到Google Maps Data图层","边界来源":"RTSD/OCHA衍生简化边界（canonical package）"},"geometry":{"type":"Polygon","coordinates":[[[103.66149510300005,16.629811440000026],[103.46020127600008,16.676757725000073],[103.41203757300008,16.60659411200004],[103.47172552100005,16.54031136800006],[103.45300490600005,16.429981676000068],[103.51051311600008,16.34065643100007],[103.51734391600007,16.342842748000066],[103.69116392500007,16.384384082000054],[103.59790618700004,16.48939566300004],[103.65536165800006,16.496794644000033],[103.70440305800008,16.568928302000074],[103.68683308000004,16.597998292000057],[103.66149510300005,16.629811440000026]]]}},{"type":"Feature","id":"TH6201","properties":{"国家代码":"TH","行政层级":2,"行政层级中文":"县/曼谷区","行政区代码":"6201","上级行政区代码":"62","中文名称":"甘烹碧府治县","泰文名称":"เมืองกำแพงเพชร","英文名称":"Mueang Kamphaeng Phet","中文显示名":"甘烹碧府治县","中文名状态":"Wikidata已有中文名","边界状态":"可绘制","边界文件":"泰国_ADM2_县区边界.geojson","边界要素ID":"TH6201","边界坐标系":"WGS84 / EPSG:4326","边界数据时点":"2019-02-21","Google原生边界支持":"泰国不支持ADM2","Google地图绘制方式":"加载本GeoJSON到Google Maps Data图层","边界来源":"RTSD/OCHA衍生简化边界（canonical package）"},"geometry":{"type":"Polygon","coordinates":[[[99.74684813300007,16.53078557300006],[99.68442668100005,16.52539729600005],[99.54220329400005,16.59087297800005],[99.49378501900009,16.64833668700004],[99.38210142500009,16.69110298000004],[99.36825822800006,16.633318356000075],[99.43633301800008,16.62300536600003],[99.47558694200006,16.564561282000057],[99.38408076400003,16.52266471400003],[99.32736251900008,16.533336332000033],[99.23670088100005,16.48398385300004],[99.30354349500004,16.399783520000028],[99.41961191300004,16.34934640800003],[99.34809384100004,16.267607696000027],[99.42203888300008,16.229445187000067],[99.42240484700005,16.146357229000046],[99.49097104000003,16.159450568000068],[99.49590555900005,16.25317840200006],[99.58349866500004,16.29967520200006],[99.77170079100006,16.346894982000038],[99.70506121300008,16.40735425300005],[99.74684813300007,16.53078557300006]]]}},{"type":"Feature","id":"TH7101","properties":{"国家代码":"TH","行政层级":2,"行政层级中文":"县/曼谷区","行政区代码":"7101","上级行政区代码":"71","中文名称":"北碧直辖县","泰文名称":"เมืองกาญจนบุรี","英文名称":"Mueang Kanchanaburi","中文显示名":"北碧直辖县","中文名状态":"Wikidata已有中文名","边界状态":"可绘制","边界文件":"泰国_ADM2_县区边界.geojson","边界要素ID":"TH7101","边界坐标系":"WGS84 / EPSG:4326","边界数据时点":"2019-02-21","Google原生边界支持":"泰国不支持ADM2","Google地图绘制方式":"加载本GeoJSON到Google Maps Data图层","边界来源":"RTSD/OCHA衍生简化边界（canonical package）"},"geometry":{"type":"Polygon","coordinates":[[[99.35992845800007,14.290141048000066],[99.27779302200008,14.344921126000031],[99.14704541500004,14.287310900000023],[99.13187740100005,14.228359972000021],[99.23863422000005,14.090344602000073],[99.31856357800007,14.063503510000032],[99.31481711700008,14.014418612000043],[99.15781038800009,13.918006494000053],[99.06902366000008,13.989209122000034],[99.02059922500007,13.946455601000025],[99.10875111300004,13.890645907000021],[99.09963076300005,13.837490898000055],[99.14854927300007,13.757132642000045],[99.18133113300007,13.88191878400005],[99.26073248300008,13.885596962000022],[99.29144841400006,13.949503005000054],[99.50981955300006,13.909994340000026],[99.57316611600004,13.929128671000058],[99.54471487700005,13.98214547300006],[99.59285090100008,14.035887314000036],[99.57191375000008,14.100818491000041],[99.56561035900006,14.128642099000047],[99.45403595400006,14.15063516600003],[99.43741985500009,14.193895248000047],[99.33895477600004,14.244234486000039],[99.35992845800007,14.290141048000066]]]}},{"type":"Feature","id":"TH4001","properties":{"国家代码":"TH","行政层级":2,"行政层级中文":"县/曼谷区","行政区代码":"4001","上级行政区代码":"40","中文名称":"孔敬府治县","泰文名称":"เมืองขอนแก่น","英文名称":"Mueang Khon Kaen","中文显示名":"孔敬府治县","中文名状态":"Wikidata已有中文名","边界状态":"可绘制","边界文件":"泰国_ADM2_县区边界.geojson","边界要素ID":"TH4001","边界坐标系":"WGS84 / EPSG:4326","边界数据时点":"2019-02-21","Google原生边界支持":"泰国不支持ADM2","Google地图绘制方式":"加载本GeoJSON到Google Maps Data图层","边界来源":"RTSD/OCHA衍生简化边界（canonical package）"},"geometry":{"type":"Polygon","coordinates":[[[102.95982129500004,16.53242632900003],[102.90505767300004,16.52979134700007],[102.84030724900003,16.635501831000056],[102.73269292200007,16.606623883000054],[102.71856961900005,16.636692037000046],[102.69702715100004,16.633401453000033],[102.63140813000007,16.53983474100005],[102.67434324700008,16.380640930000027],[102.76820542100006,16.33860045600005],[102.77569739500007,16.292470828000035],[102.84615162200004,16.21793694300004],[102.85129636400006,16.28118932800004],[102.95012784000005,16.390235612000026],[102.94949736900008,16.43669864000003],[103.02077007300005,16.47648352400006],[102.95982129500004,16.53242632900003]]]}},{"type":"Feature","id":"TH8101","properties":{"国家代码":"TH","行政层级":2,"行政层级中文":"县/曼谷区","行政区代码":"8101","上级行政区代码":"81","中文名称":"甲米府直辖县","泰文名称":"เมืองกระบี่","英文名称":"Mueang Krabi","中文显示名":"甲米府直辖县","中文名状态":"Wikidata已有中文名","边界状态":"可绘制","边界文件":"泰国_ADM2_县区边界.geojson","边界要素ID":"TH8101","边界坐标系":"WGS84 / EPSG:4326","边界数据时点":"2019-02-21","Google原生边界支持":"泰国不支持ADM2","Google地图绘制方式":"加载本GeoJSON到Google Maps Data图层","边界来源":"RTSD/OCHA衍生简化边界（canonical package）"},"geometry":{"type":"Polygon","coordinates":[[[99.01596015600006,8.183733504000031],[99.01375421300008,8.22899656800007],[98.90758195400008,8.293604791000064],[98.72577965800008,8.246734493000076],[98.75728693800005,8.129996565000056],[98.73996466200003,8.077967009000076],[98.84344108600004,8.001719429000048],[98.91280544000006,8.04521618800004],[98.95469751200005,8.002700602000061],[98.94276958800003,8.059141813000053],[99.01596015600006,8.183733504000031]]]}},{"type":"Feature","id":"TH5201","properties":{"国家代码":"TH","行政层级":2,"行政层级中文":"县/曼谷区","行政区代码":"5201","上级行政区代码":"52","中文名称":"南邦府治县","泰文名称":"เมืองลำปาง","英文名称":"Mueang Lampang","中文显示名":"南邦府治县","中文名状态":"Wikidata已有中文名","边界状态":"可绘制","边界文件":"泰国_ADM2_县区边界.geojson","边界要素ID":"TH5201","边界坐标系":"WGS84 / EPSG:4326","边界数据时点":"2019-02-21","Google原生边界支持":"泰国不支持ADM2","Google地图绘制方式":"加载本GeoJSON到Google Maps Data图层","边界来源":"RTSD/OCHA衍生简化边界（canonical package）"},"geometry":{"type":"Polygon","coordinates":[[[99.71966184100006,18.604573122000033],[99.64200936100008,18.581038027000034],[99.60985691800005,18.513118865000024],[99.50009376100007,18.52816909200004],[99.35345439600007,18.579382274000068],[99.31733741600004,18.532171919000064],[99.30231199800005,18.49100291700006],[99.42196158400009,18.380803023000055],[99.40542319800005,18.264618776000077],[99.42766282400004,18.18984746700005],[99.52969635300008,18.183058234000043],[99.62895774900005,18.258570402000032],[99.68018386900007,18.40081228200006],[99.76778402100007,18.538801180000064],[99.71966184100006,18.604573122000033]]]}},{"type":"Feature","id":"TH5101","properties":{"国家代码":"TH","行政层级":2,"行政层级中文":"县/曼谷区","行政区代码":"5101","上级行政区代码":"51","中文名称":"南奔府治县","泰文名称":"เมืองลำพูน","英文名称":"Mueang Lamphun","中文显示名":"南奔府治县","中文名状态":"Wikidata已有中文名","边界状态":"可绘制","边界文件":"泰国_ADM2_县区边界.geojson","边界要素ID":"TH5101","边界坐标系":"WGS84 / EPSG:4326","边界数据时点":"2019-02-21","Google原生边界支持":"泰国不支持ADM2","Google地图绘制方式":"加载本GeoJSON到Google Maps Data图层","边界来源":"RTSD/OCHA衍生简化边界（canonical package）"},"geometry":{"type":"Polygon","coordinates":[[[99.06519419600005,18.659682958000076],[99.00992869500004,18.673284769000077],[98.96618763000004,18.613157794000074],[98.96013162200006,18.595402575000037],[98.93475897700006,18.54283755000006],[98.95102298300009,18.43694905900003],[99.16507574700006,18.49338323300003],[99.22536616900004,18.589318134000052],[99.21750745600008,18.592009204000078],[99.16843008900008,18.59175834000007],[99.06519419600005,18.659682958000076]]]}},{"type":"Feature","id":"TH4201","properties":{"国家代码":"TH","行政层级":2,"行政层级中文":"县/曼谷区","行政区代码":"4201","上级行政区代码":"42","中文名称":"黎府府治县","泰文名称":"เมืองเลย","英文名称":"Mueang Loei","中文显示名":"黎府府治县","中文名状态":"Wikidata已有中文名","边界状态":"可绘制","边界文件":"泰国_ADM2_县区边界.geojson","边界要素ID":"TH4201","边界坐标系":"WGS84 / EPSG:4326","边界数据时点":"2019-02-21","Google原生边界支持":"泰国不支持ADM2","Google地图绘制方式":"加载本GeoJSON到Google Maps Data图层","边界来源":"RTSD/OCHA衍生简化边界（canonical package）"},"geometry":{"type":"Polygon","coordinates":[[[101.91270523900005,17.65353030600005],[101.90171744300005,17.729618913000024],[101.83780326900006,17.677537622000045],[101.63346591200008,17.722021737000034],[101.59195473500006,17.685307200000068],[101.50143988800005,17.503294921000077],[101.53513933300007,17.441086633000054],[101.64000294100003,17.357448936000026],[101.79716640300006,17.37518095300004],[101.86471040600009,17.41759230400004],[101.91840633700008,17.409077555000067],[101.86766549700008,17.591534301000024],[101.91270523900005,17.65353030600005]]]}},{"type":"Feature","id":"TH1601","properties":{"国家代码":"TH","行政层级":2,"行政层级中文":"县/曼谷区","行政区代码":"1601","上级行政区代码":"16","中文名称":"华富里府治县","泰文名称":"เมืองลพบุรี","英文名称":"Mueang Lop Buri","中文显示名":"华富里府治县","中文名状态":"Wikidata已有中文名","边界状态":"可绘制","边界文件":"泰国_ADM2_县区边界.geojson","边界要素ID":"TH1601","边界坐标系":"WGS84 / EPSG:4326","边界数据时点":"2019-02-21","Google原生边界支持":"泰国不支持ADM2","Google地图绘制方式":"加载本GeoJSON到Google Maps Data图层","边界来源":"RTSD/OCHA衍生简化边界（canonical package）"},"geometry":{"type":"Polygon","coordinates":[[[100.82649491200004,14.936296627000047],[100.71979630700008,14.959370070000034],[100.61138914500003,14.936158964000072],[100.56312252500004,14.942043639000076],[100.56240285200005,14.76021720500006],[100.50833993800006,14.673194754000065],[100.60228489700006,14.655050733000053],[100.63053203300007,14.649993705000043],[100.66521372500006,14.735270480000054],[100.72453262900007,14.760059856000055],[100.84812840500007,14.797201615000063],[100.88913575000004,14.851903396000068],[100.82649491200004,14.936296627000047]]]}},{"type":"Feature","id":"TH5801","properties":{"国家代码":"TH","行政层级":2,"行政层级中文":"县/曼谷区","行政区代码":"5801","上级行政区代码":"58","中文名称":"夜丰颂","泰文名称":"เมืองแม่ฮ่องสอน","英文名称":"Mueang Mae Hong Son","中文显示名":"夜丰颂","中文名状态":"Wikidata已有中文名","边界状态":"可绘制","边界文件":"泰国_ADM2_县区边界.geojson","边界要素ID":"TH5801","边界坐标系":"WGS84 / EPSG:4326","边界数据时点":"2019-02-21","Google原生边界支持":"泰国不支持ADM2","Google地图绘制方式":"加载本GeoJSON到Google Maps Data图层","边界来源":"RTSD/OCHA衍生简化边界（canonical package）"},"geometry":{"type":"Polygon","coordinates":[[[98.02675772400005,19.637761493000028],[97.86319687600007,19.57703953500004],[97.87300170800006,19.49556153900005],[97.80360717000008,19.404973555000026],[97.84287459400008,19.289838694000025],[97.78354171300003,19.26399617100003],[97.84208629800008,19.223930539000037],[97.82909559600006,19.09168020900006],[97.95650671200008,18.965717133000055],[98.05431725400007,18.97192965200003],[98.15664094200008,18.936987738000028],[98.25214203000007,19.113682501000028],[98.24311915900006,19.153501365000068],[98.15925139400008,19.19881272200007],[98.12460740300008,19.32777489800003],[98.15549473000004,19.369483457000058],[98.11235262300005,19.389980604000073],[98.12670600600006,19.512301110000067],[98.02675772400005,19.637761493000028]]]}},{"type":"Feature","id":"TH4401","properties":{"国家代码":"TH","行政层级":2,"行政层级中文":"县/曼谷区","行政区代码":"4401","上级行政区代码":"44","中文名称":"马哈沙拉堪府治县","泰文名称":"เมืองมหาสารคาม","英文名称":"Mueang Maha Sarakham","中文显示名":"马哈沙拉堪府治县","中文名状态":"Wikidata已有中文名","边界状态":"可绘制","边界文件":"泰国_ADM2_县区边界.geojson","边界要素ID":"TH4401","边界坐标系":"WGS84 / EPSG:4326","边界数据时点":"2019-02-21","Google原生边界支持":"泰国不支持ADM2","Google地图绘制方式":"加载本GeoJSON到Google Maps Data图层","边界来源":"RTSD/OCHA衍生简化边界（canonical package）"},"geometry":{"type":"Polygon","coordinates":[[[103.41490269100007,16.238991613000053],[103.23222835900003,16.19406934600005],[103.15083229400005,16.19581387900007],[103.11957694900008,16.17092438700007],[103.12690711200008,16.134103767000056],[103.21880127600008,16.135282794000034],[103.25268956300005,16.075709937000056],[103.20567902400006,16.015785295000057],[103.24878681200005,15.976036504000035],[103.33059166300006,15.981669448000048],[103.32899013800005,16.085875685000076],[103.36194714600003,16.118465961000027],[103.45814436300009,16.11120107200003],[103.46505259300005,16.130109094000034],[103.48343882000006,16.163441825000064],[103.50228135300006,16.199650546000044],[103.41490269100007,16.238991613000053]]]}},{"type":"Feature","id":"TH4901","properties":{"国家代码":"TH","行政层级":2,"行政层级中文":"县/曼谷区","行政区代码":"4901","上级行政区代码":"49","中文名称":"穆达汉府治县","泰文名称":"เมืองมุกดาหาร","英文名称":"Mueang Mukdahan","中文显示名":"穆达汉府治县","中文名状态":"Wikidata已有中文名","边界状态":"可绘制","边界文件":"泰国_ADM2_县区边界.geojson","边界要素ID":"TH4901","边界坐标系":"WGS84 / EPSG:4326","边界数据时点":"2019-02-21","Google原生边界支持":"泰国不支持ADM2","Google地图绘制方式":"加载本GeoJSON到Google Maps Data图层","边界来源":"RTSD/OCHA衍生简化边界（canonical package）"},"geometry":{"type":"Polygon","coordinates":[[[104.69235618900007,16.79042377600007],[104.65998811600008,16.792268300000046],[104.54902761600005,16.726814708000063],[104.45109400900009,16.71425845500005],[104.45659612700007,16.63360573700004],[104.50586850200006,16.52289219200003],[104.44798262300009,16.537604200000033],[104.44597394500005,16.47207187300006],[104.47401801300003,16.449156842000036],[104.56113948200004,16.41996566000006],[104.61060440600005,16.456539217000056],[104.66135443700006,16.270345768000027],[104.75720402200005,16.346148025000048],[104.76299724800003,16.404615015000047],[104.86012962800004,16.428825489000076],[104.73381104300006,16.560016072000053],[104.74233543100007,16.626180987000055],[104.69362332200006,16.649691850000067],[104.69235618900007,16.79042377600007]]]}},{"type":"Feature","id":"TH2601","properties":{"国家代码":"TH","行政层级":2,"行政层级中文":"县/曼谷区","行政区代码":"2601","上级行政区代码":"26","中文名称":"那空那育府治县","泰文名称":"เมืองนครนายก","英文名称":"Mueang Nakhon Nayok","中文显示名":"那空那育府治县","中文名状态":"Wikidata已有中文名","边界状态":"可绘制","边界文件":"泰国_ADM2_县区边界.geojson","边界要素ID":"TH2601","边界坐标系":"WGS84 / EPSG:4326","边界数据时点":"2019-02-21","Google原生边界支持":"泰国不支持ADM2","Google地图绘制方式":"加载本GeoJSON到Google Maps Data图层","边界来源":"RTSD/OCHA衍生简化边界（canonical package）"},"geometry":{"type":"Polygon","coordinates":[[[101.42220888000008,14.383705732000067],[101.27260843500005,14.51248234600007],[101.24283172200006,14.471104316000037],[101.16572385300003,14.34237577700003],[101.12777849600008,14.290072584000029],[101.13358171400006,14.20943995400006],[101.06643623200006,14.147070692000057],[101.17330925900006,14.011505714000066],[101.20289954200007,14.042886198000076],[101.19649786200006,14.136211279000065],[101.34392684900007,14.27708382700007],[101.33518275600005,14.343719132000047],[101.42220888000008,14.383705732000067]]]}},{"type":"Feature","id":"TH7301","properties":{"国家代码":"TH","行政层级":2,"行政层级中文":"县/曼谷区","行政区代码":"7301","上级行政区代码":"73","中文名称":"佛统府治县","泰文名称":"เมืองนครปฐม","英文名称":"Mueang Nakhon Pathom","中文显示名":"佛统府治县","中文名状态":"Wikidata已有中文名","边界状态":"可绘制","边界文件":"泰国_ADM2_县区边界.geojson","边界要素ID":"TH7301","边界坐标系":"WGS84 / EPSG:4326","边界数据时点":"2019-02-21","Google原生边界支持":"泰国不支持ADM2","Google地图绘制方式":"加载本GeoJSON到Google Maps Data图层","边界来源":"RTSD/OCHA衍生简化边界（canonical package）"},"geometry":{"type":"Polygon","coordinates":[[[100.05739443800007,13.913663632000066],[100.03361939100006,13.88460152600004],[99.92702629000007,13.933968390000075],[99.90904544600005,13.847306923000076],[99.95793804100003,13.836253653000028],[99.93792437800005,13.769773061000024],[99.94821213300008,13.737627470000064],[100.01954339400004,13.746843462000072],[100.06788866400007,13.69335264700004],[100.10741387700006,13.704790374000027],[100.11650078200006,13.871844614000054],[100.05739443800007,13.913663632000066]]]}},{"type":"Feature","id":"TH4801","properties":{"国家代码":"TH","行政层级":2,"行政层级中文":"县/曼谷区","行政区代码":"4801","上级行政区代码":"48","中文名称":"那空拍侬府治县","泰文名称":"เมืองนครพนม","英文名称":"Mueang Nakhon Phanom","中文显示名":"那空拍侬府治县","中文名状态":"Wikidata已有中文名","边界状态":"可绘制","边界文件":"泰国_ADM2_县区边界.geojson","边界要素ID":"TH4801","边界坐标系":"WGS84 / EPSG:4326","边界数据时点":"2019-02-21","Google原生边界支持":"泰国不支持ADM2","Google地图绘制方式":"加载本GeoJSON到Google Maps Data图层","边界来源":"RTSD/OCHA衍生简化边界（canonical package）"},"geometry":{"type":"Polygon","coordinates":[[[104.78841509400007,17.12754256100004],[104.80061318300005,17.39315706600007],[104.72793005900007,17.49150611300007],[104.64756535700008,17.426938732000053],[104.55430560400004,17.432052919000057],[104.49250907500004,17.369675527000027],[104.41270767900005,17.36140455800006],[104.41604987800008,17.32124114900006],[104.46383484100005,17.284998076000022],[104.63066126100006,17.277838922000058],[104.66985355100007,17.332487272000037],[104.68375912000005,17.22267720700006],[104.64558055600008,17.155221668000024],[104.66201997300004,17.16285997500006],[104.71103035000004,17.179307780000045],[104.78841509400007,17.12754256100004]]]}},{"type":"Feature","id":"TH3001","properties":{"国家代码":"TH","行政层级":2,"行政层级中文":"县/曼谷区","行政区代码":"3001","上级行政区代码":"30","中文名称":"那空叻差是玛府治县","泰文名称":"เมืองนครราชสีมา","英文名称":"Mueang Nakhon Ratchasima","中文显示名":"那空叻差是玛府治县","中文名状态":"Wikidata已有中文名","边界状态":"可绘制","边界文件":"泰国_ADM2_县区边界.geojson","边界要素ID":"TH3001","边界坐标系":"WGS84 / EPSG:4326","边界数据时点":"2019-02-21","Google原生边界支持":"泰国不支持ADM2","Google地图绘制方式":"加载本GeoJSON到Google Maps Data图层","边界来源":"RTSD/OCHA衍生简化边界（canonical package）"},"geometry":{"type":"Polygon","coordinates":[[[102.21073710600007,15.120010515000047],[102.12063533400004,15.137781850000067],[102.07226818200007,15.073432984000021],[101.99500752100005,15.085260193000067],[101.99453682800004,14.961341546000028],[101.94192737600008,14.931228524000062],[101.96838141800004,14.822995040000023],[102.05090134100004,14.84142736800004],[102.10650982700008,14.791351520000035],[102.10386992200006,14.836313671000028],[102.22830407800006,14.91832742400004],[102.21073710600007,15.120010515000047]]]}},{"type":"Feature","id":"TH6001","properties":{"国家代码":"TH","行政层级":2,"行政层级中文":"县/曼谷区","行政区代码":"6001","上级行政区代码":"60","中文名称":"那空沙旺府治县","泰文名称":"เมืองนครสวรรค์","英文名称":"Mueang Nakhon Sawan","中文显示名":"那空沙旺府治县","中文名状态":"Wikidata已有中文名","边界状态":"可绘制","边界文件":"泰国_ADM2_县区边界.geojson","边界要素ID":"TH6001","边界坐标系":"WGS84 / EPSG:4326","边界数据时点":"2019-02-21","Google原生边界支持":"泰国不支持ADM2","Google地图绘制方式":"加载本GeoJSON到Google Maps Data图层","边界来源":"RTSD/OCHA衍生简化边界（canonical package）"},"geometry":{"type":"Polygon","coordinates":[[[99.99320822700008,15.846367327000053],[99.93025122800003,15.83826620800005],[99.93247705700009,15.67232133500005],[100.04543549200008,15.67914194900004],[100.04706557700007,15.616125217000047],[100.14128823700008,15.609540329000026],[100.26765712300005,15.627137122000022],[100.29679062500009,15.56045135100004],[100.33849224200009,15.598387366000054],[100.28896078500009,15.694293793000043],[100.24741855900004,15.69822785100007],[100.16981724900006,15.810185509000064],[100.02884799200007,15.81550747600005],[99.99320822700008,15.846367327000053]]]}},{"type":"Feature","id":"TH8001","properties":{"国家代码":"TH","行政层级":2,"行政层级中文":"县/曼谷区","行政区代码":"8001","上级行政区代码":"80","中文名称":"那空是贪玛叻府治县","泰文名称":"เมืองนครศรีธรรมราช","英文名称":"Mueang Nakhon Si Thammarat","中文显示名":"那空是贪玛叻府治县","中文名状态":"Wikidata已有中文名","边界状态":"可绘制","边界文件":"泰国_ADM2_县区边界.geojson","边界要素ID":"TH8001","边界坐标系":"WGS84 / EPSG:4326","边界数据时点":"2019-02-21","Google原生边界支持":"泰国不支持ADM2","Google地图绘制方式":"加载本GeoJSON到Google Maps Data图层","边界来源":"RTSD/OCHA衍生简化边界（canonical package）"},"geometry":{"type":"Polygon","coordinates":[[[99.97809568100007,8.586916098000074],[99.92630533000005,8.54342695300005],[99.94674247500006,8.507803786000068],[99.79821249400004,8.469651885000076],[99.86843915500003,8.371444190000034],[99.96963059800004,8.391604898000026],[100.00274267500004,8.253474649000054],[100.01905207300007,8.248139490000028],[100.08897933000009,8.414544368000065],[100.04695060000006,8.517143679000071],[99.97809568100007,8.586916098000074]]]}},{"type":"Feature","id":"TH5501","properties":{"国家代码":"TH","行政层级":2,"行政层级中文":"县/曼谷区","行政区代码":"5501","上级行政区代码":"55","中文名称":"难府府治县","泰文名称":"เมืองน่าน","英文名称":"Mueang Nan","中文显示名":"难府府治县","中文名状态":"Wikidata已有中文名","边界状态":"可绘制","边界文件":"泰国_ADM2_县区边界.geojson","边界要素ID":"TH5501","边界坐标系":"WGS84 / EPSG:4326","边界数据时点":"2019-02-21","Google原生边界支持":"泰国不支持ADM2","Google地图绘制方式":"加载本GeoJSON到Google Maps Data图层","边界来源":"RTSD/OCHA衍生简化边界（canonical package）"},"geometry":{"type":"Polygon","coordinates":[[[100.83111047400007,18.993987391000076],[100.70854183300008,19.04464610200006],[100.61454127300004,19.041908767000052],[100.49369389700007,19.052361318000067],[100.45701758500007,19.00944816200007],[100.50092321300008,18.98614251500004],[100.53567827100005,18.954981893000024],[100.53240964300005,18.841343385000073],[100.49316908800006,18.735605960000044],[100.60802635300007,18.777472327000055],[100.59134014200004,18.702130734000036],[100.79353924400004,18.675413657000036],[100.75782199300005,18.741259224000032],[100.79107954300008,18.78853585300004],[100.78274134000009,18.90133435000007],[100.81160439600006,18.92693775300006],[100.83111047400007,18.993987391000076]]]}},{"type":"Feature","id":"TH9601","properties":{"国家代码":"TH","行政层级":2,"行政层级中文":"县/曼谷区","行政区代码":"9601","上级行政区代码":"96","中文名称":"那拉提瓦府治县","泰文名称":"เมืองนราธิวาส","英文名称":"Mueang Narathiwat","中文显示名":"那拉提瓦府治县","中文名状态":"Wikidata已有中文名","边界状态":"可绘制","边界文件":"泰国_ADM2_县区边界.geojson","边界要素ID":"TH9601","边界坐标系":"WGS84 / EPSG:4326","边界数据时点":"2019-02-21","Google原生边界支持":"泰国不支持ADM2","Google地图绘制方式":"加载本GeoJSON到Google Maps Data图层","边界来源":"RTSD/OCHA衍生简化边界（canonical package）"},"geometry":{"type":"Polygon","coordinates":[[[101.91879983200005,6.372850005000032],[101.81629190400008,6.452915207000046],[101.72484185400003,6.576857325000049],[101.70931256500006,6.568903285000033],[101.71593086700005,6.4999496260000456],[101.78569375300003,6.402848635000055],[101.72106031000004,6.347393670000031],[101.82211605500004,6.298502015000054],[101.91634903900007,6.2831757310000285],[101.91879983200005,6.372850005000032]]]}},{"type":"Feature","id":"TH3901","properties":{"国家代码":"TH","行政层级":2,"行政层级中文":"县/曼谷区","行政区代码":"3901","上级行政区代码":"39","中文名称":"农磨兰普府治县","泰文名称":"เมืองหนองบัวลำภู","英文名称":"Mueang Nong Bua Lam Phu","中文显示名":"农磨兰普府治县","中文名状态":"Wikidata已有中文名","边界状态":"可绘制","边界文件":"泰国_ADM2_县区边界.geojson","边界要素ID":"TH3901","边界坐标系":"WGS84 / EPSG:4326","边界数据时点":"2019-02-21","Google原生边界支持":"泰国不支持ADM2","Google地图绘制方式":"加载本GeoJSON到Google Maps Data图层","边界来源":"RTSD/OCHA衍生简化边界（canonical package）"},"geometry":{"type":"Polygon","coordinates":[[[102.42118316300008,17.375820901000054],[102.31213099900003,17.32304018900004],[102.23618404700005,17.326544239000043],[102.27950187300007,17.233327102000032],[102.25425911700006,17.146640538000042],[102.33171598900009,17.088428113000077],[102.32095062600007,16.96244863100003],[102.38505925200008,16.92641647100004],[102.46191880300006,17.02598656400005],[102.49999751100006,16.99986494600006],[102.57938673500007,17.04081631100007],[102.46974707300006,17.201414503000024],[102.59269452700005,17.265869052000028],[102.43775010700006,17.28230654300006],[102.43773393600009,17.338332094000066],[102.42118316300008,17.375820901000054]]]}},{"type":"Feature","id":"TH4301","properties":{"国家代码":"TH","行政层级":2,"行政层级中文":"县/曼谷区","行政区代码":"4301","上级行政区代码":"43","中文名称":"廊开府治县","泰文名称":"เมืองหนองคาย","英文名称":"Mueang Nong Khai","中文显示名":"廊开府治县","中文名状态":"Wikidata已有中文名","边界状态":"可绘制","边界文件":"泰国_ADM2_县区边界.geojson","边界要素ID":"TH4301","边界坐标系":"WGS84 / EPSG:4326","边界数据时点":"2019-02-21","Google原生边界支持":"泰国不支持ADM2","Google地图绘制方式":"加载本GeoJSON到Google Maps Data图层","边界来源":"RTSD/OCHA衍生简化边界（canonical package）"},"geometry":{"type":"Polygon","coordinates":[[[103.00973337000005,17.977157033000026],[102.96005815200004,18.00543953400006],[102.78415791400005,17.932876089000047],[102.69697122900004,17.875676146000046],[102.67212634700007,17.804161601000033],[102.65098062300007,17.70585277500004],[102.70835558300007,17.698778632000028],[102.72606886700004,17.760859414000038],[102.79699195100005,17.685889090000046],[102.83074508700008,17.69362841800006],[102.84416276500008,17.836655750000034],[102.88435982900006,17.898208878000048],[102.87563894000004,17.938668759000052],[103.00973337000005,17.977157033000026]]]}},{"type":"Feature","id":"TH1201","properties":{"国家代码":"TH","行政层级":2,"行政层级中文":"县/曼谷区","行政区代码":"1201","上级行政区代码":"12","中文名称":"暖武里府治县","泰文名称":"เมืองนนทบุรี","英文名称":"Mueang Nonthaburi","中文显示名":"暖武里府治县","中文名状态":"Wikidata已有中文名","边界状态":"可绘制","边界文件":"泰国_ADM2_县区边界.geojson","边界要素ID":"TH1201","边界坐标系":"WGS84 / EPSG:4326","边界数据时点":"2019-02-21","Google原生边界支持":"泰国不支持ADM2","Google地图绘制方式":"加载本GeoJSON到Google Maps Data图层","边界来源":"RTSD/OCHA衍生简化边界（canonical package）"},"geometry":{"type":"Polygon","coordinates":[[[100.55028518200004,13.877585603000057],[100.44963300400008,13.889118015000065],[100.44792779800008,13.867365125000049],[100.42760873600008,13.833864894000044],[100.50740059800006,13.816038387000049],[100.54362947200008,13.849628112000062],[100.55028518200004,13.877585603000057]]]}},{"type":"Feature","id":"TH5213","properties":{"国家代码":"TH","行政层级":2,"行政层级中文":"县/曼谷区","行政区代码":"5213","上级行政区代码":"52","中文名称":"孟班县","泰文名称":"เมืองปาน","英文名称":"Mueang Pan","中文显示名":"孟班县","中文名状态":"Wikidata已有中文名","边界状态":"可绘制","边界文件":"泰国_ADM2_县区边界.geojson","边界要素ID":"TH5213","边界坐标系":"WGS84 / EPSG:4326","边界数据时点":"2019-02-21","Google原生边界支持":"泰国不支持ADM2","Google地图绘制方式":"加载本GeoJSON到Google Maps Data图层","边界来源":"RTSD/OCHA衍生简化边界（canonical package）"},"geometry":{"type":"Polygon","coordinates":[[[99.52560412800005,19.076851488000045],[99.40180343500003,19.00014822000003],[99.37764141900004,18.92171617200006],[99.35240144600004,18.847193316000073],[99.37147500200007,18.753420277000032],[99.32718864700007,18.68445945900004],[99.35345439600007,18.579382274000068],[99.50009376100007,18.52816909200004],[99.55974797300007,18.94853228000005],[99.52560412800005,19.076851488000045]]]}},{"type":"Feature","id":"TH1301","properties":{"国家代码":"TH","行政层级":2,"行政层级中文":"县/曼谷区","行政区代码":"1301","上级行政区代码":"13","中文名称":"巴吞他尼","泰文名称":"เมืองปทุมธานี","英文名称":"Mueang Pathum Thani","中文显示名":"巴吞他尼","中文名状态":"Wikidata已有中文名","边界状态":"可绘制","边界文件":"泰国_ADM2_县区边界.geojson","边界要素ID":"TH1301","边界坐标系":"WGS84 / EPSG:4326","边界数据时点":"2019-02-21","Google原生边界支持":"泰国不支持ADM2","Google地图绘制方式":"加载本GeoJSON到Google Maps Data图层","边界来源":"RTSD/OCHA衍生简化边界（canonical package）"},"geometry":{"type":"Polygon","coordinates":[[[100.60142998200007,13.99560950600005],[100.58927953600005,14.074245553000026],[100.49660436000005,14.047146387000055],[100.46226204000004,13.97165383500004],[100.56754835800007,13.951203277000047],[100.60652594900006,13.954378499000029],[100.60513853800006,13.965549749000047],[100.60142998200007,13.99560950600005]]]}},{"type":"Feature","id":"TH9401","properties":{"国家代码":"TH","行政层级":2,"行政层级中文":"县/曼谷区","行政区代码":"9401","上级行政区代码":"94","中文名称":"北大年府治县","泰文名称":"เมืองปัตตานี","英文名称":"Mueang Pattani","中文显示名":"北大年府治县","中文名状态":"Wikidata已有中文名","边界状态":"可绘制","边界文件":"泰国_ADM2_县区边界.geojson","边界要素ID":"TH9401","边界坐标系":"WGS84 / EPSG:4326","边界数据时点":"2019-02-21","Google原生边界支持":"泰国不支持ADM2","Google地图绘制方式":"加载本GeoJSON到Google Maps Data图层","边界来源":"RTSD/OCHA衍生简化边界（canonical package）"},"geometry":{"type":"Polygon","coordinates":[[[101.32415748800008,6.8766590070000575],[101.24766302000006,6.900974869000038],[101.19247565800003,6.866092363000064],[101.25246292000008,6.802896997000062],[101.32154659600008,6.843444653000063],[101.32415748800008,6.8766590070000575]]]}},{"type":"Feature","id":"TH8201","properties":{"国家代码":"TH","行政层级":2,"行政层级中文":"县/曼谷区","行政区代码":"8201","上级行政区代码":"82","中文名称":"攀牙府治县","泰文名称":"เมืองพังงา","英文名称":"Mueang Phang-Nga","中文显示名":"攀牙府治县","中文名状态":"Wikidata已有中文名","边界状态":"可绘制","边界文件":"泰国_ADM2_县区边界.geojson","边界要素ID":"TH8201","边界坐标系":"WGS84 / EPSG:4326","边界数据时点":"2019-02-21","Google原生边界支持":"泰国不支持ADM2","Google地图绘制方式":"加载本GeoJSON到Google Maps Data图层","边界来源":"RTSD/OCHA衍生简化边界（canonical package）"},"geometry":{"type":"Polygon","coordinates":[[[98.53694575400004,8.660817648000034],[98.49008033900009,8.602695709000045],[98.41108145600003,8.62872083600007],[98.42503002700005,8.580372762000025],[98.36792195100008,8.490093685000033],[98.39686962600007,8.455596270000058],[98.47461992700005,8.452383845000043],[98.49356220800007,8.339777566000066],[98.61564618500006,8.382002845000045],[98.54866190700005,8.518061998000064],[98.60431786100008,8.625686161000033],[98.53694575400004,8.660817648000034]]]}},{"type":"Feature","id":"TH9301","properties":{"国家代码":"TH","行政层级":2,"行政层级中文":"县/曼谷区","行政区代码":"9301","上级行政区代码":"93","中文名称":"博他仑府治县","泰文名称":"เมืองพัทลุง","英文名称":"Mueang Phatthalung","中文显示名":"博他仑府治县","中文名状态":"Wikidata已有中文名","边界状态":"可绘制","边界文件":"泰国_ADM2_县区边界.geojson","边界要素ID":"TH9301","边界坐标系":"WGS84 / EPSG:4326","边界数据时点":"2019-02-21","Google原生边界支持":"泰国不支持ADM2","Google地图绘制方式":"加载本GeoJSON到Google Maps Data图层","边界来源":"RTSD/OCHA衍生简化边界（canonical package）"},"geometry":{"type":"Polygon","coordinates":[[[100.21843506600004,7.712163715000031],[100.13531120500005,7.737985141000024],[100.05383897100006,7.656342712000026],[99.98717770000007,7.638339728000062],[99.98904785300005,7.5299198140000385],[100.03059449800008,7.520546187000036],[100.01216805800004,7.439161881000075],[100.11710269200006,7.5614766250000685],[100.23331465400008,7.575677573000064],[100.22005766600006,7.695345519000057],[100.21843506600004,7.712163715000031]]]}},{"type":"Feature","id":"TH5601","properties":{"国家代码":"TH","行政层级":2,"行政层级中文":"县/曼谷区","行政区代码":"5601","上级行政区代码":"56","中文名称":"帕尧府治县","泰文名称":"เมืองพะเยา","英文名称":"Mueang Phayao","中文显示名":"帕尧府治县","中文名状态":"Wikidata已有中文名","边界状态":"可绘制","边界文件":"泰国_ADM2_县区边界.geojson","边界要素ID":"TH5601","边界坐标系":"WGS84 / EPSG:4326","边界数据时点":"2019-02-21","Google原生边界支持":"泰国不支持ADM2","Google地图绘制方式":"加载本GeoJSON到Google Maps Data图层","边界来源":"RTSD/OCHA衍生简化边界（canonical package）"},"geometry":{"type":"Polygon","coordinates":[[[99.96478542300008,19.205007806000026],[99.91315217600004,19.251177549000033],[99.92000039500005,19.40641256400005],[99.89015448400005,19.352130558000056],[99.76989603800007,19.291399929000022],[99.70428217100005,19.322295203000067],[99.72613930800009,19.169888379000042],[99.77327042900004,19.06421116300004],[99.92620639200004,18.978787302000057],[100.02705928900008,18.89745862700005],[100.01948625400007,19.03097318600004],[99.92036694600006,19.161630880000075],[99.96478542300008,19.205007806000026]]]}},{"type":"Feature","id":"TH6701","properties":{"国家代码":"TH","行政层级":2,"行政层级中文":"县/曼谷区","行政区代码":"6701","上级行政区代码":"67","中文名称":"碧差汶府治县","泰文名称":"เมืองเพชรบูรณ์","英文名称":"Mueang Phetchabun","中文显示名":"碧差汶府治县","中文名状态":"Wikidata已有中文名","边界状态":"可绘制","边界文件":"泰国_ADM2_县区边界.geojson","边界要素ID":"TH6701","边界坐标系":"WGS84 / EPSG:4326","边界数据时点":"2019-02-21","Google原生边界支持":"泰国不支持ADM2","Google地图绘制方式":"加载本GeoJSON到Google Maps Data图层","边界来源":"RTSD/OCHA衍生简化边界（canonical package）"},"geometry":{"type":"Polygon","coordinates":[[[101.49874710000006,16.579158866000057],[101.42754827800007,16.609684569000024],[101.32333457500005,16.548351468000078],[101.21499511700006,16.55089496900007],[101.14224516800004,16.63117287800003],[101.05159583600005,16.64516470500007],[101.05292591900007,16.557367990000046],[101.10465515900006,16.485494781000057],[100.99450662500004,16.474907364000046],[100.94236083500004,16.514580945000034],[100.83379696300005,16.504028556000037],[100.80544148700005,16.44842962000007],[100.88581626600006,16.442658811000058],[100.98224343500004,16.38126530900007],[100.94206206400008,16.308623728000043],[100.98196950600004,16.253644132000034],[100.98455626300006,16.166148617000033],[101.08397508800005,16.150852792000023],[101.10757011800007,16.09973426600004],[101.17171497200007,16.109637392000025],[101.19395471500007,16.17631516600005],[101.37889689700006,16.18761951500005],[101.35481047300004,16.260871352000038],[101.40091435900007,16.401638253000044],[101.44948499900005,16.452124240000046],[101.49874710000006,16.579158866000057]]]}},{"type":"Feature","id":"TH7601","properties":{"国家代码":"TH","行政层级":2,"行政层级中文":"县/曼谷区","行政区代码":"7601","上级行政区代码":"76","中文名称":"碧武里府治县","泰文名称":"เมืองเพชรบุรี","英文名称":"Mueang Phetchaburi","中文显示名":"碧武里府治县","中文名状态":"Wikidata已有中文名","边界状态":"可绘制","边界文件":"泰国_ADM2_县区边界.geojson","边界要素ID":"TH7601","边界坐标系":"WGS84 / EPSG:4326","边界数据时点":"2019-02-21","Google原生边界支持":"泰国不支持ADM2","Google地图绘制方式":"加载本GeoJSON到Google Maps Data图层","边界来源":"RTSD/OCHA衍生简化边界（canonical package）"},"geometry":{"type":"Polygon","coordinates":[[[100.07932617500006,13.020380765000027],[100.02541691000005,13.14389154500003],[99.95101394500006,13.132726010000056],[99.90239606700004,13.180658899000036],[99.84591246500008,13.130163982000056],[99.92316880700008,13.094972246000054],[99.96413542600004,12.983794526000054],[100.03753792700007,12.954191176000052],[100.07932617500006,13.020380765000027]]]}},{"type":"Feature","id":"TH6601","properties":{"国家代码":"TH","行政层级":2,"行政层级中文":"县/曼谷区","行政区代码":"6601","上级行政区代码":"66","中文名称":"披集府治县","泰文名称":"เมืองพิจิตร","英文名称":"Mueang Phichit","中文显示名":"披集府治县","中文名状态":"Wikidata已有中文名","边界状态":"可绘制","边界文件":"泰国_ADM2_县区边界.geojson","边界要素ID":"TH6601","边界坐标系":"WGS84 / EPSG:4326","边界数据时点":"2019-02-21","Google原生边界支持":"泰国不支持ADM2","Google地图绘制方式":"加载本GeoJSON到Google Maps Data图层","边界来源":"RTSD/OCHA衍生简化边界（canonical package）"},"geometry":{"type":"Polygon","coordinates":[[[100.43445341400007,16.518984036000063],[100.38889853800003,16.554157882000027],[100.23593454200005,16.529398283000035],[100.22591113700008,16.40542872700007],[100.31455887200008,16.36263329600007],[100.31037828300003,16.277854123000054],[100.48123948600005,16.29520532500004],[100.46677768500007,16.364137439000046],[100.52865019900008,16.37954938100006],[100.41499992800004,16.452990955000075],[100.43445341400007,16.518984036000063]]]}},{"type":"Feature","id":"TH6501","properties":{"国家代码":"TH","行政层级":2,"行政层级中文":"县/曼谷区","行政区代码":"6501","上级行政区代码":"65","中文名称":"彭世洛府治县","泰文名称":"เมืองพิษณุโลก","英文名称":"Mueang Phitsanulok","中文显示名":"彭世洛府治县","中文名状态":"Wikidata已有中文名","边界状态":"可绘制","边界文件":"泰国_ADM2_县区边界.geojson","边界要素ID":"TH6501","边界坐标系":"WGS84 / EPSG:4326","边界数据时点":"2019-02-21","Google原生边界支持":"泰国不支持ADM2","Google地图绘制方式":"加载本GeoJSON到Google Maps Data图层","边界来源":"RTSD/OCHA衍生简化边界（canonical package）"},"geometry":{"type":"Polygon","coordinates":[[[100.48592578600005,16.97700386400004],[100.28066422800003,16.933536120000042],[100.16401346500004,16.93972996800005],[100.12132669000005,16.907209253000076],[100.16575532500008,16.81960839000004],[100.16382508600003,16.747809327000027],[100.21652093700004,16.64843393900003],[100.29409936100006,16.645008259000065],[100.30439982300004,16.709289863000038],[100.30183481000006,16.788345339000045],[100.49941494800004,16.92594028600007],[100.48592578600005,16.97700386400004]]]}},{"type":"Feature","id":"TH5401","properties":{"国家代码":"TH","行政层级":2,"行政层级中文":"县/曼谷区","行政区代码":"5401","上级行政区代码":"54","中文名称":"帕府府治县","泰文名称":"เมืองแพร่","英文名称":"Mueang Phrae","中文显示名":"帕府府治县","中文名状态":"Wikidata已有中文名","边界状态":"可绘制","边界文件":"泰国_ADM2_县区边界.geojson","边界要素ID":"TH5401","边界坐标系":"WGS84 / EPSG:4326","边界数据时点":"2019-02-21","Google原生边界支持":"泰国不支持ADM2","Google地图绘制方式":"加载本GeoJSON到Google Maps Data图层","边界来源":"RTSD/OCHA衍生简化边界（canonical package）"},"geometry":{"type":"Polygon","coordinates":[[[100.27503052700007,18.259370747000048],[100.17486857500006,18.24690331000005],[100.09004246900008,18.276669191000053],[100.03660663600004,18.147542134000048],[100.17098475100005,18.10069793300005],[100.27185651100007,17.955677785000034],[100.33484299000008,17.88916400000005],[100.35037815700008,17.983298172000048],[100.41429748700006,18.021697394000057],[100.41437905900005,18.153567800000076],[100.30327582000007,18.180460636000078],[100.27503052700007,18.259370747000048]]]}},{"type":"Feature","id":"TH8301","properties":{"国家代码":"TH","行政层级":2,"行政层级中文":"县/曼谷区","行政区代码":"8301","上级行政区代码":"83","中文名称":"普吉府治县","泰文名称":"เมืองภูเก็ต","英文名称":"Mueang Phuket","中文显示名":"普吉府治县","中文名状态":"Wikidata已有中文名","边界状态":"可绘制","边界文件":"泰国_ADM2_县区边界.geojson","边界要素ID":"TH8301","边界坐标系":"WGS84 / EPSG:4326","边界数据时点":"2019-02-21","Google原生边界支持":"泰国不支持ADM2","Google地图绘制方式":"加载本GeoJSON到Google Maps Data图层","边界来源":"RTSD/OCHA衍生简化边界（canonical package）"},"geometry":{"type":"Polygon","coordinates":[[[98.39546966400007,7.965591471000039],[98.35033361600006,7.9440683740000395],[98.36823934400007,7.901138092000053],[98.27513864200006,7.874329931000034],[98.30355545300006,7.763380346000076],[98.34874275500005,7.827557948000049],[98.44070159300009,7.88231292100005],[98.39546966400007,7.965591471000039]]]}},{"type":"Feature","id":"TH2501","properties":{"国家代码":"TH","行政层级":2,"行政层级中文":"县/曼谷区","行政区代码":"2501","上级行政区代码":"25","中文名称":"巴真府治县","泰文名称":"เมืองปราจีนบุรี","英文名称":"Mueang Prachin Buri","中文显示名":"巴真府治县","中文名状态":"Wikidata已有中文名","边界状态":"可绘制","边界文件":"泰国_ADM2_县区边界.geojson","边界要素ID":"TH2501","边界坐标系":"WGS84 / EPSG:4326","边界数据时点":"2019-02-21","Google原生边界支持":"泰国不支持ADM2","Google地图绘制方式":"加载本GeoJSON到Google Maps Data图层","边界来源":"RTSD/OCHA衍生简化边界（canonical package）"},"geometry":{"type":"Polygon","coordinates":[[[101.44086593500003,14.25509334800006],[101.29243730000007,14.153777025000068],[101.32123220600005,14.077255618000038],[101.27848321400006,14.05484004300007],[101.35162844200005,13.960307773000068],[101.38818672800005,13.958634761000042],[101.46337748500008,14.00862022800004],[101.49527060700007,14.10023850500005],[101.44086593500003,14.25509334800006]]]}},{"type":"Feature","id":"TH7701","properties":{"国家代码":"TH","行政层级":2,"行政层级中文":"县/曼谷区","行政区代码":"7701","上级行政区代码":"77","中文名称":"巴蜀府治县","泰文名称":"เมืองประจวบคีรีขันธ์","英文名称":"Mueang Prachuap Khiri Khan","中文显示名":"巴蜀府治县","中文名状态":"Wikidata已有中文名","边界状态":"可绘制","边界文件":"泰国_ADM2_县区边界.geojson","边界要素ID":"TH7701","边界坐标系":"WGS84 / EPSG:4326","边界数据时点":"2019-02-21","Google原生边界支持":"泰国不支持ADM2","Google地图绘制方式":"加载本GeoJSON到Google Maps Data图层","边界来源":"RTSD/OCHA衍生简化边界（canonical package）"},"geometry":{"type":"Polygon","coordinates":[[[99.90951492600004,12.043408615000033],[99.72818335400007,12.03092543400004],[99.59360866000009,11.97753328400006],[99.58826940500006,11.872099630000037],[99.65921659600008,11.828606732000026],[99.63623453300005,11.727320346000056],[99.58810730000005,11.688256160000037],[99.71539363300008,11.655577230000063],[99.81341732300007,11.786334211000053],[99.83350996100006,11.94399435300005],[99.90951492600004,12.043408615000033]]]}},{"type":"Feature","id":"TH8501","properties":{"国家代码":"TH","行政层级":2,"行政层级中文":"县/曼谷区","行政区代码":"8501","上级行政区代码":"85","中文名称":"拉廊府治县","泰文名称":"เมืองระนอง","英文名称":"Mueang Ranong","中文显示名":"拉廊府治县","中文名状态":"Wikidata已有中文名","边界状态":"可绘制","边界文件":"泰国_ADM2_县区边界.geojson","边界要素ID":"TH8501","边界坐标系":"WGS84 / EPSG:4326","边界数据时点":"2019-02-21","Google原生边界支持":"泰国不支持ADM2","Google地图绘制方式":"加载本GeoJSON到Google Maps Data图层","边界来源":"RTSD/OCHA衍生简化边界（canonical package）"},"geometry":{"type":"Polygon","coordinates":[[[98.74470896600008,9.915959372000032],[98.67982110700007,10.017787731000055],[98.68006660400005,10.073597219000021],[98.74396953500008,10.169853119000038],[98.67369042500007,10.178670914000065],[98.51579492500008,9.853278359000058],[98.55422527800005,9.748972252000044],[98.48500413300007,9.686313659000064],[98.50314200200006,9.626768751000043],[98.55467772600008,9.615890758000035],[98.63937656800005,9.713562482000043],[98.63032584400008,9.778433590000077],[98.74470896600008,9.915959372000032]]]}},{"type":"Feature","id":"TH7001","properties":{"国家代码":"TH","行政层级":2,"行政层级中文":"县/曼谷区","行政区代码":"7001","上级行政区代码":"70","中文名称":"叻武里府治县","泰文名称":"เมืองราชบุรี","英文名称":"Mueang Ratchaburi","中文显示名":"叻武里府治县","中文名状态":"Wikidata已有中文名","边界状态":"可绘制","边界文件":"泰国_ADM2_县区边界.geojson","边界要素ID":"TH7001","边界坐标系":"WGS84 / EPSG:4326","边界数据时点":"2019-02-21","Google原生边界支持":"泰国不支持ADM2","Google地图绘制方式":"加载本GeoJSON到Google Maps Data图层","边界来源":"RTSD/OCHA衍生简化边界（canonical package）"},"geometry":{"type":"Polygon","coordinates":[[[99.88904678000006,13.609922987000061],[99.73507805700007,13.64375965000005],[99.73160362900006,13.601689237000073],[99.61576705800007,13.583492675000059],[99.58455913500006,13.504197236000039],[99.68423183300007,13.502050464000035],[99.74674746600004,13.448776037000073],[99.83957994500008,13.461868952000032],[99.88916384500004,13.470097473000067],[99.91345807800008,13.51048323200007],[99.88904678000006,13.609922987000061]]]}},{"type":"Feature","id":"TH2101","properties":{"国家代码":"TH","行政层级":2,"行政层级中文":"县/曼谷区","行政区代码":"2101","上级行政区代码":"21","中文名称":"罗勇府治县","泰文名称":"เมืองระยอง","英文名称":"Mueang Rayong","中文显示名":"罗勇府治县","中文名状态":"Wikidata已有中文名","边界状态":"可绘制","边界文件":"泰国_ADM2_县区边界.geojson","边界要素ID":"TH2101","边界坐标系":"WGS84 / EPSG:4326","边界数据时点":"2019-02-21","Google原生边界支持":"泰国不支持ADM2","Google地图绘制方式":"加载本GeoJSON到Google Maps Data图层","边界来源":"RTSD/OCHA衍生简化边界（canonical package）"},"geometry":{"type":"Polygon","coordinates":[[[101.50614350200004,12.848644683000032],[101.48163779900005,12.867564241000025],[101.31316357000009,12.697214202000055],[101.23756228000008,12.751239393000048],[101.09415460400004,12.804274004000035],[101.09742720300005,12.678038595000032],[101.28386509100005,12.655018918000053],[101.42117883400005,12.590163683000071],[101.51170888500008,12.63136757500007],[101.52623084100009,12.766338980000057],[101.50614350200004,12.848644683000032]]]}},{"type":"Feature","id":"TH4501","properties":{"国家代码":"TH","行政层级":2,"行政层级中文":"县/曼谷区","行政区代码":"4501","上级行政区代码":"45","中文名称":"黎逸府治县","泰文名称":"เมืองร้อยเอ็ด","英文名称":"Mueang Roi Et","中文显示名":"黎逸府治县","中文名状态":"Wikidata已有中文名","边界状态":"可绘制","边界文件":"泰国_ADM2_县区边界.geojson","边界要素ID":"TH4501","边界坐标系":"WGS84 / EPSG:4326","边界数据时点":"2019-02-21","Google原生边界支持":"泰国不支持ADM2","Google地图绘制方式":"加载本GeoJSON到Google Maps Data图层","边界来源":"RTSD/OCHA衍生简化边界（canonical package）"},"geometry":{"type":"Polygon","coordinates":[[[103.69305835800009,16.116949782000063],[103.48343882000006,16.163441825000064],[103.46505259300005,16.130109094000034],[103.49813853500007,16.05702180700007],[103.55836840900008,16.065146369000047],[103.57375946100007,15.989633138000045],[103.52285324000007,15.938736619000053],[103.69685348500008,15.863869069000032],[103.72248743500006,15.915368966000074],[103.67995308800005,16.00686842400006],[103.68651960600005,16.07559158400005],[103.69305835800009,16.116949782000063]]]}},{"type":"Feature","id":"TH2701","properties":{"国家代码":"TH","行政层级":2,"行政层级中文":"县/曼谷区","行政区代码":"2701","上级行政区代码":"27","中文名称":"沙缴府治县","泰文名称":"เมืองสระแก้ว","英文名称":"Mueang Sa Kaeo","中文显示名":"沙缴府治县","中文名状态":"Wikidata已有中文名","边界状态":"可绘制","边界文件":"泰国_ADM2_县区边界.geojson","边界要素ID":"TH2701","边界坐标系":"WGS84 / EPSG:4326","边界数据时点":"2019-02-21","Google原生边界支持":"泰国不支持ADM2","Google地图绘制方式":"加载本GeoJSON到Google Maps Data图层","边界来源":"RTSD/OCHA衍生简化边界（canonical package）"},"geometry":{"type":"Polygon","coordinates":[[[102.32595634700004,14.128397520000021],[102.10620592600009,14.151759132000052],[102.11056621500006,14.042156306000038],[101.96164810000005,14.023251278000032],[101.90456847600007,13.883143893000067],[101.94140870200005,13.811849936000044],[101.94288304500009,13.692339021000066],[102.03369759300006,13.703145867000046],[102.09486528600007,13.762525555000025],[102.15383838700006,13.68498233400004],[102.22776653000005,13.725923751000039],[102.15883415500008,13.855859758000065],[102.19537605800008,13.922300498000027],[102.31115552400007,14.02581576600005],[102.32595634700004,14.128397520000021]]]}},{"type":"Feature","id":"TH4701","properties":{"国家代码":"TH","行政层级":2,"行政层级中文":"县/曼谷区","行政区代码":"4701","上级行政区代码":"47","中文名称":"沙功那空府治县","泰文名称":"เมืองสกลนคร","英文名称":"Mueang Sakon Nakhon","中文显示名":"沙功那空府治县","中文名状态":"Wikidata已有中文名","边界状态":"可绘制","边界文件":"泰国_ADM2_县区边界.geojson","边界要素ID":"TH4701","边界坐标系":"WGS84 / EPSG:4326","边界数据时点":"2019-02-21","Google原生边界支持":"泰国不支持ADM2","Google地图绘制方式":"加载本GeoJSON到Google Maps Data图层","边界来源":"RTSD/OCHA衍生简化边界（canonical package）"},"geometry":{"type":"Polygon","coordinates":[[[104.07248385000008,17.377941558000032],[104.06281397700008,17.388874632000068],[103.98223203600008,17.30991917500006],[103.96790765300005,17.21128406300005],[103.91482687300004,17.169463939000025],[103.98304340000004,17.033954510000058],[104.06668966600006,17.017666027000075],[104.12756335500006,17.001609853000048],[104.13097777600007,17.07276299800003],[104.19645184300003,17.017549090000045],[104.32718941900004,17.130615308000074],[104.19013937700004,17.180012024000064],[104.21555887100004,17.27314016500003],[104.18229383500005,17.315856259000043],[104.10132350800006,17.315096031000053],[104.07248385000008,17.377941558000032]]]}},{"type":"Feature","id":"TH1101","properties":{"国家代码":"TH","行政层级":2,"行政层级中文":"县/曼谷区","行政区代码":"1101","上级行政区代码":"11","中文名称":"沙没巴干县","泰文名称":"เมืองสมุทรปราการ","英文名称":"Mueang Samut Prakan","中文显示名":"沙没巴干县","中文名状态":"Wikidata已有中文名","边界状态":"可绘制","边界文件":"泰国_ADM2_县区边界.geojson","边界要素ID":"TH1101","边界坐标系":"WGS84 / EPSG:4326","边界数据时点":"2019-02-21","Google原生边界支持":"泰国不支持ADM2","Google地图绘制方式":"加载本GeoJSON到Google Maps Data图层","边界来源":"RTSD/OCHA衍生简化边界（canonical package）"},"geometry":{"type":"Polygon","coordinates":[[[100.64480773300005,13.653638436000051],[100.59210252600008,13.663807903000077],[100.55135740800006,13.618557683000063],[100.59733268100007,13.538992501000052],[100.78037276600008,13.491971804000059],[100.76585653500007,13.521771201000035],[100.69562173500003,13.523410001000059],[100.69778248100005,13.586494578000043],[100.64480773300005,13.653638436000051]]]}},{"type":"Feature","id":"TH7401","properties":{"国家代码":"TH","行政层级":2,"行政层级中文":"县/曼谷区","行政区代码":"7401","上级行政区代码":"74","中文名称":"沙没沙空府治县","泰文名称":"เมืองสมุทรสาคร","英文名称":"Mueang Samut Sakhon","中文显示名":"沙没沙空府治县","中文名状态":"Wikidata已有中文名","边界状态":"可绘制","边界文件":"泰国_ADM2_县区边界.geojson","边界要素ID":"TH7401","边界坐标系":"WGS84 / EPSG:4326","边界数据时点":"2019-02-21","Google原生边界支持":"泰国不支持ADM2","Google地图绘制方式":"加载本GeoJSON到Google Maps Data图层","边界来源":"RTSD/OCHA衍生简化边界（canonical package）"},"geometry":{"type":"Polygon","coordinates":[[[100.37648208400009,13.619703151000067],[100.35024229000004,13.640497348000054],[100.22790413200005,13.604494406000072],[100.05315896400003,13.485801796000032],[100.07878223200004,13.425330343000041],[100.26017218500004,13.480507147000026],[100.40883825200007,13.493389571000023],[100.37648208400009,13.619703151000067]]]}},{"type":"Feature","id":"TH7501","properties":{"国家代码":"TH","行政层级":2,"行政层级中文":"县/曼谷区","行政区代码":"7501","上级行政区代码":"75","中文名称":"夜功","泰文名称":"เมืองสมุทรสงคราม","英文名称":"Mueang Samut Songkhram","中文显示名":"夜功","中文名状态":"Wikidata已有中文名","边界状态":"可绘制","边界文件":"泰国_ADM2_县区边界.geojson","边界要素ID":"TH7501","边界坐标系":"WGS84 / EPSG:4326","边界数据时点":"2019-02-21","Google原生边界支持":"泰国不支持ADM2","Google地图绘制方式":"加载本GeoJSON到Google Maps Data图层","边界来源":"RTSD/OCHA衍生简化边界（canonical package）"},"geometry":{"type":"Polygon","coordinates":[[[100.05315896400003,13.485801796000032],[100.02951576800007,13.507781799000043],[100.02627364800009,13.504561636000062],[100.01435767500004,13.477550037000071],[99.94708948500005,13.403617197000074],[99.93119533600009,13.283808055000065],[99.95250447900008,13.296620133000033],[100.07878223200004,13.425330343000041],[100.05315896400003,13.485801796000032]]]}},{"type":"Feature","id":"TH1901","properties":{"国家代码":"TH","行政层级":2,"行政层级中文":"县/曼谷区","行政区代码":"1901","上级行政区代码":"19","中文名称":"沙拉武里府治县","泰文名称":"เมืองสระบุรี","英文名称":"Mueang Saraburi","中文显示名":"沙拉武里府治县","中文名状态":"Wikidata已有中文名","边界状态":"可绘制","边界文件":"泰国_ADM2_县区边界.geojson","边界要素ID":"TH1901","边界坐标系":"WGS84 / EPSG:4326","边界数据时点":"2019-02-21","Google原生边界支持":"泰国不支持ADM2","Google地图绘制方式":"加载本GeoJSON到Google Maps Data图层","边界来源":"RTSD/OCHA衍生简化边界（canonical package）"},"geometry":{"type":"Polygon","coordinates":[[[100.96203611400006,14.566053897000074],[100.88839484100004,14.565531920000069],[100.85014877500004,14.521002504000023],[100.84518218900007,14.459408770000039],[100.93926327900004,14.433992139000054],[101.00021307100008,14.417760420000036],[100.96203611400006,14.566053897000074]]]}},{"type":"Feature","id":"TH9101","properties":{"国家代码":"TH","行政层级":2,"行政层级中文":"县/曼谷区","行政区代码":"9101","上级行政区代码":"91","中文名称":"沙墩","泰文名称":"เมืองสตูล","英文名称":"Mueang Satun","中文显示名":"沙墩","中文名状态":"Wikidata已有中文名","边界状态":"可绘制","边界文件":"泰国_ADM2_县区边界.geojson","边界要素ID":"TH9101","边界坐标系":"WGS84 / EPSG:4326","边界数据时点":"2019-02-21","Google原生边界支持":"泰国不支持ADM2","Google地图绘制方式":"加载本GeoJSON到Google Maps Data图层","边界来源":"RTSD/OCHA衍生简化边界（canonical package）"},"geometry":{"type":"MultiPolygon","coordinates":[[[[99.64889111300005,6.737223870000037],[99.59564262900005,6.598117567000031],[99.65332964100008,6.503883118000033],[99.69789449500007,6.542988628000046],[99.68415355400003,6.685013642000058],[99.64889111300005,6.737223870000037]]],[[[100.17914878200008,6.683107481000036],[100.07845689000004,6.72361230000007],[100.00692025700005,6.805332878000058],[99.91283466100003,6.724147022000068],[99.91997511300008,6.676223332000063],[100.06442821100006,6.5162643550000325],[100.07913930600006,6.558296295000048],[100.12077593200007,6.422715688000039],[100.18296178200006,6.573496453000075],[100.17914878200008,6.683107481000036]]]]}},{"type":"Feature","id":"TH3301","properties":{"国家代码":"TH","行政层级":2,"行政层级中文":"县/曼谷区","行政区代码":"3301","上级行政区代码":"33","中文名称":"四色菊府治县","泰文名称":"เมืองศรีสะเกษ","英文名称":"Mueang Si Sa Ket","中文显示名":"四色菊府治县","中文名状态":"Wikidata已有中文名","边界状态":"可绘制","边界文件":"泰国_ADM2_县区边界.geojson","边界要素ID":"TH3301","边界坐标系":"WGS84 / EPSG:4326","边界数据时点":"2019-02-21","Google原生边界支持":"泰国不支持ADM2","Google地图绘制方式":"加载本GeoJSON到Google Maps Data图层","边界来源":"RTSD/OCHA衍生简化边界（canonical package）"},"geometry":{"type":"Polygon","coordinates":[[[104.43171981300009,15.150708955000027],[104.38167477900004,15.160036260000027],[104.29021354500009,15.247629577000055],[104.24533577300008,15.226511735000031],[104.26826777900004,15.109168629000067],[104.21769352600006,15.051570297000069],[104.30074577700009,14.962955613000076],[104.42456704300008,14.97748795800004],[104.45616226200008,15.008703880000041],[104.47485281600007,15.13328337300004],[104.43171981300009,15.150708955000027]]]}},{"type":"Feature","id":"TH1701","properties":{"国家代码":"TH","行政层级":2,"行政层级中文":"县/曼谷区","行政区代码":"1701","上级行政区代码":"17","中文名称":"信武里府治县","泰文名称":"เมืองสิงห์บุรี","英文名称":"Mueang Sing Buri","中文显示名":"信武里府治县","中文名状态":"Wikidata已有中文名","边界状态":"可绘制","边界文件":"泰国_ADM2_县区边界.geojson","边界要素ID":"TH1701","边界坐标系":"WGS84 / EPSG:4326","边界数据时点":"2019-02-21","Google原生边界支持":"泰国不支持ADM2","Google地图绘制方式":"加载本GeoJSON到Google Maps Data图层","边界来源":"RTSD/OCHA衍生简化边界（canonical package）"},"geometry":{"type":"Polygon","coordinates":[[[100.42200090200004,14.922429691000048],[100.44688555300007,15.003178427000023],[100.34157055100007,14.937216233000072],[100.36743094300004,14.87112860600007],[100.39305713400006,14.816935558000068],[100.40839723500005,14.810212152000076],[100.45431854700007,14.857026374000043],[100.42200090200004,14.922429691000048]]]}},{"type":"Feature","id":"TH9001","properties":{"国家代码":"TH","行政层级":2,"行政层级中文":"县/曼谷区","行政区代码":"9001","上级行政区代码":"90","中文名称":"宋卡府治县","泰文名称":"เมืองสงขลา","英文名称":"Muaeng Songkhla","中文显示名":"宋卡府治县","中文名状态":"Wikidata已有中文名","边界状态":"可绘制","边界文件":"泰国_ADM2_县区边界.geojson","边界要素ID":"TH9001","边界坐标系":"WGS84 / EPSG:4326","边界数据时点":"2019-02-21","Google原生边界支持":"泰国不支持ADM2","Google地图绘制方式":"加载本GeoJSON到Google Maps Data图层","边界来源":"RTSD/OCHA衍生简化边界（canonical package）"},"geometry":{"type":"Polygon","coordinates":[[[100.67375408000004,7.101465949000044],[100.57542416500007,7.223196904000076],[100.46220998500007,7.187041116000046],[100.55492451700007,7.150927190000061],[100.60044891700005,7.025066109000022],[100.63037284800004,7.0186987070000555],[100.67375408000004,7.101465949000044]]]}},{"type":"Feature","id":"TH4512","properties":{"国家代码":"TH","行政层级":2,"行政层级中文":"县/曼谷区","行政区代码":"4512","上级行政区代码":"45","中文名称":"孟双县","泰文名称":"เมืองสรวง","英文名称":"Mueang Suang","中文显示名":"孟双县","中文名状态":"Wikidata已有中文名","边界状态":"可绘制","边界文件":"泰国_ADM2_县区边界.geojson","边界要素ID":"TH4512","边界坐标系":"WGS84 / EPSG:4326","边界数据时点":"2019-02-21","Google原生边界支持":"泰国不支持ADM2","Google地图绘制方式":"加载本GeoJSON到Google Maps Data图层","边界来源":"RTSD/OCHA衍生简化边界（canonical package）"},"geometry":{"type":"Polygon","coordinates":[[[103.85188170800006,15.778211928000076],[103.69685348500008,15.863869069000032],[103.69478169100006,15.771469858000046],[103.69509654700005,15.714127293000047],[103.85188170800006,15.778211928000076]]]}},{"type":"Feature","id":"TH6401","properties":{"国家代码":"TH","行政层级":2,"行政层级中文":"县/曼谷区","行政区代码":"6401","上级行政区代码":"64","中文名称":"素可泰府治县","泰文名称":"เมืองสุโขทัย","英文名称":"Mueang Sukhothai","中文显示名":"素可泰府治县","中文名状态":"Wikidata已有中文名","边界状态":"可绘制","边界文件":"泰国_ADM2_县区边界.geojson","边界要素ID":"TH6401","边界坐标系":"WGS84 / EPSG:4326","边界数据时点":"2019-02-21","Google原生边界支持":"泰国不支持ADM2","Google地图绘制方式":"加载本GeoJSON到Google Maps Data图层","边界来源":"RTSD/OCHA衍生简化边界（canonical package）"},"geometry":{"type":"Polygon","coordinates":[[[99.96611237800005,17.072688226000025],[99.87998175100006,17.09709285300005],[99.82824951800006,17.061295589000053],[99.72802792300007,17.150939896000068],[99.63104180600004,17.125473788000022],[99.61908543500004,16.963247461000037],[99.78884288000006,16.965694863000067],[99.84319914700006,16.87856596000006],[99.88840040000008,16.96921978100005],[99.94697931200005,17.001388079000037],[99.96611237800005,17.072688226000025]]]}},{"type":"Feature","id":"TH7201","properties":{"国家代码":"TH","行政层级":2,"行政层级中文":"县/曼谷区","行政区代码":"7201","上级行政区代码":"72","中文名称":"素攀府治县","泰文名称":"เมืองสุพรรณบุรี","英文名称":"Mueang Saphan Buri","中文显示名":"素攀府治县","中文名状态":"Wikidata已有中文名","边界状态":"可绘制","边界文件":"泰国_ADM2_县区边界.geojson","边界要素ID":"TH7201","边界坐标系":"WGS84 / EPSG:4326","边界数据时点":"2019-02-21","Google原生边界支持":"泰国不支持ADM2","Google地图绘制方式":"加载本GeoJSON到Google Maps Data图层","边界来源":"RTSD/OCHA衍生简化边界（canonical package）"},"geometry":{"type":"Polygon","coordinates":[[[100.08632056800008,14.571062848000054],[99.91870657600003,14.594945880000068],[99.96833311900008,14.482951661000072],[99.94755333900008,14.417640551000034],[99.97542250800007,14.340758214000061],[99.98404669700005,14.336716616000047],[100.02603949100006,14.400607002000072],[100.24611592000008,14.453801830000032],[100.25314556100005,14.48286126100004],[100.19711133600003,14.555511256000045],[100.08632056800008,14.571062848000054]]]}},{"type":"Feature","id":"TH8401","properties":{"国家代码":"TH","行政层级":2,"行政层级中文":"县/曼谷区","行政区代码":"8401","上级行政区代码":"84","中文名称":"素叻他尼府治县","泰文名称":"เมืองสุราษฎร์ธานี","英文名称":"Mueang Surat Thani","中文显示名":"素叻他尼府治县","中文名状态":"Wikidata已有中文名","边界状态":"可绘制","边界文件":"泰国_ADM2_县区边界.geojson","边界要素ID":"TH8401","边界坐标系":"WGS84 / EPSG:4326","边界数据时点":"2019-02-21","Google原生边界支持":"泰国不支持ADM2","Google地图绘制方式":"加载本GeoJSON到Google Maps Data图层","边界来源":"RTSD/OCHA衍生简化边界（canonical package）"},"geometry":{"type":"Polygon","coordinates":[[[99.38102742100006,9.193885778000038],[99.32192808700006,9.24396950800002],[99.22121099300006,9.144546827000056],[99.26928665500009,9.10032820500004],[99.32113614800005,8.960327585000073],[99.35517141800005,8.965913625000042],[99.38907258900008,8.996797043000072],[99.38102742100006,9.193885778000038]]]}},{"type":"Feature","id":"TH3201","properties":{"国家代码":"TH","行政层级":2,"行政层级中文":"县/曼谷区","行政区代码":"3201","上级行政区代码":"32","中文名称":"素林府治县","泰文名称":"เมืองสุรินทร์","英文名称":"Mueang Surin","中文显示名":"素林府治县","中文名状态":"Wikidata已有中文名","边界状态":"可绘制","边界文件":"泰国_ADM2_县区边界.geojson","边界要素ID":"TH3201","边界坐标系":"WGS84 / EPSG:4326","边界数据时点":"2019-02-21","Google原生边界支持":"泰国不支持ADM2","Google地图绘制方式":"加载本GeoJSON到Google Maps Data图层","边界来源":"RTSD/OCHA衍生简化边界（canonical package）"},"geometry":{"type":"Polygon","coordinates":[[[103.58844161200005,15.088104835000024],[103.46581596800007,15.141435411000032],[103.42528798600006,15.131949918000032],[103.42724398100006,15.115589197000077],[103.44801482000008,15.045272470000043],[103.42616248900003,14.936210189000064],[103.27912506600006,14.775337622000052],[103.44412710200004,14.738060610000048],[103.51526274100007,14.749665614000037],[103.60175147500007,14.686229457000024],[103.66721724600006,14.804166388000056],[103.68995581200005,14.910701978000077],[103.66142968400004,14.94776636000006],[103.53861080000007,14.977608533000023],[103.58844161200005,15.088104835000024]]]}},{"type":"Feature","id":"TH6301","properties":{"国家代码":"TH","行政层级":2,"行政层级中文":"县/曼谷区","行政区代码":"6301","上级行政区代码":"63","中文名称":"达府府治县","泰文名称":"เมืองตาก","英文名称":"Mueang Tak","中文显示名":"达府府治县","中文名状态":"Wikidata已有中文名","边界状态":"可绘制","边界文件":"泰国_ADM2_县区边界.geojson","边界要素ID":"TH6301","边界坐标系":"WGS84 / EPSG:4326","边界数据时点":"2019-02-21","Google原生边界支持":"泰国不支持ADM2","Google地图绘制方式":"加载本GeoJSON到Google Maps Data图层","边界来源":"RTSD/OCHA衍生简化边界（canonical package）"},"geometry":{"type":"Polygon","coordinates":[[[99.43262009200004,16.87586147600007],[99.45520097700006,16.912677831000053],[99.36868883800008,17.09715287000006],[99.31434062200003,17.14568502900005],[99.31857129600007,17.213955713000075],[99.25907387900008,17.151330187000042],[99.23361895300008,17.18084914600007],[99.18013349900008,17.10376861700007],[99.20805835600004,17.023378002000072],[99.13852930000007,16.971001776000037],[99.07543724700008,16.977789295000036],[98.98005614100003,16.912894235000067],[98.91227994200005,16.975349221000045],[98.83826497600006,16.91189508800005],[98.82688154100003,16.87267527800003],[98.95347739900006,16.723269904000063],[98.93319686300003,16.640834402000053],[98.96854447400005,16.56264955000006],[99.03337920100006,16.586959689000025],[99.02989063100006,16.703520316000038],[99.14791159500004,16.790723139000022],[99.27139435400005,16.684695316000045],[99.30551175900007,16.768682890000036],[99.38538510600006,16.807845691000068],[99.43262009200004,16.87586147600007]]]}},{"type":"Feature","id":"TH9201","properties":{"国家代码":"TH","行政层级":2,"行政层级中文":"县/曼谷区","行政区代码":"9201","上级行政区代码":"92","中文名称":"董里府治县","泰文名称":"เมืองตรัง","英文名称":"Mueang Trang","中文显示名":"董里府治县","中文名状态":"Wikidata已有中文名","边界状态":"可绘制","边界文件":"泰国_ADM2_县区边界.geojson","边界要素ID":"TH9201","边界坐标系":"WGS84 / EPSG:4326","边界数据时点":"2019-02-21","Google原生边界支持":"泰国不支持ADM2","Google地图绘制方式":"加载本GeoJSON到Google Maps Data图层","边界来源":"RTSD/OCHA衍生简化边界（canonical package）"},"geometry":{"type":"Polygon","coordinates":[[[99.81111686800006,7.648636847000034],[99.72835093700007,7.718491939000046],[99.66818039300006,7.681622290000064],[99.54898494200006,7.679373439000074],[99.46278812200006,7.608825802000069],[99.49226319900004,7.562935217000074],[99.51944552400005,7.540661324000041],[99.56477735400006,7.543084123000028],[99.61272715200005,7.4656501930000445],[99.66757484800007,7.5178951000000325],[99.67457906000004,7.6261567290000585],[99.78770864400008,7.644569083000022],[99.81111686800006,7.648636847000034]]]}},{"type":"Feature","id":"TH2301","properties":{"国家代码":"TH","行政层级":2,"行政层级中文":"县/曼谷区","行政区代码":"2301","上级行政区代码":"23","中文名称":"达叻","泰文名称":"เมืองตราด","英文名称":"Mueang Trat","中文显示名":"达叻","中文名状态":"Wikidata已有中文名","边界状态":"可绘制","边界文件":"泰国_ADM2_县区边界.geojson","边界要素ID":"TH2301","边界坐标系":"WGS84 / EPSG:4326","边界数据时点":"2019-02-21","Google原生边界支持":"泰国不支持ADM2","Google地图绘制方式":"加载本GeoJSON到Google Maps Data图层","边界来源":"RTSD/OCHA衍生简化边界（canonical package）"},"geometry":{"type":"Polygon","coordinates":[[[102.77834746100007,12.436211358000037],[102.62833811300004,12.392995443000075],[102.55172808200007,12.466569153000023],[102.50042840000003,12.325225471000067],[102.39844149400005,12.271967768000025],[102.47221483800007,12.164422066000043],[102.54764378400006,12.058718912000074],[102.55790959700005,12.182429291000062],[102.62477031100008,12.151434996000035],[102.75379018600006,12.042019550000077],[102.76839988600005,11.98373057200007],[102.78238548700006,11.984979630000055],[102.77080398000004,12.074109968000073],[102.70609133400006,12.181018658000028],[102.72617545400004,12.364192703000072],[102.77834746100007,12.436211358000037]]]}},{"type":"Feature","id":"TH3401","properties":{"国家代码":"TH","行政层级":2,"行政层级中文":"县/曼谷区","行政区代码":"3401","上级行政区代码":"34","中文名称":"乌汶府治县","泰文名称":"เมืองอุบลราชธานี","英文名称":"Mueang Ubon Ratchathani","中文显示名":"乌汶府治县","中文名状态":"Wikidata已有中文名","边界状态":"可绘制","边界文件":"泰国_ADM2_县区边界.geojson","边界要素ID":"TH3401","边界坐标系":"WGS84 / EPSG:4326","边界数据时点":"2019-02-21","Google原生边界支持":"泰国不支持ADM2","Google地图绘制方式":"加载本GeoJSON到Google Maps Data图层","边界来源":"RTSD/OCHA衍生简化边界（canonical package）"},"geometry":{"type":"Polygon","coordinates":[[[104.85058123900006,15.38572488400007],[104.79047192800004,15.414113297000029],[104.73884570100006,15.36455152600007],[104.68685693000003,15.391688831000067],[104.70870559600007,15.30596637800005],[104.69044941200008,15.22524984100005],[104.71420010500009,15.182596922000073],[104.79229222100008,15.241946949000067],[104.83356246400007,15.204942699000071],[104.94115798200005,15.23358479600006],[105.03358162800004,15.279449520000071],[105.01671925400007,15.346684905000075],[104.94063806300005,15.342324146000067],[104.85058123900006,15.38572488400007]]]}},{"type":"Feature","id":"TH4101","properties":{"国家代码":"TH","行政层级":2,"行政层级中文":"县/曼谷区","行政区代码":"4101","上级行政区代码":"41","中文名称":"乌隆府治县","泰文名称":"เมืองอุดรธานี","英文名称":"Mueang Udon Thani","中文显示名":"乌隆府治县","中文名状态":"Wikidata已有中文名","边界状态":"可绘制","边界文件":"泰国_ADM2_县区边界.geojson","边界要素ID":"TH4101","边界坐标系":"WGS84 / EPSG:4326","边界数据时点":"2019-02-21","Google原生边界支持":"泰国不支持ADM2","Google地图绘制方式":"加载本GeoJSON到Google Maps Data图层","边界来源":"RTSD/OCHA衍生简化边界（canonical package）"},"geometry":{"type":"Polygon","coordinates":[[[102.96221879500007,17.47059822500006],[102.91425523500004,17.488010291000023],[102.89672177600005,17.56418006100006],[102.69326517500008,17.57184200000006],[102.67166988400004,17.531287589000044],[102.70067851500005,17.468549775000042],[102.61291359100005,17.43486590400005],[102.59859431000007,17.374847343000056],[102.66514247700007,17.295443512000077],[102.66995394700007,17.20580932300004],[102.79967238600005,17.244512352000072],[102.82345184200005,17.26337482400004],[102.93432483900006,17.20403958600002],[102.90055851500006,17.243738509000025],[102.94770354500008,17.32046588000003],[102.95485179600007,17.45489520600006],[102.96221879500007,17.47059822500006]]]}},{"type":"Feature","id":"TH6101","properties":{"国家代码":"TH","行政层级":2,"行政层级中文":"县/曼谷区","行政区代码":"6101","上级行政区代码":"61","中文名称":"乌泰他尼府治县","泰文名称":"เมืองอุทัยธานี","英文名称":"Mueang Uthai Thani","中文显示名":"乌泰他尼府治县","中文名状态":"Wikidata已有中文名","边界状态":"可绘制","边界文件":"泰国_ADM2_县区边界.geojson","边界要素ID":"TH6101","边界坐标系":"WGS84 / EPSG:4326","边界数据时点":"2019-02-21","Google原生边界支持":"泰国不支持ADM2","Google地图绘制方式":"加载本GeoJSON到Google Maps Data图层","边界来源":"RTSD/OCHA衍生简化边界（canonical package）"},"geometry":{"type":"Polygon","coordinates":[[[100.10186987000009,15.417357425000034],[100.01302773500004,15.473198661000026],[100.03458255600003,15.51039813500006],[99.94817728000004,15.501116496000066],[99.95097445800008,15.435641836000059],[99.93160430100005,15.38631209700003],[99.99978174100005,15.375469285000065],[100.03722899900004,15.292283610000027],[100.05816397900008,15.26366521600005],[100.05606914800006,15.268930625000053],[100.10186987000009,15.417357425000034]]]}},{"type":"Feature","id":"TH5301","properties":{"国家代码":"TH","行政层级":2,"行政层级中文":"县/曼谷区","行政区代码":"5301","上级行政区代码":"53","中文名称":"程逸府治县","泰文名称":"เมืองอุตรดิตถ์","英文名称":"Mueang Uttaradit","中文显示名":"程逸府治县","中文名状态":"Wikidata已有中文名","边界状态":"可绘制","边界文件":"泰国_ADM2_县区边界.geojson","边界要素ID":"TH5301","边界坐标系":"WGS84 / EPSG:4326","边界数据时点":"2019-02-21","Google原生边界支持":"泰国不支持ADM2","Google地图绘制方式":"加载本GeoJSON到Google Maps Data图层","边界来源":"RTSD/OCHA衍生简化边界（canonical package）"},"geometry":{"type":"Polygon","coordinates":[[[100.41266829900007,17.621200642000076],[100.33819480900007,17.706709583000077],[100.28686424900008,17.69209647400004],[100.28274247600007,17.779169125000067],[100.14824287200008,17.826118534000045],[100.13412990400008,17.86011837500007],[99.99527384200007,17.830758536000076],[100.10359519500008,17.756350862000033],[100.06115645200003,17.609146241000076],[100.08024985800006,17.511647835000076],[100.19852875000004,17.539948717000073],[100.31310621100005,17.623492621000025],[100.36072829500006,17.58702871500003],[100.41266829900007,17.621200642000076]]]}},{"type":"Feature","id":"TH9501","properties":{"国家代码":"TH","行政层级":2,"行政层级中文":"县/曼谷区","行政区代码":"9501","上级行政区代码":"95","中文名称":"也拉府治县","泰文名称":"เมืองยะลา","英文名称":"Mueang Yala","中文显示名":"也拉府治县","中文名状态":"Wikidata已有中文名","边界状态":"可绘制","边界文件":"泰国_ADM2_县区边界.geojson","边界要素ID":"TH9501","边界坐标系":"WGS84 / EPSG:4326","边界数据时点":"2019-02-21","Google原生边界支持":"泰国不支持ADM2","Google地图绘制方式":"加载本GeoJSON到Google Maps Data图层","边界来源":"RTSD/OCHA衍生简化边界（canonical package）"},"geometry":{"type":"Polygon","coordinates":[[[101.35487452600006,6.5571950630000515],[101.30663259900007,6.56469671900004],[101.28036161800009,6.68187537600005],[101.22402740100006,6.606261136000057],[101.10361983100006,6.627967249000051],[101.09021512400005,6.608214353000051],[101.22158243800004,6.483626881000021],[101.30385230400003,6.446496532000026],[101.35487452600006,6.5571950630000515]]]}},{"type":"Feature","id":"TH3027","properties":{"国家代码":"TH","行政层级":2,"行政层级中文":"县/曼谷区","行政区代码":"3027","上级行政区代码":"30","中文名称":"孟扬县","泰文名称":"เมืองยาง","英文名称":"Mueang Yang","中文显示名":"孟扬县","中文名状态":"Wikidata已有中文名","边界状态":"可绘制","边界文件":"泰国_ADM2_县区边界.geojson","边界要素ID":"TH3027","边界坐标系":"WGS84 / EPSG:4326","边界数据时点":"2019-02-21","Google原生边界支持":"泰国不支持ADM2","Google地图绘制方式":"加载本GeoJSON到Google Maps Data图层","边界来源":"RTSD/OCHA衍生简化边界（canonical package）"},"geometry":{"type":"Polygon","coordinates":[[[102.89594599200007,15.521453817000065],[102.83348137400009,15.510829536000074],[102.75444120000009,15.431263426000044],[102.77936309700004,15.38108479400006],[102.84477589800008,15.405382936000024],[102.95509740300008,15.38273395300007],[103.01006928900006,15.436508616000026],[102.89594599200007,15.521453817000065]]]}},{"type":"Feature","id":"TH3501","properties":{"国家代码":"TH","行政层级":2,"行政层级中文":"县/曼谷区","行政区代码":"3501","上级行政区代码":"35","中文名称":"益梭通府治县","泰文名称":"เมืองยโสธร","英文名称":"Mueang Yasothon","中文显示名":"益梭通府治县","中文名状态":"Wikidata已有中文名","边界状态":"可绘制","边界文件":"泰国_ADM2_县区边界.geojson","边界要素ID":"TH3501","边界坐标系":"WGS84 / EPSG:4326","边界数据时点":"2019-02-21","Google原生边界支持":"泰国不支持ADM2","Google地图绘制方式":"加载本GeoJSON到Google Maps Data图层","边界来源":"RTSD/OCHA衍生简化边界（canonical package）"},"geometry":{"type":"Polygon","coordinates":[[[104.09374782900005,15.977546450000034],[104.03635945600007,15.984217121000029],[104.00264981200007,15.802476929000022],[104.13185278500004,15.801396757000077],[104.13001453500004,15.697165485000028],[104.16826576700004,15.675159010000073],[104.26974732300005,15.762062875000026],[104.28265176800005,15.825401943000031],[104.37823661600004,15.903435820000027],[104.33045762900008,15.901703582000039],[104.20985279400008,15.910010076000049],[104.09374782900005,15.977546450000034]]]}},{"type":"Feature","id":"TH8010","properties":{"国家代码":"TH","行政层级":2,"行政层级中文":"县/曼谷区","行政区代码":"8010","上级行政区代码":"80","中文名称":"那邦县","泰文名称":"นาบอน","英文名称":"Na Bon","中文显示名":"那邦县","中文名状态":"Wikidata已有中文名","边界状态":"可绘制","边界文件":"泰国_ADM2_县区边界.geojson","边界要素ID":"TH8010","边界坐标系":"WGS84 / EPSG:4326","边界数据时点":"2019-02-21","Google原生边界支持":"泰国不支持ADM2","Google地图绘制方式":"加载本GeoJSON到Google Maps Data图层","边界来源":"RTSD/OCHA衍生简化边界（canonical package）"},"geometry":{"type":"Polygon","coordinates":[[[99.51942362100004,8.348039361000076],[99.48019417500007,8.364710759000047],[99.47274606800005,8.197358876000067],[99.57948863600006,8.242140246000076],[99.66951060600007,8.222715615000027],[99.67456457900005,8.290136835000055],[99.56425717400003,8.293080645000032],[99.51942362100004,8.348039361000076]]]}},{"type":"Feature","id":"TH3408","properties":{"国家代码":"TH","行政层级":2,"行政层级中文":"县/曼谷区","行政区代码":"3408","上级行政区代码":"34","中文名称":"那乍雷县","泰文名称":"นาจะหลวย","英文名称":"Na Chaluai","中文显示名":"那乍雷县","中文名状态":"Wikidata已有中文名","边界状态":"可绘制","边界文件":"泰国_ADM2_县区边界.geojson","边界要素ID":"TH3408","边界坐标系":"WGS84 / EPSG:4326","边界数据时点":"2019-02-21","Google原生边界支持":"泰国不支持ADM2","Google地图绘制方式":"加载本GeoJSON到Google Maps Data图层","边界来源":"RTSD/OCHA衍生简化边界（canonical package）"},"geometry":{"type":"Polygon","coordinates":[[[105.25351968300004,14.72047806300003],[105.15151906800008,14.732355855000037],[105.11702960300005,14.61798974800007],[105.16665046200006,14.619677067000055],[105.13870775600009,14.503976029000057],[105.28374697400005,14.365558587000066],[105.32491674200008,14.393503427000041],[105.32071323800005,14.541691026000024],[105.25351968300004,14.72047806300003]]]}},{"type":"Feature","id":"TH4407","properties":{"国家代码":"TH","行政层级":2,"行政层级中文":"县/曼谷区","行政区代码":"4407","上级行政区代码":"44","中文名称":"纳触县","泰文名称":"นาเชือก","英文名称":"Na Chueak","中文显示名":"纳触县","中文名状态":"Wikidata已有中文名","边界状态":"可绘制","边界文件":"泰国_ADM2_县区边界.geojson","边界要素ID":"TH4407","边界坐标系":"WGS84 / EPSG:4326","边界数据时点":"2019-02-21","Google原生边界支持":"泰国不支持ADM2","Google地图绘制方式":"加载本GeoJSON到Google Maps Data图层","边界来源":"RTSD/OCHA衍生简化边界（canonical package）"},"geometry":{"type":"Polygon","coordinates":[[[103.14948106500003,15.863682500000039],[103.11692996200009,15.841450528000053],[103.04635982900004,15.89913308000007],[102.94210407900005,15.909074213000054],[102.90116517300004,15.91077814700003],[102.92688094800008,15.816932889000043],[102.93046269600006,15.795826058000046],[103.00799590100007,15.701173907000054],[103.12355134100005,15.704122622000057],[103.17948014500007,15.801153819000035],[103.14948106500003,15.863682500000039]]]}},{"type":"Feature","id":"TH2503","properties":{"国家代码":"TH","行政层级":2,"行政层级中文":"县/曼谷区","行政区代码":"2503","上级行政区代码":"25","中文名称":"那滴县","泰文名称":"นาดี","英文名称":"Na Di","中文显示名":"那滴县","中文名状态":"Wikidata已有中文名","边界状态":"可绘制","边界文件":"泰国_ADM2_县区边界.geojson","边界要素ID":"TH2503","边界坐标系":"WGS84 / EPSG:4326","边界数据时点":"2019-02-21","Google原生边界支持":"泰国不支持ADM2","Google地图绘制方式":"加载本GeoJSON到Google Maps Data图层","边界来源":"RTSD/OCHA衍生简化边界（canonical package）"},"geometry":{"type":"Polygon","coordinates":[[[101.96655498700005,14.227819210000064],[101.93042532200008,14.326302144000067],[101.74702756200008,14.346790167000051],[101.74154679000009,14.308390174000067],[101.64896708500004,14.392524232000028],[101.67113328000005,14.190590868000072],[101.65928595000008,14.118486509000036],[101.74399093600005,14.088233191000029],[101.75556263300007,14.035094549000064],[101.80867928400005,14.097500726000021],[101.91078132200005,14.098429902000078],[101.88648018800006,14.019317477000072],[101.96164810000005,14.023251278000032],[102.11056621500006,14.042156306000038],[102.10620592600009,14.151759132000052],[101.96655498700005,14.227819210000064]]]}},{"type":"Feature","id":"TH4202","properties":{"国家代码":"TH","行政层级":2,"行政层级中文":"县/曼谷区","行政区代码":"4202","上级行政区代码":"42","中文名称":"那銮县","泰文名称":"นาด้วง","英文名称":"Na Duang","中文显示名":"那銮县","中文名状态":"Wikidata已有中文名","边界状态":"可绘制","边界文件":"泰国_ADM2_县区边界.geojson","边界要素ID":"TH4202","边界坐标系":"WGS84 / EPSG:4326","边界数据时点":"2019-02-21","Google原生边界支持":"泰国不支持ADM2","Google地图绘制方式":"加载本GeoJSON到Google Maps Data图层","边界来源":"RTSD/OCHA衍生简化边界（canonical package）"},"geometry":{"type":"Polygon","coordinates":[[[102.03643160000007,17.65029137500005],[101.95089499200009,17.680709915000023],[101.91270523900005,17.65353030600005],[101.86766549700008,17.591534301000024],[101.91840633700008,17.409077555000067],[101.98930524700006,17.403618039000037],[101.98749858300005,17.454091351000045],[102.10505463100009,17.446807810000053],[102.12917542900004,17.49785743700005],[102.08322637300006,17.634323248000044],[102.03643160000007,17.65029137500005]]]}},{"type":"Feature","id":"TH4410","properties":{"国家代码":"TH","行政层级":2,"行政层级中文":"县/曼谷区","行政区代码":"4410","上级行政区代码":"44","中文名称":"纳敦县","泰文名称":"นาดูน","英文名称":"Na Dun","中文显示名":"纳敦县","中文名状态":"Wikidata已有中文名","边界状态":"可绘制","边界文件":"泰国_ADM2_县区边界.geojson","边界要素ID":"TH4410","边界坐标系":"WGS84 / EPSG:4326","边界数据时点":"2019-02-21","Google原生边界支持":"泰国不支持ADM2","Google地图绘制方式":"加载本GeoJSON到Google Maps Data图层","边界来源":"RTSD/OCHA衍生简化边界（canonical package）"},"geometry":{"type":"Polygon","coordinates":[[[103.34459867000004,15.717143891000035],[103.29094370100006,15.796232892000035],[103.17948014500007,15.801153819000035],[103.12355134100005,15.704122622000057],[103.21439559000004,15.655332719000057],[103.26711721900006,15.649621683000078],[103.34459867000004,15.717143891000035]]]}},{"type":"Feature","id":"TH4206","properties":{"国家代码":"TH","行政层级":2,"行政层级中文":"县/曼谷区","行政区代码":"4206","上级行政区代码":"42","中文名称":"纳豪县","泰文名称":"นาแห้ว","英文名称":"Na Haeo","中文显示名":"纳豪县","中文名状态":"Wikidata已有中文名","边界状态":"可绘制","边界文件":"泰国_ADM2_县区边界.geojson","边界要素ID":"TH4206","边界坐标系":"WGS84 / EPSG:4326","边界数据时点":"2019-02-21","Google原生边界支持":"泰国不支持ADM2","Google地图绘制方式":"加载本GeoJSON到Google Maps Data图层","边界来源":"RTSD/OCHA衍生简化边界（canonical package）"},"geometry":{"type":"Polygon","coordinates":[[[100.96788010400007,17.571621966000066],[100.87928936200007,17.583796868000036],[100.83478361100003,17.46848562200006],[100.91641942600006,17.450839752000036],[100.91367983200007,17.342615238000064],[101.00675132200007,17.333332761000065],[101.08314309600007,17.279817594000065],[101.12370690500006,17.33227721800006],[101.11217552500005,17.47900489700004],[100.96788010400007,17.571621966000066]]]}},{"type":"Feature","id":"TH4807","properties":{"国家代码":"TH","行政层级":2,"行政层级中文":"县/曼谷区","行政区代码":"4807","上级行政区代码":"48","中文名称":"那革县","泰文名称":"นาแก","英文名称":"Na Kae","中文显示名":"那革县","中文名状态":"Wikidata已有中文名","边界状态":"可绘制","边界文件":"泰国_ADM2_县区边界.geojson","边界要素ID":"TH4807","边界坐标系":"WGS84 / EPSG:4326","边界数据时点":"2019-02-21","Google原生边界支持":"泰国不支持ADM2","Google地图绘制方式":"加载本GeoJSON到Google Maps Data图层","边界来源":"RTSD/OCHA衍生简化边界（canonical package）"},"geometry":{"type":"Polygon","coordinates":[[[104.57325743300004,17.07395323000003],[104.51716458600004,17.096843294000053],[104.52847583000005,17.05679157800006],[104.43108484800007,17.001508514000022],[104.39668693900006,17.034422492000033],[104.26677734500004,16.920423208000045],[104.25217686200006,16.906934723000063],[104.29602014900007,16.837767927000073],[104.40735131000008,16.896195130000024],[104.48356042500006,16.853545180000026],[104.62832921900008,16.863108625000052],[104.63331671700007,16.95155767600005],[104.58102234600005,16.98007603800005],[104.57325743300004,17.07395323000003]]]}},{"type":"Feature","id":"TH4616","properties":{"国家代码":"TH","行政层级":2,"行政层级中文":"县/曼谷区","行政区代码":"4616","上级行政区代码":"46","中文名称":"那库县","泰文名称":"นาคู","英文名称":"Na Khu","中文显示名":"那库县","中文名状态":"Wikidata已有中文名","边界状态":"可绘制","边界文件":"泰国_ADM2_县区边界.geojson","边界要素ID":"TH4616","边界坐标系":"WGS84 / EPSG:4326","边界数据时点":"2019-02-21","Google原生边界支持":"泰国不支持ADM2","Google地图绘制方式":"加载本GeoJSON到Google Maps Data图层","边界来源":"RTSD/OCHA衍生简化边界（canonical package）"},"geometry":{"type":"Polygon","coordinates":[[[104.07010685000006,16.82129992800003],[104.02281402700004,16.855939136000075],[103.95029845500005,16.77606519400007],[103.96458293700005,16.63458404900007],[103.99147482200004,16.679772684000056],[104.09871321400004,16.784213385000044],[104.07010685000006,16.82129992800003]]]}},{"type":"Feature","id":"TH3902","properties":{"国家代码":"TH","行政层级":2,"行政层级中文":"县/曼谷区","行政区代码":"3902","上级行政区代码":"39","中文名称":"那格朗县","泰文名称":"นากลาง","英文名称":"Na Klang","中文显示名":"那格朗县","中文名状态":"Wikidata已有中文名","边界状态":"可绘制","边界文件":"泰国_ADM2_县区边界.geojson","边界要素ID":"TH3902","边界坐标系":"WGS84 / EPSG:4326","边界数据时点":"2019-02-21","Google原生边界支持":"泰国不支持ADM2","Google地图绘制方式":"加载本GeoJSON到Google Maps Data图层","边界来源":"RTSD/OCHA衍生简化边界（canonical package）"},"geometry":{"type":"Polygon","coordinates":[[[102.39860857800005,17.414633237000032],[102.31138780000003,17.41000019100005],[102.12917542900004,17.49785743700005],[102.10505463100009,17.446807810000053],[102.13878274700005,17.271201277000046],[102.12311286300007,17.18196352800004],[102.25425911700006,17.146640538000042],[102.27950187300007,17.233327102000032],[102.23618404700005,17.326544239000043],[102.31213099900003,17.32304018900004],[102.42118316300008,17.375820901000054],[102.39860857800005,17.414633237000032]]]}},{"type":"Feature","id":"TH9012","properties":{"国家代码":"TH","行政层级":2,"行政层级中文":"县/曼谷区","行政区代码":"9012","上级行政区代码":"90","中文名称":"那芒县","泰文名称":"นาหม่อม","英文名称":"Na Mom","中文显示名":"那芒县","中文名状态":"Wikidata已有中文名","边界状态":"可绘制","边界文件":"泰国_ADM2_县区边界.geojson","边界要素ID":"TH9012","边界坐标系":"WGS84 / EPSG:4326","边界数据时点":"2019-02-21","Google原生边界支持":"泰国不支持ADM2","Google地图绘制方式":"加载本GeoJSON到Google Maps Data图层","边界来源":"RTSD/OCHA衍生简化边界（canonical package）"},"geometry":{"type":"Polygon","coordinates":[[[100.63037284800004,7.0186987070000555],[100.60044891700005,7.025066109000022],[100.52161500800008,6.992872083000066],[100.53497891700005,6.8750880010000515],[100.59205952100007,6.8870584930000405],[100.63037284800004,7.0186987070000555]]]}},{"type":"Feature","id":"TH4602","properties":{"国家代码":"TH","行政层级":2,"行政层级中文":"县/曼谷区","行政区代码":"4602","上级行政区代码":"46","中文名称":"那蒙县","泰文名称":"นามน","英文名称":"Na Mon","中文显示名":"那蒙县","中文名状态":"Wikidata已有中文名","边界状态":"可绘制","边界文件":"泰国_ADM2_县区边界.geojson","边界要素ID":"TH4602","边界坐标系":"WGS84 / EPSG:4326","边界数据时点":"2019-02-21","Google原生边界支持":"泰国不支持ADM2","Google地图绘制方式":"加载本GeoJSON到Google Maps Data图层","边界来源":"RTSD/OCHA衍生简化边界（canonical package）"},"geometry":{"type":"Polygon","coordinates":[[[103.80061721200008,16.645121262000032],[103.71589188600007,16.67503838500005],[103.68683308000004,16.597998292000057],[103.70440305800008,16.568928302000074],[103.83200475000007,16.489048358000048],[103.89061390200004,16.568392837000033],[103.80061721200008,16.645121262000032]]]}},{"type":"Feature","id":"TH5510","properties":{"国家代码":"TH","行政层级":2,"行政层级中文":"县/曼谷区","行政区代码":"5510","上级行政区代码":"55","中文名称":"那蒙县","泰文名称":"นาหมื่น","英文名称":"Na Muen","中文显示名":"那蒙县","中文名状态":"Wikidata已有中文名","边界状态":"可绘制","边界文件":"泰国_ADM2_县区边界.geojson","边界要素ID":"TH5510","边界坐标系":"WGS84 / EPSG:4326","边界数据时点":"2019-02-21","Google原生边界支持":"泰国不支持ADM2","Google地图绘制方式":"加载本GeoJSON到Google Maps Data图层","边界来源":"RTSD/OCHA衍生简化边界（canonical package）"},"geometry":{"type":"Polygon","coordinates":[[[100.87456819300007,18.118988156000057],[100.69148888000007,18.19355016800006],[100.65878958900004,18.242232098000045],[100.47647280900009,18.260218833000067],[100.41437905900005,18.153567800000076],[100.41429748700006,18.021697394000057],[100.48229230000004,18.055572554000037],[100.77439900700006,18.029251857000077],[100.87456819300007,18.118988156000057]]]}},{"type":"Feature","id":"TH5504","properties":{"国家代码":"TH","行政层级":2,"行政层级中文":"县/曼谷区","行政区代码":"5504","上级行政区代码":"55","中文名称":"纳内县","泰文名称":"นาน้อย","英文名称":"Na Noi","中文显示名":"纳内县","中文名状态":"Wikidata已有中文名","边界状态":"可绘制","边界文件":"泰国_ADM2_县区边界.geojson","边界要素ID":"TH5504","边界坐标系":"WGS84 / EPSG:4326","边界数据时点":"2019-02-21","Google原生边界支持":"泰国不支持ADM2","Google地图绘制方式":"加载本GeoJSON到Google Maps Data图层","边界来源":"RTSD/OCHA衍生简化边界（canonical package）"},"geometry":{"type":"Polygon","coordinates":[[[101.05490838400004,18.423824412000045],[101.01748485600007,18.38004702300003],[100.88899608100007,18.33659278300007],[100.83520308200008,18.424263604000032],[100.55039903000005,18.419308399000045],[100.47983351200008,18.318518294000057],[100.47647280900009,18.260218833000067],[100.65878958900004,18.242232098000045],[100.69148888000007,18.19355016800006],[100.87456819300007,18.118988156000057],[100.91352344000006,18.160105617000056],[100.91227841600005,18.227457107000077],[101.08541647400006,18.38101637500006],[101.05490838400004,18.423824412000045]]]}},{"type":"Feature","id":"TH3113","properties":{"国家代码":"TH","行政层级":2,"行政层级中文":"县/曼谷区","行政区代码":"3113","上级行政区代码":"31","中文名称":"纳普县","泰文名称":"นาโพธิ์","英文名称":"Na Pho","中文显示名":"纳普县","中文名状态":"Wikidata已有中文名","边界状态":"可绘制","边界文件":"泰国_ADM2_县区边界.geojson","边界要素ID":"TH3113","边界坐标系":"WGS84 / EPSG:4326","边界数据时点":"2019-02-21","Google原生边界支持":"泰国不支持ADM2","Google地图绘制方式":"加载本GeoJSON到Google Maps Data图层","边界来源":"RTSD/OCHA衍生简化边界（canonical package）"},"geometry":{"type":"Polygon","coordinates":[[[103.00799590100007,15.701173907000054],[102.93046269600006,15.795826058000046],[102.87746843300005,15.771565193000072],[102.88297611300004,15.666777495000076],[102.97347160600003,15.60282472700004],[103.01288591500008,15.617229735000024],[103.00799590100007,15.701173907000054]]]}},{"type":"Feature","id":"TH3430","properties":{"国家代码":"TH","行政层级":2,"行政层级中文":"县/曼谷区","行政区代码":"3430","上级行政区代码":"34","中文名称":"那丹县","泰文名称":"นาตาล","英文名称":"Na Tan","中文显示名":"那丹县","中文名状态":"Wikidata已有中文名","边界状态":"可绘制","边界文件":"泰国_ADM2_县区边界.geojson","边界要素ID":"TH3430","边界坐标系":"WGS84 / EPSG:4326","边界数据时点":"2019-02-21","Google原生边界支持":"泰国不支持ADM2","Google地图绘制方式":"加载本GeoJSON到Google Maps Data图层","边界来源":"RTSD/OCHA衍生简化边界（canonical package）"},"geometry":{"type":"Polygon","coordinates":[[[105.39330885000004,15.991567686000053],[105.24034740200005,16.003099599000052],[105.13706677700009,15.907176031000063],[105.25356924400006,15.893488510000054],[105.37529732600007,15.855148969000027],[105.34938106000004,15.94155046800006],[105.39330885000004,15.991567686000053]]]}},{"type":"Feature","id":"TH9004","properties":{"国家代码":"TH","行政层级":2,"行政层级中文":"县/曼谷区","行政区代码":"9004","上级行政区代码":"90","中文名称":"纳塔威县","泰文名称":"นาทวี","英文名称":"Na Thawi","中文显示名":"纳塔威县","中文名状态":"Wikidata已有中文名","边界状态":"可绘制","边界文件":"泰国_ADM2_县区边界.geojson","边界要素ID":"TH9004","边界坐标系":"WGS84 / EPSG:4326","边界数据时点":"2019-02-21","Google原生边界支持":"泰国不支持ADM2","Google地图绘制方式":"加载本GeoJSON到Google Maps Data图层","边界来源":"RTSD/OCHA衍生简化边界（canonical package）"},"geometry":{"type":"Polygon","coordinates":[[[100.79869020500007,6.749297674000047],[100.59617804200008,6.797375922000072],[100.58177200000006,6.787416922000034],[100.54501990000006,6.724753848000034],[100.60819698400007,6.4723311940000485],[100.65230853200006,6.442930258000047],[100.74023225200006,6.5072861660000285],[100.81088474700005,6.647120064000035],[100.79869020500007,6.749297674000047]]]}},{"type":"Feature","id":"TH4811","properties":{"国家代码":"TH","行政层级":2,"行政层级中文":"县/曼谷区","行政区代码":"4811","上级行政区代码":"48","中文名称":"纳吞县","泰文名称":"นาทม","英文名称":"Na Thom","中文显示名":"纳吞县","中文名状态":"Wikidata已有中文名","边界状态":"可绘制","边界文件":"泰国_ADM2_县区边界.geojson","边界要素ID":"TH4811","边界坐标系":"WGS84 / EPSG:4326","边界数据时点":"2019-02-21","Google原生边界支持":"泰国不支持ADM2","Google地图绘制方式":"加载本GeoJSON到Google Maps Data图层","边界来源":"RTSD/OCHA衍生简化边界（canonical package）"},"geometry":{"type":"Polygon","coordinates":[[[104.17884968300007,17.786631576000048],[104.19110133800007,17.884887526000057],[104.13413812400006,17.955929068000046],[104.06945912000003,17.878159667000034],[103.99928523500006,17.89304935100006],[104.01223071700008,17.810801542000036],[104.06658163400004,17.740210094000076],[104.17884968300007,17.786631576000048]]]}},{"type":"Feature","id":"TH4809","properties":{"国家代码":"TH","行政层级":2,"行政层级中文":"县/曼谷区","行政区代码":"4809","上级行政区代码":"48","中文名称":"纳瓦县","泰文名称":"นาหว้า","英文名称":"Na Wa","中文显示名":"纳瓦县","中文名状态":"Wikidata已有中文名","边界状态":"可绘制","边界文件":"泰国_ADM2_县区边界.geojson","边界要素ID":"TH4809","边界坐标系":"WGS84 / EPSG:4326","边界数据时点":"2019-02-21","Google原生边界支持":"泰国不支持ADM2","Google地图绘制方式":"加载本GeoJSON到Google Maps Data图层","边界来源":"RTSD/OCHA衍生简化边界（canonical package）"},"geometry":{"type":"Polygon","coordinates":[[[104.17852222100004,17.502659970000025],[104.13144629000004,17.50947691600004],[104.13861487000008,17.591615862000026],[104.07114564800008,17.65158096400006],[104.01574161500008,17.46211291900005],[104.06281397700008,17.388874632000068],[104.07248385000008,17.377941558000032],[104.19778359000009,17.42938244100003],[104.17852222100004,17.502659970000025]]]}},{"type":"Feature","id":"TH3906","properties":{"国家代码":"TH","行政层级":2,"行政层级中文":"县/曼谷区","行政区代码":"3906","上级行政区代码":"39","中文名称":"那旺县","泰文名称":"นาวัง","英文名称":"Na Wang","中文显示名":"那旺县","中文名状态":"Wikidata已有中文名","边界状态":"可绘制","边界文件":"泰国_ADM2_县区边界.geojson","边界要素ID":"TH3906","边界坐标系":"WGS84 / EPSG:4326","边界数据时点":"2019-02-21","Google原生边界支持":"泰国不支持ADM2","Google地图绘制方式":"加载本GeoJSON到Google Maps Data图层","边界来源":"RTSD/OCHA衍生简化边界（canonical package）"},"geometry":{"type":"Polygon","coordinates":[[[102.10505463100009,17.446807810000053],[101.98749858300005,17.454091351000045],[101.98930524700006,17.403618039000037],[101.98378893600005,17.316050173000065],[102.07706919300006,17.248203948000025],[102.09677992100006,17.177071660000024],[102.04265503500005,17.167222561000074],[102.08497498400004,17.164382083000078],[102.12311286300007,17.18196352800004],[102.13878274700005,17.271201277000046],[102.10505463100009,17.446807810000053]]]}},{"type":"Feature","id":"TH2209","properties":{"国家代码":"TH","行政层级":2,"行政层级中文":"县/曼谷区","行政区代码":"2209","上级行政区代码":"22","中文名称":"那艾安县","泰文名称":"นายายอาม","英文名称":"Na Yai Am","中文显示名":"那艾安县","中文名状态":"Wikidata已有中文名","边界状态":"可绘制","边界文件":"泰国_ADM2_县区边界.geojson","边界要素ID":"TH2209","边界坐标系":"WGS84 / EPSG:4326","边界数据时点":"2019-02-21","Google原生边界支持":"泰国不支持ADM2","Google地图绘制方式":"加载本GeoJSON到Google Maps Data图层","边界来源":"RTSD/OCHA衍生简化边界（canonical package）"},"geometry":{"type":"Polygon","coordinates":[[[101.86086042500006,12.911826486000052],[101.87243351500007,12.837618761000044],[101.82867456200006,12.83601886300005],[101.78435838500008,12.69319157600006],[101.89759855700004,12.601834993000068],[101.89764578000006,12.712637870000037],[101.94401022900007,12.656512508000048],[101.95963555000009,12.716940352000051],[101.86086042500006,12.911826486000052]]]}},{"type":"Feature","id":"TH3429","properties":{"国家代码":"TH","行政层级":2,"行政层级中文":"县/曼谷区","行政区代码":"3429","上级行政区代码":"34","中文名称":"那耶县","泰文名称":"นาเยีย","英文名称":"Na Yia","中文显示名":"那耶县","中文名状态":"Wikidata已有中文名","边界状态":"可绘制","边界文件":"泰国_ADM2_县区边界.geojson","边界要素ID":"TH3429","边界坐标系":"WGS84 / EPSG:4326","边界数据时点":"2019-02-21","Google原生边界支持":"泰国不支持ADM2","Google地图绘制方式":"加载本GeoJSON到Google Maps Data图层","边界来源":"RTSD/OCHA衍生简化边界（canonical package）"},"geometry":{"type":"Polygon","coordinates":[[[105.06045944300007,15.182849415000078],[104.99210934700005,15.168163818000039],[104.97239875600008,15.039490629000056],[105.07523075200004,14.944100414000047],[105.19017871700004,15.027923810000061],[105.06228558200007,15.057040006000022],[105.06045944300007,15.182849415000078]]]}},{"type":"Feature","id":"TH9208","properties":{"国家代码":"TH","行政层级":2,"行政层级中文":"县/曼谷区","行政区代码":"9208","上级行政区代码":"92","中文名称":"那永县","泰文名称":"นาโยง","英文名称":"Na Yong","中文显示名":"那永县","中文名状态":"Wikidata已有中文名","边界状态":"可绘制","边界文件":"泰国_ADM2_县区边界.geojson","边界要素ID":"TH9208","边界坐标系":"WGS84 / EPSG:4326","边界数据时点":"2019-02-21","Google原生边界支持":"泰国不支持ADM2","Google地图绘制方式":"加载本GeoJSON到Google Maps Data图层","边界来源":"RTSD/OCHA衍生简化边界（canonical package）"},"geometry":{"type":"Polygon","coordinates":[[[99.80066455200006,7.597793920000072],[99.78770864400008,7.644569083000022],[99.67457906000004,7.6261567290000585],[99.66757484800007,7.5178951000000325],[99.71004670700006,7.472776932000045],[99.82064834300007,7.518871703000059],[99.80066455200006,7.597793920000072]]]}},{"type":"Feature","id":"TH4122","properties":{"国家代码":"TH","行政层级":2,"行政层级中文":"县/曼谷区","行政区代码":"4122","上级行政区代码":"41","中文名称":"那永县","泰文名称":"นายูง","英文名称":"Na Yung","中文显示名":"那永县","中文名状态":"Wikidata已有中文名","边界状态":"可绘制","边界文件":"泰国_ADM2_县区边界.geojson","边界要素ID":"TH4122","边界坐标系":"WGS84 / EPSG:4326","边界数据时点":"2019-02-21","Google原生边界支持":"泰国不支持ADM2","Google地图绘制方式":"加载本GeoJSON到Google Maps Data图层","边界来源":"RTSD/OCHA衍生简化边界（canonical package）"},"geometry":{"type":"Polygon","coordinates":[[[102.27592842700005,17.980617410000036],[102.20089191600005,18.02200282600006],[102.15594996200008,17.99034785400005],[102.10189125200009,18.078636650000078],[102.05513989400004,18.086168997000073],[102.02426850200004,17.976845033000075],[102.03921710900005,17.80122395500007],[102.12854865800006,17.797921289000044],[102.17891290900008,17.86043018500004],[102.25568599200005,17.88496876800002],[102.27592842700005,17.980617410000036]]]}},{"type":"Feature","id":"TH7303","properties":{"国家代码":"TH","行政层级":2,"行政层级中文":"县/曼谷区","行政区代码":"7303","上级行政区代码":"73","中文名称":"那空差西县","泰文名称":"นครชัยศรี","英文名称":"Nakhon Chai Si","中文显示名":"那空差西县","中文名状态":"Wikidata已有中文名","边界状态":"可绘制","边界文件":"泰国_ADM2_县区边界.geojson","边界要素ID":"TH7303","边界坐标系":"WGS84 / EPSG:4326","边界数据时点":"2019-02-21","Google原生边界支持":"泰国不支持ADM2","Google地图绘制方式":"加载本GeoJSON到Google Maps Data图层","边界来源":"RTSD/OCHA衍生简化边界（canonical package）"},"geometry":{"type":"Polygon","coordinates":[[[100.25612202000008,13.904495505000057],[100.17513656800008,13.92272207800005],[100.11650078200006,13.871844614000054],[100.10741387700006,13.704790374000027],[100.24788013000006,13.801656527000034],[100.25612202000008,13.904495505000057]]]}},{"type":"Feature","id":"TH1403","properties":{"国家代码":"TH","行政层级":2,"行政层级中文":"县/曼谷区","行政区代码":"1403","上级行政区代码":"14","中文名称":"那空銮县","泰文名称":"นครหลวง","英文名称":"Nakhon Luang","中文显示名":"那空銮县","中文名状态":"Wikidata已有中文名","边界状态":"可绘制","边界文件":"泰国_ADM2_县区边界.geojson","边界要素ID":"TH1403","边界坐标系":"WGS84 / EPSG:4326","边界数据时点":"2019-02-21","Google原生边界支持":"泰国不支持ADM2","Google地图绘制方式":"加载本GeoJSON到Google Maps Data图层","边界来源":"RTSD/OCHA衍生简化边界（canonical package）"},"geometry":{"type":"Polygon","coordinates":[[[100.68737385400004,14.494989823000026],[100.60184496400007,14.554215713000076],[100.57446327500008,14.404702452000038],[100.61463845400004,14.393230106000033],[100.66018661900006,14.41602944400006],[100.68737385400004,14.494989823000026]]]}},{"type":"Feature","id":"TH6502","properties":{"国家代码":"TH","行政层级":2,"行政层级中文":"县/曼谷区","行政区代码":"6502","上级行政区代码":"65","中文名称":"那空泰县","泰文名称":"นครไทย","英文名称":"Nakhon Thai","中文显示名":"那空泰县","中文名状态":"Wikidata已有中文名","边界状态":"可绘制","边界文件":"泰国_ADM2_县区边界.geojson","边界要素ID":"TH6502","边界坐标系":"WGS84 / EPSG:4326","边界数据时点":"2019-02-21","Google原生边界支持":"泰国不支持ADM2","Google地图绘制方式":"加载本GeoJSON到Google Maps Data图层","边界来源":"RTSD/OCHA衍生简化边界（canonical package）"},"geometry":{"type":"Polygon","coordinates":[[[101.08314309600007,17.279817594000065],[101.00675132200007,17.333332761000065],[100.91367983200007,17.342615238000064],[100.91641942600006,17.450839752000036],[100.83478361100003,17.46848562200006],[100.81814019700005,17.330063444000075],[100.68535895000008,17.184420704000047],[100.61035697400007,17.208170378000034],[100.61068397000008,17.148522270000058],[100.59640942900006,17.059785866000027],[100.69811747000006,16.875496233000035],[100.77771007400008,16.879873915000076],[100.90300956800007,16.80177326000006],[101.06702827300006,16.902846108000062],[101.05120220500004,17.115306556000064],[101.10798639800004,17.216353066000067],[101.08314309600007,17.279817594000065]]]}},{"type":"Feature","id":"TH3433","properties":{"国家代码":"TH","行政层级":2,"行政层级中文":"县/曼谷区","行政区代码":"3433","上级行政区代码":"34","中文名称":"南坤县","泰文名称":"น้ำขุ่น","英文名称":"Nam Khun","中文显示名":"南坤县","中文名状态":"Wikidata已有中文名","边界状态":"可绘制","边界文件":"泰国_ADM2_县区边界.geojson","边界要素ID":"TH3433","边界坐标系":"WGS84 / EPSG:4326","边界数据时点":"2019-02-21","Google原生边界支持":"泰国不支持ADM2","Google地图绘制方式":"加载本GeoJSON到Google Maps Data图层","边界来源":"RTSD/OCHA衍生简化边界（canonical package）"},"geometry":{"type":"Polygon","coordinates":[[[104.99543235900006,14.668941312000072],[104.98512975000006,14.675217597000028],[104.89047839200003,14.651406331000032],[104.84836659000007,14.659076233000064],[104.81646226100008,14.551461410000059],[104.86200566600007,14.499078134000058],[104.82854610000004,14.44275125400003],[104.88580950400006,14.427106512000023],[104.91614946400006,14.528771019000033],[104.95469611300007,14.533559289000038],[104.99543235900006,14.668941312000072]]]}},{"type":"Feature","id":"TH3315","properties":{"国家代码":"TH","行政层级":2,"行政层级中文":"县/曼谷区","行政区代码":"3315","上级行政区代码":"33","中文名称":"南格亮县","泰文名称":"น้ำเกลี้ยง","英文名称":"Nam Kliang","中文显示名":"南格亮县","中文名状态":"Wikidata已有中文名","边界状态":"可绘制","边界文件":"泰国_ADM2_县区边界.geojson","边界要素ID":"TH3315","边界坐标系":"WGS84 / EPSG:4326","边界数据时点":"2019-02-21","Google原生边界支持":"泰国不支持ADM2","Google地图绘制方式":"加载本GeoJSON到Google Maps Data图层","边界来源":"RTSD/OCHA衍生简化边界（canonical package）"},"geometry":{"type":"Polygon","coordinates":[[[104.62300964000008,15.005519269000047],[104.49565358100006,14.970071978000021],[104.45616226200008,15.008703880000041],[104.42456704300008,14.97748795800004],[104.44620967700007,14.860834607000072],[104.48159476300003,14.887083395000047],[104.60569155800005,14.816978324000047],[104.61286029500008,14.86787825700003],[104.59114808000004,14.951328829000033],[104.62300964000008,15.005519269000047]]]}},{"type":"Feature","id":"TH6709","properties":{"国家代码":"TH","行政层级":2,"行政层级中文":"县/曼谷区","行政区代码":"6709","上级行政区代码":"67","中文名称":"南瑙县","泰文名称":"น้ำหนาว","英文名称":"Nam Nao","中文显示名":"南瑙县","中文名状态":"Wikidata已有中文名","边界状态":"可绘制","边界文件":"泰国_ADM2_县区边界.geojson","边界要素ID":"TH6709","边界坐标系":"WGS84 / EPSG:4326","边界数据时点":"2019-02-21","Google原生边界支持":"泰国不支持ADM2","Google地图绘制方式":"加载本GeoJSON到Google Maps Data图层","边界来源":"RTSD/OCHA衍生简化边界（canonical package）"},"geometry":{"type":"Polygon","coordinates":[[[101.67256251300006,16.958673313000077],[101.62863180300008,17.044988514000067],[101.56678222800008,16.98550395700005],[101.50427930500007,17.010135199000047],[101.43185652400007,17.00818631900006],[101.41694172500007,16.93170539500005],[101.39894070200006,16.858908971000062],[101.44302979100007,16.823467047000065],[101.50375117800007,16.857538900000065],[101.51342721600008,16.68113119700007],[101.57174879700005,16.648255541000026],[101.55324888200005,16.727594218000036],[101.61886921000007,16.685437037000042],[101.75081656800006,16.667821305000075],[101.79724812800004,16.76901172500004],[101.71806131900007,16.75987944600007],[101.67256251300006,16.958673313000077]]]}},{"type":"Feature","id":"TH5304","properties":{"国家代码":"TH","行政层级":2,"行政层级中文":"县/曼谷区","行政区代码":"5304","上级行政区代码":"53","中文名称":"南巴县","泰文名称":"น้ำปาด","英文名称":"Nam Pat","中文显示名":"南巴县","中文名状态":"Wikidata已有中文名","边界状态":"可绘制","边界文件":"泰国_ADM2_县区边界.geojson","边界要素ID":"TH5304","边界坐标系":"WGS84 / EPSG:4326","边界数据时点":"2019-02-21","Google原生边界支持":"泰国不支持ADM2","Google地图绘制方式":"加载本GeoJSON到Google Maps Data图层","边界来源":"RTSD/OCHA衍生简化边界（canonical package）"},"geometry":{"type":"Polygon","coordinates":[[[100.91496159800005,17.881971790000023],[100.77026461200006,17.860419566000076],[100.71768412500006,17.908620873000075],[100.64928526700004,17.834615473000042],[100.56233709100007,17.68873407500007],[100.44066709000003,17.611121603000072],[100.44586740200003,17.567519808000043],[100.53860503600004,17.480242305000047],[100.60813011700009,17.52951245400004],[100.64508423600006,17.494401995000032],[100.74041896000006,17.54284319800007],[100.87461008400004,17.710783485000036],[100.96569525200005,17.70182819100006],[100.98884959300005,17.743676454000024],[101.01931836400007,17.891246245000048],[100.91496159800005,17.881971790000023]]]}},{"type":"Feature","id":"TH4007","properties":{"国家代码":"TH","行政层级":2,"行政层级中文":"县/曼谷区","行政区代码":"4007","上级行政区代码":"40","中文名称":"南蓬县","泰文名称":"น้ำพอง","英文名称":"Nam Phong","中文显示名":"南蓬县","中文名状态":"Wikidata已有中文名","边界状态":"可绘制","边界文件":"泰国_ADM2_县区边界.geojson","边界要素ID":"TH4007","边界坐标系":"WGS84 / EPSG:4326","边界数据时点":"2019-02-21","Google原生边界支持":"泰国不支持ADM2","Google地图绘制方式":"加载本GeoJSON到Google Maps Data图层","边界来源":"RTSD/OCHA衍生简化边界（canonical package）"},"geometry":{"type":"Polygon","coordinates":[[[102.98987140100007,16.634754620000024],[103.01437589500006,16.780345210000064],[103.00192928600006,16.864928680000048],[102.92899095500007,16.83790547800004],[102.87168141300003,16.78571287500006],[102.73243443400008,16.818465639000067],[102.75158846400006,16.726077683000028],[102.71856961900005,16.636692037000046],[102.73269292200007,16.606623883000054],[102.84030724900003,16.635501831000056],[102.90505767300004,16.52979134700007],[102.95982129500004,16.53242632900003],[102.98987140100007,16.634754620000024]]]}},{"type":"Feature","id":"TH4118","properties":{"国家代码":"TH","行政层级":2,"行政层级中文":"县/曼谷区","行政区代码":"4118","上级行政区代码":"41","中文名称":"南马","泰文名称":"น้ำโสม","英文名称":"Nam Som","中文显示名":"南马","中文名状态":"Wikidata已有中文名","边界状态":"可绘制","边界文件":"泰国_ADM2_县区边界.geojson","边界要素ID":"TH4118","边界坐标系":"WGS84 / EPSG:4326","边界数据时点":"2019-02-21","Google原生边界支持":"泰国不支持ADM2","Google地图绘制方式":"加载本GeoJSON到Google Maps Data图层","边界来源":"RTSD/OCHA衍生简化边界（canonical package）"},"geometry":{"type":"Polygon","coordinates":[[[102.31811639400007,17.676841384000056],[102.31893491700004,17.81635078100004],[102.25568599200005,17.88496876800002],[102.17891290900008,17.86043018500004],[102.12854865800006,17.797921289000044],[102.03921710900005,17.80122395500007],[102.03643160000007,17.65029137500005],[102.08322637300006,17.634323248000044],[102.14947946200004,17.66595085000006],[102.24508205200004,17.65067217400002],[102.31811639400007,17.676841384000056]]]}},{"type":"Feature","id":"TH3409","properties":{"国家代码":"TH","行政层级":2,"行政层级中文":"县/曼谷区","行政区代码":"3409","上级行政区代码":"34","中文名称":"南云县","泰文名称":"น้ำยืน","英文名称":"Nam Yuen","中文显示名":"南云县","中文名状态":"Wikidata已有中文名","边界状态":"可绘制","边界文件":"泰国_ADM2_县区边界.geojson","边界要素ID":"TH3409","边界坐标系":"WGS84 / EPSG:4326","边界数据时点":"2019-02-21","Google原生边界支持":"泰国不支持ADM2","Google地图绘制方式":"加载本GeoJSON到Google Maps Data图层","边界来源":"RTSD/OCHA衍生简化边界（canonical package）"},"geometry":{"type":"Polygon","coordinates":[[[105.11702960300005,14.61798974800007],[104.99543235900006,14.668941312000072],[104.95469611300007,14.533559289000038],[104.91614946400006,14.528771019000033],[104.88580950400006,14.427106512000023],[104.90710547700007,14.399177843000075],[104.99301147700004,14.377844269000036],[105.02618357200004,14.237162785000066],[105.14204959600005,14.237349554000048],[105.17472753100009,14.34328381000006],[105.28374697400005,14.365558587000066],[105.13870775600009,14.503976029000057],[105.16665046200006,14.619677067000055],[105.11702960300005,14.61798974800007]]]}},{"type":"Feature","id":"TH3104","properties":{"国家代码":"TH","行政层级":2,"行政层级中文":"县/曼谷区","行政区代码":"3104","上级行政区代码":"31","中文名称":"娘隆县","泰文名称":"นางรอง","英文名称":"Nang Rong","中文显示名":"娘隆县","中文名状态":"Wikidata已有中文名","边界状态":"可绘制","边界文件":"泰国_ADM2_县区边界.geojson","边界要素ID":"TH3104","边界坐标系":"WGS84 / EPSG:4326","边界数据时点":"2019-02-21","Google原生边界支持":"泰国不支持ADM2","Google地图绘制方式":"加载本GeoJSON到Google Maps Data图层","边界来源":"RTSD/OCHA衍生简化边界（canonical package）"},"geometry":{"type":"Polygon","coordinates":[[[102.96169542800004,14.753430113000036],[102.93309834000007,14.794710500000065],[102.90851916200006,14.717452433000062],[102.83018668200003,14.712940008000032],[102.82357765400008,14.755131093000045],[102.69472623400009,14.768976100000032],[102.60335193300006,14.635408877000032],[102.64588074700004,14.633193156000061],[102.63741805000006,14.496460329000058],[102.73777537000007,14.496248164000065],[102.76704737000006,14.461128357000064],[102.80414527000005,14.49118915300005],[102.86677588300006,14.652787963000037],[102.95072910600004,14.682491778000042],[102.96169542800004,14.753430113000036]]]}},{"type":"Feature","id":"TH5205","properties":{"国家代码":"TH","行政层级":2,"行政层级中文":"县/曼谷区","行政区代码":"5205","上级行政区代码":"52","中文名称":"敖县","泰文名称":"งาว","英文名称":"Ngao","中文显示名":"敖县","中文名状态":"Wikidata已有中文名","边界状态":"可绘制","边界文件":"泰国_ADM2_县区边界.geojson","边界要素ID":"TH5205","边界坐标系":"WGS84 / EPSG:4326","边界数据时点":"2019-02-21","Google原生边界支持":"泰国不支持ADM2","Google地图绘制方式":"加载本GeoJSON到Google Maps Data图层","边界来源":"RTSD/OCHA衍生简化边界（canonical package）"},"geometry":{"type":"Polygon","coordinates":[[[100.02705928900008,18.89745862700005],[99.92620639200004,18.978787302000057],[99.77327042900004,19.06421116300004],[99.75675699700008,18.97610786100006],[99.80074767600007,18.88139415200004],[99.77497037000006,18.72903744000007],[99.83671202100004,18.656932441000038],[99.80840826800005,18.603593942000032],[99.82009995000004,18.493822660000035],[99.92968874800005,18.56255656700006],[100.04929202100004,18.531813655000065],[100.10525611600008,18.559282215000053],[100.11402458500004,18.808551408000028],[100.06594746400003,18.817548757000054],[100.02705928900008,18.89745862700005]]]}},{"type":"Feature","id":"TH4902","properties":{"国家代码":"TH","行政层级":2,"行政层级中文":"县/曼谷区","行政区代码":"4902","上级行政区代码":"49","中文名称":"尼孔坎绥县","泰文名称":"นิคมคำสร้อย","英文名称":"Nikhom Kham Soi","中文显示名":"尼孔坎绥县","中文名状态":"Wikidata已有中文名","边界状态":"可绘制","边界文件":"泰国_ADM2_县区边界.geojson","边界要素ID":"TH4902","边界坐标系":"WGS84 / EPSG:4326","边界数据时点":"2019-02-21","Google原生边界支持":"泰国不支持ADM2","Google地图绘制方式":"加载本GeoJSON到Google Maps Data图层","边界来源":"RTSD/OCHA衍生简化边界（canonical package）"},"geometry":{"type":"Polygon","coordinates":[[[104.66135443700006,16.270345768000027],[104.61060440600005,16.456539217000056],[104.56113948200004,16.41996566000006],[104.47401801300003,16.449156842000036],[104.40004486300006,16.346589562000077],[104.55004869000004,16.312507655000047],[104.55674777900003,16.260521819000076],[104.62926134800006,16.211236077000024],[104.66334631200004,16.243951980000077],[104.66135443700006,16.270345768000027]]]}},{"type":"Feature","id":"TH4707","properties":{"国家代码":"TH","行政层级":2,"行政层级中文":"县/曼谷区","行政区代码":"4707","上级行政区代码":"47","中文名称":"尼空南温县","泰文名称":"นิคมน้ำอูน","英文名称":"Nikhom Nam Un","中文显示名":"尼空南温县","中文名状态":"Wikidata已有中文名","边界状态":"可绘制","边界文件":"泰国_ADM2_县区边界.geojson","边界要素ID":"TH4707","边界坐标系":"WGS84 / EPSG:4326","边界数据时点":"2019-02-21","Google原生边界支持":"泰国不支持ADM2","Google地图绘制方式":"加载本GeoJSON到Google Maps Data图层","边界来源":"RTSD/OCHA衍生简化边界（canonical package）"},"geometry":{"type":"Polygon","coordinates":[[[103.85961716700007,17.15567089900003],[103.71689846600003,17.239527242000065],[103.61353067400006,17.15172246900005],[103.64484206900005,17.114699504000043],[103.79179955700005,17.182382550000057],[103.81888623800006,17.121056101000022],[103.85961716700007,17.15567089900003]]]}},{"type":"Feature","id":"TH2108","properties":{"国家代码":"TH","行政层级":2,"行政层级中文":"县/曼谷区","行政区代码":"2108","上级行政区代码":"21","中文名称":"尼空帕他那县","泰文名称":"นิคมพัฒนา","英文名称":"Nikhom Phatthana","中文显示名":"尼空帕他那县","中文名状态":"Wikidata已有中文名","边界状态":"可绘制","边界文件":"泰国_ADM2_县区边界.geojson","边界要素ID":"TH2108","边界坐标系":"WGS84 / EPSG:4326","边界数据时点":"2019-02-21","Google原生边界支持":"泰国不支持ADM2","Google地图绘制方式":"加载本GeoJSON到Google Maps Data图层","边界来源":"RTSD/OCHA衍生简化边界（canonical package）"},"geometry":{"type":"Polygon","coordinates":[[[101.22395117900004,12.86375711200003],[101.15162230500005,12.930779447000077],[101.08816921300007,12.920569181000076],[101.05001184200006,12.815118239000071],[101.09415460400004,12.804274004000035],[101.23756228000008,12.751239393000048],[101.22395117900004,12.86375711200003]]]}},{"type":"Feature","id":"TH1808","properties":{"国家代码":"TH","行政层级":2,"行政层级中文":"县/曼谷区","行政区代码":"1808","上级行政区代码":"18","中文名称":"嫩堪县","泰文名称":"เนินขาม","英文名称":"Noen Kham","中文显示名":"嫩堪县","中文名状态":"Wikidata已有中文名","边界状态":"可绘制","边界文件":"泰国_ADM2_县区边界.geojson","边界要素ID":"TH1808","边界坐标系":"WGS84 / EPSG:4326","边界数据时点":"2019-02-21","Google原生边界支持":"泰国不支持ADM2","Google地图绘制方式":"加载本GeoJSON到Google Maps Data图层","边界来源":"RTSD/OCHA衍生简化边界（canonical package）"},"geometry":{"type":"Polygon","coordinates":[[[99.95172454400006,14.909854185000029],[99.94667235800006,14.988196779000077],[99.87885178100004,15.004353880000053],[99.77166536700008,15.140612779000037],[99.79078508700007,15.10028369400004],[99.72377013800008,14.962032211000064],[99.73173369100004,14.962623385000029],[99.95172454400006,14.909854185000029]]]}},{"type":"Feature","id":"TH6509","properties":{"国家代码":"TH","行政层级":2,"行政层级中文":"县/曼谷区","行政区代码":"6509","上级行政区代码":"65","中文名称":"嫩马邦县","泰文名称":"เนินมะปราง","英文名称":"Noen Maprang","中文显示名":"嫩马邦县","中文名状态":"Wikidata已有中文名","边界状态":"可绘制","边界文件":"泰国_ADM2_县区边界.geojson","边界要素ID":"TH6509","边界坐标系":"WGS84 / EPSG:4326","边界数据时点":"2019-02-21","Google原生边界支持":"泰国不支持ADM2","Google地图绘制方式":"加载本GeoJSON到Google Maps Data图层","边界来源":"RTSD/OCHA衍生简化边界（canonical package）"},"geometry":{"type":"Polygon","coordinates":[[[100.88622336200007,16.66649923400007],[100.87337564800004,16.711118189000047],[100.63233830900003,16.79573102200004],[100.55720926500004,16.718658878000042],[100.60205253600009,16.607415352000032],[100.57508382300006,16.58589813800006],[100.56811760800008,16.459781835000058],[100.63311238600005,16.395987407000064],[100.62596781700006,16.318967930000042],[100.65145192700004,16.320786549000047],[100.70869051900007,16.419132569000055],[100.80544148700005,16.44842962000007],[100.83379696300005,16.504028556000037],[100.88622336200007,16.66649923400007]]]}},{"type":"Feature","id":"TH3615","properties":{"国家代码":"TH","行政层级":2,"行政层级中文":"县/曼谷区","行政区代码":"3615","上级行政区代码":"36","中文名称":"嫩沙雅县","泰文名称":"เนินสง่า","英文名称":"Noen Sa-Nga","中文显示名":"嫩沙雅县","中文名状态":"Wikidata已有中文名","边界状态":"可绘制","边界文件":"泰国_ADM2_县区边界.geojson","边界要素ID":"TH3615","边界坐标系":"WGS84 / EPSG:4326","边界数据时点":"2019-02-21","Google原生边界支持":"泰国不支持ADM2","Google地图绘制方式":"加载本GeoJSON到Google Maps Data图层","边界来源":"RTSD/OCHA衍生简化边界（canonical package）"},"geometry":{"type":"Polygon","coordinates":[[[102.07335415600005,15.620297452000045],[101.99221225300005,15.688872538000055],[101.93682137300004,15.596388647000026],[101.91189555100004,15.487063508000062],[101.93736260000009,15.456432178000057],[102.00999897700007,15.458219990000032],[102.03306332200003,15.501768955000045],[102.07335415600005,15.620297452000045]]]}},{"type":"Feature","id":"TH3024","properties":{"国家代码":"TH","行政层级":2,"行政层级中文":"县/曼谷区","行政区代码":"3024","上级行政区代码":"30","中文名称":"农登县","泰文名称":"โนนแดง","英文名称":"Non Daeng","中文显示名":"农登县","中文名状态":"Wikidata已有中文名","边界状态":"可绘制","边界文件":"泰国_ADM2_县区边界.geojson","边界要素ID":"TH3024","边界坐标系":"WGS84 / EPSG:4326","边界数据时点":"2019-02-21","Google原生边界支持":"泰国不支持ADM2","Google地图绘制方式":"加载本GeoJSON到Google Maps Data图层","边界来源":"RTSD/OCHA衍生简化边界（canonical package）"},"geometry":{"type":"Polygon","coordinates":[[[102.60825700600009,15.530932244000041],[102.53641502300007,15.534367970000062],[102.52055600300008,15.465440113000056],[102.47012539300005,15.458754339000052],[102.46110833000006,15.412414548000072],[102.52772232900008,15.37213117400006],[102.60757161700008,15.445741859000066],[102.60825700600009,15.530932244000041]]]}},{"type":"Feature","id":"TH3120","properties":{"国家代码":"TH","行政层级":2,"行政层级中文":"县/曼谷区","行政区代码":"3120","上级行政区代码":"31","中文名称":"农丁登县","泰文名称":"โนนดินแดง","英文名称":"Non Din Daeng","中文显示名":"农丁登县","中文名状态":"Wikidata已有中文名","边界状态":"可绘制","边界文件":"泰国_ADM2_县区边界.geojson","边界要素ID":"TH3120","边界坐标系":"WGS84 / EPSG:4326","边界数据时点":"2019-02-21","Google原生边界支持":"泰国不支持ADM2","Google地图绘制方式":"加载本GeoJSON到Google Maps Data图层","边界来源":"RTSD/OCHA衍生简化边界（canonical package）"},"geometry":{"type":"Polygon","coordinates":[[[102.81505340400008,14.170192715000042],[102.82076147600009,14.30743491800007],[102.74857358700007,14.377391740000064],[102.68629543300005,14.299173804000077],[102.43452948800007,14.154589859000055],[102.50220041900008,14.13237285300005],[102.59621109600005,14.168624105000049],[102.69750200200008,14.13004453800005],[102.81505340400008,14.170192715000042]]]}},{"type":"Feature","id":"TH3313","properties":{"国家代码":"TH","行政层级":2,"行政层级中文":"县/曼谷区","行政区代码":"3313","上级行政区代码":"33","中文名称":"农坤县","泰文名称":"โนนคูณ","英文名称":"Non Khun","中文显示名":"农坤县","中文名状态":"Wikidata已有中文名","边界状态":"可绘制","边界文件":"泰国_ADM2_县区边界.geojson","边界要素ID":"TH3313","边界坐标系":"WGS84 / EPSG:4326","边界数据时点":"2019-02-21","Google原生边界支持":"泰国不支持ADM2","Google地图绘制方式":"加载本GeoJSON到Google Maps Data图层","边界来源":"RTSD/OCHA衍生简化边界（canonical package）"},"geometry":{"type":"Polygon","coordinates":[[[104.67199106500004,15.021854965000045],[104.62300964000008,15.005519269000047],[104.59114808000004,14.951328829000033],[104.61286029500008,14.86787825700003],[104.71685514400008,14.859372436000058],[104.79760925600004,14.810341085000061],[104.81447908500007,14.834552081000027],[104.80537650400004,14.897779771000046],[104.68395334200005,14.952470714000071],[104.67199106500004,15.021854965000045]]]}},{"type":"Feature","id":"TH3217","properties":{"国家代码":"TH","行政层级":2,"行政层级中文":"县/曼谷区","行政区代码":"3217","上级行政区代码":"32","中文名称":"农那莱县","泰文名称":"โนนนารายณ์","英文名称":"Non Narai","中文显示名":"农那莱县","中文名状态":"Wikidata已有中文名","边界状态":"可绘制","边界文件":"泰国_ADM2_县区边界.geojson","边界要素ID":"TH3217","边界坐标系":"WGS84 / EPSG:4326","边界数据时点":"2019-02-21","Google原生边界支持":"泰国不支持ADM2","Google地图绘制方式":"加载本GeoJSON到Google Maps Data图层","边界来源":"RTSD/OCHA衍生简化边界（canonical package）"},"geometry":{"type":"Polygon","coordinates":[[[103.98432693200004,15.230795191000027],[103.87239936800006,15.288608048000071],[103.84079050000008,15.20245701400006],[103.86516778600009,15.110500735000073],[103.97347169300008,15.161487949000048],[103.98432693200004,15.230795191000027]]]}},{"type":"Feature","id":"TH4105","properties":{"国家代码":"TH","行政层级":2,"行政层级中文":"县/曼谷区","行政区代码":"4105","上级行政区代码":"41","中文名称":"暖沙阿县","泰文名称":"โนนสะอาด","英文名称":"Non Sa-At","中文显示名":"暖沙阿县","中文名状态":"Wikidata已有中文名","边界状态":"可绘制","边界文件":"泰国_ADM2_县区边界.geojson","边界要素ID":"TH4105","边界坐标系":"WGS84 / EPSG:4326","边界数据时点":"2019-02-21","Google原生边界支持":"泰国不支持ADM2","Google地图绘制方式":"加载本GeoJSON到Google Maps Data图层","边界来源":"RTSD/OCHA衍生简化边界（canonical package）"},"geometry":{"type":"Polygon","coordinates":[[[102.84980750700004,17.033146232000036],[102.73426316200005,17.10240396200004],[102.70970462200006,17.087009188000025],[102.82270086200003,16.97293878200003],[102.81024756400006,16.894091380000077],[102.92899095500007,16.83790547800004],[103.00192928600006,16.864928680000048],[103.03591189200006,16.883807902000058],[103.02503765800009,17.004125225000053],[102.90405194700008,16.993996194000033],[102.84980750700004,17.033146232000036]]]}},{"type":"Feature","id":"TH3903","properties":{"国家代码":"TH","行政层级":2,"行政层级中文":"县/曼谷区","行政区代码":"3903","上级行政区代码":"39","中文名称":"暖桑县","泰文名称":"โนนสัง","英文名称":"Non Sang","中文显示名":"暖桑县","中文名状态":"Wikidata已有中文名","边界状态":"可绘制","边界文件":"泰国_ADM2_县区边界.geojson","边界要素ID":"TH3903","边界坐标系":"WGS84 / EPSG:4326","边界数据时点":"2019-02-21","Google原生边界支持":"泰国不支持ADM2","Google地图绘制方式":"加载本GeoJSON到Google Maps Data图层","边界来源":"RTSD/OCHA衍生简化边界（canonical package）"},"geometry":{"type":"Polygon","coordinates":[[[102.66933312300006,16.993749911000066],[102.57938673500007,17.04081631100007],[102.49999751100006,16.99986494600006],[102.46191880300006,17.02598656400005],[102.38505925200008,16.92641647100004],[102.40516123100008,16.815266877000056],[102.43357896900005,16.78337656800005],[102.45508690100007,16.806862500000022],[102.60615611600008,16.771996036000075],[102.67899023600006,16.966093427000033],[102.66933312300006,16.993749911000066]]]}},{"type":"Feature","id":"TH4025","properties":{"国家代码":"TH","行政层级":2,"行政层级中文":"县/曼谷区","行政区代码":"4025","上级行政区代码":"40","中文名称":"农是叻县","泰文名称":"โนนศิลา","英文名称":"Non Sila","中文显示名":"农是叻县","中文名状态":"Wikidata已有中文名","边界状态":"可绘制","边界文件":"泰国_ADM2_县区边界.geojson","边界要素ID":"TH4025","边界坐标系":"WGS84 / EPSG:4326","边界数据时点":"2019-02-21","Google原生边界支持":"泰国不支持ADM2","Google地图绘制方式":"加载本GeoJSON到Google Maps Data图层","边界来源":"RTSD/OCHA衍生简化边界（canonical package）"},"geometry":{"type":"Polygon","coordinates":[[[102.75694880700007,15.895361820000062],[102.76839804800005,15.954915629000027],[102.64504269500009,16.061332529000026],[102.60310649100006,16.00966893700007],[102.65310404300004,15.907967756000062],[102.69628211400004,15.903545832000077],[102.75694880700007,15.895361820000062]]]}},{"type":"Feature","id":"TH3010","properties":{"国家代码":"TH","行政层级":2,"行政层级中文":"县/曼谷区","行政区代码":"3010","上级行政区代码":"30","中文名称":"暖颂县","泰文名称":"โนนสูง","英文名称":"Non Sung","中文显示名":"暖颂县","中文名状态":"Wikidata已有中文名","边界状态":"可绘制","边界文件":"泰国_ADM2_县区边界.geojson","边界要素ID":"TH3010","边界坐标系":"WGS84 / EPSG:4326","边界数据时点":"2019-02-21","Google原生边界支持":"泰国不支持ADM2","Google地图绘制方式":"加载本GeoJSON到Google Maps Data图层","边界来源":"RTSD/OCHA衍生简化边界（canonical package）"},"geometry":{"type":"Polygon","coordinates":[[[102.41841199000004,15.273013444000071],[102.34656132000003,15.279489442000056],[102.37569557700004,15.361231468000028],[102.29091992200006,15.371092875000045],[102.15885422000008,15.279384082000036],[102.12063533400004,15.137781850000067],[102.21073710600007,15.120010515000047],[102.27681941800006,15.029323872000077],[102.31821284300008,15.060269223000034],[102.37883908500004,15.13382933500003],[102.36676339500008,15.212465813000051],[102.41841199000004,15.273013444000071]]]}},{"type":"Feature","id":"TH3117","properties":{"国家代码":"TH","行政层级":2,"行政层级中文":"县/曼谷区","行政区代码":"3117","上级行政区代码":"31","中文名称":"农素万县","泰文名称":"โนนสุวรรณ","英文名称":"Non Din Daeng","中文显示名":"农素万县","中文名状态":"Wikidata已有中文名","边界状态":"可绘制","边界文件":"泰国_ADM2_县区边界.geojson","边界要素ID":"TH3117","边界坐标系":"WGS84 / EPSG:4326","边界数据时点":"2019-02-21","Google原生边界支持":"泰国不支持ADM2","Google地图绘制方式":"加载本GeoJSON到Google Maps Data图层","边界来源":"RTSD/OCHA衍生简化边界（canonical package）"},"geometry":{"type":"Polygon","coordinates":[[[102.63741805000006,14.496460329000058],[102.64588074700004,14.633193156000061],[102.60335193300006,14.635408877000032],[102.49550168100006,14.56480209600005],[102.48134803000005,14.511968731000024],[102.61059848800005,14.494087109000077],[102.63741805000006,14.496460329000058]]]}},{"type":"Feature","id":"TH3009","properties":{"国家代码":"TH","行政层级":2,"行政层级中文":"县/曼谷区","行政区代码":"3009","上级行政区代码":"30","中文名称":"暖泰县","泰文名称":"โนนไทย","英文名称":"Non Thai","中文显示名":"暖泰县","中文名状态":"Wikidata已有中文名","边界状态":"可绘制","边界文件":"泰国_ADM2_县区边界.geojson","边界要素ID":"TH3009","边界坐标系":"WGS84 / EPSG:4326","边界数据时点":"2019-02-21","Google原生边界支持":"泰国不支持ADM2","Google地图绘制方式":"加载本GeoJSON到Google Maps Data图层","边界来源":"RTSD/OCHA衍生简化边界（canonical package）"},"geometry":{"type":"Polygon","coordinates":[[[102.15885422000008,15.279384082000036],[102.11061793400006,15.311642902000074],[101.97292402400006,15.223761583000055],[101.92350707300005,15.305507056000067],[101.87147238300008,15.223970719000022],[101.88883892000007,15.110604496000065],[101.99500752100005,15.085260193000067],[102.07226818200007,15.073432984000021],[102.12063533400004,15.137781850000067],[102.15885422000008,15.279384082000036]]]}},{"type":"Feature","id":"TH6004","properties":{"国家代码":"TH","行政层级":2,"行政层级中文":"县/曼谷区","行政区代码":"6004","上级行政区代码":"60","中文名称":"农磨县","泰文名称":"หนองบัว","英文名称":"Nong Bua","中文显示名":"农磨县","中文名状态":"Wikidata已有中文名","边界状态":"可绘制","边界文件":"泰国_ADM2_县区边界.geojson","边界要素ID":"TH6004","边界坐标系":"WGS84 / EPSG:4326","边界数据时点":"2019-02-21","Google原生边界支持":"泰国不支持ADM2","Google地图绘制方式":"加载本GeoJSON到Google Maps Data图层","边界来源":"RTSD/OCHA衍生简化边界（canonical package）"},"geometry":{"type":"Polygon","coordinates":[[[100.76606668700003,15.931128310000076],[100.73802045400004,15.989824832000068],[100.65414808200006,16.026881236000065],[100.58052886100006,15.94551019000005],[100.51923335200007,15.940200138000023],[100.46074139700005,15.938385346000075],[100.40705956500005,15.823075131000053],[100.46959515100008,15.827031986000065],[100.54147170300007,15.747273158000041],[100.61792490000005,15.740602291000073],[100.64336222100007,15.772359366000046],[100.81262041900004,15.780968527000027],[100.79609866200008,15.892696844000056],[100.76606668700003,15.931128310000076]]]}},{"type":"Feature","id":"TH3605","properties":{"国家代码":"TH","行政层级":2,"行政层级中文":"县/曼谷区","行政区代码":"3605","上级行政区代码":"36","中文名称":"农博登县","泰文名称":"หนองบัวแดง","英文名称":"Nong Bua Daeng","中文显示名":"农博登县","中文名状态":"Wikidata已有中文名","边界状态":"可绘制","边界文件":"泰国_ADM2_县区边界.geojson","边界要素ID":"TH3605","边界坐标系":"WGS84 / EPSG:4326","边界数据时点":"2019-02-21","Google原生边界支持":"泰国不支持ADM2","Google地图绘制方式":"加载本GeoJSON到Google Maps Data图层","边界来源":"RTSD/OCHA衍生简化边界（canonical package）"},"geometry":{"type":"Polygon","coordinates":[[[101.67585846600008,16.42292119700005],[101.55855903600008,16.38071990000003],[101.44948499900005,16.452124240000046],[101.40091435900007,16.401638253000044],[101.35481047300004,16.260871352000038],[101.37889689700006,16.18761951500005],[101.37720956200008,16.185362330000032],[101.46251052100007,16.125030882000033],[101.55017136000004,15.950787837000064],[101.63396447700006,15.98047275600004],[101.69161238800007,15.952897990000054],[101.75274127800009,15.974783471000023],[101.91990848500006,16.026780905000066],[101.82496431600003,16.086648498000045],[101.85118345000006,16.19721269100006],[101.84134611500008,16.293977982000058],[101.71077491500006,16.419166473000075],[101.67585846600008,16.42292119700005]]]}},{"type":"Feature","id":"TH3608","properties":{"国家代码":"TH","行政层级":2,"行政层级中文":"县/曼谷区","行政区代码":"3608","上级行政区代码":"36","中文名称":"农博拉韦县","泰文名称":"หนองบัวระเหว","英文名称":"Nong Bua Rawe","中文显示名":"农博拉韦县","中文名状态":"Wikidata已有中文名","边界状态":"可绘制","边界文件":"泰国_ADM2_县区边界.geojson","边界要素ID":"TH3608","边界坐标系":"WGS84 / EPSG:4326","边界数据时点":"2019-02-21","Google原生边界支持":"泰国不支持ADM2","Google地图绘制方式":"加载本GeoJSON到Google Maps Data图层","边界来源":"RTSD/OCHA衍生简化边界（canonical package）"},"geometry":{"type":"Polygon","coordinates":[[[101.69161238800007,15.952897990000054],[101.63396447700006,15.98047275600004],[101.55017136000004,15.950787837000064],[101.49263226900007,15.969158905000029],[101.45434670000009,15.888089902000047],[101.50909096500004,15.796171272000038],[101.65941628000007,15.710021440000048],[101.64123940600007,15.684796198000072],[101.73792728900008,15.672114769000075],[101.81656382800008,15.742453174000048],[101.74625692900008,15.808549880000044],[101.69161238800007,15.952897990000054]]]}},{"type":"Feature","id":"TH3022","properties":{"国家代码":"TH","行政层级":2,"行政层级中文":"县/曼谷区","行政区代码":"3022","上级行政区代码":"30","中文名称":"农汶玛县","泰文名称":"หนองบุญมาก","英文名称":"Nong Bunmak","中文显示名":"农汶玛县","中文名状态":"Wikidata已有中文名","边界状态":"可绘制","边界文件":"泰国_ADM2_县区边界.geojson","边界要素ID":"TH3022","边界坐标系":"WGS84 / EPSG:4326","边界数据时点":"2019-02-21","Google原生边界支持":"泰国不支持ADM2","Google地图绘制方式":"加载本GeoJSON到Google Maps Data图层","边界来源":"RTSD/OCHA衍生简化边界（canonical package）"},"geometry":{"type":"Polygon","coordinates":[[[102.32079107800007,14.856298552000055],[102.27893490800005,14.793660703000057],[102.27010664500006,14.61342772100005],[102.43141045800007,14.591941144000032],[102.47115154600004,14.614545631000055],[102.45789928600004,14.835097868000048],[102.32079107800007,14.856298552000055]]]}},{"type":"Feature","id":"TH6104","properties":{"国家代码":"TH","行政层级":2,"行政层级中文":"县/曼谷区","行政区代码":"6104","上级行政区代码":"61","中文名称":"农仓县","泰文名称":"หนองฉาง","英文名称":"Nong Chang","中文显示名":"农仓县","中文名状态":"Wikidata已有中文名","边界状态":"可绘制","边界文件":"泰国_ADM2_县区边界.geojson","边界要素ID":"TH6104","边界坐标系":"WGS84 / EPSG:4326","边界数据时点":"2019-02-21","Google原生边界支持":"泰国不支持ADM2","Google地图绘制方式":"加载本GeoJSON到Google Maps Data图层","边界来源":"RTSD/OCHA衍生简化边界（canonical package）"},"geometry":{"type":"Polygon","coordinates":[[[99.89498660100008,15.424907848000032],[99.70361878400007,15.435102865000033],[99.65585725300008,15.42448686800003],[99.61158344400008,15.33348470900006],[99.68922038400007,15.295417153000074],[99.78416137300007,15.317721014000028],[99.87181485800005,15.304944541000054],[99.89498660100008,15.424907848000032]]]}},{"type":"Feature","id":"TH9403","properties":{"国家代码":"TH","行政层级":2,"行政层级中文":"县/曼谷区","行政区代码":"9403","上级行政区代码":"94","中文名称":"农集县","泰文名称":"หนองจิก","英文名称":"Nong Chik","中文显示名":"农集县","中文名状态":"Wikidata已有中文名","边界状态":"可绘制","边界文件":"泰国_ADM2_县区边界.geojson","边界要素ID":"TH9403","边界坐标系":"WGS84 / EPSG:4326","边界数据时点":"2019-02-21","Google原生边界支持":"泰国不支持ADM2","Google地图绘制方式":"加载本GeoJSON到Google Maps Data图层","边界来源":"RTSD/OCHA衍生简化边界（canonical package）"},"geometry":{"type":"Polygon","coordinates":[[[101.19247565800003,6.866092363000064],[101.06609815300004,6.857092431000069],[101.05437259300004,6.801492333000056],[101.19074173500007,6.7555409160000295],[101.20823795700005,6.723281038000039],[101.26645642900007,6.695180338000057],[101.25246292000008,6.802896997000062],[101.19247565800003,6.866092363000064]]]}},{"type":"Feature","id":"TH1003","properties":{"国家代码":"TH","行政层级":2,"行政层级中文":"县/曼谷区","行政区代码":"1003","上级行政区代码":"10","中文名称":"农卓县","泰文名称":"หนองจอก","英文名称":"Nong Chok","中文显示名":"农卓县","中文名状态":"Wikidata已有中文名","边界状态":"可绘制","边界文件":"泰国_ADM2_县区边界.geojson","边界要素ID":"TH1003","边界坐标系":"WGS84 / EPSG:4326","边界数据时点":"2019-02-21","Google原生边界支持":"泰国不支持ADM2","Google地图绘制方式":"加载本GeoJSON到Google Maps Data图层","边界来源":"RTSD/OCHA衍生简化边界（canonical package）"},"geometry":{"type":"Polygon","coordinates":[[[100.93085189000004,13.804404244000068],[100.91398311800003,13.946490894000021],[100.79259302400004,13.931387879000056],[100.79899596500007,13.849289744000032],[100.79509311000004,13.793974302000038],[100.87883300700008,13.737877175000051],[100.93085189000004,13.804404244000068]]]}},{"type":"Feature","id":"TH1908","properties":{"国家代码":"TH","行政层级":2,"行政层级中文":"县/曼谷区","行政区代码":"1908","上级行政区代码":"19","中文名称":"农东县","泰文名称":"หนองโดน","英文名称":"Nong Don","中文显示名":"农东县","中文名状态":"Wikidata已有中文名","边界状态":"可绘制","边界文件":"泰国_ADM2_县区边界.geojson","边界要素ID":"TH1908","边界坐标系":"WGS84 / EPSG:4326","边界数据时点":"2019-02-21","Google原生边界支持":"泰国不支持ADM2","Google地图绘制方式":"加载本GeoJSON到Google Maps Data图层","边界来源":"RTSD/OCHA衍生简化边界（canonical package）"},"geometry":{"type":"Polygon","coordinates":[[[100.72453262900007,14.760059856000055],[100.66521372500006,14.735270480000054],[100.63053203300007,14.649993705000043],[100.64088281500005,14.635877160000064],[100.68226864200005,14.675792750000028],[100.74823524900006,14.657101436000062],[100.72453262900007,14.760059856000055]]]}},{"type":"Feature","id":"TH4106","properties":{"国家代码":"TH","行政层级":2,"行政层级中文":"县/曼谷区","行政区代码":"4106","上级行政区代码":"41","中文名称":"农汉县","泰文名称":"หนองหาน","英文名称":"Nong Saeng","中文显示名":"农汉县","中文名状态":"Wikidata已有中文名","边界状态":"可绘制","边界文件":"泰国_ADM2_县区边界.geojson","边界要素ID":"TH4106","边界坐标系":"WGS84 / EPSG:4326","边界数据时点":"2019-02-21","Google原生边界支持":"泰国不支持ADM2","Google地图绘制方式":"加载本GeoJSON到Google Maps Data图层","边界来源":"RTSD/OCHA衍生简化边界（canonical package）"},"geometry":{"type":"Polygon","coordinates":[[[103.12944090600007,17.497600895000062],[103.05071459300007,17.455194920000054],[102.95485179600007,17.45489520600006],[102.94770354500008,17.32046588000003],[103.08393861900004,17.22088525500004],[103.17058821300009,17.23623160300002],[103.21576134100007,17.34293691000005],[103.25379723900005,17.31794883200007],[103.30139356100005,17.395262398000057],[103.27616605000009,17.43676797100005],[103.15415609300004,17.418384841000034],[103.12944090600007,17.497600895000062]]]}},{"type":"Feature","id":"TH4519","properties":{"国家代码":"TH","行政层级":2,"行政层级中文":"县/曼谷区","行政区代码":"4519","上级行政区代码":"45","中文名称":"农希县","泰文名称":"หนองฮี","英文名称":"Nong Hi","中文显示名":"农希县","中文名状态":"Wikidata已有中文名","边界状态":"可绘制","边界文件":"泰国_ADM2_县区边界.geojson","边界要素ID":"TH4519","边界坐标系":"WGS84 / EPSG:4326","边界数据时点":"2019-02-21","Google原生边界支持":"泰国不支持ADM2","Google地图绘制方式":"加载本GeoJSON到Google Maps Data图层","边界来源":"RTSD/OCHA衍生简化边界（canonical package）"},"geometry":{"type":"Polygon","coordinates":[[[104.08552934900007,15.550517764000062],[104.03989535500006,15.656726438000078],[103.96709900800005,15.642419319000055],[103.93600371000008,15.558350785000073],[104.05997604300006,15.502419313000075],[104.08552934900007,15.550517764000062]]]}},{"type":"Feature","id":"TH4214","properties":{"国家代码":"TH","行政层级":2,"行政层级中文":"县/曼谷区","行政区代码":"4214","上级行政区代码":"42","中文名称":"农信县","泰文名称":"หนองหิน","英文名称":"Nong Hin","中文显示名":"农信县","中文名状态":"Wikidata已有中文名","边界状态":"可绘制","边界文件":"泰国_ADM2_县区边界.geojson","边界要素ID":"TH4214","边界坐标系":"WGS84 / EPSG:4326","边界数据时点":"2019-02-21","Google原生边界支持":"泰国不支持ADM2","Google地图绘制方式":"加载本GeoJSON到Google Maps Data图层","边界来源":"RTSD/OCHA衍生简化边界（canonical package）"},"geometry":{"type":"Polygon","coordinates":[[[101.90976144000007,17.135308421000047],[101.78810188900007,17.18084512200005],[101.70931641600004,16.994166536000023],[101.80495765700005,16.995606444000032],[101.82447080800006,17.050147115000073],[101.92237804200005,16.99294154200004],[101.90976144000007,17.135308421000047]]]}},{"type":"Feature","id":"TH3114","properties":{"国家代码":"TH","行政层级":2,"行政层级中文":"县/曼谷区","行政区代码":"3114","上级行政区代码":"31","中文名称":"农红县","泰文名称":"หนองหงส์","英文名称":"Nong Hong","中文显示名":"农红县","中文名状态":"Wikidata已有中文名","边界状态":"可绘制","边界文件":"泰国_ADM2_县区边界.geojson","边界要素ID":"TH3114","边界坐标系":"WGS84 / EPSG:4326","边界数据时点":"2019-02-21","Google原生边界支持":"泰国不支持ADM2","Google地图绘制方式":"加载本GeoJSON到Google Maps Data图层","边界来源":"RTSD/OCHA衍生简化边界（canonical package）"},"geometry":{"type":"Polygon","coordinates":[[[102.69661253900006,14.933720228000027],[102.54578762600005,14.946877288000053],[102.55204089200004,14.859822117000022],[102.59571765500004,14.801760763000061],[102.72829430200005,14.811867550000045],[102.78919718100008,14.850888714000064],[102.80607927700004,14.897264579000023],[102.70962608900004,14.888293970000063],[102.69661253900006,14.933720228000027]]]}},{"type":"Feature","id":"TH1903","properties":{"国家代码":"TH","行政层级":2,"行政层级中文":"县/曼谷区","行政区代码":"1903","上级行政区代码":"19","中文名称":"农开","泰文名称":"หนองแค","英文名称":"Nong Khae","中文显示名":"农开","中文名状态":"Wikidata已有中文名","边界状态":"可绘制","边界文件":"泰国_ADM2_县区边界.geojson","边界要素ID":"TH1903","边界坐标系":"WGS84 / EPSG:4326","边界数据时点":"2019-02-21","Google原生边界支持":"泰国不支持ADM2","Google地图绘制方式":"加载本GeoJSON到Google Maps Data图层","边界来源":"RTSD/OCHA衍生简化边界（canonical package）"},"geometry":{"type":"Polygon","coordinates":[[[100.93926327900004,14.433992139000054],[100.84518218900007,14.459408770000039],[100.77236061700006,14.434628474000021],[100.78677699600007,14.370244253000067],[100.77550453200007,14.318618553000022],[100.82317983000007,14.329661398000042],[100.82149886400003,14.242746399000055],[100.89154523600007,14.27595109400005],[100.93780674400006,14.31439787000005],[100.93926327900004,14.433992139000054]]]}},{"type":"Feature","id":"TH1023","properties":{"国家代码":"TH","行政层级":2,"行政层级中文":"县/曼谷区","行政区代码":"1023","上级行政区代码":"10","中文名称":"廊鑒縣","泰文名称":"หนองแขม","英文名称":"Nong Khaem","中文显示名":"廊鑒縣","中文名状态":"Wikidata已有中文名","边界状态":"可绘制","边界文件":"泰国_ADM2_县区边界.geojson","边界要素ID":"TH1023","边界坐标系":"WGS84 / EPSG:4326","边界数据时点":"2019-02-21","Google原生边界支持":"泰国不支持ADM2","Google地图绘制方式":"加载本GeoJSON到Google Maps Data图层","边界来源":"RTSD/OCHA衍生简化边界（canonical package）"},"geometry":{"type":"Polygon","coordinates":[[[100.38484448200006,13.671401884000034],[100.35935948200006,13.738002047000066],[100.33745528100008,13.736036289000026],[100.33033285600004,13.719719976000022],[100.34683704300005,13.655339513000058],[100.38484448200006,13.671401884000034]]]}},{"type":"Feature","id":"TH6105","properties":{"国家代码":"TH","行政层级":2,"行政层级中文":"县/曼谷区","行政区代码":"6105","上级行政区代码":"61","中文名称":"农卡扬县","泰文名称":"หนองขาหย่าง","英文名称":"Nong Khayang","中文显示名":"农卡扬县","中文名状态":"Wikidata已有中文名","边界状态":"可绘制","边界文件":"泰国_ADM2_县区边界.geojson","边界要素ID":"TH6105","边界坐标系":"WGS84 / EPSG:4326","边界数据时点":"2019-02-21","Google原生边界支持":"泰国不支持ADM2","Google地图绘制方式":"加载本GeoJSON到Google Maps Data图层","边界来源":"RTSD/OCHA衍生简化边界（canonical package）"},"geometry":{"type":"Polygon","coordinates":[[[99.95097445800008,15.435641836000059],[99.89498660100008,15.424907848000032],[99.87181485800005,15.304944541000054],[99.92248217400004,15.29811096700007],[100.03722899900004,15.292283610000027],[99.99978174100005,15.375469285000065],[99.93160430100005,15.38631209700003],[99.95097445800008,15.435641836000059]]]}},{"type":"Feature","id":"TH3105","properties":{"国家代码":"TH","行政层级":2,"行政层级中文":"县/曼谷区","行政区代码":"3105","上级行政区代码":"31","中文名称":"农吉县","泰文名称":"หนองกี่","英文名称":"Nong Ki","中文显示名":"农吉县","中文名状态":"Wikidata已有中文名","边界状态":"可绘制","边界文件":"泰国_ADM2_县区边界.geojson","边界要素ID":"TH3105","边界坐标系":"WGS84 / EPSG:4326","边界数据时点":"2019-02-21","Google原生边界支持":"泰国不支持ADM2","Google地图绘制方式":"加载本GeoJSON到Google Maps Data图层","边界来源":"RTSD/OCHA衍生简化边界（canonical package）"},"geometry":{"type":"Polygon","coordinates":[[[102.72829430200005,14.811867550000045],[102.59571765500004,14.801760763000061],[102.55204089200004,14.859822117000022],[102.50261028600005,14.802210737000053],[102.45789928600004,14.835097868000048],[102.47115154600004,14.614545631000055],[102.49550168100006,14.56480209600005],[102.60335193300006,14.635408877000032],[102.69472623400009,14.768976100000032],[102.72829430200005,14.811867550000045]]]}},{"type":"Feature","id":"TH4612","properties":{"国家代码":"TH","行政层级":2,"行政层级中文":"县/曼谷区","行政区代码":"4612","上级行政区代码":"46","中文名称":"农恭是县","泰文名称":"หนองกุงศรี","英文名称":"Nong Kung Si","中文显示名":"农恭是县","中文名状态":"Wikidata已有中文名","边界状态":"可绘制","边界文件":"泰国_ADM2_县区边界.geojson","边界要素ID":"TH4612","边界坐标系":"WGS84 / EPSG:4326","边界数据时点":"2019-02-21","Google原生边界支持":"泰国不支持ADM2","Google地图绘制方式":"加载本GeoJSON到Google Maps Data图层","边界来源":"RTSD/OCHA衍生简化边界（canonical package）"},"geometry":{"type":"Polygon","coordinates":[[[103.42162529600006,16.803074037000044],[103.40076142800007,16.854806452000048],[103.30386484200005,16.814381221000076],[103.22314499000004,16.83695065200004],[103.17951094200004,16.78619587000003],[103.17136768500006,16.771122873000024],[103.21115245700008,16.649775565000027],[103.32221020700007,16.607570966000026],[103.37383616500006,16.61877170300005],[103.41203757300008,16.60659411200004],[103.46020127600008,16.676757725000073],[103.47738413300004,16.759700124000062],[103.42162529600006,16.803074037000044]]]}},{"type":"Feature","id":"TH1807","properties":{"国家代码":"TH","行政层级":2,"行政层级中文":"县/曼谷区","行政区代码":"1807","上级行政区代码":"18","中文名称":"农马蒙县","泰文名称":"หนองมะโมง","英文名称":"Nong Mamong","中文显示名":"农马蒙县","中文名状态":"Wikidata已有中文名","边界状态":"可绘制","边界文件":"泰国_ADM2_县区边界.geojson","边界要素ID":"TH1807","边界坐标系":"WGS84 / EPSG:4326","边界数据时点":"2019-02-21","Google原生边界支持":"泰国不支持ADM2","Google地图绘制方式":"加载本GeoJSON到Google Maps Data图层","边界来源":"RTSD/OCHA衍生简化边界（canonical package）"},"geometry":{"type":"Polygon","coordinates":[[[99.87181485800005,15.304944541000054],[99.78416137300007,15.317721014000028],[99.72727105900003,15.249636508000037],[99.77166536700008,15.140612779000037],[99.80863163900005,15.142324220000035],[99.93235750200006,15.235551352000073],[99.92248217400004,15.29811096700007],[99.87181485800005,15.304944541000054]]]}},{"type":"Feature","id":"TH1611","properties":{"国家代码":"TH","行政层级":2,"行政层级中文":"县/曼谷区","行政区代码":"1611","上级行政区代码":"16","中文名称":"农孟县","泰文名称":"หนองม่วง","英文名称":"Nong Muang","中文显示名":"农孟县","中文名状态":"Wikidata已有中文名","边界状态":"可绘制","边界文件":"泰国_ADM2_县区边界.geojson","边界要素ID":"TH1611","边界坐标系":"WGS84 / EPSG:4326","边界数据时点":"2019-02-21","Google原生边界支持":"泰国不支持ADM2","Google地图绘制方式":"加载本GeoJSON到Google Maps Data图层","边界来源":"RTSD/OCHA衍生简化边界（canonical package）"},"geometry":{"type":"Polygon","coordinates":[[[100.69048133000007,15.446337925000023],[100.62988225800007,15.34039412900006],[100.59011021800006,15.26885898300003],[100.62022061000005,15.242709923000064],[100.63639866100004,15.141052882000054],[100.74485256100007,15.18713166300006],[100.77543058400005,15.157106400000032],[100.76094807800007,15.236199773000067],[100.80398800200004,15.31488015900004],[100.73645132500008,15.33964121200006],[100.69048133000007,15.446337925000023]]]}},{"type":"Feature","id":"TH5408","properties":{"国家代码":"TH","行政层级":2,"行政层级中文":"县/曼谷区","行政区代码":"5408","上级行政区代码":"54","中文名称":"农孟开县","泰文名称":"หนองม่วงไข่","英文名称":"Nong Muang Khai","中文显示名":"农孟开县","中文名状态":"Wikidata已有中文名","边界状态":"可绘制","边界文件":"泰国_ADM2_县区边界.geojson","边界要素ID":"TH5408","边界坐标系":"WGS84 / EPSG:4326","边界数据时点":"2019-02-21","Google原生边界支持":"泰国不支持ADM2","Google地图绘制方式":"加载本GeoJSON到Google Maps Data图层","边界来源":"RTSD/OCHA衍生简化边界（canonical package）"},"geometry":{"type":"Polygon","coordinates":[[[100.20545957100006,18.317537273000028],[100.07517575400004,18.348789302000057],[100.09004246900008,18.276669191000053],[100.17486857500006,18.24690331000005],[100.27503052700007,18.259370747000048],[100.20545957100006,18.317537273000028]]]}},{"type":"Feature","id":"TH4023","properties":{"国家代码":"TH","行政层级":2,"行政层级中文":"县/曼谷区","行政区代码":"4023","上级行政区代码":"40","中文名称":"农那堪县","泰文名称":"หนองนาคำ","英文名称":"Nong Na Kham","中文显示名":"农那堪县","中文名状态":"Wikidata已有中文名","边界状态":"可绘制","边界文件":"泰国_ADM2_县区边界.geojson","边界要素ID":"TH4023","边界坐标系":"WGS84 / EPSG:4326","边界数据时点":"2019-02-21","Google原生边界支持":"泰国不支持ADM2","Google地图绘制方式":"加载本GeoJSON到Google Maps Data图层","边界来源":"RTSD/OCHA衍生简化边界（canonical package）"},"geometry":{"type":"Polygon","coordinates":[[[102.40516123100008,16.815266877000056],[102.29634717200008,16.89106338000005],[102.21309201200006,16.86038270100005],[102.23086000500007,16.853389641000035],[102.36067596500004,16.733485089000055],[102.43357896900005,16.78337656800005],[102.40516123100008,16.815266877000056]]]}},{"type":"Feature","id":"TH6707","properties":{"国家代码":"TH","行政层级":2,"行政层级中文":"县/曼谷区","行政区代码":"6707","上级行政区代码":"67","中文名称":"农派县","泰文名称":"หนองไผ่","英文名称":"Nong Phai","中文显示名":"农派县","中文名状态":"Wikidata已有中文名","边界状态":"可绘制","边界文件":"泰国_ADM2_县区边界.geojson","边界要素ID":"TH6707","边界坐标系":"WGS84 / EPSG:4326","边界数据时点":"2019-02-21","Google原生边界支持":"泰国不支持ADM2","Google地图绘制方式":"加载本GeoJSON到Google Maps Data图层","边界来源":"RTSD/OCHA衍生简化边界（canonical package）"},"geometry":{"type":"Polygon","coordinates":[[[101.37889689700006,16.18761951500005],[101.19395471500007,16.17631516600005],[101.17171497200007,16.109637392000025],[101.10757011800007,16.09973426600004],[101.08397508800005,16.150852792000023],[100.98455626300006,16.166148617000033],[100.90724431900009,16.107125432000032],[100.98168775800008,16.066270146000022],[100.98518737000006,16.00465501000002],[100.90216375600005,15.989245181000058],[100.90140476500005,15.896926837000024],[101.00113875700004,15.909447955000076],[101.16352085400007,15.866421039000045],[101.30214838800003,15.942300277000072],[101.36425765200005,15.930975459000024],[101.36497552600008,16.075004079000053],[101.33363849500006,16.09345055400007],[101.37720956200008,16.185362330000032],[101.37889689700006,16.18761951500005]]]}},{"type":"Feature","id":"TH4509","properties":{"国家代码":"TH","行政层级":2,"行政层级中文":"县/曼谷区","行政区代码":"4509","上级行政区代码":"45","中文名称":"农朴县","泰文名称":"หนองพอก","英文名称":"Nong Phok","中文显示名":"农朴县","中文名状态":"Wikidata已有中文名","边界状态":"可绘制","边界文件":"泰国_ADM2_县区边界.geojson","边界要素ID":"TH4509","边界坐标系":"WGS84 / EPSG:4326","边界数据时点":"2019-02-21","Google原生边界支持":"泰国不支持ADM2","Google地图绘制方式":"加载本GeoJSON到Google Maps Data图层","边界来源":"RTSD/OCHA衍生简化边界（canonical package）"},"geometry":{"type":"Polygon","coordinates":[[[104.34800461400005,16.323211225000023],[104.31121288700007,16.45239656900003],[104.23785792300004,16.428572174000067],[104.06408003300004,16.30924927500007],[104.07585103400004,16.228390085000058],[104.13028171200006,16.196307110000078],[104.19917339700004,16.224121582000066],[104.17851651000007,16.149304028000074],[104.27350715400007,16.225666835000027],[104.34800461400005,16.323211225000023]]]}},{"type":"Feature","id":"TH7112","properties":{"国家代码":"TH","行政层级":2,"行政层级中文":"县/曼谷区","行政区代码":"7112","上级行政区代码":"71","中文名称":"农布县","泰文名称":"หนองปรือ","英文名称":"Nong Prue","中文显示名":"农布县","中文名状态":"Wikidata已有中文名","边界状态":"可绘制","边界文件":"泰国_ADM2_县区边界.geojson","边界要素ID":"TH7112","边界坐标系":"WGS84 / EPSG:4326","边界数据时点":"2019-02-21","Google原生边界支持":"泰国不支持ADM2","Google地图绘制方式":"加载本GeoJSON到Google Maps Data图层","边界来源":"RTSD/OCHA衍生简化边界（canonical package）"},"geometry":{"type":"Polygon","coordinates":[[[99.29478658300008,14.832054719000041],[99.23917827900004,14.821798191000028],[99.29092952500008,14.704582277000043],[99.35214530800005,14.67396780200005],[99.31906654800008,14.633983641000043],[99.40003922000005,14.617677139000023],[99.44992732700007,14.534561282000027],[99.58033394500006,14.590778455000077],[99.54493724300005,14.708949846000053],[99.44208574000004,14.732125064000059],[99.29478658300008,14.832054719000041]]]}},{"type":"Feature","id":"TH4004","properties":{"国家代码":"TH","行政层级":2,"行政层级中文":"县/曼谷区","行政区代码":"4004","上级行政区代码":"40","中文名称":"农罗县","泰文名称":"หนองเรือ","英文名称":"Nong Ruea","中文显示名":"农罗县","中文名状态":"Wikidata已有中文名","边界状态":"可绘制","边界文件":"泰国_ADM2_县区边界.geojson","边界要素ID":"TH4004","边界坐标系":"WGS84 / EPSG:4326","边界数据时点":"2019-02-21","Google原生边界支持":"泰国不支持ADM2","Google地图绘制方式":"加载本GeoJSON到Google Maps Data图层","边界来源":"RTSD/OCHA衍生简化边界（canonical package）"},"geometry":{"type":"Polygon","coordinates":[[[102.52232298500007,16.35504543600007],[102.55071239300008,16.392342374000066],[102.57633493000009,16.627315444000033],[102.55818271400005,16.62356221300007],[102.55791883600006,16.568314129000044],[102.46776946000006,16.546165513000062],[102.45347139000006,16.595770213000037],[102.30079950600003,16.56733209400005],[102.30096173800007,16.44824280200004],[102.39736668100005,16.44578496500003],[102.45886768900004,16.39468781100004],[102.52232298500007,16.35504543600007]]]}},{"type":"Feature","id":"TH1905","properties":{"国家代码":"TH","行政层级":2,"行政层级中文":"县/曼谷区","行政区代码":"1905","上级行政区代码":"19","中文名称":"农森县","泰文名称":"หนองแซง","英文名称":"Nong Saeng","中文显示名":"农森县","中文名状态":"Wikidata已有中文名","边界状态":"可绘制","边界文件":"泰国_ADM2_县区边界.geojson","边界要素ID":"TH1905","边界坐标系":"WGS84 / EPSG:4326","边界数据时点":"2019-02-21","Google原生边界支持":"泰国不支持ADM2","Google地图绘制方式":"加载本GeoJSON到Google Maps Data图层","边界来源":"RTSD/OCHA衍生简化边界（canonical package）"},"geometry":{"type":"Polygon","coordinates":[[[100.85014877500004,14.521002504000023],[100.77865228600007,14.530733977000068],[100.76430784600007,14.494022060000077],[100.77236061700006,14.434628474000021],[100.84518218900007,14.459408770000039],[100.85014877500004,14.521002504000023]]]}},{"type":"Feature","id":"TH4121","properties":{"国家代码":"TH","行政层级":2,"行政层级中文":"县/曼谷区","行政区代码":"4121","上级行政区代码":"41","中文名称":"农森县","泰文名称":"หนองแสง","英文名称":"Nong Saeng","中文显示名":"农森县","中文名状态":"Wikidata已有中文名","边界状态":"可绘制","边界文件":"泰国_ADM2_县区边界.geojson","边界要素ID":"TH4121","边界坐标系":"WGS84 / EPSG:4326","边界数据时点":"2019-02-21","Google原生边界支持":"泰国不支持ADM2","Google地图绘制方式":"加载本GeoJSON到Google Maps Data图层","边界来源":"RTSD/OCHA衍生简化边界（canonical package）"},"geometry":{"type":"Polygon","coordinates":[[[102.84980750700004,17.033146232000036],[102.87951002700004,17.160430501000064],[102.79967238600005,17.244512352000072],[102.66995394700007,17.20580932300004],[102.70004704800004,17.086895766000055],[102.70970462200006,17.087009188000025],[102.73426316200005,17.10240396200004],[102.84980750700004,17.033146232000036]]]}},{"type":"Feature","id":"TH4015","properties":{"国家代码":"TH","行政层级":2,"行政层级中文":"县/曼谷区","行政区代码":"4015","上级行政区代码":"40","中文名称":"农宋洪县","泰文名称":"หนองสองห้อง","英文名称":"Nong Song Hong","中文显示名":"农宋洪县","中文名状态":"Wikidata已有中文名","边界状态":"可绘制","边界文件":"泰国_ADM2_县区边界.geojson","边界要素ID":"TH4015","边界坐标系":"WGS84 / EPSG:4326","边界数据时点":"2019-02-21","Google原生边界支持":"泰国不支持ADM2","Google地图绘制方式":"加载本GeoJSON到Google Maps Data图层","边界来源":"RTSD/OCHA衍生简化边界（canonical package）"},"geometry":{"type":"Polygon","coordinates":[[[102.75694880700007,15.895361820000062],[102.69628211400004,15.903545832000077],[102.67905688600007,15.727672864000056],[102.77659426100007,15.633593717000053],[102.83820827400007,15.63674448300003],[102.88297611300004,15.666777495000076],[102.87746843300005,15.771565193000072],[102.93046269600006,15.795826058000046],[102.92688094800008,15.816932889000043],[102.78112431500006,15.87700697400004],[102.75694880700007,15.895361820000062]]]}},{"type":"Feature","id":"TH1304","properties":{"国家代码":"TH","行政层级":2,"行政层级中文":"县/曼谷区","行政区代码":"1304","上级行政区代码":"13","中文名称":"农色县","泰文名称":"หนองเสือ","英文名称":"Nong Suea","中文显示名":"农色县","中文名状态":"Wikidata已有中文名","边界状态":"可绘制","边界文件":"泰国_ADM2_县区边界.geojson","边界要素ID":"TH1304","边界坐标系":"WGS84 / EPSG:4326","边界数据时点":"2019-02-21","Google原生边界支持":"泰国不支持ADM2","Google地图绘制方式":"加载本GeoJSON到Google Maps Data图层","边界来源":"RTSD/OCHA衍生简化边界（canonical package）"},"geometry":{"type":"Polygon","coordinates":[[[100.95111814600006,14.271684207000021],[100.89154523600007,14.27595109400005],[100.82149886400003,14.242746399000055],[100.75505067800003,14.211074445000065],[100.75550331600004,14.044766109000022],[100.91413830700009,14.09962936200003],[100.91394452200007,14.221275423000066],[100.94643576800007,14.237134961000038],[100.95111814600006,14.271684207000021]]]}},{"type":"Feature","id":"TH4907","properties":{"国家代码":"TH","行政层级":2,"行政层级中文":"县/曼谷区","行政区代码":"4907","上级行政区代码":"49","中文名称":"农颂县","泰文名称":"หนองสูง","英文名称":"Nong Sung","中文显示名":"农颂县","中文名状态":"Wikidata已有中文名","边界状态":"可绘制","边界文件":"泰国_ADM2_县区边界.geojson","边界要素ID":"TH4907","边界坐标系":"WGS84 / EPSG:4326","边界数据时点":"2019-02-21","Google原生边界支持":"泰国不支持ADM2","Google地图绘制方式":"加载本GeoJSON到Google Maps Data图层","边界来源":"RTSD/OCHA衍生简化边界（canonical package）"},"geometry":{"type":"Polygon","coordinates":[[[104.44597394500005,16.47207187300006],[104.39060160600008,16.469610411000076],[104.31244817000004,16.530731677000063],[104.22106505200009,16.542185678000067],[104.23785792300004,16.428572174000067],[104.31121288700007,16.45239656900003],[104.34800461400005,16.323211225000023],[104.40004486300006,16.346589562000077],[104.47401801300003,16.449156842000036],[104.44597394500005,16.47207187300006]]]}},{"type":"Feature","id":"TH4103","properties":{"国家代码":"TH","行政层级":2,"行政层级中文":"县/曼谷区","行政区代码":"4103","上级行政区代码":"41","中文名称":"农沃索县","泰文名称":"หนองวัวซอ","英文名称":"Nong Wua So","中文显示名":"农沃索县","中文名状态":"Wikidata已有中文名","边界状态":"可绘制","边界文件":"泰国_ADM2_县区边界.geojson","边界要素ID":"TH4103","边界坐标系":"WGS84 / EPSG:4326","边界数据时点":"2019-02-21","Google原生边界支持":"泰国不支持ADM2","Google地图绘制方式":"加载本GeoJSON到Google Maps Data图层","边界来源":"RTSD/OCHA衍生简化边界（canonical package）"},"geometry":{"type":"Polygon","coordinates":[[[102.66995394700007,17.20580932300004],[102.66514247700007,17.295443512000077],[102.59859431000007,17.374847343000056],[102.43773393600009,17.338332094000066],[102.43775010700006,17.28230654300006],[102.59269452700005,17.265869052000028],[102.46974707300006,17.201414503000024],[102.57938673500007,17.04081631100007],[102.66933312300006,16.993749911000066],[102.70004704800004,17.086895766000055],[102.66995394700007,17.20580932300004]]]}},{"type":"Feature","id":"TH7603","properties":{"国家代码":"TH","行政层级":2,"行政层级中文":"县/曼谷区","行政区代码":"7603","上级行政区代码":"76","中文名称":"农亚邦县","泰文名称":"หนองหญ้าปล้อง","英文名称":"Nong Ya Plong","中文显示名":"农亚邦县","中文名状态":"Wikidata已有中文名","边界状态":"可绘制","边界文件":"泰国_ADM2_县区边界.geojson","边界要素ID":"TH7603","边界坐标系":"WGS84 / EPSG:4326","边界数据时点":"2019-02-21","Google原生边界支持":"泰国不支持ADM2","Google地图绘制方式":"加载本GeoJSON到Google Maps Data图层","边界来源":"RTSD/OCHA衍生简化边界（canonical package）"},"geometry":{"type":"Polygon","coordinates":[[[99.79586194000007,13.117652110000051],[99.78694222800004,13.182462838000049],[99.68824370900006,13.300372667000033],[99.66429005900005,13.214483844000029],[99.52929815300007,13.207145706000063],[99.44248258900006,13.183454955000059],[99.35123799600007,13.243744185000025],[99.27191953800008,13.148793589000036],[99.21003922400007,13.208078904000047],[99.13917155600006,13.205648796000048],[99.09952668500006,13.072752298000069],[99.18753519000006,12.975581283000054],[99.27101831900006,13.034106587000053],[99.24086065600005,13.089896016000068],[99.33823960700005,13.143349927000031],[99.46490210800005,13.017494243000044],[99.55350277800005,13.063092836000067],[99.73449969700005,13.029055808000066],[99.79586194000007,13.117652110000051]]]}},{"type":"Feature","id":"TH7210","properties":{"国家代码":"TH","行政层级":2,"行政层级中文":"县/曼谷区","行政区代码":"7210","上级行政区代码":"72","中文名称":"农亚赛县","泰文名称":"หนองหญ้าไซ","英文名称":"Nong Ya Sai","中文显示名":"农亚赛县","中文名状态":"Wikidata已有中文名","边界状态":"可绘制","边界文件":"泰国_ADM2_县区边界.geojson","边界要素ID":"TH7210","边界坐标系":"WGS84 / EPSG:4326","边界数据时点":"2019-02-21","Google原生边界支持":"泰国不支持ADM2","Google地图绘制方式":"加载本GeoJSON到Google Maps Data图层","边界来源":"RTSD/OCHA衍生简化边界（canonical package）"},"geometry":{"type":"Polygon","coordinates":[[[99.98175999300008,14.840010643000028],[99.91788951200004,14.871851164000077],[99.81295772100003,14.847790839000027],[99.65283459500006,14.802116322000074],[99.78944300400008,14.736016902000074],[99.98424573000005,14.689889837000067],[99.98175999300008,14.840010643000028]]]}},{"type":"Feature","id":"TH2003","properties":{"国家代码":"TH","行政层级":2,"行政层级中文":"县/曼谷区","行政区代码":"2003","上级行政区代码":"20","中文名称":"农艾县","泰文名称":"หนองใหญ่","英文名称":"Nong Yai","中文显示名":"农艾县","中文名状态":"Wikidata已有中文名","边界状态":"可绘制","边界文件":"泰国_ADM2_县区边界.geojson","边界要素ID":"TH2003","边界坐标系":"WGS84 / EPSG:4326","边界数据时点":"2019-02-21","Google原生边界支持":"泰国不支持ADM2","Google地图绘制方式":"加载本GeoJSON到Google Maps Data图层","边界来源":"RTSD/OCHA衍生简化边界（canonical package）"},"geometry":{"type":"Polygon","coordinates":[[[101.54680297500005,13.07251800000006],[101.49552499800006,13.153136391000032],[101.42981275100004,13.149946490000048],[101.31788196400004,13.282152832000065],[101.30239429000005,13.187094754000043],[101.25779144200004,13.184296569000026],[101.21979780700008,13.092171929000074],[101.21953094300005,13.077617260000068],[101.32471891300008,13.08435793700005],[101.39409159900003,13.024810699000057],[101.54680297500005,13.07251800000006]]]}},{"type":"Feature","id":"TH8021","properties":{"国家代码":"TH","行政层级":2,"行政层级中文":"县/曼谷区","行政区代码":"8021","上级行政区代码":"80","中文名称":"诺披丹县","泰文名称":"นบพิตำ","英文名称":"Nopphitam","中文显示名":"诺披丹县","中文名状态":"Wikidata已有中文名","边界状态":"可绘制","边界文件":"泰国_ADM2_县区边界.geojson","边界要素ID":"TH8021","边界坐标系":"WGS84 / EPSG:4326","边界数据时点":"2019-02-21","Google原生边界支持":"泰国不支持ADM2","Google地图绘制方式":"加载本GeoJSON到Google Maps Data图层","边界来源":"RTSD/OCHA衍生简化边界（canonical package）"},"geometry":{"type":"Polygon","coordinates":[[[99.64189235700007,8.927769940000076],[99.55582926400007,8.877702145000057],[99.52162782100004,8.84525097200003],[99.52188097500004,8.719287520000023],[99.67046416000005,8.67828843500007],[99.70959269500008,8.597355812000046],[99.83129266200007,8.620142248000036],[99.84495392900004,8.714634603000036],[99.75822480300008,8.81156621200006],[99.68916206300008,8.845251026000028],[99.64189235700007,8.927769940000076]]]}},{"type":"Feature","id":"TH8108","properties":{"国家代码":"TH","行政层级":2,"行政层级中文":"县/曼谷区","行政区代码":"8108","上级行政区代码":"81","中文名称":"尼空县","泰文名称":"เหนือคลอง","英文名称":"Nuea Khlong","中文显示名":"尼空县","中文名状态":"Wikidata已有中文名","边界状态":"可绘制","边界文件":"泰国_ADM2_县区边界.geojson","边界要素ID":"TH8108","边界坐标系":"WGS84 / EPSG:4326","边界数据时点":"2019-02-21","Google原生边界支持":"泰国不支持ADM2","Google地图绘制方式":"加载本GeoJSON到Google Maps Data图层","边界来源":"RTSD/OCHA衍生简化边界（canonical package）"},"geometry":{"type":"Polygon","coordinates":[[[99.15918855100006,8.178410972000052],[99.09762362000004,8.23089451800007],[99.07214252900008,8.171073231000037],[99.01596015600006,8.183733504000031],[98.94276958800003,8.059141813000053],[98.95469751200005,8.002700602000061],[98.97250401600007,7.932522626000036],[99.06777500300007,7.875512984000068],[99.10176361600008,7.951902381000025],[99.09082243400007,8.046517705000042],[99.12379355500008,8.159881688000041],[99.15918855100006,8.178410972000052]]]}},{"type":"Feature","id":"TH5018","properties":{"国家代码":"TH","行政层级":2,"行政层级中文":"县/曼谷区","行政区代码":"5018","上级行政区代码":"50","中文名称":"翁桂县","泰文名称":"อมก๋อย","英文名称":"Omkoi","中文显示名":"翁桂县","中文名状态":"Wikidata已有中文名","边界状态":"可绘制","边界文件":"泰国_ADM2_县区边界.geojson","边界要素ID":"TH5018","边界坐标系":"WGS84 / EPSG:4326","边界数据时点":"2019-02-21","Google原生边界支持":"泰国不支持ADM2","Google地图绘制方式":"加载本GeoJSON到Google Maps Data图层","边界来源":"RTSD/OCHA衍生简化边界（canonical package）"},"geometry":{"type":"Polygon","coordinates":[[[98.48260111500008,17.909554962000072],[98.38477631800004,18.040717146000077],[98.25906910400005,18.039117657000077],[98.24668485700005,17.992694221000022],[98.15020290700005,17.94064202800007],[98.08999289100007,17.963342070000067],[98.01094256800008,17.926914860000068],[98.08622297700003,17.81056809300003],[98.14721293300005,17.776606683000068],[98.15072527500007,17.69979391800007],[98.08921456500008,17.63717831100007],[98.13597998800003,17.541729334000024],[98.29790907700004,17.575534336000032],[98.32968466800008,17.469571838000036],[98.29176497900005,17.407327330000044],[98.31768209700004,17.322665451000034],[98.39178977600005,17.242274746000078],[98.57885419400009,17.29440177600003],[98.53749428200007,17.361876814000027],[98.55765000100007,17.426606440000057],[98.51857059100007,17.477616300000022],[98.57800388000004,17.573944149000056],[98.53472618600006,17.615904391000072],[98.49329682800004,17.813907706000066],[98.43051757000006,17.865239924000036],[98.48260111500008,17.909554962000072]]]}},{"type":"Feature","id":"TH2604","properties":{"国家代码":"TH","行政层级":2,"行政层级中文":"县/曼谷区","行政区代码":"2604","上级行政区代码":"26","中文名称":"翁卡叻县","泰文名称":"องครักษ์","英文名称":"Ongkharak","中文显示名":"翁卡叻县","中文名状态":"Wikidata已有中文名","边界状态":"可绘制","边界文件":"泰国_ADM2_县区边界.geojson","边界要素ID":"TH2604","边界坐标系":"WGS84 / EPSG:4326","边界数据时点":"2019-02-21","Google原生边界支持":"泰国不支持ADM2","Google地图绘制方式":"加载本GeoJSON到Google Maps Data图层","边界来源":"RTSD/OCHA衍生简化边界（canonical package）"},"geometry":{"type":"Polygon","coordinates":[[[101.06643623200006,14.147070692000057],[100.94643576800007,14.237134961000038],[100.91394452200007,14.221275423000066],[100.91413830700009,14.09962936200003],[100.91483620300005,14.068209147000061],[100.91421818800006,13.961278383000035],[101.13780002200008,13.969887645000028],[101.17330925900006,14.011505714000066],[101.06643623200006,14.147070692000057]]]}},{"type":"Feature","id":"TH9308","properties":{"国家代码":"TH","行政层级":2,"行政层级中文":"县/曼谷区","行政区代码":"9308","上级行政区代码":"93","中文名称":"巴奔县","泰文名称":"ป่าบอน","英文名称":"Pa Bon","中文显示名":"巴奔县","中文名状态":"Wikidata已有中文名","边界状态":"可绘制","边界文件":"泰国_ADM2_县区边界.geojson","边界要素ID":"TH9308","边界坐标系":"WGS84 / EPSG:4326","边界数据时点":"2019-02-21","Google原生边界支持":"泰国不支持ADM2","Google地图绘制方式":"加载本GeoJSON到Google Maps Data图层","边界来源":"RTSD/OCHA衍生简化边界（canonical package）"},"geometry":{"type":"Polygon","coordinates":[[[100.31673402100006,7.231349110000053],[100.19792021000006,7.2572683620000475],[100.25699384700005,7.308631646000038],[100.19647123700008,7.382220637000046],[100.13479124600008,7.358902287000035],[100.12384455300008,7.269164418000059],[100.04945491600006,7.198564733000069],[99.95808786500004,7.199451934000024],[100.02822832700008,7.090332414000045],[100.05721977100006,7.10757965800002],[100.11432726400005,7.166617762000044],[100.30602617100004,7.20978384700004],[100.31673402100006,7.231349110000053]]]}},{"type":"Feature","id":"TH5706","properties":{"国家代码":"TH","行政层级":2,"行政层级中文":"县/曼谷区","行政区代码":"5706","上级行政区代码":"57","中文名称":"巴代县","泰文名称":"ป่าแดด","英文名称":"Pa Daet","中文显示名":"巴代县","中文名状态":"Wikidata已有中文名","边界状态":"可绘制","边界文件":"泰国_ADM2_县区边界.geojson","边界要素ID":"TH5706","边界坐标系":"WGS84 / EPSG:4326","边界数据时点":"2019-02-21","Google原生边界支持":"泰国不支持ADM2","Google地图绘制方式":"加载本GeoJSON到Google Maps Data图层","边界来源":"RTSD/OCHA衍生简化边界（canonical package）"},"geometry":{"type":"Polygon","coordinates":[[[100.06566084600007,19.51025696800008],[100.00429288700008,19.58853743000003],[99.92721316400008,19.622672169000055],[99.92654598600006,19.623206699000036],[99.90540239200004,19.572508524000057],[99.91444196100008,19.432455222000044],[99.92000039500005,19.40641256400005],[100.00499369700003,19.429147460000024],[100.05383423000006,19.431398467000065],[100.06566084600007,19.51025696800008]]]}},{"type":"Feature","id":"TH1503","properties":{"国家代码":"TH","行政层级":2,"行政层级中文":"县/曼谷区","行政区代码":"1503","上级行政区代码":"15","中文名称":"巴莫县","泰文名称":"ป่าโมก","英文名称":"Pa Mok","中文显示名":"巴莫县","中文名状态":"Wikidata已有中文名","边界状态":"可绘制","边界文件":"泰国_ADM2_县区边界.geojson","边界要素ID":"TH1503","边界坐标系":"WGS84 / EPSG:4326","边界数据时点":"2019-02-21","Google原生边界支持":"泰国不支持ADM2","Google地图绘制方式":"加载本GeoJSON到Google Maps Data图层","边界来源":"RTSD/OCHA衍生简化边界（canonical package）"},"geometry":{"type":"Polygon","coordinates":[[[100.49234545300004,14.532342630000073],[100.40438017200006,14.540037977000054],[100.39953357300004,14.507346748000032],[100.42020840100008,14.447148438000056],[100.49689553500008,14.459504766000066],[100.49639149400008,14.507660496000028],[100.49234545300004,14.532342630000073]]]}},{"type":"Feature","id":"TH9310","properties":{"国家代码":"TH","行政层级":2,"行政层级中文":"县/曼谷区","行政区代码":"9310","上级行政区代码":"93","中文名称":"巴帕永县","泰文名称":"ป่าพะยอม","英文名称":"Pa Phayom","中文显示名":"巴帕永县","中文名状态":"Wikidata已有中文名","边界状态":"可绘制","边界文件":"泰国_ADM2_县区边界.geojson","边界要素ID":"TH9310","边界坐标系":"WGS84 / EPSG:4326","边界数据时点":"2019-02-21","Google原生边界支持":"泰国不支持ADM2","Google地图绘制方式":"加载本GeoJSON到Google Maps Data图层","边界来源":"RTSD/OCHA衍生简化边界（canonical package）"},"geometry":{"type":"Polygon","coordinates":[[[99.98509613100003,7.862672904000021],[99.80837798800007,7.892876596000065],[99.73824742400006,7.858896272000038],[99.78784765600005,7.7435383280000565],[99.93059818200004,7.791360144000066],[99.98509613100003,7.862672904000021]]]}},{"type":"Feature","id":"TH5106","properties":{"国家代码":"TH","行政层级":2,"行政层级中文":"县/曼谷区","行政区代码":"5106","上级行政区代码":"51","中文名称":"巴桑县","泰文名称":"ป่าซาง","英文名称":"Pa Sang","中文显示名":"巴桑县","中文名状态":"Wikidata已有中文名","边界状态":"可绘制","边界文件":"泰国_ADM2_县区边界.geojson","边界要素ID":"TH5106","边界坐标系":"WGS84 / EPSG:4326","边界数据时点":"2019-02-21","Google原生边界支持":"泰国不支持ADM2","Google地图绘制方式":"加载本GeoJSON到Google Maps Data图层","边界来源":"RTSD/OCHA衍生简化边界（canonical package）"},"geometry":{"type":"Polygon","coordinates":[[[98.95102298300009,18.43694905900003],[98.93475897700006,18.54283755000006],[98.85145931300008,18.500960857000052],[98.77811012900008,18.449773986000025],[98.82357188800006,18.388387176000037],[98.90443143100003,18.27501177700003],[98.96226452000008,18.280116037000028],[98.92168811400006,18.335843389000047],[98.95102298300009,18.43694905900003]]]}},{"type":"Feature","id":"TH3505","properties":{"国家代码":"TH","行政层级":2,"行政层级中文":"县/曼谷区","行政区代码":"3505","上级行政区代码":"35","中文名称":"巴刁县","泰文名称":"ป่าติ้ว","英文名称":"Pa Tio","中文显示名":"巴刁县","中文名状态":"Wikidata已有中文名","边界状态":"可绘制","边界文件":"泰国_ADM2_县区边界.geojson","边界要素ID":"TH3505","边界坐标系":"WGS84 / EPSG:4326","边界数据时点":"2019-02-21","Google原生边界支持":"泰国不支持ADM2","Google地图绘制方式":"加载本GeoJSON到Google Maps Data图层","边界来源":"RTSD/OCHA衍生简化边界（canonical package）"},"geometry":{"type":"Polygon","coordinates":[[[104.50195090200003,15.976500546000068],[104.45192977500005,15.993931645000032],[104.37823661600004,15.903435820000027],[104.28265176800005,15.825401943000031],[104.26974732300005,15.762062875000026],[104.41890576400004,15.745743803000039],[104.43348225000005,15.779258365000032],[104.50195090200003,15.976500546000068]]]}},{"type":"Feature","id":"TH5803","properties":{"国家代码":"TH","行政层级":2,"行政层级中文":"县/曼谷区","行政区代码":"5803","上级行政区代码":"58","中文名称":"拜县","泰文名称":"ปาย","英文名称":"Pai","中文显示名":"拜县","中文名状态":"Wikidata已有中文名","边界状态":"可绘制","边界文件":"泰国_ADM2_县区边界.geojson","边界要素ID":"TH5803","边界坐标系":"WGS84 / EPSG:4326","边界数据时点":"2019-02-21","Google原生边界支持":"泰国不支持ADM2","Google地图绘制方式":"加载本GeoJSON到Google Maps Data图层","边界来源":"RTSD/OCHA衍生简化边界（canonical package）"},"geometry":{"type":"Polygon","coordinates":[[[98.46652037100006,19.692231639000056],[98.30861968600004,19.688032575000022],[98.38116917500008,19.593412166000064],[98.31380005900007,19.42149258200004],[98.33931180500008,19.39830287500007],[98.15549473000004,19.369483457000058],[98.12460740300008,19.32777489800003],[98.15925139400008,19.19881272200007],[98.24311915900006,19.153501365000068],[98.32529505200006,19.15579918700007],[98.42098377800005,19.027148382000064],[98.54191550500008,19.026204420000056],[98.64074559200009,19.068578924000064],[98.63829808200006,19.15465165300003],[98.58559141000006,19.186096768000027],[98.59518662600004,19.353982962000032],[98.58517280300003,19.422967048000032],[98.60002075800008,19.471051395000075],[98.54018482900005,19.611056311000027],[98.46652037100006,19.692231639000056]]]}},{"type":"Feature","id":"TH4204","properties":{"国家代码":"TH","行政层级":2,"行政层级中文":"县/曼谷区","行政区代码":"4204","上级行政区代码":"42","中文名称":"巴宗县","泰文名称":"ปากชม","英文名称":"Pak Chom","中文显示名":"巴宗县","中文名状态":"Wikidata已有中文名","边界状态":"可绘制","边界文件":"泰国_ADM2_县区边界.geojson","边界要素ID":"TH4204","边界坐标系":"WGS84 / EPSG:4326","边界数据时点":"2019-02-21","Google原生边界支持":"泰国不支持ADM2","Google地图绘制方式":"加载本GeoJSON到Google Maps Data图层","边界来源":"RTSD/OCHA衍生简化边界（canonical package）"},"geometry":{"type":"Polygon","coordinates":[[[102.10565660800006,18.213514564000036],[101.90351235200006,18.02985779900007],[101.77789930000006,18.06571195600003],[101.85632533300009,17.97899084000005],[101.83730919600004,17.86762533600006],[101.90171744300005,17.729618913000024],[101.91270523900005,17.65353030600005],[101.95089499200009,17.680709915000023],[102.03643160000007,17.65029137500005],[102.03921710900005,17.80122395500007],[102.02426850200004,17.976845033000075],[102.05513989400004,18.086168997000073],[102.10565660800006,18.213514564000036]]]}},{"type":"Feature","id":"TH3021","properties":{"国家代码":"TH","行政层级":2,"行政层级中文":"县/曼谷区","行政区代码":"3021","上级行政区代码":"30","中文名称":"巴冲县","泰文名称":"ปากช่อง","英文名称":"Pak Chong","中文显示名":"巴冲县","中文名状态":"Wikidata已有中文名","边界状态":"可绘制","边界文件":"泰国_ADM2_县区边界.geojson","边界要素ID":"TH3021","边界坐标系":"WGS84 / EPSG:4326","边界数据时点":"2019-02-21","Google原生边界支持":"泰国不支持ADM2","Google地图绘制方式":"加载本GeoJSON到Google Maps Data图层","边界来源":"RTSD/OCHA衍生简化边界（canonical package）"},"geometry":{"type":"Polygon","coordinates":[[[101.67870327400004,14.693124814000043],[101.61820148400005,14.713385862000052],[101.44856781000004,14.902157604000024],[101.45015668300005,14.857215820000022],[101.28091246900004,14.726229594000074],[101.19894691400003,14.755928070000039],[101.21581990800007,14.590527120000047],[101.18144376700008,14.547400271000072],[101.24283172200006,14.471104316000037],[101.27260843500005,14.51248234600007],[101.42220888000008,14.383705732000067],[101.43230425900003,14.389491131000057],[101.43691023400004,14.446279134000065],[101.62278523200007,14.42772321800004],[101.64575352000008,14.485776625000028],[101.71660105800004,14.455367241000033],[101.73895977100005,14.498196147000044],[101.68923895300009,14.572650794000026],[101.73233027200007,14.644260046000056],[101.70790801300006,14.685369887000036],[101.67870327400004,14.693124814000043]]]}},{"type":"Feature","id":"TH3805","properties":{"国家代码":"TH","行政层级":2,"行政层级中文":"县/曼谷区","行政区代码":"3805","上级行政区代码":"38","中文名称":"巴卡县","泰文名称":"ปากคาด","英文名称":"Pak Khat","中文显示名":"巴卡县","中文名状态":"Wikidata已有中文名","边界状态":"可绘制","边界文件":"泰国_ADM2_县区边界.geojson","边界要素ID":"TH3805","边界坐标系":"WGS84 / EPSG:4326","边界数据时点":"2019-02-21","Google原生边界支持":"泰国不支持ADM2","Google地图绘制方式":"加载本GeoJSON到Google Maps Data图层","边界来源":"RTSD/OCHA衍生简化边界（canonical package）"},"geometry":{"type":"Polygon","coordinates":[[[103.40004637500004,18.28107635600003],[103.30824168300006,18.37893858800004],[103.32705318700005,18.434135260000062],[103.24391095800007,18.368351353000037],[103.29858912300006,18.305247632000032],[103.27100699500005,18.235445654000046],[103.36638776100006,18.164330981000035],[103.43948822700008,18.204797704000043],[103.40004637500004,18.28107635600003]]]}},{"type":"Feature","id":"TH1206","properties":{"国家代码":"TH","行政层级":2,"行政层级中文":"县/曼谷区","行政区代码":"1206","上级行政区代码":"12","中文名称":"巴革县","泰文名称":"ปากเกร็ด","英文名称":"Pak Kret","中文显示名":"巴革县","中文名状态":"Wikidata已有中文名","边界状态":"可绘制","边界文件":"泰国_ADM2_县区边界.geojson","边界要素ID":"TH1206","边界坐标系":"WGS84 / EPSG:4326","边界数据时点":"2019-02-21","Google原生边界支持":"泰国不支持ADM2","Google地图绘制方式":"加载本GeoJSON到Google Maps Data图层","边界来源":"RTSD/OCHA衍生简化边界（canonical package）"},"geometry":{"type":"Polygon","coordinates":[[[100.46226204000004,13.97165383500004],[100.38049918000007,13.988812153000026],[100.45076997000007,13.948202210000034],[100.44963300400008,13.889118015000065],[100.55028518200004,13.877585603000057],[100.55889311700008,13.914457016000028],[100.56754835800007,13.951203277000047],[100.46226204000004,13.97165383500004]]]}},{"type":"Feature","id":"TH8012","properties":{"国家代码":"TH","行政层级":2,"行政层级中文":"县/曼谷区","行政区代码":"8012","上级行政区代码":"80","中文名称":"巴帕南县","泰文名称":"ปากพนัง","英文名称":"Pak Phanang","中文显示名":"巴帕南县","中文名状态":"Wikidata已有中文名","边界状态":"可绘制","边界文件":"泰国_ADM2_县区边界.geojson","边界要素ID":"TH8012","边界坐标系":"WGS84 / EPSG:4326","边界数据时点":"2019-02-21","Google原生边界支持":"泰国不支持ADM2","Google地图绘制方式":"加载本GeoJSON到Google Maps Data图层","边界来源":"RTSD/OCHA衍生简化边界（canonical package）"},"geometry":{"type":"Polygon","coordinates":[[[100.29510186400006,8.171257859000036],[100.22264005900007,8.422703052000031],[100.16796290900004,8.50379051300007],[100.17330442600007,8.388087235000057],[100.08897933000009,8.414544368000065],[100.01905207300007,8.248139490000028],[100.07753007000008,8.225283625000031],[100.17460054700007,8.22935157300003],[100.25775920200005,8.17780915700007],[100.29510186400006,8.171257859000036]]]}},{"type":"Feature","id":"TH9306","properties":{"国家代码":"TH","行政层级":2,"行政层级中文":"县/曼谷区","行政区代码":"9306","上级行政区代码":"93","中文名称":"巴帕允县","泰文名称":"ปากพะยูน","英文名称":"Pak Phayun","中文显示名":"巴帕允县","中文名状态":"Wikidata已有中文名","边界状态":"可绘制","边界文件":"泰国_ADM2_县区边界.geojson","边界要素ID":"TH9306","边界坐标系":"WGS84 / EPSG:4326","边界数据时点":"2019-02-21","Google原生边界支持":"泰国不支持ADM2","Google地图绘制方式":"加载本GeoJSON到Google Maps Data图层","边界来源":"RTSD/OCHA衍生简化边界（canonical package）"},"geometry":{"type":"Polygon","coordinates":[[[100.40606568400005,7.361804041000028],[100.38646803700004,7.511846887000047],[100.35568193400007,7.5278199140000766],[100.27306896200008,7.496562275000031],[100.27618305600004,7.478396521000036],[100.28163444400008,7.437325329000032],[100.19647123700008,7.382220637000046],[100.25699384700005,7.308631646000038],[100.19792021000006,7.2572683620000475],[100.31673402100006,7.231349110000053],[100.37861960200007,7.301389120000067],[100.40863688100006,7.265361569000049],[100.40606568400005,7.361804041000028]]]}},{"type":"Feature","id":"TH2602","properties":{"国家代码":"TH","行政层级":2,"行政层级中文":"县/曼谷区","行政区代码":"2602","上级行政区代码":"26","中文名称":"北丕县","泰文名称":"ปากพลี","英文名称":"Pak Phli","中文显示名":"北丕县","中文名状态":"Wikidata已有中文名","边界状态":"可绘制","边界文件":"泰国_ADM2_县区边界.geojson","边界要素ID":"TH2602","边界坐标系":"WGS84 / EPSG:4326","边界数据时点":"2019-02-21","Google原生边界支持":"泰国不支持ADM2","Google地图绘制方式":"加载本GeoJSON到Google Maps Data图层","边界来源":"RTSD/OCHA衍生简化边界（canonical package）"},"geometry":{"type":"Polygon","coordinates":[[[101.44086593500003,14.25509334800006],[101.50177978400006,14.269458128000053],[101.49620330900007,14.334109838000074],[101.43230425900003,14.389491131000057],[101.42220888000008,14.383705732000067],[101.33518275600005,14.343719132000047],[101.34392684900007,14.27708382700007],[101.19649786200006,14.136211279000065],[101.20289954200007,14.042886198000076],[101.27848321400006,14.05484004300007],[101.32123220600005,14.077255618000038],[101.29243730000007,14.153777025000068],[101.44086593500003,14.25509334800006]]]}},{"type":"Feature","id":"TH7008","properties":{"国家代码":"TH","行政层级":2,"行政层级中文":"县/曼谷区","行政区代码":"7008","上级行政区代码":"70","中文名称":"巴陶县","泰文名称":"ปากท่อ","英文名称":"Pak Tho","中文显示名":"巴陶县","中文名状态":"Wikidata已有中文名","边界状态":"可绘制","边界文件":"泰国_ADM2_县区边界.geojson","边界要素ID":"TH7008","边界坐标系":"WGS84 / EPSG:4326","边界数据时点":"2019-02-21","Google原生边界支持":"泰国不支持ADM2","Google地图绘制方式":"加载本GeoJSON到Google Maps Data图层","边界来源":"RTSD/OCHA衍生简化边界（canonical package）"},"geometry":{"type":"Polygon","coordinates":[[[99.83957994500008,13.461868952000032],[99.74674746600004,13.448776037000073],[99.68423183300007,13.502050464000035],[99.58455913500006,13.504197236000039],[99.54153322600007,13.417986107000047],[99.49867200500006,13.30153249500006],[99.52929815300007,13.207145706000063],[99.66429005900005,13.214483844000029],[99.68824370900006,13.300372667000033],[99.75709673500006,13.343409245000032],[99.85595101000007,13.329181510000069],[99.88368261600004,13.416274197000064],[99.83957994500008,13.461868952000032]]]}},{"type":"Feature","id":"TH3014","properties":{"国家代码":"TH","行政层级":2,"行政层级中文":"县/曼谷区","行政区代码":"3014","上级行政区代码":"30","中文名称":"巴通猜县","泰文名称":"ปักธงชัย","英文名称":"Pak Thong Chai","中文显示名":"巴通猜县","中文名状态":"Wikidata已有中文名","边界状态":"可绘制","边界文件":"泰国_ADM2_县区边界.geojson","边界要素ID":"TH3014","边界坐标系":"WGS84 / EPSG:4326","边界数据时点":"2019-02-21","Google原生边界支持":"泰国不支持ADM2","Google地图绘制方式":"加载本GeoJSON到Google Maps Data图层","边界来源":"RTSD/OCHA衍生简化边界（canonical package）"},"geometry":{"type":"Polygon","coordinates":[[[102.10650982700008,14.791351520000035],[102.05090134100004,14.84142736800004],[101.96838141800004,14.822995040000023],[101.91314331500007,14.732856010000035],[101.83612039600007,14.687297224000076],[101.74781155300008,14.731762901000025],[101.70790801300006,14.685369887000036],[101.73233027200007,14.644260046000056],[101.78715111000008,14.608526849000043],[101.76442005200005,14.51824901200007],[101.87379178200007,14.49996483700005],[101.99543023000007,14.583403372000078],[102.04732133500005,14.545312240000044],[102.13110154300006,14.639915644000041],[102.10650982700008,14.791351520000035]]]}},{"type":"Feature","id":"TH3112","properties":{"国家代码":"TH","行政层级":2,"行政层级中文":"县/曼谷区","行政区代码":"3112","上级行政区代码":"31","中文名称":"巴堪县","泰文名称":"ปะคำ","英文名称":"Pakham","中文显示名":"巴堪县","中文名状态":"Wikidata已有中文名","边界状态":"可绘制","边界文件":"泰国_ADM2_县区边界.geojson","边界要素ID":"TH3112","边界坐标系":"WGS84 / EPSG:4326","边界数据时点":"2019-02-21","Google原生边界支持":"泰国不支持ADM2","Google地图绘制方式":"加载本GeoJSON到Google Maps Data图层","边界来源":"RTSD/OCHA衍生简化边界（canonical package）"},"geometry":{"type":"Polygon","coordinates":[[[102.76704737000006,14.461128357000064],[102.73777537000007,14.496248164000065],[102.63741805000006,14.496460329000058],[102.61059848800005,14.494087109000077],[102.56294269800009,14.375135356000044],[102.60266133600004,14.32251711300006],[102.68629543300005,14.299173804000077],[102.74857358700007,14.377391740000064],[102.76704737000006,14.461128357000064]]]}},{"type":"Feature","id":"TH9204","properties":{"国家代码":"TH","行政层级":2,"行政层级中文":"县/曼谷区","行政区代码":"9204","上级行政区代码":"92","中文名称":"巴莲县","泰文名称":"ปะเหลียน","英文名称":"Palian","中文显示名":"巴莲县","中文名状态":"Wikidata已有中文名","边界状态":"可绘制","边界文件":"泰国_ADM2_县区边界.geojson","边界要素ID":"TH9204","边界坐标系":"WGS84 / EPSG:4326","边界数据时点":"2019-02-21","Google原生边界支持":"泰国不支持ADM2","Google地图绘制方式":"加载本GeoJSON到Google Maps Data图层","边界来源":"RTSD/OCHA衍生简化边界（canonical package）"},"geometry":{"type":"Polygon","coordinates":[[[99.90384392200008,7.3471812780000505],[99.81165745900006,7.376539140000034],[99.77344402000006,7.337032646000068],[99.69730850600007,7.372210073000076],[99.58071182200007,7.3615131300000485],[99.56801660600007,7.321111064000036],[99.64168866500006,7.2795328350000545],[99.61280830600003,7.2107925520000435],[99.64159856800006,7.16576010600005],[99.66887910700007,7.113962397000023],[99.73933561800004,7.131864303000043],[99.83126926700004,7.138032037000073],[99.94856212600007,7.203698755000062],[99.93986396200006,7.313511952000056],[99.90384392200008,7.3471812780000505]]]}},{"type":"Feature","id":"TH9404","properties":{"国家代码":"TH","行政层级":2,"行政层级中文":"县/曼谷区","行政区代码":"9404","上级行政区代码":"94","中文名称":"巴那历县","泰文名称":"ปะนาเระ","英文名称":"Panare","中文显示名":"巴那历县","中文名状态":"Wikidata已有中文名","边界状态":"可绘制","边界文件":"泰国_ADM2_县区边界.geojson","边界要素ID":"TH9404","边界坐标系":"WGS84 / EPSG:4326","边界数据时点":"2019-02-21","Google原生边界支持":"泰国不支持ADM2","Google地图绘制方式":"加载本GeoJSON到Google Maps Data图层","边界来源":"RTSD/OCHA衍生简化边界（canonical package）"},"geometry":{"type":"Polygon","coordinates":[[[101.59532410800006,6.781710246000046],[101.55759332000008,6.845412225000075],[101.45664238700004,6.88279170900006],[101.46143422200004,6.7738206800000285],[101.50123982900004,6.733949216000042],[101.59532410800006,6.781710246000046]]]}},{"type":"Feature","id":"TH5807","properties":{"国家代码":"TH","行政层级":2,"行政层级中文":"县/曼谷区","行政区代码":"5807","上级行政区代码":"58","中文名称":"邦玛帕县","泰文名称":"ปางมะผ้า","英文名称":"Pang Mapha","中文显示名":"邦玛帕县","中文名状态":"Wikidata已有中文名","边界状态":"可绘制","边界文件":"泰国_ADM2_县区边界.geojson","边界要素ID":"TH5807","边界坐标系":"WGS84 / EPSG:4326","边界数据时点":"2019-02-21","Google原生边界支持":"泰国不支持ADM2","Google地图绘制方式":"加载本GeoJSON到Google Maps Data图层","边界来源":"RTSD/OCHA衍生简化边界（canonical package）"},"geometry":{"type":"Polygon","coordinates":[[[98.30861968600004,19.688032575000022],[98.08277519000006,19.81040617800005],[98.03400271800007,19.803439081000022],[98.02675772400005,19.637761493000028],[98.12670600600006,19.512301110000067],[98.11235262300005,19.389980604000073],[98.15549473000004,19.369483457000058],[98.33931180500008,19.39830287500007],[98.31380005900007,19.42149258200004],[98.38116917500008,19.593412166000064],[98.30861968600004,19.688032575000022]]]}},{"type":"Feature","id":"TH6209","properties":{"国家代码":"TH","行政层级":2,"行政层级中文":"县/曼谷区","行政区代码":"6209","上级行政区代码":"62","中文名称":"邦是叻通县","泰文名称":"ปางศิลาทอง","英文名称":"Pang Sila Thong","中文显示名":"邦是叻通县","中文名状态":"Wikidata已有中文名","边界状态":"可绘制","边界文件":"泰国_ADM2_县区边界.geojson","边界要素ID":"TH6209","边界坐标系":"WGS84 / EPSG:4326","边界数据时点":"2019-02-21","Google原生边界支持":"泰国不支持ADM2","Google地图绘制方式":"加载本GeoJSON到Google Maps Data图层","边界来源":"RTSD/OCHA衍生简化边界（canonical package）"},"geometry":{"type":"Polygon","coordinates":[[[99.49097104000003,16.159450568000068],[99.42240484700005,16.146357229000046],[99.45723227700006,16.107064888000025],[99.39612332500008,16.064642633000062],[99.24597862300004,16.03245295800002],[99.16365775500003,16.108459518000075],[99.10840386700005,16.085286430000053],[99.08612096900004,15.884496026000022],[99.22066950700008,15.944399066000074],[99.29221785900006,15.893306619000043],[99.34880060700004,15.922756179000032],[99.41365762900006,16.016249611000035],[99.50493320800007,16.044811312000036],[99.57639900400005,16.123527542000033],[99.65106557900003,16.129086847000053],[99.66137466900005,16.153927861000057],[99.49097104000003,16.159450568000068]]]}},{"type":"Feature","id":"TH8603","properties":{"国家代码":"TH","行政层级":2,"行政层级中文":"县/曼谷区","行政区代码":"8603","上级行政区代码":"86","中文名称":"巴挑县","泰文名称":"ปะทิว","英文名称":"Pathio","中文显示名":"巴挑县","中文名状态":"Wikidata已有中文名","边界状态":"可绘制","边界文件":"泰国_ADM2_县区边界.geojson","边界要素ID":"TH8603","边界坐标系":"WGS84 / EPSG:4326","边界数据时点":"2019-02-21","Google原生边界支持":"泰国不支持ADM2","Google地图绘制方式":"加载本GeoJSON到Google Maps Data图层","边界来源":"RTSD/OCHA衍生简化边界（canonical package）"},"geometry":{"type":"Polygon","coordinates":[[[99.50256046200008,10.991796295000029],[99.40692531200006,10.954766665000022],[99.25849291200007,10.96535085100004],[99.27600977500003,10.843411283000023],[99.22675890900007,10.79827619100007],[99.24001198000008,10.65071608200003],[99.20326760200004,10.57874365400005],[99.27771004800007,10.551991992000069],[99.31563318600007,10.664596109000058],[99.35896645900004,10.675419242000032],[99.44118120400003,10.871542720000036],[99.51936463500004,10.89565507900005],[99.50256046200008,10.991796295000029]]]}},{"type":"Feature","id":"TH4503","properties":{"国家代码":"TH","行政层级":2,"行政层级中文":"县/曼谷区","行政区代码":"4503","上级行政区代码":"45","中文名称":"巴吞拉县","泰文名称":"ปทุมรัตต์","英文名称":"Pathum Rat","中文显示名":"巴吞拉县","中文名状态":"Wikidata已有中文名","边界状态":"可绘制","边界文件":"泰国_ADM2_县区边界.geojson","边界要素ID":"TH4503","边界坐标系":"WGS84 / EPSG:4326","边界数据时点":"2019-02-21","Google原生边界支持":"泰国不支持ADM2","Google地图绘制方式":"加载本GeoJSON到Google Maps Data图层","边界来源":"RTSD/OCHA衍生简化边界（canonical package）"},"geometry":{"type":"Polygon","coordinates":[[[103.41310235300006,15.712489812000058],[103.34459867000004,15.717143891000035],[103.26711721900006,15.649621683000078],[103.30228672100009,15.562821117000055],[103.41740395200009,15.536738756000034],[103.48707941200007,15.59362746000005],[103.49444127100008,15.669126384000037],[103.41310235300006,15.712489812000058]]]}},{"type":"Feature","id":"TH3703","properties":{"国家代码":"TH","行政层级":2,"行政层级中文":"县/曼谷区","行政区代码":"3703","上级行政区代码":"37","中文名称":"巴通叻差旺县","泰文名称":"ปทุมราชวงศา","英文名称":"Pathum Ratchawongsa","中文显示名":"巴通叻差旺县","中文名状态":"Wikidata已有中文名","边界状态":"可绘制","边界文件":"泰国_ADM2_县区边界.geojson","边界要素ID":"TH3703","边界坐标系":"WGS84 / EPSG:4326","边界数据时点":"2019-02-21","Google原生边界支持":"泰国不支持ADM2","Google地图绘制方式":"加载本GeoJSON到Google Maps Data图层","边界来源":"RTSD/OCHA衍生简化边界（canonical package）"},"geometry":{"type":"Polygon","coordinates":[[[105.00993760100005,15.99959560700006],[104.81836996500004,16.00862573300003],[104.78402757100008,15.96536710600003],[104.82149853300007,15.786249188000056],[104.90395328300008,15.748584701000027],[104.90739223900005,15.761424343000044],[104.95836079200006,15.78907210500006],[105.00420106100006,15.93715320800004],[105.00993760100005,15.99959560700006]]]}},{"type":"Feature","id":"TH1007","properties":{"国家代码":"TH","行政层级":2,"行政层级中文":"县/曼谷区","行政区代码":"1007","上级行政区代码":"10","中文名称":"巴吞旺县","泰文名称":"ปทุมวัน","英文名称":"Pathum Wan","中文显示名":"巴吞旺县","中文名状态":"Wikidata已有中文名","边界状态":"可绘制","边界文件":"泰国_ADM2_县区边界.geojson","边界要素ID":"TH1007","边界坐标系":"WGS84 / EPSG:4326","边界数据时点":"2019-02-21","Google原生边界支持":"泰国不支持ADM2","Google地图绘制方式":"加载本GeoJSON到Google Maps Data图层","边界来源":"RTSD/OCHA衍生简化边界（canonical package）"},"geometry":{"type":"Polygon","coordinates":[[[100.51916671800006,13.752732672000036],[100.51737146000005,13.753099860000077],[100.51568779700006,13.738046738000037],[100.54474537400006,13.72616625300003],[100.55291228900006,13.722771623000028],[100.55069532700008,13.742848937000076],[100.55007543800008,13.748403346000032],[100.51916671800006,13.752732672000036]]]}},{"type":"Feature","id":"TH4212","properties":{"国家代码":"TH","行政层级":2,"行政层级中文":"县/曼谷区","行政区代码":"4212","上级行政区代码":"42","中文名称":"帕告县","泰文名称":"ผาขาว","英文名称":"Pha Khao","中文显示名":"帕告县","中文名状态":"Wikidata已有中文名","边界状态":"可绘制","边界文件":"泰国_ADM2_县区边界.geojson","边界要素ID":"TH4212","边界坐标系":"WGS84 / EPSG:4326","边界数据时点":"2019-02-21","Google原生边界支持":"泰国不支持ADM2","Google地图绘制方式":"加载本GeoJSON到Google Maps Data图层","边界来源":"RTSD/OCHA衍生简化边界（canonical package）"},"geometry":{"type":"Polygon","coordinates":[[[102.03505159700006,17.149273652000034],[101.98189076200003,17.154254949000062],[101.90976144000007,17.135308421000047],[101.92237804200005,16.99294154200004],[102.02921120600007,16.950674611000068],[102.15172065400009,17.031781650000028],[102.03505159700006,17.149273652000034]]]}},{"type":"Feature","id":"TH1409","properties":{"国家代码":"TH","行政层级":2,"行政层级中文":"县/曼谷区","行政区代码":"1409","上级行政区代码":"14","中文名称":"帕栖县","泰文名称":"ภาชี","英文名称":"Phachi","中文显示名":"帕栖县","中文名状态":"Wikidata已有中文名","边界状态":"可绘制","边界文件":"泰国_ADM2_县区边界.geojson","边界要素ID":"TH1409","边界坐标系":"WGS84 / EPSG:4326","边界数据时点":"2019-02-21","Google原生边界支持":"泰国不支持ADM2","Google地图绘制方式":"加载本GeoJSON到Google Maps Data图层","边界来源":"RTSD/OCHA衍生简化边界（canonical package）"},"geometry":{"type":"Polygon","coordinates":[[[100.76430784600007,14.494022060000077],[100.68737385400004,14.494989823000026],[100.66018661900006,14.41602944400006],[100.78677699600007,14.370244253000067],[100.77236061700006,14.434628474000021],[100.76430784600007,14.494022060000077]]]}},{"type":"Feature","id":"TH6009","properties":{"国家代码":"TH","行政层级":2,"行政层级中文":"县/曼谷区","行政区代码":"6009","上级行政区代码":"60","中文名称":"派沙利县","泰文名称":"ไพศาลี","英文名称":"Phaisali","中文显示名":"派沙利县","中文名状态":"Wikidata已有中文名","边界状态":"可绘制","边界文件":"泰国_ADM2_县区边界.geojson","边界要素ID":"TH6009","边界坐标系":"WGS84 / EPSG:4326","边界数据时点":"2019-02-21","Google原生边界支持":"泰国不支持ADM2","Google地图绘制方式":"加载本GeoJSON到Google Maps Data图层","边界来源":"RTSD/OCHA衍生简化边界（canonical package）"},"geometry":{"type":"Polygon","coordinates":[[[100.81262041900004,15.780968527000027],[100.64336222100007,15.772359366000046],[100.61792490000005,15.740602291000073],[100.55639088200007,15.647412468000027],[100.57719374100009,15.543972548000056],[100.51301534700008,15.406678201000034],[100.58251347300006,15.397505808000062],[100.62988225800007,15.34039412900006],[100.69048133000007,15.446337925000023],[100.77182251100004,15.464885069000047],[100.74598784700004,15.513287969000032],[100.83096617000007,15.56263414800003],[100.81852095600004,15.713012298000024],[100.81262041900004,15.780968527000027]]]}},{"type":"Feature","id":"TH1408","properties":{"国家代码":"TH","行政层级":2,"行政层级中文":"县/曼谷区","行政区代码":"1408","上级行政区代码":"14","中文名称":"帕海县","泰文名称":"ผักไห่","英文名称":"Phak Hai","中文显示名":"帕海县","中文名状态":"Wikidata已有中文名","边界状态":"可绘制","边界文件":"泰国_ADM2_县区边界.geojson","边界要素ID":"TH1408","边界坐标系":"WGS84 / EPSG:4326","边界数据时点":"2019-02-21","Google原生边界支持":"泰国不支持ADM2","Google地图绘制方式":"加载本GeoJSON到Google Maps Data图层","边界来源":"RTSD/OCHA衍生简化边界（canonical package）"},"geometry":{"type":"Polygon","coordinates":[[[100.39953357300004,14.507346748000032],[100.25314556100005,14.48286126100004],[100.24611592000008,14.453801830000032],[100.27347966600007,14.407166232000066],[100.37103554500004,14.402456951000033],[100.41628211500006,14.396396025000058],[100.42020840100008,14.447148438000056],[100.39953357300004,14.507346748000032]]]}},{"type":"Feature","id":"TH3614","properties":{"国家代码":"TH","行政层级":2,"行政层级中文":"县/曼谷区","行政区代码":"3614","上级行政区代码":"36","中文名称":"帕滴春蓬县","泰文名称":"ภักดีชุมพล","英文名称":"Phakdi Chumphon","中文显示名":"帕滴春蓬县","中文名状态":"Wikidata已有中文名","边界状态":"可绘制","边界文件":"泰国_ADM2_县区边界.geojson","边界要素ID":"TH3614","边界坐标系":"WGS84 / EPSG:4326","边界数据时点":"2019-02-21","Google原生边界支持":"泰国不支持ADM2","Google地图绘制方式":"加载本GeoJSON到Google Maps Data图层","边界来源":"RTSD/OCHA衍生简化边界（canonical package）"},"geometry":{"type":"Polygon","coordinates":[[[101.37720956200008,16.185362330000032],[101.33363849500006,16.09345055400007],[101.36497552600008,16.075004079000053],[101.36425765200005,15.930975459000024],[101.32669867100009,15.851395489000026],[101.33632334300006,15.75302154600007],[101.40442895400008,15.739287339000043],[101.45434670000009,15.888089902000047],[101.49263226900007,15.969158905000029],[101.55017136000004,15.950787837000064],[101.46251052100007,16.125030882000033],[101.37720956200008,16.185362330000032]]]}},{"type":"Feature","id":"TH5705","properties":{"国家代码":"TH","行政层级":2,"行政层级中文":"县/曼谷区","行政区代码":"5705","上级行政区代码":"57","中文名称":"潘县","泰文名称":"พาน","英文名称":"Phan","中文显示名":"潘县","中文名状态":"Wikidata已有中文名","边界状态":"可绘制","边界文件":"泰国_ADM2_县区边界.geojson","边界要素ID":"TH5705","边界坐标系":"WGS84 / EPSG:4326","边界数据时点":"2019-02-21","Google原生边界支持":"泰国不支持ADM2","Google地图绘制方式":"加载本GeoJSON到Google Maps Data图层","边界来源":"RTSD/OCHA衍生简化边界（canonical package）"},"geometry":{"type":"Polygon","coordinates":[[[99.80639663100004,19.726806441000065],[99.64512786700004,19.696862285000066],[99.64724639200006,19.60617463400007],[99.58254564100008,19.473729481000078],[99.56537606200004,19.417657702000042],[99.69361542700005,19.382684187000052],[99.68294610100008,19.422321993000025],[99.78677532300009,19.451028993000023],[99.91444196100008,19.432455222000044],[99.90540239200004,19.572508524000057],[99.92654598600006,19.623206699000036],[99.80639663100004,19.726806441000065]]]}},{"type":"Feature","id":"TH2005","properties":{"国家代码":"TH","行政层级":2,"行政层级中文":"县/曼谷区","行政区代码":"2005","上级行政区代码":"20","中文名称":"攀通县","泰文名称":"พานทอง","英文名称":"Phan Thong","中文显示名":"攀通县","中文名状态":"Wikidata已有中文名","边界状态":"可绘制","边界文件":"泰国_ADM2_县区边界.geojson","边界要素ID":"TH2005","边界坐标系":"WGS84 / EPSG:4326","边界数据时点":"2019-02-21","Google原生边界支持":"泰国不支持ADM2","Google地图绘制方式":"加载本GeoJSON到Google Maps Data图层","边界来源":"RTSD/OCHA衍生简化边界（canonical package）"},"geometry":{"type":"Polygon","coordinates":[[[101.11846537100007,13.564885523000044],[101.04066039300005,13.551108637000027],[101.00850430600008,13.460414069000024],[101.07725166400007,13.444709769000042],[101.06412104800006,13.390018184000041],[101.13565825500007,13.376050168000063],[101.11846537100007,13.564885523000044]]]}},{"type":"Feature","id":"TH3704","properties":{"国家代码":"TH","行政层级":2,"行政层级中文":"县/曼谷区","行政区代码":"3704","上级行政区代码":"37","中文名称":"帕纳县","泰文名称":"พนา","英文名称":"Phana","中文显示名":"帕纳县","中文名状态":"Wikidata已有中文名","边界状态":"可绘制","边界文件":"泰国_ADM2_县区边界.geojson","边界要素ID":"TH3704","边界坐标系":"WGS84 / EPSG:4326","边界数据时点":"2019-02-21","Google原生边界支持":"泰国不支持ADM2","Google地图绘制方式":"加载本GeoJSON到Google Maps Data图层","边界来源":"RTSD/OCHA衍生简化边界（canonical package）"},"geometry":{"type":"Polygon","coordinates":[[[104.90395328300008,15.748584701000027],[104.82149853300007,15.786249188000056],[104.77637890300008,15.733692805000032],[104.80754981400008,15.603687571000023],[104.86981367500005,15.538341982000077],[104.88754400700009,15.545026620000044],[104.93314208500004,15.640393321000033],[104.89493616000004,15.65352426800007],[104.90395328300008,15.748584701000027]]]}},{"type":"Feature","id":"TH2006","properties":{"国家代码":"TH","行政层级":2,"行政层级中文":"县/曼谷区","行政区代码":"2006","上级行政区代码":"20","中文名称":"帕那尼空县","泰文名称":"พนัสนิคม","英文名称":"Phanat Nikhom","中文显示名":"帕那尼空县","中文名状态":"Wikidata已有中文名","边界状态":"可绘制","边界文件":"泰国_ADM2_县区边界.geojson","边界要素ID":"TH2006","边界坐标系":"WGS84 / EPSG:4326","边界数据时点":"2019-02-21","Google原生边界支持":"泰国不支持ADM2","Google地图绘制方式":"加载本GeoJSON到Google Maps Data图层","边界来源":"RTSD/OCHA衍生简化边界（canonical package）"},"geometry":{"type":"Polygon","coordinates":[[[101.24611993000008,13.569914478000044],[101.11846537100007,13.564885523000044],[101.13565825500007,13.376050168000063],[101.26677474600007,13.313830061000033],[101.28082290600008,13.348302700000033],[101.27108381700003,13.417208517000063],[101.36691785300007,13.463661057000024],[101.24611993000008,13.569914478000044]]]}},{"type":"Feature","id":"TH4705","properties":{"国家代码":"TH","行政层级":2,"行政层级中文":"县/曼谷区","行政区代码":"4705","上级行政区代码":"47","中文名称":"庞空县","泰文名称":"พังโคน","英文名称":"Phanh Khon","中文显示名":"庞空县","中文名状态":"Wikidata已有中文名","边界状态":"可绘制","边界文件":"泰国_ADM2_县区边界.geojson","边界要素ID":"TH4705","边界坐标系":"WGS84 / EPSG:4326","边界数据时点":"2019-02-21","Google原生边界支持":"泰国不支持ADM2","Google地图绘制方式":"加载本GeoJSON到Google Maps Data图层","边界来源":"RTSD/OCHA衍生简化边界（canonical package）"},"geometry":{"type":"Polygon","coordinates":[[[103.85722902000003,17.465376623000054],[103.66565890100009,17.434710289000066],[103.64028445900004,17.366147898000065],[103.71524885300005,17.340359155000044],[103.72943416700008,17.26024301500007],[103.78334947200005,17.29631262600003],[103.77272629100008,17.357304576000047],[103.85412753700007,17.37221610900002],[103.85722902000003,17.465376623000054]]]}},{"type":"Feature","id":"TH4704","properties":{"国家代码":"TH","行政层级":2,"行政层级中文":"县/曼谷区","行政区代码":"4704","上级行政区代码":"47","中文名称":"攀那尼空县","泰文名称":"พรรณานิคม","英文名称":"Phanna Nikhom","中文显示名":"攀那尼空县","中文名状态":"Wikidata已有中文名","边界状态":"可绘制","边界文件":"泰国_ADM2_县区边界.geojson","边界要素ID":"TH4704","边界坐标系":"WGS84 / EPSG:4326","边界数据时点":"2019-02-21","Google原生边界支持":"泰国不支持ADM2","Google地图绘制方式":"加载本GeoJSON到Google Maps Data图层","边界来源":"RTSD/OCHA衍生简化边界（canonical package）"},"geometry":{"type":"Polygon","coordinates":[[[104.01574161500008,17.46211291900005],[103.87612133300007,17.46523127300003],[103.85722902000003,17.465376623000054],[103.85412753700007,17.37221610900002],[103.77272629100008,17.357304576000047],[103.78334947200005,17.29631262600003],[103.72943416700008,17.26024301500007],[103.71689846600003,17.239527242000065],[103.85961716700007,17.15567089900003],[103.91482687300004,17.169463939000025],[103.96790765300005,17.21128406300005],[103.98223203600008,17.30991917500006],[104.06281397700008,17.388874632000068],[104.01574161500008,17.46211291900005]]]}},{"type":"Feature","id":"TH8410","properties":{"国家代码":"TH","行政层级":2,"行政层级中文":"县/曼谷区","行政区代码":"8410","上级行政区代码":"84","中文名称":"帕侬县","泰文名称":"พนม","英文名称":"Phanom","中文显示名":"帕侬县","中文名状态":"Wikidata已有中文名","边界状态":"可绘制","边界文件":"泰国_ADM2_县区边界.geojson","边界要素ID":"TH8410","边界坐标系":"WGS84 / EPSG:4326","边界数据时点":"2019-02-21","Google原生边界支持":"泰国不支持ADM2","Google地图绘制方式":"加载本GeoJSON到Google Maps Data图层","边界来源":"RTSD/OCHA衍生简化边界（canonical package）"},"geometry":{"type":"Polygon","coordinates":[[[98.50576182000003,8.983124392000036],[98.44309888900005,8.945222037000065],[98.44599597900003,8.89525517800007],[98.50694317600005,8.878978482000036],[98.59870699100009,8.796834490000037],[98.59479828200006,8.71261695100003],[98.53694575400004,8.660817648000034],[98.60431786100008,8.625686161000033],[98.70343810700007,8.631978692000075],[98.88797645400007,8.681336976000068],[98.89751559800004,8.717670568000074],[98.91055923100004,8.784373612000024],[98.92024257800006,8.871982641000045],[98.78220495000005,8.894907012000033],[98.66990566500004,8.958490893000032],[98.61399473100005,8.933674995000047],[98.50576182000003,8.983124392000036]]]}},{"type":"Feature","id":"TH3214","properties":{"国家代码":"TH","行政层级":2,"行政层级中文":"县/曼谷区","行政区代码":"3214","上级行政区代码":"32","中文名称":"帕农东拉县","泰文名称":"พนมดงรัก","英文名称":"Phanom Dong Rak","中文显示名":"帕农东拉县","中文名状态":"Wikidata已有中文名","边界状态":"可绘制","边界文件":"泰国_ADM2_县区边界.geojson","边界要素ID":"TH3214","边界坐标系":"WGS84 / EPSG:4326","边界数据时点":"2019-02-21","Google原生边界支持":"泰国不支持ADM2","Google地图绘制方式":"加载本GeoJSON到Google Maps Data图层","边界来源":"RTSD/OCHA衍生简化边界（canonical package）"},"geometry":{"type":"Polygon","coordinates":[[[103.21140118600005,14.539904368000066],[103.24576413600005,14.433067253000047],[103.22619930000008,14.326709882000046],[103.40982591600005,14.369403599000066],[103.38746509100008,14.483246866000059],[103.27866782000007,14.499572722000039],[103.21140118600005,14.539904368000066]]]}},{"type":"Feature","id":"TH4506","properties":{"国家代码":"TH","行政层级":2,"行政层级中文":"县/曼谷区","行政区代码":"4506","上级行政区代码":"45","中文名称":"帕农派县","泰文名称":"พนมไพร","英文名称":"Phanom Phrai","中文显示名":"帕农派县","中文名状态":"Wikidata已有中文名","边界状态":"可绘制","边界文件":"泰国_ADM2_县区边界.geojson","边界要素ID":"TH4506","边界坐标系":"WGS84 / EPSG:4326","边界数据时点":"2019-02-21","Google原生边界支持":"泰国不支持ADM2","Google地图绘制方式":"加载本GeoJSON到Google Maps Data图层","边界来源":"RTSD/OCHA衍生简化边界（canonical package）"},"geometry":{"type":"Polygon","coordinates":[[[104.16826576700004,15.675159010000073],[104.13001453500004,15.697165485000028],[104.13185278500004,15.801396757000077],[104.00264981200007,15.802476929000022],[103.99200524500009,15.810371349000036],[103.94281007700005,15.70509194400006],[103.96709900800005,15.642419319000055],[104.03989535500006,15.656726438000078],[104.08552934900007,15.550517764000062],[104.12173508800004,15.563130354000066],[104.20945809500006,15.608959412000047],[104.16826576700004,15.675159010000073]]]}},{"type":"Feature","id":"TH2406","properties":{"国家代码":"TH","行政层级":2,"行政层级中文":"县/曼谷区","行政区代码":"2406","上级行政区代码":"24","中文名称":"帕农沙拉堪县","泰文名称":"พนมสารคาม","英文名称":"Phanom Sarakham","中文显示名":"帕农沙拉堪县","中文名状态":"Wikidata已有中文名","边界状态":"可绘制","边界文件":"泰国_ADM2_县区边界.geojson","边界要素ID":"TH2406","边界坐标系":"WGS84 / EPSG:4326","边界数据时点":"2019-02-21","Google原生边界支持":"泰国不支持ADM2","Google地图绘制方式":"加载本GeoJSON到Google Maps Data图层","边界来源":"RTSD/OCHA衍生简化边界（canonical package）"},"geometry":{"type":"Polygon","coordinates":[[[101.38088706800005,13.849410072000069],[101.33618988900008,13.861118066000074],[101.28187443000007,13.664424945000064],[101.39574319900004,13.609282667000059],[101.44466129000006,13.690972917000067],[101.52616007900008,13.675427113000069],[101.59132403100006,13.736729442000069],[101.53891094800008,13.785488290000046],[101.38088706800005,13.849410072000069]]]}},{"type":"Feature","id":"TH7109","properties":{"国家代码":"TH","行政层级":2,"行政层级中文":"县/曼谷区","行政区代码":"7109","上级行政区代码":"71","中文名称":"帕侬吞县","泰文名称":"พนมทวน","英文名称":"Phanom Thuan","中文显示名":"帕侬吞县","中文名状态":"Wikidata已有中文名","边界状态":"可绘制","边界文件":"泰国_ADM2_县区边界.geojson","边界要素ID":"TH7109","边界坐标系":"WGS84 / EPSG:4326","边界数据时点":"2019-02-21","Google原生边界支持":"泰国不支持ADM2","Google地图绘制方式":"加载本GeoJSON到Google Maps Data图层","边界来源":"RTSD/OCHA衍生简化边界（canonical package）"},"geometry":{"type":"Polygon","coordinates":[[[99.82852159500004,14.275251739000055],[99.73025442600004,14.240263853000044],[99.58223208800007,14.242373719000057],[99.56561035900006,14.128642099000047],[99.57191375000008,14.100818491000041],[99.61518141400006,14.106259170000044],[99.69838424200003,14.023099219000073],[99.77221318000005,14.094012947000067],[99.81290715700004,14.228791614000045],[99.82852159500004,14.275251739000055]]]}},{"type":"Feature","id":"TH1022","properties":{"国家代码":"TH","行政层级":2,"行政层级中文":"县/曼谷区","行政区代码":"1022","上级行政区代码":"10","中文名称":"帕世乍能县","泰文名称":"ภาษีเจริญ","英文名称":"Phasi Charoen","中文显示名":"帕世乍能县","中文名状态":"Wikidata已有中文名","边界状态":"可绘制","边界文件":"泰国_ADM2_县区边界.geojson","边界要素ID":"TH1022","边界坐标系":"WGS84 / EPSG:4326","边界数据时点":"2019-02-21","Google原生边界支持":"泰国不支持ADM2","Google地图绘制方式":"加载本GeoJSON到Google Maps Data图层","边界来源":"RTSD/OCHA衍生简化边界（canonical package）"},"geometry":{"type":"Polygon","coordinates":[[[100.46205219200004,13.744419748000041],[100.41338956400006,13.74793375400003],[100.42782137100005,13.687613030000023],[100.43773390500007,13.693684476000044],[100.46923467500005,13.715962863000073],[100.47163796800004,13.722443215000055],[100.46205219200004,13.744419748000041]]]}},{"type":"Feature","id":"TH8606","properties":{"国家代码":"TH","行政层级":2,"行政层级中文":"县/曼谷区","行政区代码":"8606","上级行政区代码":"86","中文名称":"帕多县","泰文名称":"พะโต๊ะ","英文名称":"Phato","中文显示名":"帕多县","中文名状态":"Wikidata已有中文名","边界状态":"可绘制","边界文件":"泰国_ADM2_县区边界.geojson","边界要素ID":"TH8606","边界坐标系":"WGS84 / EPSG:4326","边界数据时点":"2019-02-21","Google原生边界支持":"泰国不支持ADM2","Google地图绘制方式":"加载本GeoJSON到Google Maps Data图层","边界来源":"RTSD/OCHA衍生简化边界（canonical package）"},"geometry":{"type":"Polygon","coordinates":[[[98.94639381800005,9.823231767000038],[98.97834268500009,9.896407907000025],[98.88194655500007,10.004830626000057],[98.81396141800008,9.93614941800007],[98.74470896600008,9.915959372000032],[98.63032584400008,9.778433590000077],[98.63937656800005,9.713562482000043],[98.64845841600004,9.661571180000067],[98.73963607700006,9.600876690000064],[98.76887532300003,9.686704101000032],[98.88084765900004,9.729186302000073],[98.88298090600006,9.791199749000043],[98.94639381800005,9.823231767000038]]]}},{"type":"Feature","id":"TH1602","properties":{"国家代码":"TH","行政层级":2,"行政层级中文":"县/曼谷区","行政区代码":"1602","上级行政区代码":"16","中文名称":"帕塔纳尼空县","泰文名称":"พัฒนานิคม","英文名称":"Phatthana Nikhom","中文显示名":"帕塔纳尼空县","中文名状态":"Wikidata已有中文名","边界状态":"可绘制","边界文件":"泰国_ADM2_县区边界.geojson","边界要素ID":"TH1602","边界坐标系":"WGS84 / EPSG:4326","边界数据时点":"2019-02-21","Google原生边界支持":"泰国不支持ADM2","Google地图绘制方式":"加载本GeoJSON到Google Maps Data图层","边界来源":"RTSD/OCHA衍生简化边界（canonical package）"},"geometry":{"type":"Polygon","coordinates":[[[101.04123084100007,15.025294789000043],[100.95797832600005,15.058757359000026],[100.90339445500007,15.039148216000058],[100.82649491200004,14.936296627000047],[100.88913575000004,14.851903396000068],[100.84812840500007,14.797201615000063],[100.94363481200008,14.741983173000051],[100.95947452200005,14.743768713000065],[101.02388084700004,14.809935740000071],[101.06098292100006,14.759725925000055],[101.09706470300006,14.908787693000022],[101.21931341200008,14.919249235000052],[101.33157233100007,14.982754885000077],[101.07232814300005,14.996999383000059],[101.04123084100007,15.025294789000043]]]}},{"type":"Feature","id":"TH5712","properties":{"国家代码":"TH","行政层级":2,"行政层级中文":"县/曼谷区","行政区代码":"5712","上级行政区代码":"57","中文名称":"帕雅门莱县","泰文名称":"พญาเม็งราย","英文名称":"Phaya Mengrai","中文显示名":"帕雅门莱县","中文名状态":"Wikidata已有中文名","边界状态":"可绘制","边界文件":"泰国_ADM2_县区边界.geojson","边界要素ID":"TH5712","边界坐标系":"WGS84 / EPSG:4326","边界数据时点":"2019-02-21","Google原生边界支持":"泰国不支持ADM2","Google地图绘制方式":"加载本GeoJSON到Google Maps Data图层","边界来源":"RTSD/OCHA衍生简化边界（canonical package）"},"geometry":{"type":"Polygon","coordinates":[[[100.25661406000006,19.98802461500003],[100.19992841600003,20.051103839000064],[100.12219822000009,20.00953987200006],[100.09238000000005,19.949006605000022],[100.09876151900005,19.906877792000046],[100.04130986900009,19.74522320600005],[100.15948998700009,19.710220786000036],[100.17358544400008,19.807332177000035],[100.26248204700005,19.915520530000038],[100.25661406000006,19.98802461500003]]]}},{"type":"Feature","id":"TH1014","properties":{"国家代码":"TH","行政层级":2,"行政层级中文":"县/曼谷区","行政区代码":"1014","上级行政区代码":"10","中文名称":"拍耶泰县","泰文名称":"พญาไท","英文名称":"Phaya Thai","中文显示名":"拍耶泰县","中文名状态":"Wikidata已有中文名","边界状态":"可绘制","边界文件":"泰国_ADM2_县区边界.geojson","边界要素ID":"TH1014","边界坐标系":"WGS84 / EPSG:4326","边界数据时点":"2019-02-21","Google原生边界支持":"泰国不支持ADM2","Google地图绘制方式":"加载本GeoJSON到Google Maps Data图层","边界来源":"RTSD/OCHA衍生简化边界（canonical package）"},"geometry":{"type":"Polygon","coordinates":[[[100.56162658600005,13.794959305000077],[100.53742427600008,13.79785442900004],[100.52788649100006,13.774338363000027],[100.54343121400007,13.762715976000038],[100.56162658600005,13.794959305000077]]]}},{"type":"Feature","id":"TH4408","properties":{"国家代码":"TH","行政层级":2,"行政层级中文":"县/曼谷区","行政区代码":"4408","上级行政区代码":"44","中文名称":"帕亚蓬披赛县","泰文名称":"พยัคฆภูมิพิสัย","英文名称":"Phayakkhaphum Phisai","中文显示名":"帕亚蓬披赛县","中文名状态":"Wikidata已有中文名","边界状态":"可绘制","边界文件":"泰国_ADM2_县区边界.geojson","边界要素ID":"TH4408","边界坐标系":"WGS84 / EPSG:4326","边界数据时点":"2019-02-21","Google原生边界支持":"泰国不支持ADM2","Google地图绘制方式":"加载本GeoJSON到Google Maps Data图层","边界来源":"RTSD/OCHA衍生简化边界（canonical package）"},"geometry":{"type":"Polygon","coordinates":[[[103.26711721900006,15.649621683000078],[103.21439559000004,15.655332719000057],[103.13673474800004,15.59665280400003],[103.05281322300004,15.592746606000048],[103.11140379300008,15.481283650000023],[103.34779374000004,15.408958239000071],[103.40326782800008,15.436452529000064],[103.41740395200009,15.536738756000034],[103.30228672100009,15.562821117000055],[103.26711721900006,15.649621683000078]]]}},{"type":"Feature","id":"TH3320","properties":{"国家代码":"TH","行政层级":2,"行政层级中文":"县/曼谷区","行政区代码":"3320","上级行政区代码":"33","中文名称":"帕育县","泰文名称":"พยุห์","英文名称":"Phayu","中文显示名":"帕育县","中文名状态":"Wikidata已有中文名","边界状态":"可绘制","边界文件":"泰国_ADM2_县区边界.geojson","边界要素ID":"TH3320","边界坐标系":"WGS84 / EPSG:4326","边界数据时点":"2019-02-21","Google原生边界支持":"泰国不支持ADM2","Google地图绘制方式":"加载本GeoJSON到Google Maps Data图层","边界来源":"RTSD/OCHA衍生简化边界（canonical package）"},"geometry":{"type":"Polygon","coordinates":[[[104.44620967700007,14.860834607000072],[104.42456704300008,14.97748795800004],[104.30074577700009,14.962955613000076],[104.30057914800005,14.887146132000055],[104.39938989800004,14.83118528600005],[104.44620967700007,14.860834607000072]]]}},{"type":"Feature","id":"TH6010","properties":{"国家代码":"TH","行政层级":2,"行政层级中文":"县/曼谷区","行政区代码":"6010","上级行政区代码":"60","中文名称":"帕育哈奇里县","泰文名称":"พยุหะคีรี","英文名称":"Phayuha Hkiri","中文显示名":"帕育哈奇里县","中文名状态":"Wikidata已有中文名","边界状态":"可绘制","边界文件":"泰国_ADM2_县区边界.geojson","边界要素ID":"TH6010","边界坐标系":"WGS84 / EPSG:4326","边界数据时点":"2019-02-21","Google原生边界支持":"泰国不支持ADM2","Google地图绘制方式":"加载本GeoJSON到Google Maps Data图层","边界来源":"RTSD/OCHA衍生简化边界（canonical package）"},"geometry":{"type":"Polygon","coordinates":[[[100.33849224200009,15.598387366000054],[100.29679062500009,15.56045135100004],[100.26765712300005,15.627137122000022],[100.14128823700008,15.609540329000026],[100.13993927700005,15.572906975000024],[100.03458255600003,15.51039813500006],[100.01302773500004,15.473198661000026],[100.10186987000009,15.417357425000034],[100.21784782000003,15.363384734000022],[100.24592336300003,15.429840744000046],[100.32741264200007,15.454198639000026],[100.41000777100004,15.538301304000072],[100.33849224200009,15.598387366000054]]]}},{"type":"Feature","id":"TH4119","properties":{"国家代码":"TH","行政层级":2,"行政层级中文":"县/曼谷区","行政区代码":"4119","上级行政区代码":"41","中文名称":"彭县","泰文名称":"เพ็ญ","英文名称":"Phen","中文显示名":"彭县","中文名状态":"Wikidata已有中文名","边界状态":"可绘制","边界文件":"泰国_ADM2_县区边界.geojson","边界要素ID":"TH4119","边界坐标系":"WGS84 / EPSG:4326","边界数据时点":"2019-02-21","Google原生边界支持":"泰国不支持ADM2","Google地图绘制方式":"加载本GeoJSON到Google Maps Data图层","边界来源":"RTSD/OCHA衍生简化边界（canonical package）"},"geometry":{"type":"Polygon","coordinates":[[[102.96928710800006,17.823692950000066],[102.88435982900006,17.898208878000048],[102.84416276500008,17.836655750000034],[102.83074508700008,17.69362841800006],[102.79699195100005,17.685889090000046],[102.73154950300005,17.603536193000025],[102.69326517500008,17.57184200000006],[102.89672177600005,17.56418006100006],[102.91425523500004,17.488010291000023],[102.96221879500007,17.47059822500006],[102.99613811300009,17.531668384000056],[103.11652826100004,17.61933536500004],[103.11675591000005,17.695988294000074],[102.95707086400006,17.746491571000035],[102.96928710800006,17.823692950000066]]]}},{"type":"Feature","id":"TH3419","properties":{"国家代码":"TH","行政层级":2,"行政层级中文":"县/曼谷区","行政区代码":"3419","上级行政区代码":"34","中文名称":"披汶芒沙汉县","泰文名称":"พิบูลมังสาหาร","英文名称":"Phibun Mangsahan","中文显示名":"披汶芒沙汉县","中文名状态":"Wikidata已有中文名","边界状态":"可绘制","边界文件":"泰国_ADM2_县区边界.geojson","边界要素ID":"TH3419","边界坐标系":"WGS84 / EPSG:4326","边界数据时点":"2019-02-21","Google原生边界支持":"泰国不支持ADM2","Google地图绘制方式":"加载本GeoJSON到Google Maps Data图层","边界来源":"RTSD/OCHA衍生简化边界（canonical package）"},"geometry":{"type":"Polygon","coordinates":[[[105.34450073800008,15.370926245000078],[105.26119480300008,15.371048324000071],[105.16270094900005,15.30780106700007],[105.17147439200005,15.242365438000036],[105.11716475000009,15.165110163000065],[105.06045944300007,15.182849415000078],[105.06228558200007,15.057040006000022],[105.19017871700004,15.027923810000061],[105.29673203700008,14.953929361000064],[105.37338304000008,14.94069601600006],[105.38502652800008,15.099486442000057],[105.29307602600005,15.182126425000035],[105.28448728800004,15.240859232000048],[105.37071112400008,15.296495742000047],[105.34450073800008,15.370926245000078]]]}},{"type":"Feature","id":"TH4123","properties":{"国家代码":"TH","行政层级":2,"行政层级中文":"县/曼谷区","行政区代码":"4123","上级行政区代码":"41","中文名称":"披汶拉县","泰文名称":"พิบูลย์รักษ์","英文名称":"Phibun Rak","中文显示名":"披汶拉县","中文名状态":"Wikidata已有中文名","边界状态":"可绘制","边界文件":"泰国_ADM2_县区边界.geojson","边界要素ID":"TH4123","边界坐标系":"WGS84 / EPSG:4326","边界数据时点":"2019-02-21","Google原生边界支持":"泰国不支持ADM2","Google地图绘制方式":"加载本GeoJSON到Google Maps Data图层","边界来源":"RTSD/OCHA衍生简化边界（canonical package）"},"geometry":{"type":"Polygon","coordinates":[[[103.15590714600006,17.591651655000078],[103.11652826100004,17.61933536500004],[102.99613811300009,17.531668384000056],[102.96221879500007,17.47059822500006],[102.95485179600007,17.45489520600006],[103.05071459300007,17.455194920000054],[103.12944090600007,17.497600895000062],[103.15590714600006,17.591651655000078]]]}},{"type":"Feature","id":"TH5307","properties":{"国家代码":"TH","行政层级":2,"行政层级中文":"县/曼谷区","行政区代码":"5307","上级行政区代码":"53","中文名称":"披猜县","泰文名称":"พิชัย","英文名称":"Phichai","中文显示名":"披猜县","中文名状态":"Wikidata已有中文名","边界状态":"可绘制","边界文件":"泰国_ADM2_县区边界.geojson","边界要素ID":"TH5307","边界坐标系":"WGS84 / EPSG:4326","边界数据时点":"2019-02-21","Google原生边界支持":"泰国不支持ADM2","Google地图绘制方式":"加载本GeoJSON到Google Maps Data图层","边界来源":"RTSD/OCHA衍生简化边界（canonical package）"},"geometry":{"type":"Polygon","coordinates":[[[100.25391289800007,17.40266027900003],[100.02101240200005,17.42421277400007],[100.00443794000006,17.29633385300002],[99.96291372100006,17.252177592000066],[99.97287549400005,17.165173147000075],[100.14977105400004,17.18579718700005],[100.28246066200006,17.220608859000038],[100.28891178000003,17.376113505000035],[100.25391289800007,17.40266027900003]]]}},{"type":"Feature","id":"TH3015","properties":{"国家代码":"TH","行政层级":2,"行政层级中文":"县/曼谷区","行政区代码":"3015","上级行政区代码":"30","中文名称":"披迈县","泰文名称":"พิมาย","英文名称":"Phimai","中文显示名":"披迈县","中文名状态":"Wikidata已有中文名","边界状态":"可绘制","边界文件":"泰国_ADM2_县区边界.geojson","边界要素ID":"TH3015","边界坐标系":"WGS84 / EPSG:4326","边界数据时点":"2019-02-21","Google原生边界支持":"泰国不支持ADM2","Google地图绘制方式":"加载本GeoJSON到Google Maps Data图层","边界来源":"RTSD/OCHA衍生简化边界（canonical package）"},"geometry":{"type":"Polygon","coordinates":[[[102.70020335500004,15.452792741000053],[102.60757161700008,15.445741859000066],[102.52772232900008,15.37213117400006],[102.41841199000004,15.273013444000071],[102.36676339500008,15.212465813000051],[102.37883908500004,15.13382933500003],[102.40397673300004,15.081535547000044],[102.48406908000004,15.08130950900005],[102.57177904200006,15.095208541000034],[102.58476258300004,15.156738677000021],[102.67135174100008,15.16630519000006],[102.65204223900008,15.201603071000022],[102.69549831500007,15.309971311000027],[102.62704625700007,15.297826684000029],[102.70020335500004,15.452792741000053]]]}},{"type":"Feature","id":"TH8005","properties":{"国家代码":"TH","行政层级":2,"行政层级中文":"县/曼谷区","行政区代码":"8005","上级行政区代码":"80","中文名称":"披奔县","泰文名称":"พิปูน","英文名称":"Phipun","中文显示名":"披奔县","中文名状态":"Wikidata已有中文名","边界状态":"可绘制","边界文件":"泰国_ADM2_县区边界.geojson","边界要素ID":"TH8005","边界坐标系":"WGS84 / EPSG:4326","边界数据时点":"2019-02-21","Google原生边界支持":"泰国不支持ADM2","Google地图绘制方式":"加载本GeoJSON到Google Maps Data图层","边界来源":"RTSD/OCHA衍生简化边界（canonical package）"},"geometry":{"type":"Polygon","coordinates":[[[99.70959269500008,8.597355812000046],[99.67046416000005,8.67828843500007],[99.52188097500004,8.719287520000023],[99.49203035200009,8.696907734000035],[99.47846005600007,8.646736486000066],[99.52546139700007,8.500116863000073],[99.64175834600007,8.518778078000025],[99.70189478100008,8.48316477700007],[99.73350140900004,8.49421594100005],[99.70959269500008,8.597355812000046]]]}},{"type":"Feature","id":"TH3115","properties":{"国家代码":"TH","行政层级":2,"行政层级中文":"县/曼谷区","行政区代码":"3115","上级行政区代码":"31","中文名称":"帕帕猜县","泰文名称":"พลับพลาชัย","英文名称":"Phlapphla Chai","中文显示名":"帕帕猜县","中文名状态":"Wikidata已有中文名","边界状态":"可绘制","边界文件":"泰国_ADM2_县区边界.geojson","边界要素ID":"TH3115","边界坐标系":"WGS84 / EPSG:4326","边界数据时点":"2019-02-21","Google原生边界支持":"泰国不支持ADM2","Google地图绘制方式":"加载本GeoJSON到Google Maps Data图层","边界来源":"RTSD/OCHA衍生简化边界（canonical package）"},"geometry":{"type":"Polygon","coordinates":[[[103.21063132700004,14.79189954800006],[103.08530266800005,14.822155677000069],[103.11057459800008,14.739243975000022],[103.09592654100004,14.649081972000033],[103.14873992000008,14.624221319000071],[103.20086875600003,14.699274642000034],[103.25661848600004,14.682408718000033],[103.26629260600004,14.766658384000038],[103.21063132700004,14.79189954800006]]]}},{"type":"Feature","id":"TH4508","properties":{"国家代码":"TH","行政层级":2,"行政层级中文":"县/曼谷区","行政区代码":"4508","上级行政区代码":"45","中文名称":"朴猜县","泰文名称":"โพธิ์ชัย","英文名称":"Pho Chai","中文显示名":"朴猜县","中文名状态":"Wikidata已有中文名","边界状态":"可绘制","边界文件":"泰国_ADM2_县区边界.geojson","边界要素ID":"TH4508","边界坐标系":"WGS84 / EPSG:4326","边界数据时点":"2019-02-21","Google原生边界支持":"泰国不支持ADM2","Google地图绘制方式":"加载本GeoJSON到Google Maps Data图层","边界来源":"RTSD/OCHA衍生简化边界（canonical package）"},"geometry":{"type":"Polygon","coordinates":[[[103.88959195700005,16.45255485100006],[103.82283783900004,16.470103490000042],[103.70596527800006,16.386315204000027],[103.70942319400007,16.36466936000005],[103.75411051900005,16.303596742000025],[103.72303221100009,16.22084116900004],[103.82860361400009,16.182138474000055],[103.85761430000008,16.19106213300006],[103.84090790900007,16.28450003000006],[103.88959195700005,16.45255485100006]]]}},{"type":"Feature","id":"TH6603","properties":{"国家代码":"TH","行政层级":2,"行政层级中文":"县/曼谷区","行政区代码":"6603","上级行政区代码":"66","中文名称":"坡巴他昌县","泰文名称":"โพธิ์ประทับช้าง","英文名称":"Pho Prathap Chang","中文显示名":"坡巴他昌县","中文名状态":"Wikidata已有中文名","边界状态":"可绘制","边界文件":"泰国_ADM2_县区边界.geojson","边界要素ID":"TH6603","边界坐标系":"WGS84 / EPSG:4326","边界数据时点":"2019-02-21","Google原生边界支持":"泰国不支持ADM2","Google地图绘制方式":"加载本GeoJSON到Google Maps Data图层","边界来源":"RTSD/OCHA衍生简化边界（canonical package）"},"geometry":{"type":"Polygon","coordinates":[[[100.31037828300003,16.277854123000054],[100.31455887200008,16.36263329600007],[100.22591113700008,16.40542872700007],[100.10476521300006,16.374775046000025],[100.02128504300003,16.312874919000024],[100.02894512400007,16.270558701000027],[100.26064241900008,16.24231026900003],[100.31037828300003,16.277854123000054]]]}},{"type":"Feature","id":"TH3421","properties":{"国家代码":"TH","行政层级":2,"行政层级中文":"县/曼谷区","行政区代码":"3421","上级行政区代码":"34","中文名称":"朴赛县","泰文名称":"โพธิ์ไทร","英文名称":"Pho Sai","中文显示名":"朴赛县","中文名状态":"Wikidata已有中文名","边界状态":"可绘制","边界文件":"泰国_ADM2_县区边界.geojson","边界要素ID":"TH3421","边界坐标系":"WGS84 / EPSG:4326","边界数据时点":"2019-02-21","Google原生边界支持":"泰国不支持ADM2","Google地图绘制方式":"加载本GeoJSON到Google Maps Data图层","边界来源":"RTSD/OCHA衍生简化边界（canonical package）"},"geometry":{"type":"Polygon","coordinates":[[[105.37529732600007,15.855148969000027],[105.25356924400006,15.893488510000054],[105.16243798100004,15.80103249900003],[105.16527599500006,15.773853217000067],[105.25110982700005,15.713426680000055],[105.33142585200005,15.70806232600006],[105.41368170900006,15.635575834000065],[105.44474070400008,15.682572144000062],[105.53473557300003,15.698375891000069],[105.54583106800004,15.750341915000035],[105.43150584000006,15.758177773000057],[105.37529732600007,15.855148969000027]]]}},{"type":"Feature","id":"TH3321","properties":{"国家代码":"TH","行政层级":2,"行政层级中文":"县/曼谷区","行政区代码":"3321","上级行政区代码":"33","中文名称":"朴西素万县","泰文名称":"โพธิ์ศรีสุวรรณ","英文名称":"Pho Si Suwan","中文显示名":"朴西素万县","中文名状态":"Wikidata已有中文名","边界状态":"可绘制","边界文件":"泰国_ADM2_县区边界.geojson","边界要素ID":"TH3321","边界坐标系":"WGS84 / EPSG:4326","边界数据时点":"2019-02-21","Google原生边界支持":"泰国不支持ADM2","Google地图绘制方式":"加载本GeoJSON到Google Maps Data图层","边界来源":"RTSD/OCHA衍生简化边界（canonical package）"},"geometry":{"type":"Polygon","coordinates":[[[104.01524377900006,15.289547106000043],[103.99682811900004,15.252214137000067],[104.09391720800005,15.163167189000035],[104.12782613600007,15.263140772000042],[104.09621298100006,15.276429241000073],[104.01524377900006,15.289547106000043]]]}},{"type":"Feature","id":"TH4317","properties":{"国家代码":"TH","行政层级":2,"行政层级中文":"县/曼谷区","行政区代码":"4317","上级行政区代码":"43","中文名称":"普达县","泰文名称":"โพธิ์ตาก","英文名称":"Pho Tak","中文显示名":"普达县","中文名状态":"Wikidata已有中文名","边界状态":"可绘制","边界文件":"泰国_ADM2_县区边界.geojson","边界要素ID":"TH4317","边界坐标系":"WGS84 / EPSG:4326","边界数据时点":"2019-02-21","Google原生边界支持":"泰国不支持ADM2","Google地图绘制方式":"加载本GeoJSON到Google Maps Data图层","边界来源":"RTSD/OCHA衍生简化边界（canonical package）"},"geometry":{"type":"Polygon","coordinates":[[[102.50155378900007,17.871631051000065],[102.38643029600007,17.97383811700007],[102.35595659600006,17.922744519000048],[102.44142441900004,17.819934105000073],[102.50155378900007,17.871631051000065]]]}},{"type":"Feature","id":"TH6606","properties":{"国家代码":"TH","行政层级":2,"行政层级中文":"县/曼谷区","行政区代码":"6606","上级行政区代码":"66","中文名称":"坡他列县","泰文名称":"โพทะเล","英文名称":"Pho Thale","中文显示名":"坡他列县","中文名状态":"Wikidata已有中文名","边界状态":"可绘制","边界文件":"泰国_ADM2_县区边界.geojson","边界要素ID":"TH6606","边界坐标系":"WGS84 / EPSG:4326","边界数据时点":"2019-02-21","Google原生边界支持":"泰国不支持ADM2","Google地图绘制方式":"加载本GeoJSON到Google Maps Data图层","边界来源":"RTSD/OCHA衍生简化边界（canonical package）"},"geometry":{"type":"Polygon","coordinates":[[[100.25803386700005,16.188274930000034],[100.18594939900004,16.18217556600007],[100.11345103400004,16.07955045500006],[100.16067488900006,15.959192871000027],[100.17512349500004,15.933324189000075],[100.30649835800006,15.973463683000034],[100.35816220300006,16.118368383000075],[100.25803386700005,16.188274930000034]]]}},{"type":"Feature","id":"TH1504","properties":{"国家代码":"TH","行政层级":2,"行政层级中文":"县/曼谷区","行政区代码":"1504","上级行政区代码":"15","中文名称":"普通县","泰文名称":"โพธิ์ทอง","英文名称":"Pho Thong","中文显示名":"普通县","中文名状态":"Wikidata已有中文名","边界状态":"可绘制","边界文件":"泰国_ADM2_县区边界.geojson","边界要素ID":"TH1504","边界坐标系":"WGS84 / EPSG:4326","边界数据时点":"2019-02-21","Google原生边界支持":"泰国不支持ADM2","Google地图绘制方式":"加载本GeoJSON到Google Maps Data图层","边界来源":"RTSD/OCHA衍生简化边界（canonical package）"},"geometry":{"type":"Polygon","coordinates":[[[100.41960507100003,14.726725673000033],[100.41475125800008,14.747663002000024],[100.38158001400006,14.74300437900007],[100.31599730500005,14.695469028000048],[100.21521830900008,14.724372712000047],[100.24264875200004,14.652946421000024],[100.28839956600007,14.633117758000026],[100.32884402300004,14.662863977000029],[100.39624614500008,14.603203595000025],[100.43175677000005,14.626833240000053],[100.41960507100003,14.726725673000033]]]}},{"type":"Feature","id":"TH4012","properties":{"国家代码":"TH","行政层级":2,"行政层级中文":"县/曼谷区","行政区代码":"4012","上级行政区代码":"40","中文名称":"喷县","泰文名称":"พล","英文名称":"Phon","中文显示名":"喷县","中文名状态":"Wikidata已有中文名","边界状态":"可绘制","边界文件":"泰国_ADM2_县区边界.geojson","边界要素ID":"TH4012","边界坐标系":"WGS84 / EPSG:4326","边界数据时点":"2019-02-21","Google原生边界支持":"泰国不支持ADM2","Google地图绘制方式":"加载本GeoJSON到Google Maps Data图层","边界来源":"RTSD/OCHA衍生简化边界（canonical package）"},"geometry":{"type":"Polygon","coordinates":[[[102.65310404300004,15.907967756000062],[102.57144427300005,15.932870706000074],[102.51645089400006,15.881118315000037],[102.50647448300003,15.786546740000063],[102.45325139100004,15.716650874000038],[102.59780691900005,15.712458140000024],[102.67905688600007,15.727672864000056],[102.69628211400004,15.903545832000077],[102.65310404300004,15.907967756000062]]]}},{"type":"Feature","id":"TH3802","properties":{"国家代码":"TH","行政层级":2,"行政层级中文":"县/曼谷区","行政区代码":"3802","上级行政区代码":"38","中文名称":"蓬乍伦县","泰文名称":"พรเจริญ","英文名称":"Phon Charoen","中文显示名":"蓬乍伦县","中文名状态":"Wikidata已有中文名","边界状态":"可绘制","边界文件":"泰国_ADM2_县区边界.geojson","边界要素ID":"TH3802","边界坐标系":"WGS84 / EPSG:4326","边界数据时点":"2019-02-21","Google原生边界支持":"泰国不支持ADM2","Google地图绘制方式":"加载本GeoJSON到Google Maps Data图层","边界来源":"RTSD/OCHA衍生简化边界（canonical package）"},"geometry":{"type":"Polygon","coordinates":[[[103.64761469900009,18.173744569000064],[103.58463584900005,18.198884672000077],[103.53407530500004,18.150845837000077],[103.54244245900009,18.08804716000003],[103.62524798500004,17.96803773700003],[103.70350282800007,17.941563193000036],[103.70894168400008,17.940503767000052],[103.77451321000007,18.08419619400007],[103.64761469900009,18.173744569000064]]]}},{"type":"Feature","id":"TH4717","properties":{"国家代码":"TH","行政层级":2,"行政层级中文":"县/曼谷区","行政区代码":"4717","上级行政区代码":"47","中文名称":"蓬那胶县","泰文名称":"โพนนาแก้ว","英文名称":"Phon Na Kaeo","中文显示名":"蓬那胶县","中文名状态":"Wikidata已有中文名","边界状态":"可绘制","边界文件":"泰国_ADM2_县区边界.geojson","边界要素ID":"TH4717","边界坐标系":"WGS84 / EPSG:4326","边界数据时点":"2019-02-21","Google原生边界支持":"泰国不支持ADM2","Google地图绘制方式":"加载本GeoJSON到Google Maps Data图层","边界来源":"RTSD/OCHA衍生简化边界（canonical package）"},"geometry":{"type":"Polygon","coordinates":[[[104.40564739800004,17.28010683900004],[104.26946689100004,17.270362600000055],[104.18229383500005,17.315856259000043],[104.21555887100004,17.27314016500003],[104.19013937700004,17.180012024000064],[104.32718941900004,17.130615308000074],[104.36236801700005,17.099424466000073],[104.40881935600004,17.138654186000053],[104.43506861300006,17.24099994100004],[104.40564739800004,17.28010683900004]]]}},{"type":"Feature","id":"TH4305","properties":{"国家代码":"TH","行政层级":2,"行政层级中文":"县/曼谷区","行政区代码":"4305","上级行政区代码":"43","中文名称":"蓬披赛县","泰文名称":"โพนพิสัย","英文名称":"Phon Phisai","中文显示名":"蓬披赛县","中文名状态":"Wikidata已有中文名","边界状态":"可绘制","边界文件":"泰国_ADM2_县区边界.geojson","边界要素ID":"TH4305","边界坐标系":"WGS84 / EPSG:4326","边界数据时点":"2019-02-21","Google原生边界支持":"泰国不支持ADM2","Google地图绘制方式":"加载本GeoJSON到Google Maps Data图层","边界来源":"RTSD/OCHA衍生简化边界（canonical package）"},"geometry":{"type":"Polygon","coordinates":[[[103.20586553500004,18.110765627000035],[103.13820630900005,18.16366967700003],[103.08700311200005,18.13297386100004],[103.07543376900009,18.02643443200003],[103.00973337000005,17.977157033000026],[102.87563894000004,17.938668759000052],[102.88435982900006,17.898208878000048],[102.96928710800006,17.823692950000066],[103.07800458400004,17.885741689000042],[103.12710939600004,17.826457704000063],[103.24059045400008,17.88569112600004],[103.30031540000004,17.82707353400002],[103.35890542900006,17.856837622000057],[103.27555777000003,17.947883731000047],[103.17684673300005,18.004670130000022],[103.20586553500004,18.110765627000035]]]}},{"type":"Feature","id":"TH4513","properties":{"国家代码":"TH","行政层级":2,"行政层级中文":"县/曼谷区","行政区代码":"4513","上级行政区代码":"45","中文名称":"蓬赛县","泰文名称":"โพนทราย","英文名称":"Phon Sai","中文显示名":"蓬赛县","中文名状态":"Wikidata已有中文名","边界状态":"可绘制","边界文件":"泰国_ADM2_县区边界.geojson","边界要素ID":"TH4513","边界坐标系":"WGS84 / EPSG:4326","边界数据时点":"2019-02-21","Google原生边界支持":"泰国不支持ADM2","Google地图绘制方式":"加载本GeoJSON到Google Maps Data图层","边界来源":"RTSD/OCHA衍生简化边界（canonical package）"},"geometry":{"type":"Polygon","coordinates":[[[103.93600371000008,15.558350785000073],[103.85178418700008,15.556067747000043],[103.85492563600008,15.465958166000064],[103.98900059900006,15.406978390000063],[104.02037911900004,15.470515704000036],[104.05997604300006,15.502419313000075],[103.93600371000008,15.558350785000073]]]}},{"type":"Feature","id":"TH4810","properties":{"国家代码":"TH","行政层级":2,"行政层级中文":"县/曼谷区","行政区代码":"4810","上级行政区代码":"48","中文名称":"蓬沙万县","泰文名称":"โพนสวรรค์","英文名称":"Phon Sawan","中文显示名":"蓬沙万县","中文名状态":"Wikidata已有中文名","边界状态":"可绘制","边界文件":"泰国_ADM2_县区边界.geojson","边界要素ID":"TH4810","边界坐标系":"WGS84 / EPSG:4326","边界数据时点":"2019-02-21","Google原生边界支持":"泰国不支持ADM2","Google地图绘制方式":"加载本GeoJSON到Google Maps Data图层","边界来源":"RTSD/OCHA衍生简化边界（canonical package）"},"geometry":{"type":"Polygon","coordinates":[[[104.64756535700008,17.426938732000053],[104.53114447200005,17.552096437000046],[104.41258912200004,17.54709474400005],[104.26426526500006,17.501185276000058],[104.17852222100004,17.502659970000025],[104.19778359000009,17.42938244100003],[104.39248013000008,17.41438017100006],[104.41270767900005,17.36140455800006],[104.49250907500004,17.369675527000027],[104.55430560400004,17.432052919000057],[104.64756535700008,17.426938732000053]]]}},{"type":"Feature","id":"TH4507","properties":{"国家代码":"TH","行政层级":2,"行政层级中文":"县/曼谷区","行政区代码":"4507","上级行政区代码":"45","中文名称":"喷通县","泰文名称":"โพนทอง","英文名称":"Phon Thong","中文显示名":"喷通县","中文名状态":"Wikidata已有中文名","边界状态":"可绘制","边界文件":"泰国_ADM2_县区边界.geojson","边界要素ID":"TH4507","边界坐标系":"WGS84 / EPSG:4326","边界数据时点":"2019-02-21","Google原生边界支持":"泰国不支持ADM2","Google地图绘制方式":"加载本GeoJSON到Google Maps Data图层","边界来源":"RTSD/OCHA衍生简化边界（canonical package）"},"geometry":{"type":"Polygon","coordinates":[[[104.04547132500005,16.390880409000033],[104.03782103500004,16.436680161000027],[103.88959195700005,16.45255485100006],[103.84090790900007,16.28450003000006],[103.85761430000008,16.19106213300006],[104.08741872600007,16.146385382000062],[104.13028171200006,16.196307110000078],[104.07585103400004,16.228390085000058],[104.06408003300004,16.30924927500007],[104.02129001600008,16.296821987000044],[104.04547132500005,16.390880409000033]]]}},{"type":"Feature","id":"TH6307","properties":{"国家代码":"TH","行政层级":2,"行政层级中文":"县/曼谷区","行政区代码":"6307","上级行政区代码":"63","中文名称":"朴帕县","泰文名称":"พบพระ","英文名称":"Phop Phra","中文显示名":"朴帕县","中文名状态":"Wikidata已有中文名","边界状态":"可绘制","边界文件":"泰国_ADM2_县区边界.geojson","边界要素ID":"TH6307","边界坐标系":"WGS84 / EPSG:4326","边界数据时点":"2019-02-21","Google原生边界支持":"泰国不支持ADM2","Google地图绘制方式":"加载本GeoJSON到Google Maps Data图层","边界来源":"RTSD/OCHA衍生简化边界（canonical package）"},"geometry":{"type":"Polygon","coordinates":[[[98.96854447400005,16.56264955000006],[98.93319686300003,16.640834402000053],[98.75397505100005,16.596459895000066],[98.68810809200005,16.53344160200004],[98.59575500400007,16.54075715500005],[98.65650315100004,16.457196831000033],[98.63644071800007,16.41012491400005],[98.67093966300007,16.28453339200007],[98.87776836300009,16.425233666000054],[98.91869017300007,16.384181902000023],[99.02672961200005,16.382944835000046],[99.03076961300007,16.421684413000037],[99.03384129200003,16.430375182000034],[99.03729540300009,16.486059647000047],[98.96854447400005,16.56264955000006]]]}},{"type":"Feature","id":"TH7007","properties":{"国家代码":"TH","行政层级":2,"行政层级中文":"县/曼谷区","行政区代码":"7007","上级行政区代码":"70","中文名称":"坡塔兰县","泰文名称":"โพธาราม","英文名称":"Photharam","中文显示名":"坡塔兰县","中文名状态":"Wikidata已有中文名","边界状态":"可绘制","边界文件":"泰国_ADM2_县区边界.geojson","边界要素ID":"TH7007","边界坐标系":"WGS84 / EPSG:4326","边界数据时点":"2019-02-21","Google原生边界支持":"泰国不支持ADM2","Google地图绘制方式":"加载本GeoJSON到Google Maps Data图层","边界来源":"RTSD/OCHA衍生简化边界（canonical package）"},"geometry":{"type":"Polygon","coordinates":[[[99.93792437800005,13.769773061000024],[99.83834976900005,13.747287072000063],[99.60641461100005,13.795518733000051],[99.53301833100005,13.759841084000072],[99.55861244400006,13.711483832000056],[99.66031427700005,13.702877501000046],[99.73507805700007,13.64375965000005],[99.88904678000006,13.609922987000061],[99.90838353900006,13.633233268000026],[99.89660191500008,13.719972403000043],[99.94821213300008,13.737627470000064],[99.93792437800005,13.769773061000024]]]}},{"type":"Feature","id":"TH1009","properties":{"国家代码":"TH","行政层级":2,"行政层级中文":"县/曼谷区","行政区代码":"1009","上级行政区代码":"10","中文名称":"拍昆仑县","泰文名称":"พระโขนง","英文名称":"Phra Khanong","中文显示名":"拍昆仑县","中文名状态":"Wikidata已有中文名","边界状态":"可绘制","边界文件":"泰国_ADM2_县区边界.geojson","边界要素ID":"TH1009","边界坐标系":"WGS84 / EPSG:4326","边界数据时点":"2019-02-21","Google原生边界支持":"泰国不支持ADM2","Google地图绘制方式":"加载本GeoJSON到Google Maps Data图层","边界来源":"RTSD/OCHA衍生简化边界（canonical package）"},"geometry":{"type":"Polygon","coordinates":[[[100.63411112400007,13.700761585000066],[100.60574255000006,13.706509271000073],[100.60165893700008,13.704666227000075],[100.58391953000006,13.69609611900006],[100.58876983900007,13.683015013000045],[100.64023600300004,13.677941022000027],[100.63411112400007,13.700761585000066]]]}},{"type":"Feature","id":"TH1001","properties":{"国家代码":"TH","行政层级":2,"行政层级中文":"县/曼谷区","行政区代码":"1001","上级行政区代码":"10","中文名称":"拍那空县","泰文名称":"พระนคร","英文名称":"Phra Nakhon","中文显示名":"拍那空县","中文名状态":"Wikidata已有中文名","边界状态":"可绘制","边界文件":"泰国_ADM2_县区边界.geojson","边界要素ID":"TH1001","边界坐标系":"WGS84 / EPSG:4326","边界数据时点":"2019-02-21","Google原生边界支持":"泰国不支持ADM2","Google地图绘制方式":"加载本GeoJSON到Google Maps Data图层","边界来源":"RTSD/OCHA衍生简化边界（canonical package）"},"geometry":{"type":"Polygon","coordinates":[[[100.49980669000007,13.738632557000074],[100.50389819800006,13.746847599000034],[100.50939924600004,13.763650817000041],[100.49903981300008,13.77266572700006],[100.49097198800007,13.761928724000029],[100.48829925000007,13.748209494000037],[100.49196979800007,13.742172671000048],[100.49764789800008,13.739218486000027],[100.49980669000007,13.738632557000074]]]}},{"type":"Feature","id":"TH1401","properties":{"国家代码":"TH","行政层级":2,"行政层级中文":"县/曼谷区","行政区代码":"1401","上级行政区代码":"14","中文名称":"大城","泰文名称":"พระนครศรีอยุธยา","英文名称":"Phra Nakhon Si Ayutthaya","中文显示名":"大城","中文名状态":"Wikidata已有中文名","边界状态":"可绘制","边界文件":"泰国_ADM2_县区边界.geojson","边界要素ID":"TH1401","边界坐标系":"WGS84 / EPSG:4326","边界数据时点":"2019-02-21","Google原生边界支持":"泰国不支持ADM2","Google地图绘制方式":"加载本GeoJSON到Google Maps Data图层","边界来源":"RTSD/OCHA衍生简化边界（canonical package）"},"geometry":{"type":"Polygon","coordinates":[[[100.57446327500008,14.404702452000038],[100.50494919300007,14.405893383000034],[100.50823925500003,14.325487617000022],[100.52703105400008,14.279706176000047],[100.62970402600007,14.323369060000061],[100.61463845400004,14.393230106000033],[100.57446327500008,14.404702452000038]]]}},{"type":"Feature","id":"TH8020","properties":{"国家代码":"TH","行政层级":2,"行政层级中文":"县/曼谷区","行政区代码":"8020","上级行政区代码":"80","中文名称":"帕蓬县","泰文名称":"พระพรหม","英文名称":"Phra Phrom","中文显示名":"帕蓬县","中文名状态":"Wikidata已有中文名","边界状态":"可绘制","边界文件":"泰国_ADM2_县区边界.geojson","边界要素ID":"TH8020","边界坐标系":"WGS84 / EPSG:4326","边界数据时点":"2019-02-21","Google原生边界支持":"泰国不支持ADM2","Google地图绘制方式":"加载本GeoJSON到Google Maps Data图层","边界来源":"RTSD/OCHA衍生简化边界（canonical package）"},"geometry":{"type":"Polygon","coordinates":[[[100.00274267500004,8.253474649000054],[99.96963059800004,8.391604898000026],[99.86843915500003,8.371444190000034],[99.86009651900008,8.306248985000025],[99.94211439400004,8.266651867000064],[100.00274267500004,8.253474649000054]]]}},{"type":"Feature","id":"TH1909","properties":{"国家代码":"TH","行政层级":2,"行政层级中文":"县/曼谷区","行政区代码":"1909","上级行政区代码":"19","中文名称":"抱木县","泰文名称":"พระพุทธบาท","英文名称":"Phra Phutthabat","中文显示名":"抱木县","中文名状态":"Wikidata已有中文名","边界状态":"可绘制","边界文件":"泰国_ADM2_县区边界.geojson","边界要素ID":"TH1909","边界坐标系":"WGS84 / EPSG:4326","边界数据时点":"2019-02-21","Google原生边界支持":"泰国不支持ADM2","Google地图绘制方式":"加载本GeoJSON到Google Maps Data图层","边界来源":"RTSD/OCHA衍生简化边界（canonical package）"},"geometry":{"type":"Polygon","coordinates":[[[100.84812840500007,14.797201615000063],[100.72453262900007,14.760059856000055],[100.74823524900006,14.657101436000062],[100.80367198800008,14.599761973000057],[100.85887061600005,14.665544643000032],[100.85265968000004,14.728689931000076],[100.94363481200008,14.741983173000051],[100.84812840500007,14.797201615000063]]]}},{"type":"Feature","id":"TH1104","properties":{"国家代码":"TH","行政层级":2,"行政层级中文":"县/曼谷区","行政区代码":"1104","上级行政区代码":"11","中文名称":"帕巴登县","泰文名称":"พระประแดง","英文名称":"Phra Pradaeng","中文显示名":"帕巴登县","中文名状态":"Wikidata已有中文名","边界状态":"可绘制","边界文件":"泰国_ADM2_县区边界.geojson","边界要素ID":"TH1104","边界坐标系":"WGS84 / EPSG:4326","边界数据时点":"2019-02-21","Google原生边界支持":"泰国不支持ADM2","Google地图绘制方式":"加载本GeoJSON到Google Maps Data图层","边界来源":"RTSD/OCHA衍生简化边界（canonical package）"},"geometry":{"type":"Polygon","coordinates":[[[100.59210252600008,13.663807903000077],[100.58876983900007,13.683015013000045],[100.58391953000006,13.69609611900006],[100.55486719200007,13.705483354000023],[100.52340115700008,13.677882705000059],[100.51751520700009,13.661599672000023],[100.52103794300007,13.605141864000075],[100.55135740800006,13.618557683000063],[100.59210252600008,13.663807903000077]]]}},{"type":"Feature","id":"TH1105","properties":{"国家代码":"TH","行政层级":2,"行政层级中文":"县/曼谷区","行政区代码":"1105","上级行政区代码":"11","中文名称":"帕沙没则滴县","泰文名称":"พระสมุทรเจดีย์","英文名称":"Phra Samut Chedi","中文显示名":"帕沙没则滴县","中文名状态":"Wikidata已有中文名","边界状态":"可绘制","边界文件":"泰国_ADM2_县区边界.geojson","边界要素ID":"TH1105","边界坐标系":"WGS84 / EPSG:4326","边界数据时点":"2019-02-21","Google原生边界支持":"泰国不支持ADM2","Google地图绘制方式":"加载本GeoJSON到Google Maps Data图层","边界来源":"RTSD/OCHA衍生简化边界（canonical package）"},"geometry":{"type":"Polygon","coordinates":[[[100.59733268100007,13.538992501000052],[100.55135740800006,13.618557683000063],[100.52103794300007,13.605141864000075],[100.47693016600005,13.602955251000026],[100.45369343500005,13.501979764000055],[100.59733268100007,13.538992501000052]]]}},{"type":"Feature","id":"TH3028","properties":{"国家代码":"TH","行政层级":2,"行政层级中文":"县/曼谷区","行政区代码":"3028","上级行政区代码":"30","中文名称":"帕通堪县","泰文名称":"พระทองคำ","英文名称":"Phra Thong Kham","中文显示名":"帕通堪县","中文名状态":"Wikidata已有中文名","边界状态":"可绘制","边界文件":"泰国_ADM2_县区边界.geojson","边界要素ID":"TH3028","边界坐标系":"WGS84 / EPSG:4326","边界数据时点":"2019-02-21","Google原生边界支持":"泰国不支持ADM2","Google地图绘制方式":"加载本GeoJSON到Google Maps Data图层","边界来源":"RTSD/OCHA衍生简化边界（canonical package）"},"geometry":{"type":"Polygon","coordinates":[[[102.00999897700007,15.458219990000032],[101.93736260000009,15.456432178000057],[101.87849963900004,15.389251178000052],[101.92350707300005,15.305507056000067],[101.97292402400006,15.223761583000055],[102.11061793400006,15.311642902000074],[102.04402137200003,15.41502065000003],[102.00999897700007,15.458219990000032]]]}},{"type":"Feature","id":"TH4003","properties":{"国家代码":"TH","行政层级":2,"行政层级中文":"县/曼谷区","行政区代码":"4003","上级行政区代码":"40","中文名称":"帕云县","泰文名称":"พระยืน","英文名称":"Phra Yuen","中文显示名":"帕云县","中文名状态":"Wikidata已有中文名","边界状态":"可绘制","边界文件":"泰国_ADM2_县区边界.geojson","边界要素ID":"TH4003","边界坐标系":"WGS84 / EPSG:4326","边界数据时点":"2019-02-21","Google原生边界支持":"泰国不支持ADM2","Google地图绘制方式":"加载本GeoJSON到Google Maps Data图层","边界来源":"RTSD/OCHA衍生简化边界（canonical package）"},"geometry":{"type":"Polygon","coordinates":[[[102.77569739500007,16.292470828000035],[102.76820542100006,16.33860045600005],[102.67434324700008,16.380640930000027],[102.52691222200008,16.342969821000054],[102.68679797200008,16.244247190000067],[102.77569739500007,16.292470828000035]]]}},{"type":"Feature","id":"TH3306","properties":{"国家代码":"TH","行政层级":2,"行政层级中文":"县/曼谷区","行政区代码":"3306","上级行政区代码":"33","中文名称":"派本县","泰文名称":"ไพรบึง","英文名称":"Phrai Bueng","中文显示名":"派本县","中文名状态":"Wikidata已有中文名","边界状态":"可绘制","边界文件":"泰国_ADM2_县区边界.geojson","边界要素ID":"TH3306","边界坐标系":"WGS84 / EPSG:4326","边界数据时点":"2019-02-21","Google原生边界支持":"泰国不支持ADM2","Google地图绘制方式":"加载本GeoJSON到Google Maps Data图层","边界来源":"RTSD/OCHA衍生简化边界（canonical package）"},"geometry":{"type":"Polygon","coordinates":[[[104.30057914800005,14.887146132000055],[104.29340360800006,14.887320812000041],[104.31333778200008,14.648453262000032],[104.39565505300004,14.68291679300006],[104.41469778900006,14.736067603000038],[104.39938989800004,14.83118528600005],[104.30057914800005,14.887146132000055]]]}},{"type":"Feature","id":"TH6206","properties":{"国家代码":"TH","行政层级":2,"行政层级中文":"县/曼谷区","行政区代码":"6206","上级行政区代码":"62","中文名称":"潘加代县","泰文名称":"พรานกระต่าย","英文名称":"Phran Kratai","中文显示名":"潘加代县","中文名状态":"Wikidata已有中文名","边界状态":"可绘制","边界文件":"泰国_ADM2_县区边界.geojson","边界要素ID":"TH6206","边界坐标系":"WGS84 / EPSG:4326","边界数据时点":"2019-02-21","Google原生边界支持":"泰国不支持ADM2","Google地图绘制方式":"加载本GeoJSON到Google Maps Data图层","边界来源":"RTSD/OCHA衍生简化边界（canonical package）"},"geometry":{"type":"Polygon","coordinates":[[[99.60484578100005,16.784980054000073],[99.57075066300007,16.859535605000076],[99.53093557500006,16.825274327000045],[99.48874719000008,16.910435084000028],[99.43262009200004,16.87586147600007],[99.38538510600006,16.807845691000068],[99.30551175900007,16.768682890000036],[99.38210142500009,16.69110298000004],[99.49378501900009,16.64833668700004],[99.54220329400005,16.59087297800005],[99.68442668100005,16.52539729600005],[99.74684813300007,16.53078557300006],[99.72297456600006,16.587796944000047],[99.75960339100004,16.68491122300003],[99.74491369400005,16.74409805600004],[99.69497096400005,16.718007086000057],[99.60484578100005,16.784980054000073]]]}},{"type":"Feature","id":"TH5011","properties":{"国家代码":"TH","行政层级":2,"行政层级中文":"县/曼谷区","行政区代码":"5011","上级行政区代码":"50","中文名称":"帕劳县","泰文名称":"พร้าว","英文名称":"Phrao","中文显示名":"帕劳县","中文名状态":"Wikidata已有中文名","边界状态":"可绘制","边界文件":"泰国_ADM2_县区边界.geojson","边界要素ID":"TH5011","边界坐标系":"WGS84 / EPSG:4326","边界数据时点":"2019-02-21","Google原生边界支持":"泰国不支持ADM2","Google地图绘制方式":"加载本GeoJSON到Google Maps Data图层","边界来源":"RTSD/OCHA衍生简化边界（canonical package）"},"geometry":{"type":"Polygon","coordinates":[[[99.29515801400004,19.570782958000052],[99.13593834600005,19.57097314400005],[99.15608687300005,19.511338007000063],[99.07684222500006,19.26237414800005],[99.15461771100007,19.191632595000044],[99.11348677500007,19.071894409000038],[99.15885914600005,19.00747977900005],[99.25250033700007,19.00052755400003],[99.34065982600004,19.095649593000076],[99.30626526700007,19.175884757000063],[99.34295256000007,19.268061326000065],[99.29462528400006,19.498553085000026],[99.32599403000006,19.539399118000063],[99.29515801400004,19.570782958000052]]]}},{"type":"Feature","id":"TH8416","properties":{"国家代码":"TH","行政层级":2,"行政层级中文":"县/曼谷区","行政区代码":"8416","上级行政区代码":"84","中文名称":"帕盛县","泰文名称":"พระแสง","英文名称":"Phrasaeng","中文显示名":"帕盛县","中文名状态":"Wikidata已有中文名","边界状态":"可绘制","边界文件":"泰国_ADM2_县区边界.geojson","边界要素ID":"TH8416","边界坐标系":"WGS84 / EPSG:4326","边界数据时点":"2019-02-21","Google原生边界支持":"泰国不支持ADM2","Google地图绘制方式":"加载本GeoJSON到Google Maps Data图层","边界来源":"RTSD/OCHA衍生简化边界（canonical package）"},"geometry":{"type":"Polygon","coordinates":[[[99.27959070700007,8.646407340000053],[99.12350020900004,8.64224785600004],[98.89751559800004,8.717670568000074],[98.88797645400007,8.681336976000068],[98.93463044700007,8.557891432000076],[99.02455213500008,8.552375994000045],[99.02444303400006,8.515507789000026],[99.19835027700003,8.483615923000059],[99.20502622800007,8.36604924300002],[99.29035990300008,8.312564330000043],[99.23450359400005,8.385845276000055],[99.29343487000006,8.47073398200007],[99.25128362600003,8.569656476000034],[99.27959070700007,8.646407340000053]]]}},{"type":"Feature","id":"TH1704","properties":{"国家代码":"TH","行政层级":2,"行政层级中文":"县/曼谷区","行政区代码":"1704","上级行政区代码":"17","中文名称":"蓬武里县","泰文名称":"พรหมบุรี","英文名称":"Phrom Buri","中文显示名":"蓬武里县","中文名状态":"Wikidata已有中文名","边界状态":"可绘制","边界文件":"泰国_ADM2_县区边界.geojson","边界要素ID":"TH1704","边界坐标系":"WGS84 / EPSG:4326","边界数据时点":"2019-02-21","Google原生边界支持":"泰国不支持ADM2","Google地图绘制方式":"加载本GeoJSON到Google Maps Data图层","边界来源":"RTSD/OCHA衍生简化边界（canonical package）"},"geometry":{"type":"Polygon","coordinates":[[[100.45794010500003,14.721096421000027],[100.48468555100004,14.739415832000077],[100.45431854700007,14.857026374000043],[100.40839723500005,14.810212152000076],[100.41475125800008,14.747663002000024],[100.41960507100003,14.726725673000033],[100.45794010500003,14.721096421000027]]]}},{"type":"Feature","id":"TH8002","properties":{"国家代码":"TH","行政层级":2,"行政层级中文":"县/曼谷区","行政区代码":"8002","上级行政区代码":"80","中文名称":"蓬基里县","泰文名称":"พรหมคีรี","英文名称":"Phrom Khiri","中文显示名":"蓬基里县","中文名状态":"Wikidata已有中文名","边界状态":"可绘制","边界文件":"泰国_ADM2_县区边界.geojson","边界要素ID":"TH8002","边界坐标系":"WGS84 / EPSG:4326","边界数据时点":"2019-02-21","Google原生边界支持":"泰国不支持ADM2","Google地图绘制方式":"加载本GeoJSON到Google Maps Data图层","边界来源":"RTSD/OCHA衍生简化边界（canonical package）"},"geometry":{"type":"Polygon","coordinates":[[[99.83129266200007,8.620142248000036],[99.70959269500008,8.597355812000046],[99.73350140900004,8.49421594100005],[99.79821249400004,8.469651885000076],[99.94674247500006,8.507803786000068],[99.92630533000005,8.54342695300005],[99.83341202400004,8.56894376200006],[99.83129266200007,8.620142248000036]]]}},{"type":"Feature","id":"TH6506","properties":{"国家代码":"TH","行政层级":2,"行政层级中文":"县/曼谷区","行政区代码":"6506","上级行政区代码":"65","中文名称":"蓬披兰县","泰文名称":"พรหมพิราม","英文名称":"Phrom Phiram","中文显示名":"蓬披兰县","中文名状态":"Wikidata已有中文名","边界状态":"可绘制","边界文件":"泰国_ADM2_县区边界.geojson","边界要素ID":"TH6506","边界坐标系":"WGS84 / EPSG:4326","边界数据时点":"2019-02-21","Google原生边界支持":"泰国不支持ADM2","Google地图绘制方式":"加载本GeoJSON到Google Maps Data图层","边界来源":"RTSD/OCHA衍生简化边界（canonical package）"},"geometry":{"type":"Polygon","coordinates":[[[100.28246066200006,17.220608859000038],[100.14977105400004,17.18579718700005],[99.97287549400005,17.165173147000075],[99.95504577100007,17.171112467000057],[99.98345560900003,17.082716039000047],[100.10094021100008,16.981741185000033],[100.11079455000004,16.914859313000022],[100.12132669000005,16.907209253000076],[100.16401346500004,16.93972996800005],[100.28066422800003,16.933536120000042],[100.28592165700007,17.034404967000057],[100.32653305000008,17.071143389000042],[100.28246066200006,17.220608859000038]]]}},{"type":"Feature","id":"TH5609","properties":{"国家代码":"TH","行政层级":2,"行政层级中文":"县/曼谷区","行政区代码":"5609","上级行政区代码":"56","中文名称":"普甘尧县","泰文名称":"ภูกามยาว","英文名称":"Phu Kamyao","中文显示名":"普甘尧县","中文名状态":"Wikidata已有中文名","边界状态":"可绘制","边界文件":"泰国_ADM2_县区边界.geojson","边界要素ID":"TH5609","边界坐标系":"WGS84 / EPSG:4326","边界数据时点":"2019-02-21","Google原生边界支持":"泰国不支持ADM2","Google地图绘制方式":"加载本GeoJSON到Google Maps Data图层","边界来源":"RTSD/OCHA衍生简化边界（canonical package）"},"geometry":{"type":"Polygon","coordinates":[[[100.00499369700003,19.429147460000024],[99.92000039500005,19.40641256400005],[99.91315217600004,19.251177549000033],[99.96478542300008,19.205007806000026],[100.01589437300004,19.262404674000038],[100.00499369700003,19.429147460000024]]]}},{"type":"Feature","id":"TH3610","properties":{"国家代码":"TH","行政层级":2,"行政层级中文":"县/曼谷区","行政区代码":"3610","上级行政区代码":"36","中文名称":"普胶县","泰文名称":"ภูเขียว","英文名称":"Phu Khiao","中文显示名":"普胶县","中文名状态":"Wikidata已有中文名","边界状态":"可绘制","边界文件":"泰国_ADM2_县区边界.geojson","边界要素ID":"TH3610","边界坐标系":"WGS84 / EPSG:4326","边界数据时点":"2019-02-21","Google原生边界支持":"泰国不支持ADM2","Google地图绘制方式":"加载本GeoJSON到Google Maps Data图层","边界来源":"RTSD/OCHA衍生简化边界（canonical package）"},"geometry":{"type":"Polygon","coordinates":[[[102.25533055300008,16.461070560000053],[102.21365311100004,16.50164560500002],[102.06732343900006,16.494557591000046],[101.96688054100008,16.46672760000007],[102.04217642100008,16.369557031000056],[102.05312061100005,16.251481429000023],[102.08689667200008,16.190715643000033],[102.19614599300007,16.172771245000035],[102.21902302800004,16.220795516000067],[102.35315592200004,16.287216743000045],[102.30893418300008,16.371816688000024],[102.23348114800007,16.37532232600006],[102.25533055300008,16.461070560000053]]]}},{"type":"Feature","id":"TH4210","properties":{"国家代码":"TH","行政层级":2,"行政层级中文":"县/曼谷区","行政区代码":"4210","上级行政区代码":"42","中文名称":"普加东县","泰文名称":"ภูกระดึง","英文名称":"Phu Kradueng","中文显示名":"普加东县","中文名状态":"Wikidata已有中文名","边界状态":"可绘制","边界文件":"泰国_ADM2_县区边界.geojson","边界要素ID":"TH4210","边界坐标系":"WGS84 / EPSG:4326","边界数据时点":"2019-02-21","Google原生边界支持":"泰国不支持ADM2","Google地图绘制方式":"加载本GeoJSON到Google Maps Data图层","边界来源":"RTSD/OCHA衍生简化边界（canonical package）"},"geometry":{"type":"Polygon","coordinates":[[[101.92237804200005,16.99294154200004],[101.82447080800006,17.050147115000073],[101.80495765700005,16.995606444000032],[101.70931641600004,16.994166536000023],[101.67256251300006,16.958673313000077],[101.71806131900007,16.75987944600007],[101.79724812800004,16.76901172500004],[101.94050979700006,16.83570025000006],[102.02788715100007,16.861693409000054],[102.06851828800006,16.88951912300007],[102.02921120600007,16.950674611000068],[101.92237804200005,16.99294154200004]]]}},{"type":"Feature","id":"TH4211","properties":{"国家代码":"TH","行政层级":2,"行政层级中文":"县/曼谷区","行政区代码":"4211","上级行政区代码":"42","中文名称":"普銮县","泰文名称":"ภูหลวง","英文名称":"Phu Luang","中文显示名":"普銮县","中文名状态":"Wikidata已有中文名","边界状态":"可绘制","边界文件":"泰国_ADM2_县区边界.geojson","边界要素ID":"TH4211","边界坐标系":"WGS84 / EPSG:4326","边界数据时点":"2019-02-21","Google原生边界支持":"泰国不支持ADM2","Google地图绘制方式":"加载本GeoJSON到Google Maps Data图层","边界来源":"RTSD/OCHA衍生简化边界（canonical package）"},"geometry":{"type":"Polygon","coordinates":[[[101.78810188900007,17.18084512200005],[101.74992395900006,17.207603058000075],[101.60599906100003,17.169332949000022],[101.46971134000006,17.172201061000067],[101.47503018200007,17.08921573600003],[101.50427930500007,17.010135199000047],[101.56678222800008,16.98550395700005],[101.62863180300008,17.044988514000067],[101.67256251300006,16.958673313000077],[101.70931641600004,16.994166536000023],[101.78810188900007,17.18084512200005]]]}},{"type":"Feature","id":"TH4020","properties":{"国家代码":"TH","行政层级":2,"行政层级中文":"县/曼谷区","行政区代码":"4020","上级行政区代码":"40","中文名称":"普帕曼县","泰文名称":"ภูผาม่าน","英文名称":"Phu Phaman","中文显示名":"普帕曼县","中文名状态":"Wikidata已有中文名","边界状态":"可绘制","边界文件":"泰国_ADM2_县区边界.geojson","边界要素ID":"TH4020","边界坐标系":"WGS84 / EPSG:4326","边界数据时点":"2019-02-21","Google原生边界支持":"泰国不支持ADM2","Google地图绘制方式":"加载本GeoJSON到Google Maps Data图层","边界来源":"RTSD/OCHA衍生简化边界（canonical package）"},"geometry":{"type":"Polygon","coordinates":[[[101.95491019400004,16.630265923000024],[101.94050979700006,16.83570025000006],[101.79724812800004,16.76901172500004],[101.75081656800006,16.667821305000075],[101.95491019400004,16.630265923000024]]]}},{"type":"Feature","id":"TH4718","properties":{"国家代码":"TH","行政层级":2,"行政层级中文":"县/曼谷区","行政区代码":"4718","上级行政区代码":"47","中文名称":"普攀县","泰文名称":"ภูพาน","英文名称":"Phu Phan","中文显示名":"普攀县","中文名状态":"Wikidata已有中文名","边界状态":"可绘制","边界文件":"泰国_ADM2_县区边界.geojson","边界要素ID":"TH4718","边界坐标系":"WGS84 / EPSG:4326","边界数据时点":"2019-02-21","Google原生边界支持":"泰国不支持ADM2","Google地图绘制方式":"加载本GeoJSON到Google Maps Data图层","边界来源":"RTSD/OCHA衍生简化边界（canonical package）"},"geometry":{"type":"Polygon","coordinates":[[[104.06668966600006,17.017666027000075],[103.98304340000004,17.033954510000058],[103.92451420100008,17.01367103900003],[103.81109808300005,17.044059566000044],[103.73999944000008,16.971270779000065],[103.76315579000004,16.964307833000078],[103.78889851300005,16.888802767000072],[103.90706371700009,16.80290506500006],[103.95029845500005,16.77606519400007],[104.02281402700004,16.855939136000075],[104.10215775000006,16.943013260000043],[104.06668966600006,17.017666027000075]]]}},{"type":"Feature","id":"TH5514","properties":{"国家代码":"TH","行政层级":2,"行政层级中文":"县/曼谷区","行政区代码":"5514","上级行政区代码":"55","中文名称":"普平县","泰文名称":"ภูเพียง","英文名称":"Phu Phiang","中文显示名":"普平县","中文名状态":"Wikidata已有中文名","边界状态":"可绘制","边界文件":"泰国_ADM2_县区边界.geojson","边界要素ID":"TH5514","边界坐标系":"WGS84 / EPSG:4326","边界数据时点":"2019-02-21","Google原生边界支持":"泰国不支持ADM2","Google地图绘制方式":"加载本GeoJSON到Google Maps Data图层","边界来源":"RTSD/OCHA衍生简化边界（canonical package）"},"geometry":{"type":"Polygon","coordinates":[[[100.98378727900007,18.847924473000035],[100.86652884600005,18.86635260500003],[100.81160439600006,18.92693775300006],[100.78274134000009,18.90133435000007],[100.79107954300008,18.78853585300004],[100.75782199300005,18.741259224000032],[100.79353924400004,18.675413657000036],[100.91863336500006,18.668264916000055],[100.98378727900007,18.847924473000035]]]}},{"type":"Feature","id":"TH4207","properties":{"国家代码":"TH","行政层级":2,"行政层级中文":"县/曼谷区","行政区代码":"4207","上级行政区代码":"42","中文名称":"普勒县","泰文名称":"ภูเรือ","英文名称":"Phu Ruea","中文显示名":"普勒县","中文名状态":"Wikidata已有中文名","边界状态":"可绘制","边界文件":"泰国_ADM2_县区边界.geojson","边界要素ID":"TH4207","边界坐标系":"WGS84 / EPSG:4326","边界数据时点":"2019-02-21","Google原生边界支持":"泰国不支持ADM2","Google地图绘制方式":"加载本GeoJSON到Google Maps Data图层","边界来源":"RTSD/OCHA衍生简化边界（canonical package）"},"geometry":{"type":"Polygon","coordinates":[[[101.50143988800005,17.503294921000077],[101.36558233600005,17.488529881000034],[101.24740515400003,17.562356350000073],[101.22462436200004,17.533638850000045],[101.26532062100006,17.495754558000044],[101.27925784300004,17.313459515000034],[101.38335747500008,17.261519919000023],[101.47201555900006,17.28010312600003],[101.53121302300008,17.27609284700003],[101.53513933300007,17.441086633000054],[101.50143988800005,17.503294921000077]]]}},{"type":"Feature","id":"TH5608","properties":{"国家代码":"TH","行政层级":2,"行政层级中文":"县/曼谷区","行政区代码":"5608","上级行政区代码":"56","中文名称":"普桑县","泰文名称":"ภูซาง","英文名称":"Phu Sang","中文显示名":"普桑县","中文名状态":"Wikidata已有中文名","边界状态":"可绘制","边界文件":"泰国_ADM2_县区边界.geojson","边界要素ID":"TH5608","边界坐标系":"WGS84 / EPSG:4326","边界数据时点":"2019-02-21","Google原生边界支持":"泰国不支持ADM2","Google地图绘制方式":"加载本GeoJSON到Google Maps Data图层","边界来源":"RTSD/OCHA衍生简化边界（canonical package）"},"geometry":{"type":"Polygon","coordinates":[[[100.48990365300006,19.56992722800004],[100.40657643800006,19.73606207800003],[100.33696413100006,19.708644771000024],[100.31689230000006,19.649263374000043],[100.25246496900007,19.634918067000058],[100.25645280800006,19.556756950000022],[100.48990365300006,19.56992722800004]]]}},{"type":"Feature","id":"TH3317","properties":{"国家代码":"TH","行政层级":2,"行政层级中文":"县/曼谷区","行政区代码":"3317","上级行政区代码":"33","中文名称":"普兴县","泰文名称":"ภูสิงห์","英文名称":"Phu Sing","中文显示名":"普兴县","中文名状态":"Wikidata已有中文名","边界状态":"可绘制","边界文件":"泰国_ADM2_县区边界.geojson","边界要素ID":"TH3317","边界坐标系":"WGS84 / EPSG:4326","边界数据时点":"2019-02-21","Google原生边界支持":"泰国不支持ADM2","Google地图绘制方式":"加载本GeoJSON到Google Maps Data图层","边界来源":"RTSD/OCHA衍生简化边界（canonical package）"},"geometry":{"type":"Polygon","coordinates":[[[104.25567640700007,14.501712797000039],[104.24778494900005,14.579368871000042],[104.19187901900005,14.630616289000045],[104.05727489400005,14.621943053000052],[104.03241897700008,14.545514096000034],[104.05712228100003,14.343440557000065],[104.21633600700005,14.366608762000055],[104.27679124200006,14.408464510000044],[104.25567640700007,14.501712797000039]]]}},{"type":"Feature","id":"TH4016","properties":{"国家代码":"TH","行政层级":2,"行政层级中文":"县/曼谷区","行政区代码":"4016","上级行政区代码":"40","中文名称":"普渊县","泰文名称":"ภูเวียง","英文名称":"Phu Wiang","中文显示名":"普渊县","中文名状态":"Wikidata已有中文名","边界状态":"可绘制","边界文件":"泰国_ADM2_县区边界.geojson","边界要素ID":"TH4016","边界坐标系":"WGS84 / EPSG:4326","边界数据时点":"2019-02-21","Google原生边界支持":"泰国不支持ADM2","Google地图绘制方式":"加载本GeoJSON到Google Maps Data图层","边界来源":"RTSD/OCHA衍生简化边界（canonical package）"},"geometry":{"type":"Polygon","coordinates":[[[102.60615611600008,16.771996036000075],[102.45508690100007,16.806862500000022],[102.43357896900005,16.78337656800005],[102.36067596500004,16.733485089000055],[102.34472416800008,16.66012206000005],[102.27830364600004,16.615432724000073],[102.30079950600003,16.56733209400005],[102.45347139000006,16.595770213000037],[102.46776946000006,16.546165513000062],[102.55791883600006,16.568314129000044],[102.55818271400005,16.62356221300007],[102.60615611600008,16.771996036000075]]]}},{"type":"Feature","id":"TH8417","properties":{"国家代码":"TH","行政层级":2,"行政层级中文":"县/曼谷区","行政区代码":"8417","上级行政区代码":"84","中文名称":"喷平县","泰文名称":"พุนพิน","英文名称":"Phunphin","中文显示名":"喷平县","中文名状态":"Wikidata已有中文名","边界状态":"可绘制","边界文件":"泰国_ADM2_县区边界.geojson","边界要素ID":"TH8417","边界坐标系":"WGS84 / EPSG:4326","边界数据时点":"2019-02-21","Google原生边界支持":"泰国不支持ADM2","Google地图绘制方式":"加载本GeoJSON到Google Maps Data图层","边界来源":"RTSD/OCHA衍生简化边界（canonical package）"},"geometry":{"type":"Polygon","coordinates":[[[99.32113614800005,8.960327585000073],[99.26928665500009,9.10032820500004],[99.22121099300006,9.144546827000056],[99.32192808700006,9.24396950800002],[99.23961792300008,9.235178093000059],[99.21925299100008,9.18925267800006],[99.01928868200008,9.201066242000024],[99.02655700100007,9.12842751200003],[99.06786093500006,9.073944391000055],[99.08202693600003,8.92607883200003],[99.01127574100008,8.890697314000022],[99.01645435600005,8.803497310000068],[99.10393895500005,8.815075428000057],[99.19322737000005,8.886058404000039],[99.22552668500003,8.964858308000032],[99.32113614800005,8.960327585000073]]]}},{"type":"Feature","id":"TH3109","properties":{"国家代码":"TH","行政层级":2,"行政层级中文":"县/曼谷区","行政区代码":"3109","上级行政区代码":"31","中文名称":"普泰颂县","泰文名称":"พุทไธสง","英文名称":"Phutthaisong","中文显示名":"普泰颂县","中文名状态":"Wikidata已有中文名","边界状态":"可绘制","边界文件":"泰国_ADM2_县区边界.geojson","边界要素ID":"TH3109","边界坐标系":"WGS84 / EPSG:4326","边界数据时点":"2019-02-21","Google原生边界支持":"泰国不支持ADM2","Google地图绘制方式":"加载本GeoJSON到Google Maps Data图层","边界来源":"RTSD/OCHA衍生简化边界（canonical package）"},"geometry":{"type":"Polygon","coordinates":[[[102.88297611300004,15.666777495000076],[102.83820827400007,15.63674448300003],[102.91681974100004,15.597267830000021],[102.89594599200007,15.521453817000065],[103.01006928900006,15.436508616000026],[103.10012702700004,15.432799791000036],[103.11140379300008,15.481283650000023],[103.05281322300004,15.592746606000048],[103.01288591500008,15.617229735000024],[102.97347160600003,15.60282472700004],[102.88297611300004,15.666777495000076]]]}},{"type":"Feature","id":"TH7307","properties":{"国家代码":"TH","行政层级":2,"行政层级中文":"县/曼谷区","行政区代码":"7307","上级行政区代码":"73","中文名称":"普他蒙通县","泰文名称":"พุทธมณฑล","英文名称":"Phutthamonthon","中文显示名":"普他蒙通县","中文名状态":"Wikidata已有中文名","边界状态":"可绘制","边界文件":"泰国_ADM2_县区边界.geojson","边界要素ID":"TH7307","边界坐标系":"WGS84 / EPSG:4326","边界数据时点":"2019-02-21","Google原生边界支持":"泰国不支持ADM2","Google地图绘制方式":"加载本GeoJSON到Google Maps Data图层","边界来源":"RTSD/OCHA衍生简化边界（canonical package）"},"geometry":{"type":"Polygon","coordinates":[[[100.28597582100008,13.892333072000042],[100.25612202000008,13.904495505000057],[100.24788013000006,13.801656527000034],[100.33010398200008,13.76309221200006],[100.32791238700008,13.80412552100006],[100.31920486400008,13.822555284000032],[100.29681910800008,13.869552457000054],[100.28597582100008,13.892333072000042]]]}},{"type":"Feature","id":"TH4802","properties":{"国家代码":"TH","行政层级":2,"行政层级中文":"县/曼谷区","行政区代码":"4802","上级行政区代码":"48","中文名称":"巴巴县","泰文名称":"ปลาปาก","英文名称":"Pla Pak","中文显示名":"巴巴县","中文名状态":"Wikidata已有中文名","边界状态":"可绘制","边界文件":"泰国_ADM2_县区边界.geojson","边界要素ID":"TH4802","边界坐标系":"WGS84 / EPSG:4326","边界数据时点":"2019-02-21","Google原生边界支持":"泰国不支持ADM2","Google地图绘制方式":"加载本GeoJSON到Google Maps Data图层","边界来源":"RTSD/OCHA衍生简化边界（canonical package）"},"geometry":{"type":"Polygon","coordinates":[[[104.64558055600008,17.155221668000024],[104.68375912000005,17.22267720700006],[104.66985355100007,17.332487272000037],[104.63066126100006,17.277838922000058],[104.46383484100005,17.284998076000022],[104.41604987800008,17.32124114900006],[104.40564739800004,17.28010683900004],[104.43506861300006,17.24099994100004],[104.40881935600004,17.138654186000053],[104.51716458600004,17.096843294000053],[104.57325743300004,17.07395323000003],[104.64558055600008,17.155221668000024]]]}},{"type":"Feature","id":"TH2409","properties":{"国家代码":"TH","行政层级":2,"行政层级中文":"县/曼谷区","行政区代码":"2409","上级行政区代码":"24","中文名称":"本尧县","泰文名称":"แปลงยาว","英文名称":"Pleang Yao","中文显示名":"本尧县","中文名状态":"Wikidata已有中文名","边界状态":"可绘制","边界文件":"泰国_ADM2_县区边界.geojson","边界要素ID":"TH2409","边界坐标系":"WGS84 / EPSG:4326","边界数据时点":"2019-02-21","Google原生边界支持":"泰国不支持ADM2","Google地图绘制方式":"加载本GeoJSON到Google Maps Data图层","边界来源":"RTSD/OCHA衍生简化边界（canonical package）"},"geometry":{"type":"Polygon","coordinates":[[[101.28187443000007,13.664424945000064],[101.26949409200006,13.674595160000024],[101.21287997100006,13.61628544000007],[101.24611993000008,13.569914478000044],[101.36691785300007,13.463661057000024],[101.48993617900004,13.444633272000033],[101.49334841900009,13.449408190000042],[101.39596915300007,13.553977824000071],[101.39574319900004,13.609282667000059],[101.28187443000007,13.664424945000064]]]}},{"type":"Feature","id":"TH8106","properties":{"国家代码":"TH","行政层级":2,"行政层级中文":"县/曼谷区","行政区代码":"8106","上级行政区代码":"81","中文名称":"拜拍耶县","泰文名称":"ปลายพระยา","英文名称":"Plai Phraya","中文显示名":"拜拍耶县","中文名状态":"Wikidata已有中文名","边界状态":"可绘制","边界文件":"泰国_ADM2_县区边界.geojson","边界要素ID":"TH8106","边界坐标系":"WGS84 / EPSG:4326","边界数据时点":"2019-02-21","Google原生边界支持":"泰国不支持ADM2","Google地图绘制方式":"加载本GeoJSON到Google Maps Data图层","边界来源":"RTSD/OCHA衍生简化边界（canonical package）"},"geometry":{"type":"Polygon","coordinates":[[[98.93463044700007,8.557891432000076],[98.88797645400007,8.681336976000068],[98.70343810700007,8.631978692000075],[98.68224796700008,8.550857716000053],[98.76660904600004,8.536552337000046],[98.75591695500003,8.454553461000046],[98.88534343200007,8.420642877000034],[98.92647770100007,8.448157007000077],[98.94102709500004,8.457184595000058],[98.93463044700007,8.557891432000076]]]}},{"type":"Feature","id":"TH2106","properties":{"国家代码":"TH","行政层级":2,"行政层级中文":"县/曼谷区","行政区代码":"2106","上级行政区代码":"21","中文名称":"布罗登县","泰文名称":"ปลวกแดง","英文名称":"Pluak Daeng","中文显示名":"布罗登县","中文名状态":"Wikidata已有中文名","边界状态":"可绘制","边界文件":"泰国_ADM2_县区边界.geojson","边界要素ID":"TH2106","边界坐标系":"WGS84 / EPSG:4326","边界数据时点":"2019-02-21","Google原生边界支持":"泰国不支持ADM2","Google地图绘制方式":"加载本GeoJSON到Google Maps Data图层","边界来源":"RTSD/OCHA衍生简化边界（canonical package）"},"geometry":{"type":"Polygon","coordinates":[[[101.21953094300005,13.077617260000068],[101.18394308500007,13.026728404000039],[101.08279373800008,13.004156126000055],[101.08816921300007,12.920569181000076],[101.15162230500005,12.930779447000077],[101.22395117900004,12.86375711200003],[101.26440489000004,12.866600662000053],[101.35876163200004,12.963933798000028],[101.41593846100005,12.96896208000004],[101.39409159900003,13.024810699000057],[101.32471891300008,13.08435793700005],[101.21953094300005,13.077617260000068]]]}},{"type":"Feature","id":"TH1008","properties":{"国家代码":"TH","行政层级":2,"行政层级中文":"县/曼谷区","行政区代码":"1008","上级行政区代码":"10","中文名称":"邦巴沙都拍县","泰文名称":"ป้อมปราบศัตรูพ่าย","英文名称":"Pom Prap Sattruphai","中文显示名":"邦巴沙都拍县","中文名状态":"Wikidata已有中文名","边界状态":"可绘制","边界文件":"泰国_ADM2_县区边界.geojson","边界要素ID":"TH1008","边界坐标系":"WGS84 / EPSG:4326","边界数据时点":"2019-02-21","Google原生边界支持":"泰国不支持ADM2","Google地图绘制方式":"加载本GeoJSON到Google Maps Data图层","边界来源":"RTSD/OCHA衍生简化边界（canonical package）"},"geometry":{"type":"Polygon","coordinates":[[[100.51568779700006,13.738046738000037],[100.51737146000005,13.753099860000077],[100.50939924600004,13.763650817000041],[100.50389819800006,13.746847599000034],[100.51568779700006,13.738046738000037]]]}},{"type":"Feature","id":"TH5606","properties":{"国家代码":"TH","行政层级":2,"行政层级中文":"县/曼谷区","行政区代码":"5606","上级行政区代码":"56","中文名称":"邦县","泰文名称":"ปง","英文名称":"Pong","中文显示名":"邦县","中文名状态":"Wikidata已有中文名","边界状态":"可绘制","边界文件":"泰国_ADM2_县区边界.geojson","边界要素ID":"TH5606","边界坐标系":"WGS84 / EPSG:4326","边界数据时点":"2019-02-21","Google原生边界支持":"泰国不支持ADM2","Google地图绘制方式":"加载本GeoJSON到Google Maps Data图层","边界来源":"RTSD/OCHA衍生简化边界（canonical package）"},"geometry":{"type":"Polygon","coordinates":[[[100.48809490400004,19.39955142100007],[100.35756568600004,19.392292824000037],[100.30913527100006,19.339653979000047],[100.23553882400006,19.34558903800007],[100.26456723100006,19.26371666500006],[100.14716185600008,19.204739338000024],[100.11484094900004,19.157081938000033],[100.11137828100004,19.02541177200004],[100.27191656900004,19.022243114000048],[100.31492884400006,19.070328535000044],[100.45701758500007,19.00944816200007],[100.49369389700007,19.052361318000067],[100.61454127300004,19.041908767000052],[100.56586416600004,19.072740434000025],[100.62218264700005,19.110212180000076],[100.61240346200003,19.312504578000073],[100.57092765300007,19.30460600600003],[100.48809490400004,19.39955142100007]]]}},{"type":"Feature","id":"TH2204","properties":{"国家代码":"TH","行政层级":2,"行政层级中文":"县/曼谷区","行政区代码":"2204","上级行政区代码":"22","中文名称":"邦南隆县","泰文名称":"โป่งน้ำร้อน","英文名称":"Pong Nam Ron","中文显示名":"邦南隆县","中文名状态":"Wikidata已有中文名","边界状态":"可绘制","边界文件":"泰国_ADM2_县区边界.geojson","边界要素ID":"TH2204","边界坐标系":"WGS84 / EPSG:4326","边界数据时点":"2019-02-21","Google原生边界支持":"泰国不支持ADM2","Google地图绘制方式":"加载本GeoJSON到Google Maps Data图层","边界来源":"RTSD/OCHA衍生简化边界（canonical package）"},"geometry":{"type":"Polygon","coordinates":[[[102.39998370300003,13.15912927900007],[102.33209308700003,13.122781487000054],[102.36258117600005,13.069126632000064],[102.23667630900007,13.039185275000023],[102.15479292100008,13.06089789400005],[102.23352120800007,12.885152235000021],[102.32143570700003,12.808970637000073],[102.37807018700005,12.761085323000032],[102.49116729900004,12.757238753000024],[102.50762102800007,12.752436102000047],[102.52961608900006,12.817816852000021],[102.49431446100004,13.013603476000071],[102.39998370300003,13.15912927900007]]]}},{"type":"Feature","id":"TH4125","properties":{"国家代码":"TH","行政层级":2,"行政层级中文":"县/曼谷区","行政区代码":"4125","上级行政区代码":"41","中文名称":"巴乍欣叻巴空县","泰文名称":"ประจักษ์ศิลปาคม","英文名称":"Prachaksinlapakhom","中文显示名":"巴乍欣叻巴空县","中文名状态":"Wikidata已有中文名","边界状态":"可绘制","边界文件":"泰国_ADM2_县区边界.geojson","边界要素ID":"TH4125","边界坐标系":"WGS84 / EPSG:4326","边界数据时点":"2019-02-21","Google原生边界支持":"泰国不支持ADM2","Google地图绘制方式":"加载本GeoJSON到Google Maps Data图层","边界来源":"RTSD/OCHA衍生简化边界（canonical package）"},"geometry":{"type":"Polygon","coordinates":[[[103.08393861900004,17.22088525500004],[102.94770354500008,17.32046588000003],[102.90055851500006,17.243738509000025],[102.93432483900006,17.20403958600002],[103.08856333600005,17.203280102000065],[103.08393861900004,17.22088525500004]]]}},{"type":"Feature","id":"TH2507","properties":{"国家代码":"TH","行政层级":2,"行政层级中文":"县/曼谷区","行政区代码":"2507","上级行政区代码":"25","中文名称":"巴占达堪县","泰文名称":"ประจันตคาม","英文名称":"Prachantakham","中文显示名":"巴占达堪县","中文名状态":"Wikidata已有中文名","边界状态":"可绘制","边界文件":"泰国_ADM2_县区边界.geojson","边界要素ID":"TH2507","边界坐标系":"WGS84 / EPSG:4326","边界数据时点":"2019-02-21","Google原生边界支持":"泰国不支持ADM2","Google地图绘制方式":"加载本GeoJSON到Google Maps Data图层","边界来源":"RTSD/OCHA衍生简化边界（canonical package）"},"geometry":{"type":"Polygon","coordinates":[[[101.62278523200007,14.42772321800004],[101.43691023400004,14.446279134000065],[101.43230425900003,14.389491131000057],[101.49620330900007,14.334109838000074],[101.50177978400006,14.269458128000053],[101.44086593500003,14.25509334800006],[101.49527060700007,14.10023850500005],[101.46337748500008,14.00862022800004],[101.59558955100005,13.98663840000006],[101.65928595000008,14.118486509000036],[101.67113328000005,14.190590868000072],[101.64896708500004,14.392524232000028],[101.62278523200007,14.42772321800004]]]}},{"type":"Feature","id":"TH3107","properties":{"国家代码":"TH","行政层级":2,"行政层级中文":"县/曼谷区","行政区代码":"3107","上级行政区代码":"31","中文名称":"巴坤猜县","泰文名称":"ประโคนชัย","英文名称":"Prakhon Chai","中文显示名":"巴坤猜县","中文名状态":"Wikidata已有中文名","边界状态":"可绘制","边界文件":"泰国_ADM2_县区边界.geojson","边界要素ID":"TH3107","边界坐标系":"WGS84 / EPSG:4326","边界数据时点":"2019-02-21","Google原生边界支持":"泰国不支持ADM2","Google地图绘制方式":"加载本GeoJSON到Google Maps Data图层","边界来源":"RTSD/OCHA衍生简化边界（canonical package）"},"geometry":{"type":"Polygon","coordinates":[[[103.25661848600004,14.682408718000033],[103.20086875600003,14.699274642000034],[103.14873992000008,14.624221319000071],[103.09592654100004,14.649081972000033],[103.11057459800008,14.739243975000022],[103.08530266800005,14.822155677000069],[103.05149078500006,14.83745201000005],[102.96169542800004,14.753430113000036],[102.95072910600004,14.682491778000042],[102.95334275500005,14.479079882000065],[102.97985036800009,14.430057669000064],[103.08447501000006,14.45062904200006],[103.21071178000005,14.580573411000046],[103.25661848600004,14.682408718000033]]]}},{"type":"Feature","id":"TH7706","properties":{"国家代码":"TH","行政层级":2,"行政层级中文":"县/曼谷区","行政区代码":"7706","上级行政区代码":"77","中文名称":"攀武里县","泰文名称":"ปราณบุรี","英文名称":"Pran Buri","中文显示名":"攀武里县","中文名状态":"Wikidata已有中文名","边界状态":"可绘制","边界文件":"泰国_ADM2_县区边界.geojson","边界要素ID":"TH7706","边界坐标系":"WGS84 / EPSG:4326","边界数据时点":"2019-02-21","Google原生边界支持":"泰国不支持ADM2","Google地图绘制方式":"加载本GeoJSON到Google Maps Data图层","边界来源":"RTSD/OCHA衍生简化边界（canonical package）"},"geometry":{"type":"Polygon","coordinates":[[[99.98333366800006,12.449546819000034],[99.80446175700007,12.469781303000048],[99.71298757000005,12.38877599500006],[99.61909498500006,12.344987619000051],[99.55789378800006,12.389484528000025],[99.60152676100006,12.418948525000076],[99.46052925000004,12.467351703000077],[99.42500661900004,12.448426752000046],[99.44354432600005,12.351334080000072],[99.69695736600005,12.322702621000076],[99.84811642600005,12.343948601000022],[99.99419212800007,12.330985159000022],[99.98333366800006,12.449546819000034]]]}},{"type":"Feature","id":"TH3307","properties":{"国家代码":"TH","行政层级":2,"行政层级中文":"县/曼谷区","行政区代码":"3307","上级行政区代码":"33","中文名称":"邦古县","泰文名称":"ปรางค์กู่","英文名称":"Prang Ku","中文显示名":"邦古县","中文名状态":"Wikidata已有中文名","边界状态":"可绘制","边界文件":"泰国_ADM2_县区边界.geojson","边界要素ID":"TH3307","边界坐标系":"WGS84 / EPSG:4326","边界数据时点":"2019-02-21","Google原生边界支持":"泰国不支持ADM2","Google地图绘制方式":"加载本GeoJSON到Google Maps Data图层","边界来源":"RTSD/OCHA衍生简化边界（canonical package）"},"geometry":{"type":"Polygon","coordinates":[[[104.13756972200008,14.899961311000027],[104.12534540400009,14.94471984200004],[104.09484664300004,14.938202029000024],[103.95600923900008,14.937722488000077],[103.92813397800006,14.903384493000033],[103.92325141000003,14.892818347000059],[103.90335724000005,14.843794208000077],[103.99444119800006,14.800155061000055],[103.99938704300007,14.747853317000022],[104.12815984300005,14.773725114000058],[104.13756972200008,14.899961311000027]]]}},{"type":"Feature","id":"TH3205","properties":{"国家代码":"TH","行政层级":2,"行政层级中文":"县/曼谷区","行政区代码":"3205","上级行政区代码":"32","中文名称":"巴塞县","泰文名称":"ปราสาท","英文名称":"Prasat","中文显示名":"巴塞县","中文名状态":"Wikidata已有中文名","边界状态":"可绘制","边界文件":"泰国_ADM2_县区边界.geojson","边界要素ID":"TH3205","边界坐标系":"WGS84 / EPSG:4326","边界数据时点":"2019-02-21","Google原生边界支持":"泰国不支持ADM2","Google地图绘制方式":"加载本GeoJSON到Google Maps Data图层","边界来源":"RTSD/OCHA衍生简化边界（canonical package）"},"geometry":{"type":"Polygon","coordinates":[[[103.60175147500007,14.686229457000024],[103.51526274100007,14.749665614000037],[103.44412710200004,14.738060610000048],[103.27912506600006,14.775337622000052],[103.26629260600004,14.766658384000038],[103.25661848600004,14.682408718000033],[103.21071178000005,14.580573411000046],[103.21140118600005,14.539904368000066],[103.27866782000007,14.499572722000039],[103.38746509100008,14.483246866000059],[103.42150094900006,14.523912664000022],[103.49705735300006,14.516406721000067],[103.62234087900003,14.57126368300004],[103.62957622100004,14.62865034400005],[103.60175147500007,14.686229457000024]]]}},{"type":"Feature","id":"TH3013","properties":{"国家代码":"TH","行政层级":2,"行政层级中文":"县/曼谷区","行政区代码":"3013","上级行政区代码":"30","中文名称":"巴泰县","泰文名称":"ประทาย","英文名称":"Prathai","中文显示名":"巴泰县","中文名状态":"Wikidata已有中文名","边界状态":"可绘制","边界文件":"泰国_ADM2_县区边界.geojson","边界要素ID":"TH3013","边界坐标系":"WGS84 / EPSG:4326","边界数据时点":"2019-02-21","Google原生边界支持":"泰国不支持ADM2","Google地图绘制方式":"加载本GeoJSON到Google Maps Data图层","边界来源":"RTSD/OCHA衍生简化边界（canonical package）"},"geometry":{"type":"Polygon","coordinates":[[[102.77659426100007,15.633593717000053],[102.67905688600007,15.727672864000056],[102.59780691900005,15.712458140000024],[102.60281505100005,15.66979133600006],[102.60825700600009,15.530932244000041],[102.60757161700008,15.445741859000066],[102.70020335500004,15.452792741000053],[102.75444120000009,15.431263426000044],[102.83348137400009,15.510829536000074],[102.79669696000008,15.531192086000033],[102.77659426100007,15.633593717000053]]]}},{"type":"Feature","id":"TH1032","properties":{"国家代码":"TH","行政层级":2,"行政层级中文":"县/曼谷区","行政区代码":"1032","上级行政区代码":"10","中文名称":"巴威县","泰文名称":"ประเวศ","英文名称":"Prawet","中文显示名":"巴威县","中文名状态":"Wikidata已有中文名","边界状态":"可绘制","边界文件":"泰国_ADM2_县区边界.geojson","边界要素ID":"TH1032","边界坐标系":"WGS84 / EPSG:4326","边界数据时点":"2019-02-21","Google原生边界支持":"泰国不支持ADM2","Google地图绘制方式":"加载本GeoJSON到Google Maps Data图层","边界来源":"RTSD/OCHA衍生简化边界（canonical package）"},"geometry":{"type":"Polygon","coordinates":[[[100.70839322600006,13.732496905000062],[100.65901055600006,13.737862488000076],[100.63411112400007,13.700761585000066],[100.64023600300004,13.677941022000027],[100.65379229100006,13.668975588000023],[100.70999435100003,13.716782075000026],[100.70839322600006,13.732496905000062]]]}},{"type":"Feature","id":"TH5505","properties":{"国家代码":"TH","行政层级":2,"行政层级中文":"县/曼谷区","行政区代码":"5505","上级行政区代码":"55","中文名称":"磨县","泰文名称":"ปัว","英文名称":"Pua","中文显示名":"磨县","中文名状态":"Wikidata已有中文名","边界状态":"可绘制","边界文件":"泰国_ADM2_县区边界.geojson","边界要素ID":"TH5505","边界坐标系":"WGS84 / EPSG:4326","边界数据时点":"2019-02-21","Google原生边界支持":"泰国不支持ADM2","Google地图绘制方式":"加载本GeoJSON到Google Maps Data图层","边界来源":"RTSD/OCHA衍生简化边界（canonical package）"},"geometry":{"type":"Polygon","coordinates":[[[101.08170938000006,19.381914625000036],[101.01017099800004,19.338149568000063],[101.04109512400004,19.299639573000036],[100.86098923200007,19.222442681000075],[100.79193162600006,19.234242863000077],[100.81163083100006,19.149789939000073],[100.87554499900006,19.145867526000075],[100.93311050900007,19.03892852900003],[100.90409875800003,18.976210082000023],[101.09127986700008,18.961326324000026],[101.06323091400009,18.989647314000024],[101.07094085800009,19.127412244000027],[101.12953708000003,19.20931295300005],[101.11313837600005,19.346462874000053],[101.08170938000006,19.381914625000036]]]}},{"type":"Feature","id":"TH4011","properties":{"国家代码":"TH","行政层级":2,"行政层级中文":"县/曼谷区","行政区代码":"4011","上级行政区代码":"40","中文名称":"佩内县","泰文名称":"เปือยน้อย","英文名称":"Pueai Noi","中文显示名":"佩内县","中文名状态":"Wikidata已有中文名","边界状态":"可绘制","边界文件":"泰国_ADM2_县区边界.geojson","边界要素ID":"TH4011","边界坐标系":"WGS84 / EPSG:4326","边界数据时点":"2019-02-21","Google原生边界支持":"泰国不支持ADM2","Google地图绘制方式":"加载本GeoJSON到Google Maps Data图层","边界来源":"RTSD/OCHA衍生简化边界（canonical package）"},"geometry":{"type":"Polygon","coordinates":[[[102.90134402500007,15.970035756000073],[102.86643834800009,15.971194039000068],[102.78112431500006,15.87700697400004],[102.92688094800008,15.816932889000043],[102.90116517300004,15.91077814700003],[102.90134402500007,15.970035756000073]]]}},{"type":"Feature","id":"TH9605","properties":{"国家代码":"TH","行政层级":2,"行政层级中文":"县/曼谷区","行政区代码":"9605","上级行政区代码":"96","中文名称":"拉皑县","泰文名称":"ระแงะ","英文名称":"Ra-Ngae","中文显示名":"拉皑县","中文名状态":"Wikidata已有中文名","边界状态":"可绘制","边界文件":"泰国_ADM2_县区边界.geojson","边界要素ID":"TH9605","边界坐标系":"WGS84 / EPSG:4326","边界数据时点":"2019-02-21","Google原生边界支持":"泰国不支持ADM2","Google地图绘制方式":"加载本GeoJSON到Google Maps Data图层","边界来源":"RTSD/OCHA衍生简化边界（canonical package）"},"geometry":{"type":"Polygon","coordinates":[[[101.63591660200007,6.368956227000069],[101.60099134600006,6.317841720000047],[101.62828762800007,6.180893811000033],[101.71221241900008,6.187694992000047],[101.74863762500007,6.117584996000062],[101.80185691300005,6.129716704000032],[101.76060898800006,6.232792715000073],[101.82211605500004,6.298502015000054],[101.72106031000004,6.347393670000031],[101.63591660200007,6.368956227000069]]]}},{"type":"Feature","id":"TH9506","properties":{"国家代码":"TH","行政层级":2,"行政层级中文":"县/曼谷区","行政区代码":"9506","上级行政区代码":"95","中文名称":"拉曼县","泰文名称":"รามัน","英文名称":"Raman","中文显示名":"拉曼县","中文名状态":"Wikidata已有中文名","边界状态":"可绘制","边界文件":"泰国_ADM2_县区边界.geojson","边界要素ID":"TH9506","边界坐标系":"WGS84 / EPSG:4326","边界数据时点":"2019-02-21","Google原生边界支持":"泰国不支持ADM2","Google地图绘制方式":"加载本GeoJSON到Google Maps Data图层","边界来源":"RTSD/OCHA衍生简化边界（canonical package）"},"geometry":{"type":"Polygon","coordinates":[[[101.50236486500006,6.603703730000063],[101.38244364100007,6.569576460000064],[101.35487452600006,6.5571950630000515],[101.30385230400003,6.446496532000026],[101.32561287500005,6.3917346860000634],[101.38779984700005,6.335564738000073],[101.42488644300005,6.422483691000025],[101.46917008400004,6.426180402000057],[101.59076258800008,6.512082323000072],[101.59243153100005,6.56560236200005],[101.50236486500006,6.603703730000063]]]}},{"type":"Feature","id":"TH9007","properties":{"国家代码":"TH","行政层级":2,"行政层级中文":"县/曼谷区","行政区代码":"9007","上级行政区代码":"90","中文名称":"拉诺县","泰文名称":"ระโนด","英文名称":"Ranot","中文显示名":"拉诺县","中文名状态":"Wikidata已有中文名","边界状态":"可绘制","边界文件":"泰国_ADM2_县区边界.geojson","边界要素ID":"TH9007","边界坐标系":"WGS84 / EPSG:4326","边界数据时点":"2019-02-21","Google原生边界支持":"泰国不支持ADM2","Google地图绘制方式":"加载本GeoJSON到Google Maps Data图层","边界来源":"RTSD/OCHA衍生简化边界（canonical package）"},"geometry":{"type":"Polygon","coordinates":[[[100.33657390400003,7.931797047000032],[100.17749518400007,7.876479127000039],[100.21843506600004,7.712163715000031],[100.22005766600006,7.695345519000057],[100.34309595900004,7.717612374000055],[100.36796800600007,7.6141069410000455],[100.40793725300006,7.621994584000049],[100.33657390400003,7.931797047000032]]]}},{"type":"Feature","id":"TH3309","properties":{"国家代码":"TH","行政层级":2,"行政层级中文":"县/曼谷区","行政区代码":"3309","上级行政区代码":"33","中文名称":"拉是沙莱县","泰文名称":"ราษีไศล","英文名称":"Rasi Salai","中文显示名":"拉是沙莱县","中文名状态":"Wikidata已有中文名","边界状态":"可绘制","边界文件":"泰国_ADM2_县区边界.geojson","边界要素ID":"TH3309","边界坐标系":"WGS84 / EPSG:4326","边界数据时点":"2019-02-21","Google原生边界支持":"泰国不支持ADM2","Google地图绘制方式":"加载本GeoJSON到Google Maps Data图层","边界来源":"RTSD/OCHA衍生简化边界（canonical package）"},"geometry":{"type":"Polygon","coordinates":[[[104.23286340900006,15.403150238000023],[104.17112029300006,15.472411446000024],[104.06434955900005,15.412428000000034],[104.02037911900004,15.470515704000036],[103.98900059900006,15.406978390000063],[104.05695877000005,15.40448918900006],[104.06399142100008,15.34950810500004],[104.11439532500003,15.281854687000077],[104.24533577300008,15.226511735000031],[104.29021354500009,15.247629577000055],[104.34548914200008,15.34188105100003],[104.23286340900006,15.403150238000023]]]}},{"type":"Feature","id":"TH1024","properties":{"国家代码":"TH","行政层级":2,"行政层级中文":"县/曼谷区","行政区代码":"1024","上级行政区代码":"10","中文名称":"叻武拉纳县","泰文名称":"ราษฎร์บูรณะ","英文名称":"Rat Burana","中文显示名":"叻武拉纳县","中文名状态":"Wikidata已有中文名","边界状态":"可绘制","边界文件":"泰国_ADM2_县区边界.geojson","边界要素ID":"TH1024","边界坐标系":"WGS84 / EPSG:4326","边界数据时点":"2019-02-21","Google原生边界支持":"泰国不支持ADM2","Google地图绘制方式":"加载本GeoJSON到Google Maps Data图层","边界来源":"RTSD/OCHA衍生简化边界（canonical package）"},"geometry":{"type":"Polygon","coordinates":[[[100.48999809100007,13.695261866000067],[100.48254528000007,13.694834889000049],[100.47579651200004,13.661882128000059],[100.51751520700009,13.661599672000023],[100.52340115700008,13.677882705000059],[100.51698184600008,13.682678629000065],[100.48999809100007,13.695261866000067]]]}},{"type":"Feature","id":"TH2407","properties":{"国家代码":"TH","行政层级":2,"行政层级中文":"县/曼谷区","行政区代码":"2407","上级行政区代码":"24","中文名称":"叻差讪县","泰文名称":"ราชสาส์น","英文名称":"Ratchasan","中文显示名":"叻差讪县","中文名状态":"Wikidata已有中文名","边界状态":"可绘制","边界文件":"泰国_ADM2_县区边界.geojson","边界要素ID":"TH2407","边界坐标系":"WGS84 / EPSG:4326","边界数据时点":"2019-02-21","Google原生边界支持":"泰国不支持ADM2","Google地图绘制方式":"加载本GeoJSON到Google Maps Data图层","边界来源":"RTSD/OCHA衍生简化边界（canonical package）"},"geometry":{"type":"Polygon","coordinates":[[[101.33618988900008,13.861118066000074],[101.24969343200007,13.866048281000076],[101.24300911600005,13.719593924000037],[101.26949409200006,13.674595160000024],[101.28187443000007,13.664424945000064],[101.33618988900008,13.861118066000074]]]}},{"type":"Feature","id":"TH1037","properties":{"国家代码":"TH","行政层级":2,"行政层级中文":"县/曼谷区","行政区代码":"1037","上级行政区代码":"10","中文名称":"拉差贴威县","泰文名称":"ราชเทวี","英文名称":"Rat Thewi","中文显示名":"拉差贴威县","中文名状态":"Wikidata已有中文名","边界状态":"可绘制","边界文件":"泰国_ADM2_县区边界.geojson","边界要素ID":"TH1037","边界坐标系":"WGS84 / EPSG:4326","边界数据时点":"2019-02-21","Google原生边界支持":"泰国不支持ADM2","Google地图绘制方式":"加载本GeoJSON到Google Maps Data图层","边界来源":"RTSD/OCHA衍生简化边界（canonical package）"},"geometry":{"type":"Polygon","coordinates":[[[100.56496850000008,13.75512621300004],[100.54343121400007,13.762715976000038],[100.52788649100006,13.774338363000027],[100.51916671800006,13.752732672000036],[100.55007543800008,13.748403346000032],[100.56329744400006,13.747890403000042],[100.56496850000008,13.75512621300004]]]}},{"type":"Feature","id":"TH9209","properties":{"国家代码":"TH","行政层级":2,"行政层级中文":"县/曼谷区","行政区代码":"9209","上级行政区代码":"92","中文名称":"拉沙达县","泰文名称":"รัษฎา","英文名称":"Ratsada","中文显示名":"拉沙达县","中文名状态":"Wikidata已有中文名","边界状态":"可绘制","边界文件":"泰国_ADM2_县区边界.geojson","边界要素ID":"TH9209","边界坐标系":"WGS84 / EPSG:4326","边界数据时点":"2019-02-21","Google原生边界支持":"泰国不支持ADM2","Google地图绘制方式":"加载本GeoJSON到Google Maps Data图层","边界来源":"RTSD/OCHA衍生简化边界（canonical package）"},"geometry":{"type":"Polygon","coordinates":[[[99.74044621000007,7.926631396000062],[99.75308218200007,8.007832903000065],[99.60284263800008,7.983427509000023],[99.56258753800006,7.9250660440000615],[99.62850312900008,7.912493667000035],[99.69307621000007,7.845816968000065],[99.74044621000007,7.926631396000062]]]}},{"type":"Feature","id":"TH3207","properties":{"国家代码":"TH","行政层级":2,"行政层级中文":"县/曼谷区","行政区代码":"3207","上级行政区代码":"32","中文名称":"拉他那武里县","泰文名称":"รัตนบุรี","英文名称":"Rattanaburi","中文显示名":"拉他那武里县","中文名状态":"Wikidata已有中文名","边界状态":"可绘制","边界文件":"泰国_ADM2_县区边界.geojson","边界要素ID":"TH3207","边界坐标系":"WGS84 / EPSG:4326","边界数据时点":"2019-02-21","Google原生边界支持":"泰国不支持ADM2","Google地图绘制方式":"加载本GeoJSON到Google Maps Data图层","边界来源":"RTSD/OCHA衍生简化边界（canonical package）"},"geometry":{"type":"Polygon","coordinates":[[[103.98900059900006,15.406978390000063],[103.85492563600008,15.465958166000064],[103.82840478800006,15.451330547000055],[103.77477259800008,15.377803167000025],[103.75922916700006,15.294758702000024],[103.79302297400005,15.20589327700003],[103.84079050000008,15.20245701400006],[103.87239936800006,15.288608048000071],[103.98432693200004,15.230795191000027],[103.99682811900004,15.252214137000067],[104.01524377900006,15.289547106000043],[104.06399142100008,15.34950810500004],[104.05695877000005,15.40448918900006],[103.98900059900006,15.406978390000063]]]}},{"type":"Feature","id":"TH4316","properties":{"国家代码":"TH","行政层级":2,"行政层级中文":"县/曼谷区","行政区代码":"4316","上级行政区代码":"43","中文名称":"拉达那瓦比县","泰文名称":"รัตนวาปี","英文名称":"Rattanawapi","中文显示名":"拉达那瓦比县","中文名状态":"Wikidata已有中文名","边界状态":"可绘制","边界文件":"泰国_ADM2_县区边界.geojson","边界要素ID":"TH4316","边界坐标系":"WGS84 / EPSG:4326","边界数据时点":"2019-02-21","Google原生边界支持":"泰国不支持ADM2","Google地图绘制方式":"加载本GeoJSON到Google Maps Data图层","边界来源":"RTSD/OCHA衍生简化边界（canonical package）"},"geometry":{"type":"Polygon","coordinates":[[[103.36638776100006,18.164330981000035],[103.27100699500005,18.235445654000046],[103.29858912300006,18.305247632000032],[103.16813651200005,18.257758143000046],[103.13820630900005,18.16366967700003],[103.20586553500004,18.110765627000035],[103.29596584600006,18.120379895000042],[103.36638776100006,18.164330981000035]]]}},{"type":"Feature","id":"TH9009","properties":{"国家代码":"TH","行政层级":2,"行政层级中文":"县/曼谷区","行政区代码":"9009","上级行政区代码":"90","中文名称":"拉达蓬县","泰文名称":"รัตภูมิ","英文名称":"Rattaphum","中文显示名":"拉达蓬县","中文名状态":"Wikidata已有中文名","边界状态":"可绘制","边界文件":"泰国_ADM2_县区边界.geojson","边界要素ID":"TH9009","边界坐标系":"WGS84 / EPSG:4326","边界数据时点":"2019-02-21","Google原生边界支持":"泰国不支持ADM2","Google地图绘制方式":"加载本GeoJSON到Google Maps Data图层","边界来源":"RTSD/OCHA衍生简化边界（canonical package）"},"geometry":{"type":"Polygon","coordinates":[[[100.31673402100006,7.231349110000053],[100.30602617100004,7.20978384700004],[100.11432726400005,7.166617762000044],[100.05721977100006,7.10757965800002],[100.06347967200008,7.017114919000051],[100.12174551000004,6.923864598000023],[100.20716119800005,6.8957554890000665],[100.19413197800009,6.975390650000065],[100.30295824200005,7.039408641000023],[100.33202769700006,7.087845737000066],[100.31673402100006,7.231349110000053]]]}},{"type":"Feature","id":"TH4806","properties":{"国家代码":"TH","行政层级":2,"行政层级中文":"县/曼谷区","行政区代码":"4806","上级行政区代码":"48","中文名称":"雷努那空县","泰文名称":"เรณูนคร","英文名称":"Renu Nakhon","中文显示名":"雷努那空县","中文名状态":"Wikidata已有中文名","边界状态":"可绘制","边界文件":"泰国_ADM2_县区边界.geojson","边界要素ID":"TH4806","边界坐标系":"WGS84 / EPSG:4326","边界数据时点":"2019-02-21","Google原生边界支持":"泰国不支持ADM2","Google地图绘制方式":"加载本GeoJSON到Google Maps Data图层","边界来源":"RTSD/OCHA衍生简化边界（canonical package）"},"geometry":{"type":"Polygon","coordinates":[[[104.63331671700007,16.95155767600005],[104.71496653100007,17.024793482000064],[104.71664930500003,17.103214582000078],[104.66201997300004,17.16285997500006],[104.64558055600008,17.155221668000024],[104.57325743300004,17.07395323000003],[104.58102234600005,16.98007603800005],[104.63331671700007,16.95155767600005]]]}},{"type":"Feature","id":"TH8013","properties":{"国家代码":"TH","行政层级":2,"行政层级中文":"县/曼谷区","行政区代码":"8013","上级行政区代码":"80","中文名称":"隆披汶县","泰文名称":"ร่อนพิบูลย์","英文名称":"Ron Phibun","中文显示名":"隆披汶县","中文名状态":"Wikidata已有中文名","边界状态":"可绘制","边界文件":"泰国_ADM2_县区边界.geojson","边界要素ID":"TH8013","边界坐标系":"WGS84 / EPSG:4326","边界数据时点":"2019-02-21","Google原生边界支持":"泰国不支持ADM2","Google地图绘制方式":"加载本GeoJSON到Google Maps Data图层","边界来源":"RTSD/OCHA衍生简化边界（canonical package）"},"geometry":{"type":"Polygon","coordinates":[[[99.86009651900008,8.306248985000025],[99.75730818000005,8.259605874000044],[99.80129466200003,8.200271091000047],[99.77117335600008,8.068411165000043],[99.80994041900004,8.137576521000028],[99.96106188000005,8.082881264000036],[100.02765194200003,8.126388604000056],[99.99276496100003,8.238826556000049],[99.94211439400004,8.266651867000064],[99.86009651900008,8.306248985000025]]]}},{"type":"Feature","id":"TH4604","properties":{"国家代码":"TH","行政层级":2,"行政层级中文":"县/曼谷区","行政区代码":"4604","上级行政区代码":"46","中文名称":"荣堪县","泰文名称":"ร่องคำ","英文名称":"Rong Kham","中文显示名":"荣堪县","中文名状态":"Wikidata已有中文名","边界状态":"可绘制","边界文件":"泰国_ADM2_县区边界.geojson","边界要素ID":"TH4604","边界坐标系":"WGS84 / EPSG:4326","边界数据时点":"2019-02-21","Google原生边界支持":"泰国不支持ADM2","Google地图绘制方式":"加载本GeoJSON到Google Maps Data图层","边界来源":"RTSD/OCHA衍生简化边界（canonical package）"},"geometry":{"type":"Polygon","coordinates":[[[103.72303221100009,16.22084116900004],[103.75411051900005,16.303596742000025],[103.70942319400007,16.36466936000005],[103.70473423900006,16.221528845000023],[103.70909426400004,16.219597599000053],[103.72303221100009,16.22084116900004]]]}},{"type":"Feature","id":"TH5402","properties":{"国家代码":"TH","行政层级":2,"行政层级中文":"县/曼谷区","行政区代码":"5402","上级行政区代码":"54","中文名称":"隆光县","泰文名称":"ร้องกวาง","英文名称":"Mueang Phrae","中文显示名":"隆光县","中文名状态":"Wikidata已有中文名","边界状态":"可绘制","边界文件":"泰国_ADM2_县区边界.geojson","边界要素ID":"TH5402","边界坐标系":"WGS84 / EPSG:4326","边界数据时点":"2019-02-21","Google原生边界支持":"泰国不支持ADM2","Google地图绘制方式":"加载本GeoJSON到Google Maps Data图层","边界来源":"RTSD/OCHA衍生简化边界（canonical package）"},"geometry":{"type":"Polygon","coordinates":[[[100.55039903000005,18.419308399000045],[100.54186485200006,18.48922513900004],[100.39931541800007,18.48575016800004],[100.39268491700005,18.419296804000055],[100.31998268700005,18.466912196000067],[100.21310870300005,18.382206754000038],[100.20545957100006,18.317537273000028],[100.27503052700007,18.259370747000048],[100.30327582000007,18.180460636000078],[100.41437905900005,18.153567800000076],[100.47647280900009,18.260218833000067],[100.47983351200008,18.318518294000057],[100.55039903000005,18.419308399000045]]]}},{"type":"Feature","id":"TH9606","properties":{"国家代码":"TH","行政层级":2,"行政层级中文":"县/曼谷区","行政区代码":"9606","上级行政区代码":"96","中文名称":"芦梭县","泰文名称":"รือเสาะ","英文名称":"Rueso","中文显示名":"芦梭县","中文名状态":"Wikidata已有中文名","边界状态":"可绘制","边界文件":"泰国_ADM2_县区边界.geojson","边界要素ID":"TH9606","边界坐标系":"WGS84 / EPSG:4326","边界数据时点":"2019-02-21","Google原生边界支持":"泰国不支持ADM2","Google地图绘制方式":"加载本GeoJSON到Google Maps Data图层","边界来源":"RTSD/OCHA衍生简化边界（canonical package）"},"geometry":{"type":"Polygon","coordinates":[[[101.63634355600004,6.472036279000065],[101.59076258800008,6.512082323000072],[101.46917008400004,6.426180402000057],[101.42488644300005,6.422483691000025],[101.38779984700005,6.335564738000073],[101.39844426200006,6.23142746000002],[101.48425424900006,6.251769000000024],[101.50530488400005,6.303852046000031],[101.60099134600006,6.317841720000047],[101.63591660200007,6.368956227000069],[101.63634355600004,6.472036279000065]]]}},{"type":"Feature","id":"TH1608","properties":{"国家代码":"TH","行政层级":2,"行政层级中文":"县/曼谷区","行政区代码":"1608","上级行政区代码":"16","中文名称":"沙博县","泰文名称":"สระโบสถ์","英文名称":"Sa Bot","中文显示名":"沙博县","中文名状态":"Wikidata已有中文名","边界状态":"可绘制","边界文件":"泰国_ADM2_县区边界.geojson","边界要素ID":"TH1608","边界坐标系":"WGS84 / EPSG:4326","边界数据时点":"2019-02-21","Google原生边界支持":"泰国不支持ADM2","Google地图绘制方式":"加载本GeoJSON到Google Maps Data图层","边界来源":"RTSD/OCHA衍生简化边界（canonical package）"},"geometry":{"type":"Polygon","coordinates":[[[100.95344478200008,15.290952171000072],[100.80398800200004,15.31488015900004],[100.76094807800007,15.236199773000067],[100.77543058400005,15.157106400000032],[100.93475040200008,15.166011316000038],[100.97731253300009,15.20624371200006],[100.95344478200008,15.290952171000072]]]}},{"type":"Feature","id":"TH9006","properties":{"国家代码":"TH","行政层级":2,"行政层级中文":"县/曼谷区","行政区代码":"9006","上级行政区代码":"90","中文名称":"沙巴锐县","泰文名称":"สะบ้าย้อย","英文名称":"Saba Yoi","中文显示名":"沙巴锐县","中文名状态":"Wikidata已有中文名","边界状态":"可绘制","边界文件":"泰国_ADM2_县区边界.geojson","边界要素ID":"TH9006","边界坐标系":"WGS84 / EPSG:4326","边界数据时点":"2019-02-21","Google原生边界支持":"泰国不支持ADM2","Google地图绘制方式":"加载本GeoJSON到Google Maps Data图层","边界来源":"RTSD/OCHA衍生简化边界（canonical package）"},"geometry":{"type":"Polygon","coordinates":[[[101.05696059300004,6.67753177000003],[100.95602705100004,6.707994235000058],[100.91415632000007,6.635533057000032],[100.81088474700005,6.647120064000035],[100.74023225200006,6.5072861660000285],[100.81025072500006,6.44465841300007],[100.84104279900004,6.300423765000062],[100.91214657600005,6.303420234000043],[100.91815808800004,6.408524514000021],[100.97692937700003,6.486331240000027],[101.03467357500006,6.485744666000073],[101.09021512400005,6.608214353000051],[101.10361983100006,6.627967249000051],[101.05696059300004,6.67753177000003]]]}},{"type":"Feature","id":"TH9010","properties":{"国家代码":"TH","行政层级":2,"行政层级中文":"县/曼谷区","行政区代码":"9010","上级行政区代码":"90","中文名称":"沙道县","泰文名称":"สะเดา","英文名称":"Sadao","中文显示名":"沙道县","中文名状态":"Wikidata已有中文名","边界状态":"可绘制","边界文件":"泰国_ADM2_县区边界.geojson","边界要素ID":"TH9010","边界坐标系":"WGS84 / EPSG:4326","边界数据时点":"2019-02-21","Google原生边界支持":"泰国不支持ADM2","Google地图绘制方式":"加载本GeoJSON到Google Maps Data图层","边界来源":"RTSD/OCHA衍生简化边界（canonical package）"},"geometry":{"type":"Polygon","coordinates":[[[100.45025308000004,6.835567769000022],[100.35492989500005,6.782913525000026],[100.23690804700004,6.787032611000029],[100.20589952500006,6.841822556000068],[100.19162110800005,6.8089398780000465],[100.20442080600009,6.726748106000059],[100.28957743200004,6.710587861000022],[100.35968240500006,6.548205496000037],[100.60819698400007,6.4723311940000485],[100.54501990000006,6.724753848000034],[100.58177200000006,6.787416922000034],[100.45025308000004,6.835567769000022]]]}},{"type":"Feature","id":"TH4609","properties":{"国家代码":"TH","行政层级":2,"行政层级中文":"县/曼谷区","行政区代码":"4609","上级行政区代码":"46","中文名称":"沙哈坎县","泰文名称":"สหัสขันธ์","英文名称":"Sahatsakhan","中文显示名":"沙哈坎县","中文名状态":"Wikidata已有中文名","边界状态":"可绘制","边界文件":"泰国_ADM2_县区边界.geojson","边界要素ID":"TH4609","边界坐标系":"WGS84 / EPSG:4326","边界数据时点":"2019-02-21","Google原生边界支持":"泰国不支持ADM2","Google地图绘制方式":"加载本GeoJSON到Google Maps Data图层","边界来源":"RTSD/OCHA衍生简化边界（canonical package）"},"geometry":{"type":"Polygon","coordinates":[[[103.58848292800008,16.839763506000054],[103.53961528900004,16.76525854600004],[103.47738413300004,16.759700124000062],[103.46020127600008,16.676757725000073],[103.66149510300005,16.629811440000026],[103.69631714000008,16.718312191000052],[103.63710052500005,16.76684498000003],[103.58848292800008,16.839763506000054]]]}},{"type":"Feature","id":"TH9407","properties":{"国家代码":"TH","行政层级":2,"行政层级中文":"县/曼谷区","行政区代码":"9407","上级行政区代码":"94","中文名称":"柿武里县","泰文名称":"สายบุรี","英文名称":"Sai Buri","中文显示名":"柿武里县","中文名状态":"Wikidata已有中文名","边界状态":"可绘制","边界文件":"泰国_ADM2_县区边界.geojson","边界要素ID":"TH9407","边界坐标系":"WGS84 / EPSG:4326","边界数据时点":"2019-02-21","Google原生边界支持":"泰国不支持ADM2","Google地图绘制方式":"加载本GeoJSON到Google Maps Data图层","边界来源":"RTSD/OCHA衍生简化边界（canonical package）"},"geometry":{"type":"Polygon","coordinates":[[[101.66377691100007,6.671549918000039],[101.59532410800006,6.781710246000046],[101.50123982900004,6.733949216000042],[101.48665708100003,6.7126176060000375],[101.51070959100008,6.675923386000022],[101.58668031700006,6.626373642000033],[101.63140115900006,6.635138712000071],[101.66377691100007,6.671549918000039]]]}},{"type":"Feature","id":"TH1042","properties":{"国家代码":"TH","行政层级":2,"行政层级中文":"县/曼谷区","行政区代码":"1042","上级行政区代码":"10","中文名称":"晒迈县","泰文名称":"สายไหม","英文名称":"Sai Mai","中文显示名":"晒迈县","中文名状态":"Wikidata已有中文名","边界状态":"可绘制","边界文件":"泰国_ADM2_县区边界.geojson","边界要素ID":"TH1042","边界坐标系":"WGS84 / EPSG:4326","边界数据时点":"2019-02-21","Google原生边界支持":"泰国不支持ADM2","Google地图绘制方式":"加载本GeoJSON到Google Maps Data图层","边界来源":"RTSD/OCHA衍生简化边界（canonical package）"},"geometry":{"type":"Polygon","coordinates":[[[100.68695337600008,13.916254426000023],[100.62254545900004,13.950251041000058],[100.61113183000003,13.899779846000058],[100.68449650700006,13.87424829300005],[100.68695337600008,13.916254426000023]]]}},{"type":"Feature","id":"TH3502","properties":{"国家代码":"TH","行政层级":2,"行政层级中文":"县/曼谷区","行政区代码":"3502","上级行政区代码":"35","中文名称":"赛蒙县","泰文名称":"ทรายมูล","英文名称":"Sai Mun","中文显示名":"赛蒙县","中文名状态":"Wikidata已有中文名","边界状态":"可绘制","边界文件":"泰国_ADM2_县区边界.geojson","边界要素ID":"TH3502","边界坐标系":"WGS84 / EPSG:4326","边界数据时点":"2019-02-21","Google原生边界支持":"泰国不支持ADM2","Google地图绘制方式":"加载本GeoJSON到Google Maps Data图层","边界来源":"RTSD/OCHA衍生简化边界（canonical package）"},"geometry":{"type":"Polygon","coordinates":[[[104.33045762900008,15.901703582000039],[104.22010363900006,16.05180709600006],[104.13357358900004,16.01173453100006],[104.17153262200009,16.084350311000037],[104.10692188400009,16.097593071000063],[104.09374782900005,15.977546450000034],[104.20985279400008,15.910010076000049],[104.33045762900008,15.901703582000039]]]}},{"type":"Feature","id":"TH6202","properties":{"国家代码":"TH","行政层级":2,"行政层级中文":"县/曼谷区","行政区代码":"6202","上级行政区代码":"62","中文名称":"赛岸县","泰文名称":"ไทรงาม","英文名称":"Sai Ngam","中文显示名":"赛岸县","中文名状态":"Wikidata已有中文名","边界状态":"可绘制","边界文件":"泰国_ADM2_县区边界.geojson","边界要素ID":"TH6202","边界坐标系":"WGS84 / EPSG:4326","边界数据时点":"2019-02-21","Google原生边界支持":"泰国不支持ADM2","Google地图绘制方式":"加载本GeoJSON到Google Maps Data图层","边界来源":"RTSD/OCHA衍生简化边界（canonical package）"},"geometry":{"type":"Polygon","coordinates":[[[100.03466242900004,16.502250434000075],[99.88663354400006,16.538542689000053],[99.74684813300007,16.53078557300006],[99.70506121300008,16.40735425300005],[99.77170079100006,16.346894982000038],[99.99540943900007,16.35626459200006],[99.99383106800008,16.43500653500007],[100.03466242900004,16.502250434000075]]]}},{"type":"Feature","id":"TH1205","properties":{"国家代码":"TH","行政层级":2,"行政层级中文":"县/曼谷区","行政区代码":"1205","上级行政区代码":"12","中文名称":"赛内县","泰文名称":"ไทรน้อย","英文名称":"Sai Noi","中文显示名":"赛内县","中文名状态":"Wikidata已有中文名","边界状态":"可绘制","边界文件":"泰国_ADM2_县区边界.geojson","边界要素ID":"TH1205","边界坐标系":"WGS84 / EPSG:4326","边界数据时点":"2019-02-21","Google原生边界支持":"泰国不支持ADM2","Google地图绘制方式":"加载本GeoJSON到Google Maps Data图层","边界来源":"RTSD/OCHA衍生简化边界（canonical package）"},"geometry":{"type":"Polygon","coordinates":[[[100.35576105900009,14.000445546000037],[100.34404018300006,14.115030502000025],[100.28179029100005,14.126881928000046],[100.26406632100009,14.01016809600003],[100.28597582100008,13.892333072000042],[100.29681910800008,13.869552457000054],[100.34176289000004,13.883369329000061],[100.35576105900009,14.000445546000037]]]}},{"type":"Feature","id":"TH6208","properties":{"国家代码":"TH","行政层级":2,"行政层级中文":"县/曼谷区","行政区代码":"6208","上级行政区代码":"62","中文名称":"赛通瓦他那县","泰文名称":"ทรายทองวัฒนา","英文名称":"Sai Thong Watthana","中文显示名":"赛通瓦他那县","中文名状态":"Wikidata已有中文名","边界状态":"可绘制","边界文件":"泰国_ADM2_县区边界.geojson","边界要素ID":"TH6208","边界坐标系":"WGS84 / EPSG:4326","边界数据时点":"2019-02-21","Google原生边界支持":"泰国不支持ADM2","Google地图绘制方式":"加载本GeoJSON到Google Maps Data图层","边界来源":"RTSD/OCHA衍生简化边界（canonical package）"},"geometry":{"type":"Polygon","coordinates":[[[99.99540943900007,16.35626459200006],[99.77170079100006,16.346894982000038],[99.75825745000009,16.288261973000033],[99.89594970400003,16.23648296400006],[100.00184870500004,16.34278520600003],[99.99540943900007,16.35626459200006]]]}},{"type":"Feature","id":"TH7102","properties":{"国家代码":"TH","行政层级":2,"行政层级中文":"县/曼谷区","行政区代码":"7102","上级行政区代码":"71","中文名称":"柿约县","泰文名称":"ไทรโยค","英文名称":"Sai Yok","中文显示名":"柿约县","中文名状态":"Wikidata已有中文名","边界状态":"可绘制","边界文件":"泰国_ADM2_县区边界.geojson","边界要素ID":"TH7102","边界坐标系":"WGS84 / EPSG:4326","边界数据时点":"2019-02-21","Google原生边界支持":"泰国不支持ADM2","Google地图绘制方式":"加载本GeoJSON到Google Maps Data图层","边界来源":"RTSD/OCHA衍生简化边界（canonical package）"},"geometry":{"type":"Polygon","coordinates":[[[98.91876416000008,14.525764853000055],[98.83585208200009,14.55838848600007],[98.79234976200007,14.523703473000069],[98.65804645100008,14.543083556000056],[98.56574416100005,14.49807469600006],[98.53335444600003,14.442886796000039],[98.63003791900007,14.315959984000074],[98.90028736500005,14.108220680000045],[98.96731657500004,14.082835700000032],[99.02059922500007,13.946455601000025],[99.06902366000008,13.989209122000034],[99.15781038800009,13.918006494000053],[99.31481711700008,14.014418612000043],[99.31856357800007,14.063503510000032],[99.23863422000005,14.090344602000073],[99.13187740100005,14.228359972000021],[99.00767797500004,14.435340540000027],[98.91876416000008,14.525764853000055]]]}},{"type":"Feature","id":"TH6609","properties":{"国家代码":"TH","行政层级":2,"行政层级中文":"县/曼谷区","行政区代码":"6609","上级行政区代码":"66","中文名称":"沙雷县","泰文名称":"สากเหล็ก","英文名称":"Sak Lek","中文显示名":"沙雷县","中文名状态":"Wikidata已有中文名","边界状态":"可绘制","边界文件":"泰国_ADM2_县区边界.geojson","边界要素ID":"TH6609","边界坐标系":"WGS84 / EPSG:4326","边界数据时点":"2019-02-21","Google原生边界支持":"泰国不支持ADM2","Google地图绘制方式":"加载本GeoJSON到Google Maps Data图层","边界来源":"RTSD/OCHA衍生简化边界（canonical package）"},"geometry":{"type":"Polygon","coordinates":[[[100.57508382300006,16.58589813800006],[100.48442892200006,16.551798490000067],[100.43445341400007,16.518984036000063],[100.41499992800004,16.452990955000075],[100.56811760800008,16.459781835000058],[100.57508382300006,16.58589813800006]]]}},{"type":"Feature","id":"TH4314","properties":{"国家代码":"TH","行政层级":2,"行政层级中文":"县/曼谷区","行政区代码":"4314","上级行政区代码":"43","中文名称":"沙格莱县","泰文名称":"สระใคร","英文名称":"Sakhrai","中文显示名":"沙格莱县","中文名状态":"Wikidata已有中文名","边界状态":"可绘制","边界文件":"泰国_ADM2_县区边界.geojson","边界要素ID":"TH4314","边界坐标系":"WGS84 / EPSG:4326","边界数据时点":"2019-02-21","Google原生边界支持":"泰国不支持ADM2","Google地图绘制方式":"加载本GeoJSON到Google Maps Data图层","边界来源":"RTSD/OCHA衍生简化边界（canonical package）"},"geometry":{"type":"Polygon","coordinates":[[[102.79699195100005,17.685889090000046],[102.72606886700004,17.760859414000038],[102.70835558300007,17.698778632000028],[102.65098062300007,17.70585277500004],[102.61187369600003,17.683474919000048],[102.59670904000006,17.622550752000052],[102.73154950300005,17.603536193000025],[102.79699195100005,17.685889090000046]]]}},{"type":"Feature","id":"TH4615","properties":{"国家代码":"TH","行政层级":2,"行政层级中文":"县/曼谷区","行政区代码":"4615","上级行政区代码":"46","中文名称":"讪猜县","泰文名称":"สามชัย","英文名称":"Sam Chai","中文显示名":"讪猜县","中文名状态":"Wikidata已有中文名","边界状态":"可绘制","边界文件":"泰国_ADM2_县区边界.geojson","边界要素ID":"TH4615","边界坐标系":"WGS84 / EPSG:4326","边界数据时点":"2019-02-21","Google原生边界支持":"泰国不支持ADM2","Google地图绘制方式":"加载本GeoJSON到Google Maps Data图层","边界来源":"RTSD/OCHA衍生简化边界（canonical package）"},"geometry":{"type":"Polygon","coordinates":[[[103.53019888300008,17.062729473000047],[103.49166146300007,16.907026579000046],[103.42162529600006,16.803074037000044],[103.47738413300004,16.759700124000062],[103.53961528900004,16.76525854600004],[103.58848292800008,16.839763506000054],[103.59759351700006,16.94925304000003],[103.53019888300008,17.062729473000047]]]}},{"type":"Feature","id":"TH7208","properties":{"国家代码":"TH","行政层级":2,"行政层级中文":"县/曼谷区","行政区代码":"7208","上级行政区代码":"72","中文名称":"三竹县","泰文名称":"สามชุก","英文名称":"Sam Chuk","中文显示名":"三竹县","中文名状态":"Wikidata已有中文名","边界状态":"可绘制","边界文件":"泰国_ADM2_县区边界.geojson","边界要素ID":"TH7208","边界坐标系":"WGS84 / EPSG:4326","边界数据时点":"2019-02-21","Google原生边界支持":"泰国不支持ADM2","Google地图绘制方式":"加载本GeoJSON到Google Maps Data图层","边界来源":"RTSD/OCHA衍生简化边界（canonical package）"},"geometry":{"type":"Polygon","coordinates":[[[100.19779201400007,14.767665686000043],[100.01725864200006,14.844664624000075],[99.98175999300008,14.840010643000028],[99.98424573000005,14.689889837000067],[100.08069901000005,14.676537006000046],[100.19779201400007,14.767665686000043]]]}},{"type":"Feature","id":"TH1307","properties":{"国家代码":"TH","行政层级":2,"行政层级中文":"县/曼谷区","行政区代码":"1307","上级行政区代码":"13","中文名称":"三鹄县","泰文名称":"สามโคก","英文名称":"Sam Khok","中文显示名":"三鹄县","中文名状态":"Wikidata已有中文名","边界状态":"可绘制","边界文件":"泰国_ADM2_县区边界.geojson","边界要素ID":"TH1307","边界坐标系":"WGS84 / EPSG:4326","边界数据时点":"2019-02-21","Google原生边界支持":"泰国不支持ADM2","Google地图绘制方式":"加载本GeoJSON到Google Maps Data图层","边界来源":"RTSD/OCHA衍生简化边界（canonical package）"},"geometry":{"type":"Polygon","coordinates":[[[100.58047096700005,14.127746356000046],[100.45452011700007,14.115897532000076],[100.42208307800007,14.113991793000025],[100.49660436000005,14.047146387000055],[100.58927953600005,14.074245553000026],[100.58213962500008,14.128636878000066],[100.58047096700005,14.127746356000046]]]}},{"type":"Feature","id":"TH6607","properties":{"国家代码":"TH","行政层级":2,"行政层级中文":"县/曼谷区","行政区代码":"6607","上级行政区代码":"66","中文名称":"三昂县","泰文名称":"สามง่าม","英文名称":"Sam Ngam","中文显示名":"三昂县","中文名状态":"Wikidata已有中文名","边界状态":"可绘制","边界文件":"泰国_ADM2_县区边界.geojson","边界要素ID":"TH6607","边界坐标系":"WGS84 / EPSG:4326","边界数据时点":"2019-02-21","Google原生边界支持":"泰国不支持ADM2","Google地图绘制方式":"加载本GeoJSON到Google Maps Data图层","边界来源":"RTSD/OCHA衍生简化边界（canonical package）"},"geometry":{"type":"Polygon","coordinates":[[[100.23593454200005,16.529398283000035],[100.21652093700004,16.64843393900003],[100.17050382900004,16.590525128000024],[100.19602490000005,16.556555713000023],[100.17194069100003,16.447208599000078],[99.99383106800008,16.43500653500007],[99.99540943900007,16.35626459200006],[100.00184870500004,16.34278520600003],[100.02128504300003,16.312874919000024],[100.10476521300006,16.374775046000025],[100.22591113700008,16.40542872700007],[100.23593454200005,16.529398283000035]]]}},{"type":"Feature","id":"TH6303","properties":{"国家代码":"TH","行政层级":2,"行政层级中文":"县/曼谷区","行政区代码":"6303","上级行政区代码":"63","中文名称":"三敖县","泰文名称":"สามเงา","英文名称":"Sam Ngao","中文显示名":"三敖县","中文名状态":"Wikidata已有中文名","边界状态":"可绘制","边界文件":"泰国_ADM2_县区边界.geojson","边界要素ID":"TH6303","边界坐标系":"WGS84 / EPSG:4326","边界数据时点":"2019-02-21","Google原生边界支持":"泰国不支持ADM2","Google地图绘制方式":"加载本GeoJSON到Google Maps Data图层","边界来源":"RTSD/OCHA衍生简化边界（canonical package）"},"geometry":{"type":"Polygon","coordinates":[[[98.68537518300008,17.790962026000045],[98.49329682800004,17.813907706000066],[98.53472618600006,17.615904391000072],[98.57800388000004,17.573944149000056],[98.51857059100007,17.477616300000022],[98.55765000100007,17.426606440000057],[98.53749428200007,17.361876814000027],[98.57885419400009,17.29440177600003],[98.68284073700005,17.18213091900003],[98.76557690500005,17.13908453600004],[98.80570203600007,17.189884020000022],[98.84403285700006,17.15082842700002],[98.87211295600008,17.168080657000075],[99.04758955300008,17.13339914200003],[99.14671936500008,17.174423681000064],[99.22491507100005,17.24408384000003],[99.21089990500008,17.376537908000046],[99.17383769700007,17.335854203000054],[99.04694865400006,17.385633650000045],[98.91015032500007,17.536710051000057],[98.72398412700005,17.46365291500007],[98.69095582400007,17.425889056000074],[98.70243107800007,17.55452546300006],[98.68394189700007,17.66364687300006],[98.74543544600004,17.697934926000073],[98.68537518300008,17.790962026000045]]]}},{"type":"Feature","id":"TH7306","properties":{"国家代码":"TH","行政层级":2,"行政层级中文":"县/曼谷区","行政区代码":"7306","上级行政区代码":"73","中文名称":"三攀县","泰文名称":"สามพราน","英文名称":"Sam Phran","中文显示名":"三攀县","中文名状态":"Wikidata已有中文名","边界状态":"可绘制","边界文件":"泰国_ADM2_县区边界.geojson","边界要素ID":"TH7306","边界坐标系":"WGS84 / EPSG:4326","边界数据时点":"2019-02-21","Google原生边界支持":"泰国不支持ADM2","Google地图绘制方式":"加载本GeoJSON到Google Maps Data图层","边界来源":"RTSD/OCHA衍生简化边界（canonical package）"},"geometry":{"type":"Polygon","coordinates":[[[100.33010398200008,13.76309221200006],[100.24788013000006,13.801656527000034],[100.10741387700006,13.704790374000027],[100.06788866400007,13.69335264700004],[100.06026825100008,13.660286144000054],[100.17135058100007,13.680630305000022],[100.27074667700003,13.683395778000033],[100.33033285600004,13.719719976000022],[100.33745528100008,13.736036289000026],[100.33010398200008,13.76309221200006]]]}},{"type":"Feature","id":"TH7708","properties":{"国家代码":"TH","行政层级":2,"行政层级中文":"县/曼谷区","行政区代码":"7708","上级行政区代码":"77","中文名称":"三百峰县","泰文名称":"สามร้อยยอด","英文名称":"Sam Roi Yot","中文显示名":"三百峰县","中文名状态":"Wikidata已有中文名","边界状态":"可绘制","边界文件":"泰国_ADM2_县区边界.geojson","边界要素ID":"TH7708","边界坐标系":"WGS84 / EPSG:4326","边界数据时点":"2019-02-21","Google原生边界支持":"泰国不支持ADM2","Google地图绘制方式":"加载本GeoJSON到Google Maps Data图层","边界来源":"RTSD/OCHA衍生简化边界（canonical package）"},"geometry":{"type":"Polygon","coordinates":[[[99.99419212800007,12.330985159000022],[99.84811642600005,12.343948601000022],[99.69695736600005,12.322702621000076],[99.44354432600005,12.351334080000072],[99.49632072200006,12.197317572000031],[99.47241441300008,12.135753797000064],[99.57049964900006,12.144876776000046],[99.59509598300008,12.238717026000074],[99.67671271800003,12.244036339000047],[99.72011119200005,12.180618417000062],[99.80824846500008,12.207984261000036],[99.87641849200008,12.177384261000043],[100.01975007000004,12.190684375000046],[99.97389364700007,12.268781615000023],[99.99419212800007,12.330985159000022]]]}},{"type":"Feature","id":"TH4021","properties":{"国家代码":"TH","行政层级":2,"行政层级中文":"县/曼谷区","行政区代码":"4021","上级行政区代码":"40","中文名称":"讪颂县","泰文名称":"ซำสูง","英文名称":"Sam Sung","中文显示名":"讪颂县","中文名状态":"Wikidata已有中文名","边界状态":"可绘制","边界文件":"泰国_ADM2_县区边界.geojson","边界要素ID":"TH4021","边界坐标系":"WGS84 / EPSG:4326","边界数据时点":"2019-02-21","Google原生边界支持":"泰国不支持ADM2","Google地图绘制方式":"加载本GeoJSON到Google Maps Data图层","边界来源":"RTSD/OCHA衍生简化边界（canonical package）"},"geometry":{"type":"Polygon","coordinates":[[[103.15048679000006,16.626500822000025],[102.98987140100007,16.634754620000024],[102.95982129500004,16.53242632900003],[103.02077007300005,16.47648352400006],[103.08523930600006,16.51573263100005],[103.15048679000006,16.626500822000025]]]}},{"type":"Feature","id":"TH1507","properties":{"国家代码":"TH","行政层级":2,"行政层级中文":"县/曼谷区","行政区代码":"1507","上级行政区代码":"15","中文名称":"讪戈县","泰文名称":"สามโก้","英文名称":"Samko","中文显示名":"讪戈县","中文名状态":"Wikidata已有中文名","边界状态":"可绘制","边界文件":"泰国_ADM2_县区边界.geojson","边界要素ID":"TH1507","边界坐标系":"WGS84 / EPSG:4326","边界数据时点":"2019-02-21","Google原生边界支持":"泰国不支持ADM2","Google地图绘制方式":"加载本GeoJSON到Google Maps Data图层","边界来源":"RTSD/OCHA衍生简化边界（canonical package）"},"geometry":{"type":"Polygon","coordinates":[[[100.28839956600007,14.633117758000026],[100.24264875200004,14.652946421000024],[100.20978521300003,14.57972327400006],[100.23651406200008,14.536606947000053],[100.31937522300007,14.603478260000031],[100.28839956600007,14.633117758000026]]]}},{"type":"Feature","id":"TH5008","properties":{"国家代码":"TH","行政层级":2,"行政层级中文":"县/曼谷区","行政区代码":"5008","上级行政区代码":"50","中文名称":"沙孟县","泰文名称":"สะเมิง","英文名称":"Samoeng","中文显示名":"沙孟县","中文名状态":"Wikidata已有中文名","边界状态":"可绘制","边界文件":"泰国_ADM2_县区边界.geojson","边界要素ID":"TH5008","边界坐标系":"WGS84 / EPSG:4326","边界数据时点":"2019-02-21","Google原生边界支持":"泰国不支持ADM2","Google地图绘制方式":"加载本GeoJSON到Google Maps Data图层","边界来源":"RTSD/OCHA衍生简化边界（canonical package）"},"geometry":{"type":"Polygon","coordinates":[[[98.79080543000003,18.848919582000065],[98.80042121100007,18.92031730800005],[98.74760281700009,19.023051648000035],[98.77078390300005,19.076314602000025],[98.64074559200009,19.068578924000064],[98.54191550500008,19.026204420000056],[98.42098377800005,19.027148382000064],[98.41072392700005,18.970185314000048],[98.47821860500005,18.926825187000077],[98.55975095000008,18.802656286000058],[98.60228745900008,18.727364100000045],[98.70470851200008,18.781750742000042],[98.81566672100007,18.73262628300006],[98.79080543000003,18.848919582000065]]]}},{"type":"Feature","id":"TH1013","properties":{"国家代码":"TH","行政层级":2,"行政层级中文":"县/曼谷区","行政区代码":"1013","上级行政区代码":"10","中文名称":"三攀他旺县","泰文名称":"สัมพันธวงศ์","英文名称":"Samphanthawong","中文显示名":"三攀他旺县","中文名状态":"Wikidata已有中文名","边界状态":"可绘制","边界文件":"泰国_ADM2_县区边界.geojson","边界要素ID":"TH1013","边界坐标系":"WGS84 / EPSG:4326","边界数据时点":"2019-02-21","Google原生边界支持":"泰国不支持ADM2","Google地图绘制方式":"加载本GeoJSON到Google Maps Data图层","边界来源":"RTSD/OCHA衍生简化边界（canonical package）"},"geometry":{"type":"Polygon","coordinates":[[[100.51229834900005,13.729392587000063],[100.51568779700006,13.738046738000037],[100.50389819800006,13.746847599000034],[100.49980669000007,13.738632557000074],[100.51229834900005,13.729392587000063]]]}},{"type":"Feature","id":"TH3422","properties":{"国家代码":"TH","行政层级":2,"行政层级中文":"县/曼谷区","行政区代码":"3422","上级行政区代码":"34","中文名称":"三隆县","泰文名称":"สำโรง","英文名称":"Samrong","中文显示名":"三隆县","中文名状态":"Wikidata已有中文名","边界状态":"可绘制","边界文件":"泰国_ADM2_县区边界.geojson","边界要素ID":"TH3422","边界坐标系":"WGS84 / EPSG:4326","边界数据时点":"2019-02-21","Google原生边界支持":"泰国不支持ADM2","Google地图绘制方式":"加载本GeoJSON到Google Maps Data图层","边界来源":"RTSD/OCHA衍生简化边界（canonical package）"},"geometry":{"type":"Polygon","coordinates":[[[104.90460163000006,14.942308282000056],[104.85830167100005,14.986451376000048],[104.88747735700008,15.046598699000072],[104.76556716300007,15.082479157000023],[104.68617225300005,15.07066756000006],[104.67199106500004,15.021854965000045],[104.68395334200005,14.952470714000071],[104.80537650400004,14.897779771000046],[104.81447908500007,14.834552081000027],[104.90460163000006,14.942308282000056]]]}},{"type":"Feature","id":"TH3212","properties":{"国家代码":"TH","行政层级":2,"行政层级中文":"县/曼谷区","行政区代码":"3212","上级行政区代码":"32","中文名称":"三隆塔县","泰文名称":"สำโรงทาบ","英文名称":"Samrong Thap","中文显示名":"三隆塔县","中文名状态":"Wikidata已有中文名","边界状态":"可绘制","边界文件":"泰国_ADM2_县区边界.geojson","边界要素ID":"TH3212","边界坐标系":"WGS84 / EPSG:4326","边界数据时点":"2019-02-21","Google原生边界支持":"泰国不支持ADM2","Google地图绘制方式":"加载本GeoJSON到Google Maps Data图层","边界来源":"RTSD/OCHA衍生简化边界（canonical package）"},"geometry":{"type":"Polygon","coordinates":[[[103.99957753500007,15.137293796000051],[103.97347169300008,15.161487949000048],[103.86516778600009,15.110500735000073],[103.84943920400008,15.108017266000047],[103.92813397800006,14.903384493000033],[103.95600923900008,14.937722488000077],[104.02038686600008,15.043633834000048],[103.99957753500007,15.137293796000051]]]}},{"type":"Feature","id":"TH5013","properties":{"国家代码":"TH","行政层级":2,"行政层级中文":"县/曼谷区","行政区代码":"5013","上级行政区代码":"50","中文名称":"山甘烹县","泰文名称":"สันกำแพง","英文名称":"San Kamphaeng","中文显示名":"山甘烹县","中文名状态":"Wikidata已有中文名","边界状态":"可绘制","边界文件":"泰国_ADM2_县区边界.geojson","边界要素ID":"TH5013","边界坐标系":"WGS84 / EPSG:4326","边界数据时点":"2019-02-21","Google原生边界支持":"泰国不支持ADM2","Google地图绘制方式":"加载本GeoJSON到Google Maps Data图层","边界来源":"RTSD/OCHA衍生简化边界（canonical package）"},"geometry":{"type":"Polygon","coordinates":[[[99.23097689300005,18.653950219000023],[99.26693825300003,18.71923785900003],[99.21207922800005,18.74212519300005],[99.20727043900007,18.813453793000065],[99.05617602700005,18.78921285100006],[99.03876674200006,18.793364128000064],[99.04857072900006,18.76886724800005],[99.08073869600008,18.68126535500005],[99.15340469300008,18.708309550000024],[99.23097689300005,18.653950219000023]]]}},{"type":"Feature","id":"TH5012","properties":{"国家代码":"TH","行政层级":2,"行政层级中文":"县/曼谷区","行政区代码":"5012","上级行政区代码":"50","中文名称":"讪巴东县","泰文名称":"สันป่าตอง","英文名称":"San Pa Tong","中文显示名":"讪巴东县","中文名状态":"Wikidata已有中文名","边界状态":"可绘制","边界文件":"泰国_ADM2_县区边界.geojson","边界要素ID":"TH5012","边界坐标系":"WGS84 / EPSG:4326","边界数据时点":"2019-02-21","Google原生边界支持":"泰国不支持ADM2","Google地图绘制方式":"加载本GeoJSON到Google Maps Data图层","边界来源":"RTSD/OCHA衍生简化边界（canonical package）"},"geometry":{"type":"Polygon","coordinates":[[[98.96013162200006,18.595402575000037],[98.82361273500004,18.718489744000067],[98.80662431100006,18.685447871000065],[98.85294123900007,18.545292287000052],[98.85145931300008,18.500960857000052],[98.93475897700006,18.54283755000006],[98.96013162200006,18.595402575000037]]]}},{"type":"Feature","id":"TH5014","properties":{"国家代码":"TH","行政层级":2,"行政层级中文":"县/曼谷区","行政区代码":"5014","上级行政区代码":"50","中文名称":"讪赛县","泰文名称":"สันทราย","英文名称":"San Sai","中文显示名":"讪赛县","中文名状态":"Wikidata已有中文名","边界状态":"可绘制","边界文件":"泰国_ADM2_县区边界.geojson","边界要素ID":"TH5014","边界坐标系":"WGS84 / EPSG:4326","边界数据时点":"2019-02-21","Google原生边界支持":"泰国不支持ADM2","Google地图绘制方式":"加载本GeoJSON到Google Maps Data图层","边界来源":"RTSD/OCHA衍生简化边界（canonical package）"},"geometry":{"type":"Polygon","coordinates":[[[99.07850829900008,19.039834255000073],[98.94687061500008,19.102494230000048],[98.95829688000003,19.043293447000053],[98.99999181400005,18.875240544000064],[99.03876674200006,18.793364128000064],[99.05617602700005,18.78921285100006],[99.12756360400004,18.92209446100003],[99.06440848800008,18.96640672600006],[99.07850829900008,19.039834255000073]]]}},{"type":"Feature","id":"TH2408","properties":{"国家代码":"TH","行政层级":2,"行政层级中文":"县/曼谷区","行政区代码":"2408","上级行政区代码":"24","中文名称":"沙南猜凯县","泰文名称":"สนามชัยเขต","英文名称":"Sanam Chai Khet","中文显示名":"沙南猜凯县","中文名状态":"Wikidata已有中文名","边界状态":"可绘制","边界文件":"泰国_ADM2_县区边界.geojson","边界要素ID":"TH2408","边界坐标系":"WGS84 / EPSG:4326","边界数据时点":"2019-02-21","Google原生边界支持":"泰国不支持ADM2","Google地图绘制方式":"加载本GeoJSON到Google Maps Data图层","边界来源":"RTSD/OCHA衍生简化边界（canonical package）"},"geometry":{"type":"Polygon","coordinates":[[[101.91507152300005,13.585596376000069],[101.83196805300008,13.636139946000071],[101.83029861800009,13.704099936000034],[101.75842343800008,13.772734377000063],[101.68711480700006,13.75762701800005],[101.59132403100006,13.736729442000069],[101.52616007900008,13.675427113000069],[101.44466129000006,13.690972917000067],[101.39574319900004,13.609282667000059],[101.39596915300007,13.553977824000071],[101.49334841900009,13.449408190000042],[101.62421612300005,13.599967984000045],[101.74737971000008,13.555391701000076],[101.85441134400008,13.482747891000031],[101.88917250000009,13.500513622000028],[101.91507152300005,13.585596376000069]]]}},{"type":"Feature","id":"TH4120","properties":{"国家代码":"TH","行政层级":2,"行政层级中文":"县/曼谷区","行政区代码":"4120","上级行政区代码":"41","中文名称":"桑空县","泰文名称":"สร้างคอม","英文名称":"Sang Khom","中文显示名":"桑空县","中文名状态":"Wikidata已有中文名","边界状态":"可绘制","边界文件":"泰国_ADM2_县区边界.geojson","边界要素ID":"TH4120","边界坐标系":"WGS84 / EPSG:4326","边界数据时点":"2019-02-21","Google原生边界支持":"泰国不支持ADM2","Google地图绘制方式":"加载本GeoJSON到Google Maps Data图层","边界来源":"RTSD/OCHA衍生简化边界（canonical package）"},"geometry":{"type":"Polygon","coordinates":[[[103.12710939600004,17.826457704000063],[103.07800458400004,17.885741689000042],[102.96928710800006,17.823692950000066],[102.95707086400006,17.746491571000035],[103.11675591000005,17.695988294000074],[103.12710939600004,17.826457704000063]]]}},{"type":"Feature","id":"TH3210","properties":{"国家代码":"TH","行政层级":2,"行政层级中文":"县/曼谷区","行政区代码":"3210","上级行政区代码":"32","中文名称":"桑卡县","泰文名称":"สังขะ","英文名称":"Sangkha","中文显示名":"桑卡县","中文名状态":"Wikidata已有中文名","边界状态":"可绘制","边界文件":"泰国_ADM2_县区边界.geojson","边界要素ID":"TH3210","边界坐标系":"WGS84 / EPSG:4326","边界数据时点":"2019-02-21","Google原生边界支持":"泰国不支持ADM2","Google地图绘制方式":"加载本GeoJSON到Google Maps Data图层","边界来源":"RTSD/OCHA衍生简化边界（canonical package）"},"geometry":{"type":"Polygon","coordinates":[[[104.00414033100009,14.72095702100006],[103.91123784900009,14.748579370000073],[103.85847380200005,14.68745430100006],[103.76902979500005,14.727509633000068],[103.73032322200004,14.655474066000068],[103.62957622100004,14.62865034400005],[103.62234087900003,14.57126368300004],[103.72594350400004,14.52906652300004],[103.75870927800008,14.46859881000006],[103.73899107500006,14.377309307000075],[103.91738446800008,14.336655432000043],[103.88341999300008,14.553699661000053],[104.00293811500006,14.638378190000026],[104.05103883600003,14.63684904300004],[104.00414033100009,14.72095702100006]]]}},{"type":"Feature","id":"TH7108","properties":{"国家代码":"TH","行政层级":2,"行政层级中文":"县/曼谷区","行政区代码":"7108","上级行政区代码":"71","中文名称":"桑卡拉武里县","泰文名称":"สังขละบุรี","英文名称":"Sangkhla Buri","中文显示名":"桑卡拉武里县","中文名状态":"Wikidata已有中文名","边界状态":"可绘制","边界文件":"泰国_ADM2_县区边界.geojson","边界要素ID":"TH7108","边界坐标系":"WGS84 / EPSG:4326","边界数据时点":"2019-02-21","Google原生边界支持":"泰国不支持ADM2","Google地图绘制方式":"加载本GeoJSON到Google Maps Data图层","边界来源":"RTSD/OCHA衍生简化边界（canonical package）"},"geometry":{"type":"Polygon","coordinates":[[[98.88626122400007,15.275066768000045],[98.87086460100005,15.324801179000076],[98.75455476000008,15.441755886000067],[98.76075698800008,15.470500644000026],[98.64861585800008,15.632502720000048],[98.55777965600004,15.652479867000068],[98.58522625100005,15.47142206600006],[98.55953237800009,15.337091980000025],[98.50049562900006,15.40459816300006],[98.30591857200005,15.313323252000032],[98.25802149400005,15.224344985000073],[98.20916613900005,15.238804921000053],[98.18117530200004,15.11522070600006],[98.23052008600007,15.046086980000041],[98.20869529900006,14.980885654000076],[98.24977355500005,14.91627420900005],[98.30835252100007,14.891568409000058],[98.35054376500005,14.932917262000046],[98.43516811800004,14.932249932000047],[98.45548819800007,14.868873548000067],[98.54514851600004,14.908952208000073],[98.62263644200004,14.853950140000052],[98.66201693100004,14.963082024000073],[98.65251511900004,15.07760055500006],[98.78024943300005,15.20882712200006],[98.88626122400007,15.275066768000045]]]}},{"type":"Feature","id":"TH4308","properties":{"国家代码":"TH","行政层级":2,"行政层级中文":"县/曼谷区","行政区代码":"4308","上级行政区代码":"43","中文名称":"桑空县","泰文名称":"สังคม","英文名称":"Sangkhom","中文显示名":"桑空县","中文名状态":"Wikidata已有中文名","边界状态":"可绘制","边界文件":"泰国_ADM2_县区边界.geojson","边界要素ID":"TH4308","边界坐标系":"WGS84 / EPSG:4326","边界数据时点":"2019-02-21","Google原生边界支持":"泰国不支持ADM2","Google地图绘制方式":"加载本GeoJSON到Google Maps Data图层","边界来源":"RTSD/OCHA衍生简化边界（canonical package）"},"geometry":{"type":"Polygon","coordinates":[[[102.40264940600008,18.00198375900004],[102.28838215000007,18.058996292000074],[102.10565660800006,18.213514564000036],[102.05513989400004,18.086168997000073],[102.10189125200009,18.078636650000078],[102.15594996200008,17.99034785400005],[102.20089191600005,18.02200282600006],[102.27592842700005,17.980617410000036],[102.35595659600006,17.922744519000048],[102.38643029600007,17.97383811700007],[102.40264940600008,18.00198375900004]]]}},{"type":"Feature","id":"TH1805","properties":{"国家代码":"TH","行政层级":2,"行政层级中文":"县/曼谷区","行政区代码":"1805","上级行政区代码":"18","中文名称":"訕卡武里縣","泰文名称":"สรรคบุรี","英文名称":"Sankhaburi","中文显示名":"訕卡武里縣","中文名状态":"Wikidata已有中文名","边界状态":"可绘制","边界文件":"泰国_ADM2_县区边界.geojson","边界要素ID":"TH1805","边界坐标系":"WGS84 / EPSG:4326","边界数据时点":"2019-02-21","Google原生边界支持":"泰国不支持ADM2","Google地图绘制方式":"加载本GeoJSON到Google Maps Data图层","边界来源":"RTSD/OCHA衍生简化边界（canonical package）"},"geometry":{"type":"Polygon","coordinates":[[[100.25958723600007,15.058910965000052],[100.18500127300007,15.117765904000066],[100.07249663100004,15.088817240000026],[100.08709981500004,14.955579406000027],[100.20269512300007,14.953456120000055],[100.28845836900007,14.956346628000063],[100.22394397200009,15.024909168000022],[100.25958723600007,15.058910965000052]]]}},{"type":"Feature","id":"TH3208","properties":{"国家代码":"TH","行政层级":2,"行政层级中文":"县/曼谷区","行政区代码":"3208","上级行政区代码":"32","中文名称":"沙农县","泰文名称":"สนม","英文名称":"Sanom","中文显示名":"沙农县","中文名状态":"Wikidata已有中文名","边界状态":"可绘制","边界文件":"泰国_ADM2_县区边界.geojson","边界要素ID":"TH3208","边界坐标系":"WGS84 / EPSG:4326","边界数据时点":"2019-02-21","Google原生边界支持":"泰国不支持ADM2","Google地图绘制方式":"加载本GeoJSON到Google Maps Data图层","边界来源":"RTSD/OCHA衍生简化边界（canonical package）"},"geometry":{"type":"Polygon","coordinates":[[[103.84079050000008,15.20245701400006],[103.79302297400005,15.20589327700003],[103.75922916700006,15.294758702000024],[103.69951427900008,15.152689277000036],[103.71915575500009,15.127031393000038],[103.84943920400008,15.108017266000047],[103.86516778600009,15.110500735000073],[103.84079050000008,15.20245701400006]]]}},{"type":"Feature","id":"TH5511","properties":{"国家代码":"TH","行政层级":2,"行政层级中文":"县/曼谷区","行政区代码":"5511","上级行政区代码":"55","中文名称":"讪滴素县","泰文名称":"สันติสุข","英文名称":"Santi Suk","中文显示名":"讪滴素县","中文名状态":"Wikidata已有中文名","边界状态":"可绘制","边界文件":"泰国_ADM2_县区边界.geojson","边界要素ID":"TH5511","边界坐标系":"WGS84 / EPSG:4326","边界数据时点":"2019-02-21","Google原生边界支持":"泰国不支持ADM2","Google地图绘制方式":"加载本GeoJSON到Google Maps Data图层","边界来源":"RTSD/OCHA衍生简化边界（canonical package）"},"geometry":{"type":"Polygon","coordinates":[[[100.90409875800003,18.976210082000023],[100.83111047400007,18.993987391000076],[100.81160439600006,18.92693775300006],[100.86652884600005,18.86635260500003],[100.98378727900007,18.847924473000035],[101.10820984700007,18.851080085000035],[101.17377956800004,18.900902925000025],[101.09127986700008,18.961326324000026],[100.90409875800003,18.976210082000023]]]}},{"type":"Feature","id":"TH1910","properties":{"国家代码":"TH","行政层级":2,"行政层级中文":"县/曼谷区","行政区代码":"1910","上级行政区代码":"19","中文名称":"绍海县","泰文名称":"เสาไห้","英文名称":"Sao Hai","中文显示名":"绍海县","中文名状态":"Wikidata已有中文名","边界状态":"可绘制","边界文件":"泰国_ADM2_县区边界.geojson","边界要素ID":"TH1910","边界坐标系":"WGS84 / EPSG:4326","边界数据时点":"2019-02-21","Google原生边界支持":"泰国不支持ADM2","Google地图绘制方式":"加载本GeoJSON到Google Maps Data图层","边界来源":"RTSD/OCHA衍生简化边界（canonical package）"},"geometry":{"type":"Polygon","coordinates":[[[100.88839484100004,14.565531920000069],[100.85887061600005,14.665544643000032],[100.80367198800008,14.599761973000057],[100.78270467300007,14.567032528000027],[100.77865228600007,14.530733977000068],[100.85014877500004,14.521002504000023],[100.88839484100004,14.565531920000069]]]}},{"type":"Feature","id":"TH3616","properties":{"国家代码":"TH","行政层级":2,"行政层级中文":"县/曼谷区","行政区代码":"3616","上级行政区代码":"36","中文名称":"沙艾县","泰文名称":"ซับใหญ่","英文名称":"Sap Yai","中文显示名":"沙艾县","中文名状态":"Wikidata已有中文名","边界状态":"可绘制","边界文件":"泰国_ADM2_县区边界.geojson","边界要素ID":"TH3616","边界坐标系":"WGS84 / EPSG:4326","边界数据时点":"2019-02-21","Google原生边界支持":"泰国不支持ADM2","Google地图绘制方式":"加载本GeoJSON到Google Maps Data图层","边界来源":"RTSD/OCHA衍生简化边界（canonical package）"},"geometry":{"type":"Polygon","coordinates":[[[101.73792728900008,15.672114769000075],[101.64123940600007,15.684796198000072],[101.52539717200005,15.620603509000034],[101.53877594400007,15.566979318000051],[101.73052194800005,15.537338590000047],[101.73792728900008,15.672114769000075]]]}},{"type":"Feature","id":"TH1044","properties":{"国家代码":"TH","行政层级":2,"行政层级中文":"县/曼谷区","行政区代码":"1044","上级行政区代码":"10","中文名称":"沙攀松縣","泰文名称":"สะพานสูง","英文名称":"Saphan Sung","中文显示名":"沙攀松縣","中文名状态":"Wikidata已有中文名","边界状态":"可绘制","边界文件":"泰国_ADM2_县区边界.geojson","边界要素ID":"TH1044","边界坐标系":"WGS84 / EPSG:4326","边界数据时点":"2019-02-21","Google原生边界支持":"泰国不支持ADM2","Google地图绘制方式":"加载本GeoJSON到Google Maps Data图层","边界来源":"RTSD/OCHA衍生简化边界（canonical package）"},"geometry":{"type":"Polygon","coordinates":[[[100.71640317600009,13.778113848000032],[100.70496396600004,13.797679626000047],[100.67513534100004,13.781205881000062],[100.66462440800007,13.775369817000069],[100.65908613500005,13.738385275000041],[100.65901055600006,13.737862488000076],[100.70839322600006,13.732496905000062],[100.71640317600009,13.778113848000032]]]}},{"type":"Feature","id":"TH1804","properties":{"国家代码":"TH","行政层级":2,"行政层级中文":"县/曼谷区","行政区代码":"1804","上级行政区代码":"18","中文名称":"沙帕亚县","泰文名称":"สรรพยา","英文名称":"Sapphaya","中文显示名":"沙帕亚县","中文名状态":"Wikidata已有中文名","边界状态":"可绘制","边界文件":"泰国_ADM2_县区边界.geojson","边界要素ID":"TH1804","边界坐标系":"WGS84 / EPSG:4326","边界数据时点":"2019-02-21","Google原生边界支持":"泰国不支持ADM2","Google地图绘制方式":"加载本GeoJSON到Google Maps Data图层","边界来源":"RTSD/OCHA衍生简化边界（canonical package）"},"geometry":{"type":"Polygon","coordinates":[[[100.29361736800007,15.207693696000035],[100.17708450000003,15.223126518000072],[100.18500127300007,15.117765904000066],[100.25958723600007,15.058910965000052],[100.35152437900007,15.118409770000028],[100.29361736800007,15.207693696000035]]]}},{"type":"Feature","id":"TH5019","properties":{"国家代码":"TH","行政层级":2,"行政层级中文":"县/曼谷区","行政区代码":"5019","上级行政区代码":"50","中文名称":"沙拉披县","泰文名称":"สารภี","英文名称":"Saraphi","中文显示名":"沙拉披县","中文名状态":"Wikidata已有中文名","边界状态":"可绘制","边界文件":"泰国_ADM2_县区边界.geojson","边界要素ID":"TH5019","边界坐标系":"WGS84 / EPSG:4326","边界数据时点":"2019-02-21","Google原生边界支持":"泰国不支持ADM2","Google地图绘制方式":"加载本GeoJSON到Google Maps Data图层","边界来源":"RTSD/OCHA衍生简化边界（canonical package）"},"geometry":{"type":"Polygon","coordinates":[[[99.08073869600008,18.68126535500005],[99.04857072900006,18.76886724800005],[98.98623983800007,18.699356056000056],[98.96618763000004,18.613157794000074],[99.00992869500004,18.673284769000077],[99.06519419600005,18.659682958000076],[99.08073869600008,18.68126535500005]]]}},{"type":"Feature","id":"TH9002","properties":{"国家代码":"TH","行政层级":2,"行政层级中文":"县/曼谷区","行政区代码":"9002","上级行政区代码":"90","中文名称":"沙廷帕县","泰文名称":"สทิงพระ","英文名称":"Sathing Phra","中文显示名":"沙廷帕县","中文名状态":"Wikidata已有中文名","边界状态":"可绘制","边界文件":"泰国_ADM2_县区边界.geojson","边界要素ID":"TH9002","边界坐标系":"WGS84 / EPSG:4326","边界数据时点":"2019-02-21","Google原生边界支持":"泰国不支持ADM2","Google地图绘制方式":"加载本GeoJSON到Google Maps Data图层","边界来源":"RTSD/OCHA衍生简化边界（canonical package）"},"geometry":{"type":"Polygon","coordinates":[[[100.40793725300006,7.621994584000049],[100.36796800600007,7.6141069410000455],[100.35568193400007,7.5278199140000766],[100.38646803700004,7.511846887000047],[100.40606568400005,7.361804041000028],[100.48108173800006,7.3762909750000745],[100.40793725300006,7.621994584000049]]]}},{"type":"Feature","id":"TH1028","properties":{"国家代码":"TH","行政层级":2,"行政层级中文":"县/曼谷区","行政区代码":"1028","上级行政区代码":"10","中文名称":"沙吞县","泰文名称":"สาทร","英文名称":"Sathon","中文显示名":"沙吞县","中文名状态":"Wikidata已有中文名","边界状态":"可绘制","边界文件":"泰国_ADM2_县区边界.geojson","边界要素ID":"TH1028","边界坐标系":"WGS84 / EPSG:4326","边界数据时点":"2019-02-21","Google原生边界支持":"泰国不支持ADM2","Google地图绘制方式":"加载本GeoJSON到Google Maps Data图层","边界来源":"RTSD/OCHA衍生简化边界（canonical package）"},"geometry":{"type":"Polygon","coordinates":[[[100.55291228900006,13.722771623000028],[100.54474537400006,13.72616625300003],[100.51203169500008,13.719335614000045],[100.50817089700007,13.712460984000074],[100.52994573900008,13.702543641000034],[100.55375391500007,13.716543495000053],[100.55291228900006,13.722771623000028]]]}},{"type":"Feature","id":"TH2009","properties":{"国家代码":"TH","行政层级":2,"行政层级中文":"县/曼谷区","行政区代码":"2009","上级行政区代码":"20","中文名称":"梭桃邑县","泰文名称":"สัตหีบ","英文名称":"Sattahip","中文显示名":"梭桃邑县","中文名状态":"Wikidata已有中文名","边界状态":"可绘制","边界文件":"泰国_ADM2_县区边界.geojson","边界要素ID":"TH2009","边界坐标系":"WGS84 / EPSG:4326","边界数据时点":"2019-02-21","Google原生边界支持":"泰国不支持ADM2","Google地图绘制方式":"加载本GeoJSON到Google Maps Data图层","边界来源":"RTSD/OCHA衍生简化边界（canonical package）"},"geometry":{"type":"Polygon","coordinates":[[[101.01197620000005,12.767614373000072],[100.92669041000005,12.801953843000035],[100.89329245000005,12.86464188900004],[100.90389440700005,12.779465430000073],[100.83972185500005,12.750795639000046],[100.85269140800006,12.64836277300003],[100.91197827000008,12.660942636000073],[100.96204697900004,12.602371920000053],[100.99225785100003,12.656245697000031],[101.01197620000005,12.767614373000072]]]}},{"type":"Feature","id":"TH3111","properties":{"国家代码":"TH","行政层级":2,"行政层级中文":"县/曼谷区","行政区代码":"3111","上级行政区代码":"31","中文名称":"沙兑县","泰文名称":"สตึก","英文名称":"Satuek","中文显示名":"沙兑县","中文名状态":"Wikidata已有中文名","边界状态":"可绘制","边界文件":"泰国_ADM2_县区边界.geojson","边界要素ID":"TH3111","边界坐标系":"WGS84 / EPSG:4326","边界数据时点":"2019-02-21","Google原生边界支持":"泰国不支持ADM2","Google地图绘制方式":"加载本GeoJSON到Google Maps Data图层","边界来源":"RTSD/OCHA衍生简化边界（canonical package）"},"geometry":{"type":"Polygon","coordinates":[[[103.50543628800006,15.291748332000054],[103.36086867900008,15.345513624000034],[103.29348729300006,15.300564844000064],[103.23532815300007,15.319540618000076],[103.15558122200008,15.236608938000074],[103.17728113600003,15.172411400000044],[103.25498039000007,15.111030182000036],[103.32588145700004,15.099509839000063],[103.42724398100006,15.115589197000077],[103.42528798600006,15.131949918000032],[103.43366165900005,15.205109436000043],[103.44263125200007,15.263759332000063],[103.50543628800006,15.291748332000054]]]}},{"type":"Feature","id":"TH1505","properties":{"国家代码":"TH","行政层级":2,"行政层级中文":"县/曼谷区","行政区代码":"1505","上级行政区代码":"15","中文名称":"沙翁哈县","泰文名称":"แสวงหา","英文名称":"Sawaeng Ha","中文显示名":"沙翁哈县","中文名状态":"Wikidata已有中文名","边界状态":"可绘制","边界文件":"泰国_ADM2_县区边界.geojson","边界要素ID":"TH1505","边界坐标系":"WGS84 / EPSG:4326","边界数据时点":"2019-02-21","Google原生边界支持":"泰国不支持ADM2","Google地图绘制方式":"加载本GeoJSON到Google Maps Data图层","边界来源":"RTSD/OCHA衍生简化边界（canonical package）"},"geometry":{"type":"Polygon","coordinates":[[[100.34886868900008,14.77950241800005],[100.22643316800009,14.795045493000032],[100.20541775900006,14.770696972000053],[100.21521830900008,14.724372712000047],[100.31599730500005,14.695469028000048],[100.38158001400006,14.74300437900007],[100.34886868900008,14.77950241800005]]]}},{"type":"Feature","id":"TH6103","properties":{"国家代码":"TH","行政层级":2,"行政层级中文":"县/曼谷区","行政区代码":"6103","上级行政区代码":"61","中文名称":"沙旺阿隆县","泰文名称":"สว่างอารมณ์","英文名称":"Sawang Arom","中文显示名":"沙旺阿隆县","中文名状态":"Wikidata已有中文名","边界状态":"可绘制","边界文件":"泰国_ADM2_县区边界.geojson","边界要素ID":"TH6103","边界坐标系":"WGS84 / EPSG:4326","边界数据时点":"2019-02-21","Google原生边界支持":"泰国不支持ADM2","Google地图绘制方式":"加载本GeoJSON到Google Maps Data图层","边界来源":"RTSD/OCHA衍生简化边界（canonical package）"},"geometry":{"type":"Polygon","coordinates":[[[99.93247705700009,15.67232133500005],[99.86561571300007,15.618100986000059],[99.73679188200003,15.686332325000024],[99.66708457400006,15.66777029900004],[99.57059107900005,15.601535246000026],[99.67339190000007,15.532472981000069],[99.83088682500005,15.520317629000033],[99.93732854000007,15.597596907000025],[99.93247705700009,15.67232133500005]]]}},{"type":"Feature","id":"TH4712","properties":{"国家代码":"TH","行政层级":2,"行政层级中文":"县/曼谷区","行政区代码":"4712","上级行政区代码":"47","中文名称":"沙旺殿丁县","泰文名称":"สว่างแดนดิน","英文名称":"Sawang Daen Din","中文显示名":"沙旺殿丁县","中文名状态":"Wikidata已有中文名","边界状态":"可绘制","边界文件":"泰国_ADM2_县区边界.geojson","边界要素ID":"TH4712","边界坐标系":"WGS84 / EPSG:4326","边界数据时点":"2019-02-21","Google原生边界支持":"泰国不支持ADM2","Google地图绘制方式":"加载本GeoJSON到Google Maps Data图层","边界来源":"RTSD/OCHA衍生简化边界（canonical package）"},"geometry":{"type":"Polygon","coordinates":[[[103.65411434600009,17.513033481000036],[103.57214198000008,17.54649028500006],[103.49197692100006,17.537690173000044],[103.48964681200005,17.660972081000068],[103.40381173500003,17.68399583000007],[103.41102792500004,17.596395260000065],[103.32044880200004,17.549345294000034],[103.27616605000009,17.43676797100005],[103.30139356100005,17.395262398000057],[103.25379723900005,17.31794883200007],[103.29969806800005,17.269534340000064],[103.46777729500008,17.417002204000028],[103.56958094000004,17.383929865000027],[103.54867896100006,17.332887094000057],[103.61086660000007,17.318730378000055],[103.64028445900004,17.366147898000065],[103.66565890100009,17.434710289000066],[103.65411434600009,17.513033481000036]]]}},{"type":"Feature","id":"TH3432","properties":{"国家代码":"TH","行政层级":2,"行政层级中文":"县/曼谷区","行政区代码":"3432","上级行政区代码":"34","中文名称":"沙旺威拉旺县","泰文名称":"สว่างวีระวงศ์","英文名称":"Sawang Wirawong","中文显示名":"沙旺威拉旺县","中文名状态":"Wikidata已有中文名","边界状态":"可绘制","边界文件":"泰国_ADM2_县区边界.geojson","边界要素ID":"TH3432","边界坐标系":"WGS84 / EPSG:4326","边界数据时点":"2019-02-21","Google原生边界支持":"泰国不支持ADM2","Google地图绘制方式":"加载本GeoJSON到Google Maps Data图层","边界来源":"RTSD/OCHA衍生简化边界（canonical package）"},"geometry":{"type":"Polygon","coordinates":[[[105.06045944300007,15.182849415000078],[105.11716475000009,15.165110163000065],[105.17147439200005,15.242365438000036],[105.16270094900005,15.30780106700007],[105.11221039600008,15.30668165700007],[105.03358162800004,15.279449520000071],[104.94115798200005,15.23358479600006],[104.99210934700005,15.168163818000039],[105.06045944300007,15.182849415000078]]]}},{"type":"Feature","id":"TH6407","properties":{"国家代码":"TH","行政层级":2,"行政层级中文":"县/曼谷区","行政区代码":"6407","上级行政区代码":"64","中文名称":"宋加洛县","泰文名称":"สวรรคโลก","英文名称":"Sawankhalok","中文显示名":"宋加洛县","中文名状态":"Wikidata已有中文名","边界状态":"可绘制","边界文件":"泰国_ADM2_县区边界.geojson","边界要素ID":"TH6407","边界坐标系":"WGS84 / EPSG:4326","边界数据时点":"2019-02-21","Google原生边界支持":"泰国不支持ADM2","Google地图绘制方式":"加载本GeoJSON到Google Maps Data图层","边界来源":"RTSD/OCHA衍生简化边界（canonical package）"},"geometry":{"type":"Polygon","coordinates":[[[99.96291372100006,17.252177592000066],[99.91168905900008,17.335442500000056],[99.95504979800006,17.34096099800007],[99.92202914300003,17.490060409000023],[99.88621406000004,17.389685900000075],[99.72500986000006,17.376755890000027],[99.66656323700005,17.244889990000047],[99.72066265200004,17.197813887000052],[99.77180255500008,17.221972505000053],[99.95504577100007,17.171112467000057],[99.97287549400005,17.165173147000075],[99.96291372100006,17.252177592000066]]]}},{"type":"Feature","id":"TH8607","properties":{"国家代码":"TH","行政层级":2,"行政层级中文":"县/曼谷区","行政区代码":"8607","上级行政区代码":"86","中文名称":"沙威县","泰文名称":"สวี","英文名称":"Sawi","中文显示名":"沙威县","中文名状态":"Wikidata已有中文名","边界状态":"可绘制","边界文件":"泰国_ADM2_县区边界.geojson","边界要素ID":"TH8607","边界坐标系":"WGS84 / EPSG:4326","边界数据时点":"2019-02-21","Google原生边界支持":"泰国不支持ADM2","Google地图绘制方式":"加载本GeoJSON到Google Maps Data图层","边界来源":"RTSD/OCHA衍生简化边界（canonical package）"},"geometry":{"type":"Polygon","coordinates":[[[99.14887925700003,10.311359454000069],[99.01754074400009,10.422929876000069],[98.93712688900007,10.383918848000064],[98.87517524400005,10.204372397000043],[98.88892842500007,10.169196832000068],[98.83552876700008,10.066640508000035],[98.90296881300009,10.054639031000022],[98.92263888400004,10.068939674000035],[98.92934159600009,10.11497372100007],[99.08462152100009,10.16788308300005],[99.17548061500008,10.171594953000067],[99.22408982100006,10.225677107000024],[99.14887925700003,10.311359454000069]]]}},{"type":"Feature","id":"TH3804","properties":{"国家代码":"TH","行政层级":2,"行政层级中文":"县/曼谷区","行政区代码":"3804","上级行政区代码":"38","中文名称":"社加县","泰文名称":"เซกา","英文名称":"Seka","中文显示名":"社加县","中文名状态":"Wikidata已有中文名","边界状态":"可绘制","边界文件":"泰国_ADM2_县区边界.geojson","边界要素ID":"TH3804","边界坐标系":"WGS84 / EPSG:4326","边界数据时点":"2019-02-21","Google原生边界支持":"泰国不支持ADM2","Google地图绘制方式":"加载本GeoJSON到Google Maps Data图层","边界来源":"RTSD/OCHA衍生简化边界（canonical package）"},"geometry":{"type":"Polygon","coordinates":[[[103.95520038400008,18.160984305000056],[103.87277782900009,18.218482081000047],[103.89344736900006,18.12026091900003],[103.85557714500004,18.045377818000077],[103.77451321000007,18.08419619400007],[103.70894168400008,17.940503767000052],[103.79338595300004,17.87259503100006],[103.90405658000009,17.88075748500006],[103.91813412300007,17.82228226600006],[103.97886816600004,17.770975194000073],[104.01223071700008,17.810801542000036],[103.99928523500006,17.89304935100006],[104.03518229900004,18.056519238000078],[104.08995927500007,18.076219222000077],[103.95520038400008,18.160984305000056]]]}},{"type":"Feature","id":"TH4510","properties":{"国家代码":"TH","行政层级":2,"行政层级中文":"县/曼谷区","行政区代码":"4510","上级行政区代码":"45","中文名称":"色拉蓬县","泰文名称":"เสลภูมิ","英文名称":"Selaphum","中文显示名":"色拉蓬县","中文名状态":"Wikidata已有中文名","边界状态":"可绘制","边界文件":"泰国_ADM2_县区边界.geojson","边界要素ID":"TH4510","边界坐标系":"WGS84 / EPSG:4326","边界数据时点":"2019-02-21","Google原生边界支持":"泰国不支持ADM2","Google地图绘制方式":"加载本GeoJSON到Google Maps Data图层","边界来源":"RTSD/OCHA衍生简化边界（canonical package）"},"geometry":{"type":"Polygon","coordinates":[[[104.17851651000007,16.149304028000074],[104.19917339700004,16.224121582000066],[104.13028171200006,16.196307110000078],[104.08741872600007,16.146385382000062],[103.85761430000008,16.19106213300006],[103.82860361400009,16.182138474000055],[103.83816143400009,16.157124666000072],[103.90053463900006,16.06556969600007],[103.93482526800005,15.976037402000031],[103.89987573600007,15.938823669000044],[103.99200524500009,15.810371349000036],[104.00264981200007,15.802476929000022],[104.03635945600007,15.984217121000029],[104.09374782900005,15.977546450000034],[104.10692188400009,16.097593071000063],[104.17851651000007,16.149304028000074]]]}},{"type":"Feature","id":"TH1412","properties":{"国家代码":"TH","行政层级":2,"行政层级中文":"县/曼谷区","行政区代码":"1412","上级行政区代码":"14","中文名称":"色那县","泰文名称":"เสนา","英文名称":"Sena","中文显示名":"色那县","中文名状态":"Wikidata已有中文名","边界状态":"可绘制","边界文件":"泰国_ADM2_县区边界.geojson","边界要素ID":"TH1412","边界坐标系":"WGS84 / EPSG:4326","边界数据时点":"2019-02-21","Google原生边界支持":"泰国不支持ADM2","Google地图绘制方式":"加载本GeoJSON到Google Maps Data图层","边界来源":"RTSD/OCHA衍生简化边界（canonical package）"},"geometry":{"type":"Polygon","coordinates":[[[100.41628211500006,14.396396025000058],[100.37103554500004,14.402456951000033],[100.35519165500006,14.31982247700006],[100.27403947400006,14.219173000000069],[100.41792606900003,14.224206091000042],[100.43200830400008,14.307272767000029],[100.41628211500006,14.396396025000058]]]}},{"type":"Feature","id":"TH3705","properties":{"国家代码":"TH","行政层级":2,"行政层级中文":"县/曼谷区","行政区代码":"3705","上级行政区代码":"37","中文名称":"色南卡尼空县","泰文名称":"เสนางคนิคม","英文名称":"Senangkhanikhom","中文显示名":"色南卡尼空县","中文名状态":"Wikidata已有中文名","边界状态":"可绘制","边界文件":"泰国_ADM2_县区边界.geojson","边界要素ID":"TH3705","边界坐标系":"WGS84 / EPSG:4326","边界数据时点":"2019-02-21","Google原生边界支持":"泰国不支持ADM2","Google地图绘制方式":"加载本GeoJSON到Google Maps Data图层","边界来源":"RTSD/OCHA衍生简化边界（canonical package）"},"geometry":{"type":"Polygon","coordinates":[[[104.81385420500004,16.09867915600006],[104.66201339300005,16.123357397000063],[104.54260898700005,16.07117774900007],[104.53137100700008,16.003802165000025],[104.70496548800008,16.015482946000077],[104.78402757100008,15.96536710600003],[104.81836996500004,16.00862573300003],[104.81385420500004,16.09867915600006]]]}},{"type":"Feature","id":"TH9307","properties":{"国家代码":"TH","行政层级":2,"行政层级中文":"县/曼谷区","行政区代码":"9307","上级行政区代码":"93","中文名称":"西班坡县","泰文名称":"ศรีบรรพต","英文名称":"Si Banphot","中文显示名":"西班坡县","中文名状态":"Wikidata已有中文名","边界状态":"可绘制","边界文件":"泰国_ADM2_县区边界.geojson","边界要素ID":"TH9307","边界坐标系":"WGS84 / EPSG:4326","边界数据时点":"2019-02-21","Google原生边界支持":"泰国不支持ADM2","Google地图绘制方式":"加载本GeoJSON到Google Maps Data图层","边界来源":"RTSD/OCHA衍生简化边界（canonical package）"},"geometry":{"type":"Polygon","coordinates":[[[99.97737852000006,7.643030363000037],[99.90613665200004,7.689193187000058],[99.93059818200004,7.791360144000066],[99.78784765600005,7.7435383280000565],[99.81111686800006,7.648636847000034],[99.78770864400008,7.644569083000022],[99.80066455200006,7.597793920000072],[99.97737852000006,7.643030363000037]]]}},{"type":"Feature","id":"TH3904","properties":{"国家代码":"TH","行政层级":2,"行政层级中文":"县/曼谷区","行政区代码":"3904","上级行政区代码":"39","中文名称":"西本龙县","泰文名称":"ศรีบุญเรือง","英文名称":"Si Bun Rueang","中文显示名":"西本龙县","中文名状态":"Wikidata已有中文名","边界状态":"可绘制","边界文件":"泰国_ADM2_县区边界.geojson","边界要素ID":"TH3904","边界坐标系":"WGS84 / EPSG:4326","边界数据时点":"2019-02-21","Google原生边界支持":"泰国不支持ADM2","Google地图绘制方式":"加载本GeoJSON到Google Maps Data图层","边界来源":"RTSD/OCHA衍生简化边界（canonical package）"},"geometry":{"type":"Polygon","coordinates":[[[102.25425911700006,17.146640538000042],[102.12311286300007,17.18196352800004],[102.08497498400004,17.164382083000078],[102.04265503500005,17.167222561000074],[102.03505159700006,17.149273652000034],[102.15172065400009,17.031781650000028],[102.02921120600007,16.950674611000068],[102.06851828800006,16.88951912300007],[102.21309201200006,16.86038270100005],[102.29634717200008,16.89106338000005],[102.40516123100008,16.815266877000056],[102.38505925200008,16.92641647100004],[102.32095062600007,16.96244863100003],[102.33171598900009,17.088428113000077],[102.25425911700006,17.146640538000042]]]}},{"type":"Feature","id":"TH4307","properties":{"国家代码":"TH","行政层级":2,"行政层级中文":"县/曼谷区","行政区代码":"4307","上级行政区代码":"43","中文名称":"西清迈县","泰文名称":"ศรีเชียงใหม่","英文名称":"Si Chiang Mai","中文显示名":"西清迈县","中文名状态":"Wikidata已有中文名","边界状态":"可绘制","边界文件":"泰国_ADM2_县区边界.geojson","边界要素ID":"TH4307","边界坐标系":"WGS84 / EPSG:4326","边界数据时点":"2019-02-21","Google原生边界支持":"泰国不支持ADM2","Google地图绘制方式":"加载本GeoJSON到Google Maps Data图层","边界来源":"RTSD/OCHA衍生简化边界（canonical package）"},"geometry":{"type":"Polygon","coordinates":[[[102.61392524300004,17.920511229000056],[102.59091870000003,17.96258642600003],[102.45996018800008,17.97092542400003],[102.40264940600008,18.00198375900004],[102.38643029600007,17.97383811700007],[102.50155378900007,17.871631051000065],[102.61392524300004,17.920511229000056]]]}},{"type":"Feature","id":"TH4006","properties":{"国家代码":"TH","行政层级":2,"行政层级中文":"县/曼谷区","行政区代码":"4006","上级行政区代码":"40","中文名称":"西春普县","泰文名称":"สีชมพู","英文名称":"Si Chomphu","中文显示名":"西春普县","中文名状态":"Wikidata已有中文名","边界状态":"可绘制","边界文件":"泰国_ADM2_县区边界.geojson","边界要素ID":"TH4006","边界坐标系":"WGS84 / EPSG:4326","边界数据时点":"2019-02-21","Google原生边界支持":"泰国不支持ADM2","Google地图绘制方式":"加载本GeoJSON到Google Maps Data图层","边界来源":"RTSD/OCHA衍生简化边界（canonical package）"},"geometry":{"type":"Polygon","coordinates":[[[102.21309201200006,16.86038270100005],[102.06851828800006,16.88951912300007],[102.02788715100007,16.861693409000054],[102.00425939100006,16.714905014000067],[102.15746504400005,16.61816092500004],[102.23443420800004,16.747343811000064],[102.23086000500007,16.853389641000035],[102.21309201200006,16.86038270100005]]]}},{"type":"Feature","id":"TH2508","properties":{"国家代码":"TH","行政层级":2,"行政层级中文":"县/曼谷区","行政区代码":"2508","上级行政区代码":"25","中文名称":"西玛哈坡县","泰文名称":"ศรีมหาโพธิ","英文名称":"Si Maha Phot","中文显示名":"西玛哈坡县","中文名状态":"Wikidata已有中文名","边界状态":"可绘制","边界文件":"泰国_ADM2_县区边界.geojson","边界要素ID":"TH2508","边界坐标系":"WGS84 / EPSG:4326","边界数据时点":"2019-02-21","Google原生边界支持":"泰国不支持ADM2","Google地图绘制方式":"加载本GeoJSON到Google Maps Data图层","边界来源":"RTSD/OCHA衍生简化边界（canonical package）"},"geometry":{"type":"Polygon","coordinates":[[[101.59558955100005,13.98663840000006],[101.46337748500008,14.00862022800004],[101.38818672800005,13.958634761000042],[101.53891094800008,13.785488290000046],[101.59132403100006,13.736729442000069],[101.68711480700006,13.75762701800005],[101.61356914600003,13.826095746000021],[101.59558955100005,13.98663840000006]]]}},{"type":"Feature","id":"TH2509","properties":{"国家代码":"TH","行政层级":2,"行政层级中文":"县/曼谷区","行政区代码":"2509","上级行政区代码":"25","中文名称":"西玛霍索县","泰文名称":"ศรีมโหสถ","英文名称":"Si Mahosot","中文显示名":"西玛霍索县","中文名状态":"Wikidata已有中文名","边界状态":"可绘制","边界文件":"泰国_ADM2_县区边界.geojson","边界要素ID":"TH2509","边界坐标系":"WGS84 / EPSG:4326","边界数据时点":"2019-02-21","Google原生边界支持":"泰国不支持ADM2","Google地图绘制方式":"加载本GeoJSON到Google Maps Data图层","边界来源":"RTSD/OCHA衍生简化边界（canonical package）"},"geometry":{"type":"Polygon","coordinates":[[[101.53891094800008,13.785488290000046],[101.38818672800005,13.958634761000042],[101.35162844200005,13.960307773000068],[101.38088706800005,13.849410072000069],[101.53891094800008,13.785488290000046]]]}},{"type":"Feature","id":"TH3402","properties":{"国家代码":"TH","行政层级":2,"行政层级中文":"县/曼谷区","行政区代码":"3402","上级行政区代码":"34","中文名称":"西孟迈县","泰文名称":"ศรีเมืองใหม่","英文名称":"Si Mueang Mai","中文显示名":"西孟迈县","中文名状态":"Wikidata已有中文名","边界状态":"可绘制","边界文件":"泰国_ADM2_县区边界.geojson","边界要素ID":"TH3402","边界坐标系":"WGS84 / EPSG:4326","边界数据时点":"2019-02-21","Google原生边界支持":"泰国不支持ADM2","Google地图绘制方式":"加载本GeoJSON到Google Maps Data图层","边界来源":"RTSD/OCHA衍生简化边界（canonical package）"},"geometry":{"type":"Polygon","coordinates":[[[105.63217845000008,15.667035535000025],[105.54583106800004,15.750341915000035],[105.53473557300003,15.698375891000069],[105.44474070400008,15.682572144000062],[105.41368170900006,15.635575834000065],[105.33142585200005,15.70806232600006],[105.25110982700005,15.713426680000055],[105.19760919700008,15.617365242000062],[105.19133946900007,15.486401385000022],[105.26119480300008,15.371048324000071],[105.34450073800008,15.370926245000078],[105.40159449700008,15.379827631000069],[105.42158239300005,15.519584304000034],[105.63217845000008,15.667035535000025]]]}},{"type":"Feature","id":"TH6408","properties":{"国家代码":"TH","行政层级":2,"行政层级中文":"县/曼谷区","行政区代码":"6408","上级行政区代码":"64","中文名称":"西那空县","泰文名称":"ศรีนคร","英文名称":"Si Nakhon","中文显示名":"西那空县","中文名状态":"Wikidata已有中文名","边界状态":"可绘制","边界文件":"泰国_ADM2_县区边界.geojson","边界要素ID":"TH6408","边界坐标系":"WGS84 / EPSG:4326","边界数据时点":"2019-02-21","Google原生边界支持":"泰国不支持ADM2","Google地图绘制方式":"加载本GeoJSON到Google Maps Data图层","边界来源":"RTSD/OCHA衍生简化边界（canonical package）"},"geometry":{"type":"Polygon","coordinates":[[[100.02101240200005,17.42421277400007],[99.92835011000005,17.521415250000075],[99.92202914300003,17.490060409000023],[99.95504979800006,17.34096099800007],[99.91168905900008,17.335442500000056],[99.96291372100006,17.252177592000066],[100.00443794000006,17.29633385300002],[100.02101240200005,17.42421277400007]]]}},{"type":"Feature","id":"TH3215","properties":{"国家代码":"TH","行政层级":2,"行政层级中文":"县/曼谷区","行政区代码":"3215","上级行政区代码":"32","中文名称":"锡那隆县","泰文名称":"ศรีณรงค์","英文名称":"Si Narong","中文显示名":"锡那隆县","中文名状态":"Wikidata已有中文名","边界状态":"可绘制","边界文件":"泰国_ADM2_县区边界.geojson","边界要素ID":"TH3215","边界坐标系":"WGS84 / EPSG:4326","边界数据时点":"2019-02-21","Google原生边界支持":"泰国不支持ADM2","Google地图绘制方式":"加载本GeoJSON到Google Maps Data图层","边界来源":"RTSD/OCHA衍生简化边界（canonical package）"},"geometry":{"type":"Polygon","coordinates":[[[103.92325141000003,14.892818347000059],[103.87746713600006,14.899516196000036],[103.81941552900008,14.800680288000024],[103.75923876100006,14.769316938000031],[103.76902979500005,14.727509633000068],[103.85847380200005,14.68745430100006],[103.91123784900009,14.748579370000073],[104.00414033100009,14.72095702100006],[103.99938704300007,14.747853317000022],[103.99444119800006,14.800155061000055],[103.90335724000005,14.843794208000077],[103.92325141000003,14.892818347000059]]]}},{"type":"Feature","id":"TH7205","properties":{"国家代码":"TH","行政层级":2,"行政层级中文":"县/曼谷区","行政区代码":"7205","上级行政区代码":"72","中文名称":"西巴占县","泰文名称":"ศรีประจันต์","英文名称":"Si Prachan","中文显示名":"西巴占县","中文名状态":"Wikidata已有中文名","边界状态":"可绘制","边界文件":"泰国_ADM2_县区边界.geojson","边界要素ID":"TH7205","边界坐标系":"WGS84 / EPSG:4326","边界数据时点":"2019-02-21","Google原生边界支持":"泰国不支持ADM2","Google地图绘制方式":"加载本GeoJSON到Google Maps Data图层","边界来源":"RTSD/OCHA衍生简化边界（canonical package）"},"geometry":{"type":"Polygon","coordinates":[[[100.21521830900008,14.724372712000047],[100.20541775900006,14.770696972000053],[100.19779201400007,14.767665686000043],[100.08069901000005,14.676537006000046],[100.05249090000007,14.589062955000031],[100.08632056800008,14.571062848000054],[100.19711133600003,14.555511256000045],[100.20978521300003,14.57972327400006],[100.24264875200004,14.652946421000024],[100.21521830900008,14.724372712000047]]]}},{"type":"Feature","id":"TH2007","properties":{"国家代码":"TH","行政层级":2,"行政层级中文":"县/曼谷区","行政区代码":"2007","上级行政区代码":"20","中文名称":"是拉差","泰文名称":"ศรีราชา","英文名称":"Si Racha","中文显示名":"是拉差","中文名状态":"Wikidata已有中文名","边界状态":"可绘制","边界文件":"泰国_ADM2_县区边界.geojson","边界要素ID":"TH2007","边界坐标系":"WGS84 / EPSG:4326","边界数据时点":"2019-02-21","Google原生边界支持":"泰国不支持ADM2","Google地图绘制方式":"加载本GeoJSON到Google Maps Data图层","边界来源":"RTSD/OCHA衍生简化边界（canonical package）"},"geometry":{"type":"Polygon","coordinates":[[[101.05211351500009,13.269368701000076],[100.93135215300003,13.238444350000066],[100.87895617800007,13.108177355000066],[100.91829483600009,13.039442592000057],[100.95202465400007,13.084661397000048],[101.08279373800008,13.004156126000055],[101.18394308500007,13.026728404000039],[101.21953094300005,13.077617260000068],[101.21979780700008,13.092171929000074],[101.07057235100007,13.202545649000058],[101.05211351500009,13.269368701000076]]]}},{"type":"Feature","id":"TH3314","properties":{"国家代码":"TH","行政层级":2,"行政层级中文":"县/曼谷区","行政区代码":"3314","上级行政区代码":"33","中文名称":"西拉他那县","泰文名称":"ศรีรัตนะ","英文名称":"Si Rattana","中文显示名":"西拉他那县","中文名状态":"Wikidata已有中文名","边界状态":"可绘制","边界文件":"泰国_ADM2_县区边界.geojson","边界要素ID":"TH3314","边界坐标系":"WGS84 / EPSG:4326","边界数据时点":"2019-02-21","Google原生边界支持":"泰国不支持ADM2","Google地图绘制方式":"加载本GeoJSON到Google Maps Data图层","边界来源":"RTSD/OCHA衍生简化边界（canonical package）"},"geometry":{"type":"Polygon","coordinates":[[[104.60569155800005,14.816978324000047],[104.48159476300003,14.887083395000047],[104.44620967700007,14.860834607000072],[104.39938989800004,14.83118528600005],[104.41469778900006,14.736067603000038],[104.48849831300004,14.749871528000028],[104.58489280400005,14.787850941000045],[104.60569155800005,14.816978324000047]]]}},{"type":"Feature","id":"TH9607","properties":{"国家代码":"TH","行政层级":2,"行政层级中文":"县/曼谷区","行政区代码":"9607","上级行政区代码":"96","中文名称":"西色空县","泰文名称":"ศรีสาคร","英文名称":"Si Sakhon","中文显示名":"西色空县","中文名状态":"Wikidata已有中文名","边界状态":"可绘制","边界文件":"泰国_ADM2_县区边界.geojson","边界要素ID":"TH9607","边界坐标系":"WGS84 / EPSG:4326","边界数据时点":"2019-02-21","Google原生边界支持":"泰国不支持ADM2","Google地图绘制方式":"加载本GeoJSON到Google Maps Data图层","边界来源":"RTSD/OCHA衍生简化边界（canonical package）"},"geometry":{"type":"Polygon","coordinates":[[[101.60099134600006,6.317841720000047],[101.50530488400005,6.303852046000031],[101.48425424900006,6.251769000000024],[101.39844426200006,6.23142746000002],[101.39390589000004,6.159855831000073],[101.47058598000007,6.073894192000068],[101.51161357300003,6.054083436000042],[101.60155139300008,6.094079823000072],[101.62828762800007,6.180893811000033],[101.60099134600006,6.317841720000047]]]}},{"type":"Feature","id":"TH6406","properties":{"国家代码":"TH","行政层级":2,"行政层级中文":"县/曼谷区","行政区代码":"6406","上级行政区代码":"64","中文名称":"西三龙县","泰文名称":"ศรีสำโรง","英文名称":"Si Samrong","中文显示名":"西三龙县","中文名状态":"Wikidata已有中文名","边界状态":"可绘制","边界文件":"泰国_ADM2_县区边界.geojson","边界要素ID":"TH6406","边界坐标系":"WGS84 / EPSG:4326","边界数据时点":"2019-02-21","Google原生边界支持":"泰国不支持ADM2","Google地图绘制方式":"加载本GeoJSON到Google Maps Data图层","边界来源":"RTSD/OCHA衍生简化边界（canonical package）"},"geometry":{"type":"Polygon","coordinates":[[[99.66656323700005,17.244889990000047],[99.61308444700006,17.293782023000063],[99.45912170500009,17.242258308000032],[99.48345628600003,17.20142487100003],[99.63104180600004,17.125473788000022],[99.72802792300007,17.150939896000068],[99.82824951800006,17.061295589000053],[99.87998175100006,17.09709285300005],[99.96611237800005,17.072688226000025],[99.98345560900003,17.082716039000047],[99.95504577100007,17.171112467000057],[99.77180255500008,17.221972505000053],[99.72066265200004,17.197813887000052],[99.66656323700005,17.244889990000047]]]}},{"type":"Feature","id":"TH6405","properties":{"国家代码":"TH","行政层级":2,"行政层级中文":"县/曼谷区","行政区代码":"6405","上级行政区代码":"64","中文名称":"西萨查那莱区","泰文名称":"ศรีสัชนาลัย","英文名称":"Si Satchanalai","中文显示名":"西萨查那莱区","中文名状态":"Wikidata已有中文名","边界状态":"可绘制","边界文件":"泰国_ADM2_县区边界.geojson","边界要素ID":"TH6405","边界坐标系":"WGS84 / EPSG:4326","边界数据时点":"2019-02-21","Google原生边界支持":"泰国不支持ADM2","Google地图绘制方式":"加载本GeoJSON到Google Maps Data图层","边界来源":"RTSD/OCHA衍生简化边界（canonical package）"},"geometry":{"type":"Polygon","coordinates":[[[99.89449126700003,17.807192434000058],[99.80354330500006,17.800368411000022],[99.72629227100003,17.72151345800006],[99.67069502200007,17.79925189200003],[99.59846545700003,17.821580273000052],[99.51927372800009,17.797552389000032],[99.47105082100006,17.73786806100003],[99.45433214400003,17.598105516000032],[99.41304272200006,17.57407357900007],[99.41888945600004,17.488583994000066],[99.52673086700008,17.50850141600006],[99.64923446400007,17.355201590000036],[99.72500986000006,17.376755890000027],[99.88621406000004,17.389685900000075],[99.92202914300003,17.490060409000023],[99.92835011000005,17.521415250000075],[99.94231236600007,17.53633609800005],[99.97690698700006,17.622210059000054],[99.96326640500007,17.711380365000025],[99.89449126700003,17.807192434000058]]]}},{"type":"Feature","id":"TH7104","properties":{"国家代码":"TH","行政层级":2,"行政层级中文":"县/曼谷区","行政区代码":"7104","上级行政区代码":"71","中文名称":"西沙瓦县","泰文名称":"ศรีสวัสดิ์","英文名称":"Si Sawat","中文显示名":"西沙瓦县","中文名状态":"Wikidata已有中文名","边界状态":"可绘制","边界文件":"泰国_ADM2_县区边界.geojson","边界要素ID":"TH7104","边界坐标系":"WGS84 / EPSG:4326","边界数据时点":"2019-02-21","Google原生边界支持":"泰国不支持ADM2","Google地图绘制方式":"加载本GeoJSON到Google Maps Data图层","边界来源":"RTSD/OCHA衍生简化边界（canonical package）"},"geometry":{"type":"Polygon","coordinates":[[[99.28280207500006,14.997616249000032],[99.11825759700008,15.05464723800003],[98.99966125200007,15.071000168000069],[98.96776435100008,15.002030036000065],[98.96346104800006,14.777944104000028],[98.87716082000009,14.716293269000062],[98.88683078800005,14.637490194000065],[98.93585339100008,14.597248230000048],[98.91876416000008,14.525764853000055],[99.00767797500004,14.435340540000027],[99.13187740100005,14.228359972000021],[99.14704541500004,14.287310900000023],[99.27779302200008,14.344921126000031],[99.35992845800007,14.290141048000066],[99.31833504200006,14.414643141000056],[99.28333012200005,14.622911571000031],[99.31906654800008,14.633983641000043],[99.35214530800005,14.67396780200005],[99.29092952500008,14.704582277000043],[99.23917827900004,14.821798191000028],[99.29478658300008,14.832054719000041],[99.32501374800006,14.941626950000057],[99.28280207500006,14.997616249000032]]]}},{"type":"Feature","id":"TH4516","properties":{"国家代码":"TH","行政层级":2,"行政层级中文":"县/曼谷区","行政区代码":"4516","上级行政区代码":"45","中文名称":"西颂德县","泰文名称":"ศรีสมเด็จ","英文名称":"Si Somdet","中文显示名":"西颂德县","中文名状态":"Wikidata已有中文名","边界状态":"可绘制","边界文件":"泰国_ADM2_县区边界.geojson","边界要素ID":"TH4516","边界坐标系":"WGS84 / EPSG:4326","边界数据时点":"2019-02-21","Google原生边界支持":"泰国不支持ADM2","Google地图绘制方式":"加载本GeoJSON到Google Maps Data图层","边界来源":"RTSD/OCHA衍生简化边界（canonical package）"},"geometry":{"type":"Polygon","coordinates":[[[103.52285324000007,15.938736619000053],[103.57375946100007,15.989633138000045],[103.55836840900008,16.065146369000047],[103.49813853500007,16.05702180700007],[103.46505259300005,16.130109094000034],[103.45814436300009,16.11120107200003],[103.46333016400007,16.008819869000035],[103.48818795600005,15.931336466000062],[103.52285324000007,15.938736619000053]]]}},{"type":"Feature","id":"TH4808","properties":{"国家代码":"TH","行政层级":2,"行政层级中文":"县/曼谷区","行政区代码":"4808","上级行政区代码":"48","中文名称":"西颂堪县","泰文名称":"ศรีสงคราม","英文名称":"Si Songkhram","中文显示名":"西颂堪县","中文名状态":"Wikidata已有中文名","边界状态":"可绘制","边界文件":"泰国_ADM2_县区边界.geojson","边界要素ID":"TH4808","边界坐标系":"WGS84 / EPSG:4326","边界数据时点":"2019-02-21","Google原生边界支持":"泰国不支持ADM2","Google地图绘制方式":"加载本GeoJSON到Google Maps Data图层","边界来源":"RTSD/OCHA衍生简化边界（canonical package）"},"geometry":{"type":"Polygon","coordinates":[[[104.17884968300007,17.786631576000048],[104.06658163400004,17.740210094000076],[104.07114564800008,17.65158096400006],[104.13861487000008,17.591615862000026],[104.13144629000004,17.50947691600004],[104.17852222100004,17.502659970000025],[104.26426526500006,17.501185276000058],[104.41258912200004,17.54709474400005],[104.38949379400003,17.654579116000036],[104.29980124700006,17.74438655700004],[104.22368187300003,17.72902207800007],[104.17884968300007,17.786631576000048]]]}},{"type":"Feature","id":"TH4109","properties":{"国家代码":"TH","行政层级":2,"行政层级中文":"县/曼谷区","行政区代码":"4109","上级行政区代码":"41","中文名称":"西塔县","泰文名称":"ศรีธาตุ","英文名称":"Si That","中文显示名":"西塔县","中文名状态":"Wikidata已有中文名","边界状态":"可绘制","边界文件":"泰国_ADM2_县区边界.geojson","边界要素ID":"TH4109","边界坐标系":"WGS84 / EPSG:4326","边界数据时点":"2019-02-21","Google原生边界支持":"泰国不支持ADM2","Google地图绘制方式":"加载本GeoJSON到Google Maps Data图层","边界来源":"RTSD/OCHA衍生简化边界（canonical package）"},"geometry":{"type":"Polygon","coordinates":[[[103.37281819200007,17.152702015000045],[103.26331553000006,17.15628358200007],[103.24462808500004,17.112033014000076],[103.15513272200008,17.101446821000025],[103.05145621300005,17.043901900000037],[103.11729689700007,16.961118657000043],[103.22095961000008,16.967839921000063],[103.33011977600006,16.924071163000065],[103.31707040300006,16.980053398000052],[103.37281819200007,17.152702015000045]]]}},{"type":"Feature","id":"TH6706","properties":{"国家代码":"TH","行政层级":2,"行政层级中文":"县/曼谷区","行政区代码":"6706","上级行政区代码":"67","中文名称":"西贴县","泰文名称":"ศรีเทพ","英文名称":"Si Thep","中文显示名":"西贴县","中文名状态":"Wikidata已有中文名","边界状态":"可绘制","边界文件":"泰国_ADM2_县区边界.geojson","边界要素ID":"TH6706","边界坐标系":"WGS84 / EPSG:4326","边界数据时点":"2019-02-21","Google原生边界支持":"泰国不支持ADM2","Google地图绘制方式":"加载本GeoJSON到Google Maps Data图层","边界来源":"RTSD/OCHA衍生简化边界（canonical package）"},"geometry":{"type":"Polygon","coordinates":[[[101.29901727700008,15.380235601000038],[101.31081139000008,15.575458534000063],[101.08124681700008,15.542375049000043],[101.08676297400007,15.482263611000064],[101.00207691800006,15.508939740000073],[100.92869897300005,15.487688026000058],[100.97474683200005,15.416549141000075],[100.97705417100008,15.336465455000052],[101.08227669600006,15.356381916000032],[101.20543512900008,15.319421657000078],[101.29901727700008,15.380235601000038]]]}},{"type":"Feature","id":"TH3807","properties":{"国家代码":"TH","行政层级":2,"行政层级中文":"县/曼谷区","行政区代码":"3807","上级行政区代码":"38","中文名称":"是威莱县","泰文名称":"ศรีวิไล","英文名称":"Si Wilai","中文显示名":"是威莱县","中文名状态":"Wikidata已有中文名","边界状态":"可绘制","边界文件":"泰国_ADM2_县区边界.geojson","边界要素ID":"TH3807","边界坐标系":"WGS84 / EPSG:4326","边界数据时点":"2019-02-21","Google原生边界支持":"泰国不支持ADM2","Google地图绘制方式":"加载本GeoJSON到Google Maps Data图层","边界来源":"RTSD/OCHA衍生简化边界（canonical package）"},"geometry":{"type":"Polygon","coordinates":[[[103.89344736900006,18.12026091900003],[103.79934726500005,18.260751802000073],[103.73360389000004,18.275741078000067],[103.71975988500009,18.21293702500003],[103.64761469900009,18.173744569000064],[103.77451321000007,18.08419619400007],[103.85557714500004,18.045377818000077],[103.89344736900006,18.12026091900003]]]}},{"type":"Feature","id":"TH8014","properties":{"国家代码":"TH","行政层级":2,"行政层级中文":"县/曼谷区","行政区代码":"8014","上级行政区代码":"80","中文名称":"锡春县","泰文名称":"สิชล","英文名称":"Sichon","中文显示名":"锡春县","中文名状态":"Wikidata已有中文名","边界状态":"可绘制","边界文件":"泰国_ADM2_县区边界.geojson","边界要素ID":"TH8014","边界坐标系":"WGS84 / EPSG:4326","边界数据时点":"2019-02-21","Google原生边界支持":"泰国不支持ADM2","Google地图绘制方式":"加载本GeoJSON到Google Maps Data图层","边界来源":"RTSD/OCHA衍生简化边界（canonical package）"},"geometry":{"type":"Polygon","coordinates":[[[99.90944772800003,9.089935196000056],[99.81582146800008,9.121407718000057],[99.77176501800005,9.096430174000034],[99.74209333500005,9.029715931000055],[99.69641031900005,8.93580606200004],[99.64189235700007,8.927769940000076],[99.68916206300008,8.845251026000028],[99.75822480300008,8.81156621200006],[99.88303488900004,8.818985810000072],[99.92080628200006,8.870250901000077],[99.90944772800003,9.089935196000056]]]}},{"type":"Feature","id":"TH3031","properties":{"国家代码":"TH","行政层级":2,"行政层级中文":"县/曼谷区","行政区代码":"3031","上级行政区代码":"30","中文名称":"西达县","泰文名称":"สีดา","英文名称":"Sida","中文显示名":"西达县","中文名状态":"Wikidata已有中文名","边界状态":"可绘制","边界文件":"泰国_ADM2_县区边界.geojson","边界要素ID":"TH3031","边界坐标系":"WGS84 / EPSG:4326","边界数据时点":"2019-02-21","Google原生边界支持":"泰国不支持ADM2","Google地图绘制方式":"加载本GeoJSON到Google Maps Data图层","边界来源":"RTSD/OCHA衍生简化边界（canonical package）"},"geometry":{"type":"Polygon","coordinates":[[[102.60825700600009,15.530932244000041],[102.60281505100005,15.66979133600006],[102.50637652200004,15.610728993000066],[102.46031249800006,15.552679475000048],[102.52055600300008,15.465440113000056],[102.53641502300007,15.534367970000062],[102.60825700600009,15.530932244000041]]]}},{"type":"Feature","id":"TH9205","properties":{"国家代码":"TH","行政层级":2,"行政层级中文":"县/曼谷区","行政区代码":"9205","上级行政区代码":"92","中文名称":"锡高县","泰文名称":"สิเกา","英文名称":"Sikao","中文显示名":"锡高县","中文名状态":"Wikidata已有中文名","边界状态":"可绘制","边界文件":"泰国_ADM2_县区边界.geojson","边界要素ID":"TH9205","边界坐标系":"WGS84 / EPSG:4326","边界数据时点":"2019-02-21","Google原生边界支持":"泰国不支持ADM2","Google地图绘制方式":"加载本GeoJSON到Google Maps Data图层","边界来源":"RTSD/OCHA衍生简化边界（canonical package）"},"geometry":{"type":"Polygon","coordinates":[[[99.49226319900004,7.562935217000074],[99.38172831500003,7.616325644000028],[99.34357220900006,7.727763569000047],[99.35980948000008,7.7867006890000425],[99.29420194100004,7.825097650000032],[99.31272274800006,7.729177635000042],[99.25947516700006,7.657362437000074],[99.34873902500004,7.4014902040000266],[99.44925064300008,7.533796994000056],[99.51944552400005,7.540661324000041],[99.49226319900004,7.562935217000074]]]}},{"type":"Feature","id":"TH3020","properties":{"国家代码":"TH","行政层级":2,"行政层级中文":"县/曼谷区","行政区代码":"3020","上级行政区代码":"30","中文名称":"四球县","泰文名称":"สีคิ้ว","英文名称":"Si Khio","中文显示名":"四球县","中文名状态":"Wikidata已有中文名","边界状态":"可绘制","边界文件":"泰国_ADM2_县区边界.geojson","边界要素ID":"TH3020","边界坐标系":"WGS84 / EPSG:4326","边界数据时点":"2019-02-21","Google原生边界支持":"泰国不支持ADM2","Google地图绘制方式":"加载本GeoJSON到Google Maps Data图层","边界来源":"RTSD/OCHA衍生简化边界（canonical package）"},"geometry":{"type":"Polygon","coordinates":[[[101.78699661100006,15.05132915200005],[101.63150243500007,15.097982667000053],[101.39967676900005,15.101791934000062],[101.40022633700005,15.073792757000035],[101.44856781000004,14.902157604000024],[101.61820148400005,14.713385862000052],[101.67870327400004,14.693124814000043],[101.71570901900009,14.793688486000065],[101.69244883100004,14.84192788100006],[101.78592839200007,14.884079267000061],[101.75881230300007,14.965959892000058],[101.78699661100006,15.05132915200005]]]}},{"type":"Feature","id":"TH3209","properties":{"国家代码":"TH","行政层级":2,"行政层级中文":"县/曼谷区","行政区代码":"3209","上级行政区代码":"32","中文名称":"锡卡拉蓬县","泰文名称":"ศีขรภูมิ","英文名称":"Sikhoraphum","中文显示名":"锡卡拉蓬县","中文名状态":"Wikidata已有中文名","边界状态":"可绘制","边界文件":"泰国_ADM2_县区边界.geojson","边界要素ID":"TH3209","边界坐标系":"WGS84 / EPSG:4326","边界数据时点":"2019-02-21","Google原生边界支持":"泰国不支持ADM2","Google地图绘制方式":"加载本GeoJSON到Google Maps Data图层","边界来源":"RTSD/OCHA衍生简化边界（canonical package）"},"geometry":{"type":"Polygon","coordinates":[[[103.84943920400008,15.108017266000047],[103.71915575500009,15.127031393000038],[103.67175402400005,15.045707458000038],[103.66142968400004,14.94776636000006],[103.68995581200005,14.910701978000077],[103.66721724600006,14.804166388000056],[103.75923876100006,14.769316938000031],[103.81941552900008,14.800680288000024],[103.87746713600006,14.899516196000036],[103.92325141000003,14.892818347000059],[103.92813397800006,14.903384493000033],[103.84943920400008,15.108017266000047]]]}},{"type":"Feature","id":"TH3322","properties":{"国家代码":"TH","行政层级":2,"行政层级中文":"县/曼谷区","行政区代码":"3322","上级行政区代码":"33","中文名称":"西拉叻县","泰文名称":"ศิลาลาด","英文名称":"Sila Lat","中文显示名":"西拉叻县","中文名状态":"Wikidata已有中文名","边界状态":"可绘制","边界文件":"泰国_ADM2_县区边界.geojson","边界要素ID":"TH3322","边界坐标系":"WGS84 / EPSG:4326","边界数据时点":"2019-02-21","Google原生边界支持":"泰国不支持ADM2","Google地图绘制方式":"加载本GeoJSON到Google Maps Data图层","边界来源":"RTSD/OCHA衍生简化边界（canonical package）"},"geometry":{"type":"Polygon","coordinates":[[[104.12173508800004,15.563130354000066],[104.08552934900007,15.550517764000062],[104.05997604300006,15.502419313000075],[104.02037911900004,15.470515704000036],[104.06434955900005,15.412428000000034],[104.17112029300006,15.472411446000024],[104.12173508800004,15.563130354000066]]]}},{"type":"Feature","id":"TH9015","properties":{"国家代码":"TH","行政层级":2,"行政层级中文":"县/曼谷区","行政区代码":"9015","上级行政区代码":"90","中文名称":"兴哈那空县","泰文名称":"สิงหนคร","英文名称":"Singhanakhon","中文显示名":"兴哈那空县","中文名状态":"Wikidata已有中文名","边界状态":"可绘制","边界文件":"泰国_ADM2_县区边界.geojson","边界要素ID":"TH9015","边界坐标系":"WGS84 / EPSG:4326","边界数据时点":"2019-02-21","Google原生边界支持":"泰国不支持ADM2","Google地图绘制方式":"加载本GeoJSON到Google Maps Data图层","边界来源":"RTSD/OCHA衍生简化边界（canonical package）"},"geometry":{"type":"Polygon","coordinates":[[[100.57542416500007,7.223196904000076],[100.48108173800006,7.3762909750000745],[100.40606568400005,7.361804041000028],[100.40863688100006,7.265361569000049],[100.46220998500007,7.187041116000046],[100.57542416500007,7.223196904000076]]]}},{"type":"Feature","id":"TH3425","properties":{"国家代码":"TH","行政层级":2,"行政层级中文":"县/曼谷区","行政区代码":"3425","上级行政区代码":"34","中文名称":"诗琳通县","泰文名称":"สิรินธร","英文名称":"Sirindhorn","中文显示名":"诗琳通县","中文名状态":"Wikidata已有中文名","边界状态":"可绘制","边界文件":"泰国_ADM2_县区边界.geojson","边界要素ID":"TH3425","边界坐标系":"WGS84 / EPSG:4326","边界数据时点":"2019-02-21","Google原生边界支持":"泰国不支持ADM2","Google地图绘制方式":"加载本GeoJSON到Google Maps Data图层","边界来源":"RTSD/OCHA衍生简化边界（canonical package）"},"geometry":{"type":"Polygon","coordinates":[[[105.55578297100004,15.25819535900007],[105.46855100500005,15.303586593000034],[105.43976369500007,15.265718751000065],[105.37071112400008,15.296495742000047],[105.28448728800004,15.240859232000048],[105.29307602600005,15.182126425000035],[105.38502652800008,15.099486442000057],[105.37338304000008,14.94069601600006],[105.42839837600008,14.911776092000025],[105.55284435400006,14.949737740000046],[105.62427641400006,14.974838291000026],[105.46923061300004,15.159179858000073],[105.55578297100004,15.25819535900007]]]}},{"type":"Feature","id":"TH3803","properties":{"国家代码":"TH","行政层级":2,"行政层级中文":"县/曼谷区","行政区代码":"3803","上级行政区代码":"38","中文名称":"索披赛县","泰文名称":"โซ่พิสัย","英文名称":"So Phisai","中文显示名":"索披赛县","中文名状态":"Wikidata已有中文名","边界状态":"可绘制","边界文件":"泰国_ADM2_县区边界.geojson","边界要素ID":"TH3803","边界坐标系":"WGS84 / EPSG:4326","边界数据时点":"2019-02-21","Google原生边界支持":"泰国不支持ADM2","Google地图绘制方式":"加载本GeoJSON到Google Maps Data图层","边界来源":"RTSD/OCHA衍生简化边界（canonical package）"},"geometry":{"type":"Polygon","coordinates":[[[103.58463584900005,18.198884672000077],[103.52808522000004,18.309764835000067],[103.45295191800005,18.323072882000076],[103.40004637500004,18.28107635600003],[103.43948822700008,18.204797704000043],[103.36638776100006,18.164330981000035],[103.29596584600006,18.120379895000042],[103.31362535400007,18.05694062300006],[103.40515220900005,17.99225767200005],[103.49255376700006,17.98770207800004],[103.49642975700004,18.064942169000062],[103.54244245900009,18.08804716000003],[103.53407530500004,18.150845837000077],[103.58463584900005,18.198884672000077]]]}},{"type":"Feature","id":"TH5204","properties":{"国家代码":"TH","行政层级":2,"行政层级中文":"县/曼谷区","行政区代码":"5204","上级行政区代码":"52","中文名称":"森南县","泰文名称":"เสริมงาม","英文名称":"Soem Ngam","中文显示名":"森南县","中文名状态":"Wikidata已有中文名","边界状态":"可绘制","边界文件":"泰国_ADM2_县区边界.geojson","边界要素ID":"TH5204","边界坐标系":"WGS84 / EPSG:4326","边界数据时点":"2019-02-21","Google原生边界支持":"泰国不支持ADM2","Google地图绘制方式":"加载本GeoJSON到Google Maps Data图层","边界来源":"RTSD/OCHA衍生简化边界（canonical package）"},"geometry":{"type":"Polygon","coordinates":[[[99.21728568000003,18.189827887000035],[99.11919304400004,18.297983015000057],[99.01789204200008,18.25264907600007],[99.03732912500004,18.19987437700007],[99.10085138400007,17.998747864000052],[99.10816085400006,17.913342202000024],[99.18331551700004,17.860529032000045],[99.21056689800008,17.886211785000057],[99.19889548000003,17.955935527000065],[99.27434931000005,17.98262863900004],[99.30243505900006,18.08269098200003],[99.21728568000003,18.189827887000035]]]}},{"type":"Feature","id":"TH3003","properties":{"国家代码":"TH","行政层级":2,"行政层级中文":"县/曼谷区","行政区代码":"3003","上级行政区代码":"30","中文名称":"森桑县","泰文名称":"เสิงสาง","英文名称":"Soeng Sang","中文显示名":"森桑县","中文名状态":"Wikidata已有中文名","边界状态":"可绘制","边界文件":"泰国_ADM2_县区边界.geojson","边界要素ID":"TH3003","边界坐标系":"WGS84 / EPSG:4326","边界数据时点":"2019-02-21","Google原生边界支持":"泰国不支持ADM2","Google地图绘制方式":"加载本GeoJSON到Google Maps Data图层","边界来源":"RTSD/OCHA衍生简化边界（canonical package）"},"geometry":{"type":"Polygon","coordinates":[[[102.49550168100006,14.56480209600005],[102.47115154600004,14.614545631000055],[102.43141045800007,14.591941144000032],[102.38028930300004,14.468458892000058],[102.35926664400006,14.165854786000068],[102.43452948800007,14.154589859000055],[102.68629543300005,14.299173804000077],[102.60266133600004,14.32251711300006],[102.56294269800009,14.375135356000044],[102.61059848800005,14.494087109000077],[102.48134803000005,14.511968731000024],[102.49550168100006,14.56480209600005]]]}},{"type":"Feature","id":"TH2207","properties":{"国家代码":"TH","行政层级":2,"行政层级中文":"县/曼谷区","行政区代码":"2207","上级行政区代码":"22","中文名称":"绥道县","泰文名称":"สอยดาว","英文名称":"Soi Dao","中文显示名":"绥道县","中文名状态":"Wikidata已有中文名","边界状态":"可绘制","边界文件":"泰国_ADM2_县区边界.geojson","边界要素ID":"TH2207","边界坐标系":"WGS84 / EPSG:4326","边界数据时点":"2019-02-21","Google原生边界支持":"泰国不支持ADM2","Google地图绘制方式":"加载本GeoJSON到Google Maps Data图层","边界来源":"RTSD/OCHA衍生简化边界（canonical package）"},"geometry":{"type":"Polygon","coordinates":[[[102.28377653500007,13.303635412000062],[102.18865892300005,13.293062450000036],[102.13142311900003,13.336088321000034],[102.10344996800006,13.261590357000046],[102.02829049400003,13.236708263000025],[102.04824868800006,13.160104903000047],[102.11085885600005,13.151162862000035],[102.15479292100008,13.06089789400005],[102.23667630900007,13.039185275000023],[102.36258117600005,13.069126632000064],[102.33209308700003,13.122781487000054],[102.39998370300003,13.15912927900007],[102.35357461600006,13.298943492000035],[102.28377653500007,13.303635412000062]]]}},{"type":"Feature","id":"TH4613","properties":{"国家代码":"TH","行政层级":2,"行政层级中文":"县/曼谷区","行政区代码":"4613","上级行政区代码":"46","中文名称":"颂代县","泰文名称":"สมเด็จ","英文名称":"Somdet","中文显示名":"颂代县","中文名状态":"Wikidata已有中文名","边界状态":"可绘制","边界文件":"泰国_ADM2_县区边界.geojson","边界要素ID":"TH4613","边界坐标系":"WGS84 / EPSG:4326","边界数据时点":"2019-02-21","Google原生边界支持":"泰国不支持ADM2","Google地图绘制方式":"加载本GeoJSON到Google Maps Data图层","边界来源":"RTSD/OCHA衍生简化边界（canonical package）"},"geometry":{"type":"Polygon","coordinates":[[[103.90706371700009,16.80290506500006],[103.78889851300005,16.888802767000072],[103.76315579000004,16.964307833000078],[103.63710052500005,16.76684498000003],[103.69631714000008,16.718312191000052],[103.66149510300005,16.629811440000026],[103.68683308000004,16.597998292000057],[103.71589188600007,16.67503838500005],[103.80061721200008,16.645121262000032],[103.79762839700004,16.707256665000045],[103.90706371700009,16.80290506500006]]]}},{"type":"Feature","id":"TH5406","properties":{"国家代码":"TH","行政层级":2,"行政层级中文":"县/曼谷区","行政区代码":"5406","上级行政区代码":"54","中文名称":"颂县","泰文名称":"สอง","英文名称":"Song","中文显示名":"颂县","中文名状态":"Wikidata已有中文名","边界状态":"可绘制","边界文件":"泰国_ADM2_县区边界.geojson","边界要素ID":"TH5406","边界坐标系":"WGS84 / EPSG:4326","边界数据时点":"2019-02-21","Google原生边界支持":"泰国不支持ADM2","Google地图绘制方式":"加载本GeoJSON到Google Maps Data图层","边界来源":"RTSD/OCHA衍生简化边界（canonical package）"},"geometry":{"type":"Polygon","coordinates":[[[100.34038381300007,18.80595545500006],[100.15593258000007,18.835470908000048],[100.11402458500004,18.808551408000028],[100.10525611600008,18.559282215000053],[100.04929202100004,18.531813655000065],[99.99920720100005,18.402593799000044],[100.07517575400004,18.348789302000057],[100.20545957100006,18.317537273000028],[100.21310870300005,18.382206754000038],[100.31998268700005,18.466912196000067],[100.39268491700005,18.419296804000055],[100.39931541800007,18.48575016800004],[100.37101007500007,18.567448975000048],[100.39258899400005,18.638393515000075],[100.35157959900005,18.68055431700003],[100.39136919900005,18.739382987000056],[100.34038381300007,18.80595545500006]]]}},{"type":"Feature","id":"TH4713","properties":{"国家代码":"TH","行政层级":2,"行政层级中文":"县/曼谷区","行政区代码":"4713","上级行政区代码":"47","中文名称":"颂道县","泰文名称":"ส่องดาว","英文名称":"Song Dao","中文显示名":"颂道县","中文名状态":"Wikidata已有中文名","边界状态":"可绘制","边界文件":"泰国_ADM2_县区边界.geojson","边界要素ID":"TH4713","边界坐标系":"WGS84 / EPSG:4326","边界数据时点":"2019-02-21","Google原生边界支持":"泰国不支持ADM2","Google地图绘制方式":"加载本GeoJSON到Google Maps Data图层","边界来源":"RTSD/OCHA衍生简化边界（canonical package）"},"geometry":{"type":"Polygon","coordinates":[[[103.54867896100006,17.332887094000057],[103.56958094000004,17.383929865000027],[103.46777729500008,17.417002204000028],[103.29969806800005,17.269534340000064],[103.44048773200007,17.213253829000053],[103.47025972500006,17.229916415000048],[103.54867896100006,17.332887094000057]]]}},{"type":"Feature","id":"TH5513","properties":{"国家代码":"TH","行政层级":2,"行政层级中文":"县/曼谷区","行政区代码":"5513","上级行政区代码":"55","中文名称":"颂威县","泰文名称":"สองแคว","英文名称":"Song Khwae","中文显示名":"颂威县","中文名状态":"Wikidata已有中文名","边界状态":"可绘制","边界文件":"泰国_ADM2_县区边界.geojson","边界要素ID":"TH5513","边界坐标系":"WGS84 / EPSG:4326","边界数据时点":"2019-02-21","Google原生边界支持":"泰国不支持ADM2","Google地图绘制方式":"加载本GeoJSON到Google Maps Data图层","边界来源":"RTSD/OCHA衍生简化边界（canonical package）"},"geometry":{"type":"Polygon","coordinates":[[[100.76806873400005,19.488682397000048],[100.65140019400008,19.557156666000026],[100.59862199300005,19.510074245000055],[100.56475475900004,19.436195347000023],[100.48809490400004,19.39955142100007],[100.57092765300007,19.30460600600003],[100.61240346200003,19.312504578000073],[100.77770708800006,19.27405022100004],[100.78395994300007,19.377895684000066],[100.76806873400005,19.488682397000048]]]}},{"type":"Feature","id":"TH7207","properties":{"国家代码":"TH","行政层级":2,"行政层级中文":"县/曼谷区","行政区代码":"7207","上级行政区代码":"72","中文名称":"宋匹农区","泰文名称":"สองพี่น้อง","英文名称":"Song Phi Nong","中文显示名":"宋匹农区","中文名状态":"Wikidata已有中文名","边界状态":"可绘制","边界文件":"泰国_ADM2_县区边界.geojson","边界要素ID":"TH7207","边界坐标系":"WGS84 / EPSG:4326","边界数据时点":"2019-02-21","Google原生边界支持":"泰国不支持ADM2","Google地图绘制方式":"加载本GeoJSON到Google Maps Data图层","边界来源":"RTSD/OCHA衍生简化边界（canonical package）"},"geometry":{"type":"Polygon","coordinates":[[[99.97542250800007,14.340758214000061],[99.97932415900004,14.233175670000037],[99.81290715700004,14.228791614000045],[99.77221318000005,14.094012947000067],[99.81410249700008,14.064243240000053],[99.92714714100003,14.12774511200007],[100.06343058700008,14.145437848000029],[100.21290035300007,14.179213636000043],[100.23608597400005,14.204408090000072],[100.23365112100004,14.241556800000069],[100.13401624000005,14.288864768000053],[100.00858038700005,14.294379391000064],[99.98404669700005,14.336716616000047],[99.97542250800007,14.340758214000061]]]}},{"type":"Feature","id":"TH5806","properties":{"国家代码":"TH","行政层级":2,"行政层级中文":"县/曼谷区","行政区代码":"5806","上级行政区代码":"58","中文名称":"索梅县","泰文名称":"สบเมย","英文名称":"Sop Moei","中文显示名":"索梅县","中文名状态":"Wikidata已有中文名","边界状态":"可绘制","边界文件":"泰国_ADM2_县区边界.geojson","边界要素ID":"TH5806","边界坐标系":"WGS84 / EPSG:4326","边界数据时点":"2019-02-21","Google原生边界支持":"泰国不支持ADM2","Google地图绘制方式":"加载本GeoJSON到Google Maps Data图层","边界来源":"RTSD/OCHA衍生简化边界（canonical package）"},"geometry":{"type":"Polygon","coordinates":[[[98.16205680400009,18.147055864000038],[98.08968264500004,18.154556025000034],[98.12400388200007,18.09175732800003],[98.05756062800003,17.994198348000054],[97.96170508800009,18.099030992000053],[97.90698780200006,18.025214301000062],[97.72060836600008,18.01539099400003],[97.73565873900009,17.958833843000036],[97.67199302300008,17.88289486800005],[97.74237573800008,17.78576542600007],[97.84582484500004,17.77890104200003],[97.91139559900006,17.853672913000025],[97.96942889600007,17.867729481000026],[98.04015729400004,17.676144322000027],[98.08921456500008,17.63717831100007],[98.15072527500007,17.69979391800007],[98.14721293300005,17.776606683000068],[98.08622297700003,17.81056809300003],[98.01094256800008,17.926914860000068],[98.08999289100007,17.963342070000067],[98.15020290700005,17.94064202800007],[98.24668485700005,17.992694221000022],[98.25906910400005,18.039117657000077],[98.28945313400004,18.078209725000022],[98.20170501300004,18.090727842000035],[98.16205680400009,18.147055864000038]]]}},{"type":"Feature","id":"TH5211","properties":{"国家代码":"TH","行政层级":2,"行政层级中文":"县/曼谷区","行政区代码":"5211","上级行政区代码":"52","中文名称":"索巴拉县","泰文名称":"สบปราบ","英文名称":"Sop Prap","中文显示名":"索巴拉县","中文名状态":"Wikidata已有中文名","边界状态":"可绘制","边界文件":"泰国_ADM2_县区边界.geojson","边界要素ID":"TH5211","边界坐标系":"WGS84 / EPSG:4326","边界数据时点":"2019-02-21","Google原生边界支持":"泰国不支持ADM2","Google地图绘制方式":"加载本GeoJSON到Google Maps Data图层","边界来源":"RTSD/OCHA衍生简化边界（canonical package）"},"geometry":{"type":"Polygon","coordinates":[[[99.42184271400004,18.007084433000045],[99.27434931000005,17.98262863900004],[99.19889548000003,17.955935527000065],[99.21056689800008,17.886211785000057],[99.32429686900008,17.765229658000067],[99.36757282600007,17.773487857000077],[99.48303666200007,17.920189523000033],[99.41788105000006,17.951290967000034],[99.42184271400004,18.007084433000045]]]}},{"type":"Feature","id":"TH9311","properties":{"国家代码":"TH","行政层级":2,"行政层级中文":"县/曼谷区","行政区代码":"9311","上级行政区代码":"93","中文名称":"西那加林德拉县","泰文名称":"ศรีนครินทร์","英文名称":"Srinagarindra","中文显示名":"西那加林德拉县","中文名状态":"Wikidata已有中文名","边界状态":"可绘制","边界文件":"泰国_ADM2_县区边界.geojson","边界要素ID":"TH9311","边界坐标系":"WGS84 / EPSG:4326","边界数据时点":"2019-02-21","Google原生边界支持":"泰国不支持ADM2","Google地图绘制方式":"加载本GeoJSON到Google Maps Data图层","边界来源":"RTSD/OCHA衍生简化边界（canonical package）"},"geometry":{"type":"Polygon","coordinates":[[[99.97737852000006,7.643030363000037],[99.80066455200006,7.597793920000072],[99.82064834300007,7.518871703000059],[99.85013342400003,7.47307356500005],[99.98904785300005,7.5299198140000385],[99.98717770000007,7.638339728000062],[99.97737852000006,7.643030363000037]]]}},{"type":"Feature","id":"TH9610","properties":{"国家代码":"TH","行政层级":2,"行政层级中文":"县/曼谷区","行政区代码":"9610","上级行政区代码":"96","中文名称":"过络河县","泰文名称":"สุไหงโก-ลก","英文名称":"Su-Ngai Kolok","中文显示名":"过络河县","中文名状态":"Wikidata已有中文名","边界状态":"可绘制","边界文件":"泰国_ADM2_县区边界.geojson","边界要素ID":"TH9610","边界坐标系":"WGS84 / EPSG:4326","边界数据时点":"2019-02-21","Google原生边界支持":"泰国不支持ADM2","Google地图绘制方式":"加载本GeoJSON到Google Maps Data图层","边界来源":"RTSD/OCHA衍生简化边界（canonical package）"},"geometry":{"type":"Polygon","coordinates":[[[102.06406462100006,6.104892113000062],[102.02270797500006,6.151056502000074],[101.93645121000009,6.07926830100007],[101.92456490800004,6.015719499000056],[101.94816826500005,5.990587145000063],[102.06406462100006,6.104892113000062]]]}},{"type":"Feature","id":"TH9611","properties":{"国家代码":"TH","行政层级":2,"行政层级中文":"县/曼谷区","行政区代码":"9611","上级行政区代码":"96","中文名称":"素艾巴迪县","泰文名称":"สุไหงปาดี","英文名称":"Su-Ngai Padi","中文显示名":"素艾巴迪县","中文名状态":"Wikidata已有中文名","边界状态":"可绘制","边界文件":"泰国_ADM2_县区边界.geojson","边界要素ID":"TH9611","边界坐标系":"WGS84 / EPSG:4326","边界数据时点":"2019-02-21","Google原生边界支持":"泰国不支持ADM2","Google地图绘制方式":"加载本GeoJSON到Google Maps Data图层","边界来源":"RTSD/OCHA衍生简化边界（canonical package）"},"geometry":{"type":"Polygon","coordinates":[[[101.91712836600004,6.277851158000033],[101.90113469200008,6.213035318000038],[101.80505113600003,6.1241100340000685],[101.79931654300003,6.087545835000071],[101.80981812700009,5.97719889800004],[101.92456490800004,6.015719499000056],[101.93645121000009,6.07926830100007],[102.02270797500006,6.151056502000074],[101.91919873800003,6.230605125000068],[101.91712836600004,6.277851158000033]]]}},{"type":"Feature","id":"TH1034","properties":{"国家代码":"TH","行政层级":2,"行政层级中文":"县/曼谷区","行政区代码":"1034","上级行政区代码":"10","中文名称":"萱銮县","泰文名称":"สวนหลวง","英文名称":"Suan Luang","中文显示名":"萱銮县","中文名状态":"Wikidata已有中文名","边界状态":"可绘制","边界文件":"泰国_ADM2_县区边界.geojson","边界要素ID":"TH1034","边界坐标系":"WGS84 / EPSG:4326","边界数据时点":"2019-02-21","Google原生边界支持":"泰国不支持ADM2","Google地图绘制方式":"加载本GeoJSON到Google Maps Data图层","边界来源":"RTSD/OCHA衍生简化边界（canonical package）"},"geometry":{"type":"Polygon","coordinates":[[[100.65908613500005,13.738385275000041],[100.60125180600005,13.748090111000067],[100.59815193000009,13.741144634000023],[100.60574255000006,13.706509271000073],[100.63411112400007,13.700761585000066],[100.65901055600006,13.737862488000076],[100.65908613500005,13.738385275000041]]]}},{"type":"Feature","id":"TH7003","properties":{"国家代码":"TH","行政层级":2,"行政层级中文":"县/曼谷区","行政区代码":"7003","上级行政区代码":"70","中文名称":"宣蓬县","泰文名称":"สวนผึ้ง","英文名称":"Suan Phueng","中文显示名":"宣蓬县","中文名状态":"Wikidata已有中文名","边界状态":"可绘制","边界文件":"泰国_ADM2_县区边界.geojson","边界要素ID":"TH7003","边界坐标系":"WGS84 / EPSG:4326","边界数据时点":"2019-02-21","Google原生边界支持":"泰国不支持ADM2","Google地图绘制方式":"加载本GeoJSON到Google Maps Data图层","边界来源":"RTSD/OCHA衍生简化边界（canonical package）"},"geometry":{"type":"Polygon","coordinates":[[[99.31602040000007,13.767380999000068],[99.16731530500005,13.725852798000062],[99.16283622200007,13.574157463000063],[99.19158153500007,13.544756306000068],[99.19882698100008,13.329131193000023],[99.30064450000003,13.326133550000065],[99.35487627200007,13.40951109200006],[99.34719067300006,13.513128562000077],[99.38418821900007,13.482173787000022],[99.47482732300006,13.514569481000024],[99.46162392500008,13.612283282000021],[99.34737299500006,13.667744626000058],[99.31602040000007,13.767380999000068]]]}},{"type":"Feature","id":"TH8505","properties":{"国家代码":"TH","行政层级":2,"行政层级中文":"县/曼谷区","行政区代码":"8505","上级行政区代码":"85","中文名称":"素三兰县","泰文名称":"สุขสำราญ","英文名称":"Suk Samran","中文显示名":"素三兰县","中文名状态":"Wikidata已有中文名","边界状态":"可绘制","边界文件":"泰国_ADM2_县区边界.geojson","边界要素ID":"TH8505","边界坐标系":"WGS84 / EPSG:4326","边界数据时点":"2019-02-21","Google原生边界支持":"泰国不支持ADM2","Google地图绘制方式":"加载本GeoJSON到Google Maps Data图层","边界来源":"RTSD/OCHA衍生简化边界（canonical package）"},"geometry":{"type":"Polygon","coordinates":[[[98.49144292100004,9.548105288000045],[98.45578122700005,9.563342540000065],[98.39046793200004,9.332189766000056],[98.50606009400008,9.308902024000076],[98.54792901200005,9.36117028800004],[98.65609745700004,9.347673159000067],[98.66944663000004,9.36069879400003],[98.66812620900004,9.448691782000026],[98.50174700800005,9.48486615400003],[98.49144292100004,9.548105288000045]]]}},{"type":"Feature","id":"TH9609","properties":{"国家代码":"TH","行政层级":2,"行政层级中文":"县/曼谷区","行政区代码":"9609","上级行政区代码":"96","中文名称":"素麒麟县","泰文名称":"สุคิริน","英文名称":"Sukhirin","中文显示名":"素麒麟县","中文名状态":"Wikidata已有中文名","边界状态":"可绘制","边界文件":"泰国_ADM2_县区边界.geojson","边界要素ID":"TH9609","边界坐标系":"WGS84 / EPSG:4326","边界数据时点":"2019-02-21","Google原生边界支持":"泰国不支持ADM2","Google地图绘制方式":"加载本GeoJSON到Google Maps Data图层","边界来源":"RTSD/OCHA衍生简化边界（canonical package）"},"geometry":{"type":"Polygon","coordinates":[[[101.79931654300003,6.087545835000071],[101.73588259800005,6.08612615800007],[101.61768585900006,5.896407322000073],[101.65412946400005,5.877629551000041],[101.69020704800005,5.756031193000069],[101.76179870700008,5.794778533000056],[101.82516801800006,5.767311993000021],[101.79542202600004,5.869658564000076],[101.80981812700009,5.97719889800004],[101.79931654300003,6.087545835000071]]]}},{"type":"Feature","id":"TH5404","properties":{"国家代码":"TH","行政层级":2,"行政层级中文":"县/曼谷区","行政区代码":"5404","上级行政区代码":"54","中文名称":"颂门县","泰文名称":"สูงเม่น","英文名称":"Sung Men","中文显示名":"颂门县","中文名状态":"Wikidata已有中文名","边界状态":"可绘制","边界文件":"泰国_ADM2_县区边界.geojson","边界要素ID":"TH5404","边界坐标系":"WGS84 / EPSG:4326","边界数据时点":"2019-02-21","Google原生边界支持":"泰国不支持ADM2","Google地图绘制方式":"加载本GeoJSON到Google Maps Data图层","边界来源":"RTSD/OCHA衍生简化边界（canonical package）"},"geometry":{"type":"Polygon","coordinates":[[[100.27185651100007,17.955677785000034],[100.17098475100005,18.10069793300005],[100.03660663600004,18.147542134000048],[99.97217582300004,18.043810327000074],[100.14859297100008,17.980448313000068],[100.18822022800003,17.903718406000053],[100.27185651100007,17.955677785000034]]]}},{"type":"Feature","id":"TH3018","properties":{"国家代码":"TH","行政层级":2,"行政层级中文":"县/曼谷区","行政区代码":"3018","上级行政区代码":"30","中文名称":"颂嫩县","泰文名称":"สูงเนิน","英文名称":"Sung Noen","中文显示名":"颂嫩县","中文名状态":"Wikidata已有中文名","边界状态":"可绘制","边界文件":"泰国_ADM2_县区边界.geojson","边界要素ID":"TH3018","边界坐标系":"WGS84 / EPSG:4326","边界数据时点":"2019-02-21","Google原生边界支持":"泰国不支持ADM2","Google地图绘制方式":"加载本GeoJSON到Google Maps Data图层","边界来源":"RTSD/OCHA衍生简化边界（canonical package）"},"geometry":{"type":"Polygon","coordinates":[[[101.83553933500008,15.073972130000072],[101.78699661100006,15.05132915200005],[101.75881230300007,14.965959892000058],[101.78592839200007,14.884079267000061],[101.69244883100004,14.84192788100006],[101.71570901900009,14.793688486000065],[101.67870327400004,14.693124814000043],[101.70790801300006,14.685369887000036],[101.74781155300008,14.731762901000025],[101.83612039600007,14.687297224000076],[101.91314331500007,14.732856010000035],[101.96838141800004,14.822995040000023],[101.94192737600008,14.931228524000062],[101.89974261000003,14.94064032500006],[101.88441033800007,15.046198485000048],[101.83553933500008,15.073972130000072]]]}},{"type":"Feature","id":"TH3905","properties":{"国家代码":"TH","行政层级":2,"行政层级中文":"县/曼谷区","行政区代码":"3905","上级行政区代码":"39","中文名称":"素旺那库哈县","泰文名称":"สุวรรณคูหา","英文名称":"Suwannakhuha","中文显示名":"素旺那库哈县","中文名状态":"Wikidata已有中文名","边界状态":"可绘制","边界文件":"泰国_ADM2_县区边界.geojson","边界要素ID":"TH3905","边界坐标系":"WGS84 / EPSG:4326","边界数据时点":"2019-02-21","Google原生边界支持":"泰国不支持ADM2","Google地图绘制方式":"加载本GeoJSON到Google Maps Data图层","边界来源":"RTSD/OCHA衍生简化边界（canonical package）"},"geometry":{"type":"Polygon","coordinates":[[[102.31811639400007,17.676841384000056],[102.24508205200004,17.65067217400002],[102.14947946200004,17.66595085000006],[102.08322637300006,17.634323248000044],[102.12917542900004,17.49785743700005],[102.31138780000003,17.41000019100005],[102.39860857800005,17.414633237000032],[102.38490303400005,17.45218862100006],[102.33248071900005,17.550936283000055],[102.31811639400007,17.676841384000056]]]}},{"type":"Feature","id":"TH4511","properties":{"国家代码":"TH","行政层级":2,"行政层级中文":"县/曼谷区","行政区代码":"4511","上级行政区代码":"45","中文名称":"素旺那蓬县","泰文名称":"สุวรรณภูมิ","英文名称":"Suwannaphum","中文显示名":"素旺那蓬县","中文名状态":"Wikidata已有中文名","边界状态":"可绘制","边界文件":"泰国_ADM2_县区边界.geojson","边界要素ID":"TH4511","边界坐标系":"WGS84 / EPSG:4326","边界数据时点":"2019-02-21","Google原生边界支持":"泰国不支持ADM2","Google地图绘制方式":"加载本GeoJSON到Google Maps Data图层","边界来源":"RTSD/OCHA衍生简化边界（canonical package）"},"geometry":{"type":"Polygon","coordinates":[[[103.85188170800006,15.778211928000076],[103.69509654700005,15.714127293000047],[103.68987647700004,15.579804551000052],[103.64009687000004,15.459929244000023],[103.72431719800005,15.438002979000032],[103.82840478800006,15.451330547000055],[103.85492563600008,15.465958166000064],[103.85178418700008,15.556067747000043],[103.93600371000008,15.558350785000073],[103.96709900800005,15.642419319000055],[103.94281007700005,15.70509194400006],[103.85188170800006,15.778211928000076]]]}},{"type":"Feature","id":"TH2703","properties":{"国家代码":"TH","行政层级":2,"行政层级中文":"县/曼谷区","行政区代码":"2703","上级行政区代码":"27","中文名称":"达帕耶县","泰文名称":"ตาพระยา","英文名称":"Ta Phraya","中文显示名":"达帕耶县","中文名状态":"Wikidata已有中文名","边界状态":"可绘制","边界文件":"泰国_ADM2_县区边界.geojson","边界要素ID":"TH2703","边界坐标系":"WGS84 / EPSG:4326","边界数据时点":"2019-02-21","Google原生边界支持":"泰国不支持ADM2","Google地图绘制方式":"加载本GeoJSON到Google Maps Data图层","边界来源":"RTSD/OCHA衍生简化边界（canonical package）"},"geometry":{"type":"Polygon","coordinates":[[[102.93035676000005,14.175651232000064],[102.81505340400008,14.170192715000042],[102.69750200200008,14.13004453800005],[102.59621109600005,14.168624105000049],[102.50220041900008,14.13237285300005],[102.58167971800003,13.946299639000074],[102.76691925000006,13.856680745000062],[102.78325152400004,13.932903563000025],[102.90975724300006,14.015952451000032],[102.93035676000005,14.175651232000064]]]}},{"type":"Feature","id":"TH9602","properties":{"国家代码":"TH","行政层级":2,"行政层级中文":"县/曼谷区","行政区代码":"9602","上级行政区代码":"96","中文名称":"榻拜县","泰文名称":"ตากใบ","英文名称":"Tak Bai","中文显示名":"榻拜县","中文名状态":"Wikidata已有中文名","边界状态":"可绘制","边界文件":"泰国_ADM2_县区边界.geojson","边界要素ID":"TH9602","边界坐标系":"WGS84 / EPSG:4326","边界数据时点":"2019-02-21","Google原生边界支持":"泰国不支持ADM2","Google地图绘制方式":"加载本GeoJSON到Google Maps Data图层","边界来源":"RTSD/OCHA衍生简化边界（canonical package）"},"geometry":{"type":"Polygon","coordinates":[[[102.06406462100006,6.104892113000062],[102.08904838600006,6.244874955000057],[101.91879983200005,6.372850005000032],[101.91634903900007,6.2831757310000285],[101.91712836600004,6.277851158000033],[101.91919873800003,6.230605125000068],[102.02270797500006,6.151056502000074],[102.06406462100006,6.104892113000062]]]}},{"type":"Feature","id":"TH6012","properties":{"国家代码":"TH","行政层级":2,"行政层级中文":"县/曼谷区","行政区代码":"6012","上级行政区代码":"60","中文名称":"达法县","泰文名称":"ตากฟ้า","英文名称":"Tak Fa","中文显示名":"达法县","中文名状态":"Wikidata已有中文名","边界状态":"可绘制","边界文件":"泰国_ADM2_县区边界.geojson","边界要素ID":"TH6012","边界坐标系":"WGS84 / EPSG:4326","边界数据时点":"2019-02-21","Google原生边界支持":"泰国不支持ADM2","Google地图绘制方式":"加载本GeoJSON到Google Maps Data图层","边界来源":"RTSD/OCHA衍生简化边界（canonical package）"},"geometry":{"type":"Polygon","coordinates":[[[100.41000777100004,15.538301304000072],[100.32741264200007,15.454198639000026],[100.41546187700004,15.421537515000068],[100.39725183900003,15.315045113000053],[100.42337650200005,15.238609620000034],[100.54159717800007,15.284209630000078],[100.59011021800006,15.26885898300003],[100.62988225800007,15.34039412900006],[100.58251347300006,15.397505808000062],[100.51301534700008,15.406678201000034],[100.46922412700007,15.535297808000053],[100.41000777100004,15.538301304000072]]]}},{"type":"Feature","id":"TH6007","properties":{"国家代码":"TH","行政层级":2,"行政层级中文":"县/曼谷区","行政区代码":"6007","上级行政区代码":"60","中文名称":"达利县","泰文名称":"ตาคลี","英文名称":"Takhli","中文显示名":"达利县","中文名状态":"Wikidata已有中文名","边界状态":"可绘制","边界文件":"泰国_ADM2_县区边界.geojson","边界要素ID":"TH6007","边界坐标系":"WGS84 / EPSG:4326","边界数据时点":"2019-02-21","Google原生边界支持":"泰国不支持ADM2","Google地图绘制方式":"加载本GeoJSON到Google Maps Data图层","边界来源":"RTSD/OCHA衍生简化边界（canonical package）"},"geometry":{"type":"Polygon","coordinates":[[[100.32741264200007,15.454198639000026],[100.24592336300003,15.429840744000046],[100.21784782000003,15.363384734000022],[100.26503365900004,15.268409418000033],[100.29361736800007,15.207693696000035],[100.35152437900007,15.118409770000028],[100.42748741400004,15.061086905000025],[100.53190274300005,15.18363176400004],[100.62022061000005,15.242709923000064],[100.59011021800006,15.26885898300003],[100.54159717800007,15.284209630000078],[100.42337650200005,15.238609620000034],[100.39725183900003,15.315045113000053],[100.41546187700004,15.421537515000068],[100.32741264200007,15.454198639000026]]]}},{"type":"Feature","id":"TH8205","properties":{"国家代码":"TH","行政层级":2,"行政层级中文":"县/曼谷区","行政区代码":"8205","上级行政区代码":"82","中文名称":"达瓜巴县","泰文名称":"ตะกั่วป่า","英文名称":"Takua Pa","中文显示名":"达瓜巴县","中文名状态":"Wikidata已有中文名","边界状态":"可绘制","边界文件":"泰国_ADM2_县区边界.geojson","边界要素ID":"TH8205","边界坐标系":"WGS84 / EPSG:4326","边界数据时点":"2019-02-21","Google原生边界支持":"泰国不支持ADM2","Google地图绘制方式":"加载本GeoJSON到Google Maps Data图层","边界来源":"RTSD/OCHA衍生简化边界（canonical package）"},"geometry":{"type":"MultiPolygon","coordinates":[[[[98.44309888900005,8.945222037000065],[98.36040784400006,8.994389885000032],[98.28811424300005,8.914590477000047],[98.26258001400004,8.783764219000034],[98.23436879500008,8.72125737600004],[98.23578111700004,8.616559988000063],[98.32677797900004,8.652776063000033],[98.33370419200008,8.73443695900005],[98.40703744600006,8.777458917000047],[98.44599597900003,8.89525517800007],[98.44309888900005,8.945222037000065]]],[[[98.26469533300008,9.015104478000069],[98.26643099200004,8.864103130000046],[98.28696436400008,8.920434618000058],[98.32384191800008,8.984122981000041],[98.26469533300008,9.015104478000069]]]]}},{"type":"Feature","id":"TH8204","properties":{"国家代码":"TH","行政层级":2,"行政层级中文":"县/曼谷区","行政区代码":"8204","上级行政区代码":"82","中文名称":"达瓜通县","泰文名称":"ตะกั่วทุ่ง","英文名称":"Takua Thung","中文显示名":"达瓜通县","中文名状态":"Wikidata已有中文名","边界状态":"可绘制","边界文件":"泰国_ADM2_县区边界.geojson","边界要素ID":"TH8204","边界坐标系":"WGS84 / EPSG:4326","边界数据时点":"2019-02-21","Google原生边界支持":"泰国不支持ADM2","Google地图绘制方式":"加载本GeoJSON到Google Maps Data图层","边界来源":"RTSD/OCHA衍生简化边界（canonical package）"},"geometry":{"type":"Polygon","coordinates":[[[98.49356220800007,8.339777566000066],[98.47461992700005,8.452383845000043],[98.39686962600007,8.455596270000058],[98.36413351000004,8.34258253300004],[98.26907470800006,8.30808845000007],[98.28201901900007,8.205907566000064],[98.35333019100005,8.190755190000061],[98.38681472300004,8.126747304000048],[98.46905497000006,8.20297984900003],[98.45373454500003,8.277912611000033],[98.49356220800007,8.339777566000066]]]}},{"type":"Feature","id":"TH1019","properties":{"国家代码":"TH","行政层级":2,"行政层级中文":"县/曼谷区","行政区代码":"1019","上级行政区代码":"10","中文名称":"打邻仓县","泰文名称":"ตลิ่งชัน","英文名称":"Taling Chan","中文显示名":"打邻仓县","中文名状态":"Wikidata已有中文名","边界状态":"可绘制","边界文件":"泰国_ADM2_县区边界.geojson","边界要素ID":"TH1019","边界坐标系":"WGS84 / EPSG:4326","边界数据时点":"2019-02-21","Google原生边界支持":"泰国不支持ADM2","Google地图绘制方式":"加载本GeoJSON到Google Maps Data图层","边界来源":"RTSD/OCHA衍生简化边界（canonical package）"},"geometry":{"type":"Polygon","coordinates":[[[100.46617687000008,13.788917403000028],[100.41105770500008,13.801346720000026],[100.40618470000004,13.749437693000061],[100.41338956400006,13.74793375400003],[100.46205219200004,13.744419748000041],[100.46593869000009,13.787158609000073],[100.46617687000008,13.788917403000028]]]}},{"type":"Feature","id":"TH9304","properties":{"国家代码":"TH","行政层级":2,"行政层级中文":"县/曼谷区","行政区代码":"9304","上级行政区代码":"93","中文名称":"达莫县","泰文名称":"ตะโหมด","英文名称":"Tamot","中文显示名":"达莫县","中文名状态":"Wikidata已有中文名","边界状态":"可绘制","边界文件":"泰国_ADM2_县区边界.geojson","边界要素ID":"TH9304","边界坐标系":"WGS84 / EPSG:4326","边界数据时点":"2019-02-21","Google原生边界支持":"泰国不支持ADM2","Google地图绘制方式":"加载本GeoJSON到Google Maps Data图层","边界来源":"RTSD/OCHA衍生简化边界（canonical package）"},"geometry":{"type":"Polygon","coordinates":[[[100.10871336700006,7.36018013000006],[100.01625690600008,7.356856351000033],[99.93986396200006,7.313511952000056],[99.94856212600007,7.203698755000062],[99.95808786500004,7.199451934000024],[100.04945491600006,7.198564733000069],[100.12384455300008,7.269164418000059],[100.13479124600008,7.358902287000035],[100.10871336700006,7.36018013000006]]]}},{"type":"Feature","id":"TH3420","properties":{"国家代码":"TH","行政层级":2,"行政层级中文":"县/曼谷区","行政区代码":"3420","上级行政区代码":"34","中文名称":"丹孙县","泰文名称":"ตาลสุม","英文名称":"Tan Sum","中文显示名":"丹孙县","中文名状态":"Wikidata已有中文名","边界状态":"可绘制","边界文件":"泰国_ADM2_县区边界.geojson","边界要素ID":"TH3420","边界坐标系":"WGS84 / EPSG:4326","边界数据时点":"2019-02-21","Google原生边界支持":"泰国不支持ADM2","Google地图绘制方式":"加载本GeoJSON到Google Maps Data图层","边界来源":"RTSD/OCHA衍生简化边界（canonical package）"},"geometry":{"type":"Polygon","coordinates":[[[105.19133946900007,15.486401385000022],[105.05911703400005,15.420938014000058],[105.04344627700004,15.390974996000068],[105.11221039600008,15.30668165700007],[105.16270094900005,15.30780106700007],[105.26119480300008,15.371048324000071],[105.19133946900007,15.486401385000022]]]}},{"type":"Feature","id":"TH4714","properties":{"国家代码":"TH","行政层级":2,"行政层级中文":"县/曼谷区","行政区代码":"4714","上级行政区代码":"47","中文名称":"道威县","泰文名称":"เต่างอย","英文名称":"Tao Ngoi","中文显示名":"道威县","中文名状态":"Wikidata已有中文名","边界状态":"可绘制","边界文件":"泰国_ADM2_县区边界.geojson","边界要素ID":"TH4714","边界坐标系":"WGS84 / EPSG:4326","边界数据时点":"2019-02-21","Google原生边界支持":"泰国不支持ADM2","Google地图绘制方式":"加载本GeoJSON到Google Maps Data图层","边界来源":"RTSD/OCHA衍生简化边界（canonical package）"},"geometry":{"type":"Polygon","coordinates":[[[104.19645184300003,17.017549090000045],[104.13097777600007,17.07276299800003],[104.12756335500006,17.001609853000048],[104.06668966600006,17.017666027000075],[104.10215775000006,16.943013260000043],[104.02281402700004,16.855939136000075],[104.07010685000006,16.82129992800003],[104.11935609000005,16.880306292000057],[104.20830305400005,16.872980178000034],[104.25217686200006,16.906934723000063],[104.26677734500004,16.920423208000045],[104.19645184300003,17.017549090000045]]]}},{"type":"Feature","id":"TH6608","properties":{"国家代码":"TH","行政层级":2,"行政层级中文":"县/曼谷区","行政区代码":"6608","上级行政区代码":"66","中文名称":"他格罗县","泰文名称":"ทับคล้อ","英文名称":"Tap Khlo","中文显示名":"他格罗县","中文名状态":"Wikidata已有中文名","边界状态":"可绘制","边界文件":"泰国_ADM2_县区边界.geojson","边界要素ID":"TH6608","边界坐标系":"WGS84 / EPSG:4326","边界数据时点":"2019-02-21","Google原生边界支持":"泰国不支持ADM2","Google地图绘制方式":"加载本GeoJSON到Google Maps Data图层","边界来源":"RTSD/OCHA衍生简化边界（canonical package）"},"geometry":{"type":"Polygon","coordinates":[[[100.65145192700004,16.320786549000047],[100.62596781700006,16.318967930000042],[100.52042854700005,16.299231548000023],[100.48908464800007,16.255521954000073],[100.54162941700008,16.21429970400004],[100.52289991300006,16.095628238000074],[100.54245844400003,16.080054756000038],[100.63863807400008,16.056725362000066],[100.64901634300008,16.148253645000068],[100.71811169700004,16.256592200000057],[100.65145192700004,16.320786549000047]]]}},{"type":"Feature","id":"TH6604","properties":{"国家代码":"TH","行政层级":2,"行政层级中文":"县/曼谷区","行政区代码":"6604","上级行政区代码":"66","中文名称":"达潘欣县","泰文名称":"ตะพานหิน","英文名称":"Taphan Hin","中文显示名":"达潘欣县","中文名状态":"Wikidata已有中文名","边界状态":"可绘制","边界文件":"泰国_ADM2_县区边界.geojson","边界要素ID":"TH6604","边界坐标系":"WGS84 / EPSG:4326","边界数据时点":"2019-02-21","Google原生边界支持":"泰国不支持ADM2","Google地图绘制方式":"加载本GeoJSON到Google Maps Data图层","边界来源":"RTSD/OCHA衍生简化边界（canonical package）"},"geometry":{"type":"Polygon","coordinates":[[[100.48123948600005,16.29520532500004],[100.31037828300003,16.277854123000054],[100.26064241900008,16.24231026900003],[100.25803386700005,16.188274930000034],[100.35816220300006,16.118368383000075],[100.42551665200006,16.158805457000028],[100.52289991300006,16.095628238000074],[100.54162941700008,16.21429970400004],[100.48908464800007,16.255521954000073],[100.52042854700005,16.299231548000023],[100.48123948600005,16.29520532500004]]]}},{"type":"Feature","id":"TH4302","properties":{"国家代码":"TH","行政层级":2,"行政层级中文":"县/曼谷区","行政区代码":"4302","上级行政区代码":"43","中文名称":"塔波县","泰文名称":"ท่าบ่อ","英文名称":"Tha Bo","中文显示名":"塔波县","中文名状态":"Wikidata已有中文名","边界状态":"可绘制","边界文件":"泰国_ADM2_县区边界.geojson","边界要素ID":"TH4302","边界坐标系":"WGS84 / EPSG:4326","边界数据时点":"2019-02-21","Google原生边界支持":"泰国不支持ADM2","Google地图绘制方式":"加载本GeoJSON到Google Maps Data图层","边界来源":"RTSD/OCHA衍生简化边界（canonical package）"},"geometry":{"type":"Polygon","coordinates":[[[102.61392524300004,17.920511229000056],[102.50155378900007,17.871631051000065],[102.44142441900004,17.819934105000073],[102.44034774300007,17.767434535000064],[102.52370153800007,17.763182114000074],[102.61187369600003,17.683474919000048],[102.65098062300007,17.70585277500004],[102.67212634700007,17.804161601000033],[102.59169739700008,17.83867437300006],[102.61392524300004,17.920511229000056]]]}},{"type":"Feature","id":"TH8407","properties":{"国家代码":"TH","行政层级":2,"行政层级中文":"县/曼谷区","行政区代码":"8407","上级行政区代码":"84","中文名称":"塔差纳县","泰文名称":"ท่าชนะ","英文名称":"Tha Chana","中文显示名":"塔差纳县","中文名状态":"Wikidata已有中文名","边界状态":"可绘制","边界文件":"泰国_ADM2_县区边界.geojson","边界要素ID":"TH8407","边界坐标系":"WGS84 / EPSG:4326","边界数据时点":"2019-02-21","Google原生边界支持":"泰国不支持ADM2","Google地图绘制方式":"加载本GeoJSON到Google Maps Data图层","边界来源":"RTSD/OCHA衍生简化边界（canonical package）"},"geometry":{"type":"Polygon","coordinates":[[[99.15931372200004,9.70209692000003],[98.93930299900006,9.681440785000063],[98.88084765900004,9.729186302000073],[98.76887532300003,9.686704101000032],[98.73963607700006,9.600876690000064],[98.76360561100006,9.536744944000077],[98.80919344000006,9.512424818000056],[98.94528236900004,9.55511946300004],[99.06606612100006,9.533409253000059],[99.09220365200008,9.463113124000074],[99.23459113700005,9.506205408000028],[99.15931372200004,9.70209692000003]]]}},{"type":"Feature","id":"TH8411","properties":{"国家代码":"TH","行政层级":2,"行政层级中文":"县/曼谷区","行政区代码":"8411","上级行政区代码":"84","中文名称":"塔昌县","泰文名称":"ท่าฉาง","英文名称":"Tha Chang","中文显示名":"塔昌县","中文名状态":"Wikidata已有中文名","边界状态":"可绘制","边界文件":"泰国_ADM2_县区边界.geojson","边界要素ID":"TH8411","边界坐标系":"WGS84 / EPSG:4326","边界数据时点":"2019-02-21","Google原生边界支持":"泰国不支持ADM2","Google地图绘制方式":"加载本GeoJSON到Google Maps Data图层","边界来源":"RTSD/OCHA衍生简化边界（canonical package）"},"geometry":{"type":"Polygon","coordinates":[[[98.80919344000006,9.512424818000056],[98.76360561100006,9.536744944000077],[98.66812620900004,9.448691782000026],[98.66944663000004,9.36069879400003],[98.70246360400006,9.317550398000037],[98.91236807300004,9.302596403000052],[99.01928868200008,9.201066242000024],[99.21925299100008,9.18925267800006],[99.23961792300008,9.235178093000059],[99.21977080300007,9.338076655000066],[99.07209244200004,9.343342676000077],[98.94836969600004,9.433454693000044],[98.89678065300006,9.40011654600005],[98.80919344000006,9.512424818000056]]]}},{"type":"Feature","id":"TH1705","properties":{"国家代码":"TH","行政层级":2,"行政层级中文":"县/曼谷区","行政区代码":"1705","上级行政区代码":"17","中文名称":"塔昌县","泰文名称":"ท่าช้าง","英文名称":"Tha Chang","中文显示名":"塔昌县","中文名状态":"Wikidata已有中文名","边界状态":"可绘制","边界文件":"泰国_ADM2_县区边界.geojson","边界要素ID":"TH1705","边界坐标系":"WGS84 / EPSG:4326","边界数据时点":"2019-02-21","Google原生边界支持":"泰国不支持ADM2","Google地图绘制方式":"加载本GeoJSON到Google Maps Data图层","边界来源":"RTSD/OCHA衍生简化边界（canonical package）"},"geometry":{"type":"Polygon","coordinates":[[[100.40839723500005,14.810212152000076],[100.39305713400006,14.816935558000068],[100.34886868900008,14.77950241800005],[100.38158001400006,14.74300437900007],[100.41475125800008,14.747663002000024],[100.40839723500005,14.810212152000076]]]}},{"type":"Feature","id":"TH4611","properties":{"国家代码":"TH","行政层级":2,"行政层级中文":"县/曼谷区","行政区代码":"4611","上级行政区代码":"46","中文名称":"他堪托县","泰文名称":"ท่าคันโท","英文名称":"Tha Khantho","中文显示名":"他堪托县","中文名状态":"Wikidata已有中文名","边界状态":"可绘制","边界文件":"泰国_ADM2_县区边界.geojson","边界要素ID":"TH4611","边界坐标系":"WGS84 / EPSG:4326","边界数据时点":"2019-02-21","Google原生边界支持":"泰国不支持ADM2","Google地图绘制方式":"加载本GeoJSON到Google Maps Data图层","边界来源":"RTSD/OCHA衍生简化边界（canonical package）"},"geometry":{"type":"Polygon","coordinates":[[[103.33011977600006,16.924071163000065],[103.22095961000008,16.967839921000063],[103.11729689700007,16.961118657000043],[103.09811585400007,16.912621710000053],[103.17507234100003,16.863453023000034],[103.17951094200004,16.78619587000003],[103.22314499000004,16.83695065200004],[103.30386484200005,16.814381221000076],[103.40076142800007,16.854806452000048],[103.33011977600006,16.924071163000065]]]}},{"type":"Feature","id":"TH4208","properties":{"国家代码":"TH","行政层级":2,"行政层级中文":"县/曼谷区","行政区代码":"4208","上级行政区代码":"42","中文名称":"塔利县","泰文名称":"ท่าลี่","英文名称":"Tha Li","中文显示名":"塔利县","中文名状态":"Wikidata已有中文名","边界状态":"可绘制","边界文件":"泰国_ADM2_县区边界.geojson","边界要素ID":"TH4208","边界坐标系":"WGS84 / EPSG:4326","边界数据时点":"2019-02-21","Google原生边界支持":"泰国不支持ADM2","Google地图绘制方式":"加载本GeoJSON到Google Maps Data图层","边界来源":"RTSD/OCHA衍生简化边界（canonical package）"},"geometry":{"type":"Polygon","coordinates":[[[101.59195473500006,17.685307200000068],[101.52187466500004,17.776511897000034],[101.43632892900007,17.731876638000074],[101.25872648300003,17.59726964500004],[101.24740515400003,17.562356350000073],[101.36558233600005,17.488529881000034],[101.50143988800005,17.503294921000077],[101.59195473500006,17.685307200000068]]]}},{"type":"Feature","id":"TH1607","properties":{"国家代码":"TH","行政层级":2,"行政层级中文":"县/曼谷区","行政区代码":"1607","上级行政区代码":"16","中文名称":"他銮县","泰文名称":"ท่าหลวง","英文名称":"Tha Luang","中文显示名":"他銮县","中文名状态":"Wikidata已有中文名","边界状态":"可绘制","边界文件":"泰国_ADM2_县区边界.geojson","边界要素ID":"TH1607","边界坐标系":"WGS84 / EPSG:4326","边界数据时点":"2019-02-21","Google原生边界支持":"泰国不支持ADM2","Google地图绘制方式":"加载本GeoJSON到Google Maps Data图层","边界来源":"RTSD/OCHA衍生简化边界（canonical package）"},"geometry":{"type":"Polygon","coordinates":[[[101.36307893800006,15.046971339000038],[101.27887339400007,15.067309823000073],[101.22189732700008,15.16379237700005],[101.09942806900006,15.123552760000052],[101.04123084100007,15.025294789000043],[101.07232814300005,14.996999383000059],[101.33157233100007,14.982754885000077],[101.36307893800006,15.046971339000038]]]}},{"type":"Feature","id":"TH2203","properties":{"国家代码":"TH","行政层级":2,"行政层级中文":"县/曼谷区","行政区代码":"2203","上级行政区代码":"22","中文名称":"他迈县","泰文名称":"ท่าใหม่","英文名称":"Tha Mai","中文显示名":"他迈县","中文名状态":"Wikidata已有中文名","边界状态":"可绘制","边界文件":"泰国_ADM2_县区边界.geojson","边界要素ID":"TH2203","边界坐标系":"WGS84 / EPSG:4326","边界数据时点":"2019-02-21","Google原生边界支持":"泰国不支持ADM2","Google地图绘制方式":"加载本GeoJSON到Google Maps Data图层","边界来源":"RTSD/OCHA衍生简化边界（canonical package）"},"geometry":{"type":"Polygon","coordinates":[[[101.95942988200005,12.904196224000032],[101.86086042500006,12.911826486000052],[101.95963555000009,12.716940352000051],[101.94401022900007,12.656512508000048],[101.89764578000006,12.712637870000037],[101.89759855700004,12.601834993000068],[101.97608790800007,12.542884662000063],[102.02265748600007,12.544784438000022],[102.08429728200008,12.737574601000063],[102.04259146900006,12.782142777000047],[102.00279189200006,12.920047215000068],[101.95942988200005,12.904196224000032]]]}},{"type":"Feature","id":"TH7105","properties":{"国家代码":"TH","行政层级":2,"行政层级中文":"县/曼谷区","行政区代码":"7105","上级行政区代码":"71","中文名称":"塔玛加县","泰文名称":"ท่ามะกา","英文名称":"Tha Maka","中文显示名":"塔玛加县","中文名状态":"Wikidata已有中文名","边界状态":"可绘制","边界文件":"泰国_ADM2_县区边界.geojson","边界要素ID":"TH7105","边界坐标系":"WGS84 / EPSG:4326","边界数据时点":"2019-02-21","Google原生边界支持":"泰国不支持ADM2","Google地图绘制方式":"加载本GeoJSON到Google Maps Data图层","边界来源":"RTSD/OCHA衍生简化边界（canonical package）"},"geometry":{"type":"Polygon","coordinates":[[[99.81410249700008,14.064243240000053],[99.77221318000005,14.094012947000067],[99.69838424200003,14.023099219000073],[99.73220209200008,13.955264475000035],[99.66627356800007,13.846297271000026],[99.81604375800003,13.823973343000034],[99.87586105300005,13.961235181000063],[99.81410249700008,14.064243240000053]]]}},{"type":"Feature","id":"TH7106","properties":{"国家代码":"TH","行政层级":2,"行政层级中文":"县/曼谷区","行政区代码":"7106","上级行政区代码":"71","中文名称":"塔孟县","泰文名称":"ท่าม่วง","英文名称":"Tha Muang","中文显示名":"塔孟县","中文名状态":"Wikidata已有中文名","边界状态":"可绘制","边界文件":"泰国_ADM2_县区边界.geojson","边界要素ID":"TH7106","边界坐标系":"WGS84 / EPSG:4326","边界数据时点":"2019-02-21","Google原生边界支持":"泰国不支持ADM2","Google地图绘制方式":"加载本GeoJSON到Google Maps Data图层","边界来源":"RTSD/OCHA衍生简化边界（canonical package）"},"geometry":{"type":"Polygon","coordinates":[[[99.69838424200003,14.023099219000073],[99.61518141400006,14.106259170000044],[99.57191375000008,14.100818491000041],[99.59285090100008,14.035887314000036],[99.54471487700005,13.98214547300006],[99.57316611600004,13.929128671000058],[99.50981955300006,13.909994340000026],[99.47020767500004,13.806619688000069],[99.53301833100005,13.759841084000072],[99.60641461100005,13.795518733000051],[99.66627356800007,13.846297271000026],[99.73220209200008,13.955264475000035],[99.69838424200003,14.023099219000073]]]}},{"type":"Feature","id":"TH9104","properties":{"国家代码":"TH","行政层级":2,"行政层级中文":"县/曼谷区","行政区代码":"9104","上级行政区代码":"91","中文名称":"他佩县","泰文名称":"ท่าแพ","英文名称":"Tha Phae","中文显示名":"他佩县","中文名状态":"Wikidata已有中文名","边界状态":"可绘制","边界文件":"泰国_ADM2_县区边界.geojson","边界要素ID":"TH9104","边界坐标系":"WGS84 / EPSG:4326","边界数据时点":"2019-02-21","Google原生边界支持":"泰国不支持ADM2","Google地图绘制方式":"加载本GeoJSON到Google Maps Data图层","边界来源":"RTSD/OCHA衍生简化边界（canonical package）"},"geometry":{"type":"Polygon","coordinates":[[[99.99777560300004,6.820610975000022],[99.95393715100005,6.88074651200003],[99.88314800800003,6.869423793000067],[99.84008843400005,6.779013131000056],[99.91283466100003,6.724147022000068],[100.00692025700005,6.805332878000058],[99.99777560300004,6.820610975000022]]]}},{"type":"Feature","id":"TH5303","properties":{"国家代码":"TH","行政层级":2,"行政层级中文":"县/曼谷区","行政区代码":"5303","上级行政区代码":"53","中文名称":"塔布拉县","泰文名称":"ท่าปลา","英文名称":"Tha Pla","中文显示名":"塔布拉县","中文名状态":"Wikidata已有中文名","边界状态":"可绘制","边界文件":"泰国_ADM2_县区边界.geojson","边界要素ID":"TH5303","边界坐标系":"WGS84 / EPSG:4326","边界数据时点":"2019-02-21","Google原生边界支持":"泰国不支持ADM2","Google地图绘制方式":"加载本GeoJSON到Google Maps Data图层","边界来源":"RTSD/OCHA衍生简化边界（canonical package）"},"geometry":{"type":"Polygon","coordinates":[[[100.77439900700006,18.029251857000077],[100.48229230000004,18.055572554000037],[100.41429748700006,18.021697394000057],[100.35037815700008,17.983298172000048],[100.33484299000008,17.88916400000005],[100.27185651100007,17.955677785000034],[100.18822022800003,17.903718406000053],[100.13412990400008,17.86011837500007],[100.14824287200008,17.826118534000045],[100.28274247600007,17.779169125000067],[100.28686424900008,17.69209647400004],[100.33819480900007,17.706709583000077],[100.41266829900007,17.621200642000076],[100.44066709000003,17.611121603000072],[100.56233709100007,17.68873407500007],[100.64928526700004,17.834615473000042],[100.71768412500006,17.908620873000075],[100.77439900700006,18.029251857000077]]]}},{"type":"Feature","id":"TH1402","properties":{"国家代码":"TH","行政层级":2,"行政层级中文":"县/曼谷区","行政区代码":"1402","上级行政区代码":"14","中文名称":"他勒县","泰文名称":"ท่าเรือ","英文名称":"Tha Ruea","中文显示名":"他勒县","中文名状态":"Wikidata已有中文名","边界状态":"可绘制","边界文件":"泰国_ADM2_县区边界.geojson","边界要素ID":"TH1402","边界坐标系":"WGS84 / EPSG:4326","边界数据时点":"2019-02-21","Google原生边界支持":"泰国不支持ADM2","Google地图绘制方式":"加载本GeoJSON到Google Maps Data图层","边界来源":"RTSD/OCHA衍生简化边界（canonical package）"},"geometry":{"type":"Polygon","coordinates":[[[100.78270467300007,14.567032528000027],[100.62220608600006,14.562426945000027],[100.60184496400007,14.554215713000076],[100.68737385400004,14.494989823000026],[100.76430784600007,14.494022060000077],[100.77865228600007,14.530733977000068],[100.78270467300007,14.567032528000027]]]}},{"type":"Feature","id":"TH8602","properties":{"国家代码":"TH","行政层级":2,"行政层级中文":"县/曼谷区","行政区代码":"8602","上级行政区代码":"86","中文名称":"塔色县","泰文名称":"ท่าแซะ","英文名称":"Tha Sae","中文显示名":"塔色县","中文名状态":"Wikidata已有中文名","边界状态":"可绘制","边界文件":"泰国_ADM2_县区边界.geojson","边界要素ID":"TH8602","边界坐标系":"WGS84 / EPSG:4326","边界数据时点":"2019-02-21","Google原生边界支持":"泰国不支持ADM2","Google地图绘制方式":"加载本GeoJSON到Google Maps Data图层","边界来源":"RTSD/OCHA衍生简化边界（canonical package）"},"geometry":{"type":"Polygon","coordinates":[[[99.15377956800006,11.033709260000023],[98.99929457600007,10.92390989100005],[99.01108455500008,10.856514441000058],[98.88538062100008,10.784155464000037],[98.89433404200008,10.681598525000027],[98.96487011500005,10.605230603000052],[98.96260108900003,10.539589496000076],[99.20326760200004,10.57874365400005],[99.24001198000008,10.65071608200003],[99.22675890900007,10.79827619100007],[99.27600977500003,10.843411283000023],[99.25849291200007,10.96535085100004],[99.15377956800006,11.033709260000023]]]}},{"type":"Feature","id":"TH8008","properties":{"国家代码":"TH","行政层级":2,"行政层级中文":"县/曼谷区","行政区代码":"8008","上级行政区代码":"80","中文名称":"塔沙拉县","泰文名称":"ท่าศาลา","英文名称":"Tha Sala","中文显示名":"塔沙拉县","中文名状态":"Wikidata已有中文名","边界状态":"可绘制","边界文件":"泰国_ADM2_县区边界.geojson","边界要素ID":"TH8008","边界坐标系":"WGS84 / EPSG:4326","边界数据时点":"2019-02-21","Google原生边界支持":"泰国不支持ADM2","Google地图绘制方式":"加载本GeoJSON到Google Maps Data图层","边界来源":"RTSD/OCHA衍生简化边界（canonical package）"},"geometry":{"type":"Polygon","coordinates":[[[99.97809568100007,8.586916098000074],[99.95219634500006,8.633109036000064],[99.92080628200006,8.870250901000077],[99.88303488900004,8.818985810000072],[99.75822480300008,8.81156621200006],[99.84495392900004,8.714634603000036],[99.83129266200007,8.620142248000036],[99.83341202400004,8.56894376200006],[99.92630533000005,8.54342695300005],[99.97809568100007,8.586916098000074]]]}},{"type":"Feature","id":"TH6305","properties":{"国家代码":"TH","行政层级":2,"行政层级中文":"县/曼谷区","行政区代码":"6305","上级行政区代码":"63","中文名称":"他颂央县","泰文名称":"ท่าสองยาง","英文名称":"Tha Song Yang","中文显示名":"他颂央县","中文名状态":"Wikidata已有中文名","边界状态":"可绘制","边界文件":"泰国_ADM2_县区边界.geojson","边界要素ID":"TH6305","边界坐标系":"WGS84 / EPSG:4326","边界数据时点":"2019-02-21","Google原生边界支持":"泰国不支持ADM2","Google地图绘制方式":"加载本GeoJSON到Google Maps Data图层","边界来源":"RTSD/OCHA衍生简化边界（canonical package）"},"geometry":{"type":"Polygon","coordinates":[[[98.08921456500008,17.63717831100007],[98.04015729400004,17.676144322000027],[97.96942889600007,17.867729481000026],[97.91139559900006,17.853672913000025],[97.84582484500004,17.77890104200003],[97.74237573800008,17.78576542600007],[97.76285732200006,17.725740979000022],[97.92309858700008,17.53926602000007],[97.99153036800004,17.51068768600004],[98.10964649300007,17.38572881300007],[98.12004601500007,17.322929258000045],[98.32122425400007,17.11184684400007],[98.32184696400009,17.066507175000027],[98.47007679600006,17.17929403900007],[98.39178977600005,17.242274746000078],[98.31768209700004,17.322665451000034],[98.29176497900005,17.407327330000044],[98.32968466800008,17.469571838000036],[98.29790907700004,17.575534336000032],[98.13597998800003,17.541729334000024],[98.08921456500008,17.63717831100007]]]}},{"type":"Feature","id":"TH2410","properties":{"国家代码":"TH","行政层级":2,"行政层级中文":"县/曼谷区","行政区代码":"2410","上级行政区代码":"24","中文名称":"他达杰县","泰文名称":"ท่าตะเกียบ","英文名称":"Tha Takiap","中文显示名":"他达杰县","中文名状态":"Wikidata已有中文名","边界状态":"可绘制","边界文件":"泰国_ADM2_县区边界.geojson","边界要素ID":"TH2410","边界坐标系":"WGS84 / EPSG:4326","边界数据时点":"2019-02-21","Google原生边界支持":"泰国不支持ADM2","Google地图绘制方式":"加载本GeoJSON到Google Maps Data图层","边界来源":"RTSD/OCHA衍生简化边界（canonical package）"},"geometry":{"type":"Polygon","coordinates":[[[101.88917250000009,13.500513622000028],[101.85441134400008,13.482747891000031],[101.74737971000008,13.555391701000076],[101.62421612300005,13.599967984000045],[101.49334841900009,13.449408190000042],[101.48993617900004,13.444633272000033],[101.54730617200005,13.386258334000047],[101.56441158900009,13.331364399000051],[101.66897069500004,13.271695505000025],[101.71713777700006,13.182213531000059],[101.77328831600005,13.184747092000066],[101.98890313500004,13.333254906000036],[101.95198809600004,13.432540079000034],[101.93717280700008,13.47798655500003],[101.88917250000009,13.500513622000028]]]}},{"type":"Feature","id":"TH6008","properties":{"国家代码":"TH","行政层级":2,"行政层级中文":"县/曼谷区","行政区代码":"6008","上级行政区代码":"60","中文名称":"他达戈县","泰文名称":"ท่าตะโก","英文名称":"Tha Tako","中文显示名":"他达戈县","中文名状态":"Wikidata已有中文名","边界状态":"可绘制","边界文件":"泰国_ADM2_县区边界.geojson","边界要素ID":"TH6008","边界坐标系":"WGS84 / EPSG:4326","边界数据时点":"2019-02-21","Google原生边界支持":"泰国不支持ADM2","Google地图绘制方式":"加载本GeoJSON到Google Maps Data图层","边界来源":"RTSD/OCHA衍生简化边界（canonical package）"},"geometry":{"type":"Polygon","coordinates":[[[100.61792490000005,15.740602291000073],[100.54147170300007,15.747273158000041],[100.46959515100008,15.827031986000065],[100.40705956500005,15.823075131000053],[100.31316110600005,15.769150497000055],[100.28896078500009,15.694293793000043],[100.33849224200009,15.598387366000054],[100.41000777100004,15.538301304000072],[100.46922412700007,15.535297808000053],[100.51301534700008,15.406678201000034],[100.57719374100009,15.543972548000056],[100.55639088200007,15.647412468000027],[100.61792490000005,15.740602291000073]]]}},{"type":"Feature","id":"TH3203","properties":{"国家代码":"TH","行政层级":2,"行政层级中文":"县/曼谷区","行政区代码":"3203","上级行政区代码":"32","中文名称":"塔敦县","泰文名称":"ท่าตูม","英文名称":"Tha Tum","中文显示名":"塔敦县","中文名状态":"Wikidata已有中文名","边界状态":"可绘制","边界文件":"泰国_ADM2_县区边界.geojson","边界要素ID":"TH3203","边界坐标系":"WGS84 / EPSG:4326","边界数据时点":"2019-02-21","Google原生边界支持":"泰国不支持ADM2","Google地图绘制方式":"加载本GeoJSON到Google Maps Data图层","边界来源":"RTSD/OCHA衍生简化边界（canonical package）"},"geometry":{"type":"Polygon","coordinates":[[[103.64009687000004,15.459929244000023],[103.59246155600005,15.46742740600007],[103.58703160300007,15.30167298300006],[103.50543628800006,15.291748332000054],[103.44263125200007,15.263759332000063],[103.43366165900005,15.205109436000043],[103.55062049400004,15.178842168000074],[103.61227551700006,15.19536120400005],[103.69951427900008,15.152689277000036],[103.75922916700006,15.294758702000024],[103.77477259800008,15.377803167000025],[103.82840478800006,15.451330547000055],[103.72431719800005,15.438002979000032],[103.64009687000004,15.459929244000023]]]}},{"type":"Feature","id":"TH4803","properties":{"国家代码":"TH","行政层级":2,"行政层级中文":"县/曼谷区","行政区代码":"4803","上级行政区代码":"48","中文名称":"塔乌廷县","泰文名称":"ท่าอุเทน","英文名称":"Tha Uthen","中文显示名":"塔乌廷县","中文名状态":"Wikidata已有中文名","边界状态":"可绘制","边界文件":"泰国_ADM2_县区边界.geojson","边界要素ID":"TH4803","边界坐标系":"WGS84 / EPSG:4326","边界数据时点":"2019-02-21","Google原生边界支持":"泰国不支持ADM2","Google地图绘制方式":"加载本GeoJSON到Google Maps Data图层","边界来源":"RTSD/OCHA衍生简化边界（canonical package）"},"geometry":{"type":"Polygon","coordinates":[[[104.72793005900007,17.49150611300007],[104.70554377900004,17.526443378000067],[104.46651395100008,17.656664501000023],[104.36106726900005,17.814866324000036],[104.30079630700004,17.84538763000006],[104.29980124700006,17.74438655700004],[104.38949379400003,17.654579116000036],[104.41258912200004,17.54709474400005],[104.53114447200005,17.552096437000046],[104.64756535700008,17.426938732000053],[104.72793005900007,17.49150611300007]]]}},{"type":"Feature","id":"TH5506","properties":{"国家代码":"TH","行政层级":2,"行政层级中文":"县/曼谷区","行政区代码":"5506","上级行政区代码":"55","中文名称":"塔旺帕县","泰文名称":"ท่าวังผา","英文名称":"Tha Wang Pha","中文显示名":"塔旺帕县","中文名状态":"Wikidata已有中文名","边界状态":"可绘制","边界文件":"泰国_ADM2_县区边界.geojson","边界要素ID":"TH5506","边界坐标系":"WGS84 / EPSG:4326","边界数据时点":"2019-02-21","Google原生边界支持":"泰国不支持ADM2","Google地图绘制方式":"加载本GeoJSON到Google Maps Data图层","边界来源":"RTSD/OCHA衍生简化边界（canonical package）"},"geometry":{"type":"Polygon","coordinates":[[[100.77770708800006,19.27405022100004],[100.61240346200003,19.312504578000073],[100.62218264700005,19.110212180000076],[100.56586416600004,19.072740434000025],[100.61454127300004,19.041908767000052],[100.70854183300008,19.04464610200006],[100.83111047400007,18.993987391000076],[100.90409875800003,18.976210082000023],[100.93311050900007,19.03892852900003],[100.87554499900006,19.145867526000075],[100.81163083100006,19.149789939000073],[100.79193162600006,19.234242863000077],[100.77770708800006,19.27405022100004]]]}},{"type":"Feature","id":"TH1605","properties":{"国家代码":"TH","行政层级":2,"行政层级中文":"县/曼谷区","行政区代码":"1605","上级行政区代码":"16","中文名称":"他翁县","泰文名称":"ท่าวุ้ง","英文名称":"Tha Wung","中文显示名":"他翁县","中文名状态":"Wikidata已有中文名","边界状态":"可绘制","边界文件":"泰国_ADM2_县区边界.geojson","边界要素ID":"TH1605","边界坐标系":"WGS84 / EPSG:4326","边界数据时点":"2019-02-21","Google原生边界支持":"泰国不支持ADM2","Google地图绘制方式":"加载本GeoJSON到Google Maps Data图层","边界来源":"RTSD/OCHA衍生简化边界（canonical package）"},"geometry":{"type":"Polygon","coordinates":[[[100.50833993800006,14.673194754000065],[100.56240285200005,14.76021720500006],[100.56312252500004,14.942043639000076],[100.42200090200004,14.922429691000048],[100.45431854700007,14.857026374000043],[100.48468555100004,14.739415832000077],[100.45794010500003,14.721096421000027],[100.50341379100007,14.669919633000063],[100.50833993800006,14.673194754000065]]]}},{"type":"Feature","id":"TH7605","properties":{"国家代码":"TH","行政层级":2,"行政层级中文":"县/曼谷区","行政区代码":"7605","上级行政区代码":"76","中文名称":"塔央县","泰文名称":"ท่ายาง","英文名称":"Tha Yang","中文显示名":"塔央县","中文名状态":"Wikidata已有中文名","边界状态":"可绘制","边界文件":"泰国_ADM2_县区边界.geojson","边界要素ID":"TH7605","边界坐标系":"WGS84 / EPSG:4326","边界数据时点":"2019-02-21","Google原生边界支持":"泰国不支持ADM2","Google地图绘制方式":"加载本GeoJSON到Google Maps Data图层","边界来源":"RTSD/OCHA衍生简化边界（canonical package）"},"geometry":{"type":"Polygon","coordinates":[[[99.96413542600004,12.983794526000054],[99.89867746800007,13.015490985000042],[99.78302953600007,12.976151939000033],[99.76303640100008,12.844923538000046],[99.61421670000004,12.75705541900004],[99.61623143500003,12.640737780000052],[99.75476142600007,12.618874598000048],[99.79506067900007,12.712627264000048],[99.85025839100007,12.754582655000036],[99.85161864500009,12.853229191000025],[99.90958158500007,12.905849557000067],[100.02690628200008,12.917015787000025],[100.03753792700007,12.954191176000052],[99.96413542600004,12.983794526000054]]]}},{"type":"Feature","id":"TH3509","properties":{"国家代码":"TH","行政层级":2,"行政层级中文":"县/曼谷区","行政区代码":"3509","上级行政区代码":"35","中文名称":"泰乍伦县","泰文名称":"ไทยเจริญ","英文名称":"Thai Charoen","中文显示名":"泰乍伦县","中文名状态":"Wikidata已有中文名","边界状态":"可绘制","边界文件":"泰国_ADM2_县区边界.geojson","边界要素ID":"TH3509","边界坐标系":"WGS84 / EPSG:4326","边界数据时点":"2019-02-21","Google原生边界支持":"泰国不支持ADM2","Google地图绘制方式":"加载本GeoJSON到Google Maps Data图层","边界来源":"RTSD/OCHA衍生简化边界（canonical package）"},"geometry":{"type":"Polygon","coordinates":[[[104.54260898700005,16.07117774900007],[104.45500838200007,16.095385626000052],[104.44721203100005,16.171861439000054],[104.38997993400005,16.220611091000023],[104.38257612600006,16.136253063000026],[104.32172172500003,16.141016095000055],[104.45192977500005,15.993931645000032],[104.50195090200003,15.976500546000068],[104.53137100700008,16.003802165000025],[104.54260898700005,16.07117774900007]]]}},{"type":"Feature","id":"TH8208","properties":{"国家代码":"TH","行政层级":2,"行政层级中文":"县/曼谷区","行政区代码":"8208","上级行政区代码":"82","中文名称":"泰孟县","泰文名称":"ท้ายเหมือง","英文名称":"Thai Mueang","中文显示名":"泰孟县","中文名状态":"Wikidata已有中文名","边界状态":"可绘制","边界文件":"泰国_ADM2_县区边界.geojson","边界要素ID":"TH8208","边界坐标系":"WGS84 / EPSG:4326","边界数据时点":"2019-02-21","Google原生边界支持":"泰国不支持ADM2","Google地图绘制方式":"加载本GeoJSON到Google Maps Data图层","边界来源":"RTSD/OCHA衍生简化边界（canonical package）"},"geometry":{"type":"Polygon","coordinates":[[[98.41108145600003,8.62872083600007],[98.32677797900004,8.652776063000033],[98.23578111700004,8.616559988000063],[98.20518825200008,8.552651516000026],[98.26907470800006,8.30808845000007],[98.36413351000004,8.34258253300004],[98.39686962600007,8.455596270000058],[98.36792195100008,8.490093685000033],[98.42503002700005,8.580372762000025],[98.41108145600003,8.62872083600007]]]}},{"type":"Feature","id":"TH8303","properties":{"国家代码":"TH","行政层级":2,"行政层级中文":"县/曼谷区","行政区代码":"8303","上级行政区代码":"83","中文名称":"塔廊","泰文名称":"ถลาง","英文名称":"Thalang","中文显示名":"塔廊","中文名状态":"Wikidata已有中文名","边界状态":"可绘制","边界文件":"泰国_ADM2_县区边界.geojson","边界要素ID":"TH8303","边界坐标系":"WGS84 / EPSG:4326","边界数据时点":"2019-02-21","Google原生边界支持":"泰国不支持ADM2","Google地图绘制方式":"加载本GeoJSON到Google Maps Data图层","边界来源":"RTSD/OCHA衍生简化边界（canonical package）"},"geometry":{"type":"Polygon","coordinates":[[[98.39546966400007,7.965591471000039],[98.43633803900008,8.066656520000038],[98.34619987900004,8.122220699000025],[98.28600930500005,8.199949698000069],[98.27634422100004,7.970316088000061],[98.35033361600006,7.9440683740000395],[98.39546966400007,7.965591471000039]]]}},{"type":"Feature","id":"TH8018","properties":{"国家代码":"TH","行政层级":2,"行政层级中文":"县/曼谷区","行政区代码":"8018","上级行政区代码":"80","中文名称":"贪攀那拉县","泰文名称":"ถ้ำพรรณรา","英文名称":"Tham Phannara","中文显示名":"贪攀那拉县","中文名状态":"Wikidata已有中文名","边界状态":"可绘制","边界文件":"泰国_ADM2_县区边界.geojson","边界要素ID":"TH8018","边界坐标系":"WGS84 / EPSG:4326","边界数据时点":"2019-02-21","Google原生边界支持":"泰国不支持ADM2","Google地图绘制方式":"加载本GeoJSON到Google Maps Data图层","边界来源":"RTSD/OCHA衍生简化边界（canonical package）"},"geometry":{"type":"Polygon","coordinates":[[[99.41777895900003,8.552240394000023],[99.29343487000006,8.47073398200007],[99.31266837000004,8.423277922000068],[99.42041013100004,8.412078463000057],[99.45269605900006,8.434295267000039],[99.41777895900003,8.552240394000023]]]}},{"type":"Feature","id":"TH9504","properties":{"国家代码":"TH","行政层级":2,"行政层级中文":"县/曼谷区","行政区代码":"9504","上级行政区代码":"95","中文名称":"贪多县","泰文名称":"ธารโต","英文名称":"Than To","中文显示名":"贪多县","中文名状态":"Wikidata已有中文名","边界状态":"可绘制","边界文件":"泰国_ADM2_县区边界.geojson","边界要素ID":"TH9504","边界坐标系":"WGS84 / EPSG:4326","边界数据时点":"2019-02-21","Google原生边界支持":"泰国不支持ADM2","Google地图绘制方式":"加载本GeoJSON到Google Maps Data图层","边界来源":"RTSD/OCHA衍生简化边界（canonical package）"},"geometry":{"type":"Polygon","coordinates":[[[101.39390589000004,6.159855831000073],[101.26241367200004,6.130413227000076],[101.26567031300004,6.215558603000034],[101.11845888700009,6.1863936450000665],[101.05844172900004,6.1430629240000485],[101.11820891900004,6.114821680000034],[101.10634695500005,5.998807508000027],[101.25177361500005,5.999002806000021],[101.28637774900005,5.894402891000027],[101.32807314100006,6.01164304200006],[101.40623324200004,6.05777593800002],[101.47793917500007,6.043515905000049],[101.47058598000007,6.073894192000068],[101.39390589000004,6.159855831000073]]]}},{"type":"Feature","id":"TH1303","properties":{"国家代码":"TH","行政层级":2,"行政层级中文":"县/曼谷区","行政区代码":"1303","上级行政区代码":"13","中文名称":"探耶武里县","泰文名称":"ธัญบุรี","英文名称":"Thanyaburi","中文显示名":"探耶武里县","中文名状态":"Wikidata已有中文名","边界状态":"可绘制","边界文件":"泰国_ADM2_县区边界.geojson","边界要素ID":"TH1303","边界坐标系":"WGS84 / EPSG:4326","边界数据时点":"2019-02-21","Google原生边界支持":"泰国不支持ADM2","Google地图绘制方式":"加载本GeoJSON到Google Maps Data图层","边界来源":"RTSD/OCHA衍生简化边界（canonical package）"},"geometry":{"type":"Polygon","coordinates":[[[100.91483620300005,14.068209147000061],[100.91413830700009,14.09962936200003],[100.75550331600004,14.044766109000022],[100.60142998200007,13.99560950600005],[100.60513853800006,13.965549749000047],[100.91483620300005,14.068209147000061]]]}},{"type":"Feature","id":"TH8207","properties":{"国家代码":"TH","行政层级":2,"行政层级中文":"县/曼谷区","行政区代码":"8207","上级行政区代码":"82","中文名称":"塔布县","泰文名称":"ทับปุด","英文名称":"Thap Put","中文显示名":"塔布县","中文名状态":"Wikidata已有中文名","边界状态":"可绘制","边界文件":"泰国_ADM2_县区边界.geojson","边界要素ID":"TH8207","边界坐标系":"WGS84 / EPSG:4326","边界数据时点":"2019-02-21","Google原生边界支持":"泰国不支持ADM2","Google地图绘制方式":"加载本GeoJSON到Google Maps Data图层","边界来源":"RTSD/OCHA衍生简化边界（canonical package）"},"geometry":{"type":"Polygon","coordinates":[[[98.70343810700007,8.631978692000075],[98.60431786100008,8.625686161000033],[98.54866190700005,8.518061998000064],[98.61564618500006,8.382002845000045],[98.63543150500004,8.375372567000056],[98.68224796700008,8.550857716000053],[98.70343810700007,8.631978692000075]]]}},{"type":"Feature","id":"TH7703","properties":{"国家代码":"TH","行政层级":2,"行政层级中文":"县/曼谷区","行政区代码":"7703","上级行政区代码":"77","中文名称":"塔沙革县","泰文名称":"ทับสะแก","英文名称":"Thap Sakae","中文显示名":"塔沙革县","中文名状态":"Wikidata已有中文名","边界状态":"可绘制","边界文件":"泰国_ADM2_县区边界.geojson","边界要素ID":"TH7703","边界坐标系":"WGS84 / EPSG:4326","边界数据时点":"2019-02-21","Google原生边界支持":"泰国不支持ADM2","Google地图绘制方式":"加载本GeoJSON到Google Maps Data图层","边界来源":"RTSD/OCHA衍生简化边界（canonical package）"},"geometry":{"type":"Polygon","coordinates":[[[99.71539363300008,11.655577230000063],[99.58810730000005,11.688256160000037],[99.56571565500008,11.626758063000068],[99.46697355300006,11.612922514000047],[99.47345830600005,11.531787749000046],[99.41956392700007,11.476039583000045],[99.49122135100004,11.424448167000037],[99.59942404200007,11.405019768000045],[99.71539363300008,11.655577230000063]]]}},{"type":"Feature","id":"TH6102","properties":{"国家代码":"TH","行政层级":2,"行政层级中文":"县/曼谷区","行政区代码":"6102","上级行政区代码":"61","中文名称":"塔贪县","泰文名称":"ทัพทัน","英文名称":"Thap Than","中文显示名":"塔贪县","中文名状态":"Wikidata已有中文名","边界状态":"可绘制","边界文件":"泰国_ADM2_县区边界.geojson","边界要素ID":"TH6102","边界坐标系":"WGS84 / EPSG:4326","边界数据时点":"2019-02-21","Google原生边界支持":"泰国不支持ADM2","Google地图绘制方式":"加载本GeoJSON到Google Maps Data图层","边界来源":"RTSD/OCHA衍生简化边界（canonical package）"},"geometry":{"type":"Polygon","coordinates":[[[99.94817728000004,15.501116496000066],[99.93732854000007,15.597596907000025],[99.83088682500005,15.520317629000033],[99.67339190000007,15.532472981000069],[99.70361878400007,15.435102865000033],[99.89498660100008,15.424907848000032],[99.95097445800008,15.435641836000059],[99.94817728000004,15.501116496000066]]]}},{"type":"Feature","id":"TH4805","properties":{"国家代码":"TH","行政层级":2,"行政层级中文":"县/曼谷区","行政区代码":"4805","上级行政区代码":"48","中文名称":"塔帕农县","泰文名称":"ธาตุพนม","英文名称":"That Phanom","中文显示名":"塔帕农县","中文名状态":"Wikidata已有中文名","边界状态":"可绘制","边界文件":"泰国_ADM2_县区边界.geojson","边界要素ID":"TH4805","边界坐标系":"WGS84 / EPSG:4326","边界数据时点":"2019-02-21","Google原生边界支持":"泰国不支持ADM2","Google地图绘制方式":"加载本GeoJSON到Google Maps Data图层","边界来源":"RTSD/OCHA衍生简化边界（canonical package）"},"geometry":{"type":"Polygon","coordinates":[[[104.78841509400007,17.12754256100004],[104.71103035000004,17.179307780000045],[104.66201997300004,17.16285997500006],[104.71664930500003,17.103214582000078],[104.71496653100007,17.024793482000064],[104.63331671700007,16.95155767600005],[104.62832921900008,16.863108625000052],[104.65998811600008,16.792268300000046],[104.69235618900007,16.79042377600007],[104.73726180000006,16.80471362800006],[104.76241813400009,16.84091624900003],[104.72934509700008,17.00104267000006],[104.78841509400007,17.12754256100004]]]}},{"type":"Feature","id":"TH4505","properties":{"国家代码":"TH","行政层级":2,"行政层级中文":"县/曼谷区","行政区代码":"4505","上级行政区代码":"45","中文名称":"塔瓦武里县","泰文名称":"ธวัชบุรี","英文名称":"Thawat Buri","中文显示名":"塔瓦武里县","中文名状态":"Wikidata已有中文名","边界状态":"可绘制","边界文件":"泰国_ADM2_县区边界.geojson","边界要素ID":"TH4505","边界坐标系":"WGS84 / EPSG:4326","边界数据时点":"2019-02-21","Google原生边界支持":"泰国不支持ADM2","Google地图绘制方式":"加载本GeoJSON到Google Maps Data图层","边界来源":"RTSD/OCHA衍生简化边界（canonical package）"},"geometry":{"type":"Polygon","coordinates":[[[103.90053463900006,16.06556969600007],[103.83816143400009,16.157124666000072],[103.68651960600005,16.07559158400005],[103.67995308800005,16.00686842400006],[103.72248743500006,15.915368966000074],[103.82009049800007,15.925017620000062],[103.82895137900005,16.052910242000053],[103.90053463900006,16.06556969600007]]]}},{"type":"Feature","id":"TH1048","properties":{"国家代码":"TH","行政层级":2,"行政层级中文":"县/曼谷区","行政区代码":"1048","上级行政区代码":"10","中文名称":"他威越他那县","泰文名称":"ทวีวัฒนา","英文名称":"Thawi Watthana","中文显示名":"他威越他那县","中文名状态":"Wikidata已有中文名","边界状态":"可绘制","边界文件":"泰国_ADM2_县区边界.geojson","边界要素ID":"TH1048","边界坐标系":"WGS84 / EPSG:4326","边界数据时点":"2019-02-21","Google原生边界支持":"泰国不支持ADM2","Google地图绘制方式":"加载本GeoJSON到Google Maps Data图层","边界来源":"RTSD/OCHA衍生简化边界（canonical package）"},"geometry":{"type":"Polygon","coordinates":[[[100.41105770500008,13.801346720000026],[100.32791238700008,13.80412552100006],[100.33010398200008,13.76309221200006],[100.33745528100008,13.736036289000026],[100.35935948200006,13.738002047000066],[100.40618470000004,13.749437693000061],[100.41105770500008,13.801346720000026]]]}},{"type":"Feature","id":"TH3609","properties":{"国家代码":"TH","行政层级":2,"行政层级中文":"县/曼谷区","行政区代码":"3609","上级行政区代码":"36","中文名称":"贴沙提县","泰文名称":"เทพสถิต","英文名称":"Thep Sathit","中文显示名":"贴沙提县","中文名状态":"Wikidata已有中文名","边界状态":"可绘制","边界文件":"泰国_ADM2_县区边界.geojson","边界要素ID":"TH3609","边界坐标系":"WGS84 / EPSG:4326","边界数据时点":"2019-02-21","Google原生边界支持":"泰国不支持ADM2","Google地图绘制方式":"加载本GeoJSON到Google Maps Data图层","边界来源":"RTSD/OCHA衍生简化边界（canonical package）"},"geometry":{"type":"Polygon","coordinates":[[[101.64123940600007,15.684796198000072],[101.65941628000007,15.710021440000048],[101.50909096500004,15.796171272000038],[101.45434670000009,15.888089902000047],[101.40442895400008,15.739287339000043],[101.37002838000006,15.59276466800003],[101.38202449100004,15.33140254600005],[101.50069985400006,15.356443951000074],[101.54318008600006,15.402361373000076],[101.58304557900004,15.407554236000067],[101.50376457200008,15.517433574000052],[101.53877594400007,15.566979318000051],[101.52539717200005,15.620603509000034],[101.64123940600007,15.684796198000072]]]}},{"type":"Feature","id":"TH9005","properties":{"国家代码":"TH","行政层级":2,"行政层级中文":"县/曼谷区","行政区代码":"9005","上级行政区代码":"90","中文名称":"贴帕县","泰文名称":"เทพา","英文名称":"Thepha","中文显示名":"贴帕县","中文名状态":"Wikidata已有中文名","边界状态":"可绘制","边界文件":"泰国_ADM2_县区边界.geojson","边界要素ID":"TH9005","边界坐标系":"WGS84 / EPSG:4326","边界数据时点":"2019-02-21","Google原生边界支持":"泰国不支持ADM2","Google地图绘制方式":"加载本GeoJSON到Google Maps Data图层","边界来源":"RTSD/OCHA衍生简化边界（canonical package）"},"geometry":{"type":"Polygon","coordinates":[[[101.06609815300004,6.857092431000069],[100.94627242300004,6.882731015000047],[100.82547617100005,6.951668768000047],[100.79389100400005,6.889734300000043],[100.82322900200006,6.813862511000025],[100.79869020500007,6.749297674000047],[100.81088474700005,6.647120064000035],[100.91415632000007,6.635533057000032],[100.95602705100004,6.707994235000058],[101.05696059300004,6.67753177000003],[101.01761865100008,6.724940731000061],[101.05437259300004,6.801492333000056],[101.06609815300004,6.857092431000069]]]}},{"type":"Feature","id":"TH3026","properties":{"国家代码":"TH","行政层级":2,"行政层级中文":"县/曼谷区","行政区代码":"3026","上级行政区代码":"30","中文名称":"贴帕拉县","泰文名称":"เทพารักษ์","英文名称":"Thepharak","中文显示名":"贴帕拉县","中文名状态":"Wikidata已有中文名","边界状态":"可绘制","边界文件":"泰国_ADM2_县区边界.geojson","边界要素ID":"TH3026","边界坐标系":"WGS84 / EPSG:4326","边界数据时点":"2019-02-21","Google原生边界支持":"泰国不支持ADM2","Google地图绘制方式":"加载本GeoJSON到Google Maps Data图层","边界来源":"RTSD/OCHA衍生简化边界（canonical package）"},"geometry":{"type":"Polygon","coordinates":[[[101.54318008600006,15.402361373000076],[101.50069985400006,15.356443951000074],[101.38202449100004,15.33140254600005],[101.38758359600007,15.228467852000051],[101.49695696100008,15.201857183000072],[101.63205034300006,15.238513911000041],[101.62463233600005,15.304492949000064],[101.56605521700004,15.37196061800006],[101.54318008600006,15.402361373000076]]]}},{"type":"Feature","id":"TH5208","properties":{"国家代码":"TH","行政层级":2,"行政层级中文":"县/曼谷区","行政区代码":"5208","上级行政区代码":"52","中文名称":"腾县","泰文名称":"เถิน","英文名称":"Thoen","中文显示名":"腾县","中文名状态":"Wikidata已有中文名","边界状态":"可绘制","边界文件":"泰国_ADM2_县区边界.geojson","边界要素ID":"TH5208","边界坐标系":"WGS84 / EPSG:4326","边界数据时点":"2019-02-21","Google原生边界支持":"泰国不支持ADM2","Google地图绘制方式":"加载本GeoJSON到Google Maps Data图层","边界来源":"RTSD/OCHA衍生简化边界（canonical package）"},"geometry":{"type":"Polygon","coordinates":[[[99.36757282600007,17.773487857000077],[99.32429686900008,17.765229658000067],[99.21056689800008,17.886211785000057],[99.18331551700004,17.860529032000045],[99.17467766800007,17.810430979000046],[99.10317652900005,17.81260705400007],[99.04967538000005,17.61252663700003],[99.18112158000008,17.53247505400003],[99.16985789600005,17.448660250000046],[99.21382698200006,17.390242512000043],[99.27044495900009,17.400008511000067],[99.31522857500005,17.269839529000024],[99.37391863400006,17.210581027000046],[99.45536991000006,17.25454157400003],[99.47723180100007,17.326100818000043],[99.43083422000007,17.390628571000036],[99.41888945600004,17.488583994000066],[99.41304272200006,17.57407357900007],[99.45433214400003,17.598105516000032],[99.47105082100006,17.73786806100003],[99.38720594500006,17.687556630000074],[99.36757282600007,17.773487857000077]]]}},{"type":"Feature","id":"TH5704","properties":{"国家代码":"TH","行政层级":2,"行政层级中文":"县/曼谷区","行政区代码":"5704","上级行政区代码":"57","中文名称":"汤县","泰文名称":"เทิง","英文名称":"Thoeng","中文显示名":"汤县","中文名状态":"Wikidata已有中文名","边界状态":"可绘制","边界文件":"泰国_ADM2_县区边界.geojson","边界要素ID":"TH5704","边界坐标系":"WGS84 / EPSG:4326","边界数据时点":"2019-02-21","Google原生边界支持":"泰国不支持ADM2","Google地图绘制方式":"加载本GeoJSON到Google Maps Data图层","边界来源":"RTSD/OCHA衍生简化边界（canonical package）"},"geometry":{"type":"Polygon","coordinates":[[[100.44290144700005,19.835310626000023],[100.34248123800006,19.873537030000023],[100.25532876600005,19.76264472400004],[100.17358544400008,19.807332177000035],[100.15948998700009,19.710220786000036],[100.04130986900009,19.74522320600005],[100.02523349300009,19.731663309000055],[100.00612705900005,19.66996256500005],[99.92721316400008,19.622672169000055],[100.00429288700008,19.58853743000003],[100.06566084600007,19.51025696800008],[100.15363235500007,19.545675752000022],[100.17917758800007,19.612648016000037],[100.25246496900007,19.634918067000058],[100.31689230000006,19.649263374000043],[100.33696413100006,19.708644771000024],[100.40657643800006,19.73606207800003],[100.44290144700005,19.835310626000023]]]}},{"type":"Feature","id":"TH1015","properties":{"国家代码":"TH","行政层级":2,"行政层级中文":"县/曼谷区","行政区代码":"1015","上级行政区代码":"10","中文名称":"吞武里县","泰文名称":"ธนบุรี","英文名称":"Thon Buri","中文显示名":"吞武里县","中文名状态":"Wikidata已有中文名","边界状态":"可绘制","边界文件":"泰国_ADM2_县区边界.geojson","边界要素ID":"TH1015","边界坐标系":"WGS84 / EPSG:4326","边界数据时点":"2019-02-21","Google原生边界支持":"泰国不支持ADM2","Google地图绘制方式":"加载本GeoJSON到Google Maps Data图层","边界来源":"RTSD/OCHA衍生简化边界（canonical package）"},"geometry":{"type":"Polygon","coordinates":[[[100.49863760900007,13.705137064000041],[100.49764789800008,13.739218486000027],[100.49196979800007,13.742172671000048],[100.47163796800004,13.722443215000055],[100.46923467500005,13.715962863000073],[100.48254528000007,13.694834889000049],[100.48999809100007,13.695261866000067],[100.49863760900007,13.705137064000041]]]}},{"type":"Feature","id":"TH7107","properties":{"国家代码":"TH","行政层级":2,"行政层级中文":"县/曼谷区","行政区代码":"7107","上级行政区代码":"71","中文名称":"通帕蓬县","泰文名称":"ทองผาภูมิ","英文名称":"Thong Pha Phum","中文显示名":"通帕蓬县","中文名状态":"Wikidata已有中文名","边界状态":"可绘制","边界文件":"泰国_ADM2_县区边界.geojson","边界要素ID":"TH7107","边界坐标系":"WGS84 / EPSG:4326","边界数据时点":"2019-02-21","Google原生边界支持":"泰国不支持ADM2","Google地图绘制方式":"加载本GeoJSON到Google Maps Data图层","边界来源":"RTSD/OCHA衍生简化边界（canonical package）"},"geometry":{"type":"Polygon","coordinates":[[[98.98400297400008,15.179953423000029],[98.95555765300008,15.246997434000036],[98.88626122400007,15.275066768000045],[98.78024943300005,15.20882712200006],[98.65251511900004,15.07760055500006],[98.66201693100004,14.963082024000073],[98.62263644200004,14.853950140000052],[98.54514851600004,14.908952208000073],[98.45548819800007,14.868873548000067],[98.43516811800004,14.932249932000047],[98.35054376500005,14.932917262000046],[98.30835252100007,14.891568409000058],[98.24977355500005,14.91627420900005],[98.24594212000005,14.830934959000047],[98.32986005300006,14.704941318000067],[98.49263023000003,14.539045341000076],[98.53335444600003,14.442886796000039],[98.56574416100005,14.49807469600006],[98.65804645100008,14.543083556000056],[98.79234976200007,14.523703473000069],[98.83585208200009,14.55838848600007],[98.91876416000008,14.525764853000055],[98.93585339100008,14.597248230000048],[98.88683078800005,14.637490194000065],[98.87716082000009,14.716293269000062],[98.96346104800006,14.777944104000028],[98.96776435100008,15.002030036000065],[98.99966125200007,15.071000168000069],[98.98400297400008,15.179953423000029]]]}},{"type":"Feature","id":"TH5309","properties":{"国家代码":"TH","行政层级":2,"行政层级中文":"县/曼谷区","行政区代码":"5309","上级行政区代码":"53","中文名称":"通盛坎县","泰文名称":"ทองแสนขัน","英文名称":"Thong Saen Khan","中文显示名":"通盛坎县","中文名状态":"Wikidata已有中文名","边界状态":"可绘制","边界文件":"泰国_ADM2_县区边界.geojson","边界要素ID":"TH5309","边界坐标系":"WGS84 / EPSG:4326","边界数据时点":"2019-02-21","Google原生边界支持":"泰国不支持ADM2","Google地图绘制方式":"加载本GeoJSON到Google Maps Data图层","边界来源":"RTSD/OCHA衍生简化边界（canonical package）"},"geometry":{"type":"Polygon","coordinates":[[[100.41266829900007,17.621200642000076],[100.36072829500006,17.58702871500003],[100.31310621100005,17.623492621000025],[100.19852875000004,17.539948717000073],[100.24581578800007,17.494373822000057],[100.25391289800007,17.40266027900003],[100.28891178000003,17.376113505000035],[100.37164844600005,17.39110456900005],[100.50150787300004,17.428837475000023],[100.58490059200005,17.418943085000024],[100.64508423600006,17.494401995000032],[100.60813011700009,17.52951245400004],[100.53860503600004,17.480242305000047],[100.44586740200003,17.567519808000043],[100.44066709000003,17.611121603000072],[100.41266829900007,17.621200642000076]]]}},{"type":"Feature","id":"TH5508","properties":{"国家代码":"TH","行政层级":2,"行政层级中文":"县/曼谷区","行政区代码":"5508","上级行政区代码":"55","中文名称":"通昌县","泰文名称":"ทุ่งช้าง","英文名称":"Thung Chang","中文显示名":"通昌县","中文名状态":"Wikidata已有中文名","边界状态":"可绘制","边界文件":"泰国_ADM2_县区边界.geojson","边界要素ID":"TH5508","边界坐标系":"WGS84 / EPSG:4326","边界数据时点":"2019-02-21","Google原生边界支持":"泰国不支持ADM2","Google地图绘制方式":"加载本GeoJSON到Google Maps Data图层","边界来源":"RTSD/OCHA衍生简化边界（canonical package）"},"geometry":{"type":"Polygon","coordinates":[[[100.97478536600005,19.61974796100003],[100.89791221800004,19.634937491000073],[100.76806873400005,19.488682397000048],[100.78395994300007,19.377895684000066],[101.01017099800004,19.338149568000063],[101.08170938000006,19.381914625000036],[101.07847473000004,19.469899739000027],[101.01561374900007,19.48758828700005],[100.97478536600005,19.61974796100003]]]}},{"type":"Feature","id":"TH4107","properties":{"国家代码":"TH","行政层级":2,"行政层级中文":"县/曼谷区","行政区代码":"4107","上级行政区代码":"41","中文名称":"通丰县","泰文名称":"ทุ่งฝน","英文名称":"Thung Fon","中文显示名":"通丰县","中文名状态":"Wikidata已有中文名","边界状态":"可绘制","边界文件":"泰国_ADM2_县区边界.geojson","边界要素ID":"TH4107","边界坐标系":"WGS84 / EPSG:4326","边界数据时点":"2019-02-21","Google原生边界支持":"泰国不支持ADM2","Google地图绘制方式":"加载本GeoJSON到Google Maps Data图层","边界来源":"RTSD/OCHA衍生简化边界（canonical package）"},"geometry":{"type":"Polygon","coordinates":[[[103.32044880200004,17.549345294000034],[103.15590714600006,17.591651655000078],[103.12944090600007,17.497600895000062],[103.15415609300004,17.418384841000034],[103.27616605000009,17.43676797100005],[103.32044880200004,17.549345294000034]]]}},{"type":"Feature","id":"TH5105","properties":{"国家代码":"TH","行政层级":2,"行政层级中文":"县/曼谷区","行政区代码":"5105","上级行政区代码":"51","中文名称":"通霍昌县","泰文名称":"ทุ่งหัวช้าง","英文名称":"Thung Hua Chang","中文显示名":"通霍昌县","中文名状态":"Wikidata已有中文名","边界状态":"可绘制","边界文件":"泰国_ADM2_县区边界.geojson","边界要素ID":"TH5105","边界坐标系":"WGS84 / EPSG:4326","边界数据时点":"2019-02-21","Google原生边界支持":"泰国不支持ADM2","Google地图绘制方式":"加载本GeoJSON到Google Maps Data图层","边界来源":"RTSD/OCHA衍生简化边界（canonical package）"},"geometry":{"type":"Polygon","coordinates":[[[99.18331551700004,17.860529032000045],[99.10816085400006,17.913342202000024],[99.10085138400007,17.998747864000052],[99.03732912500004,18.19987437700007],[98.98847852000006,18.171407189000035],[98.95857012600004,18.165988527000025],[99.02073810500008,17.88036292000004],[99.00407809300003,17.843495002000054],[99.10317652900005,17.81260705400007],[99.17467766800007,17.810430979000046],[99.18331551700004,17.860529032000045]]]}},{"type":"Feature","id":"TH4520","properties":{"国家代码":"TH","行政层级":2,"行政层级中文":"县/曼谷区","行政区代码":"4520","上级行政区代码":"45","中文名称":"通考銮县","泰文名称":"ทุ่งเขาหลวง","英文名称":"Thung Khao Luang","中文显示名":"通考銮县","中文名状态":"Wikidata已有中文名","边界状态":"可绘制","边界文件":"泰国_ADM2_县区边界.geojson","边界要素ID":"TH4520","边界坐标系":"WGS84 / EPSG:4326","边界数据时点":"2019-02-21","Google原生边界支持":"泰国不支持ADM2","Google地图绘制方式":"加载本GeoJSON到Google Maps Data图层","边界来源":"RTSD/OCHA衍生简化边界（canonical package）"},"geometry":{"type":"Polygon","coordinates":[[[103.89987573600007,15.938823669000044],[103.93482526800005,15.976037402000031],[103.90053463900006,16.06556969600007],[103.82895137900005,16.052910242000053],[103.82009049800007,15.925017620000062],[103.89987573600007,15.938823669000044]]]}},{"type":"Feature","id":"TH1049","properties":{"国家代码":"TH","行政层级":2,"行政层级中文":"县/曼谷区","行政区代码":"1049","上级行政区代码":"10","中文名称":"童酷县","泰文名称":"ทุ่งครุ","英文名称":"Thung Khu","中文显示名":"童酷县","中文名状态":"Wikidata已有中文名","边界状态":"可绘制","边界文件":"泰国_ADM2_县区边界.geojson","边界要素ID":"TH1049","边界坐标系":"WGS84 / EPSG:4326","边界数据时点":"2019-02-21","Google原生边界支持":"泰国不支持ADM2","Google地图绘制方式":"加载本GeoJSON到Google Maps Data图层","边界来源":"RTSD/OCHA衍生简化边界（canonical package）"},"geometry":{"type":"Polygon","coordinates":[[[100.51751520700009,13.661599672000023],[100.47579651200004,13.661882128000059],[100.47033367300008,13.65904032900005],[100.47693016600005,13.602955251000026],[100.52103794300007,13.605141864000075],[100.51751520700009,13.661599672000023]]]}},{"type":"Feature","id":"TH6409","properties":{"国家代码":"TH","行政层级":2,"行政层级中文":"县/曼谷区","行政区代码":"6409","上级行政区代码":"64","中文名称":"通沙连县","泰文名称":"ทุ่งเสลี่ยม","英文名称":"Thung Saliam","中文显示名":"通沙连县","中文名状态":"Wikidata已有中文名","边界状态":"可绘制","边界文件":"泰国_ADM2_县区边界.geojson","边界要素ID":"TH6409","边界坐标系":"WGS84 / EPSG:4326","边界数据时点":"2019-02-21","Google原生边界支持":"泰国不支持ADM2","Google地图绘制方式":"加载本GeoJSON到Google Maps Data图层","边界来源":"RTSD/OCHA衍生简化边界（canonical package）"},"geometry":{"type":"Polygon","coordinates":[[[99.72500986000006,17.376755890000027],[99.64923446400007,17.355201590000036],[99.52673086700008,17.50850141600006],[99.41888945600004,17.488583994000066],[99.43083422000007,17.390628571000036],[99.47723180100007,17.326100818000043],[99.45536991000006,17.25454157400003],[99.45912170500009,17.242258308000032],[99.61308444700006,17.293782023000063],[99.66656323700005,17.244889990000047],[99.72500986000006,17.376755890000027]]]}},{"type":"Feature","id":"TH3426","properties":{"国家代码":"TH","行政层级":2,"行政层级中文":"县/曼谷区","行政区代码":"3426","上级行政区代码":"34","中文名称":"通西乌敦县","泰文名称":"ทุ่งศรีอุดม","英文名称":"Thung Si Udom","中文显示名":"通西乌敦县","中文名状态":"Wikidata已有中文名","边界状态":"可绘制","边界文件":"泰国_ADM2_县区边界.geojson","边界要素ID":"TH3426","边界坐标系":"WGS84 / EPSG:4326","边界数据时点":"2019-02-21","Google原生边界支持":"泰国不支持ADM2","Google地图绘制方式":"加载本GeoJSON到Google Maps Data图层","边界来源":"RTSD/OCHA衍生简化边界（canonical package）"},"geometry":{"type":"Polygon","coordinates":[[[104.98512975000006,14.675217597000028],[105.00160722200008,14.754493345000071],[104.96106963600005,14.829211744000077],[104.81794224800007,14.776988454000048],[104.83797212400003,14.739614919000076],[104.89047839200003,14.651406331000032],[104.98512975000006,14.675217597000028]]]}},{"type":"Feature","id":"TH8009","properties":{"国家代码":"TH","行政层级":2,"行政层级中文":"县/曼谷区","行政区代码":"8009","上级行政区代码":"80","中文名称":"童颂县","泰文名称":"ทุ่งสง","英文名称":"Thung Song","中文显示名":"童颂县","中文名状态":"Wikidata已有中文名","边界状态":"可绘制","边界文件":"泰国_ADM2_县区边界.geojson","边界要素ID":"TH8009","边界坐标系":"WGS84 / EPSG:4326","边界数据时点":"2019-02-21","Google原生边界支持":"泰国不支持ADM2","Google地图绘制方式":"加载本GeoJSON到Google Maps Data图层","边界来源":"RTSD/OCHA衍生简化边界（canonical package）"},"geometry":{"type":"Polygon","coordinates":[[[99.72071171300007,8.301547801000027],[99.67456457900005,8.290136835000055],[99.66951060600007,8.222715615000027],[99.57948863600006,8.242140246000076],[99.47274606800005,8.197358876000067],[99.43350570000007,8.122898145000022],[99.52050747300007,8.14400422400007],[99.52449926000008,8.077787706000038],[99.60284263800008,7.983427509000023],[99.75308218200007,8.007832903000065],[99.74044621000007,7.926631396000062],[99.73789967700009,7.860885086000053],[99.82694837800005,7.9798374290000424],[99.78889376000006,8.013212502000044],[99.77117335600008,8.068411165000043],[99.80129466200003,8.200271091000047],[99.75730818000005,8.259605874000044],[99.72071171300007,8.301547801000027]]]}},{"type":"Feature","id":"TH8608","properties":{"国家代码":"TH","行政层级":2,"行政层级中文":"县/曼谷区","行政区代码":"8608","上级行政区代码":"86","中文名称":"通达戈县","泰文名称":"ทุ่งตะโก","英文名称":"Thung Tako","中文显示名":"通达戈县","中文名状态":"Wikidata已有中文名","边界状态":"可绘制","边界文件":"泰国_ADM2_县区边界.geojson","边界要素ID":"TH8608","边界坐标系":"WGS84 / EPSG:4326","边界数据时点":"2019-02-21","Google原生边界支持":"泰国不支持ADM2","Google地图绘制方式":"加载本GeoJSON到Google Maps Data图层","边界来源":"RTSD/OCHA衍生简化边界（canonical package）"},"geometry":{"type":"Polygon","coordinates":[[[99.17548061500008,10.171594953000067],[99.08462152100009,10.16788308300005],[98.92934159600009,10.11497372100007],[98.92263888400004,10.068939674000035],[98.94225244000006,10.013170485000046],[99.04039625900003,10.05249770100005],[99.11451083100008,10.02085071600004],[99.15445901000004,10.064886533000049],[99.17548061500008,10.171594953000067]]]}},{"type":"Feature","id":"TH9106","properties":{"国家代码":"TH","行政层级":2,"行政层级中文":"县/曼谷区","行政区代码":"9106","上级行政区代码":"91","中文名称":"童哇县","泰文名称":"ทุ่งหว้า","英文名称":"Thung Wa","中文显示名":"童哇县","中文名状态":"Wikidata已有中文名","边界状态":"可绘制","边界文件":"泰国_ADM2_县区边界.geojson","边界要素ID":"TH9106","边界坐标系":"WGS84 / EPSG:4326","边界数据时点":"2019-02-21","Google原生边界支持":"泰国不支持ADM2","Google地图绘制方式":"加载本GeoJSON到Google Maps Data图层","边界来源":"RTSD/OCHA衍生简化边界（canonical package）"},"geometry":{"type":"Polygon","coordinates":[[[99.94856212600007,7.203698755000062],[99.83126926700004,7.138032037000073],[99.73933561800004,7.131864303000043],[99.66990214700007,7.040738822000037],[99.68803674500003,6.971805391000032],[99.74563428000005,6.957243953000045],[99.78363189900006,7.012168605000056],[99.84708873600005,7.006718533000026],[99.87445179000008,7.079448073000037],[99.94812364200004,7.101188786000023],[99.99216811600007,7.066927777000046],[100.02822832700008,7.090332414000045],[99.95808786500004,7.199451934000024],[99.94856212600007,7.203698755000062]]]}},{"type":"Feature","id":"TH8011","properties":{"国家代码":"TH","行政层级":2,"行政层级中文":"县/曼谷区","行政区代码":"8011","上级行政区代码":"80","中文名称":"通艾县","泰文名称":"ทุ่งใหญ่","英文名称":"Thung Yai","中文显示名":"通艾县","中文名状态":"Wikidata已有中文名","边界状态":"可绘制","边界文件":"泰国_ADM2_县区边界.geojson","边界要素ID":"TH8011","边界坐标系":"WGS84 / EPSG:4326","边界数据时点":"2019-02-21","Google原生边界支持":"泰国不支持ADM2","Google地图绘制方式":"加载本GeoJSON到Google Maps Data图层","边界来源":"RTSD/OCHA衍生简化边界（canonical package）"},"geometry":{"type":"Polygon","coordinates":[[[99.29343487000006,8.47073398200007],[99.23450359400005,8.385845276000055],[99.29035990300008,8.312564330000043],[99.33103207800008,8.290466590000051],[99.29643941900008,8.132072021000056],[99.39166637100004,8.109850334000043],[99.43350570000007,8.122898145000022],[99.47274606800005,8.197358876000067],[99.48019417500007,8.364710759000047],[99.42041013100004,8.412078463000057],[99.31266837000004,8.423277922000068],[99.29343487000006,8.47073398200007]]]}},{"type":"Feature","id":"TH9406","properties":{"国家代码":"TH","行政层级":2,"行政层级中文":"县/曼谷区","行政区代码":"9406","上级行政区代码":"94","中文名称":"通央莲县","泰文名称":"ทุ่งยางแดง","英文名称":"Thung Yang Daeng","中文显示名":"通央莲县","中文名状态":"Wikidata已有中文名","边界状态":"可绘制","边界文件":"泰国_ADM2_县区边界.geojson","边界要素ID":"TH9406","边界坐标系":"WGS84 / EPSG:4326","边界数据时点":"2019-02-21","Google原生边界支持":"泰国不支持ADM2","Google地图绘制方式":"加载本GeoJSON到Google Maps Data图层","边界来源":"RTSD/OCHA衍生简化边界（canonical package）"},"geometry":{"type":"Polygon","coordinates":[[[101.51070959100008,6.675923386000022],[101.48665708100003,6.7126176060000375],[101.37263981300003,6.599366802000077],[101.38244364100007,6.569576460000064],[101.50236486500006,6.603703730000063],[101.51070959100008,6.675923386000022]]]}},{"type":"Feature","id":"TH3411","properties":{"国家代码":"TH","行政层级":2,"行政层级中文":"县/曼谷区","行政区代码":"3411","上级行政区代码":"34","中文名称":"达拉干坡蓬县","泰文名称":"ตระการพืชผล","英文名称":"Trakan Phuet Phon","中文显示名":"达拉干坡蓬县","中文名状态":"Wikidata已有中文名","边界状态":"可绘制","边界文件":"泰国_ADM2_县区边界.geojson","边界要素ID":"TH3411","边界坐标系":"WGS84 / EPSG:4326","边界数据时点":"2019-02-21","Google原生边界支持":"泰国不支持ADM2","Google地图绘制方式":"加载本GeoJSON到Google Maps Data图层","边界来源":"RTSD/OCHA衍生简化边界（canonical package）"},"geometry":{"type":"Polygon","coordinates":[[[105.25110982700005,15.713426680000055],[105.16527599500006,15.773853217000067],[104.98592812500004,15.727139617000034],[104.90739223900005,15.761424343000044],[104.90395328300008,15.748584701000027],[104.89493616000004,15.65352426800007],[104.93314208500004,15.640393321000033],[104.88754400700009,15.545026620000044],[104.94264127500008,15.487881263000077],[105.01299525100006,15.485548337000068],[105.05911703400005,15.420938014000058],[105.19133946900007,15.486401385000022],[105.19760919700008,15.617365242000062],[105.25110982700005,15.713426680000055]]]}},{"type":"Feature","id":"TH5302","properties":{"国家代码":"TH","行政层级":2,"行政层级中文":"县/曼谷区","行政区代码":"5302","上级行政区代码":"53","中文名称":"德伦县","泰文名称":"ตรอน","英文名称":"Tron","中文显示名":"德伦县","中文名状态":"Wikidata已有中文名","边界状态":"可绘制","边界文件":"泰国_ADM2_县区边界.geojson","边界要素ID":"TH5302","边界坐标系":"WGS84 / EPSG:4326","边界数据时点":"2019-02-21","Google原生边界支持":"泰国不支持ADM2","Google地图绘制方式":"加载本GeoJSON到Google Maps Data图层","边界来源":"RTSD/OCHA衍生简化边界（canonical package）"},"geometry":{"type":"Polygon","coordinates":[[[100.19852875000004,17.539948717000073],[100.08024985800006,17.511647835000076],[100.01450590800005,17.480360243000064],[99.94231236600007,17.53633609800005],[99.92835011000005,17.521415250000075],[100.02101240200005,17.42421277400007],[100.25391289800007,17.40266027900003],[100.24581578800007,17.494373822000057],[100.19852875000004,17.539948717000073]]]}},{"type":"Feature","id":"TH7209","properties":{"国家代码":"TH","行政层级":2,"行政层级中文":"县/曼谷区","行政区代码":"7209","上级行政区代码":"72","中文名称":"乌通县","泰文名称":"อู่ทอง","英文名称":"U Thong","中文显示名":"乌通县","中文名状态":"Wikidata已有中文名","边界状态":"可绘制","边界文件":"泰国_ADM2_县区边界.geojson","边界要素ID":"TH7209","边界坐标系":"WGS84 / EPSG:4326","边界数据时点":"2019-02-21","Google原生边界支持":"泰国不支持ADM2","Google地图绘制方式":"加载本GeoJSON到Google Maps Data图层","边界来源":"RTSD/OCHA衍生简化边界（canonical package）"},"geometry":{"type":"Polygon","coordinates":[[[99.82129183600006,14.635297738000077],[99.79485565000004,14.54628481900005],[99.82928877400008,14.500375387000076],[99.81878099300008,14.38111811300007],[99.82852159500004,14.275251739000055],[99.81290715700004,14.228791614000045],[99.97932415900004,14.233175670000037],[99.97542250800007,14.340758214000061],[99.94755333900008,14.417640551000034],[99.96833311900008,14.482951661000072],[99.91870657600003,14.594945880000068],[99.82129183600006,14.635297738000077]]]}},{"type":"Feature","id":"TH4008","properties":{"国家代码":"TH","行政层级":2,"行政层级中文":"县/曼谷区","行政区代码":"4008","上级行政区代码":"40","中文名称":"乌邦拉县","泰文名称":"อุบลรัตน์","英文名称":"Ubolratana","中文显示名":"乌邦拉县","中文名状态":"Wikidata已有中文名","边界状态":"可绘制","边界文件":"泰国_ADM2_县区边界.geojson","边界要素ID":"TH4008","边界坐标系":"WGS84 / EPSG:4326","边界数据时点":"2019-02-21","Google原生边界支持":"泰国不支持ADM2","Google地图绘制方式":"加载本GeoJSON到Google Maps Data图层","边界来源":"RTSD/OCHA衍生简化边界（canonical package）"},"geometry":{"type":"Polygon","coordinates":[[[102.73243443400008,16.818465639000067],[102.73870891100006,16.937103112000045],[102.67899023600006,16.966093427000033],[102.60615611600008,16.771996036000075],[102.55818271400005,16.62356221300007],[102.57633493000009,16.627315444000033],[102.62085724600007,16.660354038000037],[102.69702715100004,16.633401453000033],[102.71856961900005,16.636692037000046],[102.75158846400006,16.726077683000028],[102.73243443400008,16.818465639000067]]]}},{"type":"Feature","id":"TH6308","properties":{"国家代码":"TH","行政层级":2,"行政层级中文":"县/曼谷区","行政区代码":"6308","上级行政区代码":"63","中文名称":"翁庞县","泰文名称":"อุ้มผาง","英文名称":"Um Phang","中文显示名":"翁庞县","中文名状态":"Wikidata已有中文名","边界状态":"可绘制","边界文件":"泰国_ADM2_县区边界.geojson","边界要素ID":"TH6308","边界坐标系":"WGS84 / EPSG:4326","边界数据时点":"2019-02-21","Google原生边界支持":"泰国不支持ADM2","Google地图绘制方式":"加载本GeoJSON到Google Maps Data图层","边界来源":"RTSD/OCHA衍生简化边界（canonical package）"},"geometry":{"type":"Polygon","coordinates":[[[99.02672961200005,16.382944835000046],[98.91869017300007,16.384181902000023],[98.93163627100006,16.329378950000034],[98.85206493700008,16.219506657000068],[98.84785320000003,16.12772262200002],[98.70160930500003,16.135943659000077],[98.60798400900006,16.04296551300007],[98.61056764300008,15.876277849000076],[98.54669972200008,15.682121431000041],[98.55777965600004,15.652479867000068],[98.64861585800008,15.632502720000048],[98.76075698800008,15.470500644000026],[98.75455476000008,15.441755886000067],[98.87086460100005,15.324801179000076],[98.88626122400007,15.275066768000045],[98.95555765300008,15.246997434000036],[98.98400297400008,15.179953423000029],[99.03813539500004,15.288099755000076],[99.07857476500004,15.498684080000032],[99.05111687300007,15.563055348000034],[99.09426256300009,15.583163125000056],[99.13827860400005,15.73053615300006],[99.13369905300004,15.798261423000042],[99.08612096900004,15.884496026000022],[99.10840386700005,16.085286430000053],[99.05188231100004,16.135387854000044],[99.07969189300007,16.217865760000052],[99.02672961200005,16.382944835000046]]]}},{"type":"Feature","id":"TH1414","properties":{"国家代码":"TH","行政层级":2,"行政层级中文":"县/曼谷区","行政区代码":"1414","上级行政区代码":"14","中文名称":"乌泰县","泰文名称":"อุทัย","英文名称":"Uthai","中文显示名":"乌泰县","中文名状态":"Wikidata已有中文名","边界状态":"可绘制","边界文件":"泰国_ADM2_县区边界.geojson","边界要素ID":"TH1414","边界坐标系":"WGS84 / EPSG:4326","边界数据时点":"2019-02-21","Google原生边界支持":"泰国不支持ADM2","Google地图绘制方式":"加载本GeoJSON到Google Maps Data图层","边界来源":"RTSD/OCHA衍生简化边界（canonical package）"},"geometry":{"type":"Polygon","coordinates":[[[100.78677699600007,14.370244253000067],[100.66018661900006,14.41602944400006],[100.61463845400004,14.393230106000033],[100.62970402600007,14.323369060000061],[100.68283819300007,14.299062724000066],[100.77550453200007,14.318618553000022],[100.78677699600007,14.370244253000067]]]}},{"type":"Feature","id":"TH3310","properties":{"国家代码":"TH","行政层级":2,"行政层级中文":"县/曼谷区","行政区代码":"3310","上级行政区代码":"33","中文名称":"乌统蓬披赛县","泰文名称":"อุทุมพรพิสัย","英文名称":"Uthumphon Phisai","中文显示名":"乌统蓬披赛县","中文名状态":"Wikidata已有中文名","边界状态":"可绘制","边界文件":"泰国_ADM2_县区边界.geojson","边界要素ID":"TH3310","边界坐标系":"WGS84 / EPSG:4326","边界数据时点":"2019-02-21","Google原生边界支持":"泰国不支持ADM2","Google地图绘制方式":"加载本GeoJSON到Google Maps Data图层","边界来源":"RTSD/OCHA衍生简化边界（canonical package）"},"geometry":{"type":"Polygon","coordinates":[[[104.24533577300008,15.226511735000031],[104.11439532500003,15.281854687000077],[104.09621298100006,15.276429241000073],[104.12782613600007,15.263140772000042],[104.09391720800005,15.163167189000035],[104.05175455100004,15.131823348000069],[104.09619798900007,15.058561179000037],[104.09484664300004,14.938202029000024],[104.12534540400009,14.94471984200004],[104.11621420500006,14.983991768000067],[104.21769352600006,15.051570297000069],[104.26826777900004,15.109168629000067],[104.24533577300008,15.226511735000031]]]}},{"type":"Feature","id":"TH1039","properties":{"国家代码":"TH","行政层级":2,"行政层级中文":"县/曼谷区","行政区代码":"1039","上级行政区代码":"10","中文名称":"宛他那县","泰文名称":"วัฒนา","英文名称":"Watthana","中文显示名":"宛他那县","中文名状态":"Wikidata已有中文名","边界状态":"可绘制","边界文件":"泰国_ADM2_县区边界.geojson","边界要素ID":"TH1039","边界坐标系":"WGS84 / EPSG:4326","边界数据时点":"2019-02-21","Google原生边界支持":"泰国不支持ADM2","Google地图绘制方式":"加载本GeoJSON到Google Maps Data图层","边界来源":"RTSD/OCHA衍生简化边界（canonical package）"},"geometry":{"type":"Polygon","coordinates":[[[100.56329744400006,13.747890403000042],[100.55007543800008,13.748403346000032],[100.55069532700008,13.742848937000076],[100.60165893700008,13.704666227000075],[100.60574255000006,13.706509271000073],[100.59815193000009,13.741144634000023],[100.56329744400006,13.747890403000042]]]}},{"type":"Feature","id":"TH8419","properties":{"国家代码":"TH","行政层级":2,"行政层级中文":"县/曼谷区","行政区代码":"8419","上级行政区代码":"84","中文名称":"威巴瓦迪县","泰文名称":"วิภาวดี","英文名称":"Chai Buri","中文显示名":"威巴瓦迪县","中文名状态":"Wikidata已有中文名","边界状态":"可绘制","边界文件":"泰国_ADM2_县区边界.geojson","边界要素ID":"TH8419","边界坐标系":"WGS84 / EPSG:4326","边界数据时点":"2019-02-21","Google原生边界支持":"泰国不支持ADM2","Google地图绘制方式":"加载本GeoJSON到Google Maps Data图层","边界来源":"RTSD/OCHA衍生简化边界（canonical package）"},"geometry":{"type":"Polygon","coordinates":[[[99.01928868200008,9.201066242000024],[98.91236807300004,9.302596403000052],[98.70246360400006,9.317550398000037],[98.66944663000004,9.36069879400003],[98.65609745700004,9.347673159000067],[98.66123928100006,9.30179294900006],[98.77099222800007,9.204723021000063],[99.02655700100007,9.12842751200003],[99.01928868200008,9.201066242000024]]]}},{"type":"Feature","id":"TH6612","properties":{"国家代码":"TH","行政层级":2,"行政层级中文":"县/曼谷区","行政区代码":"6612","上级行政区代码":"66","中文名称":"瓦栖拉巴拉米县","泰文名称":"วชิรบารมี","英文名称":"Wachirabarami","中文显示名":"瓦栖拉巴拉米县","中文名状态":"Wikidata已有中文名","边界状态":"可绘制","边界文件":"泰国_ADM2_县区边界.geojson","边界要素ID":"TH6612","边界坐标系":"WGS84 / EPSG:4326","边界数据时点":"2019-02-21","Google原生边界支持":"泰国不支持ADM2","Google地图绘制方式":"加载本GeoJSON到Google Maps Data图层","边界来源":"RTSD/OCHA衍生简化边界（canonical package）"},"geometry":{"type":"Polygon","coordinates":[[[100.17050382900004,16.590525128000024],[100.11865148800007,16.614071900000056],[100.01378001800003,16.574208663000036],[100.03466242900004,16.502250434000075],[99.99383106800008,16.43500653500007],[100.17194069100003,16.447208599000078],[100.19602490000005,16.556555713000023],[100.17050382900004,16.590525128000024]]]}},{"type":"Feature","id":"TH9608","properties":{"国家代码":"TH","行政层级":2,"行政层级中文":"县/曼谷区","行政区代码":"9608","上级行政区代码":"96","中文名称":"汪头县","泰文名称":"แว้ง","英文名称":"Waeng","中文显示名":"汪头县","中文名状态":"Wikidata已有中文名","边界状态":"可绘制","边界文件":"泰国_ADM2_县区边界.geojson","边界要素ID":"TH9608","边界坐标系":"WGS84 / EPSG:4326","边界数据时点":"2019-02-21","Google原生边界支持":"泰国不支持ADM2","Google地图绘制方式":"加载本GeoJSON到Google Maps Data图层","边界来源":"RTSD/OCHA衍生简化边界（canonical package）"},"geometry":{"type":"Polygon","coordinates":[[[101.82516801800006,5.767311993000021],[101.94320512600007,5.872064641000065],[101.94816826500005,5.990587145000063],[101.92456490800004,6.015719499000056],[101.80981812700009,5.97719889800004],[101.79542202600004,5.869658564000076],[101.82516801800006,5.767311993000021]]]}},{"type":"Feature","id":"TH4014","properties":{"国家代码":"TH","行政层级":2,"行政层级中文":"县/曼谷区","行政区代码":"4014","上级行政区代码":"40","中文名称":"文内县","泰文名称":"แวงน้อย","英文名称":"Waeng Noi","中文显示名":"文内县","中文名状态":"Wikidata已有中文名","边界状态":"可绘制","边界文件":"泰国_ADM2_县区边界.geojson","边界要素ID":"TH4014","边界坐标系":"WGS84 / EPSG:4326","边界数据时点":"2019-02-21","Google原生边界支持":"泰国不支持ADM2","Google地图绘制方式":"加载本GeoJSON到Google Maps Data图层","边界来源":"RTSD/OCHA衍生简化边界（canonical package）"},"geometry":{"type":"Polygon","coordinates":[[[102.51645089400006,15.881118315000037],[102.42471439900004,15.871887280000067],[102.35336161300006,15.90084683200007],[102.32756241300007,15.803414540000063],[102.36278951800006,15.729769327000042],[102.42069466900006,15.69505154500007],[102.45325139100004,15.716650874000038],[102.50647448300003,15.786546740000063],[102.51645089400006,15.881118315000037]]]}},{"type":"Feature","id":"TH4013","properties":{"国家代码":"TH","行政层级":2,"行政层级中文":"县/曼谷区","行政区代码":"4013","上级行政区代码":"40","中文名称":"文艾县","泰文名称":"แวงใหญ่","英文名称":"Waeng Yai","中文显示名":"文艾县","中文名状态":"Wikidata已有中文名","边界状态":"可绘制","边界文件":"泰国_ADM2_县区边界.geojson","边界要素ID":"TH4013","边界坐标系":"WGS84 / EPSG:4326","边界数据时点":"2019-02-21","Google原生边界支持":"泰国不支持ADM2","Google地图绘制方式":"加载本GeoJSON到Google Maps Data图层","边界来源":"RTSD/OCHA衍生简化边界（canonical package）"},"geometry":{"type":"Polygon","coordinates":[[[102.42689817700006,15.994839976000037],[102.38520413200007,15.985892602000035],[102.35336161300006,15.90084683200007],[102.42471439900004,15.871887280000067],[102.51645089400006,15.881118315000037],[102.57144427300005,15.932870706000074],[102.54678489300005,15.970185264000065],[102.42689817700006,15.994839976000037]]]}},{"type":"Feature","id":"TH4906","properties":{"国家代码":"TH","行政层级":2,"行政层级中文":"县/曼谷区","行政区代码":"4906","上级行政区代码":"49","中文名称":"万艾县","泰文名称":"หว้านใหญ่","英文名称":"Wan Yai","中文显示名":"万艾县","中文名状态":"Wikidata已有中文名","边界状态":"可绘制","边界文件":"泰国_ADM2_县区边界.geojson","边界要素ID":"TH4906","边界坐标系":"WGS84 / EPSG:4326","边界数据时点":"2019-02-21","Google原生边界支持":"泰国不支持ADM2","Google地图绘制方式":"加载本GeoJSON到Google Maps Data图层","边界来源":"RTSD/OCHA衍生简化边界（canonical package）"},"geometry":{"type":"Polygon","coordinates":[[[104.73726180000006,16.80471362800006],[104.69235618900007,16.79042377600007],[104.69362332200006,16.649691850000067],[104.74233543100007,16.626180987000055],[104.76295400100008,16.691166730000077],[104.73726180000006,16.80471362800006]]]}},{"type":"Feature","id":"TH2104","properties":{"国家代码":"TH","行政层级":2,"行政层级中文":"县/曼谷区","行政区代码":"2104","上级行政区代码":"21","中文名称":"旺占县","泰文名称":"วังจันทร์","英文名称":"Wang Chan","中文显示名":"旺占县","中文名状态":"Wikidata已有中文名","边界状态":"可绘制","边界文件":"泰国_ADM2_县区边界.geojson","边界要素ID":"TH2104","边界坐标系":"WGS84 / EPSG:4326","边界数据时点":"2019-02-21","Google原生边界支持":"泰国不支持ADM2","Google地图绘制方式":"加载本GeoJSON到Google Maps Data图层","边界来源":"RTSD/OCHA衍生简化边界（canonical package）"},"geometry":{"type":"Polygon","coordinates":[[[101.56852229600008,12.978845657000022],[101.60142895200005,13.029114948000029],[101.57810664400006,13.109208266000053],[101.54680297500005,13.07251800000006],[101.39409159900003,13.024810699000057],[101.41593846100005,12.96896208000004],[101.49247373900005,12.936273905000064],[101.48163779900005,12.867564241000025],[101.50614350200004,12.848644683000032],[101.60234557700005,12.872909953000033],[101.56852229600008,12.978845657000022]]]}},{"type":"Feature","id":"TH6309","properties":{"国家代码":"TH","行政层级":2,"行政层级中文":"县/曼谷区","行政区代码":"6309","上级行政区代码":"63","中文名称":"旺藻县","泰文名称":"วังเจ้า","英文名称":"Wang Chao","中文显示名":"旺藻县","中文名状态":"Wikidata已有中文名","边界状态":"可绘制","边界文件":"泰国_ADM2_县区边界.geojson","边界要素ID":"TH6309","边界坐标系":"WGS84 / EPSG:4326","边界数据时点":"2019-02-21","Google原生边界支持":"泰国不支持ADM2","Google地图绘制方式":"加载本GeoJSON到Google Maps Data图层","边界来源":"RTSD/OCHA衍生简化边界（canonical package）"},"geometry":{"type":"Polygon","coordinates":[[[99.27139435400005,16.684695316000045],[99.14791159500004,16.790723139000022],[99.02989063100006,16.703520316000038],[99.03337920100006,16.586959689000025],[98.96854447400005,16.56264955000006],[99.03729540300009,16.486059647000047],[99.03384129200003,16.430375182000034],[99.18052218600008,16.532450109000024],[99.24053394900005,16.534145688000024],[99.27139435400005,16.684695316000045]]]}},{"type":"Feature","id":"TH5407","properties":{"国家代码":"TH","行政层级":2,"行政层级中文":"县/曼谷区","行政区代码":"5407","上级行政区代码":"54","中文名称":"旺钦县","泰文名称":"วังชิ้น","英文名称":"Wang Chin","中文显示名":"旺钦县","中文名状态":"Wikidata已有中文名","边界状态":"可绘制","边界文件":"泰国_ADM2_县区边界.geojson","边界要素ID":"TH5407","边界坐标系":"WGS84 / EPSG:4326","边界数据时点":"2019-02-21","Google原生边界支持":"泰国不支持ADM2","Google地图绘制方式":"加载本GeoJSON到Google Maps Data图层","边界来源":"RTSD/OCHA衍生简化边界（canonical package）"},"geometry":{"type":"Polygon","coordinates":[[[99.66882569900008,18.041677436000043],[99.48303666200007,17.920189523000033],[99.36757282600007,17.773487857000077],[99.38720594500006,17.687556630000074],[99.47105082100006,17.73786806100003],[99.51927372800009,17.797552389000032],[99.59846545700003,17.821580273000052],[99.67069502200007,17.79925189200003],[99.72629227100003,17.72151345800006],[99.80354330500006,17.800368411000022],[99.89449126700003,17.807192434000058],[99.93614492100005,17.854186190000064],[99.87680672400006,17.925381531000028],[99.63515387300004,17.91042224000006],[99.68935897900008,18.008001877000027],[99.66882569900008,18.041677436000043]]]}},{"type":"Feature","id":"TH3316","properties":{"国家代码":"TH","行政层级":2,"行政层级中文":"县/曼谷区","行政区代码":"3316","上级行政区代码":"33","中文名称":"旺欣县","泰文名称":"วังหิน","英文名称":"Wang Hin","中文显示名":"旺欣县","中文名状态":"Wikidata已有中文名","边界状态":"可绘制","边界文件":"泰国_ADM2_县区边界.geojson","边界要素ID":"TH3316","边界坐标系":"WGS84 / EPSG:4326","边界数据时点":"2019-02-21","Google原生边界支持":"泰国不支持ADM2","Google地图绘制方式":"加载本GeoJSON到Google Maps Data图层","边界来源":"RTSD/OCHA衍生简化边界（canonical package）"},"geometry":{"type":"Polygon","coordinates":[[[104.21769352600006,15.051570297000069],[104.11621420500006,14.983991768000067],[104.12534540400009,14.94471984200004],[104.13756972200008,14.899961311000027],[104.29340360800006,14.887320812000041],[104.30057914800005,14.887146132000055],[104.30074577700009,14.962955613000076],[104.21769352600006,15.051570297000069]]]}},{"type":"Feature","id":"TH1912","properties":{"国家代码":"TH","行政层级":2,"行政层级中文":"县/曼谷区","行政区代码":"1912","上级行政区代码":"19","中文名称":"旺孟县","泰文名称":"วังม่วง","英文名称":"Wang Muang","中文显示名":"旺孟县","中文名状态":"Wikidata已有中文名","边界状态":"可绘制","边界文件":"泰国_ADM2_县区边界.geojson","边界要素ID":"TH1912","边界坐标系":"WGS84 / EPSG:4326","边界数据时点":"2019-02-21","Google原生边界支持":"泰国不支持ADM2","Google地图绘制方式":"加载本GeoJSON到Google Maps Data图层","边界来源":"RTSD/OCHA衍生简化边界（canonical package）"},"geometry":{"type":"Polygon","coordinates":[[[101.21931341200008,14.919249235000052],[101.09706470300006,14.908787693000022],[101.06098292100006,14.759725925000055],[101.07543917700008,14.730676333000076],[101.11390839600006,14.699853913000027],[101.22823124300004,14.834768051000026],[101.21931341200008,14.919249235000052]]]}},{"type":"Feature","id":"TH3025","properties":{"国家代码":"TH","行政层级":2,"行政层级中文":"县/曼谷区","行政区代码":"3025","上级行政区代码":"30","中文名称":"旺南胶县","泰文名称":"วังน้ำเขียว","英文名称":"Wang Nam Khiao","中文显示名":"旺南胶县","中文名状态":"Wikidata已有中文名","边界状态":"可绘制","边界文件":"泰国_ADM2_县区边界.geojson","边界要素ID":"TH3025","边界坐标系":"WGS84 / EPSG:4326","边界数据时点":"2019-02-21","Google原生边界支持":"泰国不支持ADM2","Google地图绘制方式":"加载本GeoJSON到Google Maps Data图层","边界来源":"RTSD/OCHA衍生简化边界（canonical package）"},"geometry":{"type":"Polygon","coordinates":[[[102.04732133500005,14.545312240000044],[101.99543023000007,14.583403372000078],[101.87379178200007,14.49996483700005],[101.76442005200005,14.51824901200007],[101.78715111000008,14.608526849000043],[101.73233027200007,14.644260046000056],[101.68923895300009,14.572650794000026],[101.73895977100005,14.498196147000044],[101.71660105800004,14.455367241000033],[101.64575352000008,14.485776625000028],[101.62278523200007,14.42772321800004],[101.64896708500004,14.392524232000028],[101.74154679000009,14.308390174000067],[101.74702756200008,14.346790167000051],[101.93042532200008,14.326302144000067],[101.96655498700005,14.227819210000064],[102.06602455000007,14.348795825000025],[102.04732133500005,14.545312240000044]]]}},{"type":"Feature","id":"TH2704","properties":{"国家代码":"TH","行政层级":2,"行政层级中文":"县/曼谷区","行政区代码":"2704","上级行政区代码":"27","中文名称":"旺南延县","泰文名称":"วังน้ำเย็น","英文名称":"Wang Nam Yen","中文显示名":"旺南延县","中文名状态":"Wikidata已有中文名","边界状态":"可绘制","边界文件":"泰国_ADM2_县区边界.geojson","边界要素ID":"TH2704","边界坐标系":"WGS84 / EPSG:4326","边界数据时点":"2019-02-21","Google原生边界支持":"泰国不支持ADM2","Google地图绘制方式":"加载本GeoJSON到Google Maps Data图层","边界来源":"RTSD/OCHA衍生简化边界（canonical package）"},"geometry":{"type":"Polygon","coordinates":[[[102.15305501700004,13.651773024000022],[102.08297613100007,13.632220227000062],[102.09724379700003,13.58129235000007],[101.99998200400006,13.557635646000051],[101.93717280700008,13.47798655500003],[101.95198809600004,13.432540079000034],[102.14297145500007,13.44918569300006],[102.21863834900006,13.480772759000047],[102.15353060600006,13.612438908000058],[102.15305501700004,13.651773024000022]]]}},{"type":"Feature","id":"TH1411","properties":{"国家代码":"TH","行政层级":2,"行政层级中文":"县/曼谷区","行政区代码":"1411","上级行政区代码":"14","中文名称":"旺内县","泰文名称":"วังน้อย","英文名称":"Wang Noi","中文显示名":"旺内县","中文名状态":"Wikidata已有中文名","边界状态":"可绘制","边界文件":"泰国_ADM2_县区边界.geojson","边界要素ID":"TH1411","边界坐标系":"WGS84 / EPSG:4326","边界数据时点":"2019-02-21","Google原生边界支持":"泰国不支持ADM2","Google地图绘制方式":"加载本GeoJSON到Google Maps Data图层","边界来源":"RTSD/OCHA衍生简化边界（canonical package）"},"geometry":{"type":"Polygon","coordinates":[[[100.82149886400003,14.242746399000055],[100.82317983000007,14.329661398000042],[100.77550453200007,14.318618553000022],[100.68283819300007,14.299062724000066],[100.61967321000009,14.143122747000064],[100.75505067800003,14.211074445000065],[100.82149886400003,14.242746399000055]]]}},{"type":"Feature","id":"TH5207","properties":{"国家代码":"TH","行政层级":2,"行政层级中文":"县/曼谷区","行政区代码":"5207","上级行政区代码":"52","中文名称":"旺挪县","泰文名称":"วังเหนือ","英文名称":"Wang Nuea","中文显示名":"旺挪县","中文名状态":"Wikidata已有中文名","边界状态":"可绘制","边界文件":"泰国_ADM2_县区边界.geojson","边界要素ID":"TH5207","边界坐标系":"WGS84 / EPSG:4326","边界数据时点":"2019-02-21","Google原生边界支持":"泰国不支持ADM2","Google地图绘制方式":"加载本GeoJSON到Google Maps Data图层","边界来源":"RTSD/OCHA衍生简化边界（canonical package）"},"geometry":{"type":"Polygon","coordinates":[[[99.69361542700005,19.382684187000052],[99.56537606200004,19.417657702000042],[99.58041768600003,19.312033255000074],[99.55243434400006,19.25718806900005],[99.55945100400004,19.131026021000025],[99.52560412800005,19.076851488000045],[99.55974797300007,18.94853228000005],[99.61354152500007,18.898860183000068],[99.66777283600004,18.97665304900005],[99.75675699700008,18.97610786100006],[99.77327042900004,19.06421116300004],[99.72613930800009,19.169888379000042],[99.70428217100005,19.322295203000067],[99.69361542700005,19.382684187000052]]]}},{"type":"Feature","id":"TH6710","properties":{"国家代码":"TH","行政层级":2,"行政层级中文":"县/曼谷区","行政区代码":"6710","上级行政区代码":"67","中文名称":"旺邦县","泰文名称":"วังโป่ง","英文名称":"Wang Pong","中文显示名":"旺邦县","中文名状态":"Wikidata已有中文名","边界状态":"可绘制","边界文件":"泰国_ADM2_县区边界.geojson","边界要素ID":"TH6710","边界坐标系":"WGS84 / EPSG:4326","边界数据时点":"2019-02-21","Google原生边界支持":"泰国不支持ADM2","Google地图绘制方式":"加载本GeoJSON到Google Maps Data图层","边界来源":"RTSD/OCHA衍生简化边界（canonical package）"},"geometry":{"type":"Polygon","coordinates":[[[100.80544148700005,16.44842962000007],[100.70869051900007,16.419132569000055],[100.65145192700004,16.320786549000047],[100.71811169700004,16.256592200000057],[100.82326315800003,16.284470233000036],[100.86430827800007,16.33154797000003],[100.94206206400008,16.308623728000043],[100.98224343500004,16.38126530900007],[100.88581626600006,16.442658811000058],[100.80544148700005,16.44842962000007]]]}},{"type":"Feature","id":"TH6602","properties":{"国家代码":"TH","行政层级":2,"行政层级中文":"县/曼谷区","行政区代码":"6602","上级行政区代码":"66","中文名称":"旺赛喷县","泰文名称":"วังทรายพูน","英文名称":"Wang Sai Phun","中文显示名":"旺赛喷县","中文名状态":"Wikidata已有中文名","边界状态":"可绘制","边界文件":"泰国_ADM2_县区边界.geojson","边界要素ID":"TH6602","边界坐标系":"WGS84 / EPSG:4326","边界数据时点":"2019-02-21","Google原生边界支持":"泰国不支持ADM2","Google地图绘制方式":"加载本GeoJSON到Google Maps Data图层","边界来源":"RTSD/OCHA衍生简化边界（canonical package）"},"geometry":{"type":"Polygon","coordinates":[[[100.56811760800008,16.459781835000058],[100.41499992800004,16.452990955000075],[100.52865019900008,16.37954938100006],[100.46677768500007,16.364137439000046],[100.48123948600005,16.29520532500004],[100.52042854700005,16.299231548000023],[100.62596781700006,16.318967930000042],[100.63311238600005,16.395987407000064],[100.56811760800008,16.459781835000058]]]}},{"type":"Feature","id":"TH4110","properties":{"国家代码":"TH","行政层级":2,"行政层级中文":"县/曼谷区","行政区代码":"4110","上级行政区代码":"41","中文名称":"旺三莫县","泰文名称":"วังสามหมอ","英文名称":"Wang Sam Mo","中文显示名":"旺三莫县","中文名状态":"Wikidata已有中文名","边界状态":"可绘制","边界文件":"泰国_ADM2_县区边界.geojson","边界要素ID":"TH4110","边界坐标系":"WGS84 / EPSG:4326","边界数据时点":"2019-02-21","Google原生边界支持":"泰国不支持ADM2","Google地图绘制方式":"加载本GeoJSON到Google Maps Data图层","边界来源":"RTSD/OCHA衍生简化边界（canonical package）"},"geometry":{"type":"Polygon","coordinates":[[[103.61353067400006,17.15172246900005],[103.47025972500006,17.229916415000048],[103.44048773200007,17.213253829000053],[103.37281819200007,17.152702015000045],[103.31707040300006,16.980053398000052],[103.33011977600006,16.924071163000065],[103.40076142800007,16.854806452000048],[103.42162529600006,16.803074037000044],[103.49166146300007,16.907026579000046],[103.53019888300008,17.062729473000047],[103.62074341900006,17.092853047000062],[103.66212023000008,17.019615229000067],[103.64484206900005,17.114699504000043],[103.61353067400006,17.15172246900005]]]}},{"type":"Feature","id":"TH4209","properties":{"国家代码":"TH","行政层级":2,"行政层级中文":"县/曼谷区","行政区代码":"4209","上级行政区代码":"42","中文名称":"旺沙蓬县","泰文名称":"วังสะพุง","英文名称":"Wang Saphung","中文显示名":"旺沙蓬县","中文名状态":"Wikidata已有中文名","边界状态":"可绘制","边界文件":"泰国_ADM2_县区边界.geojson","边界要素ID":"TH4209","边界坐标系":"WGS84 / EPSG:4326","边界数据时点":"2019-02-21","Google原生边界支持":"泰国不支持ADM2","Google地图绘制方式":"加载本GeoJSON到Google Maps Data图层","边界来源":"RTSD/OCHA衍生简化边界（canonical package）"},"geometry":{"type":"Polygon","coordinates":[[[101.86471040600009,17.41759230400004],[101.79716640300006,17.37518095300004],[101.64000294100003,17.357448936000026],[101.53513933300007,17.441086633000054],[101.53121302300008,17.27609284700003],[101.47201555900006,17.28010312600003],[101.46971134000006,17.172201061000067],[101.60599906100003,17.169332949000022],[101.74992395900006,17.207603058000075],[101.78810188900007,17.18084512200005],[101.90976144000007,17.135308421000047],[101.98189076200003,17.154254949000062],[101.96078128100004,17.23987571200007],[101.90176735100005,17.279899371000056],[101.86471040600009,17.41759230400004]]]}},{"type":"Feature","id":"TH2709","properties":{"国家代码":"TH","行政层级":2,"行政层级中文":"县/曼谷区","行政区代码":"2709","上级行政区代码":"27","中文名称":"旺颂汶县","泰文名称":"วังสมบูรณ์","英文名称":"Wang Sombun","中文显示名":"旺颂汶县","中文名状态":"Wikidata已有中文名","边界状态":"可绘制","边界文件":"泰国_ADM2_县区边界.geojson","边界要素ID":"TH2709","边界坐标系":"WGS84 / EPSG:4326","边界数据时点":"2019-02-21","Google原生边界支持":"泰国不支持ADM2","Google地图绘制方式":"加载本GeoJSON到Google Maps Data图层","边界来源":"RTSD/OCHA衍生简化边界（canonical package）"},"geometry":{"type":"Polygon","coordinates":[[[102.28377653500007,13.303635412000062],[102.22265306100007,13.358029371000043],[102.21863834900006,13.480772759000047],[102.14297145500007,13.44918569300006],[101.95198809600004,13.432540079000034],[101.98890313500004,13.333254906000036],[102.02829049400003,13.236708263000025],[102.10344996800006,13.261590357000046],[102.13142311900003,13.336088321000034],[102.18865892300005,13.293062450000036],[102.28377653500007,13.303635412000062]]]}},{"type":"Feature","id":"TH6508","properties":{"国家代码":"TH","行政层级":2,"行政层级中文":"县/曼谷区","行政区代码":"6508","上级行政区代码":"65","中文名称":"旺通县","泰文名称":"วังทอง","英文名称":"Wang Thong","中文显示名":"旺通县","中文名状态":"Wikidata已有中文名","边界状态":"可绘制","边界文件":"泰国_ADM2_县区边界.geojson","边界要素ID":"TH6508","边界坐标系":"WGS84 / EPSG:4326","边界数据时点":"2019-02-21","Google原生边界支持":"泰国不支持ADM2","Google地图绘制方式":"加载本GeoJSON到Google Maps Data图层","边界来源":"RTSD/OCHA衍生简化边界（canonical package）"},"geometry":{"type":"Polygon","coordinates":[[[100.90300956800007,16.80177326000006],[100.77771007400008,16.879873915000076],[100.69811747000006,16.875496233000035],[100.59640942900006,17.059785866000027],[100.61068397000008,17.148522270000058],[100.52627748200007,17.100261169000078],[100.45286919400007,17.050462245000062],[100.48592578600005,16.97700386400004],[100.49941494800004,16.92594028600007],[100.30183481000006,16.788345339000045],[100.30439982300004,16.709289863000038],[100.41313840500004,16.654888329000073],[100.48442892200006,16.551798490000067],[100.57508382300006,16.58589813800006],[100.60205253600009,16.607415352000032],[100.55720926500004,16.718658878000042],[100.63233830900003,16.79573102200004],[100.87337564800004,16.711118189000047],[100.88622336200007,16.66649923400007],[100.94234073400008,16.681012054000064],[100.90300956800007,16.80177326000006]]]}},{"type":"Feature","id":"TH1045","properties":{"国家代码":"TH","行政层级":2,"行政层级中文":"县/曼谷区","行政区代码":"1045","上级行政区代码":"10","中文名称":"翁通郎縣","泰文名称":"วังทองหลาง","英文名称":"Wang Thong Lang","中文显示名":"翁通郎縣","中文名状态":"Wikidata已有中文名","边界状态":"可绘制","边界文件":"泰国_ADM2_县区边界.geojson","边界要素ID":"TH1045","边界坐标系":"WGS84 / EPSG:4326","边界数据时点":"2019-02-21","Google原生边界支持":"泰国不支持ADM2","Google地图绘制方式":"加载本GeoJSON到Google Maps Data图层","边界来源":"RTSD/OCHA衍生简化边界（canonical package）"},"geometry":{"type":"Polygon","coordinates":[[[100.61506420100005,13.799774373000048],[100.58838302000004,13.802839008000035],[100.60409512000007,13.751200633000053],[100.61506420100005,13.799774373000048]]]}},{"type":"Feature","id":"TH9207","properties":{"国家代码":"TH","行政层级":2,"行政层级中文":"县/曼谷区","行政区代码":"9207","上级行政区代码":"92","中文名称":"旺威社县","泰文名称":"วังวิเศษ","英文名称":"Wang Wiset","中文显示名":"旺威社县","中文名状态":"Wikidata已有中文名","边界状态":"可绘制","边界文件":"泰国_ADM2_县区边界.geojson","边界要素ID":"TH9207","边界坐标系":"WGS84 / EPSG:4326","边界数据时点":"2019-02-21","Google原生边界支持":"泰国不支持ADM2","Google地图绘制方式":"加载本GeoJSON到Google Maps Data图层","边界来源":"RTSD/OCHA衍生简化边界（canonical package）"},"geometry":{"type":"Polygon","coordinates":[[[99.43596893300008,7.87465885000006],[99.36522460200007,7.944966600000043],[99.33377463700003,7.9287921000000665],[99.29420194100004,7.825097650000032],[99.35980948000008,7.7867006890000425],[99.34357220900006,7.727763569000047],[99.38172831500003,7.616325644000028],[99.49226319900004,7.562935217000074],[99.46278812200006,7.608825802000069],[99.54898494200006,7.679373439000074],[99.54782658200008,7.732624496000028],[99.48502392700004,7.70262006400003],[99.43577679100008,7.7456162570000515],[99.43596893300008,7.87465885000006]]]}},{"type":"Feature","id":"TH4812","properties":{"国家代码":"TH","行政层级":2,"行政层级中文":"县/曼谷区","行政区代码":"4812","上级行政区代码":"48","中文名称":"旺扬县","泰文名称":"วังยาง","英文名称":"Wang Yang","中文显示名":"旺扬县","中文名状态":"Wikidata已有中文名","边界状态":"可绘制","边界文件":"泰国_ADM2_县区边界.geojson","边界要素ID":"TH4812","边界坐标系":"WGS84 / EPSG:4326","边界数据时点":"2019-02-21","Google原生边界支持":"泰国不支持ADM2","Google地图绘制方式":"加载本GeoJSON到Google Maps Data图层","边界来源":"RTSD/OCHA衍生简化边界（canonical package）"},"geometry":{"type":"Polygon","coordinates":[[[104.51716458600004,17.096843294000053],[104.40881935600004,17.138654186000053],[104.36236801700005,17.099424466000073],[104.39668693900006,17.034422492000033],[104.43108484800007,17.001508514000022],[104.52847583000005,17.05679157800006],[104.51716458600004,17.096843294000053]]]}},{"type":"Feature","id":"TH4708","properties":{"国家代码":"TH","行政层级":2,"行政层级中文":"县/曼谷区","行政区代码":"4708","上级行政区代码":"47","中文名称":"瓦暖尼瓦县","泰文名称":"วานรนิวาส","英文名称":"Wanon Niwat","中文显示名":"瓦暖尼瓦县","中文名状态":"Wikidata已有中文名","边界状态":"可绘制","边界文件":"泰国_ADM2_县区边界.geojson","边界要素ID":"TH4708","边界坐标系":"WGS84 / EPSG:4326","边界数据时点":"2019-02-21","Google原生边界支持":"泰国不支持ADM2","Google地图绘制方式":"加载本GeoJSON到Google Maps Data图层","边界来源":"RTSD/OCHA衍生简化边界（canonical package）"},"geometry":{"type":"Polygon","coordinates":[[[103.89959161900003,17.732769664000045],[103.79521470200007,17.773559138000053],[103.65778646900009,17.794882892000032],[103.63323929300009,17.826015263000045],[103.51173151700004,17.755355654000027],[103.57568216000004,17.72956558900006],[103.57714998400007,17.661676192000073],[103.67063153300006,17.578532017000043],[103.65411434600009,17.513033481000036],[103.66565890100009,17.434710289000066],[103.85722902000003,17.465376623000054],[103.87612133300007,17.46523127300003],[103.94454134100005,17.542759627000066],[103.89385127600008,17.58119840200004],[103.89959161900003,17.732769664000045]]]}},{"type":"Feature","id":"TH4409","properties":{"国家代码":"TH","行政层级":2,"行政层级中文":"县/曼谷区","行政区代码":"4409","上级行政区代码":"44","中文名称":"瓦比巴统县","泰文名称":"วาปีปทุม","英文名称":"Wapi Pathum","中文显示名":"瓦比巴统县","中文名状态":"Wikidata已有中文名","边界状态":"可绘制","边界文件":"泰国_ADM2_县区边界.geojson","边界要素ID":"TH4409","边界坐标系":"WGS84 / EPSG:4326","边界数据时点":"2019-02-21","Google原生边界支持":"泰国不支持ADM2","Google地图绘制方式":"加载本GeoJSON到Google Maps Data图层","边界来源":"RTSD/OCHA衍生简化边界（canonical package）"},"geometry":{"type":"Polygon","coordinates":[[[103.46333016400007,16.008819869000035],[103.33059166300006,15.981669448000048],[103.24878681200005,15.976036504000035],[103.26502266500006,15.920475363000037],[103.14948106500003,15.863682500000039],[103.17948014500007,15.801153819000035],[103.29094370100006,15.796232892000035],[103.34459867000004,15.717143891000035],[103.41310235300006,15.712489812000058],[103.41969100700004,15.720970601000033],[103.45719189900007,15.907954761000042],[103.48818795600005,15.931336466000062],[103.46333016400007,16.008819869000035]]]}},{"type":"Feature","id":"TH3415","properties":{"国家代码":"TH","行政层级":2,"行政层级中文":"县/曼谷区","行政区代码":"3415","上级行政区代码":"34","中文名称":"瓦林昌拉县","泰文名称":"วารินชำราบ","英文名称":"Warin Chamrap","中文显示名":"瓦林昌拉县","中文名状态":"Wikidata已有中文名","边界状态":"可绘制","边界文件":"泰国_ADM2_县区边界.geojson","边界要素ID":"TH3415","边界坐标系":"WGS84 / EPSG:4326","边界数据时点":"2019-02-21","Google原生边界支持":"泰国不支持ADM2","Google地图绘制方式":"加载本GeoJSON到Google Maps Data图层","边界来源":"RTSD/OCHA衍生简化边界（canonical package）"},"geometry":{"type":"Polygon","coordinates":[[[104.94115798200005,15.23358479600006],[104.83356246400007,15.204942699000071],[104.79229222100008,15.241946949000067],[104.71420010500009,15.182596922000073],[104.68617225300005,15.07066756000006],[104.76556716300007,15.082479157000023],[104.88747735700008,15.046598699000072],[104.85830167100005,14.986451376000048],[104.90460163000006,14.942308282000056],[104.97239875600008,15.039490629000056],[104.99210934700005,15.168163818000039],[104.94115798200005,15.23358479600006]]]}},{"type":"Feature","id":"TH4706","properties":{"国家代码":"TH","行政层级":2,"行政层级中文":"县/曼谷区","行政区代码":"4706","上级行政区代码":"47","中文名称":"瓦里差蓬县","泰文名称":"วาริชภูมิ","英文名称":"Waritchaphum","中文显示名":"瓦里差蓬县","中文名状态":"Wikidata已有中文名","边界状态":"可绘制","边界文件":"泰国_ADM2_县区边界.geojson","边界要素ID":"TH4706","边界坐标系":"WGS84 / EPSG:4326","边界数据时点":"2019-02-21","Google原生边界支持":"泰国不支持ADM2","Google地图绘制方式":"加载本GeoJSON到Google Maps Data图层","边界来源":"RTSD/OCHA衍生简化边界（canonical package）"},"geometry":{"type":"Polygon","coordinates":[[[103.72943416700008,17.26024301500007],[103.71524885300005,17.340359155000044],[103.64028445900004,17.366147898000065],[103.61086660000007,17.318730378000055],[103.54867896100006,17.332887094000057],[103.47025972500006,17.229916415000048],[103.61353067400006,17.15172246900005],[103.71689846600003,17.239527242000065],[103.72943416700008,17.26024301500007]]]}},{"type":"Feature","id":"TH6507","properties":{"国家代码":"TH","行政层级":2,"行政层级中文":"县/曼谷区","行政区代码":"6507","上级行政区代码":"65","中文名称":"瓦波县","泰文名称":"วัดโบสถ์","英文名称":"Wat Bot","中文显示名":"瓦波县","中文名状态":"Wikidata已有中文名","边界状态":"可绘制","边界文件":"泰国_ADM2_县区边界.geojson","边界要素ID":"TH6507","边界坐标系":"WGS84 / EPSG:4326","边界数据时点":"2019-02-21","Google原生边界支持":"泰国不支持ADM2","Google地图绘制方式":"加载本GeoJSON到Google Maps Data图层","边界来源":"RTSD/OCHA衍生简化边界（canonical package）"},"geometry":{"type":"Polygon","coordinates":[[[100.37164844600005,17.39110456900005],[100.28891178000003,17.376113505000035],[100.28246066200006,17.220608859000038],[100.32653305000008,17.071143389000042],[100.28592165700007,17.034404967000057],[100.28066422800003,16.933536120000042],[100.48592578600005,16.97700386400004],[100.45286919400007,17.050462245000062],[100.52627748200007,17.100261169000078],[100.47448099700006,17.263129038000045],[100.37164844600005,17.39110456900005]]]}},{"type":"Feature","id":"TH7009","properties":{"国家代码":"TH","行政层级":2,"行政层级中文":"县/曼谷区","行政区代码":"7009","上级行政区代码":"70","中文名称":"瓦帕灵县","泰文名称":"วัดเพลง","英文名称":"Wat Phleng","中文显示名":"瓦帕灵县","中文名状态":"Wikidata已有中文名","边界状态":"可绘制","边界文件":"泰国_ADM2_县区边界.geojson","边界要素ID":"TH7009","边界坐标系":"WGS84 / EPSG:4326","边界数据时点":"2019-02-21","Google原生边界支持":"泰国不支持ADM2","Google地图绘制方式":"加载本GeoJSON到Google Maps Data图层","边界来源":"RTSD/OCHA衍生简化边界（canonical package）"},"geometry":{"type":"Polygon","coordinates":[[[99.88916384500004,13.470097473000067],[99.83957994500008,13.461868952000032],[99.88368261600004,13.416274197000064],[99.89091936900007,13.449203085000022],[99.88916384500004,13.470097473000067]]]}},{"type":"Feature","id":"TH1803","properties":{"国家代码":"TH","行政层级":2,"行政层级中文":"县/曼谷区","行政区代码":"1803","上级行政区代码":"18","中文名称":"瓦辛县","泰文名称":"วัดสิงห์","英文名称":"Wat Sing","中文显示名":"瓦辛县","中文名状态":"Wikidata已有中文名","边界状态":"可绘制","边界文件":"泰国_ADM2_县区边界.geojson","边界要素ID":"TH1803","边界坐标系":"WGS84 / EPSG:4326","边界数据时点":"2019-02-21","Google原生边界支持":"泰国不支持ADM2","Google地图绘制方式":"加载本GeoJSON到Google Maps Data图层","边界来源":"RTSD/OCHA衍生简化边界（canonical package）"},"geometry":{"type":"Polygon","coordinates":[[[100.03722899900004,15.292283610000027],[99.92248217400004,15.29811096700007],[99.93235750200006,15.235551352000073],[99.80863163900005,15.142324220000035],[100.03838083800008,15.139357134000022],[100.05816397900008,15.26366521600005],[100.03722899900004,15.292283610000027]]]}},{"type":"Feature","id":"TH2705","properties":{"国家代码":"TH","行政层级":2,"行政层级中文":"县/曼谷区","行政区代码":"2705","上级行政区代码":"27","中文名称":"瓦他那那空县","泰文名称":"วัฒนานคร","英文名称":"Watthana Nakhon","中文显示名":"瓦他那那空县","中文名状态":"Wikidata已有中文名","边界状态":"可绘制","边界文件":"泰国_ADM2_县区边界.geojson","边界要素ID":"TH2705","边界坐标系":"WGS84 / EPSG:4326","边界数据时点":"2019-02-21","Google原生边界支持":"泰国不支持ADM2","Google地图绘制方式":"加载本GeoJSON到Google Maps Data图层","边界来源":"RTSD/OCHA衍生简化边界（canonical package）"},"geometry":{"type":"Polygon","coordinates":[[[102.43452948800007,14.154589859000055],[102.35926664400006,14.165854786000068],[102.32595634700004,14.128397520000021],[102.31115552400007,14.02581576600005],[102.19537605800008,13.922300498000027],[102.15883415500008,13.855859758000065],[102.22776653000005,13.725923751000039],[102.15383838700006,13.68498233400004],[102.15305501700004,13.651773024000022],[102.15353060600006,13.612438908000058],[102.33526487200004,13.642002310000066],[102.46003321900008,13.733182885000076],[102.39467744700005,13.80227334500006],[102.44400340100003,13.86812389000005],[102.53561054700003,13.853028958000039],[102.53279106000008,13.939703628000075],[102.58167971800003,13.946299639000074],[102.50220041900008,14.13237285300005],[102.43452948800007,14.154589859000055]]]}},{"type":"Feature","id":"TH5702","properties":{"国家代码":"TH","行政层级":2,"行政层级中文":"县/曼谷区","行政区代码":"5702","上级行政区代码":"57","中文名称":"渊猜县","泰文名称":"เวียงชัย","英文名称":"Wiang Chai","中文显示名":"渊猜县","中文名状态":"Wikidata已有中文名","边界状态":"可绘制","边界文件":"泰国_ADM2_县区边界.geojson","边界要素ID":"TH5702","边界坐标系":"WGS84 / EPSG:4326","边界数据时点":"2019-02-21","Google原生边界支持":"泰国不支持ADM2","Google地图绘制方式":"加载本GeoJSON到Google Maps Data图层","边界来源":"RTSD/OCHA衍生简化边界（canonical package）"},"geometry":{"type":"Polygon","coordinates":[[[100.09238000000005,19.949006605000022],[99.98912054900006,19.926628443000027],[99.98312899200005,19.992731696000078],[99.85915006900007,19.86530622400005],[99.98170392600008,19.79887487700006],[100.02523349300009,19.731663309000055],[100.04130986900009,19.74522320600005],[100.09876151900005,19.906877792000046],[100.09238000000005,19.949006605000022]]]}},{"type":"Feature","id":"TH5717","properties":{"国家代码":"TH","行政层级":2,"行政层级中文":"县/曼谷区","行政区代码":"5717","上级行政区代码":"57","中文名称":"渊清荣县","泰文名称":"เวียงเชียงรุ้ง","英文名称":"Wiang Chiang Rung","中文显示名":"渊清荣县","中文名状态":"Wikidata已有中文名","边界状态":"可绘制","边界文件":"泰国_ADM2_县区边界.geojson","边界要素ID":"TH5717","边界坐标系":"WGS84 / EPSG:4326","边界数据时点":"2019-02-21","Google原生边界支持":"泰国不支持ADM2","Google地图绘制方式":"加载本GeoJSON到Google Maps Data图层","边界来源":"RTSD/OCHA衍生简化边界（canonical package）"},"geometry":{"type":"Polygon","coordinates":[[[100.20713587700004,20.070714744000043],[100.12259941700006,20.09080311300005],[100.04888058000006,20.05193564800004],[100.01039324900006,20.110836835000043],[99.95976416800005,20.024018342000033],[99.98312899200005,19.992731696000078],[99.98912054900006,19.926628443000027],[100.09238000000005,19.949006605000022],[100.12219822000009,20.00953987200006],[100.19992841600003,20.051103839000064],[100.20713587700004,20.070714744000043]]]}},{"type":"Feature","id":"TH5020","properties":{"国家代码":"TH","行政层级":2,"行政层级中文":"县/曼谷区","行政区代码":"5020","上级行政区代码":"50","中文名称":"温限县","泰文名称":"เวียงแหง","英文名称":"Wiang Haeng","中文显示名":"温限县","中文名状态":"Wikidata已有中文名","边界状态":"可绘制","边界文件":"泰国_ADM2_县区边界.geojson","边界要素ID":"TH5020","边界坐标系":"WGS84 / EPSG:4326","边界数据时点":"2019-02-21","Google原生边界支持":"泰国不支持ADM2","Google地图绘制方式":"加载本GeoJSON到Google Maps Data图层","边界来源":"RTSD/OCHA衍生简化边界（canonical package）"},"geometry":{"type":"Polygon","coordinates":[[[98.58517280300003,19.422967048000032],[98.77420616700005,19.456640461000063],[98.70424413100005,19.758176699000046],[98.57157516500007,19.703937121000024],[98.46652037100006,19.692231639000056],[98.54018482900005,19.611056311000027],[98.60002075800008,19.471051395000075],[98.58517280300003,19.422967048000032]]]}},{"type":"Feature","id":"TH5713","properties":{"国家代码":"TH","行政层级":2,"行政层级中文":"县/曼谷区","行政区代码":"5713","上级行政区代码":"57","中文名称":"渊根县","泰文名称":"เวียงแก่น","英文名称":"Wiang Kaen","中文显示名":"渊根县","中文名状态":"Wikidata已有中文名","边界状态":"可绘制","边界文件":"泰国_ADM2_县区边界.geojson","边界要素ID":"TH5713","边界坐标系":"WGS84 / EPSG:4326","边界数据时点":"2019-02-21","Google原生边界支持":"泰国不支持ADM2","Google地图绘制方式":"加载本GeoJSON到Google Maps Data图层","边界来源":"RTSD/OCHA衍生简化边界（canonical package）"},"geometry":{"type":"Polygon","coordinates":[[[100.44290144700005,19.835310626000023],[100.50008175500005,19.868333560000053],[100.57817302800004,20.168027981000023],[100.51326028500006,20.14602191800003],[100.46291849100004,20.19874733200004],[100.47274867200008,20.16911106400005],[100.41070155300008,20.000553592000074],[100.37218809500007,19.95353691400004],[100.34248123800006,19.873537030000023],[100.44290144700005,19.835310626000023]]]}},{"type":"Feature","id":"TH4029","properties":{"国家代码":"TH","行政层级":2,"行政层级中文":"县/曼谷区","行政区代码":"4029","上级行政区代码":"40","中文名称":"渊告县","泰文名称":"เวียงเก่า","英文名称":"Wiang Kao","中文显示名":"渊告县","中文名状态":"Wikidata已有中文名","边界状态":"可绘制","边界文件":"泰国_ADM2_县区边界.geojson","边界要素ID":"TH4029","边界坐标系":"WGS84 / EPSG:4326","边界数据时点":"2019-02-21","Google原生边界支持":"泰国不支持ADM2","Google地图绘制方式":"加载本GeoJSON到Google Maps Data图层","边界来源":"RTSD/OCHA衍生简化边界（canonical package）"},"geometry":{"type":"Polygon","coordinates":[[[102.36067596500004,16.733485089000055],[102.23086000500007,16.853389641000035],[102.23443420800004,16.747343811000064],[102.15746504400005,16.61816092500004],[102.19258541700003,16.588682021000068],[102.27830364600004,16.615432724000073],[102.34472416800008,16.66012206000005],[102.36067596500004,16.733485089000055]]]}},{"type":"Feature","id":"TH5108","properties":{"国家代码":"TH","行政层级":2,"行政层级中文":"县/曼谷区","行政区代码":"5108","上级行政区代码":"51","中文名称":"渊农隆县","泰文名称":"เวียงหนองล่อง","英文名称":"Wiang Nong Long","中文显示名":"渊农隆县","中文名状态":"Wikidata已有中文名","边界状态":"可绘制","边界文件":"泰国_ADM2_县区边界.geojson","边界要素ID":"TH5108","边界坐标系":"WGS84 / EPSG:4326","边界数据时点":"2019-02-21","Google原生边界支持":"泰国不支持ADM2","Google地图绘制方式":"加载本GeoJSON到Google Maps Data图层","边界来源":"RTSD/OCHA衍生简化边界（canonical package）"},"geometry":{"type":"Polygon","coordinates":[[[98.82357188800006,18.388387176000037],[98.77811012900008,18.449773986000025],[98.74009256200009,18.43522835300007],[98.68759555500009,18.380676008000023],[98.82357188800006,18.388387176000037]]]}},{"type":"Feature","id":"TH5711","properties":{"国家代码":"TH","行政层级":2,"行政层级中文":"县/曼谷区","行政区代码":"5711","上级行政区代码":"57","中文名称":"渊巴宝县","泰文名称":"เวียงป่าเป้า","英文名称":"Wiang Pa Pao","中文显示名":"渊巴宝县","中文名状态":"Wikidata已有中文名","边界状态":"可绘制","边界文件":"泰国_ADM2_县区边界.geojson","边界要素ID":"TH5711","边界坐标系":"WGS84 / EPSG:4326","边界数据时点":"2019-02-21","Google原生边界支持":"泰国不支持ADM2","Google地图绘制方式":"加载本GeoJSON到Google Maps Data图层","边界来源":"RTSD/OCHA衍生简化边界（canonical package）"},"geometry":{"type":"Polygon","coordinates":[[[99.58254564100008,19.473729481000078],[99.49030355300005,19.458367948000046],[99.32599403000006,19.539399118000063],[99.29462528400006,19.498553085000026],[99.34295256000007,19.268061326000065],[99.30626526700007,19.175884757000063],[99.34065982600004,19.095649593000076],[99.40180343500003,19.00014822000003],[99.52560412800005,19.076851488000045],[99.55945100400004,19.131026021000025],[99.55243434400006,19.25718806900005],[99.58041768600003,19.312033255000074],[99.56537606200004,19.417657702000042],[99.58254564100008,19.473729481000078]]]}},{"type":"Feature","id":"TH8415","properties":{"国家代码":"TH","行政层级":2,"行政层级中文":"县/曼谷区","行政区代码":"8415","上级行政区代码":"84","中文名称":"渊沙县","泰文名称":"เวียงสระ","英文名称":"Wiang Sa","中文显示名":"渊沙县","中文名状态":"Wikidata已有中文名","边界状态":"可绘制","边界文件":"泰国_ADM2_县区边界.geojson","边界要素ID":"TH8415","边界坐标系":"WGS84 / EPSG:4326","边界数据时点":"2019-02-21","Google原生边界支持":"泰国不支持ADM2","Google地图绘制方式":"加载本GeoJSON到Google Maps Data图层","边界来源":"RTSD/OCHA衍生简化边界（canonical package）"},"geometry":{"type":"Polygon","coordinates":[[[99.49203035200009,8.696907734000035],[99.42424298100008,8.668606683000064],[99.27607205600003,8.69057053900002],[99.27959070700007,8.646407340000053],[99.25128362600003,8.569656476000034],[99.29343487000006,8.47073398200007],[99.41777895900003,8.552240394000023],[99.47846005600007,8.646736486000066],[99.49203035200009,8.696907734000035]]]}},{"type":"Feature","id":"TH5507","properties":{"国家代码":"TH","行政层级":2,"行政层级中文":"县/曼谷区","行政区代码":"5507","上级行政区代码":"55","中文名称":"渊沙县","泰文名称":"เวียงสา","英文名称":"Wiang Sa","中文显示名":"渊沙县","中文名状态":"Wikidata已有中文名","边界状态":"可绘制","边界文件":"泰国_ADM2_县区边界.geojson","边界要素ID":"TH5507","边界坐标系":"WGS84 / EPSG:4326","边界数据时点":"2019-02-21","Google原生边界支持":"泰国不支持ADM2","Google地图绘制方式":"加载本GeoJSON到Google Maps Data图层","边界来源":"RTSD/OCHA衍生简化边界（canonical package）"},"geometry":{"type":"Polygon","coordinates":[[[100.79353924400004,18.675413657000036],[100.59134014200004,18.702130734000036],[100.60802635300007,18.777472327000055],[100.49316908800006,18.735605960000044],[100.39136919900005,18.739382987000056],[100.35157959900005,18.68055431700003],[100.39258899400005,18.638393515000075],[100.37101007500007,18.567448975000048],[100.39931541800007,18.48575016800004],[100.54186485200006,18.48922513900004],[100.55039903000005,18.419308399000045],[100.83520308200008,18.424263604000032],[100.88899608100007,18.33659278300007],[101.01748485600007,18.38004702300003],[101.05490838400004,18.423824412000045],[101.10398211500006,18.52140563300003],[100.92703689100006,18.624331093000023],[100.91863336500006,18.668264916000055],[100.79353924400004,18.675413657000036]]]}},{"type":"Feature","id":"TH6705","properties":{"国家代码":"TH","行政层级":2,"行政层级中文":"县/曼谷区","行政区代码":"6705","上级行政区代码":"67","中文名称":"威迁武里县","泰文名称":"วิเชียรบุรี","英文名称":"Wichian Buri","中文显示名":"威迁武里县","中文名状态":"Wikidata已有中文名","边界状态":"可绘制","边界文件":"泰国_ADM2_县区边界.geojson","边界要素ID":"TH6705","边界坐标系":"WGS84 / EPSG:4326","边界数据时点":"2019-02-21","Google原生边界支持":"泰国不支持ADM2","Google地图绘制方式":"加载本GeoJSON到Google Maps Data图层","边界来源":"RTSD/OCHA衍生简化边界（canonical package）"},"geometry":{"type":"Polygon","coordinates":[[[101.32669867100009,15.851395489000026],[101.21767089600007,15.851466669000047],[101.18320250900007,15.802840914000058],[101.09160610000004,15.803061188000072],[100.95125773900008,15.727927093000062],[100.81852095600004,15.713012298000024],[100.83096617000007,15.56263414800003],[100.92869897300005,15.487688026000058],[101.00207691800006,15.508939740000073],[101.08676297400007,15.482263611000064],[101.08124681700008,15.542375049000043],[101.31081139000008,15.575458534000063],[101.36006119500007,15.688499464000074],[101.33632334300006,15.75302154600007],[101.32669867100009,15.851395489000026]]]}},{"type":"Feature","id":"TH1904","properties":{"国家代码":"TH","行政层级":2,"行政层级中文":"县/曼谷区","行政区代码":"1904","上级行政区代码":"19","中文名称":"威汉登县","泰文名称":"วิหารแดง","英文名称":"Wihan Daeng","中文显示名":"威汉登县","中文名状态":"Wikidata已有中文名","边界状态":"可绘制","边界文件":"泰国_ADM2_县区边界.geojson","边界要素ID":"TH1904","边界坐标系":"WGS84 / EPSG:4326","边界数据时点":"2019-02-21","Google原生边界支持":"泰国不支持ADM2","Google地图绘制方式":"加载本GeoJSON到Google Maps Data图层","边界来源":"RTSD/OCHA衍生简化边界（canonical package）"},"geometry":{"type":"Polygon","coordinates":[[[101.00021307100008,14.417760420000036],[100.93926327900004,14.433992139000054],[100.93780674400006,14.31439787000005],[100.89154523600007,14.27595109400005],[100.95111814600006,14.271684207000021],[101.01134928200008,14.300062270000069],[101.05328758500008,14.412313636000022],[101.00021307100008,14.417760420000036]]]}},{"type":"Feature","id":"TH1506","properties":{"国家代码":"TH","行政层级":2,"行政层级中文":"县/曼谷区","行政区代码":"1506","上级行政区代码":"15","中文名称":"威色猜参县","泰文名称":"วิเศษชัยชาญ","英文名称":"Wiset Chai Chan","中文显示名":"威色猜参县","中文名状态":"Wikidata已有中文名","边界状态":"可绘制","边界文件":"泰国_ADM2_县区边界.geojson","边界要素ID":"TH1506","边界坐标系":"WGS84 / EPSG:4326","边界数据时点":"2019-02-21","Google原生边界支持":"泰国不支持ADM2","Google地图绘制方式":"加载本GeoJSON到Google Maps Data图层","边界来源":"RTSD/OCHA衍生简化边界（canonical package）"},"geometry":{"type":"Polygon","coordinates":[[[100.39624614500008,14.603203595000025],[100.32884402300004,14.662863977000029],[100.28839956600007,14.633117758000026],[100.31937522300007,14.603478260000031],[100.23651406200008,14.536606947000053],[100.20978521300003,14.57972327400006],[100.19711133600003,14.555511256000045],[100.25314556100005,14.48286126100004],[100.39953357300004,14.507346748000032],[100.40438017200006,14.540037977000054],[100.39624614500008,14.603203595000025]]]}},{"type":"Feature","id":"TH9505","properties":{"国家代码":"TH","行政层级":2,"行政层级中文":"县/曼谷区","行政区代码":"9505","上级行政区代码":"95","中文名称":"亚哈县","泰文名称":"ยะหา","英文名称":"Yaha","中文显示名":"亚哈县","中文名状态":"Wikidata已有中文名","边界状态":"可绘制","边界文件":"泰国_ADM2_县区边界.geojson","边界要素ID":"TH9505","边界坐标系":"WGS84 / EPSG:4326","边界数据时点":"2019-02-21","Google原生边界支持":"泰国不支持ADM2","Google地图绘制方式":"加载本GeoJSON到Google Maps Data图层","边界来源":"RTSD/OCHA衍生简化边界（canonical package）"},"geometry":{"type":"Polygon","coordinates":[[[101.22158243800004,6.483626881000021],[101.09021512400005,6.608214353000051],[101.03467357500006,6.485744666000073],[101.07834432700008,6.348744795000073],[100.96895754100007,6.2830245610000475],[101.01264438300007,6.248711121000042],[101.10152680100003,6.25544325900006],[101.22617905300007,6.340926934000038],[101.19941238900009,6.4408634470000266],[101.22158243800004,6.483626881000021]]]}},{"type":"Feature","id":"TH1012","properties":{"国家代码":"TH","行政层级":2,"行政层级中文":"县/曼谷区","行政区代码":"1012","上级行政区代码":"10","中文名称":"然那哇县","泰文名称":"ยานนาวา","英文名称":"Yannawa","中文显示名":"然那哇县","中文名状态":"Wikidata已有中文名","边界状态":"可绘制","边界文件":"泰国_ADM2_县区边界.geojson","边界要素ID":"TH1012","边界坐标系":"WGS84 / EPSG:4326","边界数据时点":"2019-02-21","Google原生边界支持":"泰国不支持ADM2","Google地图绘制方式":"加载本GeoJSON到Google Maps Data图层","边界来源":"RTSD/OCHA衍生简化边界（canonical package）"},"geometry":{"type":"Polygon","coordinates":[[[100.55375391500007,13.716543495000053],[100.52994573900008,13.702543641000034],[100.51698184600008,13.682678629000065],[100.52340115700008,13.677882705000059],[100.55486719200007,13.705483354000023],[100.55375391500007,13.716543495000053]]]}},{"type":"Feature","id":"TH9203","properties":{"国家代码":"TH","行政层级":2,"行政层级中文":"县/曼谷区","行政区代码":"9203","上级行政区代码":"92","中文名称":"延达考县","泰文名称":"ย่านตาขาว","英文名称":"Yan Ta Khao","中文显示名":"延达考县","中文名状态":"Wikidata已有中文名","边界状态":"可绘制","边界文件":"泰国_ADM2_县区边界.geojson","边界要素ID":"TH9203","边界坐标系":"WGS84 / EPSG:4326","边界数据时点":"2019-02-21","Google原生边界支持":"泰国不支持ADM2","Google地图绘制方式":"加载本GeoJSON到Google Maps Data图层","边界来源":"RTSD/OCHA衍生简化边界（canonical package）"},"geometry":{"type":"Polygon","coordinates":[[[99.66757484800007,7.5178951000000325],[99.61272715200005,7.4656501930000445],[99.58071182200007,7.3615131300000485],[99.69730850600007,7.372210073000076],[99.77344402000006,7.337032646000068],[99.81165745900006,7.376539140000034],[99.90384392200008,7.3471812780000505],[99.85013342400003,7.47307356500005],[99.82064834300007,7.518871703000059],[99.71004670700006,7.472776932000045],[99.66757484800007,7.5178951000000325]]]}},{"type":"Feature","id":"TH3302","properties":{"国家代码":"TH","行政层级":2,"行政层级中文":"县/曼谷区","行政区代码":"3302","上级行政区代码":"33","中文名称":"扬春内县","泰文名称":"ยางชุมน้อย","英文名称":"Yang Chum Noi","中文显示名":"扬春内县","中文名状态":"Wikidata已有中文名","边界状态":"可绘制","边界文件":"泰国_ADM2_县区边界.geojson","边界要素ID":"TH3302","边界坐标系":"WGS84 / EPSG:4326","边界数据时点":"2019-02-21","Google原生边界支持":"泰国不支持ADM2","Google地图绘制方式":"加载本GeoJSON到Google Maps Data图层","边界来源":"RTSD/OCHA衍生简化边界（canonical package）"},"geometry":{"type":"Polygon","coordinates":[[[104.40672898900004,15.289305787000046],[104.34548914200008,15.34188105100003],[104.29021354500009,15.247629577000055],[104.38167477900004,15.160036260000027],[104.43171981300009,15.150708955000027],[104.48280729500004,15.267853125000045],[104.40672898900004,15.289305787000046]]]}},{"type":"Feature","id":"TH4411","properties":{"国家代码":"TH","行政层级":2,"行政层级中文":"县/曼谷区","行政区代码":"4411","上级行政区代码":"44","中文名称":"扬西苏拉县","泰文名称":"ยางสีสุราช","英文名称":"Yang Sisurat","中文显示名":"扬西苏拉县","中文名状态":"Wikidata已有中文名","边界状态":"可绘制","边界文件":"泰国_ADM2_县区边界.geojson","边界要素ID":"TH4411","边界坐标系":"WGS84 / EPSG:4326","边界数据时点":"2019-02-21","Google原生边界支持":"泰国不支持ADM2","Google地图绘制方式":"加载本GeoJSON到Google Maps Data图层","边界来源":"RTSD/OCHA衍生简化边界（canonical package）"},"geometry":{"type":"Polygon","coordinates":[[[103.12355134100005,15.704122622000057],[103.00799590100007,15.701173907000054],[103.01288591500008,15.617229735000024],[103.05281322300004,15.592746606000048],[103.13673474800004,15.59665280400003],[103.21439559000004,15.655332719000057],[103.12355134100005,15.704122622000057]]]}},{"type":"Feature","id":"TH4607","properties":{"国家代码":"TH","行政层级":2,"行政层级中文":"县/曼谷区","行政区代码":"4607","上级行政区代码":"46","中文名称":"央达拉县","泰文名称":"ยางตลาด","英文名称":"Yang Talat","中文显示名":"央达拉县","中文名状态":"Wikidata已有中文名","边界状态":"可绘制","边界文件":"泰国_ADM2_县区边界.geojson","边界要素ID":"TH4607","边界坐标系":"WGS84 / EPSG:4326","边界数据时点":"2019-02-21","Google原生边界支持":"泰国不支持ADM2","Google地图绘制方式":"加载本GeoJSON到Google Maps Data图层","边界来源":"RTSD/OCHA衍生简化边界（canonical package）"},"geometry":{"type":"Polygon","coordinates":[[[103.51051311600008,16.34065643100007],[103.45300490600005,16.429981676000068],[103.47172552100005,16.54031136800006],[103.41203757300008,16.60659411200004],[103.37383616500006,16.61877170300005],[103.33135772700007,16.487704199000063],[103.26034196300009,16.508177470000078],[103.16391014200008,16.487637371000062],[103.17441221300004,16.458743221000077],[103.17542241700005,16.363430399000038],[103.34358900600006,16.36022659400004],[103.41107347500008,16.28600246900004],[103.51051311600008,16.34065643100007]]]}},{"type":"Feature","id":"TH9410","properties":{"国家代码":"TH","行政层级":2,"行政层级中文":"县/曼谷区","行政区代码":"9410","上级行政区代码":"94","中文名称":"也兰县","泰文名称":"ยะรัง","英文名称":"Yarang","中文显示名":"也兰县","中文名状态":"Wikidata已有中文名","边界状态":"可绘制","边界文件":"泰国_ADM2_县区边界.geojson","边界要素ID":"TH9410","边界坐标系":"WGS84 / EPSG:4326","边界数据时点":"2019-02-21","Google原生边界支持":"泰国不支持ADM2","Google地图绘制方式":"加载本GeoJSON到Google Maps Data图层","边界来源":"RTSD/OCHA衍生简化边界（canonical package）"},"geometry":{"type":"Polygon","coordinates":[[[101.33406086200006,6.770260457000063],[101.32154659600008,6.843444653000063],[101.25246292000008,6.802896997000062],[101.26645642900007,6.695180338000057],[101.28036161800009,6.68187537600005],[101.30663259900007,6.56469671900004],[101.35487452600006,6.5571950630000515],[101.38244364100007,6.569576460000064],[101.37263981300003,6.599366802000077],[101.31836994300005,6.7148957330000485],[101.33406086200006,6.770260457000063]]]}},{"type":"Feature","id":"TH9409","properties":{"国家代码":"TH","行政层级":2,"行政层级中文":"县/曼谷区","行政区代码":"9409","上级行政区代码":"94","中文名称":"也邻县","泰文名称":"ยะหริ่ง","英文名称":"Yaring","中文显示名":"也邻县","中文名状态":"Wikidata已有中文名","边界状态":"可绘制","边界文件":"泰国_ADM2_县区边界.geojson","边界要素ID":"TH9409","边界坐标系":"WGS84 / EPSG:4326","边界数据时点":"2019-02-21","Google原生边界支持":"泰国不支持ADM2","Google地图绘制方式":"加载本GeoJSON到Google Maps Data图层","边界来源":"RTSD/OCHA衍生简化边界（canonical package）"},"geometry":{"type":"Polygon","coordinates":[[[101.45664238700004,6.88279170900006],[101.35401893400007,6.905727171000024],[101.32415748800008,6.8766590070000575],[101.32154659600008,6.843444653000063],[101.33406086200006,6.770260457000063],[101.46143422200004,6.7738206800000285],[101.45664238700004,6.88279170900006]]]}},{"type":"Feature","id":"TH9604","properties":{"国家代码":"TH","行政层级":2,"行政层级中文":"县/曼谷区","行政区代码":"9604","上级行政区代码":"96","中文名称":"怡娥县","泰文名称":"ยี่งอ","英文名称":"Yi-Ngo","中文显示名":"怡娥县","中文名状态":"Wikidata已有中文名","边界状态":"可绘制","边界文件":"泰国_ADM2_县区边界.geojson","边界要素ID":"TH9604","边界坐标系":"WGS84 / EPSG:4326","边界数据时点":"2019-02-21","Google原生边界支持":"泰国不支持ADM2","Google地图绘制方式":"加载本GeoJSON到Google Maps Data图层","边界来源":"RTSD/OCHA衍生简化边界（canonical package）"},"geometry":{"type":"Polygon","coordinates":[[[101.72106031000004,6.347393670000031],[101.78569375300003,6.402848635000055],[101.71593086700005,6.4999496260000456],[101.63634355600004,6.472036279000065],[101.63591660200007,6.368956227000069],[101.72106031000004,6.347393670000031]]]}}]}