酒店ID,酒店入住平台名称,平台酒店ID,房型ID,售卖方案ID,方案序号,早餐,取消政策,确认政策,支付方式,入住人数,原价,当前价,税费,币种,优惠标签,其他权益,库存提示,入住日期,离店日期,最终详情URL,采集方法,采集时间,价格计价单位,税费包含状态,含税总价,每晚含税价,税费估算标记,标准平台ID,汇率来源,汇率时间,页面显示原文,是否可比,不可比原因,采集批次ID,原始留档路径,数据质量等级,异常状态,记录哈希
ChIJLxrEcMie4jARb4KfjpcicvA,Stayforlong.com,22451,room_41a7b5e6b2b67a30bc,rate_02f52c55b1d7a0bf6a,1,,,,,,,77,,USD,,,,2026-09-23,2026-09-24,https://www.stayforlong.com/us-en/hotel/th/baiyoke-sky-hotel_bangkok?checkIn=2026-09-23&checkOut=2026-09-24&adults=2&aid=gha&total=68&query_type=pull&ch=0&adclick=free&defaultdate=true&googlesite=mapresults&p=4f6b46716145b682b89cdf6f7f778bcf&rate_token=v2.z6a99306a00b44cb1e76b4c5ab05dad20&source_property_id=22451&source=meta,stayforlong,2026-09-03T07:19:56-07:00,未知,未知,,,否,stayforlong,Bank of Thailand,2026-09-03,"{""优惠标签"": """", ""入住人数"": """", ""其他权益"": """", ""原价"": """", ""取消政策"": """", ""币种"": ""USD"", ""库存提示"": """", ""当前价"": ""77"", ""支付方式"": """", ""早餐"": """", ""确认政策"": """", ""税费"": """"}",否,价格计价单位未确认；税费包含状态未确认；尚未通过T4人工复核,20260907-003922-csv-f52bd5d0,[LOCAL_HOME]/Desktop/Thailand---泰国/05_GoogleMaps曼谷酒店专用/04_平台详情/酒店售卖方案.csv,T3,否,1fd743a797b94efc110ede65aa3fa1acfdc020f6d2cc35da20f088ef8e3ce9da
ChIJLxrEcMie4jARb4KfjpcicvA,Stayforlong.com,22451,room_4a3e5095f08917aedf,rate_099e198186ffcd9b92,1,,,,,,,71,,USD,,,,2026-09-23,2026-09-24,https://www.stayforlong.com/us-en/hotel/th/baiyoke-sky-hotel_bangkok?checkIn=2026-09-23&checkOut=2026-09-24&adults=2&aid=gha&total=68&query_type=pull&ch=0&adclick=free&defaultdate=true&googlesite=mapresults&p=4f6b46716145b682b89cdf6f7f778bcf&rate_token=v2.z6a99306a00b44cb1e76b4c5ab05dad20&source_property_id=22451&source=meta,stayforlong,2026-09-03T07:19:56-07:00,未知,未知,,,否,stayforlong,Bank of Thailand,2026-09-03,"{""优惠标签"": """", ""入住人数"": """", ""其他权益"": """", ""原价"": """", ""取消政策"": """", ""币种"": ""USD"", ""库存提示"": """", ""当前价"": ""71"", ""支付方式"": """", ""早餐"": """", ""确认政策"": """", ""税费"": """"}",否,价格计价单位未确认；税费包含状态未确认；尚未通过T4人工复核,20260907-003922-csv-f52bd5d0,[LOCAL_HOME]/Desktop/Thailand---泰国/05_GoogleMaps曼谷酒店专用/04_平台详情/酒店售卖方案.csv,T3,否,2638ab7c15b299198bc5623706c536d16578b6a754031ed9f7180e15923699e2
ChIJLxrEcMie4jARb4KfjpcicvA,Stayforlong.com,22451,room_99f06cce32f25dfe02,rate_f137f5983e095bab15,1,,,,,,,69,,USD,,,,2026-09-23,2026-09-24,https://www.stayforlong.com/us-en/hotel/th/baiyoke-sky-hotel_bangkok?checkIn=2026-09-23&checkOut=2026-09-24&adults=2&aid=gha&total=68&query_type=pull&ch=0&adclick=free&defaultdate=true&googlesite=mapresults&p=4f6b46716145b682b89cdf6f7f778bcf&rate_token=v2.z6a99306a00b44cb1e76b4c5ab05dad20&source_property_id=22451&source=meta,stayforlong,2026-09-03T07:19:56-07:00,未知,未知,,,否,stayforlong,Bank of Thailand,2026-09-03,"{""优惠标签"": """", ""入住人数"": """", ""其他权益"": """", ""原价"": """", ""取消政策"": """", ""币种"": ""USD"", ""库存提示"": """", ""当前价"": ""69"", ""支付方式"": """", ""早餐"": """", ""确认政策"": """", ""税费"": """"}",否,价格计价单位未确认；税费包含状态未确认；尚未通过T4人工复核,20260907-003922-csv-f52bd5d0,[LOCAL_HOME]/Desktop/Thailand---泰国/05_GoogleMaps曼谷酒店专用/04_平台详情/酒店售卖方案.csv,T3,否,439e74449aec89b4ffc457f3c854b0980e60f0ff41dda50aa0a1551705ef3cfd
ChIJLxrEcMie4jARb4KfjpcicvA,Stayforlong.com,22451,room_cc58b2a803cfee44de,rate_c36e5b2f63fe3d02ab,2,,,,,,,84,,USD,,,,2026-09-23,2026-09-24,https://www.stayforlong.com/us-en/hotel/th/baiyoke-sky-hotel_bangkok?checkIn=2026-09-23&checkOut=2026-09-24&adults=2&aid=gha&total=68&query_type=pull&ch=0&adclick=free&defaultdate=true&googlesite=mapresults&p=4f6b46716145b682b89cdf6f7f778bcf&rate_token=v2.z6a99306a00b44cb1e76b4c5ab05dad20&source_property_id=22451&source=meta,stayforlong,2026-09-03T07:19:56-07:00,未知,未知,,,否,stayforlong,Bank of Thailand,2026-09-03,"{""优惠标签"": """", ""入住人数"": """", ""其他权益"": """", ""原价"": """", ""取消政策"": """", ""币种"": ""USD"", ""库存提示"": """", ""当前价"": ""84"", ""支付方式"": """", ""早餐"": """", ""确认政策"": """", ""税费"": """"}",否,价格计价单位未确认；税费包含状态未确认；尚未通过T4人工复核,20260907-003922-csv-f52bd5d0,[LOCAL_HOME]/Desktop/Thailand---泰国/05_GoogleMaps曼谷酒店专用/04_平台详情/酒店售卖方案.csv,T3,否,4a0d29b5f59713dc5edd19ecde728ada612d0c3e61bf80c9589dc4727cee25bb
ChIJLxrEcMie4jARb4KfjpcicvA,Stayforlong.com,22451,room_99f06cce32f25dfe02,rate_f546420a444d8619d7,4,,,,,,,99,,USD,,,,2026-09-23,2026-09-24,https://www.stayforlong.com/us-en/hotel/th/baiyoke-sky-hotel_bangkok?checkIn=2026-09-23&checkOut=2026-09-24&adults=2&aid=gha&total=68&query_type=pull&ch=0&adclick=free&defaultdate=true&googlesite=mapresults&p=4f6b46716145b682b89cdf6f7f778bcf&rate_token=v2.z6a99306a00b44cb1e76b4c5ab05dad20&source_property_id=22451&source=meta,stayforlong,2026-09-03T07:19:56-07:00,未知,未知,,,否,stayforlong,Bank of Thailand,2026-09-03,"{""优惠标签"": """", ""入住人数"": """", ""其他权益"": """", ""原价"": """", ""取消政策"": """", ""币种"": ""USD"", ""库存提示"": """", ""当前价"": ""99"", ""支付方式"": """", ""早餐"": """", ""确认政策"": """", ""税费"": """"}",否,价格计价单位未确认；税费包含状态未确认；尚未通过T4人工复核,20260907-003922-csv-f52bd5d0,[LOCAL_HOME]/Desktop/Thailand---泰国/05_GoogleMaps曼谷酒店专用/04_平台详情/酒店售卖方案.csv,T3,否,53f64d6917be00be241de041ad727676d990f4e43cdbbe765b021de9bc912e55
ChIJLxrEcMie4jARb4KfjpcicvA,Stayforlong.com,22451,room_3cd9663958187b2cb4,rate_db534244cc6e045115,3,,,,,,,107,,USD,,,,2026-09-23,2026-09-24,https://www.stayforlong.com/us-en/hotel/th/baiyoke-sky-hotel_bangkok?checkIn=2026-09-23&checkOut=2026-09-24&adults=2&aid=gha&total=68&query_type=pull&ch=0&adclick=free&defaultdate=true&googlesite=mapresults&p=4f6b46716145b682b89cdf6f7f778bcf&rate_token=v2.z6a99306a00b44cb1e76b4c5ab05dad20&source_property_id=22451&source=meta,stayforlong,2026-09-03T07:19:56-07:00,未知,未知,,,否,stayforlong,Bank of Thailand,2026-09-03,"{""优惠标签"": """", ""入住人数"": """", ""其他权益"": """", ""原价"": """", ""取消政策"": """", ""币种"": ""USD"", ""库存提示"": """", ""当前价"": ""107"", ""支付方式"": """", ""早餐"": """", ""确认政策"": """", ""税费"": """"}",否,价格计价单位未确认；税费包含状态未确认；尚未通过T4人工复核,20260907-003922-csv-f52bd5d0,[LOCAL_HOME]/Desktop/Thailand---泰国/05_GoogleMaps曼谷酒店专用/04_平台详情/酒店售卖方案.csv,T3,否,773fd548bad07dc0c2cbd93ec7d5d8febcc1f2f798a8fa408b412de3bd77def0
ChIJLxrEcMie4jARb4KfjpcicvA,Stayforlong.com,22451,room_87852e82d817a228c6,rate_e5c2a75476088f40da,1,,,,,,,68,,USD,,,,2026-09-23,2026-09-24,https://www.stayforlong.com/us-en/hotel/th/baiyoke-sky-hotel_bangkok?checkIn=2026-09-23&checkOut=2026-09-24&adults=2&aid=gha&total=68&query_type=pull&ch=0&adclick=free&defaultdate=true&googlesite=mapresults&p=4f6b46716145b682b89cdf6f7f778bcf&rate_token=v2.z6a99306a00b44cb1e76b4c5ab05dad20&source_property_id=22451&source=meta,stayforlong,2026-09-03T07:19:56-07:00,未知,未知,,,否,stayforlong,Bank of Thailand,2026-09-03,"{""优惠标签"": """", ""入住人数"": """", ""其他权益"": """", ""原价"": """", ""取消政策"": """", ""币种"": ""USD"", ""库存提示"": """", ""当前价"": ""68"", ""支付方式"": """", ""早餐"": """", ""确认政策"": """", ""税费"": """"}",否,价格计价单位未确认；税费包含状态未确认；尚未通过T4人工复核,20260907-003922-csv-f52bd5d0,[LOCAL_HOME]/Desktop/Thailand---泰国/05_GoogleMaps曼谷酒店专用/04_平台详情/酒店售卖方案.csv,T3,否,9e5734ef49e94ed83acf7b287645fdfc08255472e39ad17b1f15cb1409f357cb
ChIJLxrEcMie4jARb4KfjpcicvA,Stayforlong.com,22451,room_cc58b2a803cfee44de,rate_08bf0e338575e285c6,1,,,,,,,64,,USD,,,,2026-09-23,2026-09-24,https://www.stayforlong.com/us-en/hotel/th/baiyoke-sky-hotel_bangkok?checkIn=2026-09-23&checkOut=2026-09-24&adults=2&aid=gha&total=68&query_type=pull&ch=0&adclick=free&defaultdate=true&googlesite=mapresults&p=4f6b46716145b682b89cdf6f7f778bcf&rate_token=v2.z6a99306a00b44cb1e76b4c5ab05dad20&source_property_id=22451&source=meta,stayforlong,2026-09-03T07:19:56-07:00,未知,未知,,,否,stayforlong,Bank of Thailand,2026-09-03,"{""优惠标签"": """", ""入住人数"": """", ""其他权益"": """", ""原价"": """", ""取消政策"": """", ""币种"": ""USD"", ""库存提示"": """", ""当前价"": ""64"", ""支付方式"": """", ""早餐"": """", ""确认政策"": """", ""税费"": """"}",否,价格计价单位未确认；税费包含状态未确认；尚未通过T4人工复核,20260907-003922-csv-f52bd5d0,[LOCAL_HOME]/Desktop/Thailand---泰国/05_GoogleMaps曼谷酒店专用/04_平台详情/酒店售卖方案.csv,T3,否,9e8dc1046327a472e3662e8ac0b50d1bfd47e3bd3534d4b552a47294147cdd41
ChIJLxrEcMie4jARb4KfjpcicvA,Stayforlong.com,22451,room_3cd9663958187b2cb4,rate_5d90463cc5c1fca7bd,1,,,,,,,73,,USD,,,,2026-09-23,2026-09-24,https://www.stayforlong.com/us-en/hotel/th/baiyoke-sky-hotel_bangkok?checkIn=2026-09-23&checkOut=2026-09-24&adults=2&aid=gha&total=68&query_type=pull&ch=0&adclick=free&defaultdate=true&googlesite=mapresults&p=4f6b46716145b682b89cdf6f7f778bcf&rate_token=v2.z6a99306a00b44cb1e76b4c5ab05dad20&source_property_id=22451&source=meta,stayforlong,2026-09-03T07:19:56-07:00,未知,未知,,,否,stayforlong,Bank of Thailand,2026-09-03,"{""优惠标签"": """", ""入住人数"": """", ""其他权益"": """", ""原价"": """", ""取消政策"": """", ""币种"": ""USD"", ""库存提示"": """", ""当前价"": ""73"", ""支付方式"": """", ""早餐"": """", ""确认政策"": """", ""税费"": """"}",否,价格计价单位未确认；税费包含状态未确认；尚未通过T4人工复核,20260907-003922-csv-f52bd5d0,[LOCAL_HOME]/Desktop/Thailand---泰国/05_GoogleMaps曼谷酒店专用/04_平台详情/酒店售卖方案.csv,T3,否,c560726babcc330e85b7d8393e9b856db67bdb47cbfbec16a95ff08b3bf7564e
ChIJLxrEcMie4jARb4KfjpcicvA,Stayforlong.com,22451,room_99f06cce32f25dfe02,rate_6932f31d2c0a5ed726,3,,,,,,,98,,USD,,,,2026-09-23,2026-09-24,https://www.stayforlong.com/us-en/hotel/th/baiyoke-sky-hotel_bangkok?checkIn=2026-09-23&checkOut=2026-09-24&adults=2&aid=gha&total=68&query_type=pull&ch=0&adclick=free&defaultdate=true&googlesite=mapresults&p=4f6b46716145b682b89cdf6f7f778bcf&rate_token=v2.z6a99306a00b44cb1e76b4c5ab05dad20&source_property_id=22451&source=meta,stayforlong,2026-09-03T07:19:56-07:00,未知,未知,,,否,stayforlong,Bank of Thailand,2026-09-03,"{""优惠标签"": """", ""入住人数"": """", ""其他权益"": """", ""原价"": """", ""取消政策"": """", ""币种"": ""USD"", ""库存提示"": """", ""当前价"": ""98"", ""支付方式"": """", ""早餐"": """", ""确认政策"": """", ""税费"": """"}",否,价格计价单位未确认；税费包含状态未确认；尚未通过T4人工复核,20260907-003922-csv-f52bd5d0,[LOCAL_HOME]/Desktop/Thailand---泰国/05_GoogleMaps曼谷酒店专用/04_平台详情/酒店售卖方案.csv,T3,否,cd7ebc8cac762a78e838b908b225f566679706a41b8798ef261c8cf17b9e11c5
ChIJLxrEcMie4jARb4KfjpcicvA,Stayforlong.com,22451,room_3cd9663958187b2cb4,rate_da9021bcdb82a42443,2,,,,,,,106,,USD,,,,2026-09-23,2026-09-24,https://www.stayforlong.com/us-en/hotel/th/baiyoke-sky-hotel_bangkok?checkIn=2026-09-23&checkOut=2026-09-24&adults=2&aid=gha&total=68&query_type=pull&ch=0&adclick=free&defaultdate=true&googlesite=mapresults&p=4f6b46716145b682b89cdf6f7f778bcf&rate_token=v2.z6a99306a00b44cb1e76b4c5ab05dad20&source_property_id=22451&source=meta,stayforlong,2026-09-03T07:19:56-07:00,未知,未知,,,否,stayforlong,Bank of Thailand,2026-09-03,"{""优惠标签"": """", ""入住人数"": """", ""其他权益"": """", ""原价"": """", ""取消政策"": """", ""币种"": ""USD"", ""库存提示"": """", ""当前价"": ""106"", ""支付方式"": """", ""早餐"": """", ""确认政策"": """", ""税费"": """"}",否,价格计价单位未确认；税费包含状态未确认；尚未通过T4人工复核,20260907-003922-csv-f52bd5d0,[LOCAL_HOME]/Desktop/Thailand---泰国/05_GoogleMaps曼谷酒店专用/04_平台详情/酒店售卖方案.csv,T3,否,d739dc12e6be0634b3ed8923da24d3ae7a1c4bc3575fce5ad1e1bd0b623fe05d
ChIJLxrEcMie4jARb4KfjpcicvA,Stayforlong.com,22451,room_a5c061e7bdb66c5330,rate_69661369cb223b9699,1,,,,,,,78,,USD,,,,2026-09-23,2026-09-24,https://www.stayforlong.com/us-en/hotel/th/baiyoke-sky-hotel_bangkok?checkIn=2026-09-23&checkOut=2026-09-24&adults=2&aid=gha&total=68&query_type=pull&ch=0&adclick=free&defaultdate=true&googlesite=mapresults&p=4f6b46716145b682b89cdf6f7f778bcf&rate_token=v2.z6a99306a00b44cb1e76b4c5ab05dad20&source_property_id=22451&source=meta,stayforlong,2026-09-03T07:19:56-07:00,未知,未知,,,否,stayforlong,Bank of Thailand,2026-09-03,"{""优惠标签"": """", ""入住人数"": """", ""其他权益"": """", ""原价"": """", ""取消政策"": """", ""币种"": ""USD"", ""库存提示"": """", ""当前价"": ""78"", ""支付方式"": """", ""早餐"": """", ""确认政策"": """", ""税费"": """"}",否,价格计价单位未确认；税费包含状态未确认；尚未通过T4人工复核,20260907-003922-csv-f52bd5d0,[LOCAL_HOME]/Desktop/Thailand---泰国/05_GoogleMaps曼谷酒店专用/04_平台详情/酒店售卖方案.csv,T3,否,dbe80efd58519396aa228052a28f573e95978f43075a1857bd4d83007d249915
ChIJLxrEcMie4jARb4KfjpcicvA,Stayforlong.com,22451,room_87852e82d817a228c6,rate_38b1802b9a92778284,2,,,,,,,91,,USD,,,,2026-09-23,2026-09-24,https://www.stayforlong.com/us-en/hotel/th/baiyoke-sky-hotel_bangkok?checkIn=2026-09-23&checkOut=2026-09-24&adults=2&aid=gha&total=68&query_type=pull&ch=0&adclick=free&defaultdate=true&googlesite=mapresults&p=4f6b46716145b682b89cdf6f7f778bcf&rate_token=v2.z6a99306a00b44cb1e76b4c5ab05dad20&source_property_id=22451&source=meta,stayforlong,2026-09-03T07:19:56-07:00,未知,未知,,,否,stayforlong,Bank of Thailand,2026-09-03,"{""优惠标签"": """", ""入住人数"": """", ""其他权益"": """", ""原价"": """", ""取消政策"": """", ""币种"": ""USD"", ""库存提示"": """", ""当前价"": ""91"", ""支付方式"": """", ""早餐"": """", ""确认政策"": """", ""税费"": """"}",否,价格计价单位未确认；税费包含状态未确认；尚未通过T4人工复核,20260907-003922-csv-f52bd5d0,[LOCAL_HOME]/Desktop/Thailand---泰国/05_GoogleMaps曼谷酒店专用/04_平台详情/酒店售卖方案.csv,T3,否,e5a408778ad9817758cd848fc38599beee8b16f901856714f64a37fa712262f4
ChIJLxrEcMie4jARb4KfjpcicvA,Trip.com,700948,1574430827,rate_4778b03047bfb34396,1,,,,,,,52.19,,USD,,,,2026-09-23,2026-09-24,https://us.trip.com/hotels/detail/?Allianceid=15214&Sid=1209572&allianceid=15214&sid=1209572&hotelid=700948&city=359&locale=en_us&checkin=2026-09-23&checkout=2026-09-24&ouid=&shoppingid=Mki0N0fpa2qT&roomquantity=&minprice=52.16&mproom=1574430827&fgt=1&starlist=&rate=&amenty=&breakfast=&bookPolicy=&adult=2&children=0&ages=&curr=USD&prid=LANG_US&trip_sub1=23_09_2026_1_mapresults_700948_US_desktop_default___0_0-LANG_US-landing&br=52.16&tf=7.84&display=exavg&crn=1&mincurr=USD&stand=H4sIAAAAAAAA_-Ny52KSYBJi4mCUsuV4feH-O1aL34IBHDMYpzzRWsHIuIOR6SKjZkz_oa8abg4PGUXWuT-sEvFyeMHYPvMh0wIWxoWsbwJ3yLVKJzlI8fhmZxr4GaQVJBoVhigwalx7-OQKmwdjEJulhaGBhVGUDBdziIeT4I_um5NCBU_ZSzGHBrsoPhGRPfn0vpRDEmtqnm5ocEabWBcjkwfjKkZ2LmYDIyMBpk-M_MjmxpuYTGJiNAQA0kqbjLYAAAA,trip,2026-09-03T07:26:25-07:00,未知,未知,,,否,trip,Bank of Thailand,2026-09-03,"{""优惠标签"": """", ""入住人数"": """", ""其他权益"": """", ""原价"": """", ""取消政策"": """", ""币种"": ""USD"", ""库存提示"": """", ""当前价"": ""52.19"", ""支付方式"": """", ""早餐"": """", ""确认政策"": """", ""税费"": """"}",否,价格计价单位未确认；税费包含状态未确认；尚未通过T4人工复核,20260907-003922-csv-f52bd5d0,[LOCAL_HOME]/Desktop/Thailand---泰国/05_GoogleMaps曼谷酒店专用/04_平台详情/酒店售卖方案.csv,T3,否,b8d30aa7a1e180e2e43da96e1f7946056503d5f633f00c070b659098c317eb1f
ChIJLxrEcMie4jARb4KfjpcicvA,Booking.com,27364,2736412,rate_70039cfab42f5329d5,1,,"Free cancellation before September 18, 2026",,prepay,2 adults,276,230,,USD,ent price $92 60% off Getaway Deal Included: 10 % Service charge Excluded: 7 % VAT V,,,2026-09-23,2026-09-24,https://www.booking.com/hotel/th/baiyoke-sky.html?aid=2127489&label=metagha-link-MRUS-hotel-27364_dev-desktop_los-1_bw-20_dow-Wednesday_defdate-1_room-0_gstadt-2_rateid-public_aud-0_gacid-_mcid-34_ppa-0_clrid-0_ad-0_gstkid-0_checkin-20260923_ppt-Thb&sid=f01073f2874a1316fcf70202573191a6&all_sr_blocks=0_0_2_0_0&checkin=2026-09-23&checkout=2026-09-24&dest_id=27364&dest_type=hotel&dist=0&group_adults=2&group_children=0&hapos=1&highlighted_blocks=0_0_2_0_0&hpos=1&matching_block_id=0_0_2_0_0&no_rooms=1&req_adults=2&req_children=0&room1=A%2CA&sb_price_type=total&sr_order=popularity&sr_pri_blocks=0_0_2_0_0__235310&srepoch=1788446296&srpvid=36be66eb7bb8021e&type=total&ucfs=1&,booking,2026-09-03T07:38:39-07:00,未知,未知,,,否,booking,Bank of Thailand,2026-09-03,"{""优惠标签"": ""ent price $92 60% off Getaway Deal Included: 10 % Service charge Excluded: 7 % VAT V"", ""入住人数"": ""2 adults"", ""其他权益"": """", ""原价"": ""276"", ""取消政策"": ""Free cancellation before September 18, 2026"", ""币种"": ""USD"", ""库存提示"": """", ""当前价"": ""230"", ""支付方式"": ""prepay"", ""早餐"": """", ""确认政策"": """", ""税费"": """"}",否,价格计价单位未确认；税费包含状态未确认；尚未通过T4人工复核,20260907-003922-csv-f52bd5d0,[LOCAL_HOME]/Desktop/Thailand---泰国/05_GoogleMaps曼谷酒店专用/04_平台详情/酒店售卖方案.csv,T3,否,02775062ded6a4defb213ca6939c3fcd7a1a2b4e7536c2beddcafc9c8c642f1c
ChIJLxrEcMie4jARb4KfjpcicvA,Booking.com,27364,2736401,rate_8208ece08eaed0288a,1,good breakfast included,"Free cancellation before September 18, 2026",,prepay,2 adults,299,249,,USD,nt price $100 60% off Getaway Deal Included: 10 % Service charge Excluded: 7 % VAT V,,,2026-09-23,2026-09-24,https://www.booking.com/hotel/th/baiyoke-sky.html?aid=2127489&label=metagha-link-MRUS-hotel-27364_dev-desktop_los-1_bw-20_dow-Wednesday_defdate-1_room-0_gstadt-2_rateid-public_aud-0_gacid-_mcid-34_ppa-0_clrid-0_ad-0_gstkid-0_checkin-20260923_ppt-Thb&sid=f01073f2874a1316fcf70202573191a6&all_sr_blocks=0_0_2_0_0&checkin=2026-09-23&checkout=2026-09-24&dest_id=27364&dest_type=hotel&dist=0&group_adults=2&group_children=0&hapos=1&highlighted_blocks=0_0_2_0_0&hpos=1&matching_block_id=0_0_2_0_0&no_rooms=1&req_adults=2&req_children=0&room1=A%2CA&sb_price_type=total&sr_order=popularity&sr_pri_blocks=0_0_2_0_0__235310&srepoch=1788446296&srpvid=36be66eb7bb8021e&type=total&ucfs=1&,booking,2026-09-03T07:38:39-07:00,未知,未知,,,否,booking,Bank of Thailand,2026-09-03,"{""优惠标签"": ""nt price $100 60% off Getaway Deal Included: 10 % Service charge Excluded: 7 % VAT V"", ""入住人数"": ""2 adults"", ""其他权益"": """", ""原价"": ""299"", ""取消政策"": ""Free cancellation before September 18, 2026"", ""币种"": ""USD"", ""库存提示"": """", ""当前价"": ""249"", ""支付方式"": ""prepay"", ""早餐"": ""good breakfast included"", ""确认政策"": """", ""税费"": """"}",否,价格计价单位未确认；税费包含状态未确认；尚未通过T4人工复核,20260907-003922-csv-f52bd5d0,[LOCAL_HOME]/Desktop/Thailand---泰国/05_GoogleMaps曼谷酒店专用/04_平台详情/酒店售卖方案.csv,T3,否,20aea59e793cd342fb6c27fd77cf8beb8360969e2d8bd1b72571592d8507c46d
ChIJLxrEcMie4jARb4KfjpcicvA,Booking.com,27364,2736403,rate_b955543af6291e6b9b,1,good breakfast included,"Free cancellation before September 18, 2026",,prepay,2 adults,323,269,,USD,nt price $108 60% off Getaway Deal Included: 10 % Service charge Excluded: 7 % VAT V,,,2026-09-23,2026-09-24,https://www.booking.com/hotel/th/baiyoke-sky.html?aid=2127489&label=metagha-link-MRUS-hotel-27364_dev-desktop_los-1_bw-20_dow-Wednesday_defdate-1_room-0_gstadt-2_rateid-public_aud-0_gacid-_mcid-34_ppa-0_clrid-0_ad-0_gstkid-0_checkin-20260923_ppt-Thb&sid=f01073f2874a1316fcf70202573191a6&all_sr_blocks=0_0_2_0_0&checkin=2026-09-23&checkout=2026-09-24&dest_id=27364&dest_type=hotel&dist=0&group_adults=2&group_children=0&hapos=1&highlighted_blocks=0_0_2_0_0&hpos=1&matching_block_id=0_0_2_0_0&no_rooms=1&req_adults=2&req_children=0&room1=A%2CA&sb_price_type=total&sr_order=popularity&sr_pri_blocks=0_0_2_0_0__235310&srepoch=1788446296&srpvid=36be66eb7bb8021e&type=total&ucfs=1&,booking,2026-09-03T07:38:39-07:00,未知,未知,,,否,booking,Bank of Thailand,2026-09-03,"{""优惠标签"": ""nt price $108 60% off Getaway Deal Included: 10 % Service charge Excluded: 7 % VAT V"", ""入住人数"": ""2 adults"", ""其他权益"": """", ""原价"": ""323"", ""取消政策"": ""Free cancellation before September 18, 2026"", ""币种"": ""USD"", ""库存提示"": """", ""当前价"": ""269"", ""支付方式"": ""prepay"", ""早餐"": ""good breakfast included"", ""确认政策"": """", ""税费"": """"}",否,价格计价单位未确认；税费包含状态未确认；尚未通过T4人工复核,20260907-003922-csv-f52bd5d0,[LOCAL_HOME]/Desktop/Thailand---泰国/05_GoogleMaps曼谷酒店专用/04_平台详情/酒店售卖方案.csv,T3,否,3b218783382dd420811e5dfea2f92ec422c6e17508954b2b7c764b68e86fa3b4
ChIJLxrEcMie4jARb4KfjpcicvA,Booking.com,27364,2736402,rate_8d61dbe7fec1a42adf,1,good breakfast included,"Free cancellation before September 18, 2026",,prepay,2 adults,357,298,,USD,nt price $119 60% off Getaway Deal Included: 10 % Service charge Excluded: 7 % VAT V,,,2026-09-23,2026-09-24,https://www.booking.com/hotel/th/baiyoke-sky.html?aid=2127489&label=metagha-link-MRUS-hotel-27364_dev-desktop_los-1_bw-20_dow-Wednesday_defdate-1_room-0_gstadt-2_rateid-public_aud-0_gacid-_mcid-34_ppa-0_clrid-0_ad-0_gstkid-0_checkin-20260923_ppt-Thb&sid=f01073f2874a1316fcf70202573191a6&all_sr_blocks=0_0_2_0_0&checkin=2026-09-23&checkout=2026-09-24&dest_id=27364&dest_type=hotel&dist=0&group_adults=2&group_children=0&hapos=1&highlighted_blocks=0_0_2_0_0&hpos=1&matching_block_id=0_0_2_0_0&no_rooms=1&req_adults=2&req_children=0&room1=A%2CA&sb_price_type=total&sr_order=popularity&sr_pri_blocks=0_0_2_0_0__235310&srepoch=1788446296&srpvid=36be66eb7bb8021e&type=total&ucfs=1&,booking,2026-09-03T07:38:39-07:00,未知,未知,,,否,booking,Bank of Thailand,2026-09-03,"{""优惠标签"": ""nt price $119 60% off Getaway Deal Included: 10 % Service charge Excluded: 7 % VAT V"", ""入住人数"": ""2 adults"", ""其他权益"": """", ""原价"": ""357"", ""取消政策"": ""Free cancellation before September 18, 2026"", ""币种"": ""USD"", ""库存提示"": """", ""当前价"": ""298"", ""支付方式"": ""prepay"", ""早餐"": ""good breakfast included"", ""确认政策"": """", ""税费"": """"}",否,价格计价单位未确认；税费包含状态未确认；尚未通过T4人工复核,20260907-003922-csv-f52bd5d0,[LOCAL_HOME]/Desktop/Thailand---泰国/05_GoogleMaps曼谷酒店专用/04_平台详情/酒店售卖方案.csv,T3,否,569a8d09c5e571a3107b40b0eec3338b18f2f20d0df1300623dd90266b2619a1
ChIJLxrEcMie4jARb4KfjpcicvA,Booking.com,27364,2736406,rate_ef1d9bf48bfe32f0a0,1,,"Free cancellation before September 18, 2026",,prepay,2 adults,221,184,,USD,ent price $74 60% off Getaway Deal Included: 10 % Service charge Excluded: 7 % VAT V,,,2026-09-23,2026-09-24,https://www.booking.com/hotel/th/baiyoke-sky.html?aid=2127489&label=metagha-link-MRUS-hotel-27364_dev-desktop_los-1_bw-20_dow-Wednesday_defdate-1_room-0_gstadt-2_rateid-public_aud-0_gacid-_mcid-34_ppa-0_clrid-0_ad-0_gstkid-0_checkin-20260923_ppt-Thb&sid=f01073f2874a1316fcf70202573191a6&all_sr_blocks=0_0_2_0_0&checkin=2026-09-23&checkout=2026-09-24&dest_id=27364&dest_type=hotel&dist=0&group_adults=2&group_children=0&hapos=1&highlighted_blocks=0_0_2_0_0&hpos=1&matching_block_id=0_0_2_0_0&no_rooms=1&req_adults=2&req_children=0&room1=A%2CA&sb_price_type=total&sr_order=popularity&sr_pri_blocks=0_0_2_0_0__235310&srepoch=1788446296&srpvid=36be66eb7bb8021e&type=total&ucfs=1&,booking,2026-09-03T07:38:39-07:00,未知,未知,,,否,booking,Bank of Thailand,2026-09-03,"{""优惠标签"": ""ent price $74 60% off Getaway Deal Included: 10 % Service charge Excluded: 7 % VAT V"", ""入住人数"": ""2 adults"", ""其他权益"": """", ""原价"": ""221"", ""取消政策"": ""Free cancellation before September 18, 2026"", ""币种"": ""USD"", ""库存提示"": """", ""当前价"": ""184"", ""支付方式"": ""prepay"", ""早餐"": """", ""确认政策"": """", ""税费"": """"}",否,价格计价单位未确认；税费包含状态未确认；尚未通过T4人工复核,20260907-003922-csv-f52bd5d0,[LOCAL_HOME]/Desktop/Thailand---泰国/05_GoogleMaps曼谷酒店专用/04_平台详情/酒店售卖方案.csv,T3,否,589bb2c8e3234de6edf3fc59b70b1ab2d4521c76dd4d74bdf5d2bb323a411b82
ChIJLxrEcMie4jARb4KfjpcicvA,Booking.com,27364,2736418,rate_10a1c5a6ea59977354,1,,"Free cancellation before September 18, 2026",,prepay,2 adults,238,198,,USD,ent price $79 60% off Getaway Deal Included: 10 % Service charge Excluded: 7 % VAT V,,,2026-09-23,2026-09-24,https://www.booking.com/hotel/th/baiyoke-sky.html?aid=2127489&label=metagha-link-MRUS-hotel-27364_dev-desktop_los-1_bw-20_dow-Wednesday_defdate-1_room-0_gstadt-2_rateid-public_aud-0_gacid-_mcid-34_ppa-0_clrid-0_ad-0_gstkid-0_checkin-20260923_ppt-Thb&sid=f01073f2874a1316fcf70202573191a6&all_sr_blocks=0_0_2_0_0&checkin=2026-09-23&checkout=2026-09-24&dest_id=27364&dest_type=hotel&dist=0&group_adults=2&group_children=0&hapos=1&highlighted_blocks=0_0_2_0_0&hpos=1&matching_block_id=0_0_2_0_0&no_rooms=1&req_adults=2&req_children=0&room1=A%2CA&sb_price_type=total&sr_order=popularity&sr_pri_blocks=0_0_2_0_0__235310&srepoch=1788446296&srpvid=36be66eb7bb8021e&type=total&ucfs=1&,booking,2026-09-03T07:38:39-07:00,未知,未知,,,否,booking,Bank of Thailand,2026-09-03,"{""优惠标签"": ""ent price $79 60% off Getaway Deal Included: 10 % Service charge Excluded: 7 % VAT V"", ""入住人数"": ""2 adults"", ""其他权益"": """", ""原价"": ""238"", ""取消政策"": ""Free cancellation before September 18, 2026"", ""币种"": ""USD"", ""库存提示"": """", ""当前价"": ""198"", ""支付方式"": ""prepay"", ""早餐"": """", ""确认政策"": """", ""税费"": """"}",否,价格计价单位未确认；税费包含状态未确认；尚未通过T4人工复核,20260907-003922-csv-f52bd5d0,[LOCAL_HOME]/Desktop/Thailand---泰国/05_GoogleMaps曼谷酒店专用/04_平台详情/酒店售卖方案.csv,T3,否,64926a7895a43d89f190e3653a9b9f0d59be33a3e11126270edcdd7dca1b691b
ChIJLxrEcMie4jARb4KfjpcicvA,Booking.com,27364,2736417,rate_46537ad99a7a5d17e8,1,,"Free cancellation before September 18, 2026",,prepay,2 adults,276,230,,USD,ent price $92 60% off Getaway Deal Included: 10 % Service charge Excluded: 7 % VAT V,,,2026-09-23,2026-09-24,https://www.booking.com/hotel/th/baiyoke-sky.html?aid=2127489&label=metagha-link-MRUS-hotel-27364_dev-desktop_los-1_bw-20_dow-Wednesday_defdate-1_room-0_gstadt-2_rateid-public_aud-0_gacid-_mcid-34_ppa-0_clrid-0_ad-0_gstkid-0_checkin-20260923_ppt-Thb&sid=f01073f2874a1316fcf70202573191a6&all_sr_blocks=0_0_2_0_0&checkin=2026-09-23&checkout=2026-09-24&dest_id=27364&dest_type=hotel&dist=0&group_adults=2&group_children=0&hapos=1&highlighted_blocks=0_0_2_0_0&hpos=1&matching_block_id=0_0_2_0_0&no_rooms=1&req_adults=2&req_children=0&room1=A%2CA&sb_price_type=total&sr_order=popularity&sr_pri_blocks=0_0_2_0_0__235310&srepoch=1788446296&srpvid=36be66eb7bb8021e&type=total&ucfs=1&,booking,2026-09-03T07:38:39-07:00,未知,未知,,,否,booking,Bank of Thailand,2026-09-03,"{""优惠标签"": ""ent price $92 60% off Getaway Deal Included: 10 % Service charge Excluded: 7 % VAT V"", ""入住人数"": ""2 adults"", ""其他权益"": """", ""原价"": ""276"", ""取消政策"": ""Free cancellation before September 18, 2026"", ""币种"": ""USD"", ""库存提示"": """", ""当前价"": ""230"", ""支付方式"": ""prepay"", ""早餐"": """", ""确认政策"": """", ""税费"": """"}",否,价格计价单位未确认；税费包含状态未确认；尚未通过T4人工复核,20260907-003922-csv-f52bd5d0,[LOCAL_HOME]/Desktop/Thailand---泰国/05_GoogleMaps曼谷酒店专用/04_平台详情/酒店售卖方案.csv,T3,否,688286565e32354dfa50fa2cee591ef568254f3644c97a35e9ba4e25c12fc5a9
ChIJLxrEcMie4jARb4KfjpcicvA,Booking.com,27364,2736413,rate_3539380f090486af8c,1,good breakfast included,"Free cancellation before September 18, 2026",,prepay,2 adults,391,326,,USD,nt price $130 60% off Getaway Deal Included: 10 % Service charge Excluded: 7 % VAT V,,,2026-09-23,2026-09-24,https://www.booking.com/hotel/th/baiyoke-sky.html?aid=2127489&label=metagha-link-MRUS-hotel-27364_dev-desktop_los-1_bw-20_dow-Wednesday_defdate-1_room-0_gstadt-2_rateid-public_aud-0_gacid-_mcid-34_ppa-0_clrid-0_ad-0_gstkid-0_checkin-20260923_ppt-Thb&sid=f01073f2874a1316fcf70202573191a6&all_sr_blocks=0_0_2_0_0&checkin=2026-09-23&checkout=2026-09-24&dest_id=27364&dest_type=hotel&dist=0&group_adults=2&group_children=0&hapos=1&highlighted_blocks=0_0_2_0_0&hpos=1&matching_block_id=0_0_2_0_0&no_rooms=1&req_adults=2&req_children=0&room1=A%2CA&sb_price_type=total&sr_order=popularity&sr_pri_blocks=0_0_2_0_0__235310&srepoch=1788446296&srpvid=36be66eb7bb8021e&type=total&ucfs=1&,booking,2026-09-03T07:38:39-07:00,未知,未知,,,否,booking,Bank of Thailand,2026-09-03,"{""优惠标签"": ""nt price $130 60% off Getaway Deal Included: 10 % Service charge Excluded: 7 % VAT V"", ""入住人数"": ""2 adults"", ""其他权益"": """", ""原价"": ""391"", ""取消政策"": ""Free cancellation before September 18, 2026"", ""币种"": ""USD"", ""库存提示"": """", ""当前价"": ""326"", ""支付方式"": ""prepay"", ""早餐"": ""good breakfast included"", ""确认政策"": """", ""税费"": """"}",否,价格计价单位未确认；税费包含状态未确认；尚未通过T4人工复核,20260907-003922-csv-f52bd5d0,[LOCAL_HOME]/Desktop/Thailand---泰国/05_GoogleMaps曼谷酒店专用/04_平台详情/酒店售卖方案.csv,T3,否,8948bb825402f669193963671a7905de60c757ec2cce71708e56b8f60b56986f
ChIJLxrEcMie4jARb4KfjpcicvA,Booking.com,27364,2736410,rate_7068ff7fa7345ca034,1,,"Free cancellation before September 18, 2026",,prepay,2 adults,248,207,,USD,ent price $83 60% off Getaway Deal Included: 10 % Service charge Excluded: 7 % VAT V,,,2026-09-23,2026-09-24,https://www.booking.com/hotel/th/baiyoke-sky.html?aid=2127489&label=metagha-link-MRUS-hotel-27364_dev-desktop_los-1_bw-20_dow-Wednesday_defdate-1_room-0_gstadt-2_rateid-public_aud-0_gacid-_mcid-34_ppa-0_clrid-0_ad-0_gstkid-0_checkin-20260923_ppt-Thb&sid=f01073f2874a1316fcf70202573191a6&all_sr_blocks=0_0_2_0_0&checkin=2026-09-23&checkout=2026-09-24&dest_id=27364&dest_type=hotel&dist=0&group_adults=2&group_children=0&hapos=1&highlighted_blocks=0_0_2_0_0&hpos=1&matching_block_id=0_0_2_0_0&no_rooms=1&req_adults=2&req_children=0&room1=A%2CA&sb_price_type=total&sr_order=popularity&sr_pri_blocks=0_0_2_0_0__235310&srepoch=1788446296&srpvid=36be66eb7bb8021e&type=total&ucfs=1&,booking,2026-09-03T07:38:39-07:00,未知,未知,,,否,booking,Bank of Thailand,2026-09-03,"{""优惠标签"": ""ent price $83 60% off Getaway Deal Included: 10 % Service charge Excluded: 7 % VAT V"", ""入住人数"": ""2 adults"", ""其他权益"": """", ""原价"": ""248"", ""取消政策"": ""Free cancellation before September 18, 2026"", ""币种"": ""USD"", ""库存提示"": """", ""当前价"": ""207"", ""支付方式"": ""prepay"", ""早餐"": """", ""确认政策"": """", ""税费"": """"}",否,价格计价单位未确认；税费包含状态未确认；尚未通过T4人工复核,20260907-003922-csv-f52bd5d0,[LOCAL_HOME]/Desktop/Thailand---泰国/05_GoogleMaps曼谷酒店专用/04_平台详情/酒店售卖方案.csv,T3,否,bb58aba37688248aa8765dd6873ca0ec87a32d6c7e6c699d7829e6b522b4ada2
ChIJLxrEcMie4jARb4KfjpcicvA,Booking.com,27364,bbasic_0,rate_6e337faeab8fc926cc,1,,"Free cancellation before September 18, 2026",,,,,71,,USD,,,,2026-09-23,2026-09-24,https://www.booking.com/hotel/th/baiyoke-sky.html?aid=2127489&label=metagha-link-MRUS-hotel-27364_dev-desktop_los-1_bw-20_dow-Wednesday_defdate-1_room-0_gstadt-2_rateid-public_aud-0_gacid-_mcid-34_ppa-0_clrid-0_ad-0_gstkid-0_checkin-20260923_ppt-Thb&sid=f01073f2874a1316fcf70202573191a6&all_sr_blocks=0_0_2_0_0&checkin=2026-09-23&checkout=2026-09-24&dest_id=27364&dest_type=hotel&dist=0&group_adults=2&group_children=0&hapos=1&highlighted_blocks=0_0_2_0_0&hpos=1&matching_block_id=0_0_2_0_0&no_rooms=1&req_adults=2&req_children=0&room1=A%2CA&sb_price_type=total&sr_order=popularity&sr_pri_blocks=0_0_2_0_0__235310&srepoch=1788446296&srpvid=36be66eb7bb8021e&type=total&ucfs=1&,booking,2026-09-03T07:38:39-07:00,未知,未知,,,否,booking,Bank of Thailand,2026-09-03,"{""优惠标签"": """", ""入住人数"": """", ""其他权益"": """", ""原价"": """", ""取消政策"": ""Free cancellation before September 18, 2026"", ""币种"": ""USD"", ""库存提示"": """", ""当前价"": ""71"", ""支付方式"": """", ""早餐"": """", ""确认政策"": """", ""税费"": """"}",否,价格计价单位未确认；税费包含状态未确认；尚未通过T4人工复核,20260907-003922-csv-f52bd5d0,[LOCAL_HOME]/Desktop/Thailand---泰国/05_GoogleMaps曼谷酒店专用/04_平台详情/酒店售卖方案.csv,T3,否,daef94adec117896094339162cd4dd099b070f81c174d648dc3fbb14d9bd5cfd
ChIJLxrEcMie4jARb4KfjpcicvA,Booking.com,27364,2736411,rate_b59e8c555b5c272e62,1,,"Free cancellation before September 18, 2026",,prepay,2 adults,276,230,,USD,ent price $92 60% off Getaway Deal Included: 10 % Service charge Excluded: 7 % VAT V,,,2026-09-23,2026-09-24,https://www.booking.com/hotel/th/baiyoke-sky.html?aid=2127489&label=metagha-link-MRUS-hotel-27364_dev-desktop_los-1_bw-20_dow-Wednesday_defdate-1_room-0_gstadt-2_rateid-public_aud-0_gacid-_mcid-34_ppa-0_clrid-0_ad-0_gstkid-0_checkin-20260923_ppt-Thb&sid=f01073f2874a1316fcf70202573191a6&all_sr_blocks=0_0_2_0_0&checkin=2026-09-23&checkout=2026-09-24&dest_id=27364&dest_type=hotel&dist=0&group_adults=2&group_children=0&hapos=1&highlighted_blocks=0_0_2_0_0&hpos=1&matching_block_id=0_0_2_0_0&no_rooms=1&req_adults=2&req_children=0&room1=A%2CA&sb_price_type=total&sr_order=popularity&sr_pri_blocks=0_0_2_0_0__235310&srepoch=1788446296&srpvid=36be66eb7bb8021e&type=total&ucfs=1&,booking,2026-09-03T07:38:39-07:00,未知,未知,,,否,booking,Bank of Thailand,2026-09-03,"{""优惠标签"": ""ent price $92 60% off Getaway Deal Included: 10 % Service charge Excluded: 7 % VAT V"", ""入住人数"": ""2 adults"", ""其他权益"": """", ""原价"": ""276"", ""取消政策"": ""Free cancellation before September 18, 2026"", ""币种"": ""USD"", ""库存提示"": """", ""当前价"": ""230"", ""支付方式"": ""prepay"", ""早餐"": """", ""确认政策"": """", ""税费"": """"}",否,价格计价单位未确认；税费包含状态未确认；尚未通过T4人工复核,20260907-003922-csv-f52bd5d0,[LOCAL_HOME]/Desktop/Thailand---泰国/05_GoogleMaps曼谷酒店专用/04_平台详情/酒店售卖方案.csv,T3,否,fb6b0747b5e84d4fe278ef0bb67d5c5610365365790ae6c8eebf560331be932b
ChIJi-YG88We4jARAkpfrYgaG-A,Agoda,461790,room_ddc3f0694673ad29bb,rate_2b3102d39a35aa1132,1,Good breakfast available (USD 14 / person),Non-refundable (Low price!),,Book and pay now,2 adults,,69,Per night before taxes,USD,ee WiFi See details Rewards & discounts Limited Time Offer. Price includes 5% discount!,,,2026-11-05,2026-11-06,https://www.agoda.com/the-berkeley-hotel-pratunam/hotel/bangkok-th.html?countryId=106&finalPriceView=1&isShowMobileAppPrice=false&cid=1917614&numberOfBedrooms=&familyMode=false&adults=2&children=0&rooms=1&maxRooms=0&checkIn=2026-11-5&isCalendarCallout=false&childAges=&numberOfGuest=0&missingChildAges=false&travellerType=1&showReviewSubmissionEntry=false&currencyCode=USD&isFreeOccSearch=false&los=1&searchrequestid=3c779056-ae9e-4778-b6fa-dcad2f3114b8&ds=vypcfLgcYZgZxTDc,agoda,2026-09-03T07:39:44-07:00,未知,未知,,,否,agoda,Bank of Thailand,2026-09-03,"{""优惠标签"": ""ee WiFi See details Rewards & discounts Limited Time Offer. Price includes 5% discount!"", ""入住人数"": ""2 adults"", ""其他权益"": """", ""原价"": """", ""取消政策"": ""Non-refundable (Low price!)"", ""币种"": ""USD"", ""库存提示"": """", ""当前价"": ""69"", ""支付方式"": ""Book and pay now"", ""早餐"": ""Good breakfast available (USD 14 / person)"", ""确认政策"": """", ""税费"": ""Per night before taxes""}",否,价格计价单位未确认；税费包含状态未确认；尚未通过T4人工复核,20260907-003922-csv-f52bd5d0,[LOCAL_HOME]/Desktop/Thailand---泰国/05_GoogleMaps曼谷酒店专用/04_平台详情/酒店售卖方案.csv,T3,否,180c4a7ed23f3e649ca2ae9fac3a9e64a729bb1b020a7c26512c0f82324f5497
ChIJi-YG88We4jARAkpfrYgaG-A,Agoda,461790,room_ff5812c6a0d4079938,rate_8c9a59a82eb2bb89e2,3,Good breakfast included,Non-refundable (Low price!),,Book and pay now,2 adults,,159,Per night before taxes,USD,,,,2026-11-05,2026-11-06,https://www.agoda.com/the-berkeley-hotel-pratunam/hotel/bangkok-th.html?countryId=106&finalPriceView=1&isShowMobileAppPrice=false&cid=1917614&numberOfBedrooms=&familyMode=false&adults=2&children=0&rooms=1&maxRooms=0&checkIn=2026-11-5&isCalendarCallout=false&childAges=&numberOfGuest=0&missingChildAges=false&travellerType=1&showReviewSubmissionEntry=false&currencyCode=USD&isFreeOccSearch=false&los=1&searchrequestid=3c779056-ae9e-4778-b6fa-dcad2f3114b8&ds=vypcfLgcYZgZxTDc,agoda,2026-09-03T07:39:44-07:00,未知,未知,,,否,agoda,Bank of Thailand,2026-09-03,"{""优惠标签"": """", ""入住人数"": ""2 adults"", ""其他权益"": """", ""原价"": """", ""取消政策"": ""Non-refundable (Low price!)"", ""币种"": ""USD"", ""库存提示"": """", ""当前价"": ""159"", ""支付方式"": ""Book and pay now"", ""早餐"": ""Good breakfast included"", ""确认政策"": """", ""税费"": ""Per night before taxes""}",否,价格计价单位未确认；税费包含状态未确认；尚未通过T4人工复核,20260907-003922-csv-f52bd5d0,[LOCAL_HOME]/Desktop/Thailand---泰国/05_GoogleMaps曼谷酒店专用/04_平台详情/酒店售卖方案.csv,T3,否,1992990f3eeae819ddf4f47c7dc614c28686bc999ffc4c7dd5f678485777ad48
ChIJi-YG88We4jARAkpfrYgaG-A,Agoda,461790,room_8003f01b4284cc6ddf,rate_0e70fb3b41dd4df52a,1,Good breakfast available (USD 14 / person),Non-refundable (Low price!),,Book and pay now,3 adults,,101,Per night before taxes,USD,ee WiFi See details Rewards & discounts Limited Time Offer. Price includes 5% discount!,,,2026-11-05,2026-11-06,https://www.agoda.com/the-berkeley-hotel-pratunam/hotel/bangkok-th.html?countryId=106&finalPriceView=1&isShowMobileAppPrice=false&cid=1917614&numberOfBedrooms=&familyMode=false&adults=2&children=0&rooms=1&maxRooms=0&checkIn=2026-11-5&isCalendarCallout=false&childAges=&numberOfGuest=0&missingChildAges=false&travellerType=1&showReviewSubmissionEntry=false&currencyCode=USD&isFreeOccSearch=false&los=1&searchrequestid=3c779056-ae9e-4778-b6fa-dcad2f3114b8&ds=vypcfLgcYZgZxTDc,agoda,2026-09-03T07:39:44-07:00,未知,未知,,,否,agoda,Bank of Thailand,2026-09-03,"{""优惠标签"": ""ee WiFi See details Rewards & discounts Limited Time Offer. Price includes 5% discount!"", ""入住人数"": ""3 adults"", ""其他权益"": """", ""原价"": """", ""取消政策"": ""Non-refundable (Low price!)"", ""币种"": ""USD"", ""库存提示"": """", ""当前价"": ""101"", ""支付方式"": ""Book and pay now"", ""早餐"": ""Good breakfast available (USD 14 / person)"", ""确认政策"": """", ""税费"": ""Per night before taxes""}",否,价格计价单位未确认；税费包含状态未确认；尚未通过T4人工复核,20260907-003922-csv-f52bd5d0,[LOCAL_HOME]/Desktop/Thailand---泰国/05_GoogleMaps曼谷酒店专用/04_平台详情/酒店售卖方案.csv,T3,否,23eb18e72a68667d42e1b07afab3dc875ee107d7f209b95ea6ccf38b581c79de
ChIJi-YG88We4jARAkpfrYgaG-A,Agoda,461790,room_8003f01b4284cc6ddf,rate_1788e0157e97e11d7c,3,Good breakfast included,Non-refundable (Low price!),,Book and pay now,3 adults,,120,Per night before taxes,USD,ee WiFi See details Rewards & discounts Limited Time Offer. Price includes 5% discount!,,,2026-11-05,2026-11-06,https://www.agoda.com/the-berkeley-hotel-pratunam/hotel/bangkok-th.html?countryId=106&finalPriceView=1&isShowMobileAppPrice=false&cid=1917614&numberOfBedrooms=&familyMode=false&adults=2&children=0&rooms=1&maxRooms=0&checkIn=2026-11-5&isCalendarCallout=false&childAges=&numberOfGuest=0&missingChildAges=false&travellerType=1&showReviewSubmissionEntry=false&currencyCode=USD&isFreeOccSearch=false&los=1&searchrequestid=3c779056-ae9e-4778-b6fa-dcad2f3114b8&ds=vypcfLgcYZgZxTDc,agoda,2026-09-03T07:39:44-07:00,未知,未知,,,否,agoda,Bank of Thailand,2026-09-03,"{""优惠标签"": ""ee WiFi See details Rewards & discounts Limited Time Offer. Price includes 5% discount!"", ""入住人数"": ""3 adults"", ""其他权益"": """", ""原价"": """", ""取消政策"": ""Non-refundable (Low price!)"", ""币种"": ""USD"", ""库存提示"": """", ""当前价"": ""120"", ""支付方式"": ""Book and pay now"", ""早餐"": ""Good breakfast included"", ""确认政策"": """", ""税费"": ""Per night before taxes""}",否,价格计价单位未确认；税费包含状态未确认；尚未通过T4人工复核,20260907-003922-csv-f52bd5d0,[LOCAL_HOME]/Desktop/Thailand---泰国/05_GoogleMaps曼谷酒店专用/04_平台详情/酒店售卖方案.csv,T3,否,355a2c945545ec857f6a73cf633156066354ca8524db3a1c7b0eb4755af47dd8
ChIJi-YG88We4jARAkpfrYgaG-A,Agoda,461790,room_ff5812c6a0d4079938,rate_0dcb2763267b68a911,4,Good breakfast included,"Cancel for free before Nov 2, 2026",,"No payment until Oct 31, 2026",4 adults,,181,Per night before taxes,USD,ee WiFi See details Rewards & discounts Limited Time Offer. Price includes 5% discount!,,,2026-11-05,2026-11-06,https://www.agoda.com/the-berkeley-hotel-pratunam/hotel/bangkok-th.html?countryId=106&finalPriceView=1&isShowMobileAppPrice=false&cid=1917614&numberOfBedrooms=&familyMode=false&adults=2&children=0&rooms=1&maxRooms=0&checkIn=2026-11-5&isCalendarCallout=false&childAges=&numberOfGuest=0&missingChildAges=false&travellerType=1&showReviewSubmissionEntry=false&currencyCode=USD&isFreeOccSearch=false&los=1&searchrequestid=3c779056-ae9e-4778-b6fa-dcad2f3114b8&ds=vypcfLgcYZgZxTDc,agoda,2026-09-03T07:39:44-07:00,未知,未知,,,否,agoda,Bank of Thailand,2026-09-03,"{""优惠标签"": ""ee WiFi See details Rewards & discounts Limited Time Offer. Price includes 5% discount!"", ""入住人数"": ""4 adults"", ""其他权益"": """", ""原价"": """", ""取消政策"": ""Cancel for free before Nov 2, 2026"", ""币种"": ""USD"", ""库存提示"": """", ""当前价"": ""181"", ""支付方式"": ""No payment until Oct 31, 2026"", ""早餐"": ""Good breakfast included"", ""确认政策"": """", ""税费"": ""Per night before taxes""}",否,价格计价单位未确认；税费包含状态未确认；尚未通过T4人工复核,20260907-003922-csv-f52bd5d0,[LOCAL_HOME]/Desktop/Thailand---泰国/05_GoogleMaps曼谷酒店专用/04_平台详情/酒店售卖方案.csv,T3,否,43b826c94a2c99481f9ee012a1e8cd3e19d436848c8479634f61922dbd9349a1
ChIJi-YG88We4jARAkpfrYgaG-A,Agoda,461790,room_8003f01b4284cc6ddf,rate_e5dce4c1896058f22e,2,Good breakfast available (USD 14 / person),"Cancel for free before Nov 2, 2026",,"No payment until Oct 31, 2026",3 adults,,104,Per night before taxes,USD,ee WiFi See details Rewards & discounts Limited Time Offer. Price includes 5% discount!,,,2026-11-05,2026-11-06,https://www.agoda.com/the-berkeley-hotel-pratunam/hotel/bangkok-th.html?countryId=106&finalPriceView=1&isShowMobileAppPrice=false&cid=1917614&numberOfBedrooms=&familyMode=false&adults=2&children=0&rooms=1&maxRooms=0&checkIn=2026-11-5&isCalendarCallout=false&childAges=&numberOfGuest=0&missingChildAges=false&travellerType=1&showReviewSubmissionEntry=false&currencyCode=USD&isFreeOccSearch=false&los=1&searchrequestid=3c779056-ae9e-4778-b6fa-dcad2f3114b8&ds=vypcfLgcYZgZxTDc,agoda,2026-09-03T07:39:44-07:00,未知,未知,,,否,agoda,Bank of Thailand,2026-09-03,"{""优惠标签"": ""ee WiFi See details Rewards & discounts Limited Time Offer. Price includes 5% discount!"", ""入住人数"": ""3 adults"", ""其他权益"": """", ""原价"": """", ""取消政策"": ""Cancel for free before Nov 2, 2026"", ""币种"": ""USD"", ""库存提示"": """", ""当前价"": ""104"", ""支付方式"": ""No payment until Oct 31, 2026"", ""早餐"": ""Good breakfast available (USD 14 / person)"", ""确认政策"": """", ""税费"": ""Per night before taxes""}",否,价格计价单位未确认；税费包含状态未确认；尚未通过T4人工复核,20260907-003922-csv-f52bd5d0,[LOCAL_HOME]/Desktop/Thailand---泰国/05_GoogleMaps曼谷酒店专用/04_平台详情/酒店售卖方案.csv,T3,否,5d98579c34fd6a072b14f6d49cc63622563132507e7e1cfcd75f3bdc099b9069
ChIJi-YG88We4jARAkpfrYgaG-A,Agoda,461790,room_61810899eff5ddcf2d,rate_7ed09d8b0ed4007893,4,Good breakfast included,"Cancel for free before Nov 2, 2026",,"No payment until Oct 31, 2026",2 adults,,98,Per night before taxes,USD,ee WiFi See details Rewards & discounts Limited Time Offer. Price includes 5% discount!,,,2026-11-05,2026-11-06,https://www.agoda.com/the-berkeley-hotel-pratunam/hotel/bangkok-th.html?countryId=106&finalPriceView=1&isShowMobileAppPrice=false&cid=1917614&numberOfBedrooms=&familyMode=false&adults=2&children=0&rooms=1&maxRooms=0&checkIn=2026-11-5&isCalendarCallout=false&childAges=&numberOfGuest=0&missingChildAges=false&travellerType=1&showReviewSubmissionEntry=false&currencyCode=USD&isFreeOccSearch=false&los=1&searchrequestid=3c779056-ae9e-4778-b6fa-dcad2f3114b8&ds=vypcfLgcYZgZxTDc,agoda,2026-09-03T07:39:44-07:00,未知,未知,,,否,agoda,Bank of Thailand,2026-09-03,"{""优惠标签"": ""ee WiFi See details Rewards & discounts Limited Time Offer. Price includes 5% discount!"", ""入住人数"": ""2 adults"", ""其他权益"": """", ""原价"": """", ""取消政策"": ""Cancel for free before Nov 2, 2026"", ""币种"": ""USD"", ""库存提示"": """", ""当前价"": ""98"", ""支付方式"": ""No payment until Oct 31, 2026"", ""早餐"": ""Good breakfast included"", ""确认政策"": """", ""税费"": ""Per night before taxes""}",否,价格计价单位未确认；税费包含状态未确认；尚未通过T4人工复核,20260907-003922-csv-f52bd5d0,[LOCAL_HOME]/Desktop/Thailand---泰国/05_GoogleMaps曼谷酒店专用/04_平台详情/酒店售卖方案.csv,T3,否,6f15d9cfd9b0d0ae124d78088df5ab35398354708bae23668a8d7a266d9fb7b0
ChIJi-YG88We4jARAkpfrYgaG-A,Agoda,461790,room_ff5812c6a0d4079938,rate_dbc89195997f294a2c,2,Good breakfast available (USD 14 / person),"Cancel for free before Nov 2, 2026",,"No payment until Oct 31, 2026",4 adults,,125,Per night before taxes,USD,ee WiFi See details Rewards & discounts Limited Time Offer. Price includes 5% discount!,,,2026-11-05,2026-11-06,https://www.agoda.com/the-berkeley-hotel-pratunam/hotel/bangkok-th.html?countryId=106&finalPriceView=1&isShowMobileAppPrice=false&cid=1917614&numberOfBedrooms=&familyMode=false&adults=2&children=0&rooms=1&maxRooms=0&checkIn=2026-11-5&isCalendarCallout=false&childAges=&numberOfGuest=0&missingChildAges=false&travellerType=1&showReviewSubmissionEntry=false&currencyCode=USD&isFreeOccSearch=false&los=1&searchrequestid=3c779056-ae9e-4778-b6fa-dcad2f3114b8&ds=vypcfLgcYZgZxTDc,agoda,2026-09-03T07:39:44-07:00,未知,未知,,,否,agoda,Bank of Thailand,2026-09-03,"{""优惠标签"": ""ee WiFi See details Rewards & discounts Limited Time Offer. Price includes 5% discount!"", ""入住人数"": ""4 adults"", ""其他权益"": """", ""原价"": """", ""取消政策"": ""Cancel for free before Nov 2, 2026"", ""币种"": ""USD"", ""库存提示"": """", ""当前价"": ""125"", ""支付方式"": ""No payment until Oct 31, 2026"", ""早餐"": ""Good breakfast available (USD 14 / person)"", ""确认政策"": """", ""税费"": ""Per night before taxes""}",否,价格计价单位未确认；税费包含状态未确认；尚未通过T4人工复核,20260907-003922-csv-f52bd5d0,[LOCAL_HOME]/Desktop/Thailand---泰国/05_GoogleMaps曼谷酒店专用/04_平台详情/酒店售卖方案.csv,T3,否,94eade4456be311564434d79ded5b82e2e447c0eae582215f4c317f4e3131ce3
ChIJi-YG88We4jARAkpfrYgaG-A,Agoda,461790,room_ddc3f0694673ad29bb,rate_b7d077933c9ef357b7,2,Good breakfast available (USD 14 / person),"Cancel for free before Nov 2, 2026",,"No payment until Oct 31, 2026",2 adults,,72,Per night before taxes,USD,ee WiFi See details Rewards & discounts Limited Time Offer. Price includes 5% discount!,,,2026-11-05,2026-11-06,https://www.agoda.com/the-berkeley-hotel-pratunam/hotel/bangkok-th.html?countryId=106&finalPriceView=1&isShowMobileAppPrice=false&cid=1917614&numberOfBedrooms=&familyMode=false&adults=2&children=0&rooms=1&maxRooms=0&checkIn=2026-11-5&isCalendarCallout=false&childAges=&numberOfGuest=0&missingChildAges=false&travellerType=1&showReviewSubmissionEntry=false&currencyCode=USD&isFreeOccSearch=false&los=1&searchrequestid=3c779056-ae9e-4778-b6fa-dcad2f3114b8&ds=vypcfLgcYZgZxTDc,agoda,2026-09-03T07:39:44-07:00,未知,未知,,,否,agoda,Bank of Thailand,2026-09-03,"{""优惠标签"": ""ee WiFi See details Rewards & discounts Limited Time Offer. Price includes 5% discount!"", ""入住人数"": ""2 adults"", ""其他权益"": """", ""原价"": """", ""取消政策"": ""Cancel for free before Nov 2, 2026"", ""币种"": ""USD"", ""库存提示"": """", ""当前价"": ""72"", ""支付方式"": ""No payment until Oct 31, 2026"", ""早餐"": ""Good breakfast available (USD 14 / person)"", ""确认政策"": """", ""税费"": ""Per night before taxes""}",否,价格计价单位未确认；税费包含状态未确认；尚未通过T4人工复核,20260907-003922-csv-f52bd5d0,[LOCAL_HOME]/Desktop/Thailand---泰国/05_GoogleMaps曼谷酒店专用/04_平台详情/酒店售卖方案.csv,T3,否,955f313055e188a13ab26bbdd0f7e67d6a0bdf187cb270fe58931e243a0ed004
ChIJi-YG88We4jARAkpfrYgaG-A,Agoda,461790,room_ddc3f0694673ad29bb,rate_ee71b0861f4066710e,4,Good breakfast included,"Cancel for free before Nov 2, 2026",,"No payment until Oct 31, 2026",2 adults,,85,Per night before taxes,USD,ee WiFi See details Rewards & discounts Limited Time Offer. Price includes 5% discount!,,,2026-11-05,2026-11-06,https://www.agoda.com/the-berkeley-hotel-pratunam/hotel/bangkok-th.html?countryId=106&finalPriceView=1&isShowMobileAppPrice=false&cid=1917614&numberOfBedrooms=&familyMode=false&adults=2&children=0&rooms=1&maxRooms=0&checkIn=2026-11-5&isCalendarCallout=false&childAges=&numberOfGuest=0&missingChildAges=false&travellerType=1&showReviewSubmissionEntry=false&currencyCode=USD&isFreeOccSearch=false&los=1&searchrequestid=3c779056-ae9e-4778-b6fa-dcad2f3114b8&ds=vypcfLgcYZgZxTDc,agoda,2026-09-03T07:39:44-07:00,未知,未知,,,否,agoda,Bank of Thailand,2026-09-03,"{""优惠标签"": ""ee WiFi See details Rewards & discounts Limited Time Offer. Price includes 5% discount!"", ""入住人数"": ""2 adults"", ""其他权益"": """", ""原价"": """", ""取消政策"": ""Cancel for free before Nov 2, 2026"", ""币种"": ""USD"", ""库存提示"": """", ""当前价"": ""85"", ""支付方式"": ""No payment until Oct 31, 2026"", ""早餐"": ""Good breakfast included"", ""确认政策"": """", ""税费"": ""Per night before taxes""}",否,价格计价单位未确认；税费包含状态未确认；尚未通过T4人工复核,20260907-003922-csv-f52bd5d0,[LOCAL_HOME]/Desktop/Thailand---泰国/05_GoogleMaps曼谷酒店专用/04_平台详情/酒店售卖方案.csv,T3,否,99ab38b973d09921dff510d32d81cdc966be89b34fdd8c89da67dc95387da4e6
ChIJi-YG88We4jARAkpfrYgaG-A,Agoda,461790,room_f76a9afb6321f6b433,rate_0a53f70502eb21fcaf,1,Good breakfast available (USD 14 / person),"Cancel for free before Oct 30, 2026",,"No payment until Oct 28, 2026",2 adults,,89,Per night before taxes,USD,,,,2026-11-05,2026-11-06,https://www.agoda.com/the-berkeley-hotel-pratunam/hotel/bangkok-th.html?countryId=106&finalPriceView=1&isShowMobileAppPrice=false&cid=1917614&numberOfBedrooms=&familyMode=false&adults=2&children=0&rooms=1&maxRooms=0&checkIn=2026-11-5&isCalendarCallout=false&childAges=&numberOfGuest=0&missingChildAges=false&travellerType=1&showReviewSubmissionEntry=false&currencyCode=USD&isFreeOccSearch=false&los=1&searchrequestid=3c779056-ae9e-4778-b6fa-dcad2f3114b8&ds=vypcfLgcYZgZxTDc,agoda,2026-09-03T07:39:44-07:00,未知,未知,,,否,agoda,Bank of Thailand,2026-09-03,"{""优惠标签"": """", ""入住人数"": ""2 adults"", ""其他权益"": """", ""原价"": """", ""取消政策"": ""Cancel for free before Oct 30, 2026"", ""币种"": ""USD"", ""库存提示"": """", ""当前价"": ""89"", ""支付方式"": ""No payment until Oct 28, 2026"", ""早餐"": ""Good breakfast available (USD 14 / person)"", ""确认政策"": """", ""税费"": ""Per night before taxes""}",否,价格计价单位未确认；税费包含状态未确认；尚未通过T4人工复核,20260907-003922-csv-f52bd5d0,[LOCAL_HOME]/Desktop/Thailand---泰国/05_GoogleMaps曼谷酒店专用/04_平台详情/酒店售卖方案.csv,T3,否,a05bfc460e07fb8292bff7787eee21faa0d1369717707ac68e5456e5f5d5a472
ChIJi-YG88We4jARAkpfrYgaG-A,Agoda,461790,room_8003f01b4284cc6ddf,rate_58ca527d2b41bc841c,4,Good breakfast included,"Cancel for free before Nov 2, 2026",,"No payment until Oct 31, 2026",3 adults,,124,Per night before taxes,USD,ee WiFi See details Rewards & discounts Limited Time Offer. Price includes 5% discount!,,,2026-11-05,2026-11-06,https://www.agoda.com/the-berkeley-hotel-pratunam/hotel/bangkok-th.html?countryId=106&finalPriceView=1&isShowMobileAppPrice=false&cid=1917614&numberOfBedrooms=&familyMode=false&adults=2&children=0&rooms=1&maxRooms=0&checkIn=2026-11-5&isCalendarCallout=false&childAges=&numberOfGuest=0&missingChildAges=false&travellerType=1&showReviewSubmissionEntry=false&currencyCode=USD&isFreeOccSearch=false&los=1&searchrequestid=3c779056-ae9e-4778-b6fa-dcad2f3114b8&ds=vypcfLgcYZgZxTDc,agoda,2026-09-03T07:39:44-07:00,未知,未知,,,否,agoda,Bank of Thailand,2026-09-03,"{""优惠标签"": ""ee WiFi See details Rewards & discounts Limited Time Offer. Price includes 5% discount!"", ""入住人数"": ""3 adults"", ""其他权益"": """", ""原价"": """", ""取消政策"": ""Cancel for free before Nov 2, 2026"", ""币种"": ""USD"", ""库存提示"": """", ""当前价"": ""124"", ""支付方式"": ""No payment until Oct 31, 2026"", ""早餐"": ""Good breakfast included"", ""确认政策"": """", ""税费"": ""Per night before taxes""}",否,价格计价单位未确认；税费包含状态未确认；尚未通过T4人工复核,20260907-003922-csv-f52bd5d0,[LOCAL_HOME]/Desktop/Thailand---泰国/05_GoogleMaps曼谷酒店专用/04_平台详情/酒店售卖方案.csv,T3,否,a0f456207074008ec951493c796e374bdf9a4fde1d57153c49e2216fc0b94f1e
ChIJi-YG88We4jARAkpfrYgaG-A,Agoda,461790,room_61810899eff5ddcf2d,rate_2029ddddf9936112b9,3,Good breakfast included,Non-refundable (Low price!),,Book and pay now,2 adults,,95,Per night before taxes,USD,ee WiFi See details Rewards & discounts Limited Time Offer. Price includes 5% discount!,,,2026-11-05,2026-11-06,https://www.agoda.com/the-berkeley-hotel-pratunam/hotel/bangkok-th.html?countryId=106&finalPriceView=1&isShowMobileAppPrice=false&cid=1917614&numberOfBedrooms=&familyMode=false&adults=2&children=0&rooms=1&maxRooms=0&checkIn=2026-11-5&isCalendarCallout=false&childAges=&numberOfGuest=0&missingChildAges=false&travellerType=1&showReviewSubmissionEntry=false&currencyCode=USD&isFreeOccSearch=false&los=1&searchrequestid=3c779056-ae9e-4778-b6fa-dcad2f3114b8&ds=vypcfLgcYZgZxTDc,agoda,2026-09-03T07:39:44-07:00,未知,未知,,,否,agoda,Bank of Thailand,2026-09-03,"{""优惠标签"": ""ee WiFi See details Rewards & discounts Limited Time Offer. Price includes 5% discount!"", ""入住人数"": ""2 adults"", ""其他权益"": """", ""原价"": """", ""取消政策"": ""Non-refundable (Low price!)"", ""币种"": ""USD"", ""库存提示"": """", ""当前价"": ""95"", ""支付方式"": ""Book and pay now"", ""早餐"": ""Good breakfast included"", ""确认政策"": """", ""税费"": ""Per night before taxes""}",否,价格计价单位未确认；税费包含状态未确认；尚未通过T4人工复核,20260907-003922-csv-f52bd5d0,[LOCAL_HOME]/Desktop/Thailand---泰国/05_GoogleMaps曼谷酒店专用/04_平台详情/酒店售卖方案.csv,T3,否,a668101812f05a898b6d012406844d6698edb6882c72c2137fd348c253ee905f
ChIJi-YG88We4jARAkpfrYgaG-A,Agoda,461790,room_ddc3f0694673ad29bb,rate_35ab6bbd632d2edf6a,3,Good breakfast included,Non-refundable (Low price!),,Book and pay now,2 adults,,82,Per night before taxes,USD,ee WiFi See details Rewards & discounts Limited Time Offer. Price includes 5% discount!,,,2026-11-05,2026-11-06,https://www.agoda.com/the-berkeley-hotel-pratunam/hotel/bangkok-th.html?countryId=106&finalPriceView=1&isShowMobileAppPrice=false&cid=1917614&numberOfBedrooms=&familyMode=false&adults=2&children=0&rooms=1&maxRooms=0&checkIn=2026-11-5&isCalendarCallout=false&childAges=&numberOfGuest=0&missingChildAges=false&travellerType=1&showReviewSubmissionEntry=false&currencyCode=USD&isFreeOccSearch=false&los=1&searchrequestid=3c779056-ae9e-4778-b6fa-dcad2f3114b8&ds=vypcfLgcYZgZxTDc,agoda,2026-09-03T07:39:44-07:00,未知,未知,,,否,agoda,Bank of Thailand,2026-09-03,"{""优惠标签"": ""ee WiFi See details Rewards & discounts Limited Time Offer. Price includes 5% discount!"", ""入住人数"": ""2 adults"", ""其他权益"": """", ""原价"": """", ""取消政策"": ""Non-refundable (Low price!)"", ""币种"": ""USD"", ""库存提示"": """", ""当前价"": ""82"", ""支付方式"": ""Book and pay now"", ""早餐"": ""Good breakfast included"", ""确认政策"": """", ""税费"": ""Per night before taxes""}",否,价格计价单位未确认；税费包含状态未确认；尚未通过T4人工复核,20260907-003922-csv-f52bd5d0,[LOCAL_HOME]/Desktop/Thailand---泰国/05_GoogleMaps曼谷酒店专用/04_平台详情/酒店售卖方案.csv,T3,否,aca4dca80dc5bef07acd6eca843df2eff94c074bdacd6a633e0fcf8955f1d1a6
ChIJi-YG88We4jARAkpfrYgaG-A,Agoda,461790,room_f76a9afb6321f6b433,rate_6bb3b687fb484edef8,2,Good breakfast included,"Cancel for free before Oct 30, 2026",,"No payment until Oct 28, 2026",2 adults,,103,Per night before taxes,USD,,,,2026-11-05,2026-11-06,https://www.agoda.com/the-berkeley-hotel-pratunam/hotel/bangkok-th.html?countryId=106&finalPriceView=1&isShowMobileAppPrice=false&cid=1917614&numberOfBedrooms=&familyMode=false&adults=2&children=0&rooms=1&maxRooms=0&checkIn=2026-11-5&isCalendarCallout=false&childAges=&numberOfGuest=0&missingChildAges=false&travellerType=1&showReviewSubmissionEntry=false&currencyCode=USD&isFreeOccSearch=false&los=1&searchrequestid=3c779056-ae9e-4778-b6fa-dcad2f3114b8&ds=vypcfLgcYZgZxTDc,agoda,2026-09-03T07:39:44-07:00,未知,未知,,,否,agoda,Bank of Thailand,2026-09-03,"{""优惠标签"": """", ""入住人数"": ""2 adults"", ""其他权益"": """", ""原价"": """", ""取消政策"": ""Cancel for free before Oct 30, 2026"", ""币种"": ""USD"", ""库存提示"": """", ""当前价"": ""103"", ""支付方式"": ""No payment until Oct 28, 2026"", ""早餐"": ""Good breakfast included"", ""确认政策"": """", ""税费"": ""Per night before taxes""}",否,价格计价单位未确认；税费包含状态未确认；尚未通过T4人工复核,20260907-003922-csv-f52bd5d0,[LOCAL_HOME]/Desktop/Thailand---泰国/05_GoogleMaps曼谷酒店专用/04_平台详情/酒店售卖方案.csv,T3,否,eb5bac3f8f8e976dfbf3c28e0127e00a13123835a96f2e10d5a525981bdb6243
ChIJi-YG88We4jARAkpfrYgaG-A,Agoda,461790,room_ff5812c6a0d4079938,rate_70fbd6920d14b62d1f,1,Good breakfast available (USD 14 / person),Non-refundable (Low price!),,Book and pay now,4 adults,,121,Per night before taxes,USD,ee WiFi See details Rewards & discounts Limited Time Offer. Price includes 5% discount!,,,2026-11-05,2026-11-06,https://www.agoda.com/the-berkeley-hotel-pratunam/hotel/bangkok-th.html?countryId=106&finalPriceView=1&isShowMobileAppPrice=false&cid=1917614&numberOfBedrooms=&familyMode=false&adults=2&children=0&rooms=1&maxRooms=0&checkIn=2026-11-5&isCalendarCallout=false&childAges=&numberOfGuest=0&missingChildAges=false&travellerType=1&showReviewSubmissionEntry=false&currencyCode=USD&isFreeOccSearch=false&los=1&searchrequestid=3c779056-ae9e-4778-b6fa-dcad2f3114b8&ds=vypcfLgcYZgZxTDc,agoda,2026-09-03T07:39:44-07:00,未知,未知,,,否,agoda,Bank of Thailand,2026-09-03,"{""优惠标签"": ""ee WiFi See details Rewards & discounts Limited Time Offer. Price includes 5% discount!"", ""入住人数"": ""4 adults"", ""其他权益"": """", ""原价"": """", ""取消政策"": ""Non-refundable (Low price!)"", ""币种"": ""USD"", ""库存提示"": """", ""当前价"": ""121"", ""支付方式"": ""Book and pay now"", ""早餐"": ""Good breakfast available (USD 14 / person)"", ""确认政策"": """", ""税费"": ""Per night before taxes""}",否,价格计价单位未确认；税费包含状态未确认；尚未通过T4人工复核,20260907-003922-csv-f52bd5d0,[LOCAL_HOME]/Desktop/Thailand---泰国/05_GoogleMaps曼谷酒店专用/04_平台详情/酒店售卖方案.csv,T3,否,ef0d12fffb2f0449ac4f6824c6cfd75611e9178902a4e91cef3901a1586a1d2c
ChIJLxrEcMie4jARb4KfjpcicvA,trivago DEALS,H103986,1 X RoomOnly,9c072736-c688-4471-883a-e0ff8220fc6d,1,,,,,,,54,,USD,,,,2026-09-23,2026-09-24,https://www.trivago.deals/hotels/thailand_th_bangkok/103986_baiyoke-sky?checkIn=2026-09-23&checkOut=2026-09-24&placeId=H103986&campaignName=TrivagoDeals_Google_US&currencyCode=USD&dealkey_redacted=1&countryCode=US&languageCode=en&rule=Google_US&site=mapresults&ads=&priceDisplayedTotal=63.00&priceDisplayedTax=9.15&device=desktop&adults=2&children=0,trivago_deals,2026-09-03T10:12:47-07:00,未知,未知,,,否,trivago_deals,Bank of Thailand,2026-09-03,"{""优惠标签"": """", ""入住人数"": """", ""其他权益"": """", ""原价"": """", ""取消政策"": """", ""币种"": ""USD"", ""库存提示"": """", ""当前价"": ""54"", ""支付方式"": """", ""早餐"": """", ""确认政策"": """", ""税费"": """"}",否,价格计价单位未确认；税费包含状态未确认；尚未通过T4人工复核,20260907-003922-csv-f52bd5d0,[LOCAL_HOME]/Desktop/Thailand---泰国/05_GoogleMaps曼谷酒店专用/04_平台详情/酒店售卖方案.csv,T3,否,ee8a31d3b471f99e31f06631e6b4af06460be4432952d0bc9f5c2de1cd8bc77b
ChIJZTiLx92Y4jARaoCZW0M2Zew,trivago DEALS,H104091,Standard Room With Sofa (River View),8b9b7459-7c04-41a8-8033-5e8872397d7c,1,,,,,,,208,,USD,,,,2026-10-22,2026-10-23,https://www.trivago.deals/hotels/thailand_th_bangkok/104091_millennium-hilton-bangkok?checkIn=2026-10-22&checkOut=2026-10-23&placeId=H104091&campaignName=TrivagoDeals_Google_US&currencyCode=USD&dealkey_redacted=1&countryCode=US&languageCode=en&rule=Google_US&site=mapresults&ads=&priceDisplayedTotal=229.00&priceDisplayedTax=20.82&device=desktop&adults=2&children=0,trivago_deals,2026-09-03T11:50:28-07:00,未知,未知,,,否,trivago_deals,Bank of Thailand,2026-09-03,"{""优惠标签"": """", ""入住人数"": """", ""其他权益"": """", ""原价"": """", ""取消政策"": """", ""币种"": ""USD"", ""库存提示"": """", ""当前价"": ""208"", ""支付方式"": """", ""早餐"": """", ""确认政策"": """", ""税费"": """"}",否,价格计价单位未确认；税费包含状态未确认；尚未通过T4人工复核,20260907-003922-csv-f52bd5d0,[LOCAL_HOME]/Desktop/Thailand---泰国/05_GoogleMaps曼谷酒店专用/04_平台详情/酒店售卖方案.csv,T3,否,e2f0042c39bf85ce09bca12ff751741b654bc17f95f3ab7d5529095a8362622d
ChIJLxrEcMie4jARb4KfjpcicvA,Traveluro,H103986,Superior Room,a6e98701-8faf-424d-a62c-6fd1b9af2010,1,,,,,,,53,,USD,,,,2026-09-23,2026-09-24,https://www.traveluro.com/hotels/thailand_th_bangkok/103986_baiyoke-sky?checkIn=2026-09-23&checkOut=2026-09-24&placeId=H103986&campaignName=Google_US&currencyCode=USD&dealkey_redacted=1&countryCode=US&languageCode=en&rule=Google_US&site=mapresults&ads=&priceDisplayedTotal=62.00&priceDisplayedTax=9.01&device=desktop&adults=2&children=0,traveluro,2026-09-03T12:34:56-07:00,未知,未知,,,否,traveluro,Bank of Thailand,2026-09-03,"{""优惠标签"": """", ""入住人数"": """", ""其他权益"": """", ""原价"": """", ""取消政策"": """", ""币种"": ""USD"", ""库存提示"": """", ""当前价"": ""53"", ""支付方式"": """", ""早餐"": """", ""确认政策"": """", ""税费"": """"}",否,价格计价单位未确认；税费包含状态未确认；尚未通过T4人工复核,20260907-003922-csv-f52bd5d0,[LOCAL_HOME]/Desktop/Thailand---泰国/05_GoogleMaps曼谷酒店专用/04_平台详情/酒店售卖方案.csv,T3,否,2c869e3c38243229ef480ac0e4a61c33751c1a8d130f521cf3250bebee640f0b
ChIJcf_j1C-Z4jARfDy3FlDr-Wc,Agoda,10696,room_60742521ac191e4aa4,rate_427e4d416e72aa8827,3,Good breakfast available (USD 40 / person),"Cancel for free before Sep 5, 2026",,Book and pay now,3 adults,,282,Per night before taxes,USD,,,,2026-09-06,2026-09-08,https://www.agoda.com/shangri-la-hotel-bangkok/hotel/bangkok-th.html?countryId=106&finalPriceView=1&isShowMobileAppPrice=false&cid=1917614&numberOfBedrooms=&familyMode=false&adults=2&children=0&rooms=1&maxRooms=0&checkIn=2026-09-6&isCalendarCallout=false&childAges=&numberOfGuest=0&missingChildAges=false&travellerType=1&showReviewSubmissionEntry=false&currencyCode=USD&isFreeOccSearch=false&los=2&searchrequestid=0f2a3b34-782c-451b-ba74-3be5b6ceff33,agoda,2026-09-03T15:05:41-07:00,未知,未知,,,否,agoda,Bank of Thailand,2026-09-03,"{""优惠标签"": """", ""入住人数"": ""3 adults"", ""其他权益"": """", ""原价"": """", ""取消政策"": ""Cancel for free before Sep 5, 2026"", ""币种"": ""USD"", ""库存提示"": """", ""当前价"": ""282"", ""支付方式"": ""Book and pay now"", ""早餐"": ""Good breakfast available (USD 40 / person)"", ""确认政策"": """", ""税费"": ""Per night before taxes""}",否,价格计价单位未确认；税费包含状态未确认；尚未通过T4人工复核,20260907-003922-csv-f52bd5d0,[LOCAL_HOME]/Desktop/Thailand---泰国/05_GoogleMaps曼谷酒店专用/04_平台详情/酒店售卖方案.csv,T3,否,059cdad97618ddb73aea11a35d2f50fec13a17a52479bf5d3bc0bcaa2b180442
ChIJcf_j1C-Z4jARfDy3FlDr-Wc,Agoda,10696,room_60742521ac191e4aa4,rate_1216716b06e1c298b4,2,Good breakfast included,"Cancel for free before Sep 5, 2026",,Book and pay now,2 adults,,242,Per night before taxes,USD,,,,2026-09-06,2026-09-08,https://www.agoda.com/shangri-la-hotel-bangkok/hotel/bangkok-th.html?countryId=106&finalPriceView=1&isShowMobileAppPrice=false&cid=1917614&numberOfBedrooms=&familyMode=false&adults=2&children=0&rooms=1&maxRooms=0&checkIn=2026-09-6&isCalendarCallout=false&childAges=&numberOfGuest=0&missingChildAges=false&travellerType=1&showReviewSubmissionEntry=false&currencyCode=USD&isFreeOccSearch=false&los=2&searchrequestid=0f2a3b34-782c-451b-ba74-3be5b6ceff33,agoda,2026-09-03T15:05:41-07:00,未知,未知,,,否,agoda,Bank of Thailand,2026-09-03,"{""优惠标签"": """", ""入住人数"": ""2 adults"", ""其他权益"": """", ""原价"": """", ""取消政策"": ""Cancel for free before Sep 5, 2026"", ""币种"": ""USD"", ""库存提示"": """", ""当前价"": ""242"", ""支付方式"": ""Book and pay now"", ""早餐"": ""Good breakfast included"", ""确认政策"": """", ""税费"": ""Per night before taxes""}",否,价格计价单位未确认；税费包含状态未确认；尚未通过T4人工复核,20260907-003922-csv-f52bd5d0,[LOCAL_HOME]/Desktop/Thailand---泰国/05_GoogleMaps曼谷酒店专用/04_平台详情/酒店售卖方案.csv,T3,否,3bb590f13376aa7b22d165c4bee3dca658b1d77188265ce7f91d7cab66e4f41e
ChIJcf_j1C-Z4jARfDy3FlDr-Wc,Agoda,10696,room_60742521ac191e4aa4,rate_340d0b5cd18a06dec6,1,Good breakfast available (USD 40 / person),"Cancel for free before Sep 5, 2026",,Book and pay now,2 adults,,208,Per night before taxes,USD,,,,2026-09-06,2026-09-08,https://www.agoda.com/shangri-la-hotel-bangkok/hotel/bangkok-th.html?countryId=106&finalPriceView=1&isShowMobileAppPrice=false&cid=1917614&numberOfBedrooms=&familyMode=false&adults=2&children=0&rooms=1&maxRooms=0&checkIn=2026-09-6&isCalendarCallout=false&childAges=&numberOfGuest=0&missingChildAges=false&travellerType=1&showReviewSubmissionEntry=false&currencyCode=USD&isFreeOccSearch=false&los=2&searchrequestid=0f2a3b34-782c-451b-ba74-3be5b6ceff33,agoda,2026-09-03T15:05:41-07:00,未知,未知,,,否,agoda,Bank of Thailand,2026-09-03,"{""优惠标签"": """", ""入住人数"": ""2 adults"", ""其他权益"": """", ""原价"": """", ""取消政策"": ""Cancel for free before Sep 5, 2026"", ""币种"": ""USD"", ""库存提示"": """", ""当前价"": ""208"", ""支付方式"": ""Book and pay now"", ""早餐"": ""Good breakfast available (USD 40 / person)"", ""确认政策"": """", ""税费"": ""Per night before taxes""}",否,价格计价单位未确认；税费包含状态未确认；尚未通过T4人工复核,20260907-003922-csv-f52bd5d0,[LOCAL_HOME]/Desktop/Thailand---泰国/05_GoogleMaps曼谷酒店专用/04_平台详情/酒店售卖方案.csv,T3,否,4014685ad4e7904dc464a27f3cd7be5605c7793d22da8f2c738fa9031df7c399
ChIJcf_j1C-Z4jARfDy3FlDr-Wc,Agoda,10696,room_83d78cd9adf9352bee,rate_0eee95552a5652ce12,2,Good breakfast included,"Cancel for free before Sep 5, 2026",,Book and pay now,2 adults,,249,Per night before taxes,USD,,,,2026-09-06,2026-09-08,https://www.agoda.com/shangri-la-hotel-bangkok/hotel/bangkok-th.html?countryId=106&finalPriceView=1&isShowMobileAppPrice=false&cid=1917614&numberOfBedrooms=&familyMode=false&adults=2&children=0&rooms=1&maxRooms=0&checkIn=2026-09-6&isCalendarCallout=false&childAges=&numberOfGuest=0&missingChildAges=false&travellerType=1&showReviewSubmissionEntry=false&currencyCode=USD&isFreeOccSearch=false&los=2&searchrequestid=0f2a3b34-782c-451b-ba74-3be5b6ceff33,agoda,2026-09-03T15:05:41-07:00,未知,未知,,,否,agoda,Bank of Thailand,2026-09-03,"{""优惠标签"": """", ""入住人数"": ""2 adults"", ""其他权益"": """", ""原价"": """", ""取消政策"": ""Cancel for free before Sep 5, 2026"", ""币种"": ""USD"", ""库存提示"": """", ""当前价"": ""249"", ""支付方式"": ""Book and pay now"", ""早餐"": ""Good breakfast included"", ""确认政策"": """", ""税费"": ""Per night before taxes""}",否,价格计价单位未确认；税费包含状态未确认；尚未通过T4人工复核,20260907-003922-csv-f52bd5d0,[LOCAL_HOME]/Desktop/Thailand---泰国/05_GoogleMaps曼谷酒店专用/04_平台详情/酒店售卖方案.csv,T3,否,52fcfdbf2d06afcdbfdbe862ac5833614a33a9467392b70ccc20ecfbcd4d8625
ChIJcf_j1C-Z4jARfDy3FlDr-Wc,Agoda,10696,room_60742521ac191e4aa4,rate_a103e169977d289327,4,Good breakfast included,"Cancel for free before Sep 5, 2026",,Book and pay now,3 adults,,316,Per night before taxes,USD,,,,2026-09-06,2026-09-08,https://www.agoda.com/shangri-la-hotel-bangkok/hotel/bangkok-th.html?countryId=106&finalPriceView=1&isShowMobileAppPrice=false&cid=1917614&numberOfBedrooms=&familyMode=false&adults=2&children=0&rooms=1&maxRooms=0&checkIn=2026-09-6&isCalendarCallout=false&childAges=&numberOfGuest=0&missingChildAges=false&travellerType=1&showReviewSubmissionEntry=false&currencyCode=USD&isFreeOccSearch=false&los=2&searchrequestid=0f2a3b34-782c-451b-ba74-3be5b6ceff33,agoda,2026-09-03T15:05:41-07:00,未知,未知,,,否,agoda,Bank of Thailand,2026-09-03,"{""优惠标签"": """", ""入住人数"": ""3 adults"", ""其他权益"": """", ""原价"": """", ""取消政策"": ""Cancel for free before Sep 5, 2026"", ""币种"": ""USD"", ""库存提示"": """", ""当前价"": ""316"", ""支付方式"": ""Book and pay now"", ""早餐"": ""Good breakfast included"", ""确认政策"": """", ""税费"": ""Per night before taxes""}",否,价格计价单位未确认；税费包含状态未确认；尚未通过T4人工复核,20260907-003922-csv-f52bd5d0,[LOCAL_HOME]/Desktop/Thailand---泰国/05_GoogleMaps曼谷酒店专用/04_平台详情/酒店售卖方案.csv,T3,否,7c3e3fad7215a979a50ac260bddfa5a60ce3f09cd7f16ca1574785b428343581
ChIJcf_j1C-Z4jARfDy3FlDr-Wc,Agoda,10696,room_83d78cd9adf9352bee,rate_ba8bd1b5f255b244c7,4,Good breakfast included,"Cancel for free before Sep 5, 2026",,Book and pay now,3 adults,,301,Per night before taxes,USD,,,,2026-09-06,2026-09-08,https://www.agoda.com/shangri-la-hotel-bangkok/hotel/bangkok-th.html?countryId=106&finalPriceView=1&isShowMobileAppPrice=false&cid=1917614&numberOfBedrooms=&familyMode=false&adults=2&children=0&rooms=1&maxRooms=0&checkIn=2026-09-6&isCalendarCallout=false&childAges=&numberOfGuest=0&missingChildAges=false&travellerType=1&showReviewSubmissionEntry=false&currencyCode=USD&isFreeOccSearch=false&los=2&searchrequestid=0f2a3b34-782c-451b-ba74-3be5b6ceff33,agoda,2026-09-03T15:05:41-07:00,未知,未知,,,否,agoda,Bank of Thailand,2026-09-03,"{""优惠标签"": """", ""入住人数"": ""3 adults"", ""其他权益"": """", ""原价"": """", ""取消政策"": ""Cancel for free before Sep 5, 2026"", ""币种"": ""USD"", ""库存提示"": """", ""当前价"": ""301"", ""支付方式"": ""Book and pay now"", ""早餐"": ""Good breakfast included"", ""确认政策"": """", ""税费"": ""Per night before taxes""}",否,价格计价单位未确认；税费包含状态未确认；尚未通过T4人工复核,20260907-003922-csv-f52bd5d0,[LOCAL_HOME]/Desktop/Thailand---泰国/05_GoogleMaps曼谷酒店专用/04_平台详情/酒店售卖方案.csv,T3,否,85c9bca640a90cc681941ffe57f446ddd61387e3c707024aa7e68afd39c3c6d6
ChIJcf_j1C-Z4jARfDy3FlDr-Wc,Agoda,10696,room_83d78cd9adf9352bee,rate_41344b9e4a7ab56535,1,Good breakfast available (USD 40 / person),"Cancel for free before Sep 5, 2026",,Book and pay now,2 adults,,226,Per night before taxes,USD,,,,2026-09-06,2026-09-08,https://www.agoda.com/shangri-la-hotel-bangkok/hotel/bangkok-th.html?countryId=106&finalPriceView=1&isShowMobileAppPrice=false&cid=1917614&numberOfBedrooms=&familyMode=false&adults=2&children=0&rooms=1&maxRooms=0&checkIn=2026-09-6&isCalendarCallout=false&childAges=&numberOfGuest=0&missingChildAges=false&travellerType=1&showReviewSubmissionEntry=false&currencyCode=USD&isFreeOccSearch=false&los=2&searchrequestid=0f2a3b34-782c-451b-ba74-3be5b6ceff33,agoda,2026-09-03T15:05:41-07:00,未知,未知,,,否,agoda,Bank of Thailand,2026-09-03,"{""优惠标签"": """", ""入住人数"": ""2 adults"", ""其他权益"": """", ""原价"": """", ""取消政策"": ""Cancel for free before Sep 5, 2026"", ""币种"": ""USD"", ""库存提示"": """", ""当前价"": ""226"", ""支付方式"": ""Book and pay now"", ""早餐"": ""Good breakfast available (USD 40 / person)"", ""确认政策"": """", ""税费"": ""Per night before taxes""}",否,价格计价单位未确认；税费包含状态未确认；尚未通过T4人工复核,20260907-003922-csv-f52bd5d0,[LOCAL_HOME]/Desktop/Thailand---泰国/05_GoogleMaps曼谷酒店专用/04_平台详情/酒店售卖方案.csv,T3,否,8b5a284b5fdd3c835d8f59a30b2f1e67e15ff35a7ce9b9ccb888fa9f3b8d595e
ChIJcf_j1C-Z4jARfDy3FlDr-Wc,Agoda,10696,room_83d78cd9adf9352bee,rate_d3d054130b841f4ad0,3,Good breakfast available (USD 40 / person),"Cancel for free before Sep 5, 2026",,Book and pay now,3 adults,,277,Per night before taxes,USD,,,,2026-09-06,2026-09-08,https://www.agoda.com/shangri-la-hotel-bangkok/hotel/bangkok-th.html?countryId=106&finalPriceView=1&isShowMobileAppPrice=false&cid=1917614&numberOfBedrooms=&familyMode=false&adults=2&children=0&rooms=1&maxRooms=0&checkIn=2026-09-6&isCalendarCallout=false&childAges=&numberOfGuest=0&missingChildAges=false&travellerType=1&showReviewSubmissionEntry=false&currencyCode=USD&isFreeOccSearch=false&los=2&searchrequestid=0f2a3b34-782c-451b-ba74-3be5b6ceff33,agoda,2026-09-03T15:05:41-07:00,未知,未知,,,否,agoda,Bank of Thailand,2026-09-03,"{""优惠标签"": """", ""入住人数"": ""3 adults"", ""其他权益"": """", ""原价"": """", ""取消政策"": ""Cancel for free before Sep 5, 2026"", ""币种"": ""USD"", ""库存提示"": """", ""当前价"": ""277"", ""支付方式"": ""Book and pay now"", ""早餐"": ""Good breakfast available (USD 40 / person)"", ""确认政策"": """", ""税费"": ""Per night before taxes""}",否,价格计价单位未确认；税费包含状态未确认；尚未通过T4人工复核,20260907-003922-csv-f52bd5d0,[LOCAL_HOME]/Desktop/Thailand---泰国/05_GoogleMaps曼谷酒店专用/04_平台详情/酒店售卖方案.csv,T3,否,edcb284a753d77fc36205efc3ac57d68101dca4de1220d48b52425b7ea9a41d9
ChIJcf_j1C-Z4jARfDy3FlDr-Wc,Best Hotel Deals,11270,room_c4770c17631526da70,rate_cc2eb899265aad3e17,1,Room Only,,,,,,578.00,,USD,,,,2026-09-06,2026-09-08,https://besthoteldealsglobal.com/property/11270?rooms=1&currency=USD&startDate=06-09-2026&endDate=08-09-2026&occupancies=%5B%7B%22Adults%22%3A2%2C%22Children%22%3A0%7D%5D&utm_source=google&utm_medium=HAC&utm_content=06_09_2026_2_mapresults_11270_US_desktop_default___2&tp=486.66&tt=73.19&sup=38&flow=Du3rG2u7K6hNKxESe6NNndz7eJkiHmYtj3XFtvL2lGCS1uhvcg&room=double-or-twin,besthoteldeals,2026-09-03T15:56:48-07:00,未知,未知,,,否,best_hotel_deals,Bank of Thailand,2026-09-03,"{""优惠标签"": """", ""入住人数"": """", ""其他权益"": """", ""原价"": """", ""取消政策"": """", ""币种"": ""USD"", ""库存提示"": """", ""当前价"": ""578.00"", ""支付方式"": """", ""早餐"": ""Room Only"", ""确认政策"": """", ""税费"": """"}",否,价格计价单位未确认；税费包含状态未确认；尚未通过T4人工复核,20260907-003922-csv-f52bd5d0,[LOCAL_HOME]/Desktop/Thailand---泰国/05_GoogleMaps曼谷酒店专用/04_平台详情/酒店售卖方案.csv,T3,否,2cd834f7c4178b840b412df957ab76fa07e7e57dad517f9ee8786ca9a65b0489
ChIJcf_j1C-Z4jARfDy3FlDr-Wc,Best Hotel Deals,11270,room_d8dd3e96bae10883d7,rate_ff6078696d9085e9eb,1,Room Only,,,,,487.43,243.71,,USD,,,,2026-09-06,2026-09-08,https://besthoteldealsglobal.com/property/11270?rooms=1&currency=USD&startDate=06-09-2026&endDate=08-09-2026&occupancies=%5B%7B%22Adults%22%3A2%2C%22Children%22%3A0%7D%5D&utm_source=google&utm_medium=HAC&utm_content=06_09_2026_2_mapresults_11270_US_desktop_default___2&tp=486.66&tt=73.19&sup=38&flow=Du3rG2u7K6hNKxESe6NNndz7eJkiHmYtj3XFtvL2lGCS1uhvcg&room=double-or-twin,besthoteldeals,2026-09-03T15:56:48-07:00,未知,未知,,,否,best_hotel_deals,Bank of Thailand,2026-09-03,"{""优惠标签"": """", ""入住人数"": """", ""其他权益"": """", ""原价"": ""487.43"", ""取消政策"": """", ""币种"": ""USD"", ""库存提示"": """", ""当前价"": ""243.71"", ""支付方式"": """", ""早餐"": ""Room Only"", ""确认政策"": """", ""税费"": """"}",否,价格计价单位未确认；税费包含状态未确认；尚未通过T4人工复核,20260907-003922-csv-f52bd5d0,[LOCAL_HOME]/Desktop/Thailand---泰国/05_GoogleMaps曼谷酒店专用/04_平台详情/酒店售卖方案.csv,T3,否,3a271958215558534c6dc29f47cea53808db990633977d8c7624c8baa0031768
ChIJcf_j1C-Z4jARfDy3FlDr-Wc,Best Hotel Deals,11270,room_ab1874dbb4666bcbc4,rate_c9448a8e22f7553229,2,Room Only,,,,,,606.00,,USD,,,,2026-09-06,2026-09-08,https://besthoteldealsglobal.com/property/11270?rooms=1&currency=USD&startDate=06-09-2026&endDate=08-09-2026&occupancies=%5B%7B%22Adults%22%3A2%2C%22Children%22%3A0%7D%5D&utm_source=google&utm_medium=HAC&utm_content=06_09_2026_2_mapresults_11270_US_desktop_default___2&tp=486.66&tt=73.19&sup=38&flow=Du3rG2u7K6hNKxESe6NNndz7eJkiHmYtj3XFtvL2lGCS1uhvcg&room=double-or-twin,besthoteldeals,2026-09-03T15:56:48-07:00,未知,未知,,,否,best_hotel_deals,Bank of Thailand,2026-09-03,"{""优惠标签"": """", ""入住人数"": """", ""其他权益"": """", ""原价"": """", ""取消政策"": """", ""币种"": ""USD"", ""库存提示"": """", ""当前价"": ""606.00"", ""支付方式"": """", ""早餐"": ""Room Only"", ""确认政策"": """", ""税费"": """"}",否,价格计价单位未确认；税费包含状态未确认；尚未通过T4人工复核,20260907-003922-csv-f52bd5d0,[LOCAL_HOME]/Desktop/Thailand---泰国/05_GoogleMaps曼谷酒店专用/04_平台详情/酒店售卖方案.csv,T3,否,4554d691912131cf467740f47ff64df4c264e421d785f335796deda89c8a4ba4
ChIJcf_j1C-Z4jARfDy3FlDr-Wc,Best Hotel Deals,11270,room_82e2de1f6c9cdd9b3d,rate_0fb616e489a2f616a9,2,,,,,,,583.15,,USD,,,,2026-09-06,2026-09-08,https://besthoteldealsglobal.com/property/11270?rooms=1&currency=USD&startDate=06-09-2026&endDate=08-09-2026&occupancies=%5B%7B%22Adults%22%3A2%2C%22Children%22%3A0%7D%5D&utm_source=google&utm_medium=HAC&utm_content=06_09_2026_2_mapresults_11270_US_desktop_default___2&tp=486.66&tt=73.19&sup=38&flow=Du3rG2u7K6hNKxESe6NNndz7eJkiHmYtj3XFtvL2lGCS1uhvcg&room=double-or-twin,besthoteldeals,2026-09-03T15:56:48-07:00,未知,未知,,,否,best_hotel_deals,Bank of Thailand,2026-09-03,"{""优惠标签"": """", ""入住人数"": """", ""其他权益"": """", ""原价"": """", ""取消政策"": """", ""币种"": ""USD"", ""库存提示"": """", ""当前价"": ""583.15"", ""支付方式"": """", ""早餐"": """", ""确认政策"": """", ""税费"": """"}",否,价格计价单位未确认；税费包含状态未确认；尚未通过T4人工复核,20260907-003922-csv-f52bd5d0,[LOCAL_HOME]/Desktop/Thailand---泰国/05_GoogleMaps曼谷酒店专用/04_平台详情/酒店售卖方案.csv,T3,否,53d328b5883cd4b847bf3baca323a8b91331e862dbf14f415d3c36beddee0ab8
ChIJcf_j1C-Z4jARfDy3FlDr-Wc,Best Hotel Deals,11270,room_ec76190c79e7cf97c3,rate_0ddd211ade43a804bd,2,,,,,,500.87,250.43,,USD,,,,2026-09-06,2026-09-08,https://besthoteldealsglobal.com/property/11270?rooms=1&currency=USD&startDate=06-09-2026&endDate=08-09-2026&occupancies=%5B%7B%22Adults%22%3A2%2C%22Children%22%3A0%7D%5D&utm_source=google&utm_medium=HAC&utm_content=06_09_2026_2_mapresults_11270_US_desktop_default___2&tp=486.66&tt=73.19&sup=38&flow=Du3rG2u7K6hNKxESe6NNndz7eJkiHmYtj3XFtvL2lGCS1uhvcg&room=double-or-twin,besthoteldeals,2026-09-03T15:56:48-07:00,未知,未知,,,否,best_hotel_deals,Bank of Thailand,2026-09-03,"{""优惠标签"": """", ""入住人数"": """", ""其他权益"": """", ""原价"": ""500.87"", ""取消政策"": """", ""币种"": ""USD"", ""库存提示"": """", ""当前价"": ""250.43"", ""支付方式"": """", ""早餐"": """", ""确认政策"": """", ""税费"": """"}",否,价格计价单位未确认；税费包含状态未确认；尚未通过T4人工复核,20260907-003922-csv-f52bd5d0,[LOCAL_HOME]/Desktop/Thailand---泰国/05_GoogleMaps曼谷酒店专用/04_平台详情/酒店售卖方案.csv,T3,否,5481723b5037cffce400f9dc884d7cb1738daaa5fc805a2a00954495124ea454
ChIJcf_j1C-Z4jARfDy3FlDr-Wc,Best Hotel Deals,11270,room_c4770c17631526da70,rate_714ea522db06fca7bf,2,,,,,,,640.00,,USD,,,,2026-09-06,2026-09-08,https://besthoteldealsglobal.com/property/11270?rooms=1&currency=USD&startDate=06-09-2026&endDate=08-09-2026&occupancies=%5B%7B%22Adults%22%3A2%2C%22Children%22%3A0%7D%5D&utm_source=google&utm_medium=HAC&utm_content=06_09_2026_2_mapresults_11270_US_desktop_default___2&tp=486.66&tt=73.19&sup=38&flow=Du3rG2u7K6hNKxESe6NNndz7eJkiHmYtj3XFtvL2lGCS1uhvcg&room=double-or-twin,besthoteldeals,2026-09-03T15:56:48-07:00,未知,未知,,,否,best_hotel_deals,Bank of Thailand,2026-09-03,"{""优惠标签"": """", ""入住人数"": """", ""其他权益"": """", ""原价"": """", ""取消政策"": """", ""币种"": ""USD"", ""库存提示"": """", ""当前价"": ""640.00"", ""支付方式"": """", ""早餐"": """", ""确认政策"": """", ""税费"": """"}",否,价格计价单位未确认；税费包含状态未确认；尚未通过T4人工复核,20260907-003922-csv-f52bd5d0,[LOCAL_HOME]/Desktop/Thailand---泰国/05_GoogleMaps曼谷酒店专用/04_平台详情/酒店售卖方案.csv,T3,否,6087f7362840ebea30020fd467c876485bd84b5cb045a6318f82869e7e940a3f
ChIJcf_j1C-Z4jARfDy3FlDr-Wc,Best Hotel Deals,11270,room_cb82a7326df8c7c076,rate_ec4446b3abfa7a50a4,2,Breakfast Included,Non-refundable,,,,419.93,209.97,,USD,,,,2026-09-06,2026-09-08,https://besthoteldealsglobal.com/property/11270?rooms=1&currency=USD&startDate=06-09-2026&endDate=08-09-2026&occupancies=%5B%7B%22Adults%22%3A2%2C%22Children%22%3A0%7D%5D&utm_source=google&utm_medium=HAC&utm_content=06_09_2026_2_mapresults_11270_US_desktop_default___2&tp=486.66&tt=73.19&sup=38&flow=Du3rG2u7K6hNKxESe6NNndz7eJkiHmYtj3XFtvL2lGCS1uhvcg&room=double-or-twin,besthoteldeals,2026-09-03T15:56:48-07:00,未知,未知,,,否,best_hotel_deals,Bank of Thailand,2026-09-03,"{""优惠标签"": """", ""入住人数"": """", ""其他权益"": """", ""原价"": ""419.93"", ""取消政策"": ""Non-refundable"", ""币种"": ""USD"", ""库存提示"": """", ""当前价"": ""209.97"", ""支付方式"": """", ""早餐"": ""Breakfast Included"", ""确认政策"": """", ""税费"": """"}",否,价格计价单位未确认；税费包含状态未确认；尚未通过T4人工复核,20260907-003922-csv-f52bd5d0,[LOCAL_HOME]/Desktop/Thailand---泰国/05_GoogleMaps曼谷酒店专用/04_平台详情/酒店售卖方案.csv,T3,否,6bb7c6ff1053769c7605c301310a3b98cb720a0754ed856e9c4cb6391c1f7014
ChIJcf_j1C-Z4jARfDy3FlDr-Wc,Best Hotel Deals,11270,room_70305d6ae5341459c8,rate_e578a2e6d1bc6e7095,1,Room Only,,,,,447.09,223.54,,USD,,,,2026-09-06,2026-09-08,https://besthoteldealsglobal.com/property/11270?rooms=1&currency=USD&startDate=06-09-2026&endDate=08-09-2026&occupancies=%5B%7B%22Adults%22%3A2%2C%22Children%22%3A0%7D%5D&utm_source=google&utm_medium=HAC&utm_content=06_09_2026_2_mapresults_11270_US_desktop_default___2&tp=486.66&tt=73.19&sup=38&flow=Du3rG2u7K6hNKxESe6NNndz7eJkiHmYtj3XFtvL2lGCS1uhvcg&room=double-or-twin,besthoteldeals,2026-09-03T15:56:48-07:00,未知,未知,,,否,best_hotel_deals,Bank of Thailand,2026-09-03,"{""优惠标签"": """", ""入住人数"": """", ""其他权益"": """", ""原价"": ""447.09"", ""取消政策"": """", ""币种"": ""USD"", ""库存提示"": """", ""当前价"": ""223.54"", ""支付方式"": """", ""早餐"": ""Room Only"", ""确认政策"": """", ""税费"": """"}",否,价格计价单位未确认；税费包含状态未确认；尚未通过T4人工复核,20260907-003922-csv-f52bd5d0,[LOCAL_HOME]/Desktop/Thailand---泰国/05_GoogleMaps曼谷酒店专用/04_平台详情/酒店售卖方案.csv,T3,否,8594b9fe4ccc95a34f1cd3a3bf8ae75ce47c628ce96d60e85746578e6682ce20
ChIJcf_j1C-Z4jARfDy3FlDr-Wc,Best Hotel Deals,11270,room_b7e10ae71f19141005,rate_7dc416219998b17bbc,2,,,,,,,526.59,,USD,,,,2026-09-06,2026-09-08,https://besthoteldealsglobal.com/property/11270?rooms=1&currency=USD&startDate=06-09-2026&endDate=08-09-2026&occupancies=%5B%7B%22Adults%22%3A2%2C%22Children%22%3A0%7D%5D&utm_source=google&utm_medium=HAC&utm_content=06_09_2026_2_mapresults_11270_US_desktop_default___2&tp=486.66&tt=73.19&sup=38&flow=Du3rG2u7K6hNKxESe6NNndz7eJkiHmYtj3XFtvL2lGCS1uhvcg&room=double-or-twin,besthoteldeals,2026-09-03T15:56:48-07:00,未知,未知,,,否,best_hotel_deals,Bank of Thailand,2026-09-03,"{""优惠标签"": """", ""入住人数"": """", ""其他权益"": """", ""原价"": """", ""取消政策"": """", ""币种"": ""USD"", ""库存提示"": """", ""当前价"": ""526.59"", ""支付方式"": """", ""早餐"": """", ""确认政策"": """", ""税费"": """"}",否,价格计价单位未确认；税费包含状态未确认；尚未通过T4人工复核,20260907-003922-csv-f52bd5d0,[LOCAL_HOME]/Desktop/Thailand---泰国/05_GoogleMaps曼谷酒店专用/04_平台详情/酒店售卖方案.csv,T3,否,868f3291c9260cf1e69939502a815d62d86974a8c85cfa8f6f0fb06c78ecd588
ChIJcf_j1C-Z4jARfDy3FlDr-Wc,Best Hotel Deals,11270,room_55c4622ca1d0cb3108,rate_cdc8e1b9f0148fbb2b,1,Room Only,,,,,,486.66,,USD,,,,2026-09-06,2026-09-08,https://besthoteldealsglobal.com/property/11270?rooms=1&currency=USD&startDate=06-09-2026&endDate=08-09-2026&occupancies=%5B%7B%22Adults%22%3A2%2C%22Children%22%3A0%7D%5D&utm_source=google&utm_medium=HAC&utm_content=06_09_2026_2_mapresults_11270_US_desktop_default___2&tp=486.66&tt=73.19&sup=38&flow=Du3rG2u7K6hNKxESe6NNndz7eJkiHmYtj3XFtvL2lGCS1uhvcg&room=double-or-twin,besthoteldeals,2026-09-03T15:56:48-07:00,未知,未知,,,否,best_hotel_deals,Bank of Thailand,2026-09-03,"{""优惠标签"": """", ""入住人数"": """", ""其他权益"": """", ""原价"": """", ""取消政策"": """", ""币种"": ""USD"", ""库存提示"": """", ""当前价"": ""486.66"", ""支付方式"": """", ""早餐"": ""Room Only"", ""确认政策"": """", ""税费"": """"}",否,价格计价单位未确认；税费包含状态未确认；尚未通过T4人工复核,20260907-003922-csv-f52bd5d0,[LOCAL_HOME]/Desktop/Thailand---泰国/05_GoogleMaps曼谷酒店专用/04_平台详情/酒店售卖方案.csv,T3,否,8ac84ac3a67b014a65cac0fffc0d5ba468f4f1c7e3a6d2543ff68834673f7858
ChIJcf_j1C-Z4jARfDy3FlDr-Wc,Best Hotel Deals,11270,room_9486e0a8a27bc1210a,rate_e8eb4f86b36fb3d6fe,1,,,,,,,576.43,,USD,,,,2026-09-06,2026-09-08,https://besthoteldealsglobal.com/property/11270?rooms=1&currency=USD&startDate=06-09-2026&endDate=08-09-2026&occupancies=%5B%7B%22Adults%22%3A2%2C%22Children%22%3A0%7D%5D&utm_source=google&utm_medium=HAC&utm_content=06_09_2026_2_mapresults_11270_US_desktop_default___2&tp=486.66&tt=73.19&sup=38&flow=Du3rG2u7K6hNKxESe6NNndz7eJkiHmYtj3XFtvL2lGCS1uhvcg&room=double-or-twin,besthoteldeals,2026-09-03T15:56:48-07:00,未知,未知,,,否,best_hotel_deals,Bank of Thailand,2026-09-03,"{""优惠标签"": """", ""入住人数"": """", ""其他权益"": """", ""原价"": """", ""取消政策"": """", ""币种"": ""USD"", ""库存提示"": """", ""当前价"": ""576.43"", ""支付方式"": """", ""早餐"": """", ""确认政策"": """", ""税费"": """"}",否,价格计价单位未确认；税费包含状态未确认；尚未通过T4人工复核,20260907-003922-csv-f52bd5d0,[LOCAL_HOME]/Desktop/Thailand---泰国/05_GoogleMaps曼谷酒店专用/04_平台详情/酒店售卖方案.csv,T3,否,93b4bb8faecaa0493ff15bd8b525d293848e6e527ad86c7c6e80ff71b056e7e6
ChIJcf_j1C-Z4jARfDy3FlDr-Wc,Best Hotel Deals,11270,room_70305d6ae5341459c8,rate_93ff4a886e058ef09b,2,,,,,,494.17,247.09,,USD,,,,2026-09-06,2026-09-08,https://besthoteldealsglobal.com/property/11270?rooms=1&currency=USD&startDate=06-09-2026&endDate=08-09-2026&occupancies=%5B%7B%22Adults%22%3A2%2C%22Children%22%3A0%7D%5D&utm_source=google&utm_medium=HAC&utm_content=06_09_2026_2_mapresults_11270_US_desktop_default___2&tp=486.66&tt=73.19&sup=38&flow=Du3rG2u7K6hNKxESe6NNndz7eJkiHmYtj3XFtvL2lGCS1uhvcg&room=double-or-twin,besthoteldeals,2026-09-03T15:56:48-07:00,未知,未知,,,否,best_hotel_deals,Bank of Thailand,2026-09-03,"{""优惠标签"": """", ""入住人数"": """", ""其他权益"": """", ""原价"": ""494.17"", ""取消政策"": """", ""币种"": ""USD"", ""库存提示"": """", ""当前价"": ""247.09"", ""支付方式"": """", ""早餐"": """", ""确认政策"": """", ""税费"": """"}",否,价格计价单位未确认；税费包含状态未确认；尚未通过T4人工复核,20260907-003922-csv-f52bd5d0,[LOCAL_HOME]/Desktop/Thailand---泰国/05_GoogleMaps曼谷酒店专用/04_平台详情/酒店售卖方案.csv,T3,否,9ed7b178cb9346249e76eaaed411ec5cda59dc7972cc36b985a85fd6d21d8ac5
ChIJcf_j1C-Z4jARfDy3FlDr-Wc,Best Hotel Deals,11270,room_cb82a7326df8c7c076,rate_9c3b5465985e0a365e,1,Room Only,Non-refundable,,,,415.73,207.87,,USD,,,,2026-09-06,2026-09-08,https://besthoteldealsglobal.com/property/11270?rooms=1&currency=USD&startDate=06-09-2026&endDate=08-09-2026&occupancies=%5B%7B%22Adults%22%3A2%2C%22Children%22%3A0%7D%5D&utm_source=google&utm_medium=HAC&utm_content=06_09_2026_2_mapresults_11270_US_desktop_default___2&tp=486.66&tt=73.19&sup=38&flow=Du3rG2u7K6hNKxESe6NNndz7eJkiHmYtj3XFtvL2lGCS1uhvcg&room=double-or-twin,besthoteldeals,2026-09-03T15:56:48-07:00,未知,未知,,,否,best_hotel_deals,Bank of Thailand,2026-09-03,"{""优惠标签"": """", ""入住人数"": """", ""其他权益"": """", ""原价"": ""415.73"", ""取消政策"": ""Non-refundable"", ""币种"": ""USD"", ""库存提示"": """", ""当前价"": ""207.87"", ""支付方式"": """", ""早餐"": ""Room Only"", ""确认政策"": """", ""税费"": """"}",否,价格计价单位未确认；税费包含状态未确认；尚未通过T4人工复核,20260907-003922-csv-f52bd5d0,[LOCAL_HOME]/Desktop/Thailand---泰国/05_GoogleMaps曼谷酒店专用/04_平台详情/酒店售卖方案.csv,T3,否,a69c73deaee8a935724cf3d4635d2b60689057dda1800717e66828a252a75bfc
ChIJcf_j1C-Z4jARfDy3FlDr-Wc,Best Hotel Deals,11270,room_ab1874dbb4666bcbc4,rate_42e3f03912e8f54d2e,1,,,,,,,519.53,,USD,,,,2026-09-06,2026-09-08,https://besthoteldealsglobal.com/property/11270?rooms=1&currency=USD&startDate=06-09-2026&endDate=08-09-2026&occupancies=%5B%7B%22Adults%22%3A2%2C%22Children%22%3A0%7D%5D&utm_source=google&utm_medium=HAC&utm_content=06_09_2026_2_mapresults_11270_US_desktop_default___2&tp=486.66&tt=73.19&sup=38&flow=Du3rG2u7K6hNKxESe6NNndz7eJkiHmYtj3XFtvL2lGCS1uhvcg&room=double-or-twin,besthoteldeals,2026-09-03T15:56:48-07:00,未知,未知,,,否,best_hotel_deals,Bank of Thailand,2026-09-03,"{""优惠标签"": """", ""入住人数"": """", ""其他权益"": """", ""原价"": """", ""取消政策"": """", ""币种"": ""USD"", ""库存提示"": """", ""当前价"": ""519.53"", ""支付方式"": """", ""早餐"": """", ""确认政策"": """", ""税费"": """"}",否,价格计价单位未确认；税费包含状态未确认；尚未通过T4人工复核,20260907-003922-csv-f52bd5d0,[LOCAL_HOME]/Desktop/Thailand---泰国/05_GoogleMaps曼谷酒店专用/04_平台详情/酒店售卖方案.csv,T3,否,b44062f38c4a91443f7a2a3b73676d93fef57844e76419db9495cba92b6930b6
ChIJcf_j1C-Z4jARfDy3FlDr-Wc,Best Hotel Deals,11270,room_d8dd3e96bae10883d7,rate_0997ed4d5a9b51fcf2,2,,,,,,554.67,277.33,,USD,,,,2026-09-06,2026-09-08,https://besthoteldealsglobal.com/property/11270?rooms=1&currency=USD&startDate=06-09-2026&endDate=08-09-2026&occupancies=%5B%7B%22Adults%22%3A2%2C%22Children%22%3A0%7D%5D&utm_source=google&utm_medium=HAC&utm_content=06_09_2026_2_mapresults_11270_US_desktop_default___2&tp=486.66&tt=73.19&sup=38&flow=Du3rG2u7K6hNKxESe6NNndz7eJkiHmYtj3XFtvL2lGCS1uhvcg&room=double-or-twin,besthoteldeals,2026-09-03T15:56:48-07:00,未知,未知,,,否,best_hotel_deals,Bank of Thailand,2026-09-03,"{""优惠标签"": """", ""入住人数"": """", ""其他权益"": """", ""原价"": ""554.67"", ""取消政策"": """", ""币种"": ""USD"", ""库存提示"": """", ""当前价"": ""277.33"", ""支付方式"": """", ""早餐"": """", ""确认政策"": """", ""税费"": """"}",否,价格计价单位未确认；税费包含状态未确认；尚未通过T4人工复核,20260907-003922-csv-f52bd5d0,[LOCAL_HOME]/Desktop/Thailand---泰国/05_GoogleMaps曼谷酒店专用/04_平台详情/酒店售卖方案.csv,T3,否,c10b2ca74c053dec766adcca705d8b99844f02b3cda00db72c2bcd35969ad88e
ChIJcf_j1C-Z4jARfDy3FlDr-Wc,Best Hotel Deals,11270,room_b7e10ae71f19141005,rate_460a0f2393af2688e0,1,Room Only,,,,,433.64,216.82,,USD,,,,2026-09-06,2026-09-08,https://besthoteldealsglobal.com/property/11270?rooms=1&currency=USD&startDate=06-09-2026&endDate=08-09-2026&occupancies=%5B%7B%22Adults%22%3A2%2C%22Children%22%3A0%7D%5D&utm_source=google&utm_medium=HAC&utm_content=06_09_2026_2_mapresults_11270_US_desktop_default___2&tp=486.66&tt=73.19&sup=38&flow=Du3rG2u7K6hNKxESe6NNndz7eJkiHmYtj3XFtvL2lGCS1uhvcg&room=double-or-twin,besthoteldeals,2026-09-03T15:56:48-07:00,未知,未知,,,否,best_hotel_deals,Bank of Thailand,2026-09-03,"{""优惠标签"": """", ""入住人数"": """", ""其他权益"": """", ""原价"": ""433.64"", ""取消政策"": """", ""币种"": ""USD"", ""库存提示"": """", ""当前价"": ""216.82"", ""支付方式"": """", ""早餐"": ""Room Only"", ""确认政策"": """", ""税费"": """"}",否,价格计价单位未确认；税费包含状态未确认；尚未通过T4人工复核,20260907-003922-csv-f52bd5d0,[LOCAL_HOME]/Desktop/Thailand---泰国/05_GoogleMaps曼谷酒店专用/04_平台详情/酒店售卖方案.csv,T3,否,fcf4dc8aa084dcf1370adc9e0f0d5ada12d42b46417c22022b2a3908ba763fb2
ChIJcf_j1C-Z4jARfDy3FlDr-Wc,Best Hotel Deals,11270,room_49b70c07fe9cab9f83,rate_32172ec6affad9e820,1,,,,,,,506.00,,USD,,,,2026-09-06,2026-09-08,https://besthoteldealsglobal.com/property/11270?rooms=1&currency=USD&startDate=06-09-2026&endDate=08-09-2026&occupancies=%5B%7B%22Adults%22%3A2%2C%22Children%22%3A0%7D%5D&utm_source=google&utm_medium=HAC&utm_content=06_09_2026_2_mapresults_11270_US_desktop_default___2&tp=486.66&tt=73.19&sup=38&flow=Du3rG2u7K6hNKxESe6NNndz7eJkiHmYtj3XFtvL2lGCS1uhvcg&room=double-or-twin,besthoteldeals,2026-09-03T15:56:48-07:00,未知,未知,,,否,best_hotel_deals,Bank of Thailand,2026-09-03,"{""优惠标签"": """", ""入住人数"": """", ""其他权益"": """", ""原价"": """", ""取消政策"": """", ""币种"": ""USD"", ""库存提示"": """", ""当前价"": ""506.00"", ""支付方式"": """", ""早餐"": """", ""确认政策"": """", ""税费"": """"}",否,价格计价单位未确认；税费包含状态未确认；尚未通过T4人工复核,20260907-003922-csv-f52bd5d0,[LOCAL_HOME]/Desktop/Thailand---泰国/05_GoogleMaps曼谷酒店专用/04_平台详情/酒店售卖方案.csv,T3,否,fe4304d2754d09ddf899b98cd64010da526e7d801251e1777b1cc2e8a345838a
ChIJCWbW7MWY4jARuQATRiSHlA0,trivago DEALS,H104088,Standard Room,23a965a3-f7c1-48d2-8d5b-de9546e361a1,1,,,,,,,119,,USD,,,,2026-09-05,2026-09-06,https://www.trivago.deals/hotels/thailand_th_bangkok/104088_lebua-at-state-tower?checkIn=2026-09-05&checkOut=2026-09-06&placeId=H104088&campaignName=TrivagoDeals_Google_US&currencyCode=USD&dealkey_redacted=1&countryCode=US&languageCode=en&rule=Google_US&site=mapresults&ads=&priceDisplayedTotal=139.00&priceDisplayedTax=20.20&device=desktop&adults=2&children=0,trivago_deals,2026-09-03T18:41:09-07:00,未知,未知,,,否,trivago_deals,Bank of Thailand,2026-09-03,"{""优惠标签"": """", ""入住人数"": """", ""其他权益"": """", ""原价"": """", ""取消政策"": """", ""币种"": ""USD"", ""库存提示"": """", ""当前价"": ""119"", ""支付方式"": """", ""早餐"": """", ""确认政策"": """", ""税费"": """"}",否,价格计价单位未确认；税费包含状态未确认；尚未通过T4人工复核,20260907-003922-csv-f52bd5d0,[LOCAL_HOME]/Desktop/Thailand---泰国/05_GoogleMaps曼谷酒店专用/04_平台详情/酒店售卖方案.csv,T3,否,307270635c1febe857742d67c35177dbc2e5b36c56134c0d75dc2e76ef418405
ChIJCWbW7MWY4jARuQATRiSHlA0,Traveluro,H104088,Standard Room,351e493c-fe8a-43be-92c2-5cd87a2b5a6d,1,,,,,,,116,,USD,,,,2026-09-05,2026-09-06,https://www.traveluro.com/hotels/thailand_th_bangkok/104088_lebua-at-state-tower?checkIn=2026-09-05&checkOut=2026-09-06&placeId=H104088&campaignName=Google_US&currencyCode=USD&dealkey_redacted=1&countryCode=US&languageCode=en&rule=Google_US&site=mapresults&ads=&priceDisplayedTotal=136.00&priceDisplayedTax=19.76&device=desktop&adults=2&children=0,traveluro,2026-09-03T18:52:52-07:00,未知,未知,,,否,traveluro,Bank of Thailand,2026-09-03,"{""优惠标签"": """", ""入住人数"": """", ""其他权益"": """", ""原价"": """", ""取消政策"": """", ""币种"": ""USD"", ""库存提示"": """", ""当前价"": ""116"", ""支付方式"": """", ""早餐"": """", ""确认政策"": """", ""税费"": """"}",否,价格计价单位未确认；税费包含状态未确认；尚未通过T4人工复核,20260907-003922-csv-f52bd5d0,[LOCAL_HOME]/Desktop/Thailand---泰国/05_GoogleMaps曼谷酒店专用/04_平台详情/酒店售卖方案.csv,T3,否,91c62e2c40804abe6375d95b1f9c0423645c9bb583e3630b29ac95b8bc88c599
ChIJCWbW7MWY4jARuQATRiSHlA0,BookMyBooking.com,5548,room14599,rate_8cea335f1bf3216934,2,,,,,,,21.49,,USD,,,,2026-09-05,2026-09-06,https://www.bookmybooking.com/hotel-landing-page?childcount=0&roomcount=1&childage=&locationtype=country&checkInCheckOut=2026/09/05-2026/09/06&adultcount=2&hotel-id=5548,bookmybooking,2026-09-03T18:54:51-07:00,未知,未知,,,否,bookmybooking,Bank of Thailand,2026-09-03,"{""优惠标签"": """", ""入住人数"": """", ""其他权益"": """", ""原价"": """", ""取消政策"": """", ""币种"": ""USD"", ""库存提示"": """", ""当前价"": ""21.49"", ""支付方式"": """", ""早餐"": """", ""确认政策"": """", ""税费"": """"}",否,已知语义误采平台待修复；价格计价单位未确认；税费包含状态未确认；尚未通过T4人工复核,20260907-003922-csv-f52bd5d0,[LOCAL_HOME]/Desktop/Thailand---泰国/05_GoogleMaps曼谷酒店专用/04_平台详情/酒店售卖方案.csv,R,是,0b1e38712ad7ddb72f4b5ecd949c62d4d19b9002dbb7bed1706c797cb693b67d
ChIJCWbW7MWY4jARuQATRiSHlA0,BookMyBooking.com,5548,room_d2b4d9561c815e1e1b,rate_7ea148e4a81c8b9a52,23,,,,,,,17.84,,USD,,,,2026-09-05,2026-09-06,https://www.bookmybooking.com/hotel-landing-page?childcount=0&roomcount=1&childage=&locationtype=country&checkInCheckOut=2026/09/05-2026/09/06&adultcount=2&hotel-id=5548,bookmybooking,2026-09-03T18:54:51-07:00,未知,未知,,,否,bookmybooking,Bank of Thailand,2026-09-03,"{""优惠标签"": """", ""入住人数"": """", ""其他权益"": """", ""原价"": """", ""取消政策"": """", ""币种"": ""USD"", ""库存提示"": """", ""当前价"": ""17.84"", ""支付方式"": """", ""早餐"": """", ""确认政策"": """", ""税费"": """"}",否,已知语义误采平台待修复；价格计价单位未确认；税费包含状态未确认；尚未通过T4人工复核,20260907-003922-csv-f52bd5d0,[LOCAL_HOME]/Desktop/Thailand---泰国/05_GoogleMaps曼谷酒店专用/04_平台详情/酒店售卖方案.csv,R,是,0b6a2724eb10fc1dd1419602daf5cc67549d9ef221ffc5431221037a0530c2f6
ChIJCWbW7MWY4jARuQATRiSHlA0,BookMyBooking.com,5548,room14597,rate_64d001cd3e422486f6,2,,,,,,,17.46,,USD,,,,2026-09-05,2026-09-06,https://www.bookmybooking.com/hotel-landing-page?childcount=0&roomcount=1&childage=&locationtype=country&checkInCheckOut=2026/09/05-2026/09/06&adultcount=2&hotel-id=5548,bookmybooking,2026-09-03T18:54:51-07:00,未知,未知,,,否,bookmybooking,Bank of Thailand,2026-09-03,"{""优惠标签"": """", ""入住人数"": """", ""其他权益"": """", ""原价"": """", ""取消政策"": """", ""币种"": ""USD"", ""库存提示"": """", ""当前价"": ""17.46"", ""支付方式"": """", ""早餐"": """", ""确认政策"": """", ""税费"": """"}",否,已知语义误采平台待修复；价格计价单位未确认；税费包含状态未确认；尚未通过T4人工复核,20260907-003922-csv-f52bd5d0,[LOCAL_HOME]/Desktop/Thailand---泰国/05_GoogleMaps曼谷酒店专用/04_平台详情/酒店售卖方案.csv,R,是,19224bf899e397e75d1f1205bd61f323b1e5b579b71751c289132b57a6a4d64f
ChIJCWbW7MWY4jARuQATRiSHlA0,BookMyBooking.com,5548,room14595,rate_6809be8cd2195f0388,3,,,,,,,13.66,,USD,,,,2026-09-05,2026-09-06,https://www.bookmybooking.com/hotel-landing-page?childcount=0&roomcount=1&childage=&locationtype=country&checkInCheckOut=2026/09/05-2026/09/06&adultcount=2&hotel-id=5548,bookmybooking,2026-09-03T18:54:51-07:00,未知,未知,,,否,bookmybooking,Bank of Thailand,2026-09-03,"{""优惠标签"": """", ""入住人数"": """", ""其他权益"": """", ""原价"": """", ""取消政策"": """", ""币种"": ""USD"", ""库存提示"": """", ""当前价"": ""13.66"", ""支付方式"": """", ""早餐"": """", ""确认政策"": """", ""税费"": """"}",否,已知语义误采平台待修复；价格计价单位未确认；税费包含状态未确认；尚未通过T4人工复核,20260907-003922-csv-f52bd5d0,[LOCAL_HOME]/Desktop/Thailand---泰国/05_GoogleMaps曼谷酒店专用/04_平台详情/酒店售卖方案.csv,R,是,1fd6ca10a341c90c59d211a72467a3b1783048c58d334e29536e61b8738cd9d8
ChIJCWbW7MWY4jARuQATRiSHlA0,BookMyBooking.com,5548,room_d2b4d9561c815e1e1b,rate_daa6db0dcf514fb8c3,17,,,,,,,15.59,,USD,,,,2026-09-05,2026-09-06,https://www.bookmybooking.com/hotel-landing-page?childcount=0&roomcount=1&childage=&locationtype=country&checkInCheckOut=2026/09/05-2026/09/06&adultcount=2&hotel-id=5548,bookmybooking,2026-09-03T18:54:51-07:00,未知,未知,,,否,bookmybooking,Bank of Thailand,2026-09-03,"{""优惠标签"": """", ""入住人数"": """", ""其他权益"": """", ""原价"": """", ""取消政策"": """", ""币种"": ""USD"", ""库存提示"": """", ""当前价"": ""15.59"", ""支付方式"": """", ""早餐"": """", ""确认政策"": """", ""税费"": """"}",否,已知语义误采平台待修复；价格计价单位未确认；税费包含状态未确认；尚未通过T4人工复核,20260907-003922-csv-f52bd5d0,[LOCAL_HOME]/Desktop/Thailand---泰国/05_GoogleMaps曼谷酒店专用/04_平台详情/酒店售卖方案.csv,R,是,286fcd9a8585427021188df4ed8486a03b2a246c24bd723a11ea4de5090c1f54
ChIJCWbW7MWY4jARuQATRiSHlA0,BookMyBooking.com,5548,room_d2b4d9561c815e1e1b,rate_fd68e8c5a3b8168c6c,16,,,,,,,18.82,,USD,,,,2026-09-05,2026-09-06,https://www.bookmybooking.com/hotel-landing-page?childcount=0&roomcount=1&childage=&locationtype=country&checkInCheckOut=2026/09/05-2026/09/06&adultcount=2&hotel-id=5548,bookmybooking,2026-09-03T18:54:51-07:00,未知,未知,,,否,bookmybooking,Bank of Thailand,2026-09-03,"{""优惠标签"": """", ""入住人数"": """", ""其他权益"": """", ""原价"": """", ""取消政策"": """", ""币种"": ""USD"", ""库存提示"": """", ""当前价"": ""18.82"", ""支付方式"": """", ""早餐"": """", ""确认政策"": """", ""税费"": """"}",否,已知语义误采平台待修复；价格计价单位未确认；税费包含状态未确认；尚未通过T4人工复核,20260907-003922-csv-f52bd5d0,[LOCAL_HOME]/Desktop/Thailand---泰国/05_GoogleMaps曼谷酒店专用/04_平台详情/酒店售卖方案.csv,R,是,31fe5f2190f2cb858321cc11d0da3a3e6553d9260b04001acf157a9b68c90c89
ChIJCWbW7MWY4jARuQATRiSHlA0,BookMyBooking.com,5548,room_d2b4d9561c815e1e1b,rate_d062826e463ad9108a,6,,,,,,,16.45,,USD,,,,2026-09-05,2026-09-06,https://www.bookmybooking.com/hotel-landing-page?childcount=0&roomcount=1&childage=&locationtype=country&checkInCheckOut=2026/09/05-2026/09/06&adultcount=2&hotel-id=5548,bookmybooking,2026-09-03T18:54:51-07:00,未知,未知,,,否,bookmybooking,Bank of Thailand,2026-09-03,"{""优惠标签"": """", ""入住人数"": """", ""其他权益"": """", ""原价"": """", ""取消政策"": """", ""币种"": ""USD"", ""库存提示"": """", ""当前价"": ""16.45"", ""支付方式"": """", ""早餐"": """", ""确认政策"": """", ""税费"": """"}",否,已知语义误采平台待修复；价格计价单位未确认；税费包含状态未确认；尚未通过T4人工复核,20260907-003922-csv-f52bd5d0,[LOCAL_HOME]/Desktop/Thailand---泰国/05_GoogleMaps曼谷酒店专用/04_平台详情/酒店售卖方案.csv,R,是,323dcbda0ed2427806abf9cabbc64e94ac51533c19be76126f710fe63a1bb7e0
ChIJCWbW7MWY4jARuQATRiSHlA0,BookMyBooking.com,5548,room14597,rate_9edac7f979abaf5c84,1,,,,,,,13.44,,USD,,,,2026-09-05,2026-09-06,https://www.bookmybooking.com/hotel-landing-page?childcount=0&roomcount=1&childage=&locationtype=country&checkInCheckOut=2026/09/05-2026/09/06&adultcount=2&hotel-id=5548,bookmybooking,2026-09-03T18:54:51-07:00,未知,未知,,,否,bookmybooking,Bank of Thailand,2026-09-03,"{""优惠标签"": """", ""入住人数"": """", ""其他权益"": """", ""原价"": """", ""取消政策"": """", ""币种"": ""USD"", ""库存提示"": """", ""当前价"": ""13.44"", ""支付方式"": """", ""早餐"": """", ""确认政策"": """", ""税费"": """"}",否,已知语义误采平台待修复；价格计价单位未确认；税费包含状态未确认；尚未通过T4人工复核,20260907-003922-csv-f52bd5d0,[LOCAL_HOME]/Desktop/Thailand---泰国/05_GoogleMaps曼谷酒店专用/04_平台详情/酒店售卖方案.csv,R,是,3267aeb28f40ef69027d2b51e95fa31fa969469b4c8c91b71683178e0ecb88a4
ChIJCWbW7MWY4jARuQATRiSHlA0,BookMyBooking.com,5548,room14600,rate_bc0f5aaf5c3f5d53af,2,,,,,,,82.10,,USD,,,,2026-09-05,2026-09-06,https://www.bookmybooking.com/hotel-landing-page?childcount=0&roomcount=1&childage=&locationtype=country&checkInCheckOut=2026/09/05-2026/09/06&adultcount=2&hotel-id=5548,bookmybooking,2026-09-03T18:54:51-07:00,未知,未知,,,否,bookmybooking,Bank of Thailand,2026-09-03,"{""优惠标签"": """", ""入住人数"": """", ""其他权益"": """", ""原价"": """", ""取消政策"": """", ""币种"": ""USD"", ""库存提示"": """", ""当前价"": ""82.10"", ""支付方式"": """", ""早餐"": """", ""确认政策"": """", ""税费"": """"}",否,已知语义误采平台待修复；价格计价单位未确认；税费包含状态未确认；尚未通过T4人工复核,20260907-003922-csv-f52bd5d0,[LOCAL_HOME]/Desktop/Thailand---泰国/05_GoogleMaps曼谷酒店专用/04_平台详情/酒店售卖方案.csv,R,是,34b54e7d6b14b5fea0fc947db5869889c6af5b4fd442911c8544bdc25a6d88d6
ChIJCWbW7MWY4jARuQATRiSHlA0,BookMyBooking.com,5548,room_d2b4d9561c815e1e1b,rate_3f508dc5d7d902a5f0,22,,,,,,,21.49,,USD,,,,2026-09-05,2026-09-06,https://www.bookmybooking.com/hotel-landing-page?childcount=0&roomcount=1&childage=&locationtype=country&checkInCheckOut=2026/09/05-2026/09/06&adultcount=2&hotel-id=5548,bookmybooking,2026-09-03T18:54:51-07:00,未知,未知,,,否,bookmybooking,Bank of Thailand,2026-09-03,"{""优惠标签"": """", ""入住人数"": """", ""其他权益"": """", ""原价"": """", ""取消政策"": """", ""币种"": ""USD"", ""库存提示"": """", ""当前价"": ""21.49"", ""支付方式"": """", ""早餐"": """", ""确认政策"": """", ""税费"": """"}",否,已知语义误采平台待修复；价格计价单位未确认；税费包含状态未确认；尚未通过T4人工复核,20260907-003922-csv-f52bd5d0,[LOCAL_HOME]/Desktop/Thailand---泰国/05_GoogleMaps曼谷酒店专用/04_平台详情/酒店售卖方案.csv,R,是,370986d80f6b522823129c275147a4309aef8ac24818a2774134f0de929ce566
ChIJCWbW7MWY4jARuQATRiSHlA0,BookMyBooking.com,5548,room_d2b4d9561c815e1e1b,rate_94a2fddddd61113699,8,,,,,,,17.74,,USD,,,,2026-09-05,2026-09-06,https://www.bookmybooking.com/hotel-landing-page?childcount=0&roomcount=1&childage=&locationtype=country&checkInCheckOut=2026/09/05-2026/09/06&adultcount=2&hotel-id=5548,bookmybooking,2026-09-03T18:54:51-07:00,未知,未知,,,否,bookmybooking,Bank of Thailand,2026-09-03,"{""优惠标签"": """", ""入住人数"": """", ""其他权益"": """", ""原价"": """", ""取消政策"": """", ""币种"": ""USD"", ""库存提示"": """", ""当前价"": ""17.74"", ""支付方式"": """", ""早餐"": """", ""确认政策"": """", ""税费"": """"}",否,已知语义误采平台待修复；价格计价单位未确认；税费包含状态未确认；尚未通过T4人工复核,20260907-003922-csv-f52bd5d0,[LOCAL_HOME]/Desktop/Thailand---泰国/05_GoogleMaps曼谷酒店专用/04_平台详情/酒店售卖方案.csv,R,是,37702874a0b47bd4e444b193239a6b3d345abfce13691331467b86874b0af444
ChIJCWbW7MWY4jARuQATRiSHlA0,BookMyBooking.com,5548,room_d2b4d9561c815e1e1b,rate_8c7414bd02da7fd932,21,,,,,,,16.54,,USD,,,,2026-09-05,2026-09-06,https://www.bookmybooking.com/hotel-landing-page?childcount=0&roomcount=1&childage=&locationtype=country&checkInCheckOut=2026/09/05-2026/09/06&adultcount=2&hotel-id=5548,bookmybooking,2026-09-03T18:54:51-07:00,未知,未知,,,否,bookmybooking,Bank of Thailand,2026-09-03,"{""优惠标签"": """", ""入住人数"": """", ""其他权益"": """", ""原价"": """", ""取消政策"": """", ""币种"": ""USD"", ""库存提示"": """", ""当前价"": ""16.54"", ""支付方式"": """", ""早餐"": """", ""确认政策"": """", ""税费"": """"}",否,已知语义误采平台待修复；价格计价单位未确认；税费包含状态未确认；尚未通过T4人工复核,20260907-003922-csv-f52bd5d0,[LOCAL_HOME]/Desktop/Thailand---泰国/05_GoogleMaps曼谷酒店专用/04_平台详情/酒店售卖方案.csv,R,是,3da4d2a32debd8bc4a65fd08ba037848581706fd894891b1d9a1d55272d54280
ChIJCWbW7MWY4jARuQATRiSHlA0,BookMyBooking.com,5548,room_d2b4d9561c815e1e1b,rate_cdd8d1420a4017515c,7,,,,,,,13.66,,USD,,,,2026-09-05,2026-09-06,https://www.bookmybooking.com/hotel-landing-page?childcount=0&roomcount=1&childage=&locationtype=country&checkInCheckOut=2026/09/05-2026/09/06&adultcount=2&hotel-id=5548,bookmybooking,2026-09-03T18:54:51-07:00,未知,未知,,,否,bookmybooking,Bank of Thailand,2026-09-03,"{""优惠标签"": """", ""入住人数"": """", ""其他权益"": """", ""原价"": """", ""取消政策"": """", ""币种"": ""USD"", ""库存提示"": """", ""当前价"": ""13.66"", ""支付方式"": """", ""早餐"": """", ""确认政策"": """", ""税费"": """"}",否,已知语义误采平台待修复；价格计价单位未确认；税费包含状态未确认；尚未通过T4人工复核,20260907-003922-csv-f52bd5d0,[LOCAL_HOME]/Desktop/Thailand---泰国/05_GoogleMaps曼谷酒店专用/04_平台详情/酒店售卖方案.csv,R,是,43c47baa91346e4fd58e3b848bda4df1494c5fabffcd36174e94bd4576c6363d
ChIJCWbW7MWY4jARuQATRiSHlA0,BookMyBooking.com,5548,room14597,rate_b4bb866f34cc6f90d8,3,,,,,,,14.49,,USD,,,,2026-09-05,2026-09-06,https://www.bookmybooking.com/hotel-landing-page?childcount=0&roomcount=1&childage=&locationtype=country&checkInCheckOut=2026/09/05-2026/09/06&adultcount=2&hotel-id=5548,bookmybooking,2026-09-03T18:54:51-07:00,未知,未知,,,否,bookmybooking,Bank of Thailand,2026-09-03,"{""优惠标签"": """", ""入住人数"": """", ""其他权益"": """", ""原价"": """", ""取消政策"": """", ""币种"": ""USD"", ""库存提示"": """", ""当前价"": ""14.49"", ""支付方式"": """", ""早餐"": """", ""确认政策"": """", ""税费"": """"}",否,已知语义误采平台待修复；价格计价单位未确认；税费包含状态未确认；尚未通过T4人工复核,20260907-003922-csv-f52bd5d0,[LOCAL_HOME]/Desktop/Thailand---泰国/05_GoogleMaps曼谷酒店专用/04_平台详情/酒店售卖方案.csv,R,是,4f0a4b49918c6727dbca0f53c92b844dfb04257928e0727a5eef291afba682dc
ChIJCWbW7MWY4jARuQATRiSHlA0,BookMyBooking.com,5548,room14599,rate_e794e9c550022eaa53,1,,,,,,,16.54,,USD,,,,2026-09-05,2026-09-06,https://www.bookmybooking.com/hotel-landing-page?childcount=0&roomcount=1&childage=&locationtype=country&checkInCheckOut=2026/09/05-2026/09/06&adultcount=2&hotel-id=5548,bookmybooking,2026-09-03T18:54:51-07:00,未知,未知,,,否,bookmybooking,Bank of Thailand,2026-09-03,"{""优惠标签"": """", ""入住人数"": """", ""其他权益"": """", ""原价"": """", ""取消政策"": """", ""币种"": ""USD"", ""库存提示"": """", ""当前价"": ""16.54"", ""支付方式"": """", ""早餐"": """", ""确认政策"": """", ""税费"": """"}",否,已知语义误采平台待修复；价格计价单位未确认；税费包含状态未确认；尚未通过T4人工复核,20260907-003922-csv-f52bd5d0,[LOCAL_HOME]/Desktop/Thailand---泰国/05_GoogleMaps曼谷酒店专用/04_平台详情/酒店售卖方案.csv,R,是,508528b8e21061dcc8024a3f6fc714ecf17464e2b77e26d8d94a0604086907cf
ChIJCWbW7MWY4jARuQATRiSHlA0,BookMyBooking.com,5548,room_d2b4d9561c815e1e1b,rate_9c0ecbb316940e2180,1,,,,,,,11.95,,USD,,,,2026-09-05,2026-09-06,https://www.bookmybooking.com/hotel-landing-page?childcount=0&roomcount=1&childage=&locationtype=country&checkInCheckOut=2026/09/05-2026/09/06&adultcount=2&hotel-id=5548,bookmybooking,2026-09-03T18:54:51-07:00,未知,未知,,,否,bookmybooking,Bank of Thailand,2026-09-03,"{""优惠标签"": """", ""入住人数"": """", ""其他权益"": """", ""原价"": """", ""取消政策"": """", ""币种"": ""USD"", ""库存提示"": """", ""当前价"": ""11.95"", ""支付方式"": """", ""早餐"": """", ""确认政策"": """", ""税费"": """"}",否,已知语义误采平台待修复；价格计价单位未确认；税费包含状态未确认；尚未通过T4人工复核,20260907-003922-csv-f52bd5d0,[LOCAL_HOME]/Desktop/Thailand---泰国/05_GoogleMaps曼谷酒店专用/04_平台详情/酒店售卖方案.csv,R,是,55e49f19e150466e6b64fcebd7639d5f99a8c062b981aa9d5f6b6c5311e2a5b8
ChIJCWbW7MWY4jARuQATRiSHlA0,BookMyBooking.com,5548,room_d2b4d9561c815e1e1b,rate_431d51f4e537e9dd96,19,,,,,,,16.81,,USD,,,,2026-09-05,2026-09-06,https://www.bookmybooking.com/hotel-landing-page?childcount=0&roomcount=1&childage=&locationtype=country&checkInCheckOut=2026/09/05-2026/09/06&adultcount=2&hotel-id=5548,bookmybooking,2026-09-03T18:54:51-07:00,未知,未知,,,否,bookmybooking,Bank of Thailand,2026-09-03,"{""优惠标签"": """", ""入住人数"": """", ""其他权益"": """", ""原价"": """", ""取消政策"": """", ""币种"": ""USD"", ""库存提示"": """", ""当前价"": ""16.81"", ""支付方式"": """", ""早餐"": """", ""确认政策"": """", ""税费"": """"}",否,已知语义误采平台待修复；价格计价单位未确认；税费包含状态未确认；尚未通过T4人工复核,20260907-003922-csv-f52bd5d0,[LOCAL_HOME]/Desktop/Thailand---泰国/05_GoogleMaps曼谷酒店专用/04_平台详情/酒店售卖方案.csv,R,是,56a8b5ec152bdbc5bcc316b7c05a2310571db749ffb104cbec295c6c751ede3b
ChIJCWbW7MWY4jARuQATRiSHlA0,BookMyBooking.com,5548,room14596,rate_36a94221506d2332c0,2,,,,,,,16.53,,USD,,,,2026-09-05,2026-09-06,https://www.bookmybooking.com/hotel-landing-page?childcount=0&roomcount=1&childage=&locationtype=country&checkInCheckOut=2026/09/05-2026/09/06&adultcount=2&hotel-id=5548,bookmybooking,2026-09-03T18:54:51-07:00,未知,未知,,,否,bookmybooking,Bank of Thailand,2026-09-03,"{""优惠标签"": """", ""入住人数"": """", ""其他权益"": """", ""原价"": """", ""取消政策"": """", ""币种"": ""USD"", ""库存提示"": """", ""当前价"": ""16.53"", ""支付方式"": """", ""早餐"": """", ""确认政策"": """", ""税费"": """"}",否,已知语义误采平台待修复；价格计价单位未确认；税费包含状态未确认；尚未通过T4人工复核,20260907-003922-csv-f52bd5d0,[LOCAL_HOME]/Desktop/Thailand---泰国/05_GoogleMaps曼谷酒店专用/04_平台详情/酒店售卖方案.csv,R,是,593854c0c2a54999298bcc1c547ba4c1d1078d7ba16689e5f4f14d196731741f
ChIJCWbW7MWY4jARuQATRiSHlA0,BookMyBooking.com,5548,room14597,rate_a8895cc0209d69ce6e,4,,,,,,,18.82,,USD,,,,2026-09-05,2026-09-06,https://www.bookmybooking.com/hotel-landing-page?childcount=0&roomcount=1&childage=&locationtype=country&checkInCheckOut=2026/09/05-2026/09/06&adultcount=2&hotel-id=5548,bookmybooking,2026-09-03T18:54:51-07:00,未知,未知,,,否,bookmybooking,Bank of Thailand,2026-09-03,"{""优惠标签"": """", ""入住人数"": """", ""其他权益"": """", ""原价"": """", ""取消政策"": """", ""币种"": ""USD"", ""库存提示"": """", ""当前价"": ""18.82"", ""支付方式"": """", ""早餐"": """", ""确认政策"": """", ""税费"": """"}",否,已知语义误采平台待修复；价格计价单位未确认；税费包含状态未确认；尚未通过T4人工复核,20260907-003922-csv-f52bd5d0,[LOCAL_HOME]/Desktop/Thailand---泰国/05_GoogleMaps曼谷酒店专用/04_平台详情/酒店售卖方案.csv,R,是,61e4add969e85fc9bc3b0dd69654aa9521f487fc905bc06d0093143e9c093783
ChIJCWbW7MWY4jARuQATRiSHlA0,BookMyBooking.com,5548,room14598,rate_0bf37c7f169bb49ecc,4,,,,,,,21.83,,USD,,,,2026-09-05,2026-09-06,https://www.bookmybooking.com/hotel-landing-page?childcount=0&roomcount=1&childage=&locationtype=country&checkInCheckOut=2026/09/05-2026/09/06&adultcount=2&hotel-id=5548,bookmybooking,2026-09-03T18:54:51-07:00,未知,未知,,,否,bookmybooking,Bank of Thailand,2026-09-03,"{""优惠标签"": """", ""入住人数"": """", ""其他权益"": """", ""原价"": """", ""取消政策"": """", ""币种"": ""USD"", ""库存提示"": """", ""当前价"": ""21.83"", ""支付方式"": """", ""早餐"": """", ""确认政策"": """", ""税费"": """"}",否,已知语义误采平台待修复；价格计价单位未确认；税费包含状态未确认；尚未通过T4人工复核,20260907-003922-csv-f52bd5d0,[LOCAL_HOME]/Desktop/Thailand---泰国/05_GoogleMaps曼谷酒店专用/04_平台详情/酒店售卖方案.csv,R,是,62ce10722630daf279b754654196335021bdc6ddf648a55b926019e36b2eacf9
ChIJCWbW7MWY4jARuQATRiSHlA0,BookMyBooking.com,5548,room_d2b4d9561c815e1e1b,rate_72c79b840f961a39ee,4,,,,,,,16.73,,USD,,,,2026-09-05,2026-09-06,https://www.bookmybooking.com/hotel-landing-page?childcount=0&roomcount=1&childage=&locationtype=country&checkInCheckOut=2026/09/05-2026/09/06&adultcount=2&hotel-id=5548,bookmybooking,2026-09-03T18:54:51-07:00,未知,未知,,,否,bookmybooking,Bank of Thailand,2026-09-03,"{""优惠标签"": """", ""入住人数"": """", ""其他权益"": """", ""原价"": """", ""取消政策"": """", ""币种"": ""USD"", ""库存提示"": """", ""当前价"": ""16.73"", ""支付方式"": """", ""早餐"": """", ""确认政策"": """", ""税费"": """"}",否,已知语义误采平台待修复；价格计价单位未确认；税费包含状态未确认；尚未通过T4人工复核,20260907-003922-csv-f52bd5d0,[LOCAL_HOME]/Desktop/Thailand---泰国/05_GoogleMaps曼谷酒店专用/04_平台详情/酒店售卖方案.csv,R,是,65fce4bd6dc906bdcee8ad60e3cba705e25ff94133144c2bef8c0f85972c0e8a
ChIJCWbW7MWY4jARuQATRiSHlA0,BookMyBooking.com,5548,room14598,rate_f8a176026e2ed8d37d,3,,,,,,,16.81,,USD,,,,2026-09-05,2026-09-06,https://www.bookmybooking.com/hotel-landing-page?childcount=0&roomcount=1&childage=&locationtype=country&checkInCheckOut=2026/09/05-2026/09/06&adultcount=2&hotel-id=5548,bookmybooking,2026-09-03T18:54:51-07:00,未知,未知,,,否,bookmybooking,Bank of Thailand,2026-09-03,"{""优惠标签"": """", ""入住人数"": """", ""其他权益"": """", ""原价"": """", ""取消政策"": """", ""币种"": ""USD"", ""库存提示"": """", ""当前价"": ""16.81"", ""支付方式"": """", ""早餐"": """", ""确认政策"": """", ""税费"": """"}",否,已知语义误采平台待修复；价格计价单位未确认；税费包含状态未确认；尚未通过T4人工复核,20260907-003922-csv-f52bd5d0,[LOCAL_HOME]/Desktop/Thailand---泰国/05_GoogleMaps曼谷酒店专用/04_平台详情/酒店售卖方案.csv,R,是,66f0b94be177de0d27b1bc4310c02c6cf7d72f3e9ab07a412a1dd877a947e401
ChIJCWbW7MWY4jARuQATRiSHlA0,BookMyBooking.com,5548,room_d2b4d9561c815e1e1b,rate_1a0059366578a5a085,11,,,,,,,13.72,,USD,,,,2026-09-05,2026-09-06,https://www.bookmybooking.com/hotel-landing-page?childcount=0&roomcount=1&childage=&locationtype=country&checkInCheckOut=2026/09/05-2026/09/06&adultcount=2&hotel-id=5548,bookmybooking,2026-09-03T18:54:51-07:00,未知,未知,,,否,bookmybooking,Bank of Thailand,2026-09-03,"{""优惠标签"": """", ""入住人数"": """", ""其他权益"": """", ""原价"": """", ""取消政策"": """", ""币种"": ""USD"", ""库存提示"": """", ""当前价"": ""13.72"", ""支付方式"": """", ""早餐"": """", ""确认政策"": """", ""税费"": """"}",否,已知语义误采平台待修复；价格计价单位未确认；税费包含状态未确认；尚未通过T4人工复核,20260907-003922-csv-f52bd5d0,[LOCAL_HOME]/Desktop/Thailand---泰国/05_GoogleMaps曼谷酒店专用/04_平台详情/酒店售卖方案.csv,R,是,6947a7a17b53a32af10b2c0115932d7e2a5eaa7672a445429f86ef0d15321f86
ChIJCWbW7MWY4jARuQATRiSHlA0,BookMyBooking.com,5548,room14596,rate_60059427fb200282fe,3,,,,,,,13.72,,USD,,,,2026-09-05,2026-09-06,https://www.bookmybooking.com/hotel-landing-page?childcount=0&roomcount=1&childage=&locationtype=country&checkInCheckOut=2026/09/05-2026/09/06&adultcount=2&hotel-id=5548,bookmybooking,2026-09-03T18:54:51-07:00,未知,未知,,,否,bookmybooking,Bank of Thailand,2026-09-03,"{""优惠标签"": """", ""入住人数"": """", ""其他权益"": """", ""原价"": """", ""取消政策"": """", ""币种"": ""USD"", ""库存提示"": """", ""当前价"": ""13.72"", ""支付方式"": """", ""早餐"": """", ""确认政策"": """", ""税费"": """"}",否,已知语义误采平台待修复；价格计价单位未确认；税费包含状态未确认；尚未通过T4人工复核,20260907-003922-csv-f52bd5d0,[LOCAL_HOME]/Desktop/Thailand---泰国/05_GoogleMaps曼谷酒店专用/04_平台详情/酒店售卖方案.csv,R,是,777b899e1ec3e84ba273906cd750dac24b8fc7aea6c4be9c2a85e6c5fa4ebc92
ChIJCWbW7MWY4jARuQATRiSHlA0,BookMyBooking.com,5548,room_d2b4d9561c815e1e1b,rate_b8f8399347d0eae30e,9,,,,,,,12.72,,USD,,,,2026-09-05,2026-09-06,https://www.bookmybooking.com/hotel-landing-page?childcount=0&roomcount=1&childage=&locationtype=country&checkInCheckOut=2026/09/05-2026/09/06&adultcount=2&hotel-id=5548,bookmybooking,2026-09-03T18:54:51-07:00,未知,未知,,,否,bookmybooking,Bank of Thailand,2026-09-03,"{""优惠标签"": """", ""入住人数"": """", ""其他权益"": """", ""原价"": """", ""取消政策"": """", ""币种"": ""USD"", ""库存提示"": """", ""当前价"": ""12.72"", ""支付方式"": """", ""早餐"": """", ""确认政策"": """", ""税费"": """"}",否,已知语义误采平台待修复；价格计价单位未确认；税费包含状态未确认；尚未通过T4人工复核,20260907-003922-csv-f52bd5d0,[LOCAL_HOME]/Desktop/Thailand---泰国/05_GoogleMaps曼谷酒店专用/04_平台详情/酒店售卖方案.csv,R,是,790a19d4013007358d90ae5aeefa21e26bc0b7f19f3192521074a3a147bcd49b
ChIJCWbW7MWY4jARuQATRiSHlA0,BookMyBooking.com,5548,room14598,rate_20ab1f7c0a5e6f7b0d,2,,,,,,,20.25,,USD,,,,2026-09-05,2026-09-06,https://www.bookmybooking.com/hotel-landing-page?childcount=0&roomcount=1&childage=&locationtype=country&checkInCheckOut=2026/09/05-2026/09/06&adultcount=2&hotel-id=5548,bookmybooking,2026-09-03T18:54:51-07:00,未知,未知,,,否,bookmybooking,Bank of Thailand,2026-09-03,"{""优惠标签"": """", ""入住人数"": """", ""其他权益"": """", ""原价"": """", ""取消政策"": """", ""币种"": ""USD"", ""库存提示"": """", ""当前价"": ""20.25"", ""支付方式"": """", ""早餐"": """", ""确认政策"": """", ""税费"": """"}",否,已知语义误采平台待修复；价格计价单位未确认；税费包含状态未确认；尚未通过T4人工复核,20260907-003922-csv-f52bd5d0,[LOCAL_HOME]/Desktop/Thailand---泰国/05_GoogleMaps曼谷酒店专用/04_平台详情/酒店售卖方案.csv,R,是,7decc8d175ae451e163ff37f61d39bf338414425a121a5650579063d1c44f984
ChIJCWbW7MWY4jARuQATRiSHlA0,BookMyBooking.com,5548,room_d2b4d9561c815e1e1b,rate_a31298b970312e5a74,18,,,,,,,20.25,,USD,,,,2026-09-05,2026-09-06,https://www.bookmybooking.com/hotel-landing-page?childcount=0&roomcount=1&childage=&locationtype=country&checkInCheckOut=2026/09/05-2026/09/06&adultcount=2&hotel-id=5548,bookmybooking,2026-09-03T18:54:51-07:00,未知,未知,,,否,bookmybooking,Bank of Thailand,2026-09-03,"{""优惠标签"": """", ""入住人数"": """", ""其他权益"": """", ""原价"": """", ""取消政策"": """", ""币种"": ""USD"", ""库存提示"": """", ""当前价"": ""20.25"", ""支付方式"": """", ""早餐"": """", ""确认政策"": """", ""税费"": """"}",否,已知语义误采平台待修复；价格计价单位未确认；税费包含状态未确认；尚未通过T4人工复核,20260907-003922-csv-f52bd5d0,[LOCAL_HOME]/Desktop/Thailand---泰国/05_GoogleMaps曼谷酒店专用/04_平台详情/酒店售卖方案.csv,R,是,7fb1afeb2e187d36a32c06be33ca61a9cd170e1ef31d06f8d90efd135202e547
ChIJCWbW7MWY4jARuQATRiSHlA0,BookMyBooking.com,5548,room14594,rate_3e252b4433e03f8dc2,4,,,,,,,16.73,,USD,,,,2026-09-05,2026-09-06,https://www.bookmybooking.com/hotel-landing-page?childcount=0&roomcount=1&childage=&locationtype=country&checkInCheckOut=2026/09/05-2026/09/06&adultcount=2&hotel-id=5548,bookmybooking,2026-09-03T18:54:51-07:00,未知,未知,,,否,bookmybooking,Bank of Thailand,2026-09-03,"{""优惠标签"": """", ""入住人数"": """", ""其他权益"": """", ""原价"": """", ""取消政策"": """", ""币种"": ""USD"", ""库存提示"": """", ""当前价"": ""16.73"", ""支付方式"": """", ""早餐"": """", ""确认政策"": """", ""税费"": """"}",否,已知语义误采平台待修复；价格计价单位未确认；税费包含状态未确认；尚未通过T4人工复核,20260907-003922-csv-f52bd5d0,[LOCAL_HOME]/Desktop/Thailand---泰国/05_GoogleMaps曼谷酒店专用/04_平台详情/酒店售卖方案.csv,R,是,8a079f6578e6a37b401a79d74bf438916f55add75e7eab71cae98ad5bfe6c4c4
ChIJCWbW7MWY4jARuQATRiSHlA0,BookMyBooking.com,5548,room14594,rate_571f6db9553197e14b,1,,,,,,,11.95,,USD,,,,2026-09-05,2026-09-06,https://www.bookmybooking.com/hotel-landing-page?childcount=0&roomcount=1&childage=&locationtype=country&checkInCheckOut=2026/09/05-2026/09/06&adultcount=2&hotel-id=5548,bookmybooking,2026-09-03T18:54:51-07:00,未知,未知,,,否,bookmybooking,Bank of Thailand,2026-09-03,"{""优惠标签"": """", ""入住人数"": """", ""其他权益"": """", ""原价"": """", ""取消政策"": """", ""币种"": ""USD"", ""库存提示"": """", ""当前价"": ""11.95"", ""支付方式"": """", ""早餐"": """", ""确认政策"": """", ""税费"": """"}",否,已知语义误采平台待修复；价格计价单位未确认；税费包含状态未确认；尚未通过T4人工复核,20260907-003922-csv-f52bd5d0,[LOCAL_HOME]/Desktop/Thailand---泰国/05_GoogleMaps曼谷酒店专用/04_平台详情/酒店售卖方案.csv,R,是,8f7024444bc1da9ad25324ff40151ac114ea2e33670bfbc54e4a7750fd83c3f3
ChIJCWbW7MWY4jARuQATRiSHlA0,BookMyBooking.com,5548,room14596,rate_1657f828d55ffd0dbf,1,,,,,,,12.72,,USD,,,,2026-09-05,2026-09-06,https://www.bookmybooking.com/hotel-landing-page?childcount=0&roomcount=1&childage=&locationtype=country&checkInCheckOut=2026/09/05-2026/09/06&adultcount=2&hotel-id=5548,bookmybooking,2026-09-03T18:54:51-07:00,未知,未知,,,否,bookmybooking,Bank of Thailand,2026-09-03,"{""优惠标签"": """", ""入住人数"": """", ""其他权益"": """", ""原价"": """", ""取消政策"": """", ""币种"": ""USD"", ""库存提示"": """", ""当前价"": ""12.72"", ""支付方式"": """", ""早餐"": """", ""确认政策"": """", ""税费"": """"}",否,已知语义误采平台待修复；价格计价单位未确认；税费包含状态未确认；尚未通过T4人工复核,20260907-003922-csv-f52bd5d0,[LOCAL_HOME]/Desktop/Thailand---泰国/05_GoogleMaps曼谷酒店专用/04_平台详情/酒店售卖方案.csv,R,是,93006fc52e96d1db3751a478039c342eaabe29e98569c06cfeb4d2c05dc806fb
ChIJCWbW7MWY4jARuQATRiSHlA0,BookMyBooking.com,5548,room_d2b4d9561c815e1e1b,rate_900ddc869137cd36ca,24,,,,,,,23.17,,USD,,,,2026-09-05,2026-09-06,https://www.bookmybooking.com/hotel-landing-page?childcount=0&roomcount=1&childage=&locationtype=country&checkInCheckOut=2026/09/05-2026/09/06&adultcount=2&hotel-id=5548,bookmybooking,2026-09-03T18:54:51-07:00,未知,未知,,,否,bookmybooking,Bank of Thailand,2026-09-03,"{""优惠标签"": """", ""入住人数"": """", ""其他权益"": """", ""原价"": """", ""取消政策"": """", ""币种"": ""USD"", ""库存提示"": """", ""当前价"": ""23.17"", ""支付方式"": """", ""早餐"": """", ""确认政策"": """", ""税费"": """"}",否,已知语义误采平台待修复；价格计价单位未确认；税费包含状态未确认；尚未通过T4人工复核,20260907-003922-csv-f52bd5d0,[LOCAL_HOME]/Desktop/Thailand---泰国/05_GoogleMaps曼谷酒店专用/04_平台详情/酒店售卖方案.csv,R,是,94c1236dd678eb7712867b3c7bd74a16e73fb5c01fcbcbc619cf2a10ffbcb5ce
ChIJCWbW7MWY4jARuQATRiSHlA0,BookMyBooking.com,5548,room_d2b4d9561c815e1e1b,rate_06d8f89d52fa99871a,20,,,,,,,21.83,,USD,,,,2026-09-05,2026-09-06,https://www.bookmybooking.com/hotel-landing-page?childcount=0&roomcount=1&childage=&locationtype=country&checkInCheckOut=2026/09/05-2026/09/06&adultcount=2&hotel-id=5548,bookmybooking,2026-09-03T18:54:51-07:00,未知,未知,,,否,bookmybooking,Bank of Thailand,2026-09-03,"{""优惠标签"": """", ""入住人数"": """", ""其他权益"": """", ""原价"": """", ""取消政策"": """", ""币种"": ""USD"", ""库存提示"": """", ""当前价"": ""21.83"", ""支付方式"": """", ""早餐"": """", ""确认政策"": """", ""税费"": """"}",否,已知语义误采平台待修复；价格计价单位未确认；税费包含状态未确认；尚未通过T4人工复核,20260907-003922-csv-f52bd5d0,[LOCAL_HOME]/Desktop/Thailand---泰国/05_GoogleMaps曼谷酒店专用/04_平台详情/酒店售卖方案.csv,R,是,99c5bf517124dbffdfa71410ba105347d0fed1b32673237984df6c5593cb0818
ChIJCWbW7MWY4jARuQATRiSHlA0,BookMyBooking.com,5548,room_d2b4d9561c815e1e1b,rate_61210325f7f50b810f,26,,,,,,,82.10,,USD,,,,2026-09-05,2026-09-06,https://www.bookmybooking.com/hotel-landing-page?childcount=0&roomcount=1&childage=&locationtype=country&checkInCheckOut=2026/09/05-2026/09/06&adultcount=2&hotel-id=5548,bookmybooking,2026-09-03T18:54:51-07:00,未知,未知,,,否,bookmybooking,Bank of Thailand,2026-09-03,"{""优惠标签"": """", ""入住人数"": """", ""其他权益"": """", ""原价"": """", ""取消政策"": """", ""币种"": ""USD"", ""库存提示"": """", ""当前价"": ""82.10"", ""支付方式"": """", ""早餐"": """", ""确认政策"": """", ""税费"": """"}",否,已知语义误采平台待修复；价格计价单位未确认；税费包含状态未确认；尚未通过T4人工复核,20260907-003922-csv-f52bd5d0,[LOCAL_HOME]/Desktop/Thailand---泰国/05_GoogleMaps曼谷酒店专用/04_平台详情/酒店售卖方案.csv,R,是,aa6f5b3a43dcfbbd60cb20c06a870be5ab1c598f3d294a42613b3a8faddb9953
ChIJCWbW7MWY4jARuQATRiSHlA0,BookMyBooking.com,5548,room14595,rate_336c493713c9bf5cce,2,,,,,,,16.45,,USD,,,,2026-09-05,2026-09-06,https://www.bookmybooking.com/hotel-landing-page?childcount=0&roomcount=1&childage=&locationtype=country&checkInCheckOut=2026/09/05-2026/09/06&adultcount=2&hotel-id=5548,bookmybooking,2026-09-03T18:54:51-07:00,未知,未知,,,否,bookmybooking,Bank of Thailand,2026-09-03,"{""优惠标签"": """", ""入住人数"": """", ""其他权益"": """", ""原价"": """", ""取消政策"": """", ""币种"": ""USD"", ""库存提示"": """", ""当前价"": ""16.45"", ""支付方式"": """", ""早餐"": """", ""确认政策"": """", ""税费"": """"}",否,已知语义误采平台待修复；价格计价单位未确认；税费包含状态未确认；尚未通过T4人工复核,20260907-003922-csv-f52bd5d0,[LOCAL_HOME]/Desktop/Thailand---泰国/05_GoogleMaps曼谷酒店专用/04_平台详情/酒店售卖方案.csv,R,是,accbc9bd70d628d8158eb5a8c6b2b5c90e144141b8cd1cca86bc7ac04675538c
ChIJCWbW7MWY4jARuQATRiSHlA0,BookMyBooking.com,5548,room14594,rate_f2e084076d89f99348,3,,,,,,,12.89,,USD,,,,2026-09-05,2026-09-06,https://www.bookmybooking.com/hotel-landing-page?childcount=0&roomcount=1&childage=&locationtype=country&checkInCheckOut=2026/09/05-2026/09/06&adultcount=2&hotel-id=5548,bookmybooking,2026-09-03T18:54:51-07:00,未知,未知,,,否,bookmybooking,Bank of Thailand,2026-09-03,"{""优惠标签"": """", ""入住人数"": """", ""其他权益"": """", ""原价"": """", ""取消政策"": """", ""币种"": ""USD"", ""库存提示"": """", ""当前价"": ""12.89"", ""支付方式"": """", ""早餐"": """", ""确认政策"": """", ""税费"": """"}",否,已知语义误采平台待修复；价格计价单位未确认；税费包含状态未确认；尚未通过T4人工复核,20260907-003922-csv-f52bd5d0,[LOCAL_HOME]/Desktop/Thailand---泰国/05_GoogleMaps曼谷酒店专用/04_平台详情/酒店售卖方案.csv,R,是,af94b8c356d3d4b34cf258b408d69cc396e924871fde7cc6508f23bdb93c65f3
ChIJCWbW7MWY4jARuQATRiSHlA0,BookMyBooking.com,5548,room_d2b4d9561c815e1e1b,rate_932af66876cb0c63e1,12,,,,,,,17.82,,USD,,,,2026-09-05,2026-09-06,https://www.bookmybooking.com/hotel-landing-page?childcount=0&roomcount=1&childage=&locationtype=country&checkInCheckOut=2026/09/05-2026/09/06&adultcount=2&hotel-id=5548,bookmybooking,2026-09-03T18:54:51-07:00,未知,未知,,,否,bookmybooking,Bank of Thailand,2026-09-03,"{""优惠标签"": """", ""入住人数"": """", ""其他权益"": """", ""原价"": """", ""取消政策"": """", ""币种"": ""USD"", ""库存提示"": """", ""当前价"": ""17.82"", ""支付方式"": """", ""早餐"": """", ""确认政策"": """", ""税费"": """"}",否,已知语义误采平台待修复；价格计价单位未确认；税费包含状态未确认；尚未通过T4人工复核,20260907-003922-csv-f52bd5d0,[LOCAL_HOME]/Desktop/Thailand---泰国/05_GoogleMaps曼谷酒店专用/04_平台详情/酒店售卖方案.csv,R,是,b116fc5c687d7de10519df83d5adfae7a5e15d25b2264106f9242be17c17dea8
ChIJCWbW7MWY4jARuQATRiSHlA0,BookMyBooking.com,5548,room14595,rate_67ea8bffdcc4a65eb2,4,,,,,,,17.74,,USD,,,,2026-09-05,2026-09-06,https://www.bookmybooking.com/hotel-landing-page?childcount=0&roomcount=1&childage=&locationtype=country&checkInCheckOut=2026/09/05-2026/09/06&adultcount=2&hotel-id=5548,bookmybooking,2026-09-03T18:54:51-07:00,未知,未知,,,否,bookmybooking,Bank of Thailand,2026-09-03,"{""优惠标签"": """", ""入住人数"": """", ""其他权益"": """", ""原价"": """", ""取消政策"": """", ""币种"": ""USD"", ""库存提示"": """", ""当前价"": ""17.74"", ""支付方式"": """", ""早餐"": """", ""确认政策"": """", ""税费"": """"}",否,已知语义误采平台待修复；价格计价单位未确认；税费包含状态未确认；尚未通过T4人工复核,20260907-003922-csv-f52bd5d0,[LOCAL_HOME]/Desktop/Thailand---泰国/05_GoogleMaps曼谷酒店专用/04_平台详情/酒店售卖方案.csv,R,是,b609425ff40635337ecec9780f5ddd472fb6b12468f5276dd8d0ac61d992e6aa
ChIJCWbW7MWY4jARuQATRiSHlA0,BookMyBooking.com,5548,room14596,rate_79db0f7b9979e3802a,4,,,,,,,17.82,,USD,,,,2026-09-05,2026-09-06,https://www.bookmybooking.com/hotel-landing-page?childcount=0&roomcount=1&childage=&locationtype=country&checkInCheckOut=2026/09/05-2026/09/06&adultcount=2&hotel-id=5548,bookmybooking,2026-09-03T18:54:51-07:00,未知,未知,,,否,bookmybooking,Bank of Thailand,2026-09-03,"{""优惠标签"": """", ""入住人数"": """", ""其他权益"": """", ""原价"": """", ""取消政策"": """", ""币种"": ""USD"", ""库存提示"": """", ""当前价"": ""17.82"", ""支付方式"": """", ""早餐"": """", ""确认政策"": """", ""税费"": """"}",否,已知语义误采平台待修复；价格计价单位未确认；税费包含状态未确认；尚未通过T4人工复核,20260907-003922-csv-f52bd5d0,[LOCAL_HOME]/Desktop/Thailand---泰国/05_GoogleMaps曼谷酒店专用/04_平台详情/酒店售卖方案.csv,R,是,c35b94e63e50e225db8c7375b3aaada6b17be1a9928d588a862e0158b08a444e
ChIJCWbW7MWY4jARuQATRiSHlA0,BookMyBooking.com,5548,room14599,rate_ad1de58d86e691cab3,4,,,,,,,23.17,,USD,,,,2026-09-05,2026-09-06,https://www.bookmybooking.com/hotel-landing-page?childcount=0&roomcount=1&childage=&locationtype=country&checkInCheckOut=2026/09/05-2026/09/06&adultcount=2&hotel-id=5548,bookmybooking,2026-09-03T18:54:51-07:00,未知,未知,,,否,bookmybooking,Bank of Thailand,2026-09-03,"{""优惠标签"": """", ""入住人数"": """", ""其他权益"": """", ""原价"": """", ""取消政策"": """", ""币种"": ""USD"", ""库存提示"": """", ""当前价"": ""23.17"", ""支付方式"": """", ""早餐"": """", ""确认政策"": """", ""税费"": """"}",否,已知语义误采平台待修复；价格计价单位未确认；税费包含状态未确认；尚未通过T4人工复核,20260907-003922-csv-f52bd5d0,[LOCAL_HOME]/Desktop/Thailand---泰国/05_GoogleMaps曼谷酒店专用/04_平台详情/酒店售卖方案.csv,R,是,c71662f20aa8ba3da92c18eb8165724924adc6f87658a6a42d894d7910aea6cb
ChIJCWbW7MWY4jARuQATRiSHlA0,BookMyBooking.com,5548,room_d2b4d9561c815e1e1b,rate_a7972017e395116c8e,15,,,,,,,14.49,,USD,,,,2026-09-05,2026-09-06,https://www.bookmybooking.com/hotel-landing-page?childcount=0&roomcount=1&childage=&locationtype=country&checkInCheckOut=2026/09/05-2026/09/06&adultcount=2&hotel-id=5548,bookmybooking,2026-09-03T18:54:51-07:00,未知,未知,,,否,bookmybooking,Bank of Thailand,2026-09-03,"{""优惠标签"": """", ""入住人数"": """", ""其他权益"": """", ""原价"": """", ""取消政策"": """", ""币种"": ""USD"", ""库存提示"": """", ""当前价"": ""14.49"", ""支付方式"": """", ""早餐"": """", ""确认政策"": """", ""税费"": """"}",否,已知语义误采平台待修复；价格计价单位未确认；税费包含状态未确认；尚未通过T4人工复核,20260907-003922-csv-f52bd5d0,[LOCAL_HOME]/Desktop/Thailand---泰国/05_GoogleMaps曼谷酒店专用/04_平台详情/酒店售卖方案.csv,R,是,c7466f66a66d63a74e69c553f51ee1dbd78607765cd1d05a173f96a0becaf2a4
ChIJCWbW7MWY4jARuQATRiSHlA0,BookMyBooking.com,5548,room_d2b4d9561c815e1e1b,rate_00b15b9dd50060279a,5,,,,,,,12.66,,USD,,,,2026-09-05,2026-09-06,https://www.bookmybooking.com/hotel-landing-page?childcount=0&roomcount=1&childage=&locationtype=country&checkInCheckOut=2026/09/05-2026/09/06&adultcount=2&hotel-id=5548,bookmybooking,2026-09-03T18:54:51-07:00,未知,未知,,,否,bookmybooking,Bank of Thailand,2026-09-03,"{""优惠标签"": """", ""入住人数"": """", ""其他权益"": """", ""原价"": """", ""取消政策"": """", ""币种"": ""USD"", ""库存提示"": """", ""当前价"": ""12.66"", ""支付方式"": """", ""早餐"": """", ""确认政策"": """", ""税费"": """"}",否,已知语义误采平台待修复；价格计价单位未确认；税费包含状态未确认；尚未通过T4人工复核,20260907-003922-csv-f52bd5d0,[LOCAL_HOME]/Desktop/Thailand---泰国/05_GoogleMaps曼谷酒店专用/04_平台详情/酒店售卖方案.csv,R,是,c76f0bfd8b0ca1e9956cd1e3ec50073cd3169b5e539e333c68a37f273f40c7dc
ChIJCWbW7MWY4jARuQATRiSHlA0,BookMyBooking.com,5548,room14599,rate_7124c450249fade4de,3,,,,,,,17.84,,USD,,,,2026-09-05,2026-09-06,https://www.bookmybooking.com/hotel-landing-page?childcount=0&roomcount=1&childage=&locationtype=country&checkInCheckOut=2026/09/05-2026/09/06&adultcount=2&hotel-id=5548,bookmybooking,2026-09-03T18:54:51-07:00,未知,未知,,,否,bookmybooking,Bank of Thailand,2026-09-03,"{""优惠标签"": """", ""入住人数"": """", ""其他权益"": """", ""原价"": """", ""取消政策"": """", ""币种"": ""USD"", ""库存提示"": """", ""当前价"": ""17.84"", ""支付方式"": """", ""早餐"": """", ""确认政策"": """", ""税费"": """"}",否,已知语义误采平台待修复；价格计价单位未确认；税费包含状态未确认；尚未通过T4人工复核,20260907-003922-csv-f52bd5d0,[LOCAL_HOME]/Desktop/Thailand---泰国/05_GoogleMaps曼谷酒店专用/04_平台详情/酒店售卖方案.csv,R,是,ccdeed077b9c0500751a9136d266d62661ad240c97da5dfe0c9495961ab4f159
ChIJCWbW7MWY4jARuQATRiSHlA0,BookMyBooking.com,5548,room14598,rate_f13071c634e6b2862b,1,,,,,,,15.59,,USD,,,,2026-09-05,2026-09-06,https://www.bookmybooking.com/hotel-landing-page?childcount=0&roomcount=1&childage=&locationtype=country&checkInCheckOut=2026/09/05-2026/09/06&adultcount=2&hotel-id=5548,bookmybooking,2026-09-03T18:54:51-07:00,未知,未知,,,否,bookmybooking,Bank of Thailand,2026-09-03,"{""优惠标签"": """", ""入住人数"": """", ""其他权益"": """", ""原价"": """", ""取消政策"": """", ""币种"": ""USD"", ""库存提示"": """", ""当前价"": ""15.59"", ""支付方式"": """", ""早餐"": """", ""确认政策"": """", ""税费"": """"}",否,已知语义误采平台待修复；价格计价单位未确认；税费包含状态未确认；尚未通过T4人工复核,20260907-003922-csv-f52bd5d0,[LOCAL_HOME]/Desktop/Thailand---泰国/05_GoogleMaps曼谷酒店专用/04_平台详情/酒店售卖方案.csv,R,是,cfca123a7d5c07cb2a14d18b93a87ad008d2dd8fae5559a1de72ba103576c9c8
ChIJCWbW7MWY4jARuQATRiSHlA0,BookMyBooking.com,5548,room14600,rate_9a5bc9d967d07e8734,1,,,,,,,63.22,,USD,,,,2026-09-05,2026-09-06,https://www.bookmybooking.com/hotel-landing-page?childcount=0&roomcount=1&childage=&locationtype=country&checkInCheckOut=2026/09/05-2026/09/06&adultcount=2&hotel-id=5548,bookmybooking,2026-09-03T18:54:51-07:00,未知,未知,,,否,bookmybooking,Bank of Thailand,2026-09-03,"{""优惠标签"": """", ""入住人数"": """", ""其他权益"": """", ""原价"": """", ""取消政策"": """", ""币种"": ""USD"", ""库存提示"": """", ""当前价"": ""63.22"", ""支付方式"": """", ""早餐"": """", ""确认政策"": """", ""税费"": """"}",否,已知语义误采平台待修复；价格计价单位未确认；税费包含状态未确认；尚未通过T4人工复核,20260907-003922-csv-f52bd5d0,[LOCAL_HOME]/Desktop/Thailand---泰国/05_GoogleMaps曼谷酒店专用/04_平台详情/酒店售卖方案.csv,R,是,d616e7ce4d038c0381cb7fea756814680e48634def75d1e9e4f077af5741ee55
ChIJCWbW7MWY4jARuQATRiSHlA0,BookMyBooking.com,5548,room_d2b4d9561c815e1e1b,rate_4d48d1ff9dc3a54855,10,,,,,,,16.53,,USD,,,,2026-09-05,2026-09-06,https://www.bookmybooking.com/hotel-landing-page?childcount=0&roomcount=1&childage=&locationtype=country&checkInCheckOut=2026/09/05-2026/09/06&adultcount=2&hotel-id=5548,bookmybooking,2026-09-03T18:54:51-07:00,未知,未知,,,否,bookmybooking,Bank of Thailand,2026-09-03,"{""优惠标签"": """", ""入住人数"": """", ""其他权益"": """", ""原价"": """", ""取消政策"": """", ""币种"": ""USD"", ""库存提示"": """", ""当前价"": ""16.53"", ""支付方式"": """", ""早餐"": """", ""确认政策"": """", ""税费"": """"}",否,已知语义误采平台待修复；价格计价单位未确认；税费包含状态未确认；尚未通过T4人工复核,20260907-003922-csv-f52bd5d0,[LOCAL_HOME]/Desktop/Thailand---泰国/05_GoogleMaps曼谷酒店专用/04_平台详情/酒店售卖方案.csv,R,是,e3b731db20aa0662fcb5d16230382951734ed91e34d59c5f5efa2adf22915ad2
ChIJCWbW7MWY4jARuQATRiSHlA0,BookMyBooking.com,5548,room_d2b4d9561c815e1e1b,rate_6454cb6d9e02eef139,2,,,,,,,15.52,,USD,,,,2026-09-05,2026-09-06,https://www.bookmybooking.com/hotel-landing-page?childcount=0&roomcount=1&childage=&locationtype=country&checkInCheckOut=2026/09/05-2026/09/06&adultcount=2&hotel-id=5548,bookmybooking,2026-09-03T18:54:51-07:00,未知,未知,,,否,bookmybooking,Bank of Thailand,2026-09-03,"{""优惠标签"": """", ""入住人数"": """", ""其他权益"": """", ""原价"": """", ""取消政策"": """", ""币种"": ""USD"", ""库存提示"": """", ""当前价"": ""15.52"", ""支付方式"": """", ""早餐"": """", ""确认政策"": """", ""税费"": """"}",否,已知语义误采平台待修复；价格计价单位未确认；税费包含状态未确认；尚未通过T4人工复核,20260907-003922-csv-f52bd5d0,[LOCAL_HOME]/Desktop/Thailand---泰国/05_GoogleMaps曼谷酒店专用/04_平台详情/酒店售卖方案.csv,R,是,f09488a5518c01c12ae4340a188832e52e54a4f15f540a0f7af5150423db6e71
ChIJCWbW7MWY4jARuQATRiSHlA0,BookMyBooking.com,5548,room_d2b4d9561c815e1e1b,rate_207af90f5f297a34c2,14,,,,,,,17.46,,USD,,,,2026-09-05,2026-09-06,https://www.bookmybooking.com/hotel-landing-page?childcount=0&roomcount=1&childage=&locationtype=country&checkInCheckOut=2026/09/05-2026/09/06&adultcount=2&hotel-id=5548,bookmybooking,2026-09-03T18:54:51-07:00,未知,未知,,,否,bookmybooking,Bank of Thailand,2026-09-03,"{""优惠标签"": """", ""入住人数"": """", ""其他权益"": """", ""原价"": """", ""取消政策"": """", ""币种"": ""USD"", ""库存提示"": """", ""当前价"": ""17.46"", ""支付方式"": """", ""早餐"": """", ""确认政策"": """", ""税费"": """"}",否,已知语义误采平台待修复；价格计价单位未确认；税费包含状态未确认；尚未通过T4人工复核,20260907-003922-csv-f52bd5d0,[LOCAL_HOME]/Desktop/Thailand---泰国/05_GoogleMaps曼谷酒店专用/04_平台详情/酒店售卖方案.csv,R,是,f1a5e76d864122e46914c0966764d2f77d42872886daf7a50b79a8b8b3d6e729
ChIJCWbW7MWY4jARuQATRiSHlA0,BookMyBooking.com,5548,room_d2b4d9561c815e1e1b,rate_8fad8f7f2384609d51,13,,,,,,,13.44,,USD,,,,2026-09-05,2026-09-06,https://www.bookmybooking.com/hotel-landing-page?childcount=0&roomcount=1&childage=&locationtype=country&checkInCheckOut=2026/09/05-2026/09/06&adultcount=2&hotel-id=5548,bookmybooking,2026-09-03T18:54:51-07:00,未知,未知,,,否,bookmybooking,Bank of Thailand,2026-09-03,"{""优惠标签"": """", ""入住人数"": """", ""其他权益"": """", ""原价"": """", ""取消政策"": """", ""币种"": ""USD"", ""库存提示"": """", ""当前价"": ""13.44"", ""支付方式"": """", ""早餐"": """", ""确认政策"": """", ""税费"": """"}",否,已知语义误采平台待修复；价格计价单位未确认；税费包含状态未确认；尚未通过T4人工复核,20260907-003922-csv-f52bd5d0,[LOCAL_HOME]/Desktop/Thailand---泰国/05_GoogleMaps曼谷酒店专用/04_平台详情/酒店售卖方案.csv,R,是,f5cdb1a100fd566229459578a0d5287d79d324ab9242c7af222032c958105ac6
ChIJCWbW7MWY4jARuQATRiSHlA0,BookMyBooking.com,5548,room14595,rate_33a76572e24fa0dcca,1,,,,,,,12.66,,USD,,,,2026-09-05,2026-09-06,https://www.bookmybooking.com/hotel-landing-page?childcount=0&roomcount=1&childage=&locationtype=country&checkInCheckOut=2026/09/05-2026/09/06&adultcount=2&hotel-id=5548,bookmybooking,2026-09-03T18:54:51-07:00,未知,未知,,,否,bookmybooking,Bank of Thailand,2026-09-03,"{""优惠标签"": """", ""入住人数"": """", ""其他权益"": """", ""原价"": """", ""取消政策"": """", ""币种"": ""USD"", ""库存提示"": """", ""当前价"": ""12.66"", ""支付方式"": """", ""早餐"": """", ""确认政策"": """", ""税费"": """"}",否,已知语义误采平台待修复；价格计价单位未确认；税费包含状态未确认；尚未通过T4人工复核,20260907-003922-csv-f52bd5d0,[LOCAL_HOME]/Desktop/Thailand---泰国/05_GoogleMaps曼谷酒店专用/04_平台详情/酒店售卖方案.csv,R,是,f62662b718e1a975c8cc0ec9c04df2e30e1732e644b7b3847fded3fef633f05e
ChIJCWbW7MWY4jARuQATRiSHlA0,BookMyBooking.com,5548,room14594,rate_535d65157e49d11d46,2,,,,,,,15.52,,USD,,,,2026-09-05,2026-09-06,https://www.bookmybooking.com/hotel-landing-page?childcount=0&roomcount=1&childage=&locationtype=country&checkInCheckOut=2026/09/05-2026/09/06&adultcount=2&hotel-id=5548,bookmybooking,2026-09-03T18:54:51-07:00,未知,未知,,,否,bookmybooking,Bank of Thailand,2026-09-03,"{""优惠标签"": """", ""入住人数"": """", ""其他权益"": """", ""原价"": """", ""取消政策"": """", ""币种"": ""USD"", ""库存提示"": """", ""当前价"": ""15.52"", ""支付方式"": """", ""早餐"": """", ""确认政策"": """", ""税费"": """"}",否,已知语义误采平台待修复；价格计价单位未确认；税费包含状态未确认；尚未通过T4人工复核,20260907-003922-csv-f52bd5d0,[LOCAL_HOME]/Desktop/Thailand---泰国/05_GoogleMaps曼谷酒店专用/04_平台详情/酒店售卖方案.csv,R,是,fb242b7504bc2b053c28a30dcd66edebb362199f7c3f79ba42206a41bb6423d2
ChIJCWbW7MWY4jARuQATRiSHlA0,BookMyBooking.com,5548,room_d2b4d9561c815e1e1b,rate_2df101a888f443f7fb,3,,,,,,,12.89,,USD,,,,2026-09-05,2026-09-06,https://www.bookmybooking.com/hotel-landing-page?childcount=0&roomcount=1&childage=&locationtype=country&checkInCheckOut=2026/09/05-2026/09/06&adultcount=2&hotel-id=5548,bookmybooking,2026-09-03T18:54:51-07:00,未知,未知,,,否,bookmybooking,Bank of Thailand,2026-09-03,"{""优惠标签"": """", ""入住人数"": """", ""其他权益"": """", ""原价"": """", ""取消政策"": """", ""币种"": ""USD"", ""库存提示"": """", ""当前价"": ""12.89"", ""支付方式"": """", ""早餐"": """", ""确认政策"": """", ""税费"": """"}",否,已知语义误采平台待修复；价格计价单位未确认；税费包含状态未确认；尚未通过T4人工复核,20260907-003922-csv-f52bd5d0,[LOCAL_HOME]/Desktop/Thailand---泰国/05_GoogleMaps曼谷酒店专用/04_平台详情/酒店售卖方案.csv,R,是,ff55909b8f02ffef69a4080d83d81019b131ce77c0633c6fb59514326c983648
ChIJCWbW7MWY4jARuQATRiSHlA0,BookMyBooking.com,5548,room_d2b4d9561c815e1e1b,rate_13af4fe331fa76e755,25,,,,,,,63.22,,USD,,,,2026-09-05,2026-09-06,https://www.bookmybooking.com/hotel-landing-page?childcount=0&roomcount=1&childage=&locationtype=country&checkInCheckOut=2026/09/05-2026/09/06&adultcount=2&hotel-id=5548,bookmybooking,2026-09-03T18:54:51-07:00,未知,未知,,,否,bookmybooking,Bank of Thailand,2026-09-03,"{""优惠标签"": """", ""入住人数"": """", ""其他权益"": """", ""原价"": """", ""取消政策"": """", ""币种"": ""USD"", ""库存提示"": """", ""当前价"": ""63.22"", ""支付方式"": """", ""早餐"": """", ""确认政策"": """", ""税费"": """"}",否,已知语义误采平台待修复；价格计价单位未确认；税费包含状态未确认；尚未通过T4人工复核,20260907-003922-csv-f52bd5d0,[LOCAL_HOME]/Desktop/Thailand---泰国/05_GoogleMaps曼谷酒店专用/04_平台详情/酒店售卖方案.csv,R,是,ff8b500e1cc3680d7c9d3a050a7f7f4d419727f8ce33ede17e156c0c9c51d061
ChIJCWbW7MWY4jARuQATRiSHlA0,Tripening Hotels,4662055,room_d4afdfa054260848ca,rate_32f79a5ae18fe514b9,1,,,,,,,31.58,,USD,,,,2026-09-05,2026-09-06,https://www.tripening.com/hotels/th-10-bangkok/4662055-lebua-at-state-tower?checkin-date=2026-09-05&checkout-date=2026-09-06&adults=2&currency=USD&lang=en&google-package-id=&rate-rule-id=&google-displayed-price=166.16&children=0&google-displayed-tax=0.00&google-displayed-currency=USD&utm_source=google_hotel_ads&utm_medium=free&utm_campaign=gha_property,tripening,2026-09-03T18:56:47-07:00,未知,未知,,,否,tripening,Bank of Thailand,2026-09-03,"{""优惠标签"": """", ""入住人数"": """", ""其他权益"": """", ""原价"": """", ""取消政策"": """", ""币种"": ""USD"", ""库存提示"": """", ""当前价"": ""31.58"", ""支付方式"": """", ""早餐"": """", ""确认政策"": """", ""税费"": """"}",否,已知语义误采平台待修复；价格计价单位未确认；税费包含状态未确认；尚未通过T4人工复核,20260907-003922-csv-f52bd5d0,[LOCAL_HOME]/Desktop/Thailand---泰国/05_GoogleMaps曼谷酒店专用/04_平台详情/酒店售卖方案.csv,R,是,29aaaf458c7f9cfd921f42474abbc7e284c9f00e68b5bb2bef4fd6268b2c1b1a
ChIJCWbW7MWY4jARuQATRiSHlA0,Tripening Hotels,4662055,room_17cf75bb151771e45f,rate_94d126adab7b25a8e0,1,,,,,,,22.63,,USD,,,,2026-09-05,2026-09-06,https://www.tripening.com/hotels/th-10-bangkok/4662055-lebua-at-state-tower?checkin-date=2026-09-05&checkout-date=2026-09-06&adults=2&currency=USD&lang=en&google-package-id=&rate-rule-id=&google-displayed-price=166.16&children=0&google-displayed-tax=0.00&google-displayed-currency=USD&utm_source=google_hotel_ads&utm_medium=free&utm_campaign=gha_property,tripening,2026-09-03T18:56:47-07:00,未知,未知,,,否,tripening,Bank of Thailand,2026-09-03,"{""优惠标签"": """", ""入住人数"": """", ""其他权益"": """", ""原价"": """", ""取消政策"": """", ""币种"": ""USD"", ""库存提示"": """", ""当前价"": ""22.63"", ""支付方式"": """", ""早餐"": """", ""确认政策"": """", ""税费"": """"}",否,已知语义误采平台待修复；价格计价单位未确认；税费包含状态未确认；尚未通过T4人工复核,20260907-003922-csv-f52bd5d0,[LOCAL_HOME]/Desktop/Thailand---泰国/05_GoogleMaps曼谷酒店专用/04_平台详情/酒店售卖方案.csv,R,是,3f8b000e56d431cc366bc58a26cfaf074cf64358b45d4db3268d91bf0194af06
ChIJCWbW7MWY4jARuQATRiSHlA0,Tripening Hotels,4662055,room_dbbafedd0ef8141067,rate_02f08acabdd7603782,1,,,,,,,33.64,,USD,,,,2026-09-05,2026-09-06,https://www.tripening.com/hotels/th-10-bangkok/4662055-lebua-at-state-tower?checkin-date=2026-09-05&checkout-date=2026-09-06&adults=2&currency=USD&lang=en&google-package-id=&rate-rule-id=&google-displayed-price=166.16&children=0&google-displayed-tax=0.00&google-displayed-currency=USD&utm_source=google_hotel_ads&utm_medium=free&utm_campaign=gha_property,tripening,2026-09-03T18:56:47-07:00,未知,未知,,,否,tripening,Bank of Thailand,2026-09-03,"{""优惠标签"": """", ""入住人数"": """", ""其他权益"": """", ""原价"": """", ""取消政策"": """", ""币种"": ""USD"", ""库存提示"": """", ""当前价"": ""33.64"", ""支付方式"": """", ""早餐"": """", ""确认政策"": """", ""税费"": """"}",否,已知语义误采平台待修复；价格计价单位未确认；税费包含状态未确认；尚未通过T4人工复核,20260907-003922-csv-f52bd5d0,[LOCAL_HOME]/Desktop/Thailand---泰国/05_GoogleMaps曼谷酒店专用/04_平台详情/酒店售卖方案.csv,R,是,436e0817fa1ef10f5a2f51486f4c7c14014e2d0038853ce26765a08c89bd59bb
ChIJCWbW7MWY4jARuQATRiSHlA0,Tripening Hotels,4662055,room_2356dd37f9dc3bbe35,rate_e4242ec7ebabb09778,1,,,,,,,30.27,,USD,,,,2026-09-05,2026-09-06,https://www.tripening.com/hotels/th-10-bangkok/4662055-lebua-at-state-tower?checkin-date=2026-09-05&checkout-date=2026-09-06&adults=2&currency=USD&lang=en&google-package-id=&rate-rule-id=&google-displayed-price=166.16&children=0&google-displayed-tax=0.00&google-displayed-currency=USD&utm_source=google_hotel_ads&utm_medium=free&utm_campaign=gha_property,tripening,2026-09-03T18:56:47-07:00,未知,未知,,,否,tripening,Bank of Thailand,2026-09-03,"{""优惠标签"": """", ""入住人数"": """", ""其他权益"": """", ""原价"": """", ""取消政策"": """", ""币种"": ""USD"", ""库存提示"": """", ""当前价"": ""30.27"", ""支付方式"": """", ""早餐"": """", ""确认政策"": """", ""税费"": """"}",否,已知语义误采平台待修复；价格计价单位未确认；税费包含状态未确认；尚未通过T4人工复核,20260907-003922-csv-f52bd5d0,[LOCAL_HOME]/Desktop/Thailand---泰国/05_GoogleMaps曼谷酒店专用/04_平台详情/酒店售卖方案.csv,R,是,7d5d76afb10a9c051fa47b7d87c8580cb4ba19fd8eb6d1f3b1b75badbad2ced7
ChIJCWbW7MWY4jARuQATRiSHlA0,Tripening Hotels,4662055,room_ec456ead5f46d51bb9,rate_1fd2b6e6ed9a874eff,1,,,,,,,21.00,,USD,,,,2026-09-05,2026-09-06,https://www.tripening.com/hotels/th-10-bangkok/4662055-lebua-at-state-tower?checkin-date=2026-09-05&checkout-date=2026-09-06&adults=2&currency=USD&lang=en&google-package-id=&rate-rule-id=&google-displayed-price=166.16&children=0&google-displayed-tax=0.00&google-displayed-currency=USD&utm_source=google_hotel_ads&utm_medium=free&utm_campaign=gha_property,tripening,2026-09-03T18:56:47-07:00,未知,未知,,,否,tripening,Bank of Thailand,2026-09-03,"{""优惠标签"": """", ""入住人数"": """", ""其他权益"": """", ""原价"": """", ""取消政策"": """", ""币种"": ""USD"", ""库存提示"": """", ""当前价"": ""21.00"", ""支付方式"": """", ""早餐"": """", ""确认政策"": """", ""税费"": """"}",否,已知语义误采平台待修复；价格计价单位未确认；税费包含状态未确认；尚未通过T4人工复核,20260907-003922-csv-f52bd5d0,[LOCAL_HOME]/Desktop/Thailand---泰国/05_GoogleMaps曼谷酒店专用/04_平台详情/酒店售卖方案.csv,R,是,a1914c4295b46895a20f7f475ba9c4df49741629aa716c37e45b202bfdd59986
ChIJCWbW7MWY4jARuQATRiSHlA0,Tripening Hotels,4662055,room_f00d9d5ddafc5a2c43,rate_59826a84824e2ba86b,1,,,,,,,26.60,,USD,,,,2026-09-05,2026-09-06,https://www.tripening.com/hotels/th-10-bangkok/4662055-lebua-at-state-tower?checkin-date=2026-09-05&checkout-date=2026-09-06&adults=2&currency=USD&lang=en&google-package-id=&rate-rule-id=&google-displayed-price=166.16&children=0&google-displayed-tax=0.00&google-displayed-currency=USD&utm_source=google_hotel_ads&utm_medium=free&utm_campaign=gha_property,tripening,2026-09-03T18:56:47-07:00,未知,未知,,,否,tripening,Bank of Thailand,2026-09-03,"{""优惠标签"": """", ""入住人数"": """", ""其他权益"": """", ""原价"": """", ""取消政策"": """", ""币种"": ""USD"", ""库存提示"": """", ""当前价"": ""26.60"", ""支付方式"": """", ""早餐"": """", ""确认政策"": """", ""税费"": """"}",否,已知语义误采平台待修复；价格计价单位未确认；税费包含状态未确认；尚未通过T4人工复核,20260907-003922-csv-f52bd5d0,[LOCAL_HOME]/Desktop/Thailand---泰国/05_GoogleMaps曼谷酒店专用/04_平台详情/酒店售卖方案.csv,R,是,bf62f6a155c59a8bf35398f8aa2d36d4312c463f9ece859f60c310c3f9b6ed1c
ChIJCWbW7MWY4jARuQATRiSHlA0,Tripening Hotels,4662055,room_771ab7d67945d0ab23,rate_9a1328ff75198207a4,1,,,,,,,21.92,,USD,,,,2026-09-05,2026-09-06,https://www.tripening.com/hotels/th-10-bangkok/4662055-lebua-at-state-tower?checkin-date=2026-09-05&checkout-date=2026-09-06&adults=2&currency=USD&lang=en&google-package-id=&rate-rule-id=&google-displayed-price=166.16&children=0&google-displayed-tax=0.00&google-displayed-currency=USD&utm_source=google_hotel_ads&utm_medium=free&utm_campaign=gha_property,tripening,2026-09-03T18:56:47-07:00,未知,未知,,,否,tripening,Bank of Thailand,2026-09-03,"{""优惠标签"": """", ""入住人数"": """", ""其他权益"": """", ""原价"": """", ""取消政策"": """", ""币种"": ""USD"", ""库存提示"": """", ""当前价"": ""21.92"", ""支付方式"": """", ""早餐"": """", ""确认政策"": """", ""税费"": """"}",否,已知语义误采平台待修复；价格计价单位未确认；税费包含状态未确认；尚未通过T4人工复核,20260907-003922-csv-f52bd5d0,[LOCAL_HOME]/Desktop/Thailand---泰国/05_GoogleMaps曼谷酒店专用/04_平台详情/酒店售卖方案.csv,R,是,e25d0961b1127151ff8f48351adea05aa55f3ac84da58216f691fd3884d664ff
ChIJCWbW7MWY4jARuQATRiSHlA0,Tripening Hotels,4662055,room_d6c183236eba4ea00f,rate_6562b5e1b3a65421a9,1,,,,,,,21.79,,USD,,,,2026-09-05,2026-09-06,https://www.tripening.com/hotels/th-10-bangkok/4662055-lebua-at-state-tower?checkin-date=2026-09-05&checkout-date=2026-09-06&adults=2&currency=USD&lang=en&google-package-id=&rate-rule-id=&google-displayed-price=166.16&children=0&google-displayed-tax=0.00&google-displayed-currency=USD&utm_source=google_hotel_ads&utm_medium=free&utm_campaign=gha_property,tripening,2026-09-03T18:56:47-07:00,未知,未知,,,否,tripening,Bank of Thailand,2026-09-03,"{""优惠标签"": """", ""入住人数"": """", ""其他权益"": """", ""原价"": """", ""取消政策"": """", ""币种"": ""USD"", ""库存提示"": """", ""当前价"": ""21.79"", ""支付方式"": """", ""早餐"": """", ""确认政策"": """", ""税费"": """"}",否,已知语义误采平台待修复；价格计价单位未确认；税费包含状态未确认；尚未通过T4人工复核,20260907-003922-csv-f52bd5d0,[LOCAL_HOME]/Desktop/Thailand---泰国/05_GoogleMaps曼谷酒店专用/04_平台详情/酒店售卖方案.csv,R,是,fbf41e28502dfc0748a0002e899dbf24804c4df569b455754b8c90d9916cb67d
ChIJf1YJeC-Z4jARNNLn8M9QwMw,trivago DEALS,H104005,"HOLLYWOOD, SUPERIOR, DOUBLE BED",473f0728-bdb8-4ee9-8580-4bb5e3b8907c,1,,,,,,,141,,USD,,,,2026-09-20,2026-09-21,https://www.trivago.deals/hotels/thailand_th_bangkok/104005_centara-grand-bangkok-convention-centre-at-centralworld?checkIn=2026-09-20&checkOut=2026-09-21&placeId=H104005&campaignName=TrivagoDeals_Google_US&currencyCode=USD&dealkey_redacted=1&countryCode=US&languageCode=en&rule=Google_US&site=mapresults&ads=&priceDisplayedTotal=165.00&priceDisplayedTax=23.98&device=desktop&adults=2&children=0,trivago_deals,2026-09-03T19:01:53-07:00,未知,未知,,,否,trivago_deals,Bank of Thailand,2026-09-03,"{""优惠标签"": """", ""入住人数"": """", ""其他权益"": """", ""原价"": """", ""取消政策"": """", ""币种"": ""USD"", ""库存提示"": """", ""当前价"": ""141"", ""支付方式"": """", ""早餐"": """", ""确认政策"": """", ""税费"": """"}",否,价格计价单位未确认；税费包含状态未确认；尚未通过T4人工复核,20260907-003922-csv-f52bd5d0,[LOCAL_HOME]/Desktop/Thailand---泰国/05_GoogleMaps曼谷酒店专用/04_平台详情/酒店售卖方案.csv,T3,否,03745d351fdc05b63583f06edd3f046016c3e6afa29d588bfe0cb32a2497e60d
ChIJCWbW7MWY4jARuQATRiSHlA0,Kiwi.com,1043031,room_c0cc0e3e3c314e4370,rate_652fd7dbaac9a40f1c,1,,,,,,,146,,USD,,,,2026-09-05,2026-09-06,https://hotels.kiwi.com/Hotel/Search?checkIn=2026-09-05&checkOut=2026-09-06&currency=USD&forceCurrencyChange=1&lang=en&forceLanguageChange=1&rooms=2:&utm_source=kiwi&utm_medium=cpc&utm_referrer=gha&hotelId=1043031&userCountry=US&profile=H9wkf23b1j&preferredRate=196.41&deviceType=desktop&label=src=gha&cltype=hotel&datype=default&gsite=mapresults&vf=0&ucountry=US&udevice=desktop&hotel=1043031&day=05&month=09&year=2026&los=1&price=196.41&currency=USD&cid=&listid=&rateid=US_D&closerateid=&promo=0&isPrivateRate=0&isAudienceUser=0&isPaidClick=0&&cp=wz_8HXOf9axMK20CChIIwYYBELUKGMMIIgNVU0RSATISGhXdHmIWGgsyMnMyOUpFTGRUcygCMILc5NQG,kiwi,2026-09-03T20:03:10-07:00,未知,未知,,,否,kiwi,,,"{""优惠标签"": """", ""入住人数"": """", ""其他权益"": """", ""原价"": """", ""取消政策"": """", ""币种"": ""USD"", ""库存提示"": """", ""当前价"": ""146"", ""支付方式"": """", ""早餐"": """", ""确认政策"": """", ""税费"": """"}",否,已知语义误采平台待修复；价格计价单位未确认；税费包含状态未确认；尚未通过T4人工复核,20260903-200545-csv-3a6bfb70,[LOCAL_HOME]/Desktop/Thailand---泰国/05_GoogleMaps曼谷酒店专用/04_平台详情/酒店售卖方案.csv,R,是,478e6dcf204989d256ec35c9bbc733bec28e162a07f149b0ce038dae7b4b518f
ChIJCWbW7MWY4jARuQATRiSHlA0,Kiwi.com,1043031,room_34a24a9442c73af806,rate_13043bf574808434e0,1,,,,,,,171,,USD,,,,2026-09-05,2026-09-06,https://hotels.kiwi.com/Hotel/Search?checkIn=2026-09-05&checkOut=2026-09-06&currency=USD&forceCurrencyChange=1&lang=en&forceLanguageChange=1&rooms=2:&utm_source=kiwi&utm_medium=cpc&utm_referrer=gha&hotelId=1043031&userCountry=US&profile=H9wkf23b1j&preferredRate=196.41&deviceType=desktop&label=src=gha&cltype=hotel&datype=default&gsite=mapresults&vf=0&ucountry=US&udevice=desktop&hotel=1043031&day=05&month=09&year=2026&los=1&price=196.41&currency=USD&cid=&listid=&rateid=US_D&closerateid=&promo=0&isPrivateRate=0&isAudienceUser=0&isPaidClick=0&&cp=wz_8HXOf9axMK20CChIIwYYBELUKGMMIIgNVU0RSATISGhXdHmIWGgsyMnMyOUpFTGRUcygCMILc5NQG,kiwi,2026-09-03T20:03:10-07:00,未知,未知,,,否,kiwi,,,"{""优惠标签"": """", ""入住人数"": """", ""其他权益"": """", ""原价"": """", ""取消政策"": """", ""币种"": ""USD"", ""库存提示"": """", ""当前价"": ""171"", ""支付方式"": """", ""早餐"": """", ""确认政策"": """", ""税费"": """"}",否,已知语义误采平台待修复；价格计价单位未确认；税费包含状态未确认；尚未通过T4人工复核,20260903-200545-csv-3a6bfb70,[LOCAL_HOME]/Desktop/Thailand---泰国/05_GoogleMaps曼谷酒店专用/04_平台详情/酒店售卖方案.csv,R,是,bc9d5d14489257e65d3d43e90f664711553a18c697adad6fd4e5f80bfbf59ac4
ChIJf1YJeC-Z4jARNNLn8M9QwMw,Trip.com,996362,549073828,rate_3845547585a33c35bc,9,,Non-refundable,Instant confirmation,Prepay,,280,261,,USD,,,,2026-09-20,2026-09-21,https://us.trip.com/hotels/detail/?Allianceid=15214&Sid=1209572&allianceid=15214&sid=1209572&hotelid=996362&city=359&locale=en_us&checkin=2026-09-20&checkout=2026-09-21&ouid=&shoppingid=MW3BcR9W4h31&roomquantity=&minprice=220.05&mproom=1119272145&fgt=1&starlist=&rate=&amenty=&breakfast=&bookPolicy=&adult=2&children=0&ages=&curr=USD&prid=LANG_US&trip_sub1=20_09_2026_1_mapresults_996362_US_desktop_default___0_0-LANG_US-landing&br=220.05&tf=33.10&display=exavg&crn=1&mincurr=USD&stand=H4sIAAAAAAAA_-Ny5GKSYBJi4mCUMue4-PPWVBYhRiOD-4wWW-UDOGYwdr2w2cHIdJFRvvV14I64dIeHjEE75FpfN2Y7vGC8t_bpZsYFLIxSPL7hxk7JQZbhJhnGhgqMGpeuPLnC5sEYxGZoYGzobBolw8UcGuwi-ERE9uTT-1IOUiCeIoyXxJqapxsanNEs1sXI5MG4ipGdi9nAyFCA6ROjALK58YZGZgBU0Y60rQAAAA,trip,2026-09-03T20:11:39-07:00,未知,未知,,,否,trip,,,"{""优惠标签"": """", ""入住人数"": """", ""其他权益"": """", ""原价"": ""280"", ""取消政策"": ""Non-refundable"", ""币种"": ""USD"", ""库存提示"": """", ""当前价"": ""261"", ""支付方式"": ""Prepay"", ""早餐"": """", ""确认政策"": ""Instant confirmation"", ""税费"": """"}",否,价格计价单位未确认；税费包含状态未确认；尚未通过T4人工复核,20260903-201155-csv-55855b7a,[LOCAL_HOME]/Desktop/Thailand---泰国/05_GoogleMaps曼谷酒店专用/04_平台详情/酒店售卖方案.csv,T3,否,09f791038713951e328fc08dc92d20852e985fe43e232cba60552da343d7063a
ChIJf1YJeC-Z4jARNNLn8M9QwMw,Trip.com,996362,251093407,rate_1d5311ce2b9e6266a8,13,,,,,,,276,,USD,,,,2026-09-20,2026-09-21,https://us.trip.com/hotels/detail/?Allianceid=15214&Sid=1209572&allianceid=15214&sid=1209572&hotelid=996362&city=359&locale=en_us&checkin=2026-09-20&checkout=2026-09-21&ouid=&shoppingid=MW3BcR9W4h31&roomquantity=&minprice=220.05&mproom=1119272145&fgt=1&starlist=&rate=&amenty=&breakfast=&bookPolicy=&adult=2&children=0&ages=&curr=USD&prid=LANG_US&trip_sub1=20_09_2026_1_mapresults_996362_US_desktop_default___0_0-LANG_US-landing&br=220.05&tf=33.10&display=exavg&crn=1&mincurr=USD&stand=H4sIAAAAAAAA_-Ny5GKSYBJi4mCUMue4-PPWVBYhRiOD-4wWW-UDOGYwdr2w2cHIdJFRvvV14I64dIeHjEE75FpfN2Y7vGC8t_bpZsYFLIxSPL7hxk7JQZbhJhnGhgqMGpeuPLnC5sEYxGZoYGzobBolw8UcGuwi-ERE9uTT-1IOUiCeIoyXxJqapxsanNEs1sXI5MG4ipGdi9nAyFCA6ROjALK58YZGZgBU0Y60rQAAAA,trip,2026-09-03T20:11:39-07:00,未知,未知,,,否,trip,,,"{""优惠标签"": """", ""入住人数"": """", ""其他权益"": """", ""原价"": """", ""取消政策"": """", ""币种"": ""USD"", ""库存提示"": """", ""当前价"": ""276"", ""支付方式"": """", ""早餐"": """", ""确认政策"": """", ""税费"": """"}",否,价格计价单位未确认；税费包含状态未确认；尚未通过T4人工复核,20260903-201155-csv-55855b7a,[LOCAL_HOME]/Desktop/Thailand---泰国/05_GoogleMaps曼谷酒店专用/04_平台详情/酒店售卖方案.csv,T3,否,0aae81ea6e80c4caa92218cc640d0e1762653ce973442aa91f0ee861da380776
ChIJf1YJeC-Z4jARNNLn8M9QwMw,Trip.com,996362,482412841,rate_ee66c4e5f092a19715,5,,,,,,254,238,,USD,,,,2026-09-20,2026-09-21,https://us.trip.com/hotels/detail/?Allianceid=15214&Sid=1209572&allianceid=15214&sid=1209572&hotelid=996362&city=359&locale=en_us&checkin=2026-09-20&checkout=2026-09-21&ouid=&shoppingid=MW3BcR9W4h31&roomquantity=&minprice=220.05&mproom=1119272145&fgt=1&starlist=&rate=&amenty=&breakfast=&bookPolicy=&adult=2&children=0&ages=&curr=USD&prid=LANG_US&trip_sub1=20_09_2026_1_mapresults_996362_US_desktop_default___0_0-LANG_US-landing&br=220.05&tf=33.10&display=exavg&crn=1&mincurr=USD&stand=H4sIAAAAAAAA_-Ny5GKSYBJi4mCUMue4-PPWVBYhRiOD-4wWW-UDOGYwdr2w2cHIdJFRvvV14I64dIeHjEE75FpfN2Y7vGC8t_bpZsYFLIxSPL7hxk7JQZbhJhnGhgqMGpeuPLnC5sEYxGZoYGzobBolw8UcGuwi-ERE9uTT-1IOUiCeIoyXxJqapxsanNEs1sXI5MG4ipGdi9nAyFCA6ROjALK58YZGZgBU0Y60rQAAAA,trip,2026-09-03T20:11:39-07:00,未知,未知,,,否,trip,,,"{""优惠标签"": """", ""入住人数"": """", ""其他权益"": """", ""原价"": ""254"", ""取消政策"": """", ""币种"": ""USD"", ""库存提示"": """", ""当前价"": ""238"", ""支付方式"": """", ""早餐"": """", ""确认政策"": """", ""税费"": """"}",否,价格计价单位未确认；税费包含状态未确认；尚未通过T4人工复核,20260903-201155-csv-55855b7a,[LOCAL_HOME]/Desktop/Thailand---泰国/05_GoogleMaps曼谷酒店专用/04_平台详情/酒店售卖方案.csv,T3,否,13dec6828e0cacabeeab6279df95389c243f3902331518e6f8f2bace3bec8ce5
ChIJf1YJeC-Z4jARNNLn8M9QwMw,Trip.com,996362,377050846,rate_bcb1d2df6b69b42b26,9,,,,,,,222,,USD,,,,2026-09-20,2026-09-21,https://us.trip.com/hotels/detail/?Allianceid=15214&Sid=1209572&allianceid=15214&sid=1209572&hotelid=996362&city=359&locale=en_us&checkin=2026-09-20&checkout=2026-09-21&ouid=&shoppingid=MW3BcR9W4h31&roomquantity=&minprice=220.05&mproom=1119272145&fgt=1&starlist=&rate=&amenty=&breakfast=&bookPolicy=&adult=2&children=0&ages=&curr=USD&prid=LANG_US&trip_sub1=20_09_2026_1_mapresults_996362_US_desktop_default___0_0-LANG_US-landing&br=220.05&tf=33.10&display=exavg&crn=1&mincurr=USD&stand=H4sIAAAAAAAA_-Ny5GKSYBJi4mCUMue4-PPWVBYhRiOD-4wWW-UDOGYwdr2w2cHIdJFRvvV14I64dIeHjEE75FpfN2Y7vGC8t_bpZsYFLIxSPL7hxk7JQZbhJhnGhgqMGpeuPLnC5sEYxGZoYGzobBolw8UcGuwi-ERE9uTT-1IOUiCeIoyXxJqapxsanNEs1sXI5MG4ipGdi9nAyFCA6ROjALK58YZGZgBU0Y60rQAAAA,trip,2026-09-03T20:11:39-07:00,未知,未知,,,否,trip,,,"{""优惠标签"": """", ""入住人数"": """", ""其他权益"": """", ""原价"": """", ""取消政策"": """", ""币种"": ""USD"", ""库存提示"": """", ""当前价"": ""222"", ""支付方式"": """", ""早餐"": """", ""确认政策"": """", ""税费"": """"}",否,价格计价单位未确认；税费包含状态未确认；尚未通过T4人工复核,20260903-201155-csv-55855b7a,[LOCAL_HOME]/Desktop/Thailand---泰国/05_GoogleMaps曼谷酒店专用/04_平台详情/酒店售卖方案.csv,T3,否,2517df0e30f42f862a44dfbdee0954c12b967d8f60e1a7b36b0b7d6505e0d737
ChIJf1YJeC-Z4jARNNLn8M9QwMw,Trip.com,996362,377050846,rate_e282079843f6dd31ca,11,,,,,,234,219,,USD,,,,2026-09-20,2026-09-21,https://us.trip.com/hotels/detail/?Allianceid=15214&Sid=1209572&allianceid=15214&sid=1209572&hotelid=996362&city=359&locale=en_us&checkin=2026-09-20&checkout=2026-09-21&ouid=&shoppingid=MW3BcR9W4h31&roomquantity=&minprice=220.05&mproom=1119272145&fgt=1&starlist=&rate=&amenty=&breakfast=&bookPolicy=&adult=2&children=0&ages=&curr=USD&prid=LANG_US&trip_sub1=20_09_2026_1_mapresults_996362_US_desktop_default___0_0-LANG_US-landing&br=220.05&tf=33.10&display=exavg&crn=1&mincurr=USD&stand=H4sIAAAAAAAA_-Ny5GKSYBJi4mCUMue4-PPWVBYhRiOD-4wWW-UDOGYwdr2w2cHIdJFRvvV14I64dIeHjEE75FpfN2Y7vGC8t_bpZsYFLIxSPL7hxk7JQZbhJhnGhgqMGpeuPLnC5sEYxGZoYGzobBolw8UcGuwi-ERE9uTT-1IOUiCeIoyXxJqapxsanNEs1sXI5MG4ipGdi9nAyFCA6ROjALK58YZGZgBU0Y60rQAAAA,trip,2026-09-03T20:11:39-07:00,未知,未知,,,否,trip,,,"{""优惠标签"": """", ""入住人数"": """", ""其他权益"": """", ""原价"": ""234"", ""取消政策"": """", ""币种"": ""USD"", ""库存提示"": """", ""当前价"": ""219"", ""支付方式"": """", ""早餐"": """", ""确认政策"": """", ""税费"": """"}",否,价格计价单位未确认；税费包含状态未确认；尚未通过T4人工复核,20260903-201155-csv-55855b7a,[LOCAL_HOME]/Desktop/Thailand---泰国/05_GoogleMaps曼谷酒店专用/04_平台详情/酒店售卖方案.csv,T3,否,330fbd73e74f4e87bd744cceaa3388b5ba440f7bb4070307621f3139f2526005
ChIJf1YJeC-Z4jARNNLn8M9QwMw,Trip.com,996362,377050779,rate_93f39670c52142180c,9,,Non-refundable,Instant confirmation,Prepay,,279,260,,USD,,,,2026-09-20,2026-09-21,https://us.trip.com/hotels/detail/?Allianceid=15214&Sid=1209572&allianceid=15214&sid=1209572&hotelid=996362&city=359&locale=en_us&checkin=2026-09-20&checkout=2026-09-21&ouid=&shoppingid=MW3BcR9W4h31&roomquantity=&minprice=220.05&mproom=1119272145&fgt=1&starlist=&rate=&amenty=&breakfast=&bookPolicy=&adult=2&children=0&ages=&curr=USD&prid=LANG_US&trip_sub1=20_09_2026_1_mapresults_996362_US_desktop_default___0_0-LANG_US-landing&br=220.05&tf=33.10&display=exavg&crn=1&mincurr=USD&stand=H4sIAAAAAAAA_-Ny5GKSYBJi4mCUMue4-PPWVBYhRiOD-4wWW-UDOGYwdr2w2cHIdJFRvvV14I64dIeHjEE75FpfN2Y7vGC8t_bpZsYFLIxSPL7hxk7JQZbhJhnGhgqMGpeuPLnC5sEYxGZoYGzobBolw8UcGuwi-ERE9uTT-1IOUiCeIoyXxJqapxsanNEs1sXI5MG4ipGdi9nAyFCA6ROjALK58YZGZgBU0Y60rQAAAA,trip,2026-09-03T20:11:39-07:00,未知,未知,,,否,trip,,,"{""优惠标签"": """", ""入住人数"": """", ""其他权益"": """", ""原价"": ""279"", ""取消政策"": ""Non-refundable"", ""币种"": ""USD"", ""库存提示"": """", ""当前价"": ""260"", ""支付方式"": ""Prepay"", ""早餐"": """", ""确认政策"": ""Instant confirmation"", ""税费"": """"}",否,价格计价单位未确认；税费包含状态未确认；尚未通过T4人工复核,20260903-201155-csv-55855b7a,[LOCAL_HOME]/Desktop/Thailand---泰国/05_GoogleMaps曼谷酒店专用/04_平台详情/酒店售卖方案.csv,T3,否,333b65fb6c254ca5a3cc7d1ea897addab0d8ee2c5314a4ebf4eb8956bda414a6
ChIJf1YJeC-Z4jARNNLn8M9QwMw,Trip.com,996362,377050846,rate_f9c66f7b65c60001b5,14,,,,,,,234,,USD,,,,2026-09-20,2026-09-21,https://us.trip.com/hotels/detail/?Allianceid=15214&Sid=1209572&allianceid=15214&sid=1209572&hotelid=996362&city=359&locale=en_us&checkin=2026-09-20&checkout=2026-09-21&ouid=&shoppingid=MW3BcR9W4h31&roomquantity=&minprice=220.05&mproom=1119272145&fgt=1&starlist=&rate=&amenty=&breakfast=&bookPolicy=&adult=2&children=0&ages=&curr=USD&prid=LANG_US&trip_sub1=20_09_2026_1_mapresults_996362_US_desktop_default___0_0-LANG_US-landing&br=220.05&tf=33.10&display=exavg&crn=1&mincurr=USD&stand=H4sIAAAAAAAA_-Ny5GKSYBJi4mCUMue4-PPWVBYhRiOD-4wWW-UDOGYwdr2w2cHIdJFRvvV14I64dIeHjEE75FpfN2Y7vGC8t_bpZsYFLIxSPL7hxk7JQZbhJhnGhgqMGpeuPLnC5sEYxGZoYGzobBolw8UcGuwi-ERE9uTT-1IOUiCeIoyXxJqapxsanNEs1sXI5MG4ipGdi9nAyFCA6ROjALK58YZGZgBU0Y60rQAAAA,trip,2026-09-03T20:11:39-07:00,未知,未知,,,否,trip,,,"{""优惠标签"": """", ""入住人数"": """", ""其他权益"": """", ""原价"": """", ""取消政策"": """", ""币种"": ""USD"", ""库存提示"": """", ""当前价"": ""234"", ""支付方式"": """", ""早餐"": """", ""确认政策"": """", ""税费"": """"}",否,价格计价单位未确认；税费包含状态未确认；尚未通过T4人工复核,20260903-201155-csv-55855b7a,[LOCAL_HOME]/Desktop/Thailand---泰国/05_GoogleMaps曼谷酒店专用/04_平台详情/酒店售卖方案.csv,T3,否,41082cfc68b5535039fa1274fc6b87ad0a9f50adc066147f63ed13477d94ba0e
ChIJf1YJeC-Z4jARNNLn8M9QwMw,Trip.com,996362,482412841,rate_2b426171106f546dca,8,,,,,,,254,,USD,,,,2026-09-20,2026-09-21,https://us.trip.com/hotels/detail/?Allianceid=15214&Sid=1209572&allianceid=15214&sid=1209572&hotelid=996362&city=359&locale=en_us&checkin=2026-09-20&checkout=2026-09-21&ouid=&shoppingid=MW3BcR9W4h31&roomquantity=&minprice=220.05&mproom=1119272145&fgt=1&starlist=&rate=&amenty=&breakfast=&bookPolicy=&adult=2&children=0&ages=&curr=USD&prid=LANG_US&trip_sub1=20_09_2026_1_mapresults_996362_US_desktop_default___0_0-LANG_US-landing&br=220.05&tf=33.10&display=exavg&crn=1&mincurr=USD&stand=H4sIAAAAAAAA_-Ny5GKSYBJi4mCUMue4-PPWVBYhRiOD-4wWW-UDOGYwdr2w2cHIdJFRvvV14I64dIeHjEE75FpfN2Y7vGC8t_bpZsYFLIxSPL7hxk7JQZbhJhnGhgqMGpeuPLnC5sEYxGZoYGzobBolw8UcGuwi-ERE9uTT-1IOUiCeIoyXxJqapxsanNEs1sXI5MG4ipGdi9nAyFCA6ROjALK58YZGZgBU0Y60rQAAAA,trip,2026-09-03T20:11:39-07:00,未知,未知,,,否,trip,,,"{""优惠标签"": """", ""入住人数"": """", ""其他权益"": """", ""原价"": """", ""取消政策"": """", ""币种"": ""USD"", ""库存提示"": """", ""当前价"": ""254"", ""支付方式"": """", ""早餐"": """", ""确认政策"": """", ""税费"": """"}",否,价格计价单位未确认；税费包含状态未确认；尚未通过T4人工复核,20260903-201155-csv-55855b7a,[LOCAL_HOME]/Desktop/Thailand---泰国/05_GoogleMaps曼谷酒店专用/04_平台详情/酒店售卖方案.csv,T3,否,46f1d2ac79889669f7f63f6d993b88a0ad05c0baee1b84fcbf771d8ec1655d30
ChIJf1YJeC-Z4jARNNLn8M9QwMw,Trip.com,996362,251093428,rate_0862651581e56d2eef,5,,,,,,254,238,,USD,,,,2026-09-20,2026-09-21,https://us.trip.com/hotels/detail/?Allianceid=15214&Sid=1209572&allianceid=15214&sid=1209572&hotelid=996362&city=359&locale=en_us&checkin=2026-09-20&checkout=2026-09-21&ouid=&shoppingid=MW3BcR9W4h31&roomquantity=&minprice=220.05&mproom=1119272145&fgt=1&starlist=&rate=&amenty=&breakfast=&bookPolicy=&adult=2&children=0&ages=&curr=USD&prid=LANG_US&trip_sub1=20_09_2026_1_mapresults_996362_US_desktop_default___0_0-LANG_US-landing&br=220.05&tf=33.10&display=exavg&crn=1&mincurr=USD&stand=H4sIAAAAAAAA_-Ny5GKSYBJi4mCUMue4-PPWVBYhRiOD-4wWW-UDOGYwdr2w2cHIdJFRvvV14I64dIeHjEE75FpfN2Y7vGC8t_bpZsYFLIxSPL7hxk7JQZbhJhnGhgqMGpeuPLnC5sEYxGZoYGzobBolw8UcGuwi-ERE9uTT-1IOUiCeIoyXxJqapxsanNEs1sXI5MG4ipGdi9nAyFCA6ROjALK58YZGZgBU0Y60rQAAAA,trip,2026-09-03T20:11:39-07:00,未知,未知,,,否,trip,,,"{""优惠标签"": """", ""入住人数"": """", ""其他权益"": """", ""原价"": ""254"", ""取消政策"": """", ""币种"": ""USD"", ""库存提示"": """", ""当前价"": ""238"", ""支付方式"": """", ""早餐"": """", ""确认政策"": """", ""税费"": """"}",否,价格计价单位未确认；税费包含状态未确认；尚未通过T4人工复核,20260903-201155-csv-55855b7a,[LOCAL_HOME]/Desktop/Thailand---泰国/05_GoogleMaps曼谷酒店专用/04_平台详情/酒店售卖方案.csv,T3,否,5b08493fff68a206d1b59ec5623e5d32d51a3492c73891bc6779003e191af24e
ChIJf1YJeC-Z4jARNNLn8M9QwMw,Trip.com,996362,482412841,rate_c1c53b15e6b0e15582,1,,Non-refundable,Instant confirmation,Prepay,,238,30.06,,USD,,,,2026-09-20,2026-09-21,https://us.trip.com/hotels/detail/?Allianceid=15214&Sid=1209572&allianceid=15214&sid=1209572&hotelid=996362&city=359&locale=en_us&checkin=2026-09-20&checkout=2026-09-21&ouid=&shoppingid=MW3BcR9W4h31&roomquantity=&minprice=220.05&mproom=1119272145&fgt=1&starlist=&rate=&amenty=&breakfast=&bookPolicy=&adult=2&children=0&ages=&curr=USD&prid=LANG_US&trip_sub1=20_09_2026_1_mapresults_996362_US_desktop_default___0_0-LANG_US-landing&br=220.05&tf=33.10&display=exavg&crn=1&mincurr=USD&stand=H4sIAAAAAAAA_-Ny5GKSYBJi4mCUMue4-PPWVBYhRiOD-4wWW-UDOGYwdr2w2cHIdJFRvvV14I64dIeHjEE75FpfN2Y7vGC8t_bpZsYFLIxSPL7hxk7JQZbhJhnGhgqMGpeuPLnC5sEYxGZoYGzobBolw8UcGuwi-ERE9uTT-1IOUiCeIoyXxJqapxsanNEs1sXI5MG4ipGdi9nAyFCA6ROjALK58YZGZgBU0Y60rQAAAA,trip,2026-09-03T20:11:39-07:00,未知,未知,,,否,trip,,,"{""优惠标签"": """", ""入住人数"": """", ""其他权益"": """", ""原价"": ""238"", ""取消政策"": ""Non-refundable"", ""币种"": ""USD"", ""库存提示"": """", ""当前价"": ""30.06"", ""支付方式"": ""Prepay"", ""早餐"": """", ""确认政策"": ""Instant confirmation"", ""税费"": """"}",否,价格计价单位未确认；税费包含状态未确认；尚未通过T4人工复核,20260903-201155-csv-55855b7a,[LOCAL_HOME]/Desktop/Thailand---泰国/05_GoogleMaps曼谷酒店专用/04_平台详情/酒店售卖方案.csv,T3,否,5cb8e9e5c0b4d81967ae3188621376c154c80ee58f0faee6de3d812133e18248
ChIJf1YJeC-Z4jARNNLn8M9QwMw,Trip.com,996362,377050779,rate_1b7041b4a594776fb1,14,,,,,,,246,,USD,,,,2026-09-20,2026-09-21,https://us.trip.com/hotels/detail/?Allianceid=15214&Sid=1209572&allianceid=15214&sid=1209572&hotelid=996362&city=359&locale=en_us&checkin=2026-09-20&checkout=2026-09-21&ouid=&shoppingid=MW3BcR9W4h31&roomquantity=&minprice=220.05&mproom=1119272145&fgt=1&starlist=&rate=&amenty=&breakfast=&bookPolicy=&adult=2&children=0&ages=&curr=USD&prid=LANG_US&trip_sub1=20_09_2026_1_mapresults_996362_US_desktop_default___0_0-LANG_US-landing&br=220.05&tf=33.10&display=exavg&crn=1&mincurr=USD&stand=H4sIAAAAAAAA_-Ny5GKSYBJi4mCUMue4-PPWVBYhRiOD-4wWW-UDOGYwdr2w2cHIdJFRvvV14I64dIeHjEE75FpfN2Y7vGC8t_bpZsYFLIxSPL7hxk7JQZbhJhnGhgqMGpeuPLnC5sEYxGZoYGzobBolw8UcGuwi-ERE9uTT-1IOUiCeIoyXxJqapxsanNEs1sXI5MG4ipGdi9nAyFCA6ROjALK58YZGZgBU0Y60rQAAAA,trip,2026-09-03T20:11:39-07:00,未知,未知,,,否,trip,,,"{""优惠标签"": """", ""入住人数"": """", ""其他权益"": """", ""原价"": """", ""取消政策"": """", ""币种"": ""USD"", ""库存提示"": """", ""当前价"": ""246"", ""支付方式"": """", ""早餐"": """", ""确认政策"": """", ""税费"": """"}",否,价格计价单位未确认；税费包含状态未确认；尚未通过T4人工复核,20260903-201155-csv-55855b7a,[LOCAL_HOME]/Desktop/Thailand---泰国/05_GoogleMaps曼谷酒店专用/04_平台详情/酒店售卖方案.csv,T3,否,5eb7874053a25bf352ff8071d5523922b560ace6ff927092e10bc075a1c676b1
ChIJf1YJeC-Z4jARNNLn8M9QwMw,Trip.com,996362,549073828,rate_757ba9cf1479f56f34,13,,,,,,,280,,USD,,,,2026-09-20,2026-09-21,https://us.trip.com/hotels/detail/?Allianceid=15214&Sid=1209572&allianceid=15214&sid=1209572&hotelid=996362&city=359&locale=en_us&checkin=2026-09-20&checkout=2026-09-21&ouid=&shoppingid=MW3BcR9W4h31&roomquantity=&minprice=220.05&mproom=1119272145&fgt=1&starlist=&rate=&amenty=&breakfast=&bookPolicy=&adult=2&children=0&ages=&curr=USD&prid=LANG_US&trip_sub1=20_09_2026_1_mapresults_996362_US_desktop_default___0_0-LANG_US-landing&br=220.05&tf=33.10&display=exavg&crn=1&mincurr=USD&stand=H4sIAAAAAAAA_-Ny5GKSYBJi4mCUMue4-PPWVBYhRiOD-4wWW-UDOGYwdr2w2cHIdJFRvvV14I64dIeHjEE75FpfN2Y7vGC8t_bpZsYFLIxSPL7hxk7JQZbhJhnGhgqMGpeuPLnC5sEYxGZoYGzobBolw8UcGuwi-ERE9uTT-1IOUiCeIoyXxJqapxsanNEs1sXI5MG4ipGdi9nAyFCA6ROjALK58YZGZgBU0Y60rQAAAA,trip,2026-09-03T20:11:39-07:00,未知,未知,,,否,trip,,,"{""优惠标签"": """", ""入住人数"": """", ""其他权益"": """", ""原价"": """", ""取消政策"": """", ""币种"": ""USD"", ""库存提示"": """", ""当前价"": ""280"", ""支付方式"": """", ""早餐"": """", ""确认政策"": """", ""税费"": """"}",否,价格计价单位未确认；税费包含状态未确认；尚未通过T4人工复核,20260903-201155-csv-55855b7a,[LOCAL_HOME]/Desktop/Thailand---泰国/05_GoogleMaps曼谷酒店专用/04_平台详情/酒店售卖方案.csv,T3,否,61ab49b10fd8e2906abdd676d2d67e50528a16f2e3288b5c7213a2592b257ec4
ChIJf1YJeC-Z4jARNNLn8M9QwMw,Trip.com,996362,251093407,rate_51126217acd512a0ed,9,,Non-refundable,Instant confirmation,Prepay,,276,258,,USD,,,,2026-09-20,2026-09-21,https://us.trip.com/hotels/detail/?Allianceid=15214&Sid=1209572&allianceid=15214&sid=1209572&hotelid=996362&city=359&locale=en_us&checkin=2026-09-20&checkout=2026-09-21&ouid=&shoppingid=MW3BcR9W4h31&roomquantity=&minprice=220.05&mproom=1119272145&fgt=1&starlist=&rate=&amenty=&breakfast=&bookPolicy=&adult=2&children=0&ages=&curr=USD&prid=LANG_US&trip_sub1=20_09_2026_1_mapresults_996362_US_desktop_default___0_0-LANG_US-landing&br=220.05&tf=33.10&display=exavg&crn=1&mincurr=USD&stand=H4sIAAAAAAAA_-Ny5GKSYBJi4mCUMue4-PPWVBYhRiOD-4wWW-UDOGYwdr2w2cHIdJFRvvV14I64dIeHjEE75FpfN2Y7vGC8t_bpZsYFLIxSPL7hxk7JQZbhJhnGhgqMGpeuPLnC5sEYxGZoYGzobBolw8UcGuwi-ERE9uTT-1IOUiCeIoyXxJqapxsanNEs1sXI5MG4ipGdi9nAyFCA6ROjALK58YZGZgBU0Y60rQAAAA,trip,2026-09-03T20:11:39-07:00,未知,未知,,,否,trip,,,"{""优惠标签"": """", ""入住人数"": """", ""其他权益"": """", ""原价"": ""276"", ""取消政策"": ""Non-refundable"", ""币种"": ""USD"", ""库存提示"": """", ""当前价"": ""258"", ""支付方式"": ""Prepay"", ""早餐"": """", ""确认政策"": ""Instant confirmation"", ""税费"": """"}",否,价格计价单位未确认；税费包含状态未确认；尚未通过T4人工复核,20260903-201155-csv-55855b7a,[LOCAL_HOME]/Desktop/Thailand---泰国/05_GoogleMaps曼谷酒店专用/04_平台详情/酒店售卖方案.csv,T3,否,694a03cde6d73cc8d67e760a28c3171f8ffa1f2e08c8bc407f5e99bb678f6922
ChIJf1YJeC-Z4jARNNLn8M9QwMw,Trip.com,996362,549073828,rate_7e50406c21c7cf180d,5,,,,,,254,238,,USD,,,,2026-09-20,2026-09-21,https://us.trip.com/hotels/detail/?Allianceid=15214&Sid=1209572&allianceid=15214&sid=1209572&hotelid=996362&city=359&locale=en_us&checkin=2026-09-20&checkout=2026-09-21&ouid=&shoppingid=MW3BcR9W4h31&roomquantity=&minprice=220.05&mproom=1119272145&fgt=1&starlist=&rate=&amenty=&breakfast=&bookPolicy=&adult=2&children=0&ages=&curr=USD&prid=LANG_US&trip_sub1=20_09_2026_1_mapresults_996362_US_desktop_default___0_0-LANG_US-landing&br=220.05&tf=33.10&display=exavg&crn=1&mincurr=USD&stand=H4sIAAAAAAAA_-Ny5GKSYBJi4mCUMue4-PPWVBYhRiOD-4wWW-UDOGYwdr2w2cHIdJFRvvV14I64dIeHjEE75FpfN2Y7vGC8t_bpZsYFLIxSPL7hxk7JQZbhJhnGhgqMGpeuPLnC5sEYxGZoYGzobBolw8UcGuwi-ERE9uTT-1IOUiCeIoyXxJqapxsanNEs1sXI5MG4ipGdi9nAyFCA6ROjALK58YZGZgBU0Y60rQAAAA,trip,2026-09-03T20:11:39-07:00,未知,未知,,,否,trip,,,"{""优惠标签"": """", ""入住人数"": """", ""其他权益"": """", ""原价"": ""254"", ""取消政策"": """", ""币种"": ""USD"", ""库存提示"": """", ""当前价"": ""238"", ""支付方式"": """", ""早餐"": """", ""确认政策"": """", ""税费"": """"}",否,价格计价单位未确认；税费包含状态未确认；尚未通过T4人工复核,20260903-201155-csv-55855b7a,[LOCAL_HOME]/Desktop/Thailand---泰国/05_GoogleMaps曼谷酒店专用/04_平台详情/酒店售卖方案.csv,T3,否,6ae67142ef5347709c93a7fb42c98c28e18709692b612f22a4213ecaf7ab3094
ChIJf1YJeC-Z4jARNNLn8M9QwMw,Trip.com,996362,251093428,rate_784005a0e76c8cd42c,1,,Non-refundable,Instant confirmation,Prepay,,238,30.06,,USD,,,,2026-09-20,2026-09-21,https://us.trip.com/hotels/detail/?Allianceid=15214&Sid=1209572&allianceid=15214&sid=1209572&hotelid=996362&city=359&locale=en_us&checkin=2026-09-20&checkout=2026-09-21&ouid=&shoppingid=MW3BcR9W4h31&roomquantity=&minprice=220.05&mproom=1119272145&fgt=1&starlist=&rate=&amenty=&breakfast=&bookPolicy=&adult=2&children=0&ages=&curr=USD&prid=LANG_US&trip_sub1=20_09_2026_1_mapresults_996362_US_desktop_default___0_0-LANG_US-landing&br=220.05&tf=33.10&display=exavg&crn=1&mincurr=USD&stand=H4sIAAAAAAAA_-Ny5GKSYBJi4mCUMue4-PPWVBYhRiOD-4wWW-UDOGYwdr2w2cHIdJFRvvV14I64dIeHjEE75FpfN2Y7vGC8t_bpZsYFLIxSPL7hxk7JQZbhJhnGhgqMGpeuPLnC5sEYxGZoYGzobBolw8UcGuwi-ERE9uTT-1IOUiCeIoyXxJqapxsanNEs1sXI5MG4ipGdi9nAyFCA6ROjALK58YZGZgBU0Y60rQAAAA,trip,2026-09-03T20:11:39-07:00,未知,未知,,,否,trip,,,"{""优惠标签"": """", ""入住人数"": """", ""其他权益"": """", ""原价"": ""238"", ""取消政策"": ""Non-refundable"", ""币种"": ""USD"", ""库存提示"": """", ""当前价"": ""30.06"", ""支付方式"": ""Prepay"", ""早餐"": """", ""确认政策"": ""Instant confirmation"", ""税费"": """"}",否,价格计价单位未确认；税费包含状态未确认；尚未通过T4人工复核,20260903-201155-csv-55855b7a,[LOCAL_HOME]/Desktop/Thailand---泰国/05_GoogleMaps曼谷酒店专用/04_平台详情/酒店售卖方案.csv,T3,否,6d28bb3972e5b004c1d2559898e1f46900a3392ab7f44c62c22fd1f5b1ecbbd5
ChIJf1YJeC-Z4jARNNLn8M9QwMw,Trip.com,996362,377050779,rate_ae2324e3561572b8ac,1,,Non-refundable,Instant confirmation,Prepay,,238,30.06,,USD,,,,2026-09-20,2026-09-21,https://us.trip.com/hotels/detail/?Allianceid=15214&Sid=1209572&allianceid=15214&sid=1209572&hotelid=996362&city=359&locale=en_us&checkin=2026-09-20&checkout=2026-09-21&ouid=&shoppingid=MW3BcR9W4h31&roomquantity=&minprice=220.05&mproom=1119272145&fgt=1&starlist=&rate=&amenty=&breakfast=&bookPolicy=&adult=2&children=0&ages=&curr=USD&prid=LANG_US&trip_sub1=20_09_2026_1_mapresults_996362_US_desktop_default___0_0-LANG_US-landing&br=220.05&tf=33.10&display=exavg&crn=1&mincurr=USD&stand=H4sIAAAAAAAA_-Ny5GKSYBJi4mCUMue4-PPWVBYhRiOD-4wWW-UDOGYwdr2w2cHIdJFRvvV14I64dIeHjEE75FpfN2Y7vGC8t_bpZsYFLIxSPL7hxk7JQZbhJhnGhgqMGpeuPLnC5sEYxGZoYGzobBolw8UcGuwi-ERE9uTT-1IOUiCeIoyXxJqapxsanNEs1sXI5MG4ipGdi9nAyFCA6ROjALK58YZGZgBU0Y60rQAAAA,trip,2026-09-03T20:11:39-07:00,未知,未知,,,否,trip,,,"{""优惠标签"": """", ""入住人数"": """", ""其他权益"": """", ""原价"": ""238"", ""取消政策"": ""Non-refundable"", ""币种"": ""USD"", ""库存提示"": """", ""当前价"": ""30.06"", ""支付方式"": ""Prepay"", ""早餐"": """", ""确认政策"": ""Instant confirmation"", ""税费"": """"}",否,价格计价单位未确认；税费包含状态未确认；尚未通过T4人工复核,20260903-201155-csv-55855b7a,[LOCAL_HOME]/Desktop/Thailand---泰国/05_GoogleMaps曼谷酒店专用/04_平台详情/酒店售卖方案.csv,T3,否,70353d9697c3942d01433db6c17ab79d6f79142339de716a41374fbd426a76a7
ChIJf1YJeC-Z4jARNNLn8M9QwMw,Trip.com,996362,549073828,rate_748ea134b0804afa12,8,,,,,,,254,,USD,,,,2026-09-20,2026-09-21,https://us.trip.com/hotels/detail/?Allianceid=15214&Sid=1209572&allianceid=15214&sid=1209572&hotelid=996362&city=359&locale=en_us&checkin=2026-09-20&checkout=2026-09-21&ouid=&shoppingid=MW3BcR9W4h31&roomquantity=&minprice=220.05&mproom=1119272145&fgt=1&starlist=&rate=&amenty=&breakfast=&bookPolicy=&adult=2&children=0&ages=&curr=USD&prid=LANG_US&trip_sub1=20_09_2026_1_mapresults_996362_US_desktop_default___0_0-LANG_US-landing&br=220.05&tf=33.10&display=exavg&crn=1&mincurr=USD&stand=H4sIAAAAAAAA_-Ny5GKSYBJi4mCUMue4-PPWVBYhRiOD-4wWW-UDOGYwdr2w2cHIdJFRvvV14I64dIeHjEE75FpfN2Y7vGC8t_bpZsYFLIxSPL7hxk7JQZbhJhnGhgqMGpeuPLnC5sEYxGZoYGzobBolw8UcGuwi-ERE9uTT-1IOUiCeIoyXxJqapxsanNEs1sXI5MG4ipGdi9nAyFCA6ROjALK58YZGZgBU0Y60rQAAAA,trip,2026-09-03T20:11:39-07:00,未知,未知,,,否,trip,,,"{""优惠标签"": """", ""入住人数"": """", ""其他权益"": """", ""原价"": """", ""取消政策"": """", ""币种"": ""USD"", ""库存提示"": """", ""当前价"": ""254"", ""支付方式"": """", ""早餐"": """", ""确认政策"": """", ""税费"": """"}",否,价格计价单位未确认；税费包含状态未确认；尚未通过T4人工复核,20260903-201155-csv-55855b7a,[LOCAL_HOME]/Desktop/Thailand---泰国/05_GoogleMaps曼谷酒店专用/04_平台详情/酒店售卖方案.csv,T3,否,709160e889bd6cf1f177bf3a77df1d7557ebce5343a60d26fdce74d9f28ca5c2
ChIJf1YJeC-Z4jARNNLn8M9QwMw,Trip.com,996362,377050779,rate_5a2af37ba51206fd3c,5,,,,,,254,238,,USD,,,,2026-09-20,2026-09-21,https://us.trip.com/hotels/detail/?Allianceid=15214&Sid=1209572&allianceid=15214&sid=1209572&hotelid=996362&city=359&locale=en_us&checkin=2026-09-20&checkout=2026-09-21&ouid=&shoppingid=MW3BcR9W4h31&roomquantity=&minprice=220.05&mproom=1119272145&fgt=1&starlist=&rate=&amenty=&breakfast=&bookPolicy=&adult=2&children=0&ages=&curr=USD&prid=LANG_US&trip_sub1=20_09_2026_1_mapresults_996362_US_desktop_default___0_0-LANG_US-landing&br=220.05&tf=33.10&display=exavg&crn=1&mincurr=USD&stand=H4sIAAAAAAAA_-Ny5GKSYBJi4mCUMue4-PPWVBYhRiOD-4wWW-UDOGYwdr2w2cHIdJFRvvV14I64dIeHjEE75FpfN2Y7vGC8t_bpZsYFLIxSPL7hxk7JQZbhJhnGhgqMGpeuPLnC5sEYxGZoYGzobBolw8UcGuwi-ERE9uTT-1IOUiCeIoyXxJqapxsanNEs1sXI5MG4ipGdi9nAyFCA6ROjALK58YZGZgBU0Y60rQAAAA,trip,2026-09-03T20:11:39-07:00,未知,未知,,,否,trip,,,"{""优惠标签"": """", ""入住人数"": """", ""其他权益"": """", ""原价"": ""254"", ""取消政策"": """", ""币种"": ""USD"", ""库存提示"": """", ""当前价"": ""238"", ""支付方式"": """", ""早餐"": """", ""确认政策"": """", ""税费"": """"}",否,价格计价单位未确认；税费包含状态未确认；尚未通过T4人工复核,20260903-201155-csv-55855b7a,[LOCAL_HOME]/Desktop/Thailand---泰国/05_GoogleMaps曼谷酒店专用/04_平台详情/酒店售卖方案.csv,T3,否,732111bfdf0e741cb43b7b816c499c0bac0d18beadbdfb2a870f7807305b014a
ChIJf1YJeC-Z4jARNNLn8M9QwMw,Trip.com,996362,251093428,rate_6bac1b27a8dab9fd4f,9,,Non-refundable,Instant confirmation,Prepay,,276,258,,USD,,,,2026-09-20,2026-09-21,https://us.trip.com/hotels/detail/?Allianceid=15214&Sid=1209572&allianceid=15214&sid=1209572&hotelid=996362&city=359&locale=en_us&checkin=2026-09-20&checkout=2026-09-21&ouid=&shoppingid=MW3BcR9W4h31&roomquantity=&minprice=220.05&mproom=1119272145&fgt=1&starlist=&rate=&amenty=&breakfast=&bookPolicy=&adult=2&children=0&ages=&curr=USD&prid=LANG_US&trip_sub1=20_09_2026_1_mapresults_996362_US_desktop_default___0_0-LANG_US-landing&br=220.05&tf=33.10&display=exavg&crn=1&mincurr=USD&stand=H4sIAAAAAAAA_-Ny5GKSYBJi4mCUMue4-PPWVBYhRiOD-4wWW-UDOGYwdr2w2cHIdJFRvvV14I64dIeHjEE75FpfN2Y7vGC8t_bpZsYFLIxSPL7hxk7JQZbhJhnGhgqMGpeuPLnC5sEYxGZoYGzobBolw8UcGuwi-ERE9uTT-1IOUiCeIoyXxJqapxsanNEs1sXI5MG4ipGdi9nAyFCA6ROjALK58YZGZgBU0Y60rQAAAA,trip,2026-09-03T20:11:39-07:00,未知,未知,,,否,trip,,,"{""优惠标签"": """", ""入住人数"": """", ""其他权益"": """", ""原价"": ""276"", ""取消政策"": ""Non-refundable"", ""币种"": ""USD"", ""库存提示"": """", ""当前价"": ""258"", ""支付方式"": ""Prepay"", ""早餐"": """", ""确认政策"": ""Instant confirmation"", ""税费"": """"}",否,价格计价单位未确认；税费包含状态未确认；尚未通过T4人工复核,20260903-201155-csv-55855b7a,[LOCAL_HOME]/Desktop/Thailand---泰国/05_GoogleMaps曼谷酒店专用/04_平台详情/酒店售卖方案.csv,T3,否,74a04389ec81ee4febe5a8e696d31ac9bb0bf89db91dd1a412e4c254c64c4ff9
ChIJf1YJeC-Z4jARNNLn8M9QwMw,Trip.com,996362,482412841,rate_a59111650aebd0fb72,13,,,,,,,279,,USD,,,,2026-09-20,2026-09-21,https://us.trip.com/hotels/detail/?Allianceid=15214&Sid=1209572&allianceid=15214&sid=1209572&hotelid=996362&city=359&locale=en_us&checkin=2026-09-20&checkout=2026-09-21&ouid=&shoppingid=MW3BcR9W4h31&roomquantity=&minprice=220.05&mproom=1119272145&fgt=1&starlist=&rate=&amenty=&breakfast=&bookPolicy=&adult=2&children=0&ages=&curr=USD&prid=LANG_US&trip_sub1=20_09_2026_1_mapresults_996362_US_desktop_default___0_0-LANG_US-landing&br=220.05&tf=33.10&display=exavg&crn=1&mincurr=USD&stand=H4sIAAAAAAAA_-Ny5GKSYBJi4mCUMue4-PPWVBYhRiOD-4wWW-UDOGYwdr2w2cHIdJFRvvV14I64dIeHjEE75FpfN2Y7vGC8t_bpZsYFLIxSPL7hxk7JQZbhJhnGhgqMGpeuPLnC5sEYxGZoYGzobBolw8UcGuwi-ERE9uTT-1IOUiCeIoyXxJqapxsanNEs1sXI5MG4ipGdi9nAyFCA6ROjALK58YZGZgBU0Y60rQAAAA,trip,2026-09-03T20:11:39-07:00,未知,未知,,,否,trip,,,"{""优惠标签"": """", ""入住人数"": """", ""其他权益"": """", ""原价"": """", ""取消政策"": """", ""币种"": ""USD"", ""库存提示"": """", ""当前价"": ""279"", ""支付方式"": """", ""早餐"": """", ""确认政策"": """", ""税费"": """"}",否,价格计价单位未确认；税费包含状态未确认；尚未通过T4人工复核,20260903-201155-csv-55855b7a,[LOCAL_HOME]/Desktop/Thailand---泰国/05_GoogleMaps曼谷酒店专用/04_平台详情/酒店售卖方案.csv,T3,否,7a2d1450fb108dd8e637b75607fbe941f7653ebe144a336d6eba3a3b3703169b
ChIJf1YJeC-Z4jARNNLn8M9QwMw,Trip.com,996362,251093428,rate_697d9e66a1fd7f15b4,14,,,,,,,246,,USD,,,,2026-09-20,2026-09-21,https://us.trip.com/hotels/detail/?Allianceid=15214&Sid=1209572&allianceid=15214&sid=1209572&hotelid=996362&city=359&locale=en_us&checkin=2026-09-20&checkout=2026-09-21&ouid=&shoppingid=MW3BcR9W4h31&roomquantity=&minprice=220.05&mproom=1119272145&fgt=1&starlist=&rate=&amenty=&breakfast=&bookPolicy=&adult=2&children=0&ages=&curr=USD&prid=LANG_US&trip_sub1=20_09_2026_1_mapresults_996362_US_desktop_default___0_0-LANG_US-landing&br=220.05&tf=33.10&display=exavg&crn=1&mincurr=USD&stand=H4sIAAAAAAAA_-Ny5GKSYBJi4mCUMue4-PPWVBYhRiOD-4wWW-UDOGYwdr2w2cHIdJFRvvV14I64dIeHjEE75FpfN2Y7vGC8t_bpZsYFLIxSPL7hxk7JQZbhJhnGhgqMGpeuPLnC5sEYxGZoYGzobBolw8UcGuwi-ERE9uTT-1IOUiCeIoyXxJqapxsanNEs1sXI5MG4ipGdi9nAyFCA6ROjALK58YZGZgBU0Y60rQAAAA,trip,2026-09-03T20:11:39-07:00,未知,未知,,,否,trip,,,"{""优惠标签"": """", ""入住人数"": """", ""其他权益"": """", ""原价"": """", ""取消政策"": """", ""币种"": ""USD"", ""库存提示"": """", ""当前价"": ""246"", ""支付方式"": """", ""早餐"": """", ""确认政策"": """", ""税费"": """"}",否,价格计价单位未确认；税费包含状态未确认；尚未通过T4人工复核,20260903-201155-csv-55855b7a,[LOCAL_HOME]/Desktop/Thailand---泰国/05_GoogleMaps曼谷酒店专用/04_平台详情/酒店售卖方案.csv,T3,否,7d41cea88aa8cf75415c1de96a5232cf665c58cb85ae3d929ee2cbd581aa2981
ChIJf1YJeC-Z4jARNNLn8M9QwMw,Trip.com,996362,251093407,rate_7f7b348e520b011565,14,,,,,,,246,,USD,,,,2026-09-20,2026-09-21,https://us.trip.com/hotels/detail/?Allianceid=15214&Sid=1209572&allianceid=15214&sid=1209572&hotelid=996362&city=359&locale=en_us&checkin=2026-09-20&checkout=2026-09-21&ouid=&shoppingid=MW3BcR9W4h31&roomquantity=&minprice=220.05&mproom=1119272145&fgt=1&starlist=&rate=&amenty=&breakfast=&bookPolicy=&adult=2&children=0&ages=&curr=USD&prid=LANG_US&trip_sub1=20_09_2026_1_mapresults_996362_US_desktop_default___0_0-LANG_US-landing&br=220.05&tf=33.10&display=exavg&crn=1&mincurr=USD&stand=H4sIAAAAAAAA_-Ny5GKSYBJi4mCUMue4-PPWVBYhRiOD-4wWW-UDOGYwdr2w2cHIdJFRvvV14I64dIeHjEE75FpfN2Y7vGC8t_bpZsYFLIxSPL7hxk7JQZbhJhnGhgqMGpeuPLnC5sEYxGZoYGzobBolw8UcGuwi-ERE9uTT-1IOUiCeIoyXxJqapxsanNEs1sXI5MG4ipGdi9nAyFCA6ROjALK58YZGZgBU0Y60rQAAAA,trip,2026-09-03T20:11:39-07:00,未知,未知,,,否,trip,,,"{""优惠标签"": """", ""入住人数"": """", ""其他权益"": """", ""原价"": """", ""取消政策"": """", ""币种"": ""USD"", ""库存提示"": """", ""当前价"": ""246"", ""支付方式"": """", ""早餐"": """", ""确认政策"": """", ""税费"": """"}",否,价格计价单位未确认；税费包含状态未确认；尚未通过T4人工复核,20260903-201155-csv-55855b7a,[LOCAL_HOME]/Desktop/Thailand---泰国/05_GoogleMaps曼谷酒店专用/04_平台详情/酒店售卖方案.csv,T3,否,8ae144e047dd9e9366f4b5ab8b9ef823ba0882efdc07cb5294aec3e5f62b59e7
ChIJf1YJeC-Z4jARNNLn8M9QwMw,Trip.com,996362,377050779,rate_63a4432ab5dd22c9eb,13,,,,,,,279,,USD,,,,2026-09-20,2026-09-21,https://us.trip.com/hotels/detail/?Allianceid=15214&Sid=1209572&allianceid=15214&sid=1209572&hotelid=996362&city=359&locale=en_us&checkin=2026-09-20&checkout=2026-09-21&ouid=&shoppingid=MW3BcR9W4h31&roomquantity=&minprice=220.05&mproom=1119272145&fgt=1&starlist=&rate=&amenty=&breakfast=&bookPolicy=&adult=2&children=0&ages=&curr=USD&prid=LANG_US&trip_sub1=20_09_2026_1_mapresults_996362_US_desktop_default___0_0-LANG_US-landing&br=220.05&tf=33.10&display=exavg&crn=1&mincurr=USD&stand=H4sIAAAAAAAA_-Ny5GKSYBJi4mCUMue4-PPWVBYhRiOD-4wWW-UDOGYwdr2w2cHIdJFRvvV14I64dIeHjEE75FpfN2Y7vGC8t_bpZsYFLIxSPL7hxk7JQZbhJhnGhgqMGpeuPLnC5sEYxGZoYGzobBolw8UcGuwi-ERE9uTT-1IOUiCeIoyXxJqapxsanNEs1sXI5MG4ipGdi9nAyFCA6ROjALK58YZGZgBU0Y60rQAAAA,trip,2026-09-03T20:11:39-07:00,未知,未知,,,否,trip,,,"{""优惠标签"": """", ""入住人数"": """", ""其他权益"": """", ""原价"": """", ""取消政策"": """", ""币种"": ""USD"", ""库存提示"": """", ""当前价"": ""279"", ""支付方式"": """", ""早餐"": """", ""确认政策"": """", ""税费"": """"}",否,价格计价单位未确认；税费包含状态未确认；尚未通过T4人工复核,20260903-201155-csv-55855b7a,[LOCAL_HOME]/Desktop/Thailand---泰国/05_GoogleMaps曼谷酒店专用/04_平台详情/酒店售卖方案.csv,T3,否,8d59089a97122b46a13b471c254c9899874b5e94d96a32ac0fd28e305687fd30
ChIJf1YJeC-Z4jARNNLn8M9QwMw,Trip.com,996362,251093407,rate_adf5a1dcd62139795b,8,,,,,,,254,,USD,,,,2026-09-20,2026-09-21,https://us.trip.com/hotels/detail/?Allianceid=15214&Sid=1209572&allianceid=15214&sid=1209572&hotelid=996362&city=359&locale=en_us&checkin=2026-09-20&checkout=2026-09-21&ouid=&shoppingid=MW3BcR9W4h31&roomquantity=&minprice=220.05&mproom=1119272145&fgt=1&starlist=&rate=&amenty=&breakfast=&bookPolicy=&adult=2&children=0&ages=&curr=USD&prid=LANG_US&trip_sub1=20_09_2026_1_mapresults_996362_US_desktop_default___0_0-LANG_US-landing&br=220.05&tf=33.10&display=exavg&crn=1&mincurr=USD&stand=H4sIAAAAAAAA_-Ny5GKSYBJi4mCUMue4-PPWVBYhRiOD-4wWW-UDOGYwdr2w2cHIdJFRvvV14I64dIeHjEE75FpfN2Y7vGC8t_bpZsYFLIxSPL7hxk7JQZbhJhnGhgqMGpeuPLnC5sEYxGZoYGzobBolw8UcGuwi-ERE9uTT-1IOUiCeIoyXxJqapxsanNEs1sXI5MG4ipGdi9nAyFCA6ROjALK58YZGZgBU0Y60rQAAAA,trip,2026-09-03T20:11:39-07:00,未知,未知,,,否,trip,,,"{""优惠标签"": """", ""入住人数"": """", ""其他权益"": """", ""原价"": """", ""取消政策"": """", ""币种"": ""USD"", ""库存提示"": """", ""当前价"": ""254"", ""支付方式"": """", ""早餐"": """", ""确认政策"": """", ""税费"": """"}",否,价格计价单位未确认；税费包含状态未确认；尚未通过T4人工复核,20260903-201155-csv-55855b7a,[LOCAL_HOME]/Desktop/Thailand---泰国/05_GoogleMaps曼谷酒店专用/04_平台详情/酒店售卖方案.csv,T3,否,91050784b0f248ed3b64ff4e1bb321b40b7c658c1cd8bcf1188df86cf0db0abe
ChIJf1YJeC-Z4jARNNLn8M9QwMw,Trip.com,996362,251093428,rate_6d8672288c77416209,13,,,,,,,276,,USD,,,,2026-09-20,2026-09-21,https://us.trip.com/hotels/detail/?Allianceid=15214&Sid=1209572&allianceid=15214&sid=1209572&hotelid=996362&city=359&locale=en_us&checkin=2026-09-20&checkout=2026-09-21&ouid=&shoppingid=MW3BcR9W4h31&roomquantity=&minprice=220.05&mproom=1119272145&fgt=1&starlist=&rate=&amenty=&breakfast=&bookPolicy=&adult=2&children=0&ages=&curr=USD&prid=LANG_US&trip_sub1=20_09_2026_1_mapresults_996362_US_desktop_default___0_0-LANG_US-landing&br=220.05&tf=33.10&display=exavg&crn=1&mincurr=USD&stand=H4sIAAAAAAAA_-Ny5GKSYBJi4mCUMue4-PPWVBYhRiOD-4wWW-UDOGYwdr2w2cHIdJFRvvV14I64dIeHjEE75FpfN2Y7vGC8t_bpZsYFLIxSPL7hxk7JQZbhJhnGhgqMGpeuPLnC5sEYxGZoYGzobBolw8UcGuwi-ERE9uTT-1IOUiCeIoyXxJqapxsanNEs1sXI5MG4ipGdi9nAyFCA6ROjALK58YZGZgBU0Y60rQAAAA,trip,2026-09-03T20:11:39-07:00,未知,未知,,,否,trip,,,"{""优惠标签"": """", ""入住人数"": """", ""其他权益"": """", ""原价"": """", ""取消政策"": """", ""币种"": ""USD"", ""库存提示"": """", ""当前价"": ""276"", ""支付方式"": """", ""早餐"": """", ""确认政策"": """", ""税费"": """"}",否,价格计价单位未确认；税费包含状态未确认；尚未通过T4人工复核,20260903-201155-csv-55855b7a,[LOCAL_HOME]/Desktop/Thailand---泰国/05_GoogleMaps曼谷酒店专用/04_平台详情/酒店售卖方案.csv,T3,否,a20ed0575029bda2e2dadc6cd26d69151d828635ef46b95f94f01231cac4ab60
ChIJf1YJeC-Z4jARNNLn8M9QwMw,Trip.com,996362,377050779,rate_8e988d0993964694f1,8,,,,,,,254,,USD,,,,2026-09-20,2026-09-21,https://us.trip.com/hotels/detail/?Allianceid=15214&Sid=1209572&allianceid=15214&sid=1209572&hotelid=996362&city=359&locale=en_us&checkin=2026-09-20&checkout=2026-09-21&ouid=&shoppingid=MW3BcR9W4h31&roomquantity=&minprice=220.05&mproom=1119272145&fgt=1&starlist=&rate=&amenty=&breakfast=&bookPolicy=&adult=2&children=0&ages=&curr=USD&prid=LANG_US&trip_sub1=20_09_2026_1_mapresults_996362_US_desktop_default___0_0-LANG_US-landing&br=220.05&tf=33.10&display=exavg&crn=1&mincurr=USD&stand=H4sIAAAAAAAA_-Ny5GKSYBJi4mCUMue4-PPWVBYhRiOD-4wWW-UDOGYwdr2w2cHIdJFRvvV14I64dIeHjEE75FpfN2Y7vGC8t_bpZsYFLIxSPL7hxk7JQZbhJhnGhgqMGpeuPLnC5sEYxGZoYGzobBolw8UcGuwi-ERE9uTT-1IOUiCeIoyXxJqapxsanNEs1sXI5MG4ipGdi9nAyFCA6ROjALK58YZGZgBU0Y60rQAAAA,trip,2026-09-03T20:11:39-07:00,未知,未知,,,否,trip,,,"{""优惠标签"": """", ""入住人数"": """", ""其他权益"": """", ""原价"": """", ""取消政策"": """", ""币种"": ""USD"", ""库存提示"": """", ""当前价"": ""254"", ""支付方式"": """", ""早餐"": """", ""确认政策"": """", ""税费"": """"}",否,价格计价单位未确认；税费包含状态未确认；尚未通过T4人工复核,20260903-201155-csv-55855b7a,[LOCAL_HOME]/Desktop/Thailand---泰国/05_GoogleMaps曼谷酒店专用/04_平台详情/酒店售卖方案.csv,T3,否,c52a64626958ed582fa8357bbb8803b854de72fd8a62037de3e3400733a23bac
ChIJf1YJeC-Z4jARNNLn8M9QwMw,Trip.com,996362,251093407,rate_72373c32ed21449f2c,5,,,,,,254,238,,USD,,,,2026-09-20,2026-09-21,https://us.trip.com/hotels/detail/?Allianceid=15214&Sid=1209572&allianceid=15214&sid=1209572&hotelid=996362&city=359&locale=en_us&checkin=2026-09-20&checkout=2026-09-21&ouid=&shoppingid=MW3BcR9W4h31&roomquantity=&minprice=220.05&mproom=1119272145&fgt=1&starlist=&rate=&amenty=&breakfast=&bookPolicy=&adult=2&children=0&ages=&curr=USD&prid=LANG_US&trip_sub1=20_09_2026_1_mapresults_996362_US_desktop_default___0_0-LANG_US-landing&br=220.05&tf=33.10&display=exavg&crn=1&mincurr=USD&stand=H4sIAAAAAAAA_-Ny5GKSYBJi4mCUMue4-PPWVBYhRiOD-4wWW-UDOGYwdr2w2cHIdJFRvvV14I64dIeHjEE75FpfN2Y7vGC8t_bpZsYFLIxSPL7hxk7JQZbhJhnGhgqMGpeuPLnC5sEYxGZoYGzobBolw8UcGuwi-ERE9uTT-1IOUiCeIoyXxJqapxsanNEs1sXI5MG4ipGdi9nAyFCA6ROjALK58YZGZgBU0Y60rQAAAA,trip,2026-09-03T20:11:39-07:00,未知,未知,,,否,trip,,,"{""优惠标签"": """", ""入住人数"": """", ""其他权益"": """", ""原价"": ""254"", ""取消政策"": """", ""币种"": ""USD"", ""库存提示"": """", ""当前价"": ""238"", ""支付方式"": """", ""早餐"": """", ""确认政策"": """", ""税费"": """"}",否,价格计价单位未确认；税费包含状态未确认；尚未通过T4人工复核,20260903-201155-csv-55855b7a,[LOCAL_HOME]/Desktop/Thailand---泰国/05_GoogleMaps曼谷酒店专用/04_平台详情/酒店售卖方案.csv,T3,否,cf8587c120194c209d7eaef65a8634607bef2e960deb89a1b79fd6e52188d676
ChIJf1YJeC-Z4jARNNLn8M9QwMw,Trip.com,996362,482412841,rate_fa63eab7abad0a26b9,14,,,,,,,246,,USD,,,,2026-09-20,2026-09-21,https://us.trip.com/hotels/detail/?Allianceid=15214&Sid=1209572&allianceid=15214&sid=1209572&hotelid=996362&city=359&locale=en_us&checkin=2026-09-20&checkout=2026-09-21&ouid=&shoppingid=MW3BcR9W4h31&roomquantity=&minprice=220.05&mproom=1119272145&fgt=1&starlist=&rate=&amenty=&breakfast=&bookPolicy=&adult=2&children=0&ages=&curr=USD&prid=LANG_US&trip_sub1=20_09_2026_1_mapresults_996362_US_desktop_default___0_0-LANG_US-landing&br=220.05&tf=33.10&display=exavg&crn=1&mincurr=USD&stand=H4sIAAAAAAAA_-Ny5GKSYBJi4mCUMue4-PPWVBYhRiOD-4wWW-UDOGYwdr2w2cHIdJFRvvV14I64dIeHjEE75FpfN2Y7vGC8t_bpZsYFLIxSPL7hxk7JQZbhJhnGhgqMGpeuPLnC5sEYxGZoYGzobBolw8UcGuwi-ERE9uTT-1IOUiCeIoyXxJqapxsanNEs1sXI5MG4ipGdi9nAyFCA6ROjALK58YZGZgBU0Y60rQAAAA,trip,2026-09-03T20:11:39-07:00,未知,未知,,,否,trip,,,"{""优惠标签"": """", ""入住人数"": """", ""其他权益"": """", ""原价"": """", ""取消政策"": """", ""币种"": ""USD"", ""库存提示"": """", ""当前价"": ""246"", ""支付方式"": """", ""早餐"": """", ""确认政策"": """", ""税费"": """"}",否,价格计价单位未确认；税费包含状态未确认；尚未通过T4人工复核,20260903-201155-csv-55855b7a,[LOCAL_HOME]/Desktop/Thailand---泰国/05_GoogleMaps曼谷酒店专用/04_平台详情/酒店售卖方案.csv,T3,否,d15f182c4a16b9fef6d7cac21abce8cb7e8e7a670390e53d1e469412c5cfc5a3
ChIJf1YJeC-Z4jARNNLn8M9QwMw,Trip.com,996362,377050846,rate_43690435f2f93d4023,1,,Non-refundable,Instant confirmation,Prepay,,189,30.06,,USD,,,,2026-09-20,2026-09-21,https://us.trip.com/hotels/detail/?Allianceid=15214&Sid=1209572&allianceid=15214&sid=1209572&hotelid=996362&city=359&locale=en_us&checkin=2026-09-20&checkout=2026-09-21&ouid=&shoppingid=MW3BcR9W4h31&roomquantity=&minprice=220.05&mproom=1119272145&fgt=1&starlist=&rate=&amenty=&breakfast=&bookPolicy=&adult=2&children=0&ages=&curr=USD&prid=LANG_US&trip_sub1=20_09_2026_1_mapresults_996362_US_desktop_default___0_0-LANG_US-landing&br=220.05&tf=33.10&display=exavg&crn=1&mincurr=USD&stand=H4sIAAAAAAAA_-Ny5GKSYBJi4mCUMue4-PPWVBYhRiOD-4wWW-UDOGYwdr2w2cHIdJFRvvV14I64dIeHjEE75FpfN2Y7vGC8t_bpZsYFLIxSPL7hxk7JQZbhJhnGhgqMGpeuPLnC5sEYxGZoYGzobBolw8UcGuwi-ERE9uTT-1IOUiCeIoyXxJqapxsanNEs1sXI5MG4ipGdi9nAyFCA6ROjALK58YZGZgBU0Y60rQAAAA,trip,2026-09-03T20:11:39-07:00,未知,未知,,,否,trip,,,"{""优惠标签"": """", ""入住人数"": """", ""其他权益"": """", ""原价"": ""189"", ""取消政策"": ""Non-refundable"", ""币种"": ""USD"", ""库存提示"": """", ""当前价"": ""30.06"", ""支付方式"": ""Prepay"", ""早餐"": """", ""确认政策"": ""Instant confirmation"", ""税费"": """"}",否,价格计价单位未确认；税费包含状态未确认；尚未通过T4人工复核,20260903-201155-csv-55855b7a,[LOCAL_HOME]/Desktop/Thailand---泰国/05_GoogleMaps曼谷酒店专用/04_平台详情/酒店售卖方案.csv,T3,否,dfc9a16c4841201a10d7d06ff8bbb97729dd9ac3823e0d742a25ee6edf4f4dc1
ChIJf1YJeC-Z4jARNNLn8M9QwMw,Trip.com,996362,251093407,rate_a07ba4cb37069817b2,1,,Non-refundable,Instant confirmation,Prepay,,238,30.06,,USD,,,,2026-09-20,2026-09-21,https://us.trip.com/hotels/detail/?Allianceid=15214&Sid=1209572&allianceid=15214&sid=1209572&hotelid=996362&city=359&locale=en_us&checkin=2026-09-20&checkout=2026-09-21&ouid=&shoppingid=MW3BcR9W4h31&roomquantity=&minprice=220.05&mproom=1119272145&fgt=1&starlist=&rate=&amenty=&breakfast=&bookPolicy=&adult=2&children=0&ages=&curr=USD&prid=LANG_US&trip_sub1=20_09_2026_1_mapresults_996362_US_desktop_default___0_0-LANG_US-landing&br=220.05&tf=33.10&display=exavg&crn=1&mincurr=USD&stand=H4sIAAAAAAAA_-Ny5GKSYBJi4mCUMue4-PPWVBYhRiOD-4wWW-UDOGYwdr2w2cHIdJFRvvV14I64dIeHjEE75FpfN2Y7vGC8t_bpZsYFLIxSPL7hxk7JQZbhJhnGhgqMGpeuPLnC5sEYxGZoYGzobBolw8UcGuwi-ERE9uTT-1IOUiCeIoyXxJqapxsanNEs1sXI5MG4ipGdi9nAyFCA6ROjALK58YZGZgBU0Y60rQAAAA,trip,2026-09-03T20:11:39-07:00,未知,未知,,,否,trip,,,"{""优惠标签"": """", ""入住人数"": """", ""其他权益"": """", ""原价"": ""238"", ""取消政策"": ""Non-refundable"", ""币种"": ""USD"", ""库存提示"": """", ""当前价"": ""30.06"", ""支付方式"": ""Prepay"", ""早餐"": """", ""确认政策"": ""Instant confirmation"", ""税费"": """"}",否,价格计价单位未确认；税费包含状态未确认；尚未通过T4人工复核,20260903-201155-csv-55855b7a,[LOCAL_HOME]/Desktop/Thailand---泰国/05_GoogleMaps曼谷酒店专用/04_平台详情/酒店售卖方案.csv,T3,否,e4399f16a1aa8e3c6f3859c2310ee5212774bbce446ca39fcfd834988a1bfa6a
ChIJf1YJeC-Z4jARNNLn8M9QwMw,Trip.com,996362,549073828,rate_aa40c9d6fe36af5a08,1,,Non-refundable,Instant confirmation,Prepay,,238,30.06,,USD,,,,2026-09-20,2026-09-21,https://us.trip.com/hotels/detail/?Allianceid=15214&Sid=1209572&allianceid=15214&sid=1209572&hotelid=996362&city=359&locale=en_us&checkin=2026-09-20&checkout=2026-09-21&ouid=&shoppingid=MW3BcR9W4h31&roomquantity=&minprice=220.05&mproom=1119272145&fgt=1&starlist=&rate=&amenty=&breakfast=&bookPolicy=&adult=2&children=0&ages=&curr=USD&prid=LANG_US&trip_sub1=20_09_2026_1_mapresults_996362_US_desktop_default___0_0-LANG_US-landing&br=220.05&tf=33.10&display=exavg&crn=1&mincurr=USD&stand=H4sIAAAAAAAA_-Ny5GKSYBJi4mCUMue4-PPWVBYhRiOD-4wWW-UDOGYwdr2w2cHIdJFRvvV14I64dIeHjEE75FpfN2Y7vGC8t_bpZsYFLIxSPL7hxk7JQZbhJhnGhgqMGpeuPLnC5sEYxGZoYGzobBolw8UcGuwi-ERE9uTT-1IOUiCeIoyXxJqapxsanNEs1sXI5MG4ipGdi9nAyFCA6ROjALK58YZGZgBU0Y60rQAAAA,trip,2026-09-03T20:11:39-07:00,未知,未知,,,否,trip,,,"{""优惠标签"": """", ""入住人数"": """", ""其他权益"": """", ""原价"": ""238"", ""取消政策"": ""Non-refundable"", ""币种"": ""USD"", ""库存提示"": """", ""当前价"": ""30.06"", ""支付方式"": ""Prepay"", ""早餐"": """", ""确认政策"": ""Instant confirmation"", ""税费"": """"}",否,价格计价单位未确认；税费包含状态未确认；尚未通过T4人工复核,20260903-201155-csv-55855b7a,[LOCAL_HOME]/Desktop/Thailand---泰国/05_GoogleMaps曼谷酒店专用/04_平台详情/酒店售卖方案.csv,T3,否,f34f64b32d51cd184c6a4ae477797605a826e38f16af35b3065f05a00dbbbcc6
ChIJf1YJeC-Z4jARNNLn8M9QwMw,Trip.com,996362,482412841,rate_6e36547e10cdcc39bb,9,,Non-refundable,Instant confirmation,Prepay,,279,260,,USD,,,,2026-09-20,2026-09-21,https://us.trip.com/hotels/detail/?Allianceid=15214&Sid=1209572&allianceid=15214&sid=1209572&hotelid=996362&city=359&locale=en_us&checkin=2026-09-20&checkout=2026-09-21&ouid=&shoppingid=MW3BcR9W4h31&roomquantity=&minprice=220.05&mproom=1119272145&fgt=1&starlist=&rate=&amenty=&breakfast=&bookPolicy=&adult=2&children=0&ages=&curr=USD&prid=LANG_US&trip_sub1=20_09_2026_1_mapresults_996362_US_desktop_default___0_0-LANG_US-landing&br=220.05&tf=33.10&display=exavg&crn=1&mincurr=USD&stand=H4sIAAAAAAAA_-Ny5GKSYBJi4mCUMue4-PPWVBYhRiOD-4wWW-UDOGYwdr2w2cHIdJFRvvV14I64dIeHjEE75FpfN2Y7vGC8t_bpZsYFLIxSPL7hxk7JQZbhJhnGhgqMGpeuPLnC5sEYxGZoYGzobBolw8UcGuwi-ERE9uTT-1IOUiCeIoyXxJqapxsanNEs1sXI5MG4ipGdi9nAyFCA6ROjALK58YZGZgBU0Y60rQAAAA,trip,2026-09-03T20:11:39-07:00,未知,未知,,,否,trip,,,"{""优惠标签"": """", ""入住人数"": """", ""其他权益"": """", ""原价"": ""279"", ""取消政策"": ""Non-refundable"", ""币种"": ""USD"", ""库存提示"": """", ""当前价"": ""260"", ""支付方式"": ""Prepay"", ""早餐"": """", ""确认政策"": ""Instant confirmation"", ""税费"": """"}",否,价格计价单位未确认；税费包含状态未确认；尚未通过T4人工复核,20260903-201155-csv-55855b7a,[LOCAL_HOME]/Desktop/Thailand---泰国/05_GoogleMaps曼谷酒店专用/04_平台详情/酒店售卖方案.csv,T3,否,f7713a87c0016df0989416ad4f0ef768ab4d63847b40628b646552f715d22364
ChIJf1YJeC-Z4jARNNLn8M9QwMw,Trip.com,996362,377050846,rate_7db382e7689c7a8d6b,6,,,,,,222,189,,USD,,,,2026-09-20,2026-09-21,https://us.trip.com/hotels/detail/?Allianceid=15214&Sid=1209572&allianceid=15214&sid=1209572&hotelid=996362&city=359&locale=en_us&checkin=2026-09-20&checkout=2026-09-21&ouid=&shoppingid=MW3BcR9W4h31&roomquantity=&minprice=220.05&mproom=1119272145&fgt=1&starlist=&rate=&amenty=&breakfast=&bookPolicy=&adult=2&children=0&ages=&curr=USD&prid=LANG_US&trip_sub1=20_09_2026_1_mapresults_996362_US_desktop_default___0_0-LANG_US-landing&br=220.05&tf=33.10&display=exavg&crn=1&mincurr=USD&stand=H4sIAAAAAAAA_-Ny5GKSYBJi4mCUMue4-PPWVBYhRiOD-4wWW-UDOGYwdr2w2cHIdJFRvvV14I64dIeHjEE75FpfN2Y7vGC8t_bpZsYFLIxSPL7hxk7JQZbhJhnGhgqMGpeuPLnC5sEYxGZoYGzobBolw8UcGuwi-ERE9uTT-1IOUiCeIoyXxJqapxsanNEs1sXI5MG4ipGdi9nAyFCA6ROjALK58YZGZgBU0Y60rQAAAA,trip,2026-09-03T20:11:39-07:00,未知,未知,,,否,trip,,,"{""优惠标签"": """", ""入住人数"": """", ""其他权益"": """", ""原价"": ""222"", ""取消政策"": """", ""币种"": ""USD"", ""库存提示"": """", ""当前价"": ""189"", ""支付方式"": """", ""早餐"": """", ""确认政策"": """", ""税费"": """"}",否,价格计价单位未确认；税费包含状态未确认；尚未通过T4人工复核,20260903-201155-csv-55855b7a,[LOCAL_HOME]/Desktop/Thailand---泰国/05_GoogleMaps曼谷酒店专用/04_平台详情/酒店售卖方案.csv,T3,否,fc923b652053080009bb624877b9faa054a6c98e2b8f10bcffa6eed5ad8737c4
ChIJf1YJeC-Z4jARNNLn8M9QwMw,Trip.com,996362,251093428,rate_99c7e92bfdf75fcf3d,8,,,,,,,254,,USD,,,,2026-09-20,2026-09-21,https://us.trip.com/hotels/detail/?Allianceid=15214&Sid=1209572&allianceid=15214&sid=1209572&hotelid=996362&city=359&locale=en_us&checkin=2026-09-20&checkout=2026-09-21&ouid=&shoppingid=MW3BcR9W4h31&roomquantity=&minprice=220.05&mproom=1119272145&fgt=1&starlist=&rate=&amenty=&breakfast=&bookPolicy=&adult=2&children=0&ages=&curr=USD&prid=LANG_US&trip_sub1=20_09_2026_1_mapresults_996362_US_desktop_default___0_0-LANG_US-landing&br=220.05&tf=33.10&display=exavg&crn=1&mincurr=USD&stand=H4sIAAAAAAAA_-Ny5GKSYBJi4mCUMue4-PPWVBYhRiOD-4wWW-UDOGYwdr2w2cHIdJFRvvV14I64dIeHjEE75FpfN2Y7vGC8t_bpZsYFLIxSPL7hxk7JQZbhJhnGhgqMGpeuPLnC5sEYxGZoYGzobBolw8UcGuwi-ERE9uTT-1IOUiCeIoyXxJqapxsanNEs1sXI5MG4ipGdi9nAyFCA6ROjALK58YZGZgBU0Y60rQAAAA,trip,2026-09-03T20:11:39-07:00,未知,未知,,,否,trip,,,"{""优惠标签"": """", ""入住人数"": """", ""其他权益"": """", ""原价"": """", ""取消政策"": """", ""币种"": ""USD"", ""库存提示"": """", ""当前价"": ""254"", ""支付方式"": """", ""早餐"": """", ""确认政策"": """", ""税费"": """"}",否,价格计价单位未确认；税费包含状态未确认；尚未通过T4人工复核,20260903-201155-csv-55855b7a,[LOCAL_HOME]/Desktop/Thailand---泰国/05_GoogleMaps曼谷酒店专用/04_平台详情/酒店售卖方案.csv,T3,否,ff14f4c995f79fba4891884c227739f53a73733ce4150f9876b17cdb56848bfd
ChIJf1YJeC-Z4jARNNLn8M9QwMw,Trip.com,996362,251093407,rate_da2e2d1b278c8dacc8,1,,Non-refundable,Instant confirmation,Prepay,,,239,,USD,,,,2026-09-20,2026-09-21,https://us.trip.com/hotels/detail/?Allianceid=15214&Sid=1209572&allianceid=15214&sid=1209572&hotelid=996362&city=359&locale=en_us&checkin=2026-09-20&checkout=2026-09-21&ouid=&shoppingid=MW3BcR9W4h31&roomquantity=&minprice=220.05&mproom=1119272145&fgt=1&starlist=&rate=&amenty=&breakfast=&bookPolicy=&adult=2&children=0&ages=&curr=USD&prid=LANG_US&trip_sub1=20_09_2026_1_mapresults_996362_US_desktop_default___0_0-LANG_US-landing&br=220.05&tf=33.10&display=exavg&crn=1&mincurr=USD&stand=H4sIAAAAAAAA_-Ny5GKSYBJi4mCUMue4-PPWVBYhRiOD-4wWW-UDOGYwdr2w2cHIdJFRvvV14I64dIeHjEE75FpfN2Y7vGC8t_bpZsYFLIxSPL7hxk7JQZbhJhnGhgqMGpeuPLnC5sEYxGZoYGzobBolw8UcGuwi-ERE9uTT-1IOUiCeIoyXxJqapxsanNEs1sXI5MG4ipGdi9nAyFCA6ROjALK58YZGZgBU0Y60rQAAAA,trip,2026-09-03T20:23:50-07:00,未知,未知,,,否,trip,Bank of Thailand,2026-09-03,"{""优惠标签"": """", ""入住人数"": """", ""其他权益"": """", ""原价"": """", ""取消政策"": ""Non-refundable"", ""币种"": ""USD"", ""库存提示"": """", ""当前价"": ""239"", ""支付方式"": ""Prepay"", ""早餐"": """", ""确认政策"": ""Instant confirmation"", ""税费"": """"}",否,价格计价单位未确认；税费包含状态未确认；尚未通过T4人工复核,20260907-003922-csv-f52bd5d0,[LOCAL_HOME]/Desktop/Thailand---泰国/05_GoogleMaps曼谷酒店专用/04_平台详情/酒店售卖方案.csv,T3,否,36d7ff2b15a927064735c69dc544e0e675e944a2be16fca497149d85be6b407d
ChIJf1YJeC-Z4jARNNLn8M9QwMw,Trip.com,996362,251093428,rate_c2bf9165d082c19837,1,,Non-refundable,Instant confirmation,Prepay,,,239,,USD,,,,2026-09-20,2026-09-21,https://us.trip.com/hotels/detail/?Allianceid=15214&Sid=1209572&allianceid=15214&sid=1209572&hotelid=996362&city=359&locale=en_us&checkin=2026-09-20&checkout=2026-09-21&ouid=&shoppingid=MW3BcR9W4h31&roomquantity=&minprice=220.05&mproom=1119272145&fgt=1&starlist=&rate=&amenty=&breakfast=&bookPolicy=&adult=2&children=0&ages=&curr=USD&prid=LANG_US&trip_sub1=20_09_2026_1_mapresults_996362_US_desktop_default___0_0-LANG_US-landing&br=220.05&tf=33.10&display=exavg&crn=1&mincurr=USD&stand=H4sIAAAAAAAA_-Ny5GKSYBJi4mCUMue4-PPWVBYhRiOD-4wWW-UDOGYwdr2w2cHIdJFRvvV14I64dIeHjEE75FpfN2Y7vGC8t_bpZsYFLIxSPL7hxk7JQZbhJhnGhgqMGpeuPLnC5sEYxGZoYGzobBolw8UcGuwi-ERE9uTT-1IOUiCeIoyXxJqapxsanNEs1sXI5MG4ipGdi9nAyFCA6ROjALK58YZGZgBU0Y60rQAAAA,trip,2026-09-03T20:23:50-07:00,未知,未知,,,否,trip,Bank of Thailand,2026-09-03,"{""优惠标签"": """", ""入住人数"": """", ""其他权益"": """", ""原价"": """", ""取消政策"": ""Non-refundable"", ""币种"": ""USD"", ""库存提示"": """", ""当前价"": ""239"", ""支付方式"": ""Prepay"", ""早餐"": """", ""确认政策"": ""Instant confirmation"", ""税费"": """"}",否,价格计价单位未确认；税费包含状态未确认；尚未通过T4人工复核,20260907-003922-csv-f52bd5d0,[LOCAL_HOME]/Desktop/Thailand---泰国/05_GoogleMaps曼谷酒店专用/04_平台详情/酒店售卖方案.csv,T3,否,3952d51de2908e25f46e4ad4183f8ae0cba5b2684acdbe48d4f045c43b7c8141
ChIJf1YJeC-Z4jARNNLn8M9QwMw,Trip.com,996362,549073828,rate_1684c21986b0d46e1c,2,,Non-refundable,Instant confirmation,Prepay,,,261,,USD,,,,2026-09-20,2026-09-21,https://us.trip.com/hotels/detail/?Allianceid=15214&Sid=1209572&allianceid=15214&sid=1209572&hotelid=996362&city=359&locale=en_us&checkin=2026-09-20&checkout=2026-09-21&ouid=&shoppingid=MW3BcR9W4h31&roomquantity=&minprice=220.05&mproom=1119272145&fgt=1&starlist=&rate=&amenty=&breakfast=&bookPolicy=&adult=2&children=0&ages=&curr=USD&prid=LANG_US&trip_sub1=20_09_2026_1_mapresults_996362_US_desktop_default___0_0-LANG_US-landing&br=220.05&tf=33.10&display=exavg&crn=1&mincurr=USD&stand=H4sIAAAAAAAA_-Ny5GKSYBJi4mCUMue4-PPWVBYhRiOD-4wWW-UDOGYwdr2w2cHIdJFRvvV14I64dIeHjEE75FpfN2Y7vGC8t_bpZsYFLIxSPL7hxk7JQZbhJhnGhgqMGpeuPLnC5sEYxGZoYGzobBolw8UcGuwi-ERE9uTT-1IOUiCeIoyXxJqapxsanNEs1sXI5MG4ipGdi9nAyFCA6ROjALK58YZGZgBU0Y60rQAAAA,trip,2026-09-03T20:23:50-07:00,未知,未知,,,否,trip,Bank of Thailand,2026-09-03,"{""优惠标签"": """", ""入住人数"": """", ""其他权益"": """", ""原价"": """", ""取消政策"": ""Non-refundable"", ""币种"": ""USD"", ""库存提示"": """", ""当前价"": ""261"", ""支付方式"": ""Prepay"", ""早餐"": """", ""确认政策"": ""Instant confirmation"", ""税费"": """"}",否,价格计价单位未确认；税费包含状态未确认；尚未通过T4人工复核,20260907-003922-csv-f52bd5d0,[LOCAL_HOME]/Desktop/Thailand---泰国/05_GoogleMaps曼谷酒店专用/04_平台详情/酒店售卖方案.csv,T3,否,4473af46a471aab946e1065a893db4cc6f08fce2f1b5d897546c1824a635ecce
ChIJf1YJeC-Z4jARNNLn8M9QwMw,Trip.com,996362,549073828,rate_3e16bb2fbb8591b3b3,1,,Non-refundable,Instant confirmation,Prepay,,,238,,USD,,,,2026-09-20,2026-09-21,https://us.trip.com/hotels/detail/?Allianceid=15214&Sid=1209572&allianceid=15214&sid=1209572&hotelid=996362&city=359&locale=en_us&checkin=2026-09-20&checkout=2026-09-21&ouid=&shoppingid=MW3BcR9W4h31&roomquantity=&minprice=220.05&mproom=1119272145&fgt=1&starlist=&rate=&amenty=&breakfast=&bookPolicy=&adult=2&children=0&ages=&curr=USD&prid=LANG_US&trip_sub1=20_09_2026_1_mapresults_996362_US_desktop_default___0_0-LANG_US-landing&br=220.05&tf=33.10&display=exavg&crn=1&mincurr=USD&stand=H4sIAAAAAAAA_-Ny5GKSYBJi4mCUMue4-PPWVBYhRiOD-4wWW-UDOGYwdr2w2cHIdJFRvvV14I64dIeHjEE75FpfN2Y7vGC8t_bpZsYFLIxSPL7hxk7JQZbhJhnGhgqMGpeuPLnC5sEYxGZoYGzobBolw8UcGuwi-ERE9uTT-1IOUiCeIoyXxJqapxsanNEs1sXI5MG4ipGdi9nAyFCA6ROjALK58YZGZgBU0Y60rQAAAA,trip,2026-09-03T20:23:50-07:00,未知,未知,,,否,trip,Bank of Thailand,2026-09-03,"{""优惠标签"": """", ""入住人数"": """", ""其他权益"": """", ""原价"": """", ""取消政策"": ""Non-refundable"", ""币种"": ""USD"", ""库存提示"": """", ""当前价"": ""238"", ""支付方式"": ""Prepay"", ""早餐"": """", ""确认政策"": ""Instant confirmation"", ""税费"": """"}",否,价格计价单位未确认；税费包含状态未确认；尚未通过T4人工复核,20260907-003922-csv-f52bd5d0,[LOCAL_HOME]/Desktop/Thailand---泰国/05_GoogleMaps曼谷酒店专用/04_平台详情/酒店售卖方案.csv,T3,否,559cf2127fcdba80c11b375ddeb7f38e54e783a8f0ca6fa7bdb62b9d21f16fa2
ChIJf1YJeC-Z4jARNNLn8M9QwMw,Trip.com,996362,377050846,rate_e6b348d7bf48acc131,2,,Non-refundable,Instant confirmation,Prepay,,,219,,USD,,,,2026-09-20,2026-09-21,https://us.trip.com/hotels/detail/?Allianceid=15214&Sid=1209572&allianceid=15214&sid=1209572&hotelid=996362&city=359&locale=en_us&checkin=2026-09-20&checkout=2026-09-21&ouid=&shoppingid=MW3BcR9W4h31&roomquantity=&minprice=220.05&mproom=1119272145&fgt=1&starlist=&rate=&amenty=&breakfast=&bookPolicy=&adult=2&children=0&ages=&curr=USD&prid=LANG_US&trip_sub1=20_09_2026_1_mapresults_996362_US_desktop_default___0_0-LANG_US-landing&br=220.05&tf=33.10&display=exavg&crn=1&mincurr=USD&stand=H4sIAAAAAAAA_-Ny5GKSYBJi4mCUMue4-PPWVBYhRiOD-4wWW-UDOGYwdr2w2cHIdJFRvvV14I64dIeHjEE75FpfN2Y7vGC8t_bpZsYFLIxSPL7hxk7JQZbhJhnGhgqMGpeuPLnC5sEYxGZoYGzobBolw8UcGuwi-ERE9uTT-1IOUiCeIoyXxJqapxsanNEs1sXI5MG4ipGdi9nAyFCA6ROjALK58YZGZgBU0Y60rQAAAA,trip,2026-09-03T20:23:50-07:00,未知,未知,,,否,trip,Bank of Thailand,2026-09-03,"{""优惠标签"": """", ""入住人数"": """", ""其他权益"": """", ""原价"": """", ""取消政策"": ""Non-refundable"", ""币种"": ""USD"", ""库存提示"": """", ""当前价"": ""219"", ""支付方式"": ""Prepay"", ""早餐"": """", ""确认政策"": ""Instant confirmation"", ""税费"": """"}",否,价格计价单位未确认；税费包含状态未确认；尚未通过T4人工复核,20260907-003922-csv-f52bd5d0,[LOCAL_HOME]/Desktop/Thailand---泰国/05_GoogleMaps曼谷酒店专用/04_平台详情/酒店售卖方案.csv,T3,否,563e1df3e6a46417d041b31a6d19e0b10dc754ef2169658e2617a6ef3a0d6b9a
ChIJf1YJeC-Z4jARNNLn8M9QwMw,Trip.com,996362,482412841,rate_dd35809c0fed0e3ac5,1,,Non-refundable,Instant confirmation,Prepay,,,209,,USD,,,,2026-09-20,2026-09-21,https://us.trip.com/hotels/detail/?Allianceid=15214&Sid=1209572&allianceid=15214&sid=1209572&hotelid=996362&city=359&locale=en_us&checkin=2026-09-20&checkout=2026-09-21&ouid=&shoppingid=MW3BcR9W4h31&roomquantity=&minprice=220.05&mproom=1119272145&fgt=1&starlist=&rate=&amenty=&breakfast=&bookPolicy=&adult=2&children=0&ages=&curr=USD&prid=LANG_US&trip_sub1=20_09_2026_1_mapresults_996362_US_desktop_default___0_0-LANG_US-landing&br=220.05&tf=33.10&display=exavg&crn=1&mincurr=USD&stand=H4sIAAAAAAAA_-Ny5GKSYBJi4mCUMue4-PPWVBYhRiOD-4wWW-UDOGYwdr2w2cHIdJFRvvV14I64dIeHjEE75FpfN2Y7vGC8t_bpZsYFLIxSPL7hxk7JQZbhJhnGhgqMGpeuPLnC5sEYxGZoYGzobBolw8UcGuwi-ERE9uTT-1IOUiCeIoyXxJqapxsanNEs1sXI5MG4ipGdi9nAyFCA6ROjALK58YZGZgBU0Y60rQAAAA,trip,2026-09-03T20:23:50-07:00,未知,未知,,,否,trip,Bank of Thailand,2026-09-03,"{""优惠标签"": """", ""入住人数"": """", ""其他权益"": """", ""原价"": """", ""取消政策"": ""Non-refundable"", ""币种"": ""USD"", ""库存提示"": """", ""当前价"": ""209"", ""支付方式"": ""Prepay"", ""早餐"": """", ""确认政策"": ""Instant confirmation"", ""税费"": """"}",否,价格计价单位未确认；税费包含状态未确认；尚未通过T4人工复核,20260907-003922-csv-f52bd5d0,[LOCAL_HOME]/Desktop/Thailand---泰国/05_GoogleMaps曼谷酒店专用/04_平台详情/酒店售卖方案.csv,T3,否,643ef843ee58ad41bba3c24b24476413a4cd50e58b55ac66f02da3c6bc89f734
ChIJf1YJeC-Z4jARNNLn8M9QwMw,Trip.com,996362,377050846,rate_5e20c80b6b8d8fe848,1,,Non-refundable,Instant confirmation,Prepay,,,189,,USD,,,,2026-09-20,2026-09-21,https://us.trip.com/hotels/detail/?Allianceid=15214&Sid=1209572&allianceid=15214&sid=1209572&hotelid=996362&city=359&locale=en_us&checkin=2026-09-20&checkout=2026-09-21&ouid=&shoppingid=MW3BcR9W4h31&roomquantity=&minprice=220.05&mproom=1119272145&fgt=1&starlist=&rate=&amenty=&breakfast=&bookPolicy=&adult=2&children=0&ages=&curr=USD&prid=LANG_US&trip_sub1=20_09_2026_1_mapresults_996362_US_desktop_default___0_0-LANG_US-landing&br=220.05&tf=33.10&display=exavg&crn=1&mincurr=USD&stand=H4sIAAAAAAAA_-Ny5GKSYBJi4mCUMue4-PPWVBYhRiOD-4wWW-UDOGYwdr2w2cHIdJFRvvV14I64dIeHjEE75FpfN2Y7vGC8t_bpZsYFLIxSPL7hxk7JQZbhJhnGhgqMGpeuPLnC5sEYxGZoYGzobBolw8UcGuwi-ERE9uTT-1IOUiCeIoyXxJqapxsanNEs1sXI5MG4ipGdi9nAyFCA6ROjALK58YZGZgBU0Y60rQAAAA,trip,2026-09-03T20:23:50-07:00,未知,未知,,,否,trip,Bank of Thailand,2026-09-03,"{""优惠标签"": """", ""入住人数"": """", ""其他权益"": """", ""原价"": """", ""取消政策"": ""Non-refundable"", ""币种"": ""USD"", ""库存提示"": """", ""当前价"": ""189"", ""支付方式"": ""Prepay"", ""早餐"": """", ""确认政策"": ""Instant confirmation"", ""税费"": """"}",否,价格计价单位未确认；税费包含状态未确认；尚未通过T4人工复核,20260907-003922-csv-f52bd5d0,[LOCAL_HOME]/Desktop/Thailand---泰国/05_GoogleMaps曼谷酒店专用/04_平台详情/酒店售卖方案.csv,T3,否,80da18c9bbf1984261fb43af272af7c50e67e67bc0b18c04ce48db9becd32c3a
ChIJf1YJeC-Z4jARNNLn8M9QwMw,Trip.com,996362,251093407,rate_e2e409166d0bb7e239,2,,Non-refundable,Instant confirmation,Prepay,,,258,,USD,,,,2026-09-20,2026-09-21,https://us.trip.com/hotels/detail/?Allianceid=15214&Sid=1209572&allianceid=15214&sid=1209572&hotelid=996362&city=359&locale=en_us&checkin=2026-09-20&checkout=2026-09-21&ouid=&shoppingid=MW3BcR9W4h31&roomquantity=&minprice=220.05&mproom=1119272145&fgt=1&starlist=&rate=&amenty=&breakfast=&bookPolicy=&adult=2&children=0&ages=&curr=USD&prid=LANG_US&trip_sub1=20_09_2026_1_mapresults_996362_US_desktop_default___0_0-LANG_US-landing&br=220.05&tf=33.10&display=exavg&crn=1&mincurr=USD&stand=H4sIAAAAAAAA_-Ny5GKSYBJi4mCUMue4-PPWVBYhRiOD-4wWW-UDOGYwdr2w2cHIdJFRvvV14I64dIeHjEE75FpfN2Y7vGC8t_bpZsYFLIxSPL7hxk7JQZbhJhnGhgqMGpeuPLnC5sEYxGZoYGzobBolw8UcGuwi-ERE9uTT-1IOUiCeIoyXxJqapxsanNEs1sXI5MG4ipGdi9nAyFCA6ROjALK58YZGZgBU0Y60rQAAAA,trip,2026-09-03T20:23:50-07:00,未知,未知,,,否,trip,Bank of Thailand,2026-09-03,"{""优惠标签"": """", ""入住人数"": """", ""其他权益"": """", ""原价"": """", ""取消政策"": ""Non-refundable"", ""币种"": ""USD"", ""库存提示"": """", ""当前价"": ""258"", ""支付方式"": ""Prepay"", ""早餐"": """", ""确认政策"": ""Instant confirmation"", ""税费"": """"}",否,价格计价单位未确认；税费包含状态未确认；尚未通过T4人工复核,20260907-003922-csv-f52bd5d0,[LOCAL_HOME]/Desktop/Thailand---泰国/05_GoogleMaps曼谷酒店专用/04_平台详情/酒店售卖方案.csv,T3,否,8f6366ce41ae57908c0490f816c5970e9aab34a655605bd1bb3b060096e6a95b
ChIJf1YJeC-Z4jARNNLn8M9QwMw,Trip.com,996362,251093428,rate_792ec232fbd294fd43,2,,Non-refundable,Instant confirmation,Prepay,,,258,,USD,,,,2026-09-20,2026-09-21,https://us.trip.com/hotels/detail/?Allianceid=15214&Sid=1209572&allianceid=15214&sid=1209572&hotelid=996362&city=359&locale=en_us&checkin=2026-09-20&checkout=2026-09-21&ouid=&shoppingid=MW3BcR9W4h31&roomquantity=&minprice=220.05&mproom=1119272145&fgt=1&starlist=&rate=&amenty=&breakfast=&bookPolicy=&adult=2&children=0&ages=&curr=USD&prid=LANG_US&trip_sub1=20_09_2026_1_mapresults_996362_US_desktop_default___0_0-LANG_US-landing&br=220.05&tf=33.10&display=exavg&crn=1&mincurr=USD&stand=H4sIAAAAAAAA_-Ny5GKSYBJi4mCUMue4-PPWVBYhRiOD-4wWW-UDOGYwdr2w2cHIdJFRvvV14I64dIeHjEE75FpfN2Y7vGC8t_bpZsYFLIxSPL7hxk7JQZbhJhnGhgqMGpeuPLnC5sEYxGZoYGzobBolw8UcGuwi-ERE9uTT-1IOUiCeIoyXxJqapxsanNEs1sXI5MG4ipGdi9nAyFCA6ROjALK58YZGZgBU0Y60rQAAAA,trip,2026-09-03T20:23:50-07:00,未知,未知,,,否,trip,Bank of Thailand,2026-09-03,"{""优惠标签"": """", ""入住人数"": """", ""其他权益"": """", ""原价"": """", ""取消政策"": ""Non-refundable"", ""币种"": ""USD"", ""库存提示"": """", ""当前价"": ""258"", ""支付方式"": ""Prepay"", ""早餐"": """", ""确认政策"": ""Instant confirmation"", ""税费"": """"}",否,价格计价单位未确认；税费包含状态未确认；尚未通过T4人工复核,20260907-003922-csv-f52bd5d0,[LOCAL_HOME]/Desktop/Thailand---泰国/05_GoogleMaps曼谷酒店专用/04_平台详情/酒店售卖方案.csv,T3,否,91eacafb5c75e09527157b2a212f6cc08b24faa90bf97f9ca3f71571c7152f17
ChIJf1YJeC-Z4jARNNLn8M9QwMw,Trip.com,996362,377050779,rate_b4462077857bd17e51,2,,Non-refundable,Instant confirmation,Prepay,,,230,,USD,,,,2026-09-20,2026-09-21,https://us.trip.com/hotels/detail/?Allianceid=15214&Sid=1209572&allianceid=15214&sid=1209572&hotelid=996362&city=359&locale=en_us&checkin=2026-09-20&checkout=2026-09-21&ouid=&shoppingid=MW3BcR9W4h31&roomquantity=&minprice=220.05&mproom=1119272145&fgt=1&starlist=&rate=&amenty=&breakfast=&bookPolicy=&adult=2&children=0&ages=&curr=USD&prid=LANG_US&trip_sub1=20_09_2026_1_mapresults_996362_US_desktop_default___0_0-LANG_US-landing&br=220.05&tf=33.10&display=exavg&crn=1&mincurr=USD&stand=H4sIAAAAAAAA_-Ny5GKSYBJi4mCUMue4-PPWVBYhRiOD-4wWW-UDOGYwdr2w2cHIdJFRvvV14I64dIeHjEE75FpfN2Y7vGC8t_bpZsYFLIxSPL7hxk7JQZbhJhnGhgqMGpeuPLnC5sEYxGZoYGzobBolw8UcGuwi-ERE9uTT-1IOUiCeIoyXxJqapxsanNEs1sXI5MG4ipGdi9nAyFCA6ROjALK58YZGZgBU0Y60rQAAAA,trip,2026-09-03T20:23:50-07:00,未知,未知,,,否,trip,Bank of Thailand,2026-09-03,"{""优惠标签"": """", ""入住人数"": """", ""其他权益"": """", ""原价"": """", ""取消政策"": ""Non-refundable"", ""币种"": ""USD"", ""库存提示"": """", ""当前价"": ""230"", ""支付方式"": ""Prepay"", ""早餐"": """", ""确认政策"": ""Instant confirmation"", ""税费"": """"}",否,价格计价单位未确认；税费包含状态未确认；尚未通过T4人工复核,20260907-003922-csv-f52bd5d0,[LOCAL_HOME]/Desktop/Thailand---泰国/05_GoogleMaps曼谷酒店专用/04_平台详情/酒店售卖方案.csv,T3,否,9ec7319ee04ce900358ac8a88b2b78fd7a5a704b85e526f4e1b575521d0bab58
ChIJf1YJeC-Z4jARNNLn8M9QwMw,Trip.com,996362,482412841,rate_766c56699a5ea5b38d,2,,Non-refundable,Instant confirmation,Prepay,,,230,,USD,,,,2026-09-20,2026-09-21,https://us.trip.com/hotels/detail/?Allianceid=15214&Sid=1209572&allianceid=15214&sid=1209572&hotelid=996362&city=359&locale=en_us&checkin=2026-09-20&checkout=2026-09-21&ouid=&shoppingid=MW3BcR9W4h31&roomquantity=&minprice=220.05&mproom=1119272145&fgt=1&starlist=&rate=&amenty=&breakfast=&bookPolicy=&adult=2&children=0&ages=&curr=USD&prid=LANG_US&trip_sub1=20_09_2026_1_mapresults_996362_US_desktop_default___0_0-LANG_US-landing&br=220.05&tf=33.10&display=exavg&crn=1&mincurr=USD&stand=H4sIAAAAAAAA_-Ny5GKSYBJi4mCUMue4-PPWVBYhRiOD-4wWW-UDOGYwdr2w2cHIdJFRvvV14I64dIeHjEE75FpfN2Y7vGC8t_bpZsYFLIxSPL7hxk7JQZbhJhnGhgqMGpeuPLnC5sEYxGZoYGzobBolw8UcGuwi-ERE9uTT-1IOUiCeIoyXxJqapxsanNEs1sXI5MG4ipGdi9nAyFCA6ROjALK58YZGZgBU0Y60rQAAAA,trip,2026-09-03T20:23:50-07:00,未知,未知,,,否,trip,Bank of Thailand,2026-09-03,"{""优惠标签"": """", ""入住人数"": """", ""其他权益"": """", ""原价"": """", ""取消政策"": ""Non-refundable"", ""币种"": ""USD"", ""库存提示"": """", ""当前价"": ""230"", ""支付方式"": ""Prepay"", ""早餐"": """", ""确认政策"": ""Instant confirmation"", ""税费"": """"}",否,价格计价单位未确认；税费包含状态未确认；尚未通过T4人工复核,20260907-003922-csv-f52bd5d0,[LOCAL_HOME]/Desktop/Thailand---泰国/05_GoogleMaps曼谷酒店专用/04_平台详情/酒店售卖方案.csv,T3,否,a8545c191391dcd81c5e65df4efdfd1a5fadc72350147d3e1a1e1d69fcda9b8a
ChIJf1YJeC-Z4jARNNLn8M9QwMw,Trip.com,996362,377050779,rate_70c94563f36fc23d35,1,,Non-refundable,Instant confirmation,Prepay,,,209,,USD,,,,2026-09-20,2026-09-21,https://us.trip.com/hotels/detail/?Allianceid=15214&Sid=1209572&allianceid=15214&sid=1209572&hotelid=996362&city=359&locale=en_us&checkin=2026-09-20&checkout=2026-09-21&ouid=&shoppingid=MW3BcR9W4h31&roomquantity=&minprice=220.05&mproom=1119272145&fgt=1&starlist=&rate=&amenty=&breakfast=&bookPolicy=&adult=2&children=0&ages=&curr=USD&prid=LANG_US&trip_sub1=20_09_2026_1_mapresults_996362_US_desktop_default___0_0-LANG_US-landing&br=220.05&tf=33.10&display=exavg&crn=1&mincurr=USD&stand=H4sIAAAAAAAA_-Ny5GKSYBJi4mCUMue4-PPWVBYhRiOD-4wWW-UDOGYwdr2w2cHIdJFRvvV14I64dIeHjEE75FpfN2Y7vGC8t_bpZsYFLIxSPL7hxk7JQZbhJhnGhgqMGpeuPLnC5sEYxGZoYGzobBolw8UcGuwi-ERE9uTT-1IOUiCeIoyXxJqapxsanNEs1sXI5MG4ipGdi9nAyFCA6ROjALK58YZGZgBU0Y60rQAAAA,trip,2026-09-03T20:23:50-07:00,未知,未知,,,否,trip,Bank of Thailand,2026-09-03,"{""优惠标签"": """", ""入住人数"": """", ""其他权益"": """", ""原价"": """", ""取消政策"": ""Non-refundable"", ""币种"": ""USD"", ""库存提示"": """", ""当前价"": ""209"", ""支付方式"": ""Prepay"", ""早餐"": """", ""确认政策"": ""Instant confirmation"", ""税费"": """"}",否,价格计价单位未确认；税费包含状态未确认；尚未通过T4人工复核,20260907-003922-csv-f52bd5d0,[LOCAL_HOME]/Desktop/Thailand---泰国/05_GoogleMaps曼谷酒店专用/04_平台详情/酒店售卖方案.csv,T3,否,e4d0157fa4642d6752085d534e3af12bdf736a46af7ebfb5453263f2b52a36a8
ChIJpYbWb8aY4jAR5PmlBlsxOoM,Trip.com,996730,3998135,rate_8760189bf1fde6c5d4,2,,Free Cancellation,Instant confirmation,Prepay,,203,119,,USD,rmation Prepay online Special Discount 40% off $203 $119 Total (incl. taxes & fees): $12,,,2026-09-21,2026-09-22,https://us.trip.com/hotels/detail/?Allianceid=15214&Sid=1209572&allianceid=15214&sid=1209572&hotelid=996730&city=359&locale=en_us&checkin=2026-09-21&checkout=2026-09-22&ouid=&shoppingid=MqAYg9Qubyff&roomquantity=&minprice=99.44&mproom=1731143996&fgt=1&starlist=&rate=&amenty=&breakfast=&bookPolicy=&adult=2&children=0&ages=&curr=USD&prid=LANG_US&trip_sub1=21_09_2026_1_mapresults_996730_US_desktop_default___0_0-LANG_US-landing&br=99.44&tf=14.95&display=exavg&crn=1&mincurr=USD&stand=H4sIAAAAAAAA_-Ny52KSYBJi4mCUsuXYc2nPTjaL34IBHDMYf72yWcHIuIOR6SJj_6GvGjHyoQ4PGWNAzDsRDi8YtzV_YVzAwriQVWSd-8OqKWEOUjy-hY6R6ZaBpUmVaWkKjBozHj65wubBGMRmauFi6OgaJcPFHOLhJPij--akUMFT9lLMocEuik9EZE8-vS_lkMSamqcbGpzRItbFyOTBuIqRnYvZwMhIgOkTIz-yufHmhpOYGA0BevmZ1bYAAAA,trip,2026-09-03T20:24:34-07:00,未知,未知,,,否,trip,Bank of Thailand,2026-09-03,"{""优惠标签"": ""rmation Prepay online Special Discount 40% off $203 $119 Total (incl. taxes & fees): $12"", ""入住人数"": """", ""其他权益"": """", ""原价"": ""203"", ""取消政策"": ""Free Cancellation"", ""币种"": ""USD"", ""库存提示"": """", ""当前价"": ""119"", ""支付方式"": ""Prepay"", ""早餐"": """", ""确认政策"": ""Instant confirmation"", ""税费"": """"}",否,价格计价单位未确认；税费包含状态未确认；尚未通过T4人工复核,20260907-003922-csv-f52bd5d0,[LOCAL_HOME]/Desktop/Thailand---泰国/05_GoogleMaps曼谷酒店专用/04_平台详情/酒店售卖方案.csv,T3,否,0fdb706d5132dd1b60a2098eb2753c6ae06223dd2c147d99a379b49c0bdde3a4
ChIJpYbWb8aY4jAR5PmlBlsxOoM,Trip.com,996730,487183197,rate_adf2e2b821e22d6638,2,,Free Cancellation,Instant confirmation,Prepay,,296,173,,USD,line Early bird price Special Discount 40% off $296 $173 Total (incl. taxes & fees): $18,,,2026-09-21,2026-09-22,https://us.trip.com/hotels/detail/?Allianceid=15214&Sid=1209572&allianceid=15214&sid=1209572&hotelid=996730&city=359&locale=en_us&checkin=2026-09-21&checkout=2026-09-22&ouid=&shoppingid=MqAYg9Qubyff&roomquantity=&minprice=99.44&mproom=1731143996&fgt=1&starlist=&rate=&amenty=&breakfast=&bookPolicy=&adult=2&children=0&ages=&curr=USD&prid=LANG_US&trip_sub1=21_09_2026_1_mapresults_996730_US_desktop_default___0_0-LANG_US-landing&br=99.44&tf=14.95&display=exavg&crn=1&mincurr=USD&stand=H4sIAAAAAAAA_-Ny52KSYBJi4mCUsuXYc2nPTjaL34IBHDMYf72yWcHIuIOR6SJj_6GvGjHyoQ4PGWNAzDsRDi8YtzV_YVzAwriQVWSd-8OqKWEOUjy-hY6R6ZaBpUmVaWkKjBozHj65wubBGMRmauFi6OgaJcPFHOLhJPij--akUMFT9lLMocEuik9EZE8-vS_lkMSamqcbGpzRItbFyOTBuIqRnYvZwMhIgOkTIz-yufHmhpOYGA0BevmZ1bYAAAA,trip,2026-09-03T20:24:34-07:00,未知,未知,,,否,trip,Bank of Thailand,2026-09-03,"{""优惠标签"": ""line Early bird price Special Discount 40% off $296 $173 Total (incl. taxes & fees): $18"", ""入住人数"": """", ""其他权益"": """", ""原价"": ""296"", ""取消政策"": ""Free Cancellation"", ""币种"": ""USD"", ""库存提示"": """", ""当前价"": ""173"", ""支付方式"": ""Prepay"", ""早餐"": """", ""确认政策"": ""Instant confirmation"", ""税费"": """"}",否,价格计价单位未确认；税费包含状态未确认；尚未通过T4人工复核,20260907-003922-csv-f52bd5d0,[LOCAL_HOME]/Desktop/Thailand---泰国/05_GoogleMaps曼谷酒店专用/04_平台详情/酒店售卖方案.csv,T3,否,16451a4c2f52da987d8d0f7c71a59af103da1e9836e463d9f172393a6007ec5b
ChIJpYbWb8aY4jAR5PmlBlsxOoM,Trip.com,996730,487081216,rate_b2cae708aff4ccd3a0,2,,Free Cancellation,Instant confirmation,Prepay,,265,150,,USD,line Early bird price Special Discount 42% off $265 $150 Total (incl. taxes & fees): $16,,,2026-09-21,2026-09-22,https://us.trip.com/hotels/detail/?Allianceid=15214&Sid=1209572&allianceid=15214&sid=1209572&hotelid=996730&city=359&locale=en_us&checkin=2026-09-21&checkout=2026-09-22&ouid=&shoppingid=MqAYg9Qubyff&roomquantity=&minprice=99.44&mproom=1731143996&fgt=1&starlist=&rate=&amenty=&breakfast=&bookPolicy=&adult=2&children=0&ages=&curr=USD&prid=LANG_US&trip_sub1=21_09_2026_1_mapresults_996730_US_desktop_default___0_0-LANG_US-landing&br=99.44&tf=14.95&display=exavg&crn=1&mincurr=USD&stand=H4sIAAAAAAAA_-Ny52KSYBJi4mCUsuXYc2nPTjaL34IBHDMYf72yWcHIuIOR6SJj_6GvGjHyoQ4PGWNAzDsRDi8YtzV_YVzAwriQVWSd-8OqKWEOUjy-hY6R6ZaBpUmVaWkKjBozHj65wubBGMRmauFi6OgaJcPFHOLhJPij--akUMFT9lLMocEuik9EZE8-vS_lkMSamqcbGpzRItbFyOTBuIqRnYvZwMhIgOkTIz-yufHmhpOYGA0BevmZ1bYAAAA,trip,2026-09-03T20:24:34-07:00,未知,未知,,,否,trip,Bank of Thailand,2026-09-03,"{""优惠标签"": ""line Early bird price Special Discount 42% off $265 $150 Total (incl. taxes & fees): $16"", ""入住人数"": """", ""其他权益"": """", ""原价"": ""265"", ""取消政策"": ""Free Cancellation"", ""币种"": ""USD"", ""库存提示"": """", ""当前价"": ""150"", ""支付方式"": ""Prepay"", ""早餐"": """", ""确认政策"": ""Instant confirmation"", ""税费"": """"}",否,价格计价单位未确认；税费包含状态未确认；尚未通过T4人工复核,20260907-003922-csv-f52bd5d0,[LOCAL_HOME]/Desktop/Thailand---泰国/05_GoogleMaps曼谷酒店专用/04_平台详情/酒店售卖方案.csv,T3,否,1c0ebc8c0464cc55fe8ad430b21efb2cda3d72a3fd490cb088408d880cdcc258
ChIJpYbWb8aY4jAR5PmlBlsxOoM,Trip.com,996730,487086378,rate_74efa1869646f73356,2,,Free Cancellation,Instant confirmation,Prepay,,212,124,,USD,rmation Prepay online Special Discount 40% off $212 $124 Total (incl. taxes & fees): $13,,,2026-09-21,2026-09-22,https://us.trip.com/hotels/detail/?Allianceid=15214&Sid=1209572&allianceid=15214&sid=1209572&hotelid=996730&city=359&locale=en_us&checkin=2026-09-21&checkout=2026-09-22&ouid=&shoppingid=MqAYg9Qubyff&roomquantity=&minprice=99.44&mproom=1731143996&fgt=1&starlist=&rate=&amenty=&breakfast=&bookPolicy=&adult=2&children=0&ages=&curr=USD&prid=LANG_US&trip_sub1=21_09_2026_1_mapresults_996730_US_desktop_default___0_0-LANG_US-landing&br=99.44&tf=14.95&display=exavg&crn=1&mincurr=USD&stand=H4sIAAAAAAAA_-Ny52KSYBJi4mCUsuXYc2nPTjaL34IBHDMYf72yWcHIuIOR6SJj_6GvGjHyoQ4PGWNAzDsRDi8YtzV_YVzAwriQVWSd-8OqKWEOUjy-hY6R6ZaBpUmVaWkKjBozHj65wubBGMRmauFi6OgaJcPFHOLhJPij--akUMFT9lLMocEuik9EZE8-vS_lkMSamqcbGpzRItbFyOTBuIqRnYvZwMhIgOkTIz-yufHmhpOYGA0BevmZ1bYAAAA,trip,2026-09-03T20:24:34-07:00,未知,未知,,,否,trip,Bank of Thailand,2026-09-03,"{""优惠标签"": ""rmation Prepay online Special Discount 40% off $212 $124 Total (incl. taxes & fees): $13"", ""入住人数"": """", ""其他权益"": """", ""原价"": ""212"", ""取消政策"": ""Free Cancellation"", ""币种"": ""USD"", ""库存提示"": """", ""当前价"": ""124"", ""支付方式"": ""Prepay"", ""早餐"": """", ""确认政策"": ""Instant confirmation"", ""税费"": """"}",否,价格计价单位未确认；税费包含状态未确认；尚未通过T4人工复核,20260907-003922-csv-f52bd5d0,[LOCAL_HOME]/Desktop/Thailand---泰国/05_GoogleMaps曼谷酒店专用/04_平台详情/酒店售卖方案.csv,T3,否,5b7ac09b9b472f7ed70c06a5000c4811da5cc2feb65adb7a9e7c46238a318e38
ChIJpYbWb8aY4jAR5PmlBlsxOoM,Trip.com,996730,487081216,rate_19b2449eb33b562737,1,,Free Cancellation,Instant confirmation,Prepay,,265,150,,USD,line Early bird price Special Discount 42% off $265 $150 Total (incl. taxes & fees): $16,,,2026-09-21,2026-09-22,https://us.trip.com/hotels/detail/?Allianceid=15214&Sid=1209572&allianceid=15214&sid=1209572&hotelid=996730&city=359&locale=en_us&checkin=2026-09-21&checkout=2026-09-22&ouid=&shoppingid=MqAYg9Qubyff&roomquantity=&minprice=99.44&mproom=1731143996&fgt=1&starlist=&rate=&amenty=&breakfast=&bookPolicy=&adult=2&children=0&ages=&curr=USD&prid=LANG_US&trip_sub1=21_09_2026_1_mapresults_996730_US_desktop_default___0_0-LANG_US-landing&br=99.44&tf=14.95&display=exavg&crn=1&mincurr=USD&stand=H4sIAAAAAAAA_-Ny52KSYBJi4mCUsuXYc2nPTjaL34IBHDMYf72yWcHIuIOR6SJj_6GvGjHyoQ4PGWNAzDsRDi8YtzV_YVzAwriQVWSd-8OqKWEOUjy-hY6R6ZaBpUmVaWkKjBozHj65wubBGMRmauFi6OgaJcPFHOLhJPij--akUMFT9lLMocEuik9EZE8-vS_lkMSamqcbGpzRItbFyOTBuIqRnYvZwMhIgOkTIz-yufHmhpOYGA0BevmZ1bYAAAA,trip,2026-09-03T20:24:34-07:00,未知,未知,,,否,trip,Bank of Thailand,2026-09-03,"{""优惠标签"": ""line Early bird price Special Discount 42% off $265 $150 Total (incl. taxes & fees): $16"", ""入住人数"": """", ""其他权益"": """", ""原价"": ""265"", ""取消政策"": ""Free Cancellation"", ""币种"": ""USD"", ""库存提示"": """", ""当前价"": ""150"", ""支付方式"": ""Prepay"", ""早餐"": """", ""确认政策"": ""Instant confirmation"", ""税费"": """"}",否,价格计价单位未确认；税费包含状态未确认；尚未通过T4人工复核,20260907-003922-csv-f52bd5d0,[LOCAL_HOME]/Desktop/Thailand---泰国/05_GoogleMaps曼谷酒店专用/04_平台详情/酒店售卖方案.csv,T3,否,5c253fc3554270f59d8b611f182f698e8f2b16b12cb9b2a74c95fa395439bb05
ChIJpYbWb8aY4jAR5PmlBlsxOoM,Trip.com,996730,3998134,rate_9cf184bce8fb0da9ad,1,with breakfast,free cancellation,Instant confirmation,Prepay,,199,104,,USD,line Early bird price Special Discount 46% off $199 $104 Total (incl. taxes & fees): $11,,,2026-09-21,2026-09-22,https://us.trip.com/hotels/detail/?Allianceid=15214&Sid=1209572&allianceid=15214&sid=1209572&hotelid=996730&city=359&locale=en_us&checkin=2026-09-21&checkout=2026-09-22&ouid=&shoppingid=MqAYg9Qubyff&roomquantity=&minprice=99.44&mproom=1731143996&fgt=1&starlist=&rate=&amenty=&breakfast=&bookPolicy=&adult=2&children=0&ages=&curr=USD&prid=LANG_US&trip_sub1=21_09_2026_1_mapresults_996730_US_desktop_default___0_0-LANG_US-landing&br=99.44&tf=14.95&display=exavg&crn=1&mincurr=USD&stand=H4sIAAAAAAAA_-Ny52KSYBJi4mCUsuXYc2nPTjaL34IBHDMYf72yWcHIuIOR6SJj_6GvGjHyoQ4PGWNAzDsRDi8YtzV_YVzAwriQVWSd-8OqKWEOUjy-hY6R6ZaBpUmVaWkKjBozHj65wubBGMRmauFi6OgaJcPFHOLhJPij--akUMFT9lLMocEuik9EZE8-vS_lkMSamqcbGpzRItbFyOTBuIqRnYvZwMhIgOkTIz-yufHmhpOYGA0BevmZ1bYAAAA,trip,2026-09-03T20:24:34-07:00,未知,未知,,,否,trip,Bank of Thailand,2026-09-03,"{""优惠标签"": ""line Early bird price Special Discount 46% off $199 $104 Total (incl. taxes & fees): $11"", ""入住人数"": """", ""其他权益"": """", ""原价"": ""199"", ""取消政策"": ""free cancellation"", ""币种"": ""USD"", ""库存提示"": """", ""当前价"": ""104"", ""支付方式"": ""Prepay"", ""早餐"": ""with breakfast"", ""确认政策"": ""Instant confirmation"", ""税费"": """"}",否,价格计价单位未确认；税费包含状态未确认；尚未通过T4人工复核,20260907-003922-csv-f52bd5d0,[LOCAL_HOME]/Desktop/Thailand---泰国/05_GoogleMaps曼谷酒店专用/04_平台详情/酒店售卖方案.csv,T3,否,65394a997a1b5812325183bfb4e7b5440c110e4510d505bde4f16289a1826aec
ChIJpYbWb8aY4jAR5PmlBlsxOoM,Trip.com,996730,487086378,rate_329288f64caa4b7159,1,,Free Cancellation,Instant confirmation,Prepay,,212,124,,USD,rmation Prepay online Special Discount 40% off $212 $124 Total (incl. taxes & fees): $13,,,2026-09-21,2026-09-22,https://us.trip.com/hotels/detail/?Allianceid=15214&Sid=1209572&allianceid=15214&sid=1209572&hotelid=996730&city=359&locale=en_us&checkin=2026-09-21&checkout=2026-09-22&ouid=&shoppingid=MqAYg9Qubyff&roomquantity=&minprice=99.44&mproom=1731143996&fgt=1&starlist=&rate=&amenty=&breakfast=&bookPolicy=&adult=2&children=0&ages=&curr=USD&prid=LANG_US&trip_sub1=21_09_2026_1_mapresults_996730_US_desktop_default___0_0-LANG_US-landing&br=99.44&tf=14.95&display=exavg&crn=1&mincurr=USD&stand=H4sIAAAAAAAA_-Ny52KSYBJi4mCUsuXYc2nPTjaL34IBHDMYf72yWcHIuIOR6SJj_6GvGjHyoQ4PGWNAzDsRDi8YtzV_YVzAwriQVWSd-8OqKWEOUjy-hY6R6ZaBpUmVaWkKjBozHj65wubBGMRmauFi6OgaJcPFHOLhJPij--akUMFT9lLMocEuik9EZE8-vS_lkMSamqcbGpzRItbFyOTBuIqRnYvZwMhIgOkTIz-yufHmhpOYGA0BevmZ1bYAAAA,trip,2026-09-03T20:24:34-07:00,未知,未知,,,否,trip,Bank of Thailand,2026-09-03,"{""优惠标签"": ""rmation Prepay online Special Discount 40% off $212 $124 Total (incl. taxes & fees): $13"", ""入住人数"": """", ""其他权益"": """", ""原价"": ""212"", ""取消政策"": ""Free Cancellation"", ""币种"": ""USD"", ""库存提示"": """", ""当前价"": ""124"", ""支付方式"": ""Prepay"", ""早餐"": """", ""确认政策"": ""Instant confirmation"", ""税费"": """"}",否,价格计价单位未确认；税费包含状态未确认；尚未通过T4人工复核,20260907-003922-csv-f52bd5d0,[LOCAL_HOME]/Desktop/Thailand---泰国/05_GoogleMaps曼谷酒店专用/04_平台详情/酒店售卖方案.csv,T3,否,65829914c347cb5f658651599fbd489604853d447392b22f82709f3691b2bed3
ChIJpYbWb8aY4jAR5PmlBlsxOoM,Trip.com,996730,487183197,rate_ff84a7de61df0782e7,1,,Free Cancellation,Instant confirmation,Prepay,,296,173,,USD,line Early bird price Special Discount 40% off $296 $173 Total (incl. taxes & fees): $18,,,2026-09-21,2026-09-22,https://us.trip.com/hotels/detail/?Allianceid=15214&Sid=1209572&allianceid=15214&sid=1209572&hotelid=996730&city=359&locale=en_us&checkin=2026-09-21&checkout=2026-09-22&ouid=&shoppingid=MqAYg9Qubyff&roomquantity=&minprice=99.44&mproom=1731143996&fgt=1&starlist=&rate=&amenty=&breakfast=&bookPolicy=&adult=2&children=0&ages=&curr=USD&prid=LANG_US&trip_sub1=21_09_2026_1_mapresults_996730_US_desktop_default___0_0-LANG_US-landing&br=99.44&tf=14.95&display=exavg&crn=1&mincurr=USD&stand=H4sIAAAAAAAA_-Ny52KSYBJi4mCUsuXYc2nPTjaL34IBHDMYf72yWcHIuIOR6SJj_6GvGjHyoQ4PGWNAzDsRDi8YtzV_YVzAwriQVWSd-8OqKWEOUjy-hY6R6ZaBpUmVaWkKjBozHj65wubBGMRmauFi6OgaJcPFHOLhJPij--akUMFT9lLMocEuik9EZE8-vS_lkMSamqcbGpzRItbFyOTBuIqRnYvZwMhIgOkTIz-yufHmhpOYGA0BevmZ1bYAAAA,trip,2026-09-03T20:24:34-07:00,未知,未知,,,否,trip,Bank of Thailand,2026-09-03,"{""优惠标签"": ""line Early bird price Special Discount 40% off $296 $173 Total (incl. taxes & fees): $18"", ""入住人数"": """", ""其他权益"": """", ""原价"": ""296"", ""取消政策"": ""Free Cancellation"", ""币种"": ""USD"", ""库存提示"": """", ""当前价"": ""173"", ""支付方式"": ""Prepay"", ""早餐"": """", ""确认政策"": ""Instant confirmation"", ""税费"": """"}",否,价格计价单位未确认；税费包含状态未确认；尚未通过T4人工复核,20260907-003922-csv-f52bd5d0,[LOCAL_HOME]/Desktop/Thailand---泰国/05_GoogleMaps曼谷酒店专用/04_平台详情/酒店售卖方案.csv,T3,否,a6ad3afd17ae2aa5f6924c7efbb64aca5a7804199d08f867e6e685e0e260a0ab
ChIJpYbWb8aY4jAR5PmlBlsxOoM,Trip.com,996730,3998135,rate_220212be810fbc73f6,1,,Free Cancellation,Instant confirmation,Prepay,,203,119,,USD,rmation Prepay online Special Discount 40% off $203 $119 Total (incl. taxes & fees): $12,,,2026-09-21,2026-09-22,https://us.trip.com/hotels/detail/?Allianceid=15214&Sid=1209572&allianceid=15214&sid=1209572&hotelid=996730&city=359&locale=en_us&checkin=2026-09-21&checkout=2026-09-22&ouid=&shoppingid=MqAYg9Qubyff&roomquantity=&minprice=99.44&mproom=1731143996&fgt=1&starlist=&rate=&amenty=&breakfast=&bookPolicy=&adult=2&children=0&ages=&curr=USD&prid=LANG_US&trip_sub1=21_09_2026_1_mapresults_996730_US_desktop_default___0_0-LANG_US-landing&br=99.44&tf=14.95&display=exavg&crn=1&mincurr=USD&stand=H4sIAAAAAAAA_-Ny52KSYBJi4mCUsuXYc2nPTjaL34IBHDMYf72yWcHIuIOR6SJj_6GvGjHyoQ4PGWNAzDsRDi8YtzV_YVzAwriQVWSd-8OqKWEOUjy-hY6R6ZaBpUmVaWkKjBozHj65wubBGMRmauFi6OgaJcPFHOLhJPij--akUMFT9lLMocEuik9EZE8-vS_lkMSamqcbGpzRItbFyOTBuIqRnYvZwMhIgOkTIz-yufHmhpOYGA0BevmZ1bYAAAA,trip,2026-09-03T20:24:34-07:00,未知,未知,,,否,trip,Bank of Thailand,2026-09-03,"{""优惠标签"": ""rmation Prepay online Special Discount 40% off $203 $119 Total (incl. taxes & fees): $12"", ""入住人数"": """", ""其他权益"": """", ""原价"": ""203"", ""取消政策"": ""Free Cancellation"", ""币种"": ""USD"", ""库存提示"": """", ""当前价"": ""119"", ""支付方式"": ""Prepay"", ""早餐"": """", ""确认政策"": ""Instant confirmation"", ""税费"": """"}",否,价格计价单位未确认；税费包含状态未确认；尚未通过T4人工复核,20260907-003922-csv-f52bd5d0,[LOCAL_HOME]/Desktop/Thailand---泰国/05_GoogleMaps曼谷酒店专用/04_平台详情/酒店售卖方案.csv,T3,否,e0733393b77709fb6576519cea10f9663e642a31c5cb70c805b34f94d4dd1eb7
ChIJpYbWb8aY4jAR5PmlBlsxOoM,Trip.com,996730,3998134,rate_848deb09856fdc6ee0,2,with breakfast,free cancellation,Instant confirmation,Prepay,,199,104,,USD,line Early bird price Special Discount 46% off $199 $104 Total (incl. taxes & fees): $11,,,2026-09-21,2026-09-22,https://us.trip.com/hotels/detail/?Allianceid=15214&Sid=1209572&allianceid=15214&sid=1209572&hotelid=996730&city=359&locale=en_us&checkin=2026-09-21&checkout=2026-09-22&ouid=&shoppingid=MqAYg9Qubyff&roomquantity=&minprice=99.44&mproom=1731143996&fgt=1&starlist=&rate=&amenty=&breakfast=&bookPolicy=&adult=2&children=0&ages=&curr=USD&prid=LANG_US&trip_sub1=21_09_2026_1_mapresults_996730_US_desktop_default___0_0-LANG_US-landing&br=99.44&tf=14.95&display=exavg&crn=1&mincurr=USD&stand=H4sIAAAAAAAA_-Ny52KSYBJi4mCUsuXYc2nPTjaL34IBHDMYf72yWcHIuIOR6SJj_6GvGjHyoQ4PGWNAzDsRDi8YtzV_YVzAwriQVWSd-8OqKWEOUjy-hY6R6ZaBpUmVaWkKjBozHj65wubBGMRmauFi6OgaJcPFHOLhJPij--akUMFT9lLMocEuik9EZE8-vS_lkMSamqcbGpzRItbFyOTBuIqRnYvZwMhIgOkTIz-yufHmhpOYGA0BevmZ1bYAAAA,trip,2026-09-03T20:24:34-07:00,未知,未知,,,否,trip,Bank of Thailand,2026-09-03,"{""优惠标签"": ""line Early bird price Special Discount 46% off $199 $104 Total (incl. taxes & fees): $11"", ""入住人数"": """", ""其他权益"": """", ""原价"": ""199"", ""取消政策"": ""free cancellation"", ""币种"": ""USD"", ""库存提示"": """", ""当前价"": ""104"", ""支付方式"": ""Prepay"", ""早餐"": ""with breakfast"", ""确认政策"": ""Instant confirmation"", ""税费"": """"}",否,价格计价单位未确认；税费包含状态未确认；尚未通过T4人工复核,20260907-003922-csv-f52bd5d0,[LOCAL_HOME]/Desktop/Thailand---泰国/05_GoogleMaps曼谷酒店专用/04_平台详情/酒店售卖方案.csv,T3,否,e3e0a9b4cd22a708ffc17a30ee461c226adb496b3c3ecf262112de555e040521
ChIJpYbWb8aY4jAR5PmlBlsxOoM,Trip.com,996730,10245427,rate_b085304ddfaa3ca3c0,2,,Free Cancellation,Instant confirmation,Prepay,,287,155,,USD,line Early bird price Special Discount 44% off $287 $155 Total (incl. taxes & fees): $16,,,2026-09-21,2026-09-22,https://us.trip.com/hotels/detail/?Allianceid=15214&Sid=1209572&allianceid=15214&sid=1209572&hotelid=996730&city=359&locale=en_us&checkin=2026-09-21&checkout=2026-09-22&ouid=&shoppingid=MqAYg9Qubyff&roomquantity=&minprice=99.44&mproom=1731143996&fgt=1&starlist=&rate=&amenty=&breakfast=&bookPolicy=&adult=2&children=0&ages=&curr=USD&prid=LANG_US&trip_sub1=21_09_2026_1_mapresults_996730_US_desktop_default___0_0-LANG_US-landing&br=99.44&tf=14.95&display=exavg&crn=1&mincurr=USD&stand=H4sIAAAAAAAA_-Ny52KSYBJi4mCUsuXYc2nPTjaL34IBHDMYf72yWcHIuIOR6SJj_6GvGjHyoQ4PGWNAzDsRDi8YtzV_YVzAwriQVWSd-8OqKWEOUjy-hY6R6ZaBpUmVaWkKjBozHj65wubBGMRmauFi6OgaJcPFHOLhJPij--akUMFT9lLMocEuik9EZE8-vS_lkMSamqcbGpzRItbFyOTBuIqRnYvZwMhIgOkTIz-yufHmhpOYGA0BevmZ1bYAAAA,trip,2026-09-03T20:24:34-07:00,未知,未知,,,否,trip,Bank of Thailand,2026-09-03,"{""优惠标签"": ""line Early bird price Special Discount 44% off $287 $155 Total (incl. taxes & fees): $16"", ""入住人数"": """", ""其他权益"": """", ""原价"": ""287"", ""取消政策"": ""Free Cancellation"", ""币种"": ""USD"", ""库存提示"": """", ""当前价"": ""155"", ""支付方式"": ""Prepay"", ""早餐"": """", ""确认政策"": ""Instant confirmation"", ""税费"": """"}",否,价格计价单位未确认；税费包含状态未确认；尚未通过T4人工复核,20260907-003922-csv-f52bd5d0,[LOCAL_HOME]/Desktop/Thailand---泰国/05_GoogleMaps曼谷酒店专用/04_平台详情/酒店售卖方案.csv,T3,否,fc9bcf8a4f26802cc128c87af38e096c36d73de7fd9f526c7cb97a2036410279
ChIJpYbWb8aY4jAR5PmlBlsxOoM,Trip.com,996730,10245427,rate_bd785d23e3ed02de56,1,,Free Cancellation,Instant confirmation,Prepay,,287,155,,USD,line Early bird price Special Discount 44% off $287 $155 Total (incl. taxes & fees): $16,,,2026-09-21,2026-09-22,https://us.trip.com/hotels/detail/?Allianceid=15214&Sid=1209572&allianceid=15214&sid=1209572&hotelid=996730&city=359&locale=en_us&checkin=2026-09-21&checkout=2026-09-22&ouid=&shoppingid=MqAYg9Qubyff&roomquantity=&minprice=99.44&mproom=1731143996&fgt=1&starlist=&rate=&amenty=&breakfast=&bookPolicy=&adult=2&children=0&ages=&curr=USD&prid=LANG_US&trip_sub1=21_09_2026_1_mapresults_996730_US_desktop_default___0_0-LANG_US-landing&br=99.44&tf=14.95&display=exavg&crn=1&mincurr=USD&stand=H4sIAAAAAAAA_-Ny52KSYBJi4mCUsuXYc2nPTjaL34IBHDMYf72yWcHIuIOR6SJj_6GvGjHyoQ4PGWNAzDsRDi8YtzV_YVzAwriQVWSd-8OqKWEOUjy-hY6R6ZaBpUmVaWkKjBozHj65wubBGMRmauFi6OgaJcPFHOLhJPij--akUMFT9lLMocEuik9EZE8-vS_lkMSamqcbGpzRItbFyOTBuIqRnYvZwMhIgOkTIz-yufHmhpOYGA0BevmZ1bYAAAA,trip,2026-09-03T20:24:34-07:00,未知,未知,,,否,trip,Bank of Thailand,2026-09-03,"{""优惠标签"": ""line Early bird price Special Discount 44% off $287 $155 Total (incl. taxes & fees): $16"", ""入住人数"": """", ""其他权益"": """", ""原价"": ""287"", ""取消政策"": ""Free Cancellation"", ""币种"": ""USD"", ""库存提示"": """", ""当前价"": ""155"", ""支付方式"": ""Prepay"", ""早餐"": """", ""确认政策"": ""Instant confirmation"", ""税费"": """"}",否,价格计价单位未确认；税费包含状态未确认；尚未通过T4人工复核,20260907-003922-csv-f52bd5d0,[LOCAL_HOME]/Desktop/Thailand---泰国/05_GoogleMaps曼谷酒店专用/04_平台详情/酒店售卖方案.csv,T3,否,ff002513647db2d90b5d60e495484a310e2978b6d2d0946fe93d1d63d3e677ef
ChIJ69UzUM-e4jARwyvJBkeTbr0,Vio.com,1196769,6gxeIaGGztY,rate_46fd43bf17fd321f00,1,,,,,,,5084.3405125,,THB,,,,2026-10-26,2026-10-27,https://www.vio.com/Hotel/1196769/zh?currency=THB&forceCurrencyChange=1&lang=zh&forceLanguageChange=1&rooms=2:&utm_source=gha&utm_medium=cpc&userCountry=TH&profile=r2d2m73kn8&preferredRate=125.54&deviceType=desktop&label=src%3Dgha&cltype=hotel&datype=default&gsite=mapresults&vf=0&ucountry=US&udevice=desktop&hotel=1196769&day=26&month=10&year=2026&los=1&price=125.54&cid=&listid=&rateid=US_D&closerateid=&promo=0&isPrivateRate=0&isAudienceUser=0&isPaidClick=0&cp=CRx9ewYV_E42WhsdChQIqlMY4A4iA1VTRCiw8NfWBlIBMhIaFUPc7pMaC1B2MDdSc1BuWThBKAQwvKvk1AY&srpSearchId=4e751f73-9796-4e6d-bc52-8e613d29d7ba&srpSearchFlow=regular&isAnchor=1&anonymousId=e4b15426-b1f2-4c4c-b5e6-2f59d45e12c7&checkIn=2026-09-05&checkOut=2026-09-06,meta_redirect,2026-09-03T22:00:30-07:00,未知,未知,,,否,vio,,,"{""优惠标签"": """", ""入住人数"": """", ""其他权益"": """", ""原价"": """", ""取消政策"": """", ""币种"": ""THB"", ""库存提示"": """", ""当前价"": ""5084.3405125"", ""支付方式"": """", ""早餐"": """", ""确认政策"": """", ""税费"": """"}",否,价格计价单位未确认；税费包含状态未确认；尚未通过T4人工复核,20260903-220040-csv-c2922f6f,[LOCAL_HOME]/Desktop/Thailand---泰国/05_GoogleMaps曼谷酒店专用/04_平台详情/酒店售卖方案.csv,T2,否,b6b0f66a8e4e8be723568d38051d0a2c911e62edf9ab836dd682ff218870a124
ChIJ69UzUM-e4jARwyvJBkeTbr0,Vio.com,1196769,6gxeIaGGztY,rate_46fd43bf17fd321f00,1,,,,,,,5084.3405125,706.06696875,THB,,,,2026-09-05,2026-09-06,https://www.vio.com/Hotel/1196769/zh?currency=THB&forceCurrencyChange=1&lang=zh&forceLanguageChange=1&rooms=2:&utm_source=gha&utm_medium=cpc&userCountry=TH&profile=r2d2m73kn8&preferredRate=125.54&deviceType=desktop&label=src%3Dgha&cltype=hotel&datype=default&gsite=mapresults&vf=0&ucountry=US&udevice=desktop&hotel=1196769&day=26&month=10&year=2026&los=1&price=125.54&cid=&listid=&rateid=US_D&closerateid=&promo=0&isPrivateRate=0&isAudienceUser=0&isPaidClick=0&cp=CRx9ewYV_E42WhsdChQIqlMY4A4iA1VTRCiw8NfWBlIBMhIaFUPc7pMaC1B2MDdSc1BuWThBKAQwvKvk1AY&srpSearchId=4e751f73-9796-4e6d-bc52-8e613d29d7ba&srpSearchFlow=regular&isAnchor=1&anonymousId=e4b15426-b1f2-4c4c-b5e6-2f59d45e12c7&checkIn=2026-09-05&checkOut=2026-09-06,meta_redirect,2026-09-03T22:01:40-07:00,住宿总价,已含税,5084.3405125,5084.3405125,页面给出,vio,原生目标币种（THB）,2026-09-03,"{""优惠标签"": """", ""入住人数"": """", ""其他权益"": """", ""原价"": """", ""取消政策"": """", ""币种"": ""THB"", ""库存提示"": """", ""当前价"": ""5084.3405125"", ""支付方式"": """", ""早餐"": """", ""确认政策"": """", ""税费"": ""706.06696875""}",否,尚未通过T4人工复核,20260907-003922-csv-f52bd5d0,[LOCAL_HOME]/Desktop/Thailand---泰国/05_GoogleMaps曼谷酒店专用/04_平台详情/酒店售卖方案.csv,T3,否,0b840b436b54b257605be2b16838b7044e88e677ebcb94c65f4cd7a384280e0e
ChIJ69UzUM-e4jARwyvJBkeTbr0,Vio.com,1196769,6gxeIaGGztY,rate_46fd43bf17fd321f00,1,,,,,,,5084.3405125,,THB,,,,2026-09-05,2026-09-06,https://www.vio.com/Hotel/1196769/zh?currency=THB&forceCurrencyChange=1&lang=zh&forceLanguageChange=1&rooms=2:&utm_source=gha&utm_medium=cpc&userCountry=TH&profile=r2d2m73kn8&preferredRate=125.54&deviceType=desktop&label=src%3Dgha&cltype=hotel&datype=default&gsite=mapresults&vf=0&ucountry=US&udevice=desktop&hotel=1196769&day=26&month=10&year=2026&los=1&price=125.54&cid=&listid=&rateid=US_D&closerateid=&promo=0&isPrivateRate=0&isAudienceUser=0&isPaidClick=0&cp=CRx9ewYV_E42WhsdChQIqlMY4A4iA1VTRCiw8NfWBlIBMhIaFUPc7pMaC1B2MDdSc1BuWThBKAQwvKvk1AY&srpSearchId=4e751f73-9796-4e6d-bc52-8e613d29d7ba&srpSearchFlow=regular&isAnchor=1&anonymousId=e4b15426-b1f2-4c4c-b5e6-2f59d45e12c7&checkIn=2026-09-05&checkOut=2026-09-06,meta_redirect,2026-09-03T22:01:40-07:00,未知,未知,,,否,vio,,,"{""优惠标签"": """", ""入住人数"": """", ""其他权益"": """", ""原价"": """", ""取消政策"": """", ""币种"": ""THB"", ""库存提示"": """", ""当前价"": ""5084.3405125"", ""支付方式"": """", ""早餐"": """", ""确认政策"": """", ""税费"": """"}",否,价格计价单位未确认；税费包含状态未确认；尚未通过T4人工复核,20260903-220719-csv-b6ad8bab,[LOCAL_HOME]/Desktop/Thailand---泰国/05_GoogleMaps曼谷酒店专用/04_平台详情/酒店售卖方案.csv,T3,否,b51c956f74d14a80ffc21b2a36004e915ea0b9d7dc910f4c3f50329f62088ba0
ChIJ69UzUM-e4jARwyvJBkeTbr0,Vio.com,1196769,4RqGtHmOPZI,rate_30ec3b22b5b789b955,1,,,,,,,4660.3711625,700.80026875,THB,,,,2026-09-07,2026-09-08,https://www.vio.com/Hotel/1196769/zh?currency=THB&forceCurrencyChange=1&lang=zh&forceLanguageChange=1&rooms=2:&utm_source=gha&utm_medium=cpc&userCountry=TH&profile=r2d2m73kn8&preferredRate=125.54&deviceType=desktop&label=src%3Dgha&cltype=hotel&datype=default&gsite=mapresults&vf=0&ucountry=US&udevice=desktop&hotel=1196769&day=26&month=10&year=2026&los=1&price=125.54&cid=&listid=&rateid=US_D&closerateid=&promo=0&isPrivateRate=0&isAudienceUser=0&isPaidClick=0&cp=CRx9ewYV_E42WhsdChQIqlMY4A4iA1VTRCiw8NfWBlIBMhIaFUPc7pMaC1B2MDdSc1BuWThBKAQwvKvk1AY&srpSearchId=4e751f73-9796-4e6d-bc52-8e613d29d7ba&srpSearchFlow=regular&isAnchor=1&anonymousId=e4b15426-b1f2-4c4c-b5e6-2f59d45e12c7&checkIn=2026-09-07&checkOut=2026-09-08,meta_redirect,2026-09-04T02:01:00-07:00,住宿总价,已含税,4660.3711625,4660.3711625,页面给出,vio,,,"{""优惠标签"": """", ""入住人数"": """", ""其他权益"": """", ""原价"": """", ""取消政策"": """", ""币种"": ""THB"", ""库存提示"": """", ""当前价"": ""4660.3711625"", ""支付方式"": """", ""早餐"": """", ""确认政策"": """", ""税费"": ""700.80026875""}",否,尚未通过T4人工复核,20260904-020108-csv-74befa6b,[LOCAL_HOME]/Desktop/Thailand---泰国/05_GoogleMaps曼谷酒店专用/04_平台详情/酒店售卖方案.csv,T3,否,8dfa89d5704acd94412cadbfbed4f09ddc44b1a4ba38d46c99f8e2db73a1e19b
ChIJLxrEcMie4jARb4KfjpcicvA,Trip.com,700948,1574430827,rate_34c4cf9ad2e43ea777,1,,,,,,,2700,,THB,,,,2026-09-07,2026-09-08,https://us.trip.com/hotels/detail/?Allianceid=15214&Sid=1209572&allianceid=15214&sid=1209572&hotelid=700948&city=359&locale=en_us&checkin=2026-09-07&checkout=2026-09-08&ouid=&shoppingid=Mki0N0fpa2qT&roomquantity=&minprice=52.16&mproom=1574430827&fgt=1&starlist=&rate=&amenty=&breakfast=&bookPolicy=&adult=2&children=0&ages=&curr=THB&prid=LANG_US&trip_sub1=23_09_2026_1_mapresults_700948_US_desktop_default___0_0-LANG_US-landing&br=52.16&tf=7.84&display=exavg&crn=1&mincurr=THB&stand=H4sIAAAAAAAA_-Ny52KSYBJi4mCUsuV4feH-O1aL34IBHDMYpzzRWsHIuIOR6SKjZkz_oa8abg4PGUXWuT-sEvFyeMHYPvMh0wIWxoWsbwJ3yLVKJzlI8fhmZxr4GaQVJBoVhigwalx7-OQKmwdjEJulhaGBhVGUDBdziIeT4I_um5NCBU_ZSzGHBrsoPhGRPfn0vpRDEmtqnm5ocEabWBcjkwfjKkZ2LmYDIyMBpk-M_MjmxpuYTGJiNAQA0kqbjLYAAAA,trip,2026-09-04T02:07:14-07:00,未知,未知,,,否,trip,原生目标币种（THB）,2026-09-04,"{""优惠标签"": """", ""入住人数"": """", ""其他权益"": """", ""原价"": """", ""取消政策"": """", ""币种"": ""THB"", ""库存提示"": """", ""当前价"": ""2700"", ""支付方式"": """", ""早餐"": """", ""确认政策"": """", ""税费"": """"}",否,价格计价单位未确认；税费包含状态未确认；尚未通过T4人工复核,20260907-003922-csv-f52bd5d0,[LOCAL_HOME]/Desktop/Thailand---泰国/05_GoogleMaps曼谷酒店专用/04_平台详情/酒店售卖方案.csv,T3,否,35e10f1daab85c50bd0de29e44cca78083d60f5cc0acb381c47b0fa19b823576
ChIJ69UzUM-e4jARwyvJBkeTbr0,Vio.com,1196769,4EHLh0OP7c4,rate_fc8c5f86493ea546c3,1,,,,,,,4519.68,679.68,THB,,,,2026-09-18,2026-09-19,https://www.vio.com/Hotel/1196769/zh?currency=THB&forceCurrencyChange=1&lang=zh&forceLanguageChange=1&rooms=2:&utm_source=gha&utm_medium=cpc&userCountry=TH&profile=r2d2m73kn8&preferredRate=125.54&deviceType=desktop&label=src%3Dgha&cltype=hotel&datype=default&gsite=mapresults&vf=0&ucountry=US&udevice=desktop&hotel=1196769&day=26&month=10&year=2026&los=1&price=125.54&cid=&listid=&rateid=US_D&closerateid=&promo=0&isPrivateRate=0&isAudienceUser=0&isPaidClick=0&cp=CRx9ewYV_E42WhsdChQIqlMY4A4iA1VTRCiw8NfWBlIBMhIaFUPc7pMaC1B2MDdSc1BuWThBKAQwvKvk1AY&srpSearchId=4e751f73-9796-4e6d-bc52-8e613d29d7ba&srpSearchFlow=regular&isAnchor=1&anonymousId=e4b15426-b1f2-4c4c-b5e6-2f59d45e12c7&checkIn=2026-09-18&checkOut=2026-09-19,meta_redirect,2026-09-04T02:13:16-07:00,住宿总价,已含税,4519.68,4519.68,页面给出,vio,,,"{""优惠标签"": """", ""入住人数"": """", ""其他权益"": """", ""原价"": """", ""取消政策"": """", ""币种"": ""THB"", ""库存提示"": """", ""当前价"": ""4519.68"", ""支付方式"": """", ""早餐"": """", ""确认政策"": """", ""税费"": ""679.68""}",否,尚未通过T4人工复核,20260904-021323-csv-3c32815d,[LOCAL_HOME]/Desktop/Thailand---泰国/05_GoogleMaps曼谷酒店专用/04_平台详情/酒店售卖方案.csv,T3,否,aad188c91b94bb665c176115464524a38bfeb1f168f34255f243567dc14d06de
ChIJLxrEcMie4jARb4KfjpcicvA,Trip.com,700948,1574430858,rate_abbf06f4f532b830c6,1,,,,,,,2880,,THB,,,,2026-09-18,2026-09-19,https://us.trip.com/hotels/detail/?Allianceid=15214&Sid=1209572&allianceid=15214&sid=1209572&hotelid=700948&city=359&locale=en_us&checkin=2026-09-18&checkout=2026-09-19&ouid=&shoppingid=Mki0N0fpa2qT&roomquantity=&minprice=52.16&mproom=1574430827&fgt=1&starlist=&rate=&amenty=&breakfast=&bookPolicy=&adult=2&children=0&ages=&curr=THB&prid=LANG_US&trip_sub1=23_09_2026_1_mapresults_700948_US_desktop_default___0_0-LANG_US-landing&br=52.16&tf=7.84&display=exavg&crn=1&mincurr=THB&stand=H4sIAAAAAAAA_-Ny52KSYBJi4mCUsuV4feH-O1aL34IBHDMYpzzRWsHIuIOR6SKjZkz_oa8abg4PGUXWuT-sEvFyeMHYPvMh0wIWxoWsbwJ3yLVKJzlI8fhmZxr4GaQVJBoVhigwalx7-OQKmwdjEJulhaGBhVGUDBdziIeT4I_um5NCBU_ZSzGHBrsoPhGRPfn0vpRDEmtqnm5ocEabWBcjkwfjKkZ2LmYDIyMBpk-M_MjmxpuYTGJiNAQA0kqbjLYAAAA,trip,2026-09-04T02:20:20-07:00,未知,未知,,,否,trip,原生目标币种（THB）,2026-09-04,"{""优惠标签"": """", ""入住人数"": """", ""其他权益"": """", ""原价"": """", ""取消政策"": """", ""币种"": ""THB"", ""库存提示"": """", ""当前价"": ""2880"", ""支付方式"": """", ""早餐"": """", ""确认政策"": """", ""税费"": """"}",否,价格计价单位未确认；税费包含状态未确认；尚未通过T4人工复核,20260907-003922-csv-f52bd5d0,[LOCAL_HOME]/Desktop/Thailand---泰国/05_GoogleMaps曼谷酒店专用/04_平台详情/酒店售卖方案.csv,T3,否,26784f77eb612f5f772cc13a30d04a6a945f8053637df3533fd8a0118470ad9f
ChIJf1YJeC-Z4jARNNLn8M9QwMw,Trip.com,996362,1839339778,rate_cc92850c120c655230,1,,,,,,,8478.73,,THB,,,,2026-09-07,2026-09-08,https://us.trip.com/hotels/detail/?Allianceid=15214&Sid=1209572&allianceid=15214&sid=1209572&hotelid=996362&city=359&locale=en_us&checkin=2026-09-07&checkout=2026-09-08&ouid=&shoppingid=MW3BcR9W4h31&roomquantity=&minprice=220.05&mproom=1119272145&fgt=1&starlist=&rate=&amenty=&breakfast=&bookPolicy=&adult=2&children=0&ages=&curr=THB&prid=LANG_US&trip_sub1=20_09_2026_1_mapresults_996362_US_desktop_default___0_0-LANG_US-landing&br=220.05&tf=33.10&display=exavg&crn=1&mincurr=THB&stand=H4sIAAAAAAAA_-Ny5GKSYBJi4mCUMue4-PPWVBYhRiOD-4wWW-UDOGYwdr2w2cHIdJFRvvV14I64dIeHjEE75FpfN2Y7vGC8t_bpZsYFLIxSPL7hxk7JQZbhJhnGhgqMGpeuPLnC5sEYxGZoYGzobBolw8UcGuwi-ERE9uTT-1IOUiCeIoyXxJqapxsanNEs1sXI5MG4ipGdi9nAyFCA6ROjALK58YZGZgBU0Y60rQAAAA,trip,2026-09-04T02:29:39-07:00,未知,未知,,,否,trip,原生目标币种（THB）,2026-09-04,"{""优惠标签"": """", ""入住人数"": """", ""其他权益"": """", ""原价"": """", ""取消政策"": """", ""币种"": ""THB"", ""库存提示"": """", ""当前价"": ""8478.73"", ""支付方式"": """", ""早餐"": """", ""确认政策"": """", ""税费"": """"}",否,价格计价单位未确认；税费包含状态未确认；尚未通过T4人工复核,20260907-003922-csv-f52bd5d0,[LOCAL_HOME]/Desktop/Thailand---泰国/05_GoogleMaps曼谷酒店专用/04_平台详情/酒店售卖方案.csv,T3,否,f1375dae594ad8c689cfbcfe386de2cd0b504aa2655d1ed31a7cbb20d8efc488
ChIJf1YJeC-Z4jARNNLn8M9QwMw,Trip.com,996362,1796118144,rate_43f259d2fc4466898a,1,,,,,,,7709.28,,THB,,,,2026-09-18,2026-09-19,https://us.trip.com/hotels/detail/?Allianceid=15214&Sid=1209572&allianceid=15214&sid=1209572&hotelid=996362&city=359&locale=en_us&checkin=2026-09-18&checkout=2026-09-19&ouid=&shoppingid=MW3BcR9W4h31&roomquantity=&minprice=220.05&mproom=1119272145&fgt=1&starlist=&rate=&amenty=&breakfast=&bookPolicy=&adult=2&children=0&ages=&curr=THB&prid=LANG_US&trip_sub1=20_09_2026_1_mapresults_996362_US_desktop_default___0_0-LANG_US-landing&br=220.05&tf=33.10&display=exavg&crn=1&mincurr=THB&stand=H4sIAAAAAAAA_-Ny5GKSYBJi4mCUMue4-PPWVBYhRiOD-4wWW-UDOGYwdr2w2cHIdJFRvvV14I64dIeHjEE75FpfN2Y7vGC8t_bpZsYFLIxSPL7hxk7JQZbhJhnGhgqMGpeuPLnC5sEYxGZoYGzobBolw8UcGuwi-ERE9uTT-1IOUiCeIoyXxJqapxsanNEs1sXI5MG4ipGdi9nAyFCA6ROjALK58YZGZgBU0Y60rQAAAA,trip,2026-09-04T02:31:29-07:00,未知,未知,,,否,trip,原生目标币种（THB）,2026-09-04,"{""优惠标签"": """", ""入住人数"": """", ""其他权益"": """", ""原价"": """", ""取消政策"": """", ""币种"": ""THB"", ""库存提示"": """", ""当前价"": ""7709.28"", ""支付方式"": """", ""早餐"": """", ""确认政策"": """", ""税费"": """"}",否,价格计价单位未确认；税费包含状态未确认；尚未通过T4人工复核,20260907-003922-csv-f52bd5d0,[LOCAL_HOME]/Desktop/Thailand---泰国/05_GoogleMaps曼谷酒店专用/04_平台详情/酒店售卖方案.csv,T3,否,89c25acd5f0a8287e495105294dbf741bcd8ed9aaa3aa7bb9f2cdd6452ec1440
ChIJpYbWb8aY4jAR5PmlBlsxOoM,Trip.com,996730,1731143996,rate_067fb37a322ef6acad,1,,,,,,,3160.95,,THB,,,,2026-09-07,2026-09-08,https://us.trip.com/hotels/detail/?Allianceid=15214&Sid=1209572&allianceid=15214&sid=1209572&hotelid=996730&city=359&locale=en_us&checkin=2026-09-07&checkout=2026-09-08&ouid=&shoppingid=MqAYg9Qubyff&roomquantity=&minprice=99.44&mproom=1731143996&fgt=1&starlist=&rate=&amenty=&breakfast=&bookPolicy=&adult=2&children=0&ages=&curr=THB&prid=LANG_US&trip_sub1=21_09_2026_1_mapresults_996730_US_desktop_default___0_0-LANG_US-landing&br=99.44&tf=14.95&display=exavg&crn=1&mincurr=THB&stand=H4sIAAAAAAAA_-Ny52KSYBJi4mCUsuXYc2nPTjaL34IBHDMYf72yWcHIuIOR6SJj_6GvGjHyoQ4PGWNAzDsRDi8YtzV_YVzAwriQVWSd-8OqKWEOUjy-hY6R6ZaBpUmVaWkKjBozHj65wubBGMRmauFi6OgaJcPFHOLhJPij--akUMFT9lLMocEuik9EZE8-vS_lkMSamqcbGpzRItbFyOTBuIqRnYvZwMhIgOkTIz-yufHmhpOYGA0BevmZ1bYAAAA,trip,2026-09-04T02:34:40-07:00,未知,未知,,,否,trip,原生目标币种（THB）,2026-09-04,"{""优惠标签"": """", ""入住人数"": """", ""其他权益"": """", ""原价"": """", ""取消政策"": """", ""币种"": ""THB"", ""库存提示"": """", ""当前价"": ""3160.95"", ""支付方式"": """", ""早餐"": """", ""确认政策"": """", ""税费"": """"}",否,价格计价单位未确认；税费包含状态未确认；尚未通过T4人工复核,20260907-003922-csv-f52bd5d0,[LOCAL_HOME]/Desktop/Thailand---泰国/05_GoogleMaps曼谷酒店专用/04_平台详情/酒店售卖方案.csv,T3,否,7b1a790e387cd3f8d7ba3826ae7e5c6ae76f6f07661d3c8038de83692d7e942a
ChIJpYbWb8aY4jAR5PmlBlsxOoM,Trip.com,996730,1731143996,rate_ebd0c0533dd0667cce,1,,,,,,,3426.47,,THB,,,,2026-09-18,2026-09-19,https://us.trip.com/hotels/detail/?Allianceid=15214&Sid=1209572&allianceid=15214&sid=1209572&hotelid=996730&city=359&locale=en_us&checkin=2026-09-18&checkout=2026-09-19&ouid=&shoppingid=MqAYg9Qubyff&roomquantity=&minprice=99.44&mproom=1731143996&fgt=1&starlist=&rate=&amenty=&breakfast=&bookPolicy=&adult=2&children=0&ages=&curr=THB&prid=LANG_US&trip_sub1=21_09_2026_1_mapresults_996730_US_desktop_default___0_0-LANG_US-landing&br=99.44&tf=14.95&display=exavg&crn=1&mincurr=THB&stand=H4sIAAAAAAAA_-Ny52KSYBJi4mCUsuXYc2nPTjaL34IBHDMYf72yWcHIuIOR6SJj_6GvGjHyoQ4PGWNAzDsRDi8YtzV_YVzAwriQVWSd-8OqKWEOUjy-hY6R6ZaBpUmVaWkKjBozHj65wubBGMRmauFi6OgaJcPFHOLhJPij--akUMFT9lLMocEuik9EZE8-vS_lkMSamqcbGpzRItbFyOTBuIqRnYvZwMhIgOkTIz-yufHmhpOYGA0BevmZ1bYAAAA,trip,2026-09-04T02:36:22-07:00,未知,未知,,,否,trip,原生目标币种（THB）,2026-09-04,"{""优惠标签"": """", ""入住人数"": """", ""其他权益"": """", ""原价"": """", ""取消政策"": """", ""币种"": ""THB"", ""库存提示"": """", ""当前价"": ""3426.47"", ""支付方式"": """", ""早餐"": """", ""确认政策"": """", ""税费"": """"}",否,价格计价单位未确认；税费包含状态未确认；尚未通过T4人工复核,20260907-003922-csv-f52bd5d0,[LOCAL_HOME]/Desktop/Thailand---泰国/05_GoogleMaps曼谷酒店专用/04_平台详情/酒店售卖方案.csv,T3,否,02dad253e980803ebb53596c0a50398ccefb61251156f117079281a1bc57299b
ChIJCWbW7MWY4jARuQATRiSHlA0,Vio.com,1043031,332jSGpcOAs,rate_1ed16c81750560e260,1,,,,,,,5814.5972283332,716.334580304,THB,,,,2026-09-07,2026-09-08,https://www.vio.com/Hotel/1043031/en?currency=THB&forceCurrencyChange=1&lang=en&forceLanguageChange=1&rooms=2:&utm_source=gha&utm_medium=cpc&userCountry=TH&profile=r2d2m73kn8&preferredRate=144.33&deviceType=desktop&label=src%3Dgha&cltype=hotel&datype=default&gsite=mapresults&vf=0&ucountry=US&udevice=desktop&hotel=1043031&day=05&month=09&year=2026&los=1&price=144.33&cid=&listid=&rateid=US_D&closerateid=&promo=0&isPrivateRate=0&isAudienceUser=0&isPaidClick=0&cp=qjAX_UygL65MK20CCg4I31wYghQiA1VTRFIBMhIaFZYrVOgaCzFuREl3WVBlNmpVKAMwzLXk1AY&srpSearchId=075e608c-6a88-48f0-be98-fa7d28a25c36&srpSearchFlow=regular&isAnchor=1&anonymousId=bae76f86-37b6-4835-8021-81d08490941b&checkIn=2026-09-07&checkOut=2026-09-08,meta_redirect,2026-09-04T02:47:52-07:00,住宿总价,已含税,5814.5972283332,5814.5972283332,页面给出,vio,,,"{""优惠标签"": """", ""入住人数"": """", ""其他权益"": """", ""原价"": """", ""取消政策"": """", ""币种"": ""THB"", ""库存提示"": """", ""当前价"": ""5814.5972283332"", ""支付方式"": """", ""早餐"": """", ""确认政策"": """", ""税费"": ""716.334580304""}",否,尚未通过T4人工复核,20260904-024852-csv-2c5ed851,[LOCAL_HOME]/Desktop/Thailand---泰国/05_GoogleMaps曼谷酒店专用/04_平台详情/酒店售卖方案.csv,T3,否,2febcf6edc6697cad6252196ce029c670b65d43cee06bad41cdefd3bf8e6786c
ChIJZTiLx92Y4jARaoCZW0M2Zew,Vio.com,1196784,8Y964U3MQ8M,rate_8e6c7c50df686b65a6,1,,,,,,,5649.1940875,849.58454375,THB,,,,2026-09-07,2026-09-08,https://www.vio.com/Hotel/1196784/en?currency=THB&forceCurrencyChange=1&lang=en&forceLanguageChange=1&rooms=2:&utm_source=gha&utm_medium=cpc&userCountry=TH&profile=r2d2m73kn8&preferredRate=233.77&deviceType=desktop&label=src%3Dgha&cltype=hotel&datype=default&gsite=mapresults&vf=0&ucountry=US&udevice=desktop&hotel=1196784&day=22&month=10&year=2026&los=1&price=233.77&cid=&listid=&rateid=ZZ_D&closerateid=&promo=0&isPrivateRate=0&isAudienceUser=0&isPaidClick=0&cp=tkTm_zdGZeBmGj4OChIIgZ0BEIkPGMcKIgNVU0RSATISGhVOSJY2GgtjcWtMeDRSZGgzZygCMNnA5NQG&srpSearchId=149bfbed-aa43-4772-aeb6-3e9ed0ea8854&srpSearchFlow=regular&isAnchor=1&anonymousId=e4b15426-b1f2-4c4c-b5e6-2f59d45e12c7&checkIn=2026-09-07&checkOut=2026-09-08,meta_redirect,2026-09-04T02:48:42-07:00,住宿总价,已含税,5649.1940875,5649.1940875,页面给出,vio,,,"{""优惠标签"": """", ""入住人数"": """", ""其他权益"": """", ""原价"": """", ""取消政策"": """", ""币种"": ""THB"", ""库存提示"": """", ""当前价"": ""5649.1940875"", ""支付方式"": """", ""早餐"": """", ""确认政策"": """", ""税费"": ""849.58454375""}",否,尚未通过T4人工复核,20260904-024852-csv-2c5ed851,[LOCAL_HOME]/Desktop/Thailand---泰国/05_GoogleMaps曼谷酒店专用/04_平台详情/酒店售卖方案.csv,T2,否,a0a41ba0634ed60338cad649369e40940ab9c1ea441c0d2b0be82b3990bef20b
ChIJCWbW7MWY4jARuQATRiSHlA0,Vio.com,1043031,332jSGpcOAs,rate_1ed16c81750560e260,1,,,,,,,5814.5972283332,716.334580304,THB,,,,2026-09-07,2026-09-08,https://www.vio.com/Hotel/1043031/en?currency=THB&forceCurrencyChange=1&lang=en&forceLanguageChange=1&rooms=2:&utm_source=gha&utm_medium=cpc&userCountry=TH&profile=r2d2m73kn8&preferredRate=144.33&deviceType=desktop&label=src%3Dgha&cltype=hotel&datype=default&gsite=mapresults&vf=0&ucountry=US&udevice=desktop&hotel=1043031&day=05&month=09&year=2026&los=1&price=144.33&cid=&listid=&rateid=US_D&closerateid=&promo=0&isPrivateRate=0&isAudienceUser=0&isPaidClick=0&cp=qjAX_UygL65MK20CCg4I31wYghQiA1VTRFIBMhIaFZYrVOgaCzFuREl3WVBlNmpVKAMwzLXk1AY&srpSearchId=075e608c-6a88-48f0-be98-fa7d28a25c36&srpSearchFlow=regular&isAnchor=1&anonymousId=bae76f86-37b6-4835-8021-81d08490941b&checkIn=2026-09-07&checkOut=2026-09-08,meta_redirect,2026-09-04T02:54:44-07:00,住宿总价,已含税,5814.5972283332,5814.5972283332,页面给出,vio,原生目标币种（THB）,2026-09-04,"{""优惠标签"": """", ""入住人数"": """", ""其他权益"": """", ""原价"": """", ""取消政策"": """", ""币种"": ""THB"", ""库存提示"": """", ""当前价"": ""5814.5972283332"", ""支付方式"": """", ""早餐"": """", ""确认政策"": """", ""税费"": ""716.334580304""}",否,尚未通过T4人工复核,20260907-003922-csv-f52bd5d0,[LOCAL_HOME]/Desktop/Thailand---泰国/05_GoogleMaps曼谷酒店专用/04_平台详情/酒店售卖方案.csv,T3,否,4208add8b9dfdb1905b365d5accd59fb48cd92509b1ecc8f999477ac1da5ae3a
ChIJCWbW7MWY4jARuQATRiSHlA0,Vio.com,1043031,7_eZrOFxjDY,rate_573e55c73c1f218f4c,1,,,,,,,6682.5559614685,823.0959840994,THB,,,,2026-09-18,2026-09-19,https://www.vio.com/Hotel/1043031/en?currency=THB&forceCurrencyChange=1&lang=en&forceLanguageChange=1&rooms=2:&utm_source=gha&utm_medium=cpc&userCountry=TH&profile=r2d2m73kn8&preferredRate=144.33&deviceType=desktop&label=src%3Dgha&cltype=hotel&datype=default&gsite=mapresults&vf=0&ucountry=US&udevice=desktop&hotel=1043031&day=05&month=09&year=2026&los=1&price=144.33&cid=&listid=&rateid=US_D&closerateid=&promo=0&isPrivateRate=0&isAudienceUser=0&isPaidClick=0&cp=qjAX_UygL65MK20CCg4I31wYghQiA1VTRFIBMhIaFZYrVOgaCzFuREl3WVBlNmpVKAMwzLXk1AY&srpSearchId=075e608c-6a88-48f0-be98-fa7d28a25c36&srpSearchFlow=regular&isAnchor=1&anonymousId=bae76f86-37b6-4835-8021-81d08490941b&checkIn=2026-09-18&checkOut=2026-09-19,meta_redirect,2026-09-04T02:56:03-07:00,住宿总价,已含税,6682.5559614685,6682.5559614685,页面给出,vio,原生目标币种（THB）,2026-09-04,"{""优惠标签"": """", ""入住人数"": """", ""其他权益"": """", ""原价"": """", ""取消政策"": """", ""币种"": ""THB"", ""库存提示"": """", ""当前价"": ""6682.5559614685"", ""支付方式"": """", ""早餐"": """", ""确认政策"": """", ""税费"": ""823.0959840994""}",否,尚未通过T4人工复核,20260907-003922-csv-f52bd5d0,[LOCAL_HOME]/Desktop/Thailand---泰国/05_GoogleMaps曼谷酒店专用/04_平台详情/酒店售卖方案.csv,T3,否,c27c869fc70869ca679b745f2e82481aef3ff8944bddaea8592ad3da458d1c43
ChIJ69UzUM-e4jARwyvJBkeTbr0,Vio.com,1196769,1b5XiZkWwSo,rate_100f78f45e0fabc849,1,,,,,,,4660.3711625,632.6623375,THB,,,,2026-09-07,2026-09-08,https://www.vio.com/Hotel/1196769/zh?currency=THB&forceCurrencyChange=1&lang=zh&forceLanguageChange=1&rooms=2:&utm_source=gha&utm_medium=cpc&userCountry=TH&profile=r2d2m73kn8&preferredRate=125.54&deviceType=desktop&label=src%3Dgha&cltype=hotel&datype=default&gsite=mapresults&vf=0&ucountry=US&udevice=desktop&hotel=1196769&day=26&month=10&year=2026&los=1&price=125.54&cid=&listid=&rateid=US_D&closerateid=&promo=0&isPrivateRate=0&isAudienceUser=0&isPaidClick=0&cp=CRx9ewYV_E42WhsdChQIqlMY4A4iA1VTRCiw8NfWBlIBMhIaFUPc7pMaC1B2MDdSc1BuWThBKAQwvKvk1AY&srpSearchId=4e751f73-9796-4e6d-bc52-8e613d29d7ba&srpSearchFlow=regular&isAnchor=1&anonymousId=e4b15426-b1f2-4c4c-b5e6-2f59d45e12c7&checkIn=2026-09-07&checkOut=2026-09-08,meta_redirect,2026-09-04T02:57:24-07:00,住宿总价,已含税,4660.3711625,4660.3711625,页面给出,vio,原生目标币种（THB）,2026-09-04,"{""优惠标签"": """", ""入住人数"": """", ""其他权益"": """", ""原价"": """", ""取消政策"": """", ""币种"": ""THB"", ""库存提示"": """", ""当前价"": ""4660.3711625"", ""支付方式"": """", ""早餐"": """", ""确认政策"": """", ""税费"": ""632.6623375""}",否,尚未通过T4人工复核,20260907-003922-csv-f52bd5d0,[LOCAL_HOME]/Desktop/Thailand---泰国/05_GoogleMaps曼谷酒店专用/04_平台详情/酒店售卖方案.csv,T3,否,f66a8a930a78d9e628288af188c6f0d4c7a2f853bad61f274a7e4005ac89be57
ChIJ69UzUM-e4jARwyvJBkeTbr0,Vio.com,1196769,0bK3wjJNRzU,rate_995eeccf069e7c83a3,1,,,,,,,4519.68,679.68,THB,,,,2026-09-18,2026-09-19,https://www.vio.com/Hotel/1196769/zh?currency=THB&forceCurrencyChange=1&lang=zh&forceLanguageChange=1&rooms=2:&utm_source=gha&utm_medium=cpc&userCountry=TH&profile=r2d2m73kn8&preferredRate=125.54&deviceType=desktop&label=src%3Dgha&cltype=hotel&datype=default&gsite=mapresults&vf=0&ucountry=US&udevice=desktop&hotel=1196769&day=26&month=10&year=2026&los=1&price=125.54&cid=&listid=&rateid=US_D&closerateid=&promo=0&isPrivateRate=0&isAudienceUser=0&isPaidClick=0&cp=CRx9ewYV_E42WhsdChQIqlMY4A4iA1VTRCiw8NfWBlIBMhIaFUPc7pMaC1B2MDdSc1BuWThBKAQwvKvk1AY&srpSearchId=4e751f73-9796-4e6d-bc52-8e613d29d7ba&srpSearchFlow=regular&isAnchor=1&anonymousId=e4b15426-b1f2-4c4c-b5e6-2f59d45e12c7&checkIn=2026-09-18&checkOut=2026-09-19,meta_redirect,2026-09-04T02:58:45-07:00,住宿总价,已含税,4519.68,4519.68,页面给出,vio,原生目标币种（THB）,2026-09-04,"{""优惠标签"": """", ""入住人数"": """", ""其他权益"": """", ""原价"": """", ""取消政策"": """", ""币种"": ""THB"", ""库存提示"": """", ""当前价"": ""4519.68"", ""支付方式"": """", ""早餐"": """", ""确认政策"": """", ""税费"": ""679.68""}",否,尚未通过T4人工复核,20260907-003922-csv-f52bd5d0,[LOCAL_HOME]/Desktop/Thailand---泰国/05_GoogleMaps曼谷酒店专用/04_平台详情/酒店售卖方案.csv,T3,否,2a5eec45951f7728b5faa127dbdcfaf75fb614eb82f00a5c969cb13ad8d61e06
ChIJZTiLx92Y4jARaoCZW0M2Zew,Vio.com,1196784,8Y964U3MQ8M,rate_8e6c7c50df686b65a6,1,,,,,,,5649.1940875,849.58454375,THB,,,,2026-09-07,2026-09-08,https://www.vio.com/Hotel/1196784/en?currency=THB&forceCurrencyChange=1&lang=en&forceLanguageChange=1&rooms=2:&utm_source=gha&utm_medium=cpc&userCountry=TH&profile=r2d2m73kn8&preferredRate=233.77&deviceType=desktop&label=src%3Dgha&cltype=hotel&datype=default&gsite=mapresults&vf=0&ucountry=US&udevice=desktop&hotel=1196784&day=22&month=10&year=2026&los=1&price=233.77&cid=&listid=&rateid=ZZ_D&closerateid=&promo=0&isPrivateRate=0&isAudienceUser=0&isPaidClick=0&cp=tkTm_zdGZeBmGj4OChIIgZ0BEIkPGMcKIgNVU0RSATISGhVOSJY2GgtjcWtMeDRSZGgzZygCMNnA5NQG&srpSearchId=149bfbed-aa43-4772-aeb6-3e9ed0ea8854&srpSearchFlow=regular&isAnchor=1&anonymousId=e4b15426-b1f2-4c4c-b5e6-2f59d45e12c7&checkIn=2026-09-07&checkOut=2026-09-08,meta_redirect,2026-09-04T03:01:04-07:00,住宿总价,已含税,5649.1940875,5649.1940875,页面给出,vio,原生目标币种（THB）,2026-09-04,"{""优惠标签"": """", ""入住人数"": """", ""其他权益"": """", ""原价"": """", ""取消政策"": """", ""币种"": ""THB"", ""库存提示"": """", ""当前价"": ""5649.1940875"", ""支付方式"": """", ""早餐"": """", ""确认政策"": """", ""税费"": ""849.58454375""}",否,尚未通过T4人工复核,20260907-003922-csv-f52bd5d0,[LOCAL_HOME]/Desktop/Thailand---泰国/05_GoogleMaps曼谷酒店专用/04_平台详情/酒店售卖方案.csv,T3,否,b89ecd47e7fd8294ce1afecd1fe3706e299a7f059208f80814febe94c4a7674e
ChIJZTiLx92Y4jARaoCZW0M2Zew,Vio.com,1196784,FpIsyu7S68c,rate_860a287d55e77e96c6,1,,,,,,,5649.1940875,772.20255505,THB,,,,2026-09-18,2026-09-19,https://www.vio.com/Hotel/1196784/en?currency=THB&forceCurrencyChange=1&lang=en&forceLanguageChange=1&rooms=2:&utm_source=gha&utm_medium=cpc&userCountry=TH&profile=r2d2m73kn8&preferredRate=233.77&deviceType=desktop&label=src%3Dgha&cltype=hotel&datype=default&gsite=mapresults&vf=0&ucountry=US&udevice=desktop&hotel=1196784&day=22&month=10&year=2026&los=1&price=233.77&cid=&listid=&rateid=ZZ_D&closerateid=&promo=0&isPrivateRate=0&isAudienceUser=0&isPaidClick=0&cp=tkTm_zdGZeBmGj4OChIIgZ0BEIkPGMcKIgNVU0RSATISGhVOSJY2GgtjcWtMeDRSZGgzZygCMNnA5NQG&srpSearchId=149bfbed-aa43-4772-aeb6-3e9ed0ea8854&srpSearchFlow=regular&isAnchor=1&anonymousId=e4b15426-b1f2-4c4c-b5e6-2f59d45e12c7&checkIn=2026-09-18&checkOut=2026-09-19,meta_redirect,2026-09-04T03:02:21-07:00,住宿总价,已含税,5649.1940875,5649.1940875,页面给出,vio,原生目标币种（THB）,2026-09-04,"{""优惠标签"": """", ""入住人数"": """", ""其他权益"": """", ""原价"": """", ""取消政策"": """", ""币种"": ""THB"", ""库存提示"": """", ""当前价"": ""5649.1940875"", ""支付方式"": """", ""早餐"": """", ""确认政策"": """", ""税费"": ""772.20255505""}",否,尚未通过T4人工复核,20260907-003922-csv-f52bd5d0,[LOCAL_HOME]/Desktop/Thailand---泰国/05_GoogleMaps曼谷酒店专用/04_平台详情/酒店售卖方案.csv,T3,否,5cee032e0d999663f2e03631fe3be336449151e10477b76be5c92c02fd0c06dd
ChIJ-Vw_G8yZ4jARHG4N56HvjF4,Victora Hostel,,room_3cd76aafbd09dc28c7,rate_fc5f291b7b54ca2586,1,,,,,,,2500,,THB,,,,2026-09-26,2026-09-27,https://ibe.hoteliers.guru/ibe/en/Victora-Hostel-Phra-Nakhon-Bangkok-TH/search?tid=7803ba2132c6188c868ac0fc85c54a12,official,2026-09-07T00:12:16-07:00,未知,未知,,,否,official_other,原生目标币种（THB）,2026-09-07,"{""优惠标签"": """", ""入住人数"": """", ""其他权益"": """", ""原价"": """", ""取消政策"": """", ""币种"": ""THB"", ""库存提示"": """", ""当前价"": ""2500"", ""支付方式"": """", ""早餐"": """", ""确认政策"": """", ""税费"": """"}",否,价格计价单位未确认；税费包含状态未确认；尚未通过T4人工复核,20260907-001955-csv-a75a6c42,[LOCAL_HOME]/Desktop/Thailand---泰国/05_GoogleMaps曼谷酒店专用/04_平台详情/酒店售卖方案.csv,T3,否,0f8be2e896a5cb6cb4158c61f10b3f8550b64c29674b22ee6a8276c676241c46
ChIJ-Vw_G8yZ4jARHG4N56HvjF4,Victora Hostel,,room_6009c2cabdef93d1a0,rate_d124a89d38ab3cf00c,1,,,,,2 Adults,,0.00,,THB,,,,2026-09-26,2026-09-27,https://ibe.hoteliers.guru/ibe/en/Victora-Hostel-Phra-Nakhon-Bangkok-TH/search?tid=7803ba2132c6188c868ac0fc85c54a12,official,2026-09-07T00:12:16-07:00,未知,未知,,,否,official_other,原生目标币种（THB）,2026-09-07,"{""优惠标签"": """", ""入住人数"": ""2 Adults"", ""其他权益"": """", ""原价"": """", ""取消政策"": """", ""币种"": ""THB"", ""库存提示"": """", ""当前价"": ""0.00"", ""支付方式"": """", ""早餐"": """", ""确认政策"": """", ""税费"": """"}",否,价格计价单位未确认；税费包含状态未确认；尚未通过T4人工复核,20260907-001955-csv-a75a6c42,[LOCAL_HOME]/Desktop/Thailand---泰国/05_GoogleMaps曼谷酒店专用/04_平台详情/酒店售卖方案.csv,T3,否,17931d3e618ca52c80f7a0028da2bafc1ad1a0f4d946bc45b8adb4231a287bf9
ChIJ-Vw_G8yZ4jARHG4N56HvjF4,Victora Hostel,,room_3cd76aafbd09dc28c7,rate_f26deff504053a30c2,5,,,,,,,2920.00,,THB,,,,2026-09-26,2026-09-27,https://ibe.hoteliers.guru/ibe/en/Victora-Hostel-Phra-Nakhon-Bangkok-TH/search?tid=7803ba2132c6188c868ac0fc85c54a12,official,2026-09-07T00:12:16-07:00,未知,未知,,,否,official_other,原生目标币种（THB）,2026-09-07,"{""优惠标签"": """", ""入住人数"": """", ""其他权益"": """", ""原价"": """", ""取消政策"": """", ""币种"": ""THB"", ""库存提示"": """", ""当前价"": ""2920.00"", ""支付方式"": """", ""早餐"": """", ""确认政策"": """", ""税费"": """"}",否,价格计价单位未确认；税费包含状态未确认；尚未通过T4人工复核,20260907-001955-csv-a75a6c42,[LOCAL_HOME]/Desktop/Thailand---泰国/05_GoogleMaps曼谷酒店专用/04_平台详情/酒店售卖方案.csv,T3,否,1a07040580869be8b5b46591e6762dca00ab60d50a3b57a950cb7b2d0730165e
ChIJ-Vw_G8yZ4jARHG4N56HvjF4,Victora Hostel,,room_3cd76aafbd09dc28c7,rate_6ff5831ecf9987009a,2,,,,,2 Adults,,0.00,,THB,,,,2026-09-26,2026-09-27,https://ibe.hoteliers.guru/ibe/en/Victora-Hostel-Phra-Nakhon-Bangkok-TH/search?tid=7803ba2132c6188c868ac0fc85c54a12,official,2026-09-07T00:12:16-07:00,未知,未知,,,否,official_other,原生目标币种（THB）,2026-09-07,"{""优惠标签"": """", ""入住人数"": ""2 Adults"", ""其他权益"": """", ""原价"": """", ""取消政策"": """", ""币种"": ""THB"", ""库存提示"": """", ""当前价"": ""0.00"", ""支付方式"": """", ""早餐"": """", ""确认政策"": """", ""税费"": """"}",否,价格计价单位未确认；税费包含状态未确认；尚未通过T4人工复核,20260907-001955-csv-a75a6c42,[LOCAL_HOME]/Desktop/Thailand---泰国/05_GoogleMaps曼谷酒店专用/04_平台详情/酒店售卖方案.csv,T3,否,1b8e09a627e1e1f136af75bcb6a7ca651c7d95e0ecbcac3ce8ab79b43e56ae6c
ChIJ-Vw_G8yZ4jARHG4N56HvjF4,Victora Hostel,,room_3cd76aafbd09dc28c7,rate_0b2110da6c0162ec96,3,,,,,,,0.00,,THB,,,,2026-09-26,2026-09-27,https://ibe.hoteliers.guru/ibe/en/Victora-Hostel-Phra-Nakhon-Bangkok-TH/search?tid=7803ba2132c6188c868ac0fc85c54a12,official,2026-09-07T00:12:16-07:00,未知,未知,,,否,official_other,原生目标币种（THB）,2026-09-07,"{""优惠标签"": """", ""入住人数"": """", ""其他权益"": """", ""原价"": """", ""取消政策"": """", ""币种"": ""THB"", ""库存提示"": """", ""当前价"": ""0.00"", ""支付方式"": """", ""早餐"": """", ""确认政策"": """", ""税费"": """"}",否,价格计价单位未确认；税费包含状态未确认；尚未通过T4人工复核,20260907-001955-csv-a75a6c42,[LOCAL_HOME]/Desktop/Thailand---泰国/05_GoogleMaps曼谷酒店专用/04_平台详情/酒店售卖方案.csv,T3,否,4439d056d6f0408aabbdd9471f2cbd45b08f37e89d6e00f9f9ef361429e632c9
ChIJ-Vw_G8yZ4jARHG4N56HvjF4,Victora Hostel,,room_3cd76aafbd09dc28c7,rate_ebee58eba8afc2ea3b,6,,,,,,,3020.00,,THB,,,,2026-09-26,2026-09-27,https://ibe.hoteliers.guru/ibe/en/Victora-Hostel-Phra-Nakhon-Bangkok-TH/search?tid=7803ba2132c6188c868ac0fc85c54a12,official,2026-09-07T00:12:16-07:00,未知,未知,,,否,official_other,原生目标币种（THB）,2026-09-07,"{""优惠标签"": """", ""入住人数"": """", ""其他权益"": """", ""原价"": """", ""取消政策"": """", ""币种"": ""THB"", ""库存提示"": """", ""当前价"": ""3020.00"", ""支付方式"": """", ""早餐"": """", ""确认政策"": """", ""税费"": """"}",否,价格计价单位未确认；税费包含状态未确认；尚未通过T4人工复核,20260907-001955-csv-a75a6c42,[LOCAL_HOME]/Desktop/Thailand---泰国/05_GoogleMaps曼谷酒店专用/04_平台详情/酒店售卖方案.csv,T3,否,5a4faa0885ac0f46af263c065c5bc47b189ed5d909cc611ea2699f20b5b9ce15
ChIJ-Vw_G8yZ4jARHG4N56HvjF4,Victora Hostel,,room_3cd76aafbd09dc28c7,rate_d61b7aa42a21d59920,6,,,,,,,3215.00,,THB,,,,2026-09-26,2026-09-27,https://ibe.hoteliers.guru/ibe/en/Victora-Hostel-Phra-Nakhon-Bangkok-TH/search?tid=7803ba2132c6188c868ac0fc85c54a12,official,2026-09-07T00:12:16-07:00,未知,未知,,,否,official_other,原生目标币种（THB）,2026-09-07,"{""优惠标签"": """", ""入住人数"": """", ""其他权益"": """", ""原价"": """", ""取消政策"": """", ""币种"": ""THB"", ""库存提示"": """", ""当前价"": ""3215.00"", ""支付方式"": """", ""早餐"": """", ""确认政策"": """", ""税费"": """"}",否,价格计价单位未确认；税费包含状态未确认；尚未通过T4人工复核,20260907-001955-csv-a75a6c42,[LOCAL_HOME]/Desktop/Thailand---泰国/05_GoogleMaps曼谷酒店专用/04_平台详情/酒店售卖方案.csv,T3,否,7700d1901876b4efcb5e3b11dca2b9fd8f7c9da940613daea40e7121ec80885c
ChIJ-Vw_G8yZ4jARHG4N56HvjF4,Victora Hostel,,room_f6ecbce190e286afad,rate_b2b02d55ab2353f019,1,,,,,,,0.00,,THB,,,,2026-09-26,2026-09-27,https://ibe.hoteliers.guru/ibe/en/Victora-Hostel-Phra-Nakhon-Bangkok-TH/search?tid=7803ba2132c6188c868ac0fc85c54a12,official,2026-09-07T00:12:16-07:00,未知,未知,,,否,official_other,原生目标币种（THB）,2026-09-07,"{""优惠标签"": """", ""入住人数"": """", ""其他权益"": """", ""原价"": """", ""取消政策"": """", ""币种"": ""THB"", ""库存提示"": """", ""当前价"": ""0.00"", ""支付方式"": """", ""早餐"": """", ""确认政策"": """", ""税费"": """"}",否,价格计价单位未确认；税费包含状态未确认；尚未通过T4人工复核,20260907-001955-csv-a75a6c42,[LOCAL_HOME]/Desktop/Thailand---泰国/05_GoogleMaps曼谷酒店专用/04_平台详情/酒店售卖方案.csv,T3,否,849f9697bba388771e8aededf9cedbde81fc37bd52da26ca91d4af38b4755287
ChIJ-Vw_G8yZ4jARHG4N56HvjF4,Victora Hostel,,room_3cd76aafbd09dc28c7,tab-all,1,,,,,2 Adult,,2920.00,,THB,,,,2026-09-26,2026-09-27,https://ibe.hoteliers.guru/ibe/en/Victora-Hostel-Phra-Nakhon-Bangkok-TH/search?tid=7803ba2132c6188c868ac0fc85c54a12,official,2026-09-07T00:12:16-07:00,未知,未知,,,否,official_other,原生目标币种（THB）,2026-09-07,"{""优惠标签"": """", ""入住人数"": ""2 Adult"", ""其他权益"": """", ""原价"": """", ""取消政策"": """", ""币种"": ""THB"", ""库存提示"": """", ""当前价"": ""2920.00"", ""支付方式"": """", ""早餐"": """", ""确认政策"": """", ""税费"": """"}",否,价格计价单位未确认；税费包含状态未确认；尚未通过T4人工复核,20260907-001955-csv-a75a6c42,[LOCAL_HOME]/Desktop/Thailand---泰国/05_GoogleMaps曼谷酒店专用/04_平台详情/酒店售卖方案.csv,T3,否,8e6cc57ca12f82a64615db5551b35b6cb387b7633c4384047130b201ed1e2d4c
ChIJ-Vw_G8yZ4jARHG4N56HvjF4,Victora Hostel,,room_3cd76aafbd09dc28c7,rate_8e893938900eb69d51,4,,,,,,,2920.00,,THB,,,,2026-09-26,2026-09-27,https://ibe.hoteliers.guru/ibe/en/Victora-Hostel-Phra-Nakhon-Bangkok-TH/search?tid=7803ba2132c6188c868ac0fc85c54a12,official,2026-09-07T00:12:16-07:00,未知,未知,,,否,official_other,原生目标币种（THB）,2026-09-07,"{""优惠标签"": """", ""入住人数"": """", ""其他权益"": """", ""原价"": """", ""取消政策"": """", ""币种"": ""THB"", ""库存提示"": """", ""当前价"": ""2920.00"", ""支付方式"": """", ""早餐"": """", ""确认政策"": """", ""税费"": """"}",否,价格计价单位未确认；税费包含状态未确认；尚未通过T4人工复核,20260907-001955-csv-a75a6c42,[LOCAL_HOME]/Desktop/Thailand---泰国/05_GoogleMaps曼谷酒店专用/04_平台详情/酒店售卖方案.csv,T3,否,92b4b3c16d5d77f6a2f4aa41156646e8d9e1370226aaf1211d51595d693a8680
ChIJ-Vw_G8yZ4jARHG4N56HvjF4,Victora Hostel,,room_3cd76aafbd09dc28c7,rate_0326712b08b13ed916,7,,,,,,,3020.00,,THB,,,,2026-09-26,2026-09-27,https://ibe.hoteliers.guru/ibe/en/Victora-Hostel-Phra-Nakhon-Bangkok-TH/search?tid=7803ba2132c6188c868ac0fc85c54a12,official,2026-09-07T00:12:16-07:00,未知,未知,,,否,official_other,原生目标币种（THB）,2026-09-07,"{""优惠标签"": """", ""入住人数"": """", ""其他权益"": """", ""原价"": """", ""取消政策"": """", ""币种"": ""THB"", ""库存提示"": """", ""当前价"": ""3020.00"", ""支付方式"": """", ""早餐"": """", ""确认政策"": """", ""税费"": """"}",否,价格计价单位未确认；税费包含状态未确认；尚未通过T4人工复核,20260907-001955-csv-a75a6c42,[LOCAL_HOME]/Desktop/Thailand---泰国/05_GoogleMaps曼谷酒店专用/04_平台详情/酒店售卖方案.csv,T3,否,a8987f96f8089ac8ec9ddc52776f452249405d8ef4792744ceb028050d11cc37
ChIJ-Vw_G8yZ4jARHG4N56HvjF4,Victora Hostel,,room_182f3feaddb5ab34a3,rate_8a3bf58b5ec02e01f2,1,,,,,,,0.00,,THB,,,,2026-09-26,2026-09-27,https://ibe.hoteliers.guru/ibe/en/Victora-Hostel-Phra-Nakhon-Bangkok-TH/search?tid=7803ba2132c6188c868ac0fc85c54a12,official,2026-09-07T00:12:16-07:00,未知,未知,,,否,official_other,原生目标币种（THB）,2026-09-07,"{""优惠标签"": """", ""入住人数"": """", ""其他权益"": """", ""原价"": """", ""取消政策"": """", ""币种"": ""THB"", ""库存提示"": """", ""当前价"": ""0.00"", ""支付方式"": """", ""早餐"": """", ""确认政策"": """", ""税费"": """"}",否,价格计价单位未确认；税费包含状态未确认；尚未通过T4人工复核,20260907-001955-csv-a75a6c42,[LOCAL_HOME]/Desktop/Thailand---泰国/05_GoogleMaps曼谷酒店专用/04_平台详情/酒店售卖方案.csv,T3,否,c1bd95ef20280c1b3674e703fe74a781bfd4997d2a067d4d80a85f803d48456d
ChIJ-Vw_G8yZ4jARHG4N56HvjF4,Victora Hostel,,room_3cd76aafbd09dc28c7,rate_3f313df1ef5e9b52a3,7,,,,,,,3368.00,,THB,,,,2026-09-26,2026-09-27,https://ibe.hoteliers.guru/ibe/en/Victora-Hostel-Phra-Nakhon-Bangkok-TH/search?tid=7803ba2132c6188c868ac0fc85c54a12,official,2026-09-07T00:12:16-07:00,未知,未知,,,否,official_other,原生目标币种（THB）,2026-09-07,"{""优惠标签"": """", ""入住人数"": """", ""其他权益"": """", ""原价"": """", ""取消政策"": """", ""币种"": ""THB"", ""库存提示"": """", ""当前价"": ""3368.00"", ""支付方式"": """", ""早餐"": """", ""确认政策"": """", ""税费"": """"}",否,价格计价单位未确认；税费包含状态未确认；尚未通过T4人工复核,20260907-001955-csv-a75a6c42,[LOCAL_HOME]/Desktop/Thailand---泰国/05_GoogleMaps曼谷酒店专用/04_平台详情/酒店售卖方案.csv,T3,否,c282201255560c46bb30a567d69bb1782c8acfbc294c611916a2126fc847d1df
ChIJ-Vw_G8yZ4jARHG4N56HvjF4,Victora Hostel,,room_b4f6a078e22da94d04,rate_c7978535b344444e81,1,,,,,,,0.00,,THB,,,,2026-09-26,2026-09-27,https://ibe.hoteliers.guru/ibe/en/Victora-Hostel-Phra-Nakhon-Bangkok-TH/search?tid=7803ba2132c6188c868ac0fc85c54a12,official,2026-09-07T00:12:16-07:00,未知,未知,,,否,official_other,原生目标币种（THB）,2026-09-07,"{""优惠标签"": """", ""入住人数"": """", ""其他权益"": """", ""原价"": """", ""取消政策"": """", ""币种"": ""THB"", ""库存提示"": """", ""当前价"": ""0.00"", ""支付方式"": """", ""早餐"": """", ""确认政策"": """", ""税费"": """"}",否,价格计价单位未确认；税费包含状态未确认；尚未通过T4人工复核,20260907-001955-csv-a75a6c42,[LOCAL_HOME]/Desktop/Thailand---泰国/05_GoogleMaps曼谷酒店专用/04_平台详情/酒店售卖方案.csv,T3,否,df9d0c07dd03fa9413031f8e1ca7e46804e3891dde60b769abbca97b272b895e
ChIJ-Vw_G8yZ4jARHG4N56HvjF4,Victora Hostel,,room_3cd76aafbd09dc28c7,rate_6f6628ecee6445ccb8,5,,,,,,,3215.00,,THB,,,,2026-09-26,2026-09-27,https://ibe.hoteliers.guru/ibe/en/Victora-Hostel-Phra-Nakhon-Bangkok-TH/search?tid=7803ba2132c6188c868ac0fc85c54a12,official,2026-09-07T00:12:16-07:00,未知,未知,,,否,official_other,原生目标币种（THB）,2026-09-07,"{""优惠标签"": """", ""入住人数"": """", ""其他权益"": """", ""原价"": """", ""取消政策"": """", ""币种"": ""THB"", ""库存提示"": """", ""当前价"": ""3215.00"", ""支付方式"": """", ""早餐"": """", ""确认政策"": """", ""税费"": """"}",否,价格计价单位未确认；税费包含状态未确认；尚未通过T4人工复核,20260907-001955-csv-a75a6c42,[LOCAL_HOME]/Desktop/Thailand---泰国/05_GoogleMaps曼谷酒店专用/04_平台详情/酒店售卖方案.csv,T3,否,f0c8698892ba66135c82241b7c480ce9f7fbbd4ce10694e58ecc0452ca99ee57
ChIJ-Vw_G8yZ4jARHG4N56HvjF4,Victora Hostel,,room_3cd76aafbd09dc28c7,rate_44e6b8613a9ef2594d,8,,,,,,,3368.00,,THB,,,,2026-09-26,2026-09-27,https://ibe.hoteliers.guru/ibe/en/Victora-Hostel-Phra-Nakhon-Bangkok-TH/search?tid=7803ba2132c6188c868ac0fc85c54a12,official,2026-09-07T00:12:16-07:00,未知,未知,,,否,official_other,原生目标币种（THB）,2026-09-07,"{""优惠标签"": """", ""入住人数"": """", ""其他权益"": """", ""原价"": """", ""取消政策"": """", ""币种"": ""THB"", ""库存提示"": """", ""当前价"": ""3368.00"", ""支付方式"": """", ""早餐"": """", ""确认政策"": """", ""税费"": """"}",否,价格计价单位未确认；税费包含状态未确认；尚未通过T4人工复核,20260907-001955-csv-a75a6c42,[LOCAL_HOME]/Desktop/Thailand---泰国/05_GoogleMaps曼谷酒店专用/04_平台详情/酒店售卖方案.csv,T3,否,f207f725f0b96d374a69599b7d961c9ed2be30641edf16465148a43afff1c122
ChIJ-Vw_G8yZ4jARHG4N56HvjF4,Victora Hostel,,room_712e0ba64de02624df,rate_18e3ea31bbb20393a8,1,,,,,,,0.00,,THB,,,,2026-09-26,2026-09-27,https://ibe.hoteliers.guru/ibe/en/Victora-Hostel-Phra-Nakhon-Bangkok-TH/search?tid=7803ba2132c6188c868ac0fc85c54a12,official,2026-09-07T00:12:16-07:00,未知,未知,,,否,official_other,原生目标币种（THB）,2026-09-07,"{""优惠标签"": """", ""入住人数"": """", ""其他权益"": """", ""原价"": """", ""取消政策"": """", ""币种"": ""THB"", ""库存提示"": """", ""当前价"": ""0.00"", ""支付方式"": """", ""早餐"": """", ""确认政策"": """", ""税费"": """"}",否,价格计价单位未确认；税费包含状态未确认；尚未通过T4人工复核,20260907-001955-csv-a75a6c42,[LOCAL_HOME]/Desktop/Thailand---泰国/05_GoogleMaps曼谷酒店专用/04_平台详情/酒店售卖方案.csv,T3,否,fd66a9702177b5f7e596d5e531c46b72148ab7a2741aac1c5a9fb3a3635a63ce
ChIJG3c6A2uZ4jARZr2YagTn4_4,Thana Wisut Hotel,,room_f7c496590d3a4a56c5,rate_7dbaad41213a076b7a,1,,,,,,,0.00,,THB,,,,2026-09-05,2026-09-06,https://ibe.hoteliers.guru/ibe/en/Thana-Wisut-Hotel-Phanakorn-Bangkok-TH/search?tid=8ab2b5d5a405433e1dca3914e5cc12d8,official,2026-09-07T00:13:18-07:00,未知,未知,,,否,official_other,原生目标币种（THB）,2026-09-07,"{""优惠标签"": """", ""入住人数"": """", ""其他权益"": """", ""原价"": """", ""取消政策"": """", ""币种"": ""THB"", ""库存提示"": """", ""当前价"": ""0.00"", ""支付方式"": """", ""早餐"": """", ""确认政策"": """", ""税费"": """"}",否,价格计价单位未确认；税费包含状态未确认；尚未通过T4人工复核,20260907-001955-csv-a75a6c42,[LOCAL_HOME]/Desktop/Thailand---泰国/05_GoogleMaps曼谷酒店专用/04_平台详情/酒店售卖方案.csv,T3,否,14b614fbd7f2419bdecc46b3340cf471bf37249e563e86a9c833d592cb1e3238
ChIJG3c6A2uZ4jARZr2YagTn4_4,Thana Wisut Hotel,,room_0ec80734da582403e9,rate_cc429c20e4f072ac51,1,,,,,,,0.00,,THB,,,,2026-09-05,2026-09-06,https://ibe.hoteliers.guru/ibe/en/Thana-Wisut-Hotel-Phanakorn-Bangkok-TH/search?tid=8ab2b5d5a405433e1dca3914e5cc12d8,official,2026-09-07T00:13:18-07:00,未知,未知,,,否,official_other,原生目标币种（THB）,2026-09-07,"{""优惠标签"": """", ""入住人数"": """", ""其他权益"": """", ""原价"": """", ""取消政策"": """", ""币种"": ""THB"", ""库存提示"": """", ""当前价"": ""0.00"", ""支付方式"": """", ""早餐"": """", ""确认政策"": """", ""税费"": """"}",否,价格计价单位未确认；税费包含状态未确认；尚未通过T4人工复核,20260907-001955-csv-a75a6c42,[LOCAL_HOME]/Desktop/Thailand---泰国/05_GoogleMaps曼谷酒店专用/04_平台详情/酒店售卖方案.csv,T3,否,4d3a3e7a6750501fb085fd7c9f5ffa83abecee6913e635e420191b7250b4996d
ChIJG3c6A2uZ4jARZr2YagTn4_4,Thana Wisut Hotel,,room_e04289e3a05408257a,rate_c15ff25a68f0447f9a,1,,,,,,,0.00,,THB,,,,2026-09-05,2026-09-06,https://ibe.hoteliers.guru/ibe/en/Thana-Wisut-Hotel-Phanakorn-Bangkok-TH/search?tid=8ab2b5d5a405433e1dca3914e5cc12d8,official,2026-09-07T00:13:18-07:00,未知,未知,,,否,official_other,原生目标币种（THB）,2026-09-07,"{""优惠标签"": """", ""入住人数"": """", ""其他权益"": """", ""原价"": """", ""取消政策"": """", ""币种"": ""THB"", ""库存提示"": """", ""当前价"": ""0.00"", ""支付方式"": """", ""早餐"": """", ""确认政策"": """", ""税费"": """"}",否,价格计价单位未确认；税费包含状态未确认；尚未通过T4人工复核,20260907-001955-csv-a75a6c42,[LOCAL_HOME]/Desktop/Thailand---泰国/05_GoogleMaps曼谷酒店专用/04_平台详情/酒店售卖方案.csv,T3,否,82917da933e15be20f131dc4c2d96053152725f8f4d1ae28ea23c0bb60e1b424
ChIJjVy1kmmZ4jARxYeYUyNkgRw,Pranakorn Heritage Hotel,,room_59053242a18d75c1c4,rate_cd75f223706e01b935,1,,,,,,,0.00,,THB,,,,2026-10-14,2026-10-15,https://ibe.hoteliers.guru/ibe/en/Pranakorn-Heritage-Hotel-Phanakorn-Bangkok-TH/search?tid=a1d3e4496991dabad250062e48615383,official,2026-09-07T00:13:35-07:00,未知,未知,,,否,official_other,原生目标币种（THB）,2026-09-07,"{""优惠标签"": """", ""入住人数"": """", ""其他权益"": """", ""原价"": """", ""取消政策"": """", ""币种"": ""THB"", ""库存提示"": """", ""当前价"": ""0.00"", ""支付方式"": """", ""早餐"": """", ""确认政策"": """", ""税费"": """"}",否,价格计价单位未确认；税费包含状态未确认；尚未通过T4人工复核,20260907-001955-csv-a75a6c42,[LOCAL_HOME]/Desktop/Thailand---泰国/05_GoogleMaps曼谷酒店专用/04_平台详情/酒店售卖方案.csv,T3,否,043aab8819383d812e148deed68b0ce30b144f660003d64f47444d84773e237a
ChIJjVy1kmmZ4jARxYeYUyNkgRw,Pranakorn Heritage Hotel,,room_fdada45088b348c8f9,rate_051ee3d38f1a0e1e1d,1,,,,,,,0.00,,THB,,,,2026-10-14,2026-10-15,https://ibe.hoteliers.guru/ibe/en/Pranakorn-Heritage-Hotel-Phanakorn-Bangkok-TH/search?tid=a1d3e4496991dabad250062e48615383,official,2026-09-07T00:13:35-07:00,未知,未知,,,否,official_other,原生目标币种（THB）,2026-09-07,"{""优惠标签"": """", ""入住人数"": """", ""其他权益"": """", ""原价"": """", ""取消政策"": """", ""币种"": ""THB"", ""库存提示"": """", ""当前价"": ""0.00"", ""支付方式"": """", ""早餐"": """", ""确认政策"": """", ""税费"": """"}",否,价格计价单位未确认；税费包含状态未确认；尚未通过T4人工复核,20260907-001955-csv-a75a6c42,[LOCAL_HOME]/Desktop/Thailand---泰国/05_GoogleMaps曼谷酒店专用/04_平台详情/酒店售卖方案.csv,T3,否,4ec26661759351509718517ef51cf4e09278e23645c3a3bea4619436badf5d60
ChIJjVy1kmmZ4jARxYeYUyNkgRw,Pranakorn Heritage Hotel,,room_123c6ddca840b93536,rate_c02febabd4deec3dba,1,,,,,,,0.00,,THB,,,,2026-10-14,2026-10-15,https://ibe.hoteliers.guru/ibe/en/Pranakorn-Heritage-Hotel-Phanakorn-Bangkok-TH/search?tid=a1d3e4496991dabad250062e48615383,official,2026-09-07T00:13:35-07:00,未知,未知,,,否,official_other,原生目标币种（THB）,2026-09-07,"{""优惠标签"": """", ""入住人数"": """", ""其他权益"": """", ""原价"": """", ""取消政策"": """", ""币种"": ""THB"", ""库存提示"": """", ""当前价"": ""0.00"", ""支付方式"": """", ""早餐"": """", ""确认政策"": """", ""税费"": """"}",否,价格计价单位未确认；税费包含状态未确认；尚未通过T4人工复核,20260907-001955-csv-a75a6c42,[LOCAL_HOME]/Desktop/Thailand---泰国/05_GoogleMaps曼谷酒店专用/04_平台详情/酒店售卖方案.csv,T3,否,94b2a2fc3c047ae2006486cb8c87be99837ac13dfe471b287b265cfb161029d4
ChIJVdNtOBKZ4jAR3BlZta_yNN4,Siri Oriental Bangkok Hotel,,room_53e715c1a2bac3265a,rate_b3717d4a1b78fc19ab,1,,,,,,,0.00,,THB,,,,2026-09-03,2026-09-04,https://ibe.hoteliers.guru/ibe/en/Siri-Oriental-Bangkok-Hotel-Phanakorn-Bangkok-TH/search?tid=99390a6843f71e4f9a21f3e739e03356,official,2026-09-07T00:13:51-07:00,未知,未知,,,否,official_other,原生目标币种（THB）,2026-09-07,"{""优惠标签"": """", ""入住人数"": """", ""其他权益"": """", ""原价"": """", ""取消政策"": """", ""币种"": ""THB"", ""库存提示"": """", ""当前价"": ""0.00"", ""支付方式"": """", ""早餐"": """", ""确认政策"": """", ""税费"": """"}",否,价格计价单位未确认；税费包含状态未确认；尚未通过T4人工复核,20260907-001955-csv-a75a6c42,[LOCAL_HOME]/Desktop/Thailand---泰国/05_GoogleMaps曼谷酒店专用/04_平台详情/酒店售卖方案.csv,T3,否,38855effb1a40305d32e3e24f674a54a1003327981565b9e1810e75c22ca4d8a
ChIJVdNtOBKZ4jAR3BlZta_yNN4,Siri Oriental Bangkok Hotel,,room_aa50e6ece816c788c4,rate_a73f0296008f24a989,1,,,,,,,0.00,,THB,,,,2026-09-03,2026-09-04,https://ibe.hoteliers.guru/ibe/en/Siri-Oriental-Bangkok-Hotel-Phanakorn-Bangkok-TH/search?tid=99390a6843f71e4f9a21f3e739e03356,official,2026-09-07T00:13:51-07:00,未知,未知,,,否,official_other,原生目标币种（THB）,2026-09-07,"{""优惠标签"": """", ""入住人数"": """", ""其他权益"": """", ""原价"": """", ""取消政策"": """", ""币种"": ""THB"", ""库存提示"": """", ""当前价"": ""0.00"", ""支付方式"": """", ""早餐"": """", ""确认政策"": """", ""税费"": """"}",否,价格计价单位未确认；税费包含状态未确认；尚未通过T4人工复核,20260907-001955-csv-a75a6c42,[LOCAL_HOME]/Desktop/Thailand---泰国/05_GoogleMaps曼谷酒店专用/04_平台详情/酒店售卖方案.csv,T3,否,cdbee562345e0a80baf8f5a91ceaf0bdb0fd102c0d280d2184413993ac169a8a
ChIJVdNtOBKZ4jAR3BlZta_yNN4,Siri Oriental Bangkok Hotel,,room_8b71dc3422420d97d3,rate_cbc66efca68e873b0f,1,,,,,,,0.00,,THB,,,,2026-09-03,2026-09-04,https://ibe.hoteliers.guru/ibe/en/Siri-Oriental-Bangkok-Hotel-Phanakorn-Bangkok-TH/search?tid=99390a6843f71e4f9a21f3e739e03356,official,2026-09-07T00:13:51-07:00,未知,未知,,,否,official_other,原生目标币种（THB）,2026-09-07,"{""优惠标签"": """", ""入住人数"": """", ""其他权益"": """", ""原价"": """", ""取消政策"": """", ""币种"": ""THB"", ""库存提示"": """", ""当前价"": ""0.00"", ""支付方式"": """", ""早餐"": """", ""确认政策"": """", ""税费"": """"}",否,价格计价单位未确认；税费包含状态未确认；尚未通过T4人工复核,20260907-001955-csv-a75a6c42,[LOCAL_HOME]/Desktop/Thailand---泰国/05_GoogleMaps曼谷酒店专用/04_平台详情/酒店售卖方案.csv,T3,否,f0643919697108a83b3fade52faff204031242864e2a4b945f68c3b34055ce0d
ChIJg8pdihGZ4jARySZMwr1S26w,Siri Poshtel Bangkok,,room_b71254bacceb857a47,rate_af29d1f18519646f5d,1,,,,,,,0.00,,THB,,,,2026-09-07,2026-09-08,https://ibe.hoteliers.guru/ibe/en/Siri-Poshtel-Bangkok-Phra-Nakhon-Bangkok-TH/search?tid=d83f1c060a78248d7cde8aeb27423e6e,official,2026-09-07T00:14:07-07:00,未知,未知,,,否,official_other,原生目标币种（THB）,2026-09-07,"{""优惠标签"": """", ""入住人数"": """", ""其他权益"": """", ""原价"": """", ""取消政策"": """", ""币种"": ""THB"", ""库存提示"": """", ""当前价"": ""0.00"", ""支付方式"": """", ""早餐"": """", ""确认政策"": """", ""税费"": """"}",否,价格计价单位未确认；税费包含状态未确认；尚未通过T4人工复核,20260907-001955-csv-a75a6c42,[LOCAL_HOME]/Desktop/Thailand---泰国/05_GoogleMaps曼谷酒店专用/04_平台详情/酒店售卖方案.csv,T3,否,0558662906cb525f5ee1721f0c0128cfb3f0a1b26da8308c95997d8317f135f2
ChIJg8pdihGZ4jARySZMwr1S26w,Siri Poshtel Bangkok,,room_414bbb2820cd1b0e88,rate_984bdc6588b9b141df,1,,,,,,,0.00,,THB,,,,2026-09-07,2026-09-08,https://ibe.hoteliers.guru/ibe/en/Siri-Poshtel-Bangkok-Phra-Nakhon-Bangkok-TH/search?tid=d83f1c060a78248d7cde8aeb27423e6e,official,2026-09-07T00:14:07-07:00,未知,未知,,,否,official_other,原生目标币种（THB）,2026-09-07,"{""优惠标签"": """", ""入住人数"": """", ""其他权益"": """", ""原价"": """", ""取消政策"": """", ""币种"": ""THB"", ""库存提示"": """", ""当前价"": ""0.00"", ""支付方式"": """", ""早餐"": """", ""确认政策"": """", ""税费"": """"}",否,价格计价单位未确认；税费包含状态未确认；尚未通过T4人工复核,20260907-001955-csv-a75a6c42,[LOCAL_HOME]/Desktop/Thailand---泰国/05_GoogleMaps曼谷酒店专用/04_平台详情/酒店售卖方案.csv,T3,否,9bc72adbcc54326621b1ecf975c2d7b4589f4b726fe2d203a6ee959ded80813b
ChIJg8pdihGZ4jARySZMwr1S26w,Siri Poshtel Bangkok,,room_8288cee683e5d459cf,rate_d9654be82aeca4e807,1,,,,,,,0.00,,THB,,,,2026-09-07,2026-09-08,https://ibe.hoteliers.guru/ibe/en/Siri-Poshtel-Bangkok-Phra-Nakhon-Bangkok-TH/search?tid=d83f1c060a78248d7cde8aeb27423e6e,official,2026-09-07T00:14:07-07:00,未知,未知,,,否,official_other,原生目标币种（THB）,2026-09-07,"{""优惠标签"": """", ""入住人数"": """", ""其他权益"": """", ""原价"": """", ""取消政策"": """", ""币种"": ""THB"", ""库存提示"": """", ""当前价"": ""0.00"", ""支付方式"": """", ""早餐"": """", ""确认政策"": """", ""税费"": """"}",否,价格计价单位未确认；税费包含状态未确认；尚未通过T4人工复核,20260907-001955-csv-a75a6c42,[LOCAL_HOME]/Desktop/Thailand---泰国/05_GoogleMaps曼谷酒店专用/04_平台详情/酒店售卖方案.csv,T3,否,f6c1ecb94dfd408919e93a03d7c2bdb413b10c603df748a6d0a772b4bc133bcd
ChIJafejwYeZ4jAR-9_DqWFWxj0,Siri Grand Bangkok Hotel,,room_05956cdd4f2fd6f42b,rate_6e4a21fec8908dd40a,1,,,,,,,0.00,,THB,,,,2026-10-02,2026-10-03,https://ibe.hoteliers.guru/ibe/en/Siri-Grand-Bangkok-Hotel-Phanakorn-Bangkok-TH/search?tid=a7817c23a2d9d6af232eceed8deeeb03,official,2026-09-07T00:14:22-07:00,未知,未知,,,否,official_other,原生目标币种（THB）,2026-09-07,"{""优惠标签"": """", ""入住人数"": """", ""其他权益"": """", ""原价"": """", ""取消政策"": """", ""币种"": ""THB"", ""库存提示"": """", ""当前价"": ""0.00"", ""支付方式"": """", ""早餐"": """", ""确认政策"": """", ""税费"": """"}",否,价格计价单位未确认；税费包含状态未确认；尚未通过T4人工复核,20260907-001955-csv-a75a6c42,[LOCAL_HOME]/Desktop/Thailand---泰国/05_GoogleMaps曼谷酒店专用/04_平台详情/酒店售卖方案.csv,T3,否,0d3d8ef95443f17c32153c88a274cb5c64e25ff506858cd90ee693596dd8fbc8
ChIJafejwYeZ4jAR-9_DqWFWxj0,Siri Grand Bangkok Hotel,,room_3fec0c1cb1fd659204,rate_d9067a97163c2c7e84,1,,,,,,,0.00,,THB,,,,2026-10-02,2026-10-03,https://ibe.hoteliers.guru/ibe/en/Siri-Grand-Bangkok-Hotel-Phanakorn-Bangkok-TH/search?tid=a7817c23a2d9d6af232eceed8deeeb03,official,2026-09-07T00:14:22-07:00,未知,未知,,,否,official_other,原生目标币种（THB）,2026-09-07,"{""优惠标签"": """", ""入住人数"": """", ""其他权益"": """", ""原价"": """", ""取消政策"": """", ""币种"": ""THB"", ""库存提示"": """", ""当前价"": ""0.00"", ""支付方式"": """", ""早餐"": """", ""确认政策"": """", ""税费"": """"}",否,价格计价单位未确认；税费包含状态未确认；尚未通过T4人工复核,20260907-001955-csv-a75a6c42,[LOCAL_HOME]/Desktop/Thailand---泰国/05_GoogleMaps曼谷酒店专用/04_平台详情/酒店售卖方案.csv,T3,否,9d5b435fed8d8097288843284c57a69dd1ad32e8797a8ee158b2e08da9e30de1
ChIJafejwYeZ4jAR-9_DqWFWxj0,Siri Grand Bangkok Hotel,,room_e10fca7d84c8889f72,rate_d8388a6e5a29e492c8,1,,,,,,,0.00,,THB,,,,2026-10-02,2026-10-03,https://ibe.hoteliers.guru/ibe/en/Siri-Grand-Bangkok-Hotel-Phanakorn-Bangkok-TH/search?tid=a7817c23a2d9d6af232eceed8deeeb03,official,2026-09-07T00:14:22-07:00,未知,未知,,,否,official_other,原生目标币种（THB）,2026-09-07,"{""优惠标签"": """", ""入住人数"": """", ""其他权益"": """", ""原价"": """", ""取消政策"": """", ""币种"": ""THB"", ""库存提示"": """", ""当前价"": ""0.00"", ""支付方式"": """", ""早餐"": """", ""确认政策"": """", ""税费"": """"}",否,价格计价单位未确认；税费包含状态未确认；尚未通过T4人工复核,20260907-001955-csv-a75a6c42,[LOCAL_HOME]/Desktop/Thailand---泰国/05_GoogleMaps曼谷酒店专用/04_平台详情/酒店售卖方案.csv,T3,否,a90727cdbc274a160758ecfc291908ae186ef87c279de0b94d50b6ab2d88fb37
ChIJ9Yp6nAGZ4jARbKNaFpq2jFI,Siri Ratchadamnoen Bangkok Hotel,,room_8b6feef7167e4ddc2f,rate_ca4041531e4cabd501,1,,,,,,,0.00,,THB,,,,2026-09-08,2026-09-09,https://ibe.hoteliers.guru/ibe/en/Siri-Ratchadamnoen-Bangkok-hotel-Phra-Nakhon-Bangkok-TH/search?tid=bf10958351819b663f72f56b26ebc599,official,2026-09-07T00:14:40-07:00,未知,未知,,,否,official_other,原生目标币种（THB）,2026-09-07,"{""优惠标签"": """", ""入住人数"": """", ""其他权益"": """", ""原价"": """", ""取消政策"": """", ""币种"": ""THB"", ""库存提示"": """", ""当前价"": ""0.00"", ""支付方式"": """", ""早餐"": """", ""确认政策"": """", ""税费"": """"}",否,价格计价单位未确认；税费包含状态未确认；尚未通过T4人工复核,20260907-001955-csv-a75a6c42,[LOCAL_HOME]/Desktop/Thailand---泰国/05_GoogleMaps曼谷酒店专用/04_平台详情/酒店售卖方案.csv,T3,否,2541a8f752505954dc0b462d47bcc00d3fae58aafe489029ceea86c94cc98fa0
ChIJ9Yp6nAGZ4jARbKNaFpq2jFI,Siri Ratchadamnoen Bangkok Hotel,,room_c531df201aa09b607c,rate_e4f5fdaa32b38c789a,1,,,,,,,0.00,,THB,,,,2026-09-08,2026-09-09,https://ibe.hoteliers.guru/ibe/en/Siri-Ratchadamnoen-Bangkok-hotel-Phra-Nakhon-Bangkok-TH/search?tid=bf10958351819b663f72f56b26ebc599,official,2026-09-07T00:14:40-07:00,未知,未知,,,否,official_other,原生目标币种（THB）,2026-09-07,"{""优惠标签"": """", ""入住人数"": """", ""其他权益"": """", ""原价"": """", ""取消政策"": """", ""币种"": ""THB"", ""库存提示"": """", ""当前价"": ""0.00"", ""支付方式"": """", ""早餐"": """", ""确认政策"": """", ""税费"": """"}",否,价格计价单位未确认；税费包含状态未确认；尚未通过T4人工复核,20260907-001955-csv-a75a6c42,[LOCAL_HOME]/Desktop/Thailand---泰国/05_GoogleMaps曼谷酒店专用/04_平台详情/酒店售卖方案.csv,T3,否,7b5e04e82213b47e21bb730fd2320e67e61635a4dd37f7c586c91fe10113e297
ChIJ9Yp6nAGZ4jARbKNaFpq2jFI,Siri Ratchadamnoen Bangkok Hotel,,room_11824dc68d0e001684,rate_f736cba6e2457e2c47,1,,,,,,,0.00,,THB,,,,2026-09-08,2026-09-09,https://ibe.hoteliers.guru/ibe/en/Siri-Ratchadamnoen-Bangkok-hotel-Phra-Nakhon-Bangkok-TH/search?tid=bf10958351819b663f72f56b26ebc599,official,2026-09-07T00:14:40-07:00,未知,未知,,,否,official_other,原生目标币种（THB）,2026-09-07,"{""优惠标签"": """", ""入住人数"": """", ""其他权益"": """", ""原价"": """", ""取消政策"": """", ""币种"": ""THB"", ""库存提示"": """", ""当前价"": ""0.00"", ""支付方式"": """", ""早餐"": """", ""确认政策"": """", ""税费"": """"}",否,价格计价单位未确认；税费包含状态未确认；尚未通过T4人工复核,20260907-001955-csv-a75a6c42,[LOCAL_HOME]/Desktop/Thailand---泰国/05_GoogleMaps曼谷酒店专用/04_平台详情/酒店售卖方案.csv,T3,否,c9a5b7d58fe793463a08c3c7340d3c8b37d94e75d8b789913d044823b96250ee
ChIJO-LFHnmZ4jAR5a7K2sMC-jw,Na Tanao1969 ณ ตะนาว1969,,room_4ca26574a0adb363a5,rate_9e6a91f0cec6985cf3,1,,,,,,,0.00,,THB,,,,2026-09-06,2026-09-07,https://ibe.hoteliers.guru/ibe/en/Na-Tanao-1969-Phra-Nakhon-Bangkok-TH/search?tid=c50c26470074afc8e8046f75e7753393,official,2026-09-07T00:14:57-07:00,未知,未知,,,否,official_other,原生目标币种（THB）,2026-09-07,"{""优惠标签"": """", ""入住人数"": """", ""其他权益"": """", ""原价"": """", ""取消政策"": """", ""币种"": ""THB"", ""库存提示"": """", ""当前价"": ""0.00"", ""支付方式"": """", ""早餐"": """", ""确认政策"": """", ""税费"": """"}",否,价格计价单位未确认；税费包含状态未确认；尚未通过T4人工复核,20260907-001955-csv-a75a6c42,[LOCAL_HOME]/Desktop/Thailand---泰国/05_GoogleMaps曼谷酒店专用/04_平台详情/酒店售卖方案.csv,T3,否,15054fa8814873e1f984c1a7559ba2a11d28851779490c207ffee724206153cc
ChIJO-LFHnmZ4jAR5a7K2sMC-jw,Na Tanao1969 ณ ตะนาว1969,,room_9eb6acdf46240c96ce,rate_28e9f2ae8e169777b2,1,,,,,,,0.00,,THB,,,,2026-09-06,2026-09-07,https://ibe.hoteliers.guru/ibe/en/Na-Tanao-1969-Phra-Nakhon-Bangkok-TH/search?tid=c50c26470074afc8e8046f75e7753393,official,2026-09-07T00:14:57-07:00,未知,未知,,,否,official_other,原生目标币种（THB）,2026-09-07,"{""优惠标签"": """", ""入住人数"": """", ""其他权益"": """", ""原价"": """", ""取消政策"": """", ""币种"": ""THB"", ""库存提示"": """", ""当前价"": ""0.00"", ""支付方式"": """", ""早餐"": """", ""确认政策"": """", ""税费"": """"}",否,价格计价单位未确认；税费包含状态未确认；尚未通过T4人工复核,20260907-001955-csv-a75a6c42,[LOCAL_HOME]/Desktop/Thailand---泰国/05_GoogleMaps曼谷酒店专用/04_平台详情/酒店售卖方案.csv,T3,否,27e420b12b40a425d767ce1e6d7779194f31647b75b865273c8daf86b6dadffd
ChIJO-LFHnmZ4jAR5a7K2sMC-jw,Na Tanao1969 ณ ตะนาว1969,,room_0596e9d20007ef2ae1,rate_80d3b8fc06a81ded34,1,,,,,,,0.00,,THB,,,,2026-09-06,2026-09-07,https://ibe.hoteliers.guru/ibe/en/Na-Tanao-1969-Phra-Nakhon-Bangkok-TH/search?tid=c50c26470074afc8e8046f75e7753393,official,2026-09-07T00:14:57-07:00,未知,未知,,,否,official_other,原生目标币种（THB）,2026-09-07,"{""优惠标签"": """", ""入住人数"": """", ""其他权益"": """", ""原价"": """", ""取消政策"": """", ""币种"": ""THB"", ""库存提示"": """", ""当前价"": ""0.00"", ""支付方式"": """", ""早餐"": """", ""确认政策"": """", ""税费"": """"}",否,价格计价单位未确认；税费包含状态未确认；尚未通过T4人工复核,20260907-001955-csv-a75a6c42,[LOCAL_HOME]/Desktop/Thailand---泰国/05_GoogleMaps曼谷酒店专用/04_平台详情/酒店售卖方案.csv,T3,否,e31c4b50b78494dae85543459788c170b0237851660bdcb180529973b9b6de22
ChIJ_YprdCmZ4jARBLKMhCacKu4,Postel Chinatown,,room_1d85b85185b8b0f449,rate_d44673b23c15dfb934,1,,,,,,,0.00,,THB,,,,2026-09-03,2026-09-04,https://ibe.hoteliers.guru/ibe/en/Postel-Chinatown-Sampantawong-Bangkok-TH/search?tid=30a9221b23555931e3e235ac64660eab,official,2026-09-07T00:15:13-07:00,未知,未知,,,否,official_other,原生目标币种（THB）,2026-09-07,"{""优惠标签"": """", ""入住人数"": """", ""其他权益"": """", ""原价"": """", ""取消政策"": """", ""币种"": ""THB"", ""库存提示"": """", ""当前价"": ""0.00"", ""支付方式"": """", ""早餐"": """", ""确认政策"": """", ""税费"": """"}",否,价格计价单位未确认；税费包含状态未确认；尚未通过T4人工复核,20260907-001955-csv-a75a6c42,[LOCAL_HOME]/Desktop/Thailand---泰国/05_GoogleMaps曼谷酒店专用/04_平台详情/酒店售卖方案.csv,T3,否,7aa60e592fc90277f855991dbdccff41fd49b33eed97ddd1e40c35f9e091c9f3
ChIJ_YprdCmZ4jARBLKMhCacKu4,Postel Chinatown,,room_f8d3f4cfcd556fe325,rate_f11dccfe9efeb292a7,1,,,,,,,0.00,,THB,,,,2026-09-03,2026-09-04,https://ibe.hoteliers.guru/ibe/en/Postel-Chinatown-Sampantawong-Bangkok-TH/search?tid=30a9221b23555931e3e235ac64660eab,official,2026-09-07T00:15:13-07:00,未知,未知,,,否,official_other,原生目标币种（THB）,2026-09-07,"{""优惠标签"": """", ""入住人数"": """", ""其他权益"": """", ""原价"": """", ""取消政策"": """", ""币种"": ""THB"", ""库存提示"": """", ""当前价"": ""0.00"", ""支付方式"": """", ""早餐"": """", ""确认政策"": """", ""税费"": """"}",否,价格计价单位未确认；税费包含状态未确认；尚未通过T4人工复核,20260907-001955-csv-a75a6c42,[LOCAL_HOME]/Desktop/Thailand---泰国/05_GoogleMaps曼谷酒店专用/04_平台详情/酒店售卖方案.csv,T3,否,ddf24851eb6efdfd861fa8ff853f0bcbb6935baff1a516f38156cfd92f528ad3
ChIJ_YprdCmZ4jARBLKMhCacKu4,Postel Chinatown,,room_fcb9380afce381313a,rate_05c1f5baf11c6ed1da,1,,,,,,,0.00,,THB,,,,2026-09-03,2026-09-04,https://ibe.hoteliers.guru/ibe/en/Postel-Chinatown-Sampantawong-Bangkok-TH/search?tid=30a9221b23555931e3e235ac64660eab,official,2026-09-07T00:15:13-07:00,未知,未知,,,否,official_other,原生目标币种（THB）,2026-09-07,"{""优惠标签"": """", ""入住人数"": """", ""其他权益"": """", ""原价"": """", ""取消政策"": """", ""币种"": ""THB"", ""库存提示"": """", ""当前价"": ""0.00"", ""支付方式"": """", ""早餐"": """", ""确认政策"": """", ""税费"": """"}",否,价格计价单位未确认；税费包含状态未确认；尚未通过T4人工复核,20260907-001955-csv-a75a6c42,[LOCAL_HOME]/Desktop/Thailand---泰国/05_GoogleMaps曼谷酒店专用/04_平台详情/酒店售卖方案.csv,T3,否,f870753a0f08d81298d4a36345a1bf66fac99ed57f0aa8119e82d18c65afe04c
ChIJUeKRgz-Z4jARqZDvWdpFtAQ,Norn Riverside Bangkok Hotel,,room_27d2439d002a7d131d,rate_c14a80f44ae9ee8987,9,,,,,,,3000.00,,THB,,,,2026-09-07,2026-09-08,https://ibe.hoteliers.guru/ibe/en/NORN-Riverside-Hotel-Bangkok-Noi-Bangkok-TH/search?tid=b90c3142168b45cc50d06687f45c1065,official,2026-09-07T00:15:30-07:00,未知,未知,,,否,official_other,原生目标币种（THB）,2026-09-07,"{""优惠标签"": """", ""入住人数"": """", ""其他权益"": """", ""原价"": """", ""取消政策"": """", ""币种"": ""THB"", ""库存提示"": """", ""当前价"": ""3000.00"", ""支付方式"": """", ""早餐"": """", ""确认政策"": """", ""税费"": """"}",否,价格计价单位未确认；税费包含状态未确认；尚未通过T4人工复核,20260907-001955-csv-a75a6c42,[LOCAL_HOME]/Desktop/Thailand---泰国/05_GoogleMaps曼谷酒店专用/04_平台详情/酒店售卖方案.csv,T3,否,150b77142f19cbf088887b0689f72f03e431537ce2b47eed3f5ab770fd6fca8a
ChIJUeKRgz-Z4jARqZDvWdpFtAQ,Norn Riverside Bangkok Hotel,,room_2221dfd768ccfb5527,rate_4994ecf26e998503d4,1,,,,,,,0.00,,THB,,,,2026-09-07,2026-09-08,https://ibe.hoteliers.guru/ibe/en/NORN-Riverside-Hotel-Bangkok-Noi-Bangkok-TH/search?tid=b90c3142168b45cc50d06687f45c1065,official,2026-09-07T00:15:30-07:00,未知,未知,,,否,official_other,原生目标币种（THB）,2026-09-07,"{""优惠标签"": """", ""入住人数"": """", ""其他权益"": """", ""原价"": """", ""取消政策"": """", ""币种"": ""THB"", ""库存提示"": """", ""当前价"": ""0.00"", ""支付方式"": """", ""早餐"": """", ""确认政策"": """", ""税费"": """"}",否,价格计价单位未确认；税费包含状态未确认；尚未通过T4人工复核,20260907-001955-csv-a75a6c42,[LOCAL_HOME]/Desktop/Thailand---泰国/05_GoogleMaps曼谷酒店专用/04_平台详情/酒店售卖方案.csv,T3,否,191b065423093b2b13e2e84b6033f4bfb8ac9c65251d403bf36b8fb6b0425475
ChIJUeKRgz-Z4jARqZDvWdpFtAQ,Norn Riverside Bangkok Hotel,,room_015a7d905e5b0f3cee,rate_8dc9541f43519e9073,1,,,,,,,0.00,,THB,,,,2026-09-07,2026-09-08,https://ibe.hoteliers.guru/ibe/en/NORN-Riverside-Hotel-Bangkok-Noi-Bangkok-TH/search?tid=b90c3142168b45cc50d06687f45c1065,official,2026-09-07T00:15:30-07:00,未知,未知,,,否,official_other,原生目标币种（THB）,2026-09-07,"{""优惠标签"": """", ""入住人数"": """", ""其他权益"": """", ""原价"": """", ""取消政策"": """", ""币种"": ""THB"", ""库存提示"": """", ""当前价"": ""0.00"", ""支付方式"": """", ""早餐"": """", ""确认政策"": """", ""税费"": """"}",否,价格计价单位未确认；税费包含状态未确认；尚未通过T4人工复核,20260907-001955-csv-a75a6c42,[LOCAL_HOME]/Desktop/Thailand---泰国/05_GoogleMaps曼谷酒店专用/04_平台详情/酒店售卖方案.csv,T3,否,2a0777f289800f19fe4588aa28d3582ac5584334fa0b5c629a2940e6d5efe417
ChIJUeKRgz-Z4jARqZDvWdpFtAQ,Norn Riverside Bangkok Hotel,,room_b0a400bda708e6a799,rate_60992ae09fb1267b03,1,,,,,,,0.00,,THB,,,,2026-09-07,2026-09-08,https://ibe.hoteliers.guru/ibe/en/NORN-Riverside-Hotel-Bangkok-Noi-Bangkok-TH/search?tid=b90c3142168b45cc50d06687f45c1065,official,2026-09-07T00:15:30-07:00,未知,未知,,,否,official_other,原生目标币种（THB）,2026-09-07,"{""优惠标签"": """", ""入住人数"": """", ""其他权益"": """", ""原价"": """", ""取消政策"": """", ""币种"": ""THB"", ""库存提示"": """", ""当前价"": ""0.00"", ""支付方式"": """", ""早餐"": """", ""确认政策"": """", ""税费"": """"}",否,价格计价单位未确认；税费包含状态未确认；尚未通过T4人工复核,20260907-001955-csv-a75a6c42,[LOCAL_HOME]/Desktop/Thailand---泰国/05_GoogleMaps曼谷酒店专用/04_平台详情/酒店售卖方案.csv,T3,否,2b03b5adf4fca02a4e0986ada82169ade59212d369b5b7f17756502e8a1262fe
ChIJUeKRgz-Z4jARqZDvWdpFtAQ,Norn Riverside Bangkok Hotel,,room_27d2439d002a7d131d,rate_cbf78e14257f77624c,4,,,,,,,1260.00,,THB,,,,2026-09-07,2026-09-08,https://ibe.hoteliers.guru/ibe/en/NORN-Riverside-Hotel-Bangkok-Noi-Bangkok-TH/search?tid=b90c3142168b45cc50d06687f45c1065,official,2026-09-07T00:15:30-07:00,未知,未知,,,否,official_other,原生目标币种（THB）,2026-09-07,"{""优惠标签"": """", ""入住人数"": """", ""其他权益"": """", ""原价"": """", ""取消政策"": """", ""币种"": ""THB"", ""库存提示"": """", ""当前价"": ""1260.00"", ""支付方式"": """", ""早餐"": """", ""确认政策"": """", ""税费"": """"}",否,价格计价单位未确认；税费包含状态未确认；尚未通过T4人工复核,20260907-001955-csv-a75a6c42,[LOCAL_HOME]/Desktop/Thailand---泰国/05_GoogleMaps曼谷酒店专用/04_平台详情/酒店售卖方案.csv,T3,否,36c7545dbd1a78d475fd3c2951433d1ada6333c19e6f8ce06ce392a553c50d7a
ChIJUeKRgz-Z4jARqZDvWdpFtAQ,Norn Riverside Bangkok Hotel,,room_27d2439d002a7d131d,rate_9326f768cd8742630f,6,,,,,,,1470.00,,THB,,,,2026-09-07,2026-09-08,https://ibe.hoteliers.guru/ibe/en/NORN-Riverside-Hotel-Bangkok-Noi-Bangkok-TH/search?tid=b90c3142168b45cc50d06687f45c1065,official,2026-09-07T00:15:30-07:00,未知,未知,,,否,official_other,原生目标币种（THB）,2026-09-07,"{""优惠标签"": """", ""入住人数"": """", ""其他权益"": """", ""原价"": """", ""取消政策"": """", ""币种"": ""THB"", ""库存提示"": """", ""当前价"": ""1470.00"", ""支付方式"": """", ""早餐"": """", ""确认政策"": """", ""税费"": """"}",否,价格计价单位未确认；税费包含状态未确认；尚未通过T4人工复核,20260907-001955-csv-a75a6c42,[LOCAL_HOME]/Desktop/Thailand---泰国/05_GoogleMaps曼谷酒店专用/04_平台详情/酒店售卖方案.csv,T3,否,3a12bb97f5356f2fc200c19d7691f09e99320ade7408314618a13cb30f3984c1
ChIJUeKRgz-Z4jARqZDvWdpFtAQ,Norn Riverside Bangkok Hotel,,room_13cd61199f17ba8dac,rate_09eeb3aa7e05ed539f,1,,,,,,,0.00,,THB,,,,2026-09-07,2026-09-08,https://ibe.hoteliers.guru/ibe/en/NORN-Riverside-Hotel-Bangkok-Noi-Bangkok-TH/search?tid=b90c3142168b45cc50d06687f45c1065,official,2026-09-07T00:15:30-07:00,未知,未知,,,否,official_other,原生目标币种（THB）,2026-09-07,"{""优惠标签"": """", ""入住人数"": """", ""其他权益"": """", ""原价"": """", ""取消政策"": """", ""币种"": ""THB"", ""库存提示"": """", ""当前价"": ""0.00"", ""支付方式"": """", ""早餐"": """", ""确认政策"": """", ""税费"": """"}",否,价格计价单位未确认；税费包含状态未确认；尚未通过T4人工复核,20260907-001955-csv-a75a6c42,[LOCAL_HOME]/Desktop/Thailand---泰国/05_GoogleMaps曼谷酒店专用/04_平台详情/酒店售卖方案.csv,T3,否,452cf4c3a38f81021e0586657501025a84f40587dd95713176a95c68c57fa880
ChIJUeKRgz-Z4jARqZDvWdpFtAQ,Norn Riverside Bangkok Hotel,,room_2df46518b9c791e70d,rate_99ff5c8b57d06200b2,1,,,,,,,0.00,,THB,,,,2026-09-07,2026-09-08,https://ibe.hoteliers.guru/ibe/en/NORN-Riverside-Hotel-Bangkok-Noi-Bangkok-TH/search?tid=b90c3142168b45cc50d06687f45c1065,official,2026-09-07T00:15:30-07:00,未知,未知,,,否,official_other,原生目标币种（THB）,2026-09-07,"{""优惠标签"": """", ""入住人数"": """", ""其他权益"": """", ""原价"": """", ""取消政策"": """", ""币种"": ""THB"", ""库存提示"": """", ""当前价"": ""0.00"", ""支付方式"": """", ""早餐"": """", ""确认政策"": """", ""税费"": """"}",否,价格计价单位未确认；税费包含状态未确认；尚未通过T4人工复核,20260907-001955-csv-a75a6c42,[LOCAL_HOME]/Desktop/Thailand---泰国/05_GoogleMaps曼谷酒店专用/04_平台详情/酒店售卖方案.csv,T3,否,5f121584628c34c5b5c1cc6adc586c0da30d0dc8bebcae67618e1313b4cab231
ChIJUeKRgz-Z4jARqZDvWdpFtAQ,Norn Riverside Bangkok Hotel,,room_27d2439d002a7d131d,tab-all,1,,,,,2 Adult,,1260.00,,THB,,,,2026-09-07,2026-09-08,https://ibe.hoteliers.guru/ibe/en/NORN-Riverside-Hotel-Bangkok-Noi-Bangkok-TH/search?tid=b90c3142168b45cc50d06687f45c1065,official,2026-09-07T00:15:30-07:00,未知,未知,,,否,official_other,原生目标币种（THB）,2026-09-07,"{""优惠标签"": """", ""入住人数"": ""2 Adult"", ""其他权益"": """", ""原价"": """", ""取消政策"": """", ""币种"": ""THB"", ""库存提示"": """", ""当前价"": ""1260.00"", ""支付方式"": """", ""早餐"": """", ""确认政策"": """", ""税费"": """"}",否,价格计价单位未确认；税费包含状态未确认；尚未通过T4人工复核,20260907-001955-csv-a75a6c42,[LOCAL_HOME]/Desktop/Thailand---泰国/05_GoogleMaps曼谷酒店专用/04_平台详情/酒店售卖方案.csv,T3,否,6a8b3e13785338bad436fc1c9b47cbec1dad5b27bf8b07cf1dc06125327f550a
ChIJUeKRgz-Z4jARqZDvWdpFtAQ,Norn Riverside Bangkok Hotel,,room_27d2439d002a7d131d,rate_ac7697464faa961c75,3,,,,,,,1260.00,,THB,,,,2026-09-07,2026-09-08,https://ibe.hoteliers.guru/ibe/en/NORN-Riverside-Hotel-Bangkok-Noi-Bangkok-TH/search?tid=b90c3142168b45cc50d06687f45c1065,official,2026-09-07T00:15:30-07:00,未知,未知,,,否,official_other,原生目标币种（THB）,2026-09-07,"{""优惠标签"": """", ""入住人数"": """", ""其他权益"": """", ""原价"": """", ""取消政策"": """", ""币种"": ""THB"", ""库存提示"": """", ""当前价"": ""1260.00"", ""支付方式"": """", ""早餐"": """", ""确认政策"": """", ""税费"": """"}",否,价格计价单位未确认；税费包含状态未确认；尚未通过T4人工复核,20260907-001955-csv-a75a6c42,[LOCAL_HOME]/Desktop/Thailand---泰国/05_GoogleMaps曼谷酒店专用/04_平台详情/酒店售卖方案.csv,T3,否,7f4257162243e7ebc41bb77505145c3aecfde096f959ba4ff41ba920e03319b9
ChIJUeKRgz-Z4jARqZDvWdpFtAQ,Norn Riverside Bangkok Hotel,,room_27d2439d002a7d131d,rate_5c4e17349ef8c619d6,2,,,,,,,0.00,,THB,,,,2026-09-07,2026-09-08,https://ibe.hoteliers.guru/ibe/en/NORN-Riverside-Hotel-Bangkok-Noi-Bangkok-TH/search?tid=b90c3142168b45cc50d06687f45c1065,official,2026-09-07T00:15:30-07:00,未知,未知,,,否,official_other,原生目标币种（THB）,2026-09-07,"{""优惠标签"": """", ""入住人数"": """", ""其他权益"": """", ""原价"": """", ""取消政策"": """", ""币种"": ""THB"", ""库存提示"": """", ""当前价"": ""0.00"", ""支付方式"": """", ""早餐"": """", ""确认政策"": """", ""税费"": """"}",否,价格计价单位未确认；税费包含状态未确认；尚未通过T4人工复核,20260907-001955-csv-a75a6c42,[LOCAL_HOME]/Desktop/Thailand---泰国/05_GoogleMaps曼谷酒店专用/04_平台详情/酒店售卖方案.csv,T3,否,80702db9d1d61d5e562bc525396423414f5a279554c2ba129a7009ac6759f2a6
ChIJUeKRgz-Z4jARqZDvWdpFtAQ,Norn Riverside Bangkok Hotel,,room_27d2439d002a7d131d,rate_3395d43a7876ba2547,3,,,,,,,0.00,,THB,,,,2026-09-07,2026-09-08,https://ibe.hoteliers.guru/ibe/en/NORN-Riverside-Hotel-Bangkok-Noi-Bangkok-TH/search?tid=b90c3142168b45cc50d06687f45c1065,official,2026-09-07T00:15:30-07:00,未知,未知,,,否,official_other,原生目标币种（THB）,2026-09-07,"{""优惠标签"": """", ""入住人数"": """", ""其他权益"": """", ""原价"": """", ""取消政策"": """", ""币种"": ""THB"", ""库存提示"": """", ""当前价"": ""0.00"", ""支付方式"": """", ""早餐"": """", ""确认政策"": """", ""税费"": """"}",否,价格计价单位未确认；税费包含状态未确认；尚未通过T4人工复核,20260907-001955-csv-a75a6c42,[LOCAL_HOME]/Desktop/Thailand---泰国/05_GoogleMaps曼谷酒店专用/04_平台详情/酒店售卖方案.csv,T3,否,817e27398c0553ed1a581e4cb1aa7f4fc0d22981cd19a014cbbadcd1c954a9a2
ChIJUeKRgz-Z4jARqZDvWdpFtAQ,Norn Riverside Bangkok Hotel,,room_27d2439d002a7d131d,rate_e4bb9f4ae180734477,6,,,,,,,1820.00,,THB,,,,2026-09-07,2026-09-08,https://ibe.hoteliers.guru/ibe/en/NORN-Riverside-Hotel-Bangkok-Noi-Bangkok-TH/search?tid=b90c3142168b45cc50d06687f45c1065,official,2026-09-07T00:15:30-07:00,未知,未知,,,否,official_other,原生目标币种（THB）,2026-09-07,"{""优惠标签"": """", ""入住人数"": """", ""其他权益"": """", ""原价"": """", ""取消政策"": """", ""币种"": ""THB"", ""库存提示"": """", ""当前价"": ""1820.00"", ""支付方式"": """", ""早餐"": """", ""确认政策"": """", ""税费"": """"}",否,价格计价单位未确认；税费包含状态未确认；尚未通过T4人工复核,20260907-001955-csv-a75a6c42,[LOCAL_HOME]/Desktop/Thailand---泰国/05_GoogleMaps曼谷酒店专用/04_平台详情/酒店售卖方案.csv,T3,否,82fc5659a7cf39e423f3a4eeed5633379470444c2427eb59523b99eff792979d
ChIJUeKRgz-Z4jARqZDvWdpFtAQ,Norn Riverside Bangkok Hotel,,room_27d2439d002a7d131d,rate_bfd516891b6e8901f8,10,,,,,,,3000.00,,THB,,,,2026-09-07,2026-09-08,https://ibe.hoteliers.guru/ibe/en/NORN-Riverside-Hotel-Bangkok-Noi-Bangkok-TH/search?tid=b90c3142168b45cc50d06687f45c1065,official,2026-09-07T00:15:30-07:00,未知,未知,,,否,official_other,原生目标币种（THB）,2026-09-07,"{""优惠标签"": """", ""入住人数"": """", ""其他权益"": """", ""原价"": """", ""取消政策"": """", ""币种"": ""THB"", ""库存提示"": """", ""当前价"": ""3000.00"", ""支付方式"": """", ""早餐"": """", ""确认政策"": """", ""税费"": """"}",否,价格计价单位未确认；税费包含状态未确认；尚未通过T4人工复核,20260907-001955-csv-a75a6c42,[LOCAL_HOME]/Desktop/Thailand---泰国/05_GoogleMaps曼谷酒店专用/04_平台详情/酒店售卖方案.csv,T3,否,84344c3a8cd26f31b414939ae7657223e9afdf5451b24f4e468c6fb8a106848b
ChIJUeKRgz-Z4jARqZDvWdpFtAQ,Norn Riverside Bangkok Hotel,,room_27d2439d002a7d131d,rate_4dcbe7167673e69b22,5,,,,,,,1470.00,,THB,,,,2026-09-07,2026-09-08,https://ibe.hoteliers.guru/ibe/en/NORN-Riverside-Hotel-Bangkok-Noi-Bangkok-TH/search?tid=b90c3142168b45cc50d06687f45c1065,official,2026-09-07T00:15:30-07:00,未知,未知,,,否,official_other,原生目标币种（THB）,2026-09-07,"{""优惠标签"": """", ""入住人数"": """", ""其他权益"": """", ""原价"": """", ""取消政策"": """", ""币种"": ""THB"", ""库存提示"": """", ""当前价"": ""1470.00"", ""支付方式"": """", ""早餐"": """", ""确认政策"": """", ""税费"": """"}",否,价格计价单位未确认；税费包含状态未确认；尚未通过T4人工复核,20260907-001955-csv-a75a6c42,[LOCAL_HOME]/Desktop/Thailand---泰国/05_GoogleMaps曼谷酒店专用/04_平台详情/酒店售卖方案.csv,T3,否,9b3807d5a466eaf83894cb4820e0e770be70e065b5646f51e97497a1bdd23f3a
ChIJUeKRgz-Z4jARqZDvWdpFtAQ,Norn Riverside Bangkok Hotel,,room_27d2439d002a7d131d,rate_35a7a8daeead4199bd,8,,,,,,,1820.00,,THB,,,,2026-09-07,2026-09-08,https://ibe.hoteliers.guru/ibe/en/NORN-Riverside-Hotel-Bangkok-Noi-Bangkok-TH/search?tid=b90c3142168b45cc50d06687f45c1065,official,2026-09-07T00:15:30-07:00,未知,未知,,,否,official_other,原生目标币种（THB）,2026-09-07,"{""优惠标签"": """", ""入住人数"": """", ""其他权益"": """", ""原价"": """", ""取消政策"": """", ""币种"": ""THB"", ""库存提示"": """", ""当前价"": ""1820.00"", ""支付方式"": """", ""早餐"": """", ""确认政策"": """", ""税费"": """"}",否,价格计价单位未确认；税费包含状态未确认；尚未通过T4人工复核,20260907-001955-csv-a75a6c42,[LOCAL_HOME]/Desktop/Thailand---泰国/05_GoogleMaps曼谷酒店专用/04_平台详情/酒店售卖方案.csv,T3,否,af4e02033c962645b99494b196b95c3e36fc35f3d9bbf4b4e9d53bcab47df5aa
ChIJUeKRgz-Z4jARqZDvWdpFtAQ,Norn Riverside Bangkok Hotel,,room_27d2439d002a7d131d,rate_53718ae9bd43822ae7,7,,,,,,,1820.00,,THB,,,,2026-09-07,2026-09-08,https://ibe.hoteliers.guru/ibe/en/NORN-Riverside-Hotel-Bangkok-Noi-Bangkok-TH/search?tid=b90c3142168b45cc50d06687f45c1065,official,2026-09-07T00:15:30-07:00,未知,未知,,,否,official_other,原生目标币种（THB）,2026-09-07,"{""优惠标签"": """", ""入住人数"": """", ""其他权益"": """", ""原价"": """", ""取消政策"": """", ""币种"": ""THB"", ""库存提示"": """", ""当前价"": ""1820.00"", ""支付方式"": """", ""早餐"": """", ""确认政策"": """", ""税费"": """"}",否,价格计价单位未确认；税费包含状态未确认；尚未通过T4人工复核,20260907-001955-csv-a75a6c42,[LOCAL_HOME]/Desktop/Thailand---泰国/05_GoogleMaps曼谷酒店专用/04_平台详情/酒店售卖方案.csv,T3,否,b61236711ab1be63901378c03399f2f760f6eab88676f3a6384e28b0a7c3fa67
ChIJUeKRgz-Z4jARqZDvWdpFtAQ,Norn Riverside Bangkok Hotel,,room_27d2439d002a7d131d,rate_f4e9324c1d3a00e355,1,,,,,,,1000,,THB,,,,2026-09-07,2026-09-08,https://ibe.hoteliers.guru/ibe/en/NORN-Riverside-Hotel-Bangkok-Noi-Bangkok-TH/search?tid=b90c3142168b45cc50d06687f45c1065,official,2026-09-07T00:15:30-07:00,未知,未知,,,否,official_other,原生目标币种（THB）,2026-09-07,"{""优惠标签"": """", ""入住人数"": """", ""其他权益"": """", ""原价"": """", ""取消政策"": """", ""币种"": ""THB"", ""库存提示"": """", ""当前价"": ""1000"", ""支付方式"": """", ""早餐"": """", ""确认政策"": """", ""税费"": """"}",否,价格计价单位未确认；税费包含状态未确认；尚未通过T4人工复核,20260907-001955-csv-a75a6c42,[LOCAL_HOME]/Desktop/Thailand---泰国/05_GoogleMaps曼谷酒店专用/04_平台详情/酒店售卖方案.csv,T3,否,c6476b4f66a2e46f252099cd0707434406a5836c67f487006cebb5f23012b96b
ChIJUeKRgz-Z4jARqZDvWdpFtAQ,Norn Riverside Bangkok Hotel,,room_27d2439d002a7d131d,rate_70a12ac98fbdfbe0af,8,,,,,,,3000.00,,THB,,,,2026-09-07,2026-09-08,https://ibe.hoteliers.guru/ibe/en/NORN-Riverside-Hotel-Bangkok-Noi-Bangkok-TH/search?tid=b90c3142168b45cc50d06687f45c1065,official,2026-09-07T00:15:30-07:00,未知,未知,,,否,official_other,原生目标币种（THB）,2026-09-07,"{""优惠标签"": """", ""入住人数"": """", ""其他权益"": """", ""原价"": """", ""取消政策"": """", ""币种"": ""THB"", ""库存提示"": """", ""当前价"": ""3000.00"", ""支付方式"": """", ""早餐"": """", ""确认政策"": """", ""税费"": """"}",否,价格计价单位未确认；税费包含状态未确认；尚未通过T4人工复核,20260907-001955-csv-a75a6c42,[LOCAL_HOME]/Desktop/Thailand---泰国/05_GoogleMaps曼谷酒店专用/04_平台详情/酒店售卖方案.csv,T3,否,e6319a762f581ad1f14f9d5ca9e4e2636da5f16a2ee02dd270ccb4ccac25af3a
ChIJUeKRgz-Z4jARqZDvWdpFtAQ,Norn Riverside Bangkok Hotel,,room_27d2439d002a7d131d,rate_6da1b54b6ed29d5394,5,,,,,,,1260.00,,THB,,,,2026-09-07,2026-09-08,https://ibe.hoteliers.guru/ibe/en/NORN-Riverside-Hotel-Bangkok-Noi-Bangkok-TH/search?tid=b90c3142168b45cc50d06687f45c1065,official,2026-09-07T00:15:30-07:00,未知,未知,,,否,official_other,原生目标币种（THB）,2026-09-07,"{""优惠标签"": """", ""入住人数"": """", ""其他权益"": """", ""原价"": """", ""取消政策"": """", ""币种"": ""THB"", ""库存提示"": """", ""当前价"": ""1260.00"", ""支付方式"": """", ""早餐"": """", ""确认政策"": """", ""税费"": """"}",否,价格计价单位未确认；税费包含状态未确认；尚未通过T4人工复核,20260907-001955-csv-a75a6c42,[LOCAL_HOME]/Desktop/Thailand---泰国/05_GoogleMaps曼谷酒店专用/04_平台详情/酒店售卖方案.csv,T3,否,f0b412698f2e6d0ef5868f19e1ad94ff2cd5b212276aa4c626fdbe38d98da3ea
ChIJjVy1kmmZ4jARxYeYUyNkgRw,Pranakorn Heritage Hotel,5450,9651,9651:19790,3,含早餐,"Standard Cancellation Policy: 3 Days prior to arrival, 1 night charge. No-Show : Full charge",,BBL,2,,5322,,THB,,方案：Flexible Rate with Breakfast；Breakfast Late check out at 01:00hrs.,,2026-10-14,2026-10-15,https://ibe.hoteliers.guru/ibe/en/Pranakorn-Heritage-Hotel-Phanakorn-Bangkok-TH/search?tid=f9c905b21b6d8fe438f4131a3a2c730f,official,2026-09-07T00:38:05-07:00,入住期间总价,接口未返回税费字段,,,否,official_other,原生目标币种（THB）,2026-09-07,"{""优惠标签"": """", ""入住人数"": ""2"", ""其他权益"": ""方案：Flexible Rate with Breakfast；Breakfast Late check out at 01:00hrs."", ""原价"": """", ""取消政策"": ""Standard Cancellation Policy: 3 Days prior to arrival, 1 night charge. No-Show : Full charge"", ""币种"": ""THB"", ""库存提示"": """", ""当前价"": ""5322"", ""支付方式"": ""BBL"", ""早餐"": ""含早餐"", ""确认政策"": """", ""税费"": """"}",否,尚未通过T4人工复核,20260907-003922-csv-f52bd5d0,[LOCAL_HOME]/Desktop/Thailand---泰国/05_GoogleMaps曼谷酒店专用/04_平台详情/酒店售卖方案.csv,T3,否,0cc85762fd4d7c13513e42cc55eee79260f8b5f39c988465d40039ee1f89b4df
ChIJjVy1kmmZ4jARxYeYUyNkgRw,Pranakorn Heritage Hotel,5450,9652,9652:19633,4,含早餐,"1 Day Cancellation: 1 Day prior to arrival, 1 night charge. No-Show : Full charge",,BBL,2,,2758.43,,THB,,方案：Exclusive Deal；Inclusive of great Breakfast Late check out at 13:00 hrs. Complimentary In-room Welcome Snack,,2026-10-14,2026-10-15,https://ibe.hoteliers.guru/ibe/en/Pranakorn-Heritage-Hotel-Phanakorn-Bangkok-TH/search?tid=f9c905b21b6d8fe438f4131a3a2c730f,official,2026-09-07T00:38:05-07:00,入住期间总价,接口未返回税费字段,,,否,official_other,原生目标币种（THB）,2026-09-07,"{""优惠标签"": """", ""入住人数"": ""2"", ""其他权益"": ""方案：Exclusive Deal；Inclusive of great Breakfast Late check out at 13:00 hrs. Complimentary In-room Welcome Snack"", ""原价"": """", ""取消政策"": ""1 Day Cancellation: 1 Day prior to arrival, 1 night charge. No-Show : Full charge"", ""币种"": ""THB"", ""库存提示"": """", ""当前价"": ""2758.43"", ""支付方式"": ""BBL"", ""早餐"": ""含早餐"", ""确认政策"": """", ""税费"": """"}",否,尚未通过T4人工复核,20260907-003922-csv-f52bd5d0,[LOCAL_HOME]/Desktop/Thailand---泰国/05_GoogleMaps曼谷酒店专用/04_平台详情/酒店售卖方案.csv,T3,否,114369f15505d01fbe1f2d200c82cdc585b67a9a18a61c6b8661eb7b255f4b50
ChIJjVy1kmmZ4jARxYeYUyNkgRw,Pranakorn Heritage Hotel,5450,9653,9653:19783,11,含早餐,"Standard Cancellation Policy: 3 Days prior to arrival, 1 night charge. No-Show : Full charge",,BBL,4,,9393,,THB,,方案：Best Available Rate,,2026-10-14,2026-10-15,https://ibe.hoteliers.guru/ibe/en/Pranakorn-Heritage-Hotel-Phanakorn-Bangkok-TH/search?tid=f9c905b21b6d8fe438f4131a3a2c730f,official,2026-09-07T00:38:05-07:00,入住期间总价,接口未返回税费字段,,,否,official_other,原生目标币种（THB）,2026-09-07,"{""优惠标签"": """", ""入住人数"": ""4"", ""其他权益"": ""方案：Best Available Rate"", ""原价"": """", ""取消政策"": ""Standard Cancellation Policy: 3 Days prior to arrival, 1 night charge. No-Show : Full charge"", ""币种"": ""THB"", ""库存提示"": """", ""当前价"": ""9393"", ""支付方式"": ""BBL"", ""早餐"": ""含早餐"", ""确认政策"": """", ""税费"": """"}",否,尚未通过T4人工复核,20260907-003922-csv-f52bd5d0,[LOCAL_HOME]/Desktop/Thailand---泰国/05_GoogleMaps曼谷酒店专用/04_平台详情/酒店售卖方案.csv,T3,否,1266ff3749bf8adb6ab568e079b0bee757d10a64d71340af082584cbaa92d3a3
ChIJjVy1kmmZ4jARxYeYUyNkgRw,Pranakorn Heritage Hotel,5450,9654,9654:19783,8,含早餐,"Standard Cancellation Policy: 3 Days prior to arrival, 1 night charge. No-Show : Full charge",,BBL,2,,6429,,THB,,方案：Best Available Rate,,2026-10-14,2026-10-15,https://ibe.hoteliers.guru/ibe/en/Pranakorn-Heritage-Hotel-Phanakorn-Bangkok-TH/search?tid=f9c905b21b6d8fe438f4131a3a2c730f,official,2026-09-07T00:38:05-07:00,入住期间总价,接口未返回税费字段,,,否,official_other,原生目标币种（THB）,2026-09-07,"{""优惠标签"": """", ""入住人数"": ""2"", ""其他权益"": ""方案：Best Available Rate"", ""原价"": """", ""取消政策"": ""Standard Cancellation Policy: 3 Days prior to arrival, 1 night charge. No-Show : Full charge"", ""币种"": ""THB"", ""库存提示"": """", ""当前价"": ""6429"", ""支付方式"": ""BBL"", ""早餐"": ""含早餐"", ""确认政策"": """", ""税费"": """"}",否,尚未通过T4人工复核,20260907-003922-csv-f52bd5d0,[LOCAL_HOME]/Desktop/Thailand---泰国/05_GoogleMaps曼谷酒店专用/04_平台详情/酒店售卖方案.csv,T3,否,1697695dd88aa76b0b517bde1566959140bffff158c297fcf03c0f977bc2cd30
ChIJjVy1kmmZ4jARxYeYUyNkgRw,Pranakorn Heritage Hotel,5450,9653,9653:19790,12,含早餐,"Standard Cancellation Policy: 3 Days prior to arrival, 1 night charge. No-Show : Full charge",,BBL,4,,9393,,THB,,方案：Flexible Rate with Breakfast；Breakfast Late check out at 01:00hrs.,,2026-10-14,2026-10-15,https://ibe.hoteliers.guru/ibe/en/Pranakorn-Heritage-Hotel-Phanakorn-Bangkok-TH/search?tid=f9c905b21b6d8fe438f4131a3a2c730f,official,2026-09-07T00:38:05-07:00,入住期间总价,接口未返回税费字段,,,否,official_other,原生目标币种（THB）,2026-09-07,"{""优惠标签"": """", ""入住人数"": ""4"", ""其他权益"": ""方案：Flexible Rate with Breakfast；Breakfast Late check out at 01:00hrs."", ""原价"": """", ""取消政策"": ""Standard Cancellation Policy: 3 Days prior to arrival, 1 night charge. No-Show : Full charge"", ""币种"": ""THB"", ""库存提示"": """", ""当前价"": ""9393"", ""支付方式"": ""BBL"", ""早餐"": ""含早餐"", ""确认政策"": """", ""税费"": """"}",否,尚未通过T4人工复核,20260907-003922-csv-f52bd5d0,[LOCAL_HOME]/Desktop/Thailand---泰国/05_GoogleMaps曼谷酒店专用/04_平台详情/酒店售卖方案.csv,T3,否,28ef7f46ad1498521b7a473e22093aba43043552b6bd3f0dabfa63ca3f4198ae
ChIJjVy1kmmZ4jARxYeYUyNkgRw,Pranakorn Heritage Hotel,5450,9653,9653:19633,10,含早餐,"1 Day Cancellation: 1 Day prior to arrival, 1 night charge. No-Show : Full charge",,BBL,4,,4038.99,,THB,,方案：Exclusive Deal；Inclusive of great Breakfast Late check out at 13:00 hrs. Complimentary In-room Welcome Snack,,2026-10-14,2026-10-15,https://ibe.hoteliers.guru/ibe/en/Pranakorn-Heritage-Hotel-Phanakorn-Bangkok-TH/search?tid=f9c905b21b6d8fe438f4131a3a2c730f,official,2026-09-07T00:38:05-07:00,入住期间总价,接口未返回税费字段,,,否,official_other,原生目标币种（THB）,2026-09-07,"{""优惠标签"": """", ""入住人数"": ""4"", ""其他权益"": ""方案：Exclusive Deal；Inclusive of great Breakfast Late check out at 13:00 hrs. Complimentary In-room Welcome Snack"", ""原价"": """", ""取消政策"": ""1 Day Cancellation: 1 Day prior to arrival, 1 night charge. No-Show : Full charge"", ""币种"": ""THB"", ""库存提示"": """", ""当前价"": ""4038.99"", ""支付方式"": ""BBL"", ""早餐"": ""含早餐"", ""确认政策"": """", ""税费"": """"}",否,尚未通过T4人工复核,20260907-003922-csv-f52bd5d0,[LOCAL_HOME]/Desktop/Thailand---泰国/05_GoogleMaps曼谷酒店专用/04_平台详情/酒店售卖方案.csv,T3,否,421eac4aa597ba6a5129dd05cbdecaf51990416a3cc1f6d494cd337084992bf2
ChIJjVy1kmmZ4jARxYeYUyNkgRw,Pranakorn Heritage Hotel,5450,9656,9656:19633,13,含早餐,"1 Day Cancellation: 1 Day prior to arrival, 1 night charge. No-Show : Full charge",,BBL,2,,5515.52,,THB,,方案：Exclusive Deal；Inclusive of great Breakfast Late check out at 13:00 hrs. Complimentary In-room Welcome Snack,,2026-10-14,2026-10-15,https://ibe.hoteliers.guru/ibe/en/Pranakorn-Heritage-Hotel-Phanakorn-Bangkok-TH/search?tid=f9c905b21b6d8fe438f4131a3a2c730f,official,2026-09-07T00:38:05-07:00,入住期间总价,接口未返回税费字段,,,否,official_other,原生目标币种（THB）,2026-09-07,"{""优惠标签"": """", ""入住人数"": ""2"", ""其他权益"": ""方案：Exclusive Deal；Inclusive of great Breakfast Late check out at 13:00 hrs. Complimentary In-room Welcome Snack"", ""原价"": """", ""取消政策"": ""1 Day Cancellation: 1 Day prior to arrival, 1 night charge. No-Show : Full charge"", ""币种"": ""THB"", ""库存提示"": """", ""当前价"": ""5515.52"", ""支付方式"": ""BBL"", ""早餐"": ""含早餐"", ""确认政策"": """", ""税费"": """"}",否,尚未通过T4人工复核,20260907-003922-csv-f52bd5d0,[LOCAL_HOME]/Desktop/Thailand---泰国/05_GoogleMaps曼谷酒店专用/04_平台详情/酒店售卖方案.csv,T3,否,52b66581f1a78dc88c5c094c522a136d39d016a909b90cefffbb0702b0fa9fa5
ChIJjVy1kmmZ4jARxYeYUyNkgRw,Pranakorn Heritage Hotel,5450,9651,9651:19783,2,含早餐,"Standard Cancellation Policy: 3 Days prior to arrival, 1 night charge. No-Show : Full charge",,BBL,2,,5322,,THB,,方案：Best Available Rate,,2026-10-14,2026-10-15,https://ibe.hoteliers.guru/ibe/en/Pranakorn-Heritage-Hotel-Phanakorn-Bangkok-TH/search?tid=f9c905b21b6d8fe438f4131a3a2c730f,official,2026-09-07T00:38:05-07:00,入住期间总价,接口未返回税费字段,,,否,official_other,原生目标币种（THB）,2026-09-07,"{""优惠标签"": """", ""入住人数"": ""2"", ""其他权益"": ""方案：Best Available Rate"", ""原价"": """", ""取消政策"": ""Standard Cancellation Policy: 3 Days prior to arrival, 1 night charge. No-Show : Full charge"", ""币种"": ""THB"", ""库存提示"": """", ""当前价"": ""5322"", ""支付方式"": ""BBL"", ""早餐"": ""含早餐"", ""确认政策"": """", ""税费"": """"}",否,尚未通过T4人工复核,20260907-003922-csv-f52bd5d0,[LOCAL_HOME]/Desktop/Thailand---泰国/05_GoogleMaps曼谷酒店专用/04_平台详情/酒店售卖方案.csv,T3,否,b4d72cf1b4e1d5555a0a8cbf82408647222e459cf67ff0726db8aed8d9568c14
ChIJjVy1kmmZ4jARxYeYUyNkgRw,Pranakorn Heritage Hotel,5450,9656,9656:19783,14,含早餐,"Standard Cancellation Policy: 3 Days prior to arrival, 1 night charge. No-Show : Full charge",,BBL,2,,17236,,THB,,方案：Best Available Rate,,2026-10-14,2026-10-15,https://ibe.hoteliers.guru/ibe/en/Pranakorn-Heritage-Hotel-Phanakorn-Bangkok-TH/search?tid=f9c905b21b6d8fe438f4131a3a2c730f,official,2026-09-07T00:38:05-07:00,入住期间总价,接口未返回税费字段,,,否,official_other,原生目标币种（THB）,2026-09-07,"{""优惠标签"": """", ""入住人数"": ""2"", ""其他权益"": ""方案：Best Available Rate"", ""原价"": """", ""取消政策"": ""Standard Cancellation Policy: 3 Days prior to arrival, 1 night charge. No-Show : Full charge"", ""币种"": ""THB"", ""库存提示"": """", ""当前价"": ""17236"", ""支付方式"": ""BBL"", ""早餐"": ""含早餐"", ""确认政策"": """", ""税费"": """"}",否,尚未通过T4人工复核,20260907-003922-csv-f52bd5d0,[LOCAL_HOME]/Desktop/Thailand---泰国/05_GoogleMaps曼谷酒店专用/04_平台详情/酒店售卖方案.csv,T3,否,b6cfcdf4064047e5855382c3e01d86fc5a5190090444d2386dcf2e4945799bf6
ChIJjVy1kmmZ4jARxYeYUyNkgRw,Pranakorn Heritage Hotel,5450,9652,9652:19783,5,含早餐,"Standard Cancellation Policy: 3 Days prior to arrival, 1 night charge. No-Show : Full charge",,BBL,2,,5869,,THB,,方案：Best Available Rate,,2026-10-14,2026-10-15,https://ibe.hoteliers.guru/ibe/en/Pranakorn-Heritage-Hotel-Phanakorn-Bangkok-TH/search?tid=f9c905b21b6d8fe438f4131a3a2c730f,official,2026-09-07T00:38:05-07:00,入住期间总价,接口未返回税费字段,,,否,official_other,原生目标币种（THB）,2026-09-07,"{""优惠标签"": """", ""入住人数"": ""2"", ""其他权益"": ""方案：Best Available Rate"", ""原价"": """", ""取消政策"": ""Standard Cancellation Policy: 3 Days prior to arrival, 1 night charge. No-Show : Full charge"", ""币种"": ""THB"", ""库存提示"": """", ""当前价"": ""5869"", ""支付方式"": ""BBL"", ""早餐"": ""含早餐"", ""确认政策"": """", ""税费"": """"}",否,尚未通过T4人工复核,20260907-003922-csv-f52bd5d0,[LOCAL_HOME]/Desktop/Thailand---泰国/05_GoogleMaps曼谷酒店专用/04_平台详情/酒店售卖方案.csv,T3,否,c54521b6da24c9c7c0224af11b88e80eac6a77e64fb50877ea8e086694241460
ChIJjVy1kmmZ4jARxYeYUyNkgRw,Pranakorn Heritage Hotel,5450,9654,9654:19633,7,含早餐,"1 Day Cancellation: 1 Day prior to arrival, 1 night charge. No-Show : Full charge",,BBL,2,,2828.76,,THB,,方案：Exclusive Deal；Inclusive of great Breakfast Late check out at 13:00 hrs. Complimentary In-room Welcome Snack,,2026-10-14,2026-10-15,https://ibe.hoteliers.guru/ibe/en/Pranakorn-Heritage-Hotel-Phanakorn-Bangkok-TH/search?tid=f9c905b21b6d8fe438f4131a3a2c730f,official,2026-09-07T00:38:05-07:00,入住期间总价,接口未返回税费字段,,,否,official_other,原生目标币种（THB）,2026-09-07,"{""优惠标签"": """", ""入住人数"": ""2"", ""其他权益"": ""方案：Exclusive Deal；Inclusive of great Breakfast Late check out at 13:00 hrs. Complimentary In-room Welcome Snack"", ""原价"": """", ""取消政策"": ""1 Day Cancellation: 1 Day prior to arrival, 1 night charge. No-Show : Full charge"", ""币种"": ""THB"", ""库存提示"": """", ""当前价"": ""2828.76"", ""支付方式"": ""BBL"", ""早餐"": ""含早餐"", ""确认政策"": """", ""税费"": """"}",否,尚未通过T4人工复核,20260907-003922-csv-f52bd5d0,[LOCAL_HOME]/Desktop/Thailand---泰国/05_GoogleMaps曼谷酒店专用/04_平台详情/酒店售卖方案.csv,T3,否,cb628b47ba6276aca0a83a25a3242191054792ff22ff40d5c879ca435dc53656
ChIJjVy1kmmZ4jARxYeYUyNkgRw,Pranakorn Heritage Hotel,5450,9654,9654:19790,9,含早餐,"Standard Cancellation Policy: 3 Days prior to arrival, 1 night charge. No-Show : Full charge",,BBL,2,,6429,,THB,,方案：Flexible Rate with Breakfast；Breakfast Late check out at 01:00hrs.,,2026-10-14,2026-10-15,https://ibe.hoteliers.guru/ibe/en/Pranakorn-Heritage-Hotel-Phanakorn-Bangkok-TH/search?tid=f9c905b21b6d8fe438f4131a3a2c730f,official,2026-09-07T00:38:05-07:00,入住期间总价,接口未返回税费字段,,,否,official_other,原生目标币种（THB）,2026-09-07,"{""优惠标签"": """", ""入住人数"": ""2"", ""其他权益"": ""方案：Flexible Rate with Breakfast；Breakfast Late check out at 01:00hrs."", ""原价"": """", ""取消政策"": ""Standard Cancellation Policy: 3 Days prior to arrival, 1 night charge. No-Show : Full charge"", ""币种"": ""THB"", ""库存提示"": """", ""当前价"": ""6429"", ""支付方式"": ""BBL"", ""早餐"": ""含早餐"", ""确认政策"": """", ""税费"": """"}",否,尚未通过T4人工复核,20260907-003922-csv-f52bd5d0,[LOCAL_HOME]/Desktop/Thailand---泰国/05_GoogleMaps曼谷酒店专用/04_平台详情/酒店售卖方案.csv,T3,否,f0ad0de197197b9dbb14d84c32316d5505765613c6ebf36f496e12a1a9263331
ChIJjVy1kmmZ4jARxYeYUyNkgRw,Pranakorn Heritage Hotel,5450,9651,9651:19633,1,含早餐,"1 Day Cancellation: 1 Day prior to arrival, 1 night charge. No-Show : Full charge",,BBL,2,,2448.12,,THB,,方案：Exclusive Deal；Inclusive of great Breakfast Late check out at 13:00 hrs. Complimentary In-room Welcome Snack,,2026-10-14,2026-10-15,https://ibe.hoteliers.guru/ibe/en/Pranakorn-Heritage-Hotel-Phanakorn-Bangkok-TH/search?tid=f9c905b21b6d8fe438f4131a3a2c730f,official,2026-09-07T00:38:05-07:00,入住期间总价,接口未返回税费字段,,,否,official_other,原生目标币种（THB）,2026-09-07,"{""优惠标签"": """", ""入住人数"": ""2"", ""其他权益"": ""方案：Exclusive Deal；Inclusive of great Breakfast Late check out at 13:00 hrs. Complimentary In-room Welcome Snack"", ""原价"": """", ""取消政策"": ""1 Day Cancellation: 1 Day prior to arrival, 1 night charge. No-Show : Full charge"", ""币种"": ""THB"", ""库存提示"": """", ""当前价"": ""2448.12"", ""支付方式"": ""BBL"", ""早餐"": ""含早餐"", ""确认政策"": """", ""税费"": """"}",否,尚未通过T4人工复核,20260907-003922-csv-f52bd5d0,[LOCAL_HOME]/Desktop/Thailand---泰国/05_GoogleMaps曼谷酒店专用/04_平台详情/酒店售卖方案.csv,T3,否,f3cfc6a7d9e2542c3dd7d934afb0ad818e22118595ea74cfb5d069ae27e40702
ChIJjVy1kmmZ4jARxYeYUyNkgRw,Pranakorn Heritage Hotel,5450,9656,9656:19790,15,含早餐,"Standard Cancellation Policy: 3 Days prior to arrival, 1 night charge. No-Show : Full charge",,BBL,2,,17236,,THB,,方案：Flexible Rate with Breakfast；Breakfast Late check out at 01:00hrs.,,2026-10-14,2026-10-15,https://ibe.hoteliers.guru/ibe/en/Pranakorn-Heritage-Hotel-Phanakorn-Bangkok-TH/search?tid=f9c905b21b6d8fe438f4131a3a2c730f,official,2026-09-07T00:38:05-07:00,入住期间总价,接口未返回税费字段,,,否,official_other,原生目标币种（THB）,2026-09-07,"{""优惠标签"": """", ""入住人数"": ""2"", ""其他权益"": ""方案：Flexible Rate with Breakfast；Breakfast Late check out at 01:00hrs."", ""原价"": """", ""取消政策"": ""Standard Cancellation Policy: 3 Days prior to arrival, 1 night charge. No-Show : Full charge"", ""币种"": ""THB"", ""库存提示"": """", ""当前价"": ""17236"", ""支付方式"": ""BBL"", ""早餐"": ""含早餐"", ""确认政策"": """", ""税费"": """"}",否,尚未通过T4人工复核,20260907-003922-csv-f52bd5d0,[LOCAL_HOME]/Desktop/Thailand---泰国/05_GoogleMaps曼谷酒店专用/04_平台详情/酒店售卖方案.csv,T3,否,f9f68b251e623c0da916a82f8f8d24ebefc6ddf78f33fc0f2e00626e4517e4a9
ChIJjVy1kmmZ4jARxYeYUyNkgRw,Pranakorn Heritage Hotel,5450,9652,9652:19790,6,含早餐,"Standard Cancellation Policy: 3 Days prior to arrival, 1 night charge. No-Show : Full charge",,BBL,2,,5869,,THB,,方案：Flexible Rate with Breakfast；Breakfast Late check out at 01:00hrs.,,2026-10-14,2026-10-15,https://ibe.hoteliers.guru/ibe/en/Pranakorn-Heritage-Hotel-Phanakorn-Bangkok-TH/search?tid=f9c905b21b6d8fe438f4131a3a2c730f,official,2026-09-07T00:38:05-07:00,入住期间总价,接口未返回税费字段,,,否,official_other,原生目标币种（THB）,2026-09-07,"{""优惠标签"": """", ""入住人数"": ""2"", ""其他权益"": ""方案：Flexible Rate with Breakfast；Breakfast Late check out at 01:00hrs."", ""原价"": """", ""取消政策"": ""Standard Cancellation Policy: 3 Days prior to arrival, 1 night charge. No-Show : Full charge"", ""币种"": ""THB"", ""库存提示"": """", ""当前价"": ""5869"", ""支付方式"": ""BBL"", ""早餐"": ""含早餐"", ""确认政策"": """", ""税费"": """"}",否,尚未通过T4人工复核,20260907-003922-csv-f52bd5d0,[LOCAL_HOME]/Desktop/Thailand---泰国/05_GoogleMaps曼谷酒店专用/04_平台详情/酒店售卖方案.csv,T3,否,fa7bd01c719c536ec3085c710dbcd2b42ac2e9cdbfe108827e40a31a5f73ccd0
ChIJg8pdihGZ4jARySZMwr1S26w,Siri Poshtel Bangkok,6557,13107,13107:20083,6,含早餐,"Cancel at least 1 Days before arrival/ less than 1 days will be charged the total price of the reservation.: Cancel at least 1 Days before arrival/ less than 1 days will be charged the total price of the reservation.；The guest doesn’t show up, they will be charged the total price of the reservation.: The guest doesn’t show up, they will be charged the total price of the reservation.",,PAY_AT_HOTEL_WITH_CC,4,,2000,,THB,,方案：Room with Breakfast,,2026-09-07,2026-09-08,https://ibe.hoteliers.guru/ibe/en/Siri-Poshtel-Bangkok-Phra-Nakhon-Bangkok-TH/search?tid=10cd369b831166ba49fe3eb0d24954b4,official,2026-09-07T00:38:18-07:00,入住期间总价,接口未返回税费字段,,,否,official_other,原生目标币种（THB）,2026-09-07,"{""优惠标签"": """", ""入住人数"": ""4"", ""其他权益"": ""方案：Room with Breakfast"", ""原价"": """", ""取消政策"": ""Cancel at least 1 Days before arrival/ less than 1 days will be charged the total price of the reservation.: Cancel at least 1 Days before arrival/ less than 1 days will be charged the total price of the reservation.；The guest doesn’t show up, they will be charged the total price of the reservation.: The guest doesn’t show up, they will be charged the total price of the reservation."", ""币种"": ""THB"", ""库存提示"": """", ""当前价"": ""2000"", ""支付方式"": ""PAY_AT_HOTEL_WITH_CC"", ""早餐"": ""含早餐"", ""确认政策"": """", ""税费"": """"}",否,尚未通过T4人工复核,20260907-003922-csv-f52bd5d0,[LOCAL_HOME]/Desktop/Thailand---泰国/05_GoogleMaps曼谷酒店专用/04_平台详情/酒店售卖方案.csv,T3,否,06a35b088779ca78669ae997753820fbbce8cd7989c852a83cc15eca1f633f46
ChIJg8pdihGZ4jARySZMwr1S26w,Siri Poshtel Bangkok,6557,13110,13110:20083,12,含早餐,"Cancel at least 1 Days before arrival/ less than 1 days will be charged the total price of the reservation.: Cancel at least 1 Days before arrival/ less than 1 days will be charged the total price of the reservation.；The guest doesn’t show up, they will be charged the total price of the reservation.: The guest doesn’t show up, they will be charged the total price of the reservation.",,PAY_AT_HOTEL_WITH_CC,4,,1610,,THB,,方案：Room with Breakfast,,2026-09-07,2026-09-08,https://ibe.hoteliers.guru/ibe/en/Siri-Poshtel-Bangkok-Phra-Nakhon-Bangkok-TH/search?tid=10cd369b831166ba49fe3eb0d24954b4,official,2026-09-07T00:38:18-07:00,入住期间总价,接口未返回税费字段,,,否,official_other,原生目标币种（THB）,2026-09-07,"{""优惠标签"": """", ""入住人数"": ""4"", ""其他权益"": ""方案：Room with Breakfast"", ""原价"": """", ""取消政策"": ""Cancel at least 1 Days before arrival/ less than 1 days will be charged the total price of the reservation.: Cancel at least 1 Days before arrival/ less than 1 days will be charged the total price of the reservation.；The guest doesn’t show up, they will be charged the total price of the reservation.: The guest doesn’t show up, they will be charged the total price of the reservation."", ""币种"": ""THB"", ""库存提示"": """", ""当前价"": ""1610"", ""支付方式"": ""PAY_AT_HOTEL_WITH_CC"", ""早餐"": ""含早餐"", ""确认政策"": """", ""税费"": """"}",否,尚未通过T4人工复核,20260907-003922-csv-f52bd5d0,[LOCAL_HOME]/Desktop/Thailand---泰国/05_GoogleMaps曼谷酒店专用/04_平台详情/酒店售卖方案.csv,T3,否,26b01c445a00f9d2d4cd763df0d03fb20a12cea0419235b03f76ad063d15020f
ChIJg8pdihGZ4jARySZMwr1S26w,Siri Poshtel Bangkok,6557,13108,13108:20497,7,含早餐,"Non Refundable: The guest will be charged the total price of the reservation if they cancel at any time. If the guest doesn't show up, they will be charged the total price of the reservation.",,2C2P,6,,2327.5,,THB,,方案：Book & Pay in Advance (Non-Refundable),,2026-09-07,2026-09-08,https://ibe.hoteliers.guru/ibe/en/Siri-Poshtel-Bangkok-Phra-Nakhon-Bangkok-TH/search?tid=10cd369b831166ba49fe3eb0d24954b4,official,2026-09-07T00:38:18-07:00,入住期间总价,接口未返回税费字段,,,否,official_other,原生目标币种（THB）,2026-09-07,"{""优惠标签"": """", ""入住人数"": ""6"", ""其他权益"": ""方案：Book & Pay in Advance (Non-Refundable)"", ""原价"": """", ""取消政策"": ""Non Refundable: The guest will be charged the total price of the reservation if they cancel at any time. If the guest doesn't show up, they will be charged the total price of the reservation."", ""币种"": ""THB"", ""库存提示"": """", ""当前价"": ""2327.5"", ""支付方式"": ""2C2P"", ""早餐"": ""含早餐"", ""确认政策"": """", ""税费"": """"}",否,尚未通过T4人工复核,20260907-003922-csv-f52bd5d0,[LOCAL_HOME]/Desktop/Thailand---泰国/05_GoogleMaps曼谷酒店专用/04_平台详情/酒店售卖方案.csv,T3,否,3e53db2450b00aaae2e73afb57af3ad6f3aec3cbf7bcaab7f28c2df3b0763308
ChIJg8pdihGZ4jARySZMwr1S26w,Siri Poshtel Bangkok,6557,13110,13110:20497,11,含早餐,"Non Refundable: The guest will be charged the total price of the reservation if they cancel at any time. If the guest doesn't show up, they will be charged the total price of the reservation.",,2C2P,4,,1529.5,,THB,,方案：Book & Pay in Advance (Non-Refundable),,2026-09-07,2026-09-08,https://ibe.hoteliers.guru/ibe/en/Siri-Poshtel-Bangkok-Phra-Nakhon-Bangkok-TH/search?tid=10cd369b831166ba49fe3eb0d24954b4,official,2026-09-07T00:38:18-07:00,入住期间总价,接口未返回税费字段,,,否,official_other,原生目标币种（THB）,2026-09-07,"{""优惠标签"": """", ""入住人数"": ""4"", ""其他权益"": ""方案：Book & Pay in Advance (Non-Refundable)"", ""原价"": """", ""取消政策"": ""Non Refundable: The guest will be charged the total price of the reservation if they cancel at any time. If the guest doesn't show up, they will be charged the total price of the reservation."", ""币种"": ""THB"", ""库存提示"": """", ""当前价"": ""1529.5"", ""支付方式"": ""2C2P"", ""早餐"": ""含早餐"", ""确认政策"": """", ""税费"": """"}",否,尚未通过T4人工复核,20260907-003922-csv-f52bd5d0,[LOCAL_HOME]/Desktop/Thailand---泰国/05_GoogleMaps曼谷酒店专用/04_平台详情/酒店售卖方案.csv,T3,否,6b3d2f391484e45940fb8fc59b1830ed34ac433e602909ade8f25d51309f8605
ChIJg8pdihGZ4jARySZMwr1S26w,Siri Poshtel Bangkok,6557,13105,13105:20497,1,含早餐,"Non Refundable: The guest will be charged the total price of the reservation if they cancel at any time. If the guest doesn't show up, they will be charged the total price of the reservation.",,2C2P,2,,1300.55,,THB,,方案：Book & Pay in Advance (Non-Refundable),,2026-09-07,2026-09-08,https://ibe.hoteliers.guru/ibe/en/Siri-Poshtel-Bangkok-Phra-Nakhon-Bangkok-TH/search?tid=10cd369b831166ba49fe3eb0d24954b4,official,2026-09-07T00:38:18-07:00,入住期间总价,接口未返回税费字段,,,否,official_other,原生目标币种（THB）,2026-09-07,"{""优惠标签"": """", ""入住人数"": ""2"", ""其他权益"": ""方案：Book & Pay in Advance (Non-Refundable)"", ""原价"": """", ""取消政策"": ""Non Refundable: The guest will be charged the total price of the reservation if they cancel at any time. If the guest doesn't show up, they will be charged the total price of the reservation."", ""币种"": ""THB"", ""库存提示"": """", ""当前价"": ""1300.55"", ""支付方式"": ""2C2P"", ""早餐"": ""含早餐"", ""确认政策"": """", ""税费"": """"}",否,尚未通过T4人工复核,20260907-003922-csv-f52bd5d0,[LOCAL_HOME]/Desktop/Thailand---泰国/05_GoogleMaps曼谷酒店专用/04_平台详情/酒店售卖方案.csv,T3,否,7137e752b90dae5bce0959e6c79d401b35df98a4b4f96f0915294d74155f1aab
ChIJg8pdihGZ4jARySZMwr1S26w,Siri Poshtel Bangkok,6557,13862,13862:20497,13,含早餐,"Non Refundable: The guest will be charged the total price of the reservation if they cancel at any time. If the guest doesn't show up, they will be charged the total price of the reservation.",,2C2P,4,,1900,,THB,,方案：Book & Pay in Advance (Non-Refundable),,2026-09-07,2026-09-08,https://ibe.hoteliers.guru/ibe/en/Siri-Poshtel-Bangkok-Phra-Nakhon-Bangkok-TH/search?tid=10cd369b831166ba49fe3eb0d24954b4,official,2026-09-07T00:38:18-07:00,入住期间总价,接口未返回税费字段,,,否,official_other,原生目标币种（THB）,2026-09-07,"{""优惠标签"": """", ""入住人数"": ""4"", ""其他权益"": ""方案：Book & Pay in Advance (Non-Refundable)"", ""原价"": """", ""取消政策"": ""Non Refundable: The guest will be charged the total price of the reservation if they cancel at any time. If the guest doesn't show up, they will be charged the total price of the reservation."", ""币种"": ""THB"", ""库存提示"": """", ""当前价"": ""1900"", ""支付方式"": ""2C2P"", ""早餐"": ""含早餐"", ""确认政策"": """", ""税费"": """"}",否,尚未通过T4人工复核,20260907-003922-csv-f52bd5d0,[LOCAL_HOME]/Desktop/Thailand---泰国/05_GoogleMaps曼谷酒店专用/04_平台详情/酒店售卖方案.csv,T3,否,7b276a14eadb13b6d84205a2f318fc756d2a544a6a7f6396591d1f4b2ac4bf5e
ChIJg8pdihGZ4jARySZMwr1S26w,Siri Poshtel Bangkok,6557,13862,13862:20083,14,含早餐,"Cancel at least 1 Days before arrival/ less than 1 days will be charged the total price of the reservation.: Cancel at least 1 Days before arrival/ less than 1 days will be charged the total price of the reservation.；The guest doesn’t show up, they will be charged the total price of the reservation.: The guest doesn’t show up, they will be charged the total price of the reservation.",,PAY_AT_HOTEL_WITH_CC,4,,2000,,THB,,方案：Room with Breakfast,,2026-09-07,2026-09-08,https://ibe.hoteliers.guru/ibe/en/Siri-Poshtel-Bangkok-Phra-Nakhon-Bangkok-TH/search?tid=10cd369b831166ba49fe3eb0d24954b4,official,2026-09-07T00:38:18-07:00,入住期间总价,接口未返回税费字段,,,否,official_other,原生目标币种（THB）,2026-09-07,"{""优惠标签"": """", ""入住人数"": ""4"", ""其他权益"": ""方案：Room with Breakfast"", ""原价"": """", ""取消政策"": ""Cancel at least 1 Days before arrival/ less than 1 days will be charged the total price of the reservation.: Cancel at least 1 Days before arrival/ less than 1 days will be charged the total price of the reservation.；The guest doesn’t show up, they will be charged the total price of the reservation.: The guest doesn’t show up, they will be charged the total price of the reservation."", ""币种"": ""THB"", ""库存提示"": """", ""当前价"": ""2000"", ""支付方式"": ""PAY_AT_HOTEL_WITH_CC"", ""早餐"": ""含早餐"", ""确认政策"": """", ""税费"": """"}",否,尚未通过T4人工复核,20260907-003922-csv-f52bd5d0,[LOCAL_HOME]/Desktop/Thailand---泰国/05_GoogleMaps曼谷酒店专用/04_平台详情/酒店售卖方案.csv,T3,否,7eed1e0e7ea91177d577f300061b6807e0752aa7a46c54159078e1184c9e36e2
ChIJg8pdihGZ4jARySZMwr1S26w,Siri Poshtel Bangkok,6557,13105,13105:20083,2,含早餐,"Cancel at least 1 Days before arrival/ less than 1 days will be charged the total price of the reservation.: Cancel at least 1 Days before arrival/ less than 1 days will be charged the total price of the reservation.；The guest doesn’t show up, they will be charged the total price of the reservation.: The guest doesn’t show up, they will be charged the total price of the reservation.",,PAY_AT_HOTEL_WITH_CC,2,,1369,,THB,,方案：Room with Breakfast,,2026-09-07,2026-09-08,https://ibe.hoteliers.guru/ibe/en/Siri-Poshtel-Bangkok-Phra-Nakhon-Bangkok-TH/search?tid=10cd369b831166ba49fe3eb0d24954b4,official,2026-09-07T00:38:18-07:00,入住期间总价,接口未返回税费字段,,,否,official_other,原生目标币种（THB）,2026-09-07,"{""优惠标签"": """", ""入住人数"": ""2"", ""其他权益"": ""方案：Room with Breakfast"", ""原价"": """", ""取消政策"": ""Cancel at least 1 Days before arrival/ less than 1 days will be charged the total price of the reservation.: Cancel at least 1 Days before arrival/ less than 1 days will be charged the total price of the reservation.；The guest doesn’t show up, they will be charged the total price of the reservation.: The guest doesn’t show up, they will be charged the total price of the reservation."", ""币种"": ""THB"", ""库存提示"": """", ""当前价"": ""1369"", ""支付方式"": ""PAY_AT_HOTEL_WITH_CC"", ""早餐"": ""含早餐"", ""确认政策"": """", ""税费"": """"}",否,尚未通过T4人工复核,20260907-003922-csv-f52bd5d0,[LOCAL_HOME]/Desktop/Thailand---泰国/05_GoogleMaps曼谷酒店专用/04_平台详情/酒店售卖方案.csv,T3,否,95dbd5192166850767c8352cbd995addece442682de7c83615a267710b20eae5
ChIJg8pdihGZ4jARySZMwr1S26w,Siri Poshtel Bangkok,6557,13106,13106:20083,4,含早餐,"Cancel at least 1 Days before arrival/ less than 1 days will be charged the total price of the reservation.: Cancel at least 1 Days before arrival/ less than 1 days will be charged the total price of the reservation.；The guest doesn’t show up, they will be charged the total price of the reservation.: The guest doesn’t show up, they will be charged the total price of the reservation.",,PAY_AT_HOTEL_WITH_CC,3,,1820,,THB,,方案：Room with Breakfast,,2026-09-07,2026-09-08,https://ibe.hoteliers.guru/ibe/en/Siri-Poshtel-Bangkok-Phra-Nakhon-Bangkok-TH/search?tid=10cd369b831166ba49fe3eb0d24954b4,official,2026-09-07T00:38:18-07:00,入住期间总价,接口未返回税费字段,,,否,official_other,原生目标币种（THB）,2026-09-07,"{""优惠标签"": """", ""入住人数"": ""3"", ""其他权益"": ""方案：Room with Breakfast"", ""原价"": """", ""取消政策"": ""Cancel at least 1 Days before arrival/ less than 1 days will be charged the total price of the reservation.: Cancel at least 1 Days before arrival/ less than 1 days will be charged the total price of the reservation.；The guest doesn’t show up, they will be charged the total price of the reservation.: The guest doesn’t show up, they will be charged the total price of the reservation."", ""币种"": ""THB"", ""库存提示"": """", ""当前价"": ""1820"", ""支付方式"": ""PAY_AT_HOTEL_WITH_CC"", ""早餐"": ""含早餐"", ""确认政策"": """", ""税费"": """"}",否,尚未通过T4人工复核,20260907-003922-csv-f52bd5d0,[LOCAL_HOME]/Desktop/Thailand---泰国/05_GoogleMaps曼谷酒店专用/04_平台详情/酒店售卖方案.csv,T3,否,9604a4acb888be7882e75644cf67b15191427b8ac71b96a1767f1ef47b1dc5bf
ChIJg8pdihGZ4jARySZMwr1S26w,Siri Poshtel Bangkok,6557,13107,13107:20497,5,含早餐,"Non Refundable: The guest will be charged the total price of the reservation if they cancel at any time. If the guest doesn't show up, they will be charged the total price of the reservation.",,2C2P,4,,1900,,THB,,方案：Book & Pay in Advance (Non-Refundable),,2026-09-07,2026-09-08,https://ibe.hoteliers.guru/ibe/en/Siri-Poshtel-Bangkok-Phra-Nakhon-Bangkok-TH/search?tid=10cd369b831166ba49fe3eb0d24954b4,official,2026-09-07T00:38:18-07:00,入住期间总价,接口未返回税费字段,,,否,official_other,原生目标币种（THB）,2026-09-07,"{""优惠标签"": """", ""入住人数"": ""4"", ""其他权益"": ""方案：Book & Pay in Advance (Non-Refundable)"", ""原价"": """", ""取消政策"": ""Non Refundable: The guest will be charged the total price of the reservation if they cancel at any time. If the guest doesn't show up, they will be charged the total price of the reservation."", ""币种"": ""THB"", ""库存提示"": """", ""当前价"": ""1900"", ""支付方式"": ""2C2P"", ""早餐"": ""含早餐"", ""确认政策"": """", ""税费"": """"}",否,尚未通过T4人工复核,20260907-003922-csv-f52bd5d0,[LOCAL_HOME]/Desktop/Thailand---泰国/05_GoogleMaps曼谷酒店专用/04_平台详情/酒店售卖方案.csv,T3,否,ad952f5bb4dafd56e960606373d203b281904998ab9c03e9b4eb28e2bd06eaac
ChIJg8pdihGZ4jARySZMwr1S26w,Siri Poshtel Bangkok,6557,13108,13108:20083,8,含早餐,"Cancel at least 1 Days before arrival/ less than 1 days will be charged the total price of the reservation.: Cancel at least 1 Days before arrival/ less than 1 days will be charged the total price of the reservation.；The guest doesn’t show up, they will be charged the total price of the reservation.: The guest doesn’t show up, they will be charged the total price of the reservation.",,PAY_AT_HOTEL_WITH_CC,6,,2450,,THB,,方案：Room with Breakfast,,2026-09-07,2026-09-08,https://ibe.hoteliers.guru/ibe/en/Siri-Poshtel-Bangkok-Phra-Nakhon-Bangkok-TH/search?tid=10cd369b831166ba49fe3eb0d24954b4,official,2026-09-07T00:38:18-07:00,入住期间总价,接口未返回税费字段,,,否,official_other,原生目标币种（THB）,2026-09-07,"{""优惠标签"": """", ""入住人数"": ""6"", ""其他权益"": ""方案：Room with Breakfast"", ""原价"": """", ""取消政策"": ""Cancel at least 1 Days before arrival/ less than 1 days will be charged the total price of the reservation.: Cancel at least 1 Days before arrival/ less than 1 days will be charged the total price of the reservation.；The guest doesn’t show up, they will be charged the total price of the reservation.: The guest doesn’t show up, they will be charged the total price of the reservation."", ""币种"": ""THB"", ""库存提示"": """", ""当前价"": ""2450"", ""支付方式"": ""PAY_AT_HOTEL_WITH_CC"", ""早餐"": ""含早餐"", ""确认政策"": """", ""税费"": """"}",否,尚未通过T4人工复核,20260907-003922-csv-f52bd5d0,[LOCAL_HOME]/Desktop/Thailand---泰国/05_GoogleMaps曼谷酒店专用/04_平台详情/酒店售卖方案.csv,T3,否,bc6012c6edb7b421367d884204b906d01cbe460c80e86b92ec1de464dc8d8977
ChIJg8pdihGZ4jARySZMwr1S26w,Siri Poshtel Bangkok,6557,13109,13109:20497,9,含早餐,"Non Refundable: The guest will be charged the total price of the reservation if they cancel at any time. If the guest doesn't show up, they will be charged the total price of the reservation.",,2C2P,4,,1710,,THB,,方案：Book & Pay in Advance (Non-Refundable),,2026-09-07,2026-09-08,https://ibe.hoteliers.guru/ibe/en/Siri-Poshtel-Bangkok-Phra-Nakhon-Bangkok-TH/search?tid=10cd369b831166ba49fe3eb0d24954b4,official,2026-09-07T00:38:18-07:00,入住期间总价,接口未返回税费字段,,,否,official_other,原生目标币种（THB）,2026-09-07,"{""优惠标签"": """", ""入住人数"": ""4"", ""其他权益"": ""方案：Book & Pay in Advance (Non-Refundable)"", ""原价"": """", ""取消政策"": ""Non Refundable: The guest will be charged the total price of the reservation if they cancel at any time. If the guest doesn't show up, they will be charged the total price of the reservation."", ""币种"": ""THB"", ""库存提示"": """", ""当前价"": ""1710"", ""支付方式"": ""2C2P"", ""早餐"": ""含早餐"", ""确认政策"": """", ""税费"": """"}",否,尚未通过T4人工复核,20260907-003922-csv-f52bd5d0,[LOCAL_HOME]/Desktop/Thailand---泰国/05_GoogleMaps曼谷酒店专用/04_平台详情/酒店售卖方案.csv,T3,否,d075d904eeadf228701864599ce29006dcabbed11bf1978531d53a09e0452037
ChIJg8pdihGZ4jARySZMwr1S26w,Siri Poshtel Bangkok,6557,13106,13106:20497,3,含早餐,"Non Refundable: The guest will be charged the total price of the reservation if they cancel at any time. If the guest doesn't show up, they will be charged the total price of the reservation.",,2C2P,3,,1729,,THB,,方案：Book & Pay in Advance (Non-Refundable),,2026-09-07,2026-09-08,https://ibe.hoteliers.guru/ibe/en/Siri-Poshtel-Bangkok-Phra-Nakhon-Bangkok-TH/search?tid=10cd369b831166ba49fe3eb0d24954b4,official,2026-09-07T00:38:18-07:00,入住期间总价,接口未返回税费字段,,,否,official_other,原生目标币种（THB）,2026-09-07,"{""优惠标签"": """", ""入住人数"": ""3"", ""其他权益"": ""方案：Book & Pay in Advance (Non-Refundable)"", ""原价"": """", ""取消政策"": ""Non Refundable: The guest will be charged the total price of the reservation if they cancel at any time. If the guest doesn't show up, they will be charged the total price of the reservation."", ""币种"": ""THB"", ""库存提示"": """", ""当前价"": ""1729"", ""支付方式"": ""2C2P"", ""早餐"": ""含早餐"", ""确认政策"": """", ""税费"": """"}",否,尚未通过T4人工复核,20260907-003922-csv-f52bd5d0,[LOCAL_HOME]/Desktop/Thailand---泰国/05_GoogleMaps曼谷酒店专用/04_平台详情/酒店售卖方案.csv,T3,否,d8195bfaa9d15ec3e3b1df32bca5645978ca9d3440f01eae876407f85e1b172d
ChIJg8pdihGZ4jARySZMwr1S26w,Siri Poshtel Bangkok,6557,13109,13109:20083,10,含早餐,"Cancel at least 1 Days before arrival/ less than 1 days will be charged the total price of the reservation.: Cancel at least 1 Days before arrival/ less than 1 days will be charged the total price of the reservation.；The guest doesn’t show up, they will be charged the total price of the reservation.: The guest doesn’t show up, they will be charged the total price of the reservation.",,PAY_AT_HOTEL_WITH_CC,4,,1800,,THB,,方案：Room with Breakfast,,2026-09-07,2026-09-08,https://ibe.hoteliers.guru/ibe/en/Siri-Poshtel-Bangkok-Phra-Nakhon-Bangkok-TH/search?tid=10cd369b831166ba49fe3eb0d24954b4,official,2026-09-07T00:38:18-07:00,入住期间总价,接口未返回税费字段,,,否,official_other,原生目标币种（THB）,2026-09-07,"{""优惠标签"": """", ""入住人数"": ""4"", ""其他权益"": ""方案：Room with Breakfast"", ""原价"": """", ""取消政策"": ""Cancel at least 1 Days before arrival/ less than 1 days will be charged the total price of the reservation.: Cancel at least 1 Days before arrival/ less than 1 days will be charged the total price of the reservation.；The guest doesn’t show up, they will be charged the total price of the reservation.: The guest doesn’t show up, they will be charged the total price of the reservation."", ""币种"": ""THB"", ""库存提示"": """", ""当前价"": ""1800"", ""支付方式"": ""PAY_AT_HOTEL_WITH_CC"", ""早餐"": ""含早餐"", ""确认政策"": """", ""税费"": """"}",否,尚未通过T4人工复核,20260907-003922-csv-f52bd5d0,[LOCAL_HOME]/Desktop/Thailand---泰国/05_GoogleMaps曼谷酒店专用/04_平台详情/酒店售卖方案.csv,T3,否,e15a4f2a8aa7b5153b59147982d99831504297c2969d55e03d6a4612d9825a73
ChIJafejwYeZ4jAR-9_DqWFWxj0,Siri Grand Bangkok Hotel,6257,13103,13103:20271,9,含早餐,Non Refundable: Non Refundable,,,2,,2223.65,,THB,,方案：Special discount Non-refundable,,2026-10-02,2026-10-03,https://ibe.hoteliers.guru/ibe/en/Siri-Grand-Bangkok-Hotel-Phanakorn-Bangkok-TH/search?tid=14b51d0c684d5db2d7db11459ef06116,official,2026-09-07T00:38:25-07:00,入住期间总价,接口未返回税费字段,,,否,official_other,原生目标币种（THB）,2026-09-07,"{""优惠标签"": """", ""入住人数"": ""2"", ""其他权益"": ""方案：Special discount Non-refundable"", ""原价"": """", ""取消政策"": ""Non Refundable: Non Refundable"", ""币种"": ""THB"", ""库存提示"": """", ""当前价"": ""2223.65"", ""支付方式"": """", ""早餐"": ""含早餐"", ""确认政策"": """", ""税费"": """"}",否,尚未通过T4人工复核,20260907-003922-csv-f52bd5d0,[LOCAL_HOME]/Desktop/Thailand---泰国/05_GoogleMaps曼谷酒店专用/04_平台详情/酒店售卖方案.csv,T3,否,14afd936792b0c985c0ccb2e271a18d522fdf22d325edd93e72fc66f77750d57
ChIJafejwYeZ4jAR-9_DqWFWxj0,Siri Grand Bangkok Hotel,6257,13100,13100:20271,3,含早餐,Non Refundable: Non Refundable,,,3,,3492.5,,THB,,方案：Special discount Non-refundable,,2026-10-02,2026-10-03,https://ibe.hoteliers.guru/ibe/en/Siri-Grand-Bangkok-Hotel-Phanakorn-Bangkok-TH/search?tid=14b51d0c684d5db2d7db11459ef06116,official,2026-09-07T00:38:25-07:00,入住期间总价,接口未返回税费字段,,,否,official_other,原生目标币种（THB）,2026-09-07,"{""优惠标签"": """", ""入住人数"": ""3"", ""其他权益"": ""方案：Special discount Non-refundable"", ""原价"": """", ""取消政策"": ""Non Refundable: Non Refundable"", ""币种"": ""THB"", ""库存提示"": """", ""当前价"": ""3492.5"", ""支付方式"": """", ""早餐"": ""含早餐"", ""确认政策"": """", ""税费"": """"}",否,尚未通过T4人工复核,20260907-003922-csv-f52bd5d0,[LOCAL_HOME]/Desktop/Thailand---泰国/05_GoogleMaps曼谷酒店专用/04_平台详情/酒店售卖方案.csv,T3,否,29d9069ab53c4c82f3a3dcfe2f9b133531375e4afde2b21602c7e5a3b74e1ca2
ChIJafejwYeZ4jAR-9_DqWFWxj0,Siri Grand Bangkok Hotel,6257,13103,13103:20093,10,含早餐,Non Refundable: Non Refundable,,,2,,4043,,THB,,方案：Room with Breakfast,,2026-10-02,2026-10-03,https://ibe.hoteliers.guru/ibe/en/Siri-Grand-Bangkok-Hotel-Phanakorn-Bangkok-TH/search?tid=14b51d0c684d5db2d7db11459ef06116,official,2026-09-07T00:38:25-07:00,入住期间总价,接口未返回税费字段,,,否,official_other,原生目标币种（THB）,2026-09-07,"{""优惠标签"": """", ""入住人数"": ""2"", ""其他权益"": ""方案：Room with Breakfast"", ""原价"": """", ""取消政策"": ""Non Refundable: Non Refundable"", ""币种"": ""THB"", ""库存提示"": """", ""当前价"": ""4043"", ""支付方式"": """", ""早餐"": ""含早餐"", ""确认政策"": """", ""税费"": """"}",否,尚未通过T4人工复核,20260907-003922-csv-f52bd5d0,[LOCAL_HOME]/Desktop/Thailand---泰国/05_GoogleMaps曼谷酒店专用/04_平台详情/酒店售卖方案.csv,T3,否,2d3456c08bb577973f9ec67b0434965febfc727b7a211c89094f6079f51721e7
ChIJafejwYeZ4jAR-9_DqWFWxj0,Siri Grand Bangkok Hotel,6257,13101,13101:20093,6,含早餐,Non Refundable: Non Refundable,,,3,,6765,,THB,,方案：Room with Breakfast,,2026-10-02,2026-10-03,https://ibe.hoteliers.guru/ibe/en/Siri-Grand-Bangkok-Hotel-Phanakorn-Bangkok-TH/search?tid=14b51d0c684d5db2d7db11459ef06116,official,2026-09-07T00:38:25-07:00,入住期间总价,接口未返回税费字段,,,否,official_other,原生目标币种（THB）,2026-09-07,"{""优惠标签"": """", ""入住人数"": ""3"", ""其他权益"": ""方案：Room with Breakfast"", ""原价"": """", ""取消政策"": ""Non Refundable: Non Refundable"", ""币种"": ""THB"", ""库存提示"": """", ""当前价"": ""6765"", ""支付方式"": """", ""早餐"": ""含早餐"", ""确认政策"": """", ""税费"": """"}",否,尚未通过T4人工复核,20260907-003922-csv-f52bd5d0,[LOCAL_HOME]/Desktop/Thailand---泰国/05_GoogleMaps曼谷酒店专用/04_平台详情/酒店售卖方案.csv,T3,否,5745674810ecefa4cff5fc5e8dcfeee53d6ae43d71161eb10de0462245ff3d2b
ChIJafejwYeZ4jAR-9_DqWFWxj0,Siri Grand Bangkok Hotel,6257,13101,13101:20271,5,含早餐,Non Refundable: Non Refundable,,,3,,3720.75,,THB,,方案：Special discount Non-refundable,,2026-10-02,2026-10-03,https://ibe.hoteliers.guru/ibe/en/Siri-Grand-Bangkok-Hotel-Phanakorn-Bangkok-TH/search?tid=14b51d0c684d5db2d7db11459ef06116,official,2026-09-07T00:38:25-07:00,入住期间总价,接口未返回税费字段,,,否,official_other,原生目标币种（THB）,2026-09-07,"{""优惠标签"": """", ""入住人数"": ""3"", ""其他权益"": ""方案：Special discount Non-refundable"", ""原价"": """", ""取消政策"": ""Non Refundable: Non Refundable"", ""币种"": ""THB"", ""库存提示"": """", ""当前价"": ""3720.75"", ""支付方式"": """", ""早餐"": ""含早餐"", ""确认政策"": """", ""税费"": """"}",否,尚未通过T4人工复核,20260907-003922-csv-f52bd5d0,[LOCAL_HOME]/Desktop/Thailand---泰国/05_GoogleMaps曼谷酒店专用/04_平台详情/酒店售卖方案.csv,T3,否,7075f41a494bb799bf79745e55be0c093d7c2dd0729eacb9913747842ae9d61d
ChIJafejwYeZ4jAR-9_DqWFWxj0,Siri Grand Bangkok Hotel,6257,13099,13099:20093,2,含早餐,Non Refundable: Non Refundable,,,2,,4250,,THB,,方案：Room with Breakfast,,2026-10-02,2026-10-03,https://ibe.hoteliers.guru/ibe/en/Siri-Grand-Bangkok-Hotel-Phanakorn-Bangkok-TH/search?tid=14b51d0c684d5db2d7db11459ef06116,official,2026-09-07T00:38:25-07:00,入住期间总价,接口未返回税费字段,,,否,official_other,原生目标币种（THB）,2026-09-07,"{""优惠标签"": """", ""入住人数"": ""2"", ""其他权益"": ""方案：Room with Breakfast"", ""原价"": """", ""取消政策"": ""Non Refundable: Non Refundable"", ""币种"": ""THB"", ""库存提示"": """", ""当前价"": ""4250"", ""支付方式"": """", ""早餐"": ""含早餐"", ""确认政策"": """", ""税费"": """"}",否,尚未通过T4人工复核,20260907-003922-csv-f52bd5d0,[LOCAL_HOME]/Desktop/Thailand---泰国/05_GoogleMaps曼谷酒店专用/04_平台详情/酒店售卖方案.csv,T3,否,928c397a5e09cf4726f006ffc9c556634db76473d1b8f7b8dba5422d5daaa235
ChIJafejwYeZ4jAR-9_DqWFWxj0,Siri Grand Bangkok Hotel,6257,13099,13099:20271,1,含早餐,Non Refundable: Non Refundable,,,2,,2337.5,,THB,,方案：Special discount Non-refundable,,2026-10-02,2026-10-03,https://ibe.hoteliers.guru/ibe/en/Siri-Grand-Bangkok-Hotel-Phanakorn-Bangkok-TH/search?tid=14b51d0c684d5db2d7db11459ef06116,official,2026-09-07T00:38:25-07:00,入住期间总价,接口未返回税费字段,,,否,official_other,原生目标币种（THB）,2026-09-07,"{""优惠标签"": """", ""入住人数"": ""2"", ""其他权益"": ""方案：Special discount Non-refundable"", ""原价"": """", ""取消政策"": ""Non Refundable: Non Refundable"", ""币种"": ""THB"", ""库存提示"": """", ""当前价"": ""2337.5"", ""支付方式"": """", ""早餐"": ""含早餐"", ""确认政策"": """", ""税费"": """"}",否,尚未通过T4人工复核,20260907-003922-csv-f52bd5d0,[LOCAL_HOME]/Desktop/Thailand---泰国/05_GoogleMaps曼谷酒店专用/04_平台详情/酒店售卖方案.csv,T3,否,b966c9930022353bbc0298dce075cb1a7877bcbebf2a3dd42246308a213b1d3d
ChIJafejwYeZ4jAR-9_DqWFWxj0,Siri Grand Bangkok Hotel,6257,13100,13100:20093,4,含早餐,Non Refundable: Non Refundable,,,3,,6350,,THB,,方案：Room with Breakfast,,2026-10-02,2026-10-03,https://ibe.hoteliers.guru/ibe/en/Siri-Grand-Bangkok-Hotel-Phanakorn-Bangkok-TH/search?tid=14b51d0c684d5db2d7db11459ef06116,official,2026-09-07T00:38:25-07:00,入住期间总价,接口未返回税费字段,,,否,official_other,原生目标币种（THB）,2026-09-07,"{""优惠标签"": """", ""入住人数"": ""3"", ""其他权益"": ""方案：Room with Breakfast"", ""原价"": """", ""取消政策"": ""Non Refundable: Non Refundable"", ""币种"": ""THB"", ""库存提示"": """", ""当前价"": ""6350"", ""支付方式"": """", ""早餐"": ""含早餐"", ""确认政策"": """", ""税费"": """"}",否,尚未通过T4人工复核,20260907-003922-csv-f52bd5d0,[LOCAL_HOME]/Desktop/Thailand---泰国/05_GoogleMaps曼谷酒店专用/04_平台详情/酒店售卖方案.csv,T3,否,bd03d542260f2b1a63016627f00ef5d51d5996976cdf949e0158617d5b875f6c
ChIJafejwYeZ4jAR-9_DqWFWxj0,Siri Grand Bangkok Hotel,6257,13102,13102:20271,7,含早餐,Non Refundable: Non Refundable,,,2,,2117.5,,THB,,方案：Special discount Non-refundable,,2026-10-02,2026-10-03,https://ibe.hoteliers.guru/ibe/en/Siri-Grand-Bangkok-Hotel-Phanakorn-Bangkok-TH/search?tid=14b51d0c684d5db2d7db11459ef06116,official,2026-09-07T00:38:25-07:00,入住期间总价,接口未返回税费字段,,,否,official_other,原生目标币种（THB）,2026-09-07,"{""优惠标签"": """", ""入住人数"": ""2"", ""其他权益"": ""方案：Special discount Non-refundable"", ""原价"": """", ""取消政策"": ""Non Refundable: Non Refundable"", ""币种"": ""THB"", ""库存提示"": """", ""当前价"": ""2117.5"", ""支付方式"": """", ""早餐"": ""含早餐"", ""确认政策"": """", ""税费"": """"}",否,尚未通过T4人工复核,20260907-003922-csv-f52bd5d0,[LOCAL_HOME]/Desktop/Thailand---泰国/05_GoogleMaps曼谷酒店专用/04_平台详情/酒店售卖方案.csv,T3,否,be9b985cfcbbba0c27adb21ebc3114297deeebffa9aef7486efd7e6ae4a5966a
ChIJafejwYeZ4jAR-9_DqWFWxj0,Siri Grand Bangkok Hotel,6257,13102,13102:20093,8,含早餐,Non Refundable: Non Refundable,,,2,,3850,,THB,,方案：Room with Breakfast,,2026-10-02,2026-10-03,https://ibe.hoteliers.guru/ibe/en/Siri-Grand-Bangkok-Hotel-Phanakorn-Bangkok-TH/search?tid=14b51d0c684d5db2d7db11459ef06116,official,2026-09-07T00:38:25-07:00,入住期间总价,接口未返回税费字段,,,否,official_other,原生目标币种（THB）,2026-09-07,"{""优惠标签"": """", ""入住人数"": ""2"", ""其他权益"": ""方案：Room with Breakfast"", ""原价"": """", ""取消政策"": ""Non Refundable: Non Refundable"", ""币种"": ""THB"", ""库存提示"": """", ""当前价"": ""3850"", ""支付方式"": """", ""早餐"": ""含早餐"", ""确认政策"": """", ""税费"": """"}",否,尚未通过T4人工复核,20260907-003922-csv-f52bd5d0,[LOCAL_HOME]/Desktop/Thailand---泰国/05_GoogleMaps曼谷酒店专用/04_平台详情/酒店售卖方案.csv,T3,否,e70cfa034459ef27f348514bb08468e1da4a669ad7424304f1c7435a15ed51b9
ChIJ9Yp6nAGZ4jARbKNaFpq2jFI,Siri Ratchadamnoen Bangkok Hotel,6258,13112,13112:20263,3,含早餐,Any day 100% charge: Any day 100% charge,,2C2P,2,,1952.5,,THB,,方案：special discount Non-refundable,,2026-09-08,2026-09-09,https://ibe.hoteliers.guru/ibe/en/Siri-Ratchadamnoen-Bangkok-hotel-Phra-Nakhon-Bangkok-TH/search?tid=d16218610d46a7e390b45fa6d457e771,official,2026-09-07T00:38:31-07:00,入住期间总价,接口未返回税费字段,,,否,official_other,原生目标币种（THB）,2026-09-07,"{""优惠标签"": """", ""入住人数"": ""2"", ""其他权益"": ""方案：special discount Non-refundable"", ""原价"": """", ""取消政策"": ""Any day 100% charge: Any day 100% charge"", ""币种"": ""THB"", ""库存提示"": """", ""当前价"": ""1952.5"", ""支付方式"": ""2C2P"", ""早餐"": ""含早餐"", ""确认政策"": """", ""税费"": """"}",否,尚未通过T4人工复核,20260907-003922-csv-f52bd5d0,[LOCAL_HOME]/Desktop/Thailand---泰国/05_GoogleMaps曼谷酒店专用/04_平台详情/酒店售卖方案.csv,T3,否,332f03f692840046ebaaf0f917d6b2506659b7516057930b711e10df2cfe7826
ChIJ9Yp6nAGZ4jARbKNaFpq2jFI,Siri Ratchadamnoen Bangkok Hotel,6258,13112,13112:20092,4,含早餐,Any day 100% charge: Any day 100% charge,,,2,,3550,,THB,,方案：Room with Breakfast,,2026-09-08,2026-09-09,https://ibe.hoteliers.guru/ibe/en/Siri-Ratchadamnoen-Bangkok-hotel-Phra-Nakhon-Bangkok-TH/search?tid=d16218610d46a7e390b45fa6d457e771,official,2026-09-07T00:38:31-07:00,入住期间总价,接口未返回税费字段,,,否,official_other,原生目标币种（THB）,2026-09-07,"{""优惠标签"": """", ""入住人数"": ""2"", ""其他权益"": ""方案：Room with Breakfast"", ""原价"": """", ""取消政策"": ""Any day 100% charge: Any day 100% charge"", ""币种"": ""THB"", ""库存提示"": """", ""当前价"": ""3550"", ""支付方式"": """", ""早餐"": ""含早餐"", ""确认政策"": """", ""税费"": """"}",否,尚未通过T4人工复核,20260907-003922-csv-f52bd5d0,[LOCAL_HOME]/Desktop/Thailand---泰国/05_GoogleMaps曼谷酒店专用/04_平台详情/酒店售卖方案.csv,T3,否,c527aaff187a060f7d38aed7a8e7ee25e430b232e367b0f6ea22814dc4d2b8bc
ChIJ9Yp6nAGZ4jARbKNaFpq2jFI,Siri Ratchadamnoen Bangkok Hotel,6258,13111,13111:20092,2,含早餐,Any day 100% charge: Any day 100% charge,,,2,,3550,,THB,,方案：Room with Breakfast,,2026-09-08,2026-09-09,https://ibe.hoteliers.guru/ibe/en/Siri-Ratchadamnoen-Bangkok-hotel-Phra-Nakhon-Bangkok-TH/search?tid=d16218610d46a7e390b45fa6d457e771,official,2026-09-07T00:38:31-07:00,入住期间总价,接口未返回税费字段,,,否,official_other,原生目标币种（THB）,2026-09-07,"{""优惠标签"": """", ""入住人数"": ""2"", ""其他权益"": ""方案：Room with Breakfast"", ""原价"": """", ""取消政策"": ""Any day 100% charge: Any day 100% charge"", ""币种"": ""THB"", ""库存提示"": """", ""当前价"": ""3550"", ""支付方式"": """", ""早餐"": ""含早餐"", ""确认政策"": """", ""税费"": """"}",否,尚未通过T4人工复核,20260907-003922-csv-f52bd5d0,[LOCAL_HOME]/Desktop/Thailand---泰国/05_GoogleMaps曼谷酒店专用/04_平台详情/酒店售卖方案.csv,T3,否,e58e2a495bda3d9a3c8f416c2ff8b300128dea9cd67a9c82d40e4f9a1071f896
ChIJ9Yp6nAGZ4jARbKNaFpq2jFI,Siri Ratchadamnoen Bangkok Hotel,6258,13111,13111:20263,1,含早餐,Any day 100% charge: Any day 100% charge,,2C2P,2,,1952.5,,THB,,方案：special discount Non-refundable,,2026-09-08,2026-09-09,https://ibe.hoteliers.guru/ibe/en/Siri-Ratchadamnoen-Bangkok-hotel-Phra-Nakhon-Bangkok-TH/search?tid=d16218610d46a7e390b45fa6d457e771,official,2026-09-07T00:38:31-07:00,入住期间总价,接口未返回税费字段,,,否,official_other,原生目标币种（THB）,2026-09-07,"{""优惠标签"": """", ""入住人数"": ""2"", ""其他权益"": ""方案：special discount Non-refundable"", ""原价"": """", ""取消政策"": ""Any day 100% charge: Any day 100% charge"", ""币种"": ""THB"", ""库存提示"": """", ""当前价"": ""1952.5"", ""支付方式"": ""2C2P"", ""早餐"": ""含早餐"", ""确认政策"": """", ""税费"": """"}",否,尚未通过T4人工复核,20260907-003922-csv-f52bd5d0,[LOCAL_HOME]/Desktop/Thailand---泰国/05_GoogleMaps曼谷酒店专用/04_平台详情/酒店售卖方案.csv,T3,否,ef1aef29818b610b8ad14bf30c70fe372751e7e47106d7be1328c9e1eaf8ecf9
ChIJUeKRgz-Z4jARqZDvWdpFtAQ,Norn Riverside Bangkok Hotel,5633,9501,9501:15233,5,不含早餐,Non Refundable: Please following the condition from you reservation channel For direct booking with hotel is NON-Refundable,,,3,,1820,,THB,,方案：Non Refund Room only,,2026-09-07,2026-09-08,https://ibe.hoteliers.guru/ibe/en/NORN-Riverside-Hotel-Bangkok-Noi-Bangkok-TH/search?tid=dd7eba4c9f2a6bee435168d783b10432,official,2026-09-07T00:38:53-07:00,入住期间总价,接口未返回税费字段,,,否,official_other,原生目标币种（THB）,2026-09-07,"{""优惠标签"": """", ""入住人数"": ""3"", ""其他权益"": ""方案：Non Refund Room only"", ""原价"": """", ""取消政策"": ""Non Refundable: Please following the condition from you reservation channel For direct booking with hotel is NON-Refundable"", ""币种"": ""THB"", ""库存提示"": """", ""当前价"": ""1820"", ""支付方式"": """", ""早餐"": ""不含早餐"", ""确认政策"": """", ""税费"": """"}",否,尚未通过T4人工复核,20260907-003922-csv-f52bd5d0,[LOCAL_HOME]/Desktop/Thailand---泰国/05_GoogleMaps曼谷酒店专用/04_平台详情/酒店售卖方案.csv,T3,否,0674e827a350f10e12a8a3cd31d7634f0fe82803f1c3dca2478771c60b05ab34
ChIJUeKRgz-Z4jARqZDvWdpFtAQ,Norn Riverside Bangkok Hotel,5633,9499,9499:15233,3,不含早餐,Non Refundable: Please following the condition from you reservation channel For direct booking with hotel is NON-Refundable,,,2,,1260,,THB,,方案：Non Refund Room only,,2026-09-07,2026-09-08,https://ibe.hoteliers.guru/ibe/en/NORN-Riverside-Hotel-Bangkok-Noi-Bangkok-TH/search?tid=dd7eba4c9f2a6bee435168d783b10432,official,2026-09-07T00:38:53-07:00,入住期间总价,接口未返回税费字段,,,否,official_other,原生目标币种（THB）,2026-09-07,"{""优惠标签"": """", ""入住人数"": ""2"", ""其他权益"": ""方案：Non Refund Room only"", ""原价"": """", ""取消政策"": ""Non Refundable: Please following the condition from you reservation channel For direct booking with hotel is NON-Refundable"", ""币种"": ""THB"", ""库存提示"": """", ""当前价"": ""1260"", ""支付方式"": """", ""早餐"": ""不含早餐"", ""确认政策"": """", ""税费"": """"}",否,尚未通过T4人工复核,20260907-003922-csv-f52bd5d0,[LOCAL_HOME]/Desktop/Thailand---泰国/05_GoogleMaps曼谷酒店专用/04_平台详情/酒店售卖方案.csv,T3,否,6d094f2f0a221977904e16f8245eb2a56f94d5e5185c2656bcce9a4b456557da
ChIJUeKRgz-Z4jARqZDvWdpFtAQ,Norn Riverside Bangkok Hotel,5633,9496,9496:15233,1,不含早餐,Non Refundable: Please following the condition from you reservation channel For direct booking with hotel is NON-Refundable,,,2,,1260,,THB,,方案：Non Refund Room only,,2026-09-07,2026-09-08,https://ibe.hoteliers.guru/ibe/en/NORN-Riverside-Hotel-Bangkok-Noi-Bangkok-TH/search?tid=dd7eba4c9f2a6bee435168d783b10432,official,2026-09-07T00:38:53-07:00,入住期间总价,接口未返回税费字段,,,否,official_other,原生目标币种（THB）,2026-09-07,"{""优惠标签"": """", ""入住人数"": ""2"", ""其他权益"": ""方案：Non Refund Room only"", ""原价"": """", ""取消政策"": ""Non Refundable: Please following the condition from you reservation channel For direct booking with hotel is NON-Refundable"", ""币种"": ""THB"", ""库存提示"": """", ""当前价"": ""1260"", ""支付方式"": """", ""早餐"": ""不含早餐"", ""确认政策"": """", ""税费"": """"}",否,尚未通过T4人工复核,20260907-003922-csv-f52bd5d0,[LOCAL_HOME]/Desktop/Thailand---泰国/05_GoogleMaps曼谷酒店专用/04_平台详情/酒店售卖方案.csv,T3,否,a1cbabaf5d431f3781947dbcc49053b0eea799cb678dca195479ca79133870e1
ChIJUeKRgz-Z4jARqZDvWdpFtAQ,Norn Riverside Bangkok Hotel,5633,10468,10468:15233,6,不含早餐,Non Refundable: Please following the condition from you reservation channel For direct booking with hotel is NON-Refundable,,,2,,3000,,THB,,方案：Non Refund Room only,,2026-09-07,2026-09-08,https://ibe.hoteliers.guru/ibe/en/NORN-Riverside-Hotel-Bangkok-Noi-Bangkok-TH/search?tid=dd7eba4c9f2a6bee435168d783b10432,official,2026-09-07T00:38:53-07:00,入住期间总价,接口未返回税费字段,,,否,official_other,原生目标币种（THB）,2026-09-07,"{""优惠标签"": """", ""入住人数"": ""2"", ""其他权益"": ""方案：Non Refund Room only"", ""原价"": """", ""取消政策"": ""Non Refundable: Please following the condition from you reservation channel For direct booking with hotel is NON-Refundable"", ""币种"": ""THB"", ""库存提示"": """", ""当前价"": ""3000"", ""支付方式"": """", ""早餐"": ""不含早餐"", ""确认政策"": """", ""税费"": """"}",否,尚未通过T4人工复核,20260907-003922-csv-f52bd5d0,[LOCAL_HOME]/Desktop/Thailand---泰国/05_GoogleMaps曼谷酒店专用/04_平台详情/酒店售卖方案.csv,T3,否,c41bcf071e930292c01239307d1823f3a17ac743bcad48b8ed02c1fc7e62c2ec
ChIJUeKRgz-Z4jARqZDvWdpFtAQ,Norn Riverside Bangkok Hotel,5633,9502,9502:15233,4,不含早餐,Non Refundable: Please following the condition from you reservation channel For direct booking with hotel is NON-Refundable,,,2,,1820,,THB,,方案：Non Refund Room only,,2026-09-07,2026-09-08,https://ibe.hoteliers.guru/ibe/en/NORN-Riverside-Hotel-Bangkok-Noi-Bangkok-TH/search?tid=dd7eba4c9f2a6bee435168d783b10432,official,2026-09-07T00:38:53-07:00,入住期间总价,接口未返回税费字段,,,否,official_other,原生目标币种（THB）,2026-09-07,"{""优惠标签"": """", ""入住人数"": ""2"", ""其他权益"": ""方案：Non Refund Room only"", ""原价"": """", ""取消政策"": ""Non Refundable: Please following the condition from you reservation channel For direct booking with hotel is NON-Refundable"", ""币种"": ""THB"", ""库存提示"": """", ""当前价"": ""1820"", ""支付方式"": """", ""早餐"": ""不含早餐"", ""确认政策"": """", ""税费"": """"}",否,尚未通过T4人工复核,20260907-003922-csv-f52bd5d0,[LOCAL_HOME]/Desktop/Thailand---泰国/05_GoogleMaps曼谷酒店专用/04_平台详情/酒店售卖方案.csv,T3,否,d13609370bc840748189fa35f5d4df0659f1a30cb0ffd6448d564b6f5c2c46ce
ChIJUeKRgz-Z4jARqZDvWdpFtAQ,Norn Riverside Bangkok Hotel,5633,10403,10403:15233,7,不含早餐,Non Refundable: Please following the condition from you reservation channel For direct booking with hotel is NON-Refundable,,,2,,3000,,THB,,方案：Non Refund Room only,,2026-09-07,2026-09-08,https://ibe.hoteliers.guru/ibe/en/NORN-Riverside-Hotel-Bangkok-Noi-Bangkok-TH/search?tid=dd7eba4c9f2a6bee435168d783b10432,official,2026-09-07T00:38:53-07:00,入住期间总价,接口未返回税费字段,,,否,official_other,原生目标币种（THB）,2026-09-07,"{""优惠标签"": """", ""入住人数"": ""2"", ""其他权益"": ""方案：Non Refund Room only"", ""原价"": """", ""取消政策"": ""Non Refundable: Please following the condition from you reservation channel For direct booking with hotel is NON-Refundable"", ""币种"": ""THB"", ""库存提示"": """", ""当前价"": ""3000"", ""支付方式"": """", ""早餐"": ""不含早餐"", ""确认政策"": """", ""税费"": """"}",否,尚未通过T4人工复核,20260907-003922-csv-f52bd5d0,[LOCAL_HOME]/Desktop/Thailand---泰国/05_GoogleMaps曼谷酒店专用/04_平台详情/酒店售卖方案.csv,T3,否,ddaa6788697f9fc7c54877d76354ce533b9cf163d093ad517f94de42b084618b
ChIJUeKRgz-Z4jARqZDvWdpFtAQ,Norn Riverside Bangkok Hotel,5633,9498,9498:15233,2,不含早餐,Non Refundable: Please following the condition from you reservation channel For direct booking with hotel is NON-Refundable,,,2,,1470,,THB,,方案：Non Refund Room only,,2026-09-07,2026-09-08,https://ibe.hoteliers.guru/ibe/en/NORN-Riverside-Hotel-Bangkok-Noi-Bangkok-TH/search?tid=dd7eba4c9f2a6bee435168d783b10432,official,2026-09-07T00:38:53-07:00,入住期间总价,接口未返回税费字段,,,否,official_other,原生目标币种（THB）,2026-09-07,"{""优惠标签"": """", ""入住人数"": ""2"", ""其他权益"": ""方案：Non Refund Room only"", ""原价"": """", ""取消政策"": ""Non Refundable: Please following the condition from you reservation channel For direct booking with hotel is NON-Refundable"", ""币种"": ""THB"", ""库存提示"": """", ""当前价"": ""1470"", ""支付方式"": """", ""早餐"": ""不含早餐"", ""确认政策"": """", ""税费"": """"}",否,尚未通过T4人工复核,20260907-003922-csv-f52bd5d0,[LOCAL_HOME]/Desktop/Thailand---泰国/05_GoogleMaps曼谷酒店专用/04_平台详情/酒店售卖方案.csv,T3,否,e4413f15524c5442c1b9aa3a38e14c11b50742890a38d673290f5b40c1a4336d
ChIJ-Vw_G8yZ4jARHG4N56HvjF4,Victora Hostel,5991,10988,10988:18478,3,不含早餐,"Non-Refundable: Anyday 100% charge, Non-Refundable Unable to Modify Staying Date No-show 100% charge",,,2,,3020,,THB,,方案：Room Only for 2 persons；Free happy hour icecream Free coffee tea and hot chocolate 24 hrs Free refillable drinking water Free towel soap and shampoo,,2026-09-26,2026-09-27,https://ibe.hoteliers.guru/ibe/en/Victora-Hostel-Phra-Nakhon-Bangkok-TH/search?tid=3b6cd4078ef9ccce31d4695e0e2563a8,official,2026-09-07T00:39:00-07:00,入住期间总价,接口未返回税费字段,,,否,official_other,原生目标币种（THB）,2026-09-07,"{""优惠标签"": """", ""入住人数"": ""2"", ""其他权益"": ""方案：Room Only for 2 persons；Free happy hour icecream Free coffee tea and hot chocolate 24 hrs Free refillable drinking water Free towel soap and shampoo"", ""原价"": """", ""取消政策"": ""Non-Refundable: Anyday 100% charge, Non-Refundable Unable to Modify Staying Date No-show 100% charge"", ""币种"": ""THB"", ""库存提示"": """", ""当前价"": ""3020"", ""支付方式"": """", ""早餐"": ""不含早餐"", ""确认政策"": """", ""税费"": """"}",否,尚未通过T4人工复核,20260907-003922-csv-f52bd5d0,[LOCAL_HOME]/Desktop/Thailand---泰国/05_GoogleMaps曼谷酒店专用/04_平台详情/酒店售卖方案.csv,T3,否,30f6a342a7c423dac300a7e90e5772e1c03d72b1f2c18af4045302678eb234e8
ChIJ-Vw_G8yZ4jARHG4N56HvjF4,Victora Hostel,5991,10989,10989:18480,2,不含早餐,"Non-Refundable: Anyday 100% charge, Non-Refundable Unable to Modify Staying Date No-show 100% charge",,,3,,3215,,THB,,方案：Room Only for 3 persons；Free happy hour icecream Free coffee tea and hot chocolate 24 hrs Free refillable drinking water Free towel soap and shampoo,,2026-09-26,2026-09-27,https://ibe.hoteliers.guru/ibe/en/Victora-Hostel-Phra-Nakhon-Bangkok-TH/search?tid=3b6cd4078ef9ccce31d4695e0e2563a8,official,2026-09-07T00:39:00-07:00,入住期间总价,接口未返回税费字段,,,否,official_other,原生目标币种（THB）,2026-09-07,"{""优惠标签"": """", ""入住人数"": ""3"", ""其他权益"": ""方案：Room Only for 3 persons；Free happy hour icecream Free coffee tea and hot chocolate 24 hrs Free refillable drinking water Free towel soap and shampoo"", ""原价"": """", ""取消政策"": ""Non-Refundable: Anyday 100% charge, Non-Refundable Unable to Modify Staying Date No-show 100% charge"", ""币种"": ""THB"", ""库存提示"": """", ""当前价"": ""3215"", ""支付方式"": """", ""早餐"": ""不含早餐"", ""确认政策"": """", ""税费"": """"}",否,尚未通过T4人工复核,20260907-003922-csv-f52bd5d0,[LOCAL_HOME]/Desktop/Thailand---泰国/05_GoogleMaps曼谷酒店专用/04_平台详情/酒店售卖方案.csv,T3,否,6163451a3eabf8ccd7581f31b278874e9d091487c03a58865815d14d5559b6c1
ChIJ-Vw_G8yZ4jARHG4N56HvjF4,Victora Hostel,5991,10989,10989:18478,1,不含早餐,"Non-Refundable: Anyday 100% charge, Non-Refundable Unable to Modify Staying Date No-show 100% charge",,,2,,2920,,THB,,方案：Room Only for 2 persons；Free happy hour icecream Free coffee tea and hot chocolate 24 hrs Free refillable drinking water Free towel soap and shampoo,,2026-09-26,2026-09-27,https://ibe.hoteliers.guru/ibe/en/Victora-Hostel-Phra-Nakhon-Bangkok-TH/search?tid=3b6cd4078ef9ccce31d4695e0e2563a8,official,2026-09-07T00:39:00-07:00,入住期间总价,接口未返回税费字段,,,否,official_other,原生目标币种（THB）,2026-09-07,"{""优惠标签"": """", ""入住人数"": ""2"", ""其他权益"": ""方案：Room Only for 2 persons；Free happy hour icecream Free coffee tea and hot chocolate 24 hrs Free refillable drinking water Free towel soap and shampoo"", ""原价"": """", ""取消政策"": ""Non-Refundable: Anyday 100% charge, Non-Refundable Unable to Modify Staying Date No-show 100% charge"", ""币种"": ""THB"", ""库存提示"": """", ""当前价"": ""2920"", ""支付方式"": """", ""早餐"": ""不含早餐"", ""确认政策"": """", ""税费"": """"}",否,尚未通过T4人工复核,20260907-003922-csv-f52bd5d0,[LOCAL_HOME]/Desktop/Thailand---泰国/05_GoogleMaps曼谷酒店专用/04_平台详情/酒店售卖方案.csv,T3,否,f68f53ea2aa4ddc7f2f9e3b7dfc9e9c257526b02c35352b7e2c433a51d620c55
ChIJ-Vw_G8yZ4jARHG4N56HvjF4,Victora Hostel,5991,10988,10988:18480,4,不含早餐,"Non-Refundable: Anyday 100% charge, Non-Refundable Unable to Modify Staying Date No-show 100% charge",,,3,,3368,,THB,,方案：Room Only for 3 persons；Free happy hour icecream Free coffee tea and hot chocolate 24 hrs Free refillable drinking water Free towel soap and shampoo,,2026-09-26,2026-09-27,https://ibe.hoteliers.guru/ibe/en/Victora-Hostel-Phra-Nakhon-Bangkok-TH/search?tid=3b6cd4078ef9ccce31d4695e0e2563a8,official,2026-09-07T00:39:00-07:00,入住期间总价,接口未返回税费字段,,,否,official_other,原生目标币种（THB）,2026-09-07,"{""优惠标签"": """", ""入住人数"": ""3"", ""其他权益"": ""方案：Room Only for 3 persons；Free happy hour icecream Free coffee tea and hot chocolate 24 hrs Free refillable drinking water Free towel soap and shampoo"", ""原价"": """", ""取消政策"": ""Non-Refundable: Anyday 100% charge, Non-Refundable Unable to Modify Staying Date No-show 100% charge"", ""币种"": ""THB"", ""库存提示"": """", ""当前价"": ""3368"", ""支付方式"": """", ""早餐"": ""不含早餐"", ""确认政策"": """", ""税费"": """"}",否,尚未通过T4人工复核,20260907-003922-csv-f52bd5d0,[LOCAL_HOME]/Desktop/Thailand---泰国/05_GoogleMaps曼谷酒店专用/04_平台详情/酒店售卖方案.csv,T3,否,f6fa2107e571d5fc676f24af6b4c04c6aa3b19ef41e51ee88fbfd50871145181
