行政区,POI业务类型,POI名称,POI细分类型,外文/地图名,地理位置描述,游客需求场景,名称直接命中帖子数（非热度）,来源阶段,证据URL,证据内容,重要口径
巴蜀府,交通服务,华欣垂钓码头,码头与渡轮,Hua Hin Fishing Pier,华欣市区沿海,码头换乘/乘船出海,1,20260831小红书点点AI增量采集,https://www.xiaohongshu.com/explore/6a5221c5000000000f01d985?xsec_token_redacted=1&xsec_source=pc_dots,"「1」
标题：📷日记|华欣不止老头乐，还有超绝海滩啊🏖
正文：这里没有下饺子的人群，只有属于一个人的自由梦。
细软的白沙滩，
近岸水也清可见底
吹着傍晚的海风，
脚踩冰冰凉凉的海水，
好快活啊～

📍 打卡定位： Hua Hin Fishing Pier (华欣垂钓码头)
💡 拍照Tips：
●       下午五六点光线柔和，夕阳下的海滩
●       穿白色或亮色裙子，和蓝海增加对比度
●       废弃的石桥很有电影感

🚗 交通： 从曼谷出发约3小时，适合周末短途逃离城市。

🍈 限时彩蛋：华欣榴莲节！
7月8—13日这里有榴莲评选活动🎉。
活动地点：Blúport Hua Hin

#可以看看你们拍的海吗[话题]# #泰国旅行[话题]# #华欣旅游[话题]# #华欣海滩[话题]# #小众旅行地[话题]# #海边拍照[话题]# #度假[话题]# #治愈系[话题]# #周末去哪儿[话题]#  #泰国自由行[话题]#",小红书名称候选；名称证据不是游客热度，尚未核验Place ID、坐标、地址、营业状态或评分
巴蜀府,交通服务,华欣火车站,火车站,Hua Hin Railway Station,华欣市区；华欣区,城际交通/到达离开,8,20260831小红书点点AI增量采集,"https://www.xiaohongshu.com/explore/6a7ca0ad0000000025014a02?xsec_token_redacted=1&xsec_source=pc_dots
https://www.xiaohongshu.com/explore/69d083ee000000001a0279be?xsec_token_redacted=1&xsec_source=pc_dots
https://www.xiaohongshu.com/explore/68efa9f700000000070310ca?xsec_token_redacted=1&xsec_source=pc_dots
https://www.xiaohongshu.com/explore/69888aee0000000015021a13?xsec_token_redacted=1&xsec_source=pc_dots
https://www.xiaohongshu.com/explore/69c0d5bd000000001e00e743?xsec_token_redacted=1&xsec_source=pc_dots","「1*混合贴」
标题：🏝️华欣隐藏宝藏｜爱与希望之宫🏰打卡攻略
正文：华欣火车站安排在同一天路线

「2*混合贴」
标题：曼谷周边3h直达，🇹🇭皇室私藏的海滨小城！
正文：📍打卡首站：华欣火车站🚂
全泰国最古老的火车站之一
红白配色＋维多利亚建筑+泰式风格
拍照一秒穿越上世纪旧时光🚂
火车经过时随手一拍都是电影画面
建议下了火车直接打卡！📷
不坐火车也值得专门去喔～

「3*混合贴」
标题：🌴 华欣慢游指南
正文：2️⃣ 华欣火车站 · 穿越回1911年
泰国最古老的火车站之一，红白相间的木质建筑，复古又上镜。现在车站已停止运营，但依然保留着原来的样貌，适合拍一组“假装在过往”的纪念照。

「4*混合贴」
标题：泰兰德🇹🇭曼谷+华欣7天6晚亲子游攻略
正文：2⃣️曼谷-丹嫩沙多水市场-华欣火车站-华欣夜市

「5*混合贴」
标题：给我7天时间，玩遍泰国华欣（旅游攻略）
正文：1. 华欣火车站，复古火车站+全新火车站，很出片，适合女生拍照打卡。4.5星
2. Hua Hin夜市，很多人，很热闹，很多逛的，也有很多吃的。4.5星

第三天：骑摩托车前往",小红书名称候选；名称证据不是游客热度，尚未核验Place ID、坐标、地址、营业状态或评分
巴蜀府,交通服务,华欣汽车站,汽车与巴士站,Hua Hin Bus Terminal,华欣区,城际交通/到达离开,0,20260831小红书点点AI增量采集,,,小红书名称候选；名称证据不是游客热度，尚未核验Place ID、坐标、地址、营业状态或评分
巴蜀府,交通服务,曼谷阿皮瓦中央车站,新火车站,Krung Thep Aphiwat Central Terminal,MRT蓝线Chatuchak Park附近,适合乘坐空调火车,1,20260901二三线目的地缺口续采,https://www.xiaohongshu.com/explore/6a8ff731000000001f01f5e6?xsec_token_redacted=1&xsec_source=pc_dots,"「1*混合贴」
标题：泰国华欣攻略
正文：1） 去程：从巴吞他尼的future park（图3）出发，坐小巴车到MRT蓝线chatuchak park（大约40分钟，35B，见图4），再坐摩托去Krung ThepAphiwat Central Terminal阿皮瓦曼谷中央车站（图5，花费30铢）。然后，曼谷阿皮瓦中央车站坐171次火车到达华欣 （Hua Hin，见图6，94铢）。
2） 返程：从华欣坐大巴（308铢）到曼谷BTS mo-chit站（挨着MRT chuduchuk站的），这里有直达future park的小巴车（35B），然后到了future park。",名称在本题引用小红书正文中直接命中；该计数用于名称证据审核，不代表全网提及量或游客热度
北碧府,交通服务,北碧府巴士总站,汽车与巴士站,Kanchanaburi Bus Terminal,桂河,城际交通/到达离开,3,20260831小红书点点AI增量采集,"https://www.xiaohongshu.com/explore/6a6c8d58000000003300bc55?xsec_token_redacted=1&xsec_source=pc_dots
https://www.xiaohongshu.com/explore/69b7c04d000000002200e73b?xsec_token_redacted=1&xsec_source=pc_dots
https://www.xiaohongshu.com/explore/6a6e97810000000002003c00?xsec_token_redacted=1&xsec_source=pc_dots","「1」
标题：🇹🇭🇲🇲泰缅边境解锁泰国最美铁路
正文：在泰国北碧府存在着一段绝美又残忍的悬崖铁路——死亡铁路（泰缅铁路），在建设过程中有大约10万名劳工不幸丧生。如今该条铁路的缅甸段早已荒废，而泰国北碧府境内的临崖路段则成了世界各国游客旅行的小众目的地。如果有一到两天的时间，不妨从曼谷出发，搭乘怀旧的风扇慢火车解锁一趟有趣的铁路旅行。
以下是游玩建议：
DAY1️⃣：早上7点45分前往Thon Buri火车站乘坐257次列车出发，车站很小到了就能直接上车，不用提前太久到车站，也不需要提前买票，列车员在车上检票时直接买就行，票价统一100泰铢。列车一路穿行在田野之间，风景和乘坐体验都非常棒，10点30左右到达北碧府市区的Kanchanaburi站，在这里不要下车继续乘坐，列车会在11点30左右通过最著名的临崖路段，可以先在车上拍摄列车过桥，随后列车马上到达Thamkra Sae站，在这里下车即可。
下车后可以沿着铁路走上临崖路段的铁路桥，走到图18处的位置后沿蓝色路径下楼梯可以到观景台观景台。13点30分左右返程的258次列车会再次通过临崖路段，在观景台处可以拍到图1和图2，在桥上火车的速度非常缓慢，拍完后可以马上爬楼梯继续拍到图3和图4。随后列车会在拍摄处短暂停车，如果决定当天回曼谷可以直接上车返回，下午17点40左右回到出发车站。如果不着急回曼谷，可以继续在周围转转，下午16点10分左右还会有一趟486次列车可以回到北碧府市区，北碧府市区有一些博物馆和夜市，可以逛逛之后在这里住一晚。
DAY2️⃣：北碧府市区的RIVER KWAI BRIDGE也是一处著名的铁路桥，第二天可以在这里拍摄257次火车过桥（图15-17），大桥可以叫garb前往，也可以10点半在Kanchanaburi站坐一站路到Saphan Kwae Yai站下车进行进行拍摄。
行程结束后返回曼谷有两种方式，一是坐回程的258次火车，发车时间14点40左右，17点40回到Thon Buri站。二是选择大巴车，前往北碧府巴士站（Kanchanaburi Bus Terminal）告诉工作人员去曼谷，会指引到售票处购票，建议选择终点站是Mochit的车，票价150🐷，车程2.5小时左右，大约80分钟一班车，到达Mochit后附近有地铁站可以前往市区。#泰国[话题]#  #北碧府[话题]# #死亡铁路[话题]# #泰缅铁路[话题]#  #米轨[话题]# #绿皮火车[话题]#  #乘着火车去旅行[话题]#   #列车上的风景[话题]#

「2」
标题：极限解锁泰缅边境北碧府一日游攻略
正文：适合临时起意，时间又不多的游客。
特意选的住在华南蓬火车站附近，早上五点半起床，6:25赶到车站，本来还窃喜这下能赶上6:30的车了，一问说去北碧府（Kanchanaburi）只支持线上提前购票，如果即时出发只能到Thonburi火车站，于是又打摩的去Thonburi火车站，到了7:10分左右，买票很方便，寥寥几个人排队，这条线所有站票价均是100铢，买到Nam Tok终点站。旁边有个早市，卖菜、水果、小吃的，很有本地人生活气息，吃了个早餐买了点当地水果酸芒果（长得像枇杷，皮薄多汁，酸酸甜甜味道像野酸枣）。
7:45火车准时到站，上车的人还是比较多的，本地旅游团和散客比较多，建议往后走到黄色木质座椅区，比较清爽。车速不快，类似于公交车一站一停，没有空调但是自然风很大，很清凉#小众国家旅游[话题]# #城市周边游[话题]# 。没买车票没关系，检票员会过来可以补票，车上也有来回走着卖小吃水果水的，价格很便宜，一路的风景很宜人，能见识到截然不同于曼谷的乡村风光。10:30左右到达北碧府市区Kanchanaburi站，注意这里如果仅一日游不要下车，大概11:12分火车经过桂河大桥，是二战时期日军占领泰国边境后，为了给缅甸提供军事补给，由当地劳工和战俘修建，包括后面的“死亡铁路”415公里，该工程仅耗时18个月造成10-15万劳工和战俘丧生。不过在桂河大桥建议先不下车，感受下列车经过大桥的壮观，下面很多游客会挥手致意。
列车继续前进约11:22分到达“死亡铁路”起点，11:40左右到终点，这里可以下车了，列车走了之后可以走到铁路上感受一下悬崖铁路的壮观，旁边有个岩洞免费参观，本地人会在里面拜佛，旁边有个沿河餐馆和商业街卖衣服纪念品，如果在这里吃午饭一定要尽早点餐，人很多，可能怕还没上菜车回来了。13:25的时候Nam Tok回来的车又会经过死亡铁路岩洞这里，停车时间很短一路小跑上车坐下，售票员会在车上补票。14:35左右列车会再次经过桂河大桥，这时可以下车玩一下了，但当天就再没有火车回曼谷了，桥上玩完还可以到死亡铁路博物馆战俘公墓，门票成人170铢送一杯速溶咖啡。这时候就可以打车去北碧府汽车站（Kanchanaburi bus terminal)坐车回曼谷了,有直接到Mochit站蓝线的可以选，票价120铢。车程约2.5h，下车可步行到乍都乍市场。#泰国旅行[话题]#

「3」
标题：愛侶灣國家公園 ｜北碧府旅遊
正文：愛侶灣國家公園—7層絕美瀑布
🚌巴士：單程80泰銖(現場買票.準時發車)
🗺️搭乘地點：Kanchanaburi Bus Terminal或是Kanchanaburi火車站對面轉角處(圖2.無站牌)，從巴士總站到火車站車程約10分鐘，這站上車再付錢即可
⛰️國家公園門票：300泰銖/外國人
💰額外費用：搭小車進入(圖4).租救生衣20泰銖.第三層寶特瓶押金20泰銖(可退).可免費寄食物及簡易行李
🎒物品：防水包.好走的涼鞋或溯溪鞋.換洗衣物.毛巾.環保瓶.防蚊液.點心

進入國家公園後走一小段抵達瀑布區(也可選擇搭小車)，路途很輕鬆就當散步，一路登頂後再慢慢玩下來，水池大的都可以下去玩玩看，一下水會有很多魚游過來吃腳皮。搭的是最後一班車，提前抵達避開站票。",小红书名称候选；名称证据不是游客热度，尚未核验Place ID、坐标、地址、营业状态或评分
北碧府,交通服务,北碧府汽车站,巴士站,Kanchanaburi Transportation,市区,巴士到达/离开游客,1,20260901二三线目的地缺口续采,https://www.xiaohongshu.com/explore/6852ada4000000002400ed0f?xsec_token_redacted=1&xsec_source=pc_dots,"「1*混合贴」
标题：全网首发，泰国北碧府3天2夜自助游攻略
正文：Kanchanaburi Transportation（北碧府汽车站）
Srifah Bakery Shop（古早蛋糕房）",名称在本题引用小红书正文中直接命中；该计数用于名称证据审核，不代表全网提及量或游客热度
北碧府,交通服务,北碧火车站,火车站,Kanchanaburi Station,市区,火车到达/离开游客,1,20260901二三线目的地缺口续采,https://www.xiaohongshu.com/explore/67e40184000000001d018e56?xsec_token_redacted=1&xsec_source=pc_dots,"「1*混合贴」
标题：🇹🇭北碧府四天三夜背包旅行攻略—P1
正文：到达站：北碧火车站（Kanchanaburi Station)
前往酒店: Grab打车或步行",名称在本题引用小红书正文中直接命中；该计数用于名称证据审核，不代表全网提及量或游客热度
北碧府,交通服务,桂河大桥站,火车站,Saphan Kwae Yai Station,桂河大桥旁,死亡铁路游客,1,20260901二三线目的地缺口续采,https://www.xiaohongshu.com/explore/6a843ae000000000250002fa?xsec_token_redacted=1&xsec_source=pc_dots,"「1*混合贴」
标题：北碧府tips
正文：🚊下午班车：约 14:30左右（P10）桂河大桥站发车（直接上车

💰价格：",名称在本题引用小红书正文中直接命中；该计数用于名称证据审核，不代表全网提及量或游客热度
北碧府,交通服务,甲赛站,火车站,Tham Krasae Station,死亡铁路悬崖段,摄影游客,1,20260901二三线目的地缺口续采,https://www.xiaohongshu.com/explore/6a648900000000000100f5bc?xsec_token_redacted=1&xsec_source=pc_dots,"「1*混合贴」
标题：花200泰铢，坐上泰国最美铁路！
正文：11:36 到达 Tham Krasae（甲赛站）",名称在本题引用小红书正文中直接命中；该计数用于名称证据审核，不代表全网提及量或游客热度
北碧府,交通服务,曼谷南部巴士总站,巴士站,Sai Tai Mai Bus Terminal,吞武里区,巴士前往北碧游客,1,20260901二三线目的地缺口续采,https://www.xiaohongshu.com/explore/6a510fbf0000000017008e06?xsec_token_redacted=1&xsec_source=pc_dots,"「1*混合贴」
标题：北碧府3天2晚！桂河大桥、爱侣瀑布、死亡铁路一站打卡
正文：去程坐巴士，不用卡火车时刻。曼谷南部巴士总站（
Day 2：爱侣瀑布半日游
JJ Night Market Kanchanaburi对马路的711超市门口，坐蓝色巴士，直达📌Erawan Water Fall，车程约1.5小时，单程车费80泰铢，尽量赶早去吧（例如09:40班次）。爱侣瀑布共7层，建议直接先到第七层再逐层往下逛，可以直接穿运动鞋徒步，下水玩的话鞋子脱一边就行了，救生衣只能在一层租赁（20泰铢/2小时）。
回程末班车约16:30，提前候车不然没有座位。💰爱侣瀑布，外国人门票300泰铢
Day 3：死亡铁路悬崖段→曼谷
坐10:30火车去Tham Kra Sae段，体验贴着悬崖行驶的“死亡铁路”。去程靠左，回程靠右才能看到悬崖景观。下午13:28火车直达曼谷吞武里站(Thon Buri)💰票价约100泰铢，可上车买票。",名称在本题引用小红书正文中直接命中；该计数用于名称证据审核，不代表全网提及量或游客热度
北碧府,交通服务,桑卡武里县汽车站,巴士站,Sangkhla Buri Minibus Terminal,孟族村附近,前往孟族村游客,1,20260901二三线目的地缺口续采,https://www.xiaohongshu.com/explore/6852ada4000000002400ed0f?xsec_token_redacted=1&xsec_source=pc_dots,"「1*混合贴」
标题：全网首发，泰国北碧府3天2夜自助游攻略
正文：Sangkhla Buri Minibus Terminal（桑卡武里县汽车站）",名称在本题引用小红书正文中直接命中；该计数用于名称证据审核，不代表全网提及量或游客热度
北碧府,交通服务,Nam Tok 火车站,火车站,Nam Tok Train Station,桂河,城际交通/到达离开,1,20260831小红书点点AI增量采集,https://www.xiaohongshu.com/explore/66e90b8d000000001e01bfc6?xsec_token_redacted=1&xsec_source=pc_dots,"「1*混合贴」
标题：花了5块钱，从曼谷坐火车去北碧看神仙瀑布
正文：🚇从曼谷hon Buri站到北碧Nam Tok站
搭乘普通列车257次，早上07:45从曼谷吞武里火車站出发，到达北碧府的瀑布站时间是12:05。
·
🚇从北碧回到曼谷
可搭乘第二天的 258次列车
列车从 Nam Tok站发车，时间为下午 13:00。
将到达曼谷hon Buri站，预计到达时间为下午 17:40。
·
✅北碧的神仙瀑布",小红书名称候选；名称证据不是游客热度，尚未核验Place ID、坐标、地址、营业状态或评分
北碧府,交通服务,Tham Krasae 火车站,火车站,Tham Krasae Train Station,桂河,城际交通/到达离开,2,20260831小红书点点AI增量采集,"https://www.xiaohongshu.com/explore/6a648900000000000100f5bc?xsec_token_redacted=1&xsec_source=pc_dots
https://www.xiaohongshu.com/explore/6a0171f4000000003503a13a?xsec_token_redacted=1&xsec_source=pc_dots","「1*混合贴」
标题：花200泰铢，坐上泰国最美铁路！
正文：11:36 到达 Tham Krasae（甲赛站）

「2*混合贴」
标题：曼谷至北碧一日往返火车旅行体验
正文：大概11点左右先经过Thamkrasae Train Station的小站，这时列车会减速并进入泰缅铁路著名的“死亡铁路”路段，因为二战时期有10万劳工和战俘修建这段铁路而长眠于此而得名。其实是一段木质单轨铁路桥梁（图7
[四R]11:30到达终点站Nam Tok，停靠3小时，可玩Sai Yok瀑布（图9）。记得带泳衣、拖鞋。瀑布下面是小溪湿地可踩水，很多本地人露营。",小红书名称候选；名称证据不是游客热度，尚未核验Place ID、坐标、地址、营业状态或评分
北碧府,交通服务,Wang Pho火车站,火车站,Wang Pho Station,孟族村附近,深度游游客,1,20260901二三线目的地缺口续采,https://www.xiaohongshu.com/explore/6852ada4000000002400ed0f?xsec_token_redacted=1&xsec_source=pc_dots,"「1*混合贴」
标题：全网首发，泰国北碧府3天2夜自助游攻略
正文：Wang Pho（Wang Pho火车站）

频道内影片均为路客独立拍摄剪辑
感谢订阅分享我的频道和影片",名称在本题引用小红书正文中直接命中；该计数用于名称证据审核，不代表全网提及量或游客热度
春蓬府,交通服务,春蓬火车站,火车站,Chumphon Railway Station,市区,中转游客,1,20260901二三线目的地缺口续采,https://www.xiaohongshu.com/explore/6704598a000000002c016b0e?xsec_token_redacted=1&xsec_source=pc_dots,"「1*混合贴」
标题：春蓬火车站到春蓬码头（150🐷，皮卡车）
正文：到达春鹏火车站后，不要慌，怎么去码头。",名称在本题引用小红书正文中直接命中；该计数用于名称证据审核，不代表全网提及量或游客热度
春蓬府,交通服务,春蓬机场,机场,Chumphon Airport,市区附近,飞机抵达/离开,3,20260901二三线目的地缺口续采,"https://www.xiaohongshu.com/explore/66bcc3b80000000005021ecc?xsec_token_redacted=1&xsec_source=pc_dots
https://www.xiaohongshu.com/explore/68f233610000000005000e10?xsec_token_redacted=1&xsec_source=pc_dots
https://www.xiaohongshu.com/explore/66a5c3870000000009016513?xsec_token_redacted=1&xsec_source=pc_dots","「1*混合贴」
标题：【泰国春蓬至龟岛出行全攻略】深度解析，避免
正文：春蓬机场交通指南：
春蓬机场往市区班车只有一班，错过可能意味着需支付更高的出租车费用。建议出发前与酒店确认是否提供接驳服务。
涛岛船票预订秘籍：
涛岛回春蓬的船班次一天仅两班，建议至少提前两三天预订，以免耽误行程。
春蓬至曼谷火车预订策略：
晚上12点左右的火车卧铺票抢手，建议至少提前一周预订。
曼谷住宿建议：
选择靠近考山路的酒店，方便凌晨到达后的休息和探索。

「2」
标题：🇹🇭春蓬｜比苏梅更安静的度假天堂💙
正文：✈️ 曼谷飞春蓬只要一小时，也可以选择火车/大巴。 春蓬机场真的很迷你，一天只有1-3个航班，所以很便捷和快速。

我买的是【FAME】这家的minibus去春蓬市里的车票，300泰铢/人，最后附上攻略p14-18
✅🎫STEP：
下机直接出arrival门➡️往前走两三步➡️左手边能看到靠窗的三个柜台➡️购买车票/船票（根据自己的出行需求）

【重点来了】
🚏FAME家的minibus没有固定的上下车点，你告诉工作人员目的地，司机会按顺序一一送到。
⌛️大约半小时一班。一般下飞机的第一班当地人都会提前预约订满，有LINE或泰国本地电话卡的宝儿建议提前预约！！！
🔴市里回机场也可以坐minibus，但需要通过LINE/电话预约！

💡唯一的缺点是春蓬府的公共交通不发达。
到市里后直接租摩托车roadtrip，想去哪就去哪[偷笑R]真的比想象中chill太多～几乎没游客捏💚

#户外十一漫游[话题]# #这次旅行local一下[话题]# #泰国旅行[话题]# #小众旅行地[话题]# #泰兰德女孩[话题]# #旅游攻略[话题]# #春蓬府[话题]# #逃离城市计划[话题]# #背包客[话题]# #日常生活中的浪漫瞬间[话题]#

「3*混合贴」
标题：我终于知道为什么涛岛的中国人那么少了
正文：春蓬机场坐🚌到春蓬码头1.5h
💰250泰铢/人
前后差不多又花2h😅
春蓬机场是真的小，还没有大学食堂大
🔴Step4",名称在本题引用小红书正文中直接命中；该计数用于名称证据审核，不代表全网提及量或游客热度
春蓬府,交通服务,春蓬客运站,汽车与巴士站,Chumphon Bus Terminal,春蓬区,城际交通/到达离开,1,20260831小红书点点AI增量采集,https://www.xiaohongshu.com/explore/69e26ba0000000001f002c6a?xsec_token_redacted=1&xsec_source=pc_dots,"「1*混合贴」
标题：泰国春蓬府 两个回曼谷的大巴枢纽站
正文：谷歌地址 Chumphon Bus Terminal
สถานีขนส่งผู้โดยสารปฐมพร จังหวัดชุมพร
22/52, Moo 1, Phetkasem Road, Tambon Khun Krathing, Amphoe Mueang Chumphon, Chumphon, 86190",小红书名称候选；名称证据不是游客热度，尚未核验Place ID、坐标、地址、营业状态或评分
春蓬府,交通服务,春蓬码头,码头,Chumphon Pier (Lomprayah),市区附近,涛岛中转,4,20260901二三线目的地缺口续采,"https://www.xiaohongshu.com/explore/6704598a000000002c016b0e?xsec_token_redacted=1&xsec_source=pc_dots
https://www.xiaohongshu.com/explore/6664eaef0000000006006e08?xsec_token_redacted=1&xsec_source=pc_dots
https://www.xiaohongshu.com/explore/66a5c3870000000009016513?xsec_token_redacted=1&xsec_source=pc_dots
https://www.xiaohongshu.com/explore/67d94b50000000001b03e2e6?xsec_token_redacted=1&xsec_source=pc_dots","「1*混合贴」
标题：春蓬火车站到春蓬码头（150🐷，皮卡车）
正文：会有一个身穿Lomprayah公司的工作人员在火车站问你要不要去码头（码头地址图2，谷歌地图一搜）
然后皮卡车30分钟送到码头。
150🐷+船票750🐷#春蓬[话题]# #

「2*混合贴」
标题：从曼谷苏万那普机场坐火车到涛岛的行程
正文：苏梅岛从这上船。在码头要等近3小时，有室外躺椅，椅子可休息，但蚊子多（备好药喷！）。8点换票登船，船票是在Lomprayah官刚上预订的，也可在淘定上定。船是双体快船，2小时到涛岛。快靠岸时看到海水

「3*混合贴」
标题：我终于知道为什么涛岛的中国人那么少了
正文：春蓬机场坐🚌到春蓬码头1.5h
💰250泰铢/人
前后差不多又花2h😅

「4*混合贴」
标题：春蓬🌴🌊
正文：住的Nana beach resort，离春蓬码头四十分钟车程，离市中心也要20分钟车程。交通好像确实不太方便，不过不影响，码头有车可以送到酒店",名称在本题引用小红书正文中直接命中；该计数用于名称证据审核，不代表全网提及量或游客热度
春蓬府,交通服务,曼谷新火车站,火车站,Bangkok New Railway Station,曼谷,火车中转,1,20260901二三线目的地缺口续采,https://www.xiaohongshu.com/explore/6664eaef0000000006006e08?xsec_token_redacted=1&xsec_source=pc_dots,"「1*混合贴」
标题：从曼谷苏万那普机场坐火车到涛岛的行程
正文：自由行从苏万那普国际机场Suvarnabhumi International Airport去涛岛Koh Tao的经历。下午2:30飞机在曼谷机场落地，从廊桥下飞机，沿指引牌（有中文）到海关口过关。到行理盘取行理后，到一楼找到在淘宝定的的车公司，服务人员会给你一张乘车纸条，到指定的出口处乘车去曼谷新火车站。火车票是在淘宝上预定的卧铺单间，上下卧。到曼谷火车站后，你可选择在正门或4号门（售票处）下车，4号门更方便。我是从正门下车的，因外语不好，交流不畅，用了40分钟才找到侯车厅，泰国火车站服务人员都很热情，有一些还会中文。为了了解火车站的详情，我仔细走遍车站各处，并拍照加文字说明如何找侯车厅及站台，。大家可以看照片说明，找到“E”登车口（7
晚7:50开始检票上车，到站台上会有大牌子放在各车厢门口指示车厢号，找到自己的车厢上车，找到卧铺单间。车是老火车高度2米多，但干净。务员会给换上刚消毒的床单、枕套、毛毯。房间有洗手池，很方便。怕坐过站，提前让服务员到站叫我们。一夜无话，4点多到春蓬站，下车出站。春蓬站很小无候车厅。下车后准备打车时，一个人问我的是否去码头，我们用半懂的英语交流后，明白从火车站到码头每人150泰株（30元），价格都一样。和2个老外（欧州年轻人），上了丰田皮卡车，我们坐里面，老外在车斗里。40分钟到春蓬码头，司机帮拿行理后热情道别。码头是Lomprayah 公司自己家码头，到涛岛、苏梅岛从这上船。在码头要等近3小时，有室外躺椅，椅子可休息，但蚊子多（备好药喷！）。8点换票登船，船票是在Lomprayah官刚上预订的，也可在淘定上定。船是双体快船，2小时到涛岛。快靠岸时看到海水、南园岛（涛岛边小岛）、涛岛，美！",名称在本题引用小红书正文中直接命中；该计数用于名称证据审核，不代表全网提及量或游客热度
春蓬府,交通服务,涛岛码头,码头与渡轮,Koh Tao Pier,涛岛,码头换乘/乘船出海,2,20260901二三线目的地缺口续采,"https://www.xiaohongshu.com/explore/66bcc3b80000000005021ecc?xsec_token_redacted=1&xsec_source=pc_dots
https://www.xiaohongshu.com/explore/66a5c3870000000009016513?xsec_token_redacted=1&xsec_source=pc_dots","「1*混合贴」
标题：【泰国春蓬至龟岛出行全攻略】深度解析，避免
正文：涛岛码头等待策略：
回程离岛时，拿到涛岛船票后，无需急于排队。涛岛码头设有餐厅和休息区，你可以在舒适的环境中享用饮品，如一杯新鲜的果汁，同时留意船只到港信息。待船只完成落客，再从容前往检票登船，享受一个轻松的等待时光。
春蓬至涛岛车船连票攻略：

「2*混合贴」
标题：我终于知道为什么涛岛的中国人那么少了
正文：春蓬码头坐船🚢到涛岛码头1.5h
💰750泰铢/人
前后差不多又花了2-3h
去岛上的船基本上都是上下午各一班
‼️去涛岛的🚢早上7:00/下午13:30‼️
你需要提前30min用大巴车票去换🎫船票，填写信息，然后工作人员会给你贴上已检票的标识（可以买vip优先上船选座）
差不多提前15分钟你就可以开始排队上船了，vip不用排队。
人超级多，大件行李可以放行李舱，像我18寸的还得提着，如果去二楼吹风就得提到2楼。",名称在本题引用小红书正文中直接命中；该计数用于名称证据审核，不代表全网提及量或游客热度
春武里府,交通服务,芭提雅火车站,火车站,Pattaya Railway Station,Google 搜「Pattaya Railway Station」,城际交通/到达离开,0,本轮定向补采新增,"https://www.xiaohongshu.com/explore/6a7fd58400000000080104c5?xsec_token_redacted=1&xsec_source=pc_dots
https://www.xiaohongshu.com/explore/67d312cb000000001203cdd3?xsec_token_redacted=1&xsec_source=pc_dots
https://www.xiaohongshu.com/explore/68b924e9000000001d001b4c?xsec_token_redacted=1&xsec_source=pc_dots
https://www.xiaohongshu.com/explore/69a5ae25000000002800ae07?xsec_token_redacted=1&xsec_source=pc_dots
https://www.xiaohongshu.com/explore/69ddf2c0000000001a0290fc?xsec_token_redacted=1&xsec_source=pc_dots","「1」
标题：🚞😱芭提雅6块钱坐火车摇去曼谷
正文：谁说来泰国只能坐大巴🚌
挖到本地人日常通勤的复古绿皮火车🚞
芭提雅直达曼谷，折合才6块人民币
✅实用干货信息
⏰发车：14:21，提前20分钟到站即可
📍定位：Google搜「Pattaya Railway Station」
🎫买票：现场窗口，和买地铁票一样简单
⚠️重点：没有安检！没有安检！

火车站简简单单，没有繁华的设施，却充满烟火气。
全程3个多小时，一共停靠22个小站，每站停靠2分钟。车厢没有空调，只有电风扇，建议尽量坐到风扇底下，会凉快很多。

本以为廉价火车环境会很差，实际车厢干净无异味。
车上几乎都是本地人，各自安静刷手机，一点都不吵闹。
会有老奶奶推着小筐上车卖本地小吃，物价巨便宜，味道意外好吃😋

车窗敞开，一路穿过泰国乡村田野。
会遇见放学搭车回家的学生，站台外面站着等候接孩子的家长。
甚至有些看起来废弃的小站台，火车依旧会短暂停靠。

旧车厢复古感直接拉满，随手拍都是故事感大片📸

实话实说：车速慢、车厢会闷热。
但比起千篇一律的大巴，这种沉浸式感受泰国普通人生活的体验，真的很难得✨
喜欢人文风土的朋友，一定要来体验一次！
#当我的旅行变得随性[话题]# #泰国[话题]# #体验[话题]# #火车[话题]# #芭提雅去曼谷[话题]# #芭提雅大巴[话题]# #风土人情[话题]# #不一样的体验[话题]# #坐火车去旅行[话题]# #绿皮火车[话题]#

「2」
标题：只需6r💰芭提雅→曼谷🚂独特体验
正文：芭提雅☞曼谷火车仅需6r，超详细保姆级攻略来啦！
📍坐车地点：芭提雅火车站Pattaya Railway
Station
🎫买票方式：只能在现场买票（好几趟列车）
🏁终点站：曼谷华南蓬火车站Hua Lamphong
⏰全程时长：约3小时52分钟
💰票价：约6元人民币（283泰铢）
下火车回到酒店累了，📱在""enjoy instantly""预约泰式spa，按摩师到酒店服务，超多项目任你选择，输入7288还🈶预约U惠，体验感满分！方便又舒服！
#泰国[话题]# #芭提雅[话题]# #曼谷[话题]# #曼谷周边游[话题]# #芭提雅海滩[话题]# #芭提雅交通[话题]# #曼谷攻略[话题]# #曼谷火车[话题]# #泰国攻略[话题]#

「3」
标题：芭堤雅回曼谷，只要6块钱，还能get《泰囧》
正文：大家从芭堤雅回曼谷，通常会选择大巴、打车或者包车吧？其实还有一种超小众又省钱的出行方式，不仅价格低到离谱，体验感更是满分！✨

那就是——坐火车🚂！
直接导航 “Pattaya Railway Station” 打车过去就行，从芭堤雅地标 Terminal 21 商场 打 Grab，车费大概 100 泰铢以内。

车站特别迷你，大小差不多就像国内街头的公共厕所，不过麻雀虽小，五脏俱全，完全够用。车票不用提前买，到现场人工窗口直接买即可。

买完票可以在候车区等一会儿，还能看看车站养的观赏鱼和龙虾，很有趣。火车准点到达后，上车就出发啦！

🔥 旅程亮点
泰国火车行驶时车门是开着的，记得注意安全！
车厢无空调，沿途停站很多，可以一路欣赏乡村和小镇风光。

📍 终点站 & 下车提醒
终点是曼谷市区的 华南蓬火车站，预计 18:15 到达。
不过，从 Hua Mak 站 开始就算进入曼谷市区啦，如果你的目的地更靠近前面的站，可以提前下车，不一定要坐到终点。
⚠️ 需要注意的是：泰国火车没有语音报站，只能靠自己看站台牌子，不太熟悉的话，建议还是坐到终点更稳妥。

下次回曼谷，不妨体验一次泰国深度火车之旅吧，用最地道的方式感受不一样的旅行！
#我的人生电影[话题]# #泰国旅行[话题]# #泰国[话题]# #泰国投资[话题]# #泰兰德女孩[话题]# #泰囧[话题]# #跟着电影去旅行[话题]# #travel[话题]#

「4」
标题：7元钱分享芭提雅打卡火车回曼谷华南蓬
正文：从曼谷到芭提雅乘坐的是大巴，曼谷东站发车131泰铢到芭提雅北站，2个多小时，结束芭提雅的游玩还有时间，也不赶时间，就来体验从芭提雅火车站到曼谷华南蓬火车站的铁路之旅，票价仅需31泰铢，每日一班，下午14点20左右从芭提雅火车站发出，4个小时抵达曼谷华南蓬火车站，不用提前买票，到了火车站再买就行，相当于国内坐地铁，没有座位，上车自己找位置坐，反正还是全开放的，行驶噪音巨大，但是体验感拉满，火车进入曼谷市区后停站很多，注意结合谷歌地图看自己要哪里下车最近，好比我就是到四面佛，就在华南蓬前面2站地方下车了，列车到站不会报站名，需要自己提前观察好地图定位！我看火车还路过素万那普机场，所以不赶时间的同学可以打卡这班列车，没有大巴的压力感，到曼谷市区也有很多站！#travel[话题]# #火车[话题]# #芭提雅火车[话题]# #曼谷火车站[话题]# #华南蓬火车站[话题]# #泰国旅行[话题]# #芭提雅旅行[话题]# #我是火车旅行家[话题]# #一个人坐火车[话题]# #泰国火车[话题]#

「5」
标题：芭提雅31฿的火车去曼谷
正文：直接导航搜Pattaya railway station ，进站直接去窗口买票 车次是284。 每天14.21发车。 13点才开始卖票。不用提前买票 承认31฿ 儿童16泰铢。太香了全程4个小时。

车票都是no set 没有座位。上车后直接坐

不要在中间位置上车人很多。直接去火车头位置很空。

车上没有空调。只有风扇哦。很热哈。 介意的就别坐了。窗户可以打开。一路摇摇晃晃到曼谷，#坐火车去旅行[话题]# #泰国[话题]# #曼谷[话题]# #芭提雅[话题]#",小红书名称候选；名称证据不是游客热度，尚未核验Place ID、坐标、地址、营业状态或评分
春武里府,交通服务,芭提雅汽车北站,汽车与巴士站,North Pattaya Bus Terminal,"Pattaya Nuea Rd, Na Kluea",城际交通/到达离开,0,本轮定向补采新增,"https://www.xiaohongshu.com/explore/6a806aa20000000005021a1a?xsec_token_redacted=1&xsec_source=pc_dots
https://www.xiaohongshu.com/explore/69f4b31400000000370376f4?xsec_token_redacted=1&xsec_source=pc_dots
https://www.xiaohongshu.com/explore/67f51ef8000000000f039564?xsec_token_redacted=1&xsec_source=pc_dots
https://www.xiaohongshu.com/explore/696e5f6b000000001a03163a?xsec_token_redacted=1&xsec_source=pc_dots
https://www.xiaohongshu.com/explore/6a82d5440000000035014ab7?xsec_token_redacted=1&xsec_source=pc_dots","「1」
标题：🇹🇭芭提雅➡️曼谷市区大巴实测❗️
正文：起个大早匆匆收拾吃完早餐就打车7:45左右到达芭提雅汽车北站，此时3号窗口指示牌（图1～2）最近一趟车是8:20发车前往Ekkamai（艾卡麦），推测可能是20分钟一班车，上一班8:00的已经售罄，后面再去看就是8:40的啦（图4），所以其实也不用特意提前网上买票，不一定有那么多车次还要多收点手续费，还是以线下车次为准。注意⚠️线下窗口车票需提前备好现金❗️好像是137🐷/人。
（我们当天是周一，仅供参考，周末节假日就不太清楚好不好买票啦！）

（图5～7）买完票窗口右手边往里走有个候车室，顶棚的大风扇一下子吸引我的注意，好怕它突然掉下来……

候车室有几家小便利店，水啊、饮料啊这些东西都偏贵一些（图8～9），图10这些零食也不知道有人买过没好不好吃啊？厕所🚾也要收费，厕所边上居然还有🛅行李寄存柜！不过收费也忒贵了吧，就拿最小号S的来说，35🐷/小时、840🐷/天❗️❗️（图12～13），感觉应该没人会在这里寄存吧。。

发车前把行李交给工作人员，会给一个对应的行李号码（图14），并帮忙把行李搬进去（图16），车上座位对号入座（图15）也没有特别宽敞但还算舒适吧，中途睡着了感觉好像没停车，全程大概2小时10:23左右终于抵达曼谷的Ekkamai（艾卡麦），下车看到这里有个闸机（图17）一开始还以为就是同站名Ekkamai（艾卡麦）地铁站呢，走进一看才发现又是一个收费厕所🚾……赶忙带上行李走一两百米才到地铁站（图18），然后就可以转乘到想去的其他地方啦……
#芭提雅[话题]# #芭提雅旅行[话题]# #芭提雅旅游[话题]# #芭提雅攻略[话题]##芭提雅[话题]# #泰国[话题]# #泰国旅行[话题]# #泰国旅游攻略[话题]# #泰国旅游[话题]# #泰国曼谷[话题]#

「2」
标题：第二期:芭提雅长途大巴回曼谷详细购票攻略
正文：第一期从曼谷去芭提雅的购票攻略大家说很实用，于是再出一期从芭提雅回曼谷的返程购票攻略。
先说购票，无论去程，回程都可以提前在官网购票，但是官网的比较麻烦一点，需要你自己填起始地，日期，人数，姓名拼音等等，一定不要填错。官网地址如下www.rrcticket.com 或pattayabus.com
官网购票会比现场购票贵一点，如果不是旺季，推荐现场买就可以。
购票地点就在芭提雅汽车北站，如果你从曼谷过来就是坐的长途汽车，那当时下车的地点就是你在芭提雅返回曼谷的购票和乘车的地点。注意一定导航芭提雅汽车北站。因为芭提雅还有一个汽车站，那个只有去素万那普机场的。
如果你回曼谷市区，也就是曼谷汽车东站的话，在图1（艾卡麦）窗口购票。
如果你是回曼谷机场的话，就这图2（素万那普机场）窗口购票，注意:芭提雅没有直接曼谷廊曼机场的大巴车。
如果已经提前在官网上购票了，那就在图2（check in）写着签到的窗口购票。
买完票，旁边就是候车大厅，非常小，在那儿坐着等着就行了。注意核对票上的时间和候车厅电子屏幕上EKAMAI下面的时间一致（图3），就是你的登车时间。旁边的另一个时间是去另一个地方的，别上错车就行，不过也不用担心，因为登车前售票员都会核实。
站内有厕所，三泰铢一次。也有买吃的跟水的地方，价格也比较亲民。基本上一份炒面或者一份炒米饭都在10~15元人民币左右。
#芭提雅[话题]# #芭提雅汽车[话题]# #芭提雅汽车北站[话题]# #芭提雅攻略[话题]# #曼谷长途车[话题]#
如果你买曼谷来芭提雅的长途汽车，可参考我的第一期攻略

「3」
标题：芭提雅→素万那普机场舒适大巴攻略✈️
正文：💺【舒适度TOP大巴体验】
· 190🐷≈38rmb超高性价比
· 冷气超足！暴晒天秒进冰箱的快乐
· 座位堪比高铁商务座（腿部空间超良心）
· 车程2小时直达机场超丝滑
📍【购票全指南】
导航搜「North Pattaya Bus Terminal」
认准图1白色小房子！门口有发车时刻表
‼️强烈建议提前购票（实测当天买可能要等位）我们就是只买到两小时后的
✅空调候车室救大命（可以提前下载剧，没wifi）
⚠️避坑提示
建议买票后比发车时间早15分钟到，票面也有时间
从闷热街头冲进大巴的我宣布：这190🐷是我在泰国花得最值的钱！可以直接冲这个路线～
#芭提雅旅行[话题]# #泰国交通攻略[话题]# #素万那普机场[话题]#

「4」
标题：曼谷到芭提雅公共交通
正文：本来想拼个车从曼谷到芭提雅，发现太难找了，最后选择大巴去的，非常方便，车上也很干净，长途汽车车程2.5小时左右，推荐！我们住在素坤逸附近，ASOK地铁到Ekkamai，出来就是汽车站，出站后站在天桥就能看到。买票就是一个个摊位，有很多小巴摊位，大巴在最后一个摊，只有一个，最右边，131铢每人，排队最长，还是很好找的。提示牌是30分钟一班，我们周日坐的车，10分钟就有一班，等了20分钟就上车了，固定位置，也不用抢，蛮好的。行李箱大一点，要付20铢行李费，具体多大，网上说24寸，我21寸差点也被收了，最后没收，如果21寸还是可以争取一下。芭提雅汽车站本来想打GRAB，85铢，没人接，最后在汽车站坐了双条车，会问到哪里，然后告诉你多少钱一个人，我们在21航站楼边上，是50铢一人，总共100铢，和GRAB差不多，人少还是推荐的。其实还发现Klook有曼谷酒店到芭提雅酒店到车可以选择，人少也推荐，只是不一定有位置，需要早点订。最后附上芭提雅回曼谷的大巴时刻表，给大家返程参考，我们还是没定上Klook，最后还是只能大巴去机场。导航到芭提雅汽车北站，具体班次见照片，有190铢一人和123铢一人，190铢一人更豪华一些。芭提雅回素万机场，10:00那一班差不多1个小时40分钟就到了，问了售票员2个小时路程，基本可以保证。第八张照片上有网上订票的网站，供大家参考（http://www.pattayabus.com 和 http://rrcticket.com）（#曼谷到芭提雅交通[话题]# #曼谷去芭提雅[话题]##曼谷芭提雅往返[话题]#

「5*混合贴」
标题：芭提雅到素万那普机场
正文：⚠️注意！芭提雅有不止一个汽车站，去素万那普机场不要跑错到 North Pattaya Bus Terminal（北芭提雅汽车站）。机场大巴认准这个窗口和 Suvarnabhumi Airport 字样。

🎫票价
137泰铢/人
现场牌子明确写着：
BUS FARE 137 BAHT / SEAT
CASH ONLY，只收现金

⏰重点：芭提雅 → 素万那普机场发车时间
我现场拍到的时刻表是：",小红书名称候选；名称证据不是游客热度，尚未核验Place ID、坐标、地址、营业状态或评分
春武里府,交通服务,中天汽车站,汽车与巴士站,Jomtien Bus Station,316/24 Thappraya Rd,城际交通/到达离开,0,本轮定向补采新增,"https://www.xiaohongshu.com/explore/6a1bedab000000000803201d?xsec_token_redacted=1&xsec_source=pc_dots
https://www.xiaohongshu.com/explore/6a26ab19000000002202b9b1?xsec_token_redacted=1&xsec_source=pc_dots
https://www.xiaohongshu.com/explore/6a82d5440000000035014ab7?xsec_token_redacted=1&xsec_source=pc_dots
https://www.xiaohongshu.com/explore/6a7509940000000032021833?xsec_token_redacted=1&xsec_source=pc_dots
https://www.xiaohongshu.com/explore/6a81de560000000025012c39?xsec_token_redacted=1&xsec_source=pc_dots","「1*混合贴」
标题：最新！素万那普到芭提雅大巴车指南
正文：中天汽车站Jomtien（162[猪头R]）
2、汽车北站North Pattaya（139[猪头R]普通车/216[猪头R]豪华车）和华欣站HUAHIN（367[猪头R]）

「2*混合贴」
标题：🇹🇭素万那普➡️芭提雅最新交通攻略
正文：✔️中天汽车站（中天海滩附近）
提前看看酒店位置，选择距离最近的站点下车。

「3*混合贴」
标题：芭提雅到素万那普机场
正文：📍 Jomtien-Suvarnabhumi Airport Bus Station
✈️ 认准蓝色 AIRPORT / SUVARNABHUMI AIRPORT
⏰ 现场班次：07:00—21:00，不是每小时都有
🕐 建议提前30分钟到

「4」
标题：素万那普到芭提雅大巴车指南
正文：📍路线：机场 1 层 8 号门橙色窗口买票
有3个去芭提雅的大巴购票口。
[打卡R]从右到左终点站依次为：
1、中天汽车站Jomtien（162[猪头R]）
2、汽车北站North Pattaya（139[猪头R]普通车/216[猪头R]豪华车）和华欣站HUAHIN（367[猪头R]）
3、芭提雅南站South（139[猪头R]）
芭提雅南站班次会有中途停站点（北部north/步行街central/南站south），购票时售票人员会问并写在单子上。
[打卡R]最早的一班是6:00，只有151🐷的那家车，售票员5:10左右开始售卖
买好票后在旁边不远位置等待，提前5-10分钟带去大巴停车点（出航站楼不远），统一放行李检查票并准备出发。有座位号，不能乱坐，车最后有洗手间（🆓）
#素万那普机场[话题]# #素万那普机场到芭提雅[话题]# #芭提雅大巴[话题]# #入境[话题]# #泰国[话题]# #巴士[话题]#

「5*混合贴」
标题：🚌芭提雅中天→素万那普机场大巴完整攻略｜省
正文：📍乘车车站名称：Jomtien Suvarnabhumi Airport Bus Station（中天机场巴士站）
完整地址（打车直接复制）
316/24 Thappraya Rd, Pattaya City, Bang Lamung District, Chon Buri 20150

⚠️避坑提醒：别和芭提雅北站搞混！住在中天海滩认准这个车站！

✅两种购票方式",小红书名称候选；名称证据不是游客热度，尚未核验Place ID、坐标、地址、营业状态或评分
春武里府,交通服务,Bali Hai Pier,码头与渡轮,bali hai pier,市区,码头换乘/乘船出海,0,既有全量候选+本轮定向补采增强,"https://www.xiaohongshu.com/explore/6a7b272400000000240241b5?xsec_token_redacted=1&xsec_source=pc_dots
https://www.xiaohongshu.com/explore/6a2e3e7100000000350314f2?xsec_token_redacted=1&xsec_source=pc_dots
https://www.xiaohongshu.com/explore/6a7b027c0000000005031f96?xsec_token_redacted=1&xsec_source=pc_dots
https://www.xiaohongshu.com/explore/6a8a8f31000000003301383d?xsec_token_redacted=1&xsec_source=pc_dots","「1」
标题：到了芭提雅 ，格兰岛有必要去吗
正文：🚢怎么去？
在芭提雅巴厘海码头（Bali Hai Pier） 坐轮渡，码头就在步行街南端尽头，很显眼，看到那个芭提雅标志性牌子就到了。
轮渡有两个目的地：
塔湾海滩码头（Tawaen Beach Pier）：去班次较少，每天只有 8:00、9:00、11:00、13:00 四班。回程班次：下午1-5点整点出发，共5班。P2
纳班码头（Na Baan Pier）：去班次较多，有 7:00、10:00、12:00、14:00、15:30、17:00、18:30。 回程班次： 6:30am,7:30am,9:30am,12pm,14pm,15:30pm,17pm,18:pm
票价统一 40铢/人
⚓两个码头怎么选？
塔湾码头：下来就是塔湾海滩，岛上的“主海滩”，沙细水清，水上项目集中在这里。P4-P9就是塔湾海滩。
纳班码头：岛上的“中心”，711、餐厅、租车店都在附近，交通和生活设施更方便。P14就在这附近
两个码头之间有山路连接，步行翻过一个小山岭大概 20-30分钟，我就是从塔湾码头走到纳班码头，可以用谷歌导航，就是塔湾沿海路有一条小道上坡，翻过岭，根据导航的提示到纳班码头，不是特别远。
🏍️关于租摩托车，其实岛上价格都是一致的，不需要讲价，都是200泰铢，不同的可能是使用时间。比如我在塔湾码头上问了一家，他问我是不是下午1点就走，用到下午1点。这里我没租，翻过山岭走到纳班码头后，在码头附近的711点旁边一家租车点租的（P11)，也是200泰铢，时间不限（下午6点最后一班轮渡离开前都行）。需要压护照或者房卡或者1000泰铢。
🏖️有人更喜欢玩水上项目，我是更喜欢在岛上逛逛，骑摩托车兜兜风，感觉很舒服。岛上商业也不是特别发达，纳班码头附近有不少小商店，但我基本没消费，大部分游客都在711买东西，2个码头附近都有711商店。
我去了2个海滩，一个就是塔湾旁边的，也是最主要的，最大的海滩，一个就是骑摩托车随便到的一个海滩，我不记得叫什么名字了。海滩都很漂亮，沙子很细，可以捡到好看的小石头，带回来放在鱼缸里。
我坐上午8点的轮渡出发，大概是下午3：30轮渡从纳班码头离开的，我感觉时间很充裕吧。岛不大。喜欢海滩或者海上项目的，或者喜欢骑车兜风的可以去玩一玩。

「2」
标题：2026.6月，芭提雅到格兰岛轮渡攻略
正文：📍码头地点是：Bali Hai Pier ท่าเรือแหลมบาลีฮาย

我们到的时候五点不到，亭子那里大船的没有卖票，让我们直接过去买，可能是已经有点晚了。快艇是先买票等上船

🚢轮渡船从图一右边桥上直走到头，跟售票员确认到达的目的地，现金购票，30🐷/人，差不多人满发车，不一定按照时刻表。半个多小时到，雨季风大，浪很大，胆子小的尽量坐里面不要坐船边，二楼风景好但是摇晃感会更剧烈🌫️

🚤快艇150🐷/人，也是人满发车，十多分钟就能到，也更稳

回去也是在这两个码头都行，记得备好现金，选择适合自己的方式就可以

#泰兰德[话题]# #芭提雅[话题]# #格兰岛[话题]# #泰国旅游[话题]# #格兰岛攻略[话题]# #海岛游[话题]# #泰国海岛[话题]# #阁兰岛[话题]# #上岛攻略[话题]# #码头[话题]#

「3*混合贴」
标题：芭提雅去格兰岛当天往返攻略
正文：7:30 酒店出发，滴滴到Bali Hai码头8:00 坐第一班渡轮（避开人潮）8:45 到达格兰岛，租摩托9:00-12:00 Tawaen Beach玩水上项目12:00-14:00 Samae Beach浮潜+午餐14:00-16:00 风车观景台+Tien Beach拍照16:30 回到Naban码头还车17:00前 排队上返程船（末班船17:00-18:00，千万别错过）

💡 几个提醒

「4*混合贴」
标题：#粉色的沙滩[话题]# 来芭提雅一定要留一天给格兰岛！
正文：出发码头：芭提雅Bali Hai巴厘海码头
▪️慢船轮渡：20泰铢/人，40分钟，性价比最高",小红书名称候选；名称证据不是游客热度，尚未核验Place ID、坐标、地址、营业状态或评分
达叻府,交通服务,奥谭玛查码头,码头与渡轮,Ao Thammachart,象岛北侧,码头换乘/乘船出海,2,20260831小红书点点AI增量采集,"https://www.xiaohongshu.com/explore/68e288d4000000000700f54e?xsec_token_redacted=1&xsec_source=pc_dots
https://www.xiaohongshu.com/explore/69950337000000002800aa19?xsec_token_redacted=1&xsec_source=pc_dots","「1*混合贴」
标题：泰国🇹🇭象岛度假全攻略
正文：2。直接包车包从机场开到码头，也是我们这次去的方式。目的地定的是奥谭玛查码头（前往象岛）我们定的9座车，大概是1100多人民币。然后在码头买船票80฿一张上岛。下船对面就很多双条车，同时也是岛上主要交通方式，50฿一个人送到酒店。全程从下飞机坐上车到酒店门口一共6个小时，包括等船和摆渡大约1个多小时。
3。曼谷一天有两班来回直达的飞机，我们回来选择坐飞机。酒店门口直接约了车，车可以直接上船送我们直达机场。象岛的机场叫达叻 桐艾府机场（TDX）到曼谷大约500人民币左右一个人，一个小时就到。小机场虽然简陋但是什么都有，还有免费的泡面小点心吃。
[天幕R]住宿
我们住的是KC grande 岛上老牌度假村（图1 6 10）非常棒，位于白沙滩，面积大，4个游泳池，沙滩基本上没什么人。25年10月底之前靠海的那栋楼在装修，但是影响不大。早餐非常丰盛，餐厅晚上也做的很好吃，在里面吃了好几顿。门口就是711和旅游预定点可以定跳岛和租车租摩托，非常方便。酒店里还有按摩，白天买一送一甚至比外面还便宜，就是可能要提前预定。
[啤酒R]吃饭
岛上普遍物价是外面的2-3倍，相比之前去的沙美岛更贵，准备好充足现金。大部分餐厅只收现金，没看到能收蓝绿软件的，部分可以刷卡但是要手续费。还好早饭在酒店都解决了。几个主要沙滩边上的街都是吃饭的。
[海豚R]娱乐
橙色软件上包了一艘船，出海钓鱼，浮潜。海上风浪大容易晕船，休息好再出海。
可以租摩托车去西岸和南岸的渔村观景，也有一些丛林探险的项目。
当然这种海岛就别太赶了，留点时间沙滩边上躺一天放空或者游泳池游泳做spa按摩也是极好的。
[长板R]天气
十一是雨季，不太建议这时候去，一直是阴天而且风大也不能出海。倒是比较凉快。
一定要注意海边的旗子，红旗就是不能下海，每天早上都会更新，红旗是有危险的。
[赞R][赞R][赞R]

「2*混合贴」
标题：象岛Koh Chang|我愿称之为人间理想！
正文：象岛码头（Ao Sapparot/Ao Thammachart）
耗时： 大巴约6小时，轮船约40分钟，双条车大概20-30分钟。
费用： 大巴票每个人约292泰铢，船票约60泰铢，双条车约100泰铢。

【温馨提示】
999巴士需要提前一天订，当天可能订不到，只有两班07:45、08:45。
也可以直接从曼谷包车到象岛，3000-4000泰铢。
车站等很多地方洗手间是收费的，记得带5-10泰铢。岛上基本只能用现金，不支持其他方式。",小红书名称候选；名称证据不是游客热度，尚未核验Place ID、坐标、地址、营业状态或评分
达叻府,交通服务,邦宝码头,码头与渡轮,Bang Bao Pier,邦宝渔村,码头换乘/乘船出海,0,20260831小红书点点AI增量采集,,,小红书名称候选；名称证据不是游客热度，尚未核验Place ID、坐标、地址、营业状态或评分
达叻府,交通服务,达叻机场,机场,Trat Airport/TDX,达叻区,航班到达/离开,1,20260831小红书点点AI增量采集,https://www.xiaohongshu.com/explore/6a75ab58000000002403ed65?xsec_token_redacted=1&xsec_source=pc_dots,"「1*混合贴」
标题：狗骨岛/象岛/玛岛→曼谷车船联运汇总🚢
正文：3. 达叻机场出发线路",小红书名称候选；名称证据不是游客热度，尚未核验Place ID、坐标、地址、营业状态或评分
达叻府,交通服务,达叻拉加索码头,码头与渡轮,Laemsok Pier,达叻区,码头换乘/乘船出海,1,20260831小红书点点AI增量采集,https://www.xiaohongshu.com/explore/6a75ab58000000002403ed65?xsec_token_redacted=1&xsec_source=pc_dots,"「1*混合贴」
标题：狗骨岛/象岛/玛岛→曼谷车船联运汇总🚢
正文：2. 达叻拉加索码头出发线路",小红书名称候选；名称证据不是游客热度，尚未核验Place ID、坐标、地址、营业状态或评分
达叻府,交通服务,空迈码头,码头与渡轮,Klong Mad Jetty,阁骨岛西岸,码头换乘/乘船出海,2,20260831小红书点点AI增量采集,"https://www.xiaohongshu.com/explore/688dd5320000000025017987?xsec_token_redacted=1&xsec_source=pc_dots
https://www.xiaohongshu.com/explore/69b4a8c500000000220266b9?xsec_token_redacted=1&xsec_source=pc_dots","「1*混合贴」
标题：BKK➡️Koh Kood：曼谷到阁骨岛！
正文：6️⃣岛上景点：东边基本没有开发，雨林里说是有军队驻扎，只有一个货运港口，雨季东边潜水也是从那出发；景点主要集中在西边，南边，中部；由于时间有限，只推荐去过的几个景点：Khlong Yai Kee Waterfall，ปลายน้ำตกคลองยายกี๋，Khlong Han Beach，Klong Mad Jetty，NEVE BAR旁边的沙滩(非常推荐，就是进去费劲点)，Khlong Chao Waterfall，Khlong chao河连接大海，可以租桨板，300株/h；这俩瀑布都非常推荐，摩托车基本能到，最后再走5-10分钟就能到，可以游泳！

「2*混合贴」
标题：泰国狗骨岛攻略
正文：三.景点：瀑布：Khlong Yai Kee Waterfall，gaint maca tree  ปลายน้ำตกคลองยายกี๋，Klong Mad Jetty，Khlong Chao Waterfall（水可能小，一般）",小红书名称候选；名称证据不是游客热度，尚未核验Place ID、坐标、地址、营业状态或评分
达叻府,交通服务,码头,码头与渡轮,Laem Sok,达叻府大陆,码头换乘/乘船出海,8,20260831小红书点点AI增量采集,"https://www.xiaohongshu.com/explore/6257d25800000000210397d2?xsec_token_redacted=1&xsec_source=pc_dots
https://www.xiaohongshu.com/explore/6a6e245f0000000021020588?xsec_token_redacted=1&xsec_source=pc_dots
https://www.xiaohongshu.com/explore/67bbe236000000000d017da4?xsec_token_redacted=1&xsec_source=pc_dots
https://www.xiaohongshu.com/explore/66470c9f000000001500a7e3?xsec_token_redacted=1&xsec_source=pc_dots
https://www.xiaohongshu.com/explore/6609335b000000001a015d9d?xsec_token_redacted=1&xsec_source=pc_dots","「1」
标题：狗骨岛度假⛱️完全攻略（上）
正文：最近来泰国度假的人着实不少，如果又想度假又想要人少的话可以来这个小岛：
狗骨岛又叫阁骨岛，沽岛koh Kood，隶属于哒叻府，一般从Laem Sok Pier 码头出发坐船过去。
从曼谷（mochiet Terminal2 BildingC买票270铢mini van）汽车到哒叻汽车站trat bus station 大概五个小时，再坐双条车到码头买票坐船。（也可以坐飞机更快一点。车船票都可以在网上买，节假日期间票挺紧的，建议提前预定）（船有两种邮轮一个半小时350铢，快艇一个小时500铢）

沽岛开发不太完全，整体还是很朴实原始的。
📍重点：岛上没有711，所以必要的随身物品要提前准备好。比如防晒霜，芦荟胶（防晒伤），简易药品，驱蚊水（重要‼️岛上蚊子贼大）。

到了岛上，不管你住在哪里，如果想要自由环岛租一辆摩托车🏍️还是很必要的，岛上有自助加油站，加100铢的油骑两天是足够的。曲曲弯弯上上下下的路使骑摩托变得很有趣，海风迎面扑来不只凉爽还有自由（缺点是有些路不是很好骑[汗颜R]）。

岛上生态环境很好，路边的树很高大草木很茂盛，骑车的时候要注意，路上还可能有小猴子和蛇。

岛上一共有两个小瀑布，很相似，去一个就行了。

几个漂亮的沙滩都集中在东南部，应该每个酒店都会发给游客一份岛上的地图，整个岛被划分为五个区域，Bang Bao 和 Ao Phrao 是比较有名的。其实即使在这两个有名海滩，人也十分少，海滩的游乐项目很少，以划船为主，剩下的就是坐在海边喝饮料，沙滩漫步，和游泳。整个岛就是宁静悠闲朴实，游客以泰国人居多。

岛上还有很多酒店都拥有自己的私人海滩，住起来应该蛮舒服的。我和朋友住在北部的一个民宿酒店里，每个房间都是独立的小木屋，住起来也蛮舒服的。
吃饭和出海接下

「2」
标题：曼谷到狗骨岛交通
正文：曼谷去狗骨岛（Koh Kut/阁骨岛）统一是车+船联运，先到达叻府（Trat）的Laem Sok码头再上船。

✈️ 最快：飞机+船（约2.5小时）

• 曼谷素万那普（BKK）→ 达叻（Trat）：小飞机，约1小时，1000–1800泰铢

• 机场→Laem Sok码头：打车约40分钟，800–1000泰铢

• 码头→狗骨岛：快艇约1小时，600–800泰铢

• 适合：赶时间、预算充足

🚌 最经济：大巴/小巴+船（约6–7小时）

1. 出发点（曼谷）

• Ekkamai东部汽车站：班次多（约每小时1班），到Trat约4.5–6小时，240–300泰铢

• 素万那普机场1楼8号门：专线大巴，7:30/7:40发车，约4小时

• 考山路：旅行社可订车船联运套票，1100–1300泰铢，一站式

2. 船（Laem Sok码头→狗骨岛）

• 快艇：约1小时，600–800泰铢，班次多

• 渡轮：约2–3小时，300–400泰铢，班次少（旺季才有）

🚐 最省心：车船联运套票（推荐）

• 直接买曼谷→狗骨岛联票，1100–1800泰铢，含大巴/小巴+船+码头接驳

• 常见班次：05:00/05:20/07:00/08:00 发车，11:45–15:30 到岛

• 购买：12Go.asia、Boonsiri官网、考山路旅行社

🚗 最舒适：包车+船（约5–6小时）

• 曼谷包车直达Laem Sok码头：4–5小时，3000–4000泰铢/车（4人）

• 适合：多人、带行李、想灵活出发

📌 实用贴士（2026年8月）

• 雨季（6–10月）船班，每天2班

• 联票建议选Boonsiri/Seudamgo，靠谱准时

• 上岛后酒店多提供码头接送，提前联系

「3*混合贴」
标题：名字越土，景色越美--泰国狗骨岛
正文：从曼谷／芭提雅包车，或坐大巴（Bonsiri渡船公司有联票，每天早上发车），5小时到达位于达叻府的Laem Sok码头，再坐渡船或快艇1小时上岛。

「4」
标题：🇹🇭哒叻1小时狗骨岛交通攻略 一次说清！
正文：Tips❕❕
上岛🇹🇭电话卡建议Ais不建议True 没信号失联！！！狗骨岛Koh Kood位于泰国东部临近柬埔寨（图）
属于未完全开发状态 岛上道路狭窄 游客和岛民都不多 很多地方没有信号！但人超少 海水超级果冻色 任意一片水域浮潜就能看到很棒珊瑚礁和鱼🪸🐟在泰国东部算是最棒的啦
这里有两种推荐的登岛方式
1懒人必备     无交通工具 曼谷-狗骨岛车船联运
具体请看我另一篇 🇹🇭泰国东部岛屿车船联运攻略
2自驾🚗     哒叻府Laem sok码头-狗骨岛
这里推荐两家轮渡公司上岛
1 kohkoodexpressferry
2 boonsiriferry
哒叻码头位置🌍Google maps搜Laem Sok（图2）
狗骨岛不可开车上岛 可以把车停到码头车场（图4）
停车收费50b/天 会有引位小哥找阴凉处给你
然后按预定票面时间等待摆渡车过来接你（图3图6）
上船没固定座位 晕船的别选快艇选大船（图7 1314）
船程1小时到狗骨岛码头（图10）
最后  其中一家轮渡公司的时刻表（图11图12）
骨狗岛真的很棒 我们岛上见吧[哇R]
#泰兰德的夏天永不停歇[话题]# #小龙的泰兰德摄影集[话题]#
#泰国旅行[话题]# #泰国自由行攻略[话题]# #浪漫生活的记录者[话题]#
#泰国自驾游[话题]# #象岛[话题]# #泰国狗骨岛[话题]#  #狗骨岛[话题]#

「5*混合贴」
标题：🏝️泰国小众海岛游🏝️
正文：🚤到达达叻府后，在Laem Sok码头搭乘船前往，航程约50分钟。

总的来说，阁骨岛是一个适合寻找宁静和自然风光的理想之地，是一个远离喧嚣的度假胜地，是探索泰国海岛美丽景色的绝佳选择。",小红书名称候选；名称证据不是游客热度，尚未核验Place ID、坐标、地址、营业状态或评分
达叻府,交通服务,萨帕罗特码头,码头与渡轮,Ao Sapparot,象岛北侧,码头换乘/乘船出海,1,20260831小红书点点AI增量采集,https://www.xiaohongshu.com/explore/69950337000000002800aa19?xsec_token_redacted=1&xsec_source=pc_dots,"「1*混合贴」
标题：象岛Koh Chang|我愿称之为人间理想！
正文：象岛码头（Ao Sapparot/Ao Thammachart）
耗时： 大巴约6小时，轮船约40分钟，双条车大概20-30分钟。
费用： 大巴票每个人约292泰铢，船票约60泰铢，双条车约100泰铢。

【温馨提示】
999巴士需要提前一天订，当天可能订不到，只有两班07:45、08:45。
也可以直接从曼谷包车到象岛，3000-4000泰铢。
车站等很多地方洗手间是收费的，记得带5-10泰铢。岛上基本只能用现金，不支持其他方式。",小红书名称候选；名称证据不是游客热度，尚未核验Place ID、坐标、地址、营业状态或评分
大城府,交通服务,大城府火车站,火车站,Ayutthaya Railway Station,城区中心,所有游客,8,20260901二三线目的地缺口续采,"https://www.xiaohongshu.com/explore/69f7262a000000003502687f?xsec_token_redacted=1&xsec_source=pc_dots
https://www.xiaohongshu.com/explore/68d16947000000000e021ae7?xsec_token_redacted=1&xsec_source=pc_dots
https://www.xiaohongshu.com/explore/68a08a6d000000001d00f02b?xsec_token_redacted=1&xsec_source=pc_dots
https://www.xiaohongshu.com/explore/66c0bea2000000000503b577?xsec_token_redacted=1&xsec_source=pc_dots
https://www.xiaohongshu.com/explore/6a8529280000000028004615?xsec_token_redacted=1&xsec_source=pc_dots","「1*混合贴」
标题：泰国🇹🇭大城府民宿推荐-罗望子宾馆
正文：1. 出大城府火车站（Ayutthaya Station）正对面直走200米（巷子里有卖早餐的摊子），直走穿过小巷到河边Ayutthaya Train Station Pier（火车站码头），看见木船就是了 。
坐摆渡船过河（2分钟，10泰铢）
直接上船，10泰铢/人（带自行车15泰铢），随到随开，2分钟直达河对岸，到岸可直走到底即到玛哈泰寺，玛哈泰寺对面就是民宿路口

「2*混合贴」
标题：大城府两日游，民宿推荐
正文：第一晚住的民宿是บ้านสว่างศิลป์@อยุธยา Baan Sawhangsilp，去之前有☎️价格是890/晚，然后在火车上通过平台预订了891/晚[失望R]，位置在玛哈泰寺和大城府火车站的中间，靠近minibus，房间图7，卫生间很大，是自己的地块造了2幢楼，一边自住一边民宿。
优点：民宿位置不错，15分钟能走到玛哈泰寺（推荐逛完后去门口咖啡店买个3D冰激凌，窗外景色不错 图4）玛哈泰寺隔壁是拉嘉布拉那寺 Wat Ratchaburana（功课没做好第二天又跑一次）。返回民宿路上有夜市（比曼谷便宜），我买了图5的盐烤鱼190泰铢2个人吃的很饱。巴莱船面吃不下第二天早上去吃的，8:00第一桌客人（住得近的好处）
缺点：距离码头走15分钟（可以打摩的）路上没什么餐馆吃饭，会路过一个学校，放学时间门口有卖传统椰子冰激凌和烤串（现金+难沟通），5分钟内步行有家动作很慢的破饭店（60泰铢鸡肉炒面）。有个机器全天发出轻微的规律噪音，我睡眠很差但也能入睡。

「3*混合贴」
标题：202508 泰国大城府必经码头 美味烫嘴早点摊
正文：大城府火车站和文化遗产古城，隔河相望，最便利的交通方式，就是坐轮渡到河对岸。火车站对面小巷走5分钟，就到渡口pier，Ayutthaya Train Station Pier 泰文ท่าเทียบเรือสถานีรถไฟอยุธยา。小吃摊就在去码头的必经之路小巷里。

【美味小摊】
趁凉快六点多出门，原计划是到河对面大早市吃东西。谁能想到，还没过河，就吃吃吃停不下来了！这条通往渡口的小巷，好多家小摊，且没有早市那么拥挤，可以清爽坐下来吃东西！

【试吃体验】
试了【软蛋肉丸姜丝粥】和【椰浆小烘糕】，都非常美味！

米粥（25铢，约RMB 5元），有肉有蛋有菜！肉丸很鲜，店主大姐还细心均匀摆在碗里，不爱姜的我，都因为这个粥不嫌弃姜了。

现烘的椰浆糕（10铢，约RMB 2元），一盒6个，好吃！但超级烫，喝完粥再吃依然烫，一下爆浆甩到衣服上，还好是白衣服完美隐藏了！

【猫咖遗憾】
旁边还有一家很多猫的咖啡店，猫们一大早在啃j脚脚舔毛毛，超可爱！店主大姐看起来很有腔调，但还想留肚子到对面继续吃吃吃，就没试咖啡，后面也再没往这边走，错过有点遗憾啊！

【顺便感谢】
在火车站门口拉客的dudu车小哥，虽然我们婉拒了他的邀约，还是热心给我们指pier渡口方向，不急不恼的，感受到了温和善意！

「4*混合贴」
标题：曼谷大城府一日游极简攻略
正文：2.到达Ayutthaya railway station，出站沿着正对面的小巷子一直走，到达码头Ayutthaya train station pier，坐船两分钟过河，10泰铢。

「5*混合贴」
标题：#游玩攻略[话题]#
正文：我购买的是火车8:45发车，（图4-7）9:40左右抵达大城府火车站，（图8-图9）车程1小时，然后步行3分钟左右到（图10-11）",名称在本题引用小红书正文中直接命中；该计数用于名称证据审核，不代表全网提及量或游客热度
大城府,交通服务,Ayutthaya Train Station Pier,码头,ท่าเทียบเรือสถานีรถไฟอยุธยา,火车站对面小巷,过河游客,4,20260901二三线目的地缺口续采,"https://www.xiaohongshu.com/explore/69f7262a000000003502687f?xsec_token_redacted=1&xsec_source=pc_dots
https://www.xiaohongshu.com/explore/68a08a6d000000001d00f02b?xsec_token_redacted=1&xsec_source=pc_dots
https://www.xiaohongshu.com/explore/66c0bea2000000000503b577?xsec_token_redacted=1&xsec_source=pc_dots
https://www.xiaohongshu.com/explore/6a8529280000000028004615?xsec_token_redacted=1&xsec_source=pc_dots","「1*混合贴」
标题：泰国🇹🇭大城府民宿推荐-罗望子宾馆
正文：1. 出大城府火车站（Ayutthaya Station）正对面直走200米（巷子里有卖早餐的摊子），直走穿过小巷到河边Ayutthaya Train Station Pier（火车站码头），看见木船就是了 。
坐摆渡船过河（2分钟，10泰铢）
直接上船，10泰铢/人（带自行车15泰铢），随到随开，2分钟直达河对岸，到岸可直走到底即到玛哈泰寺，玛哈泰寺对面就是民宿路口

「2*混合贴」
标题：202508 泰国大城府必经码头 美味烫嘴早点摊
正文：大城府火车站和文化遗产古城，隔河相望，最便利的交通方式，就是坐轮渡到河对岸。火车站对面小巷走5分钟，就到渡口pier，Ayutthaya Train Station Pier 泰文ท่าเทียบเรือสถานีรถไฟอยุธยา。小吃摊就在去码头的必经之路小巷里。

【美味小摊】
趁凉快六点多出门，原计划是到河对面大早市吃东西。谁能想到，还没过河，就吃吃吃停不下来了！这条通往渡口的小巷，好多家小摊，且没有早市那么拥挤，可以清爽坐下来吃东西！

【试吃体验】
试了【软蛋肉丸姜丝粥】和【椰浆小烘糕】，都非常美味！

米粥（25铢，约RMB 5元），有肉有蛋有菜！肉丸很鲜，店主大姐还细心均匀摆在碗里，不爱姜的我，都因为这个粥不嫌弃姜了。

现烘的椰浆糕（10铢，约RMB 2元），一盒6个，好吃！但超级烫，喝完粥再吃依然烫，一下爆浆甩到衣服上，还好是白衣服完美隐藏了！

【猫咖遗憾】
旁边还有一家很多猫的咖啡店，猫们一大早在啃j脚脚舔毛毛，超可爱！店主大姐看起来很有腔调，但还想留肚子到对面继续吃吃吃，就没试咖啡，后面也再没往这边走，错过有点遗憾啊！

【顺便感谢】
在火车站门口拉客的dudu车小哥，虽然我们婉拒了他的邀约，还是热心给我们指pier渡口方向，不急不恼的，感受到了温和善意！

「3*混合贴」
标题：曼谷大城府一日游极简攻略
正文：2.到达Ayutthaya railway station，出站沿着正对面的小巷子一直走，到达码头Ayutthaya train station pier，坐船两分钟过河，10泰铢。

「4*混合贴」
标题：#游玩攻略[话题]#
正文：Ayutthaya Train Station Pier码头坐船（10泰铢）到湄南河对面，开启一天的游玩。
值得去的是这3个地方：",名称在本题引用小红书正文中直接命中；该计数用于名称证据审核，不代表全网提及量或游客热度
大城府,交通服务,Chao Phrom Market Pier,码头,Chao Phrom Market Pier,河对岸,租车/逛市场,1,20260901二三线目的地缺口续采,https://www.xiaohongshu.com/explore/66c0bea2000000000503b577?xsec_token_redacted=1&xsec_source=pc_dots,"「1*混合贴」
标题：曼谷大城府一日游极简攻略
正文：3.到达河对岸Chao Phrom Market Pier，下船就有租车店，摩托车250泰铢一天，押金2000泰铢或者押护照，18点之前还。",名称在本题引用小红书正文中直接命中；该计数用于名称证据审核，不代表全网提及量或游客热度
大城府,交通服务,Minibus Station,汽车站,Minibus Station Chatuchak,曼谷Mo Chit附近,曼谷往返,2,20260901二三线目的地缺口续采,"https://www.xiaohongshu.com/explore/6a76b9f500000000260349d3?xsec_token_redacted=1&xsec_source=pc_dots
https://www.xiaohongshu.com/explore/697e237b000000000c0368a9?xsec_token_redacted=1&xsec_source=pc_dots","「1」
标题：从曼谷到大城 正确的打开方式
正文：去过两次大城，但是2019年的记忆已经很模糊了，这次先记录下来，以防下次想不起来
交通：🚌从曼谷出发，可以坐火车，但是坐火车的时间没有小巴灵活就选择了小巴，去Minibus Station Chatuchak乘坐小巴，每40分钟发一趟车，有时候坐满就走，每人80泰铢。Minibus Station就在乍都乍所在的Mo chit 站附近，也需要打车前往。
🚌回程：去的时候我们没有在半路下车，专门坐到终点站，问了末班车的时间，末班车是17:00，一般16:20得到达上车点，上车的地方没有专门的站台，只是在路边售票，依然是每人80泰铢。需要注意也有其他小巴在那里售票，一般游客过去都会说每人160泰铢，可以砍价，或者等minibus发车，感觉minibus更安全。
大城府交通🛺：minibus下车点有很多嘟嘟车，路上也有很多嘟嘟车，记得第一次去不太懂，包车半天花了1500泰铢（没有半天，其实也就三四个小时），第二次用蹩脚泰语砍价，大叔要价3个小时1000泰铢，最后砍价4个小时750泰铢，大叔每次都会在景点门口等我们（现在想来还是会觉得我们胆子好大，如果大叔把我们拉到别的地方去可能我们都不知道，而且三轮车还没有安全保障，全靠人与人之间的那点信任）
因为时间的关系就去了四个地方🪷
☀️1. 崖差蒙空寺 也就是西游记取景地，挺值得逛的，门票每人40泰铢
☀️2. 玛哈泰寺 (Wat Mahathat) 比较经典的景点就是树抱佛头，P6拍摄于景点门口 门票每人80泰铢
☀️3.柴瓦塔那兰寺 (Wat Chaiwatthanaram) 门票每人80泰铢 ，门口有泰装出租，每人300泰铢。来大城最值得逛的大概就是这个景点，下一次如果时间充裕就在大城住一晚，四点过后再来逛，听说夕阳很美。七年前也在这拍了泰装，而且还在这偶遇了欣欣她们几个（那会跟欣欣还不熟，这一次就是和欣欣一起去了）现在想来都是缘分
☀️4. Wat Lokaya Sutha 超大卧佛，P14，因为师傅说这里是免费就带我们去拍了几张照片 （翻照片才发现之前也去过）
整个行程一共四个小时，说实话当天来回确实有点赶，这一次不仅重温了七年前的记忆，同时也拥有了新的回忆，我也不知道下一次会不会带家人朋友去，先存着吧。

#大城府[话题]# #崖差蒙空寺[话题]# #玛哈泰寺[话题]# #柴瓦塔那兰寺[话题]#

「2」
标题：大城回曼谷必看！一张地图看完立省200🐷
正文：🎬 大城回曼谷交通防坑指南｜一张原创地图省下200铢！
来曼谷玩想顺便逛逛大城？ 交通攻略看这篇！！ 全网独一份原创手绘地图 带你一眼看懂大城交通布局
📍 核心动线： 曼谷火车抵达➡️大城火车站 ➡️轮渡过河 ➡️景点集中区（河对岸） ➡️迷你巴士站
⚠️ 血泪经验： 别完全依赖旧攻略！ 我们曾因末班车时间变动（5点截止） 白白多花200铢打突突车绕远路
🚌 正确操作： 如果错过迷你巴士末班 ✅ 步行至轮渡站（仅800米） ✅ 花10铢坐船到火车站 ❌ 千万别直接从小巴站打车去火车站！
⛴️ 轮渡时间： 5:00-19:00（雨季可能调整） 下火车先问工作人员是否运行
🚉 返程贴士： • 当日索取最新列车时刻表 • 看清终点站（华南蓬老站/邦苏新站） • 建议拍照存手机随时核对
一张地图 + 实时确认 轻松玩转大城不踩坑✨@泰国国家旅游局上海办事处
#发现泰国镜头之外的精彩[话题]# #中泰一家亲福运同行[话题]# #泰国[话题]# #大城府[话题]# #泰兰德[话题]# #曼谷周边旅游[话题]#",名称在本题引用小红书正文中直接命中；该计数用于名称证据审核，不代表全网提及量或游客热度
大城府,交通服务,December house租车行,租车与自驾服务,December house,河对岸,租车/自驾出行,1,20260901二三线目的地缺口续采,https://www.xiaohongshu.com/explore/695f35e0000000001a02966c?xsec_token_redacted=1&xsec_source=pc_dots,"「1」
标题：推荐阿育陀耶的一家租车行
正文：1.6去大城府一日游，去了网上推荐的河对面租车行December house 租了一辆60🐷的自行车
每一个景点门口都有自行车停放的地方 很方便
骑行到景点三的时候呆呆的主包把钥匙掉了 15.结束参观准备还车的时候发现 自行车就锁在那里动不了 因为还在老板娘那里报了下午4:00的200🐷船游，主包先是在景区慌乱的找了一圈 没发现以后就赶快打了一个Grab 回到码头和老板娘说明情况
老板娘非常好 只收了主包30🐷的遗失钥匙费用 然后了解了停车地点后自己去把车从景点带回来 再主包手足无措的时候还一直安慰 不要影响到之后的船游
主包觉得有这样的服务态度做什么事情都会成功的 非常感谢所有的帮助 在语言不通的情况下 找到一个善良的店家是主包的幸运
如果主包的泰国手机可以打电话或者当时加了店铺的
whatsapp就好了…#大城府[话题]# #泰国自行车[话题]#",名称在本题引用小红书正文中直接命中；该计数用于名称证据审核，不代表全网提及量或游客热度
董里府,交通服务,Hat Yao Pier,码头,Hat Yao Pier,长滩,去利邦岛的游客,2,20260901二三线目的地缺口续采,"https://www.xiaohongshu.com/explore/698f1beb000000001a028c27?xsec_token_redacted=1&xsec_source=pc_dots
https://www.xiaohongshu.com/explore/67430b4200000000070280a1?xsec_token_redacted=1&xsec_source=pc_dots","「1*混合贴」
标题：🇹🇭 泰国董里 | 99%游客不知道的宝藏
正文：出行：去Libong岛要在Hat Yao Pier坐船🚣100🐷/单程

「2*混合贴」
标题：一张图看懂董里的岛怎么玩
正文：红树林和海草，吸引了濒危儒艮在此栖息，是观赏儒艮的好地方。此外，岛上还可以看到许多迁徙的海鸟和滨鸟。岛民主要以捕鱼和种植橡胶为生，生活简单，大多数人信仰伊斯兰教。每天早上8:00到下午5:00有长尾船从长滩码头（Hat Yao Pier）前往，船票40泰铢，约30分钟到达。
在深度的玩法可以去从各岛去甲米的兰塔，或者附近的洛克岛，还有丽贝岛跳岛游#这才是海岛的正确打开方式[话题]# #泰国[话题]# #董里[话题]# #泰国旅行[话题]#",名称在本题引用小红书正文中直接命中；该计数用于名称证据审核，不代表全网提及量或游客热度
董里府,交通服务,Khuan Tung Ku Pier,码头,Khuan Tung Ku Pier,甘当区,自驾游客,2,20260901二三线目的地缺口续采,"https://www.xiaohongshu.com/explore/698f1beb000000001a028c27?xsec_token_redacted=1&xsec_source=pc_dots
https://www.xiaohongshu.com/explore/67430b4200000000070280a1?xsec_token_redacted=1&xsec_source=pc_dots","「1*混合贴」
标题：🇹🇭 泰国董里 | 99%游客不知道的宝藏
正文：去Mook 岛要在Khuan Tung Ku Pier 坐船。跳岛出行也可以和住宿民宿预约行程，当地人很淳朴很善良。跳岛出游价格也合理。
PS：一定要浮潜🤿跳岛，深度玩董里 入股不亏，强烈推荐‼️

「2*混合贴」
标题：一张图看懂董里的岛怎么玩
正文：关于交通✈️🚂🚢：曼谷有直飞董里的航班，董里机场出口的左侧有一个小柜台卖有去各个岛车船联票，去离岸最近穆岛550🐷，去克雷登岛和奈岛是950🐷。如果是董里火车站对面的旅行社也有卖到去码头的车船联运，到穆岛车船是250🐷如果是自驾的话可以直接开到Khuan Tung Ku Pier这个码头，附近有停车场。码头北边的Pak Mong Port码头也有提供到各个岛船
关于选岛
穆岛🏝️：离陆地海岸线最近，水质沙质一半，西边是面向大海的岩石峭壁，东面是当地的渔村，穆岛上最值的去的就是西面的翡翠洞，需要一群人扶着绳子游进洞穴🏊，里面的风景别有洞天。
奈岛🏝️：岛的东侧拥有绵长的白色沙滩和清澈的海水。大多数住宿都位于该地区。精品度假村和海滨住宿与大自然完美融合。岛的西侧多山，森林茂密，岛屿周围是美丽的珊瑚礁。这使得奈岛成为著名的浮潜地点。可以从海滩观赏珊瑚和海洋生物，也可以前往附近的岛屿进行潜水之旅。可以在岛上选择一日游，包括奈岛、象岛（เกาะเชือก）、马岛（เกาะม้า）及穆岛的翡翠洞
克雷登岛🏝️：是董里府举办水下婚礼的热门地点之一。岛屿周围环绕着洁白柔软的沙滩和干净清澈的海水，非常适合游泳和休闲。沿岸分布着珊瑚礁和海扇，使这里成为浮潜和观赏珊瑚的绝佳地点，岛上有昭迈国家公园的公共住宿设施，也有私人度假村可供选择，满足不同游客的需求。从西高县的帕克蒙码头（Pak Meng Pier）租船前往，约需1小时，或购买一日游套餐前往，也可从甘当县的宽登古码头（Khuan Tung Ku Pier）乘船，若在岛上预订了住宿，酒店通常会提供摩托艇接送服务。
利邦岛🏝️：是董里府最大的岛屿，面积约25,000莱，属于利邦岛群岛野生动物保护区。岛上生态丰富，有沙滩、红树林和海草，吸引了濒危儒艮在此栖息，是观赏儒艮的好地方。此外，岛上还可以看到许多迁徙的海鸟和滨鸟。岛民主要以捕鱼和种植橡胶为生，生活简单，大多数人信仰伊斯兰教。每天早上8:00到下午5:00有长尾船从长滩码头（Hat Yao Pier）前往，船票40泰铢，约30分钟到达。
在深度的玩法可以去从各岛去甲米的兰塔，或者附近的洛克岛，还有丽贝岛跳岛游#这才是海岛的正确打开方式[话题]# #泰国[话题]# #董里[话题]# #泰国旅行[话题]#",名称在本题引用小红书正文中直接命中；该计数用于名称证据审核，不代表全网提及量或游客热度
董里府,交通服务,Pak Meng Pier,码头,Pak Meng Pier,市区,去董里四岛的游客,2,20260901二三线目的地缺口续采,"https://www.xiaohongshu.com/explore/67430b4200000000070280a1?xsec_token_redacted=1&xsec_source=pc_dots
https://www.xiaohongshu.com/explore/6708b6da000000001a021d67?xsec_token_redacted=1&xsec_source=pc_dots","「1*混合贴」
标题：一张图看懂董里的岛怎么玩
正文：克雷登岛🏝️：是董里府举办水下婚礼的热门地点之一。岛屿周围环绕着洁白柔软的沙滩和干净清澈的海水，非常适合游泳和休闲。沿岸分布着珊瑚礁和海扇，使这里成为浮潜和观赏珊瑚的绝佳地点，岛上有昭迈国家公园的公共住宿设施，也有私人度假村可供选择，满足不同游客的需求。从西高县的帕克蒙码头（Pak Meng Pier）租船前往，约需1小时，或购买一日游套餐前往，也可从甘当县的宽登古码头（Khuan Tung Ku Pier）乘船，若在岛上预订了住宿，酒店通常会提供摩托艇接送服务。
利邦岛🏝️：是董里府最大的岛屿，面积约25,000莱，属于利邦岛群岛野生动物保护区。岛上生态丰富，有沙滩、红树林和海草，吸引了濒危儒艮在此栖息，是观赏儒艮的好地方。此外，岛上还可以看到许多迁徙的海鸟和滨鸟。岛民主要以捕鱼和种植橡胶为生，生活简单，大多数人信仰伊斯兰教。每天早上8:00到下午5:00有长尾船从长滩码头（Hat Yao Pier）前往，船票40泰铢，约30分钟到达。
在深度的玩法可以去从各岛去甲米的兰塔，或者附近的洛克岛，还有丽贝岛跳岛游#这才是海岛的正确打开方式[话题]# #泰国[话题]# #董里[话题]# #泰国旅行[话题]#

「2*混合贴」
标题：超级适合度假的奈岛⛱️
正文：✈️可以从曼谷廊曼机场到董里机场，打车到PAK MENG PIER码头，从码头包船到Koh Ngai，一定要和船夫说把船开到酒店外面，不然他会停到Koh Ngai Resort，你得自己走到酒店，中间有山路很不好走。",名称在本题引用小红书正文中直接命中；该计数用于名称证据审核，不代表全网提及量或游客热度
呵叻府,交通服务,呵叻火车站,交通节点,Nakhon Ratchasima Railway Station,呵叻市区,公共交通游客,1,20260901二三线目的地缺口续采,https://www.xiaohongshu.com/explore/6644752f000000001e033103?xsec_token_redacted=1&xsec_source=pc_dots,"「1」
标题：素林出发披迈石宫，值得一去吗？
正文：从素林出发 早上【9点】或者【9:30】有火车去呵叻府（Nakhon Ratchasima），【9点】的火车在网站上查不到的，当天去买票工作人员告诉我【9点】也有火车，而且票价比【9点30分】的还便宜，果断选择【9点】，票价【32฿】。

原本还有计划去武里南府的，但查了房价太贵，所以放弃了这个府，直接安排了呵叻府，有需要去武里南府的朋友可以收藏一下。

素林到呵叻时刻表，票价【160฿】大概3个半—4小时才能到达。
推荐去武里南或者呵叻坐火车，有田园风景还有洗手间，而且票价超便宜~
呵叻火车站坐摩托到呵叻新汽车站【41号站台】坐大巴到【phimai】县看【披迈石宫】，大巴车车程大约【2小时】，票价【59฿】。
入住【Benyaguesthouse】民宿，一晚房价【450฿】，卫生间很小，房间也小，有大阳台，但是床和被子很有家的感觉。
【披迈石宫】要门票（外国人100฿）的话不推荐去，我当天是直接走进去，无人验票，但大门口有售票亭，去过素可泰与大城府也不推荐去，因为地方不大，可看的东西很少。

Phimai县的夜市可以顺路逛逛，711小狗🐕真可爱～

#泰国[话题]#  #泰国旅行[话题]#  #泰国旅游[话题]#  #披迈石宫[话题]#  #呵叻[话题]#  #呵叻府[话题]#",名称在本题引用小红书正文中直接命中；该计数用于名称证据审核，不代表全网提及量或游客热度
甲米府,交通服务,奥南旅行,交通节点与游船服务,Aonang Travel,奥南海滩附近码头,到达/换乘/码头/出海,0,本轮定向补采新增,"https://www.xiaohongshu.com/explore/67fa5b9d000000001c0311da?xsec_token_redacted=1&xsec_source=pc_dots
https://www.xiaohongshu.com/explore/696ba805000000001a025a23?xsec_token_redacted=1&xsec_source=pc_dots","「1*混合贴」
标题：甲米→PP岛选船指南｜教你省钱又舒心
正文：AonangTravel（AO）
📍码头位置：奥南海滩附近（适合住奥南/莱雷的宝子）
⏰班次：09:30/15:30（直达皮皮岛通塞码头）
💡亮点：
✔️免费接送范围广（甲米镇/奥南/克longmuang海滩等）
✔️莱雷海滩可直接登船（不用折腾去码头！）
✔️普通舱统一价，座位宽敞

「2*混合贴」
标题：甲米到皮皮岛选哪个码头？看完不纠结！🏝️
正文：📍 **Aonang Travel 码头**
📍 **Andaman Wave 码头** → 近**甲米镇**",小红书名称候选；名称证据不是游客热度，尚未核验Place ID、坐标、地址、营业状态或评分
甲米府,交通服务,奥南码头,码头与渡轮,Ao Nang Pier,奥南海滩,码头换乘/乘船出海,0,本轮定向补采新增,"https://www.xiaohongshu.com/explore/6a66a242000000001302e351?xsec_token_redacted=1&xsec_source=pc_dots
https://www.xiaohongshu.com/explore/6a314fe6000000001700a386?xsec_token_redacted=1&xsec_source=pc_dots","「1*混合贴」
标题：甲米莱利海滩一日游｜海岛秘境攻略
正文：9:00 奥南码头坐船出发，登西莱利海滩
清晨游客极少，独占整片白沙滩，踩水、拍无人海岛大片，光线柔和不刺眼

「2*混合贴」
标题：甲米出发莱利海滩一日游攻略
正文：8:00 甲米镇出发前往奥南码头，提前备好泳衣
9:00 抵达西莱利海滩，清晨人少，细腻白沙滩适合拍照、浅滩玩水，以石灰岩山峰为背景出片率极高。",小红书名称候选；名称证据不是游客热度，尚未核验Place ID、坐标、地址、营业状态或评分
甲米府,交通服务,查法公园码头,码头与渡轮,Chao Fah Park Pier,甲米镇,码头换乘/乘船出海,0,本轮定向补采新增,https://www.xiaohongshu.com/explore/69ee25df0000000023005140?xsec_token_redacted=1&xsec_source=pc_dots,"「1*混合贴」
标题：泰国甲米镇长尾船直达莱利海滩攻略
正文：[打卡R]定位：Chao Fah Park pier（图2）走到码头，有人会问你要去哪，直接告诉他们去Railey Beach，然后他们会叫对应船的船长。然后等着拼人，据说一般4个人就能开船。一人150🐷，大概30分钟到达莱利东海滩，就是有栈道的那个码头。
晚上6:00前回到莱利东沙滩码头也可以坐莱利——甲米的船。
注意：
甲米镇码头上拼船去莱利有风险，我当时从11点20等到了大概12:15都没有人来拼船，最后和船长沟通300🐷送我一个人去莱利了。（不过最开始船长叫的600🐷，我一直说不行我只能出300要是不愿意的话我就去坐车到澳南在换船去莱利）
后面从莱利回甲米镇我也是在下午6点前到达了莱利东沙滩码头，但是一问工作人员说已经没有船到甲米镇了。我又只能从东海滩走到西沙滩按照方式一回的甲米镇。
所以甲米镇——莱利坐船的方式不太推荐，不太稳定，有点耽误时间和精力了。不如车+船稳定。
（下一篇：到了莱利岛到底玩什么户外新手告诉你）

正在#泰国[话题]# 旅行中，从#芭东海滩[话题]# - #普吉镇[话题]# - #甲米[话题]# 甲米镇 - #莱利海滩[话题]# - #清迈[话题]#

下一篇：
泰国Solo Trip超实用贴之——户外小白在莱利体验徒步攀岩值不值得",小红书名称候选；名称证据不是游客热度，尚未核验Place ID、坐标、地址、营业状态或评分
甲米府,交通服务,甲米国际机场,机场,Krabi International Airport,15号/16号/17号出口,航班到达/离开,0,本轮定向补采新增,"https://www.xiaohongshu.com/explore/68affea8000000001c036a1b?xsec_token_redacted=1&xsec_source=pc_dots
https://www.xiaohongshu.com/explore/66cb54ae000000001d03aa2c?xsec_token_redacted=1&xsec_source=pc_dots
https://www.xiaohongshu.com/explore/68df9f31000000000402a116?xsec_token_redacted=1&xsec_source=pc_dots
https://www.xiaohongshu.com/explore/6767f1d8000000000900dc1a?xsec_token_redacted=1&xsec_source=pc_dots
https://www.xiaohongshu.com/explore/696ee38f000000001a023210?xsec_token_redacted=1&xsec_source=pc_dots","「1*混合贴」
标题：泰国甲米机场到皮皮岛实况教程！😅
正文：从泰国甲米机场入境
中国护照免签入机场后填写入境卡（旁边有电脑，如果手机没信号的话）

「2*混合贴」
标题：终于有人说清楚甲米往返皮皮岛自由行了
正文：🏃🏻♀️➡️🏃🏻♀️➡️🏃🏻♀️➡️甲米机场-皮皮岛交通船票
[一R]可以在网上提前买
提前一周买的价格有优惠，ferry 399泰铢/人，买完船票会发到电子邮箱，打印出来，离甲米机场近的码头是klong jilad pier,不要买错码头。普通轮船2小时，快艇1小时，船票预定网址：https://www.thailandferrybooking.com/mobile/index.php ，在国内能打开，其实现场买票也来得及，一般坐不满

「3*混合贴」
标题：甲米/奥南沙滩去皮皮岛轮渡最新攻略 含避坑
正文：[一R]落地甲米机场或者去甲米镇,在附近的P1码头Klong Jilad Ferry Pier（实拍图P3）坐轮渡去皮皮岛比较方便,机场grab/bolt打车（30分钟左右）或者机场里面问旅行柜台坐小巴车过去。
[气球R]xhs推荐坐Andaman轮渡的较多,内部相对干净舒适，我查看了国内飞🐷或者官网买票需最晚提前一天, 大家可以当天去现场买票也可以Agoda买当天票(见评论区置顶）。Andaman一天2班去皮皮岛通塞码头P2. [薯券R]早上9点和下午1:30，2个小时，成人500🐷，儿童300🐷（4-11岁）. 🏁如果没赶上可以去别的班次，Agoda上很全可选择。

「4*混合贴」
标题：从甲米机场到酒店，仅需100泰铢！超省钱攻略
正文：📍地点：甲米机场16号出口
💸 费用：仅需100泰铢/人

「5*混合贴」
标题：曼谷to甲米机场to皮皮岛
正文：甲米机场直接打车或shuttlebus到Klong Jilad Pier Krabi，shuttlebus90🐷见p4
2、买船票去皮皮岛，票价信息见P3，有两种船型，一个大而稳，一个小而快，这是大多数人选择的船司",小红书名称候选；名称证据不是游客热度，尚未核验Place ID、坐标、地址、营业状态或评分
甲米府,交通服务,甲米汽车站,汽车与巴士站,Krabi Bus Station,甲米镇,城际交通/到达离开,0,本轮定向补采新增,"https://www.xiaohongshu.com/explore/66e5e121000000000c01a0b4?xsec_token_redacted=1&xsec_source=pc_dots
https://www.xiaohongshu.com/explore/65cc87b1000000000b0175db?xsec_token_redacted=1&xsec_source=pc_dots","「1*混合贴」
标题：🚌普吉岛到甲米❗️人均40RMB
正文：- 🚉甲米汽车站：位于甲米镇中心，地址是Ao Nang, Mueang Krabi District, Krabi。
3⃣️购票方式
- 🎫现场购票：你可以直接在大巴车站的售票窗口购买车票。建议提前到达车站，以确保有座位。（我是中午十二点左右的时间，车上很多空座位）
- 🎫在线购票：通过一些在线平台如12Go Asia或Bookaway，你可以提前预订车票，避免现场排队。

「2」
标题：从普吉岛到甲米最便宜攻略
正文：在普吉岛搜索terminal bus station1，如图二所示，距离普吉镇很近

到了图一汽车站，找图三的3号窗口，从普吉岛到甲米的英文是phuket-Krabi,最早班次6:40，最晚18:00，每隔40分钟一趟车，价格160฿一个人。

拿到票后，去图六小巴车那里，出示给司机，上车，小巴车最舒服的位置是副驾驶。沿着图七的路线，跨过普吉岛和甲米中间的一座小桥，行驶3个半小时，会到达甲米汽车总站。跨过桥后大概半小时后，会停在一个汽车站中途休息10分钟，可以上厕所买零食和水。

甲米汽车总站比较偏僻，但是有双排车巴士，可以送达甲米镇和奥南海滩。从汽车总站坐双排车巴士大概1个小时，价格60฿

#一个人的旅行[话题]# #普吉岛旅行[话题]# #甲米旅行[话题]#",小红书名称候选；名称证据不是游客热度，尚未核验Place ID、坐标、地址、营业状态或评分
甲米府,交通服务,皮皮岛通赛码头,码头与渡轮,"Ton Sai Pier, Koh Phi Phi",皮皮岛区,码头换乘/乘船出海,0,20260831小红书点点AI增量采集,,,小红书名称候选；名称证据不是游客热度，尚未核验Place ID、坐标、地址、营业状态或评分
甲米府,交通服务,通塞码头,码头与渡轮,ton sai pier,皮皮岛,码头换乘/乘船出海,0,既有全量候选,"https://www.xiaohongshu.com/explore/6a7acc390000000033033677?xsec_token_redacted=1&xsec_source=pc_dots
https://www.xiaohongshu.com/explore/69b7bd040000000023006e42?xsec_token_redacted=1&xsec_source=pc_dots","「1*混合贴」
标题：以为普吉岛够美了，直到我去了泰国这里🏝️
正文：▪️Day2：酒店——送到Nopparat Thara Pier码头坐客轮——皮皮岛通塞码头——坐小船到酒店——休息整理——Love Beach Phi Phi——Long Beach Koh Phi Phi——坐小船回通赛湾晚饭
.

「2*混合贴」
标题：普吉甲米皮皮岛 8天7晚自由行✨新手直接抄
正文：- 13点从皮皮北蓝通码头坐船🚢去皮皮通塞码头
- 午饭+下午茶
- 4点半租皮划艇去猴子沙滩，看猴子🐵+浮潜🤿
- 晚饭后沙滩边看火舞秀+烟花
- 宿码头周边

🏘️ Day6｜皮皮岛→普吉镇
- 11点从通塞码头坐船去普吉岛，直达普吉镇酒店
- 中午吃顿地道泰餐
- 下午体验马杀鸡（网红店需提前3天预约，我没约到）
- 傍晚在普吉镇citywalk🚶♀️
- 宿普吉镇

🌿 Day7｜丛林飞跃+采购
- 早上8点丛林飞跃，酒店接送
- 10点半返程酒店休息，将行李寄存在酒店
- 中午出去觅食
- 下午逛big c和central Pucket，伴手礼天堂
- 晚餐后前往机场

✈️ Day8｜普吉✈️北京
- 00:05的航班，上海转机后13:00落地北京
- 圆满结束普吉甲米度假之旅～

💡新手必看总结",小红书名称候选；名称证据不是游客热度，尚未核验Place ID、坐标、地址、营业状态或评分
甲米府,交通服务,Ao Nam Mao Pier,码头与渡轮,,奥南,码头换乘/乘船出海,0,本轮定向补采新增,https://www.xiaohongshu.com/explore/6a5b201c000000000301fe33?xsec_token_redacted=1&xsec_source=pc_dots,"「1」
标题：甲米莱利海滩上下船不湿身带娃必看
正文：1.带娃建议一定去东海岸码头:AO NAM MAO PIER
因为这个码头上下船都是走栈桥，不会湿身，特别适合带小朋友出行。如果是奥南海滩码头出发，到达的是莱利沙滩西海岸，在奥南沙滩售票厅买票后，先是要坐突突车到码头(此处来自小红书其他攻略:返程时从码头到原售票出发点一段路是需要另外付费)，最关键是上下船都需要涉水，有些网友反馈甚至水位会到胸部，我一个人带两娃还有一大包食物绝对不行。票价大人往返200铢，5岁小朋友收了半价，出发前给白色票据，回来黄色票据，记得返程时间是下午6点。我们是骑摩托车到达，车子停在码头这里的停车场，50铢一天。
2.到达莱利沙滩东海岸码头后，沿着海边一直走，先是看见一些猴子🐒，然后再穿过一条小道很快就能到达Phra nang beach，很多人在这里攀岩🧗。厕所收费，记得带点零钱。
3.图8可以看到距离莱利沙滩最漂亮那段中间因为涨潮被海水🌊淹没了，所以大多数游客都会在攀岩的这片海滩停留，带娃就不趟这趟海水了，树荫下挖沙子足矣。
4.🐒贼精贼精的，我放在沙滩垫的蛋糕一个没注意就被它偷走了[笑哭R]",小红书名称候选；名称证据不是游客热度，尚未核验Place ID、坐标、地址、营业状态或评分
甲米府,交通服务,Ao Nang Longtail Boat Service Club,交通节点与游船服务,,奥南,到达/换乘/码头/出海,0,本轮定向补采新增,"https://www.xiaohongshu.com/explore/6a49053e0000000007020703?xsec_token_redacted=1&xsec_source=pc_dots
https://www.xiaohongshu.com/explore/6a6b205b000000003301088e?xsec_token_redacted=1&xsec_source=pc_dots
https://www.xiaohongshu.com/explore/69e7790b000000001a02e80d?xsec_token_redacted=1&xsec_source=pc_dots","「1*混合贴」
标题：甲米镜湖➕莱利海滩一日游攻略
正文：📍 Ao Nang Longtail Boat Service Club ชมรมผู้ประกอบการเรือหางยาวอ่าวนาง   告诉大姐去莱利沙滩，人数/单双程就好。 一人往返200🐷，下午需要在17:00之前回来。售票处斜对面水果店里的榴莲和芒果巨甜巨好吃，还很便宜。
买好票后有工作人员让你等候，十人一车拉到码头，车程3分钟，再上船🚢前往莱利海滩。 船程15分钟左右。返回时也是原点，把船票给小哥，十人一船回来。
🔴莱利海滩很推荐！！
可以徒步、攀岩🧗🏻♀️、有调皮的猴子🐒增添旅途的乐趣，phra nang beach真的巨美！！

「2*混合贴」
标题：莱利海滩 Railay Beach 测评
正文：可以在甲米的奥南海滩的丁字路口左侧 Ao Nang Longtail Boat Service Club（见图是 Google Map 显示） 买船票 200 铢/人，包括往返。longtail boat 满 10 个人就可以出发了。最晚的一班船是晚上 6 点回。
去是白色的票，回来是蓝色的票。
蓝色的票需要保存好 不然回程会很麻烦。

「3」
标题：甲米镇到澳南和莱利海滩交通
正文：我在甲米镇住了4天3晚，期间往返了2次莱利和澳南海滩。（我不会告诉你是因为我没提前看地图错过了我报的徒步团）
不过我因此解锁了水陆2种方式从甲米镇到澳南和莱利海滩。
[向右R]第一种：
定位：Vogue Shopping Center（见图2）走到后能看到路边的巴士信息牌（图1），在这个地方等待双条车，车身上会写aonang beach一个人60🐷，途中会微停一小下，大概40分钟的车程到达澳南海滩。
到达后定位Ao Nang Longtail Boat Service Club（见图3）就能看到买长尾船票的游客中心，到莱利单程100🐷，往返200🐷，会给两张船票。
[打卡R]蓝票是澳南到莱利，白票是莱利岛澳南。
上船前工作人员会检查收走，然后等待一会儿大约有8个人左右就会领着去坐长尾船。
注意：这个港口没有栈道，需要踩着水上船，停靠的是莱利西沙滩也是需要踩水下船的。（见图5）
回程时在莱利西沙滩给返程票（白票）或者直接给钱返回澳南海滩，然后定位aonang bus stop（见图6）走到后能看到一个巴士指示牌（图7）以及有猴子装饰的位置（图8），在这个地方等双条车就好，来了会在站点等大概十分钟出发，一个人还是60🐷，路上后路上会微停，大概40分钟的样子到甲米镇。
[向右R]注意：
从莱利回程到澳南的船在下午6点前要上船，6-7点是150🐷，有回程票的船工会找你要额外每个人50🐷。没有回程票可以直接[钱袋R]。
由于字数原因，甲米镇乘船直达莱利海滩的交通攻略见下一篇吧

正在#泰国[话题]# 旅行中，从#芭东海滩[话题]# - #普吉镇[话题]# - #甲米[话题]# 甲米镇 - #莱利海滩[话题]# - #清迈[话题]#

下一篇：
泰国Solo Trip超实用贴之——甲米镇坐船直达莱利沙滩的交通攻略

#慢人友好旅行[话题]# #对我友好的旅行[话题]# #友好旅行计划[话题]# #泰国旅行[话题]#",小红书名称候选；名称证据不是游客热度，尚未核验Place ID、坐标、地址、营业状态或评分
甲米府,交通服务,Klong Jilad Ferry Pier,码头与渡轮,Klong Jilad Pier Krabi,甲米镇附近,码头换乘/乘船出海,0,本轮定向补采新增,"https://www.xiaohongshu.com/explore/68affea8000000001c036a1b?xsec_token_redacted=1&xsec_source=pc_dots
https://www.xiaohongshu.com/explore/68df9f31000000000402a116?xsec_token_redacted=1&xsec_source=pc_dots
https://www.xiaohongshu.com/explore/696ee38f000000001a023210?xsec_token_redacted=1&xsec_source=pc_dots
https://www.xiaohongshu.com/explore/6a8dcd9a000000002003faa4?xsec_token_redacted=1&xsec_source=pc_dots
https://www.xiaohongshu.com/explore/69ee25df0000000023005140?xsec_token_redacted=1&xsec_source=pc_dots","「1*混合贴」
标题：泰国甲米机场到皮皮岛实况教程！😅
正文：到了一个叫Klong Jilad Ferry Pier 码头坐船
4️⃣就是码头验票处（应该在这也可以直接买船票，底下有时间可以参考）

「2*混合贴」
标题：甲米/奥南沙滩去皮皮岛轮渡最新攻略 含避坑
正文：[一R]落地甲米机场或者去甲米镇,在附近的P1码头Klong Jilad Ferry Pier（实拍图P3）坐轮渡去皮皮岛比较方便,机场grab/bolt打车（30分钟左右）或者机场里面问旅行柜台坐小巴车过去。
[气球R]xhs推荐坐Andaman轮渡的较多,内部相对干净舒适，我查看了国内飞🐷或者官网买票需最晚提前一天, 大家可以当天去现场买票也可以Agoda买当天票(见评论区置顶）。Andaman一天2班去皮皮岛通塞码头P2. [薯券R]早上9点和下午1:30，2个小时，成人500🐷，儿童300🐷（4-11岁）. 🏁如果没赶上可以去别的班次，Agoda上很全可选择。

「3*混合贴」
标题：曼谷to甲米机场to皮皮岛
正文：甲米机场直接打车或shuttlebus到Klong Jilad Pier Krabi，shuttlebus90🐷见p4
2、买船票去皮皮岛，票价信息见P3，有两种船型，一个大而稳，一个小而快，这是大多数人选择的船司

「4」
标题：出一篇甲米到曼谷的大巴攻略
正文：出一篇甲米Klong Jilad空吉拉码头(图1)到曼谷考山路的大巴，我是前一天在12go(图2)上面买的大巴第二天到曼谷，票价人民币138.5我用的支付宝支付，买下午3点半出发，隔天早上6点到的那趟大巴。第二天早上10：30皮皮岛通赛湾码头坐轮渡12:40空吉拉码头下船，bolt上打了部摩的人民币30多块，行驶30分钟左右到奥南麦当劳(图3)，就在麦当劳左手边十几米有个巴士牌子上车，大概3点20分左右车子就到了，是一部面包车(图5)，看到面包车司机给他看你的订单，确认上车。他会去几个地点接人，接完人大概行驶3个小时左右到(图6-9)在这里要等1个小时大巴车才会来，这个地方其实是个小餐馆，有饭粉大概是80泰铢左右一份，如果你不想吃可以走路10分钟左右去附近的711，711门口也有几个小摊卖吃的。坐去曼谷的大巴车全是外国人，整部车上只有我跟另外一对情侣是中国人，大巴车上座椅可以放平，但是如果后面有人就不好放的太低，大巴途中会停服务区上洗手间什么的，大概行驶到早上5点半就到了考山路附近，我看了下地图走10分钟就有一个本地人逛的早市，还有僧侣在化缘(图12)然后在考山路附近找了家青旅，去到店里问他们能不能早上7点入住，12点退房，他们说要200泰铢，然后给了钱就去洗澡睡了几个小时我就退房了，总的来说，如果你没有提前订甲米飞曼谷的机票，追求性价比的交通方式的话，我觉得坐大巴是挺合适的，睡一觉就到了，也不奔波。#曼谷到甲米大巴车[话题]#

「5*混合贴」
标题：泰国甲米镇长尾船直达莱利海滩攻略
正文：【未在原帖标题或正文中定位到当前POI相关段落；该证据URL需复核】",小红书名称候选；名称证据不是游客热度，尚未核验Place ID、坐标、地址、营业状态或评分
罗勇府,交通服务,班佩码头(Ban Phe Pier),码头与渡轮,Ban Phe Pier,班佩,码头换乘/乘船出海,7,20260831小红书点点AI增量采集,"https://www.xiaohongshu.com/explore/6a954969000000001e015e0e?xsec_token_redacted=1&xsec_source=pc_dots
https://www.xiaohongshu.com/explore/6a670fe1000000000100f214?xsec_token_redacted=1&xsec_source=pc_dots
https://www.xiaohongshu.com/explore/6a376755000000001702fe04?xsec_token_redacted=1&xsec_source=pc_dots
https://www.xiaohongshu.com/explore/6874b165000000002400db8e?xsec_token_redacted=1&xsec_source=pc_dots
https://www.xiaohongshu.com/explore/6878ff9f000000001d00cb11?xsec_token_redacted=1&xsec_source=pc_dots","「1*混合贴」
标题：发现小红书上还没有人把沙美岛说明白
正文：从芭提雅出发，需要先坐车约1.5小时到罗勇府班佩码头，再坐船登岛。我们从中天海滩萨里塔酒店出发，包车到码头附近，车程大约1.5小时。登岛费200🐷，如果时间允许，建议至少安排两天一夜，不然来回路程会占掉不少时间。

岛上租摩托大约400🐷/天，押金2000🐷左右，不想押现金的话部分租车店会要求押护照。沙美岛环岛路线比格兰岛长，整体路况还可以，骑车慢慢逛比较舒服。不过岛上减速带很多，而且有些比较高，骑车一定注意。

岛上有几处沙滩，北面的沙滩游客相对少，沙滩和海水质量也不错。岛上可以买到浮潜用品，价格不算贵，也可以自己买点面包带到沙滩附近喂鱼。听说有人之前10月底去的时候，水面有一些漂浮的浑浊物，可能和当时的洋流有关，不过整体海水状态还是可以的，比较介意水质的话建议提前看当天海况。

吃饭主要集中在主街一带，我们一顿晚餐是4个菜＋啤酒＋服务费，一共510🐷。晚上可以去711附近的主街找吃的，沙滩边也有一些酒吧，部分晚上会有篝火表演。岛上的餐厅选择没有芭提雅那么多，如果白天准备在外面玩，可以提前在711买水和一些食物。

「2*混合贴」
标题：泰国罗勇觅食合集｜四家亲测宝藏餐厅✨
正文：📍罗勇Ban Phe班佩码头周边，往返沙美岛顺路美食合集，带娃友好整理好了！

「3*混合贴」
标题：曼谷直达沙美岛|4天3晚省钱攻略🏝️
正文：从曼谷出发，去Ekkamai东部汽车站(BTS Ekkamai站出来就是)，坐大巴 4 小时直达班佩码头Ban Phe Pier (Nuanthip Pier)，票价207泰铢，每天7点

🚦返程及周边班次参考，
-班佩码头回曼谷：10点、12点、14点、
16点
- 班佩码头→芭提雅：每天下午2点有直达
班车
- 班佩码头→象岛：每天上午 10 点半有直达班车

🛥️上岛方式：
普通大船：单程70泰铢，往返120泰铢，约
40分钟
快艇：单程200泰铢，往返300泰铢，约10
分钟
⚠️大船末班17:30！最晚得坐11点的大巴才
赶得上船，行程记得安排好~

🛖住宿建议：
建议住三晚，行程更慢悠悠不赶时间

📅四天三晚行程：
Day1|曼谷→坐车去沙美岛办入住
Day2|出海跳岛一日游
Day3|摩托车环岛一日游
Day4|中午退房→返程回曼谷

🏠亲测不踩雷住宿：
码头到酒店约800米，步行10分钟，打车100泰铢。

「4*混合贴」
标题：沙美岛班佩码头必吃美食🦐
正文：来班佩码头游玩，怎能错过这家人气爆棚的泰餐馆？
餐厅被葱郁绿植环绕，氛围清幽，门口可爱的人偶装饰，让人还未踏入，便心生欢喜。
招牌皮皮虾🦐冬阴功面，酸辣在舌尖肆意碰撞，皮皮虾、鱿鱼🦑等食材新鲜弹牙，每一口都是大海与香料交织的浓郁风味 。泰式炒粉色泽诱人，酱汁完美裹附粉条，加上鲜嫩的皮皮虾或是鲜美的蟹肉，口感丰富到极致。
在这里，伴着码头的悠闲氛围，享受地道泰餐，简直不要太惬意！

「5」
标题：我会反复去的一座岛🏝️
正文：去腻了普吉岛的朋友们可以盲冲沙美岛🏝️
这个岛去年来了一次，没有晴天，没有领略到他的美
这次运气比较好，第二天天气就特别好，景色也特别美！沙子特别软特别舒服，游客也不是很多～景美人少[色色R]

不过七八月是泰国的雨季，各个地方的天气预报多是有雷暴雨，不过不用太担心，泰国的雨来得快去得也快，海岛的雨更是快来快走。

攻略：沙美岛属于罗勇府
⛵️坐船需要到罗勇的班佩码头，最早9点，最晚一班是5点，推荐坐快艇，十五分钟左右就到了，一人300株，慢船是一人200株，上岛需要交环境保护费一人200株哦～
🥳可以在沙滩玩，摩托艇，香蕉船等项目，可以到酒店直接咨询想玩儿的项目，第二天退房了再问的话酒店就不会帮你订了；
还可以租摩托车环岛骑行，正常骑半个多小时就骑完了，慢的话一个小时也能骑完，如果要拍拍拍🤳，那我们租四个小时差不多，很便宜，我记得一辆车不到一百块钱。
🦞：有一家刚上岛直走不远，右边有一家海鲜，已经成了一家网红店了，前年我去的时候还一点儿不网红，味道确实也不错，一般来说会在岛上住一晚，晚上去吃，海边的餐厅也是不错的，找找人多的餐厅一般不会出错的～

⚠️注意第二天游玩结束离岛末班船的时间哦，买票的时候他会告诉你提前一个小时联系他们船只，避免没赶上船。大概4:30之前就要在码头咯[自拍R]
（码头留下你的联系方式还有一个目的是提供用车，如果你不在罗勇游玩，大部分游客是要回芭提雅的，这个时候你可以选择打车，我们试了grab 和bolt回芭提雅大概都要八九百株，因为我们四个人四个行李需要打商务车，但是码头安排的大商务车只要700！所以我们直接用了他们的车，所以可以多方对比一下价格[偷笑R]
#海岛游[话题]# #治愈系海岛生活[话题]# #惬意海岛生活[话题]# #泰兰德女孩[话题]# #人生建议去海岛[话题]# #那是我一直想去的海边[话题]# #小众度假好去处[话题]# #我的宝藏小众岛屿[话题]# #沙美岛[话题]# #泰国旅行[话题]#",小红书名称候选；名称证据不是游客热度，尚未核验Place ID、坐标、地址、营业状态或评分
罗勇府,交通服务,罗勇老汽车站,汽车站,Rayong Old Bus Terminal,紧邻星光夜市,本地交通,1,20260901二三线目的地缺口续采,https://www.xiaohongshu.com/explore/6a6de6a50000000025016000?xsec_token_redacted=1&xsec_source=pc_dots,"「1*混合贴」
标题：罗勇｜班佩码头双条车完整版攻略✨（本地人平
正文：2. 罗勇老汽车站（紧邻星光夜市）
站内超多线路双条车，去往班佩码头认准藏蓝色车身
🛣️详细行驶路线
从老汽车站出发→沿3号公路（AH123）向东行驶→转入3140公路向南直行→到头后向东直达班佩码头终点站
整条线路沿主干道行驶，沿途都可以招手拦车
✅乘车操作步骤",名称在本题引用小红书正文中直接命中；该计数用于名称证据审核，不代表全网提及量或游客热度
罗勇府,交通服务,沙美岛码头,码头与渡轮,Samet Pier,沙美岛,码头换乘/乘船出海,0,20260831小红书点点AI增量采集,,,小红书名称候选；名称证据不是游客热度，尚未核验Place ID、坐标、地址、营业状态或评分
罗勇府,交通服务,Ao Prao Pier,私人码头,Ao Prao Pier,萨凯酒店专属,到达/换乘/交通出行,2,20260901二三线目的地缺口续采,"https://www.xiaohongshu.com/explore/693f4250000000001e034566?xsec_token_redacted=1&xsec_source=pc_dots
https://www.xiaohongshu.com/explore/65cf93e4000000002d001ba8?xsec_token_redacted=1&xsec_source=pc_dots","「1*混合贴」
标题：沙美岛-萨凯酒店sai kaew beach resort
正文：从ao prao pier到沙美岛大概20分钟船程，到达的沙美岛码头不是公共码头，没有那个雕塑。下船有工作人员帮忙拿行李到双条车上，入住酒店人员统一坐双条车免费送往酒店前台。在前台入住时购买上岛费，成人200株/人，小孩100株/人。
预订酒店时我们只填写了两个大人信息，办理入住时给了三个护照，4岁多小朋友入住和早餐没有额外让加钱。
正对前台的左手边是早餐餐厅。右手边向前走是午餐和晚餐餐厅，经过餐厅就是公共沙滩。公共沙滩白天有酒店的免费躺椅，会有其他非酒店的工作人员问你要不要按摩、编脏辫、一次性纹身这些。我体验了头颈按摩1小时350株(还有泰式按摩、精油按摩400株，因为要把衣服脱掉，公共区域没好意思赤裸没选择），面朝大海，按的很舒服让人都有睡意，简直超值。看到买椰子的路过，要价60株一个，100株买了2个。物价供参考。
酒店离主街200米左右，主街修了几年的路还在修，有两家对着的711购物很方便，主街吃饭也方便。

「2*混合贴」
标题：🇹🇭 试试把沙美岛AoPrao海滩说明白
正文：L和A使用，在Rayong的AoPrao Pier有专属码头，快艇15分钟到达；K应该要公共码头再Taxi接驳

🍴餐厅",名称在本题引用小红书正文中直接命中；该计数用于名称证据审核，不代表全网提及量或游客热度
曼谷,交通服务,华南蓬火车站,火车站,Hua Lamphong Railway Station,主站厅,城际交通/到达离开,1,本轮定向补采新增,"https://www.xiaohongshu.com/explore/6a70012a00000000220174f2?xsec_token_redacted=1&xsec_source=pc_dots
https://www.xiaohongshu.com/explore/67c420ff000000000302aa1e?xsec_token_redacted=1&xsec_source=pc_dots
https://www.xiaohongshu.com/explore/6a3277c6000000002101bd81?xsec_token_redacted=1&xsec_source=pc_dots
https://www.xiaohongshu.com/explore/67d6f3c0000000001203ece7?xsec_token_redacted=1&xsec_source=pc_dots
https://www.xiaohongshu.com/explore/6757a5060000000006039533?xsec_token_redacted=1&xsec_source=pc_dots","「1*混合贴」
标题：2泰铢从曼谷中央火车站（Krung Thep Aphiwat）到市区的华南蓬火车
正文：2泰铢从曼谷中央火车站（Krung Thep Aphiwat）到市区的华南蓬火车站（hua lamphong），附回程列车时刻表。

路线：

「2」
标题：🇹🇭坐火车、泰国蕞实惠的长途交通方式
正文：曼谷火车站（Satani Krungthep）又称华南蓬火车站（Hua Lampong），在过去百余年间承担着首都曼谷铁路运输的重任。尽管新的曼谷中央车站（Satani Krungthep Apiwat）承接了华南蓬站大多数长途路线，目前这里只剩数条周边短途线路可搭乘。但由于其地处曼谷老城区中心，通过地铁连接着唐人街、卧佛寺、是隆商圈等重要景点，加之普速列车票价比巴士还低，这里仍不失为背包客参观打卡（1小时足够）或前往周边外府的重要目的地。如华富里（Lop Buri站）、华欣（Suan Soan Pradipat站）、Chuck Samet站（春武里府、芭提雅以南）、
甲民武里（Kabin Buri站）、那空沙旺（Nakhon Swan站）等。
泰国铁道局官网可查看华南蓬站、曼谷中央车站列车时刻表。ttsview.railway.co.th/ 🐰2
泰国铁道局售票官网可在线购买火车票（华南蓬出发票官网售票系统查不到，建议查好车次后现场购买。www.dticket.railway.co.th/（也许是我没找到？欢迎指正）🐰3
注册流程：详见🐰4-5。收到验证邮件后点蓝色图标修改好密码即可在官网登陆。
车次选择：以曼谷中央站到著名的大城（阿瑜陀耶古城）为例，票价感人、比大巴更便宜，适合悠闲的绿皮火车之旅。🐰6

🚇交通方式：地铁蓝线Hua lampong下车到华南蓬站。地铁蓝线在Bang Sue下车到曼谷中央车站
华南蓬特色：免门票进入、新文艺复兴建筑、欧陆风格车站（国内少见）、火车车陈列展览🚂（介绍详见主页华南蓬站专篇）
华南蓬周边设施：711、咖啡店、熟食店、正门喷泉岛（拍照机位）、马路对面餐馆、马路对面青旅🏨
注意事项：华南蓬站外晚上可能有流浪汉
#泰国[话题]# #曼谷[话题]# #出行攻略[话题]# #怀旧[话题]# #火车[话题]# #穷游[话题]# #自由行[话题]# #坐火车去旅行[话题]#

「3」
标题：🇹🇭2泰铢从曼谷市区去坐红丝绒火车
正文：📍华南蓬火车站
应该是曼谷的老火车站，离唐人街蛮近的
无疑中来到这个老火车站发现很有东南亚风情
-可以直接购买2泰铢一个人（约4毛钱）的火车票到达新中央火车站，时间只要20分钟，坐地铁的话要40多分钟。
-我们买的是16:30的班次，实际晚点20分钟五点发车，5:20左右到达。乘坐的是那种老式绿皮火车，没有空调，开着窗和电扇也不会觉得热，很适合正好要去新火车站坐红丝绒列车的朋友，还可以体验一下东南亚老式火车

#曼谷[话题]# #泰国[话题]# #红丝绒火车[话题]# #泰国旅行[话题]#

「4*混合贴」
标题：🇹🇭1块钱从唐人街到曼谷廊曼机场！先收藏好
正文：[背包R]起点：华南蓬火车站（Hua Lamphong Railway Station）
🚗位置：曼谷唐人街附近，MRT蓝色线 Hua Lamphong 站（1号出口）出来就是火车站。
[营地车R]取票方式：直接在售票窗口买票，说去“廊曼机场”（Don Mueang），只要5泰铢！

「5」
标题：曼谷华南蓬火车站乘车指南
正文：关注小编，你的关注是我创作的动力。
曼谷华南蓬火车站是泰国国家铁路的重要枢纽，建于1916年，完美融合意大利新文艺复兴风格。作为曼谷的一处历史地标，它不仅与地铁无缝连接，还靠近唐人街等热门景点。计划前往大城府的朋友，在此乘车。现在就带大家感受这座百年车站的魅力吧！
一、到达华南蓬火车站的步骤：
1、乘坐地铁，到自助设备购票，仅支持硬币或纸币，如果选用移动支付的需要到人工售票处购票。
2、查找地铁蓝线（MRT）方向，前往“华南蓬站（Hua Lamphong Station）”。
3、抵达后，从地铁站的2号出口出站，按照指示牌即可看到火车站。
二、车站指引
4、出站后右侧就是火车站大门。车站无安检设施，进出自由，非常方便。
5、大厅分布
大厅左侧是售票窗口，前往大城府或其他目的地可在此购买车票。
大厅右侧为宽敞的候车区，适合等待时稍作休息。
6、穿过大厅左侧的小门，进入火车站的月台区域。这里以独特的半圆形拱顶和昏黄的灯光为特色，让人仿佛穿越回到过去，浓厚的历史氛围扑面而来。
三、贴士：参观或乘车
3.1 寻找车次
3.2 根据车站内的电子屏幕查看列车时刻表，找到对应的车次和月台。如果你只是想参观，也可以自由进入拍照.
3.3 前往大城府
3.4 火车票仅需15泰铢，性价比极高，堪比重返90年代的时光旅行。
3.5 火车旅途中可以悠闲地欣赏沿途风光，感受慢节奏的惬意时光。
3.6 火车站特别推荐打卡小伙伴或40岁以上的人乘车，父母肯定会很喜欢这种乘车体验。

小结
在生活的忙碌和快节奏中，不妨停下脚步，感受这座百年火车站的独特魅力。乘着怀旧列车，开启一段别样的旅程！
既然人生那么卷，不如放下手机任心远。关注小编，在泰国不迷路。",小红书名称候选；名称证据不是游客热度，尚未核验Place ID、坐标、地址、营业状态或评分
曼谷,交通服务,廊曼机场,机场,Don Mueang Airport (DMK),T1/T2航站楼；T1 航站楼 2 号门旁服务柜台,航班到达/离开,8,本轮定向补采新增,"https://www.xiaohongshu.com/explore/6a776f350000000006005e16?xsec_token_redacted=1&xsec_source=pc_dots
https://www.xiaohongshu.com/explore/6a81613e00000000330087ca?xsec_token_redacted=1&xsec_source=pc_dots
https://www.xiaohongshu.com/explore/6a6c4cf6000000002500dbc2?xsec_token_redacted=1&xsec_source=pc_dots
https://www.xiaohongshu.com/explore/6a510504000000002200b54b?xsec_token_redacted=1&xsec_source=pc_dots
https://www.xiaohongshu.com/explore/69f8719b000000002301d704?xsec_token_redacted=1&xsec_source=pc_dots","「1*混合贴」
标题：全新曼谷素万那普机场各种公共交通乘坐指引
正文：🏾2层：到达层，Bolt网约车，到廊曼机场接驳车
🟦3层：餐饮购物
🟪4层：出发大厅
🚝机场快轨：B层（ 图3）
提取行李出来后，跟随“Airport Rail Link机场快轨标志，乘电梯到B层

「2*混合贴」
标题：廊曼到素万那普，曼谷转机最划算方案
正文：1️⃣廊曼机场6号门(门里面，不出去，就在门旁边)AOT免费摆渡车到素万那普
2️⃣素万那普直接机场轻轨(45🐷)去市区，住市区里，逛买逛买

「3*混合贴」
标题：3小时从曼谷素万那普机场到廊曼国际机场
正文：因为到曼谷的机票便宜一些，转机又嫌时间太久，所以思索再三，决定先买到曼谷的，再从曼谷飞清迈，结果！临出发两天才发现落地的是曼谷素万那普机场（BKK），而飞清迈的是廊曼机场（DMK）！！！两个机场之间要开40分钟！而只留了3小时。天塌了，由于退改价格和现场买价格差不多了，就想着赌一把吧
[背包R]为了省时间，我没有托运行李‼️，能省15-20分钟吧。入境的时候人还是挺多的，注意⚠️要找工作人员说明情况，我问有没有更快的通道，要赶飞机，大胆问，工作人员都很好，他们很惊讶我为什么还要去廊曼坐飞机，然后让我去人很少的通道，立省30分钟！
[薯券R]入境很丝滑，核对护照和按手指就行（2分钟），我准备的各种打印单都没用上，不过一定要提前填写电子入境卡❗️
[飞机R]然后是打车去廊曼机场，打车是最省时间的，我是grab上打的车，170rmb（有点贵），然后提前给司机留言，要赶飞机，尽可能快一点。司机真的一路超车[笑哭R]
[点赞R]最终11:45落地曼谷素万那普，我们12:20上的出租车，下午1:00就到了廊曼，廊曼不大，下午1:30就全部安检完成，坐下吃午饭了，下午2:00从容检票上飞机

「4*混合贴」
标题：泰国旅游-曼谷机场交通指南（免费巴士🚌）
正文：[偷笑R]如果你正好有素万那普-廊曼机场的转机需求，可以在素万那普3号出口（廊曼6号出口）外面坐免费🆓接驳巴士（需要出示下一趟机票和护照给巴士柜台员工登记）——图6是列车时刻表
*昨晚11点多坐shuttle bus，大概40分钟到达廊曼机场。

顺便分享刷到的机场到市区的大巴时间表供大家参考～

「5*混合贴」
标题：7r🇹🇭曼谷2个机场到市区的公共交通指南🚗
正文：廊曼+素万那普",小红书名称候选；名称证据不是游客热度，尚未核验Place ID、坐标、地址、营业状态或评分
曼谷,交通服务,廊曼机场站,机场,Don Mueang Railway Station,,航班到达/离开,0,本轮定向补采新增,"https://www.xiaohongshu.com/explore/67d6f3c0000000001203ece7?xsec_token_redacted=1&xsec_source=pc_dots
https://www.xiaohongshu.com/explore/68c7e828000000001d035c04?xsec_token_redacted=1&xsec_source=pc_dots","「1*混合贴」
标题：🇹🇭1块钱从唐人街到曼谷廊曼机场！先收藏好
正文：[渔夫帽R]终点：廊曼机场站（Don Mueang Railway Station）
[露营灯R]到站后：下车走天桥，就能直接进入机场航站楼，非常方便！
【为什么选这趟火车？】
✅ 只要5泰铢，省钱和美景！
✅ 48分钟穿越曼谷街区，超有旅行感，沿途能看到老城区、市井巷弄、当地人日常生活，比坐地铁更有味道！
✅ 避开曼谷堵车囧况，虽然比打车慢一点，但遇上高峰期反而更稳妥！
【乘车注意事项】

「2」
标题：1块钱从曼谷市中心到廊曼机场✈️
正文：#曼谷机场[话题]# #狂奔赶火车[话题]# #曼谷机场快线[话题]# #挑战自己一个人出行[话题]# #泰兰德女孩[话题]# #机场[话题]# #曼谷旅行[话题]#
有木有坐过1块钱的火车？还能看路上风景哦🥰
到站工作人员还会提前告知！请赶飞机的小伙伴们一定要留出足够的时间赶路☺️
【路线攻略】
[背包R]起点：华南蓬火车站（Hua Lamphong Railway Station）
🚗位置：曼谷唐人街附近，MRT蓝色线 Hua Lamphong 站（1号出口）出来就是火车站。
[营地车R]取票方式：直接在售票窗口买票，说去“廊曼机场”（Don Mueang），只要5泰铢！
[渔夫帽R]终点：廊曼机场站（Don Mueang Railway Station）
[露营灯R]到站后：下车走天桥，就能直接进入机场航站楼，非常方便！",小红书名称候选；名称证据不是游客热度，尚未核验Place ID、坐标、地址、营业状态或评分
曼谷,交通服务,曼谷南部汽车站,汽车与巴士站,Sai Tai Mai,邦坤天区,城际交通/到达离开,2,20260831小红书点点AI增量采集,"https://www.xiaohongshu.com/explore/69e26ba0000000001f002c6a?xsec_token_redacted=1&xsec_source=pc_dots
https://www.xiaohongshu.com/explore/699ac042000000001a01e3a6?xsec_token_redacted=1&xsec_source=pc_dots","「1*混合贴」
标题：泰国春蓬府 两个回曼谷的大巴枢纽站
正文：曼谷南部长途汽车站（新南站  Sai Tai Mai，曼谷南部终点站）

「2*混合贴」
标题：曼谷→佛统｜南部汽车站Sai Tai Mai
正文：胜利纪念碑坐ต.127到南部汽车站（Sai Tai Mai）

谁懂啊！在泰国不会泰语坐长途车，最怕找错站、坐反方向😭",小红书名称候选；名称证据不是游客热度，尚未核验Place ID、坐标、地址、营业状态或评分
曼谷,交通服务,曼谷中央火车站,火车站,Krung Thep Aphiwat Central Station,主站厅,城际交通/到达离开,0,本轮定向补采新增,"https://www.xiaohongshu.com/explore/6a70012a00000000220174f2?xsec_token_redacted=1&xsec_source=pc_dots
https://www.xiaohongshu.com/explore/69a470d3000000002603f701?xsec_token_redacted=1&xsec_source=pc_dots
https://www.xiaohongshu.com/explore/69ac5857000000001600b7f0?xsec_token_redacted=1&xsec_source=pc_dots","「1*混合贴」
标题：2泰铢从曼谷中央火车站（Krung Thep Aphiwat）到市区的华南蓬火车
正文：2泰铢从曼谷中央火车站（Krung Thep Aphiwat）到市区的华南蓬火车站（hua lamphong），附回程列车时刻表。

路线：

「2*混合贴」
标题：曼谷中央火车站坐老火车到华南蓬
正文：如图   从Krung Thep Aphiwat站 到 Bang sue老火车站只要穿越火车站门口的铁轨就可以

「3*混合贴」
标题：第一次来曼谷教你坐地铁买票换乘保姆级攻略
正文：[向右R]地铁蓝线Bang Sue站 3A出口出站可以换乘廊曼机场线（红线）曼谷中央火车站去大城府，清迈（图15）",小红书名称候选；名称证据不是游客热度，尚未核验Place ID、坐标、地址、营业状态或评分
曼谷,交通服务,湄南河夜游,交通节点与游船服务,chao phraya river cruise,Phra Ahthit Pier等码头,到达/换乘/码头/出海,0,既有全量候选,"https://www.xiaohongshu.com/explore/6a850b53000000002402fcaa?xsec_token_redacted=1&xsec_source=pc_dots
https://www.xiaohongshu.com/explore/6a84ae37000000002403d581?xsec_token_redacted=1&xsec_source=pc_dots
https://www.xiaohongshu.com/explore/6a460d6d00000000220146f7?xsec_token_redacted=1&xsec_source=pc_dots","「1」
标题：泰国8天7晚｜曼谷✨普吉🌊清迈🌿三城
正文：✨曼谷→普吉→清迈✨
全程亲测｜吃喝全覆盖｜松弛不特种兵

🌿行程总览
8天7晚｜一站式玩转泰国
主打：都市打卡+海岛度假+古城慢游

🌊Day1 曼谷｜落地休整
抵达曼谷廊曼机场
入住Asoke商圈酒店
简单休整，倒时差适应氛围

🌴Day2 曼谷｜经典citywalk
✅吃
▫️Som Som海鲜｜本地热门 食材新鲜性价比高
▫️朱拉50巷泰餐｜小众地道 平价正宗泰式风味
✅玩
▫️大皇宫｜泰国地标，金碧辉煌超震撼
▫️邦鲁安水上市场｜体验泰式水上市井烟火
▫️造船厂网红咖啡｜小众出片，氛围感拉满
▫️湄南河夜游｜乘船赏两岸夜景，晚风超治愈
✅住
▫️曼谷市区酒店｜出行便利，近商圈夜市

🌊Day3 曼谷→普吉｜海岛初体验
✅玩
▫️曼谷市区轻松逛吃，午后飞往普吉
▫️卡塔海滩漫步｜人少沙细，小众治愈
▫️卡塔步行街逛吃｜解锁海岛夜市烟火
✅住
▫️普吉卡塔海滩周边民宿

🌴Day4 普吉｜自由松弛度假
✅玩（二选一）
▫️选项1：蓝钻珊瑚岛出海｜浮潜玩水，解锁玻璃海
▫️选项2：普吉镇citywalk
▫️卡伦海滩看日落｜绝美橘色落日氛围感
▫️晚间夜市逛吃+泰式SPA放松
✅住
▫️普吉海边度假酒店

🌊Day5 普吉→清迈｜切换古城温柔
✅玩
▫️上午打卡A Blanket & A Pillow悬崖咖啡
▫️午后飞往清迈，告别海岛
▫️清迈周日夜市｜超大市集，小吃饰品一站式打卡
✅吃
▫️夜市打抛饭、泰式奶茶、火山排骨必炫
✅住
▫️清迈古城周边精品民宿

🌴Day6 清迈｜自然治愈一日
✅玩
▫️清迈大象营｜近距离温柔互动大象
▫️粘粘瀑布｜小众清流景点，玩水超舒服
▫️瓦洛洛市场｜平价囤伴手礼、水果零食
▫️宁曼路闲逛｜文艺街道，咖啡店扎堆
✅住
▫️清迈古城民宿

🌊Day7 清迈→曼谷｜古城漫游+逛买
✅玩
▫️清迈古城深度游：塔佩门、盼道寺、契迪龙寺
▫️傍晚飞返曼谷
▫️暹罗天地ICONSIAM｜曼谷顶流商圈买买买
✅住
▫️曼谷机场附近酒店

🌴Day8 曼谷｜返程收尾
轻松休整，整理行李乘机返程

#泰国旅游[话题]# #泰国8天7晚[话题]##清迈[话题]#  #泰国自由行[话题]# #国庆旅游[话题]# #普吉岛度假[话题]# #曼谷旅行攻略[话题]#

「2*混合贴」
标题：别只知道暹罗天地❗摩天轮夜市坐船逛湄南河
正文：来曼谷想玩湄南河夜游，这条攻略可以码住！

「3*混合贴」
标题：泰国🇹🇭旅游攻略
正文：D1曼谷：大皇宫-玉佛寺-郑王庙-湄南河夜游；D2美功铁道市场-安帕瓦水上市场-购物；D3飞清迈-古城寺庙-周日夜市；D4素贴山-宁曼路-夜间动物园；D5飞普吉-海滩日落-芭东夜生活；D6皮皮岛跳岛一日游。
文化禁忌
进寺庙不穿无袖上衣、短裤、短裙；不用脚指人或物，不摸他人头；不议论王室。泰国右舵左行，过马路注意安全。另外大麻在泰国虽合法化但争议极大，强烈不建议游客尝试，部分场所仍属灰色地带，安全风险高。
预算参考（单人/天）
机票往返1500-4000元；住宿青旅50-200元、舒适酒店200-600元；街头小吃10-30元/餐、餐厅50-150元/餐；BTS单次5-20元；大皇宫门票约100元，其他寺庙10-30元。
泰国新手友好，提前办好入境卡，定好机酒就能出发啦～祝你旅途愉快！#泰国旅游攻略[话题]# #旅游不踩坑[话题]# #去一次还想再去的地方[话题]#",小红书名称候选；名称证据不是游客热度，尚未核验Place ID、坐标、地址、营业状态或评分
曼谷,交通服务,莫奇2汽车站,汽车与巴士站,Mo Chit 2 Bus Terminal,主站厅,城际交通/到达离开,0,本轮定向补采新增,"https://www.xiaohongshu.com/explore/67b2e693000000002503f4b4?xsec_token_redacted=1&xsec_source=pc_dots
https://www.xiaohongshu.com/explore/67d092d6000000001203fb0c?xsec_token_redacted=1&xsec_source=pc_dots","「1*混合贴」
标题：泰国🇹🇭曼谷莫奇汽车站坐大巴车到呵叻府！
正文：曼谷莫奇汽车站地址：Chatuchak Coach Station (Mo Chit
2)
呵叻府汽车站地址：Bus Station 2 (NEW)

「2*混合贴」
标题：🚌曼谷Mochit 2→芭提雅丨2025.3大巴攻略
正文：- 全名：Mo Chit 2 Bus Terminal
- 如何到达：",小红书名称候选；名称证据不是游客热度，尚未核验Place ID、坐标、地址、营业状态或评分
曼谷,交通服务,汽车站(艾卡麦车站),汽车与巴士站,Ekkamai,Ekkamai区；瓦塔纳区,城际交通/到达离开,9,20260831小红书点点AI增量采集,"https://www.xiaohongshu.com/explore/6a81763a0000000011021f2a?xsec_token_redacted=1&xsec_source=pc_dots
https://www.xiaohongshu.com/explore/68da3eec0000000013018031?xsec_token_redacted=1&xsec_source=pc_dots
https://www.xiaohongshu.com/explore/6a7b6518000000002402c75c?xsec_token_redacted=1&xsec_source=pc_dots
https://www.xiaohongshu.com/explore/692a6edf000000001b0224a9?xsec_token_redacted=1&xsec_source=pc_dots
https://www.xiaohongshu.com/explore/69e26ba0000000001f002c6a?xsec_token_redacted=1&xsec_source=pc_dots","「1*混合贴」
标题：📍泰國曼谷｜三間按摩Spa評比
正文：💁🏻♀️PRANA Massage & SPA - Ekkamai
热石精油按摩90 分钟+30分钟椰子油头部按摩
❤️❤️❤️❤️
手法很好多数用手心推油 热石温度刚好更能提升舒缓效果 椰子头按摩跟我想像中不同 他家更像在理发店涂精油 个人觉得略为普通

泰式深层组织按摩
❤️❤️❤️❤️❤️
用手踭按摩深层肌肉 力度适中 手法精准 不会感到疼痛 按摩过程中包含拉伸动作 整体感觉良好

缺点: 就是按摩师在按摩的过程会有聊天 另外就是这个分店是在一条小巷的尽头进入那条小巷有几栋废弃大厦晚上有点恐怖😖

「2*混合贴」
标题：廊曼机场到曼谷市区机场大巴乘坐攻略超详细
正文：🔴A1线：Mo Chit汽车站

「3*混合贴」
标题：普吉机场大巴🚍最新攻略26年8月
正文：路线：机场-奈扬-塔廊-尚泰-普吉老镇-1号长途汽车站（P5）
票价：奈扬40铢，塔廊50铢，英雄纪念碑70铢，之后的站点都是100铢（P5）
车型：橙色大巴车（P6）
发车时间：06:30-22:30，基本间隔一个小时及以上（P2-Route P2）

[打卡R]3号线：
路线：莲花超市-卡图-芭东-卡伦-卡塔（P2-Route P3）
票价：卡图及之前100铢，芭东及之后120铢
车型：中巴车（P8）
发车时间：08:30及08:45以后的每个时刻的15分和45分，最晚22:15（P2-Route P3）

[打卡R]4号线：

「4*混合贴」
标题：终于被我说清了！普吉机场去皮皮岛通塞码头
正文：直接到普吉汽车总站1，然后从汽车站打车就是图中红色那辆15-20泰铢一个人，15分钟就可以到普吉Rassada pier，✈️从普吉机场出发总时长1个小时30分钟，总花费120泰铢一个人！！性价比还是相当可以👍

✅可以现场买船票去皮皮岛，快艇时间比较多，用时一个小时，ferry便宜固定班次2个小时左右！
✅机场大巴时刻表在后面

「5*混合贴」
标题：泰国春蓬府 两个回曼谷的大巴枢纽站
正文：曼谷南部长途汽车站（新南站  Sai Tai Mai，曼谷南部终点站）",小红书名称候选；名称证据不是游客热度，尚未核验Place ID、坐标、地址、营业状态或评分
曼谷,交通服务,汽车站(莫奇车站),汽车与巴士站,Mo Chit 2,乍都乍区,城际交通/到达离开,8,20260831小红书点点AI增量采集,"https://www.xiaohongshu.com/explore/68da3eec0000000013018031?xsec_token_redacted=1&xsec_source=pc_dots
https://www.xiaohongshu.com/explore/6a7b6518000000002402c75c?xsec_token_redacted=1&xsec_source=pc_dots
https://www.xiaohongshu.com/explore/692a6edf000000001b0224a9?xsec_token_redacted=1&xsec_source=pc_dots
https://www.xiaohongshu.com/explore/69e26ba0000000001f002c6a?xsec_token_redacted=1&xsec_source=pc_dots
https://www.xiaohongshu.com/explore/699ac042000000001a01e3a6?xsec_token_redacted=1&xsec_source=pc_dots","「1*混合贴」
标题：廊曼机场到曼谷市区机场大巴乘坐攻略超详细
正文：🔴A1线：Mo Chit汽车站
途经BTS天铁Mo Chit莫奇站，同时也是MRT地铁Chatuchark Park乍都乍公园站），在此换乘地铁或地铁，到达市区很方便。
票价：30铢，运营时间：5:45-24:00，15-20分钟一班车

「2*混合贴」
标题：普吉机场大巴🚍最新攻略26年8月
正文：路线：机场-奈扬-塔廊-尚泰-普吉老镇-1号长途汽车站（P5）
票价：奈扬40铢，塔廊50铢，英雄纪念碑70铢，之后的站点都是100铢（P5）
车型：橙色大巴车（P6）
发车时间：06:30-22:30，基本间隔一个小时及以上（P2-Route P2）

[打卡R]3号线：
路线：莲花超市-卡图-芭东-卡伦-卡塔（P2-Route P3）
票价：卡图及之前100铢，芭东及之后120铢
车型：中巴车（P8）
发车时间：08:30及08:45以后的每个时刻的15分和45分，最晚22:15（P2-Route P3）

[打卡R]4号线：

「3*混合贴」
标题：终于被我说清了！普吉机场去皮皮岛通塞码头
正文：直接到普吉汽车总站1，然后从汽车站打车就是图中红色那辆15-20泰铢一个人，15分钟就可以到普吉Rassada pier，✈️从普吉机场出发总时长1个小时30分钟，总花费120泰铢一个人！！性价比还是相当可以👍

✅可以现场买船票去皮皮岛，快艇时间比较多，用时一个小时，ferry便宜固定班次2个小时左右！
✅机场大巴时刻表在后面

「4*混合贴」
标题：泰国春蓬府 两个回曼谷的大巴枢纽站
正文：曼谷南部长途汽车站（新南站  Sai Tai Mai，曼谷南部终点站）

「5*混合贴」
标题：曼谷→佛统｜南部汽车站Sai Tai Mai
正文：胜利纪念碑坐ต.127到南部汽车站（Sai Tai Mai）

谁懂啊！在泰国不会泰语坐长途车，最怕找错站、坐反方向😭",小红书名称候选；名称证据不是游客热度，尚未核验Place ID、坐标、地址、营业状态或评分
曼谷,交通服务,沙吞中央码头,码头与渡轮,Sathorn Pier (Central Pier),,码头换乘/乘船出海,0,本轮定向补采新增,https://www.xiaohongshu.com/explore/6a2ba8510000000008031179?xsec_token_redacted=1&xsec_source=pc_dots,"「1」
标题：泰国 | 体验曼谷湄南河上的水上公交
正文：为了前往大皇宫，我体验了一把曼谷湄南河上的水上公交。
搭乘 BTS绿线，从冲暖诗站（Chong Nonsi S3）出发，两站就到了郑皇桥站 Saphan Taksin（S6），2号口出站走2分钟就到沙吞中央码头 Central Pier。
湄南河水上交通主要分四类：公交快船、跨河摆渡船、长尾出租船、观光夜游游轮。
沙吞中央码头是整条河道的交通枢纽。码头以这里为分界：往北码头编号 N1-N33，往南为 S1-S4。
我坐的是当地人日常通勤的昭披耶公交快船 Chao Phraya Express Boat，船尾挂橙旗，单程票价 30 泰铢 / 人，沿途停靠不同的景点码头，性价比挺高。
坐到N9 Tha Chang 他昌码头下船，上岸步行几分钟就到了大皇宫。

20260605摄于泰国/曼谷
#曼谷旅行[话题]# #湄南河游船[话题]# #曼谷大皇宫攻略[话题]# #泰国自由行[话题]# #曼谷交通攻略[话题]# #昭披耶河公交船[话题]#",小红书名称候选；名称证据不是游客热度，尚未核验Place ID、坐标、地址、营业状态或评分
曼谷,交通服务,胜利纪念碑,交通节点与游船服务,Victory Monument,拉差贴威区,到达/换乘/码头/出海,5,20260831小红书点点AI增量采集,"https://www.xiaohongshu.com/explore/6a5f46c6000000000402883a?xsec_token_redacted=1&xsec_source=pc_dots
https://www.xiaohongshu.com/explore/68da3eec0000000013018031?xsec_token_redacted=1&xsec_source=pc_dots
https://www.xiaohongshu.com/explore/6983923500000000210309e5?xsec_token_redacted=1&xsec_source=pc_dots
https://www.xiaohongshu.com/explore/699ac042000000001a01e3a6?xsec_token_redacted=1&xsec_source=pc_dots
https://www.xiaohongshu.com/explore/668ca0cb0000000025003ffe?xsec_token_redacted=1&xsec_source=pc_dots","「1*混合贴」
标题：素万那普vs廊曼 一篇讲清楚
正文：· A2：到胜利纪念碑，50泰铢
· A3/A4：到水门/Central World/考山路，50泰铢
也可坐SRT暗红线到Bang Sue换乘MRT。

🚕 打车费用
廊曼打车更便宜。机场不收50泰铢服务费。到市区约200-500泰铢不等。
素万那普打车要加收50泰铢服务费和约75泰铢高速费。

不用现场排出租车，推荐直接用国内版滴滴🚗打车叫车，中文界面输地址、微信/支付宝付款，价格透明不用讨价还价，也不用担心司机绕路，还有在线客服，有问题不用写邮件上报更方便。

💡 总结建议
· 舒适体验/国际联程/买买买 → 选素万那普
· 预算有限/坐廉航/不想排长队 → 选廊曼
· 进廊曼，出素万那普可兼顾两者
· 住市区东部（素坤逸、沙吞） → 优先素万那普
· 住北部（恰图恰、胜利纪念碑） → 廊曼更方便

祝大家选对机场，丝滑落地🇹🇭

「2*混合贴」
标题：廊曼机场到曼谷市区机场大巴乘坐攻略超详细
正文：🟣 A2线—Victory Monument胜利纪念碑(现在不停mo chit天铁站)
票价：30铢，运营时间：6:00-23:00，20-30分钟一班车。
🟢A3线，Lumphini Park 伦披尼公园，可以到新开的central park购物中心
虽然经停天铁地铁站，但是白天堵车严重，还是建议A1换轨道交通。
票价：50铢，运营时间：6:20-23:00，每30-40分钟一班车。
🟡A4线：Khansan 考山路——SanamLuang皇家田广场，到大皇宫附近可以乘坐，
票价：50铢，运营时间：6:10-23:00，30-40分钟一班车。
🛑提示: 机场巴士车上没有行李放置处，需要自己提上车。
车上没有中文报站，售票员英语也比较差，自己需要打开手机地图确认，或向售票员询问是否下车。

「3*混合贴」
标题：曼谷主要景点公共线络路提示
正文：• 胜利纪念碑 (Victory Monument)
· 运营时间：04:30-23:30
· 特色：双层巴士可选

「4*混合贴」
标题：曼谷→佛统｜南部汽车站Sai Tai Mai
正文：胜利纪念碑坐ต.127到南部汽车站（Sai Tai Mai）

谁懂啊！在泰国不会泰语坐长途车，最怕找错站、坐反方向😭
今天整理了从曼谷胜利纪念碑，坐ต.127到Mahachai汽车总站，再转车去佛统的超丝滑路线，性价比拉满，还愿、逛吃都适用👇

「5」
标题：曼谷 胜利纪念碑 公交大中转站
正文：适合作为徒步大起点的地方。
车水马龙的胜利纪念碑广场
车水马龙以及无处不在的店铺给初到泰国的游客们看到了曼谷的另一番繁忙景象。作为泰国的交通枢纽，不仅是曼谷市内的公交、天铁必经之处，更是连接着周边各府的中转站。无论你是要去芭提雅度假还是要到佛统府去摘柚子都可以在这找到通向周边城市的面包车，每车限制15人乘坐，不到三四个小时你就可以舒适的抵达目的地。

胜利纪念碑是曼谷的地标性建筑，纪念碑以一把军剑作为造型，周围围绕了五个铜像，分别代表陆军、海军、空军、警察及文职人员。纪念碑是曼谷重要的交通枢纽中心，更是一个短途游的集散地，交通便利，很多公交、地铁、巴士都会在此经过停留。著名的King Power就在纪念碑附近，周围更是有不少的餐饮店，在此购物吃饭都很方便。到了晚上，这里会更加的热闹，夜市、路边摊很多，可以买到不少的小玩意，吃到很多好吃的小吃，是个适合晚上散步的好地方。周围酒店也挺多的，图方便的话可以选择这里。
谷歌地址 胜利纪念碑 อนุสาวรีย์ชัยสมรภูมิ victory monument

#泰国旅游[话题]# #旅居生活[话题]# #曼谷[话题]##雅加达[话题]# #Jakarta[话题]# #我的徒步日记[话题]#",小红书名称候选；名称证据不是游客热度，尚未核验Place ID、坐标、地址、营业状态或评分
曼谷,交通服务,素万那普机场,机场,Suvarnabhumi Airport (BKK),主航站楼；1 层 8 号门橙色售票柜台,航班到达/离开,13,本轮定向补采新增,"https://www.xiaohongshu.com/explore/6a776f350000000006005e16?xsec_token_redacted=1&xsec_source=pc_dots
https://www.xiaohongshu.com/explore/6a81613e00000000330087ca?xsec_token_redacted=1&xsec_source=pc_dots
https://www.xiaohongshu.com/explore/6a6c4cf6000000002500dbc2?xsec_token_redacted=1&xsec_source=pc_dots
https://www.xiaohongshu.com/explore/6a510504000000002200b54b?xsec_token_redacted=1&xsec_source=pc_dots
https://www.xiaohongshu.com/explore/69f8719b000000002301d704?xsec_token_redacted=1&xsec_source=pc_dots","「1*混合贴」
标题：全新曼谷素万那普机场各种公共交通乘坐指引
正文：机场7号门外，素万那普—考山路—皇家田广场（近大皇宫）早6点-晚8点，每60分钟一班，
票价：60铢，空调车

「2*混合贴」
标题：廊曼到素万那普，曼谷转机最划算方案
正文：1️⃣住素万那普机场，从廊曼免费摆渡车过去素万那普，17点花150🐷打车到酒店
2️⃣19点400🐷打车去暹罗天地，堵车20点才到，22点逛完街400🐷打车回酒店

「3*混合贴」
标题：3小时从曼谷素万那普机场到廊曼国际机场
正文：因为到曼谷的机票便宜一些，转机又嫌时间太久，所以思索再三，决定先买到曼谷的，再从曼谷飞清迈，结果！临出发两天才发现落地的是曼谷素万那普机场（BKK），而飞清迈的是廊曼机场（DMK）！！！两个机场之间要开40分钟！而只留了3小时。天塌了，由于退改价格和现场买价格差不多了，就想着赌一把吧
[背包R]为了省时间，我没有托运行李‼️，能省15-20分钟吧。入境的时候人还是挺多的，注意⚠️要找工作人员说明情况，我问有没有更快的通道，要赶飞机，大胆问，工作人员都很好，他们很惊讶我为什么还要去廊曼坐飞机，然后让我去人很少的通道，立省30分钟！
[薯券R]入境很丝滑，核对护照和按手指就行（2分钟），我准备的各种打印单都没用上，不过一定要提前填写电子入境卡❗️

「4*混合贴」
标题：泰国旅游-曼谷机场交通指南（免费巴士🚌）
正文：素万那普机场
[赞R]到达层拿到行李箱之后，1号口旁边klook柜台免费🆓领公交卡（7/11号凌晨开始活动已结束✔️大家不要跑空啦）

「5*混合贴」
标题：7r🇹🇭曼谷2个机场到市区的公共交通指南🚗
正文：廊曼+素万那普",小红书名称候选；名称证据不是游客热度，尚未核验Place ID、坐标、地址、营业状态或评分
曼谷,交通服务,乍都乍巴士站,汽车与巴士站,Chatuchak Coach Station,,城际交通/到达离开,0,本轮定向补采新增,"https://www.xiaohongshu.com/explore/67b2e693000000002503f4b4?xsec_token_redacted=1&xsec_source=pc_dots
https://www.xiaohongshu.com/explore/6655ea24000000000c01b110?xsec_token_redacted=1&xsec_source=pc_dots","「1*混合贴」
标题：泰国🇹🇭曼谷莫奇汽车站坐大巴车到呵叻府！
正文：曼谷莫奇汽车站地址：Chatuchak Coach Station (Mo Chit
2)
呵叻府汽车站地址：Bus Station 2 (NEW)

「2」
标题：曼谷北部汽车站mochit怎么去｜省钱攻略
正文：坐大巴车自由行泰国的小伙伴们，请收好这篇笔记🤍
·
BTS[爆炸R]搭配公交接驳车shuttle bus攻略见⬆️笔记图片
·
曼谷北部汽车客运站/莫奇车站
英文：Bangkok Bus Terminal (Chatuchak) 或Bangkok North/Mo Chit Bus terminal
是曼谷的北部巴士站，运行前往泰国北部（如清迈和素可泰）以及芭提雅等的多条路线。
该车站还有许多其他名称，北部巴士总站、莫奇2、新莫奇、乍都乍巴士站（因为位于乍都乍区，毗邻乍都乍市场）等等
·
前往Mochit巴士总站可选出租车、MRT/BTS、公交车
🚖出租车：最简单有效的方式，适合对路线等不熟悉/行李比较多的小伙伴。缺点是💰相对来说较高以及曼谷很容易堵车必须安排好时间早出发
·
🚇MRT/BTS地铁：最便捷的方式，适合行李不多/自由行能力稍强的伙伴们
缺点是Mochit巴士总站旁边都没有MRT或BTS轻轨站（最近的站点分别为：约2公里处有MRT甘烹碧站，约2.3公里处有Mo Chit BTS站）
出站后，可以乘坐公共巴士或出租车或摩的，如果没有太多行李，也可以步行
·
🚎公交车：最经济的方式，适合行李很少/自由行语言等完全没问题的伙伴们。缺点是线路繁多，站点不好找且容易坐反或坐过站
*[爆炸R]搭配BTS的攻略见⬆️笔记图片
市区出发：胜利纪念碑站：77、157、509、536 路。其他路线：3、5、9、16、77、96、104、122、136、138、145、170、509、517、536和547路
廊曼机场出发：A1机场快线，每20分钟一趟，车程约50分钟，约30🐷有经停站（参见笔记图10）
素万那普机场出发：不推荐。需要坐机场快线 (ARL) 到Phayathai Airportlink站，然后步行到Phaya Thai BTS站转乘轻轨到Mo Chit BTS站，再步行或转公交。总行程时间1.5小时+
·
参考路线图见笔记📒最后一张
·
关注小编，轻松解锁最地道的攻略[两颗心R]惊喜特惠[开箱R]
·
#泰国自由行[话题]# #曼谷大巴车[话题]#",小红书名称候选；名称证据不是游客热度，尚未核验Place ID、坐标、地址、营业状态或评分
曼谷,交通服务,站(玛卡珊站),机场,Makkasan,拉差贴威区,航班到达/离开,3,20260831小红书点点AI增量采集,"https://www.xiaohongshu.com/explore/6a776f350000000006005e16?xsec_token_redacted=1&xsec_source=pc_dots
https://www.xiaohongshu.com/explore/6a5f46c6000000000402883a?xsec_token_redacted=1&xsec_source=pc_dots
https://www.xiaohongshu.com/explore/6983923500000000210309e5?xsec_token_redacted=1&xsec_source=pc_dots","「1*混合贴」
标题：全新曼谷素万那普机场各种公共交通乘坐指引
正文：🔶换乘蓝色地铁：买票到Makkasan站，35铢/人

「2*混合贴」
标题：素万那普vs廊曼 一篇讲清楚
正文：45泰铢，到Makkasan（转MRT）22分钟

廊曼：没有地铁直达。T1六号门有机场巴士：
· A1：到BTS Mo Chit/MRT Chatuchak，30泰铢

「3*混合贴」
标题：曼谷主要景点公共线络路提示
正文：• 机场快线终点站 (Makkasan)
• 华南蓬火车站 (Hua Lamphong)
• 唐人街 (Chinatown)
· 运营时间：24小时服务
· 票价：全程35泰铢
路线556路 - 廊曼机场专线
· 起终点：廊曼机场 ↔ 考山路
· 途经：乍都乍周末市场 (Chatuchak)",小红书名称候选；名称证据不是游客热度，尚未核验Place ID、坐标、地址、营业状态或评分
曼谷,交通服务,站(帕亚泰站),机场,Phaya Thai,拉差贴威区,航班到达/离开,6,20260831小红书点点AI增量采集,"https://www.xiaohongshu.com/explore/6a776f350000000006005e16?xsec_token_redacted=1&xsec_source=pc_dots
https://www.xiaohongshu.com/explore/69e0d9ab00000000230257d6?xsec_token_redacted=1&xsec_source=pc_dots
https://www.xiaohongshu.com/explore/6940cd260000000019024c7b?xsec_token_redacted=1&xsec_source=pc_dots
https://www.xiaohongshu.com/explore/69f5685d000000003502ed7f?xsec_token_redacted=1&xsec_source=pc_dots
https://www.xiaohongshu.com/explore/6a5f46c6000000000402883a?xsec_token_redacted=1&xsec_source=pc_dots","「1*混合贴」
标题：全新曼谷素万那普机场各种公共交通乘坐指引
正文：🔷换乘绿色天铁：买票到Phaya Thai 站，45铢/人
买票进站方式：[一R]自助机器，接受100泰铢以下的纸币和硬币，[二R]人工窗口买票[三R]有闪付功能的信用卡，借记卡（需要确认开通国际闪付）

「2*混合贴」
标题：3分钟搞懂曼谷机场快线🚄｜附购票+换乘攻略
正文：我这次的酒店🏨在拉差里威站Ratchathewi，乘坐机场快线🚇到帕亚泰PHAYA THAI终点站，再换乘轻轨天铁skytrain绿线。
出了帕亚泰PHAYA THAI站后沿着BTS标志✅一直走，自助机器上购票（攻略见图1️⃣3️⃣—图1️⃣7️⃣，‼️支持VX和ZFB扫码）。
.

「3」
标题：✈️ 曼谷素万那普机场落地｜最省心进市区方式
正文：第一次来曼谷？不想打车被绕？这条一定要收藏👇

📍 机场快线 City Line（Airport Rail Link）
怎么坐？超简单：
1️⃣ 下飞机取完行李，出来后找「City Line / Airport Rail Link」指示牌
2️⃣ 跟着指引走，到 BFL 层（地下）
3️⃣ 到 City Line 自动售票机
4️⃣ 用现金买票 → 上车就走 🚆

💰 票价信息：
•	全票：45 泰铢
•	⚠️ 只能现金，建议准备 100 泰铢纸币

⏱ 时间 & 站点：
•	全程 7 站
•	大约 25 分钟
•	终点站：Phaya Thai（可换 BTS）

✨ 优点总结：
✔️ 便宜
✔️ 不堵车
✔️ 新手友好
✔️ 行李不多首选

📌 适合人群：
第一次来曼谷｜自由行｜预算党｜不想折腾的人#出境[话题]# #安全到达目的地[话题]##

「4」
标题：素万那普机场丝滑直达市中心攻略🇹🇭仅9r
正文：第一次来🇹🇭，落地素万那普机场怎么快速达市中心，直接坐ARL即可，
📍机场快线全名AirportRailLink（ARL）
💰45泰铢（约9块人民币）
•	一共有 A1–A8 共8个站
•	A1：素万那普机场
•	A8：Phaya Thai（帕亚泰，可换乘BTS轻轨）
图文攻略：
P2：进入到达大厅（2F），留意有红色小列车图标（ARL），跟着指示下电梯
P3：找到扶手电梯入口，下两层楼到B层。
P4–P5：到B层后，继续找红色小列车图标，往右前方走，就能看到机场快线入口，然后去人工口买票，支持面额大的纸币（100泰铢起）（对第一次来泰国没零钱的比较友好。
P6–P7: 跟着指示下电梯即可到达ARL线；
P8：ARL的车票跟我们地铁单程票很像，两枚币
P9: ARL入站口左边就是行李寄存点，比较推Smilelug，100泰🐷/天；
P10：到Phaya Thai（帕亚泰）站可以看到转乘BTS的标示，跟着一直走就根据自己的目的地选站买票就可以啦

#周末去哪儿[话题]##泰国旅行[话题]# #穷游[话题]# #一个人坐飞机[话题]# #哪里可以寄存行李[话题]# #泰国[话题]#

「5*混合贴」
标题：素万那普vs廊曼 一篇讲清楚
正文：素万那普：有机场快线（ARL） ——B1层乘车，到Phaya Thai（转BTS）26分钟

廊曼：没有地铁直达。T1六号门有机场巴士：
· A1：到BTS Mo Chit/MRT Chatuchak，30泰铢",小红书名称候选；名称证据不是游客热度，尚未核验Place ID、坐标、地址、营业状态或评分
曼谷,交通服务,Asok站,交通节点与游船服务,Asok BTS/MRT Station,,到达/换乘/码头/出海,0,本轮定向补采新增,"https://www.xiaohongshu.com/explore/69ac5857000000001600b7f0?xsec_token_redacted=1&xsec_source=pc_dots
https://www.xiaohongshu.com/explore/6a36921f000000000f0327f2?xsec_token_redacted=1&xsec_source=pc_dots","「1*混合贴」
标题：第一次来曼谷教你坐地铁买票换乘保姆级攻略
正文：[向右R]地铁蓝线Sukhumvit素坤逸站可以换乘天铁绿线Asok站，很近，3号出口出站走上来就是BTS站Asok（图13）

「2」
标题：曼谷交通｜BTS天轨vs MRT地铁一次分清楚
正文：[偷笑R]去曼谷出差踩过无数坑，终于搞懂BTS和MRT！好多人刚来分不清，白白绕路浪费时间，一次性给姐妹们说通透～
简单一句话区分：BTS是天上跑的空轨，MRT是地下地铁，两套完全分开，卡不能通用哦
🚈 BTS天轨（逛街跑客户首选）
架在高架桥上，坐车还能顺便看曼谷街景，视野超舒服
[赞R]一共两条主线：素坤逸线、席隆线
市中心热门商圈全覆盖：Siam、Asoke、Phrom Phong全在这条线上
[斜眼R]平时见客户、逛商场、打卡网红餐厅，出门直接冲BTS准没错
🚇 MRT地下地铁（跑展馆专用）
全程在地底，不受路面堵车影响，运行超稳
[得意R]主流是蓝线、紫线，主打穿越老城区和会展区域
要是去QSNCC会展中心，必须坐MRT，BTS到不了这边
✨重中之重换乘站Asok，选酒店直接锁这里！
[得意R]BTS Asok站 ↔ MRT Sukhumvit站
天桥步行就能换乘
[赞R]住这边优势拉满：
见客户坐BTS直达各大写字楼；
参展逛QSNCC换乘MRT超方便；
[色色R]出站就是Terminal21商场，吃饭逛街走路几分钟，商务出行全能兼顾
最后总结下，记牢不迷路
[点赞R]逛街商务见客户=坐BTS天轨
[okR]去展馆、老城区=坐MRT地铁
[鼓掌R]住宿优先Asok，双轨换乘去哪都方便
#曼谷交通[话题]# #曼谷出差攻略[话题]# #曼谷BTS[话题]# #曼谷MRT[话题]# #泰国出行干货[话题]# #曼谷住宿推荐[话题]#",小红书名称候选；名称证据不是游客热度，尚未核验Place ID、坐标、地址、营业状态或评分
曼谷,交通服务,Bang Sue站,火车站,Bang Sue Railway Station,,城际交通/到达离开,0,本轮定向补采新增,"https://www.xiaohongshu.com/explore/69a470d3000000002603f701?xsec_token_redacted=1&xsec_source=pc_dots
https://www.xiaohongshu.com/explore/69ac5857000000001600b7f0?xsec_token_redacted=1&xsec_source=pc_dots","「1*混合贴」
标题：曼谷中央火车站坐老火车到华南蓬
正文：下车出站找到10号门那一侧（不一定从10号门出去），背对火车站往左走，会看到图4，图4几乎没台阶是平的，然后走去Bang Sue站台买票即可，我早上出发的，看到屏幕上去Bangkok (华南蓬）站都是2号站台，一个人2🐷，上车后没人检票，几乎没看到游客，座位像国内地铁那种，不过车厢没那么新，还是很空，基本上都有座位。

「2*混合贴」
标题：第一次来曼谷教你坐地铁买票换乘保姆级攻略
正文：[向右R]地铁蓝线Bang Sue站 3A出口出站可以换乘廊曼机场线（红线）曼谷中央火车站去大城府，清迈（图15）",小红书名称候选；名称证据不是游客热度，尚未核验Place ID、坐标、地址、营业状态或评分
曼谷,交通服务,Makkasan站,机场,Makkasan ARL/MRT Station,,航班到达/离开,0,本轮定向补采新增,"https://www.xiaohongshu.com/explore/6a776f350000000006005e16?xsec_token_redacted=1&xsec_source=pc_dots
https://www.xiaohongshu.com/explore/6a5866bf000000000100d286?xsec_token_redacted=1&xsec_source=pc_dots
https://www.xiaohongshu.com/explore/69ac5857000000001600b7f0?xsec_token_redacted=1&xsec_source=pc_dots
https://www.xiaohongshu.com/explore/6a86dd4300000000330193c8?xsec_token_redacted=1&xsec_source=pc_dots","「1*混合贴」
标题：全新曼谷素万那普机场各种公共交通乘坐指引
正文：🔶换乘蓝色地铁：买票到Makkasan站，35铢/人

「2*混合贴」
标题：曼谷丨素万那普机场到市区交通攻略-实测版
正文：--（换乘MRT蓝线）到Makkasan站：35泰铢（耗时约30分钟）

「3*混合贴」
标题：第一次来曼谷教你坐地铁买票换乘保姆级攻略
正文：[向右R]地铁蓝线Phetchaburi站3号口出站可以换乘机场快线Makkasan站，800米步行10分钟左右，需要出站重新买票，有连廊不晒（图12）

「4*混合贴」
标题：曼谷攻略机场快线，不堵车丝滑进城真的香！
正文：Makkasan站（换乘MRT）
全程大概30分钟就能到市区换乘点，无缝衔接MRT和BTS，去哪儿都方便～

⏰运营时间：05:30-23:50
每10-15分钟一班，基本不用等太久

⚠️缺点也有：",小红书名称候选；名称证据不是游客热度，尚未核验Place ID、坐标、地址、营业状态或评分
曼谷,交通服务,Mo Chit站,交通节点与游船服务,Mo Chit BTS/MRT Station,,到达/换乘/码头/出海,0,本轮定向补采新增,"https://www.xiaohongshu.com/explore/67d092d6000000001203fb0c?xsec_token_redacted=1&xsec_source=pc_dots
https://www.xiaohongshu.com/explore/69ac5857000000001600b7f0?xsec_token_redacted=1&xsec_source=pc_dots","「1*混合贴」
标题：🚌曼谷Mochit 2→芭提雅丨2025.3大巴攻略
正文：- BTS：坐到 Mo Chit站，1号出口出站后打车（约50泰铢）。

「2*混合贴」
标题：第一次来曼谷教你坐地铁买票换乘保姆级攻略
正文：[向右R]地铁蓝线Chatuchak Park乍都乍公园站可以换乘天铁绿线Mo Chit站，1出口出站换乘
100米左右，很近，上电梯在BTS站重新买票（图16）

欢迎关注博主以获得最新泰国交通攻略，我的每篇笔记都会定期维护，标注更新时间，确保信息的准确和时效性",小红书名称候选；名称证据不是游客热度，尚未核验Place ID、坐标、地址、营业状态或评分
曼谷,交通服务,N13 Phra Arthit码头,码头与渡轮,Phra Arthit Pier,考山路,码头换乘/乘船出海,0,本轮定向补采新增,https://www.xiaohongshu.com/explore/69c54a5c00000000210130b4?xsec_token_redacted=1&xsec_source=pc_dots,"「1」
标题：终于有篇笔记能把湄南河游船说清楚了
正文：大家好，我是阿K。
很多人来 Bangkok，一提到夜游 Chao Phraya River，第一反应就是订那种几百块的观光船。
但其实，本地人更常用的一种方式，便宜很多，体验也不差。
———
🚢 湄南河“水上公交”
如果你想试试，可以直接打车到
📍 Phra Arthit Pier
买票的时候说 Blue Line / Blue Flag 就行
💰单程：40泰铢
💰一日票：150泰铢（当天随便坐）
⚠️ 大部分码头是只收现金的
———
⏰ 什么时候坐更值？
别白天去。
白天的河水偏浑，整体观感一般。
建议直接卡 17:30—18:00 左右上船，
一趟下来基本能同时看到：
🌇 日落
🌃 夜景亮灯
这才是湄南河最好看的时间段。
———
📍 上船细节（很多人会忽略）
✔️ 不用太早买票
提前10分钟左右就够了，买太早反而要一直等，还不能退
✔️ 想坐就早点排队
先上船的人更容易有位置，不用全程站着
✔️ 优先去二层露天
视野更开阔，拍照也不会被玻璃反光影响
如果想看重点景观，可以尽量坐右侧
———
🌃 路线会经过哪些地方
这条线基本把河岸经典都串了一遍：
• Wat Arun
晚上亮灯之后很好看，远看像一座浮在水上的金色塔
• Grand Palace 一带
夜晚人少一点，整体氛围更舒服
• ICONSIAM
———
⚠️ 几个容易踩坑的点
1️⃣ 看旗子，不看船
蓝旗才是观光线，橘旗/绿旗很多是通勤船
2️⃣回程不用再花钱
Asiatique The Riverfront 有免费接驳船到
📍 Sathorn Pier
———
其实像这种“便宜但体验不错”的玩法，在 Bangkok 还有很多。
我后来把这些，包括：
✔ 不同区域怎么安排更顺
✔ 夜市 / 餐厅怎么选不踩雷
✔ 哪些体验其实可以直接跳过
都整理进了一份《曼谷实操型旅行攻略》里。
如果你是第一次来，不想自己一点点拼信息、边玩边试错，
👉 这份整理好的版本，会帮你省掉不少时间（入口在笔记左下角）。#曼谷[话题]##曼谷打卡[话题]##曼谷美食[话题]# #曼谷旅游[话题]# #曼谷旅行[话题]# #曼谷探店[话题]# #曼谷拍照[话题]##曼谷购物[话题]# #曼谷咖啡[话题]#",小红书名称候选；名称证据不是游客热度，尚未核验Place ID、坐标、地址、营业状态或评分
曼谷,交通服务,Phaya Thai站,机场,Phaya Thai ARL/BTS Station,,航班到达/离开,0,本轮定向补采新增,"https://www.xiaohongshu.com/explore/6a776f350000000006005e16?xsec_token_redacted=1&xsec_source=pc_dots
https://www.xiaohongshu.com/explore/6a5866bf000000000100d286?xsec_token_redacted=1&xsec_source=pc_dots
https://www.xiaohongshu.com/explore/6a86dd4300000000330193c8?xsec_token_redacted=1&xsec_source=pc_dots","「1*混合贴」
标题：全新曼谷素万那普机场各种公共交通乘坐指引
正文：🔷换乘绿色天铁：买票到Phaya Thai 站，45铢/人
买票进站方式：[一R]自助机器，接受100泰铢以下的纸币和硬币，[二R]人工窗口买票[三R]有闪付功能的信用卡，借记卡（需要确认开通国际闪付）

「2*混合贴」
标题：曼谷丨素万那普机场到市区交通攻略-实测版
正文：--（换乘BTS素坤逸线）到Phaya Thai站：45泰铢（耗时约40分钟）

「3*混合贴」
标题：曼谷攻略机场快线，不堵车丝滑进城真的香！
正文：Phaya Thai站（换乘BTS）
全程大概30分钟就能到市区换乘点，无缝衔接MRT和BTS，去哪儿都方便～

⏰运营时间：05:30-23:50
每10-15分钟一班，基本不用等太久

⚠️缺点也有：",小红书名称候选；名称证据不是游客热度，尚未核验Place ID、坐标、地址、营业状态或评分
曼谷,交通服务,Sala Daeng站,交通节点与游船服务,Sala Daeng BTS/MRT Station,,到达/换乘/码头/出海,0,本轮定向补采新增,"https://www.xiaohongshu.com/explore/69ac5857000000001600b7f0?xsec_token_redacted=1&xsec_source=pc_dots
https://www.xiaohongshu.com/explore/699540b3000000000a02d733?xsec_token_redacted=1&xsec_source=pc_dots","「1*混合贴」
标题：第一次来曼谷教你坐地铁买票换乘保姆级攻略
正文：[向右R]地铁蓝线Si Lom世隆站换乘BTS天铁绿线Sala Daeng站，有连廊不晒，2号出口出站走600米8分钟左右（图14）

「2」
标题：🚇MRT—BTS｜Silom（是隆）换乘怎么走？
正文：MRT 转 BTS 我最常在 Silom（是隆）换乘
换乘很简单，就是路绕绕的，第一次很容易走懵🥲

✅ MRT Silom 站 → BTS Sala Daeng 站
1）先从 MRT Silom 站 2号出口（Exit 2）出去
2）到出口位置可以看到指示牌— BTS Sala Daeng Station
3）上到出口后直接右转（这个很关键！）
4）右转后，沿着过道走出去，右手边会看到上行电梯
5）坐电梯上去，就看到 BTS Sala Daeng Station 的指示牌
6）跟着牌子一直直走，很快就会看到 BTS 入口啦

🏬 顺便说下：2号口出去也能到Central Park
- 从 2号出口出去：也可以直接到 Central Park 的 1楼（或许是M\G层的，曼谷商场楼层太复杂了🥲）
- 如果你已经坐上行电梯上去：电梯上去后 左手边 还有 Central Park 的另一个入口，也可以直接进去👍

🎫 小贴士
看到自助机可以用微信/支付宝
但自助机有时候真的会：找不到想去的站哈哈哈🤣
👉 找不到就别纠结：直接去人工窗口，把目的站给工作人员看就可以～
#曼谷交通[话题]# #MRT[话题]# #BTS[话题]# #Silom[话题]# #SalaDaeng[话题]# #曼谷攻略[话题]# #换乘攻略[话题]# #地铁[话题]##泰国旅行[话题]#  #泰国[话题]#",小红书名称候选；名称证据不是游客热度，尚未核验Place ID、坐标、地址、营业状态或评分
曼谷,交通服务,Siam站,交通节点与游船服务,Siam BTS Station,,到达/换乘/码头/出海,0,本轮定向补采新增,https://www.xiaohongshu.com/explore/6a746d6a000000002402ea30?xsec_token_redacted=1&xsec_source=pc_dots,"「1*混合贴」
标题：曼谷公共交通攻略
正文：1️⃣Siam 站代码是cen，英文中心的缩写。它是两条bts 换乘站，也是曼谷的中心。以暹罗广场Siam 站为中心，向东第一个站，用E1表示。向北用N1.N2表示。车站代码不仅方便了记忆，而且还能知道车站位于曼谷城市的哪个方位。
2️⃣圆圈中的数字，代表到这一站的价格。",小红书名称候选；名称证据不是游客热度，尚未核验Place ID、坐标、地址、营业状态或评分
攀牙府,交通服务,库拉布里港,码头与渡轮,Kuraburi Port,,码头换乘/乘船出海,1,20260831小红书点点AI增量采集,https://www.xiaohongshu.com/explore/68aef688000000001c012d93?xsec_token_redacted=1&xsec_source=pc_dots,"「1*混合贴」
标题：Day135🇹🇭苏林群岛攻略
正文：- 库拉布里港：天气正常时，从港口到岛屿大约需要45分钟。
- 船票预订：建议提前预订船票，可在当地旅行社或码头附近的票务点预订。
-
[彩虹R]住宿推荐
- 露营：苏林群岛提供露营场地，能让你更亲近自然，感受海岛的宁静。露营费用相对较低，是一种性价比高的选择。
- 木屋：岛上也有一些木屋可供选择，但费用相对较高。木屋通常设施较为简单，但能提供更好的遮蔽和舒适度。
- 度假村：如果预算充足，可以选择岛上的度假村，享受更高端的服务和设施。
[彩虹R]玩乐攻略
- 浮潜：苏林群岛是浮潜爱好者的天堂，这里的海水清澈见底，海底生物丰富。浮潜点众多，如Chong Kad、Mae Gulf和The Tao Gulf等，你可以在这里看到五彩斑斓的珊瑚和各种热带鱼类。浮潜设备可在岛上租赁，也可以自己携带。
- 参观莫肯族村落：莫肯族是生活在安达曼海上的游牧民族，他们有着独特的生活方式和文化习俗。你可以在这里了解他们的传统技艺和生活方式。
- 丛林徒步：岛上覆盖着茂密的热带雨林，你可以参加丛林徒步活动，探索岛上的自然风光。
- 海滩休闲：在苏林群岛的海滩上享受阳光沙滩，放松身心。
[彩虹R]美食攻略
- 海鲜：苏林群岛的海鲜非常新鲜美味，你可以品尝到各种当地捕捞的海鲜，如螃蟹、鱼等。Bangkrang农场住宿附近的软壳蟹养殖场，提供蒸黑蟹、蒜蓉炒软壳蟹等多种螃蟹美食。
- 热带水果：岛上和周边地区盛产各种热带水果，如芒果、菠萝等。
- 当地特色菜肴：尝试一些泰国当地特色菜肴，如冬阴功汤、绿咖喱鸡等。
[彩虹R]注意事项
- 环境保护：岛上生态环境优美，游客应自觉保护环境，不要乱丢垃圾。在浮潜时，不要触碰海底生物和珊瑚。
- 防晒防虫：岛上阳光强烈，要注意做好防晒措施。同时，也要注意防蚊虫叮咬。
- 安全第一：在进行水上活动时，要听从工作人员的指导，注意安全。",小红书名称候选；名称证据不是游客热度，尚未核验Place ID、坐标、地址、营业状态或评分
攀牙府,交通服务,拉姆码头,码头与渡轮,Laem Pakarang Marina,考拉镇,码头换乘/乘船出海,1,20260831小红书点点AI增量采集,https://www.xiaohongshu.com/explore/68aef688000000001c012d93?xsec_token_redacted=1&xsec_source=pc_dots,"「1*混合贴」
标题：Day135🇹🇭苏林群岛攻略
正文：- 塔普拉姆码头：天气正常情况下，从港口到岛屿大约需要2个小时。",小红书名称候选；名称证据不是游客热度，尚未核验Place ID、坐标、地址、营业状态或评分
攀牙府,交通服务,塔普拉姆码头,码头与渡轮,Thap Lamu Marina,,码头换乘/乘船出海,1,20260831小红书点点AI增量采集,https://www.xiaohongshu.com/explore/68aef688000000001c012d93?xsec_token_redacted=1&xsec_source=pc_dots,"「1*混合贴」
标题：Day135🇹🇭苏林群岛攻略
正文：- 塔普拉姆码头：天气正常情况下，从港口到岛屿大约需要2个小时。",小红书名称候选；名称证据不是游客热度，尚未核验Place ID、坐标、地址、营业状态或评分
攀牙府,交通服务,Ao Por码头,码头与渡轮,ao por pier；奥波码头；ao por pier/奥波码头,普吉岛东北部,码头换乘/乘船出海,0,既有全量候选,"https://www.xiaohongshu.com/explore/6a6cdb8b00000000330104fc?xsec_token_redacted=1&xsec_source=pc_dots
https://www.xiaohongshu.com/explore/69cb5ae9000000001d01aa11?xsec_token_redacted=1&xsec_source=pc_dots","「1*混合贴」
标题：布吉岛2026全新游艇出海 攀牙湾007岛一日游
正文：Ao Por码头➡️Naka Yai Island纳卡亚伊岛➡️Hong Island红岛➡️James Bond Island詹姆斯邦德岛➡️傍晚日落巡航返回Ao Por码头

[看R]两种出行方案
方案1: 拼船 共享行程（JOIN TRIP）
一日游行程8小时，分为：标准座位&VIP座位🉑️选
航行时间：11:00-19:00（8小时）

方案2: 全天私人整船包船（PRIVATE FULL DAY）
时长8小时，出发时间🉑️定制，最多60人

✅包含拼船全部项目，再加专属升级福利：
专属私人主厨👨🍳，船上精致料理，气泡葡萄酒🍷/香槟🍾️，🉑️自由定制游玩线路
💡额外加💰🉑️选：私人卧室套房

「2*混合贴」
标题：带你探索攀牙湾一日游｜James Bond Island
正文：行程从 Ao Por Pier 出发，团队与导游热情迎接后，正式启程驶向安达曼海。",小红书名称候选；名称证据不是游客热度，尚未核验Place ID、坐标、地址、营业状态或评分
攀牙府,交通服务,Ban Nam Khem 码头,码头与渡轮,Ban Nam Khem Marina,,码头换乘/乘船出海,1,20260831小红书点点AI增量采集,https://www.xiaohongshu.com/explore/68aef688000000001c012d93?xsec_token_redacted=1&xsec_source=pc_dots,"「1*混合贴」
标题：Day135🇹🇭苏林群岛攻略
正文：- Ban Nam Khem码头：在正常天气条件下，从港口到岛屿大约需要1小时30分钟。",小红书名称候选；名称证据不是游客热度，尚未核验Place ID、坐标、地址、营业状态或评分
攀牙府,交通服务,HinRomPier,长尾船码头,欣罗姆码头,攀牙湾入口,跳岛游,1,20260901二三线目的地缺口续采,https://www.xiaohongshu.com/explore/66e1103e0000000027000e7f?xsec_token_redacted=1&xsec_source=pc_dots,"「1*混合贴」
标题：攀牙2天纯玩真实体验
正文：还是值得选择几个岛屿玩一下。开车到HinRomPier码头。我们并没有选择非常热门的Jame bond岛（因为上去就看一块石头还要花300泰铢）没什么意思。也没选择水上村庄（就是漂浮在水上的一个村庄也没什么可看的）我选择了3个岛（hong island/keaw cave/nok krariang cave）➕一个皮划艇。没有人拼长尾船[笑哭R]就两个人包了一条船2000泰铢。（如果人多的话一条船也是这个价格，但是皮划艇估计还是要再加点钱）
先去了一个岩洞，里面非常黑，最好自己带一个手电筒，我们把岩洞爬了一圈，汗流浃背。也可以选择站在下面随便看看[笑哭R]。Hong island很不错，我们下船做了一个皮划艇，有人帮忙划和介绍。去了几个景点，后来下了一场大雨，也是不同的体验。最后一个景点因为大雨估计关门了，就换了一个小岛沙滩走走。
旅行就是这样计划赶不上变化，变化也会带来不同的体验，遇到不同的人。#攀牙湾[话题]# #攀牙[话题]# #泰国自由行攻略[话题]#",名称在本题引用小红书正文中直接命中；该计数用于名称证据审核，不代表全网提及量或游客热度
攀牙府,交通服务,Jian Wanich Pier,轮渡码头,建瓦尼奇码头,返回普吉,跨岛交通,1,20260901二三线目的地缺口续采,https://www.xiaohongshu.com/explore/65c841f0000000000c007228?xsec_token_redacted=1&xsec_source=pc_dots,"「1*混合贴」
标题：如何去瑶亚岛（Koh Yao yai）也叫大长岛
正文：图10就是回去的轮渡船 船舱，14:00开船这个回去的没有空调船票150泰铢一人，儿童80泰铢（我们发现他们收欧美人200泰铢/人，上船后我们告诉一起买票的外国人 他自己下去找差价，船家给退差价了[害羞R]）还谢谢我们[偷笑R]。坐一小时10分钟左右就到达普吉岛了。到达码头是：Jian wanich pier

之后打车回酒店！
最后一张是各个码头到达瑶亚岛的船！可以参考",名称在本题引用小红书正文中直接命中；该计数用于名称证据审核，不代表全网提及量或游客热度
攀牙府,交通服务,Laem Hin Pier,轮渡码头,莱姆欣码头(皇家码头),瑶亚岛方向,跨岛交通,1,20260901二三线目的地缺口续采,https://www.xiaohongshu.com/explore/65c841f0000000000c007228?xsec_token_redacted=1&xsec_source=pc_dots,"「1*混合贴」
标题：如何去瑶亚岛（Koh Yao yai）也叫大长岛
正文：瑶亚岛有很多个码头，所以我想找blue bay Resort（我入住的酒店）最近的码头，图2-4是出发码头的位置码头名字：Laem hin pier 好像叫皇家码头，（请到普吉岛后用谷歌地图打开，在国内搜不到这里）14:00开船.船票成人140泰铢/人，我家儿童5岁免费。
一个半小时船程，船上开船后有空调，在船上走来走去能看到海上很多水母，不颠簸🐚
可以告诉酒店几点的船接你 或者下船后打tutu车去酒店 这个码头离酒店坐车5分钟 很近！🍀🌱

图五我们在岛上租了个摩托车压护照 600泰铢一天大排量的 有300泰铢小排量的车，我比较喜欢一个摩托旁边带个兜的车 没租到🌚 不过有看到都是外国人在骑。
图6.7.8是拖尾沙滩 骑摩托车去 沙滩最好观赏时间是12点左右 🐚下午去退潮漏出沙滩太多有泥滩就有点脏，涨潮水太多又没办法走过去🪸
虽然瑶亚岛很落后，比较原始，但这一个拖尾沙滩就是值得一去的太美了，拖尾沙滩只有我们一组中国家庭 ，都是欧美人 还很友好的主动帮我们拍家庭合影！🌸",名称在本题引用小红书正文中直接命中；该计数用于名称证据审核，不代表全网提及量或游客热度
攀牙府,交通服务,Sarasin Bridge,跨海大桥,萨拉辛桥,渔村,到达/换乘/交通出行,1,20260901二三线目的地缺口续采,https://www.xiaohongshu.com/explore/68a9e40d000000001b033b38?xsec_token_redacted=1&xsec_source=pc_dots,"「1*混合贴」
标题：攀牙府渔村里的海鲜小餐馆~普吉岛
正文：🚗🚗从普吉岛北部过个桥就去到了攀牙府，萨拉辛桥（Sarasin Bridge）也算普吉岛的一个冷门景点的，大桥边的渔村里头分布着一些海鲜餐厅

🦐🦑🦞🦪我们找了家本土的小餐厅，座位很少是搭建在海边上的木制架空餐厅，餐厅下的海边有成群的鱼儿[派对R]

海鲜确实新鲜好吃，那个螺非常推荐[赞R]，还有炒蔬菜不知道是什么，但是好好吃的[吧唧R]，这家不管海鲜还是炒饭份量都非常的足，不过就餐环境比较普哈[吐舌头H]",名称在本题引用小红书正文中直接命中；该计数用于名称证据审核，不代表全网提及量或游客热度
普吉府,交通服务,安达曼船务公司,交通节点与游船服务,Andaman Wave Master,Rassada码头3号门柜台,到达/换乘/码头/出海,0,本轮定向补采新增,"https://www.xiaohongshu.com/explore/67c037e300000000290125d1?xsec_token_redacted=1&xsec_source=pc_dots
https://www.xiaohongshu.com/explore/67fa5b9d000000001c0311da?xsec_token_redacted=1&xsec_source=pc_dots
https://www.xiaohongshu.com/explore/67a0c5fe00000000290083c9?xsec_token_redacted=1&xsec_source=pc_dots
https://www.xiaohongshu.com/explore/682ef1980000000021006821?xsec_token_redacted=1&xsec_source=pc_dots","「1」
标题：普吉岛-皮皮岛往返船票|性价比选择🚤🌊
正文：🌟 普吉岛和皮皮岛是泰国两大热门旅游岛屿，每天都有很多宝子从普吉去皮皮或者从皮皮去普吉。那么，如何快速买到船票并选择合适的船型呢？今天就来给大家详细讲解一下！
-
📅 船运时间表
大船时间表：图5
快艇时间表：图6、7
-
🚢 大船 vs 🚤 快艇
大船：
优点：空间大，环境舒适，行驶平稳，适合老人、小孩和容易晕船的宝子。
缺点：每天班次较少。
快艇：
优点：速度快，班次多，适合赶行程的宝子。
缺点：空间相对较小，行驶时可能会有些颠簸。
-
🚢 船家选择
安达曼船务公司(Aandanman Wave)
经验丰富的渡轮营办商在安达曼海，成立于1999年。提供普吉岛-皮皮岛-甲米全年定期渡轮服务，到皮皮岛的一日游和过夜包，搭上搭下船到皮皮岛。
-
📍 码头换票位置指南
普吉岛:RASSADA码头三号门ANDAMAN WAVE MASTER柜台
通赛湾:分别有大船和快艇的检票点
皮皮北:在PP ERAWAN PALM RESORT的沙滩上登船
-
📌 小贴士：建议提前预定船票，尤其是在旅游旺季，以免耽误行程。希望这篇攻略能帮到大家，祝大家旅途愉快！🌴✨

有关普吉旅游|旅行攻略|定制出游| 报团等详情都欢迎大家留言、丝我哦~
#泰国[话题]# #普吉岛[话题]# #皮皮岛船票[话题]# #皮皮岛[话题]# #普吉岛船票[话题]# #泰国普吉[话题]# #普吉岛旅游[话题]#

「2*混合贴」
标题：甲米→PP岛选船指南｜教你省钱又舒心
正文：AndamanWaveMaster（AW）
📍码头位置：甲米镇附近（住镇上的选它）
⏰班次：09:00/13:30（可选皮皮岛北直达班次）
💡亮点：
✔️舱位分级（普通/豪华/特等舱，预算足可冲豪华舱！）
✔️特等舱含免费饮料零食，人少安静
✔️部分班次可直接中转皮皮岛北（不用二次买票）
⚖️优缺点PK

「3*混合贴」
标题：普吉岛｜皮皮岛自助游乘船体验及超详细攻略
正文：1. 有快艇和大船，快艇相对来说快些但是更容易晕船。我坐的这个是慢船ANDAMAN WAVE MASTER。
2. 实际出发时间2点，大概4点15到皮皮岛码头。

「4*混合贴」
标题：皮皮岛攻略1（上岛与离岛）
正文：自己也可以在在安达曼船司官网（承运普吉-皮皮岛的船运公司）上订船，网站地址是www.andamanwavemaster.com，这个船司有小红书，是@Andaman Wave Master 。
[二R]码头
上岛要在普吉岛的Rassada Pier出发，找工作人员领船票然后按时上船。皮皮岛上有两个码头，各自是皮皮岛通塞码头（Phi PhiTonsai Pier）和皮皮北（也叫蓝通码头Phi Phi Laemtong），大家定船之前要看好酒店的位置，不要定错码头。离岛也是从皮皮岛的通塞码头或蓝通码头出发，返回到普吉岛的Rassada Pier。",小红书名称候选；名称证据不是游客热度，尚未核验Place ID、坐标、地址、营业状态或评分
普吉府,交通服务,芭东码头,码头与渡轮,Patong Pier,芭东海滩,码头换乘/乘船出海,0,本轮定向补采新增,https://www.xiaohongshu.com/explore/69999ffb0000000016009e77?xsec_token_redacted=1&xsec_source=pc_dots,"「1」
标题：海洋赞礼号-普吉过夜航次停靠结束
正文：早上八点下船，乘坐游轮安排的小船前往芭东码头，因为今天四点就要开船，所以就计划在附近随便逛逛，坐三轮tutu车往返于卡塔、卡伦、芭东海滩，大家打车坐车记得砍价，从芭东坐tutu到卡塔，司机喊价500泰铢一个人，我说500泰铢两个人，没想到司机果断答应了，看来砍的不够狠[捂脸R]
卡塔、卡伦海滩适合晒晒太阳踩踩沙滩和海水，整个海滩都长满了晒背的欧美人，芭东适合吃饭逛街做spa，芭东的海水还是太脏
下午回船码头贴心还准备了欢迎饮料，回到房间告知倒数第二天于指定电梯口发放护照原件(P10)
玩甲板冲浪无需费用，只用提前在15层甲板的活动中心(P11)看一个培训安全视频，只要你想，可以反复排队冲浪，每次每人体验大概2-3分钟，甲板跳伞则需要提前在皇家app上面预约，提前十分钟到就可以了
今明两天需要马不停蹄的穿越整个马六甲海峡，回到新加坡滨海湾，16万吨的海上乌托邦又开始热闹了起来…
#海洋赞礼号[话题]#
#普吉岛[话题]#",小红书名称候选；名称证据不是游客热度，尚未核验Place ID、坐标、地址、营业状态或评分
普吉府,交通服务,查龙码头,码头与渡轮,chalong pier；查龙湾码头；chalong pier/查龙湾码头,普吉岛东南部；普吉镇南部,码头换乘/乘船出海,0,既有全量候选+本轮定向补采增强,"https://www.xiaohongshu.com/explore/69be07b5000000001a022a72?xsec_token_redacted=1&xsec_source=pc_dots
https://www.xiaohongshu.com/explore/6a3e42ec000000002103ec0c?xsec_token_redacted=1&xsec_source=pc_dots
https://www.xiaohongshu.com/explore/69f1b1f4000000003501e92f?xsec_token_redacted=1&xsec_source=pc_dots","「1*混合贴」
标题：查龙码头到普吉机场不必打车，大巴即可
正文：从查龙码头出来，会看到有一辆粉色的巴士，写的Phuket Chalong pier-Super Cheap 的巴士（图1票上写的），你告诉卖票员要去Bus Terminal 1仅需15🐷（可以和她说到站叫你，她就会告你下车）

「2*混合贴」
标题：🚌普吉岛查龙码头去机场大巴
正文：从查龙码头出来之后可以导航到Chalong Pier公交站，对面是puket omart pier（图5），会停有蓝色双条EV bus，到达Bus Terminal 1大概需要一小时。然后从Bus Terminal 1下车换乘橙色机场巴士即可到达机场。图4是公交车的发车时间，每隔一小时才发一趟车，大家不要错过时间了！
EV bus的价格是15🐷/人，橙色机场巴士是100🐷/人，如果打车的话，grab摩托单程到机场巴士站点就要100🐷了，公交车的性价比很高。#普吉岛[话题]# #皇帝岛[话题]# #查龙码头[话题]# #普吉岛旅游[话题]# #普吉岛酒店[话题]# #普吉岛交通[话题]# #普吉岛攻略[话题]#

「3*混合贴」
标题：查龙码头到普吉机场
正文：在查龙码头售票厅可以看到很多巴士如图二
上车了之后告诉司机先生去terminal 1
15🐷🐷/人，十分经济实惠了
因为是快十一点去码头问工作人员时间",小红书名称候选；名称证据不是游客热度，尚未核验Place ID、坐标、地址、营业状态或评分
普吉府,交通服务,皇帝岛码头,码头与渡轮,Racha Island Pier,皇帝岛,码头换乘/乘船出海,1,20260831小红书点点AI增量采集,https://www.xiaohongshu.com/explore/672b0afb000000001a037fdb?xsec_token_redacted=1&xsec_source=pc_dots,"「1」
标题：快收下这份普吉岛➡皇帝岛上岛指南！
正文：.
🚤Banraya酒店位于皇帝岛，需从普吉岛坐船上岛
🎫入住客人的每笔房费订单默认包含2张入住及退房当天的成人往返船票
.

【注意事项】
🔺需【提前预约】联系酒店预约方能生效，如人数超出限制或日期不一致需额外付费
🔺【船票包含】：岛屿往返快艇接送+返程珊瑚岛半日游+皇帝岛码头至酒店往返接送
.
【行程信息】
🟠上岛行程：普吉岛查龙码头—皇帝岛码头
🟠出发地点：普吉岛查龙码头
具体地点可Google/高德地图搜索：Chalong Wholesale meeting point
🟠出发时间：每天上午9:30
🟠抵达时间：抵达皇帝岛码头约为上午10:30
🟠注意事项：请务必提前30分钟到达码头集合点（图5）办理登船手续
当您找不到集合点或迟到时，请及时☎我们哦~
.
🟡离岛行程：皇帝岛码头—珊瑚岛停留90min—普吉岛查龙码头
🟡出发地点：皇帝岛码头
🟡出发时间：每天下午13:30
🟡抵达时间：抵达珊瑚岛约为下午14:00；抵达查龙码头约为下午16:00
.
【您需要做】
1⃣入住前至少两天联系酒店并发送邮件至酒店进行预约，酒店的电子邮箱地址可在预定平台的【设施政策】中找到
2⃣邮件内容需包含您的订单号、入住人姓名、上岛人数（含儿童婴儿）、上岛及离岛日期；
3⃣若您未提前联系酒店进行预约，此项服务将无法生效，敬请谅解，酒店将无法为您提供相关服务
.
【我们会做】
1⃣我们会在您预定房间2小时内将行程单及入住指南发送至您邮箱
2⃣我们会在收到您的预约邮件后为您预留好船票，并将预约情况和查龙码头办公室位置再次回复到您的邮箱
.
【您需要注意】
❗由于普吉岛周边海况复杂，回程到达时间会随当天天气出现变化，不建议在入住及退房当天安排飞机/火车/巴士等行程
🔺快艇较为颠簸，行李请自行妥善保管，感谢理解！
🔺快艇每天往返各只发一班，快艇船号为：白金号 yilong1/yilong2
🔺离普吉岛国际机场距查龙码头集合点约有1小时车程
🔺如您需要我们提供五座车/七座车/面包车的包车服务
.
想要了解更多详细信息或需普吉岛内接其他时段接驳服务，欢迎随时戳戳咨❤询我们哟！

#这才是海岛的正确打开方式[话题]# #海岛度假游[话题]# #普吉岛[话题]##皇帝岛[话题]##泰国旅行[话题]##Banraya[话题]##皇帝岛Banraya酒店[话题]# #度假酒店[话题]#",小红书名称候选；名称证据不是游客热度，尚未核验Place ID、坐标、地址、营业状态或评分
普吉府,交通服务,皇家码头,码头与渡轮,royal phuket marina,普吉岛东部,码头换乘/乘船出海,0,既有全量候选,"https://www.xiaohongshu.com/explore/6a7d8928000000003301077c?xsec_token_redacted=1&xsec_source=pc_dots
https://www.xiaohongshu.com/explore/6a7553280000000022010e8d?xsec_token_redacted=1&xsec_source=pc_dots
https://www.xiaohongshu.com/explore/68fe024b0000000007034265?xsec_token_redacted=1&xsec_source=pc_dots","「1*混合贴」
标题：皮皮岛出海——保姆级攻略
正文：可以去卡伦卡塔街上一路问过去比价，价格大概在💰2000-3000🐷也可以像我们体验不一样一些的，去到皇家码头，报名白人团，价格会贵些💰5000🐷，但码头和潜店环境都特别好，人数少服务也贴心

跳岛一日游行程：

「2」
标题：🌊 普吉岛YONA｜海上漂浮俱乐部天花板
正文：海上漂浮俱乐部天花板｜王嘉尔同款

谁懂啊！在安达曼海中央泡无边泳池看日落🌅
全球首家多层漂浮海滩俱乐部，纯白巨轮+22米无边泳池直通果冻海，每一秒都像在拍海岛大片📸

✨ 必打卡亮点

• 三层立体空间：一层水中吧台、二层落日露台、三层360°全景天台

• 22米超长无边泳池，悬空网床+泳池躺床+私密Cabana，躺平看海超治愈

• 下午场DJ驻场+日落派对，橘色晚霞配海风，氛围感直接封神

• 4间酒吧+法式海景餐厅，鸡尾酒+泰式简餐+日料小食，颜值味道双在线

📌 实用攻略

• 地址：Royal Phuket Marina（皇家普吉码头），快艇10分钟直达

• 开放：周二/四/六 9:30-21:30；其余14:00-21:30

• 交通：Grab到皇家码头，每15-20分钟一班接驳船

💡 小Tips

• 早场（9:30-14:00）安静适合亲子/情侣放空

• 下午场（14:00后）成人专属，派对氛围拉满

• 提前3-5天预约，热门位置超难抢

普吉岛旅行清单NO.1，答应我一定要来！
#普吉岛旅游[话题]# #YONA漂浮俱乐部[话题]# #泰国旅行[话题]# #海岛度假[话题]# #日落派对[话题]# #网红打卡[话题]# #普吉岛攻略[话题]#

「3*混合贴」
标题：Yona Beach Club全攻略-从白天嗨到黑夜
正文：2. 出行当天，导航到royal phuket marina，在这个码头检票上船。切记不是国内传统酒吧，千万不要迟到❗️❗️否则票直接作废不退不换，没有改期没有退票！非常重要‼️我们就是第一天错过了最后登船时间，沟通改期无果重新买票花了双倍价格和时间第二天又去的。所以千万不要迟到。
开放时间：
上午场：9:30-13:30（最后登船12:00）
下午场：14:00-21:30（最后登船17:00）",小红书名称候选；名称证据不是游客热度，尚未核验Place ID、坐标、地址、营业状态或评分
普吉府,交通服务,拉查码头,码头与渡轮,racha pier；拉查湾码头；racha pier/拉查湾码头,普吉岛南部,码头换乘/乘船出海,0,既有全量候选,https://www.xiaohongshu.com/explore/6a8c3ebd000000000b026443?xsec_token_redacted=1&xsec_source=pc_dots,"「1*混合贴」
标题：普吉岛出海行程分享
正文：第二天莫吉托号也是8:40司机接送，拉查码头离卡塔挺近，行程就比较度假了，船头很适合躺着，只去珊瑚岛和皇帝岛，人也没那么多，午饭依旧是自助快餐，可以自费深潜，最后也会在海中央玩扶梯跳海浮潜，如果不想太累直接选择这个行程就可以，船员服务上是莫吉托号加分的项目，很有情绪价值，小费也是给的很乐意#普吉岛[话题]# #普吉岛旅游[话题]# #普吉岛旅行[话题]# #皮皮岛[话题]# #皇帝岛[话题]#",小红书名称候选；名称证据不是游客热度，尚未核验Place ID、坐标、地址、营业状态或评分
普吉府,交通服务,拉威海滩码头,码头与渡轮,rawai beach pier；拉威码头；rawai beach pier/拉威码头,拉威海滩；普吉岛南部,码头换乘/乘船出海,0,既有全量候选,"https://www.xiaohongshu.com/explore/6a6316af000000001f01c6c5?xsec_token_redacted=1&xsec_source=pc_dots
https://www.xiaohongshu.com/explore/6a60b82b000000000c015fa9?xsec_token_redacted=1&xsec_source=pc_dots
https://www.xiaohongshu.com/explore/6a41246c000000001700a10f?xsec_token_redacted=1&xsec_source=pc_dots","「1」
标题：🌅普吉岛封神半日游｜帆船出海+追落日绝了
正文：谁懂啊！！在普吉岛玩到了人生日落！！
从拉威海滩码头出发，坐双体帆船去珊瑚岛
不用早起！睡到自然醒慢悠悠出发
🏝️ 第一站：珊瑚岛水上项目嗨玩
40分钟船程就到啦！海水清到能看到底，沙滩像面粉一样，超好拍！
✔️香蕉船超刺激但很安全（害怕掉水里的可以选择不翻船）
✔️拖拽伞超好玩！但是时间过于短了
✔️海底漫步看珊瑚
不会游泳也完全可以冲！
（⚠️一定要涂防晒！海上日晒真的狠）
⛵ 第二站：回程浮潜+船餐+追日落
离开珊瑚岛之后船长会找浮潜点
水超清鱼超多！
snorkeling装备船上都免费提供
玩累了就瘫在甲板上等日落
船上有晚餐+水果+饮料
边吃边看天空从橘色变成粉紫色
人间值得
🌄 第三站：等落日完全沉没再返程
船会开到神仙半岛附近
这里是普吉看日落最绝的地方！
7月日落大概在18:48左右
一定要等到太阳完全掉进海里再走
余晖洒在海面上的那一刻
真的会美哭😭
💡 小tips
✔️出发时间选下午1点半左右
✔️在珊瑚岛上换好泳衣就行
✔️自带浴巾和防水手机袋
✔️容易晕船提前吃晕船药
✔️套餐大概1650铢/人，含接送+船餐+浮潜装备
来普吉不体验一次帆船落日巡航真的会后悔！！
我们去的那天船上有很多曼谷来度假的本地人，看日落的时候，还有红酒提供，船餐很美味～装了个大的～
#普吉岛旅行[话题]# #普吉岛出海[话题]# #珊瑚岛[话题]# #日落帆船[话题]# #拉威海滩[话题]# #泰国旅游[话题]#

「2*混合贴」
标题：普吉岛海滩合集🏖️每一片海都藏着专属浪漫
正文：从拉威码头跳岛游，包船30min到达对岸，海水是通透清澈的薄荷绿，上岛门票配备沙滩躺椅，人很少，太惬意啦[害羞R]地址Coral Island(Koh Hae)，Rawai Mueang Phuket District

「3*混合贴」
标题：普吉岛拉威才是神仙独旅天堂
正文：怎么吃，这里有海鲜市场现捞现做，性价比绝了，来拉威不吃海鲜等于白来，认准这个全岛大IP：拉威海鲜市场 (Rawai Seafood Market) 🦞就在拉威码头旁边。一整条街左边是海鲜摊，右边是加工店。你可以直接去摊位上挑活蹦乱跳的大龙虾
【怎么住】性价比天花板，推门就是海拉威的住宿主打一个“高性价比”和“清静”：海景度假酒店 & 精品民宿 ，这里的住宿价格只有芭东的一半，但房间又大又新。很多酒店推开窗就能看到停满长尾船的海湾。如果你喜欢早起散步、看海、吹海风，住在拉威海滩路附近真的会幸福感爆棚。
⚠️ 拉威独旅避坑指南（小抄请收好）拉威海滩不适合游泳！岸边停满了长尾船，沙质一般。想游泳或晒太阳，打车 5 分钟去隔壁的 奈汉海滩（Nai Harn Beach），那里的沙子像面粉一样细！出行必备 Bolt 或 grab！拉威公共交通较少，一个人出门用软件叫摩托车最方便，又快又省钱。海鲜市场加工时，一定要盯着店员秤重，防止被掉包，买死海鲜。",小红书名称候选；名称证据不是游客热度，尚未核验Place ID、坐标、地址、营业状态或评分
普吉府,交通服务,蓝色夏天,交通节点与游船服务,Blue Summer,普吉镇接送点,到达/换乘/码头/出海,0,本轮定向补采新增,https://www.xiaohongshu.com/explore/67a0c5fe00000000290083c9?xsec_token_redacted=1&xsec_source=pc_dots,"「1*混合贴」
标题：普吉岛｜皮皮岛自助游乘船体验及超详细攻略
正文：🚗买票之前了解了一下，平台有好几个，最便宜的看大家的说法应该是agoda。不过看来看去最终还是飞🐷上买的票，带普吉镇上的接送（因为普吉岛打车很贵200株起步价）。最基本的票价普吉岛到皮皮岛agoda上一个人93rmb，我买的带接送飞🐷107一个人，是泰国blue summer这家，响应速度还挺快。
🚗买的下午13:45的船，客服说的12点20/30之间接，实际上晚了一点。司机到酒店大堂会找人核对名字，因为拼车所以可能会有接送时间浮动。司机是泰国人，就是那种mini van的小巴车。",小红书名称候选；名称证据不是游客热度，尚未核验Place ID、坐标、地址、营业状态或评分
普吉府,交通服务,攀瓦码头,码头与渡轮,panwa pier；visit panwa pier；panwa pier / visit panwa pier；攀瓦湾码头；panwa pier/攀瓦湾码头,普吉岛东南部；普吉岛东部,码头换乘/乘船出海,0,既有全量候选,"https://www.xiaohongshu.com/explore/6a7e61520000000032032504?xsec_token_redacted=1&xsec_source=pc_dots
https://www.xiaohongshu.com/explore/665494730000000016012541?xsec_token_redacted=1&xsec_source=pc_dots","「1」
标题：普吉岛出海半日Ι冰淇淋号跳岛+浮潜
正文：本次来普吉出海跳岛选择了冰淇淋号（图5），总体来说还是非常不错的。除了船餐略感一般外，其余各项都很友好，适合家庭、亲子、想要浮潜玩水的朋友。
1️⃣7:30酒店接客人至攀瓦码头（图1），码头的小零食、冰淇淋可以随便吃，导游讲解完注意事项和具体行程（图2）后就可以登船了。
2️⃣船上提供免费水和饮料，开船后约15分钟到达蜜月岛，一路上的海水超级蓝，还拍到了雨后的彩虹🌈（图3、4），蜜月岛是私人岛屿不能登岛，在附近浮潜看小鱼，大概40分钟。（图5）
3️⃣从蜜月岛出发至外蛋岛，大概30分钟船程，期间吃午餐和水果。（图7、8）
4️⃣到达蛋岛（图9）后登岛玩一小时，不得不说，海水是真漂亮啊，是那种绿色的果冻海（图10-13），吹着海风走在沙滩上感觉非常舒服。
5️⃣从外蛋岛出发，在附近再次浮潜30分钟，这里的鱼非常多（图6），可以在这里录水下小鱼的视频。
6️⃣最后返回攀瓦码头，回到码头时间大概13:30左右。

船上提供免费的浮潜用具和一次性咬嘴，需要穿救生衣下水。
晕船一定吃好晕船药，船上有冲水的地方，以及浮潜时有魔毯和大滑梯🛝
船上服务人员的态度都非常好，不懂的都可以问他们，他们还会帮忙拍照。

如果不追求极致出海体验，选择冰淇淋号的性价比还是非常高的。#浮潜[话题]# #游轮[话题]# #出海[话题]# #普吉岛旅游[话题]# #普吉岛出海[话题]# #普吉岛[话题]#

「2*混合贴」
标题：普吉岛冰淇淋号鸡蛋岛蜜月岛半日游
正文：🛳码头：Visit Panwa Pier
📍地址：88/88 Mhu 7 Wichit, Mueang Phuket District
🗓行程安排（上/下午）：
👉07:00/12:00 根据酒店位置安排时间接您",小红书名称候选；名称证据不是游客热度，尚未核验Place ID、坐标、地址、营业状态或评分
普吉府,交通服务,普吉国际机场,机场,Phuket International Airport,国际到达6号门/国内到达3号门,航班到达/离开,1,本轮定向补采新增,"https://www.xiaohongshu.com/explore/6a77e743000000000502826d?xsec_token_redacted=1&xsec_source=pc_dots
https://www.xiaohongshu.com/explore/692a6edf000000001b0224a9?xsec_token_redacted=1&xsec_source=pc_dots
https://www.xiaohongshu.com/explore/69be07b5000000001a022a72?xsec_token_redacted=1&xsec_source=pc_dots
https://www.xiaohongshu.com/explore/69f1b1f4000000003501e92f?xsec_token_redacted=1&xsec_source=pc_dots
https://www.xiaohongshu.com/explore/6a659f23000000001102e434?xsec_token_redacted=1&xsec_source=pc_dots","「1*混合贴」
标题：普吉机场到pipi岛这么走便宜又快
正文：普吉机场出来，国际到达在6号门这里出来打车比任何软件打车便宜，我们各种软件打车准备去Rassada pier6座的车都显示至少300人民币，这里才200，从国内到达出来右转走5分钟就到了。
一个小时到了码头，我们提前买了船票AW的大船，在最里面图三的地方换的船票，但是实测这个季节现场随时可以买票，船空了一半没人坐；不用买头等舱，经济舱完全够了，还可以上夹板吹海风，头等舱就是单独一个房间而已，票价贵差不多一半。

「2*混合贴」
标题：终于被我说清了！普吉机场去皮皮岛通塞码头
正文：关于自由行！！到了普吉机场可以坐机场大巴8411

「3*混合贴」
标题：查龙码头到普吉机场不必打车，大巴即可
正文：到车站就可以直接坐上去往普吉机场的橙色大巴了（图2是我在机场拍的车站，回程也是一样的）需要100🐷，最晚一班是十点，如果时间不富裕，建议换别的交通工具吧！

「4*混合贴」
标题：查龙码头到普吉机场
正文：经济实惠但费时型（115🐷/人）
第1️⃣步：坐粉线大巴

「5」
标题：普吉岛机场大巴，推荐大家，根本不用打车接机
正文：#普吉岛[话题]# #普吉岛旅行[话题]# 怒省100多人民币，太划算啦，大巴🚌会停三个站，分别是：卡伦、卡塔、芭东都可以是上车点，只要100🐷 车上不找零 大家一定准备好100🐷 车车是蓝色的 上车前可以问一下司机是不是去机场的，以免坐反了，用高德导航bus stop 也是可以到达车站的。
如果你是从普吉机场出发，那就去国内航站楼3号出口左侧蓝色大巴可以抵达，卡伦、卡塔、芭东，价格也是100🐷希望对大家有帮助。#赶路的正确打开方式[话题]# #跟着公交去旅行[话题]# #大巴车[话题]#",小红书名称候选；名称证据不是游客热度，尚未核验Place ID、坐标、地址、营业状态或评分
普吉府,交通服务,普吉汽车总站1,汽车与巴士站,Phuket Bus Terminal 1,普吉镇,城际交通/到达离开,0,本轮定向补采新增,"https://www.xiaohongshu.com/explore/692a6edf000000001b0224a9?xsec_token_redacted=1&xsec_source=pc_dots
https://www.xiaohongshu.com/explore/69be07b5000000001a022a72?xsec_token_redacted=1&xsec_source=pc_dots
https://www.xiaohongshu.com/explore/6a3e42ec000000002103ec0c?xsec_token_redacted=1&xsec_source=pc_dots
https://www.xiaohongshu.com/explore/68ee1df10000000003022e56?xsec_token_redacted=1&xsec_source=pc_dots
https://www.xiaohongshu.com/explore/69f8779a0000000023014f6a?xsec_token_redacted=1&xsec_source=pc_dots","「1*混合贴」
标题：终于被我说清了！普吉机场去皮皮岛通塞码头
正文：直接到普吉汽车总站1，然后从汽车站打车就是图中红色那辆15-20泰铢一个人，15分钟就可以到普吉Rassada pier，✈️从普吉机场出发总时长1个小时30分钟，总花费120泰铢一个人！！性价比还是相当可以👍

✅可以现场买船票去皮皮岛，快艇时间比较多，用时一个小时，ferry便宜固定班次2个小时左右！
✅机场大巴时刻表在后面

「2*混合贴」
标题：查龙码头到普吉机场不必打车，大巴即可
正文：从查龙码头出来，会看到有一辆粉色的巴士，写的Phuket Chalong pier-Super Cheap 的巴士（图1票上写的），你告诉卖票员要去Bus Terminal 1仅需15🐷（可以和她说到站叫你，她就会告你下车）

「3*混合贴」
标题：🚌普吉岛查龙码头去机场大巴
正文：从查龙码头出来之后可以导航到Chalong Pier公交站，对面是puket omart pier（图5），会停有蓝色双条EV bus，到达Bus Terminal 1大概需要一小时。然后从Bus Terminal 1下车换乘橙色机场巴士即可到达机场。图4是公交车的发车时间，每隔一小时才发一趟车，大家不要错过时间了！

「4*混合贴」
标题：普吉岛往返甲米bus亲测攻略
正文：📍导航：Phuket Bus Terminal 2，进来以后到4号窗口买票，拿着你的票进到对应站台等待即可；甲米
tips：

「5」
标题：穷游泰国*普吉岛机场大巴＆双条车详解
正文：**更多普吉岛攻略，可点首页**
--------
机场大巴+双条车基本就是普吉岛的公共交通
机场大巴可到达普吉镇、芭东、卡伦、卡塔，同时实现芭东-卡伦-卡塔的公交互联
双条车，能实现普吉镇与芭东，普吉镇与卡伦、卡塔的互联
如果想一天从卡伦/塔-普吉镇-芭东的游玩，坐两次双条车就行了

🚉1.普吉机场乘车点（到普吉镇、芭东、卡伦、卡塔）100株听说5月涨价了
看图1，国际到达从8号门出直走，经过grab乘车点，国内到达3号口再向前就是
P2车到达普吉镇始发6:30，最晚22:30
P1和P3都会到达芭东、卡塔和卡伦，8:15首班，如果坐的人少可能会等待

🚉2.返回机场，在下车的对面公交站牌等待就行，芭东建议到始发站，定位Kan's haus cafe and bistro，其实就是夜市大门的对面，图3

🚉3.普吉镇-芭东，有双条车（40株，末班18点）和smart bus（末班更晚）两选择
双条车1小时，出发图5，Local Bus Stop To Beaches ，返程Fame Patong Jet Ski for rent
Smart Bus出发 Phuket Bus Terminal 1，返程Fame Patong Jet Ski for rent

🚉4.普吉镇-卡伦、卡塔，50株
普吉镇出发都是Local Bus Stop To Beaches
卡伦返程 Karon Circle - Kata local bus station
卡塔返程 Beyond Resort Kata
📝注意tips：
卡伦卡塔返程普吉镇海边站点很多，看到图6的就是站台，时间点供参考，提前10分钟到达，坐图8的车，约1.5小时
--------
#山在穷游[话题]# #穷游新马泰[话题]# #穷游普吉岛[话题]# #RED旅游网校[话题]# #穷游经济学[话题]# #对我友好的旅行[话题]# #五一出行问活人[话题]# #J人攻略转让[话题]# #howto反向旅游[话题]# #一万种旅行howto[话题]# @HOWTO薯

**更多攻略，可点👇 穷游新马泰 合集**",小红书名称候选；名称证据不是游客热度，尚未核验Place ID、坐标、地址、营业状态或评分
普吉府,交通服务,普吉汽车总站2,汽车与巴士站,Phuket Bus Terminal 2,普吉镇,城际交通/到达离开,0,本轮定向补采新增,"https://www.xiaohongshu.com/explore/66e5e121000000000c01a0b4?xsec_token_redacted=1&xsec_source=pc_dots
https://www.xiaohongshu.com/explore/68ee1df10000000003022e56?xsec_token_redacted=1&xsec_source=pc_dots
https://www.xiaohongshu.com/explore/6a8beea2000000000302b497?xsec_token_redacted=1&xsec_source=pc_dots","「1*混合贴」
标题：🚌普吉岛到甲米❗️人均40RMB
正文：- 🚉普吉镇汽车站：位于普吉镇中心，地址是Phuket Bus Terminal 2。从这里有多家大巴公司提供前往甲米的服务。

「2*混合贴」
标题：普吉岛往返甲米bus亲测攻略
正文：📍导航：Phuket Bus Terminal 2，进来以后到4号窗口买票，拿着你的票进到对应站台等待即可；甲米
tips：

「3」
标题：2026.8.19普吉-甲米 180泰铢巴士
正文：[气球R]导航：Phuket Bus Terminal 2（到门口就有大姐喊甲米，跟她走就行，她只带你去窗口）
[气球R]窗口：28号窗口
[气球R]费用：180泰铢/人
[气球R]时长：约3.5小时，我们乘坐13:15班次，中间无停留，不是站点也有下客。
[气球R]车况：座位宽敞，头顶就有usb插口，中巴24座，票上写了座位号，按座位号入座，座位号马克笔是写在座位后面的。
[气球R]到达甲米镇车站（p4-6），可坐双条车或打车去目的地，车站有卫生间，收费5泰铢/人

#泰国旅行[话题]# #甲米镇[话题]#",小红书名称候选；名称证据不是游客热度，尚未核验Place ID、坐标、地址、营业状态或评分
普吉府,交通服务,Chureang Travel & Tour,交通节点与游船服务,Chureang Travel & Tour,Rassada码头,到达/换乘/码头/出海,0,本轮定向补采新增,https://www.xiaohongshu.com/explore/697783ae000000000e00d853?xsec_token_redacted=1&xsec_source=pc_dots,"「1」
标题：普吉岛Day2皮皮岛
正文：从老镇过去码头虽然很近，grab160泰铢。但是太近等了很久才有司机接单，而且司机过了很久才到。如果是11点的船，可能10点就要开始叫车。
到了码头有人会告诉你去几号，过去直接上船。到的早可以选位置。到的晚没啥位置选，不过可以比较先拿到行李下船。船票去官网买，提前买有折扣，确定好时间可以选便宜的。我选的这家chureang travel&tour是大船，2小时，折后435泰铢。船仓看着有些老旧，可以去二层拍照。上岛有20泰铢每人的费用。
中午租了船去猴子沙滩，带娃本来犹豫了一下安全性，不过事实证明没啥问题，只要坐稳，不要左右晃就行。船不要停沙滩，猴子会上船拿东西。把船绑海里的绳子上就行。猴子沙滩鱼不多。
晚上去了网友推荐的thai duck餐厅，味道偏咸，感觉一般。
酒店选了pp优美海滩度假nice beath酒店，到通赛湾和闹市区步行10分钟，比较安静，出门就是沙滩。但是房间有点小，进门就是床，洗手间稍微有点异味。酒店旁边有几家面朝大海的按摩。",小红书名称候选；名称证据不是游客热度，尚未核验Place ID、坐标、地址、营业状态或评分
普吉府,交通服务,Rassada Pier,码头与渡轮,Rassada Pier Terminal,普吉镇附近,码头换乘/乘船出海,3,本轮定向补采新增,"https://www.xiaohongshu.com/explore/6a77e743000000000502826d?xsec_token_redacted=1&xsec_source=pc_dots
https://www.xiaohongshu.com/explore/692a6edf000000001b0224a9?xsec_token_redacted=1&xsec_source=pc_dots
https://www.xiaohongshu.com/explore/67a0c5fe00000000290083c9?xsec_token_redacted=1&xsec_source=pc_dots
https://www.xiaohongshu.com/explore/682ef1980000000021006821?xsec_token_redacted=1&xsec_source=pc_dots
https://www.xiaohongshu.com/explore/6992c62f000000000b013e23?xsec_token_redacted=1&xsec_source=pc_dots","「1*混合贴」
标题：普吉机场到pipi岛这么走便宜又快
正文：普吉机场出来，国际到达在6号门这里出来打车比任何软件打车便宜，我们各种软件打车准备去Rassada pier6座的车都显示至少300人民币，这里才200，从国内到达出来右转走5分钟就到了。
一个小时到了码头，我们提前买了船票AW的大船，在最里面图三的地方换的船票，但是实测这个季节现场随时可以买票，船空了一半没人坐；不用买头等舱，经济舱完全够了，还可以上夹板吹海风，头等舱就是单独一个房间而已，票价贵差不多一半。

「2*混合贴」
标题：终于被我说清了！普吉机场去皮皮岛通塞码头
正文：直接到普吉汽车总站1，然后从汽车站打车就是图中红色那辆15-20泰铢一个人，15分钟就可以到普吉Rassada pier，✈️从普吉机场出发总时长1个小时30分钟，总花费120泰铢一个人！！性价比还是相当可以👍

✅可以现场买船票去皮皮岛，快艇时间比较多，用时一个小时，ferry便宜固定班次2个小时左右！
✅机场大巴时刻表在后面

「3*混合贴」
标题：普吉岛｜皮皮岛自助游乘船体验及超详细攻略
正文：3. 出发码头是这个Rassada Pier Terminal，定之前可以先看一下位置再决定要不要带接送。
4. 到达皮皮岛两个码头，先到通塞码头。如果大点的酒店会有人举着牌子接，就在码头出口。

「4*混合贴」
标题：皮皮岛攻略1（上岛与离岛）
正文：上岛要在普吉岛的Rassada Pier出发，找工作人员领船票然后按时上船。皮皮岛上有两个码头，各自是皮皮岛通塞码头（Phi PhiTonsai Pier）和皮皮北（也叫蓝通码头Phi Phi Laemtong），大家定船之前要看好酒店的位置，不要定错码头。离岛也是从皮皮岛的通塞码头或蓝通码头出发，返回到普吉岛的Rassada Pier。
[三R]种类和时间
船的种类有快艇有大船，快艇1个小时左右能到，快艇时间表见图3。【温馨提示：从普吉岛-皮皮岛的快艇坐右边，风景更好】
大船2小时左右能到，大船时间表见图4。费用好像会有变化，有的时候会打折，大概是快艇150左右，大船100左右（普通舱）。

「5」
标题：🇹🇭泰兰德攻略： 甲米到普吉岛 之 坐船篇🚢
正文：甲米到普吉基本是两种交通方式 汽车🚘 或者船🚢。
船期是每日两班：上午10:30 和下午15:00。

其实耗时长短我觉得都差不多。
因为船不会直接就走 还会中途到另一个岛接一波人 所以中间会墨迹一会儿 而且船家会提前到酒店去接 算上中间浪费的时间 就大差不差了。

官方售票的地方在甲米奥南夜市门口的小亭子（图6️⃣）亲测很晚都还在营业 去问了一下成人900🐷包含两边的接送（甲米和普吉）
我是在🍑上买的🎫 纯因为便宜 两个人省了75r

我们住在奥南海滩不远 但也是通知14:00来接 实际14:08上的船 我们酒店有我们和一对印度夫妇 坐满直奔码头了。
到了码头会问你普吉住哪里 给发不一样的小圆贴 贴在衣服上显眼的位置 下船会有不同的面包车送你到酒店。我们住在普吉Central百货旁边 确实选普吉的住宿让我头疼得要命当初。所以普吉镇那一车我们是最后下车的。

我们因为必然起不来肯定选了下午的。
话说我中午退房之后到回来坐船的一个小时45分钟里 还去了monkey trail和大象咖啡厅。我可真了不起～

到甲米的码头发完圆贴会告诉你上哪个船 因为他们把几个船横向捆在一起增加稳定性 运行李也方便 。上船之后随便坐 左右各三个还是四个位置（因为太困没记住）中间有个过道。甲板上没开船之前可以抽烟 开船之后我就睡着了再也没出去过。

到普吉的码头是Rassada Pier 时间是17:30 差不多卸完行李上面包车也得18:00了。而且码头离普吉镇最近 如果再跑到各个海滩怎么也得将近1小时。
所以大家可以按照自己住的位置决定坐车还是坐船。也欢迎坐过汽车从甲米到普吉的小伙伴分享一下时间和经济成本[蹲后续H]

属于是想到哪写到哪～
正好春节在家很无聊 开始补泰国旅行期间的日记📓（谁家好人写日记？！[石化R] 对不起是我 我保持了这个糟糕的习惯许多年[笑哭R]）
泰国最后一站是普吉。
上次来普吉还是 2015年 所以记忆都模糊了。只记得 压哨赶飞机 之类。
这次决定来普吉 是因为搜了一下甲米回国的航班都是又贵又周折（本人座标：大连。一个走到尽头就是海的地方 坐高铁都不怕坐过站的城市 因为没法再开了[笑哭R]）
于是想到 曲线救国 去普吉玩两天 也是好的。
普吉回国就容易很多了 上海一个中转 只要900块[赞R]

#泰国旅行[话题]# #甲米到普吉岛[话题]# #甲米攻略[话题]# #普吉岛攻略[话题]#",小红书名称候选；名称证据不是游客热度，尚未核验Place ID、坐标、地址、营业状态或评分
清莱府,交通服务,清莱机场,机场,Chiang Rai Airport,市区4.5公里,适合进出清莱,5,20260901二三线目的地缺口续采,"https://www.xiaohongshu.com/explore/66e67972000000000c018696?xsec_token_redacted=1&xsec_source=pc_dots
https://www.xiaohongshu.com/explore/691c7309000000001f004eff?xsec_token_redacted=1&xsec_source=pc_dots
https://www.xiaohongshu.com/explore/65f968400000000012032fa7?xsec_token_redacted=1&xsec_source=pc_dots
https://www.xiaohongshu.com/explore/660233ae000000000d00d7cc?xsec_token_redacted=1&xsec_source=pc_dots
https://www.xiaohongshu.com/explore/5ca4b61d000000000f027912?xsec_token_redacted=1&xsec_source=pc_dots","「1*混合贴」
标题：清迈、清莱之旅——住宿篇
正文：中泰互相免签了，来泰国自由行变得格外方便，来旅游住宿也是一个很重要的问题。短期旅游基本上也就两个选择：酒店或者民宿。清迈是个游客很多的城市。酒店和民宿到处都是，各有各的特点。为了出行方便我这次选择了一家在古城北面的一家叫Meeting Hotel & Coffee的民宿，一楼可以喝咖啡，楼上是房间。房间基本上都是大于40平的，干净舒适。老板娘是中国人。人很好很热情，当下就决定直接定了三天。（见图1-3）。后来去清莱为了看黑白蓝三座庙，定了两家酒店，价格也不贵，都自带泳池。一家在清莱机场附近，离蓝庙和白庙近（见图4），室外泳池一般般，感觉没人维护，水不清里面还有小动物尸体，不建议下水游（清莱发洪水也被淹了，目前关闭中）。一家在清莱市区附近（见图5），这家的泳池很不错，水清澈，游泳体验感很好，138rmb还带早饭。 总结：1.清迈古城附近住民宿体验感不错，都有自己的特色。其他地方酒店民宿皆可。酒店200左右都可以住到不错的。2.清莱的价格相对要更便宜一点。#酒店推荐[话题]# #清迈民宿[话题]# #清莱酒店[话题]#

「2*混合贴」
标题：曼谷清莱一日✈️游极限逛白红蓝三庙
正文：2.清莱机场已经没有大巴了，所以一定要要打grab或者bolt，机场打grab摩托车比较贵125b，所以我走到了对面的711打车，才73b。不过，他这个机场设计道路非常有问题，完全没有考虑乘客步行出机场的问题，没有路给行人走的，走到对面711完全是走在机动车道上，附近都是快速路。
3.如果住在考山路，廊曼机场出发最好定9点以后的飞机。考山路A4去廊曼机场最早的大巴是6点从廊曼机场发车过来50分钟，回去50分钟，8点的赶不上，打车去了火车站坐红线，路上还各种红灯+堵车，最后7:30才到机场，一路狂奔。此外，红线去廊曼是3号站台！不要走错了。
4.到了清莱bus terminal1后，去白庙的巴士是写有white temple的，直接上，等人快满了会发车，开车后售票员会问你去哪。不要问旁边的路人，因为当地人几乎不会英文。。。当时我去的时候就有我和另外一位白人奶奶去白庙。从白庙回来是在对面那个警察局police box上车，那个是突突车上车点，坐在那里会有蓝色突突车路过停下来接人的。

「3」
标题：到了清莱机场如何最便宜进城？
正文：清莱机场很小，出口右转有机场大巴到夜市，28泰铢（车子是我们中国生产的，车厢里面好多中文系）[偷笑R][偷笑R][偷笑R]#清莱[话题]# #泰国清莱[话题]#

「4」
标题：🇹🇭清莱艾美大促！928💰两人！豪华客房➕双早
正文：🌟3、4月去哪玩？！当然是来泰国清莱啦！！
中泰永久免签入境，正好4月泰国泼水节
真的很难不心动！！
.
入住@清莱艾美度假酒店 再适合不过
✔酒店位于雄伟的 Mae Kok 河畔，俯瞰山景，地理位置极佳，邻近河边。周围环绕着山脉、历史悠久的佛教🙏寺庙以及山丘村落，环境幽静，适宜度假⛱️
.
✨✨这才是度假的感觉呀！！
.
‼仅928rmb起💰‼来清莱艾美度假酒店感受2天1晚的大自然的壮丽之中！！
.
在美景中放松自我，放飞心情！！
三位数即可入住豪华园景房+双人早餐
📅有效期即日起-2024年4月期间
.
✨酒店亮点：
✔酒店整体面积超级大，满眼绿色🌳，而且地理位置好，邻近河边。距离清莱夜市3公里，出行便利、距离清莱机场✈4.5公里，周边有很多景点，包括白黑蓝庙
.
✔酒店每间设施齐全的客房都配备有国际长途电话📲、无限网络和熨衣设备
.
✔提供电热水壶和瓶装水。浴室配有拖鞋、24小时热水和浴缸。酒店设有咖啡厅☕，您可在这里放松身心，享受贴心的服务
.
✔附近美食🍱：Doi Chang Fresh Coffee（东南亚菜）、GRAND-MA-PAI Cafe & Cuisine（泰国菜）、Vivien House（泰国菜），酒店的早餐超好吃哦！
.
📍泰国，清莱府，清莱，221/2 Moo 20 Kwaewai Road, Tamboon Robwieng, Amphur Muang
.
🎁【入住礼遇】
🈶2月13日至4月29日，会员注册入住可获取1000积分
🈶管家服务、客房礼遇等
🈶双人早餐
🉑多种房型选择
🉑泰语、中文和英文语言服务
🉑正宗泰式料理
#和大自然亲密接触[话题]# #清莱艾美度假酒店[话题]# #酒店推荐[话题]# #泰国旅行[话题]# #度假酒店[话题]# #我爱官方大大求流量[话题]# #清莱[话题]# #清莱旅行[话题]# #清莱白庙[话题]# #酒店[话题]# #泰国旅游[话题]# #泰国[话题]# #酒店预定[话题]# #清莱酒店[话题]# #泰国旅游攻略[话题]# #平价酒店[话题]# #城市周边露营好去处[话题]# #度假[话题]#

「5」
标题：泰国🇹🇭 | 泰北美斯乐，深山华人村落
正文：👉景点
义民文史馆、段将军陵墓、山顶看日出日落、山顶皇太后墓、101茶园
👉路线:
1⃣清迈–美斯乐，7:20巴士到Ta Ton塔通站，车程约4小时。转搭双条车，每天3班，8:30、10:30、12:30。车程约5小时到达终点站“新生旅馆”，全程费用90泰铢。
2⃣清莱–美斯乐:
▫汽车【推荐】:清莱共2个汽车站，去美斯乐的车在bus1，清莱–美赛Mae Sai，在Ban Basang巴山村下车转搭双条车，全程60泰铢，可将行李放在清莱。
▫包车:花了1500泰铢，才发现路超级干净，就是山路有爬坡，有山路经验的骑摩托车也是可以的。
3⃣美斯乐–清莱机场
双条车到美赛，包车100元左右到机场。
清莱机场很小很小，退税方便，购物地方超级小，除了常用药外，几乎没啥东西。
👉交通🏍️
▫建议租摩托车(图四)，200泰铢/天，101茶园有些远，山路。
▫上山共两条路，一条公路，在市场处有个上山的岔口，有些陡，16:00-17:00左右当地人遛弯、跑步人多；一条步行爬700多个台阶，就在新生旅馆后身，图二就是爬上山看到的风景；
👉住宿🏨:新生旅馆(美斯乐最早的旅社，老兵创立)
位置很赞，核心位置。段将军陵墓、博物馆都在附近
👉费用:山上没有专门换币的地方，需准备现金。
☀遇见一个荷兰的老大爷，在二楼看着路口，一动不动就那么盯着看，过去一问，原来这是他第13次来这边，每年都要来，最长的一次住了3个月。
#泰国旅行[话题]# #金三角[话题]#",名称在本题引用小红书正文中直接命中；该计数用于名称证据审核，不代表全网提及量或游客热度
清迈府,交通服务,清迈国际机场,机场,Chiang Mai International Airport (CNX),"市区西南,距古城约4公里",航班到达/离开,0,本轮定向补采新增,"https://www.xiaohongshu.com/explore/69f8b6570000000037035242?xsec_token_redacted=1&xsec_source=pc_dots
https://www.xiaohongshu.com/explore/6a6d46cf0000000033010477?xsec_token_redacted=1&xsec_source=pc_dots
https://www.xiaohongshu.com/explore/69632973000000001a01e4c6?xsec_token_redacted=1&xsec_source=pc_dots
https://www.xiaohongshu.com/explore/6a1cf0050000000036030190?xsec_token_redacted=1&xsec_source=pc_dots
https://www.xiaohongshu.com/explore/6a170630000000003501d026?xsec_token_redacted=1&xsec_source=pc_dots","「1」
标题：清迈机场安检歧视中国人
正文：事情是八点过安检的时候，我和朋友都穿的拖鞋，我光脚穿的拖鞋，清迈机场安检要求我们脱鞋。我用英语问一次性拖鞋在哪里，安检不提供，直接让我光脚踩在地板过安检。很生气，清迈机场安检不尊重人，后面排队的是白人，为什么没人让白人脱鞋，种族歧视？配合安检为什么不提供相应拖鞋或者措施让乘客光脚踩机场的脏地板。
找了负责人，来的是问询处的经理，让我们手写投诉信，有什么用呢，没有任何道歉解释和处理，报警不予受理，要求查看负责安检人员的工号不给，第二次过安检安检人员带上了口罩。
投诉机场都是自己人负责自己人，很无语，整个清迈机场都觉得让乘客光脚走地板是一件正常的事吗？
@泰国国家旅游局
#清迈机场[话题]##泰国旅游[话题]#

「2」
标题：2026年8月早晨清迈出境回国速度很快
正文：0630 酒店早餐，古城东南
0700 退房打车，早晨很好打车，Grab等候了5分钟
0720 到达清迈机场一层国际出发8号门
0740 完成值机，排队大概20分钟，也就是隔离带的长度。后续排队更长了一些，超出了隔离带。值机柜台写着0630开放，提前不到3小时，不用来得过早。
0755 在二层国际出发经过海关和安检，到达登机口，几乎不排队，随到随过。我的飞机九点多起飞，我不到8点就坐在登机口发小红书。
也就是说，从下车到登机口，一共半个小时左右。清迈机场很小，不用担心找不到柜台。
如果行李超重，或者其他问题，建议早到，提前2.5小时应该毫无问题。看到其他旅客遇到行李问题，需要时间。值机和托运行李安检不在一起，但是很近。
建议提前用各种APP查看该时段的国际航班，比如九点左右的国际航班极少，所以我提前1.5小时到达机场。如果该时段国际航班出港扎堆，那么务必提前2.5小时，很多朋友说可能会排长队。

「3」
标题：清迈国际机场小白回国流程
正文：🧳个人情况：
1️⃣东方航空/无托运行李/只有1个登机箱+随身小包/英语西撇
2️⃣26年1.11（非节假日）早上10:05清迈飞成都，昆明中转3小时
3️⃣第一次不熟悉，参考小红书选择提前2.5小时（即7:30）到达机场
🔔全流程如下：
1️⃣grab提前1晚预约车，选择到达航站楼8号入口，预约07:15从酒店出发。酒店到机场20分钟（没堵车）。
2️⃣6:30起床简单收拾+办理退房+早餐
3️⃣机场提示几乎都有中文，工作人员会说简单中文，交流无障碍。
4️⃣8号门进门左手边为春秋航空和东方航空值机柜台，会有工作人员引导+询问是否昆明中转、有无托运行李。
5️⃣柜台办值机+行李称重（登机箱不超过8kg顺利通过✅）
6️⃣拿上登机牌右转引导你去行李检查（托运处），不托运直接走旁边扶梯上2楼。
7️⃣2楼有厕所，可以上个厕所再过安检，里面人有点多。
8️⃣安检处不允许拍照❌，按提示过闸口，过行李（外套、鞋、皮带、手表、帽子都需要脱下过安检），眼镜可以拿在手上。
9️⃣过完安检行李装好，去外国护照出口，录右手指纹四个，摘帽子眼镜录人脸，拿回证件，over！
🔟找到登机口，坐下等待通知即可，旁边有咖啡店买了杯冰美式85铢边喝边选照片边等登机，游刃有余心情美丽🫰
⚠️
*文中提到的时间都是清迈当地时间，和国内时差1小时
*提前1小时（9点左右）结束值机
*实际流程花费时间1.5小时（依旧建议多留时间，上个厕所的时间出来队伍就变长了）
#回国[话题]# #清迈国际机场[话题]##清迈旅行[话题]#

「4」
标题：无需担心，清迈机场都是中文
正文：入境安检很丝滑
工作人员都会说中文
用中文提醒我扫脸时摘帽子
没问酒店、回程票和带的现金
拿完行李出来，10号口旁边有exchang
可以把1k泰铢换成小额的（ps只能换一张1k的）

重点提醒：落地先换电话卡再打开流量
不然就像我一样先痛失6块钱的国际流量费[再见R]
#清迈[话题]# #清迈机场[话题]# #入境[话题]#

「5*混合贴」
标题：✈️清迈机场｜到达+返程保姆级攻略｜零踩坑
正文：清迈国际机场（CNX）位于市区西南，距古城约4公里，车程10-15分钟，是泰国北部枢纽，国际/国内航班都在此起降，机场整体不大，流程简单。
🛬 到达篇｜Grab打车零踩坑
刚落地别慌！打车跟着这几步走：",小红书名称候选；名称证据不是游客热度，尚未核验Place ID、坐标、地址、营业状态或评分
清迈府,交通服务,清迈火车站,火车站,Chiang Mai Railway Station,古城东南约3公里,城际交通/到达离开,1,本轮定向补采新增,"https://www.xiaohongshu.com/explore/6a4215c00000000021019038?xsec_token_redacted=1&xsec_source=pc_dots
https://www.xiaohongshu.com/explore/6a6acff6000000000e037505?xsec_token_redacted=1&xsec_source=pc_dots
https://www.xiaohongshu.com/explore/6a6c5102000000002402621e?xsec_token_redacted=1&xsec_source=pc_dots
https://www.xiaohongshu.com/explore/6a5c3c51000000000c015654?xsec_token_redacted=1&xsec_source=pc_dots
https://www.xiaohongshu.com/explore/69967eea000000001b0153c1?xsec_token_redacted=1&xsec_source=pc_dots","「1」
标题：🇹🇭从清迈坐火车去南奔
正文：交通｜清迈➿南奔
1. 去程：Google map搜清迈火车站，去南奔的最早班09:30左右发车，30分钟到站，票价仅5泰铢。车上是人工报站，一路拍照的姐妹最好自己记一下时间，以免坐过站哦～
tips：咱们外国游客一定要带护照，去现场售票处购票要用护照才能买票！
2. 返程：14:22发车回清迈，到站后可以先把返程票买好，错过了就只有等17点的了。
游玩
1.Judy‘s home cafe
是一家带有农场特色的咖啡店～环境很漂亮，咖啡也不错，推荐dirty！
2. THAILAND Chicken Rice Lamphun
这家泰国海南鸡饭可能被中国人在小红书推荐后，去的人太多，已经有中文菜单了哈哈哈～味道确实不错，而且很便宜！40泰铢的白切鸡饭！
3.本来还想去寺庙，但我忘了带外套，漏肩膀不能进，遗憾离场～
#红薯地经验指南[话题]# #HOWTO[话题]# #小红书春日特派员[话题]# #南奔[话题]##清迈[话题]# #人生壮游之solotrip[话题]#

「2」
标题：🚞坐火车去清迈，沿途美到舍不得闭眼
正文：没有坐飞机那种匆匆忙忙，一路上窗外景色不停变换。终点是清迈，但路上的景色同样值得！

📌出行关键攻略
乘车车站
目前主要发车点：Krung Thep Aphiwat 中央车站（Bang Sue 邦苏新火车站），不是旧华南蓬站，别跑错！MRT 直达，建议提前 40 分钟到站。
车次怎么选（想看风景优先参考）
日间列车 7 号：07:30 发车，17:50 抵达清迈，全程白天，适合专门看沿途风景，缺点需要坐一整天；
热门夜班 9 次：18:40 发车→次日 07:15 到清迈，傍晚出发能看见黄昏田野，睡醒直达清迈，节省一晚住宿费，大多数游客首选。
车程大约 12–13 小时，泰国火车经常晚点，抵达当天行程不要安排太满。
车厢等级推荐
✅首选：二等空调卧铺（下铺）
价格约 950–1050 泰铢，床位可以拉帘子，有被子，空间更大带窗户，拍照方便。上铺便宜几十泰铢，但位置窄、窗口小。
一等卧铺：双人独立包厢，预算充足追求安静可选；
不推荐风扇车厢，灰尘大，长途很热。
购票方式
官方 D-Ticket 网站 / App（最便宜），支持英文；境外卡支付偶尔失败，备选 12goasia 第三方平台。
旺季（11–2 月、宋干节）一定要提前 14–30 天订票，下铺票很容易售罄。
⚠️路上避坑小贴士
① 车厢空调温度极低！哪怕热带天气，务必带薄外套；
② 火车没有稳定 WiFi，进山信号很差，提前下载视频；
③ 车上有餐车，物价偏高。建议车站提前买水、零食、水果；站点停靠时，小贩会上车卖糯米饭、烤物；
④ 行李可以放在床位下方，贵重物品随身收好；
⑤ 车厢内禁止饮酒；
⑥ 抵达清迈火车站之后，距离古城大概 3 公里，打车、双条车进城很方便。
#泰国吃喝玩乐[话题]# #泰国[话题]# #坐火车去旅行[话题]# #清迈[话题]# #曼谷[话题]# #一个人坐火车[话题]# #乘着火车去旅行[话题]# #一种很新的旅行记录方式[话题]#

「3」
标题：清迈的火车🚞到底值不值得去打卡
正文：前段时间去了清迈
在网上看到很多到清迈火车上拍的好看的照片，这次自己也去体验了一把
在清迈直接谷歌导航“Chiang Mai Railway Station”清迈火车站
车票差不多50多人民币，用护照直接到窗口买就行了，我们买的是清迈到曼谷
我们坐的是早上六点多从清迈去曼谷的火车
火车真的跟我们小时候的绿皮火车差不多
但是他们的火车是不关门的，可以随意到门边站着吹风拍照，在门边还是要注意安全哈
车上也挺干净的，只是这种火车通常是比较有年代感的没有空调只有风扇可以吹风
火车开动就能在火车上看到日出了真的是非常松弛早起也值了
每一个站停车都会有人上来卖吃的，有打抛饭，肉串，芒果糯米饭，喝的🧋奶茶，水，真的挺多吃的
最喜欢吃的就是图8的肉干饭，拍的不好看但个人口味哈我觉得超好吃
火车上真的挺热的，站到门边可以吹吹风感受一下速度和风，也相当的出片
我们也不知道到了哪个站反正在火车上吃吃喝喝不知不觉已经开始日落有晚霞了
又咔咔咔拍了很多照片
经历了13个小时的火车，从白天到夜晚，终于终于到了曼谷
首先如果只是为了想出片那买一个站就可以了

如果想体验全程，看风景，听鸟声，蝉鸣声，感受风与速度，看日出日落，开开盲盒每一站会有什么好吃的上来那可以全程
全程火车上是没有空调的，而且窗户和门不关到终点脸上有点脏，没有空调也挺热的，需要准备好你的铁锭要做十几个小时，我个人觉得是一个很好的体验但是再来一次我也坐不了一点了😄但确实也得到了什么治愈
一点都接受不了的人还是老老实实去做飞机

「4」
标题：超详细版本！清迈红丝绒火车——芭提雅
正文：好喜欢这种闯关的感觉，注意：时间不充裕➕行李太多太重的朋友谨慎挑战！
🚞清迈火车站——曼谷挽赐中央火车站（Krung Thep Aphiwat Central Terminal Station (Bang Sue Grand Station）——曼谷东站（Ekkamai东站）——芭提雅
1、清迈火车站18：20—06：30第二天早上到（我们在清迈待了4天属实挺充裕，我们3点多就从酒店打车到清迈火车站了，一定要提前打车哦，我们怕塞车，17：30分就可以进去找自己的位置了）
2、确实刚进来穿了薄薄的上衣有点冷，头顶冷气很给力，在国内做好了攻略说是特别冷，带了片暖宝宝真的能用上。19：20左右工作人员就来铺床了，7点多就可以躺平了，可以问他多要一条被子。和朋友在下铺聊天玩手机整理美照到22：30左右，朋友上去上铺准备睡觉。本人比较喜欢有点动静才安稳入睡，站着时有点像在国内坐地铁，但没有地铁这么摇晃，速度曼慢的不至于摇晃到站不稳。
3、具体路线：曼谷挽赐中央火车站里面找蓝色MRT线，坐到素坤逸线，换绿色MRT线，坐到Ekkamai，到曼谷东站，13号窗口买票大巴到芭提雅。

清迈火车没有直接到芭提雅的路线，我们在国内出发前就在期待这段红丝绒火车经历了，看起来转了很多趟，但我们体验其中闯关的感觉，并没有觉得辗转。本女子瘦弱但在红丝绒火车里没有想象中那么冷，不过要准备长袖衣服，大概到7点左右工作人员来铺床铺可以问他要多一条被子，7点多就可以躺平了，本人比较喜欢有点动静才安稳入睡所以能接受红丝绒的摇晃（轻微摇晃）。

此时此刻我正在大巴里整理详细路线攻略，我和朋友找了很多红薯们，发的方案都是比较短的，没有特别详细从清迈红丝绒到芭提雅的路线，所以我想快速凭我记忆新鲜，做个攻略给大家，希望能帮助到需要的人。
请问帮助到你了吗嘿嘿

「5」
标题：Sorry，网上的清迈复古小火车，全是照骗❗️
正文：在清迈火车站，刚登上开往南邦的火车就被车厢里的高同胞含量吓一跳。更吓人的是那些全程凹造型拍照的小姐姐们，车头拍车尾拍站着拍坐着拍趴着拍…就差爬到车顶上拍了，根本停不下来。所有人像打了鸡血一样亢奋地做同一件事儿，不得不说很魔幻。说实话非常打扰正常乘客，中途有个小男孩忍无可忍和他妈妈大叫，“这车上怎么全都是拍照的！”[笑哭了R]

这列车第一站是南奔，半小时就到，90%的中国游客在这儿下了车，原来大家就是为了坐半小时慢车拍个照而来。所以网上看到的那些复古氛围感火车照片，其实就是这么拍出来的，真实情况是图4-6，果然小红书不能信🤷

南奔之后，虽然上来一车厢的泰国学生，但世界一下安静了，车厢里只剩下极少数接着往下坐的游客和本地人，终于有了点孤独slow train的感觉，我这才掏出相机拍了几张（图1&7-11）。
另外想说，泰国这火车虽然破，火车站弄得是真好看，无论多小的村子多小的车站都极为精致（图12-13），审美绝对在线。

南邦非常惬意，见识了没有游客的泰北小城的美好，下一期继续聊。#清迈旅行[话题]#",小红书名称候选；名称证据不是游客热度，尚未核验Place ID、坐标、地址、营业状态或评分
清迈府,交通服务,清迈汽车站T2,汽车与巴士站,Chiang Mai Bus Terminal 2 (Arcade 2),"市区北部,与T3相隔不到200米",城际交通/到达离开,0,本轮定向补采新增,"https://www.xiaohongshu.com/explore/69cce7d7000000001a024c21?xsec_token_redacted=1&xsec_source=pc_dots
https://www.xiaohongshu.com/explore/695f9666000000002103209a?xsec_token_redacted=1&xsec_source=pc_dots","「1*混合贴」
标题：清迈去拜县 手把手教你买票&坐车🚌
正文：🚌清迈上车点：Chiang Mai Arcade 2 สถานีขนส่งผู้โดยสารเชียงใหม่แห่งที่2 (อาเขต2)

「2*混合贴」
标题：离清迈3小时，很多人不知道的地方
正文：📍定位：Chiang mai Arcade 2（尚泰那边
🎫票价：150泰铢/人，车程大概3小时左右
⚠️山路较多， 有700多弯道，容易晕车，711提前买好💊（5株效果好，但很催眠）
🛵 拜县打不到车，建议租摩托，约200铢/天
拜县不适合不会骑车的，景点都比较远，也有自行车租

🗺️行程
主要是氛围超好，适合躺平，景点大多比较无趣，野温泉♨️感觉有点不卫生
𝘿𝙖𝙮𝟭：早餐后从清迈出发→下午抵达拜县→办入住→去Two Huts 看日落→ 晚上逛夜市",小红书名称候选；名称证据不是游客热度，尚未核验Place ID、坐标、地址、营业状态或评分
清迈府,交通服务,清迈汽车站T3,汽车与巴士站,Chiang Mai Bus Terminal 3 (Arcade 3),"市区北部,距古城约5-6公里",城际交通/到达离开,0,本轮定向补采新增,"https://www.xiaohongshu.com/explore/693d51d6000000001f008cd2?xsec_token_redacted=1&xsec_source=pc_dots
https://www.xiaohongshu.com/explore/698c31c7000000000d009c23?xsec_token_redacted=1&xsec_source=pc_dots
https://www.xiaohongshu.com/explore/6a15c5da000000000702eacf?xsec_token_redacted=1&xsec_source=pc_dots","「1」
标题：清迈大巴车站
正文：📍出发地：清迈汽车站 T3（Terminal 3）
我是在图二的窗口买的 其他窗口应该都有不同的地方，其公司不一样而已 这里可以直达很多城市，比如：
•	曼谷、芭提雅
•	素可泰（Sukhothai）
•	彭世洛（Phitsanulok）
•	乌汶（Ubon）
•	乌隆（Udon）
•	廊开（Nong Khai）
•	孔敬（Khon Kaen）
•	北碧府（Kanchanaburi）
•	素攀武里（Suphanburi）
还有很多我没一一写出来的线路。
如果你时间充足、想省点经费，也不怕坐车，真的可以体验一下长途大巴，感受不一样的旅程。我这次是清迈直达美塞（Mae Sai）。买的VIP一个人394泰铢，8点发车1点到的美塞车站 买好票去票上对应的数字等大巴来，我提前吃了晕车药，上车就开始睡觉，一觉醒来就到美塞了，真的很舒服。车内空间很宽敞，没有大巴车熏脑仁的怪味道 空调真的开的很足啊！真的要穿长袖带外套 冷死了 我脚没穿袜子冻僵🥶座椅可以微微后躺，还会送水和小饼干，整体体验比我想象中好很多。听说车上有厕所，但我这趟没看到😂整体来说，如果不赶时间，这种方式轻松又省钱，还挺享受的。

「2」
标题：清迈到清莱的打开方式
正文：清迈到清莱可以到Chiang Mai Bus Station 3 (Arcade 3)买票，注意是T3不是T2，有的酒店会介绍说是在T2但是实际上是在T3，进门就可以在这个大红牌子买，来回的车票可以一起买，还可以自由选座位。
普通票是195，vip 是305，区别是普通票是两个两个座位连在一起，就是一排四个座位，但是vip票是三个座位，其中有一个座位是单着的。
值得一提的是这杯泰绿，30🐷，它的茶液不是拉的，是用咖啡机萃的，超级浓！！店就在买车票旁边的那个店，也是唯一的一家咖啡泰奶店。#赶路的正确打开方式[话题]# #泰式奶茶[话题]# #到处趴趴走[话题]# #地道看世界[话题]#

「3」
标题：🇹🇭泰国第六站-清莱回忆
正文：离开缅甸，立马拥抱泰兰德，
第二次入境泰国，比想象中更容易，没有问询没有查现金，轻松到达清迈
落地清迈立马前往📌清迈汽车站 T3（Terminal 3）买票坐大巴到📌清莱汽车站（chiangrai bus terminal1）到达清莱已经是半夜了
这个清莱给我一种，全是背包客占领的感觉，来来往往都是欧美面孔，背着大包小包，大半夜还走在路上
清莱的第二天起床后先狠狠给自己来个：黄色双条车早餐p1，震撼美味（都给我去喝他的粥！）然后前往白庙，冒死拍下雷霆壁画[捂嘴笑R]p2
依旧游客照打卡。。。",小红书名称候选；名称证据不是游客热度，尚未核验Place ID、坐标、地址、营业状态或评分
沙敦府,交通服务,瓜镇码头,码头,Kuah Jetty,前往丽贝岛,B公司航线起点、离机场27分钟、市区方便,3,20260901二三线目的地缺口续采,"https://www.xiaohongshu.com/explore/6a69b66e000000000f031192?xsec_token_redacted=1&xsec_source=pc_dots
https://www.xiaohongshu.com/explore/69f41b8e000000003502830c?xsec_token_redacted=1&xsec_source=pc_dots
https://www.xiaohongshu.com/explore/69ac5ea1000000002203852b?xsec_token_redacted=1&xsec_source=pc_dots","「1」
标题：泰国小马尔代夫✨兰卡威直达丽贝岛｜上岛攻略
正文：如果说你想在东南亚找到一个不用出海就可以看到漂亮果冻海的宝藏海岛，那我真心推荐人少景美的丽贝岛！
最方便的路线就是从马来西亚兰卡威跨国轮渡上岛
全程1.5–2小时，可以照着这篇走哦✅

⚠️重要前置提醒！这条航线分季节运营
每年10月中旬–次年5月底通航
6月–10月中旬雨季停航，没有直达轮渡，别跑空！

🚢船票购买方式（两种任选）

1. 现场买
兰卡威酒店前台、街边旅行社都可订
方便但会有一点点溢价

2. 国内平台比价
性价比更高！
主流就两家：S公司 / B公司
价格、船体舒适度略有差别，按需选
B公司出发码头：瓜镇Kuah Jetty（我选择的航线）

我入手价：在国内平台上226r/人 (p10)下午两点班次

⏰完整上岛流程（亲测丝滑）

打车直达【瓜镇码头】
找到入口（图2）直接上2楼办理手续
👉出示：护照 + 预订单
工作人员核对后换取正式船票，进入候船厅等待登船

⚠️重点提醒！
登船后护照会被船方统一保管

🌊乘船换乘方式
航程分两段：
先坐大船开到丽贝岛近海
再换乘小快艇直达岛上码头

📝泰国入境+上岛收尾

1. 抵达码头跟着人流走，统一办理泰国入境手续，拿回护照

2. 缴纳200泰铢/人 上岛费

全部搞定！正式开启绝美丽贝岛假期🏝️

#丽贝岛[话题]# #丽贝岛攻略[话题]# #兰卡威到丽贝岛[话题]# #泰国旅行[话题]# #泰国小众海岛[话题]# #跨国轮渡[话题]# #丽贝岛上岛攻略[话题]# #马来西亚兰卡威[话题]# #海岛旅行[话题]# #泰国自由行[话题]##人生壮游之solotrip[话题]#

「2」
标题：兰卡威前往丽贝岛坐轮渡攻略看这篇！🚢
正文：丽贝岛离兰卡威一个半小时船程 在泰国 看了很多攻略发现因为涉及到要出境
流程还蛮麻烦的 整理了这篇笔记希望对大家有帮助
此次坐船必须要准备的：
1️⃣提前填写泰国入境卡 电子版（图6）船号填：ferry
2️⃣40泰铢/人或35rm的现金💰 需要交上岛费
3️⃣泰国境外流量（可以在无忧*行买）

首先在船司的选择上 有B公司航线和S公司航线
住在珍南海湾附近的选S公司 住在瓜镇的选B公司
因为最近国际状况原油价格上升 两公司每天只有一班航线了
需要提前几天在网上下单预定 我们住在珍南海滩 但是买票的时候S公司的船票售罄了 只能从瓜镇出发
在KLOOK买相对便宜一些 两人471💰（图3）
打车过去大概22公里 30-40分钟
🚕打车定位：Ferry Check-in Lounge,(Upstairs) Level 1, Lot 1 Jetty Point Complex, Kuah Jetty, 07000 Langkawi, Kedah

到下车点从星巴克旁边的门口先上二楼窗口处（图7）大概需要提前一个小时到现场
1️⃣出示护照和购票凭证🧾 来兑换纸质船票 。
工作人员会暂时收走你的护照并给你一个圆形号码牌（等叫号）和一张纸质圆形橙色贴纸
2️⃣叫号后工作人员会将护照和纸质船票给你（图8）
3️⃣回到一楼出发大厅 按照图9-11出示纸质票会有工作人员指引你往哪上船
4️⃣过安检 🛂处把护照和船票给柜台人员盖章（这里不让拍照）
5️⃣到达上船处（图12）需要检票&交护照 工作人员按国籍分类捆好 到下船的时候再还给你
6️⃣上船放行李🧳 找到空位坐下（图4）船上不大

（说是10:45发船  但是我们上船坐到11:20还没出发…）

⚠️注意：船上空调很大 需要准备件薄外套 ；如果需要再次返回马来的话还需要提前填写一次马来入境卡

二编：因为五一 今天超多人 丽贝岛没有码头 差不多到的时候需要轮渡换乘小船上岸 上岸之后大排长队 排了一个小时才拿到护照 大家合理安排时间
#丽贝岛攻略[话题]# #马来西亚攻略[话题]# #旅游攻略[话题]# #瓜镇码头[话题]# #丽贝岛旅行[话题]#

「3*混合贴」
标题：2026最新｜兰卡威→丽贝岛坐船攻略
正文：码头：Kuah Jetty 瓜镇码头
位置：离机场27分钟，市区方便周边商店多
优势：票价略便宜一点

🎫 购票方式
RedBus（我在此购买的，但是需要梯子🪜）
• 进入选 ferry
• 出发：Kuah Jetty / Telaga
• 到达：Koh Lipe
• 价格不含10%手续费，付款时才显示
其他购票：Klook/携程/飞猪提前订

🚢班次见图7
🧾 上船前准备（必做！）
• 护照有效期 ≥6个月
• 提前填好 泰国电子入境卡（截图保存）
• 换泰铢现金！岛上很多地方只收现金
• 至少提前 90分钟到码头
• 开船前45分钟锁闸，迟到绝对不等

🛳️ 兰卡威出发·完整流程（我是从瓜镇码头出发的）如图3、图4",名称在本题引用小红书正文中直接命中；该计数用于名称证据审核，不代表全网提及量或游客热度
沙敦府,交通服务,丽贝岛码头,码头,Lipe Pier,丽贝岛,所有上岛游客,4,20260901二三线目的地缺口续采,"https://www.xiaohongshu.com/explore/69ff37f8000000001e00da71?xsec_token_redacted=1&xsec_source=pc_dots
https://www.xiaohongshu.com/explore/69feaac6000000002301ce5a?xsec_token_redacted=1&xsec_source=pc_dots
https://www.xiaohongshu.com/explore/6a79383d0000000025004aa4?xsec_token_redacted=1&xsec_source=pc_dots
https://www.xiaohongshu.com/explore/69ddf2d4000000001b02137a?xsec_token_redacted=1&xsec_source=pc_dots","「1*混合贴」
标题：丽贝岛最全攻略及避坑指南（交通篇）
正文：🚢：沙墩码头(Satun Pakara)——丽贝岛码头（Lipe pier）
🕐船运可能根据天气情况等等有延迟，我们当天延迟40分钟才上船。不过船还是提前10分钟到达丽贝岛码头了。

「2」
标题：合艾→丽贝岛｜亲测不踩雷车船联运全攻略
正文：刚从丽贝岛回来
把所有踩过的坑、实测有效的细节全整理好了
合艾机场直达丽贝的车船联运，看这一篇就够，无脑冲不迷路！
固定班次现在好像就上午2趟，别跑空
✅9:00-13:30 11:30到码头（首选早班）
✅11:00-15:30 13:00到码头
代理买票会发指引图，机场等候点、码头换票流程写得清清楚楚，不用慌！
血泪总结·3个必看避坑点
1️⃣ 8:30落地都能稳赶9点班车，别慌！
合艾机场小到离谱！下飞机→拿托运行李→出机场，全程最多15分钟
甚至能去机场对面711囤点零食再慢悠悠等车，亲测完全来得及
2️⃣ 换票必说这句话，省1小时弯路！
机场到码头车程≈2小时，司机会统一带去换票点
⚠️一定要告诉工作人员说：我要直达丽贝岛的船！
不说大概率被安排先游览周边小岛，纯纯浪费度假时间！
拿到票先去码头门口交钱：
国家公园门票+码头税=220泰铢/人
然后进大厅换登船牌，等叫号上船就行
3️⃣ 上船前，务必做这件事
提前发消息给酒店，告知你的到达时间
丽贝码头全是酒店工作人员举牌等候
找到自己酒店的牌子，行李有人提、接驳车直接送，全程不用自己扛！
丽贝岛真的美到失语，交通顺顺利利，才能把时间全留给大海🌊
#丽贝岛攻略 #合艾到丽贝 #泰国海岛 #丽贝岛交通 #泰国自由行 #小众海岛 #车船联运攻略 #泰国旅行避雷

「3」
标题：丽贝岛车船联运推荐
正文：去之前问了好多家，最后才找到一家最好的！
丽贝岛到合艾的船联运分几个公司运营，其中最大最好最快的船就是bundhaya的！
其他船可能2小时才到，bundhaya的我们去程花了1.5个小时，回程甚至只有1小时10分钟！它家的船的座位都是面向前方的，所以更不容易晕。船上还有厕所。
之前问的几家都说不保证是什么公司的船，只有这家说一定是bundhaya的！而且价格还更低，所以我直接就订往返的票了！
合艾车站接送都到指定地点，司机也很友善。

去丽贝岛登船流程是（只是针对我们购买的这个11:30开船的bundhaya车船联运，其他家的不确定是不是一样的流程）：
[一R]、早上司机会在9点之前接到所有人，我们的司机是8点15分到的。
[二R]、接到所有人后出发前往码头，中途会停车一次，如果你提前想要上厕所，也可以和司机说。
[三R]、到达码头的办公室，在柜台办理手续，它有个本子记录了所有今天预订了船票的名字，找到自己的名字，然后工作人员给你排队号码牌，并给你回程船票（如果你已经买了的话），登记你的行李。
[四R]、根据工作人员的指示，走到路对面的码头登船。这个时候只携带随身行李即可，大的行李箱工作人员会给拿到船上。
[五R]、在码头门口购买国家公园门票每人200株，儿童60株，和登船手续费每人20株。
[六R]、登船时间快到时会有工作人员举着号码牌示意排队。根据自己手上的号码牌顺序排到正确的位置上。
[七R]、按照号码牌的顺序依次上船，船上的座位随便坐，通常靠过道的风大会凉快一些，靠后的座位更平稳一些不容易晕。
[八R]、抵达丽贝岛码头后，人依次下船，行李会有工作人员帮忙拎下来。如果你订的酒店有人来接，他们会带着你的行李直接去酒店。
[九R]、住在芭提雅沙滩的可以直接从沙滩走过去，这样不需要交费，如果从码头通道出去打taxi，每人需要额外交10泰铢。

[向右R]回程的流程是一样的：
9点钟在码头办理登船，领取号码牌，等待排队，按号码牌上船，到了码头之后到同样的柜台登记领取上车号码牌，司机找到你并把你送到合艾指定的地方。

我们在丽贝岛住的是bundhaya度假村，工作人员会在8：30退房的时候带我们和行李一起去码头，并给我们投币支付码头的通行费用，带到码头柜台办理登船手续，不需要再自己出钱。

在丽贝岛时遇到了一家超多猫的小店，店主说她家有20只！后来刷小红书才发现，居然就是我们购买车船联运船票的这一家店！@宝宝丽贝岛 Wichittour_kohlipe

「4」
标题：丽贝游记👋
正文：第一天成都-曼谷-合艾（住合艾一晚）
第二天可怕的车船联运，车到酒店接人送到码头，大概一个半小时小时多，中途会停十分钟左右休息上厕所；到码头后拿号码牌上船，开始晕船，大概一个半小时到丽贝岛码头（建议坐船尾，没那么😵💫）
第三天参加出海一日游，淘宝定的，有五次浮潜，含餐（盒饭，自己拿到岛上找地方吃）船长不会中文，但是船长看我不会浮潜拿了一个游泳圈带着我玩，推荐
第四天租了个皮划艇划，晒得黢黑，但是可以划到无人岛去浮潜，海水非常透亮
第五天返程
丽贝真的泰美了，除了车船联运很折磨人以外，其他都非常nice，三轮车100🐷就可以去岛上任意地方，日出沙滩，日落沙滩，芭提雅沙滩各有各的特点，甚至拖尾沙滩还可以看到蓝眼泪，丽贝还会再去的#海岛游[话题]# #人生建议去海岛[话题]# #丽贝岛[话题]#",名称在本题引用小红书正文中直接命中；该计数用于名称证据审核，不代表全网提及量或游客热度
沙敦府,交通服务,沙墩码头,码头,Pak Bara Pier,朴巴拉,前往丽贝岛、自驾游客,4,20260901二三线目的地缺口续采,"https://www.xiaohongshu.com/explore/6a3e5aff00000000060348b3?xsec_token_redacted=1&xsec_source=pc_dots
https://www.xiaohongshu.com/explore/6a64a527000000000f016ca7?xsec_token_redacted=1&xsec_source=pc_dots
https://www.xiaohongshu.com/explore/69ff37f8000000001e00da71?xsec_token_redacted=1&xsec_source=pc_dots
https://www.xiaohongshu.com/explore/6a6da51a000000002402ec1a?xsec_token_redacted=1&xsec_source=pc_dots","「1」
标题：沙墩码头到丽贝岛
正文：沙墩码头Pak Bara Pier，坐船到丽贝岛Lipe。码头有兜售船票的当地人，砍价后来回船票220元/人，上岛费成人48元，14岁以下24元，停车免费。每天有3趟快艇9:3011:3013:30来回
沙墩码头和丽贝岛，约1.5小时
#丽贝岛攻略[话题]# #丽贝岛旅行[话题]# #泰国旅行[话题]# #泰兰德夏天[话题]# #暑假旅游[话题]#

「2」
标题：成都—曼谷—合艾—丽贝岛超详细攻略
正文：成都出发的朋友可以参考我们这个时间点和行程安排，就不会中转时间比较长，能较快到岛上[氛围感R]

[一R]成都天府t1—曼谷t1（2:50-4:45）
我们还提前了差不多20分钟到曼谷t1，出海关需要花点时间，一定提前填好行程卡，填写教程直接搜一下
出海关后左转到t2转机到合艾，如果没有托运行李可以提前在手机上值机，或者直接自助值机，值机是45分钟前截止！哪怕出海关耽误了时间，只要在20分钟前到登机口就行！
如果有行李托运就会比较赶了！建议买7点的航班✈️

[二R]曼谷t2—合艾（6:15-7:45）

这趟航班也提前到了，到了过后机场出口有几家店，出机场对面有711，可以上个厕所吃个早饭等车。

因为上岛的船只有11:30和13:30，9:30之前到就是坐11:30的船，其余就是13:30的船，11:30之后可能不能当天上岛了，得在合艾等第二天！

[三R]合艾—沙墩码头（9:00-11:00）

我们是直接买的车船联运，9点之前会有车接到沙墩码头，司机会拿着你名字的纸在7号8号出口门口找你。
如果直接现场买，也是在7号8号出口处有几家公司可以选择购买
价格线上线下都差不多

[四R]沙墩码头—丽贝岛（11:30-13:00）

司机送到码头后门口旅行社会给你发号码牌并且告知你在几号登船口等，听不懂或者不知道几号也没关系，会有工作人员拿着同颜色的牌子喊，你看见自己的就跟着走，然后按牌子上的序号排队登船就可以了！
上岛还要交220🐷门票和税费，备好现金

tips：
[红色心形R]我坐的整条船上没有人晕船，不要特别担心
[红色心形R]上岛一般就只有11:30和13:30两个班次，从机场到码头一个半小时左右，注意时间！
[红色心形R]如果第一次到廊曼也不用太担心，t1到t2有路牌指引，跟着走就行
[红色心形R]整趟路程比较折腾，也睡不好觉，一定调整好作息

#一种很新的旅行记录方式[话题]# #自由行旅游[话题]# #丽贝岛攻略[话题]# #东南亚旅行[话题]# #合艾车船联运[话题]# #成都往返丽贝岛[话题]# #度假模式开启[话题]# #泰国旅行[话题]# #丽贝岛交通[话题]# #丽贝岛上岛攻略[话题]#

「3*混合贴」
标题：丽贝岛最全攻略及避坑指南（交通篇）
正文：🚗：合艾机场(Hat Yai airport )——沙墩码头(Satun Pakara)
🎫车船票可以网上买车船联运，一定要注意看清楚，买了票是不能改时间或者改时间需要补手续费！退的话也会扣除大部分的💰或者不能退。所以要确认好时间。
‼️‼️请一定拿好自己的贵重物品，我们乘车到码头，中间上过一次厕所没背包，到码头发现少了6000🐷！🙃复盘分析90%概率是被人拿的。

「4*混合贴」
标题：合艾至丽贝岛交通全攻略
正文：巴拉码头（Pak Bara Pier）
可以提前购买车船联运票（Van + Speedboat）往返人均 380 左右，工作人员会在机场举牌接人，直接带你上商务车。
流程基本就是：
机场集合 → 上商务车 → 行李统一放后备箱 → 约2小时抵达Pak Bara码头。联运票通常已经包含了机场接送和快艇，不用自己再折腾换车。",名称在本题引用小红书正文中直接命中；该计数用于名称证据审核，不代表全网提及量或游客热度
沙敦府,交通服务,Tammalang 码头,边境码头,Tammalang Pier,沙敦边境,前往兰卡威、跨国轮渡,1,20260901二三线目的地缺口续采,https://www.xiaohongshu.com/explore/67930723000000001800b76c?xsec_token_redacted=1&xsec_source=pc_dots,"「1」
标题：泰国Tammalang 码头
正文：[太阳R]记录哪些一生可能只会去一次的地方！

2024年国庆，在沙墩的pakbara 码头停留一晚，第二天早上包车，从酒店出发到Tammalang 码头，从Tammalang 码头坐船到兰卡威，车程大概1个小时，然后坐当地时间11:30分的船。到一个偏远地方而且是两国之间的边境区域，既忐忑又好奇充满未知的乐趣。在这1个小时的车程，看过泰国边境的乡村，靠近Tammalang 码头有一大片红树林，不亚于兰卡威的红树林，只不过还没被开发成对全世界的旅游景点。

包车是在丽贝岛上一家会说中文的老板那里预定，船票是在tb上提前买好的，去到Tammalang 码头会有工作人员指引填写出入境相关资料。
很小的一个边境关口，都是泰国人和马来西亚人，我们两个中国人显得有点明显，用蹩脚的英文跟当地人沟通。

#世界这本书我又多读了两页[话题]# #随便走走的旅行[话题]# #相册里最近一次的旅行[话题]# #旅行的记忆[话题]# ，#沙墩[话题]# #泰国[话题]#",名称在本题引用小红书正文中直接命中；该计数用于名称证据审核，不代表全网提及量或游客热度
宋卡府,交通服务,丹诺沙道边境旧关卡,交通节点与游船服务,Sadao Old Border Checkpoint,丹诺区,到达/换乘/码头/出海,0,20260831小红书点点AI增量采集,,,小红书名称候选；名称证据不是游客热度，尚未核验Place ID、坐标、地址、营业状态或评分
宋卡府,交通服务,Hatyai Bus Terminal 1,巴士总站,Hatyai Bus Terminal 1,市区,长途巴士,1,20260901二三线目的地缺口续采,https://www.xiaohongshu.com/explore/66b1fe8b0000000005022d1b?xsec_token_redacted=1&xsec_source=pc_dots,"「1」
标题：穷游第12天泰国（合艾-宋卡）暮色打卡
正文：今天的主线任务在宋卡，所以我们要做公共交通去，可以走路到Hat yai bus terminal 1或者是打车来，我是打的摩的38🐷，正对大门最左边22号就是去往宋卡的车（面包车大小），在柜台不收费，所以咱们就在柜台那里把照片拍下来问一下他，他就会给你指出来是哪辆车，车开之后才会收费每人35🐷，下车地点自己选择，用翻译软件把你去的地名翻译成泰文，要不然司机不知道你要去哪里，📌宋卡老街坊
เมืองสงขลา我是在这里下的车，在这个地方逛了一下，走去samila beach这个就是著名的美人鱼雕塑，路上随便找了一家店，吃了午餐，一共是60🐷，还去seven eleven买了自制的饮料，一共是24🐷，之后我还是做的这种面包车回来📌Songkhla-Hat Yai Van Terminal导航导到哪里，你就站在那里等就行，我是比较巧去的时候和回来的时候都没有，等我一上车基本上就开车了，去和回来大概都是一个小时，我个人是不建议半路上车的，如果你熟这个地方的话，就不用听我的了，但是如果你是第一次去的话，最好是在我说的这两个地点去等车。这个海滩真的很舒服，也很漂亮，有很多人在那里野餐，我还买了一瓶水6🐷。晚上回来的时候，我是在📌钟楼下车，去很有名的几个夜市看了一下，但是我觉得价格比我们平时吃的稍贵一些，所以我就没有在那里吃，而是在回来的路上随便找了一家店买了饭和刨冰，一共是109🐷
共计62元
结余5794.7元
代购泰国特产，gmm周边
#一日游[话题]# #旅行日记[话题]# #旅行[话题]# #人文景点分享[话题]# #一个人的旅行[话题]# #海岛游[话题]# #本地人去哪玩[话题]# #境外游[话题]# #travel[话题]#",名称在本题引用小红书正文中直接命中；该计数用于名称证据审核，不代表全网提及量或游客热度
宋卡府,交通服务,SODAO 沙道边境检查站,交通节点与游船服务,SADAO Border Checkpoint,沙道区,到达/换乘/码头/出海,0,20260831小红书点点AI增量采集,,,小红书名称候选；名称证据不是游客热度，尚未核验Place ID、坐标、地址、营业状态或评分
素可泰府,交通服务,曼谷北部巴士站,汽车站,Bangkok Bus Terminal (Chatuchak/Mo Chit 2),靠近恰图恰市场,曼谷出发游客,4,20260901二三线目的地缺口续采,"https://www.xiaohongshu.com/explore/6a82e6350000000022011a5e?xsec_token_redacted=1&xsec_source=pc_dots
https://www.xiaohongshu.com/explore/6980b686000000001a021946?xsec_token_redacted=1&xsec_source=pc_dots
https://www.xiaohongshu.com/explore/69908043000000002800b905?xsec_token_redacted=1&xsec_source=pc_dots
https://www.xiaohongshu.com/explore/6a0acdfb000000003502ce02?xsec_token_redacted=1&xsec_source=pc_dots","「1*混合贴」
标题：从国内出发到素可泰交通攻略
正文：如果腰好且时间充裕的话，可以坐巴士：从曼谷北部巴士站：Bangkok bus terminal (Chatuchak)，这个站当地人也叫 Mo Chit 2 或 Mochit bus terminal，从这买到素可泰老城（Sukhothai Historical Park）的车票，早晚大约6小时可到达，高峰期约8小时到达。

「2*混合贴」
标题：曼谷市区坐大巴到素可泰
正文：曼谷坐大巴的车站是Bangkok Bus Terminal (Chatuchak aka Mochi 2)，4或5号售票处，票价376泰铢。我买的票是下午两点出发，晚上九点五十左右到素可泰新城车站。到站后，直接Blot打车去旧城，大约12公里，130泰铢。住在旧城比较方便，靠历史公园。

这个车站的候车室，靠711这边，厕所免费。另一侧要收费。

「3」
标题：曼谷到素可泰的大巴
正文：从曼谷乘坐大巴到素可泰，去Bangkok Bus Terminal
(Chatuchak aka Mochi 2)这个汽车站，我是地铁坐转公交到的，2号出口出来就是公交站牌，地铁站的工作人员说只能出地铁站打的，google map只提供了一路公交车，只得用高德地图试试看竟然有好几路公交，我坐了145路20泰铢20分钟左右到达，5号窗口买票！车票上钉了两张小票，上车时乘务员揭掉一张，发了一瓶水一块蛋糕和一袋零食，零食挺好吃的。中途会停下来吃午饭，不贵，上车前乘务员再次要车票把第二张小票揭掉发了一瓶饮料！由于中途有几个站点需要停留但都很快就出发，但预计七个小时到，实际上多了一个多小时才到，不过就在老城，很快就走到住宿出！

「4*混合贴」
标题：素可泰交通攻略（26年5月版）
正文：大巴车到Bangkok Bus Terminal(Chatuchak aka Mochil2)，买票在一楼外边那一排窗口，每个窗口是不同的运输公司，都是2点钟出发，建议选票价贵的。
大概有两种车，双层普通车和单层豪华车，后者贵几十泰铢，有充电口，空间宽，腿可以打直，靠背可以几乎放平（选最后一排）。
运行时间，去的时候9个多小时，回来8个多小时，7个多小时是到不了的。
中间会停车吃饭，车票可以抵扣吃饭或者买水的钱。",名称在本题引用小红书正文中直接命中；该计数用于名称证据审核，不代表全网提及量或游客热度
素可泰府,交通服务,彭世洛汽车站1号,汽车站,Phitsanulok Bus Terminal 1,离彭世洛火车站2.3公里,中转游客,2,20260901二三线目的地缺口续采,"https://www.xiaohongshu.com/explore/6a82e6350000000022011a5e?xsec_token_redacted=1&xsec_source=pc_dots
https://www.xiaohongshu.com/explore/69be9c73000000002102dadf?xsec_token_redacted=1&xsec_source=pc_dots","「1*混合贴」
标题：从国内出发到素可泰交通攻略
正文：火车：素可泰没火车站，可以在曼谷坐火车前往彭世洛再转车，建议至少提前一天买票，从华南蓬火车站 （Hua Lamphong Station）出发，大约需要5-6小时。坐票约179B，二等卧铺票价约300-400B。抵达彭世洛后，坐嘟嘟车（Tuk-tuk）到旁边的汽车站（Phitsanulok Bus Terminal 1），32号窗口买票（同上面的第5点A），或直接APP打车前往老城（同第5点B）。

「2*混合贴」
标题：11元彭世洛到素可泰巴士攻略~~
正文：📍彭世洛1号汽车站: Phitsanulok Bus Terminal 1
（还有个2号汽车站，别去错了）",名称在本题引用小红书正文中直接命中；该计数用于名称证据审核，不代表全网提及量或游客热度
素可泰府,交通服务,素可泰新城汽车站,汽车站,Sukhothai Bus Terminal,离历史公园14公里,长途游客,5,20260901二三线目的地缺口续采,"https://www.xiaohongshu.com/explore/69be9c73000000002102dadf?xsec_token_redacted=1&xsec_source=pc_dots
https://www.xiaohongshu.com/explore/6980b686000000001a021946?xsec_token_redacted=1&xsec_source=pc_dots
https://www.xiaohongshu.com/explore/66b784570000000005031c09?xsec_token_redacted=1&xsec_source=pc_dots
https://www.xiaohongshu.com/explore/6948c263000000001e03a321?xsec_token_redacted=1&xsec_source=pc_dots
https://www.xiaohongshu.com/explore/67d44e43000000001a007e4a?xsec_token_redacted=1&xsec_source=pc_dots","「1*混合贴」
标题：11元彭世洛到素可泰巴士攻略~~
正文：📍素可泰新城汽车站: Sukhothai Bus Terminal

「2*混合贴」
标题：曼谷市区坐大巴到素可泰
正文：曼谷坐大巴的车站是Bangkok Bus Terminal (Chatuchak aka Mochi 2)，4或5号售票处，票价376泰铢。我买的票是下午两点出发，晚上九点五十左右到素可泰新城车站。到站后，直接Blot打车去旧城，大约12公里，130泰铢。住在旧城比较方便，靠历史公园。

这个车站的候车室，靠711这边，厕所免费。另一侧要收费。

「3」
标题：彭世洛-素可泰的公共交通详解
正文：素可泰没有火车站，很多人选择火车到彭世洛，彭世洛转乘巴士到素可泰，也可以其他地方直接大巴抵达素可泰。
彭世洛巴士站：Phitsanulok Bus Terminal，离彭世洛火车站两公里
素可泰巴士站：Sukhothai Bus Terminal，位于新城区，离素可泰遗址公园14公里，有较多班次往返曼谷，清迈等地
素可泰老城站：离素可泰遗址公园800米的街上，是一家商店，销售少量去往清迈和曼谷的巴士。

搞清楚以上概念后，首先彭世洛巴士站可以抵达新城和老城，新城班次较多，老城在图一靠右，单程100铢，汽车站阿姨会一点英文，主动问你去哪里，说素可泰old city就行， 买票沟通没问题。

会先到新城站，再到老城站，约一小时四十分钟，抵达后如果考虑当晚走，可以在下车的地方，招牌显示999，购买车票，老城到新城打不到车。

素可泰遗址公园分为5个区域，有时间可以多逛几个，我只去了中心区域，环境非常好，租高尔夫车在售票处门口，200铢一小时，租自行车在遗址公园马路对面，30铢，当晚七点前归还，单个区域门票100铢，自行车入园10铢，其实根本没人检查，晚上五点之后感觉随便进出。

素可泰老城到新城，只有grab能用，我试过摩托车和骑车，完全打不到，还是租车的阿姨告诉我，有本地巴士可以到新城汽车站，就在租车的对面，蓝色车顶的双条车钱，30铢，到了之后买晚上九点半到曼谷到巴士，376铢，有几家巴士公司都提供这个路线，我选择的wintour。

当晚我去看了泰超联赛第一轮，在素可泰新城，素可泰vs巴吞联，体育馆返回市区完全打不到车，我随机硬拦了一辆摩托车，把我带去巴士站。

我的行程曼谷火车到大城，玩两个半天，大城-彭世洛休息一晚，第二天上午逛彭世洛，下午大巴到素可泰老城，过夜巴士回曼谷。

#泰北[话题]# #独自旅行[话题]# #素可泰[话题]# #彭世洛[话题]#

「4」
标题：从彭世洛如何去素可泰？超详细坐车攻略
正文：攻略记录时间为2025年12月22日

彭世洛汽车站
Phitsanulok Bus Terminal
距离彭世洛火车站2.3公里
这个城市有2个汽车站
别跑错噢

素可泰没有火车
在汽车站32号柜台买去素可泰老城车票
我们早上10点到
10:30车已满
只能买11:30车
来的时间售票阿姨消失了
等了七八分钟才回来
票价100泰铢

在10号站台等车
售票阿姨说 车来了会喊我们
厕所免费

11:15车来了
卖票阿姨来喊上车
小巴没有行李柜
全部拎上车放过道
当然，过道也是要卖票的
当地人半路上车会坐过道
空调挺凉的

12:44到达图13
素可泰新城汽车站
Sukhothai BusTerminal
此处停留了20分钟上下客

13:15到达素可泰公园门口下车，
定位在图15
下车的地方有遮阳棚，图16
下车对面的建筑物，图17

从11:30上车，到13：15下车
耗时1小时45分钟。
#泰国旅行[话题]# #泰国[话题]# #曼谷[话题]# #泰国旅游[话题]# #泰国自由行[话题]##泰国旅游攻略[话题]##泰国自由行攻略[话题]##泰国攻略[话题]##素可泰[话题]# #彭世洛[话题]#

「5」
标题：🔥素可泰交通全攻略| 彭世洛→老城往返指南
正文：🚌【去程：彭世洛→素可泰老城】
1️⃣ 火车抵达彭世洛站后别急着走！
▫️车站虽小但超复古！站台彩色花砖+开放式月台超出片📸
▫️站内寄存行李超方便（出口处有寄存处）
▫️出站突突车60฿直达Bus Terminal 1（2.3公里路程见图3。Bolt打摩托更便宜，但带行李慎选）

2️⃣ 汽车站购票找32号窗口（图2蓝白制服阿姨就是32的售票员）
▫️Old City票要提前买❗️我13点多到只剩15:30的minivan（100฿/人）
▫️其他攻略提到13号窗口有另一家公司的车也到老城，但我没找到人，欢迎补充
▫️也可坐车去新城车站后打车前往旧城

3️⃣ 候车区及乘车预警
▫️10号候车区，上车前售票员也会来提醒（附近除711没地可逛，不要买冰杯等开口饮料带上车）
▫️15:30的车磨蹭到16:00后才走（泰式佛系发车）
▫️中途会停靠新城车站并上下乘客，17:30左右直达历史公园转盘处

🚌【返程：老城→彭世洛反向操作】
📍上车点在转盘斜对面自行车店旁（详见图6地址）
▫️返程巴士一小时一班，但minivan班次飘忽不定，果断用Grab打表108฿到新城车站（比旅店代叫省100฿！）
▫️新城至彭世洛小巴中巴车（见图2，60฿/人）较多，不赶时间可坐15：30的空调大巴更舒适
▫️与司机确认到Terminal 1！Terminal2要远出十几公里

⚠️注意事项：
1. 下午时段提前2小时购票更保险（满员老城到站不停靠）
2. 住宿代叫车都是智商税，自己打Grab立省50%（素可泰未开通bolt）亲测接单速度非常快
3. 返程可提前下车：拿地图和司机沟通沿路停靠

有需要的可马住这份攻略！任何问题欢迎评论区砸过来👇
#泰国自由行[话题]# #素可泰秘境[话题]# #交通省钱大法[话题]##彭世洛[话题]#",名称在本题引用小红书正文中直接命中；该计数用于名称证据审核，不代表全网提及量或游客热度
素叻他尼府,交通服务,邦拉码头,码头与渡轮,Bangrak Pier,岛东北部,码头换乘/乘船出海,0,本轮定向补采新增,https://www.xiaohongshu.com/explore/6a662fe6000000000101d185?xsec_token_redacted=1&xsec_source=pc_dots,"「1」
标题：苏梅岛→涛岛｜Bangrak Pier上船避雷！
正文：从苏梅岛去涛岛，住查汶或机场附近最方便的是Bangrak Pier。但这里有一个很容易踩的坑——Google Maps搜“Bangrak Pier”出来的是Seatran的码头，不是Lomprayah的！ 两个上船点差1公里多，如果卡着时间到，基本来不及换过去。

‼️如果不小心跑错了、没赶上船，可以联系Lomprayah的Line客服，有一次改签机会

订Lomprayah最好别自己搜Google Maps去码头，直接买含酒店接送的票。
如果lomprayah.com 网上没票了，去Seatran现场买也来得及。
#涛岛[话题]# #苏梅岛[话题]# #苏梅岛涛岛船票[话题]# #BangrakPier[话题]# #Lomprayah[话题]# #SeatranDiscovery[话题]# #泰国旅行[话题]# #避坑指南[话题]# #REDtravel[话题]#",小红书名称候选；名称证据不是游客热度，尚未核验Place ID、坐标、地址、营业状态或评分
素叻他尼府,交通服务,波普码头,码头与渡轮,Bo Phut Pier,苏梅岛东北岸,码头换乘/乘船出海,0,本轮定向补采新增,https://www.xiaohongshu.com/explore/675ab0440000000002014651?xsec_token_redacted=1&xsec_source=pc_dots,"「1*混合贴」
标题：苏梅岛的自由行为什么这么方便⁉️
正文：2️⃣波普码头：波普—涛岛，
—Songserm公司：快艇1.5小时，每天二班开往涛岛。",小红书名称候选；名称证据不是游客热度，尚未核验Place ID、坐标、地址、营业状态或评分
素叻他尼府,交通服务,大佛码头,码头与渡轮,Big Buddha Pier,苏梅岛东岸,码头换乘/乘船出海,0,本轮定向补采新增,https://www.xiaohongshu.com/explore/675ab0440000000002014651?xsec_token_redacted=1&xsec_source=pc_dots,"「1*混合贴」
标题：苏梅岛的自由行为什么这么方便⁉️
正文：—大佛码头(Big Buddha)：旺季时有船来往涛岛。
✨Tips：苏梅岛适合背包客是因为交通方便，随处可以租个小摩托或小车，环岛一周大概3小时，不习惯靠左行驶也可以喊即停的minibus（小型皮卡改造），便宜有特色，但要扶稳，注意安全。
—
‼️注意事项",小红书名称候选；名称证据不是游客热度，尚未核验Place ID、坐标、地址、营业状态或评分
素叻他尼府,交通服务,利帕诺码头,码头与渡轮,Lipa Noi Pier,苏梅岛西南岸,码头换乘/乘船出海,0,本轮定向补采新增,https://www.xiaohongshu.com/explore/666935ac000000000e0335cb?xsec_token_redacted=1&xsec_source=pc_dots,"「1*混合贴」
标题：🇲🇾🇹🇭 Koh Samui | 苏梅岛自驾游攻略
正文：从Raja Ferry Port到Lipa Noi Pier大约1.5小时",小红书名称候选；名称证据不是游客热度，尚未核验Place ID、坐标、地址、营业状态或评分
素叻他尼府,交通服务,湄南码头,码头与渡轮,Mae Nam Pier,苏梅岛北岸；岛北岸,码头换乘/乘船出海,0,本轮定向补采新增,"https://www.xiaohongshu.com/explore/675ab0440000000002014651?xsec_token_redacted=1&xsec_source=pc_dots
https://www.xiaohongshu.com/explore/689341f80000000023038d10?xsec_token_redacted=1&xsec_source=pc_dots","「1*混合贴」
标题：苏梅岛的自由行为什么这么方便⁉️
正文：3️⃣湄南码头：湄南——涛岛
—Songserm公司：快艇1.5小时，每天二班开往涛岛

「2*混合贴」
标题：🚢【2025】素叻机场-苏梅酒店交通攻略
正文：码头：湄南码头（近查汶海滩）
优势：船速快30分钟+服务优质",小红书名称候选；名称证据不是游客热度，尚未核验Place ID、坐标、地址、营业状态或评分
素叻他尼府,交通服务,纳通码头,码头与渡轮,Nathon Pier,苏梅岛西岸；岛西侧,码头换乘/乘船出海,2,本轮定向补采新增,"https://www.xiaohongshu.com/explore/69650194000000002203a938?xsec_token_redacted=1&xsec_source=pc_dots
https://www.xiaohongshu.com/explore/69368822000000001e034df8?xsec_token_redacted=1&xsec_source=pc_dots
https://www.xiaohongshu.com/explore/65f5b531000000000d00d608?xsec_token_redacted=1&xsec_source=pc_dots
https://www.xiaohongshu.com/explore/6a7d47e00000000022033910?xsec_token_redacted=1&xsec_source=pc_dots
https://www.xiaohongshu.com/explore/666935ac000000000e0335cb?xsec_token_redacted=1&xsec_source=pc_dots","「1*混合贴」
标题：如果苏梅岛机场航班机票售罄，这是备选方案
正文：1.纳通码头的Seatran Ferry.
2.图二在这里买车船联运直接到Surathani airport的联票；

「2*混合贴」
标题：2025.12素叻他尼镇车船联运至苏梅岛
正文：图1定位Seatran Coach Bus Terminal购买车船票，310泰铢，价格以及时刻表见图2/3，大巴1小时抵达Donsak Seatran码头，然后乘坐轮渡1.5小时抵达苏梅岛码头Nathon Pier 3，到达苏梅岛后前往查汶海滩或者拉迈海海滩有拼车或者三蹦子150泰铢/位…
返程如果住在查汶海滩尚泰附近，尚泰对面有前往码头的车站图4，当地人收80株，游客150泰铢（懒得和司机讨价还价，相比打车700泰铢尚可接受），到达Nathon Pier 3码头后购买船票170泰铢/位，船程1.5小时到达Donsak Seatran码头，下船顺着人流看到牌子图5，左边过马路是卫生间，右手拐进去是大巴车窗口图6，有前往素叻他尼镇上和素叻他尼机场的大巴，购票后有工作人员引导上车…
希望各位玩的开心！

「3*混合贴」
标题：车船联运160元从苏梅到曼谷
正文：1，在苏梅岛Koh Samui bus terminal提前买车船联运票。车站离Nathon Pier码头大概3公里多，很不起眼的建筑。票价大巴619b，ferry渡轮170b，一共789b。再无其他费用。出发当天提前半小时到，买票窗口换ferry渡轮船票。订票时就可以巴士选座，类似电影院选座，神奇的体验。我买的普通bus票，如果VIP bus记得贵300+b，差别就是VIP车里一排三座，普通一排四座。
2，大巴下午3:30准时从车站发车，4点10分左右就到ferry码头，下车上渡轮，到岸后再上车。渡轮很大很稳，船上甚至有小卖部卖各种零食方便食品。人不多，很多空位。沙发座也很舒服。海上风景优美。5:30左右抵达素叻他尼这边的donsak码头，大巴继续出发，7:30左右停车吃晚饭。是包含在票价里的，有米饭，菜品十选二，有鸡肉牛肉猪肉还不错，煎蛋可选是自费10b。然后就是一路昏睡，大巴座位可倾斜大概40度，和飞机座差不多，睡着没觉得很不舒服。车上空调足，有发毯子，但建议自己穿一件长袖外套。早上5:30左右倒数一个车站，可下车上厕所，是收费的，注意准备零钱。6点左右到终点站。挨着恰图恰周末市场。
3，到站后顺着站内exit指示牌走，出来是公交站和出租车站，穿过出租车往对面走30米就是shuttle班车站可去往市内各处。到廊曼机场有直达shuttle，到素万那普机场须转车，有免费bts班车到mochit转地铁，或者到Phaya Thai转机场线。车站bts班车到mochit约20分钟，到Phaya Thai大概半小时（包含等车）。机场线全程约半小时。Phaya Thai是个大站，有各种早餐店可选。我买了两块烘焙面包60b吧，机场吃的就贵很多了。

「4」
标题：苏梅岛交通攻略
正文：车船联票涨价了！现在是520🐷一人。
1⃣️万伦机场机场P公司定是670泰铢一人（520+150）车船联运＋拼车到苏梅岛酒店（因为岛上打车很贵，我都定有酒店接送的团）
2⃣️15点25机场出发，16点50到码头，17点上船18点50下船到苏梅岛码头（Nathon Pier ）
3⃣️返程：在苏梅岛旅行社定的700泰铢一人，从苏梅岛酒店到万伦机场（520+180=700）
[种草R]下次试试在万伦机场就把返程定了，在岛上定价格会贵，可能需中介费。
[种草R]返程：8：25酒店出发去那通码头，9点15到码头侯船，坐10点的一趟船
#苏梅岛[话题]# #清迈[话题]# #曼谷[话题]# #涛岛[话题]# #穷游[话题]# #车船联运[话题]# #万伦机场[话题]# #转机[话题]#

「5*混合贴」
标题：🇲🇾🇹🇭 Koh Samui | 苏梅岛自驾游攻略
正文：两家出发码头距离非常近 区别在于到达目的地不一样 Seatran到达是Nathon Pier

想要到苏梅岛的宝子们可以跟着自己的需求订票 两家船票可以在Thailand Ferry Booking网站购买喲[赞R]",小红书名称候选；名称证据不是游客热度，尚未核验Place ID、坐标、地址、营业状态或评分
素叻他尼府,交通服务,普拉兰码头,码头与渡轮,Pralarn Pier,苏梅岛南岸,码头换乘/乘船出海,0,本轮定向补采新增,https://www.xiaohongshu.com/explore/68aaf891000000001b032446?xsec_token_redacted=1&xsec_source=pc_dots,"「1」
标题：苏梅岛到涛岛2h🚢
正文：出发码头📍：苏梅岛眉南码头pralarn pier
苏梅岛纳通码头nathon pier
时间班次🕐：
①苏梅岛眉南pralarn
1.8:00-9:30 catamaran
2.11:00-13:30 ferry
3.12:30-14:15 catamaran
4.14:30-16:00 speedboat
②苏梅岛纳通nathon
时间班次🕐：
1.12:15-14:15 catamaran
2.16:00-17:45 catamaran
价格💰：
因为船型和舱位不同价格也有不同。
speedboat💰：800泰铢/人
catamaran💰：700泰铢/人
ferry💰：550泰铢/人
现场➕💰可以升级舱位（100-200泰铢/人）#潜水考证[话题]# #泰国苏梅岛[话题]# #lomprayah车船联运[话题]# #曼谷交通攻略[话题]# #这才是海岛的正确打开方式[话题]#",小红书名称候选；名称证据不是游客热度，尚未核验Place ID、坐标、地址、营业状态或评分
素叻他尼府,交通服务,苏梅岛机场,机场,Samui Airport,苏梅岛东北部,航班到达/离开,0,本轮定向补采新增,"https://www.xiaohongshu.com/explore/69650194000000002203a938?xsec_token_redacted=1&xsec_source=pc_dots
https://www.xiaohongshu.com/explore/68a40ad3000000001d00c797?xsec_token_redacted=1&xsec_source=pc_dots
https://www.xiaohongshu.com/explore/68529f3d00000000170323be?xsec_token_redacted=1&xsec_source=pc_dots
https://www.xiaohongshu.com/explore/6813a8a30000000022027621?xsec_token_redacted=1&xsec_source=pc_dots
https://www.xiaohongshu.com/explore/6468806700000000130079e2?xsec_token_redacted=1&xsec_source=pc_dots","「1*混合贴」
标题：如果苏梅岛机场航班机票售罄，这是备选方案
正文：5.抵达素叻码头后，一定要去正确的地点等去机场的车，跟着箭头➡️和标识走，走到图8在这里，如果不懂，就多问工作人员；

「2」
标题：苏梅岛🌴躺平圣地
正文：🏠酒店：苏梅岛康莱德p1-5
酒店有接机或者grab费用三百左右，我们选的租车自驾一小时不到，酒店除了远没啥问题。门口停车位够用停车免费，进酒店的路比较抖建议对自己驾驶自信的人租车。入住会帮你拿行李泊车，网传早餐一般，我吃的挺好一碗面或者粉加点水果就够了，单点餐单鸡蛋各种做法还有咖啡舒芙蕾爆炸甜，泰奶很好喝比711的淡一点，p2菠萝汁也可以。房间定的日落房121房号p3没遮挡，要看五岛的话得偏右，第二天给升级了双卧504房号p45，视野很好没遮挡就是离餐厅远了。出行都是小车接送，5分钟基本都会来。

✈️交通：曼谷航空➕租车
国内直飞苏梅岛的航班很少，选的曼谷转机。曼谷航空经济舱也有休息室（回来才知道说有最好吃的爆米花），切记检票后买了饮料喝完，快到登机口有一次安检，水不让带。登机看zone1到3顺序p6。去程PG145，A319飞机起飞十分钟就发正餐很良心，一小时左右落地。没有廊桥小车接送，只有一个行李转盘p7不用担心找不到。到了苏梅岛就去柜台改签回程机票，曼谷航空又良心了，大概意思2小时内免费，再晚一点600泰铢1200泰铢这个档次。苏梅岛机场p8有露天活动区看看飞机很chill
苏梅岛租车p9，丰田雅力士吧，泰国右舵车得习惯一下打转向灯，某程定的带保险一百多一天，没要押金，需要驾驶证翻译件不用国际驾照，国内驾驶证原件，拍照即可。柜台出了机场连廊一直往外走快到停车场左边就能看到，有牌子对应租车公司。切记全车细节拍视频，省的扯皮（拿车时候签字单上划痕远不止那几个）

🌊出海：猪猪岛➕南园岛
猪猪岛p10报的酒店的出海下午3到6点，码头很近康莱德自己的船1750泰铢一人七八个人一船，要是4人以上可以包船上午场，有冰水毛巾浮潜装备。整个行程很满意这个🐷去不了巴拿马这个平替。
南园岛涛岛报的懒猫旅行的TU快艇团，客服可以会提前电话。快艇一小时多点，大概率是卖的当地团300➕一个人，一船除我俩中国人都是欧美人➕几个阿三p14。分3潜和2潜（便宜几十块）。风景可以p12的山没必要爬，上去了就这样。团里有会说中文的小黑，会带你找鱼群帮你拍照。浮潜水平p15，不如红海长滩岛斯米兰，和塞班巴厘岛这样。看有更大的帆船体验应该会更好，毕竟一分价钱一分货。来这个岛看个人，不如猪猪岛好玩，不如躺酒店舒服。#猪猪岛[话题]##travel[话题]##人生建议去海岛[话题]#

「3」
标题：苏梅岛攻略-懒人版-交通&住宿篇
正文：大交通出发地不同不具备参考性先略过(此处流下凌晨下班后火速收拾行李，开车去机场的铁血真女人的辛酸泪)

苏梅岛机场✈️往返酒店🏨
⚠️attention这段路是打不到grab的，除非出发点/目的地在机场外围
-机场→酒店：有行李的情况下在机场官方打车是方便的，以8.4公里的zazen为例，是400泰铢，商务车
-酒店→机场：不同酒店价格应该有区别，zazen是500泰铢，商务车

🏝️岛内交通
🚗grab打车为主
⭐️优点:
-可以绑定Alipay或者信用卡（但老倒霉蛋今年visa刚被盗刷过还未从ptsd中走出，选择了现金支付)找零金额比较少的情况下，如果不主动说有的司机师傅会默认是小费
-打到的车都无异味此处大大好评，女司机的车还有淡淡的香味，❤️了
🙃缺点：
-不便宜，但是新人有比较多优惠券稍微缓冲了一下贵价，最远的一单9.1公里 353泰铢

🏍️租摩托车
⭐️优点:
-方便&自由（I guess）
-岛上租车店很多比较便利

🙃缺点：
-岛上最宽也只是双车道并且车辆并不少，感觉比较危险，还是推荐打车（除了度假酒店和饭店之外，岛上环境比较原生态，所以冒昧推测岛上的医疗条件应该不会太好，安全第一！）

🏨来到了重头戏酒店（爱住酒店人，旅游时最看重的部分）
Zazen Boutique & Resort 部分海景套房
⭐️优点：
-酒店环境总体不错（见图5-7），餐厅更是小红书网红打卡点（浪费了三天早餐已自闭）
- 泳池比较干净
- 房间软装不错而且细节很贴心（如提供了藤编托特包供居住期间使用）
- 客房服务不错，问题也有及时解决（花洒第二天水流突然变小，快速修理好了）

💪🏻有待改进：
- 沙滩比较一般（是图9拍照时跟朋友吐槽“不知道的以为我去了惠州”的程度；但这好像也无法改进）
- 房间部分硬件设施老旧：吹风筒的电线都露出来了，忘记拍照，当时懒得换了

👀因人而异：
- 部分海景套房应该是有4套，海景程度不同，当时分到的是离海滩最远的的，海景可谓是一线天，应该可以在入住时争取一下，当时也懒得换了（懒人double kill）
- 住客以白人为主
- spa没体验无法评价
- 退房时间是11点不是12点且无法延迟退房
#苏梅岛攻略[话题]# #旅游攻略[话题]# #苏梅岛[话题]# #泰国[话题]# #度假[话题]#

「4」
标题：苏梅岛机场到酒店交通
正文：先说结论
只能坐机场“官方”的出租车！
因为据说机场入岛交通被垄断了
所以Grab进不来
除非出了机场走一段才能叫到Grab
所以如果在机场内叫车
就只能到这种绿色的服务台订出租车
收费看服务台背景图：
整个岛分为1～5个Zone
价目表横行对应不同Zone的收费
纵行对应不同的车型
所以虽然我去查汶海滩酒店只有4km依然收了我一个人400🐷大洋[哭惹R]
没办法谁让我是大冤种[失望R][失望R][失望R]
#小红书春日特派员[话题]##贴上就是桂花味[话题]# #苏梅岛[话题]# #泰国旅行[话题]# #苏梅岛旅行[话题]# #苏梅岛交通[话题]# #苏梅岛自驾[话题]#

「5」
标题：苏梅岛阿尔法包车👍陆地头等舱埃尔法体验
正文：在苏梅岛实现阿尔法自由是一种怎样的体验？
每天睡到自然醒，专职司机将会随时待命。无论工作还是游玩，晚上不管多晚，专职司机都会安全送您回家。进出商场，酒店，等顶级场所都会享受到专属于你的礼宾服务。安全，私密，豪华，埃尔法为你的出行保驾护航。
-
🌟🌟🌟特色🌟🌟🌟
👔可商务接待
🎊可接家庭/公司团队
📅可日租/周租/月租
💁中文/英文客服
✈苏梅岛机场/曼谷机场/普吉岛机场/甲米机场/素叻机场接机/送机服务
🇹🇭泰国境内热门地区皆可
🍣预约餐厅服务
-
👔👔专业司机团队👔👔
💬简单中文/英语/泰语司机可选
🖊️司机团队经过专业服务培训，尽情享受尊贵旅途
-
🚘🚘🚘车辆详情🚘🚘🚘
🚙丰田阿尔法｜全新2023款 Alphard埃尔法 六座
-
💁💁💁服务保障💁💁💁
🏅️泰国注册公司运营，安全有保障
🏅️合法资质出租埃尔法
🏅️专属服务群
🏅️中文客服实时对接，无障碍沟通
-
📢📢其他专业服务📢📢
✅私人旅行向导（持证导游）🏝️；
✅游艇🚢；
✅带关服务👮；
✅餐厅预定 Spa预定
-
🚴🚴🚴可推荐和定制独家路线🚴🚴🚴
1.帕雅寺（大佛寺Big Budda）→
2.千手观音庙(Wat Plai Laem)→→
3.小查文 观景台（Chaweng Noi View Point）→
4.阿公阿母石(Grandma stone)→
5.关公庙 (GuanwuTemple)→
5.纳芒瀑布 （Namang Waterfall）→
6.下午茶 二选一或二选二 →
Cocotam网红沙滩酒吧/ Jungle Club打卡
Jungle Club 山顶海景 自费下午茶 （需要付费200泰铢 请专门的车下山来接）
-
🚗苏梅岛阿尔法埃尔法包车 | 阿尔法埃尔法日租 | 埃尔法阿尔法月租 |
-
详情留言或私💙
-
🎧tag:  #苏梅岛旅行[话题]#  #泰国旅行[话题]#  #笔记灵感[话题]#   #旅游老兵攻略[话题]#  @生活薯  @走走薯",小红书名称候选；名称证据不是游客热度，尚未核验Place ID、坐标、地址、营业状态或评分
素叻他尼府,交通服务,通洋码头,码头与渡轮,Thong Yang Pier,苏梅岛,码头换乘/乘船出海,0,本轮定向补采新增,https://www.xiaohongshu.com/explore/675ab0440000000002014651?xsec_token_redacted=1&xsec_source=pc_dots,"「1*混合贴」
标题：苏梅岛的自由行为什么这么方便⁉️
正文：—通洋码头(Thong Yang)：旺季时有船来往素叻。",小红书名称候选；名称证据不是游客热度，尚未核验Place ID、坐标、地址、营业状态或评分
素叻他尼府,交通服务,Donsak 码头,码头与渡轮,Donsak Pier,素叻他尼市区；素叻他尼大陆,码头换乘/乘船出海,0,本轮定向补采新增,"https://www.xiaohongshu.com/explore/65f5b531000000000d00d608?xsec_token_redacted=1&xsec_source=pc_dots
https://www.xiaohongshu.com/explore/67971fa3000000001801bc51?xsec_token_redacted=1&xsec_source=pc_dots
https://www.xiaohongshu.com/explore/6a7fe3d80000000022017d8f?xsec_token_redacted=1&xsec_source=pc_dots
https://www.xiaohongshu.com/explore/69ae29cb000000002602f07d?xsec_token_redacted=1&xsec_source=pc_dots
https://www.xiaohongshu.com/explore/675ab0440000000002014651?xsec_token_redacted=1&xsec_source=pc_dots","「1*混合贴」
标题：车船联运160元从苏梅到曼谷
正文：2，大巴下午3:30准时从车站发车，4点10分左右就到ferry码头，下车上渡轮，到岸后再上车。渡轮很大很稳，船上甚至有小卖部卖各种零食方便食品。人不多，很多空位。沙发座也很舒服。海上风景优美。5:30左右抵达素叻他尼这边的donsak码头，大巴继续出发，7:30左右停车吃晚饭。是包含在票价里的，有米饭，菜品十选二，有鸡肉牛肉猪肉还不错，煎蛋可选是自费10b。然后就是一路昏睡，大巴座位可倾斜大概40度，和飞机座差不多，睡着没觉得很不舒服。车上空调足，有发毯子，但建议自己穿一件长袖外套。早上5:30左右倒数一个车站，可下车上厕所，是收费的，注意准备零钱。6点左右到终点站。挨着恰图恰周末市场。
3，到站后顺着站内exit指示牌走，出来是公交站和出租车站，穿过出租车往对面走30米就是shuttle班车站可去往市内各处。到廊曼机场有直达shuttle，到素万那普机场须转车，有免费bts班车到mochit转地铁，或者到Phaya Thai转机场线。车站bts班车到mochit约20分钟，到Phaya Thai大概半小时（包含等车）。机场线全程约半小时。Phaya Thai是个大站，有各种早餐店可选。我买了两块烘焙面包60b吧，机场吃的就贵很多了。

「2」
标题：开车去苏梅岛Samui，海岛自驾太自由了……
正文：条条大路通罗马，习惯了自驾去旅游的人，有一种只要我有个方向盘，就能去到任何地方的自信，没想到，这次真的开到海岛上了。

苏梅岛是泰国中部的一个离岛，附近还有帕岸岛，潜水胜地涛岛。苏梅岛环岛有60多公里，美丽的海岸线、沙滩有很多，景点也比较分散，自驾探索，走走停停，更能体验到探险的乐趣。

上苏梅岛，可以飞机直达，也可以在靠近苏梅岛的泰国素叻府坐轮渡，汽车和摩托车上轮渡也很便捷：

1、素叻府（Don Sak东萨克）去苏梅岛的轮渡有2家，一家是Seatran Ferry,一家是Raja Ferry，前一家据说比较新，我们提前1个多小时看，已经没有当天的票了，还好后一家还有最后一班，当晚7点的票，所以提前买好票，比较稳妥。两家轮渡都可以买车或者买人的票。

2、怎么买票：可以直接在谷歌地图上搜索，我的经验是，在谷歌地图扒拉到离苏梅岛最近的素叻府，可以看到有从这里出发到苏梅岛的虚线轮渡航线，再点进去具体的轮渡码头，跳转到轮渡公司网页，直接购买船票，信用卡付款，等邮箱的确认单，就可以了，可以买好来回的票，避免后面要买回程的票时没有票了。

3、从Raja Ferry Don Sak 码头到苏梅岛，要提早到码头换实体票和排队等船哦，我们提早3个半小时到，以为要等很久，但幸运地，刚好有船到了，当即上船出发。航程1个半小时，全程都有网络，可以坐坐、拍拍，看看海。

4、我们下午3点多出发，上岛后跟着大部队的车流往北开，一个大转弯，就遇上了海岛的鸡蛋黄落日，开阔的海滩、看落日的人群，奔跑的狗狗队，一下子就被美景和别人的快乐感染了。

Ps：苏梅岛海岛海岸线很长，随处可见的海滩咖啡店，北边是热闹区域，东北角有千佛寺、花园机场，中部有丛林探险运动项目，可以玩的地方有很多，建议：

1、无论是从曼谷还是从马来西亚自驾来，开了这么久的车，可以在岛上多玩几天，用躺平式的、探险式的方式，4、5天才够用。

2、价格适中，又能看到美丽海景的酒店，其实很多，撇开旅游平台软件，多在谷歌地图上多扒拉几下找找，会有惊喜的发现。

#苏梅岛[话题]# #苏梅岛自驾[话题]# #苏梅岛酒店[话题]# #开车去海边[话题]# #治愈系海岛生活[话题]# #开好开的车去好看的地方[话题]#

「3」
标题：苏梅岛｜差点离不开苏梅岛😅
正文：这次车船体验值得唠一唠，记录一下。

自由行进入苏梅岛有2种交通方式：
1.飞机直接抵达苏梅岛机场。(Samui Airport)
2.车+船上岸苏梅岛那通码头。( Koh Samui: Nathon Pier)

我住在湄南海滩(Mae Nam Beach)附近，到那通码头Grab打车25分钟(518泰铢)；taxi(图9)起步价300泰铢，较多司机不打表，报地点再给报价；双条车(สองแถว, Songtaew)，在岛上没坐过，价格不清楚。【岛上物价都会偏高，毕竟都需要用船运上岛[笑哭R]】

今天，我主要说一下，车船离开苏梅岛的经历。

原计划购买了下午3:45分从万伦 (URT: Surat Thani Airport) 机场到曼谷 (BKK)的航班，9:00从那通坐船出发(图4车船时刻表)。谁成想，实际的车船时刻表与万伦机场看的不一样(图5)，苏梅岛一天只有5趟船去往敦沙码头(Donsak Pier)，当听到工作人员说：ไม่มีเรือ 9 โมง รีบไปที่ช่องจำหน่ายตั๋ว ถามน้อยค่ะ(没有9点的船，快到售票处问问)。然后，又发现自己走错了售票点，马上跑到另外一边去买票(图10)，还好赶上了10点的船(9:35分上传，9:47分就离岸了[捂脸R])。

11:30抵达敦沙码头，跟着指示走(图12)到B2站台坐大巴(图11)去万伦机票(约2小时)。【票上都有二维码，记得要保管好！以免损坏无法检票[笑哭R]】

所以，坐车船方式的话，一定要预留好时间。

PS: 票价：车+船票650泰铢/人。

#我的色彩之旅[话题]# #苏梅岛[话题]# #苏梅岛旅行[话题]# #苏梅岛自由行[话题]# #苏梅岛交通攻略[话题]#

「4*混合贴」
标题：自驾来苏梅岛的朋友们请注意‼️攻略篇 ～
正文：苏梅岛到素叻府通塞码头（Donsak Pier） 可以车渡的只有Seatran Ferry和Raja这两家船公司
·

「5*混合贴」
标题：苏梅岛的自由行为什么这么方便⁉️
正文：—Seatran公司：快艇2小时，每天二班开往素叻的Don Sak码头，
晚上9点还有一般慢船(6小时)，开往素叻的Ban Don码头。",小红书名称候选；名称证据不是游客热度，尚未核验Place ID、坐标、地址、营业状态或评分
素叻他尼府,交通服务,G-bike rental,租车与自驾服务,G-bike rental,查汶海滩附近,租车/自驾出行,0,本轮定向补采新增,https://www.xiaohongshu.com/explore/6a5343e70000000017008055?xsec_token_redacted=1&xsec_source=pc_dots,"「1」
标题：苏梅岛🏝️租车🏍️
正文：在苏梅岛一定要去租一辆小摩托巨方便！（40rmb左右1天）
第一天刚到别墅也没做攻略问的房东有没有摩托车可以租，她说她可以帮我们去问问直接把摩托送上来一问价格2辆摩托3天要我们1900rmb 果断拒绝❌
上网搜了附近租车的小店打个车就去了📍G-bike rental
老板是个爷爷200🐷1辆1天 ，不需要摩托车驾照也不需要押金，直接给他自己的护照他复印一下留个底签个字写下自己的酒店地址就好了，几点租的就第二天几点去还我们先付了一天的钱留了联系方式后面几天还想租跟他说一声就好 等还车的时候再结算费用。中间如果没油了路边有很多加油的车加满油折rmb也就20💰左右。相比打车真的太方便又划算了。最后我们是租了四整天其实最后一天去还车的时候已经晚上很晚了我以为会算我们5天但是老板还是只算了4天的价！！真的很不错！#出车就是那么简单[话题]# #泰国租车[话题]# #苏梅岛[话题]# #苏梅岛租车[话题]# #适合旅游的车[话题]# #泰国[话题]# #🇹🇭[话题]# #苏梅岛度假[话题]#",小红书名称候选；名称证据不是游客热度，尚未核验Place ID、坐标、地址、营业状态或评分
素叻他尼府,交通服务,Hertz 租车公司,租车与自驾服务,Hertz,苏梅岛机场,租车/自驾出行,0,本轮定向补采新增,https://www.xiaohongshu.com/explore/661c1c94000000001a016cb8?xsec_token_redacted=1&xsec_source=pc_dots,"「1」
标题：来苏梅岛无论如何也要体验的环岛自驾游🚗
正文：别再只知道打卡夜市了，苏梅岛还有更多值得探索的美！

4️⃣月份和媳妇在苏梅岛的自由行，我们以自驾的方式开启，刚去第1️⃣天算是适应和了解当地，苏梅岛是为数不多的既有山海美景、又有local生活烟火气、还有丰富游玩活动的海岛，所以自驾开启深度体验！

关于🚗租车👉提前在Hertz官网租了一辆丰田，五天大概六千多泰铢，机场提车（需要1护照、2中国驾驶证、3信用卡）
PS❗️：泰国是【右舵】，稍微适应即可

关于🚥自驾路线👉岛上就只有一条环岛主路，如果中间不停车，绕一圈只需要两个小时左右，建议环岛自驾分成东线和西线两部分，我们就是2天。一是因为中间确实要走走停停，另一个是因为我们两个想悠闲一点，不想全天暴晒，每一部分开半天即可。

东线🚦我把它称为Sunrise Trip。从酒店（金普敦）➡️岛最南端的Thong Krup。途径热门打卡点➕几个建在半山腰的餐厅➕观景点和餐厅，😍开阔的视线眼里拥有了整个东海岸的景色，品海风喝Thai Tea整个人都慢了下来。
PS➡️建议喜欢行程紧凑一点的小伙伴，从早上出发，中午开到Thong Krup码头，报一个去猪岛的出海半日游，晚上开车回来的时候还可以路过查文夜市觅食（会在后面的美食篇介绍）。

西线🚦我把它称为Sunset Trip。从酒店出发➡️Lipa Noi海滩附近结束。路线途径超多小众景色。我们非常喜欢，人也少，景好的感觉。日落那一刹那仿佛掉进了橙汁中，而且那时候水深只到小腿或者脚踝的浅滩，可以自己去试试赶海，但要注意安全，小心涨潮。
PS➡️建议这段自驾游在中午或者下午出发，去完Lipa Noi海滩之后，原路返回，经过一段沿海公路，然后在Nathon Pier北边一点的海边找一家餐厅，看着落日夕阳享受晚餐（最好在落日时间的前半小时进餐厅）。

#旅行[话题]# #海岛游[话题]# #自然风光分享[话题]# #自驾游[话题]# #苏梅岛[话题]# #泰国[话题]# #自由行[话题]# #摄影[话题]#",小红书名称候选；名称证据不是游客热度，尚未核验Place ID、坐标、地址、营业状态或评分
素叻他尼府,交通服务,Koh Samui Bus Terminal,汽车与巴士站,苏梅岛巴士站,Nathon Pier 附近,城际交通/到达离开,0,本轮定向补采新增,https://www.xiaohongshu.com/explore/65f5b531000000000d00d608?xsec_token_redacted=1&xsec_source=pc_dots,"「1*混合贴」
标题：车船联运160元从苏梅到曼谷
正文：1，在苏梅岛Koh Samui bus terminal提前买车船联运票。车站离Nathon Pier码头大概3公里多，很不起眼的建筑。票价大巴619b，ferry渡轮170b，一共789b。再无其他费用。出发当天提前半小时到，买票窗口换ferry渡轮船票。订票时就可以巴士选座，类似电影院选座，神奇的体验。我买的普通bus票，如果VIP bus记得贵300+b，差别就是VIP车里一排三座，普通一排四座。
2，大巴下午3:30准时从车站发车，4点10分左右就到ferry码头，下车上渡轮，到岸后再上车。渡轮很大很稳，船上甚至有小卖部卖各种零食方便食品。人不多，很多空位。沙发座也很舒服。海上风景优美。5:30左右抵达素叻他尼这边的donsak码头，大巴继续出发，7:30左右停车吃晚饭。是包含在票价里的，有米饭，菜品十选二，有鸡肉牛肉猪肉还不错，煎蛋可选是自费10b。然后就是一路昏睡，大巴座位可倾斜大概40度，和飞机座差不多，睡着没觉得很不舒服。车上空调足，有发毯子，但建议自己穿一件长袖外套。早上5:30左右倒数一个车站，可下车上厕所，是收费的，注意准备零钱。6点左右到终点站。挨着恰图恰周末市场。
3，到站后顺着站内exit指示牌走，出来是公交站和出租车站，穿过出租车往对面走30米就是shuttle班车站可去往市内各处。到廊曼机场有直达shuttle，到素万那普机场须转车，有免费bts班车到mochit转地铁，或者到Phaya Thai转机场线。车站bts班车到mochit约20分钟，到Phaya Thai大概半小时（包含等车）。机场线全程约半小时。Phaya Thai是个大站，有各种早餐店可选。我买了两块烘焙面包60b吧，机场吃的就贵很多了。",小红书名称候选；名称证据不是游客热度，尚未核验Place ID、坐标、地址、营业状态或评分
素叻他尼府,交通服务,Lomprayah 公司,交通节点与游船服务,Lomprayah Office,Nathon Pier,到达/换乘/码头/出海,0,本轮定向补采新增,"https://www.xiaohongshu.com/explore/68456362000000002300325c?xsec_token_redacted=1&xsec_source=pc_dots
https://www.xiaohongshu.com/explore/68b3e957000000001c034e06?xsec_token_redacted=1&xsec_source=pc_dots","「1*混合贴」
标题：苏梅岛👉甲米。车船联运最新攻略出炉～
正文：甲米到达地点：Krabi Lomprayah Office
1️⃣为了能确保买到票，时间充裕可提前一天到纳通码头买票（图二，1100🐷）（第二天换票发现从苏梅岛去甲米的人不多哈哈）。

「2」
标题：苏梅岛-曼谷
正文：高性价比路线（船👉车👉机，比直飞便宜一半以上，不着急行程的优选）

素叻他尼府有两个机场，一个是位于大陆上的素叻他尼机场（也叫万伦），另一个是位于岛上的苏梅机场

来苏梅岛的时候坐的飞机，除了贵没毛病，苏梅岛的机场也很漂亮。返程不着急就选了从那通码头（Nathon Pier）车船联运，素叻他尼府飞回去，车船票195，机票300-500左右 ✈️

我买的8:30的船票，和14:20素叻他尼机场的飞机（其实13:30的也来得及，同班联运很多都是13:30）

整体很丝滑，携程合作的是Lomprayah公司，服务不错[派对R]",小红书名称候选；名称证据不是游客热度，尚未核验Place ID、坐标、地址、营业状态或评分
素叻他尼府,交通服务,Samui PIJIT Motorbike and Car Rental,租车与自驾服务,Samui PIJIT,Nathon Pier 附近,租车/自驾出行,0,本轮定向补采新增,https://www.xiaohongshu.com/explore/676cd607000000000902f151?xsec_token_redacted=1&xsec_source=pc_dots,"「1」
标题：🇹🇭Day 3 苏梅岛
正文：[种草R]停靠时间 7:30am - 5:00pm
早上7:30就到达了，靠图4/5的救生艇和当地游艇来回接送。下午五点最后一班船回邮轮。

[种草R]码头地址
Ko Samui, Thailand
Nathon Pier, T. Angtong, Koh Samui, Surathani Thailand

[种草R]邮轮到码头靠摆渡船

耗时半小时左右，虽然风平浪静，但颠簸得还是满厉害，容易晕船的可以选择船正中心的位置。

[种草R] 环岛包车

码头出口处超多招揽生意的，手里都拿着苏梅岛地图🗺️，能说中文的会直接中文招揽。问了两家环岛包车价格5000泰铢（9-4点），直接让价到4000泰铢我没接受。他们还有张表有美金和欧元的价格，可以直接收外币。

离码头几十米远的一家租车行 Samui PIJIT Motorbike and Car Rental，问了租一辆小型汽车一天的价格1000泰铢，因为感觉苏梅岛交通状况也不是很好，选择了带司机。选了图2里的5个景点，开价2700泰铢，2500泰铢成交。是老板娘还在读大学的女儿Tannie开车带我们逆时针绕岛一周，从出发到回到码头差不多4个小时吧（我家基本就是拍风景，也没有在岛上用餐，所以速度比较快）。

我妈点评码头上招揽生意的都是中年油腻大叔们，完全不敢坐他们的车，还是这个泰国小姑娘干干净净，说话温温柔柔，坐她的车还安心点儿。[笑哭R]

[种草R]环岛景点

因为带着父母，所以各种需要体力的户外运动都没有选择。主打下车打卡观光，拍照📷。

选择了五个景点：瀑布 （图7/8）- 关公庙（图9/10）- 阿公阿母石（图11/12） - 千手观音（图13-16） - 大佛寺 （图17/18）

🆓上面所有景点都不需要门票🎫

瀑布入口处有几头大象，旁边有卖大象食物的摊贩，我看大家都是和大象🐘拍照打卡一下就离开了。感兴趣的可以在这里和大象有更多的互动，钱到位就行。[笑哭R]

[种草R]总结
苏梅岛绕岛一周感觉景点基本都是人造寺庙，海滩也感觉一般（可能澳洲的海滩看多了）。半日游苏梅岛的感觉就是酒店外的景点和海滩普遍一般，估计是个适合泡各种度假酒店的岛。

#苏梅岛[话题]# #泰国[话题]# #旅游[话题]# #大象[话题]# #阿公阿母石[话题]# #关公庙[话题]# #千手观音[话题]# #大佛寺[话题]# #邮轮[话题]# #名人号[话题]#",小红书名称候选；名称证据不是游客热度，尚未核验Place ID、坐标、地址、营业状态或评分
素叻他尼府,交通服务,Seatran Coach Bus Terminal,汽车与巴士站,Seatran 大巴站,素叻他尼镇,城际交通/到达离开,0,本轮定向补采新增,https://www.xiaohongshu.com/explore/69368822000000001e034df8?xsec_token_redacted=1&xsec_source=pc_dots,"「1*混合贴」
标题：2025.12素叻他尼镇车船联运至苏梅岛
正文：图1定位Seatran Coach Bus Terminal购买车船票，310泰铢，价格以及时刻表见图2/3，大巴1小时抵达Donsak Seatran码头，然后乘坐轮渡1.5小时抵达苏梅岛码头Nathon Pier 3，到达苏梅岛后前往查汶海滩或者拉迈海海滩有拼车或者三蹦子150泰铢/位…
返程如果住在查汶海滩尚泰附近，尚泰对面有前往码头的车站图4，当地人收80株，游客150泰铢（懒得和司机讨价还价，相比打车700泰铢尚可接受），到达Nathon Pier 3码头后购买船票170泰铢/位，船程1.5小时到达Donsak Seatran码头，下船顺着人流看到牌子图5，左边过马路是卫生间，右手拐进去是大巴车窗口图6，有前往素叻他尼镇上和素叻他尼机场的大巴，购票后有工作人员引导上车…
希望各位玩的开心！",小红书名称候选；名称证据不是游客热度，尚未核验Place ID、坐标、地址、营业状态或评分
夜丰颂府,交通服务,拜县车站,汽车与巴士站,Pai Bus Station,拜县县城,城际交通/到达离开,0,本轮定向补采新增,https://www.xiaohongshu.com/explore/69cce7d7000000001a024c21?xsec_token_redacted=1&xsec_source=pc_dots,"「1*混合贴」
标题：清迈去拜县 手把手教你买票&坐车🚌
正文：🚗拜县上车点：Pai Bus Station
拜县的车站比较小，其实就是在哪里下车，就从哪里上车回去

⚠️路程大概3个多小时，其中有3分之二都是在过急弯，比坐船还晃！！如果是特别晕车的人一定要加价选副驾驶，当时回程晕的不行想坐副驾驶，但是司机不让[可怜R]",小红书名称候选；名称证据不是游客热度，尚未核验Place ID、坐标、地址、营业状态或评分
夜丰颂府,交通服务,牛洞寺接待处,交通节点与游船服务,,拜县与夜丰颂之间,禅修交通,1,20260901二三线目的地缺口续采,https://www.xiaohongshu.com/explore/694ad023000000001e024079?xsec_token_redacted=1&xsec_source=pc_dots,"「1*混合贴」
标题：泰国牛洞寺禅修最全攻略～旅拍
正文：9点过后到拜县汽车站，在拜县车站门口外的长条椅，等待直达牛洞寺的黄色松条车。10：30有一班车来，11：00发车，票价120🐷。建议10：15左右到车站等车，10：30左右车来了赶紧上车占座位，要是等到11：00，基本没有座位，只有坐地上。松条车有风进来不咋晕车，1.5小时左右直接开到牛洞寺接待处，非常推荐坐拜县黄色松条车。
TIPS，到拜县后离牛洞寺班车还有1.5小时，怎么打发时间呢？我是原地等。因为去拜县山路让我几乎吐，没有力气逛街，歇好久才缓过来，吃了自己带的干粮（还好没吃早饭，否则肯定吐车上）。还有体力的小伙伴可以拜县汽车站附近逛逛，附近有711超市。",名称在本题引用小红书正文中直接命中；该计数用于名称证据审核，不代表全网提及量或游客热度
夜丰颂府,交通服务,清迈长途汽车站(Chiang Mai Arcade2),汽车与巴士站,,清迈,城际交通/到达离开,1,20260901二三线目的地缺口续采,https://www.xiaohongshu.com/explore/5fab74f3000000000101d9f9?xsec_token_redacted=1&xsec_source=pc_dots,"「1*混合贴」
标题：泰国旅行攻略14 | 拐760弯去住拜县这家酒店
正文：2️⃣长途汽车：与Aya公司的迷你巴士不同，长途汽车的乘客除了外来旅行者，还有本地居民。清迈长途汽车站每天都有多趟汽车去往拜县，车程约4小时，单程票价为80泰铢。",名称在本题引用小红书正文中直接命中；该计数用于名称证据审核，不代表全网提及量或游客热度
